Tau,dtime,msd_xx,msd_xy,msd_xz,msd_yy,msd_yz,msd_zz,pred_msd_xx,pred_msd_yy,pred_msd_zz,xx_error,yy_error,zz_error
1.0,0.01,0.003764715147442338,0.0001253952674932981,7.886986391740809e-05,0.0039038496424423164,-4.418966792107975e-05,0.003106928133050978,-0.5939629903237721,-0.5352769858264768,0.6389303705252797,0.5977277054712145,0.539180835468919,-0.6358234423922287
2.0,0.02,0.010126359367127184,0.0002784538983392518,0.00016389487897436257,0.010395275873423121,-4.9480817212010025e-05,0.008798723938702088,-0.5727932725074902,-0.5142497028551262,0.6436384470542016,0.5829196318746174,0.5246449787285493,-0.6348397231154995
3.0,0.03,0.018157046466614948,0.00042648396855780337,0.000258992226382855,0.018676133711955686,-0.00011247493173450934,0.016249807108637083,-0.5516235546912085,-0.49322241988377563,0.6483465235831235,0.5697806011578235,0.5118985535957313,-0.6320967164744864
4.0,0.04,0.027100806557252378,0.000629216760866257,0.00037868204351826915,0.027729112945835736,-5.56991042756431e-05,0.0245342580762345,-0.5304538368749268,-0.47219513691242504,0.6530546001120454,0.5575546434321791,0.4999242498582608,-0.6285203420358109
5.0,0.05,0.0364337650758237,0.0008356462413158867,0.0005356492660069228,0.03709899882997701,-1.6849622497683735e-05,0.033332624508512376,-0.5092841190586449,-0.4511678539410745,0.6577626766409672,0.5457178841344686,0.48826685277105153,-0.6244300521324548
6.0,0.06,0.04591900396282852,0.001091318094465883,0.0005960202622860675,0.047051837141663874,-0.00011896884390232093,0.042339820346240335,-0.48811440124236316,-0.4301405709697239,0.6624707531698891,0.5340334052051917,0.4771924081113878,-0.6201309328236488
7.0,0.07,0.055848272340844884,0.001378789435152298,0.0006883462012615935,0.05741582746781351,0.0001272091889163616,0.05156229107628241,-0.4669446834260813,-0.4091132879983733,0.667178829698811,0.5227929557669262,0.4665291154661868,-0.6156165386225286
8.0,0.08,0.06569235378381193,0.0013270168899510105,0.0010072519381081294,0.06736520990220106,0.00021255289018691427,0.06099592209657227,-0.44577496560979957,-0.38808600502702273,0.671886906227733,0.5114673193936115,0.4554512149292238,-0.6108909841311607
9.0,0.09,0.07633502832075217,0.002082258116808379,0.001148869199109851,0.07830884728572704,0.0005201470548297582,0.07139229078687424,-0.4246052477935178,-0.3670587220556722,0.6765949827566549,0.5009402761142701,0.4453675693413992,-0.6052026919697806
10.0,0.1,0.08732232407323731,0.0019023666965354254,0.0015232040877869982,0.08947230432916907,0.000197024967473415,0.08172242995973525,-0.403435529977236,-0.3460314390843216,0.6813030592855768,0.4907578540504733,0.4355037434134907,-0.5995806293258416
11.0,0.11,0.09919411091531923,0.00261118394453911,0.0009933873180179161,0.10166966714473614,0.0003442149769117435,0.09277168621795251,-0.38226581216095423,-0.32500415611297107,0.6860111358144987,0.48145992307627344,0.4266738232577072,-0.5932394495965462
12.0,0.12,0.11138734096872788,0.0024913334549653285,0.001443221047216097,0.11373563636920599,0.00010891831203404361,0.10529916346064246,-0.3610960943446725,-0.3039768731416205,0.6907192123434206,0.47248343531340037,0.41771250951082645,-0.5854200488827781
13.0,0.13,0.12472254160876947,0.0034132215032858524,0.0015132116856563472,0.12702176281764935,0.0005179338566470047,0.11658521788103071,-0.33992637652839064,-0.2829495901702699,0.6954272888723425,0.46464891813716014,0.4099713529879192,-0.5788420709913118
14.0,0.14,0.13737142778725864,0.0030679644030833096,0.0018504726167865547,0.1413058120546841,0.0014371660394656963,0.1295843507137112,-0.31875665871210884,-0.2619223071989193,0.7001353654012644,0.4561280864993675,0.40322811925360336,-0.5705510146875532
15.0,0.15,0.14981968935004059,0.0030816869057925037,0.001964540421975376,0.15398575465925696,0.0002648178878621801,0.14204902353412965,-0.2975869408958271,-0.24089502422756875,0.7048434419301863,0.4474066302458677,0.3948807788868257,-0.5627944183960567
16.0,0.16,0.16234104658148144,0.0036236107898661328,0.0019837974180780095,0.1673841397161432,0.0014305249678575034,0.15547463709804232,-0.2764172230795453,-0.21986774125621816,0.7095515184591081,0.4387582696610267,0.38725188097236135,-0.5540768813610658
17.0,0.17,0.17718693076879619,0.004354844882551016,0.0010904197213132106,0.18099346354861567,0.0007698976490595866,0.16726351446310245,-0.2552475052632635,-0.19884045828486757,0.71425959498803,0.43243443603205967,0.37983392183348325,-0.5469960805249277
18.0,0.18,0.18926995198726593,0.004614205543369139,0.002895152285140669,0.19384241580275446,0.0012545771478349721,0.17972454789223613,-0.23407778744698177,-0.17781317531351704,0.718967671516952,0.4233477394342477,0.3716555911162715,-0.5392431236247158
19.0,0.19,0.20295504915164525,0.004121672717050484,0.0024243979685970537,0.2081291000571601,0.001210832742058212,0.1930184388554987,-0.21290806963069997,-0.15678589234216644,0.7236757480458739,0.4158631187823452,0.36491499239932657,-0.5306573091903752
20.0,0.2,0.21651115380906177,0.005221228898099588,0.003113659843676344,0.22098728075469443,0.0009318214423098739,0.2045445093607296,-0.19173835181441817,-0.13575860937081585,0.7283838245747958,0.40824950562347995,0.3567458901255103,-0.5238393152140661
21.0,0.21,0.2298628737364667,0.0057033094654188165,0.00338436324499702,0.2347748195347071,0.00245079437915111,0.21864413191204346,-0.17056863399813643,-0.11473132639946532,0.7330919011037177,0.4004315077346031,0.3495061459341724,-0.5144477691916742
22.0,0.22,0.24468880336884105,0.006659474380341806,0.003135039657842072,0.2492323394591075,0.00224611294011003,0.23175600274021915,-0.14939891618185464,-0.09370404342811472,0.7377999776326396,0.39408771955069566,0.3429363828872222,-0.5060439748924205
23.0,0.23,0.25664614670554664,0.005244070506478473,0.003954530766608428,0.2641933494187113,0.0005026258898363498,0.24536946105757843,-0.12822919836557284,-0.07267676045676413,0.7425080541615615,0.3848753450711195,0.33687010987547544,-0.4971385931039831
24.0,0.24,0.272437694715903,0.0037951429662208902,0.0015069710957844114,0.277107955228713,0.002209496492181402,0.2598933643870262,-0.10705948054929115,-0.0516494774854136,0.7472161306904834,0.37949717526519416,0.3287574327141266,-0.4873227663034572
25.0,0.25,0.2859060509617751,0.004987566320079413,0.003592575559268759,0.292205720331809,0.0036862136337274527,0.2728032974613403,-0.0858897627330093,-0.030622194514063006,0.7519242072194052,0.3717958136947844,0.32282791484587203,-0.47912090975806493
26.0,0.26,0.29695672652906374,0.007725667366540272,0.0028286555251756775,0.3073837069213408,0.002391764612483142,0.28380521237929845,-0.06472004491672745,-0.009594911542712414,0.7566322837483273,0.3616767714457912,0.31697861846405323,-0.4728270713690288
27.0,0.27,0.30738299009078884,0.007297830889066463,0.0010262192265421742,0.31972107904893715,-0.0007922042873055419,0.29784511186279117,-0.04355032710044571,0.011432371428638177,0.761340360277249,0.35093331719123455,0.308288707620299,-0.4634952484144579
28.0,0.28,0.32887985589755053,0.008376256597623328,0.0005678595587327548,0.33579048641031606,0.0033539914736095775,0.30902663088718996,-0.022380609284163855,0.03245965439998877,0.766048436806171,0.3512604651817144,0.3033308320103273,-0.457021805918981
29.0,0.29,0.33940388943951605,0.004813808816050127,0.0016399725942737443,0.35057549324827664,0.0019523023030830957,0.32313318523067514,-0.0012108914678822247,0.05348693737133925,0.7707565133350929,0.3406147809073983,0.2970885558769374,-0.44762332810441774
30.0,0.3,0.3538603839967367,0.009868120639941212,0.005539728899445268,0.3701047453995104,-0.0019938247847424,0.33396789611252137,0.019958826348399628,0.07451422034268984,0.7754645898640148,0.33390155764833707,0.29559052505682054,-0.4414966937514934
31.0,0.31,0.37132520933015273,0.007652733922653128,0.0015760000501199075,0.3800073734666226,0.0003911425993995405,0.34551300054912276,0.04112854416468137,0.09554150331404043,0.7801726663929367,0.33019666516547136,0.2844658701525822,-0.43465966584381394
32.0,0.32,0.37639069303815453,0.009697247736730356,0.001410488630836208,0.3887954364943966,0.0008323558682948878,0.3577882697429152,0.06229826198096322,0.11656878628539102,0.7848807429218586,0.3140924310571913,0.27222665020900555,-0.4270924731789434
33.0,0.33,0.39559094758291363,0.01513106282629578,0.0023861565823275815,0.40748945561240457,0.0017690136690116725,0.3726725820586055,0.08346797979724496,0.13759606925674162,0.7895888194507805,0.31212296778566867,0.26989338635566296,-0.41691623739217504
34.0,0.34,0.40599248251627146,0.011725254242774664,0.003306475381804263,0.42073688507097207,0.0006601317531516861,0.39008752174713063,0.10463769761352681,0.1586233522280922,0.7942968959797024,0.30135478490274464,0.26211353284287986,-0.4042093742325718
35.0,0.35,0.4262651712377384,0.01320596711861518,0.0025714885590098855,0.43556502829969335,-0.0001782372339456615,0.3996070142226293,0.12580741542980844,0.1796506351994427,0.7990049725086243,0.30045775580792994,0.25591439310025066,-0.39939795828599506
36.0,0.36,0.4360847342862192,0.010883500805416403,0.001636770460458145,0.44432117879048666,0.0021955740112882855,0.4076160237043034,0.1469771332460903,0.20067791817079328,0.8037130490375461,0.2891076010401289,0.24364326061969338,-0.39609702533324276
37.0,0.37,0.45078206576514146,0.013876632309795972,0.0033880915217770102,0.46756592028083477,0.0025964875343151834,0.422697212169583,0.16814685106237204,0.22170520114214387,0.8084211255664681,0.2826352147027694,0.2458607191386909,-0.38572391339688505
38.0,0.38,0.4666981136190402,0.007020358243086014,0.0011019309408873135,0.4815386960400012,-0.00015482838562920403,0.4375677853259255,0.1893165688786539,0.24273248411349446,0.81312920209539,0.2773815447403863,0.23880621192650675,-0.3755614167694645
39.0,0.39,0.47797127693263425,0.013631108815170366,0.0005544927771376993,0.49819569070519115,0.0025738769221326204,0.4476937523803018,0.21048628669493563,0.26375976708484505,0.8178372786243119,0.2674849902376986,0.2344359236203461,-0.3701435262440101
40.0,0.4,0.48917511145296405,0.017925078264479567,0.0002486304284892838,0.5152795297944809,0.0006540541459142729,0.46089397333125354,0.23165600451121748,0.28478705005619565,0.8225453551532338,0.25751910694174657,0.23049247973828524,-0.36165138182198026
41.0,0.41,0.5048298257439865,0.013738436738559723,-0.00032447445874854625,0.529552734042858,0.0029845461203881728,0.4710086546140691,0.2528257223274991,0.3058143330275461,0.8272534316821557,0.2520041034164874,0.22373840101531184,-0.3562447770680866
42.0,0.42,0.5293980231056553,0.014726992700068397,0.0002922721843556402,0.53643806642064,0.0007858537554240848,0.48732571719837037,0.27399544014378097,0.3268416159988967,0.8319615082110776,0.25540258296187435,0.20959645042174324,-0.34463579101270725
43.0,0.43,0.5416540582571547,0.00976534600919594,0.006011971584261271,0.5536381725449389,0.00017371687882650102,0.4989615465620653,0.2951651579600627,0.3478688989702473,0.8366695847399995,0.24648890029709203,0.20576927357469155,-0.3377080381779342
44.0,0.44,0.5494818992347704,0.011269908573215975,0.0017307953496397235,0.5672787998964601,0.002534317074371349,0.5047181437793096,0.31633487577634456,0.3688961819415979,0.8413776612689214,0.23314702345842586,0.19838261795486223,-0.33665951748961187
45.0,0.45,0.5583433859303994,0.012908541112623021,-0.0011206419118390605,0.5877823465727261,0.0021061928235380192,0.5258240613443274,0.3375045935926263,0.3899234649129485,0.8460857377978432,0.22083879233777315,0.1978588816597776,-0.3202616764535159
46.0,0.46,0.5777412283825866,0.014477759948712676,0.011943006727688868,0.6061961663077454,-0.0018516458704263292,0.5319920242787435,0.35867431140890815,0.4109507478842991,0.8507938143267653,0.21906691697367842,0.19524541842344634,-0.3188017900480218
47.0,0.47,0.596197356666813,0.016001478460815927,-0.0030984195704180833,0.6114529582238851,0.002554697529370587,0.5424038387969754,0.3798440292251898,0.43197803085564956,0.8555018908556871,0.21635332744162317,0.17947492736823556,-0.31309805205871166
48.0,0.48,0.6007531233888765,0.015024806972450531,0.005975835606166955,0.6294235996134566,0.0027958438968506277,0.5737856222102423,0.4010137470414715,0.45300531382700016,0.860209967384609,0.19973937634740502,0.17641828578645646,-0.28642434517436666
49.0,0.49,0.6250979753444639,0.01065420054163225,0.002709855736781432,0.647220717641749,0.0058323563657036856,0.5735388464447441,0.4221834648577535,0.47403259679835064,0.8649180439135309,0.2029145104867104,0.1731881208433984,-0.2913791974687868
50.0,0.5,0.6414913171715426,0.0187781524360638,0.009477372195736892,0.6614119054557701,-0.0011342763524068756,0.5955649203125741,0.44335318267403523,0.49505987976970134,0.8696261204424528,0.1981381344975074,0.16635202568606877,-0.27406120012987867
51.0,0.51,0.665629382904891,0.012910900059999423,0.005076627036815685,0.6857958678674209,0.005676273037823574,0.600877253936248,0.46452290049031697,0.516087162741052,0.8743341969713747,0.20110648241457407,0.16970870512636882,-0.2734569430351267
52.0,0.52,0.6613581951355779,0.018252218093946528,0.007475277342639954,0.6884196831326709,0.006651617673869005,0.6065078416931952,0.48569261830659893,0.5371144457124025,0.8790422735002966,0.175665576828979,0.15130523742026836,-0.27253443180710146
53.0,0.53,0.6853987048202674,0.0138741438317558,-0.0030896545949194673,0.6966956700047091,0.0032820548733332356,0.6260223806048735,0.5068623361228807,0.5581417286837532,0.8837503500292185,0.17853636869738676,0.1385539413209559,-0.25772796942434506
54.0,0.54,0.6980702077679667,0.023574443236134966,0.001947994184878047,0.7253059357309118,-0.0019426530795495982,0.6475759328534788,0.5280320539391624,0.5791690116551037,0.8884584265581404,0.17003815382880427,0.14613692407580814,-0.24088249370466164
55.0,0.55,0.7231403422295135,0.01690607153917962,0.0014178363256635291,0.7436465332352722,-0.004824058324218033,0.6395160909093123,0.5492017717554442,0.6001962946264544,0.8931665030870624,0.17393857047406935,0.14345023860881778,-0.2536504121777501
56.0,0.56,0.7307620040234934,0.014418986867563377,0.011125862307310302,0.7515664987973966,0.005482186816749463,0.6506950039390539,0.5703714895717261,0.6212235775978049,0.8978745796159842,0.16039051445176733,0.13034292119959168,-0.24717957567693027
57.0,0.57,0.7473616202307233,0.018624447650997435,0.0050868887972363094,0.7727161900441023,-0.008680356638081567,0.676900112071144,0.5915412073880076,0.6422508605691551,0.9025826561449061,0.15582041284271564,0.13046532947494716,-0.2256825440737621
58.0,0.58,0.7563420696667121,0.019404631283019717,-0.0014406978642735942,0.7892465582651509,-0.0041388909452328,0.6824210512257872,0.6127109252042894,0.6632781435405058,0.907290732673828,0.14363114446242276,0.12596841472464504,-0.22486968144804076
59.0,0.59,0.7720723974563526,0.013286588711893083,-0.000355679432359141,0.8040767805009302,0.0017389641217841478,0.7040957874087468,0.6338806430205711,0.6843054265118563,0.9119988092027499,0.13819175443578147,0.1197713539890739,-0.2079030217940031
60.0,0.6,0.7886723586338555,0.022502506630153858,0.007112197415000457,0.8252710608704722,-0.0067567244214098805,0.6883110987859808,0.6550503608368531,0.705332709483207,0.9167068857316718,0.13362199779700246,0.11993835138726516,-0.22839578694569096
61.0,0.61,0.7992131932950057,0.021969684328971454,-0.00037445427719184535,0.812674179701138,0.0035469934752745797,0.7148446624151781,0.6762200786531348,0.7263599924545575,0.9214149622605937,0.1229931146418709,0.08631418724658046,-0.20657029984541564
62.0,0.62,0.8236488957921619,0.019464836201846896,0.016918246871321395,0.8619077998506307,-0.003335446733957018,0.7255067352297603,0.6973897964694166,0.7473872754259082,0.9261230387895156,0.12625909932274537,0.11452052442472249,-0.20061630355975535
63.0,0.63,0.8344941653485834,0.019972516611509804,0.007689870938921785,0.8525096043565202,0.005782421073433461,0.7510815630002314,0.7185595142856983,0.7684145583972589,0.9308311153184374,0.11593465106288514,0.08409504595926132,-0.179749552318206
64.0,0.64,0.8588725788058391,0.023947092580985554,-0.0020734381892615053,0.8829410982886314,-0.013394029030223877,0.7390964440219561,0.7397292321019803,0.7894418413686094,0.9355391918473595,0.11914334670385884,0.09349925692002203,-0.19644274782540339
65.0,0.65,0.8679644852971791,0.021146403632303985,0.013927520746583393,0.8953912704862597,-0.006872879128904777,0.7599313583829205,0.760898949918262,0.8104691243399601,0.9402472683762813,0.10706553537891705,0.08492214614629956,-0.18031590999336078
66.0,0.66,0.8920122754452937,0.033816826854611154,0.0013399825246191586,0.9228727897564729,-0.004439694679612068,0.7886677574476082,0.7820686677345438,0.8314964073113106,0.9449553449052033,0.10994360771074996,0.09137638244516233,-0.15628758745759508
67.0,0.67,0.8995172462434288,0.02374301302648056,0.005237497393936413,0.9310236319079453,0.00888322474952675,0.7839698139653736,0.8032383855508255,0.8525236902826613,0.9496634214341251,0.09627886069260327,0.07849994162528406,-0.1656936074687515
68.0,0.68,0.9239261440341383,0.03408199414634705,0.003986278199878949,0.9418320665529364,0.006934322620474895,0.7869288234854227,0.8244081033671075,0.8735509732540118,0.9543714979630471,0.09951804066703085,0.06828109329892462,-0.1674426744776244
69.0,0.69,0.9414857864209483,0.01902834489083613,0.011336556959889553,0.9565753323768369,-0.0075363028444900655,0.8185756824360267,0.845577821183389,0.894578256225362,0.9590795744919689,0.09590796523755929,0.06199707615147487,-0.14050389205594216
70.0,0.7,0.9439871582489214,0.029962332837034204,0.021362412619626257,0.9688596400556618,-0.0067266324399190575,0.8252938837961247,0.8667475389996707,0.9156055391967127,0.9637876510208908,0.07723961924925071,0.053254100858949105,-0.13849376722476614
71.0,0.71,0.987973045649176,0.027045388043109405,0.01671648394524688,1.000749323363349,-0.005985360420739674,0.8199000180185153,0.8879172568159525,0.9366328221680632,0.9684957275498127,0.10005578883322352,0.06411650119528589,-0.14859570953129742
72.0,0.72,0.9878912075121531,0.02213553659016388,0.011643723567886687,1.0233126050761048,-0.006792592264560857,0.8486067425434283,0.9090869746322344,0.9576601051394139,0.9732038040787345,0.07880423287991867,0.06565249993669087,-0.12459706153530625
73.0,0.73,0.9940328439160101,0.02892105926209586,0.00029167201666877236,1.013535447598542,-0.00417921950359762,0.8669186725631176,0.9302566924485162,0.9786873881107644,0.9779118806076565,0.06377615146749394,0.034848059487777694,-0.11099320804453894
74.0,0.74,1.023842102352295,0.0372619515611492,0.0026440573265387175,1.0457891388585163,0.0065333786437873015,0.8761033305659591,0.9514264102647979,0.9997146710821151,0.9826199571365783,0.0724156920874971,0.04607446777640123,-0.10651662657061922
75.0,0.75,1.037897084287859,0.021703259216945787,0.013865246210964221,1.0530909702302764,-0.0011788102270474897,0.889034107860348,0.9725961280810796,1.0207419540534657,0.9873280336655004,0.06530095620677934,0.03234901617681074,-0.0982939258051524
76.0,0.76,1.0617747492109642,0.043558516265319445,0.0059413495081915395,1.0602846037392466,-0.002685641197333405,0.8993896466390159,0.9937658458973616,1.0417692370248162,0.9920361101944222,0.06800890331360254,0.018515366714430437,-0.09264646355540629
77.0,0.77,1.088163408205966,0.0237189267083737,0.021028270556311773,1.1139013854035638,0.0040092245694864515,0.9106111390611218,1.0149355637136432,1.062796519996167,0.9967441867233442,0.07322784449232267,0.05110486540739667,-0.0861330476622224
78.0,0.78,1.0761886133059382,0.03476546183754248,0.0076258377636514605,1.1161272766458314,0.0036185237985475525,0.9113770249573396,1.0361052815299252,1.0838238029675176,1.001452263252266,0.040083331776012976,0.032303473678313877,-0.09007523829492636
79.0,0.79,1.0977404308560226,0.036638981540673354,0.02624410155755591,1.136021734360889,-0.005999714055877389,0.9411309963210709,1.0572749993462072,1.104851085938868,1.006160339781188,0.04046543150981541,0.031170648422020886,-0.06502934346011713
80.0,0.8,1.107838661955161,0.06118606509377561,0.013532756230371739,1.1370197489507512,0.009849314753700954,0.947761411872919,1.0784447171624887,1.1258783689102185,1.0108684163101098,0.029393944792672322,0.011141380040532667,-0.06310700443719086
81.0,0.81,1.1443864346072057,0.03982202225884397,0.00903195723041289,1.1608627899004944,-0.0023787127397302925,0.9606015641338809,1.0996144349787706,1.1469056518815695,1.0155764928390316,0.04477199962843503,0.013957138018924953,-0.05497492870515075
82.0,0.82,1.1628450005861777,0.04078281043288864,0.005118524966609723,1.2027578247623711,-0.0012728658831362232,0.9426170119644266,1.1207841527950522,1.1679329348529195,1.0202845693679536,0.04206084779112551,0.03482488990945165,-0.07766755740352704
83.0,0.83,1.1871516214124167,0.04042260809176293,0.02165114037614293,1.1785067190958864,-0.0075389092737435685,0.9425530301834609,1.1419538706113341,1.18896021782427,1.0249926458968754,0.04519775080108257,-0.010453498728383526,-0.08243961571341452
84.0,0.84,1.1933036316536692,0.051968970496352386,0.008076365319726582,1.213897400543349,0.015940589052656762,1.0013742086292712,1.1631235884276157,1.209987500795621,1.0297007224257975,0.0301800432260535,0.003909899747728041,-0.028326513796526287
85.0,0.85,1.190102506039357,0.03403115551614181,0.012919731865696804,1.2139568965051708,-0.012204815857255727,0.9912733791606739,1.1842933062438976,1.2310147837669714,1.0344087989547193,0.005809199795459463,-0.017057887261800575,-0.04313541979404534
86.0,0.86,1.2497680679319456,0.02651942421585461,0.031310565481837964,1.2690918296028282,0.00189500118972761,1.025827614344101,1.2054630240601791,1.2520420667383219,1.0391168754836413,0.04430504387176648,0.017049762864506324,-0.01328926113954032
87.0,0.87,1.240388200407639,0.026103509488004748,-0.011334213784120216,1.2546669054998885,-0.015830723456717436,0.9928482403100177,1.226632741876461,1.2730693497096723,1.043824952012563,0.013755458531177878,-0.018402444209783875,-0.05097671170254536
88.0,0.88,1.2748879353804021,0.048782063030200384,0.019580902325735214,1.275256554355847,-0.003923135598688386,1.0095830691538434,1.247802459692743,1.2940966326810233,1.0485330285414851,0.027085475687659066,-0.018840078325176313,-0.038949959387641675
89.0,0.89,1.2971219066689792,0.042331850574395084,-0.0020586665496342416,1.2912170516437884,0.006004116106973168,1.0139754282155715,1.2689721775090246,1.3151239156523737,1.053241105070407,0.028149729159954617,-0.023906864008585327,-0.039265676854835396
90.0,0.9,1.2848023061896516,0.062044487331009576,-0.0024010065198666513,1.3503406336783517,-0.00047806000658991767,1.073914984141571,1.2901418953253065,1.3361511986237242,1.0579491815993287,-0.00533958913565491,0.014189435054627442,0.015965802542242225
91.0,0.91,1.3389278224708994,0.052747616481611866,0.012238637867310878,1.359867925050998,-0.001201188024579958,1.049200236491535,1.3113116131415885,1.3571784815950751,1.0626572581282507,0.02761620932931086,0.002689443455922813,-0.013457021636715805
92.0,0.92,1.3024557927642462,0.05248221894049661,0.03843312803772732,1.3851760250471938,-0.0006537140172887825,1.0460549653130995,1.33248133095787,1.3782057645664256,1.0673653346571728,-0.030025538193623857,0.006970260480768209,-0.021310369344073266
93.0,0.93,1.337519065691618,0.04282360590485553,0.019566935471472938,1.3937911996193617,0.01473970214595373,1.0673806383362325,1.353651048774152,1.399233047537776,1.0720734111860946,-0.01613198308253394,-0.0054418479184144,-0.004692772849862026
94.0,0.94,1.384762001279697,0.06751428108701048,0.0007172901269512943,1.3902829029866495,0.003943334720502131,1.1043963942500927,1.3748207665904335,1.4202603305091266,1.0767814877150164,0.009941234689263556,-0.029977427522477118,0.027614906535076367
95.0,0.95,1.4039835124038824,0.0643213456536083,0.03283612224756742,1.4182397906374582,0.013230697566238604,1.1108209687664534,1.3959904844067155,1.441287613480477,1.0814895642439384,0.007993027997166946,-0.023047822843018873,0.029331404522515037
96.0,0.96,1.387943319220345,0.05588354944126984,0.008936594060002726,1.4402897019078602,-0.008180653081132217,1.124985174252238,1.417160202222997,1.4623148964518276,1.0861976407728602,-0.029216883002652017,-0.02202519454396734,0.03878753347937791
97.0,0.97,1.4329067499939805,0.05636863783308619,0.019290253531107738,1.4366075503138946,-0.028486538060313676,1.1135875901261065,1.438329920039279,1.483342179423178,1.0909057173017822,-0.005423170045298464,-0.04673462910928339,0.022681872824324323
98.0,0.98,1.4346334672534253,0.04988435281309385,0.03639305961848279,1.4749756158326608,-0.005839910629746739,1.1214336251702504,1.459499637855561,1.5043694623945285,1.095613793830704,-0.024866170602135584,-0.02939384656186772,0.02581983133954635
99.0,0.99,1.4386896731097691,0.07290169017463224,-0.001403709578870479,1.5090914050558655,-0.023959751362102284,1.1328174476609145,1.4806693556718424,1.5253967453658794,1.1003218703596258,-0.041979682562073295,-0.01630534031001396,0.032495577301288714
100.0,1.0,1.47804771129187,0.05084332216930684,0.032239963566783936,1.5163894847334118,0.003981779943049977,1.1794716636194396,1.5018390734881244,1.54642402833723,1.1050299468885478,-0.02379136219625444,-0.030034543603818076,0.07444171673089173
101.0,1.01,1.4981568628923232,0.07362103417664459,0.03626104327617654,1.5178023115727384,-0.012699242778264215,1.1363740382682141,1.5230087913044064,1.5674513113085804,1.1097380234174699,-0.02485192841208317,-0.049648999735842025,0.026636014850744294
102.0,1.02,1.5227872444981594,0.04568382904861542,0.03383477107782186,1.5613364306452546,0.0076526241310922675,1.1961495377250586,1.5441785091206879,1.5884785942799313,1.1144460999463917,-0.021391264622528494,-0.027142163634676697,0.08170343777866695
103.0,1.03,1.5230966443277485,0.06125894884331302,0.02088362427868982,1.6039257429788087,-0.02613934184110787,1.210429092889721,1.5653482269369698,1.6095058772512818,1.1191541764753135,-0.04225158260922135,-0.0055801342724730585,0.09127491641440755
104.0,1.04,1.5655931107596839,0.05836296141993282,0.014071753149645467,1.5648957871070472,-0.0008843736292395494,1.1799798049292916,1.5865179447532518,1.6305331602226323,1.1238622530042355,-0.020924833993567926,-0.06563737311558504,0.056117551925056075
105.0,1.05,1.57862673527414,0.051280896916956725,0.0033132427391430004,1.588117540053653,-0.02553265663501429,1.1754368981594425,1.6076876625695333,1.6515604431939828,1.1285703295331573,-0.029060927295393224,-0.06344290314032985,0.04686656862628524
106.0,1.06,1.5856730604170572,0.05475492464206628,0.013379266148310585,1.5966978358151567,-0.00627540343236664,1.1895193750913027,1.6288573803858153,1.6725877261653337,1.1332784060620793,-0.043184319968758045,-0.07588989035017701,0.056240969029223375
107.0,1.07,1.5769835434580957,0.07649140251490463,0.034277056797031864,1.6208640841151611,0.004320714961636711,1.239217471324882,1.6500270982020968,1.6936150091366842,1.137986482591001,-0.07304355474400115,-0.07275092502152303,0.10123098873388092
108.0,1.08,1.6227075639571005,0.07247790952323518,0.020460879884336116,1.6574352161888128,0.0024876894867315023,1.2497379369105948,1.6711968160183788,1.7146422921080346,1.1426945591199231,-0.0484892520612783,-0.057207075919221806,0.10704337779067163
109.0,1.09,1.6524338275149622,0.05202049810131549,0.026255819635536044,1.6370304105338027,-0.027014179619204107,1.2205106039573028,1.6923665338346607,1.7356695750793851,1.147402635648845,-0.039932706319698585,-0.09863916454558241,0.0731079683084579
110.0,1.1,1.6564860207713843,0.04757631091481614,0.0346258655847905,1.7247939534401864,-0.022129873889093203,1.2702770118507414,1.7135362516509423,1.756696858050736,1.152110712177767,-0.05705023087955796,-0.031902904610549676,0.11816629967297443
111.0,1.11,1.6706265611547797,0.08833297543530243,0.032628993782982584,1.6942953064574326,0.04106434577441479,1.233179183346718,1.7347059694672242,1.7777241410220865,1.1568187887066887,-0.06407940831244452,-0.08342883456465389,0.0763603946400293
112.0,1.12,1.66416504184146,0.054848716776479685,0.037904548547349474,1.7263527249445452,0.0041813520440951895,1.2716062697811683,1.7558756872835062,1.798751423993437,1.1615268652356106,-0.09171064544204621,-0.07239869904889185,0.11007940454555776
113.0,1.13,1.706968769132695,0.05900096209365132,0.017766944425161198,1.753875009152163,0.0022922215535984784,1.2356098046412924,1.7770454050997873,1.819778706964787,1.1662349417645324,-0.07007663596709235,-0.06590369781262395,0.06937486287676009
114.0,1.14,1.7398839532821466,0.07755643689264693,0.03088518567459067,1.7343885116862623,-0.016919891128733863,1.2614823858694424,1.7982151229160692,1.8408059899361375,1.1709430182934544,-0.0583311696339226,-0.10641747824987524,0.09053936757598802
115.0,1.15,1.7580134240788228,0.10110098830691623,0.028567930606068322,1.7517848412557835,-0.026407050724462422,1.2844230011871582,1.8193848407323507,1.8618332729074885,1.1756510948223764,-0.061371416653527966,-0.11004843165170497,0.10877190636478185
116.0,1.16,1.7536577042406492,0.07089615372836044,0.004625805965109822,1.8232216780259713,-0.014605982994436956,1.3108213735090002,1.8405545585486327,1.882860555878839,1.1803591713512982,-0.08689685430798355,-0.05963887785286759,0.130462202157702
117.0,1.17,1.7787720656960828,0.07148216316775452,0.00963895018058538,1.7736801414089813,-0.0027104317789873175,1.3212333079976262,1.8617242763649147,1.9038878388501894,1.18506724788022,-0.08295221066883185,-0.13020769744120808,0.13616606011740617
118.0,1.18,1.79964911557247,0.06981272649275619,0.020756831570190107,1.8247786261875074,-0.012870662348616604,1.300023477875235,1.8828939941811962,1.92491512182154,1.189775324409142,-0.08324487860872609,-0.10013649563403249,0.11024815346609307
119.0,1.19,1.8003471299548877,0.059588252818046895,0.012761494504965108,1.8775972894590929,-0.0060675162942178,1.3268539313118197,1.9040637119974781,1.9459424047928908,1.194483400938064,-0.10371658204259049,-0.06834511533379795,0.13237053037375568
120.0,1.2,1.7961592155923043,0.07181116819820181,0.02246877710789731,1.8925420828661694,-0.012218790292417138,1.3540108215688813,1.92523342981376,1.9669696877642413,1.1991914774669858,-0.12907421422145582,-0.07442760489807188,0.15481934410189546
121.0,1.21,1.8639615860439396,0.11909657905747198,0.033522053472484936,1.8572496299197365,-0.03196140805198953,1.3906979113152713,1.9464031476300416,1.9879969707355918,1.2038995539959076,-0.08244156158610205,-0.13074734081585526,0.18679835731936367
122.0,1.22,1.8406470058411715,0.059197423936601004,-0.010220965466607404,1.8838142939521154,-0.033350109459276224,1.3571281668559378,1.9675728654463236,2.0090242537069423,1.2086076305248297,-0.12692585960515212,-0.12520995975482685,0.14852053633110818
123.0,1.23,1.8718232015810332,0.08026632596146495,0.04121878851989668,1.9316846048563954,-0.011567873358286218,1.3248857117488257,1.9887425832626051,2.030051536678293,1.2133157070537517,-0.1169193816815719,-0.09836693182189782,0.11157000469507405
124.0,1.24,1.941398570818881,0.0641239531968893,0.041943330327783475,2.00363142218151,-0.003281272857920384,1.3421798632610675,2.009912301078887,2.0510788196496437,1.2180237835826735,-0.06851373026000607,-0.047447397468133534,0.12415607967839404
125.0,1.25,1.9613185222813532,0.1114881889794476,0.05606950664072302,1.9401821920986473,-0.04290625072042786,1.4473539304362713,2.031082018895169,2.072106102620994,1.2227318601115953,-0.06976349661381587,-0.13192391052234687,0.22462207032467596
126.0,1.26,1.9872126659613727,0.07193994641152959,0.039191171144890714,1.9260584072500675,-0.006478651910250789,1.3989634246086666,2.0522517367114506,2.093133385592345,1.227439936640517,-0.06503907075007787,-0.16707497834227758,0.17152348796814954
127.0,1.27,2.0052092952994998,0.07437739970036708,0.04524350454748584,1.989454089022298,-0.0643775983870337,1.4035518409425076,2.0734214545277325,2.1141606685636956,1.2321480131694391,-0.06821215922823276,-0.12470657954139752,0.1714038277730685
128.0,1.28,2.00077465235919,0.09756152675389396,0.002770920816515106,2.0069078114640133,-0.005179037577439467,1.4148604204329724,2.0945911723440145,2.135187951535046,1.2368560896983611,-0.09381651998482443,-0.12828014007103272,0.1780043307346113
129.0,1.29,2.015913218337962,0.06660403298943521,0.03968828930507649,2.052781535516381,0.016895019766719734,1.4297572256238082,2.115760890160296,2.1562152345063965,1.241564166227283,-0.09984767182233378,-0.10343369899001553,0.1881930593965253
130.0,1.3,1.9976883224242465,0.05252063637227807,0.038750643876921974,2.0650482417363385,-0.019628572476932747,1.411346461657081,2.136930607976578,2.1772425174777474,1.2462722427562047,-0.13924228555233142,-0.11219427574140894,0.16507421890087626
131.0,1.31,2.0167151730268436,0.07651964778122539,0.01784939218568356,2.0795493383303816,-0.030480654089246398,1.4435653120538579,2.15810032579286,2.198269800449098,1.2509803192851268,-0.14138515276601638,-0.11872046211871634,0.1925849927687311
132.0,1.32,2.0655149491543434,0.07428077880956208,-0.015397433100220763,2.101594140848132,-0.04258611586971586,1.463649533848085,2.1792700436091414,2.2192970834204484,1.2556883958140488,-0.11375509445479803,-0.11770294257231662,0.20796113803403626
133.0,1.33,2.08910661636359,0.07361018251601599,0.04249361387023105,2.111540183943419,-0.015916828663170058,1.3803517410021906,2.2004397614254234,2.240324366391799,1.2603964723429706,-0.11133314506183334,-0.12878418244837997,0.11995526865922002
134.0,1.34,2.071134991065056,0.09671490521711033,0.02908910487900353,2.1156791666179537,-0.0028964691102691294,1.4195442423658704,2.221609479241705,2.26135164936315,1.2651045488718924,-0.15047448817664888,-0.14567248274519606,0.15443969349397801
135.0,1.35,2.1577494822839403,0.09017663061211319,0.048500514139833584,2.0907762808084764,0.015844041697289965,1.3678581905190033,2.242779197057987,2.2823789323345003,1.2698126254008144,-0.08502971477404664,-0.19160265152602385,0.09804556511818885
136.0,1.36,2.149829879747388,0.10488244957011672,0.0046637593404835346,2.131585445258329,0.011172179663956151,1.500696498528736,2.263948914874269,2.3034062153058508,1.2745207019297364,-0.11411903512688104,-0.1718207700475216,0.22617579659899967
137.0,1.37,2.1415456461418048,0.12781568816527553,0.0022094249486954956,2.1595581182413093,0.027166437638075688,1.4713038015211293,2.2851186326905504,2.3244334982772012,1.2792287784586582,-0.14357298654874562,-0.16487538003589197,0.19207502306247104
138.0,1.38,2.1629078873675662,0.09432566413737309,0.07041077592145625,2.208477252285039,-0.021684342223406785,1.456999696471008,2.306288350506832,2.3454607812485513,1.28393685498758,-0.14338046313926567,-0.1369835289635124,0.17306284148342788
139.0,1.39,2.1847660352702736,0.10635770923185267,0.05597635904290364,2.213077080517351,-0.044979117341921546,1.4846621435357619,2.327458068323114,2.366488064219902,1.2886449315165018,-0.14269203305284028,-0.15341098370255102,0.19601721201926003
140.0,1.4,2.217972343375236,0.07008218347503559,0.03133262100703792,2.1912498544315486,0.028097736803898495,1.4874964155685444,2.3486277861393954,2.3875153471912527,1.2933530080454239,-0.13065544276415952,-0.19626549275970406,0.19414340752312054
141.0,1.41,2.2482531390132774,0.10117540084749306,0.006319094628184006,2.278708980556762,0.007473461883780494,1.5074748679803278,2.3697975039556773,2.408542630162603,1.2980610845743459,-0.12154436494239995,-0.1298336496058412,0.20941378340598193
142.0,1.42,2.3046157810845305,0.10200632714489101,0.0818319147175608,2.26189423667514,-0.020926894250860032,1.4961796235703717,2.390967221771959,2.4295699131339537,1.3027691611032677,-0.0863514406874284,-0.16767567645881387,0.19341046246710403
143.0,1.43,2.306280477973157,0.04025561842636135,0.02422077552354212,2.2497628931452502,-0.01624148756153739,1.5228420193682495,2.412136939588241,2.4505971961053046,1.3074772376321895,-0.10585646161508366,-0.20083430296005433,0.21536478173606
144.0,1.44,2.293374097576242,0.09920038309311116,0.0400867903425868,2.3367473515722086,-0.02007441334430318,1.5635141046251841,2.433306657404523,2.471624479076655,1.3121853141611113,-0.13993255982828057,-0.13487712750444647,0.25132879046407286
145.0,1.45,2.2550003974184087,0.07748439456996092,0.08709247263013838,2.314560853954685,-0.009743117234818521,1.532676433957619,2.4544763752208043,2.4926517620480055,1.3168933906900333,-0.19947597780239557,-0.17809090809332062,0.2157830432675858
146.0,1.46,2.3094283447940263,0.10603848561974036,0.0047171055854656,2.3249883247833107,-0.03226369217781991,1.546030607535189,2.4756460930370863,2.513679045019356,1.3216014672189553,-0.16621774824306002,-0.18869072023604527,0.22442914031623373
147.0,1.47,2.301652112648119,0.06771456665456689,-0.0008641652192606635,2.3479643887313464,-0.034316458006683384,1.529357800838984,2.4968158108533682,2.534706327990707,1.3263095437478771,-0.19516369820524915,-0.18674193925936056,0.20304825709110697
148.0,1.48,2.383277570006156,0.10424033997863923,-0.008012553740852073,2.4174621543353814,-0.030589959968448908,1.5867062936797236,2.5179855286696498,2.5557336109620574,1.331017620276799,-0.1347079586634936,-0.13827145662667606,0.25568867340292467
149.0,1.49,2.41013095106468,0.157754346293316,0.006081645394877887,2.350852327869543,0.01598372782493501,1.5794249443896484,2.5391552464859317,2.576760893933408,1.335725696805721,-0.1290242954212517,-0.2259085660638651,0.24369924758392747
150.0,1.5,2.34938943631627,0.13239338503462755,0.02565665778023855,2.4746555255111713,-0.03204956113549156,1.5875164167981488,2.5603249643022132,2.597788176904759,1.340433773334643,-0.21093552798594306,-0.12313265139358753,0.24708264346350584
151.0,1.51,2.4262306610840034,0.08536077957289846,0.023966683807873795,2.4895350715917304,0.027715589641705958,1.5812936690744401,2.581494682118495,2.6188154598761093,1.3451418498635648,-0.15526402103449177,-0.12928038828437893,0.23615181921087536
152.0,1.52,2.4797458380685646,0.12498249607645803,0.004531330586264479,2.4759087152265393,-0.02540602191748454,1.5534214357147211,2.602664399934777,2.63984274284746,1.3498499263924866,-0.12291856186621253,-0.16393402762092046,0.20357150932223456
153.0,1.53,2.5026500418873456,0.054709688865301184,0.09499458101711332,2.4726385795410506,0.03340859525241552,1.6034246115072674,2.6238341177510587,2.6608700258188103,1.3545580029214086,-0.12118407586371305,-0.18823144627775967,0.24886660858585885
154.0,1.54,2.519084187266073,0.09185027022495904,0.04169887024626972,2.5475090007947574,0.003804543725284017,1.636643235417451,2.6450038355673406,2.681897308790161,1.3592660794503306,-0.12591964830126745,-0.1343883079954038,0.2773771559671203
155.0,1.55,2.466131943777817,0.1131591161664644,0.027789250681406724,2.5244354222012095,-0.052330125962124864,1.55998396050402,2.6661735533836226,2.7029245917615117,1.3639741559792524,-0.20004160960580553,-0.17848916956030214,0.19600980452476757
156.0,1.56,2.4716609310629605,0.08676499599347094,0.04062396086298604,2.5136239074766262,0.031669611088905834,1.5668366133084397,2.687343271199904,2.723951874732862,1.3686822325081742,-0.21568234013694365,-0.21032796725623593,0.19815438080026548
157.0,1.57,2.5594234034891765,0.10199610900798636,0.03438627297278158,2.579351163595103,-0.04669497570336691,1.6401965189895669,2.708512989016186,2.7449791577042126,1.3733903090370962,-0.14908958552700957,-0.16562799410910944,0.2668062099524706
158.0,1.58,2.5540386753251036,0.040622546530358544,0.033542083149138,2.601721300928098,-0.04250912473623324,1.6443978899812797,2.729682706832468,2.7660064406755636,1.3780983855660183,-0.1756440315073644,-0.16428513974746561,0.2662995044152614
159.0,1.59,2.6035375111923993,0.1274062927915641,-0.0494439893484621,2.6365614946561973,-0.03896098461587723,1.632805086383537,2.7508524246487496,2.787033723646914,1.38280646209494,-0.14731491345635028,-0.15047222899071677,0.24999862428859698
160.0,1.6,2.624191576215788,0.12671461759457495,0.052163442857309575,2.5451732435813863,-0.004514972577598502,1.6223470160788953,2.7720221424650315,2.8080610066182645,1.3875145386238619,-0.1478305662492434,-0.2628877630368782,0.23483247745503344
161.0,1.61,2.6303738225966313,0.15681341454321213,0.020440911176511947,2.652488428668024,-0.03345616984042308,1.6309323765475199,2.793191860281313,2.829088289589615,1.3922226151527837,-0.16281803768468173,-0.17659986092159086,0.2387097613947362
162.0,1.62,2.6230843300865345,0.09147639474278534,0.06686725956805689,2.638152040824042,-0.018519075523414,1.655004547171052,2.814361578097595,2.850115572560966,1.3969306916817057,-0.1912772480110605,-0.21196353173692373,0.25807385548934625
163.0,1.63,2.6567865678971687,0.1595110576193484,0.033030117154770784,2.717066963802234,-0.0033271867741029412,1.6839901628309313,2.8355312959138765,2.871142855532316,1.4016387682106275,-0.17874472801670782,-0.15407589173008196,0.2823513946203038
164.0,1.64,2.653233565240944,0.08339780733716425,-0.005537017406734804,2.726715964850133,-0.050139736929924884,1.596691171662195,2.856701013730158,2.8921701385036664,1.4063468447395495,-0.20346744848921405,-0.16545417365353332,0.19034432692264547
165.0,1.65,2.7533614672532862,0.09814712328653023,0.09072429733711387,2.7081341718879903,-0.011412235186184463,1.7039779778075201,2.87787073154644,2.913197421475017,1.4110549212684713,-0.12450926429315379,-0.2050632495870266,0.2929230565390488
166.0,1.66,2.7575009097194205,0.09326444039497084,0.03223211451472766,2.796754023684049,-0.04030560990221674,1.6219492406560772,2.899040449362722,2.9342247044463674,1.4157629977973931,-0.14153953964330146,-0.1374706807623185,0.20618624285868403
167.0,1.67,2.7577710108958398,0.13773046584633572,0.007885302048459141,2.797702800933631,-0.017354422153465134,1.671316309400634,2.9202101671790035,2.9552519874177183,1.4204710743263151,-0.16243915628316374,-0.15754918648408722,0.2508452350743189
168.0,1.68,2.7558066458326542,0.12169858572138482,-0.011984336802112215,2.7501820245288897,-0.00757635230157384,1.734339274940467,2.9413798849952855,2.976279270389069,1.4251791508552372,-0.18557323916263124,-0.2260972458601791,0.30916012408522975
169.0,1.69,2.7511972586695346,0.14666242720466732,0.07722462800846651,2.8433304769139283,-0.03540654056102134,1.6283180557965187,2.962549602811567,2.9973065533604193,1.429887227384159,-0.2113523441420324,-0.15397607644649103,0.1984308284123597
170.0,1.7,2.8115900233232036,0.12791078938673284,0.0620986911671279,2.787601767120214,-0.06899697402793481,1.709836732084048,2.983719320627849,3.0183338363317698,1.4345953039130808,-0.17212929730464532,-0.23073206921155576,0.2752414281709672
171.0,1.71,2.778071839997225,0.11949996612169674,-0.0028241534155215155,2.9075333747598395,-0.04328046477142686,1.6943673089528866,3.004889038444131,3.0393611193031207,1.4393033804420028,-0.22681719844690607,-0.13182774454328117,0.2550639285108838
172.0,1.72,2.8839624217638744,0.10674847869305618,0.03498517223232815,2.853766044223,-0.02262669876661801,1.7591096809680171,3.0260587562604124,3.060388402274471,1.4440114569709248,-0.14209633449653802,-0.206622358051471,0.3150982239970923
173.0,1.73,2.919115378682718,0.1002359623845779,0.06621311910717878,2.9472161024130026,-0.03948931111197898,1.7623557636015095,3.0472284740766944,3.0814156852458217,1.4487195334998466,-0.1281130953939762,-0.13419958283281908,0.31363623010166286
174.0,1.74,2.854048911757236,0.0986881595370328,0.018110467869068607,2.979699861459792,-0.0856604675225356,1.6662780003217015,3.0683981918929764,3.102442968217172,1.4534276100287684,-0.21434928013574028,-0.1227431067573801,0.21285039029293307
175.0,1.75,2.9556450000354575,0.11189880242212952,-0.002117077152131899,2.9071377137269825,-0.09598739138781028,1.7257899350805654,3.089567909709258,3.123470251188523,1.4581356865576904,-0.13392290967380038,-0.21633253746154057,0.267654248522875
176.0,1.76,2.921419011832193,0.16005254208772843,0.0778231389693033,2.9706794894138135,0.026202395316201187,1.7775882757527368,3.11073762752554,3.1444975341598735,1.4628437630866122,-0.18931861569334663,-0.17381804474606,0.3147445126661246
177.0,1.77,2.9587551689403986,0.12521143147084926,0.0003715217244095319,2.953604616103495,-0.028710797430937754,1.7993602677032903,3.131907345341822,3.165524817131224,1.4675518396155343,-0.17315217640142322,-0.21192020102772924,0.331808428087756
178.0,1.78,2.9980995780147373,0.09176276184589628,-0.014703072068364359,3.000512775887978,-0.015442513121789092,1.7897569896231982,3.1530770631581033,3.186552100102575,1.472259916144456,-0.15497748514336607,-0.186039324214597,0.3174970734787421
179.0,1.79,2.972215074888384,0.1448346819523173,0.08357174592181982,3.0595198804613712,0.007712981413413813,1.7705919986516228,3.1742467809743853,3.2075793830739254,1.4769679926733779,-0.20203170608600107,-0.14805950261255418,0.2936240059782449
180.0,1.8,3.013181501681092,0.17930466975861165,-0.061613841567130796,3.113826288465206,0.029379066938344744,1.7665857704802912,3.195416498790667,3.228606666045276,1.4816760692022999,-0.1822349971095747,-0.11478037758006998,0.2849097012779913
181.0,1.81,3.0083773450530265,0.153208240923848,0.036437700729423574,2.988421026872345,-0.017849195651329353,1.792462002747387,3.2165862166069488,3.2496339490166264,1.486384145731222,-0.20820887155392231,-0.2612129221442814,0.3060778570161651
182.0,1.82,3.113328786741624,0.12064215207206234,0.025545082666883472,3.1297758306217527,-0.09617161705808373,1.7528117482026633,3.2377559344232307,3.2706612319879773,1.4910922222601437,-0.12442714768160679,-0.14088540136622463,0.26171952594251957
183.0,1.83,3.031727457099551,0.126638993727731,0.08887447777550023,3.0941257157150166,-0.04512352437685133,1.7594693955926282,3.2589256522395122,3.291688514959328,1.4958002987890655,-0.2271981951399611,-0.1975627992443112,0.26366909680356265
184.0,1.84,3.0965098516967178,0.1904109857684288,0.023797882093934714,3.220210987794494,-0.024828646117311958,1.7106681180675196,3.280095370055794,3.3127157979306783,1.5005083753179875,-0.18358551835907644,-0.09250481013618428,0.21015974274953209
185.0,1.85,3.022182987888334,0.13826602513858227,-0.03227312598492506,3.2106136793799034,0.05330952124790391,1.8254456578194749,3.301265087872076,3.3337430809020288,1.5052164518469096,-0.279082099983742,-0.12312940152212537,0.3202292059725653
186.0,1.86,3.153250545486574,0.16863615631616444,0.07907574673003347,3.268224786420644,-0.046370240905227476,1.775535087758259,3.3224348056883577,3.3547703638733797,1.5099245283758314,-0.16918426020178368,-0.0865455774527355,0.2656105593824276
187.0,1.87,3.128410491038812,0.07968678743636849,0.05450759763182602,3.1570355317421837,-0.034396995719329866,1.7444783888225661,3.3436045235046397,3.37579764684473,1.5146326049047532,-0.2151940324658277,-0.2187621151025465,0.22984578391781296
188.0,1.88,3.2487739345848645,0.15859912547940444,-0.002074827531501191,3.176528453049247,-0.08890645377271653,1.8352473155511022,3.3647742413209207,3.39682492981608,1.519340681433675,-0.11600030673605621,-0.2202964767668334,0.31590663411742725
189.0,1.89,3.166716944358169,0.13769387326822005,-0.0044452644381542126,3.2167973954904086,-0.0367517357084863,1.8524189762454635,3.385943959137203,3.4178522127874307,1.524048757962597,-0.21922701477903406,-0.20105481729702213,0.3283702182828665
190.0,1.9,3.2697476285543483,0.2085597432230219,0.08095681081487524,3.2776934744195496,0.016543975626534157,1.7629923476549987,3.4071136769534847,3.438879495758781,1.528756834491519,-0.13736604839913635,-0.16118602133923154,0.23423551316347968
191.0,1.91,3.2981252763156417,0.13725866092782288,0.009984916878384886,3.286534605676684,0.02603095404359555,1.8430543321388477,3.428283394769766,3.459906778730132,1.5334649110204408,-0.1301581184541245,-0.1733721730534481,0.3095894211184069
192.0,1.92,3.2523040077583247,0.15419486299045168,0.09915642449002413,3.233202844027982,-0.02922521313919118,1.814340298025092,3.4494531125860477,3.4809340617014826,1.5381729875493626,-0.19714910482772297,-0.24773121767350048,0.2761673104757294
193.0,1.93,3.34433041038154,0.13492616306368005,-0.015532539744526421,3.4661317959428506,-0.017754048577254242,1.8584495853182588,3.47062283040233,3.501961344672833,1.5428810640782844,-0.12629242002079,-0.03582954872998245,0.31556852123997436
194.0,1.94,3.323294454446927,0.1191102185798111,0.06273372602935835,3.3223735996615096,-0.06873049231868213,1.9032022526747148,3.4917925482186116,3.5229886276441835,1.5475891406072064,-0.16849809377168468,-0.20061502798267394,0.35561311206750834
195.0,1.95,3.3062579809399004,0.20017439592639474,0.014204585058072277,3.3909333066770837,-0.0541807075950362,1.799261525813974,3.512962266034893,3.544015910615534,1.5522972171361284,-0.20670428509499272,-0.1530826039384503,0.24696430867784547
196.0,1.96,3.342710317030435,0.12275475639757238,0.04656005285417531,3.4096191155902695,-0.018722211453229675,1.8504701826336356,3.5341319838511756,3.5650431935868845,1.5570052936650502,-0.19142166682074047,-0.15542407799661495,0.29346488896858536
197.0,1.97,3.3380134848395144,0.1806751713564889,0.05550856153964953,3.385763140520233,-0.057486526642647966,1.800815827929815,3.555301701667457,3.586070476558236,1.561713370193972,-0.21728821682794264,-0.20030733603800277,0.23910245773584293
198.0,1.98,3.3699886073485814,0.13345470327156786,0.07327370106737598,3.3873632174658703,-0.05554086011789087,1.9268171847550675,3.5764714194837386,3.6070977595295863,1.566421446722894,-0.20648281213515718,-0.219734542063716,0.3603957380321734
199.0,1.99,3.340804245335093,0.1415249848059943,0.016115103497267972,3.4216683643499093,-0.004018925089214646,1.8474124166165977,3.597641137300021,3.628125042500937,1.571129523251816,-0.256836891964928,-0.20645667815102753,0.2762828933647816
200.0,2.0,3.4302319448239897,0.1710515098686031,0.10973414804978991,3.5169094913916226,0.020509636571366403,1.8883777776730744,3.6188108551163025,3.6491523254722873,1.575837599780738,-0.18857891029231277,-0.13224283408066473,0.31254017789233646
201.0,2.01,3.4191759387023493,0.1415097544256468,0.02436480583854686,3.523132752856844,-0.030691921641466474,1.8948490065699746,3.639980572932584,3.6701796084436378,1.5805456763096597,-0.22080463423023478,-0.14704685558679387,0.3143033302603149
202.0,2.02,3.43529195856839,0.21333962763966996,-0.000859336875248925,3.447869495395323,-0.06279282106305215,1.8366296077679736,3.6611502907488664,3.6912068914149883,1.5852537528385817,-0.22585833218047657,-0.24333739601966542,0.25137585492939185
203.0,2.03,3.5054378093853327,0.20796341241363467,-0.0008560019106377665,3.5137876224901143,-0.11484397022309728,2.0001010533160906,3.682320008565147,3.7122341743863387,1.5899618293675035,-0.1768821991798144,-0.1984465518962244,0.41013922394858704
204.0,2.04,3.5101557214562638,0.10685928007836674,0.07860217284586565,3.5740970161969683,-0.03554986744234984,1.945950565749067,3.7034897263814295,3.73326145735769,1.5946699058964255,-0.19333400492516573,-0.15916444116072181,0.35128065985264145
205.0,2.05,3.4767089209982243,0.14778903975340055,0.07130291741344587,3.576426541286267,-0.0510280307311783,1.8528640704001522,3.724659444197711,3.7542887403290397,1.5993779824253473,-0.24795052319948674,-0.17786219904277267,0.2534860879748049
206.0,2.06,3.5156693679920465,0.12578819619269402,0.070606555727825,3.6455778052512327,-0.08747982708984159,1.908294259184483,3.7458291620139934,3.775316023300391,1.6040860589542694,-0.23015979402194686,-0.12973821804915842,0.30420820023021355
207.0,2.07,3.494764448923869,0.09426202048762797,0.08873938666790135,3.560302756302376,-0.12212503076741855,1.9888353527574367,3.766998879830275,3.7963433062717407,1.6087941354831912,-0.27223443090640576,-0.23604054996936474,0.38004121727424556
208.0,2.08,3.5661943203078685,0.15879856752601387,0.02296317894040095,3.5167023045137804,-0.010834614712887842,1.8776421273697028,3.7881685976465573,3.817370589243092,1.6135022120121132,-0.2219742773386888,-0.3006682847293116,0.2641399153575896
209.0,2.09,3.5970822576457566,0.19064307443099865,0.0007597939806420515,3.6920107003129963,-0.08520938375255122,1.817606628429774,3.809338315462838,3.8383978722144425,1.618210288541035,-0.21225605781708135,-0.14638717190144623,0.19939633988873906
210.0,2.1,3.5768568817535917,0.14427812377703797,0.021032358972157196,3.665167347842397,-0.02941730057543826,1.8340904449528934,3.8305080332791204,3.859425155185793,1.6229183650699568,-0.25365115152552864,-0.19425780734339604,0.21117207988293663
211.0,2.11,3.629609536040495,0.2937986868224813,0.1131152281794404,3.734305979287012,0.0031030683639273783,1.8931060615325324,3.851677751095402,3.8804524381571435,1.6276264415988786,-0.22206821505490693,-0.14614645887013156,0.26547961993365377
212.0,2.12,3.671376479670881,0.22646510952159796,0.0006787323570392989,3.687216205331733,-0.04393420618386394,1.883776920777628,3.8728474689116843,3.901479721128495,1.6323345181278008,-0.2014709892408031,-0.21426351579676162,0.2514424026498272
213.0,2.13,3.7609365588335195,0.18093079165617892,0.0356798412374707,3.697443590548614,-0.007275126395729933,1.8149697132416693,3.894017186727966,3.9225070040998444,1.6370425946567226,-0.1330806278944463,-0.2250634135512306,0.1779271185849467
214.0,2.14,3.6754620712730417,0.22782595911466275,0.10682723309027478,3.707010083693386,-0.00869736983974355,1.9046730706501755,3.9151869045442473,3.943534287071196,1.6417506711856447,-0.23972483327120564,-0.23652420337780988,0.2629223994645309
215.0,2.15,3.7485609818043586,0.11508951330249656,-0.010757439910945755,3.7370136621593004,-0.015024144452922501,1.8795802010492129,3.936356622360529,3.9645615700425454,1.6464587477145665,-0.18779564055617026,-0.22754790788324497,0.2331214533346464
216.0,2.16,3.7897693626063016,0.2283131272368993,0.06509760209873289,3.852132460383759,-0.06349848902971421,1.9963564232178461,3.9575263401768113,3.9855888530138968,1.6511668242434885,-0.16775697757050967,-0.13345639263013798,0.34518959897435764
217.0,2.17,3.810588239077228,0.21849233278172692,0.009556942511572734,3.780492405445467,-0.03868017052576299,1.956924046298008,3.978696057993093,4.006616135985247,1.65587490077241,-0.1681078189158649,-0.22612373053978008,0.3010491455255979
218.0,2.18,3.8203938488273015,0.16576869976386527,0.06986577963004104,3.7922596658665406,-0.008693295580118847,1.9064703682241495,3.999865775809375,4.027643418956598,1.660582977301332,-0.1794719269820737,-0.2353837530900571,0.24588739092281742
219.0,2.19,3.7243951585212134,0.12116767319737773,0.01502873649024639,3.7916854475849107,-0.030066646456721968,1.9756285176847883,4.021035493625655,4.048670701927948,1.6652910538302539,-0.296640335104442,-0.25698525434303754,0.3103374638545344
220.0,2.2,3.9729586535314425,0.1516476449744397,0.023110371030691277,3.891748418278279,0.08416260221754925,1.8616685692776402,4.042205211441938,4.0696979848993,1.669999130359176,-0.06924655791049528,-0.17794956662102068,0.19166943891846433
221.0,2.21,3.84296968826018,0.23045588934303543,0.1037768945533286,4.034617896286952,0.06296430058554053,1.9707287474943758,4.063374929258219,4.090725267870649,1.6747072068880977,-0.22040524099803926,-0.05610737158369705,0.29602154060627806
222.0,2.22,3.785897341856962,0.2564347216932581,0.07507301249336001,3.99071164029115,0.005825935149636494,1.941153598356789,4.084544647074502,4.1117525508420005,1.6794152834170197,-0.29864730521753957,-0.12104091055085053,0.2617383149397692
223.0,2.23,3.90725853950007,0.21353728490965349,-0.07228807381770029,3.9375306150770237,-0.06669661030224497,1.8791915332571627,4.105714364890783,4.13277983381335,1.6841233599459415,-0.19845582539071316,-0.1952492187363264,0.19506817331122117
224.0,2.24,3.940164637755881,0.11818701708995592,0.1055059594466641,4.078137654278595,0.02540247786701217,1.945325316864005,4.126884082707066,4.1538071167847015,1.6888314364748636,-0.18671944495118442,-0.07566946250610673,0.25649388038914145
225.0,2.25,3.853858829701736,0.15848489148856076,0.000138919275628541,4.0245828300131725,-0.05664705582030969,1.9126931314575841,4.148053800523346,4.174834399756052,1.6935395130037854,-0.2941949708216103,-0.15025156974287945,0.21915361845379877
226.0,2.26,3.9587865366602433,0.19487789524023644,-0.08740958944391117,3.9917311470030525,-0.06309531355187188,1.8849267913403023,4.169223518339628,4.195861682727402,1.6982475895327072,-0.21043698167938452,-0.20413053572434903,0.18667920180759512
227.0,2.27,4.037737467798403,0.10033360720536069,0.015256365550963116,4.049991648919132,-0.06184302945615471,1.9686985342582963,4.19039323615591,4.216888965698753,1.7029556660616292,-0.1526557683575076,-0.16689731677962083,0.26574286819666715
228.0,2.28,3.9912468728429156,0.22723518933960893,0.039173603683944916,4.019189464429545,0.019773380601643138,1.9987615743227458,4.211562953972192,4.2379162486701025,1.707663742590551,-0.22031608112927614,-0.21872678424055714,0.29109783173219483
229.0,2.29,4.017654272485683,0.1738875421166805,0.030687478409532794,4.090266525240297,-0.026226316204006783,1.980200657904814,4.232732671788474,4.258943531641454,1.712371819119473,-0.21507839930279093,-0.16867700640115668,0.2678288387853409
230.0,2.3,4.044254411558328,0.30475048595341553,0.17906513589486864,4.10911390462154,-0.006375080807590014,1.9572951836393813,4.253902389604755,4.279970814612804,1.7170798956483948,-0.20964797804642643,-0.17085690999126424,0.24021528799098646
231.0,2.31,3.979342416115459,0.16429483946641513,0.11913468234319961,4.16335937109174,-0.007593966650871307,2.0872781803279463,4.275072107421037,4.300998097584155,1.7217879721773168,-0.29572969130557825,-0.1376387264924146,0.3654902081506295
232.0,2.32,4.045331200345605,0.2085770873553891,0.052591825150932026,4.1323445798576754,-0.03709414213634993,1.9940275553857578,4.296241825237319,4.322025380555505,1.7264960487062386,-0.2509106248917137,-0.1896808006978299,0.2675315066795192
233.0,2.33,4.17625453100226,0.176275173897223,0.05055858659773961,4.182428989142445,0.03433330232053989,1.9919695304633593,4.317411543053601,4.343052663526857,1.7312041252351607,-0.141157012051341,-0.1606236743844116,0.2607654052281987
234.0,2.34,4.202062790530213,0.24666988018273803,0.07208585346905462,4.204910548185223,-0.028135142258799675,2.097526941068163,4.338581260869883,4.364079946498206,1.7359122017640825,-0.13651847033967002,-0.15916939831298293,0.3616147393040807
235.0,2.35,4.214225479733822,0.19511063998833353,0.10453620747813346,4.299376765200341,-0.07260988965201118,2.1137261551869306,4.359750978686165,4.385107229469558,1.7406202782930045,-0.14552549895234268,-0.08573046426921671,0.37310587689392616
236.0,2.36,4.219604218984477,0.14683743030031257,0.04412424329423662,4.260910892938893,-0.004749237516378205,2.0405192066924793,4.380920696502446,4.406134512440907,1.7453283548219263,-0.16131647751796852,-0.14522361950201468,0.29519085187055305
237.0,2.37,4.234654581241319,0.17858816835340852,0.011049834135446428,4.224759920856296,-0.04847466253995999,2.088973570354324,4.402090414318728,4.427161795412259,1.7500364313508483,-0.16743583307740906,-0.2024018745559628,0.33893713900347566
238.0,2.38,4.233874966930922,0.2408440189225604,-0.015340509311468976,4.209702598978497,-0.06089149098976376,2.1523001110772277,4.42326013213501,4.448189078383609,1.75474450787977,-0.18938516520408744,-0.23848647940511203,0.39755560319745764
239.0,2.39,4.205455394087467,0.23716630861777638,0.07907764659937959,4.376876421612191,-0.022090706373945265,1.9861813147367895,4.444429849951292,4.46921636135496,1.7594525844086921,-0.2389744558638247,-0.09233993974276888,0.22672873032809737
240.0,2.4,4.115569425763585,0.21075635444856,0.028852985964539717,4.38297795601921,-0.030600244492215704,2.078575337691487,4.4655995677675735,4.49024364432631,1.764160660937614,-0.3500301420039884,-0.10726568830710015,0.31441467675387313
241.0,2.41,4.276011705811993,0.26600662920470003,0.06269939709064018,4.34398620925845,-0.02291798563537174,2.019461427410475,4.486769285583855,4.511270927297661,1.768868737466536,-0.21075757977186171,-0.16728471803921163,0.25059268994393924
242.0,2.42,4.3273204594960095,0.359132880208279,0.036663445082142504,4.402287842559883,0.015253542759393222,2.105980994268044,4.5079390034001365,4.532298210269011,1.7735768139954577,-0.18061854390412702,-0.13001036770912844,0.33240418027258634
243.0,2.43,4.3128699313835455,0.23237209426489536,0.06231756179707454,4.360536694754806,-0.05862959706348586,2.092068592854201,4.529108721216419,4.553325493240362,1.7782848905243798,-0.21623878983287348,-0.19278879848555608,0.31378370232982133
244.0,2.44,4.363052802895033,0.16915868278641727,0.04126704859087395,4.484141701572488,-0.053122000503473654,2.0323756821170824,4.5502784390327005,4.574352776211712,1.7829929670533016,-0.18722563613766763,-0.09021107463922373,0.24938271506378085
245.0,2.45,4.403228460196903,0.22534144899315947,0.037160294702593015,4.447035720597697,0.07256231636604102,2.144493633208705,4.571448156848983,4.595380059183063,1.7877010435822236,-0.1682196966520797,-0.14834433858536666,0.3567925896264812
246.0,2.46,4.380704121185108,0.2525313929972692,0.05224701583275402,4.481280530203063,0.06437247409647592,2.074517127503896,4.5926178746652635,4.616407342154414,1.7924091201111454,-0.21191375348015562,-0.13512681195135112,0.28210800739275066
247.0,2.47,4.352599159549828,0.2920292379859525,0.021124389671419195,4.439454026607385,-0.056084724229420985,2.1204350243336583,4.613787592481546,4.637434625125764,1.7971171966400674,-0.2611884329317178,-0.19798059851837913,0.32331782769359085
248.0,2.48,4.535243013293197,0.26082286372546615,0.19891308429660423,4.612198772719391,-0.07399053666764731,2.0657655867471054,4.634957310297827,4.658461908097115,1.8018252731689892,-0.0997142970046303,-0.04626313537772386,0.2639403135781162
249.0,2.49,4.66442827794214,0.26339587322117697,0.08816731966950077,4.516377196494245,-0.07259812618627894,2.0443798228357064,4.65612702811411,4.679489191068466,1.8065333496979112,0.008301249828030599,-0.163111994574221,0.23784647313779517
250.0,2.5,4.49505650300113,0.24698282398323243,0.03921458845982534,4.459337928381172,-0.10664123548159582,2.084339950651946,4.677296745930391,4.700516474039816,1.8112414262268328,-0.18224024292926178,-0.24117854565864416,0.2730985244251132
251.0,2.51,4.375391391062584,0.17465071232688428,0.01119550150117598,4.501184499813289,-0.037832768830301115,2.159808606171905,4.698466463746673,4.721543757011166,1.8159495027557546,-0.3230750726840892,-0.2203592571978774,0.34385910341615045
252.0,2.52,4.478564366859409,0.29200193800442553,0.004353812939260368,4.4684233671171185,-0.026442897200327796,2.0871906004750387,4.719636181562954,4.742571039982518,1.8206575792846766,-0.24107181470354533,-0.2741476728653991,0.26653302119036204
253.0,2.53,4.479807413934434,0.25341511771214253,-0.03088683502711863,4.5689033021370244,-0.053965558097370865,2.1348241360787363,4.740805899379236,4.763598322953867,1.8253656558135984,-0.26099848544480153,-0.19469502081684276,0.3094584802651379
254.0,2.54,4.616504693264385,0.1960577146915044,0.008931245868288262,4.5232080758386255,0.012886959787044017,2.0833060330746704,4.761975617195518,4.784625605925219,1.8300737323425205,-0.14547092393113292,-0.2614175300865931,0.25323230073215
255.0,2.55,4.6528641921524905,0.13322129504118901,0.07870496810454805,4.551331303896929,-0.052645836367097736,2.131763411090282,4.7831453350118,4.805652888896568,1.8347818088714423,-0.13028114285930936,-0.25432158499963897,0.29698160221883985
256.0,2.56,4.584274180808985,0.1547276601974277,0.03129072146903723,4.740970839238204,0.009498631255248219,2.1397466113257884,4.804315052828082,4.8266801718679195,1.8394898854003643,-0.22004087201909694,-0.08570933262971536,0.3002567259254241
257.0,2.57,4.6877781326949615,0.27287020717233906,0.07740395938716137,4.62311022083297,-0.021434732676522683,2.0768615768842964,4.825484770644363,4.84770745483927,1.844197961929286,-0.1377066379494014,-0.22459723400629983,0.2326636149550103
258.0,2.58,4.631852322439653,0.2610312524233274,0.08210048401409356,4.701117905817036,0.12324547927750804,2.1466962637419806,4.846654488460645,4.8687347378106205,1.8489060384582081,-0.21480216602099222,-0.1676168319935849,0.2977902252837725
259.0,2.59,4.547547365974347,0.3258021256404616,0.033837678904440976,4.605720117627751,-0.07441311969499381,2.0223304288807826,4.867824206276927,4.889762020781971,1.85361411498713,-0.3202768403025802,-0.28404190315422007,0.16871631389365271
260.0,2.6,4.505166136485578,0.18264581020171952,0.05738215715990873,4.759477893452478,-0.11095907770522223,2.001999358220687,4.888993924093209,4.910789303753322,1.858322191516052,-0.3838277876076308,-0.1513114103008446,0.14367716670463504
261.0,2.61,4.694920882897514,0.23599426039122368,-0.044568033176650125,4.816977584652805,-0.1258274005030482,2.094157951685305,4.910163641909491,4.931816586724672,1.8630302680449737,-0.21524275901197676,-0.11483900207186704,0.2311276836403311
262.0,2.62,4.7657476581568075,0.34953221682460534,0.007615326334058239,4.79680701038785,0.010157224454818281,2.082940147410119,4.931333359725773,4.952843869696023,1.8677383445738958,-0.16558570156896568,-0.15603685930817335,0.21520180283622325
263.0,2.63,4.833187798403623,0.3712618909646186,0.08654427798948543,4.715371652803254,-0.03352042940349835,2.0036539503680957,4.952503077542054,4.973871152667373,1.8724464211028176,-0.11931527913843087,-0.2584994998641186,0.13120752926527812
264.0,2.64,4.751872047429936,0.2789748310908345,0.14191076824877788,4.8755300276454285,-0.05853915691985646,2.074626678009568,4.973672795358336,4.994898435638724,1.8771544976317396,-0.2218007479284001,-0.11936840799329573,0.19747218037782832
265.0,2.65,4.832536105342456,0.2691136015068051,0.18131987568604965,4.824515516218061,-0.019326627144203794,2.1079565279044297,4.994842513174618,5.015925718610075,1.8818625741606614,-0.16230640783216188,-0.19141020239201367,0.22609395374376828
266.0,2.66,4.851524744062901,0.24394692812331964,0.12268492987720236,4.690379165252359,0.013057234478305315,2.0422449533565543,5.0160122309909,5.036953001581425,1.8865706506895834,-0.16448748692799953,-0.3465738363290658,0.1556743026669709
267.0,2.67,4.878020101599522,0.24266903045523247,0.02923316998861807,4.830415037667858,-0.020529404660505627,2.0774425210817173,5.037181948807182,5.057980284552776,1.8912787272185052,-0.1591618472076597,-0.22756524688491808,0.18616379386321213
268.0,2.68,4.829727631860031,0.2976708115654548,0.09032076060738733,5.073644854863686,-0.0804097932158683,2.1949988657999087,5.058351666623463,5.079007567524127,1.8959868037474272,-0.22862403476343207,-0.005362712660440749,0.29901206205248143
269.0,2.69,4.897525865853056,0.3694749466041275,0.1340817657135129,5.0782285390618735,-0.04349039626144774,2.1178406636574625,5.079521384439745,5.100034850495477,1.900694880276349,-0.18199551858668883,-0.02180631143360312,0.21714578338111346
270.0,2.7,5.016233746553237,0.30291492787163815,0.1333798620370458,4.881666178872771,0.08973724679052571,2.0339796300408914,5.100691102256027,5.121062133466828,1.905402956805271,-0.08445735570279034,-0.23939595459405716,0.1285766732356204
271.0,2.71,4.901843002526353,0.31586458713499094,0.04573712382145524,4.955124423570903,-0.06493418569228249,1.9876694510325053,5.121860820072309,5.142089416438178,1.9101110333341929,-0.22001781754595573,-0.1869649928672743,0.0775584176983124
272.0,2.72,4.950585220142993,0.23046773822055805,0.057860200510257184,4.9833756744724775,0.028807096549387925,2.271026163087303,5.143030537888591,5.163116699409529,1.9148191098631149,-0.19244531774559803,-0.17974102493705146,0.35620705322418833
273.0,2.73,4.905024382589878,0.26503949039837493,0.005588016076032286,5.125208355838634,0.023471595674377815,2.2124171770313215,5.164200255704872,5.1841439823808795,1.9195271863920367,-0.25917587311499357,-0.0589356265422456,0.2928899906392848
274.0,2.74,4.982838560383809,0.35154527557631154,0.02902863331030614,5.257395652333719,0.03868445074641631,2.1666048278481838,5.185369973521154,5.20517126535223,1.9242352629209587,-0.20253141313734524,0.052224386981489346,0.24236956492722506
275.0,2.75,4.9551109211401,0.34083481036383856,0.03975747904150556,4.806621645835886,-0.03094372263210956,1.9897024118048603,5.2065396913374355,5.22619854832358,1.9289433394498805,-0.2514287701973359,-0.4195769024876945,0.06075907235497979
276.0,2.76,4.893734644856185,0.29481374359591755,0.11115571057810694,4.955603284744401,-0.00758655018887248,2.035766285474396,5.227709409153717,5.24722583129493,1.9336514159788023,-0.33397476429753237,-0.29162254655052866,0.10211486949559356
277.0,2.77,5.037499696409056,0.24417078498439365,0.0676540764610769,4.862183400719202,-0.0697950993800816,2.2095127080955015,5.2488791269699995,5.268253114266281,1.9383594925077243,-0.21137943056094333,-0.40606971354707966,0.27115321558777716
278.0,2.78,5.175549933610635,0.23231261635321215,0.0641068056384844,5.11538964917564,-0.11611041944292075,2.1922123187540654,5.270048844786281,5.289280397237632,1.9430675690366461,-0.0944989111756458,-0.173890748061992,0.2491447497174193
279.0,2.79,5.108335762904261,0.2016898608152878,0.17387635373338026,5.105854275550339,-0.015218580775916214,2.2435602952091576,5.2912185626025625,5.310307680208982,1.9477756455655681,-0.18288279969830157,-0.20445340465864348,0.2957846496435894
280.0,2.8,5.094661521778823,0.28095141971018117,0.10897839958349508,5.184953673228972,0.023142506795294643,2.148250938253833,5.312388280418844,5.331334963180333,1.95248372209449,-0.2177267586400209,-0.14638128995136057,0.1957672161593429
281.0,2.81,5.114690475742211,0.3863432938564039,0.14807452699503895,5.345215745973327,0.06959167308934716,2.193944520661415,5.333557998235126,5.352362246151684,1.957191798623412,-0.21886752249291508,-0.007146500178357051,0.23675272203800302
282.0,2.82,5.18952999507748,0.41854456369897997,0.09150069127326528,5.4127239022149105,0.05618765156553161,2.132096926780596,5.354727716051408,5.373389529123034,1.9618998751523338,-0.1651977209739277,0.039334373091876706,0.17019705162826226
283.0,2.83,5.127182852799045,0.316066151602583,0.08945713283008622,5.3093387420601506,0.0617564142001281,2.2903354765000987,5.37589743386769,5.394416812094385,1.9666079516812558,-0.2487145810686453,-0.08507807003423462,0.3237275248188429
284.0,2.84,5.1459102728188135,0.26528386646888213,0.18351091150825527,5.184293487162753,-0.05024897663927754,2.254413064690034,5.397067151683971,5.415444095065735,1.9713160282101774,-0.2511568788651575,-0.2311506079029817,0.28309703647985685
285.0,2.85,5.107819619245213,0.37565287465760466,0.1377873015125055,5.138844236242488,0.07959537760302415,2.16638473353138,5.418236869500253,5.436471378037086,1.9760241047390994,-0.31041725025503997,-0.2976271417945977,0.19036062879228055
286.0,2.86,5.293971216297108,0.27226678273043553,0.10536448868762177,5.164875529667181,-0.006118960540812447,2.1758472686327326,5.439406587316535,5.457498661008437,1.9807321812680212,-0.14543537101942672,-0.29262313134125595,0.1951150873647114
287.0,2.87,5.36115213727162,0.4202601765651225,0.11434091908280529,5.279611276342577,-0.0015266097287328592,2.159600411860138,5.460576305132817,5.478525943979787,1.9854402577969432,-0.0994241678611969,-0.19891466763720977,0.17416015406319496
288.0,2.88,5.255928458752906,0.29535016701724437,0.05184600765423688,5.414190247016491,0.01442228185211402,2.324828974837124,5.481746022949099,5.499553226951138,1.990148334325865,-0.22581756419619303,-0.08536297993464625,0.334680640511259
289.0,2.89,5.270963755410208,0.4158605543991342,0.1089783781332086,5.432327506641816,0.10471605509442874,2.2526477519230106,5.502915740765381,5.520580509922489,1.994856410854787,-0.23195198535517303,-0.08825300328067254,0.25779134106822355
290.0,2.9,5.2477827132379735,0.36044148616328436,0.20630452641440897,5.433615758139033,0.02450635483869367,2.24424162169442,5.524085458581662,5.5416077928938385,1.9995644873837088,-0.27630274534368837,-0.10799203475480557,0.24467713431071125
291.0,2.91,5.346509611641613,0.5642708656883688,0.10196217256361324,5.613833810040985,0.00019954215281983636,2.0635772376768378,5.545255176397944,5.56263507586519,2.0042725639126306,-0.1987455647563312,0.051198734175795124,0.059304673764207116
292.0,2.92,5.26355324806923,0.5553327235283742,-0.057884404651396625,5.599976243042356,-0.08676802393193717,2.110221714514969,5.566424894214226,5.5836623588365395,2.0089806404415524,-0.30287164614499584,0.016313884205816365,0.10124107407341665
293.0,2.93,5.348534189326559,0.5278813161652325,-0.018563732406612767,5.705937327297077,-0.10411961216009584,2.288861112029057,5.587594612030508,5.604689641807891,2.0136887169704747,-0.23906042270394945,0.10124768548918617,0.27517239505858226
294.0,2.94,5.377477660838294,0.41130228736292274,0.10707752109768252,5.4951063430899,-0.1896804033331086,2.1344153991123425,5.60876432984679,5.625716924779241,2.0183967934993965,-0.2312866690084956,-0.13061058168934103,0.11601860561294597
295.0,2.95,5.5610864123532,0.4231860419912149,0.1831696156791928,5.5991327546616905,-0.1037234782667758,2.084364036767707,5.629934047663071,5.646744207750592,2.0231048700283187,-0.06884763530987126,-0.047611453088901357,0.06125916673938825
296.0,2.96,5.383700085492163,0.35604918545582503,0.036592453924630335,5.714447176311025,-0.13822603532291328,2.1255002134872534,5.651103765479353,5.667771490721942,2.0278129465572405,-0.26740367998718995,0.04667568558908286,0.09768726693001284
297.0,2.97,5.334399416235631,0.38853196441989124,0.029023176120150516,5.548935967431068,-0.021833276953001614,2.231108864928429,5.672273483295635,5.688798773693294,2.0325210230861623,-0.337874067060004,-0.1398628062622258,0.19858784184226685
298.0,2.98,5.393630063824203,0.3935924297241129,-0.02292602818363404,5.368374047721707,0.1325902715219901,2.260466865652956,5.693443201111917,5.709826056664643,2.037229099615084,-0.29981313728771397,-0.3414520089429365,0.22323776603787193
299.0,2.99,5.407733292663462,0.30788088677048936,-0.07642207118716603,5.570781665909693,-0.037266433060273406,2.2924811691848213,5.714612918928199,5.730853339635995,2.041937176144006,-0.3068796262647373,-0.1600716737263017,0.2505439930408153
300.0,3.0,5.606673718330805,0.3916237033392018,0.02834679488006202,5.5776759094183275,0.0887801976109289,2.320196819450773,5.73578263674448,5.751880622607345,2.0466452526729277,-0.12910891841367444,-0.17420471318901765,0.2735515667778454
301.0,3.01,5.615418930695303,0.377131178076884,0.08033470927665098,5.720907225144322,0.15160806454216402,2.3146035950404875,5.756952354560761,5.772907905578695,2.0513533292018495,-0.1415334238654582,-0.05200068043437245,0.263250265838638
302.0,3.02,5.689592082539938,0.24865531244821035,0.08556899496639042,5.774114018900682,0.13766148558514127,2.2577198807315146,5.778122072377044,5.793935188550046,2.056061405730772,-0.08852998983710592,-0.0198211696493642,0.20165847500074285
303.0,3.03,5.641434507602132,0.29677797099123887,0.15041312287616343,5.696512183013015,0.0576930635986573,2.1542092530120858,5.799291790193325,5.814962471521396,2.0607694822596936,-0.15785728259119303,-0.11845028850838091,0.09343977075239218
304.0,3.04,5.737209574630258,0.389521550616297,0.1399346357553365,5.797522946948453,-0.03282589320277389,2.200613434177514,5.820461508009608,5.835989754492747,2.065477558788616,-0.08325193337934955,-0.03846680754429421,0.13513587538889826
305.0,3.05,5.853112540814883,0.4101114271769526,0.142760816364282,5.884971044663896,-0.17476259759178478,2.2532205513130616,5.841631225825889,5.8570170374640975,2.0701856353175376,0.011481314988993852,0.027954007199798347,0.18303491599552402
306.0,3.06,5.787373040049497,0.3523343748799378,0.16643381216593275,5.913353421882955,-0.019703914981130128,2.2770552420271684,5.862800943642171,5.878044320435448,2.0748937118464594,-0.07542790359267393,0.035309101447507096,0.20216153018070893
307.0,3.07,5.8191868395055915,0.362205186118546,0.08882756131206766,5.743953579796009,-0.07380491963785113,2.3742750484761146,5.883970661458452,5.8990716034067985,2.0796017883753812,-0.0647838219528607,-0.15511802361078963,0.29467326010073336
308.0,3.08,5.828150431036494,0.2550009988331199,0.06390731391081655,5.895285069536385,-0.017568662056526088,2.317219210617813,5.905140379274735,5.92009888637815,2.084309864904303,-0.07698994823824012,-0.02481381684176487,0.23290934571351007
309.0,3.09,5.594971334615963,0.35250293800131866,0.028429512366608966,5.8720649901758595,-0.004125201769105688,2.2252871024743657,5.926310097091016,5.941126169349499,2.089017941433225,-0.33133876247505345,-0.06906117917363996,0.13626916104114084
310.0,3.1,5.708246037975481,0.44929417078570244,0.0971487768386746,5.880187013619672,-0.12033292115043177,2.1405243773002236,5.9474798149072985,5.962153452320851,2.093726017962147,-0.23923377693181713,-0.08196643870117892,0.04679835933807652
311.0,3.11,5.699742671479668,0.488034473329251,0.1419495649632879,5.990191570401359,-0.06640117776608488,2.2348212577098896,5.968649532723579,5.9831807352922,2.098434094491069,-0.26890686124391117,0.007010835109158897,0.13638716321882072
312.0,3.12,5.757131211448075,0.46688233604655327,0.16306092631541838,5.784103673447134,0.04426598305078907,2.1301322442467816,5.9898192505398615,6.004208018263552,2.103142171019991,-0.23268803909178626,-0.22010434481641816,0.02699007322679048
313.0,3.13,5.901518471703809,0.4078767914346105,0.23173031714715078,5.828948175081075,-0.04267500491311311,2.2243800093530792,6.010988968356143,6.025235301234902,2.107850247548913,-0.10947049665233433,-0.19628712615382682,0.1165297618041663
314.0,3.14,5.973046005176888,0.38835382186288386,0.2996731074441316,5.94123718516603,-0.019074135495036535,2.180772323303777,6.0321586861724255,6.046262584206253,2.1125583240778347,-0.059112680995537126,-0.10502539904022257,0.06821399922594207
315.0,3.15,5.971551371492774,0.294786803523551,0.1447943805361259,5.933442199137105,0.008774400989615192,2.2157804154431067,6.053328403988707,6.067289867177603,2.1172664006067565,-0.08177703249593282,-0.13384766804049786,0.09851401483635014
316.0,3.16,5.904985814730449,0.18244154838428114,0.07911057462545563,6.077714802707968,0.0040220385702485996,2.3217968967645097,6.074498121804989,6.088317150148955,2.1219744771356783,-0.16951230707454013,-0.010602347440986648,0.1998224196288314
317.0,3.17,5.842570619462767,0.23534883997200123,0.03134877101338972,5.954611983967382,-0.12030260142634101,2.292685900421624,6.09566783962127,6.109344433120304,2.1266825536646,-0.25309722015850333,-0.15473244915292206,0.16600334675702388
318.0,3.18,5.841143645938498,0.23852454148579078,-0.06114106577707196,5.878055697874024,-0.10979720148352795,2.206749861747225,6.116837557437552,6.1303717160916555,2.131390630193522,-0.2756939114990544,-0.2523160182176314,0.07535923155370305
319.0,3.19,5.87727576379884,0.20933549563484052,0.03568217279444924,6.0534186332599695,-0.07382805163206836,2.2299923015656438,6.138007275253834,6.151398999063005,2.1360987067224437,-0.26073151145499374,-0.0979803658030356,0.09389359484320003
320.0,3.2,6.1022666006025705,0.4641457135855746,0.04893996765474028,5.910936512972795,-0.0761515904564566,2.212275560730806,6.159176993070116,6.1724262820343565,2.140806783251366,-0.05691039246754581,-0.2614897690615612,0.0714687774794398
321.0,3.21,6.100693599690607,0.5012133737808615,0.07589450111444475,6.0069528860006125,-0.20309049388183284,2.190813958324746,6.180346710886398,6.193453565005707,2.1455148597802878,-0.07965311119579077,-0.18650067900509448,0.04529909854445835
322.0,3.22,6.103827228945232,0.4764871132859996,0.07308699969442974,6.204994526344407,-0.1335291259664991,2.2068402064945927,6.201516428702679,6.2144808479770575,2.15022293630921,-0.09768919975744694,-0.009486321632650174,0.05661727018538265
323.0,3.23,6.16376468165218,0.36704040244956093,0.008536071670419521,6.169246753368916,-0.061382120511946886,2.2205278463569704,6.222686146518961,6.235508130948408,2.154931012838132,-0.05892146486678129,-0.06626137757949202,0.0655968335188386
324.0,3.24,6.086046205689555,0.32034428161963224,0.12104630185383818,6.170824218597229,-0.07470793217758884,2.2402481814306587,6.243855864335243,6.256535413919759,2.1596390893670536,-0.15780965864568852,-0.08571119532253046,0.08060909206360511
325.0,3.25,6.0809087384086284,0.3817037018992148,0.08943253715491886,6.275200098011302,-0.15617528542653825,2.185953805816512,6.265025582151525,6.277562696891109,2.1643471658959754,-0.18411684374289639,-0.002362598879806832,0.021606639920536796
326.0,3.26,6.20838206542587,0.45572436375427094,0.062380134222860366,6.387820201985541,-0.06448228338787507,2.321859680757613,6.286195299967806,6.298589979862459,2.1690552424248972,-0.077813234541936,0.0892302221230814,0.15280443833271562
327.0,3.27,6.23199026415254,0.42710028361491437,0.13045714916331425,6.397251607071836,-0.06888794752716017,2.2634349996865653,6.307365017784089,6.31961726283381,2.173763318953819,-0.07537475363154833,0.07763434423802629,0.08967168073274623
328.0,3.28,6.123665762122874,0.32752114956013845,0.15800341762278344,6.472059683473498,-0.040086404996454994,2.2665533637065525,6.328534735600369,6.34064454580516,2.178471395482741,-0.20486897347749533,0.13141513766833768,0.08808196822381165
329.0,3.29,6.145864861456122,0.4121895478247481,0.1714508630002955,6.370544688978236,-0.08113187166999543,2.3205470438282303,6.349704453416652,6.361671828776512,2.183179472011663,-0.2038395919605298,0.008872860201724286,0.13736757181656722
330.0,3.3,6.233369004708987,0.4991663040178224,0.24341564350443357,6.343919535600282,-0.0267479699218545,2.327261532950022,6.370874171232933,6.382699111747861,2.187887548540585,-0.13750516652394662,-0.03877957614757932,0.13937398440943705
331.0,3.31,6.335239766297689,0.5185748952072446,0.047061704068705475,6.294914971953367,-0.010658712805738093,2.2452761116365867,6.392043889049216,6.403726394719213,2.192595625069507,-0.0568041227515268,-0.10881142276584566,0.052680486567079576
332.0,3.32,6.224826121650756,0.4706825512068888,0.02826546379876106,6.462817318610693,-0.06911538563983301,2.3000471356005967,6.413213606865497,6.424753677690562,2.197303701598429,-0.1883874852147409,0.03806364092013048,0.10274343400216779
333.0,3.33,6.144242461014515,0.44181206914924265,0.02181853278290332,6.580093964332601,-0.06038996359374057,2.264106803945954,6.434383324681779,6.445780960661914,2.2020117781273507,-0.290140863667264,0.13431300367068744,0.06209502581860349
334.0,3.34,6.325386565655363,0.4560864065050891,0.022640198690213248,6.619203482906754,-0.15571659555528686,2.2633650600465773,6.45555304249806,6.466808243633264,2.2067198546562725,-0.1301664768426969,0.1523952392734902,0.05664520539030482
335.0,3.35,6.196204993829106,0.4350222503394009,0.04685252639678393,6.525193046242053,-0.07630623306170743,2.2280475593819826,6.476722760314343,6.487835526604615,2.2114279311851943,-0.28051776648523674,0.03735751963743805,0.016619628196788305
336.0,3.36,6.216783420821544,0.5265953892032973,0.09191679057021739,6.465266368866957,-0.041716637059307754,2.2019790893796407,6.497892478130624,6.508862809575965,2.216136007714116,-0.28110905730908,-0.04359644070900792,-0.01415691833447541
337.0,3.37,6.439679779400473,0.5967414591296967,0.11052931340487682,6.598349668957875,-0.014488131167535416,2.30164192780826,6.519062195946907,6.5298900925473164,2.2208440842430384,-0.07938241654643363,0.06845957641055822,0.08079784356522168
338.0,3.38,6.49995801739804,0.6461587595670456,0.0534661188413222,6.514670626306646,0.001013689494951681,2.3865921003153945,6.540231913763187,6.550917375518666,2.22555216077196,-0.040273896365147444,-0.03624674921201976,0.16103993954343432
339.0,3.39,6.626874620721186,0.47523153336778634,-0.02076417313811666,6.405337294529186,-0.037071202097758146,2.313804170062536,6.56140163157947,6.571944658490017,2.2302602373008824,0.06547298914171673,-0.1666073639608312,0.0835439327616534
340.0,3.4,6.475454074580705,0.44243007408946794,0.036807502877710105,6.521961469309744,-0.05916242592662504,2.1538572574281067,6.582571349395751,6.592971941461367,2.234968313829804,-0.10711727481504596,-0.07101047215162293,-0.08111105640169747
341.0,3.41,6.374431034114605,0.2635544849543015,0.07664952318464235,6.583106081836133,0.02150940479107724,2.1446096319921364,6.603741067212034,6.613999224432718,2.239676390358726,-0.2293100330974287,-0.030893142596585044,-0.09506675836658962
342.0,3.42,6.294955949928042,0.2911611477415456,0.08911869593144413,6.530755835270869,0.009087673474200262,2.2298449613230766,6.624910785028315,6.635026507404069,2.244384466887648,-0.32995483510027324,-0.10427067213320029,-0.014539505564571176
343.0,3.43,6.62542585184585,0.3165303639971337,0.09409507286969165,6.4937975744270995,-0.05622123360216573,2.3789089531861394,6.6460805028445975,6.656053790375419,2.2490925434165696,-0.020654650998747748,-0.16225621594831985,0.12981640976956976
344.0,3.44,6.5199607823117125,0.5216826626151587,0.13806728870455576,6.657594224707431,-0.04248420270284115,2.481284238311003,6.667250220660878,6.67708107334677,2.2538006199454914,-0.14728943834916564,-0.019486848639338916,0.22748361836551156
345.0,3.45,6.457443325403267,0.5490475494124073,0.11362957310489062,6.544422075787684,-0.14504605418581668,2.605283642913877,6.6884199384771605,6.698108356318121,2.2585086964744137,-0.23097661307389394,-0.15368628053043754,0.34677494643946316
346.0,3.46,6.638922868361491,0.42673048907060185,0.13469970407609058,6.670124422571492,-0.13861875682726685,2.5525875187575777,6.709589656293442,6.719135639289471,2.2632167730033355,-0.07066678793195091,-0.04901121671797881,0.28937074575424226
347.0,3.47,6.373829105229108,0.4219866566043426,0.11087840324144044,6.60254188843087,-0.03351172218450836,2.5142367298927057,6.7307593741097245,6.740162922260822,2.2679248495322577,-0.35693026888061663,-0.1376210338299524,0.24631188036044804
348.0,3.48,6.4164477154371955,0.4511332337315657,0.08189506856576355,6.637063662642774,-0.058556665098244254,2.3329593593493367,6.751929091926006,6.761190205232172,2.2726329260611795,-0.3354813764888105,-0.12412654258939781,0.06032643328815723
349.0,3.49,6.555338601388561,0.4655064421737287,0.11814365068887385,6.649875542148066,-0.01721068053998766,2.451563265011658,6.7730988097422875,6.782217488203523,2.2773410025901013,-0.21776020835372645,-0.13234194605545735,0.1742222624215568
350.0,3.5,6.742953171011354,0.43075437116478293,0.07662440678748893,6.719614033758561,-0.15842076616014508,2.531989235777826,6.794268527558569,6.803244771174874,2.282049079119023,-0.05131535654721464,-0.08363073741631233,0.24994015665880287
351.0,3.51,6.647474129125463,0.5238745952019431,0.15941445095939896,6.850485985533096,-0.1965411142256892,2.5912335076815225,6.8154382453748505,6.824272054146223,2.286757155647945,-0.16796411624938745,0.02621393138687278,0.3044763520335776
352.0,3.52,6.663045563000631,0.465599709924743,0.2249053996261688,7.017566920365516,-0.06754973381806273,2.6020444719800144,6.836607963191133,6.8452993371175745,2.2914652321768667,-0.17356240019050162,0.17226758324794123,0.3105792398031477
353.0,3.53,6.686302754004698,0.3852849528044713,0.17892837122513214,6.969428204087317,-0.11623850059380028,2.660696574377903,6.8577776810074145,6.866326620088925,2.2961733087057885,-0.17147492700271627,0.10310158399839153,0.3645232656721147
354.0,3.54,6.806016276929462,0.3357133517776885,0.13318035721558247,6.929942135767902,-0.053861709613582026,2.4138544475371386,6.878947398823697,6.8873539030602755,2.3008813852347103,-0.07293112189423478,0.042588232707626794,0.11297306230242832
355.0,3.55,6.796736333922825,0.32966826149801093,0.1926144340604726,6.921862680409873,-0.021157015819100067,2.1984451849767535,6.9001171166399775,6.908381186031626,2.305589461763632,-0.1033807827171529,0.013481494378247305,-0.10714427678687866
356.0,3.56,6.92137925143072,0.3197562884545851,0.09997965350357928,6.805931830083153,0.06457923460273413,2.3805103485342243,6.92128683445626,6.929408469002977,2.3102975382925544,9.241697445983021e-05,-0.12347663891982474,0.07021281024166992
357.0,3.57,6.730950246166612,0.29345334439443405,-0.004479028048260191,6.9622349016197695,0.08471058213971207,2.379187895711815,6.942456552272541,6.950435751974327,2.315005614821476,-0.21150630610592902,0.011799149645442597,0.06418228089033873
358.0,3.58,6.866136022636967,0.319364144326918,0.05134458880184523,6.987345949026156,-0.020593673381763284,2.3607513088451597,6.963626270088824,6.971463034945678,2.3197136913503984,-0.09749024745185686,0.015882914080477484,0.041037617494761314
359.0,3.59,7.00481017199263,0.3903558546678571,-0.03624574868598776,7.183423155219279,-0.02408685265441859,2.302839036982055,6.984795987905105,6.992490317917028,2.32442176787932,0.020014184087524534,0.19093283730225075,-0.021582730897265368
360.0,3.6,6.943590888006212,0.3964703965086133,-0.03498505086599262,7.26379759709858,-0.08452414458932307,2.4235222540731853,7.005965705721387,7.013517600888379,2.329129844408242,-0.062374817715174835,0.2502799962102005,0.09439240966494333
361.0,3.61,7.019039098445996,0.43660426582076894,0.17286168408556354,7.170624320450162,0.04220843408670937,2.2675685145943136,7.027135423537668,7.03454488385973,2.333837920937164,-0.008096325091672796,0.13607943659043187,-0.06626940634285017
362.0,3.62,6.9992258089552175,0.537299325002834,0.20707927731308218,7.012496134175371,0.07065358039560866,2.2873541730315217,7.048305141353951,7.05557216683108,2.3385459974660856,-0.0490793323987333,-0.04307603265570936,-0.05119182443456394
363.0,3.63,7.178669341961517,0.5855039389301504,0.07317158589752104,7.156326016555544,0.009568512351220285,2.3130636779898253,7.069474859170232,7.076599449802431,2.3432540739950074,0.10919448279128474,0.07972656675311285,-0.03019039600518214
364.0,3.64,7.238019568255168,0.5625519057992756,0.12044099635680021,7.197783130528666,-0.09831342355151074,2.3419250246083214,7.090644576986515,7.097626732773782,2.3479621505239296,0.14737499126865305,0.10015639775488427,-0.006037125915608232
365.0,3.65,6.984733804014421,0.4837226157643489,0.10819801296322103,7.204209999223886,-0.11334368860841261,2.478539183145599,7.111814294802795,7.118654015745132,2.3526702270528514,-0.1270804907883747,0.0855559834787547,0.12586895609274773
366.0,3.66,7.152427654858299,0.3690860079567795,0.12086446653137176,7.41716018511352,-0.1577747059213715,2.466393872189624,7.132984012619078,7.139681298716483,2.3573783035817737,0.019443642239220793,0.277478886397037,0.10901556860785044
367.0,3.67,7.252971409873447,0.3715505656933881,0.023780887370885233,7.263123612777286,-0.06106800927612931,2.5236855834350225,7.154153730435359,7.160708581687833,2.3620863801106955,0.0988176794380875,0.10241503108945338,0.16159920332432698
368.0,3.68,7.274593103234308,0.5361442258659581,0.07761863631773318,7.57835482199621,-0.049505607192263976,2.3862902189356134,7.175323448251642,7.181735864659184,2.3667944566396173,0.09926965498266593,0.3966189573370258,0.019495762295996144
369.0,3.69,7.2405287482162795,0.5347651385071563,0.13880153039784043,7.363277696439905,-0.011876218026799015,2.270283933865901,7.196493166067923,7.2027631476305345,2.371502533168539,0.044035582148356234,0.16051454880937044,-0.10121859930263799
370.0,3.7,7.077167029509428,0.5704036940852524,0.022759221408133943,7.439721001671507,-0.03498881320859549,2.385834393283012,7.217662883884206,7.223790430601885,2.376210609697461,-0.14049585437477763,0.215930571069622,0.009623783585551049
371.0,3.71,7.121214072502158,0.5726588040020729,-0.04768527376996317,7.322886854649519,-0.09610301272688708,2.291165515914561,7.238832601700486,7.2448177135732355,2.3809186862263827,-0.11761852919832805,0.07806914107628327,-0.0897531703118215
372.0,3.72,7.255347417653152,0.554293047184416,0.18999545775479987,7.3614683256620514,-0.15166829834316567,2.216279295837954,7.260002319516769,7.265844996544587,2.385626762755305,-0.004654901863617056,0.09562332911746463,-0.16934746691735114
373.0,3.73,7.44882919647525,0.4102947122469463,0.17433953651754525,7.305988439159389,-0.13007071313345822,2.37842014321967,7.28117203733305,7.286872279515936,2.3903348392842267,0.16765715914220003,0.01911615964345259,-0.01191469606455664
374.0,3.74,7.334769510081512,0.3534194949097022,0.20116603714709583,7.118187768781371,-0.10595668278802062,2.4439464061309994,7.302341755149333,7.307899562487288,2.395042915813149,0.0324277549321792,-0.18971179370591695,0.04890349031785046
375.0,3.75,7.373152260306205,0.3747628259260967,0.17526897136835395,7.308243648947906,-0.06993030453044638,2.4063086550965918,7.323511472965614,7.328926845458637,2.399750992342071,0.049640787340591075,-0.02068319651073125,0.006557662754520965
376.0,3.76,7.377923293818413,0.5917510582942365,0.11478077636989704,7.515514377428597,-0.1350304745199422,2.4852337657488697,7.344681190781895,7.349954128429988,2.4044590688709926,0.03324210303651842,0.16556024899860944,0.08077469687787708
377.0,3.77,7.462202087909513,0.5238807086751779,0.12261458937485019,7.526791367647876,-0.09900014078177445,2.501180701974294,7.365850908598177,7.370981411401339,2.4091671453999144,0.09635117931133586,0.1558099562465367,0.0920135565743796
378.0,3.78,7.586998667072577,0.638416825194214,-0.007929235388699713,7.573215098905808,-0.07481287034554196,2.3736230727276286,7.38702062641446,7.392008694372689,2.413875221928836,0.19997804065811753,0.18120640453311943,-0.040252149201207565
379.0,3.79,7.6374475226106915,0.7514285260729703,0.11455745824659741,7.659081271029894,-0.0628518605327673,2.3266299297846404,7.408190344230741,7.41303597734404,2.418583298457758,0.2292571783799504,0.24604529368585393,-0.09195336867311754
380.0,3.8,7.748882187980399,0.850083992497053,0.12095097244962826,7.614125415893153,0.044137025837360996,2.2791944897630088,7.429360062047023,7.43406326031539,2.42329137498668,0.3195221259333767,0.1800621555777635,-0.14409688522367103
381.0,3.81,7.777013433709492,0.6396271622987162,0.14006447408591127,7.511388357044128,-0.13989001317068758,2.3600496562496645,7.450529779863304,7.455090543286742,2.427999451515602,0.3264836538461875,0.05629781375738574,-0.06794979526593758
382.0,3.82,7.722923988694458,0.47648968027734767,0.23170886769837468,7.525772814758359,-0.007326092157463321,2.5127840808194035,7.471699497679586,7.476117826258092,2.432707528044524,0.251224491014872,0.04965498850026773,0.08007655277487968
383.0,3.83,7.6924287642200335,0.5977724708958931,0.2525113831788886,7.630282381292799,-0.01989541454763196,2.718948372994833,7.492869215495869,7.497145109229443,2.437415604573446,0.1995595487241646,0.13313727206335635,0.28153276842138686
384.0,3.84,7.58766822636142,0.51234533659608,0.16887109127363123,7.730007203633655,-0.1301967831038552,2.6859898312614785,7.514038933312149,7.518172392200793,2.4421236811023674,0.07362929304927146,0.21183481143286276,0.24386615015911106
385.0,3.85,7.6552748478188954,0.3972515059643248,0.14848871652176082,7.667791339429533,-0.2847848131497777,2.5146183529471906,7.535208651128432,7.539199675172144,2.4468317576312897,0.12006619669046348,0.12859166425738877,0.06778659531590092
386.0,3.86,7.775546024349565,0.4492723473137232,-0.04406533018013392,7.964678547934651,-0.20373390395615204,2.5107434230996364,7.5563783689447135,7.5602269581434935,2.4515398341602115,0.21916765540485184,0.40445158979115714,0.0592035889394249
387.0,3.87,7.397800706005966,0.30352623228233727,-0.05966542524944849,7.95231456489624,-0.10470742941995692,2.554844049602186,7.577548086760995,7.581254241114845,2.4562479106891333,-0.17974738075502916,0.3710603237813954,0.09859613891305274
388.0,3.88,7.28907394118549,0.4529961104148641,0.05454225539015488,7.531659855962227,-0.18308577979928264,2.590239986058284,7.5987178045772765,7.6022815240861945,2.460955987218055,-0.30964386339178684,-0.07062166812396775,0.1292839988402288
389.0,3.89,7.276410875699377,0.5636368795280579,0.03696728574629718,7.5274921822090395,-0.06393719470526503,2.4255350258817634,7.61988752239356,7.623308807057546,2.465664063746977,-0.34347664669418254,-0.0958166248485064,-0.04012903786521349
390.0,3.9,7.359103736610086,0.5560419513657588,0.15484011473176448,7.752852271044618,-0.0701806890488754,2.2590641855007614,7.64105724020984,7.6443360900288955,2.4703721402758987,-0.2819535035997536,0.10851618101572225,-0.2113079547751373
391.0,3.91,7.624069312229415,0.6774496530893154,0.19260576828509965,7.762642577884343,-0.11398624435304705,2.279785761796577,7.662226958026123,7.665363373000247,2.475080216804821,-0.03815764579670766,0.0972792048840958,-0.19529445500824405
392.0,3.92,7.571738316014489,0.6664942996174613,0.1649316150955544,8.009398261699658,-0.09896000705977655,2.362997277545772,7.683396675842404,7.686390655971596,2.4797882933337427,-0.11165835982791528,0.323007605728062,-0.11679101578797058
393.0,3.93,7.64303201232995,0.7329541850920028,0.14730882177004642,8.039921702192997,-0.25454275060107245,2.4558239394334893,7.704566393658686,7.707417938942948,2.484496369862665,-0.06153438132873568,0.33250376325004893,-0.028672430429175666
394.0,3.94,7.767997402373742,0.7529131311184387,0.21168853842532667,7.923333089456999,-0.24088331766349985,2.4319949549421795,7.725736111474967,7.728445221914299,2.489204446391587,0.042261290898774284,0.1948878675426995,-0.057209491449407235
395.0,3.95,7.926747833874534,0.5854626096064238,0.2950210752551172,7.841824059667648,-0.29634542924035434,2.609259539587109,7.746905829291249,7.749472504885649,2.4939125229205086,0.1798420045832847,0.09235155478199886,0.11534701666660041
396.0,3.96,7.929415207698149,0.5163147767489144,0.1274675538415108,7.790593993574837,-0.216843554243976,2.5966163476817563,7.7680755471075305,7.770499787857,2.4986205994494304,0.16133966059061855,0.02009420571783682,0.09799574823232593
397.0,3.97,7.8140300471710145,0.512919168701307,0.005028909224011352,7.711497953023211,0.015218457905627062,2.553747843777589,7.789245264923814,7.7915270708283515,2.503328675978352,0.02478478224720071,-0.08002911780514044,0.05041916779923694
398.0,3.98,7.7399817618254065,0.6544982177250922,0.12358250280775968,7.722266522664511,0.11082587646163494,2.354267481423115,7.810414982740095,7.812554353799701,2.508036752507274,-0.07043322091468873,-0.09028783113519001,-0.15376927108415916
399.0,3.99,7.747806003651338,0.6255323527401526,0.14479523058326196,7.783325848022423,0.1091383834464486,2.188387445859279,7.831584700556377,7.8335816367710525,2.5127448290361962,-0.08377869690503914,-0.050255788748629016,-0.3243573831769173
400.0,4.0,7.968601436866609,0.6878191440576564,0.20946753117218095,7.898265785888986,0.23340854489175786,2.3634054862880207,7.852754418372658,7.854608919742402,2.517452905565118,0.11584701849395085,0.04365686614658415,-0.1540474192770973
401.0,4.01,7.847258371251501,0.7231725350665128,0.1377371395244194,7.793326460763161,0.1543869942114534,2.2137167571857193,7.87392413618894,7.875636202713752,2.52216098209404,-0.026665764937439107,-0.08230974195059026,-0.3084442249083206
402.0,4.02,7.818785238879268,0.7010929088544322,0.23510806463020875,7.751461776813643,0.030448718995738262,2.3687220093772225,7.895093854005221,7.896663485685103,2.5268690586229616,-0.07630861512595377,-0.14520170887146033,-0.15814704924573908
403.0,4.03,7.855094054176753,0.6687357399117266,0.1830744204436643,7.976911543582152,-0.07143698710406464,2.3031597931137653,7.916263571821505,7.917690768656454,2.531577135151884,-0.061169517644751537,0.05922077492569766,-0.2284173420381186
404.0,4.04,8.119556195834184,0.6525426052836212,0.22317683063425578,7.70260886650414,-0.25289179755117397,2.477682993263118,7.937433289637786,7.938718051627804,2.5362852116808057,0.1821229061963976,-0.23610918512366386,-0.058602218417687535
405.0,4.05,8.194295283313966,0.4656464552249667,0.17077388403296978,7.5628585067728045,-0.4008872751807583,2.5394618652071452,7.958603007454068,7.959745334599155,2.5409932882097275,0.23569227585989871,-0.3968868278263509,-0.001531423002582244
406.0,4.06,8.280546066430645,0.5131875672676701,0.04279068405447025,7.819547480254561,-0.46404488497618,2.565293591771329,7.979772725270347,7.980772617570505,2.5457013647386493,0.30077334116029775,-0.16122513731594434,0.0195922270326796
407.0,4.07,8.208570948005917,0.4228293682514895,0.04652145398901401,7.73720004083335,-0.5168089880012323,2.5827467496605574,8.00094244308663,8.001799900541856,2.5504094412675715,0.20762850491928653,-0.26459985970850664,0.032337308392985875
408.0,4.08,8.136654969736822,0.5192424989530595,0.06689724533731081,7.8288580567789445,-0.23706451616695465,2.5318233373240973,8.022112160902912,8.022827183513208,2.5551175177964933,0.11454280883391021,-0.19396912673426314,-0.023294180472396064
409.0,4.09,8.0117523284409,0.5371469751375826,0.06675897660579937,7.9136406169357425,-0.18711963413317992,2.6220858129163656,8.043281878719194,8.043854466484557,2.559825594325415,-0.03152955027829307,-0.13021384954881476,0.062260218590950434
410.0,4.1,8.062129252757453,0.565481229652722,-0.03265163893147715,8.219902129037216,-0.14081263410472344,2.319197977311608,8.064451596535475,8.064881749455907,2.564533670854337,-0.0023223437780224288,0.155020379581309,-0.24533569354272888
411.0,4.11,8.015356857021462,0.6325846797874687,0.01799195837794966,8.38889349795726,-0.06156079864370655,2.378520963863242,8.085621314351759,8.085909032427258,2.569241747383259,-0.07026445733029618,0.30298446553000247,-0.1907207835200171
412.0,4.12,7.990402292798413,0.6934840654740327,0.02549149542093244,8.22289550856434,-0.15463210367376695,2.3174194791656006,8.10679103216804,8.10693631539861,2.573949823912181,-0.11638873936962746,0.11595919316573067,-0.2565303447465803
413.0,4.13,8.246277741675737,0.6888692038876475,0.22491430691746106,8.201253227831618,-0.19427743955050822,2.332439250128556,8.127960749984322,8.12796359836996,2.5786579004411028,0.1183169916914153,0.07328962946165873,-0.24621865031254675
414.0,4.14,8.175683251456325,0.5625867746427162,0.15643206395176265,8.33845720932848,-0.27175634547873523,2.5613901963676042,8.149130467800603,8.148990881341309,2.5833659769700246,0.026552783655722223,0.1894663279871711,-0.021975780602420336
415.0,4.15,8.39939825282887,0.6086769595924943,0.2322680677625905,8.124117883953609,-0.27444799536564957,2.6428045138739815,8.170300185616886,8.170018164312662,2.588074053498947,0.229098067211984,-0.045900280359052914,0.054730460375034706
416.0,4.16,8.275736317850585,0.6290956528134803,0.1087595757434093,7.992071298873368,-0.2727987862251746,2.568016339936774,8.191469903433168,8.191045447284012,2.5927821300278686,0.08426641441741722,-0.19897414841064354,-0.024765790091094697
417.0,4.17,8.439810151156683,0.7083797530784227,0.007628049145296323,8.106241972712843,-0.3569552181684931,2.61436817221733,8.212639621249448,8.212072730255361,2.59749020655679,0.22717052990723552,-0.10583075754251858,0.016877965660540006
418.0,4.18,8.25859795624974,0.7639764839968175,0.03454443196979136,8.096649823091632,-0.338821208676036,2.594421593506733,8.23380933906573,8.233100013226712,2.6021982830857118,0.024788617184011486,-0.13645019013508097,-0.007776689578978591
419.0,4.19,8.214685686849366,0.7102019974003353,0.02106335095354579,8.17200677146204,-0.2842168716252056,2.5131186289982397,8.254979056882013,8.254127296198064,2.6069063596146345,-0.040293370032646436,-0.08212052473602327,-0.09378773061639478
420.0,4.2,8.210923098665791,0.7368799254145607,-0.10339081875206504,8.276294179180955,-0.14318866325571852,2.353196618001493,8.276148774698294,8.275154579169413,2.6116144361435563,-0.06522567603250273,0.0011396000115411198,-0.2584178181420631
421.0,4.21,8.307670856652598,0.7969324451457631,0.08833402171056066,8.66347616990099,-0.05591653844681153,2.457341234224755,8.297318492514576,8.296181862140765,2.616322512672478,0.010352364138022097,0.36729430776022554,-0.15898127844772292
422.0,4.22,8.373191931218505,0.7771755382126084,0.23666112354783453,8.641566568450243,-0.13232474667354707,2.3797178836094566,8.318488210330857,8.317209145112114,2.6210305892014,0.05470372088764819,0.3243574233381281,-0.2413127055919433
423.0,4.23,8.58464505951486,0.7051848310091782,0.21389801703646297,8.784581068259333,-0.05047923234907061,2.516654051238643,8.33965792814714,8.338236428083466,2.6257386657303217,0.24498713136772032,0.4463446401758677,-0.10908461449167861
424.0,4.24,8.494231057705603,0.6613020087518438,0.1822839056714055,8.544719955502526,-0.014862752387582102,2.5086899479344784,8.360827645963422,8.359263711054817,2.6304467422592435,0.13340341174218118,0.18545624444770858,-0.12175679432476505
425.0,4.25,8.459361901191183,0.49403576567508317,0.24624187350334853,8.616725198626423,-0.17947824415668973,2.5195876909214396,8.381997363779703,8.380290994026167,2.6351548187881657,0.07736453741147997,0.23643420460025588,-0.11556712786672607
426.0,4.26,8.697577202877927,0.5771915803535443,0.26244478611503813,8.593636088845184,-0.17128648300832974,2.534038918854055,8.403167081595985,8.401318276997516,2.6398628953170875,0.2944101212819419,0.19231781184766739,-0.10582397646303265
427.0,4.27,8.536730416513295,0.6104411635061107,0.17325336015872841,8.566653656714426,-0.22394806490025723,2.4628869612421744,8.424336799412265,8.422345559968866,2.6445709718460093,0.11239361710103069,0.14430809674555967,-0.18168401060383488
428.0,4.28,8.311791649883919,0.6996159988904403,0.1549705620166382,8.530663843767991,-0.10973281942080602,2.5246552694052147,8.445506517228548,8.443372842940219,2.6492790483749316,-0.13371486734462934,0.08729100082777208,-0.12462377896971688
429.0,4.29,8.245671202507074,0.6298752473271433,0.1073425375542163,8.437609714350117,-0.12398246086269477,2.544190940246932,8.46667623504483,8.464400125911569,2.6539871249038534,-0.2210050325377555,-0.026790411561451677,-0.10979618465692154
430.0,4.3,8.39151873056312,0.6920414975573378,0.010341949994483186,8.259888396352371,-0.23873513056994364,2.567680681510586,8.487845952861111,8.485427408882918,2.658695201432775,-0.09632722229799029,-0.22553901253054676,-0.09101451992218923
431.0,4.31,8.293408481930644,0.8712009237234515,-0.07002608885643478,8.149807653935117,-0.15796933621865322,2.431348075099963,8.509015670677393,8.50645469185427,2.663403277961697,-0.21560718874674834,-0.35664703791915287,-0.23205520286173398
432.0,4.32,8.271415949289974,1.0822713577947045,-0.008852382902751492,8.391216558398618,-0.13673541068590375,2.4446380341803757,8.530185388493676,8.527481974825621,2.668111354490619,-0.2587694392037019,-0.13626541642700296,-0.22347332031024347
433.0,4.33,8.424196465198008,0.9632371247058227,0.07383806348217342,8.454559792404588,-0.0666161112721367,2.3999943845813827,8.551355106309957,8.54850925779697,2.672819431019541,-0.12715864111194897,-0.09394946539238269,-0.2728250464381583
434.0,4.34,8.4644205609084,0.8780248190789843,0.05440482513243282,8.484473790566383,0.01564190703849015,2.4497748969916433,8.572524824126239,8.569536540768322,2.6775275075484624,-0.1081042632178395,-0.08506275020193854,-0.22775261055681906
435.0,4.35,8.616476404620409,0.6983166922047523,0.20694362586946669,8.585599116572585,-0.13414332350031502,2.4692044089204814,8.59369454194252,8.590563823739672,2.682235584077384,0.022781862677888398,-0.004964707167086857,-0.21303117515690273
436.0,4.36,8.866252268707932,0.7234191894101417,0.2972483354860996,8.617368838909359,0.01694146780617452,2.422309853679492,8.614864259758804,8.611591106711023,2.6869436606063064,0.25138800894912805,0.005777732198335883,-0.2646338069268146
437.0,4.37,9.032880442421304,0.5569910141752502,0.22975670436534776,8.661218710183757,-0.055874482948524026,2.418601675934865,8.636033977575085,8.632618389682374,2.691651737135228,0.39684646484621844,0.028600320501382726,-0.273050061200363
438.0,4.38,8.778793018836575,0.4620060996173547,0.20819942996428853,8.780592790245992,-0.0643267999817859,2.3369899915451273,8.657203695391365,8.653645672653724,2.69635981366415,0.12158932344521034,0.12694711759226784,-0.3593698221190227
439.0,4.39,8.723225995703938,0.47081352433467666,0.33922876082707065,8.800359047446834,-0.0925120057144646,2.4321843690094216,8.678373413207646,8.674672955625073,2.701067890193072,0.04485258249629176,0.12568609182176083,-0.2688835211836502
440.0,4.4,8.838314892050825,0.296201607907503,0.3828280116957514,8.813818558244968,-0.004235543019962679,2.410871539503437,8.69954313102393,8.695700238596427,2.705775966721994,0.13877176102689504,0.11811831964854136,-0.29490442721855725
441.0,4.41,8.815579146293794,0.29237614869724254,0.3402371500148553,8.7750304645415,-0.015809994156676856,2.2776169263087653,8.720712848840211,8.716727521567776,2.710484043250916,0.09486629745358321,0.058302942973723404,-0.4328671169421505
442.0,4.42,8.692303835485948,0.4000345959155141,0.39329869850455124,8.94767454971596,-0.010125224236559179,2.1789091480917535,8.741882566656493,8.737754804539126,2.7151921197798377,-0.0495787311705449,0.2099197451768351,-0.5362829716880841
443.0,4.43,8.731779982291485,0.4445132355045206,0.3283634169814342,8.865038853991269,-0.036871303327811536,2.177663111450227,8.763052284472774,8.758782087510475,2.7199001963087595,-0.03127230218128929,0.10625676648079363,-0.5422370848585323
444.0,4.44,8.92270367744292,0.3941029608535875,0.04538919536285082,9.004162753571004,-0.12703420688947462,2.171972705141293,8.784222002289058,8.779809370481829,2.7246082728376817,0.13848167515386223,0.2243533830891753,-0.5526355676963886
445.0,4.45,9.306147588041018,0.5431759045047202,-0.07256738288481114,8.824009974695603,-0.2720793884884473,2.258838951196069,8.805391720105339,8.800836653453178,2.7293163493666035,0.5007558679356787,0.02317332124242455,-0.4704773981705346
446.0,4.46,9.470979225835343,0.7842681795552976,0.03701520754861643,8.615830142587663,-0.18640951934636404,2.329398481837286,8.82656143792162,8.821863936424528,2.7340244258955253,0.6444177879137225,-0.20603379383686438,-0.4046259440582394
447.0,4.47,9.68707014243634,0.764211554695776,0.18943225309568024,8.72745995609157,0.013659598194124014,2.505834000202935,8.847731155737902,8.842891219395879,2.738732502424447,0.8393389866984382,-0.11543126330430908,-0.23289850222151198
448.0,4.48,9.456739301435988,0.5548135912670752,0.2549174734642967,9.023504401141787,-0.18350175115016246,2.6897628997687257,8.868900873554185,8.86391850236723,2.7434405789533693,0.5878384278818025,0.15958589877455687,-0.05367767918464361
449.0,4.49,9.265948599701726,0.4173906136745408,0.23131698102086415,8.930980104362176,-0.22633340848292516,2.583211113984773,8.890070591370465,8.88494578533858,2.748148655482291,0.37587800833126117,0.04603431902359567,-0.16493754149751805
450.0,4.5,9.185976562551527,0.47493525116937096,0.19118167014354914,8.738087206334056,-0.09068002985163923,2.579923629579955,8.911240309186747,8.905973068309931,2.752856732011213,0.2747362533647806,-0.16788586197587563,-0.17293310243125815
451.0,4.51,9.11373774458775,0.4713028431301854,0.11817244008084314,8.492828103492737,-0.1674327602890289,2.518585859150703,8.932410027003028,8.927000351281281,2.7575648085401347,0.18132771758472188,-0.4341722477885437,-0.23897894938943187
452.0,4.52,9.259975272668436,0.40703452652736355,0.0518342637315331,8.466105084154497,-0.024100949597068166,2.5118054025479655,8.95357974481931,8.94802763425263,2.7622728850690565,0.3063955278491264,-0.48192255009813323,-0.2504674825210911
453.0,4.53,9.187911784443276,0.2714294862635662,0.14886128618855074,8.659348111888464,-0.02141848294974053,2.6442078092712897,8.974749462635593,8.969054917223984,2.766980961597979,0.21316232180768324,-0.3097068053355194,-0.12277315232668906
454.0,4.54,9.151698182994265,0.306240107576882,0.101301965158707,8.585899934598697,0.054924935612148715,2.548596679934582,8.995919180451875,8.990082200195333,2.7716890381269006,0.1557790025423902,-0.4041822655966367,-0.22309235819231876
455.0,4.55,9.323514606410763,0.4721646835211354,0.09254771918029332,8.637785295722463,0.0619690269713785,2.610854993284142,9.017088898268156,9.011109483166683,2.7763971146558224,0.3064257081426067,-0.37332418744422036,-0.16554212137168056
456.0,4.56,9.406428885919208,0.7451260959636774,-0.06317653808333822,8.775855482299452,-0.1104883107688113,2.5338655851842704,9.038258616084438,9.032136766138033,2.781105191184744,0.36817026983477064,-0.2562812838385806,-0.2472396060004738
457.0,4.57,9.54234347035359,0.8403425006503022,-0.1545982560179204,9.110323903582657,-0.30329286010189505,2.4704705432827034,9.05942833390072,9.053164049109386,2.7858132677136664,0.48291513645286877,0.05715985447327121,-0.315342724430963
458.0,4.58,9.504894897502124,0.8138878011535988,-0.08835301344769651,9.097327063393449,-0.12200786838407114,2.5722781978525315,9.080598051717002,9.074191332080735,2.7905213442425882,0.42429684578512195,0.023135731312713403,-0.2182431463900567
459.0,4.59,9.365939892033081,0.9172282432740618,0.0339197657995787,9.264725689169277,0.057883925016553976,2.5473678443197754,9.101767769533284,9.095218615052085,2.79522942077151,0.26417212249979727,0.1695070741171918,-0.24786157645173468
460.0,4.6,9.5137110306425,0.9979999607357973,0.18135612975857837,9.305965917827557,0.04216980845618043,2.540814181588398,9.122937487349564,9.116245898023436,2.799937497300432,0.3907735432929371,0.18972001980412045,-0.25912331571203406
461.0,4.61,9.502289727477919,0.8487990493391809,0.2901747759531428,9.301935762311437,0.08350034564861648,2.6952512496944343,9.144107205165847,9.137273180994788,2.804645573829354,0.35818252231207204,0.1646625813166498,-0.10939432413491978
462.0,4.62,9.441619851834254,0.7352222113727146,0.3016102302428142,9.504231584299468,0.027685245264726044,2.694618726778029,9.165276922982128,9.158300463966137,2.809353650358276,0.2763429288521255,0.34593112033333107,-0.11473492358024684
463.0,4.63,9.662619976411841,0.7969852808355127,0.2967369909586939,9.476766860464881,-0.014331093140755521,2.6520666272819398,9.18644664079841,9.179327746937489,2.8140617268871977,0.47617333561343145,0.2974391135273926,-0.16199509960525793
464.0,4.64,9.64400294607187,0.797693450567909,0.3555460840058771,9.42901877077625,-0.10824711251125367,2.4848461199654155,9.207616358614692,9.200355029908838,2.8187698034161195,0.4363865874571786,0.22866374086741104,-0.333923683450704
465.0,4.65,9.396279026182501,0.747270037860066,0.24677808388239414,9.318891240605216,-0.04401430148132249,2.420548079583694,9.228786076430975,9.22138231288019,2.8234778799450417,0.1674929497515265,0.09750892772502695,-0.40292980036134773
466.0,4.66,9.57602120288209,0.765472131492488,0.30012932748566734,9.628255608009395,-0.16906151713784598,2.585523364044613,9.249955794247256,9.24240959585154,2.8281859564739635,0.32606540863483424,0.3858460121578542,-0.24266259242935062
467.0,4.67,9.736564556539928,0.6783040451780922,0.23969551387335367,9.183291636728473,-0.1326767370748306,2.5177581234540605,9.271125512063538,9.26343687882289,2.8328940330028853,0.4654390444763905,-0.08014524209441731,-0.31513590954882487
468.0,4.68,9.45981817526358,0.9205062192705398,0.22389516625654285,9.143814429259564,-0.10232945465131377,2.4963242968839334,9.29229522987982,9.28446416179424,2.837602109531807,0.16752294538376056,-0.14064973253467628,-0.3412778126478737
469.0,4.69,9.658027878878798,1.0199931453522724,0.08945387479556074,9.322745859828295,-0.1277744729914042,2.5124974995079987,9.313464947696103,9.305491444765593,2.8423101860607294,0.3445629311826952,0.017254415062701867,-0.32981268655273066
470.0,4.7,9.657749532100109,0.9761529127055003,0.10830416850661784,9.653915689503261,-0.25679281676571697,2.390731444499344,9.334634665512384,9.326518727736943,2.847018262589651,0.3231148665877246,0.3273969617663184,-0.456286818090307
471.0,4.71,9.70534609754948,0.7912491442404995,0.10780238096974945,9.475581296830862,-0.09872613137416568,2.4394264369569645,9.355804383328664,9.347546010708292,2.851726339118573,0.34954171422081615,0.12803528612256976,-0.4122999021616085
472.0,4.72,9.911577483974328,0.730866604110334,-0.013610081413353228,9.347902818970171,0.10060795575039216,2.425457570698538,9.376974101144945,9.368573293679642,2.856434415647495,0.534603382829383,-0.02067047470947081,-0.4309768449489568
473.0,4.73,9.740091428838634,0.6698526005780493,-0.08820461452049301,9.230461015923582,0.09147360382509274,2.3845663714585865,9.398143818961229,9.389600576650995,2.861142492176417,0.3419476098774048,-0.15913956072741264,-0.4765761207178305
474.0,4.74,9.810009301004607,0.5431931004279585,-0.009237013520200349,9.128494866857022,0.1955128324984629,2.450448084281533,9.41931353677751,9.410627859622345,2.865850568705339,0.39069576422709673,-0.2821329927653231,-0.4154024844238058
475.0,4.75,10.06711224588745,0.8711719186932009,0.1268195575527121,9.19023200047143,-0.017080820668556304,2.542192687777873,9.440483254593792,9.431655142593694,2.8705586452342606,0.6266289912936589,-0.24142314212226346,-0.32836595745638775
476.0,4.76,9.735947986857473,0.9411314589708856,-0.0549822876358797,9.320853742214243,-0.025858708729867213,2.4767943308044496,9.461652972410073,9.452682425565046,2.8752667217631824,0.2742950144474001,-0.13182868335080222,-0.3984723909587329
477.0,4.77,9.773138268210449,0.9979174403807932,0.03505024072614983,9.526547608091827,-0.09112864804587442,2.5215500726987514,9.482822690226355,9.473709708536395,2.8799747982921042,0.290315577984094,0.05283789955543128,-0.3584247255933528
478.0,4.78,9.740901926397177,0.9814523623608035,0.15571317276725086,9.55869254642592,-0.12000761222096018,2.4505896570227117,9.503992408042638,9.494736991507747,2.8846828748210265,0.23690951835453866,0.06395555491817362,-0.4340932177983148
479.0,4.79,9.492535450542057,0.9887206816972841,0.05745300084485191,9.593816062655538,-0.2033269687182522,2.561847887629435,9.52516212585892,9.515764274479098,2.8893909513499483,-0.032626675316862475,0.07805178817643998,-0.32754306372051323
480.0,4.8,9.323850375660701,1.020077905019125,0.09207430341745061,9.735788070891974,-0.2798628038368367,2.653666985028433,9.546331843675201,9.536791557450448,2.89409902787887,-0.2224814680145002,0.1989965134415268,-0.24043204285043718
481.0,4.81,9.427592546326506,1.177585058620498,0.11048755814472001,9.803135921639498,-0.3658398029176115,2.4987235051591687,9.567501561491481,9.557818840421797,2.898807104407792,-0.13990901516497445,0.24531708121770102,-0.40008359924862313
482.0,4.82,9.589453904643532,1.3297496522477232,0.11064525850296662,9.910656167237127,-0.5285314422640771,2.579061225729013,9.588671279307764,9.57884612339315,2.903515180936714,0.0007826253357681168,0.3318100438439764,-0.32445395520770104
483.0,4.83,9.506922587593062,1.1735624586349003,-0.049569410810796334,10.181343484869142,-0.4748826066635198,2.656983066665464,9.609840997124046,9.5998734063645,2.908223257465636,-0.10291840953098408,0.5814700785046423,-0.2512401908001718
484.0,4.84,9.67002475145181,1.0093871010658466,-0.015340583820488205,10.371086746836134,-0.30999804380176993,2.7729518339897705,9.631010714940327,9.62090068933585,2.9129313339945577,0.039014036511483496,0.7501860575002848,-0.1399795000047872
485.0,4.85,9.764358866056453,0.9653684417613637,0.19151515881557815,10.236705434142412,-0.33632768930058526,2.7060360645621175,9.652180432756609,9.641927972307201,2.9176394105234795,0.11217843329984412,0.5947774618352106,-0.211603345961362
486.0,4.86,9.569011927400512,0.693484384801358,0.2644470523971042,9.978318768072802,-0.3173585852254857,2.8458530803554627,9.673350150572892,9.662955255278552,2.9223474870524018,-0.1043382231723804,0.31536351279424935,-0.07649440669693908
487.0,4.87,9.767776313540827,0.5871027504768391,0.11148007372853198,10.15782020843388,-0.29158100530102854,2.593701321329607,9.694519868389174,9.683982538249902,2.9270555635813236,0.07325644515165308,0.47383767018397727,-0.3333542422517164
488.0,4.88,10.04420390688774,0.4882542001366241,0.1631232094123542,10.243774853445485,-0.22322702925627103,2.5924064770894915,9.715689586205455,9.705009821221251,2.9317636401102454,0.3285143206822845,0.5387650322242337,-0.3393571630207539
489.0,4.89,10.10859093314075,0.6210151426230367,0.2338683286775075,10.379558242618517,-0.14719021988480452,2.6929904469995445,9.736859304021737,9.726037104192603,2.936471716639167,0.37173162911901336,0.6535211384259139,-0.2434812696396227
490.0,4.9,10.065836544745103,0.6514219575785407,0.21385941327720565,10.208598783764515,-0.00600971762728778,2.7145756517107884,9.75802902183802,9.747064387163954,2.9411797931680894,0.30780752290708335,0.4615343966005607,-0.226604141457301
491.0,4.91,10.076550194660115,0.8856017896165097,0.09588240161722031,10.288242765020357,-0.022549955258848373,2.704553860024176,9.779198739654301,9.768091670135304,2.945887869697011,0.2973514550058134,0.520151094885053,-0.24133400967283514
492.0,4.92,10.150063320940376,0.690653353324784,0.005748126907844958,10.011052897807115,-0.021541352099140248,2.5926229090161,9.800368457470581,9.789118953106655,2.950595946225933,0.3496948634697947,0.22193394470046002,-0.35797303720983287
493.0,4.93,10.00811179471716,0.8099772684045556,0.007910842010725404,10.1729295202619,-0.04325026813913329,2.823911890636606,9.821538175286863,9.810146236078005,2.955304022754855,0.1865736194302965,0.3627832841838945,-0.13139213211824874
494.0,4.94,10.247874289804837,0.9118477680967133,-0.015887732364376878,10.357856564788175,-0.14736975416491646,2.9642626397528526,9.842707893103146,9.831173519049356,2.960012099283777,0.4051663967016914,0.5266830457388192,0.004250540469075581
495.0,4.95,10.328419427881958,0.856960863612387,0.23928013381935778,10.410349717525584,-0.2613783566112026,2.758445056733038,9.863877610919427,9.852200802020707,2.964720175812699,0.46454181696253016,0.5581489155048764,-0.206275119079661
496.0,4.96,10.515107856951746,0.7643376442116062,0.30807920454427373,10.610671137823541,-0.35620885192225665,2.525008669578724,9.885047328735709,9.873228084992057,2.9694282523416207,0.6300605282160365,0.7374430528314839,-0.4444195827628965
497.0,4.97,10.647478102916658,0.915348006600298,0.15885107028529555,10.599940257893518,-0.2725077969728758,2.489222652880363,9.90621704655199,9.894255367963407,2.9741363288705425,0.7412610563646673,0.7056848899301116,-0.48491367599017954
498.0,4.98,10.395177459330919,0.9881733487434985,0.2034264217161261,10.467850007061054,-0.33525313564630294,2.578086960019152,9.927386764368274,9.91528265093476,2.9788444053994647,0.4677906949626447,0.5525673561262945,-0.40075744538031266
499.0,4.99,10.172490699335507,0.8847611541283186,0.29176543640530644,10.30115835495219,-0.3231741428205645,2.6697126485412723,9.948556482184555,9.93630993390611,2.9835524819283865,0.2239342171509513,0.36484842104608006,-0.3138398333871142
500.0,5.0,10.463941987478083,0.7964307201171821,0.27985960896417184,10.268866054882656,-0.3136188984788457,2.7983333275211364,9.969726200000837,9.957337216877459,2.988260558457308,0.4942157874772466,0.3115288380051968,-0.18992723093617148
