0     625        -1.35885525     -3.80450690      1.17458155
1     625        -1.34659755     -3.77189295      1.18163758
2     625        -1.35477117     -3.72086237      1.19418285
3     625        -1.36526299     -3.66635592      1.21902423
4     625        -1.39599795     -3.64033860      1.23894547
5     625        -1.43914431     -3.62488141      1.25780211
6     625        -1.48002596     -3.60653792      1.28143681
7     625        -1.49456186     -3.58198249      1.30598737
8     625        -1.50070207     -3.57763508      1.34081427
9     625        -1.52202211     -3.58777081      1.37521151
10    625        -1.56734367     -3.56987540      1.41268358
11    625        -1.62922390     -3.53392636      1.42912248
12    625        -1.68545370     -3.51416415      1.44526877
13    625        -1.73054773     -3.51303018      1.48464290
14    625        -1.76818171     -3.50244836      1.51274416
15    625        -1.79217341     -3.47356536      1.51888394
16    625        -1.80638744     -3.43138050      1.52024396
17    625        -1.82184081     -3.37809487      1.52623110
18    625        -1.84490027     -3.31982694      1.54532461
19    625        -1.87859097     -3.25939449      1.56950871
20    625        -1.91382408     -3.20699321      1.59495463
21    625        -1.94117655     -3.14502347      1.62719651
22    625        -1.96877337     -3.06854990      1.64515257
23    625        -1.99023394     -2.98738474      1.64154035
24    625        -2.00450412     -2.90475009      1.63947405
25    625        -2.02156597     -2.82471830      1.67220917
26    625        -2.03572701     -2.77101036      1.71390154
27    625        -2.05466471     -2.73330271      1.73240933
28    625        -2.08324478     -2.68842042      1.73329330
29    625        -2.11480073     -2.64148110      1.74964621
30    625        -2.12936119     -2.61787877      1.78899280
31    625        -2.11062189     -2.60817173      1.83485597
32    625        -2.08111242     -2.59532550      1.86728778
33    625        -2.05801831     -2.57962271      1.86813613
34    625        -2.04403439     -2.56562388      1.83113091
35    625        -2.02890509     -2.56627191      1.77244469
36    625        -2.02404624     -2.57646644      1.73138623
37    625        -2.03499892     -2.59621990      1.73534390
38    625        -2.06747329     -2.64460859      1.76001524
39    625        -2.10182252     -2.71672571      1.77215379
40    625        -2.10147206     -2.77164558      1.78277100
41    625        -2.06441845     -2.81565615      1.79722998
42    625        -2.02109587     -2.85883653      1.79725926
43    625        -1.98906655     -2.88588645      1.77472349
44    625        -1.96684713     -2.90569301      1.74172739
45    625        -1.94003940     -2.92735034      1.72753166
46    625        -1.90042899     -2.95680788      1.71284862
47    625        -1.85408525     -2.97269626      1.68439316
48    625        -1.81499219     -2.98156299      1.66523289
49    625        -1.78523710     -2.97082761      1.66818947
50    625        -1.74327551     -2.93200617      1.66311698
51    625        -1.68292737     -2.89005507      1.64188921
52    625        -1.62434914     -2.85200917      1.59924821
53    625        -1.57475602     -2.81803898      1.56737802
54    625        -1.51834288     -2.79764809      1.56308308
55    625        -1.45999536     -2.77427191      1.57519166
56    625        -1.40797442     -2.75397358      1.59114964
57    625        -1.34388015     -2.74928300      1.61029300
58    625        -1.27047323     -2.74334021      1.61152008
59    625        -1.18781032     -2.73168203      1.58251948
60    625        -1.11666693     -2.72409015      1.54470731
61    625        -1.08322701     -2.71097192      1.50188993
62    625        -1.09077425     -2.69435875      1.47566652
63    625        -1.11682977     -2.70072979      1.46683149
64    625        -1.11181729     -2.72312713      1.46644435
65    625        -1.04727771     -2.73293704      1.45524208
66    625        -0.96580304     -2.73878596      1.42853508
67    625        -0.89948083     -2.73621703      1.41718950
68    625        -0.84870292     -2.72796791      1.42488059
69    625        -0.79349533     -2.70156554      1.44589659
70    625        -0.74878797     -2.68837312      1.47216410
71    625        -0.71572033     -2.69452588      1.53551315
72    625        -0.67006697     -2.71789771      1.62543467
73    625        -0.60615438     -2.76972947      1.70501467
74    625        -0.54430127     -2.84268023      1.74848927
75    625        -0.50439786     -2.91640447      1.75032331
76    625        -0.48884229     -2.97747705      1.73067462
77    625        -0.49637421     -3.03781230      1.70666084
78    625        -0.51623421     -3.08725761      1.68044192
79    625        -0.53105355     -3.12703182      1.65007010
80    625        -0.54937631     -3.15501947      1.62644562
81    625        -0.59554329     -3.16404674      1.60359216
82    625        -0.65202679     -3.15939088      1.57331396
83    625        -0.69892856     -3.15498853      1.53817393
84    625        -0.73610627     -3.16133005      1.51312156
85    625        -0.81080536     -3.18749253      1.49798550
86    625        -0.90073764     -3.22684201      1.48106636
87    625        -0.96315425     -3.26437279      1.45182345
88    625        -0.97390548     -3.30306978      1.41688202
89    625        -0.95101928     -3.33324235      1.36628978
90    625        -0.93558384     -3.35994717      1.32287015
91    625        -0.95469341     -3.39431640      1.30305598
92    625        -0.99612325     -3.43810380      1.29056221
93    625        -1.03372087     -3.48964116      1.28264518
94    625        -1.05800295     -3.54593063      1.29246043
95    625        -1.04736480     -3.60673173      1.31670832
96    625        -1.01128405     -3.66214712      1.33090371
97    625        -0.96205905     -3.69627916      1.33953873
98    625        -0.92242845     -3.70175346      1.35997328
99    625        -0.90371771     -3.68734051      1.38543522
100   625        -0.91502135     -3.67218454      1.39102261
101   625        -0.94802285     -3.66835900      1.38767491
102   625        -0.95345387     -3.67800972      1.38511289
103   625        -0.90887256     -3.70128012      1.38261626
104   625        -0.82766885     -3.72062058      1.39183663
105   625        -0.74398447     -3.72424911      1.39537950
106   625        -0.65296972     -3.71508721      1.37698448
107   625        -0.56505296     -3.69903647      1.33828155
108   625        -0.52392008     -3.68386000      1.31197781
109   625        -0.56432893     -3.66236031      1.30841849
110   625        -0.65086141     -3.62626801      1.29389184
111   625        -0.71233464     -3.58227554      1.24287772
112   625        -0.72587840     -3.55283570      1.16544120
113   625        -0.71356264     -3.55041957      1.09628537
114   625        -0.70747980     -3.57428639      1.05879399
115   625        -0.71802893     -3.62056957      1.05030724
116   625        -0.75051460     -3.67823926      1.05924399
117   625        -0.78545150     -3.72810056      1.07998530
118   625        -0.80101472     -3.76048140      1.09737715
119   625        -0.80660364     -3.77246100      1.11392008
120   625        -0.81435281     -3.76637787      1.13105083
121   625        -0.84563109     -3.74253310      1.14140354
122   625        -0.89953251     -3.71598306      1.12830765
123   625        -0.94698592     -3.68965195      1.10532258
124   625        -0.95356962     -3.66089429      1.10360280
125   625        -0.90041155     -3.64727443      1.12196949
126   625        -0.82077064     -3.65744329      1.13866026
127   625        -0.76678021     -3.67179342      1.14855760
128   625        -0.75084883     -3.68437757      1.16887587
129   625        -0.77442509     -3.72775205      1.22035329
130   625        -0.81615582     -3.80376218      1.29445848
131   625        -0.86241900     -3.87829231      1.36890679
132   625        -0.91895581     -3.92203095      1.41712370
133   625        -0.98736575     -3.93929028      1.43319325
134   625        -1.05202796     -3.94222975      1.45809901
135   625        -1.09136051     -3.95063892      1.50762409
136   625        -1.10431862     -3.97884801      1.58472317
137   625        -1.09946445     -4.02090508      1.67919676
138   625        -1.10011907     -4.07076560      1.77889697
139   625        -1.12340960     -4.12124801      1.88230202
140   625        -1.16036234     -4.17374268      1.98060050
141   625        -1.19479100     -4.19851771      2.05692448
142   625        -1.22339572     -4.18160159      2.11279280
143   625        -1.23474612     -4.14171579      2.17290145
144   625        -1.22989524     -4.10431485      2.23226445
145   625        -1.19314066     -4.09009832      2.28067775
146   625        -1.13598151     -4.08677361      2.29904213
147   625        -1.06464364     -4.09893118      2.27421813
148   625        -1.00125785     -4.10752916      2.23416857
149   625        -0.96102569     -4.11083839      2.20677005
150   625        -0.94842797     -4.12822076      2.18417508
151   625        -0.95411498     -4.16829801      2.17426885
152   625        -0.94078041     -4.21523977      2.18343151
153   625        -0.90428041     -4.25717924      2.21288381
154   625        -0.85851384     -4.26852820      2.23620177
155   625        -0.86000229     -4.23696759      2.22773842
156   625        -0.90937156     -4.20168989      2.19721805
157   625        -0.95141619     -4.19532582      2.15857581
158   625        -0.96080331     -4.20532022      2.14103369
159   625        -0.97068020     -4.21134819      2.15331983
160   625        -0.99677047     -4.23417978      2.19723280
161   625        -1.00563599     -4.24396836      2.25281102
162   625        -0.98640332     -4.21989314      2.28838281
163   625        -0.96096780     -4.17727903      2.28584859
164   625        -0.93648048     -4.16656415      2.26013248
165   625        -0.90606958     -4.19313764      2.26007881
166   625        -0.86692561     -4.23482870      2.27759975
167   625        -0.84840535     -4.25960672      2.30463628
168   625        -0.87204926     -4.25629985      2.32196009
169   625        -0.91934597     -4.25187711      2.31647903
170   625        -0.98800828     -4.25871022      2.28082568
171   625        -1.06862609     -4.27849671      2.23080817
172   625        -1.14338318     -4.30439072      2.16626929
173   625        -1.19202306     -4.32551052      2.09046402
174   625        -1.19570809     -4.34177040      2.03177910
175   625        -1.16356105     -4.36398985      2.00581866
176   625        -1.13612502     -4.40276451      2.00459915
177   625        -1.12664142     -4.43923476      2.01249336
178   625        -1.11177901     -4.45283011      2.02625929
179   625        -1.07799296     -4.45328445      2.03272188
180   625        -1.04825545     -4.46895786      2.03571441
181   625        -1.03675517     -4.50251772      2.04494891
182   625        -1.02790915     -4.53219554      2.06303644
183   625        -1.02358134     -4.52820990      2.06703988
184   625        -1.02899455     -4.49456874      2.06157977
185   625        -1.03594435     -4.43009736      2.05859931
186   625        -1.03632395     -4.36254631      2.07493181
187   625        -1.02326835     -4.29223132      2.10417692
188   625        -0.99901784     -4.22326323      2.14383763
189   625        -0.96601303     -4.17460739      2.18623963
190   625        -0.91862389     -4.13772646      2.21147889
191   625        -0.87568473     -4.11285061      2.22168506
192   625        -0.87295191     -4.09702472      2.20430545
193   625        -0.89781217     -4.10129723      2.16781507
194   625        -0.90696094     -4.10465112      2.12861574
195   625        -0.89176368     -4.10362761      2.11410216
196   625        -0.87819513     -4.09853436      2.13819353
197   625        -0.88760153     -4.10078342      2.19872840
198   625        -0.91278049     -4.09360493      2.29060022
199   625        -0.93330258     -4.06809148      2.38638305
200   625        -0.94239228     -4.04010623      2.44986367
201   625        -0.93899190     -4.02306619      2.46339992
202   625        -0.92797414     -3.99905517      2.45670545
203   625        -0.91646878     -3.96200956      2.45581858
204   625        -0.89483200     -3.93496293      2.46037254
205   625        -0.86905941     -3.94134520      2.46460274
206   625        -0.85028821     -3.98890866      2.48252786
207   625        -0.84053002     -4.03821711      2.50062110
208   625        -0.82791602     -4.06340942      2.52761253
209   625        -0.80506538     -4.05235148      2.58127224
210   625        -0.77853203     -4.02224276      2.63797818
211   625        -0.75092358     -3.99460138      2.67324831
212   625        -0.73336766     -3.96927933      2.68507250
213   625        -0.75205414     -3.94396090      2.69219975
214   625        -0.81772290     -3.92768976      2.68886318
215   625        -0.90550608     -3.92936492      2.66370509
216   625        -0.97428183     -3.94453908      2.59478143
217   625        -1.00235387     -3.98928449      2.49325619
218   625        -0.98861283     -4.06532976      2.38181304
219   625        -0.94103558     -4.15266055      2.29336751
220   625        -0.87175738     -4.21075965      2.22829308
221   625        -0.80388416     -4.23439800      2.17772509
222   625        -0.74959783     -4.23980313      2.12788022
223   625        -0.70654669     -4.24293002      2.06061222
224   625        -0.69047719     -4.24537874      1.98298402
225   625        -0.70692931     -4.25049338      1.90921456
226   625        -0.73544082     -4.26932117      1.87166294
227   625        -0.76610482     -4.29269243      1.86533769
228   625        -0.79609689     -4.32393099      1.88898430
229   625        -0.80061405     -4.34601136      1.94320891
230   625        -0.77729896     -4.36656396      2.02576223
231   625        -0.73057770     -4.37136125      2.09971653
232   625        -0.68635198     -4.37305808      2.13703614
233   625        -0.68744441     -4.38464228      2.13349259
234   625        -0.70895783     -4.41396248      2.08188184
235   625        -0.72339770     -4.48117878      2.03148705
236   625        -0.73977949     -4.56427477      2.00550788
237   625        -0.79241857     -4.63949667      1.98806358
238   625        -0.86636717     -4.67946612      1.96428651
239   625        -0.91193999     -4.69090745      1.96975476
240   625        -0.89658842     -4.68488289      2.02575678
241   625        -0.84433208     -4.67797594      2.11406942
242   625        -0.80074419     -4.66790245      2.21101576
243   625        -0.78194460     -4.65284252      2.30236440
244   625        -0.80331223     -4.64488457      2.35266831
245   625        -0.85910081     -4.65334280      2.33671542
246   625        -0.91437720     -4.68385916      2.29569453
247   625        -0.94440531     -4.72618211      2.29506548
248   625        -0.94385587     -4.76307865      2.33522146
249   625        -0.91222875     -4.77366907      2.35684987
250   625        -0.86304505     -4.77159115      2.36213607
251   625        -0.82080132     -4.76022979      2.37632051
252   625        -0.78490436     -4.76624938      2.40842870
253   625        -0.76182140     -4.79298239      2.44950882
254   625        -0.74906799     -4.83594795      2.47849944
255   625        -0.76307801     -4.87800984      2.46883421
256   625        -0.79620097     -4.91833343      2.42025074
257   625        -0.81344247     -4.95136541      2.38895639
258   625        -0.78480150     -4.97136630      2.40669516
259   625        -0.71837884     -4.98320713      2.45466198
260   625        -0.64989114     -4.99272968      2.48873078
261   625        -0.60900053     -5.02424811      2.50253364
262   625        -0.60707310     -5.07377183      2.49824720
263   625        -0.61261467     -5.12205711      2.47483655
264   625        -0.64026323     -5.16007624      2.43517468
265   625        -0.68875375     -5.17149622      2.40495826
266   625        -0.74896664     -5.17486019      2.39351744
267   625        -0.78560111     -5.20288023      2.40366661
268   625        -0.81050597     -5.27516849      2.47083548
269   625        -0.83023544     -5.36428711      2.57049289
270   625        -0.83763085     -5.42249586      2.64196368
271   625        -0.84472788     -5.44921649      2.63751106
272   625        -0.85947846     -5.45976437      2.59382424
273   625        -0.87047445     -5.45134410      2.55306789
274   625        -0.87769907     -5.42208198      2.51773720
275   625        -0.90260746     -5.38828599      2.48749960
276   625        -0.94159955     -5.38585834      2.46431035
277   625        -0.98070239     -5.43025414      2.45474055
278   625        -1.00010486     -5.49600221      2.47574487
279   625        -0.99781369     -5.54802875      2.51762976
280   625        -0.97864215     -5.57963879      2.57065307
281   625        -0.96423872     -5.59186803      2.62896566
282   625        -0.97425858     -5.58994832      2.67354287
283   625        -0.99804394     -5.58761774      2.70289260
284   625        -1.01737363     -5.57059738      2.69760171
285   625        -1.02659692     -5.51681491      2.65380482
286   625        -1.03412417     -5.46447260      2.62368194
287   625        -1.03207898     -5.46016355      2.62644113
288   625        -1.03715635     -5.48442615      2.64367481
289   625        -1.04443433     -5.51555681      2.65815187
290   625        -1.04849065     -5.54706803      2.66991254
291   625        -1.04364585     -5.57947403      2.70794991
292   625        -1.05933099     -5.60879607      2.76203222
293   625        -1.07560894     -5.63076096      2.80595175
294   625        -1.08538341     -5.65095409      2.82023774
295   625        -1.10842595     -5.67202059      2.80675534
296   625        -1.15389270     -5.68442962      2.77281708
297   625        -1.19539065     -5.69008910      2.75358796
298   625        -1.21331914     -5.70584854      2.75182560
299   625        -1.20262698     -5.75751261      2.74386152
300   625        -1.17746677     -5.81170161      2.71917202
301   625        -1.14258146     -5.83963792      2.68348683
302   625        -1.09523057     -5.84489817      2.64147881
303   625        -1.03544229     -5.83492222      2.59546602
304   625        -0.96320435     -5.82436260      2.56236934
305   625        -0.88952297     -5.80878660      2.56307955
306   625        -0.83951327     -5.81851671      2.58396269
307   625        -0.82495694     -5.85843450      2.58179166
308   625        -0.82855881     -5.92002094      2.55069052
309   625        -0.81571355     -5.98410375      2.51442558
310   625        -0.79040347     -6.01516641      2.47730848
311   625        -0.77423261     -6.01791253      2.42675859
312   625        -0.75528649     -6.01510855      2.36760580
313   625        -0.71491332     -6.02601448      2.32159255
314   625        -0.67939294     -6.05171073      2.29872352
315   625        -0.65797276     -6.10196861      2.31791540
316   625        -0.66478775     -6.16710165      2.36258060
317   625        -0.69904679     -6.23751752      2.38722704
318   625        -0.73818911     -6.27745466      2.35881730
319   625        -0.76498211     -6.28368325      2.29798202
320   625        -0.77648318     -6.27081727      2.24107196
321   625        -0.76850175     -6.24877544      2.21664152
322   625        -0.74039744     -6.22605506      2.22029757
323   625        -0.70419106     -6.20095658      2.24184491
324   625        -0.65512256     -6.16378698      2.26017858
325   625        -0.61036763     -6.12122715      2.28242629
326   625        -0.59616239     -6.09442244      2.30410446
327   625        -0.62932449     -6.08244404      2.34377705
328   625        -0.67946572     -6.07153316      2.40276047
329   625        -0.69701009     -6.07590793      2.44596160
330   625        -0.68319723     -6.09512979      2.44844444
331   625        -0.65511198     -6.11413204      2.40280640
332   625        -0.59223467     -6.11971726      2.33844721
333   625        -0.48302203     -6.11946249      2.28110580
334   625        -0.39111392     -6.13092626      2.25722539
335   625        -0.36083500     -6.15617470      2.26870885
336   625        -0.38196295     -6.18610181      2.29228746
337   625        -0.38683475     -6.22518260      2.30359862
338   625        -0.34019911     -6.26029501      2.32504898
339   625        -0.25193327     -6.27786068      2.35665016
340   625        -0.14224617     -6.29971134      2.37958290
341   625        -0.05191269     -6.34203795      2.35281781
342   625         0.02387644     -6.38437354      2.27404195
343   625         0.11391587     -6.38919178      2.18831773
344   625         0.22582479     -6.37218244      2.13156139
345   625         0.32016526     -6.37388542      2.10637894
346   625         0.37698543     -6.40852811      2.12389129
347   625         0.39842565     -6.47825534      2.17594977
348   625         0.42665502     -6.54767907      2.21083888
349   625         0.49573955     -6.57402986      2.21497265
350   625         0.59718317     -6.56448736      2.19560107
351   625         0.69600973     -6.54409775      2.15761383
352   625         0.76194002     -6.52618461      2.11885115
353   625         0.79028883     -6.52096612      2.08646909
354   625         0.78973383     -6.54017712      2.06266379
355   625         0.78425974     -6.58108959      2.03340552
356   625         0.78723503     -6.62917489      2.01074551
357   625         0.78680056     -6.66885433      2.01445174
358   625         0.75844372     -6.66535634      2.05569120
359   625         0.70867382     -6.63288231      2.12618199
360   625         0.66459092     -6.60577779      2.18656863
361   625         0.65029906     -6.59635592      2.22006695
362   625         0.64728921     -6.61841908      2.21626622
363   625         0.63686879     -6.65437680      2.18749780
364   625         0.62123209     -6.70896652      2.15094226
365   625         0.60453359     -6.76734706      2.10410568
366   625         0.59904745     -6.81704725      2.04243734
367   625         0.61817619     -6.83853240      1.99079351
368   625         0.67464623     -6.84638987      1.98875212
369   625         0.73415481     -6.86990988      2.02442514
370   625         0.77897784     -6.90323246      2.06046879
371   625         0.78961476     -6.93120423      2.05637711
372   625         0.75649679     -6.94951295      2.00497924
373   625         0.72590556     -6.95708013      1.93482040
374   625         0.72526840     -6.94902634      1.88299741
375   625         0.74865097     -6.92675176      1.85279469
376   625         0.74406652     -6.88325042      1.81389197
377   625         0.71502249     -6.81996882      1.76499452
378   625         0.67996459     -6.75281186      1.73152705
379   625         0.65886755     -6.72479471      1.71915445
380   625         0.61988336     -6.71880662      1.70552791
381   625         0.57894061     -6.75282804      1.70724690
382   625         0.57082108     -6.79840077      1.71996268
383   625         0.55696954     -6.85034308      1.76316509
384   625         0.55036114     -6.88082149      1.80064292
385   625         0.50843070     -6.88478784      1.81785350
386   625         0.49114682     -6.89356176      1.83170693
387   625         0.50139863     -6.89738969      1.83360224
388   625         0.54981391     -6.91757686      1.82482776
389   625         0.59817819     -6.95421259      1.81873021
390   682        -1.35456587     -6.17040670      0.59227325
391   682        -1.37005436     -6.11858118      0.65960159
392   682        -1.40706643     -6.07432358      0.71655353
393   682        -1.43997511     -6.04380708      0.74007864
394   682        -1.47600969     -6.03244734      0.72407080
395   682        -1.50949229     -6.03817362      0.67682780
396   682        -1.54317224     -6.05863885      0.63560534
397   682        -1.56894864     -6.08392925      0.60718431
398   682        -1.60243233     -6.10303055      0.57909745
399   682        -1.65346523     -6.09745820      0.54866261
400   682        -1.70825064     -6.08015085      0.53516197
401   682        -1.75203918     -6.06702888      0.54765755
402   682        -1.77339808     -6.05078948      0.57163764
403   682        -1.77402087     -6.02116853      0.59555694
404   682        -1.75997100     -5.98886961      0.61518953
405   682        -1.75332525     -5.98638979      0.61827865
406   682        -1.74241259     -6.01240891      0.61201491
407   682        -1.71300241     -6.04900645      0.61676536
408   682        -1.67742046     -6.06642177      0.62231875
409   682        -1.69412791     -6.05750970      0.63172766
410   682        -1.76030392     -6.01580399      0.64490855
411   682        -1.81460546     -5.95487629      0.66672465
412   682        -1.82068344     -5.88107617      0.70640469
413   682        -1.79651005     -5.81184761      0.76381791
414   682        -1.77270941     -5.77497892      0.80436216
415   682        -1.75617209     -5.79213931      0.78776982
416   682        -1.75855682     -5.84342138      0.72638275
417   682        -1.77506949     -5.90082024      0.67020803
418   682        -1.80214696     -5.94496065      0.66235846
419   682        -1.83049206     -5.96770361      0.69017456
420   682        -1.84915175     -5.98175537      0.73799205
421   682        -1.86250076     -5.98675882      0.78215231
422   682        -1.87437294     -5.98171850      0.82629894
423   682        -1.88283353     -5.95477617      0.86308593
424   682        -1.91305517     -5.93129908      0.87852026
425   682        -1.97351354     -5.91879937      0.85616566
426   682        -2.05731942     -5.92365496      0.79690491
427   682        -2.12108485     -5.91595158      0.74264816
428   682        -2.14536508     -5.88236902      0.73584144
429   682        -2.15803288     -5.85506395      0.74796525
430   682        -2.18116925     -5.84937893      0.72829753
431   682        -2.21125134     -5.87344168      0.67373367
432   682        -2.21786991     -5.91339809      0.61164649
433   682        -2.18927756     -5.95640862      0.56951986
434   682        -2.12443882     -5.97872312      0.53590013
435   682        -2.06260554     -5.98311242      0.49483070
436   682        -2.04040266     -5.97249694      0.44989645
437   682        -2.03031328     -5.96646078      0.41582376
438   682        -2.02078298     -5.96952625      0.40995420
439   682        -2.01236918     -5.96566794      0.40705001
440   682        -2.01864486     -5.95288831      0.37682219
441   682        -2.04471246     -5.94773364      0.31981652
442   682        -2.10232890     -5.96666235      0.27145788
443   682        -2.17309705     -6.00327706      0.25430968
444   682        -2.22826497     -6.03187373      0.30370434
445   682        -2.25193511     -6.05494770      0.40182693
446   682        -2.25942869     -6.06534540      0.48545177
447   682        -2.26233769     -6.05246157      0.53123027
448   682        -2.26058472     -6.03284079      0.54226579
449   682        -2.26085760     -5.99646701      0.55376087
450   682        -2.27924559     -5.94688747      0.56922954
451   682        -2.30592821     -5.87838113      0.58897987
452   682        -2.30333287     -5.79696573      0.60745893
453   682        -2.27559713     -5.72848445      0.63883308
454   682        -2.24867342     -5.70913512      0.70642436
455   682        -2.23150012     -5.74763072      0.80056341
456   682        -2.20558709     -5.80399833      0.88607726
457   682        -2.18470408     -5.84695926      0.93855445
458   682        -2.20379264     -5.85739293      0.95322020
459   682        -2.24621207     -5.86815321      0.95022933
460   682        -2.30979198     -5.86638603      0.94367797
461   682        -2.37897215     -5.84640408      0.95040224
462   682        -2.43832351     -5.82116485      0.97753261
463   682        -2.45430218     -5.78957273      1.01129661
464   682        -2.42047729     -5.72802580      1.05016991
465   682        -2.38365809     -5.64655194      1.05512636
466   682        -2.34413100     -5.57084244      1.01872643
467   682        -2.31483840     -5.52212632      0.98529402
468   682        -2.31349654     -5.49577708      0.99443783
469   682        -2.32054248     -5.47649372      1.02869165
470   682        -2.32946140     -5.43883174      1.04010940
471   682        -2.34191918     -5.38239972      1.00777188
472   682        -2.34462271     -5.34143327      0.94938713
473   682        -2.34412084     -5.31037662      0.91268661
474   682        -2.33576570     -5.28895805      0.90467318
475   682        -2.33875608     -5.30064539      0.92258164
476   682        -2.35835348     -5.34785905      0.91937959
477   682        -2.36828705     -5.38302261      0.88310356
478   682        -2.35341687     -5.38944743      0.81675482
479   682        -2.31219991     -5.39788550      0.73446934
480   682        -2.26407995     -5.41950428      0.65435533
481   682        -2.22588146     -5.44159576      0.56698908
482   682        -2.20886444     -5.46758974      0.46905129
483   682        -2.20942253     -5.52216665      0.36863185
484   682        -2.23113489     -5.59575121      0.28117261
485   682        -2.25028215     -5.65836810      0.19675568
486   682        -2.24497505     -5.68763726      0.11399156
487   682        -2.21723622     -5.69729657      0.04269161
488   682        -2.19976418     -5.71146597      0.00366893
489   682        -2.20320225     -5.73565624     -0.01515519
490   682        -2.21338355     -5.76568751     -0.04240756
491   682        -2.23940874     -5.79862293     -0.10835211
492   682        -2.29525166     -5.82513602     -0.20640002
493   682        -2.35347964     -5.84216994     -0.29122816
494   682        -2.37777080     -5.85313271     -0.34655595
495   682        -2.37748915     -5.87417909     -0.37853550
496   682        -2.37528820     -5.89383408     -0.41086768
497   682        -2.39472967     -5.90599106     -0.44549647
498   682        -2.40944464     -5.92364958     -0.46197323
499   682        -2.39966785     -5.94404591     -0.44400600
500   682        -2.36444400     -5.97591970     -0.41141847
501   682        -2.31519548     -6.00820384     -0.38902120
502   682        -2.28147603     -6.02326909     -0.38915919
503   682        -2.25400861     -6.02927428     -0.40274906
504   682        -2.25036567     -6.05579824     -0.41705548
505   682        -2.27618314     -6.08909777     -0.44056521
506   682        -2.32339866     -6.11813546     -0.47312018
507   682        -2.36379017     -6.15356883     -0.50159168
508   682        -2.38491453     -6.19828670     -0.52409863
509   682        -2.39818505     -6.23632355     -0.56750318
510   682        -2.41192704     -6.25556292     -0.62197714
511   682        -2.41015957     -6.26712699     -0.67633867
512   682        -2.37232689     -6.28149204     -0.69908299
513   682        -2.32773366     -6.31189814     -0.68507328
514   682        -2.30060811     -6.34801148     -0.67522519
515   682        -2.30039150     -6.39977366     -0.68765574
516   682        -2.32738975     -6.46644317     -0.70810385
517   682        -2.36426719     -6.52811985     -0.72740179
518   682        -2.40019476     -6.55505006     -0.75731036
519   682        -2.42710101     -6.54413663     -0.79675508
520   682        -2.44620172     -6.53517848     -0.83264077
521   682        -2.44716666     -6.55331522     -0.86315041
522   682        -2.41997148     -6.56943273     -0.90817070
523   682        -2.40286934     -6.58879724     -0.95825242
524   682        -2.39652549     -6.61071601     -1.01185837
525   682        -2.36790917     -6.62287862     -1.06802771
526   682        -2.33445221     -6.60436070     -1.11938942
527   682        -2.32719101     -6.58589049     -1.14967407
528   682        -2.34851427     -6.59500239     -1.15648858
529   682        -2.38440648     -6.61347822     -1.17328760
530   682        -2.41590909     -6.60821581     -1.20247440
531   682        -2.45282721     -6.57033363     -1.22503537
532   682        -2.46523468     -6.52138560     -1.21906441
533   682        -2.44435723     -6.49068006     -1.22112059
534   682        -2.42431752     -6.47681122     -1.24254263
535   682        -2.43566905     -6.46979755     -1.27661335
536   682        -2.44054332     -6.47183757     -1.31857386
537   682        -2.40173945     -6.48754505     -1.34975047
538   682        -2.32821820     -6.50805477     -1.34025714
539   682        -2.25610064     -6.53686982     -1.29161232
540   682        -2.20293719     -6.56075374     -1.24681442
541   682        -2.17115740     -6.58627224     -1.22863876
542   682        -2.16576481     -6.61980542     -1.26294380
543   682        -2.20126824     -6.64767000     -1.33285190
544   682        -2.25637593     -6.66641081     -1.38995278
545   682        -2.30947975     -6.66580791     -1.43593450
546   682        -2.36697255     -6.64252302     -1.48787968
547   682        -2.43550099     -6.61699366     -1.50035194
548   682        -2.49478600     -6.58410598     -1.47649553
549   682        -2.51886540     -6.53431764     -1.45905101
550   682        -2.53386798     -6.48718973     -1.45696108
551   682        -2.56646558     -6.46199584     -1.46742698
552   682        -2.61705997     -6.46170471     -1.48532184
553   682        -2.66290097     -6.47040963     -1.50505133
554   682        -2.70980619     -6.47119301     -1.53767174
555   682        -2.76421838     -6.46534786     -1.58836841
556   682        -2.82362023     -6.47224815     -1.61942247
557   682        -2.85090849     -6.48632107     -1.60451892
558   682        -2.83856182     -6.50660001     -1.57135678
559   682        -2.80322081     -6.53024608     -1.55252409
560   682        -2.75362845     -6.54397013     -1.55555876
561   682        -2.69569405     -6.54555686     -1.56919396
562   682        -2.64091558     -6.55663603     -1.57917845
563   682        -2.62004848     -6.59806947     -1.58816104
564   682        -2.63461150     -6.64880380     -1.60327912
565   682        -2.66659876     -6.70309758     -1.61526212
566   682        -2.67865306     -6.75451815     -1.59957897
567   682        -2.68420439     -6.78070387     -1.53637168
568   682        -2.67975475     -6.77658509     -1.47053361
569   682        -2.67434214     -6.74205776     -1.42142242
570   682        -2.67929078     -6.69458342     -1.38626579
571   682        -2.70819910     -6.67111295     -1.35640231
572   682        -2.75143491     -6.67055984     -1.33693694
573   682        -2.80695437     -6.68549937     -1.31486902
574   682        -2.87529288     -6.69581325     -1.27882595
575   682        -2.94180874     -6.68932000     -1.23875787
576   682        -3.00748297     -6.68354066     -1.21805953
577   682        -3.04155531     -6.65477956     -1.19316283
578   682        -3.05383044     -6.59900511     -1.15224630
579   682        -3.06067795     -6.50909384     -1.12106570
580   682        -3.06730556     -6.42125778     -1.10345806
581   682        -3.07570586     -6.37003358     -1.11131312
582   682        -3.08861813     -6.37310906     -1.13242686
583   682        -3.09048281     -6.43181474     -1.17226397
584   682        -3.09972346     -6.50850804     -1.21984012
585   682        -3.13088811     -6.56711954     -1.26025348
586   682        -3.15460071     -6.58584340     -1.26379865
587   682        -3.15166555     -6.58041837     -1.22669982
588   682        -3.14450168     -6.56446005     -1.17907476
589   682        -3.17632106     -6.54291396     -1.15621693
590   682        -3.23941444     -6.54044087     -1.15300720
591   682        -3.29477982     -6.56174998     -1.13695699
592   682        -3.35978359     -6.58947237     -1.11224170
593   682        -3.43935670     -6.59640705     -1.12193428
594   682        -3.54267664     -6.58274128     -1.17571943
595   682        -3.61794430     -6.56642607     -1.23041304
596   682        -3.61956274     -6.56698467     -1.27294347
597   682        -3.57650214     -6.56107741     -1.31036756
598   682        -3.52787703     -6.53058892     -1.35440675
599   682        -3.47898322     -6.49492562     -1.40693809
600   682        -3.42333488     -6.45713615     -1.45911116
601   682        -3.38277012     -6.41093245     -1.49508693
602   682        -3.35571729     -6.36349884     -1.52386960
603   682        -3.33149507     -6.33435051     -1.56745295
604   682        -3.31241371     -6.32200056     -1.61871929
605   682        -3.31599923     -6.31326812     -1.65882461
606   682        -3.32243809     -6.31145967     -1.64942180
607   682        -3.30845982     -6.33036952     -1.60523906
608   682        -3.28474385     -6.36185675     -1.56707771
609   682        -3.28845966     -6.39615809     -1.55508961
610   682        -3.29537122     -6.43911135     -1.54607714
611   682        -3.27051686     -6.46259294     -1.51089487
612   682        -3.23889274     -6.45053368     -1.47256077
613   682        -3.20777654     -6.41982610     -1.46590791
614   682        -3.18776647     -6.39591209     -1.46050039
615   682        -3.17711749     -6.38372819     -1.44345166
616   682        -3.18760727     -6.36807150     -1.42303164
617   682        -3.17696153     -6.35667055     -1.38934284
618   682        -3.13535862     -6.35897585     -1.31526633
619   682        -3.09845185     -6.38543762     -1.22449945
620   682        -3.07669080     -6.41289368     -1.16339125
621   682        -3.04655921     -6.42258254     -1.14410698
622   682        -2.99875236     -6.41028416     -1.15014171
623   682        -2.95373241     -6.38799616     -1.16400683
624   682        -2.92370759     -6.35333573     -1.16393304
625   682        -2.88162793     -6.29295641     -1.15745268
626   682        -2.81351563     -6.19921658     -1.14780873
627   682        -2.74151769     -6.08675154     -1.13519428
628   682        -2.68962880     -5.97037320     -1.13550794
629   682        -2.66786735     -5.87782421     -1.14225853
630   682        -2.68091418     -5.83811110     -1.13186051
631   682        -2.72281724     -5.82768712     -1.09506559
632   682        -2.76054651     -5.82925428     -1.04539627
633   682        -2.77425524     -5.83578538     -0.99605964
634   682        -2.75232576     -5.85159566     -0.97357999
635   682        -2.68916475     -5.84880020     -0.98895042
636   682        -2.60645439     -5.81677667     -1.03265634
637   682        -2.54473592     -5.76915172     -1.06408205
638   682        -2.51337080     -5.72968504     -1.05409877
639   682        -2.49461344     -5.71367273     -1.02053816
640   682        -2.46039076     -5.69637488     -0.98989824
641   682        -2.42047324     -5.67197668     -0.94074856
642   682        -2.39556037     -5.64598725     -0.85983564
643   682        -2.37721461     -5.64338443     -0.78148873
644   682        -2.36900772     -5.66224439     -0.74048320
645   682        -2.37676161     -5.68306348     -0.74507689
646   682        -2.38419682     -5.69679421     -0.78273485
647   682        -2.36272069     -5.71147831     -0.81442988
648   682        -2.31704243     -5.71183287     -0.82673907
649   682        -2.27916738     -5.70151082     -0.82642223
650   682        -2.26994589     -5.68558701     -0.82620159
651   682        -2.28974191     -5.68928019     -0.82164602
652   682        -2.31640062     -5.70721851     -0.81181315
653   682        -2.33238531     -5.71077531     -0.79850303
654   682        -2.32704450     -5.68562901     -0.79285900
655   682        -2.30233917     -5.66388519     -0.78635138
656   682        -2.25949793     -5.65106695     -0.77147545
657   682        -2.19796170     -5.62766096     -0.74077874
658   682        -2.15166737     -5.59005752     -0.71183819
659   682        -2.15561239     -5.55785366     -0.69719912
660   682        -2.19668560     -5.53443991     -0.67587001
661   682        -2.22604866     -5.49726427     -0.64328700
662   682        -2.20990535     -5.45370259     -0.60076792
663   682        -2.16661286     -5.40576804     -0.56520766
664   682        -2.13961795     -5.34160986     -0.53528665
665   682        -2.12058984     -5.25766290     -0.51255666
666   682        -2.09806727     -5.16893424     -0.48737711
667   682        -2.09020066     -5.09095556     -0.45419772
668   682        -2.13227020     -5.02983575     -0.41427226
669   682        -2.18905737     -4.96823405     -0.36159554
670   682        -2.20472803     -4.88565096     -0.29917399
671   682        -2.16707083     -4.78438426     -0.22701434
672   682        -2.11045088     -4.68171067     -0.15838543
673   682        -2.09488579     -4.59347118     -0.09354270
674   682        -2.11883815     -4.52020680     -0.05808640
675   682        -2.14156491     -4.46258491     -0.04743093
676   682        -2.13209992     -4.44518847     -0.04098482
677   682        -2.09653886     -4.49172009     -0.01489200
678   682        -2.05375775     -4.57296151      0.03090395
679   682        -1.99440190     -4.65755389      0.08530834
680   682        -1.91228874     -4.70639954      0.11900508
681   682        -1.83354221     -4.73438921      0.12352230
682   682        -1.76653489     -4.74259601      0.11132810
683   682        -1.73219258     -4.71787707      0.10619684
684   682        -1.72541709     -4.68263274      0.12902382
685   682        -1.72959119     -4.65083529      0.16099159
686   682        -1.74730116     -4.65461923      0.19142522
687   682        -1.77955139     -4.71559744      0.21647639
688   682        -1.79347475     -4.80408771      0.22304027
689   682        -1.79096129     -4.87732667      0.21138281
690   682        -1.77419815     -4.92798880      0.21801861
691   682        -1.74620537     -4.97739630      0.25601617
692   682        -1.73987847     -5.02575688      0.32912584
693   682        -1.75846438     -5.04335743      0.42148256
694   682        -1.77646725     -5.03900503      0.48432740
695   682        -1.78648040     -5.01217733      0.49835683
696   682        -1.80955766     -4.96408128      0.49603438
697   682        -1.83347301     -4.91414286      0.51809718
698   682        -1.83569157     -4.89190159      0.55300513
699   682        -1.82407081     -4.90120982      0.59238234
700   682        -1.83004816     -4.91246923      0.60608439
701   682        -1.85977640     -4.91047089      0.60300653
702   682        -1.91606750     -4.88862501      0.60047535
703   682        -1.97314643     -4.84033094      0.58781628
704   682        -2.00228463     -4.76756606      0.57213350
705   682        -1.99856498     -4.69552185      0.55917203
706   682        -1.97260971     -4.60783867      0.57551460
707   682        -1.93083428     -4.54589009      0.61020457
708   682        -1.85639697     -4.51179200      0.62071874
709   682        -1.78431512     -4.47226972      0.57334890
710   682        -1.74102612     -4.41700511      0.49052526
711   682        -1.71654706     -4.37763492      0.38808751
712   682        -1.68581232     -4.37689168      0.30806514
713   682        -1.64511679     -4.40018868      0.28679646
714   682        -1.61732324     -4.42233706      0.30799237
715   682        -1.61478591     -4.44344202      0.34388844
716   682        -1.63171711     -4.45472725      0.38179890
717   682        -1.63834826     -4.44480558      0.43223913
718   682        -1.59367607     -4.39499958      0.48475385
719   682        -1.51398407     -4.32215381      0.51081345
720   682        -1.42513299     -4.25694838      0.51676556
721   682        -1.36070783     -4.20354248      0.49053093
722   682        -1.33382340     -4.15461521      0.45530872
723   682        -1.32972982     -4.11929787      0.42092029
724   682        -1.31614677     -4.10647993      0.43154463
725   682        -1.28715262     -4.11835225      0.49827419
726   682        -1.25533855     -4.14707219      0.58707688
727   682        -1.21272443     -4.17886130      0.66611656
728   682        -1.14505666     -4.18615975      0.72631973
729   682        -1.06479069     -4.17085613      0.75611127
730   682        -1.00451534     -4.18422259      0.75884417
731   682        -0.97578218     -4.23076681      0.74646945
732   682        -0.97355557     -4.28575730      0.72812947
733   682        -0.97271468     -4.32521166      0.73075158
734   682        -0.97361473     -4.33606503      0.77208377
735   682        -0.95478553     -4.31944305      0.85218158
736   682        -0.91286474     -4.27653292      0.94740876
737   682        -0.85535069     -4.24004419      1.04173103
738   682        -0.80854924     -4.23864524      1.10048988
739   682        -0.78870244     -4.29086386      1.14450492
740   682        -0.79601536     -4.34866429      1.19465278
741   682        -0.80529193     -4.38053427      1.27824518
742   682        -0.80480485     -4.39382976      1.37449454
743   682        -0.79813936     -4.39599558      1.46064803
744   682        -0.80432256     -4.38640493      1.53135450
745   682        -0.81761607     -4.38046398      1.57773801
746   682        -0.85067837     -4.39242517      1.59391699
747   682        -0.89175236     -4.39592667      1.57613960
748   682        -0.90129020     -4.40003794      1.56085629
749   682        -0.88166691     -4.37431686      1.56739099
750   682        -0.83687129     -4.30675761      1.60335789
751   682        -0.81053563     -4.23841451      1.62156893
752   682        -0.80592115     -4.19716015      1.61709647
753   682        -0.81140191     -4.15074937      1.60314431
754   682        -0.81418429     -4.07717955      1.61409515
755   682        -0.81403121     -3.99666958      1.63261043
756   682        -0.81800623     -3.92671140      1.65228325
757   682        -0.83332739     -3.85415227      1.70647357
758   682        -0.86671090     -3.78986647      1.79876857
759   682        -0.87580967     -3.72968480      1.89884119
760   682        -0.86865824     -3.65006472      1.98503324
761   682        -0.86865546     -3.56047871      2.06380897
762   682        -0.91194501     -3.47649996      2.11825606
763   682        -0.96828104     -3.42027058      2.15549313
764   682        -1.02220578     -3.35952250      2.17501184
765   682        -1.04520590     -3.26884950      2.19502982
766   682        -1.03176482     -3.17545014      2.20403058
767   682        -1.00991675     -3.09651930      2.22311530
768   682        -0.98979943     -3.01905417      2.27755900
769   682        -0.96470064     -2.94649402      2.35308669
770   682        -0.91689481     -2.88644085      2.42588447
771   682        -0.88810996     -2.82322027      2.48652619
772   682        -0.87225256     -2.77098294      2.50648555
773   682        -0.83967421     -2.75050169      2.50881142
774   682        -0.78307276     -2.72811558      2.56577187
775   682        -0.72329590     -2.67995033      2.66925072
776   682        -0.65608129     -2.62496400      2.78330414
777   682        -0.58987283     -2.59644994      2.88614664
778   682        -0.54609086     -2.59367889      2.96169974
779   682        -0.53523744     -2.60741099      3.01590820
780   682        -0.51687409     -2.61690500      3.08956598
781   682        -0.46944766     -2.60873240      3.17222798
782   682        -0.40352507     -2.59154925      3.24140466
783   682        -0.31944263     -2.57248954      3.28501367
784   682        -0.23370808     -2.56278743      3.31232187
785   682        -0.15894482     -2.57715001      3.35247330
786   682        -0.10078260     -2.61221873      3.44252638
787   682        -0.05101087     -2.64653024      3.55145301
788   682         0.01635208     -2.67287223      3.62981537
789   682         0.10314459     -2.66530499      3.66710042
790   682         0.20016995     -2.61484926      3.70583045
791   682         0.28059935     -2.56145418      3.76695916
792   682         0.33197096     -2.52486287      3.83256709
793   682         0.34794002     -2.50280786      3.88916745
794   682         0.36124082     -2.48901515      3.92963860
795   682         0.37553321     -2.45645297      3.99139888
796   682         0.37864771     -2.41785853      4.06890609
797   682         0.37070152     -2.39022067      4.13318988
798   682         0.36687185     -2.38010708      4.16563203
799   682         0.37005836     -2.38483223      4.17877745
800   682         0.39118434     -2.38899041      4.21508254
801   682         0.42357337     -2.38628128      4.25794452
802   682         0.43931378     -2.36067293      4.27125148
803   682         0.45319518     -2.32178483      4.26365388
804   682         0.46181902     -2.26607990      4.25628548
805   682         0.45153607     -2.19798790      4.25024543
806   682         0.46327693     -2.13353981      4.25432470
807   682         0.51319659     -2.09079628      4.29044110
808   682         0.57548055     -2.07951250      4.35378078
809   682         0.62696375     -2.09516517      4.40874785
810   682         0.64983557     -2.11503897      4.45549564
811   682         0.63534470     -2.12528674      4.50899548
812   682         0.63298301     -2.11336321      4.53515950
813   682         0.66372726     -2.08368271      4.51803774
814   682         0.72200953     -2.03955076      4.47882959
815   682         0.78044180     -2.00484312      4.42431925
816   682         0.80853855     -1.99632725      4.36631185
817   682         0.80268698     -1.98530290      4.34837759
818   682         0.79465722     -1.95954721      4.38839946
819   682         0.80592451     -1.92505243      4.43395567
820   682         0.81542285     -1.90227866      4.45581417
821   682         0.80914392     -1.88608489      4.46815572
822   682         0.79839120     -1.87368654      4.48211078
823   682         0.79031337     -1.84895685      4.50567124
824   682         0.77829540     -1.82851372      4.52792614
825   682         0.75205182     -1.83118376      4.54925060
826   682         0.73235785     -1.85532394      4.58710860
827   682         0.72603680     -1.85903514      4.66145545
828   682         0.73278238     -1.82966480      4.75956932
829   682         0.73604156     -1.79168519      4.84889732
830   682         0.73391509     -1.75501338      4.90484224
831   682         0.73823817     -1.71877016      4.93127986
832   682         0.73918919     -1.67102694      4.94111939
833   682         0.72867480     -1.61928404      4.94740377
834   682         0.72332934     -1.56035511      4.95881434
835   682         0.74731283     -1.50167288      4.96594406
836   682         0.78945045     -1.45593487      4.94933305
837   682         0.82257334     -1.42829125      4.91477219
838   682         0.81881309     -1.40234258      4.89446107
839   682         0.80608460     -1.36745474      4.87824416
840   682         0.78231519     -1.31728440      4.84026677
841   682         0.74699777     -1.25847733      4.77057943
842   682         0.69396933     -1.21074373      4.69532184
843   682         0.63478698     -1.16389875      4.63913034
844   682         0.56445705     -1.10440268      4.59693389
845   682         0.50069760     -1.02070541      4.56563339
846   682         0.48283890     -0.95222481      4.55208449
847   682         0.51671452     -0.92241146      4.55023432
848   682         0.57486643     -0.92879588      4.53688517
849   682         0.62269407     -0.93302757      4.50480175
850   682         0.65192310     -0.90703009      4.47014548
851   682         0.65459550     -0.86012424      4.42623166
852   682         0.63625277     -0.81518879      4.36406848
853   682         0.60171056     -0.77578938      4.29604279
854   682         0.56010487     -0.71663515      4.21660967
855   682         0.52932632     -0.63113705      4.09078795
856   682         0.52978998     -0.53358771      3.91799209
857   682         0.54541777     -0.47221479      3.73499162
858   682         0.55037258     -0.46177325      3.57743121
859   682         0.54981662     -0.47803341      3.45361005
860   682         0.54622589     -0.48325909      3.35408055
861   682         0.54347731     -0.46917434      3.28916983
862   682         0.54256181     -0.42514780      3.25445577
863   682         0.55765169     -0.34145079      3.22925860
864   682         0.57916736     -0.23023991      3.19672363
865   682         0.59512361     -0.11365860      3.14840837
866   682         0.61671782     -0.03093045      3.08862033
867   682         0.66795914      0.00138773      3.00165924
868   682         0.74725177      0.00008862      2.87324677
869   682         0.81106757     -0.01212190      2.73655591
870   682         0.84588107     -0.01991596      2.62382545
871   682         0.86337406     -0.00859799      2.53988275
872   682         0.87944403      0.02542791      2.48965890
873   682         0.90219982      0.09569506      2.47721265
874   682         0.92890734      0.19795365      2.48491142
875   682         0.95803735      0.31032418      2.48531897
876   682         0.98679144      0.39079559      2.48439832
877   682         1.02708561      0.42706038      2.49637625
878   682         1.07219238      0.44309625      2.52423794
879   682         1.11412569      0.48311883      2.55974391
880   682         1.13235152      0.55649266      2.59557880
881   682         1.12818844      0.65032799      2.63785313
882   682         1.13240775      0.73646640      2.66636658
883   682         1.15165390      0.78925008      2.64725153
884   682         1.15938544      0.80182514      2.60812466
885   682         1.13150050      0.78028608      2.58678625
886   682         1.08372174      0.76896874      2.58534838
887   682         1.03328195      0.79293997      2.57048976
888   682         0.98818617      0.87103381      2.53627657
889   682         0.94880252      0.97499870      2.49253934
890   682         0.91522776      1.05869206      2.45544356
891   682         0.90988436      1.10622251      2.39968069
892   682         0.94465712      1.13869254      2.34446237
893   682         1.00483684      1.16607985      2.29932507
894   682         1.05697753      1.18742358      2.26460300
895   682         1.08421151      1.20389645      2.25577202
896   682         1.11102289      1.23134600      2.29273038
897   682         1.12365056      1.27431810      2.38500909
898   682         1.10124319      1.31874680      2.50348322
899   682         1.06083044      1.35655404      2.62358277
900   682         1.02762795      1.37326602      2.70730935
901   682         0.99755825      1.35439269      2.73653998
902   682         0.97297243      1.29916723      2.74455315
903   682         0.96629768      1.24081895      2.76854827
904   682         0.96583848      1.22478854      2.80695386
905   682         0.95597235      1.26158917      2.84301457
906   682         0.93185861      1.28703504      2.86846490
907   682         0.88896483      1.28531787      2.86721144
908   682         0.85430353      1.27357147      2.84505216
909   682         0.83278493      1.26995278      2.83345141
910   682         0.81318371      1.27500078      2.86697921
911   682         0.79467413      1.29018729      2.94567607
912   682         0.77704933      1.32267864      3.02694602
913   682         0.78472331      1.34431301      3.06666451
914   682         0.81269179      1.35108903      3.06024769
915   682         0.83749231      1.36336701      3.02113753
916   682         0.83697952      1.42377507      2.98590970
917   682         0.82054374      1.52171700      2.95880614
918   682         0.77983426      1.63136116      2.92957131
919   682         0.71264385      1.73152750      2.90879795
920   682         0.63491249      1.80868027      2.90041107
921   682         0.56870041      1.84654908      2.92437515
922   682         0.53771509      1.86006041      2.96576428
923   682         0.54245303      1.88565516      2.99559024
924   682         0.57086144      1.92574858      3.00352603
925   682         0.58689334      1.95721512      3.01879029
926   682         0.58475764      1.96475034      3.04708812
927   682         0.58351663      1.98881506      3.05390150
928   682         0.58534759      2.05163931      3.02551904
929   682         0.58047234      2.12909050      2.98013380
930   682         0.56824079      2.18003638      2.95246014
931   682         0.56156094      2.17650869      2.95683799
932   682         0.56644189      2.14558696      2.96876778
933   682         0.60412465      2.13314583      2.94983927
934   682         0.67334319      2.16859044      2.91022191
935   682         0.74081402      2.20961292      2.87507114
936   682         0.79350676      2.23548885      2.85389501
937   682         0.85256228      2.23096029      2.82003606
938   682         0.91792028      2.21528474      2.75723829
939   682         0.97869837      2.18381453      2.68131389
940   682         1.01152975      2.12527568      2.64056377
941   682         1.01940289      2.05701379      2.66093771
942   682         1.04608612      1.99620185      2.71930581
943   682         1.11491225      1.96962947      2.78655113
944   682         1.19728483      1.98032046      2.83688909
945   682         1.28192955      2.00081768      2.85587462
946   682         1.36438639      1.97610156      2.85942823
947   682         1.42140884      1.91011321      2.84383770
948   682         1.44770669      1.83976891      2.80358563
949   682         1.46596394      1.79032448      2.75493354
950   682         1.49967947      1.77027259      2.74454984
951   682         1.52857135      1.79059235      2.77756661
952   682         1.51847056      1.80052548      2.80035935
953   682         1.47181078      1.76022000      2.79304374
954   682         1.43036710      1.76104635      2.79730424
955   682         1.43478295      1.81255826      2.82974390
956   682         1.48524944      1.85582026      2.86321868
957   682         1.51911613      1.85732893      2.86642273
958   682         1.51670268      1.82238690      2.85788353
959   682         1.50215271      1.77879768      2.86820643
960   682         1.49678215      1.74182698      2.89080087
961   682         1.48794196      1.68880797      2.90079741
962   682         1.46971676      1.64700790      2.91456830
963   682         1.44961921      1.62411112      2.96558990
964   682         1.41853372      1.61150969      3.04599935
965   682         1.36190941      1.59024302      3.12353882
966   682         1.29176871      1.53837542      3.14531923
967   682         1.24817928      1.46639500      3.10155729
968   682         1.24687690      1.38184594      3.02894150
969   682         1.26040447      1.30044183      2.99605635
970   682         1.24637056      1.22051497      3.01632117
971   682         1.20026565      1.13221095      3.06047323
972   682         1.15229267      1.04027937      3.10451126
973   682         1.10387612      0.98015098      3.16743894
974   682         1.07146303      0.94364402      3.21521725
975   682         1.07039280      0.91968591      3.21804010
976   682         1.10063690      0.89826088      3.19862734
977   682         1.14251507      0.89569097      3.20433074
978   682         1.18674185      0.89783031      3.22174003
979   682         1.21547791      0.89360044      3.23831636
980   682         1.21206299      0.89271913      3.26274271
981   682         1.17978249      0.89407274      3.29357946
982   682         1.13806113      0.89881997      3.33148450
983   682         1.10153596      0.89198769      3.35893406
984   682         1.06286028      0.85665374      3.36329927
985   682         1.00409142      0.79310587      3.36544679
986   682         0.95074813      0.72444582      3.37669480
987   682         0.94529196      0.67558142      3.38121473
988   682         1.00194127      0.63723360      3.39512270
989   682         1.08616342      0.61304332      3.41037975
990   682         1.16221076      0.59867015      3.43525727
991   682         1.21778113      0.57253270      3.46445747
992   682         1.25349157      0.53817901      3.47382456
993   682         1.26046698      0.50275770      3.44360433
994   682         1.23100131      0.45153114      3.38447837
995   682         1.15929864      0.36620736      3.32212847
996   682         1.07688572      0.27430869      3.28112657
997   682         0.99917930      0.22357477      3.27010210
998   682         0.95088785      0.23618293      3.26551290
999   682         0.95518326      0.28806992      3.23003077
1000  682         1.01675067      0.34459347      3.15980525
1001  682         1.09965060      0.38453063      3.08073717
1002  682         1.15486480      0.40089037      3.00915055
1003  682         1.17219444      0.39676999      2.95467163
1004  682         1.15592139      0.39197003      2.93235980
1005  682         1.11840721      0.38573560      2.92592655
1006  682         1.07351518      0.37249842      2.90532224
1007  682         1.04472211      0.36145159      2.85491833
1008  682         1.03611705      0.34892150      2.81737197
1009  682         1.02856240      0.35499490      2.79722070
1010  682         1.04546557      0.37366826      2.77681661
1011  682         1.11923619      0.36903928      2.74002863
1012  682         1.20896741      0.32664240      2.70335622
1013  682         1.27340962      0.27008019      2.68815324
1014  682         1.32162135      0.22922050      2.67035763
1015  682         1.35654242      0.21209129      2.65260603
1016  682         1.35700554      0.21341120      2.62760677
1017  682         1.32732859      0.22146685      2.59555325
1018  682         1.30821311      0.22441829      2.55022758
1019  682         1.29207093      0.24586486      2.50147790
1020  682         1.25463251      0.30300876      2.46221611
1021  682         1.21411587      0.34646825      2.44386238
1022  682         1.19701568      0.34502702      2.43587210
1023  682         1.18508272      0.30955849      2.39704258
1024  682         1.16154970      0.28086004      2.32631178
1025  682         1.14867998      0.26365618      2.25162438
1026  682         1.15148822      0.24439400      2.19152157
1027  682         1.13489289      0.21829645      2.15218239
1028  682         1.08674011      0.19669950      2.12854591
1029  682         1.03895422      0.15512841      2.11751399
1030  682         1.00597551      0.08039014      2.10754019
1031  682         0.98681990     -0.00556722      2.09973476
1032  682         0.98234581     -0.08589824      2.10231693
1033  682         0.98911952     -0.13185560      2.10981436
1034  682         0.99081072     -0.15026227      2.12389683
1035  682         0.98289135     -0.16364054      2.15461507
1036  682         0.99126299     -0.19764228      2.18362712
1037  682         1.01677123     -0.25477390      2.17509720
1038  682         1.04792428     -0.30941576      2.14166988
1039  682         1.08112912     -0.33894493      2.11336124
1040  682         1.11377600     -0.33373587      2.10297190
1041  682         1.12325335     -0.32448475      2.10460168
1042  682         1.10013463     -0.34191038      2.11594981
1043  682         1.06944444     -0.40326086      2.15123388
1044  682         1.05742779     -0.51240210      2.19388336
1045  682         1.04406010     -0.63473366      2.20894627
1046  682         1.04094490     -0.71762943      2.17578612
1047  682         1.05520003     -0.76929617      2.13112790
1048  682         1.08146388     -0.81846525      2.09151261
1049  682         1.10988603     -0.88255930      2.05857487
1050  682         1.15027581     -0.93670416      2.02288408
1051  682         1.19949754     -0.98425203      1.97081823
1052  682         1.23864698     -1.05080616      1.91149517
1053  682         1.27813048     -1.13311818      1.85664809
1054  682         1.31827054     -1.19782264      1.82698193
1055  682         1.35068477     -1.22404132      1.81745467
1056  682         1.37246733     -1.22755593      1.79759139
1057  682         1.39911140     -1.23533964      1.73634996
1058  682         1.43598479     -1.26773835      1.63948955
1059  682         1.48863660     -1.32565716      1.52133116
1060  682         1.53124894     -1.38307691      1.40233662
1061  682         1.56442137     -1.42530337      1.30118563
1062  682         1.60623655     -1.45549335      1.24290582
1063  682         1.64564165     -1.48406515      1.21288230
1064  682         1.65812651     -1.49674225      1.17519364
1065  682         1.63537279     -1.47010604      1.11579003
1066  682         1.60051893     -1.41074017      1.04154404
1067  682         1.54896565     -1.35694786      0.98625053
1068  682         1.48186509     -1.35303395      0.92525619
1069  682         1.39786704     -1.38270906      0.86325077
1070  682         1.33307388     -1.41236388      0.82257179
1071  682         1.29461436     -1.43066375      0.80073883
1072  682         1.27707060     -1.44560557      0.77366153
1073  682         1.23723329     -1.46799045      0.73978632
1074  682         1.15818727     -1.49239890      0.71050951
1075  682         1.08997108     -1.52351974      0.70292393
1076  682         1.06753522     -1.55077855      0.73204751
1077  682         1.05964715     -1.55683334      0.76650615
1078  682         1.00958463     -1.51567802      0.76896665
1079  682         0.95523370     -1.44128949      0.73487037
1080  682         0.92387735     -1.37183840      0.67571363
1081  682         0.90039532     -1.33503613      0.62452098
1082  682         0.87590893     -1.33306924      0.58575501
1083  682         0.87813357     -1.36304677      0.56695100
1084  682         0.89827501     -1.40371321      0.58260414
1085  682         0.93346714     -1.43688280      0.59693434
1086  682         0.96987089     -1.46832744      0.56722577
1087  682         1.00448654     -1.49875132      0.50993359
1088  682         1.05968095     -1.52436621      0.45749050
1089  682         1.15735790     -1.53272715      0.44875931
1090  682         1.28649217     -1.54172320      0.44732575
1091  682         1.40377336     -1.55435211      0.45105187
1092  682         1.48491122     -1.57118969      0.44373579
1093  682         1.52641718     -1.58770153      0.45000800
1094  682         1.53213686     -1.60550700      0.46522524
1095  682         1.50122084     -1.63495138      0.48602202
1096  682         1.43943055     -1.67308737      0.50137573
1097  682         1.36120030     -1.72623759      0.48287402
1098  682         1.28662348     -1.79736992      0.43398478
1099  682         1.24151053     -1.88873478      0.38718400
1100  682         1.24467464     -1.97140318      0.38311649
1101  682         1.26964283     -2.03781564      0.39946803
1102  682         1.27750161     -2.07186751      0.42848815
1103  682         1.25298247     -2.08489948      0.44969901
1104  682         1.20832937     -2.07526777      0.47947459
1105  682         1.16011690     -2.05807140      0.50861136
1106  682         1.13297769     -2.04956187      0.54033702
1107  682         1.12146834     -2.08659988      0.57868688
1108  682         1.10499975     -2.15444386      0.63843489
1109  682         1.08862540     -2.20737974      0.71099832
1110  682         1.08368167     -2.22724693      0.78955448
1111  682         1.09160875     -2.22331294      0.86115806
1112  682         1.09878823     -2.20422037      0.91086558
1113  682         1.08530351     -2.17429630      0.93324968
1114  682         1.06134521     -2.14935857      0.91489311
1115  682         1.05508844     -2.12929634      0.86787495
1116  682         1.05454878     -2.09861575      0.79345938
1117  682         1.05549291     -2.05375740      0.73278738
1118  682         1.06029641     -2.03611507      0.71723368
1119  682         1.07800781     -2.06070887      0.76431633
1120  682         1.10764656     -2.10963180      0.83933792
1121  682         1.14689869     -2.14506572      0.91765171
1122  682         1.19527006     -2.15778325      0.97185626
1123  682         1.24753328     -2.15877059      0.98400716
1124  682         1.28803047     -2.14444350      0.96590893
1125  682         1.30916040     -2.11557667      0.93524736
1126  682         1.30063042     -2.09267273      0.90979518
1127  682         1.28129327     -2.06099542      0.86161949
1128  682         1.26222634     -2.02103435      0.78925156
1129  682         1.24283995     -1.99046164      0.71818876
1130  682         1.21372858     -1.98160116      0.71593695
1131  682         1.16844915     -2.00271247      0.76251984
1132  682         1.12989470     -2.03464882      0.80477143
1133  682         1.11254064     -2.07267142      0.82032281
1134  682         1.11404695     -2.09600339      0.81866817
1135  682         1.10254105     -2.09577970      0.80473433
1136  682         1.07172931     -2.08032196      0.78737857
1137  682         1.03369411     -2.07071514      0.77210225
1138  682         1.00152296     -2.08514285      0.76260193
1139  682         0.97057835     -2.12218280      0.76501211
1140  682         0.93221427     -2.16816093      0.77482563
1141  682         0.90962213     -2.19835763      0.77831748
1142  682         0.90614360     -2.21740389      0.76794383
1143  682         0.91782494     -2.22080035      0.78920405
1144  682         0.91668820     -2.22146208      0.84861256
1145  682         0.90400643     -2.23434946      0.90806462
1146  682         0.88754372     -2.26550680      0.95208168
1147  682         0.86843752     -2.30156768      0.99627917
1148  682         0.85595993     -2.34769275      1.02851789
1149  682         0.87305210     -2.40884001      1.02872875
1150  682         0.91733620     -2.46798418      1.02153821
1151  682         0.96383692     -2.52852189      1.03352364
1152  682         0.98949815     -2.62019705      1.06852077
1153  682         1.00721053     -2.70840897      1.11089718
1154  682         1.02719588     -2.76893344      1.14891959
1155  682         1.05318761     -2.79534560      1.17122613
1156  682         1.07752836     -2.80481250      1.18161079
1157  682         1.08223012     -2.80551294      1.19658550
1158  682         1.05591232     -2.78326073      1.20920460
1159  682         1.01584472     -2.75692897      1.20986159
1160  682         0.97849689     -2.75625038      1.20451386
1161  682         0.94543552     -2.77622822      1.18198805
1162  682         0.91767766     -2.78873680      1.14600901
1163  682         0.90755435     -2.78036126      1.10221317
1164  682         0.92168280     -2.76853389      1.05281465
1165  682         0.95036066     -2.75819507      1.00605625
1166  682         0.99138846     -2.75307763      0.97887560
1167  682         1.02979504     -2.74650721      0.98859293
1168  682         1.04560640     -2.72297066      1.02135519
1169  682         1.02551478     -2.68337872      1.03999133
1170  682         0.98549439     -2.64100499      1.01352460
1171  682         0.94669142     -2.64012670      0.95781201
1172  682         0.90413231     -2.69553395      0.90100277
1173  682         0.85007746     -2.77262261      0.86013794
1174  682         0.78838995     -2.84131626      0.84067246
1175  682         0.73939472     -2.89283300      0.84550431
1176  682         0.70657415     -2.92890636      0.86529684
1177  682         0.68568683     -2.93458498      0.89024347
1178  682         0.67614766     -2.89205098      0.93241328
1179  682         0.68468726     -2.83300137      0.98616548
1180  682         0.68204839     -2.79411459      1.05882434
1181  682         0.66646476     -2.80487680      1.14093956
1182  682         0.64475340     -2.86323306      1.18413824
1183  682         0.61519203     -2.93687821      1.17058133
1184  682         0.56502873     -3.01147101      1.12763553
1185  682         0.50307413     -3.07676578      1.08188195
1186  682         0.45978146     -3.09725743      1.03094377
1187  682         0.45665748     -3.06532718      0.95745226
1188  682         0.46812847     -3.02459749      0.87620042
1189  682         0.45586827     -3.01652446      0.82051187
1190  682         0.41249972     -3.06954535      0.80935236
1191  682         0.36549498     -3.14278836      0.84333233
1192  682         0.34289671     -3.21882902      0.88926484
1193  682         0.34038154     -3.28906019      0.93011408
1194  682         0.32798676     -3.36003487      0.95837323
1195  682         0.31136916     -3.42066651      0.99376211
1196  682         0.31119305     -3.47725039      1.04579871
1197  682         0.32360758     -3.54625412      1.09812929
1198  682         0.35023629     -3.60825592      1.12471870
1199  682         0.37159317     -3.63318798      1.13944889
1200  682         0.39027486     -3.62748358      1.15916316
1201  682         0.40371873     -3.62725426      1.16274149
1202  682         0.40660967     -3.66323681      1.15831743
1203  682         0.40805846     -3.71813168      1.13993638
1204  682         0.40427470     -3.76156452      1.13245171
1205  682         0.37818863     -3.81938934      1.13745643
1206  682         0.34782682     -3.91155234      1.13500535
1207  682         0.31291122     -4.02381384      1.14337764
1208  682         0.28242069     -4.13385974      1.17899957
1209  682         0.24131998     -4.23943983      1.22931199
1210  682         0.18579854     -4.34494868      1.28433731
1211  682         0.11841542     -4.43571880      1.33072942
1212  682         0.05175185     -4.50135470      1.36531321
1213  682         0.00336903     -4.55490576      1.38152750
1214  682        -0.03107002     -4.62265763      1.38232850
1215  682        -0.06208423     -4.71428158      1.38184550
1216  682        -0.09784446     -4.81330391      1.37806038
1217  682        -0.13124485     -4.89935360      1.37889229
1218  682        -0.18299467     -4.97222657      1.37901515
1219  682        -0.26248373     -5.03425701      1.38518022
1220  682        -0.35758125     -5.09480888      1.40202322
1221  682        -0.44733624     -5.15571657      1.45360273
1222  682        -0.52952020     -5.22234885      1.54779054
1223  682        -0.60612789     -5.28891911      1.67164099
1224  682        -0.65552336     -5.35446846      1.77221064
1225  682        -0.67456803     -5.42907706      1.81036740
1226  682        -0.68878172     -5.48291369      1.80671173
1227  682        -0.70544486     -5.50758706      1.79169303
1228  682        -0.73544292     -5.52011457      1.77689223
1229  682        -0.76711430     -5.52508906      1.75988387
1230  682        -0.81250880     -5.52294711      1.75831454
1231  682        -0.86934201     -5.51474573      1.76338210
1232  682        -0.91025742     -5.52471600      1.78594961
1233  682        -0.92214215     -5.60265846      1.84666411
1234  682        -0.90714619     -5.73140197      1.92184673
1235  682        -0.90244238     -5.84614310      1.99383717
1236  682        -0.92373072     -5.90446887      2.06937905
1237  682        -0.95161685     -5.92344515      2.14916913
1238  682        -0.94589791     -5.96214460      2.20015226
1239  682        -0.92120564     -6.01958530      2.20367837
1240  682        -0.90792500     -6.05722580      2.20020714
1241  682        -0.90803580     -6.04821628      2.23079940
1242  682        -0.90642526     -6.00845850      2.30604545
1243  682        -0.89396977     -5.97416439      2.40415253
1244  682        -0.87529740     -5.95391504      2.49645512
1245  682        -0.83598601     -5.95957348      2.57225572
1246  682        -0.77633060     -5.98330532      2.63509081
1247  682        -0.71470488     -5.98933622      2.67316745
1248  682        -0.65704784     -5.96103495      2.68642437
1249  682        -0.59470225     -5.92670405      2.69457659
1250  682        -0.53996280     -5.92416581      2.70638786
1251  682        -0.50989103     -5.94536528      2.72417094
1252  682        -0.50477811     -5.96763691      2.74485838
1253  682        -0.52984816     -5.98273289      2.78668981
1254  682        -0.57721257     -6.01071466      2.84271675
1255  682        -0.61560857     -6.05675853      2.88308350
1256  682        -0.64692864     -6.12995303      2.90853382
1257  682        -0.67589054     -6.21424206      2.95759202
1258  682        -0.66914518     -6.26376294      3.02780435
1259  682        -0.61552707     -6.26388786      3.07745427
1260  682        -0.56490544     -6.24651862      3.10268803
1261  682        -0.55603077     -6.23921847      3.11467173
1262  682        -0.57032316     -6.24928306      3.10920993
1263  682        -0.60183681     -6.26593533      3.08001641
1264  682        -0.64958160     -6.27825529      3.04575986
1265  682        -0.71274213     -6.28692207      3.01773156
1266  682        -0.76980468     -6.30628355      3.01314405
1267  682        -0.80808087     -6.34531913      3.01956145
1268  682        -0.82059568     -6.40847308      3.01060500
1269  682        -0.82471589     -6.47627017      2.98200922
1270  682        -0.82629301     -6.51799276      2.93831839
1271  682        -0.82362093     -6.51966113      2.89930876
1272  682        -0.83009471     -6.47992932      2.88511432
1273  682        -0.83104555     -6.42723960      2.87917282
1274  682        -0.83933644     -6.40956915      2.86785237
1275  682        -0.85606291     -6.41792169      2.84633351
1276  682        -0.87178757     -6.42245730      2.80994231
1277  682        -0.88161442     -6.44127095      2.78256643
1278  682        -0.89962550     -6.48667336      2.77049642
1279  682        -0.90104080     -6.55307462      2.76145760
1280  682        -0.87774149     -6.60470367      2.74871104
1281  682        -0.82666665     -6.63945392      2.73764258
1282  682        -0.74420311     -6.66192277      2.70738282
1283  682        -0.63792025     -6.66995536      2.67049712
1284  682        -0.53509765     -6.65859220      2.66170810
1285  682        -0.43664499     -6.66469878      2.65669837
1286  682        -0.34878820     -6.68038689      2.64465017
1287  682        -0.29379285     -6.70804030      2.61674206
1288  682        -0.27321514     -6.73257607      2.58046577
1289  682        -0.26141044     -6.75419427      2.52669274
1290  682        -0.25425352     -6.78167530      2.47394131
1291  682        -0.27280214     -6.79496534      2.43756558
1292  682        -0.28277391     -6.77617961      2.42487763
1293  682        -0.25834196     -6.74685069      2.43323640
1294  682        -0.19659519     -6.74628672      2.43483180
1295  682        -0.11397372     -6.78544135      2.42101679
1296  682        -0.02766594     -6.82530640      2.38726206
1297  682         0.05193447     -6.83980703      2.33951992
1298  682         0.11192880     -6.83813696      2.28010985
1299  682         0.14106563     -6.81527998      2.21004564
1300  682         0.14032829     -6.77562173      2.12776134
1301  682         0.13166372     -6.74302265      2.05520666
1302  682         0.14524119     -6.71367765      2.00520080
1303  682         0.17542650     -6.67299181      1.96368285
1304  682         0.21375735     -6.63595669      1.92977641
1305  682         0.24244552     -6.62493735      1.91522197
1306  682         0.24411384     -6.65060108      1.93380686
1307  682         0.22925804     -6.68562218      1.94797262
1308  682         0.17459364     -6.69598321      1.95331032
1309  682         0.09024979     -6.68812929      1.93577916
1310  682        -0.01433711     -6.68697291      1.91248382
1311  682        -0.12307189     -6.70337095      1.88966339
1312  682        -0.19401021     -6.72169096      1.85932127
1313  682        -0.21283311     -6.72654889      1.81030883
1314  682        -0.20336046     -6.72950896      1.73394264
1315  682        -0.18435747     -6.74074656      1.66062501
1316  682        -0.16944189     -6.75572237      1.60660096
1317  682        -0.15001801     -6.75671406      1.57423830
1318  682        -0.13869577     -6.73657030      1.55612768
1319  682        -0.14078535     -6.69421863      1.55246070
1320  682        -0.15494289     -6.65256336      1.56379678
1321  682        -0.17397270     -6.63222066      1.58055933
1322  682        -0.20194607     -6.63242746      1.58102812
1323  682        -0.22406081     -6.62240894      1.55838345
1324  682        -0.23057227     -6.59756435      1.51593531
1325  682        -0.23075546     -6.58170340      1.45973727
1326  682        -0.24401463     -6.58589551      1.39360637
1327  682        -0.26734960     -6.61149856      1.33396526
1328  682        -0.29217487     -6.63114860      1.29538355
1329  682        -0.34522788     -6.64029198      1.26107472
1330  682        -0.40395841     -6.65479454      1.22885769
1331  682        -0.45231192     -6.68868902      1.19537091
1332  682        -0.49274363     -6.73579426      1.16905823
1333  682        -0.54293049     -6.76589236      1.13408452
1334  682        -0.60254855     -6.76832603      1.09206383
1335  682        -0.64293591     -6.74969545      1.04959441
1336  682        -0.65488813     -6.72737003      1.01562606
1337  682        -0.65617007     -6.68913688      1.01243429
1338  682        -0.66519359     -6.63468387      1.05701823
1339  682        -0.66174535     -6.58175342      1.14587118
1340  682        -0.63567812     -6.54548506      1.22465439
1341  682        -0.59465386     -6.52615958      1.25092116
1342  682        -0.56650229     -6.50826787      1.22651784
1343  682        -0.55526254     -6.49133331      1.18731560
1344  682        -0.55227536     -6.48153781      1.15535775
1345  682        -0.54931776     -6.48893854      1.14265354
1346  682        -0.55282272     -6.51422405      1.15536266
1347  682        -0.56903029     -6.54943915      1.18167254
1348  682        -0.59461990     -6.58381855      1.20959894
1349  682        -0.61977666     -6.60940656      1.26538023
1350  682        -0.64072467     -6.61388556      1.35436396
1351  682        -0.67576832     -6.58970919      1.44222173
1352  682        -0.72643112     -6.57223595      1.51251665
1353  682        -0.78827507     -6.58172018      1.56411638
1354  682        -0.84232646     -6.62362909      1.60674578
1355  682        -0.88443514     -6.67757249      1.65559363
1356  682        -0.92500520     -6.72834082      1.72563531
1357  682        -0.96563014     -6.77719380      1.79956981
1358  682        -0.99062972     -6.82367152      1.83345479
1359  682        -1.00026015     -6.86160077      1.80221077
1360  682        -1.00079262     -6.86430844      1.75242314
1361  682        -1.00305217     -6.81777391      1.72411534
1362  682        -1.01221337     -6.74308573      1.71359921
1363  682        -1.02831159     -6.66126172      1.70629868
1364  682        -1.04605038     -6.57835955      1.71928950
1365  682        -1.05631236     -6.52645378      1.77429794
1366  682        -1.04723395     -6.51903483      1.86274437
1367  682        -1.02593730     -6.55658281      1.95570252
1368  682        -1.02535820     -6.59632815      2.02814576
1369  682        -1.05447747     -6.58970238      2.08822189
1370  682        -1.08325822     -6.52938532      2.12263458
1371  682        -1.12851509     -6.43009030      2.10993800
1372  682        -1.19288588     -6.34291600      2.06324656
1373  682        -1.25231205     -6.29749412      2.03673619
1374  682        -1.28586650     -6.29095750      2.04681152
1375  682        -1.30249480     -6.31922101      2.06669370
1376  682        -1.31469657     -6.36947340      2.08833213
1377  682        -1.33144521     -6.42157336      2.11554428
1378  682        -1.35920722     -6.45973195      2.11371646
1379  682        -1.37620517     -6.48058599      2.03241334
1380  682        -1.37648953     -6.50372195      1.91981910
1381  682        -1.37602675     -6.55530426      1.83011725
1382  682        -1.39310828     -6.62442998      1.77465973
1383  682        -1.43886684     -6.66233194      1.72083352
1384  682        -1.50141053     -6.65296604      1.65747722
1385  682        -1.55366087     -6.64346888      1.59831324
1386  682        -1.58182824     -6.64021093      1.55319077
1387  682        -1.57778731     -6.63522025      1.50100700
1388  682        -1.54556692     -6.61743721      1.42473951
1389  682        -1.49814767     -6.58763219      1.34829896
1390  682        -1.45540502     -6.56872035      1.27751979
1391  682        -1.41479606     -6.56803955      1.21395266
1392  682        -1.37504895     -6.59967052      1.15971277
1393  682        -1.35422871     -6.64631088      1.13538564
1394  682        -1.36804717     -6.67459375      1.12566913
1395  682        -1.42219183     -6.67656825      1.12335689
1396  682        -1.46897809     -6.70611396      1.13755566
1397  682        -1.48005735     -6.76960253      1.16541017
1398  682        -1.45614417     -6.83946837      1.18939510
1399  682        -1.45641241     -6.86752512      1.20705445
1400  682        -1.50125795     -6.85787673      1.22963925
1401  682        -1.55450134     -6.82621756      1.23273699
1402  682        -1.58296915     -6.80900292      1.21387831
1403  682        -1.60645992     -6.83147613      1.17379522
1404  682        -1.63762946     -6.86504955      1.14201787
1405  682        -1.66202215     -6.89349143      1.11379968
1406  682        -1.68335585     -6.89711047      1.08890810
1407  682        -1.70444725     -6.89593038      1.06294890
1408  682        -1.74380218     -6.90136019      1.03605150
1409  682        -1.77776751     -6.91129077      1.01705477
1410  682        -1.80445323     -6.91695288      0.99507504
1411  682        -1.82471191     -6.91008329      0.96441335
1412  682        -1.85323992     -6.89511355      0.93153312
1413  682        -1.88223230     -6.87803899      0.91580344
1414  682        -1.89705056     -6.86276459      0.93951866
1415  682        -1.90306216     -6.84911234      1.00273847
1416  682        -1.91134748     -6.84488736      1.06861297
1417  682        -1.94113946     -6.85852769      1.10686782
1418  682        -1.98337487     -6.89789044      1.10643171
1419  682        -2.00414486     -6.96027213      1.06848160
1420  682        -2.00030545     -7.01505533      1.00009109
1421  682        -2.01892503     -7.03152185      0.91011691
1422  682        -2.05934526     -7.01261696      0.82168219
1423  682        -2.08505428     -6.97798950      0.73913256
1424  682        -2.10083579     -6.94695900      0.68222901
1425  682        -2.13567188     -6.92644495      0.65514641
1426  682        -2.18800421     -6.92230674      0.64728318
1427  682        -2.23121490     -6.94639331      0.63413359
1428  682        -2.25096645     -7.00901873      0.61338867
1429  682        -2.28327408     -7.09929942      0.57689408
1430  682        -2.33820656     -7.19178075      0.52888599
1431  682        -2.36835318     -7.26965088      0.49039620
1432  682        -2.33585246     -7.30656099      0.46871955
1433  682        -2.27501316     -7.31068029      0.44899669
1434  682        -2.22307745     -7.31234254      0.42258319
1435  682        -2.18944880     -7.30423919      0.38209492
1436  682        -2.16634664     -7.28945866      0.32269249
1437  682        -2.17208015     -7.27108934      0.26245582
1438  682        -2.20759279     -7.26093703      0.21887712
1439  682        -2.25842934     -7.24907898      0.18358438
1440  682        -2.30726034     -7.23268947      0.14634777
1441  682        -2.35922803     -7.20007735      0.10162349
1442  682        -2.40640428     -7.14513448      0.05033068
1443  682        -2.43184035     -7.07667666     -0.00402331
1444  682        -2.43129718     -7.00271212     -0.06213852
1445  682        -2.41903024     -6.93994877     -0.12220263
1446  682        -2.41868259     -6.89088192     -0.17082072
1447  682        -2.43566538     -6.84781185     -0.20285931
1448  682        -2.46596078     -6.80545116     -0.22575693
1449  682        -2.51129947     -6.76075457     -0.24365594
1450  682        -2.54384914     -6.71612049     -0.25308712
1451  682        -2.53167608     -6.69107053     -0.24939128
1452  682        -2.48974972     -6.70198484     -0.26255516
1453  682        -2.44479835     -6.75820022     -0.29352326
1454  682        -2.42529036     -6.82956262     -0.33294892
1455  682        -2.41547578     -6.89623625     -0.36386042
1456  682        -2.41102695     -6.94154079     -0.39087113
1457  682        -2.40433751     -6.96731514     -0.40298022
1458  682        -2.39603307     -6.99493039     -0.38507445
1459  682        -2.40037124     -7.02465939     -0.36017706
1460  682        -2.42522799     -7.05195820     -0.34233848
1461  682        -2.47993759     -7.06035928     -0.34075568
1462  682        -2.53560533     -7.05847155     -0.37050208
1463  682        -2.57036607     -7.06157739     -0.43816227
1464  682        -2.59638348     -7.07189057     -0.50048553
1465  682        -2.61548891     -7.10033549     -0.56451919
1466  682        -2.63194485     -7.14410749     -0.60971534
1467  682        -2.64154748     -7.19282145     -0.64173649
1468  682        -2.64420243     -7.24304713     -0.65071678
1469  682        -2.62102370     -7.29468964     -0.66536755
1470  682        -2.59075599     -7.34721337     -0.70116362
1471  682        -2.58260063     -7.38528157     -0.75221059
1472  682        -2.61061808     -7.39768927     -0.82345460
1473  682        -2.66906745     -7.38723090     -0.88869094
1474  682        -2.76054224     -7.37523382     -0.94018463
1475  682        -2.84344263     -7.37704006     -0.99739830
1476  682        -2.90170370     -7.38966103     -1.07019402
1477  682        -2.94872034     -7.37888122     -1.13105085
1478  682        -2.98939666     -7.34934449     -1.17702794
1479  682        -3.00875024     -7.30979308     -1.21411155
1480  682        -3.00325755     -7.26549402     -1.22255240
1481  682        -2.99159892     -7.18943325     -1.20141697
1482  682        -2.99211408     -7.10360400     -1.17802418
1483  682        -3.01709689     -7.04829661     -1.16030081
1484  682        -3.05206060     -7.01999020     -1.16399143
1485  682        -3.07476974     -7.01528087     -1.20411619
1486  682        -3.05585933     -7.02353948     -1.25142990
1487  682        -3.00645491     -7.03469828     -1.28478171
1488  682        -2.96588674     -7.03649760     -1.31340214
1489  682        -2.96288254     -7.02065978     -1.34424086
1490  682        -2.98044529     -7.00546068     -1.35696994
1491  682        -2.98981852     -6.99713767     -1.35328911
1492  682        -2.97571954     -6.98968505     -1.36856613
1493  682        -2.92951714     -6.98939244     -1.41218700
1494  682        -2.85709885     -6.98038713     -1.45746652
1495  682        -2.79383735     -6.96309477     -1.48602174
1496  682        -2.75014791     -6.95633179     -1.48783913
1497  682        -2.70958495     -6.97553104     -1.46121258
1498  682        -2.66880012     -7.01634286     -1.42124045
1499  682        -2.64730231     -7.03824405     -1.38441560
1500  682        -2.61715260     -7.03623355     -1.36309569
1501  682        -2.56337051     -7.04479428     -1.37139940
1502  682        -2.51927121     -7.06315470     -1.38746175
1503  682        -2.50965135     -7.07873116     -1.38312938
1504  682        -2.52001283     -7.09808401     -1.35350026
1505  682        -2.50729606     -7.12192907     -1.31566872
1506  682        -2.45438139     -7.14229890     -1.28227454
1507  682        -2.38674890     -7.14079226     -1.25162471
1508  682        -2.32444794     -7.13202126     -1.21507167
1509  682        -2.27227023     -7.13338057     -1.17960552
1510  682        -2.24489317     -7.14855496     -1.14565730
1511  682        -2.27141323     -7.15378975     -1.10202982
1512  682        -2.34586620     -7.12813947     -1.04229171
1513  682        -2.42141084     -7.07202747     -0.96805138
1514  682        -2.45047228     -6.99618680     -0.89831323
1515  682        -2.43360383     -6.90273317     -0.85897670
1516  682        -2.40742455     -6.82592497     -0.85158727
1517  682        -2.37805515     -6.78240741     -0.84394355
1518  682        -2.35894482     -6.74997422     -0.81422378
1519  682        -2.35475534     -6.73353952     -0.75143842
1520  682        -2.38042866     -6.74404247     -0.67506503
1521  682        -2.40633639     -6.79422522     -0.60832696
1522  682        -2.43350100     -6.85169158     -0.56012571
1523  682        -2.44442448     -6.90231848     -0.51401475
1524  682        -2.43243814     -6.89814734     -0.45636317
1525  682        -2.39795936     -6.86896996     -0.42660639
1526  682        -2.35028607     -6.85840514     -0.43639582
1527  682        -2.30510296     -6.85957230     -0.47089101
1528  682        -2.26431814     -6.82355633     -0.51176998
1529  682        -2.23460320     -6.78584932     -0.54622374
1530  682        -2.23714711     -6.79914570     -0.56870356
1531  682        -2.29336472     -6.84286949     -0.60114519
1532  682        -2.36093581     -6.89680662     -0.63100905
1533  682        -2.42567635     -6.92345119     -0.63988002
1534  682        -2.47723745     -6.92616199     -0.64104567
1535  682        -2.50079753     -6.91736597     -0.65293197
1536  682        -2.49415584     -6.92467151     -0.67000781
1537  682        -2.46695733     -6.93683614     -0.68942502
1538  682        -2.44841194     -6.94329603     -0.70373016
1539  682        -2.47489895     -6.93037180     -0.71488227
1540  682        -2.53941453     -6.89282100     -0.72135781
1541  682        -2.59761927     -6.86862494     -0.71195390
1542  682        -2.64181743     -6.86908618     -0.69292219
1543  682        -2.66645199     -6.88295027     -0.68768003
1544  682        -2.68221973     -6.89647083     -0.69198744
1545  682        -2.69673663     -6.88599791     -0.71478135
1546  682        -2.71535652     -6.83961000     -0.75513026
1547  682        -2.74793868     -6.79352970     -0.79461329
1548  682        -2.76730295     -6.75916598     -0.85795013
1549  682        -2.77718596     -6.73587997     -0.93430496
1550  682        -2.78964507     -6.72655471     -0.99187969
1551  682        -2.81584491     -6.71210435     -1.03748619
1552  682        -2.86283056     -6.69084690     -1.06091989
1553  682        -2.90570254     -6.67034356     -1.07998295
1554  682        -2.90885931     -6.65911013     -1.10419682
1555  682        -2.89262945     -6.65848104     -1.11507803
1556  682        -2.88720006     -6.66077170     -1.10633477
1557  682        -2.91254923     -6.64403164     -1.08772696
1558  682        -2.95598818     -6.61143887     -1.07909373
1559  682        -3.01381677     -6.56748120     -1.04481976
1560  682        -3.07066134     -6.52322178     -1.00706873
1561  682        -3.09526705     -6.47153654     -1.01074038
1562  682        -3.10302823     -6.38424693     -1.03623610
1563  682        -3.09176910     -6.29609287     -1.09537019
1564  682        -3.07167167     -6.22923183     -1.17101813
1565  682        -3.04736205     -6.18432702     -1.21397871
1566  682        -3.00182869     -6.15246724     -1.21860451
1567  682        -2.95323082     -6.12349631     -1.20565285
1568  682        -2.93599948     -6.09924640     -1.17292668
1569  682        -2.96042331     -6.09443262     -1.11476949
1570  682        -2.97913115     -6.09634184     -1.04058219
1571  682        -2.98380490     -6.09064504     -0.99557059
1572  682        -2.97515839     -6.05021895     -1.00169381
1573  682        -2.97276063     -5.97893953     -1.04160885
1574  682        -2.95303356     -5.89644642     -1.08489470
1575  682        -2.92459279     -5.84301337     -1.10804531
1576  682        -2.91454637     -5.81520377     -1.09380834
1577  682        -2.93718788     -5.80133164     -1.03413739
1578  682        -2.97783402     -5.79613670     -0.95150571
1579  682        -3.00965573     -5.79702928     -0.87711668
1580  682        -3.02042870     -5.80617183     -0.83818621
1581  682        -3.01487515     -5.80024886     -0.84304841
1582  682        -2.99954607     -5.78385463     -0.87695703
1583  682        -2.97661378     -5.75476348     -0.91678375
1584  682        -2.96280703     -5.72384487     -0.94958658
1585  682        -2.94626714     -5.69074636     -0.97227575
1586  682        -2.91894177     -5.66676400     -0.98061538
1587  682        -2.88310074     -5.65038231     -0.93948836
1588  682        -2.86442650     -5.63762854     -0.83320479
1589  682        -2.89046151     -5.63600447     -0.69413032
1590  682        -2.94664485     -5.63510085     -0.57546437
1591  682        -2.97882808     -5.62562519     -0.47864951
1592  682        -2.94536865     -5.59424239     -0.37707536
1593  682        -2.89642051     -5.56687293     -0.27334384
1594  682        -2.86866060     -5.53716073     -0.19056727
1595  682        -2.88207841     -5.49594510     -0.12035182
1596  682        -2.92775210     -5.43777822     -0.04364609
1597  682        -3.00597397     -5.37345724     -0.00412367
1598  682        -3.10478774     -5.32658965     -0.01011754
1599  682        -3.20466754     -5.29751250     -0.02412824
1600  682        -3.29880353     -5.27558664     -0.03612404
1601  682        -3.39934659     -5.24455674     -0.06855291
1602  682        -3.51853073     -5.19811745     -0.10844218
1603  682        -3.61924557     -5.12956655     -0.11987574
1604  682        -3.67887349     -5.06983677     -0.07354589
1605  682        -3.69658328     -5.04882666      0.01199589
1606  682        -3.69899268     -5.06282700      0.10539480
1607  682        -3.69512164     -5.07713883      0.17414764
1608  682        -3.68921658     -5.06547128      0.19678294
1609  682        -3.67571365     -5.00889195      0.18705468
1610  682        -3.67036869     -4.91724537      0.15065595
1611  682        -3.66829873     -4.81615533      0.12636702
1612  682        -3.67090798     -4.72866765      0.12374870
1613  682        -3.68208690     -4.66916412      0.13992139
1614  682        -3.69933416     -4.63987699      0.15982390
1615  682        -3.72426962     -4.63518151      0.17881198
1616  682        -3.74331965     -4.63922170      0.19649399
1617  682        -3.75208987     -4.66554881      0.20767050
1618  682        -3.75009061     -4.70709524      0.19970242
1619  682        -3.75731490     -4.75205477      0.16450616
1620  682        -3.79233960     -4.76211496      0.12337543
1621  682        -3.83212530     -4.73829448      0.08896311
1622  682        -3.84251081     -4.69564845      0.07322272
1623  682        -3.82365133     -4.64465833      0.06403814
1624  682        -3.79526704     -4.59498204      0.05546692
1625  682        -3.73955042     -4.54791199      0.03268356
1626  682        -3.66031702     -4.53051568      0.00880230
1627  682        -3.59177230     -4.54576264     -0.01284504
1628  682        -3.56957399     -4.57962176     -0.03385232
1629  682        -3.59349391     -4.59733598     -0.04745450
1630  682        -3.63111468     -4.59453350     -0.05216631
1631  682        -3.66617932     -4.59061892     -0.03818418
1632  682        -3.68085495     -4.60226828     -0.02267971
1633  682        -3.65658429     -4.61177324     -0.00918700
1634  682        -3.57487921     -4.60161823     -0.00854559
1635  682        -3.49142349     -4.59340591      0.01005660
1636  682        -3.47831934     -4.59969736      0.05778577
1637  682        -3.52462716     -4.62547899      0.12371642
1638  682        -3.57034914     -4.64491281      0.18250761
1639  682        -3.59139855     -4.66890147      0.22182153
1640  682        -3.58149059     -4.68296569      0.26402277
1641  682        -3.53719840     -4.67962179      0.30806175
1642  682        -3.47574656     -4.67344169      0.33770985
1643  682        -3.41975593     -4.66422781      0.35469162
1644  682        -3.40536257     -4.65663945      0.36973497
1645  682        -3.43815876     -4.65745036      0.37615538
1646  682        -3.50379614     -4.67365123      0.36121616
1647  682        -3.56667403     -4.69040789      0.35549911
1648  682        -3.60945780     -4.70414689      0.36716833
1649  682        -3.63111700     -4.71850818      0.37385979
1650  682        -3.61916200     -4.74020338      0.36981985
1651  682        -3.58101187     -4.76717629      0.35807958
1652  682        -3.55706078     -4.79577214      0.35571598
1653  682        -3.56701964     -4.83312397      0.38781664
1654  682        -3.60508721     -4.86531695      0.46349997
1655  682        -3.65140696     -4.86185777      0.54407042
1656  682        -3.69889449     -4.83169971      0.59660302
1657  682        -3.72839966     -4.79907747      0.62164425
1658  682        -3.73001799     -4.78062848      0.61777902
1659  682        -3.70933888     -4.77500189      0.59991802
1660  682        -3.68425169     -4.78533158      0.57099346
1661  682        -3.66690425     -4.79614772      0.53655513
1662  682        -3.65958577     -4.80260171      0.51102297
1663  682        -3.67697087     -4.80899657      0.50548731
1664  682        -3.70570809     -4.80817974      0.49752099
1665  682        -3.73126162     -4.78843433      0.46804484
1666  682        -3.75193250     -4.75146660      0.42205279
1667  682        -3.75214271     -4.71080044      0.39888563
1668  682        -3.74063922     -4.67563462      0.43402134
1669  682        -3.72753853     -4.64726644      0.51874525
1670  682        -3.71572755     -4.63028618      0.59940978
1671  682        -3.71039766     -4.62275643      0.65183741
1672  682        -3.71601599     -4.60948445      0.69488911
1673  682        -3.74537068     -4.58304628      0.74287940
1674  682        -3.80265485     -4.54734844      0.77981594
1675  682        -3.86504063     -4.49639484      0.79930961
1676  682        -3.87778461     -4.44142386      0.81159665
1677  682        -3.83283128     -4.39248800      0.82682729
1678  682        -3.76326743     -4.36941886      0.84056977
1679  682        -3.71646139     -4.36438435      0.84443258
1680  682        -3.69357334     -4.34726806      0.84708826
1681  682        -3.68192519     -4.31249803      0.85152414
1682  682        -3.68419502     -4.28918247      0.85030633
1683  682        -3.70084466     -4.27091231      0.82207487
1684  682        -3.73015153     -4.25973551      0.78389088
1685  682        -3.77846271     -4.26500055      0.73652060
1686  682        -3.85077242     -4.28128435      0.66884624
1687  682        -3.93174600     -4.29066162      0.59276216
1688  682        -4.00077676     -4.29073242      0.51427850
1689  682        -4.02666189     -4.29643741      0.43763878
1690  682        -4.02187869     -4.30382990      0.37832179
1691  682        -4.00951523     -4.30974553      0.35542826
1692  682        -4.01090237     -4.31397425      0.36543258
1693  682        -4.03483202     -4.30244615      0.36815356
1694  682        -4.07749679     -4.26740402      0.33872935
1695  682        -4.14878548     -4.21975898      0.27286590
1696  682        -4.22223274     -4.17996531      0.19612480
1697  682        -4.26549197     -4.15459522      0.10898327
1698  682        -4.25178688     -4.12657768      0.01651807
1699  682        -4.18868904     -4.09727122     -0.07085954
1700  682        -4.10833225     -4.08094645     -0.14363804
1701  682        -4.04164284     -4.06926437     -0.20702205
1702  682        -4.02038643     -4.04718939     -0.26072360
1703  682        -4.06209514     -4.03404970     -0.28373161
1704  682        -4.13492534     -4.01671104     -0.28550308
1705  682        -4.19633413     -4.01516940     -0.26819923
1706  682        -4.23196228     -4.03888743     -0.25883121
1707  682        -4.21733361     -4.07235664     -0.26493901
1708  682        -4.17397249     -4.11642275     -0.29399944
1709  682        -4.12792666     -4.18107502     -0.33509621
1710  682        -4.07531314     -4.25915846     -0.37146100
1711  682        -4.01038410     -4.33933969     -0.41111218
1712  682        -3.94066894     -4.40293885     -0.46105217
1713  682        -3.88149076     -4.44876722     -0.50377180
1714  682        -3.85880591     -4.49763320     -0.53024711
1715  682        -3.86467444     -4.56946112     -0.53333790
1716  682        -3.88183818     -4.63963553     -0.51214530
1717  682        -3.87897320     -4.67642898     -0.49304990
1718  682        -3.84273546     -4.68204628     -0.48234386
1719  682        -3.79068429     -4.68414801     -0.49968740
1720  682        -3.74672844     -4.68856120     -0.52423182
1721  682        -3.74277994     -4.68317751     -0.54452910
1722  682        -3.75809204     -4.67580816     -0.55767577
1723  682        -3.77649682     -4.67744077     -0.56796054
1724  682        -3.79818755     -4.67720944     -0.56485050
1725  682        -3.83422180     -4.67259356     -0.54424368
1726  682        -3.87409407     -4.68566090     -0.52700204
1727  682        -3.88199825     -4.73444652     -0.52728384
1728  682        -3.85075557     -4.79577190     -0.52175885
1729  682        -3.82617367     -4.84601766     -0.48835646
1730  682        -3.84117159     -4.87665115     -0.44777811
1731  682        -3.87208656     -4.90295236     -0.44917786
1732  682        -3.90609806     -4.92387432     -0.49896532
1733  682        -3.95374694     -4.92066207     -0.55400950
1734  682        -3.99926038     -4.89303570     -0.61856501
1735  682        -4.02407584     -4.87190425     -0.68392781
1736  682        -4.01774562     -4.89498814     -0.74499089
1737  682        -3.97968560     -4.94917771     -0.79284858
1738  682        -3.93373268     -5.01436409     -0.82033494
1739  682        -3.89606119     -5.07331090     -0.81697284
1740  682        -3.90257228     -5.13625738     -0.80542467
1741  682        -3.96031630     -5.19415648     -0.82707268
1742  682        -4.05650321     -5.24585222     -0.89822058
1743  682        -4.14923062     -5.27299472     -0.98666670
1744  682        -4.22976233     -5.26094943     -1.03374528
1745  682        -4.30176755     -5.21712807     -1.01973149
1746  682        -4.35151923     -5.15125706     -0.94743948
1747  682        -4.36969106     -5.07289800     -0.86037923
1748  682        -4.36060755     -4.98874140     -0.78319810
1749  682        -4.37729431     -4.90268146     -0.74603915
1750  682        -4.43194485     -4.83174519     -0.74671556
1751  682        -4.50427054     -4.76688997     -0.74672046
1752  682        -4.58698685     -4.70563084     -0.72502858
1753  682        -4.68181838     -4.66854545     -0.70022040
1754  682        -4.75824849     -4.65751287     -0.67765033
1755  682        -4.79909117     -4.66915524     -0.64937554
1756  682        -4.80708868     -4.66788120     -0.60618605
1757  682        -4.77473565     -4.65097226     -0.55448828
1758  682        -4.70818368     -4.62161534     -0.52232964
1759  682        -4.65482505     -4.58772076     -0.52585892
1760  682        -4.64429046     -4.55871461     -0.58462431
1761  682        -4.66394433     -4.52468398     -0.65159472
1762  682        -4.66978644     -4.50550242     -0.67720328
1763  682        -4.68269103     -4.50504836     -0.63512515
1764  682        -4.73799602     -4.52468653     -0.54311094
1765  682        -4.79587899     -4.54792417     -0.44381079
1766  682        -4.84118498     -4.53751714     -0.38065310
1767  682        -4.85691580     -4.48281019     -0.35247489
1768  682        -4.88693647     -4.41711610     -0.32405700
1769  682        -4.94147022     -4.35637060     -0.27407718
1770  682        -4.98203337     -4.31431486     -0.20554149
1771  682        -4.99615548     -4.30009281     -0.13727637
1772  682        -4.98288495     -4.31808144     -0.07508764
1773  682        -4.97566041     -4.35590361      0.00094511
1774  682        -4.97844886     -4.40090003      0.09895535
1775  682        -4.97360458     -4.45075804      0.20805205
1776  682        -4.95151734     -4.48718657      0.28145320
1777  682        -4.94566647     -4.51159436      0.32431595
1778  682        -4.97043364     -4.52805811      0.36316024
1779  682        -4.99578068     -4.54841913      0.41433670
1780  682        -5.01761149     -4.55632883      0.46004448
1781  682        -5.01324168     -4.52767366      0.45815349
1782  682        -4.98442534     -4.47475780      0.41752661
1783  682        -4.94366171     -4.42989806      0.38932871
1784  682        -4.92056688     -4.38860380      0.39765983
1785  682        -4.91611549     -4.34445681      0.41900491
1786  682        -4.92209109     -4.30582857      0.44374569
1787  682        -4.93609047     -4.30265093      0.46605893
1788  682        -4.96144116     -4.34053526      0.49860099
1789  682        -4.99829372     -4.41092312      0.52357088
1790  682        -5.02792920     -4.48724142      0.53608594
1791  682        -5.04162794     -4.54010003      0.56390261
1792  682        -5.03280701     -4.58208333      0.62867398
1793  682        -5.01739622     -4.62916286      0.70883457
1794  682        -4.99821041     -4.66316058      0.78558015
1795  682        -4.99913985     -4.68379759      0.87046705
1796  682        -5.03306828     -4.69224592      0.98404935
1797  682        -5.07351075     -4.68026750      1.08222412
1798  682        -5.08689800     -4.63713748      1.11199716
1799  682        -5.07649776     -4.56951290      1.09495018
1800  682        -5.07226340     -4.49981415      1.09221845
1801  682        -5.06125419     -4.44787152      1.14608649
1802  682        -5.03508494     -4.41123648      1.22233175
1803  682        -5.01632655     -4.36989127      1.28634492
1804  682        -5.01989007     -4.30767969      1.33351784
1805  682        -5.02379080     -4.23568807      1.38306614
1806  682        -5.01189573     -4.16917252      1.44037586
1807  682        -5.00831311     -4.10403105      1.47879196
1808  682        -5.02530498     -4.03125064      1.47184651
1809  682        -5.04632291     -3.94807830      1.42064541
1810  682        -5.05442825     -3.87746407      1.36842699
1811  682        -5.05564216     -3.82359338      1.34582299
1812  682        -5.07505858     -3.78368816      1.37607907
1813  682        -5.10617618     -3.75111270      1.42133457
1814  682        -5.14600141     -3.73486051      1.46175982
1815  682        -5.18860197     -3.74790339      1.47765694
1816  682        -5.23564063     -3.79473735      1.47822545
1817  682        -5.27956234     -3.87409404      1.47786097
1818  682        -5.30907805     -3.96630994      1.49575766
1819  682        -5.32559416     -4.03170268      1.53767144
1820  682        -5.33241074     -4.05625206      1.57139971
1821  682        -5.32955978     -4.06514130      1.56837414
1822  682        -5.31301387     -4.06873282      1.54617037
1823  682        -5.29376779     -4.04106103      1.52691195
1824  682        -5.27176631     -4.00776938      1.50819919
1825  682        -5.26820892     -4.00275218      1.48652921
1826  682        -5.28701045     -4.04940437      1.47598321
1827  682        -5.33368678     -4.14298862      1.48577984
1828  682        -5.39036234     -4.26884595      1.51710280
1829  682        -5.41577874     -4.39852125      1.55087231
1830  682        -5.38290186     -4.48488884      1.56177965
1831  682        -5.29606900     -4.52920452      1.55884022
1832  682        -5.19636847     -4.56481728      1.56628836
1833  682        -5.10732842     -4.61435590      1.61107967
1834  682        -5.04135225     -4.67246079      1.67688719
1835  682        -4.97651479     -4.72821723      1.72709807
1836  682        -4.91528517     -4.77952039      1.73844031
1837  682        -4.86642047     -4.82046433      1.70419480
1838  682        -4.86412287     -4.86409193      1.67744367
1839  682        -4.89358084     -4.93291914      1.66622179
1840  682        -4.92771095     -5.01661507      1.65540189
1841  682        -4.92828132     -5.07991222      1.62118511
1842  682        -4.92573068     -5.07924211      1.58655370
1843  682        -4.98287859     -5.00151148      1.59397940
1844  682        -5.08368500     -4.90660196      1.65059953
1845  682        -5.18909722     -4.85591744      1.72996139
1846  682        -5.26068518     -4.84044793      1.79405686
1847  682        -5.29995862     -4.83050604      1.83193004
1848  682        -5.32483883     -4.81139965      1.81356387
1849  682        -5.34173246     -4.81087773      1.77445061
1850  682        -5.34227476     -4.83069954      1.73387336
1851  682        -5.32059002     -4.87035231      1.71840457
1852  682        -5.28810603     -4.94691744      1.72289942
1853  682        -5.24057262     -5.04293159      1.72237010
1854  682        -5.19351296     -5.12611565      1.73555323
1855  682        -5.18780121     -5.15226180      1.77286743
1856  682        -5.18967436     -5.12232721      1.81831503
1857  682        -5.17181556     -5.08142941      1.84064653
1858  682        -5.13503599     -5.06034993      1.83563661
1859  682        -5.11086615     -5.05804351      1.79399181
1860  682        -5.10159042     -5.02915498      1.75303209
1861  682        -5.11262894     -4.97097152      1.73413671
1862  682        -5.11821669     -4.94395799      1.75907776
1863  682        -5.11525350     -4.96012697      1.79894124
1864  682        -5.08813314     -4.96493279      1.85190245
1865  682        -5.02230619     -4.92446248      1.90856955
1866  682        -4.92822824     -4.86511746      1.97917594
1867  682        -4.84590984     -4.83541737      2.05863002
1868  682        -4.82738649     -4.87384872      2.13177742
1869  682        -4.85171833     -4.96311292      2.16683097
1870  682        -4.87348884     -5.02115121      2.14280450
1871  682        -4.86722621     -5.02931341      2.08041935
1872  682        -4.85795010     -4.99616874      2.00905307
1873  682        -4.87625555     -4.95124029      1.95721026
1874  682        -4.89681133     -4.91668294      1.93234925
1875  682        -4.89409487     -4.90314598      1.94890840
1876  682        -4.83625448     -4.90758343      1.98913968
1877  682        -4.75118413     -4.90867921      2.01981100
1878  682        -4.67817688     -4.91720160      2.04151659
1879  682        -4.61560735     -4.95798917      2.06353938
1880  682        -4.54478142     -5.03815267      2.08589640
1881  682        -4.49204688     -5.12114807      2.10326239
1882  682        -4.49616143     -5.16516727      2.11769035
1883  682        -4.53485416     -5.17430328      2.11474545
1884  682        -4.56014339     -5.18022383      2.09894821
1885  682        -4.57038857     -5.20726173      2.06938149
1886  682        -4.56753115     -5.24590086      2.03733804
1887  682        -4.55546641     -5.26699426      2.02355874
1888  682        -4.53424290     -5.26658504      2.03431570
1889  682        -4.50840767     -5.25061293      2.06577040
1890  682        -4.50393360     -5.22110292      2.10054965
1891  682        -4.51563991     -5.19974442      2.09868725
1892  682        -4.53589298     -5.19243958      2.03419430
1893  682        -4.56409379     -5.19258278      1.92574403
1894  682        -4.58984730     -5.17689143      1.81464419
1895  682        -4.60826014     -5.14296603      1.73178404
1896  682        -4.62510004     -5.08758699      1.69810072
1897  682        -4.64979955     -5.02549649      1.71330150
1898  682        -4.67226135     -4.97635570      1.75555960
1899  682        -4.69447092     -4.94917992      1.80367824
1900  682        -4.72448555     -4.94565978      1.82005720
1901  682        -4.77767050     -4.96717158      1.80502478
1902  682        -4.84123595     -4.99940710      1.77108711
1903  682        -4.89132484     -5.01512780      1.72214501
1904  682        -4.92124561     -5.01038682      1.66002555
1905  682        -4.95573297     -5.00330062      1.60130098
1906  682        -5.01770111     -5.02528841      1.57879988
1907  682        -5.09367931     -5.07861181      1.58669377
1908  682        -5.15171540     -5.14676850      1.62126169
1909  682        -5.17518990     -5.20156531      1.66883996
1910  682        -5.17761799     -5.24044548      1.70954724
1911  682        -5.16595112     -5.27695562      1.72557540
1912  682        -5.14181248     -5.32315277      1.71697540
1913  682        -5.10977754     -5.37561445      1.68243810
1914  682        -5.08871887     -5.41464495      1.66249295
1915  682        -5.05931235     -5.44538617      1.67259602
1916  682        -5.00948067     -5.48576810      1.70127195
1917  682        -4.96048227     -5.54992986      1.73583409
1918  682        -4.91921963     -5.63188397      1.75432323
1919  682        -4.87209242     -5.72342947      1.76023042
1920  682        -4.78985204     -5.80498207      1.75066378
1921  682        -4.69441157     -5.87275018      1.74602989
1922  682        -4.63000258     -5.93979595      1.75594820
1923  682        -4.62665455     -6.01157229      1.78296021
1924  682        -4.66074968     -6.05920013      1.80321618
1925  682        -4.69757925     -6.08050851      1.81429809
1926  682        -4.71588367     -6.08072049      1.82650569
1927  682        -4.70967489     -6.06840707      1.84628824
1928  682        -4.68141970     -6.06059733      1.85696750
1929  682        -4.65080846     -6.06772846      1.85329967
1930  682        -4.65274333     -6.11387537      1.85891339
1931  682        -4.67921976     -6.20264771      1.89626748
1932  682        -4.71862996     -6.31916692      1.96033412
1933  682        -4.73577226     -6.40966484      2.01075633
1934  682        -4.72047827     -6.46396353      2.03188288
1935  682        -4.71692886     -6.46913250      2.03975271
1936  682        -4.74348879     -6.44365171      2.06563689
1937  682        -4.77631018     -6.40322813      2.08495766
1938  682        -4.81046959     -6.35496784      2.09053351
1939  682        -4.86007710     -6.30604365      2.09225083
1940  682        -4.91867238     -6.28067092      2.09703681
1941  682        -4.96306659     -6.27496881      2.10511040
1942  682        -4.97320966     -6.27099426      2.12125324
1943  682        -4.96496486     -6.25659040      2.13760867
1944  682        -4.96968437     -6.24407763      2.14188892
1945  682        -5.01508029     -6.26742084      2.13276681
1946  682        -5.07663868     -6.29687059      2.12397046
1947  682        -5.11335469     -6.28297744      2.12142897
1948  682        -5.13010633     -6.21782078      2.12345511
1949  682        -5.13790068     -6.16028656      2.10989849
1950  682        -5.12851785     -6.12476844      2.07414282
1951  682        -5.10141639     -6.11179970      2.02880334
1952  682        -5.07024684     -6.09301002      1.98917828
1953  682        -5.02745036     -6.05586343      1.95975229
1954  682        -5.00710778     -6.01864337      1.93752019
1955  682        -5.02091005     -6.01461032      1.95567225
1956  682        -5.05036978     -6.02953582      2.00725991
1957  682        -5.07427526     -6.03371630      2.05691857
1958  682        -5.08483569     -6.01936307      2.07809864
1959  682        -5.08402896     -5.98197079      2.07256370
1960  682        -5.08164557     -5.93258054      2.03877725
1961  682        -5.08053919     -5.87845787      1.99368069
1962  682        -5.08272592     -5.82897532      1.97557051
1963  682        -5.07823469     -5.79560501      1.99112911
1964  682        -5.05448765     -5.77566559      2.03417947
1965  682        -5.01835187     -5.76274731      2.09715429
1966  682        -4.98459471     -5.76028534      2.16716076
1967  682        -4.96949908     -5.77656603      2.23018557
1968  682        -4.97253543     -5.80140413      2.28466451
1969  682        -4.98025584     -5.81996707      2.31861989
1970  682        -4.98590741     -5.81353811      2.31202489
1971  682        -4.97883728     -5.78840075      2.26570640
1972  682        -4.94409556     -5.76620857      2.22817601
1973  682        -4.90421362     -5.77848301      2.24493600
1974  682        -4.89001809     -5.81196615      2.30225276
1975  682        -4.88736036     -5.82989673      2.38788551
1976  682        -4.88568087     -5.81304535      2.49024165
1977  682        -4.88563967     -5.78604075      2.57006339
1978  682        -4.89385540     -5.79284277      2.58828610
1979  682        -4.90959649     -5.81709546      2.56239394
1980  682        -4.92321818     -5.82736709      2.53865375
1981  682        -4.93025819     -5.83267432      2.54373149
1982  682        -4.94096339     -5.86228997      2.57015080
1983  682        -4.97049261     -5.91500307      2.59407849
1984  682        -5.00432172     -5.97171683      2.61251146
1985  682        -5.02077772     -6.00303578      2.61821148
1986  682        -4.99415546     -6.01014913      2.59057882
1987  682        -4.93752815     -6.00291871      2.52594284
1988  682        -4.87380520     -5.97118395      2.46663719
1989  682        -4.80659787     -5.93182913      2.46855308
1990  682        -4.74029124     -5.90166246      2.52507009
1991  682        -4.69713949     -5.88988589      2.58601879
1992  682        -4.70137015     -5.89874113      2.61398120
1993  682        -4.73396976     -5.90213769      2.61068359
1994  682        -4.75150073     -5.89972311      2.57512128
1995  682        -4.73713728     -5.90246696      2.52504563
1996  682        -4.70503436     -5.90960846      2.49003806
1997  682        -4.65787789     -5.90335541      2.47470737
1998  682        -4.60536695     -5.87856266      2.48320377
1999  682        -4.54317958     -5.84024328      2.49588543
2000  682        -4.47527434     -5.80427734      2.51497988
2001  682        -4.42195392     -5.76412107      2.52453942
2002  682        -4.38286802     -5.71496219      2.52537333
2003  682        -4.36367571     -5.67648243      2.52402507
2004  682        -4.36895719     -5.65626588      2.50715513
2005  682        -4.39744929     -5.63125646      2.46771926
2006  682        -4.42556618     -5.61161843      2.41617235
2007  682        -4.46277699     -5.57941736      2.39582572
2008  682        -4.49002322     -5.56505780      2.37865931
2009  682        -4.49385349     -5.56549758      2.36079717
2010  682        -4.49732840     -5.56707364      2.35388192
2011  682        -4.49633285     -5.54715198      2.35480242
2012  682        -4.46489681     -5.51506928      2.34221226
2013  682        -4.40353446     -5.49979409      2.31218016
2014  682        -4.30923525     -5.49407968      2.28102520
2015  682        -4.21521401     -5.46890024      2.25559542
2016  682        -4.14448015     -5.42943797      2.26172596
2017  682        -4.05411377     -5.40276519      2.24902170
2018  682        -3.95793417     -5.38823620      2.20420632
2019  682        -3.85638145     -5.38337490      2.14183275
2020  682        -3.77106557     -5.36437553      2.09546545
2021  682        -3.70547460     -5.34714748      2.08472426
2022  682        -3.66699247     -5.35240263      2.10792663
2023  682        -3.66328757     -5.34740402      2.15751000
2024  682        -3.68540419     -5.29848458      2.23059584
2025  682        -3.71812055     -5.22991524      2.31163762
2026  682        -3.75076650     -5.17077042      2.38428260
2027  682        -3.77166056     -5.11454442      2.41530036
2028  682        -3.78611652     -5.06837449      2.40068432
2029  682        -3.80282538     -5.02981924      2.35710466
2030  682        -3.80985877     -5.02070969      2.31379861
2031  682        -3.79854922     -5.02983202      2.28648169
2032  682        -3.78426016     -5.05611750      2.27399824
2033  682        -3.77097214     -5.09557845      2.27279287
2034  682        -3.75553685     -5.15591595      2.28980694
2035  682        -3.75160143     -5.20873768      2.31982427
2036  682        -3.77084262     -5.22723878      2.34377870
2037  682        -3.80548685     -5.23428407      2.34867083
2038  682        -3.84610705     -5.26807630      2.33580873
2039  682        -3.89286043     -5.34168153      2.30698124
2040  682        -3.94283379     -5.42916110      2.26915160
2041  682        -3.98197367     -5.49091211      2.26499957
2042  682        -4.00184547     -5.51054817      2.30899990
2043  682        -4.00243949     -5.50611044      2.37838341
2044  682        -3.99457156     -5.48655291      2.41643181
2045  682        -3.99342575     -5.46818510      2.39216525
2046  682        -4.00967991     -5.45105016      2.35478219
2047  682        -4.03555877     -5.43388905      2.33519427
2048  682        -4.08099053     -5.42168179      2.33757187
2049  682        -4.13938077     -5.42203527      2.32099080
2050  682        -4.17290471     -5.44072071      2.27230033
2051  682        -4.17515429     -5.48196572      2.21411187
2052  682        -4.17089640     -5.54846412      2.16578565
2053  682        -4.18971188     -5.62551202      2.13599713
2054  682        -4.21851782     -5.70428314      2.12717616
2055  682        -4.24123387     -5.77021278      2.14085659
2056  682        -4.26516772     -5.81854030      2.15224625
2057  682        -4.28087382     -5.85092986      2.14294789
2058  682        -4.27314925     -5.88954387      2.10252655
2059  682        -4.23876812     -5.94064817      2.05171435
2060  682        -4.20784642     -5.99508916      2.00707238
2061  682        -4.19582801     -6.03369228      1.99071054
2062  682        -4.19655871     -6.05782066      1.98835178
2063  682        -4.18628192     -6.08618306      1.97076405
2064  682        -4.15635907     -6.12408218      1.93509283
2065  682        -4.13821464     -6.17686213      1.90107221
2066  682        -4.13457516     -6.22997699      1.87853673
2067  682        -4.12309991     -6.26196761      1.88033588
2068  682        -4.09662170     -6.27446295      1.87592548
2069  682        -4.06741474     -6.30021368      1.83087841
2070  682        -4.06704819     -6.34536911      1.76910965
2071  682        -4.10652940     -6.38960457      1.72527178
2072  682        -4.16560518     -6.41746715      1.71842797
2073  682        -4.22777578     -6.43529703      1.73854362
2074  682        -4.27882512     -6.45351652      1.76996332
2075  682        -4.31897920     -6.47254899      1.78158919
2076  682        -4.35415258     -6.48649488      1.76438002
2077  682        -4.37840841     -6.48457363      1.72815559
2078  682        -4.37820367     -6.47966751      1.67359075
2079  682        -4.36898756     -6.46722969      1.60753064
2080  682        -4.34352735     -6.46445231      1.53362822
2081  682        -4.29544141     -6.46274864      1.45957950
2082  682        -4.23706869     -6.45712075      1.39445059
2083  682        -4.18874154     -6.44600650      1.34746037
2084  682        -4.16421086     -6.45760049      1.31492328
2085  682        -4.18425446     -6.50716255      1.28472870
2086  682        -4.24652611     -6.57333455      1.26182622
2087  682        -4.31165962     -6.63678983      1.25101683
2088  682        -4.35035721     -6.69461818      1.25137557
2089  682        -4.36555588     -6.75546551      1.26264697
2090  682        -4.35668901     -6.80898243      1.27145971
2091  682        -4.32935398     -6.83201114      1.27856096
2092  682        -4.29830155     -6.83953977      1.27874336
2093  682        -4.26696515     -6.85722467      1.28024484
2094  682        -4.20275183     -6.90690179      1.28997527
2095  682        -4.13492208     -6.98174032      1.31856770
2096  682        -4.09630700     -7.05721703      1.35569808
2097  682        -4.07134119     -7.11969178      1.35518393
2098  682        -4.05013278     -7.17022988      1.29693225
2099  682        -4.03295833     -7.20867729      1.20182299
2100  682        -4.01666832     -7.22575922      1.12842713
2101  682        -4.00275358     -7.22371291      1.10708736
2102  682        -4.00797474     -7.23079201      1.14280441
2103  682        -4.02629095     -7.25575584      1.21233098
2104  682        -4.05970263     -7.27819897      1.28343762
2105  682        -4.11354695     -7.29587396      1.32131992
2106  682        -4.19532768     -7.32487741      1.31407272
2107  682        -4.26074306     -7.36793371      1.26766732
2108  682        -4.28672963     -7.40238668      1.22314476
2109  682        -4.29197758     -7.40603419      1.21428094
2110  682        -4.31155266     -7.39005221      1.22999527
2111  682        -4.33315521     -7.38667587      1.24221423
2112  682        -4.33056748     -7.40552338      1.23015646
2113  682        -4.32388798     -7.42368385      1.20943354
2114  682        -4.33671370     -7.43725203      1.21230137
2115  682        -4.36745893     -7.46175195      1.23862992
2116  682        -4.38128802     -7.50034119      1.25611009
2117  682        -4.37556866     -7.55705158      1.26667499
2118  682        -4.36263186     -7.61881419      1.28150917
2119  682        -4.36270897     -7.66894420      1.33570793
2120  682        -4.36107895     -7.69532450      1.43638940
2121  682        -4.36445471     -7.70614302      1.53718935
2122  682        -4.37895172     -7.72099248      1.61375516
2123  682        -4.39496400     -7.76127142      1.65304474
2124  682        -4.42429822     -7.82982824      1.65815036
2125  682        -4.46285476     -7.90914999      1.64185392
2126  682        -4.50189801     -7.98743323      1.63796635
2127  682        -4.52382914     -8.07365722      1.64938198
2128  682        -4.52820044     -8.17368013      1.65652910
2129  682        -4.52174839     -8.26942429      1.65370781
2130  682        -4.52108559     -8.33672234      1.66661971
2131  682        -4.53259212     -8.36572075      1.72993022
2132  682        -4.55251954     -8.34669399      1.82117928
2133  682        -4.56963305     -8.30237365      1.89765412
2134  682        -4.58211145     -8.27450501      1.93396401
2135  682        -4.59343882     -8.26647112      1.93875108
2136  682        -4.58944841     -8.26605674      1.90941537
2137  682        -4.57406996     -8.26239996      1.86954170
2138  682        -4.55964405     -8.26597975      1.83902651
2139  682        -4.53916118     -8.24867806      1.81803223
2140  682        -4.50715216     -8.17778998      1.80107954
2141  682        -4.46480818     -8.07478572      1.79328910
2142  682        -4.42693736     -7.98939041      1.80310141
2143  682        -4.40455565     -7.92724207      1.81879829
2144  682        -4.38141156     -7.87357593      1.82728015
2145  682        -4.34496600     -7.82947192      1.81849171
2146  682        -4.28539871     -7.80115555      1.81419477
2147  682        -4.22855953     -7.78187012      1.80240681
2148  682        -4.19672855     -7.75129563      1.78586772
2149  682        -4.17809399     -7.72348234      1.77338686
2150  682        -4.13022219     -7.71901100      1.77927465
2151  682        -4.06145067     -7.71423912      1.80652721
2152  682        -3.97743537     -7.70498596      1.84790997
2153  682        -3.88484620     -7.70152695      1.90806614
2154  682        -3.80311944     -7.69905462      1.96311035
2155  682        -3.74823352     -7.68290581      1.98746046
2156  682        -3.71622635     -7.65744622      2.00574292
2157  682        -3.68134138     -7.62376128      2.02112556
2158  682        -3.62693708     -7.60772660      2.02699980
2159  682        -3.56615205     -7.62464500      2.01069352
2160  682        -3.53227333     -7.66615896      1.99473181
2161  682        -3.52830343     -7.70374107      1.99984625
2162  682        -3.51832313     -7.72140513      2.04367281
2163  682        -3.47318079     -7.73446279      2.12241808
2164  682        -3.38946212     -7.77243659      2.21895595
2165  682        -3.29857720     -7.82919608      2.30902025
2166  682        -3.24805950     -7.85863562      2.38332264
2167  682        -3.25503463     -7.87012190      2.44807659
2168  682        -3.28968089     -7.89612634      2.50790517
2169  682        -3.31230013     -7.93920455      2.55651167
2170  682        -3.31550500     -7.97198073      2.56149758
2171  682        -3.31783365     -7.99275498      2.55337886
2172  682        -3.33133156     -8.03256137      2.58373521
2173  682        -3.32998923     -8.08424979      2.67149690
2174  682        -3.29457823     -8.15183287      2.77001178
2175  682        -3.24869913     -8.21274091      2.86526861
2176  682        -3.21904012     -8.26904454      2.94730841
2177  682        -3.21338519     -8.29321599      3.01701588
2178  682        -3.22979651     -8.30176338      3.05964491
2179  682        -3.26718124     -8.28910581      3.06686207
2180  682        -3.29853558     -8.25331276      3.05273975
2181  682        -3.29806196     -8.21823869      3.03320390
2182  682        -3.26991944     -8.17787536      2.98896297
2183  682        -3.22167195     -8.13524286      2.92427311
2184  682        -3.16814038     -8.10020824      2.86543285
2185  682        -3.12623013     -8.07865008      2.82682155
2186  682        -3.13657008     -8.04643175      2.79920184
2187  682        -3.17818179     -7.99757718      2.79001945
2188  682        -3.21559973     -7.96480638      2.83425176
2189  682        -3.26780174     -7.97458405      2.92629139
2190  682        -3.32952371     -7.98450555      3.03148883
2191  682        -3.37576282     -7.95625537      3.12544233
2192  682        -3.40194073     -7.89947499      3.20710430
2193  682        -3.41725961     -7.82986577      3.26645119
2194  682        -3.42775890     -7.76777515      3.30330277
2195  682        -3.43523696     -7.72382552      3.33776623
2196  682        -3.44219683     -7.68926158      3.38452920
2197  682        -3.48604526     -7.65729325      3.43646838
2198  682        -3.53662314     -7.63323300      3.48089020
2199  682        -3.55432774     -7.62120556      3.53887875
2200  682        -3.54689801     -7.60964480      3.61547324
2201  682        -3.52854402     -7.58901025      3.68744097
2202  682        -3.51084000     -7.55849946      3.74214624
2203  682        -3.51196611     -7.53692006      3.77493056
2204  682        -3.52502506     -7.51266232      3.78196369
2205  682        -3.55413573     -7.47793904      3.77575880
2206  682        -3.58832395     -7.45495551      3.76961895
2207  682        -3.59753428     -7.46009611      3.77498584
2208  682        -3.56922294     -7.47741980      3.79461952
2209  682        -3.52056556     -7.48290249      3.81817561
2210  682        -3.48818073     -7.46010001      3.81740087
2211  682        -3.48706413     -7.41374540      3.77844559
2212  682        -3.50426111     -7.35142036      3.72262490
2213  682        -3.51524780     -7.29629481      3.65825662
2214  682        -3.53172797     -7.27699052      3.60379007
2215  682        -3.53624970     -7.28138251      3.57835386
2216  682        -3.53431820     -7.29326295      3.58227789
2217  682        -3.54861434     -7.33072462      3.58361977
2218  682        -3.55959355     -7.36334307      3.57138792
2219  682        -3.56053916     -7.37298794      3.54927685
2220  682        -3.56437261     -7.36679040      3.51379823
2221  682        -3.57948535     -7.33290820      3.48295379
2222  682        -3.62251750     -7.29965923      3.44747584
2223  682        -3.67753083     -7.30266141      3.40268980
2224  682        -3.72901449     -7.29586499      3.35883096
2225  682        -3.75317151     -7.29434120      3.31499415
2226  682        -3.75255583     -7.30407379      3.27203073
2227  682        -3.72619108     -7.32409824      3.22259149
2228  682        -3.71595335     -7.37004498      3.18198756
2229  682        -3.74525985     -7.43189767      3.17078715
2230  682        -3.79075997     -7.50744772      3.16354076
2231  682        -3.84526156     -7.57093254      3.14506113
2232  682        -3.89791094     -7.61470408      3.15332384
2233  682        -3.95682016     -7.63779313      3.18768888
2234  682        -4.01798353     -7.67161082      3.22942961
2235  682        -4.08041706     -7.70123845      3.28214658
2236  682        -4.09864373     -7.69717524      3.32655635
2237  682        -4.07003135     -7.66382603      3.36355380
2238  682        -4.02313751     -7.60568402      3.38692329
2239  682        -4.00568371     -7.57219502      3.40339041
2240  682        -4.01420492     -7.59402647      3.42478696
2241  682        -4.01826160     -7.65553538      3.43577202
2242  682        -4.01788170     -7.71899898      3.44343748
2243  682        -4.00849926     -7.76245644      3.44031133
2244  682        -3.98977427     -7.79765080      3.39708343
2245  682        -3.95272969     -7.83578436      3.31144011
2246  682        -3.91746887     -7.89599572      3.21336675
2247  682        -3.90092757     -7.96732095      3.13449161
2248  682        -3.89701005     -8.02434043      3.08748821
2249  682        -3.89648801     -8.05076087      3.08354915
2250  682        -3.90964441     -8.06624692      3.10931492
2251  682        -3.93973434     -8.10965517      3.14000796
2252  682        -3.96920141     -8.18340088      3.16897833
2253  682        -3.95634925     -8.25206911      3.16918366
2254  682        -3.91925981     -8.30630685      3.12853472
2255  682        -3.87266761     -8.32401636      3.06303791
2256  682        -3.85124853     -8.31027722      3.00388966
2257  682        -3.86868349     -8.30386587      2.96125129
2258  682        -3.89281243     -8.31474099      2.91329521
2259  682        -3.89239294     -8.34551411      2.86014799
2260  682        -3.87778553     -8.38957375      2.79394478
2261  682        -3.87748758     -8.43286321      2.73491834
2262  682        -3.91227703     -8.46726969      2.69508017
2263  682        -3.97357920     -8.48969563      2.66837290
2264  682        -4.02502553     -8.46497663      2.63777935
2265  682        -4.04060079     -8.40110485      2.58864928
2266  682        -4.03621770     -8.36710564      2.52133020
2267  682        -4.00407195     -8.35870845      2.43972936
2268  682        -3.95025086     -8.35760013      2.37173410
2269  682        -3.91540792     -8.33983547      2.30744430
2270  682        -3.91454429     -8.31926004      2.23062365
2271  682        -3.91639442     -8.30957706      2.12696852
2272  682        -3.89070040     -8.30234039      2.02075202
2273  682        -3.87110858     -8.28740184      1.94289390
2274  682        -3.90796903     -8.27323471      1.91174055
2275  682        -3.97906480     -8.26130559      1.90331392
2276  682        -4.06355195     -8.22843919      1.89633845
2277  682        -4.13122761     -8.18175998      1.90667290
2278  682        -4.14079808     -8.14748658      1.92965879
2279  682        -4.06718535     -8.11244007      1.92812494
2280  682        -3.94774653     -8.06509790      1.88715795
2281  682        -3.82942338     -8.02774935      1.83298674
2282  682        -3.72632006     -8.01095328      1.80354767
2283  682        -3.65560436     -7.99835691      1.80720638
2284  682        -3.61444542     -7.96975448      1.81735773
2285  682        -3.59725175     -7.95986784      1.82183039
2286  682        -3.56952036     -7.97523632      1.83037407
2287  682        -3.51733657     -7.99284939      1.83651056
2288  682        -3.44886323     -8.01778757      1.82747116
2289  682        -3.39811008     -8.03712979      1.80891232
2290  682        -3.36660965     -8.03431929      1.79866091
2291  682        -3.32360960     -7.99183061      1.77402446
2292  682        -3.28630312     -7.92183102      1.76834648
2293  682        -3.28254793     -7.86158221      1.79162052
2294  682        -3.29642431     -7.83120522      1.82912322
2295  682        -3.30412898     -7.83459794      1.85859403
2296  682        -3.30314065     -7.83689028      1.84966092
2297  682        -3.29452081     -7.81206505      1.80551484
2298  682        -3.28184300     -7.76072271      1.75058101
2299  682        -3.29702081     -7.72319310      1.69463000
2300  682        -3.34606377     -7.71315226      1.64107371
2301  682        -3.39624522     -7.73120219      1.62248514
2302  682        -3.43510229     -7.74784988      1.62149134
2303  682        -3.48295065     -7.74735754      1.62146774
2304  682        -3.54628096     -7.74323083      1.62952417
2305  682        -3.61144183     -7.74392091      1.65109039
2306  682        -3.66099197     -7.74336455      1.68328910
2307  682        -3.68065628     -7.73556210      1.69723845
2308  682        -3.68031164     -7.72448934      1.69012703
2309  682        -3.67027169     -7.72343030      1.67180209
2310  682        -3.65261201     -7.74846143      1.68303413
2311  682        -3.64551598     -7.78666582      1.74492915
2312  682        -3.63743711     -7.80263644      1.82492421
2313  682        -3.63351753     -7.78867499      1.88601217
2314  682        -3.63981272     -7.75582649      1.92356969
2315  682        -3.63370953     -7.74449796      1.93876847
2316  682        -3.59705298     -7.75619351      1.92697358
2317  682        -3.53697821     -7.77175214      1.90631610
2318  682        -3.49889581     -7.78128665      1.89566524
2319  682        -3.50864787     -7.78162874      1.91632406
2320  682        -3.54916593     -7.78858742      1.95990966
2321  682        -3.57660769     -7.80409663      2.01659255
2322  682        -3.58226608     -7.80649050      2.06329634
2323  682        -3.58238002     -7.77283598      2.07857097
2324  682        -3.56589867     -7.73710269      2.05557288
2325  682        -3.51751020     -7.71851483      2.00921296
2326  682        -3.48014290     -7.71019398      1.97040825
2327  682        -3.47001789     -7.72105051      1.92824144
2328  682        -3.49256804     -7.75196690      1.88399824
2329  682        -3.52684478     -7.79765982      1.83457922
2330  682        -3.56180004     -7.86133800      1.80723254
2331  682        -3.60841992     -7.91122213      1.79987880
2332  682        -3.68293726     -7.92357708      1.79004420
2333  682        -3.74189975     -7.90877414      1.74539591
2334  682        -3.75878756     -7.87692573      1.67615019
2335  682        -3.73828416     -7.84850354      1.60357524
2336  682        -3.68283317     -7.83910899      1.53959497
2337  682        -3.61873925     -7.84613507      1.46747074
2338  682        -3.55462641     -7.86698444      1.39816031
2339  682        -3.51511194     -7.87054505      1.35661550
2340  682        -3.50126602     -7.85449772      1.33003990
2341  682        -3.47679721     -7.83305300      1.31870122
2342  682        -3.46001314     -7.83226838      1.30845215
2343  682        -3.43855880     -7.83696179      1.31256763
2344  682        -3.41319349     -7.85221716      1.32507281
2345  682        -3.38075205     -7.87392063      1.35030668
2346  682        -3.35481330     -7.86320539      1.38914693
2347  682        -3.34910160     -7.80690856      1.42979879
2348  682        -3.34527627     -7.74854752      1.45133409
2349  682        -3.32822936     -7.71962977      1.45600837
2350  682        -3.30037302     -7.71573033      1.47102353
2351  682        -3.26875182     -7.73828338      1.49460391
2352  682        -3.22781760     -7.78493475      1.49536683
2353  682        -3.20036117     -7.82655052      1.46756150
2354  682        -3.19568502     -7.81444552      1.41412576
2355  682        -3.21434212     -7.74072532      1.34817822
2356  682        -3.23561859     -7.66242046      1.30595747
2357  682        -3.25086486     -7.64458743      1.31915270
2358  682        -3.26055267     -7.68051068      1.37325077
2359  682        -3.27668192     -7.73200319      1.40811403
2360  682        -3.29497703     -7.76718908      1.42659533
2361  682        -3.30958439     -7.77630757      1.43948267
2362  682        -3.34484944     -7.77552426      1.44792711
2363  682        -3.40860747     -7.76406841      1.44852376
2364  682        -3.46974475     -7.73923575      1.45203347
2365  682        -3.50682870     -7.68866500      1.43763105
2366  682        -3.54134839     -7.63582455      1.42176609
2367  682        -3.60295359     -7.58126375      1.41410260
2368  682        -3.67203845     -7.52716100      1.40966353
2369  682        -3.71585915     -7.49635308      1.40068362
2370  682        -3.72541295     -7.50841239      1.39676733
2371  682        -3.71067068     -7.55289593      1.39916426
2372  682        -3.71263848     -7.59065154      1.38578949
2373  682        -3.73514854     -7.62037966      1.36085724
2374  682        -3.76120019     -7.64215744      1.31024864
2375  682        -3.77373884     -7.66099234      1.24274441
2376  682        -3.79673941     -7.66289752      1.18358252
2377  682        -3.84180020     -7.66853850      1.12677824
2378  682        -3.86722761     -7.67771048      1.07647150
2379  682        -3.83670934     -7.71393856      1.00951402
2380  682        -3.80177866     -7.75826276      0.93462630
2381  682        -3.79835866     -7.79681377      0.87069060
2382  682        -3.80558151     -7.84803151      0.81337993
2383  682        -3.78502270     -7.92188388      0.75411670
2384  682        -3.75523714     -7.97782356      0.68787419
2385  682        -3.72441527     -8.00131328      0.63150279
2386  682        -3.69535245     -7.98717295      0.59654640
2387  682        -3.66741418     -7.96176152      0.55582733
2388  682        -3.64000785     -7.92702643      0.49611081
2389  682        -3.58777195     -7.91143042      0.43655381
2390  682        -3.52019159     -7.95267287      0.43486068
2391  682        -3.46451441     -8.02789455      0.49206046
2392  682        -3.42347803     -8.10231610      0.56193861
2393  682        -3.37951877     -8.17061871      0.61211279
2394  682        -3.31677650     -8.23329920      0.61985497
2395  682        -3.23614079     -8.29540117      0.60543759
2396  682        -3.14766436     -8.33958881      0.58775452
2397  682        -3.08697334     -8.38225286      0.56756035
2398  682        -3.02652295     -8.43863875      0.55057205
2399  682        -2.94806130     -8.48797095      0.53298442
2400  682        -2.88321659     -8.51323639      0.48384460
2401  682        -2.87293670     -8.53339046      0.41427787
2402  682        -2.89348181     -8.59691351      0.38128283
2403  682        -2.90676916     -8.68489298      0.37224856
2404  682        -2.91182562     -8.74206249      0.36894269
2405  682        -2.91169306     -8.74880424      0.37297636
2406  682        -2.93271559     -8.73621807      0.39278413
2407  682        -2.97519741     -8.70516841      0.43274599
2408  682        -3.01752940     -8.63383976      0.46575861
2409  682        -3.03253130     -8.54350941      0.46755537
2410  682        -3.04156640     -8.47301840      0.45490102
2411  682        -3.06802079     -8.42762696      0.45398945
2412  682        -3.10611503     -8.40514356      0.47050189
2413  682        -3.14674994     -8.39606058      0.49875065
2414  682        -3.19550931     -8.37967782      0.51364738
2415  682        -3.23465092     -8.35729718      0.51177513
2416  682        -3.24446266     -8.32424088      0.50452590
2417  682        -3.23194319     -8.29742807      0.50571131
2418  682        -3.19294941     -8.29165507      0.53572563
2419  682        -3.14426652     -8.30630311      0.56602834
2420  682        -3.10145184     -8.31964255      0.58215562
2421  682        -3.06835885     -8.32330672      0.57539972
2422  682        -3.04218625     -8.33527684      0.56865298
2423  682        -3.00782047     -8.33163916      0.56881371
2424  682        -2.97871753     -8.27709427      0.57069068
2425  682        -2.98469727     -8.20109066      0.56867750
2426  682        -3.00300078     -8.13233322      0.60522049
2427  682        -3.01870721     -8.08687628      0.67924734
2428  682        -3.03041330     -8.04893558      0.74701187
2429  682        -3.03663149     -8.03703987      0.78696928
2430  682        -3.02816319     -8.05588528      0.81947329
2431  682        -2.97209821     -8.10875374      0.85641004
2432  682        -2.87219860     -8.18063540      0.89063997
2433  682        -2.80480356     -8.21075641      0.91815046
2434  682        -2.79681702     -8.18553468      0.94731029
2435  682        -2.82583400     -8.13360967      0.95373170
2436  682        -2.85929440     -8.10375237      0.96850293
2437  682        -2.88029822     -8.13195452      1.00922978
2438  682        -2.89740283     -8.21697033      1.05943590
2439  682        -2.90765093     -8.34353593      1.10089778
2440  682        -2.91559996     -8.46407622      1.12055050
2441  682        -2.90875479     -8.49391085      1.11053671
2442  682        -2.88981815     -8.42073722      1.12123780
2443  682        -2.87256612     -8.31221072      1.14366126
2444  682        -2.87514737     -8.21737914      1.15063168
2445  682        -2.90299872     -8.13288805      1.14596470
2446  682        -2.95855937     -8.05921056      1.12405802
2447  682        -2.99936515     -7.99945240      1.10529105
2448  682        -3.01445861     -7.95924407      1.11191523
2449  682        -3.01858769     -7.92286723      1.12985075
2450  682        -3.00488324     -7.90079206      1.13232003
2451  682        -2.96606802     -7.89658477      1.12629374
2452  682        -2.90083789     -7.86445068      1.13357902
2453  682        -2.84660966     -7.79277436      1.15824305
2454  682        -2.81100374     -7.70277678      1.18728037
2455  682        -2.77833428     -7.61596415      1.22247697
2456  682        -2.74691535     -7.55275752      1.25617528
2457  682        -2.72057724     -7.50118611      1.28734652
2458  682        -2.70452886     -7.44988169      1.31112007
2459  682        -2.69614319     -7.39582900      1.33490293
2460  682        -2.68562759     -7.34034334      1.35187984
2461  682        -2.67106175     -7.29869350      1.35814506
2462  682        -2.65510634     -7.27230953      1.36126959
2463  682        -2.63398441     -7.26093492      1.35686416
2464  682        -2.59814748     -7.24023525      1.34002823
2465  682        -2.54300886     -7.21966071      1.33496903
2466  682        -2.48101408     -7.22494678      1.34693544
2467  682        -2.43050786     -7.25506182      1.37394304
2468  682        -2.39495721     -7.28226822      1.39698171
2469  682        -2.37357505     -7.28719692      1.39410708
2470  682        -2.36320153     -7.28035361      1.37950937
2471  682        -2.37184337     -7.28350112      1.37019901
2472  682        -2.39095175     -7.28270251      1.35506593
2473  682        -2.40553810     -7.28164503      1.32663994
2474  682        -2.37850182     -7.27343101      1.27825114
2475  682        -2.32045165     -7.25296980      1.21951657
2476  682        -2.26863483     -7.21894046      1.17286032
2477  682        -2.24657446     -7.20323183      1.13867683
2478  682        -2.24704190     -7.21559896      1.11714951
2479  682        -2.26463980     -7.23360794      1.10096097
2480  682        -2.30774588     -7.22466127      1.08340713
2481  682        -2.35192841     -7.18285435      1.06477342
2482  682        -2.39413112     -7.14071555      1.05515337
2483  682        -2.43555640     -7.10557758      1.06705192
2484  682        -2.48202638     -7.09541592      1.10006370
2485  682        -2.53615141     -7.11752694      1.14296737
2486  682        -2.59278149     -7.16333862      1.17872090
2487  682        -2.63273040     -7.21201943      1.20598730
2488  682        -2.62846696     -7.23664018      1.22031886
2489  682        -2.60329642     -7.24248536      1.23920423
2490  682        -2.58202592     -7.23009856      1.26074155
2491  682        -2.57541590     -7.21918370      1.27036098
2492  682        -2.59152355     -7.22147654      1.26892115
2493  682        -2.61640003     -7.21591590      1.25172042
2494  682        -2.61528496     -7.17222234      1.23146732
2495  682        -2.55573997     -7.11169720      1.21569019
2496  682        -2.47732334     -7.05362244      1.21129155
2497  682        -2.42960958     -7.01162869      1.22926476
2498  682        -2.41961325     -6.97511338      1.27501264
2499  682        -2.42387004     -6.93002276      1.33772258
2500  682        -2.43826706     -6.88255476      1.39873403
2501  682        -2.45830345     -6.85066933      1.44868719
2502  682        -2.49696488     -6.85818313      1.48011712
2503  682        -2.53309294     -6.88414475      1.49708954
2504  682        -2.55756092     -6.88713203      1.48320876
2505  682        -2.57013557     -6.86118827      1.45890961
2506  682        -2.61762893     -6.82815150      1.43882007
2507  682        -2.68753477     -6.81409105      1.42289715
2508  682        -2.74305176     -6.82311600      1.40792347
2509  682        -2.76702304     -6.82259809      1.37172172
2510  682        -2.76134430     -6.79761875      1.31637829
2511  682        -2.74141656     -6.77417351      1.27332434
2512  682        -2.73248530     -6.77013386      1.26571505
2513  682        -2.75020361     -6.79687941      1.25538323
2514  682        -2.78811591     -6.84626466      1.23167344
2515  682        -2.82842258     -6.88668555      1.21591216
2516  682        -2.88994673     -6.88146101      1.21044516
2517  682        -2.97747885     -6.82412207      1.21361878
2518  682        -3.04640289     -6.73757832      1.22883712
2519  682        -3.04105130     -6.66303556      1.25341065
2520  682        -2.96904796     -6.61659652      1.27710088
2521  682        -2.90305750     -6.58567412      1.31997470
2522  682        -2.87399589     -6.56825822      1.38076496
2523  682        -2.90400603     -6.57006268      1.45321911
2524  682        -2.97479374     -6.58632992      1.51562965
2525  682        -3.03258414     -6.59764538      1.58159772
2526  682        -3.05048063     -6.58843282      1.64254312
2527  682        -3.05985010     -6.55848938      1.70149023
2528  682        -3.08775422     -6.49816521      1.74220745
2529  682        -3.11489718     -6.41666989      1.76719140
2530  682        -3.08592986     -6.31476039      1.76195814
2531  682        -2.99842981     -6.21387905      1.72936970
2532  682        -2.93532419     -6.14597804      1.69005571
2533  682        -2.94214393     -6.12227323      1.66042927
2534  682        -2.98096266     -6.11142372      1.66982989
2535  682        -3.00716727     -6.09228148      1.69274388
2536  682        -3.02244072     -6.04592163      1.70102042
2537  682        -3.03365366     -5.97888441      1.70335480
2538  682        -3.04310921     -5.90145842      1.73517006
2539  682        -3.05929630     -5.81855646      1.77507448
2540  682        -3.08576313     -5.75633381      1.81653543
2541  682        -3.10737941     -5.72600200      1.85808493
2542  682        -3.10821503     -5.71674847      1.89278205
2543  682        -3.10019602     -5.72622059      1.91083969
2544  682        -3.10038412     -5.75597555      1.91313713
2545  682        -3.10664317     -5.79627645      1.88987559
2546  682        -3.14044165     -5.85208505      1.83005792
2547  682        -3.19298900     -5.91385729      1.74012876
2548  682        -3.23674913     -5.96559693      1.64022754
2549  682        -3.23976935     -5.98942496      1.57983029
2550  682        -3.19535267     -5.97853726      1.58570763
2551  682        -3.13898155     -5.94234567      1.62844631
2552  682        -3.13445667     -5.92054919      1.67504286
2553  682        -3.18867081     -5.92831005      1.72028945
2554  682        -3.26136079     -5.94607268      1.76470416
2555  682        -3.30561241     -5.95720424      1.79958465
2556  682        -3.33073124     -5.96602599      1.81221145
2557  682        -3.36501025     -5.98591941      1.80514960
2558  682        -3.40333125     -6.01898145      1.79221729
2559  682        -3.44424703     -6.03212589      1.80115350
2560  682        -3.48679119     -6.02027886      1.82992562
2561  682        -3.53159682     -5.99668694      1.86577530
2562  682        -3.57492762     -5.97804820      1.87539736
2563  682        -3.62683364     -5.99357409      1.85298861
2564  682        -3.66568913     -6.03051809      1.80088939
2565  682        -3.68130110     -6.05669890      1.72918831
2566  682        -3.66401679     -6.06451162      1.65267627
2567  682        -3.63431827     -6.06279529      1.58195333
2568  682        -3.60736913     -6.06482406      1.53970765
2569  682        -3.58973795     -6.07028924      1.52179633
2570  682        -3.58474952     -6.08202317      1.52846869
2571  682        -3.58308547     -6.08252026      1.54009101
2572  682        -3.58592563     -6.08997810      1.55820272
2573  682        -3.60050962     -6.11850313      1.56778702
2574  682        -3.61121097     -6.14871089      1.56088799
2575  682        -3.57826745     -6.16994567      1.53214165
2576  682        -3.52899662     -6.18175003      1.49709828
2577  682        -3.51305623     -6.20133046      1.45121624
2578  682        -3.53804200     -6.26423551      1.40776619
2579  682        -3.55347582     -6.35787986      1.37193965
2580  682        -3.54408885     -6.41915651      1.31188030
2581  682        -3.53204901     -6.43852799      1.22677215
2582  682        -3.50982007     -6.44095458      1.14497956
2583  682        -3.48210516     -6.44755516      1.07862918
2584  682        -3.45928773     -6.45585956      1.02504064
2585  682        -3.46449502     -6.45503952      0.97932644
2586  682        -3.48522579     -6.45071340      0.94209074
2587  682        -3.49142233     -6.45411296      0.91061309
2588  682        -3.47782155     -6.47869354      0.88646214
2589  682        -3.46613101     -6.51589215      0.87501763
2590  682        -3.45999986     -6.56650158      0.86623613
2591  682        -3.44757965     -6.62681984      0.83595685
2592  682        -3.42083173     -6.68990314      0.78595105
2593  682        -3.38635206     -6.75036060      0.74890965
2594  682        -3.35114121     -6.80823274      0.73288135
2595  682        -3.30862137     -6.86066401      0.71861992
2596  682        -3.27296027     -6.90849799      0.71608939
2597  682        -3.24931313     -6.94202535      0.73412605
2598  682        -3.24585417     -6.95338412      0.76283238
2599  682        -3.26027717     -6.95704281      0.78839075
2600  682        -3.27331590     -6.96837035      0.82067912
2601  682        -3.27428742     -6.99278809      0.86416741
2602  682        -3.25804801     -7.00855624      0.89259326
2603  682        -3.22585018     -7.02485972      0.89250066
2604  682        -3.18764302     -7.05688914      0.90560750
2605  682        -3.15997490     -7.12417673      0.93596535
2606  682        -3.14204743     -7.20409075      0.94592001
2607  682        -3.12300046     -7.27268314      0.92748848
2608  682        -3.09276880     -7.32773861      0.89366295
2609  682        -3.06859811     -7.37107142      0.86998716
2610  682        -3.08235439     -7.39026423      0.84036963
2611  682        -3.12646103     -7.38228295      0.78417346
2612  682        -3.13616267     -7.37942980      0.71886948
2613  682        -3.10071979     -7.40471770      0.66105808
2614  682        -3.06218083     -7.46260190      0.60284939
2615  682        -3.04697271     -7.54216028      0.53441267
2616  682        -3.04515966     -7.62861731      0.48080324
2617  682        -3.01640137     -7.71376196      0.47093139
2618  682        -2.95391386     -7.79331338      0.50912334
2619  682        -2.87979708     -7.84204800      0.54234981
2620  682        -2.83070204     -7.86247136      0.54700785
2621  682        -2.84060299     -7.87090022      0.55902424
2622  682        -2.89834822     -7.85948397      0.59993284
2623  682        -2.95771197     -7.81821030      0.62673203
2624  682        -2.99111885     -7.75502409      0.64297782
2625  682        -3.00713595     -7.69054108      0.67104811
2626  682        -2.99565992     -7.63207780      0.70999217
2627  682        -2.96940313     -7.58393265      0.75707819
2628  682        -2.95304496     -7.57011196      0.81271117
2629  682        -2.96900332     -7.62002509      0.86463189
2630  682        -3.02269916     -7.71180422      0.89117154
2631  682        -3.08471925     -7.77421708      0.87635014
2632  682        -3.10339250     -7.77011959      0.80860775
2633  682        -3.08379298     -7.71312339      0.71486228
2634  682        -3.07576584     -7.67792141      0.64815726
2635  682        -3.08693562     -7.66454877      0.58248944
2636  682        -3.14434818     -7.66947796      0.51333992
2637  682        -3.21214744     -7.68713718      0.47729445
2638  682        -3.24204575     -7.71917249      0.48546772
2639  682        -3.20796435     -7.74307982      0.51679632
2640  682        -3.14995478     -7.73686210      0.53330336
2641  682        -3.11875122     -7.72955261      0.52642477
2642  682        -3.13900472     -7.72805160      0.52961467
2643  682        -3.17527564     -7.72323899      0.56996067
2644  682        -3.19476352     -7.69772362      0.62047381
2645  682        -3.19338929     -7.66796503      0.65684911
2646  682        -3.15742258     -7.65052964      0.67295474
2647  682        -3.13094249     -7.64334162      0.70512283
2648  682        -3.13110757     -7.63167335      0.74104815
2649  682        -3.16377287     -7.60996099      0.74205842
2650  682        -3.19148998     -7.59160670      0.72688501
2651  682        -3.20541741     -7.59490129      0.71568596
2652  682        -3.21790060     -7.62272649      0.71493913
2653  682        -3.21457790     -7.64513299      0.71797401
2654  682        -3.21900152     -7.66511398      0.72182380
2655  682        -3.23196235     -7.66593586      0.75184898
2656  682        -3.25119352     -7.67137120      0.79768758
2657  682        -3.24623174     -7.68426987      0.82538210
2658  682        -3.23910477     -7.69154618      0.82222363
2659  682        -3.25364535     -7.70657802      0.82691320
2660  682        -3.28467104     -7.71940330      0.87057593
2661  682        -3.31070544     -7.72552665      0.91904010
2662  682        -3.31720885     -7.72157828      0.95247578
2663  682        -3.31742145     -7.73011318      0.97242149
2664  682        -3.29716438     -7.75084758      0.99701208
2665  682        -3.26351244     -7.78276498      1.00466746
2666  682        -3.21847663     -7.80634565      1.00111975
2667  682        -3.18884382     -7.81566216      0.99794587
2668  682        -3.17892701     -7.83295648      1.00084997
2669  682        -3.17125739     -7.85844687      1.01239734
2670  682        -3.14735999     -7.86801024      1.03337165
2671  682        -3.12184659     -7.86788024      1.05243097
2672  682        -3.10002840     -7.89276789      1.04428748
2673  682        -3.08602147     -7.95737300      1.02631209
2674  682        -3.09126799     -8.03561512      1.02065577
2675  682        -3.11165608     -8.09826192      1.04428435
2676  682        -3.14629787     -8.13701713      1.07643046
2677  682        -3.18102245     -8.16030999      1.10923628
2678  682        -3.20192934     -8.19888800      1.13389096
2679  682        -3.19826389     -8.26744495      1.13898869
2680  682        -3.19182784     -8.34566610      1.14757945
2681  682        -3.20626094     -8.41249683      1.17068140
2682  682        -3.24135081     -8.46126118      1.20288034
2683  682        -3.26789094     -8.49136075      1.22891375
2684  682        -3.27853683     -8.48663988      1.23460533
2685  682        -3.26752241     -8.44348479      1.23221101
2686  682        -3.24627281     -8.40702704      1.23160795
2687  682        -3.24300316     -8.40429868      1.22497181
2688  682        -3.25191892     -8.42157531      1.18356681
2689  682        -3.26125096     -8.42958672      1.11147342
2690  682        -3.27232195     -8.42624140      1.03334077
2691  682        -3.29657344     -8.43494106      0.96582203
2692  682        -3.32451453     -8.47707613      0.92071862
2693  682        -3.33453434     -8.52875859      0.90108383
2694  682        -3.33067216     -8.54939271      0.90062545
2695  682        -3.33106978     -8.51825001      0.92073423
2696  682        -3.32770750     -8.45504928      0.96118499
2697  682        -3.29244363     -8.40597928      1.00761567
2698  682        -3.28257197     -8.40818666      1.02946849
2699  682        -3.33463757     -8.43784260      1.00835957
2700  682        -3.39186288     -8.45708665      0.96599424
2701  682        -3.41609473     -8.45869233      0.91717569
2702  682        -3.41740607     -8.47347641      0.87585421
2703  682        -3.42248785     -8.50832630      0.82818938
2704  682        -3.40992427     -8.53275307      0.77593764
2705  682        -3.37622740     -8.53778773      0.73640313
2706  682        -3.35224816     -8.55160788      0.69119213
2707  682        -3.34681696     -8.59947769      0.66340322
2708  682        -3.33136614     -8.66965212      0.68420660
2709  682        -3.30079682     -8.72828243      0.73065337
2710  682        -3.25601764     -8.78136393      0.75783781
2711  682        -3.20428211     -8.83886082      0.76471509
2712  682        -3.15043350     -8.87922012      0.78628329
2713  682        -3.10469599     -8.88827998      0.83185365
2714  682        -3.06108676     -8.87714184      0.87793674
2715  682        -3.03294034     -8.88105105      0.90628938
2716  682        -3.01449882     -8.89868608      0.92279411
2717  682        -2.98054833     -8.90108968      0.95361895
2718  682        -2.94707909     -8.87594113      1.01616846
2719  682        -2.93878968     -8.84398184      1.07888544
2720  682        -2.95807472     -8.82764943      1.13012931
2721  682        -2.98166257     -8.82211787      1.18510013
2722  682        -2.98462472     -8.82335720      1.21982062
2723  682        -2.95290409     -8.82578768      1.20834349
2724  682        -2.89156784     -8.81052714      1.15747246
2725  682        -2.84264715     -8.78121212      1.11291326
2726  682        -2.82564359     -8.77164222      1.10555977
2727  682        -2.83604514     -8.78981562      1.13131525
2728  682        -2.85289082     -8.79194679      1.14411698
2729  682        -2.87560656     -8.75628035      1.13071784
2730  682        -2.90096474     -8.72451953      1.10461986
2731  682        -2.91327706     -8.73658156      1.08377464
2732  682        -2.89891660     -8.78883718      1.07795864
2733  682        -2.86215966     -8.84422613      1.08506584
2734  682        -2.83052448     -8.87657843      1.09965057
2735  682        -2.82229239     -8.89625056      1.11070209
2736  682        -2.83739677     -8.91236061      1.10475555
2737  682        -2.85667742     -8.91246094      1.08229364
2738  682        -2.87870154     -8.89259354      1.06221280
2739  682        -2.90601269     -8.84965369      1.06030120
2740  682        -2.93727387     -8.79532661      1.06522790
2741  682        -2.95234468     -8.75038719      1.03921668
2742  682        -2.94178508     -8.74862924      0.96817909
2743  682        -2.91787263     -8.80455937      0.89351391
2744  682        -2.90625322     -8.88908076      0.84984590
2745  682        -2.90031578     -8.95842341      0.82666446
2746  682        -2.86925404     -9.00154135      0.80424320
2747  682        -2.82255204     -9.04943118      0.78368313
2748  682        -2.79795873     -9.10074491      0.75154041
2749  682        -2.81408974     -9.14549789      0.70730859
2750  682        -2.83665002     -9.18884694      0.66100243
2751  682        -2.84275644     -9.21763539      0.62043620
2752  682        -2.84098075     -9.20792563      0.57415097
2753  682        -2.83411830     -9.16264469      0.51108803
2754  682        -2.83308164     -9.11610288      0.43540187
2755  682        -2.86036615     -9.08354609      0.37735320
2756  682        -2.91838937     -9.06817969      0.35116812
2757  682        -2.93400813     -9.06152120      0.33920880
2758  682        -2.91696527     -9.06527165      0.33250668
2759  682        -2.89084730     -9.07843531      0.33394784
2760  682        -2.86896257     -9.10924790      0.35833718
2761  682        -2.87938736     -9.13154019      0.38103627
2762  682        -2.90029135     -9.15114253      0.36893018
2763  682        -2.90981352     -9.17866086      0.32007315
2764  682        -2.92571499     -9.20359745      0.26741070
2765  682        -2.94535561     -9.22385299      0.23609595
2766  682        -2.95096520     -9.23960642      0.23038415
2767  682        -2.93817939     -9.23187702      0.24509135
2768  682        -2.91520038     -9.19874317      0.26817446
2769  682        -2.91137403     -9.16846971      0.28669136
2770  682        -2.92749486     -9.16913695      0.30696690
2771  682        -2.94902401     -9.17718650      0.35621834
2772  682        -2.96641456     -9.17079757      0.44058201
2773  682        -2.99067962     -9.16048794      0.51416515
2774  682        -3.02125885     -9.16815890      0.51093852
2775  682        -3.05271789     -9.19192006      0.44263521
2776  682        -3.08425773     -9.21679253      0.36620196
2777  682        -3.09306093     -9.22050096      0.33370047
2778  682        -3.09803973     -9.20540840      0.35136017
2779  682        -3.10789281     -9.18638697      0.40224852
2780  682        -3.10605710     -9.17282538      0.45840944
2781  682        -3.09926974     -9.15332977      0.49846229
2782  682        -3.09977510     -9.13000716      0.53470306
2783  682        -3.12204388     -9.11645431      0.55411631
2784  682        -3.15410521     -9.13474780      0.53040436
2785  682        -3.21075121     -9.18571125      0.48173907
2786  682        -3.26827133     -9.23366019      0.45714635
2787  682        -3.31308128     -9.25393133      0.47547413
2788  682        -3.33275676     -9.24141043      0.52333780
2789  682        -3.35123629     -9.21683168      0.56494566
2790  682        -3.36171031     -9.19112633      0.58087350
2791  682        -3.34294682     -9.16634451      0.58923359
2792  682        -3.30047914     -9.14131429      0.61613608
2793  682        -3.26075952     -9.11500391      0.66213560
2794  682        -3.24334274     -9.10756383      0.72097194
2795  682        -3.22763694     -9.13631695      0.78143516
2796  682        -3.22745666     -9.19830736      0.84291781
2797  682        -3.24949781     -9.24710147      0.89453421
2798  682        -3.28413276     -9.26694352      0.90876516
2799  682        -3.29504975     -9.27825544      0.88351115
2800  682        -3.28077497     -9.29228598      0.81171962
2801  682        -3.26729430     -9.28668506      0.71740125
2802  682        -3.27206936     -9.25979798      0.65265409
2803  682        -3.28553366     -9.23941920      0.62314375
2804  682        -3.25886513     -9.22828970      0.61100034
2805  682        -3.21162797     -9.22094524      0.61043342
2806  682        -3.17382008     -9.21003980      0.63389749
2807  682        -3.14843155     -9.18954117      0.64985324
2808  682        -3.09460861     -9.15802662      0.66335657
2809  682        -3.03804767     -9.10881066      0.67366106
2810  682        -3.00621251     -9.05625884      0.67987848
2811  682        -2.97873430     -9.03701189      0.67342769
2812  682        -2.93587439     -9.04542533      0.68396316
2813  682        -2.89002359     -9.06384806      0.69767022
2814  682        -2.85387176     -9.09856527      0.70619752
2815  682        -2.83132622     -9.13832562      0.69936600
2816  682        -2.80215726     -9.17928980      0.68619833
2817  682        -2.74524351     -9.19788975      0.66690285
2818  682        -2.67704914     -9.19708713      0.63220600
2819  682        -2.63363240     -9.18693606      0.57987758
2820  682        -2.63439748     -9.17831717      0.50253922
2821  682        -2.65478383     -9.17063334      0.42516958
2822  682        -2.69077801     -9.15982311      0.34387756
2823  682        -2.74494052     -9.16349543      0.27823676
2824  682        -2.79600430     -9.17887153      0.23565472
2825  682        -2.77906182     -9.20104950      0.23272815
2826  682        -2.68833748     -9.20336892      0.24242403
2827  682        -2.58161221     -9.18769407      0.25208702
2828  682        -2.50613750     -9.15563433      0.26665517
2829  682        -2.44152756     -9.11612502      0.28312291
2830  682        -2.36692747     -9.07302607      0.29527385
2831  682        -2.31516112     -9.03291880      0.31668934
2832  682        -2.31533489     -9.01506576      0.34422285
2833  682        -2.35241880     -9.02342749      0.35242782
2834  682        -2.39162490     -9.03220203      0.33780909
2835  682        -2.42632036     -9.03283742      0.33923771
2836  682        -2.44318941     -9.03061004      0.36923714
2837  682        -2.43653570     -9.00554090      0.40359141
2838  682        -2.42351084     -8.95725324      0.44478811
2839  682        -2.43192942     -8.90674128      0.48841459
2840  682        -2.44306723     -8.83790962      0.53017031
2841  682        -2.45443412     -8.73535662      0.52707861
2842  682        -2.46526791     -8.62131256      0.50109736
2843  682        -2.49595141     -8.51776022      0.45763565
2844  682        -2.56077507     -8.44227903      0.41044047
2845  682        -2.61179238     -8.38451973      0.35121625
2846  682        -2.65770214     -8.32839749      0.27367150
2847  682        -2.68721805     -8.26563808      0.17778642
2848  682        -2.69912790     -8.23179236      0.10677249
2849  682        -2.69452645     -8.20462819      0.06524129
2850  682        -2.67252858     -8.17666209      0.04094061
2851  682        -2.63765968     -8.16627126      0.03482324
2852  682        -2.61818645     -8.13979335      0.03207847
2853  682        -2.61473624     -8.10012701      0.03500367
2854  682        -2.61947868     -8.06487457      0.04285491
2855  682        -2.62009301     -8.03614283      0.04979886
2856  682        -2.60879133     -7.98466487      0.05225308
2857  682        -2.58674030     -7.92301769      0.04742082
2858  682        -2.56177334     -7.89365923      0.02875274
2859  682        -2.51738640     -7.91511023      0.00895380
2860  682        -2.44075251     -7.95566591      0.01736035
2861  682        -2.34124449     -7.97851064      0.03555739
2862  682        -2.27013504     -8.00562172      0.03617055
2863  682        -2.23093404     -8.04125069     -0.00304188
2864  682        -2.20115750     -8.06395055     -0.06596644
2865  682        -2.16741516     -8.05809008     -0.13146944
2866  682        -2.14852978     -8.04676061     -0.16645600
2867  682        -2.15248891     -8.04424041     -0.18410063
2868  682        -2.14425265     -8.04355174     -0.19527871
2869  682        -2.10747721     -8.03926743     -0.20848681
2870  682        -2.06557645     -8.03894998     -0.21309011
2871  682        -2.06786514     -8.06380738     -0.21280055
2872  682        -2.09238359     -8.10718900     -0.20585623
2873  682        -2.10041278     -8.13689318     -0.18228090
2874  682        -2.09495191     -8.14705593     -0.15122717
2875  682        -2.12397066     -8.15164463     -0.12170006
2876  682        -2.19802845     -8.15722813     -0.09418366
2877  682        -2.28688853     -8.16321282     -0.05636183
2878  682        -2.37092978     -8.16504777     -0.00843644
2879  682        -2.44355338     -8.17593207      0.06152331
2880  682        -2.52980145     -8.20052734      0.13340066
2881  682        -2.63310992     -8.22370209      0.18731587
2882  682        -2.71634596     -8.23150988      0.21581470
2883  682        -2.74013721     -8.22444007      0.21111281
2884  682        -2.70096424     -8.22058024      0.18779433
2885  682        -2.63817778     -8.22750417      0.14811019
2886  682        -2.58142205     -8.24524240      0.11187707
2887  682        -2.52920858     -8.26945470      0.09302010
2888  682        -2.47380995     -8.28928482      0.09819490
2889  682        -2.42209833     -8.29358421      0.13556182
2890  682        -2.38928961     -8.26820065      0.20912931
2891  682        -2.36597468     -8.21851640      0.29757574
2892  682        -2.34284025     -8.16956765      0.34603487
2893  682        -2.31088438     -8.12633582      0.32156651
2894  682        -2.28559203     -8.08646082      0.24389622
2895  682        -2.27506901     -8.04895989      0.17490349
2896  682        -2.28781107     -8.02908485      0.13094538
2897  682        -2.30536382     -8.04213929      0.12599878
2898  682        -2.31128673     -8.06486081      0.17956572
2899  682        -2.29907969     -8.08131189      0.28658168
2900  682        -2.27858568     -8.07227113      0.38590932
2901  682        -2.26460559     -8.02754470      0.42533790
2902  682        -2.24966648     -7.96312249      0.42069226
2903  682        -2.23236555     -7.89727980      0.40299388
2904  682        -2.21315556     -7.82782598      0.39194724
2905  682        -2.19856587     -7.76310450      0.38878745
2906  682        -2.19109860     -7.71169963      0.40634304
2907  682        -2.16943580     -7.67655530      0.45889579
2908  682        -2.12923233     -7.67683239      0.56765135
2909  682        -2.08521962     -7.70633680      0.69880514
2910  682        -2.07215790     -7.75624191      0.79922200
2911  682        -2.09742370     -7.79032154      0.83652820
2912  682        -2.13739754     -7.79807707      0.83539930
2913  682        -2.16129971     -7.79159362      0.84671785
2914  682        -2.15788797     -7.77101031      0.86361611
2915  682        -2.13510481     -7.74748808      0.85997877
2916  682        -2.09032058     -7.72141805      0.83179753
2917  682        -2.02777567     -7.71324906      0.80532920
2918  682        -1.97151858     -7.74149756      0.78514795
2919  682        -1.95517997     -7.81653306      0.77299185
2920  682        -1.96496424     -7.90539823      0.76395254
2921  682        -1.97727481     -7.96556429      0.73416246
2922  682        -1.96663747     -8.01508734      0.69147740
2923  682        -1.94729755     -8.08800120      0.65868248
2924  682        -1.92484912     -8.16679367      0.65230832
2925  682        -1.91377714     -8.23308204      0.67418102
2926  682        -1.91964041     -8.29860336      0.71113993
2927  682        -1.92508529     -8.35174711      0.75328051
2928  682        -1.92688311     -8.38070200      0.81762638
2929  682        -1.92559094     -8.39118586      0.90093030
2930  682        -1.92939832     -8.38096474      0.95556115
2931  682        -1.93641061     -8.35026755      0.96336277
2932  682        -1.95705507     -8.33572407      0.95362864
2933  682        -1.96994586     -8.36403598      0.94705816
2934  682        -1.96081156     -8.43847925      0.95145312
2935  682        -1.91834448     -8.54112550      0.94745344
2936  682        -1.88092016     -8.63848802      0.92591058
2937  682        -1.86872471     -8.70748578      0.89767596
2938  682        -1.87587559     -8.75895736      0.87745799
2939  682        -1.88183848     -8.80243409      0.86231783
2940  682        -1.85896300     -8.82916763      0.85602944
2941  682        -1.81800526     -8.82506802      0.85039261
2942  682        -1.79213476     -8.80493153      0.84410886
2943  682        -1.79483856     -8.78496369      0.83205661
2944  682        -1.83082597     -8.76617466      0.82954584
2945  682        -1.90284630     -8.76338747      0.84476019
2946  682        -1.98842116     -8.77417002      0.84923075
2947  682        -2.05910387     -8.77528910      0.83252257
2948  682        -2.10251279     -8.75222074      0.81360325
2949  682        -2.14363518     -8.71672921      0.79586213
2950  682        -2.18038676     -8.69406326      0.77914764
2951  682        -2.20031111     -8.67839515      0.77353718
2952  682        -2.19544701     -8.65934651      0.79076122
2953  682        -2.17218532     -8.63146790      0.80844934
2954  682        -2.14422459     -8.60374545      0.81330087
2955  682        -2.11905555     -8.57075282      0.83650454
2956  682        -2.10594733     -8.54347228      0.87955020
2957  682        -2.10962244     -8.54026027      0.91158951
2958  682        -2.12286621     -8.56342621      0.92106598
2959  682        -2.14484274     -8.59154432      0.93745469
2960  682        -2.16786808     -8.60783965      0.97620374
2961  682        -2.18622275     -8.63231757      1.02219246
2962  682        -2.20363069     -8.66311743      1.04684837
2963  682        -2.21804508     -8.67812122      1.04772146
2964  682        -2.22789144     -8.66850073      1.05150430
2965  682        -2.23910046     -8.65696177      1.05563736
2966  682        -2.27309128     -8.64589961      1.04466482
2967  682        -2.31174974     -8.64000200      1.01767734
2968  682        -2.33273097     -8.65767661      1.00428051
2969  682        -2.31827217     -8.67836726      1.01509684
2970  682        -2.28081002     -8.67345667      1.02292992
2971  682        -2.24843192     -8.64065888      1.02915334
2972  682        -2.22204002     -8.60339949      1.04745324
2973  682        -2.19202136     -8.57223285      1.06331362
2974  682        -2.15598731     -8.56207257      1.06447548
2975  682        -2.12868203     -8.57290246      1.06762538
2976  682        -2.11497950     -8.59350832      1.08253144
2977  682        -2.13182612     -8.59837805      1.08930062
2978  682        -2.17781426     -8.58169848      1.09075719
2979  682        -2.22321901     -8.55348882      1.09249272
2980  682        -2.25370700     -8.51967438      1.10670733
2981  682        -2.23787619     -8.47714259      1.11637156
2982  682        -2.18153118     -8.42219021      1.11888251
2983  682        -2.11350371     -8.38470099      1.12378756
2984  682        -2.06349992     -8.37546217      1.14072977
2985  682        -2.04381981     -8.39428804      1.16168663
2986  682        -2.04425154     -8.43543035      1.17824558
2987  682        -2.05588696     -8.48038637      1.18911551
2988  682        -2.07216889     -8.50712469      1.18309320
2989  682        -2.09732585     -8.50523355      1.16702556
2990  682        -2.12056043     -8.49154254      1.13409867
2991  682        -2.14538948     -8.47296055      1.10216632
2992  682        -2.13606883     -8.45607381      1.07804619
2993  682        -2.08094701     -8.45934218      1.06284175
2994  682        -1.99759603     -8.49000464      1.03356932
2995  682        -1.93789209     -8.54043438      0.99865942
2996  682        -1.91749830     -8.58497910      0.97374520
2997  682        -1.91588918     -8.61690102      0.96156461
2998  682        -1.91365003     -8.64492511      0.98065050
2999  682        -1.89967894     -8.66256065      1.00722087
3000  682        -1.89495591     -8.68166954      1.01823356
3001  682        -1.93154819     -8.71323181      1.02554321
3002  682        -2.00247550     -8.74936221      1.04535656
3003  682        -2.07041289     -8.79143578      1.04865162
3004  682        -2.09159302     -8.83909739      1.03046694
3005  682        -2.04003454     -8.88415596      1.02191761
3006  682        -1.97252056     -8.90537877      1.04445908
3007  682        -1.92586081     -8.90733986      1.06138231
3008  682        -1.92517196     -8.89312376      1.06228119
3009  682        -1.93500343     -8.87385157      1.04458773
3010  682        -1.92389229     -8.86181424      1.01916812
3011  682        -1.91881398     -8.87646326      1.00792042
3012  682        -1.91299938     -8.93362924      1.00378044
3013  682        -1.88076580     -8.99320962      1.01577229
3014  682        -1.80800916     -9.01512384      1.05431190
3015  682        -1.75324114     -9.01989861      1.09787323
3016  682        -1.74549213     -9.03687760      1.12357668
3017  682        -1.76537170     -9.05817265      1.14357311
3018  682        -1.77673059     -9.06268516      1.17156722
3019  682        -1.77096221     -9.07960135      1.20686064
3020  682        -1.75105678     -9.13303021      1.22628155
3021  682        -1.72144673     -9.16566705      1.22704904
3022  682        -1.68322978     -9.14772499      1.19605802
3023  682        -1.62796514     -9.09571694      1.14035448
3024  682        -1.56017193     -9.03053668      1.06599140
3025  682        -1.49305629     -8.94757222      1.00158362
3026  682        -1.42654993     -8.85708911      0.93746557
3027  682        -1.32598980     -8.78405709      0.88311405
3028  682        -1.21904189     -8.71903544      0.82898981
3029  682        -1.13172356     -8.66482385      0.77033534
3030  682        -1.05574273     -8.63163334      0.70623668
3031  682        -0.99108288     -8.61295960      0.65791792
3032  682        -0.94967845     -8.56790072      0.64792549
3033  682        -0.93899204     -8.47286161      0.64896583
3034  682        -0.94007589     -8.35037871      0.65934633
3035  682        -0.93653229     -8.24684114      0.68739884
3036  682        -0.92546416     -8.18371515      0.72962521
3037  682        -0.91213132     -8.15079114      0.75354528
3038  682        -0.90342787     -8.13345136      0.75487476
3039  682        -0.90362788     -8.11065530      0.73028363
3040  682        -0.93240366     -8.12142990      0.70260146
3041  682        -0.97534085     -8.13852197      0.67848167
3042  682        -1.02213127     -8.12904505      0.65970232
3043  682        -1.09066918     -8.07469445      0.65816788
3044  682        -1.17467723     -8.01703375      0.65093966
3045  682        -1.22714484     -7.99381816      0.65884463
3046  682        -1.24793433     -7.98712647      0.65750265
3047  682        -1.23884252     -7.98852888      0.64699461
3048  682        -1.21713102     -8.02440477      0.62553284
3049  682        -1.18578513     -8.05983309      0.59863174
3050  682        -1.14817657     -8.08606975      0.58600546
3051  682        -1.10887987     -8.10990088      0.60290724
3052  682        -1.09650309     -8.11504528      0.63909085
3053  682        -1.11865593     -8.12397964      0.66936037
3054  682        -1.16599317     -8.13701389      0.69577494
3055  682        -1.22860452     -8.15973398      0.70486817
3056  682        -1.28324673     -8.16572450      0.69781594
3057  682        -1.32405774     -8.15654723      0.68275570
3058  682        -1.35716095     -8.14720436      0.68261567
3059  682        -1.38503761     -8.14623380      0.70356833
3060  682        -1.41380606     -8.16092802      0.72384929
3061  682        -1.41901167     -8.16506179      0.74881636
3062  682        -1.39201563     -8.14358395      0.75652806
3063  682        -1.33432448     -8.12825792      0.77090130
3064  682        -1.29008075     -8.14188697      0.77392071
3065  682        -1.26001138     -8.16750434      0.77399109
3066  682        -1.23240559     -8.18920550      0.77523180
3067  682        -1.20463535     -8.21053527      0.76798924
3068  682        -1.20620164     -8.22442169      0.74739308
3069  682        -1.23963790     -8.23273332      0.73865914
3070  682        -1.28359086     -8.23096634      0.77346446
3071  682        -1.32359464     -8.22708901      0.82071237
3072  682        -1.35806553     -8.22390293      0.85691981
3073  682        -1.38743602     -8.22611525      0.85330493
3074  682        -1.39039570     -8.24494631      0.84314654
3075  682        -1.37812144     -8.26958404      0.84891582
3076  682        -1.37905910     -8.28474102      0.86799644
3077  682        -1.39497358     -8.29728613      0.87016989
3078  682        -1.39485222     -8.30835233      0.85348785
3079  682        -1.36371371     -8.31204314      0.83771285
3080  682        -1.31370278     -8.30184420      0.83880568
3081  682        -1.26304600     -8.27851023      0.87435884
3082  682        -1.23070337     -8.25835930      0.90237891
3083  682        -1.22039246     -8.25184104      0.91620990
3084  682        -1.23803036     -8.25471184      0.90680016
3085  682        -1.27654595     -8.26865999      0.91019767
3086  682        -1.30243761     -8.28640973      0.93464807
3087  682        -1.29846030     -8.31118746      0.99078626
3088  682        -1.27417118     -8.33341062      1.04557864
3089  682        -1.23656366     -8.35761075      1.06645437
3090  682        -1.19604085     -8.38916201      1.03872911
3091  682        -1.17222313     -8.41461955      0.99030208
3092  682        -1.18680529     -8.41381359      0.96769097
3093  682        -1.22197213     -8.38157932      0.96887994
3094  682        -1.24135915     -8.34020690      0.99983556
3095  682        -1.21995658     -8.31263621      1.02558410
3096  682        -1.16811617     -8.28925596      1.02867541
3097  682        -1.11005957     -8.26588028      1.02238832
3098  682        -1.04930171     -8.25266240      1.03615929
3099  682        -1.00096795     -8.26404251      1.05100209
3100  682        -0.98951780     -8.27895024      1.04356133
3101  682        -1.01815451     -8.28863420      1.01488065
3102  682        -1.07487101     -8.29022633      0.99421035
3103  682        -1.14113894     -8.26286922      0.99529877
3104  682        -1.18961373     -8.19280292      1.00346797
3105  682        -1.20938505     -8.08520869      1.01848115
3106  682        -1.21022588     -7.98960707      1.03495858
3107  682        -1.21644811     -7.91817873      1.05429537
3108  682        -1.22909369     -7.86233392      1.07799244
3109  682        -1.22325518     -7.81785806      1.11993179
3110  682        -1.18861535     -7.79683674      1.15031690
3111  682        -1.13153279     -7.79714198      1.15767706
3112  682        -1.08335254     -7.80136562      1.14883603
3113  682        -1.06349723     -7.79617868      1.14860025
3114  682        -1.06886651     -7.77448985      1.15524325
3115  682        -1.09175741     -7.73796453      1.15181602
3116  682        -1.13884418     -7.70014673      1.14050728
3117  682        -1.19217795     -7.67850802      1.11763363
3118  682        -1.21950064     -7.66990971      1.10879524
3119  682        -1.18893665     -7.66927550      1.10642543
3120  682        -1.15083970     -7.66758777      1.10272569
3121  682        -1.15007561     -7.66015666      1.08979636
3122  682        -1.16923669     -7.65549765      1.07658288
3123  682        -1.15640567     -7.64726609      1.07156539
3124  682        -1.10001182     -7.61921163      1.09953751
3125  682        -1.07040139     -7.59554354      1.15339329
3126  682        -1.08596284     -7.60646114      1.22241373
3127  682        -1.11485126     -7.63338268      1.27855761
3128  682        -1.11117658     -7.64476632      1.31723639
3129  682        -1.07728282     -7.62131396      1.35722286
3130  682        -1.04103351     -7.59179680      1.38991127
3131  682        -0.99257610     -7.56971977      1.41885123
3132  682        -0.94573998     -7.56975048      1.43926317
3133  682        -0.92740700     -7.60279834      1.46846361
3134  682        -0.93851464     -7.67670150      1.49523589
3135  682        -0.92133603     -7.75137058      1.53061603
3136  682        -0.87332621     -7.79412347      1.57401170
3137  682        -0.84171950     -7.79710053      1.62035578
3138  682        -0.84727974     -7.78303800      1.68686950
3139  682        -0.87235689     -7.76480465      1.75858754
3140  682        -0.88457988     -7.73337732      1.83057603
3141  682        -0.86461454     -7.66820140      1.87615505
3142  682        -0.81641586     -7.58893217      1.87718853
3143  682        -0.76309103     -7.52532705      1.84518108
3144  682        -0.72076703     -7.48692210      1.83014121
3145  682        -0.70313684     -7.46186668      1.83743093
3146  682        -0.69614155     -7.44546248      1.85994041
3147  682        -0.68203609     -7.45988815      1.88728374
3148  682        -0.65435786     -7.48579815      1.89566813
3149  682        -0.62019610     -7.51542645      1.90710955
3150  682        -0.59857190     -7.54993635      1.93643067
3151  682        -0.57924407     -7.57377178      2.01283400
3152  682        -0.54934060     -7.58475568      2.08919909
3153  682        -0.52948566     -7.58314069      2.12572947
3154  682        -0.54203378     -7.56882912      2.11174385
3155  682        -0.55055534     -7.53222092      2.09249964
3156  682        -0.53018342     -7.50620395      2.08309525
3157  682        -0.52769788     -7.47837895      2.08855246
3158  682        -0.55230108     -7.43348110      2.10806738
3159  682        -0.56552414     -7.39044163      2.13321975
3160  682        -0.54076565     -7.35299484      2.16898245
3161  682        -0.53121974     -7.29556056      2.22139385
3162  682        -0.52907136     -7.23546206      2.28783863
3163  682        -0.53333811     -7.18349148      2.35441699
3164  682        -0.55614444     -7.14414974      2.38615127
3165  682        -0.58769627     -7.12641174      2.38859776
3166  682        -0.61605821     -7.11752478      2.36595823
3167  682        -0.62603163     -7.12325510      2.32970121
3168  682        -0.63844272     -7.14137663      2.30303948
3169  682        -0.68198033     -7.13451554      2.32397099
3170  682        -0.73973815     -7.08934433      2.36712867
3171  682        -0.79397081     -7.04152133      2.39480434
3172  682        -0.83908800     -7.01441487      2.37284288
3173  682        -0.87118737     -6.99220582      2.32844660
3174  682        -0.87457723     -6.94595329      2.30711336
3175  682        -0.86795209     -6.90725692      2.30614929
3176  682        -0.86514742     -6.89047616      2.31296218
3177  682        -0.86286458     -6.88093469      2.32117429
3178  682        -0.87815139     -6.86115806      2.31823368
3179  682        -0.91303742     -6.82583147      2.32289965
3180  682        -0.97548572     -6.77939919      2.34139022
3181  682        -1.02802594     -6.72288002      2.35717743
3182  682        -1.03911134     -6.66479106      2.35814064
3183  682        -1.02696225     -6.60911527      2.32406329
3184  682        -0.99120740     -6.54416788      2.25747415
3185  682        -0.94022398     -6.46095415      2.18572154
3186  682        -0.87840765     -6.39893789      2.14353639
3187  682        -0.86813972     -6.38321980      2.13169211
3188  682        -0.88812964     -6.40121268      2.16738501
3189  682        -0.93393420     -6.42972913      2.19621837
3190  682        -0.92059147     -6.43512058      2.19924737
3191  682        -0.84681012     -6.42336213      2.17948564
3192  682        -0.79448808     -6.42520378      2.16567727
3193  682        -0.75560963     -6.45008574      2.17642406
3194  682        -0.70674108     -6.46696078      2.19601062
3195  682        -0.67213944     -6.46361963      2.21461536
3196  682        -0.69915843     -6.45701315      2.23694605
3197  682        -0.75340650     -6.46063959      2.27650321
3198  682        -0.77010589     -6.45148485      2.27097384
3199  682        -0.75505987     -6.42582435      2.19419337
3200  682        -0.73088489     -6.39396662      2.08868436
3201  682        -0.70024516     -6.35626448      2.00711320
3202  682        -0.65786237     -6.31381234      1.93235677
3203  682        -0.59690679     -6.25732529      1.87359328
3204  682        -0.56067593     -6.19162877      1.87255806
3205  682        -0.56470516     -6.09953337      1.91233840
3206  682        -0.60573556     -6.00490398      1.96462796
3207  682        -0.65899824     -5.96492060      2.00387054
3208  682        -0.70755216     -6.00689885      2.02717848
3209  682        -0.73215497     -6.08677270      2.04634701
3210  682        -0.74435574     -6.14695009      2.06665758
3211  682        -0.76586493     -6.13838952      2.09219467
3212  682        -0.79939054     -6.07284826      2.12629287
3213  682        -0.84125380     -5.99968087      2.14744668
3214  682        -0.87543720     -5.94595415      2.14450945
3215  682        -0.87914830     -5.90981624      2.13476074
3216  682        -0.85810489     -5.89705565      2.13931450
3217  682        -0.81444702     -5.88972723      2.15013321
3218  682        -0.75220546     -5.90190257      2.15035675
3219  682        -0.65818267     -5.95475185      2.14373174
3220  682        -0.54405764     -6.01550135      2.11714716
3221  682        -0.43259094     -6.05377135      2.07020091
3222  682        -0.32169611     -6.04437629      2.03210154
3223  682        -0.22007831     -5.99357362      2.01310398
3224  682        -0.14829062     -5.94220535      2.00534866
3225  682        -0.12318946     -5.91902473      1.97537783
3226  682        -0.14054839     -5.92201030      1.93326796
3227  682        -0.16895249     -5.93139337      1.88284955
3228  682        -0.20638850     -5.93464606      1.83556400
3229  682        -0.21566639     -5.94430111      1.82408411
3230  682        -0.17808228     -5.98230419      1.83203173
3231  682        -0.12322421     -6.05187588      1.81776918
3232  682        -0.08259194     -6.13244239      1.79706214
3233  682        -0.01839026     -6.16121876      1.77196974
3234  682         0.08091470     -6.12420711      1.73620082
3235  682         0.18132851     -6.07395628      1.68325906
3236  682         0.21109791     -6.05913639      1.62777636
3237  682         0.15797892     -6.08197619      1.56116218
3238  682         0.08752522     -6.11004493      1.49438453
3239  682         0.05679662     -6.10718555      1.47260874
3240  682         0.08806356     -6.05795377      1.48573154
3241  682         0.12780665     -6.00543210      1.48044235
3242  682         0.14299405     -5.96369268      1.44943750
3243  682         0.13502319     -5.93558228      1.40465976
3244  682         0.14472074     -5.92590850      1.38165801
3245  682         0.17594723     -5.91834982      1.37106877
3246  682         0.22165464     -5.90820147      1.34956503
3247  682         0.23313995     -5.89901013      1.29007882
3248  682         0.21429238     -5.90020267      1.23688760
3249  682         0.21762889     -5.90612689      1.22559372
3250  682         0.26237033     -5.91094451      1.25285497
3251  682         0.33804097     -5.91811543      1.27462910
3252  682         0.39571079     -5.94459538      1.26435601
3253  682         0.42024353     -5.99934575      1.23319422
3254  682         0.42932093     -6.07991054      1.20742369
3255  682         0.46309908     -6.15681815      1.21912597
3256  682         0.51296495     -6.19439158      1.25286224
3257  682         0.57909717     -6.19102454      1.29074839
3258  682         0.64427810     -6.18737554      1.32524872
3259  682         0.70143167     -6.20694921      1.36545934
3260  682         0.74847049     -6.23812721      1.40672021
3261  682         0.76785084     -6.27679380      1.43965960
3262  682         0.77089578     -6.33791746      1.47336254
3263  682         0.75763389     -6.43962592      1.49953420
3264  682         0.74242349     -6.56696939      1.52279961
3265  682         0.75269620     -6.69415609      1.53774370
3266  682         0.80633549     -6.76532827      1.54941672
3267  682         0.87599333     -6.77934027      1.53680508
3268  682         0.92874047     -6.76736501      1.50140155
3269  682         0.93430598     -6.75560867      1.46002234
3270  682         0.91576760     -6.75725396      1.42028687
3271  682         0.89009278     -6.77690792      1.39668125
3272  682         0.86646853     -6.81443383      1.40501922
3273  682         0.85906358     -6.86480827      1.45729946
3274  682         0.86546585     -6.93006080      1.51760536
3275  682         0.88478333     -6.99187131      1.56629260
3276  682         0.89610699     -6.99927606      1.59229324
3277  682         0.92195204     -6.95914938      1.59063180
3278  682         0.97201003     -6.95855363      1.58585498
3279  682         1.03942335     -7.00328974      1.59943972
3280  682         1.07315352     -7.04668870      1.62450893
3281  682         1.05915949     -7.06647851      1.64182786
3282  682         1.01453321     -7.07466786      1.64863008
3283  682         0.95577941     -7.07220848      1.65943638
3284  682         0.91821104     -7.07355185      1.67808726
3285  682         0.91339636     -7.10057990      1.70944237
3286  682         0.94199538     -7.14372587      1.74667472
3287  682         0.98224810     -7.18767826      1.78590351
3288  682         1.02377613     -7.22994109      1.82343671
3289  682         1.04925859     -7.27138737      1.85731412
3290  682         1.06609527     -7.29481701      1.86379583
3291  682         1.03879100     -7.31004723      1.85201359
3292  682         0.96695334     -7.33932556      1.83436644
3293  682         0.88746752     -7.36428804      1.82813497
3294  682         0.85634994     -7.35081209      1.84409093
3295  682         0.89265927     -7.32655191      1.86540851
3296  682         0.95613229     -7.30320187      1.89444903
3297  682         1.04734574     -7.28615729      1.96889598
3298  682         1.13193203     -7.30216248      2.07901434
3299  682         1.20469629     -7.36137376      2.18228653
3300  682         1.24363963     -7.43197150      2.26146611
3301  682         1.26327111     -7.48507224      2.31720780
3302  682         1.25745236     -7.51001596      2.34668091
3303  682         1.23492540     -7.51129296      2.34544282
3304  682         1.21133474     -7.48903817      2.33426016
3305  682         1.21026175     -7.44540342      2.31587687
3306  682         1.24168657     -7.41287853      2.27339568
3307  682         1.29548472     -7.41701300      2.21070635
3308  682         1.34607694     -7.47581003      2.16663645
3309  682         1.37775139     -7.56697313      2.15381824
3310  682         1.40661168     -7.64580225      2.13721638
3311  682         1.43103517     -7.68437237      2.10956546
3312  682         1.45109430     -7.68159788      2.07754503
3313  682         1.46237503     -7.65400717      2.05435960
3314  682         1.47001531     -7.60552054      2.03765558
3315  682         1.48278773     -7.54982831      2.02301072
3316  682         1.52217396     -7.49192129      2.00686699
3317  682         1.58001463     -7.44988272      1.98946087
3318  682         1.62079836     -7.45450907      1.95518976
3319  682         1.61790889     -7.49401516      1.88453799
3320  682         1.57780048     -7.54154192      1.78675928
3321  682         1.52950114     -7.56374301      1.67397796
3322  682         1.50048989     -7.55291576      1.56532871
3323  682         1.49340123     -7.52785881      1.46683185
3324  682         1.49480546     -7.50562835      1.39784337
3325  682         1.51474614     -7.48637834      1.34969149
3326  682         1.56055785     -7.46140077      1.32990161
3327  682         1.62301609     -7.43795927      1.32547303
3328  682         1.67290471     -7.42475057      1.30645384
3329  682         1.67417742     -7.41649491      1.25124308
3330  682         1.63822815     -7.40375817      1.16927878
3331  682         1.60033372     -7.39667564      1.09176132
3332  682         1.58515761     -7.40487246      1.03279991
3333  682         1.60275296     -7.41840038      0.99229445
3334  682         1.64671256     -7.40330226      0.96053254
3335  682         1.70983800     -7.36711430      0.92931039
3336  682         1.77471183     -7.33773136      0.88671549
3337  682         1.81124203     -7.32756919      0.83978017
3338  682         1.83192777     -7.31826500      0.79850522
3339  682         1.86419688     -7.29835269      0.77574855
3340  682         1.91280236     -7.29386103      0.77270228
3341  682         1.95294182     -7.32561450      0.78475914
3342  682         1.97081604     -7.38295151      0.78643702
3343  682         1.99831689     -7.41523299      0.75898389
3344  682         2.04715829     -7.39922420      0.70668359
3345  682         2.10308243     -7.35124375      0.64857014
3346  682         2.11232843     -7.28864907      0.60848083
3347  682         2.07529023     -7.22280822      0.60117224
3348  682         2.04017265     -7.17375040      0.61623302
3349  682         2.02341854     -7.14833002      0.63792675
3350  682         1.99709448     -7.17460687      0.65552528
3351  682         1.95765553     -7.25214599      0.67672394
3352  682         1.92873788     -7.31749088      0.71451221
3353  682         1.94379109     -7.31579612      0.75698259
3354  682         1.98799536     -7.25094440      0.78610962
3355  682         2.03005145     -7.19144005      0.78618275
3356  682         2.05779293     -7.15390415      0.77255423
3357  682         2.07367156     -7.11784620      0.76142456
3358  682         2.08786639     -7.08214222      0.76692399
3359  682         2.09386857     -7.05979719      0.78654588
3360  682         2.09481609     -7.07307938      0.83941258
3361  682         2.09182644     -7.11385500      0.90907160
3362  682         2.09099733     -7.17249330      0.95939143
3363  682         2.10457963     -7.23674838      0.96554426
3364  682         2.12478729     -7.30865701      0.94587881
3365  682         2.13821314     -7.36366331      0.93571939
3366  682         2.14583899     -7.39451930      0.93574359
3367  682         2.16324903     -7.40335312      0.94522566
3368  682         2.18944496     -7.39616073      0.95631342
3369  682         2.21788240     -7.37818603      0.97679104
3370  682         2.24515555     -7.33345151      0.99244538
3371  682         2.26712946     -7.27835931      1.00108260
3372  682         2.28356827     -7.22286686      0.99911989
3373  682         2.28884178     -7.18529506      0.99517373
3374  682         2.28254274     -7.17548385      0.99176182
3375  682         2.27356305     -7.15954157      1.00626912
3376  682         2.26190339     -7.13962144      1.04103230
3377  682         2.24513398     -7.10588966      1.06756719
3378  682         2.21503296     -7.07983569      1.05013539
3379  682         2.17927651     -7.08539246      0.99078359
3380  682         2.14724262     -7.11553539      0.93958244
3381  682         2.13347528     -7.14013772      0.91288063
3382  682         2.13896301     -7.13287354      0.93098931
3383  682         2.16093881     -7.11966387      0.97226533
3384  682         2.18436228     -7.14868122      1.01300871
3385  682         2.18885953     -7.20420336      1.01436742
3386  682         2.16407316     -7.26034277      0.98098849
3387  682         2.11127279     -7.32615222      0.92904940
3388  682         2.05662293     -7.41072755      0.88958243
3389  682         2.03202744     -7.51222317      0.87851261
3390  682         2.04352741     -7.59059015      0.87553587
3391  682         2.04649456     -7.64193681      0.86742186
3392  682         2.03414962     -7.66975700      0.83324890
3393  682         2.04307507     -7.68292672      0.80669566
3394  682         2.07746678     -7.66412531      0.78234488
3395  682         2.11977454     -7.62261654      0.77090386
3396  682         2.14148627     -7.60937423      0.75335298
3397  682         2.14230536     -7.64090519      0.73134790
3398  682         2.14134617     -7.69501953      0.69627806
3399  682         2.13531627     -7.74278863      0.65017630
3400  682         2.13324023     -7.78655671      0.59784846
3401  682         2.16100767     -7.80601073      0.57086155
3402  682         2.22207670     -7.79997295      0.57843875
3403  682         2.26839901     -7.76921673      0.57346551
3404  682         2.29319512     -7.75074128      0.55361795
3405  682         2.32090550     -7.74889604      0.52761804
3406  682         2.37844734     -7.75194315      0.53417018
3407  682         2.44719281     -7.76269240      0.53890920
3408  682         2.50455071     -7.77006937      0.54418527
3409  682         2.55903688     -7.77429942      0.55121544
3410  682         2.61845918     -7.76618780      0.57684599
3411  682         2.69180542     -7.75717632      0.60629799
3412  682         2.76480996     -7.76135807      0.63216945
3413  682         2.81548495     -7.79896292      0.65505706
3414  682         2.84564387     -7.84549139      0.66425581
3415  682         2.89915457     -7.87143336      0.67616103
3416  682         2.97863483     -7.86471330      0.69011011
3417  682         3.05543798     -7.85508538      0.68597889
3418  682         3.09393550     -7.84543094      0.65428866
3419  682         3.09199109     -7.83042822      0.62557346
3420  682         3.08132286     -7.79737716      0.61520052
3421  682         3.10816372     -7.74500486      0.63850486
3422  682         3.16637924     -7.68773127      0.67872987
3423  682         3.22460831     -7.64853290      0.71930064
3424  682         3.26949051     -7.64309331      0.73885066
3425  682         3.30621481     -7.65592703      0.73098588
3426  682         3.33855402     -7.67317763      0.70213741
3427  682         3.36631161     -7.67727096      0.66613295
3428  682         3.38102619     -7.69040034      0.64468462
3429  682         3.36675376     -7.71854386      0.63502739
3430  682         3.34058364     -7.75124708      0.65483403
3431  682         3.29641631     -7.76389706      0.69677763
3432  682         3.23575694     -7.76726436      0.75891353
3433  682         3.17477377     -7.78951149      0.81313872
3434  682         3.12638885     -7.83984403      0.85766679
3435  682         3.09474408     -7.91275647      0.89769015
3436  682         3.07480656     -7.96861850      0.93375088
3437  682         3.07844560     -8.01450378      0.95620773
3438  682         3.09243781     -8.03960930      0.97185102
3439  682         3.10632186     -8.05799091      0.98182803
3440  682         3.09339448     -8.06133499      0.98007497
3441  682         3.07145862     -8.06043920      0.96961435
3442  682         3.05214761     -8.04808428      0.96520860
3443  682         3.04079429     -8.01716272      0.98254489
3444  682         3.03257902     -7.97067533      1.00018105
3445  682         3.03527781     -7.94584555      0.98285088
3446  682         3.04404562     -7.99498908      0.93734901
3447  682         3.05202818     -8.09550706      0.87938356
3448  682         3.05637990     -8.19459949      0.82425230
3449  682         3.04916527     -8.27410014      0.79471328
3450  682         3.02846517     -8.35581542      0.79844638
3451  682         3.01083520     -8.41831310      0.82731757
3452  682         3.01328623     -8.43875573      0.86548025
3453  682         3.01256499     -8.43011852      0.90478339
3454  682         2.99442186     -8.41016469      0.95763608
3455  682         2.95990900     -8.41622652      0.99435228
3456  682         2.94032458     -8.45295031      1.00135496
3457  682         2.94932982     -8.51859829      1.00461780
3458  682         2.99244680     -8.57778232      1.00786330
3459  682         3.06019726     -8.61763433      1.00513112
3460  682         3.12337394     -8.65688595      1.01763213
3461  682         3.16009152     -8.68149584      1.03637894
3462  682         3.16784974     -8.66780753      1.06461303
3463  682         3.16157768     -8.63425004      1.08267265
3464  682         3.17096920     -8.60427009      1.08839327
3465  682         3.18682811     -8.59800387      1.09160064
3466  682         3.19812258     -8.62232546      1.10048928
3467  682         3.21426322     -8.65277432      1.12374853
3468  682         3.24796844     -8.66581706      1.13974126
3469  682         3.30745537     -8.65320858      1.13911948
3470  682         3.36392636     -8.60558484      1.12151376
3471  682         3.38947841     -8.53275866      1.10038453
3472  682         3.38435862     -8.45837072      1.08064517
3473  682         3.36968838     -8.40807726      1.06429375
3474  682         3.33966072     -8.39381125      1.04098821
3475  682         3.29024708     -8.40915347      1.01953714
3476  682         3.23235756     -8.44200905      1.03925124
3477  682         3.18990357     -8.48015442      1.07461353
3478  682         3.16863643     -8.51418503      1.10279085
3479  682         3.17096986     -8.54390772      1.12571507
3480  682         3.18081093     -8.57132476      1.16355546
3481  682         3.17266256     -8.59527725      1.24170525
3482  682         3.13261310     -8.61989108      1.32989148
3483  682         3.06375757     -8.64716864      1.38577247
3484  682         3.00714950     -8.66357380      1.41013048
3485  682         2.97639122     -8.66776123      1.40954008
3486  682         2.96397803     -8.67665131      1.41088062
3487  682         2.95599780     -8.69825301      1.42025850
3488  682         2.94007271     -8.71955297      1.43323311
3489  682         2.90542556     -8.74005914      1.45259917
3490  682         2.86209619     -8.76522321      1.48768247
3491  682         2.84108616     -8.79151808      1.51497871
3492  682         2.83073367     -8.79302267      1.50326180
3493  682         2.81286860     -8.76122759      1.45839265
3494  682         2.80950281     -8.72826699      1.40585828
3495  682         2.83112726     -8.74203381      1.38042287
3496  682         2.87308995     -8.78794130      1.37482410
3497  682         2.91378169     -8.84072649      1.36949388
3498  682         2.93810286     -8.87767134      1.34785350
3499  682         2.95374381     -8.86828976      1.33441157
3500  682         2.94550565     -8.80441460      1.34190137
3501  682         2.92208040     -8.70665041      1.35315545
3502  682         2.89819412     -8.61091960      1.36565149
3503  682         2.88467808     -8.52586587      1.37690795
3504  682         2.88778674     -8.46716499      1.36664224
3505  682         2.91701455     -8.45730455      1.34122774
3506  682         2.96892923     -8.49681148      1.33781221
3507  682         3.02800458     -8.56185507      1.37201792
3508  682         3.07870330     -8.59957669      1.41074499
3509  682         3.10041366     -8.59668680      1.43364394
3510  682         3.09474769     -8.57330243      1.45352612
3511  682         3.04907754     -8.54179740      1.45959932
3512  682         2.99920245     -8.52622468      1.45846490
3513  682         2.96798926     -8.52129845      1.48065339
3514  682         2.96223617     -8.53113179      1.53020288
3515  682         2.95215545     -8.54667967      1.56813539
3516  682         2.93620097     -8.56933927      1.60628517
3517  682         2.91918945     -8.60803817      1.61053373
3518  682         2.90198089     -8.66824737      1.56122153
3519  682         2.89535377     -8.72053771      1.51575182
3520  682         2.90972717     -8.74735992      1.49705298
3521  682         2.94813226     -8.75595457      1.49113935
3522  682         2.97527679     -8.75623357      1.50794538
3523  682         2.98027883     -8.75324352      1.54055915
3524  682         2.98000428     -8.73852209      1.57560180
3525  682         2.97759544     -8.70960068      1.59220948
3526  682         2.96618881     -8.68705569      1.58593199
3527  682         2.95347291     -8.67189169      1.53866150
3528  682         2.97346809     -8.65807155      1.47405617
3529  682         3.03073147     -8.65808483      1.43518262
3530  682         3.09536717     -8.67147873      1.40260829
3531  682         3.12340634     -8.69747548      1.34886353
3532  682         3.10050308     -8.72708724      1.29100767
3533  682         3.04564253     -8.74694671      1.27309975
3534  682         2.97882297     -8.77300029      1.30742982
3535  682         2.91314575     -8.80120529      1.38364495
3536  682         2.84312100     -8.82012188      1.47897124
3537  682         2.75432119     -8.82443477      1.55181521
3538  682         2.65556826     -8.83951997      1.58259131
3539  682         2.56011975     -8.87865047      1.58469785
3540  682         2.48456951     -8.93622842      1.60032391
3541  682         2.44662284     -9.00640385      1.64024482
3542  682         2.43312139     -9.08418052      1.67954797
3543  682         2.41900327     -9.14416886      1.67649307
3544  682         2.39123892     -9.19037224      1.63031499
3545  682         2.38574135     -9.23449457      1.58076552
3546  682         2.43724160     -9.25575190      1.56088003
3547  682         2.51449770     -9.25371975      1.57365634
3548  682         2.56469276     -9.23513141      1.59504551
3549  682         2.57503680     -9.19008721      1.61676080
3550  682         2.56239276     -9.11827772      1.66334866
3551  682         2.54719877     -9.03484932      1.72700383
3552  682         2.53462626     -8.95668137      1.79394280
3553  682         2.52635845     -8.89875028      1.85924220
3554  682         2.53596349     -8.86160462      1.91220082
3555  682         2.57952718     -8.85796555      1.94735948
3556  682         2.66302126     -8.88555672      1.94847638
3557  682         2.75381450     -8.90905245      1.92663852
3558  682         2.81079279     -8.91836401      1.91083507
3559  682         2.81331565     -8.91111060      1.92119363
3560  682         2.80035475     -8.88277251      1.96868473
3561  682         2.78788774     -8.83821143      2.05610906
3562  682         2.76995118     -8.79355059      2.16777025
3563  682         2.75040226     -8.76768800      2.27330014
3564  682         2.73361383     -8.76450202      2.35713223
3565  682         2.71141728     -8.76691682      2.41888185
3566  682         2.67971656     -8.77568523      2.46206883
3567  682         2.64522699     -8.79870881      2.50123030
3568  682         2.61879149     -8.82340148      2.54247029
3569  682         2.61603892     -8.84265439      2.58586682
3570  682         2.64539298     -8.85406071      2.61701442
3571  682         2.68860565     -8.85595279      2.62791138
3572  682         2.69464040     -8.85998157      2.63226187
3573  682         2.64576129     -8.88141630      2.64354202
3574  682         2.55477941     -8.91567450      2.66961000
3575  682         2.46596004     -8.94391804      2.70375373
3576  682         2.41395688     -8.98003298      2.70794569
3577  682         2.39798100     -9.03248148      2.70508211
3578  682         2.38810458     -9.09237893      2.73667111
3579  682         2.36137144     -9.13283912      2.80429998
3580  682         2.34969469     -9.15420129      2.86442043
3581  682         2.35462592     -9.17373044      2.89185677
3582  682         2.39123247     -9.20702827      2.88512388
3583  682         2.42157160     -9.24312813      2.88813386
3584  682         2.42235910     -9.28027061      2.92905072
3585  682         2.37540431     -9.30608911      3.00002413
3586  682         2.28818771     -9.30712456      3.08078936
3587  682         2.19718909     -9.29459399      3.14588240
3588  682         2.12321750     -9.30331184      3.17827478
3589  682         2.08127933     -9.35724410      3.17785927
3590  682         2.07702754     -9.42786091      3.18149793
3591  682         2.08690004     -9.49491990      3.22789090
3592  682         2.09796051     -9.53170858      3.31536574
3593  682         2.11872389     -9.54129889      3.40313310
3594  682         2.12049040     -9.53827427      3.45081585
3595  682         2.09996362     -9.52533510      3.44558192
3596  682         2.06696212     -9.48522898      3.41867709
3597  682         2.02892280     -9.43395949      3.40534940
3598  682         1.98678039     -9.39811083      3.40967588
3599  682         1.96351682     -9.37506766      3.43720270
3600  682         1.98639005     -9.35611074      3.47341397
3601  682         2.05829254     -9.35565875      3.51116160
3602  682         2.16084382     -9.39647935      3.53763060
3603  682         2.26005971     -9.45641210      3.56693855
3604  682         2.32617500     -9.49931939      3.59340591
3605  682         2.35214672     -9.49408537      3.61115258
3606  682         2.33587137     -9.45405474      3.61212738
3607  682         2.29033850     -9.41069150      3.60122988
3608  682         2.23903441     -9.37237578      3.59099968
3609  682         2.19898529     -9.34321218      3.61817124
3610  682         2.19095998     -9.33703062      3.66517581
3611  682         2.24042658     -9.35791260      3.71422110
3612  682         2.32214531     -9.39272548      3.76543816
3613  682         2.37899143     -9.44285541      3.84037609
3614  682         2.38859403     -9.48564851      3.93798272
3615  682         2.37343188     -9.50729325      4.02332857
3616  682         2.33519845     -9.49944174      4.08923072
3617  682         2.30482764     -9.46650141      4.14005532
3618  682         2.30298623     -9.41714409      4.17609673
3619  682         2.30593619     -9.36502475      4.17687844
3620  682         2.32686340     -9.32032001      4.14756148
3621  682         2.37055237     -9.29236537      4.12325196
3622  682         2.44202995     -9.28274070      4.14010639
3623  682         2.49922848     -9.26037283      4.18942340
3624  682         2.55176042     -9.21376832      4.26086074
3625  682         2.60100556     -9.15548442      4.33270948
3626  682         2.62308233     -9.12655967      4.40917388
3627  682         2.60775343     -9.08020108      4.46951371
3628  682         2.54245162     -9.00691969      4.51325759
3629  682         2.47844763     -8.92033650      4.55020363
3630  682         2.44509297     -8.82965216      4.56081474
3631  682         2.43217626     -8.74925154      4.54705899
3632  682         2.43666700     -8.69424076      4.52351976
3633  682         2.47644796     -8.66356068      4.49506689
3634  682         2.50973104     -8.62652081      4.48892856
3635  682         2.51295353     -8.58120056      4.52967752
3636  682         2.50234394     -8.52107585      4.57018119
3637  682         2.49002576     -8.46598296      4.58240735
3638  682         2.46559575     -8.42547003      4.54990261
3639  682         2.41162172     -8.40650178      4.49830146
3640  682         2.34038892     -8.41079935      4.44732767
3641  682         2.27433510     -8.41262776      4.42186144
3642  682         2.24184097     -8.38078802      4.41144070
3643  682         2.23896858     -8.32121205      4.39992796
3644  682         2.24669073     -8.26357193      4.39959065
3645  682         2.22313307     -8.22629996      4.43498140
3646  682         2.18542981     -8.19630952      4.51095678
3647  682         2.15457313     -8.18356396      4.58285400
3648  682         2.12620050     -8.20083494      4.64134227
3649  682         2.09570130     -8.22732938      4.67260265
3650  682         2.04630829     -8.26255788      4.67840625
3651  682         2.00290052     -8.28076603      4.65891073
3652  682         1.99313477     -8.30414524      4.62485976
3653  682         2.01052490     -8.33224234      4.59096035
3654  682         2.01448761     -8.36981338      4.55696803
3655  682         1.99823294     -8.39383986      4.51496661
3656  682         1.94746756     -8.40377642      4.46912585
3657  682         1.87979564     -8.43570861      4.44192983
3658  682         1.81890691     -8.48611250      4.43133900
3659  682         1.74842785     -8.54035159      4.41233186
3660  682         1.67827151     -8.56391450      4.36706353
3661  682         1.64126793     -8.56533017      4.32498479
3662  682         1.65198329     -8.58129184      4.27057719
3663  682         1.68501935     -8.61276985      4.22458420
3664  682         1.70399166     -8.64985253      4.18178654
3665  682         1.69059805     -8.68051818      4.14168866
3666  682         1.65452255     -8.67208191      4.11293187
3667  682         1.59844075     -8.64880800      4.09816931
3668  682         1.51785706     -8.63490608      4.08153729
3669  682         1.43201350     -8.61977700      4.07759089
3670  682         1.37743673     -8.58998501      4.09285618
3671  682         1.36916073     -8.56589420      4.12516887
3672  682         1.39803962     -8.55543383      4.16028148
3673  682         1.44372684     -8.54273355      4.18902460
3674  682         1.44960289     -8.54248882      4.19933010
3675  682         1.44244550     -8.56740161      4.19864129
3676  682         1.47092974     -8.60408215      4.19129019
3677  682         1.53427757     -8.65936920      4.18981929
3678  682         1.57014421     -8.74620890      4.20120321
3679  682         1.53475825     -8.79534923      4.22297583
3680  682         1.47180429     -8.77338277      4.27056585
3681  682         1.43521365     -8.73727495      4.30327621
3682  682         1.45454181     -8.72453650      4.30079825
3683  682         1.51536699     -8.71657569      4.28223774
3684  682         1.59157689     -8.71706661      4.27021740
3685  682         1.67525863     -8.71106549      4.26764035
3686  682         1.73624200     -8.68902419      4.27063264
3687  682         1.74678630     -8.68015684      4.26331518
3688  682         1.70673384     -8.69869135      4.26737434
3689  682         1.65356554     -8.71463333      4.29424617
3690  682         1.59752965     -8.74159784      4.31087425
3691  682         1.55321721     -8.76406824      4.31761063
3692  682         1.53591340     -8.77807872      4.35165817
3693  682         1.52071738     -8.78919772      4.42198759
3694  682         1.50821557     -8.83788401      4.47124504
3695  682         1.47204487     -8.88559593      4.50106662
3696  682         1.41411430     -8.93465220      4.48053811
3697  682         1.33370589     -8.95498009      4.45951080
3698  682         1.27282142     -8.95907847      4.46820770
3699  682         1.23922077     -8.95480070      4.50568819
3700  682         1.22996685     -8.92672078      4.55888346
3701  733         0.52523381     -6.57048412      4.27794220
3702  733         0.54777813     -6.51985021      4.22836796
3703  733         0.58982536     -6.43931049      4.16929079
3704  733         0.65309261     -6.35050201      4.11533846
3705  733         0.70480181     -6.28771192      4.07093360
3706  733         0.75672949     -6.25998034      4.02870646
3707  733         0.82111843     -6.24767480      3.97795346
3708  733         0.87733543     -6.26547068      3.92677724
3709  733         0.91075479     -6.28125825      3.88919456
3710  733         0.94967637     -6.27909810      3.87136019
3711  733         1.01188732     -6.24872595      3.85836123
3712  733         1.07131757     -6.22380919      3.83586910
3713  733         1.09736769     -6.20360428      3.79560818
3714  733         1.10141285     -6.16713659      3.74550081
3715  733         1.11800048     -6.11445433      3.68606635
3716  733         1.15410940     -6.07309208      3.61966110
3717  733         1.18441500     -6.05266020      3.55295691
3718  733         1.18958988     -6.05123580      3.50282593
3719  733         1.17564777     -6.07703819      3.50882516
3720  733         1.18570179     -6.13117736      3.56998799
3721  733         1.21861927     -6.17620151      3.65635278
3722  733         1.25294217     -6.19064272      3.73206401
3723  733         1.25863920     -6.18720510      3.79435213
3724  733         1.25563093     -6.18714718      3.83338414
3725  733         1.24832742     -6.19778860      3.85135350
3726  733         1.22663180     -6.19506797      3.83448770
3727  733         1.18927729     -6.18001092      3.78931311
3728  733         1.15457121     -6.15120444      3.74170260
3729  733         1.14748121     -6.10714809      3.69212210
3730  733         1.17706372     -6.04967794      3.62785585
3731  733         1.22297594     -5.99182540      3.55679422
3732  733         1.25703472     -5.97673804      3.50788811
3733  733         1.29222681     -6.00812770      3.49719396
3734  733         1.34382767     -6.05337137      3.52877307
3735  733         1.40520496     -6.07995097      3.57809667
3736  733         1.44224988     -6.08946242      3.61124659
3737  733         1.41628778     -6.08807394      3.59973159
3738  733         1.35085068     -6.07524457      3.57395366
3739  733         1.29731391     -6.06420075      3.52572935
3740  733         1.27545201     -6.06315968      3.46023222
3741  733         1.25062234     -6.05762461      3.40072009
3742  733         1.24280606     -6.04477704      3.35803046
3743  733         1.29758647     -6.04015452      3.36586662
3744  733         1.37732880     -6.05948213      3.40970545
3745  733         1.41131708     -6.09140857      3.45782403
3746  733         1.39378665     -6.12660692      3.46056568
3747  733         1.37001647     -6.18027648      3.44079397
3748  733         1.35081554     -6.24405617      3.44126526
3749  733         1.34239831     -6.30443303      3.47357664
3750  733         1.35467874     -6.33725560      3.51779133
3751  733         1.41374088     -6.32539356      3.53109414
3752  733         1.46822959     -6.27632490      3.51511296
3753  733         1.45968631     -6.22494892      3.47716111
3754  733         1.42045850     -6.19433971      3.44763410
3755  733         1.37271979     -6.20526694      3.42039299
3756  733         1.30823514     -6.23053265      3.38263296
3757  733         1.24122780     -6.27572673      3.37387219
3758  733         1.18604882     -6.33508771      3.42206683
3759  733         1.14501695     -6.39517853      3.48472898
3760  733         1.10935993     -6.43087333      3.49842784
3761  733         1.07591760     -6.42518504      3.47042785
3762  733         1.04023311     -6.41572885      3.43481557
3763  733         1.01779875     -6.41518833      3.40807398
3764  733         1.03649931     -6.40541492      3.36380479
3765  733         1.06613712     -6.38714292      3.33158016
3766  733         1.09442529     -6.39115283      3.32603501
3767  733         1.13272451     -6.43469735      3.32608799
3768  733         1.17085715     -6.48784186      3.31072710
3769  733         1.15639909     -6.52166552      3.28150895
3770  733         1.09070771     -6.55476027      3.25993553
3771  733         1.02439637     -6.62838976      3.24585615
3772  733         0.97242128     -6.70152120      3.23763831
3773  733         0.93610947     -6.73897449      3.22537705
3774  733         0.87985053     -6.72032611      3.23158071
3775  733         0.82210047     -6.69653889      3.25608788
3776  733         0.78261876     -6.71600996      3.28630612
3777  733         0.73333405     -6.80232072      3.31439125
3778  733         0.67762532     -6.90679522      3.32890756
3779  733         0.61794645     -6.95801668      3.30412634
3780  733         0.56981293     -6.97532939      3.28387845
3781  733         0.53937019     -6.97692361      3.28445226
3782  733         0.52227104     -6.99105149      3.28651469
3783  733         0.46216270     -6.99495103      3.27176557
3784  733         0.37838442     -6.99328952      3.23051611
3785  733         0.31729128     -6.99326185      3.19220649
3786  733         0.27893491     -6.99982978      3.18093292
3787  733         0.26010164     -7.00243273      3.19998465
3788  733         0.25149535     -7.03146275      3.20969065
3789  733         0.23948815     -7.11852726      3.22812555
3790  733         0.21384903     -7.21930141      3.24582059
3791  733         0.17717618     -7.29410251      3.25264383
3792  733         0.10835660     -7.29398880      3.22625789
3793  733         0.01902329     -7.22432190      3.17897300
3794  733        -0.05986013     -7.13742714      3.13836483
3795  733        -0.10626497     -7.07649296      3.10180177
3796  733        -0.12786562     -7.05255922      3.07299227
3797  733        -0.15362819     -7.06380191      3.04781235
3798  733        -0.16478042     -7.09541140      3.05004968
3799  733        -0.15003019     -7.13640575      3.04565991
3800  733        -0.13458467     -7.15118897      3.03053459
3801  733        -0.14074600     -7.16331705      3.01454884
3802  733        -0.13444531     -7.19464543      3.02232578
3803  733        -0.11436484     -7.24822488      3.03214091
3804  733        -0.12713568     -7.28052516      3.01060094
3805  733        -0.17489120     -7.25588757      2.99526027
3806  733        -0.23246429     -7.19693003      3.00151253
3807  733        -0.27758708     -7.13988359      3.02435395
3808  733        -0.35078394     -7.10723572      3.04725513
3809  733        -0.42937247     -7.08780417      3.06721671
3810  733        -0.49477794     -7.07757322      3.07368611
3811  733        -0.53558092     -7.07344195      3.07867707
3812  733        -0.57931895     -7.05463398      3.08141323
3813  733        -0.62379478     -7.03342475      3.06854743
3814  733        -0.66399260     -7.05399838      3.06250824
3815  733        -0.69866828     -7.12713000      3.06239722
3816  733        -0.72854105     -7.19984434      3.07088048
3817  733        -0.76336534     -7.23437582      3.08924244
3818  733        -0.80801470     -7.20498718      3.09101228
3819  733        -0.83915399     -7.14782199      3.10278952
3820  733        -0.86753091     -7.09316221      3.13592251
3821  760        -2.57526619     -8.00078448      1.54786839
3822  760        -2.51549606     -8.05267065      1.51814733
3823  760        -2.49330583     -8.12446154      1.53100121
3824  760        -2.48013484     -8.16995384      1.56808645
3825  760        -2.45503832     -8.19118221      1.62584558
3826  760        -2.42619584     -8.19608044      1.66244611
3827  760        -2.42371739     -8.22874509      1.64683691
3828  760        -2.45260996     -8.27573802      1.62656031
3829  760        -2.47642695     -8.31103203      1.62306695
3830  760        -2.48535017     -8.35423498      1.62964329
3831  760        -2.46933690     -8.41456416      1.62300159
3832  760        -2.44797135     -8.49552361      1.60790685
3833  760        -2.42271931     -8.57521278      1.59840434
3834  760        -2.39626537     -8.62863002      1.59414829
3835  760        -2.36574392     -8.62039835      1.56459170
3836  760        -2.33567151     -8.58036988      1.49994880
3837  760        -2.31642269     -8.55897512      1.42071567
3838  760        -2.29244319     -8.55061674      1.33191052
3839  760        -2.26173511     -8.51638352      1.25606741
3840  760        -2.24208323     -8.44860263      1.22521504
3841  760        -2.24649554     -8.37843690      1.24824339
3842  760        -2.25421308     -8.33988499      1.29199909
3843  760        -2.24616539     -8.34642934      1.31739727
3844  760        -2.21527537     -8.37516371      1.32722191
3845  760        -2.18256455     -8.41158103      1.32305296
3846  760        -2.16974266     -8.44693189      1.30707017
3847  760        -2.17278449     -8.47754878      1.27053384
3848  760        -2.17005669     -8.49000482      1.23677296
3849  760        -2.14153497     -8.46901810      1.24187571
3850  760        -2.11010688     -8.42929435      1.27884180
3851  760        -2.09433060     -8.39646177      1.32769145
3852  760        -2.11094108     -8.38672257      1.35347976
3853  760        -2.14270081     -8.36421313      1.35200090
3854  760        -2.18599605     -8.33169995      1.33453941
3855  760        -2.23883745     -8.32403197      1.30515999
3856  760        -2.30731876     -8.33301216      1.24793483
3857  760        -2.36929426     -8.32576453      1.17421374
3858  760        -2.42306351     -8.30236161      1.12267817
3859  760        -2.45737283     -8.29297735      1.12876124
3860  760        -2.47315373     -8.29276222      1.16157812
3861  760        -2.50932960     -8.30835836      1.17831887
3862  760        -2.58286478     -8.32625080      1.18125252
3863  760        -2.66530236     -8.34673079      1.18673436
3864  760        -2.69913037     -8.36762105      1.18439132
3865  760        -2.68797782     -8.37803555      1.14786730
3866  760        -2.68676161     -8.39844371      1.10621546
3867  760        -2.72155527     -8.44814488      1.08659442
3868  760        -2.77696427     -8.49716382      1.09777821
3869  760        -2.84771806     -8.51445481      1.12102195
3870  760        -2.93540698     -8.50172209      1.14706561
3871  760        -3.03072359     -8.50367127      1.15955608
3872  760        -3.09968390     -8.55778599      1.14091644
3873  760        -3.10660722     -8.64119612      1.08630605
3874  760        -3.09017519     -8.70557039      1.01969123
3875  760        -3.10580900     -8.73972308      1.00251540
3876  760        -3.16511282     -8.75597968      1.04911416
3877  760        -3.25050329     -8.75474681      1.12419918
3878  760        -3.33020510     -8.72281398      1.18216342
3879  760        -3.37040583     -8.69610165      1.20252409
3880  760        -3.38361355     -8.70132479      1.17623724
3881  760        -3.36393771     -8.73688621      1.10743194
3882  760        -3.30613180     -8.76945448      1.01616326
3883  760        -3.24307954     -8.77848729      0.91016300
3884  760        -3.19952714     -8.76305315      0.82715638
3885  760        -3.17632853     -8.74067081      0.77321030
3886  760        -3.18303921     -8.71797691      0.76772648
3887  760        -3.21424400     -8.72345650      0.81346892
3888  760        -3.26017698     -8.76746227      0.87681238
3889  760        -3.29078671     -8.82141375      0.91236137
3890  760        -3.29060931     -8.85190660      0.90850164
3891  760        -3.24972146     -8.85214156      0.89282006
3892  760        -3.17560291     -8.83219175      0.87084454
3893  760        -3.09759738     -8.80220582      0.83113914
3894  760        -3.02629368     -8.76940925      0.77925731
3895  760        -2.97767388     -8.74142668      0.73923481
3896  760        -2.97344992     -8.70316458      0.71336427
3897  760        -3.01564813     -8.64256905      0.68107802
3898  760        -3.09276419     -8.58381071      0.62889717
3899  760        -3.16100343     -8.55937609      0.56534554
3900  760        -3.21603810     -8.55927611      0.51471090
3901  760        -3.24452382     -8.56566389      0.48258303
3902  760        -3.25503864     -8.61938075      0.46872662
3903  760        -3.25465497     -8.72351423      0.46953063
3904  760        -3.29738487     -8.80671107      0.48199695
3905  760        -3.37782609     -8.81871063      0.48466418
3906  760        -3.43918731     -8.81270452      0.47583102
3907  760        -3.49853769     -8.84371259      0.46573207
3908  760        -3.52636350     -8.87934118      0.46116586
3909  760        -3.55961157     -8.89428996      0.43444419
3910  760        -3.60803352     -8.90470602      0.38776227
3911  760        -3.64539614     -8.91684374      0.34126452
3912  760        -3.64799431     -8.93705186      0.31060469
3913  760        -3.65160167     -8.95872411      0.30801001
3914  760        -3.68595964     -8.95045349      0.28253020
3915  760        -3.73582726     -8.91821909      0.22878959
3916  760        -3.75546988     -8.86875919      0.17613759
3917  760        -3.73639911     -8.84996546      0.16257151
3918  760        -3.73073874     -8.87644269      0.18331500
3919  760        -3.75921788     -8.90994711      0.20980425
3920  760        -3.78901953     -8.89920133      0.23831312
3921  760        -3.81459020     -8.85234371      0.26772755
3922  760        -3.85969771     -8.80718741      0.29106367
3923  760        -3.90507006     -8.75616669      0.30374968
3924  760        -3.95777000     -8.68418099      0.31113022
3925  760        -4.02688639     -8.60572079      0.32172381
3926  760        -4.10614932     -8.54962713      0.34699867
3927  760        -4.17785353     -8.53979287      0.41586604
3928  760        -4.20169411     -8.57033718      0.51775990
3929  760        -4.14862401     -8.59317996      0.60733254
3930  760        -4.05858917     -8.57669831      0.67282149
3931  760        -3.99400438     -8.53701238      0.69974576
3932  760        -3.96373879     -8.48889229      0.71099665
3933  760        -3.93211189     -8.46191911      0.74301414
3934  760        -3.88708784     -8.46026411      0.81108441
3935  760        -3.85605561     -8.48018603      0.89382191
3936  760        -3.86634712     -8.50040709      0.97797427
3937  760        -3.90732837     -8.50199843      1.04367973
3938  760        -3.95815116     -8.48117117      1.07414066
3939  760        -4.01231795     -8.47511735      1.06535185
3940  760        -4.07626924     -8.49560948      1.03380541
3941  760        -4.14047454     -8.51234690      1.01021574
3942  760        -4.16877493     -8.51928654      1.00294124
3943  760        -4.15011032     -8.52859667      0.99408316
3944  760        -4.12479250     -8.55836107      0.98206364
3945  760        -4.11435634     -8.58796137      0.99079185
3946  760        -4.10584329     -8.59100459      1.00367036
3947  760        -4.11522947     -8.57240200      0.99865058
3948  760        -4.14258018     -8.55069454      0.98078427
3949  760        -4.18475561     -8.52278673      0.98494298
3950  760        -4.21329307     -8.49654401      1.02315625
3951  760        -4.22818798     -8.49235140      1.06806100
3952  760        -4.24138077     -8.51914610      1.08916459
3953  760        -4.23973737     -8.58109240      1.07947307
3954  760        -4.21997231     -8.63868461      1.06718622
3955  760        -4.18889257     -8.67166683      1.03647006
3956  760        -4.18658811     -8.65527920      0.97946909
3957  760        -4.21446661     -8.62767059      0.93825027
3958  760        -4.25632032     -8.58384433      0.94549951
3959  760        -4.29924570     -8.53119928      0.97599314
3960  760        -4.33178704     -8.48838547      1.01317106
3961  760        -4.34420770     -8.48057412      1.07737786
3962  760        -4.32652652     -8.52303193      1.13827672
3963  760        -4.29024453     -8.56997942      1.13535619
3964  760        -4.23287174     -8.57344939      1.07884048
3965  760        -4.16111720     -8.52654880      1.01162369
3966  760        -4.10463462     -8.47640757      0.95507690
3967  760        -4.08233703     -8.43401708      0.94035167
3968  760        -4.07874620     -8.39524163      0.98751279
3969  760        -4.07618002     -8.33022838      1.06022752
3970  760        -4.08256286     -8.25575130      1.09934749
3971  760        -4.09317325     -8.18858290      1.09285458
3972  760        -4.10018011     -8.13778023      1.07629640
3973  760        -4.09227739     -8.12329231      1.04902875
3974  760        -4.07832186     -8.12964691      0.98415384
3975  760        -4.04416110     -8.16664120      0.89807262
3976  760        -4.00695850     -8.19613812      0.86376084
3977  760        -3.97915773     -8.21175022      0.86607047
3978  760        -3.95734930     -8.23066113      0.85858925
3979  760        -3.95106354     -8.27459932      0.81707614
3980  760        -3.95171639     -8.32672725      0.77694307
3981  760        -3.94772118     -8.39056558      0.76284073
3982  760        -3.94152764     -8.49133911      0.75921944
3983  760        -3.93818401     -8.62711213      0.75250813
3984  760        -3.93670479     -8.76307983      0.74717446
3985  760        -3.94921645     -8.86080011      0.75415266
3986  760        -4.02047016     -8.90379020      0.73872405
3987  760        -4.11373483     -8.92326785      0.71888797
3988  760        -4.18733306     -8.96270416      0.69561263
3989  760        -4.24898281     -9.01487988      0.67874928
3990  760        -4.29449469     -9.06898156      0.65120537
3991  760        -4.29768017     -9.09977486      0.61303935
3992  760        -4.26465715     -9.09964293      0.57268830
3993  760        -4.22731784     -9.08494138      0.55596046
3994  760        -4.19642451     -9.08869128      0.54993321
3995  760        -4.16190178     -9.10210095      0.53628644
3996  760        -4.11972329     -9.10685221      0.51382765
3997  760        -4.09430793     -9.11019740      0.48407403
3998  760        -4.06770185     -9.11418051      0.46569063
3999  760        -4.02945447     -9.11791658      0.47097762
4000  760        -3.98862613     -9.12819088      0.47892516
4001  760        -3.95057720     -9.14213379      0.46699515
4002  760        -3.93655999     -9.12256641      0.47027426
4003  760        -3.95358952     -9.09335731      0.46817004
4004  760        -3.97438534     -9.09314067      0.45406077
4005  760        -3.98914942     -9.12199325      0.43748036
4006  760        -4.01910769     -9.14139488      0.43375225
4007  760        -4.06248479     -9.13402964      0.44045860
4008  760        -4.12533632     -9.13046372      0.47684220
4009  760        -4.20582976     -9.15119985      0.55085407
4010  760        -4.24847686     -9.21798859      0.64323988
4011  760        -4.24236005     -9.31955647      0.74187102
4012  760        -4.23075111     -9.39120629      0.82567072
4013  760        -4.22663786     -9.39753321      0.87332582
4014  760        -4.21001803     -9.38105236      0.88308247
4015  760        -4.16681309     -9.36357830      0.86949699
4016  760        -4.09940931     -9.34235203      0.85555247
4017  760        -4.03414567     -9.30181066      0.86356728
4018  760        -3.97840470     -9.26736839      0.89918126
4019  760        -3.95279429     -9.26160693      0.93860496
4020  760        -3.94339922     -9.26632829      0.94582537
4021  760        -3.92365313     -9.24730780      0.89189524
4022  760        -3.89125369     -9.20070410      0.80009382
4023  760        -3.85735106     -9.13855761      0.70857823
4024  760        -3.82747660     -9.09003508      0.67884326
4025  760        -3.79792228     -9.06460461      0.73293774
4026  760        -3.77606410     -9.04782712      0.82949826
4027  760        -3.76224470     -9.02580632      0.91964764
4028  760        -3.77028170     -9.00229575      0.98352416
4029  760        -3.78515831     -8.99691140      1.02870754
4030  760        -3.79549183     -9.01384512      1.06024443
4031  760        -3.79363117     -9.03900209      1.08176881
4032  760        -3.78551811     -9.04065087      1.07211982
4033  760        -3.77482449     -9.03598654      1.03259924
4034  760        -3.76018060     -9.04611650      0.98179075
4035  760        -3.74536345     -9.07130738      0.94387664
4036  760        -3.74103329     -9.11889715      0.93425649
4037  760        -3.75901933     -9.18862751      0.93342603
4038  760        -3.81005754     -9.25375366      0.93749829
4039  760        -3.87723490     -9.30579963      0.95420573
4040  760        -3.93228537     -9.34571551      0.98831459
4041  760        -3.95737526     -9.35730620      1.00917466
4042  760        -3.95599505     -9.33971420      1.00197123
4043  760        -3.94900323     -9.29923633      0.96795145
4044  760        -3.94308998     -9.26238998      0.92456260
4045  760        -3.95138514     -9.23716228      0.88011111
4046  760        -3.97952704     -9.23082703      0.84082945
4047  760        -4.01907681     -9.25163429      0.80282226
4048  760        -4.05829027     -9.29355155      0.75574654
4049  760        -4.07667212     -9.33486952      0.69321580
4050  760        -4.07193680     -9.36558332      0.62894356
4051  760        -4.04065315     -9.38302845      0.58064753
4052  760        -3.98536008     -9.38997410      0.55291394
4053  760        -3.92713503     -9.38865962      0.52313077
4054  760        -3.89574365     -9.39065337      0.47869866
4055  760        -3.90640570     -9.41656346      0.45507744
4056  760        -3.95527512     -9.47558978      0.47606292
4057  760        -4.02241186     -9.54987193      0.52402676
4058  760        -4.06611867     -9.60410525      0.55565416
4059  760        -4.06400249     -9.62696993      0.55709360
4060  760        -4.02849107     -9.62933220      0.56303485
4061  760        -4.01688001     -9.63160636      0.57425502
4062  760        -4.05353786     -9.62760874      0.57548683
4063  760        -4.09992250     -9.60177233      0.56632039
4064  760        -4.09830586     -9.57343388      0.54797300
4065  760        -4.05871803     -9.56148773      0.50633463
4066  760        -3.99990482     -9.56400082      0.45358010
4067  760        -3.95646746     -9.56487647      0.41556634
4068  760        -3.97086942     -9.55768149      0.39561921
4069  760        -4.05502486     -9.55220230      0.39025937
4070  760        -4.16678115     -9.53899012      0.41386888
4071  760        -4.24787728     -9.49977825      0.45612230
4072  760        -4.29647252     -9.40997816      0.46739161
4073  760        -4.32766116     -9.29770653      0.44728932
4074  760        -4.34309355     -9.21797733      0.45018802
4075  760        -4.34290192     -9.17211228      0.51272811
4076  760        -4.34835609     -9.12760149      0.59242658
4077  760        -4.37106465     -9.09386621      0.64994995
4078  760        -4.40263664     -9.12943198      0.67452381
4079  760        -4.43363054     -9.22522551      0.65984685
4080  760        -4.44028645     -9.30211440      0.63494819
4081  760        -4.41257591     -9.30226188      0.63805635
4082  760        -4.36898389     -9.26783686      0.65278372
4083  760        -4.35125312     -9.23917860      0.67655336
4084  760        -4.37279443     -9.20038196      0.69504199
4085  760        -4.41174251     -9.14456079      0.71037618
4086  760        -4.45458634     -9.10314520      0.72108680
4087  760        -4.51365315     -9.07335873      0.72828526
4088  760        -4.58769505     -9.04152202      0.73431607
4089  760        -4.67052549     -9.01513165      0.73302472
4090  760        -4.71789356     -8.99391023      0.72897157
4091  760        -4.70519438     -8.98349738      0.73117209
4092  760        -4.65468809     -8.96528938      0.74853935
4093  760        -4.59398289     -8.95045934      0.77993913
4094  760        -4.53297586     -8.95507283      0.81869867
4095  760        -4.46563081     -8.95365254      0.85148543
4096  760        -4.40097437     -8.91699921      0.88434281
4097  760        -4.34453231     -8.89449920      0.91317100
4098  760        -4.30925405     -8.90999446      0.94491769
4099  760        -4.30362169     -8.95902983      0.97802626
4100  760        -4.32120677     -9.00843504      0.99063749
4101  760        -4.32618483     -9.02616077      0.98531545
4102  760        -4.29786564     -9.03283677      0.97132061
4103  760        -4.25186257     -9.01966367      0.95492527
4104  760        -4.22068485     -8.98783755      0.92661791
4105  760        -4.19535417     -8.93439470      0.89237865
4106  760        -4.15748989     -8.90068042      0.83695605
4107  760        -4.12748217     -8.88079465      0.77269193
4108  760        -4.10362152     -8.86167008      0.70143045
4109  760        -4.13106416     -8.82345267      0.67140668
4110  760        -4.19195510     -8.81276783      0.68627848
4111  760        -4.23464837     -8.83399496      0.72342699
4112  760        -4.24488378     -8.84209221      0.75698400
4113  760        -4.20069533     -8.82361220      0.78486695
4114  760        -4.13550288     -8.82098129      0.79904525
4115  760        -4.08644484     -8.85300742      0.81624913
4116  760        -4.04539343     -8.91379915      0.83106398
4117  760        -3.99514481     -8.97759574      0.84609216
4118  760        -3.93246400     -9.02644693      0.87691703
4119  760        -3.88144245     -9.05684925      0.90581093
4120  760        -3.87931056     -9.04706458      0.93331614
4121  760        -3.89496591     -9.03321709      0.93993607
4122  760        -3.88822845     -9.04318002      0.92032990
4123  760        -3.85304598     -9.06327556      0.87754798
4124  760        -3.82974077     -9.07889051      0.84473745
4125  760        -3.82932406     -9.09772039      0.84740137
4126  760        -3.84149634     -9.13956145      0.88064002
4127  760        -3.85466474     -9.19600739      0.88927843
4128  760        -3.86448700     -9.25225600      0.85975240
4129  760        -3.87821969     -9.28894475      0.81777176
4130  760        -3.89434376     -9.29590053      0.81080466
4131  760        -3.89677657     -9.27896662      0.87288164
4132  760        -3.86948263     -9.27180210      0.95077088
4133  760        -3.83002852     -9.29848141      0.95389520
4134  760        -3.80487732     -9.34092048      0.86960533
4135  760        -3.79433055     -9.37586089      0.76737837
4136  760        -3.76986105     -9.37899029      0.71545337
4137  760        -3.74184726     -9.38272426      0.72144062
4138  760        -3.74280476     -9.40787634      0.77724840
4139  760        -3.77331614     -9.43877893      0.84892842
4140  760        -3.79988925     -9.46899582      0.91195790
4141  760        -3.85048854     -9.48964062      0.96040785
4142  760        -3.93750630     -9.49921279      0.98023162
4143  760        -4.01910838     -9.49491828      0.98028615
4144  760        -4.07657803     -9.48763272      0.98485634
4145  760        -4.12757483     -9.47114300      1.00248329
4146  760        -4.20116025     -9.43783479      1.01085191
4147  760        -4.25783271     -9.39019144      1.02751494
4148  760        -4.27857080     -9.35953989      1.06169133
4149  760        -4.30335122     -9.34510082      1.10585626
4150  760        -4.34919758     -9.34588826      1.14051454
4151  760        -4.40771325     -9.34443413      1.16317777
4152  760        -4.47034342     -9.35990277      1.16872248
4153  760        -4.51840756     -9.36538731      1.16186800
4154  760        -4.55118411     -9.34228520      1.17288029
4155  760        -4.54795373     -9.33476340      1.21240537
4156  760        -4.52178615     -9.36194008      1.26921271
4157  760        -4.49152270     -9.40868777      1.30449153
4158  760        -4.44785029     -9.47777493      1.31355234
4159  760        -4.39500596     -9.53745012      1.33134520
4160  760        -4.32717180     -9.56467612      1.37777670
4161  760        -4.25391527     -9.60603573      1.40555107
4162  760        -4.20096776     -9.65650501      1.38924185
4163  760        -4.15410700     -9.69768988      1.36812989
4164  760        -4.09995728     -9.71587734      1.36346830
4165  760        -4.05606443     -9.72931271      1.36794137
4166  760        -4.04778124     -9.74189104      1.37236536
4167  760        -4.06925521     -9.74206242      1.38436589
4168  760        -4.08714894     -9.72309611      1.42217969
4169  760        -4.08470663     -9.69338421      1.48198284
4170  760        -4.09292989     -9.67478944      1.54248811
4171  760        -4.11471922     -9.69864120      1.59770254
4172  760        -4.10583508     -9.75537667      1.64291470
4173  760        -4.08000749     -9.79195141      1.68806807
4174  760        -4.06778182     -9.80219184      1.73678754
4175  760        -4.06603808     -9.80896187      1.78540222
4176  760        -4.06218376     -9.83421037      1.84114805
4177  760        -4.04067440     -9.86120452      1.90507310
4178  760        -4.01112674     -9.87773695      1.96781471
4179  760        -4.00098847     -9.87017928      1.99456881
4180  760        -4.01000774     -9.82644687      1.96920102
4181  760        -4.00837090     -9.77921518      1.90553219
4182  760        -3.99146066     -9.73517395      1.83907173
4183  760        -3.97782491     -9.68609901      1.78983162
4184  760        -3.97860437     -9.62893244      1.75904161
4185  760        -3.98661894     -9.57138258      1.74935643
4186  760        -3.98491847     -9.53332111      1.76116255
4187  760        -3.95910140     -9.53218277      1.78673990
4188  760        -3.91495129     -9.55794903      1.80291212
4189  760        -3.87385063     -9.59018768      1.81026295
4190  760        -3.84575649     -9.62807040      1.83018021
4191  760        -3.84277904     -9.66700963      1.86465039
4192  760        -3.85620388     -9.69620669      1.90918058
4193  760        -3.87705688     -9.71661235      1.96423783
4194  760        -3.89698754     -9.73919223      2.01595321
4195  760        -3.92080298     -9.77047195      2.05558028
4196  760        -3.93430267     -9.80382783      2.06004321
4197  760        -3.90210278     -9.82706633      2.03026029
4198  760        -3.85360560     -9.82268523      1.99896051
4199  760        -3.81503076     -9.78545541      1.98409351
4200  760        -3.82121363     -9.72072232      1.97050806
4201  760        -3.86216985     -9.66791993      1.94640142
4202  760        -3.91092458     -9.64949746      1.93808244
4203  760        -3.93474777     -9.65798716      1.95753666
4204  760        -3.94606919     -9.67806186      1.97643487
4205  760        -3.95686300     -9.69968036      1.98371901
4206  760        -3.96138854     -9.71070939      2.01496634
4207  760        -3.95497872     -9.73432168      2.09618975
4208  760        -3.94605312     -9.77620309      2.18890429
4209  760        -3.96481849     -9.82271678      2.21145435
4210  760        -3.99264752     -9.84438173      2.15217021
4211  760        -4.00633588     -9.82515403      2.07195994
4212  760        -3.99689472     -9.78013851      2.03274605
4213  760        -3.97640812     -9.72410894      2.02080884
4214  760        -3.96906292     -9.65849860      2.00696054
4215  760        -3.97958918     -9.58657787      1.98785895
4216  760        -3.99128331     -9.52957102      1.97693738
4217  760        -3.99558303     -9.49778207      1.99090495
4218  760        -3.99608149     -9.49498304      2.01895405
4219  760        -3.99316756     -9.50947753      2.02605339
4220  760        -3.97521726     -9.52126571      1.99502420
4221  760        -3.96126133     -9.53195005      1.94659327
4222  760        -3.91412881     -9.54490288      1.92510242
4223  760        -3.83689013     -9.53084590      1.93668272
4224  760        -3.76194984     -9.47731099      1.94323801
4225  760        -3.71960127     -9.39973536      1.93870886
4226  760        -3.72999509     -9.32966094      1.93515283
4227  760        -3.75682053     -9.27987797      1.93439025
4228  760        -3.77154986     -9.25801367      1.92025692
4229  760        -3.77103481     -9.26117293      1.90072096
4230  760        -3.77008953     -9.28150840      1.88209056
4231  760        -3.76337425     -9.30742864      1.88145972
4232  760        -3.74271463     -9.34141542      1.91085020
4233  760        -3.69054931     -9.36805684      1.96746995
4234  760        -3.63183695     -9.38828829      2.01965624
4235  760        -3.60771939     -9.39728134      2.05725770
4236  760        -3.62299309     -9.40602879      2.06865245
4237  760        -3.65279520     -9.42260535      2.05119942
4238  760        -3.67913750     -9.44010047      2.02616899
4239  760        -3.71863528     -9.45110916      2.01047154
4240  760        -3.78052130     -9.43472494      2.01197078
4241  760        -3.83876357     -9.39132170      2.02052340
4242  760        -3.84362472     -9.34328386      2.04107320
4243  760        -3.81429224     -9.31401411      2.06822829
4244  760        -3.78960731     -9.29808828      2.07154680
4245  760        -3.80513884     -9.27310275      2.04264476
4246  760        -3.82529233     -9.23955402      2.00602338
4247  760        -3.80340859     -9.20396381      2.00786705
4248  760        -3.75283087     -9.17423558      2.02567797
4249  760        -3.70038951     -9.13758015      2.03954875
4250  760        -3.67553099     -9.10877494      2.04051073
4251  760        -3.67076158     -9.10019869      2.04011800
4252  760        -3.66063962     -9.09662994      2.06165170
4253  760        -3.60908778     -9.11516447      2.12619545
4254  760        -3.53185742     -9.16375628      2.21344727
4255  760        -3.47828025     -9.20163152      2.27647798
4256  760        -3.46230510     -9.21218711      2.29847954
4257  760        -3.46138940     -9.19723387      2.28313685
4258  760        -3.45861045     -9.17418992      2.25849286
4259  760        -3.45364224     -9.16952965      2.24755239
4260  760        -3.45487132     -9.16671818      2.26176464
4261  760        -3.45888606     -9.16658690      2.28050287
4262  760        -3.43628073     -9.15553607      2.29830867
4263  760        -3.36875749     -9.14025522      2.30623022
4264  760        -3.28125078     -9.10894157      2.29944793
4265  760        -3.20830136     -9.07476925      2.28227493
4266  760        -3.15123212     -9.03536308      2.26485464
4267  760        -3.09740321     -8.98510768      2.23087661
4268  760        -3.05552490     -8.95339744      2.17140952
4269  760        -3.04612875     -8.95086443      2.09356839
4270  760        -3.06332064     -8.94477133      2.02553926
4271  760        -3.08059696     -8.89197075      1.98777871
4272  760        -3.09332786     -8.83077683      1.97328622
4273  760        -3.09481852     -8.80340588      1.96852695
4274  760        -3.05692691     -8.79697061      1.96612817
4275  760        -2.99152148     -8.76971697      1.96284984
4276  760        -2.93232940     -8.74267526      1.93915090
4277  760        -2.90575912     -8.75192444      1.90867506
4278  760        -2.90749292     -8.79094158      1.89074334
4279  760        -2.92927658     -8.83834835      1.89460189
4280  760        -2.96042959     -8.86752070      1.89664610
4281  760        -2.99632505     -8.87353967      1.88145818
4282  760        -3.03709828     -8.84520047      1.85143311
4283  760        -3.05079010     -8.80170666      1.83068636
4284  760        -3.02724567     -8.75234605      1.83140146
4285  760        -2.98440485     -8.70813642      1.83153532
4286  760        -2.96608710     -8.68217630      1.80623780
4287  760        -2.97008890     -8.68585547      1.76551860
4288  760        -2.98532768     -8.70902855      1.72622873
4289  760        -3.00351542     -8.74555954      1.68896795
4290  760        -3.02463248     -8.79140152      1.65811669
4291  760        -3.02369195     -8.81333063      1.61235248
4292  760        -2.99292601     -8.80334210      1.55202942
4293  760        -2.95704390     -8.79837056      1.50011410
4294  760        -2.93245325     -8.80912437      1.47789963
4295  760        -2.90355056     -8.82409754      1.46609209
4296  760        -2.86583585     -8.83810177      1.45699866
4297  760        -2.82328584     -8.83194389      1.43668267
4298  760        -2.76937229     -8.79355850      1.40129868
4299  760        -2.71893483     -8.77842014      1.37607213
4300  760        -2.68162915     -8.79836716      1.34711732
4301  760        -2.65315591     -8.82219461      1.29222441
4302  760        -2.62819557     -8.83694247      1.20202951
4303  760        -2.60624784     -8.85106393      1.11854288
4304  760        -2.57910019     -8.86390810      1.07939001
4305  760        -2.54988741     -8.86230133      1.08574178
4306  760        -2.50090035     -8.85740753      1.10989603
4307  760        -2.44821624     -8.85599673      1.12373953
4308  760        -2.40632746     -8.86504025      1.11949029
4309  760        -2.38163319     -8.87758613      1.10251742
4310  760        -2.35562820     -8.88447309      1.08147551
4311  760        -2.30581245     -8.87936711      1.05776309
4312  760        -2.23124453     -8.87997362      1.02826876
4313  760        -2.15827281     -8.89014877      0.99247782
4314  760        -2.09510403     -8.91133756      0.98454577
4315  760        -2.02626953     -8.93345679      1.01179289
4316  760        -1.93867149     -8.94694191      1.04695796
4317  760        -1.85818874     -8.98650130      1.06763016
4318  760        -1.78768295     -9.06617010      1.07148212
4319  760        -1.70814208     -9.16145974      1.07897797
4320  760        -1.61073181     -9.22724360      1.07503395
4321  760        -1.51787616     -9.24439677      1.06340924
4322  760        -1.44299940     -9.21524946      1.03698358
4323  760        -1.39561040     -9.14171403      1.01014468
4324  760        -1.36485704     -9.05388053      0.98137951
4325  760        -1.34649786     -8.95654899      0.96586292
4326  760        -1.33503879     -8.86620037      0.97897117
4327  760        -1.33657789     -8.79598478      1.02387440
4328  760        -1.33514057     -8.75326349      1.07159912
4329  760        -1.30808565     -8.72454984      1.08692815
4330  760        -1.24548005     -8.69662047      1.08008668
4331  760        -1.15703997     -8.69120954      1.07689509
4332  760        -1.09409487     -8.68709255      1.07730144
4333  760        -1.06695995     -8.68718376      1.06851316
4334  760        -1.06267022     -8.69622652      1.05695115
4335  760        -1.05077562     -8.70164106      1.04818319
4336  760        -1.04076025     -8.67844732      1.04501214
4337  760        -1.02671467     -8.62562067      1.05145690
4338  760        -1.00785169     -8.57043864      1.08984092
4339  760        -1.00611508     -8.53457815      1.15963348
4340  760        -1.02683370     -8.51783843      1.20818765
4341  760        -1.03944043     -8.49344917      1.23428548
4342  760        -1.02146432     -8.43936599      1.25959847
4343  760        -1.00003652     -8.34445698      1.29216723
4344  760        -0.97875970     -8.24225150      1.31766085
4345  760        -0.98021713     -8.16703750      1.33205720
4346  760        -0.99665785     -8.10400722      1.34208352
4347  760        -1.04047981     -8.05014994      1.35240913
4348  760        -1.11404473     -8.02172821      1.37001401
4349  760        -1.22542332     -7.98953707      1.39626057
4350  760        -1.31309659     -7.93320210      1.42327958
4351  760        -1.34432852     -7.85050446      1.44764021
4352  760        -1.34155581     -7.75835946      1.47844086
4353  760        -1.32306115     -7.66768158      1.50142552
4354  760        -1.28111052     -7.57574967      1.52408223
4355  760        -1.21789962     -7.47367568      1.55806317
4356  760        -1.15297184     -7.37226123      1.60825744
4357  760        -1.07692171     -7.29462527      1.67141113
4358  760        -1.01922996     -7.23766248      1.71137960
4359  760        -0.98575536     -7.20148474      1.73832463
4360  760        -0.96602086     -7.18375975      1.76056870
4361  760        -0.98149806     -7.17165265      1.76330032
4362  760        -1.02480534     -7.16828211      1.75402479
4363  760        -1.06850898     -7.16021704      1.74443681
4364  760        -1.11179655     -7.16669690      1.75308370
4365  760        -1.13894191     -7.18641804      1.77820339
4366  760        -1.15671812     -7.21467453      1.82427006
4367  760        -1.17765707     -7.24421494      1.87224518
4368  760        -1.20497761     -7.26359414      1.90739305
4369  760        -1.23863948     -7.27735540      1.93911663
4370  760        -1.24076357     -7.29667301      1.96356121
4371  760        -1.19785180     -7.30992249      1.94707082
4372  760        -1.12120630     -7.30106249      1.86400712
4373  760        -1.03509936     -7.29951214      1.76876552
4374  760        -0.98553170     -7.33184365      1.74148759
4375  760        -0.98178840     -7.38567526      1.80418185
4376  760        -0.98470065     -7.41708757      1.88377506
4377  760        -0.98116053     -7.44820952      1.90837140
4378  760        -0.96060082     -7.48735003      1.88080585
4379  760        -0.92997615     -7.51157155      1.84358687
4380  760        -0.92051886     -7.50233506      1.80680224
4381  760        -0.93964017     -7.49748473      1.76113484
4382  760        -0.95446669     -7.55003332      1.71897217
4383  760        -0.96659004     -7.66884999      1.68496727
4384  760        -0.98425492     -7.77184603      1.66335088
4385  760        -1.00258753     -7.80642343      1.65370094
4386  760        -1.00359028     -7.80723108      1.65107991
4387  760        -1.00855852     -7.79599682      1.64375183
4388  760        -1.03702119     -7.78463359      1.61797949
4389  760        -1.09232777     -7.80161011      1.59230535
4390  760        -1.14989048     -7.84189110      1.56986096
4391  760        -1.23410784     -7.89860556      1.55288529
4392  760        -1.31012230     -7.95684393      1.51599166
4393  760        -1.34156127     -8.03134617      1.48807466
4394  760        -1.30357835     -8.13776747      1.48972344
4395  760        -1.23771809     -8.24538878      1.51256483
4396  760        -1.18468583     -8.31906053      1.53802264
4397  760        -1.14770905     -8.35282629      1.55738524
4398  760        -1.13189532     -8.35695108      1.58290997
4399  760        -1.12885214     -8.34879265      1.61802556
4400  760        -1.12929162     -8.32544737      1.65326770
4401  760        -1.13141560     -8.27862132      1.65598185
4402  760        -1.12881603     -8.23718423      1.61627364
4403  760        -1.11655408     -8.21923400      1.54884108
4404  760        -1.11658361     -8.20803950      1.49610369
4405  760        -1.12724041     -8.19546349      1.47533191
4406  760        -1.16844221     -8.19567042      1.47817396
4407  760        -1.20979003     -8.21971002      1.48309286
4408  760        -1.23337860     -8.24831200      1.49531521
4409  760        -1.26441884     -8.24864543      1.50512500
4410  760        -1.30412760     -8.22525247      1.51797951
4411  760        -1.34302029     -8.18318156      1.54919817
4412  760        -1.35727968     -8.14548509      1.59101427
4413  760        -1.36645979     -8.12336937      1.61871296
4414  760        -1.35384483     -8.10288991      1.61714480
4415  760        -1.32508424     -8.08795980      1.61803243
4416  760        -1.27465994     -8.08694527      1.64181914
4417  760        -1.21707426     -8.09873287      1.69901673
4418  760        -1.16038406     -8.10590541      1.75015092
4419  760        -1.10870964     -8.09398860      1.76912436
4420  760        -1.05559074     -8.06003049      1.76182419
4421  760        -0.98629971     -8.03257959      1.76445743
4422  760        -0.90833780     -8.02060249      1.78839994
4423  760        -0.83000188     -8.00481850      1.81441651
4424  760        -0.77512634     -7.96839279      1.83223241
4425  760        -0.75041975     -7.94872930      1.82896890
4426  760        -0.76622739     -7.97344811      1.81613826
4427  760        -0.82692707     -8.02871832      1.81464939
4428  760        -0.91245684     -8.09539157      1.80442967
4429  760        -0.98049888     -8.12506670      1.78367076
4430  760        -0.98393161     -8.12555090      1.77058259
4431  760        -0.91280207     -8.12981058      1.78109136
4432  760        -0.83713780     -8.13241538      1.80769693
4433  760        -0.79153829     -8.14709281      1.84119444
4434  760        -0.76990223     -8.18935898      1.88764313
4435  760        -0.76175874     -8.25479597      1.94788048
4436  760        -0.75848720     -8.31446823      1.99867045
4437  760        -0.76393531     -8.36161351      2.02091120
4438  760        -0.79262075     -8.40336001      2.03571346
4439  760        -0.85186707     -8.43775978      2.04097687
4440  760        -0.93051343     -8.45808901      2.03434069
4441  760        -0.99442083     -8.47312631      2.02596070
4442  760        -1.03342607     -8.48813297      2.02506742
4443  760        -1.04958279     -8.50890728      2.05111572
4444  760        -1.05382122     -8.52055501      2.08223968
4445  760        -1.03017603     -8.52602832      2.09152722
4446  760        -0.96928954     -8.55150753      2.07287494
4447  760        -0.89360854     -8.61102037      2.04550736
4448  760        -0.83088778     -8.68286398      2.04431208
4449  760        -0.77053510     -8.73663262      2.05777733
4450  760        -0.72230421     -8.78439278      2.08677579
4451  760        -0.69488955     -8.85382947      2.13252918
4452  760        -0.67050920     -8.92594892      2.16715065
4453  760        -0.64140365     -8.96472840      2.16377936
4454  760        -0.58623420     -8.96650147      2.12993097
4455  760        -0.52679460     -8.96832583      2.08324952
4456  760        -0.49298910     -8.99184999      2.04774052
4457  760        -0.48269081     -9.02110718      2.01880377
4458  760        -0.47694810     -9.03646079      1.98838286
4459  760        -0.48654550     -9.03606046      1.95931846
4460  760        -0.50298422     -9.02337831      1.92940565
4461  760        -0.50652835     -9.01687251      1.89749340
4462  760        -0.49241410     -9.03375085      1.87132587
4463  760        -0.49120036     -9.05829969      1.85701764
4464  760        -0.52044317     -9.05716545      1.84897248
4465  760        -0.56050903     -9.01980889      1.85220492
4466  760        -0.59838148     -8.97166476      1.85764045
4467  760        -0.61783793     -8.93997312      1.87283215
4468  760        -0.62617514     -8.91728601      1.89526652
4469  760        -0.62802365     -8.89663760      1.91007330
4470  760        -0.62720177     -8.90113801      1.90068228
4471  760        -0.62315969     -8.91884702      1.89189744
4472  760        -0.62496996     -8.92301264      1.90357637
4473  760        -0.62889759     -8.91580912      1.91770660
4474  760        -0.63726323     -8.90059827      1.89079400
4475  760        -0.65288540     -8.86857726      1.83649601
4476  760        -0.65566399     -8.82785422      1.81002724
4477  760        -0.64756036     -8.81329122      1.78078669
4478  760        -0.64423623     -8.82963928      1.76533192
4479  760        -0.65083389     -8.88125759      1.80207124
4480  760        -0.65270023     -8.94568440      1.87509055
4481  760        -0.65316869     -8.98638200      1.93757887
4482  760        -0.64588371     -8.99861615      1.97431088
4483  760        -0.64679392     -9.00539702      1.99664924
4484  760        -0.64907155     -8.98610013      2.00273127
4485  760        -0.64602519     -8.91791539      1.97589749
4486  760        -0.62213985     -8.82773195      1.92391782
4487  760        -0.58812664     -8.77502897      1.88061587
4488  760        -0.54103315     -8.78887752      1.87515317
4489  760        -0.48506030     -8.85389637      1.89098269
4490  760        -0.41794271     -8.91412274      1.91712239
4491  760        -0.34629609     -8.94663908      1.92108147
4492  760        -0.27912466     -8.97642464      1.89816932
4493  760        -0.24240718     -9.00756034      1.86665144
4494  760        -0.24001233     -9.02363888      1.84098262
4495  760        -0.25792113     -9.02393134      1.80921695
4496  760        -0.29072154     -9.02951654      1.77507146
4497  760        -0.32161518     -9.04454930      1.72646589
4498  760        -0.31813993     -9.06273676      1.67587568
4499  760        -0.26069205     -9.07173243      1.63075409
4500  760        -0.16698880     -9.05500951      1.60207013
4501  760        -0.06744342     -9.02801301      1.60212246
4502  760        -0.00497375     -9.01996110      1.62256190
4503  760         0.00802422     -9.02848417      1.67567645
4504  760        -0.02982643     -9.02061866      1.74788505
4505  760        -0.10583148     -8.98500345      1.81645235
4506  760        -0.19005045     -8.94160018      1.84988497
4507  760        -0.23806520     -8.89998622      1.83055856
4508  760        -0.22684865     -8.86067866      1.77914126
4509  760        -0.18241568     -8.82420056      1.74280953
4510  760        -0.13010376     -8.79064423      1.73605483
4511  760        -0.06685522     -8.74850154      1.75406135
4512  760        -0.01281610     -8.69729417      1.79946205
4513  760        -0.01218989     -8.65569530      1.85435731
4514  760        -0.07396612     -8.66021848      1.88462514
4515  760        -0.15465210     -8.69914919      1.89236891
4516  760        -0.22320994     -8.74031169      1.90707119
4517  760        -0.26515943     -8.76141315      1.95635536
4518  760        -0.27311439     -8.76338447      2.01294507
4519  760        -0.25493005     -8.75078554      2.05406406
4520  760        -0.21647416     -8.72086107      2.07166697
4521  760        -0.16368294     -8.66932733      2.06699077
4522  760        -0.13656618     -8.60166624      2.07473624
4523  760        -0.15937404     -8.55086252      2.11786868
4524  760        -0.24414646     -8.53557938      2.19376027
4525  760        -0.33527460     -8.54133169      2.25969870
4526  760        -0.39234488     -8.54330045      2.29262360
4527  760        -0.40747571     -8.55881913      2.29750761
4528  760        -0.41006745     -8.59379239      2.30007266
4529  760        -0.39616040     -8.61761734      2.31076505
4530  760        -0.36453111     -8.62068206      2.33924704
4531  760        -0.33963111     -8.62352938      2.38632435
4532  760        -0.33037567     -8.62916392      2.43186247
4533  760        -0.35781945     -8.61957270      2.45447210
4534  760        -0.40349391     -8.59622343      2.44723630
4535  760        -0.46679582     -8.58954844      2.42738919
4536  760        -0.52856642     -8.59619010      2.41658237
4537  760        -0.56984190     -8.57647509      2.40921243
4538  760        -0.55923449     -8.53104874      2.39295393
4539  760        -0.52234844     -8.50471289      2.36794291
4540  760        -0.47878101     -8.50149218      2.36055056
4541  760        -0.44935419     -8.49023357      2.36837693
4542  760        -0.43918538     -8.47587638      2.37535637
4543  760        -0.44751883     -8.47778213      2.39578632
4544  760        -0.47280935     -8.51704725      2.41792429
4545  760        -0.52773562     -8.56147962      2.41939977
4546  760        -0.60913501     -8.58041489      2.40799894
4547  760        -0.67526603     -8.57488916      2.38581714
4548  760        -0.71432827     -8.56883884      2.37317192
4549  760        -0.71219031     -8.56028002      2.36588199
4550  760        -0.69069541     -8.54097796      2.34552715
4551  760        -0.64935822     -8.54158277      2.31603598
4552  760        -0.63505296     -8.59354567      2.28473294
4553  760        -0.65788912     -8.67575359      2.23871210
4554  760        -0.69073309     -8.75466111      2.18286787
4555  760        -0.71062114     -8.79769196      2.12235209
4556  760        -0.71351046     -8.80627318      2.07713122
4557  760        -0.70435177     -8.78816701      2.05375612
4558  760        -0.68706975     -8.76829083      2.03190874
4559  760        -0.68444092     -8.74688802      1.98594595
4560  760        -0.70494979     -8.73441666      1.91567433
4561  760        -0.74433896     -8.71726387      1.84211481
4562  760        -0.76181382     -8.69204669      1.76739304
4563  760        -0.74828733     -8.66156817      1.70809657
4564  760        -0.72846117     -8.61220892      1.67949659
4565  760        -0.71325689     -8.56155184      1.68096414
4566  760        -0.69463591     -8.50903018      1.66643092
4567  760        -0.65980287     -8.47257509      1.63926259
4568  760        -0.62829141     -8.44947685      1.61645723
4569  760        -0.59515061     -8.46687625      1.59333237
4570  760        -0.56399603     -8.50883976      1.54893857
4571  760        -0.54105454     -8.56836647      1.50315079
4572  760        -0.54098743     -8.58786541      1.47731035
4573  760        -0.54714515     -8.55855271      1.47253322
4574  760        -0.55878831     -8.54916358      1.48470942
4575  760        -0.56600951     -8.60018488      1.49185582
4576  760        -0.57474893     -8.69275507      1.47695264
4577  760        -0.60359563     -8.75679368      1.46311351
4578  760        -0.63333867     -8.78126251      1.45879915
4579  760        -0.63922185     -8.80434204      1.43353603
4580  760        -0.62493157     -8.86478632      1.39825599
4581  760        -0.60818343     -8.96293811      1.38382434
4582  760        -0.57994270     -9.06153249      1.37168318
4583  760        -0.53631250     -9.12164148      1.35413394
4584  760        -0.47434122     -9.14630865      1.33357063
4585  760        -0.39796963     -9.17386246      1.32733550
4586  760        -0.33175756     -9.21308857      1.31368707
4587  760        -0.29841234     -9.24765909      1.29383435
4588  760        -0.29848792     -9.27531970      1.28323363
4589  760        -0.32739898     -9.30292578      1.27622891
4590  760        -0.35196127     -9.35922340      1.26244165
4591  760        -0.34558297     -9.42136889      1.24745775
4592  760        -0.32191572     -9.46068277      1.26416883
4593  760        -0.28809045     -9.47460892      1.31134241
4594  760        -0.23926083     -9.50054628      1.35000717
4595  760        -0.20756596     -9.53798828      1.37433172
4596  760        -0.21975959     -9.57461186      1.41131760
4597  760        -0.27619859     -9.58725252      1.44871211
4598  760        -0.33888743     -9.58709118      1.47155252
4599  760        -0.38631350     -9.58518898      1.47483586
4600  760        -0.43214931     -9.60619412      1.46741076
4601  760        -0.47201063     -9.65150579      1.46232746
4602  760        -0.50345768     -9.72244271      1.47536760
4603  760        -0.51896065     -9.80660337      1.49237871
4604  760        -0.50809243     -9.87665355      1.50042630
4605  760        -0.47316901     -9.90403706      1.51006420
4606  760        -0.42543472     -9.88653005      1.50786699
4607  760        -0.38779570     -9.88611314      1.48272246
4608  760        -0.37375433     -9.94716155      1.42563561
4609  760        -0.38696165    -10.05531959      1.37101768
4610  760        -0.40963364    -10.13352443      1.33955902
4611  760        -0.41985238    -10.15812943      1.33363216
4612  760        -0.41829162    -10.17312646      1.31420478
4613  760        -0.41623860    -10.20146921      1.27118965
4614  760        -0.40152022    -10.23395640      1.22089498
4615  760        -0.37356917    -10.25419593      1.17804407
4616  760        -0.34518217    -10.26283182      1.16064381
4617  760        -0.34147508    -10.27015188      1.16636732
4618  760        -0.33898475    -10.27753584      1.17953502
4619  760        -0.33218122    -10.26801809      1.18820277
4620  760        -0.34629224    -10.22868246      1.18344156
4621  760        -0.37195937    -10.17384559      1.17287191
4622  760        -0.36045162    -10.13995653      1.17745716
4623  760        -0.31486513    -10.14799056      1.19763362
4624  760        -0.26785845    -10.19435565      1.21157392
4625  760        -0.22682290    -10.24388001      1.21065263
4626  760        -0.15853909    -10.27279528      1.20319028
4627  760        -0.09245434    -10.28969904      1.19275558
4628  760        -0.06395343    -10.31047172      1.17433198
4629  760        -0.06545074    -10.34759190      1.14433107
4630  760        -0.06766760    -10.37468963      1.12192272
4631  760        -0.07377779    -10.38465884      1.09858794
4632  760        -0.08745490    -10.37840797      1.07574647
4633  760        -0.09191631    -10.39670067      1.06841643
4634  760        -0.06976452    -10.44864477      1.07224458
4635  760        -0.02765846    -10.51567920      1.07038922
4636  760         0.01528429    -10.55959443      1.07841243
4637  760         0.05468159    -10.57498696      1.12498721
4638  760         0.08470666    -10.59806230      1.18046338
4639  760         0.11347381    -10.62953481      1.20238488
4640  760         0.13509823    -10.67738461      1.17528351
4641  760         0.14934734    -10.72012253      1.13537878
4642  760         0.14705765    -10.73965932      1.10361985
4643  760         0.14396835    -10.75090725      1.08309103
4644  760         0.15004283    -10.78571208      1.07760445
4645  760         0.18652022    -10.83591690      1.08183266
4646  760         0.25561765    -10.88615050      1.10315960
4647  760         0.34453335    -10.94033657      1.13138551
4648  760         0.42732670    -10.99892156      1.15485763
4649  760         0.48149777    -11.05162915      1.15769756
4650  760         0.50519261    -11.06628549      1.14736950
4651  760         0.51650246    -11.04240373      1.13231790
4652  760         0.53196643    -10.99299564      1.10269274
4653  760         0.54265274    -10.94943062      1.05691760
4654  760         0.56266157    -10.92898432      1.00048155
4655  760         0.57903272    -10.94148328      0.97610473
4656  760         0.58447077    -10.95675178      1.00350214
4657  760         0.59443708    -10.95368355      1.06794447
4658  760         0.61196484    -10.92686445      1.10162443
4659  760         0.61722915    -10.89346675      1.08070796
4660  760         0.59504019    -10.86035450      1.03117963
4661  760         0.56829774    -10.83079555      0.98404022
4662  760         0.57349221    -10.80916726      0.95802883
4663  760         0.61831113    -10.77923996      0.95292856
4664  760         0.67739277    -10.74896350      0.98931520
4665  760         0.72978594    -10.72611835      1.04026525
4666  760         0.78644279    -10.72511515      1.07144509
4667  760         0.83870905    -10.73566675      1.06462462
4668  760         0.86819315    -10.75512667      1.04066302
4669  760         0.87453775    -10.78432303      1.03598788
4670  760         0.87589131    -10.80367650      1.08139700
4671  760         0.88677411    -10.79230946      1.16987250
4672  760         0.90043764    -10.77189895      1.27212091
4673  760         0.90127608    -10.76865184      1.37159824
4674  760         0.90095113    -10.78058453      1.43726343
4675  760         0.90425526    -10.79662314      1.47869621
4676  760         0.91838063    -10.79664691      1.52630312
4677  760         0.91645597    -10.79833425      1.57927038
4678  760         0.88866309    -10.83572361      1.61054764
4679  760         0.84574840    -10.88118399      1.62261857
4680  760         0.80133841    -10.87292826      1.62208133
4681  760         0.77758172    -10.86719688      1.60516521
4682  760         0.76668509    -10.87932454      1.57560594
4683  760         0.76616244    -10.89977868      1.54701222
4684  760         0.77373796    -10.91070345      1.52794065
4685  760         0.79563454    -10.90939302      1.50886048
4686  760         0.82789763    -10.91255729      1.50008799
4687  760         0.85944284    -10.90099603      1.50647371
4688  760         0.88923646    -10.84439084      1.50807475
4689  760         0.90271041    -10.75713616      1.49157119
4690  760         0.90457164    -10.69789080      1.47033153
4691  760         0.89658186    -10.66830311      1.44944057
4692  760         0.88216054    -10.64255525      1.43605638
4693  760         0.84691389    -10.62760696      1.41614111
4694  760         0.81122415    -10.65249763      1.39108042
4695  760         0.77505036    -10.70415311      1.35491351
4696  760         0.75993629    -10.72771080      1.30496392
4697  760         0.75569752    -10.70859141      1.26332585
4698  760         0.76031295    -10.67215360      1.24348250
4699  760         0.77979315    -10.63321832      1.23514764
4700  760         0.81071332    -10.59201124      1.22895267
4701  760         0.85659123    -10.53107288      1.24590111
4702  760         0.90911676    -10.47126134      1.27332871
4703  760         0.95849723    -10.43060919      1.30769613
4704  760         0.97967995    -10.40885553      1.31542617
4705  760         0.96649773    -10.39636956      1.27645673
4706  760         0.91469451    -10.39578354      1.21939683
4707  760         0.86756079    -10.40103177      1.18118975
4708  760         0.84905232    -10.38932285      1.16953003
4709  760         0.87049291    -10.35775906      1.17382843
4710  760         0.89521196    -10.33288488      1.18960486
4711  760         0.90887236    -10.34571841      1.21671185
4712  760         0.91641234    -10.39819948      1.25420899
4713  760         0.90953333    -10.44527196      1.28816818
4714  760         0.89508782    -10.42662726      1.31977754
4715  760         0.87537808    -10.33418006      1.33992873
4716  760         0.85630514    -10.23427339      1.35347398
4717  760         0.83700462    -10.17781221      1.34473343
4718  760         0.83769742    -10.15649834      1.34117801
4719  760         0.88427155    -10.12009493      1.37545023
4720  760         0.99282264    -10.06525557      1.43150118
4721  760         1.12227891    -10.01103207      1.47014495
4722  760         1.23005606     -9.98046134      1.48534623
4723  760         1.29198333     -9.98991167      1.50120808
4724  760         1.28856614    -10.03353502      1.51327296
4725  760         1.23146973    -10.07839296      1.51373046
4726  760         1.17309548    -10.08583093      1.50908149
4727  760         1.16049150    -10.04217570      1.53800155
4728  760         1.17654235     -9.97081358      1.61034257
4729  760         1.19956480     -9.89163465      1.69852870
4730  760         1.22764865     -9.80658401      1.76758670
4731  760         1.26188224     -9.71904814      1.79195951
4732  760         1.28590617     -9.64810851      1.78696612
4733  760         1.30650405     -9.62364035      1.76830836
4734  760         1.33271960     -9.63391251      1.75385600
4735  760         1.37790107     -9.66148066      1.75387501
4736  760         1.44106759     -9.69644597      1.78541725
4737  760         1.51107857     -9.71955762      1.84245313
4738  760         1.54278145     -9.69636657      1.90441554
4739  760         1.53531929     -9.64214385      1.94521239
4740  760         1.52130978     -9.60854251      1.96454777
4741  760         1.50093802     -9.60737549      1.97908483
4742  760         1.47290077     -9.60732881      1.99193245
4743  760         1.41935906     -9.58905433      1.99653379
4744  760         1.38128611     -9.56640389      1.99159771
4745  760         1.38527047     -9.55301343      2.00352002
4746  760         1.41483393     -9.56234650      2.02721989
4747  760         1.45293614     -9.59030726      2.05614196
4748  760         1.49950438     -9.60952603      2.08992988
4749  760         1.54644218     -9.60354325      2.13411546
4750  760         1.57367035     -9.58288610      2.17707460
4751  760         1.55994453     -9.55676313      2.20027903
4752  760         1.51413965     -9.51602230      2.21613148
4753  760         1.46180297     -9.47989393      2.23296986
4754  760         1.39676756     -9.44109112      2.24155289
4755  760         1.32999088     -9.41997771      2.23140670
4756  760         1.28145125     -9.41384619      2.21248659
4757  760         1.26840764     -9.44334934      2.17693438
4758  760         1.28491246     -9.47686258      2.14939885
4759  760         1.32371619     -9.49449660      2.12489846
4760  760         1.36034854     -9.49912344      2.09498917
4761  760         1.37552398     -9.49485539      2.06774731
4762  760         1.36600962     -9.47919793      2.04664017
4763  760         1.35122640     -9.45831446      2.03647999
4764  760         1.35895756     -9.43920634      2.01240727
4765  760         1.36356161     -9.42091650      1.97141888
4766  760         1.36644643     -9.41634533      1.90363322
4767  760         1.35947329     -9.39802577      1.83246680
4768  760         1.38626483     -9.35794608      1.79269324
4769  760         1.41565817     -9.32686280      1.77000843
4770  760         1.44223149     -9.29934096      1.76149078
4771  760         1.47570282     -9.25483685      1.73355110
4772  760         1.51683967     -9.17888249      1.68462694
4773  760         1.55565534     -9.11210757      1.61746471
4774  760         1.59653172     -9.07089903      1.55682643
4775  760         1.66394797     -9.05162687      1.50952175
4776  760         1.73059322     -9.03189271      1.46678677
4777  760         1.76075321     -8.99391464      1.40789843
4778  760         1.74800561     -8.96865508      1.35546025
4779  760         1.74410037     -8.94226011      1.35081244
4780  760         1.76811966     -8.92235191      1.36761705
4781  760         1.78567350     -8.91219038      1.39072768
4782  760         1.77869486     -8.89919687      1.36456535
4783  760         1.75569995     -8.84919004      1.32615986
4784  760         1.74101315     -8.79239946      1.30980505
4785  760         1.72448666     -8.74813990      1.32299142
4786  760         1.71963937     -8.73829535      1.32855026
4787  760         1.72018142     -8.73914186      1.30851545
4788  760         1.72741433     -8.73834264      1.28391880
4789  760         1.73762952     -8.74458932      1.27956828
4790  760         1.72977292     -8.75342420      1.31654145
4791  760         1.70712767     -8.77368985      1.34873743
4792  760         1.67446546     -8.81285424      1.38708227
4793  760         1.67376898     -8.85351815      1.43337832
4794  760         1.70301693     -8.86808052      1.45313188
4795  760         1.76019067     -8.86934478      1.46920796
4796  760         1.81142788     -8.85212986      1.48545342
4797  760         1.84234094     -8.83654860      1.50935118
4798  760         1.83309356     -8.83960974      1.52496492
4799  760         1.80919349     -8.86260764      1.54793577
4800  760         1.76574998     -8.89975423      1.58963643
4801  760         1.68925655     -8.93720651      1.61969972
4802  760         1.60221344     -8.98607478      1.62909616
4803  760         1.53799401     -9.06164987      1.63680485
4804  760         1.49188231     -9.13797461      1.62269764
4805  760         1.44487124     -9.17503297      1.59810582
4806  760         1.39501471     -9.18007630      1.58645555
4807  760         1.31212761     -9.19002486      1.58609054
4808  760         1.23031178     -9.22466885      1.59713429
4809  760         1.16760028     -9.25650402      1.61034499
4810  760         1.14355234     -9.24950811      1.62051714
4811  760         1.12437907     -9.22505058      1.61646394
4812  760         1.09330751     -9.24227344      1.60832282
4813  760         1.06116373     -9.28275910      1.61955794
4814  760         1.03905249     -9.31912173      1.64868869
4815  760         1.01028725     -9.35364172      1.68536734
4816  760         0.98168813     -9.37791788      1.71409331
4817  760         0.94248587     -9.36559809      1.70101866
4818  760         0.90802068     -9.30697663      1.65184510
4819  760         0.88362423     -9.26892865      1.60356064
4820  760         0.88783663     -9.27714841      1.55258982
4821  760         0.93207227     -9.28329486      1.49294860
4822  760         0.98519777     -9.25078557      1.44114790
4823  760         1.02215252     -9.21929236      1.43322484
4824  760         1.03881557     -9.21262904      1.46351582
4825  760         1.01670244     -9.20130128      1.49395814
4826  760         0.94477779     -9.17324352      1.48396939
4827  760         0.83633921     -9.14679172      1.43419151
4828  760         0.72756033     -9.13654768      1.35336901
4829  760         0.67456418     -9.09583019      1.27730151
4830  760         0.67634928     -8.98909125      1.22555741
4831  760         0.68526567     -8.88376945      1.19547923
4832  760         0.68392341     -8.86818600      1.17985999
4833  760         0.67803707     -8.95957493      1.16710461
4834  760         0.67247943     -9.06906134      1.14896698
4835  760         0.66503845     -9.13006603      1.11785672
4836  760         0.66789497     -9.15653509      1.06114717
4837  760         0.67916008     -9.17823400      1.00718235
4838  760         0.71428871     -9.18416160      0.98513001
4839  760         0.75268804     -9.17043822      0.97385281
4840  760         0.78452221     -9.14342184      0.96762718
4841  760         0.79794787     -9.13983152      0.95171432
4842  760         0.82611407     -9.16377904      0.92228097
4843  760         0.88325803     -9.18259721      0.89997716
4844  760         0.92683740     -9.18173891      0.88773021
4845  760         0.92101133     -9.19919759      0.88176207
4846  760         0.88821166     -9.24462279      0.90157166
4847  760         0.87231958     -9.30497459      0.95518926
4848  760         0.87484940     -9.37247283      1.00985395
4849  760         0.88470318     -9.43275737      1.06380611
4850  909        -1.06162204    -10.65788973      0.12188407
4851  909        -1.03840538    -10.72870485      0.09462561
4852  909        -1.01342815    -10.78137695      0.08675060
4853  909        -1.00894196    -10.81472723      0.08128118
4854  909        -1.03038855    -10.84787022      0.05270522
4855  909        -1.07777586    -10.89895985      0.01749374
4856  909        -1.11559167    -10.96195300     -0.00653583
4857  909        -1.13303916    -10.98551112     -0.03089181
4858  909        -1.12441128    -10.95757706     -0.04508734
4859  909        -1.09151337    -10.93262463     -0.03588128
4860  909        -1.02096829    -10.95609132     -0.01310186
4861  909        -0.90882243    -11.01203344     -0.01022316
4862  909        -0.80360379    -11.05726828     -0.02938422
4863  909        -0.75183341    -11.09458632     -0.05720429
4864  909        -0.76507557    -11.12561100     -0.07694442
4865  909        -0.81327319    -11.14346280     -0.08509802
4866  909        -0.84209697    -11.12297200     -0.12844244
4867  909        -0.84582014    -11.06751616     -0.19015612
4868  909        -0.83517015    -10.99123203     -0.23064339
4869  909        -0.82800243    -10.90584981     -0.24156233
4870  909        -0.82905063    -10.82577702     -0.23872643
4871  909        -0.85961024    -10.75068527     -0.21754854
4872  909        -0.90979285    -10.70011235     -0.17938887
4873  909        -0.93083925    -10.69005293     -0.15121835
4874  909        -0.92434026    -10.72760956     -0.15898113
4875  909        -0.89567279    -10.79499351     -0.18480442
4876  909        -0.88782372    -10.84771944     -0.20655177
4877  909        -0.89994413    -10.86922424     -0.21209016
4878  909        -0.92880140    -10.87420326     -0.20416172
4879  909        -0.97589248    -10.87504996     -0.19696839
4880  909        -1.03039957    -10.88622271     -0.18105869
4881  909        -1.05645142    -10.89160961     -0.18169367
4882  909        -1.03833560    -10.90096100     -0.20311872
4883  909        -1.00845018    -10.92430798     -0.21328493
4884  909        -1.00494199    -10.95985017     -0.18988631
4885  909        -1.00333141    -11.00136702     -0.13915879
4886  909        -0.98480880    -11.02266265     -0.07305062
4887  909        -0.96005295    -11.02530438      0.01428542
4888  909        -0.94074465    -11.02799771      0.11675487
4889  909        -0.90483136    -11.02065956      0.23248219
4890  909        -0.83588841    -11.00061873      0.32883116
4891  909        -0.76012597    -10.98761940      0.38346176
4892  909        -0.70283256    -11.00844205      0.38405692
4893  909        -0.67557623    -11.06797362      0.34514872
4894  909        -0.66483352    -11.13760063      0.28836649
4895  909        -0.65644196    -11.19674694      0.22863330
4896  909        -0.65397481    -11.24689083      0.15796737
4897  909        -0.66718028    -11.29504828      0.08316708
4898  909        -0.69252817    -11.32579970      0.02226031
4899  909        -0.73918024    -11.34515612      0.00705968
4900  909        -0.79799989    -11.36006120      0.02723182
4901  909        -0.84578470    -11.34166690      0.04918533
4902  909        -0.84864707    -11.28089340      0.05846932
4903  909        -0.81596087    -11.21406303      0.03628092
4904  909        -0.80562183    -11.15186341     -0.00888117
4905  909        -0.83156146    -11.12734806     -0.06585892
4906  909        -0.87636366    -11.13110064     -0.11848729
4907  909        -0.91997632    -11.13835097     -0.17641334
4908  909        -0.95991168    -11.13118230     -0.25057966
4909  909        -0.99859382    -11.11495931     -0.33871583
4910  909        -1.03902664    -11.10346585     -0.40724937
4911  909        -1.07167381    -11.09245428     -0.43380991
4912  909        -1.07625993    -11.07254095     -0.42874626
4913  909        -1.04793627    -11.03937911     -0.41205445
4914  909        -1.00631746    -11.01135902     -0.37225191
4915  909        -0.96876654    -11.00271299     -0.28535475
4916  909        -0.92804223    -11.02129011     -0.18405942
4917  909        -0.86633483    -11.05498581     -0.09817878
4918  909        -0.80690297    -11.08068095     -0.03181704
4919  909        -0.75785330    -11.08484395      0.00724006
4920  909        -0.71801846    -11.08288369      0.01270586
4921  909        -0.68378571    -11.08523358     -0.00369926
4922  909        -0.65368900    -11.09948988     -0.02733773
4923  909        -0.62701070    -11.12611024     -0.02329360
4924  909        -0.60165682    -11.16696612     -0.00663362
4925  909        -0.58816199    -11.21517860     -0.00329176
4926  909        -0.58877056    -11.25529517     -0.01278253
4927  909        -0.60139309    -11.30570521     -0.03710571
4928  909        -0.61789632    -11.36968804     -0.05664662
4929  909        -0.63407298    -11.44502159     -0.08398602
4930  909        -0.65100093    -11.50163520     -0.12198633
4931  909        -0.67747619    -11.53230599     -0.17761633
4932  909        -0.69881085    -11.53674388     -0.23223025
4933  909        -0.70899487    -11.52869732     -0.28557181
4934  909        -0.71880183    -11.52070940     -0.33448700
4935  909        -0.74040185    -11.51576322     -0.35239456
4936  909        -0.76258273    -11.52596334     -0.33978450
4937  909        -0.76896298    -11.55243088     -0.31268105
4938  909        -0.75478269    -11.60432539     -0.27981783
4939  909        -0.71998828    -11.66883978     -0.23849322
4940  909        -0.68458155    -11.73021427     -0.19323900
4941  909        -0.66907015    -11.76277228     -0.17541562
4942  909        -0.68511635    -11.76082247     -0.20354037
4943  909        -0.71170524    -11.72696439     -0.24121823
4944  909        -0.73335631    -11.68828398     -0.26739116
4945  909        -0.72593424    -11.67290440     -0.27813222
4946  909        -0.68566316    -11.68291275     -0.27712343
4947  909        -0.63957648    -11.71308005     -0.25496967
4948  909        -0.59768427    -11.74711535     -0.22941470
4949  909        -0.55971625    -11.79637630     -0.21572422
4950  909        -0.51700773    -11.83747693     -0.22102819
4951  909        -0.47362697    -11.85121867     -0.24379861
4952  909        -0.42449681    -11.80766425     -0.26342859
4953  909        -0.39543807    -11.74151505     -0.27871635
4954  909        -0.40357659    -11.69458444     -0.28736911
4955  909        -0.46923054    -11.66425888     -0.26995217
4956  909        -0.57789843    -11.63650667     -0.22362453
4957  909        -0.68686465    -11.62152878     -0.17943363
4958  909        -0.78899208    -11.63026650     -0.13495133
4959  909        -0.85683705    -11.63387348     -0.07168602
4960  909        -0.87310972    -11.63301440     -0.00486583
4961  909        -0.85071828    -11.61630774      0.06602672
4962  909        -0.83023457    -11.61431987      0.12288057
4963  909        -0.81955814    -11.62805248      0.16266786
4964  909        -0.81432428    -11.64588919      0.18056250
4965  909        -0.80558069    -11.63338957      0.21692947
4966  909        -0.79836742    -11.59953168      0.30862577
4967  909        -0.78921983    -11.56179308      0.44370509
4968  909        -0.76653746    -11.52056448      0.57129372
4969  909        -0.75597694    -11.47588201      0.67429488
4970  909        -0.77238744    -11.43339090      0.76510295
4971  909        -0.80635906    -11.41218467      0.83676552
4972  909        -0.85165751    -11.40074297      0.88090189
4973  909        -0.89778683    -11.41413685      0.90540687
4974  909        -0.93564657    -11.41101614      0.94362867
4975  909        -0.97145246    -11.38433022      0.99066144
4976  909        -0.98581779    -11.34094982      1.02959273
4977  909        -0.97270871    -11.30829208      1.04668052
4978  909        -0.94447871    -11.29475114      1.06601856
4979  909        -0.90684660    -11.28136378      1.09812472
4980  909        -0.86935687    -11.25723071      1.10987832
4981  909        -0.86134744    -11.22337670      1.07151988
4982  909        -0.89490113    -11.18546262      1.00609779
4983  909        -0.95018746    -11.14123808      0.95174237
4984  909        -1.01496395    -11.10107473      0.90122197
4985  909        -1.05563457    -11.05382630      0.84806821
4986  909        -1.05258936    -11.00799398      0.81151249
4987  909        -1.00679962    -10.94965579      0.79412871
4988  909        -0.95110343    -10.89758741      0.79953173
4989  909        -0.90692981    -10.87675105      0.78272002
4990  909        -0.86987183    -10.88064428      0.72119283
4991  909        -0.85289009    -10.87997991      0.65159076
4992  909        -0.86293887    -10.86414184      0.61054471
4993  909        -0.89650080    -10.84256195      0.58413136
4994  909        -0.92888394    -10.82025067      0.56349223
4995  909        -0.93699577    -10.77314709      0.55172416
4996  909        -0.91559496    -10.70464205      0.56292540
4997  909        -0.88554815    -10.63732505      0.57913098
4998  909        -0.86022091    -10.55844075      0.58485441
4999  909        -0.83020018    -10.47418044      0.56199655
5000  909        -0.80262061    -10.40512846      0.50758272
