0     856         0.10671612     -0.68217468     -0.62358157
1     856         0.10891556     -0.73542613     -0.61521483
2     856         0.11076436     -0.79474295     -0.60863313
3     856         0.11986492     -0.83838567     -0.62678443
4     856         0.14917589     -0.84412094     -0.67190136
5     856         0.18851464     -0.82176860     -0.71271828
6     856         0.23632342     -0.79343543     -0.72662954
7     856         0.28631592     -0.78341999     -0.71140808
8     856         0.33880524     -0.77746802     -0.69840843
9     856         0.40168411     -0.77920609     -0.70816685
10    856         0.45235840     -0.78633758     -0.73034750
11    856         0.48082406     -0.81713744     -0.73284552
12    856         0.50911816     -0.87497844     -0.70719588
13    856         0.55397324     -0.91232470     -0.67423451
14    856         0.59666706     -0.91957089     -0.66396748
15    856         0.63197816     -0.90384877     -0.66617707
16    856         0.67041220     -0.90359880     -0.66973114
17    856         0.72008535     -0.90647628     -0.66217957
18    856         0.77338714     -0.89634710     -0.65142301
19    856         0.83348456     -0.87087689     -0.62199072
20    856         0.89273537     -0.84908054     -0.56863459
21    856         0.94787341     -0.83483257     -0.50944223
22    856         0.98224200     -0.83235956     -0.48846953
23    856         0.96660056     -0.83474550     -0.53493270
24    856         0.91855654     -0.83717105     -0.61140154
25    856         0.87543522     -0.84969114     -0.66602651
26    856         0.86228904     -0.85188156     -0.66541130
27    856         0.87398379     -0.84369598     -0.61497837
28    856         0.91083706     -0.82490043     -0.55422251
29    856         0.94598454     -0.78040465     -0.51473215
30    856         0.96453431     -0.71913941     -0.48952016
31    856         0.97581437     -0.69372402     -0.47020963
32    856         0.96065706     -0.71107411     -0.45859475
33    856         0.91625168     -0.77294313     -0.46349482
34    856         0.86389471     -0.85621548     -0.48865715
35    856         0.83696994     -0.91101048     -0.49285651
36    856         0.83978099     -0.91652430     -0.45394059
37    856         0.84882143     -0.88785454     -0.36757800
38    856         0.86011526     -0.86424357     -0.24118202
39    856         0.88997650     -0.84995681     -0.12228005
40    856         0.93384443     -0.83635597     -0.05773099
41    856         0.96824400     -0.81712544     -0.02567414
42    856         0.99424487     -0.81514833     -0.01364149
43    856         1.01125156     -0.83547547     -0.01544310
44    856         1.00870077     -0.87069024     -0.00465983
45    856         0.97895657     -0.90467586     -0.01066537
46    856         0.94721095     -0.94175262     -0.03190125
47    856         0.91393009     -0.98249563     -0.04214289
48    856         0.90292074     -1.02451114     -0.03345263
49    856         0.90330979     -1.03680629     -0.04057136
50    856         0.89292753     -0.99903340     -0.07006216
51    856         0.86863738     -0.94685131     -0.07876530
52    856         0.85310675     -0.91772709     -0.07366533
53    856         0.85905783     -0.91514836     -0.08844681
54    856         0.84304667     -0.91210078     -0.12390593
55    856         0.80150593     -0.90516444     -0.16098796
56    856         0.75010478     -0.90766969     -0.18740587
57    856         0.72392932     -0.91702195     -0.20461654
58    856         0.71167555     -0.94215350     -0.20194769
59    856         0.70428951     -0.96384459     -0.16219084
60    856         0.72248380     -0.95440606     -0.10480393
61    856         0.77138774     -0.91071346     -0.05331992
62    856         0.81014186     -0.86484392     -0.04042867
63    856         0.82311392     -0.85451074     -0.07318594
64    856         0.80883913     -0.86296400     -0.12340211
65    856         0.77255477     -0.84586296     -0.15586774
66    856         0.75163136     -0.81124706     -0.15427919
67    856         0.76662667     -0.77194328     -0.11293480
68    856         0.81336446     -0.70926331     -0.05150398
69    856         0.86499902     -0.61972001      0.00192010
70    856         0.93306930     -0.54368829      0.04153844
71    856         1.00974348     -0.49525668      0.06876140
72    856         1.10604956     -0.46695597      0.08796729
73    856         1.21058832     -0.45965688      0.09271511
74    856         1.28951783     -0.44512674      0.10056798
75    856         1.33743018     -0.42679719      0.08903007
76    856         1.37108853     -0.42270288      0.05852045
77    856         1.38951979     -0.44300934      0.03620521
78    856         1.37193996     -0.47716335      0.02316954
79    856         1.32740720     -0.51419622      0.01157772
80    856         1.27655065     -0.55928742      0.00966827
81    856         1.22568137     -0.60017926      0.02684156
82    856         1.17450495     -0.64431619      0.04966964
83    856         1.11656908     -0.69534502      0.05292154
84    856         1.04264737     -0.76896079      0.02168856
85    856         0.95411629     -0.84816453     -0.01581438
86    856         0.87400655     -0.90554949     -0.01905386
87    856         0.80517800     -0.94211335      0.00980340
88    856         0.74314662     -0.97351132      0.05567222
89    856         0.69307838     -1.00479444      0.10945714
90    856         0.65180969     -1.02982046      0.16400530
91    856         0.61119883     -1.03371243      0.19517774
92    856         0.58497788     -1.01765894      0.21144394
93    856         0.59986194     -1.01034288      0.23482288
94    856         0.62102374     -0.98777792      0.28625831
95    856         0.60272441     -0.95887815      0.35751607
96    856         0.56215881     -0.95214451      0.42087164
97    856         0.53729839     -0.98723335      0.45921884
98    856         0.52398967     -1.03056600      0.47351737
99    856         0.49480899     -1.05889177      0.47776046
100   856         0.47499438     -1.07888965      0.47285383
101   856         0.49269360     -1.09046760      0.45963587
102   856         0.53904892     -1.09250561      0.42145275
103   856         0.57884543     -1.08218265      0.38909388
104   856         0.58991717     -1.07591375      0.38837520
105   856         0.58645220     -1.08230429      0.41461959
106   856         0.58321440     -1.10403141      0.44365003
107   856         0.57663027     -1.13102903      0.45951829
108   856         0.54906926     -1.15603554      0.46253694
109   856         0.52320767     -1.18931535      0.44670819
110   856         0.51492344     -1.23015043      0.39417736
111   856         0.50759713     -1.26313541      0.30584096
112   856         0.50033165     -1.29363127      0.21200817
113   856         0.50706462     -1.35047909      0.14252062
114   856         0.51612861     -1.43838407      0.11654753
115   856         0.49472945     -1.52356749      0.13381939
116   856         0.43500771     -1.56894661      0.15504900
117   856         0.37013753     -1.59719740      0.14846707
118   856         0.32641670     -1.60947454      0.10495009
119   856         0.29460843     -1.60080959      0.06483135
120   856         0.26585329     -1.59377705      0.03568596
121   856         0.26210913     -1.60907571      0.00882689
122   856         0.28106230     -1.66085905     -0.01276683
123   856         0.30888087     -1.72217363     -0.01764219
124   856         0.32424350     -1.77248855     -0.02450962
125   856         0.34407722     -1.82692648     -0.04749686
126   856         0.37724571     -1.89883647     -0.06123765
127   856         0.40443098     -1.96536943     -0.05605419
128   856         0.41732121     -2.01381609     -0.03292546
129   856         0.42451535     -2.03698481     -0.02120509
130   856         0.43514756     -2.02846609     -0.01185900
131   856         0.45540456     -1.99720019     -0.00799519
132   856         0.46355637     -1.95085674     -0.00264199
133   856         0.45499595     -1.91536102      0.01612183
134   856         0.44815037     -1.91861590      0.05000094
135   856         0.44057503     -1.96796058      0.08295653
136   856         0.41037359     -2.03952530      0.10777509
137   856         0.36222020     -2.10814446      0.13622219
138   856         0.31872548     -2.16825785      0.17560575
139   856         0.28983955     -2.21736475      0.20362423
140   856         0.26710214     -2.27106270      0.19863229
141   856         0.23459088     -2.28803707      0.18964329
142   856         0.20247469     -2.27326710      0.20408262
143   856         0.16286074     -2.24156715      0.22404197
144   856         0.12948244     -2.22409431      0.23623906
145   856         0.10116105     -2.23497989      0.24753578
146   856         0.05866777     -2.27047796      0.24412798
147   856        -0.00853722     -2.30336092      0.22764307
148   856        -0.09391503     -2.30751576      0.21149370
149   856        -0.19550828     -2.29683320      0.20471971
150   856        -0.30958938     -2.27937778      0.19677965
151   856        -0.41257962     -2.27514159      0.18668074
152   856        -0.47762460     -2.26908254      0.17742535
153   856        -0.50475100     -2.26775889      0.15348432
154   856        -0.51877282     -2.27780204      0.10171372
155   856        -0.51867745     -2.31467252      0.03262738
156   856        -0.51651377     -2.39456343     -0.02500590
157   856        -0.52663344     -2.46524995     -0.09322755
158   856        -0.54284620     -2.51654848     -0.12983734
159   856        -0.54676139     -2.54138511     -0.13722700
160   856        -0.54708369     -2.53746847     -0.13712809
161   856        -0.52635848     -2.53493301     -0.11759364
162   856        -0.49719069     -2.52286671     -0.08876543
163   856        -0.45029874     -2.49763608     -0.07770351
164   856        -0.40054917     -2.48663892     -0.06690399
165   856        -0.37020364     -2.49132580     -0.05322391
166   856        -0.38204618     -2.51339262     -0.04427048
167   856        -0.41216120     -2.55322702     -0.01823684
168   856        -0.42679406     -2.62168407      0.01951141
169   856        -0.42174291     -2.69320146      0.04640378
170   856        -0.38279604     -2.75951567      0.04893238
171   856        -0.32002377     -2.79443536      0.04291483
172   856        -0.26342613     -2.77661218      0.05733144
173   856        -0.23798416     -2.72020779      0.08576268
174   856        -0.22521041     -2.65101954      0.09343102
175   856        -0.18415258     -2.58039933      0.06011742
176   856        -0.13582552     -2.52820146      0.01156375
177   856        -0.11414928     -2.51043936     -0.02696599
178   856        -0.12894099     -2.51166063     -0.03230451
179   856        -0.16225294     -2.50136579     -0.02435651
180   856        -0.18391897     -2.46835435     -0.00986830
181   856        -0.15372747     -2.42968311      0.01669201
182   856        -0.09902650     -2.37876492      0.04967090
183   856        -0.03870406     -2.32940878      0.07326158
184   856         0.03849261     -2.26760435      0.08982683
185   856         0.12890393     -2.19467412      0.09941056
186   856         0.19779423     -2.14526796      0.09378032
187   856         0.21385361     -2.11958730      0.07067009
188   856         0.20630754     -2.11075278      0.03486225
189   856         0.19686278     -2.09424773     -0.00094171
190   856         0.16920516     -2.04113470     -0.02166042
191   856         0.13110340     -1.94657354     -0.00001205
192   856         0.10934497     -1.85245662      0.03814904
193   856         0.10884632     -1.77563792      0.04307881
194   856         0.11587553     -1.71464677      0.00392845
195   856         0.12034265     -1.67693952     -0.05803838
196   856         0.13071550     -1.66719268     -0.12349039
197   856         0.13933903     -1.66532660     -0.18670580
198   856         0.14981009     -1.67191342     -0.23794610
199   856         0.16601017     -1.69396163     -0.25833591
200   856         0.18144358     -1.72534970     -0.24633503
201   856         0.17845819     -1.73822664     -0.21598345
202   856         0.15133163     -1.70402783     -0.18079961
203   856         0.12383239     -1.63954444     -0.18020627
204   856         0.11450989     -1.56771664     -0.23595266
205   856         0.11818251     -1.50073363     -0.32994504
206   856         0.14566919     -1.45716170     -0.43452899
207   856         0.19719997     -1.46163474     -0.51240351
208   856         0.24596059     -1.51124417     -0.53380345
209   856         0.23550414     -1.53367368     -0.50312630
210   856         0.15617517     -1.49630490     -0.44956940
211   856         0.05216710     -1.44312314     -0.38814466
212   856        -0.00571278     -1.39932548     -0.32215560
213   856        -0.01834355     -1.37082977     -0.25001353
214   856        -0.02439577     -1.34855402     -0.20099596
215   856        -0.04440843     -1.32786766     -0.18178030
216   856        -0.07267612     -1.30064493     -0.18645836
217   856        -0.09123337     -1.26479534     -0.22182271
218   856        -0.10834366     -1.22427271     -0.30132375
219   856        -0.11892676     -1.18699349     -0.40052775
220   856        -0.12678516     -1.15612817     -0.47069452
221   856        -0.13828380     -1.13102775     -0.48609714
222   856        -0.15797701     -1.13596174     -0.45762335
223   856        -0.16156054     -1.18504230     -0.43392765
224   856        -0.14566147     -1.25280329     -0.42094652
225   856        -0.11986038     -1.29343657     -0.40221293
226   856        -0.11072921     -1.29300508     -0.36971249
227   856        -0.14420640     -1.28142228     -0.34500511
228   856        -0.20536738     -1.26301149     -0.35888499
229   856        -0.27409860     -1.24240442     -0.40409576
230   856        -0.31932914     -1.22685774     -0.46016296
231   856        -0.34453291     -1.23246136     -0.49341632
232   856        -0.38389923     -1.21976641     -0.49903898
233   856        -0.41590523     -1.19777360     -0.47057423
234   856        -0.42970503     -1.19796608     -0.44115760
235   907        -0.85032208      1.14930402      0.08695796
236   907        -0.87496731      1.18423009      0.11879042
237   907        -0.90353537      1.24687239      0.16100467
238   907        -0.92912439      1.30805784      0.21456638
239   907        -0.93984639      1.36089301      0.26964837
240   907        -0.94784505      1.37494785      0.29813265
241   907        -0.94932560      1.36378468      0.28523732
242   907        -0.96175414      1.35877546      0.23245254
243   907        -0.95359420      1.38335952      0.17953574
244   907        -0.92612724      1.42618584      0.14586866
245   907        -0.89082580      1.47624560      0.15014055
246   907        -0.87723380      1.52959508      0.18770061
247   907        -0.89219379      1.56343815      0.22540540
248   907        -0.92361763      1.58227778      0.24812013
249   907        -0.97512699      1.60826444      0.25826573
250   907        -1.02465675      1.66873241      0.27520385
251   907        -1.05327823      1.73048214      0.30279896
252   907        -1.04168531      1.78395526      0.33600284
253   907        -1.02098355      1.81154910      0.36085819
254   907        -1.00808812      1.82796243      0.37353707
255   907        -1.01485653      1.82975367      0.37710322
256   907        -1.02886653      1.82768795      0.35435836
257   907        -1.03100595      1.84747726      0.32673207
258   907        -1.00952037      1.87571348      0.32032371
259   907        -0.96880244      1.89698438      0.32352430
260   907        -0.95025033      1.90365645      0.31463920
261   907        -0.95263364      1.91935088      0.30678809
262   907        -0.97624860      1.91164585      0.28588992
263   907        -1.01559507      1.89691377      0.25955970
264   907        -1.07565398      1.89382720      0.21981893
265   907        -1.12971958      1.90153710      0.18988054
266   907        -1.13227760      1.90825240      0.16055449
267   907        -1.10980647      1.88954320      0.14998115
268   907        -1.10490215      1.87160030      0.13062942
269   907        -1.17979383      1.87166386      0.08690850
270   907        -1.28553437      1.88460759      0.02435935
271   907        -1.35532769      1.87632716     -0.01831570
272   907        -1.36052077      1.84344118     -0.03964428
273   907        -1.35108104      1.80827328     -0.06534456
274   907        -1.36103338      1.79874081     -0.11685356
275   907        -1.38360528      1.78929485     -0.20771788
276   907        -1.38704376      1.75950615     -0.32769985
277   907        -1.38725001      1.70590573     -0.46095986
278   907        -1.40469373      1.66214409     -0.56820416
279   907        -1.43953263      1.66653656     -0.64287393
280   907        -1.46960860      1.70527963     -0.69312586
281   907        -1.49079206      1.73930765     -0.71684058
282   907        -1.50684369      1.74670657     -0.71139988
283   907        -1.51233019      1.75140633     -0.68722930
284   907        -1.51701204      1.74711222     -0.68092307
285   907        -1.50625196      1.71961195     -0.70892310
286   907        -1.46797641      1.69901057     -0.75160012
287   907        -1.40771147      1.72626943     -0.78016816
288   907        -1.35560332      1.79602394     -0.79459009
289   907        -1.31294951      1.87915424     -0.80094299
290   907        -1.27112079      1.91115558     -0.80418280
291   907        -1.21775543      1.90374072     -0.78778099
292   907        -1.16120275      1.87463509     -0.75830730
293   907        -1.14204576      1.84580359     -0.72932169
294   907        -1.18689978      1.82654167     -0.71317585
295   907        -1.26536411      1.82994483     -0.69492412
296   907        -1.30594286      1.86235007     -0.66164942
297   907        -1.28508511      1.90103279     -0.62210222
298   907        -1.20313783      1.93591351     -0.58668350
299   907        -1.12326469      1.95709422     -0.56170125
300   907        -1.09298091      1.98444210     -0.54207380
301   907        -1.09024288      2.00838796     -0.54757683
302   907        -1.09783930      2.01697912     -0.57035203
303   907        -1.09978030      2.00571546     -0.59283819
304   907        -1.10852525      1.98724345     -0.61759758
305   907        -1.11863895      1.98016692     -0.66410670
306   907        -1.12634057      1.97266132     -0.71536043
307   907        -1.10411791      1.98728939     -0.75181808
308   907        -1.04328187      2.02470444     -0.78956085
309   907        -0.95984342      2.07155320     -0.82259109
310   907        -0.88450888      2.10189640     -0.83734678
311   907        -0.82851088      2.11134087     -0.81227872
312   907        -0.79852190      2.09589975     -0.76831493
313   907        -0.79737163      2.06356909     -0.73024483
314   907        -0.81550800      2.02079515     -0.70487082
315   907        -0.84526082      1.96298083     -0.69060713
316   907        -0.87052028      1.91590646     -0.69307576
317   907        -0.90159875      1.90280399     -0.70319090
318   907        -0.93745561      1.92235436     -0.72192185
319   907        -0.96328269      1.95611634     -0.76211906
320   907        -0.96946097      1.98269969     -0.81433374
321   907        -0.95376172      1.98876691     -0.84957826
322   907        -0.94040965      1.97414144     -0.85005885
323   907        -0.93609205      1.95574616     -0.82816004
324   907        -0.95360366      1.94886014     -0.79558489
325   907        -0.96941562      1.94401071     -0.76715697
326   907        -0.98033209      1.93964687     -0.74670541
327   907        -0.99290846      1.94278187     -0.75638757
328   907        -0.99055060      1.94897475     -0.77466954
329   907        -0.96289056      1.97293491     -0.78100097
330   907        -0.93733252      2.01712909     -0.77785798
331   907        -0.93310758      2.06827481     -0.77577620
332   907        -0.93653658      2.11056197     -0.76706714
333   907        -0.95509235      2.15297303     -0.77210073
334   907        -0.99382660      2.22603409     -0.77955212
335   907        -1.03934057      2.30463550     -0.77142459
336   907        -1.06926691      2.33718097     -0.74967420
337   907        -1.06789363      2.32344508     -0.71731412
338   907        -1.04038908      2.31882567     -0.69262644
339   907        -1.01650749      2.33820929     -0.67036932
340   907        -1.00296093      2.36400916     -0.64690893
341   907        -0.98812733      2.39318285     -0.60694462
342   907        -0.97437369      2.44221331     -0.55991634
343   907        -0.97541156      2.51303401     -0.51746612
344   907        -1.00252422      2.56341456     -0.49509326
345   907        -1.03140658      2.57314579     -0.48150570
346   907        -1.04628413      2.54540096     -0.46886708
347   907        -1.04393751      2.50948667     -0.47748565
348   907        -1.04258667      2.49206767     -0.50270484
349   907        -1.04893704      2.49589508     -0.51633425
350   907        -1.06350270      2.50164853     -0.49931113
351   907        -1.07405969      2.52514151     -0.47089239
352   907        -1.06593754      2.59777510     -0.43133368
353   907        -1.04279548      2.71544866     -0.38864943
354   907        -1.02106444      2.82318604     -0.35189421
355   907        -1.01441856      2.86091611     -0.32679725
356   907        -1.01026928      2.85417015     -0.30065231
357   907        -1.00812248      2.87824487     -0.27536549
358   907        -1.01475355      2.94563485     -0.26020704
359   907        -1.03148629      3.03975519     -0.25173098
360   907        -1.06033148      3.13522977     -0.25050764
361   907        -1.09850377      3.19632883     -0.25143456
362   907        -1.12979617      3.21145839     -0.24805096
363   907        -1.15161185      3.18894811     -0.23858255
364   907        -1.16344808      3.16145054     -0.25576377
365   907        -1.18785401      3.14323781     -0.30204015
366   907        -1.22526578      3.14419907     -0.36863890
367   907        -1.27181728      3.15046448     -0.41645729
368   907        -1.32270671      3.14418080     -0.45370116
369   907        -1.36217090      3.12014545     -0.47660799
370   907        -1.39797058      3.10719567     -0.48579652
371   907        -1.42379394      3.11074747     -0.48576606
372   907        -1.44719947      3.11407254     -0.46381282
373   907        -1.45904023      3.08848588     -0.45114413
374   907        -1.45486616      3.00681884     -0.47018065
375   907        -1.43500793      2.92122217     -0.50502485
376   907        -1.44634842      2.89024131     -0.52901546
377   907        -1.49694593      2.90717871     -0.56295138
378   907        -1.56528707      2.93082277     -0.60605606
379   907        -1.62024397      2.95690348     -0.64287457
380   907        -1.65131279      2.99360547     -0.65237313
381   907        -1.66762900      3.04590433     -0.63936618
382   907        -1.67137104      3.10472050     -0.61627451
383   907        -1.67022200      3.12975230     -0.58926534
384   907        -1.66246885      3.12191395     -0.55520054
385   907        -1.65427081      3.09748205     -0.51390551
386   907        -1.65158655      3.07777757     -0.48375892
387   907        -1.66150850      3.08987341     -0.47120444
388   907        -1.67044457      3.14309208     -0.48898331
389   907        -1.68223614      3.21155917     -0.51704610
390   907        -1.70656205      3.26844235     -0.53038415
391   907        -1.72249982      3.30826560     -0.50924835
392   907        -1.71613909      3.32975477     -0.47741642
393   907        -1.67881329      3.33762699     -0.45011131
394   907        -1.62934453      3.34167919     -0.42274478
395   907        -1.57724349      3.36677353     -0.40211947
396   907        -1.53309104      3.42855521     -0.37779008
397   907        -1.50545409      3.52105153     -0.36124120
398   907        -1.49553849      3.61095474     -0.34073983
399   907        -1.47570091      3.67963167     -0.30955313
400   907        -1.45980272      3.71528408     -0.25462246
401   907        -1.44416563      3.71628321     -0.19790090
402   907        -1.43488730      3.69709542     -0.16329133
403   907        -1.44076498      3.67221352     -0.14118797
404   907        -1.45572553      3.65559655     -0.13961055
405   907        -1.46970269      3.64805051     -0.15862785
406   907        -1.47005585      3.66150635     -0.20983356
407   907        -1.46501040      3.70645437     -0.25926652
408   907        -1.46554467      3.76478558     -0.30278691
409   907        -1.46592113      3.79513002     -0.32943500
410   907        -1.46208022      3.78347071     -0.34941345
411   907        -1.46517990      3.75498621     -0.36031807
412   907        -1.47330388      3.74609016     -0.36752504
413   907        -1.50263726      3.76201644     -0.38061974
414   907        -1.54636543      3.77684881     -0.39630187
415   907        -1.57766135      3.78231789     -0.40701671
416   907        -1.57162755      3.77116214     -0.40168616
417   907        -1.53653610      3.74482031     -0.40502343
418   907        -1.49062197      3.71371860     -0.41930691
419   907        -1.44367715      3.69019950     -0.45238285
420   907        -1.39416644      3.67434802     -0.47622923
421   907        -1.35755865      3.65859445     -0.50121945
422   907        -1.36648261      3.64043019     -0.51631820
423   907        -1.41699302      3.61302939     -0.51864051
424   907        -1.49477625      3.59117868     -0.51824052
425   907        -1.54837934      3.58737513     -0.53695779
426   907        -1.55834550      3.58957252     -0.56880108
427   907        -1.53136961      3.56842732     -0.58719476
428   907        -1.49471887      3.51378393     -0.59800591
429   907        -1.47401177      3.44658255     -0.59966274
430   907        -1.47824153      3.38806558     -0.59380121
431   907        -1.50199064      3.33452016     -0.57631514
432   907        -1.53035950      3.27543875     -0.56407336
433   907        -1.57691947      3.21882066     -0.55588458
434   907        -1.64297788      3.17443964     -0.57270858
435   907        -1.70860385      3.15076238     -0.61356348
436   907        -1.75328658      3.13957469     -0.66187984
437   907        -1.81566743      3.12648977     -0.71834364
438   907        -1.91274117      3.10549917     -0.75917036
439   907        -2.00847023      3.07194601     -0.77421496
440   907        -2.06139828      3.02203386     -0.78308654
441   907        -2.06995328      2.96364784     -0.82637365
442   907        -2.02759420      2.90562976     -0.87065840
443   907        -1.97362793      2.84915601     -0.90102457
444   907        -1.95191953      2.80775616     -0.89689027
445   907        -1.92012444      2.77798593     -0.84508094
446   907        -1.90211547      2.75182516     -0.76256836
447   907        -1.88474277      2.71325192     -0.67160512
448   907        -1.83298066      2.65604140     -0.57140151
449   907        -1.76202618      2.60726701     -0.49267086
450   907        -1.71362697      2.55843573     -0.43527955
451   907        -1.69597756      2.51087963     -0.38189196
452   907        -1.68238090      2.47645568     -0.34271386
453   907        -1.64431223      2.47770988     -0.31144070
454   907        -1.58410199      2.50953189     -0.29000022
455   907        -1.51678941      2.53806510     -0.27916355
456   907        -1.45520556      2.54027281     -0.29739299
457   907        -1.41325478      2.52013071     -0.32796546
458   907        -1.38641399      2.48629996     -0.34861752
459   907        -1.37989072      2.45602873     -0.35316154
460   907        -1.38144918      2.44413973     -0.32616315
461   907        -1.38590770      2.43987608     -0.27188287
462   907        -1.38043817      2.43391848     -0.21668060
463   907        -1.37245870      2.42211815     -0.17323407
464   907        -1.37151959      2.40993303     -0.14282383
465   907        -1.38079689      2.41117419     -0.10725861
466   907        -1.38332149      2.44231882     -0.06404211
467   907        -1.36408241      2.49590953     -0.04998848
468   907        -1.33146944      2.53412290     -0.09372184
469   907        -1.30013498      2.52006000     -0.18047903
470   907        -1.26826822      2.46887865     -0.26849658
471   907        -1.22672411      2.40399095     -0.33015715
472   907        -1.18216522      2.32792902     -0.37010697
473   907        -1.12423282      2.25771003     -0.40644133
474   907        -1.06353858      2.20970392     -0.43824934
475   907        -1.02706667      2.20566478     -0.44184581
476   907        -1.03378713      2.25374852     -0.43213696
477   907        -1.07579035      2.32638147     -0.41113727
478   907        -1.13208608      2.37592438     -0.37357383
479   907        -1.18358050      2.38829424     -0.34215069
480   907        -1.18341364      2.34279588     -0.32198879
481   907        -1.14585374      2.25099749     -0.32151508
482   907        -1.09335498      2.15211957     -0.33380957
483   907        -1.03551504      2.05950908     -0.34086497
484   907        -1.02515812      1.97112710     -0.35412980
485   907        -1.05484940      1.90325736     -0.38697837
486   907        -1.09874631      1.87621901     -0.41932461
487   907        -1.11209556      1.88802781     -0.44557764
488   907        -1.10576590      1.89506117     -0.47939038
489   907        -1.10816037      1.88411328     -0.51945927
490   907        -1.12442100      1.86443106     -0.54492171
491   907        -1.13257294      1.84266817     -0.54372980
492   907        -1.11690429      1.80432204     -0.53342046
493   907        -1.09562048      1.74182027     -0.53814636
494   907        -1.10771990      1.67037958     -0.56507217
495   907        -1.16320837      1.62486872     -0.61810626
496   907        -1.22411306      1.60185021     -0.69445670
497   907        -1.26061911      1.57133760     -0.75126438
498   907        -1.28313381      1.53242855     -0.79986892
499   907        -1.32761267      1.49129650     -0.82509335
500   907        -1.37630948      1.45649245     -0.82096568
501   907        -1.40645275      1.44494367     -0.79205436
502   907        -1.40871583      1.44527556     -0.74706685
503   907        -1.40876700      1.41306871     -0.70625365
504   907        -1.40626152      1.34363044     -0.68541709
505   907        -1.38797495      1.24379140     -0.68251349
506   907        -1.35973226      1.15547931     -0.66818160
507   907        -1.31593293      1.11927606     -0.66324667
508   907        -1.28195290      1.11494159     -0.67041926
509   907        -1.24433121      1.10410587     -0.70224142
510   907        -1.20303505      1.08559192     -0.75311614
511   907        -1.17072474      1.09510151     -0.79958114
512   907        -1.16494985      1.12574806     -0.81770611
513   907        -1.15555989      1.15645824     -0.81372176
514   907        -1.12350735      1.17293507     -0.81902486
515   907        -1.07179629      1.19715072     -0.84310090
516   907        -1.02055525      1.23434427     -0.86990214
517   907        -0.96444802      1.23503925     -0.89540363
518   907        -0.89805681      1.21079949     -0.91554387
519   907        -0.83363244      1.19632334     -0.92893035
520   907        -0.79445047      1.20976673     -0.93115000
521   907        -0.80633513      1.23274359     -0.91602449
522   907        -0.84259074      1.26219805     -0.88135150
523   907        -0.86102596      1.28907435     -0.83111480
524   907        -0.84482240      1.29885394     -0.80987415
525   907        -0.79154958      1.27117357     -0.83554656
526   907        -0.68395404      1.22447867     -0.89284536
527   907        -0.54002115      1.18650975     -0.93970128
528   907        -0.40703237      1.17415426     -0.96240962
529   907        -0.35953473      1.16802980     -0.98954767
530   907        -0.39885152      1.15348140     -1.04206666
531   907        -0.43868673      1.14452162     -1.10091377
532   907        -0.43762850      1.13525158     -1.14586617
533   907        -0.42484356      1.12136668     -1.17666074
534   907        -0.40423340      1.08783267     -1.18305089
535   907        -0.35630165      1.04354474     -1.14638450
536   907        -0.31130989      1.02220065     -1.09983704
537   907        -0.30164323      1.01237076     -1.05911768
538   907        -0.33539142      1.00612823     -1.01996406
539   907        -0.37583099      1.00882844     -0.97370871
540   907        -0.41587239      1.03707329     -0.90969189
541   907        -0.46817403      1.07314394     -0.85075341
542   907        -0.52936292      1.11548890     -0.78882164
543   907        -0.58127877      1.16221133     -0.73250694
544   907        -0.63326521      1.21190950     -0.68447788
545   907        -0.72176881      1.23986661     -0.62996409
546   907        -0.81754236      1.26018845     -0.57385363
547   907        -0.88023416      1.27363524     -0.52302742
548   907        -0.92972266      1.29696799     -0.46738129
549   907        -1.00349159      1.33471254     -0.39425358
550   907        -1.09194760      1.36563415     -0.31154281
551   907        -1.14345929      1.40671847     -0.24695356
552   907        -1.15279356      1.46461264     -0.21889150
553   907        -1.15591052      1.51982615     -0.23004399
554   907        -1.17744225      1.54254956     -0.26405032
555   907        -1.19694433      1.53328080     -0.29370347
556   907        -1.21803624      1.51931479     -0.29591052
557   907        -1.25855733      1.51896903     -0.27872128
558   907        -1.32753126      1.53243075     -0.24809486
559   907        -1.38471961      1.54223606     -0.20106270
560   907        -1.38728925      1.54661123     -0.16247327
561   907        -1.35022495      1.54342429     -0.14645760
562   907        -1.30122834      1.54529029     -0.14734647
563   907        -1.23845460      1.54927673     -0.14414303
564   907        -1.17649064      1.54319410     -0.13284436
565   907        -1.14014555      1.52975939     -0.11045662
566   907        -1.14188084      1.53440426     -0.08420049
567   907        -1.15583359      1.54213456     -0.07192388
568   907        -1.16843355      1.53737038     -0.06597820
569   907        -1.17840451      1.52016500     -0.04948640
570   907        -1.17111292      1.50532190     -0.01792060
571   907        -1.13219657      1.50095879      0.00639333
572   907        -1.08028022      1.51235539      0.02576070
573   907        -1.04707297      1.52151067      0.04320666
574   907        -1.02300543      1.51696882      0.06664131
575   907        -1.02757657      1.52491727      0.10092406
576   907        -1.08998184      1.55862099      0.16099439
577   907        -1.19511892      1.59714251      0.21757091
578   907        -1.29375368      1.61725913      0.24518588
579   907        -1.36421498      1.61800251      0.23778236
580   907        -1.38682446      1.60182198      0.20428808
581   907        -1.37679315      1.57955172      0.14253943
582   907        -1.35291264      1.56005130      0.04601908
583   907        -1.32838317      1.55824282     -0.06517853
584   907        -1.29445718      1.57270756     -0.16552252
585   907        -1.23960073      1.56725672     -0.22390260
586   907        -1.15286721      1.52112032     -0.27469668
587   907        -1.07344332      1.42026533     -0.29962083
588   907        -1.03446671      1.32269132     -0.31304118
589   907        -1.03186999      1.27071016     -0.33968024
590   907        -1.05057737      1.22659521     -0.36027839
591   907        -1.07716454      1.17501258     -0.37505800
592   907        -1.10607713      1.10465882     -0.37321229
593   907        -1.11991194      1.04034197     -0.37304374
594   907        -1.09286766      0.98751810     -0.39418793
595   907        -1.05758958      0.97436182     -0.46055211
596   907        -1.05822829      0.97859102     -0.54385322
597   907        -1.08481765      0.99312455     -0.60231636
598   907        -1.11057720      1.01245563     -0.64824216
599   907        -1.13176123      1.02572130     -0.69436055
600   907        -1.16824605      1.02863559     -0.74785445
601   907        -1.23836513      1.02413506     -0.79902208
602   907        -1.33069795      1.00264795     -0.84284919
603   907        -1.41592501      0.95502364     -0.90017426
604   907        -1.49036719      0.90944314     -0.95679920
605   907        -1.57558828      0.88705384     -0.99959171
606   907        -1.66046749      0.87690018     -1.01230062
607   907        -1.73275164      0.87521523     -1.00943358
608   907        -1.78293674      0.89576081     -0.99204322
609   907        -1.82520782      0.90345814     -0.97637775
610   907        -1.85633455      0.86281836     -0.97688160
611   907        -1.87502319      0.81017129     -0.99864819
612   907        -1.88607607      0.79958821     -1.03487267
613   907        -1.91464516      0.80054837     -1.04587911
614   907        -1.95348939      0.79861286     -1.03060030
615   907        -2.01524277      0.78655449     -0.98047484
616   907        -2.07466011      0.79302979     -0.93028049
617   907        -2.10756299      0.83011659     -0.89080922
618   907        -2.14158146      0.85334012     -0.87497398
619   907        -2.20009890      0.81723224     -0.87926086
620   907        -2.26572753      0.73612369     -0.86542770
621   907        -2.32005299      0.67501095     -0.83428146
622   907        -2.34677162      0.64684608     -0.80664251
623   907        -2.34288825      0.63490358     -0.79200105
624   907        -2.33062004      0.62682499     -0.76618854
625   907        -2.32017614      0.60248296     -0.71921807
626   907        -2.30718140      0.58917756     -0.66150242
627   907        -2.29663610      0.57378500     -0.62103629
628   907        -2.29833586      0.54389962     -0.61624587
629   907        -2.30386219      0.52342149     -0.64776602
630   907        -2.29163279      0.52549328     -0.69900176
631   907        -2.25588798      0.53847507     -0.72201578
632   907        -2.20928839      0.55183811     -0.69705242
633   907        -2.13628808      0.57577035     -0.68891082
634   907        -2.04866385      0.63667820     -0.73932618
635   907        -1.94402671      0.72747750     -0.80272787
636   907        -1.83272460      0.78119385     -0.84127131
637   907        -1.73745513      0.81996451     -0.84921705
638   907        -1.66077722      0.85352455     -0.85306826
639   907        -1.60329102      0.85338473     -0.85746670
640   907        -1.55657763      0.82150085     -0.86072858
641   907        -1.49863958      0.80995314     -0.86330279
642   907        -1.44901012      0.84597465     -0.88116706
643   907        -1.41785461      0.90386706     -0.90344934
644   907        -1.38523717      0.95485663     -0.89849955
645   907        -1.33694048      0.99394820     -0.86919262
646   907        -1.29538161      1.00914073     -0.83549882
647   907        -1.24270084      0.99706012     -0.79693839
648   907        -1.16833434      0.97914595     -0.74497898
649   907        -1.10842138      0.95733646     -0.70036435
650   907        -1.09718684      0.92487075     -0.67943218
651   907        -1.12605334      0.89609840     -0.66773193
652   907        -1.15718349      0.86974090     -0.65762920
653   907        -1.17898655      0.82569877     -0.66190655
654   907        -1.19152157      0.80412930     -0.67733063
655   907        -1.18585858      0.82660759     -0.70331186
656   907        -1.16043227      0.87376570     -0.72227513
657   907        -1.14355930      0.93765302     -0.72608951
658   907        -1.13060988      0.98217699     -0.71084561
659   907        -1.11674805      1.00030987     -0.69280784
660   907        -1.09982638      0.98981177     -0.69319935
661   907        -1.08835914      0.97040444     -0.71516664
662   907        -1.11445669      0.94153389     -0.72305774
663   907        -1.15491344      0.92197556     -0.70439967
664   907        -1.18109722      0.93128763     -0.69303765
665   907        -1.18660051      0.97857501     -0.71422909
666   907        -1.19399055      1.04143711     -0.77412875
667   907        -1.21518231      1.08649879     -0.86069279
668   907        -1.24541579      1.10990021     -0.95830855
669   907        -1.25509759      1.11018158     -1.05240229
670   907        -1.24420384      1.10077780     -1.14214241
671   907        -1.23567973      1.08835351     -1.22221282
672   907        -1.23239950      1.09589661     -1.29296524
673   907        -1.22433711      1.14000484     -1.34654878
674   907        -1.21081664      1.20580188     -1.39062698
675   907        -1.21722461      1.25701607     -1.43299789
676   907        -1.24645369      1.28003742     -1.48230841
677   907        -1.28893268      1.28732010     -1.53862637
678   907        -1.31548383      1.30396688     -1.58515756
679   907        -1.32585901      1.32854487     -1.62880227
680   907        -1.32454556      1.32938717     -1.67507124
681   907        -1.33538794      1.30851921     -1.70950503
682   907        -1.35836126      1.29304252     -1.71727325
683   907        -1.39723761      1.30318886     -1.72614804
684   907        -1.43499788      1.35222117     -1.74021424
685   907        -1.46721542      1.43417848     -1.75818454
686   907        -1.48065548      1.52457526     -1.76987054
687   907        -1.46730547      1.59209920     -1.77393931
688   907        -1.44770461      1.64780127     -1.76884004
689   907        -1.44157998      1.70596527     -1.75257840
690   907        -1.45146715      1.76178257     -1.73887618
691   907        -1.45272275      1.79247386     -1.74308260
692   907        -1.42427693      1.78588088     -1.76021095
693   907        -1.37930621      1.74592522     -1.76988730
694   907        -1.35488949      1.69141703     -1.76181724
695   907        -1.34924527      1.65439137     -1.72808505
696   907        -1.36185858      1.65323015     -1.68656683
697   907        -1.39364008      1.68216121     -1.64793904
698   907        -1.42911968      1.73580592     -1.63140156
699   907        -1.48141554      1.80817323     -1.62674091
700   907        -1.56066094      1.87914769     -1.62307309
701   907        -1.64357985      1.91391906     -1.61361744
702   907        -1.69519555      1.90436429     -1.60465237
703   907        -1.71536305      1.87604723     -1.60592782
704   907        -1.70592104      1.85112169     -1.62137203
705   907        -1.68272312      1.84054276     -1.63958587
706   907        -1.65269291      1.85055708     -1.64931112
707   907        -1.62326300      1.87171853     -1.65926360
708   907        -1.60106592      1.88760835     -1.67515586
709   907        -1.58179746      1.88794939     -1.69344071
710   907        -1.55760048      1.87214866     -1.69449361
711   907        -1.53646601      1.86538191     -1.67536405
712   907        -1.52194807      1.86976243     -1.63970979
713   907        -1.49972702      1.87776369     -1.60577643
714   907        -1.47613964      1.89566328     -1.57691496
715   907        -1.46101756      1.92252539     -1.55125478
716   907        -1.46271954      1.93937576     -1.52384210
717   907        -1.48758571      1.93271535     -1.49701933
718   907        -1.51996574      1.90156111     -1.48803970
719   907        -1.52626135      1.85624777     -1.50359598
720   907        -1.48726333      1.83659739     -1.55367029
721   907        -1.43247093      1.83779011     -1.60380228
722   907        -1.39813769      1.85303343     -1.63535551
723   907        -1.40291964      1.89694223     -1.64444247
724   907        -1.42159667      1.96295000     -1.64195862
725   907        -1.41363768      2.02723874     -1.64216593
726   907        -1.37124859      2.07383905     -1.65880472
727   907        -1.31819368      2.11727066     -1.68693553
728   907        -1.27247123      2.14091884     -1.70619829
729   907        -1.24259532      2.14133332     -1.71317274
730   907        -1.21891891      2.12886798     -1.69695587
731   907        -1.18457136      2.11633424     -1.65792212
732   907        -1.15154757      2.10945967     -1.60191599
733   907        -1.15103530      2.10360913     -1.55022403
734   907        -1.19512489      2.08393592     -1.50440793
735   907        -1.25086287      2.04482478     -1.46930135
736   907        -1.29093800      1.99398772     -1.46018737
737   907        -1.29886073      1.93615286     -1.48937234
738   907        -1.28428467      1.88693250     -1.55144497
739   907        -1.27114144      1.86440746     -1.59721254
740   907        -1.27212878      1.88486343     -1.62945974
741   907        -1.29526005      1.93041807     -1.67757076
742   907        -1.31437860      1.98043909     -1.74368584
743   907        -1.31890223      2.03613898     -1.79013637
744   907        -1.31792901      2.07725518     -1.80827108
745   907        -1.33383317      2.10112375     -1.82699052
746   907        -1.35040112      2.12372134     -1.85818693
747   907        -1.36123205      2.14440805     -1.87890227
748   907        -1.36159754      2.13949324     -1.87521391
749   907        -1.34902479      2.10743216     -1.85914483
750   907        -1.33495834      2.06315781     -1.84366436
751   907        -1.34169430      2.03292184     -1.84277650
752   907        -1.37785255      2.01703133     -1.85025804
753   907        -1.42372721      2.00228617     -1.84436228
754   907        -1.43992560      1.99601466     -1.81652307
755   907        -1.41728518      2.00531714     -1.78595228
756   907        -1.38144686      2.02376336     -1.76728849
757   907        -1.36960148      2.02808267     -1.76895400
758   907        -1.38086601      2.03092733     -1.78813714
759   907        -1.37784870      2.04830132     -1.82011710
760   907        -1.35029337      2.07814285     -1.85885921
761   907        -1.32988089      2.10359134     -1.91262972
762   907        -1.33870572      2.11617971     -1.97278072
763   907        -1.35441028      2.12959637     -2.01558012
764   907        -1.34227279      2.14718408     -2.03487832
765   907        -1.30320530      2.14671759     -2.03901419
766   907        -1.26982572      2.12463128     -2.04736139
767   907        -1.24136501      2.12538009     -2.04580797
768   907        -1.20872537      2.17271579     -2.05139558
769   907        -1.16729104      2.22560833     -2.05325436
770   907        -1.12939930      2.25043615     -2.04327755
771   907        -1.10677403      2.25859080     -2.05018166
772   907        -1.09210336      2.26892529     -2.07248839
773   907        -1.07640499      2.27542038     -2.09519502
774   907        -1.04983783      2.26185132     -2.09884392
775   907        -1.03308576      2.23010371     -2.08970919
776   907        -1.03003211      2.23201191     -2.07484390
777   907        -1.01463103      2.27528598     -2.05904613
778   907        -0.97801602      2.31601230     -2.04567185
779   907        -0.93498593      2.30073137     -2.04004374
780   907        -0.89974611      2.23213373     -2.06282495
781   907        -0.86814895      2.15293966     -2.10763406
782   907        -0.85571187      2.09571580     -2.15505108
783   907        -0.86596518      2.06272787     -2.20255989
784   907        -0.86848810      2.05128864     -2.24864123
785   907        -0.84834189      2.06887338     -2.26960654
786   907        -0.81952108      2.10611814     -2.25528615
787   907        -0.82264576      2.14389765     -2.21385318
788   907        -0.84707146      2.15946503     -2.15144824
789   907        -0.86048806      2.12925277     -2.08775527
790   907        -0.83872116      2.06417853     -2.05218656
791   907        -0.80844752      2.00127799     -2.05833172
792   907        -0.79863620      1.96927273     -2.09851709
793   907        -0.79437659      1.95672243     -2.16113386
794   907        -0.77118961      1.93169725     -2.21096971
795   907        -0.73687496      1.88634352     -2.21889915
796   907        -0.71479862      1.83463821     -2.19915353
797   907        -0.73537466      1.78552758     -2.17551001
798   907        -0.78642875      1.75577070     -2.13561800
799   907        -0.83354974      1.78619444     -2.06833608
800   907        -0.87755891      1.86759085     -1.96729456
801   907        -0.92639712      1.92956267     -1.85290113
802   907        -0.95325647      1.91861750     -1.74596922
803   907        -0.95272386      1.85431111     -1.65585170
804   907        -0.94832132      1.78030986     -1.59843937
805   907        -0.96033463      1.72030177     -1.60135216
806   907        -1.00964392      1.71415230     -1.65975869
807   907        -1.07113581      1.76064043     -1.74399869
808   907        -1.11102077      1.83249944     -1.82537941
809   907        -1.13110838      1.89138369     -1.88921782
810   907        -1.14519363      1.92833823     -1.94523522
811   907        -1.15088053      1.96008445     -2.00741992
812   907        -1.13291291      1.98686059     -2.06144834
813   907        -1.07082857      2.00077318     -2.08878711
814   907        -0.98146672      2.02019254     -2.10038234
815   907        -0.92042822      2.07800852     -2.09392530
816   907        -0.92539825      2.19206423     -2.07815448
817   907        -0.95273242      2.32938026     -2.08322825
818   907        -0.97878463      2.44043528     -2.11507569
819   907        -1.00348210      2.50359273     -2.16997935
820   907        -1.01320642      2.51365063     -2.23828465
821   907        -0.99561850      2.49071496     -2.30339464
822   907        -0.96359960      2.44698484     -2.38058878
823   907        -0.92825519      2.42083317     -2.46782088
824   907        -0.87482793      2.41035790     -2.53639539
825   907        -0.81306105      2.40684337     -2.55962637
826   907        -0.74642111      2.40842828     -2.54525945
827   907        -0.71607831      2.40472307     -2.52499885
828   907        -0.75590492      2.37827047     -2.51814376
829   907        -0.82995919      2.34671777     -2.52636614
830   907        -0.86597707      2.32844665     -2.54231357
831   907        -0.86795357      2.32971642     -2.57284214
832   907        -0.87620982      2.34296314     -2.59751319
833   907        -0.87988592      2.38090497     -2.58798809
834   907        -0.88771800      2.41624834     -2.58764254
835   907        -0.86953579      2.42662996     -2.57926613
836   907        -0.82175341      2.43548294     -2.54422402
837   907        -0.74583510      2.49833423     -2.47460538
838   907        -0.67115859      2.58152451     -2.39843316
839   907        -0.61866607      2.62039326     -2.33975159
840   907        -0.60121947      2.59862073     -2.30692396
841   907        -0.61173653      2.54868794     -2.28318060
842   907        -0.61313735      2.49859482     -2.24539845
843   907        -0.61429048      2.44712192     -2.17815587
844   907        -0.63958430      2.39832703     -2.08407528
845   907        -0.66611076      2.35315775     -1.99016904
846   907        -0.63031148      2.33376075     -1.88961940
847   907        -0.56062120      2.34801263     -1.79049962
848   907        -0.53657625      2.36311666     -1.70149739
849   907        -0.55896679      2.38646475     -1.64402034
850   907        -0.56529836      2.41292020     -1.58725782
851   907        -0.55811280      2.41784139     -1.53003861
852   907        -0.55432984      2.41948413     -1.50590307
853   907        -0.56429656      2.42533165     -1.48957563
854   907        -0.55679997      2.45770149     -1.47315028
855   907        -0.54270696      2.49364004     -1.48581511
856   907        -0.52908711      2.51049323     -1.53350389
857   907        -0.51920843      2.50808234     -1.58671908
858   907        -0.52354314      2.50985610     -1.60830576
859   907        -0.54333260      2.52831758     -1.58431035
860   907        -0.57457604      2.54188247     -1.54342048
861   907        -0.58968282      2.54224002     -1.52004942
862   907        -0.59439473      2.52524589     -1.50075754
863   907        -0.60078686      2.51362532     -1.47308749
864   907        -0.59422231      2.51051150     -1.46717401
865   907        -0.57696519      2.50304198     -1.47333440
866   907        -0.53796013      2.48595294     -1.49869078
867   907        -0.50540966      2.48264122     -1.54244902
868   907        -0.48158668      2.49878384     -1.59425680
869   907        -0.46248789      2.50187737     -1.62526396
870   907        -0.42975868      2.50826718     -1.63499921
871   907        -0.38011122      2.54871367     -1.65057698
872   907        -0.31204884      2.58825354     -1.66994519
873   907        -0.24054183      2.59893345     -1.67506949
874   907        -0.17566850      2.59381608     -1.65512717
875   907        -0.10479897      2.59101702     -1.63664733
876   907        -0.06210272      2.59131875     -1.65727739
877   907        -0.09023934      2.59260055     -1.71375260
878   907        -0.17617328      2.58557269     -1.77893264
879   907        -0.24422719      2.57332561     -1.82076402
880   907        -0.25369784      2.56053280     -1.83460046
881   907        -0.22529168      2.55826820     -1.83154862
882   907        -0.21130090      2.57404545     -1.81223229
883   907        -0.21890599      2.58340428     -1.78542887
884   907        -0.22049710      2.56918583     -1.76707991
885   907        -0.19930652      2.54776891     -1.75062186
886   907        -0.19965513      2.53566814     -1.72780518
887   907        -0.24523563      2.50906687     -1.70317030
888   907        -0.30763677      2.46353744     -1.67238028
889   907        -0.33091967      2.44256601     -1.63647885
890   907        -0.30567791      2.43960435     -1.59284980
891   907        -0.25217964      2.45262463     -1.54370378
892   907        -0.18014433      2.46906167     -1.49719256
893   907        -0.10376328      2.48507820     -1.45750484
894   907        -0.05846023      2.51711649     -1.44928635
895   907        -0.05205176      2.55799061     -1.48293471
896   907        -0.05612789      2.59273987     -1.51383826
897   907        -0.04479330      2.63074405     -1.50236456
898   907        -0.03395767      2.66760845     -1.46281440
899   907        -0.03258411      2.68539809     -1.41783231
900   907        -0.03845961      2.68223485     -1.37398865
901   907        -0.02749811      2.67219458     -1.32987608
902   907        -0.00454384      2.66460377     -1.27523949
903   907         0.00810328      2.65225816     -1.24044846
904   907         0.01017762      2.64505850     -1.25185148
905   907         0.03975621      2.65663983     -1.27856313
906   907         0.10202195      2.69073760     -1.28420799
907   907         0.16043297      2.75602948     -1.27496588
908   907         0.19510645      2.83333324     -1.27326728
909   907         0.21635046      2.91008523     -1.27568039
910   907         0.22872348      2.97765336     -1.28331820
911   907         0.22464172      3.03737997     -1.28167273
912   907         0.21310756      3.09180809     -1.27186842
913   907         0.19750227      3.15003218     -1.28253320
914   907         0.17423307      3.21801368     -1.29746697
915   907         0.14506118      3.27318230     -1.31174663
916   907         0.14261529      3.31025983     -1.31346434
917   907         0.19786838      3.33399562     -1.31535598
918   907         0.28589934      3.34362250     -1.32061217
919   907         0.36107656      3.34885015     -1.31553289
920   907         0.40638040      3.36797561     -1.28522937
921   907         0.42150705      3.42054908     -1.21589583
922   907         0.41314401      3.49344456     -1.13714970
923   907         0.40611613      3.54304872     -1.08915313
924   907         0.41808312      3.55115836     -1.08126862
925   907         0.42509673      3.53779459     -1.09500389
926   907         0.41437760      3.52739571     -1.10877789
927   907         0.39692855      3.52552293     -1.11747352
928   907         0.42252635      3.49675398     -1.10441036
929   907         0.48711707      3.45363162     -1.08742252
930   907         0.52806413      3.45253226     -1.09494580
931   907         0.51275455      3.48218895     -1.12278614
932   907         0.49565158      3.50139621     -1.15057090
933   907         0.50891461      3.50775766     -1.16812371
934   907         0.56144913      3.50929022     -1.16372936
935   907         0.62109205      3.49621277     -1.13479348
936   907         0.64880544      3.45910771     -1.09309864
937   907         0.64748284      3.41624562     -1.05462265
938   907         0.64003791      3.40603139     -1.03956740
939   907         0.64605853      3.42045027     -1.05880742
940   907         0.65038655      3.43224438     -1.10939411
941   907         0.63943770      3.41543279     -1.16919979
942   907         0.61342918      3.38940891     -1.20349299
943   907         0.60620576      3.36788363     -1.21217396
944   907         0.63223339      3.36505554     -1.22314221
945   907         0.68885016      3.36274432     -1.23980609
946   907         0.76003534      3.34241478     -1.23013202
947   907         0.83554192      3.29171443     -1.18596237
948   907         0.89465302      3.21720135     -1.14263935
949   907         0.92691947      3.14093241     -1.13148309
950   907         0.94661260      3.08744403     -1.15719119
951   907         0.98233811      3.06571975     -1.20409080
952   907         1.03025699      3.03664074     -1.25887703
953   907         1.06116636      2.98594049     -1.30022916
954   907         1.08736164      2.92243727     -1.30792589
955   907         1.13506505      2.87746331     -1.28046011
956   907         1.22932946      2.84292479     -1.23547684
957   907         1.33917919      2.82470768     -1.20953021
958   907         1.44162732      2.80441243     -1.20867363
959   907         1.51003884      2.75888999     -1.22420983
960   907         1.54005296      2.70295327     -1.23824817
961   907         1.55515511      2.68852944     -1.26551360
962   907         1.58803349      2.73115578     -1.30489418
963   907         1.64626081      2.79694277     -1.33098322
964   907         1.69994454      2.84091410     -1.32832283
965   907         1.73520905      2.84324280     -1.30872545
966   907         1.78587929      2.81859504     -1.29891371
967   907         1.87076392      2.80112828     -1.28039633
968   907         1.98777551      2.81558966     -1.24250649
969   907         2.10371854      2.83878412     -1.19530425
970   907         2.16924333      2.85253789     -1.16506473
971   907         2.16034517      2.82815221     -1.17559310
972   907         2.11751168      2.78138241     -1.20719033
973   907         2.09233024      2.75855652     -1.24152435
974   907         2.09331013      2.78081162     -1.27327344
975   907         2.10922665      2.82425497     -1.28655440
976   907         2.13546152      2.86467425     -1.27057089
977   907         2.18275491      2.86901280     -1.24230512
978   907         2.23395138      2.84176913     -1.20612130
979   907         2.27411188      2.82336568     -1.14272860
980   907         2.30777053      2.81479347     -1.06072617
981   907         2.34857187      2.81515689     -1.00360907
982   907         2.40461111      2.82015186     -0.98096326
983   907         2.44843988      2.83747867     -0.96643611
984   907         2.48023498      2.86943854     -0.94344263
985   907         2.53261497      2.87960296     -0.90043318
986   907         2.58636456      2.87078016     -0.84383252
987   907         2.61963077      2.84382425     -0.79640155
988   907         2.62245170      2.80389423     -0.75309333
989   907         2.63010431      2.76590476     -0.70458260
990   907         2.65602574      2.75450055     -0.64495519
991   907         2.70650380      2.75373755     -0.57710301
992   907         2.76206640      2.74357552     -0.50439940
993   907         2.81536452      2.72453333     -0.44448830
994   907         2.88517711      2.71908349     -0.38219018
995   907         2.98601443      2.71503504     -0.30790234
996   907         3.09822683      2.71141431     -0.23531168
997   907         3.19982972      2.71664011     -0.19015731
998   907         3.29868842      2.73060176     -0.17876378
999   907         3.38620249      2.75495643     -0.16564464
1000  907         3.45120781      2.78771429     -0.13271715
1001  907         3.49270629      2.83294662     -0.07637057
1002  907         3.50804187      2.86016767     -0.02340482
1003  907         3.49755169      2.86676078      0.01141242
1004  907         3.46592975      2.88988463      0.02486241
1005  907         3.43910825      2.93967912      0.02618029
1006  907         3.40927283      3.00535334      0.02658709
1007  907         3.38790822      3.06893977      0.04302175
1008  907         3.37300481      3.10226198      0.05834717
1009  907         3.37129756      3.09361987      0.04222838
1010  907         3.36795605      3.09342320      0.00351092
1011  907         3.35134169      3.10595650     -0.02157575
1012  907         3.32332749      3.10845864     -0.03153047
1013  907         3.28686842      3.09811607     -0.02684465
1014  907         3.24571101      3.08781526     -0.02935135
1015  907         3.21843950      3.09351580     -0.05422245
1016  907         3.20998082      3.12732418     -0.08409446
1017  907         3.20887479      3.17055048     -0.10766875
1018  907         3.19574058      3.19528536     -0.11819896
1019  907         3.18226471      3.21801040     -0.11105375
1020  907         3.17757901      3.23364748     -0.09653431
1021  907         3.15536747      3.23471624     -0.09089643
1022  907         3.10096527      3.22452042     -0.09530906
1023  907         3.04137212      3.21759182     -0.10460657
1024  907         3.02452837      3.23484797     -0.11664644
1025  907         3.03715784      3.27540032     -0.14595459
1026  907         3.06147961      3.32904378     -0.15039809
1027  907         3.10354403      3.38601911     -0.11822803
1028  907         3.16996491      3.43399944     -0.08612724
1029  907         3.23748846      3.46576039     -0.07379242
1030  907         3.24594975      3.43982464     -0.09795329
1031  907         3.20001644      3.36657271     -0.14161070
1032  907         3.17877236      3.33020052     -0.15974016
1033  907         3.18438303      3.34462175     -0.15039053
1034  907         3.17851764      3.37153439     -0.13944265
1035  907         3.16176037      3.38792105     -0.13838458
1036  907         3.14656734      3.39818975     -0.16579994
1037  907         3.14345309      3.40882293     -0.19495073
1038  907         3.14789046      3.42599695     -0.21251769
1039  907         3.18280116      3.45111625     -0.22101960
1040  907         3.23820284      3.45676614     -0.23520302
1041  631         4.89204896      4.91182608      0.77044167
1042  631         4.95953710      4.88281286      0.76174415
1043  631         5.03812372      4.84548232      0.75959172
1044  631         5.12986870      4.81403828      0.76810423
1045  631         5.19062410      4.78172291      0.78697433
1046  631         5.19985772      4.75601574      0.81713029
1047  631         5.18537823      4.74304527      0.86414520
1048  631         5.16568347      4.74906068      0.91754602
1049  631         5.14408933      4.78185163      0.98169835
1050  631         5.13033788      4.82563993      1.05270882
1051  631         5.12724656      4.85300638      1.12181296
1052  631         5.12651210      4.84526941      1.16748031
1053  631         5.14318965      4.81113428      1.20242441
1054  631         5.17139730      4.78250133      1.23154617
1055  631         5.19271610      4.76624110      1.24419395
1056  631         5.19568766      4.74696343      1.23297849
1057  631         5.21162293      4.70788704      1.19856405
1058  631         5.25751847      4.65153231      1.16395488
1059  631         5.28851107      4.59862219      1.14833419
1060  631         5.26977802      4.56651679      1.15051180
1061  631         5.23037810      4.54617561      1.16730740
1062  631         5.20896495      4.52044206      1.21664425
1063  631         5.18823972      4.49647850      1.28959153
1064  631         5.15629794      4.48914007      1.36142485
1065  631         5.11447098      4.48549551      1.42519707
1066  631         5.06617094      4.46694032      1.47505861
1067  631         5.01797255      4.43006650      1.48894358
1068  631         4.98797464      4.38428655      1.45530019
1069  631         4.97713360      4.33794650      1.39557976
1070  631         4.99104800      4.29789805      1.34796199
1071  631         5.01331824      4.27420831      1.34051234
1072  631         5.04777732      4.27264643      1.37169215
1073  631         5.09919185      4.29599316      1.41583366
1074  631         5.15160834      4.30670392      1.45989874
1075  631         5.17917668      4.29117049      1.51597271
1076  631         5.16754392      4.25476443      1.58748277
1077  631         5.11583057      4.23610469      1.63039805
1078  631         5.04698889      4.24727274      1.61928790
1079  631         4.98885133      4.29108963      1.58028266
1080  631         4.96434034      4.33910990      1.53884656
1081  631         4.96117568      4.36388569      1.50407900
1082  631         4.95548478      4.36960725      1.47800945
1083  631         4.95399737      4.36949053      1.45771382
1084  631         4.96703630      4.37482195      1.42966600
1085  631         4.97273430      4.37820601      1.40769123
1086  631         4.94787783      4.37508636      1.40115213
1087  631         4.91296380      4.36478242      1.40854167
1088  631         4.88439086      4.36411177      1.41536733
1089  631         4.87064138      4.39333610      1.40671146
1090  631         4.87350723      4.42984936      1.39984098
1091  631         4.87398507      4.44659408      1.42964604
1092  631         4.85990876      4.44099448      1.48208257
1093  631         4.83179249      4.43410570      1.50675152
1094  631         4.82719311      4.42217692      1.49586084
1095  631         4.83579267      4.40395562      1.49011010
1096  631         4.84419076      4.38575523      1.51191380
1097  631         4.83691502      4.39525422      1.53622708
1098  631         4.80851245      4.43745718      1.54053899
1099  631         4.78218538      4.49359608      1.55131608
1100  631         4.77845161      4.54036517      1.58726831
1101  631         4.79243746      4.59657547      1.61162383
1102  631         4.81945391      4.67234097      1.61561394
1103  631         4.85220594      4.75314009      1.61010577
1104  631         4.89393619      4.80639521      1.60035474
1105  631         4.95034544      4.80504278      1.57818976
1106  631         5.01092777      4.77619405      1.54685499
1107  631         5.06374291      4.76735466      1.49731331
1108  631         5.09298501      4.79103756      1.43095354
1109  631         5.09593502      4.82758167      1.37438548
1110  631         5.09374570      4.86673468      1.31820842
1111  631         5.09116835      4.91566273      1.24989329
1112  631         5.07370884      4.98913564      1.18096618
1113  631         5.05844166      5.07687949      1.14559895
1114  631         5.05144625      5.16908980      1.12843459
1115  631         5.03492810      5.24836845      1.10683809
1116  631         4.99911080      5.29754380      1.05209486
1117  631         4.95053026      5.32297053      0.96968854
1118  631         4.90895706      5.34023108      0.90363504
1119  631         4.87605005      5.32949320      0.86966054
1120  631         4.85676803      5.27286466      0.84486471
1121  631         4.83710971      5.20857519      0.80485318
1122  631         4.80725990      5.18685845      0.75301023
1123  631         4.75767727      5.22479105      0.69273500
1124  631         4.70069805      5.28646648      0.66522837
1125  631         4.66600633      5.33496984      0.67568686
1126  631         4.66951888      5.36294450      0.70358534
1127  631         4.68930811      5.38416812      0.73404630
1128  631         4.69163045      5.39963812      0.75741543
1129  631         4.66116461      5.42175314      0.76568180
1130  631         4.60855231      5.43709120      0.77263697
1131  631         4.55834867      5.42332992      0.79930948
1132  631         4.51163844      5.41147679      0.84605456
1133  631         4.46269636      5.40619232      0.90382975
1134  631         4.42782152      5.42453966      0.94836540
1135  631         4.41535655      5.44558885      0.99154290
1136  631         4.38950144      5.48851581      1.01226200
1137  631         4.33631741      5.53640363      1.00090167
1138  631         4.27736520      5.57445442      0.99948613
1139  631         4.22842055      5.59034126      1.02190005
1140  631         4.19414722      5.59096259      1.05762607
1141  631         4.16293116      5.60230837      1.09085219
1142  631         4.13013636      5.61512739      1.11791790
1143  631         4.08896371      5.62039034      1.14007923
1144  631         4.04995941      5.63542529      1.16879091
1145  631         4.03622106      5.69905874      1.20735780
1146  631         4.05167439      5.80324700      1.25644084
1147  631         4.06759015      5.92207483      1.31822640
1148  631         4.05137670      6.01866225      1.39195439
1149  631         3.99513004      6.09258365      1.47917471
1150  631         3.92860242      6.15204440      1.56384664
1151  631         3.88567462      6.18322699      1.61683651
1152  631         3.85896606      6.18855611      1.61662426
1153  631         3.84419748      6.17490690      1.57908882
1154  631         3.85980405      6.13409026      1.51776063
1155  631         3.89802830      6.10217664      1.46254990
1156  631         3.89343919      6.12528147      1.43539011
1157  631         3.84367990      6.21589105      1.42682136
1158  631         3.80574918      6.31313325      1.43016607
1159  631         3.78888879      6.35787219      1.44352932
1160  631         3.76684468      6.36474520      1.42120084
1161  631         3.72868670      6.34406436      1.36374488
1162  631         3.66124020      6.30714128      1.27794710
1163  631         3.59275583      6.26889632      1.21347434
1164  631         3.53386210      6.24824637      1.18808224
1165  631         3.49461026      6.23541079      1.19261565
1166  631         3.47479058      6.21566297      1.20241119
1167  631         3.46347440      6.18057716      1.20266467
1168  631         3.44430093      6.12142951      1.20084701
1169  631         3.40887360      6.04701869      1.19252667
1170  631         3.38396390      5.98458685      1.18001507
1171  631         3.36431435      5.95436460      1.13026659
1172  631         3.34049674      5.94713226      1.05879750
1173  631         3.30979343      5.94315756      0.98539604
1174  631         3.30114307      5.92304176      0.93657483
1175  631         3.30705186      5.87554193      0.89710878
1176  631         3.29159576      5.82795527      0.85856344
1177  631         3.23098178      5.79611454      0.82070093
1178  631         3.16131094      5.76475088      0.78305272
1179  631         3.11910326      5.72302144      0.74783844
1180  631         3.09794016      5.66957448      0.71146942
1181  631         3.09313228      5.62879129      0.67435213
1182  631         3.10683727      5.59833028      0.65294636
1183  631         3.13628656      5.56776658      0.67063041
1184  631         3.15016005      5.52224859      0.71740983
1185  631         3.14945066      5.47082292      0.78020144
1186  631         3.16345427      5.40720281      0.83384717
1187  631         3.22778529      5.31392388      0.86974039
1188  631         3.31513596      5.21245100      0.90043766
1189  631         3.37500854      5.12102411      0.92300019
1190  631         3.42070473      5.04655684      0.93477865
1191  631         3.45217236      4.96099473      0.94135980
1192  631         3.49353559      4.84872385      0.94392490
1193  631         3.52984239      4.72328601      0.93779684
1194  631         3.56245247      4.60744076      0.91991933
1195  631         3.56685871      4.53966793      0.90496027
1196  631         3.54857310      4.54356800      0.90805061
1197  631         3.54189525      4.56387483      0.94280794
1198  631         3.53944130      4.52001802      0.97703784
1199  631         3.52959262      4.42618511      0.98136336
1200  631         3.50959125      4.34635102      0.93943201
1201  631         3.49931275      4.29281610      0.86279723
1202  631         3.48889422      4.24727321      0.77561965
1203  631         3.50425707      4.22033535      0.69636668
1204  631         3.54009760      4.22663042      0.61918026
1205  631         3.58405805      4.25834171      0.54455312
1206  631         3.61533269      4.28087233      0.49179024
1207  631         3.64894903      4.26043196      0.44414001
1208  631         3.69633283      4.22479474      0.37247849
1209  631         3.71357799      4.21639818      0.30379044
1210  631         3.69368642      4.24814501      0.24929515
1211  631         3.65582965      4.29694958      0.21052706
1212  631         3.60229874      4.33823918      0.17522836
1213  631         3.54079305      4.36051908      0.13433200
1214  631         3.49520450      4.36886789      0.08633109
1215  631         3.43470554      4.37455371      0.02192234
1216  631         3.34210242      4.38051057     -0.04327327
1217  631         3.24518418      4.36998288     -0.10150635
1218  631         3.18620995      4.35911805     -0.16216724
1219  631         3.15783275      4.35889160     -0.22667664
1220  631         3.14727286      4.35515315     -0.28455455
1221  631         3.16831635      4.34347644     -0.33239391
1222  631         3.20313895      4.33639283     -0.37389603
1223  631         3.23601821      4.35178162     -0.39556791
1224  631         3.24978511      4.37577444     -0.38620246
1225  631         3.24890833      4.38970023     -0.37570288
1226  631         3.26130475      4.38222491     -0.39338181
1227  631         3.29478559      4.36000157     -0.43758125
1228  631         3.33552563      4.33565831     -0.47597896
1229  631         3.37849395      4.32873273     -0.48272707
1230  631         3.44636152      4.34096576     -0.45734063
1231  631         3.54617501      4.34910565     -0.41550154
1232  631         3.64744213      4.32123770     -0.39926897
1233  631         3.73020226      4.25490020     -0.40118107
1234  631         3.79411698      4.18070325     -0.36492370
1235  631         3.80027184      4.11827353     -0.27231337
1236  631         3.78035295      4.08222763     -0.15035043
1237  631         3.76292494      4.05946850     -0.02405667
1238  631         3.76373589      4.03089672      0.08926478
1239  631         3.77647267      3.99872828      0.17327151
1240  631         3.79813774      3.96004200      0.20503073
1241  631         3.82524743      3.92841877      0.20480905
1242  631         3.85380758      3.91714199      0.19954449
1243  631         3.87105052      3.91273479      0.17198821
1244  631         3.86207840      3.88221499      0.12897133
1245  631         3.83245149      3.81913378      0.07857442
1246  631         3.78141522      3.72503841      0.03057588
1247  631         3.72213893      3.62883426     -0.00700300
1248  631         3.71414108      3.57030965     -0.03312424
1249  631         3.77747477      3.57343302     -0.03112393
1250  631         3.85430500      3.61248762     -0.01159948
1251  631         3.92052369      3.66800955      0.00892539
1252  631         3.97555127      3.73217040      0.02764325
1253  631         4.01292128      3.82054817      0.01113944
1254  631         4.03339264      3.91516732     -0.02938409
1255  631         4.01382298      3.96193650     -0.07749364
1256  631         3.95450358      3.93245929     -0.10036147
1257  631         3.88025473      3.85826914     -0.12481845
1258  631         3.80009312      3.77030867     -0.15733294
1259  631         3.75543894      3.70635212     -0.14337817
1260  631         3.76983624      3.67090263     -0.07841365
1261  631         3.79735127      3.67239969     -0.00845167
1262  631         3.81635310      3.71186360      0.01761879
1263  631         3.85089088      3.77342874     -0.00996076
1264  631         3.92373700      3.85782310     -0.05909148
1265  631         4.01144008      3.94842727     -0.10799335
1266  631         4.06464898      3.97400185     -0.14186503
1267  631         4.03460542      3.89644944     -0.18320427
1268  631         3.98106450      3.78055898     -0.23048779
1269  631         3.95683168      3.69070101     -0.27938243
1270  631         3.96860626      3.64558882     -0.32672358
1271  631         3.99051037      3.61721629     -0.36465046
1272  631         4.02004287      3.61111360     -0.41077683
1273  631         4.06822338      3.61227025     -0.43964539
1274  631         4.10353514      3.63158783     -0.44262056
1275  631         4.12052226      3.68162240     -0.44287284
1276  631         4.12340638      3.74326033     -0.45640871
1277  631         4.13599243      3.80089057     -0.46829519
1278  631         4.17032461      3.85454699     -0.46154692
1279  631         4.22137094      3.88643259     -0.45046663
1280  631         4.25325217      3.89140901     -0.45799619
1281  631         4.23813650      3.88371871     -0.47896256
1282  631         4.20529988      3.87427552     -0.49101837
1283  631         4.19543799      3.87778775     -0.49777603
1284  631         4.21009072      3.90197518     -0.52308284
1285  631         4.20937126      3.93018466     -0.54603194
1286  631         4.18700470      3.94729409     -0.56196209
1287  631         4.12978497      3.95468147     -0.56754621
1288  631         4.04075147      3.97679342     -0.58893922
1289  631         3.94067873      4.00343502     -0.61658291
1290  631         3.88394687      4.03441023     -0.63759229
1291  631         3.88669163      4.06606164     -0.63687005
1292  631         3.92846615      4.07580842     -0.63525641
1293  631         3.97638736      4.07623864     -0.64224154
1294  631         4.02484860      4.08438847     -0.63985696
1295  631         4.07175948      4.12857202     -0.62186021
1296  631         4.08532628      4.19496943     -0.59123140
1297  631         4.06641299      4.24922629     -0.60313549
1298  631         4.04858503      4.28137559     -0.66885869
1299  631         4.02235985      4.31150503     -0.72304352
1300  631         3.98421011      4.36950803     -0.72920707
1301  631         3.96206461      4.42073610     -0.70701634
1302  631         3.96127468      4.46638081     -0.67855317
1303  631         3.97888713      4.51754716     -0.66045548
1304  631         3.98567445      4.57905220     -0.64727060
1305  631         3.99948784      4.63435442     -0.64613880
1306  631         4.00117782      4.69420240     -0.66750272
1307  631         3.98390061      4.75763076     -0.70526791
1308  631         3.96591455      4.80182837     -0.75141499
1309  631         3.99131640      4.80561243     -0.77976599
1310  631         4.06385171      4.79827268     -0.80271844
1311  631         4.12791193      4.79057826     -0.85206541
1312  631         4.19406089      4.80900917     -0.90240279
1313  631         4.23604281      4.84566923     -0.94378211
1314  631         4.23609286      4.88977863     -1.00626984
1315  631         4.22080610      4.92469948     -1.05400762
1316  631         4.24532221      4.95317369     -1.06103806
1317  631         4.34454535      4.93833406     -1.01045680
1318  631         4.45656129      4.90986395     -0.94447864
1319  631         4.51951063      4.90533570     -0.91308720
1320  631         4.50056050      4.90210441     -0.94064110
1321  631         4.47180188      4.90294427     -1.00884473
1322  631         4.47722545      4.90160645     -1.05437959
1323  631         4.53480983      4.89815057     -1.06945755
1324  631         4.61473022      4.87732072     -1.07451695
1325  631         4.70065809      4.87406200     -1.08422835
1326  631         4.76902618      4.89049020     -1.08746428
1327  631         4.81779249      4.89577896     -1.09027253
1328  631         4.85849273      4.86370825     -1.09064441
1329  631         4.90092868      4.80312130     -1.09124753
1330  631         4.91698426      4.73369595     -1.08659185
1331  631         4.91687664      4.66882500     -1.07590325
1332  631         4.93250680      4.62245996     -1.07426955
1333  631         4.93823165      4.56933527     -1.07561288
1334  631         4.93270094      4.49484165     -1.08390160
1335  631         4.94295272      4.40185062     -1.09280352
1336  631         4.93933118      4.30978596     -1.09813784
1337  907         3.52879818      5.15886118      0.75611743
1338  907         3.46689912      5.11660271      0.66257605
1339  907         3.41059337      5.07538756      0.58462652
1340  907         3.38614822      5.04606978      0.55550531
1341  907         3.38862628      5.02293423      0.55898752
1342  907         3.40460330      4.98680595      0.56311500
1343  907         3.44217282      4.93653539      0.54323261
1344  907         3.47662216      4.89863247      0.49302436
1345  907         3.48867551      4.88480105      0.41614883
1346  907         3.45022173      4.90215496      0.33776179
1347  907         3.37607602      4.91624688      0.25758930
1348  907         3.28246260      4.92594621      0.15789963
1349  907         3.19342448      4.94400121      0.05564217
1350  907         3.12681244      4.96159481     -0.03140061
1351  907         3.10349544      4.95577670     -0.10563400
1352  907         3.10319953      4.94708396     -0.17787506
1353  907         3.11090075      4.95401631     -0.25265079
1354  907         3.13378423      4.95604907     -0.32143001
1355  907         3.14741151      4.95200349     -0.39006916
1356  907         3.13105217      4.93937709     -0.47447295
1357  907         3.09231541      4.91419460     -0.56665718
1358  907         3.08483805      4.88672110     -0.65697251
1359  907         3.11836145      4.86548109     -0.75548269
1360  907         3.16857312      4.83751398     -0.86649510
1361  907         3.20861439      4.78933365     -0.95931278
1362  907         3.22226920      4.76876242     -1.04388980
1363  907         3.19562141      4.79704499     -1.12836232
1364  907         3.14963589      4.85293783     -1.19574193
1365  907         3.12068789      4.89221416     -1.24852512
1366  907         3.11719601      4.88511033     -1.29806393
1367  907         3.13038241      4.83955339     -1.36075014
1368  907         3.11737295      4.74471321     -1.41865251
1369  907         3.07848530      4.63842020     -1.45359747
1370  907         3.03667597      4.55024252     -1.45013938
1371  907         2.99980884      4.49835479     -1.43021121
1372  907         2.95338614      4.45414817     -1.41004143
1373  907         2.92489941      4.39696083     -1.40610221
1374  907         2.92034968      4.32568159     -1.40324534
1375  907         2.92987509      4.27245174     -1.35839684
1376  907         2.95883880      4.24035147     -1.28890761
1377  907         3.00592203      4.20132437     -1.23403591
1378  907         3.03620693      4.13953298     -1.21163931
1379  907         3.00495396      4.06181875     -1.22001317
1380  907         2.92902068      3.99273402     -1.23922450
1381  907         2.85032312      3.94076650     -1.23937126
1382  907         2.78946524      3.93317408     -1.22739400
1383  907         2.74381781      3.95347852     -1.20614465
1384  907         2.71031145      3.99388597     -1.16873844
1385  907         2.68120989      4.04217459     -1.12649044
1386  907         2.65547506      4.08096578     -1.09448293
1387  907         2.66142577      4.08760877     -1.08186032
1388  907         2.72314468      4.08088050     -1.08397205
1389  907         2.82062257      4.09105451     -1.09251772
1390  907         2.91960963      4.11388012     -1.11490750
1391  907         2.97933856      4.13355012     -1.14853717
1392  907         2.98707447      4.13998488     -1.17037550
1393  907         2.97341528      4.15950948     -1.17200397
1394  907         2.96753798      4.18452974     -1.17401767
1395  907         2.99312505      4.20574775     -1.19493906
1396  907         3.01745238      4.20015547     -1.22893471
1397  907         3.03074519      4.18584614     -1.26612187
1398  907         3.05630194      4.19431410     -1.29040707
1399  907         3.10392203      4.22034672     -1.29358136
1400  907         3.15541304      4.23875394     -1.28982003
1401  907         3.18060532      4.22222745     -1.29346341
1402  907         3.19161610      4.21602472     -1.30070125
1403  907         3.20427091      4.23314130     -1.30072384
1404  907         3.24195496      4.23966456     -1.31516708
1405  907         3.29856789      4.23444868     -1.34249915
1406  907         3.38074357      4.25539640     -1.36373297
1407  907         3.48602827      4.31519111     -1.35167071
1408  907         3.59639018      4.38233588     -1.32716320
1409  907         3.69268000      4.41578180     -1.31535557
1410  907         3.76232455      4.43213466     -1.31197330
1411  907         3.81228527      4.44947380     -1.30284043
1412  907         3.84668679      4.46262423     -1.30705721
1413  907         3.86932807      4.45480995     -1.33725591
1414  907         3.88143054      4.44568556     -1.37239782
1415  907         3.87731788      4.44927737     -1.40738021
1416  907         3.87058665      4.45396459     -1.44309779
1417  907         3.88245911      4.46480663     -1.46675753
1418  907         3.91267892      4.46783091     -1.48719531
1419  907         3.93200859      4.47176878     -1.50814498
1420  907         3.92636039      4.47820907     -1.51957901
1421  907         3.89696198      4.47201920     -1.52841740
1422  907         3.86232196      4.42754458     -1.53042387
1423  907         3.82289566      4.34561673     -1.53895051
1424  907         3.78624654      4.25685983     -1.54965296
1425  907         3.76863319      4.17310308     -1.57729103
1426  907         3.79210465      4.09552926     -1.62146183
1427  907         3.83039132      4.05238295     -1.66306241
1428  907         3.82663731      4.04843698     -1.68970744
1429  907         3.77614940      4.05912812     -1.71358694
1430  907         3.73756187      4.09619632     -1.74249688
1431  907         3.74019904      4.12998793     -1.76603759
1432  907         3.74725148      4.13014278     -1.77994206
1433  907         3.73936358      4.08898447     -1.80355788
1434  907         3.75056810      4.06059329     -1.85612399
1435  907         3.80951787      4.07045519     -1.91170033
1436  907         3.88929757      4.08984825     -1.96289770
1437  907         3.94616894      4.10614337     -2.01373693
1438  907         3.95968165      4.12709489     -2.03503921
1439  907         3.95793449      4.17242354     -2.00612982
1440  907         3.96900812      4.23170837     -1.95986905
1441  907         3.98664961      4.29293012     -1.93915389
1442  907         3.99317732      4.36306240     -1.92197691
1443  907         3.99229799      4.45433196     -1.89188197
1444  907         3.97822409      4.53706086     -1.86218023
1445  907         3.95423050      4.57950302     -1.83331112
1446  907         3.97075321      4.58644302     -1.80312101
1447  907         4.04145892      4.60295994     -1.80116463
1448  907         4.12311969      4.64677462     -1.81570696
1449  907         4.16462326      4.70410715     -1.81530475
1450  907         4.17168757      4.76702977     -1.79943366
1451  907         4.14578974      4.81470064     -1.76360160
1452  907         4.07735025      4.83167479     -1.71277761
1453  907         3.97446900      4.82275055     -1.65229009
1454  907         3.88065411      4.79851793     -1.59611782
1455  907         3.82415618      4.76810795     -1.56140105
1456  907         3.79402223      4.74657173     -1.54009887
1457  907         3.77897090      4.73002603     -1.51340318
1458  907         3.77538555      4.69140448     -1.47754506
1459  907         3.79133260      4.63770791     -1.43618134
1460  907         3.82102542      4.58728286     -1.41955984
1461  907         3.85121753      4.55328656     -1.44481659
1462  907         3.86124935      4.52695801     -1.51102331
1463  907         3.85010493      4.50098022     -1.59124919
1464  907         3.83433490      4.48209535     -1.66912893
1465  907         3.82467690      4.46813016     -1.72351574
1466  907         3.82958928      4.46002000     -1.74121762
1467  907         3.85272461      4.46596178     -1.73895685
1468  907         3.90267641      4.48755628     -1.72879802
1469  907         3.97210456      4.51162497     -1.71247245
1470  907         4.04725553      4.51489148     -1.67597952
1471  907         4.09914180      4.51214907     -1.63149238
1472  907         4.11203474      4.51861322     -1.59720672
1473  907         4.08858303      4.54874703     -1.59838355
1474  907         4.04884507      4.59145145     -1.60748666
1475  907         4.00170524      4.63184235     -1.60727420
1476  907         3.95696537      4.67634330     -1.60689486
1477  907         3.93176616      4.72320299     -1.62932674
1478  907         3.94464482      4.74479872     -1.65687536
1479  907         3.98227490      4.72868919     -1.65667491
1480  907         4.01938655      4.69725846     -1.63231462
1481  907         4.05272613      4.66895462     -1.60273466
1482  907         4.08637202      4.65988836     -1.59916069
1483  907         4.10878136      4.68066677     -1.62082305
1484  907         4.11151634      4.72362754     -1.64147522
1485  907         4.10800889      4.75156906     -1.64867942
1486  907         4.10929635      4.74633095     -1.64500746
1487  907         4.11832506      4.72718148     -1.61626816
1488  907         4.14592333      4.71543689     -1.56331986
1489  907         4.18960728      4.71083773     -1.50624767
1490  907         4.22606095      4.70553457     -1.44714039
1491  907         4.25088225      4.70794492     -1.40832884
1492  907         4.28707033      4.71058971     -1.39755998
1493  907         4.34964634      4.69076612     -1.40184063
1494  907         4.42497748      4.64105672     -1.43544365
1495  907         4.48064207      4.57885570     -1.48720057
1496  907         4.49346038      4.53315150     -1.52610843
1497  907         4.48707545      4.52123827     -1.54346687
1498  907         4.48366491      4.54108291     -1.53468111
1499  907         4.49357915      4.59608324     -1.49494179
1500  907         4.51827215      4.67105319     -1.44547005
1501  907         4.57386491      4.71336063     -1.40337721
1502  907         4.68378231      4.68581403     -1.37697441
1503  907         4.82086706      4.61659503     -1.38097821
1504  907         4.91926257      4.53897850     -1.39637389
1505  907         4.94673598      4.48750827     -1.40263265
1506  907         4.93903324      4.47179756     -1.41841608
1507  907         4.94226651      4.48663823     -1.43419520
1508  907         4.95488349      4.50626909     -1.44788769
1509  907         4.95985918      4.51722194     -1.45130528
1510  907         4.94649957      4.51355197     -1.45634859
1511  907         4.91536556      4.50010588     -1.46788291
1512  907         4.89954175      4.45982575     -1.46756337
1513  907         4.90224909      4.39820560     -1.46463331
1514  907         4.91511663      4.33376574     -1.48070708
1515  907         4.93682789      4.25835736     -1.51748454
1516  907         4.97870369      4.17526361     -1.55411172
1517  907         5.04503818      4.11004402     -1.58733561
1518  907         5.11391049      4.08848153     -1.62282927
1519  907         5.15339879      4.10349220     -1.66498391
1520  907         5.15163895      4.14689730     -1.71177331
1521  907         5.13044863      4.19735535     -1.73869000
1522  907         5.12329171      4.23980173     -1.74031058
1523  907         5.14279212      4.27364554     -1.74174750
1524  907         5.18094821      4.29297367     -1.75820108
1525  907         5.21423988      4.28894864     -1.78000442
1526  907         5.22248338      4.26791876     -1.78734756
1527  907         5.23403518      4.25197570     -1.76667318
1528  907         5.25858982      4.24541522     -1.71445425
1529  907         5.27315910      4.24938905     -1.64783719
1530  907         5.25198030      4.26382835     -1.59396195
1531  907         5.20102488      4.29711269     -1.56899383
1532  907         5.13417864      4.34239535     -1.57696228
1533  907         5.07932864      4.39644811     -1.60401415
1534  907         5.05297416      4.44264861     -1.62066991
1535  907         5.05093620      4.46016586     -1.61180579
1536  907         5.06508417      4.44188245     -1.59866399
1537  907         5.08978248      4.40536044     -1.61317730
1538  907         5.11898091      4.37406529     -1.66616426
1539  907         5.13766074      4.36711581     -1.74720382
1540  907         5.13343696      4.38299618     -1.84917756
1541  907         5.11092074      4.38873938     -1.96738189
1542  907         5.08237645      4.37392753     -2.08479450
1543  907         5.05347942      4.35526245     -2.18832817
1544  907         5.02240372      4.33690796     -2.25375796
1545  907         4.98377503      4.32146227     -2.28143848
1546  907         4.95245235      4.31012141     -2.27480979
1547  907         4.91846867      4.29652490     -2.24159739
1548  907         4.87354361      4.27809187     -2.18417008
1549  907         4.82746313      4.25681590     -2.10915911
1550  907         4.79382180      4.24868212     -2.05121099
1551  907         4.76614203      4.25081429     -2.02764853
1552  907         4.73318022      4.24618293     -2.04552929
1553  907         4.69190209      4.25190713     -2.09188733
1554  907         4.65304030      4.28174426     -2.13713110
1555  907         4.63022281      4.33494518     -2.15545763
1556  907         4.62568532      4.39508596     -2.14099716
1557  907         4.63367662      4.44111184     -2.09541948
1558  907         4.63780803      4.46880838     -2.03489967
1559  907         4.62659871      4.50302864     -1.97155576
1560  907         4.58241730      4.56444637     -1.91532061
1561  907         4.50210092      4.62598662     -1.87268444
1562  907         4.40163812      4.65605784     -1.84691952
1563  907         4.32654648      4.66099613     -1.82676175
1564  907         4.30191337      4.67616305     -1.81058615
1565  907         4.31313700      4.69966796     -1.78623222
1566  907         4.32597218      4.70922938     -1.75995260
1567  907         4.32225665      4.69583181     -1.73533461
1568  907         4.30519912      4.68617463     -1.69901334
1569  907         4.27196530      4.69752166     -1.66745649
1570  907         4.21991941      4.71329707     -1.64988102
1571  907         4.15553060      4.71706047     -1.63101948
1572  907         4.11476439      4.72307346     -1.60095769
1573  907         4.10860290      4.74802162     -1.57793380
1574  907         4.12609508      4.78151742     -1.57782537
1575  907         4.13117942      4.82038234     -1.58496027
1576  907         4.11193585      4.86877931     -1.58525597
1577  907         4.05605400      4.92382955     -1.58351535
1578  907         3.96944908      4.96200148     -1.58045168
1579  907         3.88863154      4.96093707     -1.54683047
1580  907         3.82892812      4.94417569     -1.47983282
1581  907         3.80006188      4.93463535     -1.39279932
1582  907         3.80679574      4.92391246     -1.31982746
1583  907         3.83842226      4.92191221     -1.26130754
1584  907         3.86149713      4.94459955     -1.22370580
1585  907         3.84803115      4.98138830     -1.20041626
1586  907         3.80083781      5.00151504     -1.19581261
1587  907         3.74930790      4.98628130     -1.21269324
1588  907         3.72095995      4.96353775     -1.23730559
1589  907         3.70530465      4.96534354     -1.26125741
1590  907         3.69021526      4.98862889     -1.26940714
1591  907         3.69469494      5.00872204     -1.26908974
1592  907         3.72143077      5.02994730     -1.25877428
1593  907         3.74776549      5.05122627     -1.23849498
1594  907         3.75879517      5.05923390     -1.20241373
1595  907         3.75509922      5.03351651     -1.16483436
1596  907         3.72812262      4.97564981     -1.13886114
1597  907         3.70433716      4.92070292     -1.11694700
1598  907         3.71809315      4.88987526     -1.09858905
1599  907         3.76450930      4.89592738     -1.07409960
1600  907         3.80679914      4.92069097     -1.04592573
1601  907         3.82828100      4.95762905     -1.02538611
1602  907         3.84390484      5.00153824     -1.02604375
1603  907         3.87367827      5.04576376     -1.05739181
1604  907         3.90252757      5.06298008     -1.09241768
1605  907         3.91634088      5.04321390     -1.12110636
1606  907         3.92591387      5.04112265     -1.15492142
1607  907         3.94800840      5.06790671     -1.19903692
1608  907         4.00445316      5.09576244     -1.22717419
1609  907         4.08774728      5.09308193     -1.22636279
1610  907         4.15347552      5.08776086     -1.21331156
1611  907         4.18533571      5.11969412     -1.21007040
1612  907         4.19026544      5.17849915     -1.22574608
1613  907         4.16953070      5.22055340     -1.24352854
1614  907         4.13947554      5.22198833     -1.24262796
1615  907         4.12596561      5.19711174     -1.22870475
1616  907         4.15475228      5.17352971     -1.22166834
1617  907         4.20231782      5.14454710     -1.21948449
1618  907         4.22657835      5.11669439     -1.20110881
1619  907         4.21114798      5.09664638     -1.17579618
1620  907         4.18466743      5.07086244     -1.17833570
1621  907         4.14726676      5.04788564     -1.18764572
1622  907         4.10379765      5.04041258     -1.17868019
1623  907         4.08150096      5.06441386     -1.16550540
1624  907         4.08651774      5.10978790     -1.16062799
1625  907         4.08838879      5.15615324     -1.18406749
1626  907         4.07182879      5.19277976     -1.23005778
1627  907         4.04129873      5.22074597     -1.26490752
1628  907         3.99446205      5.24260280     -1.28172311
1629  907         3.94545742      5.24468419     -1.28257533
1630  907         3.92803680      5.21557215     -1.27335938
1631  907         3.94347154      5.16309297     -1.25220008
1632  907         3.96210964      5.12412458     -1.20976198
1633  907         3.96860805      5.13145173     -1.12894561
1634  907         3.98510631      5.16619482     -1.02937183
1635  907         3.97820711      5.17949408     -0.95967765
1636  907         3.92397151      5.15910614     -0.93604248
1637  907         3.86994959      5.12617478     -0.94801285
1638  907         3.85499017      5.09841838     -0.96707948
1639  907         3.84998396      5.09595825     -0.98872952
1640  907         3.84223207      5.08457463     -1.01361820
1641  907         3.84640746      5.06792878     -1.02276732
1642  907         3.87501652      5.04243864     -1.02052972
1643  907         3.92318474      5.02611680     -1.00911518
1644  907         3.97667928      5.01393003     -0.98774649
1645  907         4.02122206      4.99807882     -0.95415508
1646  907         4.02258606      4.95693118     -0.94946057
1647  907         3.99805591      4.89845819     -1.00228411
1648  907         3.99431194      4.87492832     -1.08770830
1649  907         4.03434544      4.91248094     -1.18026150
1650  907         4.09091563      4.98804001     -1.22523212
1651  907         4.10423243      5.07111602     -1.22065599
1652  907         4.10254087      5.16537332     -1.21209332
1653  907         4.10811135      5.24867176     -1.24419372
1654  907         4.12542401      5.27919879     -1.27433746
1655  907         4.13800804      5.26854026     -1.28258196
1656  907         4.15333451      5.24908504     -1.27291383
1657  907         4.15317380      5.22289326     -1.26910786
1658  907         4.12008271      5.15791432     -1.28185225
1659  907         4.07704931      5.08682553     -1.30468891
1660  907         4.04340314      5.04571654     -1.31293117
1661  907         4.02554983      5.04463100     -1.28819669
1662  907         4.00664875      5.04416716     -1.24729955
1663  907         3.98376894      5.03014938     -1.21895021
1664  907         3.94610913      5.02020338     -1.21035046
1665  907         3.90653931      4.98962916     -1.18355730
1666  907         3.88649074      4.93822667     -1.14342419
1667  907         3.88750776      4.88212864     -1.10189870
1668  907         3.89703205      4.81124821     -1.05356833
1669  907         3.88575574      4.72357580     -0.99930945
1670  907         3.84296085      4.63606092     -0.96534922
1671  907         3.79147489      4.58172182     -0.93481145
1672  907         3.76328531      4.56689268     -0.84035229
1673  907         3.75165408      4.55760963     -0.70948725
1674  907         3.72954879      4.53131348     -0.61570277
1675  907         3.69547431      4.49003456     -0.57854952
1676  907         3.66329148      4.45171005     -0.56839989
1677  907         3.65114202      4.42334747     -0.54897175
1678  907         3.65496595      4.41373678     -0.50079197
1679  907         3.66358613      4.42626742     -0.45767809
1680  907         3.64356960      4.45154182     -0.43596403
1681  907         3.57750443      4.48361251     -0.42104216
1682  907         3.49744025      4.51996209     -0.40744794
1683  907         3.46452955      4.55008529     -0.41292079
1684  907         3.48894025      4.56597446     -0.44299575
1685  907         3.53454683      4.56523816     -0.49052236
1686  907         3.56246697      4.55491079     -0.54450504
1687  907         3.56104017      4.55126813     -0.58729334
1688  907         3.55389282      4.56080233     -0.61124960
1689  907         3.54611017      4.57838811     -0.60355752
1690  907         3.53996028      4.59146372     -0.56846877
1691  907         3.54393502      4.59817003     -0.52257684
1692  907         3.56349591      4.60007091     -0.47421997
1693  907         3.61776394      4.59148990     -0.42930362
1694  907         3.70761493      4.58033545     -0.38143540
1695  907         3.79889391      4.58706262     -0.32946213
1696  907         3.87843159      4.62015647     -0.29208449
1697  907         3.95334494      4.65701849     -0.29386368
1698  907         4.03270495      4.67140245     -0.31471637
1699  907         4.10024265      4.70299076     -0.33111189
1700  907         4.11805713      4.75863666     -0.31568685
1701  907         4.10093650      4.82672716     -0.29019127
1702  907         4.09930491      4.88694632     -0.27125490
1703  907         4.13967734      4.91867421     -0.23582447
1704  907         4.18830194      4.92467564     -0.19469571
1705  907         4.20631722      4.94303021     -0.17691049
1706  907         4.20840302      5.00810258     -0.17177148
1707  907         4.23226110      5.08872305     -0.15908910
1708  907         4.26757363      5.15993390     -0.14052121
1709  907         4.29110037      5.22258123     -0.12862088
1710  907         4.32212563      5.27055247     -0.14242190
1711  907         4.37777205      5.27750763     -0.16223798
1712  907         4.43621632      5.24151519     -0.17527230
1713  907         4.47263360      5.19679479     -0.17798321
1714  907         4.47926315      5.16552518     -0.14554316
1715  907         4.46403383      5.15764746     -0.08779703
1716  907         4.46471648      5.16189626     -0.04023894
1717  907         4.51428064      5.19384830     -0.01922464
1718  907         4.60621067      5.22667443     -0.00639168
1719  907         4.69876840      5.22963191      0.00546574
1720  907         4.77427528      5.22194623      0.01017575
1721  907         4.82720590      5.22057367     -0.00063119
1722  907         4.85227218      5.20596147     -0.01897590
1723  907         4.85742046      5.19444348     -0.03474531
1724  907         4.82427741      5.22711187     -0.03954098
1725  907         4.77537615      5.30779433     -0.00442163
1726  907         4.76445677      5.39502870      0.06092338
1727  907         4.81496008      5.45619572      0.13401274
1728  907         4.88494411      5.50679225      0.19142292
1729  907         4.93287874      5.55975992      0.22887302
1730  907         4.94825932      5.60287571      0.25218499
1731  907         4.94190138      5.60470123      0.26681691
1732  907         4.90902033      5.56009120      0.29968499
1733  907         4.86828843      5.47384560      0.37110693
1734  907         4.84735042      5.38609412      0.43445059
1735  907         4.83716079      5.32982196      0.44758092
1736  907         4.84310713      5.33228001      0.41689326
1737  907         4.83918037      5.36486079      0.39125032
1738  907         4.81045937      5.36444369      0.39724800
1739  907         4.77924128      5.36114942      0.44158897
1740  907         4.78564012      5.36673855      0.48500510
1741  907         4.79744494      5.35595253      0.47152826
1742  907         4.79530231      5.37127456      0.45026714
1743  907         4.76851751      5.38117332      0.44695872
1744  907         4.74225563      5.39351650      0.48642112
1745  907         4.74540183      5.39241370      0.51819118
1746  907         4.75608629      5.37381966      0.57086812
1747  907         4.72145305      5.35737569      0.67740241
1748  907         4.66837235      5.33631895      0.77770332
1749  907         4.64293524      5.30793530      0.80161683
1750  907         4.63597551      5.29480731      0.76314382
1751  907         4.61165392      5.31515183      0.75292163
1752  907         4.55795573      5.35222059      0.76517483
1753  907         4.50585626      5.40210768      0.77626887
1754  778         2.81822590      5.73565498      2.56328159
1755  778         2.82083095      5.76648327      2.63468419
1756  778         2.83966848      5.81687405      2.71550905
1757  778         2.82727603      5.86392251      2.78962928
1758  778         2.80665664      5.92572646      2.87848938
1759  778         2.80840419      6.00912442      2.96999603
1760  778         2.80445252      6.08000252      3.05361141
1761  778         2.76418774      6.11190620      3.09814787
1762  778         2.71035693      6.12617754      3.11586414
1763  778         2.68590386      6.15883699      3.13102000
1764  778         2.69841476      6.20444168      3.13397065
1765  778         2.71209100      6.23897811      3.11292871
1766  778         2.71592580      6.27207036      3.11829945
1767  778         2.70941901      6.30824504      3.15974044
1768  778         2.66926573      6.34191772      3.20084109
1769  778         2.60385624      6.34365862      3.22356332
1770  778         2.54659739      6.30854129      3.22153662
1771  778         2.52599966      6.29533416      3.18493093
1772  778         2.52332707      6.30359448      3.13872785
1773  778         2.51256305      6.32979463      3.08944468
1774  778         2.49052527      6.35548500      3.05232882
1775  778         2.45306563      6.37713657      3.01480993
1776  778         2.39777812      6.36655523      2.98667182
1777  778         2.34783740      6.31477604      2.95006411
1778  778         2.31561183      6.26236439      2.90855792
1779  778         2.30784861      6.22293309      2.86406163
1780  778         2.31051463      6.17551766      2.82576816
1781  778         2.30992790      6.13834866      2.81548216
1782  778         2.30526421      6.12943727      2.83785342
1783  778         2.28780591      6.15453769      2.87518914
1784  778         2.27610238      6.20442657      2.91601370
1785  778         2.28022685      6.27030713      2.94261163
1786  778         2.31561205      6.32320987      2.95702798
1787  778         2.37468222      6.34348575      2.94442370
1788  778         2.45563077      6.32542106      2.92356195
1789  778         2.53646719      6.32429041      2.92218523
1790  778         2.58647337      6.32373852      2.93997837
1791  778         2.58799361      6.31056321      2.94737533
1792  778         2.55367978      6.27587185      2.94644231
1793  778         2.51878005      6.21724061      2.93954923
1794  778         2.50028197      6.16068219      2.93986689
1795  778         2.51681538      6.13736871      2.96254899
1796  778         2.56683167      6.15364879      2.97669741
1797  778         2.61615981      6.17640577      2.96784107
1798  778         2.60792083      6.18164159      2.93918631
1799  778         2.53757563      6.18403625      2.90949250
1800  778         2.45507368      6.20894433      2.87635144
1801  778         2.42289813      6.24233619      2.83345024
1802  778         2.43034652      6.27324925      2.78833690
1803  778         2.45938408      6.29461248      2.75536077
1804  778         2.49933432      6.30577307      2.72187535
1805  778         2.53666475      6.29701801      2.67521989
1806  778         2.55779305      6.28718194      2.62636288
1807  778         2.53702720      6.29884289      2.58763417
1808  778         2.47951891      6.33709839      2.55771358
1809  778         2.41215652      6.38504978      2.51895167
1810  778         2.35682568      6.41608889      2.48129077
1811  778         2.31371866      6.42981506      2.43975552
1812  778         2.28909541      6.44069824      2.38960558
1813  778         2.29904410      6.46623717      2.32667948
1814  778         2.33270071      6.48560753      2.26700184
1815  778         2.36080285      6.49457489      2.21676569
1816  778         2.37009234      6.48953852      2.16852449
1817  778         2.34342286      6.46680269      2.12707697
1818  778         2.28419909      6.43499639      2.09065802
1819  778         2.23674273      6.43453980      2.06673012
1820  778         2.20113486      6.47528441      2.05286621
1821  778         2.15677311      6.53893071      2.02786706
1822  778         2.09877283      6.60352285      1.99076665
1823  778         2.04154039      6.64420417      1.94859066
1824  778         1.99932360      6.65968337      1.91953863
1825  778         1.96801260      6.65365831      1.88531154
1826  778         1.93759895      6.64446558      1.85890053
1827  778         1.90782845      6.64903789      1.85960258
1828  778         1.88167039      6.67276821      1.87457995
1829  778         1.86297266      6.70122969      1.87560193
1830  778         1.85005901      6.71839168      1.84437830
1831  778         1.82663260      6.72059778      1.79656103
1832  778         1.79736791      6.72470870      1.74060054
1833  778         1.78837748      6.72422370      1.67972150
1834  778         1.81775388      6.71091403      1.64485231
1835  778         1.85259772      6.66080182      1.62826313
1836  778         1.84574437      6.60910447      1.62648812
1837  778         1.81284284      6.58331684      1.64145625
1838  778         1.78839882      6.58766902      1.66836131
1839  778         1.76566031      6.57621136      1.68303827
1840  778         1.73389622      6.51868213      1.67510411
1841  778         1.70762594      6.45683536      1.66427790
1842  778         1.70680976      6.43589024      1.65620322
1843  778         1.72245619      6.44686876      1.65761303
1844  778         1.71819975      6.43584891      1.65627225
1845  778         1.69442772      6.37788037      1.65623934
1846  778         1.67551623      6.30701453      1.67154628
1847  778         1.67106804      6.22419245      1.69846393
1848  778         1.66937421      6.12096493      1.74207344
1849  778         1.64784664      6.01661683      1.77583231
1850  778         1.58906421      5.96342340      1.78234424
1851  778         1.51513136      5.98255375      1.76626646
1852  778         1.43433679      6.04043649      1.75142713
1853  778         1.36137807      6.09143772      1.72832257
1854  778         1.31800130      6.11195177      1.69691948
1855  778         1.30027100      6.10631151      1.66508360
1856  778         1.30731123      6.09453409      1.63695648
1857  778         1.31104225      6.07842132      1.61530504
1858  778         1.31304948      6.04579010      1.60382784
1859  778         1.30342084      6.00936424      1.60656142
1860  778         1.28019152      5.99154704      1.60660248
1861  778         1.27361124      5.99331023      1.61130335
1862  778         1.29970660      5.98562887      1.62422493
1863  778         1.31693750      5.99427603      1.63992067
1864  778         1.32632182      6.02678232      1.65110444
1865  778         1.32941018      6.06386523      1.66527542
1866  778         1.33979821      6.07839178      1.69126058
1867  778         1.37446115      6.08110607      1.71267906
1868  778         1.42617201      6.08819716      1.71004912
1869  778         1.48063559      6.06333300      1.70619259
1870  778         1.50638332      6.03138824      1.72396535
1871  778         1.51756525      6.00794968      1.73242808
1872  778         1.52319002      6.01152291      1.73219929
1873  778         1.52804926      6.04948516      1.72436605
1874  778         1.52572510      6.11923469      1.70053164
1875  778         1.53038649      6.20330066      1.68051135
1876  778         1.55902830      6.28818234      1.65929566
1877  778         1.61078868      6.35535537      1.62495471
1878  778         1.69122284      6.40717823      1.57254663
1879  778         1.75248979      6.45824117      1.50754919
1880  778         1.76099565      6.51273788      1.43879711
1881  778         1.72839088      6.55596552      1.36672003
1882  778         1.69457798      6.58019249      1.29058680
1883  778         1.66702080      6.59085324      1.24139261
1884  778         1.66127473      6.57729493      1.22909320
1885  778         1.68603494      6.53982848      1.22884251
1886  778         1.71550149      6.52148438      1.22579401
1887  778         1.73582220      6.55980266      1.24136590
1888  778         1.74901894      6.62892513      1.27996981
1889  778         1.76624977      6.67409107      1.29886780
1890  778         1.77855260      6.66761947      1.28037331
1891  778         1.78471618      6.64603126      1.22796313
1892  778         1.79036355      6.65009260      1.19353534
1893  778         1.80376988      6.67350879      1.16868414
1894  778         1.82511734      6.67536813      1.12578743
1895  778         1.84871435      6.65248262      1.06132541
1896  778         1.87737384      6.63143841      1.00206066
1897  778         1.89211221      6.63136667      0.97060088
1898  778         1.86506511      6.65298483      0.97789309
1899  778         1.79878463      6.65988943      0.99236604
1900  778         1.71786942      6.63231416      1.00151713
1901  778         1.63176809      6.58792255      0.99783431
1902  778         1.55309907      6.55207745      0.98692142
1903  778         1.48942725      6.52573540      0.95437680
1904  778         1.46586798      6.48324251      0.89701555
1905  778         1.46839836      6.42673191      0.82524969
1906  778         1.45249731      6.38168743      0.75259466
1907  778         1.41454752      6.36846917      0.69395964
1908  778         1.37758108      6.38169216      0.65413062
1909  778         1.36360297      6.40901190      0.64979815
1910  778         1.36378886      6.44277131      0.67343486
1911  778         1.36700479      6.46106373      0.71098871
1912  778         1.35366560      6.44492352      0.75458484
1913  778         1.32205120      6.39488331      0.80106246
1914  778         1.27381742      6.32827017      0.84279855
1915  778         1.23089289      6.24130584      0.87180347
1916  778         1.20183538      6.14199015      0.89230802
1917  778         1.17375372      6.05366184      0.91963319
1918  778         1.14522153      6.03000151      0.95889806
1919  778         1.12760638      6.08175567      0.99919095
1920  778         1.13557962      6.15763464      1.02440901
1921  778         1.14959527      6.21061075      1.04742999
1922  778         1.14896542      6.21361613      1.06731977
1923  778         1.13518479      6.18646534      1.07693194
1924  778         1.09936180      6.14961806      1.04485641
1925  778         1.05155711      6.13505128      0.99254779
1926  778         1.01159626      6.15205798      0.96062813
1927  778         1.01083204      6.20177668      0.94823854
1928  778         1.03763610      6.25552699      0.91731941
1929  778         1.06195351      6.30976572      0.84494483
1930  778         1.07172300      6.36532323      0.77226316
1931  778         1.06926657      6.42241544      0.71900296
1932  778         1.07519571      6.44404776      0.66640903
1933  778         1.10013370      6.42393827      0.61042578
1934  778         1.14361231      6.39271746      0.56678343
1935  778         1.18705778      6.37294714      0.54245190
1936  778         1.21136881      6.40808672      0.51930787
1937  778         1.18310400      6.49520704      0.47958858
1938  778         1.15597505      6.59350538      0.42227811
1939  778         1.16633206      6.65261279      0.39011223
1940  778         1.22859923      6.66751875      0.37800596
1941  778         1.28260692      6.65031913      0.36235949
1942  778         1.31249382      6.63839368      0.33644917
1943  778         1.31283256      6.62855005      0.31596498
1944  778         1.29848936      6.61811403      0.31842664
1945  778         1.29781363      6.60624926      0.33872117
1946  778         1.26592650      6.59496473      0.35952421
1947  778         1.21183225      6.60595948      0.37806909
1948  778         1.17659043      6.63814920      0.40567924
1949  778         1.17185927      6.70344941      0.44061632
1950  778         1.17667823      6.74688577      0.45150668
1951  778         1.20530449      6.78432887      0.40630038
1952  778         1.25020216      6.81688428      0.34964102
1953  778         1.25385518      6.86553006      0.32085929
1954  778         1.22181233      6.91866517      0.29459420
1955  778         1.20140120      6.93971822      0.23645852
1956  778         1.20738898      6.90926206      0.19058058
1957  778         1.21281381      6.85599171      0.18878634
1958  778         1.18493476      6.85947069      0.21192639
1959  778         1.12425961      6.91984827      0.23126287
1960  778         1.08930851      6.97653090      0.24849477
1961  778         1.09620945      6.96924803      0.29792883
1962  778         1.11635141      6.90651990      0.33901829
1963  778         1.12710152      6.83512798      0.30263491
1964  778         1.11965341      6.79540711      0.21117051
1965  778         1.10096461      6.77795961      0.12750757
1966  778         1.05880681      6.76913124      0.09333839
1967  778         0.98275371      6.75571020      0.09663290
1968  778         0.90135169      6.74581836      0.10884108
1969  778         0.83541535      6.75172844      0.12663658
1970  778         0.78218102      6.74791134      0.12329030
1971  778         0.73108944      6.74318085      0.08518909
1972  778         0.66605270      6.72895242      0.01489532
1973  778         0.60271268      6.72618965     -0.06639486
1974  778         0.56897736      6.73875877     -0.12548782
1975  778         0.55949375      6.76653662     -0.15977986
1976  778         0.55279063      6.78657504     -0.19432510
1977  778         0.54220366      6.77786680     -0.22991529
1978  778         0.55390823      6.74823770     -0.24998847
1979  778         0.58477609      6.69857077     -0.25407380
1980  778         0.60094581      6.67014314     -0.24503387
1981  778         0.58739835      6.67209159     -0.23382600
1982  778         0.55777873      6.70879489     -0.23910369
1983  778         0.51293524      6.76080736     -0.25657608
1984  778         0.46540241      6.81437464     -0.26260229
1985  778         0.42257534      6.84570009     -0.25153129
1986  778         0.37795391      6.84614504     -0.24241324
1987  778         0.33497634      6.82118255     -0.23959465
1988  778         0.29432899      6.77304588     -0.23128540
1989  778         0.26964672      6.72039920     -0.21410991
1990  778         0.28668235      6.71076656     -0.19906257
1991  778         0.33738194      6.76025211     -0.20063941
1992  778         0.38505645      6.81314091     -0.21518006
1993  778         0.42768272      6.83116111     -0.21470037
1994  778         0.48915692      6.80560606     -0.18901353
1995  778         0.53837178      6.77825579     -0.16268745
1996  778         0.55687441      6.76857726     -0.13467999
1997  778         0.58081675      6.75265360     -0.10398035
1998  778         0.64590485      6.71099453     -0.09050507
1999  778         0.68726223      6.66485626     -0.06984879
2000  778         0.68788451      6.64831417     -0.04349490
2001  778         0.67419674      6.68932612     -0.04676382
2002  778         0.65611857      6.75637256     -0.07642734
2003  778         0.62401104      6.79710389     -0.10916809
2004  778         0.57836383      6.80477323     -0.13195837
2005  778         0.53849173      6.79275660     -0.13847571
2006  778         0.53933129      6.79302697     -0.13558762
2007  778         0.58012859      6.78674306     -0.13817380
2008  778         0.64396053      6.76235228     -0.14743613
2009  778         0.68499421      6.71100973     -0.15629810
2010  778         0.68120796      6.66015397     -0.17024217
2011  778         0.67808955      6.64171891     -0.18579361
2012  778         0.69893766      6.65046003     -0.19699487
2013  778         0.72731377      6.68099662     -0.19964148
2014  778         0.72745297      6.73159377     -0.16901379
2015  778         0.71299209      6.80029767     -0.12601289
2016  778         0.71752664      6.86105094     -0.10301643
2017  778         0.78288805      6.89270510     -0.10952914
2018  778         0.90098893      6.88071266     -0.12091431
2019  778         1.04128926      6.84316645     -0.13176502
2020  778         1.17842815      6.79876476     -0.15794933
2021  778         1.31139987      6.78413035     -0.17413682
2022  778         1.42820640      6.81076538     -0.17251432
2023  778         1.50969533      6.85011578     -0.14671232
2024  778         1.55459864      6.89191506     -0.09943018
2025  778         1.56324233      6.94004489     -0.03669749
2026  778         1.56191661      6.98860030      0.01477636
2027  778         1.58612752      7.00046515      0.02345963
2028  778         1.62716008      6.98689436      0.00125835
2029  778         1.66399916      6.94107778     -0.00794396
2030  778         1.71528452      6.87249456     -0.00011511
2031  778         1.78021806      6.79594374      0.00809118
2032  778         1.84430089      6.73631961      0.00866694
2033  778         1.89704760      6.69985838      0.00279947
2034  778         1.91826307      6.68106756      0.00465236
2035  778         1.92064063      6.67002710      0.01461099
2036  778         1.91077518      6.67096083      0.03450531
2037  778         1.88209249      6.68944283      0.04752698
2038  778         1.83308756      6.72277458      0.06035514
2039  778         1.80821671      6.75043220      0.10150378
2040  778         1.83597699      6.75174053      0.17621765
2041  778         1.89955618      6.73596582      0.26397294
2042  778         1.94546856      6.72192425      0.33206359
2043  778         1.97164930      6.71859502      0.37627027
2044  778         1.98357533      6.72466237      0.40476113
2045  778         1.99056946      6.71917722      0.43528947
2046  778         1.98367950      6.71357060      0.47128711
2047  778         1.95004042      6.70950263      0.48724144
2048  778         1.89526191      6.69820278      0.46691929
2049  778         1.82774329      6.67651579      0.43779988
2050  778         1.76219757      6.64027816      0.42209688
2051  778         1.71522137      6.60371674      0.41531256
2052  778         1.70095061      6.54854241      0.40385557
2053  778         1.71484993      6.47686172      0.38895489
2054  778         1.71240525      6.40867148      0.40210572
2055  778         1.67642232      6.37116241      0.43069613
2056  778         1.65979607      6.35974529      0.44756627
2057  778         1.68494488      6.35001274      0.42781494
2058  778         1.71957420      6.32921954      0.39918419
2059  778         1.74738471      6.28582541      0.37806628
2060  778         1.77990018      6.22066187      0.36569578
2061  778         1.80318787      6.13263276      0.35759677
2062  778         1.79654196      6.03739148      0.35012739
2063  778         1.78753208      5.94517813      0.35416824
2064  778         1.78042164      5.88174197      0.35972043
2065  778         1.77887738      5.84611763      0.35857965
2066  778         1.76935240      5.85570379      0.36861458
2067  778         1.75270750      5.89434153      0.38422152
2068  778         1.71435130      5.95124410      0.38392087
2069  778         1.67374142      6.01000313      0.36637197
2070  778         1.62258946      6.05377785      0.33711840
2071  778         1.55766884      6.06062898      0.29279696
2072  778         1.47703555      6.04234458      0.22847763
2073  778         1.40564050      6.02373543      0.15028172
2074  778         1.34879031      6.01338960      0.07578911
2075  778         1.28768235      6.01596435      0.04391629
2076  778         1.22254399      6.02925136      0.06617819
2077  778         1.16410766      6.05630504      0.10866610
2078  778         1.13235564      6.08233617      0.13009340
2079  778         1.10483931      6.11274227      0.12067042
2080  778         1.07233029      6.13645914      0.08325455
2081  778         1.01955789      6.14083044      0.01187967
2082  778         0.92928233      6.11502328     -0.07483072
2083  778         0.82143265      6.07625169     -0.11691668
2084  778         0.73454711      6.06623808     -0.08318438
2085  778         0.69403812      6.09311900     -0.03809362
2086  778         0.66044324      6.14356274     -0.01163004
2087  778         0.63565087      6.18532489      0.01839130
2088  778         0.61864943      6.21790899      0.02867780
2089  778         0.62348080      6.23281009      0.00312223
2090  778         0.63730959      6.25182674     -0.02298231
2091  778         0.61620383      6.24749836     -0.02482358
2092  778         0.57105571      6.21796076     -0.01207504
2093  778         0.54137623      6.19500399      0.02416009
2094  778         0.53883531      6.17744780      0.06810132
2095  778         0.52687671      6.16823522      0.06782779
2096  778         0.49085250      6.17852137      0.01957830
2097  778         0.46143468      6.21818537     -0.03352321
2098  778         0.46410447      6.27012907     -0.05861770
2099  778         0.48497474      6.32324018     -0.05932135
2100  778         0.47883481      6.35551396     -0.07525373
2101  778         0.41749985      6.36975838     -0.12901832
2102  778         0.34658738      6.36894390     -0.19102093
2103  778         0.29766593      6.35120950     -0.20940349
2104  778         0.26524109      6.29865372     -0.19588302
2105  778         0.22944822      6.23419898     -0.16608390
2106  778         0.18129317      6.18643467     -0.12054753
2107  778         0.11097108      6.14742380     -0.05458594
2108  778         0.02545292      6.10018747      0.01327700
2109  778        -0.03167597      6.03141712      0.06434935
2110  778        -0.07779999      5.95332396      0.08472724
2111  778        -0.12054952      5.89801552      0.07089330
2112  778        -0.16838904      5.88558158      0.04825897
2113  778        -0.20103614      5.88036729      0.03278856
2114  778        -0.20503315      5.85307311      0.02087992
2115  778        -0.17561960      5.82798212      0.02038456
2116  778        -0.13173590      5.83821652      0.04886922
2117  778        -0.10248131      5.87046693      0.07025847
2118  778        -0.08269360      5.90663079      0.02702576
2119  778        -0.06307185      5.97008375     -0.00116246
2120  778        -0.02558553      6.03585484      0.01990917
2121  778         0.05611165      6.06341418      0.05524059
2122  778         0.15245964      6.03845965      0.04893363
2123  778         0.24486264      6.01189149      0.02206917
2124  778         0.31118505      5.99219128      0.00524759
2125  778         0.35014691      5.97472079     -0.00609874
2126  778         0.37850724      5.95659019     -0.02815905
2127  778         0.40589267      5.94063536     -0.05067047
2128  778         0.41840698      5.92694691     -0.08205766
2129  778         0.43760474      5.91468950     -0.09314912
2130  778         0.46651117      5.91679471     -0.07787200
2131  778         0.50072314      5.92426878     -0.05435843
2132  778         0.52251687      5.92318590     -0.05939519
2133  778         0.54709880      5.90525922     -0.11066964
2134  778         0.59492987      5.89235959     -0.15616645
2135  778         0.64955574      5.87377913     -0.14708814
2136  778         0.68567152      5.85860459     -0.09781809
2137  778         0.69572600      5.84481183     -0.05235099
2138  778         0.68932241      5.81667871     -0.02761483
2139  778         0.66602503      5.77040929     -0.03525798
2140  778         0.63435909      5.71837157     -0.06427535
2141  778         0.61212479      5.69098551     -0.10134667
2142  778         0.61556160      5.68538344     -0.10602412
2143  778         0.62437003      5.69213262     -0.09377471
2144  778         0.64675780      5.68899534     -0.09009300
2145  778         0.68904954      5.69936219     -0.10662927
2146  778         0.73942986      5.72281992     -0.12633266
2147  778         0.78491247      5.73544888     -0.14541485
2148  778         0.82176418      5.74154036     -0.16900404
2149  778         0.84574303      5.76660016     -0.17966900
2150  778         0.84744332      5.79733806     -0.19359608
2151  778         0.81478500      5.80002635     -0.21288415
2152  778         0.77008428      5.77218200     -0.23090524
2153  778         0.74273299      5.74528316     -0.24068070
2154  778         0.72525789      5.74215669     -0.25094191
2155  778         0.70813471      5.75037051     -0.25546741
2156  778         0.69550250      5.76650332     -0.25336548
2157  778         0.69994290      5.79718333     -0.25318500
2158  778         0.71523187      5.84297032     -0.25464733
2159  778         0.73129149      5.87982749     -0.25964697
2160  778         0.72371144      5.90525899     -0.26777056
2161  778         0.69588585      5.91450970     -0.29219655
2162  778         0.65676419      5.90280286     -0.32846530
2163  778         0.60699149      5.89469512     -0.35020764
2164  778         0.54448570      5.91473732     -0.35991313
2165  778         0.47409446      5.95132795     -0.34853334
2166  778         0.41685918      5.98224278     -0.31526894
2167  778         0.38923751      5.99993065     -0.28718839
2168  778         0.41616385      6.02020259     -0.26562121
2169  778         0.48299695      6.06659270     -0.26541745
2170  778         0.55531888      6.15506924     -0.28283767
2171  778         0.59552433      6.26654272     -0.31352416
2172  778         0.63187183      6.34443459     -0.33733694
2173  778         0.68612947      6.35411716     -0.33488624
2174  778         0.76199874      6.31731818     -0.30249107
2175  778         0.80661679      6.27196229     -0.24674223
2176  778         0.80931883      6.23963149     -0.19407973
2177  778         0.82054683      6.24678272     -0.17864821
2178  778         0.84761831      6.30156300     -0.21383887
2179  778         0.86911723      6.37197164     -0.26229921
2180  778         0.83434114      6.42723119     -0.30539363
2181  778         0.76974563      6.46158008     -0.33884863
2182  778         0.71887493      6.47848341     -0.37105483
2183  778         0.69670177      6.46783934     -0.39017468
2184  778         0.70355580      6.44217227     -0.39003207
2185  778         0.73450227      6.43332564     -0.36958469
2186  778         0.78759374      6.44872057     -0.33031996
2187  778         0.86078859      6.48262121     -0.27514054
2188  778         0.95818697      6.50436492     -0.23794278
2189  778         1.05425425      6.51134337     -0.23567148
2190  778         1.13100478      6.50435420     -0.26791596
2191  778         1.17569257      6.48305474     -0.30092811
2192  778         1.19258500      6.45533376     -0.31617710
2193  778         1.19611326      6.44244362     -0.32993389
2194  778         1.20118967      6.45937504     -0.35559670
2195  778         1.21225494      6.47013593     -0.37854274
2196  778         1.21814072      6.47416728     -0.38157200
2197  778         1.22442556      6.45369891     -0.35753476
2198  778         1.23800291      6.44177256     -0.31430958
2199  778         1.26376086      6.44035894     -0.25002014
2200  778         1.29176796      6.45335380     -0.17502365
2201  778         1.31892065      6.46242173     -0.13164466
2202  778         1.35060058      6.48057410     -0.13893323
2203  778         1.39648646      6.50871450     -0.19969876
2204  778         1.44039477      6.51575419     -0.29059149
2205  778         1.45674757      6.49806017     -0.38570883
2206  778         1.43306474      6.45963240     -0.43390356
2207  778         1.37641237      6.42100881     -0.40254172
2208  778         1.31827252      6.37133262     -0.32354506
2209  778         1.27547670      6.31888826     -0.26873409
2210  778         1.23409077      6.28736676     -0.27221865
2211  778         1.19083348      6.29768623     -0.29674516
2212  778         1.16560571      6.34811814     -0.31821322
2213  778         1.18106838      6.40583562     -0.35512913
2214  778         1.22867011      6.43334285     -0.40547861
2215  778         1.27167205      6.41976217     -0.42977159
2216  778         1.30027382      6.40415964     -0.43071740
2217  778         1.30806692      6.40705841     -0.42206234
2218  778         1.29052625      6.42369127     -0.42610730
2219  778         1.25263943      6.43668498     -0.42421567
2220  778         1.21153814      6.44904031     -0.38995926
2221  778         1.16878015      6.46334264     -0.36089084
2222  778         1.14949172      6.46904104     -0.38290541
2223  778         1.18355986      6.44982877     -0.43364369
2224  778         1.26310704      6.42043958     -0.46147068
2225  778         1.32182622      6.42761929     -0.47864571
2226  778         1.33629209      6.47621099     -0.50326106
2227  778         1.34399638      6.54912634     -0.50175569
2228  778         1.36671863      6.59985643     -0.47758781
2229  778         1.40489542      6.63508554     -0.45826343
2230  778         1.45789123      6.64796508     -0.48386911
2231  778         1.53881209      6.64492256     -0.53312515
2232  778         1.61491439      6.64322155     -0.57006748
2233  778         1.64925600      6.66816495     -0.60138348
2234  778         1.67891804      6.69672305     -0.64267837
2235  778         1.72833543      6.71723083     -0.69472589
2236  778         1.79017481      6.73599413     -0.75436883
2237  778         1.85451987      6.76692893     -0.79505840
2238  778         1.91643913      6.79655429     -0.79435698
2239  778         1.97551587      6.80415352     -0.75928423
2240  778         2.03188068      6.79836093     -0.70691719
2241  778         2.08662552      6.79870204     -0.66950328
2242  778         2.13612405      6.81100646     -0.66108954
2243  778         2.19550215      6.80641665     -0.67096510
2244  778         2.25627602      6.78410331     -0.68551904
2245  778         2.31679533      6.76633059     -0.70496770
2246  778         2.37008360      6.76584189     -0.70416715
2247  778         2.39426232      6.78415898     -0.66577430
2248  778         2.37871670      6.81427255     -0.60335931
2249  778         2.33061000      6.85759620     -0.54341181
2250  778         2.28612164      6.92093990     -0.52866657
2251  778         2.25619014      6.97511323     -0.57314206
2252  778         2.22544962      6.99603534     -0.67461923
2253  778         2.19769888      6.99359112     -0.79363822
2254  778         2.15599754      6.99579757     -0.88287684
2255  778         2.09923790      7.00509211     -0.92842283
2256  778         2.03794206      6.99765161     -0.93972084
2257  778         1.98322879      6.95313923     -0.92836099
2258  778         1.93792333      6.89232546     -0.90513092
2259  778         1.91587671      6.82925325     -0.89127350
2260  778         1.90458091      6.77059715     -0.88337268
2261  778         1.90279296      6.72416353     -0.88425254
2262  778         1.90266157      6.69177092     -0.89957885
2263  778         1.90967135      6.66308092     -0.92008590
2264  778         1.92306334      6.63148145     -0.93871864
2265  778         1.93412392      6.61510663     -0.97035746
2266  778         1.92860415      6.59656817     -1.01260359
2267  778         1.90272251      6.54205829     -1.03401134
2268  778         1.87777668      6.44628338     -1.02245139
2269  778         1.84085424      6.37420310     -1.02188021
2270  778         1.77372833      6.34956430     -1.04601210
2271  778         1.69337242      6.35872255     -1.06546372
2272  778         1.62678892      6.37744138     -1.06910969
2273  778         1.58282303      6.38042038     -1.04864897
2274  778         1.53670971      6.38346910     -1.03586169
2275  778         1.47095218      6.39590908     -1.05374164
2276  778         1.40089852      6.41581601     -1.09829227
2277  778         1.34419719      6.42002700     -1.13658466
2278  778         1.30105767      6.41815256     -1.14182415
2279  778         1.26066181      6.41821524     -1.12058482
2280  778         1.22284128      6.41983132     -1.09478046
2281  778         1.20635649      6.42749068     -1.07266007
2282  778         1.20851378      6.45749044     -1.05036061
2283  778         1.21532883      6.50262232     -1.04038374
2284  778         1.21280660      6.55202482     -1.04583648
2285  778         1.20904839      6.59991783     -1.05141406
2286  778         1.20722768      6.63503250     -1.04670910
2287  778         1.21014375      6.65906953     -1.03315236
2288  778         1.19846263      6.67718930     -1.00932917
2289  778         1.18574901      6.70113604     -0.98838222
2290  778         1.18129052      6.72950926     -0.97204446
2291  778         1.17142008      6.75287434     -0.95368315
2292  778         1.17599297      6.75373217     -0.93743748
2293  778         1.21617504      6.73391651     -0.94032605
2294  778         1.27441415      6.70492625     -0.96905574
2295  778         1.31665321      6.70166515     -1.00371748
2296  778         1.33310664      6.74062867     -1.03108204
2297  778         1.34641208      6.81239290     -1.03480292
2298  778         1.34391766      6.89697741     -1.01215255
2299  778         1.30749716      6.97354660     -0.97795771
2300  778         1.27091370      7.01550997     -0.95233801
2301  778         1.27833329      7.02055932     -0.93625866
2302  778         1.30028921      7.03141666     -0.92112283
2303  778         1.29231128      7.06083725     -0.90642151
2304  778         1.26917818      7.09462731     -0.89982748
2305  778         1.26584899      7.11406224     -0.91400384
2306  778         1.30048332      7.11221958     -0.94504446
2307  778         1.33265557      7.09739391     -0.97456551
2308  778         1.33955906      7.07238565     -0.97091528
2309  778         1.33647731      7.04989755     -0.93001376
2310  778         1.31988855      7.05041124     -0.90361524
2311  778         1.27792271      7.07087035     -0.90747870
2312  778         1.22237056      7.08276180     -0.92426740
2313  778         1.15869385      7.07345969     -0.91967101
2314  778         1.07797241      7.04121403     -0.88811436
2315  778         0.97832683      7.00823583     -0.85131772
2316  778         0.88402880      6.98478240     -0.82573506
2317  778         0.79660812      6.98198754     -0.80459844
2318  778         0.72335113      6.98811880     -0.78352368
2319  778         0.66394454      6.98041515     -0.77459191
2320  778         0.61722841      6.94606109     -0.78070579
2321  778         0.57601487      6.89017599     -0.80170579
2322  778         0.53616848      6.84343041     -0.81441871
2323  778         0.52231927      6.81142474     -0.81569838
2324  778         0.53892910      6.79244662     -0.78696383
2325  778         0.56519945      6.77835280     -0.74875864
2326  778         0.58644494      6.76067784     -0.71228481
2327  778         0.62446041      6.72952819     -0.65947576
2328  778         0.67098509      6.68934582     -0.60016693
2329  778         0.70430561      6.65268562     -0.53740742
2330  778         0.70142385      6.62962778     -0.48463879
2331  778         0.68607142      6.60868947     -0.43127696
2332  778         0.68996414      6.55734515     -0.37909055
2333  778         0.69504006      6.48097326     -0.32681954
2334  778         0.66044589      6.38270253     -0.28835251
2335  778         0.59486355      6.27490256     -0.26179914
2336  778         0.55254469      6.16232923     -0.23286847
2337  778         0.54779286      6.05552587     -0.20753509
2338  778         0.55250027      5.97366866     -0.19313588
2339  778         0.54007074      5.91213267     -0.18197841
2340  778         0.52597219      5.85619480     -0.14683751
2341  778         0.52225032      5.80469641     -0.09373741
2342  778         0.53277899      5.76159972     -0.02340561
2343  778         0.52913988      5.73332036      0.05539674
2344  778         0.52297160      5.71516421      0.11718571
2345  778         0.52185649      5.69138932      0.14721750
2346  778         0.52977968      5.64633510      0.15054976
2347  778         0.52136749      5.57189463      0.13014473
2348  778         0.48807870      5.51210970      0.08779266
2349  778         0.43408834      5.50286432      0.05191623
2350  778         0.38075664      5.54412565      0.03499858
2351  778         0.36274628      5.58167754      0.01641355
2352  778         0.39331908      5.60274781      0.00735116
2353  778         0.46907725      5.61216010      0.00577319
2354  778         0.55392586      5.63579167      0.00132551
2355  778         0.62083603      5.67908776      0.00642360
2356  778         0.67160251      5.71678235      0.01691674
2357  778         0.73841777      5.74890104      0.00521689
2358  778         0.81067413      5.78053831     -0.02692737
2359  778         0.85910042      5.81758828     -0.07997417
2360  778         0.85586738      5.87918265     -0.13593658
2361  778         0.82435535      5.95277309     -0.18631842
2362  778         0.80406047      6.00100146     -0.22630261
2363  778         0.80862618      6.00588500     -0.26985733
2364  778         0.82839454      6.00020919     -0.32716351
2365  778         0.86085569      5.99877005     -0.37296455
2366  778         0.90634667      5.98079357     -0.40011548
2367  778         0.95930129      5.94924348     -0.42370751
2368  778         0.99188258      5.91632953     -0.46654389
2369  778         0.99722633      5.88907792     -0.51242486
2370  778         0.97982309      5.85281570     -0.54226044
2371  778         0.96530304      5.81737816     -0.54563976
2372  778         0.94748126      5.81594717     -0.52292510
2373  778         0.92697451      5.84911385     -0.48705987
2374  778         0.91059259      5.88844665     -0.46395671
2375  778         0.90539624      5.90582240     -0.49220749
2376  778         0.92142057      5.88978665     -0.55927562
2377  778         0.94664411      5.88277343     -0.62232441
2378  778         0.98490302      5.89296100     -0.65749692
2379  778         1.01493776      5.89225498     -0.66779897
2380  778         1.01452308      5.85930551     -0.67032332
2381  778         0.96688546      5.82538097     -0.68475967
2382  778         0.89786080      5.79843567     -0.70028018
2383  778         0.83277645      5.77671460     -0.69567466
2384  778         0.78909549      5.78578580     -0.69074272
2385  778         0.78297239      5.81663862     -0.69675154
2386  778         0.80938248      5.84257095     -0.70745386
2387  778         0.81386673      5.88377731     -0.73706336
2388  778         0.81573428      5.92383934     -0.75094046
2389  778         0.83138430      5.94322707     -0.72916580
2390  778         0.84208241      5.95750631     -0.70544303
2391  778         0.84700231      5.96571665     -0.70723518
2392  778         0.85101976      5.94630593     -0.72539779
2393  778         0.86993265      5.90919041     -0.72940384
2394  778         0.89103774      5.88626177     -0.70955804
2395  778         0.90265962      5.89587686     -0.67596495
2396  778         0.89260625      5.90420930     -0.65052900
2397  778         0.87698472      5.89428042     -0.64222469
2398  778         0.88708096      5.88922032     -0.64194278
2399  778         0.90709707      5.90067001     -0.64847038
2400  778         0.91215579      5.87229414     -0.66645771
2401  778         0.90493142      5.79232139     -0.71004359
2402  778         0.90254405      5.71095190     -0.77061343
2403  778         0.91284538      5.65275698     -0.81993685
2404  778         0.92006973      5.58707827     -0.87159274
2405  778         0.93266402      5.53457138     -0.91950888
2406  778         0.97275690      5.52718228     -0.94917413
2407  778         1.01169536      5.55710243     -0.97737516
2408  778         1.01700699      5.59340619     -0.99324364
2409  778         0.99806158      5.61218826     -1.01516282
2410  778         0.97908617      5.61660687     -1.02978272
2411  778         0.97193635      5.61956372     -1.02727056
2412  778         0.97973992      5.62056571     -1.02745674
2413  778         0.98921187      5.63961628     -1.03894360
2414  778         0.98127871      5.69223934     -1.05441835
2415  778         0.95529895      5.78598288     -1.06788555
2416  778         0.92799479      5.90428345     -1.09316853
2417  778         0.91887945      6.01910381     -1.12703654
2418  778         0.93626181      6.07760353     -1.16633226
2419  778         0.96253399      6.07370393     -1.22013721
2420  778         0.98027889      6.04714189     -1.26621225
2421  778         0.97873179      6.01078446     -1.28365285
2422  778         0.98385525      5.98218987     -1.30221391
2423  778         0.99714805      5.95936274     -1.33308239
2424  778         1.02510576      5.94955019     -1.37654084
2425  778         1.04089110      5.95709304     -1.40932520
2426  778         1.03894273      5.96361507     -1.42888382
2427  778         1.01534095      5.97814744     -1.43403544
2428  778         0.98098241      6.00709254     -1.41480424
2429  778         0.93021116      6.05293863     -1.36951216
2430  778         0.85061421      6.10366565     -1.30401714
2431  778         0.74785709      6.14876318     -1.23487311
2432  778         0.64257580      6.17034161     -1.19011037
2433  778         0.58488957      6.17597640     -1.19562118
2434  778         0.57441747      6.17091381     -1.23610194
2435  778         0.59029992      6.16384196     -1.27572895
2436  778         0.60742470      6.17713450     -1.27612537
2437  778         0.62845435      6.21067982     -1.24945064
2438  778         0.65512837      6.25527014     -1.22390705
2439  778         0.68732352      6.28319579     -1.20696642
2440  778         0.72178577      6.31217356     -1.18506508
2441  778         0.76972861      6.34433612     -1.16181374
2442  778         0.80954890      6.37485966     -1.14799127
2443  778         0.82227599      6.36732971     -1.11710522
2444  778         0.82158113      6.34836622     -1.06001194
2445  778         0.82207693      6.33957996     -0.99722306
2446  778         0.82802731      6.33787357     -0.95450000
2447  778         0.82194039      6.36723018     -0.91036331
2448  778         0.82546499      6.41575021     -0.88332325
2449  778         0.87237749      6.46309994     -0.88654960
2450  778         0.95801537      6.51141532     -0.90028047
2451  778         1.04950209      6.56669751     -0.91284724
2452  778         1.11368411      6.60849109     -0.91201325
2453  778         1.11467173      6.62017256     -0.90028228
2454  778         1.05966556      6.64087092     -0.87522615
2455  778         0.98784358      6.67726506     -0.87126969
2456  778         0.97250361      6.69665516     -0.88438929
2457  778         1.01397166      6.68285629     -0.91228500
2458  778         1.05060081      6.68551113     -0.94421189
2459  778         1.07356571      6.69496531     -0.96054795
2460  778         1.09818599      6.70528106     -0.94540158
2461  778         1.12658618      6.72340385     -0.90443628
2462  778         1.15874815      6.72537806     -0.87074740
2463  778         1.19781746      6.71350988     -0.86422315
2464  778         1.22727444      6.71595559     -0.87863829
2465  778         1.23239247      6.76167216     -0.93003496
2466  778         1.20313390      6.81313169     -0.99532026
2467  778         1.15365339      6.84311895     -1.07252904
2468  778         1.11087975      6.86594847     -1.14832950
2469  778         1.09073661      6.91502596     -1.19103214
2470  778         1.08815288      7.00201523     -1.19168904
2471  778         1.10191281      7.10489355     -1.16646164
2472  778         1.11761099      7.17068265     -1.14026223
2473  778         1.12357306      7.17113539     -1.11343384
2474  778         1.11052583      7.14145785     -1.10008715
2475  778         1.06665274      7.11957434     -1.10650747
2476  778         1.00338077      7.11303270     -1.13735167
2477  778         0.94961458      7.11855159     -1.16099669
2478  778         0.93092916      7.11448577     -1.16885021
2479  778         0.96778657      7.09829720     -1.16568134
2480  778         1.02868443      7.11240459     -1.15728974
2481  778         1.06440681      7.16821027     -1.13429556
2482  778         1.05423419      7.20851619     -1.10044680
2483  778         1.00141575      7.21481240     -1.07977105
2484  778         0.92348916      7.23524145     -1.06863445
2485  778         0.85376159      7.29445295     -1.05066301
2486  778         0.82308963      7.35111729     -1.03345876
2487  778         0.82869783      7.37377819     -1.03676348
2488  778         0.84601735      7.36714756     -1.04893083
2489  778         0.84745075      7.36497740     -1.04868185
2490  778         0.82753555      7.36068505     -1.04252669
2491  778         0.76763378      7.34496818     -1.01678734
2492  778         0.68819964      7.31809706     -0.98971153
2493  778         0.62248593      7.28593858     -0.96536654
2494  778         0.57839859      7.25200388     -0.96064243
2495  778         0.55754601      7.22708543     -0.97727328
2496  778         0.53355413      7.23723252     -1.01693435
2497  778         0.53269067      7.26560694     -1.03744896
2498  778         0.56846048      7.28979294     -1.02732711
2499  778         0.61910587      7.32456134     -1.00046511
2500  778         0.66745122      7.37968260     -0.97018183
2501  778         0.70617137      7.44415660     -0.92954142
2502  778         0.72649559      7.51542836     -0.88005019
2503  778         0.72855242      7.59388752     -0.86345733
2504  778         0.73231906      7.68009456     -0.86967671
2505  778         0.75340690      7.74967247     -0.86628419
2506  778         0.77933294      7.81312019     -0.83625205
2507  778         0.79403578      7.87974482     -0.81200221
2508  778         0.78359671      7.92835794     -0.82009951
2509  778         0.73217750      7.93007274     -0.85994326
2510  778         0.65994460      7.89281616     -0.89845796
2511  778         0.60066190      7.87342454     -0.90724267
2512  778         0.55339067      7.89216390     -0.88931233
2513  778         0.51165089      7.92211092     -0.83954627
2514  778         0.47011658      7.93438369     -0.76800941
2515  778         0.43000495      7.94197005     -0.69156908
2516  778         0.36361783      7.95269238     -0.64459930
2517  778         0.26255836      7.95389534     -0.61372821
2518  778         0.16391732      7.92460908     -0.59453472
2519  778         0.07362535      7.90225732     -0.59892687
2520  778         0.02276081      7.92150044     -0.62165323
2521  778         0.01903182      7.98257529     -0.65497743
2522  778         0.03963718      8.02398270     -0.69410117
2523  778         0.05635630      8.03389987     -0.75319854
2524  778         0.07396838      8.03976444     -0.82170061
2525  778         0.07796811      8.07033818     -0.88215983
2526  778         0.06896868      8.12499807     -0.94045778
2527  778         0.06765126      8.16536353     -1.01179479
2528  778         0.06478027      8.17752541     -1.07168872
2529  778         0.05811170      8.15770533     -1.09573125
2530  778         0.04887293      8.12052941     -1.10673171
2531  778         0.01738721      8.08304504     -1.10409835
2532  778        -0.00552761      8.06572426     -1.09618550
2533  778         0.02387888      8.06558855     -1.09207922
2534  778         0.08507653      8.06119203     -1.11786024
2535  778         0.12704283      8.04069729     -1.13883231
2536  778         0.12301420      8.02739348     -1.13306530
2537  778         0.08110968      8.03165545     -1.08971258
2538  778         0.04377319      8.04309386     -1.04619214
2539  778         0.00515897      8.06105238     -1.00456842
2540  778        -0.03530893      8.08815406     -0.95695859
2541  778        -0.06089493      8.10200588     -0.91817978
2542  778        -0.03590452      8.09625712     -0.92646234
2543  778         0.02412056      8.08063332     -0.97267159
2544  778         0.05415394      8.06827742     -1.02740426
2545  778         0.04039335      8.05885205     -1.08172646
2546  778         0.01052510      8.04630562     -1.12627997
2547  778        -0.02157695      8.02595792     -1.15598198
2548  778        -0.07202662      8.00676804     -1.16097299
2549  778        -0.12744256      8.00574152     -1.16386608
2550  778        -0.15085300      8.04259752     -1.16459034
2551  778        -0.13592211      8.10293287     -1.16341439
2552  778        -0.08066632      8.15410613     -1.15411499
2553  778         0.01169068      8.17172744     -1.15198686
2554  778         0.10099634      8.15125797     -1.16218676
2555  778         0.15140902      8.13632853     -1.16260816
2556  778         0.14119762      8.14611486     -1.11576826
2557  778         0.09541913      8.17803850     -1.05039141
2558  778         0.03990184      8.20640364     -0.98999830
2559  778        -0.01457781      8.21603583     -0.95586895
2560  778        -0.05863111      8.23453659     -0.96419086
2561  778        -0.05417273      8.30151641     -0.99125003
2562  778        -0.00914517      8.41008086     -1.03510173
2563  778         0.04067742      8.51198513     -1.07808566
2564  778         0.05408104      8.57490125     -1.11782454
2565  778         0.01967475      8.59765395     -1.13592808
2566  778        -0.03920874      8.57650024     -1.11431548
2567  778        -0.11256224      8.50609877     -1.04703565
2568  778        -0.19729223      8.40309647     -0.94926166
2569  778        -0.25597570      8.28791611     -0.86027757
2570  778        -0.26691822      8.20566959     -0.80950834
2571  778        -0.26928510      8.17439681     -0.78848393
2572  778        -0.29571258      8.18179560     -0.75782785
2573  778        -0.33691139      8.18706782     -0.74080250
2574  778        -0.36830315      8.16142641     -0.73663025
2575  778        -0.40525714      8.11269008     -0.74005422
2576  778        -0.45723377      8.09012347     -0.71804125
2577  778        -0.50598496      8.10470417     -0.67697026
2578  778        -0.53830235      8.13055160     -0.61118072
2579  778        -0.55510657      8.13922176     -0.53442557
2580  778        -0.55727264      8.12672065     -0.45615956
2581  778        -0.55415360      8.11630678     -0.37579788
2582  778        -0.54798907      8.13145481     -0.31215911
2583  778        -0.54039802      8.18677486     -0.28145686
2584  778        -0.55238105      8.24918169     -0.29240814
2585  778        -0.59386801      8.28694272     -0.32342147
2586  778        -0.64846057      8.28947972     -0.35682141
2587  778        -0.67801790      8.27710127     -0.36703718
2588  778        -0.66508881      8.27991062     -0.35038187
2589  778        -0.63891098      8.30560533     -0.33557486
2590  778        -0.62560799      8.34433231     -0.32247272
2591  778        -0.61665803      8.37510009     -0.28916215
2592  778        -0.61849837      8.40583969     -0.23981326
2593  778        -0.62564987      8.42824132     -0.21019763
2594  778        -0.63119758      8.44254534     -0.19576414
2595  778        -0.62536360      8.43857219     -0.18882163
2596  778        -0.63705171      8.43189981     -0.19423062
2597  778        -0.67003491      8.43456413     -0.23562422
2598  778        -0.70583073      8.44296037     -0.30312457
2599  778        -0.70276380      8.45577072     -0.35485891
2600  778        -0.66648066      8.46750351     -0.37167285
2601  778        -0.60551883      8.48267669     -0.37637938
2602  778        -0.54128754      8.49103540     -0.37662959
2603  778        -0.52187636      8.49196564     -0.36195475
2604  778        -0.56615866      8.49651322     -0.32584858
2605  778        -0.63568783      8.53281659     -0.26994180
2606  778        -0.67137163      8.58050175     -0.19477723
2607  778        -0.67117215      8.61580865     -0.14204315
2608  778        -0.64004357      8.61378184     -0.09955310
2609  778        -0.58407899      8.59901212     -0.06531397
2610  778        -0.52530691      8.60126862     -0.03154507
2611  778        -0.48774017      8.62635817     -0.01411031
2612  778        -0.47670670      8.66502164     -0.01500279
2613  778        -0.49451136      8.70348643     -0.01114454
2614  778        -0.53077177      8.74160186     -0.01255770
2615  778        -0.57278787      8.78003851     -0.04632751
2616  778        -0.60361841      8.81519235     -0.12107816
2617  778        -0.61068318      8.84786998     -0.21105630
2618  778        -0.59559640      8.87678465     -0.28531008
2619  778        -0.54665897      8.88914052     -0.33308248
2620  778        -0.49048317      8.87632997     -0.35514131
2621  778        -0.45939621      8.84991274     -0.36800044
2622  778        -0.47375155      8.82885263     -0.40312574
2623  778        -0.51867024      8.83445344     -0.48008542
2624  778        -0.58068815      8.86941146     -0.59218403
2625  778        -0.63846176      8.93007737     -0.71376638
2626  778        -0.68789013      8.99999553     -0.82103470
2627  778        -0.73157414      9.05294226     -0.90001966
2628  778        -0.76709824      9.07013446     -0.94613414
2629  778        -0.77820942      9.05904976     -0.97884341
2630  778        -0.76838224      9.03353690     -1.01795766
2631  778        -0.74687717      9.00734621     -1.05937514
2632  778        -0.70053679      8.99250191     -1.08586471
2633  778        -0.63349765      8.99492359     -1.06640735
2634  778        -0.57281659      9.02093271     -1.01292426
2635  778        -0.54558105      9.09491366     -0.94320946
2636  778        -0.52294436      9.20736620     -0.88920146
2637  778        -0.49339740      9.29989883     -0.86206259
2638  778        -0.47765377      9.34167525     -0.85593962
2639  778        -0.48457645      9.32759253     -0.86243273
2640  778        -0.50319679      9.28752587     -0.86334513
2641  778        -0.50389077      9.25555591     -0.83756006
2642  778        -0.48358848      9.26304825     -0.78903676
2643  778        -0.45822213      9.31014453     -0.74929907
2644  778        -0.42577759      9.35653447     -0.70902352
2645  778        -0.39826815      9.35485622     -0.66278394
2646  778        -0.39765162      9.32527683     -0.59930532
2647  778        -0.41868182      9.31986066     -0.52168344
2648  778        -0.44978700      9.34441800     -0.46306299
2649  778        -0.45073520      9.36267862     -0.42370211
2650  778        -0.39956183      9.32863152     -0.38593447
2651  778        -0.34264225      9.27016382     -0.34232509
2652  778        -0.31817245      9.22749211     -0.27963636
2653  778        -0.31326356      9.21010303     -0.19454455
2654  778        -0.32322188      9.19942993     -0.12334591
2655  778        -0.37876583      9.23376839     -0.08877939
2656  778        -0.48977622      9.32339775     -0.09618600
2657  778        -0.61759874      9.39296156     -0.12089656
2658  778        -0.73436415      9.40395895     -0.14648481
2659  778        -0.84967766      9.38581620     -0.15010759
2660  778        -0.97358988      9.38581946     -0.11756294
2661  778        -1.08771229      9.41707005     -0.08583402
2662  778        -1.18205474      9.49203671     -0.07686201
2663  778        -1.27606232      9.58065146     -0.08296702
2664  778        -1.35625583      9.63943175     -0.08883825
2665  778        -1.42343678      9.67598351     -0.08628303
2666  778        -1.50029110      9.71920148     -0.07557774
2667  778        -1.57782860      9.79324922     -0.07629735
2668  778        -1.60474175      9.85524401     -0.10571941
2669  778        -1.58659382      9.88354677     -0.15288737
2670  778        -1.56572632      9.88201157     -0.19119062
2671  778        -1.57623967      9.90116833     -0.18347794
2672  778        -1.62322053      9.95141372     -0.16177414
2673  778        -1.66647358     10.00094096     -0.14482128
2674  778        -1.70407883     10.05177219     -0.13445856
2675  778        -1.75211824     10.11586078     -0.12993111
2676  778        -1.78245863     10.19345752     -0.13807280
2677  778        -1.78314158     10.25430710     -0.15305142
2678  778        -1.77221941     10.28325437     -0.15622726
2679  778        -1.79877120     10.28824440     -0.14453020
2680  778        -1.86974992     10.30303535     -0.14675034
2681  778        -1.96365962     10.34821401     -0.17567026
2682  778        -2.02281658     10.40901692     -0.20808397
2683  778        -2.03916887     10.48330988     -0.20503873
2684  778        -2.02286784     10.57604496     -0.17558437
2685  778        -2.00929275     10.65102959     -0.14906519
2686  778        -2.01418360     10.66154251     -0.16158033
2687  778        -2.00114483     10.63837442     -0.19871923
2688  778        -1.95536514     10.62453630     -0.23510189
2689  778        -1.90675441     10.62647766     -0.26609131
2690  778        -1.89852585     10.63828161     -0.29824650
2691  778        -1.91807779     10.65766109     -0.34302165
2692  778        -1.92751756     10.66787101     -0.39948797
2693  778        -1.89158083     10.64169687     -0.44974035
2694  778        -1.82162078     10.58876568     -0.47052656
2695  778        -1.74611258     10.54458603     -0.51258188
2696  778        -1.69591055     10.54765120     -0.57105720
2697  778        -1.67416470     10.59158593     -0.60362030
2698  778        -1.65928003     10.65162982     -0.58558645
2699  778        -1.63155992     10.69693395     -0.53173625
2700  778        -1.59626344     10.72305648     -0.46188498
2701  778        -1.59050093     10.72790173     -0.40537209
2702  778        -1.60952839     10.70701297     -0.39712742
2703  778        -1.62204457     10.65218062     -0.44067512
2704  778        -1.60572619     10.55925565     -0.50785300
2705  778        -1.57016690     10.45864434     -0.54872611
2706  778        -1.52557682     10.37679195     -0.55838900
2707  778        -1.48674924     10.32031793     -0.56824820
2708  778        -1.47376800     10.27463806     -0.59234992
2709  778        -1.47980009     10.21758978     -0.59876826
2710  778        -1.50517031     10.14581987     -0.57025132
2711  778        -1.54929261     10.07010437     -0.52027551
2712  778        -1.59431689      9.99507423     -0.47394363
2713  778        -1.61136318      9.93907642     -0.45285422
2714  778        -1.60789365      9.89144313     -0.46078053
2715  778        -1.60033461      9.82191989     -0.47848049
2716  778        -1.59433298      9.74842050     -0.49284330
2717  778        -1.59041043      9.69162801     -0.49983902
2718  778        -1.59424675      9.67631748     -0.50413756
2719  778        -1.61233649      9.71467069     -0.46486885
2720  778        -1.64364133      9.77584154     -0.37302884
2721  778        -1.66108680      9.80188784     -0.27215141
2722  778        -1.65171821      9.75828638     -0.20222402
2723  778        -1.63558049      9.70749808     -0.19576991
2724  778        -1.62902786      9.68067817     -0.24403528
2725  778        -1.62370643      9.65842577     -0.32974981
2726  778        -1.61352781      9.62597595     -0.37205581
2727  778        -1.60957286      9.60330919     -0.33057800
2728  778        -1.59802928      9.58178495     -0.25023941
2729  778        -1.56114851      9.55094814     -0.20094353
2730  778        -1.50064754      9.52342767     -0.17787003
2731  778        -1.41823607      9.49167880     -0.14202869
2732  778        -1.34589333      9.43450182     -0.08816103
2733  778        -1.30059142      9.34086700     -0.05639144
2734  778        -1.26863473      9.26692840     -0.08025470
2735  778        -1.23780937      9.24249071     -0.12533790
2736  778        -1.21243330      9.25236311     -0.12359849
2737  778        -1.20094049      9.25648465     -0.07884887
2738  778        -1.18035677      9.24348548     -0.05358886
2739  778        -1.14000495      9.22743607     -0.05914378
2740  778        -1.07874856      9.20765418     -0.05410689
2741  778        -1.00937216      9.16378621      0.00010047
2742  778        -0.94812188      9.09879846      0.08615376
2743  778        -0.89806389      9.01449148      0.15245564
2744  778        -0.86077328      8.92405445      0.18991031
2745  778        -0.84824016      8.84404761      0.22303785
2746  778        -0.83739296      8.79921890      0.24320422
2747  778        -0.80829502      8.80623160      0.21992268
2748  778        -0.79093537      8.86379157      0.17983844
2749  778        -0.82169883      8.93601925      0.16906497
2750  778        -0.90064691      9.00685787      0.21010550
2751  778        -0.99476502      9.08360068      0.28361066
2752  778        -1.07346856      9.16344054      0.35811461
2753  778        -1.13282816      9.23185447      0.42270311
2754  778        -1.18868496      9.27097631      0.45118451
2755  778        -1.24239346      9.29764305      0.46056448
2756  778        -1.27886226      9.35808776      0.44763967
2757  778        -1.27610185      9.44114760      0.42898549
2758  778        -1.27843729      9.49880204      0.41325273
2759  778        -1.31763623      9.53202843      0.41301516
2760  778        -1.40504367      9.55889964      0.43252744
2761  778        -1.50037936      9.60222693      0.48260329
2762  778        -1.56525584      9.64667625      0.53331707
2763  778        -1.57388547      9.66186976      0.54814500
2764  778        -1.53157911      9.65002757      0.54540605
2765  778        -1.47835320      9.62857433      0.54509589
2766  778        -1.43674432      9.59282855      0.56428078
2767  778        -1.43549909      9.53627729      0.58724755
2768  778        -1.43925403      9.49060434      0.61957942
2769  778        -1.44286438      9.48237759      0.65085445
2770  778        -1.42575460      9.53414113      0.65563882
2771  778        -1.42091116      9.59795883      0.64712674
2772  778        -1.43437538      9.63515102      0.63276996
2773  778        -1.45221821      9.63753301      0.58338549
2774  778        -1.45130008      9.63133010      0.48356019
2775  778        -1.44052127      9.64506087      0.34851811
2776  778        -1.43115855      9.69250036      0.20826195
2777  778        -1.42539977      9.75143891      0.09340244
2778  778        -1.43388307      9.79074136      0.00674858
2779  778        -1.45348470      9.82105683     -0.06572711
2780  778        -1.48295214      9.83520826     -0.12491943
2781  778        -1.50465249      9.84022655     -0.15829888
2782  778        -1.53236628      9.83814744     -0.18053746
2783  778        -1.54135064      9.86293881     -0.22194300
2784  778        -1.53611242      9.90867886     -0.29764451
2785  778        -1.52285706      9.95237679     -0.37868793
2786  778        -1.51589242      9.99121852     -0.44717783
2787  778        -1.50230847     10.02337661     -0.51608496
2788  778        -1.47379679     10.04850948     -0.58684643
2789  778        -1.46509047     10.03522217     -0.62604367
2790  778        -1.48569067     10.00784820     -0.63166673
2791  778        -1.51994170     10.00460950     -0.61959380
2792  778        -1.55230530     10.04272699     -0.60626721
2793  778        -1.58305022     10.09282378     -0.58980999
2794  778        -1.60738238     10.11456614     -0.57498660
2795  778        -1.64359694     10.11639733     -0.55979797
2796  778        -1.67785492     10.12233291     -0.56164476
2797  778        -1.70455400     10.13467302     -0.58415738
2798  778        -1.69585808     10.15072767     -0.62787971
2799  778        -1.66791821     10.16366733     -0.65255533
2800  778        -1.62249044     10.17587837     -0.64062643
2801  778        -1.57195402     10.18741262     -0.63214426
2802  778        -1.54710282     10.19818409     -0.64306650
2803  778        -1.58573225     10.23579145     -0.64212593
2804  778        -1.63690111     10.29846260     -0.60594186
2805  778        -1.64845059     10.33238033     -0.57145308
2806  778        -1.64552871     10.34200320     -0.57246717
2807  778        -1.63440053     10.33815546     -0.60473541
2808  778        -1.61801089     10.33408036     -0.62235517
2809  778        -1.57981335     10.33903581     -0.61288902
2810  778        -1.53087609     10.34481256     -0.57286354
2811  778        -1.48741912     10.35077829     -0.50311873
2812  778        -1.46949279     10.36198588     -0.42061654
2813  778        -1.44349184     10.37893580     -0.33982579
2814  778        -1.37589203     10.38662039     -0.28186181
2815  778        -1.27638256     10.36870615     -0.26562266
2816  778        -1.17451378     10.31385224     -0.28404815
2817  778        -1.10986342     10.24271847     -0.31432482
2818  778        -1.08442670     10.19610791     -0.36134939
2819  778        -1.06918187     10.16608969     -0.41389601
2820  778        -1.05104363     10.15098777     -0.43032651
2821  778        -1.01558481     10.13387567     -0.38202419
2822  778        -0.95459671     10.09409454     -0.30654012
2823  778        -0.87257998     10.03950121     -0.24624727
2824  778        -0.78226619      9.98262462     -0.20518637
2825  778        -0.68785587      9.94111467     -0.18077555
2826  778        -0.59692041      9.92132422     -0.15555720
2827  778        -0.51516029      9.91467145     -0.13671887
2828  778        -0.45204905      9.92731977     -0.12128062
2829  778        -0.40716407      9.96110838     -0.11353587
2830  778        -0.38857620     10.00089411     -0.10233442
2831  778        -0.38373991     10.02147439     -0.10716174
2832  778        -0.38274261     10.01722236     -0.13912978
2833  778        -0.37588223      9.98802307     -0.17725060
2834  778        -0.37800178      9.94603893     -0.21428248
2835  778        -0.38096859      9.90009391     -0.24702234
2836  778        -0.37486936      9.85860409     -0.29003440
2837  778        -0.37885779      9.83093884     -0.33083741
2838  778        -0.38747100      9.83033878     -0.35654905
2839  778        -0.38394044      9.85112573     -0.34864680
2840  778        -0.36942499      9.88861909     -0.33277864
2841  778        -0.34866961      9.92190117     -0.32863832
2842  778        -0.32808476      9.93157193     -0.33195608
2843  778        -0.30866898      9.92022138     -0.32498467
2844  778        -0.31106664      9.92099994     -0.29183623
2845  778        -0.34883265      9.95032385     -0.26638518
2846  778        -0.41569418      9.99070741     -0.28917734
2847  778        -0.48387902     10.04311146     -0.35638278
2848  778        -0.53870153     10.10030681     -0.42042722
2849  778        -0.58990942     10.14984922     -0.46241612
2850  778        -0.63633199     10.17296697     -0.48819599
2851  778        -0.65183949     10.15500195     -0.50857133
2852  778        -0.62380022     10.11225049     -0.53053113
2853  778        -0.58627851     10.06360363     -0.54653737
2854  778        -0.56423794     10.03778588     -0.55299348
2855  778        -0.56193339     10.05299885     -0.55505236
2856  778        -0.56238065     10.10211650     -0.58264551
2857  778        -0.56705450     10.15977459     -0.63659836
2858  778        -0.58758352     10.20101891     -0.67356722
2859  778        -0.61780756     10.20954624     -0.68031178
2860  778        -0.63293875     10.19076562     -0.67710028
2861  778        -0.61925420     10.17049326     -0.66941518
2862  778        -0.59792741     10.16340868     -0.65028651
2863  778        -0.57059936     10.16489631     -0.61187996
2864  778        -0.52880215     10.16285883     -0.55660398
2865  778        -0.46979478     10.16350324     -0.51770841
2866  778        -0.41288039     10.17664059     -0.50434080
2867  778        -0.35459704     10.21239947     -0.49115214
2868  778        -0.29557448     10.25310792     -0.47105089
2869  778        -0.24327759     10.29338677     -0.45931205
2870  778        -0.20701449     10.34079008     -0.47825436
2871  778        -0.19350944     10.39323951     -0.51704334
2872  778        -0.20637618     10.43458447     -0.53280563
2873  778        -0.21915785     10.45166495     -0.51915433
2874  778        -0.21633905     10.45818543     -0.49950120
2875  778        -0.19255223     10.47842719     -0.49110274
2876  778        -0.13859279     10.52390687     -0.49350417
2877  778        -0.08802882     10.58034797     -0.50348488
2878  778        -0.07000372     10.61428054     -0.52529382
2879  778        -0.08206194     10.61479129     -0.52230935
2880  778        -0.08715057     10.60533964     -0.48296966
2881  778        -0.06503462     10.61254209     -0.43571539
2882  778        -0.03283454     10.64503565     -0.40200956
2883  778        -0.02978760     10.70106399     -0.39433910
2884  778        -0.06372129     10.77007565     -0.39498060
2885  778        -0.10030668     10.83929045     -0.40475661
2886  778        -0.13439723     10.87768112     -0.42388270
2887  778        -0.19010892     10.90012246     -0.44881229
2888  778        -0.25830715     10.92215209     -0.48846195
2889  778        -0.29867161     10.93412634     -0.54419868
2890  778        -0.30905571     10.94764308     -0.61219255
2891  778        -0.31846889     10.94542412     -0.66279226
2892  778        -0.32420758     10.91248434     -0.69531608
2893  778        -0.31402839     10.86168245     -0.71182313
2894  778        -0.28465745     10.83241597     -0.72118989
2895  778        -0.26509849     10.84658116     -0.72684174
2896  778        -0.25418175     10.88091962     -0.73240751
2897  778        -0.23305920     10.90712221     -0.73003860
2898  778        -0.21133111     10.94003195     -0.71830246
2899  778        -0.18778991     11.00303039     -0.69544869
2900  778        -0.15507662     11.06334506     -0.68081516
2901  778        -0.11358552     11.08464481     -0.67418374
2902  778        -0.06522355     11.06647708     -0.68140534
2903  778        -0.01120110     11.03248815     -0.70524066
2904  778         0.03011323     10.98119982     -0.71477153
2905  778         0.07818611     10.92915748     -0.69816238
2906  778         0.13566384     10.90045738     -0.66053376
2907  778         0.20626811     10.88692022     -0.63012831
2908  778         0.28569424     10.88141647     -0.58703478
2909  778         0.37343925     10.87949939     -0.53137146
2910  778         0.44220096     10.89954801     -0.48470332
2911  778         0.47548384     10.93478934     -0.45884179
2912  778         0.50967519     10.97801485     -0.44456127
2913  778         0.55908021     10.98013577     -0.42877203
2914  778         0.60753883     10.97509918     -0.40838305
2915  778         0.62177798     10.97908126     -0.37773270
2916  778         0.63212718     11.01781404     -0.33494431
2917  778         0.63516833     11.07413325     -0.28205211
2918  778         0.64060536     11.13136547     -0.24855035
2919  778         0.65299756     11.16312769     -0.22746210
2920  778         0.67437746     11.18054311     -0.22374055
2921  778         0.70088451     11.21359978     -0.24930702
2922  778         0.71120384     11.23398571     -0.26200605
2923  778         0.70369119     11.22364724     -0.27064533
2924  778         0.67233139     11.18693091     -0.28281725
2925  778         0.67440138     11.14772893     -0.28780347
2926  778         0.69351641     11.16350418     -0.30400176
2927  778         0.73628492     11.20509810     -0.30805565
2928  778         0.77447572     11.22044298     -0.29046675
2929  778         0.79493723     11.20288783     -0.28220554
2930  778         0.81656064     11.15261367     -0.25257469
2931  778         0.83459407     11.10689775     -0.22532178
2932  778         0.86088859     11.05881270     -0.21963568
2933  778         0.91395687     10.99476651     -0.20936812
2934  778         0.98208420     10.93691952     -0.18870341
2935  778         1.01724310     10.90439566     -0.18963790
2936  778         1.01612653     10.93285838     -0.22212226
2937  778         1.00280931     11.00086009     -0.26065639
2938  778         0.96520098     11.09203134     -0.30458129
2939  778         0.89117965     11.13513520     -0.35027153
2940  778         0.81426976     11.11314843     -0.35867929
2941  778         0.76480618     11.08766855     -0.31359971
2942  778         0.73131010     11.08169910     -0.26118920
2943  778         0.70594343     11.09579427     -0.21215037
2944  778         0.69759818     11.10103561     -0.15719662
2945  778         0.71176785     11.10489283     -0.10332210
2946  778         0.75153248     11.11069131     -0.07124073
2947  778         0.79438156     11.13114402     -0.08155084
2948  778         0.81706371     11.14355791     -0.11221756
2949  778         0.79523882     11.11291298     -0.13546197
2950  778         0.72639524     11.03626586     -0.16308802
2951  778         0.66460572     10.95146576     -0.18741231
2952  778         0.63528073     10.88178925     -0.18530960
2953  778         0.62516953     10.83581073     -0.18203309
2954  778         0.63202246     10.82214802     -0.18034419
2955  778         0.66013754     10.84637584     -0.17383007
2956  778         0.71527071     10.89417710     -0.13846087
2957  778         0.78946179     10.92646753     -0.07125971
2958  778         0.83694008     10.93753735      0.01120512
2959  778         0.85000202     10.90525137      0.07933928
2960  778         0.84505546     10.84725843      0.12460198
2961  778         0.84264119     10.77030357      0.16356521
2962  778         0.85346614     10.69091515      0.19246156
2963  778         0.86077884     10.63284755      0.20619731
2964  778         0.86076167     10.60664242      0.20421739
2965  778         0.87664526     10.61372315      0.19199936
2966  778         0.91495581     10.62050977      0.18472400
2967  778         0.94149622     10.62508451      0.17413852
2968  778         0.94277195     10.61037790      0.17208722
2969  778         0.94512424     10.58509742      0.19068886
2970  778         0.95717090     10.54393461      0.22875640
2971  778         0.96628527     10.49705155      0.24307696
2972  778         0.96632882     10.46691050      0.24149352
2973  778         0.97132638     10.46193297      0.24866287
2974  778         0.98887131     10.46295694      0.27101041
2975  778         1.00742940     10.45021069      0.29718054
2976  778         1.01398737     10.46643814      0.31374276
2977  778         1.02346193     10.50121631      0.33256262
2978  778         1.00492711     10.52597656      0.33600298
2979  778         0.97785074     10.50240755      0.34359242
2980  778         0.93194459     10.44514334      0.36240100
2981  778         0.89351096     10.39754412      0.39031904
2982  778         0.87267326     10.38326705      0.39607490
2983  778         0.83756714     10.39379728      0.38905868
2984  778         0.79126146     10.41876125      0.39039751
2985  778         0.75340385     10.44148517      0.40254259
2986  778         0.73908373     10.46437875      0.40397736
2987  778         0.73789341     10.48972806      0.37592765
2988  778         0.76265498     10.50864694      0.33735894
2989  778         0.81339153     10.50992083      0.31757268
2990  778         0.85733414     10.47651797      0.33755494
2991  778         0.85328703     10.44014682      0.37629341
2992  778         0.79547381     10.42202621      0.41938111
2993  778         0.71703088     10.41566945      0.43947844
2994  778         0.65062822     10.40421597      0.43378293
2995  778         0.59116057     10.39729310      0.41071019
2996  778         0.52736775     10.39799009      0.38017647
2997  778         0.47353251     10.40490388      0.34988252
2998  778         0.45995649     10.40595556      0.31613598
2999  778         0.48475464     10.38004682      0.28824609
3000  778         0.51331198     10.34049606      0.26470011
3001  778         0.51700469     10.29433511      0.27062511
3002  778         0.49196980     10.24362934      0.28601127
3003  778         0.45757559     10.17956087      0.30373475
3004  778         0.43182333     10.13124512      0.33193688
3005  778         0.40315802     10.10211118      0.36481724
3006  778         0.36180001     10.10011747      0.38497540
3007  778         0.32163430     10.12364106      0.39152206
3008  778         0.30035885     10.15568230      0.39867574
3009  778         0.30829649     10.17305936      0.41047202
3010  778         0.33916309     10.18360742      0.42664612
3011  778         0.38666020     10.21040922      0.44637937
3012  778         0.43987423     10.25442638      0.46652756
3013  778         0.48157885     10.31653204      0.47558903
3014  778         0.48041999     10.38379825      0.48370605
3015  778         0.43474869     10.43947117      0.47908268
3016  778         0.37596587     10.45874439      0.44638956
3017  778         0.31830193     10.44273043      0.38700197
3018  778         0.26439645     10.42183289      0.34479606
3019  778         0.23411607     10.42508761      0.34321097
3020  778         0.22206506     10.44577340      0.35863409
3021  778         0.23061751     10.46844104      0.36826100
3022  778         0.26212192     10.47345193      0.34044287
3023  778         0.31490901     10.48019437      0.30464269
3024  778         0.34903858     10.50130076      0.28983150
3025  778         0.34964195     10.53849974      0.31343188
3026  778         0.33114332     10.57885897      0.33324070
3027  778         0.31292095     10.61158649      0.32895856
3028  778         0.30380569     10.62199893      0.31410971
3029  778         0.31449714     10.58480158      0.30200727
3030  778         0.35452964     10.50964403      0.28086639
3031  778         0.40912621     10.41775508      0.25426964
3032  778         0.47219997     10.32873746      0.23655768
3033  778         0.51230024     10.24698289      0.22551847
3034  778         0.51353224     10.19560882      0.20642807
3035  778         0.45394732     10.18169211      0.17757421
3036  778         0.38016909     10.20032657      0.15937713
3037  778         0.33463773     10.24361603      0.16404243
3038  778         0.33087122     10.29187861      0.18933696
3039  778         0.34978556     10.33005789      0.20066521
3040  778         0.37630324     10.34040591      0.18311861
3041  778         0.39915340     10.31525041      0.15633256
3042  778         0.41236059     10.27286353      0.15415100
3043  778         0.41551482     10.23461490      0.18194711
3044  778         0.38931061     10.18521025      0.21020175
3045  778         0.32100000     10.13173285      0.21059231
3046  778         0.22233538     10.07838361      0.18999403
3047  778         0.13284027     10.03259087      0.17636538
3048  778         0.06486923     10.00772520      0.16541353
3049  778         0.03288350      9.98973873      0.14599236
3050  778         0.02668234      9.95107983      0.13400959
3051  778         0.01943096      9.87732118      0.15119253
3052  778        -0.00050006      9.79592275      0.19670574
3053  778        -0.02612115      9.73606813      0.25084413
3054  778        -0.05054762      9.70528916      0.28978077
3055  778        -0.06227418      9.70160237      0.30252889
3056  778        -0.05273732      9.70032734      0.30060857
3057  778        -0.06165303      9.71101744      0.27924136
3058  778        -0.07673694      9.72832608      0.25357541
3059  778        -0.07997818      9.75796669      0.25318590
3060  778        -0.05268910      9.77892096      0.26211011
3061  778        -0.02492856      9.79548070      0.25147416
3062  778        -0.00399648      9.82073045      0.20783042
3063  778         0.00398638      9.86227915      0.15373759
3064  778         0.01420276      9.91635343      0.10276965
3065  778         0.03458971      9.97375924      0.05324133
3066  778         0.05193112     10.01810462      0.00383395
3067  778         0.07132865     10.04015886     -0.05104565
3068  778         0.09096681     10.05004307     -0.09688387
3069  778         0.10956973     10.07764015     -0.12595431
3070  778         0.10121831     10.13818387     -0.13242126
3071  778         0.07193398     10.22239874     -0.11226728
3072  778         0.04467977     10.31209339     -0.08251702
3073  778         0.03951950     10.37615416     -0.06950670
3074  778         0.05594292     10.40357666     -0.09126008
3075  778         0.09399837     10.41082282     -0.12283261
3076  778         0.13838956     10.42438855     -0.14431417
3077  778         0.16206174     10.44315613     -0.14970102
3078  778         0.13080661     10.46108595     -0.14369717
3079  778         0.05312294     10.46903270     -0.12848075
3080  778        -0.02953819     10.46702049     -0.09718511
3081  778        -0.10296931     10.47015849     -0.04216145
3082  778        -0.15494104     10.47860290      0.04116409
3083  778        -0.19364744     10.47962654      0.12814105
3084  778        -0.21743438     10.44623745      0.18611713
3085  778        -0.23234261     10.38871419      0.20630004
3086  778        -0.24261694     10.34000092      0.19055779
3087  778        -0.25720655     10.32605029      0.14692643
3088  778        -0.28615081     10.33767163      0.09753860
3089  778        -0.33511060     10.34827541      0.06328577
3090  778        -0.38798297     10.34215222      0.04669340
3091  778        -0.41942545     10.31781425      0.03618833
3092  778        -0.42548316     10.28702377      0.03908990
3093  778        -0.43214956     10.28355648      0.06007459
3094  778        -0.45694025     10.28990652      0.07141031
3095  778        -0.47073006     10.28613628      0.08671376
3096  778        -0.45133086     10.27528627      0.10737097
3097  778        -0.40954287     10.28047575      0.12379417
3098  778        -0.35884420     10.31313848      0.11493332
3099  778        -0.29324983     10.35957662      0.11134951
3100  778        -0.25153493     10.40634135      0.15200524
3101  778        -0.23226560     10.46099994      0.19921149
3102  778        -0.23223466     10.51300942      0.25313637
3103  778        -0.23491588     10.56685548      0.31852524
3104  778        -0.22194008     10.61929206      0.38175903
3105  778        -0.19839668     10.64426058      0.42782696
3106  778        -0.16911938     10.65458858      0.45426035
3107  778        -0.14140765     10.67360131      0.45747752
3108  778        -0.11029992     10.71709656      0.43624052
3109  778        -0.10546734     10.77874605      0.39871415
3110  778        -0.13504417     10.82466276      0.37421371
3111  778        -0.19935467     10.84766974      0.37995848
3112  778        -0.26173782     10.84477432      0.40602505
3113  778        -0.31006475     10.83638988      0.41353562
3114  778        -0.32968407     10.84755443      0.39651572
3115  778        -0.34016613     10.85752879      0.37969852
3116  778        -0.36707380     10.85468321      0.39575810
3117  778        -0.39561965     10.86338822      0.42747627
3118  778        -0.39252257     10.90221810      0.44019399
3119  778        -0.35899357     10.94223684      0.43424734
3120  778        -0.35472509     10.95617902      0.42093324
3121  778        -0.39239865     10.95340249      0.41479146
3122  778        -0.46273643     10.95767711      0.42020274
3123  778        -0.50582373     10.98343279      0.44289759
3124  778        -0.52451790     11.01236280      0.47038546
3125  778        -0.53014259     11.02308538      0.46339147
3126  778        -0.51665272     10.99762966      0.41684026
3127  778        -0.48071742     10.98321189      0.37254289
3128  778        -0.42579629     11.01498069      0.36266057
3129  778        -0.37390778     11.08365516      0.37011310
3130  778        -0.32260822     11.15045461      0.37264606
3131  778        -0.26562565     11.18658819      0.36876071
3132  778        -0.23356759     11.18563592      0.36765106
3133  778        -0.24780932     11.15301733      0.37684515
3134  778        -0.28596058     11.13229509      0.41742242
3135  778        -0.32225521     11.13819883      0.48420586
3136  778        -0.33602838     11.16567926      0.52994723
3137  778        -0.32681065     11.18782101      0.52971742
3138  778        -0.30984825     11.22444544      0.50402449
3139  778        -0.31019553     11.29160927      0.48522312
3140  778        -0.32931902     11.39256403      0.48372609
3141  778        -0.36259251     11.50002922      0.50590900
3142  778        -0.38782911     11.60540140      0.57128051
3143  778        -0.40686497     11.68519705      0.64151159
3144  778        -0.41468632     11.72358405      0.70087568
3145  778        -0.42761983     11.73982310      0.73940000
3146  778        -0.44737953     11.75203606      0.79099087
3147  778        -0.46218082     11.77344493      0.86419997
3148  778        -0.46679221     11.78431960      0.91469884
3149  778        -0.45751611     11.80069585      0.93604649
3150  778        -0.46955358     11.80359075      0.93930559
3151  778        -0.49289422     11.77322743      0.95322737
3152  778        -0.52825398     11.72768210      0.96524277
3153  778        -0.53395782     11.71169382      0.97841433
3154  778        -0.51750522     11.72007690      0.98949566
3155  778        -0.50869324     11.71096088      1.00140883
3156  778        -0.52215518     11.67394744      1.02417827
3157  778        -0.55388845     11.64438763      1.05161298
3158  778        -0.58521093     11.63240639      1.04832060
3159  778        -0.62253903     11.62153121      1.00778641
3160  778        -0.67496706     11.61348674      0.95167550
3161  778        -0.74175255     11.62928960      0.91563057
3162  778        -0.80383741     11.67815684      0.91479031
3163  778        -0.88616908     11.72616863      0.90570665
3164  778        -0.98290298     11.74558588      0.87264158
3165  778        -1.07462185     11.72702296      0.83545436
3166  778        -1.11909747     11.69450767      0.80535616
3167  778        -1.14013303     11.66570460      0.78509297
3168  778        -1.16753249     11.65265464      0.77285193
3169  778        -1.19967177     11.62228164      0.75840172
3170  778        -1.24387307     11.56433966      0.74419296
3171  778        -1.30094129     11.52691662      0.73635119
3172  778        -1.37608562     11.50660016      0.72169037
3173  778        -1.45753538     11.49741120      0.70960224
3174  778        -1.53975508     11.48756219      0.72784736
3175  778        -1.57606931     11.51241023      0.75706355
3176  778        -1.55053683     11.52858160      0.77533655
3177  778        -1.48474419     11.52844392      0.78973617
3178  778        -1.41168766     11.54049433      0.80861658
3179  778        -1.37221719     11.55294712      0.81421595
3180  778        -1.35607400     11.54130071      0.81080285
3181  778        -1.34930242     11.49707335      0.82089120
3182  778        -1.34721805     11.46281327      0.86228306
3183  778        -1.34986833     11.46102245      0.91472814
3184  778        -1.36085619     11.47879387      0.94642775
3185  778        -1.35384517     11.49047453      0.95974694
3186  778        -1.34287065     11.49438090      0.97272060
3187  778        -1.33163930     11.50808994      0.99673664
3188  778        -1.33978262     11.53354736      1.03857293
3189  778        -1.35997764     11.56044612      1.09012574
3190  778        -1.39265950     11.57389857      1.12116907
3191  778        -1.42045338     11.56087286      1.13379070
3192  778        -1.44814717     11.56646359      1.14955287
3193  778        -1.49778586     11.59350435      1.17668776
3194  778        -1.56077412     11.62315927      1.18079161
3195  778        -1.61290944     11.62358563      1.18735488
3196  778        -1.65670546     11.61338845      1.18721639
3197  778        -1.71580128     11.64897376      1.17463633
3198  778        -1.76729764     11.71649665      1.17645136
3199  778        -1.81706313     11.78447915      1.17536348
3200  778        -1.86855088     11.79405209      1.17232274
3201  778        -1.92252080     11.78070615      1.17502194
3202  778        -1.94556069     11.78629357      1.18960030
3203  778        -1.93796708     11.82972399      1.19091802
3204  778        -1.94154918     11.87415471      1.18606854
3205  778        -1.96863833     11.87568078      1.20489936
3206  778        -2.01242778     11.85044395      1.24197545
3207  778        -2.04656894     11.83188008      1.25275090
3208  778        -2.04664252     11.84367226      1.23803318
3209  778        -2.01241459     11.87999644      1.23536606
3210  778        -1.98383260     11.92905657      1.22752063
3211  778        -1.96590752     11.94322703      1.21660897
3212  778        -1.95900138     11.94389693      1.20380139
3213  778        -1.97335035     11.97012868      1.21338782
3214  778        -2.00326425     12.01270701      1.23505347
3215  778        -2.02231966     12.06424771      1.24263296
3216  778        -2.02084676     12.11712260      1.23610855
3217  778        -2.00552089     12.13968286      1.20831854
3218  778        -1.96886943     12.11512188      1.16912603
3219  778        -1.93220764     12.07346361      1.13447156
3220  778        -1.92092511     12.02771678      1.12143073
3221  778        -1.97191270     11.97659099      1.13707262
3222  778        -2.06321169     11.93431471      1.15483005
3223  778        -2.16584181     11.92612085      1.14470409
3224  778        -2.23657800     11.95662221      1.10174967
3225  778        -2.24970055     12.02384266      1.03310447
3226  778        -2.23832356     12.10557198      0.97316245
3227  778        -2.22914880     12.17091845      0.93324059
3228  778        -2.20747074     12.18286733      0.92123365
3229  778        -2.16253882     12.13095059      0.89877481
3230  778        -2.09241959     12.04262385      0.84038583
3231  778        -2.02007482     11.95510416      0.79925958
3232  778        -2.00435612     11.92791054      0.81873725
3233  778        -2.03706750     11.95351488      0.84149687
3234  778        -2.07340849     11.97655944      0.77776673
3235  778        -2.11002332     11.97591626      0.67836520
3236  778        -2.11603714     11.96719338      0.60922178
3237  778        -2.08838604     11.98722562      0.58339366
3238  778        -2.04740661     12.01681535      0.58475274
3239  778        -2.00266629     12.01872799      0.60664636
3240  778        -1.98971472     12.00628944      0.63059744
3241  778        -2.01585709     12.01243435      0.63417014
3242  778        -2.06416315     12.05311348      0.63283554
3243  778        -2.11826156     12.09627860      0.64510153
3244  778        -2.15021624     12.10907452      0.65648946
3245  778        -2.14039330     12.09064183      0.65205113
3246  778        -2.12033509     12.06207535      0.63587688
3247  778        -2.08743410     12.03896306      0.60333951
3248  778        -2.04732084     12.02070348      0.56299781
3249  778        -2.01108934     12.00813556      0.52349947
3250  778        -1.99688738     12.00533085      0.49979618
3251  778        -2.02974927     12.01493405      0.49105385
3252  778        -2.09697302     12.04746591      0.50431472
3253  778        -2.17301015     12.05884473      0.52225821
3254  778        -2.23421894     12.03425194      0.51182227
3255  778        -2.28769486     11.99916023      0.46869955
3256  778        -2.31314102     11.96442168      0.39311760
3257  778        -2.31853724     11.95295407      0.29822223
3258  778        -2.31995953     11.97828163      0.18389956
3259  778        -2.33279882     12.02222709      0.06906720
3260  778        -2.33963853     12.06792893     -0.04833604
3261  778        -2.31125872     12.11021799     -0.12901864
3262  778        -2.26315872     12.13514356     -0.15726069
3263  778        -2.20841851     12.12511118     -0.16558505
3264  778        -2.16240507     12.08453153     -0.16367463
3265  778        -2.11226051     12.04127166     -0.16779864
3266  778        -2.05185779     11.99998549     -0.18171445
3267  778        -1.98121855     11.96394159     -0.20009792
3268  778        -1.90160866     11.93920318     -0.23073363
3269  778        -1.83435385     11.92995891     -0.26714500
3270  778        -1.78395212     11.92615288     -0.30485025
3271  778        -1.74875867     11.92411440     -0.33588224
3272  778        -1.72189642     11.91833089     -0.34301311
3273  778        -1.73363791     11.91767214     -0.33508345
3274  778        -1.79345413     11.91148611     -0.32080721
3275  778        -1.88010126     11.89185857     -0.30442745
3276  778        -1.94799162     11.86185427     -0.27739768
3277  778        -1.96971006     11.83602521     -0.25327685
3278  778        -1.95356957     11.83866138     -0.22373257
3279  778        -1.91991541     11.84659420     -0.17894379
3280  778        -1.89390331     11.85073443     -0.13618705
3281  778        -1.89070863     11.85336559     -0.14603770
3282  778        -1.91624813     11.86833237     -0.18498236
3283  778        -1.96593459     11.88446795     -0.20610512
3284  778        -2.02925391     11.87680883     -0.21398675
3285  778        -2.07628115     11.83404230     -0.22850969
3286  778        -2.11239530     11.77254229     -0.23681837
3287  778        -2.12883563     11.71728164     -0.21437060
3288  778        -2.12850732     11.65865164     -0.17250253
3289  778        -2.12362723     11.60510031     -0.13487034
3290  778        -2.11428041     11.57424585     -0.11656312
3291  778        -2.08725963     11.56969043     -0.11013213
3292  778        -2.05283640     11.55022718     -0.12919267
3293  778        -2.01934945     11.50161010     -0.18545736
3294  778        -1.97690058     11.43347051     -0.26060281
3295  778        -1.94099930     11.35838820     -0.32357400
3296  778        -1.90939451     11.29192854     -0.33752852
3297  778        -1.89516284     11.22493202     -0.31090293
3298  778        -1.88152505     11.15635193     -0.27558880
3299  778        -1.85685056     11.11237858     -0.25647695
3300  778        -1.81534144     11.11080488     -0.25431037
3301  778        -1.77695674     11.13181167     -0.26552974
3302  778        -1.73804909     11.14658004     -0.29734913
3303  778        -1.69428226     11.13734139     -0.35322097
3304  778        -1.65249120     11.10439802     -0.41002400
3305  778        -1.61005577     11.06349548     -0.43932841
3306  778        -1.58163720     11.01271091     -0.44439353
3307  778        -1.55133661     10.94037805     -0.43986323
3308  778        -1.51395734     10.86320146     -0.44849195
3309  778        -1.47136586     10.82341179     -0.47101712
3310  778        -1.46012349     10.82718831     -0.49957304
3311  778        -1.46862781     10.84797195     -0.50872445
3312  778        -1.48024314     10.85734953     -0.49408475
3313  778        -1.47910508     10.83767091     -0.47423759
3314  778        -1.46572222     10.77929725     -0.44860172
3315  778        -1.44838646     10.69450346     -0.42223490
3316  778        -1.41696098     10.58685952     -0.40453031
3317  778        -1.36680768     10.48384469     -0.41630279
3318  778        -1.31208044     10.39967994     -0.42965734
3319  778        -1.27153376     10.34185469     -0.41988522
3320  778        -1.25064385     10.28916241     -0.40957797
3321  778        -1.23263055     10.22774716     -0.40597298
3322  778        -1.19794010     10.17574130     -0.40948014
3323  778        -1.16382206     10.14242533     -0.40163181
3324  778        -1.14146536     10.11982382     -0.39599942
3325  778        -1.12995557     10.08156646     -0.40016084
3326  778        -1.10101885     10.03926736     -0.40536104
3327  778        -1.03546914      9.99912385     -0.40528183
3328  778        -0.96535187      9.93374640     -0.40191493
3329  778        -0.90835118      9.83778696     -0.40068924
3330  778        -0.86985196      9.73871608     -0.39811780
3331  778        -0.83035713      9.66607177     -0.39512222
3332  778        -0.79561302      9.64042009     -0.41695707
3333  778        -0.78348108      9.64449473     -0.48522218
3334  778        -0.80485134      9.66848107     -0.57273801
3335  778        -0.84007090      9.71206786     -0.63761075
3336  778        -0.86119475      9.75089589     -0.66867116
3337  778        -0.84103808      9.76266452     -0.67098656
3338  778        -0.79036429      9.74076391     -0.64731343
3339  778        -0.73380970      9.71885048     -0.61310918
3340  778        -0.67798123      9.71415660     -0.56258153
3341  778        -0.62539951      9.72487927     -0.49095771
3342  778        -0.57419367      9.73823872     -0.40125774
3343  778        -0.54150560      9.76692205     -0.32030332
3344  778        -0.52036500      9.80070870     -0.28022048
3345  778        -0.51174432      9.82605944     -0.29351485
3346  778        -0.50447459      9.83177680     -0.33128697
3347  778        -0.49746791      9.81807124     -0.35647280
3348  778        -0.49256984      9.79133617     -0.35837761
3349  778        -0.48488745      9.75993156     -0.32871876
3350  778        -0.46278470      9.72919065     -0.28884074
3351  778        -0.43540945      9.67959887     -0.25486774
3352  778        -0.40631346      9.58791154     -0.23077609
3353  778        -0.36781865      9.47816120     -0.21519358
3354  778        -0.33377319      9.39150418     -0.22108368
3355  778        -0.32911919      9.34948511     -0.25709098
3356  778        -0.37362878      9.32724549     -0.33027685
3357  778        -0.44183520      9.29443350     -0.41621375
3358  778        -0.52013381      9.23295794     -0.46600334
3359  778        -0.58941462      9.17629272     -0.46162463
3360  778        -0.62682283      9.14660673     -0.41988482
3361  778        -0.62039345      9.13662231     -0.36842012
3362  778        -0.58352924      9.13289717     -0.32010420
3363  778        -0.53252684      9.12891285     -0.29297667
3364  778        -0.47728947      9.11353874     -0.26875445
3365  778        -0.41008064      9.07267669     -0.23769981
3366  778        -0.34738998      8.99975469     -0.18416225
3367  778        -0.30976196      8.91904819     -0.11501790
3368  778        -0.29751051      8.84478316     -0.06096300
3369  778        -0.30938787      8.77196323     -0.03461827
3370  778        -0.32817834      8.69288647     -0.01478941
3371  778        -0.33943220      8.60940458      0.01312485
3372  778        -0.34304984      8.52800223      0.06736738
3373  778        -0.32934441      8.48173416      0.14347614
3374  778        -0.29118224      8.45931478      0.21792318
3375  778        -0.24492891      8.46601028      0.28439889
3376  778        -0.20891442      8.48620173      0.34118691
3377  778        -0.17217882      8.50637690      0.39130179
3378  778        -0.13334001      8.50604894      0.42828881
3379  778        -0.10215349      8.49938458      0.44714339
3380  778        -0.10016531      8.49667577      0.46286976
3381  778        -0.12907366      8.47828258      0.48421135
3382  778        -0.16627843      8.44646760      0.50159002
3383  778        -0.20266280      8.42550158      0.52368222
3384  778        -0.23465868      8.42781200      0.56108310
3385  778        -0.25792434      8.44248901      0.60594839
3386  778        -0.27471154      8.44149962      0.64190300
3387  778        -0.29919848      8.41194858      0.65711524
3388  778        -0.33106471      8.38038982      0.66876689
3389  778        -0.35057498      8.36056064      0.68069152
3390  778        -0.33952428      8.35570364      0.70303230
3391  778        -0.31647241      8.35460109      0.73900075
3392  778        -0.30108558      8.35715922      0.78389914
3393  778        -0.31147924      8.38578938      0.82041252
3394  778        -0.34577607      8.43635356      0.83439722
3395  778        -0.37321189      8.48411263      0.83302298
3396  778        -0.39407430      8.50088595      0.84656791
3397  778        -0.41388594      8.49973670      0.88421381
3398  778        -0.43685922      8.49073007      0.94842014
3399  778        -0.45905322      8.47765417      1.00855304
3400  778        -0.48400619      8.46086488      1.04016573
3401  778        -0.51462856      8.44929125      1.07172029
3402  778        -0.53474576      8.44635001      1.11702714
3403  778        -0.53370486      8.44423403      1.15495843
3404  778        -0.51286684      8.44087604      1.15131589
3405  778        -0.47997057      8.43859731      1.11198041
3406  778        -0.44574518      8.42924005      1.07125961
3407  778        -0.42101511      8.38812090      1.05573128
3408  778        -0.41653067      8.32092871      1.05577688
3409  778        -0.46075764      8.26210444      1.06989412
3410  778        -0.53912277      8.23310014      1.09270665
3411  778        -0.59975092      8.21520963      1.12515957
3412  778        -0.61681070      8.20442138      1.15924820
3413  778        -0.59806100      8.20005975      1.17551669
3414  778        -0.56819441      8.20999963      1.16602532
3415  778        -0.53416284      8.21206360      1.12383583
3416  778        -0.49159831      8.20064308      1.08398412
3417  778        -0.44574929      8.17333982      1.05911525
3418  778        -0.41952237      8.12886627      1.03635429
3419  778        -0.42911409      8.07054573      0.99753831
3420  778        -0.47689852      8.00832868      0.96326028
3421  778        -0.53804291      7.95138154      0.94042272
3422  778        -0.57795638      7.89257720      0.94621456
3423  778        -0.58478036      7.84537539      0.97242015
3424  778        -0.57835357      7.81555418      0.99454449
3425  778        -0.57710239      7.80620460      1.01081824
3426  778        -0.57962436      7.78820347      1.03481729
3427  778        -0.58969280      7.77092859      1.05419078
3428  778        -0.61585080      7.77609365      1.05149778
3429  778        -0.67923660      7.80287870      1.05818606
3430  778        -0.76263737      7.82964524      1.07652054
3431  778        -0.85107113      7.84494359      1.10077055
3432  778        -0.89920537      7.87144772      1.12568083
3433  778        -0.87926782      7.89229522      1.15350462
3434  778        -0.82686582      7.90733207      1.19316819
3435  778        -0.79821184      7.90823512      1.22900943
3436  778        -0.80889804      7.91240429      1.23824206
3437  778        -0.84111019      7.92247685      1.21082200
3438  778        -0.88667932      7.93581489      1.17393126
3439  778        -0.93279738      7.94326271      1.13775659
3440  778        -0.96695727      7.93259732      1.09783887
3441  778        -0.99023534      7.90052570      1.07133132
3442  778        -1.00933235      7.87918292      1.05850909
3443  778        -1.03823468      7.88730589      1.05669423
3444  778        -1.08192890      7.90304756      1.05803470
3445  778        -1.12108758      7.90032888      1.06734694
3446  778        -1.15531207      7.87779151      1.07859944
3447  778        -1.19105362      7.83714252      1.06747401
3448  778        -1.22884272      7.78506628      1.06135328
3449  778        -1.25447068      7.74874449      1.05113781
3450  778        -1.27119918      7.74094713      1.01535610
3451  778        -1.27354659      7.75844116      0.96512782
3452  778        -1.26513959      7.78973225      0.92233758
3453  778        -1.27498558      7.82645787      0.89290307
3454  778        -1.30711957      7.86660408      0.87203859
3455  778        -1.34119679      7.89756910      0.88090591
3456  778        -1.35551034      7.91743657      0.90785329
3457  778        -1.36538794      7.91220782      0.93651658
3458  778        -1.39425814      7.89792288      0.95704757
3459  778        -1.43891298      7.88449971      0.97342954
3460  778        -1.46416753      7.88497857      1.00058175
3461  778        -1.45416583      7.89394241      1.04650136
3462  778        -1.41994067      7.88499499      1.09431122
3463  778        -1.38829185      7.86458061      1.13446737
3464  778        -1.37313902      7.84145983      1.18443681
3465  778        -1.36360287      7.84264822      1.24188745
3466  778        -1.34060288      7.85162435      1.30040631
3467  778        -1.31262507      7.85323684      1.34663261
3468  778        -1.30086949      7.82697476      1.40232985
3469  778        -1.30009299      7.79132603      1.48745466
3470  778        -1.30952316      7.75262433      1.57071968
3471  778        -1.32501330      7.72218256      1.63180580
3472  778        -1.35521677      7.69696240      1.69827821
3473  778        -1.38379510      7.65899694      1.78843557
3474  778        -1.41199127      7.61424750      1.87039434
3475  778        -1.45268154      7.57428923      1.92356512
3476  778        -1.49244925      7.56046884      1.95219450
3477  778        -1.51586752      7.56649073      1.97436097
3478  778        -1.53239321      7.57599229      1.99568879
3479  778        -1.56222500      7.55874177      1.98599062
3480  778        -1.60402071      7.53751856      1.96094174
3481  778        -1.66098877      7.52319658      1.92767570
3482  778        -1.71734342      7.48532509      1.88032365
3483  778        -1.76583199      7.42079271      1.82279141
3484  778        -1.79508228      7.35428194      1.77138804
3485  778        -1.81650541      7.35385666      1.75800110
3486  778        -1.83459089      7.41127314      1.77585741
3487  778        -1.86506073      7.47825475      1.81758214
3488  778        -1.90169837      7.49649036      1.88134787
3489  778        -1.93014344      7.47181267      1.96737644
3490  778        -1.96590795      7.43718726      2.06993583
3491  778        -2.00387124      7.42408219      2.17206096
3492  778        -2.03313536      7.44382552      2.22016780
3493  778        -2.06312088      7.47717472      2.22629657
3494  778        -2.11378126      7.48703023      2.21583083
3495  778        -2.14617669      7.46059134      2.20620274
3496  778        -2.17725273      7.40132638      2.18272835
3497  778        -2.21354046      7.36079168      2.15175291
3498  778        -2.24927056      7.36478980      2.13932192
3499  778        -2.25255982      7.39477327      2.14002722
3500  778        -2.22833124      7.40834623      2.14833452
3501  778        -2.19291069      7.36901480      2.14799191
3502  778        -2.18383928      7.28737658      2.14691895
3503  778        -2.20251075      7.22826800      2.13546156
3504  778        -2.22481146      7.21435351      2.10498699
3505  778        -2.24098858      7.20594573      2.05131634
3506  778        -2.24518063      7.17894412      1.96537186
3507  778        -2.24050098      7.11593590      1.87549093
3508  778        -2.21027421      7.02585529      1.80152715
3509  778        -2.15449548      6.93174170      1.76705202
3510  778        -2.08835110      6.86460545      1.75270034
3511  778        -2.05149763      6.82269240      1.73076888
3512  778        -2.02585304      6.79622249      1.72344539
3513  778        -1.98101586      6.78954288      1.72139127
3514  778        -1.92215790      6.79169484      1.71589462
3515  778        -1.86656318      6.78338795      1.69198299
3516  778        -1.83409422      6.74536840      1.64073913
3517  778        -1.82544190      6.69216039      1.57010413
3518  778        -1.83629356      6.64627541      1.49480846
3519  778        -1.84254525      6.62399525      1.44050903
3520  778        -1.83194246      6.62242350      1.41966087
3521  778        -1.80326654      6.63339422      1.44605341
3522  778        -1.76752260      6.64591691      1.50046243
3523  778        -1.73987773      6.64630824      1.54999948
3524  778        -1.73359103      6.62685169      1.55441223
3525  778        -1.75983076      6.60703125      1.52702510
3526  778        -1.79032945      6.60314282      1.50727081
3527  778        -1.82591585      6.62348223      1.50769446
3528  778        -1.86653639      6.65645454      1.52310134
3529  778        -1.91044140      6.68894021      1.54879895
3530  778        -1.93102266      6.70172536      1.58705724
3531  778        -1.92075210      6.68667246      1.64518960
3532  778        -1.89665407      6.67009114      1.68028433
3533  778        -1.89085476      6.65498182      1.68654645
3534  778        -1.91820250      6.64059522      1.67087058
3535  778        -1.96144412      6.57968574      1.65110756
3536  778        -1.99962350      6.47555154      1.61647984
3537  778        -2.03230730      6.36238933      1.56014054
3538  778        -2.07130113      6.31626792      1.49060281
3539  778        -2.10465422      6.33594948      1.43505600
3540  778        -2.12419272      6.33557881      1.41196636
3541  778        -2.10178066      6.28675803      1.39576102
3542  778        -2.05759564      6.22042801      1.39880195
3543  778        -2.01620389      6.18473932      1.42860902
3544  778        -2.01471152      6.17873018      1.44201687
3545  778        -2.05713577      6.17003539      1.40634940
3546  778        -2.12456098      6.15116837      1.32632387
3547  778        -2.19645539      6.14580075      1.22495373
3548  778        -2.25455559      6.16988987      1.12615795
3549  778        -2.29244758      6.20064876      1.03144638
3550  778        -2.33035272      6.20294230      0.94519491
3551  778        -2.38725895      6.20212910      0.89446119
3552  778        -2.44321781      6.22268662      0.87633792
3553  778        -2.49474431      6.24316719      0.86849126
3554  778        -2.53299809      6.25763684      0.86072082
3555  778        -2.56229464      6.26105117      0.85960352
3556  778        -2.60604871      6.26842643      0.86684908
3557  778        -2.63907958      6.25019675      0.87620616
3558  778        -2.65070318      6.18128987      0.86007723
3559  778        -2.66689534      6.09191115      0.83449478
3560  778        -2.67306072      6.01061487      0.81297754
3561  778        -2.66078887      5.94784272      0.80250796
3562  778        -2.63200002      5.90509669      0.79476051
3563  778        -2.62038191      5.89322237      0.79536037
3564  778        -2.64634569      5.94040062      0.77929369
3565  778        -2.70438212      6.00684383      0.74333696
3566  778        -2.75413648      6.04799573      0.70284724
3567  778        -2.76929475      6.06185804      0.66831569
3568  778        -2.76209453      6.05818371      0.64636480
3569  778        -2.73862363      6.04563277      0.62115100
3570  778        -2.70515859      6.02508670      0.57428155
3571  778        -2.68735033      6.01721859      0.51802735
3572  778        -2.69184794      6.04361019      0.46545597
3573  778        -2.71554931      6.09080049      0.42416472
3574  778        -2.72582482      6.10407280      0.38306417
3575  778        -2.72200461      6.06198081      0.34241616
3576  778        -2.71378534      5.98139096      0.31812098
3577  778        -2.70333179      5.91922486      0.29287409
3578  778        -2.69764999      5.86581662      0.26640770
3579  778        -2.68882772      5.82796407      0.24835661
3580  778        -2.65026242      5.80127127      0.24477172
3581  778        -2.58437160      5.79500647      0.23420237
3582  778        -2.52885172      5.80142094      0.20908396
3583  778        -2.49902934      5.81726042      0.16698650
3584  778        -2.47631294      5.85262705      0.10829130
3585  778        -2.47009249      5.88202358      0.04367174
3586  778        -2.46287099      5.89363132     -0.03613303
3587  778        -2.43557757      5.88785716     -0.12642782
3588  778        -2.40164581      5.88838266     -0.21295015
3589  778        -2.37788863      5.88170943     -0.27316675
3590  778        -2.36747170      5.84174500     -0.32899658
3591  778        -2.35830701      5.77268571     -0.38233257
3592  778        -2.36478556      5.69931130     -0.40704072
3593  778        -2.39268371      5.64843703     -0.42498665
3594  778        -2.42505170      5.62935063     -0.45419997
3595  778        -2.47694228      5.63367019     -0.48682273
3596  778        -2.53899721      5.64976852     -0.50428077
3597  778        -2.58705060      5.65051711     -0.51006163
3598  778        -2.60645983      5.60566046     -0.52494127
3599  778        -2.60235622      5.52087364     -0.52472315
3600  778        -2.59206900      5.44751702     -0.49216033
3601  778        -2.58526872      5.41108588     -0.43280507
3602  778        -2.57001545      5.37916247     -0.36031584
3603  778        -2.53901039      5.33016236     -0.30710979
3604  778        -2.52923612      5.27232861     -0.29407835
3605  778        -2.56182855      5.24294792     -0.30980735
3606  778        -2.61571631      5.25741048     -0.31196755
3607  778        -2.64539926      5.30153751     -0.27890097
3608  778        -2.63950735      5.32837483     -0.23183405
3609  778        -2.60831527      5.32775332     -0.19850456
3610  778        -2.56177321      5.30830047     -0.19043851
3611  778        -2.53106488      5.27352432     -0.21061352
3612  778        -2.51106578      5.23156954     -0.24416260
3613  778        -2.50609160      5.20856944     -0.26692723
3614  778        -2.49117705      5.23002333     -0.25648463
3615  778        -2.45344794      5.28856396     -0.23671109
3616  778        -2.39416631      5.34033761     -0.22902325
3617  778        -2.34322830      5.34228795     -0.24507320
3618  778        -2.30991450      5.29825137     -0.28945820
3619  778        -2.27245745      5.22584120     -0.34126597
3620  778        -2.21527264      5.14529891     -0.39286953
3621  778        -2.17058720      5.07433983     -0.45193554
3622  778        -2.15145407      5.01500915     -0.50399069
3623  778        -2.14582620      4.97931658     -0.53657031
3624  778        -2.14723593      4.96850919     -0.54804797
3625  778        -2.14238231      4.98170492     -0.54004561
3626  778        -2.12890220      4.99139103     -0.51228716
3627  778        -2.09621602      4.97310276     -0.47135743
3628  778        -2.04456633      4.92306870     -0.43307566
3629  778        -1.98195252      4.86459741     -0.40906653
3630  778        -1.91580685      4.83768848     -0.39730370
3631  778        -1.86016218      4.83864521     -0.39748140
3632  778        -1.83873011      4.83613824     -0.39907307
3633  778        -1.85880515      4.80811185     -0.40442684
3634  778        -1.89521084      4.78760409     -0.40326837
3635  778        -1.93937170      4.78236562     -0.41115789
3636  778        -1.96713365      4.78431089     -0.39723712
3637  778        -1.98228940      4.80365991     -0.37763799
3638  778        -1.99076006      4.84732092     -0.37403257
3639  778        -1.99844061      4.90651084     -0.37302859
3640  778        -2.00049927      4.95818667     -0.33573200
3641  778        -2.01232047      4.98386539     -0.27319096
3642  778        -2.02136960      5.00899571     -0.22619312
3643  778        -2.02412930      5.04931342     -0.22761095
3644  778        -2.01285639      5.10393255     -0.26023697
3645  778        -1.98619981      5.11541961     -0.28529751
3646  778        -1.96513221      5.05899422     -0.28876951
3647  778        -1.96396139      4.96795715     -0.28576274
3648  778        -1.98778632      4.89540635     -0.29314933
3649  778        -2.01604708      4.85641755     -0.30137785
3650  778        -2.03761806      4.84726219     -0.31775337
3651  778        -2.06563883      4.87602551     -0.33758621
3652  778        -2.09863084      4.93526061     -0.36967259
3653  778        -2.12983731      5.02009900     -0.41397758
3654  778        -2.13691182      5.10327470     -0.46056939
3655  778        -2.11986257      5.15494457     -0.50121465
3656  778        -2.08867368      5.17493193     -0.54083520
3657  778        -2.05526178      5.18226514     -0.57899650
3658  778        -2.02401154      5.17664998     -0.61529866
3659  778        -1.99144081      5.17906028     -0.66558793
3660  778        -1.97091539      5.20716297     -0.71381156
3661  778        -1.97213502      5.24976503     -0.74978073
3662  778        -1.99447613      5.29449673     -0.77333680
3663  778        -2.03854776      5.32609036     -0.80410145
3664  778        -2.07936791      5.36510794     -0.84673971
3665  778        -2.10068973      5.40237655     -0.87326911
3666  778        -2.11694149      5.42648015     -0.87978528
3667  778        -2.12041860      5.46260812     -0.90333347
3668  778        -2.10637351      5.50385866     -0.95351317
3669  778        -2.05514091      5.55594039     -1.00061025
3670  778        -1.98794434      5.60540788     -1.02033063
3671  778        -1.92387722      5.65261841     -1.01519818
3672  778        -1.86653397      5.69899376     -0.99362390
3673  778        -1.82418454      5.72970792     -0.95329153
3674  778        -1.78449921      5.72742055     -0.90408777
3675  778        -1.73929452      5.70617702     -0.86155364
3676  778        -1.68167366      5.69706472     -0.84037882
3677  778        -1.62684702      5.70246755     -0.81774543
3678  778        -1.57781573      5.70798965     -0.79339061
3679  778        -1.53906232      5.72106481     -0.78744288
3680  778        -1.49211215      5.74100715     -0.82737701
3681  778        -1.41403713      5.76279215     -0.88797351
3682  778        -1.31013887      5.77869597     -0.91387716
3683  778        -1.22552552      5.78475221     -0.88338603
3684  778        -1.18797067      5.77195831     -0.82437180
3685  778        -1.18345471      5.74726579     -0.78274903
3686  778        -1.21177245      5.75145726     -0.77095821
3687  778        -1.25006635      5.77810356     -0.77907583
3688  778        -1.27712194      5.81277759     -0.77658059
3689  778        -1.27211572      5.84654069     -0.76516164
3690  778        -1.25392632      5.85627917     -0.73244133
3691  778        -1.23388844      5.82698081     -0.68742141
3692  778        -1.20478967      5.76809730     -0.64568928
3693  778        -1.16570305      5.72031117     -0.65490092
3694  778        -1.11823865      5.68798705     -0.70655837
3695  778        -1.07634758      5.65086251     -0.75107383
3696  778        -1.05513511      5.60824826     -0.77687803
3697  778        -1.05118801      5.58618228     -0.80715538
3698  778        -1.03144878      5.60831885     -0.85734234
3699  778        -0.98572718      5.62528142     -0.89513398
3700  778        -0.93322421      5.58912422     -0.90886431
3701  778        -0.89696820      5.50221237     -0.91814778
3702  778        -0.87864784      5.39886242     -0.94307353
3703  778        -0.87044712      5.29832671     -0.96015278
3704  778        -0.86834043      5.21248376     -0.95192953
3705  778        -0.88128223      5.13850878     -0.92794738
3706  778        -0.90092904      5.08647318     -0.90282895
3707  778        -0.90513734      5.05502431     -0.87595335
3708  778        -0.89713892      5.01697948     -0.83752657
3709  778        -0.87680157      4.96888886     -0.78464559
3710  778        -0.85506340      4.90778582     -0.73278116
3711  778        -0.84226228      4.84529087     -0.70924210
3712  778        -0.85456809      4.78149075     -0.70559904
3713  778        -0.87513354      4.72857166     -0.71411481
3714  778        -0.88184934      4.67680832     -0.73192513
3715  778        -0.88391607      4.64137649     -0.74940212
3716  778        -0.89179667      4.63108085     -0.75259380
3717  778        -0.88327213      4.63494167     -0.74345415
3718  778        -0.85716064      4.63183077     -0.72502774
3719  778        -0.83113819      4.61169336     -0.70770485
3720  778        -0.81945624      4.58986822     -0.68346895
3721  778        -0.80554956      4.57013406     -0.68782851
3722  778        -0.78510367      4.56048539     -0.71310382
3723  778        -0.76938131      4.54356892     -0.73207196
3724  778        -0.75875405      4.51810131     -0.73126445
3725  778        -0.74038056      4.50288393     -0.72130916
3726  778        -0.70890739      4.52235022     -0.68834429
3727  778        -0.66883081      4.56405843     -0.62646783
3728  778        -0.62255820      4.58648551     -0.57410543
3729  778        -0.58876560      4.57140108     -0.57522376
3730  778        -0.58886404      4.54044904     -0.60083376
3731  778        -0.58577232      4.51684375     -0.63204812
3732  778        -0.57564682      4.49765921     -0.66391917
3733  778        -0.55571593      4.48358081     -0.66562632
3734  778        -0.54225292      4.50646806     -0.64388347
3735  778        -0.51059172      4.55632317     -0.62508360
3736  778        -0.45976649      4.59642374     -0.64972322
3737  778        -0.41601658      4.60309329     -0.71373324
3738  778        -0.38276078      4.61158292     -0.76921096
3739  778        -0.37371712      4.65519432     -0.79407486
3740  778        -0.35999431      4.69221517     -0.81236634
3741  778        -0.31945040      4.69310272     -0.87805198
3742  778        -0.25416929      4.68301583     -0.90609438
3743  778        -0.17745226      4.66535961     -0.91494017
3744  778        -0.13154472      4.63185046     -0.93461160
3745  778        -0.08522148      4.57418208     -0.99097162
3746  778        -0.02474342      4.52882039     -1.06568989
3747  778         0.04593299      4.49859342     -1.12379318
3748  778         0.11690315      4.49505237     -1.17420022
3749  778         0.16302818      4.51281358     -1.22888916
3750  778         0.18022157      4.56134228     -1.29595616
3751  778         0.17932624      4.64934614     -1.34650169
3752  778         0.18833846      4.74934579     -1.36508523
3753  778         0.19029317      4.81505594     -1.36876352
3754  778         0.18459030      4.82166637     -1.39588369
3755  778         0.17876838      4.78944099     -1.43136675
3756  778         0.16936176      4.73092095     -1.44763459
3757  778         0.15735637      4.68007053     -1.42736830
3758  778         0.14234258      4.64023894     -1.40135520
3759  778         0.12034743      4.60180691     -1.39708823
3760  778         0.09958212      4.55231604     -1.42605001
3761  778         0.07678987      4.51928998     -1.46960960
3762  778         0.05191288      4.52294641     -1.48830345
3763  778         0.03168154      4.56050344     -1.46769012
3764  778         0.02536426      4.59204694     -1.42361258
3765  778         0.03802891      4.60263110     -1.37902686
3766  778         0.06880604      4.59319198     -1.34099231
3767  778         0.10527875      4.56566422     -1.31583605
3768  778         0.12937887      4.54081417     -1.29583884
3769  778         0.10915266      4.54386628     -1.27731960
3770  778         0.05690708      4.59768950     -1.25086812
3771  778        -0.00507653      4.67843441     -1.21854924
3772  778        -0.05950103      4.76712662     -1.20262132
3773  778        -0.09615192      4.83570367     -1.20185337
3774  778        -0.11717685      4.87244407     -1.20663968
3775  778        -0.10907484      4.87698979     -1.22022674
3776  778        -0.07060060      4.87152109     -1.24041185
3777  778        -0.03048184      4.87052280     -1.24383220
3778  778        -0.02338433      4.88596197     -1.22323002
3779  778        -0.04300291      4.92941307     -1.20802870
3780  778        -0.05030490      4.98815152     -1.23250905
3781  778        -0.04758511      5.05376883     -1.28514862
3782  778        -0.04505811      5.10579232     -1.33881428
3783  778        -0.04656114      5.15833049     -1.38601322
3784  778        -0.04643777      5.18796231     -1.42859287
3785  778        -0.05430960      5.18953363     -1.44144613
3786  778        -0.06304548      5.16852148     -1.43565301
3787  778        -0.04931303      5.13506909     -1.43929379
3788  778        -0.04314251      5.09838582     -1.46118490
3789  778        -0.07731265      5.07961944     -1.50112938
3790  778        -0.12571864      5.08660673     -1.55483275
3791  778        -0.14458846      5.10340511     -1.60722162
3792  778        -0.11996799      5.11774240     -1.63202389
3793  778        -0.08157833      5.13457881     -1.62473437
3794  778        -0.04732264      5.16470186     -1.61045158
3795  778        -0.00410732      5.20603633     -1.61628646
3796  778         0.04872410      5.25338442     -1.64610236
3797  778         0.09170373      5.30709046     -1.67308793
3798  778         0.13766242      5.36146438     -1.68592713
3799  778         0.19850825      5.39547632     -1.71415970
3800  778         0.25848836      5.40387452     -1.76657134
3801  778         0.29217963      5.38933122     -1.83363295
3802  778         0.31221371      5.36169239     -1.89651644
3803  778         0.35861578      5.34285607     -1.94014358
3804  778         0.41947030      5.34376119     -1.95387874
3805  778         0.46390500      5.36419850     -1.92578923
3806  778         0.46591025      5.39889899     -1.87957797
3807  778         0.45687677      5.45302402     -1.84403593
3808  778         0.42846006      5.50065736     -1.84502785
3809  778         0.38540230      5.51193659     -1.86901004
3810  778         0.35546824      5.48956765     -1.90602710
3811  778         0.32188337      5.44437075     -1.93091776
3812  778         0.27893874      5.39911513     -1.95614323
3813  778         0.23916236      5.36010025     -1.98974948
3814  778         0.20425978      5.32691551     -2.03425647
3815  778         0.16029293      5.28940860     -2.07125673
3816  778         0.13073123      5.25060449     -2.07023427
3817  778         0.11503987      5.20428644     -2.03702461
3818  778         0.09265952      5.14486954     -2.01560223
3819  778         0.05075749      5.08176995     -2.07810306
3820  778         0.00682754      5.03460151     -2.20371822
3821  778        -0.01958640      4.99795931     -2.32016965
3822  778        -0.02181814      4.94930068     -2.37774225
3823  778        -0.01123954      4.87932699     -2.39952010
3824  778        -0.00873236      4.81286261     -2.40337151
3825  778        -0.01606538      4.75080999     -2.39532444
3826  778        -0.05163717      4.67009998     -2.37554435
3827  778        -0.10384944      4.59254317     -2.35121955
3828  778        -0.16490138      4.56176908     -2.32452460
3829  778        -0.22220320      4.57276082     -2.29474857
3830  778        -0.27631521      4.58339293     -2.29684635
3831  778        -0.30902950      4.56908562     -2.34301374
3832  778        -0.29445192      4.53758193     -2.42290982
3833  778        -0.24171044      4.50776246     -2.49263128
3834  778        -0.18921714      4.49002239     -2.52783943
3835  778        -0.16294075      4.48279352     -2.52148483
3836  778        -0.15284705      4.47815920     -2.49616269
3837  778        -0.15055903      4.48457235     -2.45897849
3838  778        -0.14149363      4.49996073     -2.43993523
3839  778        -0.14384720      4.51636593     -2.45396575
3840  778        -0.17130851      4.52981158     -2.49327036
3841  778        -0.22344663      4.55013428     -2.53957017
3842  778        -0.27251655      4.57902195     -2.59250099
3843  778        -0.30191622      4.60996334     -2.65709073
3844  778        -0.29789766      4.64276297     -2.70793784
3845  778        -0.25481038      4.68352167     -2.72955848
3846  778        -0.21368328      4.71082109     -2.71928788
3847  778        -0.20144567      4.70963154     -2.67924926
3848  778        -0.21885600      4.68841665     -2.61504069
3849  778        -0.22666164      4.67048654     -2.56924998
3850  778        -0.22219776      4.66112928     -2.54404132
3851  778        -0.18144241      4.65502397     -2.53554077
3852  778        -0.10314719      4.66847939     -2.55040789
3853  778        -0.01154485      4.70777977     -2.59175325
3854  778         0.04948695      4.76206670     -2.63524509
3855  778         0.06239732      4.83054753     -2.66699866
3856  778         0.02860431      4.91840479     -2.68464661
3857  778        -0.03131350      5.01918278     -2.67002097
3858  778        -0.08096998      5.10195249     -2.63613125
3859  778        -0.07471287      5.16164918     -2.59085224
3860  778        -0.00298337      5.20867601     -2.56799656
3861  778         0.09714034      5.23122979     -2.57152112
3862  778         0.19042869      5.23959102     -2.59671977
3863  778         0.26781557      5.24814128     -2.61496367
3864  778         0.34061751      5.25964636     -2.61929748
3865  778         0.39711129      5.26776958     -2.62684314
3866  778         0.42238128      5.27208870     -2.64591843
3867  778         0.41283898      5.27946004     -2.66239820
3868  778         0.36727592      5.29663278     -2.65337993
3869  778         0.30857796      5.30134810     -2.63163489
3870  778         0.24102157      5.28019271     -2.63317350
3871  778         0.18646558      5.25668034     -2.68012220
3872  778         0.16840099      5.23462038     -2.75352663
3873  778         0.19697095      5.20315607     -2.83991711
3874  778         0.24403715      5.16400467     -2.92615889
3875  778         0.28047917      5.11596311     -2.99355887
3876  778         0.29771274      5.05366709     -3.03180405
3877  778         0.29881927      4.98212392     -3.03401221
3878  778         0.27419722      4.91134251     -3.01915594
3879  778         0.23513224      4.84349498     -2.99410466
3880  778         0.22986700      4.77943548     -2.98383912
3881  778         0.27782428      4.74746743     -3.00978863
3882  778         0.32329707      4.76135948     -3.06917758
3883  778         0.31507264      4.80509652     -3.13258230
3884  778         0.25376590      4.84339621     -3.18483331
3885  778         0.17549278      4.86495479     -3.22796478
3886  778         0.12554216      4.86888561     -3.25783958
3887  778         0.12742695      4.84613201     -3.28304182
3888  778         0.15336515      4.80862813     -3.31118004
3889  778         0.18093729      4.76348978     -3.34778988
3890  778         0.18850801      4.70265720     -3.36925500
3891  778         0.17952316      4.64078532     -3.37156876
3892  778         0.16719331      4.61512111     -3.37148614
3893  778         0.13834484      4.63054195     -3.37692521
3894  778         0.08033719      4.66528225     -3.38326826
3895  778         0.00006923      4.66809771     -3.35855953
3896  778        -0.08962087      4.62697208     -3.29394597
3897  778        -0.15494293      4.56870080     -3.22105248
3898  778        -0.18357972      4.51802838     -3.16187870
3899  778        -0.18968382      4.47894084     -3.12741991
3900  778        -0.17908802      4.46905556     -3.11210858
3901  778        -0.18071003      4.49194427     -3.11262641
3902  778        -0.20188875      4.52277902     -3.11270117
3903  778        -0.23464526      4.54558381     -3.09013505
3904  778        -0.25899267      4.54661706     -3.05713476
3905  778        -0.29665458      4.52095832     -3.00998286
3906  778        -0.32828116      4.46439950     -2.93347197
3907  778        -0.37812554      4.41859379     -2.85082021
3908  778        -0.45101137      4.39950015     -2.78063028
3909  778        -0.49956009      4.38160919     -2.74118709
3910  778        -0.49860199      4.34842605     -2.72294513
3911  778        -0.45855549      4.31049647     -2.69761271
3912  778        -0.44738065      4.30600561     -2.64523916
3913  784        -1.96909308      4.97411262     -0.77704769
3914  784        -1.98983885      4.96961720     -0.79826782
3915  784        -2.03303990      4.97793059     -0.76156490
3916  784        -2.07685656      4.97497922     -0.70374559
3917  784        -2.10419895      4.95841572     -0.66533427
3918  784        -2.11698487      4.93511381     -0.66539928
3919  784        -2.13564588      4.92285160     -0.68392573
3920  784        -2.17774491      4.94281080     -0.69841966
3921  784        -2.23068847      4.97392918     -0.68912371
3922  784        -2.26476336      4.99911748     -0.64165644
3923  784        -2.27984536      5.01908423     -0.57181098
3924  784        -2.29874912      5.05647369     -0.50291670
3925  784        -2.34208674      5.10477151     -0.46540316
3926  784        -2.39269166      5.15152459     -0.44987119
3927  784        -2.42829712      5.17124305     -0.45143505
3928  784        -2.45442970      5.17432951     -0.47114385
3929  784        -2.48525941      5.18947819     -0.51835245
3930  784        -2.52498873      5.20077402     -0.57417323
3931  784        -2.56167205      5.18449630     -0.61695205
3932  784        -2.58553511      5.14186409     -0.61110162
3933  784        -2.61119923      5.10869309     -0.55856363
3934  784        -2.65806019      5.10596511     -0.50550053
3935  784        -2.70808344      5.11126458     -0.47179078
3936  784        -2.74900056      5.08256617     -0.46046141
3937  784        -2.77237803      5.01975929     -0.46908858
3938  784        -2.80621072      4.95730848     -0.51875924
3939  784        -2.83947669      4.92724497     -0.58606196
3940  784        -2.86420000      4.93655091     -0.64510617
3941  784        -2.88128325      4.95925579     -0.67621745
3942  784        -2.88837311      4.97514553     -0.67703196
3943  784        -2.90445048      4.98927147     -0.65629617
3944  784        -2.92350306      5.01385680     -0.62023246
3945  784        -2.94830404      5.03906424     -0.58521347
3946  784        -2.96489817      5.04933330     -0.56374579
3947  784        -2.96461327      5.02973214     -0.55748274
3948  784        -2.95228453      5.00664079     -0.55325866
3949  784        -2.94204104      5.00109136     -0.56854318
3950  784        -2.91692170      5.00978251     -0.61319647
3951  784        -2.85577828      5.01958365     -0.65960513
3952  784        -2.75386998      5.01675492     -0.67829708
3953  784        -2.64502108      4.99732493     -0.68240893
3954  784        -2.56376955      4.95013096     -0.69549830
3955  784        -2.50782915      4.90264046     -0.72517913
3956  784        -2.46665532      4.88707137     -0.75169544
3957  784        -2.42151439      4.91944605     -0.74710922
3958  784        -2.38191551      4.96236219     -0.70811525
3959  784        -2.34513804      5.00273219     -0.64200931
3960  784        -2.30973651      5.05287278     -0.58790963
3961  784        -2.26668489      5.11225688     -0.57070398
3962  784        -2.22186542      5.15507626     -0.60433712
3963  784        -2.18359592      5.17224484     -0.63872622
3964  784        -2.15112800      5.15546216     -0.64002189
3965  784        -2.10853376      5.10608466     -0.62384451
3966  784        -2.06056590      5.05589821     -0.60280943
3967  784        -2.01596005      5.01240550     -0.57413801
3968  784        -1.99580635      4.96454521     -0.54560167
3969  784        -1.99151860      4.91417964     -0.53428602
3970  784        -1.99374087      4.88010841     -0.54065660
3971  784        -1.98191068      4.85741595     -0.54987224
3972  784        -1.96783720      4.87284134     -0.55049975
3973  784        -1.97925132      4.92972336     -0.51976044
3974  784        -2.00740637      5.01370154     -0.45050286
3975  784        -2.02791935      5.10123436     -0.36668144
3976  784        -2.04168627      5.14862503     -0.30864550
3977  784        -2.06593813      5.18222186     -0.27869180
3978  784        -2.09230566      5.21948058     -0.25272701
3979  784        -2.10923345      5.25738690     -0.22365444
3980  784        -2.10533914      5.26625324     -0.19362467
3981  784        -2.08807214      5.28095474     -0.15201019
3982  784        -2.08028805      5.33063412     -0.07956280
3983  784        -2.07138722      5.38604836     -0.00643527
3984  784        -2.08468052      5.40296246      0.04121611
3985  784        -2.13333799      5.38085807      0.06597684
3986  784        -2.20136519      5.34410447      0.08188635
3987  784        -2.25513923      5.29725225      0.10419381
3988  784        -2.28773183      5.24799386      0.12844456
3989  784        -2.30681188      5.18490488      0.14705810
3990  784        -2.33167143      5.11833641      0.16854155
3991  784        -2.36089807      5.06053997      0.18452235
3992  784        -2.39080354      5.02054584      0.18000011
3993  784        -2.42716521      4.98924734      0.15970173
3994  784        -2.47127607      4.96866697      0.12328386
3995  784        -2.51677825      4.95648654      0.06948271
3996  784        -2.55955401      4.95666688      0.00175979
3997  784        -2.59414919      4.98170853     -0.05953451
3998  784        -2.60022576      5.03609431     -0.09125758
3999  784        -2.57683183      5.09843247     -0.08353557
4000  784        -2.55371179      5.14886424     -0.05335857
4001  784        -2.55739262      5.18141333     -0.02760467
4002  784        -2.58092626      5.21106629     -0.00617050
4003  784        -2.61098049      5.24245416      0.01527763
4004  784        -2.63473993      5.26903528      0.03205197
4005  784        -2.65262879      5.29860974      0.03276300
4006  784        -2.66592427      5.34887368      0.00382421
4007  784        -2.66630822      5.43541625     -0.04253057
4008  784        -2.64209681      5.54568230     -0.07763985
4009  784        -2.58786069      5.64702152     -0.10368148
4010  784        -2.52620957      5.71955094     -0.13964596
4011  784        -2.48142626      5.74583511     -0.18072521
4012  784        -2.47008632      5.72202691     -0.20555880
4013  784        -2.48494143      5.69036424     -0.21370423
4014  784        -2.51261135      5.70541799     -0.21266847
4015  784        -2.52530442      5.77649387     -0.22056967
4016  784        -2.52165718      5.86998762     -0.23931564
4017  784        -2.50588872      5.94112108     -0.25514848
4018  784        -2.47238892      5.96484654     -0.27376386
4019  784        -2.42119291      5.94836481     -0.31269371
4020  784        -2.37116826      5.92463298     -0.36448013
4021  784        -2.35917130      5.90424558     -0.41313433
4022  784        -2.38614017      5.88887233     -0.44781749
4023  784        -2.44475787      5.87693261     -0.47124170
4024  784        -2.51520432      5.86603596     -0.49558803
4025  784        -2.57418767      5.86539145     -0.50847985
4026  784        -2.60560985      5.88356239     -0.50391210
4027  784        -2.62014594      5.90099401     -0.49213969
4028  784        -2.63079072      5.89868578     -0.50072450
4029  784        -2.64145382      5.87719419     -0.53388949
4030  784        -2.65416483      5.85983963     -0.57333922
4031  784        -2.66672116      5.83709203     -0.60544509
4032  784        -2.67086718      5.79315038     -0.62726296
4033  784        -2.66439075      5.73782553     -0.62524877
4034  784        -2.66936366      5.70827878     -0.59843094
4035  784        -2.68456890      5.72788995     -0.57109662
4036  784        -2.69175683      5.77722572     -0.56390539
4037  784        -2.68990938      5.83296386     -0.57658608
4038  784        -2.68895483      5.85771054     -0.58156920
4039  784        -2.69028958      5.86160290     -0.57416870
4040  784        -2.70275641      5.86143083     -0.56009144
4041  784        -2.72255039      5.86046663     -0.55049843
4042  784        -2.74121332      5.85577635     -0.54824947
4043  784        -2.74896386      5.83833761     -0.54436544
4044  784        -2.76912720      5.80104646     -0.52041739
4045  784        -2.81927741      5.74578308     -0.47771194
4046  784        -2.87829944      5.70432648     -0.42520811
4047  784        -2.92962414      5.69453779     -0.37121562
4048  784        -2.94876505      5.73033345     -0.32782812
4049  784        -2.93828040      5.78252711     -0.30545479
4050  784        -2.90685893      5.81148527     -0.31268370
4051  784        -2.88234070      5.79247090     -0.35332192
4052  784        -2.85898255      5.73574772     -0.40851582
4053  784        -2.82684242      5.68560014     -0.45605605
4054  784        -2.81197601      5.68006178     -0.47926890
4055  784        -2.82848506      5.71388484     -0.47428929
4056  784        -2.85429708      5.74113031     -0.44573699
4057  784        -2.85545872      5.74418125     -0.40673493
4058  784        -2.83598261      5.72083805     -0.37227602
4059  784        -2.80347211      5.69486352     -0.35622435
4060  784        -2.77563764      5.66820967     -0.37469715
4061  784        -2.74151192      5.62693999     -0.43316249
4062  784        -2.71362127      5.57455249     -0.50032199
4063  784        -2.71555850      5.54458062     -0.55665229
4064  784        -2.75957307      5.56178364     -0.59903464
4065  784        -2.81720852      5.59498392     -0.61002033
4066  784        -2.84001479      5.61475276     -0.61289855
4067  784        -2.81101386      5.62041855     -0.61995703
4068  784        -2.77936622      5.62483644     -0.62821216
4069  784        -2.77146490      5.62743898     -0.63992922
4070  784        -2.77933327      5.63425281     -0.65150666
4071  784        -2.77834320      5.64165703     -0.65596335
4072  784        -2.75370055      5.65318788     -0.67142143
4073  784        -2.73497838      5.64783127     -0.68820839
4074  784        -2.75096574      5.63093999     -0.68928650
4075  784        -2.78805362      5.62408593     -0.67849230
4076  784        -2.79980188      5.62848628     -0.67266555
4077  784        -2.75755550      5.62713008     -0.67623845
4078  784        -2.68777426      5.63038483     -0.68966958
4079  784        -2.62872542      5.62394409     -0.70512155
4080  784        -2.59626586      5.62203305     -0.71547657
4081  784        -2.58897811      5.63224600     -0.72318498
4082  784        -2.58642546      5.64427125     -0.72722376
4083  784        -2.53908910      5.66700275     -0.73845047
4084  784        -2.45814207      5.71375817     -0.74301773
4085  784        -2.37594636      5.77549873     -0.73285779
4086  784        -2.32853816      5.80983274     -0.69022840
4087  784        -2.31438209      5.78987897     -0.62609493
4088  784        -2.30816320      5.72221070     -0.56182878
4089  784        -2.29199671      5.64478965     -0.49817349
4090  784        -2.27499054      5.57296631     -0.43431059
4091  784        -2.29220528      5.51326768     -0.37359102
4092  784        -2.33621891      5.47425314     -0.34414310
4093  784        -2.37795076      5.44221534     -0.34874956
4094  784        -2.38117674      5.40718993     -0.38968078
4095  784        -2.36151353      5.39332722     -0.46383842
4096  784        -2.35628404      5.42877100     -0.55530862
4097  784        -2.36577532      5.50724004     -0.63949610
4098  784        -2.39553860      5.58376888     -0.69485481
4099  784        -2.44177582      5.59164375     -0.71599038
4100  784        -2.48540687      5.54462025     -0.68794981
4101  784        -2.49728761      5.49462394     -0.65512140
4102  784        -2.46278437      5.46155215     -0.62413979
4103  784        -2.40282305      5.44180135     -0.61266873
4104  784        -2.33891736      5.42448748     -0.58857776
4105  784        -2.26321660      5.42167284     -0.58957593
4106  784        -2.17972109      5.42054190     -0.60409557
4107  784        -2.09818323      5.40024505     -0.60876347
4108  784        -2.02704746      5.36311244     -0.58706886
4109  784        -1.98064154      5.32412211     -0.54024207
4110  784        -1.96271104      5.29301087     -0.49178914
4111  784        -1.95321809      5.25818597     -0.46117214
4112  784        -1.92282125      5.22653717     -0.46411393
4113  784        -1.87850675      5.21646881     -0.48983361
4114  784        -1.84506629      5.21373483     -0.51664826
4115  784        -1.82600076      5.18669072     -0.53527652
4116  784        -1.82173290      5.14709999     -0.55332483
4117  784        -1.82148845      5.11539044     -0.57468524
4118  784        -1.83238868      5.09039601     -0.59084280
4119  784        -1.84009726      5.06820110     -0.60435875
4120  784        -1.83003599      5.04152609     -0.61110489
4121  784        -1.79344328      5.05120445     -0.64028884
4122  784        -1.74677480      5.10283870     -0.67029521
4123  784        -1.71673851      5.15444247     -0.67099274
4124  784        -1.69596658      5.16857728     -0.63426872
4125  784        -1.68721963      5.18325198     -0.59173516
4126  784        -1.69552039      5.21787351     -0.56459066
4127  784        -1.71746093      5.21302045     -0.51103772
4128  784        -1.72258307      5.21746498     -0.47391987
4129  784        -1.69559827      5.25830439     -0.43016901
4130  784        -1.65865116      5.29806077     -0.36359177
4131  784        -1.62014617      5.32081646     -0.30222687
4132  784        -1.60507017      5.35124778     -0.26238556
4133  784        -1.59022199      5.40082740     -0.27333624
4134  784        -1.57920545      5.43591843     -0.29141711
4135  784        -1.56751717      5.43870061     -0.29682893
4136  784        -1.54187210      5.40155601     -0.28180901
4137  784        -1.54855354      5.33447757     -0.25650630
4138  784        -1.55272291      5.26604530     -0.26383383
4139  784        -1.49506989      5.23504602     -0.32429664
4140  784        -1.44438619      5.22567190     -0.35548052
4141  784        -1.44465707      5.23456009     -0.32717876
4142  784        -1.48193988      5.24238168     -0.27008067
4143  784        -1.51025487      5.23017385     -0.21015350
4144  784        -1.50348010      5.20792129     -0.14888604
4145  784        -1.47436317      5.19413861     -0.09281321
4146  784        -1.43238882      5.17924056     -0.06632745
4147  784        -1.38301188      5.16294443     -0.06359013
4148  784        -1.33345127      5.18354512     -0.06244924
4149  784        -1.29530154      5.23160287     -0.04652232
4150  784        -1.26975829      5.26666979     -0.03429842
4151  784        -1.26769508      5.27213114     -0.03915491
4152  784        -1.27020908      5.26509734     -0.03931400
4153  784        -1.24887544      5.27368416     -0.00090842
4154  784        -1.18777524      5.29246944      0.05472962
4155  784        -1.09654931      5.29083795      0.09489369
4156  784        -1.00685646      5.26993665      0.14094213
4157  784        -0.93825988      5.25635037      0.18501407
4158  784        -0.88616497      5.26207339      0.21278707
4159  784        -0.85089567      5.29635380      0.21340507
4160  784        -0.85165478      5.33901809      0.20455738
4161  784        -0.88246860      5.40310694      0.20775494
4162  784        -0.91132055      5.48884468      0.22681954
4163  784        -0.87678855      5.53585793      0.25997772
4164  784        -0.80559364      5.51490048      0.30166994
4165  784        -0.75384129      5.46909793      0.31776124
4166  784        -0.72958863      5.42408885      0.31278512
4167  784        -0.71413437      5.37036120      0.29304155
4168  784        -0.70585835      5.30910385      0.24536841
4169  784        -0.68588054      5.24039845      0.19225135
4170  784        -0.64901774      5.19339869      0.16330511
4171  784        -0.62528709      5.23032054      0.16916412
4172  784        -0.59234775      5.32012302      0.18108013
4173  784        -0.56688415      5.38940680      0.18842418
4174  784        -0.57401825      5.42386726      0.19165066
4175  784        -0.60371294      5.42177581      0.21518683
4176  784        -0.62554965      5.39527232      0.25557567
4177  784        -0.63711534      5.35815847      0.29773010
4178  784        -0.64137890      5.33677482      0.32665725
4179  784        -0.63033348      5.35789759      0.37233453
4180  784        -0.60072311      5.40640372      0.44541234
4181  784        -0.54265644      5.45140956      0.51165632
4182  784        -0.48535922      5.46836687      0.55496260
4183  784        -0.44069143      5.47463831      0.57073708
4184  784        -0.42308225      5.47357723      0.58376179
4185  784        -0.41897304      5.48094837      0.61071951
4186  784        -0.42583653      5.47886487      0.66154031
4187  784        -0.42808298      5.46341354      0.71229669
4188  784        -0.42611266      5.44797515      0.74846881
4189  784        -0.42536294      5.44409570      0.76230703
4190  784        -0.41176491      5.43775111      0.75794801
4191  784        -0.37467876      5.41722648      0.72841124
4192  784        -0.32040230      5.39969891      0.68623726
4193  784        -0.28504454      5.38070406      0.66277339
4194  784        -0.27551209      5.36755831      0.66967650
4195  784        -0.25780132      5.35120181      0.71503738
4196  784        -0.18795798      5.33929560      0.78618467
4197  784        -0.09456806      5.32962800      0.88017865
4198  784        -0.01291332      5.32680118      0.97152319
4199  784         0.03622486      5.31253227      1.03636540
4200  784         0.05308053      5.27351024      1.05361812
4201  784         0.05154499      5.21583046      1.03931779
4202  784         0.04028995      5.16384452      1.00673973
4203  784         0.04268653      5.13045720      0.97582407
4204  784         0.04955473      5.10771866      0.96387135
4205  784         0.05355523      5.10321400      0.98666916
4206  784         0.05110603      5.11747691      1.04165057
4207  784         0.04326193      5.15900916      1.12574474
4208  784         0.02276218      5.23060357      1.22500524
4209  784        -0.01028796      5.32824792      1.31394344
4210  784        -0.03901168      5.43542820      1.38197137
4211  784        -0.06671756      5.51454851      1.42069782
4212  784        -0.08300703      5.53930906      1.43052076
4213  784        -0.07585504      5.52295097      1.43308600
4214  784        -0.06396405      5.49677205      1.42572740
4215  784        -0.05886789      5.47353808      1.40396386
4216  784        -0.04527443      5.46690937      1.38720595
4217  784        -0.03408496      5.49588875      1.38542108
4218  784        -0.01909188      5.56541056      1.39619547
4219  784         0.01277886      5.65116131      1.40707592
4220  784         0.06636566      5.72725503      1.42739163
4221  784         0.13765666      5.78092795      1.43529860
4222  784         0.20869790      5.80761257      1.41642393
4223  784         0.24856698      5.80804693      1.37815818
4224  784         0.25227191      5.78647956      1.33440187
4225  784         0.23549673      5.74761300      1.29046912
4226  784         0.21922570      5.69703096      1.22050917
4227  784         0.20948921      5.67366737      1.14415952
4228  784         0.20587103      5.67355287      1.07482270
4229  784         0.23753023      5.67664809      0.99892673
4230  784         0.28982369      5.67600249      0.92030336
4231  784         0.31755050      5.65942110      0.85527744
4232  784         0.32901935      5.63700515      0.81014377
4233  784         0.35867021      5.60757868      0.78713330
4234  784         0.39603493      5.56905706      0.77431893
4235  784         0.40504052      5.52570801      0.76484809
4236  784         0.37277198      5.50922221      0.75274513
4237  784         0.31787319      5.53116793      0.74475693
4238  784         0.28662914      5.55779084      0.74958625
4239  784         0.30029297      5.55964092      0.77661095
4240  784         0.35104794      5.53817184      0.81619444
4241  784         0.40251596      5.50683641      0.85662651
4242  784         0.43215560      5.48091135      0.87827573
4243  784         0.45054501      5.45698926      0.87482993
4244  784         0.47130234      5.41221810      0.88970856
4245  784         0.50905811      5.38542537      0.93767017
4246  784         0.55719909      5.41780500      1.01119187
4247  784         0.59832903      5.48644770      1.10012765
4248  784         0.62808223      5.54263670      1.19691897
4249  784         0.62892226      5.57426053      1.28749181
4250  784         0.60842220      5.59642792      1.36729425
4251  784         0.60037033      5.62201702      1.43513416
4252  784         0.62068435      5.65015099      1.48095483
4253  784         0.63893314      5.66702880      1.50095799
4254  784         0.61381188      5.68353142      1.49167746
4255  784         0.54280211      5.72814112      1.47740082
4256  784         0.45774528      5.79973217      1.47860181
4257  784         0.38225849      5.88346617      1.50022244
4258  784         0.31800127      5.96235998      1.51528092
4259  784         0.26107318      6.02529721      1.50876845
4260  784         0.21306910      6.07320182      1.49628806
4261  784         0.18332798      6.13122996      1.49985341
4262  784         0.17423846      6.20527920      1.51409941
4263  784         0.17776838      6.27206818      1.53595888
4264  784         0.19426193      6.29769170      1.54524396
4265  784         0.21650328      6.27846786      1.53767566
4266  784         0.23667870      6.27018700      1.52516604
4267  784         0.26589274      6.31429769      1.50772320
4268  784         0.29719883      6.39220491      1.48429550
4269  784         0.32279313      6.43827420      1.45050144
4270  784         0.33547961      6.44363327      1.41580860
4271  784         0.33930138      6.44441699      1.38636056
4272  784         0.35323464      6.45038103      1.36230590
4273  784         0.38181540      6.45293056      1.33745732
4274  784         0.41068289      6.42106796      1.31293557
4275  784         0.44093854      6.35600063      1.29017644
4276  784         0.45869649      6.30215428      1.26324887
4277  784         0.44890577      6.27566530      1.24820038
4278  784         0.42463777      6.25641987      1.26908995
4279  784         0.42284764      6.22470780      1.29752461
4280  784         0.44514501      6.20007912      1.32285395
4281  784         0.47855536      6.19270587      1.36819447
4282  784         0.48646027      6.19094135      1.42081413
4283  784         0.46035578      6.16616762      1.45683872
4284  784         0.42168494      6.11099342      1.47058954
4285  784         0.41327571      6.06008566      1.48462294
4286  784         0.44701425      6.02251573      1.49870816
4287  784         0.47933999      5.99129159      1.48602740
4288  784         0.49580388      5.95909549      1.45734703
4289  784         0.51138998      5.95601704      1.41945451
4290  784         0.54655080      5.96573780      1.38040596
4291  784         0.57966538      5.98475706      1.34094933
4292  784         0.59800289      5.99817185      1.31783180
4293  784         0.60540760      6.00050495      1.32926428
4294  784         0.60701198      6.01973442      1.35799876
4295  784         0.61326994      6.05405499      1.39490608
4296  784         0.62611736      6.08053546      1.41679165
4297  784         0.64132041      6.08489467      1.44097648
4298  784         0.65521319      6.08902064      1.45489397
4299  784         0.64984770      6.10321690      1.47110749
4300  784         0.61983724      6.12076944      1.49737591
4301  784         0.57694547      6.12479946      1.53169611
4302  784         0.53636112      6.11956742      1.57421269
4303  784         0.51563580      6.11497043      1.62467631
4304  784         0.53128174      6.11506722      1.69269250
4305  784         0.58127841      6.13424284      1.75659524
4306  784         0.64133148      6.17464270      1.82207868
4307  784         0.66873138      6.21883478      1.88646700
4308  784         0.64169180      6.25671438      1.93964344
4309  784         0.58675250      6.27914563      1.96700497
4310  784         0.54996213      6.28843088      1.97370209
4311  784         0.56011905      6.31252049      1.96697487
4312  784         0.61489780      6.34936108      1.96791196
4313  784         0.69742663      6.38855756      1.97937987
4314  784         0.78897957      6.44138324      2.00077705
4315  784         0.85767207      6.51375082      2.03596715
4316  784         0.88220764      6.60338589      2.07310209
4317  784         0.86325775      6.67764903      2.09382102
4318  784         0.84294227      6.73405887      2.08525748
4319  784         0.84374763      6.76101889      2.07282163
4320  784         0.85322265      6.77016493      2.06957509
4321  784         0.86019086      6.79810332      2.07005197
4322  784         0.86126173      6.86059895      2.06451795
4323  784         0.86628253      6.94807657      2.06689654
4324  784         0.89503592      7.03296852      2.08361221
4325  784         0.94324488      7.09054900      2.10679198
4326  784         0.96367932      7.12324670      2.10620754
4327  784         0.94307954      7.15294402      2.08118672
4328  784         0.90412536      7.17796235      2.06093348
4329  784         0.87128340      7.18921317      2.05480894
4330  784         0.85577528      7.20868341      2.05007788
4331  784         0.82088256      7.25881938      2.01785200
4332  784         0.75034503      7.32693648      1.96227567
4333  784         0.69847245      7.37654119      1.90938844
4334  784         0.68269703      7.38226217      1.87832445
4335  784         0.68000211      7.35396395      1.86267884
4336  784         0.66441262      7.32247543      1.83368879
4337  784         0.62963784      7.31592161      1.78012132
4338  784         0.61434131      7.34355713      1.72215354
4339  784         0.63042930      7.37939758      1.67826339
4340  784         0.66282693      7.40533793      1.65480519
4341  784         0.66459447      7.40962744      1.62810072
4342  784         0.61564909      7.38937452      1.60545326
4343  784         0.55311143      7.38218890      1.60512594
4344  784         0.51154704      7.40827994      1.61941969
4345  784         0.50796372      7.44518721      1.63322265
4346  784         0.51326177      7.46765086      1.61914833
4347  784         0.51663129      7.48995971      1.59542241
4348  784         0.50806314      7.50862863      1.56116601
4349  784         0.48513578      7.52240985      1.54311563
4350  784         0.45845805      7.51823135      1.52779973
4351  784         0.44149071      7.51097886      1.52754972
4352  784         0.45033635      7.50348891      1.54218725
4353  784         0.44242130      7.49640315      1.56798168
4354  784         0.41313403      7.46954931      1.59751321
4355  784         0.40087483      7.43537668      1.62786893
4356  784         0.42031801      7.40872614      1.65794161
4357  784         0.46105592      7.39821005      1.69216881
4358  784         0.51869936      7.41845359      1.73073600
4359  784         0.57047987      7.42754642      1.76098636
4360  784         0.58204184      7.40140930      1.76705725
4361  784         0.55931942      7.35083007      1.77489920
4362  784         0.52752885      7.34274384      1.78368285
4363  784         0.51556640      7.40755354      1.77877481
4364  784         0.53503249      7.49108326      1.77099475
4365  784         0.57579116      7.53837355      1.75457207
4366  784         0.60354045      7.55447168      1.72668886
4367  784         0.61118800      7.55985307      1.70066301
4368  784         0.62345394      7.55375532      1.69146996
4369  784         0.64166227      7.53680658      1.69358651
4370  784         0.64075367      7.52510183      1.68815156
4371  784         0.60460709      7.53373224      1.68167274
4372  784         0.56474704      7.55755985      1.68580815
4373  784         0.56269887      7.56819010      1.71435364
4374  784         0.59913935      7.54981272      1.76095207
4375  784         0.63580207      7.50828250      1.81095610
4376  784         0.64676951      7.46501637      1.84757716
4377  784         0.63750783      7.41985715      1.87156234
4378  784         0.65344164      7.37754384      1.87095258
4379  784         0.71413332      7.33772566      1.83539826
4380  784         0.78667484      7.31420034      1.77220540
4381  784         0.83922310      7.31131010      1.71586593
4382  784         0.87226783      7.31245180      1.69258099
4383  784         0.88574014      7.29961490      1.69152992
4384  784         0.88523641      7.24934276      1.68339592
4385  784         0.87534547      7.15806829      1.66824690
4386  784         0.87679948      7.06566986      1.65850115
4387  784         0.86415722      7.02213677      1.63806380
4388  784         0.82867647      7.01461545      1.61044177
4389  784         0.81784355      6.99966733      1.58141797
4390  784         0.82747430      6.94639601      1.54587862
4391  784         0.84442665      6.89619558      1.51573487
4392  784         0.86424648      6.87046539      1.51126820
4393  784         0.89250758      6.85649188      1.50869728
4394  784         0.91347828      6.82934133      1.47903102
4395  784         0.90485151      6.79874144      1.42966210
4396  784         0.90308069      6.76544621      1.38562533
4397  784         0.91661226      6.72741804      1.36827296
4398  784         0.91194742      6.70994509      1.37018567
4399  784         0.90442942      6.71235125      1.36334232
4400  784         0.89185266      6.74351627      1.33578148
4401  784         0.86105760      6.77513459      1.30263533
4402  784         0.82409903      6.79896712      1.28038640
4403  784         0.79306926      6.79811320      1.27920465
4404  784         0.79236217      6.78740031      1.28890166
4405  784         0.82192596      6.77358563      1.28272963
4406  784         0.84345291      6.75718909      1.27613877
4407  784         0.83375238      6.73835775      1.29257913
4408  784         0.82895848      6.71878941      1.32642395
4409  784         0.82078457      6.70456098      1.35960337
4410  784         0.78844095      6.70296430      1.38208773
4411  784         0.71481055      6.72787365      1.40498131
4412  784         0.61614804      6.76659525      1.42953412
4413  784         0.53661066      6.78123818      1.45958810
4414  784         0.51025999      6.74387406      1.49426556
4415  784         0.52858305      6.66807145      1.51543265
4416  784         0.54261695      6.59905378      1.52474057
4417  784         0.54207752      6.55608091      1.52440665
4418  784         0.52134049      6.52128592      1.49381020
4419  784         0.49289087      6.48672837      1.44717465
4420  784         0.43931245      6.46073907      1.40708801
4421  784         0.36974614      6.43428702      1.39841715
4422  784         0.29361059      6.40958081      1.43156841
4423  784         0.23654148      6.38436657      1.47923413
4424  784         0.21975917      6.35491059      1.52878629
4425  784         0.24550322      6.33237074      1.57327413
4426  784         0.28572269      6.30611956      1.61941388
4427  784         0.29966221      6.27586550      1.66254991
4428  784         0.28614953      6.24288664      1.69164237
4429  784         0.26965680      6.20605564      1.68222298
4430  784         0.26455788      6.17199567      1.64872000
4431  784         0.25804168      6.15268276      1.61525598
4432  784         0.23009450      6.15180677      1.59023783
4433  784         0.19233673      6.14540538      1.59349945
4434  784         0.16516242      6.14604092      1.63793902
4435  784         0.16201865      6.15152134      1.70470429
4436  784         0.17659094      6.14967306      1.75583534
4437  784         0.16995696      6.14102099      1.77815563
4438  784         0.10979914      6.15207361      1.75548243
4439  784         0.03348889      6.18956260      1.69717073
4440  784        -0.01058164      6.22674586      1.61359021
4441  784        -0.02322602      6.25907417      1.53513510
4442  784        -0.03382343      6.27895253      1.48071792
4443  784        -0.05707100      6.27619896      1.44021636
4444  784        -0.09494958      6.25194729      1.40977638
4445  784        -0.13815421      6.25004251      1.40200694
4446  784        -0.17799493      6.27905059      1.41036898
4447  784        -0.20764176      6.33068208      1.41497071
4448  784        -0.22322574      6.39184885      1.40609012
4449  784        -0.24011059      6.46444843      1.38000812
4450  784        -0.25318605      6.52870076      1.35649128
4451  784        -0.24750957      6.57384043      1.34700565
4452  784        -0.23997978      6.58413040      1.37215261
4453  784        -0.25724585      6.55974107      1.41954265
4454  784        -0.28551261      6.55699141      1.46300449
4455  784        -0.28787837      6.59742640      1.50024471
4456  784        -0.26911118      6.68558590      1.52164107
4457  784        -0.26391206      6.77728092      1.51972888
4458  784        -0.26304220      6.84318284      1.49964990
4459  784        -0.24417619      6.86822723      1.46349849
4460  784        -0.20689411      6.85683490      1.41848166
4461  784        -0.16425789      6.81485703      1.37012750
4462  784        -0.12050618      6.75060381      1.32958407
4463  784        -0.08768937      6.68867146      1.31577082
4464  784        -0.07257294      6.63887199      1.33441208
4465  784        -0.07084927      6.61559267      1.37420394
4466  784        -0.07981639      6.61310505      1.40097113
4467  784        -0.10900322      6.62816590      1.41757123
4468  784        -0.15896209      6.63909967      1.42340237
4469  784        -0.20658990      6.64167447      1.43400838
4470  718        -0.91777961      7.80721436     -0.58091943
4471  718        -0.89417282      7.80947282     -0.54644697
4472  718        -0.89200404      7.84667246     -0.52857734
4473  718        -0.90450330      7.90518365     -0.52798048
4474  718        -0.93072082      7.97755545     -0.50946229
4475  718        -0.95891837      8.05171139     -0.47450627
4476  718        -0.99373181      8.10890989     -0.42425241
4477  718        -1.00221800      8.15851329     -0.38163792
4478  718        -0.94397622      8.18454086     -0.36273767
4479  718        -0.82468784      8.19205976     -0.37583768
4480  718        -0.70371400      8.19148489     -0.40633988
4481  718        -0.62096637      8.18899347     -0.46323670
4482  718        -0.56330621      8.18265353     -0.55095529
4483  718        -0.50699954      8.16506695     -0.64144329
4484  718        -0.46057097      8.15101245     -0.70813958
4485  718        -0.44179829      8.14560733     -0.74647616
4486  718        -0.42996589      8.13795214     -0.76917656
4487  718        -0.40206467      8.11430665     -0.77569980
4488  718        -0.36073826      8.09739035     -0.78125731
4489  718        -0.31827220      8.11250847     -0.78866494
4490  718        -0.26039489      8.15521818     -0.79844435
4491  718        -0.18772571      8.19879446     -0.79901013
4492  718        -0.12731177      8.23110473     -0.77505476
4493  718        -0.09300060      8.24646164     -0.72853755
4494  718        -0.05977147      8.23309727     -0.67361095
4495  718        -0.02914723      8.21170492     -0.63810364
4496  718        -0.01854927      8.20109686     -0.63707285
4497  718        -0.01861159      8.20743838     -0.65762026
4498  718        -0.00400942      8.23502676     -0.69759903
4499  718         0.03019586      8.27296996     -0.75055773
4500  718         0.08232258      8.29098929     -0.79814422
4501  718         0.13423921      8.29239657     -0.82369009
4502  718         0.16380376      8.30749134     -0.83074809
4503  718         0.17947185      8.34268466     -0.82686024
4504  718         0.20164118      8.39464934     -0.80549374
4505  718         0.24734830      8.43755585     -0.78959158
4506  718         0.29208402      8.44619580     -0.79231128
4507  718         0.32349146      8.45487876     -0.78662620
4508  718         0.34485070      8.49157954     -0.76063686
4509  718         0.36930924      8.53589784     -0.74736934
4510  718         0.39255967      8.56453724     -0.75844815
4511  718         0.41496804      8.59333117     -0.79001582
4512  718         0.44205568      8.64403420     -0.83223225
4513  718         0.47790945      8.69888647     -0.89551937
4514  718         0.52362840      8.73334753     -0.95639276
4515  718         0.55870840      8.75194421     -0.98369790
4516  718         0.57197602      8.76806422     -0.96528872
4517  718         0.57887729      8.76517366     -0.93932375
4518  718         0.59445459      8.74927822     -0.95281461
4519  718         0.61683820      8.75469005     -0.99164922
4520  718         0.64449809      8.80222612     -1.03862298
4521  718         0.66505345      8.86828023     -1.09235911
4522  718         0.68081925      8.91137931     -1.16116824
4523  718         0.69939827      8.94383352     -1.22126650
4524  718         0.72987865      8.98365251     -1.27633279
4525  718         0.77592370      9.02155517     -1.33103055
4526  718         0.83310858      9.03857225     -1.39199170
4527  718         0.89809258      9.03335395     -1.45048135
4528  718         0.97507198      9.01686991     -1.49751349
4529  718         1.05650310      8.98303226     -1.53263023
4530  718         1.14968566      8.92471832     -1.52455910
4531  718         1.23066147      8.85905568     -1.48410032
4532  718         1.29730560      8.81264427     -1.44891480
4533  718         1.35862056      8.79623598     -1.43791016
4534  718         1.42697830      8.80028589     -1.41617571
4535  718         1.50942917      8.78870843     -1.36911281
4536  718         1.58249765      8.76733359     -1.31976082
4537  718         1.62460145      8.76350192     -1.27954860
4538  718         1.63735568      8.78856910     -1.24717138
4539  718         1.62914749      8.81791193     -1.21724058
4540  718         1.62012455      8.83837620     -1.19035691
4541  718         1.61655261      8.85468031     -1.14571280
4542  718         1.59947777      8.86418490     -1.08538527
4543  718         1.59281983      8.85124289     -1.03364564
4544  718         1.60363603      8.83612513     -1.03297561
4545  718         1.61731806      8.83631562     -1.07272333
4546  718         1.63837093      8.81846265     -1.10662297
4547  718         1.66889875      8.77875592     -1.11947414
4548  718         1.68401646      8.75594237     -1.13891442
4549  718         1.71118011      8.75345546     -1.19540300
4550  718         1.73918252      8.75774419     -1.24599484
4551  718         1.73696302      8.74931301     -1.23885837
4552  718         1.68972701      8.72168392     -1.17632112
4553  718         1.62619425      8.68125573     -1.11105235
4554  718         1.59827932      8.61576041     -1.08046845
4555  718         1.59791412      8.54071138     -1.09363339
4556  718         1.61853442      8.46187548     -1.13124774
4557  718         1.65678028      8.40739102     -1.17583977
4558  718         1.69653701      8.36632749     -1.20376665
4559  718         1.71507371      8.31798291     -1.20247730
4560  718         1.73137587      8.23901451     -1.17956682
4561  718         1.77594387      8.16524110     -1.17141664
4562  718         1.81069649      8.12214041     -1.17220386
4563  718         1.81771559      8.09294844     -1.14819593
4564  718         1.82292915      8.06849719     -1.10385802
4565  718         1.85330599      8.06656055     -1.07964702
4566  718         1.89437653      8.08751448     -1.09888367
4567  718         1.89573356      8.10485176     -1.13432376
4568  718         1.87405536      8.10837393     -1.14439406
4569  718         1.86701866      8.09707036     -1.12513862
4570  718         1.88385246      8.08196767     -1.10016887
4571  718         1.92806374      8.08035856     -1.08883570
4572  718         1.96722242      8.10951886     -1.08101406
4573  718         1.97307527      8.13982421     -1.06912725
4574  718         1.93528619      8.14938777     -1.04800484
4575  718         1.88212247      8.12702117     -1.00118181
4576  718         1.84644954      8.09308412     -0.94035966
4577  718         1.83439581      8.08192396     -0.88914124
4578  718         1.81847506      8.11122714     -0.84221168
4579  718         1.79980233      8.17425152     -0.81411963
4580  718         1.78943533      8.25308836     -0.82997607
4581  718         1.79490459      8.30745630     -0.89323634
4582  718         1.80282028      8.31685591     -0.96450607
4583  718         1.78367905      8.29763808     -0.99363684
4584  718         1.72325972      8.26736284     -0.97682970
4585  718         1.63811842      8.24077315     -0.95478684
4586  718         1.56869990      8.19270903     -0.94302205
4587  718         1.55075305      8.11286013     -0.92465529
4588  718         1.58500162      8.02902772     -0.89636426
4589  718         1.64617538      7.96968310     -0.88397931
4590  718         1.72001901      7.93442630     -0.90011357
4591  718         1.80040769      7.90712555     -0.92828782
4592  718         1.89109003      7.87689930     -0.91580478
4593  718         1.99031118      7.89493621     -0.82695388
4594  718         2.07924563      7.96355261     -0.70448074
4595  718         2.12603222      8.05394679     -0.61685382
4596  718         2.13764421      8.13414943     -0.58966049
4597  718         2.14699044      8.19721088     -0.60829328
4598  718         2.17506997      8.23772296     -0.64823100
4599  718         2.20879179      8.24943094     -0.69798089
4600  718         2.22730310      8.23182995     -0.73274105
4601  718         2.22216605      8.19959000     -0.72730753
4602  718         2.21070425      8.17235299     -0.69069028
4603  718         2.21977090      8.16406620     -0.64744517
4604  718         2.24494786      8.16748043     -0.62121138
4605  718         2.27488637      8.16244117     -0.59945574
4606  718         2.30819994      8.16452937     -0.58011923
4607  718         2.35458355      8.17876997     -0.56168529
4608  718         2.40720824      8.18032645     -0.54844187
4609  718         2.44514563      8.16763321     -0.55604083
4610  718         2.45853045      8.15996957     -0.60619337
4611  718         2.47085771      8.15044559     -0.67741346
4612  718         2.49942658      8.11903415     -0.71920888
4613  718         2.54057701      8.07597833     -0.72364134
4614  718         2.58221880      8.03162637     -0.70831795
4615  718         2.61274156      8.00385491     -0.71618485
4616  718         2.62863535      7.98067154     -0.74370965
4617  718         2.63383119      7.94842679     -0.76326748
4618  718         2.65486904      7.90612017     -0.75646124
4619  718         2.69428300      7.88465351     -0.75086361
4620  718         2.73547729      7.87552144     -0.77335800
4621  718         2.75672170      7.84280313     -0.80691952
4622  718         2.76693033      7.77625480     -0.82770762
4623  718         2.78719863      7.69973725     -0.82904391
4624  718         2.81814251      7.64863334     -0.82124041
4625  718         2.84238216      7.62059070     -0.80543338
4626  718         2.83422085      7.59376140     -0.79841713
4627  718         2.83643982      7.56730718     -0.80090535
4628  718         2.88195420      7.55018627     -0.77566852
4629  718         2.95588073      7.54417925     -0.70866800
4630  718         3.02221689      7.54271699     -0.63563500
4631  718         3.07037615      7.54286147     -0.57381478
4632  718         3.08991771      7.54562705     -0.51766955
4633  718         3.10805555      7.53850929     -0.47751861
4634  718         3.14094686      7.50068206     -0.46095014
4635  718         3.19027189      7.43646065     -0.47661137
4636  718         3.23598344      7.38226499     -0.50531842
4637  718         3.26373718      7.34998437     -0.53090623
4638  718         3.30675504      7.33832173     -0.52363368
4639  718         3.37939167      7.35569018     -0.47519508
4640  718         3.45198128      7.38720984     -0.40773815
4641  718         3.49281906      7.43053171     -0.34787564
4642  718         3.51022530      7.46165673     -0.30912473
4643  718         3.51725375      7.49487604     -0.30394197
4644  718         3.54435767      7.52618948     -0.31985611
4645  718         3.59884190      7.54417380     -0.34054901
4646  718         3.65276519      7.56084749     -0.35060777
4647  718         3.70633588      7.58687082     -0.34655224
4648  718         3.76075427      7.63786746     -0.35989241
4649  718         3.80915403      7.68727414     -0.37625941
4650  718         3.86152066      7.71548684     -0.36880343
4651  718         3.94500585      7.74139215     -0.33707862
4652  718         4.01979797      7.79070895     -0.29282970
4653  718         4.07520464      7.84022629     -0.26873479
4654  718         4.10185678      7.85878002     -0.26435689
4655  718         4.11486786      7.85903816     -0.27710983
4656  718         4.14561660      7.86583369     -0.28613931
4657  718         4.18604452      7.86758739     -0.26048009
4658  718         4.21539145      7.86598210     -0.20821947
4659  718         4.22461927      7.86942226     -0.15423214
4660  718         4.24899146      7.86444637     -0.11822399
4661  718         4.28231794      7.82794763     -0.08515278
4662  718         4.30847876      7.77731645     -0.03901702
4663  718         4.31267512      7.75158890      0.01268237
4664  718         4.31244249      7.72680096      0.06565834
4665  718         4.30421999      7.68569670      0.12102946
4666  718         4.27141254      7.65263179      0.18112527
4667  718         4.24433446      7.62004586      0.23664954
4668  718         4.25130816      7.56318923      0.28010520
4669  718         4.28333174      7.49429923      0.30799800
4670  718         4.28525951      7.43752948      0.32305139
4671  718         4.27837688      7.40309941      0.31791186
4672  718         4.28290964      7.35210912      0.31332389
4673  718         4.29130998      7.29637399      0.33979637
4674  718         4.28392110      7.25028590      0.41713917
4675  718         4.27291658      7.23259599      0.51229168
4676  718         4.24631037      7.20988374      0.56921336
4677  718         4.20445584      7.14851811      0.57557328
4678  718         4.15437286      7.07844597      0.56327125
4679  718         4.11918217      7.05254951      0.55319884
4680  718         4.09258271      7.05725005      0.56286212
4681  718         4.06903804      7.04719758      0.60950207
4682  718         4.04504782      7.02175155      0.68010901
4683  718         4.04197949      6.99858799      0.74789240
4684  718         4.08333442      6.97771140      0.77726178
4685  718         4.14114027      6.94418016      0.77265823
4686  718         4.18638102      6.91728134      0.76099337
4687  718         4.19876420      6.90155997      0.75708237
4688  718         4.19747249      6.88680274      0.76002024
4689  718         4.19624686      6.85341762      0.75792313
4690  718         4.19103451      6.80935030      0.76006010
4691  718         4.18369623      6.77916820      0.74622914
4692  718         4.19794146      6.77535238      0.71538529
4693  718         4.23300456      6.76809457      0.66274665
4694  718         4.29547409      6.75037747      0.61608855
4695  718         4.36907671      6.75388605      0.61041628
4696  718         4.41322242      6.79453848      0.64410723
4697  718         4.41696993      6.85568032      0.66695652
4698  718         4.39424120      6.90149775      0.64132589
4699  718         4.36743817      6.91693735      0.59550126
4700  718         4.34708467      6.89607914      0.55946685
4701  718         4.34316696      6.84847833      0.52835618
4702  718         4.36403106      6.79030813      0.49302225
4703  718         4.40179335      6.75627758      0.48183165
4704  718         4.45146393      6.73250371      0.50491353
4705  718         4.52412817      6.70090817      0.53244760
4706  718         4.61352198      6.65669822      0.54572404
4707  718         4.67864139      6.60422922      0.54800589
4708  718         4.70926126      6.55713893      0.54008252
4709  718         4.71954803      6.51739594      0.52397452
4710  718         4.70848391      6.48104228      0.48357503
4711  718         4.68939081      6.45523614      0.43758910
4712  718         4.67770107      6.45885268      0.41749241
4713  718         4.68213549      6.48727567      0.42108527
4714  718         4.71410690      6.51944740      0.44774404
4715  718         4.76513570      6.54268345      0.50373867
4716  718         4.81623144      6.55182420      0.59040440
4717  718         4.85115938      6.55109645      0.68362591
4718  718         4.86771628      6.54376707      0.75570346
4719  718         4.85937558      6.53969000      0.79099747
4720  718         4.83579649      6.53454268      0.79564347
4721  718         4.80506162      6.53567229      0.78740909
4722  718         4.79277753      6.55612525      0.77040650
4723  718         4.83048343      6.60608557      0.75316522
4724  718         4.91121907      6.65165910      0.76099152
4725  718         4.99763276      6.65558370      0.79824489
4726  718         5.06693547      6.62664196      0.85376243
4727  718         5.11257549      6.57940729      0.91402490
4728  718         5.12209747      6.53180580      0.98231211
4729  718         5.12376570      6.48702648      1.06977247
4730  718         5.15311745      6.44053735      1.16520071
4731  718         5.20540113      6.38478924      1.23186332
4732  718         5.24772763      6.36271540      1.24169518
4733  718         5.26880326      6.39180441      1.21937450
4734  718         5.27929446      6.44668594      1.19613136
4735  718         5.29959964      6.50015653      1.17534782
4736  718         5.33498588      6.53226467      1.14818394
4737  718         5.36954327      6.54773431      1.14265048
4738  718         5.40981741      6.53803049      1.18796320
4739  718         5.44975910      6.49851460      1.28080007
4740  718         5.49828335      6.45582207      1.36298308
4741  718         5.55864747      6.42291482      1.39769321
4742  718         5.61428768      6.39679301      1.40696134
4743  718         5.65067930      6.36950408      1.40786946
4744  718         5.66223159      6.34580467      1.40919146
4745  718         5.64027892      6.32945331      1.40461020
4746  718         5.59926544      6.32730235      1.39507190
4747  718         5.54082571      6.33340991      1.37936179
4748  718         5.47611242      6.33599047      1.36722454
4749  718         5.42862901      6.32749961      1.35642015
4750  718         5.41500591      6.31586386      1.39205006
4751  718         5.44890714      6.31077426      1.49071285
4752  718         5.51532273      6.31081064      1.61793556
4753  718         5.57937436      6.30237725      1.72212842
4754  718         5.62322055      6.28675788      1.76071759
4755  718         5.62716119      6.28123842      1.74405740
4756  718         5.60479232      6.30086557      1.69167674
4757  718         5.57621901      6.34249900      1.64295556
4758  718         5.57266977      6.38821653      1.64504449
4759  718         5.60701593      6.42551722      1.72257897
4760  718         5.65447657      6.48103177      1.84063552
4761  718         5.70261042      6.56567484      1.96064654
4762  718         5.72158956      6.64597053      2.07433456
4763  718         5.73031389      6.70411922      2.16536081
4764  718         5.73644010      6.74810753      2.22308888
4765  718         5.73313222      6.78155221      2.23884877
4766  718         5.72255181      6.78854586      2.23215028
4767  718         5.72645688      6.76461630      2.23368549
4768  718         5.75286934      6.72535163      2.25082751
4769  718         5.80225734      6.69079995      2.27167064
4770  718         5.84966808      6.68917156      2.28560922
4771  718         5.88340757      6.72272366      2.31481044
4772  718         5.90394542      6.77818523      2.34590118
4773  718         5.91297502      6.83820620      2.36027324
4774  718         5.90506794      6.89682440      2.36177740
4775  718         5.86483092      6.95112911      2.35759924
4776  718         5.82167589      6.99675717      2.34418184
4777  718         5.79973017      7.02498752      2.32528612
4778  718         5.79757997      7.03036697      2.31003410
4779  718         5.81078540      7.01499685      2.30824889
4780  718         5.84976175      6.97081013      2.33066585
4781  718         5.92367820      6.90716053      2.36880488
4782  718         6.03093813      6.84473827      2.39382098
4783  718         6.14287465      6.81199623      2.39851226
4784  718         6.22428368      6.79627342      2.39781083
4785  718         6.26086247      6.79998142      2.40269105
4786  718         6.25421342      6.83677424      2.41101242
4787  718         6.21548659      6.88534693      2.42904327
4788  718         6.16372580      6.92473625      2.44126730
4789  718         6.12864219      6.95733555      2.44981592
4790  718         6.13073382      6.99436795      2.45346877
4791  718         6.13813385      7.03763998      2.44063395
4792  718         6.16504829      7.08783476      2.43744828
4793  718         6.22192709      7.15743213      2.45883043
4794  718         6.29612244      7.24775540      2.49767814
4795  718         6.36477443      7.31105828      2.50966332
4796  718         6.41163620      7.30809183      2.48079303
4797  718         6.42416532      7.26466171      2.43571884
4798  718         6.42538704      7.24773071      2.40005870
4799  718         6.44625043      7.26732440      2.37266199
4800  718         6.50930179      7.30074208      2.34471388
4801  718         6.58115827      7.35856713      2.32215812
4802  718         6.62211912      7.43695521      2.31006615
4803  718         6.63972840      7.48496842      2.30106237
4804  718         6.64338295      7.46599461      2.27102272
4805  718         6.63314793      7.42369799      2.23028001
4806  718         6.59796819      7.38060895      2.17895754
4807  718         6.56055920      7.33696974      2.14374069
4808  718         6.54190439      7.31745215      2.14665964
4809  718         6.53726843      7.34268840      2.18685682
4810  718         6.53077818      7.38814285      2.23883027
4811  718         6.51561465      7.39461910      2.27449681
4812  718         6.48439011      7.36388895      2.30660772
4813  718         6.43499655      7.32225012      2.34183180
4814  718         6.40432457      7.27300427      2.37633891
4815  718         6.39908778      7.19741145      2.39498558
4816  718         6.40706882      7.12589907      2.41570804
4817  718         6.38027349      7.07006466      2.41972007
4818  718         6.31464958      7.04419999      2.39119314
4819  718         6.24459294      7.04623899      2.35933154
4820  718         6.21528708      7.05913149      2.36183933
4821  718         6.20544369      7.05745955      2.40326608
4822  718         6.18144783      7.03960187      2.46071918
4823  718         6.15214230      7.02664936      2.50947580
4824  718         6.14447824      7.01917777      2.55921464
4825  718         6.16166187      7.02347912      2.62294733
4826  718         6.17693253      7.01363454      2.71380125
4827  718         6.16019031      6.98364668      2.82868157
4828  718         6.12257265      6.94258643      2.93307666
4829  718         6.09015711      6.91555074      3.00555193
4830  718         6.07190904      6.90472743      3.03305456
4831  718         6.05895643      6.90894167      3.03781911
4832  718         6.04363634      6.90824109      3.04013695
4833  718         6.04901926      6.88325299      3.04751121
4834  718         6.05922272      6.83268779      3.04296293
4835  718         6.04799377      6.75798799      3.04264158
4836  718         6.02489263      6.68823093      3.04514378
4837  718         6.00667934      6.62733602      3.04502948
4838  718         5.99178238      6.60180580      3.04920443
4839  718         5.96406211      6.58576478      3.06538900
4840  718         5.91596800      6.53583616      3.09690153
4841  718         5.86756125      6.46496972      3.12982067
4842  718         5.84097257      6.41969958      3.14749237
4843  718         5.83153940      6.41122715      3.13227245
4844  718         5.82337684      6.42573601      3.11784708
4845  718         5.80187113      6.41535849      3.11126286
4846  718         5.77176878      6.36451970      3.11423743
4847  718         5.73068832      6.30207270      3.10915097
4848  718         5.68796593      6.24905693      3.09549902
4849  718         5.67554486      6.21003290      3.07769341
4850  718         5.69139133      6.17604037      3.05858246
4851  718         5.69733315      6.14326272      3.04191816
4852  718         5.67836523      6.10036452      3.01836426
4853  718         5.65023273      6.04460845      2.99817308
4854  718         5.63367631      5.97948008      2.98548619
4855  718         5.60893192      5.91006341      2.98389032
4856  718         5.56429244      5.85717751      2.98421476
4857  718         5.51810319      5.83103190      2.99532155
4858  718         5.48102253      5.81367569      3.01115379
4859  718         5.46056113      5.79939651      3.03924725
4860  718         5.44719172      5.78779282      3.06837585
4861  718         5.41067119      5.76740689      3.09004212
4862  718         5.34808002      5.72373940      3.10285933
4863  718         5.27677630      5.66605338      3.10030536
4864  718         5.20649875      5.60733371      3.09734677
4865  718         5.15076624      5.54758034      3.09858149
4866  718         5.12769200      5.48884319      3.11342402
4867  718         5.13440911      5.43187803      3.13884222
4868  718         5.12932081      5.36968459      3.16780450
4869  718         5.08971844      5.28456813      3.17456753
4870  718         5.03861866      5.20207299      3.16787008
4871  718         5.00630851      5.15320794      3.17092806
4872  718         4.99094479      5.11364164      3.19873184
4873  718         4.95808759      5.06231857      3.23638008
4874  718         4.91303489      5.00518623      3.25554902
4875  718         4.86381602      4.95162639      3.24796312
4876  718         4.81135480      4.89981274      3.23727599
4877  718         4.77053781      4.84737570      3.25701973
4878  718         4.75629182      4.79756272      3.29192198
4879  718         4.75019604      4.75354804      3.32127129
4880  718         4.74513677      4.71964473      3.34452751
4881  718         4.73635998      4.70739316      3.37878826
4882  718         4.70587668      4.69325266      3.41392901
4883  718         4.65775568      4.65768226      3.42496359
4884  718         4.58313102      4.59120329      3.41901136
4885  718         4.47945374      4.54285431      3.38871832
4886  718         4.35624427      4.52403204      3.33464536
4887  718         4.23509738      4.51978936      3.28098525
4888  718         4.13441517      4.51421523      3.24826506
4889  718         4.07295396      4.52120215      3.23732758
4890  718         4.05260670      4.54121595      3.23707350
4891  718         4.05445804      4.54594139      3.24653734
4892  718         4.06145822      4.54271795      3.26177037
4893  718         4.05698381      4.56336155      3.27166176
4894  718         4.02321059      4.62867636      3.26142399
4895  718         3.95761534      4.69622383      3.25007569
4896  718         3.88589157      4.75463239      3.24311638
4897  718         3.81913665      4.78811422      3.23098487
4898  718         3.75992221      4.80191101      3.21439308
4899  718         3.69590933      4.81337668      3.19464501
4900  718         3.64246389      4.83809020      3.19443334
4901  718         3.60392029      4.85789202      3.21556067
4902  718         3.56411724      4.85358105      3.24179153
4903  718         3.50928823      4.85429356      3.25290478
4904  718         3.45022709      4.88826171      3.23359585
4905  718         3.38899597      4.95958597      3.18882824
4906  718         3.31791023      5.02706438      3.14665018
4907  718         3.24048227      5.08461642      3.13963794
4908  718         3.15865427      5.12886998      3.15836134
4909  718         3.08347092      5.17202430      3.17921490
4910  718         3.02870960      5.21930471      3.18935535
4911  718         3.00762867      5.26712168      3.19739419
4912  718         2.99438407      5.31566504      3.20304517
4913  718         2.97542246      5.36833369      3.19357990
4914  718         2.94739278      5.42160976      3.16934284
4915  718         2.91543815      5.44803541      3.15716691
4916  718         2.88170677      5.44700037      3.15212813
4917  718         2.84847808      5.43322928      3.13957477
4918  718         2.81400435      5.43186351      3.11015160
4919  718         2.77977285      5.44834507      3.06757781
4920  718         2.74473985      5.48667847      3.00886060
4921  718         2.70937966      5.54349854      2.94855856
4922  718         2.68591629      5.58805482      2.90777714
4923  718         2.65959646      5.60054868      2.90358160
4924  718         2.61074965      5.57863506      2.91808452
4925  718         2.53954921      5.54682680      2.91675837
4926  718         2.47329330      5.50752698      2.89391808
4927  718         2.42810051      5.46563105      2.85904636
4928  718         2.40327356      5.44402297      2.82185229
4929  718         2.41136312      5.47293544      2.78158836
4930  718         2.43690645      5.53067079      2.76027646
4931  718         2.44586735      5.56591281      2.76631924
4932  718         2.42811114      5.56340793      2.78445410
4933  718         2.40115011      5.54797071      2.78932588
4934  718         2.37329701      5.53436985      2.77325183
4935  718         2.34317074      5.52446712      2.74689630
4936  718         2.30725975      5.51808834      2.71400165
4937  718         2.25720967      5.51177999      2.67447092
4938  718         2.20503822      5.49740650      2.63259078
4939  718         2.17168785      5.47678445      2.60164472
4940  718         2.16575620      5.48114438      2.58406840
4941  718         2.18226753      5.50737048      2.57715965
4942  718         2.19446622      5.52671465      2.58495242
4943  718         2.18000768      5.50767063      2.60690850
4944  718         2.12679137      5.45359319      2.63646686
4945  718         2.05726830      5.40427299      2.66653717
4946  718         1.99732760      5.39053203      2.68666588
4947  718         1.93773870      5.40594121      2.69493099
4948  718         1.86026335      5.42041474      2.70764984
4949  718         1.78603730      5.42744165      2.73019029
4950  718         1.72853296      5.42498955      2.74518979
4951  718         1.66208605      5.41396367      2.75973789
4952  718         1.58440510      5.39876990      2.77823088
4953  718         1.49252735      5.39640126      2.79265897
4954  718         1.40101378      5.39769877      2.80527649
4955  718         1.30026595      5.40209045      2.80804519
4956  718         1.21555246      5.42450385      2.80832779
4957  718         1.16856974      5.46713493      2.82487858
4958  718         1.14986633      5.50053293      2.86268283
4959  718         1.13625769      5.50519733      2.89940452
4960  718         1.11023878      5.48529464      2.92698072
4961  718         1.08113708      5.45627491      2.94508984
4962  718         1.04666320      5.42952515      2.95589322
4963  718         1.02711959      5.40354214      2.94416159
4964  718         1.02160752      5.38958482      2.91076251
4965  718         1.02734213      5.39620389      2.85497925
4966  718         1.02232964      5.42991227      2.80011376
4967  718         1.01358250      5.46991443      2.75047927
4968  718         1.00948667      5.51195988      2.71185682
4969  718         1.00469318      5.53235452      2.66960437
4970  718         0.97832928      5.54186799      2.61252134
4971  718         0.92787548      5.54922884      2.55090721
4972  718         0.87498574      5.57688420      2.49228076
4973  718         0.83758143      5.62408147      2.43522970
4974  718         0.82919516      5.66287089      2.37384069
4975  718         0.81879666      5.67151676      2.32251668
4976  718         0.80438511      5.66860704      2.27585484
4977  718         0.80162783      5.69215567      2.23450240
4978  718         0.80771799      5.74842872      2.20760545
4979  718         0.83174664      5.81912839      2.19191658
4980  718         0.86955662      5.89531927      2.16715448
4981  718         0.90516165      5.98140611      2.12076916
4982  718         0.90728551      6.05374627      2.05374524
4983  718         0.88555867      6.09856284      1.98262423
4984  718         0.85111219      6.13055734      1.90450085
4985  718         0.83034462      6.18220770      1.83253907
4986  718         0.82427518      6.24976253      1.79430867
4987  718         0.83184962      6.29173114      1.79223903
4988  718         0.85369030      6.30986326      1.79898521
4989  718         0.88212077      6.33221484      1.78723848
4990  718         0.91755799      6.38408735      1.76825556
4991  718         0.95796769      6.44726298      1.73550595
4992  718         1.01505704      6.49405475      1.68701496
4993  718         1.05120547      6.51753602      1.62006105
4994  718         1.02823757      6.51914762      1.56360744
4995  718         0.95292282      6.49430267      1.52823434
4996  718         0.87676228      6.47484409      1.50297512
4997  718         0.82273854      6.51013652      1.47702211
4998  718         0.78382203      6.59429361      1.43747483
4999  718         0.75017709      6.69823054      1.37266722
5000  718         0.72320106      6.77248670      1.28926538
