nstep,msd_x,msd_y,msd_z
0.0,0.0,0.0,0.0
1.0,0.0,0.0,0.0
2.0,0.0,0.0,0.0
3.0,0.0005356674173600983,0.0014472226760644032,0.001486870515201613
4.0,0.0005356674173600983,0.0014472226760644032,0.001486870515201613
5.0,0.0005356674173600983,0.0014472226760644032,0.001486870515201613
6.0,0.002767044047290047,0.0019100492308920967,0.003944108788579608
7.0,0.004325758670250023,0.0018017444132415934,0.006024561685802482
8.0,0.0021543772891728804,0.003624459004110397,0.008893406619619567
9.0,0.0002800916876836076,0.009324754805152914,0.015241924678076106
10.0,9.614155483239722e-05,0.016539341192836912,0.024177370225747553
11.0,0.003194753440622518,0.01963997916614407,0.03477659927952243
12.0,0.01899077751742073,0.023577135710310396,0.03874613913535218
13.0,0.061368185939560865,0.025659996711264395,0.03729158024167839
14.0,0.11360546632680972,0.02173958274338007,0.037891226961756085
15.0,0.16453987491552263,0.01582252786101691,0.035339176084608896
16.0,0.20360196109310716,0.01057088104274411,0.02193648027189612
17.0,0.22944147900024972,0.006978537296769613,0.00930131397262242
18.0,0.2465478801273741,0.0031709895371716053,0.003800406858553627
19.0,0.2575846403323208,0.00027454534774810023,0.0015725348870399914
20.0,0.3024332556820624,0.00046256954520489975,0.00025640015624999954
21.0,0.3748123855817929,0.0022311886814116006,0.000568760014716095
22.0,0.4515567440912777,0.002375202569602503,0.0016309627636323927
23.0,0.49359665183963486,0.0025086073960000075,0.0004991819440643998
24.0,0.51600370682264,0.001337307851408405,8.037642478409827e-05
25.0,0.551627725100602,0.0004536197127224962,0.0005857217988560973
26.0,0.6052608158220093,0.0012646729138175977,0.0048584022610175725
27.0,0.6411271518413049,0.009615496878649616,0.016715650692560365
28.0,0.6438584058860938,0.031298287410768434,0.03017440325499603
29.0,0.6218535429851477,0.06323410809104496,0.03082601176462436
30.0,0.581297476837968,0.10524285377340249,0.02835636073864084
31.0,0.5800691523877444,0.151937023681,0.04127434722559207
32.0,0.6261112197296098,0.19728025534025645,0.0759699895523717
33.0,0.6627341429995217,0.23640278964129005,0.10199552979541211
34.0,0.63572221221961,0.2476587273763683,0.10494694569062568
35.0,0.6305426863531522,0.22725090816472818,0.10407081806800804
36.0,0.6725138208163592,0.2093082081045797,0.10510277409153643
37.0,0.7256973535888387,0.19695890155227033,0.10542066092283031
38.0,0.7497109073879104,0.19573311158102244,0.10194441825576968
39.0,0.7347388831381922,0.18952158602419295,0.11057743791505961
40.0,0.6734704272779535,0.17949694677264,0.1265906655294724
41.0,0.6194144736946324,0.1758887437784465,0.14022617068362236
42.0,0.6170360932206015,0.20576997942393752,0.1583034652367424
43.0,0.6589026706752402,0.2696947268843882,0.17692360717949443
44.0,0.700656536194244,0.3231151432595525,0.17567972276472252
45.0,0.6845159981772325,0.3429258023057689,0.1586192716891225
46.0,0.6544367484480216,0.3246503879610001,0.151315499589985
47.0,0.6407196902121022,0.2806437186817489,0.16409734907627604
48.0,0.6666615375630327,0.21650779380384047,0.19582670288407208
49.0,0.6856848706700275,0.1569698520375241,0.2442217398089617
50.0,0.6528423457795592,0.11221450134554886,0.3084427679565376
51.0,0.574314417709622,0.08005109946498086,0.3933151281655281
52.0,0.47942989092473787,0.06638011641069205,0.479441841974412
53.0,0.40475213229376833,0.08444390806667554,0.5272256682634249
54.0,0.35525990271644897,0.13681060039988885,0.5081478657129082
55.0,0.324407945842604,0.1969078145495616,0.473595112015301
56.0,0.31762830020244764,0.2250292687562501,0.5007772832453161
57.0,0.33919192653145963,0.21979319567594485,0.5992197249392656
58.0,0.35692154147539235,0.22215196890000002,0.722826436864
59.0,0.35981034098612513,0.24735044757669203,0.8338605281249295
60.0,0.3148810848718754,0.26488013427810486,0.9392622281153766
61.0,0.23537296766235016,0.25281277752010817,1.0663544981571365
62.0,0.16540349908892377,0.22421937208688647,1.2136416679144835
63.0,0.1259317019738448,0.2224153695752357,1.3420787834319374
64.0,0.11290123494068412,0.2615194354938841,1.3669321359352127
65.0,0.1184094622776975,0.31571609051271615,1.2623618835104642
66.0,0.13561794651009632,0.3366048755840281,1.1538339060388922
67.0,0.1572124799700838,0.29575688790962246,1.2042416353347138
68.0,0.1918038900567241,0.22612996972656246,1.3534920677143685
69.0,0.24242675948698983,0.16146252697599997,1.4325154388181167
70.0,0.3004056845262722,0.1115493201,1.3674739076121598
71.0,0.3450346599601796,0.07504208263161004,1.271136534868548
72.0,0.3788278046922122,0.05196453974158241,1.2261009990008023
73.0,0.3896726811317816,0.03593088193262492,1.2144045510000623
74.0,0.38152029317942404,0.026742214618420895,1.18399856216432
75.0,0.3697539894759992,0.02850738796251607,1.147377897073853
76.0,0.3610518712358464,0.03637584252923042,1.1510223570204101
77.0,0.3617886441979162,0.0408620107637316,1.2198156560920226
78.0,0.36854618710800197,0.04481984961486007,1.3152341412260964
79.0,0.3798581450512685,0.0542534639971129,1.371484133796516
80.0,0.43566057690589227,0.0674091441019441,1.3581453195618065
81.0,0.541465891962195,0.08314312737024995,1.3087566378413602
82.0,0.6473775232131079,0.09535376531540246,1.2465534258810649
83.0,0.6772098677588639,0.09543429727233646,1.1820593748282915
84.0,0.6141123692163679,0.08439906400012887,1.137805774394444
85.0,0.5284529730742443,0.07261716366951838,1.145933682011726
86.0,0.445350630328321,0.06854050711785639,1.223474531587309
87.0,0.37310487171007223,0.07749746215499562,1.3334188093800023
88.0,0.31607395604070215,0.09379377880928998,1.4377910957437328
89.0,0.27665578092940774,0.11390575725053284,1.5202364006749691
90.0,0.2642079249345599,0.13825703577507617,1.5635400480144026
91.0,0.26907910109372246,0.16272453284786415,1.563350390674812
92.0,0.2926130976188175,0.17799313811282882,1.5110072287765155
93.0,0.32723145484059063,0.18502508234697648,1.4263511046123367
94.0,0.3637611769388682,0.1939857287403722,1.3475123821924802
95.0,0.38028698261125665,0.216704150052905,1.3085008956796176
96.0,0.3755147093355025,0.2594896335015625,1.3121128839870018
97.0,0.36243859174541265,0.3140430603807024,1.3571016759015848
98.0,0.3577284665884834,0.3753002503156516,1.4398377405711122
99.0,0.3740915749476677,0.45105554605275605,1.5384352037870932
100.0,0.4103842598460083,0.5619219735717025,1.631336678741168
101.0,0.4637808309319929,0.7092713296189507,1.6956984314868193
102.0,0.5009570582022396,0.8959750006273938,1.72636973661321
103.0,0.4833758718956636,1.0827003084928997,1.7399506773696098
104.0,0.399129883443253,1.2209224802520324,1.74325308839361
105.0,0.2905557341981286,1.2834892825286592,1.71832562514064
106.0,0.1996263349870965,1.2978457220073025,1.6769877819064969
107.0,0.14333553697023962,1.274472242666068,1.620069199559972
108.0,0.12295695835179604,1.2114531620357087,1.597894378317541
109.0,0.14607849110866514,1.1206362254051452,1.5906368917166116
110.0,0.19412225333202435,1.0059521507631553,1.5985963476072103
111.0,0.22847467909506203,0.9050417831411856,1.5938708496965601
112.0,0.216976105352163,0.8156903810105237,1.598976764412641
113.0,0.15675612259687158,0.7148717549907923,1.5887192535981647
114.0,0.09881458966049421,0.6510533333391376,1.4994295401830418
115.0,0.055740745143248484,0.6757846987515628,1.3645311545669905
116.0,0.031172190629990208,0.7434627323761227,1.2466860909389603
117.0,0.0176149063117456,0.7639852539062503,1.203384361506113
118.0,0.01246667154306249,0.7277750203292362,1.21817267371396
119.0,0.009939982324291614,0.6806040946605291,1.3052757911276889
120.0,0.007938660312705592,0.6415114513248099,1.4010584763411857
121.0,0.006292525431193578,0.6211760719196177,1.450373149961072
122.0,0.003978789929522428,0.6253010296656483,1.4302296453499683
123.0,0.0025186898009024383,0.6472645947995534,1.3909537901199616
124.0,0.001205404100344864,0.6832307933266175,1.3220488704787454
125.0,1.5185595796901272e-05,0.7291617928322843,1.2144316603575025
126.0,0.004909028555091631,0.7501446266592103,1.119017510657338
127.0,0.035694095248016165,0.7183614625026852,1.115069029485524
128.0,0.1127661733455626,0.6511499041699601,1.1858236453980902
129.0,0.21614753793889027,0.6063313138863843,1.244032145664372
130.0,0.27799671724552366,0.593491060633364,1.2695918835164224
131.0,0.24835676911848364,0.5959934184372101,1.2412475316641518
132.0,0.1997192256661851,0.6133339781872165,1.1828918142288902
133.0,0.1910900944105612,0.6218620123299984,1.1202558388095318
134.0,0.22362977560401012,0.6191966747280603,1.0911055727088002
135.0,0.29265355030363693,0.6317504686183824,1.0893542564458225
136.0,0.37677714077306257,0.676318124430497,1.076278288553189
137.0,0.45562192200519885,0.7233869240248336,1.0357922446706638
138.0,0.5134780108464405,0.7450952151934406,0.9955813718822976
139.0,0.5707806730800786,0.7574117682771652,0.9766043437010438
140.0,0.6122986910733292,0.7656607879182022,0.9519044547179281
141.0,0.6314240752066811,0.7569041238056171,0.8782122995332324
142.0,0.6329593587740054,0.7071540147002501,0.7921864391580737
143.0,0.6407847203940905,0.6390447886836728,0.739028055816108
144.0,0.6634683088302101,0.6115603635405624,0.7369377931896559
145.0,0.6946091486536228,0.6394010521978247,0.7728196582866242
146.0,0.7544694691480811,0.6859683120825614,0.8362623491759162
147.0,0.882200612503623,0.7402770264658607,0.91567406875396
148.0,1.054531311764063,0.7831876711447878,0.9625933736856649
149.0,1.1013767232571015,0.8067130314012027,0.9931262329406962
150.0,0.9893455117290809,0.7921161446822647,1.0253424369529638
151.0,0.8397620730392094,0.7302677858869849,1.0652916556943088
152.0,0.7478916488371447,0.6616654202866761,1.1243980036393226
153.0,0.6939526426592405,0.6243509134142641,1.2287053418508325
154.0,0.6404990412441863,0.634313153340084,1.3750502114626222
155.0,0.5991815937326045,0.6844857504191715,1.5277054677746689
156.0,0.6213624827249403,0.7387116461168892,1.6479221986302084
157.0,0.7140273998020171,0.7360425808469777,1.7251219279146608
158.0,0.7908492609246437,0.6837644203622403,1.7600644064121562
159.0,0.7753444573893318,0.6445485491655961,1.7302219662561602
160.0,0.6753735827005459,0.6514768037376769,1.6904839466406545
161.0,0.5611419107272836,0.6662956190986491,1.65744072950569
162.0,0.49676159050918567,0.649584465382081,1.6468439780877564
163.0,0.515488459612563,0.6308495035821226,1.6463524360990756
164.0,0.6263661934890001,0.6411451678114681,1.6656916986299042
165.0,0.7970499503743721,0.6730532721950977,1.7176444705452096
166.0,1.0420296184341904,0.6979398930583206,1.7974481477137252
167.0,1.315351648726597,0.7086813519369796,1.8739772299450945
168.0,1.5540535208392494,0.7283879632539904,1.9183530038353642
169.0,1.630346228944015,0.7795599460606861,1.9407811611334085
170.0,1.5784800503155778,0.8598516478850599,1.990092208431438
171.0,1.501049369998241,0.8904636590241922,2.0274144909937637
172.0,1.5187408696212035,0.8267658953582228,1.9874926747885442
173.0,1.6463990130550568,0.7176311683576995,1.9300325947425767
174.0,1.8300913246833432,0.6198078931838641,1.8920888607474842
175.0,2.0447564305200405,0.5660620464039025,1.8644539482810079
176.0,2.2360920789347865,0.5631334632443963,1.7969366038418497
177.0,2.3924187957593777,0.580975014242809,1.7091272600156835
178.0,2.4784558489041135,0.6136045729063058,1.6943501517846435
179.0,2.4959379029861384,0.63847532514318,1.7870501746915215
180.0,2.473020562862722,0.6738375551336878,1.9343840276158224
181.0,2.471810481700563,0.7066279124912568,2.053862915379812
182.0,2.544394447311957,0.7042620444583686,2.1151412233433002
183.0,2.7042132700475934,0.6933441917013264,2.1284140113722505
184.0,2.820920752272896,0.6835371573805636,2.15300069033449
185.0,2.8084457721440765,0.6737961507797567,2.147919577561498
186.0,2.687724888532369,0.646661999159821,2.0857017398089748
187.0,2.5429299270686236,0.5833873389761208,2.0442755380810893
188.0,2.4037295552756968,0.5197771502007185,2.0607740005897446
189.0,2.212966583130576,0.48114857450358756,2.105429700877812
190.0,2.067565785118628,0.46508383106730244,2.1638960451700644
191.0,2.072592151293001,0.44670192157921695,2.218972302639541
192.0,2.2213489147945227,0.4194413518261264,2.2013226035628306
193.0,2.434361526765284,0.4076658407151225,2.121195889214108
194.0,2.674772522499314,0.42679840746361,2.0362849059387025
195.0,2.8901129151029057,0.457410487307264,1.9933648113111184
196.0,2.996429444130853,0.46853816912231044,1.981112071843229
197.0,3.0249039136855087,0.46384009471212484,1.9823230335460034
198.0,3.0197688761131696,0.46218233042240486,1.9898620724625842
199.0,2.9812878651667982,0.4559743389360384,1.9962513702337596
200.0,2.932480276139906,0.43074818473252807,2.0586405659733225
201.0,2.9453278866419783,0.404129327374189,2.2109154440292675
202.0,3.0026409276252606,0.3686316446491848,2.4336028704008466
203.0,3.1166014284064154,0.33472869980820497,2.592005397263184
204.0,3.2894966627132423,0.281230361275865,2.6329536896108947
205.0,3.457912107125366,0.21352052329749616,2.557157173663277
206.0,3.5656534373525646,0.1464317828156836,2.448775771700861
207.0,3.5749249743078413,0.10339282048005165,2.349341691258937
208.0,3.4689635779868535,0.08246224397375995,2.2058283373617966
209.0,3.348027842191657,0.07356896227128015,1.970568107245562
210.0,3.3461284896547605,0.07203687982579685,1.687403520060941
211.0,3.388963876758377,0.06967300221747363,1.4365688703016402
212.0,3.370953356883986,0.053445283575169616,1.2279138667125626
213.0,3.32372875946093,0.030037226122500073,1.063150320649076
214.0,3.243852064258091,0.01225192189455998,0.939420808018073
215.0,3.1382349606710886,0.002652045033960098,0.875506288229105
216.0,2.9705692768026033,5.7807585796898515e-05,0.8772134533786274
217.0,2.7689070489710237,0.0007501617032464036,0.9078506311190416
218.0,2.5569593993932216,0.0010573767503288935,0.87889873126608
219.0,2.354366328190803,1.6059655502500187e-05,0.7903215689601025
220.0,2.206967902640359,0.002762844790072898,0.69590348778889
221.0,2.1020745045296936,0.01155019639298562,0.6104266273078417
222.0,2.0258538848260037,0.01992479895635292,0.5640500864279824
223.0,1.9595296282240011,0.01872541549190562,0.5348411555137226
224.0,1.9352243418500283,0.008652928766054392,0.5157837763975744
225.0,1.9167752621208414,0.0012317523794689006,0.5156380534275364
226.0,1.8586602362636104,3.768523376890049e-05,0.55655449426564
227.0,1.7673763344487858,0.00015856753036959923,0.6279281885286402
228.0,1.6919349015062404,2.1637821603997047e-06,0.7247465085882026
229.0,1.6368930698618886,0.00011230976161689817,0.8551459540706402
230.0,1.5548547998029498,0.00042308458376039745,1.0129072425883847
231.0,1.5089931426930727,0.0011049833608641059,1.157267688844613
232.0,1.5091469190770288,0.0018551523893904044,1.2505527751765688
233.0,1.4874820183866393,0.0016934229074883945,1.3218344637523598
234.0,1.4598157699082899,0.0020627502146001045,1.3658237176508519
235.0,1.494729804709445,0.004428922465022511,1.4133994175698574
236.0,1.558817746998014,0.010425580098832878,1.4502657993628323
237.0,1.5835008957421832,0.02071467044784641,1.4984809628776852
238.0,1.530609651119611,0.029878685084430406,1.6154713770428022
239.0,1.402807481715028,0.035645598592176385,1.7661982596185664
240.0,1.2616402414017607,0.045837855118972884,1.8012316047400898
241.0,1.1502757266824466,0.06761245977408163,1.6599243127802499
242.0,1.0187001155955633,0.09834983340437287,1.4874549916477697
243.0,0.8718750189565508,0.14750854355992812,1.3991593882900626
244.0,0.7643393951368043,0.23444902990839692,1.3732418910643214
245.0,0.7380843221243559,0.3381212232868865,1.3615017002394028
246.0,0.7616617198272294,0.40940094578958103,1.3673470550835458
247.0,0.8107202320320017,0.43189004752289634,1.3879656976545938
248.0,0.8612516710893323,0.45832361109584047,1.4253281317829447
249.0,0.8944260769106409,0.5353243508534771,1.5043508688528324
250.0,0.8953731087960652,0.65071035822244,1.609942993149384
251.0,0.8947599546429506,0.7474187432144687,1.6973556383890402
252.0,0.9575387115164651,0.7961701120573229,1.771542179709985
253.0,1.139778364872241,0.8278524439041612,1.8869023717639226
254.0,1.430359166644538,0.8663213072362687,2.0857788894663076
255.0,1.6752024203611329,0.8975010684860089,2.349443712621831
256.0,1.784512348138089,0.9035867849781127,2.6812097208511996
257.0,1.7968859065408735,0.89130471966521,3.086102646918649
258.0,1.7803853910552894,0.8967236962686016,3.513001689552103
259.0,1.7642573868273204,0.9446668387524731,3.7765732706105624
260.0,1.7894640844805907,1.0283791771177024,3.8194061006794082
261.0,1.8924989841424391,1.121462848813445,3.846595703076
262.0,2.077775997983533,1.18567424543689,4.034285033295822
263.0,2.299463197683611,1.159799095897296,4.375334602073002
264.0,2.5617602384780014,1.0793062493812227,4.7455543893728365
265.0,2.8936177454789647,1.0374782445768973,5.107959165513892
266.0,3.265168841971953,1.0835058692361739,5.529123438773793
267.0,3.6144902213988144,1.1990158458174724,5.995033253490489
268.0,3.9971742592270343,1.3359654583296787,6.484609486627329
269.0,4.436733534507361,1.4408588000065279,6.886266561914696
270.0,4.820188107933583,1.4750073109114645,7.03058763624178
271.0,5.007307913594191,1.4489685129579666,6.953780708284928
272.0,5.0544911450022045,1.4330480029860293,6.801696182758068
273.0,5.1183000084506425,1.4853738657087228,6.665448449738881
274.0,5.19623650515025,1.5862551845104127,6.503023372530865
275.0,5.250361995451587,1.6768283988623283,6.242803622707298
276.0,5.249201207349061,1.7320010262360102,5.925066262486809
277.0,5.244971839233123,1.7653373955999998,5.607736343549403
278.0,5.493849302618593,1.7685004639630444,5.286453166718593
279.0,5.919981644089538,1.7508914260132513,4.997862603388199
280.0,6.141129387277249,1.7036812955170448,4.707216751250894
281.0,6.029132556212641,1.6356425052217602,4.5248330218469395
282.0,5.953734298357351,1.5386967771143087,4.363615133979704
283.0,6.109683564586311,1.4384279253001437,4.133426159595727
284.0,6.294863321041825,1.4027578320334082,3.8715735623817316
285.0,6.388209491335563,1.4183718350403893,3.673614420556301
286.0,6.430191771562,1.411327154210268,3.5181739993697527
287.0,6.524150304425056,1.434185209983079,3.3668934970595092
288.0,6.611168277297409,1.50940586780944,3.250613016853922
289.0,6.663455743571021,1.5950537154430096,3.1814690014159437
290.0,6.643119475979501,1.5977272209525226,3.175458850414159
291.0,6.554166284232362,1.4932133692352099,3.223904028574289
292.0,6.4394309649394925,1.3517143068035997,3.2453271278847224
293.0,6.342244926233588,1.2482740638106595,3.1160166174835777
294.0,6.270148762782781,1.194785825657508,2.7581873186435564
295.0,6.288275170799224,1.144734027615553,2.2957310681923397
296.0,6.3719457474599706,1.1237563554390628,1.8974323891687759
297.0,6.476296081609106,1.1567483038390751,1.6106115357236641
298.0,6.5769261400473855,1.2289964876092996,1.3944548071265292
299.0,6.684230541758653,1.2897736732649212,1.210665173391336
300.0,6.73793249487773,1.2950714942259263,1.0247489009733926
301.0,6.751330065656909,1.206445390430286,0.8204258506879043
302.0,6.73380229894127,1.0897811385411886,0.6246149807912569
303.0,6.602403172611359,1.0039297331334438,0.47451315145572254
304.0,6.254784165179222,0.929057309648916,0.39417919811508645
305.0,5.733678331660802,0.8732271910783875,0.34675295509472887
306.0,5.3014652655792105,0.8695095883260006,0.3113090617435928
307.0,5.054847763877301,0.9270529703288104,0.2891627911751881
308.0,4.897734461637805,1.0321629771358085,0.2917467688633744
309.0,4.776517471231722,1.1733313822258085,0.32992754820624004
310.0,4.662576144512006,1.3508821295777025,0.37993866618972244
311.0,4.596764000682643,1.5221021489238011,0.40154510822025696
312.0,4.46422639808656,1.5744289063109997,0.4009946453443045
313.0,4.269240500417403,1.5286173296680228,0.3980615606094399
314.0,4.085776181698091,1.464449420445584,0.39129891541321
315.0,4.019631789015765,1.4357798405088957,0.374969350533708
316.0,4.068015217026338,1.4741187231450676,0.369548817293773
317.0,4.188964884821289,1.5584503024140652,0.38707552505752363
318.0,4.347114829298017,1.6166119810647253,0.42215024241481
319.0,4.621904211198873,1.6007141116687564,0.46882308700116476
320.0,5.0328406884484105,1.5315411899724303,0.5325015237180802
321.0,5.494721641646709,1.5031875680702498,0.5976161357364496
322.0,5.954927873232968,1.6114777612672038,0.6278367149877905
323.0,6.2902869130149135,1.858569848789063,0.6115334935168449
324.0,6.478562169391923,2.0764011405478446,0.5779405909939216
325.0,6.629294976203395,2.1489022722091717,0.5587836387356223
326.0,6.7839933562844,2.1538417175595077,0.5710880217373956
327.0,6.978366815935221,2.2123159528350715,0.6220426738781123
328.0,7.278501673581626,2.316178270728193,0.6699614521475928
329.0,7.692938670472974,2.4368665810343573,0.70071246914449
330.0,8.094276044746577,2.5911042462479323,0.6981858981435359
331.0,8.375358648169017,2.7721239354211225,0.7115376985057636
332.0,8.553711104046755,2.922211302279476,0.7703295373759562
333.0,8.763471707950824,2.9065637475979726,0.8443310083400197
334.0,9.006550551503235,2.7327494624848807,0.9029415379911696
335.0,9.20263849827031,2.5038018060551717,0.9526259523348483
336.0,9.438701260339366,2.3080223288402286,0.9827873532039423
337.0,9.836344633425774,2.1970781359644485,0.9610454580121476
338.0,10.28242400955961,2.131633463331331,0.9100783173900626
339.0,10.541116538511446,2.159973323169953,0.8618511198667967
340.0,10.589813214288464,2.2697990552541527,0.8124830560416962
341.0,10.617351076127292,2.424688747880264,0.727528700795585
342.0,10.758844838198197,2.556665534514369,0.639481081228872
343.0,11.022009040266855,2.628181144955559,0.5945988033314288
344.0,11.330701110010065,2.6142939818206226,0.5834613075160322
345.0,11.62114920843365,2.4867704509470734,0.5592140230216996
346.0,11.823342698907265,2.2850761991149233,0.5100743551860101
347.0,11.898923515707459,2.125277697335569,0.45945329199442564
348.0,11.860301602354902,2.1515584774794894,0.41621132265713645
349.0,11.740731816508518,2.38598903542609,0.3808838118166224
350.0,11.646560126558377,2.6736994980540105,0.34613635428893164
351.0,11.633372389313543,2.9099874416443603,0.3178894403439225
352.0,11.588269425781373,3.112627638122403,0.297734544541325
353.0,11.538742373631555,3.294448139878561,0.29239422126331205
354.0,11.537585156144411,3.4720693840000605,0.3106248213843075
355.0,11.454628990484064,3.630549083784001,0.34565709906121
356.0,11.31045230466053,3.7538747075662595,0.3874840395182655
357.0,11.212792594122675,3.836637825039712,0.4496482995872401
358.0,11.22163410870298,3.857119556257807,0.5510379431524899
359.0,11.282794405146154,3.7703640139759496,0.6418497025563529
360.0,11.207017154818192,3.6623131388324106,0.6666496494715456
361.0,10.984511973235684,3.6735104229121607,0.6356315121156004
362.0,10.70174410418512,3.8265942223080622,0.5651236572535848
363.0,10.445101078748188,4.0485850021699665,0.46895813455483226
364.0,10.269212805001564,4.215219733186003,0.3623584059541369
365.0,10.110468242264064,4.277518829042997,0.27675696784284154
366.0,9.935960795111528,4.326479456364812,0.2287930740917761
367.0,9.705297208622762,4.324803248156176,0.2238734585911825
368.0,9.481557441357612,4.219958469389063,0.23724226019654407
369.0,9.369138561971619,4.0552857633514785,0.2339025520621728
370.0,9.469667646351901,3.9152780676219456,0.20949718997647684
371.0,9.67747227558769,3.7854090507870732,0.17651071256596837
372.0,9.750421609373582,3.6208344309719402,0.12719247477149154
373.0,9.528320719820798,3.4803955644261495,0.0723798419864004
374.0,9.210973400218103,3.441866405229168,0.029234550235699555
375.0,8.957700259034228,3.5220873795406993,0.006254389774090019
376.0,8.758102280350993,3.6196124483289687,4.188203180100006e-06
377.0,8.502032281534294,3.6457324808388165,0.0019153087027775815
378.0,8.144176608888145,3.5646624918647043,0.0016246897193535888
379.0,7.760681082840011,3.45346955421169,0.00021846584074809947
380.0,7.482865328451024,3.4225921676205076,0.0003364557438529031
381.0,7.333318268420401,3.5527525593051026,0.0030856225206243823
382.0,7.209690371709958,3.780179027958063,0.012459714221148133
383.0,7.140945288562279,3.981378163895592,0.025318662036192152
384.0,7.163647271710866,4.101097770125891,0.033163851779302506
385.0,7.263707443930092,4.182579826900922,0.030304170189664945
386.0,7.317432703279132,4.28251006294457,0.015100752717414363
387.0,7.213932895557436,4.390444058183824,0.0008635511013376005
388.0,7.0193644460852225,4.527383256895523,0.0064923531860196166
389.0,6.836696147262678,4.754311659803327,0.0296462795429025
390.0,6.668847605885441,5.18705271110404,0.06009796355929961
391.0,6.524156485691266,5.832676565440382,0.08658950669490248
392.0,6.385212895948494,6.47408377207997,0.12304709949249004
393.0,6.304940209296002,6.933069842350183,0.18828581137995692
394.0,6.285204585382862,7.137841267640778,0.274723379051172
395.0,6.283624402775539,7.109863610272564,0.34710876325879686
396.0,6.254049955873222,6.958872953131055,0.3962923331676515
397.0,6.199224248126742,6.837922290950096,0.4561902041757315
398.0,6.074252272744033,6.734888903205602,0.5197201385857922
399.0,5.885067565726273,6.606259342933802,0.5763669052244225
400.0,5.644777453945923,6.6218220931554175,0.6140214844787528
401.0,5.465907941045298,6.831639139966202,0.6449756332640625
402.0,5.529295798383522,7.215576315858952,0.6933967177038916
403.0,5.780256209522998,7.535009957407507,0.7426681121101636
404.0,6.1115974633901216,7.723051983120962,0.7879545669908026
405.0,6.379840426557163,7.866368342013905,0.8119481940316225
406.0,6.444140957997188,7.949917352993651,0.833392051731548
407.0,6.221921058120852,7.884138541807476,0.8363154077879524
408.0,5.833209975183367,7.665732416068931,0.8080238887242203
409.0,5.5288598019596185,7.509416565472361,0.745303758977453
410.0,5.418967283785652,7.538220353989081,0.6897847817078091
411.0,5.441402094023315,7.564699169856033,0.6000794154532849
412.0,5.539433713152026,7.471789576291351,0.5038303780620101
413.0,5.721510051915555,7.306389669636895,0.45094848486792055
414.0,6.029233131012103,7.094462005370196,0.41877976071080236
415.0,6.39100090424041,6.897725458228495,0.3685064244372901
416.0,6.6167723567727394,6.7814671197899985,0.283585293293653
417.0,6.630266204353909,6.804815872257642,0.2154279075580944
418.0,6.50093816779519,6.775826196060559,0.15900204100036006
419.0,6.402347494824602,6.552644540427022,0.12000245154768988
420.0,6.263315184221026,6.385807084538705,0.10348355536995993
421.0,6.088967934658898,6.384319466650786,0.10980543404314079
422.0,5.900028612106504,6.429639895748371,0.12393093650382764
423.0,5.8093387096387215,6.367805100808063,0.13827207296122088
424.0,5.769560187603177,6.30170143155462,0.14298661517720412
425.0,5.788664501590212,6.430947609038314,0.13469798430981775
426.0,5.855163203305805,6.708943848536411,0.11809294445397156
427.0,5.898777258978024,6.860307698501587,0.09641534847740414
428.0,5.801661590470101,6.784855665877804,0.08200816636366245
429.0,5.5053774687326476,6.594616141922341,0.07402719446277212
430.0,5.15398697871715,6.322804041197824,0.08157194680048097
431.0,4.861253060142504,6.052906478106181,0.09855534119256257
432.0,4.682925214045564,5.86965224534171,0.1077205437772864
433.0,4.579158057862628,5.844228793556641,0.09880527889562489
434.0,4.535827523188133,5.914527352714819,0.07888590094499572
435.0,4.545877572994578,5.994112857834305,0.05469989182080642
436.0,4.607023129493244,6.094557009929235,0.035564422919502424
437.0,4.651896409996293,6.248510738726538,0.019708035263796126
438.0,4.572104210149287,6.4095805880535,0.00421604904583208
439.0,4.416174942047486,6.519513238889063,0.0010209513924289125
440.0,4.313563663435203,6.531701549307585,0.013368622630017585
441.0,4.280048010910738,6.440496091875564,0.02318201743121642
442.0,4.215790637509684,6.343645626567061,0.02109828004110089
443.0,4.1215333031297625,6.283130689718063,0.01324509122478245
444.0,4.020924132370125,6.311537081358654,0.007852570372972935
445.0,3.8766109984596544,6.405430968944184,0.008428394883564113
446.0,3.6830920832062577,6.533351165851569,0.016400813271235565
447.0,3.5265237712387294,6.66312528106112,0.034073730218304156
448.0,3.4730037300241094,6.832055462887608,0.05644108712728891
449.0,3.5225734299040017,6.9803932218018225,0.06986469235248996
450.0,3.6251035125526117,6.958352439101966,0.0754254817689999
451.0,3.716741807071503,6.734110635272249,0.08335016706440415
452.0,3.8164724330327733,6.475378489652248,0.09555464271433957
453.0,3.882301584522491,6.36856564118696,0.10054487584513452
454.0,3.9813146325517765,6.37667059486556,0.09458302284486077
455.0,4.083502056947936,6.382248127666767,0.08925099487590255
456.0,4.152602511665732,6.337646440107429,0.0868620357637955
457.0,4.19994412072731,6.32595703707898,0.08799428102689008
458.0,4.216337063193295,6.443441205467166,0.09399446646392888
459.0,1.3122288086133143,14.903293399656992,2.3757235700862975
460.0,1.271977704279612,14.855315907914301,2.338276571226305
461.0,1.2387395724547692,14.728005302905554,2.3463886919581696
462.0,1.138805472849925,14.721724718624404,2.337602145721172
463.0,1.0178911554110466,14.896530531701666,2.257257472904184
464.0,0.9105203310173726,15.375543034825963,2.094874822160697
465.0,0.8410425128056901,15.947866376744885,1.8852012204916901
466.0,0.8455704001829609,16.18473739207081,1.6959684643257316
467.0,0.888233980569956,16.173878653311213,1.60122832752018
468.0,0.9556222632212364,16.168521661360604,1.559188656261058
469.0,1.0510691794372233,16.182825465249596,1.4996938504912147
470.0,1.0994647569283227,16.33043651409851,1.3990348121763203
471.0,1.082790794773076,16.838387582644994,1.2627042745113226
472.0,1.018774220244772,17.49753417642916,1.1823594463740608
473.0,1.0282763306489524,17.717610289763474,1.1498947386591027
474.0,1.0882858939767368,17.55647358238738,1.1527336632739225
475.0,1.1621321224181826,17.425824080625002,1.120696227716948
476.0,1.211814381651849,17.40293254466413,1.0509301851592998
477.0,1.2523437841299898,17.42376013904573,0.9866749872195224
478.0,1.2624290501505424,17.39101175211024,0.948650929405637
479.0,1.2988139748870409,17.319542301432175,0.9610256946758723
480.0,1.3435370121169938,17.242591939448403,0.9745762195273128
481.0,1.3211775317745176,17.249434477562822,0.9357420323737601
482.0,1.2536787117162032,17.305428442025185,0.8716673109765624
483.0,1.144553282053721,17.384791458313877,0.8517070698752529
484.0,1.0747144830022972,17.331674876961156,0.8757573504920463
485.0,1.0181939909548805,17.011759269585962,0.9376477668141795
486.0,0.9546266243360024,16.688310810662415,0.9691689735104402
487.0,0.9072922929579667,16.520740990863672,1.0085881402823123
488.0,0.8476851754832406,16.640745926593567,1.0610194009593614
489.0,0.7396789673077284,17.006177999097567,1.0963258692547562
490.0,0.6706834593210761,17.281290181627497,1.1990273652011665
491.0,0.6680738876509376,17.399224784148842,1.3120526326957955
492.0,0.6571418302561229,17.336911744212593,1.3432058514910568
493.0,0.650929515612121,17.061577132582443,1.3131723872062755
494.0,0.6783111783403206,16.83020799957132,1.3068501780732305
495.0,0.6901362249015845,16.776170307494528,1.3329440235708025
496.0,0.6884575648595651,17.019325326152252,1.3860176541021
497.0,0.7164749107915286,17.438965225921663,1.4729649884961362
498.0,0.7495841164332684,17.901042237879032,1.5349575059133607
499.0,0.7373298654711397,18.383885668304963,1.5401700058059395
500.0,0.6991566389354573,18.928346068463046,1.5286953210495562
501.0,0.6688432918465603,19.587079659849323,1.5509957539440402
502.0,0.6880459292749159,20.22865186942057,1.5709569373028038
503.0,0.7875860858126212,20.704234223316924,1.6162804011522287
504.0,0.9399369395619033,20.831539253078773,1.6571315580262884
505.0,1.1227441494382893,20.777112120931903,1.712787797544336
506.0,1.3643708215501227,20.7718775497633,1.7693563790328335
507.0,1.612434019861242,20.740755401383804,1.8417573504472322
508.0,1.7691822372572101,20.671705503052973,1.92120085626121
509.0,1.8291958207990766,20.63951718984813,2.0410796819649604
510.0,1.8675993591499322,20.75515846974202,2.255322533989997
511.0,1.8539080480357264,20.989827502129923,2.4557168157438363
512.0,1.7421677141422411,21.310681228918437,2.5796200410145937
513.0,1.668104993010933,21.562649659342398,2.639954697543187
514.0,1.580112001468004,21.95412550239762,2.7133329706788527
515.0,1.474715991327323,22.624283212650905,2.741216856923444
516.0,1.4294578296324099,23.241546078774768,2.7346630987676224
517.0,1.4752235724923528,23.428231678707863,2.7424909375483684
518.0,1.558867388796133,23.386728868138604,2.8106308914305766
519.0,1.6416226519427333,23.281262579865245,3.0425386733417534
520.0,1.696722341630703,23.112236243150438,3.4590953260063486
521.0,1.7148792709653207,22.659943218179983,3.9068050879708816
522.0,1.6949249668432662,22.133753452081383,4.1875271632677284
523.0,1.6059127539999773,21.72408053660883,4.254871389737282
524.0,1.4492783699016487,21.434734696281144,4.183173305414948
525.0,1.2585410952739524,21.020716837150385,4.074075045351115
526.0,1.0591180866652372,20.68162167656601,4.0346403943124445
527.0,0.8487220327984323,20.759770089401464,4.066763887559611
528.0,0.6733500101220655,21.267895134152354,4.161760794353148
529.0,0.5373816991780335,21.810523135399485,4.331262991366195
530.0,0.4563150435699026,22.01500710623256,4.546168738102622
531.0,0.4338830288560809,21.81805574853323,4.733396747383668
532.0,0.4394674077506245,21.543349679375588,4.785644599959025
533.0,0.46277549059808204,21.738678254347803,4.703852154122829
534.0,0.47788670314225,22.096378266348683,4.673538090413828
535.0,0.518980309512295,22.18819157724255,4.7308653840536685
536.0,0.5506521828107369,22.270720372328686,4.756987826704001
537.0,0.5632880458140329,22.582006764398407,4.8032702851358735
538.0,0.5636896783732904,22.922221528272182,4.95231792470416
539.0,0.5301870440835137,23.18228170672324,5.211016319156804
540.0,0.48867105629101265,23.45462604418562,5.457217204726562
541.0,0.481329744859663,24.04838948694144,5.549821297126458
542.0,0.466405336251563,24.685794205987204,5.615335197999023
543.0,0.462817151640356,24.967148998978992,5.719820586262329
544.0,0.4706180482982455,25.116149193874136,5.788714112681609
545.0,0.490828618014225,25.28286824951671,5.88025204091361
546.0,0.5398660709385246,25.55167007576137,5.898867511296064
547.0,0.6413216576318728,25.75815758875524,5.889610095996572
548.0,0.7299645179837522,25.917216788284435,5.8425094120311565
549.0,0.7884293100905768,25.922922774328338,5.767117669480112
550.0,0.8245969365582401,25.853746570191365,5.7046839442419195
551.0,0.8426444479974892,25.918582286255575,5.773772174498901
552.0,0.845695132411586,26.294896798467903,5.9289645552601105
553.0,0.8120373495003231,27.08770294039104,6.105689726316973
554.0,0.7379784653582934,28.11576199602524,6.340412533189056
555.0,0.6661781467949173,29.10376604943161,6.712484135688288
556.0,0.6435605865283985,29.77914291474523,7.083817422091872
557.0,0.6919906436700625,30.09233003023757,7.237843870653775
558.0,0.7670390222823698,30.26944430363207,7.114743859389198
559.0,0.8349429368044949,30.427075903763466,6.9118800307466115
560.0,0.9019748024301323,30.489484302497424,6.7780578633291215
561.0,0.9541331606467602,30.38978664808783,6.713836832824707
562.0,0.9358949940455557,30.0478833054974,6.675557209077402
563.0,0.8780664319629602,29.66019974501098,6.585374382134465
564.0,0.7980997189126332,29.572067610982714,6.4549205627537445
565.0,0.690220032938833,29.482652783020033,6.426158988769521
566.0,0.5383062840070882,29.337036353419503,6.510007223547696
567.0,0.3720404175853457,29.17983692451188,6.574779323755561
568.0,0.24293350382412293,28.910862730365068,6.536666363924061
569.0,0.1775290304029636,28.504425970069256,6.285573876477902
570.0,0.1612493172651324,27.985367604154437,5.821120903968007
571.0,0.15217147199422454,27.62054460228253,5.346706085959702
572.0,0.14581189689849783,27.538945029683322,5.05163473608964
573.0,0.12891088489222452,27.517731598551855,4.88424939714244
574.0,0.11159397235078569,27.291506046605292,4.74081596407542
575.0,0.09337248709757462,27.144685607158443,4.693102088196197
576.0,0.09327716165161,26.99692050799009,4.643300344871059
577.0,0.10209019947242495,26.619156272312825,4.574077555454863
578.0,0.12448314493445631,26.28736523677471,4.442747320240153
579.0,0.18283590192692276,26.009645041211048,4.314793781514749
580.0,0.29457119064945736,25.72739858429926,4.139255598397924
581.0,0.43342065390654827,25.675866431754248,3.9824049916929596
582.0,0.5712607281931266,25.86864137294911,3.904603071246923
583.0,0.677797647857009,26.059183148544157,3.8383276931415025
584.0,0.7032489369083724,26.327197943212965,3.694408210073236
585.0,0.6806092425912026,26.757255039641578,3.5701665648936336
586.0,0.6034263808914581,27.259151859226257,3.533104460342268
587.0,0.497918678660261,27.636814634782755,3.6490690455433956
588.0,0.4159806509819847,27.7722379865451,3.801787269401218
589.0,0.371484557291809,27.781676297222763,3.801656047833288
590.0,0.3484784698164228,27.782975256391875,3.6807633467160334
591.0,0.3132334079973085,27.65196875200405,3.614703308936036
592.0,0.25807868140880263,27.454024235624264,3.664711457147832
593.0,0.19513337946012188,27.216817821015486,3.7328367548716033
594.0,0.1484798716683398,26.990314277245314,3.8370653893498368
595.0,0.1313860522761799,26.79334976617849,4.010257407482544
596.0,0.1381039142652226,26.71337250633365,4.200838721211354
597.0,0.15354817799301793,26.617844981567284,4.349131441067837
598.0,0.16659048769880072,26.45291471452089,4.471766657180144
599.0,0.17943407105962833,26.15314655637668,4.630144214693461
600.0,0.18402081181366114,25.915485098205163,4.792171988391061
601.0,0.17367651171361975,25.77705630940544,4.909047581645444
602.0,0.1453138059522307,25.821338072305803,4.903904486050255
603.0,0.13682444162849466,26.060169306924116,4.879634743649622
604.0,0.14908022165844656,26.58133508645264,4.974216723748944
605.0,0.15854475609470442,27.102357285337156,5.105300437687616
606.0,0.16066280500452257,27.49041523791548,5.061564808193309
607.0,0.1832321702863132,27.66788887995405,4.841234586719525
608.0,0.2431354009972647,27.686881573766204,4.691614178940365
609.0,0.34859794914898595,27.582075894645122,4.73465400099452
610.0,0.4794741230164902,27.47466314689097,4.855327239342104
611.0,0.5883201559524966,27.73228705797244,4.907685679702089
612.0,0.6521378100502501,28.388582262855945,4.790568648350034
613.0,0.7092915758302503,29.473526115888653,4.5965575351722245
614.0,0.7520126165632922,30.81892463892025,4.423115122459309
615.0,0.7778613439816707,31.77556990147188,4.38473674496169
616.0,0.8104735051795207,31.967793120606515,4.374024482292259
617.0,0.8888931851201426,32.12730909108232,4.283987344202611
618.0,1.026257943327211,32.73302378409299,4.251068929525202
619.0,1.155458402504701,33.333073504322435,4.2575491570830435
620.0,1.2282296326572488,33.31387482914295,4.19009031578042
621.0,1.235215783742865,32.90473236429022,3.971935559249972
622.0,1.1602195927980108,32.76994455764498,3.6776865118794304
623.0,1.0348707651045606,32.92997516206812,3.428633978947268
624.0,0.964540189595405,33.316179901967985,3.2489682173613024
625.0,0.9594612327176466,33.834143958653506,3.189514032551523
626.0,0.9661197741297666,34.44920133807364,3.196744533831408
627.0,0.9528625946731768,35.21015463908655,3.1716206600298023
628.0,0.9267382267355544,36.126089814302894,3.14885961936697
629.0,0.9028083013250633,36.98749148762307,3.1755702965287407
630.0,0.931550658066439,37.67688100303213,3.1481900996234407
631.0,1.01753290426829,38.47900875946531,2.957847183427704
632.0,1.098373420616935,39.4582785786746,2.655613173051248
633.0,1.1287345777770248,40.24090280114094,2.381399697680834
634.0,1.1116582242521624,40.38559489474515,2.137059160443824
635.0,1.1105088138785126,40.26587484574086,1.8519734169072901
636.0,1.1727469580207373,40.58421398135636,1.5958030384709605
637.0,1.2787807182076973,41.52542327401685,1.4434897677611762
638.0,1.377095654937897,42.645463416687356,1.33015601831121
639.0,1.3878371913476004,43.84256014372997,1.205213341291968
640.0,1.3196124099379463,45.00604989642853,1.0703509966457363
641.0,1.2763568441729298,45.891338570745745,0.9779381820033051
642.0,1.3045070793600402,46.18902806277607,0.9541482815304195
643.0,1.3448890371361208,46.20297230365485,0.9826956350572036
644.0,1.3293113426935232,46.391200905882656,0.9921090684227585
645.0,1.3026663089510466,46.76306901726785,0.9786302232399081
646.0,1.3494177585171365,46.93019122114751,0.9803654567720834
647.0,1.4613276548368996,46.904612519061416,1.0104022720237822
648.0,1.5362382112535937,46.83390286089999,1.0594164332193847
649.0,1.5394883306102165,46.93064335928759,1.07383273580618
650.0,1.46711493452304,47.06974634964546,1.026585608135472
651.0,1.4050045774686324,47.126096050243596,0.9004353691560528
652.0,1.3855532040306584,47.08097489381622,0.7431121685234117
653.0,1.3266598259718407,47.18146107519159,0.6168283101942725
654.0,1.1771725299846731,47.3718752064567,0.5432363049248355
655.0,1.0301036907712577,47.55048913426652,0.48208809436140954
656.0,0.9624670294003217,47.61241806670204,0.4310003381179455
657.0,0.9668236883259256,47.60410661638878,0.39368794331262474
658.0,1.0194734518364492,47.93612272066806,0.3744694743475921
659.0,1.1079562761288004,48.44457363603352,0.32296052547074566
660.0,1.202010380570276,48.72451633254243,0.23417344655438418
661.0,1.2630158061568577,48.5601621421786,0.1521861475947849
662.0,1.235756451356389,48.19945232471285,0.10791674392678573
663.0,1.1184893741960968,47.76007135786781,0.10233799338960993
664.0,0.9339857465271846,47.257066699944005,0.1272536602462161
665.0,0.7758124626767096,46.93224901533186,0.17832481547615286
666.0,0.7264510870410006,46.91694591036537,0.2353471582558464
667.0,0.7667445514730402,47.07639546429841,0.2687661914302226
668.0,0.7948410931207321,46.835560241658186,0.2567721511836101
669.0,0.766258140841359,45.96356897013544,0.22993851931290246
670.0,0.7305493724896761,44.85999437580816,0.21194747933645167
671.0,0.6973194583990343,44.02960226213792,0.20157596453729448
672.0,0.685194646895523,43.43695121635254,0.2095753830595216
673.0,0.6945206409789025,42.77007109246327,0.23260875640209008
674.0,0.7054860837981966,42.11736191349991,0.24201883650681005
675.0,0.7361635023600842,41.88009403130426,0.22533489681192095
676.0,0.8284168559038472,42.24030606611324,0.19853961149906552
677.0,0.964291829948305,43.18670556097694,0.18122542815364
678.0,1.037776217117521,44.2669332886668,0.18103384309171833
679.0,1.0305753468804055,45.086056478317225,0.18844702947561953
680.0,0.9827376075733132,45.794186892484454,0.17789321428573218
681.0,0.9115072152114775,46.088257303635565,0.15285617250806233
682.0,0.7948535390484485,45.97325148919938,0.12244850641254491
683.0,0.710627217046927,45.79593269595941,0.08631842237200078
684.0,0.6471733324103056,45.77064987895289,0.062298976901616794
685.0,0.6345006008558123,46.06797232988238,0.05070425349360248
686.0,0.6603794626150228,46.558843102492574,0.04598086819224995
687.0,0.6653393927218925,46.94368889353853,0.04489947831130086
688.0,0.6036898398350401,46.95529887160821,0.041175390055839964
689.0,0.5082943088636644,46.58581064281642,0.03247860681996839
690.0,0.42116938131340986,45.83710467262889,0.023891659228332928
691.0,0.35147833159296665,44.842910417717114,0.017421895983520938
692.0,0.2936561735762709,43.934460181990104,0.014008819740499563
693.0,0.2199970019130246,43.39214594645768,0.014405777379364883
694.0,0.1513749824535844,43.22099671166078,0.016191865177507564
695.0,0.11588689978872259,43.12637476150816,0.018467913070889994
696.0,0.11210689668874267,42.92561177376656,0.020029823796097624
697.0,0.1283152781338886,42.916061667556235,0.022775669239209966
698.0,0.1600764091202503,42.95022097378008,0.030154530880360072
699.0,0.1963138694197042,43.039467332778905,0.046411037105484054
700.0,0.19913755417785617,43.188243868677226,0.07609893821932949
701.0,0.17108371313792897,43.52604605514547,0.12123027337870454
702.0,0.15607151076567705,43.902314000653334,0.16503504064950258
703.0,0.15813967915684018,44.07642921576643,0.19842779612052255
704.0,0.16386499923785658,44.10740257432578,0.21802240154511612
705.0,0.18135338383872368,44.02312640395521,0.22521377104962484
706.0,0.1952090566935963,44.045694241716724,0.2314634643422501
707.0,0.19730782990677173,44.04491403554038,0.25174160266041645
708.0,0.17521191206556871,44.13001485255391,0.2726513266800625
709.0,0.13879890452756272,44.20421651818503,0.26107404121140254
710.0,0.10463275679781707,44.13639386541529,0.23285527458064006
711.0,0.09828673937126581,43.89841926100277,0.20912019866342435
712.0,0.11938694514370565,43.497505514927376,0.17522179914070096
713.0,0.1386672144374212,42.9725670795276,0.12190573646600052
714.0,0.15292521747677168,42.197074734849004,0.06712756591841434
715.0,0.16020000646500507,41.47001067926254,0.03128699428968993
716.0,0.1485504803809012,41.28404818246363,0.013905454219532052
717.0,0.11538685034496012,41.839700753416714,0.008094185243936089
718.0,0.08035955537131226,42.629513876792174,0.004274719620195608
719.0,0.05322812845732841,43.26394668052092,0.0003726374665924075
720.0,0.04006989050262255,43.57852803778418,0.0028404007270681044
721.0,0.0287678268688561,43.68775429746342,0.015457459043680908
722.0,0.021691009582542498,43.5888696177881,0.033280234232264075
723.0,0.012721444240784537,43.1409062788256,0.05244524574593297
724.0,0.004239211831192902,42.59561485632919,0.0690941231349122
725.0,5.682597792401762e-06,42.3846745702398,0.07862618450103212
726.0,0.0032501229970225034,42.819284781982056,0.07134913039425643
727.0,0.003505095854822428,43.64117435404383,0.06544429706188878
728.0,0.0003504447648288972,44.699228325228425,0.07043861439950752
729.0,0.009351762254340168,45.543058969262454,0.07700961333672354
730.0,0.009682589520022461,45.80582657184004,0.07450608614148081
731.0,0.001991235333027585,45.75686492422513,0.07580539194628408
732.0,2.7150352359998366e-05,45.77673014669309,0.07914543795744002
733.0,4.03298773290156e-06,45.635662762030954,0.07993241347270404
734.0,0.0003059203887364167,45.29001435656308,0.07356108036453161
735.0,2.4796316568095913e-05,44.951768165479685,0.06086347050935285
736.0,0.0033409764093923237,44.57439734389224,0.05281091713518767
737.0,0.0042424861552969,44.396247695773866,0.05254238603598764
738.0,0.0009942235103161056,44.77768935973049,0.05106311429282012
739.0,4.691619821160211e-05,45.55003859716901,0.03864436084325607
740.0,0.0006523457459236059,46.40690769809887,0.024738781987348843
741.0,0.00020580398605691544,47.15544192566365,0.015852303209164913
742.0,0.0002439619077184039,47.561731146411894,0.008624825755603588
743.0,0.0019589706152676536,47.5630730771138,0.003277117110132089
744.0,0.009942076123201641,47.57772368413736,0.001425229359884088
745.0,0.022589855532608387,47.902809971223654,0.000911602756417589
746.0,0.03882351237644892,48.66563984581406,0.00046558721160089945
747.0,0.0541649797703644,49.56153903361874,4.5255219839979684e-07
748.0,0.07004859971564184,50.41754403222656,0.00015968745056249936
749.0,0.08876765963856056,50.90230711759267,0.00028208848434009337
750.0,0.10465419100900035,51.08501256077911,0.0048521645199504065
751.0,0.11296495100470831,50.985735300981936,0.011785527631768945
752.0,0.1069016776255683,50.8225262231648,0.007784075875308101
753.0,0.08931799295654584,50.965243898829165,0.0026639409950244045
754.0,0.06991824312753658,51.096089881778404,0.0021060205939599924
755.0,0.07062034124621473,50.72340860787646,0.006544983127144885
756.0,0.07965781448486572,50.252519089137266,0.015699846918940868
757.0,0.0871236464391226,50.42564947238196,0.02198541928053616
758.0,0.08574355825639998,51.22331961309493,0.021602364929404955
759.0,0.07816639108120084,52.10711905638121,0.015061322536176366
760.0,0.08271461129819051,52.521971035603,0.008105435111436061
761.0,0.08319694134544038,52.451474335767784,0.004727090514745578
762.0,0.06586566537902488,52.202205986470545,0.0070588865351524045
763.0,0.042831005309641006,52.41476253760034,0.012952381500760904
764.0,0.03144426911310256,53.10402203592543,0.02096626677512885
765.0,0.022792550822880463,54.01874568522918,0.03533779251258015
766.0,0.013185692351261009,54.53965267754316,0.05071331498266881
767.0,0.005411445820000935,54.68725213318403,0.05810205084706881
768.0,0.001072087677562539,54.81413786208785,0.054269867725923626
769.0,1.0357712355600625e-05,55.16959546287892,0.04813123495242248
770.0,9.263716003239958e-05,55.431584809454456,0.04464187098761281
771.0,1.0116916104103375e-05,55.76737564294784,0.03785881577049648
772.0,0.0003048212203569229,56.12014787695248,0.02789910775566767
773.0,0.0006748860992449191,55.983234984761935,0.026063422498890043
774.0,0.00013954059005289853,55.50172818268324,0.030300678226809933
775.0,0.0006278497410248933,55.13793886755626,0.03499906109772958
776.0,0.006214640312340028,55.328837837127786,0.03637365304468843
777.0,0.014923869423624,55.9436436695787,0.041374102539062506
778.0,0.026797339683144832,56.591123165569414,0.05184178891392647
779.0,0.040959085119920004,56.91925240632802,0.059948393357832204
780.0,0.05302758883983988,57.1841056454993,0.06176560014145966
781.0,0.06419107677777625,57.55071006767167,0.06332750104819368
782.0,0.07322699566771672,57.68539362711801,0.07278254334975999
783.0,0.08611588984690818,57.256341625271524,0.06600499351249693
784.0,0.09528786152878226,56.447438399590055,0.04252523662359046
785.0,0.10385183630545981,55.57547183615139,0.026693246597262382
786.0,0.11487914409182756,55.10446388929162,0.025155146341987667
787.0,0.12516096765852155,55.20846720062401,0.022720171999694342
788.0,0.1433222788169036,55.46764513582175,0.012290192362099581
789.0,0.1679591043358597,55.72179177397336,0.005898780684390385
790.0,0.18374975567457635,55.883596026259575,0.005684550784321572
791.0,0.18709034985393594,56.137466489885874,0.007523513604476128
792.0,0.19744182139494704,56.46160834027224,0.006829339849632368
793.0,0.21765116463037998,56.65924190535222,0.00729974411733163
794.0,0.2463875052654095,56.56223213564969,0.008518186127760436
795.0,0.26640837595461675,56.152891297772435,0.014775603438403546
796.0,0.256352621065073,56.087928361669995,0.02640672450213163
797.0,0.23178653416777914,56.31982490552761,0.04184913447577218
798.0,0.18937310296803997,56.56293382722222,0.06409280077011349
799.0,0.13372432709455703,56.60456659020841,0.09902209263861755
800.0,0.07357178315261587,56.2178138555306,0.13315141156467247
801.0,0.04154450833009008,55.302946830075925,0.13935887779632045
802.0,0.03558047711329418,54.32745450007033,0.11777156522510454
803.0,0.04816105444231261,53.35445614071744,0.08665678192505756
804.0,0.06636072758517744,52.934214358965896,0.06619657978604164
805.0,0.08234481341577922,53.42042427000585,0.050660587752064924
806.0,0.09773768572027268,54.86700901478279,0.03286556374150444
807.0,0.10191172585154559,56.44473489969464,0.013836082898534397
808.0,0.09081354623017943,57.35895345661636,0.0035791407038464236
809.0,0.06075783773010225,57.478249304398034,0.0007796660062499917
810.0,0.031534155626387936,57.0406136348598,6.67301103225019e-05
811.0,0.012674501825588087,56.65955503869224,1.8364310329599185e-05
812.0,0.0068353259365609015,56.390871488736515,0.00029303208651240703
813.0,0.004660054247868109,55.93567554168586,0.00033657571600000715
814.0,0.0033192093742563772,55.44504825706051,1.6434429523599372e-05
815.0,0.001960050714451616,55.44331570200038,0.0004148713111920915
816.0,0.00026927759770239214,55.805896944263495,0.0013471777433663918
817.0,0.00032177901924002045,56.43365846879856,0.002759581606158418
818.0,0.00248064958945444,57.04417817961293,0.007758741729038435
819.0,0.005807317857177687,57.374506987086754,0.01713549068676005
820.0,0.012118667594432394,57.50117043716487,0.02687959922100006
821.0,0.020014737054902594,57.58348249209473,0.031856209846286364
822.0,0.02772715863726767,57.88932155309051,0.030059303258916075
823.0,0.029508368400000016,58.00986930622626,0.022623941214004857
824.0,0.03315058825338113,58.03819168205601,0.01309960137318006
825.0,0.04024807143340844,58.025948532751315,0.0032738537497599978
826.0,0.05478424276091564,58.689992184034786,1.1962674864099066e-05
827.0,0.07576427456467233,60.15921100404635,0.0006840489777488886
828.0,0.10137579630683573,61.803479100596455,0.0007163470249155997
829.0,0.14036887173155582,62.65461086247824,0.000695038350416397
830.0,0.21235333050397245,62.617185636334625,0.0011080916097601097
831.0,0.31916853639700127,62.32552325381043,0.0010252944888484098
832.0,0.44710033815758443,62.14601242771662,0.0005642506156816035
833.0,0.5920604891848089,62.423891026869555,2.1257348401000587e-06
834.0,0.7501857847186761,63.100535820742095,0.0021924448346025043
835.0,0.9037878611146568,63.882931184596025,0.007322851285795618
836.0,1.004524285746969,64.25945442380026,0.013343234686926404
837.0,1.0546377427540252,64.24104926524403,0.01818719532520806
838.0,1.0830726625383729,63.75331848143896,0.022054438944316874
839.0,1.091542409628665,62.916785971544236,0.018460885162305582
840.0,1.0923064366306225,62.01758762302766,0.013422832863302491
841.0,1.1426990629792613,61.362671155471084,0.008842560537312118
842.0,1.2513985623569333,61.070390708581904,0.007596598892740878
843.0,1.3725074243099844,60.920802675062646,0.005774645759388106
844.0,1.4391468304086916,60.78550346908423,0.002385902408490021
845.0,1.4556646427261186,60.25633980301833,0.0002555541143235972
846.0,1.50785358921961,59.55242407261134,2.3791176864398096e-05
847.0,1.625200529212262,59.001940766987516,0.0011698363162369074
848.0,1.7492353674030245,58.958113886078074,0.007376674680504923
849.0,1.85002888725983,59.24490875246368,0.016167036038115642
850.0,1.9732113359623689,59.819960012425156,0.017607947101603582
851.0,2.140412539101415,60.659156335145376,0.019677485230131582
852.0,2.3297794592094805,61.42467558544038,0.02668072330352256
853.0,2.474491619411857,61.59231950423697,0.04675988896812253
854.0,2.5490156162264173,61.223372065795175,0.06216634150460402
855.0,2.54319142559337,60.55871342959233,0.06001862526926016
856.0,2.523617647979429,59.6983935188496,0.045304811739532894
857.0,2.5080766450260894,58.724316677421314,0.03920032520611838
858.0,2.5096018444038446,57.61334420214261,0.04344339838863996
859.0,2.551445494407271,56.48309994240265,0.051993622045209936
860.0,2.6433753783006035,55.69160487194226,0.05443819440160355
861.0,2.774833502823923,55.61824745942277,0.04804472955156634
862.0,2.9466222806942093,56.09654395415401,0.03821010422340253
863.0,3.1704996797460905,56.76936895978859,0.028863634846860102
864.0,3.4244971442652967,57.51837729206816,0.025284304127952153
865.0,3.557556767619797,58.13281878704162,0.027466002003689947
866.0,3.4587205362991456,58.707542103215786,0.049017623472577695
867.0,3.287677486053345,59.41229202517531,0.08954751616090816
868.0,3.249229042819241,60.48696956719508,0.12598796202170887
869.0,3.3705040253955634,61.813597603973776,0.14249604258279036
870.0,3.4402675338894726,63.06849197458602,0.14319142626534495
871.0,3.4548158750822515,63.89049568072431,0.12962096724797448
872.0,3.493290896707564,63.87579152318223,0.11673627738894798
873.0,3.5260288482027367,63.122676532780915,0.09812470419687684
874.0,3.5322366391427042,62.05573397558352,0.07851432644864632
875.0,3.4925792045269235,61.190513578775914,0.07053917420609439
876.0,3.3796431201535264,60.67862157245071,0.06823290530020402
877.0,3.1600810485404223,60.47113921160397,0.06516051633273645
878.0,2.9310405918358047,60.57572222653488,0.05316976965620417
879.0,2.690107964781621,60.955192770142034,0.041023832934428135
880.0,2.44755596154089,61.13541379372182,0.03887227458988094
881.0,2.172693953357088,60.92020042902121,0.04322020628809009
882.0,1.8914975106412182,60.471008258460714,0.041815342144
883.0,1.632026179060841,60.082316059178716,0.03932680453941694
884.0,1.399528133913572,59.93862655537631,0.03532948788995994
885.0,1.2163311922208846,60.187856334577226,0.034661715216964976
886.0,1.101375883685285,60.30708863991265,0.03259217853164153
887.0,1.0616167332135378,59.87442321459224,0.0248125440992004
888.0,1.0587703500385495,58.87094708724987,0.01725766440066495
889.0,1.0389456010399762,57.79165423168178,0.010543476066844915
890.0,0.9687580428207051,56.998496456299236,0.006269143015526367
891.0,0.8748568749358662,56.52018551852483,0.0030204301272336058
892.0,0.8208108496326546,56.56064556161981,0.0027402063151203814
893.0,0.792021984521069,56.62567782551231,0.007439138400193626
894.0,0.746511292878323,56.33438217229016,0.016151158945584103
895.0,0.6744737200069805,56.15550926558211,0.01988792652319359
896.0,0.6239056593314605,56.60925223517872,0.019432488248211616
897.0,0.6079838319929124,57.50840131311578,0.013736733078516078
898.0,0.6282844631773614,58.000319468963056,0.00784490175510248
899.0,0.6183259562027028,57.582260314399804,0.007796107681624918
900.0,0.6255012186163226,57.189909641041105,0.007514166132804099
901.0,0.6723265136079367,57.03343518698352,0.0068516642040483714
902.0,0.7512073893072846,56.722600674533446,0.0032222697662016176
903.0,0.8200828519597483,56.663186846471255,0.000217417384206399
904.0,0.8676751477442725,56.965557948270686,0.0003104073138244016
905.0,0.8612790112604164,57.48834140361637,0.00031149178975690435
906.0,0.7769677297767532,58.03032607436684,2.9965113921601968e-05
907.0,0.7018247944200261,58.513753775806606,0.00023085095068840476
908.0,0.6831424680819493,58.41249807496831,0.002096351385964908
909.0,0.7117135509955691,58.23103924840227,0.004537415404915602
910.0,0.7532808735980026,58.645999519331106,0.004546732075891607
911.0,0.7835142624028283,59.000370879042606,0.0027577422519241006
912.0,0.7932957921659717,58.838619058385596,0.001045289034664906
913.0,0.7831529980548626,58.27707290222547,7.838942028839862e-05
914.0,0.7107937336085057,58.023106791754195,0.001272577198240013
915.0,0.567967401368655,58.45220767499892,0.008380168451427583
916.0,0.43412944322500024,59.59243691236588,0.01737025414998766
917.0,0.36120018264046255,60.8366129751411,0.023228216752963587
918.0,0.3415110993980404,61.549726250430496,0.03743380613611242
919.0,0.343571623209029,61.83280478610243,0.07258273953218564
920.0,0.35955523745556306,61.81045812514832,0.12616375797334445
921.0,0.39117419289664024,62.12057728152308,0.16794129367708815
922.0,0.4253743099967081,62.760884775127636,0.19619714584576095
923.0,0.448541032191844,63.481813164756254,0.229590577750332
924.0,0.44685302328083576,63.96105984498887,0.2728265918168025
925.0,0.4293466914800707,64.03316157455164,0.3204512422378568
926.0,0.4314329791539365,63.813228623049426,0.36889350654528164
927.0,0.44675446940136365,63.17090858168563,0.446780978417233
928.0,0.4658811505607171,62.37020109097328,0.5875252853439202
929.0,0.5043488573055535,61.46954201520195,0.7652899291684202
930.0,0.5647645746672406,61.04391062639127,0.94792947851889
931.0,0.6477368098481606,61.3283415518243,1.1520385339631363
932.0,0.7271819485201301,61.97969831224033,1.38668711989824
933.0,0.7969050950350688,62.266586093632206,1.5892510794512003
934.0,0.8700428219479398,61.92318224783426,1.7090117457638976
935.0,0.9315584952529286,61.26274254108087,1.7827150320795904
936.0,0.9919959207416073,60.528650516259226,1.83523891315801
937.0,1.082247871388645,60.17235342418945,1.8831563231228448
938.0,1.2009552976667246,60.336935696604634,1.89665202066201
939.0,1.30766854543289,60.56063869880943,1.9281002621602503
940.0,1.3871089599848105,60.37731654876965,1.9533014970076974
941.0,1.4452539676688663,59.49917093837012,1.9918833053737215
942.0,1.4843819370425806,58.18456305808682,2.007148459073369
943.0,1.5462923494800023,57.34143531070734,2.0329816073336895
944.0,1.645287787038799,57.231238669412946,2.0992339553627555
945.0,1.7721475936297162,57.56479170897638,2.1887838718142887
946.0,1.9105467799600913,57.77983040577242,2.2753752139953964
947.0,2.111297953596973,57.758794342291665,2.355628782321409
948.0,2.3276028268317894,57.481803235666746,2.376563519522276
949.0,2.5292351647990263,56.89936974765908,2.337226596432865
950.0,2.7591557707342504,56.13552610055484,2.237076102062789
951.0,3.017110428644261,55.49788631088314,2.120670557379973
952.0,3.1311848570080856,55.45177143461296,2.0556788922679323
953.0,2.9705298769471518,55.901629513420986,2.0928467687562007
954.0,2.7512474736847117,56.221110110400545,2.215817482811328
955.0,2.6012477690280966,56.29607743226945,2.3060522633317224
956.0,2.492098471780949,56.63815888200589,2.3758730514200934
957.0,2.363226016692714,57.309811369828864,2.471417636161976
958.0,2.220874211885649,58.10326895985302,2.6025652699751767
959.0,2.1163483335795035,59.08343523062499,2.688173684346708
960.0,2.095316698035975,59.96584263350795,2.743725858135768
961.0,2.0992705830405605,60.62825559338734,2.788201883493541
962.0,2.060738485492563,61.20379804856451,2.8175010300889958
963.0,1.994830088831012,61.99177234401316,2.912253753777329
964.0,1.8855000303147127,63.202897818626,3.0974708173468897
965.0,1.760961856673265,64.37789073722723,3.348607023408002
966.0,1.5874364058146075,64.84450816373308,3.5333169773785635
967.0,1.3877323691014818,64.5313496666593,3.6565467781464065
968.0,1.2560141477329376,64.1863804568169,3.6727980805447937
969.0,1.299361135376753,63.82150399020717,3.5704353307873933
970.0,1.4338243794668843,63.227898985239506,3.4526108634600625
971.0,1.5208692805013844,62.5788174015114,3.456377593918274
972.0,1.5039424900020895,62.133344651657325,3.564631754780097
973.0,1.4370794583306004,62.038656630499595,3.6576633262534224
974.0,1.3829613000390635,62.173796506113334,3.6997434191703245
975.0,1.3302152998201606,62.18367779530384,3.722705372951449
976.0,1.2568788650350882,61.83925025522858,3.7511646070185223
977.0,1.1616851957813004,61.2723966507462,3.735203472289503
978.0,1.107881058965304,60.88163572089224,3.5770707270417033
979.0,1.0902336856033537,60.88809431694316,3.302736197545649
980.0,1.0843183938972107,61.1451734387087,2.983320985689318
981.0,1.0672069718604102,61.131435751447505,2.673858730854564
982.0,1.0680414938364657,60.71078305931924,2.3781920476226643
983.0,1.1121624514746777,60.140632683335085,2.14554617268489
984.0,1.1764587892149234,59.76745261095157,1.9710926184107238
985.0,1.2076574089280094,59.712723278388665,1.8314313374908997
986.0,1.1184056360580603,59.78648213650617,1.6735312798011368
987.0,0.9720093394405164,60.00421988451925,1.559282133454596
988.0,0.8537244230989688,60.27464546851408,1.5098377195706114
989.0,0.7438443755366573,60.66784055486795,1.5290546412192603
990.0,0.6548576274879078,60.85953822838053,1.5894671378513043
991.0,0.6037693114328838,60.659759470249995,1.5993035042999184
992.0,0.589095423851271,60.386048177383685,1.5753849545635599
993.0,0.6176110208885828,60.11141462490843,1.520772793702669
994.0,0.7160406131587496,60.0810172619975,1.4819735259232227
995.0,0.7908443520124907,60.02120099674531,1.424190122347697
996.0,0.8124871843601045,59.70065770612682,1.327891416605724
997.0,0.7925655739927107,59.235742202857935,1.2288528392713227
998.0,0.7397324803320809,59.14798472306529,1.183251644167164
999.0,0.6688525660527656,59.4374689681344,1.1689888989644102
1000.0,0.5908125072620247,59.92615266816256,1.1310032591757766
1001.0,0.5259636730362611,60.094526183066776,1.0767201788856382
1002.0,0.48175240471249975,60.06284270548885,1.0062227105286408
1003.0,0.4491482693175629,60.1554395153987,0.951633670923437
1004.0,0.4148841332250003,60.35916948136664,0.9507978948605955
1005.0,0.3437430816974454,60.49264451195307,0.9941721757161488
1006.0,0.2561943822459904,60.59857601175604,1.0717663526770198
1007.0,0.19231966463987596,60.95553317241406,1.21746485786641
1008.0,0.17629936555683262,61.62021096125763,1.4571786262031716
1009.0,0.18549405698984436,62.324204380298085,1.712009397962573
1010.0,0.19702547725527056,62.85775964919264,1.9144280473928168
1011.0,0.20676411244276874,63.33014662121792,2.0034040100139023
1012.0,0.22070847893036424,63.889683898679145,1.9584030654132025
1013.0,0.23323001976832397,64.14333087925304,1.9330755139027398
1014.0,0.24023961148915365,63.89904944008161,2.0168051179461695
1015.0,0.23934160941927057,63.52450998308866,2.1839450657642283
1016.0,0.22744564711526463,63.01660101565813,2.3402697742236414
1017.0,0.20369207121785662,62.116570309779824,2.5113596011399206
1018.0,0.18365944802270512,61.00720413852194,2.7208378127842128
1019.0,0.20368587009280434,60.15247893388054,2.9973134026290067
1020.0,0.2539956388080402,59.584268605774085,3.300193933088088
1021.0,0.3348967918391826,58.68181993162789,3.563816062127984
1022.0,0.4149892981033571,57.22588192402331,3.6937107570284105
1023.0,0.45814848895688937,55.58207945581422,3.7492659386425373
1024.0,0.4503414274595292,54.22478828937807,3.7805078886419525
1025.0,0.40798019020489334,53.12910348690024,3.7762295014552896
1026.0,0.34096647867522256,52.267777670493054,3.7208159276835557
1027.0,0.2773598011801603,51.86079381276058,3.62251206278404
1028.0,0.23471045419556258,51.918456093965844,3.523239218302009
1029.0,0.2009881145563208,52.32418686609049,3.446712106681999
1030.0,0.18501958512934116,52.87878858603249,3.399188133129013
1031.0,0.19775057464140283,53.310727445122204,3.3136733579530437
1032.0,0.2234309768732198,53.832334692042764,3.1850751353612945
1033.0,0.24530004964506258,54.35456472135633,3.040668700876769
1034.0,0.2526305134343773,54.61959002179557,2.8716729559052543
1035.0,0.2656815274844417,54.73357985951034,2.6898507290430738
1036.0,0.3036556726811523,54.918298560122906,2.5240747059663424
1037.0,0.36517387316259287,55.1136224671166,2.44010173680625
1038.0,0.4118587341840847,55.29275009219027,2.42273147395876
1039.0,0.4252949009471044,55.5199448005385,2.4201880842394368
1040.0,0.40889705705134816,55.837896374979856,2.4406132206593645
1041.0,0.3871276882011398,56.29814259652581,2.4878924510535936
1042.0,0.3667675054736891,56.68964456402171,2.5299947444823188
1043.0,0.34705582341651403,56.92687832529448,2.543496827216736
1044.0,0.3193027600348162,57.21937821439272,2.5281133242175566
1045.0,0.27887761169705005,57.565008549827,2.51761847670025
1046.0,0.24496037706147866,57.83622774947769,2.5410153600451872
1047.0,0.22181645215912393,57.803752210250856,2.597758338354564
1048.0,0.20438944597214032,57.571985003772674,2.6979246426988817
1049.0,0.18490976972904993,57.31527666870462,2.820486098969484
1050.0,0.16228017839521988,57.24918956546915,2.9709401928864025
1051.0,0.1304597114308852,57.16935083303472,3.0994382758510652
1052.0,0.09856024492216398,57.11827621885283,3.167392778060702
1053.0,0.0732596992107842,57.34786537809827,3.1865374183579998
1054.0,0.0554211827223619,57.76947120422869,3.1947086399275437
1055.0,0.04081074707889024,58.03751030508374,3.2180065307280903
1056.0,0.031817858242872026,57.95842387210986,3.257284450586522
1057.0,0.029359009644984276,57.75105469036755,3.340365602842224
1058.0,0.031548640599197035,57.39560387340905,3.43279924968662
1059.0,0.03731641449468492,56.801334395556005,3.5237608265248905
1060.0,0.04655659364585313,55.86790538564832,3.651876856033403
1061.0,0.06013433444238091,54.617982746211965,3.8503584640229804
1062.0,0.07602980125440037,53.433500595612855,4.103286403188421
1063.0,0.09777995790253692,52.79384659135626,4.391164926173635
1064.0,0.14004854197636013,52.734150984863724,4.626639891502503
1065.0,0.20171208891921646,53.399731045543035,4.851432883629922
1066.0,0.26289235028348445,53.99581897316888,5.080490394592262
1067.0,0.2958497278884902,53.78577106588845,5.265979633474617
1068.0,0.31461145745356967,52.6281514021201,5.441253176667371
1069.0,0.32158884511104185,51.168358796654324,5.568886311664464
1070.0,0.3380798230415429,50.289116247175805,5.680188863903502
1071.0,0.39688054583839366,50.02103111610086,5.775295356530737
1072.0,0.4833833389350627,50.15503886621417,5.871264396450024
1073.0,0.5643178463272466,50.11793296078008,6.054004495198369
1074.0,0.5996279890922501,49.880704661210395,6.333284821091385
1075.0,0.5852883590147885,49.58606251219435,6.608664404019354
1076.0,0.5783659993942886,49.32502388206887,6.787114923660456
1077.0,0.5841711977174652,49.15608900739812,6.841405994346422
1078.0,0.5538477650060605,49.17010850154241,6.865723687806761
1079.0,0.5048704169326761,49.4905700436669,6.9621237308189965
1080.0,0.47579595175852996,49.91051537872725,7.040919280145764
1081.0,0.4528039113978442,50.40555209011931,6.948073771934409
1082.0,0.43381203729192824,50.85982453563122,6.8173323317447085
1083.0,0.4303130665455507,51.2072153765309,6.730450239241876
1084.0,0.4548383168656809,51.16750928541319,6.669995227142891
1085.0,0.4761725631646566,50.984955854662495,6.47900500859766
1086.0,0.48804506178892865,50.94804893921604,6.269225812577685
1087.0,0.48449840990464016,51.141329399488214,6.200193325551187
1088.0,0.4747062279549189,50.94009075669396,6.355599672730361
1089.0,0.4635764128910916,50.24304536111309,6.550009989379613
1090.0,0.445364471191069,49.58769311026076,6.699206713931456
1091.0,0.4021316498650202,49.83157034472104,6.8272388848500745
1092.0,0.36329635143649003,50.71195417057671,7.0043326061058
1093.0,0.3284142908583366,51.43368967771226,7.284129492330023
1094.0,0.28367544667384853,51.61950053949629,7.501029383872519
1095.0,0.24249891653840452,51.35950669808537,7.597458155991691
1096.0,0.23991237646842012,50.909097328836886,7.458147655805684
1097.0,0.26268595533984074,50.305240023589704,7.31577518107486
1098.0,0.2895127174380999,49.75124676349359,7.25575581754704
1099.0,0.29373580583652037,49.362450047773734,7.156907880494448
1100.0,0.2912497316483368,49.03081548334459,6.999182057786692
1101.0,0.3051431195337124,48.83811305247734,6.857596655743769
1102.0,0.3149417024190891,48.82814163513352,6.813016923852922
1103.0,0.28410994728612293,49.06994346183388,6.811513232436008
1104.0,0.2380354128610132,49.25239558362601,6.6712130976791055
1105.0,0.21827629785624028,49.09276978783795,6.320436592089622
1106.0,0.2169363365780628,48.73412183123344,5.875555660465702
1107.0,0.20966972671458492,48.46273759815635,5.613143798983057
1108.0,0.18820944935707706,48.69529282506559,5.656189787612212
1109.0,0.17099444846756254,49.297897639314755,5.769347277095833
1110.0,0.1752451910116212,49.77264995690649,5.774919360416316
1111.0,0.19090688113236653,50.01366051249501,5.657995850750725
1112.0,0.19342259745868975,50.21752302594059,5.534778846686545
1113.0,0.18017499313506263,50.59317541602848,5.474375078513062
1114.0,0.16802746242694092,51.1890418068711,5.449463605130305
1115.0,0.1638121120216683,51.830100184683744,5.344664663505487
1116.0,0.17571187240000027,52.39848611556961,5.195038136514516
1117.0,0.20837583458328054,52.912682838799206,5.120426446098965
1118.0,0.2468845271250579,53.267737033686,5.199335115649604
1119.0,0.2553994332369482,53.43925182607473,5.424000649862559
1120.0,0.24228849258504834,53.64911166117806,5.610433989742122
1121.0,0.233350576902788,53.96951846752972,5.537212608010628
1122.0,0.24393457258112913,54.01325306672908,5.240632231072998
1123.0,0.26648882879731367,53.79625608925947,4.920182058244755
1124.0,0.2867656907058065,53.336556862172905,4.701259363731112
1125.0,0.3009476855972606,52.674887596825705,4.651852324586703
1126.0,0.33891003273604037,52.17001095136434,4.729803581660545
1127.0,0.4177123763171585,52.1555923324371,4.879819372740942
1128.0,0.5046796969619348,52.8265440113339,5.0976448547885305
1129.0,0.5671305708357188,53.63364551238021,5.330031092769721
1130.0,0.5889858570031401,54.44165913308035,5.421149273963546
1131.0,0.5999215990615236,55.21295768320252,5.390330080367234
1132.0,0.6248076138621534,55.87525513761208,5.433401094576491
1133.0,0.6301088985601204,55.9062014834023,5.639914279889136
1134.0,0.6302292117198531,55.30931125126947,5.9008045565624085
1135.0,0.6354116294969526,54.66306726607682,6.132944819900456
1136.0,0.6542539819297029,54.20937175830793,6.438278893781904
1137.0,0.6681824862304905,53.78707533071388,6.79064862030129
1138.0,0.6759019955401085,53.51852364673652,7.0950578524788
1139.0,0.6957660670983655,53.409598980933886,7.388694471518397
1140.0,0.7214148727461032,53.49273065370136,7.6224363978110405
1141.0,0.7830854240189001,53.73015519653079,7.782632863937445
1142.0,0.9302626226715133,53.87475428851893,7.882121721035955
1143.0,1.1546599160740616,53.715794172907515,7.8873005213197915
1144.0,1.335199177157077,53.59840549666439,7.654893720814581
1145.0,1.3802991917238225,54.26357596155937,7.3152803249127
1146.0,1.3264258351395855,55.56892499035315,7.200204988072851
1147.0,1.2687613256161643,57.01177358914338,7.249070046502285
1148.0,1.2821815104770127,58.338720302009015,7.2861276343758385
1149.0,1.3154975139619607,59.564042306717305,7.234381514841915
1150.0,1.3314580934880627,60.68023996058502,7.120545989649414
1151.0,1.3549547826375632,61.530871677564264,6.994716579682023
1152.0,1.3973544758643008,61.57108145553806,6.810141596775041
1153.0,1.449864058691061,60.865296000840665,6.660938167638836
1154.0,1.5173609757976854,60.442242596607265,6.750881081322894
1155.0,1.5781235612598552,60.27765625917545,7.055113060757839
1156.0,1.627544288165954,60.48171655680065,7.31336570082519
1157.0,1.6578254060651763,60.906139969645196,7.443205921353601
1158.0,1.705366086599156,61.81802958435805,7.534293475255562
1159.0,1.7551562992865344,62.63617630549004,7.578357544079621
1160.0,1.7625039436530248,62.75980609617351,7.475697127101851
1161.0,1.7348342555593457,62.0215991188685,7.152357539588856
1162.0,1.6765700196634625,60.89879421744722,6.662091612545785
1163.0,1.640428249727362,60.200659094056064,6.181183428917987
1164.0,1.6414635491508998,60.2482760817617,5.898869114276738
1165.0,1.652892579811691,60.645223222518496,5.90707845288324
1166.0,1.7168564249361429,60.94403934408899,6.04275205807296
1167.0,1.8004494334403929,61.1893153438112,6.201381470008436
1168.0,1.8848781337866505,60.97498140148259,6.252042016766057
1169.0,1.9471891899641847,60.30580418940619,6.196447757807581
1170.0,2.047375964621012,59.2959460890732,6.158481600254593
1171.0,2.259429589034809,58.3826302887314,6.204813469483691
1172.0,2.595005221385961,57.78916457656551,6.206238820985112
1173.0,2.883652968676841,57.63002777463359,6.078973736495101
1174.0,2.965522260705873,57.94910907923068,5.90085299405578
1175.0,2.9897956629985547,58.688541670735,5.6905269009352
1176.0,3.0324687706302207,59.48123607872688,5.49688938138916
1177.0,3.150489249462298,59.39724554343272,5.2911702127091855
1178.0,3.2473973214372496,58.42989271696262,5.118977021244611
1179.0,3.2343259343613138,57.02521991146007,5.024043949213927
1180.0,3.163080390726011,56.358222253568826,5.03110727330874
1181.0,3.1100098444840003,56.37392873415933,5.118949418591011
1182.0,3.1142886672681738,56.710565468068744,5.270792640632077
1183.0,3.1750319732205643,56.688250305600015,5.472654008758384
1184.0,3.2065228290416896,56.19513963279308,5.705207121890851
1185.0,3.2269472247621254,55.8787640955874,5.790950682129936
1186.0,3.2797708389093385,55.956489633689706,5.719334046526925
1187.0,3.3839240042711403,56.06787381113953,5.6020778099293915
1188.0,3.5313653164848535,56.032010357935576,5.571494627497876
1189.0,3.6455322278007363,56.17654454657588,5.611831903344692
1190.0,3.761793029341693,56.93480400982993,5.6616454849515625
1191.0,3.927687803760252,57.84972363284434,5.71232222436132
1192.0,4.091908690787023,58.365033966899375,5.818177637440211
1193.0,4.192619893885441,58.260678485144894,6.021371675720755
1194.0,4.148148600828177,57.556982068771255,6.226051784737178
1195.0,4.022768708992811,56.88525569790299,6.3470610358122554
1196.0,3.9155260430041943,56.30750203797961,6.422172528988324
1197.0,3.7735637133417144,56.08140576862882,6.4286981811098185
1198.0,3.575186771957945,56.42379894221108,6.447852774275064
1199.0,3.342591888948436,57.15751811274836,6.508825282476002
1200.0,3.217984394283258,57.94772727895302,6.609274195779758
1201.0,3.1741168036102145,58.51984165518907,6.646958744181123
1202.0,3.0991042081681983,58.7356375779404,6.542344472076504
1203.0,2.9934727265968717,58.43002342849249,6.249274371062717
1204.0,2.9662862197893616,57.66665578320661,5.8382787533092415
1205.0,3.0334674055664497,56.90617268079635,5.442761852242564
1206.0,3.175652305296001,56.66495582169416,5.193082849948996
1207.0,3.3844137823224174,56.87023256481085,5.116723034585201
1208.0,3.6304296924028234,57.28236935303689,5.0258134512594115
1209.0,3.9345932661880467,57.801003498456296,4.835464311125967
1210.0,4.185856243869711,58.20640098299906,4.550047052424246
1211.0,4.346525260460197,58.54199963804439,4.318753806932546
1212.0,4.401755938471164,58.721570226080004,4.111065976733905
1213.0,4.376309360726044,58.60652040326899,3.9360158206238807
1214.0,4.260557977003849,58.22518555918384,3.8022017728476607
1215.0,4.09163771473209,57.634162453058906,3.7117036377783688
1216.0,3.9942104164723267,56.926987124106304,3.6463570658279427
1217.0,4.03422156327161,56.337046700092756,3.5567175186908684
1218.0,4.19428270082704,56.03532032453445,3.48208296379736
1219.0,4.373748210487657,56.14033989810679,3.428747745702596
1220.0,4.547901550954523,56.57835604620812,3.4254044869581293
1221.0,4.708764983567833,57.0832498553638,3.4669353345314726
1222.0,4.952162104794253,57.18755337239248,3.516603255542723
1223.0,5.187465221952579,56.71546726871454,3.554676937594308
1224.0,5.30325924208681,55.51160665751654,3.59177928750498
1225.0,5.292337058064001,53.705959695793695,3.643887603897241
1226.0,5.2497425197863565,52.219040981467934,3.6753492094272007
1227.0,5.234835503602164,51.4793840194788,3.670757263357761
1228.0,5.178873253996165,51.33187560706036,3.672572708945977
1229.0,5.16309161396919,51.34217900050849,3.674780421922023
1230.0,5.222503352937685,51.37117379504495,3.6712714765218135
1231.0,5.281406139123621,51.1255466603903,3.652323047244936
1232.0,5.21192238799152,50.482806807622644,3.63514826957799
1233.0,5.147463649605063,49.43635244469111,3.6847820783611045
1234.0,5.157513535995041,48.31159074968984,3.8349167612419226
1235.0,5.300055774225001,47.1987553304331,3.9721491289510142
1236.0,5.545919543601313,46.29757746453259,3.9816948704171407
1237.0,5.802973856564063,45.784946422660504,3.959211793409312
1238.0,6.030577269964159,45.52081060574722,4.021259894120885
1239.0,6.056588431587692,45.32191740689404,4.1677272312614875
1240.0,5.86659180750933,45.18659816055507,4.364247433244296
1241.0,5.635319405702874,45.21828859154843,4.524612522558596
1242.0,5.47120210463081,45.25246563168219,4.575537811608462
1243.0,5.293481530640294,45.218461948152104,4.531527090485025
1244.0,5.098787950899169,45.00609242931033,4.36116186726025
1245.0,4.958875753332091,45.00883081099365,4.075616507555984
1246.0,4.8404010243065,45.350193772152565,3.807683031991961
1247.0,4.845319961076563,45.98086370512643,3.717422343180476
1248.0,5.006338006482563,46.94279641533858,3.812642971956941
1249.0,5.171226630856936,47.521557995435714,3.9123512773256026
1250.0,5.285416909091973,47.08136257262772,3.878005624857563
1251.0,5.307816976900002,46.373552550183966,3.74189214048841
1252.0,5.197605815135189,45.78950821123792,3.6683598401818385
1253.0,4.982750099835504,45.10312328750109,3.7034683898688576
1254.0,4.72712533299381,44.19982427957063,3.721660967841276
1255.0,4.506294954348675,43.44055427937932,3.7106256028944964
1256.0,4.486910703371727,43.22202519622908,3.689778207190612
1257.0,4.661751501152282,43.56780762182494,3.716386891857293
1258.0,4.906976888404879,44.45746130850898,3.79467049447396
1259.0,5.161857177738969,45.447095923691975,3.7972919694952223
1260.0,5.38434136542509,46.002569140075586,3.669937715976422
1261.0,5.555519710225003,46.0847814865322,3.5211201831683354
1262.0,5.665830232270203,45.833460963916444,3.4581132013760785
1263.0,5.759972976031697,45.24570363956373,3.455293097665097
1264.0,5.864427226798203,44.46160654534369,3.4776956585412857
1265.0,6.139411717095978,43.86353770055274,3.4562590937608566
1266.0,6.69539218032845,43.86062801959977,3.4147983845976366
1267.0,7.551042123222723,44.347285246500554,3.373682852642264
1268.0,8.34874163746559,44.81429902782593,3.30799633658404
1269.0,8.621249592992603,45.1884221529649,3.199566639655562
1270.0,8.447949077805935,45.48873388620098,3.0464317371331804
1271.0,8.242520361021421,45.96453656597941,2.9463603031721104
1272.0,8.202330347076368,46.520888559257294,2.9601549697918075
1273.0,8.216821275390032,47.108988075545504,3.0954953976040005
1274.0,8.071680279077874,47.61972356241889,3.2904891925467137
1275.0,7.773028086307407,47.874789359070654,3.5695093554828308
1276.0,7.538935265571866,47.58717794961677,3.951918723050355
1277.0,7.5073680333918285,46.83497579567839,4.396999842877953
1278.0,7.744564023776264,46.21667717367092,4.755659702371199
1279.0,8.079645024204291,46.08355208338609,4.939854210727758
1280.0,8.30592590212011,46.470671645294,4.980587191653327
1281.0,8.357532117760915,46.78447263799142,4.8830372246210105
1282.0,8.348588267814218,46.76440401002917,4.719688555142736
1283.0,8.435598551775836,46.4518575683552,4.582645897489171
1284.0,8.557705854508262,46.112653080648045,4.447260764723703
1285.0,8.711349947830152,45.61256985822578,4.319824043099449
1286.0,9.026186881024918,45.157920596472344,4.35840373230174
1287.0,9.570401919307825,45.07195688902322,4.456145070996389
1288.0,10.238367617060709,45.46481808151859,4.365049717895619
1289.0,10.869600316381138,45.898494287227564,4.040723325040502
1290.0,11.405813442255374,46.00941295665025,3.608496572562662
1291.0,11.929292235220563,46.16177952382552,3.2490324223527076
1292.0,12.333542752927361,46.332182633373066,2.9797728614674597
1293.0,12.590966205137523,46.50466521399107,2.7726465274224963
1294.0,12.769399892310684,46.670636274440106,2.634716363979284
1295.0,13.012907575197826,47.1404802335098,2.536110650091726
1296.0,13.317114604348843,47.843482645894746,2.418259997309314
1297.0,13.433138993247598,48.70749260139611,2.317404140355063
1298.0,13.375981536297212,49.42315567153779,2.2900654797322124
1299.0,13.247589704258823,49.96776831296842,2.32521967266241
1300.0,13.196910633747459,50.31271790750931,2.3165678933995535
1301.0,13.085631088508624,50.348636345735294,2.2632256784844103
1302.0,13.064372778429124,50.1871442596611,2.184017952339829
1303.0,13.295966847059523,50.219700426737404,2.092817227910708
1304.0,13.702643671981408,50.613387282892475,1.959480718399121
1305.0,14.114532717781065,51.100017438378856,1.7677216035198862
1306.0,14.533612990965759,51.617780256152244,1.5713300650817024
1307.0,14.960071390972525,52.33464261100209,1.4522553569355365
1308.0,15.211465967321447,53.201142198145924,1.4849860331160007
1309.0,15.184080809568876,53.94484416010287,1.6336723050366482
1310.0,15.067582934366374,54.49965051547537,1.8143277498696257
1311.0,15.223102062350776,54.986888837297684,1.875457968486432
1312.0,15.649751017986627,55.6125573308499,1.86529300250329
1313.0,16.089227172593656,56.06745569046385,1.831944059005158
1314.0,16.24202342222679,56.04155307029561,1.8090579257498176
1315.0,16.11600358420255,55.521653665176046,1.769176198580669
1316.0,15.811384532569052,54.70549199904554,1.6930551575207207
1317.0,15.472638278574053,53.94874559656177,1.5872149421508959
1318.0,15.32840234140813,53.405823784345166,1.46509527308544
1319.0,15.306270630357329,53.31812097285972,1.3771985960351028
1320.0,15.189929425476002,53.8905586369776,1.299366378900101
1321.0,14.990469202262455,54.807041982603515,1.2280837905999364
1322.0,14.988883838873042,55.791190617596,1.1790309802075252
1323.0,15.366495648148844,56.52024265526928,1.1578476627088898
1324.0,16.102414323419076,56.67522199344345,1.1309387490124814
1325.0,17.053135630117183,56.49588562425024,1.0644990243891843
1326.0,18.011040728604723,56.443568592084375,0.957919675090364
1327.0,18.579231950401425,56.47502314728036,0.8653349226624402
1328.0,18.62072829004216,56.105406490878885,0.8030310185552003
1329.0,18.626511849208722,55.38392096068026,0.7483495305811203
1330.0,18.877304245411924,54.47119542074975,0.7023950827652197
1331.0,19.111766835512462,53.58856888794426,0.6525523431226946
1332.0,19.055674367513916,52.68840413008062,0.5863789281596689
1333.0,18.730359196022253,51.922196796724236,0.5452507163116838
1334.0,18.56658439410432,51.08429468065283,0.5311556785463185
1335.0,18.416616915513963,50.175428238674556,0.5256159520389376
1336.0,18.159116777006307,49.67428539328176,0.5115080504683682
1337.0,18.068557182727506,49.527080163292496,0.4591803433545408
1338.0,18.452387697188065,49.43908912689747,0.3788089340071936
1339.0,19.104326050986174,49.221200579415076,0.2877461374616675
1340.0,19.807373138767197,48.955427560849195,0.21376141952355995
1341.0,20.533583694300066,48.79239302838394,0.1486975245897124
1342.0,21.187974295654506,48.72345714835663,0.08120602010889001
1343.0,21.77147873110856,48.54960151807444,0.03230047534628885
1344.0,21.953453509835594,48.31088317570549,0.00985332382848808
1345.0,21.942683259797207,48.014370026465656,0.0003562267435609007
1346.0,22.148285214240463,47.868718956389515,0.006972158150302524
1347.0,22.610063800816647,48.00754718460449,0.036919970028490075
1348.0,23.129017528508243,48.2269092879729,0.06803697870422004
1349.0,23.66228676431492,48.14147213134325,0.07026728446325281
1350.0,24.169653290900506,47.666551657196706,0.0580194408200624
1351.0,24.53504239592744,47.01590536168283,0.04980554519283357
1352.0,24.83740254259051,46.516971694732234,0.04672652038771245
1353.0,24.948662482502236,46.32158876637204,0.04322604832656254
1354.0,24.934830825658167,46.47268443680778,0.04205581714752245
1355.0,24.956856130014067,46.626828051455995,0.04493939547793961
1356.0,25.076078591620323,46.576353603425176,0.05007074837320366
1357.0,25.172332064197033,46.23456219988002,0.056326307345089525
1358.0,25.24180388053284,45.75624368548355,0.06266826810441599
1359.0,25.404792839524227,45.360465439818626,0.0716059922415616
1360.0,25.452483996169345,45.16007369870773,0.08389092410449009
1361.0,25.414627953213447,45.40794855530569,0.1103358791754026
1362.0,25.63266853431427,46.17075420784412,0.123210779054045
1363.0,26.20448339561162,47.280875117403184,0.1045789318659557
1364.0,27.021039341006375,48.26533729975733,0.07109934804205219
1365.0,27.677146355720318,48.99213889531593,0.045759853975180884
1366.0,27.75190028069242,49.509609302668395,0.03317577373515242
1367.0,27.28615460847571,49.80753162181182,0.027734915436280864
1368.0,26.71340062297066,49.8196331933439,0.024021831904448458
1369.0,26.18618216408583,49.742884113861344,0.021613642509324158
1370.0,25.49512611910442,49.57181824182598,0.022181211251616404
1371.0,24.605736615472317,49.179435230329915,0.027626342513827618
1372.0,23.73740372055163,48.71418101847026,0.033918187410588066
1373.0,23.100471915402704,48.56519869526708,0.047284776487396936
1374.0,22.785767716604884,48.77572870942505,0.07114771493138419
1375.0,22.712086641828005,49.01707672757052,0.10812668953601304
1376.0,22.8481280188094,49.04095113252478,0.16033290898944633
1377.0,23.023837779384497,48.665087202622495,0.20754587451832082
1378.0,23.172321440814066,48.05119948455757,0.24876948789792075
1379.0,23.215700256076023,47.47617951883969,0.274143346569
1380.0,22.63980832925818,47.20788013514483,0.27235333818752866
1381.0,21.88575705801326,47.37541794784771,0.27378408470331594
1382.0,21.39027470393414,47.4299438032492,0.3067934674323601
1383.0,21.29063206355175,47.304889676139204,0.33282699421455986
1384.0,21.613240330557893,47.213193473579345,0.34794981400274394
1385.0,22.104886843282237,47.20103335729268,0.3506718228002502
1386.0,22.364318994757408,46.97812340466921,0.34691843196475225
1387.0,22.379526936858223,46.51465431011418,0.3522888056782082
1388.0,22.333673250705534,45.905286589349764,0.354702064508316
1389.0,22.218197006733067,45.102334845943304,0.36147605792486404
1390.0,22.14497612873911,44.41320211462069,0.37527699571407347
1391.0,22.08828848115313,43.92821322425735,0.4276221299909329
1392.0,22.14788848365467,43.75883199450498,0.4842238534578023
1393.0,22.200039618187244,43.96136647925445,0.5105017760651652
1394.0,22.120150158808578,44.80802691072564,0.4857685190833213
1395.0,21.8172814003114,46.34994538902754,0.4354001221340735
1396.0,21.468698863435254,48.27397237837202,0.38118694598349234
1397.0,21.21972533719104,50.02238396352618,0.3161644662078015
1398.0,21.34691178309155,51.17733660725569,0.26236348912449015
1399.0,21.954095515060853,51.71905561619059,0.21049436605122251
1400.0,22.8077290342682,52.2748022303054,0.15860563520543283
1401.0,23.52247138500871,52.85701620873994,0.11074700766409291
1402.0,23.869205591666415,53.202032788443965,0.06415156383292801
1403.0,23.978477677078466,53.26684501780839,0.026539029496641612
1404.0,23.96459486065504,53.30031919550971,0.009570838036035614
1405.0,23.86572931209994,53.48333698204427,0.006087351341390379
1406.0,23.74035172771555,53.884225872838506,0.007709746122625569
1407.0,23.67768243427017,54.30078389001105,0.011737245749644881
1408.0,23.753645709949442,54.5731604612466,0.01355513455931042
1409.0,23.99139840226428,54.89659376205909,0.008563821874446364
1410.0,24.222005310285923,55.14381748963018,0.0010503342064995917
1411.0,24.36811416837714,55.49267537480838,0.001370242001568406
1412.0,24.50212508843414,55.9649389227758,0.009627057542704875
1413.0,24.774656100293164,56.37297023409774,0.015646072099747586
1414.0,25.162692330176124,56.37287367877015,0.013897066557072433
1415.0,25.464262109020023,56.153492279948296,0.005749524648384372
1416.0,25.502008536367793,56.08267197395553,0.0003474522096049003
1417.0,25.36331144724001,56.05511434491332,0.001790583767784091
1418.0,25.37359832442926,55.846273035724955,0.010764270000999984
1419.0,25.672540370115442,55.35243877089023,0.02106822929802011
1420.0,26.192526395203178,54.696629500345985,0.021292445030876107
1421.0,26.880399228316723,54.52386271147845,0.016053057244435606
1422.0,27.689521603313892,55.326121241513505,0.018986759277002517
1423.0,28.459133771537683,56.51997757109085,0.029779238338224403
1424.0,29.040888157132827,57.34289058622868,0.040000496001537676
1425.0,29.456038688386734,57.643912603478974,0.0381796906061376
1426.0,29.755967066703185,57.75291777710942,0.022867122449064147
1427.0,29.705251114700715,57.58438187018127,0.0077422840950624695
1428.0,29.418105540192922,57.1836157790677,0.0008884506914721085
1429.0,29.313122116891545,56.79154498971292,5.229957348100141e-06
1430.0,29.387091922689066,56.502967623902464,0.00031551884012249987
1431.0,29.51012383273418,56.459659651953785,0.0027489153860100037
1432.0,29.509619172164975,56.468829916050254,0.0048834519948899755
1433.0,29.489369167940488,56.515215183370444,0.006737594264122488
1434.0,29.458618251855945,56.540417941337516,0.010167483455923557
1435.0,29.373582643153213,56.3576020094736,0.010948870377922477
1436.0,29.274596147420123,56.04686143314524,0.005971060892569584
1437.0,29.085063913110137,55.974589044248226,0.004977130359488428
1438.0,28.814561690931303,56.39434162918789,0.012761834545524094
1439.0,28.931477929369148,56.97564720920454,0.031689749660822476
1440.0,29.50444113685287,57.15972648577083,0.044372575691040105
1441.0,30.40180804376957,56.75249931204473,0.03929152916122804
1442.0,31.217261433356903,56.27779408253434,0.033176633451811564
1443.0,31.34730474109431,56.18119400405694,0.030285619483969538
1444.0,30.746813846762524,56.32822457703719,0.02231513728155042
1445.0,30.041916337486438,56.42278413263221,0.010526854392211623
1446.0,29.67720038564084,56.341005178888,0.003777995397159987
1447.0,29.54735001403666,56.13483186020488,0.000916505993822496
1448.0,29.65426246663111,55.9709784742352,0.0007555401166681087
1449.0,29.89659472630618,55.975546396019716,0.0028842452847289207
1450.0,30.01589739696109,56.184000171265644,0.00987104444079688
1451.0,29.931849534760616,56.522354930763896,0.02118258728691214
1452.0,29.805553902583686,56.93654582994743,0.03046143298656156
1453.0,29.558190758280254,56.85250465279879,0.033518000795808474
1454.0,29.266866965786882,56.301456812636324,0.03141967181040256
1455.0,29.234711866269954,55.62969467239301,0.029676987354009993
1456.0,29.299271951294436,55.36284027039133,0.027447224837761606
1457.0,29.367271911599783,55.602371609052064,0.023035465459872076
1458.0,29.48833457501407,56.108040729574206,0.01888351983598239
1459.0,29.779516394839327,56.66995622414281,0.02155465890650245
1460.0,30.0511796982131,57.192649531756835,0.03169142303472242
1461.0,30.159317952665006,58.06888247530658,0.04463682138951842
1462.0,30.152701635516912,59.32531345265672,0.04926059066045282
1463.0,30.103736759845077,60.49412508431744,0.040570153365715546
1464.0,30.1242860436674,61.12988266279683,0.02399883692673638
1465.0,30.32463786304597,61.35052648871613,0.010971026918728862
1466.0,30.6623636326517,61.41136622448622,0.00665640756597612
1467.0,31.02108878885294,61.324330142337274,0.007547149212948919
1468.0,31.32863306339374,60.796372128104075,0.011405400567444927
1469.0,31.509539364895225,60.004060157175715,0.013751985525699555
1470.0,31.6882254391778,59.339333531991905,0.01419884821556636
1471.0,31.622275536139693,59.07671796993503,0.010173086561358432
1472.0,31.313900841888604,59.63969371027599,0.004712387269048907
1473.0,30.790404629620447,60.840384384607134,0.0019740782163600087
1474.0,30.228353343929342,62.1001159683368,0.0015328626602041015
1475.0,29.6812193830373,63.04155419619717,0.0021681120377400973
1476.0,29.172383838531044,63.8714160102835,0.004032029023027576
1477.0,28.791767464827444,64.78132717072475,0.007878799158759985
1478.0,28.592068946773253,65.59844002723922,0.014645053780562474
1479.0,28.695168784676614,65.95662143997126,0.02652383560996005
1480.0,29.187863416943248,65.93264268130942,0.03595324525182818
1481.0,29.768630880215138,65.69679766991435,0.03653403704266414
1482.0,30.271719437228736,65.54392987574913,0.03243060362330014
1483.0,30.846843798042258,65.58150454067909,0.034029431779662396
1484.0,31.361479313445123,65.76996806047649,0.04282470992334235
1485.0,31.64909535431324,65.92486226814478,0.05475858807058096
1486.0,31.686842577731294,65.99613261408815,0.05473568132529644
1487.0,31.541771856270202,66.6133571737424,0.04662902981875359
1488.0,31.05011248937333,67.53229173491515,0.04165426695281293
1489.0,30.60646555395211,68.4794126853769,0.03570946059208089
1490.0,30.13349226879935,69.01607138016561,0.03374236143808359
1491.0,29.833048115553336,69.054591244641,0.039456002269622495
1492.0,29.727147176945344,68.6910847303121,0.05361465691159207
1493.0,29.620463591190994,68.19869735679008,0.06504184639098085
1494.0,29.559130343931432,67.75948962403258,0.06778452815534451
1495.0,29.573569937622516,67.62119799927147,0.06406248018614893
1496.0,29.732613537699248,67.75554262200026,0.056272868194140846
1497.0,29.99334986594514,68.21936568926237,0.050266366410624444
1498.0,30.290615283923927,68.94666894318334,0.04629736720133298
1499.0,30.488645668157957,69.5708173290183,0.04984450070779234
1500.0,30.51356522685042,69.97200639210567,0.06008905517987604
1501.0,30.31059807779795,70.24767503183773,0.06618122064555201
1502.0,30.01809274281884,70.68757263483242,0.0620787820996997
1503.0,29.626735823919883,71.15075714164828,0.06591175626912256
1504.0,29.20196185314528,71.2412568049439,0.07975840732239621
1505.0,28.962020244016784,70.8901043373713,0.08479254791055993
1506.0,28.96695121762688,70.34807398465826,0.07174429748358761
1507.0,28.861526275772857,70.06232871976403,0.058358321185608845
1508.0,28.524574576020065,70.22331412379776,0.06222757251570241
1509.0,28.182221474422867,70.70707067637514,0.06878084261144038
1510.0,27.814498078081943,71.30671877543652,0.07773571312656248
1511.0,27.26797642687504,71.54511892751367,0.09401134780129004
1512.0,26.63284833243934,71.2720066690885,0.10927873311875556
1513.0,26.004225590525827,70.63826466662958,0.11221507081963232
1514.0,25.58745821015019,70.00440817437769,0.10264572163336423
1515.0,25.356734092763702,69.62084226513205,0.08646786665655623
1516.0,25.083098739476878,69.34308007162555,0.070301271798577
1517.0,24.80950816050908,69.10394762570171,0.048007588228195675
1518.0,24.837988630782604,68.91044325441983,0.029566107826080438
1519.0,25.1248774555234,68.77705975535322,0.017556022100739647
1520.0,25.35165428591732,68.61878972793264,0.012744585601286407
1521.0,25.361438821161077,68.65226885208227,0.012399800172272057
1522.0,25.357696697073315,68.87736399548633,0.013347499764704443
1523.0,25.549541819307812,69.07552615719996,0.014355756436560103
1524.0,25.95270473154728,68.86538439928901,0.010815159696321646
1525.0,26.387340214160467,68.39938796886007,0.0063988208543169015
1526.0,26.924301723423298,67.92026897820769,0.004744245007110395
1527.0,27.563967079521678,67.46305247451023,0.007307792936496896
1528.0,28.191575955284527,66.96175789364995,0.01181924475732248
1529.0,28.491841416847503,66.40026817157785,0.0145517826707929
1530.0,28.53058985421929,66.03758821397115,0.012408788099667636
1531.0,28.514269714715194,65.52513298179215,0.006945590602844067
1532.0,28.518042995521995,64.7021320483086,0.0015678867719025138
1533.0,28.402556801320205,63.610119113286856,0.0001416452261904031
1534.0,28.156684061135326,62.70334620662581,0.0017906243906929073
1535.0,28.059364923244992,62.0255493145134,0.0014158987442648868
1536.0,28.28352417068244,61.48745625619481,0.00013557039364090232
1537.0,28.909281088314927,60.86419582116675,0.00045453216645759614
1538.0,29.662769496920287,60.10145797021925,0.0019641294422500133
1539.0,30.264888021393823,59.35540011103446,0.0027123066096360945
1540.0,30.648821186975063,58.437221043768666,0.0009746727900624994
1541.0,30.90338645655247,57.272171388816965,0.0003820840361808977
1542.0,31.096441279631623,56.43578339928764,0.0058203258359235946
1543.0,31.18941245740324,56.32944538162437,0.015152455343996117
1544.0,31.294381081871613,56.605689116989076,0.020418918151248463
1545.0,31.41655276901653,56.54872590998992,0.02270108126668845
1546.0,31.847594821311333,55.99105145727394,0.020897795984489997
1547.0,32.562625023453045,55.538549994899654,0.019597785262568043
1548.0,33.49340219746438,55.36840956642303,0.021715270215440386
1549.0,34.29029303742979,55.39903289953309,0.026054682778036867
1550.0,34.919475951203715,55.37318961608264,0.030956720440848403
1551.0,35.49093395820971,55.434277487316024,0.04269716776038492
1552.0,35.8107397621087,55.58396925120444,0.06049804333224989
1553.0,36.007019862178204,55.71427865432003,0.07322866801536158
1554.0,36.243718781577414,55.79584785455894,0.07952362212044896
1555.0,36.413742346462804,55.93499390627342,0.08555016610816008
1556.0,36.47151631289104,56.26966116775101,0.0930810369364226
1557.0,36.7628579549983,56.695068164962564,0.08626316744304631
1558.0,37.38317799616083,57.070055357614066,0.0756427330394175
1559.0,38.09352005810683,57.56182851118143,0.0691828660548496
1560.0,38.72354276649644,58.23675220533267,0.07909469452408413
1561.0,39.36842752743666,58.78051440074161,0.1205484441287569
1562.0,40.02398516556851,59.12113451514308,0.19035067436064154
1563.0,40.48925082899828,59.07014158581246,0.2725073547804169
1564.0,40.72890939595867,58.53508309030888,0.36241748492543996
1565.0,40.96898135628466,57.839203933681006,0.47922181697708005
1566.0,41.46664303097282,57.32078826013544,0.58483951879896
1567.0,42.21829829896491,57.4300055303864,0.6468697446373369
1568.0,42.886459108669655,57.87814611425345,0.6332679729234497
1569.0,43.20961464241225,58.22475977566621,0.5674941562155265
1570.0,42.93407248350951,58.34242004484099,0.5043326796435458
1571.0,42.15141227926161,58.132519297534785,0.4733965784200041
1572.0,41.41732577414436,57.848006841702805,0.4567626793008399
1573.0,41.07920596535843,57.54237539126805,0.45207500251295296
1574.0,41.24394755701112,57.58178786796093,0.5023011328718436
1575.0,41.54019583326194,58.03731527842185,0.6200174530168967
1576.0,41.7627488242692,58.51750419762184,0.7913884624640289
1577.0,42.017138402426355,58.969084092436994,0.9656939834272902
1578.0,42.326441784771156,59.57926767011578,1.0735846075589184
1579.0,42.06847580650527,60.35444501876002,1.0952447785447248
1580.0,41.19580271993893,60.94462172278925,1.0856620114351234
1581.0,40.20376557385872,61.04262835367524,1.0918255395087935
1582.0,39.79818792498025,60.77449982282403,1.1075209024514763
1583.0,40.14799385688069,60.412201925971964,1.1308741556149489
1584.0,40.736943608943,60.0549266287495,1.2096573522611773
1585.0,41.26298884555821,59.695134536785034,1.3396486957321634
1586.0,41.693046197013174,59.47411156963276,1.4501197010279057
1587.0,42.288551320098335,59.56925315326847,1.5177780221081953
1588.0,43.005578930923214,59.834908788863615,1.5913059049356673
1589.0,43.778508013774385,59.94913477346467,1.6632421315895025
1590.0,44.36494167460767,59.728544324789304,1.6549131567591182
1591.0,44.85445857971925,59.332823425734475,1.5652561393378805
1592.0,45.10230717673953,59.35566945176582,1.4672129501216353
1593.0,45.1783154368571,60.060932805223246,1.418426524183037
1594.0,45.07470519594284,61.353118342519466,1.3643121153427986
1595.0,45.0643182497343,62.56235082767411,1.2566606624169128
1596.0,45.34738738203774,63.364552239187994,1.1229650861182208
1597.0,45.940523918223846,63.77625477697354,1.0122135064227686
1598.0,46.65986743895207,64.1727972791355,0.9358600125860164
1599.0,47.40547421847996,64.60036379045553,0.9208705252076
1600.0,48.327974551909655,64.75783760407221,0.955707997098176
1601.0,49.4357126167569,64.4231350051416,1.02131814064018
1602.0,50.66149912073529,64.01890187542246,1.0889082364786755
1603.0,51.87391581745981,64.18405197479511,1.1590305898508089
1604.0,53.03176002399373,64.88093699969875,1.203198780101472
1605.0,53.87784899947023,65.57005866261349,1.177076511582665
1606.0,54.37497888286029,65.6676721941182,1.0768948434319938
1607.0,54.48511630115964,65.09868207942768,0.946150756581896
1608.0,54.49610569811598,63.96995024812359,0.8321306417228027
1609.0,54.73064029237504,62.96207796600338,0.7626061517000977
1610.0,55.137116126056405,62.611369166546545,0.7430922210623209
1611.0,55.68773927036368,62.685046202104324,0.7351873195594224
1612.0,56.39315661791205,62.5770819691287,0.7353043635012099
1613.0,57.07795534292126,62.32847194104367,0.7732928280184899
1614.0,57.49037570082945,62.169841750227405,0.8588567769324674
1615.0,57.973398476738545,62.17145719556642,0.9430231489765643
1616.0,58.78342768465412,62.02608533105537,1.01392514278225
1617.0,59.73910274655624,61.56998856863425,1.08244462402788
1618.0,60.47257224018302,61.08108097929629,1.1526949905685955
1619.0,61.0628295423014,60.66070109600401,1.1988075209624762
1620.0,61.71875956506686,60.451945202208,1.2116438699492416
1621.0,62.62375479123653,60.73600184089637,1.2052316091207682
1622.0,63.286932852853745,61.29998790469758,1.1961884833641607
1623.0,63.30445372297217,61.678071054822354,1.1750502548070225
1624.0,62.738864164717185,61.64750525715179,1.1272608674741762
1625.0,62.11530629621654,61.63842098521628,1.0763197657372225
1626.0,61.90124144184964,62.009539664289505,1.04799852304964
1627.0,62.01519549824365,62.44113636051558,1.0464248202728466
1628.0,62.311997765390124,62.81784879771859,1.0620357345993925
1629.0,62.879067461647416,63.285395260171946,1.1017781801846882
1630.0,63.75206586863925,63.83654865419063,1.1670745791063075
1631.0,64.50024813018162,64.21489448700612,1.19513696501824
1632.0,64.84837572834518,64.44233976437788,1.1589798618229328
1633.0,64.75319604760146,64.59582320163119,1.0703049170513763
1634.0,64.57004242793879,64.76447415998885,0.9805860710506115
1635.0,64.33878491796813,64.92951937574111,0.9035089538335745
1636.0,63.937615050078,65.3203678891429,0.8580795618517058
1637.0,63.481691420688826,65.99602716720133,0.8714640899722079
1638.0,63.15741119248425,66.72566637871246,0.9387704267507556
1639.0,62.84234324460672,67.4074387199431,0.9994433174954246
1640.0,62.309237967379204,68.15043394842832,1.0097054553778202
1641.0,61.792164377152616,68.91325441210057,0.9683597163772898
1642.0,61.71205344146188,69.51650924186721,0.9083710553484006
1643.0,62.171772433784255,69.95116304795981,0.8596561138040166
1644.0,62.62292814795569,70.17640387655621,0.8219995711012864
1645.0,62.765021804010146,70.19318093127093,0.7889966074881362
1646.0,62.691095708175986,70.17414340844076,0.7334557302520899
1647.0,62.44269985416805,70.08965011240107,0.6544867762727449
1648.0,61.78209746163968,70.08193188362304,0.5820954949003488
1649.0,60.83108118288664,70.11455554528564,0.5438725467721224
1650.0,59.99321592689771,70.2008436169957,0.535091767210109
1651.0,59.59281918825333,70.2760966804093,0.5526170952768401
1652.0,59.58166838327072,70.37685166526292,0.5687083164213503
1653.0,59.52682066670778,70.52668482939957,0.5433648238064654
1654.0,59.179597560317625,70.79427761553694,0.4711949998886025
1655.0,58.60619060524273,71.32082978097593,0.38857584445659044
1656.0,58.14116652876096,72.096818458519,0.3271732579281722
1657.0,58.047564678094666,72.92437414338823,0.28767067888035996
1658.0,58.15612384526406,73.815951407641,0.27330984415539367
1659.0,58.33503060554706,74.87855297903631,0.270905769883488
1660.0,58.693593033991874,75.77641443252992,0.28167248596262767
1661.0,59.54378826671188,76.47689714105758,0.29842075676658
1662.0,60.47102381108312,77.41519161919771,0.31877664923754817
1663.0,60.94422420608812,78.8639850080545,0.35620840041408086
1664.0,60.76909776520739,80.27817068622247,0.38854682142585767
1665.0,60.21473799080706,80.6437366433142,0.3689512328718735
1666.0,59.98754757302012,79.78079728089409,0.3147625714727024
1667.0,60.31085291971894,78.6745810442877,0.2648370276857761
1668.0,60.808641177869,77.86651358178023,0.2435199739194049
1669.0,61.22547391083973,76.87533040102083,0.2321772059952901
1670.0,61.74890532594502,75.88256789159081,0.22717812061984363
1671.0,62.08314597876738,75.66170763436381,0.23584341232189443
1672.0,62.124423749177325,76.69765662077525,0.26311100341564087
1673.0,61.95909853666404,78.28021226751909,0.29802907221775216
1674.0,61.83661465423861,79.51362304913415,0.3088159825433796
1675.0,61.878960922366694,79.87381570985534,0.2871421457237316
1676.0,62.07672027223718,79.71496587764643,0.253876602649656
1677.0,62.65497339137109,79.5512961240501,0.22579805667133698
1678.0,63.302126017177414,79.39660321888168,0.2093390814873744
1679.0,63.894980877477636,79.28845743238796,0.2136430852414681
1680.0,64.19114042080251,79.70509199299889,0.2538049081934916
1681.0,64.54053090905761,80.98774624347502,0.30811082007683605
1682.0,65.37039678397483,82.57436556834108,0.3384555067871041
1683.0,66.54887462058042,84.22344521446225,0.337341568731877
1684.0,67.43653110127201,85.60731527171373,0.32917781709604005
1685.0,67.90555331609309,86.41470443664394,0.3204279992449601
1686.0,68.27774575861802,86.56176903223508,0.28718189693160245
1687.0,68.55455581548898,85.91402935550005,0.239418238052669
1688.0,68.43076017070192,84.94150768121575,0.1883615552409599
1689.0,67.91791526177673,84.16767755438548,0.14289490172793637
1690.0,67.47567751645116,84.33044944152222,0.12005179978740638
1691.0,67.19486264157753,85.36014486905027,0.11914930143600992
1692.0,66.82439236182107,86.54716110330094,0.1222243482438802
1693.0,66.31449954987967,87.30370076478762,0.10440074416988168
1694.0,65.8343554063178,87.39382683646889,0.07278423759309159
1695.0,65.39125162322335,86.82436477101976,0.04936988478422248
1696.0,65.00901249277355,85.905129324004,0.037268113311240025
1697.0,64.57950720468826,84.97542823656653,0.032839945402202565
1698.0,64.10404545260003,84.32256184149415,0.03724363093348818
1699.0,63.66041757302954,83.83210160656384,0.04809520935844005
1700.0,63.42922199419239,83.13978189405955,0.05226862702028891
1701.0,63.409972278314896,82.47248854027481,0.04519450810000002
1702.0,63.19210421251982,82.26320029077968,0.040664823720144176
1703.0,62.70617315885671,82.50162835785649,0.04466194120903833
1704.0,62.175117572102394,83.04591347376338,0.05771402277300494
1705.0,61.70921803696225,83.60220628401414,0.07800528366894754
1706.0,61.28139895689508,84.34582110080362,0.108878240887021
1707.0,60.9582225399286,85.05882040575455,0.1432691993442724
1708.0,60.835347076965,85.14093250523442,0.15782156190046442
1709.0,60.769913484215756,84.57899512438657,0.13718127773160813
1710.0,60.60483336138878,84.01384599974116,0.1101885186958336
1711.0,60.397766870864004,83.94708435437524,0.09995645637238808
1712.0,60.260376834158066,84.78894557329753,0.10381445100624996
1713.0,60.108507537005885,86.27780740101934,0.11562765045323567
1714.0,59.7304469234691,87.6124196290864,0.13405405469724502
1715.0,59.01067208470897,88.39384888108009,0.1511256295014401
1716.0,58.123172074971805,89.0163262141991,0.15626000282296965
1717.0,57.4635537718613,89.74380319038438,0.16872706369599993
1718.0,57.25674705470619,90.40818839668263,0.1896004605628225
1719.0,57.17377836230343,91.0873400736147,0.21782440338422432
1720.0,56.90888660516846,91.65395328811469,0.2511488668710025
1721.0,56.53882580828415,92.6083646165095,0.2788170854615688
1722.0,56.43979387699076,94.28979034005488,0.27628336467768966
1723.0,56.79688604091197,96.43908714312664,0.24467622839985648
1724.0,57.32107459757943,98.36086691311027,0.21219087712007614
1725.0,57.38413773275907,99.23130872074586,0.18068888314752254
1726.0,56.771543450309636,98.76548357804462,0.17685628027526556
1727.0,55.811949274519414,97.84112732526276,0.1984477083400901
1728.0,54.994980281186,97.33961586291618,0.23441711257228814
1729.0,54.55171645686302,97.11858255215617,0.253533689483264
1730.0,54.30999393992973,97.23223166187867,0.23404613622392254
1731.0,54.263513347334936,98.08808813572216,0.18301987309956835
1732.0,54.509409730842414,99.73598149485312,0.1319608790016401
1733.0,54.999676697299364,101.30953093487442,0.09004457951900408
1734.0,55.4127276229124,102.04590360861755,0.06163058474580633
1735.0,55.569991728229205,102.20217181670066,0.04010212510152243
1736.0,55.4552368360253,102.07267588220326,0.026989166942440065
1737.0,55.162528008075846,101.68192048532153,0.024807172958584946
1738.0,54.64233223884304,100.9527738978636,0.038871872383440136
1739.0,53.97948313674361,100.06957889884917,0.07527267431699552
1740.0,53.75170077086043,99.75672493713576,0.1151287041445642
1741.0,54.559644488874,100.57569779339123,0.13481096701917705
1742.0,56.23204343328784,101.78824929632472,0.11676689275112395
1743.0,57.77574462479878,102.09403455352694,0.09859007804892495
1744.0,58.76688323376546,101.94170634613647,0.10650817999192823
1745.0,58.992809470436626,102.07777094026773,0.14328639931761003
1746.0,58.93160067699937,102.20439309008293,0.1831905313382169
1747.0,58.98345078227994,102.1902269721129,0.22623906023848353
1748.0,59.32740803263227,102.19654291960714,0.27285074480036897
1749.0,59.679902718156995,102.38801946623403,0.3146056689678401
1750.0,59.772990876318325,102.31927224095318,0.349726649681148
1751.0,59.70622146579602,102.0374071806349,0.3802564208554226
1752.0,59.68460302365397,101.98251106613048,0.4047209717523857
1753.0,59.82401179051468,102.08357438954191,0.4234913498421368
1754.0,60.3106092226893,101.67905490675469,0.44926484890372836
1755.0,60.70894937155515,100.47480586748036,0.48642468776874104
1756.0,60.95658342871688,99.13633130565334,0.5134291989992675
1757.0,61.37301657964996,98.29586432463732,0.5488298593634705
1758.0,61.923483950585755,97.72293923092484,0.6305143067114759
1759.0,62.33884761142116,97.15933181083149,0.7333843065379599
1760.0,62.2975712694491,97.03223066496686,0.789005241348509
1761.0,62.0592176329493,97.80458334881521,0.7788983151206654
1762.0,61.99203216930362,98.48207120716197,0.7395662023861226
1763.0,62.12540694187584,98.02925486160066,0.692053267488812
1764.0,62.32691666759885,96.82193168274495,0.6450515288009999
1765.0,62.71315339063115,95.88107961308118,0.6120715850880017
1766.0,62.92492669829523,95.69113593976456,0.6253378796142863
1767.0,62.62998937353789,96.43407510287437,0.6735293678257225
1768.0,61.966965631156214,97.58058783811346,0.7306393945637808
1769.0,61.48765636872665,98.46905556365886,0.79121256270169
1770.0,61.3690312844461,98.91223209636715,0.854196822962736
1771.0,61.35820696325216,98.93219026560108,0.93142225644484
1772.0,61.33237533396116,98.67381769811598,1.0192455775882248
1773.0,61.232699268566854,97.91889623488917,1.1133606419000837
1774.0,61.27529934121558,97.069819849307,1.1416242944112402
1775.0,61.56697690249129,96.56619261420181,1.1099592373287608
1776.0,61.969101298715714,96.30154205582471,1.0517071455095077
1777.0,62.2858059072145,96.20432077457882,1.0358284154230337
1778.0,62.55133603624886,96.09313785211135,1.1008966873293375
1779.0,62.6377423973609,96.42614063717606,1.197475703496829
1780.0,62.67883643113103,97.41288275401634,1.2843263462703127
1781.0,62.777238797646675,98.3512176197887,1.377170313841
1782.0,63.00657724705806,98.64031077818979,1.52937002706254
1783.0,63.37139149664961,98.4334100451377,1.7120451708380737
1784.0,63.76162413937553,98.16131649890448,1.9557320179605124
1785.0,63.9459314244,98.00695933758375,2.2107808802928606
1786.0,63.912416065152264,98.38230896902165,2.470570549355717
1787.0,64.23820475498356,99.47650012950325,2.6662171491944706
1788.0,65.00554907537955,101.2356446422155,2.7728065483956374
1789.0,65.68873681632616,102.99484006181501,2.7908400756821776
1790.0,65.9006652289309,104.21691335958573,2.7781657357673026
1791.0,65.97496758690568,104.68593507197797,2.7973901854032013
1792.0,66.35109683764544,104.57419352159492,2.8330668033637227
1793.0,66.9072188882989,104.27483497771529,2.8711992327545963
1794.0,67.15095765404206,104.1192601138064,2.9156590082554086
1795.0,67.17323151930151,104.1263927512641,3.012641194552669
1796.0,67.14663754686093,104.45709433492264,3.1571656095117606
1797.0,66.75258455744574,104.70779933195242,3.290834799292273
1798.0,66.27090401168026,104.71820602437013,3.316877547312903
1799.0,66.33706414562192,104.37286129063371,3.2821866688835843
1800.0,67.30059426119274,103.90353430271507,3.2298552694716363
1801.0,68.55042891010744,103.36302923112102,3.152225649747689
1802.0,69.4596600555843,103.10213705904508,3.062921869527481
1803.0,69.53729423739405,103.25232517116692,3.013568440069828
1804.0,69.02694943637206,103.53424855270536,3.065043943078356
1805.0,68.31812326229283,104.00320899711727,3.1620645546158603
1806.0,67.52546225558885,104.50188647045361,3.2555436337424997
1807.0,66.85601863474689,104.4085233227912,3.256561201154581
1808.0,66.29397235053212,103.67091329594525,3.22815607978314
1809.0,65.9167474896777,102.76767393919422,3.1889154199019716
1810.0,65.56106698316606,102.38557035157174,3.1467947208453184
1811.0,64.96622129964203,102.33643639762025,3.0537047688669725
1812.0,64.21972282337123,102.45250999987223,2.8899409763013697
1813.0,63.50522716487889,103.04621541864454,2.7577719734206467
1814.0,62.78093502899011,104.53825025319442,2.68218411890625
1815.0,61.86867016089601,106.69311964905155,2.665682481133404
1816.0,60.73846268789272,108.28995914251475,2.6847206238071237
1817.0,59.62231988598688,108.74737734778515,2.793800093475603
1818.0,58.88885048638671,108.38385777339165,2.8629326279312783
1819.0,58.70078066139364,108.2106607948322,2.8551909199502403
1820.0,58.74588330343943,108.32118720826224,2.863915911489072
1821.0,58.47626641490175,108.85497042419094,2.9255902496257757
1822.0,57.44103227452961,109.55468683273276,2.924963408525954
1823.0,56.28106283726014,110.26537967632188,2.85577549541792
1824.0,55.810229672937815,111.01493557431526,2.8447299321745985
1825.0,55.81137686792352,111.3623035320459,2.8902463692504514
1826.0,55.84953192497971,111.15731396706559,2.9821167102691972
1827.0,55.83527954457267,110.9745413604035,3.1095139971335883
1828.0,56.0898517512749,111.04964548665141,3.2610940419150025
1829.0,56.51649229070343,110.74549586843459,3.3968089005618247
1830.0,57.02801702301851,110.45635174539802,3.5041720179258244
1831.0,57.62308727784283,110.90020885914059,3.5437914159155235
1832.0,58.18096183880338,112.06035148707845,3.5364113596752196
1833.0,58.59943301221022,112.7966203402046,3.597709688492703
1834.0,58.879537493980095,112.70326547763153,3.849527620894116
1835.0,58.54240331997657,111.7265087597912,4.256344391757361
1836.0,58.122572079095534,110.74780096289318,4.591963323321423
1837.0,58.33938923811076,110.68902349781972,4.8083446054625645
1838.0,59.27829950331124,111.30157371192723,5.034280874380903
1839.0,59.81496342605983,112.13898092458192,5.260756008502439
1840.0,59.50219392507291,112.76040347493843,5.404409279361331
1841.0,58.88975616438718,113.09037871019186,5.435887307221123
1842.0,58.541548366751115,112.6714506088248,5.466054576881059
1843.0,58.42015978158875,111.5636253723291,5.513149457373703
1844.0,58.37178307401184,110.30020936520744,5.618997029491218
1845.0,58.42568954016602,109.58613146852669,5.806137124468853
1846.0,58.55469639202641,109.69871071913396,6.1169485960167655
1847.0,58.53738646955387,110.52837593996556,6.452946371835601
1848.0,58.12847992431667,111.37509119008644,6.775780330543069
1849.0,57.44607347203345,111.46822322828358,7.1154232490715055
1850.0,56.771972325636845,110.97196823166877,7.422793341004946
1851.0,56.24795956850416,110.23965291278286,7.670146202328295
1852.0,55.811730531480016,109.59509799406472,7.899094001558637
1853.0,55.65394962639996,109.33056047175026,8.235141644850321
1854.0,55.61815990530506,109.59556176096622,8.556520892451859
1855.0,55.6290259424532,110.15708282558133,8.622402029885436
1856.0,55.71254876480257,110.88332444045261,8.657269697125301
1857.0,55.712998849971974,111.38165278237541,8.854748473165843
1858.0,55.30576325323318,111.5010578182816,9.172859050606753
1859.0,54.74746482144288,111.48957011387988,9.402446821646901
1860.0,54.277809922491,111.62544026471835,9.474598094533919
1861.0,54.05791869147373,112.08953859288408,9.462692116494189
1862.0,54.37670823282435,112.77254754180863,9.51836117770754
1863.0,55.20549068658007,113.35845057269538,9.624074499495562
1864.0,55.72582547391611,113.85667621538006,9.712012098366618
1865.0,55.351630947111225,114.61740736982784,9.75349589349039
1866.0,54.546805082733194,115.03923521307757,9.774128162671245
1867.0,53.634447585048484,114.68262509902682,9.810886134720228
1868.0,52.80452718758797,113.59323833708564,9.894034427776127
1869.0,52.10254665351999,112.73403581342254,10.019167264738513
1870.0,51.84428869669676,112.2342439470156,10.19814870559232
1871.0,52.40507120474409,111.9556729343202,10.382967949922916
1872.0,53.57965122885382,111.61671096675623,10.488335256271604
1873.0,54.69510939524165,110.99350311871498,10.596094685097777
1874.0,55.45061319733392,110.7550518957912,10.7477869643007
1875.0,56.02321319976067,111.0287755178321,10.80084568902528
1876.0,56.500803544778705,111.74848671994187,10.69434859365782
1877.0,56.97947044750959,112.83521456348593,10.523415583064471
1878.0,57.354807305240755,114.03529833325646,10.403236123863039
1879.0,57.63829469852432,114.37888543075385,10.274182334659173
1880.0,57.726075238806125,113.2408763118711,10.158687566829553
1881.0,57.819320454950756,111.17132473485657,10.137693871368212
1882.0,58.34313574834363,109.20400940321575,10.18130680967232
1883.0,59.23248109694882,107.84579949303759,10.209840927052587
1884.0,59.9504922282729,107.01159286723902,10.144802002804735
1885.0,60.23425597398654,106.90452511281379,10.014259424620361
1886.0,60.37605264095624,107.7967346323756,9.85161433682786
1887.0,60.38221814352017,109.09195507713092,9.7488979813456
1888.0,59.96665170444162,110.27200510790581,9.86260853786974
1889.0,59.20907737689739,111.37339124849339,10.207123263114854
1890.0,58.65873205406526,112.41301579225022,10.696074097516089
1891.0,58.474147762478474,112.94833738660317,11.174451435763975
1892.0,58.46762564943875,112.8143714184928,11.586154725181693
1893.0,58.504171423299844,112.14700499667288,11.857076629060572
1894.0,58.436489780439324,111.0329117579061,12.003502911707551
1895.0,58.15813621584028,109.87851873967435,12.025549243531517
1896.0,57.58217153135224,109.22488316584824,11.96920939775643
1897.0,56.70145195034323,109.59254216400977,11.851999519386355
1898.0,55.52346985632442,110.9669727010756,11.680328583321185
1899.0,54.204311933479374,112.19466503836686,11.517768141764062
1900.0,53.25571902093561,112.1702848172258,11.406736328091439
1901.0,53.12749278221717,110.83131535205919,11.27618777465253
1902.0,53.62261835363129,109.35987179233118,11.044134725555455
1903.0,54.34918421654961,108.46645162572322,10.771255927907905
1904.0,54.89322291345536,107.93820984803878,10.54128491349025
1905.0,54.663744655843566,107.70007884486552,10.509365337096916
1906.0,54.19141208328672,107.8203665443735,10.54366159215824
1907.0,54.08865274629143,108.13548900481511,10.490179897266279
1908.0,54.68420436615361,108.4636563321253,10.429656556924495
1909.0,55.59236725587636,108.94794878197584,10.58706691322193
1910.0,56.5871362009943,109.32329274882177,10.924624876878521
1911.0,57.586622302225,109.18270692496053,11.183764134235062
1912.0,58.327213490594765,108.4803469773298,11.258330338526601
1913.0,58.571161663382426,107.43632498656223,11.315040309455977
1914.0,58.36452103848976,106.41591697501048,11.191602069471337
1915.0,57.84890204638077,105.75220230957747,10.872422784441204
1916.0,56.8996563883695,105.94664897347009,10.48672471250084
1917.0,55.91512300073358,107.30901276652045,10.204511313612008
1918.0,55.246656320009315,109.34096079974475,9.962153938944
1919.0,55.20737109705237,110.98773235291799,9.707147617458384
1920.0,55.78914134552642,112.22301557683227,9.46351961864123
1921.0,56.588204242373195,112.89230290623468,9.264020875046869
1922.0,57.01672131189306,112.65621035308976,9.08721652016108
1923.0,56.87239767412374,111.60873631441297,8.909503599802306
1924.0,56.54796655417925,110.3772444034274,8.78561119458705
1925.0,56.26846006430253,109.75949726918655,8.675962297151823
1926.0,55.92786697395059,110.35641208455866,8.515990692546362
1927.0,55.41811763675717,111.9462404626622,8.315742069424065
1928.0,55.09047286445483,113.48780049912541,8.131475988420492
1929.0,55.19496297081318,114.54878371353692,7.94273220129321
1930.0,55.72307571029569,115.0992293615062,7.806107596693914
1931.0,56.32797060091014,115.29462351611556,7.785245783560409
1932.0,56.791990218441526,115.12686252275219,7.810989542713857
1933.0,57.01450226272294,114.76190272428325,7.824621884426554
1934.0,56.75269518127594,114.55056230286255,7.843165607484954
1935.0,55.97867677499761,115.01118960292901,7.8358309623844855
1936.0,54.92069535102802,115.64076378639699,7.769624292604976
1937.0,53.8296768043281,115.94413167434504,7.6589962507175064
1938.0,53.05496306622478,116.00923888073743,7.577671761710695
1939.0,52.553988264615974,116.13460106035227,7.434710856622225
1940.0,52.291306886521674,116.39090412621302,7.211960844908735
1941.0,52.2990206250862,116.9211606064385,7.024845763859354
1942.0,52.51118383596281,117.5924027990495,6.88951188745672
1943.0,52.75074208172377,117.93783373621294,6.830352351592717
1944.0,52.708183560415236,117.91328638467763,6.832753841185542
1945.0,52.12673233773794,117.51879633607916,6.953642108138884
1946.0,51.432864215073906,117.62855709815979,7.058453613167001
1947.0,51.20283547363724,118.7923568250474,7.063911205423803
1948.0,51.49491299473927,120.98383625984286,7.0177909976810495
1949.0,51.7656972997663,122.65744396474368,6.931976370534209
1950.0,51.23842066335307,122.44964810398355,6.787360805530705
1951.0,50.17093175799365,121.02383597375557,6.644969938210566
1952.0,49.06040998774887,119.73420831881259,6.612269524920889
1953.0,48.347460694656476,119.31356658177903,6.7458838130362455
1954.0,48.010231280474066,120.0631331049431,6.9844958081389095
1955.0,47.97774295270638,121.69523109060283,7.221357708370561
1956.0,48.173297472483874,123.13739494331016,7.363283593076409
1957.0,48.41536045668068,123.61958728737108,7.307749412765106
1958.0,48.81255706315059,123.0619376526454,7.096092293955722
1959.0,49.27955030286267,122.15483243914537,6.82262768873664
1960.0,49.8004836007209,121.47339016940072,6.519736402168503
1961.0,50.127619749820106,121.09321434539042,6.220385464188403
1962.0,49.995361602133634,120.59464509867888,5.964339667744056
1963.0,49.504925062774845,119.80882594190967,5.718602362636804
1964.0,48.88831641152581,118.68141894975803,5.439299664865583
1965.0,48.40116930846412,117.28201200453039,5.132500716615336
1966.0,48.287828274291364,116.40595257463055,4.880824754673678
1967.0,48.57457005220681,116.50550017195627,4.84486986836438
1968.0,49.21691866000533,117.39870311535263,5.067569258371489
1969.0,49.685626975258444,118.66862874922293,5.347429396155903
1970.0,49.89530997220511,119.94942490222057,5.548867425203628
1971.0,50.012373410644436,121.06060482682955,5.632574629448977
1972.0,50.230550292323045,122.12221885805653,5.609748527575194
1973.0,50.56485600239107,122.9843478380185,5.51025248801329
1974.0,50.78832736005343,123.37027726014104,5.343917267535446
1975.0,50.875200587412046,123.69469860436418,5.296321321298964
1976.0,51.33908505084805,124.30805135782624,5.41990065918536
1977.0,52.168733953805734,125.20258776815031,5.61049817994696
1978.0,52.97381334178055,126.23721370375425,5.778076079416409
1979.0,53.37738496613516,126.90497909982521,5.941389772511425
1980.0,53.19324872838064,127.06679727874626,6.16902499100484
1981.0,52.88197134672076,127.14222076309296,6.424580093074291
1982.0,52.89354653020141,127.40213423908406,6.627971367554702
1983.0,53.134531868303434,128.06855918697875,6.650790250017013
1984.0,53.11742122008301,129.27826008297725,6.553011469213503
1985.0,52.75017164955419,130.974607683407,6.413563290351933
1986.0,52.34039039523617,132.9293264379036,6.288977681626896
1987.0,52.072917085985495,134.89120538042,6.192098577788273
1988.0,51.82952107360552,136.56850450550783,6.0629730476564605
1989.0,51.52403701464466,137.55895430095373,5.9461144336140475
1990.0,51.30398334986402,138.45330621789492,5.877695140521388
1991.0,51.22315815024522,139.15986899993305,5.807737300662563
1992.0,51.13806487554926,139.26030641630538,5.676757742727562
1993.0,51.097351538553326,139.32167033229203,5.494738050234778
1994.0,51.245098244537154,140.08958078676693,5.323639150543613
1995.0,51.419954009548064,141.54477789965574,5.140494751993446
1996.0,51.46740949824101,143.15692146114245,4.928783001840787
1997.0,51.32667235714388,144.49196178849365,4.744317296415345
1998.0,51.28557805956921,145.4382830357938,4.51505547545868
1999.0,51.52589140220215,145.90083549094493,4.19283763730548
2000.0,52.09013741382507,145.78042725424618,3.893994545582076
2001.0,52.49585738700626,145.31990156628322,3.7559796224643
2002.0,52.693994476518924,145.0062826786947,3.7030029979789454
2003.0,52.828811855418195,145.1390041660669,3.6368644179099907
2004.0,52.90807144421464,145.4516332769223,3.5139302792859204
2005.0,53.156036441371455,145.65945730953706,3.4004141122885922
2006.0,53.64733708257307,145.75652928557696,3.303557760437256
2007.0,53.747410283782,145.7787663655111,3.2328269065605766
2008.0,53.233170205264386,145.8395466137326,3.2610430449117884
2009.0,52.409414341198,146.16897870252063,3.3965703412153956
2010.0,51.70642334212298,145.99749100024664,3.5659472996865604
2011.0,51.16775306494683,144.68776862983194,3.652355306771777
2012.0,50.662849355367364,142.94512323227534,3.5677497137074883
2013.0,50.16258702783822,141.97918100101293,3.3538057194516164
2014.0,49.65748410342035,142.0758869928722,3.144121103498981
2015.0,49.42355189217373,142.72881744204724,2.89049988961488
2016.0,49.47957037961343,143.56348594879955,2.597753696498523
2017.0,49.665630686951005,144.36990420593978,2.2947063236060163
2018.0,49.719883153647906,144.57670850451038,2.0331016351918128
2019.0,49.64981000467215,143.8897010493751,1.8654879011608227
2020.0,49.516187764134074,142.87733281409464,1.7790029132215823
2021.0,49.45314525978658,142.21099607071503,1.7388414619759043
2022.0,49.65038949096056,141.89504333702496,1.728032684698765
2023.0,50.20247951520007,142.04540745465854,1.7687553787560972
2024.0,50.77865446842622,142.58099376730829,1.8647354874081126
2025.0,50.93560310635163,143.19374915284408,1.9346425064896327
2026.0,50.45198166499011,143.442714944033,1.9250037667695024
2027.0,49.52911009440241,143.75086592988663,1.89236174866596
2028.0,48.47468680624731,144.42949281343448,1.8936891905504398
2029.0,47.6091882874598,145.53717628536344,1.982337535456908
2030.0,47.20266616710613,146.50517663882601,2.1573394814776337
2031.0,47.05897094010222,146.86279080142467,2.4281479242424338
2032.0,46.986413754631336,146.58599072722643,2.7962404991776157
2033.0,46.71377065485729,145.97615354573992,3.2048747230246315
2034.0,46.35195978545257,145.68009714518507,3.58399079707761
2035.0,46.20359221738111,145.8082064049255,3.7647493825403644
2036.0,46.361341861297326,146.54186014369205,3.7257481674768784
2037.0,46.77170652920586,147.97349662930066,3.6442077329482565
2038.0,47.48097542380041,150.11274513016545,3.6362596773003264
2039.0,48.357094462794905,152.45077444743575,3.6558713020682245
2040.0,48.8962203683289,154.49833528953295,3.653583338709312
2041.0,48.72208652219506,156.47235379970317,3.679354051614778
2042.0,48.257695543756334,158.49915770092443,3.698743012231489
2043.0,47.802682201304634,160.5980215288926,3.7198976923751768
2044.0,47.66027300223685,161.9233762458075,3.8041904478355604
2045.0,48.219436120146995,162.55402824537677,3.942678246238623
2046.0,48.6493936412916,162.9913326329387,4.021967197327119
2047.0,48.39263026856457,163.6107979120262,4.000037920089871
2048.0,47.81754170752441,164.35925620750277,3.927357913684313
2049.0,47.4028226414538,164.74463370199575,3.9361297789318765
2050.0,47.20627389339684,164.92346057493864,3.991714015546405
2051.0,47.11988357032915,165.32094688336443,4.023190354952424
2052.0,46.939029409449226,165.6841185040932,4.088496819490049
2053.0,46.82313244832331,165.73687508418394,4.184256351659339
2054.0,46.78198745533825,165.60596247955593,4.252988115796309
2055.0,46.615496900141984,165.78300310043602,4.235105930731289
2056.0,46.555086894314606,166.00768373441753,4.178795382668245
2057.0,46.92923475064108,165.59756054789827,4.1833858945959435
2058.0,47.53548433944325,164.91287975560738,4.1466073284104406
2059.0,47.72869371702701,165.06872481593288,4.006935523739596
2060.0,47.612956695903065,165.41826996544165,3.774898568652433
2061.0,47.35267697035587,164.78867503363708,3.5686240398136437
2062.0,46.82828887087683,163.42254874342606,3.4233029100846597
2063.0,45.75696151965221,162.11732885902052,3.2828844928782397
2064.0,44.79445328609623,161.52036698033967,3.1526176814791134
2065.0,44.33496199559818,161.5019769764787,3.0663193750846283
2066.0,44.32258879475028,161.56999283266447,3.028955228824572
2067.0,44.17523313195852,161.71513033245697,3.024415037267011
2068.0,43.666821729273764,161.84770469477272,3.0277661722800624
2069.0,43.176477116161,162.08945421934834,3.028002475374922
2070.0,42.90427965345523,161.70594186515262,3.071394874314202
2071.0,42.67825795039922,160.75883635141264,3.1233083241203277
2072.0,42.366624850507804,159.71099672848584,3.0709225129668485
2073.0,42.23291244806799,159.4968497472867,2.95037442635716
2074.0,42.5454711384521,159.8743473996747,2.885360727334202
2075.0,43.51496730481501,159.98631343198696,2.8623525989202765
2076.0,44.473163793562875,159.6363587094318,2.7943674514195456
2077.0,45.02205387584711,159.06261387048767,2.6907340155084905
2078.0,44.97178512319835,158.6157892236036,2.6310071112402023
2079.0,44.78436275285952,158.47471761019867,2.6533144281280574
2080.0,44.451799993199266,158.63393834641184,2.7396387745805764
2081.0,43.88819975350365,159.08780936160258,2.848732065338813
2082.0,43.14111856246201,159.65871260050966,3.00158604907396
2083.0,42.468191005036545,160.646788365015,3.2066375766273425
2084.0,42.10181783706665,162.3296852864382,3.3196427500481427
2085.0,42.11097633292464,164.24255916328272,3.29455824242724
2086.0,42.176264998815356,166.12646845019273,3.1868233600897593
2087.0,42.015294275789124,167.63519317269706,3.0714605948988902
2088.0,41.52707785766146,168.87826678945876,3.0314263894186557
2089.0,40.93513670223871,169.84828872458593,3.03148179144801
2090.0,40.55192503578764,170.30651394265135,2.978056746116184
2091.0,40.2017253073373,170.7994494756138,2.949751530703765
2092.0,39.91199736033684,171.2242402020562,2.9674509817142276
2093.0,39.4275181387356,171.68614040367365,2.9662315889710142
2094.0,38.890672125579506,172.38812533265624,2.9224696739096325
2095.0,38.2522266525984,173.21291623624958,2.8984849347391877
2096.0,37.36962751465085,173.6597551612073,2.9229242538121927
2097.0,36.45755739372817,173.6095592961699,2.9782514778188767
2098.0,35.87026473469027,173.4554634632907,3.0466241184922596
2099.0,35.70821257761071,173.63823087859603,3.1590367941398436
2100.0,35.47870489122411,173.98992524124938,3.336784738361712
2101.0,35.03236106061651,174.57808833235202,3.53505430787948
2102.0,34.355766008965055,175.33324124344682,3.7093994611548173
2103.0,33.55180693522947,176.56819684956537,3.87844301100169
2104.0,32.84754029187412,178.24756871047688,4.100239894542108
2105.0,32.52650620896196,180.07489643392145,4.3675045374948525
2106.0,32.537667076644446,181.72292017005807,4.639666630451331
2107.0,32.76562086800897,183.5991973378523,4.839089154857279
2108.0,33.26551855802063,185.97435682030155,4.926731811188062
2109.0,34.0350665291598,187.5579461935813,4.997344988284608
2110.0,35.041110797976636,187.6037615583301,5.103255667374595
2111.0,35.9907009605785,186.66888544470416,5.271587667398069
2112.0,36.64206594955714,186.1977151278923,5.484273365941503
2113.0,37.15780353754401,186.085678184874,5.606826048581587
2114.0,37.680413099875025,185.943441387664,5.671554871957022
2115.0,38.054636913220406,186.74492683349257,5.682468256359408
2116.0,38.12953931922817,188.85146864612955,5.648142525572053
2117.0,38.25757635379765,191.5706891431066,5.64817047421224
2118.0,38.85632626900713,194.21963712152274,5.707245460069956
2119.0,40.0200076979734,196.83874135011826,5.794692240758891
2120.0,41.29885319480183,198.91549834793875,5.865348122599687
2121.0,42.094404558483205,200.22449543797168,5.9865999004635855
2122.0,42.36451063488651,201.55617163036302,6.166536671296513
2123.0,42.1092825136389,203.71367049976806,6.337028316023339
2124.0,41.5051742431559,206.52525988125586,6.306457877037117
2125.0,40.737047644573295,208.99577068086342,5.92771305879783
2126.0,40.23058602359811,210.30551372393194,5.325875852550247
2127.0,40.67987999457648,210.8871546582149,4.805220951909217
2128.0,41.5793114831208,211.29136722818282,4.586057456327568
2129.0,42.78309861591132,212.07284350634984,4.535582648041748
2130.0,43.7805772927345,213.31753827685424,4.595014057610593
2131.0,44.87993126866208,214.62676785921684,4.5367722434994
2132.0,46.32634423819298,215.50958738792707,4.290913139729764
2133.0,47.315466895223686,216.15841656851015,4.0281719898988095
2134.0,48.085658159928585,216.79098228734637,3.8995666692972026
2135.0,48.9920563019768,216.74462827913533,3.7913603325648966
2136.0,50.146342803168075,215.58239874290027,3.6322629265221154
2137.0,51.23334426333313,213.99893917409867,3.4712333123876515
2138.0,52.02920270501696,213.14572757091568,3.3312130409532097
2139.0,52.493392240200464,213.00048806067335,3.1949862967600513
2140.0,52.475869804050845,213.08985160419843,3.0870082025947925
2141.0,52.04091560716344,213.42896949026223,3.0234888369803334
2142.0,51.69477546668426,213.721038170785,3.007261551608893
2143.0,51.72107331009334,212.90693218041574,3.0481174710656567
2144.0,52.25235638324315,210.94579141424956,3.1781339899529093
2145.0,52.74199492256594,209.10391865543338,3.40855635100176
2146.0,52.41314720496856,208.4140437542905,3.640533604172698
2147.0,51.29012435707951,208.57131345300309,3.769779261472963
2148.0,49.959174308307766,208.1912999461712,3.765203076268135
2149.0,48.8879438775138,207.06500809312283,3.605123322065413
2150.0,48.10225107162425,205.84768761813615,3.337648122928997
2151.0,47.665316522293,205.0885568868621,3.0418358358691218
2152.0,47.20040967344449,204.21013671221388,2.6876609184238642
2153.0,46.46698511723112,202.64210938917208,2.3745310938858495
2154.0,45.288801388126345,200.75492687836942,2.238313025694533
2155.0,43.834861813089624,198.78172712124686,2.214382741155249
2156.0,42.685669279008785,196.83540813510632,2.1449248629584403
2157.0,42.11547522315682,195.18650868822724,1.9675714419941908
2158.0,42.059070433500395,194.20673848110854,1.77603329038742
2159.0,42.213323523006736,193.51238344886713,1.6561398189681213
2160.0,42.285972543688246,193.1535056343246,1.5975353749173318
2161.0,42.18170417185693,193.64351229339414,1.592504955874908
2162.0,41.97806713289483,194.68930434582325,1.6455395882716572
2163.0,41.683664681628116,195.62664900413773,1.7171836196070607
2164.0,41.404809806797026,196.99210059090979,1.7138352337060898
2165.0,41.06216141479743,198.374697717067,1.6217589258193401
2166.0,40.423497938663665,199.26174791898694,1.5368988847419074
2167.0,39.42498831641041,200.3238667294976,1.5217091063165478
2168.0,38.41238619295438,202.01192251564942,1.5258958516502652
2169.0,37.92682898279692,203.79612727066763,1.5324676643522885
2170.0,38.16455132404253,204.8725624745044,1.539618613291416
2171.0,38.67129514941002,205.09176134693254,1.5126093403617855
2172.0,38.880100299341905,205.43478838235234,1.43174195353764
2173.0,38.7056742457934,205.96268884867206,1.3529696831700624
2174.0,38.190084141907526,206.6298470530425,1.264073448310244
2175.0,37.644317178802325,206.86267745890783,1.2059932284904726
2176.0,37.34827589946402,206.45889367375335,1.2051783429778227
2177.0,37.521295371748636,205.9411892900354,1.25272953890108
2178.0,38.08141255399321,205.93180694115753,1.300117543115381
2179.0,38.769425161207415,206.56689415309646,1.3361075841614398
2180.0,39.39505705586132,207.2581091916377,1.34716599135504
2181.0,39.80425953440689,207.487297963008,1.2993484825705024
2182.0,39.81513684742475,207.34466514752432,1.1887980294960223
2183.0,39.294150421701524,206.71018889104474,1.0299830788038722
2184.0,38.61611286251242,205.78708639514977,0.8535920784662209
2185.0,38.0718129127196,204.8034647823463,0.672820939058957
2186.0,37.85548939433499,203.93141157235314,0.5129357793616225
2187.0,37.87654581317777,203.75989653751284,0.39106790047180834
2188.0,37.99942988052742,203.71066351108232,0.3129924817124361
2189.0,38.150231045116534,203.85871996482223,0.2755971337043716
2190.0,38.29006816878755,203.88561215328772,0.2569129493469562
2191.0,38.33512967938457,203.94876469428792,0.28128379800780257
2192.0,38.0969787990705,203.969527032279,0.3474792194127424
2193.0,37.79175256150009,204.70156885489934,0.44208806050282107
2194.0,37.609860633498904,206.49929031271728,0.5445809913824362
2195.0,37.68837507367023,208.70520388095838,0.6300393482500324
2196.0,37.76356305054639,210.73500771353616,0.6850524773802609
2197.0,37.498880506325705,211.94594081011783,0.6586273774651322
2198.0,37.10135984576288,212.67935484433568,0.5698451580871919
2199.0,36.904840843165424,213.40574031228996,0.4656428601804841
2200.0,37.02784080456037,214.45601629608026,0.3730814042552101
2201.0,37.2561158834806,215.46051970133078,0.28622276370436806
2202.0,37.36722157119997,216.21720517288165,0.22347417290330257
2203.0,37.216839268238736,216.97526917966738,0.19107097444955565
2204.0,36.73286062734185,218.11838358001563,0.1875884646282256
2205.0,36.09736258079913,219.13911793044326,0.20017662976566095
2206.0,35.48750768646221,220.09833452437536,0.21624336789006246
2207.0,34.98503447318793,221.2086690182315,0.22395163970138418
2208.0,34.529959960582815,222.26924236154784,0.22428665458237437
2209.0,34.12933496800807,223.42775176575006,0.22472766897025004
2210.0,33.94497535598636,224.63776750900533,0.21859770051514885
2211.0,33.88715134809447,226.0708112180438,0.21399148798977954
2212.0,34.110690567539066,227.06200406515444,0.20198167111016413
2213.0,34.78592461221161,227.78382942433186,0.19694088366324844
2214.0,35.575073442105236,228.1418314801696,0.20593827008980847
2215.0,35.98316560849319,228.65337346087657,0.23798608010894898
2216.0,35.68898963568907,229.34596797895912,0.28180786977652406
2217.0,34.89953961937724,229.38728041649318,0.3121798945509721
2218.0,33.95564227615194,229.10557304281306,0.3132327923577615
2219.0,33.074180316423046,228.16044829146443,0.3009620477760063
2220.0,32.40207436752401,226.74746611891314,0.277239390553973
2221.0,31.98192924773597,224.81419977331694,0.25623343876840365
2222.0,31.80316880749383,223.07171124069313,0.23903455261456
2223.0,31.609864292451505,222.189894625381,0.21127391212697638
2224.0,31.15555741185733,222.19451283729975,0.20200790931841003
2225.0,30.637666330952044,222.38009369338224,0.2114512161630625
2226.0,30.29852823712981,221.45916189727615,0.23093038809170885
2227.0,30.079326171675064,220.61573280619098,0.24087636518306496
2228.0,29.979708503561866,219.8445740270961,0.26033135682463293
2229.0,30.044391630950134,219.74061444262333,0.28358321644110235
2230.0,30.21859809365182,220.45224252482038,0.29855722193521006
2231.0,30.50258545797658,221.56638718068265,0.29545990875381756
2232.0,30.894091037301905,221.89805819637277,0.3005530079971225
2233.0,31.265990112672,221.43387269372155,0.3153792846649599
2234.0,31.4527010296364,220.98957789912558,0.32942258572504085
2235.0,31.274976794964186,220.80432745328295,0.33677617710563995
2236.0,47.221945158688506,273.21748972364804,3.020819088657136
2237.0,46.73435904503582,272.2143166193177,2.8780413706663914
2238.0,46.44945988530209,272.37211996140604,2.7154209597198338
2239.0,46.596189620487635,272.92462952227663,2.484562927600129
2240.0,46.788972727981985,273.72793723782706,2.187149114297742
2241.0,46.92757434318135,274.35105377521955,1.9156928097188024
2242.0,47.25032565075708,274.85342101443075,1.7573423017484944
2243.0,47.5805645970969,275.83779694174217,1.7080687433154818
2244.0,47.81341933632403,277.38118587998486,1.7245673334865088
2245.0,47.83816605052628,278.50127671534045,1.781924984727017
2246.0,47.62371377139994,278.61868467271245,1.8977884275898567
2247.0,47.234972421294536,278.2806916465174,2.044267445525016
2248.0,46.750587941580825,278.96759058991086,2.268708659587356
2249.0,46.51492616229904,281.2308530575246,2.5257336164122624
2250.0,46.22183585617463,284.02941825880447,2.6894190454437292
2251.0,45.295604827380906,285.6132664413392,2.621001077619372
2252.0,43.97132023906051,285.42466850902366,2.4131253781325377
2253.0,42.767231653142645,284.57450821465784,2.290766885701762
2254.0,41.94308691433201,282.7093325974515,2.31198167860804
2255.0,41.38846854910447,280.40660897573986,2.3463762844541884
2256.0,41.10669315416403,279.2326365358445,2.3389391344040837
2257.0,41.290875053197674,280.1413186384753,2.3450383659902756
2258.0,41.97581958111752,281.771533353678,2.36663453100126
2259.0,42.73714349667643,282.6753845451002,2.435371889608196
2260.0,43.168839987504036,282.23222434155514,2.544014345411156
2261.0,43.27419311103003,281.1091986324223,2.575397707892885
2262.0,43.14382404229722,279.402097878981,2.495641183672022
2263.0,42.78067433884744,277.222080087159,2.402090600442485
2264.0,42.47656037383554,275.1637471705257,2.3755557213167644
2265.0,42.696659471992255,273.7551364492701,2.4339177511713856
2266.0,43.504573154856125,272.9708645662804,2.5598518741427636
2267.0,44.50349875922684,272.3378187607081,2.7103705960449025
2268.0,45.392193458906945,271.62557769902253,2.8577538705557775
2269.0,46.19682083694347,269.9552187958085,2.967161449279502
2270.0,47.115973830788526,267.1869897384604,2.956619173675418
2271.0,47.94763956095603,263.90242114293903,2.8388229058372625
2272.0,48.46900024313571,260.9346550702284,2.6752045992517735
2273.0,48.5336157397597,258.66824563171224,2.5484457387067443
2274.0,48.07631897126503,257.8171868185556,2.5325131884960954
2275.0,47.80483495250848,258.20138073821386,2.6764081802403856
2276.0,48.09860829726864,259.5362850726714,2.9302377398314383
2277.0,48.880460355834934,261.2266118370404,3.2684836078670405
2278.0,49.28541353070613,262.2291507670809,3.6093683916290886
2279.0,49.33766191637529,262.504889546567,3.8485569524276455
2280.0,49.136373134065586,262.0634103503378,3.9610336436230846
2281.0,48.86755288238494,261.4987619915752,4.042298676255859
2282.0,48.342317385324165,260.9771682168373,4.027371184337078
2283.0,47.58962592817037,260.92430047438495,3.8428235294064095
2284.0,47.15050455750625,262.07020789210935,3.6414711120432104
2285.0,46.8733767175561,263.8103884790984,3.548128507023475
2286.0,46.53473490702031,264.867321234581,3.522807252006204
2287.0,45.94857389260432,264.1741889576078,3.534898029543003
2288.0,45.21959462453567,262.34229879474805,3.5361255241525
2289.0,44.31201102416557,260.3059114701619,3.483089052720816
2290.0,43.35452550131563,258.61638291448895,3.3435812421053637
2291.0,42.71959809445408,256.99646699165737,3.1716757258344086
2292.0,42.352074788077005,255.68124296647738,3.045852919168584
2293.0,41.839878374812564,255.064760057424,3.020611256168736
2294.0,41.09755003710166,255.28691646324037,2.981016754218895
2295.0,40.44152638290756,256.41435184797945,2.8654790414553086
2296.0,40.096043710806825,258.0487469881459,2.7788985352481794
2297.0,39.8197600103058,259.8964007450272,2.818315416474888
2298.0,39.37084936781069,261.4166013972328,2.96182730085584
2299.0,38.774678396464886,262.5329712844807,3.0955716505562685
2300.0,38.247714203854855,263.35735997273156,3.2021377445232404
2301.0,37.92511632990338,263.4801708277858,3.247558679324529
2302.0,37.60086096186774,262.67003206444315,3.2278562163470736
2303.0,37.35312233627521,261.3133163307983,3.1588106814367487
2304.0,37.43413978778092,259.93021982423437,3.0540804198525624
2305.0,38.01432802833361,258.57838070357855,2.8834956558553744
2306.0,38.78125468877168,257.6263293440538,2.6698382552581608
2307.0,39.09794466182811,257.2272231030656,2.5441637030905104
2308.0,38.89299328822708,256.9727286731241,2.5230548419847825
2309.0,38.61386025278673,255.91680324057197,2.5296036639209283
2310.0,38.68901130401475,254.48048807797136,2.5533237504495356
2311.0,38.98191922479105,253.27802748669782,2.595825847508623
2312.0,39.25224536319834,252.5043052564944,2.560351276049453
2313.0,39.65543149224947,251.80090518284865,2.478041287121794
2314.0,40.27160773731276,251.08622180038824,2.3402361188759806
2315.0,40.824821092021374,250.70182842659355,2.22846381227208
2316.0,41.50766518976384,250.8492393766103,2.2371901046891236
2317.0,42.33300946260449,251.0105015415237,2.3334241558206017
2318.0,42.96917724562466,250.45982804030152,2.4064866714845405
2319.0,43.20298325445962,248.7740126689665,2.4646006100916225
2320.0,43.27533603456064,246.17151948270728,2.506511885882693
2321.0,43.509688875537506,242.88423650638455,2.4711704493785764
2322.0,44.05136932797471,239.9884885523755,2.433430056566981
2323.0,44.622683633250716,238.40048845136022,2.4894654939720797
2324.0,44.947747770156425,237.8599084812812,2.6752146745897227
2325.0,45.166256962522084,237.56784368343125,2.862397839137817
2326.0,45.534658479525035,236.32317415223196,2.98745505473536
2327.0,46.22850993787291,234.41398640180788,3.1063963447578957
2328.0,46.98931702372019,231.96486941140972,3.2306093741881603
2329.0,47.67279799812886,229.3951507106644,3.311209499387868
2330.0,48.78496739244686,227.54236712093658,3.296384586722729
2331.0,50.243459031235446,226.15826251113342,3.1851898911826004
2332.0,51.36567943713374,224.47675715764447,3.080630048411417
2333.0,51.60086561556306,222.33423173568414,3.1172620016828416
2334.0,51.64141338158775,220.17348648736046,3.2813088596219555
2335.0,51.95901770587775,219.01633129542415,3.44558929315562
2336.0,52.73342131887517,218.60976886118232,3.5754950194962434
2337.0,53.537620914638865,218.4974170721951,3.81263426337024
2338.0,53.97861339373349,218.760368710878,4.082485956924387
2339.0,54.31424182092252,218.75700831082753,4.3117237156079025
2340.0,54.74536525792321,217.51153436012004,4.542489306799489
2341.0,55.01479323884981,215.29177616669188,4.7658386356928055
2342.0,55.07554956844828,212.98499595027002,4.9240740808892305
2343.0,54.97965009724738,210.93408351160022,5.056962240237902
2344.0,54.87783061782758,209.6619489779589,5.242200342267336
2345.0,54.834317794090865,209.67995604008019,5.4266169798706
2346.0,55.019494061260275,210.6385586661099,5.557728122724564
2347.0,55.467259049779486,212.15399445835916,5.6583016070935095
2348.0,55.79935387011018,213.91278478892747,5.8089324920287435
2349.0,55.88726044317307,215.53057418959378,6.00171994534464
2350.0,55.84514042807079,216.65735915402465,6.132369547479865
2351.0,55.59879588072921,217.55133085335314,6.115919669786103
2352.0,55.10653291363605,218.4209517418794,6.0238949868827545
2353.0,54.81568671808596,219.41172134154098,5.960029622189496
2354.0,54.74950671073772,220.2437719548501,5.963090157263844
2355.0,54.916188164632146,221.3103302028669,5.988210216840721
2356.0,55.506658816902394,223.15629320407052,6.100398896690073
2357.0,56.42678122817987,225.7738623614465,6.309153657740237
2358.0,57.18316720300257,228.65835141622625,6.493978449711673
2359.0,57.47179373693563,231.39914704734548,6.502676512197852
2360.0,57.479092667000685,233.7259056007419,6.327352919237461
2361.0,57.21429841281903,235.51549225912632,6.1571835782546
2362.0,56.796338750977085,237.33868504029212,6.11086458746569
2363.0,56.52909258346393,239.12107799118255,6.128219223107441
2364.0,56.80548898328823,240.7798794149473,6.1062927565757885
2365.0,57.57664101360239,242.378458160053,6.048579792122323
2366.0,58.434220492907535,244.02472063450003,6.0594484178361965
2367.0,59.29408338030452,245.98625717563792,6.072715642658563
2368.0,60.03983059943279,248.16394792994564,6.058585659609912
2369.0,60.75239185313749,249.95925884797998,6.077523976516441
2370.0,61.41953060366384,250.6718620807957,6.102516228027123
2371.0,62.073362182225,250.4638149226039,6.075415225181347
2372.0,62.587341288469474,249.24931532635011,5.969874194222761
2373.0,62.842690620085705,247.10531327326407,5.8731818791855215
2374.0,62.94148439146097,244.6082962513372,5.810942412475329
2375.0,63.310029379329606,242.53631116496152,5.7835587760954255
2376.0,64.16191491863462,241.5552463982343,5.827163485839386
2377.0,65.46404846486651,241.78724942247254,5.987644905304261
2378.0,66.80109542118356,242.25080043721005,6.1902333195222035
2379.0,67.7526715486412,242.44600652858568,6.364239560005801
2380.0,68.2867329310937,242.08311456289454,6.466730903619169
2381.0,68.69383123801867,241.48464776483718,6.51274738407225
2382.0,69.20981224590737,240.40057725627216,6.463643183004159
2383.0,69.69098114392051,238.52426067928405,6.319210198483445
2384.0,69.98543860021461,236.4478723580173,6.204076769074496
2385.0,70.14500502587701,234.75421755095152,6.162827649168576
2386.0,70.41041589008493,234.2229774094595,6.141211116283824
2387.0,70.75847294748303,234.37711935246364,6.093328984503625
2388.0,71.18879334897542,234.35480707437586,6.131613091696736
2389.0,71.55566072473357,234.00133388159261,6.3054053488458255
2390.0,71.43079543067778,233.30035625167716,6.437519783893705
2391.0,70.68259105726898,232.18682869840904,6.451517602663088
2392.0,70.37290062653095,231.2972856843518,6.401417597863244
2393.0,70.95540599194017,231.09625375975818,6.27004534691434
2394.0,71.82548329806987,231.11888622057185,6.085620032334503
2395.0,72.28393275325756,231.1401752082342,6.054612103515379
2396.0,72.06510064839554,231.35617689760895,6.341973850555209
2397.0,71.79680187471044,231.64566193009102,6.905477317199701
2398.0,72.18430552023487,232.40682478061663,7.6177959060595395
2399.0,73.06566816249146,233.9266743761942,8.402244462826001
2400.0,73.64346689629676,235.33659878084447,9.065823997392464
2401.0,73.32410722221209,235.855089915778,9.530788157030452
2402.0,72.36703761889598,235.42991406059735,9.872518169416448
2403.0,71.23490060993669,234.60281984077514,10.165811661769
2404.0,70.48538321713903,233.88106363620682,10.376129826544005
2405.0,70.34577150107475,234.03668590192288,10.457392590036639
2406.0,70.67708220119636,235.22015438271214,10.462454858738115
2407.0,71.24658012965335,236.43179181711767,10.44369654737314
2408.0,71.76508083804238,236.88094912561886,10.454550153156102
2409.0,72.08987707592262,236.79063694352917,10.573388549720573
2410.0,72.13082444525475,236.67697233038027,10.775701143730416
2411.0,72.04594419261852,236.69153964930624,11.006232884634489
2412.0,71.8263385967724,236.99857203119305,11.225965440485497
2413.0,71.28952242646507,238.01176186295328,11.416585154490939
2414.0,70.42373905619378,239.20932171028494,11.628599638567026
2415.0,69.51978214391463,239.8808717543146,11.913297497660249
2416.0,68.88233300533315,240.33437235629015,12.233272144538063
2417.0,68.52806245608356,241.1103415003024,12.460925980813544
2418.0,68.34805600066265,242.41643310792963,12.584607255441
2419.0,68.1688340039775,243.72640771798197,12.645484277038062
2420.0,67.96253237914517,245.06926107375043,12.631234653649729
2421.0,67.5681060531197,246.5134714307263,12.516837381869632
2422.0,66.94218047603684,247.60822711131837,12.419262625650656
2423.0,66.30994829763506,247.7997613276513,12.299061695343278
2424.0,65.86307324526982,247.7139156562284,12.107479551289336
2425.0,65.77842335677522,247.59972871649802,11.881275410390758
2426.0,65.791737884225,247.92024403566924,11.741043079572304
2427.0,65.83483120259555,248.38513459794012,11.726421463139966
2428.0,65.96160902889606,248.5945828227933,11.84657138949722
2429.0,66.33510664920142,248.55367859032927,12.013624954376525
2430.0,66.81683890053682,248.7683424618116,12.14827435728
2431.0,67.08689354377557,249.94707921159036,12.100832586350009
2432.0,66.89353955802454,251.87097022110598,11.905940312562072
2433.0,66.24645178473084,254.38279798446683,11.708377237035373
2434.0,65.80129323726814,256.7920318258883,11.47996944361133
2435.0,65.65290542216881,258.2268099964113,11.251524113626305
2436.0,65.52679241801641,258.2702735462313,10.920828541329936
2437.0,65.2018306127015,257.6873758591543,10.565931823710086
2438.0,64.81211672575536,257.23302483218333,10.163823417093537
2439.0,64.36423323655399,256.7859700260866,9.809343570404865
2440.0,64.00787976252671,256.33440129207827,9.58749144734685
2441.0,63.689888733042146,256.1675022704643,9.442527578604158
2442.0,63.56452028242433,256.5116903151918,9.372511309208061
2443.0,64.00871517667632,257.1793301427293,9.326158256910885
2444.0,64.67741865810895,258.221222040571,9.389569964409873
2445.0,65.17232423829256,259.09500820211224,9.544442222981125
2446.0,65.22226395283266,259.5540761161921,9.711899284647522
2447.0,65.21074545802071,259.45005567746966,9.760605207742692
2448.0,65.3575673391434,258.41679692424924,9.682318923340551
2449.0,65.58856817848778,257.05714351220286,9.461165485368578
2450.0,65.93113612519296,256.21073551076773,9.134853885246725
2451.0,66.30353983902606,256.04798944880014,8.79234888951783
2452.0,66.76563843803147,256.01638586219514,8.513110130679902
2453.0,67.1782276858302,255.541631601224,8.427769614517652
2454.0,67.53974302272977,254.78620570720932,8.604791911063355
2455.0,67.76300489859972,254.39448263616677,9.032695019640293
2456.0,67.88320086909148,254.90851215038987,9.473301280767123
2457.0,67.77023790563224,255.77878604934222,9.749381759999999
2458.0,67.32758203297027,255.9363889120247,9.840732171654459
2459.0,66.56461870267592,254.74358920494188,9.793016493133386
2460.0,65.61397845630952,253.42140144046056,9.546721847933458
2461.0,64.56453546243601,252.0687900036154,9.228103379286424
2462.0,63.71130613942533,250.1795034571751,9.062021505269488
2463.0,63.30841146209205,248.13678129997535,9.10871320543767
2464.0,63.490833705055884,246.43565053825716,9.19377813450541
2465.0,63.72810778602883,245.49891367718453,9.262594050270021
2466.0,63.81848552402435,245.48466754334717,9.436131070651102
2467.0,63.679449266348584,246.21986166845815,9.70396625955624
2468.0,63.286075114400795,247.15807447069068,9.863916779195037
2469.0,62.71411224663461,247.12252714603184,9.758339234416084
2470.0,62.20003657453201,245.52222442992445,9.69072853104225
2471.0,61.806792617985344,243.2075610231528,9.829209665461562
2472.0,61.78145670314998,241.420009107819,10.07972655851942
2473.0,62.148792889633334,240.75737861790495,10.278930948238298
2474.0,62.581465766120836,241.12889935584698,10.519702330490082
2475.0,62.317602643670014,242.39746020851345,10.840088324949521
2476.0,61.680639817025295,243.23433045992604,11.211204968439063
2477.0,61.037843935837444,243.07519243335247,11.617883429882689
2478.0,60.38450427556089,242.5649150633589,12.075615131002019
2479.0,59.40845970072572,242.53724308872475,12.594631162683571
2480.0,58.322813309735,243.39371994397737,13.02715635732365
2481.0,57.52554872499682,245.2319662670607,13.46689860315438
2482.0,57.15167765936459,247.47157937929816,13.92930564340225
2483.0,56.86721445159104,249.32548794293157,14.095571095679475
2484.0,56.67777306011236,250.59353567863883,13.769605003126584
2485.0,56.469274028276416,251.62543878714897,13.326707906213905
2486.0,56.327556615046205,253.2372718696733,13.051144937725185
2487.0,56.0477354041626,255.4242798896819,12.913343730639374
2488.0,55.498216928633255,257.3307816317503,12.799491798672308
2489.0,54.87337852582056,257.77411848215644,12.715459024178092
2490.0,54.13290278044303,256.969644759998,12.666188594247568
2491.0,53.270806816488694,256.0951361971236,12.51192787519853
2492.0,52.36757919509808,256.2762133455088,12.12130501539693
2493.0,51.484359655230065,257.95781824964274,11.558531926612808
2494.0,50.87087812923917,259.57110055306805,11.030483623151497
2495.0,50.55588628809439,260.1302857428827,10.674105373570004
2496.0,50.26460610871296,259.6972212130734,10.511324392432254
2497.0,49.87875497136471,259.95113093476,10.414182542293588
2498.0,49.41672862662496,261.04625130670564,10.258002849713122
2499.0,48.92432871759556,262.3751405038438,10.01692375756481
2500.0,48.5210386240639,263.36238232751873,9.84322918914241
2501.0,48.343629121538896,264.13508626249484,9.791553437657639
2502.0,48.48585510138938,265.1492259614635,9.663296909751672
2503.0,48.76074353468563,266.35784416628036,9.53432610487157
2504.0,48.95418003658791,267.3820823926475,9.42860566997604
2505.0,48.87040659946384,267.1616565514802,9.332631886739636
2506.0,48.61499792385719,266.73177159251696,9.222481609945211
2507.0,48.42365182281026,267.0004010403825,9.16445120175749
2508.0,48.30777185783815,267.8955682256445,9.08836508134757
2509.0,48.26192525041452,268.480052150956,8.972562483528488
2510.0,48.199142269475246,268.0055338592551,8.890000338859329
2511.0,48.16355558401025,266.5398808482157,8.78172746933216
2512.0,48.23439373031013,264.87382824304706,8.675315477704324
2513.0,48.46917234314064,264.06083177763475,8.53098811225738
2514.0,48.6855227169014,264.3387416078461,8.301582315761156
2515.0,48.683176351075645,264.8423700343504,8.138572481040354
2516.0,48.5160233071458,264.9668451134369,8.175211232456718
2517.0,48.45753107920559,264.81833163551516,8.363003248890777
2518.0,48.590679680930315,264.4432004156689,8.631778659003654
2519.0,48.82338060264425,264.0545489348535,8.829314411907413
2520.0,49.29116603873623,263.94823456394363,9.052022479578728
2521.0,50.1995895757456,264.239025942068,9.28923893740708
2522.0,51.31216546206109,264.82430850473054,9.419848869150474
2523.0,51.91388203330748,265.6023468085596,9.368817475802807
2524.0,51.746540944867064,266.3753746013444,9.249689020472418
2525.0,51.458165251695405,266.9355097633692,9.121814622849639
2526.0,51.346868396421335,266.70019017762144,9.05535487486419
2527.0,51.37249890671166,265.7841486630423,9.179443415577737
2528.0,51.25466869477956,264.15733636344004,9.473141478282672
2529.0,51.11781170949218,262.8381032113149,9.75909659143988
2530.0,51.052928874450245,262.5820556340531,9.948680831993702
2531.0,51.29120664076521,262.9869536812562,10.000101002338575
2532.0,51.4263782169272,263.0094028525783,10.033001705724132
2533.0,51.24012759851217,260.81554294939275,10.106986456711688
2534.0,50.89816086644809,257.1325301199633,10.22321239011074
2535.0,51.06785614874795,253.59062641976567,10.304778219959811
2536.0,51.60334434044837,250.7702195306486,10.31682181588176
2537.0,52.00385237316853,248.552564280012,10.344168475770822
2538.0,52.170712006556165,247.89264108236128,10.479271421715278
2539.0,52.36328714365347,248.48654191124476,10.640047127610421
2540.0,52.7095600730223,249.07801644146838,10.865932024865742
2541.0,52.8738872288283,249.05929688774322,11.247936542091924
2542.0,52.69308651684014,247.94806519565088,11.746246621851254
2543.0,52.32953360581856,245.73820374585353,12.112696421653805
2544.0,51.774754702196525,243.1504631790597,12.117597709156001
2545.0,51.070117510262406,241.77585332115763,11.897432006593085
2546.0,50.71023412263266,241.5454052738726,11.700403657752679
2547.0,50.983171204940014,241.60313910512747,11.601819060545377
2548.0,52.242614302977564,241.002335268135,11.62181894642521
2549.0,53.77050286827129,241.11089987772993,11.769549824345063
2550.0,54.68179869125879,242.204612456272,11.954334048316161
2551.0,54.80217864685241,243.82613540517693,11.89455259608096
2552.0,55.04523747264997,244.40100907756624,11.706386684011672
2553.0,56.017351805123404,243.6047362671598,11.608633643880252
2554.0,57.377761231232334,242.22384612245168,11.61798282200309
2555.0,58.88354149014544,240.7183801407388,11.704204168156194
2556.0,60.5181860689266,239.49819736687846,11.788551915598445
2557.0,62.04044853858689,238.012215435486,11.936693529601122
2558.0,63.00898349478483,236.49304435373114,12.120444248187264
2559.0,63.50886953587776,235.49287480288444,12.27359315901557
2560.0,63.92880269202414,235.79434509925994,12.269371402139063
2561.0,64.2141774482175,237.20165513293168,12.235568223040044
2562.0,64.2179104530373,238.6077054321763,12.197759234944483
2563.0,64.0536398744962,239.8878042726167,12.21751216859364
2564.0,64.46321513775156,241.46469075326155,12.308836318039816
2565.0,65.20269881432982,242.77617955083102,12.34238073370245
2566.0,65.48970474263531,243.18028562273406,12.291621804649264
2567.0,65.25318346766696,242.92171209147816,12.140017365252675
2568.0,65.41397710745119,242.35929370488043,12.00890428745956
2569.0,66.39458722706725,241.71020898407423,12.029369245278371
2570.0,67.27620344386429,240.94434730019097,12.074198068156303
2571.0,67.24882529356238,240.55424687180397,12.182568881296616
2572.0,66.40037117037645,240.5917668784735,12.408823553908322
2573.0,65.62409572900441,240.9760670901948,12.750206643271923
2574.0,65.46651381139847,241.40113707985523,13.128438619168815
2575.0,65.81768934122404,242.02078198311344,13.479452068117528
2576.0,66.13620837631744,242.39985599043413,13.513273537077822
2577.0,66.40557858083847,242.32223575219376,13.342996568396488
2578.0,66.81214015086942,241.64665565094117,13.090164598105561
2579.0,67.37266511288463,241.10778284804599,13.015632847396619
2580.0,67.6710493808471,241.19225473784138,13.099303825159682
2581.0,67.72856384700061,241.60732532247792,13.189837444827297
2582.0,67.98632333647816,242.04344379815066,13.229162298647571
2583.0,68.10549374243178,242.60984021858144,13.140292082108648
2584.0,67.56144770284442,243.72380993146464,13.176397975781724
2585.0,66.77295742508453,245.12542517189797,13.177606552671183
2586.0,67.1145254467579,246.42773584852696,13.183152981048217
2587.0,68.48530825080691,247.45637412112487,13.152164529767518
2588.0,69.88949867683671,248.51439734896596,13.202534447252638
2589.0,70.68296820897733,250.43094909610483,13.348650762266692
2590.0,71.13837462970623,252.9832385438481,13.432544223396603
2591.0,71.40665441842746,255.5568888717044,13.473608507632443
2592.0,71.32287842407004,257.98954657480897,13.365177584940064
2593.0,71.12509889678647,259.5000588433905,13.208123261151313
2594.0,70.67136288959877,260.2484243671559,13.02585443766722
2595.0,69.57902519557423,260.99012387123025,13.104606992417388
2596.0,68.00983625116237,261.2364636240518,13.494457441018485
2597.0,66.59206075511307,260.5998897303771,14.053198838492932
2598.0,65.69393132304491,260.1772409883117,14.50898676342763
2599.0,65.27730983164001,260.89158361490934,14.688165323152495
2600.0,65.09200324955994,262.43806248357595,14.488496197933033
2601.0,65.23896059851812,264.3458566994086,14.087570989352514
2602.0,65.49161719296636,265.90490254024917,13.790613656969404
2603.0,65.50443777288382,266.594782627521,13.622384499784133
2604.0,65.32570557978626,266.2780564113362,13.646437018714897
2605.0,65.05279853880288,265.5301767882528,13.78297656636106
2606.0,64.89510500131503,265.28639033539,13.9973477636787
2607.0,64.70422392636523,265.9013411927496,14.290599817863542
2608.0,64.9078193694748,266.69083392720626,14.557408028514123
2609.0,65.62543335148489,267.3449876089038,14.704685112466946
2610.0,66.41703570038587,267.94618584912536,14.739605217414423
2611.0,66.45794108931948,268.7129310699778,14.856941833207937
2612.0,65.54020564327314,269.2035452520553,15.138534199213227
2613.0,64.06536724240506,268.8618605300387,15.537621448334262
2614.0,62.31507243642733,268.48507690924276,15.88529974496142
2615.0,60.63432432122026,269.0730337854687,16.070232823954857
2616.0,59.47237654866894,269.54520823693724,16.270536829197624
2617.0,59.08480221902978,269.0620134072914,16.528706234577346
2618.0,59.023716263218574,268.4452353709864,16.76976071576943
2619.0,58.90863087534549,268.00804712180974,16.816332964354615
2620.0,58.78441964984404,267.4589431139177,16.749705034448123
2621.0,59.33494663907416,266.94948985737733,16.801067778879514
2622.0,60.62251776434833,266.4160086114701,17.055993229251648
2623.0,61.908445978319364,266.1285141958065,17.38103718644155
2624.0,62.85086761830228,266.84025207936844,17.566620067701933
2625.0,63.69004196054889,268.5437032190156,17.722736238834283
2626.0,64.72524561446403,270.46415607839845,17.88652350479936
2627.0,65.73341936670201,271.86665325973877,17.942910823629582
2628.0,66.73001915816512,272.4853718703053,18.09563619841363
2629.0,67.896973761444,273.2033057918011,18.342746304070563
2630.0,68.9649986171209,274.37567570737923,18.71104608821529
2631.0,69.72935167732149,275.8280618682513,18.95617274391707
2632.0,69.98805308257452,277.04687831509307,19.09772419089249
2633.0,69.72163210370088,278.4399900917798,19.090562015758557
2634.0,68.96508946856417,279.6549542971773,18.830436795482218
2635.0,68.04670464151901,279.8786930642851,18.362836623862805
2636.0,67.75724076540581,279.1008419302748,17.945601742278
2637.0,68.38495408400338,278.0938954417562,17.54864895954778
2638.0,69.50369768957559,277.0398366423779,17.182863356673064
2639.0,70.46083473030878,276.28764006000176,16.811578455052395
2640.0,71.31036795513529,275.9856484724733,16.488556901800365
2641.0,72.07963305075626,275.7293290727982,16.214460509157984
2642.0,72.74052735065693,274.877124761498,16.106889768387443
2643.0,73.0839671687525,273.8915526153889,16.281299082684274
2644.0,73.30144781180466,273.4614219462943,16.64689148042765
2645.0,73.42153318285959,273.3478569199074,17.102431876934997
2646.0,73.40349268407748,273.74324893347784,17.3384675270471
2647.0,73.37907178976859,275.02905699504,17.24978335181022
2648.0,73.58468899009539,277.3951690635218,16.644040130042423
2649.0,74.07666644392567,279.49176841721334,15.845686438188965
2650.0,74.24459217052024,280.74289131191756,15.26723726278669
2651.0,73.89239176555718,281.22902044157956,15.152418295311133
2652.0,73.29875332148421,281.0340178187955,15.178390403943341
2653.0,72.77113021796814,280.05445982217,15.061997532723526
2654.0,71.92602440060945,277.89663860127496,14.888394366065171
2655.0,70.53167417937163,275.97979481174093,14.736340833177755
2656.0,69.20732414892659,274.7795718289341,14.702770831393792
2657.0,68.34878782298281,274.02463275167236,14.636194270896645
2658.0,68.19236193949689,273.50533154161155,14.467592276407169
2659.0,68.19051863095562,273.2379573373227,14.160595576892623
2660.0,68.2613383402457,273.0917995790025,13.791198996328129
2661.0,68.39704945273576,272.80417021944027,13.556787614566662
2662.0,68.72086411949132,272.4974928612036,13.585851069611103
2663.0,69.0347589098669,272.6479573508551,13.826636661720844
2664.0,69.10952019296069,272.9956805883997,14.112668439761249
2665.0,68.78140048135988,273.23697744507786,14.406885590635317
2666.0,67.71604814810976,273.3866535321627,14.586671173580005
2667.0,66.28354792705855,273.6674368514558,14.569601907078743
2668.0,64.96054497351783,274.6753468408897,14.38375938809329
2669.0,64.41024187699271,275.6419051732995,14.324103510345667
2670.0,64.83664631798676,275.3687766181253,14.486365847752975
2671.0,65.75990539609346,273.6020132740228,14.78892009013225
2672.0,66.53986093908175,271.85329684721995,15.081565492710755
2673.0,67.03473082817496,270.3895321846323,15.357363768832561
2674.0,67.400357769743,269.32336952676513,15.674982587860782
2675.0,67.45487822932193,268.72373479699894,15.841540529329158
2676.0,67.37252803792899,268.60041283628954,15.620181730674753
2677.0,67.66590248392797,269.2316545273936,15.051096050897124
2678.0,68.78193325395875,269.4567171476224,14.39327126556225
2679.0,70.02646211903316,268.57222640517705,13.872751311303064
2680.0,70.66699571479433,266.83371377397657,13.653870724696516
2681.0,70.33233025137379,264.992341648378,13.56024673672144
2682.0,69.78009549353152,262.8712486465098,13.590830880466848
2683.0,69.8450493051052,261.0541766621015,13.610653440576847
2684.0,70.61651340724876,259.90630415561697,13.588678890983198
2685.0,71.29757284539677,259.805481971242,13.448963575249781
2686.0,71.70988587383427,260.4647516775362,13.319265493346471
2687.0,72.23211727668296,261.0898603474245,13.26934415806321
2688.0,73.06342009633308,261.5238149094682,13.319106300150604
2689.0,74.08522337982303,261.86025360815086,13.520315100943572
2690.0,74.48436392879569,262.2818055744235,13.682047857130552
2691.0,74.11582937047382,262.4579560631265,13.669629833139062
2692.0,73.56702351830842,262.73765340208064,13.517240275805198
2693.0,73.90453954094751,263.0543880837313,13.343523600547014
2694.0,75.03062876653328,263.77205753340274,13.139690564112632
2695.0,76.49136538056702,264.811488456949,12.979052148871425
2696.0,77.87248150288997,265.81844811084204,12.768843944167685
2697.0,78.50016207940617,266.6018195992392,12.476571275894143
2698.0,78.47514635550361,267.69367336382044,12.141117856586275
2699.0,77.9824420993669,269.6967368927519,12.07354342571223
2700.0,77.43322854803257,271.38565383818434,12.409973573774979
2701.0,76.6158650457912,272.0508075282668,12.96043632367236
2702.0,75.85375844685593,272.07563909604585,13.410447168529508
2703.0,75.44462811267235,271.8212514350062,13.673983835138403
2704.0,75.16806802910209,271.042968280321,13.887496207499472
2705.0,74.93395018415283,270.6115057919281,13.954114974838907
2706.0,74.4118550544748,270.70612550778327,13.855744202337032
2707.0,73.6176532001334,270.58292189313204,13.746831288816802
2708.0,72.85052141164785,269.5326474283522,13.705829917438873
2709.0,72.91318943441932,268.2996137853451,13.747422149767655
2710.0,73.63142657752792,267.9839941501502,13.775827506800438
2711.0,74.24604561394254,268.4947385507781,13.618987799500038
2712.0,74.47583506180688,269.60518459983587,13.265291368633756
2713.0,75.01050027003005,270.58516592560244,12.914577844742789
2714.0,76.04200035621747,270.76799913687614,12.743898349081286
2715.0,76.91829890674086,269.9487331326072,12.789233046941838
2716.0,76.999936515039,269.27990720571506,12.698397264978723
2717.0,76.37123662481426,270.20992669861323,12.423008741730053
2718.0,75.77338443862699,271.54237412971526,12.08670757913306
2719.0,75.55668253682408,271.80407752551633,11.82594496799061
2720.0,75.75048821607342,272.213811092685,11.757136035733444
2721.0,75.95045738473954,273.5222878815654,11.896165056146335
2722.0,76.03504824333697,274.5423854769707,12.014309859105603
2723.0,76.04193565229946,274.24031048425076,12.15109326377775
2724.0,76.14673398313217,273.1938890492262,12.590444741324788
2725.0,76.23881877966527,272.2868807289403,13.258949241481679
2726.0,76.1634459404091,271.69297527062366,13.898223935115553
2727.0,75.594762888939,271.41814045909706,14.274765467799524
2728.0,74.58693997694868,271.9941395326616,14.272242499959864
2729.0,73.92370179071678,273.11566555115957,13.96946575935252
2730.0,73.77538562974802,274.6297495295531,13.584803852182471
2731.0,73.8266217273398,276.23492986754957,13.318033358446087
2732.0,73.45022515172207,277.22541908568417,13.32365882719839
2733.0,72.8405070036116,277.5104289144038,13.567685369337886
2734.0,72.53576760391731,277.2544829084065,13.79655668003629
2735.0,72.79811176354292,276.49630759044663,13.986341892291241
2736.0,73.27100000866452,275.29146981582136,14.148903088717672
2737.0,73.65150977001583,274.48756265191577,14.168898322387284
2738.0,73.67619723491664,274.6382563122509,14.003182110381108
2739.0,73.34105873198752,275.7346968633836,13.804054563316257
2740.0,72.71855931766576,276.65770095264526,13.815816099207623
2741.0,71.91897574046169,276.08066168726805,13.83350796282461
2742.0,71.5416496579621,274.22725225753356,13.708081872734434
2743.0,71.5582588633638,271.836830556627,13.547309932955704
2744.0,71.8625090354751,269.4030249251017,13.492812874001476
2745.0,72.27186144346166,266.90289848274483,13.527829060708878
2746.0,72.65024846110249,264.9233998125552,13.574748978310462
2747.0,72.6429782581484,263.8314213008502,13.590317419232752
2748.0,72.33546913178172,264.257046044387,13.525490088399026
2749.0,72.09059011623978,265.43448691505284,13.410306034351741
2750.0,71.84725787963538,266.4369060778934,13.141138232511224
2751.0,71.83722469229384,266.55622935147295,12.745510405908542
2752.0,72.26326910918027,266.19517967757207,12.369213665974701
2753.0,73.080405220755,265.3612124424552,11.992825289220177
2754.0,73.25592689138784,263.5225496028519,11.662565068179045
2755.0,73.04840321778194,260.1419826250113,11.469551096390404
2756.0,72.92813912065893,255.7479519898168,11.499878586015468
2757.0,73.25521615643973,252.17970585350903,11.52693711874455
2758.0,73.94134364866086,250.60942496506695,11.416525146304613
2759.0,75.14650948521066,250.74336380846452,11.303003387076481
2760.0,76.82663003592401,251.64837011998375,11.318512000418137
2761.0,78.6670448516358,252.40810831473618,11.33542654482875
2762.0,80.37410386657953,252.9463726518291,11.241745417904287
2763.0,81.74975208009332,253.0349908339584,11.10676384752619
2764.0,82.64235718915397,252.32308252942053,11.021618286660352
2765.0,82.95411728664972,250.70779644999968,11.064304553868404
2766.0,83.27614079949493,248.45532841141895,10.99545569612333
2767.0,83.6816972535878,246.35980767595024,10.724913747291788
2768.0,84.14427317131197,244.7865860907804,10.383586891099023
2769.0,84.16781021473464,244.06113240928337,10.139210200420022
2770.0,83.68769665168007,244.29945051005697,9.999332832722509
2771.0,82.86695158257598,245.47224865626714,9.989939277709711
2772.0,82.34349199040562,247.12859829801596,10.068904340360616
2773.0,82.51571439359026,248.5580765774481,10.152017005729
2774.0,83.25652306125156,248.9076873922807,10.138096393425062
2775.0,84.05636303623403,248.36360972981166,10.15396643053521
2776.0,84.69125230839212,247.72535106513791,10.373603850783203
2777.0,85.2099765402435,247.1641149308288,10.661340026655564
2778.0,85.61996620574519,246.6002822245988,10.911106060589395
2779.0,85.88386091144696,245.8200451266825,11.180768788995234
2780.0,85.69182535102593,245.02832577379445,11.50356539746361
2781.0,85.01693719673194,244.08096177057925,11.709983188096972
2782.0,84.17544597565941,243.38056092226785,11.745699702912
2783.0,83.81441665135753,243.04457636097132,11.655789705804676
2784.0,84.1527063222057,242.9272672661032,11.306979160007335
2785.0,84.62150809012549,242.633586316874,10.803789312455715
2786.0,83.95977035481923,242.45455833164672,10.4196290521428
2787.0,82.23237583711521,242.55422422435797,10.263235822302532
2788.0,80.83635923266806,243.18287739213824,10.182167901486883
2789.0,80.1544268257262,243.87665670266358,9.987922229397457
2790.0,80.1816215975332,244.11730805675472,9.631723981233572
2791.0,80.47153769517783,242.85571165244195,9.316049248087344
2792.0,80.93614409007807,240.16739210222505,9.18538737219216
2793.0,81.1664520454699,237.22896313267316,9.107406973602725
2794.0,81.16684178577222,235.21085418534688,8.997764358853116
2795.0,80.66076666859725,234.654032043399,8.835702745080999
2796.0,79.92512123763859,234.9034613581284,8.64783141293781
2797.0,79.5249639680967,235.0234615793585,8.399155004508385
2798.0,79.46862029661241,234.60816541685324,8.069624270644727
2799.0,79.66428837604522,234.849155136059,7.6616894757904905
2800.0,79.75919560602415,235.80478302796368,7.240346895547132
2801.0,80.10348271301403,236.44142488390577,6.850878661871623
2802.0,80.29863780626852,235.53577649035958,6.538907341791413
2803.0,80.10723641001317,233.40758195969897,6.275038026006761
2804.0,79.60072304393711,231.0266935035988,6.0671495990695705
2805.0,79.08968728272211,228.8621986350132,5.906093433294802
2806.0,79.0164515298816,227.25445246801237,5.781439865816999
2807.0,79.18888259766359,226.33137590755283,5.663278885079092
2808.0,79.54893203083265,226.45305502072617,5.535972343563384
2809.0,79.69189818653636,227.06451268873397,5.41510213018384
2810.0,79.4969287276692,227.1698153477653,5.379285572257116
2811.0,78.71148810798924,226.57137313180672,5.39005036456324
2812.0,77.92509151881065,226.01110828810954,5.382260104909023
2813.0,77.72745461345895,225.98519429847948,5.3298604360659025
2814.0,78.13658257615101,226.12448446158317,5.261144236121666
2815.0,78.51745799111977,226.66302163022405,5.173082635790968
2816.0,78.32991435146045,227.46202266325233,5.1474559810563125
2817.0,77.63428966298136,228.34589657881727,5.087228960059276
2818.0,76.73038420723691,228.7491886552401,4.899628246637953
2819.0,75.91042719878736,228.3563070490961,4.567759467718792
2820.0,74.73535968228069,227.2747634169203,4.241508657328828
2821.0,73.2477503954208,225.5551641306252,3.977477473584416
2822.0,71.91337447555816,224.65025711693858,3.7618155667632016
2823.0,71.54778454347853,225.4814059267461,3.5701077264660372
2824.0,71.7234266070954,228.19457745943234,3.386399379980184
2825.0,71.75061524949078,230.62174775028618,3.1956928442770085
2826.0,71.65095174061977,232.42353013188702,2.998530162339603
2827.0,71.76893250886664,233.90206438346613,2.842250481660101
2828.0,71.87444386855692,235.49212654338746,2.773084639531097
2829.0,71.46985781507317,236.94319570359727,2.7476801947238396
2830.0,70.81821980457133,238.20361068599297,2.689720738154976
2831.0,70.2634993140828,239.74924911990038,2.596875138753999
2832.0,70.33505805041203,241.18822897327715,2.4825356852816025
2833.0,70.75578489642474,242.22271776695547,2.366222015123468
2834.0,71.01245349926326,242.15436051299267,2.2384363957402504
2835.0,71.11777520467379,240.99472378850263,2.0952536734507916
2836.0,71.54162614408544,239.65880044943927,1.90080734798529
2837.0,72.4115267691439,239.84647797055777,1.7353351966622883
2838.0,73.18732229398677,241.27358635238178,1.6979731559077398
2839.0,73.39260814370297,242.59923312083902,1.7725309259417763
2840.0,72.79865901865753,242.6336243240238,1.8651151305131521
2841.0,71.9237140466093,241.28639160348388,1.9088721940887483
2842.0,71.27735562601988,239.0232622386572,1.910971257279746
2843.0,70.62108255780662,237.2358039323734,1.8909962682249999
2844.0,69.79633353640001,236.84168724044687,1.8142329244319295
2845.0,68.87441281779613,237.5885786374322,1.7046499819440024
2846.0,68.01966069800669,238.48005825033616,1.5828533783873002
2847.0,67.17523199623804,239.30976420474238,1.4482535608367646
2848.0,66.23218178180123,240.90453403480817,1.3035977436792026
2849.0,64.90865676883101,243.20418157382522,1.1651274160980625
2850.0,63.503073157930416,245.50581221097752,1.103841951103769
2851.0,62.417515812261954,247.56408796662993,1.129548962701808
2852.0,61.84628587694172,249.80937375109534,1.1904731546745635
2853.0,61.670979827297806,252.1028132771923,1.22971221599121
2854.0,61.631194809683365,254.3825370526381,1.24648270830801
2855.0,61.7762288919888,256.5661722123793,1.2665226391052546
2856.0,62.19644202634897,258.9333734467425,1.3120428276735845
2857.0,62.710778139167964,260.9127158858435,1.358674110697933
2858.0,63.025683233951156,261.6207217882155,1.3212163136542279
2859.0,63.356026371377006,261.28853051187303,1.2038159116917024
2860.0,63.5154703144356,260.92519471361317,1.0953821516176039
2861.0,63.50407755973248,261.3949488240371,1.0601667255502403
2862.0,63.15916593842178,262.8473601818699,1.09172489662096
2863.0,62.41923607368702,264.5922040277837,1.159507522034576
2864.0,61.5621614655661,266.0504855269057,1.1993655910833603
2865.0,61.317728799425346,267.50524443282677,1.2583092425779454
2866.0,61.73562735454911,268.3456018680583,1.385719155886433
2867.0,62.36267186013584,269.2069645699661,1.5776950638494223
2868.0,62.83691251611012,269.6605965694699,1.7327115582780006
2869.0,63.201270458979934,270.14980092301863,1.7635590602481723
2870.0,63.78104902479874,271.34212953216957,1.7510855731388097
2871.0,64.32416897401092,272.6867931053917,1.757600573957184
2872.0,64.44807191836694,273.5948239760601,1.7823002146935487
2873.0,64.4784960010071,273.4402765856791,1.7550135922409478
2874.0,64.94529283875077,272.6760064394099,1.7241007489370286
2875.0,65.9754885649315,272.4554261164333,1.7818517535440401
2876.0,67.32018676434849,273.27224343179876,1.8850890459117027
2877.0,68.36866062787132,274.24877811241134,1.9518457707408674
2878.0,68.8870533655098,274.9187536104108,1.8693091226382401
2879.0,69.04374723886517,275.63591935240225,1.7068580079194178
2880.0,68.79471991769307,276.82434243104245,1.6189371990676371
2881.0,68.50581701680433,278.0283116872774,1.61857169191638
2882.0,68.81165169697405,278.87461917806945,1.6712534972380901
2883.0,69.77854192789732,279.706255443822,1.7464040625102721
2884.0,70.82915042755145,280.9936178639281,1.8171181270674577
2885.0,71.47455509524725,282.82513817822166,1.8942677805024801
2886.0,71.6531080515965,284.62181449864926,1.9684021533659535
2887.0,71.18733926433582,286.3063869296319,2.027844438017441
2888.0,69.851023088787,286.8847615736271,2.019320320998968
2889.0,68.12313152695339,286.91755621669836,2.0155475505140363
2890.0,67.07778665920281,287.0519034928698,2.1308103591432026
2891.0,67.29918831946807,287.9733473813195,2.3267627586215407
2892.0,67.79404129356767,289.32539912413625,2.472464245371123
2893.0,67.93712528494788,289.8469043684399,2.5034025974330913
2894.0,68.0314205187778,288.83016503881686,2.4900708079374723
2895.0,68.38951728102845,286.8919099936061,2.51291655138506
2896.0,68.90729347115972,285.10126364177324,2.5146099129446653
2897.0,69.75102918981061,284.3732163910326,2.4098450413403536
2898.0,71.14040479387211,284.57128820484786,2.254838928898652
2899.0,72.55157665553698,284.1522877998975,2.1601088890201923
2900.0,73.41023141476485,282.80852854306744,2.2178306844021236
2901.0,73.77775525379667,281.88703658121636,2.4136660309489733
2902.0,74.13397699188103,282.4014079019617,2.6698008376143503
2903.0,74.26037487352035,283.5460230025305,2.885130566887184
2904.0,74.24119677946226,283.90730622127467,2.9825792213714113
2905.0,73.7070146493131,283.8991612076392,2.9824891064334023
2906.0,72.79753550118194,284.7771574917589,2.9622779435937634
2907.0,72.0988693855102,286.1772178685865,2.9865096116083265
2908.0,71.76352040961245,288.1258009551681,3.0492095506419603
2909.0,71.69007731554048,290.0554773801498,3.12246047203419
2910.0,71.65911193267709,291.81790473436223,3.209539216619316
2911.0,71.5689789467971,293.73268180902176,3.3426483097733883
2912.0,71.35234758173635,295.61064187929287,3.4680838932438083
2913.0,70.89471971475606,297.18304997532414,3.49068650857641
2914.0,69.85453269508383,297.7079552811146,3.52576367418289
2915.0,68.31607624939475,298.2129278519664,3.593606226279284
2916.0,66.8411031446759,299.2595842587992,3.5942080164289156
2917.0,65.60531763554411,301.24759550717476,3.487924792185769
2918.0,64.33758897064082,303.4713388790522,3.42760605302025
2919.0,63.333682579814436,304.88599263036883,3.4244482901917204
2920.0,62.82751147691533,304.9215505182093,3.40870556474936
2921.0,62.58807434390626,303.9255331503072,3.3438477763124284
2922.0,62.59554406436778,303.01517149912104,3.3036977147471362
2923.0,62.90892226371026,302.5018689716383,3.380417012368281
2924.0,63.12027176972251,302.66925675241214,3.5521990308710656
2925.0,63.04240201849119,302.20495902250883,3.7459655025210963
2926.0,62.886712018053075,300.7704073331503,3.849576789305146
2927.0,62.86679378290174,299.18272504840246,3.841841514995792
2928.0,63.02852474692238,298.34950134860367,3.7585234914097922
2929.0,62.931092165111046,298.1616450478736,3.71271049729704
2930.0,62.924517698055915,298.3968883838246,3.7496999152333563
2931.0,63.48895435969911,298.91456076474304,3.77102338089129
2932.0,64.65803657350885,299.64103648613184,3.6534298520996673
2933.0,65.79307802526971,300.7330990674655,3.45687638026329
2934.0,66.43425184175447,300.8447484319979,3.2564627793158407
2935.0,66.9800665166385,299.98011064676786,3.0517500302137743
2936.0,67.4106454992979,299.08400525961844,2.8356340194641287
2937.0,67.71999943092678,299.556419059207,2.571609195709013
2938.0,68.07538578983605,300.9319037295299,2.280660455836225
2939.0,68.63894432414477,302.1020372147259,1.9787239493097133
2940.0,69.09825558254961,302.6912008289243,1.7111826697976762
2941.0,69.31939806471021,302.5734708108199,1.5026430079875597
2942.0,69.60627556071,301.87766199915876,1.3566450783611665
2943.0,69.68775129664422,301.20617949608544,1.2377263829935106
2944.0,69.37284768568644,300.373924334149,1.189514237804132
2945.0,68.78385553189882,299.26026792044803,1.1922688675834225
2946.0,68.6373044282843,298.1927271018957,1.2299316152807527
2947.0,69.02353861124836,296.90095833953785,1.2662121830896835
2948.0,69.2090347315945,295.5565902359828,1.2848597917942333
2949.0,68.75631175001706,294.34823420821556,1.2866396660419601
2950.0,67.9204193009787,293.5377115124704,1.2970008012999246
2951.0,67.26065853451661,293.9810593494482,1.3311271789015227
2952.0,67.13036972265627,295.5363981718184,1.3784808940943079
2953.0,67.02124198835905,297.3919619615539,1.425618352734612
2954.0,66.5002395028704,298.72888481845956,1.5005620846594625
2955.0,65.85028788965013,299.06040627083974,1.5654392559775223
2956.0,65.39776270015243,298.7593520514578,1.6012163062758975
2957.0,65.05827740840232,298.711966316153,1.6424719540917447
2958.0,65.01568932142249,298.99735660909244,1.7104444193281603
2959.0,65.22772152517027,299.96447891726126,1.8072607634491202
2960.0,65.23365262166197,301.3532502265562,1.8946771213747442
2961.0,65.05381818729188,302.62621748210256,1.9800368726171087
2962.0,65.1558432476973,303.8895937400385,2.0874550441996726
2963.0,65.53024718879873,305.3195838483405,2.2274808196885734
2964.0,65.8429104274238,307.00063189492215,2.3528473079643843
2965.0,66.22985424397149,308.69010799419885,2.4502357186514945
2966.0,66.90329989582519,310.60626389775445,2.468639304475968
2967.0,67.50668814437135,312.04823590244854,2.4097510619245446
2968.0,67.31508785121756,312.88464508950835,2.3062431817966407
2969.0,66.62479922669043,313.2256475209785,2.241171547207404
2970.0,66.03984800912006,313.0913097186172,2.1965892267266702
2971.0,65.89309791885357,312.38567908087794,2.1446573847534145
2972.0,66.58061433333026,311.6978124557792,2.1101088736331044
2973.0,67.60411716644384,312.3531773459546,2.0986053652609598
2974.0,68.5902494061213,313.4239307407106,2.1316582543980025
2975.0,69.55419521749302,313.59833017491,2.1102972828316124
2976.0,70.40361457124298,313.1109624741965,2.0266131290060567
2977.0,71.09166675836578,313.8181780273959,1.887087708585872
2978.0,71.75188075875029,315.55758528504947,1.6808804340405528
2979.0,72.38264909923646,316.7819216177596,1.4421306915852514
2980.0,73.03459645691017,316.8681844347572,1.2447458565376042
2981.0,73.4564301876984,316.25116183528263,1.1779400367438917
2982.0,73.78275282187657,314.82877231354195,1.2195027405485603
2983.0,73.98570023624518,313.1919096771615,1.265601847605884
2984.0,73.95818403514714,311.81033099561483,1.2787042977316863
2985.0,74.05632605953816,310.82643190887825,1.3534321767106814
2986.0,73.86677804563814,310.3442175078791,1.53457489737616
2987.0,73.18017839322314,310.1716306440746,1.8052522534824977
2988.0,72.49484235102189,309.86213065696137,2.007501582549624
2989.0,72.44268593911669,309.0594311510321,2.0748827199099025
2990.0,73.21419195045264,307.7314356822739,2.048727210666754
2991.0,74.07577443990486,306.4290270061668,2.0547639086403526
2992.0,74.21759231574838,305.35298341169664,2.10022307279033
2993.0,73.91903974468545,304.4208980997404,2.1728055960124815
2994.0,73.78647821691136,303.93070289056703,2.1788588698214717
2995.0,73.91074361975622,303.79578173821875,2.1052414510628004
2996.0,73.97201554797212,303.924125923032,2.0057583408540807
2997.0,73.98707183684645,304.25240876276604,1.976186340784103
2998.0,74.21284451311878,304.4576404943045,2.0452153271550624
2999.0,74.73633501002148,304.3708885252877,2.126533047902964
3000.0,75.41315513199505,303.88654132932083,2.1953425514269456
3001.0,75.74333377989574,303.5644564708274,2.2460717160999994
3002.0,75.54022102085007,303.7824770673576,2.2849556317525805
3003.0,74.91089276064243,303.89842995406946,2.2998510480149603
3004.0,74.4308641675431,302.9752438787217,2.319528878160001
3005.0,74.68258062115241,302.2265211836063,2.3727158920323075
3006.0,75.96935955714895,301.9630855300169,2.4942741203809518
3007.0,77.87529408522816,301.7927032718003,2.6116639186983486
3008.0,79.51162796285992,301.424980596793,2.70436706112608
3009.0,80.0545766979702,300.86497740796193,2.8093804333564227
3010.0,79.74046292332243,299.9450162911589,2.90572596925338
3011.0,79.6815462009492,299.5235083364863,2.936546763951091
3012.0,80.1923214107739,300.5798297905182,2.8712255308548102
3013.0,80.97108090167771,302.54808178026104,2.78259767790624
3014.0,81.7369591391993,304.19731248886,2.704974144441913
3015.0,82.34508617667767,304.56686074552033,2.6166572269200796
3016.0,82.66989710478948,304.1615795499356,2.5288841852016968
3017.0,82.63344355198898,303.31996970379726,2.5328553801280904
3018.0,82.6706915917657,302.17540339487914,2.650685351365502
3019.0,82.88421838609209,301.3989929326468,2.8243192557666323
3020.0,83.01224707657248,301.0421314980616,2.9740177241000834
3021.0,82.95002660809787,300.82597567099367,3.0768139767348037
3022.0,82.90012105806413,301.1190431395239,3.18074869031993
3023.0,83.2525085115872,301.5314276816892,3.3289064367468097
3024.0,83.89450064549058,300.8608349794993,3.5211284396183404
3025.0,84.99349191367227,298.77955124250866,3.7312107598750086
3026.0,85.89170090163954,295.7514139045305,4.034874042866168
3027.0,85.93958101885214,292.8798862886358,4.431266867800502
3028.0,85.48191633257763,291.8910030178567,4.840322085358239
3029.0,85.03329360937602,293.73937619653793,5.123236549658833
3030.0,85.37757523680182,297.316587907774,5.275161941532084
3031.0,86.07093117665706,301.3541893778117,5.365634511162246
3032.0,86.31423958959941,304.9121266972169,5.525679725571074
3033.0,85.71588132218659,306.11118613359815,5.7018496384982535
3034.0,85.02388551076328,305.97198287540846,5.902879141931224
3035.0,84.90574473528557,306.3351812223116,6.096363700550402
3036.0,85.43731266423481,306.74320246060677,6.247254251631624
3037.0,85.73812154074946,307.39381987968295,6.4905386108276035
3038.0,85.31748849155129,307.4528982812378,6.796880048214329
3039.0,84.47199595569636,306.71422924233013,7.038383531223039
3040.0,83.81687076435537,305.54136780114976,7.281202383856902
3041.0,83.65857475198783,303.85578378643214,7.700414933932622
3042.0,84.24265942440002,302.4060987407735,8.353534137358572
3043.0,85.6197681893964,301.3449836754951,9.06016321011025
3044.0,87.23497179273096,300.0798405321937,9.607142942382723
3045.0,88.31482975031287,298.11407226679194,9.86957830333225
3046.0,88.51985230398114,295.0807548147092,9.908003517605499
3047.0,88.2072448252269,291.7513984819165,10.074217408045193
3048.0,87.92134787188733,288.5825563921912,10.409619469265758
3049.0,88.1322790656716,286.44167050744994,10.871564438950804
3050.0,88.62733636763815,285.6104279081602,11.464240460407865
3051.0,88.88287413632425,286.1974401982513,12.159388193807846
3052.0,89.07210451488756,287.64401816188223,12.856275150132928
3053.0,89.49035298714415,289.3032711200227,13.450418205654193
3054.0,90.04766093754914,291.2203745758648,13.816290090431702
3055.0,90.49328279096217,292.75078355807995,13.924832887968577
3056.0,90.98284470488197,293.48605625087885,13.80297727251579
3057.0,91.37914871930924,292.92297238265445,13.716570592059654
3058.0,91.50683807341483,291.7073103379021,13.879428858161303
3059.0,91.33001087033739,290.4594529452132,13.910482468227846
3060.0,91.24725774488333,289.7267010155808,13.615633219000564
3061.0,91.4608132258458,288.8560262356484,13.40276701878226
3062.0,91.9247606086576,287.28160238602294,13.517898171029913
3063.0,92.16126067631124,285.4834904722948,13.904839444226036
3064.0,92.14829413173408,284.6923230303011,14.360315176350422
3065.0,92.03992892628297,285.4494255937069,14.708156919762251
3066.0,91.67287190341973,286.8846738364884,14.81627589652673
3067.0,90.7175009283767,289.0838704841155,14.706400333160548
3068.0,89.33450472499395,291.32373491355304,14.509197862654812
3069.0,88.24895360731763,292.95988510775527,14.210158814383147
3070.0,87.85992830575131,293.8787262379096,13.805543653793439
3071.0,87.86727830062267,293.939394632843,13.524332004911605
3072.0,87.81634832450432,292.71358426150783,13.564436922429985
3073.0,87.4661302983291,291.05454136322925,13.671997208457633
3074.0,86.87617233706976,290.1529394189589,13.495191706246851
3075.0,86.0986000310116,290.2156039597974,13.01330222127234
3076.0,84.97232615225315,291.062655990711,12.599850561263315
3077.0,83.93773910504223,291.9095410230097,12.45681951290712
3078.0,83.23517419202634,292.3626479131725,12.47632967328213
3079.0,82.67561480481424,292.04275607982225,12.544164625456606
3080.0,82.05976450819287,291.8032257733263,12.518769299117542
3081.0,81.38636902830113,291.3820462443872,12.446779413600423
3082.0,80.80964299047021,290.46163682281195,12.395153793481535
3083.0,80.5354199136123,289.87217598607504,12.415787192506402
3084.0,80.40974343324694,290.4384108343186,12.315957635653415
3085.0,79.99952344991736,292.03847865408216,12.226113935122882
3086.0,79.11721478367306,294.0542154077624,12.329089906972944
3087.0,77.66857276802536,296.605443150832,12.67109246004484
3088.0,75.9026163266598,299.279336720981,13.106267841753679
3089.0,74.19234762373402,301.7222124641845,13.442819231340602
3090.0,73.07360419803241,303.3598705669205,13.697596191435379
3091.0,72.75129894874385,303.96931537546396,13.88239862146281
3092.0,72.92861700850264,303.7114381170088,14.051613232868423
3093.0,73.32861910980442,303.17625562406664,14.133373624711442
3094.0,73.62604046039677,302.5684256907145,14.198306082012161
3095.0,73.53801803632135,301.91220270305405,14.232937519711031
3096.0,73.13020017755765,301.3742618724284,14.290281367926323
3097.0,72.45622656088463,301.11778749352743,14.408286975126005
3098.0,71.72015897752678,301.3624914691184,14.716014368688892
3099.0,71.1089060152297,301.79070616907524,15.077106477966502
3100.0,70.48205156353075,302.0887627324187,15.155513234568065
3101.0,69.54766938647172,301.6652594628308,14.910927083171641
3102.0,68.28764291941175,300.92634148843615,14.507249347900423
3103.0,67.25089955366657,300.7457565299221,14.345739985438245
3104.0,66.50686345958646,301.2865464557079,14.607285979631287
3105.0,65.76205241815548,302.6622073701232,15.191089009789057
3106.0,64.74141715496242,304.38158804232404,15.615118139121549
3107.0,63.78035278073008,305.9859018115863,15.709055044032901
3108.0,62.99678810106256,307.1048010964904,15.64089396954614
3109.0,62.19161134053628,307.5500507287986,15.601939026042421
3110.0,61.616240568961686,307.4160713192569,15.620002931959204
3111.0,61.168722367417466,306.5351749566642,15.723664362617761
3112.0,61.01703775108451,305.02933273001565,15.703060716580737
3113.0,61.084904976957894,302.56819956233323,15.426822576760358
3114.0,61.23230363050471,299.7314437931593,15.178885037198501
3115.0,61.80359435051697,297.57403380676317,15.251998177609648
3116.0,62.933318635874244,296.67781264850873,15.716818449224718
3117.0,64.01023976954882,296.0840216351589,16.39984589937418
3118.0,64.21020255524108,295.56847295565655,16.958220497296
3119.0,63.58365581053217,295.00700570279326,17.258281190326564
3120.0,62.2462869415112,293.57694828938475,17.380193046007452
3121.0,60.82504800676058,292.19491541036433,17.458083591420866
3122.0,59.658406753677134,291.10506701304183,17.560188923856167
3123.0,59.16603111317115,290.3437341756275,17.700301622764567
3124.0,59.278853849900926,289.2710234514957,17.862389844831046
3125.0,59.68282306304417,288.17738772738534,18.058772857291018
3126.0,60.31538012035124,287.2866577313973,18.278796332566813
3127.0,61.074236722500565,286.3595027884752,18.41411559506247
3128.0,61.81431982432138,285.6869748836853,18.364272361330027
3129.0,62.08185000058925,285.3024916620061,18.213430413515372
3130.0,61.748339076364104,284.80010268102353,18.199884374490065
3131.0,60.695005555116,283.3816049427581,18.239394735868995
3132.0,59.0952047316743,282.11232335450813,18.285234581881486
3133.0,57.49210279661209,282.1819596561871,18.33844529674921
3134.0,56.37276405929163,283.07352018358006,18.33502001206332
3135.0,55.627830651773024,284.3705698600483,18.287764509735766
3136.0,55.04921203542399,285.05659391388474,18.147134640583342
3137.0,54.973275310924315,285.48236247931175,18.183628069724904
3138.0,55.32575468993683,286.0248488167778,18.506177815145332
3139.0,56.00833786722242,286.31167734593424,18.877848826819623
3140.0,56.50761989539741,285.71465201878254,18.957997581286197
3141.0,56.897972459965786,284.69070627822236,18.58503406613842
3142.0,57.400481095462666,284.26534794025656,17.91649120533677
3143.0,58.28185200067173,284.1449332181207,17.10706114770762
3144.0,59.48827941238941,283.95493852448317,16.163963926470558
3145.0,60.868283278316355,283.7546384952316,15.427975456626747
3146.0,61.97476630960484,283.6617525605139,15.206595178567172
3147.0,62.15960724685314,283.33665437662336,15.55256698448049
3148.0,61.36443149713937,282.63273976234444,16.02132149849449
3149.0,60.34310743578442,281.33866726428096,16.1298330414294
3150.0,59.861144396342524,279.4956914785751,15.930545218521866
3151.0,59.98412085210705,277.62154386320134,15.599207769688897
3152.0,60.50244699099098,276.0766616441141,15.156655153257107
3153.0,61.22265768769299,275.0785110476613,14.624888215470001
3154.0,61.68694383077919,274.1378581067388,14.04997021727442
3155.0,61.59165022201105,273.5563913505792,13.647470871477722
3156.0,60.77121908256969,273.1820239730897,13.564491062480078
3157.0,59.66535196465851,271.9866128540369,13.64503033848072
3158.0,59.17488025854353,269.54151587916095,13.658190581203144
3159.0,59.35951255447575,266.9543300229164,13.648362825372665
3160.0,59.5617405799051,264.87630757393976,13.733787976484003
3161.0,59.4058397321882,263.4380905360225,13.84706456625065
3162.0,58.830298862915626,262.5220419148214,13.955664138271363
3163.0,58.15364129842811,261.9058039837065,13.965947876399724
3164.0,57.467582863283276,261.3557568463111,13.663664385729936
3165.0,57.08278354037462,260.48554386361667,13.09493873875356
3166.0,57.108324570025005,259.2191113920663,12.516522155692877
3167.0,57.294571351851424,258.49530555963656,12.242656210967532
3168.0,57.30414951265719,258.74438765791155,12.29122276169136
3169.0,57.0516659291083,258.3253243974045,12.323353212530291
3170.0,56.853741380164,256.56716274685874,12.207016751595138
3171.0,56.82411459401858,254.48274854438807,11.852905648320109
3172.0,56.817717575417944,252.81896290943945,11.480119880644153
3173.0,56.68169861988002,251.21534092300374,11.14943193963378
3174.0,56.2829515743926,250.07628846773233,10.808044112729819
3175.0,55.511468821295644,250.0752915667379,10.513680895323649
3176.0,54.600219743174826,250.8550922668795,10.292106887178079
3177.0,53.74405848281125,251.36839474855088,10.14498298045862
3178.0,53.05589438769321,250.66439737260183,9.977911051899586
3179.0,52.64816244815864,249.26210852424018,9.773473326230032
3180.0,52.417862957129785,247.8612101756331,9.666446784099179
3181.0,52.502189190259514,246.92227659396534,9.619621272935044
3182.0,52.80782761641031,246.73809664904468,9.716191030505081
3183.0,52.53715212669276,247.13742816867915,9.974059919265722
3184.0,51.35993339564026,247.59244710168576,10.20368914261153
3185.0,49.88923498465345,247.64937891542104,10.324504633949958
3186.0,48.958912176925416,247.2786325726451,10.2796220618539
3187.0,48.561395994784526,246.64678031616063,10.211444383599906
3188.0,48.1289185987508,245.594562308845,10.12691643628109
3189.0,47.670029452234985,244.1146413163923,10.056970220638023
3190.0,47.55044417440267,242.23366152541482,10.01028561042453
3191.0,47.84717717095716,240.16368236449838,10.06383713428442
3192.0,48.02469126862681,238.44876413486764,10.220862198149224
3193.0,47.56280383428314,237.1572772878146,10.365585589012705
3194.0,46.776284520547385,236.19419546289896,10.421182268047358
3195.0,46.2506981067081,235.48749000048275,10.455273271982248
3196.0,46.18487551080807,235.70568837728186,10.573724840595075
3197.0,46.427691373508665,236.16942252676643,10.629592670597473
3198.0,46.66576274461993,236.04174838977903,10.635120976547023
3199.0,46.84350058216882,235.448169151629,10.641738755356839
3200.0,46.99298431652326,234.82990759557208,10.755447940136
3201.0,47.07438816598817,233.60079936394203,10.912268486339844
3202.0,47.20057923150077,232.28642064842697,10.965786339388636
3203.0,47.455667256518616,231.58042729224826,10.986789869616635
3204.0,47.69814741435102,231.78820643833342,11.110720025663607
3205.0,47.56174314632502,232.61588385816506,11.301953864166137
3206.0,47.101674783094694,233.30010422789317,11.343163655093822
3207.0,46.44145665195367,233.00241627537392,11.258677954801623
3208.0,45.81950409677174,231.61355633796094,11.126131828621062
3209.0,45.59625449435002,230.21506486535287,11.051112238606544
3210.0,45.92686209025089,229.5802772515812,11.097127891094337
3211.0,46.31676956558056,229.8816372009997,11.245471705369459
3212.0,46.30879219887759,229.9865506596378,11.433330623018305
3213.0,45.616977839688964,229.12771304409665,11.498446413546246
3214.0,44.73142787131052,227.9479015526987,11.563716294629462
3215.0,43.721372527108926,227.22875943054143,11.632124898429813
3216.0,42.472646762631385,227.3865430894906,11.50763510777349
3217.0,41.28147117683623,228.4424133281772,11.197278971145602
3218.0,40.56307165355368,229.9282761980669,10.995885446099713
3219.0,40.29051276026788,230.46508673506753,10.93844475978408
3220.0,40.2978270404433,230.4082686822024,10.983061555653657
3221.0,40.34846005599581,230.72108553686326,10.977868623865422
3222.0,40.07807826593801,231.7575530400366,10.985784895967589
3223.0,39.51165552026848,232.7128996782525,10.960318338960121
3224.0,39.04544473705129,232.69667817312185,10.693802081224684
3225.0,38.84032257362422,231.9596247029394,10.325766101396459
3226.0,38.814640681516096,231.8835099999775,9.95686848904036
3227.0,38.632308605822146,232.82781979463405,9.628790960779662
3228.0,38.37273155504257,233.92059723481194,9.318517864312563
3229.0,37.95125693881872,235.053356649468,9.042828130483203
3230.0,37.70094614561655,236.19357703040833,8.753901133602593
3231.0,37.71541400004253,237.11506000114792,8.47059678941526
3232.0,37.86569824247211,238.047793838886,8.26527615118085
3233.0,37.875522467721744,239.64851287106006,8.205098895101186
3234.0,37.87270150797121,241.3741468031714,8.152230653980098
3235.0,37.977476314037716,242.19863539644467,8.028647842462396
3236.0,38.12007710055514,242.07462688050572,7.977960682406561
3237.0,38.18464783061748,241.8497556485764,8.107534538710492
3238.0,38.18407179166035,242.1776096677383,8.408720858642303
3239.0,38.21357697434588,242.31513987834148,8.791154255242326
3240.0,38.456406702276084,241.79347610819283,9.17509604357241
3241.0,38.61521690631135,240.6392642784364,9.373466630202532
3242.0,38.51226616472203,239.96803300051866,9.27140791056777
3243.0,37.943589033044034,239.98447656445515,9.07594373458249
3244.0,37.442282523438614,239.9460175262849,8.827387197089287
3245.0,37.22989488056285,239.5770205026036,8.503821817162315
3246.0,37.26427744892202,238.98169974918568,8.216529238982233
3247.0,37.516336850876776,238.47841235959888,8.017498771383815
3248.0,38.05663083311203,238.47265163232004,7.894878259262761
3249.0,38.90883866351721,239.33393241481784,7.863144776487003
3250.0,39.6486109758245,240.65473302320117,7.8587587195639745
3251.0,40.11902673270557,241.84367348757885,7.77570079575181
3252.0,40.055279504089924,242.18937970548933,7.553650670297112
3253.0,39.52299370750003,241.52754815490047,7.3032589733430635
3254.0,38.712832781874795,240.22472016504025,7.106260809570127
3255.0,37.94928845122839,239.15514662089288,6.9553922209562185
3256.0,37.25716439798338,238.59224824669266,6.876737774068111
3257.0,36.70646274416366,238.2401498660976,6.813103164329308
3258.0,36.50624470310245,237.79375676033257,6.735006464758809
3259.0,36.7468879075789,237.3100298841143,6.654007368245514
3260.0,37.18722291465991,237.52769667433165,6.622352716209834
3261.0,37.369282493764004,238.81115367155283,6.5803098858195606
3262.0,37.19089981369833,240.64087479426203,6.460660768253341
3263.0,36.57876945556072,242.26677227350785,6.219795181690959
3264.0,36.073489346518585,243.0085263959956,5.96895910350081
3265.0,35.88977030849112,243.27626796358766,5.874940186045209
3266.0,36.01995996590161,243.39374958603167,5.9556499716336
3267.0,36.220583424911055,243.8068198032006,6.09944624461249
3268.0,36.33833333307482,244.60395336698753,6.178878390795601
3269.0,36.404151331032686,245.48906775023553,6.158565281062663
3270.0,36.640403377544885,246.4836299231562,6.00731178393124
3271.0,37.047458319441034,247.3307146299624,5.766486961390145
3272.0,37.61000745019002,247.8970602982736,5.473376617348517
3273.0,38.35178709435108,248.1909689038606,5.222092787654414
3274.0,39.19718164082287,248.8912624278925,5.132850198950712
3275.0,39.91241482805784,250.47596346135566,5.215579423629777
3276.0,40.409225097717005,253.0550010555846,5.357396444901301
3277.0,40.84845172973642,255.9368326970708,5.470037174378323
3278.0,41.13937252476335,258.21779897745364,5.57191063240046
3279.0,41.168062464171804,259.4776436462774,5.66156862990601
3280.0,40.87708469187948,259.82115420823527,5.710934695438439
3281.0,40.49698238452912,259.6759783687534,5.689464170380454
3282.0,40.095497755236345,259.72279042043925,5.577733261475149
3283.0,39.89081411944295,260.0485687734213,5.438161782417956
3284.0,39.94974695861669,260.50041829864256,5.30701373997675
3285.0,40.313901923396706,261.0016216457,5.198954601991424
3286.0,40.65602131791135,261.5625543527047,5.074449458025978
3287.0,40.528473028161336,263.10062937331384,4.7951624630216845
3288.0,39.912132051560306,265.62948382833224,4.506017508194004
3289.0,39.243395945868606,268.62214906755463,4.278271734282722
3290.0,38.915762937734996,271.4859027927287,4.089510633839823
3291.0,38.6792429603021,274.06597748142417,3.952935502184883
3292.0,38.24053065660327,276.3406365504521,3.910713059684244
3293.0,37.76478693979109,277.98377773378405,3.9420942579432237
3294.0,37.456174821025,278.7413744425942,4.051095336928889
3295.0,37.21846154698386,278.6057566318049,4.13781748323876
3296.0,36.94958560526773,278.0330408385998,4.125043134048847
3297.0,36.50468599431843,276.86114400154463,4.063123207904141
3298.0,36.22365477636973,275.3132627250709,4.012975906349823
3299.0,36.144288889345205,273.86186927090347,3.9289057781784975
3300.0,36.22273598133995,273.60855690084645,3.792239868477456
3301.0,36.097546068652754,274.91108941303116,3.6935693832038545
3302.0,35.76960417097642,277.10007208374066,3.6179458735566166
3303.0,35.65459470426492,279.2315189550795,3.541774909528953
3304.0,35.859682037192975,281.2585539894108,3.4633970036569766
3305.0,36.43605076175068,283.29828877793443,3.4427787920074757
3306.0,37.02662076196512,285.11732921493143,3.4419828773517485
3307.0,37.42762538033138,286.6220087018914,3.413154490458452
3308.0,37.50883219251462,287.8053917839565,3.387273318706622
3309.0,37.28016083757331,289.0193480238179,3.4627419554451366
3310.0,36.82959948298463,290.3464676547626,3.7007238776494336
3311.0,36.49223262421122,291.94992845315096,4.057423061867252
3312.0,36.35326654127635,293.8523662049033,4.386016048383063
3313.0,36.2445503068181,296.33881434902236,4.61382873438695
3314.0,36.04791381199243,299.3134993972582,4.760168070147283
3315.0,35.83842578123372,302.0628653479492,4.907759760606816
3316.0,35.87271962136689,304.3057397693887,5.0836518428141595
3317.0,36.152200528899996,305.443745649523,5.3255537828165
3318.0,36.62741826052219,305.28890797459775,5.556996195368677
3319.0,37.17353825651236,305.03079875134523,5.635855488658663
3320.0,37.341356857160804,305.8008092829879,5.516331140680153
3321.0,37.00744810560257,306.7678508790144,5.191367440077563
3322.0,36.609854870433004,307.20889647511785,4.823570374514352
3323.0,36.77451642478819,307.18701393633177,4.507378158723341
3324.0,37.21341851851204,306.9798476214385,4.251076022161613
3325.0,37.39905722519546,307.14472263987244,3.957895267549241
3326.0,37.56505311509031,308.3596613905872,3.6817205259610004
3327.0,37.918288642508884,310.18710904719615,3.423563351581517
3328.0,38.00317408644511,311.7968491423188,3.173930878022644
3329.0,37.65079151033985,312.8351799656401,2.90865514026488
3330.0,37.06708273438565,314.0259963167113,2.7059940411885477
3331.0,36.34493696559349,315.9599964049902,2.6577531126711884
3332.0,35.535425207350485,317.9393850383856,2.7128184365624164
3333.0,34.69077747200455,319.9971446370653,2.7665218147536024
3334.0,33.94968556157066,322.1168931620325,2.7278639844876227
3335.0,33.925359404304004,323.200507570173,2.6524326150764836
3336.0,34.344705773373505,321.81488515891203,2.608992989025062
3337.0,34.595355966454896,319.55446891300386,2.6723711403941
3338.0,34.293805431057514,318.1245907789772,2.736102917359642
3339.0,34.03667018643834,318.4779174826591,2.7899907168218414
3340.0,34.169886968132055,320.2155882432369,2.8582734153204092
3341.0,34.14961462029447,323.2497948087881,2.854088747203522
3342.0,33.67260749384229,327.3799539224817,2.791680608139936
3343.0,33.10972619233863,331.9528526916388,2.740000312106837
3344.0,32.71665919835571,335.7794691373391,2.666163493832028
3345.0,32.70607993679363,337.9600800765283,2.6291920070891552
3346.0,32.92349204919615,338.73539016522767,2.6383740424025626
3347.0,33.26863418759787,338.68727151073216,2.70294413440689
3348.0,33.7063512774611,337.65097424680414,2.7672423973593028
3349.0,34.15433105385508,336.09507061360506,2.828975885018641
3350.0,34.47040114827002,335.4519829840059,2.895398692918152
3351.0,34.59839914959135,335.36644257434716,2.9985085863128482
3352.0,34.33274531410802,335.12982342857987,3.005706570744917
3353.0,33.901178909840176,334.7329736673078,2.938803987007761
3354.0,33.830201738449496,335.15206039927193,2.946781718135333
3355.0,34.2392061283273,337.1584189953008,2.996584683994452
3356.0,34.924309428848495,338.956802902267,2.96484766125289
3357.0,35.35704695958906,339.43233921409563,2.8092556978422336
3358.0,35.30359508998413,338.0163056234944,2.6863489614127607
3359.0,34.84529589861178,335.65608363069407,2.690195516960402
3360.0,34.30665009590641,333.237601463043,2.7328486165010215
3361.0,33.78311516332834,331.30633322059504,2.7005943910531607
3362.0,33.44214498974182,329.79515586122153,2.6627106026572167
3363.0,33.43891530780716,328.9427343580622,2.6519923497673323
3364.0,33.679440185336965,328.6616424467228,2.6026600652209164
3365.0,34.09804053893256,328.23634296947364,2.4707608985917764
3366.0,34.171645551408425,327.896034080366,2.26526249522521
3367.0,34.01269406082409,327.60882856904715,2.07721107476089
3368.0,33.919772494915826,328.30225010865286,1.9448839736055406
3369.0,33.84512959540803,328.9757927320392,1.852974528173605
3370.0,33.74768322912639,328.477762241022,1.7652715743971528
3371.0,33.727712500692256,327.62150916707947,1.7019493800923526
3372.0,34.02130176370637,327.441173371881,1.6583208210949636
3373.0,34.506156324474816,328.0371713707044,1.6210048568678723
3374.0,35.04220639745765,328.69716107205176,1.591557073471104
3375.0,35.25925566541421,328.55232153723097,1.523430258181849
3376.0,35.31649423549734,326.5022153160072,1.498216171949288
3377.0,35.25905757566509,322.78919728481867,1.5424737824391423
3378.0,35.05804844934439,319.3089916011892,1.6634529473106725
3379.0,34.680938994413104,319.51183980121044,1.6984095276133764
3380.0,34.065083258014205,322.46279452116073,1.5972678866028094
3381.0,33.32869469435293,325.49956365751365,1.4935196597768163
3382.0,32.78306128074634,327.1729392807309,1.439540028737389
3383.0,32.36522026856545,327.9814183855878,1.4187761213287322
3384.0,31.826032908170962,328.8676614473265,1.3957968111384023
3385.0,31.294657656670356,329.3377641887501,1.3999835140168202
3386.0,30.81644439881234,330.27565518205125,1.46568286558521
3387.0,30.532595185345567,331.0834009610551,1.617066178678289
3388.0,30.24902078792456,331.59786201173677,1.7882928983330761
3389.0,29.837830802690434,331.9879805939235,1.9062164025113615
3390.0,29.38136514658232,332.3518463444256,1.999044975768257
3391.0,28.950583241388145,333.4238099651702,2.1010512646501227
3392.0,28.698928193900567,335.0052314687224,2.2227237707520398
3393.0,28.58762606116486,336.87029096518535,2.3673022688159997
3394.0,28.56318182410436,338.18987481366014,2.6162021487355522
3395.0,28.306220420916908,338.8108174604561,2.9405739191354288
3396.0,27.98712416309879,339.447007945773,3.212500168862214
3397.0,27.782266001103338,340.0893176358749,3.342581979701703
3398.0,27.826448328090244,339.718164788025,3.4957792118200897
3399.0,28.047540479090838,337.80622279212025,3.724382121801589
3400.0,28.206221874428064,335.1148539625519,3.9400847808475024
3401.0,28.197219252907058,333.7160081910677,4.0774761295733
3402.0,28.161185352218826,334.2004840785391,4.161897110902752
3403.0,28.1135866632456,335.91645787960834,4.243494775852291
3404.0,28.06887743032803,337.57663048007834,4.26725890054618
3405.0,27.847230950501952,339.12941451542747,4.245120539783141
3406.0,27.712143708771602,340.79589268532453,4.1930685735466895
3407.0,27.906214159658226,342.6235258393636,4.074572281506721
3408.0,28.479467769880376,343.79801200433775,3.904313038347572
3409.0,29.21491283204534,343.52729064629614,3.8070650322978286
3410.0,29.838006255286466,341.5925818075075,3.9051402869461285
3411.0,30.403072808573423,338.56841069223503,4.077598417853216
3412.0,30.897702779499443,335.28276135484214,4.057005104424739
3413.0,31.392668375405925,332.0244755110439,3.7626442614833957
3414.0,31.873982237086658,328.9159512342495,3.3060520814223535
3415.0,32.21005948413868,325.75784149846584,2.8384941277412725
3416.0,32.299571305418596,324.1053607641095,2.5363392132925453
3417.0,32.14235851359054,322.6690984772767,2.486707373357873
3418.0,31.728206472798536,321.8520042272636,2.521714558565933
3419.0,31.546297557538445,321.7690065734152,2.5306802422292165
3420.0,31.424557286042774,323.022262346964,2.457501659633885
3421.0,31.248369885782747,324.4708424949671,2.3100369166659136
3422.0,31.051462663322244,325.9368051162511,2.1570139514888647
3423.0,30.72118629476416,326.94464659125106,2.074015633625376
3424.0,30.182095330634628,326.2547168955035,2.041492186559361
3425.0,29.778448130129096,325.43601159279086,2.08033255996164
3426.0,29.758148631506945,325.6411612818437,2.1967990956096783
3427.0,29.943828942236433,326.6171433831758,2.26737130030849
3428.0,30.12455542277282,327.45304076245156,2.321115841325557
3429.0,30.076711565962256,328.3503954436074,2.35002924403986
3430.0,29.732607648716566,329.5335764717641,2.3623816034168095
3431.0,29.262048362250052,331.19326441263024,2.35718631503161
3432.0,28.911413003112898,332.1354692628896,2.3783356229109156
3433.0,28.896777875061638,332.76265978833715,2.3931312174720194
3434.0,28.969986691325857,333.48411052059913,2.3329909002446594
3435.0,29.191424149466503,334.2987685779209,2.2151499129437204
3436.0,29.32061037752783,334.72425618456566,2.126891329220902
3437.0,29.27414890890336,334.02463121011056,2.1114293677301887
3438.0,28.935055263961733,332.42027155842226,2.091127497307997
3439.0,28.32454159357153,330.9510193916693,2.0904117523648966
3440.0,27.71153348230072,330.3452178686621,2.063106866814725
3441.0,27.07666961572157,330.4827065457498,1.9978591925848606
3442.0,26.866106064096055,331.9623367760856,1.9090526931151726
3443.0,27.309152865856,333.92822937263827,1.8342885988399924
3444.0,28.333382472044985,334.8982321225889,1.7957544249200645
3445.0,29.365858287092404,334.74536290435907,1.8256483435068023
3446.0,30.052830977498147,334.2083991325656,1.8561083377030487
3447.0,30.321838500423617,333.25089729426946,1.8247802958256039
3448.0,30.19995839269326,331.826000830349,1.7736310165152123
3449.0,30.14145538643744,330.6705252778346,1.694061895751369
3450.0,30.222380577280642,329.69887717406635,1.5575369723345043
3451.0,30.322540917062867,328.6100409203472,1.3861213755126338
3452.0,30.63407269770303,327.3211562002858,1.2844308822580226
3453.0,31.72117230953015,326.495157457329,1.2708532007015627
3454.0,33.304133868088094,325.8901198682319,1.3345902013536224
3455.0,34.667512901106754,325.4912613239943,1.4043286183114383
3456.0,35.23799839495686,325.258154368147,1.5066162200535618
3457.0,34.94988801135958,325.30954688798175,1.6266684743955397
3458.0,34.26509246914057,325.35456173790095,1.7431423678565685
3459.0,33.80804951938224,325.93701959447975,1.7725326300885025
3460.0,33.85901055104317,328.0998361076032,1.7373358090561226
3461.0,34.351033694380746,331.09358662683934,1.6504311710315664
3462.0,35.03661066129746,334.74083025683575,1.5674552975783027
3463.0,35.578120523819656,337.89013926783804,1.5261901322308626
3464.0,36.21603429405937,339.1226409722814,1.5417758281446754
3465.0,36.9814405311753,339.1019112052224,1.6428211545582223
3466.0,37.52592734469691,339.0388860719341,1.7731713167509444
3467.0,37.37591103685954,339.38154847586054,1.9269327151256004
3468.0,36.95234984729581,339.7697773746233,2.083382948298979
3469.0,36.61586288641223,340.2350204352444,2.2041905218477225
3470.0,36.422183605707545,341.04401252143384,2.24607801060241
3471.0,36.48557503227391,342.17952158872015,2.202454296543576
3472.0,36.8475641711583,342.49783310954103,2.1493020747220317
3473.0,37.1679894523047,342.362293109404,2.184697044114085
3474.0,37.029039325824854,342.76557183066245,2.329451852492556
3475.0,36.60077589130341,343.9771175046564,2.4815041798856465
3476.0,36.09564079772045,345.17812143036775,2.6312227169414477
3477.0,35.74957008327514,346.2092640504963,2.7995768230809595
3478.0,35.49108706424334,347.44726142953493,2.9313545177336118
3479.0,35.37076089189007,348.7121132337483,2.9649626146286225
3480.0,35.382366159405464,349.67228085246745,2.888210279170661
3481.0,35.63654561500609,350.4319786950156,2.7355527526354226
3482.0,36.06578882930401,351.28485908728317,2.6184918193462114
3483.0,36.534560410744504,351.4692043153928,2.6002244914477455
3484.0,36.90879986327769,350.5702083053376,2.6199285030772628
3485.0,37.052642024128666,348.76131454870443,2.6327347354075683
3486.0,36.85091136617353,347.23799814056645,2.630329824226305
3487.0,36.46465795542702,347.0164181045353,2.6259979843771966
3488.0,36.52575379258908,347.8332357688403,2.654516659726563
3489.0,37.015449027443296,349.1986391141976,2.708592598374458
3490.0,37.60617522367877,350.9388915377725,2.7837905725384204
3491.0,38.1044279881017,353.1566584652331,2.801874020056805
3492.0,38.735608767014945,355.1284770536678,2.7206038862571025
3493.0,39.29881533055796,356.058289139587,2.6028297201097126
3494.0,39.469688264738174,356.0424366659342,2.6008780873409156
3495.0,39.12800844167271,355.9421126484266,2.7252163131973264
3496.0,38.8700008690191,355.5801617268521,2.9730270617951757
3497.0,39.10927111686392,355.29997837688666,3.27056016013038
3498.0,39.71310294098889,355.1952181046171,3.4833311538280336
3499.0,40.300909081020095,354.3873677705732,3.6158630806584444
3500.0,40.540349275918956,352.539479055604,3.6578647537213405
3501.0,40.63479437914159,351.01960137910277,3.6396195681736896
3502.0,40.86429775900683,350.8539509926433,3.534686931423216
3503.0,41.0112590348913,350.8000539598009,3.478104745839417
3504.0,40.84094372760864,350.3859459021971,3.4707238410268944
3505.0,40.374166932163654,349.1178877814393,3.482862001927563
3506.0,40.33811946430966,347.0540454648472,3.534531450822202
3507.0,40.86161626917374,345.0725634233248,3.5039617269615846
3508.0,41.67426989050055,343.52705377556475,3.4070089079237413
3509.0,42.44454509732275,342.47391177072836,3.2773517345430623
3510.0,43.08158822526982,341.8641026391427,3.269613024982837
3511.0,43.49104806794049,341.88353323181923,3.3763933875122496
3512.0,43.56859666010052,342.4208991688796,3.579963017924161
3513.0,43.278668452610155,342.60155508195083,3.80992024646289
3514.0,42.527880743098976,341.67321785275817,3.934222503977252
3515.0,41.802847361797625,339.7306894389682,3.9219836847040144
3516.0,41.564319088204996,337.0908014794706,3.8027213282205623
3517.0,41.562484538871395,334.9756538681616,3.712682134273623
3518.0,41.61843805718846,334.21706309442015,3.800012440967443
3519.0,41.66490610863866,334.5645352906207,4.0785326428935536
3520.0,41.88829975611241,335.44177335393994,4.386740825464848
3521.0,42.10911107003315,336.8708907750404,4.625365878062305
3522.0,42.38532599849788,337.6845169513524,4.748300130215491
3523.0,42.765611793208315,337.58474783451146,4.820024720752921
3524.0,43.02133131296163,336.7332744721892,4.897583265003528
3525.0,42.82683778963533,335.25181327650296,4.967341940886903
3526.0,42.25319936056521,333.67358016012304,4.956678626964003
3527.0,41.61398927513274,332.82165012762397,4.901805520204621
3528.0,41.092163014838285,333.33112661737135,4.853758752187553
3529.0,40.804365721070255,334.6667739170979,4.83190949583383
3530.0,40.768242494901884,335.9590590560122,4.826818491044665
3531.0,40.98488070523113,336.75296022083353,4.8621236963008645
3532.0,41.29280846981776,337.18513237879404,4.923493024019702
3533.0,41.534923981678745,337.75118135610535,5.028420906182247
3534.0,41.413401162887276,338.94445306385137,5.175728649518929
3535.0,40.93122092892153,341.0581361482228,5.364533775649543
3536.0,40.422357839535366,343.41232119264515,5.53624669098746
3537.0,40.022252495858204,344.8966721318129,5.627645547748127
3538.0,39.65924117165472,344.4374850426316,5.511354362278212
3539.0,39.059891543547344,342.45091283708126,5.161113088257388
3540.0,38.31139351613684,340.10921115322793,4.745189422338624
3541.0,37.46485564798931,338.5869145828874,4.403624773720771
3542.0,36.52372351567489,338.7092989679224,4.088835067175977
3543.0,35.67657250757161,340.28864645366787,3.79697609760561
3544.0,35.09064191853613,342.42223520362546,3.5756321109109557
3545.0,34.67475034749955,343.85438766398187,3.3913243023896196
3546.0,34.27969908952104,344.3909958774721,3.269577041759953
3547.0,33.944562393942284,344.6354889422789,3.222056197175516
3548.0,33.97155015244995,344.2589851818845,3.2322526128731557
3549.0,34.488062889560595,342.82753593800624,3.3104529953929007
3550.0,35.10502539256036,341.30744362512297,3.3368603270904
3551.0,35.51648888786944,341.0004811322187,3.27185403063289
3552.0,35.93932574660123,342.157731549587,3.14196859908801
3553.0,36.47639237705583,344.3916914232131,2.9922442275254113
3554.0,36.79640076709362,347.0315273727637,2.8184347121219138
3555.0,36.80976926947236,349.56551620450995,2.60730291651025
3556.0,36.68508789422656,351.4336344361131,2.4087181853008848
3557.0,36.430222292191345,352.45438707087055,2.2765898168108176
3558.0,35.98303100010306,353.2116390824567,2.2556055670333692
3559.0,35.506166587940115,353.9127380822086,2.35388961596881
3560.0,35.382342247211994,354.4889391476151,2.540624129936932
3561.0,35.417835524386874,354.6605421157055,2.7543931129758734
3562.0,35.16217474340345,353.67267963431,2.987404446648122
3563.0,34.78170026809752,351.83852378267744,3.2342687807251447
3564.0,34.79361904359903,349.9815009713679,3.4786002481203595
3565.0,35.24479586365722,347.79385829265505,3.7246711441153035
3566.0,35.77138873524644,345.0326478204648,3.962561375544355
3567.0,36.087270265568336,342.272102306827,4.204163739633062
3568.0,36.2751162588746,341.15672010780656,4.443338024858383
3569.0,36.49356513371197,342.0444237296932,4.646393819394212
3570.0,36.752511160738806,343.7886336304285,4.811144596653623
3571.0,36.89012784420638,345.521168830608,4.903506021311824
3572.0,36.849254261037,346.66421361856465,4.871520745678753
3573.0,36.777678245119276,347.01802051934806,4.700504283218329
3574.0,36.488296130437405,346.55123167015313,4.469893987745265
3575.0,36.11892216980204,345.6175152111024,4.281899770564032
3576.0,35.728410091044125,344.80647639777635,4.171457970169267
3577.0,35.60243934327733,344.5557856118417,4.137420302181102
3578.0,35.85516472916633,344.89728610236915,4.08877323199511
3579.0,36.40051570399032,345.8239194161832,3.9757810113683236
3580.0,36.9389852574642,346.6068376920524,3.8439735345091597
3581.0,37.17064552514116,347.103801496055,3.75033783592521
3582.0,37.21686733082264,347.7986795088482,3.675836634183123
3583.0,37.20427085654295,348.47833435288675,3.593341745740992
3584.0,36.96895084720345,348.88036722439375,3.5079831322763235
3585.0,36.44633903161452,348.55024107831,3.4479560212599076
3586.0,35.90196826866301,347.63826986162405,3.403137170097984
3587.0,35.42913197067476,346.85686875375274,3.4196344690516374
3588.0,34.963367248731046,346.5238035656519,3.541721048027367
3589.0,34.335512654433536,345.97646379986816,3.696230186191897
3590.0,33.813110041091065,345.3588013972781,3.8228053976321763
3591.0,33.3360195454155,345.24757794392093,3.8414477879077684
3592.0,32.871239499680925,345.71012958167375,3.804148240573857
3593.0,32.62413329957568,345.8091090764092,3.745370027027222
3594.0,32.76073402024245,345.1143123064814,3.640908692059241
3595.0,32.96527950464563,343.380814479745,3.482336861014202
3596.0,32.74555664234276,340.83115308483997,3.331831616763302
3597.0,32.20431703928026,338.33537915707143,3.2706633160161007
3598.0,31.638906923323397,336.2630652927757,3.2959212632038724
3599.0,31.47561375326919,334.75707394102204,3.3886818914377987
3600.0,31.534853518959654,333.92515574282953,3.5319000798117006
3601.0,31.66288096232577,333.926947290851,3.725483075816103
3602.0,31.82959017162961,334.54718493884934,3.8932810255092125
3603.0,32.11884514118893,336.1207969253343,4.008378062407297
3604.0,32.36501113965026,338.27675740967044,4.115869206935461
3605.0,32.32976221033582,340.18988884094176,4.158238432707846
3606.0,32.11740032347327,339.96083153999706,4.1003984866281655
3607.0,32.06606313252121,337.43128131684114,3.988505269938062
3608.0,32.387799582963446,334.2421726185349,3.8712378130289
3609.0,32.90784986852496,331.6993921267734,3.7836101564261764
3610.0,33.26474650798083,330.5599860446957,3.7365251858476096
3611.0,33.29324943211688,330.1873913596411,3.7550295027630223
3612.0,33.09949756445704,330.0234513397347,3.808282308561126
3613.0,32.887294594975145,329.8563685945456,3.9592755461152658
3614.0,32.76943313246464,330.23440665111485,4.198779253919289
3615.0,32.669477866969565,331.5657668726825,4.362087134263441
3616.0,32.5591404665706,333.7515990194458,4.415970093155741
3617.0,32.683348767031276,335.77520655538336,4.459102169653477
3618.0,33.21236263708224,337.2544973675776,4.5461919361924075
3619.0,33.919075241032594,338.35082431922496,4.546945053387756
3620.0,34.36120030849071,339.4742544018875,4.375007754439686
3621.0,34.55885820217019,340.9374891911938,4.11629984290489
3622.0,34.92809338080031,342.1991875661176,3.893601943593864
3623.0,35.553470974477456,342.73804883558535,3.7033986100118566
3624.0,35.946990808091286,342.1901939629106,3.5095273338155626
3625.0,35.65584220717672,341.51899879812595,3.3083155055164513
3626.0,35.163293699944,341.8514059710983,3.0265847603238982
3627.0,34.97817078555247,343.6447081412391,2.7801950478810564
3628.0,35.318759417356624,345.8524460485408,2.620033941000572
3629.0,36.002506003609966,347.3886681388229,2.5317659918488076
3630.0,36.754711475660294,347.5376147059877,2.492169511004849
3631.0,37.24215003753871,347.033060895811,2.4980027247605525
3632.0,37.30609206167854,346.57791358925397,2.583171975613505
3633.0,37.01587819632571,346.4498990325362,2.7299773170544905
3634.0,36.5045113833054,347.5306040951556,2.8648289182383024
3635.0,35.97839316302471,349.404356389696,2.956689741647618
3636.0,35.46258953624676,351.1948569150887,2.9791727603456812
3637.0,35.138998736053864,352.35297921919107,2.920159641548451
3638.0,35.09551803305782,353.00832671839015,2.768351000260613
3639.0,35.42329604209224,352.62826637422506,2.572654575972102
3640.0,35.965071316424655,351.5303673592604,2.407638049157903
3641.0,36.31696700031737,350.95700543491614,2.2995650704362562
3642.0,36.28237407508875,351.39063450975567,2.2452783497115845
3643.0,35.803345937289684,352.6596251197398,2.2281593802201614
3644.0,35.24385406666384,353.9129179303875,2.26218036010553
3645.0,34.74857979701477,355.3091464084646,2.3052772507646027
3646.0,34.473691654043215,356.73727472260197,2.27972852493146
3647.0,34.253264924062634,358.18470801637704,2.188000778147993
3648.0,34.12240199685073,359.5943882343087,2.1275869781425008
3649.0,33.96609336910969,361.26963829079506,2.0880771359254413
3650.0,33.81713756361519,362.81286347471485,2.061056151203652
3651.0,33.70323449222272,363.4130891663557,2.080768745169
3652.0,33.58744516628717,363.69408302503916,2.2058884587941567
3653.0,33.51760682944056,364.6759566732567,2.4143394382576706
3654.0,33.41193155772414,366.49056009618965,2.6358595969129635
3655.0,33.02707569379344,367.1396423611656,2.816202156676272
3656.0,32.07162753353306,366.80645993703934,2.8676234066823394
3657.0,30.798904925904733,365.927660379078,2.7744016820014616
3658.0,29.467442962699295,365.6650432131902,2.6149519954929423
3659.0,28.255139735269836,366.3768477695485,2.515663248098062
3660.0,27.418205881681708,368.33182609737105,2.473889617687709
3661.0,26.950020755320082,370.66411655042936,2.44200159879025
3662.0,26.92113951546459,370.94880105457213,2.4409310856222435
3663.0,27.192285314487513,370.16734515102223,2.520053825540708
3664.0,27.632862824139306,369.55306926282265,2.5606880142207
3665.0,27.851463725641967,370.1950770526793,2.4976859695676095
3666.0,27.695022332244488,370.47201088989715,2.4036645630903846
3667.0,27.407128374347607,370.0854018895348,2.26719181496809
3668.0,27.202030752114695,368.5054797941619,2.127377408059176
3669.0,26.960690432097508,366.3089969275523,2.0139348387101585
3670.0,26.61023233250385,364.71361439729515,1.9059695488604735
3671.0,26.364534501939616,364.4340851213737,1.7657617951080897
3672.0,26.257077605489286,365.16141074917687,1.6488545123752902
3673.0,26.273754186396587,365.45077556192956,1.560720931701949
3674.0,26.37196166647227,365.61797998511094,1.51169164337569
3675.0,26.607099042192445,364.98492386566943,1.445775379216
3676.0,26.753611691441215,365.2815387466128,1.355346342455165
3677.0,26.7867485135024,366.53177203828056,1.29905422531236
3678.0,26.748312013441623,368.2638182584412,1.2597668994678246
3679.0,26.805070134284918,368.7234655879283,1.1981914338248758
3680.0,26.99605727535992,368.01161585455225,1.1195622991415644
3681.0,27.2270496858657,367.5372119047259,1.0519166507488147
3682.0,27.46483052314822,367.24254124120137,0.9975474056517025
3683.0,27.90623529019527,367.5963461176051,0.9958921473004815
3684.0,28.566041498896816,368.5175963384513,1.0636699306640625
3685.0,29.185864712911922,370.4733589964939,1.198063979741988
3686.0,29.59156362543261,372.9536000771639,1.3253208656101558
3687.0,29.644250755024625,375.17320117923805,1.3650381006174028
3688.0,29.577249292699182,375.0386905121881,1.33877187621961
3689.0,29.637469064855754,373.5050495496504,1.3092936449896901
3690.0,29.827460788259106,371.884336024832,1.3493393254256356
3691.0,30.01321367242762,371.1088506840844,1.46498704011492
3692.0,30.278001697126804,371.4364221855125,1.5528239517095448
3693.0,30.327465881332618,371.54476146641287,1.499738745392004
3694.0,29.91810128524899,371.581739727713,1.378095045579785
3695.0,29.55331322108273,372.7883284711562,1.3004698515041024
3696.0,29.44200796744297,375.78956259661527,1.2920813201760026
3697.0,29.56546535248571,378.35952449177483,1.3010878748127122
3698.0,29.695036802868874,379.7069821133907,1.3014666445949283
3699.0,29.816650823115502,379.7351898948943,1.2878525880189649
3700.0,29.818022179438085,379.56334632920107,1.2780645948207359
3701.0,29.811915370434058,379.5753070495562,1.2702422660250623
3702.0,29.873737552067542,379.9954404781785,1.289127187802917
3703.0,29.839102572572926,379.6935875059782,1.2816508175560322
3704.0,29.468308254784002,378.6426775833495,1.2034884679918882
3705.0,28.82417160506498,377.64403977988724,1.0880842092125624
3706.0,28.29814362804001,377.42734361001266,0.9908738372681316
3707.0,28.021162047693497,378.20543944547205,0.928520585261153
3708.0,27.565534583521003,379.0758494988221,0.8540817050404682
3709.0,26.951274063420723,379.82134473375294,0.7902992018703074
3710.0,26.425061429415944,380.57268696045094,0.784504648151929
3711.0,26.07790241121562,381.5402071614597,0.8488379129760001
3712.0,25.921142831914725,381.73868059271854,0.9295949218743007
3713.0,25.741531927904372,381.1553175454082,1.0125580807143024
3714.0,25.48320184518855,379.331286592041,1.0624655385288961
3715.0,25.216474895856695,377.0643117443814,1.1194161176866368
3716.0,25.040967769844016,374.8885639185405,1.2270169246473615
3717.0,25.096839096917698,373.7788019295904,1.3317451732797694
3718.0,25.281452828983586,374.0716022762955,1.4302124002054142
3719.0,25.453011811564846,374.4268700167508,1.5199694971683848
3720.0,25.51817821489025,374.3267007955458,1.5887681087859027
3721.0,25.44431006442021,373.82437514107454,1.6019287757655627
3722.0,25.2632392244999,373.6566703137969,1.6379018618691603
3723.0,25.008089854351564,373.04624359432984,1.6859212699266963
3724.0,24.65658004329056,372.8928983443901,1.699150599186384
3725.0,24.149063545547914,373.7323221109555,1.6651604456881215
3726.0,23.686736732350713,374.7425825480147,1.5837131902674888
3727.0,23.5261731453834,374.5296702896933,1.5202659429874228
3728.0,23.7350472394611,373.4976051041784,1.4759383711145615
3729.0,24.054037265931576,373.28636645829766,1.437150283272721
3730.0,24.07920908823699,374.63178361962224,1.3743732443799557
3731.0,23.89504066009895,377.33332935334545,1.3133589982719376
3732.0,23.737156900371662,379.44901243016807,1.2078902624291723
3733.0,23.734502470887612,380.15537472761105,1.0715511119157008
3734.0,23.98353171658853,379.86779625018255,0.940065849160205
3735.0,24.33135506734788,380.14761551283016,0.8137022848880706
3736.0,24.507378962851842,381.61818670722096,0.720473985318612
3737.0,24.508279762799095,383.7432058235203,0.6497831355702129
3738.0,24.49584705766464,386.01641733024616,0.6143506856036677
3739.0,24.613827621382306,387.9552873322962,0.6101759970020167
3740.0,24.73794505092672,389.7663386277007,0.6357428630245224
3741.0,24.713685090350328,391.1440967269033,0.6695773632877848
3742.0,24.4769892945578,392.31103715324934,0.6758133232273957
3743.0,24.16494963821878,393.43403041792936,0.62714694786121
3744.0,24.11477138387566,393.9947640831117,0.560521278218496
3745.0,24.254800759002347,394.3074525949993,0.5095748553478144
3746.0,24.402899611825397,394.7946784994822,0.4841794723996036
3747.0,24.461733920280253,395.58507512294346,0.4813646009637137
3748.0,24.67936064226611,396.702817183128,0.48889069454769624
3749.0,25.025786846187124,398.09523699144074,0.5158644743574438
3750.0,25.11255009088322,399.4755100438838,0.5448056930390115
3751.0,24.89202354161505,400.7396119754526,0.5640445137792608
3752.0,24.58007781311701,401.6862494121215,0.5449515680097226
3753.0,24.2834460240558,402.3156076087842,0.49363808995406905
3754.0,24.001330036817958,402.45713469880974,0.4390414899162436
3755.0,23.836667177087286,402.2584605344345,0.40426529210595985
3756.0,23.828227729870562,401.6289266080375,0.38871240937080254
3757.0,24.10733257310742,400.7469896206759,0.3728042851405402
3758.0,24.653324246689962,399.9148581311934,0.3729406394525957
3759.0,25.318253355955594,399.4709142731214,0.3864560580048099
3760.0,25.897678051709786,399.1593597372522,0.4168059322339082
3761.0,26.327077056906916,398.6625246981934,0.46183165394908104
3762.0,26.62552518005257,397.9683056364832,0.49774609565611283
3763.0,26.8528253103506,397.4165110354563,0.4953262618777561
3764.0,26.870089852277825,396.8252154598389,0.46416663778101774
3765.0,26.747545546756587,395.73668485491845,0.42904007823248014
3766.0,26.884306197161308,394.1873115337179,0.3981812805982449
3767.0,27.238487599645204,393.02733484988556,0.38970333180457295
3768.0,27.532698245091346,393.15898094191,0.3886488057623617
3769.0,27.46073759202838,394.79929179972873,0.3972756192278416
3770.0,27.28923986722816,396.27200333953925,0.4174971839016483
3771.0,27.11082080729146,396.746077361541,0.47171124532126457
3772.0,26.96299454291313,396.7533054145959,0.5567544172896484
3773.0,26.839154834264885,397.1876942187303,0.6238384900001809
3774.0,26.832994149289025,397.60571882722274,0.651834868443668
3775.0,26.738033378295235,397.3336343130243,0.6445927220587024
3776.0,26.534653537975235,396.8721140196543,0.6475525833305106
3777.0,26.23213601652343,397.1196623689533,0.6490294493268497
3778.0,25.81936436541874,397.6551034973656,0.6546425672700225
3779.0,25.46093666253626,397.6744990327239,0.6869444323816322
3780.0,25.35117424722541,397.8054730530662,0.7534036715771241
3781.0,25.508434802238508,397.7812852470249,0.7922209734185618
3782.0,25.632298135968306,397.27467241336007,0.755746976049668
3783.0,25.47039776483872,395.64903897902366,0.6690965809208976
3784.0,25.135056411307506,394.8109759804218,0.5939797693626889
3785.0,24.946775458713585,395.7868955180573,0.5650548143536385
3786.0,25.163990349915174,397.35280592565175,0.5629598289361202
3787.0,25.398648157761123,398.9360456417985,0.5852180844204304
3788.0,25.217886688473957,400.0951932629244,0.6242660058376035
3789.0,24.633583838167,401.1626095626491,0.6514699914843483
3790.0,23.980451806557603,401.66510005151133,0.6555145816461027
3791.0,23.506192277442253,402.027614621239,0.6527784517626437
3792.0,23.171914775836687,402.3468089342667,0.6400139520760383
3793.0,23.019248418719656,403.30236361158455,0.6127477221465617
3794.0,22.900203613223123,405.02162549222487,0.5380901449018386
3795.0,22.61338120353841,406.3702905026626,0.4158763794756483
3796.0,22.273065492171924,407.7926327499062,0.3023620977201444
3797.0,22.07451856343257,409.5840389985793,0.23607887880266018
3798.0,21.916972386265826,412.257505010265,0.20353244262849007
3799.0,21.720191274654763,415.4864664526007,0.16098190185025002
3800.0,21.44351326116738,418.8274697743765,0.11528516385615616
3801.0,21.20761430737696,421.48702165762774,0.08068911779888993
3802.0,20.922202540467538,423.7963710433932,0.05620840578893434
3803.0,20.546572104875985,426.42605924142697,0.032964709006659584
3804.0,20.217525999717513,430.3735181214663,0.022792233782740878
3805.0,19.979352694756688,434.56755952713576,0.026481423925699597
3806.0,19.870263465078317,437.3401550863949,0.03284875680990756
3807.0,19.752140347130762,438.9043586859678,0.028507030020062545
3808.0,19.624017376724147,439.96925477271594,0.019990419500750433
3809.0,19.40244857061953,441.4664665057135,0.016052661940810044
3810.0,19.126477202803496,442.7202778351999,0.01282240754904493
3811.0,18.746217660945067,443.9180024454268,0.009518133111246366
3812.0,18.333100553723344,445.64546610782287,0.008782474984819592
3813.0,17.9191568601683,448.3140206641054,0.01559390049029163
3814.0,17.584486564334604,452.0062265030965,0.036366303114240085
3815.0,17.426188509832826,455.8345269613322,0.07126821823476649
3816.0,17.349660277662682,458.1421072760894,0.10878418760727046
3817.0,17.30779413674297,459.1331420637428,0.14802676822170086
3818.0,17.15962059024922,460.222530873349,0.17540809830625007
3819.0,16.780220304723564,461.5365773913215,0.1748278215381889
3820.0,16.277754762134407,463.22005390291275,0.15361777883628147
3821.0,15.98848591221783,464.81877848055024,0.1354245078404762
3822.0,16.09706075505306,465.957676779551,0.14518131563075548
3823.0,16.410792288777436,467.08236717062334,0.17044647665068957
3824.0,16.692143947540124,468.82882528203817,0.21247003489587848
3825.0,16.836776766740506,471.29714003914154,0.2899228457226255
3826.0,16.848710926750698,474.06571718902495,0.40945782993876634
3827.0,16.87285284836031,476.0953918982972,0.4873112745443855
3828.0,16.964545072398746,476.40402224670675,0.46309716738450496
3829.0,16.94460208716627,476.1312749234649,0.39172194402376354
3830.0,16.755346149970485,477.04277533887154,0.36953561370924826
3831.0,16.46693312437855,479.86375206290984,0.40494752057271677
3832.0,16.156786704396314,482.9545259050079,0.4516836362152568
3833.0,15.906601580291774,484.4796607012256,0.49745226538476167
3834.0,15.782567761984,484.01909266828653,0.568024332467732
3835.0,15.728853792251613,482.40656181363175,0.6984014263272225
3836.0,15.673144005839553,479.9975536460313,0.8761324294986916
3837.0,15.625205033186463,478.2285604408812,1.0760844830498064
3838.0,15.535855423869506,478.2983294242679,1.230594878141676
3839.0,15.331337670145546,480.12092984931104,1.3372754150390627
3840.0,15.18278628359025,481.63404979317596,1.4139249208530627
3841.0,15.072614268415322,482.8058980579215,1.4940970828093698
3842.0,14.931805151896361,483.131091570751,1.5001582133054914
3843.0,14.67534345683239,483.40624249301186,1.4465267869376164
3844.0,14.40627442310963,485.30805174843636,1.3589775389836862
3845.0,14.20764389963207,488.5899247115048,1.2864238855914383
3846.0,14.169644313377443,493.3301370736835,1.27328565728016
3847.0,14.26890117646441,498.7198180594337,1.2928341509208225
3848.0,14.35874841214897,503.0200594104534,1.29180659498289
3849.0,14.35219504572681,504.5877311572392,1.2462517904379906
3850.0,14.30647471728241,502.9231149934909,1.231410852991621
3851.0,14.241259027910935,500.141129325526,1.2633128994279248
3852.0,14.065530613264485,499.17895465843156,1.3284963265972223
3853.0,13.84709396346509,500.1072853643011,1.367775931051421
3854.0,13.568170702930047,501.93373375616943,1.4033738487174563
3855.0,13.162272693195316,504.27112399136684,1.4446204363908495
3856.0,12.675595529745669,507.0339773815283,1.5651050348888966
3857.0,12.249503285035326,509.02338678889527,1.8019600090306815
3858.0,11.93412995465262,508.76027329673906,2.153447040034584
3859.0,11.603817463337522,506.7085129223203,2.5748441763504095
3860.0,11.195635696144,504.6608545640324,2.9699852343275404
3861.0,10.81042055673616,503.3947835507085,3.266298517640544
3862.0,10.410478611236929,502.60661538076596,3.4071076224757437
3863.0,9.90923751664634,502.2227876213873,3.3745517322220895
3864.0,9.424100957336421,501.79890014592746,3.1849287220706595
3865.0,9.224994656245821,500.95255601309384,3.0105244684476897
3866.0,9.332656448438504,500.0610601599521,2.91567953280321
3867.0,9.516828334833207,499.78889744425084,2.9636991108300625
3868.0,9.534483396544976,499.7230899273483,3.0748630770765626
3869.0,9.428234621903306,499.2527495772602,3.1974899712281295
3870.0,9.323913182449559,498.42876245202075,3.302894380989156
3871.0,9.26917589060234,497.6960195533068,3.426840402248745
3872.0,9.161276763487216,497.40222260655787,3.611006234108449
3873.0,8.860556549559691,497.4546688015348,3.760905512041376
3874.0,8.566403156374587,497.66037470881986,3.781180936880292
3875.0,8.449328052684386,497.4516961699299,3.7128111175379845
3876.0,8.362934653501211,496.45245676198726,3.7538263866747723
3877.0,8.21283119083014,494.1160177345667,3.912305744670404
3878.0,8.082086778097258,491.47418283647323,4.007764003832803
3879.0,7.94106814733821,490.1738250194093,3.9483471564297283
3880.0,7.623626602703236,490.3443806115897,3.7991644767947026
3881.0,7.171298962328174,490.7701408555561,3.6612274145042285
3882.0,6.787088819489474,491.15857712379693,3.609288637047584
3883.0,6.577351400907563,491.80471579617046,3.6643284070014737
3884.0,6.467437667035749,492.7559268577966,3.7708681848570755
3885.0,6.392100801903787,493.53107767768347,3.899107834055857
3886.0,6.359065353232812,493.66590956065465,3.9703209779629454
3887.0,6.390464970381611,493.82934928637593,3.9402750221587604
3888.0,6.49417192025691,494.62656587423044,3.887362436258621
3889.0,6.643136023058113,496.2886409742961,3.820304480870406
3890.0,6.712784210851058,497.62844936251423,3.7043065307994003
3891.0,6.686491137491004,498.45114805394144,3.539976962251023
3892.0,6.658977721110241,498.99493664717744,3.372583678786203
3893.0,6.683908664841411,499.47296111228445,3.301142579867809
3894.0,6.7912215106477305,500.5352783024459,3.2927809990766654
3895.0,7.009565693215234,502.31210436751695,3.3629853934420253
3896.0,7.225505495942402,503.4717332317056,3.4673317966921986
3897.0,7.292661308841986,502.52991566307173,3.5320734693877
3898.0,7.0919677099640195,499.2681652442454,3.538905087476928
3899.0,6.812496151559293,495.95375205056587,3.4965736552143074
3900.0,6.680936181150492,494.7887164579778,3.399184150762523
3901.0,6.759429520036286,494.27087913507324,3.2183832566160904
3902.0,6.883387518947948,493.27623147257856,3.0224530073641223
3903.0,6.9121581865546915,493.2147468266449,2.827991420933624
3904.0,6.902093930827323,495.0432085479395,2.644805438230208
3905.0,6.8922106962160825,497.56156498659624,2.4388778112326763
3906.0,6.808965072156398,499.4978647927443,2.246902187006362
3907.0,6.675736674778093,500.0193491071004,2.0970015455955076
3908.0,6.656750884624001,499.7676317881402,1.9797637565830084
3909.0,6.880117826024539,500.0664740257191,1.961723610766394
3910.0,7.187775477407293,500.3644710147261,1.9887780422017765
3911.0,7.261609601064014,500.66390735318083,1.9589518761603848
3912.0,7.091067778996694,501.48960527024565,1.8307666278930623
3913.0,6.8270532657980425,503.35826259059,1.6500017524331234
3914.0,6.727720003716616,505.20515636728084,1.520372253299738
3915.0,6.770521610910761,506.4431476192038,1.4709063011417476
3916.0,6.817887964327446,506.3266626520825,1.4373015533550146
3917.0,6.8291397440708,505.98388113166504,1.3878500087246117
3918.0,6.861996412842388,505.0762445864,1.327426971327629
3919.0,6.939732377930353,503.5891550123966,1.2730552259403
3920.0,7.050321974053178,503.45940667089724,1.2582509574429794
3921.0,7.17282680168249,505.92969702973386,1.2625510737436805
3922.0,7.276292447720537,509.9138839777725,1.2596324178822411
3923.0,7.283491105519586,513.6500356301068,1.24085831341924
3924.0,7.185613411340304,516.1106177418762,1.246869011029752
3925.0,7.1040754300131255,516.5682714930524,1.2792250606420223
3926.0,7.117563258453871,516.9062823665978,1.2932425128914042
3927.0,7.122236490253462,517.6196022549244,1.2058329877922331
3928.0,7.052624577412842,519.2592424620958,1.0275582320891208
3929.0,7.006045994410322,521.5729385807367,0.8343004003282117
3930.0,7.073312159368807,524.1015457310015,0.6911907423445925
3931.0,7.162626973067574,526.1759268817724,0.6211708543958449
3932.0,7.137804612322341,528.0349267761717,0.6211427337386881
3933.0,6.980263709436078,530.2008147013166,0.702707171907216
3934.0,6.804815454880976,532.7773677025432,0.8455485518393797
3935.0,6.582697493371778,535.9630211369225,1.0014508658715289
3936.0,6.206664729381339,538.5320473332473,1.1342892843108323
3937.0,5.838945174914085,539.8560012090982,1.2594703356967873
3938.0,5.698366052080004,539.8577898256,1.4605631306137603
3939.0,5.717838109536022,539.8033594026662,1.7160105805648571
3940.0,5.803352740241712,540.4754066833162,1.9285690409039038
3941.0,5.910047715617464,542.3174263317534,2.0743085693209204
3942.0,6.014309461847388,544.5783284520443,2.2165580448399025
3943.0,6.118965694854665,545.9519545146667,2.434546325578758
3944.0,6.206712712256251,547.1330243770925,2.63636174713129
3945.0,6.240731188984804,548.8697591099648,2.796030140838228
3946.0,6.2880826855687015,551.0255168736079,2.917305914470553
3947.0,6.3568623688419725,552.729816725704,3.025157289302285
3948.0,6.441896990203778,553.6979246033599,3.1606328232565972
3949.0,6.548141834531713,554.5309183168831,3.279337332761165
3950.0,6.6817408899684505,555.6487505016564,3.378685722598425
3951.0,6.81959902667044,556.0974837290892,3.372771624674919
3952.0,6.963544363953123,555.0896769892106,3.2696368933605124
3953.0,7.12544100748371,553.7525738508701,3.11066061814225
3954.0,7.39108277972807,553.78571109441,2.9807273549004565
3955.0,7.724250517527889,555.0999978802464,2.89490484533516
3956.0,8.044593435550563,556.5855366263205,2.7956971955458227
3957.0,8.288717811897957,557.1895194809888,2.7035565826752026
3958.0,8.52536985511696,556.4946151052688,2.660344066589454
3959.0,8.658496277692644,555.437193620705,2.6207452249091276
3960.0,8.663467281115922,554.4386347208763,2.5294175820279188
3961.0,8.72291356707241,553.868218704025,2.4451358295228607
3962.0,9.049684782976364,553.1395782105074,2.4046754832565918
3963.0,9.556019333822194,552.551785917684,2.402365678877489
3964.0,9.839718007582952,552.4183414468557,2.344920177746768
3965.0,9.958342328333858,553.3745411708747,2.2793113348097687
3966.0,10.026980384741378,555.0472319611522,2.201897124061646
3967.0,10.15157151291655,556.3694849499524,2.069536555842792
3968.0,10.333144295084725,557.0244940589397,1.949589544505621
3969.0,10.541938036718609,556.3751997406797,1.845623405296073
3970.0,10.761198809204625,554.5373489544911,1.7204703975890208
3971.0,11.005259731834819,552.8019582677936,1.6435753573212009
3972.0,11.244247268417604,552.0883905750015,1.638441805066669
3973.0,11.353286838624655,551.7690437821849,1.6510066086216002
3974.0,11.278204144430138,551.4138694743104,1.6783671215172482
3975.0,11.105011259636333,550.8061982739496,1.7247762218301697
3976.0,10.79374474207225,550.1246061166872,1.78771476271134
3977.0,10.38363438870068,549.601690311761,1.8372567389157135
3978.0,9.996618734814144,549.3540915838194,1.8701966401847687
3979.0,9.859642264445297,549.7043714465264,1.905131276987905
3980.0,9.956417832685059,550.4513926978703,1.9393185501698722
3981.0,10.05262129045161,551.129110798731,1.9916136636958852
3982.0,10.065530354884004,551.435508536896,2.083238900181561
3983.0,9.967590502773794,551.1961038757019,2.2365706486339225
3984.0,9.816137776049423,550.387069632702,2.442480368115942
3985.0,9.64638249007876,549.1079710261647,2.678264382639737
3986.0,9.405210717830562,548.2038267353586,2.896611132570356
3987.0,9.021812700505563,549.0218199743745,3.1345011341210176
3988.0,8.745538297404499,551.4934417905062,3.376776883920722
3989.0,8.701316500240361,554.0827141478329,3.5741300349367804
3990.0,8.835280537503202,556.2086450189097,3.636569707372224
3991.0,9.069933085758361,558.5799705772262,3.630151056637981
3992.0,9.311766864692691,560.6713172608509,3.678234120749844
3993.0,9.420718387124454,560.074511840117,3.8216426115648403
3994.0,9.332366720207908,556.7919476385845,3.9915138656854756
3995.0,9.143286490902769,552.8255572539481,4.219854976719673
3996.0,8.909788120755312,550.6520728099727,4.5319405434835405
3997.0,8.836084060340422,550.9056115068275,4.735940495830992
3998.0,9.01686489329025,552.7081804942621,4.820848842141922
3999.0,9.442317579863287,555.6423002227691,4.890715221464822
4000.0,9.991904689246658,559.3997757329104,4.978490530134796
4001.0,10.513524348939642,563.3433281048091,4.9706785437434595
4002.0,10.781725229139065,565.761261323147,4.82942070739249
4003.0,10.985479501802402,564.6139852812703,4.667085463819069
4004.0,11.189564488102812,561.159863244074,4.525603428890764
4005.0,11.247738132493154,557.4822780455612,4.3691053896450605
4006.0,11.202107102634011,554.3369480831631,4.24684095736652
4007.0,11.200202096902093,552.1333300726573,4.271815804620123
4008.0,11.338558300770657,550.2793033150365,4.395285456770832
4009.0,11.444417076075236,549.0431421180976,4.545298895100835
4010.0,11.451896939444524,548.7081906383069,4.627834957418508
4011.0,11.269395623763204,548.9315436843161,4.625442700184378
4012.0,10.957530297677604,548.3887861633197,4.587428166824932
4013.0,10.636253996608623,547.1689804849307,4.578936324446704
4014.0,10.311540453478388,546.7932956687046,4.622464611067734
4015.0,10.001625222698545,548.2523265875772,4.727512043283747
4016.0,9.793791280251291,551.299989956342,4.888851903859528
4017.0,9.682754744890502,554.9847305253732,5.091855973759373
4018.0,9.575310555456017,558.9780605221283,5.229539675196943
4019.0,9.50066045764394,563.161417029995,5.27526892571753
4020.0,9.444536481756533,567.3932627607279,5.320939811879738
4021.0,9.395347926954912,569.3857531295803,5.373697905763964
4022.0,9.247605157615503,569.2470285669207,5.410859934795271
4023.0,9.008806853409505,569.3428380041446,5.381276621822095
4024.0,8.700919992722197,570.4851834265384,5.376463180390425
4025.0,8.356456202467745,571.7472687386864,5.453422687266603
4026.0,8.177790578077323,573.0391624210496,5.638078290021165
4027.0,8.122893703770664,575.1151207499457,5.78919608755953
4028.0,8.000458694037405,578.1479501044614,5.892916368987681
4029.0,7.72908244946511,581.4699325640363,6.012812947890287
4030.0,7.492224643347268,584.2751185377435,6.170060610106849
4031.0,7.38585747075743,586.0866225507069,6.3352186752151605
4032.0,7.346876657400064,586.7111903073445,6.615413681593623
4033.0,7.361106900233283,586.0295443958183,6.886833236775076
4034.0,7.481160071020485,585.8128675467551,6.939347295863527
4035.0,7.6969036197043605,587.9347254464859,6.806470193058414
4036.0,7.822733013780308,590.3799601470544,6.641447914856463
4037.0,7.781384952989293,590.661629275444,6.582640022336672
4038.0,7.648599944280654,589.1964596015195,6.575488479568541
4039.0,7.4882418455403466,589.0099752664578,6.474666763193222
4040.0,7.308224874252036,589.7823579963119,6.247173969530173
4041.0,7.233720836793909,590.1011299081674,5.871401930663807
4042.0,7.22038387875984,589.8428982824421,5.4200029084146015
4043.0,7.153248673822525,589.1936351556467,4.968972318643873
4044.0,7.024173362672805,587.7063864193422,4.5671144312118725
4045.0,6.945533188300202,585.3775034647522,4.2302690608040034
4046.0,7.119321604148377,584.5490546540705,3.9903606143676904
4047.0,7.559995782343624,585.7175306538271,3.8371208639804206
4048.0,7.9922925563344895,587.4838346946523,3.722972333860292
4049.0,8.078834087394423,589.4396664738027,3.6364066624773317
4050.0,7.80560346607802,592.2704461132347,3.5663565593216013
4051.0,7.359986146418713,594.9709728754398,3.52360205741852
4052.0,6.9701294356540755,596.5205029118192,3.5283421547637124
4053.0,6.825648088110458,596.9870470584458,3.547468469909002
4054.0,6.916564153076823,597.2784948998112,3.5487393625760393
4055.0,6.877277360104451,597.7984828717485,3.542587887786377
4056.0,6.61301011846457,598.5108981213305,3.5106577807840034
4057.0,6.338675220083857,598.8197359878898,3.4159615258239997
4058.0,6.223782402315941,599.5589638429348,3.2805031088614465
4059.0,6.216575408029455,601.7157712785286,3.1870836071354405
4060.0,6.244907887607077,604.2787402138332,3.124548093907157
4061.0,6.369691823001028,605.6704390186231,3.095617677250562
4062.0,6.399540399605064,606.3785790023242,3.122918543150297
4063.0,6.227864284381345,607.5132570965674,3.21056687815803
4064.0,5.961630892019817,608.9398145686289,3.314379436431438
4065.0,5.82681341980125,609.0252468401441,3.4088504614025625
4066.0,5.727199182207428,607.8639904594244,3.511688639979001
4067.0,5.4709130941828565,607.7005863135807,3.5875657529777025
4068.0,5.223218487144269,609.4473547875947,3.597887834674208
4069.0,5.16340973299279,611.5678501444243,3.5068149513546727
4070.0,5.247461892238567,613.5054356531939,3.4270024928479206
4071.0,5.242956436350091,616.1901997792064,3.3884617676907003
4072.0,5.152838528583333,618.5859007548961,3.343796684890214
4073.0,5.029648164585045,618.7856007812181,3.2860999052560897
4074.0,4.886020767207631,616.9186505500061,3.3521407620498573
4075.0,4.701736431727489,614.1315129497948,3.519763517226759
4076.0,4.5583815822446905,611.0317938006832,3.7134595746678545
4077.0,4.4758835268865615,608.9166132572014,3.8339455870701764
4078.0,4.462635294024603,609.6494142826441,3.8252123142250003
4079.0,4.572702853634168,612.2580217651354,3.7785766930156997
4080.0,4.798701152786565,613.9899468579493,3.8828148003279646
4081.0,5.124131831189522,613.5789513809287,4.119981882143821
4082.0,5.383673940972213,612.4823903343156,4.178435405003066
4083.0,5.476860209300949,612.4226338548065,4.011975349670561
4084.0,5.40464026785077,612.7378549126767,3.758729228133178
4085.0,5.334701340463619,612.8972360068004,3.56058792578208
4086.0,5.344509493053032,612.8973503830434,3.4538390043304905
4087.0,5.363537878956944,612.8010350071713,3.389855416336
4088.0,5.343773296362885,612.248379620347,3.316378112087353
4089.0,5.402363656560161,612.2910918698689,3.1666909321344194
4090.0,5.663779788978092,613.0926240154167,3.0088987386150623
4091.0,5.920696121493766,612.5383175086712,2.9259122651092326
4092.0,6.037920594390164,609.6927878984073,2.9621903388802204
4093.0,6.053757120194561,606.154651318943,2.967480817725063
4094.0,6.051905437453927,603.0758199196202,2.8439478268807226
4095.0,5.953370203017469,601.7381937742563,2.580686518239341
4096.0,5.832731581399816,600.9479436564928,2.3095872362920646
4097.0,5.844759443335313,598.9076074684032,2.09993341375609
4098.0,5.919022457112976,596.4319338890577,1.9014169742583131
4099.0,5.994678670482823,594.2678980776801,1.7707800552835602
4100.0,6.018785548232971,593.1053821129499,1.7365570953794065
4101.0,6.03828770834842,593.8938176863992,1.7498500273918607
4102.0,6.081514463042382,596.4349377934254,1.7973498228956175
4103.0,6.107657468338302,598.8010786213994,1.861300055733984
4104.0,6.073143499887519,600.394567033503,1.8818009725920004
4105.0,5.902602998626382,601.687825674305,1.8205794292464799
4106.0,5.661647674019323,602.895416568998,1.7330232780612962
4107.0,5.493332673168842,603.4115150155185,1.7226697162763167
4108.0,5.361823809879113,603.4534128447939,1.7656250356326977
4109.0,5.200491836796517,603.8577028548953,1.8038535178372996
4110.0,4.988610741662437,604.3106122862815,1.7712989357924027
4111.0,4.784452250895247,604.3935076026142,1.7441693545536017
4112.0,4.670051784635669,604.4113048840239,1.748453039102089
4113.0,4.6960373106510085,605.4119996008403,1.7644995091836226
4114.0,4.779176444345218,607.4035000496058,1.7458042779858771
4115.0,4.798018368991444,610.1387661844651,1.7055708051030019
4116.0,4.701866837127324,612.5374438512282,1.6927611048459408
4117.0,4.576895696148164,614.885349978797,1.7012867661691455
4118.0,4.475535639712594,617.7612296833287,1.7188152621924024
4119.0,4.4016871231524375,621.0728978096629,1.6721179548160001
4120.0,4.362206183053831,624.7828923575667,1.5546517300834273
4121.0,4.342765328543669,628.8845632476297,1.4117252787074115
4122.0,4.378185634242874,632.6440834571306,1.318030811130353
4123.0,4.421235342960625,635.2563463111525,1.2979137577336324
4124.0,4.463822806475688,636.9231914702375,1.3757768661055225
4125.0,4.467100281320497,638.0662278775377,1.5431748015320572
4126.0,4.437847318811215,639.0298703997312,1.7452475576721125
4127.0,4.374302937964566,640.286259045521,1.9188219814402498
4128.0,4.280633136754812,643.1606425361806,2.03963841491281
4129.0,4.229330324536945,647.3851600734649,2.1212836256205443
4130.0,4.268465622663842,651.6997564418518,2.114378542390478
4131.0,4.384087971345105,654.7890749243238,2.0258816682240894
4132.0,4.431473165831603,656.2148731594957,1.9237313570041452
4133.0,4.349828428763093,657.2174719818095,1.8984849797241443
4134.0,4.217399914507429,657.866676011201,1.9061369602800562
4135.0,4.165462248491888,657.5781794474152,1.8985658331287028
4136.0,4.300395804183786,656.0861248613551,1.8923359969337619
4137.0,4.513075614928004,654.0624781288687,1.8948995934243906
4138.0,4.671340625552834,651.6496068437093,1.9158002716278972
4139.0,4.739900566811814,649.37690909179,1.8980155183658254
4140.0,4.746368372613147,648.6506739790483,1.8201937150848027
4141.0,4.7310522231452055,649.3009524694463,1.6605006296251394
4142.0,4.731461498475444,649.5203937566724,1.4688695841424901
4143.0,4.741856442015768,648.2688027531376,1.3000826295999557
4144.0,4.786276359291121,645.7055614899605,1.1650397048370027
4145.0,4.827129283972953,642.377135932503,1.0579008057033024
4146.0,4.865530346779879,639.3022446728206,0.9991070194426283
4147.0,4.867320293208176,636.8700785823221,0.9996006598760959
4148.0,4.8610742945790495,635.2743569219432,1.0013949061017842
4149.0,4.867625636134944,634.3776698283959,1.010639470028036
4150.0,4.860160013478244,635.0566154766823,1.035273059416016
4151.0,4.877435588968891,636.9563350869173,1.0755652715748367
4152.0,4.978399138426024,639.1376116818517,1.1152327950603889
4153.0,5.067557552521906,640.3099376216283,1.1520151354753023
4154.0,5.071360953968698,639.5186582352736,1.1737604136370177
4155.0,5.035395481700318,637.5772157849138,1.19581310984976
4156.0,5.045843563172072,634.6638897614741,1.24828353820921
4157.0,5.2318643932101505,631.7064185413194,1.3050101993383847
4158.0,5.527487872742222,629.5785617168091,1.3609433107275626
4159.0,5.780685706708037,628.4841592587145,1.4038570816025622
4160.0,5.953116060234689,627.9730657635611,1.4387811060436806
4161.0,6.1279854368477755,628.008615017212,1.4204919296409664
4162.0,6.245144393443118,628.2260497494001,1.37419678992996
4163.0,6.224184712358562,628.09026147191,1.3563898468150801
4164.0,6.024595384106216,627.1036321345912,1.400314926801941
4165.0,5.775785039767692,624.9204325325538,1.4814775405585447
4166.0,5.589897750768533,622.9975694657189,1.5518334165631236
4167.0,5.507160044343889,621.9025307656132,1.5784039651164303
4168.0,5.557246829327823,620.6871251385425,1.548362847936644
4169.0,5.682065354837223,618.7799963659457,1.4731933349030977
4170.0,5.862362509263194,617.7128666630532,1.364284573152365
4171.0,5.985289099873503,617.8083687105315,1.268197763651837
4172.0,6.156387928728304,618.4462622637111,1.2089565230648482
4173.0,6.302584241246832,619.3782279053798,1.2184066490968681
4174.0,6.397441805413263,620.4077212436622,1.2940473493464806
4175.0,6.453789462526522,621.4950955682672,1.4362734381079878
4176.0,6.538095120645409,622.4779664077295,1.5494460045795029
4177.0,6.704355279157921,622.2315076290196,1.5584466821168645
4178.0,6.94061775420725,619.7272892488011,1.4478424728658275
4179.0,7.248571420798753,616.4086432495276,1.3293034334158085
4180.0,7.5299170366605255,613.1603890105982,1.2569061529054277
4181.0,7.702730702929187,610.6109546290726,1.20432628867236
4182.0,7.620793875508531,609.3676218819531,1.1719657509772687
4183.0,7.47824318618303,609.8200015749051,1.1574679186576489
4184.0,7.333617506580175,610.8915513557005,1.1474627985696098
4185.0,7.327658699135524,611.9991072470586,1.1454816830643682
4186.0,7.283935873623168,613.5003778252665,1.143049797903905
4187.0,7.11847052533444,615.6295255997475,1.1479347093141226
4188.0,6.919252471987842,616.8468369855619,1.1517214080704659
4189.0,6.783802231347289,616.0292429000449,1.1918781921234274
4190.0,6.742524073298187,613.8313567901604,1.271071594755972
4191.0,6.706476479044636,610.9207277192809,1.4184528687194757
4192.0,6.689256290875317,609.1854722570532,1.6117510832748079
4193.0,6.571270724332022,609.4713260882257,1.8106855143741225
4194.0,6.4063156486284045,610.1559226227034,1.95638155159041
4195.0,6.2297332064092235,610.0577456843175,2.0817163073334686
4196.0,6.148860413160579,608.7925129205851,2.1641902294896895
4197.0,6.046724622738677,607.3840415520517,2.1534351242532135
4198.0,5.807348345320404,605.895759071809,2.0712645171805453
4199.0,5.415592354934802,603.8923682288754,2.002542623495573
4200.0,4.9405317202678765,601.2843864054487,1.9689721764164763
4201.0,4.545910023711441,598.5431045777683,1.9520225897899202
4202.0,4.220515889007937,597.0657327549064,1.9543903835037169
4203.0,3.9569457619415833,597.4250080911423,1.953980233253465
4204.0,3.7979389535490227,599.6491913872243,1.972586991580186
4205.0,3.7180890968487854,602.3141923666196,1.9813893066472565
4206.0,3.657898146999299,604.5362369213985,1.9950972644359743
4207.0,3.626599768823223,606.3412858761634,2.0160197703265323
4208.0,3.5958479530892955,607.9178655636109,2.0883407444355626
4209.0,3.534682832858049,609.1141911738636,2.185070066303063
4210.0,3.4518667264,609.8937999646251,2.308071095985038
4211.0,3.345102765608085,610.6573648766579,2.4179407197344105
4212.0,3.3326879343380114,611.4690042854984,2.5190186171647224
4213.0,3.4601518468047567,612.3456591982484,2.58503164442729
4214.0,3.657043051702503,612.8595137196002,2.602572723180774
4215.0,3.7744120797085454,613.1252021107254,2.5627821314738726
4216.0,3.796741725647162,613.3993791997447,2.4703901723213
4217.0,3.804976044945649,613.5984835914207,2.386081005648581
4218.0,3.809908222757905,613.681599283305,2.3308967981871502
4219.0,3.760776471765624,612.7552577666005,2.3079365849913027
4220.0,3.614781298111153,611.2010934956406,2.292069340509749
4221.0,3.399446991954746,609.4146627421381,2.3517887910484903
4222.0,3.244726470472506,607.3621908544756,2.4771145598236326
4223.0,3.240737789996305,605.0977675360225,2.646172573106603
4224.0,3.2988015863317104,604.0263552993016,2.8233387948531843
4225.0,3.3222242809011218,604.5865573912956,3.0648511911002894
4226.0,3.290015400492802,605.1580669335436,3.2990018139087027
4227.0,3.22692480609635,604.9132128733725,3.502135564608409
4228.0,3.114987647321218,604.3109795523229,3.706906082702599
4229.0,2.8908828094077372,603.9401272068764,3.9271956491570092
4230.0,2.607819779940212,603.4278740581794,4.082050789729444
4231.0,2.366304712322445,602.8465670262386,4.139396225342384
4232.0,2.181064596838129,602.3000836924156,4.065075384014304
4233.0,2.0503090007378004,601.5635518096637,3.968959295134584
4234.0,2.0371134974425233,600.1752557669671,4.017652873637891
4235.0,2.1103542866242226,598.2772528284131,4.124387465537439
4236.0,2.2043534505305105,596.92654534244,4.151120393671023
4237.0,2.223458447759965,596.5699181050398,4.1467205079600395
4238.0,2.2578047465164497,597.1783791785434,4.1600288995097126
4239.0,2.3897226828623848,598.4270637225733,4.195819370128204
4240.0,2.6386690248438036,600.2927537512736,4.196170222264024
4241.0,2.801408332534274,601.9126903296027,4.120500424486496
4242.0,2.7865011268698243,601.6377471541571,4.01737322344996
4243.0,2.679866631569234,598.598067267142,3.9303679852924245
4244.0,2.6321670286286127,594.8146975686346,3.803232416265084
4245.0,2.704033929388091,592.0305309372733,3.6638121154156895
4246.0,2.792517289974329,589.4780628692291,3.5428763936540597
4247.0,2.9048021051040016,586.8878831568455,3.43807173193444
4248.0,3.0202207423079335,584.113539887112,3.295606178242203
4249.0,3.0168837218636946,580.9679558718769,3.12265781913101
4250.0,2.783978945934961,578.5857880240812,2.885748063076061
4251.0,2.5593649993824026,577.4211710579184,2.5870612834407365
4252.0,2.46578147679249,577.3353487235094,2.3459662731975626
4253.0,2.451785602011337,578.9076342646603,2.244294501561242
4254.0,2.4998481810882724,582.3312314589543,2.197520848365988
4255.0,2.5644590600311234,585.4490146532837,2.222803951012268
4256.0,2.6464735873540453,586.4306880702142,2.318500266668573
4257.0,2.7445710616200913,584.6993798716412,2.456413899138108
4258.0,2.8814782752678982,581.0868041201716,2.6006349587814652
4259.0,2.961363751506597,577.5421442692686,2.713190652756965
4260.0,2.981826152412251,575.1370775146868,2.7841827100559615
4261.0,3.0530596663284637,574.1167206259278,2.7823278172884542
4262.0,3.359691955389064,574.4061025797326,2.73749440508775
4263.0,3.9079267103844297,575.6380168893061,2.6548980526539245
4264.0,4.5181490451103175,577.1614519411651,2.49200009202114
4265.0,4.942531357725811,578.295206382201,2.3208126401042493
4266.0,5.141945269658209,579.1897491101009,2.1746068381492325
4267.0,5.235662456649002,580.0349973714196,2.02202626721209
4268.0,5.256089865844305,580.1205412954521,1.8523708945959891
4269.0,5.322616926718469,578.3531562244297,1.7289353965264143
4270.0,5.487405806701564,576.0402837443069,1.7432645488169536
4271.0,5.744511514053525,574.9866328212875,1.8235464541717503
4272.0,5.93307399584765,576.6528961096834,1.8352487212707904
4273.0,6.043125562901303,579.227708159814,1.781002963653373
4274.0,6.150476483437776,581.4428392224631,1.7920489350274624
4275.0,6.222305996470503,582.4553412732078,1.824259582504372
4276.0,6.30599234710225,582.0709598976731,1.8113790311100322
4277.0,6.362313993929328,581.3789137070801,1.8034857486142086
4278.0,6.340616746059097,580.3756618614651,1.8202299533146402
4279.0,6.241826773813632,580.2265135434674,1.7896126534724028
4280.0,6.096133238656615,580.7623229844571,1.709127181575528
4281.0,5.868094529121602,581.2138811118679,1.667933841011117
4282.0,5.728188460194096,581.2181256406161,1.7282432025976895
4283.0,5.766619660813692,581.0361923239608,1.8387561773353536
4284.0,6.04700411691649,581.950942364735,2.0179663084529875
4285.0,6.462529368022293,584.1506844712009,2.2601215373044035
4286.0,6.780679186530114,585.70127455068,2.4308852655091227
4287.0,6.733984621860528,585.5236666977736,2.498295285192115
4288.0,6.425291089233324,584.6992009355265,2.5269270022945887
4289.0,6.047777468622244,584.0026849917562,2.6013001542837157
4290.0,5.791047373269442,582.4541500140698,2.681015720470563
4291.0,5.735247034580256,579.4685505368519,2.7958427647076642
4292.0,5.7338909182326265,576.3905591426178,2.9774875668732443
4293.0,5.793446284233253,573.5807018750977,3.261964086210089
4294.0,5.9046496154543116,571.2408022572384,3.5909324108968246
4295.0,6.01746818677101,570.5737360544372,3.8576003081616004
4296.0,5.956171744865765,572.726847387726,4.103252088630073
4297.0,5.8052132269890215,576.1564387805594,4.286200679690223
4298.0,5.71926402324296,577.5414117708937,4.359471979603219
4299.0,5.6850140984521,577.1865401894252,4.319282964534941
4300.0,5.740367573397218,577.6989038391546,4.310491668427971
4301.0,5.87398829055869,579.9638681887209,4.332929376866861
4302.0,6.0418674330826825,581.1963780791792,4.389637934597838
4303.0,6.177952737759489,580.9808550531257,4.455659099419968
4304.0,6.262885484591092,580.2664615901874,4.4386964114979595
4305.0,6.364908508501621,579.3902199910339,4.327466315294817
4306.0,6.323015664858135,577.5833057527763,4.192567107212328
4307.0,6.099844219480514,576.6939303156234,4.01888030669883
4308.0,5.871269291050851,577.1969871402318,3.8047594495421477
4309.0,5.829232715904161,578.2709804322168,3.7163124022986023
4310.0,6.025554446512233,579.9988556837571,3.7830450724266256
4311.0,6.212217125078082,581.3754049631943,3.8551386905995044
4312.0,6.2905054157440015,582.6979925559164,3.8735258956188
4313.0,6.228025848561691,583.4292046377237,3.8591679583417795
4314.0,6.136654600419841,583.2381681422288,3.8347911572707987
4315.0,6.04317448271161,582.7493472899596,3.7736820165547584
4316.0,6.028178021340434,582.7138047642658,3.681356964312787
4317.0,6.120879512931678,582.8052061588189,3.632366948541303
4318.0,6.3658495764160605,582.3084293072259,3.63542808852962
4319.0,6.67049290988047,581.2034108905349,3.62704029953058
4320.0,6.8116033260535245,580.3504441718733,3.5521345357771335
4321.0,6.759253924586512,580.3813502392891,3.3494172145685166
4322.0,6.652595714514519,580.9125225498311,3.0994379237466436
4323.0,6.675610175236849,581.6774729934874,2.8900012580001375
4324.0,6.8300073224351925,582.2918229074403,2.769760781751629
4325.0,7.101233281522046,582.35881365335,2.71600004628914
4326.0,7.295684229608907,581.5559454103163,2.6860914793428
4327.0,7.278017252133606,580.8420351257197,2.67359386872384
4328.0,7.0432282032456115,581.3625703614607,2.6129791081000158
4329.0,6.7708919878728135,583.3584729072812,2.5233266267131325
4330.0,6.496141039408066,585.3816102592701,2.4357846460700023
4331.0,6.250502210088195,586.902409017812,2.348222299472282
4332.0,6.149202565488447,587.4764959160022,2.3196239447915685
4333.0,6.140602696773604,587.2814817240817,2.3291422163325626
4334.0,6.18159181864372,586.5992899245703,2.386312128431719
4335.0,6.201438696253439,586.9708666165369,2.418844927695504
4336.0,6.094717329378498,588.889300736018,2.4528946396136813
4337.0,5.810391461167131,591.1427460998482,2.53422234016081
4338.0,5.429719818147848,593.8223910620765,2.706423960103988
4339.0,5.113128732137667,595.969156802669,2.9222778343610942
4340.0,4.9594521242579095,595.7807083366421,3.110628977328101
4341.0,4.867989456793286,593.8643655207828,3.2460383187528405
4342.0,4.653609647961931,591.9410837700019,3.3592036762503024
4343.0,4.384294298931424,591.485673496143,3.4514315780923517
4344.0,4.262608795070478,592.1251309252103,3.5374995584561884
4345.0,4.361333196315472,592.6707121854487,3.6865708435793603
4346.0,4.553713410110787,592.9447614659495,3.828076280601821
4347.0,4.555991722012688,594.1674153769941,3.9541769913765625
4348.0,4.429444117630292,597.0135887785366,3.9993641852682815
4349.0,4.322931130806041,600.1340039844879,3.976069618911065
4350.0,4.267200440460902,602.5324855653993,4.022951830035063
4351.0,4.279033352448002,604.677836203792,4.189179749732016
4352.0,4.350887823517677,606.4188598611613,4.309528959540251
4353.0,4.379342897928962,607.3371441915527,4.3012857333440575
4354.0,4.408276236477413,608.0885216486448,4.286465932442804
4355.0,4.503231208332877,608.8341460954338,4.395826830020199
4356.0,4.688010235084197,609.1442530629344,4.539554879478535
4357.0,4.816132437390323,608.302320616043,4.603827740496367
4358.0,4.690712814088624,607.271473580059,4.554772035473617
4359.0,4.4163118328451985,607.6941981189303,4.488794772741759
4360.0,4.163607071536098,608.8864987513754,4.514862624680772
4361.0,4.039441992994417,609.8196736315398,4.581108781449201
4362.0,3.97770371716106,608.6170653039869,4.581564345398388
4363.0,3.887798141370002,605.1089934668297,4.55517882139652
4364.0,3.7665694062698263,600.4869467088689,4.599195411119311
4365.0,3.7084049516829265,596.8696688145141,4.661307037576361
4366.0,3.759127999624528,594.5701340333383,4.723147610092944
4367.0,3.799941289585317,592.9709628472439,4.773030578914756
4368.0,3.749386493782228,591.7387142735904,4.785663019666589
4369.0,3.6434865938572867,591.4533126237054,4.695187221601325
4370.0,3.5173907591620575,591.5071418637056,4.496386871539102
4371.0,3.4354318526672403,590.2724067452599,4.259049987736629
4372.0,3.47598176680225,587.8809751155729,4.1460014225686335
4373.0,3.6014831492547605,585.6319390077389,4.195439119349952
4374.0,3.617936705489252,584.4440920030789,4.4162461821579555
4375.0,3.470483743301435,584.2219089518703,4.705698015111169
4376.0,3.318770912835349,584.053640908547,4.85561488597416
4377.0,3.3392075839360156,583.0789225975399,4.760522572514352
4378.0,3.4763939229515417,581.3193687297902,4.536504595415552
4379.0,3.5942465399940327,579.4086581606082,4.345073754704402
4380.0,3.6558046488915408,576.8120730635235,4.187236259939063
4381.0,3.6310648557675034,573.9748277042535,4.011421141035561
4382.0,3.569971307828033,571.3580681822583,3.8402942413755965
4383.0,3.4962763454088983,568.8618007088111,3.7437660707635882
4384.0,3.374850875165959,565.9732734611719,3.699449172318848
4385.0,3.2301479288611135,563.909353771433,3.69926760603792
4386.0,3.035342584574373,563.0671096245162,3.818652235506584
4387.0,2.769665786615064,563.7812139515985,4.030989510473704
4388.0,2.5799964006763587,564.2737038167381,4.145701214622241
4389.0,2.515370528904482,563.7762305556356,4.09319313738194
4390.0,2.558907092670066,562.9812451132746,4.088212166838529
4391.0,2.5847601257259676,562.2989791049598,4.16464774659986
4392.0,2.6230078918592783,561.7953822523958,4.272513059913872
4393.0,2.665238244206949,560.8107079873427,4.385749073408361
4394.0,2.6458582052327375,560.1863406614405,4.484379179100679
4395.0,2.5943106469312327,559.0919192411351,4.594468399404633
4396.0,2.6379275717154367,557.0003524828711,4.763031346266481
4397.0,2.7161893092526346,554.8215606482432,4.98070047455289
4398.0,2.6889506320000414,553.3177483714821,5.177357785008641
4399.0,2.548321924573745,552.4498935752022,5.426596387021472
4400.0,2.4224533642690287,552.2060225055532,5.7197071764582645
4401.0,2.3849725998609235,550.9813909888519,6.107138492182002
4402.0,2.3825666686922506,547.2060171006198,6.484072239371224
4403.0,2.2665168510698024,542.2278673607699,6.792683918647285
4404.0,2.056828931708713,538.4876021650541,7.012209211801216
4405.0,1.9237124662953455,537.4771431502697,7.199916426756001
4406.0,1.9448623575055695,538.3800614785574,7.5154239153280225
4407.0,1.9839137164566794,539.2560539538409,7.839290216065563
4408.0,1.9729686094684802,539.4950266779994,8.072212193016654
4409.0,1.9531222162714204,539.3943273273819,8.19468297915635
4410.0,1.9693229360809492,539.2409612259562,8.375769199046093
4411.0,1.9829053480811585,539.4396042216727,8.555485887565489
4412.0,1.9676101286911738,538.3979966330035,8.747245562566032
4413.0,1.9451768487342418,534.6601825106719,8.978451014320322
4414.0,1.950762146667798,530.5060095612362,9.221205811009945
4415.0,1.9522895939063452,528.5220424288367,9.35098242665251
4416.0,1.9246984022250007,528.1239415630909,9.288313335927965
4417.0,1.891653309786255,526.3435520316444,9.216089593797717
4418.0,1.9058634950590232,523.8057016675796,9.297164912152574
4419.0,2.0391473005651233,521.912180536295,9.521443032454274
4420.0,2.1982507556230084,521.20523579144,9.627595276583222
4421.0,2.2642095741030657,520.9501791773223,9.625701274137844
4422.0,2.25614476963586,520.3495620826792,9.607728082292933
4423.0,2.2165708784088687,518.16018983099,9.647598784210562
4424.0,2.1859199946742045,514.5942779620373,9.646375532947788
4425.0,2.192207778444573,512.1906402462926,9.625988198382629
4426.0,2.2366461728724105,511.71839219747505,9.544994555346452
4427.0,2.2686825718746237,511.97142251554584,9.304932411985613
4428.0,2.2578013205912764,510.5462959663339,9.012345090467376
4429.0,2.1882693479856004,507.5483370684155,8.818335353842606
4430.0,2.164911902786882,504.68128592788764,8.65857755062521
4431.0,2.1881175469036904,504.1662528228584,8.44243116563044
4432.0,2.243141234944001,504.8567159586822,8.189989100766491
4433.0,2.2578568870142224,504.2574677029805,8.080968476341624
4434.0,2.2321652328705635,502.0184226414404,8.200476145162023
4435.0,2.192282757206965,499.4804095786858,8.383873516695125
4436.0,2.133097901856153,497.84582975042525,8.477231596043216
4437.0,2.0447431892063297,497.4032445083685,8.519405990844621
4438.0,1.9156807128301934,497.5799837400908,8.548518375370804
4439.0,1.8242127962350092,497.1711579130523,8.642028935395839
4440.0,1.739129177234622,496.53572514659686,8.79679017736319
4441.0,1.6362543989145604,496.08879773037387,8.968834167625417
4442.0,1.5544234140604327,496.1154513574985,8.938975914936481
4443.0,1.5045677744358976,496.78953022886975,8.720417601167503
4444.0,1.482027212133161,497.64834435998085,8.500118208834289
4445.0,1.4517627074461463,498.7984460029956,8.334043050788033
4446.0,1.4246107055701256,500.00394376096244,8.094077120483906
4447.0,1.4096688708693537,501.56009946599545,7.825790620185332
4448.0,1.429608503034018,503.25824002204536,7.754870657926785
4449.0,1.453390055473039,504.7442585014805,7.926796148029221
4450.0,1.450363804496461,505.415590505468,8.205293564575491
4451.0,1.4376362028555032,505.37389187300624,8.42233160515513
4452.0,1.4472718454022546,504.3260088027515,8.673849266183202
4453.0,1.4455411363574282,503.0173518928158,8.887523210657704
4454.0,1.4082871035440538,502.49411606576297,8.923589733493595
4455.0,1.3739109136890924,503.49145927402793,8.628773005514383
4456.0,1.3516360162653933,505.6498599662721,8.237773938180062
4457.0,1.3735950637022791,506.81014025612245,7.980592343033408
4458.0,1.4502298641740101,505.9736162327632,7.835585413621864
4459.0,1.5876484347694089,503.64729943680777,7.719947776224361
4460.0,1.7433323614937346,501.24996564520586,7.6972628995542225
4461.0,1.8608250386267722,499.5630826132278,7.810014685848122
4462.0,1.9291853248653468,499.082781442234,7.933903446248474
4463.0,1.9213885352505606,499.2568903693472,7.956554853750097
4464.0,1.8387685983844806,499.79882040941214,7.915733351445516
4465.0,1.6883702451039215,500.71108277379824,7.927937800495172
4466.0,1.563639357626036,501.9239930455032,7.989762590574576
4467.0,1.4929035423162629,503.09688624151215,7.949966075061297
4468.0,1.4830036916692324,503.8241631005316,7.771497541378736
4469.0,1.4905692177876904,504.3479447889407,7.557310760494196
4470.0,1.5060343700830472,505.08164822570785,7.427468249872476
4471.0,1.5618366454212376,506.06505879357957,7.2808123666338025
4472.0,1.63150681126634,506.5339448034809,7.022114377294018
4473.0,1.6528127162791704,506.6107329379808,6.728089830647069
4474.0,1.6103227779468041,507.3036299956472,6.447001641658622
4475.0,1.5860298991907045,508.77697188059005,6.23373859111936
4476.0,1.566782229985359,510.9538251368857,6.170152020198066
4477.0,1.5263162435165591,513.101888603046,6.293552007894278
4478.0,1.3952384010444103,515.1650386289167,6.51093313447512
4479.0,1.1852353122831178,516.300077460851,6.661241734125423
4480.0,0.9537610566597483,517.066805244609,6.7238173904742995
4481.0,0.7808882922637463,518.4623019853586,6.785101194242381
4482.0,0.6880084038697991,520.9108969582561,6.891298171440369
4483.0,0.6522422951187367,523.2589757161236,7.030397894355063
4484.0,0.6281505293378711,524.6432459418896,7.145879496949284
4485.0,0.5838639698424065,525.1797465318083,7.225233093545596
4486.0,0.535830090257306,526.0072463613465,7.27192715513121
4487.0,0.5019884747811025,527.227745242752,7.273035574900693
4488.0,0.4927598451891027,528.2648889795495,7.346373161271196
4489.0,0.47516677736049645,528.6824034233061,7.556645998309285
4490.0,0.45403786657582285,528.7608247405199,7.76098512801898
4491.0,0.4560779565199936,530.3367809647341,7.887693369934136
4492.0,0.4422982993371126,532.9561322457096,7.9517086074283085
4493.0,0.3935455762370524,536.536215419602,8.063989516400603
4494.0,0.32004338394301335,540.7205152909282,8.2247356944
4495.0,0.2546053864482972,544.7642297657768,8.325284844327582
4496.0,0.2194984529838247,550.2699811322793,8.353930163848226
4497.0,0.18379835183241006,556.6730911666178,8.320953275231188
4498.0,0.14156580078033637,561.9194797238288,8.353388700706702
4499.0,0.1030580137022502,565.5713291317758,8.580130153926246
4500.0,0.07233322034668983,567.2510113836613,9.027654511090802
4501.0,0.0371314747881843,567.8424718842923,9.453627585495042
4502.0,0.011387741202489714,568.9388791650872,9.901937824686183
4503.0,0.0009777034580625069,570.3320131182574,10.284023278213986
4504.0,0.0006555561106688827,572.2469448232079,10.550009199968173
4505.0,0.0036669080249999895,573.7800622742541,10.852919488691304
4506.0,0.007302676662489966,574.0319061186518,11.005198890479573
4507.0,0.01334667719395231,571.8089111786885,10.916608756210888
4508.0,0.01847865318916401,569.1327878733167,10.731654794728204
4509.0,0.025152913250889836,566.3301768917255,10.561712474679746
4510.0,0.038726977124723866,563.6892222261416,10.353122931956147
4511.0,0.05810776372247028,560.8561010207684,10.185003067271426
4512.0,0.06958770705883251,558.210261859439,10.124894006346098
4513.0,0.07267794854871011,556.3293124128769,10.089623179095558
4514.0,0.07858252611306214,554.5909638569907,9.99719089201224
4515.0,0.08213600619843969,552.3044959643476,9.881076722724
4516.0,0.08075400975624972,550.2552642547168,9.767839938078097
4517.0,0.07274745428536937,549.4370302149538,9.604888903767272
4518.0,0.05779117436420259,548.7912379242372,9.490281689800808
4519.0,0.05168220705058408,546.4736659724219,9.454382310332285
4520.0,0.06369015758742819,542.1332482970503,9.496878403138323
4521.0,0.08610458632778888,536.9820755161516,9.708894006372434
4522.0,0.10377660854981251,532.8302525793777,9.987489895812962
4523.0,0.10625859883235622,528.5697368244447,10.126276362266344
4524.0,0.08961846920863335,524.3083124419985,10.145170584834434
4525.0,0.06397066106260825,521.017031967522,10.178432278819493
4526.0,0.043744073872705395,518.9113429317679,10.27045134117516
4527.0,0.037923990869088806,516.8981135074713,10.334372085647711
4528.0,0.042963481123795576,515.110797720993,10.421029833680763
4529.0,0.055423810007664207,514.7563922077624,10.577338207524
4530.0,0.06483355961292218,515.3283655300925,10.767724501153634
4531.0,0.06549512317602234,515.3155650570816,10.970732434332161
4532.0,0.06920428857972635,514.1355124716921,11.314489193856923
4533.0,0.08278464557270372,512.6552805850694,11.733440107871683
4534.0,0.09802194171039365,511.9737662006712,11.869005673957828
4535.0,0.09262401035612469,512.3724363365603,11.612750452646987
4536.0,0.08116347445536154,513.0956145398345,11.130975893009358
4537.0,0.07864101855160337,513.3250820117628,10.638103966961209
4538.0,0.09502936944635541,512.5408217943491,10.301001876712414
4539.0,0.11994900586590262,511.0170494770978,10.185257806025904
4540.0,0.1400049026038439,510.09760956630146,10.323227564224439
4541.0,0.14374512258227543,511.1235024842131,10.692496028015533
4542.0,0.14189372880386544,513.7305897324379,11.249523143993573
4543.0,0.14380390246052208,515.6421575770046,11.735352250155202
4544.0,0.16007779345367296,515.3232437781608,11.95143261786505
4545.0,0.1800794830107526,513.6490987070307,11.883042920153839
4546.0,0.18769558055271038,512.7385766969668,11.669675124051986
4547.0,0.17980127128803963,513.2869288740824,11.375360200094084
4548.0,0.1503760118495713,514.8375312861948,11.144837443093403
4549.0,0.1025508138885133,516.7842304652188,11.16698321758925
4550.0,0.0587160164406545,518.1377838668751,11.392040181453122
4551.0,0.044387296993384874,517.2640694017631,11.54151601870126
4552.0,0.052782787999502506,514.0384513580908,11.610359358557107
4553.0,0.05716670593935988,510.6498802040937,11.676713058259535
4554.0,0.05742135792645153,508.28201918066776,11.867088391879683
4555.0,0.05659081948806256,506.6322530795202,12.099037264958364
4556.0,0.05428870642039687,505.0286504792631,12.204277304397927
4557.0,0.045233816030704935,503.3330456877505,12.20391901755664
4558.0,0.03738415289403236,502.0978188254968,12.154689942622138
4559.0,0.025936812610809875,500.93737085718453,12.07877703066225
4560.0,0.01480599563041194,499.10773124554794,11.904102992967937
4561.0,0.011280181747240043,497.401064660598,11.755029022154206
4562.0,0.007540525630439928,496.3039029864654,11.781408065615137
4563.0,0.0019747011825121115,495.50915463961934,11.895994327211278
4564.0,5.686126393597257e-06,494.5342382071005,11.930951606311321
4565.0,0.0007894267986276286,493.49013080801774,11.751552375766915
4566.0,0.00499464890020895,493.12358584291184,11.477727709793022
4567.0,0.013075019150602494,492.3143052877281,11.419571233953073
4568.0,0.01427779557547305,489.9395144631329,11.702590403262107
4569.0,0.00638108599489008,486.6452161169417,12.206900686036501
4570.0,0.0002441528126521092,483.97736578462786,12.674980676801086
4571.0,0.0002867569692099907,481.89531038612273,12.947785127503547
4572.0,2.8458810702398016e-05,480.14500756180144,13.021474326783999
4573.0,0.005243720775331648,478.98380277232786,13.162526000302986
4574.0,0.021246350747238494,479.12176220248597,13.429230935164082
4575.0,0.044130320809952425,479.4744652206729,13.764695535641666
4576.0,0.07051895878248379,479.33296428339037,14.02326385669082
4577.0,0.10218047617937646,478.61741084968344,14.13484134738626
4578.0,0.13708792824997723,478.68745979868515,14.15567227101405
4579.0,0.1646395302185211,479.6362448810286,14.269294861882882
4580.0,0.19511828994624178,480.1227752512545,14.72442601307432
4581.0,0.22753519150212048,479.7853982412973,15.49240930718404
4582.0,0.261013772550305,479.2557326427022,16.340394073559608
4583.0,0.30098812878882275,478.76593003673463,16.922698244431732
4584.0,0.35284198754540197,478.16374590035394,17.15991867988837
4585.0,0.39341043541087245,478.19349460673607,17.179025261491915
4586.0,0.3991208239520102,479.0153659713628,17.16001387359539
4587.0,0.3613674360684026,480.081877488348,17.036038813993795
4588.0,0.3163372012675049,481.4951546451045,16.903965104597376
4589.0,0.2910693568312337,483.9203984732046,16.851346340931936
4590.0,0.2860106870321093,486.8705567929865,17.04179324577508
4591.0,0.2865137694974365,489.3926995806174,17.31615394781026
4592.0,0.29529565620787734,491.6264723231871,17.589424371396557
4593.0,0.3172631005688773,493.7948702562585,17.90898979787407
4594.0,0.3577284905126466,495.96899287794486,18.247896077001588
4595.0,0.4265086928062692,497.6537723654153,18.571610889043058
4596.0,0.5051804457146214,498.95819010012116,18.704227099617793
4597.0,0.5982978101182376,499.8994868646477,18.578161185373588
4598.0,0.6805545798215827,500.2081255685689,18.383802402364996
4599.0,0.7222271927570405,500.795371268535,18.476361024093887
4600.0,0.7066056028346903,502.22055600343384,18.886454290351427
4601.0,0.6920934653544027,504.00349992349584,19.3747819805523
4602.0,0.7687461494548907,505.78828022465325,19.590100779141537
4603.0,0.9330255559189508,506.45138692401395,19.505296738684816
4604.0,1.1278648577764325,506.44113573751855,19.37399215124147
4605.0,1.3262400024300036,506.7302994157592,19.291348895831074
4606.0,1.5008211289080033,508.1820293180275,19.254300027972842
4607.0,1.6301247540442925,510.9573780850123,19.150114150793236
4608.0,1.7768488236071056,513.2937551003242,19.214435858739304
4609.0,1.9581696195328997,514.1762222692794,19.533223033168362
4610.0,2.189842401090792,513.7993822093347,20.028445781325825
4611.0,2.443478970991398,513.7619925301367,20.580079943645284
4612.0,2.671273133720941,515.0861954938796,21.197917199021767
4613.0,2.794245389880123,517.1341679380428,21.817528958569486
4614.0,2.7979147519999237,518.5334039320451,22.336247307196167
4615.0,2.6240381692724233,519.035780906859,22.646873562613465
4616.0,2.320994936283816,519.1635030102073,22.653384264116124
4617.0,2.0365751934807883,519.3213450727159,22.540703241795505
4618.0,1.8348020993987695,518.372502822702,22.39394947555618
4619.0,1.7196655216896333,515.1757345352889,22.1596905492048
4620.0,1.6883419968526234,512.1043363536562,21.764015930344808
4621.0,1.660697972326105,510.4105553100097,21.223578562344585
4622.0,1.5247636141979763,509.580436592699,20.664781679618493
4623.0,1.3572285416023107,508.64597457195174,20.095962412532163
4624.0,1.2292756270526215,507.771979745977,19.66364252945695
4625.0,1.1511608455802897,507.16578893353824,19.526459889102668
4626.0,1.0705423813812334,506.31918446353717,19.69767258720012
4627.0,0.9545556722863233,505.78601281188793,19.850166344791507
4628.0,0.829234211704081,505.78201910118787,19.948507427175038
4629.0,0.7232266436109289,506.1452049237751,20.084340237366916
4630.0,0.6664358942025632,505.9996927977478,20.157543115876873
4631.0,0.634251956536397,504.93018063210434,20.243030639757315
4632.0,0.6483275059951371,503.41371561452536,20.07980130547376
4633.0,0.6962927504328964,502.4119109391358,19.77089910527233
4634.0,0.6864511403408415,501.1049391234753,19.637956317648623
4635.0,0.5851199243169425,499.53055810149726,19.883076069362495
4636.0,0.47752066422369055,497.9007618623737,20.14099024148253
4637.0,0.435821233683057,497.3974075049937,20.2758431900573
4638.0,0.4690846266001012,498.91073548157595,20.189505128223825
4639.0,0.5369833971280804,501.0897847880138,19.977498742957422
4640.0,0.5719960126854728,502.4883747987811,19.7842269993551
4641.0,0.5136401843003027,502.80601037443085,19.476497087420405
4642.0,0.41846379991332855,503.3578425953632,19.19578355618049
4643.0,0.3749936121305288,504.1923007367537,18.896191998383003
4644.0,0.37604001936984055,504.6475681542143,18.447071214228945
4645.0,0.4015069111472329,504.56471175557135,17.85008293661522
4646.0,0.39163824371340544,504.60944415592536,17.187966918071293
4647.0,0.3429348440088323,505.6726261664328,16.582102248712566
4648.0,0.26338811711079074,507.11616882644546,16.004703385602898
4649.0,0.19133763864969647,508.4802397856212,15.564488077084285
4650.0,0.14033743216430472,510.81752585166345,15.40364961082772
4651.0,0.11645566436112037,514.8494445292713,15.453644465567018
4652.0,0.11371778701966251,518.858636772449,15.6320024211986
4653.0,0.1146677913692691,522.0229884219417,15.89813225941444
4654.0,0.10775283530785286,524.4731051383328,16.26315757298109
4655.0,0.09363161201140896,526.9842672838163,16.766252308222874
4656.0,0.08305117059600028,529.1073211426557,17.129900524646555
4657.0,0.08335122949957716,530.6489358078076,16.97144921944993
4658.0,0.0790464302348808,532.212719109696,16.61500787155423
4659.0,0.06841947697516883,534.7102295721529,16.549060417917254
4660.0,0.05977103270532268,538.0319323520855,17.044737997127474
4661.0,0.05947315731201616,540.6377484535388,17.715512472040803
4662.0,0.06374618069760354,541.610831333945,18.140514522541523
4663.0,0.06445912669952074,541.3041232226412,18.35026037970175
4664.0,0.06036460800241015,541.3277263142143,18.592809919515325
4665.0,0.04659104118617659,541.6974961311543,19.080117906789123
4666.0,0.02948990837358753,541.8832338144488,19.60343127246101
4667.0,0.012956975220264087,542.1809857024427,19.72956352079513
4668.0,0.003747030144740157,543.0137142032196,19.3990008060649
4669.0,0.0007550388353209285,543.244030366912,18.802241745040835
4670.0,9.287523835238974e-05,542.471373674561,18.43985768492349
4671.0,0.0006360257022025046,541.9625336046819,18.671331113066945
4672.0,0.00030077548669440595,542.4163644869791,19.28833649692028
4673.0,7.305992761603174e-06,543.5693332902789,19.827040003016602
4674.0,0.0007332505779600155,544.8508906503832,20.005735970295387
4675.0,0.0008782195929529216,545.5076627257639,20.02608073659285
4676.0,3.824175802499676e-06,546.1898414465007,20.126713532210747
4677.0,0.0006725101158399816,547.293263600166,20.34061513546155
4678.0,0.00015165996390089737,548.4575717323911,20.545338467651554
4679.0,0.0002119842817024151,549.6496119201054,20.63129686263319
4680.0,0.0003539714876568994,550.4615948310088,20.645431695778825
4681.0,6.457118878440391e-05,551.501960842062,20.547594180698976
4682.0,0.0001657558401443958,552.4727197309182,20.354236163869622
4683.0,0.0005156169318400068,553.8067654876323,20.14204499484166
4684.0,0.00025570120723559793,556.1801421413951,20.056164010102375
4685.0,7.397616888360003e-05,558.8261072876996,19.961891824852888
4686.0,0.00012335367586091187,560.5827451770659,19.886778586194307
4687.0,1.044672897959817e-05,562.4201103616392,20.000630441977474
4688.0,0.0017698621822728742,564.8446028690905,20.247149440324222
4689.0,0.007352472551833528,566.3305010163463,20.306615947190515
4690.0,0.014194282412857476,566.8185798627811,20.11238797873937
4691.0,0.02654263640319204,568.7140487258026,20.0349479573264
4692.0,0.04645223257283973,572.8482354631484,19.995373798189693
4693.0,0.06258826614166067,576.8053358589775,20.21470146597101
4694.0,0.06536141690426411,580.746050964345,20.507700615998694
4695.0,0.0627737891871205,584.6372950357598,20.99088565077208
4696.0,0.060384476300200766,588.0251526829924,21.620300047960633
4697.0,0.05445889184720406,590.6610250898126,22.294167305599807
4698.0,0.046030423790880175,592.8564626908443,22.734430112199874
4699.0,0.03897005270155558,595.3907448849125,22.979479635279716
4700.0,0.04091510685152868,598.3909229734338,23.165223030836433
4701.0,0.048627125433047994,602.051689817375,23.212269776458825
4702.0,0.05303937508178394,606.4866259143025,23.34536818205207
4703.0,0.046074270474672156,611.5645917374172,23.76306696133802
4704.0,0.038488016679976964,616.0321522964249,24.07965592692676
4705.0,0.03413778003937427,619.9052556022496,23.72988734027557
4706.0,0.024606838424548957,623.4633062340928,22.89928654533601
4707.0,0.008984747882168095,624.6321851310404,22.467392483279173
4708.0,0.00039981642106809743,624.0943293336751,22.592563637985332
4709.0,0.0004645236188961086,622.8842101639517,22.844284987695808
4710.0,0.0016942806074896274,622.0218721757902,22.838698968340815
4711.0,0.0026559489888100195,622.6653777658472,22.599348622834924
4712.0,0.0013139298283489258,625.1247237217818,22.392122968757928
4713.0,0.0005732298985283741,628.9298080117289,22.650194045283992
4714.0,0.005019524121959959,631.279159407544,23.335486749464874
4715.0,0.006031581953827533,632.0048735765845,24.042503382871807
4716.0,0.0023320844255555425,632.0964764351963,24.328511853658462
4717.0,0.00048276482904807975,631.622193559964,24.343029364154116
4718.0,0.001713179284924892,629.8967092155525,24.381759122207434
4719.0,0.006642290750062418,627.1282486988295,24.44938759327684
4720.0,0.01023448873992241,624.3585096884556,24.613564478315404
4721.0,0.010430636987640001,622.0796872835232,24.752172945702025
4722.0,0.010884083284776075,621.3576108196748,24.7699770537747
4723.0,0.011558148527968805,622.2685269173469,24.847509844369075
4724.0,0.011438124963688907,623.1810358815455,25.099483473185938
4725.0,0.00792057636566436,623.3708480403784,25.416367228809744
4726.0,0.004798646005507596,622.6538603906348,25.25760792120535
4727.0,0.002658260361222382,621.7196017384246,24.548874216592207
4728.0,0.002149864377556866,620.3979429054053,23.623631542017566
4729.0,0.00390749884980006,617.7456811135366,23.27447806630722
4730.0,0.005941013459320822,615.743538998072,23.802862735291423
4731.0,0.006498355809264371,614.79610229656,24.624224485575226
4732.0,0.006528329731686417,614.0496533730395,24.918001348283568
4733.0,0.004158475149337589,613.1029666064576,24.4829646613338
4734.0,0.0001761650961983945,612.6470508974005,23.933819757265308
4735.0,0.0034505732208964476,613.5499781342785,23.462517597631287
4736.0,0.016373554305456187,615.1609376885266,23.387106559913935
4737.0,0.02616150325323256,616.3248083338864,23.531504983666625
4738.0,0.019071364182792275,616.895969829977,23.8221691055364
4739.0,0.007742150350460101,617.7600336707895,24.09754946637174
4740.0,0.005020911433392185,619.372810945203,24.36076006923668
4741.0,0.008884366967886456,621.7682485230733,24.61906120601281
4742.0,0.013430084170297672,623.2856192557005,24.918859145443662
4743.0,0.010742211400729729,623.8468099302427,25.25096308313165
4744.0,0.005800068380912429,624.7626065465428,25.2410829241452
4745.0,0.0009977998487209223,625.1649913874261,25.09752252137242
4746.0,0.00035087321319208787,625.8877960490101,25.05747439514434
4747.0,0.004006479826497608,627.8904396512672,25.080173174518812
4748.0,0.006038816124432389,630.4026904327336,25.197310485497756
4749.0,0.0019442640803160715,631.7136022960213,25.36930165583525
4750.0,0.000680395923360012,632.2434658774148,25.057660709287568
4751.0,0.007788397853610068,633.425111728943,24.225271581491203
4752.0,0.023587148133966514,635.8053301690983,23.72088626248556
4753.0,0.04550184722702432,638.0343592833376,23.3923610959563
4754.0,0.05693193085305718,640.6740703336008,23.1391507949651
4755.0,0.057849086307457,643.8319512167059,22.776146805826823
4756.0,0.05707824134488093,646.5305511453821,22.722235327461473
4757.0,0.05329126541798011,648.6455736429606,22.92528002307131
4758.0,0.04430359844963991,649.942011777976,23.17983036517358
4759.0,0.04317380002296384,651.1107689124825,23.267524652457904
4760.0,0.057413062320653026,652.2256078415865,23.059054081803666
4761.0,0.07194225807789194,653.1441906133227,22.659999389119122
4762.0,0.07943450711203845,654.1601820370201,22.23322618533308
4763.0,0.09459600162703684,655.9987306590245,22.084448708808363
4764.0,0.11594881032800491,658.3441996861391,22.01999584559399
4765.0,0.1161146174604026,659.2334806152628,21.942469562469842
4766.0,0.09379041612988426,659.0640349788063,21.50535215916632
4767.0,0.06920271544752826,658.512634086231,21.026201024882948
4768.0,0.053780615465990465,657.5826619016601,20.792203386651863
4769.0,0.05152596278475615,656.3128996016527,20.82032854224523
4770.0,0.051329710003572074,654.2290916954838,20.829363028048085
4771.0,0.05228974023025024,652.4622045621965,20.695053684696717
4772.0,0.056790288208836866,650.6325184989005,20.716644179040323
4773.0,0.05981368760445716,648.4921358963264,20.92990407770786
4774.0,0.05773369989542457,645.4112431554975,21.348114641604003
4775.0,0.05175116777476909,642.8498320305032,21.668146238009474
4776.0,0.042847559292110635,641.8856013106346,21.80864641973713
4777.0,0.034949278021507664,641.8442965590956,21.883358131733132
4778.0,0.022951416757562574,641.2554933520685,21.811955968246753
4779.0,0.005943719204070447,639.9750551168027,21.384190628942836
4780.0,9.831422960099354e-06,639.2735026707307,20.963552228275898
4781.0,0.001605356475609948,640.877019146157,21.01512105105306
4782.0,0.003595934348532042,643.5914139158583,21.364423246165575
4783.0,0.008836133480504015,645.1394916949816,21.654088841809067
4784.0,0.018883316458896404,645.5292052300914,21.779157950755412
4785.0,0.02510341739073631,645.6551658665753,21.752077568978308
4786.0,0.02954297503249,646.9068731018704,21.521290561920253
4787.0,0.04116601175692811,648.5027550569474,21.233891635810085
4788.0,0.06087832307020886,649.6946847508316,21.10990927528754
4789.0,0.0815541201213125,649.6862779600502,21.266146224138247
4790.0,0.09204403583375985,649.1619049418853,21.492780095018805
4791.0,0.09450074824686745,649.2070105898626,21.638580921784015
4792.0,0.09226301760295826,649.6808421991738,21.856749164955254
4793.0,0.09740778948688406,649.2930823129,22.154338737717783
4794.0,0.1266879801495021,648.7736214241215,22.313215661861957
4795.0,0.17505054354777616,648.4918781854035,22.195998018691157
4796.0,0.2541559397482158,647.3249869683501,21.987671751917908
4797.0,0.36643551073628855,645.8526350131621,21.6783590006461
4798.0,0.4647028921574393,644.4268895530618,21.2985048545193
4799.0,0.506488721305644,644.5811897113005,20.75053232994605
4800.0,0.5148920522248444,644.5755382205401,20.248226498832647
4801.0,0.5397083010084965,644.5949915378376,19.980871034410498
4802.0,0.5715146809988096,644.3825671194166,19.707453831926994
4803.0,0.5991008611379238,644.052073406579,19.625300208240326
4804.0,0.5606421815337848,643.3406825106835,19.84903960212121
4805.0,0.4822666081194726,643.6105514950619,19.946581751318543
4806.0,0.4132114970577837,644.8582441767481,19.684091710638064
4807.0,0.35307720520899927,645.8014412847917,19.46419162463136
4808.0,0.31740859633067314,644.7502167866877,19.376151015078204
4809.0,0.3098357323152097,642.0163881033501,19.010847503666167
4810.0,0.31118173923995507,639.7656273012805,18.40689032175504
4811.0,0.29710659210252227,638.8912153085062,17.901232123971955
4812.0,0.28798199589141105,639.9592810685239,17.862457467168
4813.0,0.29686580503644433,641.8072208532403,18.132239391382694
4814.0,0.3078345645431279,644.0806449872364,18.4201090409037
4815.0,0.2912592947781129,645.3099210325779,18.549972663909127
4816.0,0.2561904747328643,644.9827471004007,18.51190698701877
4817.0,0.2432316119079283,643.5628881971764,18.271334690823313
4818.0,0.2566402569786276,642.2555310482793,17.967240544019674
4819.0,0.2775264686769963,641.1281415831892,17.63270527030962
4820.0,0.2531745744399937,639.7109204620518,17.26252607473694
4821.0,0.21431245290954487,637.9802145065388,16.802323462601514
4822.0,0.19966758529040382,635.551031256298,16.41480418160156
4823.0,0.22403267437681004,635.2712869993417,16.462043417917585
4824.0,0.2543380773891363,636.5434746114905,16.627676354388946
4825.0,0.2760877926019247,637.9259346280984,16.754392990826044
4826.0,0.29785744864371216,638.2488366961885,16.72735219275761
4827.0,0.29923085851920034,638.1668534306959,16.572972037331738
4828.0,0.265025176451521,638.5443765533248,16.311981934961683
4829.0,0.22995111165555204,639.2342510942348,16.059608455071455
4830.0,0.242077215300365,640.631515253868,16.140218025820563
4831.0,0.27734960533760644,641.9289190931088,16.483362896852643
4832.0,0.2946049177350394,643.1819304100667,16.803064663479137
4833.0,0.2957588239666369,644.0969661608716,16.778716480267583
4834.0,0.2920099715974804,644.6762456082907,16.61121147977316
4835.0,0.2951732492362798,645.258548143018,16.454670182590924
4836.0,0.31956190794572475,646.2566508895043,16.141346397507306
4837.0,0.3646828905440402,647.0711859650767,15.70693759456441
4838.0,0.4227648775018377,648.7789459001917,15.344319443399108
4839.0,0.4773880926598727,650.7075494405412,14.95851904094278
4840.0,0.5393298324368241,651.6120968694922,14.529454224324494
4841.0,0.5972021430111019,650.7550617847515,14.23576700183477
4842.0,0.6155662628396961,649.4013142703025,14.141538423051218
4843.0,0.5635725908246777,649.3929419962722,14.130452166097397
4844.0,0.491998643903822,651.4836732958387,14.048763955930887
4845.0,0.4711474996834228,654.947901731466,13.99274536669635
4846.0,0.5006614041719761,658.3545446074938,14.01086745633305
4847.0,0.5377230822796815,661.5186798336294,13.895282151486512
4848.0,0.5717347091885882,663.7449093798975,13.622294074073425
4849.0,0.6327090598946119,665.7953126746552,13.324873554709514
4850.0,0.709607282295247,667.3489145612814,13.137370893984276
4851.0,0.7969802439062499,668.6980870690629,13.169978934647833
4852.0,0.87913403975739,669.8271905465755,13.258607764065895
4853.0,0.9581161561694455,670.9816523515473,13.298139147450277
4854.0,1.0369475169584392,673.1567795525619,13.362983073335617
4855.0,1.1370256105748409,675.8301032762294,13.399358058738489
4856.0,1.257841945052381,677.9527737401896,13.4629475508021
4857.0,1.3397089754656788,678.3668617393382,13.503691872179521
4858.0,1.2859031107838224,678.2191309833266,13.624173514220315
4859.0,1.1562386484417433,678.7813742119009,13.916739255423453
4860.0,1.1118015153115992,679.4722743800534,14.248389985639681
4861.0,1.2141922929875228,679.5447208530547,14.42751954587195
4862.0,1.4017980793182907,679.1835090915663,14.345703321715728
4863.0,1.5773196739766533,678.8573413741963,14.38541611613943
4864.0,1.7544064765080103,678.0826556620109,14.742166318316297
4865.0,1.9828999689261364,676.1436082261583,15.207227460358919
4866.0,2.2733784847098346,673.6657921139663,15.587737919385283
4867.0,2.54234127767841,670.528153177337,15.896895280215565
4868.0,2.6680639998989015,666.5172545816605,16.25728995180768
4869.0,2.6566069992784143,662.4612137132531,16.62411328373434
4870.0,2.5813708155602497,659.1552747189783,16.851972283112545
4871.0,2.493722586673198,657.7910149229428,16.785622618259644
4872.0,2.464270846952143,657.5289344877755,16.49836960817862
4873.0,2.5249186800605314,657.0958489700296,16.125994910613514
4874.0,2.6667728715394605,656.1323987147374,15.945099815193297
4875.0,2.812633752695539,655.2500085834506,15.955426846534783
4876.0,2.868312257813377,655.6528634309643,15.9549518331123
4877.0,2.8076456817054867,656.3388689256099,15.894670401761445
4878.0,2.6859714126742227,656.9439626489076,16.04735282403097
4879.0,2.5351522364764985,658.4491952513772,16.242575233597467
4880.0,2.4068012824638716,661.3938300161698,16.04453759064069
4881.0,2.2570758042705616,665.6452410223164,15.495085614937656
4882.0,2.0873908954495244,669.3261609558499,14.9879899891995
4883.0,1.9135546899714428,670.2888606471136,14.925617634872314
4884.0,1.7202136090003386,667.6694787525311,15.297219948895926
4885.0,1.5332105611494398,664.819811262954,15.655794513857353
4886.0,1.3918548461702394,663.6940763747644,15.653940123686601
4887.0,1.3297092350894355,663.8847112118144,15.632863002506403
4888.0,1.2833622862507554,663.4422190433006,15.833763090139179
4889.0,1.167540326572839,662.4629752451742,16.07658582801924
4890.0,0.9499773203568395,661.900644113928,16.246133940816463
4891.0,0.7305214746361397,661.4658648566741,16.213108204271172
4892.0,0.5633560304360202,659.9017367380509,16.069059879405774
4893.0,0.44497876938794334,657.8279923781429,15.927244018475621
4894.0,0.35226750981283844,657.3624278614344,15.83517787446721
4895.0,0.2880678431490305,658.8428111871395,15.67571488345706
4896.0,0.22161718076227502,659.8009515502309,15.670710861382517
4897.0,0.16566809699037124,657.6155704560246,15.745195656147857
4898.0,0.11557303277291574,654.5435156480706,15.80446683250157
4899.0,0.06407990010240623,651.2283187101838,15.837333956379041
4900.0,0.0332977752391684,647.2209554122567,15.858980423808932
4901.0,0.022279511830032857,642.1719503010326,15.694320989986338
4902.0,0.02037806498309744,637.2692590161271,15.394307536306318
4903.0,0.01965713357520986,633.3204269955818,15.268852752539445
4904.0,0.02781502136428942,629.367925959689,15.183732916363141
4905.0,0.05599897234664018,625.7348823939465,14.91985667188638
4906.0,0.08310983256581722,623.2922401739636,14.379793443913437
4907.0,0.06841418287710253,620.5164398960227,13.831190760774192
4908.0,0.026169934091137666,616.0347176937798,13.15963789236711
4909.0,0.0027374661126399477,611.4201458998352,12.495655588686693
4910.0,0.0004890228040996068,607.9351579189296,11.929163751202623
4911.0,0.0010890765613456276,605.1507322314832,11.45542902518552
4912.0,2.607634224998313e-07,602.0997896619318,10.957353268038277
4913.0,0.001806429354452103,597.9372882219141,10.52585143502906
4914.0,0.005319628004208384,593.9124973898063,10.183229750003983
4915.0,0.005403183490322459,592.2399157463256,9.793719614755448
4916.0,0.0014052654223968629,591.6626376677843,9.401153176900001
4917.0,5.85000111608998e-05,591.331387147058,9.089411932981827
4918.0,0.0009741240241216075,591.5777349532203,8.957502306961171
4919.0,0.0012968058052160978,591.8836273290611,8.852165045987793
4920.0,0.001087170588952909,591.859153438122,8.882674779656723
4921.0,0.0016132111590400268,591.4590919982252,9.09242125864164
4922.0,0.0016176797717520996,590.9565456839567,9.371928539550723
4923.0,1.8800896000002945e-05,589.821756429914,9.486369692824205
4924.0,0.00038324209296489625,587.6816019585115,9.25518399923089
4925.0,0.000115417850292897,584.3705265280986,8.778654338944362
4926.0,0.005013246066318392,581.1227786401666,8.291379730995361
4927.0,0.012606780435206544,578.4490059387795,7.934775526277688
4928.0,0.013829905824384437,576.8083206672594,7.6127308687297734
4929.0,0.009662775972336406,576.1143071104943,7.382224415901007
4930.0,0.007043890719852101,575.8881759878749,7.185886835085202
4931.0,0.01439183155872161,576.1159157512108,7.047740250944641
4932.0,0.046512349782528516,576.2605124893985,6.881608189195802
4933.0,0.11244625584620514,576.4539135507848,6.7156390170249995
4934.0,0.17238516081812674,576.3745367046505,6.632670171180468
4935.0,0.181445440046657,576.4063575642051,6.600248040005144
4936.0,0.15376555261284025,577.0209204573953,6.526570417337009
4937.0,0.11547317400463385,578.8212083268232,6.440370216953402
4938.0,0.07801327727544513,581.2831581175878,6.423614113845601
4939.0,0.04538141448913986,583.4205197574083,6.439109657606406
4940.0,0.021715043280062556,584.713517845691,6.409683426727268
4941.0,0.008599505731590464,585.2403509968043,6.176063368052943
4942.0,0.005606806235532077,585.5729243607186,5.817453019958503
4943.0,0.009462641576732126,586.0712212265042,5.397385505646212
4944.0,0.02124922234147689,586.1967889049113,5.031159266484177
4945.0,0.042092496679993624,585.4578897994163,4.706668115725063
4946.0,0.06568464098702244,584.3842486000647,4.456132489693624
4947.0,0.07706017768812254,583.2441782074393,4.337293651993679
4948.0,0.06592473218593473,581.7848034849092,4.291744950850344
4949.0,0.04746095788072986,581.494852398127,4.283548437995719
4950.0,0.027850733395452108,583.743177135955,4.270060909454004
4951.0,0.011520767877825609,587.9552418062189,4.271130882245102
4952.0,0.0028894161858241427,591.1544204927294,4.1493461856313605
4953.0,0.00019787036088960677,592.2288453608207,3.905877067246056
4954.0,3.5648064359993946e-05,592.2700518602649,3.6280852100510224
4955.0,3.1122605055984847e-06,592.3976603890331,3.379030893617402
4956.0,0.0008330612238400365,591.7921006152928,3.152547085559823
4957.0,0.0029834929682496553,590.2216462299076,2.960638039911221
4958.0,0.0032703872812899805,589.1408894600676,2.8459411983078975
4959.0,0.0023796581574275907,589.899520153277,2.8187517493000995
4960.0,0.0027329171408361024,592.9290433500526,2.823693546578804
4961.0,0.005304852736736458,596.8174987101462,2.772660181477262
4962.0,0.011348110386800158,601.1274625807886,2.6804796360663614
4963.0,0.013895892439105753,605.5196306298798,2.590267660931722
4964.0,0.009912565957897,609.8624038143463,2.5644845542686556
4965.0,0.00402091814270414,612.9061623371988,2.543026404712825
4966.0,0.0004927956010000233,614.4067923899179,2.510504206672985
4967.0,5.23581040920939e-05,615.3977667167998,2.457542293084301
4968.0,0.0003362253986024859,616.0690646495299,2.4249120159264104
4969.0,0.00024652673936889435,617.0630672375573,2.4460092926083985
4970.0,0.00023230850438889954,618.1517832123436,2.4951650667637226
4971.0,0.00019398416995240408,618.9319389816112,2.589299904004229
4972.0,0.005163041865576097,619.6313915648619,2.7074308350425627
4973.0,0.016288480109268904,620.6613393391458,2.9130101040281473
4974.0,0.013806247650000256,620.5061968774592,3.1314048824217595
4975.0,0.0020583171249424145,617.8560454467233,3.3002515209411136
4976.0,0.0014187976156248572,614.8299827636677,3.41111274763204
4977.0,0.00885156196590763,613.7989457516484,3.454565808293213
4978.0,0.009163128209092914,615.494375745296,3.4490797403188322
4979.0,0.003359388261652894,618.6600087647564,3.3762175781357953
4980.0,7.303236002500724e-06,622.313053097842,3.2556503777455683
4981.0,0.0017158732136100222,625.7867134115075,3.1983384344220096
4982.0,0.0028796628330000767,628.6483286378882,3.274552524181901
4983.0,0.00017575229126560562,630.3026382285597,3.3818313309543844
4984.0,0.0027789133971599382,630.3996137240655,3.4548824545205874
4985.0,0.014841216109720803,630.8413953477583,3.554592095771508
4986.0,0.03310603903542254,632.3753554056086,3.77706320270224
4987.0,0.052016235075662436,634.0537034661459,4.06744448559161
4988.0,0.06921126529451567,633.9124682960186,4.335194961191609
4989.0,0.07838946115419243,633.470604097326,4.530175570125228
4990.0,0.07598956581020262,633.823416173262,4.685856213744501
4991.0,0.05852965071816026,634.9805878536637,4.823609292370024
4992.0,0.03291966438257276,635.798207909146,4.90314601301962
4993.0,0.01604354850139686,635.6567639447879,4.941390398440346
4994.0,0.00878455182888354,634.730531311881,4.99036416409129
4995.0,0.006988831256592886,633.1001497651532,5.111815272151111
4996.0,0.007969691739996827,631.101461386769,5.1608139408713996
4997.0,0.010783765332907976,628.8410328486748,5.105573523444624
4998.0,0.017747246009064077,626.5617569168049,5.096964964633893
4999.0,0.029024941947726438,624.1572922542047,5.12170543556699
5000.0,0.036386905392390194,621.5807114501378,5.053076169695426
5001.0,0.035825385248402446,619.5958517068024,4.898124193231185
5002.0,0.03478489462026814,618.4796378402256,4.735381136345749
5003.0,0.032795123761177665,617.9560450552252,4.5990295513017365
5004.0,0.024406488087577564,617.8728496913918,4.477640390138345
5005.0,0.014249650509609994,618.3958158861954,4.356766936877521
5006.0,0.0043212440462689124,619.1300078292581,4.241120987351204
5007.0,1.0482483456004508e-06,620.3883011378225,4.1177633538961995
5008.0,0.005478246870432394,622.846010573102,3.9895497144599186
5009.0,0.019759500380880268,626.5298645501663,3.82124898259431
5010.0,0.03254344201196018,629.7044932398472,3.637167302926092
5011.0,0.02891845134414779,630.6313334405982,3.4612850303274683
5012.0,0.016918735589761584,629.1886339435631,3.2935676397972102
5013.0,0.0095974782275585,626.9475257835247,3.123358798081236
5014.0,0.008482188961440089,625.3871864467707,2.977951479059124
5015.0,0.014106170376360137,624.7323981504337,2.86049744895227
5016.0,0.02540161463974575,624.7281235731491,2.767881751776944
5017.0,0.03324343394595249,625.2963046102466,2.6874001931860563
5018.0,0.037958241826562544,625.8921441414457,2.5637180850357906
5019.0,0.044828809502422455,626.9806366872259,2.4427057978896394
5020.0,0.057382520871320286,628.8740061361298,2.3711014358051345
5021.0,0.06777356766894502,631.8947604225385,2.3210267162102247
5022.0,0.06788633376600356,634.976951165001,2.2663415244487823
5023.0,0.05571989520238455,636.8177618097026,2.1865752790732897
5024.0,0.040678573734489985,636.7387098004922,2.078452496352888
5025.0,0.029961062022169645,635.7724706746786,1.98861722163556
5026.0,0.025697949513640194,635.1653434244229,1.9644165732261316
5027.0,0.030607743931476167,635.7813926149064,1.9641025205259361
5028.0,0.04049092512354482,637.9968805272359,1.9133821117403136
5029.0,0.045508118804742474,640.7630865190278,1.823651218740216
5030.0,0.039356770900868185,642.986683038273,1.7112843385348486
5031.0,0.037655402499999935,643.3801472145808,1.638874325524973
5032.0,0.05313741879180241,643.4923173868482,1.6471143279362301
5033.0,0.09770502483868095,643.4422400549436,1.7217317703159727
5034.0,0.1496632825222923,642.8462550249511,1.7807764189690227
5035.0,0.1636694570790727,640.875584261645,1.7323074963825411
5036.0,0.1647700721934402,638.8136730139037,1.58800246950409
5037.0,0.17231335652947374,637.7052603806851,1.4194409892687028
5038.0,0.1732110779263227,637.9839269724965,1.274813584781545
5039.0,0.16503266818693715,638.694257864729,1.1456014282003986
5040.0,0.15478493809420912,638.8986612219181,1.0093387819949318
5041.0,0.1485812309767696,639.1002426122326,0.8829701618786064
5042.0,0.1515546846500627,639.3574250797172,0.7824621919213448
5043.0,0.1588477619604101,639.6667989498942,0.7350243824674967
5044.0,0.15875156484496003,638.7599263487459,0.731568419252353
5045.0,0.14859846935347876,637.0702589324856,0.77941494088704
5046.0,0.13499063717091847,634.6712470111233,0.8686144004265224
5047.0,0.12783652489267572,632.235708334883,0.9665623326465606
5048.0,0.12111683458003371,629.8950567812298,1.0557576063004357
5049.0,0.10381978674820827,628.8567103995626,1.1400719321770802
5050.0,0.07588979788986085,629.5439014300108,1.1964798419805842
5051.0,0.048840146943725016,631.42917321164,1.2149118546841602
5052.0,0.030786544974902717,633.8990325829285,1.221576214095372
5053.0,0.022329889748972036,636.0510909768461,1.2313343965698065
5054.0,0.016361991396000135,637.8476068915894,1.2499849317425624
5055.0,0.014617813487222577,639.5890543205942,1.2723693811619903
5056.0,0.01625820080852252,641.6246072291309,1.2827928628118916
5057.0,0.02141051397582254,643.275491672814,1.3006650921357026
5058.0,0.027094108104294513,644.690955918085,1.3622520545526915
5059.0,0.032132656174105816,645.334930480177,1.4693901225870407
5060.0,0.037022266145124105,646.1637149738551,1.5793147459224102
5061.0,0.037832549024928164,647.6091588711158,1.6167645345027133
5062.0,0.036703490300402666,649.8862602318288,1.5432002676774543
5063.0,0.03453850898425206,651.8059512979079,1.39852785927969
5064.0,0.04230636447571215,652.1983266574046,1.2593811623955409
5065.0,0.06195955340889769,651.0146759173157,1.1625835557556226
5066.0,0.08502306604512239,649.2599795593104,1.09239726071961
5067.0,0.10395733250322237,648.5736504953824,1.0286530605826225
5068.0,0.10951685566755598,648.5802587177074,0.9573324661583423
5069.0,0.09959585517337223,649.751924354996,0.8697183633550866
5070.0,0.07736476897175279,651.9596620822605,0.7968887587927878
5071.0,0.05736395751990785,654.7872432759588,0.7875474995040128
5072.0,0.045901271387472554,657.340565599616,0.8396491415081639
5073.0,0.04550111770420828,659.4268804158966,0.95562668179456
5074.0,0.04321088479239846,661.0384479777973,1.1285149439149054
5075.0,0.03353164890992033,661.5839351542251,1.29727954073124
5076.0,0.017350656305172248,661.1792049223145,1.3277309233020849
5077.0,0.0031040687387888883,660.0865079059695,1.2356919322745759
5078.0,6.843624166440841e-05,660.2806099139648,1.14390789701769
5079.0,0.0013585003694655776,660.5367604355904,1.0577258166256804
5080.0,0.00580688501652641,660.4630481709534,0.9933946239225856
5081.0,0.011176065059948087,660.3423041896917,0.9578364845312641
5082.0,0.012909593023751977,660.2959283721004,0.9302491582830625
5083.0,0.013923414726150262,661.0666477391803,0.9328480259747365
5084.0,0.013351765524025578,663.4208055671965,0.9491774619696121
5085.0,0.011936504253576069,666.8508689380843,0.9410578062161954
5086.0,0.011175312368222367,669.9809170952283,0.8866212566082626
5087.0,0.01407400934724482,672.1463029774715,0.8331116497502502
5088.0,0.02273065210493438,672.9836242064754,0.7910368425823504
5089.0,0.03189408449772237,672.880110555724,0.734053616287104
5090.0,0.03104812449484838,673.0670648531324,0.6636430219346945
5091.0,0.020144695462640003,673.8741911242064,0.62130306469284
5092.0,0.010106321112039936,674.6566666650205,0.6336387021233476
5093.0,0.001916280392115585,675.4937999182638,0.6781564992666563
5094.0,0.000428212251024122,676.9058884857079,0.7237027231176962
5095.0,0.008490078136224488,678.1730279592748,0.7254083058519024
5096.0,0.016842492804677044,677.4914193817173,0.678438512332964
5097.0,0.014434508649689965,675.3653190018563,0.6287324502607802
5098.0,0.006952114338835678,673.4252147455462,0.6174586005589158
5099.0,0.003099859289904446,671.804596874281,0.6384506348447234
5100.0,0.0027332381329444014,670.7254635095219,0.6696521886333843
5101.0,0.004077372905576096,669.7756655325976,0.6997236340765225
5102.0,0.006540480948097575,668.6915984950067,0.707981171137469
5103.0,0.008710464634216866,667.2112792996621,0.6917152755814083
5104.0,0.007910867922163613,666.1683205748457,0.650363360562188
5105.0,0.00633972817420807,665.7270138594727,0.6276834499378574
5106.0,0.007725341172966393,664.8303420467654,0.6521569006837823
5107.0,0.017508698841793596,663.3318914117704,0.7001253263474064
5108.0,0.027294849644941083,661.8301224764258,0.714869455230221
5109.0,0.025089932739920374,662.4921618329352,0.6934822390887563
5110.0,0.022891926028608574,665.3535878640434,0.6773818211697683
5111.0,0.02824055378654763,669.0419401506093,0.6801333063338023
5112.0,0.04003170628056247,672.3377686775068,0.6855323503328161
5113.0,0.0458655935392517,674.7517936031068,0.661591042503301
5114.0,0.045973522062496934,676.239082295443,0.6173764415769637
5115.0,0.038208102595345114,676.9177608046234,0.5847046709088256
5116.0,0.030109735255264943,676.4964259051159,0.5832993680425443
5117.0,0.026891841120782526,674.3945568117279,0.6217918304873283
5118.0,0.02672172817555245,671.7816565102511,0.6798556905103044
5119.0,0.023535158901592957,669.4597221944831,0.7401968227534864
5120.0,0.017533398540787733,668.8462912366613,0.7733453449283137
5121.0,0.014721456650640246,669.660360493863,0.7689105372751938
5122.0,0.017960701027651686,670.8361463047726,0.7167328299005623
5123.0,0.024971701513897084,671.3305899533086,0.6244290941722276
5124.0,0.029651159351814563,671.5981751687349,0.5183904816436921
5125.0,0.03998910074256273,671.3511989636929,0.43846211641267846
5126.0,0.06947081594384885,670.642402245625,0.391443215516893
5127.0,0.1322382242201479,669.4820091394671,0.3783865654501956
5128.0,0.21066718432650255,668.2269968735653,0.3766568290395875
5129.0,0.2625648791977227,667.6411550446837,0.3713322234591226
5130.0,0.26436546212563283,666.9029915032463,0.34966227535335054
5131.0,0.2379129100084489,666.59041111095,0.30312945010392495
5132.0,0.20541969905625035,666.7155727717293,0.2429379693632644
5133.0,0.17991803412285165,667.3975937874754,0.18380811813768003
5134.0,0.18508897305930277,668.516133965473,0.13947972138962547
5135.0,0.2297380665138005,669.3203409521702,0.1139540382612241
5136.0,0.29142696647685806,669.0799945229544,0.09593547287963047
5137.0,0.3179798040531209,667.9834109582548,0.07550741724037682
5138.0,0.3101924782145477,667.814402201551,0.058349784248999906
5139.0,0.2761665092093211,669.2694868489803,0.04413435428796835
5140.0,0.2273601065737853,671.5109546558771,0.03146998654075237
5141.0,0.18508687359321774,673.8867938006226,0.02061487755259243
5142.0,0.16472815968380894,676.4339513803334,0.010477600308022497
5143.0,0.16051711314805722,679.9618840192446,0.005265715507562472
5144.0,0.16410012800070775,683.7590066589172,0.003942556472448416
5145.0,0.16865899053807723,686.483905090026,0.004517055057721577
5146.0,0.16183007537158828,687.3517906234149,0.005433927762432431
5147.0,0.13314937543503222,687.2624645694435,0.008103983889736885
5148.0,0.08274492151838925,687.4117867701501,0.012706073438288414
5149.0,0.03891670754731233,688.3428405519415,0.022689658996956925
5150.0,0.01217760583779619,688.4840131898655,0.03960723292523566
5151.0,0.0016137638740224213,687.1498890399359,0.06640030688180493
5152.0,4.844466244839792e-05,684.8766918779622,0.10522652352950439
5153.0,0.00037157921143209696,683.1615867241055,0.15393444208704005
5154.0,0.003806525978702531,681.8558769396006,0.20913055198704358
5155.0,0.009816083498822528,680.2297211056746,0.2677261159454048
5156.0,0.012796342541646416,678.3618818533133,0.31472590315909693
5157.0,0.010694883534245032,676.8953212936324,0.3462458400504963
5158.0,0.004417886017152409,676.9585492783829,0.3663145255309929
5159.0,9.884547360899975e-06,677.9650681950774,0.3622273826838241
5160.0,0.005438844202190349,679.1321325920009,0.34602280346322084
5161.0,0.01477886372172239,680.4457684311375,0.3356426335616928
5162.0,0.014988693538022409,681.7513771492715,0.33868558908899987
5163.0,0.0089917464880323,682.493206276601,0.36275202747522
5164.0,0.005285977764372883,682.181256557304,0.4000675591799235
5165.0,0.004262220013062358,680.9924775214728,0.42448349651504025
5166.0,0.0035473935999999276,680.3446210074871,0.41620934851755215
5167.0,0.002990904221505565,681.6195480912784,0.3881624932025345
5168.0,0.002923547597625544,683.9284246766374,0.3635038564620962
5169.0,0.004494151096864928,686.452622694028,0.36546769269977764
5170.0,0.005129322700104117,688.3220830816026,0.40617512536969
5171.0,0.0033507820496835256,689.4177413487491,0.475194860811564
5172.0,0.0010216244193796094,689.4979901361231,0.5592158476701695
5173.0,0.00012047213696039017,689.5821825726398,0.6372930124841955
5174.0,7.813958891560833e-05,691.6405968581718,0.7158275579067649
5175.0,0.00011915141492250603,695.1966400347443,0.8057852710084847
5176.0,0.00011875201907559225,698.397676799896,0.900454309553744
5177.0,0.0028432900727001107,700.2432407777168,1.02853734072489
5178.0,0.009842181628372818,701.8577419015284,1.2125713165977858
5179.0,0.018275162669635445,704.4128596881952,1.4375017005347879
5180.0,0.028279944815616225,706.3977209431611,1.5978918754431506
5181.0,0.04180115188088998,706.3736514497274,1.630990974300605
5182.0,0.0548606573211902,705.6207031695657,1.58309997853326
5183.0,0.0563443317515521,705.4565575883795,1.5937590711477243
5184.0,0.05270210023358442,705.4840978380784,1.6709276575910688
5185.0,0.04900273771798412,704.1722912698764,1.703873277305501
5186.0,0.04145805015625008,701.9284662029787,1.6790098377398541
5187.0,0.03287624613488626,699.6463145819815,1.6448906139317518
5188.0,0.026607762487699593,698.3151005375213,1.6748513479938303
5189.0,0.018155735335968353,697.6633144142226,1.7416267506079848
5190.0,0.005546282839156864,697.2105437283678,1.7882110315584063
5191.0,2.3245897959991202e-07,696.2098067977967,1.7467651985910024
5192.0,0.003728239337676111,694.9292748566463,1.6535901692448007
5193.0,0.00920241716839296,694.6869161305341,1.5355441228721478
5194.0,0.01125344376506251,695.0964247962122,1.4126733522436095
5195.0,0.012251476931232227,694.9720765925612,1.2820120735344784
5196.0,0.012600399252250039,693.4339599551856,1.162148228127444
5197.0,0.012952076495696139,690.6410905490203,1.0932013178087823
5198.0,0.009800435708122628,687.4953430735296,1.0287501850946328
5199.0,0.006785210634312203,684.1889571294945,0.9809770787338371
5200.0,0.007166993895610068,680.9139302866889,0.9471260840082409
5201.0,0.017058475785609973,678.3716791192796,0.9185747427713024
5202.0,0.037565370607694444,676.587077927882,0.8617901648683717
5203.0,0.056755210051590656,674.9811914345119,0.788213467764377
5204.0,0.06869778865291702,672.853059628144,0.702613757499948
5205.0,0.0671942774015884,669.6589398035793,0.6297952302210321
5206.0,0.06410872587294013,666.4583776420985,0.555583637197529
5207.0,0.0672053568608018,664.4479230012032,0.4446579678617041
5208.0,0.07342987316148109,663.8015856115738,0.36504415438054555
5209.0,0.06700262878379558,663.7068931613393,0.34121202760094504
5210.0,0.056106904211481505,664.6358626864946,0.33888647895978496
5211.0,0.049712922999602706,665.4202975918414,0.3289196387498255
5212.0,0.052083770465316225,665.2522530717923,0.32272992933369765
5213.0,0.05869652632979579,663.8226939937365,0.326810259031704
5214.0,0.0673595478023527,660.4457844040128,0.3317811494599809
5215.0,0.08047925013882262,656.082568593673,0.3184428529809082
5216.0,0.08938131492372677,652.043430996909,0.284627467653912
5217.0,0.08751614622643829,650.3275294508256,0.2514414518147845
5218.0,0.07870023408878452,651.0771049380744,0.23687716255207839
5219.0,0.07582023284046763,653.1695149787823,0.2524790353333264
5220.0,0.0639878458880762,656.1764287046116,0.28294563118579563
5221.0,0.03854465609808483,659.6585060297712,0.3205818964482305
5222.0,0.016608489833644935,662.7203580629184,0.34913194206625436
5223.0,0.008405004203016162,664.3770554633714,0.369467921688013
5224.0,0.0079202577573889,666.0831634527408,0.3833998350265522
5225.0,0.012210413540547596,667.4528017547489,0.3889241554798656
5226.0,0.01768890158013703,667.6118676561615,0.3781496662515626
5227.0,0.018398141780062546,666.308022191178,0.3759196046672089
5228.0,0.016036400430708083,664.6972521926872,0.37312692275014575
5229.0,0.013547723860196079,664.2923789007191,0.37966138986555614
5230.0,0.012695015639065554,665.1324482491952,0.39721936081662795
5231.0,0.01655156095923685,667.1788847133855,0.407973675151549
5232.0,0.02584772923184429,669.9184682488249,0.38930917246760255
5233.0,0.03536801919937712,673.7505396483658,0.36024300499410083
5234.0,0.04060294316295858,677.7509151402911,0.3296216513734596
5235.0,0.04791010914708863,681.1863405554354,0.32305027703501443
5236.0,0.05108009972226486,683.4493783825071,0.3345329561702976
5237.0,0.04239980939937984,684.1578442478442,0.36594011132242565
5238.0,0.03250718129435044,683.6487087295253,0.4213683807455236
5239.0,0.037137190350414434,683.2579454992424,0.4780876003166642
5240.0,0.05230836473244838,683.8242007970575,0.5228170940312464
5241.0,0.05321193369149448,683.8876982109866,0.5132119671326597
5242.0,0.03342714530804632,683.3015171089445,0.44810723112193435
5243.0,0.01614530329778905,682.7611938699241,0.3710954355265609
5244.0,0.008973843000337017,683.4703540095641,0.332136201392508
5245.0,0.007804604029068976,685.2780039333442,0.34126428619089005
5246.0,0.01070800071148088,686.9334419808611,0.4046767332238849
5247.0,0.016102640498592436,687.5702806806763,0.48834007018568876
5248.0,0.02209810982774898,688.0470670975785,0.5544704413923984
5249.0,0.02749442851251364,689.271073080915,0.601711591494504
5250.0,0.02710649424024999,690.7693878326633,0.6209664109222084
5251.0,0.021168672809376475,692.2018142699068,0.6260159067441889
5252.0,0.013654004295122498,692.4377226564584,0.6190795594828882
5253.0,0.009444628784910397,691.2780944593204,0.6381502664638863
5254.0,0.010920943891022415,690.0797424042872,0.6988882586614369
5255.0,0.02103943577705289,689.8297704949244,0.7904399171129342
5256.0,0.038477721651612354,690.0364858377957,0.860696813242001
5257.0,0.06169482506642523,690.4097571723631,0.879516237050573
5258.0,0.08006927045521957,690.9658481835554,0.8580136642966728
5259.0,0.08425610397176052,691.6596290933908,0.8343683404375227
5260.0,0.08312718839497975,693.068429975391,0.8139107269434003
5261.0,0.10202530978428012,694.4115089364507,0.7917907017994884
5262.0,0.14179239527195628,694.9756866537679,0.7762548469566277
5263.0,0.1666593342292764,694.1490566879849,0.7624270538750761
5264.0,0.15719247320200377,692.355185329219,0.7634690498944657
5265.0,0.15545115121624362,690.9415988241086,0.7445784963037444
5266.0,0.18684782579064066,690.8171528824284,0.715984359430788
5267.0,0.2277535506555025,692.1111612804318,0.6458534350110049
5268.0,0.2542557488640845,693.8691158337643,0.5587629326699809
5269.0,0.26689625539720124,696.5045461285483,0.4929181658513162
5270.0,0.2752288304609537,699.0216717467632,0.44835403570515353
5271.0,0.27622691526024407,701.1800495357967,0.4322057766884882
5272.0,0.28240337956063255,701.9580289741493,0.4636894432804517
5273.0,0.29185102440046484,701.5280399812526,0.542028266615976
5274.0,0.2934012755574785,700.6976424298775,0.6527376672321125
5275.0,0.2649823772120724,699.4572049985807,0.74684129432004
5276.0,0.21388407832456124,697.309776817799,0.7596770770215935
5277.0,0.16383987816253215,694.0379412566199,0.7120085993882402
5278.0,0.1389752098625643,690.9400963304271,0.6750570581364738
5279.0,0.13936419375321984,689.8749552950337,0.6578685616155409
5280.0,0.13859670199020865,692.3177371557375,0.6202084308475968
5281.0,0.12369585133172431,696.228904434378,0.5592949086584483
5282.0,0.10892949739719626,699.6672373435396,0.5323425572552481
5283.0,0.09825881413726449,701.4035934426374,0.5759210442649444
5284.0,0.08141304340868415,701.1868045502091,0.6421263872918521
5285.0,0.05917893546118408,699.1260827985966,0.6949980825237025
5286.0,0.039511675547193745,696.6614564252153,0.761878940934833
5287.0,0.026768202650208073,694.6580260903193,0.869491367860344
5288.0,0.016917442698384886,693.8620273823443,0.9681246207768976
5289.0,0.009107052857574462,694.7712418372363,0.9983111936194579
5290.0,0.006139559306515582,697.4053583394161,1.0010441524213638
5291.0,0.0070513370906176796,700.6121584603069,1.03655387714641
5292.0,0.006737980059039977,702.4426565516255,1.0609936084647937
5293.0,0.0032913180474001603,703.6088240816255,1.0392531426262754
5294.0,0.0014357286388201045,704.7431468800213,0.9674596748382785
5295.0,0.0014290093490176327,706.9754533118802,0.9078052778361858
5296.0,0.0021886378610944286,709.2651513525716,0.8797541794124945
5297.0,0.003973335583360034,711.5216003772506,0.8749488958922209
5298.0,0.007354168716602478,712.9643582348891,0.8800148556137449
5299.0,0.013224579103348852,713.5189455542805,0.90062565518874
5300.0,0.019245258216198494,712.3109876748447,0.9394139070616688
5301.0,0.035308739998440176,709.5241480713923,0.9766342083288023
5302.0,0.06836990252743227,706.8578954232726,1.000182788352132
5303.0,0.10833402169699594,706.2017334869901,1.0093651444071559
5304.0,0.13007672479548035,707.9573688033555,0.9932288012548225
5305.0,0.1530810619080625,709.8858459359836,0.9619887661212675
5306.0,0.18543041505034275,711.6564867489902,0.9408164654541638
5307.0,0.19336101299915584,713.3531402391667,0.9215548421531903
5308.0,0.16389625957146095,715.3097294765699,0.8880584651817315
5309.0,0.1293675299419205,716.515685923541,0.8288436732885905
5310.0,0.11608880322452511,717.1463147040325,0.7991892266043454
5311.0,0.1228351859718203,717.7724616707932,0.8136443559804171
5312.0,0.1420736693260924,717.9328014070214,0.8892197295208705
5313.0,0.16159040464594837,716.7897625793076,1.0273427135863054
5314.0,0.18547477118355243,714.5046997399172,1.1707182654070225
5315.0,0.18634812314913649,713.1323642138944,1.2765492720870402
5316.0,0.14973609906710036,713.0776866517101,1.3145111142841162
5317.0,0.11011522381009964,713.6202663808494,1.3112745989788201
5318.0,0.09328458333756243,714.1357564626395,1.2595618240960804
5319.0,0.09904127002973286,714.491940393322,1.2239949885370252
5320.0,0.10630112304456085,715.0319115640995,1.23135663415801
5321.0,0.11476593272486439,715.2696073127054,1.2461719499013184
5322.0,0.12313933701762256,714.8657760029786,1.2632480695587482
5323.0,0.11527327358787265,713.835750314297,1.2776530525955856
5324.0,0.08005165967336034,712.9977385703063,1.2832579976636487
5325.0,0.04394845162209964,712.5819035474387,1.2738236221802028
5326.0,0.022493343492396164,713.0022106312094,1.2645507405540024
5327.0,0.011444487184788204,714.0363967412819,1.2564370983719026
5328.0,0.003760723736067585,715.5717405498322,1.2833263296592037
5329.0,0.0006895161746496,717.7291681576929,1.28616602537476
5330.0,4.3881615462403164e-05,720.0122841155718,1.2575884010778002
5331.0,8.014546576000148e-05,722.7830710690898,1.2418150142056514
5332.0,0.004629769558608024,723.0406852920195,1.24772273362801
5333.0,0.02179916414116001,721.7526868643707,1.240479001896485
5334.0,0.02841234886573685,722.3208439678657,1.19895820593025
5335.0,0.024118239088230457,724.5378953527704,1.1279581891301376
5336.0,0.022608703978848097,728.0401691461802,1.0640191104295205
5337.0,0.031049809035393675,730.729473271909,1.0218329257405505
5338.0,0.039768755183102404,732.1666715230052,1.0370508165118864
5339.0,0.04906190889059292,731.5907434056122,1.1163648042483556
5340.0,0.06318351864142209,729.8228156652028,1.2320186605424897
5341.0,0.08919896037780227,727.9158252783876,1.3939267010596932
5342.0,0.12236300632197766,726.8511665178777,1.5785066353385955
5343.0,0.13141621168878745,725.9993856349629,1.68651623720836
5344.0,0.10812763655762883,725.8817814310964,1.724503931429616
5345.0,0.08148019533096962,725.9042551661881,1.7933562281895001
5346.0,0.0824921000787844,724.9874361594619,1.8791116941683024
5347.0,0.12061365726935258,723.6263154799665,1.9345193569
5348.0,0.18861363231682404,721.9641856081887,1.9394021345731562
5349.0,0.2357068709321103,721.381723143288,1.9214741997562501
5350.0,0.24103895259355207,721.1871213624822,1.8628763953072902
5351.0,0.2252668497421219,720.5727073462735,1.7740901631640578
5352.0,0.20840455742171032,719.3552225221147,1.658813708478336
5353.0,0.2013231109473936,718.8285370267275,1.555219026831324
5354.0,0.19483811801018375,719.6048095502025,1.4538753846330026
5355.0,0.19251773516466458,721.6413569500421,1.369997984282957
5356.0,0.19664420414438885,722.872384552859,1.309490759827829
5357.0,0.22915187094360992,722.37591184726,1.26760419816849
5358.0,0.2754233109100944,721.5319868296214,1.1994134279530224
5359.0,0.32549795406951826,720.818671029693,1.1254292226890004
5360.0,0.35128355793340404,720.6067737424584,1.0709024354861056
5361.0,0.3512442398603043,721.0374494317401,1.020382637774808
5362.0,0.33563573937100827,721.6195225573382,0.9883487769095824
5363.0,0.3027029950439394,721.200314711515,0.9724577020092899
5364.0,0.2981841446937593,720.2215283711091,0.9447158640285026
5365.0,0.3326153359332961,719.828997106974,0.9067514952249999
5366.0,0.3764938539219023,720.1089979491977,0.8702192346233766
5367.0,0.35981655537535184,720.2332534793791,0.8015290537704025
5368.0,0.2954107401593396,720.0743035937841,0.7152220550923204
5369.0,0.26130410294755635,720.5155227302165,0.6607718296864129
5370.0,0.2642119239599394,721.6176077656221,0.637032871000692
5371.0,0.2903409911123396,723.8504069724536,0.6174704816904099
5372.0,0.33710677604446104,726.971093568706,0.6288463196628561
5373.0,0.3825027041320807,730.3253935969209,0.6807293499992976
5374.0,0.37327743697092214,733.0339131767689,0.7410737414209602
5375.0,0.31241105065500424,734.3089139746726,0.767377594320828
5376.0,0.23478789814768908,731.9563164684512,0.7497227523787023
5377.0,0.18185647237046898,727.6428189954352,0.74838693676096
5378.0,0.16093147977827543,724.6508197343359,0.7726907873620223
5379.0,0.15816328559835016,723.9120114438813,0.8212271486669056
5380.0,0.1609621541367922,724.0358083853239,0.9123424314157923
5381.0,0.16715275400937593,724.3088337370266,1.0392788326140674
5382.0,0.16829274702030025,725.985307805757,1.1773875169085122
5383.0,0.17597575298872953,729.2671343876642,1.3250340647295376
5384.0,0.1921889572888316,733.3094485595626,1.4971138297699609
5385.0,0.22097847816890998,737.5496541708316,1.6726640254869172
5386.0,0.25257141840422537,741.4629877685275,1.8672782216295323
5387.0,0.26483971402564016,742.1489892389664,2.0128427662596096
5388.0,0.24388541251795345,738.3242677836864,2.1118343884467357
5389.0,0.2146831864562883,734.0491281678813,2.155692138579002
5390.0,0.20604845941387187,731.2398196182704,2.1800431842994255
5391.0,0.2130172239056519,729.1034034064973,2.2112312759984833
5392.0,0.23220074967073706,726.4019553724677,2.2352909086085453
5393.0,0.25801373076827,724.7113152125468,2.2451508055622527
5394.0,0.28430927828355973,724.2336047432722,2.269694017347137
5395.0,0.3019929146869919,724.1047830825995,2.2811998958125055
5396.0,0.335170990975411,723.5333052903068,2.247215601963696
5397.0,0.41529295061735205,723.1708456022427,2.1821664311366926
5398.0,0.5369975400973459,723.3934566767986,2.0960334848154023
5399.0,0.6492902720102497,724.0160059108721,1.9974469651372095
5400.0,0.7060729152141024,724.3895216553645,1.9230013998250273
5401.0,0.7603873310436478,723.8222215878969,1.897541431513073
5402.0,0.8276558157799271,722.6314067245871,1.9327580542221563
5403.0,0.903503155604508,720.9612799765006,2.016212734748084
5404.0,0.9413595839073967,719.7146838157518,2.0973887282144164
5405.0,0.939200241957433,719.0996065495453,2.167804539978492
5406.0,0.9313322917902471,719.6902752913323,2.2469936249260516
5407.0,0.9512286207902496,720.7009304210119,2.3453874659403238
5408.0,1.0105378160760088,721.0222232743746,2.4414842193725024
5409.0,1.075761312133939,720.451211873895,2.506738383123428
5410.0,1.1230535092659955,719.0645761200975,2.5140815997922252
5411.0,1.1732640945443844,717.4825654053769,2.472158201514629
5412.0,1.2503896232755676,716.3974311511707,2.4851569570165637
5413.0,1.318435692415403,716.7320118560083,2.6125959538161285
5414.0,1.3679883006505011,717.1755320673315,2.79517273656654
5415.0,1.3962354428033645,716.9841515097888,2.9509920280923287
5416.0,1.3769188849942955,716.0378365333742,3.0747668441717155
5417.0,1.306053963346751,715.3304138868012,3.167909628975062
5418.0,1.2412846764657923,715.0616110104323,3.2207545883522886
5419.0,1.23278243367017,715.6135682661275,3.2681856012812647
5420.0,1.2793559465869915,716.5393017513779,3.3077051547450624
5421.0,1.356592269061127,717.484180593947,3.412564617990096
5422.0,1.4576586715063298,719.225570724881,3.5379423935567718
5423.0,1.5960595392562498,720.9190895170334,3.5968799404845244
5424.0,1.7573866051798672,721.8177516275557,3.638453894269849
5425.0,1.9189075887129594,721.627731906396,3.6693926789314917
5426.0,2.076612853593062,722.1994274793631,3.65477009207209
5427.0,2.243153935559737,723.48484401623,3.6440668897049666
5428.0,2.44062337527029,725.278996915579,3.6676402986570653
5429.0,2.587390540442032,727.144125368661,3.692438835889681
5430.0,2.600809514776502,729.3365457729631,3.750281016915493
5431.0,2.5977128870259967,732.1511838157367,3.8266504036664117
5432.0,2.7072263452053127,735.3209930094156,3.928287808763357
5433.0,2.9084959872369414,738.5691540200545,4.013163732456532
5434.0,3.0187132515846913,740.8205201791347,4.117699230563789
5435.0,2.9097625101667606,741.7669374455897,4.3192176233925625
5436.0,2.6801918865223047,741.2736959783297,4.51046366069045
5437.0,2.5374955964184207,740.0716576832452,4.5507184013608635
5438.0,2.5303889094529435,738.5423841961776,4.458089137851562
5439.0,2.602919421962164,735.8227795699044,4.315214301782172
5440.0,2.6715565140265016,732.2644071230094,4.07395010525618
5441.0,2.6831515521578098,729.0197506337729,3.8239040249898606
5442.0,2.6005702919814224,727.5362981115509,3.669733657580912
5443.0,2.460693850494813,728.1328824642275,3.645034864902554
5444.0,2.3491653049816903,730.3665028142948,3.678661396746343
5445.0,2.352274400747265,733.2180119725217,3.7113969328619048
5446.0,2.4213254311451555,736.6762595668924,3.723416904055748
5447.0,2.5570595648367225,739.7659471331377,3.701389940226109
5448.0,2.7885155124526135,741.5395763322861,3.6264658171421127
5449.0,3.111677619147144,742.3792610506664,3.4503884262892948
5450.0,3.5264047131243097,742.7535816610542,3.2360903201563227
5451.0,3.915565974660788,743.0268804253467,3.043779476591886
5452.0,4.252728396544514,743.5649775741308,2.96179763095876
5453.0,4.575986894926923,745.1675923725192,2.9658827351803456
5454.0,4.9230985568480365,748.0475030319312,2.97320428252324
5455.0,5.310421913619972,751.6294952345336,2.90552172539281
5456.0,5.689484254285438,756.4214359146914,2.7400805944844544
5457.0,5.925432704476168,762.0476047893908,2.5836209573331597
5458.0,5.945007324235646,766.5749803551903,2.5178378269549446
5459.0,5.88009830179396,768.7206327603081,2.4727750885858804
5460.0,5.751368228257082,769.8491167291018,2.3771650015691774
5461.0,5.669208191518206,772.911846877729,2.2329783353593156
5462.0,5.633199917626415,778.7352430629827,2.0562227835576024
5463.0,5.629942087950008,783.8712736043894,1.9167443330399299
5464.0,5.638875093240665,786.2810466059574,1.8239077277328382
5465.0,5.592819693642775,787.4641550978963,1.8097316782007826
5466.0,5.528648229262373,788.9117047874441,1.8561565938942244
5467.0,5.53723952783064,789.6679859765286,1.8990879219145202
5468.0,5.5913682507190545,789.6494809935061,1.9125863274578945
5469.0,5.637958665169958,789.9462820826478,1.9102742977804927
5470.0,5.610237631579759,790.3106270910524,1.88498247628729
5471.0,5.516854863361957,790.4737440224591,1.7933041619290249
5472.0,5.419065613356596,790.0283806678411,1.6729566637666275
5473.0,5.339231248423074,789.2156370904643,1.6240392359088802
5474.0,5.287799404904832,787.5923129022844,1.6557081914205625
5475.0,5.331517159001307,785.346417177879,1.6588183966175374
5476.0,5.4597101681691536,782.7760324825979,1.63444332609318
5477.0,5.624256801738431,781.0921304665711,1.6569176163001347
5478.0,5.852218212372506,779.9696818327313,1.7201056423228802
5479.0,6.081496953938958,778.7637273603286,1.7115717535010704
5480.0,6.1663451644485265,777.6743894932332,1.6731829178871185
5481.0,6.141273516176489,777.6780053017263,1.6189062805117502
5482.0,6.244362122000505,777.6966148849694,1.5645519732530704
5483.0,6.536727162165759,777.1921662865955,1.5227857395452025
5484.0,6.8827427529332725,776.4283935748354,1.4916008274094321
5485.0,7.113008002037737,775.0148039682911,1.470750289495604
5486.0,7.235660406876522,772.210738921268,1.4537202547183683
5487.0,7.325878219965121,768.6542780072095,1.4501095616045026
5488.0,7.45460940560656,765.9773475485199,1.410889769113616
5489.0,7.601356739454755,764.0116620253383,1.3427494193014222
5490.0,7.75139077069344,762.1959883579257,1.2415601045699858
5491.0,7.893037453214099,760.7012981445146,1.1808512759654362
5492.0,8.06516043078921,760.6395663643347,1.1747750873509764
5493.0,8.251434518312863,761.5024707135029,1.2007089124074495
5494.0,8.484197556757868,762.8688937806178,1.2099800240824463
5495.0,8.761849352174092,764.1871561061924,1.1969741105441343
5496.0,9.040862416591235,764.9898658063729,1.1919505750367123
5497.0,9.217508399783602,764.9886023688908,1.171732879298532
5498.0,9.235477785470549,763.9293561371984,1.1100346935777858
5499.0,9.041443219926533,762.8846588520981,1.0478350621354227
5500.0,8.793781075069617,761.7411686363831,1.0499932030118977
5501.0,8.64141465974602,759.978721758066,1.07633051383225
5502.0,8.60719622886552,757.8034843712933,1.0680768591622418
5503.0,8.639412242157041,757.163091749123,0.9634469985272894
5504.0,8.60021754146256,758.4207478025567,0.8049758071557138
5505.0,8.495132974980498,760.18762162431,0.7024321268378177
5506.0,8.330959692409232,761.0685434856043,0.6748522605969663
5507.0,8.108478413471781,761.879642417406,0.6779860614128282
5508.0,7.8907228567533005,763.6029474393262,0.6628063217274722
5509.0,7.751930846018103,765.3219625556542,0.6279919323467362
5510.0,7.662453511489963,765.2845529262491,0.5642665848582401
5511.0,7.5974298207534705,763.5922213094293,0.5078092352740227
5512.0,7.621352902914445,762.0021590101717,0.4722236915109157
5513.0,7.738133062499998,761.5777984562708,0.47039035967000986
5514.0,7.843978352568706,762.6565001972161,0.4873286428509184
5515.0,7.894463877962498,763.7281809114929,0.504053751660805
5516.0,7.9863157901295585,763.8450509446849,0.5117267527536241
5517.0,8.13368890358204,763.9838009451925,0.49955184965563243
5518.0,8.319641638765209,764.2563941217712,0.4683696196876226
5519.0,8.50792046688264,764.4114245837552,0.44723462766136085
5520.0,8.65792478850163,764.89339672685,0.4383391213209857
5521.0,8.700360378529528,765.54444906172,0.4093649361346688
5522.0,8.705165824123238,765.9296974576467,0.35763939051556826
5523.0,8.720538439791406,765.9096766253582,0.2912068937760921
5524.0,8.764536921275521,765.9147289950537,0.22849552950544355
5525.0,8.88965703955678,766.152556268218,0.18074408762240643
5526.0,9.050906903595148,765.1342331317244,0.15736657393359363
5527.0,9.259958365742921,762.600097839312,0.15781285391435562
5528.0,9.520580480007563,760.6280005874808,0.1683249848295185
5529.0,9.839223899933836,760.6825063487939,0.1678116969210276
5530.0,10.14175301731385,761.7963115447138,0.13778469610483224
5531.0,10.428879941731969,762.5112534436716,0.09418037343700403
5532.0,10.604587547397845,762.9677393102062,0.05443703714085154
5533.0,10.702728280356002,763.3214584637852,0.02991356001183688
5534.0,10.833605777489149,763.0508999799733,0.019262047877328378
5535.0,10.915112214451232,762.0464426105038,0.017076878202960888
5536.0,10.935822136605411,760.482648752519,0.020093181570176442
5537.0,10.849208492678866,758.4112918899604,0.023164249467763572
5538.0,10.749288384443345,756.6191439860445,0.020618903699265646
5539.0,10.541404263788293,755.9881412716917,0.013408252751880127
5540.0,10.294850022255677,756.8692441128445,0.005135287455246371
5541.0,10.113375011500889,758.0510075989303,1.435568743210034e-05
5542.0,10.101281389516712,759.209297221033,0.005690479959972875
5543.0,10.183016903590962,760.5209126645534,0.0195661794023056
5544.0,10.286400091956914,761.6861303909129,0.028048759899969595
5545.0,10.42271919931085,762.0824578693978,0.024494034132489954
5546.0,10.62101979606817,761.80193877722,0.017279967451824113
5547.0,10.795392687623805,761.6763317935586,0.013766110667064856
5548.0,10.81670909269496,761.8532627023764,0.017628719982776098
5549.0,10.728327045156249,762.0048322213137,0.03175418506476165
5550.0,10.4981021412047,761.7589981203294,0.057055800295873586
5551.0,10.182772850951233,761.4649216532127,0.07448670738160101
5552.0,10.022651557523265,761.7268246092128,0.07159037636788848
5553.0,10.162395655883584,763.029165510064,0.05958614279345281
5554.0,10.396256228870758,763.873903366584,0.04199027197747832
5555.0,10.672350607546704,764.042413786884,0.027378245945512872
5556.0,11.067324712194031,765.7106305066562,0.021876726175308857
5557.0,11.475788637212352,769.8819097039716,0.027775688928160014
5558.0,11.745307565963271,774.3896714066923,0.04575031383983292
5559.0,11.93520511356902,777.7078300467374,0.06615149535244899
5560.0,12.136060203793216,779.8133803502819,0.07047142199741159
5561.0,12.291428557944757,781.2130237694416,0.06646693453171247
5562.0,12.374597566531342,781.9054311774296,0.057103888881639926
5563.0,12.433504976417998,782.4564317074752,0.04632367310142249
5564.0,12.502826070015605,783.3368645253104,0.03472385899669218
5565.0,12.464142515910561,784.1966546504216,0.02704033929388091
5566.0,12.257856589310391,784.9373089419106,0.021547723921444883
5567.0,11.932344832130118,785.0003209588775,0.015497137656249965
5568.0,11.566674279087072,785.3544892410429,0.013260047589198451
5569.0,11.261784191390078,786.4701235356541,0.011006055645062506
5570.0,11.07882976992351,787.7351935883415,0.006382709294259606
5571.0,10.91321802832632,787.8042114814979,0.0018033891836688903
5572.0,10.730095382210704,786.8514216434362,8.840810222499915e-06
5573.0,10.599316956771009,785.9083787919438,0.0009486350720064125
5574.0,10.571560927371813,784.1503078435337,0.0038477308248063983
5575.0,10.5411997193491,782.5935087356771,0.010316302388640028
5576.0,10.579689412827902,782.6642783712703,0.025609639307214417
5577.0,10.702636220475025,785.6465490498747,0.041102935875188124
5578.0,10.819186876850496,789.7878610967563,0.04516399383196849
5579.0,10.869590953165313,793.2696055075859,0.037433531397600875
5580.0,10.89307594917464,794.9130314917602,0.030079740849414456
5581.0,10.970510451167685,794.3852960170905,0.023734394245284052
5582.0,11.140983006039429,792.8083522800861,0.015025187120652863
5583.0,11.302623821144998,792.5079437461401,0.01069347091737759
5584.0,11.293899327641679,793.3103388778911,0.013621077045796934
5585.0,11.203867335358622,793.5854977591541,0.022383271788159943
5586.0,11.129743960631867,794.6940295049303,0.032292294858324924
5587.0,11.150963359485871,796.9517955802039,0.04473155628268969
5588.0,11.221738959902687,799.4190313270806,0.06152006648911215
5589.0,11.326229942435463,800.4458732787496,0.07652088163584636
5590.0,11.37894846893809,799.7690468898342,0.07934447307588002
5591.0,11.379872763604887,798.5748349299716,0.06953987345313971
5592.0,11.426202151864896,798.4515555546019,0.06502093026368039
5593.0,11.587923770487679,799.9279662517847,0.07054184608812253
5594.0,11.783322807886558,801.8469116933782,0.07590457541162243
5595.0,11.934969156224101,803.8817271554254,0.07510064558230081
5596.0,12.123714170188501,805.3459993199896,0.0698620756159224
5597.0,12.454594523477693,806.3748988531461,0.06347951300098821
5598.0,12.908747747610178,806.5971675081739,0.059928782988673504
5599.0,13.364619855568781,807.7371303522725,0.06324815061642243
5600.0,13.78170801955984,811.2311471622671,0.06917151956294415
5601.0,14.101385168900837,816.31075403541,0.07574418792422448
5602.0,14.244793674663553,820.5795023840141,0.08991170766489608
5603.0,14.27426758146422,821.4619876457577,0.12374950610903036
5604.0,14.231918166160533,820.8853403936849,0.17912883020209958
5605.0,14.164955714677836,821.2835827701275,0.22526060374871296
5606.0,14.198258001556606,822.8647764256032,0.23541577946728967
5607.0,14.318664097761149,824.418321255492,0.22479332083158762
5608.0,14.461476155269057,826.6752624955994,0.22369468989551292
5609.0,14.737865104213,829.8244796172124,0.22340370378912
5610.0,15.117845030552637,832.1776937238451,0.21061664393541216
5611.0,15.530198625071291,832.0407055154095,0.18306654995207286
5612.0,15.90373826346776,829.6946322755824,0.1707577353602649
5613.0,16.354841868544,828.1749301024179,0.20033483870883997
5614.0,16.851304223256673,829.4304355475726,0.25440736550937215
5615.0,17.187738151530283,832.4485007962836,0.2994658716075626
5616.0,17.32627255075792,835.51194789737,0.344118530905469
5617.0,17.380289599159504,838.3555021398697,0.42393773404710006
5618.0,17.43497036028493,841.0615054844905,0.49351064765979685
5619.0,17.505316853911218,842.8361698627558,0.5315359492006144
5620.0,17.598572451757555,843.1386114635405,0.5272688141905283
5621.0,17.621156694862822,843.4984773935474,0.5165801295973081
5622.0,17.73182779195494,844.0302568578533,0.5136639355803905
5623.0,18.080319882964485,844.0670971910957,0.5324160031452966
5624.0,18.528322860690736,843.756029284046,0.6053175633852648
5625.0,18.876899138248735,844.1497452267271,0.7536255978038545
5626.0,19.063869403853577,844.9524726075823,0.9355871486868518
5627.0,19.10408749076084,844.7907130736514,1.0872033328135848
5628.0,18.985423905181154,844.0003653151358,1.233491866665704
5629.0,18.657730026583483,842.9302785533692,1.3730873747373722
5630.0,18.16521732876391,842.4720438446388,1.5030258570182022
5631.0,17.693577684992373,841.9615997763707,1.5709739080896006
5632.0,17.38173734494356,841.1237133293049,1.598077219857624
5633.0,17.204775845453273,839.5631746988983,1.5465291209506578
5634.0,17.187358480373767,837.9415908860638,1.493887631229242
5635.0,17.47680858965584,835.5958948217688,1.5242733093023295
5636.0,18.016790540053375,832.7748001824817,1.6892096664220801
5637.0,18.559550615390492,830.7714366049253,1.89663436512858
5638.0,18.90097875570485,830.2084392107761,2.032499079201056
5639.0,19.00664438369389,829.9687410689688,2.1189903170085436
5640.0,19.237711538693663,828.6525185201549,2.195235487341944
5641.0,19.625009952754006,825.8905743102789,2.269109091659813
5642.0,20.01079437484217,822.2972300837775,2.2571507724948896
5643.0,20.354744440173032,819.0080982479052,2.154983072354323
5644.0,20.786505062915122,817.2466022063895,2.0107740840718753
5645.0,21.4679909734182,819.1427243454702,2.026699712773762
5646.0,22.303368428699404,824.1097260941312,2.1823568779488527
5647.0,23.180502769213174,828.5376374296752,2.344916257586564
5648.0,24.074285598875832,829.96871859781,2.389870934362148
5649.0,24.826389158359163,829.5663757573726,2.3432059409964925
5650.0,25.392677262102968,828.8726189828891,2.245720766585868
5651.0,25.79030226397901,828.6058876322721,2.0590334319555628
5652.0,26.13555986028731,828.3818023669929,1.8551970374761924
5653.0,26.460360695090788,827.6015546384441,1.7829435961201923
5654.0,26.424545733837956,828.3723079125183,1.8629742852345854
5655.0,25.951478426947617,830.8274068311873,1.9999377966590643
5656.0,25.367648405252037,834.2294878342097,2.124738653951789
5657.0,24.99686999797525,837.0031689271495,2.222387112933944
5658.0,24.648048396042405,839.1908056516158,2.300201682184896
5659.0,24.189323921385068,841.1795340805725,2.2642795445453827
5660.0,23.729948231979886,844.3506865338317,2.0774149882819217
5661.0,23.418163833423417,847.3544443045372,1.8520909437036306
5662.0,23.222117089683568,846.9844372923086,1.6842382233465616
5663.0,23.033284425426157,844.2341540156383,1.599004179031717
5664.0,22.74669818246901,844.1833874840061,1.5844191624406372
5665.0,22.434192867928566,846.5905367831197,1.5506229813624168
5666.0,22.27686848072181,846.8111628363991,1.48157464714424
5667.0,22.23100547014195,845.0242094666319,1.4327578167371047
5668.0,22.09892225275284,843.7481219978713,1.3999912522143074
5669.0,21.95717222883968,844.1370892405987,1.338682715192285
5670.0,21.82317656427032,844.4023269475225,1.2826161599496027
5671.0,21.856447246733435,843.7278290652828,1.2664528878430519
5672.0,21.82397222622091,845.4947772794225,1.271934351252449
5673.0,21.64535753258612,849.6850356669603,1.27109254227076
5674.0,21.286257771334622,853.0956632059979,1.2951504734683685
5675.0,21.135697362013516,853.7776970688242,1.3414107009549796
5676.0,21.205388593774803,853.6255521993158,1.3809611644604416
5677.0,21.495113936195867,856.3266758815104,1.4391747102809664
5678.0,21.905836658799124,860.648001459768,1.5864208086427203
5679.0,22.169368530240096,863.5603586157341,1.8220495058422599
5680.0,22.350780138325764,863.2723900538366,2.0303402379840065
5681.0,22.49558693931267,861.3565465294545,2.175044065785364
5682.0,22.300878059018306,860.6664778773649,2.3122951292654927
5683.0,21.577392974182555,862.5202013626092,2.488028637468932
5684.0,20.661561159000996,864.6255482562689,2.6853282510962946
5685.0,19.865217952173136,865.3587264405503,2.9082748652149197
5686.0,19.43610391624329,864.7776962660519,3.14812633110192
5687.0,19.387894600659692,863.4936186947073,3.348924961246512
5688.0,19.670899602941663,862.1766418292352,3.506906749218216
5689.0,20.201255489029265,860.3762526400238,3.6943560064469776
5690.0,20.927339455445622,858.4932083529974,3.978419466249905
5691.0,21.693488339603615,857.080046917933,4.295358590659595
5692.0,22.06044876976704,856.1486077146964,4.580530134023637
5693.0,21.750902558791957,856.0766231483021,4.7458349752191875
5694.0,21.083443215074947,856.9185210749482,4.866339289440486
5695.0,20.528683277880997,857.1153423418818,5.022328050878214
5696.0,20.24855246586951,856.0570807307448,5.162242193308512
5697.0,20.179452411242607,855.5153309301518,5.204997630444033
5698.0,19.962520102139823,855.5704437334388,5.09743190165049
5699.0,19.556128520919568,855.254573181591,4.9514813505293045
5700.0,19.31263009958134,854.1066178890122,4.847662154071305
5701.0,19.503616480842016,852.0733017538186,4.8078781656800045
5702.0,19.95441795123572,849.6739653600729,4.774046574567088
5703.0,20.40742226430624,846.8865684867507,4.668796007941295
5704.0,20.704182897199107,843.872474187082,4.497617293964995
5705.0,20.772977317429707,840.4564428366907,4.350186704670414
5706.0,20.75661488799069,837.3787598262562,4.247090233758181
5707.0,20.797692801376552,835.2760285569407,4.227961812168672
5708.0,20.803254184316394,834.7409558689167,4.208914476814488
5709.0,21.052280414562492,835.4658366085907,4.135912465178604
5710.0,21.754666117288853,837.2703993490375,4.066747351276841
5711.0,22.6388964902608,837.550667221887,4.04814395976
5712.0,23.45479545254862,834.9316214080208,4.143889609788069
5713.0,24.022715419039177,830.5970965138389,4.278290473992294
5714.0,24.285989438998158,827.1398990759975,4.371410100052229
5715.0,24.410242281920066,826.3167580928451,4.439406522981607
5716.0,24.49581142251644,826.0928716511892,4.512441631240707
5717.0,24.45186877376794,824.7671736400991,4.520105866042483
5718.0,24.2951583103416,823.0871388473523,4.490706489546264
5719.0,24.14518701096156,821.94830876156,4.4763012886180364
5720.0,24.168676439082333,821.903513631398,4.471424343346032
5721.0,24.369076974710527,822.4948704698276,4.380659883606761
5722.0,24.740749913695208,824.2461379734564,4.211934797448015
5723.0,25.283425277385025,826.6897334209085,4.114469075525468
5724.0,25.948113268312472,829.7563866453592,4.1799614406211605
5725.0,26.343568080766033,832.2968767812068,4.289247978237
5726.0,26.464855887072193,834.2759237295481,4.335556964932001
5727.0,26.69259732417616,835.5624570702134,4.396440155490241
5728.0,27.193916159904674,836.5208665377565,4.556485952201435
5729.0,27.619674609500063,837.3247870544493,4.6377361682905445
5730.0,27.762996234273675,838.2232872256462,4.483500488212841
5731.0,27.90273406937089,839.8655803311381,4.30891284242241
5732.0,28.541465667238974,841.524807848209,4.317157885062123
5733.0,29.48609439489559,843.5509090370354,4.466181567689693
5734.0,30.128047580720928,845.896389571118,4.500612643063268
5735.0,30.498015859150758,847.8680337997368,4.380829962648834
5736.0,30.947977468855616,849.0981482730907,4.218517122628409
5737.0,31.74455625693017,850.1860149624373,4.122988484945635
5738.0,32.6295955642704,852.0008950148159,4.068901222871097
5739.0,33.28299814695278,853.8754881002121,4.125800576876622
5740.0,33.373105086916006,855.4371578110774,4.236981742449
5741.0,32.82276830813891,858.3888277369402,4.211899456918213
5742.0,31.90985610025052,863.2151922774075,4.092435537933611
5743.0,31.01764316000013,868.7665201963547,3.9447443933805637
5744.0,30.61869428908081,875.048725777755,3.8452401507079923
5745.0,30.62311531615599,881.478347844577,3.8190690252628228
5746.0,30.808511498276403,886.4226977547359,3.9782688356672358
5747.0,31.148872325561545,888.7730124677314,4.3488304731019
5748.0,31.591581306954883,890.7409376448815,4.770140623125825
5749.0,31.84726434657781,894.9391613423209,5.015346409899549
5750.0,31.702478336811254,900.4227322279389,5.051333339544123
5751.0,31.152362407700423,904.7214969806241,4.924911177254527
5752.0,30.3466606140193,907.1371167379606,4.78966137237025
5753.0,29.500527981289313,908.1448253592896,4.754588317853424
5754.0,28.75573036447152,908.2013627380167,4.916822048620272
5755.0,28.33515439039089,909.0832110536461,5.276301247923206
5756.0,28.148885208035296,910.552230428164,5.751873156585817
5757.0,28.026096126230414,911.6166149471102,6.188443121014586
5758.0,27.831152102939765,911.0742399405203,6.477655055521488
5759.0,27.811237820695933,909.0313864327179,6.521377152529638
5760.0,28.254598826840354,906.7696248981388,6.273756582205175
5761.0,28.98909566654615,905.7251234889347,5.91961113723001
5762.0,29.588460184790097,905.3610476747207,5.544137816468504
5763.0,29.937223611765614,904.6109218423201,5.190378363331236
5764.0,30.05106139902182,903.8630418308015,4.97493932103184
5765.0,30.076132873442045,903.4337094674194,4.876883128330225
5766.0,30.056645506306342,904.1787501142683,4.699153632624797
5767.0,30.026875257832994,905.5446006059683,4.448689542981222
5768.0,29.86440551061226,905.8828229332898,4.259917218195755
5769.0,29.62969560783555,903.7220811651796,4.204415246163726
5770.0,29.55192024103347,898.7143750480789,4.165339098695738
5771.0,29.48533896283377,893.5828978288774,4.022246445805209
5772.0,29.303089563525145,889.3196942282713,3.7753856329962256
5773.0,28.88107677904136,885.7587386760465,3.5319264657245215
5774.0,28.4459763761813,882.9217110179619,3.3149344342108993
5775.0,28.220416863173984,881.576786202683,3.1435408081910885
5776.0,28.388188944342833,881.8216892225413,3.0506180224234227
5777.0,28.97463918985216,882.5508378541518,3.0496253347015223
5778.0,29.73871276476798,883.3869502852602,3.119263109852345
5779.0,30.634315786845892,882.9102307547929,3.1777669716503927
5780.0,31.510032779048046,881.1722397604975,3.168559596809729
5781.0,32.01559072379968,878.3498224429184,3.0370206821709003
5782.0,32.190869874416016,875.5939713199086,2.8042928296732446
5783.0,32.257244469979824,873.4513251775948,2.5139727980875874
5784.0,32.26256767381786,871.7202514582808,2.2527651690516732
5785.0,32.063038760867556,870.3152817742315,2.0707245687215377
5786.0,31.767978805302462,868.8765904192727,1.9711330806320209
5787.0,31.536128270821827,868.6138171428053,1.9575652885694366
5788.0,31.49006005936823,869.8317208027795,2.02534083713809
5789.0,31.546696113377585,872.6324187345715,2.1188025681789187
5790.0,31.573498590422403,876.0351404006824,2.1864076560263843
5791.0,31.620747572854466,878.9138356833608,2.184311934628404
5792.0,31.768936534140853,881.6232181609107,2.1395905207185666
5793.0,32.11544924206333,884.2171819460365,2.1093855011394167
5794.0,32.541900856599796,886.6270989725924,2.12986207838209
5795.0,32.744375669581025,888.6840303566872,2.2302147673409296
5796.0,32.61789464900499,890.6769576691952,2.3292498418677603
5797.0,32.419735029025624,892.568872604166,2.41589729526649
5798.0,32.28001256148903,895.1891996730216,2.4518659917597314
5799.0,32.32878514807737,897.8174532042125,2.486483391302864
5800.0,32.41073290680624,900.9327579518989,2.555737391876064
5801.0,32.53316652034468,904.4691299571333,2.575347959191465
5802.0,32.6657152012154,907.6172394692821,2.464995080116879
5803.0,33.05706647325624,910.3484422918779,2.337042685522766
5804.0,33.72929589147955,912.6156363599351,2.2878943236936906
5805.0,34.3583447125127,916.1566372236819,2.297949899472921
5806.0,34.3444945635981,919.2916079308732,2.3138951928904903
5807.0,33.82484530306988,918.3083802366356,2.2610913149993537
5808.0,33.41602760772284,914.9924780345979,2.29700971380321
5809.0,33.3074130158811,913.6314768503258,2.456713261620548
5810.0,33.5921270240994,914.3666766282114,2.6466667244038846
5811.0,33.59471446689945,914.6591322768238,2.720127816961
5812.0,33.320178067186895,913.010491018747,2.60309376419236
5813.0,32.97543718577595,911.3335033799825,2.494723617125748
5814.0,33.00517977048144,913.6798269348802,2.462613574264589
5815.0,33.33103087832482,917.9028131122298,2.458392976307269
5816.0,33.590219513934855,921.2004580524007,2.4688829392718437
5817.0,33.672289732699376,921.3289370901005,2.5135641230048646
5818.0,33.62059391153131,919.2678822168226,2.5735371447660484
5819.0,33.527818325298774,917.2885121440911,2.5376450493615375
5820.0,33.29541761399379,915.8571057915749,2.381568493529597
5821.0,33.25178679465662,916.1905432346882,2.266828981152624
5822.0,33.464843556256355,917.6061812419892,2.322067377608934
5823.0,33.81486267590632,918.5865041273554,2.491300028985268
5824.0,34.21492700899728,919.5686852754662,2.6104827092633687
5825.0,34.46717115211002,921.61725320761,2.641856178474289
5826.0,34.22911468059801,924.6967613404585,2.7060403972219023
5827.0,33.61236566154521,926.7807460454152,2.843419738107833
5828.0,33.151049640254826,927.3671620309397,2.933667465654848
5829.0,33.022639106545185,927.2997415794508,2.9175858985592926
5830.0,33.034442390112886,928.8407594610942,2.8165324271427847
5831.0,33.100583895668265,930.8383940921367,2.6696524114304103
5832.0,33.18448298094651,931.8674305882339,2.5172508833473155
5833.0,33.074920706313605,931.0050586530001,2.3857814061143006
5834.0,32.96056368733455,929.1162086677097,2.3353816696037133
5835.0,33.01243221424783,927.3302646840585,2.411943460614024
5836.0,33.207607165857645,926.1456004984065,2.5325807274187286
5837.0,33.377010416656,925.8298832876786,2.5924303181226565
5838.0,33.4755231820569,927.3560060210211,2.583962758645646
5839.0,33.70068095593114,930.8352424485503,2.5417621983902503
5840.0,34.107797977811714,935.4094907725746,2.4920397152145934
5841.0,34.581338277652804,939.274736643944,2.4722261886591026
5842.0,34.66314479647142,940.4776317950042,2.5446562763564944
5843.0,34.6900135577715,938.4303892499215,2.7039839400202497
5844.0,35.029472265356816,935.3244354743049,2.889043523152196
5845.0,35.57556575234586,935.2170032776075,3.070692882137347
5846.0,35.97187185653957,937.8499781029046,3.230792674579548
5847.0,36.09896399968499,941.4191672140497,3.359525745878828
5848.0,36.352791669881405,944.4047284386129,3.4086542017668098
5849.0,36.94359208875089,947.2317538119762,3.3590383585472026
5850.0,37.613520097369616,950.3633871979895,3.241054381766979
5851.0,37.83384501761885,953.725940356153,3.1143326093179526
5852.0,37.51017982759803,956.6399575919784,2.984262261703028
5853.0,37.252460908293955,959.3829204199524,2.890338207894281
5854.0,37.532346152788215,961.552898782902,2.8895375505014402
5855.0,38.04327104996755,962.0899626027337,2.9793312808686023
5856.0,38.338245943254186,962.0973317723276,3.0278180259250225
5857.0,38.50687870395921,962.9790788986155,3.0135413243847027
5858.0,39.00635568848678,964.9652830555451,2.9570955926153935
5859.0,39.72779084736206,966.4440411477791,2.849862746008322
5860.0,40.157716018534565,967.892975138608,2.7181746273503373
5861.0,39.87650290255317,968.5500005095731,2.635243274853698
5862.0,39.49542591765304,968.6300616928128,2.62165274574146
5863.0,39.734014041530685,967.5516151429886,2.6271167299133587
5864.0,40.55354469908558,966.4963139284777,2.61362023989686
5865.0,41.504630244380216,965.5764667887863,2.567337954834761
5866.0,42.44022110628673,966.6363690711948,2.50506938962921
5867.0,43.593257673562505,968.9659888514354,2.454001045582522
5868.0,44.741253044100674,970.1913554555301,2.4602255336825727
5869.0,45.581899809595384,969.5064494447781,2.4657191370427225
5870.0,45.82561604022249,966.2470441874713,2.449302687216033
5871.0,45.89564821990928,963.0244741443454,2.460522304839144
5872.0,46.04670842175625,960.784793929646,2.4982522298428815
5873.0,46.43673207343605,961.8362853397891,2.5435250239674274
5874.0,46.947776341065676,965.0319808657044,2.561227507110603
5875.0,47.71940058840437,968.3868178750702,2.5032104886390627
5876.0,48.54837757004889,969.7760925588258,2.428919538210757
5877.0,48.81255734261452,969.9792772925737,2.427647314986447
5878.0,48.389879158492555,969.9153293646098,2.4970499595001487
5879.0,47.82527868638493,968.3585334781548,2.6162123387927405
5880.0,47.447767914285365,965.6405033426996,2.700354960479462
5881.0,47.04741098097894,962.4102885280131,2.79677338663981
5882.0,46.51931969294314,960.876703315007,2.909201908088593
5883.0,45.703756133716304,959.5149946076041,2.955938572997862
5884.0,44.921506112213635,956.2143586321126,2.928409795069284
5885.0,44.3580145492588,952.037986517826,2.985917023095584
5886.0,44.314765221086304,949.6300821109415,3.1219649406088896
5887.0,44.976392734682584,947.9906722074751,3.1998459743363696
5888.0,46.138704800179106,944.8665465061786,3.199818426701176
5889.0,47.72839429896155,939.7738848361555,3.191050288198232
5890.0,49.440585116232,935.8384081413826,3.2080935522041285
5891.0,50.90915526554974,933.9707786351602,3.190515191293769
5892.0,51.80137041507927,933.1251216866862,3.198166643995097
5893.0,52.01795372006424,932.458424573044,3.313592971793844
5894.0,51.80485383106684,933.6008183116073,3.5302761827845264
5895.0,51.658430114419204,935.8465081699436,3.699494141435748
5896.0,51.66673259052881,937.2088802461693,3.768110803178573
5897.0,51.71439988160535,937.6304058895465,3.7644674239746028
5898.0,51.898549498517745,938.7322276278344,3.733837201364602
5899.0,52.20741715442821,939.8144857257014,3.6416583914702203
5900.0,52.54076645706095,938.9304315021191,3.542929209870361
5901.0,52.47501139083117,935.9963023034092,3.5029111154350336
5902.0,52.51866926118944,934.4879271734982,3.5084771993397026
5903.0,52.599115394413055,935.403074162851,3.5275059458967366
5904.0,52.618502744097114,935.6643281009825,3.5958254254117925
5905.0,52.646376784993286,934.9590878294825,3.8809236794361204
5906.0,52.68571714697241,934.1070994394463,4.1993205595863845
5907.0,52.90759821226967,935.0898370252385,4.357231203615276
5908.0,53.215517134181226,939.1546049996198,4.22060677568517
5909.0,53.459120791661306,942.1581800168901,3.9807146614736655
5910.0,53.16962214588008,940.8705933671067,4.050273096592741
5911.0,52.97095489641674,938.2291444780441,4.279839392868653
5912.0,52.77860593451665,937.4351352784598,4.495201226105882
5913.0,52.6681008061703,938.9510757247878,4.628385476190157
5914.0,52.24802944535041,940.6748187821398,4.706250585771303
5915.0,51.84651822088297,941.6638003858733,4.644026034400058
5916.0,51.598208663298266,941.5711207202542,4.509508390207297
5917.0,51.227495978196735,941.9670243882497,4.429699833192744
5918.0,50.49609852996327,942.3557708715578,4.361342510497563
5919.0,49.60062194988679,941.231873033916,4.358519975045197
5920.0,49.19678419579812,938.9503084415372,4.421362261236674
5921.0,49.16409619595304,936.8045006038393,4.491886879411839
5922.0,49.2756310081825,934.520140868459,4.538091685443278
5923.0,49.32114519778619,933.2378420448929,4.487118631523999
5924.0,49.37044915194129,933.9545306788579,4.394595527800483
5925.0,49.30221383422438,937.0450021940046,4.304116275190417
5926.0,49.17628625074151,939.9380031685179,4.186798286958893
5927.0,48.95221131751278,941.178597604555,4.0936754739215555
5928.0,48.798052146091266,940.4886873558918,3.958535457359059
5929.0,48.77762459424007,938.1607655243347,3.778736168656066
5930.0,48.47508408026549,935.7832904550435,3.677008242224129
5931.0,48.203591720144416,933.9780160899262,3.6972820541779687
5932.0,48.45932929870414,933.5666399333404,3.789432050901249
5933.0,49.343182293135065,933.3829050546716,3.833096194443892
5934.0,50.43450734990243,932.723471816275,3.773152289020537
5935.0,51.62933064353099,930.8562978476824,3.653607537515088
5936.0,52.70598669514542,927.5246841112535,3.591291025026636
5937.0,53.22694593283201,921.8100745796464,3.6325374121755893
5938.0,53.42425567860783,915.0283922328364,3.6368522127587584
5939.0,53.76839337832677,909.7807961055453,3.4866012385376037
5940.0,54.31993633503189,905.6255241338567,3.2383506539564046
5941.0,55.01272934930921,902.9011333768893,2.972683739682563
5942.0,55.74890358807493,900.0960403620163,2.752762429671108
5943.0,56.11496458992037,898.951277083612,2.6002351018478027
5944.0,55.99703494716956,899.6158298050682,2.5106903838302723
5945.0,55.796074185541904,900.708514387539,2.456545773116866
5946.0,56.16637040716766,899.5952645132384,2.419902653669177
5947.0,57.19710564323579,897.5003051019592,2.4161956087439553
5948.0,58.18988301620142,896.4188419199905,2.401368540246901
5949.0,58.8812501870616,896.0534302157333,2.4351736703184894
5950.0,59.41982569324088,894.4131781757997,2.5860407359617796
5951.0,59.785776500581576,890.613321396912,2.760621494769476
5952.0,59.81783974022441,885.7513054096518,2.8306502843983226
5953.0,59.66342475862608,881.3548056082484,2.82002665914225
5954.0,59.515158541482634,878.9544559821591,2.7840139517200613
5955.0,59.56472780141533,878.1774842275837,2.731573902096865
5956.0,60.08036042756484,879.3179120668817,2.621527101062564
5957.0,60.81356368041483,880.4013292232554,2.5410314281576896
5958.0,61.62176587018649,880.4540943512387,2.505779869168181
5959.0,62.28198348885584,879.6230839945081,2.4749187213737533
5960.0,62.764039584005786,878.3343194138055,2.4869399759321107
5961.0,63.385374610565684,877.3567118923932,2.4924437003312
5962.0,64.06277666663385,875.7919709435652,2.5504971871023123
5963.0,64.79299297671386,874.000897063628,2.647729624846085
5964.0,65.33526033354762,872.7816021171429,2.6583505393271127
5965.0,65.41255995490599,871.9507375407676,2.5934920640487076
5966.0,64.99636480624329,869.8826310286424,2.5142556366762028
5967.0,64.27700292209013,866.8976180097,2.3955462519923527
5968.0,63.61225403852847,863.9670225365243,2.2104442955896904
5969.0,63.322862532954986,863.2312934672677,2.0510086818791757
5970.0,63.555213569939646,864.7926521950675,1.9850947063905324
5971.0,64.57254215061174,867.5011657613751,1.9267647816050208
5972.0,66.08862847159604,870.2160511410965,1.822385980783373
5973.0,67.6163733630147,872.0574549794867,1.7377979851220355
5974.0,68.79786895181569,872.0764816610504,1.7069608284805524
5975.0,69.1600336888514,870.3376166151952,1.66788649550224
5976.0,68.329236649115,868.8896073843449,1.633313624174328
5977.0,66.954414492386,868.4125492162807,1.6776502842739602
5978.0,65.41466538876621,869.1864235913187,1.74003694574116
5979.0,64.34173785657883,870.4154344215186,1.7307656024859226
5980.0,63.84257580540329,871.9565299221473,1.6611395552351207
5981.0,63.57920212629368,875.1300056237293,1.565174818766081
5982.0,63.656332838795755,879.3727649945686,1.4545641282617343
5983.0,64.16659114777082,882.2824552103688,1.3709994333399227
5984.0,64.84238116509243,882.4571593044565,1.3027703559549155
5985.0,65.22940658949119,879.5721000948319,1.2788860008216962
5986.0,65.38287736498847,874.9239459805659,1.315066318514828
5987.0,65.276160455925,869.9419510954198,1.398320227184928
5988.0,65.04080742049312,866.6802448009222,1.4798726392800257
5989.0,64.6335954630148,865.156326507538,1.54066802410752
5990.0,64.28010645405524,865.1773779060653,1.6201257132337283
5991.0,64.0401967096416,865.1662900787129,1.740816333612
5992.0,64.17208864638282,864.6236734253591,1.8393748670838026
5993.0,64.7723597974324,864.7736539704221,1.9033735287542417
5994.0,65.78351110269818,865.2733287005236,1.9595469581824763
5995.0,66.93597143673006,865.6890888841501,2.00671870023726
5996.0,67.86121588197312,864.7098489410996,2.031261027295922
5997.0,68.53990190633476,863.0185749052691,2.045555164068484
5998.0,69.0007525336951,863.2457923643652,2.0883050214876717
5999.0,69.08246865089669,866.9172460857455,2.196699347355157
6000.0,69.01078851787463,871.771454307331,2.3228883085780514
6001.0,69.39925457626224,874.5500864123047,2.4297695244752404
6002.0,70.5205095669659,873.9189956536712,2.5277546955917876
6003.0,71.56939990930779,870.1611447282166,2.6065108623274087
6004.0,72.06752821662178,864.9679353941173,2.6269401263424395
6005.0,72.09046105890744,859.6404670206982,2.652745679391529
6006.0,72.09182958194937,856.1574190989533,2.677043793546108
6007.0,71.93049544212735,854.5332495160643,2.710085855961145
6008.0,70.82865523064692,854.0028543916594,2.733959866238522
6009.0,69.38217885236385,853.5133181099749,2.767996281739937
6010.0,68.18421018230868,853.168085486574,2.8062615361
6011.0,67.40632640618465,850.987894774564,2.867915966940217
6012.0,66.6792779012178,846.016142589272,3.019716222571625
6013.0,65.8151526521729,840.1998449340568,3.2190071631782717
6014.0,65.15088540918481,834.6617876279903,3.4258627566084776
6015.0,65.01187869443135,829.7622814117727,3.6488548328418084
6016.0,65.31718212513925,825.8328515454946,3.856735651871876
6017.0,65.59575578920366,825.0043145921078,4.002089432786844
6018.0,65.61469954215221,827.0882802112205,3.9912195038654685
6019.0,65.31956889501215,829.0742215834549,3.8718245968725626
6020.0,64.8593436891234,828.5846711162238,3.82359541728256
6021.0,64.09462262855158,824.1073313319564,3.8400300436322916
6022.0,63.205313536311294,819.0140405661357,3.8404479591830882
6023.0,62.58493187166192,816.6287453535396,3.870167935367578
6024.0,62.43908233921938,817.5733256609575,3.9917564116790416
6025.0,62.746434922741955,819.4250297486409,4.171698120750661
6026.0,63.54180607347486,820.7340019625111,4.282391692787522
6027.0,64.47662859254004,821.9328237880547,4.349915524866913
6028.0,65.20884728780823,823.9358952669718,4.479564545943312
6029.0,65.78239101931412,826.6589763150129,4.632295337727169
6030.0,66.24632823184885,828.8935403396173,4.722147519408078
6031.0,66.54190433258772,829.6878033376553,4.790338264687539
6032.0,66.83424869961985,829.9592363721518,4.89048222100564
6033.0,67.43849804783295,830.0020793846094,4.999133617095579
6034.0,68.33946358195207,829.0082261257587,5.05331957576264
6035.0,69.20267867844127,827.5838382082079,5.022926251122417
6036.0,69.53006626457727,826.7001331289379,4.96391791773993
6037.0,69.57511997172125,826.5335357787438,4.950491901394609
6038.0,69.68228602124606,825.9135599468789,4.956081134487579
6039.0,70.13697622745427,824.7410529859809,4.891273374787075
6040.0,70.5741074970793,823.2199513208844,4.810409737209036
6041.0,70.68624020621968,821.1461376560469,4.875163492358017
6042.0,70.7539774135207,818.2267899668439,5.106060468428797
6043.0,70.77797050044524,815.3732718404343,5.3527387595537945
6044.0,70.52921131137578,814.1719643557515,5.421640657161222
6045.0,70.13575267711698,814.62513397301,5.392962522544583
6046.0,69.73288394559793,815.3838976655229,5.332418864681487
6047.0,69.10583582580416,816.1784920999553,5.328138830824346
6048.0,68.29481759468496,817.3928648163438,5.242501610214961
6049.0,67.80144689789955,818.1326558701348,5.05271057706519
6050.0,68.29125913341855,817.4401717962833,4.80779067784955
6051.0,69.1475299387804,814.6437403734567,4.62820149300327
6052.0,69.40711940560787,810.5469441922678,4.491543626779489
6053.0,69.05785541555558,807.2366298480999,4.3946099086296
6054.0,68.8028400702351,806.1278780538373,4.318202114327696
6055.0,69.06641392608229,806.4704215033389,4.1341816063996895
6056.0,69.37780538331604,807.4433135824528,3.93108937650625
6057.0,69.32031740559445,808.2295112919693,3.7440477173985562
6058.0,68.79802803942182,808.4632989878,3.4817258886819555
6059.0,68.23137371578026,807.4129859538792,3.14050856934696
6060.0,68.00085841292687,804.7238751625616,2.773791586657344
6061.0,68.29833714124864,801.8191857221027,2.4066292057058445
6062.0,69.04527598437866,798.9704837244279,2.121302122737283
6063.0,70.29997976814923,797.2227857862265,2.0305998060781456
6064.0,72.17060598309911,797.3497365664475,2.149215637293716
6065.0,73.90233775134668,798.5860651224485,2.344332894650103
6066.0,74.78229362874238,799.8936514241896,2.543511595404903
6067.0,74.75563037919314,800.9810351967897,2.7029773445875596
6068.0,74.4215938699199,802.1258262749664,2.81619715577841
6069.0,74.1957570576768,802.8151831246032,2.9095081805568026
6070.0,74.22970579295567,802.1714046705089,2.9523929252632373
6071.0,74.72224187464377,800.9412051404277,2.9488862569936227
6072.0,75.73310941651985,801.2519027865405,2.9588889474009377
6073.0,76.80054596936688,804.9994082501819,3.096378011740896
6074.0,77.14286879738574,811.7154661618312,3.3195826611333956
6075.0,76.9493357711367,818.5272122748964,3.569343966805563
6076.0,76.75022192697617,824.3284730961977,3.744199535443297
6077.0,76.6380111593881,828.6559665497742,3.8643918142558102
6078.0,76.33872500041224,831.9391720747922,3.910563479059381
6079.0,75.75089832440064,833.6130322273834,3.9381468996731908
6080.0,75.16904392206888,834.2474289142924,3.9633113963971582
6081.0,75.12317513326778,834.4716826944411,3.969989900027223
6082.0,75.74972857862399,835.6575475385639,3.921784062936271
6083.0,76.74448078383685,837.8672132317708,3.8692575343952655
6084.0,77.67697370161406,840.4699014991606,3.8886843751980678
6085.0,78.29766479805444,843.5870470657912,3.98457450037201
6086.0,78.3820102038167,847.4383558390143,4.148326651089456
6087.0,77.90873180695115,851.0184214787331,4.3231553509716125
6088.0,77.20802804300179,853.3201387561742,4.395335018019486
6089.0,76.65765587281292,854.1187001736292,4.3075879661817025
6090.0,76.66987877325707,853.1604964103766,4.1010022661769225
6091.0,77.07946169231153,851.6169947889549,3.91349086677025
6092.0,77.56775067529604,849.661294264206,3.844865230339184
6093.0,77.65347475621681,847.6464473309186,3.83690840928784
6094.0,77.17581210555224,845.152544252545,3.827656573637653
6095.0,76.4484300946589,843.1672042913563,3.8391876188402505
6096.0,76.07666189365645,843.4305598568634,3.8865487832049124
6097.0,75.97589725102885,844.9344818958155,3.872904582680516
6098.0,75.74137508083537,846.5308521588104,3.768471790352144
6099.0,75.51931394379541,846.416501979562,3.6435798198509954
6100.0,75.5390673304451,845.8973912346373,3.5354396412411906
6101.0,75.59269464950727,846.2655933526898,3.3613657537117287
6102.0,75.31316147963706,847.3332475882781,3.165636903472742
6103.0,75.09429115063621,848.1834566274334,3.0369540414976566
6104.0,75.18954416701881,848.7198977505335,2.96133676846225
6105.0,75.64995571782288,848.9682666090824,2.864522298550601
6106.0,76.37085210648975,848.6649419480735,2.7850588539121937
6107.0,77.04264086699118,847.9917119283575,2.7188769811530626
6108.0,77.61382069353401,846.8901328196332,2.704947829616954
6109.0,78.05537496196209,845.7519846331318,2.7841710299589315
6110.0,78.05610543281449,843.8583608451744,3.009727908323428
6111.0,77.07709827145958,841.2380830676589,3.3723084358448525
6112.0,76.03612671299112,838.360745205262,3.7743058878481444
6113.0,75.84843308673835,837.4517927172124,4.0939466388451216
6114.0,76.5317925046389,838.3901232366784,4.363600010162849
6115.0,77.16960142782145,839.8767731918189,4.60180495505124
6116.0,77.469007515904,841.0287444656094,4.694377812458663
6117.0,77.55394063257113,839.7945560044335,4.726259695014063
6118.0,77.83125836255864,837.1547910499953,4.745422987424672
6119.0,78.14803738380539,834.3327790612957,4.813255436282093
6120.0,78.70183412600538,833.0798138959336,4.9795292772690924
6121.0,79.40197026818203,834.2860290586582,5.213383404375242
6122.0,80.14970800039984,837.0774422560773,5.380707275508224
6123.0,80.82701561553255,840.4003498088355,5.367518915927423
6124.0,81.23337766052721,844.7437895687359,5.220446529519122
6125.0,81.81803117113063,849.933408088655,5.0222409638537755
6126.0,82.6608597886472,854.9054389570817,4.817590048616846
6127.0,83.34882270208237,856.9055115418163,4.685518182809409
6128.0,83.69143149583044,856.1743549678225,4.673742602406721
6129.0,84.17901222622464,854.7614686567856,4.687197980838937
6130.0,84.91247490500412,852.8366079245142,4.561121587523061
6131.0,85.57933268279062,849.501352757718,4.290591034998157
6132.0,85.93907244763572,846.0083614250353,4.094915759607631
6133.0,86.30893328306762,844.8005476316458,4.070006737460093
6134.0,87.08453267653196,847.2437008066557,4.221536776838137
6135.0,87.87119826110681,851.1761542288706,4.49088487957264
6136.0,88.47158180840489,853.9084487043385,4.8068806323540025
6137.0,88.6648359993285,855.2739695701481,5.079063581139285
6138.0,88.73739324757939,855.7069057378504,5.267342908196947
6139.0,89.17035060670892,855.1936645000868,5.396977694013745
6140.0,89.94298139428456,854.4005822458685,5.558558883778545
6141.0,90.44802751951389,854.5377255871178,5.717531657432324
6142.0,90.64936426075623,855.5366730299135,5.768969793349281
6143.0,90.9952663449072,857.1450875567424,5.749155045543786
6144.0,91.65314738363888,859.5238298821251,5.737413369701428
6145.0,92.44771232891077,862.9773480538711,5.74561134906024
6146.0,93.00411574365523,866.429198784103,5.780085222921408
6147.0,93.38335304378904,868.1767255099854,5.853511166737364
6148.0,93.44424150899906,866.7404435998448,5.912544725493349
6149.0,93.2818448307272,862.9446071067485,5.8721307725740814
6150.0,93.11215973306022,857.3906598777585,5.7528502201
6151.0,93.07040925265237,851.1438001297998,5.575407632370613
6152.0,93.21956741868905,845.9678925019397,5.370402410041637
6153.0,93.58433172957824,843.5304639642405,5.1943128092943205
6154.0,94.22639336934623,843.680685291582,5.119735670845224
6155.0,94.99622189139629,845.2683475918209,5.195700420170569
6156.0,96.06869321079826,846.4569822131464,5.307280050537042
6157.0,97.08978125017609,846.7054812632927,5.346810879662183
6158.0,97.70074558597656,845.9874904436688,5.32635902156836
6159.0,97.51305949187399,844.6949846235868,5.3787989417174895
6160.0,96.85207947892808,843.117301454565,5.584050531368584
6161.0,96.15594662974011,840.9629024491137,5.932860768687602
6162.0,95.71110750726095,838.3277571345782,6.307231722338467
6163.0,95.63582411579755,836.2646324591105,6.594144922621158
6164.0,95.56712767198792,836.6272741121783,6.74656572119104
6165.0,95.35820100461966,837.4434242276899,6.807335182295962
6166.0,94.72961648866226,838.6802823205174,6.832738262030491
6167.0,93.76106262179734,839.3955596993154,6.868361068063872
6168.0,92.903956477299,839.6384812368469,6.9584712492252745
6169.0,92.04431082518911,839.3444034667709,7.08219620860816
6170.0,90.9757661362982,838.1586315158138,7.204299349941109
6171.0,89.97699133749765,834.4946741940049,7.327756258473437
6172.0,89.73376194090419,830.1571799214175,7.457967304235527
6173.0,89.99541411377201,828.1014476120133,7.474786839551809
6174.0,91.04681917177159,826.2026817424452,7.518422897342033
6175.0,92.35739595472229,823.256848827926,7.6527443852955495
6176.0,93.47480243414475,820.5615593516485,7.835396076095063
6177.0,94.83659660704521,819.1805475692714,7.940991047316488
6178.0,96.81016322971472,818.7182867282985,7.930130111808768
6179.0,98.91524977173314,817.6962737770443,7.788381452965153
6180.0,100.58396746475546,814.907270232544,7.565976234386082
6181.0,101.9848773929638,810.7863977449591,7.546093772658084
6182.0,103.48078367505025,807.0764525826445,7.8160545678949775
6183.0,105.17118116659002,804.733339207595,8.193716868094286
6184.0,106.83741287974223,802.3762923325315,8.377808674135801
6185.0,108.43243168543952,799.3284519162869,8.470116051579105
6186.0,110.31612253128917,796.5251652988619,8.61112533188961
6187.0,112.22925525656099,795.9597229946465,8.839405965061822
6188.0,113.99163568695089,796.9798437936925,9.064861482227904
6189.0,115.1740916470741,798.6630932587462,9.347986132490522
6190.0,115.91475807526886,800.4186689080776,9.574087502021017
6191.0,116.66936359180522,800.5824622988994,9.512923145227289
6192.0,117.9506774601,799.7420621618401,9.325585480734265
6193.0,119.06767647761751,798.8329373574177,9.253584096994386
6194.0,119.70753310275467,796.7219003641586,9.507457990823893
6195.0,120.02431025138448,794.330248592934,10.151870057656003
6196.0,120.1445059574787,794.3545235413525,10.817332343782542
6197.0,119.83826714483554,797.6226821233873,11.286555978018061
6198.0,119.3349743658085,801.7894294135177,11.716745048701997
6199.0,118.85178686158554,805.1918886584689,12.204179278048803
6200.0,118.26273183269433,807.9057831396985,12.661462453034215
6201.0,117.21276034937932,809.4761336885912,12.924036935402757
6202.0,115.65906871075778,811.037090149349,12.95575170020621
6203.0,114.10153786713695,812.712156741179,12.877690671874005
6204.0,112.94365061267472,812.9875278939767,12.856024161819828
6205.0,111.99459565760502,810.618173407439,13.021793250441398
6206.0,111.32404372040017,807.8148759563064,13.309917334382883
6207.0,110.73122952597774,807.4140213972992,13.56960487463469
6208.0,109.87881685636026,810.006868015904,13.693130600954381
6209.0,108.93883905762407,814.30178587558,13.755817484171288
6210.0,108.27498652874449,818.0331684441991,13.745275148787167
6211.0,108.12609512145423,819.6910249576509,13.6515841358172
6212.0,107.91179617315248,818.4287908333384,13.49186048887824
6213.0,107.5695416368261,816.1121651768541,13.316415268922304
6214.0,107.07200623164815,813.9524642714565,13.160698847940065
6215.0,106.78605094246765,812.6009219146123,13.053914459785215
6216.0,106.80109573511763,810.8708570293012,12.91108070647259
6217.0,106.94372023795688,809.0854046027875,12.820457248646893
6218.0,106.80446686308011,809.0837030580828,12.783804016160268
6219.0,106.54598065737655,811.0998470551249,12.602792237694146
6220.0,106.80687732453603,813.3574123912656,12.36396849194199
6221.0,107.54641758918004,813.6284653008502,12.2197788022272
6222.0,108.70375388441339,813.8608455119374,12.16754426300852
6223.0,109.59873466477043,815.9594506635154,11.941405305265821
6224.0,110.23900383419883,819.6383982555352,11.568106000506422
6225.0,110.9174488505355,822.2480049231544,11.33755244992037
6226.0,111.8939758928661,822.8120680172368,11.407626084014709
6227.0,113.07428965397862,822.3302631306939,11.508220963806071
6228.0,113.56780761026286,821.2088448605188,11.423191005987324
6229.0,113.31149730092852,819.4262280167345,11.271189873146119
6230.0,112.77700966306918,815.9295862251535,11.22371514489145
6231.0,112.56617927345218,811.8746362465813,11.197111392396419
6232.0,112.72852787971908,809.3041558894357,11.060835024168556
6233.0,113.22905309639711,809.6833617074434,11.045303418194152
6234.0,114.01634907142594,810.3002507056236,11.325179947472822
6235.0,115.0006634878606,808.6782090288425,11.750681871924098
6236.0,115.9621138440414,805.9225817704818,12.123257974313484
6237.0,116.74040241302549,803.3654787778689,12.374301865844508
6238.0,117.04164011154755,800.5472127507644,12.507656055875263
6239.0,116.54628390395456,795.9545645823022,12.58313431431253
6240.0,115.28567610313057,789.4396703585973,12.606213005445325
6241.0,113.68221520320161,783.7243177591782,12.546125003236922
6242.0,112.33661549682961,782.6878176704859,12.512778874142422
6243.0,111.62348358081837,786.1679255043916,12.584349000294761
6244.0,111.6290884905929,790.6920344130758,12.949194333301211
6245.0,111.84907405983752,793.3862896819894,13.530032504920563
6246.0,111.95147700765627,794.1314486670303,14.084446956327014
6247.0,111.86239286376369,792.2727879189297,14.500961408803587
6248.0,111.83544852101137,789.0307708123474,14.915768288272814
6249.0,111.45260934655701,786.0931391344856,15.295039395083542
6250.0,110.80665824114769,784.6101574694316,15.444995656348109
6251.0,110.22488480048774,782.7396915454119,15.296094101349738
6252.0,109.4819805462795,779.6386709205505,14.829758446381653
6253.0,107.99758161168849,776.4964841162822,14.157573552062212
6254.0,106.32182871830537,774.8588689358372,13.416028532937679
6255.0,104.99730351255226,775.1410393267913,12.91085979752888
6256.0,104.25550488192223,775.9301019927109,12.933447126550243
6257.0,104.03423340790798,775.3819776425285,13.44950751214328
6258.0,104.53245248823436,774.409030255256,14.200485463114925
6259.0,105.55566881063234,774.1090656857781,14.872809526003547
6260.0,106.82317190576558,773.9819812886517,15.568529866301567
6261.0,107.71371599849785,774.5978628192988,16.225515009673746
6262.0,108.60199177743664,774.4588763827514,16.664920106715623
6263.0,109.74560173416224,772.266647978596,16.66418685762547
6264.0,110.91906147570911,768.9179117932094,16.38475009060096
6265.0,111.74982397007595,766.7699364456965,16.109244640966523
6266.0,111.94911159606451,766.7923150531467,15.99168492060183
6267.0,111.4649714338115,769.0245687456583,16.157999827526133
6268.0,110.40603308805335,772.2829450480318,16.500030446326704
6269.0,109.22201311160894,774.3412322120768,16.86245041212179
6270.0,108.26065110098614,773.8789346874561,17.055505657896816
6271.0,107.79028718347459,770.4595493271256,17.094943621450238
6272.0,107.95665938794076,764.8437968878253,16.993585831080395
6273.0,108.53763022473464,758.3471928437751,16.807797060178196
6274.0,109.39077596774062,753.8915172463667,16.681665206275525
6275.0,110.37946518503423,752.8869875805347,16.636034252595657
6276.0,111.47160577833111,752.9909973427467,16.70888113269903
6277.0,112.47735566736962,752.600355830776,16.84478211961462
6278.0,113.57637713382853,751.7722575034913,16.94999489448012
6279.0,114.50435128970437,751.304471468581,17.00349232101739
6280.0,115.0012558733368,750.6145097613436,17.095124800242512
6281.0,114.72542460102024,749.2715227501697,17.20528487508964
6282.0,113.97304790640496,748.4541665912542,17.214195855240387
6283.0,113.78624947324663,748.314654418047,16.990682434797804
6284.0,114.38018549512256,746.6748001686096,16.650089258785364
6285.0,115.36431655641081,744.6557348723227,16.38861265571052
6286.0,116.88913012671453,745.3982839228838,16.299027764765594
6287.0,119.21886462574273,748.1049975324862,16.342415622130634
6288.0,121.89783353570432,749.4175912600857,16.44359594895616
6289.0,124.1773729460168,748.2942753752226,16.623380443684
6290.0,125.88529095719609,746.9424387967504,16.734704202100996
6291.0,127.15410566649217,746.2276631694771,16.71312503669059
6292.0,127.29601505991972,746.1841754180919,16.466607110537428
6293.0,126.41318231702688,745.4862475011236,16.142828936814603
6294.0,125.63206363786958,744.1783165994975,16.072296845284686
6295.0,125.4671807362425,742.9946279500127,16.430986773755933
6296.0,125.68876321,740.9042674889059,16.98307758154582
6297.0,126.17213217654707,736.2311489642667,17.114369037176758
6298.0,127.14510714235774,731.6578357216152,16.850539628295174
6299.0,128.513287044174,729.2494089886026,16.662466671713513
6300.0,129.44709483992688,729.243960546993,16.492481634070323
6301.0,129.68694850207544,729.7968110335378,16.18865774634187
6302.0,129.63148385464999,730.5288987230294,15.854950239756251
6303.0,129.1671270885706,732.7660139240893,15.714319600749393
6304.0,128.41682130753318,736.547420453471,15.822687586185639
6305.0,127.96217633831351,740.0114199762968,15.92822882698299
6306.0,127.58233189798742,739.1453255431426,15.925468518711838
6307.0,127.29103183042926,733.9121549609479,16.036114275797825
6308.0,127.53031044632031,727.638483063652,16.32361489098041
6309.0,127.75189466067026,722.6411352823352,16.430427555535108
6310.0,127.38529646786007,719.5609114425193,16.18585195035394
6311.0,126.46035779177593,717.9115290592925,16.012309006459187
6312.0,125.6333214668544,716.7128299530309,16.189880032225002
6313.0,125.12887258507509,715.9206304637923,16.589668608478057
6314.0,124.35475904236226,714.9165108459337,17.165638475906597
6315.0,123.64848600991346,712.8666521091701,17.694490816324002
6316.0,123.57576052450297,708.8068316788112,18.159311009927976
6317.0,124.31059342309192,704.3260044870982,18.490501297397724
6318.0,125.51150762790641,699.6073239593155,18.729563917186226
6319.0,126.59118372501304,694.8336069528273,18.939364965115328
6320.0,127.6841864421724,690.7454809591059,19.128024099579314
6321.0,129.02556472243705,688.9703666299547,19.269462578240162
6322.0,130.19398351887116,689.5653658372252,19.355688152109803
6323.0,130.84635682910937,691.4414384164143,19.391835460757793
6324.0,131.18195557000172,693.7137282130753,19.184308633308788
6325.0,130.94975891971586,694.4924499804321,18.754572036120205
6326.0,130.69085835610505,694.0777337643747,18.324673818683785
6327.0,131.11106336583114,692.7263412082675,18.321151458510816
6328.0,132.8211019370062,690.9232036403909,18.91115794410305
6329.0,135.0922721159008,689.0747582795176,19.582673917096876
6330.0,137.13465161557727,687.9718716456803,19.91190897433197
6331.0,138.0239326138,687.833425061978,19.945115270100796
6332.0,138.66159315840446,687.8349666611317,19.751464369103044
6333.0,139.30138045101634,688.6063620622764,19.310586746126816
6334.0,139.40930804000615,690.0946545547963,18.85060862541114
6335.0,139.06413007712294,691.4661362101747,18.703268122245348
6336.0,138.7133320794802,692.7546630686703,18.984948273301203
6337.0,138.92694751660173,693.654794558422,19.4418702273727
6338.0,139.43454465049948,694.2398061493573,19.773754717231757
6339.0,140.29837143845378,694.3299660290703,19.952902314423813
6340.0,141.7552062563882,693.8658647825423,20.111143229188706
6341.0,143.57108466607102,693.1638736080303,20.05747396667384
6342.0,145.58157353907472,692.9309924754763,19.8114901981404
6343.0,147.6480727263984,692.9733677733767,19.504150855580157
6344.0,149.26026514343621,692.2136942156903,19.154807788811947
6345.0,149.99759280016815,690.5088609171953,18.788609610505684
6346.0,150.50279692479228,688.9642765256035,18.720108681077328
6347.0,151.24065544019646,688.2830682379441,19.068029153050702
6348.0,152.12084119781832,687.7542110111744,19.570914568198965
6349.0,152.65114964991062,685.559966952976,19.900529297460864
6350.0,153.2030887357037,681.7877206564378,20.14261254992484
6351.0,154.0923923082427,677.3801232976451,20.443303472757123
6352.0,155.4237686506202,673.5489983117883,20.818658908439858
6353.0,156.9347220115979,669.7514808680717,21.2433063206489
6354.0,158.0843350346397,665.412428366098,21.48270356566406
6355.0,158.9421436329082,660.7451768117922,21.47507836946521
6356.0,159.6504492693274,656.3453777331888,21.549544924283584
6357.0,160.20305020709262,653.1612273223262,21.865230468660386
6358.0,159.96347421905554,651.6300928023436,22.19863715815642
6359.0,159.0018015797497,651.1524784391177,22.446117295702223
6360.0,157.47274786517315,650.6184715948755,22.5815812675861
6361.0,156.36205983464896,650.0466947036971,22.758999616942848
6362.0,156.2920110735089,649.5017388752694,23.210423300476872
6363.0,156.87401053165377,649.1034704501329,23.943145531013695
6364.0,157.2653842700601,648.9821124797129,24.657211266679898
6365.0,156.9418546697267,648.3075475234472,25.06515810054386
6366.0,156.3919147090301,646.5297440937635,24.928746543031984
6367.0,155.6723745808395,643.9117919839556,24.544859899130223
6368.0,154.71240345247105,640.9231211088111,24.166733708114535
6369.0,153.60012225334665,638.7632665253428,23.93504820955298
6370.0,153.27691123571796,638.1180790667406,23.96263479673722
6371.0,154.35644714520953,638.1269275202038,24.25621974664574
6372.0,156.55890177175897,638.970270385366,24.557106119861288
6373.0,158.98462324047566,641.0696019042894,24.637364668816
6374.0,160.70073088555262,643.28403188885,24.58287450538176
6375.0,161.2660088142125,644.669998043028,24.467346332769626
6376.0,160.43791670195284,645.838371945709,24.383849333040292
6377.0,159.6081824872142,647.8683871032337,24.20571179529161
6378.0,160.155377873001,650.165558981541,24.099627557510118
6379.0,162.0288630870003,652.439875787377,24.255501875156252
6380.0,164.33564007209756,654.7362774977374,24.467250668561707
6381.0,166.02152985372695,656.2285064334146,24.456772860195517
6382.0,167.10637809123278,655.3353013527097,24.075226489126557
6383.0,167.56607179482987,652.2850260205636,23.258320220520325
6384.0,168.0773654414009,650.247604022207,22.28357058797529
6385.0,168.9706633932414,650.469265441057,21.60071633327413
6386.0,170.61997292317983,652.5051676342524,21.1940256074393
6387.0,172.16917080533096,654.6169674639011,20.90843801530771
6388.0,173.00203666172933,656.8059212637054,20.53073064287311
6389.0,173.03530304728883,658.823073207454,20.02986609252434
6390.0,172.7253722253563,660.572798742741,19.477127829707804
6391.0,172.32238007389805,661.8821426193522,18.982002155009276
6392.0,172.73035169259478,661.9949925336532,18.707935486342407
6393.0,174.1422376209492,662.0370312152448,18.783228177670356
6394.0,175.95868626336403,663.3713866152083,18.984954111912202
6395.0,177.7293359225969,666.7592452996812,19.122910263165494
6396.0,178.88011240444902,670.9889695395046,19.043329346107672
6397.0,179.196059164319,675.4234289540886,18.762831590847068
6398.0,178.76788148444982,680.2380759874058,18.412836849449786
6399.0,178.14197655746244,684.1447404717316,18.009212909311696
6400.0,177.56991181938173,685.870754335871,17.448969095821543
6401.0,177.81166277004766,686.3848186690195,16.75267241196818
6402.0,179.6455496233957,687.2691055443785,16.176957392863326
6403.0,182.24689798319974,688.08109182061,15.76103180427556
6404.0,183.93047124002186,688.0863328442999,15.542465010732755
6405.0,183.18245853943327,688.4570124957595,15.301036781016759
6406.0,180.4757661026687,690.5207604875421,14.912886224167595
6407.0,176.68766407968522,695.1960452047844,14.371951299570922
6408.0,173.23020474366916,701.3613441134017,13.833173149646763
6409.0,170.4493005348403,706.6494926130144,13.427043629564166
6410.0,168.56673272962206,709.589186736094,13.201954615029347
6411.0,167.4274657614774,709.376739696018,13.143413207886395
6412.0,166.42805610376203,706.3539543287919,13.20645451682459
6413.0,165.60681671147006,703.0155237410008,13.414172148817691
6414.0,164.6351581552815,701.21156827176,13.621975556511526
6415.0,163.53440464862157,700.4970698071107,13.877612358655565
6416.0,162.24536979205052,699.6497627161992,14.191836977853812
6417.0,160.92170474496558,698.5868508544168,14.59927451746009
6418.0,159.5425217415639,698.5904274739859,14.970351128054443
6419.0,157.87179138220358,698.7924304167078,15.298589122322388
6420.0,155.83315563622173,698.1946570796202,15.535489649723102
6421.0,154.23929043405917,697.1305026825701,15.755595017877875
6422.0,153.61474823179609,696.3517479346235,16.148848665340264
6423.0,153.5074089340383,695.9263261735066,16.597887313588235
6424.0,153.75983656804343,695.7848124632648,16.9382823010488
6425.0,153.8506139462356,695.3737994188562,17.00990897262427
6426.0,153.86574677530055,695.0347138289316,16.946442324608263
6427.0,153.7900536124108,695.2244607482792,16.722605536248064
6428.0,153.74120663829112,696.2137345917336,16.334520617665515
6429.0,153.45479020098395,697.2085971719457,15.79298335065537
6430.0,153.0485799725522,697.4701724789991,15.350426311803242
6431.0,152.95112909925794,696.6416254390508,14.934257145317954
6432.0,153.81582292174056,695.5747787332529,14.490508241865598
6433.0,155.14652939574205,694.6335401878761,14.0678363811611
6434.0,155.55855540026343,693.3107800772701,13.586133042343837
6435.0,154.90228822439605,691.5741133783546,12.882287512100735
6436.0,154.24789117534047,689.1694319482283,11.982588920169016
6437.0,154.15294310327326,686.8463760143768,11.120270709154859
6438.0,154.27806124038398,685.5713231775472,10.409185523769763
6439.0,154.08695280626046,687.0164864014803,10.064972869465539
6440.0,153.41875901220135,690.1662496216168,10.0990411643893
6441.0,152.73211021788785,691.5114576670375,10.27024957082346
6442.0,152.61527544793046,690.4131125768823,10.371730842264808
6443.0,153.06466701865497,688.7145035981489,10.376440481402959
6444.0,153.35351032317044,686.9838755873174,10.217440598670922
6445.0,152.7913654991922,684.9786776041092,9.908230467940273
6446.0,152.27613432246875,683.2239518882669,9.546458786132737
6447.0,152.70923206167814,683.7869307095494,9.193392391690562
6448.0,153.92601804515468,685.4526582595867,8.897408141900522
6449.0,154.8979764708984,686.3091681505595,8.530745046216966
6450.0,155.77441818668655,686.0974824537295,8.211941038987403
6451.0,156.891161394648,686.1592742231995,8.147753612506081
6452.0,157.728995165879,686.4929826623231,8.337180858776582
6453.0,157.65408397942502,686.1600123884122,8.639865251117154
6454.0,156.8580263655905,684.9954639667238,8.879514723664132
6455.0,155.4937233484058,684.3467928965199,8.9412257106343
6456.0,153.77538928104508,684.8432531167097,8.962518226012111
6457.0,152.29481719466466,685.2527352449163,8.941602418516513
6458.0,151.29778206407096,684.6826482130303,8.850772858117523
6459.0,150.9405243691474,683.8220674790684,8.660696195700968
6460.0,151.3301136966281,683.6415424671223,8.576404633932006
6461.0,152.11885350074076,683.3566914752857,8.711988723085152
6462.0,153.16043331299608,682.5116325833384,8.828006977742287
6463.0,154.23498145994407,682.1081165132721,8.837664222389648
6464.0,155.37534896103477,682.9101376207892,8.747546527912524
6465.0,156.79312816259144,684.1686071302332,8.699326856304138
6466.0,158.3961584116287,684.2728760857555,8.743723150532839
6467.0,159.89118807118035,683.1428876619851,8.698808879475463
6468.0,161.33562569019077,681.9493185571923,8.487995993813902
6469.0,162.61230607932617,681.3024686517516,8.205263143737303
6470.0,163.77011382210125,680.4798065937019,8.050310671772163
6471.0,164.78511997288726,680.3098173065102,8.012678212489503
6472.0,166.09772643738864,681.3786550656808,7.9415071399012795
6473.0,166.95139545083057,683.2243392616768,7.708447268450082
6474.0,167.4278249587634,684.5489217252747,7.440722135255063
6475.0,167.99294833297577,684.1574451010682,7.293449117873823
6476.0,169.2149091389869,681.8297026731609,7.2941200259553804
6477.0,170.85135444272373,678.3879972874768,7.338771426698555
6478.0,171.9729091773199,675.2869207873101,7.334497383376398
6479.0,171.927422096045,674.318859506325,7.1989183937232015
6480.0,171.25912206895276,676.0002371200206,6.928952118182478
6481.0,170.706900898322,679.4419054627316,6.7045237903626305
6482.0,170.58724150876984,682.4523015588469,6.5793395020981835
6483.0,171.36019615887176,683.5429244134267,6.5996562879753435
6484.0,172.88851786167746,683.3942990904801,6.63624927115826
6485.0,174.6222049592984,682.0207081805758,6.634029741460661
6486.0,175.83283906502604,680.5739589481311,6.575088254158381
6487.0,176.60311438438916,679.4309984049215,6.520619696411169
6488.0,177.383081005835,678.9035817765197,6.505996621937671
6489.0,178.53674360534276,678.3769955512973,6.4904972879527945
6490.0,179.49649979909893,678.6095121571144,6.459676983183091
6491.0,180.15455301683562,679.3334294348942,6.417797166236865
6492.0,180.39546582606195,681.0321672515125,6.392740063252922
6493.0,180.94382022123455,682.6447021871844,6.454243852005753
6494.0,181.850179962153,682.284207947173,6.655184256316784
6495.0,182.63020391563902,679.2797094125448,6.775597494744884
6496.0,182.9896682334881,674.6041302863805,6.640176331167683
6497.0,183.13533068215008,670.8666823113392,6.3765543348633615
6498.0,183.52383739835088,669.2519308996236,6.173672370206257
6499.0,184.12191747953796,669.9985866583814,6.155145452607034
6500.0,185.10131983176527,671.6238008923842,6.236467133480642
6501.0,185.97121944974472,674.0916710540416,6.375695043692377
6502.0,186.27304578300325,677.5686064637129,6.526524125977313
6503.0,185.89670983668768,680.5784711036531,6.718852909308001
6504.0,185.33747924820233,681.421478610601,6.881774296411232
6505.0,185.15127249655563,680.3457566799194,6.9703804586477975
6506.0,185.77280475276905,677.680454816161,7.046877374804071
6507.0,187.24851657152882,675.9638079644299,7.138197833688361
6508.0,188.5046305116913,676.7334550004572,7.292127161149332
6509.0,189.108783682287,680.137308071085,7.469240134039922
6510.0,189.3924959209089,686.5625596380788,7.657075567620936
6511.0,189.45293874387121,693.76924708025,7.832368889850781
6512.0,189.811901146176,700.7837388891136,8.02468275392641
6513.0,190.89598035807433,705.8502035631927,8.124940239252487
6514.0,192.52405581980048,708.3737240638799,8.20597905095616
6515.0,194.65550942443002,708.6905847217224,8.28358900988135
6516.0,196.37708975905946,707.2182871271335,8.37041702578929
6517.0,197.45217015509164,704.5309339376025,8.392240795338603
6518.0,197.58817673734998,702.2084873035118,8.400241664354363
6519.0,197.57663896231807,701.0259259484558,8.468761921534513
6520.0,197.85568431091727,700.5410277915072,8.61530810774394
6521.0,198.56600137258292,700.6596093233943,8.890696916316209
6522.0,199.1810938111964,701.8426465004301,9.354004647070793
6523.0,198.93423476226306,704.5241283284274,9.946363421540227
6524.0,198.1839181655166,707.6608287638209,10.502079194502144
6525.0,197.6432968148349,710.2853602128428,10.736651285888021
6526.0,197.04902100521818,710.4063004170142,10.580384839425122
6527.0,196.14153474190522,708.9887282063851,10.369353657127686
6528.0,195.27105977050434,707.577330006113,10.352762946986742
6529.0,194.7084487636774,707.5858623523224,10.654931982085847
6530.0,194.4708685837903,709.1489541628575,11.080673562487286
6531.0,194.51007799703527,711.2090469273085,11.553796172565002
6532.0,195.4421270930155,712.5968545300763,11.924475870290234
6533.0,197.24414443480867,712.0831936690712,12.261442350740378
6534.0,198.94627982419456,709.000282705387,12.501687313187151
6535.0,199.50792384181622,704.2730391960775,12.543092907469326
6536.0,199.50129855219097,700.4355451316409,12.439650348024323
6537.0,199.596312896279,698.55810977645,12.33416387792801
6538.0,199.87071755060364,699.3511142784463,12.256931540258408
6539.0,199.54663312220381,701.1522656113007,12.140150464073296
6540.0,198.86549498611873,702.89941596985,12.118441039125319
6541.0,198.26667881615845,702.7338964804251,12.143589962732468
6542.0,198.23525583661805,701.241661980069,12.170637865783457
6543.0,198.59497818036627,698.7102389471821,12.027526032918862
6544.0,199.32571918873467,695.8143626964834,11.865387034504755
6545.0,200.10266488898733,693.2179223709595,11.665738206745637
6546.0,200.60543164423956,692.4391436246041,11.548197669973765
6547.0,200.53619724559934,693.3753309977218,11.462801976976001
6548.0,200.30943797921802,694.256188646344,11.314260396023291
6549.0,200.9576672738107,693.6034224462738,11.174547374929153
6550.0,202.16713111546537,692.9273677229146,11.159225597334146
6551.0,203.53717981466136,693.2305477258354,11.259425213744889
6552.0,204.48798256097592,694.7930457707924,11.24897872428808
6553.0,204.87848768001513,696.3554755759521,11.083462244002897
6554.0,204.89285303773576,696.8246458523013,10.831005034283594
6555.0,205.27874459339773,696.2370097554818,10.660601980232753
6556.0,206.31727470582686,694.9598550733265,10.65174108424827
6557.0,207.64807579120065,694.3928267687301,10.777184486817818
6558.0,209.023645835724,694.4882650946604,11.030258645046224
6559.0,210.46392329752754,695.3635077962804,11.354942586149585
6560.0,212.12136519031617,697.1342234305681,11.716244204626001
6561.0,213.42492597271854,700.373910419038,12.103129492344353
6562.0,214.331093282601,703.8972455416315,12.497114492528159
6563.0,215.07805791869478,706.0130876428681,12.693656994780175
6564.0,216.07855502554665,706.7849489772536,12.560470015596115
6565.0,217.56288615517133,706.5781204466144,12.196165506294793
6566.0,218.97992440776332,706.0310124903598,11.760404248375377
6567.0,220.35840625844963,705.8859600798587,11.414605440609625
6568.0,221.99213645135225,706.0670929808059,11.222862673930058
6569.0,223.96732044598582,705.3868365830161,11.141476072951901
6570.0,225.86836573048154,703.8439297292603,11.115795182446657
6571.0,227.44051073104785,701.8468842172097,11.168454818683392
6572.0,228.79765542609982,699.5727213198901,11.228008544799085
6573.0,229.63948441653378,697.5798397360047,11.245625695258031
6574.0,229.88118871375224,696.3774980490729,11.191429314446799
6575.0,229.73868047654636,697.0243847508874,11.06531963236455
6576.0,229.41761853526694,699.0782841182463,10.957060715459814
6577.0,229.39474056267937,701.2728193033894,10.978368737052623
6578.0,230.2915984767256,703.3647988758553,11.083491940338895
6579.0,232.33423822265078,705.8137423283473,11.122071924026702
6580.0,235.01317433003518,708.0300202307222,11.167024922089613
6581.0,237.84695944380002,710.1765225651304,11.251066856121001
6582.0,239.59757764160284,712.877974370715,11.334064642737266
6583.0,239.41615919554692,715.773831506157,11.378409899070617
6584.0,237.70569592164014,718.1735970308483,11.398502396468912
6585.0,235.8720938214086,719.4124758737752,11.365490877818898
6586.0,234.96091035216406,719.0457051887616,11.167826880024215
6587.0,234.86677590885768,718.0383902459353,10.717722440173159
6588.0,235.68392887024066,717.8337983922138,10.174316740531431
6589.0,237.21548944540228,718.4431481786597,9.72530439287652
6590.0,238.455889028289,718.9058957500622,9.35441368620196
6591.0,239.1559340811026,719.2144293397388,8.973945284239361
6592.0,239.9646798516677,719.116758186294,8.593804175034428
6593.0,241.23378161660406,718.6680190120884,8.271411604918317
6594.0,242.36249291745776,717.8230761055537,7.837998967699023
6595.0,242.57432526490098,717.3372203418431,7.220958279805445
6596.0,241.99074293746773,716.8053327288337,6.637892610356641
6597.0,241.42171328536656,716.6290552977566,6.21847969172272
6598.0,241.13195844571413,716.9533020316263,6.058077977872016
6599.0,240.6212486481929,718.7105446103996,6.063892213758122
6600.0,239.43935483044334,721.6993883970467,6.240376557280685
6601.0,238.91033876072458,724.3936277350681,6.44994392468904
6602.0,239.78879616399644,725.920369092041,6.693574811647473
6603.0,241.85007725410446,725.8790834423634,6.8977557138380945
6604.0,243.68626909077068,723.911964090003,7.047659174867272
6605.0,244.3641880315397,721.010695281215,7.079778146617563
6606.0,243.8873316688941,719.1734222551919,7.047891360582251
6607.0,243.06431231134803,718.8958668672561,7.0391460226932105
6608.0,242.50113795849987,719.1168429259701,7.110435198284405
6609.0,242.32303276803205,719.0023035763392,7.281448369372811
6610.0,242.44999824397155,718.9622447647318,7.507857945815585
6611.0,242.60107852112353,720.6044791089151,7.761437334503497
6612.0,242.95770947890855,722.9941453021951,8.053705413364112
6613.0,243.1024098631885,724.5669328872498,8.390036950791602
6614.0,243.24104862704525,724.5073537572799,8.644512717693248
6615.0,243.14973154278908,723.7832695051693,8.732886640154724
6616.0,242.9833253719386,722.8606939051692,8.699254594632015
6617.0,242.84364960725995,722.0873225305407,8.724060905053538
6618.0,242.94027063179814,722.2037143892583,8.799443468559646
6619.0,243.29173513191293,723.3154894986685,8.943732082625436
6620.0,243.22424433772807,724.7163800372596,9.12105547257659
6621.0,242.76791811665132,725.9027388368667,9.357870537113868
6622.0,242.3972705766835,727.0243183233966,9.55900790896612
6623.0,242.24451027814072,728.3931236953597,9.69469115417401
6624.0,242.10196157106847,730.2728939798328,9.760692248057637
6625.0,241.77195361177573,731.3895876833656,9.784540212943503
6626.0,241.01277699172212,731.3825848709873,9.869784643943396
6627.0,240.31966235905398,729.8813318328349,9.958761028905222
6628.0,239.97072997406838,727.3426640546966,10.028347046967903
6629.0,239.72685010322505,725.2301249680108,10.04626019738896
6630.0,239.3508799424447,725.538451866608,10.0604493441509
6631.0,239.29581976492096,728.0050732566002,10.025246525312982
6632.0,239.98391267664854,731.8464217324512,10.044301236663193
6633.0,241.6176955840036,734.8708069488804,10.038598809907544
6634.0,243.89610094520245,735.2729341427922,9.89901428364601
6635.0,246.2889877400248,733.3859875008179,9.667280224994002
6636.0,248.09514515395918,731.5975919585742,9.524436874519449
6637.0,248.39677965984785,731.820575308088,9.673264730062563
6638.0,247.339235142804,733.3085283920867,10.018880806518865
6639.0,245.49111275369913,734.0818860082436,10.413107622602785
6640.0,243.47658808031127,732.8794574773923,10.817529222501562
6641.0,241.6540280732376,729.870970572083,11.182826703943158
6642.0,239.87953141704614,726.1939575405918,11.383804471312361
6643.0,238.59210521275773,723.242086519529,11.53870806524541
6644.0,238.35821653864093,721.5681367465736,11.635346628472513
6645.0,239.28249819382702,720.4368620911104,11.716934545260656
6646.0,240.3962259930141,719.721452409575,11.783728417376345
6647.0,241.23965915925325,719.9199073459904,11.792480517168698
6648.0,241.36591019078912,721.583150007834,11.737989083367014
6649.0,240.9448452584673,722.8392077941152,11.688423184488961
6650.0,240.1558355685934,723.0940520870108,11.723606786530585
6651.0,239.00237912653515,722.5141783174887,11.752487978812237
6652.0,237.28595145020364,721.3949902537835,11.7884837274581
6653.0,235.1941931206684,719.4656587153631,11.78364870920544
6654.0,233.52149586689478,716.3500145312411,11.774032500187621
6655.0,232.14234077187012,712.3923780436697,11.716213056256974
6656.0,231.32915367861503,709.3255072137067,11.663526424505493
6657.0,231.36612399574707,708.598656564211,11.59172347043048
6658.0,232.91014102390636,709.4499460163125,11.596467535129824
6659.0,234.65612791448527,710.248769680911,11.707657448639884
6660.0,235.45296366239523,710.035370697823,11.727925159362105
6661.0,234.90533457410544,708.5491429990084,11.670127418832514
6662.0,233.77784123328982,706.6610599346194,11.591292920869465
6663.0,233.07567077785595,705.2617194630487,11.590150774204101
6664.0,233.12197183395656,704.6520883062026,11.67209397818473
6665.0,234.49118994748073,704.2550586573667,11.788156111257864
6666.0,236.42829248290454,703.1872634829979,11.806120464332674
6667.0,238.42987920415501,700.775800392202,11.64038974834637
6668.0,239.37195248476803,698.8875213186054,11.419326710155323
6669.0,239.237771439969,698.407564841547,11.281328053379568
6670.0,238.50483779245138,698.9707950126747,11.216592784553603
6671.0,237.80720707380124,699.1553961189284,11.021737802746072
6672.0,237.1481689435558,699.2689454902754,10.891690655612823
6673.0,236.1279617020498,699.9263552985584,10.929668464944108
6674.0,234.39370123533718,700.6625305529486,11.064390572281336
6675.0,232.94231376347167,702.1103720812224,11.197115742467904
6676.0,232.29323309620779,703.7755167417139,11.359909272317603
6677.0,232.67416810652983,704.9404378054387,11.427169469421314
6678.0,233.66915259826274,705.4245451938566,11.392585014308931
6679.0,234.15882109150627,706.1391956088288,11.313642902332326
6680.0,234.3839112550597,706.8804662008196,11.277641837057601
6681.0,235.14651026124352,707.4115787202115,11.283214618346117
6682.0,236.35230836281502,708.1012160831401,11.343203464431907
6683.0,236.93856613977536,709.6219408078714,11.501913364269466
6684.0,236.95968092614743,712.2735822478066,11.765985688646227
6685.0,237.05322472492105,715.0922240181096,12.11255428539644
6686.0,237.67092224649392,718.2366269559601,12.521624920616457
6687.0,238.76232058539904,721.5921822157798,12.966467918781204
6688.0,240.1987191267416,724.1683413052436,13.455832539434947
6689.0,242.0631331477379,723.7997682681522,14.14283981981876
6690.0,244.3676496276216,721.7994077217686,14.875131092289724
6691.0,246.62707188695524,719.7563679135967,15.49712897830449
6692.0,248.53227001718338,717.6101623315908,15.820643314946874
6693.0,250.3537859609898,715.549484579185,15.836006782648804
6694.0,251.556246296994,714.6852962446097,15.625514702792355
6695.0,252.0060264313974,715.522483094489,15.487766781209002
6696.0,251.8233855794093,716.7526434638191,15.541546446663776
6697.0,251.17630476281076,717.733437493,15.584008027388101
6698.0,250.53674982873133,717.7759820487563,15.63209359440806
6699.0,250.6071187615312,716.3942241003714,15.727629285688552
6700.0,251.9374936716194,713.9447803465534,15.84675598105853
6701.0,254.60465886402275,710.9669788596923,15.891248944323044
6702.0,257.72249285610224,709.0071290713813,15.815002584689449
6703.0,259.5031846442344,710.6579920269527,15.72263244789915
6704.0,259.7886568043853,715.5823983933319,15.604099712002197
6705.0,260.0449101145366,721.0526483604006,15.404525548616805
6706.0,261.1493413766004,724.5431668349538,15.280257702368882
6707.0,262.6081012619487,725.7030654659195,15.310541854726562
6708.0,263.9933354295757,724.4912727486377,15.465513749920628
6709.0,265.3225702699875,721.2642770950775,15.713856356035661
6710.0,266.49831406214014,717.1235259915758,15.923855769083184
6711.0,266.96039630368915,712.785420469683,16.06549873571384
6712.0,266.4211135844017,708.3808788045184,15.90750223277784
6713.0,265.0405528715719,704.259203337745,15.412268150503667
6714.0,263.25309347728665,701.6452592688082,14.73089800245904
6715.0,262.08448350245453,701.6559416269694,14.211338961265563
6716.0,262.30309772648434,702.5383305096833,13.810881304766347
6717.0,263.83965780894704,702.2977469215667,13.473747551888538
6718.0,266.0065616713036,701.1465566901686,13.352972567083363
6719.0,267.9978680883505,700.2936445939703,13.515645937150662
6720.0,269.46124774443155,699.8402427433283,13.768464196285132
6721.0,270.268699587013,699.1195333801007,13.975139450689088
6722.0,270.00642925533197,698.1634989854413,14.212617176007
6723.0,269.38455841125153,696.770023763619,14.47700915891958
6724.0,269.89054868147986,694.7206502271606,14.709958331485323
6725.0,271.8542805206572,691.7140615532513,14.978344318819563
6726.0,273.94121214875366,689.8594419445861,15.247590883419976
6727.0,276.7287535035125,689.8713332913673,15.504561378170575
6728.0,280.3405009073724,691.9891864298362,15.590990717256979
6729.0,284.0820197819637,695.1219481512669,15.400233856235449
6730.0,286.4633695938448,697.7925560047795,15.052633255038181
6731.0,287.08318615657026,698.8825703032347,14.598868817148494
6732.0,286.3314922218496,699.1504705962692,14.03263602209664
6733.0,284.74945020469016,699.4993361074361,13.540773488841
6734.0,282.94961614663333,699.5399450324007,13.117553817999976
6735.0,282.06832037106386,698.4085939249514,12.720784358987139
6736.0,283.3811514365408,695.7823799108287,12.458371377492913
6737.0,286.7493303785827,693.1506238392999,12.63135570470666
6738.0,290.29383791869367,691.8428067045021,13.210307201197878
6739.0,291.90320409721807,693.5532562904405,13.777800876189843
6740.0,291.8881905219073,696.8762939214614,14.068710685584001
6741.0,291.88444590156854,700.7548393550599,14.122550396043275
6742.0,292.72295520920994,704.6510450769382,13.978910113681325
6743.0,294.0227777741377,708.580733224728,13.58824759934944
6744.0,295.37878370798484,712.1937352998514,13.016771901204377
6745.0,296.64096266661613,715.1518447847936,12.340190719147776
6746.0,297.9792167340332,717.7207624051084,11.738763457582651
6747.0,299.97640315317057,720.227178095503,11.281501299340944
6748.0,302.9424100908232,722.4546223622559,10.910354266052853
6749.0,306.6150074948035,724.4670363701355,10.55552860068529
6750.0,310.50093403032616,726.2311543221816,10.198404375125165
6751.0,313.56985521926407,728.7634997243124,9.918657435087798
6752.0,315.43671928492387,732.8193404828612,9.702642379145992
6753.0,317.1966453424344,736.775028560208,9.416866233321864
6754.0,318.9533613420078,739.3342828662005,9.049532685514574
6755.0,320.69419971647676,741.0376612969679,8.698040997324341
6756.0,321.041123306963,743.3237618930981,8.374921830306318
6757.0,319.97825791768327,745.8330172503853,7.9871231442240145
6758.0,318.2654126800275,748.9351041637008,7.544998247728639
6759.0,317.0095573546441,752.3492203245437,7.199316568303809
6760.0,316.54528027583956,754.6526516202696,6.951917369138232
6761.0,316.86117060563237,755.3742098534138,6.6987599838058385
6762.0,318.2378451331284,754.9537966956769,6.2950586197398914
6763.0,320.1529735560429,754.2292733696368,5.8243715056998395
6764.0,322.1246910890996,754.3378658105099,5.375670160965722
6765.0,323.2959777000535,756.3803864195547,5.120038739130067
6766.0,323.3886152117023,759.3220772663444,5.0291678371995845
6767.0,322.80147954766073,761.0969279471788,4.9575592804915996
6768.0,322.36807591139336,761.6069220831373,4.890996616282453
6769.0,322.0404218357535,761.1742226159345,4.837656623716022
6770.0,321.5772507930945,760.4941935687634,4.734884303803945
6771.0,320.90566999458247,758.5724106728771,4.514682739159759
6772.0,320.3602814568766,755.1849636402899,4.248477832908961
6773.0,320.10736244849494,751.4924594561564,4.076356477441253
6774.0,319.7263366231561,749.1847649045553,4.040336178451562
6775.0,319.468230480166,748.4265233397358,4.071652235505601
6776.0,319.72791157415645,748.1221940715061,4.1096211716664035
6777.0,320.8232186015977,748.0302898472806,4.135396736384899
6778.0,321.5316695956855,748.7795622279272,4.1484267780350645
6779.0,320.854437381823,750.5256858133731,4.140256274558281
6780.0,318.35956093715293,753.2986728309976,4.136635149674241
6781.0,315.9283202571684,756.6252449868188,4.120316152081315
6782.0,314.15976309771145,759.5714876477132,4.053448966460411
6783.0,312.21106804401103,761.43725108949,3.9795514808849424
6784.0,310.3695690022112,761.5260196499687,3.9649564113852285
6785.0,308.4837540521973,759.6742927901291,4.067865562038701
6786.0,307.12398396119215,756.6187335859737,4.255172801761281
6787.0,306.09263956932165,754.2488745570272,4.455674044202497
6788.0,305.7825931783778,753.3582928353408,4.644547947020969
6789.0,306.0606407800032,753.9320263263223,4.818128121651781
6790.0,306.91773938404776,755.4846751251989,4.95453598711369
6791.0,307.9619415302958,757.1341021913645,5.0668524801083406
6792.0,308.2716304514095,757.7780143651562,5.154228852861582
6793.0,307.680045626294,757.7116849067818,5.177592834513002
6794.0,306.7877276846848,758.1678764109824,5.143158817106223
6795.0,306.1476923457998,759.6620447537052,5.17037335787025
6796.0,305.1922380860594,762.1898616256891,5.243194802065522
6797.0,303.8066663587675,764.4166815818647,5.278265796388428
6798.0,302.5323359747749,766.0708171252851,5.19483879411721
6799.0,301.4719490130868,767.3160227086368,5.020121167820036
6800.0,300.57225346514963,768.5077875671684,4.848278176656359
6801.0,300.1364292069159,769.7023265899027,4.712788270532232
6802.0,300.433619413064,771.8486576373407,4.661815022354269
6803.0,301.17029502652565,775.1017211504375,4.661731896463536
6804.0,302.6041372929347,778.2873915824348,4.689235677883776
6805.0,304.30666571678887,780.0488126229675,4.589113212128833
6806.0,305.87728507021706,779.9807089384694,4.383823483817568
6807.0,306.87987133504697,778.5460848492087,4.110455252860092
6808.0,307.18143940307857,776.1663732427492,3.8374981491180886
6809.0,307.4490274136623,774.392025088696,3.642657805366536
6810.0,307.85607704733496,774.1166357359425,3.539666562048026
6811.0,308.4767001570828,774.9491106813008,3.4582843611036904
6812.0,309.0697461768809,776.2292133235942,3.3614977600078886
6813.0,309.44277367576785,777.7489422149912,3.350707734887822
6814.0,309.6658587698596,779.0621673544968,3.4515951409965484
6815.0,310.00953445835734,779.5665008949105,3.58549070193664
6816.0,310.1877747860523,778.2443079282272,3.6679157347225155
6817.0,310.77582451495516,775.4929288308113,3.7436857736156357
6818.0,311.9037496155612,772.9693777181843,3.71070142238761
6819.0,313.33098108808406,771.7530460571719,3.578239011762624
6820.0,314.3035401993754,772.7129269758758,3.4019557780527223
6821.0,314.7319454276155,775.9587533328311,3.251444588564062
6822.0,314.53054493948133,780.128925004333,3.109016919781012
6823.0,313.96733938016456,782.6507407767964,2.9888385775926083
6824.0,314.02049935522706,781.9278601172479,2.9050339351443206
6825.0,314.7563382792593,779.1024042428509,2.819797406653058
6826.0,315.87742005934007,775.6430985537594,2.745728602856961
6827.0,316.18430634749836,772.5900776363515,2.6631239489311254
6828.0,316.0575179585233,771.1271246113056,2.57037785630404
6829.0,315.36938308763337,772.2958918978119,2.5216487844188005
6830.0,313.8618514156604,775.4210077546809,2.6170990144446016
6831.0,311.885049937583,778.8485258687064,2.799866828505667
6832.0,310.758809748854,781.322748881059,3.003741711318972
6833.0,310.67868735336003,783.0352209935221,3.2048117793254165
6834.0,310.9591473541811,783.7618937613748,3.3337940629760814
6835.0,311.3046470853735,783.6150590227375,3.2778204498150396
6836.0,311.7163652759596,783.2469344448277,3.0214684591696095
6837.0,312.70207358180045,783.4107180528885,2.7194719374486223
6838.0,313.7602996948993,784.3115365425186,2.532660234806892
6839.0,314.2854225322851,785.7771916061496,2.5271379825365026
6840.0,313.52107042541695,786.3177427810034,2.5975266696707364
6841.0,312.3198544663537,785.6359343567804,2.7149231330576646
6842.0,310.57852747365735,785.0556420717883,2.8470561053735084
6843.0,308.7994468398907,784.0330190676517,2.9799158617451584
6844.0,307.3455203780126,782.3368759861617,3.063265952886569
6845.0,306.4872038133629,779.9849813903695,3.163848324692161
6846.0,305.942862795384,778.6044757032945,3.2051956452482404
6847.0,305.0008265285326,778.6036843606608,3.160452981860364
6848.0,303.91250247585015,779.2969535743464,3.115747144177368
6849.0,303.0164425837616,780.2514817363451,3.12172185409704
6850.0,302.991359434476,780.602452745426,3.2276631181348323
6851.0,303.6308041290264,780.5183354766878,3.45148396833266
6852.0,305.4784750819828,778.9762692784182,3.79619943210244
6853.0,307.34470201875047,776.184892851823,4.140762416718595
6854.0,308.50132749245836,772.8579956007558,4.393162049125637
6855.0,308.66662353595274,771.6328780924268,4.518021000246415
6856.0,308.405015364691,772.0896922845437,4.604000381372902
6857.0,307.825219973046,773.4424861069058,4.63255499203641
6858.0,306.8615421885018,774.8483858256437,4.5428872313969
6859.0,305.1511855492729,776.6478473120131,4.3514985066436855
6860.0,303.12475045625604,777.9155700098798,4.194009666603859
6861.0,301.6426321878302,778.6673178517821,4.199354207918108
6862.0,300.9948100368039,779.2287090904917,4.404462737259815
6863.0,301.2436392828157,778.977071974434,4.683715715788571
6864.0,301.53770364987463,778.6717697597923,4.976537571958703
6865.0,301.19968309800703,778.6629440891879,5.171747443034616
6866.0,299.51952710552564,778.9337627054094,5.156956788745692
6867.0,297.6074376014802,779.9286891864274,4.941556852379238
6868.0,296.0661874409501,782.2021712956487,4.6850303799476105
6869.0,295.4733941651942,783.7876416620701,4.595193264183237
6870.0,295.1963769403904,783.4440270019209,4.7830030735206845
6871.0,295.19947816954664,781.2774513996909,4.9620775052498525
6872.0,295.1301976727486,779.2461150999952,4.920751695225027
6873.0,295.46198571065935,778.529984667274,4.7726778394655645
6874.0,295.29853123427586,778.5318206298381,4.610232552825945
6875.0,294.3844827167722,779.1987865281643,4.404445779932122
6876.0,293.4453194553931,779.607791716452,4.121026875976562
6877.0,292.1001565925626,780.905201780697,3.7789480175377226
6878.0,290.97475844131503,783.415394541372,3.4512959598136326
6879.0,289.87496547248185,787.4308831441373,3.268095102820022
6880.0,288.89241497443993,792.020861665371,3.19077373131169
6881.0,287.6442308412155,795.7795332289992,3.0843934792843393
6882.0,285.33232514886885,797.177618117616,2.8992055770268363
6883.0,281.93165104832184,796.6867110711404,2.745463187163845
6884.0,278.1865081328254,795.8404202252011,2.600192853878823
6885.0,275.1356417422543,795.4490902340713,2.4038813414969806
6886.0,272.8731116689831,796.2728047969583,2.1880298591048835
6887.0,271.22502853778633,798.3810075828378,2.0411490584588945
6888.0,269.0599676153172,801.5846948398951,1.956182968195932
6889.0,267.25466226829707,804.0249878016099,1.8249453186948368
6890.0,265.8353346953954,804.7782392882217,1.6302109622481222
6891.0,264.41298051788664,803.8901649732576,1.4309379341625124
6892.0,262.964004063992,801.7259436211042,1.2607407414074943
6893.0,262.0829944381836,798.6739222028784,1.1334328422616808
6894.0,261.99609403088357,795.1922513487654,1.0416888016806647
6895.0,262.0900807253408,792.2682044126009,0.9754473669738122
6896.0,262.1298752805822,788.9418542753508,0.9614810284309322
6897.0,261.9036745625694,786.8254927529769,0.9968556755875598
6898.0,261.9544341102417,785.3513992983405,1.0727496417082385
6899.0,261.7812808984678,783.2563261991515,1.1673568817692679
6900.0,261.2467251703503,782.0898848569,1.27000909003024
6901.0,260.2010426536426,783.0205519363692,1.3791957945653892
6902.0,258.8959864126592,785.7051281975795,1.4239084236037955
6903.0,257.8589978777299,788.9103638873231,1.410064172753113
6904.0,257.2793200794509,789.6496501597442,1.3658551086998416
6905.0,256.80212398068744,786.510357762368,1.255828473644501
6906.0,256.1725330601856,780.8450715734668,1.0871543060622866
6907.0,255.3435787702233,776.0642744709133,0.9696860237733769
6908.0,253.9014811651106,774.2752491519793,0.9495576747562499
6909.0,252.3334032297315,774.2880657693541,0.972448886002933
6910.0,251.02459880065896,774.999511476074,0.9792798576444898
6911.0,250.6462775360688,775.3755107749432,0.9473972964560898
6912.0,251.16208723637854,775.7581287446404,0.9208831154649026
6913.0,251.1274223114802,776.5943682112718,0.9278725632604164
6914.0,249.14389824907428,777.0716965740329,0.95632772198401
6915.0,246.6166229415078,776.5337549192025,1.0176595843183225
6916.0,245.38258736003002,774.382436737111,1.0612336226245636
6917.0,245.64512259797723,771.090268135438,1.025207665394652
6918.0,246.32407610617625,768.356268949524,0.950146588706437
6919.0,247.18448438067915,768.6880541677432,0.9119716162812026
6920.0,247.7827496110392,770.9622283985594,0.9527356022046977
6921.0,248.01638456844242,774.5036251107813,1.027280947000716
6922.0,247.93944980339882,778.0049073313287,1.05595047698214
6923.0,247.82393795395805,781.3008395796086,1.0051494120979598
6924.0,247.49576673552335,783.0964999737645,0.9449300389230143
6925.0,246.23668281683018,782.9892297534968,0.8966062587597027
6926.0,244.87035290698913,781.9049820985882,0.8603606525674382
6927.0,244.45478506278906,781.5174941473507,0.8160750262070642
6928.0,244.6437736550907,782.1727090922195,0.7702893048580128
6929.0,244.63493338948936,782.9769496453911,0.7607286011139048
6930.0,244.78424331569173,783.598411599592,0.7783126047988728
6931.0,245.33001476918244,783.2894325962028,0.8233525469978176
6932.0,245.29396703968314,781.4935766077875,0.8903089270329487
6933.0,244.18159015577533,777.3681326388509,0.9669605056222502
6934.0,242.87813449415825,772.9005445817248,1.0101895654026967
6935.0,242.49394945830886,769.1212885505995,0.9867302361815619
6936.0,242.7616832591375,765.464592734808,0.8941888062264248
6937.0,243.68373177420838,761.8697835071662,0.7779556288414848
6938.0,244.95147964917967,760.8850200733198,0.6912816815509203
6939.0,245.8789787434708,763.4495728245764,0.6998679536088321
6940.0,244.80607627377202,766.6660780191579,0.7862319776896729
6941.0,242.3579405455062,769.0396529787215,0.8903231371308095
6942.0,240.09661200052247,769.92907046037,0.9631873558967881
6943.0,238.63852151155,769.185845757212,0.9861935463769286
6944.0,237.83022192937398,766.3126969599033,0.9812094900128362
6945.0,237.4280184322563,762.8166877484466,0.972420012382688
6946.0,237.97333874184028,759.5191156658127,0.9257950286007047
6947.0,238.9555592393375,756.4119924739674,0.8337345351174225
6948.0,239.799664979889,752.6981058854047,0.7494063812564119
6949.0,239.5645888223532,748.1248466536035,0.6869505325185442
6950.0,238.06930608014835,743.4600645165887,0.6771977543184677
6951.0,235.87930820359108,740.5932116407155,0.7013197389177226
6952.0,234.41003169460677,739.4479824391552,0.7513436615526723
6953.0,234.44014250847806,739.2707613123187,0.8252600358942975
6954.0,235.71450705609104,739.5438939855429,0.896513162661564
6955.0,237.34451524718838,739.3143130617713,0.9454971159528978
6956.0,238.32713111065894,737.3147730896272,0.9492536309403904
6957.0,238.8478176179325,734.3057928148137,0.97575318632484
6958.0,238.88448994266776,731.8365242796683,1.045495636476936
6959.0,238.9922636415001,730.6062119718208,1.1637154784166024
6960.0,238.08926887024205,731.1110101167228,1.2426533160358324
6961.0,236.5310983326043,732.6718459644298,1.2620755521042497
6962.0,235.15943955884828,734.8358178814238,1.2655176772752899
6963.0,233.85329940334708,737.0365689535278,1.2626913070333445
6964.0,232.7099048399636,737.4241097882493,1.289800929777641
6965.0,231.48991264383133,735.4090471580057,1.297684206957925
6966.0,230.74794349117516,731.9323792144713,1.2881821654560766
6967.0,230.18682725585376,728.1957866191193,1.3070337327731776
6968.0,229.74048630091931,724.6108133030755,1.3529878054544018
6969.0,229.33484623333464,722.8685833747159,1.3859139836623104
6970.0,229.11299833381847,723.1205092638158,1.4116090552434022
6971.0,228.69297117695984,725.1567159199052,1.3807307285241
6972.0,228.25361142535382,727.9936271803303,1.3143660833389637
6973.0,228.33840545446577,730.6830730256148,1.261692809001
6974.0,229.1930624677295,732.0915258258057,1.2434903395562407
6975.0,230.61464095056212,731.9323965291907,1.2710158783635603
6976.0,232.0412811015676,731.8044917919036,1.3073936087246598
6977.0,233.29853740671916,733.403149977659,1.3211735777559226
6978.0,234.12928347993707,735.4217993820893,1.2597295689405623
6979.0,234.6153102036885,738.0350722269128,1.2148136920276569
6980.0,234.52033628618855,741.088038654714,1.2169789522599361
6981.0,234.23151272045118,744.186873153435,1.263373999280792
6982.0,234.83076207156168,746.9124638284204,1.31186808449761
6983.0,236.870471091418,748.8105280130226,1.2994785472376926
6984.0,239.63453967947837,750.4974460189513,1.2451353492010688
6985.0,242.40931125521038,751.2259363858913,1.1391313392169218
6986.0,244.69369881522573,752.2439312664924,1.0633256959759225
6987.0,246.04754414130343,753.7687078052431,1.0581851141015626
6988.0,246.70641200623055,755.5809349982995,1.1572166766888037
6989.0,246.37003990889468,757.5750976494668,1.3425269213791298
6990.0,245.2280375311029,759.6888346709261,1.5568925899352004
6991.0,243.97100728339225,761.9580136103536,1.6710899400174732
6992.0,243.8434867152081,764.3446589074277,1.6935980770762595
6993.0,244.343086957229,767.2505656786877,1.7218975772999028
6994.0,245.47774549168818,769.2813780655789,1.804172297610936
6995.0,246.4002415387946,769.8850745010648,1.90177377243746
6996.0,247.33006039753013,769.6354234605709,2.0141614236534027
6997.0,248.28343504665003,769.7321827798753,2.0829750365774027
6998.0,249.60297628483397,771.7632970748969,2.12992384083674
6999.0,250.60244813031548,775.9848323730484,2.2535147315220545
7000.0,250.3228537881578,781.422329914826,2.363146786009
7001.0,249.48819930370075,786.4354978977923,2.46624366346418
7002.0,249.82825645422443,788.8331222117807,2.4253203966297603
7003.0,251.43288684279858,789.8427514653717,2.3142953941511055
7004.0,252.31856145183764,790.8569460836051,2.191344549005665
7005.0,252.39377653354984,792.75190611601,2.117353406235122
7006.0,252.72018506247815,794.3198408893442,2.118601611328056
7007.0,253.33923024997173,794.0499802722449,2.1175730466644223
7008.0,254.53277681507393,792.7585345801433,2.1046475921329293
7009.0,255.55105779806738,791.7520525719209,2.107654628490377
7010.0,257.14518986588257,791.4565446760927,2.110138013318588
7011.0,259.0057940242833,789.4732252394797,2.0966815560600622
7012.0,259.71313675336444,785.9571251669464,2.043862123325444
7013.0,258.533432548512,782.0231300717714,1.9174654857966082
7014.0,256.93399691400623,780.687640766733,1.8462446079509056
7015.0,255.77468671807387,783.1204666554113,1.88490106143066
7016.0,254.96138198710403,788.0706220367834,1.9776853714560805
7017.0,254.1708834578728,793.2752013480505,2.0472871088400484
7018.0,252.72663840304872,796.385304434106,2.0573738644056196
7019.0,250.71810369707214,797.7019164942421,2.1071657566318396
7020.0,247.67282144072288,797.156550926125,2.162427276365972
7021.0,245.72267938242516,795.6832151496347,2.274097266601661
7022.0,245.3146517855664,792.7765956102506,2.399289659171683
7023.0,245.84339620723594,789.7011899426684,2.4868720390861636
7024.0,246.74233999917308,788.2972296484006,2.5283173258703555
7025.0,247.79174007388437,789.0602557134158,2.530982187199088
7026.0,248.62720746496402,790.0896937482282,2.5222905556915265
7027.0,248.56748375909268,790.1920138116645,2.4983383409123587
7028.0,247.75437737554972,789.7408148515821,2.464073370116358
7029.0,246.54796152697767,789.2747593164116,2.42596468148674
7030.0,245.8048518095223,790.1147482077058,2.357114585749268
7031.0,244.9092339876403,791.7780692627317,2.3052495871674252
7032.0,244.25536754116396,791.6526044331551,2.383069122820563
7033.0,244.55014471246878,789.0024212649153,2.518464417785703
7034.0,246.13075673294063,785.5069050001952,2.683593839246909
7035.0,248.2670744952177,782.441627093066,2.8479652396314026
7036.0,250.0091339795986,779.3289778965159,3.0102246183000125
7037.0,251.87025700388946,776.2176895448816,3.129799408933688
7038.0,253.4044528541799,774.0100569109725,3.215924100948048
7039.0,254.9288827525563,773.1169862055489,3.3593129494529794
7040.0,256.3965166216663,774.1151805962577,3.4663148791376397
7041.0,257.5884705650215,776.130271867756,3.5035690909002293
7042.0,258.6934900641298,777.0016212205965,3.48796860618816
7043.0,259.88544030930683,775.5174533569959,3.4729972447002853
7044.0,260.97500380285817,772.4817751364965,3.4516107469282318
7045.0,262.59033613947565,769.7288823514987,3.421050197569935
7046.0,264.76800089666176,767.576112266896,3.3378787942287875
7047.0,266.6023505843066,765.186108456206,3.2626860929064896
7048.0,267.7946068630904,762.5965769034674,3.3310238109377477
7049.0,268.65824432508595,760.7875165569486,3.555872636228666
7050.0,270.0959292486203,760.0513136868728,3.876031333318488
7051.0,271.44822950010973,759.9298003330609,4.2788455272227015
7052.0,272.4436850357712,760.4199733795394,4.654380024057489
7053.0,272.8724846129858,761.7746203421508,4.963841409024001
7054.0,273.04438207618665,763.5443409567432,5.368212724474545
7055.0,273.6089055877073,764.9066653657495,5.855336942246122
7056.0,274.8158234578346,766.2842480692225,6.181726874150095
7057.0,276.514863285719,768.5042430397864,6.286082979462565
7058.0,277.97368108367584,771.6806835872061,6.467149586092809
7059.0,278.47047052553893,774.9660512542936,6.756759332477959
7060.0,278.5560672876009,777.6867852314068,6.964871664624749
7061.0,279.7314168974809,779.0474864355106,7.028275112835936
7062.0,281.89114666380306,778.6659030886444,6.966178557607687
7063.0,284.73997928993276,778.0714106215418,6.843826796862558
7064.0,287.4105769211326,777.5897943552684,6.8018368071775965
7065.0,289.2961777645909,777.3478892577796,6.781826025048845
7066.0,290.343618307204,776.9235465680467,6.756003766776704
7067.0,290.14453087721694,775.427770541834,6.787209493083475
7068.0,289.6807312092946,772.2882018094464,6.90676028216513
7069.0,289.7272092736176,769.4415696753522,7.082821933083266
7070.0,289.86885906176025,768.4298675117583,7.16755153095459
7071.0,289.0452418304697,770.4329398844728,7.063939378152561
7072.0,288.192591104369,774.4114106817974,6.799526755439649
7073.0,288.0008438286855,778.263867775056,6.552893305452281
7074.0,287.84035023089905,781.2362991825773,6.443725559436313
7075.0,286.9898613275955,783.783843141221,6.410364279052878
7076.0,286.0658463027534,786.9699786314189,6.290429721875869
7077.0,285.67566838623867,789.7847675034254,6.09414390205136
7078.0,286.0495520870003,791.9479733215279,5.977141409652489
7079.0,286.2502603590026,793.5649181062322,5.940831208914562
7080.0,285.3305055689298,795.652868861909,5.909568223272122
7081.0,283.61835845077024,797.4513650125386,5.96489117804253
7082.0,282.5012059909374,797.869338189561,6.0374790403778045
7083.0,282.4490844683066,796.3027114030398,6.024294809158332
7084.0,282.8888693093003,793.8227703929296,5.87989281829194
7085.0,283.438870509469,792.5846275198658,5.736381142027922
7086.0,283.807219960062,793.6175737482928,5.664324268653129
7087.0,284.49817992401233,797.7287306449366,5.646308713561912
7088.0,284.80391161181797,802.72914529212,5.648759312998896
7089.0,284.64427293121594,806.9759267354372,5.6555054835946486
7090.0,284.5362923536889,809.9468934932079,5.7588232921034255
7091.0,284.9848217776526,812.543594765796,5.937651484658309
7092.0,285.9557829410062,814.0059295217576,6.031019308270757
7093.0,287.1819733962159,813.8773794264224,5.995138930167397
7094.0,289.0511437024973,813.06243595395,5.926131833417154
7095.0,290.93337247185025,813.727068368581,5.87147893695771
7096.0,291.95624298987445,815.7834368893521,5.788587607224624
7097.0,291.9904242791653,817.4053598741134,5.627703288848487
7098.0,292.2457423479005,819.8215829356108,5.583615075240805
7099.0,292.98630572822753,823.904210061137,5.729623515034241
7100.0,294.378512232772,829.1572225056449,5.986164973562402
7101.0,295.52782980992595,833.3745907468068,6.317798575315461
7102.0,297.0915886142981,835.7278104386858,6.663296009536489
7103.0,299.7632654791863,837.9097891921118,6.938309276577043
7104.0,302.3683323449215,841.414760984931,7.098249749511566
7105.0,303.5074964043396,845.1596045735847,7.160942924678192
7106.0,304.2630559609261,847.8123974534443,7.171763858182308
7107.0,304.6566298720247,850.338006983169,7.237747019309453
7108.0,304.18479677431554,852.7027145771751,7.375789078272159
7109.0,303.4751682497869,854.7925330966957,7.545359678108877
7110.0,302.32575785779926,855.1527010083354,7.6705837346326975
7111.0,301.7251706084773,854.8752899616902,7.7162432296125285
7112.0,302.5600732601712,855.8792208113069,7.815468819455999
7113.0,305.1827356630752,858.4740720078806,8.03412494299024
7114.0,308.12136357567323,860.9014953801941,8.070933492620547
7115.0,310.2904786671922,862.6981431227555,7.700162913932228
7116.0,311.7753405833557,864.7914847233842,7.170169456730184
7117.0,313.5699370297847,867.5594402379567,6.849616025107952
7118.0,315.95652099500626,869.8382440567703,6.901947650016757
7119.0,318.1499095521627,870.3364595673385,7.118929329951554
7120.0,318.7919611522246,867.8250894323021,7.178681606186194
7121.0,317.6130710876551,863.3079667126939,7.062823355815344
7122.0,316.3663763737472,859.8370235405355,6.976239543726697
7123.0,316.35181208732166,859.6318206847412,7.100451233462495
7124.0,317.6330976501487,861.8024189303121,7.39314371792896
7125.0,318.83660957953254,863.6213764338858,7.741955658968999
7126.0,319.52374387657443,864.721974820826,7.986450930357901
7127.0,319.5294968655595,863.9212342356226,8.151050980520703
7128.0,319.6441212714047,861.6769474799365,8.29191175144128
7129.0,319.06744438467445,858.2838722245649,8.342300920673306
7130.0,318.090149946724,856.1981649525824,8.383128638986891
7131.0,316.8023131807398,858.2752280262773,8.541187153707902
7132.0,315.5717845177701,864.251248704909,8.847461727194254
7133.0,314.48360602366853,870.8676177021797,9.040360407783023
7134.0,313.1530612172266,875.7156443224483,9.05322038627186
7135.0,311.5739631712392,879.894700940444,8.989731470635848
7136.0,310.25508889900954,883.7188024512643,9.019438724903043
7137.0,309.17410156908335,886.9547451854673,9.222019710250622
7138.0,308.9263747704283,889.655868162152,9.630551079438927
7139.0,309.6204167522041,891.5754161081928,10.140714414577346
7140.0,311.1093344470548,892.8865335697213,10.506465474186266
7141.0,313.0184375057013,893.2588826582353,10.813594750785427
7142.0,314.7058107461432,893.7091033504329,11.185020189217743
7143.0,315.55686655642256,895.3331551810018,11.587179917628092
7144.0,316.5503555620674,897.0571517954189,11.87436347478723
7145.0,318.69716021311746,899.2352429283316,12.028934111514141
7146.0,320.84371940159434,902.5048095765055,12.06385825134064
7147.0,321.4510644701243,904.58834878034,11.983316418467144
7148.0,320.259489777418,904.7227127575869,11.931054055758924
7149.0,318.5990630240053,905.1749993498868,12.046342407644175
7150.0,317.360044418404,907.3634187949443,12.203331363066356
7151.0,317.3574178389198,910.0979186403727,12.214734427428064
7152.0,318.42878555232903,912.5600824859404,12.3246987396643
7153.0,320.26864497381126,914.3207110624512,12.755202816525584
7154.0,321.87747699341924,914.5918590363564,13.196520769334496
7155.0,322.8696127813573,915.4224402086973,13.261599573240327
7156.0,323.32421874474227,918.5469475133063,13.146122017261096
7157.0,323.6918920437011,923.3694815390023,13.3050770231085
7158.0,323.54623462713323,928.3329601779087,13.560774801468234
7159.0,321.6629810296027,932.4937186264223,13.677652777293966
7160.0,317.96193112757726,936.2763726792948,13.694809016253036
7161.0,314.1553918837669,939.8872739978641,13.74537354500713
7162.0,312.36529195188103,942.8891981358307,14.000193842665224
7163.0,312.77015690142423,945.024163209597,14.380975987274034
7164.0,314.609186175076,946.8172570732496,14.507094785653083
7165.0,316.87916120999995,948.460394605948,14.470676118688958
7166.0,318.5658344816483,949.529934377581,14.576806267771394
7167.0,318.9506185219212,949.0516453748521,14.821893015214169
7168.0,318.09051734951925,947.5444432494369,14.799140942253825
7169.0,316.4198628583025,946.8482683474599,14.40446695830376
7170.0,313.95191932504207,948.648709643991,13.92587954659067
7171.0,312.13572208736696,951.8403605207112,13.443896307809288
7172.0,311.4819380904308,954.2093416402854,13.030101941590562
7173.0,310.7433685616354,955.4544818671153,12.739216622543367
7174.0,309.5050323604311,957.170085742917,12.44777863362972
7175.0,308.1106378479731,960.6356090888855,12.138824734821824
7176.0,306.3039440252667,963.188321636667,11.777951131689882
7177.0,304.46807421706393,963.231121619067,11.431287720231188
7178.0,302.65650390234146,962.1578376982818,11.170507656293283
7179.0,300.78067119728854,962.1863235937736,10.789738325907164
7180.0,298.336490929158,963.8103900676858,10.227882946667822
7181.0,296.37759092158234,964.1940562035604,9.68969516926935
7182.0,295.4826943586454,963.529607061993,9.297759623055384
7183.0,295.1417704861036,962.0324289629185,9.120697351623594
7184.0,295.1924410659241,960.545176567607,9.036922070280863
7185.0,295.5983157646966,959.5528997414046,8.896252383807132
7186.0,296.42116078229424,959.7961202723524,8.815085045256392
7187.0,296.40711265850666,963.1098939886613,8.819897712873187
7188.0,296.9005003446728,967.6046644199188,8.8273904652907
7189.0,297.7620524649396,971.43294994375,8.778606281106264
7190.0,297.81989355272526,975.0605304581412,8.84723691830747
7191.0,297.1581032553989,976.4338761105698,9.021202913187429
7192.0,295.81188107619187,975.9734132397465,9.21635201033092
7193.0,294.04009693543867,975.2408893214474,9.368126899008159
7194.0,291.75059842098807,975.9946063348374,9.457304516572687
7195.0,290.3971121049432,977.3179547957747,9.326820715443361
7196.0,289.9350884318346,976.4767137590582,9.06877665556572
7197.0,290.8030320801144,974.6006456772894,8.732928248657007
7198.0,291.9344793477014,972.9008956055236,8.443373880332498
7199.0,293.35298784280525,970.3299691613734,8.156342790658945
7200.0,295.01696807584284,967.3627051608777,7.841509440646421
7201.0,297.0631162334921,966.0757288581069,7.643927827627775
7202.0,299.2179481070145,966.4315426960707,7.58934530161769
7203.0,300.8126314340947,967.0771727286165,7.605824156910856
7204.0,301.34421986717564,966.7500415345264,7.584308074425062
7205.0,300.60730092540905,966.1917879010454,7.508082905365136
7206.0,299.29053664624064,966.6262987949889,7.387251332756026
7207.0,298.5931811172041,969.0286883234487,7.357414622483812
7208.0,299.5937923915284,973.5955107543631,7.504383913298564
7209.0,301.62102521759994,978.0425059473955,7.52164742086884
7210.0,303.0697887646601,979.0630561658783,7.295804751066068
7211.0,302.82078960310065,976.4637412469688,6.974302844261492
7212.0,301.85088586034385,974.118029129627,6.76922898778564
7213.0,300.85183697797066,974.1569457203587,6.681058440417923
7214.0,299.9809340369909,975.7387831467148,6.567462349960723
7215.0,299.1812409762838,976.9345910618994,6.42722200346729
7216.0,298.79562258415484,976.5404526244395,6.3707045732087195
7217.0,298.8450980504288,974.857220717907,6.364023312188529
7218.0,299.98269201527114,973.8190438834107,6.269302079843354
7219.0,301.8314535147321,975.1203778008828,6.156158220731636
7220.0,303.7154924219685,978.2691030726974,6.047874657503289
7221.0,305.36107758525566,981.0030326985078,5.891037122800974
7222.0,305.9786113505723,981.2789127696681,5.712662094027408
7223.0,305.1571521456296,980.9830136907705,5.609564639458802
7224.0,303.75798548031224,982.391332438043,5.607221395750129
7225.0,302.63854695875256,986.5600278262925,5.5843168986197655
7226.0,301.87820964764904,991.392880547936,5.416715911074566
7227.0,301.49911395650645,994.4388738879853,5.138799611691043
7228.0,301.4298654749503,994.7614044057244,4.830640625064985
7229.0,302.09015249485867,994.089610810538,4.489520661031211
7230.0,303.8095262882119,994.3855922691431,4.215328671377433
7231.0,305.79971493741476,996.7449145080719,4.079009712046106
7232.0,306.71133360697604,999.8231997051603,4.024163181404889
7233.0,305.92791113128857,1001.1073988447127,3.962880438274311
7234.0,304.56283008095426,1000.1682901088099,3.8676050014851078
7235.0,303.69216206562584,998.3046794747311,3.7696340317946118
7236.0,303.6381275543455,998.6170988562219,3.7042509468990255
7237.0,303.78517200047673,1000.5925644035943,3.6604429488311276
7238.0,304.3344245574429,1003.0258934347025,3.6086084601244126
7239.0,305.5391321462837,1005.2326041226233,3.535206265175937
7240.0,307.2572585109519,1007.3705754533789,3.4032584087642173
7241.0,308.5772787388589,1008.8245969922406,3.247663237915857
7242.0,308.66641306043823,1010.4046822673106,3.1216085300393535
7243.0,307.87598977850166,1013.4755855249422,3.085148043035102
7244.0,306.1488163590374,1016.497572852039,3.10687340056155
7245.0,304.22367307231855,1019.2951778690624,3.08443478628481
7246.0,302.93528651571336,1021.9753026206172,3.051250464796752
7247.0,302.270108887734,1024.3341181301748,3.088929170772901
7248.0,301.98410730322337,1026.0605869439366,3.16656505015056
7249.0,301.36777963314887,1028.0231310148802,3.2179088008713634
7250.0,300.2185100738901,1031.8556294265943,3.257698411484821
7251.0,299.4112600219083,1036.803243381767,3.319335132606148
7252.0,299.32313145486364,1040.5423714838696,3.399953712665396
7253.0,299.8489573152973,1042.2400001052633,3.4606259032435776
7254.0,300.5869075863224,1041.5210780222203,3.4999308792564485
7255.0,300.641260844496,1038.2499812187616,3.518152954276
7256.0,299.1770772915001,1033.9644956174216,3.4598453383494028
7257.0,296.4856112213068,1030.484958073173,3.4104954610871827
7258.0,293.34993024044843,1028.6929749103522,3.5026426947645226
7259.0,290.81812242947314,1029.1572836476978,3.750813668453063
7260.0,289.36578805153067,1030.881489289027,4.038019194392582
7261.0,288.91644186063337,1032.5435178041826,4.217488221098807
7262.0,288.972602429362,1031.9005063454756,4.281278513920005
7263.0,288.9406254499129,1028.2784148418586,4.253413615513526
7264.0,288.59650721441164,1023.7246937067737,4.148642189490129
7265.0,288.38625593574756,1021.4986666554381,4.0419251654887605
7266.0,289.07496806114307,1023.6851544448255,4.004419980339996
7267.0,290.8488670941181,1028.6184803768977,4.028153685800167
7268.0,293.1046570241362,1031.7219385869669,4.096449379538439
7269.0,295.17057328373517,1032.3351778327183,4.084815216931056
7270.0,296.4702350701859,1031.4447309291477,3.913427206799328
7271.0,296.62200152934975,1029.5877197410098,3.7213629570639024
7272.0,296.0562490072362,1027.15781124806,3.5405435746075677
7273.0,295.7049445052451,1024.492718456125,3.343608194930816
7274.0,295.49266269759596,1023.3530283028167,3.1574242163147774
7275.0,296.0069990967335,1025.0599496684881,3.140502295946138
7276.0,297.1274967978596,1028.4995194821522,3.219930252477288
7277.0,298.0325333811686,1032.120900024617,3.288087498575234
7278.0,298.8445293038993,1034.5054786240312,3.3127759134646935
7279.0,300.75110171195485,1034.7208896878622,3.40321287944401
7280.0,303.7665252322927,1033.568792836676,3.577975324321542
7281.0,306.3842845170442,1032.0821421692842,3.8495561094962447
7282.0,307.44953941322973,1029.819954883783,4.042519638375276
7283.0,307.54810691915515,1028.1273698192804,4.058782186699803
7284.0,307.20781153152427,1027.8652944752741,3.977697414802233
7285.0,307.04089221253156,1028.457182727145,3.834185255691305
7286.0,307.0857225721367,1028.5314353791796,3.78037559603344
7287.0,307.432671706615,1026.2814773721982,3.88376348960569
7288.0,308.06602830848465,1023.6711726425381,4.1106928705942964
7289.0,307.6932375099078,1020.7013232471554,4.334671200640782
7290.0,306.4704602114032,1018.1553288937563,4.470580583437563
7291.0,305.6980605577337,1017.6720011463756,4.4780823579039994
7292.0,305.78799132809934,1019.5406677335644,4.390513707516772
7293.0,306.2356753675101,1022.1960329667241,4.216128278900839
7294.0,306.5039293150031,1022.6612762305152,3.960022907775197
7295.0,306.9166500493736,1020.7480285326877,3.7466663616329483
7296.0,307.7912191525774,1016.8252837392038,3.6348184722696004
7297.0,308.99557021628823,1012.4593077532063,3.548602260223028
7298.0,309.67823650023604,1008.4900254144201,3.4589990600984026
7299.0,309.21387567641267,1006.6353698855579,3.476585597121785
7300.0,308.3908630944998,1006.7469922901365,3.5070820336658395
7301.0,308.20159795366453,1007.5512374411458,3.5760397701223203
7302.0,308.4551785649845,1006.8289817754718,3.6888214407050306
7303.0,309.5873402587755,1004.7200317877608,3.72555437593703
7304.0,310.51211009720146,1003.1264627280545,3.6683516810242227
7305.0,310.129263295671,1002.6324921516306,3.6244729449596194
7306.0,309.3365596252137,1002.8355242535526,3.5374040884654643
7307.0,309.1592624570386,1001.8543164581397,3.374740724944627
7308.0,310.0373310384988,1000.6567805851031,3.1771821892110395
7309.0,310.98662672339884,1000.518888168965,2.9916974594188077
7310.0,311.55643763825145,1001.5391282926089,2.893026485939808
7311.0,311.78336722734116,1001.6378760173014,2.859276155928725
7312.0,312.5220727398161,1000.6421547309163,2.8758387105680403
7313.0,313.8105135395034,999.3433709545174,2.880358990016962
7314.0,316.0194066169867,998.8661522544954,2.9016195620105276
7315.0,319.5028534401275,1000.2284122337943,2.965615597589839
7316.0,323.7842249370276,1002.3626500611964,3.048981396600893
7317.0,326.90975073699303,1003.1137064847185,3.117091378660249
7318.0,328.60225987350066,1000.9460266248885,3.1244144264657425
7319.0,329.35547437067305,997.7457569506659,3.113102349106016
7320.0,329.76195537742706,996.0833265566287,3.133215952965562
7321.0,329.49824902302475,994.6803001029667,3.17663478207949
7322.0,328.4130045527971,991.2837019708273,3.1796588723360397
7323.0,328.5447557832569,986.326904191562,3.164992110063701
7324.0,329.55432756097656,982.9136083463543,3.151233996425972
7325.0,329.84259217407487,981.4766027365877,3.2136479097849007
7326.0,329.46165071316227,980.1820357900381,3.302920296974192
7327.0,329.66484342429,977.8273924478985,3.4130192198652227
7328.0,330.73573174633736,976.4210219994735,3.477875283990938
7329.0,331.9571120771575,977.243282355604,3.519029398774064
7330.0,332.035270767225,978.6409253318106,3.6026445185744898
7331.0,330.8722724712691,979.641543817184,3.7192001129789283
7332.0,329.6401584343439,980.2338340747651,3.8213294817448524
7333.0,328.5963550840836,981.2431175938563,3.9567444567211583
7334.0,327.91288949223645,981.7970081830562,4.188039092535408
7335.0,327.7313663082506,981.7474584163072,4.490808335449508
7336.0,328.3470978939662,981.4946574497169,4.79224462310416
7337.0,328.9764489539849,981.4549116109251,4.907434730361763
7338.0,328.5680203014788,981.3185967782663,4.868480470763956
7339.0,328.0034821208663,982.2223645423292,4.691744530533991
7340.0,327.35981383520925,985.1041866241659,4.495490551746697
7341.0,325.9933131812737,987.8349210002015,4.3708555978523576
7342.0,323.57094185956817,989.7085783350755,4.28040969100801
7343.0,321.33513739765823,990.4269836965527,4.189754578321001
7344.0,320.29959980548773,989.1396339925246,4.170104367505556
7345.0,320.6273013028189,987.1539223185331,4.199012279928705
7346.0,321.04983598820496,985.3538075601568,4.27066812570906
7347.0,320.9379150003169,982.8656687970184,4.36106012395322
7348.0,320.53334465836946,981.0779125389805,4.378219489525421
7349.0,320.09880748476473,980.0768429539172,4.346016826455063
7350.0,319.56637020716795,977.81831972391,4.306119694208641
7351.0,319.2268556574269,975.8183280747573,4.385800130592041
7352.0,319.0644549305252,975.7485115654838,4.564185219685345
7353.0,318.51534582162316,975.983069099991,4.810355432130063
7354.0,318.3547027635084,974.7966870798841,4.947750628341841
7355.0,318.5017611883591,973.6600192309131,4.936712784762531
7356.0,318.89941185424954,972.843322822445,4.861272065752147
7357.0,318.4729998717679,970.4139043514703,4.814487792358693
7358.0,317.1869133123176,967.1445101066195,4.830847930561001
7359.0,315.7148228472424,964.2801744221495,4.991519476356556
7360.0,314.299168694425,961.7408337819684,5.17423233869721
7361.0,312.86594751485103,958.6499477378096,5.226978203173273
7362.0,311.4775682502744,955.6207439207674,5.212393784955563
7363.0,311.012587473268,952.7762752243791,5.177282834236348
7364.0,311.5388970657602,951.7264395490769,5.040366021268402
7365.0,312.9821247037326,952.4288652588679,4.83843583839447
7366.0,314.21624102310557,953.872870523,4.729915715588564
7367.0,314.1411082830916,955.4066461076367,4.6316491606827555
7368.0,312.40941311748327,955.7432991888509,4.519389456734224
7369.0,310.1447173952241,954.9872623685136,4.383110462513443
7370.0,307.5248276278971,952.4859869489609,4.248998421385615
7371.0,303.96177107205034,949.8632927118301,4.0278382276173
7372.0,299.8725797760312,948.4459206475404,3.7930465888562113
7373.0,296.4196319247959,947.9170825225311,3.5862310382347027
7374.0,294.5883610175245,947.232967662387,3.3877085634029522
7375.0,294.36270596124274,948.6463411145966,3.18533220555001
7376.0,294.50315482771737,951.1791622239423,3.0134594572816966
7377.0,294.7019454099529,954.6211429776862,2.9772091402819925
7378.0,296.59453193078394,959.1832092029707,3.0612101758364734
7379.0,298.3233737067384,962.1775917289538,3.113062120948352
7380.0,298.9234101065988,965.1999614051427,3.0004782467080995
7381.0,297.5556314346369,970.7477521813994,2.902111017783555
7382.0,295.8708524443399,976.7264900089591,2.9244546647536898
7383.0,295.6007585473272,981.5610806741726,2.9524890107454884
7384.0,297.4756443090146,985.1002488941907,2.821877275405136
7385.0,299.9900832011952,986.5319836919848,2.5326470895841475
7386.0,300.93082437595655,988.3892382192515,2.268631722352973
7387.0,300.91548499678305,990.0778878533498,2.164829713176161
7388.0,300.7170010218629,990.6333343823419,2.218935687893378
7389.0,299.6077167727869,991.0869924376161,2.3032333853549334
7390.0,298.12240177914236,992.4565096237106,2.2919874058258327
7391.0,295.9762751217586,994.9800493167287,2.221197162919697
7392.0,294.7536354508006,998.2812410973619,2.1491997749829053
7393.0,294.3124137317424,1002.8345412921589,2.108932152941364
7394.0,293.82629875724336,1007.1152861041585,2.0623122959915965
7395.0,293.8435027658452,1011.309403418783,2.0079186437494116
7396.0,294.27271475859004,1015.7353782902173,1.97308994275584
7397.0,294.5173338376437,1019.8115646982891,1.9333460578384227
7398.0,294.39238969496887,1025.3129684410335,1.8604747762205287
7399.0,295.2038467208678,1029.5841920784353,1.8025795933632398
7400.0,296.56770423033737,1033.222728978032,1.7669224706004496
7401.0,297.66970770962973,1035.0912347224223,1.7693072162334866
7402.0,298.5167399582163,1035.2301674715504,1.77985218700322
7403.0,299.68658778018056,1035.6274258108565,1.88110523884921
7404.0,301.026150451067,1035.6116796263332,1.9067469434360067
7405.0,303.9459121608318,1035.663469673675,1.8729228619171985
7406.0,307.7489806639325,1034.5460863739604,1.8385886599917491
7407.0,310.8750383486425,1035.3410692765483,1.715180267464188
7408.0,312.90062724830705,1037.0822824441173,1.5866557704375626
7409.0,314.2562253892567,1039.815123671214,1.472311142309124
7410.0,317.3032173132686,1040.0658746427375,1.3916387916643083
7411.0,319.86257707501335,1041.092173430962,1.3104838601518687
7412.0,321.3950837874731,1043.3862555740702,1.219003930123712
7413.0,322.5268727603409,1046.3895075524506,1.1160245474895971
7414.0,324.48827794397374,1047.9869348543568,1.0189392545835443
7415.0,326.01691764361357,1049.6489363857618,0.9965464868480626
7416.0,326.54415206176935,1050.98770897795,0.981998134328076
7417.0,326.33070421014804,1051.221950170771,0.967228838797085
7418.0,326.2390937231327,1048.7155433083658,0.9364303809264887
7419.0,326.64063161719616,1045.0676176714812,0.874037841718008
7420.0,327.1095127137948,1041.6740319066093,0.8012240782676642
7421.0,328.19525060933756,1038.8280456172633,0.7589030194201601
7422.0,330.07042370980173,1037.597395970085,0.7349514935993344
7423.0,332.5055357209859,1037.2058004301969,0.7507278737858916
7424.0,335.3083580438719,1036.983817914825,0.7928129791682115
7425.0,337.70329180250235,1036.7546492165527,0.8122282022679617
7426.0,339.4905583586626,1037.8832505612486,0.7887643104259214
7427.0,340.64679118641146,1039.877709258798,0.7494277118277051
7428.0,341.83780802160396,1040.9429209669738,0.76142395373521
7429.0,342.6916819084223,1040.7191342723588,0.7771133005240899
7430.0,343.2220276179807,1039.7329640018884,0.7880239486528368
7431.0,343.20822866284715,1039.4126801818215,0.8031030323712256
7432.0,342.69385336166164,1039.4143437625503,0.8547262841182465
7433.0,341.72669163080525,1039.9378684488995,0.9227511304324096
7434.0,341.1913803773222,1041.8561449587448,0.9880456815837168
7435.0,340.63385321922357,1044.5929815947977,1.0196246685849157
7436.0,339.8963051960226,1045.9690433426715,1.0342695753912026
7437.0,339.16022097604775,1046.280179531845,1.0796218269141902
7438.0,338.98712134728834,1046.7671669965325,1.1502932086468731
7439.0,339.3891053499643,1047.876418916786,1.2336258118926684
7440.0,339.3172090246442,1048.7731906414801,1.2641834307271744
7441.0,338.96118284086634,1048.7854198131758,1.2426683205301157
7442.0,338.93695637245463,1048.6883656388165,1.2014413481678399
7443.0,339.2271981153125,1048.4604768428699,1.215377768045393
7444.0,338.77952659842526,1047.6048192555036,1.2565144422866026
7445.0,337.9913749898022,1045.458815151607,1.3024416336439228
7446.0,337.4179464369937,1043.0750810555282,1.3792551959356418
7447.0,337.5573616163949,1041.3219326474273,1.4853278213448673
7448.0,338.0839015276228,1039.7781698950487,1.577789445858792
7449.0,337.90196511096246,1037.693585731818,1.625352237942581
7450.0,336.93128085200266,1035.7629605807197,1.6367126778501184
7451.0,336.20678956361934,1036.3914542216733,1.6464150521042435
7452.0,336.73507133533366,1039.1370883714426,1.7455690700640194
7453.0,338.204507846805,1042.4994561496835,1.8663629262631236
7454.0,339.41862107341194,1045.6049213667645,1.9294410670279685
7455.0,339.62762266182887,1048.8647515032185,1.9367723595584958
7456.0,338.8390091875836,1052.5047972408381,1.9178147295395345
7457.0,337.06334497685356,1055.3872713378385,1.8850055144023008
7458.0,334.27770227051644,1056.5741532160798,1.860466728675133
7459.0,330.9968078415342,1057.0339023905408,1.8315582254585476
7460.0,328.8025345908855,1058.315720351884,1.8005692320754683
7461.0,328.64548424300904,1059.8297230694805,1.8536875326237634
7462.0,329.79622804402646,1060.8654576138308,2.0011491502596446
7463.0,331.12170983463,1061.637970239681,2.1163268903616066
7464.0,331.72304782306173,1063.4674542387256,2.0168788240225877
7465.0,331.7114366035143,1067.4706905485698,1.7738941322138686
7466.0,330.28199666928913,1072.0827766332814,1.5573598842939078
7467.0,327.69749436297064,1075.961548424942,1.4687370946463296
7468.0,324.77271056256194,1079.1961739524259,1.4341169490362884
7469.0,322.7232854003004,1080.4985972133636,1.4291812769656902
7470.0,322.05817375386766,1079.0588882264697,1.4589628852951297
7471.0,322.03709905837377,1076.6592591564367,1.518003951253381
7472.0,322.1826095529825,1074.9601198969817,1.6010657281967078
7473.0,322.14836076642587,1074.008838194125,1.6628369943375367
7474.0,322.3848529187015,1073.913351668936,1.726122282937273
7475.0,322.9424309346848,1075.7374532437507,1.7204466564976808
7476.0,323.43481844911616,1080.8701989594995,1.6528009400425636
7477.0,323.84726496423707,1088.809265052389,1.5464488354839616
7478.0,324.54344068546555,1096.331961710562,1.4615386316268544
7479.0,325.4075273006724,1101.9768459485394,1.4212521893903525
7480.0,326.13748756865664,1107.0194706828604,1.3987025101696515
7481.0,326.6686558023948,1111.7149495729707,1.384928166338684
7482.0,327.23337490564904,1114.7180440560944,1.4362696749891963
7483.0,328.2074903634251,1116.1890186604844,1.6521830550276528
7484.0,329.873170063687,1117.3818969631734,1.9859023048826117
7485.0,332.6399272547926,1119.2369968978,2.32211851773001
7486.0,335.8645120368885,1120.6984427840969,2.4645093680778483
7487.0,338.1305536772014,1121.6209347286733,2.3997987996865597
7488.0,338.1006964749658,1123.7250009092998,2.1708259049398437
7489.0,336.2180046530527,1126.4112679978423,1.9085196487269123
7490.0,334.0064845123255,1128.5837268134244,1.6906672518486918
7491.0,332.81006056125284,1129.4173349145278,1.56902154071481
7492.0,332.70072342493074,1129.8429682245653,1.5413010700827607
7493.0,332.9705643051595,1130.0610601075919,1.5776601203613478
7494.0,333.8296098240613,1129.368290348055,1.6392094439508225
7495.0,334.8534295464406,1127.8342480102815,1.650801722429384
7496.0,335.7331238522105,1127.0611780654353,1.6291562175667214
7497.0,335.2449617533133,1128.1306006431741,1.5417306560603807
7498.0,333.6597216980811,1128.4082391765098,1.423538651275532
7499.0,331.67784039524565,1128.0606043831856,1.2888603378160226
7500.0,329.005826167065,1126.9645808341254,1.1618542679950337
7501.0,326.32716644342565,1125.6949945530691,1.0102525850187682
7502.0,325.129586068143,1123.719591134206,0.8469446539923217
7503.0,326.0513718124862,1120.4734482392864,0.7168143768041882
7504.0,327.7620790029564,1117.0758699354105,0.6460003023732737
7505.0,329.1063847228102,1113.477133780503,0.6358246243686545
7506.0,329.66845879130835,1110.3753247400941,0.655822053643128
7507.0,329.8784597054456,1109.2788741913819,0.6691401310572197
7508.0,329.31618624198245,1112.2467415800888,0.6031009433861477
7509.0,327.5667648705436,1118.8834181943562,0.4803014060895962
7510.0,324.5217761006952,1127.2447577843059,0.36467933968065963
7511.0,321.2624049765196,1134.9969783103368,0.308673503274245
7512.0,318.8509466773803,1141.2934882699212,0.2931053409753617
7513.0,318.2470559469296,1146.0387839484054,0.30216576937344486
7514.0,319.6065390686878,1148.4312340520498,0.338995627273556
7515.0,321.1499430106913,1148.6768175695959,0.40634089612758756
7516.0,321.5254625253871,1147.5743602590676,0.4536236271418568
7517.0,320.71789307076295,1147.617675706289,0.4103695258928282
7518.0,319.77835997898916,1150.632521205943,0.3092845365582735
7519.0,319.256000128983,1155.306309618352,0.20952562380129602
7520.0,318.73158140249143,1158.8423961304695,0.1474841408624897
7521.0,317.6009602871245,1160.9677493762574,0.11044226514510261
7522.0,316.6584357586707,1163.210254543297,0.0893280947493635
7523.0,317.21389564539015,1166.0162957067498,0.08091276963288999
7524.0,319.3641734189064,1167.8086248031536,0.08906305529123561
7525.0,321.76209835839376,1168.1361495044064,0.1126165270924995
7526.0,323.77762189052595,1167.167997026164,0.15197871858647027
7527.0,325.4623629279542,1165.8253276583196,0.20831182246160998
7528.0,326.05423166941347,1166.0780417777326,0.23649794131509166
7529.0,325.17831220782745,1168.7878748415808,0.1951441580415377
7530.0,323.41711854945845,1173.1514044094147,0.13550846916756262
7531.0,321.8000241386831,1177.2921845709136,0.12015234996739999
7532.0,320.2663392507374,1181.217658544325,0.12888596142774822
7533.0,318.14602543175664,1183.604084025111,0.12295908331324851
7534.0,315.5109641239609,1184.944835346507,0.10703040711120052
7535.0,313.05674787365865,1185.95860577736,0.10028584871794803
7536.0,311.6698186645937,1186.4207957582537,0.1108004996050682
7537.0,310.68139155239976,1186.7407154181426,0.13903173114676817
7538.0,309.8477003186256,1188.3736992198683,0.18058610609397754
7539.0,309.21352117343247,1190.6167805018827,0.2120400345318026
7540.0,308.2245422387275,1189.9259849442008,0.21530595755513293
7541.0,307.91549675494525,1187.7756618060907,0.20010386944868408
7542.0,308.6594259465724,1184.9874796653387,0.18976340784329634
7543.0,309.4861616033847,1180.6483776400123,0.1810525647273985
7544.0,310.3806331230798,1175.9778072107774,0.17557322663286806
7545.0,310.44419899861555,1170.3522419993762,0.16203519104240258
7546.0,309.71639929437765,1164.435114596598,0.13696863620070762
7547.0,308.4111288918113,1161.136707060009,0.1074669424186802
7548.0,306.99978806326476,1159.909969979699,0.07473545980573691
7549.0,305.8970847314304,1157.857640046995,0.051866928707334385
7550.0,305.63459507283454,1154.8268340378365,0.033564823169702517
7551.0,305.9614174156481,1151.6266061327256,0.01424806052025761
7552.0,306.37134686807826,1147.3645711838394,0.001649207836993602
7553.0,306.3504197305872,1140.0033242414715,1.2955902975999022e-06
7554.0,305.6538029468063,1131.0620278756194,2.2275562500063195e-08
7555.0,304.09452556632124,1122.573119364867,3.974672025000758e-07
7556.0,302.2549447334264,1113.7749642700612,0.0005512634410000012
7557.0,300.88154428471876,1103.5689162388605,0.004633814882736901
7558.0,299.71357071885376,1093.4751449864093,0.015784175839308058
7559.0,297.8616249311309,1085.9698193736774,0.03280835946340846
7560.0,295.0722147044092,1080.498655723635,0.05060847734835834
7561.0,292.8043870724784,1075.8518651047143,0.07090300936091617
7562.0,292.2652759876861,1072.2251327583165,0.09469434328229172
7563.0,293.201961472972,1070.215517968599,0.11886270526138423
7564.0,294.1752598818132,1068.13331830325,0.1269372483088516
7565.0,294.5638207035551,1065.3338470967644,0.11550910187569012
7566.0,294.71184666578915,1063.030374210126,0.09647326074210254
7567.0,294.7895473238112,1062.7462161126944,0.07699023908232237
7568.0,295.0137273061213,1064.5762027832222,0.059446271113923546
7569.0,295.50101085960324,1067.174370613051,0.04204424760336356
7570.0,295.74794828967174,1070.4890839618372,0.031828882810380044
7571.0,295.3994217225188,1074.0413352285807,0.03352452605676153
7572.0,294.36997885916924,1077.8832592626884,0.046235191561690064
7573.0,292.7181352397952,1081.3755994942644,0.04564615585315212
7574.0,290.99047314905386,1083.8502426522223,0.028561993728643577
7575.0,289.3100430900252,1086.1535591898305,0.013255568543808867
7576.0,287.76626272015505,1085.8050513885405,0.00737376337918442
7577.0,286.62175813921,1083.0265943056565,0.007654167641609973
7578.0,285.83363312515115,1081.0841809201495,0.009673115904000043
7579.0,285.6080274354059,1081.4385382833098,0.01253175690880894
7580.0,285.66478600502506,1082.2054032531148,0.014981427073849628
7581.0,284.6785019897618,1081.765061987829,0.018951558612915597
7582.0,282.39019282380457,1080.5486595751322,0.023235322560076887
7583.0,279.8674023877201,1079.7456736308936,0.02261970880225003
7584.0,278.44563750665355,1079.0082579507387,0.012314917950760043
7585.0,277.31435533461206,1078.9216959783146,0.0036398138749569042
7586.0,275.32338361993993,1078.672997854122,0.0008801498759824098
7587.0,272.8505767595432,1077.26635733587,0.0013280732987076022
7588.0,270.8134728747677,1076.646888228377,0.003943318777222512
7589.0,269.4707417664073,1076.9609773220727,0.006725321904963626
7590.0,268.5915667645054,1077.4298190639215,0.009034274381439967
7591.0,268.43626012732216,1078.8086574971178,0.013625743486009576
7592.0,268.6846518600976,1081.769280488615,0.021121518116353537
7593.0,268.9739795416464,1085.177021642073,0.026199530414036092
7594.0,268.5356453147775,1087.9984645598802,0.027972923761166474
7595.0,267.94309014108995,1089.8298532735607,0.028874209956256922
7596.0,267.82214039889635,1090.8581309440226,0.02936162099642888
7597.0,268.0773825844562,1092.6303508521362,0.027572459697184967
7598.0,267.9410099767641,1092.8680216624439,0.027484404285324095
7599.0,267.40523707384943,1092.6084943610856,0.02641948565811839
7600.0,267.17943735278783,1093.0884077076073,0.022210510198248146
7601.0,267.1797446506151,1094.798214709527,0.01608995338059235
7602.0,266.5185055806302,1094.9719712561048,0.010409778082022413
7603.0,265.2642969719063,1091.8625998848752,0.003492210751704912
7604.0,264.2473481378745,1087.9256115440398,8.662601943610128e-05
7605.0,263.74168729903573,1084.8919139664906,0.00037049012353439497
7606.0,263.84620448545667,1082.6222055296575,0.0004580986824976067
7607.0,264.1889131506433,1079.9885898534462,0.0002673869228809034
7608.0,264.81312357347525,1077.259527143424,1.1283113284002414e-06
7609.0,265.7857939530192,1075.2648350861334,0.0010387948165155943
7610.0,266.6067428242367,1072.2919470438394,0.006478031609888408
7611.0,267.0244108115833,1067.5330253847512,0.020620305189198346
7612.0,267.28875956971444,1063.0094489718274,0.04453347519379362
7613.0,268.02473789395475,1060.4574072135183,0.0817595333453375
7614.0,268.74995210594653,1058.6333504991048,0.13344292104255995
7615.0,268.49134080016097,1054.4277641061626,0.16765028518143993
7616.0,267.5065826486745,1047.3230573888886,0.16025660680359685
7617.0,266.7688564768077,1040.4255873480517,0.13703114459275256
7618.0,267.10518139900194,1036.2734610956666,0.12950278943580154
7619.0,267.5494462526679,1034.169311341989,0.12878043500520814
7620.0,268.16930985461323,1033.6249099654049,0.12552973713909746
7621.0,270.06248325271156,1034.60853570884,0.1264848028348805
7622.0,273.7154060753663,1035.8508652586966,0.12213691344404638
7623.0,278.11588637867084,1036.1529684240465,0.09676806002292239
7624.0,281.6790538265518,1036.268367810006,0.0763565335574597
7625.0,282.8178569610659,1038.2282592696913,0.08110699589040989
7626.0,281.4411568724089,1041.5912082203408,0.10438610129102452
7627.0,279.2464634407618,1043.312455726833,0.11617255319690252
7628.0,277.57970820988123,1041.176073715707,0.10373269855687221
7629.0,276.04679499521535,1035.6573184677566,0.08206116495424001
7630.0,275.41589100601743,1030.7291616266425,0.06001322587744092
7631.0,275.8221750023934,1028.43054912347,0.042186896522360184
7632.0,276.98386630021,1027.7956913766782,0.02508411986930889
7633.0,279.0063439972194,1027.4439968403988,0.011647684749313627
7634.0,281.3144215228442,1027.3607183530607,0.006321914839620865
7635.0,283.5308982349555,1027.6442964895996,0.013030475914232075
7636.0,284.7466257544127,1028.0946015203012,0.03183107368002244
7637.0,284.5990003188751,1027.367712213527,0.05044043003488098
7638.0,284.704727393612,1024.9749641186877,0.05311990105400241
7639.0,285.9511786428865,1021.5730339749939,0.03876695189556251
7640.0,287.20366864389825,1018.4006010467189,0.022583351050656408
7641.0,287.80933103051586,1016.9696585030653,0.010915447708080407
7642.0,288.2281146334389,1016.256857204718,0.004716239143014414
7643.0,288.70516603480644,1014.70920146741,0.0019214186793200991
7644.0,289.24986694487455,1011.778922783256,0.0006257477235025046
7645.0,289.85238606867495,1009.1653202064062,0.0006086044594081036
7646.0,290.9884599151085,1008.8397945308822,0.0015874606647025124
7647.0,291.9139999774024,1009.0905748925669,0.005447691719910377
7648.0,292.08603110320513,1006.8881887137622,0.010584395222640099
7649.0,291.17225104948017,1003.0331947844345,0.009696866736928909
7650.0,289.436214480625,1001.61288702175,0.004836388799222504
7651.0,287.8061155039773,1004.7678864340152,0.0003338813326564065
7652.0,285.8612453375704,1009.472874576992,0.000587711412417596
7653.0,284.3007321322388,1011.922662741248,0.003173670532915595
7654.0,284.5260885314553,1011.5714537516674,0.0042802605216900255
7655.0,286.276995602834,1010.8491998640974,0.00462949194973688
7656.0,288.32259891419255,1010.5381349190684,0.005162527401532896
7657.0,290.60125534580186,1010.7686485584853,0.004898338340896905
7658.0,292.8390694019548,1011.5793567259594,0.00390031850340088
7659.0,294.0028418736325,1013.8104296208295,0.004433041545588116
7660.0,292.487417849568,1018.1826389635219,0.009003375768654393
7661.0,288.57227483744276,1022.3953177963871,0.014661112262286403
7662.0,283.79929100462664,1024.1656009346907,0.022212182367750345
7663.0,279.83929161677304,1024.3159738111058,0.030488152717444966
7664.0,276.95661366702245,1024.315425246564,0.036937038381812046
7665.0,274.91016455669967,1025.4118085267348,0.03461427877375682
7666.0,273.7655069656389,1028.3555215024558,0.027092692538016345
7667.0,273.27346540084466,1031.9811211109015,0.019561874158612852
7668.0,273.249060921935,1035.336328364602,0.012330079251992088
7669.0,272.69706608305563,1038.1047242345903,0.0071384384349184185
7670.0,271.5985949066168,1041.3572241844893,0.003838018089027604
7671.0,269.8647084976308,1045.10350086415,0.004290197600159984
7672.0,268.01027193871136,1047.0842943053876,0.006033101142841613
7673.0,266.29833619063504,1047.1377722402476,0.009794486882409973
7674.0,264.9560872231469,1046.2679022235075,0.015524235481764086
7675.0,263.06521921103894,1045.2844992869595,0.022238677211904336
7676.0,260.81481653258686,1045.6409560625664,0.02618303920182763
7677.0,258.8334248836428,1046.9185241036844,0.029132396328622568
7678.0,257.0793480957442,1046.3178651984426,0.03842974866990498
7679.0,255.3395139278884,1043.6002490577014,0.054043960748544805
7680.0,253.7402881095872,1042.7448207545208,0.07509865054816901
7681.0,252.67011430186426,1044.819297052133,0.09897862153134246
7682.0,251.77651058283564,1049.025406717047,0.12138504758874483
7683.0,250.96980711194814,1052.362166123832,0.12239918575040236
7684.0,250.6949519558124,1053.2012214927418,0.10531025132746814
7685.0,251.40758124082248,1051.9594993384455,0.08348175263176802
7686.0,252.4075312862644,1050.465009489796,0.07758085491556009
7687.0,252.41530660970727,1050.1135610689898,0.09172916474333294
7688.0,251.62911704483741,1050.8143914999775,0.11968519414203053
7689.0,250.59232340749207,1051.5641792627116,0.14900283227832256
7690.0,249.58263539182238,1050.787545815438,0.18057917090736642
7691.0,249.21219556576898,1049.235949411141,0.21733932579515564
7692.0,249.24175026638596,1049.0401436098766,0.26231336622723683
7693.0,249.17797991243702,1049.617332095659,0.2936149797435002
7694.0,249.33987319626027,1048.5263069406021,0.26762262073850257
7695.0,249.74501626199665,1045.1588026226948,0.21570865642469156
7696.0,249.7127592447695,1041.7652371736826,0.17665768003422241
7697.0,249.01365729254888,1040.9327740747042,0.15224180583669755
7698.0,247.71999469782378,1042.1089780735128,0.12546818829771222
7699.0,246.54286316400393,1043.7497959288423,0.0912209973518596
7700.0,245.86776823410256,1045.317824909685,0.0560743536640576
7701.0,244.95455537878084,1046.6732790755314,0.03275609870333167
7702.0,243.86966522301051,1048.1434604044175,0.023487895022912045
7703.0,242.12081086888952,1048.7212396402113,0.02406956764969
7704.0,239.4928369137583,1048.293109673007,0.025966421881000065
7705.0,236.5272202367446,1045.8212688588167,0.021970623944508147
7706.0,233.88159063915876,1042.4481315121009,0.010706717604492866
7707.0,231.48582049130928,1040.1201792796653,0.0035582883289320966
7708.0,229.45065280944308,1040.5822427055714,0.002411210672646421
7709.0,228.24048240398437,1042.7881907074966,0.0023752259629640908
7710.0,227.52077657412644,1045.2666391496473,0.002077945728560098
7711.0,226.82848251322466,1046.9219771516953,0.0014950139304681094
7712.0,225.79155285135334,1047.3470186254324,0.002794923918361621
7713.0,224.24194078207685,1047.88347190456,0.006699813748712082
7714.0,222.1911020158975,1048.7068359493687,0.013505008142102495
7715.0,220.16642057223538,1048.6794595590484,0.018397968161592115
7716.0,218.4627811766822,1047.3529448989862,0.01921393802592253
7717.0,217.04916508893928,1045.661492993281,0.014317060571366445
7718.0,216.05418993171884,1045.6110406053176,0.0070538615220529285
7719.0,215.37201347127709,1047.6455221008914,0.0025194245855769196
7720.0,215.13148779808492,1051.398278541104,0.0002959669496161036
7721.0,215.27077487838434,1056.8847689897968,0.0005398164326024924
7722.0,215.9034229091371,1061.470920304058,0.0033952460611875917
7723.0,217.26906250526113,1063.9796210039524,0.005617886250553575
7724.0,218.88093451258257,1064.5560499644855,0.007684538582249972
7725.0,220.52002748193053,1064.8760391930387,0.01054817118440413
7726.0,221.84004678212582,1065.5660293926194,0.012588200468122517
7727.0,222.39053280399352,1065.952600107885,0.015318856950196953
7728.0,222.06064560402834,1063.9420354597005,0.015743614259073623
7729.0,221.152588547728,1061.02820906531,0.011807041237244107
7730.0,220.79797774332897,1060.6421995470048,0.0068055091701601355
7731.0,220.50047621791123,1063.0342678008756,0.00270890894595242
7732.0,220.0756222295182,1067.3662839549445,0.0008121348640804019
7733.0,219.75776574092558,1071.0830079248128,0.00028795850003560564
7734.0,220.0520631856397,1072.8826302439418,0.00013650978038760126
7735.0,220.34754409695697,1072.8394092954882,4.9881872544100387e-05
7736.0,219.9438889363786,1071.5377851474152,7.898143512250118e-05
7737.0,218.99891979029414,1069.8543286338977,0.0018537562747728983
7738.0,217.9163942270316,1068.1847366914155,0.008680205416464401
7739.0,217.3419127568731,1067.575187200115,0.02156964251724495
7740.0,216.66011372982726,1068.001944036613,0.04340666397587561
7741.0,215.58287152688834,1068.9583666214753,0.07028898556849011
7742.0,213.89521259459875,1070.0887151420663,0.10290620485260081
7743.0,212.33654650587002,1071.1337785491087,0.14005922272131693
7744.0,210.7344772731122,1072.087532184695,0.19181431350853217
7745.0,209.20700411658177,1071.6478205674532,0.22766754188304006
7746.0,208.2913860479887,1070.3726066056333,0.2153498366451601
7747.0,207.71682985831714,1069.266566654386,0.2027324556724042
7748.0,207.49263915609095,1068.9211758096003,0.2102561436860416
7749.0,207.05362681782276,1069.434347249158,0.23703273749760642
7750.0,206.72639888656462,1071.0439461599963,0.26978243701422255
7751.0,206.71009860086076,1071.9321538310098,0.31104124720291837
7752.0,207.0194785378854,1071.707131876962,0.32526549553307055
7753.0,206.63730467583798,1069.476393544101,0.3044939119055088
7754.0,205.9951992103291,1064.6464177560867,0.2641508007733608
7755.0,205.4042011865001,1058.1539994162827,0.22802999191801954
7756.0,204.90571558456128,1053.0480648359026,0.22288787098440033
7757.0,204.4435822604211,1051.5121903106237,0.22067302013674084
7758.0,204.70171049814033,1052.6750660180794,0.20890486741565448
7759.0,205.8169695609327,1052.6070157727363,0.19818636315881286
7760.0,206.81986633940954,1049.540299320304,0.20169540881021442
7761.0,206.63286976026504,1045.4220515754678,0.2433171278678595
7762.0,205.52918343842413,1042.368608941607,0.32840891544227296
7763.0,204.18299907373114,1039.902607420689,0.41424156832832
7764.0,202.96461572388154,1036.7202748404018,0.4435020290018703
7765.0,202.21610759784645,1032.4094379621895,0.4113371852309477
7766.0,201.69617115937635,1029.0081815376118,0.3726129304436841
7767.0,200.92828896678978,1027.142853251905,0.38195614903652
7768.0,199.83893502541363,1027.2199993745294,0.43197162098043046
7769.0,198.9004736347507,1028.3729409044845,0.49827680971256244
7770.0,198.47109510725036,1030.0054808414063,0.5499056867451877
7771.0,197.94751633383973,1031.8340502798499,0.6073254009277227
7772.0,197.14436539405068,1032.6802607297532,0.6709773972504101
7773.0,196.1905047884284,1032.1747038497838,0.6994669708076162
7774.0,195.5907066182301,1030.024529181383,0.6679758900363263
7775.0,195.3031547626921,1027.5336083060515,0.6161098615787556
7776.0,194.837684314329,1025.3521984221327,0.5919261346333695
7777.0,194.50147772810342,1024.2754585222644,0.5984295903449363
7778.0,194.4248022389073,1023.7322965386603,0.6502334800347135
7779.0,193.79683226360206,1023.0400753102056,0.7498503863585602
7780.0,192.3417561347876,1022.2880153484449,0.8457671031566408
7781.0,190.65679397564082,1021.9988883648167,0.8680535046633322
7782.0,188.86226641927394,1022.6166518360733,0.8330979037994807
7783.0,187.15189321958815,1023.82343417186,0.8331175826325623
7784.0,185.8007633524726,1026.125959259097,0.8580369513920655
7785.0,185.12280768336774,1028.1511700973408,0.886369959861173
7786.0,184.88764066241993,1029.5710280527671,0.8931597809851163
7787.0,185.0263511015015,1029.8148100918784,0.9350350034995262
7788.0,185.50017101410253,1029.6204457254667,1.0193117867184784
7789.0,186.3374549670739,1029.2900574931177,1.1452192674546724
7790.0,187.2181382262365,1029.873201282403,1.261289077499413
7791.0,187.51967422754458,1032.6197353410573,1.3358713052850202
7792.0,187.09804030423524,1036.6769739447961,1.373304328157262
7793.0,186.176214647133,1039.9344301627661,1.3797672892542014
7794.0,185.09592377881378,1039.4696721209532,1.4592357329368901
7795.0,183.4717208106467,1036.2570867837396,1.607354088179796
7796.0,181.60249110120995,1032.7685236202024,1.7509501242134786
7797.0,180.07603062638995,1030.4202938537092,1.8011921472249999
7798.0,179.38932377328217,1029.6764093587265,1.8380844997200627
7799.0,178.77888790851154,1030.1378176805824,1.9426144929822433
7800.0,177.91490332099772,1030.6091856310718,2.1203575329525624
7801.0,177.77909289132106,1032.54447858754,2.2819047163704007
7802.0,178.36101873655406,1036.452940609717,2.3301035780845827
7803.0,178.89293540495973,1040.8862067648886,2.3732371484391024
7804.0,179.04014940916758,1042.3673846669392,2.462916923819623
7805.0,179.05315611265772,1039.6919643828978,2.560922163030422
7806.0,179.24949608681737,1036.6296454942837,2.5782982454923205
7807.0,179.95468504407785,1035.4419753431011,2.5248059577104405
7808.0,180.7756828152997,1035.4028919679008,2.4989855491240003
7809.0,181.7310206713802,1035.5942929912842,2.5318108943689106
7810.0,182.564029867598,1035.195488267649,2.575821425822096
7811.0,183.3526910521606,1035.1509921194559,2.598583042786652
7812.0,184.27465014793077,1035.9677721707064,2.5599870720163214
7813.0,185.32688889708828,1035.7217960108978,2.4289357466287487
7814.0,186.69984336026425,1033.0868012515568,2.2704930414491806
7815.0,188.30473326195917,1029.185031526267,2.119662077009165
7816.0,189.50694611824179,1026.703124916628,1.9691903240376962
7817.0,189.5134077298361,1025.3757526536829,1.790426962794457
7818.0,188.49418922030594,1023.9690165543722,1.6158542539457537
7819.0,187.29031904639237,1023.5399665592768,1.4918721417959524
7820.0,185.68393894872418,1022.9199175993829,1.4246269143045693
7821.0,183.5587488437071,1020.4628307487066,1.3933028463062502
7822.0,181.4985974043507,1015.5611995232114,1.4052980328101292
7823.0,179.79286373285436,1011.4432058473859,1.4083157984040324
7824.0,178.51834199057984,1010.0041108660643,1.3218770493759742
7825.0,177.86268995897444,1011.2409985202464,1.1822559751244026
7826.0,177.7276590883891,1013.8962801343133,1.0442716596331318
7827.0,177.68197593225446,1016.3712128069445,0.9403247227596966
7828.0,177.70026187382084,1017.9349236049452,0.8907016996476035
7829.0,177.78282172466533,1017.4387603485,0.9223761313372225
7830.0,177.8508844031577,1015.5759410164549,1.001188572966692
7831.0,177.96401843995912,1014.9186798277071,1.0828145615757379
7832.0,178.12573364845005,1015.6906037725574,1.163494451716
7833.0,178.09186936465713,1015.9020702980296,1.2484698828032603
7834.0,178.11220201553172,1015.7507329676815,1.2760334144799204
7835.0,178.29497570571874,1014.8875499099338,1.2075252326827208
7836.0,178.7569917182118,1013.4135932850534,1.0904526324067598
7837.0,179.76728542846328,1012.374524815582,0.99485204247529
7838.0,181.21493786899165,1011.9422156201574,0.9298922717770085
7839.0,182.9041830933733,1011.0547728467144,0.8741854125481687
7840.0,184.7152231023445,1008.2718113090775,0.8732743822620801
7841.0,186.6508669877198,1004.3464001495984,0.9369525823208719
7842.0,188.478579582825,1001.2332520185909,1.0920057929844562
7843.0,190.37062709488876,999.2575811877778,1.3331590753650064
7844.0,192.35917787696766,998.4684208758038,1.6426360016591042
7845.0,194.1969827020351,1000.1147907043315,1.964833199901006
7846.0,195.70166329300196,1002.4886542987675,2.2367495459367555
7847.0,196.52163829354032,1004.2403976663802,2.498482368470145
7848.0,197.08874833045317,1005.8947682441384,2.7709310464255044
7849.0,198.06624060364874,1006.7027177443819,2.909011732529551
7850.0,200.03020099945124,1007.0640822038433,2.7947313784599
7851.0,202.00678536912093,1007.0486505206907,2.575774048312112
7852.0,203.89757829234304,1005.4885559409155,2.4188387999607226
7853.0,205.5199790704627,1003.1125650272315,2.351668592598312
7854.0,206.98925757445912,1001.7150293479287,2.3130177554799394
7855.0,208.09983925504264,1000.8025002430913,2.36243078780401
7856.0,209.18246262754792,1000.232943667786,2.60310054052129
7857.0,210.6874344790927,1001.6145358972077,2.9258076158305926
7858.0,212.4851416207366,1003.778649940208,3.19669511524416
7859.0,214.41550441400895,1005.0057799767505,3.3635139648513315
7860.0,215.78958503417306,1004.7380086856705,3.414344920745052
7861.0,215.73101909979843,1003.2126350562596,3.3086447669208026
7862.0,214.48043141023214,1001.8609918934249,3.1293365878476096
7863.0,212.96863901110734,1002.7904586289782,2.9718584821605676
7864.0,211.3388893865003,1005.8321672163919,2.8946383716231425
7865.0,210.27739777249587,1010.192533892063,2.9058950699193327
7866.0,209.0432115422659,1014.1907688134804,3.001302374818493
7867.0,207.5198837674952,1018.9757243320485,3.2232305270414927
7868.0,205.37114420156223,1024.2618740205362,3.446642932636323
7869.0,202.64647365310395,1028.6628564303842,3.526520466128304
7870.0,199.7734750988178,1031.1669696600331,3.4461866909411927
7871.0,196.99240712389064,1032.3002309992303,3.3079874608957693
7872.0,194.19137985230512,1033.7339361893585,3.161379088155028
7873.0,191.77735137993255,1036.5626664237511,3.0249490989220864
7874.0,190.29610671511452,1040.7274812877502,2.9830257404213154
7875.0,189.4382666762137,1043.9678305997106,3.0272532279301227
7876.0,189.34866320160398,1045.1615382973473,3.1650662965694227
7877.0,189.6207040900986,1047.4412364509824,3.3228261991591683
7878.0,190.36365280541156,1050.4661393333054,3.4720279432426224
7879.0,190.78836601225012,1053.0793929766803,3.512086153503845
7880.0,190.19662565727776,1054.3541131568331,3.517204377342054
7881.0,189.5167036925134,1055.2761163885887,3.548380995647502
7882.0,189.22808101311247,1056.93512851483,3.602144661947623
7883.0,189.89617944087638,1059.0973524329231,3.5417249248373524
7884.0,190.66564877817905,1062.1575819733089,3.419898358602758
7885.0,190.7246813543283,1064.4273623719916,3.365367979206845
7886.0,189.92797739520987,1065.7571072818353,3.404492428345289
7887.0,188.46710883748992,1067.7781493090254,3.481576652532723
7888.0,187.00445715682326,1070.5693873725593,3.515121355539176
7889.0,185.5318123522196,1073.6167141777066,3.601827107017921
7890.0,184.1952353834815,1077.2681198638165,3.796455142298336
7891.0,183.28893685912624,1080.549505035421,4.15206561117924
7892.0,182.1987673210376,1083.3809235784208,4.5054807685947695
7893.0,180.55111953605615,1086.1094976546888,4.789774782640269
7894.0,179.05587863643458,1088.518201161535,5.019892946698297
7895.0,178.24183746550912,1090.823537542877,5.224168129032966
7896.0,178.22213688018493,1091.9414533017805,5.327528263107211
7897.0,178.5084463806622,1090.0845086345842,5.171989415172688
7898.0,178.83680804814398,1085.9455442333854,4.806533966837192
7899.0,179.45473190103365,1081.299127805054,4.434486801081294
7900.0,180.18155862243898,1076.1387152442676,4.070745794415745
7901.0,180.32878907482646,1070.282723044781,3.7129955208674414
7902.0,180.2146681297044,1064.3876515595769,3.47067532899202
7903.0,180.5844656265302,1060.5815720999665,3.36400461135729
7904.0,180.9072720914708,1058.850192320068,3.306560157817604
7905.0,180.280153764254,1057.9854986037885,3.202554807738989
7906.0,179.03557220669788,1057.8152022188183,3.0991900471967555
7907.0,178.68384736753544,1058.6066732201623,3.0072255508504524
7908.0,179.22796977804182,1059.6794719744266,2.8446106547589696
7909.0,179.44053931181477,1061.7093055839046,2.626912864829652
7910.0,179.0284316842984,1064.9468997539743,2.433213353758645
7911.0,178.38652725430413,1068.5442411127096,2.3446852801817104
7912.0,178.48512763441605,1071.1633093896303,2.392291562241902
7913.0,179.32985482456687,1072.6281025281028,2.5225483226054326
7914.0,180.89096949874082,1074.8488955978946,2.6498111703148837
7915.0,182.77384378291129,1077.4332787401295,2.7137587936949608
7916.0,184.42040041809432,1079.7663784908734,2.6735156454996547
7917.0,185.404819296779,1081.5892585295935,2.5345407668212925
7918.0,185.69741698034758,1083.9849447376234,2.3721441132052226
7919.0,185.6015083233038,1086.6720559370356,2.243261053504
7920.0,185.2015713059865,1089.1388024226094,2.1550860087660544
7921.0,184.2268564471575,1090.9785951678173,2.0552074403842804
7922.0,182.2990331375654,1092.2281017508853,1.945132609229612
7923.0,180.13300222554133,1092.4937819434997,1.8305686267026067
7924.0,178.5927415375718,1091.7306076094476,1.6947598127409482
7925.0,177.75469363829646,1089.7467041159146,1.55854475620561
7926.0,176.86380236404773,1085.8733498348493,1.417007187044832
7927.0,175.29099144868522,1080.809387327997,1.2812833189013797
7928.0,173.12034044491205,1075.9160619203476,1.150846050436505
7929.0,170.687896633956,1071.9364185964969,1.0312674858898283
7930.0,168.61424440085378,1068.618869170459,0.908757801220652
7931.0,167.84341911588007,1066.8900733229962,0.7990817924390626
7932.0,168.4288014420296,1066.0341802429948,0.7596401392931568
7933.0,168.5547584214678,1065.8927541540895,0.725269620179417
7934.0,168.13390304332475,1065.3614667803229,0.6918493678215291
7935.0,167.33028030714436,1065.3515011968677,0.6302996616919396
7936.0,166.56009436934573,1064.8964051952503,0.5819966052844804
7937.0,165.9198425818328,1063.2079607627018,0.5348788927222226
7938.0,119.21842241721721,996.3235483005293,0.1247452034188369
7939.0,117.85190703729769,992.7925343803657,0.12694269949023623
7940.0,116.58350815378184,988.1437571544307,0.138638110707132
7941.0,115.98261293949221,983.7685796400863,0.13692068378120242
7942.0,115.78524725827361,981.6133201765393,0.10908287691238083
7943.0,115.59312641388688,981.8613108789689,0.07939209002664044
7944.0,115.17404442663405,983.2380888008887,0.05599263054686447
7945.0,114.6422657967774,983.1858198788992,0.039808844923971645
7946.0,114.72170020389227,981.0445854138419,0.02430441401561293
7947.0,115.41242264184243,978.7082355021648,0.011830943355619567
7948.0,116.0162692767429,978.3031981221151,0.005292856414080372
7949.0,115.78292195715728,980.5776861975971,0.0015149602278001024
7950.0,115.15406890236522,983.7760382715219,6.127241762890274e-05
7951.0,115.0648846378758,986.5030077474596,0.005916603326691608
7952.0,115.53121854217049,987.5950843833348,0.02662885793592013
7953.0,115.71988711078224,987.8346620183266,0.06244083900672242
7954.0,115.12646638188004,988.2207826043565,0.10859462118752031
7955.0,113.92459211254018,988.5192866206893,0.17288687909902234
7956.0,112.93985854172823,986.9629335361809,0.23183265861920155
7957.0,113.56230556085701,982.5231509884737,0.24592510151788965
7958.0,115.15080949562363,977.4986655024221,0.24042375406506247
7959.0,116.77862849408257,974.2246502309324,0.258981245604
7960.0,117.8412039533203,972.3418645798185,0.29570493216225646
7961.0,118.48608254742918,970.5958449229623,0.3221065551642625
7962.0,118.76433970981,969.5874375863648,0.3326011601069057
7963.0,118.40665356313896,970.4333267653783,0.3418108050009745
7964.0,117.46197695183177,972.6381641968126,0.34988213994988954
7965.0,117.14192838722776,974.048557482001,0.33995403093029297
7966.0,118.01770197309447,973.4077906344419,0.3279834917244649
7967.0,119.58841008396898,972.365402442597,0.33317851845379237
7968.0,121.26496219298011,972.4612251025274,0.34329532086052805
7969.0,122.5898640431831,974.0555291286539,0.34450466780303995
7970.0,123.35454194495082,974.5119494245586,0.3311143909651601
7971.0,123.49122627755202,972.7942671224998,0.31244686839208097
7972.0,123.25613303154374,969.852746338189,0.29909987251205766
7973.0,122.76765935602965,966.8686435579614,0.2654563575316849
7974.0,122.34179680988719,965.3535008165575,0.2242775807066116
7975.0,122.33740282695102,966.7881527370539,0.21075160929514816
7976.0,123.15657283511948,970.6289012554619,0.2365238234701225
7977.0,124.51073413646884,974.6470320657457,0.28888039682840244
7978.0,125.63347637012866,977.3929921175533,0.32840559164624883
7979.0,125.83582991576786,978.1273520062622,0.32372133053521956
7980.0,125.34959958900932,977.3695891877238,0.2829212907599717
7981.0,124.4783127282471,975.7880267369796,0.23634099604572242
7982.0,123.63150297845556,975.1043403465238,0.19416497558640256
7983.0,122.90152962082018,975.3812443046515,0.17673865718482093
7984.0,122.49032411435341,976.6505401091819,0.1986964591295161
7985.0,122.41944813839005,979.2770218768329,0.24815374131610232
7986.0,122.46321590946899,983.0229577313614,0.29703309875520495
7987.0,122.85103963458617,985.9055280323827,0.31838994571588103
7988.0,123.31509166986912,986.5779451731306,0.2985380434663224
7989.0,123.63902841214362,985.4924667341505,0.24527605897746096
7990.0,123.69734449755003,983.4073616695346,0.19691827814756258
7991.0,123.46043790348806,981.7679088470233,0.17012500868413688
7992.0,122.47661735611037,980.4495446299479,0.16240946748033644
7993.0,120.85207191988312,979.634539062943,0.1483113680776224
7994.0,119.31862685913741,978.058317353948,0.12582442676841196
7995.0,118.38529983490079,975.3978524466175,0.09778379787008012
7996.0,118.18530936546489,971.151631500644,0.0672908710154257
7997.0,118.3337638592418,967.1516249368198,0.047307133054120855
7998.0,118.57183435804883,965.2500300859656,0.04385813533675553
7999.0,118.49261741723186,964.4120685062372,0.047775030624999985
8000.0,117.99278154943013,963.4361107961371,0.04581556596940417
8001.0,117.2264458579294,960.8250588423296,0.03891317249220844
8002.0,116.18448019541245,958.7068754498434,0.03351821316803993
8003.0,115.15510272791438,958.4549845254531,0.039396942288756946
8004.0,114.36449409629697,960.810978735669,0.059799625749744324
8005.0,114.33364039377336,963.9766019493911,0.08522710103297619
8006.0,114.65123489235425,965.3437510317419,0.10992657619013284
8007.0,114.51366384463884,963.0979453104636,0.1309947653853601
8008.0,113.21111280025377,958.0666491186718,0.13662406738122485
8009.0,111.31025311901216,954.7130660703491,0.13663420273960966
8010.0,109.41182300731363,953.2740230184961,0.15174211277281005
8011.0,107.77614749229973,953.795504351326,0.19240569001493282
8012.0,106.77147880845452,954.9471551931149,0.2567651279968009
8013.0,106.64964708371855,956.5166390780979,0.3438218374960328
8014.0,107.58610235851607,958.1532937402744,0.43746604539586564
8015.0,108.72600162895472,959.6968139836094,0.5209268877820225
8016.0,109.4781225287936,961.0058906290268,0.5819552270280101
8017.0,110.1519610447906,961.4180134867437,0.6174586634217445
8018.0,111.22076622558794,959.6043421159029,0.6525685801468091
8019.0,112.28815196938815,954.2931685781689,0.7336533197209226
8020.0,112.80736437004208,947.8695989963318,0.8274973438868163
8021.0,112.67824516850092,944.6146401298389,0.9141095796010085
8022.0,112.10564637866125,945.5395870838082,0.9528250914817602
8023.0,111.77265253960948,946.3502126901841,0.9675381279882255
8024.0,111.68256101472888,945.0841741472401,1.0014145398772802
8025.0,111.95741921464487,942.2569602691106,1.0861515752211217
8026.0,112.33697691950461,940.2308303271,1.1696485659685263
8027.0,112.77016986128662,939.209649647048,1.199618191048889
8028.0,113.03225219183778,937.8160276583778,1.2159811210713156
8029.0,112.56814144380088,935.0633555920479,1.3240630815843601
8030.0,111.35910921212813,931.2437496843168,1.5106367122993445
8031.0,109.97419322900991,928.96332387477,1.6329084685084247
8032.0,109.071811713774,929.1987815872648,1.6582501239309724
8033.0,108.38165299452288,931.7866592096669,1.6688658035098922
8034.0,107.7883822639762,934.5050834082537,1.7072288036053154
8035.0,107.53294885889406,937.5847907112407,1.7396845515998405
8036.0,107.76209821152214,940.5182497235426,1.7172376876949056
8037.0,108.2090417658534,942.6284878749194,1.6781040639222338
8038.0,108.40647257428041,942.8247696280141,1.6634128363529768
8039.0,108.10559903420037,941.5477002092183,1.6674785719144996
8040.0,107.58686306962836,939.6177359306962,1.6556816588810437
8041.0,107.42129728908515,937.4509909564364,1.6390530954709082
8042.0,107.63238740760902,936.3976634707294,1.6388347168320399
8043.0,108.03273833623601,937.5198743594204,1.6666231120626567
8044.0,108.45374936848673,940.249748993302,1.6555904050383503
8045.0,109.08970467164289,943.7866076195886,1.6033848079028226
8046.0,109.97226134849133,946.2799837383282,1.5649497094202498
8047.0,110.83559003836984,946.8951016204911,1.600666439539781
8048.0,111.26296147898843,946.8887946714183,1.68275015191396
8049.0,111.19090139190894,945.941955546373,1.7188534135502498
8050.0,110.70264530683365,943.4416429239834,1.704524278931976
8051.0,110.25431323218504,940.2883516597392,1.6575348152240656
8052.0,109.66717034578092,938.0821457638154,1.6087468052522689
8053.0,108.57188193500222,937.5004455138765,1.5428756086951934
8054.0,107.11741489834884,937.7981116064893,1.4611332534249026
8055.0,105.61803829385768,938.7799701281914,1.347773766000828
8056.0,104.23900363869019,940.2416532355392,1.1876392144857322
8057.0,102.89640009431625,942.0882725312612,0.9760738532602499
8058.0,101.40798748550088,943.9011953084629,0.7723047136195162
8059.0,99.72664386470566,944.8691955676155,0.6050544806421503
8060.0,97.8839646386742,944.3482429367199,0.477635063965561
8061.0,95.72567525435201,942.4993107189946,0.39150822369019256
8062.0,93.66780242139107,940.3326458916952,0.3350306475676225
8063.0,92.36167200021397,938.4008897342352,0.2820888261841224
8064.0,91.9073660112057,937.6410754144575,0.21382540339050812
8065.0,91.65889544220293,937.5798364007532,0.15474042894435994
8066.0,91.21584604020963,938.5057113382467,0.12765967414960364
8067.0,90.54028267373367,939.5117156860728,0.14020604001454107
8068.0,90.12740483147387,939.7208707876889,0.1761647692728169
8069.0,89.95899346291223,938.5711636308816,0.21582069497280357
8070.0,89.74294604638314,936.9820403177639,0.25144791039547243
8071.0,89.5953248820725,935.9406507059641,0.28062773080788644
8072.0,89.18613698857108,935.7617438015334,0.3062093481026597
8073.0,88.01618362307316,936.0869491809085,0.32043754314832085
8074.0,86.45705658557453,936.7955932995612,0.32532543898122496
8075.0,85.45723779431056,938.1528852062421,0.3427164007740226
8076.0,84.95719116753958,941.0309293370842,0.3750372139439524
8077.0,84.70360160765951,944.3859210570166,0.4168913630765624
8078.0,84.73165385480642,946.8148772923347,0.46679846396678
8079.0,84.99600287121417,948.3745502922211,0.5088203007752882
8080.0,85.48661207428074,950.1679960394633,0.5149671834753795
8081.0,86.17608708450204,951.5422550698698,0.48836315925102264
8082.0,86.50704308951407,951.7704772906304,0.43176813545923554
8083.0,86.21847042342483,951.0038936327351,0.36407334961570803
8084.0,85.48558670737371,949.7049863568533,0.3116799304203204
8085.0,84.28582555026806,949.3334389886006,0.2870002148904801
8086.0,82.78274228340484,950.7044108316754,0.2571157965188568
8087.0,81.40790083910927,953.1031954572932,0.21173180131769767
8088.0,80.43506793548639,955.0906711091332,0.17294607698097966
8089.0,79.40368096861799,956.948565208209,0.15840520196228014
8090.0,77.92594937946706,958.9934661677137,0.18853488517248165
8091.0,76.51453493967087,960.6244952487024,0.24583542962584362
8092.0,75.72462143215004,961.6483633418716,0.30247496451801764
8093.0,75.837754711826,962.0982989042652,0.35611275854338564
8094.0,76.52887814200852,961.8317164385248,0.41008271493653997
8095.0,77.45838024249984,960.6330297597697,0.45499957077663356
8096.0,78.26848714531441,958.965591177134,0.47988744681402795
8097.0,78.62970501989697,958.6951275073973,0.5080865201315344
8098.0,78.43267767800404,960.5925649342072,0.54066153114961
8099.0,77.76029075240177,963.9739740507822,0.5828624376503183
8100.0,77.04744270282926,965.9108633246709,0.6397707405348901
8101.0,76.67963359167084,966.1566798863983,0.7086051176686596
8102.0,76.78859920420278,964.902284650359,0.7763188656063681
8103.0,77.18107263912081,964.7058169895502,0.7905927550970089
8104.0,77.69833951224915,965.3275313267258,0.7417341309024145
8105.0,78.28606754871045,964.9133561124924,0.7217873828041039
8106.0,79.12303795130293,962.3368150566404,0.768477158828324
8107.0,80.05550668535298,958.4663458651061,0.8125532028243287
8108.0,81.09284250887347,954.7318406675672,0.8229858217096354
8109.0,82.03189167274388,950.7895810188637,0.8422589502960891
8110.0,82.7901615502962,948.4166059692429,0.9161106050586887
8111.0,83.35243402901938,946.4643842884244,1.039718160149804
8112.0,83.92961520774419,945.3851952024962,1.1700811206002941
8113.0,84.57525211544338,944.901351621095,1.3148231700416124
8114.0,84.93250684239554,945.2911986832734,1.4403177055218168
8115.0,84.94689307689666,947.920878103281,1.5827179074617688
8116.0,84.7683556896577,952.129493256203,1.7521924914086462
8117.0,84.70808467037423,957.4199920906804,1.928663142348449
8118.0,84.66746367546669,962.7580500880764,2.1711282809300103
8119.0,85.11141600906122,966.9110805690776,2.445598548173721
8120.0,85.64854143989608,969.6443559356396,2.6571982005667607
8121.0,86.07530035066691,972.1516918181478,2.7435226523430627
8122.0,86.37314389157977,973.7340747185252,2.7583673168222225
8123.0,86.9666907700286,974.2732357019759,2.80617114357552
8124.0,87.85957005619407,973.3833434964095,2.9773545637515624
8125.0,88.65212251256587,973.4341219288737,3.1344128954023827
8126.0,89.42741746550611,976.2935910144317,3.148328817018425
8127.0,89.990153306596,980.8935088364113,3.09383291561307
8128.0,90.64308774802231,984.8793111001886,3.021580541741748
8129.0,91.6093945213553,987.5003931243801,2.9592790540904703
8130.0,92.61630961072477,989.642635006911,2.957573494534478
8131.0,93.4717600581507,992.7028748725999,3.0379464776049483
8132.0,94.15415877953744,995.612640399566,3.1131350964297795
8133.0,94.66489666035125,997.3479316464601,3.150709242063113
8134.0,95.10906858177985,997.9964827808379,3.2320654957009443
8135.0,95.49550468861041,997.7545584034597,3.394489605333965
8136.0,95.60284021101684,996.6837959973623,3.624884102316866
8137.0,94.9247025221748,995.4436820099389,3.8596937094505024
8138.0,93.77663861543586,994.4703590372206,4.099891375315322
8139.0,92.72520858550969,992.6326106764707,4.358860945999561
8140.0,92.31545801447609,990.2437998152834,4.627025395040665
8141.0,92.50519957365827,987.7161084583139,4.773778352746884
8142.0,92.80811711711324,985.0888682522478,4.707299977939689
8143.0,93.16806071234654,983.2210001402791,4.536870861646786
8144.0,93.69369672050419,983.0156468064946,4.412317108284625
8145.0,94.53508582014024,985.7655255266658,4.375144549544545
8146.0,95.32045676255977,988.8976817862712,4.39069235932441
8147.0,95.8687361599414,988.7368847710615,4.407041932207537
8148.0,96.11875365005653,986.1282841760953,4.468075484966354
8149.0,96.38260096209025,984.506855235719,4.573087643249294
8150.0,96.88700542852807,984.4088784321169,4.64584835203746
8151.0,97.34764998098619,985.0498173943109,4.66681179547464
8152.0,97.5523549655006,987.3119134545262,4.6734117967647
8153.0,97.31246274149906,991.174365064915,4.73413436060356
8154.0,96.6039334129,996.7360051163688,4.831081704053951
8155.0,95.6701768005701,1001.5316766795969,4.9066590166981205
8156.0,95.69942299905506,1002.3705727031131,5.042185729734193
8157.0,96.92636162638256,1000.6704607080206,5.2586108080525324
8158.0,98.57976142422687,998.4570283667487,5.434963466706656
8159.0,99.85775521995217,996.6205995740844,5.563500693163056
8160.0,100.51904638056479,994.9566777580516,5.7422072018740895
8161.0,100.7329900858911,993.376216326223,5.953965517610009
8162.0,100.48679458485164,992.0476706952737,6.178762208088792
8163.0,99.88227726701312,992.5024999014988,6.396389703607911
8164.0,98.80365566400785,994.8666871717644,6.554644265595602
8165.0,97.59105930262244,998.471784228397,6.6204494684080295
8166.0,97.04139006737415,1000.644250097186,6.785759657293865
8167.0,97.42553091396132,1000.1014097519122,7.190059819555117
8168.0,97.73056168651853,997.8360602347244,7.733637406224911
8169.0,97.73734489977798,996.1828364184306,8.195640501504469
8170.0,97.7425945530617,995.3398906405401,8.520130102667917
8171.0,97.64969613088175,994.037944603709,8.746157149942867
8172.0,97.54996300231271,992.896334648563,8.759968760733313
8173.0,97.98466516142734,992.994392579727,8.620301227621502
8174.0,98.99127134540062,995.4313653042605,8.546404726478372
8175.0,99.93210152942025,999.0040837147085,8.613026798569056
8176.0,101.1160902857711,1002.1785454701496,8.84859925992663
8177.0,102.72600903016367,1004.0788593129714,9.189347097493087
8178.0,104.69672479209306,1005.2229758487772,9.59822986816302
8179.0,106.53703797428537,1006.6801398142444,10.016463452174497
8180.0,107.84039028289492,1007.8282678230566,10.354262582416
8181.0,108.65166023362671,1008.8076666471876,10.416104047009082
8182.0,108.98297860277569,1010.8023140101825,10.368953074575375
8183.0,109.30992920919044,1014.4680721288112,10.41143587936995
8184.0,109.84655090251647,1017.348971385354,10.476970308444226
8185.0,110.72428747330638,1019.7708818428847,10.476694727840952
8186.0,111.64034796984014,1022.5965324188068,10.399922219872282
8187.0,113.10571573071242,1026.097813159814,10.239131986395499
8188.0,115.02012957563845,1028.2558906172128,9.991993260590643
8189.0,116.81315905858631,1027.8994774922076,9.649867955407796
8190.0,118.1702109072623,1026.6594326259826,9.509326509749767
8191.0,119.4898192947492,1026.959386932394,9.80305567344291
8192.0,120.40152675689271,1028.1495315868963,10.244530484994996
8193.0,120.87539197743702,1028.849038328977,10.436691847675085
8194.0,120.66745789436341,1030.318802065991,10.394054068677589
8195.0,119.5549226609357,1032.9445953369568,10.26378768677321
8196.0,118.01722310630115,1036.0321216147222,10.081484998841285
8197.0,116.91968614919887,1037.7284787751248,9.802884910363927
8198.0,116.2909991743472,1038.1135182797336,9.531099472564495
8199.0,116.16560001117492,1038.0445497876258,9.371077072062251
8200.0,116.626997162404,1037.7777013906923,9.40427782296025
8201.0,117.55477278167969,1038.0312357752418,9.53002384400727
8202.0,118.55576568485846,1039.7090184391686,9.555529495683801
8203.0,119.37321249434791,1043.0944100578758,9.480483749913937
8204.0,120.07076829553502,1047.3880737540005,9.310716988735562
8205.0,120.57301854616517,1050.7635815600368,9.043784663544187
8206.0,120.82382151660165,1053.5244093286608,8.647124772468372
8207.0,120.7298883928713,1056.4913399342156,8.227529476158361
8208.0,120.63548128713714,1059.4565854674483,7.865388240447003
8209.0,121.08840730255612,1061.0452052966145,7.725093988432408
8210.0,122.3315832382488,1061.6488783329344,7.811382833997414
8211.0,123.70073226086396,1061.0552712418164,8.039728840175234
8212.0,124.77410304024241,1059.9912203814408,8.231013763578435
8213.0,126.06756519594784,1059.9036672410398,8.252886474264063
8214.0,127.88991145214713,1060.7676005124822,8.160369750690487
8215.0,130.13614792335486,1061.5336681341216,8.037878594187173
8216.0,131.94623951486028,1060.6606165494468,7.860491452186241
8217.0,133.04668780220783,1059.2603711300526,7.708455375566669
8218.0,133.53572160664243,1058.0494041041643,7.6716425823199215
8219.0,133.74802386179672,1057.3098008076045,7.753808142503924
8220.0,134.1290608308948,1056.2268568767715,8.003959186051226
8221.0,134.57721100631176,1055.4349643374665,8.33655199106509
8222.0,134.9673306830939,1053.660753739881,8.723571668973875
8223.0,135.2197821454649,1050.2887775472393,9.019510382305002
8224.0,135.11729184225308,1046.02039765933,9.264080044385718
8225.0,134.53316357818622,1042.3831175551607,9.475782393389775
8226.0,134.02685027641155,1039.5258924668854,9.58194133093521
8227.0,133.619373949031,1037.461756043305,9.585493589369728
8228.0,133.2505439111896,1037.168411261331,9.47074035586624
8229.0,132.28347815842204,1037.908405119084,9.29137168411402
8230.0,131.05237440215882,1038.2669918668525,9.243053845973591
8231.0,130.02426609504036,1037.3776023007363,9.37092792994418
8232.0,129.50412232814884,1036.80361689518,9.58063880096449
8233.0,129.29637094849556,1038.3946399730876,9.757559541009748
8234.0,129.2689747766662,1041.7728266574338,9.872452437706809
8235.0,129.56287453559582,1044.474563871225,10.025911452401681
8236.0,129.80235004294053,1046.5033896482437,10.219700054721432
8237.0,129.72670210735004,1048.641441237461,10.34444829012025
8238.0,129.78982820694785,1050.999635291648,10.287011465476636
8239.0,129.9720489392594,1053.8806151461743,10.093384025714997
8240.0,130.1441911769305,1057.9867951180101,9.829771180106627
8241.0,130.79480605047138,1062.069496192184,9.659070940543067
8242.0,132.4095367543778,1065.4872234448112,9.570662155265744
8243.0,134.25932841305388,1067.940354325835,9.469170240938855
8244.0,135.18841122860042,1070.1516694085524,9.31958533670417
8245.0,134.91365692557645,1071.2597556367684,9.19107955994925
8246.0,133.96547768864775,1069.997073846479,9.190472627767393
8247.0,132.58554797056803,1068.3122209092003,9.235787704565453
8248.0,131.39931119648887,1066.9402819529266,9.231734004150997
8249.0,131.08443893407923,1064.98120634888,9.179372155769537
8250.0,131.34710904664166,1062.476973257931,9.121576388331457
8251.0,131.30483057504736,1061.4816085988687,9.113927235240984
8252.0,130.7857871094035,1061.845199704736,9.160582135209529
8253.0,130.05298590682173,1061.6752348478433,9.204683126833086
8254.0,129.28031670757505,1060.5434877906177,9.205165405402404
8255.0,128.36776632270298,1058.8200058480816,9.27791788921755
8256.0,127.91733844799754,1056.832625921746,9.394321241246491
8257.0,127.9352913015656,1053.5231824150776,9.407506719466127
8258.0,128.15731974145461,1048.5784370418633,9.322944634758066
8259.0,128.1453339343936,1043.2291321838165,9.261367093195325
8260.0,127.81840094074079,1039.9652156350294,9.443051202843039
8261.0,127.1378164987808,1038.4615280351186,9.889249475587645
8262.0,126.07719808971427,1037.141505363693,10.524610959289863
8263.0,124.72790097941976,1035.5355789387092,11.138915528251932
8264.0,123.51838266786271,1034.8481324054615,11.687106902236387
8265.0,123.12673410262681,1035.12807294488,12.166236222894769
8266.0,123.72959864206771,1035.504624835839,12.525025171013715
8267.0,124.76209242466038,1035.7119532981417,12.852834959136905
8268.0,125.50294584658268,1036.3912655705012,13.155966705255631
8269.0,125.91277640551733,1037.6296279503456,13.485968702230089
8270.0,126.05415013616991,1038.0297466370691,13.7126241094416
8271.0,126.2195511640613,1035.7756466215003,13.841916590579116
8272.0,126.52705620685363,1031.6919511726535,13.84399440369346
8273.0,126.3002879785012,1029.389461901406,13.8302138629902
8274.0,125.60832836824738,1028.2021729950445,13.748450847623122
8275.0,124.70205270827374,1026.8874367667304,13.702366341405561
8276.0,124.02189039420432,1025.9135632213174,13.784356181913523
8277.0,123.41341746439508,1025.4388257098888,14.12407017139615
8278.0,123.24375830004188,1024.0192461704323,14.760744084739104
8279.0,123.41337702705903,1020.891871857054,15.646532363560645
8280.0,123.71894267277895,1018.8524354878557,16.62244417371171
8281.0,123.82564052380899,1018.4992216530773,17.326688635150564
8282.0,123.73492946846173,1018.0779546916491,17.551423852419802
8283.0,123.88604635762236,1015.8693533399135,17.42065185097359
8284.0,124.55602566697304,1012.9688520558464,17.24433176427025
8285.0,125.47188842635227,1010.3614831102769,17.15288874557325
8286.0,126.1367078251152,1008.7668945228411,17.216701029223618
8287.0,126.79602194425355,1007.2351435456783,17.441444771527532
8288.0,127.28001306581137,1004.3215434513387,17.892391050019228
8289.0,127.5320531775217,1000.7931462913367,18.480745064400168
8290.0,127.28770514353609,999.1666496866625,19.17068043933427
8291.0,126.80226679933958,1000.2086755675176,20.01582236990116
8292.0,126.52168919045089,1003.1043290696502,20.931253243714192
8293.0,126.67951128272047,1005.9097267604702,21.786666102284833
8294.0,127.5366350183016,1007.5544624256023,22.454160413212048
8295.0,128.68335504094333,1007.7426701572758,22.86032249250924
8296.0,129.40142692543503,1007.2619779656637,22.850755166688327
8297.0,129.5646051471489,1006.8014512531577,22.703698510257638
8298.0,129.6528566120239,1006.7530234000614,22.627046822989207
8299.0,129.8035481423587,1007.693789221249,22.72394224974277
8300.0,129.72821034415557,1009.6808940918615,22.97630296561609
8301.0,129.26256441924198,1012.3484757229123,23.298305515101145
8302.0,128.66288879326294,1015.6596092552833,23.80155942575595
8303.0,128.4424451766687,1019.101487033226,24.37691223202573
8304.0,128.85652682264123,1021.0448391561598,24.907999696656415
8305.0,129.58789417447034,1021.4815970531381,25.13104217192467
8306.0,130.49060926279688,1022.0139814913716,25.2136217029779
8307.0,131.21478693164332,1022.8109674461708,25.415492441366688
8308.0,131.3694826154173,1023.0887385040248,25.881631841136457
8309.0,131.10732186833553,1023.3945400839561,26.529103844022035
8310.0,130.88242199026422,1024.1763519121191,27.385360310237573
8311.0,130.9126027806566,1025.1645786059428,28.21789135113431
8312.0,130.84282317601685,1025.8064843430247,28.777474114585278
8313.0,130.43328661539405,1026.9251234136025,29.007900390224926
8314.0,129.7876809510433,1028.1311226430419,29.049530643810726
8315.0,129.30813595878465,1028.778754664952,29.034398810916446
8316.0,129.323127274988,1029.3149999024135,28.939377987855558
8317.0,129.98662378340651,1030.2479296214035,28.762563480306362
8318.0,131.17790519643683,1030.9222788613454,28.503505328337454
8319.0,132.56951854795872,1031.4004638382441,28.32439278839423
8320.0,133.6739555382466,1031.886212209784,28.183072251985454
8321.0,134.0635016168191,1032.2884074030815,28.12190816618742
8322.0,133.7503333918963,1032.0405168850943,28.09572036920053
8323.0,133.32524215089117,1031.7548468709683,28.352735302625394
8324.0,133.0779359090751,1031.9096377088454,28.887468778706832
8325.0,133.02509039605513,1032.0875155769372,29.301930926625634
8326.0,133.2894900997977,1032.6946053539127,29.227439263210194
8327.0,134.08342538705767,1033.3979078005382,28.86844018550881
8328.0,134.96435521410095,1033.2980901635838,28.606050258152262
8329.0,135.42650853603078,1033.3457918976615,28.41952944048876
8330.0,135.93838828597683,1033.840236409538,28.392314182309455
8331.0,136.67216510392012,1034.5964956170676,28.267262842785495
8332.0,137.69943511356084,1036.308717199536,27.976058190828017
8333.0,138.72633845696026,1038.166452813102,27.704041699676413
8334.0,138.982613083813,1039.7018949921887,27.789427913447696
8335.0,138.3939857544312,1040.5206494378074,28.161855381579265
8336.0,137.46973559557634,1041.3705233669618,28.248815321285335
8337.0,136.78158961647313,1042.080822799461,27.836543316331742
8338.0,136.62217538769121,1042.0342149677476,27.302686405911505
8339.0,136.4995367438946,1042.3503927644513,27.22986202726944
8340.0,136.38794243849705,1043.948282844144,27.541838088693154
8341.0,136.225246072285,1045.8622992470878,27.853416310296296
8342.0,135.8578995294979,1045.7521152955212,27.928348871343854
8343.0,135.44267717048837,1043.2408445010144,27.74259544206096
8344.0,134.97684771062552,1040.9839213680925,27.393806141913746
8345.0,134.51138855916216,1040.5156612054848,26.970685317561728
8346.0,134.2679395703989,1041.1480452715364,26.690134722850182
8347.0,134.1005391871408,1041.9003163002726,26.752079134422267
8348.0,133.98818659118714,1042.2643254011487,27.087286887479724
8349.0,134.1260939216522,1043.5500563977646,27.393149290239172
8350.0,134.2255144824596,1045.7830579031888,27.30729741914394
8351.0,133.7327289613685,1047.2580242721845,26.719966572965124
8352.0,132.9069294866066,1047.190702062309,25.905208757067353
8353.0,132.22699778028002,1046.9618681640013,25.16951297642148
8354.0,132.05822978994553,1047.3554141845816,24.667832940919723
8355.0,132.2605286895442,1047.3338599761871,24.598208865668262
8356.0,132.57295822789558,1048.4636293561416,24.81637283341984
8357.0,132.83746143868225,1051.6190653788142,25.013967750435693
8358.0,132.87488649459803,1055.2748949524262,24.95580964515258
8359.0,133.03195785077776,1058.458406878785,24.634564283019614
8360.0,133.62285542718328,1060.7119075226703,24.190300501804963
8361.0,134.52993911909763,1061.8341602597654,23.678056142385884
8362.0,135.46296829040463,1062.4030645388586,23.21428418889616
8363.0,136.41496251097217,1063.3008265036162,22.83196214754006
8364.0,137.2217691832808,1065.1303419976978,22.557408762242407
8365.0,137.82030509532825,1067.8907515598771,22.454626502567063
8366.0,137.87582697241226,1071.2011754415846,22.572195411338605
8367.0,137.28728779270898,1075.2861934326397,22.777744550020536
8368.0,136.4700559915512,1079.5274451111993,22.888431663879935
8369.0,136.13664605305533,1082.6629480021056,22.8971232490097
8370.0,136.47558515703437,1084.4131488551727,22.81237922199943
8371.0,137.1202542287649,1085.9074323096124,22.655789236979846
8372.0,137.9289740452399,1087.5194417884109,22.44572719243315
8373.0,138.81987677620148,1087.9933096980462,22.06150970817506
8374.0,139.8109276087224,1086.9885362294947,21.615372881399622
8375.0,140.63393684225903,1085.109324200846,21.32167057230631
8376.0,141.0651466719748,1083.3452594211526,21.1734004489262
8377.0,141.11149225042377,1080.8236304282768,20.973967357732732
8378.0,140.88517007274467,1076.9996243791356,20.73015839869225
8379.0,140.28451862133693,1073.0655747417172,20.57603755196143
8380.0,139.4978917183169,1070.4703253169928,20.735658014203597
8381.0,139.38633813333675,1068.048531618119,21.071623614917787
8382.0,140.43647363061632,1064.8034932967842,21.430249428297426
8383.0,141.9230457112126,1061.3940877549287,21.58798455903235
8384.0,143.11658275836183,1057.6392712221946,21.391153270761553
8385.0,143.85372476548332,1054.6018326501905,20.914862061401305
8386.0,144.48431181527775,1053.2116902274383,20.57499453854423
8387.0,145.11350029194224,1053.6279900266632,20.521189921024003
8388.0,145.667954212804,1055.0092786167065,20.51964330664046
8389.0,146.13051968361736,1057.6632187910984,20.477112847027357
8390.0,146.6365363987476,1060.6468176238438,20.275909652481086
8391.0,146.6275194254829,1063.214999293274,19.915026978017828
8392.0,145.6873627732081,1063.7483428493592,19.455844730884003
8393.0,144.31936775989217,1061.7107627355658,19.129465389578826
8394.0,143.382787594727,1058.4718037542982,19.113553766215507
8395.0,143.13988765341105,1055.3060645352118,19.319002903065115
8396.0,142.56697951762794,1053.2435939345505,19.549814615186875
8397.0,141.6711483236582,1052.7214777391046,19.743688298372223
8398.0,140.66694855197602,1054.411939933153,19.957809201640636
8399.0,140.34929574009487,1056.6260571659936,20.16145869689169
8400.0,141.01559388750167,1057.4210524033256,20.320766618307207
8401.0,142.3367190577617,1055.9839093605085,20.21315601426701
8402.0,143.97629305580813,1053.7947294399935,19.9336483317611
8403.0,145.6487019048002,1051.6559714822895,19.53541859552544
8404.0,147.25931423961418,1049.247302806936,19.240215634143677
8405.0,148.82520323176948,1046.5810374965547,18.89188256611725
8406.0,150.32462717019132,1044.5720227201734,18.307283702159367
8407.0,151.23876303080567,1044.0139136229773,17.93113532426344
8408.0,150.37462038403433,1043.201713047869,18.029233241453497
8409.0,147.96041941996322,1042.2183339529063,18.364203367170152
8410.0,145.50920993832963,1040.1653993949824,18.534217073668405
8411.0,143.86567310051504,1038.4542271136238,18.513503180151847
8412.0,143.16491574768688,1036.8064826468785,18.40350180726088
8413.0,142.94159241819676,1035.2894816335297,18.29561087055487
8414.0,142.73856270830026,1033.657797143335,18.074647181583746
8415.0,142.24557727122547,1032.8146737455866,17.86854628429931
8416.0,141.6383629280535,1033.7855699451948,17.782428623930894
8417.0,141.35622444211643,1034.171927759443,17.75942575975196
8418.0,141.32812278617627,1031.5779798477042,17.7140397805533
8419.0,142.11031657915,1027.0914843636856,17.739806020089308
8420.0,143.13112359966334,1024.0434974219106,17.807011393870116
8421.0,144.29263748394396,1022.581536680779,17.663697633528038
8422.0,145.00511341688764,1022.688967739113,17.58299744060808
8423.0,145.80543663006085,1022.0681721432246,17.576741646207747
8424.0,146.33086967679665,1021.3978606514524,17.715603217765377
8425.0,146.78610304287102,1020.8247405161387,17.659199641453505
8426.0,147.4440454351568,1020.647113893651,17.394050915192707
8427.0,148.08760180533,1020.7736142093491,17.011265319291113
8428.0,148.8889623820021,1020.4530167265087,16.51049254447509
8429.0,150.0016885870615,1021.5052934376926,15.930786853267442
8430.0,151.23627271286068,1024.7400741499011,15.357558222648644
8431.0,151.42983335814802,1029.6909339808697,15.055413162645914
8432.0,151.35972763029287,1035.6259280999463,14.953093487929
8433.0,151.5747327191493,1043.014207882716,14.885725990857905
8434.0,152.5487584650753,1050.861119420561,14.777436019511889
8435.0,153.77113713766389,1057.0563007160533,14.518718045233472
8436.0,154.75816003999154,1062.2665122085098,13.992388357728013
8437.0,155.43947161519765,1066.966401595188,13.512074880383404
8438.0,155.80941202708513,1071.366828303723,13.150721186027136
8439.0,155.85954248657188,1074.472920566139,12.873533169983185
8440.0,155.92927200545117,1077.3924201217344,12.497343711136732
8441.0,155.96907937986595,1080.450254464866,12.189652117453333
8442.0,156.03778985200591,1083.631476600272,11.928431336437454
8443.0,155.51909725514534,1084.9542257384992,11.7342731140882
8444.0,154.34113615402487,1084.4431098249554,11.631561816817154
8445.0,152.97626749517337,1084.3840372341717,11.625537730765519
8446.0,152.0938507718909,1085.4256572522497,11.78624839183236
8447.0,151.8929522063194,1088.3176398640792,12.076252384648672
8448.0,152.16950559213024,1092.8691185455555,12.318966857656418
8449.0,153.70266377808386,1096.0804696816626,12.470169879565074
8450.0,156.22656237898127,1095.3930984922386,12.651394765299207
8451.0,158.60125702134079,1092.32507591065,12.694803819857315
8452.0,160.89480374663538,1089.4474302487401,12.736538718203136
8453.0,162.99323055182728,1087.953471749116,12.893044693983732
8454.0,164.11735913970168,1086.441214360988,13.183317096484764
8455.0,164.00468187323384,1085.44302041656,13.589247469148122
8456.0,163.87618094124727,1084.0369612148327,14.123002411682387
8457.0,163.99553590366267,1082.6251589251347,14.386187053254309
8458.0,164.75153274185016,1081.7355044274505,14.215103801221753
8459.0,166.2064288298183,1079.58026992486,13.840548085753465
8460.0,167.66350800374104,1078.0410856066253,13.358625219090996
8461.0,168.31684706047497,1077.7788279297642,12.96452588306253
8462.0,168.66443575859606,1077.0424334891643,12.791489731029406
8463.0,170.07722375520086,1074.7267569996875,12.872684915942807
8464.0,172.11149534118928,1072.5298255738514,13.068693508199038
8465.0,173.80533010727248,1071.8565412684413,13.086605563661477
8466.0,174.9544810807553,1071.684888552254,12.900608295849224
8467.0,176.1659353007576,1070.374070998887,12.634382240733263
8468.0,178.19790854635147,1067.7438591254054,12.163781622530594
8469.0,180.3620695043049,1066.0031961013913,11.523117909029551
8470.0,181.3807945647658,1065.7583889616499,10.719533317197627
8471.0,180.57525011453706,1065.2328871765765,9.917838862526002
8472.0,178.90682891192097,1065.3967018171581,9.287086992621171
8473.0,177.38103049180899,1066.733674189628,8.782268001437505
8474.0,176.49008647733612,1068.2261851416386,8.320066109378152
8475.0,175.9237489364425,1068.664904006893,7.876609125373872
8476.0,175.5925745478618,1068.8739362507704,7.501826505610136
8477.0,175.82909254876745,1071.648637004258,7.226265368251104
8478.0,176.09102760797728,1077.1955095013209,7.17648720780329
8479.0,175.783144682317,1082.7604100650926,7.202474289379908
8480.0,174.87302657180877,1086.7401779169916,7.259018842184089
8481.0,174.18095612282684,1088.5734355998054,7.465895272878902
8482.0,173.6465067771,1088.4213440097492,7.804995871184754
8483.0,172.9730280945484,1087.8104545810431,8.179933078990732
8484.0,172.35924679178393,1088.0399262160984,8.53345635453648
8485.0,172.43389287066665,1089.641060575369,8.746772297932946
8486.0,173.09641511037879,1091.2021084977837,8.816388790531395
8487.0,173.8591312257189,1092.2862189696689,8.890080186564061
8488.0,174.1401143433371,1094.383136658624,8.906334238530206
8489.0,173.47173094625552,1097.8730473031728,8.890164447450895
8490.0,172.21049548642807,1101.3925749101618,8.940220258204413
8491.0,170.0671671849881,1104.3694170467627,9.023569130492383
8492.0,167.38514166557138,1106.3147103200167,9.10944491968449
8493.0,165.14518334196515,1106.9868059011983,9.20963290780129
8494.0,163.9313965506153,1106.8016236405806,9.20973548222116
8495.0,163.6217172965408,1106.8343562205184,9.019782058343042
8496.0,163.87914550593277,1107.1669147027949,8.748247380805577
8497.0,164.45699270842266,1107.7978232673615,8.435175733038761
8498.0,164.80641008873206,1108.590657866396,8.142256228603209
8499.0,164.72504814712684,1110.8522866300864,7.868975250489585
8500.0,164.51215779965392,1114.4989927845822,7.677900054907711
8501.0,164.20691110986783,1119.1046207170452,7.6579506736500615
8502.0,163.5525808192154,1123.357110899409,7.890543528463877
8503.0,162.55496636728483,1126.4622365762987,8.282896835884973
8504.0,161.9396523257773,1128.4742695051398,8.560825738107654
8505.0,162.08656979811528,1128.9776078126547,8.600458252001363
8506.0,162.6885645557776,1129.7763788926036,8.4384083378657
8507.0,163.5602897234817,1131.5735735313453,8.307144687126533
8508.0,165.10330574182973,1134.39989989825,8.270015937993332
8509.0,166.95652950743937,1137.9113705780935,8.197060627773865
8510.0,168.49472684976047,1142.450318487299,8.057118298990321
8511.0,169.01894153071228,1146.055833157673,8.03376956317806
8512.0,168.66894282747143,1146.4204969552814,8.272350877683472
8513.0,167.3540984780283,1142.6895434774742,8.607506041181521
8514.0,165.50280090314084,1137.1900391746376,8.894176037702671
8515.0,163.59188204014978,1133.359417730211,9.095353092327098
8516.0,161.85281666423654,1132.0080639280695,9.271399019465786
8517.0,160.8285298514881,1132.1711177479801,9.225231746880356
8518.0,160.11027925237727,1132.902365737742,9.004965324656954
8519.0,159.72058988390054,1132.9089964946052,8.897186875288867
8520.0,159.7280438993387,1130.4287301788013,9.10842576724426
8521.0,159.85788489666723,1126.5017705574369,9.462043675413119
8522.0,159.95641209284273,1124.3958555937538,9.737939088013754
8523.0,160.6084739111208,1124.6013209843732,9.86107145889649
8524.0,161.8990366950444,1124.6907614809622,9.843897151252103
8525.0,163.06041807465698,1124.427180076621,9.732614131516165
8526.0,163.95621003934386,1124.6406257782442,9.616320202809408
8527.0,164.50311620181336,1124.6151093084761,9.609462901504756
8528.0,164.64810183271447,1124.1938000946207,9.711819006554723
8529.0,164.87750469249715,1123.5826206918655,9.847121320471782
8530.0,165.06010552432969,1125.3470668060208,9.95433412930002
8531.0,165.15890477133055,1128.736443388264,9.934422486247772
8532.0,165.20897100077437,1131.2941863247004,9.852838353270533
8533.0,165.5601962175285,1132.19642436259,9.825611649647248
8534.0,165.56103206018378,1132.9018561463677,9.988919160572019
8535.0,165.54097138948714,1135.4216088387132,10.395775681383684
8536.0,165.85862927405992,1139.1142865885956,10.761157147826873
8537.0,166.74559121036074,1143.0339857752947,10.861601710019137
8538.0,167.8381864545488,1146.382828637052,10.643632984753934
8539.0,168.5890395992133,1150.3419711245122,10.465209860205475
8540.0,169.04047116266108,1154.9134977756937,10.504630940077826
8541.0,169.26902263578722,1159.3935503152713,10.605533768011822
8542.0,169.46461753530633,1162.6261332489553,10.559110846910103
8543.0,169.67958758401028,1165.8435634556292,10.382026748724867
8544.0,170.12806305882944,1170.4298174451033,10.160865481126562
8545.0,170.82469558526114,1175.8540404862756,9.9171297878074
8546.0,171.92200814855084,1180.2558744935243,9.737815389126345
8547.0,172.58602462823197,1183.327755035661,9.647431803233511
8548.0,172.84850261097694,1185.284401530673,9.742598776823776
8549.0,172.61868761747527,1187.0820747679006,9.780961954463702
8550.0,172.45486357993454,1189.3485615412624,9.770436342468878
8551.0,172.369216769022,1191.8436306028295,9.708846519964839
8552.0,172.7239126221111,1193.8482280553749,9.71426788699032
8553.0,173.55541239110022,1197.1343068698566,9.796710698514456
8554.0,174.90996038756666,1201.2786388603026,9.820225669454645
8555.0,176.24428005467487,1205.2668422683466,9.707239092558062
8556.0,177.10261780208552,1207.2936146047027,9.511512437476002
8557.0,177.5089767063203,1206.496565718088,9.332825509566023
8558.0,177.9005730192838,1204.8986679379564,9.138277125375554
8559.0,178.42158644518486,1203.7174056544163,9.08269183515021
8560.0,179.3706487174572,1202.852371398893,9.19221647485425
8561.0,180.81098594059796,1202.2175746113471,9.543579123667824
8562.0,182.14739257615662,1202.0847515291955,9.895120717105167
8563.0,183.18767639372967,1202.8628669376974,9.976160594226846
8564.0,184.08122719447672,1203.4305522731818,9.775792895307072
8565.0,184.60653530424153,1204.242571710831,9.427115073733347
8566.0,183.97914285777048,1204.9198226989813,9.001222421505913
8567.0,182.1794523184484,1204.3433948120203,8.547316157274835
8568.0,180.20966596236758,1201.7072240577659,8.158570569063746
8569.0,179.2287042228089,1200.455582198884,7.921719059949619
8570.0,179.5197735772111,1200.509513859302,7.902382329696817
8571.0,180.34508243059315,1199.8242419816022,7.961070478061609
8572.0,180.61922271169664,1196.7506256588426,8.030980651624281
8573.0,180.15499729081995,1192.9220995582575,8.109218220980587
8574.0,178.8129720262444,1189.0215471941247,8.190163901402139
8575.0,176.90840023047656,1186.1963697183148,8.092923396584832
8576.0,175.995787873999,1185.8723614449664,7.742868659113125
8577.0,176.2875877912356,1186.800293134026,7.243249471698245
8578.0,176.87162626114937,1187.2873333509995,6.655858572210305
8579.0,177.27613180334916,1187.2678693402481,6.106413247587323
8580.0,178.11064695834582,1187.8281333210807,5.75868180342713
8581.0,179.7554511542435,1189.4221798675203,5.657800612497448
8582.0,181.6407161604182,1191.3301874244441,5.684068132321424
8583.0,183.42452677305303,1191.2918180644224,5.740781785170978
8584.0,184.47706413207555,1188.9005232980119,5.7416874103457864
8585.0,185.05402657083923,1186.030412327436,5.716114136378536
8586.0,185.36957370435323,1184.9488580249367,5.690442693713414
8587.0,185.48473650991076,1184.604043652052,5.70031621362225
8588.0,185.37567819821717,1182.3621288530492,5.765275591427369
8589.0,185.90304143065745,1178.6403356087983,5.778647419905428
8590.0,187.49630706376823,1175.3262961405762,5.623653163202005
8591.0,188.93489458869533,1173.211037361785,5.3805681910828325
8592.0,189.56848361081413,1171.2601728092566,5.095542882388045
8593.0,189.33804142105728,1170.1075319834838,4.81235922055518
8594.0,188.86949653180395,1170.165899149039,4.513758083002063
8595.0,188.2101485616967,1170.4437258479627,4.165481310953167
8596.0,188.0794316733779,1170.052282440609,3.730549436256781
8597.0,188.91517381202192,1169.1693479680062,3.356040985695003
8598.0,190.27851076941528,1167.6576592530776,3.1563678936243202
8599.0,191.61215957313934,1164.8716196329008,3.0937321649527054
8600.0,192.49635726962194,1160.9443849721456,3.112061829071616
8601.0,193.20723835786845,1156.7153108209618,3.114454907498149
8602.0,193.5173774844405,1153.52364425999,3.152587177410969
8603.0,193.54033028849287,1151.1785250549383,3.186615462861797
8604.0,193.26918878634294,1149.7371918875149,3.175166220118152
8605.0,192.7188857681069,1150.1659061406522,3.1240740310753012
8606.0,191.41259578467478,1152.5119449067024,3.1232962358793004
8607.0,190.32427063937132,1155.9420579260748,3.220529435988889
8608.0,189.90888479803547,1159.477598491058,3.2335636276981137
8609.0,190.08125015607862,1161.384265493433,3.1629464707095023
8610.0,190.5282211947356,1160.960925250488,3.0980576521026006
8611.0,191.2936144551065,1158.3984474547144,3.0474891940371647
8612.0,192.83806810398838,1155.366582472328,2.9690460749258403
8613.0,194.881929176939,1152.6793280932243,2.910053697955203
8614.0,196.28863526498722,1150.6248516863548,2.951445419203037
8615.0,196.96390815550265,1149.0930737383142,3.0523881107722497
8616.0,197.3309866389922,1146.7263506371764,3.0949727717070408
8617.0,197.05940630244646,1144.6400584582257,3.0430415024126654
8618.0,195.63649349853452,1143.0655552849414,2.929564940815896
8619.0,193.44897592996094,1141.6511617453764,2.760069302320097
8620.0,192.20670809658225,1138.9682624992072,2.5313925303285023
8621.0,192.59983436661233,1135.5223493616068,2.284655285318065
8622.0,193.5717047909038,1133.6153983278464,2.1192881586217998
8623.0,193.89718960524237,1134.6560498383362,2.0753293972321294
8624.0,193.91868074275467,1138.1518013273403,2.1330990410563584
8625.0,194.96494368725192,1142.054417127837,2.1831938374297106
8626.0,196.96849209237106,1145.2650968948374,2.1510244417618947
8627.0,198.61932913816895,1145.7920825918707,2.090539044791123
8628.0,199.06858581493884,1144.628244169378,2.0305330885400625
8629.0,198.99048005144215,1143.9120447606535,2.00935841433856
8630.0,199.59196860422267,1144.2167322165453,2.0541108544316415
8631.0,200.648799301188,1145.6026751043082,2.1731489144113683
8632.0,201.46116936795303,1147.917639246193,2.3079867185154024
8633.0,201.42515786567296,1150.9713128792564,2.41952733217934
8634.0,200.73455889318976,1154.7205880757876,2.498406244520258
8635.0,199.98786584331768,1159.277323320906,2.5400567531558025
8636.0,199.19370129046396,1162.7218634001686,2.4925372893621227
8637.0,197.70940431642651,1163.0226934712296,2.404851180958228
8638.0,195.92459065467293,1158.9418730954899,2.2831040466114723
8639.0,195.28272762754813,1152.936233642473,2.204737323264924
8640.0,196.0682284966297,1147.2100555825614,2.2759952832288444
8641.0,197.9075753726691,1143.5027365135195,2.388057913316377
8642.0,199.67104551094027,1142.9542031666726,2.4854991819715595
8643.0,201.06503582622855,1145.4833007171146,2.6449563922301955
8644.0,202.0821591919154,1148.904455881697,2.873586648746549
8645.0,202.32577184317694,1150.0298040823836,3.0366098010864104
8646.0,202.30420266830384,1150.0300930134028,3.0985642382266882
8647.0,201.93818150289056,1150.2495357517885,3.131625269493617
8648.0,200.97396739957654,1150.7429658006229,3.2057239863257445
8649.0,199.66580906438253,1151.2678395086712,3.199806477504084
8650.0,198.93040458853176,1153.2917384406817,2.967425383501156
8651.0,199.09922730698653,1154.71819784083,2.7223797493278736
8652.0,198.9845015225145,1156.3836456651684,2.6626471267382805
8653.0,198.06998729538265,1158.329599245116,2.7425510854972037
8654.0,196.88091194530526,1160.916497370179,2.805189248920806
8655.0,196.11077496748342,1163.9583191963457,2.906966382395496
8656.0,196.39634668845062,1166.0224845137566,3.0550233538635
8657.0,198.21069895144365,1166.5517982251374,3.1791401723059223
8658.0,200.2789440824319,1167.3343371257426,3.2842855464508447
8659.0,201.12168078798425,1169.092369583732,3.4057655740442896
8660.0,200.9239256673424,1170.9083024795698,3.4919355294387366
8661.0,200.2310130134867,1173.3357425448075,3.541090398333391
8662.0,199.4991197138714,1176.8045355560246,3.5838669865881596
8663.0,198.54608460148648,1180.5542514991175,3.716184630539456
8664.0,198.0086722195625,1183.470438272571,3.984690357173967
8665.0,197.9400658218945,1184.9918652420367,4.18553757486265
8666.0,198.0086967040697,1184.9146665086066,4.2940955626224016
8667.0,198.30840894414345,1183.9722677680056,4.347904778272261
8668.0,199.03370242851304,1183.2047358772365,4.425521629670064
8669.0,200.05878515164753,1182.6126019215292,4.602900092603962
8670.0,200.9495453848827,1181.6188148506412,4.891514621526535
8671.0,202.20268047204522,1181.0357058766203,5.147463604229017
8672.0,204.01856650564628,1182.345269018225,5.337162329467806
8673.0,206.5885381702279,1185.3680126821073,5.502566050874011
8674.0,209.66255741573806,1188.188216613464,5.630202476534754
8675.0,212.57811052904097,1189.3023729503336,5.728422533527782
8676.0,214.55579845927184,1187.988658934913,5.704179658472003
8677.0,215.5699473850082,1186.1529239179272,5.527857277619785
8678.0,216.7584512195084,1186.348338121628,5.2468337917941135
8679.0,218.4529620186177,1189.6261120165727,4.905553479279528
8680.0,220.75937266362916,1194.20350682815,4.589480696171728
8681.0,222.95514765621203,1197.964018894507,4.370869228960512
8682.0,224.6636826710662,1200.4264527596938,4.288929995118241
8683.0,226.35687132134026,1201.8395402424019,4.312352701020249
8684.0,228.14643893882484,1203.6796228040844,4.388964412809092
8685.0,229.68521195102005,1206.3306022761983,4.42208831252644
8686.0,231.45586379878998,1208.8820550767127,4.34007218299032
8687.0,232.60694123290727,1210.6882657511183,4.174827286577148
8688.0,233.78106463905254,1211.2109993158663,3.8865306460408164
8689.0,235.75735798889372,1211.8568672533067,3.521041672318332
8690.0,237.9463874515495,1213.90226314644,3.1919663947884005
8691.0,240.08366234103957,1215.2071968436485,2.9433383967052817
8692.0,241.44322267346584,1214.8411105318528,2.774935649586716
8693.0,242.1560405149049,1213.9363379815568,2.696006468821121
8694.0,243.2511372811686,1215.0259576259286,2.680285891302937
8695.0,245.24347265838185,1218.444409710725,2.6992513835768195
8696.0,247.716153737121,1222.5351390550138,2.6685453907648897
8697.0,249.75721499593922,1225.8726318500499,2.5008356065493027
8698.0,250.94050687160728,1227.7621151430533,2.2134118454956817
8699.0,251.39551667884905,1227.9104289426677,1.9438068849225627
8700.0,251.43023688886944,1227.455226700962,1.8179639909291023
8701.0,251.5457457875391,1226.3171917902155,1.8147178263600372
8702.0,251.93255543149084,1224.6058211146933,1.793699123747681
8703.0,252.40518695600792,1223.2754650706033,1.729856599562417
8704.0,253.3016747528797,1222.7542059488644,1.7335607972539537
8705.0,255.00619837048222,1223.5823042133052,1.850185417515344
8706.0,257.5694419126528,1225.3753344457896,1.9820163657514613
8707.0,260.3507016995827,1227.3416884142446,1.9748765218089999
8708.0,262.66568793180306,1227.6870008502062,1.8242716033228799
8709.0,264.4870961690106,1226.0857178614665,1.6827665486706065
8710.0,266.0736509901663,1222.7146778519716,1.5647702490463729
8711.0,267.0632760711642,1219.2154404726703,1.4463463129411318
8712.0,267.6972604375379,1215.8437654591507,1.332764753877576
8713.0,267.8947986256119,1213.1478831208617,1.277537241284525
8714.0,268.2615401657797,1211.2112672947985,1.2682743425229972
8715.0,269.0699040171132,1210.540631816805,1.2423919446993772
8716.0,270.5135723562362,1212.167059655796,1.1545206584596128
8717.0,272.3213110690566,1213.853541143993,1.0697741111113228
8718.0,273.0659711803224,1215.101150698099,1.0409690541907881
8719.0,272.4289847777359,1214.854084134859,1.0501807299762276
8720.0,271.84568473252756,1214.735120790818,1.0458398774613968
8721.0,272.2512500414349,1215.201870268669,1.0187053841836098
8722.0,272.76743515443525,1216.7222206543556,1.0062883548905626
8723.0,272.6064496061561,1217.6719394825582,1.0044126371311324
8724.0,272.1870251221432,1218.6916162519387,1.062552989980452
8725.0,272.2675820238545,1220.8611545451336,1.1431208537248903
8726.0,272.74351140629153,1224.1190698320659,1.1834240625807615
8727.0,273.3428483646639,1227.5065535961842,1.1477677028834243
8728.0,274.0609885079647,1229.6319064227107,1.0736522892433635
8729.0,274.8653511791701,1231.6431199973476,1.0798916015415887
8730.0,276.10856210463726,1234.134333675369,1.1800468644121442
8731.0,277.82303906579784,1237.5853858944913,1.3052539011748683
8732.0,279.309546771199,1240.3564683461643,1.3220878261198084
8733.0,280.5670144781602,1242.2129277798958,1.2651066080933762
8734.0,281.5133797256914,1243.355581603281,1.2196477629776894
8735.0,281.6073131575706,1245.6248882496502,1.2337783583731776
8736.0,281.2556831772077,1248.366497972238,1.2580226309145661
8737.0,281.1420102552962,1250.156226029739,1.2307639889678808
8738.0,281.15428337474543,1249.6613435888512,1.127947377448769
8739.0,280.7464635711393,1246.5890571118964,1.02194084773881
8740.0,279.86300161168526,1243.528336686918,0.980520537701017
8741.0,278.9423960387256,1240.9263123917276,1.0205590966425626
8742.0,278.84001246011087,1238.2148424513225,1.0787785336261695
8743.0,279.69314131011294,1235.2031210283021,1.1005614189261317
8744.0,280.80336173251953,1233.2775285141538,1.0769680050230763
8745.0,281.3673873255262,1231.9579556736444,1.0492940697723137
8746.0,281.1137610995984,1230.0971682676293,1.039096909482661
8747.0,280.50092166919984,1227.0762628240648,1.0016066448090002
8748.0,279.62433586340376,1224.0472900080517,0.9432384139093444
8749.0,278.6100259968464,1221.0718246533957,0.9218773456629138
8750.0,277.9466805564196,1216.6554366660382,0.9906333966402623
8751.0,278.26843369998596,1212.806405388004,1.107315485802548
8752.0,279.20220498203463,1212.30350883892,1.2255739170632163
8753.0,280.0672052119931,1214.5404283001624,1.2955534644153925
8754.0,280.88389618554197,1215.1588251386784,1.3230302261348603
8755.0,282.1383526895897,1213.6319140502658,1.3299192975804128
8756.0,283.9234796598451,1210.9105363241956,1.3499619508506766
8757.0,285.5789372926345,1208.072110379558,1.41540345967329
8758.0,286.5838563774288,1204.564567863133,1.520820296790085
8759.0,287.15226569201735,1201.5030596836816,1.6611234961776402
8760.0,286.8277332309946,1200.0256413216894,1.80555468290649
8761.0,285.36008104993476,1201.3217112589723,1.9342457824437225
8762.0,283.24995625178474,1203.6006055438975,2.0124094759017557
8763.0,281.460831346479,1205.28744339643,2.070041329740993
8764.0,279.91023555981724,1205.171649567892,2.0609959697026254
8765.0,278.5354368280106,1203.990116039527,2.0178918722455443
8766.0,277.70086887977334,1203.5028226820596,1.9651099101734884
8767.0,277.63672146729806,1204.2609681104875,1.9137401690648004
8768.0,278.2809005020324,1205.6560347578152,1.9034274449998567
8769.0,279.3509807409271,1207.9053233481754,1.8960486942103056
8770.0,280.0347629415558,1211.8931204648686,1.8359642694022082
8771.0,280.259953997013,1216.4332651361394,1.7115553478280623
8772.0,280.8488848147135,1220.4633081169,1.637431925442804
8773.0,282.3784076362663,1223.6380247772288,1.6698953308824898
8774.0,284.1231839016397,1226.6647851301786,1.7475762586605623
8775.0,285.21120196397635,1229.193508350313,1.803120407074176
8776.0,285.9078370164093,1231.0669705191708,1.8502199943475266
8777.0,286.73270547665425,1231.676087546193,1.9509483308027902
8778.0,287.62097090428296,1231.2943587943378,2.0691488744292497
8779.0,288.28708348571803,1231.2212558867323,2.169738662890758
8780.0,288.61721917241874,1232.7714162497352,2.30713406698009
8781.0,288.6771904939587,1236.2696361825517,2.5339992528272406
8782.0,288.8623867657373,1240.84601564561,2.7977307583714226
8783.0,289.7209553137386,1246.1717822638213,3.0592950839277644
8784.0,291.628543223652,1251.8416176363467,3.263142486274021
8785.0,294.3969969433609,1256.2645548292594,3.3676981530203665
8786.0,297.88074749712837,1258.5921432058867,3.3870159912248674
8787.0,301.9141168044895,1258.6886819672482,3.3300511717181283
8788.0,305.84992219847635,1258.1506460272212,3.205233492429228
8789.0,308.3571257068781,1257.2366627565543,3.05282140905625
8790.0,308.80469441898254,1256.2270590892035,2.9564953722501373
8791.0,307.48648902255576,1254.5194459948,2.929264392058172
8792.0,304.97296152051155,1252.2646447690581,2.96136037861933
8793.0,301.9651068359349,1250.0134259200674,2.9955940083688333
8794.0,299.5319263976068,1248.4676010762676,3.0073375076732294
8795.0,298.3017401776829,1247.4134693569551,2.99183738993498
8796.0,299.07437255390954,1245.0516445132234,3.0240746732174224
8797.0,301.5838736671893,1241.728873730393,3.1127022316533357
8798.0,304.4421650770261,1238.6272946601894,3.1715527366977443
8799.0,306.2233242809184,1237.1015478166303,3.1648393277402214
8800.0,306.5239849023804,1235.9160693313804,3.138061816022852
8801.0,305.7850059897825,1235.6400886866911,3.1619589292602437
8802.0,304.04600122984203,1236.6721842790591,3.2678786419471506
8803.0,301.32915359875506,1239.629710278173,3.4416676391017043
8804.0,297.8533152855651,1244.190212897712,3.57396264875329
8805.0,294.99133611423173,1247.6413421524992,3.708535978960403
8806.0,294.18902552431115,1249.3391617747816,3.818599513066639
8807.0,295.18839903881235,1249.6617628464026,3.8941819343691493
8808.0,296.73156259543987,1249.9731909448062,3.915316138021008
8809.0,298.07121411930007,1251.2686705364176,3.836753547901093
8810.0,298.874071993916,1254.5102547302704,3.698900409546553
8811.0,298.85395881093615,1259.2459654069792,3.5690934538998027
8812.0,298.1392417626861,1265.759394264556,3.4763407100674573
8813.0,297.6815651981587,1272.5567575784823,3.3411409440470163
8814.0,298.0958065208176,1278.4972033322806,3.162084399576505
8815.0,299.56150581331997,1282.890244571927,2.9732558737491854
8816.0,301.40327066041505,1286.6657312091536,2.8836438666954303
8817.0,303.1830964724237,1290.381166738126,2.9134080985797226
8818.0,305.43046540988655,1292.9853130335387,3.02949132728356
8819.0,307.50486242597026,1294.065025826019,3.118250803180442
8820.0,308.55956717566045,1294.27351353473,3.1231337891553412
8821.0,308.0266787585005,1296.0010173602,3.0572257427974567
8822.0,306.1718002926327,1299.1159959930133,3.0074241473140226
8823.0,303.80655480645333,1302.1132875668955,3.0276697744020025
8824.0,302.10395643693016,1303.9166355772518,3.1201687127040048
8825.0,302.1248270249564,1304.6804296466307,3.3275201214457226
8826.0,303.65936403551467,1304.4291314520551,3.6462506286399563
8827.0,305.7640604182102,1303.4618854799812,3.991212351731534
8828.0,307.5297771173457,1302.5346074327485,4.325535096030726
8829.0,308.8987208365294,1301.6390702993783,4.642061571571359
8830.0,310.2786421616894,1301.1897438375006,4.86712297264249
8831.0,311.45471180312813,1300.0754490838747,4.913434680805996
8832.0,311.28523353182976,1297.9410030903339,4.790878490937002
8833.0,310.320838620239,1296.0738406517528,4.603757191688768
8834.0,309.612001682025,1296.9869182957873,4.424297407453933
8835.0,309.9643204017729,1299.9937209660034,4.3943633833862155
8836.0,311.5051915914235,1303.2133009860906,4.513664857760788
8837.0,313.78516538191684,1306.2876865589249,4.610595856952635
8838.0,316.13434708236923,1308.4046726812535,4.604371336328412
8839.0,318.0691430638781,1309.4174728015712,4.521090792973062
8840.0,319.78511060088,1309.6002829797121,4.450498949367126
8841.0,321.8233033628052,1310.138326563889,4.3875912153145284
8842.0,323.32430361609914,1311.6235292667236,4.365465743278089
8843.0,324.29005028544157,1314.3642325938315,4.38348673021284
8844.0,325.50181020222647,1318.6150645199561,4.340032850677702
8845.0,326.4258799328028,1323.716155348922,4.2259229647967995
8846.0,326.2434210529951,1327.786570316442,4.084180901440924
8847.0,325.03033791302084,1328.5829643298132,3.9251520135361297
8848.0,323.99795556322516,1328.6797058665873,3.889564832872121
8849.0,323.3367686781621,1328.9794875355171,3.937161986205456
8850.0,323.2704463486182,1328.8722947251804,4.103440030455503
8851.0,323.93069614643355,1327.34201401934,4.325540087533159
8852.0,324.81433063575724,1325.85586146928,4.518292566344104
8853.0,324.8261200502862,1326.4110316974318,4.623493826411832
8854.0,324.8158041657032,1328.6836462289916,4.627822867455751
8855.0,325.05012640312566,1331.1978208485525,4.585950852667888
8856.0,324.73464460581465,1334.5048545678553,4.52214464156091
8857.0,324.36863139309787,1340.3936024144614,4.467506768807109
8858.0,325.2025385111219,1346.650791947798,4.452853892712249
8859.0,327.0508365782996,1351.0828286768613,4.504867057525184
8860.0,329.0382622639204,1353.5832908974928,4.559008066228224
8861.0,330.49865133618226,1355.6283390338908,4.634645276240118
8862.0,331.097149772683,1356.1273357052353,4.68713450343681
8863.0,331.0681560535065,1356.019745856784,4.667010889047965
8864.0,331.05348427137005,1356.3882726046609,4.652916730691443
8865.0,331.7354872358918,1357.0836634237558,4.757017968890388
8866.0,332.40952729415443,1358.9105168665444,5.004412657005892
8867.0,333.7601032324498,1360.645252185872,5.237013380146753
8868.0,335.65856172281104,1362.2565138035118,5.408694016981209
8869.0,336.913430181891,1364.0837627768913,5.484483713154453
8870.0,336.9728324353992,1368.0700061153468,5.520867434672865
8871.0,336.90636016238335,1373.5673394561297,5.42809245203289
8872.0,337.99919250984397,1376.9135383065034,5.20965099550668
8873.0,340.21059207449815,1377.5032059840325,4.947624463788385
8874.0,342.6956394009913,1378.1429140139508,4.629671266189068
8875.0,344.64375792943054,1379.3537454815528,4.31612716134681
8876.0,345.5438494087998,1380.4230635774295,4.0390802707535425
8877.0,345.9012212888424,1381.486723424358,3.84487248542393
8878.0,346.2115057892737,1382.4175364092885,3.74411741477284
8879.0,346.28448385756207,1383.5521219412624,3.8095719180475016
8880.0,345.54577037907336,1385.0945848938352,3.9235330252968197
8881.0,345.72904181100796,1387.7728490364182,4.129990719617379
8882.0,347.56511832494454,1390.7291838863387,4.320225561341952
8883.0,349.5423932917563,1392.3524082680083,4.37223767458733
8884.0,351.1754018651242,1392.0602038567417,4.276908272003814
8885.0,352.7480921262931,1391.443400478164,4.124518903766146
8886.0,353.9893680792829,1391.8093435323563,3.987858387682044
8887.0,354.53016473517675,1393.7071669032248,3.9436084836403262
8888.0,355.06718116165695,1396.7597445533263,3.9901747209283087
8889.0,357.37772694430697,1399.8241208562367,4.072812168828903
8890.0,361.63336364093124,1402.6391988267712,4.184983492847169
8891.0,366.5102039594966,1404.871567956749,4.29955510977866
8892.0,371.20421337292487,1406.59419980938,4.472901876135432
8893.0,375.35613867958216,1408.1718967071217,4.607127101584924
8894.0,378.28959347908454,1409.6349717859002,4.63797874625089
8895.0,379.5740811995339,1410.2937355641002,4.525624787475528
8896.0,379.623914026812,1409.894433170721,4.392057742912741
8897.0,379.64872021527765,1409.3292307858733,4.2902690252085325
8898.0,380.5027502865121,1410.192278077325,4.2689439625264445
8899.0,381.9329342796444,1413.9736971467473,4.412804281663057
8900.0,383.7757550265734,1419.4519844660326,4.697308535602799
8901.0,386.38815787240355,1424.496162073654,4.942733936005039
8902.0,389.11900503459816,1427.2595112680335,5.018747796833317
8903.0,390.8420483223228,1427.733679712987,4.911504099814822
8904.0,390.5043112705585,1427.4420384569753,4.658247796344606
8905.0,388.73612098989304,1428.7473340464876,4.477073646963122
8906.0,386.4317861001449,1430.8102991761882,4.466008360495562
8907.0,385.0545828160916,1432.9151151222347,4.435049915791873
8908.0,385.12892858880394,1433.6793593479558,4.272689501352249
8909.0,386.0085525559121,1433.742768548657,4.118488266366692
8910.0,387.4373397995268,1435.5175784953353,4.077670830502922
8911.0,388.4782303841711,1439.4887239132327,4.146384150521184
8912.0,389.2355378009439,1443.794223651531,4.258398941844322
8913.0,389.54815728203687,1445.256680216113,4.303860227371583
8914.0,389.4225222293623,1444.1112441024472,4.274351900742337
8915.0,388.5103857006222,1442.295644610327,4.2511325572831495
8916.0,387.19052649271987,1442.723730650139,4.270198533640056
8917.0,384.9571480043406,1444.8066717477036,4.3737746870289795
8918.0,382.05212016386986,1446.3869455564218,4.454649118179761
8919.0,379.95747516120423,1444.8443891645486,4.27643444922039
8920.0,379.2977138666024,1440.598604550803,3.855696487852563
8921.0,380.26857748689974,1435.4183168511508,3.4890861990557767
8922.0,381.0157699004376,1431.7686510203148,3.2917996990580627
8923.0,380.9430791602084,1431.2267913002001,3.2539662061826085
8924.0,380.92720006392665,1430.7013433043232,3.273910410776602
8925.0,381.13126651447226,1429.3417468082123,3.3520372812147206
8926.0,381.73590969958155,1426.7835933712558,3.3831845109922503
8927.0,383.79954886306314,1423.4865525680805,3.3336225431395237
8928.0,386.9300750447131,1419.588133840923,3.315701719958786
8929.0,389.37362145618846,1416.1281214118928,3.3239345187992453
8930.0,389.3716600429569,1416.0939213787274,3.3504232455725
8931.0,388.12321569868277,1418.5323202529,3.353883991374338
8932.0,387.5144778754943,1420.527197635948,3.2857274298251533
8933.0,387.87846068421504,1420.4864423513782,3.16559142667881
8934.0,388.6422064455884,1420.2419259364578,3.089007276120696
8935.0,389.3404217499605,1420.4790386668342,3.0653362863916325
8936.0,390.3868995495357,1421.7869633640312,3.0112853518608027
8937.0,391.4722324187644,1423.513874619265,2.944017819861122
8938.0,390.3238753763237,1425.1332881690562,2.92801673190442
8939.0,385.94388172575214,1426.4549829859834,2.982289504448035
8940.0,380.77322992940515,1427.3447285626996,3.124166401570945
8941.0,377.15700956235764,1429.4958818142468,3.3528828975264098
8942.0,376.0991070804495,1433.8197986948667,3.536296986469803
8943.0,377.2342982999657,1439.6461801690311,3.6335020250435837
8944.0,379.2072961452439,1443.6903067266849,3.7217148687861155
8945.0,380.9453229255665,1444.0695704779391,3.7815837366998917
8946.0,381.0583910228459,1444.12271448703,3.7805596863785
8947.0,379.7473524806819,1446.1622077628851,3.7476550696086544
8948.0,378.1349972515978,1450.129780298833,3.772705225585184
8949.0,377.0527386194329,1454.6718277096966,3.8632667476386913
8950.0,376.59679987999056,1458.5502628675633,3.965165133794618
8951.0,376.0369530392535,1462.1973502046492,4.0402933643136105
8952.0,374.6779232982731,1464.698794238645,4.123373926185562
8953.0,373.80712467823747,1465.161111520929,4.195684957169895
8954.0,373.7533902067008,1464.452287148757,4.2134984256350245
8955.0,373.55892851934425,1465.346053194808,4.230913180843457
8956.0,372.64232113286414,1468.5267863014712,4.274116752147565
8957.0,371.746940731822,1470.3955445393399,4.389646818022561
8958.0,372.61522506288713,1469.6629277762127,4.574370948303968
8959.0,374.85932432426694,1468.1439425286496,4.7609477396713515
8960.0,377.13199439166635,1468.2593720851926,4.859392498232881
8961.0,378.7488476453998,1471.0455743055227,4.894493141958019
8962.0,380.67013506686885,1475.6285168288978,4.936497265583161
8963.0,382.90598569210596,1481.5172415431873,5.0128946844342925
8964.0,383.8120968747268,1488.0424004277963,5.0948991119444225
8965.0,383.0559216481014,1493.7580069871067,5.070337756255103
8966.0,382.13474192135834,1497.2730698025237,4.906777170735129
8967.0,382.32394759918,1499.5860901335695,4.665101355724085
8968.0,383.1234176318685,1502.023978201307,4.366479564311289
8969.0,383.51319690603935,1504.7255517454228,4.044289081126405
8970.0,384.0806362513695,1508.282002105646,3.7594982122005023
8971.0,385.71987708287116,1513.987591057243,3.5456694544869363
8972.0,387.33176311651596,1521.8307728514246,3.4451728420085828
8973.0,388.7118485183697,1530.549273742559,3.390205834201346
8974.0,390.3609862955937,1538.027869362071,3.326622007496761
8975.0,392.1240836240208,1542.3352099667454,3.252824453270969
8976.0,393.40476495995983,1544.1448521007458,3.0851295651146153
8977.0,394.0798086366634,1543.9989265906286,2.8904629965422686
8978.0,393.7978629772051,1543.7886320205953,2.743588476414734
8979.0,393.18212638698435,1543.0933942191782,2.7214254610479225
8980.0,392.7984847480513,1541.7491593710436,2.7984140073713664
8981.0,392.9730810789168,1540.4131707138595,2.8775959264187523
8982.0,392.6430244945017,1539.154700541463,2.8495275560760973
8983.0,391.7531841377092,1535.1907760324332,2.738405270658818
8984.0,390.40495402110355,1528.1936279603785,2.6730217079651095
8985.0,388.6177038939821,1521.7100006174844,2.6360323111890627
8986.0,386.2200475811751,1520.1436587265491,2.619103719594831
8987.0,383.6321868206956,1523.0059426593123,2.615908101348686
8988.0,381.42615593170643,1525.5204273070854,2.58631881905296
8989.0,379.6453751105578,1525.0008044922756,2.516824617828102
8990.0,378.0178250250802,1523.954867062632,2.4412848765085458
8991.0,377.25362356679966,1525.6026406308422,2.4398077304947923
8992.0,378.05566570566594,1530.0862658147314,2.4667764441823503
8993.0,379.2784079826052,1533.433912192229,2.5229391750991126
8994.0,379.655316942143,1533.643204277933,2.6214224426389476
8995.0,378.7494980480347,1532.056639446154,2.8069126197018623
8996.0,378.2456956845345,1532.3975737883343,3.0126857326809997
8997.0,378.3332716927285,1533.162906491626,3.232736827068942
8998.0,377.77558393775206,1532.7914713308967,3.426211217527618
8999.0,377.1767115595533,1531.0681802710078,3.586300690134425
9000.0,378.24301879226914,1529.1282890007371,3.7601427443265623
9001.0,380.14362636045644,1528.7395723271168,3.9116909017562405
9002.0,381.51439622949005,1528.6836024786521,4.068587844207847
9003.0,383.06804491734067,1527.7914457948978,4.263687745223408
9004.0,384.5193174850953,1525.3513456078715,4.491640522896847
9005.0,384.89815273272154,1522.4511849786006,4.621636858296547
9006.0,383.06729647967757,1518.926859290577,4.608094501798452
9007.0,379.82362222237776,1515.698947588544,4.467149442665504
9008.0,377.9475013986619,1512.7020335327209,4.3593689197476335
9009.0,378.534322710199,1510.4511736681147,4.293029844583841
9010.0,380.46159701856357,1509.5811347518459,4.225428993326129
9011.0,382.0966026402972,1507.29679833145,4.170839876670096
9012.0,383.3657779235766,1503.5516913331094,4.162523559234323
9013.0,383.79608639241025,1500.181926354342,4.20722575779529
9014.0,383.1084851246907,1498.7959846240822,4.253394517890883
9015.0,381.7093258922406,1499.5899742023853,4.165337343507956
9016.0,380.22862674034775,1500.753883217773,3.9931002979369494
9017.0,378.52906845226863,1501.5454694232901,3.850594367291059
9018.0,376.70087423264255,1503.1824022316075,3.7376412341359204
9019.0,375.38668839782054,1506.5533855418944,3.5425114718378445
9020.0,375.3021988329805,1510.9754440533845,3.2319265636257604
9021.0,375.8923907718036,1516.8979897906206,2.99617876309097
9022.0,376.0973294949826,1521.7846462287955,2.913276534459936
9023.0,375.7579241390883,1525.4959482500205,2.934212502406663
9024.0,375.5166246086468,1528.833799480623,2.9498640613332494
9025.0,376.7740426879847,1531.4610060672762,2.8498440075336102
9026.0,378.9210054708457,1535.6034524609522,2.6766034535584655
9027.0,363.13012145926865,1484.8709223990857,15.664815994182455
9028.0,363.31077625622635,1479.827131777924,15.142225651729639
9029.0,363.33625096434764,1475.5525312508366,14.51138367934862
9030.0,362.6901369117227,1470.616356018207,14.190098164421608
9031.0,361.5562666035184,1464.9424147362172,14.259327476687101
9032.0,360.44764850446165,1458.1882349304628,14.295763632481211
9033.0,360.18959840475395,1451.2138434203048,13.972830153020011
9034.0,360.9318965722676,1445.2165441612942,13.413629439678084
9035.0,362.7583709642832,1440.2317034320401,12.857482079579597
9036.0,364.67396338428233,1435.9962686742049,12.41201750398665
9037.0,365.0897322293372,1432.3504872340268,12.027248727449761
9038.0,364.5077195751093,1429.6662626092502,11.772589326590905
9039.0,365.22792639562505,1427.6664233141025,11.630901347299131
9040.0,366.18687986826063,1426.0436743047433,11.584387380568561
9041.0,366.142592825759,1424.9959935809675,11.47610151746583
9042.0,365.0178066427878,1425.1081325652995,11.497501582571559
9043.0,364.55389944612085,1426.4337927043066,11.524222053911492
9044.0,364.77057331731294,1428.4833958847307,11.434770028974341
9045.0,365.3178347462786,1430.8442792780259,11.19071562685729
9046.0,365.45285317510593,1433.2395176366854,11.110031981758532
9047.0,364.5348052559333,1435.5287199283378,11.3505146803752
9048.0,363.2363807656768,1437.6379767430349,11.59543403180761
9049.0,362.49358889310736,1439.4098176634122,11.66273998768516
9050.0,362.0749419787663,1440.8354358689126,11.48045992618191
9051.0,360.9822352185563,1441.3097597797273,11.36535009383718
9052.0,360.40274739411274,1441.9269128345582,11.336342942380933
9053.0,361.4572390920294,1443.8786556293553,11.457945603803214
9054.0,363.69089440009674,1447.0751096299966,11.460505181727505
9055.0,365.8395021025356,1450.2388466240425,11.261030276907139
9056.0,366.73815529207656,1452.6914778315324,11.083273014025
9057.0,367.5487028643888,1455.2866449164653,11.032753791893924
9058.0,368.30739243413825,1458.2220375780032,11.190868706144336
9059.0,368.71000114681857,1460.4014346096014,11.30028154616594
9060.0,368.9990978401016,1460.2089402955298,11.144382291859278
9061.0,369.69232509362797,1458.8598415547654,10.897797645351563
9062.0,369.9586461696566,1456.814849280171,10.98021687569946
9063.0,368.5967928181201,1455.296593989094,11.349971999886803
9064.0,366.93741362771016,1454.4048451083986,11.784348722302568
9065.0,365.6781578347286,1454.2042837002916,12.01175293484981
9066.0,364.79472588988006,1454.1858200240022,12.131088519348289
9067.0,364.19840027405513,1453.9906631816705,12.501891398809905
9068.0,364.16316178884625,1454.8473105395924,12.957329441589064
9069.0,364.8241188566042,1455.543728727317,13.24012386294361
9070.0,365.83776882207144,1455.359566914328,13.330260226735152
9071.0,367.5132117960828,1454.5539541182252,13.326135867033882
9072.0,370.262355126786,1453.7889483479235,13.241715986770597
9073.0,372.95083035431537,1452.7637950710266,13.162958536349475
9074.0,374.5749466870667,1449.5589257364022,13.229636592675426
9075.0,374.86600360982925,1444.9679742841795,13.406672396281536
9076.0,375.26114877885743,1442.6236413278643,13.58901810481853
9077.0,377.6103346569626,1442.5417497462988,13.827775859898061
9078.0,381.47555236599277,1441.2201343793874,14.258377337030758
9079.0,385.36747629452935,1437.9384563100716,14.879806013604226
9080.0,388.608871557382,1435.2893564783265,15.556179205490063
9081.0,390.5841592217647,1434.3288027980302,16.224951645793055
9082.0,390.61352156774603,1434.1357525392295,16.918074738175214
9083.0,389.02178037453393,1433.0245921056953,17.67544924377708
9084.0,387.21177378530496,1433.0375908919602,18.2905359912107
9085.0,386.92310423076435,1434.472091047792,18.546892620594914
9086.0,388.04768279562643,1436.3767073169142,18.317421861857635
9087.0,390.0234868255513,1435.7120380587862,17.857281262892524
9088.0,392.16049859377983,1434.8762085664578,17.30237149139056
9089.0,393.9586788795386,1437.0671246976913,17.064710889208072
9090.0,395.4491019330663,1440.598040536313,17.08537145346352
9091.0,397.2190021945673,1441.9775088803035,17.27194367582784
9092.0,399.8064722137919,1441.031565684473,17.468057667828305
9093.0,402.32806159731246,1438.3340142780855,17.544622365943816
9094.0,404.00196526594794,1433.305370373447,17.4303665684579
9095.0,404.660321217598,1428.533641375405,17.17209501206148
9096.0,405.0252101917107,1425.412479840172,16.953913469869526
9097.0,404.3475904971519,1425.7428029521716,16.75956025199676
9098.0,402.95403992333945,1428.4998126909002,16.616684842433376
9099.0,402.46683401116513,1430.1532521071206,16.54304748594912
9100.0,404.03722832074874,1429.1601975447495,16.354558215758225
9101.0,406.415816410879,1426.7461925115442,16.26692527672452
9102.0,407.58283446315676,1425.1023582386997,16.36335259592881
9103.0,407.675216236741,1424.1554054391092,16.484177418256632
9104.0,407.7158984191317,1424.0200289235859,16.44040581760962
9105.0,408.5376792762102,1423.5186074095252,16.325026261392956
9106.0,409.3005859266037,1422.7965305974142,16.31609992263418
9107.0,410.3543122770396,1422.288800157072,16.494146805717797
9108.0,411.94934356042324,1422.5561219300241,16.819507932069232
9109.0,413.6336407751399,1422.2979795755598,17.150386230854153
9110.0,415.0385121874859,1421.205673136841,17.50233559204532
9111.0,415.85495270478316,1421.0970112036548,18.00323747455328
9112.0,416.00085931286475,1420.3805749644835,18.58956024003911
9113.0,415.07178887873454,1419.8062394824713,19.045216590496153
9114.0,413.33372167626135,1421.8828747108182,19.25129210275471
9115.0,411.79616645489557,1426.8953085816026,19.336424325703224
9116.0,411.06528805898415,1432.107286709804,19.254272822554814
9117.0,410.7207115301692,1434.887385390173,19.11573855703711
9118.0,410.77905809670085,1435.0559006208596,18.97113280075323
9119.0,411.86893545332174,1434.8588028695779,18.830662358435827
9120.0,413.44875051343416,1436.3475210134213,18.902905367288064
9121.0,414.86359160820024,1439.4237384785135,19.09830209653457
9122.0,415.5638991743018,1443.494984642936,19.42571793177302
9123.0,415.55973893545536,1448.441114091364,19.709422447742018
9124.0,414.9675871575554,1453.5321987472455,20.023744470150408
9125.0,414.08376468082804,1457.0229301285765,20.358965823973747
9126.0,413.1014246461771,1457.9680919811149,20.727278975100624
9127.0,412.4000466039736,1456.1113766930343,20.957235705184026
9128.0,412.353743246324,1454.5201307027567,21.051432142564963
9129.0,412.71440775803677,1453.792775697745,21.276540299259004
9130.0,413.0785440073358,1453.1685549582953,21.552988514935336
9131.0,413.36123880225813,1453.7560039124999,21.710109841850596
9132.0,414.24329867489615,1454.8806945384329,21.813907928456825
9133.0,415.53565937329347,1458.0664669282103,21.943578345311124
9134.0,417.7698870748812,1462.1141440007373,22.180340448896775
9135.0,420.9017170523968,1465.0594614628976,22.55331187061125
9136.0,424.4983398607391,1463.5286401478213,22.88684448998809
9137.0,427.58785846602945,1458.4603573606817,23.089430003374435
9138.0,429.7452145374208,1453.8840181893343,23.320837301557475
9139.0,431.8713357698439,1453.8401364230572,23.470290428748577
9140.0,434.5341364887097,1455.57442031624,23.546606696187464
9141.0,437.47549777731524,1457.0583843043578,23.344337687492672
9142.0,439.3992015385712,1458.5504049379788,22.858312117988355
9143.0,440.5051894546759,1459.52295882369,22.496715491296463
9144.0,440.2075143683022,1459.8392812316297,22.810230255392263
9145.0,439.4667310593284,1458.9537837280375,23.381298664951558
9146.0,439.1467217170688,1459.7936491969508,23.744388981036533
9147.0,439.3196813236949,1461.5876711049286,23.883205020130056
9148.0,439.5115743058422,1462.157066787827,23.857906899127816
9149.0,439.46127470642494,1461.3859911540933,24.165685045363517
9150.0,439.62266944185774,1460.7142794524925,24.83302603800164
9151.0,439.186099019432,1458.9068095896357,25.737959113315014
9152.0,438.6656251788467,1457.587889279289,26.66744163103101
9153.0,438.37826346898555,1458.0341354120014,27.493885670513105
9154.0,438.8179339518578,1458.3304202449842,28.046141718893864
9155.0,439.2342707275055,1457.3367139188601,28.47165838160904
9156.0,439.19682140533814,1455.8718546966725,28.832762133848387
9157.0,438.56354334984104,1453.9220575202273,29.023095998811268
9158.0,438.50387853044964,1451.1714289790755,29.092637768208725
9159.0,439.0518346634566,1450.1738299514125,29.28263641868175
9160.0,439.5458423388289,1451.4040623265334,29.64071804246784
9161.0,440.96067039691985,1452.9793014827837,29.89305980306116
9162.0,441.83103395803545,1455.3039413705433,30.1541629574132
9163.0,442.6417881655431,1458.6708075197619,30.04343088049299
9164.0,443.70158833172906,1461.4118021021493,29.5693213656008
9165.0,444.0613176955853,1463.7523351302887,29.193341024939055
9166.0,443.5901238738833,1465.3696045774186,29.208361050755048
9167.0,471.5913532381776,1482.9087481146798,9.50396103965025
9168.0,472.8316227816688,1484.2722726998438,9.564237725439632
9169.0,473.87463220904687,1484.7193072202094,9.740850295384261
9170.0,474.4864497162496,1483.5914439361711,9.881582568022372
9171.0,474.79273876196453,1482.881464929508,10.033079056012959
9172.0,474.34390304347124,1482.7358605280237,10.158435391623003
9173.0,473.7977179410249,1480.2624050939937,10.185200104961561
9174.0,474.27951998364034,1477.4693750448653,10.166419887570465
9175.0,475.4274056036865,1475.43264311714,10.11327388287876
9176.0,475.83739382249286,1472.8886415541228,10.156373485909166
9177.0,475.4380252282232,1470.4476721961826,10.261625421412296
9178.0,475.3526333208189,1466.2902955623947,10.510863757457214
9179.0,475.84968068500024,1462.3847387861188,10.853301705670203
9180.0,476.6081956171813,1457.559754247521,11.223943695427323
9181.0,477.723338409928,1453.4286265768358,11.40725658656604
9182.0,479.27588260649094,1451.8722320439263,11.369812520620865
9183.0,481.1813730782025,1451.8639544641562,11.242123490841761
9184.0,483.65649401017356,1450.8066911328683,11.220490960922017
9185.0,485.8288997076434,1450.605089120474,11.24906914695424
9186.0,486.73746585507325,1451.6388433672773,11.152917139322724
9187.0,485.72059764927207,1451.7274943954249,11.144617844982914
9188.0,484.1363000345682,1449.4295388064181,11.345941921791487
9189.0,482.4548657141554,1445.964491734747,11.5164629295131
9190.0,480.9944916705631,1444.8455378604838,11.493051457092509
9191.0,479.5675937774112,1443.1941187898428,11.362609834493703
9192.0,478.2207879923916,1439.0277355548128,11.115410304677424
9193.0,476.8129175790227,1431.933567500948,10.779545584988549
9194.0,475.99406352916765,1426.5210150673768,10.455894623175459
9195.0,476.12658397843796,1424.2178209740152,10.064966968552906
9196.0,476.90278413100566,1424.861011967547,9.632963001102251
9197.0,478.4248690536332,1425.9073335205953,9.340233869703344
9198.0,479.37789246894005,1426.3751763692203,9.223264831194124
9199.0,478.8833124173631,1428.0495473004046,9.065186108602562
9200.0,477.57413880295684,1429.0463455532968,8.928421587357603
9201.0,476.7099539517059,1428.8051100569917,8.98476765058404
9202.0,475.99975916745797,1427.8672367142287,9.066437579303605
9203.0,474.77759283496806,1428.828206424336,9.236912671302681
9204.0,473.6308236544598,1429.606451640539,9.474253413877351
9205.0,472.63117536716175,1428.5896812203105,9.636018651287438
9206.0,472.5526156271831,1424.7824359414292,9.511739364994424
9207.0,472.65879958887797,1419.8090730436738,9.226710063251
9208.0,472.38842678526214,1413.8358394650525,8.99969388260304
9209.0,471.49765833325,1408.145756483953,8.931559371526532
9210.0,470.26533453611603,1405.6351159793405,9.010206672142399
9211.0,469.99353222246305,1406.989396916955,9.16237544981056
9212.0,471.02600502101023,1410.8806443016902,9.426362973167828
9213.0,473.48182413140626,1413.7768230420463,9.706271210642765
9214.0,475.9232363380319,1415.951577331172,9.944868520278073
9215.0,477.5424736502328,1418.5863557060106,9.94585219946843
9216.0,478.65781299850505,1422.3401321171186,9.682419554119821
9217.0,480.020237019118,1425.3390721827886,9.20394601988435
9218.0,480.61723360269156,1425.7070423736375,8.694554042624524
9219.0,481.28362982768857,1424.4307218626507,8.29545284620853
9220.0,482.57702264144166,1425.689988404258,8.08755949287771
9221.0,484.327664037704,1429.8601258077156,8.071937738918736
9222.0,485.7709260503619,1436.3458542081562,8.23885688221281
9223.0,486.61679349836567,1443.2061903251838,8.432965038187104
9224.0,488.0680778334902,1447.7813541702117,8.453133039596928
9225.0,490.4321750945449,1450.9112546690576,8.307175296243727
9226.0,493.59731336854594,1454.8443483975998,7.985182997119692
9227.0,496.5430576444951,1460.087185006004,7.629241929475897
9228.0,499.1275825123228,1464.1269102701024,7.233010649609005
9229.0,501.0124729938685,1464.973611735692,6.997901594626278
9230.0,502.03703707761264,1463.0129131201631,6.885700015331828
9231.0,502.4034624836506,1461.3799358327203,6.8354482565397605
9232.0,502.1712976276544,1459.8917930352127,6.67007859480922
9233.0,501.3359514550947,1457.5753018980768,6.284731918639297
9234.0,499.9182041777135,1454.2179189362066,5.748559846078702
9235.0,499.1140009646543,1452.8492786745755,5.156033893548432
9236.0,499.293537976875,1456.4929003739696,4.67065356450686
9237.0,500.06468102884605,1463.0265850004116,4.259766137905608
9238.0,500.55329291889865,1469.7903232064514,3.8604643466654736
9239.0,500.39821943473964,1474.719382738621,3.4651500088949962
9240.0,499.41764824277766,1478.8648843251121,3.118901272851677
9241.0,497.7094626625971,1481.5809786186267,2.780898531582917
9242.0,495.412586409551,1481.7079741807554,2.479359239507535
9243.0,492.2498845255683,1479.2949314834993,2.2621725390281613
9244.0,488.5417403524861,1476.2624751210017,2.1066105531522274
9245.0,484.98669284139606,1473.9501428141227,1.9277121790305627
9246.0,482.3024917316495,1472.520661820688,1.7507564080087104
9247.0,479.3599017626656,1471.7328017072123,1.6202112238600324
9248.0,475.6390760644614,1471.4084420998681,1.5143701577823503
9249.0,471.12466177986335,1470.9893958934774,1.4278667624837644
9250.0,466.2679566914481,1470.6119252224414,1.3870926363360607
9251.0,461.5262061222577,1469.79578788789,1.3918735337736101
9252.0,456.7553637524148,1467.695601706792,1.3983794713585216
9253.0,452.7838286585908,1465.5125086132055,1.4037026057937936
9254.0,449.7098024229885,1465.4881123535813,1.3677218296129603
9255.0,447.73629176437794,1467.3039143145702,1.2669408043156225
9256.0,447.0861000442806,1468.3392391134423,1.1545288460592014
9257.0,447.617337266961,1465.8078462512044,1.1028440908435455
9258.0,448.2542267821504,1462.0832527706636,1.1308456772547986
9259.0,448.712930767163,1462.645284213189,1.1639862620358024
9260.0,449.26740362952944,1468.7287284269705,1.1204574348162244
9261.0,449.34342095696513,1475.3906682487618,1.0604984204094017
9262.0,448.9017719716486,1480.600006016076,1.0722411140453778
9263.0,448.36869169639994,1484.0834399589928,1.0998657184517289
9264.0,449.7306209498021,1484.7857703653826,1.0398271040879568
9265.0,453.3403005381461,1482.814991279368,0.9217233065242084
9266.0,457.2102854500198,1480.181827410264,0.8475744191078025
9267.0,460.04813357809996,1478.591663132518,0.8591752175807024
9268.0,462.29310936504635,1478.0243061507733,0.9041856873965041
9269.0,464.5840627004604,1478.8727578195562,0.9240515289504803
9270.0,467.0303452966126,1481.3535483525034,0.9089756024204945
9271.0,468.1691850370054,1485.2253633064834,0.8759276404092038
9272.0,467.58790603338787,1488.7171138800325,0.8370166125686545
9273.0,466.2469449794745,1492.4661906845533,0.7974278003208969
9274.0,465.1446912530739,1498.1398059418377,0.7468601512787042
9275.0,463.8198997200187,1506.137228245741,0.7017774623521279
9276.0,462.1750626373519,1514.697070262111,0.6896830451876964
9277.0,460.38037478333223,1521.971847211549,0.7034473299702291
9278.0,459.0729664898613,1527.3359453165142,0.7035335863394281
9279.0,457.9030080092384,1531.0319628065165,0.680740059362273
9280.0,456.5077451905931,1531.2723184577765,0.6766139030823936
9281.0,455.2168412689103,1528.9238832167514,0.7172393220540287
9282.0,454.2770605927173,1527.675577787818,0.7514345743726277
9283.0,453.72226964779105,1529.8442854160603,0.728219347082136
9284.0,453.11749401365927,1533.442143442873,0.6657007405716197
9285.0,451.86160586402104,1537.0667028021944,0.6007936363352641
9286.0,450.1417626421346,1541.3064801354515,0.558725707567385
9287.0,449.231640874276,1545.6389203602412,0.5433999413823555
9288.0,449.55175469017655,1548.1257837359162,0.5917408393144249
9289.0,450.7230530923784,1547.1674437750023,0.719714061813737
9290.0,452.7454230898014,1544.7235978140113,0.8904796255491985
9291.0,455.02312503519346,1542.8338588140991,1.0518467860014722
9292.0,456.85141639621907,1543.060766573524,1.1624144304855624
9293.0,457.2793162478269,1545.62474826046,1.1739332659936401
9294.0,456.9046223122039,1550.3617293971377,1.1130036047028198
9295.0,456.6953595925376,1556.1400380940577,1.0189629762140415
9296.0,457.3856235936827,1559.9161820271322,0.9164196139716863
9297.0,459.295898386743,1560.1405260903587,0.8501345263507599
9298.0,461.6139531076578,1559.0670721088472,0.8187561103730447
9299.0,463.4821925631414,1560.285922296761,0.8226207925418024
9300.0,464.50045939725624,1564.3488930040537,0.8289965015070025
9301.0,465.1375960982863,1569.4282190042527,0.8328373911005624
9302.0,465.7940869923006,1573.8873232622118,0.8395986528307454
9303.0,466.22654048380406,1576.5268541311625,0.8929660140740638
9304.0,465.29679351714964,1577.708864592665,0.9941179551455296
9305.0,463.4983017207145,1578.6174990572176,1.1015385776907263
9306.0,461.77897206431504,1580.0433922327682,1.143063782233392
9307.0,461.0531015134813,1582.3164843132956,1.096744270786248
9308.0,461.8049307633666,1586.084777904237,0.9913088266347051
9309.0,462.80269274913627,1590.0596050366196,0.849318746339708
9310.0,463.0875546497486,1593.5523360041457,0.7236862535202002
9311.0,462.1382424456847,1596.9309643287959,0.647584466195269
9312.0,460.3693668185389,1600.2948951867438,0.6607258540652025
9313.0,457.6360403403188,1603.978968308307,0.7342205244315559
9314.0,454.4404112680162,1606.9317867412528,0.812649657340889
9315.0,451.90231273047493,1608.833506778209,0.8710737532894222
9316.0,451.4846174334594,1611.6967618409776,0.9537468763801226
9317.0,453.2636993222885,1614.5216819979435,1.0973013767639714
9318.0,455.3717767623761,1617.7279456806639,1.2145326729282242
9319.0,457.20792183416313,1620.2789556296455,1.2882474503978123
9320.0,458.6942254555032,1622.6098000483241,1.3557115745360786
9321.0,460.4111361598314,1625.2118055169333,1.4778234004377597
9322.0,462.14202040662764,1627.2438125345263,1.593191325935249
9323.0,463.15695194259365,1629.3553628557968,1.6724627399760363
9324.0,462.8639818745067,1630.2175556251186,1.710772258109905
9325.0,461.6509801600778,1630.1390657178729,1.7428486176728066
9326.0,460.23949032431284,1629.0751906522091,1.8169252056783423
9327.0,458.8009541679962,1627.0437358915522,1.9065530217816198
9328.0,458.07060958198616,1624.8477065929244,1.9579359916702757
9329.0,458.22093782689956,1623.1870702372012,1.9659772301156098
9330.0,459.1894922633318,1621.7837482907742,2.0073277655238027
9331.0,460.75017027544567,1619.6854728183573,2.0642223448264327
9332.0,462.4599833815405,1617.2051263354108,2.114766947739869
9333.0,463.66820874034613,1614.4491695683473,2.1154988055631936
9334.0,463.35695172300353,1612.911884110792,2.0958380116768835
9335.0,462.29671810035177,1613.3292505328525,2.113503241567133
9336.0,461.4453741126273,1615.944505506774,2.208542578517892
9337.0,460.11620407804196,1619.3520285606328,2.3537024118360486
9338.0,458.9907569402,1621.7328762763334,2.492068540891116
9339.0,458.3270681164512,1622.3991468454428,2.605569582610183
9340.0,459.076529638598,1623.4119201236938,2.672573165240422
9341.0,461.01809484823747,1625.6091145670557,2.7049310868762007
9342.0,462.74412845080707,1628.0881639450336,2.6985789044643362
9343.0,463.62727807763486,1630.2657285301448,2.653197246373164
9344.0,464.2939633023386,1633.1012148690752,2.544892243496986
9345.0,465.0699573907629,1637.6516766381612,2.482463775123977
9346.0,465.5515667342688,1642.5661267190578,2.539891228401104
9347.0,465.6844477778902,1644.4687389264752,2.694217990149582
9348.0,466.1545157392381,1642.829878688056,2.810408257485473
9349.0,466.6076767379329,1639.9583870423044,2.867512489671072
9350.0,465.5630442850236,1640.4317819962544,2.90249555770944
9351.0,463.4904415122324,1644.5200766000403,2.98647304402225
9352.0,461.1209366683948,1649.1482904429372,3.08021770201401
9353.0,459.67894886676,1651.20806707015,3.087757919914993
9354.0,459.6235758378489,1649.543414067155,3.0285261336145317
9355.0,460.3738365890906,1646.0232115033987,2.9202378047543083
9356.0,460.83851581286706,1642.4005740565308,2.8355600615611367
9357.0,460.4401021095255,1640.4783599076632,2.7775026290361744
9358.0,460.2703877314298,1641.0161996066015,2.8189506369441477
9359.0,459.87411930931864,1642.8725427775578,2.8761600453742115
9360.0,458.5273428001075,1643.298349879568,2.9178469695214226
9361.0,456.9129937837801,1642.1331308440563,2.955047191288505
9362.0,456.7937005009213,1640.4519197738525,3.000659609622264
9363.0,458.07085656784096,1640.848549824809,3.0309807888682885
9364.0,459.25760807791227,1644.3807445888006,3.05189160272896
9365.0,459.8162754021283,1650.2622833701992,3.170971375500622
9366.0,459.64451752880944,1656.8760571067376,3.381900145772149
9367.0,458.16398097284656,1663.9608292573091,3.5336842074445447
9368.0,456.1256435244432,1672.0137676811987,3.5448886948447504
9369.0,454.32167227428926,1679.1909519745564,3.455603791479194
9370.0,452.80853784272676,1684.5839979336033,3.3487235171251686
9371.0,451.18755573885835,1688.9097120866013,3.298782370325402
9372.0,449.1984063235236,1692.5852471582937,3.3246526662362603
9373.0,447.2385980776293,1694.849223392775,3.3261751662778116
9374.0,445.49870998252493,1695.0185159768905,3.322923249045464
9375.0,444.2039137739223,1693.1419221545136,3.3604535143898406
9376.0,442.8912770610157,1689.5029809007374,3.450501401709401
9377.0,441.207159082454,1683.884372639664,3.5416548038351103
9378.0,439.6695050808977,1677.9227687819719,3.664688485060512
9379.0,439.40431414892635,1674.044824560725,3.9139669679775286
9380.0,439.22659890603296,1674.0205079910345,4.157560067331777
9381.0,438.25472593918573,1676.0026748788362,4.174033362355814
9382.0,436.08371949843917,1677.2881253853357,3.9841793942352646
9383.0,432.7824251596675,1677.8997946577647,3.6656179931893367
9384.0,428.625036323317,1679.1010410377667,3.4138421912944454
9385.0,424.36226147101286,1681.1234540865605,3.326277918862477
9386.0,421.13914808909306,1683.0315197117193,3.2963745283350434
9387.0,419.3650672483441,1684.9171725558547,3.2614676107334244
9388.0,418.9545429813168,1686.6835961894235,3.2315189173347605
9389.0,419.2987575181531,1687.5836363904123,3.2839293383254806
9390.0,419.5578423832543,1686.9242007780597,3.3399330446896576
9391.0,419.30360848274415,1684.3245683332423,3.3448130276890002
9392.0,417.8972098332286,1680.397326967351,3.245585681321828
9393.0,416.3799030980754,1676.8440894286546,3.167448163097412
9394.0,415.0426319234478,1674.788379351994,3.183083068245696
9395.0,413.43282348388294,1673.8456329019007,3.3154987283712103
9396.0,411.5871097740472,1672.8520348300628,3.4279490481667363
9397.0,411.37818121770476,1670.6858265078495,3.4173763830006787
9398.0,413.13536873387034,1667.8287391887002,3.3199365704438764
9399.0,414.65649974565315,1665.210019077247,3.2483302755637498
9400.0,414.2283853754901,1663.4100942044493,3.2244191129688975
9401.0,412.1122210855482,1663.0816555519093,3.2059893728461817
9402.0,410.30645926899933,1663.1245230770642,3.146086966278289
9403.0,409.6279007671011,1663.2295434261107,3.0564357899875803
9404.0,409.4726337602376,1663.6707877904817,2.98499532025321
9405.0,408.45724064768996,1663.5491402601426,2.899259008167524
9406.0,406.74206995975754,1662.4636091440052,2.8082288218533265
9407.0,405.21213000923757,1662.8805930420772,2.699076939041033
9408.0,404.61975435534134,1666.227765261714,2.5664502339282254
9409.0,403.91889384679564,1671.3053886274604,2.4595085569865622
9410.0,402.4578793758843,1675.5990880124018,2.45806538469386
9411.0,401.39347069105,1677.5796045150064,2.5729107010314305
9412.0,401.8517597875395,1678.51341907528,2.7090905026922503
9413.0,403.697500628491,1679.1434654429854,2.7989013955680626
9414.0,405.1182384086246,1679.0517446275096,2.7712845212780026
9415.0,404.9195873513072,1677.7821713754977,2.6794402677421685
9416.0,404.3050478805922,1676.1424239269131,2.556111525707672
9417.0,405.04715343855884,1674.2252911693777,2.53190833834418
9418.0,407.1023950769535,1671.048307200966,2.5560635304255843
9419.0,409.3212571919737,1668.7590879115517,2.5516788688501
9420.0,412.0395495482038,1668.8909238975348,2.409882329353385
9421.0,414.33371026943786,1671.5297323116645,2.09877833839921
9422.0,415.1567458564994,1675.826911115801,1.7790800339501285
9423.0,414.2504792330565,1682.2956371781631,1.6344405134967122
9424.0,412.79071786018795,1690.6137817225494,1.68078026889081
9425.0,411.39025099249596,1699.0725278638677,1.7997290349840402
9426.0,410.43241237575324,1706.1159088799236,1.9233273768078238
9427.0,410.13010295602834,1712.039929115282,2.0193467522045845
9428.0,410.592920905651,1716.3592602866465,2.098595601328181
9429.0,411.37840878693686,1719.0658741489003,2.1032277599658653
9430.0,410.9574545737274,1719.2076467866418,2.0332989802126846
9431.0,409.91901619369935,1717.1508022145165,1.9361081677962813
9432.0,410.5870944766805,1714.5223707305706,1.8786867680388026
9433.0,414.182778893361,1711.1102581555037,1.8774426688198416
9434.0,418.5319337782921,1707.0233426936438,1.89124435071504
9435.0,422.02978964527404,1703.396498669511,1.8906203525028562
9436.0,424.7166316447354,1700.7687017005894,1.8558239086762383
9437.0,427.08587100845705,1700.2827977484692,1.7913004800596677
9438.0,429.8379096686653,1700.5443416535988,1.7100723068891293
9439.0,433.32896456601156,1700.520852765374,1.6309666583583025
9440.0,436.75149742496416,1701.4117807877096,1.5709868931848254
9441.0,438.987068748333,1702.3348552749515,1.5614557995150624
9442.0,439.52754648879653,1700.4941129089668,1.5878375692868327
9443.0,438.84849800818586,1695.9141730932213,1.6714322662125454
9444.0,438.0047664063908,1691.2227845362956,1.8274539469056026
9445.0,438.02171200950806,1686.466258951046,1.9413289185296403
9446.0,439.1039770595756,1683.2235096099912,1.969320690760517
9447.0,440.32902023761153,1683.631060633251,1.9615149806377212
9448.0,441.2680771676266,1685.7540420662406,2.000616128728704
9449.0,441.54328181851963,1686.1029491011504,2.05579477069849
9450.0,441.30215731910516,1683.657214578508,2.067529866451193
9451.0,441.4823073388954,1680.3395179902748,2.066648217082906
9452.0,442.6120045195507,1676.7373134062086,2.1470466506241603
9453.0,444.24355635910456,1673.4189181608642,2.314140895447604
9454.0,445.4715501143132,1670.5592199826706,2.5367675103628895
9455.0,446.22789105518115,1669.5345652345961,2.7688993280009995
9456.0,447.15716542612466,1670.7325393037984,3.0301359892288158
9457.0,448.3097669326652,1673.2373120392658,3.289057291160189
9458.0,448.9575293597451,1674.1399273166508,3.446270488929956
9459.0,448.7674795222572,1671.9754332775344,3.52253852054329
9460.0,447.9170420321705,1668.3290960221366,3.5507506521134737
9461.0,447.21487708512393,1666.0137655365213,3.560505315501817
9462.0,447.3493088726644,1665.34158094669,3.5646358706719488
9463.0,447.6483573060363,1664.4993743460732,3.621268598020872
9464.0,447.1684257904818,1663.556984353961,3.7695026285284894
9465.0,446.4034154195123,1664.6128240469159,3.951049761271553
9466.0,446.7006778287891,1668.1793764561592,4.099508005076672
9467.0,448.18969172153993,1673.593794686196,4.145055796199821
9468.0,449.89619596865873,1680.1015050535443,4.13536546017604
9469.0,451.1502480838491,1683.8877046963212,4.157552930801309
9470.0,452.2115712245716,1684.5443048206084,4.2116500251302496
9471.0,453.168610012193,1682.216836090041,4.285667052124973
9472.0,453.6550546149413,1679.3627202884015,4.3947935073466375
9473.0,453.9764641747799,1678.3239389047214,4.543103656837178
9474.0,454.71469002473515,1680.2882874683028,4.689298952964366
9475.0,455.68188181261525,1682.3984325398917,4.867152711666753
9476.0,456.1577942123168,1681.4943774434155,4.969667516065512
9477.0,455.6802065246227,1678.9063559018164,5.067662095241986
9478.0,455.3396260464846,1677.1919520035804,5.209219116243104
9479.0,454.46763255566736,1677.2317173017827,5.310521281333648
9480.0,452.84013219365653,1676.4154424926862,5.289310850446032
9481.0,451.36254264078923,1674.0504855777601,5.1810637690728
9482.0,450.66858473815137,1672.3909517587686,5.128115731748549
9483.0,450.63504997977884,1673.4951557768027,5.10008374723225
9484.0,449.86923028942647,1676.4005053166936,5.036519099498522
9485.0,448.30472430733926,1680.3897867878293,4.925615580992384
9486.0,446.47119660861415,1685.7666903974803,4.8770931904250725
9487.0,445.2395341597899,1690.1301652165337,4.997457388560409
9488.0,444.9791815766197,1690.9555534232018,5.188089895541652
9489.0,445.40683495521694,1687.8142956822132,5.35328931764717
9490.0,446.2306587399549,1683.6388074976508,5.419601599694288
9491.0,447.04115619176486,1681.4811858299036,5.399692716956733
9492.0,448.2588173102344,1680.5110056066724,5.37430170124616
9493.0,449.7569267392591,1679.0175616076463,5.366147000179701
9494.0,450.5959897263129,1677.0211964943549,5.325702585392625
9495.0,450.2355225856412,1674.5844350070533,5.279432918366756
9496.0,449.76706142372547,1671.3339036665377,5.303608456655731
9497.0,450.36105723990437,1668.291098780265,5.419433798480708
9498.0,451.7926209105297,1666.2112187292155,5.4602989610826285
9499.0,453.8514099917173,1664.870687927703,5.475839384616322
9500.0,456.116218685694,1663.9895181666834,5.5547547909084525
9501.0,459.01928953098144,1661.8319754460992,5.653261939855566
9502.0,462.9213742699871,1657.671561498557,5.798698589732664
9503.0,466.8146287479279,1653.1027095266095,5.984941899750529
9504.0,468.81051441234075,1650.1444239325972,6.219376903140979
9505.0,469.0341164920763,1649.8545647862434,6.389061132451007
9506.0,469.4899456913959,1650.229191697851,6.409219621218194
9507.0,470.757004449957,1649.6665004465608,6.292534421876851
9508.0,472.6301044513178,1648.7441738976988,6.145850934275982
9509.0,474.67560217012664,1645.8257760000533,6.09554626443432
9510.0,476.02146381935586,1642.6142215312545,6.023227909640372
9511.0,476.75781197796186,1640.0788133967555,5.880021917962924
9512.0,476.77681803715495,1639.0363642480984,5.703674009814828
9513.0,475.8225484083875,1635.967659772119,5.521946306879197
9514.0,474.59477957234935,1628.762544556927,5.452049502812256
9515.0,474.63947077618167,1619.5157402296866,5.455121204811608
9516.0,476.3462457170638,1612.6645375220685,5.450241737987079
9517.0,479.2808600687529,1610.4958936632695,5.413998751896013
9518.0,482.1599926263957,1611.9101020343,5.395493913810062
9519.0,484.5687204495556,1615.8269711409105,5.465460517516354
9520.0,487.220120355578,1621.7148302004352,5.718184408383503
9521.0,489.85561516904585,1627.7129450141779,5.938084791833218
9522.0,489.74360895377646,1628.39866388181,5.836530676780038
9523.0,487.02566547959077,1621.7282354790377,5.57094226006061
9524.0,485.49768129070213,1610.3557617226782,5.374100432316572
9525.0,486.1486637693771,1601.1199415109704,5.306090597122089
9526.0,487.2395307177784,1595.7250097745625,5.3581810321457395
9527.0,487.63164911658527,1592.7801248092364,5.470634476251563
9528.0,488.1433994491769,1590.7445397829072,5.533831443702283
9529.0,489.08336345314177,1589.0528804430953,5.488083987555999
9530.0,488.2949170519827,1588.0226083920018,5.275784752628523
9531.0,485.6756623476131,1587.8805941323228,4.970116323863092
9532.0,482.7687303883215,1589.2104481453143,4.739425136807526
9533.0,481.2967467533569,1591.8157767141126,4.6522137275808095
9534.0,479.5210686608896,1594.8838947225668,4.708515614044645
9535.0,478.4439288732637,1597.649439936692,4.82358640724626
9536.0,479.5366478788546,1600.4747592129495,4.955101331912377
9537.0,480.229973728764,1602.542455610907,5.022752739801017
9538.0,480.60182362220394,1602.5862946999423,5.189556042325284
9539.0,480.2419937152959,1600.3790280445698,5.468622472273959
9540.0,478.4960567000594,1599.2241812688553,5.678617271926503
9541.0,476.436211034045,1600.2405402398842,5.777705377047924
9542.0,475.7115480171837,1603.2270623378988,5.823298521009345
9543.0,475.78028160498576,1607.4852252501037,5.777789073690239
9544.0,475.92863223989,1610.6536259376423,5.730800731184629
9545.0,476.3812983231191,1610.534963821212,5.827816960922096
9546.0,477.448417510732,1605.1237250073814,6.0706328078717755
9547.0,478.7173328769157,1597.0216225434788,6.233188270600451
9548.0,480.2963447784874,1588.753295973358,6.287498276733634
9549.0,482.1005524510169,1581.5469711970647,6.398498293930595
9550.0,483.6353615042055,1576.4670510659678,6.6195957667634
9551.0,484.6398815922809,1572.7473842281083,6.88698250649721
9552.0,486.73118875882045,1569.998758024673,7.137026109784117
9553.0,490.60924420053857,1567.861829342924,7.372562632578468
9554.0,494.98661082852567,1568.264998781534,7.507842546758947
9555.0,498.521169375329,1569.3127784904582,7.600458406932552
9556.0,500.6436174369717,1567.226260157114,7.7189915643655835
9557.0,501.98323096711397,1563.2477252289104,7.809821186148832
9558.0,502.40190737666825,1559.9179008837004,7.807211857196545
9559.0,502.18968407903054,1560.0126219294239,7.675852272929122
9560.0,502.2121105016067,1561.489159489238,7.525949854461461
9561.0,503.3522485089818,1563.2399686878796,7.334991480762723
9562.0,505.63379517451966,1566.2364927342105,7.245774642381474
9563.0,508.24693869183596,1571.861915932045,7.299236221655418
9564.0,511.16109085149685,1578.2007389837433,7.43378240109325
9565.0,513.3814928002677,1584.7402039378758,7.699628085766937
9566.0,514.7678212469716,1590.8894190255307,7.970717298936974
9567.0,515.5893434151881,1593.9560265583277,8.048616831891065
9568.0,516.2847105259683,1593.7898648256685,7.98660178460237
9569.0,516.1467837223825,1591.6951941900506,7.93964856373924
9570.0,515.9514472390296,1590.1695645682878,8.015805612536436
9571.0,516.0184882741864,1587.8264552089113,8.141642403018196
9572.0,516.2939456560428,1586.566462259742,8.283112399654502
9573.0,517.1064006930955,1585.549053853267,8.495405612700168
9574.0,518.918896227514,1583.7069806568522,8.559348345004961
9575.0,520.5543047305446,1581.7936881374649,8.668707990632981
9576.0,521.6261647445042,1579.0259812994689,8.880013498205523
9577.0,522.4992405883444,1575.8610877904387,9.118112735021263
9578.0,523.5674519819652,1573.0270513333935,9.401757704808816
9579.0,524.2572901030236,1572.8339101858733,9.863162274904496
9580.0,524.1042196676708,1573.8573518143905,10.246747223084647
9581.0,523.612316431383,1574.8812596517346,10.340634521184489
9582.0,523.6541882649404,1574.7749824461457,10.34317995735573
9583.0,525.5488722336914,1574.2275240363797,10.272930176040264
9584.0,528.4205261178925,1573.3759339813378,10.15121396596512
9585.0,530.8904095187258,1572.3464924139134,9.90657356994216
9586.0,533.0011404313608,1571.1170606787466,9.688879189842602
9587.0,535.8155291884102,1570.7689025873292,9.567743087239458
9588.0,538.5663653464474,1571.2918581898334,9.53868394080648
9589.0,539.6345604816772,1572.112673159356,9.485468692458417
9590.0,539.2568239919018,1573.9364275744165,9.295468578201467
9591.0,539.0108949193108,1577.24920692949,8.89177335240483
9592.0,539.748354628728,1581.5951457378358,8.45300191513781
9593.0,540.5432375466031,1585.4613753226856,8.130176577927601
9594.0,540.3769697620153,1588.6672579347592,7.988671101507114
9595.0,540.5426856015782,1591.0778801607034,7.89197186289593
9596.0,541.8082003985083,1593.6599243870232,7.79923808077456
9597.0,541.9466692714788,1595.6604240844993,7.7614416248449585
9598.0,541.152243096859,1596.6077423417178,7.793553156280959
9599.0,541.049686991016,1597.3699065317085,7.882397364940562
9600.0,541.2664963315657,1599.444115490825,7.942052445415972
9601.0,541.4652523351192,1602.6289069812499,7.92491412698176
9602.0,540.2559336376709,1605.3262597002163,7.940818926250056
9603.0,538.2729301196599,1606.0229807278895,7.994844242042115
9604.0,536.9268240008759,1604.0917943197126,7.942298022188892
9605.0,536.4463712452127,1602.4958205416474,7.747472154875297
9606.0,536.9452271080195,1601.8512936041652,7.526111273833291
9607.0,538.5132889214988,1601.8321529975094,7.382397165356024
9608.0,539.1794750680726,1602.2382110011933,7.434084118241856
9609.0,538.042686310648,1603.445244648198,7.580462047977932
9610.0,536.0673644312005,1605.945507452105,7.824068373879104
9611.0,534.4224481871548,1608.8374046963024,8.050101506863207
9612.0,533.0287429259325,1611.8945597456368,8.133312106688212
9613.0,532.4122015043681,1613.5836873749101,7.982473617540209
9614.0,532.6474333638399,1612.7115668925185,7.740352779986102
9615.0,533.0515189043723,1609.8391721224414,7.758915988966287
9616.0,532.9039064233149,1606.3263275706415,8.115257656110558
9617.0,531.5341482401934,1602.9465153074107,8.635659649617503
9618.0,528.7288707294924,1598.0521260069422,9.228665377022423
9619.0,525.4807275671163,1591.8343937708164,9.855331004196023
9620.0,523.3171046235976,1585.9733492021053,10.28642902129847
9621.0,522.2937272579626,1582.1882813142845,10.37747014674561
9622.0,522.276748890625,1580.8902733464226,10.22503778951769
9623.0,522.7665278455339,1581.0019472037147,10.011078500351745
9624.0,522.920110802409,1582.215686009127,9.85024062618649
9625.0,522.4718174577363,1582.830320588352,9.79345404787227
9626.0,521.5493801089677,1582.2720744928743,9.927910862451563
9627.0,519.4836173015806,1580.597752837113,10.325944829976672
9628.0,516.5650227380689,1579.1290829090567,10.88325907748268
9629.0,513.6717573455722,1578.9394918116868,11.30286063726365
9630.0,511.92996655837374,1579.6714120279562,11.442204524330528
9631.0,510.8558759588531,1581.5428885482213,11.32237905480049
9632.0,508.7834112121192,1582.2006638346847,11.08724478537213
9633.0,505.9864234163982,1582.9847498522633,10.927498841604097
9634.0,503.1634233662246,1582.7903864492675,10.857195549869774
9635.0,500.76902366650523,1581.8657299510103,10.759075100190469
9636.0,499.0733047910388,1581.1489063113945,10.555578179374104
9637.0,498.93530929875357,1581.4459285787927,10.36857297912146
9638.0,499.2319993999201,1582.743609212697,10.26147255682209
9639.0,498.6800968584954,1583.2670008194116,10.088539160715365
9640.0,497.076137454163,1583.5788240074792,9.88556226046596
9641.0,496.3138264945938,1584.2279077403384,9.690444441337538
9642.0,497.26754638346193,1587.3717038132522,9.516290761528017
9643.0,498.86237764925613,1592.2110129687567,9.398667077787193
9644.0,499.65762159141303,1598.8670838177632,9.400581965557924
9645.0,499.4399197162932,1605.0022604829219,9.472687008861765
9646.0,498.88001191373377,1608.850556895615,9.410027423898239
9647.0,498.0242418746206,1609.9901890604638,9.116443504382216
9648.0,496.75267062660106,1609.250017886005,8.68696350848487
9649.0,494.8799644788653,1607.8673963337822,8.213315920030187
9650.0,492.8234828943914,1605.5262131008885,7.7698037467480345
9651.0,491.37748812868097,1603.4377325822422,7.531750790364532
9652.0,490.9227386670548,1603.81913711662,7.4539578033313125
9653.0,491.43346281876194,1604.8119901773666,7.452440165893007
9654.0,492.59099629975924,1605.3751804960812,7.414352250505874
9655.0,493.61638866767646,1603.4034904379926,7.332166163731346
9656.0,493.57483663488443,1599.0299958614612,7.185179375231879
9657.0,492.3682621508676,1593.0606509117365,6.93142637601445
9658.0,491.1010180802088,1585.4757448218431,6.589741441197687
9659.0,490.5567964398822,1577.3846930090929,6.197313704307394
9660.0,489.3963068367593,1570.545422839363,5.758083423456462
9661.0,487.4953599884825,1568.2084897828381,5.302971984645793
9662.0,486.4222773357873,1567.660279897362,4.897956569122563
9663.0,487.94574738498534,1567.6358300973081,4.677727198269159
9664.0,491.31755206430654,1568.557437314618,4.598178682138417
9665.0,494.91686799667804,1568.7489587688908,4.594505695877636
9666.0,497.16337974105664,1568.386891654449,4.595146275710394
9667.0,498.2213317509758,1567.7514021394088,4.5122046529284034
9668.0,499.92315891130295,1566.7375984461585,4.383526593928782
9669.0,501.8142981728955,1566.1040942169343,4.248902653468223
9670.0,502.8717335268031,1568.787960453184,4.079551563308401
9671.0,503.27223588013027,1573.1170998761208,3.8260254679630368
9672.0,504.18714795395516,1575.8328497698258,3.5953933551800628
9673.0,506.09321639069486,1575.5175565499935,3.483473447211034
9674.0,507.9822377715976,1573.8787397861684,3.432131428553588
9675.0,508.6701726187319,1572.95482715737,3.38294245771729
9676.0,508.697835129309,1572.960171810154,3.341030248623161
9677.0,509.173294935266,1573.360665857457,3.342580517083502
9678.0,509.5891889782834,1572.34988193918,3.344050902405637
9679.0,509.6422823451621,1570.8018147349678,3.279698217659564
9680.0,509.12489534492704,1569.7355885243658,3.2211526172587197
9681.0,508.91640284926825,1569.6687148263115,3.2708262636730567
9682.0,508.8004909311246,1570.1237107180527,3.373366055923502
9683.0,510.0057803495532,1569.767076985099,3.479903441337005
9684.0,512.7883248231068,1568.2521291691044,3.5555328031052023
9685.0,515.3690775756234,1567.5206906998758,3.621181518952453
9686.0,516.6651015360386,1567.1037378379865,3.679715327535728
9687.0,516.9866093572474,1567.1862786967151,3.6289461334284896
9688.0,516.8579785871754,1568.1682082987413,3.558205255078714
9689.0,517.4186726635648,1570.7002250241487,3.4816724484129606
9690.0,518.6467193421013,1576.0546933997316,3.453216971721555
9691.0,519.4646466289718,1582.0928066686654,3.534664032130848
9692.0,519.8713723613165,1587.0267807225223,3.7336255386942723
9693.0,521.5188158196393,1589.7910760685047,4.06934516973924
9694.0,524.0515402511144,1591.0760516807504,4.418162525539353
9695.0,526.8249393978627,1591.0069635110924,4.615866922250197
9696.0,529.3530127335479,1589.3389568507926,4.6639213126255035
9697.0,530.9336644585646,1587.50214228124,4.6172774489577115
9698.0,532.4852698651134,1586.1263091915978,4.470288212477473
9699.0,535.1156754408455,1586.61552576689,4.331397435904921
9700.0,536.607219156543,1590.5586340755854,4.152693193973323
9701.0,537.5707818906967,1597.7650218342503,4.036004176205575
9702.0,537.659451350231,1604.2394357381133,4.043565058047533
9703.0,537.0577899882238,1610.4034725299894,4.030127837767909
9704.0,537.3340429203396,1614.8159111400246,4.0692536672583755
9705.0,538.3148096072534,1618.1700407472063,4.013095380553169
9706.0,539.9376495297287,1619.3285857475594,3.9560207550350404
9707.0,541.9438193684692,1618.856910846939,3.8031703225392968
9708.0,543.2037527907469,1617.630064558357,3.6330678114178565
9709.0,542.7383998149368,1617.573162125261,3.542851171508616
9710.0,540.4288565661981,1618.0398390864748,3.477465315085542
9711.0,540.9826491229164,1617.481657807839,3.4245547333025623
9712.0,541.824468192318,1616.8180512627177,3.3625576811673965
9713.0,539.4401379515884,1617.329722873614,3.2240359290672043
9714.0,536.6700147002323,1617.4262299356096,3.053074308725717
9715.0,536.9845471377047,1615.3903046722585,3.0616921832778723
9716.0,538.6908968403004,1612.9341992872662,3.185728860715441
9717.0,540.2641725268572,1610.0790175064897,3.350829097729
9718.0,538.9936288660872,1609.0654728121747,3.5410638276705315
9719.0,536.7727484714978,1608.5687738642125,3.7332458207752466
9720.0,534.6040600549616,1607.2812145681069,3.9202177233187605
9721.0,533.1908048865256,1604.840763075948,4.058496918412323
9722.0,532.0649538667021,1602.36669294636,4.179976242780961
9723.0,531.6326125090176,1599.1217021654506,4.236793895585916
9724.0,531.9231387383352,1596.2203348074395,4.303425283027215
9725.0,532.5556468998425,1594.5455397556623,4.35845170729787
9726.0,532.8471878729586,1591.7169607540814,4.401066592724487
9727.0,531.8931008522039,1587.9682383125296,4.3719377481771255
9728.0,531.3934140108629,1584.1804191037666,4.227838317649224
9729.0,529.1878645761973,1581.166679128215,3.9996618871453204
9730.0,528.726465548831,1579.8279010286371,3.7470317401990147
9731.0,528.5084929009463,1579.1260961830599,3.5195072461836006
9732.0,528.3356816538501,1580.3688259603782,3.3053665256488904
9733.0,529.7817126544768,1580.656177485193,3.219315765953232
9734.0,531.5104447117159,1581.6125782493884,3.1103661566739205
9735.0,535.5328665228789,1579.83594107193,3.0484689629414414
9736.0,539.8740134421664,1577.692935964682,2.940073936040784
9737.0,542.9249668730251,1575.4411044013236,2.791181051629496
9738.0,544.2751521844126,1572.63763772091,2.64432902300449
9739.0,544.1884335249285,1567.7668893036082,2.4202858140091688
9740.0,543.2836922284301,1561.5778386815564,2.1877635522097214
9741.0,542.8332165888884,1555.4443961905256,2.0043990864547205
9742.0,542.2160196171603,1553.49570697693,1.8651649512965767
9743.0,541.7673522924971,1554.9464973981944,1.826921687688689
9744.0,542.8635133490671,1556.0228089113089,1.8017911695564226
9745.0,543.113119021869,1558.639829996293,1.7089350870347533
9746.0,542.5796492227894,1561.668351653166,1.5537718979249768
9747.0,542.9218333926393,1562.5105903194344,1.4438742343497126
9748.0,544.9061132502787,1560.3496695716851,1.4053210306860169
9749.0,546.9022504870456,1555.7753151274649,1.3707308661742654
9750.0,547.3811913321174,1548.7954573581833,1.2977116836288203
9751.0,546.9589362034994,1541.0657323691257,1.2195627716321855
9752.0,546.4092138931018,1533.716490898841,1.1698555747859045
9753.0,545.1083496933846,1530.4573449126547,1.1354281725086783
9754.0,542.445999808041,1531.5218543851154,1.170254956709233
9755.0,540.6799607301707,1533.1944402441625,1.2926951415349504
9756.0,540.2478398490643,1533.335732540344,1.5027899632895556
9757.0,540.0862417421167,1532.2389831779,1.6882300196792834
9758.0,539.5625172535038,1530.9125202064176,1.7964589354946117
9759.0,538.6884797832323,1529.424740372945,1.8944677656591555
9760.0,537.9879554814688,1529.1876378235993,1.9717862898814866
9761.0,537.1775509306156,1530.8962857255653,1.9896915033780624
9762.0,536.2143422296239,1533.9573391641645,2.00910695444209
9763.0,535.6459672615076,1537.065665426367,2.0762330401228817
9764.0,536.3857306224079,1539.752513970176,2.144360606568602
9765.0,538.0142384945399,1540.8850953661822,2.17835608155025
9766.0,539.7920832328075,1538.7244372807152,2.20900713327441
9767.0,542.4012699848274,1533.4691328584022,2.268088559704502
9768.0,545.4068451495983,1527.2134283819578,2.2952380896186626
9769.0,547.7733679417456,1521.6330600382564,2.2546327322379027
9770.0,549.0918820098574,1516.8639795758443,2.1347111679954063
9771.0,550.2528054401733,1512.676076141985,1.94290675114761
9772.0,551.2665529110517,1508.5259268273408,1.7126878901568807
9773.0,552.2493847701713,1504.2442826192712,1.531156854404593
9774.0,554.3151061943606,1498.333714395029,1.4580509853047523
9775.0,558.1437997320145,1490.7420552190204,1.5005815618143528
9776.0,562.5028744541634,1483.0816973846004,1.6589551540987486
9777.0,566.1186741827523,1476.7403655988044,1.8694931558948102
9778.0,568.6106921299712,1471.4958979515386,2.059123259756703
9779.0,570.3935711005722,1466.7761171604254,2.1797775705927207
9780.0,572.6670943328455,1461.964911804675,2.203855834685545
9781.0,574.7561939501431,1458.214422401504,2.129351434100468
9782.0,575.6506816175812,1456.5157706381244,1.9993040062182008
9783.0,575.7352297937582,1454.8239048941286,1.857828672619172
9784.0,575.1047271896978,1452.9583412514512,1.6908629981443346
9785.0,573.8497907581731,1451.7906880144,1.5929075164993598
9786.0,571.9563414047643,1453.1439155299774,1.6343767193449534
9787.0,570.6628015138892,1456.9621816634692,1.7980075536758413
9788.0,569.0555889355823,1462.7101346785528,1.9886997746285286
9789.0,566.7889036390162,1467.2062317994576,2.1660747012569024
9790.0,563.6600672549475,1467.6175420044506,2.2977954925905717
9791.0,560.7457161521028,1463.4921769626014,2.3382259568857746
9792.0,557.6894376116177,1458.5621418113574,2.3586024548166082
9793.0,553.8856611302689,1454.2346004125611,2.4172488684901765
9794.0,549.1989620593315,1450.5027349096335,2.4947802572202757
9795.0,545.5734962307681,1447.735729107866,2.587728344188733
9796.0,544.1027196606104,1447.1083617308238,2.6655719163918854
9797.0,544.5657708473636,1448.1914146174508,2.705728644914406
9798.0,545.3029619313501,1449.3767708391015,2.668587994396196
9799.0,544.9442030547192,1448.6293501572816,2.552696065158492
9800.0,544.7496949960022,1445.0754922623164,2.397956836830413
9801.0,545.2695797532857,1440.3405737581613,2.23459601538651
9802.0,546.0522279812291,1435.400435040771,2.0584985522798593
9803.0,546.9885171425902,1429.8668724987954,1.9260934815412898
9804.0,548.3912473666046,1424.0925233311923,1.8868539098565602
9805.0,549.7969270705862,1419.399478707154,1.8770765697525134
9806.0,551.4519610836649,1417.1280111718456,1.8641288760941024
9807.0,553.0188184428096,1416.176512895223,1.8563283703168167
9808.0,554.9057429801188,1416.2136153987324,1.8951100192370027
9809.0,556.5215440454682,1414.9833444014064,1.9491538187185802
9810.0,556.3594442743108,1411.1659833431754,1.9798679633943963
9811.0,555.1269924846929,1405.1389415446745,2.014312827986712
9812.0,553.4336216468864,1399.536564665535,2.0813869256055875
9813.0,550.9152784712086,1395.634390709816,2.1846916048122536
9814.0,547.733637083358,1392.3358273622723,2.3601588808023397
9815.0,544.4351385286545,1389.4220682217763,2.567514113780674
9816.0,541.1330087541137,1386.0991212130098,2.7672823548468033
9817.0,538.3050807511745,1381.1090622407417,2.9409795200222653
9818.0,536.1574204545758,1372.3483374437749,3.1042803690881766
9819.0,535.4714181260088,1361.9322010765507,3.336814403821603
9820.0,536.0143668405734,1352.3048425309853,3.5997985552285203
9821.0,537.2950207037351,1346.6111333379722,3.7964597796093726
9822.0,537.3584322934703,1344.7472756065363,3.9080541785616085
9823.0,535.855170802814,1346.7984218447057,4.016802889101543
9824.0,533.4138320423376,1351.112204358625,4.027082687460562
9825.0,531.5163240891887,1354.8342063183864,4.048921031443749
9826.0,530.1484293382734,1356.811314462337,4.170936149523261
9827.0,528.9469992076108,1356.3273320501191,4.281524660575013
9828.0,526.4816004992205,1354.3572451295536,4.310984316680999
9829.0,523.9938709622919,1350.9875280742995,4.406506879991061
9830.0,523.4063033514644,1345.745756560809,4.589753244556484
9831.0,522.1849559446229,1339.7315621367893,4.786033040160159
9832.0,518.9917357996337,1334.2054146305923,4.940454413996891
9833.0,514.9606874352525,1330.0527227091688,5.0317065345027645
9834.0,512.914172581081,1330.3514132704197,5.260985190887737
9835.0,512.6537264467695,1335.1490549151724,5.6566555584864515
9836.0,512.7429120749661,1340.8894242737383,6.14054104369248
9837.0,512.7671765815435,1345.8095133488634,6.58798071711844
9838.0,513.0415701182156,1350.273151879339,6.89033882547134
9839.0,513.2904151601274,1355.6619460234308,7.13875463528704
9840.0,513.5878855315071,1360.0712865129713,7.377887214170221
9841.0,514.3707738440947,1360.3044826000057,7.62213866784841
9842.0,514.761693102616,1354.886896850393,7.9096117593702395
9843.0,515.7256442023122,1347.8748174656396,8.261308521185624
9844.0,517.6163228942287,1343.7742227047834,8.72933042520864
9845.0,519.7984610538481,1342.7698380758527,9.314024576149917
9846.0,520.8439797731619,1343.715076437202,9.980142856987687
9847.0,520.9559898122328,1345.59881530823,10.558101712963493
9848.0,519.6731976387199,1347.35357776413,11.029127279748739
9849.0,517.2757432205824,1349.3179225045978,11.517303333831173
9850.0,514.2190684325052,1350.2084861968515,12.019626229294229
9851.0,511.2327775062867,1349.530364046857,12.43776122344426
9852.0,509.37527143763475,1347.5366156162631,12.843359390426892
9853.0,509.37376786907225,1346.1032456386179,13.356489939177179
9854.0,511.3408119080837,1345.3479890464857,13.77087610996987
9855.0,512.9057318521044,1346.3889374692944,14.175223418700044
9856.0,511.8922322812617,1348.490701733222,14.671975191554075
9857.0,508.2835490930352,1350.4897969834576,15.092488801477563
9858.0,503.41980051556334,1351.5000559305884,15.129041992111889
9859.0,499.8492831601822,1351.1378898713217,14.90335979995926
9860.0,497.9318921778828,1349.9607982773728,14.682038844979116
9861.0,497.5942060205809,1347.9238295855123,14.518825192292065
9862.0,497.967312435137,1344.6003888773596,14.470037808791083
9863.0,498.7005590977882,1339.6544677294419,14.65489297555074
9864.0,500.33179471674526,1336.3386896735997,15.213821303982417
9865.0,501.83314941783993,1335.981551509426,15.99739090637382
9866.0,502.43373263403095,1337.44123730731,16.64980020081389
9867.0,501.5233065122332,1336.6794312776658,17.171679544888605
9868.0,498.9497680529033,1332.8217966100674,17.705884644463207
9869.0,494.7081467419859,1330.5576619398105,18.007937013161442
9870.0,490.17205427423966,1331.6147764475097,18.010850600520566
9871.0,487.9350967726538,1331.9977597105496,17.9944632950609
9872.0,489.31065877746363,1328.8954188662794,18.081066813851415
9873.0,492.88313021557906,1325.010172778969,18.296647968353938
9874.0,495.27234685273385,1321.6314966979253,18.504331838122468
9875.0,495.95331065888496,1318.2672731412454,18.852240629738894
9876.0,496.62252510775096,1314.4072550343597,19.284104919135068
9877.0,498.22674725568334,1312.5562347177708,19.69364876009213
9878.0,499.22289089019154,1312.003943619593,20.01364310081388
9879.0,499.88303969009576,1311.8816109319837,20.443127137478527
9880.0,500.0838437654702,1310.8632302669478,20.831181881031483
9881.0,500.4000465839029,1308.2690859138067,21.04554178526568
9882.0,501.3009798442678,1304.588074409381,21.109676332137166
9883.0,502.460925575856,1300.448118160802,21.15831091370896
9884.0,503.43807877424825,1296.602769830795,21.381256423527187
9885.0,503.344590848772,1292.0725173218968,21.816140221611015
9886.0,502.9928818440078,1287.015127772548,22.152443992894124
9887.0,502.9779685622888,1281.885486626064,22.242467546807045
9888.0,503.1244066628771,1275.960666397226,22.236592879988642
9889.0,502.8707010894604,1269.151717224236,22.138999544328623
9890.0,503.3086940434703,1264.1664579489636,22.15593494990335
9891.0,504.600170810838,1262.2733430327062,22.349975970394254
9892.0,505.8793196286493,1261.6784822337438,22.82943680069568
9893.0,506.98443172237273,1261.4598469356372,23.508623190217257
9894.0,508.7529413624794,1262.3511736451999,24.10283136688591
9895.0,510.70934877981153,1262.9007609629568,24.38706457117469
9896.0,512.1450665904822,1260.6825960970943,24.14615690165617
9897.0,512.8765764280622,1255.7129053676517,23.478792431334476
9898.0,513.18702149701,1251.6495734895752,22.839794420450065
9899.0,514.3589623013893,1251.8695945526106,22.515235963194172
9900.0,517.4159962739797,1254.969303730029,22.324404076692637
9901.0,521.8109899263518,1257.7748025795245,22.046142120690803
9902.0,526.3617003689217,1259.486464534007,21.78062046164771
9903.0,529.9747322757888,1260.0346484506056,21.72862413585168
9904.0,530.2952585722427,1257.077522328156,21.861300444400438
9905.0,528.8691298150492,1251.559059532352,22.15019314737669
9906.0,526.9399366999976,1246.5291304393095,22.402885942659694
9907.0,524.8620719381081,1242.7615893991288,22.392331746478323
9908.0,522.8864189067527,1241.3496729853032,22.271648834739654
9909.0,520.4792475680439,1243.1182988333785,22.20016937836902
9910.0,517.70683287614,1247.3465172243225,22.10801068567661
9911.0,514.9134798915319,1250.885708429265,21.851955092071957
9912.0,511.92077280387576,1251.9182852939723,21.51258449289925
9913.0,509.38787739681203,1249.2535050587023,21.149546319427692
9914.0,508.06598242498654,1245.6351699474762,20.7141621999347
9915.0,507.220259896032,1241.292996752778,20.191057673867366
9916.0,507.48760430435937,1235.647118328182,19.94402531414503
9917.0,508.2532155043367,1229.22262573322,20.05079385929524
9918.0,508.00944927109987,1224.69815549619,20.185031693400255
9919.0,505.73057095619043,1224.3357228783216,20.27375319152394
9920.0,503.2517011506274,1225.7710508923365,20.320786723350384
9921.0,501.1539356354139,1226.0408059830902,20.344058529380543
9922.0,499.5044923202962,1225.4563017841936,20.301055210168798
9923.0,498.2144368574359,1225.3552631537984,20.19525063619526
9924.0,498.12877987488145,1223.8076163002597,19.989993103709345
9925.0,498.0138362115215,1219.7806300311497,19.714381714149283
9926.0,497.0130524996892,1216.5411663565014,19.38015504295506
9927.0,496.1626962287218,1215.274470956585,19.135874219827276
9928.0,494.9850245263944,1214.353208084798,18.87527649388871
9929.0,493.31304938292595,1215.26710836952,18.334861238029216
9930.0,491.7302560080693,1217.030527467892,17.893870290553792
9931.0,488.81428776701307,1219.051296440208,17.397885342046017
9932.0,485.3883476288261,1221.3247018404097,17.16623235923965
9933.0,482.4892957996955,1223.1547652995785,17.197665731006783
9934.0,479.81070908999084,1223.609736879412,17.32503065430426
9935.0,478.564654255834,1224.6327606275463,17.634549745058234
9936.0,477.68602331926735,1225.5572920681275,18.15215635595756
9937.0,476.8409602786946,1226.302399188273,18.849289197129778
9938.0,476.6254809699757,1226.1683460452894,19.651881233797177
9939.0,455.0467373520733,1060.6655186581013,21.836205251756954
9940.0,456.6678297622373,1057.5045128265729,21.762420743840156
9941.0,457.85723483371333,1056.1309695036232,21.488700767079237
9942.0,458.7155558977868,1056.2382194328482,21.059817791927244
9943.0,459.59378148765666,1056.0258931885662,20.43299745535278
9944.0,460.52082800139095,1054.8151238376897,19.800149312764653
9945.0,461.19897678109874,1053.5404371701427,19.34337509058816
9946.0,461.974115336349,1052.9770600026561,19.014656017744848
9947.0,461.94883492974475,1052.5797228384433,18.631063184994538
9948.0,460.8926137589495,1052.9937281342684,18.21165107397343
9949.0,459.5738952567596,1054.6719160224557,17.87529915511938
9950.0,459.4736705887421,1055.7302440056876,17.698095366042782
9951.0,460.7330820742278,1054.063576489505,17.504821312089323
9952.0,462.5443310978722,1050.280935435534,17.234924601021092
9953.0,463.98917766808034,1048.1970579745819,16.93967653528947
9954.0,465.5570433341577,1049.1690890355073,16.65012753344797
9955.0,467.4046991987896,1051.6170599904099,16.42586985226354
9956.0,468.22729878107543,1053.3660758670346,16.176637319003284
9957.0,467.2962363461409,1055.0576542843332,15.896368350625
9958.0,465.1062614294153,1057.0326747355948,15.636270529743554
9959.0,463.6153145416951,1058.353862237848,15.209875044256641
9960.0,463.3682179268332,1058.0864514944792,14.702476502846723
9961.0,463.3445594444416,1056.290257483582,14.313420633522584
9962.0,462.0757400063226,1055.0909917654049,13.95423652894752
9963.0,459.2153896496874,1055.8793940642868,13.689400014573966
9964.0,456.8968447186674,1058.7965475911976,13.613246155952359
9965.0,455.39714074930316,1063.4883813755175,13.761633405716351
9966.0,453.7588949093034,1067.7481671797543,13.960056504592812
9967.0,450.98703625727273,1070.7524513013161,14.158200417344094
9968.0,447.61838284497946,1072.8336059093347,14.413198811560175
9969.0,444.11038739992995,1073.7871524527798,14.62257723599858
9970.0,440.6803573013261,1074.1711676874513,14.544649780901523
9971.0,437.1992016029225,1074.701866303911,14.197107561518306
9972.0,433.2029744481003,1075.7387481264232,13.935296167360923
9973.0,429.72851976216185,1077.966123350447,13.875878673659404
9974.0,427.33004517770536,1080.555855202237,13.802660439022375
9975.0,424.37379057603744,1083.2480020865996,13.690150516413716
9976.0,420.065129195951,1086.3795072417938,13.609033164970137
9977.0,415.5380097315803,1088.6012202938607,13.536670257386819
9978.0,411.79655769942894,1088.59997906154,13.52297583412801
9979.0,408.8833255386395,1086.9454521018165,13.46896305067379
9980.0,405.8115573081203,1085.3959627479874,13.47163304082963
9981.0,402.60975413038335,1085.0258328955329,13.48496676376936
9982.0,399.66681261255917,1084.4288330165693,13.435380823638862
9983.0,397.0368939181756,1082.2510922527083,13.283727801606917
9984.0,394.6837162652248,1079.4260560014927,12.996188595414838
9985.0,393.2794415517169,1076.8362714201905,12.727730801837811
9986.0,392.47223902636296,1074.7610948704657,12.508768487953589
9987.0,391.5897458804078,1074.419797359457,12.45876302962729
9988.0,390.6906395436831,1075.0968213492947,12.506383189260978
9989.0,390.722341125857,1075.2093871408797,12.604328813342308
9990.0,391.89008398270465,1075.663180497882,12.609131633187888
9991.0,392.5868214211705,1076.6777490718673,12.44459744163801
9992.0,393.19987853728736,1077.676246587695,12.106064864829326
9993.0,394.5330651615352,1077.4923041666484,11.759139540097634
9994.0,396.84618083858226,1078.2629492831422,11.544703839310033
9995.0,398.6352129425904,1081.2331685743754,11.589373827970965
9996.0,400.22116896387,1085.297708765432,11.82738191625329
9997.0,402.46040028943474,1087.75616693302,12.120815303204978
9998.0,405.0544579232811,1089.2583888252675,12.33978849986832
9999.0,406.91120219944884,1089.5923335042405,12.45222829921225
