nstep,msd_x,msd_y,msd_z
0.0,0.0,0.0,0.0
1.0,0.0015262562733288965,2.3920120272399632e-05,0.0012069933620760913
2.0,0.005725166498928903,4.078789317160066e-05,0.0022730305352160946
3.0,0.012636217183464955,0.0001269932909569016,0.0030910964616168825
4.0,0.017570273949468165,0.001272500145294406,0.00580612606024362
5.0,0.0191298856952889,0.0026250631390368887,0.015233009831526425
6.0,0.013507216242302392,0.0012382995026703919,0.04910858987697647
7.0,0.010050273026102457,8.822266252900437e-06,0.11807254647625962
8.0,0.006958734566140891,0.0019156430761636096,0.20687384929917677
9.0,0.0015294059420644182,0.005912830259704887,0.28479768115407184
10.0,0.00044291559571360545,0.014677879795290024,0.3451170883608889
11.0,0.00604144611102762,0.028541297998889992,0.40137374253160973
12.0,0.01295221078852843,0.04168016639498409,0.4528301955290279
13.0,0.01866208445337768,0.06010191542388645,0.49110627370506216
14.0,0.022038414940628134,0.07894892870139034,0.5303477420700485
15.0,0.02335685301366017,0.09206521350624995,0.5792539086647825
16.0,0.02424845367672261,0.10004529778838442,0.6865410712235077
17.0,0.02784844043739041,0.10577569120806246,0.9009146338409533
18.0,0.0359773263936101,0.11359180930514555,1.1951459513298361
19.0,0.050338230760949045,0.12303034677651238,1.449922843595856
20.0,0.08675616204512021,0.16112939401374768,1.6056665628580198
21.0,0.15009484527897787,0.2494886517447921,1.7211762255283232
22.0,0.2257810074583562,0.3761214227330121,1.8886219633142445
23.0,0.29880189707006233,0.5070432718994841,2.0823580633680843
24.0,0.3514631309274281,0.5788872596098881,2.206966446765613
25.0,0.3813073244507566,0.5686028037931536,2.2068636453956563
26.0,0.41053987935049974,0.5252031926577216,2.14941578304996
27.0,0.45600207898614753,0.4959891057132037,2.112157683070016
28.0,0.5158520345665601,0.4882666276662084,2.084797511258184
29.0,0.5655236574508253,0.5186644177089601,1.978354237114836
30.0,0.591750978032391,0.6203494072881169,1.811178124488032
31.0,0.6013310153527304,0.8243998238089155,1.6857449217337594
32.0,0.6089861707204353,1.1057926927995683,1.5984554002961295
33.0,0.5779679441785217,1.3347844974699878,1.4953614132470845
34.0,0.49231172615750374,1.4219892799884863,1.3541467436931716
35.0,0.38477187909802946,1.4380738525360093,1.2436105299840365
36.0,0.29058019599510804,1.4474194604710011,1.1812765064037023
37.0,0.21892992338427023,1.483197179881589,1.1117890310139649
38.0,0.15761469303140904,1.5228934707024901,1.0304243150393122
39.0,0.10707764696438424,1.5960822544150204,0.9639735953172652
40.0,0.06961092821576895,1.6350165326095227,0.8448145895129616
41.0,0.05361212380212634,1.5912434375672004,0.6712949304108099
42.0,0.05269758240501175,1.4536406311680403,0.5350027766605456
43.0,0.06086939651321747,1.3322245471009027,0.4778279726510406
44.0,0.05133197563467199,1.256699225414441,0.4869913984383363
45.0,0.02409651744408086,1.1906013609731765,0.4954937086646597
46.0,0.005196978192604869,1.138563968654117,0.45473996520480986
47.0,0.00015271695093689434,1.107700194559157,0.3877217521032247
48.0,0.0005271753760900123,1.084503275262317,0.32984919413850017
49.0,0.0012869044149024663,1.012535862627528,0.2820042675397475
50.0,0.000252905727060091,0.9003479005048896,0.24770531986200076
51.0,0.00028851638249289283,0.770806931086332,0.24002646643100178
52.0,0.0012029208939225151,0.6651601175907801,0.27179056801303697
53.0,0.0012811273952656034,0.5996244890059775,0.30291341115049003
54.0,0.0024199197655823987,0.5244669001087569,0.28630971816788886
55.0,0.0061679001545603745,0.43594617274884,0.2383136785333925
56.0,0.010713690768441562,0.3686213595926417,0.2037165155821156
57.0,0.013609821586099535,0.3263292131053823,0.19799897725497753
58.0,0.014349500352360038,0.2870547006080197,0.21517444916099987
59.0,0.016992470345729035,0.23056831873008998,0.2511312067418047
60.0,0.024720449021664443,0.18259822887321953,0.30588480993773154
61.0,0.037721190873913735,0.15822042397787606,0.35227383677809215
62.0,0.04695485946649001,0.14146066531200496,0.3713898477548167
63.0,0.04016231633294452,0.11360975369541161,0.3630607782975624
64.0,0.03417349689056263,0.06652162250697963,0.33336361120471986
65.0,0.031809489409622596,0.026606796832809993,0.2889997503137809
66.0,0.026126060721936545,0.00898460001363691,0.24513349620777622
67.0,0.022902188397396266,0.007614393115040104,0.2281430360591042
68.0,0.024756671746800962,0.01622234504698089,0.2593174538861283
69.0,0.031956070734012,0.035007042400856093,0.3059780312108959
70.0,0.03769531363089621,0.05705739113827207,0.33567679271396406
71.0,0.03385446913730581,0.07835536315527841,0.36541762647470905
72.0,0.01762258374000643,0.10216613048529687,0.39385758521894754
73.0,0.0011946680221608845,0.12011971350406808,0.4207952650762755
74.0,0.0036680344344900287,0.1287881506088356,0.4374131604779522
75.0,0.020160648939240033,0.12711998008243205,0.44418432695940224
76.0,0.03151583572899984,0.13009689376888095,0.4675915072319567
77.0,0.037774305268576926,0.14134028225624992,0.5247281518886886
78.0,0.04693565396710451,0.14916830614699697,0.5865851025256335
79.0,0.06335519055888501,0.15855345239504406,0.6140251360379536
80.0,0.07407155548881014,0.17511035338237219,0.6044871547507982
81.0,0.08267375967720263,0.1908565939256769,0.5961155560590397
82.0,0.09475248135358806,0.20235338054944352,0.6167164922627401
83.0,0.10891059325760265,0.21529634336013684,0.6567507856986243
84.0,0.11757508139437253,0.23773216956217963,0.7132553618075805
85.0,0.10766104786980478,0.26408683767843993,0.7944730729301961
86.0,0.08143110578104935,0.2826630361252095,0.88289044250625
87.0,0.05149448362208146,0.30160273634568996,0.9697585797695043
88.0,0.027192039682008007,0.3070470571477929,1.04918743758822
89.0,0.012230793954126445,0.2953122739540165,1.1343894632613842
90.0,0.005005085656356826,0.24698137751228413,1.1870989151656766
91.0,0.0028881015299236125,0.1773922975741225,1.1757464576376653
92.0,0.0025385474560000207,0.10416460613097636,1.1288205291273157
93.0,0.0004732830707049091,0.06118293769842252,1.0770245020003684
94.0,0.0015307131979488944,0.040464480616622486,1.0532625638073563
95.0,0.010842744512249968,0.02811065690102889,1.1051356453186623
96.0,0.019421956576782543,0.016088852374585596,1.250290373083545
97.0,0.021453727476228264,0.007600340194804903,1.445309509249268
98.0,0.02585588746147562,0.0035950636933224874,1.6271594674345917
99.0,0.03741004691723282,0.0015675035007241046,1.7679681917451222
100.0,0.054771978685539756,0.0008328944052080993,1.890001103979072
101.0,0.0804858885901226,9.439152318090054e-05,2.0318343495050333
102.0,0.11615017465793451,0.0002565209047128982,2.148321106139648
103.0,0.14872151840960418,0.0007868400874489031,2.220602605442823
104.0,0.16697643375624976,7.745320056250042e-05,2.3489828254182887
105.0,0.16287936703558573,0.0026441161557408895,2.5348039989219684
106.0,0.1368269717416903,0.0009558188423423998,2.747423237595384
107.0,0.1057347810103224,0.0029341906411489076,2.918182566376454
108.0,0.07352310883710278,0.013081594875039999,3.157523546601996
109.0,0.05481085865349614,0.012873464328464111,3.5440632159080625
110.0,0.04420109306911356,0.009155050864920916,3.9363026638182976
111.0,0.04487702025348092,0.00997566881819291,4.156882572831034
112.0,0.0603832329,0.015522179711041575,4.23032130271476
113.0,0.08480767307670473,0.018777451111105598,4.212598906819189
114.0,0.08545196459802222,0.020747829846744868,4.217647627105089
115.0,0.058119768907376544,0.02043174354212249,4.300753656128222
116.0,0.02883237620498,0.020295854530790386,4.350559053608385
117.0,0.011293725231363613,0.01582887825763692,4.412709710115304
118.0,0.004687423361857648,0.007935567091239997,4.4300690026698675
119.0,0.0013685434580689086,0.0012205792955040959,4.358594381235596
120.0,0.00063440008128999,3.9773708089600375e-05,4.177638930320928
121.0,0.00043886814267242376,0.0004633510248480993,4.000858206027411
122.0,0.0005639660791209241,0.000700557670802504,3.795400831587322
123.0,0.0009031275123263955,0.0011123592392024977,3.6076104995403657
124.0,0.0018211377015441346,0.005521949348432412,3.4380832280076095
125.0,0.004284184225542409,0.017684292113290027,3.345672475012202
126.0,0.011639628504152113,0.03713600326556158,3.2824059221336768
127.0,0.022417330076672327,0.06181051213583999,3.2128292518094224
128.0,0.03609246499322894,0.09553470556987217,3.1609414597994685
129.0,0.05198004655516892,0.10400936537332887,3.0277119526349083
130.0,0.05659325548995695,0.07563145163759284,2.941763397436442
131.0,0.052447545024204234,0.04519912992475687,2.8933827993286223
132.0,0.04068376538270886,0.026908918190784385,2.8763317772565293
133.0,0.03048315562494764,0.017843167574022406,2.815304046498768
134.0,0.02343396401203372,0.013823589040537593,2.779685482983654
135.0,0.021440623260868843,0.01138145878656641,2.75016750809641
136.0,0.022102438853832018,0.006856808794222493,2.7820677105949225
137.0,0.026110196982250096,0.003356386592548891,2.8747379849573527
138.0,0.028253821153012906,0.0035177864174649113,2.974685052739901
139.0,0.028489017611609914,0.006315708186244884,3.004004910298772
140.0,0.026481707078640112,0.008564073587598395,2.9296066697039844
141.0,0.02106695490916002,0.008188324273209613,2.788705181202389
142.0,0.01660585060041615,0.0036322378508024888,2.620353537375372
143.0,0.012087036673923534,0.0002959851858083997,2.504040017276174
144.0,0.006357796206924096,0.0005141996154409045,2.4531082074720225
145.0,0.0012696016543609157,0.0032604659582401068,2.5158046970797456
146.0,8.212637692903123e-06,0.0076197256642815975,2.6390195166051647
147.0,0.0005434050521025103,0.010938745965171599,2.7770813325475983
148.0,0.002458251762177556,0.011637278841488416,2.8447441673725637
149.0,0.004598678919873637,0.010104278441601585,2.8018064961472575
150.0,0.006402704285609921,0.005985350961502507,2.739951050760063
151.0,0.01240086028872254,0.0021386425706115962,2.7596231825930495
152.0,0.03511515451654443,1.948472022249907e-05,2.857079709401429
153.0,0.0811013912629634,0.0018733029579889042,2.8737225687371772
154.0,0.12361457177704968,0.005761959183304906,2.7975857422022496
155.0,0.13904751889337744,0.006591234792416415,2.7193584817800627
156.0,0.151252800426029,0.004818135415584116,2.688762713972984
157.0,0.16949823214465656,0.0024334064763849046,2.7257037899867136
158.0,0.18608930833249004,0.0008264095570756006,2.801447531681401
159.0,0.19962041052099988,0.0003404825777088996,2.8613928258510395
160.0,0.21130478304099953,5.4957016890001e-05,2.9058120872438327
161.0,0.23101172390150423,2.3596277759989384e-07,2.9028156863545225
162.0,0.2602288521542156,0.0001329328291224988,2.83287771901563
163.0,0.3074773698212165,0.0015269970797761056,2.706584230189801
164.0,0.38111310811408805,0.0033746107539599887,2.5682621756260224
165.0,0.4481049819134729,0.004611567088590404,2.4661524538573927
166.0,0.4712275100796162,0.005740930753344893,2.3738372849954885
167.0,0.46809398017512355,0.005129272566723603,2.291263713054726
168.0,0.508083897024002,0.001733941233984392,2.248680613476819
169.0,0.5911634450219718,6.001765022500425e-06,2.2404161074598417
170.0,0.6263524226304902,3.773350041759894e-05,2.2163817135779933
171.0,0.5844940872597363,0.0005564678127848976,2.1464531944652943
172.0,0.5467262016556093,0.004621508815622391,1.9943896186579604
173.0,0.5506676771204195,0.009484841317022513,1.8122492167477633
174.0,0.5379745442175502,0.011799607876000024,1.6757255121333483
175.0,0.5396993383349822,0.011620529538073597,1.5540531967188904
176.0,0.6322962035873023,0.0084570259971681,1.3716156753304012
177.0,0.8137963538478238,0.004485176454531598,1.1680515802309224
178.0,1.0066632830077316,0.0018319829547889012,1.0528535054822499
179.0,1.0921725589843596,0.00042086809710490324,1.0327057102492638
180.0,1.0742189220788094,0.00025838858578089847,1.0449623712006801
181.0,1.0203228989749151,0.0008228768427888949,1.0789791671662086
182.0,1.0154504827210964,0.0015171593675329035,1.116303269780452
183.0,1.0699600654387873,0.0007391976754760971,1.0855586315121029
184.0,1.1398264716174333,0.00011499602590440096,0.9768657488037363
185.0,1.2002376904729593,0.0049370395329648865,0.8544757776503878
186.0,1.2459690557064254,0.016607286172947624,0.7699750464161286
187.0,1.2817049098733642,0.03037450134715238,0.7300889893110027
188.0,1.2833225686333576,0.04034399642142248,0.730280279564784
189.0,1.2618370160847352,0.048600680389584434,0.7717303080705127
190.0,1.1764330615322993,0.05865510968794886,0.822948573087917
191.0,1.0652537149454633,0.06853681051752962,0.8467615249965318
192.0,1.0035507664019152,0.08171882681150247,0.8194108831414492
193.0,0.9458771550638653,0.09465350649561002,0.7781181226688019
194.0,0.8725609503162832,0.10906335841665644,0.7736469383668803
195.0,0.7563650445562503,0.13082138498391208,0.8275600940308898
196.0,0.662801616069164,0.17270320398806244,0.8856799950388327
197.0,0.6379355714815157,0.23189085515722108,0.988462054440204
198.0,0.6901467920105476,0.2936663397180098,1.0352615415326807
199.0,0.7316471619213367,0.32166703996272045,1.0497921476203222
200.0,0.7737722296776977,0.3333533108877047,1.0994838406875622
201.0,0.8451758493434915,0.3414210275387538,1.0715458533219002
202.0,0.9551111462524945,0.3471086689933041,0.9835256953962492
203.0,1.0620400010855617,0.3419835312092163,0.8607913893976337
204.0,1.1061159470170214,0.33293134262412094,0.7689709551798118
205.0,1.1239670867774594,0.347173408834493,0.7253507484960675
206.0,1.1731059999160318,0.38125717267926773,0.7291410600519049
207.0,1.2497874959271027,0.40695488903762533,0.6986419626888026
208.0,1.2966941701350387,0.40195072513730545,0.6107776212021169
209.0,1.288124236670471,0.39322842340531816,0.49544930681855986
210.0,1.2622917750394071,0.38731368487899615,0.38824452525514397
211.0,1.2481178978324798,0.40449442272153774,0.34357211557506273
212.0,1.2160359486960388,0.4607494020418574,0.35925939329389994
213.0,1.1759504484680003,0.5400264212520097,0.39269009717000986
214.0,1.1726343788603528,0.6248098113087742,0.3890636882500898
215.0,1.2038889853515617,0.7079399086897222,0.35858957217578014
216.0,1.2111423775063401,0.7735332314744647,0.297931928142588
217.0,1.2018581883679842,0.8059178422147332,0.2554803393673968
218.0,1.2446591026332683,0.8430174366992363,0.2418679285204902
219.0,1.326984194704,0.8709527254223105,0.27876982866009625
220.0,1.4086521125595795,0.839203702339584,0.3631253860732997
221.0,1.4362679012916018,0.7323410434763331,0.47701191244704005
222.0,1.4562078397392957,0.5991717321441854,0.5883869192942691
223.0,1.555698517779072,0.49618760151422264,0.6611284714377251
224.0,1.681906008504576,0.4299666463272963,0.6786691770704398
225.0,1.7687665237180334,0.37300885649514004,0.6743465287146027
226.0,1.843212517839137,0.30547091187529307,0.6970222934355322
227.0,1.89513997482309,0.2393332339516414,0.7221054158889797
228.0,1.9338388362501173,0.1830301491972529,0.7451131005764355
229.0,2.0662842655503058,0.13951250649851288,0.7623038893920254
230.0,2.2643201128496413,0.10245167371733285,0.8238237119620224
231.0,2.36788432771106,0.08363060161299364,0.8994648930655129
232.0,2.3581396258896596,0.07435935071259207,0.9692810481093183
233.0,2.3913236094180577,0.08147900787427842,0.9968297566015044
234.0,2.5221733817163363,0.09553872374169205,1.0042699884945985
235.0,2.6924716188800693,0.12907757714074242,0.997740457826768
236.0,2.88887753101223,0.17515469641111697,0.9728629461454223
237.0,3.0735886743140117,0.22256320593260234,0.9582246727880404
238.0,3.1936025651706217,0.2748230901239185,0.9519772985816977
239.0,3.1799005664081057,0.3436767396354602,1.0262792984037135
240.0,3.0587301908338547,0.45504496821944435,1.1232305567735186
241.0,2.928960504332773,0.5621525336756221,1.2149247508140621
242.0,2.8973495847664705,0.6599832963294734,1.257401332335246
243.0,2.9816428730481648,0.7593581766145601,1.299147938118924
244.0,3.0879226773469335,0.8678249938265629,1.3390302586425629
245.0,3.210877118853204,0.9490623472068557,1.4057925997515623
246.0,3.310164980343373,1.002519705232084,1.4937373719665406
247.0,3.3223715929040103,1.0435086061848358,1.5469097591279923
248.0,3.249303561151301,1.107570302103956,1.5525588128551522
249.0,3.2111017185302804,1.191684526780442,1.4779785224179602
250.0,3.2598036730941686,1.287215297627112,1.4110164161308947
251.0,3.3645847692522044,1.410139007552708,1.4009732538896653
252.0,3.453219647650083,1.5308347515786649,1.5029221164188173
253.0,3.5721052542019294,1.6435718445881953,1.689830536248432
254.0,3.7904861553340696,1.7478571862902497,1.9019052255776399
255.0,3.988169161008012,1.8615468102528197,2.0475160487456487
256.0,4.100988779067635,1.950788600196196,2.1434673207034205
257.0,4.227741020207238,1.9831912423627327,2.2541418443448
258.0,4.429597377709153,1.9953037459758838,2.417544870936272
259.0,4.62512681307664,2.0369946357269035,2.6129507876015046
260.0,4.855730925398733,2.096244806424445,2.7576800735894875
261.0,5.236769937433021,2.1914888528841967,2.8316046861923074
262.0,5.757897839835238,2.3242863951771024,2.873759558245889
263.0,6.302491453699792,2.457762271360536,2.9738086797549026
264.0,6.6027363914157355,2.5610557888340106,3.0174422015442497
265.0,6.68325598946435,2.6096568939705618,3.00277480625069
266.0,6.742628822044417,2.6392689816309436,3.023292736240186
267.0,6.840752892578891,2.6521362128685633,3.1939523749207686
268.0,6.888021560956486,2.665338124902869,3.451254048731112
269.0,6.948592003451607,2.759797313514613,3.716962900247876
270.0,6.952727318534146,2.9029221726529597,3.959373524120852
271.0,6.9151264942970965,3.0408249778789003,4.1662922611020665
272.0,7.001032457510819,3.2167495380646085,4.282740558339588
273.0,7.344398103024998,3.4496287787088162,4.392466376620168
274.0,7.672258536807323,3.7077773469474606,4.692249448862405
275.0,7.785353876490093,4.008243002322896,5.13723090610876
276.0,7.668980230540215,4.2315051826575525,5.594617977118471
277.0,7.530352417009541,4.393115769851689,5.84412967713371
278.0,7.322145703197247,4.483872909147747,5.996821900443266
279.0,7.200087620144412,4.489316194440422,5.957382356547502
280.0,7.091586256250493,4.433507268845621,5.84763368698161
281.0,6.835648160302562,4.424885832522388,5.840114138368498
282.0,6.622632807290519,4.456152459353606,5.926537308148804
283.0,6.679381544055006,4.526560828023697,5.978320066240915
284.0,6.955625835639201,4.606745175182362,6.004616545546247
285.0,7.218559576070794,4.6677483672575635,6.036218992497805
286.0,7.410420641909088,4.779490465612977,6.039705452896687
287.0,7.475644248306751,4.848509376875611,6.057367170573048
288.0,7.512747204727593,4.838599273359458,6.246294899273678
289.0,7.545917195539225,4.824122970065504,6.655659096218089
290.0,7.607679927725289,4.809272903729702,7.01883626997865
291.0,7.591786869633668,4.733339397763689,7.0670279282347686
292.0,7.454608095056347,4.639977800852993,7.0063505493033915
293.0,7.3273557387610335,4.515230693608128,7.074303734975069
294.0,7.307079391921003,4.337641622624314,7.214715527495061
295.0,7.35565098114852,4.153614297025568,7.371686611526701
296.0,7.408851534950714,4.084364081102141,7.544028817624204
297.0,7.449937480058172,4.113174277578289,7.64246301450025
298.0,7.462553127702759,4.100569474687965,7.687664326017337
299.0,7.459751362270607,4.068365041255322,7.844014313730562
300.0,7.45004158192554,4.142150813938052,8.241855627948768
301.0,7.47613596816557,4.264607776989582,8.737990922566304
302.0,7.492730266139038,4.336866434458803,9.067935940963876
303.0,7.338485574041047,4.418270692165524,9.002081760367364
304.0,7.172238035339834,4.477858302956404,8.788605795516558
305.0,7.152056673969045,4.474455507011174,8.922970370353541
306.0,7.21153611099251,4.442104849189022,9.33210919456701
307.0,7.1765965072023565,4.45004467526641,9.67397293266121
308.0,6.968560089993239,4.443831882705633,9.780628633368115
309.0,6.656942223841806,4.472834494922982,9.743453536095302
310.0,6.460064530556491,4.561287104089001,9.680561360736002
311.0,6.439789330276,4.749861380308229,9.71115205054018
312.0,6.424918121850524,4.979697354204602,9.80335524820224
313.0,6.3583377068928035,5.19217368069159,9.92651048115771
314.0,6.3550810567165295,5.359934432076368,10.0471883996892
315.0,6.4672295401180335,5.434691267432306,10.29760462594161
316.0,6.710479281338119,5.49697397288377,10.642466557436423
317.0,6.937867129124596,5.511271209629703,10.783885127615717
318.0,7.115844716373568,5.516343400833677,10.596537587381876
319.0,7.4527143611560005,5.561839155032831,10.434182737026072
320.0,7.998677342164888,5.7005398799545155,10.752279669094273
321.0,8.399795155564798,5.815868869358788,11.373663573888788
322.0,8.48364419876416,5.884584478764061,11.911895996600562
323.0,8.277947296563683,5.971246106553688,12.196939621993357
324.0,7.992050448381391,6.008319571871266,12.32429192831647
325.0,7.710574144479039,6.084451762224424,12.489609628359073
326.0,7.4075718520428335,6.146802988474594,12.551816236743063
327.0,7.139317604085021,6.203201832254927,12.452568969142854
328.0,6.92548135173266,6.275251103336717,12.293878121411291
329.0,6.766250492179026,6.410329795033668,12.242629758914303
330.0,6.630645548515919,6.655432896330003,12.229674278327815
331.0,6.529368641432187,6.907987488421602,12.170655309010355
332.0,6.3646229220253865,7.072628772789274,12.113923338628314
333.0,6.068910195390274,7.182207684487375,12.23800472789884
334.0,5.827747580262754,7.2163684390872085,12.425573605553144
335.0,5.840748086690156,7.069067644001549,12.329056479606386
336.0,6.0809597573032415,6.780963439281458,11.89234564266624
337.0,6.322746710302564,6.510557944820249,11.396452277596977
338.0,6.437837550098151,6.39470386040853,11.046327794938655
339.0,6.511056226798578,6.447357779992449,10.8879209012439
340.0,6.600361697247943,6.555493359129855,10.891966360756328
341.0,6.734641118992066,6.569916370214736,11.063111440452849
342.0,6.951943050122141,6.496828099389266,11.290915814337641
343.0,7.178917922936081,6.372068781038489,11.457930913087033
344.0,7.324849517884642,6.30499047889548,11.575821665903847
345.0,7.327228893559409,6.20969658495464,11.546043271137485
346.0,7.1295847112403665,5.9931844051475345,11.572854551533021
347.0,6.836258452206083,5.7375228828750355,11.72704614800625
348.0,6.622293168024355,5.54366977910001,11.913692912170369
349.0,6.639907568019277,5.450884792368999,12.24864175765152
350.0,6.809866545098411,5.377165868306022,12.624885226637103
351.0,6.939958195150396,5.36647724472359,12.937985564624501
352.0,7.024149721876565,5.462670296652072,12.987940386917389
353.0,7.175546838734053,5.587418682564738,12.794093068753922
354.0,7.424209974918124,5.77294081227636,12.553346938157873
355.0,7.817033659965134,5.942263208398609,12.424002777450612
356.0,8.347696625137326,5.900918241665524,12.329153250552359
357.0,8.936393860576835,5.68814772626244,12.09393573405965
358.0,9.640720464004916,5.46604246625761,11.830891430207563
359.0,10.385538313491619,5.314968154336962,11.801218826921843
360.0,10.948816099634225,5.184184310366552,12.008309287950562
361.0,11.316463503783329,5.05414915162938,12.145710953260878
362.0,11.618810356306515,4.926280527520308,12.131574189716083
363.0,11.700782388019604,4.845933193211842,12.126619443036159
364.0,11.687239135647786,4.7346779797295095,12.240233657336521
365.0,11.71877886220804,4.67296937170704,12.393627909403909
366.0,11.867114503963625,4.709983933970068,12.489360619438104
367.0,12.222282886096945,4.726517795372471,12.410555261899239
368.0,12.84578470921475,4.587954214918061,12.283620796928103
369.0,13.67567416776114,4.364148912875703,12.391084931065343
370.0,14.647080949650244,4.117441605904001,12.780147241464912
371.0,15.487932936354053,3.9536352599275,13.024105653979056
372.0,15.931228458072495,3.9037677392725207,12.861577743211555
373.0,15.923696789130485,3.9847955958942776,12.501568935803409
374.0,15.89988047569578,4.101165287795561,12.133756621991807
375.0,16.07974832492282,4.247725492981188,12.000898638468943
376.0,16.346163142609317,4.420455117347864,12.148333540080321
377.0,16.630303641805217,4.697385779472809,12.326936813628013
378.0,17.0390372253314,4.921521112404027,12.232844320685787
379.0,17.79235714911353,5.008746277122123,11.7891967942584
380.0,18.409705998240092,5.092746252621505,11.281602802342672
381.0,18.497774873143683,5.226336287204148,11.224687455582663
382.0,18.187248492973076,5.407941273573726,11.589484468535575
383.0,17.859159336817225,5.575196068159797,11.89181981692324
384.0,17.64995994150509,5.7464657197336875,12.02128029071524
385.0,17.539771681167124,5.8916141665925625,11.822534456844387
386.0,17.492327725984325,5.920310847263833,11.208177158840096
387.0,17.540959097499556,5.792947573291404,10.562156347795236
388.0,17.601102250912895,5.568012493938049,10.156384193918063
389.0,17.580620307200505,5.397843144677775,9.943825669109904
390.0,17.399663017151514,5.3226928760544405,9.765440813368482
391.0,17.030793116295424,5.377100986472137,9.600194536502526
392.0,16.5931984941555,5.482106101888449,9.5515612372224
393.0,16.282494597149586,5.561964808906512,9.538762264718368
394.0,16.250350031663842,5.471777902811249,9.565375530562457
395.0,16.360241527202607,5.2373272689509776,9.67485192371776
396.0,16.51740910449841,5.11045070965636,9.831910537950062
397.0,16.6490044474631,5.174285430189025,9.856767923401001
398.0,16.816855898896,5.382166192939152,9.638416976399999
399.0,16.959698492618703,5.552171367981161,9.283453176563441
400.0,17.08701999395021,5.67906785565866,8.972046319559006
401.0,17.1081185085509,5.8797299180623925,8.7463184467513
402.0,17.206024126289666,6.047525794364934,8.579136427085363
403.0,17.263691521310417,6.052347075855385,8.504996533742597
404.0,17.30546130587789,5.996302218680434,8.597778367149923
405.0,17.302735625735604,6.069434492150175,8.778398881340966
406.0,17.154788138025886,6.240101622221809,8.866139575560322
407.0,16.993258849618563,6.414254935127443,8.75039726009756
408.0,16.85845307700971,6.567072773163003,8.411203311039651
409.0,16.860679454135088,6.697047897847562,7.981664181826565
410.0,16.931822060960027,6.847545314070992,7.72896657438361
411.0,17.119832317773845,6.913274441617209,7.719996955388063
412.0,17.467714283393875,6.82697655235469,7.736976175918203
413.0,17.811668033516092,6.617492056886823,7.67142366102225
414.0,17.85581164870133,6.549695557711292,7.529491602145448
415.0,17.772904632423447,6.658169171939266,7.3750428928371194
416.0,17.764297785667097,6.6979948830693425,7.253635422654761
417.0,17.76358128175751,6.540908806152002,7.232166194585064
418.0,17.569313387689185,6.388803819333221,7.28570601250209
419.0,17.235221932494944,6.36142120972164,7.360967120130652
420.0,16.91311759339608,6.454076991705002,7.393491160124301
421.0,16.583214850020408,6.611179076422544,7.3636932343342565
422.0,16.1326631381478,6.725952144218167,7.251207708140356
423.0,15.655842548722537,6.707413253177457,7.043779961545202
424.0,15.24664679153243,6.544537151378489,6.818761408116672
425.0,14.901045296247586,6.388766562440903,6.548361802322424
426.0,14.378347639879893,6.406294893870723,6.193384596169345
427.0,13.746268469975604,6.488168439431956,5.7927918027289245
428.0,13.267019845903206,6.471877589891791,5.5271203609941235
429.0,12.969915215715925,6.325688875104527,5.451572760607707
430.0,12.76615978328074,6.073607451961001,5.47142862155442
431.0,12.540352620170157,5.768131139569693,5.461505433784959
432.0,12.280369258988202,5.4575875713499205,5.358720017796264
433.0,12.112988979954244,5.176508602209757,5.159889837398029
434.0,11.984802084555145,5.026258106173968,4.9162413754576155
435.0,11.932798734440185,4.909181052529153,4.70630226076985
436.0,11.957485425142483,4.762531319420451,4.576986106288857
437.0,11.994066830468716,4.6260132512929335,4.5489644487490235
438.0,11.893304007915663,4.607365486288051,4.508446205424039
439.0,11.76300815666013,4.716439077954416,4.43644922319552
440.0,11.67014012693934,4.836374991008961,4.315187379894469
441.0,11.72848837680032,4.909662262919093,4.136664356127139
442.0,11.986609476011616,4.884314328151281,3.90490560375556
443.0,12.438044561825441,4.727181862241388,3.7137929204689364
444.0,12.863736430274423,4.4979227308126495,3.588662816290157
445.0,13.021140323574155,4.324565634481001,3.44268360691794
446.0,12.998723987315463,4.197188817149473,3.2541210526830624
447.0,12.766309920187133,4.0608859871992795,3.0177769111380006
448.0,12.56195353845423,3.9722683127472,2.8054073547211007
449.0,12.453714873859338,3.9772077607184397,2.577149553603084
450.0,12.484550421113788,3.9382235008378084,2.345713679495844
451.0,12.47031579383556,3.8644590057846537,2.1006611932223236
452.0,12.334397567703213,3.8433636143650216,1.8765776254438762
453.0,12.187475835297906,3.8465563992454403,1.7093414083502652
454.0,12.170440967505122,3.7862380439456405,1.6067411582202435
455.0,12.213457892265641,3.7106237536482434,1.5269104746831959
456.0,12.188953365029784,3.7719532646559246,1.4117383485027217
457.0,12.102084506329403,3.977369060836378,1.2430203167254037
458.0,11.95054755150096,4.192374842038682,1.0409758900707078
459.0,11.838882296547938,4.350912812374272,0.8682296410103277
460.0,11.789036105134898,4.4214735370092,0.7527472682698079
461.0,11.807107717513725,4.382368149533423,0.7126910643945027
462.0,11.685543473210258,4.2555197317170315,0.7193430880297214
463.0,11.34535401344798,4.086871614001562,0.7347171969197318
464.0,10.976631079904006,3.9772103134149135,0.7650827535442083
465.0,11.007803011108864,3.9669658465484363,0.8444162637015623
466.0,11.437029410852706,4.08093531755625,0.9673740055859926
467.0,11.830096206596679,4.199139041252408,1.1078469773576096
468.0,11.966175611393284,4.226007166892212,1.1893835816970495
469.0,11.75711292517421,4.191219951449487,1.1440887199698886
470.0,11.37264207073773,4.226345381611598,1.0046539021380625
471.0,11.091547641222144,4.3906957119616905,0.8386145277658202
472.0,11.076572637741155,4.646923582348657,0.723870458265293
473.0,11.132539610501517,4.897277293709318,0.6594243742092604
474.0,11.02113292521609,4.973683474456435,0.6437076101794882
475.0,10.597624667548478,4.878883097639972,0.6492170765184065
476.0,10.131548331206856,4.760688351846029,0.6591489070736194
477.0,9.87098905264152,4.743514073961779,0.7190313282361226
478.0,9.807356613099598,4.731874620012562,0.8652578079985225
479.0,9.800730367523709,4.628195899558608,1.096531771976057
480.0,9.722534202174627,4.45608596435915,1.3663356260929604
481.0,9.60545215618363,4.272460723486786,1.6190922543525135
482.0,9.398133894533757,4.115920088406302,1.793309732768522
483.0,9.148091072443696,3.97428538097856,1.8902844003412997
484.0,8.925080546910527,3.863105222937857,1.9442113926470361
485.0,8.814180467179106,3.7912783583474803,2.0176651059722515
486.0,8.870387222779417,3.812884043643778,2.1305174306852246
487.0,8.962157243691617,3.848641858471625,2.25450267042002
488.0,9.031153653165084,3.8397850584153024,2.3678877438330628
489.0,9.11229527573978,3.811435892687809,2.427624847367364
490.0,9.23143351112385,3.754096863669656,2.462329512898946
491.0,9.328622531093183,3.6506144897350965,2.4764136953794997
492.0,9.329990104260567,3.435803117104803,2.516159780410193
493.0,9.172952273393001,3.133623157526232,2.5405888084924513
494.0,8.83721491594662,2.8565781886137604,2.5130080827139403
495.0,8.53023433257912,2.642531273911874,2.455629938002301
496.0,8.343781993245088,2.4568081523631395,2.4337677652912126
497.0,8.217583954031781,2.317182133112249,2.424202881879336
498.0,7.967279238599829,2.2339759022378276,2.4061379241166865
499.0,7.537610737293905,2.2257152437409338,2.4438750300498358
500.0,7.1488662832102285,2.2654898581486256,2.5386459973064097
501.0,7.0065235551004985,2.2648491592128965,2.6406451175383157
502.0,7.067676483504036,2.2094403138827037,2.737057128284837
503.0,7.24442907520624,2.1442617924546368,2.8649149696796408
504.0,7.5330759015605055,2.1120413313592326,2.9862315929722896
505.0,7.846011519929957,2.1596020967487406,3.047162616121512
506.0,8.039985789942394,2.255954103835892,3.057084920839623
507.0,7.988720563998951,2.3341503508381694,3.0526732455380103
508.0,7.714721063345365,2.3389606984165314,3.0124865460086245
509.0,7.405240041024981,2.269050494780768,2.9032205491452814
510.0,7.1668656950080605,2.136011743171808,2.7824978256171264
511.0,7.103781232040643,1.9666022665946405,2.772159266189667
512.0,7.201378236933019,1.8225473313073013,2.926994993789838
513.0,7.481765157770407,1.6920808481280067,3.2060528294611603
514.0,7.889863144455604,1.6063266632529245,3.5402527177181646
515.0,8.29292970996277,1.6058018465336172,3.8639770403960196
516.0,8.461207438511318,1.654951466993689,4.138353258326604
517.0,8.394762594118584,1.7285478150114,4.2826157697053135
518.0,8.35518408805426,1.845891481596092,4.338176851523903
519.0,8.354847575529098,1.9759105104263055,4.391872776288202
520.0,8.358360912888996,2.1018176273755023,4.532669656385293
521.0,8.410303922745765,2.146507959425765,4.7586241489858665
522.0,8.706836450078008,2.09476560517686,4.9515419649566015
523.0,9.137773507455,2.047824794476844,5.135876598132564
524.0,9.432336576551467,2.0298485917290026,5.374791605849702
525.0,9.680182214112769,1.972940292350045,5.609900869935785
526.0,9.891558147584261,1.8127801692225627,5.703524650476302
527.0,9.783411966862946,1.741787494637921,5.684124254842022
528.0,9.397424212827426,1.817323865450402,5.642881855701007
529.0,9.048319260680309,1.9419495231114803,5.504665091753153
530.0,8.825673851524746,1.997281950395108,5.288586238470169
531.0,8.723539652311937,2.02024264498576,5.097061682642636
532.0,8.77300930226463,2.029740313879203,5.030566452551304
533.0,9.05352608872268,1.9958420494227078,5.038985259429295
534.0,9.523398345360148,1.8708640921257151,5.082146584252421
535.0,9.923391092005271,1.7066971855265642,5.142241103154019
536.0,10.088910403772427,1.577889156722736,5.144504558589001
537.0,10.004361761313215,1.456585113470862,4.998887360939489
538.0,9.771949773739237,1.3653841172521108,4.636824447177116
539.0,9.41499522244042,1.3029693762563859,4.216103926545623
540.0,9.073540175952695,1.3127352714115597,3.9166776919760395
541.0,8.889965931109062,1.3305837282566761,3.7434864856199055
542.0,8.806359353058143,1.3146109323242254,3.5938460339187563
543.0,8.635078394569154,1.283270866415011,3.4914066405069724
544.0,8.578094841928714,1.2609634078561125,3.4155465733776675
545.0,8.749033034307077,1.260516298256209,3.341533583950164
546.0,9.065662611154249,1.2693677805085728,3.3254036059899663
547.0,9.240452010052993,1.2636330269113485,3.375447914761424
548.0,9.36448944072081,1.22967948077554,3.468228444863081
549.0,9.459513921777997,1.1776807223958004,3.5543745282579122
550.0,9.292507225009961,1.1102966083995771,3.593676480558281
551.0,8.832009751527666,1.0538542390704406,3.537233802992391
552.0,8.476175137185125,0.9872925086408832,3.4488251641776384
553.0,8.428463634833093,0.9230376033923716,3.38453840323225
554.0,8.422864501842804,0.8479642436580676,3.38416259739961
555.0,8.271104277751615,0.8010788978066121,3.3869408671363486
556.0,8.060461100407817,0.7786619855814279,3.432418624808713
557.0,7.9083110763668065,0.783950921224601,3.565491272525722
558.0,7.821611043627346,0.8114707089825562,3.7304286821653325
559.0,7.733607205226232,0.8544901795295046,3.8918962412421023
560.0,7.707091940655095,0.9210887941103643,4.088371779770063
561.0,7.792861110801125,0.9560766477005582,4.248551623602251
562.0,8.035502602988362,0.9699902296038722,4.326323705936356
563.0,8.348539899456004,0.979058559202254,4.3915018907519245
564.0,8.668950717701076,0.9955786379443972,4.462142462538992
565.0,8.925507284701567,0.99733473827559,4.600459595371239
566.0,8.967878132772064,0.9753519823208103,4.816089116698641
567.0,8.694414866763658,0.9611155528322999,5.082842168804403
568.0,8.361143464890354,0.9857752489026227,5.23224084824464
569.0,8.327091810607204,1.0667834398173681,5.19729576344631
570.0,8.560276557572704,1.2059639951897667,5.04937513281736
571.0,8.910056169199757,1.3481017737606222,4.949935096037401
572.0,9.259691068973407,1.438760570813572,4.9747287681
573.0,9.629077931069311,1.4837367191447823,4.989125134534201
574.0,9.900667717516024,1.50681222451984,4.947436376601555
575.0,10.060498317128904,1.4557153889486956,4.949526222474426
576.0,10.245029417403066,1.340738940563952,5.006667056396559
577.0,10.500390732650812,1.2538334111938212,5.18817057333136
578.0,10.751326924524994,1.2059201129587234,5.424453080812982
579.0,11.065551221548827,1.1865080654156397,5.65169084445882
580.0,11.543132773246708,1.1452663116957458,5.778822087272525
581.0,11.96815948482773,1.056155389267524,5.918548390908756
582.0,12.169452662682543,0.9861879454544019,6.126865186265282
583.0,12.12249852575738,0.9457308679203025,6.327499116467286
584.0,11.926318629225065,0.9478184115793152,6.498371083646478
585.0,11.607667942927728,0.9273131275815802,6.572078953379956
586.0,11.326651434872632,0.8711618602946702,6.585495404608439
587.0,11.22368030303234,0.7853728610200226,6.53039185989866
588.0,11.398555199779127,0.7323286691049617,6.403271487414077
589.0,11.592281433156483,0.7638750036403249,6.22901259848502
590.0,11.69636894642061,0.8513335475636646,6.056238234400502
591.0,11.764529357119237,0.9233605007539197,5.928141717984001
592.0,11.660993993286453,0.9496549860759045,5.946829559533328
593.0,11.324779346837902,0.9495355353244999,6.189483752166636
594.0,10.750845321912355,0.9549384459786308,6.53042998746436
595.0,10.214213182846798,0.9813460137668101,6.782978013108009
596.0,9.964020970764064,1.0268905043387235,6.745758053134478
597.0,10.0136283636967,1.09273182693866,6.461386925221188
598.0,10.215115872068063,1.1509290847137772,6.148525758808411
599.0,10.520167440490177,1.1979816263808407,5.958163918318504
600.0,10.724169049912842,1.2386015214210573,6.035198254562401
601.0,10.69877869816954,1.2723666965388292,6.368379804512011
602.0,10.63043456338148,1.2325425301284623,6.86003488337225
603.0,10.722413120492154,1.1463471826300815,7.414697522153408
604.0,10.81056062259889,1.1074674417765844,7.936579329129991
605.0,10.726560098380421,1.154644249173188,8.411408820995552
606.0,10.466661389283995,1.2318020718123246,8.791643188573069
607.0,10.084592997400035,1.2669804477171076,9.173772157611074
608.0,9.569693496502092,1.2825914483414915,9.562587827217298
609.0,8.98777687295489,1.3313394533411853,9.984151255750977
610.0,8.545833382146549,1.4016556980354682,10.35473869416888
611.0,8.218125183227109,1.413422766970176,10.694767774755936
612.0,7.913833402245252,1.3852245314495848,11.06025408395776
613.0,7.655147433695559,1.3769439259308514,11.3755774054446
614.0,7.413574438488238,1.4456571853185223,11.543580774398702
615.0,7.181072442950339,1.5527061703432157,11.639429209556994
616.0,6.956467598385255,1.6467335396413452,11.75644176878224
617.0,6.713945400657804,1.6928945443460957,11.793597973139487
618.0,6.413441578912573,1.6931878538992704,11.818998473401622
619.0,5.9980229701218235,1.6868310469363605,11.855925111643561
620.0,5.420514820924006,1.6704539631157842,11.91085508872185
621.0,4.840781251524004,1.6199381527257675,12.033643519213978
622.0,4.62872914213842,1.5333197005780366,12.18383277114687
623.0,4.716832170436686,1.4365134969238882,12.147326964138433
624.0,4.7914365217823995,1.3379833681055362,11.937315705469887
625.0,4.567876631513541,1.28372276362201,11.883074565277944
626.0,4.225998861765436,1.2282086645579775,11.987622735604624
627.0,3.9682958721872392,1.1737176629738997,12.15204840320817
628.0,3.8411051159390652,1.1515148940230249,12.419693978920305
629.0,3.819196286682486,1.1499287103703444,12.834247353767568
630.0,3.803740769200332,1.1516601945346623,13.35392866174362
631.0,3.7955611684000004,1.1381725284558561,13.977287355503101
632.0,3.779469597761643,1.1025891888037012,14.534309353586545
633.0,3.8041116897425034,1.0458438863047077,14.949443490059041
634.0,3.854847241484716,0.9371192729816237,15.333889994005256
635.0,4.005412429662024,0.7527882200230159,15.928510195031214
636.0,4.217913707535996,0.5707996362946086,16.706194510223014
637.0,4.5035827168230345,0.43112630459236784,17.28055787868012
638.0,4.850958455867718,0.37156572212284816,17.557789783858688
639.0,5.060358136595041,0.38789489945016814,17.72341714457721
640.0,5.096623930350529,0.4389391238655359,18.23941925004215
641.0,4.999794697527084,0.48381506520578577,19.189880734987874
642.0,4.806538526990528,0.49747614722961236,20.05878522006039
643.0,4.514287241592744,0.47008873001422896,20.31536945014506
644.0,4.202565067251857,0.39882707167010467,20.085084541009962
645.0,3.888074427891205,0.31748149194860165,19.91454921218976
646.0,3.684660800381819,0.24605897531662246,20.054270045288337
647.0,3.6524719238563406,0.19114819453680057,20.290381331457773
648.0,3.823568862974938,0.16380885795162475,20.196935529056006
649.0,4.161240070182767,0.15839584110506236,19.762635267304475
650.0,4.492064487490809,0.17108773357390078,19.421496253680324
651.0,4.828565485508084,0.18766335765766406,19.277925882418977
652.0,5.154924675644644,0.17956090981383843,19.41829092302862
653.0,5.438938454984111,0.13135425089519281,19.97923996588078
654.0,5.587493992598564,0.08403708177224999,20.79956965079643
655.0,5.614258092528202,0.05783754681158435,21.521321272803
656.0,5.642108522531291,0.05293970084596411,21.892727788860242
657.0,5.694861145780272,0.05953326235147205,22.16281496605201
658.0,5.734090721594818,0.06571845000721005,22.507625875394474
659.0,5.692454009140413,0.058946707319724886,22.79071947907428
660.0,5.616863644258827,0.047804477213522545,22.75316731158512
661.0,5.533603591643235,0.03698804016756249,22.459891999212925
662.0,5.462148638118476,0.026789161908602487,22.054837417986
663.0,5.470961137313619,0.01856289894323289,21.809097915049016
664.0,5.5686815730652635,0.010130607696846417,21.933323524164916
665.0,5.695007909761267,0.0029710621055025013,22.122964741091135
666.0,5.858758624232052,3.2749638652900104e-05,22.145930672602613
667.0,6.032827069705957,0.00018875077859560038,22.174556588394505
668.0,6.080305210439699,0.0008013558857328963,22.525402941211034
669.0,6.024441094902214,0.005299205203009607,23.12964985482389
670.0,6.013426038504866,0.020829266879310384,23.610329876553514
671.0,6.100066699856312,0.041694719991122536,23.73328015027411
672.0,6.118764489466322,0.050644734422822524,23.752418120320467
673.0,6.017442233500048,0.05678118047552037,23.621827293305135
674.0,5.902839345409922,0.07387708281549214,23.282964315262603
675.0,5.898558917286006,0.10712002708064156,23.038187747637892
676.0,5.849671478140545,0.14228062457708168,23.171599766971667
677.0,5.756389525955286,0.1797324917527161,23.72271406487767
678.0,5.731484835060884,0.22504083410639605,24.21718967967103
679.0,5.829612793861993,0.2639259517628176,24.341509954626094
680.0,6.005276121910915,0.2718423077973002,24.242931193211657
681.0,6.172902687678632,0.24461652807907294,24.209029811422564
682.0,6.403206252098947,0.22484246170131356,24.15163903225352
683.0,6.625442126203295,0.22288658684699555,24.081535089457162
684.0,6.856070666258999,0.21230669827160004,24.002412459540487
685.0,7.043589086291686,0.1756222882879968,23.872247470667563
686.0,7.27814987560553,0.14874039243993756,23.86448329488686
687.0,7.6776060649784394,0.14745974018371694,24.1804612341033
688.0,8.187763102844096,0.16830685939979612,24.68378310558618
689.0,8.733583122800777,0.19702163331201616,24.913170724442626
690.0,9.34363130561316,0.2001055156254024,24.85125102329047
691.0,9.912240205510681,0.18028347858792032,24.625346668397697
692.0,10.297539355227089,0.16744907575737633,24.512884715086326
693.0,10.598313456126007,0.15830663232707562,24.43637485544979
694.0,10.813834805541788,0.14964337519427567,24.293077621808692
695.0,10.927389754543272,0.16137980201310242,24.102793564032158
696.0,10.803983701295131,0.19526937925970245,24.03641473308473
697.0,10.43991551158336,0.23859823207243233,24.2042259008189
698.0,10.054199036394493,0.30272566307011217,24.38802636904684
699.0,9.879690649734151,0.3779887416062521,24.347912458400952
700.0,9.713132106127636,0.4737826052369423,24.120930063550325
701.0,9.308276010316625,0.5829030083167225,23.860022696839724
702.0,8.893043094017125,0.6571083187079524,23.659577084989873
703.0,8.636338314617861,0.6941702159666885,23.559823224485214
704.0,8.499167083955614,0.727654329125965,23.59400377792477
705.0,8.439296387281823,0.8055171277367236,23.881698954465868
706.0,8.482531537208388,0.9260613990983055,24.237607082826383
707.0,8.541567729927518,1.0770474167001027,24.536274491759954
708.0,8.44469825616169,1.193537043927264,24.888347641647954
709.0,8.189052455269197,1.245444460586729,25.383946940102565
710.0,7.926116567669119,1.290368566666088,26.0444362885575
711.0,7.763235147143394,1.3383996781100627,26.920675556560717
712.0,7.877406143847757,1.385239384669325,27.948779347993458
713.0,8.166874521295357,1.4138101764062498,28.921208347030525
714.0,8.484110232300164,1.3980148262356331,29.280901675936324
715.0,8.703378768183118,1.3321759087005625,29.218467430271676
716.0,8.671287360342696,1.233843227362202,29.18448571401956
717.0,8.481353364032739,1.1518979104821052,29.533812314074122
718.0,8.130163803900523,1.093633909876421,30.22523867920722
719.0,7.675085685630245,1.01633716619754,30.91684156497225
720.0,7.174613334786792,0.952103030563829,31.31294798226702
721.0,6.8589436771014185,0.9539427532620048,31.48535300032634
722.0,6.826859706275996,1.0243558427937154,31.687816758429427
723.0,6.851970744661221,1.1273042712271397,32.04808785594137
724.0,6.789197062300908,1.2060075048367132,32.28055469728441
725.0,6.658490428497909,1.215894206601365,32.10519802779601
726.0,6.533947861940618,1.2190699773896005,31.765759941933137
727.0,6.376990441599938,1.2359970454563218,31.63385567460307
728.0,6.220011658583815,1.2817549276027456,31.95417881735151
729.0,6.033532505625002,1.31207013520969,32.45103030443314
730.0,5.8305280546538505,1.2814105971550467,32.7463396965919
731.0,5.633510557253063,1.1972514278430226,32.88622518851262
732.0,5.461826259989402,1.1102621946240399,33.01407882161792
733.0,5.356918073012853,1.0533619927230626,33.14592548989003
734.0,5.219523316374313,1.0592296272129922,33.17807047846791
735.0,5.109833440505161,1.1280723627984004,33.12327251100298
736.0,5.085824474021104,1.194330608456836,33.08444529534952
737.0,5.126584386810519,1.2062902378250022,33.11193511506841
738.0,5.137925399282591,1.1985049751967503,33.164190462421935
739.0,5.106628517399201,1.1970019436717054,33.0911935477797
740.0,5.084863137388094,1.1854205484080398,33.06003686087736
741.0,5.105652110952375,1.1015010253951563,33.17844568858903
742.0,5.070120375504128,0.970919332478712,33.29755632199612
743.0,5.064573857345851,0.922071746753749,33.37675690991544
744.0,5.071777306402065,1.0104064335050624,33.69402408056294
745.0,5.0350607320148075,1.1244197414595598,34.20677876093282
746.0,4.895555570143257,1.1735042896530408,34.7686535208848
747.0,4.7300865723214915,1.1640035242110025,35.18985561261652
748.0,4.689318355675561,1.1169525523072577,35.417213736487135
749.0,4.737792380273705,0.9958179615281042,35.276382675117
750.0,4.830173149034937,0.8316167261492484,34.75544132060268
751.0,4.893573599692136,0.6814884546754597,33.86913831772325
752.0,4.904498780866088,0.5799661551049081,32.820420214717025
753.0,4.83136238917816,0.4834754510695201,31.99046608813225
754.0,4.633146559249227,0.3922642286262001,31.590257323134793
755.0,4.358973353258702,0.3267937721842642,31.57403049004611
756.0,4.136084598854289,0.28121020979720496,31.882114264268512
757.0,4.130559765818178,0.2612123543487844,32.38506168726175
758.0,4.299026664412921,0.24871615251024995,32.854392620550016
759.0,4.583131380909505,0.23845991878401648,33.06824898489002
760.0,4.900622738774403,0.2104977061040842,32.80403997995646
761.0,5.19382518375204,0.17283085087848998,32.10128884678801
762.0,5.323121589302594,0.13554551140480356,31.06922583938355
763.0,5.309322017535488,0.11308765503060633,29.894476218627855
764.0,5.237803749810018,0.09677296885893164,28.80483916885572
765.0,5.137296228172994,0.08202878062048895,28.172149129562946
766.0,5.076562261754924,0.07213225130727043,28.051549794883105
767.0,5.14708181726761,0.0675847076649481,28.126877517579736
768.0,5.336896563925212,0.06903063132897612,28.38704235810369
769.0,5.475750650236194,0.06664795385502252,28.963212396583682
770.0,5.676276611738688,0.08431782646510246,29.338598887906656
771.0,6.049218757494722,0.14063235009603997,29.290432193962413
772.0,6.6572782609680425,0.2387741998933728,29.05610016448552
773.0,7.299878162033971,0.3420570203180881,28.93461643608105
774.0,7.637145317336106,0.39470409372304,29.0708059867209
775.0,7.657858467483282,0.36695042350034884,29.196506562857472
776.0,7.5462956247017035,0.29403166802479697,29.283019867723986
777.0,7.491400442507597,0.21833885113880483,29.468081453660233
778.0,7.509338192196808,0.13531702145534433,29.37054755871361
779.0,7.600079779978605,0.07835530157282891,29.10933266056677
780.0,7.72824215240599,0.05615357709885161,29.163308889862577
781.0,7.953706841684889,0.06852081575433613,29.492824965847493
782.0,8.229052936410106,0.10196982234057957,29.586110355535865
783.0,8.528939479459739,0.13612551189264813,29.44527649304004
784.0,8.733247999120026,0.17567483560707234,29.17620959604046
785.0,8.813147924938626,0.22957308888537964,28.903242577336954
786.0,8.84855220087559,0.28378180858806257,28.68254733243228
787.0,8.89914639451256,0.3148865279792002,28.37414240817363
788.0,8.992371537170026,0.3277412392218721,27.97920421334681
789.0,9.054866666943298,0.33405992095388903,27.626081155009455
790.0,9.019253245875264,0.34300129012813435,27.382805673907388
791.0,8.857913524414581,0.3633110222932369,27.312974220702195
792.0,8.487962373020212,0.36519197810054554,27.46521225632621
793.0,7.923305478776684,0.34318140517659684,27.712646445254453
794.0,7.2951953473093205,0.32558827432776494,28.242071994361705
795.0,6.658920124485725,0.32921912768643996,29.11625266032484
796.0,6.119377862078014,0.360498304316312,30.255608939977616
797.0,5.659042792468032,0.4180799859401026,31.15459557791944
798.0,5.207408348882117,0.46770040293906257,31.30575186461466
799.0,4.6888044572352685,0.5312150777557009,30.9312997904086
800.0,4.2259053679804905,0.6167115919194168,30.415141613257155
801.0,3.933081843360009,0.6739938097459875,30.047468459822692
802.0,3.730852334437271,0.6753271018610943,29.951369745617487
803.0,3.59465328712127,0.6385007350750082,30.378968950475514
804.0,3.519382003202558,0.5999698077767524,31.207734685287956
805.0,3.443421817525567,0.5242419439938916,32.052592667160845
806.0,3.3714212633404435,0.4373822484884161,32.57487660444501
807.0,3.4104689048353367,0.422540131952957,32.53654724170346
808.0,3.5044628865239438,0.47506246088006254,31.89811496460422
809.0,3.501063933613521,0.5440837807341226,31.0185034075401
810.0,3.3260376911272727,0.6062156397742201,30.19329761650555
811.0,3.078877617676683,0.6442813442711045,29.7088300762241
812.0,2.9614887561934737,0.6337821360889225,29.73668241885201
813.0,3.006641487730317,0.6064101025586244,30.16142078038927
814.0,3.1897474924244147,0.5906058371581455,30.706019986555663
815.0,3.3236891251755147,0.6064414387922501,30.82431624953941
816.0,3.311467570428193,0.6309595452093444,30.438109824793866
817.0,3.153962848081201,0.6472385766397322,29.76064548451778
818.0,2.980285047567046,0.6628269356385856,29.117990397281794
819.0,2.956586744329296,0.6909320913405624,28.906161590727304
820.0,2.9445052684889688,0.7343638680871089,28.88071445756556
821.0,2.890922017527748,0.7857641549068921,28.813473409171262
822.0,2.7925800561921,0.8165833044270001,28.654883716618436
823.0,2.7273976186535736,0.8122685781891137,28.606050151183005
824.0,2.6441591266994453,0.7935635328045489,28.39948842601836
825.0,2.4907950659955835,0.7445074131534649,27.837493327265022
826.0,2.2088601136054358,0.6592169118846277,27.06781695838296
827.0,1.936638760612255,0.5845528040338809,26.889917601713172
828.0,1.7641942422204684,0.5722442132580624,27.551902213908548
829.0,1.6205910211534096,0.5697989150220676,28.212351790744805
830.0,1.445845985240889,0.5701293910789569,28.189266868840768
831.0,1.2923500267117483,0.6031981926247226,28.027253081915205
832.0,0.036560931395356835,0.0010219971403161014,10.269301251082501
833.0,0.03589383359662246,0.0023831922422025108,10.345340247739289
834.0,0.037715896637755986,0.0016684749581809032,10.434351160258636
835.0,0.05358868032944422,0.0001724315649424015,10.52152987625701
836.0,0.07170113706766236,0.0008409321413688954,10.424847613960628
837.0,0.08380583228821667,0.006576235214120109,10.202028738019791
838.0,0.0948760062198598,0.015093036517838386,10.035717823342411
839.0,0.11013654199542776,0.014298206931512096,10.060416230365448
840.0,0.15157661083312815,0.004196033818239996,10.165359425986566
841.0,0.21055494074227507,1.0338732852100258e-05,10.160940900148685
842.0,0.2564589577717726,0.0013945003958601048,10.193471023543264
843.0,0.2608522627395203,0.004295812752002489,10.197185646460563
844.0,0.23907621947672425,0.014050024675840024,10.000886025515062
845.0,0.20096883738843008,0.03328040206688891,9.803603665777077
846.0,0.14976590401599993,0.04726195997138565,9.818163912685502
847.0,0.1027352243056897,0.05321735474187692,9.98913344532572
848.0,0.07112429750013215,0.0638667564928129,10.042601182960196
849.0,0.05794185773432255,0.07562468100033645,10.096145606970563
850.0,0.0540063763089984,0.08120323885771236,10.209032536159828
851.0,0.058281443640249786,0.09207283563720359,10.165554934468629
852.0,0.06516340086571287,0.11909486584953759,9.854847617606785
853.0,0.06394687322229586,0.1351557579223296,9.499936374203022
854.0,0.05424875903977674,0.15041600273840042,8.985096594877104
855.0,0.035729392092840054,0.17441216078331237,8.35892965641145
856.0,0.018920379388876824,0.19259539623188648,7.83193264439454
857.0,0.01026651244644006,0.196123093020937,7.488951646706011
858.0,0.007452713506809912,0.2061495882882602,7.301193579556969
859.0,0.007435274882241592,0.22306575975062443,7.183038068570522
860.0,0.013226202927352788,0.2401350362780626,7.1444557799157895
861.0,0.02755264690200986,0.27265049122430246,7.204312877723711
862.0,0.04822184105187836,0.3328543980796226,7.32993028936336
863.0,0.0595560780124997,0.42370464445748,7.318807378930713
864.0,0.058718652845262405,0.5338600608169983,7.233836864780076
865.0,0.05820070365316846,0.6092493730407184,7.207496876474548
866.0,0.053432897542024634,0.6018398216528896,7.268849253656122
867.0,0.0344505226965903,0.5884045925776226,7.232448785701562
868.0,0.009036833276307549,0.6314350092523225,7.1755201586965
869.0,5.365123008999781e-07,0.7595472498432064,7.190469440435705
870.0,0.0027531806549776295,0.934669697795249,7.305348984769628
871.0,0.0043987283908681315,1.0638459470696466,7.439920411073063
872.0,0.008912428640035695,1.1046681599208026,7.524157678052435
873.0,0.02481100357770823,1.0924730374459224,7.494141895852443
874.0,0.05778446264831999,1.0428766245211563,7.451405782100744
875.0,0.09136748539730265,0.9997551949842081,7.374042353153439
876.0,0.11939172724596624,1.0434534242586626,7.194360347841029
877.0,0.1565073986952259,1.158478196439063,6.852330411321097
878.0,0.20911608301409437,1.2619547197950565,6.497562658585524
879.0,0.27473945992040244,1.2874219991744398,6.365886514119722
880.0,0.33563734994030925,1.2583017044706302,6.536582504744292
881.0,0.3920847487122248,1.2792044307686397,6.777861771360636
882.0,0.45150290668091625,1.3393632419263044,6.860524362000472
883.0,0.5234250033445694,1.35814014521329,6.806705415432323
884.0,0.6107651950555023,1.3635691109329442,6.728844560202723
885.0,0.6964614012873177,1.4319965197927254,6.599613848500249
886.0,0.7679259987543764,1.5295482374108835,6.407034087695521
887.0,0.8171149540036926,1.5487118281457002,6.263322742261398
888.0,0.8763240244352408,1.5453251323565447,6.111870146179304
889.0,0.9376373089642287,1.5992452557090358,6.019274259762065
890.0,0.9922290359161632,1.6676328352385883,6.027996286228796
891.0,1.001475623965252,1.7166050159487074,6.094280665030896
892.0,0.9672980572121354,1.7404835176792997,6.0446094699515625
893.0,0.907575441769652,1.7659861601529745,5.80273802410129
894.0,0.8191830387230359,1.8018681920211856,5.502912289743691
895.0,0.7203527297971215,1.8201871582433342,5.190704020091956
896.0,0.6299034337999934,1.8251477709880901,4.910728330506343
897.0,0.5990726408447087,1.8371101358881294,4.702245617173117
898.0,0.6196827379204902,1.8782906430953534,4.545298511346125
899.0,0.6546040385020814,1.9598268518241857,4.436989713162343
900.0,0.6873824512577961,2.036513401114452,4.358374922378737
901.0,0.7097858447966523,2.0477514409311555,4.292529728769252
902.0,0.7014771042892899,2.042034169385712,4.232353639946881
903.0,0.6609319764984736,2.112560709710105,4.229093003892256
904.0,0.6097438076176839,2.313097266769,4.234268350507763
905.0,0.5683670042834169,2.567510684760437,4.1410120196384295
906.0,0.517918028877649,2.771196225362461,3.9410929691947043
907.0,0.4468336512110686,2.8401978001130495,3.7606968456726246
908.0,0.3704829791839976,2.8470847561760357,3.6906595593479232
909.0,0.28473298335821295,2.8428105306875047,3.65948406329284
910.0,0.2108785723581291,2.8151899513537284,3.6368571710989768
911.0,0.15568645554371321,2.7293789658055685,3.657197952856832
912.0,0.12276006187854227,2.6482341411813684,3.7274935607018036
913.0,0.09154205135108909,2.653529088879923,3.753912333752465
914.0,0.062446291543353676,2.7200962827996733,3.6887181499208883
915.0,0.04314705002094246,2.8157505834336254,3.575356531472142
916.0,0.03262355550080634,2.8981503022286117,3.4560416938279683
917.0,0.026389417683240015,3.0495290435064066,3.2605228043595686
918.0,0.020657154452440957,3.2897580941871407,2.9898821533341047
919.0,0.01438886615296013,3.5543909304293777,2.8041721591303874
920.0,0.01210760219370249,3.724679056876418,2.789495119544549
921.0,0.017549405717188916,3.899339222976292,2.868977850980833
922.0,0.029721577256280975,4.0863748003778575,2.971352847001562
923.0,0.041070305495609936,4.237134229574402,3.1296406143857407
924.0,0.05204712499179201,4.31713399065796,3.346590169826064
925.0,0.07915298335396029,4.376081799944823,3.506910045124685
926.0,0.11808705442572125,4.458494370546383,3.5071499762942766
927.0,0.1498581393595229,4.575988563468481,3.37951972917594
928.0,0.1774826858145635,4.795812939095491,3.2383309669991425
929.0,0.20162738410318423,5.006454490616209,3.1775276047051677
930.0,0.1880637103213971,5.167563357685349,3.2266304605497598
931.0,0.15696207087967223,5.33892994030725,3.2754580968459286
932.0,0.12929883356736102,5.6238336774675215,3.252723238336793
933.0,0.09942197896250013,5.976182883333029,3.1955274530306683
934.0,0.06860941511732019,6.32617057473648,3.1324485246664517
935.0,0.04014710700480491,6.528531104208922,3.107980467639041
936.0,0.016910950373252038,6.514858933907508,3.1657989216540243
937.0,0.005416580230656469,6.436422632291725,3.2979354686387348
938.0,0.0014784001930009214,6.362974163840449,3.4824233367200486
939.0,0.000116445465180106,6.3668035320116045,3.7224745393619716
940.0,9.738906858809911e-05,6.423958757735821,3.8373771651140025
941.0,0.00022128764054759746,6.543724836454482,3.6926338780201986
942.0,3.4145206692098745e-05,6.726660173081524,3.5159723335784645
943.0,0.0002849289984255881,7.0348459414465605,3.518893021611413
944.0,0.0013955843005503694,7.38514594140625,3.672358420698022
945.0,0.002951427275161551,7.594211909950453,3.871690716045113
946.0,0.0029351755011075404,7.571176427181324,4.031032837455968
947.0,0.0021920805625155726,7.447615220378885,4.206569045480684
948.0,0.004347291037320041,7.2846541703970225,4.4485012363407614
949.0,0.0099902283882769,7.053186954954342,4.723735848474804
950.0,0.014790463617602521,6.7988603760107535,4.925145884132982
951.0,0.017173693626433555,6.531982885926337,5.102912028198761
952.0,0.017701206184974415,6.3827161606544385,5.347409879087693
953.0,0.012207043500540166,6.439774002734161,5.669679165059615
954.0,0.002285460486120114,6.663647592149555,6.060720636742548
955.0,0.0013194431467396367,6.941802278289201,6.385924540756916
956.0,0.008364221885454425,7.318645330594259,6.594240089587562
957.0,0.015146495655209943,7.760875978624614,6.775692452436961
958.0,0.02710962249999999,8.141211437779873,7.104007623743426
959.0,0.04852566185886801,8.207648686716336,7.627304764982003
960.0,0.07980524430316835,8.0724030635344,8.187144187932333
961.0,0.12039401700612823,7.9584429411551385,8.54327601427689
962.0,0.17301585000902808,7.929098964628737,8.72115546218006
963.0,0.25827028920899997,8.03062522800821,8.813637172606702
964.0,0.38932257495269673,8.302875584876366,8.930953538594009
965.0,0.5611655074382365,8.739774078332593,9.086711176232528
966.0,0.7213441736312285,9.141121285389413,9.281375506225
967.0,0.8091626944947844,9.3611215028331,9.560821871428937
968.0,0.8520736956234239,9.41200034729069,9.8303724041857
969.0,0.8866785448232104,9.443482712085501,10.02436125661221
970.0,0.9306075216936008,9.497086234161804,10.125533463899636
971.0,0.9821409960562738,9.521939401980722,10.24598103310336
972.0,1.0542585016222277,9.435666861619362,10.283460031058235
973.0,1.160425787120972,9.344413051475094,10.130351045795138
974.0,1.3360306022504111,9.292376999467203,10.084331137077289
975.0,1.5387150612862122,9.25809412419149,10.219375771207705
976.0,1.6512132294209776,9.245049019338527,10.355704916750172
977.0,1.6341148056249992,9.237695775633684,10.345016228397625
978.0,1.58864814013954,9.321528239614484,10.231075737243877
979.0,1.6196213762807723,9.475705806040631,10.019751842128704
980.0,1.6741792802406408,9.707640827884036,9.731927182661616
981.0,1.6682492624204184,9.981406046057868,9.387441050783334
982.0,1.6241895650140417,10.316144484450293,9.008386652866502
983.0,1.6192074627174893,10.540818427838277,8.601082273393631
984.0,1.6497031655074441,10.372636407048217,8.26202646675081
985.0,1.6362225991116894,9.924620378265903,8.088109676063244
986.0,1.6099953710961648,9.457131440995605,8.060868458922258
987.0,1.6169458838500967,9.083080793948701,8.099002238925161
988.0,1.6409544925264516,8.886804578335358,8.148496065886986
989.0,1.6474500566886954,8.939394912102768,8.208133721353766
990.0,1.6216070283252222,9.164981589668646,8.224335113799224
991.0,1.5524653380533102,9.46058765547465,8.259819957095061
992.0,1.4765920500130822,9.649396530310929,8.430107206076796
993.0,1.4128507384106417,9.678758660427714,8.667321296350362
994.0,1.408789175238064,9.51899772354129,8.889142132846274
995.0,1.440093529518662,9.374638406877796,9.032116601104
996.0,1.495382470793223,9.45302071584378,9.21245743332118
997.0,1.5302412911338088,9.751780660124174,9.42346925010298
998.0,1.4919380016067392,10.103324154899475,9.575964908431358
999.0,1.4334799012576434,10.46920352225282,9.759980253432824
1000.0,1.4368479348062464,10.905152200979101,10.049098696582195
1001.0,1.4870936179816705,11.34014158261053,10.369198510973519
1002.0,1.5799774523699723,11.650011173655011,10.634725010996611
1003.0,1.6653483348237372,11.818092472652467,10.895697072907087
1004.0,1.6910863765317732,11.985283086780097,11.216463241035278
1005.0,1.695629832818792,12.125176617509105,11.491656660075853
1006.0,1.687557870885745,12.232697563998022,11.53828780863858
1007.0,1.6674042708304078,12.302818121343527,11.436774284173199
1008.0,1.7105186531092809,12.466131373547627,11.432013568856167
1009.0,1.782181959859855,12.90230092371529,11.505999403404314
1010.0,1.8072428837182757,13.591732631524826,11.523975393825497
1011.0,1.8196328375450281,14.417627660259317,11.395527309851916
1012.0,1.7687568948944405,15.11798150553322,11.206977652130703
1013.0,1.631453573648669,15.679747962685823,11.13347079324736
1014.0,1.4841922700404901,16.026492797622655,11.3039735448703
1015.0,1.3788726913668095,16.096941595480363,11.533997838276
1016.0,1.256996113044224,15.971257799639472,11.55098631774564
1017.0,1.1415449513413447,15.888494712244,11.345692259300357
1018.0,1.069900175168844,16.023855845585956,11.076042935954103
1019.0,1.0547174770914731,16.118864666399748,10.920571043141413
1020.0,1.0691465079010685,16.08380465135161,10.873783439616519
1021.0,1.0940764615572112,16.14226331392147,10.90808225992996
1022.0,1.1000751627643028,16.385942920389162,10.928070202243713
1023.0,1.028020443534366,16.722693129773884,10.894484897665892
1024.0,0.8886853639412097,16.976096081565988,10.761386581643459
1025.0,0.733584712819361,17.054825894456233,10.60570350340481
1026.0,0.6093944692493284,17.114327998640892,10.550312312762824
1027.0,0.4935275359795225,17.331050912230097,10.566001515143824
1028.0,0.38949835104988073,17.70997691734308,10.566020628319729
1029.0,0.3113377075950736,18.115722288046783,10.39394155204205
1030.0,0.2483457257152807,18.49669966277869,10.099230504490823
1031.0,0.19230669276673665,18.760677543801645,9.68663792901169
1032.0,0.13844782023649288,18.78410425500056,9.141309222685235
1033.0,0.09217381615398794,18.509612337944013,8.498941263753697
1034.0,0.0571793882732945,18.1432841950233,7.969239736989957
1035.0,0.03156440451078755,17.91002857546419,7.677378635348891
1036.0,0.012634450145424912,17.699575219789416,7.652808564968419
1037.0,0.0030457020988944087,17.252871208818306,7.73513852021689
1038.0,0.00020097400284090845,16.689933056359102,7.720980571557562
1039.0,7.348467018239752e-05,16.152921896509252,7.588924197016044
1040.0,0.00017664509882410286,15.69533493976647,7.406970371761999
1041.0,0.0004125643444223932,15.205663275169362,7.197621343946891
1042.0,0.001255953907513615,14.621460817491535,6.904481248832961
1043.0,0.002382301885968859,14.195885731596983,6.575181539848423
1044.0,0.0033334895755043653,13.924650786521026,6.170808702376561
1045.0,0.0044544171436163476,13.610347454913795,5.799653420349242
1046.0,0.005655924386574325,13.26600589617818,5.698330865910937
1047.0,0.0071566676364680885,12.940285335161855,5.931620161737733
1048.0,0.006901176495822327,12.67882953855805,6.249639805189761
1049.0,0.0033150602614336255,12.604201856451294,6.477218981352372
1050.0,0.00021450531599999815,12.71671780893353,6.605826723104485
1051.0,0.0005061555044100132,12.903331913635055,6.775850248187396
1052.0,0.0003987358004568983,12.986210871118876,7.064138715102561
1053.0,0.0005569335683135961,12.903671874187697,7.276045254551702
1054.0,0.004354073013159967,12.735226493668906,7.51117963379186
1055.0,0.007399285564809946,12.636249197685052,7.830024087452721
1056.0,0.007048898747598384,12.611714643765758,8.143209370507428
1057.0,0.006350862679289937,12.609883945267226,8.318377002054508
1058.0,0.006243368644700119,12.550694027315059,8.423253461478273
1059.0,0.004471122135602503,12.620635588800491,8.453576253611834
1060.0,0.002101615489824399,12.72758239033759,8.585290339036892
1061.0,0.0005476985367616143,12.83348594225796,8.867319461551983
1062.0,0.000304164412896085,12.923041642406034,9.0554050084
1063.0,0.0027324017108643775,12.982618436102408,9.054086717100901
1064.0,0.013199686824212034,13.13417909067664,8.98283469247506
1065.0,0.038661355232507987,13.40180588259529,9.1747503119641
1066.0,0.09462909847566477,13.719544512893124,9.60313887907265
1067.0,0.1641348057710915,14.011588014143138,10.024436863871593
1068.0,0.18761427049783702,14.165730356823655,10.145990076373327
1069.0,0.1676955571619905,14.211160349036332,10.045670917047609
1070.0,0.13911159636428883,14.25383838562685,9.873098013010877
1071.0,0.11455702636830743,14.400209453321425,9.6890412997518
1072.0,0.09687223617330241,14.539340312310717,9.50823348591437
1073.0,0.08577191729066462,14.632016721094885,9.404405334262885
1074.0,0.0818564257955843,14.866586511930414,9.511777176230286
1075.0,0.07592131619153265,15.1718426494166,9.731931487715185
1076.0,0.0682871859721489,15.453075009875201,9.936555612059667
1077.0,0.06251251562650079,15.60461403260441,10.065788163798517
1078.0,0.058176803233742455,15.692237016792408,10.100590004557652
1079.0,0.05536392996706809,15.894474968835,9.999785028455069
1080.0,0.060436135407264224,16.364194486309785,9.706038485015464
1081.0,0.06698223823793266,16.901070608051967,9.39650733760729
1082.0,0.05433248184302421,17.397632659104303,9.157863985609765
1083.0,0.030516879098455935,17.729636245453655,8.972942606807962
1084.0,0.02086757927282247,17.65119578387607,8.744275345456968
1085.0,0.024117928488270414,17.340742949741934,8.510861006244
1086.0,0.027299244448528787,17.14750085830681,8.426563377313924
1087.0,0.033725996560032036,17.226118658061118,8.395674827396228
1088.0,0.052181562390465584,17.523842947863123,8.197981926187714
1089.0,0.08384166369306258,17.970752204217764,7.918451811296384
1090.0,0.11926986190499592,18.44335974318143,7.830860497154202
1091.0,0.14267778473803708,18.973519214467714,7.96553330750797
1092.0,0.16045086918297588,19.4277307834848,8.17625214063462
1093.0,0.1796588170220042,19.709986272024583,8.23961065097284
1094.0,0.18436174848926845,20.09511507277171,8.233862557273808
1095.0,0.18635609205783607,20.416921323826568,8.351607666855632
1096.0,0.19938747804806256,20.617823810959454,8.64936277220401
1097.0,0.2191208679881103,20.887763477344365,8.8583915125511
1098.0,0.24456271005715227,21.342114916762238,8.915146033872672
1099.0,0.25889372185599946,21.840844495282347,8.92883842470244
1100.0,0.2672356482625595,22.326937907801543,8.935982227666369
1101.0,0.2935453003592037,22.6970292726204,8.888519852061927
1102.0,0.3352227038496398,22.87786146102056,8.828944712170161
1103.0,0.3707080641639996,22.68825276508719,8.862476426257968
1104.0,0.39025583726116037,22.071325114606154,8.917743949859457
1105.0,0.41653767484728993,21.57095397989589,9.145522959874166
1106.0,0.4778174380435604,21.563400808152803,9.52248787357018
1107.0,0.5329438739030024,21.735840018379175,9.935833512271117
1108.0,0.5195427074234718,21.603906416960065,10.271775588413988
1109.0,0.4591894236209293,21.166171165878733,10.532613241225487
1110.0,0.4185050076793371,20.6890756729232,10.843516936422178
1111.0,0.4204776368997009,20.29824205787756,11.205917064476958
1112.0,0.42524846939220856,20.04221153009018,11.55473889473549
1113.0,0.4079167025879443,19.924354064750023,11.816054733864275
1114.0,0.3886561247128675,19.887709553844275,11.95986316727832
1115.0,0.3949736736118759,19.74802314919755,12.024715047069067
1116.0,0.42153828789604036,19.490784765304873,12.08895168581232
1117.0,0.43806456341109085,19.19554460086032,12.119145356664566
1118.0,0.4328498576838275,19.00175490236806,12.039218774289907
1119.0,0.40075837980304,18.72705995511438,11.988051373989903
1120.0,0.3568840836530173,18.126584436117327,12.148061607108302
1121.0,0.30281134707202045,17.461861218041857,12.36710489874267
1122.0,0.25080920375310195,17.127312033605858,12.358387858792012
1123.0,0.22066403844618795,17.12318229223923,12.09859704683014
1124.0,0.2143342486285008,17.199552836764614,11.80190795619806
1125.0,0.22084184602789697,17.135647935443927,11.623091249490251
1126.0,0.2355321537039028,16.942606359207264,11.483802642624962
1127.0,0.2676541990384244,16.727262869273478,11.389545565574405
1128.0,0.3131927882776902,16.4963450974711,11.301265437490832
1129.0,0.359055104833685,16.37248412851817,11.21070781632504
1130.0,0.3557131543906251,16.329606241585566,11.18138639104116
1131.0,0.29019219528600937,16.459189605573584,11.265638522898408
1132.0,0.2126861253824837,16.6173457894989,11.43895188053184
1133.0,0.1646754742211074,16.738146302510323,11.620780836901687
1134.0,0.13964647319672052,16.786246928897107,11.708143122028961
1135.0,0.12731581669209635,16.976758287504715,11.639326245862662
1136.0,0.11279414106559195,17.199651541083988,11.5769304424241
1137.0,0.0953252287046654,17.272370577937306,11.503141982700367
1138.0,0.07291730262656174,17.155500458016007,11.223402910160258
1139.0,0.050714603112940786,16.752795857161846,10.848351064045922
1140.0,0.03429648799147216,16.24239508380654,10.722167402699524
1141.0,0.02316312321580966,15.865317666254557,10.867540374186373
1142.0,0.02072698657969008,15.740330602613103,11.023446156822
1143.0,0.02223410523210254,15.97267447691412,10.997554852412822
1144.0,0.022145175037502414,16.49836530265128,10.82538425669133
1145.0,0.02273108330025614,16.93431047209497,10.749133372286412
1146.0,0.029126409106452172,17.27555422381286,10.759482886448103
1147.0,0.03592676113747349,17.599666961298492,10.680753243332308
1148.0,0.04266567031489006,17.718656887962254,10.758857827270642
1149.0,0.0453078597923447,17.63716133421021,11.219135646184752
1150.0,0.04904112117529007,17.655557456681787,11.727420994308773
1151.0,0.06390149993325135,17.85516302287974,12.068038043070912
1152.0,0.0935720508023402,18.060543013010452,12.288524991750563
1153.0,0.13148418455195,18.1188135690028,12.427870314923142
1154.0,0.15761159639069283,18.229395779387126,12.739198205457795
1155.0,0.16716730914378009,18.338581475449,13.286362602044617
1156.0,0.16576094390625012,18.29882166602884,13.791438973458328
1157.0,0.17341872554934745,18.242928021663843,13.898206562491023
1158.0,0.1736975329745297,18.527998736734112,13.63140281580462
1159.0,0.16252350441536131,19.00989334193165,13.245573956286426
1160.0,0.1453132798960442,19.248025563461557,13.083556805030403
1161.0,0.1272915259931843,19.334097773609138,13.171528655696404
1162.0,0.10566806038773757,19.521018511548505,13.373360391117092
1163.0,0.09347373735756254,19.924957825391616,13.356514644644166
1164.0,0.07867476351564834,20.238441419863182,13.15574429147443
1165.0,0.05076947643188901,20.368231825365065,13.113221107162513
1166.0,0.024951826004560914,20.49512913447353,13.51549388319885
1167.0,0.009474919856639905,20.599817387962712,14.143268467278764
1168.0,0.0037371397636224656,20.679194819460598,14.423278231828757
1169.0,0.0004107269689599872,20.809079337341117,14.225881942045822
1170.0,0.0002593607179023923,21.03172839459334,13.900797365722836
1171.0,0.0002916597918025099,21.206660218456857,13.785395023042947
1172.0,7.169906430089814e-05,21.48501322021041,13.6105769991774
1173.0,0.0008444039774768856,21.94105390251074,13.184266444450829
1174.0,0.0018211206316680868,22.562772650823685,12.484257790919886
1175.0,0.0044168784321599935,23.182741907419082,11.874115300937794
1176.0,0.008877395209204808,23.694128478582254,11.560103088229827
1177.0,0.016754679945616816,24.174126708304808,11.57634937266804
1178.0,0.029960328113870293,24.514381638048,11.731926741611401
1179.0,0.04389053073044878,24.745897980720013,11.859408345875687
1180.0,0.04808672258292232,24.774607719846873,11.853335865125413
1181.0,0.04768940947890261,24.56355237643183,11.809529981910108
1182.0,0.05267159946864347,24.10281290730686,11.796207614131779
1183.0,0.07169263827813586,23.777577467438554,11.706275965836602
1184.0,0.10573366893577932,23.70836132107303,11.49310875053549
1185.0,0.15266334526326505,23.716649974858946,11.11756115802049
1186.0,0.2039851300372365,23.665324381275536,10.8189099235001
1187.0,0.24212205948100024,23.6619259252656,10.686856063093519
1188.0,0.2432178719631373,23.736293380886487,10.670402408656077
1189.0,0.2004249482634027,23.783807448897537,10.670375884220055
1190.0,0.15070212822183834,23.774054817394834,10.773949271940692
1191.0,0.12940319796943323,23.72871579909622,11.16409122718681
1192.0,0.12253279019398566,23.807519794610897,11.774065509615074
1193.0,0.10474128318825625,23.845852511055543,12.327097195431492
1194.0,0.08161507931326091,23.87341981352095,12.582631741920302
1195.0,0.06706753267600013,23.890629017732884,12.746813449013281
1196.0,0.05843563617592949,23.95939930017592,13.089316327772641
1197.0,0.056660618378707936,23.917197412028596,13.61165767619196
1198.0,0.06451345494510001,23.66874682277618,14.103909965268253
1199.0,0.07701027935270768,23.52156667525829,14.38983234914556
1200.0,0.08268203501062549,23.69857519862069,14.651453029878722
1201.0,0.0898080364704122,23.990425551204844,15.102954063428724
1202.0,0.09147726069632647,24.22756308357506,15.527893241996145
1203.0,0.07182627265797749,24.24681300548809,15.723358876804047
1204.0,0.032711927570072095,24.148069419254988,15.78439209139776
1205.0,0.010333336475120329,24.284641035994905,15.754567454013618
1206.0,0.005771829872953645,24.494050187615887,15.746817110888884
1207.0,0.005140702147716078,24.56273996889883,15.850105761077957
1208.0,0.004383352283472117,24.549147814897314,16.232001447835554
1209.0,0.004347185543576096,24.728629742330547,16.640881033516962
1210.0,0.00777725209901285,25.074831614053103,16.691661032872982
1211.0,0.012940766531100155,25.289585173710023,16.551936494066695
1212.0,0.016575334247752854,25.042954034657473,16.51455374800506
1213.0,0.017060455861862403,24.56378065783321,16.613466551520965
1214.0,0.01583923435016046,24.05908974604356,16.741758642563134
1215.0,0.013702470012002541,23.640601227004822,16.876358012655178
1216.0,0.010647334086246317,23.36852696732618,17.131181267644934
1217.0,0.012419098709820114,23.337817031929003,17.36310236264947
1218.0,0.02046006683691611,23.540287632465567,17.412574136714273
1219.0,0.03395872772752344,23.689117972750243,17.49014517566597
1220.0,0.04604368804308486,23.90000963446023,17.638875173931893
1221.0,0.0649921601473598,24.280692138606298,17.717745574647566
1222.0,0.09747954875412218,24.74688185203396,17.770952858496642
1223.0,0.13096484255742208,24.76658359059711,17.931793204878936
1224.0,0.13890472349657776,24.3233619175712,18.20214762800625
1225.0,0.12405152484606004,23.50072631005775,18.496750670052315
1226.0,0.11216949066577957,22.843448475092927,18.689397833801902
1227.0,0.11277425300068801,22.5987064736617,18.743690246158657
1228.0,0.11916781761588631,22.689722241861546,18.605814583268728
1229.0,0.13077415945440982,23.019321249956423,18.41696298036117
1230.0,0.14001237118235252,23.444876166202263,18.554417721058567
1231.0,0.13881062542608053,23.934220627477686,18.98166955576172
1232.0,0.13807868219235964,24.340618441106713,19.471510911062254
1233.0,0.14178047384475012,24.70389461515758,19.692802134736997
1234.0,0.13759434699389425,24.946495557927953,19.74217188836463
1235.0,0.11805114011620421,25.147735515308206,19.855078763972514
1236.0,0.1042049661270434,25.526709685876746,20.09873291057388
1237.0,0.10946924615827693,26.276261681655264,20.413781261728015
1238.0,0.11666358882267028,27.226598021593013,20.611560683618745
1239.0,0.10421273948720054,27.94402398769134,20.734023470983843
1240.0,0.08106205040744055,28.041192637565864,20.78140552119804
1241.0,0.05957088734939024,27.85716703964277,20.72654162277897
1242.0,0.03977830802499995,27.902045261198595,20.643258126097855
1243.0,0.026543193589472425,28.25583150601253,20.55270475978281
1244.0,0.02086872915961681,28.689275978541154,20.385942168907537
1245.0,0.022313075850384348,28.956818479339073,20.291843333307863
1246.0,0.02720894786682248,29.118613867032227,20.274480194048635
1247.0,0.029342672486820848,29.16889653046522,20.371419204069138
1248.0,0.036941770253856435,29.055928319710222,20.48986348645484
1249.0,0.05099658737157745,28.70653486963312,20.59404501710509
1250.0,0.05875008586658901,28.114405438743606,20.82743883266503
1251.0,0.04530587599213266,27.30901689029294,21.32772154819694
1252.0,0.02178452608147248,26.459272757989375,21.912042703485408
1253.0,0.005401266614756089,25.806307137683547,22.33317467614534
1254.0,0.00031691262816161054,25.512843044494083,22.511468383367543
1255.0,6.225778092960327e-05,25.457211826926837,22.715660023874626
1256.0,0.00016919505625001313,25.278454882927818,23.048485933226175
1257.0,7.114770670810123e-05,25.054637920445863,23.114477081938137
1258.0,0.00013245731118010352,24.824000054981965,22.7825077618924
1259.0,0.0005068797457201093,24.82985488293748,22.345493791114205
1260.0,0.00041042424474489134,25.046782165256566,22.00820683686768
1261.0,0.00019710362920959847,25.444535239583526,21.601843032995323
1262.0,0.00354610602965613,25.75762205121056,21.165693987000076
1263.0,0.007883589516576446,25.75484091846756,21.05395828891056
1264.0,0.007599623592672344,25.288128530712697,21.31003485258525
1265.0,0.005085686596000014,24.51882762113504,21.63119739743071
1266.0,0.003329371934504073,24.07240406978677,21.69881047048324
1267.0,0.0035426982531249125,24.13397674806336,21.60932418680398
1268.0,0.0037410373425603577,24.474099194604158,21.498644702901608
1269.0,0.001353694678908109,24.787640092878437,21.356181424093513
1270.0,8.732790360360149e-05,25.248367719949655,21.01556352280225
1271.0,1.8668275662401622e-05,25.629457559214806,20.45282426500481
1272.0,1.943513676090068e-05,25.79276240859885,19.87330322379082
1273.0,0.00017504745330250754,25.459269530037837,19.355619695794882
1274.0,0.0006837424833408931,24.788789592782905,18.97999518892918
1275.0,6.242002559997285e-06,24.092856271242553,18.723769399370354
1276.0,0.0034541221243683798,23.55790822690908,18.69876929227817
1277.0,0.007058968872228851,23.31975046228257,19.142384490433166
1278.0,0.0032643887991288837,23.397573171974436,19.75561170539596
1279.0,9.3844556275603e-05,23.954478580499817,20.14192058797951
1280.0,7.925539650250313e-05,24.681880788715613,20.300595183946513
1281.0,1.3599131290042287e-07,25.341540800420763,20.429347395958274
1282.0,0.0008574021428449096,25.494004486634264,20.481282002674998
1283.0,0.005085685169720123,25.15928701844963,20.31184213346653
1284.0,0.01451757502320995,24.57652238436968,20.03541821301105
1285.0,0.024271542977292965,24.122985980194922,19.734601640081934
1286.0,0.023664604195641422,23.989838774129293,19.470829250315585
1287.0,0.015345513606540144,24.085982677262784,19.243351751165758
1288.0,0.008720808652972851,24.396496994532242,19.258794714655547
1289.0,0.007608258193608879,24.673005405154264,19.752602560987803
1290.0,0.012166917264062483,24.797788755938356,20.565585932764613
1291.0,0.023432668959928734,24.72901125616874,21.394115259862836
1292.0,0.04842753471500474,24.666220785458407,22.0476968664162
1293.0,0.07791150251674217,24.613554357456305,22.6508084650109
1294.0,0.09236593798152239,24.571630991623564,22.87157214214056
1295.0,0.08795947693093696,24.195726941547655,22.62456727166579
1296.0,0.08886696067558457,23.676161550519677,22.173409870756903
1297.0,0.10960264375641003,23.228591874064506,21.65668644502374
1298.0,0.15730340269890503,22.988526029830112,21.12775874677388
1299.0,0.2262217185198436,22.946883361807682,20.47053233869882
1300.0,0.3021266652602499,23.090703384673695,19.813103989195685
1301.0,0.347772898278653,23.258860654084806,19.377746625062443
1302.0,0.35080903143899567,23.249088196972487,19.31566768815242
1303.0,0.3306639976498883,23.141079868540814,19.56763889384976
1304.0,0.3225910454815802,23.0207563079047,19.990557439459213
1305.0,0.3244455384334642,23.07154775188201,20.104232959770844
1306.0,0.33101279014315155,23.130046145268835,19.887877768947632
1307.0,0.3416640629449368,23.239024694588867,19.691339510056547
1308.0,0.3733894229148797,23.22166430492817,19.82570874024044
1309.0,0.43506394142281274,23.0252352621823,20.028264889495507
1310.0,0.46467411160060795,22.635812151590855,19.999402303498954
1311.0,0.4464914805520317,22.132238485865514,19.870831546621787
1312.0,0.4285394156778077,21.971204367734725,19.8537165284259
1313.0,0.4456116141697606,22.12785232959101,20.000742247294728
1314.0,0.48291511285048394,22.41587062134363,20.283796039137602
1315.0,0.5279864338155617,22.61626798508722,20.726184697247877
1316.0,0.5381181520632369,22.69197327722993,21.317181821428356
1317.0,0.508729485382562,22.421507540441283,22.135473412288707
1318.0,0.47271485431646365,21.97403224029144,22.827923628106365
1319.0,0.4473475743098211,21.712442498785443,23.12258904769781
1320.0,0.41927699615664077,21.725396517822016,22.972688722359553
1321.0,0.39273792454656387,21.916127841587613,22.558026956718557
1322.0,0.408648591519438,22.052453849776242,22.094325151692008
1323.0,0.4469102996822494,22.022538059289644,21.79238253665344
1324.0,0.47508091911409983,21.814930320799363,21.842126993731704
1325.0,0.49503137378731527,21.61683192850244,22.090100110113426
1326.0,0.515951542727429,21.3154213753258,22.481564976946036
1327.0,0.5303875780810362,20.92727385514638,23.069921388209643
1328.0,0.5428051450946715,20.463561860262264,23.841351174567574
1329.0,0.5772771211350018,20.171274104734106,24.5640288642601
1330.0,0.6262372756874024,20.250000990000014,24.78749680556075
1331.0,0.6327497070260356,20.568967587327617,24.489216990695613
1332.0,0.627257014579448,20.81728773433156,23.917284267763602
1333.0,0.6690390124988026,20.85217819112736,23.44715331298764
1334.0,0.7398951986499922,20.610169834009398,23.216047076255155
1335.0,0.7930866050268103,20.214223535892692,23.21876785912935
1336.0,0.8442742595822406,19.813654872460113,23.45084662423906
1337.0,0.9360979690648332,19.439973483706964,23.975516292470395
1338.0,1.0231893196258037,19.190721999549858,24.322772266522552
1339.0,1.1062521910818577,19.263937571653663,23.94728425801406
1340.0,1.1712788720507035,19.67973983848868,23.15149956406427
1341.0,1.2364528176809992,20.237976615243372,22.446100903147823
1342.0,1.3064921143156991,20.82841803355347,22.029701758716424
1343.0,1.3506364126669448,21.06841964881243,21.89986903552157
1344.0,1.3701512732078516,20.81964383462594,21.968079050897828
1345.0,1.415881738610724,20.527662850498032,22.113277803140004
1346.0,1.5138369130086395,20.600016274371843,22.24355775512237
1347.0,1.6311121480430018,21.091194025225004,22.29943832287417
1348.0,1.7185370454024234,21.702757913987174,22.231608614054856
1349.0,1.76732403517476,22.11146052171495,22.089737364780646
1350.0,1.7908978600122631,22.219138326267604,22.109126182213743
1351.0,1.8127066567872034,22.199377724656834,22.54970540938206
1352.0,1.8020215706923628,22.06171261766526,23.226572985420248
1353.0,1.7228806423068306,21.997672397499812,23.776024122336928
1354.0,1.6290689651220214,22.0357629027249,23.978013758159705
1355.0,1.5695652939337843,22.330751163219457,23.94076496348601
1356.0,1.5583270149354946,22.830457874129664,23.79365173559421
1357.0,1.54834062424169,23.300414116025063,23.53284909806224
1358.0,1.5257921400115688,23.745855040730177,22.99931934885151
1359.0,1.4887255870035643,24.093930546024197,22.31943662389401
1360.0,1.4406552505235406,24.460198743060083,21.67468482543025
1361.0,1.3930571251121273,24.90457084146816,21.067998836521443
1362.0,1.3804983379052091,25.45349029088885,20.495747186284408
1363.0,1.4308185062314263,26.067256943914916,19.753678384681884
1364.0,1.4578118863894158,26.515799449254338,18.887307738966186
1365.0,1.4041907300090906,26.559919080809095,18.154433171907765
1366.0,1.3343712221610164,26.34742886020212,17.8047888758813
1367.0,1.3074433705380097,26.22803848385152,17.919278435078596
1368.0,1.320912395748821,26.266427991137157,18.314715704469982
1369.0,1.35990122787288,26.504642085998764,18.752919148170243
1370.0,1.427367968992003,26.960887638613,19.165162959275836
1371.0,1.5438479485815682,27.524782842092353,19.389578232793614
1372.0,1.6818630041328908,27.780574809544174,19.206230345174994
1373.0,1.7221132327993358,27.49451006542139,18.648005685455672
1374.0,1.6460765292636188,26.92197145536491,17.89557557501406
1375.0,1.5604247894977314,26.489386263205763,17.1737306572824
1376.0,1.5436397843376604,26.468344934439408,16.547468870878323
1377.0,1.590407310326789,26.75054331116071,16.048953467232536
1378.0,1.6989682684403518,27.055120385185543,15.805377151757245
1379.0,1.8257964072297161,27.23068098150625,15.808871497700864
1380.0,1.9192990516035335,27.358932614582894,15.988348761887488
1381.0,1.9524286780083557,27.441512413146086,16.36696901061877
1382.0,1.9575812666688104,27.55740469050638,16.968680933002574
1383.0,1.9891511529052872,27.574100780406276,17.5763012727072
1384.0,2.0649049677764,27.368482074720877,18.053365440173547
1385.0,2.161950530848996,26.754179829704725,18.561533246609844
1386.0,2.251282382670761,26.123216659317265,19.176119189781158
1387.0,2.333879206075209,26.10641410595871,19.780114552903765
1388.0,2.3473223511609165,26.734316780008342,20.136423193626012
1389.0,2.296055355686962,27.216375736433093,20.485981138147874
1390.0,2.360214310141208,26.919147560926238,21.156800912923106
1391.0,2.5611448639707524,26.41507277916097,22.150962932712897
1392.0,2.7423856802249973,26.07757997815702,23.157813680488697
1393.0,2.772233524806555,25.824682499304743,23.87104789382441
1394.0,2.687238229902446,25.523405727623295,24.355046783132227
1395.0,2.59556349338407,25.213142972913282,24.828038628530155
1396.0,2.6149148350962266,24.94301520972499,25.28867032901827
1397.0,2.690334671762561,24.885518461168466,25.549714183349696
1398.0,2.6922163047424483,25.027588707170775,25.556879077313443
1399.0,2.6103416929739334,25.086036896373695,25.410062159042727
1400.0,2.481983434424818,24.914918212548084,25.201512143069998
1401.0,2.370638767818894,24.58607477333279,25.07853007305492
1402.0,2.299510994800097,24.27908746106596,25.19435818977528
1403.0,2.2547484426607207,24.30900982172224,25.628575366067977
1404.0,2.298556177800999,24.886846128568376,26.30710374041491
1405.0,2.3976196090030135,25.860692882867358,27.013810408554942
1406.0,2.494196165403903,26.78719848132661,27.38517704729952
1407.0,2.505190977275837,27.45389345389661,27.40882376183657
1408.0,2.4230427553465064,27.93276137062663,27.260745862917055
1409.0,2.2978695575260493,28.373786583161404,27.004498156585857
1410.0,2.243800845838194,28.789788593240186,26.701662800129128
1411.0,2.259513134323289,29.045200562876808,26.296010785484235
1412.0,2.3070351860025626,29.17229763629611,25.881916227539655
1413.0,2.384636440722778,29.21819445765678,25.675435929691034
1414.0,2.5276469339005496,29.325046174555037,25.737154805082003
1415.0,2.6977133181503232,29.541123693409613,25.995240042561505
1416.0,2.8052342361072196,29.7716469594876,26.265703617558835
1417.0,2.755592463605152,29.749223770368012,26.394450827809006
1418.0,2.6225175412888304,29.609403133175288,26.369325750087555
1419.0,2.672450752769504,29.701150704323968,26.521541902652718
1420.0,2.983110612871822,30.255398710855193,27.105555941464132
1421.0,3.411569469247031,31.00424130237175,27.84774240429984
1422.0,3.7879359283449605,31.541595507642633,28.592764402010058
1423.0,4.115443299972691,31.51796925055342,29.384034674382146
1424.0,4.387596661426448,30.90751209975625,30.01008118693181
1425.0,4.567913435190064,30.038213892226413,30.48157758969301
1426.0,4.540571840230294,29.254946738521003,30.86846117192813
1427.0,4.3297609340762175,28.60503052939507,30.944074305013633
1428.0,3.9884679637443066,28.1200266899408,30.821665132180744
1429.0,3.5721554150149135,27.900070584037028,30.48303482311404
1430.0,3.2669143627905615,27.980558880230788,30.42877487837002
1431.0,3.182630025012997,28.599703696820054,30.90856840475625
1432.0,3.28828819861589,29.218541808773555,31.587709479889018
1433.0,3.4532274896132704,29.176555833261247,32.17255165047609
1434.0,3.662467998457152,28.550725475420652,32.61538884759387
1435.0,3.8729019456016207,27.754859504601605,32.93150505448071
1436.0,4.008954045332309,27.404611356735128,32.985123069805816
1437.0,3.9087674298360926,27.70733798872704,32.83369487041081
1438.0,3.7152336597343374,28.368617144863254,32.569125242280826
1439.0,3.5382333436297952,28.877647337718166,32.318946662999274
1440.0,3.370241534489494,28.99974832880527,32.20154151294884
1441.0,3.2571682228350216,29.008660776328455,32.472008731346556
1442.0,3.1531420620250312,29.159747928544757,32.9882481706053
1443.0,2.984737170823858,29.255030682912324,33.448237571720725
1444.0,2.7989409117726756,28.996257785164673,33.54160151640454
1445.0,2.690400740389693,28.629592185277332,33.23025679338343
1446.0,2.668508864302694,28.348270799900742,32.72737769816979
1447.0,2.658650517040135,28.34739698097257,32.203354359024004
1448.0,2.6182777067464884,28.342840690296292,31.723035679123605
1449.0,2.5903021994328945,28.28308010058289,31.314328592606902
1450.0,2.5467988226824883,28.297209407607387,31.01791772949078
1451.0,2.4783391938146746,28.19059592263489,30.845468089191115
1452.0,2.371423365289021,28.045411424442253,30.92066404990445
1453.0,2.3013195828216046,27.97518780028831,31.08128430299635
1454.0,2.2807538466679214,28.077759711724717,31.20237030710907
1455.0,2.227335962446439,27.799309291375298,31.32090168213384
1456.0,2.193428534119842,27.35354590881306,31.457894278389062
1457.0,2.273997919920045,26.985196604409175,31.588861088713728
1458.0,2.384610775742251,26.701467577429842,31.613139908925323
1459.0,2.4225862846387205,26.291761311175556,31.509632883139876
1460.0,2.426701365508526,25.82420582874502,31.308288982791474
1461.0,2.4645083005625623,25.512420174520415,31.019963616773065
1462.0,2.457673413499922,25.128976621964352,30.619696177604627
1463.0,2.4014515084198287,24.76086590260856,30.112297588067985
1464.0,2.456945240903866,24.430025973715555,29.435202250457426
1465.0,2.675791192165777,24.326328035842558,28.582418787657733
1466.0,2.9196240449617497,24.47090909205552,27.71347525973228
1467.0,3.072862696361392,25.05667047908355,26.92709101720664
1468.0,3.174314172893457,26.031064202986087,26.39367937848753
1469.0,3.2742576067013625,27.03885954802531,26.14746570594893
1470.0,3.3129438019173723,27.710802819692315,25.81551015827363
1471.0,3.2502627139522517,27.99291700838889,25.209519454081732
1472.0,3.150521518349722,28.009874050903807,24.69239527298826
1473.0,3.0914325481739424,27.643048507803172,24.397079536813198
1474.0,2.9084064868898043,27.212944772967845,23.892627291592586
1475.0,2.6491010633711665,26.779984856325424,23.141696581009793
1476.0,2.472386883544501,26.28655649099806,22.589016396220547
1477.0,2.417978381324701,26.112897472688683,22.469520215026506
1478.0,2.4760668408352906,26.490996613479062,22.59093038544839
1479.0,2.644643039825221,27.120272607283834,22.55085896692378
1480.0,2.959795394103246,27.82347083719356,22.410538615247162
1481.0,3.3541403135906878,28.717810174602015,22.337528861340253
1482.0,3.67964239571236,29.783246740372594,22.424570993589214
1483.0,3.815370537517025,30.720918695258614,22.456959201785853
1484.0,3.814350359449715,31.405275305519368,22.389261032863477
1485.0,3.7521212884852773,31.99969046342707,22.22574481037019
1486.0,3.6691592517846043,32.677200606662154,21.975991814079403
1487.0,3.6175093951385144,33.41715241797012,21.866942582777682
1488.0,3.602854751139188,34.227388200540126,22.028884895467332
1489.0,3.6302595449759973,34.91469598782817,22.274487103026832
1490.0,3.6709679411680827,35.42053210455831,22.40598192059815
1491.0,3.716625903509669,35.75657122808962,22.483654497760106
1492.0,3.8308049758682916,36.16553304981796,22.592137661476812
1493.0,4.018491441583301,36.67561745358006,22.81731534126697
1494.0,4.246689037545134,36.89497191988346,23.15183916807436
1495.0,4.450523167844217,36.913107592234276,23.634758146798195
1496.0,4.577658926125745,36.93976333448663,24.196587169087078
1497.0,4.5859215572227185,36.87788483919194,24.40567306562443
1498.0,4.581133352728731,36.76137320420964,24.09241166612462
1499.0,4.625153523701342,36.70842538870466,23.29156851725189
1500.0,4.611826129914712,36.58264127032527,22.387614989171464
1501.0,4.568108227849421,36.41834117198754,21.441311505737907
1502.0,4.507518833689073,36.30631981233185,20.329719755685904
1503.0,4.433318399476304,35.928613823923236,19.361812842436
1504.0,4.4264818069475345,35.45865776563625,18.81346079138682
1505.0,4.488705237872862,35.3028782890036,18.6596823869417
1506.0,4.57677028725156,35.50821998740831,18.589431065889062
1507.0,4.668356221341927,36.04133733968957,18.4479230954307
1508.0,4.801359937968327,36.502358687376876,18.346087073905565
1509.0,4.865564360193902,36.948954769079734,18.45676468235301
1510.0,4.895286124611421,37.52096202479964,18.568319023775615
1511.0,4.9294279135922485,38.262390749018806,18.46222564400402
1512.0,5.055017242065904,38.859883051857985,18.263431485559902
1513.0,5.269616695039288,39.01522256366155,18.096020667629567
1514.0,5.606585948754843,38.85188665898498,17.88851029066759
1515.0,6.019591000570832,38.580357257409794,17.5537404388873
1516.0,6.3799357519110425,38.24038125389818,17.23480113573124
1517.0,6.599655928318198,37.843990290764424,16.957684497965648
1518.0,6.63111564957637,37.50653984760406,16.814268944993128
1519.0,6.548051913909145,37.22704876839139,16.858715034744634
1520.0,6.378826596829209,37.03309969199929,17.10154267142132
1521.0,6.236540104565165,36.96580525679219,17.310551086872607
1522.0,6.135601526774326,36.90305799263924,17.384512686170687
1523.0,5.943140999107873,36.70292291895731,17.27698853966409
1524.0,5.727031231698724,36.506434423398034,16.973076599395572
1525.0,5.774964586963362,36.52821057925471,16.405164522201524
1526.0,6.177515388336637,36.803938283962495,15.77027599320526
1527.0,6.691396312534754,36.81406466279106,15.254383443050882
1528.0,7.217439142452639,36.54889667452172,15.019024032334874
1529.0,7.575397549382884,36.32423768062138,14.984587193148302
1530.0,7.606087038957064,36.057038174851684,14.801608103827355
1531.0,7.44785270262968,35.79162049766483,14.340511863227448
1532.0,7.287040290468423,35.78984870986229,13.666006106497946
1533.0,7.142206488136671,36.00404123340729,13.237588393956104
1534.0,6.956270261164612,36.25274457945555,13.14594196272889
1535.0,6.807368213377953,36.56275104433597,13.299730816896162
1536.0,6.7573637010794165,36.83423383964339,13.493973280659072
1537.0,6.820764664908792,37.32745874386324,13.603294358072647
1538.0,6.930056249999997,38.148852196220005,13.615058628112033
1539.0,7.0819877818561885,39.079236792385444,13.528558495412454
1540.0,7.282649159981793,39.965963675872324,13.455903482888946
1541.0,7.502392218231241,40.85153033917763,13.283095966551276
1542.0,7.609192159696017,41.569106539749505,13.084266927656333
1543.0,7.562890010028232,42.211468339149626,12.93689456343867
1544.0,7.4887204062220185,42.78211382683014,13.02778135384324
1545.0,7.421651882101395,43.41168915564756,13.230473902424986
1546.0,7.261734314045876,44.214128578219885,13.27088062522556
1547.0,7.096384041713284,45.10748146544712,13.091506995215937
1548.0,7.035017707282206,45.88997613070169,12.926396874114218
1549.0,7.154722055486692,46.475942925493285,12.863472027102157
1550.0,7.294294226199915,46.797079592088814,12.802817285820103
1551.0,7.334489204530966,46.96459104003373,12.598413500326872
1552.0,7.275209026121012,46.96405252720717,12.285595550524333
1553.0,7.248215447000999,46.6099697491783,12.03100108433022
1554.0,7.3508364902796135,46.16367214840691,12.022625591009641
1555.0,7.611019318641603,45.884766772453204,12.078581849982177
1556.0,7.899829310232247,45.7511857252628,11.96910187193544
1557.0,8.07220173753696,45.6943782407869,11.641104190550937
1558.0,8.096113649225698,45.627100131872254,11.25854816848352
1559.0,7.989189023785624,45.47626571668557,10.981411475780838
1560.0,7.9104765407421604,45.090516033086786,10.740657404445408
1561.0,7.926853752376934,44.46244484443423,10.548407698563313
1562.0,8.113252331674575,43.62962176083096,10.375931594839102
1563.0,8.302335721230754,42.71420199346609,10.27124427683524
1564.0,8.459146493736215,41.67106063461251,10.244651600136493
1565.0,8.51915299095261,40.44026024319649,10.330678261837562
1566.0,8.690508371820915,39.4356771645979,10.433369582683836
1567.0,9.091782072972403,38.9523277924,10.445502289197051
1568.0,9.59268859919529,38.69563009255857,10.343199961392084
1569.0,9.911998600989325,38.29261861484694,10.226556159419664
1570.0,9.932882279421007,37.7843566205975,10.187179842720992
1571.0,9.851623815789118,37.40292866685183,10.347141455493343
1572.0,9.797134751406245,37.41499169629142,10.664824509724404
1573.0,9.79028154377935,37.87168473768646,10.906408364119633
1574.0,9.762764834452678,38.42014706400156,11.036203101824297
1575.0,9.814899687848435,38.89446771773298,11.099866668506138
1576.0,9.940933533285158,39.22501079677952,11.11953955331897
1577.0,10.082719021235064,39.813338791873434,11.03924812932496
1578.0,10.1260414550221,40.3378224813527,10.720916787302832
1579.0,10.02424556665921,40.492239894478715,10.102763017473672
1580.0,9.80542039714942,40.2690162030098,9.3810346244854
1581.0,9.517705772471531,39.8788075795923,8.851273085863566
1582.0,9.178358914854426,39.64563356739974,8.545237092564063
1583.0,8.938963776303803,39.814465095783206,8.392103654927329
1584.0,8.849869068641697,40.49770899778786,8.35024992446401
1585.0,8.878545881189428,41.49661627480409,8.497182207853877
1586.0,8.947279593664128,42.65917054589739,8.753450766198535
1587.0,8.996999230170031,43.75639795607161,8.954947323331242
1588.0,9.00079603760133,44.68218142676038,9.000559508695563
1589.0,8.913914782211643,45.076797768006436,8.886000362279038
1590.0,8.807213494317201,44.98453486043427,8.661242466541234
1591.0,8.632544727220566,44.544365920874164,8.431144181343427
1592.0,8.4613337979271,44.254305617737536,8.2364980901028
1593.0,8.34397263932973,44.243288347500126,8.155699933222332
1594.0,8.28073899281038,44.28606410688846,8.349612415452768
1595.0,8.275065456529816,44.2615104503803,8.875905358062893
1596.0,8.269691037419703,44.353353210852944,9.57266911036738
1597.0,8.287404573193268,44.759688587931244,10.187076303062401
1598.0,8.378232368271165,45.26560830925953,10.576366382940108
1599.0,8.37892058291771,46.222246224460804,10.703969655239309
1600.0,8.33960149894771,47.49258535270388,10.593203189721619
1601.0,8.459150100228474,48.68888355811884,10.29499825820908
1602.0,8.697489143514339,49.769722750374726,9.92882053620961
1603.0,8.976288697991155,50.96172971792735,9.607180756797561
1604.0,9.17872992104994,52.02176969876042,9.505225481597884
1605.0,9.32085803124448,52.897598572786656,9.652253277009304
1606.0,9.476260394096387,53.63275292796996,10.01286980048161
1607.0,9.590059436816054,54.03731523460037,10.414031966293086
1608.0,9.559705856630762,54.27127159845444,10.81990677478953
1609.0,9.33222100241593,54.44209962798144,11.07414235731556
1610.0,8.991825656951287,54.669044883994346,11.086080068901433
1611.0,8.655765234609873,55.19739981836247,10.8534335493577
1612.0,8.367733943890741,56.25829935610769,10.58234790025337
1613.0,8.208287972820775,57.461293600593386,10.596891824725562
1614.0,8.214044559638703,58.285154626243965,10.899716178254113
1615.0,8.319675559095652,58.4074060893854,11.178512864109457
1616.0,8.411250758500609,57.736608504736466,11.16892068772199
1617.0,8.375409351496998,56.61948612089056,11.029138371934915
1618.0,8.156796318831516,55.594227550654466,11.00438978942798
1619.0,7.796966375333522,54.90398915714521,11.06001204112493
1620.0,7.341498305257607,54.46582715374896,11.142060010199554
1621.0,6.906906088346451,54.19179061133417,11.09948659755664
1622.0,6.477656582595846,54.19114088664203,10.853105028794113
1623.0,6.011680423529661,54.51616853088251,10.457804061421953
1624.0,5.591563710876561,55.088522599307915,10.028082117864678
1625.0,5.228388050981599,55.59168264540865,9.82805796790969
1626.0,4.927834893000201,55.97077393361754,9.88361035428816
1627.0,4.67685022178702,56.30324564447828,9.898256928042212
1628.0,4.458687280616953,56.70982505778662,9.790306763072628
1629.0,4.248306138049805,57.33361463801918,9.622960196637122
1630.0,4.065662281626561,58.083457964350174,9.388747111289062
1631.0,3.989167943287024,58.655385928864995,9.068645176529959
1632.0,3.944798495966822,58.993286748712386,8.717861463954199
1633.0,3.852283380434373,59.30714559737009,8.439526933363233
1634.0,3.690939585498513,59.98971174594255,8.288098259804947
1635.0,3.560905091740326,61.01429771988521,8.275164585887616
1636.0,3.4978959955103606,62.01327527975766,8.268034540577759
1637.0,3.522941640351009,62.83415078880822,8.28807735896245
1638.0,3.69835549523659,63.418927508352034,8.298886264067137
1639.0,3.951196337455488,64.13801304457216,8.20483399249826
1640.0,4.210416068282428,64.87377158484686,7.972262310409859
1641.0,4.402571776670199,65.38600101170677,7.803127248837153
1642.0,4.59802930887653,65.4572416956024,7.780453004471394
1643.0,4.857186978833131,65.18473341865972,7.85663011355825
1644.0,5.098713209731641,65.30351246040567,8.009754060167793
1645.0,5.229842362897219,65.75914458863352,8.152532452590721
1646.0,5.4449147457114915,66.18113882637324,8.361431120170046
1647.0,5.726791443419399,66.24793524222957,8.579442922087331
1648.0,6.039706141019448,66.19713501926235,8.741634583780293
1649.0,6.375504154072646,66.3500256931673,8.789594681392005
1650.0,6.592838282342248,66.59710968773526,8.635067580707103
1651.0,6.835258604272561,66.7120827249073,8.37778580804025
1652.0,7.18179599429904,66.31876707094024,8.224296054271223
1653.0,7.595650374430564,65.29158132199719,8.309301932092561
1654.0,7.898418982238762,64.28870629880834,8.437925028545848
1655.0,8.079904202846869,64.02745974482758,8.528111205849001
1656.0,8.134271569912515,64.1715674681553,8.570054487887491
1657.0,8.177543446083398,64.26788966636437,8.645107638935832
1658.0,8.229969203163439,64.38842484935842,8.831699728797055
1659.0,8.237386988797823,64.41596682459188,9.136825800246157
1660.0,8.104990610279307,64.04349730817634,9.422584011494928
1661.0,7.960116375731552,63.45732201154858,9.522193485482626
1662.0,7.9794270189609575,63.160074791959694,9.515181975853698
1663.0,8.05648191843306,63.30995394926745,9.499274144965563
1664.0,8.229927777854908,63.463738795149446,9.579935508735469
1665.0,8.495286460676203,63.60746247025797,9.789757452914616
1666.0,8.827594164565566,63.793969442243544,10.104207054529173
1667.0,9.08517720405407,64.04689594759581,10.336927746644305
1668.0,9.131776321750065,64.40277234739976,10.416695443988736
1669.0,9.151989265345737,64.56066801500131,10.419224529999171
1670.0,9.318776301315726,64.09063958922921,10.639326584219763
1671.0,9.61611900973477,63.31558331959664,11.140148635640653
1672.0,9.989919238967223,62.718885253883826,11.515524756328368
1673.0,10.32353774744959,62.48047998714025,11.664152915470709
1674.0,10.607466982083416,62.48525294902519,11.784451501574232
1675.0,10.938836219098322,62.26330635568463,12.076652023335972
1676.0,11.268856228735121,61.573475671315784,12.44547260638394
1677.0,11.543527636237492,60.517001280702765,12.77919175118421
1678.0,11.788736223703868,59.589697561701314,12.916866189617641
1679.0,12.043605849798611,58.95822123042049,12.910415254549957
1680.0,12.383234175564724,58.36441026336212,12.89517585573433
1681.0,12.824341168525745,57.89510689915089,12.968273255925252
1682.0,13.246318597593588,57.587593948746964,13.174036593775023
1683.0,13.521478160457184,57.28707221998887,13.507077619557617
1684.0,13.641487879413475,57.31940337215325,13.889447743802403
1685.0,13.689915196131336,57.6855093763492,14.235022969737043
1686.0,13.662579502295722,58.42708788150428,14.683777192198889
1687.0,13.669314681685176,59.396937419537544,15.197981093266618
1688.0,13.671113430421736,60.364178490001564,15.72224877966681
1689.0,13.60667810847361,60.828035076319686,16.10325412925372
1690.0,13.613750973521253,60.6770843729791,16.356779864422556
1691.0,13.922823867406406,60.18953736780205,16.419021192091936
1692.0,14.435769085959423,59.115603927449214,16.242747082114306
1693.0,14.912840733133262,57.66703532477647,15.971313589510507
1694.0,15.279289928210634,56.329532443074086,15.76882225688557
1695.0,15.420306661764231,55.85997987380876,15.77602845520591
1696.0,15.226078955143938,56.15349093110689,15.95632744218384
1697.0,14.696254957987474,57.00820809389156,16.206681419925197
1698.0,14.09961322970633,58.15527766557899,16.336336639296963
1699.0,13.608161900902605,59.12594671365083,16.359885750328516
1700.0,13.233965209463996,59.51329007837363,16.365662708867138
1701.0,12.972826083818523,59.21964427007741,16.298050775690115
1702.0,12.774185377368577,58.54983954926115,16.234068095429198
1703.0,12.629709872274692,57.64124877923555,16.07331066399929
1704.0,12.54172339927038,56.68271244250837,15.921001034548668
1705.0,12.545371124435814,55.79849857023734,15.847076357333822
1706.0,12.660231241772296,55.351543603099245,15.858476344035063
1707.0,12.784600065535924,55.16638023993032,15.828847132429656
1708.0,12.843093046519304,54.986122689674346,15.729266730914883
1709.0,12.97370342045756,55.0478213301996,15.647575227356594
1710.0,13.314341747342706,55.505927350909204,15.567065099964479
1711.0,13.764951903381332,56.05129259789885,15.596033809089588
1712.0,14.249652576589446,56.1976179506997,15.680923401698285
1713.0,14.708758196256007,56.127253935811254,15.689772762169968
1714.0,15.020447747182612,55.91758347097272,15.50307072375721
1715.0,15.138400588511264,55.83239572203163,15.33152820019421
1716.0,15.210098124158252,55.82173562520236,15.393913849011623
1717.0,15.352619665280447,55.83137668061292,15.721927130039331
1718.0,15.562995333614131,55.75148763085793,15.9191024358275
1719.0,15.622331505690633,55.647961817462814,15.719679877466524
1720.0,15.5064180829791,55.52683377055837,15.330062958255505
1721.0,15.310244321632336,55.13339738135316,15.143233126388335
1722.0,15.134933686448928,54.36670843971629,15.227589870589892
1723.0,14.973056175661219,53.20699791126754,15.392778171376133
1724.0,14.721313637101682,52.03704482376507,15.477704211160823
1725.0,14.500391278732689,50.91641302711201,15.489907346426241
1726.0,14.414202464340564,50.043337611153305,15.543903702191093
1727.0,14.45906450435868,49.272781348079874,15.704607003602899
1728.0,14.516728504402945,48.63330733737191,16.006155231868647
1729.0,14.472231097475644,48.217392377362806,16.338265211843996
1730.0,14.355782988064812,47.96306121475087,16.682935453798503
1731.0,14.284836211446239,47.707481849694894,17.0784650814912
1732.0,14.388152987086166,47.3270828524006,17.45004189986958
1733.0,14.718790718318063,47.14755030811847,17.738064456694584
1734.0,15.036421648359903,47.39153540385006,17.919851349695012
1735.0,15.10789879097056,47.98201107802972,17.81908816241179
1736.0,15.054699847893046,48.7928797552114,17.494295257928332
1737.0,15.055390813102184,49.56636746184319,17.288225297610772
1738.0,15.266350155193285,49.83408908055043,17.406825442455485
1739.0,15.577997665243723,49.49883885121086,17.79535735614118
1740.0,15.742368012177398,48.898443195951145,18.26068547585043
1741.0,15.60150564284326,48.696289177738024,18.76873439130927
1742.0,15.339950842297506,49.15052105763542,19.26523939187973
1743.0,15.136990280637383,49.6229098930443,19.601357184964
1744.0,15.00748062216406,49.758471457912876,19.528103303445047
1745.0,14.798509585065613,49.750049658079675,19.31278364769131
1746.0,14.411399719676808,50.0161738034015,19.28303756821971
1747.0,14.037283564477686,50.38224055065063,19.589542655616697
1748.0,13.946376497361946,50.524764040067666,19.99698182460225
1749.0,14.124925099757654,50.15714394858972,20.302007269239013
1750.0,14.286802616647691,49.78795774515073,20.461272315562166
1751.0,14.189807054112155,49.71876412930849,20.65276628182036
1752.0,13.99334208757905,49.847290612714275,20.949444647993065
1753.0,14.007062320053024,49.80880761606167,21.159773220607626
1754.0,14.24104256590175,49.22788025166855,21.556966409280875
1755.0,14.60987645789998,48.48111496383866,22.276362233799855
1756.0,14.85779653575993,47.98725696646358,22.934145831274286
1757.0,14.869638240566655,47.99812829104442,23.244127768477615
1758.0,14.769772022808134,48.19476147467809,23.232790228838635
1759.0,14.592860848438507,48.25376972266435,23.177716539840812
1760.0,14.497881194685387,47.94556516462791,23.258123165903168
1761.0,14.62947140274064,47.542779931595106,23.45005341185127
1762.0,14.953355047744509,47.291519658151344,23.693640838762192
1763.0,15.341300070920006,47.33368200592275,24.007377297625816
1764.0,15.831048937660505,47.46773445856858,24.336879294514752
1765.0,16.524474022838195,47.27460335133065,24.629507413874997
1766.0,17.345396696475852,47.06734127953292,24.783735437567966
1767.0,17.919357763776535,47.18774658104908,24.827044674682803
1768.0,18.33423574010918,47.750864178204,24.794253068935838
1769.0,18.74167903480589,48.394194515560955,24.898168009277086
1770.0,19.1141953049457,48.789656702054856,25.242027153017133
1771.0,19.408142924353406,48.720768125895376,25.555701490381974
1772.0,19.686739164070808,48.36317475005224,25.39046141013442
1773.0,19.887567650776322,48.21740626511271,24.92993226379666
1774.0,19.878461672170914,48.50897073428895,24.5466987629955
1775.0,19.850521348869904,48.8220826368736,24.250079766969
1776.0,19.922703879946777,48.78810158310401,24.00911506815409
1777.0,20.11029888793162,48.546794529106876,23.80902508091454
1778.0,20.25510458164778,48.24665663670857,23.7065769183576
1779.0,20.424391644212793,47.96757607849286,23.688535962910738
1780.0,20.63046956031263,47.81054520499866,23.61943981467159
1781.0,20.995080389472438,47.93684485400721,23.444960707440114
1782.0,21.342748197158716,48.14822482444299,23.432086048900004
1783.0,21.538161651006245,48.50995779617554,23.701011364955406
1784.0,21.69676892339848,48.963710881367355,24.006223620502332
1785.0,21.90213829518176,49.45375707117245,23.9026490530256
1786.0,22.34858154629225,49.71281496712152,23.35694937758979
1787.0,22.969482232582518,49.974593461138944,22.800609624502595
1788.0,23.660757619486944,50.29187359498285,22.450608986358176
1789.0,24.17968105154488,50.70477138000632,22.252741919873444
1790.0,24.452599039555018,50.92343281838861,22.010048488403974
1791.0,24.61442733881627,50.99934129758093,21.648627868233962
1792.0,24.65903298137333,51.160302314607584,21.23048846945538
1793.0,24.58069992555544,51.44501216511827,21.04126485365322
1794.0,24.586393304210247,51.87101921481136,20.965515210413404
1795.0,24.676881656702285,52.335161888092436,20.914884927792304
1796.0,24.645824368827213,53.21695846962079,20.82741793088356
1797.0,24.45895817305602,54.361778120857764,20.825720266624362
1798.0,24.48163880614637,55.26949539236084,20.970476279872624
1799.0,24.85307680091316,55.42414949854568,21.100484052532746
1800.0,25.326022834211027,55.14814152064948,21.236360871546466
1801.0,25.555930898810256,55.13585544255188,21.650107858887168
1802.0,25.486617092731287,55.70888649757319,22.290215065277042
1803.0,25.191923037394467,56.645211860485794,22.748054605792884
1804.0,25.022900441901836,57.259883846740685,22.849387941079158
1805.0,25.047965084449515,57.251011852339225,22.953998740219582
1806.0,25.06530048593513,56.56633404706479,23.198129240967578
1807.0,25.21231457074837,55.64383903579764,23.121845548664723
1808.0,25.42313332479893,55.00135691912261,22.449310546787718
1809.0,25.588145449628577,55.042753388137726,21.792230539310612
1810.0,25.596796978360395,55.23665696798603,21.74882638395769
1811.0,25.246808757202466,55.21632570213032,22.103008506570344
1812.0,24.621461069282947,55.089689221265836,22.379358618851985
1813.0,23.953895669191756,54.92780332707777,22.407200717655268
1814.0,23.38217514162113,54.84049597609908,22.261442097038692
1815.0,22.80057371652883,54.53805366813456,21.9904871785065
1816.0,22.34083925613409,54.03769425322561,21.61192821551887
1817.0,22.125364722864482,53.3536339591047,21.433852086746306
1818.0,22.271013623537552,52.987072197361805,21.454398024265565
1819.0,22.52985907886263,52.9692748297204,21.3839058652296
1820.0,22.77400269617647,53.15551121209406,20.993631482133406
1821.0,23.087636757632154,53.18494919686541,20.446877726705317
1822.0,23.52474909575906,52.909061848568406,20.10133376609121
1823.0,23.958497288667235,52.51951498675871,20.00880638128338
1824.0,24.31050760680832,51.903452412641705,20.005182959942854
1825.0,24.647314522494188,51.282313231559016,19.785431432606334
1826.0,24.9967091083068,50.72764516872306,19.42988399968832
1827.0,25.521228635241837,50.67743104264422,19.094483291663312
1828.0,26.038715004959943,51.051849679230436,18.926109106075632
1829.0,26.536549206004985,51.62477551616766,18.953660557832038
1830.0,27.086782361253242,51.822416787231745,19.077815648936493
1831.0,27.902331770559012,51.75206829539228,19.280814959416546
1832.0,28.780145143191955,51.959965740607295,19.60089453045506
1833.0,29.404940193382124,52.39432106194947,19.84177272433383
1834.0,29.81573532899855,53.04910217816373,19.790505417861365
1835.0,30.142180526302678,53.59421044593262,19.5632602841025
1836.0,30.304960041034814,54.173362350126254,19.350987825047092
1837.0,30.10761608241975,54.59452370821071,19.383876477113763
1838.0,29.66486507301074,54.656903670445566,19.756135297886004
1839.0,29.222946309188046,54.248036808506754,20.41361824679483
1840.0,28.814181750828805,53.75885103446842,21.0360901246183
1841.0,28.319275213898212,53.20747816990009,21.228940786206998
1842.0,27.998224388997826,52.654722716534756,21.026724684657054
1843.0,27.994836026514623,52.375686754635616,20.836366951500306
1844.0,28.333111323602786,52.42385742913634,20.858923702050987
1845.0,28.667308686349486,52.88398440067726,20.978689970895005
1846.0,28.891906951720564,53.39389118780701,21.02246598829064
1847.0,29.052654957050184,53.77601290336899,20.974007659414994
1848.0,28.979774725405292,54.012109510665205,20.868895180036983
1849.0,28.66433697591945,54.3197588606166,20.6669768395243
1850.0,28.212550123626553,54.461986471538786,20.39290709310542
1851.0,27.967810440830405,54.45222013862105,20.11315495665941
1852.0,27.98767319165479,54.39477956433235,19.853767591364626
1853.0,28.121150477315165,54.45440498659983,19.574056726920215
1854.0,28.057429710771064,54.567108013241665,19.329242410001765
1855.0,27.78802042264598,54.95364774505402,19.02886491684404
1856.0,27.486986442490885,55.93834677881694,18.74229178998266
1857.0,27.30674277269315,57.23895733233197,18.687938462220334
1858.0,27.287400036996484,58.7334844965774,18.92545472233495
1859.0,27.381215117405567,60.144850567995654,19.196486235392655
1860.0,27.58783927616955,61.09826865040543,19.142364539521438
1861.0,28.10009178824689,61.47955301256184,18.842300514198737
1862.0,28.805896587656253,61.50957756268156,18.729853013112
1863.0,29.446424285819514,61.54598469660001,18.893222696389582
1864.0,29.75420068621886,61.65050805676406,19.14791645677223
1865.0,29.815942059293715,61.95013112094112,19.24593807535133
1866.0,29.916943132826898,61.95839152861679,19.275071090901026
1867.0,30.065234070880106,61.529778363172966,19.126711879244933
1868.0,30.234543894811885,60.90642591728275,18.716009295292107
1869.0,30.33308948849352,60.69692161498087,18.232379490714898
1870.0,30.21891429023288,61.27282357253856,17.667425311411325
1871.0,29.93922500752155,62.40863014751689,17.174362641397988
1872.0,29.96544762000742,63.5499544498156,16.806776652535476
1873.0,30.32827134603655,64.05614959013361,16.64430890247431
1874.0,30.74607548153079,64.09758308877544,16.76673826616381
1875.0,30.82351965873636,64.17003630907284,17.08322146810945
1876.0,30.605804999576822,64.83615143559842,17.37682035758682
1877.0,30.340596521089413,66.02728310214842,17.479698624041706
1878.0,29.963601025521278,67.30529341910653,17.45719162207138
1879.0,29.578695624264395,68.41702737151394,17.575107797700465
1880.0,29.40167184686173,69.37368758826119,17.777404179337328
1881.0,29.65473830268595,70.4591992342848,18.023900044300962
1882.0,30.191130709171,71.48384595534401,18.150028110813597
1883.0,30.658685052774537,72.48502218582122,18.134432258666724
1884.0,30.94685851891861,73.47856561722102,17.964134671147473
1885.0,31.247110689630475,74.52618614165338,17.7694373966991
1886.0,31.5061137514031,75.54730744929708,17.622834829813364
1887.0,31.52163434516335,76.49694346418467,17.639939100052562
1888.0,31.34449551684025,77.62090029081813,17.878373322634506
1889.0,31.158133873754174,79.2541040355603,18.029145262690808
1890.0,31.126978659591824,81.13713807675411,17.837274046816482
1891.0,31.164565501839164,82.9363459638275,17.33547569253092
1892.0,31.054121081696458,84.49234483663751,16.939585988166208
1893.0,30.700536005545473,85.47305405863699,16.804414132115188
1894.0,30.25666823744207,85.89580583472099,16.82003058787576
1895.0,29.792492516675,86.07245620933804,16.73089342300859
1896.0,29.488143210979878,86.24775643056766,16.36856350569026
1897.0,29.610729012285258,86.09386579883113,15.809874429220356
1898.0,30.111043605091357,85.3706440848845,15.246742066250983
1899.0,30.504298027366946,84.30667995295295,14.786309864174351
1900.0,30.449151595263498,83.5911575524,14.427525851146054
1901.0,29.842570279723034,83.48575488521061,14.247761806330562
1902.0,28.86409966122143,83.42771708894094,14.105235769130688
1903.0,27.82020773319252,82.6684250681699,13.757439649319151
1904.0,26.99840914128043,81.35046946343927,13.26530375196286
1905.0,26.19641580873817,80.16201548377103,12.904041870157336
1906.0,25.477316416235517,79.32748686481226,12.906245503593796
1907.0,25.031129184232803,79.0540173251274,13.285456458982441
1908.0,24.95049563111936,79.28010442853628,13.861226322800903
1909.0,25.194037551639063,79.57458092067728,14.345317067700712
1910.0,25.464296120504642,79.85765285891125,14.625121725108304
1911.0,25.592839927534488,80.40159770295844,14.708822014051405
1912.0,25.609242514439696,81.14966112723586,14.608226652599578
1913.0,25.823117938683037,82.01717754998225,14.327210252439023
1914.0,26.287219011499694,82.71742101357572,14.0258116108292
1915.0,26.86302844059402,83.05562178637419,13.941690710149024
1916.0,27.338881526391738,83.08868880312609,14.155718172361272
1917.0,27.37709503947251,82.74581376255077,14.53187555014088
1918.0,27.081427511447977,82.32215163449578,14.860621230042616
1919.0,26.63305414164506,81.92921560622177,14.989497562942562
1920.0,26.3450719536093,81.60867610087921,14.841564087922006
1921.0,26.02345360125981,81.13052878336174,14.454811256067723
1922.0,25.641303786410486,80.68971510087606,13.948114207251455
1923.0,25.37654820694852,80.71735719579924,13.437622694452415
1924.0,25.603856239041104,81.32330100129717,13.014112022009753
1925.0,26.359072554144383,82.51314169525631,12.858684762594688
1926.0,27.272377496088524,84.1561095336365,12.938633022129698
1927.0,28.176568849229138,85.86853302023955,13.16583837285408
1928.0,29.10630424586977,87.46529738154572,13.450672216599955
1929.0,29.991341075925906,88.72268369128594,13.553584503533262
1930.0,30.504759426347725,89.54414628066253,13.429386607462561
1931.0,30.663037422404408,90.44593638115691,13.102667887240564
1932.0,30.832349578032243,91.48978723156377,12.816529954329422
1933.0,31.32782897499092,92.41365769166913,12.665014307380725
1934.0,31.776295610721814,93.21093254773643,12.66214302165806
1935.0,31.961489100739477,94.0391092372245,12.693682860836642
1936.0,32.1096806714862,94.54934462443063,12.759690085978304
1937.0,32.35598351335328,94.57264508897332,12.756209268925616
1938.0,32.32579673923777,94.38355175684005,12.7002784962999
1939.0,31.878992771129287,94.4481277357079,12.790075185256532
1940.0,31.574480242600416,94.73311005305159,12.9377173780829
1941.0,31.71936925698362,95.03459306341928,12.892083843614136
1942.0,32.07687570548111,95.2731194224568,12.732126100946038
1943.0,32.259667637054676,95.33687764294146,12.687200141048542
1944.0,32.43018940758107,94.98857447267139,12.60711698478605
1945.0,32.582173861552086,94.14273678157839,12.553840988737198
1946.0,32.558075267679186,93.27996611687537,12.534851559292195
1947.0,32.09122762784928,92.37116280300773,12.52433909606049
1948.0,31.589281495799124,91.21276959507827,12.321160815034231
1949.0,31.39415338984002,89.74488883620839,11.85281792581331
1950.0,31.350911634564707,88.00413587621985,11.30771699048601
1951.0,30.988372671744013,86.58123621603907,10.886688305813276
1952.0,30.557638277459173,85.5920220710989,10.67048825397797
1953.0,30.66796448576361,85.03638887584366,10.65430833519844
1954.0,31.11474588900004,84.68468588044662,10.913986836111816
1955.0,31.236657870434136,84.52444257305234,11.334094942249857
1956.0,30.75733046957546,85.0197324952594,11.728045637304964
1957.0,30.24869574405884,86.35328046078568,11.978046432380474
1958.0,29.956279800682985,87.76664275452067,12.160206544112514
1959.0,29.97201029497921,88.35315505256881,12.239580266674324
1960.0,29.911390723065093,88.42776292279783,12.290612675324939
1961.0,29.491436453223418,88.32283160951755,12.467064918921071
1962.0,29.053975426865563,88.34209559908481,12.533332960707456
1963.0,28.919678585695923,88.24735699476147,12.331726106508063
1964.0,28.978908884054317,88.11294635170513,11.961884285230404
1965.0,28.973160120306282,88.32727674224537,11.763983453251631
1966.0,28.786758604745067,88.53871810212217,11.643875915193759
1967.0,28.38138094849863,88.23133549250834,11.593407477422861
1968.0,27.96623545381167,87.50033568433318,11.529254686014385
1969.0,27.747790860383496,86.59776586395904,11.384076618923874
1970.0,27.71456046531172,85.43037834845158,11.233584937914484
1971.0,27.778134621431427,84.10566377881429,11.200578868213027
1972.0,27.699933613916567,82.98930270697147,11.403847427478055
1973.0,27.533429179465593,82.57791882244364,11.699809646452405
1974.0,27.383643670241952,82.91840917726117,11.832150290802918
1975.0,27.662661816764523,83.64745607977883,11.598440479518823
1976.0,28.144028821051055,84.13597876524088,11.14630738399396
1977.0,28.828130919753907,84.15027206557615,10.633948624238545
1978.0,29.501513904306744,84.08091146913864,10.173126818202602
1979.0,29.840243266476865,83.8085106680034,9.796723030599193
1980.0,29.85641897183962,83.50338740639307,9.472475320813368
1981.0,29.721509697594307,83.2673558389946,9.292970642687509
1982.0,29.665499381167272,83.26572117752775,9.266782616617684
1983.0,29.508127162183495,83.35012220838202,9.259551031837082
1984.0,29.377768674341578,83.56757256920602,9.257559040654163
1985.0,29.554240551713445,83.8718746208124,9.158720358655328
1986.0,30.08739161400624,84.27390038587816,9.016891197920653
1987.0,30.75859340153244,84.82207804864944,8.976580575117406
1988.0,31.430044108125205,85.55741609052053,9.010256920681
1989.0,31.959702070392392,86.27097726826108,9.046833829976162
1990.0,32.210503187710835,86.6922053722693,9.021866886130752
1991.0,32.05727614502512,87.13634274236911,8.953863239836434
1992.0,31.684953139933217,87.7974355900168,8.853494620065062
1993.0,31.297397178154828,88.72119790155219,8.788389443384805
1994.0,31.117603259708712,89.54979905426931,8.714676251175302
1995.0,31.192985458234887,89.98640435434896,8.584696424806866
1996.0,31.7582930958121,89.82712029030635,8.395491067106864
1997.0,32.68243337776705,89.11094907891498,8.152162871408533
1998.0,33.78607509624732,88.42430995322081,8.035182568972857
1999.0,34.835753187429475,87.99394684775886,8.108935506875333
2000.0,35.50189003488905,87.87456054662337,8.24738520607773
2001.0,35.620948426176284,87.88741934173076,8.30265924543693
2002.0,35.42564047414695,88.03911716685575,8.347304213434425
2003.0,35.00863383093692,88.48422703263027,8.473497338355473
2004.0,34.36833946583676,89.25730240127672,8.74892513130724
2005.0,33.84260559392645,89.87436666536883,9.100738750393024
2006.0,33.5203440164094,90.11525198405865,9.286977162046725
2007.0,33.501982027960715,90.1743770382814,9.36762004738624
2008.0,33.49091599870499,89.91667214657602,9.585324360306249
2009.0,33.59582686261411,89.8503380269449,9.926419995083066
2010.0,34.004911065129,90.03142634966771,10.145596825875623
2011.0,34.47598061035501,90.06286502762269,10.25624195535424
2012.0,34.79268990049979,89.67542187805978,10.241316842333061
2013.0,35.00338877584779,89.41715847585834,10.104831363118869
2014.0,35.13875308780139,89.32917253731613,9.986891028126232
2015.0,34.960716981742976,89.66784134541022,9.966194965431049
2016.0,34.656867430709895,90.31982310967216,10.003547883136415
2017.0,34.444431369783864,91.09936949812504,9.878418890082944
2018.0,34.14116575687541,91.8412619248587,9.822409996486103
2019.0,33.61476290306304,93.02027782616825,9.948892098279874
2020.0,33.181917836475044,94.6535396520857,10.204865708980803
2021.0,33.17669464937638,96.35643742896963,10.415026252734721
2022.0,33.46561688356256,98.03662290768025,10.521189226608593
2023.0,33.97595047165448,99.54023328193963,10.545218439482843
2024.0,34.7057891211278,100.31726063739923,10.508536615815038
2025.0,35.31290132921077,100.6171600893751,10.353499783849122
2026.0,35.14291416737557,100.66584670481643,10.31716267411872
2027.0,34.40356740131649,100.42853652779138,10.656996616561024
2028.0,33.85977387203444,100.22797037834751,11.222533969025704
2029.0,34.101807843017106,100.4566818085133,11.676628723875899
2030.0,34.834320506484495,101.02271477735206,11.701484040346239
2031.0,35.61247831944672,101.44153394003342,11.441006697760717
2032.0,36.19897630425342,101.04260428418463,11.148869312339906
2033.0,36.924454919729165,100.08041075822926,10.968921790302787
2034.0,37.911617224660276,98.90638007365291,10.81789272597338
2035.0,38.70228565410153,98.19897052558001,10.77929376334491
2036.0,38.84859401646783,98.12382640161816,10.93704937478342
2037.0,38.36735373930659,98.32258651295166,11.18838283611408
2038.0,37.84888342539495,98.15936609072033,11.515111301699289
2039.0,37.50131236286887,97.88969115693494,11.789898414256621
2040.0,37.350761538345765,97.74591861546065,11.980272053108761
2041.0,37.34218291392401,97.35756053170235,12.101039635001618
2042.0,37.52532566701059,96.6771886321466,12.1470562274218
2043.0,37.90960814352684,95.77890264249773,12.191296258189542
2044.0,38.51291442794831,94.93179823648859,12.398534505871877
2045.0,39.252095876593465,94.40718273864869,12.593292130520295
2046.0,39.82057378946315,93.93086008362707,12.652452603499105
2047.0,40.10903262248217,93.39505726946369,12.625243884291685
2048.0,40.06691227805214,93.17589724241569,12.718589840494241
2049.0,39.94260047065155,93.2244587200803,12.97520488103877
2050.0,39.85566380599769,93.22898884003537,13.179158827995655
2051.0,39.752395132995,92.92605386343021,13.227004440908111
2052.0,39.74934510886475,92.83358534934969,13.169904103814062
2053.0,39.932517648136326,93.31965280040349,13.266543133914093
2054.0,40.23768718198126,93.84577572192062,13.539498622617295
2055.0,40.53150823339704,94.20732293636758,13.934499332367292
2056.0,40.8069831123013,94.55332319439793,14.233132642177054
2057.0,41.05121975514586,95.06402393110743,14.45366058128088
2058.0,41.32580369095171,95.47348102807234,14.701797365153444
2059.0,41.19596240977746,95.61677741933927,14.95505771729838
2060.0,40.938796216853696,95.76996311985066,15.07715136461279
2061.0,40.907080655683636,95.95173130688065,14.865680045677838
2062.0,41.02740959990692,96.10718231680882,14.402841164262702
2063.0,41.031070161945,95.69712957813157,14.036672045160996
2064.0,41.07939388643114,94.89674198005694,13.81743830394225
2065.0,41.27852533669956,94.44338169667434,13.7282289290965
2066.0,41.51366093102558,94.6347941495739,13.760266946496225
2067.0,41.627169617088164,95.1669269827461,13.87012848743738
2068.0,41.825512570520786,96.00864883097609,13.960527508547944
2069.0,42.21417413785122,96.93396752356443,14.029976252007781
2070.0,42.26711051201392,97.64082980077251,14.18443922597884
2071.0,42.010551458723185,97.8053240827542,14.482124949419237
2072.0,41.88545660331649,97.722050329564,14.688079245009
2073.0,42.32460545571133,97.75809757239408,14.542325167481605
2074.0,43.05482775957978,97.87593651623826,14.24698507545898
2075.0,43.40074065339883,97.80430109926463,14.106706687388161
2076.0,43.12967293717411,97.30884005987149,14.203161270624749
2077.0,42.943253293344036,96.57011551655003,14.32293473703801
2078.0,43.35284570154309,95.68972026724234,14.31093276252642
2079.0,44.10811705262153,94.89920503585728,14.154526492155037
2080.0,44.67850317057191,94.22580104742607,13.942944119554538
2081.0,44.78974404174683,93.56405130462657,13.770243406552181
2082.0,44.4037841927106,92.77756944408328,13.62570565651182
2083.0,44.03010297692452,91.65475211163336,13.50738156011144
2084.0,44.179168712712254,90.38694881346602,13.245535960487723
2085.0,44.580502458588775,89.37179252033013,13.144334579265257
2086.0,44.80898708598935,88.65326010001942,13.382506842550374
2087.0,44.866635852908196,87.9770164065131,13.937293021103928
2088.0,45.051399745952594,87.61462639209225,14.61503440110456
2089.0,45.6395324821937,87.46676158193753,15.056721959126625
2090.0,46.39400753375722,87.08561984736784,15.188199875000892
2091.0,47.10461249566559,86.27997295526586,15.162088927174343
2092.0,47.31851444983187,85.4233326649564,15.107804262000812
2093.0,47.04136390821189,84.92340511117258,15.12220950226139
2094.0,46.53723329698333,84.58157407815025,15.311676138127417
2095.0,46.302480724158464,84.24534155195173,15.473384871091971
2096.0,46.73277468840151,84.13119240459083,15.581995733929467
2097.0,47.46063311434018,84.3405600376942,15.69117832616464
2098.0,47.99928223701105,84.56882923153609,15.688310224880066
2099.0,48.38780773858101,84.78050159548319,15.391795384602137
2100.0,48.878753896089634,84.88060465205704,14.836420631875502
2101.0,49.67636781679589,85.41739429352576,14.01516045777391
2102.0,50.6814881326681,86.70794293786581,13.013824649530411
2103.0,51.217897864157514,88.15279765791672,12.251269202873315
2104.0,50.94711032412779,88.24937540252638,12.171205125928687
2105.0,50.02842843316039,86.95941173722524,12.621635510282575
2106.0,48.81788211420149,85.92620570717877,13.13094368382736
2107.0,47.58353472687744,86.04016269263866,13.496867572101223
2108.0,46.74439520362155,87.23790680844978,13.732664737351442
2109.0,46.56639254982757,88.48918400688622,13.812214522190288
2110.0,47.00504369778354,89.56717713219946,13.707698598546264
2111.0,47.7485684991492,90.91424993082674,13.542030898515021
2112.0,48.573146602580685,92.44950226101165,13.208947896279255
2113.0,49.55663636108446,93.30083469452396,12.74272039399588
2114.0,50.45033123566891,93.0273454051854,12.386820137012931
2115.0,50.8668191714068,91.60215494844815,12.349913421791811
2116.0,50.87821704476611,89.29721847309231,12.504180439960003
2117.0,50.79651871120652,86.71919948444736,12.596676613875683
2118.0,50.8421566570807,84.66791565338002,12.555540903121216
2119.0,51.17089907476407,84.04408759691407,12.554798009087003
2120.0,51.631034736452776,85.0204784446119,12.664939430466898
2121.0,52.17765000554521,86.66528919271957,12.763527921663998
2122.0,52.924350573172006,88.17386326301532,12.707285999162242
2123.0,53.574319024704,89.335403772315,12.548175792859393
2124.0,53.5513694506912,90.33663513128982,12.431671321857701
2125.0,52.622223025123866,91.01555265571525,12.40340967238235
2126.0,51.480852017250264,90.81482205829084,12.436698927218977
2127.0,50.750166352008016,90.0113604519135,12.642881738716321
2128.0,50.394223756520994,89.32386980727897,13.11723893917441
2129.0,50.23251577584821,88.92776221663112,13.682429071020097
2130.0,50.22158037385158,88.64941952407747,14.218256769839746
2131.0,50.53805346448713,88.47287550520441,14.66646575299684
2132.0,51.11621291230969,89.10859026241063,14.971751252784172
2133.0,51.81692296880757,90.32054691094858,15.17996160145488
2134.0,52.499760412968975,91.30652073923359,15.462357274176158
2135.0,52.48420264476736,91.58580608984109,15.766729213488128
2136.0,51.52981606072004,91.66199874114531,15.812777877414858
2137.0,50.308136974477335,91.91582677773113,15.597039286881863
2138.0,49.50448123455242,92.17241437003986,15.32422124597965
2139.0,49.736994441867076,92.84432947685252,15.262923873823807
2140.0,50.93731041425867,93.81682598870847,15.465125445287416
2141.0,51.988735412330094,94.47114863034395,15.76672841934132
2142.0,52.385214257455836,94.10042643083102,16.09300741073844
2143.0,52.24694549812761,93.26812926396562,16.393724419080602
2144.0,52.15424459336078,92.99858815573556,16.570094378346088
2145.0,52.4414211473618,93.41410021271095,16.58468211391884
2146.0,52.99168557747775,94.36087414365147,16.612494122727558
2147.0,53.066387578837265,95.00984110948272,16.41756103173228
2148.0,52.40060866277266,94.91118975280354,15.99938384593208
2149.0,51.32670087091681,94.25650891764316,15.806235733498374
2150.0,50.450013313066584,93.49230237497588,16.069555749919797
2151.0,49.78872022572231,92.60478458211847,16.762739108979055
2152.0,49.268212068067044,91.68190269245153,17.517807124641205
2153.0,49.100287762020066,91.26500609704945,18.23285542122725
2154.0,49.51107244305383,91.29197754954691,18.933686198715936
2155.0,50.12885523246409,91.45263469092467,19.50583157809486
2156.0,50.39225908717527,91.53158697464879,19.874596941447297
2157.0,50.527400033863834,91.19689194421271,20.02804694322436
2158.0,50.946708613787614,90.17495591652927,20.037841912206336
2159.0,51.25177869488826,88.71300376956529,20.02472893602401
2160.0,51.01340164872689,87.17143759631671,20.061861580304303
2161.0,50.58011514730903,86.2100472946221,20.137922449379715
2162.0,50.69342200151694,85.77588311265117,20.29991078631337
2163.0,51.25307191108501,85.40241970434158,20.440184892108352
2164.0,51.83785312622782,84.80032955034511,20.531619288865336
2165.0,52.078726542773445,84.02181374471982,20.70675137423847
2166.0,52.33922605458487,83.55755210714364,20.859830749305576
2167.0,52.772638142561505,83.18977447681297,20.78654782843929
2168.0,53.057570145937554,82.80041178956036,20.48427934328019
2169.0,53.183519671582104,82.41171532467301,20.432858140335046
2170.0,53.30721376787594,82.00530947309089,20.739451644938615
2171.0,53.59359110747677,81.43835615504646,21.142523610000005
2172.0,53.7408249590033,81.01203434695911,21.41266741309152
2173.0,53.755241237135635,80.73290740418155,21.402661220179066
2174.0,53.76770498726811,80.54052503112001,21.09931749671243
2175.0,54.13587113358056,80.50566473052602,20.718567528354697
2176.0,54.57350382650818,80.83055786588183,20.520211445776003
2177.0,55.070125480929036,81.44252002963691,20.589023589917186
2178.0,55.72031780345474,81.59584687045982,20.81810535967044
2179.0,56.36568992405568,81.00691484757122,21.192067700346488
2180.0,56.56120254463997,80.3224115341666,21.747933040869132
2181.0,55.9893507983023,80.32510454177368,22.28094689038664
2182.0,55.010373420658695,80.79589318124684,22.658085998606097
2183.0,54.13764406148313,81.0208012352958,22.89390758744147
2184.0,53.71631688601623,80.63174207560111,23.201907605845225
2185.0,53.453403878224904,80.04115574019582,23.439740741352356
2186.0,53.184973408968126,79.93836991990904,23.464792985185007
2187.0,52.693471825284675,80.27437374341864,23.168248020408797
2188.0,52.05679715107213,80.93539018917701,22.672572006136107
2189.0,51.44450894249722,81.77659269801084,22.160977479101664
2190.0,51.04575184037576,82.54134055630227,21.66817090901623
2191.0,50.9682139066308,83.13536696774165,21.447323489372764
2192.0,51.41992719086871,83.22935543301404,21.46434801255424
2193.0,52.2631654028521,83.28263997914601,21.49493775782796
2194.0,52.772229734408064,83.5275184536417,21.307609805397554
2195.0,52.68540677427911,83.83908099462698,20.977921595192537
2196.0,52.29693745174261,84.02930519582998,20.63471952871934
2197.0,52.061281106166135,84.2938998295005,20.42872528392127
2198.0,51.874846798028635,84.99198329186969,20.429840156635326
2199.0,51.38473033368335,86.11851284483696,20.521059093908356
2200.0,50.652103494927985,87.09408788063895,20.51524504703812
2201.0,50.03937645882257,87.73792519474513,20.573960441833727
2202.0,50.00447917112333,88.07161939775474,20.844687015155206
2203.0,50.430118010812215,87.95497158556482,21.360541542176627
2204.0,51.03326121754623,87.61810320471584,22.091424686970434
2205.0,51.81361132708252,87.03963275766121,22.949883139769174
2206.0,52.6154230898361,86.50463175077103,23.715436782369054
2207.0,53.041156780096,86.59767541168387,24.32902837671332
2208.0,52.95217887882204,87.14841701549173,24.668495499442766
2209.0,52.605340565643374,87.8718146940507,24.560191122510084
2210.0,52.30430446076882,88.75166859274817,24.184559439910807
2211.0,51.98698663567203,89.7751658420871,23.80918473676198
2212.0,51.81479773579514,90.57023121370841,23.753292850224998
2213.0,52.12288594302469,90.71787829237233,24.040332537949872
2214.0,52.84996325159593,89.87430883610195,24.314744727702724
2215.0,53.66647416636986,88.61566746278207,24.268133255663482
2216.0,54.364063788528966,87.64924633071445,24.07656936016585
2217.0,55.1249616524507,87.4723869338627,24.041693067771725
2218.0,55.6970175365879,87.71304410271709,23.92784193517524
2219.0,55.68647424780269,87.84455347665882,23.81938352149194
2220.0,55.12502461323459,87.7046044699243,23.774875042398875
2221.0,54.277167049647375,87.55622318533511,23.910848860966084
2222.0,53.68630897604798,87.60181209148095,24.029145861263693
2223.0,53.31932813407226,87.8054572673018,23.7524286473954
2224.0,53.02895142724595,87.69987816823011,23.22882360124842
2225.0,52.98617278051443,87.10647057735916,22.909370037045154
2226.0,53.41829213088942,86.2955545263448,22.997196794201347
2227.0,53.90052379667971,85.56379500490002,23.16071315584778
2228.0,53.55107146702726,85.32770002049438,23.192048397780027
2229.0,52.63914461470489,85.91227604378952,23.000481472230156
2230.0,51.96248407194068,86.36592691479552,22.73438519706332
2231.0,51.580422751903384,86.53588279757292,22.347681642035568
2232.0,51.45841144426843,86.5785977375964,21.88850840658398
2233.0,51.25954725786684,86.39149679423484,21.383766859792587
2234.0,50.90713977228361,85.70301908120811,21.040174519849
2235.0,50.6672960749691,84.70504250685238,21.063097013446804
2236.0,50.66530459353312,83.74442538427587,21.38352029503906
2237.0,50.62619925598518,82.7096725120708,21.825812600420576
2238.0,50.39688047972056,82.28947046897227,22.14446997095503
2239.0,49.886864168635746,82.53140125433308,22.25473822370198
2240.0,49.12381221289542,83.12308529953279,22.085915794798936
2241.0,48.13124268960519,83.86960799179624,21.83787370389717
2242.0,47.46413315168056,84.51218062118744,21.590402647515816
2243.0,47.35151210629224,85.17147685556913,21.254862401760164
2244.0,47.55424294412639,85.73048559605323,20.727244920752927
2245.0,47.99998129003554,85.89674783672402,20.154385173855875
2246.0,48.66553813467548,85.63654653820271,19.993803485966474
2247.0,49.561221952720935,85.29175611703296,20.217544524849917
2248.0,50.22699817458668,84.99138866033537,20.40827715691649
2249.0,50.534508973189595,85.2055136310579,20.45506919516592
2250.0,50.590820081716195,86.03505533642989,20.46497444485254
2251.0,50.425427208134586,87.41709353959037,20.528488723256498
2252.0,49.95421228614776,88.82748028233223,20.499937254662207
2253.0,49.56722863980006,89.78887646596453,20.375739727434294
2254.0,49.6166858387548,90.65558671924111,20.428892246218904
2255.0,50.13701758858504,91.70829653967822,20.86664071888335
2256.0,51.06391010563666,92.94090902804086,21.41859133490176
2257.0,52.168855007881106,93.96956475797582,21.89776807451611
2258.0,53.28423023618304,94.72798954173022,22.08017874987871
2259.0,53.792262624117555,94.98455693320437,22.065161376241925
2260.0,53.48021179187556,94.87804448945683,22.004269425197144
2261.0,52.639967076901556,94.48539055890498,21.905539643706582
2262.0,52.007736345157106,93.9315177698811,21.594299046212218
2263.0,51.561184529789124,93.58121579248315,21.074528509908053
2264.0,51.29611172336156,93.66937939601716,20.59256599711863
2265.0,51.20470153209061,94.05434016538364,20.16936303578596
2266.0,51.051370818585625,94.78848854512525,19.888663109212146
2267.0,51.00481531400212,95.52813424412727,19.93401238599493
2268.0,51.478866853011155,95.57876988374665,20.3239172810508
2269.0,52.414228241423785,94.7108422383842,20.823742757553443
2270.0,53.63870704879402,93.64200672793763,21.536449834347327
2271.0,54.680720251451355,93.36490187665433,22.398718297475696
2272.0,55.325556538372616,93.7345513926927,22.887276680368117
2273.0,55.59632409170894,94.40001202461829,22.82631476067313
2274.0,55.68133983052873,95.3288681570551,22.671737881549824
2275.0,55.67350650577634,96.42155509692482,22.730876613296626
2276.0,55.81613849561641,97.02673495521209,22.8488534330496
2277.0,55.935814202722504,97.24135336271931,22.919558773893765
2278.0,55.986232092714936,97.9403672583138,22.840260480635216
2279.0,55.851504283704955,99.11209911870566,22.621242960602306
2280.0,55.86649346461328,100.23722191897554,22.311692865738724
2281.0,56.164496667251704,101.19890947874961,21.887569345000863
2282.0,56.61348210705534,101.70479089896364,21.464840499367323
2283.0,56.86925748724288,101.77354770914255,21.13121820989543
2284.0,56.478032638894234,101.67041001408515,21.037958344065775
2285.0,55.590267956192655,101.60539059130703,20.958282319429156
2286.0,54.725898414812434,101.58086977032097,20.89675068522703
2287.0,54.27796728914873,101.7719495288872,20.921672590981817
2288.0,54.255751231278126,102.1553642871758,21.114932062741694
2289.0,54.43544974650997,102.57455043507386,21.44765017021021
2290.0,54.4930645909484,103.013227574648,21.71356232300345
2291.0,54.52857840110491,103.63651683288484,21.84399299760829
2292.0,54.692765750208046,104.70920305609718,21.77302329508127
2293.0,54.73701179711368,105.93817900108334,21.491295200052843
2294.0,54.36271833549654,107.00715733812841,20.900035382176924
2295.0,53.95975687245946,107.57001416624418,20.197938265111485
2296.0,53.85520421748245,108.24954422144896,19.62110101586944
2297.0,53.982944986149505,109.34854888430593,19.420233232982
2298.0,54.070809115167364,110.44622723560003,19.424797840980414
2299.0,53.98445134188545,111.48984063209254,19.34628683720279
2300.0,53.89786672222722,112.75352233967983,19.07162250134333
2301.0,53.74344780941959,114.12460730413632,18.920694184085303
2302.0,53.44140192830777,115.2590646214185,19.01425223020091
2303.0,53.241222492892064,115.97458827637205,19.23734372365133
2304.0,53.47940707055611,116.26855371442606,19.178302736141287
2305.0,54.04989854004223,116.98913565050556,18.8159974168551
2306.0,54.6985589120037,118.3336733531978,18.48334574679739
2307.0,55.24903514195209,119.84212973893868,18.336976825737732
2308.0,55.82668433830243,121.20958061362599,18.546584182444718
2309.0,56.168903700466046,122.7130786374497,18.830569321147753
2310.0,55.88314315937824,123.73324268842201,19.00383381413091
2311.0,54.87817908868978,124.21813583466741,19.17305029594947
2312.0,54.03053899404492,124.79796402176682,19.588832464885286
2313.0,54.25329401142693,125.76885685291228,20.117381356087346
2314.0,55.46707419964621,127.11912256515149,20.468316962701604
2315.0,56.68120548947163,128.05854769086073,20.588506407441283
2316.0,57.497749514801704,128.14937140361477,20.53052955381631
2317.0,57.910315012154584,127.38898424866056,20.28822175883642
2318.0,58.04887406881458,127.07932459553368,20.004091185012353
2319.0,57.716815754690565,127.62768855569597,19.665447093624884
2320.0,57.054822327097334,128.55378601559843,19.288476860665522
2321.0,56.87876232360101,129.0770283596594,19.002502582596
2322.0,57.253083713640564,129.17511601856498,18.82552143817124
2323.0,57.58514511774203,129.47114886423788,18.797148408530912
2324.0,57.43304611960242,130.16579098279954,18.707877873828995
2325.0,56.850463275282145,131.06039600600153,18.529653649534897
2326.0,56.20467643357196,132.11103395498006,18.30408243232824
2327.0,56.02222310611227,133.469728312809,17.912080319539566
2328.0,56.73788962570806,134.93727312317517,17.357593400430034
2329.0,57.798044566606364,136.31082135852407,16.937895517810855
2330.0,58.31431844262393,137.17925261861205,16.783095421887165
2331.0,58.075141801157145,138.1614527241,16.772080418666302
2332.0,57.66256929769526,139.6266994707531,16.766747602128483
2333.0,57.25601398364535,141.08137313693476,16.82382796056228
2334.0,56.936749411251355,142.217613216647,16.925048576960833
2335.0,57.006349809999506,143.03659885011444,16.878477357804606
2336.0,57.32635781074247,143.75747108461877,16.60150494159091
2337.0,57.79897998230112,144.37939244479767,16.28211698931688
2338.0,58.31462970193862,145.09329500265554,16.177177641555616
2339.0,59.02689970531776,146.0191171259225,16.18770362450181
2340.0,59.30825825943395,146.8324549095092,16.375445177488594
2341.0,59.18890640169198,147.21322118014768,16.621161065149874
2342.0,59.00736325515499,147.40632596471843,16.798240387359925
2343.0,59.19956536316015,147.5089681798355,16.830351914303815
2344.0,59.51199050320225,146.98219851773467,16.992425827856483
2345.0,59.744273631363995,145.86582726150488,17.10791691094493
2346.0,59.49022245309024,144.78194713767047,17.105090037049802
2347.0,58.83534865251093,143.5626388369228,17.230447336614763
2348.0,58.38276247555829,141.9964060960758,17.425518764517868
2349.0,58.451635647244956,140.68696685780057,17.594240642273167
2350.0,58.747082817319985,139.70968566838363,17.635205521824055
2351.0,58.73149392389396,139.27558588140056,17.659244774023776
2352.0,58.655509233684704,139.06054964749544,17.67336611512328
2353.0,58.97692935565708,138.86462911996907,17.562487314057382
2354.0,59.56310861402459,138.62961166023499,17.1759183250176
2355.0,59.8555966328064,138.4274152201862,16.77198253939321
2356.0,59.87549568630564,138.1483769450352,16.56526727883581
2357.0,59.959144776573915,137.4561438991954,16.579566070989767
2358.0,60.29533293354829,136.63382818432297,16.705334058445768
2359.0,60.650046587083445,135.92595396750542,16.821064686151757
2360.0,60.66933947088044,134.98431420799054,16.839883737554704
2361.0,60.34118003451811,133.52951969918684,16.68922940628681
2362.0,59.73718223336024,131.94973152073504,16.49958614524743
2363.0,59.37022816580579,130.75594020252953,16.40881366644877
2364.0,59.66547740792565,130.29750083092006,16.550946502681704
2365.0,60.73026904632458,129.7269993803357,16.7017254051728
2366.0,61.96757649287068,128.7557645161877,16.82004248142474
2367.0,62.90429304112192,127.73375147108938,16.845555038869016
2368.0,63.54889499901696,127.13778041705336,16.734284242460404
2369.0,64.05335511555599,127.11404538770279,16.55837260735588
2370.0,64.4784335287868,127.60841144308225,16.474419426240793
2371.0,64.65799669004535,128.2732851333853,16.617914212857762
2372.0,64.44803932487108,128.79791389519224,16.793446309330182
2373.0,64.15692343351894,129.02102459323567,16.903606753108154
2374.0,64.14352261373523,128.44590319969737,16.973304097689002
2375.0,64.28975457951842,126.93500559202441,17.10698239705744
2376.0,64.02109581812583,124.75178457260115,17.22833107747815
2377.0,63.49847758708624,122.44969878488067,17.329864461040547
2378.0,63.17016925969165,120.50045862880863,17.165897837672524
2379.0,63.28378004426828,119.15768233451891,16.788577441545954
2380.0,63.64056911271551,118.44929888392225,16.41476593528684
2381.0,63.85010930550179,118.27453027013296,16.37670986362645
2382.0,63.414883975189845,118.17076965739295,16.625783619245286
2383.0,62.51647749452515,117.87356611041322,16.802838882827558
2384.0,61.53352491539557,117.59626741661882,16.760895363052562
2385.0,60.674722916071566,117.63573725816094,16.69404356139025
2386.0,60.07939928853603,117.959676867549,16.722037696947787
2387.0,59.99411053880572,118.12151971191898,16.70885170163321
2388.0,60.07725799143728,117.92463452597609,16.688217833167105
2389.0,59.96245354672329,117.51509061162506,16.65146921466459
2390.0,59.86222355774442,117.49012164015316,16.776746847439853
2391.0,59.76943855163668,117.94874473165785,16.956608489233677
2392.0,59.38449444455828,118.52501489304991,16.891313683950834
2393.0,58.60415610571881,118.82915141770951,16.49454725219616
2394.0,57.846016424178195,119.21834904343751,16.110507836101885
2395.0,57.19632591329406,119.86227526420159,15.90557349083981
2396.0,56.933743869838665,120.41893830821195,15.715989177709297
2397.0,57.0779814832083,120.62227892036819,15.357085296809357
2398.0,57.53154644790076,120.65356067126777,15.070713220932722
2399.0,58.35860655768023,120.59222148071403,15.04239635453501
2400.0,59.425512026526675,120.71612645185526,15.220869291145561
2401.0,59.913683794449,120.92734732908234,15.314594602791828
2402.0,59.77773938010652,120.85740151784698,15.188296525816579
2403.0,59.698885850759275,120.35747624078023,15.097832184530409
2404.0,59.99039953078124,119.87977719865529,15.12726293821037
2405.0,60.5693278490688,119.66640074995318,15.265269203479596
2406.0,61.33562779858117,119.9383001928845,15.44168385544464
2407.0,62.19166890956007,120.49583153434004,15.625549251263902
2408.0,62.868928091090694,121.10662954109922,15.802490602065316
2409.0,63.365586749110186,121.92513151506029,15.868118088924424
2410.0,63.88652650243064,122.92682518114799,15.856889050833901
2411.0,64.60181953891102,124.18118159728708,15.70793641557769
2412.0,65.40760788675894,125.78685480158119,15.468717429483322
2413.0,65.81862329124742,127.32816401807524,15.307475336534534
2414.0,65.99727986216358,127.76939732442898,15.389711352729506
2415.0,66.24503361944915,127.16130250485058,15.583735245375998
2416.0,66.8802427221269,126.04302763680994,15.803429486932561
2417.0,67.86690666793955,124.8762560602124,16.07405236592714
2418.0,68.82683106938678,123.71301668416424,16.334519809345768
2419.0,69.73840498495146,122.69037793185306,16.780047192712452
2420.0,70.71719450060957,122.49751413309748,17.392408981805318
2421.0,71.85983722405048,122.51230168236792,18.00728215047142
2422.0,72.89371277098662,122.47721541295086,18.234291277939665
2423.0,73.53411077881059,122.751730518244,18.210681679050104
2424.0,73.97461418585411,123.39867294002995,18.191803425439804
2425.0,74.4705134191222,123.98951376824895,18.30479016003145
2426.0,75.32459767733228,123.86616401202294,18.33198432708996
2427.0,76.4466791355223,123.04721835519808,18.011044717910092
2428.0,77.55493717608964,121.67377521842396,17.56061853530429
2429.0,78.19701269983997,120.02045261034789,17.410273393490282
2430.0,78.54857012123215,118.90688651807018,17.849943851997974
2431.0,78.80135287809904,118.19132344883892,18.48994960403434
2432.0,79.02846812112622,117.31571639601928,19.042648327216884
2433.0,79.10703431723503,116.61074744231809,19.43134931280418
2434.0,78.7851052318087,116.3400895463439,19.8526543807207
2435.0,78.42130723176153,116.73072402670837,20.31151484616804
2436.0,79.15918203330918,117.3515542834522,20.667461637904005
2437.0,80.64018394134472,117.52029126076889,20.764942619786357
2438.0,81.98994397464419,117.59573063025847,20.4653121948705
2439.0,83.15600834801006,117.51024737075024,19.97249192072836
2440.0,84.1028967533979,117.69348042561205,19.39508643453638
2441.0,84.58234569345456,118.26791615609653,18.98182038833161
2442.0,84.19666127814878,119.09891053687275,18.74576928090394
2443.0,83.23682315109401,119.71442893582739,18.58163764203922
2444.0,82.47394956824625,119.7655130387976,18.58888307239929
2445.0,82.16770521872655,119.62544040010323,18.77599315129331
2446.0,82.39021508977324,119.48038831197228,18.91499134002792
2447.0,82.91288268338329,119.30086513134177,19.086520825255047
2448.0,83.22923884095621,118.97000283118315,19.191900431758576
2449.0,83.03667465440088,118.2290534627113,19.100862222299025
2450.0,82.97651607244073,117.34194830451528,18.7556556682468
2451.0,83.10168335319553,116.84744113420827,18.498820609711785
2452.0,83.2377842151079,117.14472966782873,18.496777937038566
2453.0,83.1017621155619,117.91546987996543,18.706183015661537
2454.0,82.66182479530565,118.76442122615556,18.877747417814877
2455.0,82.1881470727243,119.47838515872863,18.96371587508861
2456.0,82.17491484794778,120.08691103594934,19.2492197056413
2457.0,82.7334661255296,120.60439648121087,19.79667671317392
2458.0,83.53998059003348,121.23081010395575,20.522190617291997
2459.0,84.09845724554518,121.62437116176912,21.102040276072408
2460.0,84.34192804893182,121.39175553946157,21.4898070186716
2461.0,84.74055935448784,120.43885174670353,21.763110705911707
2462.0,85.28990333045581,119.17449368885624,22.012834850599738
2463.0,85.7867920564867,117.94449704203218,22.132141197092146
2464.0,86.25470600797699,117.32136148854205,22.24695466389006
2465.0,86.91142601494285,117.43780926579296,22.48866968697288
2466.0,87.66001272209475,118.17528753771002,22.764202868971925
2467.0,88.10732897493318,119.32775017919118,22.86966858599909
2468.0,88.08733056232202,120.46964191354499,22.818126344640064
2469.0,87.85420877291774,121.5096939443695,22.78108148571774
2470.0,87.58639510155692,122.03303543847244,22.859929093201874
2471.0,87.17980709366256,121.69462413514027,23.056539255109602
2472.0,87.21236642916286,120.84599733290551,23.189241056784727
2473.0,87.6703696640387,120.31513811448654,23.3773530309753
2474.0,88.21861348810559,119.9267265656342,23.541547476389827
2475.0,88.26328468766933,119.38399322942712,23.6457762099716
2476.0,87.82145261550961,118.49765307131105,23.62918450331712
2477.0,87.01525386045483,117.62184654403235,23.723160798127562
2478.0,86.25502549280905,116.9494266547023,24.0803171144698
2479.0,86.03229403974747,116.46558110159928,24.686697285183904
2480.0,86.36710865830057,116.11053390141605,25.29565378078311
2481.0,87.02089807068056,115.73956394208044,25.508238031726254
2482.0,87.71368470574407,115.26374422317923,25.44752132594618
2483.0,89.1159356601042,114.44658223308451,25.308302689401643
2484.0,91.03351908798061,113.64911067236304,25.427872649080946
2485.0,92.83350075390483,113.49994233546096,25.875985949811366
2486.0,94.12521798091477,114.33476505377637,26.4843261867787
2487.0,95.03212357202123,115.68523737213184,26.937071784364704
2488.0,95.60151788343222,116.70686222721073,27.074723220241296
2489.0,95.82052340987356,117.14927226845701,26.76486416605946
2490.0,95.61511060340827,117.06188254702515,26.23815408913502
2491.0,95.07170129764243,116.85780625662834,25.71534728931204
2492.0,94.46960360475627,116.55215271475274,25.3336779406867
2493.0,93.61277263944157,116.59473273683872,25.1835608143727
2494.0,92.62914484818107,117.13360483530121,25.21054302682322
2495.0,91.90618472544544,118.27145776941511,25.334239957301516
2496.0,91.92607087389142,119.24838198823556,25.36443705045042
2497.0,92.26459343524276,119.50250281430323,25.186263253539895
2498.0,92.58142973663082,119.28043548186773,24.658222671031623
2499.0,93.09824090112444,119.13004412970808,24.122107907417586
2500.0,93.99130724774818,119.69465621932812,23.74329173177668
2501.0,94.7141431497967,120.49579135830626,23.346345549463585
2502.0,94.57223372840146,121.2867319852133,22.833607912480055
2503.0,93.58002070264936,121.95928539891685,22.241690325145314
2504.0,92.41584509265496,122.25605440463812,21.730205403787583
2505.0,91.56820130263883,121.77746559315324,21.182986091054797
2506.0,91.14486072577272,120.55696042973298,20.735767757127753
2507.0,91.22937262319883,119.61636782855821,20.297404610748806
2508.0,91.69884885402358,119.09515269982495,20.010276812445344
2509.0,91.95967921376489,119.18005406930229,19.90615251865032
2510.0,92.06673618316003,119.3711394411284,19.822647156847925
2511.0,92.57691576202681,119.60740759097449,19.736953764429725
2512.0,93.50884468760817,119.76718152768166,19.743057075856
2513.0,94.46883362377224,119.9402046897,19.7974179810981
2514.0,94.87165090924324,120.13143855504839,19.735358270842177
2515.0,95.02632099791738,120.38205330412534,19.500886955886344
2516.0,95.32866351105366,120.2388857096245,19.093577633514027
2517.0,95.45962949920451,119.59817822346305,18.694737186304035
2518.0,95.34601331208202,118.4696073855003,18.31171259684532
2519.0,95.18485933827074,117.28798876556986,18.039101557588324
2520.0,95.56518150685476,116.38667983451093,18.034771919649025
2521.0,96.13934161990782,116.00405604963075,18.387083017222768
2522.0,96.71016950149713,115.99953053755314,19.028094645823387
2523.0,97.06283659256016,115.50050016803283,19.59718499135522
2524.0,96.9939957998669,114.61780241979555,19.841115258793423
2525.0,96.72541241799163,113.67054787218326,19.911881397474534
2526.0,96.22376608601344,113.16200079314795,19.98180098335661
2527.0,95.37246705865351,112.62807449415352,19.98540190115253
2528.0,94.18928647267458,111.87624829876073,19.832536153974544
2529.0,92.91360947033758,111.33079077850334,19.698340454101565
2530.0,92.23335571125403,111.20735828555101,19.718242293267558
2531.0,92.3599865187625,111.21557653769614,20.01225342687272
2532.0,93.22920010284469,111.14992336496898,20.55337173505268
2533.0,94.29660320469132,111.31283037768858,21.214258710175088
2534.0,95.16126779105771,111.61252921471929,21.782840409746086
2535.0,95.45662826840467,111.51878544268004,22.356152502507666
2536.0,95.19394869413429,110.38936242274235,22.857029192596507
2537.0,94.73725464427775,108.91935188504787,23.145209208649174
2538.0,94.38278348673364,107.65231524488573,23.138236939941734
2539.0,94.43478653441407,106.66496648773793,23.104782401848166
2540.0,95.15765006251824,106.62926539795258,23.33202192663885
2541.0,96.15825377899225,106.87845512240143,23.575291087310852
2542.0,96.67322304670779,107.35843153676616,23.608400194379662
2543.0,96.51894067759673,107.9848631945099,23.21502840173762
2544.0,95.76120700813617,107.89499310101714,22.59002637546536
2545.0,94.95346329922185,107.72639871794915,22.089205989135184
2546.0,94.73065869196847,107.55748107923945,22.061093370883395
2547.0,94.47630593480359,106.79199540213199,22.255159592152502
2548.0,94.16910110601533,105.66473996625396,22.426854205858
2549.0,94.46847594622048,104.46885244752032,22.946574389108555
2550.0,94.49767749285074,103.322618476643,23.21957729220452
2551.0,94.27069854005181,101.98568044764006,23.264627277229284
2552.0,94.59188648244616,101.53440063459834,23.517160259072277
2553.0,94.888698012889,101.65766064284519,23.752646207466196
2554.0,95.50206818845471,102.62751509630263,24.239989955878503
2555.0,95.36130185631437,103.2626714781786,24.618628740920016
2556.0,94.86078971942717,103.77881157196994,24.92435251216743
2557.0,94.11768370201509,103.64988509106873,24.98357519862756
2558.0,93.41512587562099,103.19087949449994,24.98718964147344
2559.0,92.6474513682483,102.63422323364213,24.97066361129025
2560.0,91.5295616066132,102.02935676016644,25.036885395296352
2561.0,90.24551852563464,101.6768698016658,25.161591778528923
2562.0,89.34571365052754,101.45585798204222,25.57605368909529
2563.0,88.7013911976506,101.48527613193843,25.873949217393644
2564.0,87.84588475764362,101.50874464696926,26.156979855422456
2565.0,71.09073827498847,75.97927036689484,10.454056167827424
2566.0,70.4408338603383,75.60447220272559,10.504749693761983
2567.0,69.84299458581914,75.48076711790223,10.422438005508408
2568.0,69.55150578745064,76.01625612601741,10.17611403600484
2569.0,69.52602066500864,76.97892384822903,10.04116985718025
2570.0,69.33506948920807,77.47072965592238,10.014683476326342
2571.0,69.13425022499074,76.73003645198216,10.057460695646
2572.0,69.05928808519491,75.15091394723278,10.108818110839296
2573.0,69.15526556526025,74.09284032746642,10.23489599616576
2574.0,69.46471570133222,73.71122458681225,10.433666816089692
2575.0,69.50708567531375,73.33543455822655,10.65255754721536
2576.0,68.87390723993026,72.85667409237864,10.721977942581924
2577.0,67.8295426325303,72.47255253936318,10.776676568356613
2578.0,67.01424651455561,72.57064772386055,11.085401911119078
2579.0,66.21520487847441,72.60288438153208,11.619155585688063
2580.0,65.03597331502432,71.68617408198881,12.041334517320012
2581.0,63.67710446223811,70.02638513178424,12.169868073742439
2582.0,62.5923066244388,68.79438001940981,12.233006607466542
2583.0,62.13574536012899,68.37184702740169,12.251193809083892
2584.0,62.30798667700626,68.22180606341155,12.21230674024321
2585.0,62.555210844266455,68.165924629999,12.177500647096657
2586.0,62.754299876084545,68.09342665736327,12.13691372159017
2587.0,62.78761641160951,67.73472262806114,11.97811585876576
2588.0,62.9512244910378,67.3091447507308,11.72479623723504
2589.0,63.53929162786983,67.0656887846255,11.472054864580839
2590.0,64.3742256164921,66.67654648981267,11.21017886768667
2591.0,64.86825232656234,65.85372764405913,11.003650975777523
2592.0,64.80626407365777,64.9283709709719,10.93690055484422
2593.0,64.88013956998037,64.20938265471504,10.912120627897009
2594.0,65.17411224481322,63.782466441879066,10.75936762175625
2595.0,65.44033803695048,63.68870713169943,10.616420294070915
2596.0,65.74431029041371,63.917742927568995,10.615229554672581
2597.0,65.79401196288768,64.3049135102868,10.762564428520257
2598.0,65.46324147244678,64.11962448632686,10.797918699588568
2599.0,64.67431182220007,63.42918822579181,10.633218439571793
2600.0,63.79535425536037,62.74356270502057,10.403508478826879
2601.0,63.09182709286424,62.261483141549164,10.363590393089487
2602.0,62.4422556006199,61.66090991045413,10.588059078249444
2603.0,61.62042243651122,61.14007067111149,10.691391863780972
2604.0,60.41447525654351,61.10977326011244,10.650776813116783
2605.0,59.247356908296425,61.558154028228216,10.560723559698356
2606.0,58.35539596503054,61.975803582076566,10.533442781486496
2607.0,57.5560056733995,62.331834713829636,10.470546151326628
2608.0,56.60078484027747,62.84091189653148,10.47828462595898
2609.0,55.55865993210514,63.61978909241001,10.53529099520769
2610.0,54.80735113974568,64.3933041610637,10.685869413433537
2611.0,54.364280855724786,64.95942611544477,10.995477581335843
2612.0,54.010873807586094,65.24738379412098,11.302981130687423
2613.0,53.64552093122748,65.19874915727158,11.50213414853453
2614.0,53.19033419170935,64.81203348260611,11.380606086566853
2615.0,52.946142488099994,64.20299462937149,11.255455864994431
2616.0,52.814385760749445,63.92590689690627,11.368658073580166
2617.0,52.67147505958527,64.16313902998608,11.71654288878096
2618.0,52.434584967694406,64.591762735166,11.918535408211776
2619.0,52.02675430995562,65.06902498027577,11.890105722274628
2620.0,51.4278810285052,65.58277904801304,11.81375883580201
2621.0,50.88994891107672,66.25379826060673,11.836151791951975
2622.0,50.55840178938191,66.8621245333243,11.929122995664061
2623.0,50.455075191736945,67.2874676784257,11.998459874246075
2624.0,50.369211654128996,67.6903037749416,12.08034270368799
2625.0,50.1599016421795,68.30241281476967,12.146889144501564
2626.0,49.885438852628496,68.94842280124969,12.325932204062491
2627.0,49.6616684444226,69.31895579747638,12.582574064505456
2628.0,49.396663953872554,69.34772608834581,12.917806470107701
2629.0,49.064041791597326,69.3192270523256,13.244748397008921
2630.0,48.709749939677444,69.58497975099021,13.587180237280563
2631.0,48.39524357556101,69.89602246674049,13.940455726842483
2632.0,48.10801609731318,69.89518743406958,14.224272292343363
2633.0,47.64900443931519,69.75700730356262,14.501830638828686
2634.0,47.33210761175556,69.5661998766094,14.789993503669123
2635.0,47.5570395722319,69.25805612319195,15.034916447234098
2636.0,48.20830882865412,68.80616049781544,15.011325220358524
2637.0,48.704550825978586,68.44864817848682,14.880682204324613
2638.0,48.98126237166255,68.27886887494019,14.8943123464113
2639.0,49.47915001841022,68.19999324757683,15.204488317410757
2640.0,50.37884334169858,67.91602226383212,15.692329157761892
2641.0,51.45543823489405,67.52668730931829,16.06092653048962
2642.0,52.46476168262457,67.20055197948872,16.3025913585385
2643.0,53.31151410296649,66.65546922468482,16.569654345291042
2644.0,53.57819532808958,65.95419349807844,16.960091125552132
2645.0,53.139051503302916,65.29733382894696,17.311038545619102
2646.0,52.29820155392519,64.7937990470862,17.54501718844111
2647.0,51.397886179362246,64.37051342411428,17.51955433324869
2648.0,50.47259896373714,64.31710077470838,17.450866012222154
2649.0,49.6112904902892,64.66062146631049,17.440991646400168
2650.0,49.118810973467454,65.69679167195095,17.50738018069498
2651.0,49.14591650930882,67.28971053235452,17.66824378038822
2652.0,49.47455092205162,69.09659358408578,17.8732194176963
2653.0,49.63828918894249,70.51821971461156,18.129372801486415
2654.0,49.286233933048564,71.41940556354007,18.38346711094159
2655.0,48.510146823990766,71.95024099521446,18.445554593102596
2656.0,47.713076456256175,72.26258887832545,18.29907199860293
2657.0,47.21166024964118,72.44010737045917,18.152263551170126
2658.0,47.19601940750752,72.45985396209318,18.022530655895814
2659.0,47.497603038676225,72.58589350114438,17.97927365175097
2660.0,47.87758653996519,72.68230892417185,17.978195809736462
2661.0,48.40992534749322,72.90041884030914,17.995739477396103
2662.0,49.32982715017299,73.26159526293755,17.9762590826051
2663.0,50.38198715076846,73.20890599325651,18.077641671961
2664.0,50.90418495775693,71.93320741133742,18.539751053348454
2665.0,50.729767504080904,69.60685757222609,18.997958490065855
2666.0,50.389375048075806,67.51986041416336,18.908426974568055
2667.0,50.177567750223254,66.52472383723564,18.19059324196365
2668.0,49.89227377425262,66.31545623661506,17.362046901498683
2669.0,49.51014364122646,65.9273607974876,16.997553720656285
2670.0,49.44477521623044,65.2917960970959,17.314359488956235
2671.0,49.88169654152204,65.11194668016677,18.150359988530646
2672.0,50.4371452493735,65.46117587284179,19.108830302106337
2673.0,50.601420727172346,65.43315441653255,19.919095493764335
2674.0,50.41329544785648,64.90775846205484,20.350596845518414
2675.0,50.029096558312496,64.5362090049508,20.31569577689271
2676.0,49.661920590107684,64.37544806066482,20.004140920281205
2677.0,49.30650873118243,64.19193713032666,19.42828025000025
2678.0,48.97713744744023,63.92458782792462,18.91077517380745
2679.0,48.75030076387923,63.931197701181695,18.851321370341505
2680.0,48.59916715945987,63.97862706468225,19.475273409429636
2681.0,48.52954036010979,63.985182297772354,20.316021475235065
2682.0,48.80595285509054,64.08564735502038,20.996945870582
2683.0,49.589450349815955,64.78327029878247,21.10377516685101
2684.0,50.27741810978042,65.70069640404348,20.876138035582386
2685.0,50.28743784923222,66.41303215640995,20.58184106121796
2686.0,49.704613894476005,66.45268108464495,20.347619135372263
2687.0,49.32266875779899,65.91036942595602,20.148968133104038
2688.0,49.02351302004849,65.3304264519036,19.833171744542703
2689.0,48.52780590257605,65.03471832539236,19.47029992126504
2690.0,47.71078320534254,64.77044274759432,19.161970272647892
2691.0,46.69032672300591,64.23513204934598,18.978522075562395
2692.0,45.68877876094321,63.539890422348044,19.005232141330865
2693.0,44.576215481319146,62.8885645063841,19.201593773899777
2694.0,43.7262523448691,62.56770291863001,19.09397063914563
2695.0,43.1598612198569,62.799333341577245,18.3737100122253
2696.0,42.90961962134876,63.303359562251906,17.455742492049
2697.0,42.616942575814,63.53176596564673,16.8250800645235
2698.0,42.37349794534026,63.40357079447425,16.66547709615059
2699.0,42.21624366524007,63.62624950098883,16.80741619729431
2700.0,42.14106193258527,64.7259891539982,16.88224278144042
2701.0,41.95155970098562,66.45472232390803,16.723378673582925
2702.0,41.48511487514661,68.4854863415134,16.409232762760453
2703.0,40.86539600113093,70.44380011161863,16.123824166574273
2704.0,40.357695185612236,72.2759361672113,15.993898421818072
2705.0,39.89000012814547,73.99611735627816,15.994311305734323
2706.0,39.5320730236511,75.15341375009905,15.9939204976152
2707.0,38.94056717652506,76.06210402787127,16.00400737089079
2708.0,38.08534087590355,76.80362798034578,15.991237040164073
2709.0,37.47119663151329,77.59378428845024,16.003996809570182
2710.0,37.03534685142934,78.27189980419618,16.266060160896156
2711.0,36.710921029355355,78.76394177649273,16.578575742259275
2712.0,36.447060104056796,79.61205072127576,16.562072447472868
2713.0,36.09508145836634,80.79724777701895,16.32379209679826
2714.0,35.80625066999635,81.72664349381313,16.16571479650778
2715.0,35.567881353265946,82.10506653650084,16.132584976205546
2716.0,35.35425112140593,82.61467207038905,16.121950612877715
2717.0,35.042691454913026,83.3617796912119,16.324722907766795
2718.0,34.78019663193907,83.99109867580968,16.52745032837089
2719.0,34.56678429062462,84.0209381780751,16.61395673033151
2720.0,34.290705286384096,83.64455337975252,16.708433292784502
2721.0,34.24077585031296,83.66702267832721,16.61219666905519
2722.0,34.32825480521762,83.82135355459204,16.38543012941104
2723.0,34.413522503089915,83.82708639802543,16.023395986442967
2724.0,34.372412817936876,83.4966374710853,15.651802021700506
2725.0,34.643705800812164,83.18620625893259,15.339442703587205
2726.0,35.255476261229475,83.17338494709693,15.161775162146258
2727.0,36.12153015375625,83.58669902425187,15.098037577669649
2728.0,37.01603102826081,84.3791037026542,15.246919262400338
2729.0,37.61112912935569,85.13514254544368,15.512355700899843
2730.0,37.98444343794528,85.5855260939545,15.786884585007414
2731.0,38.338443461564616,85.54463529759582,16.165441312303923
2732.0,38.88587049478418,85.58965515923136,16.728736082846616
2733.0,39.4823995203947,85.98254820445982,17.4679144791181
2734.0,39.86801300047109,86.42520490406775,18.349369548021293
2735.0,39.93034007525948,86.66605368392497,19.21881664275733
2736.0,39.744099134294096,86.77860732161295,19.969625390128137
2737.0,39.53729366874131,86.73096748287121,20.620023105167554
2738.0,39.419679030186494,86.32150048957607,21.094467053935965
2739.0,39.445412434087714,85.74177333658575,21.328432109539406
2740.0,39.79689518116224,85.3488929942865,21.247832460657893
2741.0,40.57680788985228,85.03715223479281,21.066521803956487
2742.0,41.53759499071288,85.1554011605173,20.89019915969846
2743.0,42.16941090629249,85.68512157149067,20.798405970465762
2744.0,42.41995069386119,86.09905377143946,20.764307216554567
2745.0,42.520249682478095,85.96754585216699,20.79631493021338
2746.0,42.486251003370754,85.74455626501091,20.879065066005634
2747.0,42.26827035475566,86.08155733009696,21.00341942844451
2748.0,42.21888594042207,86.76956443893195,21.24784896280398
2749.0,42.2088403292556,87.24242954166337,21.650198312672565
2750.0,42.21311041583336,87.03034921643366,22.05825511111359
2751.0,42.57840652242865,86.2914058676169,22.249522208889605
2752.0,43.36506331314456,85.58655020979202,22.407617183872137
2753.0,44.290520790429255,84.77325073970015,22.583318350042813
2754.0,45.25675204004065,83.82966906153099,22.625100101171405
2755.0,46.44215966906135,82.65811299630953,22.641760251728655
2756.0,47.59388172243424,81.94922855521294,22.796711100477022
2757.0,48.5693296525996,82.15840570471333,23.020967995932068
2758.0,49.38934357279235,82.71567425403333,23.403089730275997
2759.0,49.9836088849375,82.96254305068442,23.83408041953664
2760.0,50.365300219493044,82.79649269284602,24.189337102335237
2761.0,50.477568192480284,82.35131152748227,24.495988509661373
2762.0,50.583602206225,81.50109574260625,24.757162581649
2763.0,50.92121252712741,80.49209906920797,24.92349511969533
2764.0,51.63896794802977,79.44565708917224,24.890881728532538
2765.0,52.49351251112685,78.66376124017722,24.748379236445004
2766.0,52.988440408751764,77.96919580528056,24.859793132832163
2767.0,53.08315179780774,77.59095389204256,25.21158841197535
2768.0,53.25095346914351,77.43328768145832,25.58236849412453
2769.0,53.40282918324912,77.09269453340958,25.944521051994606
2770.0,53.67285580864064,76.44803681346625,26.37903528275625
2771.0,54.18042945639564,75.78754744696309,26.722887214588773
2772.0,55.173538710265575,75.48594245467433,27.134546221797304
2773.0,56.34127314571141,75.48743458461725,27.742422575319914
2774.0,57.47732346253799,76.14120725130613,28.400472082959052
2775.0,58.156116066727755,76.76585938282062,28.85275474086456
2776.0,58.24702515236278,76.81137008801635,29.06077229469154
2777.0,57.927086124778086,76.15647414069258,29.135843460974357
2778.0,57.46344719047623,75.39062667740622,28.912718967449614
2779.0,57.30419690055666,74.86180418625743,28.533348007915176
2780.0,57.39883204755886,74.36819479104017,28.169927139320805
2781.0,57.9366352595249,74.24303534401045,27.924632562939113
2782.0,58.6118106190419,74.50301373445461,27.795554340100146
2783.0,59.41952414001284,74.8407757978542,27.946965735661436
2784.0,60.38303219427791,75.02784689726627,28.21507953983292
2785.0,61.15686811681307,74.94861733464029,28.580158436672303
2786.0,61.629004367627914,74.13273610816458,29.276392494292324
2787.0,61.615481985826875,72.63990674123733,29.809239688720822
2788.0,61.6033131107484,71.28175040047513,30.086926690462214
2789.0,61.67466596448469,70.23846016490288,30.483360129806435
2790.0,62.5719530203166,69.67502130160597,31.299400903275558
2791.0,63.695355238350245,69.34633822943822,32.15766426263529
2792.0,64.4758972464385,69.28482421747539,32.90507596744094
2793.0,64.77945232365035,69.4955439522736,33.660314782036025
2794.0,64.84592800748537,69.77874207442976,34.45581781529715
2795.0,65.17042856483056,69.55940409281138,34.988882875839224
2796.0,65.48063490315148,68.68203253416601,35.26881558225405
2797.0,65.78965023739414,67.78763199296728,35.46514715611738
2798.0,66.44150292094974,67.53663080477469,35.58844062978304
2799.0,67.69701964861042,67.37962476401631,35.667472764514514
2800.0,68.858734792175,66.39652522987971,35.71883410229602
2801.0,69.54839626132895,65.32565950993246,35.7446569910406
2802.0,69.52111970862546,64.87357618462916,35.831549754353844
2803.0,69.24055842587379,64.6507437329287,36.01550338877307
2804.0,69.10337187694154,64.29973524285188,36.36797196602978
2805.0,69.38084878875958,64.4148199206103,36.728021266664456
2806.0,69.81973890208282,65.1171972513771,36.844857145812455
2807.0,69.9476928324001,65.93276789010024,36.96277665199208
2808.0,70.0318941783671,66.2479246611615,37.155101475862374
2809.0,70.38770119172261,65.77288569914643,37.2315778513093
2810.0,71.12176582039562,65.22625001920346,37.380637842737904
2811.0,71.77505459593506,65.008692883114,37.724517780029444
2812.0,72.2471078189442,64.92103292685074,38.19083610520985
2813.0,72.72905383019028,64.71825468521055,38.78646425832643
2814.0,73.3360554213432,64.5863057952787,39.232860340996005
2815.0,73.6418403531394,64.70461711248072,39.74770375808399
2816.0,73.38235009524901,65.08260538176921,40.357007691698236
2817.0,72.8679999240768,65.65983223457725,41.04826894379929
2818.0,72.60897546978721,66.51055584742818,41.614803768562766
2819.0,72.5958029733334,67.55868282978739,42.04213604608557
2820.0,72.73509187372696,68.664955290624,42.35209691476028
2821.0,73.41469539868899,69.7332665716123,42.39442021489405
2822.0,74.50400843331317,70.8405461574764,42.1937475863451
2823.0,75.4379948467937,71.8527036512187,41.84034202923499
2824.0,75.70442459117467,72.46565063793378,41.571716105766505
2825.0,75.9455202681253,72.5242775421673,41.45675492841168
2826.0,76.54478874940715,72.19776691388213,41.435470701298655
2827.0,77.34549238783053,71.70748855523239,41.47447726143898
2828.0,77.97550109451146,71.10305879523322,41.52375029380056
2829.0,78.32065213089936,70.57623191740718,41.689757703982785
2830.0,78.51822305239078,70.04899827322174,42.11887612469061
2831.0,78.55880481894025,69.17008341183494,42.58083589393251
2832.0,78.44658380359792,67.86654534371716,43.08620233686562
2833.0,78.32300427381168,66.70621171455095,43.373544826871495
2834.0,78.56542605107026,66.43817728694383,43.32921791289503
2835.0,78.97731864825855,66.92237391844873,43.2275357256921
2836.0,79.10514519755974,67.70960748164765,43.206011704384004
2837.0,79.18501504254213,68.13484993665034,43.18140568038624
2838.0,79.69462666791412,67.76829181142699,43.00150318392385
2839.0,80.27332260697011,66.703227058003,42.85407759984071
2840.0,80.29652464877249,65.19521302617677,42.54101117109064
2841.0,80.24041437156198,63.88076998224363,42.37020420593681
2842.0,80.11144398465014,63.16044815813595,42.30209482851672
2843.0,80.0099000053131,62.75331061044964,42.276817794236266
2844.0,80.01058285473498,62.309480143878574,42.12280961857656
2845.0,80.13509491916699,61.77343304070713,42.04558702645706
2846.0,80.33669588799897,61.795118343586154,42.24525565319579
2847.0,80.24960738633881,62.87857503244941,42.37722653470849
2848.0,79.69280553263928,64.55987062750313,42.2078910173408
2849.0,78.82595939209835,65.55557475548166,42.05666273678772
2850.0,78.40468742746377,65.0673687693641,42.25012870009801
2851.0,78.2950820909277,63.669865080145215,42.85554647180245
2852.0,78.05991386705573,62.46305582112756,43.62883732222215
2853.0,77.4461472739895,61.63543999123971,44.17751289205723
2854.0,76.97891068758452,61.25714444832193,44.45143383032372
2855.0,77.268931762737,61.367047772474315,44.394355942506465
2856.0,78.0553680707439,61.699557537625424,44.2520297310004
2857.0,78.67775311891266,61.87729673529252,44.20385549857597
2858.0,79.26052089310885,61.884805734749534,43.99546296482145
2859.0,80.1306683049337,61.97937978245463,43.57459936705905
2860.0,81.4823581852124,61.72776034571062,43.363950155458376
2861.0,83.17034347346174,61.141183975532805,43.45653602213927
2862.0,84.17134254140444,60.21060735661332,43.335030317733654
2863.0,84.09800605651223,59.430078495735614,42.9184097216945
2864.0,83.2742107513138,59.178095468318396,42.35142452648378
2865.0,82.49912182098339,59.89349359690414,41.6859991792066
2866.0,81.36856835620972,61.09600687785865,40.984349729756154
2867.0,79.743514963014,61.91176608514512,40.10653498608121
2868.0,78.28681520154632,62.090852947456504,39.42924843575997
2869.0,77.62693174428068,61.87804969142925,39.24080713990779
2870.0,78.12989670577032,61.725496536461996,39.2759570650409
2871.0,79.34695253794358,61.860634702167175,39.310965101808485
2872.0,80.24086763189287,62.29769723989434,39.452610030971805
2873.0,79.99968104759665,62.35573548266775,39.395297824617366
2874.0,79.0715535864741,62.1069369247407,38.85772682087543
2875.0,78.17587144461247,61.79992794630072,38.26488200231333
2876.0,77.48973326232006,61.666238852564575,37.87722907690337
2877.0,76.55462502750898,61.89352453660381,37.46909372484013
2878.0,75.52449286138273,62.08949054184472,36.987824280869795
2879.0,74.7833515891195,61.794904210482784,36.61960704237805
2880.0,74.52043435397962,60.995343057148375,36.4143156148219
2881.0,74.32264569473537,60.217814176190444,36.32438244832656
2882.0,73.76722090519716,60.09278849252981,36.29623616116349
2883.0,73.0806916027472,60.27015535321651,36.458662478580806
2884.0,72.6257035033194,60.33341869528428,36.7869819580562
2885.0,72.44190766547342,60.147667329973004,37.14446205742295
2886.0,71.804436859325,60.012691005760225,37.270963950025006
2887.0,70.92948822897107,59.715659263141006,37.08051541460511
2888.0,70.66173140995663,59.640448681275494,36.42528509904477
2889.0,71.55369417646241,59.8128998544,35.37696803801556
2890.0,72.70364715916493,60.13845136569413,34.21878804166025
2891.0,73.56368499717912,60.21259521439335,33.1627624016789
2892.0,73.77081260685979,60.27727769353495,32.602752682319284
2893.0,73.60386463887407,60.47965846924094,32.43455048063724
2894.0,73.47285097142378,60.75158841089008,32.38899573427029
2895.0,73.39404140119942,61.194138080197966,32.193425813453004
2896.0,73.36784746755114,61.68308124308075,31.88524991404461
2897.0,73.67783068097157,62.20288654508204,31.56195748328888
2898.0,74.4846623694481,62.65541729280625,31.280941265783092
2899.0,75.23137859328575,63.638285652471076,31.18855877863493
2900.0,75.5382786820015,65.18912768810527,31.230744119028863
2901.0,75.4492117247113,67.0537680566777,31.49893767578527
2902.0,75.30331243416354,68.41338235368784,32.043495960078346
2903.0,75.23814242045925,69.02167031172098,32.73960850539589
2904.0,75.12597090377218,69.34811515100948,33.365116857445884
2905.0,74.92341722522596,69.73809032142225,33.919217463469735
2906.0,74.48395277556213,70.33880472994996,34.48707488135808
2907.0,74.03287077656152,70.71282288264521,34.938141575216264
2908.0,73.4398098509971,71.12998606574025,35.00853738700963
2909.0,73.16759965177782,71.73399457517851,34.629830850563025
2910.0,73.06617898265047,72.58989237928745,34.21410073442349
2911.0,73.19345992129514,73.6072289520475,33.56894522035082
2912.0,73.53333575398295,74.43473219599905,32.946431575959174
2913.0,73.97642450375758,74.5213509579735,32.606018245613924
2914.0,74.35583961240154,73.93188875568833,32.31568879933344
2915.0,74.70542725300442,73.31223465934094,32.00084288257657
2916.0,74.61897261411073,73.25130631998529,31.885374706293504
2917.0,74.03896683090665,73.72024086482064,31.994936982061155
2918.0,72.81890258923261,74.41319505917504,31.863700318498925
2919.0,71.19269634959457,75.2448373301228,31.7071193861744
2920.0,70.22814842401935,75.72642362490015,31.88489744784425
2921.0,70.39662396068415,75.62581544277921,32.636575142648994
2922.0,71.35646066977213,75.14223951336753,33.55034645736389
2923.0,72.53512969750388,74.6627090106588,34.04410533036533
2924.0,73.38002760484876,74.05348193653155,34.039393480002055
2925.0,73.67783411440324,73.24540076643022,33.733529251599855
2926.0,73.65486229852922,72.61295862274054,33.18622800406619
2927.0,73.28897028595505,72.80516890143025,32.24123445332044
2928.0,72.8305924499629,73.78350132925257,31.180451590768975
2929.0,72.47901717690566,74.54058695743745,30.37032852336961
2930.0,72.37563016481423,74.51751969778547,30.124058378646996
2931.0,72.4030324987081,74.13633015334392,30.411266241223572
2932.0,72.27862692508141,73.81788694070767,31.098247284690064
2933.0,71.91288517027103,73.40012600494003,31.718665261497375
2934.0,71.22602158797407,72.82142661993122,32.17148167720136
2935.0,70.26527118271184,72.40466521428576,32.56723216478474
2936.0,69.23433938197753,72.5486723119847,32.747773412843024
2937.0,68.39226039969539,73.28318357574247,32.707648884936816
2938.0,67.93848594682756,74.07118385421307,32.49363875387587
2939.0,67.60129616856052,74.40620998368578,32.407163012022686
2940.0,67.15063429674689,74.14349887275131,32.2970243408184
2941.0,66.74930376201058,73.8558349742719,32.02549939428852
2942.0,66.42671981101884,73.8519483293063,31.427522355132293
2943.0,66.28276325441841,74.12891037371016,30.831201736948817
2944.0,66.11622008020538,74.2498145689589,30.354493723636736
2945.0,65.70560005726284,74.29687027596805,29.932588890371715
2946.0,65.05178873817658,74.59929792957402,29.75112210996757
2947.0,64.07768115743296,75.00391764101126,29.731192346792263
2948.0,62.91911340350388,75.33634547444053,29.646076375419522
2949.0,61.99081382960573,75.53438504052504,29.451312097517814
2950.0,61.57306732052363,75.50571320018553,29.338814248806667
2951.0,61.680888465490696,75.23429624794895,29.17623195825756
2952.0,62.099141486510725,75.00188157592952,28.953520033490147
2953.0,62.53406362871413,74.897756613801,28.509497347343675
2954.0,62.201185356555285,74.96618954038513,28.073056759713793
2955.0,61.04423064975894,75.07053342407961,27.911393070952496
2956.0,59.82930500263669,75.24222410963266,27.844601776386437
2957.0,59.04183912090394,75.94730818089907,27.609368702570002
2958.0,58.559064906662464,77.25808705379136,27.119198370925318
2959.0,58.23627662363651,78.60175073512487,26.486759512674055
2960.0,57.99404620438447,79.26989924179298,25.93047721219738
2961.0,57.882936064588954,79.07466269238586,25.80265465190282
2962.0,57.965865860528694,78.56910258537793,26.01713467520232
2963.0,58.377638167918086,78.04694175210074,26.497308167824034
2964.0,59.05384393187702,77.58626868292625,26.952635593348123
2965.0,59.44516799399695,77.37511887544382,27.126587430759283
2966.0,59.12511196186738,77.59561898229,27.17567542100377
2967.0,58.26167198351822,78.09320013981521,27.412435744452598
2968.0,57.467095574502025,78.81103302499432,27.91717743979289
2969.0,57.10888258063729,79.46666321551407,28.326724433750215
2970.0,56.94980578452043,79.8866314755209,28.582180559130247
2971.0,56.83081261253795,80.14238168787004,28.606942923494053
2972.0,56.860076633145155,80.83182662173874,28.39779741577222
2973.0,57.10962831196837,82.09067528765902,27.930544084749936
2974.0,57.6313277409,83.31030005584367,27.60453365344282
2975.0,57.75222606959134,84.32561531108807,27.528408228464663
2976.0,57.319766627288345,85.5224176003256,27.444880011104658
2977.0,56.560482964609335,87.28198580254411,27.30783419936543
2978.0,56.02659970353274,89.2673917872722,27.34123269602949
2979.0,55.692211888053386,90.88398964145787,27.526890888649156
2980.0,55.444627997535804,91.92912097281561,27.442367861098322
2981.0,55.4048630472025,92.89978991981278,27.176683838763733
2982.0,55.837933289016995,93.68563208621582,26.999006372747377
2983.0,56.40542666836242,94.26278037574052,27.095404503684634
2984.0,56.420730053772616,94.89304998902873,26.98836537747322
2985.0,55.67410252944495,95.73697918101844,26.677146801957303
2986.0,54.71063892062912,97.05640547963448,26.341858337272644
2987.0,54.13016714691641,98.54698681597222,26.268076549702293
2988.0,53.48647001577357,99.65787272932582,26.47907517024635
2989.0,52.5668229738815,100.3460001736449,26.76173285549792
2990.0,51.82106587319869,100.73375728372503,26.9605252111856
2991.0,51.33998671474099,101.21080369178547,26.809083878561164
2992.0,50.67973428803821,101.78503697888898,26.412979272439046
2993.0,49.80666313640128,102.57811488250171,25.853079162294826
2994.0,49.22883306415338,103.35943937898178,25.176546791981906
2995.0,49.18833165639722,103.7789307621108,24.438111868756096
2996.0,49.30494708202842,103.32737625525536,23.700945349925195
2997.0,49.51824590116804,102.34243171896756,22.989273998994395
2998.0,50.04864278450278,101.41612755516165,22.55199431821388
2999.0,50.545851214116304,100.74191561576147,22.334583458995457
3000.0,50.932446068084175,100.36515153189205,22.334138938548744
3001.0,51.16458941254215,100.23199119393924,22.44603258510985
3002.0,51.25719421819248,99.9847731796843,22.456079200870086
3003.0,51.45385353389622,99.35588117662853,22.413720434145343
3004.0,51.967386977336,98.36413740260414,22.450608228245
3005.0,52.44530534795162,97.50940977403607,22.536422534362718
3006.0,52.829178180547,97.13850973947545,22.2430917863679
3007.0,53.02765187199707,97.1350466087473,21.626518623701767
3008.0,52.98725548832901,96.74335585926563,20.9720653455561
3009.0,53.05189936325531,96.04800892296217,20.435154774212883
3010.0,53.177064220776735,95.8098648823069,20.001689385034528
3011.0,53.08245789871765,96.18358501476837,19.67244751427962
3012.0,52.38517198892803,96.24527237234692,19.50481958508973
3013.0,51.21889135763674,95.44954110354963,19.543246560941824
3014.0,50.04967538480342,94.39119907109742,19.802018512926814
3015.0,49.34379187854604,94.09914615825569,20.078514010312137
3016.0,49.14987621158546,94.6708074777627,20.19798401621189
3017.0,48.85743978201029,95.54085122745,20.09645418440947
3018.0,48.15977460916086,96.26770668690888,19.736661262810216
3019.0,47.34132841351226,96.87598892840957,19.33808452557921
3020.0,46.86456210086113,97.43625622879983,19.240312222066684
3021.0,46.633565997920556,97.62900160520275,19.461594646904466
3022.0,46.503317567422805,97.3071277832725,19.746866158904048
3023.0,46.48730674014241,96.82056198553599,20.165238863035725
3024.0,46.50415212127419,96.54600586413491,20.80970465946087
3025.0,46.49164769126655,96.71420232474992,21.265452564475044
3026.0,46.35927673996609,97.08356364797869,21.288168625558917
3027.0,46.1598775621751,97.11842487420287,21.004102110040563
3028.0,45.95674022426241,96.85152541197391,20.75657561578225
3029.0,45.84889985390767,96.3180945264895,20.791496707590195
3030.0,45.72174355371738,95.36755039066193,20.98348604153319
3031.0,45.57175296473204,94.3101094459102,21.042947426710562
3032.0,45.35741654847224,94.08465421193333,21.17032135832306
3033.0,45.22254190904639,94.33162148308769,21.466711815454893
3034.0,45.09127388521325,94.28116177689166,21.81578729927028
3035.0,45.10713773045626,93.13310391485135,22.248812598106092
3036.0,45.17341816362632,91.16132275685347,22.516366811091128
3037.0,45.642333034566335,89.28199203152883,22.652587330875964
3038.0,46.281632438782665,88.09480194230092,22.935037640229528
3039.0,46.94768754119983,87.6922858973261,23.2043808279492
3040.0,47.180972012469226,87.31276078483508,22.97465800967146
3041.0,47.0413357876662,86.45985797860367,22.228534985278973
3042.0,46.84279905109839,85.2033292961685,21.51575284802791
3043.0,46.80689917396397,83.7913118853891,21.16404294909872
3044.0,46.9602808309864,82.32264249294275,21.123560057961004
3045.0,47.194375720953026,80.72787669747726,21.300446442022054
3046.0,47.81010502786021,78.86994644938513,21.713186746249924
3047.0,48.78579800742562,77.42560791674777,22.171599725806754
3048.0,50.22761390379384,76.7632459911884,22.38971849877735
3049.0,51.35734141806139,76.09148964750096,22.260385232050215
3050.0,51.96286295143442,74.93409890186257,21.893849819410143
3051.0,52.23894663911134,73.9875370106887,21.678736231607285
3052.0,52.445013064746135,73.57501984343453,21.848497234738517
3053.0,52.63666914093915,73.2866554374825,22.309971173919973
3054.0,52.74999167426911,72.94234422807874,22.78948007973912
3055.0,52.83578649694087,72.36280567721965,23.079948213190683
3056.0,52.92342055245527,71.61693974987338,23.107970536332502
3057.0,53.24390638357452,70.59813073408559,22.92881957098209
3058.0,53.68740526147425,69.45524947581819,22.69672170078852
3059.0,54.00808790534103,68.33058536081246,22.593463135606584
3060.0,54.03260172418887,67.20497235896595,22.58372399887962
3061.0,53.68127962986091,66.1557817873306,22.56985074861169
3062.0,53.18806939468831,65.42875775389197,22.58781424141649
3063.0,52.73375841115373,65.01054862967811,22.795197007589927
3064.0,52.24209909916155,64.94379019161643,23.139126358560578
3065.0,51.547609615288955,65.19862351695693,23.3897491335732
3066.0,50.9828491801699,65.52819283664196,23.433545824079804
3067.0,50.58332795958632,65.95624249747532,23.342578439233012
3068.0,50.32996849797581,66.36785848313959,23.255097040398137
3069.0,50.196253367801845,66.44863179567311,23.082970512765478
3070.0,50.05542661719656,66.07673962532559,23.02932958772126
3071.0,49.93004125522057,65.66802194420026,23.210163818817982
3072.0,50.12240072937235,65.32017682839842,23.60795104464196
3073.0,50.40936071802681,65.41457367163454,23.979391719188
3074.0,50.449162825309905,65.70837343884243,24.289664744261163
3075.0,50.11909271512824,66.22495971183936,24.678485715344923
3076.0,49.76155775806255,66.98253209185307,24.999544902071165
3077.0,49.656134085376145,67.65628539889794,25.063619723273884
3078.0,49.49337266809898,67.98763930580382,24.971146929804096
3079.0,49.28081151325906,67.99823695108891,24.79126074933658
3080.0,49.1554793205238,68.13919032579864,24.54938504696896
3081.0,49.45835899860423,68.33837667153438,24.543277132253493
3082.0,49.94069484615376,68.772647349549,24.87461780241384
3083.0,50.15942995774342,69.32485325399374,25.29233081289954
3084.0,49.93473920444579,69.85327166045937,25.475176722436
3085.0,49.29148983703141,70.46007036607008,25.533728856404643
3086.0,48.52835985560161,71.5805299777306,25.631066464268223
3087.0,47.80806098960501,73.40899934482896,25.700968466742303
3088.0,47.07846044093272,75.46082034282432,25.636248210741012
3089.0,45.94306961367016,76.63874669860348,25.612780674830407
3090.0,44.59445966388339,76.61622619701444,25.948536575543766
3091.0,43.40038345690264,76.35641676548418,26.612502538297107
3092.0,42.86316997988888,76.77150950043129,27.14612526897581
3093.0,42.76780479139282,78.06133438928414,27.497271897164175
3094.0,42.305689669035395,79.96726105401521,27.975355572617964
3095.0,41.22940640512589,81.64414086265326,28.457898799505926
3096.0,40.09851581780643,82.81402734496483,28.74653301911484
3097.0,39.330539362814115,83.81314099553096,28.791662402636238
3098.0,38.838221851898886,84.64572304873965,28.486542213544528
3099.0,38.37457632097871,85.125131316009,28.0441160887106
3100.0,37.6545812141691,85.24736644113601,27.592828138233763
3101.0,37.060086419840154,85.32979228163174,27.307561210010967
3102.0,36.72771606732816,85.68194583773031,26.97880684418354
3103.0,36.43899867377341,86.61407391555808,26.72038413739932
3104.0,35.840150398760784,87.89914126878854,26.685665587438017
3105.0,34.9670808188793,88.92359621297895,26.515742909427843
3106.0,34.373159742594815,89.4951276687636,26.085451407298585
3107.0,34.29531866174465,89.84961743923252,25.369015163756995
3108.0,34.91311751123794,89.99236894373139,24.764187612969152
3109.0,35.95857280500463,89.76401186808512,24.374776304924698
3110.0,36.77421976474351,89.49531895383583,24.049865686307733
3111.0,37.114171363556416,89.61655210107972,23.559566553795644
3112.0,37.13641502767302,90.68792458585136,22.890050278160462
3113.0,36.81589317508742,92.3528313224478,22.128012548976624
3114.0,36.186112480892774,93.81654141692871,21.423468437388514
3115.0,35.572706535510235,94.65262084707663,20.948249504090093
3116.0,35.28672462797426,95.44644448395091,20.561485472489856
3117.0,35.424518660573995,96.1531964828034,20.115828326723907
3118.0,35.71046733976755,96.56546091132347,19.523682371175653
3119.0,36.062448778827275,96.78380911031408,18.784846514005253
3120.0,36.372862815386256,97.31265668175375,18.03496353291427
3121.0,36.24470238088473,97.71581468945838,17.589879672243903
3122.0,35.750884300306666,97.70849785247357,17.29326663342137
3123.0,35.159047214952125,97.38123091424654,16.94036848793305
3124.0,34.7298659970737,97.0756738405754,16.58253503567949
3125.0,34.644248717469715,97.72149140722435,16.17821833288336
3126.0,34.92184442691615,99.02930014846625,15.670012884417625
3127.0,35.349581925686074,100.46245903814986,15.08993489511837
3128.0,35.65682699274242,101.43958142663632,14.636725133719182
3129.0,35.646521454243214,101.99234030836551,14.34120608372268
3130.0,35.31010093823808,102.11914311414682,14.171160070359615
3131.0,34.86996295650754,101.97694578206678,13.877288113331634
3132.0,34.42270963088553,101.74785002401407,13.468589152793523
3133.0,34.03902498478729,101.11630768903383,13.170926858665664
3134.0,33.71161935877263,99.77645606955389,13.188715175556785
3135.0,33.50454284352637,98.26435285259534,13.33283047982882
3136.0,33.39371798583343,97.40491976755185,13.326225085355063
3137.0,32.9808309209466,97.49495120335305,13.217025447636198
3138.0,32.132946599649,97.60472001359217,13.096745831610171
3139.0,31.21429646673488,97.72612455990404,13.007107978277185
3140.0,30.604851357517816,99.02796428419704,12.88286286574107
3141.0,30.314056074728036,101.43748792932983,12.72302914651509
3142.0,29.880897812788746,103.70610530609068,12.501024647483016
3143.0,29.428572975270146,104.88792037392491,12.468124909558703
3144.0,29.2399057616167,105.17372162488445,12.798191002641284
3145.0,29.161765610725716,104.60926091500095,13.288503496879603
3146.0,29.16620795437205,103.55412793822474,13.77579194988516
3147.0,29.21633319679078,102.41335845224812,14.224291451610249
3148.0,29.313001706109915,101.42795355410917,14.614741104972072
3149.0,29.41494656013194,100.65078176098714,14.909775847634052
3150.0,29.31810562928895,99.9118218470416,15.059134981058618
3151.0,28.909977057104012,99.09184826477434,15.030512873473892
3152.0,28.288444275193008,98.57636364211149,14.991313488550297
3153.0,27.698463130937043,98.67427722095326,15.090713607377634
3154.0,27.46609962327233,99.2352415564739,15.3518605544766
3155.0,27.962373533469528,100.25950213530889,15.552015742571447
3156.0,28.615065480830413,101.47298845228447,15.781182502128322
3157.0,28.746496238692327,102.49549748803602,15.975607863598034
3158.0,28.67190683156332,103.56443440078478,16.02791528537665
3159.0,28.84080154435783,104.58070931837044,15.91635680205481
3160.0,28.89344328872786,105.44982703678264,15.8290944399623
3161.0,28.82002359329512,106.52425103747628,15.918074421234747
3162.0,28.55604389751309,107.35179951979082,16.1734672384625
3163.0,28.324624724531017,107.16160938796328,16.526671407540814
3164.0,28.55256199300086,106.16726900830004,16.647189489360564
3165.0,29.165680536623398,105.2263457098732,16.489666928943464
3166.0,29.584867703463082,104.55433507191319,16.282494919962172
3167.0,29.73014457831806,104.38944464480952,16.22770201438884
3168.0,30.085869929756257,104.41283804069559,16.198300484888115
3169.0,30.678545048955858,104.66421407197585,15.935214673396704
3170.0,31.051809823811404,105.06733518562994,15.683380149717058
3171.0,30.71457845771931,105.6887234281044,15.567721166615424
3172.0,30.065757606934515,106.32447645696867,15.449406938341689
3173.0,29.66080361363288,106.24792188155386,15.19779716453645
3174.0,29.49295106752569,105.38645664304833,14.782473352515169
3175.0,29.35474263792296,104.19253811794412,14.416599360124879
3176.0,28.97571134778646,103.26255319457859,14.247761806330562
3177.0,28.44383598547616,102.7940787982726,14.141409587803034
3178.0,28.100020861554274,102.77034375252681,13.972314609381284
3179.0,27.989704506582086,102.9452072306919,13.90419106728976
3180.0,27.904050435017965,102.73556022993283,13.949293581247597
3181.0,27.841763142247892,101.76930926009867,14.055514767654989
3182.0,27.969622296611224,100.4895675286633,14.075087290449085
3183.0,28.186012751948002,99.37938729988996,13.996685261591647
3184.0,28.018257049162607,98.66215853330162,13.905683087733651
3185.0,27.178763603082338,98.19166475447216,13.74496943316314
3186.0,26.158826796357005,98.00664788866247,13.496316653427556
3187.0,25.355763752130482,98.36604461817308,13.17448035308889
3188.0,24.75689240421102,98.96873735499453,12.958337573314811
3189.0,24.38202596104913,99.30631737958534,12.981266068724807
3190.0,24.414305066933895,99.28006505125553,13.214586415266307
3191.0,24.880651381946745,99.28547295273216,13.37222865891364
3192.0,25.685641765842174,99.56075699826714,13.39160065055296
3193.0,26.578170297144204,99.68924040467701,13.344877245647528
3194.0,27.243356982556627,99.61672196063327,13.411882355597214
3195.0,27.52548292704863,99.46340656906038,13.610342658927644
3196.0,27.326925098510827,99.60977922519658,13.873067830827427
3197.0,27.00682388641718,100.2530969428149,14.159670557406413
3198.0,26.876671400453972,101.15791344205935,14.361651764329002
3199.0,27.07043136520458,101.80341002021443,14.507348758750878
3200.0,27.477228878818025,101.8532226354228,14.709009633035327
3201.0,27.899653409150066,101.61915986617504,14.90762802830086
3202.0,28.50023995699455,101.71263325399369,14.814214726120344
3203.0,29.235766223877494,101.993149451923,14.593687062778772
3204.0,29.987261380076255,102.36230967487012,14.31463018269336
3205.0,30.585207026240155,102.7986254657765,14.06904098543632
3206.0,31.175192070599515,103.30967404315597,13.909059111122009
3207.0,31.77010620937533,103.90915578441437,13.861085442311536
3208.0,32.115796859816015,104.57243054034643,13.978111808374315
3209.0,32.222287138554265,105.06363734307804,14.233355004947372
3210.0,32.46503799840659,105.15302883801968,14.627581988244842
3211.0,32.94028006981028,104.93667097763523,15.069999543814673
3212.0,33.56642690346215,104.65699920114014,15.45038535215275
3213.0,34.222374693114695,104.49567202987127,15.734784654061203
3214.0,34.61177337828213,104.52481787474498,15.921802019888357
3215.0,34.50433652313664,104.52599912876622,16.049358087348303
3216.0,34.05173490413587,104.35259762289411,16.144498060229154
3217.0,33.61751785354963,104.17734505001494,16.200589660519267
3218.0,33.44446976333158,103.8319309052489,16.150972304589477
3219.0,33.47648432664821,103.47263969136006,16.14599713854724
3220.0,33.48501407686665,103.11594380932445,16.207021919841488
3221.0,33.41001321747421,102.45906078464795,16.1652963288201
3222.0,33.357106135344424,101.78287414120005,15.86307731487745
3223.0,33.291785937719965,101.28968763557283,15.50856686770357
3224.0,33.29254099156783,100.87849354880768,15.278631993751466
3225.0,33.325342108016144,100.25059019221962,15.251297247940265
3226.0,33.43934253055065,99.53979269876159,15.291863371972687
3227.0,33.653905544713865,98.85413088266972,15.390280895111523
3228.0,33.89106451684263,98.092766418047,15.47972400193824
3229.0,34.03486490786818,97.1639378178984,15.429927029425375
3230.0,33.845996431808075,96.3079604763313,15.296708841984517
3231.0,33.495446435878506,95.67145147949728,15.061588092227915
3232.0,33.14654693034835,94.97900237797542,14.85252701959757
3233.0,32.804742058348616,94.26348912692754,14.498022152688387
3234.0,32.46759511189787,93.92748136098194,14.009028003062234
3235.0,32.193333101583946,93.88091890306858,13.42435637150285
3236.0,31.933896841031917,93.51011455594384,13.03414767242896
3237.0,31.910013139334414,91.96183975453698,12.837630380362489
3238.0,32.156549284950245,89.92789306811441,12.843076633058823
3239.0,32.587901143739444,88.32403719198987,12.878465164366624
3240.0,32.93647119471086,87.33155732645756,12.751535922761319
3241.0,33.15891673021376,86.71147844395402,12.56470674782246
3242.0,33.2945530101177,86.63599231963617,12.412756020764741
3243.0,33.28677115728846,87.23151379785156,12.458806374347834
3244.0,33.08798488410491,88.24530873748266,12.657931518565714
3245.0,32.79291666556979,89.29906533602579,12.998885220155023
3246.0,32.71636336849467,89.78981001428218,13.409380660775694
3247.0,33.21654014879538,89.67918404420834,13.81452195723664
3248.0,34.06837280577289,89.29222171976195,14.266925578690559
3249.0,34.70241297832516,89.17517113724278,14.772441208364091
3250.0,34.89265278048011,89.13999978213529,15.240355726699631
3251.0,34.81509271225266,89.07839492090282,15.565651060569152
3252.0,34.68105394881257,89.0479563268149,15.763610356112997
3253.0,34.66762335843211,89.04405908567702,15.904709583188227
3254.0,34.80669961823208,89.05221149435927,15.878530224720022
3255.0,34.94732964899022,88.76172069364031,15.648411948546316
3256.0,34.90334078007639,88.258134315858,15.496418029401
3257.0,34.81613426422322,87.52450775824434,15.512353810384953
3258.0,34.97895679174509,87.1895385866465,15.6307865138831
3259.0,35.42630554752001,87.4502660943341,15.631758081471313
3260.0,35.937646103466534,88.21693149144389,15.539220984569058
3261.0,36.22545339982157,89.10810468312175,15.36773659226343
3262.0,36.54978598303562,89.8311216374453,15.2244136791454
3263.0,37.081100484280086,89.9816867807727,15.185024599066823
3264.0,37.7513782119936,89.30911417746499,15.130845423204788
3265.0,38.178700415927906,88.39084465533868,14.982762462579021
3266.0,38.14390858170026,87.76942069010492,14.774009472144918
3267.0,37.73381234759744,87.79887520710916,14.502429739543137
3268.0,37.04247606690924,88.0508923698097,14.021090853829584
3269.0,36.28502578219631,88.3343684350777,13.370414798478528
3270.0,35.591588987687565,88.39397185667076,12.824084905650922
3271.0,35.0267430290942,88.58122403877762,12.395290466469161
3272.0,34.728233480590234,89.37979106756818,12.035174209256018
3273.0,34.895074574492185,90.58885871969856,11.73135789294686
3274.0,35.38142561922029,92.10458484469049,11.492146985448025
3275.0,35.875477665880226,93.6146440587399,11.324060612215707
3276.0,35.99120873677602,94.99193538483921,11.286010125423063
3277.0,35.8030538190354,95.93865966341178,11.334102281471223
3278.0,35.42416845458437,96.60159517218209,11.420929341630904
3279.0,35.1183640759745,97.30848454273966,11.515420170337595
3280.0,34.929121964675325,98.23789370130963,11.622647162808136
3281.0,34.67512956967582,99.17793943898762,11.67559158621399
3282.0,34.3615603438149,99.93136837979091,11.672946738341913
3283.0,34.13242430430483,100.70088842638127,11.685733195869627
3284.0,34.27286923594011,100.63478900793174,11.775769572636175
3285.0,34.57491661872985,99.82817147608783,11.84979830743296
3286.0,34.87194685520675,99.2698943228871,11.866213205853223
3287.0,34.88934990034615,99.61897344621161,11.813588149292604
3288.0,34.821064441075016,100.26008228743872,11.657498640860885
3289.0,34.65602382754562,100.41354747198845,11.410404666833903
3290.0,34.601470936902246,100.47980234916915,11.167495372961273
3291.0,34.60513253115804,100.32729897416847,10.9627374887862
3292.0,34.613340792083335,100.16297034428307,10.829641792949252
3293.0,34.74707569801161,100.17704729506737,10.781002925082937
3294.0,34.998761738778526,100.33192698262275,10.815244539758288
3295.0,35.254233288258455,100.21394130496479,10.921455247501498
3296.0,35.34225227312369,100.05001125125007,11.104894092120421
3297.0,35.478488674221545,100.32381311377111,11.326259154529657
3298.0,35.671288043382035,101.01580201493957,11.60360122368293
3299.0,35.72196897722451,101.27734860293913,11.924265227030643
3300.0,35.71548314412084,100.7461593155643,12.317096254906966
3301.0,35.739100379366576,100.06069980837233,12.741192182114036
3302.0,35.911757540899806,99.75000004556115,12.946251792023599
3303.0,36.27407189852784,99.82180105796974,12.892657477031396
3304.0,36.747585880493254,99.73475731784845,12.747912829633364
3305.0,36.82173603007606,99.19285830058931,12.640081580059778
3306.0,36.46433404578448,98.64545749520063,12.394906009599998
3307.0,36.0731940862149,98.3962810665408,12.081721336234246
3308.0,36.19596183053785,98.3146927232125,11.64405253715336
3309.0,36.61403474960931,98.11687348275859,11.065076070485228
3310.0,36.984668157194534,97.52438471671002,10.54764232853956
3311.0,37.18819581712051,96.87614778739446,10.380341328640764
3312.0,37.15452728212584,96.71402747030072,10.645782596435003
3313.0,36.954450239476174,96.85261406154842,11.055348295231392
3314.0,36.955675901088725,96.81043597296272,11.328208170932932
3315.0,37.05342835834646,96.53143517119992,11.438871520742406
3316.0,36.71000286123911,96.20497617165533,11.49366962359225
3317.0,36.13206221244392,95.61548961061197,11.57227542105037
3318.0,35.662480159046545,94.56307841564109,11.625280987474758
3319.0,35.7688197375456,93.68048576142402,11.584451095757823
3320.0,36.27252237011607,93.18562960858159,11.607561712824097
3321.0,36.65516930055062,92.53951926115356,11.76930315990724
3322.0,36.80368858210309,91.89439759283101,11.962657086337206
3323.0,36.98270519598373,92.12530253044172,12.086819386662711
3324.0,37.359819737087925,93.40019806784528,12.15279573883944
3325.0,37.63903421084941,94.6412966788632,12.365937877704603
3326.0,37.631976516455936,94.35978637837981,12.727229345688547
3327.0,37.5039970986515,93.13853918357763,13.085658580813831
3328.0,37.71564356172421,91.93480461604324,13.22764657886325
3329.0,38.190823251074114,91.0968329431599,13.178364600494993
3330.0,38.36462365931815,90.45686348312493,13.015824923038718
3331.0,38.02704349576684,90.16998404347132,12.882079627033187
3332.0,37.678267623793495,90.7201562084149,12.7496968176615
3333.0,37.53853121794154,92.08681952517381,12.440625720639494
3334.0,37.45472558470756,93.78066345365808,11.984048439186433
3335.0,37.266508047363004,94.9562650317233,11.6069165746941
3336.0,36.79928314585121,94.64803992541067,11.367789596329478
3337.0,36.285468525887886,93.50405771349017,11.395682593785656
3338.0,35.79296205066624,92.17545107955819,11.583551407228422
3339.0,35.444371694439404,90.70916426070336,11.615878226727952
3340.0,35.12909701760298,89.23150265870214,11.493273783570535
3341.0,34.725529322849894,88.33181634775056,11.366928502094257
3342.0,34.18535930640308,88.23918158031228,11.342576627025641
3343.0,33.58948462230809,88.69407966827679,11.265264552302892
3344.0,33.36780229222848,89.3811957615699,10.970456065303695
3345.0,33.63773003429458,89.70672825397767,10.439564683233511
3346.0,34.02800617260546,89.73518494915112,9.786026081210501
3347.0,34.038269914218105,89.69376318341757,9.157182135753978
3348.0,33.76834394207296,89.6696632500049,8.74879611000823
3349.0,33.50538747917315,89.39464916338541,8.557714806098984
3350.0,33.31921963087687,88.7325259730837,8.534435162565314
3351.0,33.24386718143526,87.92048934897034,8.628696866270209
3352.0,33.152146835658016,87.30296056280439,8.831857830199871
3353.0,33.26815603066627,86.8564636342295,9.086826990511145
3354.0,33.71499015742555,86.28510559641995,9.378727155854978
3355.0,34.12442433277109,85.45762291263239,9.664183063132686
3356.0,34.14287884206846,84.8211318271661,9.844871870679055
3357.0,33.9861536590791,84.58910092646288,9.978163819328847
3358.0,34.09162981489444,84.53745751672261,10.11864953806695
3359.0,34.47230800670504,84.69971356027277,10.123596379424002
3360.0,34.73341438647746,84.94817253899423,9.975235931416897
3361.0,34.78835815280323,85.33177205539207,9.774953414130996
3362.0,34.673034687492574,85.78097647244005,9.703478936461376
3363.0,34.45174116750751,86.17314195094204,9.782622452252928
3364.0,34.26907376190808,86.2065426380796,9.930604273130376
3365.0,34.35580586635512,85.68320342422328,10.11728125290276
3366.0,34.63205201173212,84.98830029745258,10.443854382774278
3367.0,34.69308952705599,84.54629156748494,10.767264122692923
3368.0,34.34397228516631,84.35523863531664,10.877180502938126
3369.0,33.86855099414926,84.58116573965171,10.819263319230819
3370.0,33.50072000477443,84.75729718654057,10.762136441164422
3371.0,33.47491220398563,84.3154760435999,10.85446882357417
3372.0,33.59291132601542,83.66228845762791,10.935401630734734
3373.0,33.53578361659851,83.43903471224924,10.946089008298257
3374.0,33.07580143256165,83.25997964069121,10.887940765356479
3375.0,32.34275039851969,82.8268857287015,10.90315750788956
3376.0,31.688649096410487,82.33160522665227,10.967733632227334
3377.0,31.348267417570526,82.08336353417029,10.909033535440413
3378.0,31.12192794322743,81.88483462865408,10.684877448532685
3379.0,30.8035817044965,81.7884861763817,10.518426412056769
3380.0,30.083548478257,82.28383471441408,10.623286610154258
3381.0,29.221227282049085,83.25753825635533,10.769305482243999
3382.0,28.811358420213697,84.27982641640406,10.725349574268204
3383.0,29.05964336339409,84.27039509992463,10.482960955148009
3384.0,29.591506616221608,83.35951448730053,10.323642106806249
3385.0,29.84559436347762,82.39055384023808,10.275235763460739
3386.0,29.815357690404806,81.82070843040002,10.191498527880023
3387.0,29.629133315898507,81.8202185279365,10.14756646752123
3388.0,29.34357113130083,81.71481290892515,10.233801450321568
3389.0,28.680607992098405,81.53934991756678,10.431068799560911
3390.0,27.804389687514504,81.47968375932724,10.489860807725812
3391.0,27.077973426572996,81.79425452999013,10.366002269037075
3392.0,26.704356615530678,82.43553159820225,10.109444533173974
3393.0,26.401756728165445,82.95233997761898,9.867138193888016
3394.0,25.978777281660278,82.98498360276056,9.637311963868122
3395.0,25.69066743865443,82.56075918946172,9.515102823415361
3396.0,25.41720139641814,81.79100685550455,9.33125605552762
3397.0,25.087556727853915,80.79502919417448,9.129154784748772
3398.0,24.655313747729824,79.90611163477742,8.977865645917168
3399.0,24.350874447646675,79.01399210734225,8.718970496718285
3400.0,24.147052414342202,78.13283962735193,8.338726103067563
3401.0,23.972253291304366,77.35135447065312,7.91433448910329
3402.0,23.664483184501783,76.86983217570807,7.6818211051848255
3403.0,23.337763408714505,76.48729700098464,7.5630830662381205
3404.0,23.18140542173184,76.23626833442013,7.594064863320948
3405.0,23.118952642375845,76.05979497836836,7.747141709811313
3406.0,23.146346145561097,76.1676034450162,7.96841798747705
3407.0,23.268464500406502,76.52626668788133,8.110135310203805
3408.0,23.534821001001603,77.01100635038408,8.191548349403373
3409.0,23.860430959490287,77.49060967408501,8.212219009239304
3410.0,24.085540687576756,78.07202962790885,8.087058411894144
3411.0,24.213928480470894,79.06883436937096,7.921318722724387
3412.0,24.435538453509295,80.08887527841023,7.767079600615688
3413.0,24.786634700615068,80.7967449483049,7.803225912313229
3414.0,25.028762468040174,81.40659563029455,7.79972636611296
3415.0,25.330926736339862,81.86329900581593,7.716165228829876
3416.0,25.529349732316128,81.8561403351532,7.586636397698804
3417.0,25.70991812528641,81.5705872012182,7.580076871252724
3418.0,25.715407026082495,81.17658956175093,7.535277212710483
3419.0,25.703483867104907,80.46889892719113,7.4091835041007705
3420.0,25.564237916514454,79.84600122814147,7.244727086433426
3421.0,25.412669348069876,79.54294587507273,7.107453359370563
3422.0,25.249636893666825,79.56018609252685,7.041349786195473
3423.0,24.842172484643903,79.82195843102733,6.889842457218883
3424.0,24.407461454340275,80.29795731311256,6.838711869365749
3425.0,24.316812733760646,80.80167065172749,6.93592902167104
3426.0,24.655097653484404,80.86663911759577,7.008893811935402
3427.0,25.16109147189555,80.42555634136092,6.87496213582201
3428.0,25.80082124233278,79.97854269961162,6.825834262837657
3429.0,26.49712563588738,79.92552103874336,7.020395633672527
3430.0,27.198319697232687,80.06739711358001,7.172398883134242
3431.0,27.68696460554577,80.36794671223045,7.046698827840372
3432.0,28.065760381512558,80.61147083099883,6.718791218064133
3433.0,28.420995910071774,80.72591495302801,6.381161961132516
3434.0,28.63787122215877,80.76394473281407,6.072582719687988
3435.0,28.841906453477172,81.0421308770041,5.821867465512437
3436.0,29.31936031837083,81.50752943791919,5.654421107993129
3437.0,29.998366329603076,81.54970105607103,5.611106512877404
3438.0,30.460440636346785,81.06960690765708,5.657114165559076
3439.0,30.45715642015208,80.3879891689941,5.707854523947956
3440.0,30.151183462147046,79.84221451948052,5.737135327826604
3441.0,29.550969028048083,79.39185168892288,5.748060529528143
3442.0,28.684069309576095,79.0831286554598,5.7722947458048015
3443.0,27.846803405749693,78.91371125592067,5.792300773324807
3444.0,27.348359607034137,78.95017624391397,5.843548388320563
3445.0,27.165721740206646,78.66680431248619,5.87548124529664
3446.0,27.01164715625631,78.14136057029924,5.860808665792705
3447.0,26.680923888006962,77.7508938550797,5.735483503280303
3448.0,26.190289936613407,77.60792506386817,5.58433707964804
3449.0,25.7948452081015,77.51681170968875,5.545898019126842
3450.0,25.51952831055078,77.13084045771392,5.646794370998372
3451.0,25.295263897113678,76.72317943994301,5.855167074897563
3452.0,24.888570143618487,76.23211454412419,6.159616104297612
3453.0,24.497800398368568,75.56652449249867,6.527104108279247
3454.0,24.444063404316555,74.82076655004003,6.871506702037693
3455.0,24.613295680910895,74.03538495555779,7.078562964926473
3456.0,24.78952158638482,73.27835036338958,7.130585563822298
3457.0,24.898496838605215,72.9477939344367,7.109788577052942
3458.0,25.068027314299563,73.02280119243046,7.0818988980403885
3459.0,25.400664987804426,73.23067942790489,7.060639139195143
3460.0,26.00884588280292,73.45028240140856,7.0620462425931665
3461.0,26.69198292896941,73.87031320992575,7.184285396513992
3462.0,27.335179551557477,74.36686002080529,7.387745899186273
3463.0,27.84482340236191,74.62767121706558,7.592455986222147
3464.0,28.19146997628728,74.85893148659346,7.790549248472693
3465.0,28.273679502692,75.07569987687485,7.921541349952424
3466.0,28.063854614681087,75.49681759965684,7.989536236703633
3467.0,27.848690284352784,76.1305445834789,8.012882361526321
3468.0,27.51760475683515,76.6732457187821,7.96356818554107
3469.0,27.247067559089416,77.13361519935324,7.885891761489001
3470.0,27.020485634077957,77.65540145028125,7.837907475644215
3471.0,27.028223282556244,78.28062916748281,7.8182091546908445
3472.0,27.32844235385801,78.87961766383204,7.766244820618856
3473.0,27.619850351772815,79.60543852890027,7.627218322215611
3474.0,27.91302980658202,80.1675426451804,7.453121786849985
3475.0,28.132383645609295,80.80746558821538,7.308074837827814
3476.0,28.150813172641314,81.56331598695402,7.263478144367765
3477.0,27.69132263326043,82.34430468953911,7.303046670080101
3478.0,26.88472172529441,82.68754456180328,7.351378803028464
3479.0,26.29919760373694,82.48700894324882,7.444615006577552
3480.0,26.25082485548258,82.57692431796455,7.605248821813634
3481.0,26.551983802384132,83.37481256140403,7.794766026833073
3482.0,26.882965059762242,84.83300446167559,7.967260722112323
3483.0,27.204138607995336,85.9609037992967,8.056713249225
3484.0,27.385567750807947,86.7503460124201,8.073470025262154
3485.0,27.248918348465114,87.53898386265354,7.998171499508977
3486.0,26.748237538464224,88.59964531636317,7.862400185447953
3487.0,26.1285563831712,89.78270069041264,7.66205086695936
3488.0,25.79140754213323,90.62372641245724,7.427273225951807
3489.0,25.72422205347273,91.20316391720824,7.154768811612801
3490.0,25.87552264209729,91.78814047385029,6.721415782708035
3491.0,25.98782727540655,92.70064563099453,6.348050367779737
3492.0,26.002011463480553,93.82713149732838,6.143432281730833
3493.0,25.91150186046291,95.16274003096548,5.904666916700161
3494.0,25.86062006083579,96.28440598771151,5.57282517076224
3495.0,25.88351624814362,97.24243236760825,5.313919423739881
3496.0,26.093279685411428,98.45315474259684,5.174735240243714
3497.0,26.370227688025004,100.13584370247041,5.07423158368236
3498.0,26.353540534214403,101.93986069261769,5.04294616815025
3499.0,26.101528173652323,103.15781304596568,5.163286210756634
3500.0,25.75193997131982,103.92587576964914,5.341499696722142
3501.0,25.444334579409823,104.05897694527201,5.459535765568503
3502.0,24.959808866269736,103.9247957772804,5.561629876562855
3503.0,24.421479058730295,103.78944054546348,5.564176766421532
3504.0,24.01734899426003,103.84326613923665,5.377304676860593
3505.0,23.773862221136348,104.07441111688945,5.123592009075384
3506.0,23.395523639236966,104.83096622265634,4.915643531680003
3507.0,22.854151657922557,106.18203458967692,4.790957200779781
3508.0,22.430433685425303,107.31448487779942,4.585023808559597
3509.0,22.33357514213426,107.36029079288683,4.3322168434727955
3510.0,22.373445561525827,106.35692965839917,4.187809277117338
3511.0,22.2651733141538,105.81381121198274,4.085031719236899
3512.0,21.946385513339305,106.00008460977304,3.914047290407717
3513.0,21.706001367720603,106.73660954442964,3.7706341540339268
3514.0,21.72103259492577,107.3142109788627,3.7051202821872096
3515.0,21.95198042867128,107.84224415372097,3.6682057370616024
3516.0,22.340820916892213,108.3130281049644,3.6009300501201893
3517.0,22.861712039615757,108.68754001249174,3.551402664914234
3518.0,23.36995923654705,108.84237918523108,3.5433441866126523
3519.0,23.7236123088588,108.70092279714382,3.5649142464138026
3520.0,23.849509402856395,108.28946359763953,3.67329944216633
3521.0,23.979118670175705,107.47958165766183,3.749166258471432
3522.0,24.363181466502176,106.59477349466076,3.6773307433032976
3523.0,24.91659547942065,105.30459178042254,3.5295231210802998
3524.0,25.328302103236997,104.17201087686668,3.5006003245781563
3525.0,25.523820302125834,103.90765977940382,3.5749200205518923
3526.0,25.62380886973203,104.75610603065246,3.7282880358589012
3527.0,25.655599254203636,105.88239269008234,4.002469501034599
3528.0,25.721808796155898,106.8605643691275,4.357004890842241
3529.0,25.82319650097758,107.84851723409797,4.657785198358868
3530.0,26.23095219280547,108.59995818853633,4.782982078268939
3531.0,26.850878582701554,108.89676358317266,4.885429935922758
3532.0,27.50545459194321,108.26414174413146,5.0491035092622605
3533.0,28.1813690109458,107.08160236025981,5.287385913021722
3534.0,28.743290320150223,106.1260765504913,5.553111431926563
3535.0,29.034692153851104,105.51983645043092,5.779917700818485
3536.0,29.27847362022899,104.73153108674515,5.860830550845955
3537.0,29.674821976888815,103.85879192401504,5.7361611326076964
3538.0,30.346282933215672,103.36946143419996,5.566518832652293
3539.0,31.12795602376463,103.3253946982054,5.411608182196323
3540.0,31.786730076935058,103.577179432836,5.31151367289218
3541.0,32.353210332138055,103.73786128056582,5.280545432205187
3542.0,32.81158258971141,103.87280415838865,5.211930013092431
3543.0,33.09537896505039,104.04495542300526,5.08704522961441
3544.0,33.114975410184,104.34681195472541,5.046960258452163
3545.0,33.05887943912422,104.95826143310802,5.076636434827777
3546.0,33.0058286154916,105.45428049021479,5.061596800288518
3547.0,33.118153385342005,105.62999928475229,4.917053724342163
3548.0,33.161416719540696,105.86200749350964,4.748203685533529
3549.0,33.38454569124193,106.28991140947801,4.615601978350943
3550.0,33.567312411382595,106.7204232194739,4.616523170239968
3551.0,33.48609039752756,106.87163201687927,4.692335922370801
3552.0,33.03738118273932,106.05839206662888,4.801700938655424
3553.0,32.55138753147623,104.78954330884987,4.854704996327041
3554.0,32.318215806678324,103.36387815740754,4.805410437295131
3555.0,32.082747701599175,102.29843457236568,4.623283536200485
3556.0,31.700554988758668,101.48960759092961,4.440021869639684
3557.0,31.295845532475628,101.00498638530169,4.481930637636985
3558.0,31.065284604848486,101.36312125588965,4.669499095889664
3559.0,30.815587512875943,102.12511610020177,4.693000096668889
3560.0,30.61017497025076,102.56740916783988,4.5470993093789795
3561.0,30.243845923029063,102.1264720871545,4.354454488085021
3562.0,29.770801451033513,100.67366636033314,4.123005460062991
3563.0,29.353982497202658,98.89722874112563,3.837924664287596
3564.0,29.126791036422606,97.87784018019545,3.6349064777650244
3565.0,29.036068148129015,97.55966496620537,3.5725968604764735
3566.0,28.851072741374686,97.35708218044557,3.5603350409627006
3567.0,28.899234026248603,97.11770409048889,3.569354471158661
3568.0,29.15840572579166,96.51889882563447,3.584691900114628
3569.0,29.229983603612165,95.79969574627762,3.6034880293388025
3570.0,29.21146740997955,95.4009713077387,3.778668948991217
3571.0,29.159005112486092,95.39639360476791,3.9712942867534227
3572.0,29.14364742122563,95.95670826675024,4.05445999694686
3573.0,29.33873668412585,96.693789283332,4.0376200808766605
3574.0,29.40972607794077,97.41291098163633,3.987788374491458
3575.0,29.437105302183674,97.92654097465598,4.0288574601619604
3576.0,29.64931449892093,98.22597508389735,4.253255061172938
3577.0,30.104747525850826,98.14196763477055,4.595138472903307
3578.0,30.70936569375404,97.8545336902395,4.881387645876788
3579.0,31.392005329820464,97.61817656772683,5.079458568387775
3580.0,32.04417649274261,97.75163595308327,5.2981650662469475
3581.0,32.34823899387451,98.52184033826029,5.510320093130409
3582.0,32.43036161708114,99.457916633881,5.575583120373253
3583.0,32.960223928188206,100.3649748101997,5.551630420747836
3584.0,34.00992354817968,101.02349192260424,5.537916309841728
3585.0,35.093344971083496,101.16585799705106,5.555620166658415
3586.0,35.81348752354514,100.6494163442298,5.672860867924848
3587.0,36.00022812036138,100.0526679329523,5.8952936004294045
3588.0,35.65228844580092,100.314546961225,6.104082664167872
3589.0,34.903770640563344,101.10447594170564,6.249080283837602
3590.0,34.305511350884686,101.02769269973587,6.408258544050747
3591.0,34.011107297806134,99.65929369738504,6.6005992399346605
3592.0,33.868968498512935,98.05375100144836,6.793139190879916
3593.0,33.705469743137435,96.84747358720995,7.028357827069201
3594.0,33.49817855067321,95.46310679643906,7.314431729914771
3595.0,33.216122881449586,93.27150325356496,7.625738045151732
3596.0,32.84845088353338,91.23772991351628,7.997398258038466
3597.0,32.36746224580245,89.78530662650857,8.45025958276632
3598.0,31.909547559118327,88.88650141411046,8.955585870480482
3599.0,31.697900796699653,88.4424924006284,9.49314941849834
3600.0,31.525233062084936,88.28666082027735,9.99670954027902
3601.0,31.46905855588436,88.02514618356774,10.476792154912783
3602.0,31.91237137055089,86.85008405659053,10.881796491521376
3603.0,32.54851482074853,84.89680936774651,11.245198536876378
3604.0,33.049361865443345,82.94295828006811,11.49663613193424
3605.0,33.34192275824718,81.56988309579792,11.774896731074163
3606.0,33.4620878115706,80.65111636960316,12.175178968951908
3607.0,33.466585406470315,79.6066333927995,12.629790757582056
3608.0,33.367108424214834,78.49304178778142,12.943080413837505
3609.0,33.3775771706223,77.44830407860469,13.042406998728199
3610.0,33.57599986107522,76.86961246120617,12.965301974152414
3611.0,34.19081238951846,76.59082391908909,12.73346714112256
3612.0,35.156700474033954,76.3952150021735,12.487282555502105
3613.0,35.81797671018011,76.29907408074018,12.35298731172762
3614.0,36.000317760701186,76.46720489622523,12.273189364045441
3615.0,35.949769693648776,76.71258768329861,12.076762324778048
3616.0,35.733693165409555,77.13396527317083,11.923892151305166
3617.0,35.194599557263324,77.77085864145155,11.974280819663264
3618.0,34.419572453616944,78.0853910465897,12.190345722532353
3619.0,33.64958100609429,77.91805437955377,12.294015286790707
3620.0,33.369940088784645,77.41855236522969,12.288839927820987
3621.0,33.423334298618066,76.82504654470364,12.258086754163603
3622.0,33.44795534019374,75.78241558006457,11.993029126143995
3623.0,32.88992815706977,74.56635470224069,11.504840165787673
3624.0,31.816388778975284,73.54753072660449,10.956533283283704
3625.0,30.729756413839024,72.90042430474071,10.461241217897324
3626.0,30.012571603668686,72.54170307856455,10.165786664830286
3627.0,29.861049322749604,72.34465025857489,10.052816028842111
3628.0,29.997604473107465,72.35119390845027,10.037369137943333
3629.0,29.826594171309324,72.43702210221376,10.068740987071203
3630.0,29.18348176540643,72.5102005701575,10.232472104034604
3631.0,28.41437225469743,72.27600792010445,10.444988673980394
3632.0,28.023066999651228,71.64719126743964,10.587282769910251
3633.0,28.237769253931287,70.53139921884677,10.633508332144723
3634.0,28.53034671405636,69.18918987857569,10.484236857832638
3635.0,28.481062372989822,67.75358225179123,10.26682727588856
3636.0,27.82941553308211,66.49979409019353,10.082735786983111
3637.0,26.944632724234673,65.4700328564176,9.960359670014062
3638.0,26.31027102109689,64.58564069123825,10.047112960256333
3639.0,26.042853143627216,64.15095915339579,10.392390560999148
3640.0,26.19492017699118,64.2204435794522,10.824618641812593
3641.0,26.4537670590714,64.62848051134178,11.251445622460851
3642.0,26.618812039887676,64.80276243026567,11.700628664934149
3643.0,26.673368227305154,64.62240656814356,11.924360119862222
3644.0,26.735528247468178,63.84097251098115,11.985229633918522
3645.0,26.825032266633883,62.79353773761977,11.94427883766016
3646.0,26.765080831714275,61.663908010821736,11.88407730318758
3647.0,26.600655697031517,60.63664247507622,11.845562663356421
3648.0,26.28144292578727,60.00939386405485,12.035917179210164
3649.0,25.5404306043419,59.76996302855503,12.413809049384016
3650.0,24.93568741437316,59.63072138174202,12.82297723202388
3651.0,24.979124259785756,59.654782607178745,13.284143153141422
3652.0,25.54927463091874,60.17774735590807,14.062062828397723
3653.0,26.207214060523242,59.89949695842084,14.856214888988644
3654.0,26.670867573703326,58.85875496659924,15.595244377715732
3655.0,27.055202152099167,58.006455524217486,16.256384531088486
3656.0,27.641994776487625,57.677166766961285,17.041933438740028
3657.0,28.350623767542942,57.31297005549966,17.846094650978273
3658.0,29.077780937733056,56.57977467762312,18.346602607481163
3659.0,29.655732353839298,55.39504468597686,18.334094353708966
3660.0,29.97707260747684,54.241378904807604,18.09856248709468
3661.0,30.080572802860814,53.80420150725217,18.044174060664776
3662.0,29.94149984480867,54.07962724062363,18.255244663529552
3663.0,29.746638822737292,54.51089078049379,18.665292611277646
3664.0,29.660247997634833,54.72788560181145,19.03261825904599
3665.0,29.83861258672253,54.67894673505796,19.337791212847804
3666.0,30.17675568037201,54.45600203134963,19.704021242252594
3667.0,30.660206425609452,54.09427187640387,20.19679899852631
3668.0,31.195894341205673,53.72669105390447,20.60563069545365
3669.0,31.652813748625558,53.5777154487936,20.839938880813673
3670.0,31.96713081367806,53.66767207814439,21.06765807711746
3671.0,32.13571123191791,54.103386281510176,21.539288296085452
3672.0,32.4515882299332,54.522699142626564,22.45714686172373
3673.0,32.96085579663188,54.52089614492676,23.535791944201407
3674.0,33.509489832364466,53.965575876305024,24.402959286205522
3675.0,33.61812758046794,52.855634863977855,24.650752334265757
3676.0,33.26457105904184,51.669708304007095,24.420754792530715
3677.0,32.819133284785984,50.63354355645551,24.17776816759236
3678.0,32.504251220425004,49.91062982753972,23.99003792487652
3679.0,32.22011717496289,49.68985310460899,23.71277421804543
3680.0,31.968833918653303,49.7544311678604,23.22483504752673
3681.0,31.985686936921,49.64037085781929,23.049597543280125
3682.0,31.806299219232308,49.503035218291636,23.281919082982807
3683.0,31.205289794453645,49.391632398632524,23.74565690610643
3684.0,30.467179275512237,49.25708596845735,24.11293079817545
3685.0,29.98502959753744,48.98698282463962,24.620320715251978
3686.0,30.01041086265026,48.546668277128965,25.16804564826802
3687.0,30.42691020111648,48.08392194495583,25.520846514437142
3688.0,30.989809347518733,47.663382867545224,25.640062986419167
3689.0,31.32804703943247,47.1636249764044,25.639426799437878
3690.0,31.24263422523298,46.71005590685829,25.7116436436383
3691.0,30.81834639952786,46.438600478196534,25.9103173532412
3692.0,30.099918256363782,46.162324831624716,26.039569223099534
3693.0,29.13087546391281,45.67332319791314,25.970275265361444
3694.0,28.18845295035841,45.21463782439096,25.952317356358893
3695.0,27.629203548277253,44.895196268365574,26.307054193862477
3696.0,27.348241523563335,44.28888258311449,26.765522650260795
3697.0,26.918111142798214,43.09081485751711,27.083513619800584
3698.0,26.25947331024004,41.642403329803656,27.32708056506224
3699.0,25.677328118584015,40.48495889344148,27.64427029765633
3700.0,25.508133788107376,39.68192154311179,27.982132577781115
3701.0,25.787093820966316,39.018974631289,28.03912916657772
3702.0,26.06115507556231,38.556087156470134,27.899953956456486
3703.0,26.061053792207954,38.438734094422365,27.945109680198364
3704.0,25.92983122002306,38.665509432888115,28.162192044358445
3705.0,25.930329334987587,38.9747994052596,28.20356847849024
3706.0,25.79838590628432,38.95268291635141,28.133211605625
3707.0,25.28128056771838,38.71531924294861,28.113844776135945
3708.0,24.49994893540414,38.6253545320042,28.195590879498248
3709.0,23.836426871825065,38.65615166887112,28.332522083228273
3710.0,23.391214457175455,38.58317898237312,28.482634285488505
3711.0,23.11662061968059,38.451809054818156,28.58446986086916
3712.0,23.128182551677153,38.299640082102094,28.563002036975906
3713.0,23.23753281227106,38.0008041771014,28.455802875907683
3714.0,23.24566711194112,37.71399807805141,28.22595891536529
3715.0,23.171404909259103,37.429335573072656,28.174824083854134
3716.0,23.106499979329964,37.17667974662197,28.27701376079133
3717.0,23.051898143690988,36.61656917470852,28.34451057783056
3718.0,23.03304474898719,35.695395990985006,28.24854819195387
3719.0,23.056308388868285,34.909143292816,28.126945508207122
3720.0,22.993886264867037,34.56937054851874,27.92426519430908
3721.0,22.887785994747606,34.37966876643027,27.565085685639062
3722.0,22.822662363341276,34.231346005566245,27.16841457316239
3723.0,23.056508620130028,34.20112474776947,27.19782227365186
3724.0,23.50533636308585,34.398173974518926,27.72610694878927
3725.0,23.876517274597706,34.87365278393859,28.325290734585906
3726.0,23.971892838333403,35.364378502858926,28.5753322342764
3727.0,23.955952090531245,35.66837242617818,28.662239459992783
3728.0,23.940395940119906,35.79056002809986,28.903658694671286
3729.0,23.90754019459839,35.88947100838991,29.1481089005093
3730.0,23.868586686337537,35.81727864508982,29.162902140205063
3731.0,23.847493008710256,35.66761693417435,29.009636722097873
3732.0,23.83114739455199,35.8731522957652,29.104274456721814
3733.0,23.812720236021857,36.41242951857656,29.58380358846423
3734.0,23.868753283840956,36.69641647870516,30.21567522263854
3735.0,24.065318134070925,36.78007556532557,30.616988249978757
3736.0,24.46430070175439,36.76584124999806,30.66839998512494
3737.0,24.98679114519953,36.80559922328018,30.424587432876564
3738.0,25.56284437075174,36.867376630630375,30.00071396003556
3739.0,26.115739264392964,36.94429387228761,29.707969108732993
3740.0,26.662500377792377,37.01129155987598,29.54474232610701
3741.0,27.18917342125178,36.96175988961856,29.25524876581138
3742.0,27.455002069454405,36.80256869545568,28.722475072199497
3743.0,27.530453765259466,36.62292825451281,28.26133003970105
3744.0,27.54521729507322,36.5874749152411,28.061799739293548
3745.0,27.54401417559273,36.467493615096984,28.170545152078784
3746.0,27.63829935722883,36.294006718686546,28.394072915731385
3747.0,27.810867296256962,36.13493576567686,28.57637099876138
3748.0,28.014121285577502,36.23957598708403,28.690892727927277
3749.0,28.166191289345342,36.566680667521,28.82834053305682
3750.0,28.094812288088765,37.01334982270165,28.983057438872248
3751.0,27.90943771555949,37.358614529809586,29.117853875888667
3752.0,27.84856204888474,37.285654625823796,29.314825869330566
3753.0,27.972558198724634,36.83075230976694,29.596314187030295
3754.0,28.090419443565786,36.294681580795555,29.961962599629626
3755.0,27.95936868597132,36.111814728575844,30.181341912398143
3756.0,27.683226299359635,36.252306731824326,30.17193382144428
3757.0,27.458991342425225,36.37283845018323,29.87279232358467
3758.0,27.264449895537894,36.08168336203355,29.445299066661196
3759.0,26.898553063542256,35.52322388015861,29.178268252292735
3760.0,26.31067757525437,34.87729048206202,29.415056224512007
3761.0,25.782032626065135,34.162737475530825,29.999010656335265
3762.0,25.56601041679806,33.19634591759408,30.602893555579
3763.0,25.4300263915961,32.290402111864516,31.095195408729687
3764.0,25.303713860232094,31.723216138933225,31.498560636456627
3765.0,25.270966174416486,31.250167327991704,31.931604720104154
3766.0,25.495949459694923,30.754271411105425,32.4034377972511
3767.0,25.74987037297765,30.180415342823437,32.82426958281986
3768.0,25.85152523253782,29.7253405432764,33.14724402835635
3769.0,25.992428674625614,29.41125822461756,33.47932444720512
3770.0,26.194919255733666,29.141494005076165,33.604482292008775
3771.0,26.487186161636313,28.806518317322976,33.51541394151002
3772.0,26.656017387933705,28.551843409056254,33.2648064906302
3773.0,26.691886626829962,28.523966578005886,33.148494539682794
3774.0,26.659363185558956,28.54782905938392,33.157117261515324
3775.0,26.700581281550672,28.46925803141281,32.99676834284345
3776.0,26.98422031610243,28.169915568895828,32.586757839092684
3777.0,27.458552954668264,27.630294566821075,32.46669471475719
3778.0,28.062066619863376,27.152468530105363,32.752844604702005
3779.0,28.701879088537442,27.040052416025407,32.59369698155745
3780.0,29.181728894373624,27.230316327748355,31.75188230639434
3781.0,29.382347558605858,27.666716221857676,30.693234764968047
3782.0,29.375534323977615,28.17052636320213,30.18387667421025
3783.0,29.360001802647957,28.580234564352253,30.18394721702529
3784.0,29.384862530167577,28.52165321120556,30.43891984704484
3785.0,29.37121122954411,28.153321885676156,30.780377011723296
3786.0,29.462975130930175,27.8989768931222,31.136887805510565
3787.0,29.600524328192222,27.998054854886192,31.385154754315153
3788.0,29.89900584624276,28.36875552022187,31.272404454102244
3789.0,30.32624641513004,28.52690675499162,30.92021097100647
3790.0,30.718503479544648,28.33849259062357,30.41735459937603
3791.0,31.017421500324243,28.188789241149628,29.890597093535185
3792.0,30.86904954870052,28.0825395794189,29.51431360556421
3793.0,30.333301639629223,27.989476696836746,29.316535302334653
3794.0,29.45422989169051,27.71930573862129,29.181170329051216
3795.0,28.512719569943478,27.476492924826,29.25873722909985
3796.0,27.72235810313461,27.627479177369526,29.632719338480033
3797.0,27.236943826396505,28.136109508582347,30.225910177939777
3798.0,26.950634063827998,28.863933005520604,30.929683168120903
3799.0,26.694027530516742,29.395298242397615,31.641467180604018
3800.0,26.316772570954246,29.59776686026602,32.09420925357051
3801.0,25.841415609747557,29.594928789315745,32.130704256750946
3802.0,25.34019683071638,29.480044802489466,32.08536380546347
3803.0,24.79956466183418,29.129526801546625,32.37283538790014
3804.0,24.280978922527293,28.713043309267196,32.81915150236804
3805.0,23.810594337653203,28.42898933548501,33.15425191713442
3806.0,23.445324149343097,28.301386549072564,33.24956329401816
3807.0,23.325856426475397,28.425005704433204,33.323672747556
3808.0,23.445076237694323,28.653393239535873,33.6791929609924
3809.0,23.72079956928012,28.743305760629855,34.173590193618516
3810.0,24.037517459810406,28.677065700142016,34.41846621499812
3811.0,24.184588454821093,28.68335517817598,34.38760313211136
3812.0,24.247282668925944,28.972074014886545,34.24624318275984
3813.0,24.268195523752556,29.511888711937782,34.16654073431104
3814.0,24.21957253315547,30.10188437299929,34.09727897479925
3815.0,24.143654133970553,30.408297120647294,33.913859808940565
3816.0,24.14262778808933,30.329567733814542,33.88778796486098
3817.0,24.24002254887975,30.13220205446442,33.86459047578732
3818.0,24.236225365506,29.91938909567438,33.923600413608995
3819.0,24.284950413361692,29.696507155313032,34.18439131295496
3820.0,24.69263488570867,29.676742346604964,34.76451689888518
3821.0,25.434289164510123,29.809909607963043,35.07994470459959
3822.0,25.997810286526946,30.001885344869383,34.90590863910751
3823.0,26.42143932961236,30.093195891089433,34.784188628512595
3824.0,26.87916125636619,29.854935158530324,35.03415637832828
3825.0,27.3324689514311,29.709030112872885,35.10577276965551
3826.0,27.637690364910327,29.815737294734905,34.947854958108366
3827.0,27.8918334098568,30.176063853426342,34.82162160983104
3828.0,28.142880916384414,30.713261453495715,35.08850668133145
3829.0,28.36639817857156,31.424580381782665,35.99461832114328
3830.0,28.552409704601338,32.19643646848454,37.09191255977526
3831.0,28.57368057775155,32.93320507864141,37.89727504205711
3832.0,28.804613218009848,33.55170846463499,37.822456704012396
3833.0,29.284853596230356,33.94776151713498,37.17784469981406
3834.0,29.86249219374275,34.28927530843434,36.62737868006695
3835.0,30.308333044770194,34.59577028039829,36.22569679882255
3836.0,30.643880715313745,35.19891973899006,35.890751849045465
3837.0,30.795539250292038,36.090888053242786,35.91505344973897
3838.0,30.549927569617235,37.08730720803671,36.50568593740173
3839.0,30.180679369204142,38.073629081657565,37.10710713219851
3840.0,30.069763784643975,39.031194649674305,37.51649990010081
3841.0,30.427186115028167,40.05318579679948,37.55357896950625
3842.0,30.96544447698251,41.06557616824641,37.355444337052795
3843.0,31.347813344179247,41.88884716956517,36.7079665005774
3844.0,31.642433575843768,42.24886952756204,35.96830657857889
3845.0,31.926852795371342,42.26189258676756,35.41288553455293
3846.0,32.117453935411696,42.139733109523505,34.836706278309094
3847.0,32.03765665060762,42.20192772200917,34.32439849872784
3848.0,31.915079834241755,42.687109127808306,34.23523663483224
3849.0,31.992062573855918,43.36538756976241,34.93574618541492
3850.0,32.38140295572803,43.99484783112266,36.06572901474901
3851.0,32.78571677620731,44.32201185583885,37.10313651574335
3852.0,33.30389668150407,44.983218812487124,37.48670954884881
3853.0,34.018229708771116,46.244631459967486,37.30325818536284
3854.0,34.789905848685855,47.77596241944964,36.99070344284285
3855.0,35.572937950180304,48.690312610168256,37.07458934765742
3856.0,36.32143652451092,48.914726032570314,38.24136276575042
3857.0,37.073426013335805,49.00185375753241,39.776912305649645
3858.0,37.621000749919446,49.4693177615407,41.292171660820216
3859.0,37.95528426101172,50.29227172248162,42.40862758292268
3860.0,38.034253957924236,51.07501929970522,42.87726787101696
3861.0,37.97315276618543,51.818234237146186,42.64852254842398
3862.0,37.73668182005909,52.578626831788654,42.03755147089658
3863.0,37.340358854919145,53.30822148135424,41.59999859860109
3864.0,36.792866555571,53.78615198820231,41.31595707844601
3865.0,36.01724990588878,54.227908943508815,40.988326175598765
3866.0,35.34871851797817,54.92905495951527,40.4028214858451
3867.0,35.00580080156279,55.952234111030755,40.0383948284446
3868.0,35.0117183316312,57.31648147390261,40.27146647566652
3869.0,35.22296631644447,58.68641059629958,40.502481846902235
3870.0,35.60096568370407,60.00928091907306,40.10982895913505
3871.0,36.159603105838805,61.03278408554931,39.23780323975328
3872.0,36.60689037464561,61.6240849251909,38.22809264403093
3873.0,36.84103436119766,62.12326921312193,37.29170648001322
3874.0,36.72454754771212,62.67439364966489,36.51759217295156
3875.0,36.37720887793667,63.04555341393146,36.03023638621748
3876.0,35.73596977428986,62.889456819147036,35.35559099314169
3877.0,34.818436331082005,62.28992093473296,34.39249665840526
3878.0,33.82678307675209,61.56052304220505,33.48937339812015
3879.0,32.778524547625445,60.90578909158353,33.02436182461199
3880.0,31.85918125659056,60.169130864326846,32.9940994888059
3881.0,31.28917270849694,59.26507448622207,32.97250344644045
3882.0,31.17723040726736,58.44997279176207,32.928253530442824
3883.0,31.473066161614934,57.96092737220721,33.130483351081274
3884.0,32.00366971229795,57.74307923141463,33.54106093893096
3885.0,32.37284267073333,57.38913476748442,33.88826298638777
3886.0,32.320589869209606,56.90766210248189,34.34190407344763
3887.0,31.86880906190663,56.64403475307146,35.02303457732853
3888.0,31.44535810067457,56.626151751224995,35.68278540116844
3889.0,31.216219198129384,56.99119352971641,36.114430388500885
3890.0,31.01427847363853,57.47463832071276,36.34075246130631
3891.0,30.615054958759544,58.062422322040256,36.424078886703875
3892.0,29.903005711434243,58.82238973072385,36.27781793344899
3893.0,29.352566050260723,59.71872344674412,35.91581383506495
3894.0,29.082424179462546,60.66085001217716,35.39256943249039
3895.0,29.040643822207603,61.732751494870556,34.727970886040715
3896.0,29.127585037324934,62.61584389792172,34.096820008343094
3897.0,29.275202354221566,62.927276174991675,33.67651603211253
3898.0,29.293654625243235,62.71997989548431,33.63935086713152
3899.0,29.401349869737334,62.35020611472321,33.89051891838096
3900.0,29.734230848904286,61.94078847062876,34.09036093785962
3901.0,30.17402632247389,61.474115475714164,34.162479482579485
3902.0,30.562654496468998,60.76699503772706,34.07387749191557
3903.0,30.80302902827147,59.849958457174736,33.988872599005525
3904.0,30.94407697512881,59.15687343681231,34.33086060051323
3905.0,31.195638198566904,58.73785921546886,35.187295481819525
3906.0,31.677833044847084,58.707104292511694,36.19801317997354
3907.0,32.12144004602931,58.70183628737677,36.74100129048993
3908.0,32.09478619759861,58.39898224709839,36.8740767370323
3909.0,31.703001524601415,57.930179422421325,36.636322832956836
3910.0,31.563255367679876,57.75871895110312,36.00559929770623
3911.0,31.924939264595544,57.648333566941005,35.35585571208416
3912.0,32.48937904496698,57.33985147578724,35.22873455732401
3913.0,32.94127482360099,57.19446547340911,35.61850658598812
3914.0,33.26432190158039,57.38951551584597,36.11862600243811
3915.0,33.75352993732058,57.59232086344341,36.32746591225171
3916.0,34.59513387073435,57.69345184340713,36.21501521718439
3917.0,35.60826804987829,58.18551120751298,35.92703009396089
3918.0,36.385256232370565,59.309768471526276,35.50808591279314
3919.0,36.790730000064066,60.575388023229024,35.04048901086055
3920.0,36.85025357025453,61.300550215712896,34.45780011167828
3921.0,36.58047042567681,61.41082111594215,33.80053403820593
3922.0,36.25610499149415,61.245185843051125,33.41815561808282
3923.0,36.2626647766161,60.86040729099481,33.29619348204745
3924.0,37.02339568681091,60.232272104811,33.51309318720233
3925.0,38.32015232873839,59.65109647451357,33.67747402244534
3926.0,39.68538538413905,59.45455398597553,33.456053313310214
3927.0,40.58349907868256,59.51254671285001,32.897241573176885
3928.0,41.048730369479465,59.833148246905886,32.2670584497492
3929.0,41.11805297689601,60.379047625091445,31.706020693019
3930.0,41.09780980057902,61.27110070877537,31.19034210151584
3931.0,40.67534403189735,62.44929351488117,30.809721639228307
3932.0,39.810701851778624,63.4414056463286,30.689854814009397
3933.0,38.93750927045285,64.11925982652306,30.80643507567025
3934.0,38.40317239293966,64.88914936101405,30.634664149881
3935.0,38.37967536574224,65.64326070827524,30.132576204994976
3936.0,38.47551919729316,66.18047564823519,29.30552307872861
3937.0,38.60427263802167,66.85390615720644,28.46232487128761
3938.0,38.498110985477155,67.6428818775773,27.662171841066318
3939.0,38.351219704603544,68.30418242683412,27.168955824509524
3940.0,38.357812261985934,68.77955702447234,27.189532585066054
3941.0,38.7305742548867,68.91647323481294,27.503771741894827
3942.0,39.19038324541729,69.01189422037044,27.737215019743296
3943.0,39.38210257237985,69.3330854010638,27.64995677600366
3944.0,39.40044138838487,69.92737641930688,27.462333181560624
3945.0,39.527862679571065,70.259599068864,27.032855671969
3946.0,40.01146230241764,69.60607232446363,26.483525738496088
3947.0,40.62596522474701,68.25853373626984,25.880700448448525
3948.0,41.1859758437208,67.16296175872144,25.363237515876424
3949.0,41.655228160703544,66.89346038680821,24.999804600381808
3950.0,42.07603262040472,67.17743970234551,24.91824375036059
3951.0,41.91603283621057,67.81347326211244,25.39749589218741
3952.0,40.68847210207758,68.2316548942457,26.196677965822516
3953.0,38.98213225501526,68.25475893900995,26.975821766302623
3954.0,37.63598808953693,67.97947258612226,27.48959930803415
3955.0,36.9892043670875,67.91722975777628,27.7671143683461
3956.0,36.75324083301182,68.26186265043904,27.782184934896723
3957.0,36.77782003233681,68.84582784304996,27.617227519515392
3958.0,36.61644464188748,69.03542111610737,27.31306034824302
3959.0,35.99371731413601,68.67927631758339,27.082322811891768
3960.0,35.28751183601874,68.07748513471826,27.15802780355206
3961.0,35.04907281255855,67.65105302967703,27.34333600296393
3962.0,35.347096966678855,67.76962328589018,27.521876619376904
3963.0,35.798332941636055,67.82271032744299,27.605187044958104
3964.0,36.167356209914836,67.6797862603626,27.498480392930418
3965.0,36.23613615942223,67.50426059433552,27.092874983166727
3966.0,36.160940232374685,67.55284060024333,26.442765196093582
3967.0,36.288253716715566,67.89488527673598,25.92974129301018
3968.0,36.56847569260625,68.56616636313288,25.8322235249351
3969.0,36.97397995972782,69.30184516853807,26.106448134864298
3970.0,37.47011988989259,69.89407618286862,26.44770620634755
3971.0,38.006193109304014,70.50042348499618,26.908446684652443
3972.0,38.38263459010633,70.85646451343523,27.427882573164958
3973.0,38.52500479823008,70.93535408016761,27.80419870026094
3974.0,38.49000040079976,70.44785721727996,27.83111876163891
3975.0,38.44131007116192,69.8160831112836,27.63979379308995
3976.0,38.35227534271953,69.53073250985116,27.617955370835016
3977.0,38.05602146117231,69.89493729309503,27.683344472442883
3978.0,37.64754010137835,70.75833028333247,27.875623422737448
3979.0,36.856132419739524,71.97351759430613,28.130414624236373
3980.0,35.618483071582624,73.59905449265815,28.515485617314706
3981.0,34.647588125163644,75.179476905039,28.78688898239493
3982.0,34.292026373591156,76.78306727848326,28.632965877542684
3983.0,34.56887537271204,78.26978977534311,28.10720399538247
3984.0,34.95979838156532,79.25425965094182,27.600605060932843
3985.0,34.93912893048899,79.42026408035863,27.375627395461077
3986.0,34.48879145484122,79.09048607540223,27.22014374354842
3987.0,34.00939810477959,78.83773809305679,26.994982176710593
3988.0,33.73940133685882,79.00668375575614,26.632805911483235
3989.0,33.489214024319296,79.10624807071265,26.268826787568766
3990.0,32.95506735945918,79.404497919676,25.961166778375638
3991.0,32.151299815583016,79.99262436563495,25.610820926653716
3992.0,31.713516081841227,80.3800012573711,24.954956207731087
3993.0,31.61543586527066,80.6436885095256,24.060801820004453
3994.0,31.432740772431906,80.72664775172885,23.135277497310245
3995.0,30.798690486793095,80.99397911189023,22.404355426310644
3996.0,29.899004971363016,81.08095739860217,21.986544412614567
3997.0,29.226320290205802,81.23191179996006,21.802537775874317
3998.0,28.85805179647605,81.88024050362941,21.771447935574095
3999.0,28.502097486383224,83.54178410867546,21.793218811613396
4000.0,27.99941209461158,85.36957450940783,21.870563522282605
4001.0,27.570153981295203,86.14420088898342,21.71512831736137
4002.0,27.447011295449627,86.00818647234442,21.38533201497006
4003.0,27.728574444426982,85.70547402717001,20.96931616256303
4004.0,28.17838713589106,85.12478366831887,20.56345239445249
4005.0,28.43507014137754,84.22985331750155,20.309901343007624
4006.0,28.387829301649926,83.67654878482861,20.346530685797894
4007.0,28.04048528335902,83.91847230886084,20.770597243575786
4008.0,27.598413816270558,84.63892360342227,21.33975863074548
4009.0,27.113674003355808,85.33596353909608,21.586644869371863
4010.0,26.616761756775126,86.10496104273531,21.44770037202244
4011.0,26.47102253040006,86.66433777267018,21.212376138865412
4012.0,26.944155482176004,87.28135742827858,21.122853193317884
4013.0,27.851119425959357,88.22998607721449,21.002234569580253
4014.0,28.910785733462504,88.97836953424063,20.656317167763735
4015.0,29.98897924550952,89.14324274308021,20.173409298709064
4016.0,31.20301481252418,89.16815361060989,19.89422836481862
4017.0,32.36144694952582,89.5195460753813,19.967533449591254
4018.0,33.22809891962287,90.44041839508024,20.387254091490092
4019.0,33.574150056720256,91.2979059447388,20.932345784366568
4020.0,33.673369755318475,91.47833786700893,21.34385253351056
4021.0,33.95288504270457,91.09045047959279,21.577438403746584
4022.0,34.19325706865,90.83018302899822,21.833900346801368
4023.0,34.298358224659204,90.95315494395135,22.027329217448987
4024.0,34.38093855992226,91.07143555308566,21.83641104775138
4025.0,34.571873292564824,90.83314608158057,21.215777392693912
4026.0,34.725478290899176,90.12497222180764,20.423146676693907
4027.0,34.719428500848295,89.57667790886892,19.692434698428176
4028.0,34.55284140172225,89.5458811945791,19.14223100868693
4029.0,34.201298321757506,90.50573851326016,18.653414963324803
4030.0,33.612864374430075,91.43327161217262,18.059345277759743
4031.0,33.34330685949964,91.6089117466448,17.291653249488157
4032.0,33.51779012333781,90.84937139062018,16.56153550185822
4033.0,33.82228728021238,89.66414683728176,16.09858178349444
4034.0,34.07712636780442,88.63041314621785,15.774525442757863
4035.0,34.06805598436118,88.03197466056876,15.39251122690681
4036.0,33.70095124792416,88.03499192222691,15.126118238068726
4037.0,33.255250783110085,88.51908400762477,15.094624564843214
4038.0,33.1463063906324,89.24085203899277,15.156702338331339
4039.0,33.31829768864817,90.33663513128982,15.091030520972353
4040.0,33.55122480234245,91.76023618616222,14.804629377640834
4041.0,33.706932548365145,92.76023495773224,14.342528754325736
4042.0,33.83858109239158,93.0588822430221,13.785472325080562
4043.0,34.02179976813323,93.15038962288047,13.20373223098376
4044.0,34.11365383541024,93.57641903399966,12.636813129553202
4045.0,34.02176757096943,94.44391464343082,12.187628045838723
4046.0,33.8119780050301,95.65004050423416,11.94039372443675
4047.0,33.68907207883402,96.84509795748647,11.987048967686604
4048.0,33.760680875601516,98.01287022901337,12.133065395024998
4049.0,33.86744189065043,98.94343048953596,12.220074678375076
4050.0,33.98098250493607,98.66080528200432,12.185625017208933
4051.0,34.43218527634081,97.49509457320579,11.981111975473006
4052.0,34.72847132516383,96.18455692293584,11.904934720496065
4053.0,34.575744769075925,95.25703802002886,12.08109811951451
4054.0,34.29822692250281,94.82654410930515,12.446262214268602
4055.0,34.24978035744682,94.90241570689065,12.792813148899892
4056.0,34.45237132641078,95.38114502419444,13.205875616042324
4057.0,34.638425063478415,95.75117960099506,13.790648490292538
4058.0,34.691979372904854,96.08589966680958,14.279733623308111
4059.0,34.71116890303936,96.49041605253944,14.535376155831747
4060.0,34.7765808668125,97.35057522029302,14.670449275905064
4061.0,34.89112536505326,98.29933321498808,14.894756170943701
4062.0,35.21319530996132,98.95162581932853,15.064667842196702
4063.0,35.904130151710476,99.10596204250109,15.061808840118434
4064.0,36.32468958343069,98.72348493694555,15.02348848173054
4065.0,36.49895643347702,99.00299292361353,15.11393370949449
4066.0,36.885350528760576,100.25811394241083,15.175964339868681
4067.0,37.73398139724071,101.05624630708351,15.10753490270156
4068.0,38.561056787439696,100.9295728816975,14.97470548079493
4069.0,38.87002480981401,100.49501508828806,14.94492224947569
4070.0,38.81120832423349,100.56849287189262,14.995463714621428
4071.0,38.64231159173952,101.11536044803503,14.801758148354194
4072.0,38.455562334774,101.35098312439203,14.558419818414066
4073.0,38.27327049013709,101.3789770461353,14.38863783440164
4074.0,38.36659917304505,101.31795573563309,14.325855889177536
4075.0,38.518306282945474,101.6061977953006,14.311722205544015
4076.0,38.62556820159207,101.88085200429231,14.387580830726462
4077.0,38.7694504408416,102.28439361702306,14.369674114666092
4078.0,39.074625565841785,102.86106785702556,14.171256515992244
4079.0,39.306164678308626,103.46462561628431,14.098678414052076
4080.0,39.272601631031655,103.87477424283038,14.29871725497838
4081.0,39.09396483367823,103.93795628571132,14.68462184093465
4082.0,38.83213102735884,103.45345468478698,14.887958507648227
4083.0,38.52890441339343,102.26201875899352,14.940004035164419
4084.0,38.21861560751401,101.21548704383281,14.840923351185609
4085.0,38.101704686260305,100.48910640456171,14.693698845013765
4086.0,38.13482053390289,99.91119072647807,14.58565985368858
4087.0,38.400063034448834,99.21513430879797,14.603115156305064
4088.0,38.90946068894663,98.34183734507207,14.728268033590206
4089.0,39.59367053605204,97.13090370609139,14.798545745788841
4090.0,40.22502780256334,95.6463444506439,14.700322273226003
4091.0,40.80085415123443,94.29375082174934,14.383319299002704
4092.0,41.301645906383634,93.50302440690051,14.035915026527395
4093.0,41.77194443573474,93.77114253921003,13.824872030942439
4094.0,42.15162263366962,94.17204204640683,13.71636030308904
4095.0,42.28926951058119,94.03653130434742,13.537105292022693
4096.0,42.20956511906765,93.24147075018779,13.431780585775996
4097.0,42.079353827234804,92.35139347415128,13.397205543705647
4098.0,41.81991210678826,91.48142490876008,13.323536401155481
4099.0,41.63749641373403,90.40892415214056,13.222139014004366
4100.0,42.03255014191728,89.5256244205794,13.201589964564594
4101.0,42.94855806880321,89.2605495737784,13.512106272394892
4102.0,44.10736803936235,89.18807128661757,13.998477659970602
4103.0,45.08758903510014,88.4481012658809,14.454988579482588
4104.0,45.49317068349526,86.8764651949306,14.809437596096306
4105.0,45.15078185731892,84.89857255769579,15.264283150712112
4106.0,44.07320855896804,83.49920754614641,15.651658806290708
4107.0,42.95741324137407,82.90407265360936,15.779573817800369
4108.0,42.43699799609122,82.66235848804732,15.837805146276
4109.0,42.5226340952879,82.14282339578219,15.94878185477476
4110.0,42.87081878488369,81.28643694201678,15.80073009917477
4111.0,43.141196461229384,80.82700572610979,15.328780234049905
4112.0,43.15354437054534,80.78218678497487,14.917486737767739
4113.0,43.20071550307902,80.8672364063943,14.94649353347303
4114.0,43.555707861735534,80.60721997893661,15.218609531999178
4115.0,43.79169681572084,79.91936017183062,15.383719046807233
4116.0,43.272872459122794,79.28006026501201,15.384457999750968
4117.0,42.41856446549388,78.91394097923363,15.334010680774242
4118.0,41.922776566382396,79.11273650028144,15.28101824629249
4119.0,42.04225275800006,79.74661903426406,15.124059971446274
4120.0,42.1753716441165,80.31331275036564,14.978005214988984
4121.0,41.9470316212809,80.76040591945001,14.668018653638804
4122.0,41.511246475252825,81.31198026931074,14.234678050297072
4123.0,41.046174685556906,82.0878105983958,13.625001070018927
4124.0,40.667308881098094,82.8080238557896,13.011908000261016
4125.0,40.36195521192541,83.15912889622103,12.564819610464545
4126.0,39.99551879433707,83.28244413675442,12.190417367551953
4127.0,39.87824895957219,83.40045268321411,11.769965214472123
4128.0,39.979603881647876,83.65230274442035,11.408466020586728
4129.0,40.028460495736205,84.27727171280532,11.190947119541288
4130.0,39.93183049931407,85.17431124030942,10.997119564937872
4131.0,39.80096097292809,86.15551119084047,10.827669154576062
4132.0,39.98822137868337,87.09076015762844,10.835705096544768
4133.0,40.36527528630521,88.01088454675573,10.861728924196239
4134.0,40.58905805559306,88.59191517939249,10.585900791539496
4135.0,40.473935492709884,88.78410816032014,10.001788789657828
4136.0,39.997090373733585,89.01749161023828,9.38821218723948
4137.0,39.536027050600794,89.59882865866301,9.158237845714963
4138.0,39.82914775096312,90.73610775578605,9.22077266921915
4139.0,40.65907532357749,91.67084229197795,9.278072442251124
4140.0,41.14490324469848,92.43203116471665,9.349162675364001
4141.0,40.67462348000267,92.84830496545321,9.366179512828532
4142.0,39.90123530596684,92.85866564784324,9.26515796993284
4143.0,39.46515608047401,92.5913024791625,9.076770780802562
4144.0,39.00757619498071,92.38558658138207,9.020023705093285
4145.0,38.15860955167149,92.15791431580047,9.036049106164752
4146.0,37.11868541111236,91.87525829413676,8.961837460981153
4147.0,36.1502460768058,91.63000762296232,8.853774912711422
4148.0,35.51342323140971,90.95179593559801,8.884590314594941
4149.0,35.01157667711677,89.57699856626851,8.999655303300504
4150.0,34.47835983386797,87.68042870012717,9.045115678297613
4151.0,34.07140614768231,85.94476804914082,9.09324025
4152.0,33.90236717031564,84.69152673566401,9.088210006276272
4153.0,33.791329639482235,83.70461160762355,8.942430856905062
4154.0,33.54283488795916,82.58837238641026,8.637157426552974
4155.0,33.1248020524416,81.70088253720142,8.485053232057561
4156.0,32.37340197201166,81.64990809978718,8.647622740738083
4157.0,31.493077376994652,82.07012398434918,9.012576310365903
4158.0,30.80822853231793,82.29133881572733,9.269882905335097
4159.0,30.426287110247948,81.89489672846719,9.482222070504456
4160.0,30.621252772816128,81.08320817816981,9.836955593125937
4161.0,31.23707659795377,80.02281864346867,10.069443847177688
4162.0,32.00452700688409,78.73182659151085,9.92521567478686
4163.0,32.51400553654073,77.37587096201582,9.620406911952488
4164.0,32.9119292459748,76.73837526195807,9.461440411375701
4165.0,33.17725635928983,77.18715550829597,9.581630981515742
4166.0,33.50770009418896,78.05783302588405,9.788175816096603
4167.0,33.632159900854326,79.040570974576,9.925268224045997
4168.0,33.34140735099554,79.84815312803318,9.944511289505286
4169.0,32.92924775832133,80.49920304881374,10.056039537073326
4170.0,32.64431787516518,80.96730036087126,10.240484293725949
4171.0,32.490472075714784,81.11170292440484,10.310314405294909
4172.0,32.559249452440845,80.98059050288185,10.39275355538877
4173.0,32.93641391921126,80.61158539528442,10.430068709515657
4174.0,33.24098609884014,80.15474196813251,10.322972134054298
4175.0,33.42146523312601,79.9960032125903,10.067562394917372
4176.0,33.0673710043946,79.9317159380252,9.83566958893015
4177.0,32.48390561781855,79.72932951912243,9.69827882358364
4178.0,32.04798312562031,79.38678168187305,9.54948548265667
4179.0,31.90318828356974,79.3532445208793,9.381637647585727
4180.0,31.8889183434102,79.82649855635245,9.281611553257587
4181.0,31.80583710328896,80.30513032551646,9.2575973169
4182.0,31.77119947387241,80.14941131028655,9.17452011054582
4183.0,31.82978357186412,79.24406360540573,8.903924540364692
4184.0,32.07055255738118,78.15214191370741,8.562467533066524
4185.0,32.11895973508872,77.54866934442316,8.306432334937478
4186.0,32.02271789009437,77.64746095262531,8.136624179785922
4187.0,31.67804793395025,77.80995137866582,8.13594604606968
4188.0,31.191388484308508,78.20124850988313,8.231944886842292
4189.0,30.577817213295983,78.59826989785623,8.439184194750759
4190.0,30.031533493895694,79.15559118647184,8.671608866211393
4191.0,29.44521213656184,79.62678575927733,8.839713863413296
4192.0,28.91803980801115,79.91846870116326,8.960005810530536
4193.0,28.901368366080508,79.74166022890597,9.170129086928409
4194.0,29.393093043968474,79.36733197021357,9.482481659099546
4195.0,29.922908836516296,79.21889401965014,9.735387005817747
4196.0,30.251059419275606,79.2591941977716,9.818563800620737
4197.0,30.54858569100625,79.19527296459076,9.889486148458516
4198.0,30.827603766754095,78.976432091767,10.073641527390002
4199.0,31.1855468144844,78.80708309390633,10.310893415142841
4200.0,31.43382664697708,78.87325425488841,10.552898757858504
4201.0,31.132991159705803,79.29120072571085,10.737357750357193
4202.0,30.28864807653227,79.91461144033747,10.925000818341209
4203.0,29.385951249831486,80.57062218195146,11.244836307023695
4204.0,28.72972070732678,81.18399975503328,11.824107779489601
4205.0,28.527802350723455,81.82833322403012,12.504752874435999
4206.0,28.77426593265839,82.03751027883072,12.977941260981359
4207.0,29.398654180284655,82.24050985708362,13.267725240923655
4208.0,30.075326705689655,82.71325159474274,13.597222824703914
4209.0,30.462981681970557,83.44055835329775,13.85612410598988
4210.0,30.578863113718583,83.83377459689169,14.095681625634993
4211.0,30.53375193184257,83.63499818388887,14.290858012903016
4212.0,30.57318458830157,82.90065643000965,14.42233791209061
4213.0,30.671542937910257,81.77113205836184,14.39668957243712
4214.0,30.750177524203746,80.57061877102815,14.194402334659564
4215.0,30.767958164212565,79.30565704835942,13.723188740565062
4216.0,30.93631287837661,78.02007188582019,13.084116885878863
4217.0,31.281729874832276,77.08339495444211,12.565625898343074
4218.0,31.31100660642626,76.78172362807797,12.36914508477861
4219.0,30.817977008654214,77.16469142873973,12.517843514147732
4220.0,30.18427081401667,77.906590313841,12.854644486959005
4221.0,29.595709669597206,78.64174821441418,13.381557699985324
4222.0,29.032738573873328,79.36114668694029,13.890534143260476
4223.0,28.64864649644444,80.17026045395409,14.287137281099023
4224.0,28.58050486120349,80.72572339805527,14.542428893236469
4225.0,28.796529376454448,80.62399634988128,14.650055332376464
4226.0,29.296406659092554,79.96649486745764,14.648919723542118
4227.0,30.112737684555047,79.21639264297436,14.437311549146138
4228.0,30.985016141754336,78.64762001627844,14.127774872421696
4229.0,31.760554416603096,78.2009856917757,13.679076301963661
4230.0,32.40981348696305,78.10227055989121,13.2894256380756
4231.0,33.09937973869248,78.40129294859419,12.994944387664015
4232.0,33.86134930345529,78.75750050201674,12.779986512974489
4233.0,34.5638449121037,78.90236461962009,12.466273804042766
4234.0,35.13926323568724,78.77259469167403,12.05379422255765
4235.0,35.60096902503066,78.53698656241217,11.66777640148129
4236.0,36.11804244570259,78.2671677170653,11.373859718535316
4237.0,36.839851996714586,78.36183681590619,11.190787081569024
4238.0,37.54762318514116,79.08438362218801,11.244277179376564
4239.0,37.977861969699966,80.12070551330936,11.479261589614808
4240.0,38.20812168360241,80.51679818709408,11.857469387727171
4241.0,38.420993398027676,80.25301279813308,12.30958207380196
4242.0,38.55092226393322,79.70329930669637,12.694579139533184
4243.0,38.3615716048496,79.34214477382739,12.818516368561626
4244.0,38.019575114602404,79.25403851334012,12.56141048903232
4245.0,37.70461396790071,79.43270170375649,12.16909711998289
4246.0,37.46310069723664,80.07623426149756,11.863155027593471
4247.0,37.34680320722554,81.11111554087073,11.87246353951634
4248.0,37.32209945522766,82.3305098560685,11.96497135022148
4249.0,37.48840027347321,83.36217265837656,11.923315628878395
4250.0,37.666805413042326,84.55747202297742,11.663867877754681
4251.0,37.73083561250674,86.27368684823446,11.347822225932294
4252.0,37.62850852336896,88.3158552190765,11.13119302123495
4253.0,37.387487760182964,90.209533587113,11.06114252823616
4254.0,37.33344005722532,91.00466226261952,11.061065036542201
4255.0,37.73950311567202,90.65412843931476,11.064662533701561
4256.0,38.40148644764702,89.83222108047237,11.085279786322703
4257.0,39.091852887117874,89.52377275625412,11.130147769117512
4258.0,39.77351207947028,89.41170789414355,11.312282511316743
4259.0,40.44000472830427,89.43257347113452,11.622130606507653
4260.0,41.29252033080941,89.81589182118014,11.817327930472084
4261.0,42.15280854892753,90.49627478020899,11.709486663297797
4262.0,42.71130428371772,91.2520196500193,11.498918233210139
4263.0,43.25000724749802,91.53948928141712,11.33556593129557
4264.0,43.80295355966479,91.59083866406748,11.10096360681394
4265.0,44.017445043129925,91.53643245006276,10.652646584563776
4266.0,43.71574386283805,91.75777991533131,10.117464402318516
4267.0,42.92937414117531,92.11650081407623,9.725434685998927
4268.0,42.00549755362893,92.35592654943683,9.516943094787576
4269.0,41.33471357850162,92.29846457753682,9.363956432191898
4270.0,41.030164806509326,92.28260164354023,9.278708151847841
4271.0,40.86637049561462,92.38599988675553,9.315465733732545
4272.0,40.521672559111884,92.82312683112838,9.474027118645377
4273.0,40.31805334459803,93.49562684884889,9.657380811651329
4274.0,40.498311777369985,93.91812084695042,9.818567874117548
4275.0,40.67321938517591,93.88999132955736,9.867242419183224
4276.0,40.382471489270564,93.48815493930672,9.84966760549236
4277.0,39.52886636158593,92.88707087336546,9.977179617476063
4278.0,38.63647060962212,92.0047479992013,10.38881930504834
4279.0,37.98862734730241,91.61297230062756,10.843360982890811
4280.0,37.419041113894664,91.78623815724114,11.14183002508524
4281.0,37.0321736090317,91.7224388125369,11.387130185606484
4282.0,36.90377506418311,91.06124854080716,11.616857629873346
4283.0,36.900266194042736,89.97017509988969,11.84860983023014
4284.0,36.738089798205074,89.27817489970363,11.972820511506377
4285.0,36.601483607056004,89.09362909982546,11.951744656340612
4286.0,36.70078970356624,89.10486198381163,11.842556839814623
4287.0,37.09888787955822,88.82403685865727,11.82880835875404
4288.0,37.548620154156545,88.12502876779608,11.941870161655233
4289.0,37.72572162727825,87.39610133317925,11.939955157992962
4290.0,37.704674266734244,86.90291000125939,11.72189191698202
4291.0,37.67411495804747,86.57745325564036,11.438097903101005
4292.0,38.132660677668916,86.29276657210002,11.414392390190947
4293.0,39.10984646311236,86.15878386923536,11.620853583510035
4294.0,40.216478555301244,86.35091587012441,11.905023325721862
4295.0,41.15125736708818,86.60463088281202,12.092577756245793
4296.0,41.74293755313605,86.68144067066571,12.211614677265924
4297.0,42.20879095333848,87.01890047731732,12.288820787557274
4298.0,42.76627608248155,87.7896910573864,12.275998830057624
4299.0,43.249561363725626,88.32425503977831,12.050224792442958
4300.0,43.635369065387444,88.16144229647895,11.620483239511339
4301.0,43.879746364172355,87.55762751177394,11.103200697319833
4302.0,43.982402810567464,86.84926321112894,10.664814451357563
4303.0,44.31391087434329,86.29818794525124,10.598814679617126
4304.0,44.78943136803706,85.58618940947538,10.824346488203252
4305.0,45.401250961068605,84.90416999627297,11.184907349401804
4306.0,45.85199392981281,84.46089779953667,11.434049367871495
4307.0,46.28307102513905,84.65817299937352,11.528954188380077
4308.0,46.755297688974395,85.32303247694463,11.60588751155259
4309.0,47.38531150957906,86.0073443897694,11.6624299009
4310.0,47.9247000287269,86.70929220989235,11.59763097103848
4311.0,48.052544836592595,87.8611897774314,11.381188835075099
4312.0,47.98142617196501,88.80328159800148,11.045022322791354
4313.0,47.92345255426936,89.56522339599024,10.647816650088577
4314.0,47.97087852525156,89.99004933662458,10.270414166056717
4315.0,48.088099786937065,89.8125318328278,9.889181927166582
4316.0,48.411282391521596,89.54404067610369,9.758920338678786
4317.0,48.82065877932454,89.510424497826,9.859015780254582
4318.0,48.95444703203062,89.96950828728114,10.023744314564468
4319.0,49.32264221082496,90.5962386053278,10.005930464775345
4320.0,50.217869127891426,91.11398916507903,9.846769866227941
4321.0,51.36685554616681,90.96480735523163,9.707575834308924
4322.0,52.61686730125224,90.37201399152093,9.696059269143168
4323.0,53.750097811595474,89.54935618288067,9.661450498833013
4324.0,54.280933428093824,88.75443776735732,9.56920998979116
4325.0,54.329923275736924,87.99206456491311,9.50805673808769
4326.0,54.36648473164698,87.75001278480538,9.354908190790713
4327.0,54.68728748168633,88.15951352980825,9.150078269666736
4328.0,55.019150334260466,88.96449739370247,9.038711538025002
4329.0,55.05536506326367,90.25644586509056,9.097792777222656
4330.0,54.73743735658812,91.48573706034423,9.241119382248902
4331.0,54.50808979736673,91.8929652348994,9.600608799467405
4332.0,54.4269436433039,91.7371129849295,10.175325163750102
4333.0,54.25915416017456,91.63230576870366,10.710073605195014
4334.0,54.06415342000231,91.16698280655848,10.799481060815832
4335.0,53.5871645475112,90.69762061337043,10.487369018798978
4336.0,52.8641326013408,90.73563300298211,10.2032810401914
4337.0,52.285110881628256,90.92184806714243,10.22018348455071
4338.0,52.160641850722314,91.05984158503679,10.346636440181065
4339.0,52.516760424908426,90.94105583520398,10.54316790877878
4340.0,52.7780004804396,91.06924484407014,10.860789797915139
4341.0,52.68838075714055,91.57506173002682,11.263605959118753
4342.0,52.459747730689415,92.14966876955161,11.585300035688475
4343.0,52.40844599888948,92.35257204380318,11.645736655231802
4344.0,52.26893254048437,92.99880629358785,11.697283197471974
4345.0,51.78214197668251,94.37596362362726,11.781895746846626
4346.0,51.37614591900318,95.35225997844934,11.925993799906367
4347.0,51.454570706347525,95.33952176886076,11.880010423468809
4348.0,51.59813151587392,94.70215803495141,11.855725748688803
4349.0,51.30517594299791,94.16349941411067,11.989616696274707
4350.0,50.92007035976639,94.04196629996262,12.46796876820121
4351.0,50.82154242703671,94.01604505390137,13.180581512709843
4352.0,50.871508063199315,93.89290349000521,13.792015491580885
4353.0,50.91278836285925,93.59821390319667,14.128377923600372
4354.0,51.026460016186185,92.98496767979339,14.216070445186611
4355.0,50.981740880076,92.0445710139107,14.256929947224998
4356.0,50.625434089299446,90.51974018997277,14.272455269949702
4357.0,50.22825061485285,89.14545850448003,14.248393307379361
4358.0,50.03020152799336,87.93263264322721,14.099386657225
4359.0,49.97381513742464,86.81037311440723,13.725309045829297
4360.0,49.991302514209714,85.58625897911826,13.130432389757821
4361.0,50.202639361292775,84.76766424737961,12.481008490664525
4362.0,50.37640229399095,84.11814145349683,11.842578588850847
4363.0,50.25950232466031,83.19835084396901,11.343054735485232
4364.0,50.12192284957611,81.93240374807095,11.170825705253389
4365.0,50.46626558358078,80.62311640179449,11.229264132928737
4366.0,51.16188520675353,79.92008232750662,11.376193079208788
4367.0,51.7922998897581,79.93522009793101,11.415793234823965
4368.0,52.03654188785979,80.66026731832359,11.314291678154522
4369.0,51.929170280633684,81.49067131912108,11.040171016323077
4370.0,51.524429796898794,81.82258031273724,10.597198084315764
4371.0,50.98572587561525,81.54627546698958,10.021856309980034
4372.0,50.90031615969307,81.02680547732946,9.608632638642302
4373.0,51.39585945748111,80.25532945827854,9.459902501150703
4374.0,51.776740958136145,79.52336664180449,9.423302746678022
4375.0,51.69921878143694,79.14103183119019,9.35935944262128
4376.0,51.61483836792249,79.17402672524945,9.328139472520089
4377.0,51.763797592106684,79.31801319944788,9.376389043921
4378.0,52.1368520745761,79.49975551473332,9.381476843614514
4379.0,52.62019348765417,79.3699134150856,9.308888772544066
4380.0,53.34351848824598,79.1026105751562,9.254642976351581
4381.0,54.341095455865684,78.83323203359248,9.298392652481029
4382.0,55.424635492219956,78.3766451585446,9.467941738784283
4383.0,56.271614525991076,77.70872759092407,9.67506399484272
4384.0,56.86680331508576,77.2823039315153,9.781357018309533
4385.0,57.31847169386125,77.79378827419369,9.804029433392142
4386.0,57.61201559573304,78.750910937241,9.840767117800091
4387.0,57.99726999278158,79.32513411534555,9.789620409378347
4388.0,58.48825993771831,79.21602666062962,9.753139805582993
4389.0,58.80101564521492,78.899356965961,9.969663152613474
4390.0,58.79175146597465,79.05205361968795,10.471665581622089
4391.0,58.653784816060806,79.50765266713272,11.051164829432393
4392.0,58.507255307912615,79.2071239021081,11.50989780893344
4393.0,58.28366973100062,77.84234897204045,11.84761884705048
4394.0,57.8801296287287,76.66471449251964,12.054012395067653
4395.0,57.42677996562865,76.73507258561094,12.152025535197803
4396.0,56.92773936284106,77.5344904701918,12.356691923338994
4397.0,56.457075178366836,78.06191786913273,12.569027437561056
4398.0,56.1975755204778,78.35463516753192,12.604888624171688
4399.0,55.74793443814153,78.71124341981191,12.491584329426603
4400.0,55.19809120935639,79.62736096166228,12.350280663057493
4401.0,55.09381621403597,81.06300378671021,12.31670451958504
4402.0,55.51433018732485,82.15456038429579,12.4297320348179
4403.0,56.04686158287414,82.68148382708496,12.62671054650889
4404.0,56.425207522044815,83.11078320594386,12.927694245495884
4405.0,56.68224565835111,84.00422134007961,13.314082677962498
4406.0,56.90761321920797,85.26742934460934,13.553967016089413
4407.0,57.40435871667162,86.58200350011292,13.368981173735827
4408.0,57.900344820786316,87.21040007175176,12.855807596730138
4409.0,58.01166862348273,86.99679154011383,12.306296020213626
4410.0,57.45064283102526,86.70806063792004,11.778923752787069
4411.0,56.61402610752474,86.62539528901566,11.354438281014867
4412.0,56.180657333873036,86.58136909011742,11.106284146576826
4413.0,56.52096859515783,86.51154460551989,11.07217040066641
4414.0,57.43385777546642,86.19659561757611,11.141427273127077
4415.0,58.46469328697472,85.8963956511911,11.122576044869916
4416.0,58.970492914597045,85.76214715093171,10.919831611933924
4417.0,58.86483329943242,85.99216182884896,10.63815693558394
4418.0,58.527820083902235,86.14368410196158,10.431585496008179
4419.0,58.32721242138318,85.82386582779476,10.342698258283166
4420.0,58.17310471485543,85.31672757005968,10.453166583939918
4421.0,57.8912227814901,84.96954804100754,10.567010896511087
4422.0,57.89149151854931,84.75854649591145,10.665676091774008
4423.0,58.391782707971586,84.66339887294114,10.737210950632457
4424.0,59.131574982965404,84.65794831140518,10.807852514641022
4425.0,59.5564487217693,84.36753989906222,10.904024364310608
4426.0,59.473967510568144,83.65906573715836,10.952327123465802
4427.0,59.51704122902231,82.82490683479375,11.03033715795962
4428.0,59.695690828991815,82.03615402096584,11.01716630941689
4429.0,59.43248668586506,81.43769142497257,10.966430627068023
4430.0,58.69663379348966,80.7354935305545,10.774656699818928
4431.0,58.115045939006244,80.01616383128271,10.586146830059684
4432.0,58.08134948834416,79.4641319004846,10.456908044675918
4433.0,58.71691259373266,79.36324767849966,10.55417124249856
4434.0,59.78482947350759,79.77916469651326,10.885023640636648
4435.0,60.723794513693925,80.36887295980819,11.312668898984453
4436.0,61.143198552155724,80.58081218871132,11.687310449013141
4437.0,60.756517333713816,80.58684211806417,11.903881765100062
4438.0,60.20971640844369,81.214477689747,12.08251662999293
4439.0,60.10345038257507,82.5819237991241,12.261961788664728
4440.0,60.237932916099986,83.88542283237008,12.597125873049
4441.0,60.54137088842228,84.35905282207605,12.908833761170902
4442.0,60.71015676308696,83.94870644945614,13.07635256640856
4443.0,60.41940758580098,83.37804934293459,13.15784315154074
4444.0,60.00119517120194,83.03226538249766,13.211410761080193
4445.0,59.86271037506216,82.599983749819,13.29790970050661
4446.0,59.75741857962176,82.11930843667321,13.257962981636016
4447.0,59.09656047882941,82.19851464916212,13.241191769594625
4448.0,58.30714840650629,83.11738168565239,13.46037359102571
4449.0,58.07660422361659,84.83094979947987,13.844806953407101
4450.0,57.84683190558183,86.43113209226365,14.128078801991668
4451.0,57.441673610134536,87.84730996304056,14.02186140242176
4452.0,56.803451464761594,88.81789435465164,13.685585885871903
4453.0,56.28397037728092,88.6937511773413,13.581326563104819
4454.0,56.696224719379195,87.60577517134669,13.844181483729
4455.0,57.506215486198975,86.74555477760062,14.15902529687488
4456.0,58.17206758240594,86.94937269989256,14.079787634844577
4457.0,58.68508959165637,87.57900258558256,13.652726667329738
4458.0,59.15433777953191,88.14564791283848,13.119158621477167
4459.0,59.59892110113906,88.47091060227552,12.691094960658816
4460.0,59.903976805984094,88.69851680412101,12.390644500406172
4461.0,60.163126261014476,89.19804191431223,12.14883084859929
4462.0,60.63914180137727,90.15840145361285,12.031976536298883
4463.0,61.33861046197106,91.56324838921707,12.198180926547723
4464.0,62.252403765370545,93.09278847630657,12.693118373989282
4465.0,63.05024230254978,94.49165757305579,13.271394063616851
4466.0,63.552198218789826,95.33264594607533,13.676052260393798
4467.0,63.80953184266638,95.37781864218626,13.911396477622404
4468.0,64.31750689773335,95.07980411239001,14.237020053181809
4469.0,65.1281658085415,94.8011723652652,14.72594805606409
4470.0,65.96402232555587,94.64861275345345,15.345568971738727
4471.0,66.58248748597414,94.5479226433869,15.779733824511114
4472.0,67.13212261137505,94.5956457499379,15.767644639812408
4473.0,67.65117508911824,95.19841908912197,15.526187821039992
4474.0,67.55171459460472,96.22675698657596,15.586365500317836
4475.0,66.94173440394701,97.03696546113774,15.853742255939157
4476.0,66.25666995799277,97.35994993750624,15.91321663759953
4477.0,65.95738079008348,97.94807023801066,15.95989324517192
4478.0,66.10429232787932,99.07756448623164,16.17501704897882
4479.0,66.45918625821011,100.20551147906205,16.555919622869496
4480.0,66.86936834148773,101.4739867267165,16.98342490566591
4481.0,67.36215868078993,102.67263006073514,17.41799273753214
4482.0,68.00322461630184,102.90139738986274,17.709443474420283
4483.0,68.31778570059647,102.62440768291471,18.052588575045764
4484.0,68.58840089335109,102.50762519107242,18.550950530792473
4485.0,68.59304938724055,102.83599257171659,19.21618760392493
4486.0,68.63552305001856,102.52231793673688,19.865271793269606
4487.0,68.79188944823726,101.06767028713757,20.139575599481827
4488.0,69.31760702433856,99.77524902461255,20.137737922582815
4489.0,70.3284415141615,98.91199798030928,20.07668503596196
4490.0,71.3575169209894,98.6675871270204,20.295898619001246
4491.0,72.23196871514816,99.14870530959564,20.88195144867721
4492.0,72.93567602814902,100.26854965560548,21.388854401641616
4493.0,71.7426812520565,152.5550286701729,24.7460039382138
4494.0,70.63954150793954,154.31476262810443,24.613749432420672
4495.0,69.80329578237671,156.2226726949551,24.437448950992028
4496.0,69.3425636165887,157.18855820919268,24.166290584860622
4497.0,69.11281043579578,157.9907723900103,23.56297862140999
4498.0,68.80060996242914,158.96036739592398,23.122035677858083
4499.0,68.47304620327985,159.44386199959158,23.156956721759702
4500.0,68.09827521483378,159.72199852530326,23.261711754854502
4501.0,67.85985088671443,160.14792300449577,23.385307110827924
4502.0,67.83659519069865,160.44011078481938,23.555943704913695
4503.0,67.90206285733265,161.01436834681544,23.611756708432864
4504.0,67.87794292533886,162.49996038108063,23.376411760072813
4505.0,67.82077533886226,163.95044625497238,23.00756524711564
4506.0,67.745948799605,164.45323373597452,22.656369366310734
4507.0,67.4921982586686,164.21869101702143,22.380066429191103
4508.0,66.937056791049,163.9965545003846,22.369032824525615
4509.0,66.25700743536058,164.26969371639214,22.619444494652544
4510.0,65.94325467006486,164.89707850563852,22.8175346900329
4511.0,65.55270857634977,165.8128837378122,23.052251804329124
4512.0,65.0281522867322,167.33708089070157,23.539950819393635
4513.0,64.78485865979953,169.22921332738267,24.085104591135064
4514.0,65.0073147971815,170.45054003797267,24.511336348520555
4515.0,65.06575210456354,170.73166637824446,25.0033706136027
4516.0,64.79949513083446,170.60597345060305,25.50397876243589
4517.0,64.39108619624002,170.38750864863894,25.640504129303714
4518.0,64.21909486973577,170.98060491544527,25.44074986678506
4519.0,64.21412680369808,173.10434574324154,25.181490096340113
4520.0,64.18468664699718,175.4513757948876,25.052980940096187
4521.0,64.2580895929205,176.12136530025623,25.18777025881561
4522.0,64.72192862093588,175.32950614448762,25.737926340070878
4523.0,65.59976151346191,174.2401510080327,26.376514876558836
4524.0,66.252478830945,174.06997824065837,26.86611072902347
4525.0,66.1638689679474,174.7028428809121,27.227755053530185
4526.0,65.03407785147938,175.75655426381982,27.61692376923803
4527.0,63.64868664136129,176.92546037496894,27.862857952354567
4528.0,62.81190064726056,177.58246096492815,27.85053215820491
4529.0,62.40767110172676,177.2451236695322,27.691683519851217
4530.0,61.850292300738666,175.3296745726539,27.596933527644286
4531.0,61.080812910045395,172.73920419760543,27.520434057540996
4532.0,60.79326654187361,171.26056657100156,27.675319588389062
4533.0,61.256649489171046,171.69476877554845,28.12701943882657
4534.0,61.821659099146004,173.07643263680768,28.729420011481906
4535.0,61.90480604882212,174.12938704070928,29.090388398373396
4536.0,61.70373280530797,174.54691042290733,28.904589109459366
4537.0,61.55786498559456,174.5530234931337,28.57835791829408
4538.0,61.417625428824046,174.26311106230764,28.655343436305962
4539.0,60.944598302680575,173.76652024024477,29.153844324899996
4540.0,60.08649825667553,173.04633204149772,29.596230407247898
4541.0,59.176151839105756,171.51927877306161,29.82074478158852
4542.0,58.532930933755786,169.07975140648904,30.19504873840467
4543.0,57.83094983854235,166.83596243346014,30.4975528544351
4544.0,56.82974273642421,166.38682544088903,30.63485410653634
4545.0,55.665942624782346,167.25191669822837,30.82880240054005
4546.0,54.778005679872244,168.592300982376,31.355690388071046
4547.0,54.07970769215741,170.1657814593693,31.94920691853271
4548.0,53.60198674242858,172.52227253204305,32.30903646390275
4549.0,53.367681892995186,174.14547204820553,32.291782510878804
4550.0,53.34178300554865,173.28549458961066,32.09539895137282
4551.0,53.42577526997494,171.66704423567734,32.055458356516
4552.0,53.65420469189931,171.33171249723839,32.06690098967323
4553.0,53.73182251074042,173.1922479693967,31.951443484645424
4554.0,53.39314075000344,175.6942967710546,31.63485626296384
4555.0,52.73239901070759,177.69900375042582,31.043974833812477
4556.0,51.95688509184501,178.18028659594046,30.26400605085999
4557.0,51.768648952280095,178.00162357411452,29.80306182663016
4558.0,52.416227884179456,178.12743157836198,29.515198274325076
4559.0,53.63492889011686,178.3378228665286,29.38369870009249
4560.0,54.68982920205698,178.5983763197491,29.214291575208122
4561.0,55.45186764465716,178.79280239172107,29.048544218007617
4562.0,55.95512102678441,179.0553554328243,28.91532238093336
4563.0,56.25950140119554,179.47548703470673,28.65671501595482
4564.0,56.3623481422921,180.15196603775541,28.463329355712247
4565.0,56.21011577251474,180.65303637561576,28.209234646078485
4566.0,55.965948260040555,180.6116340630322,27.865421475658888
4567.0,55.349383088315555,180.73451811713994,27.40827080762281
4568.0,54.63702177476228,181.29910962521225,27.067298878583088
4569.0,53.874099420848935,182.63560877449856,26.891645454368874
4570.0,53.17183186084325,184.34440260923722,26.981566027398458
4571.0,52.481389170327915,185.81332278065628,27.185338004168965
4572.0,51.79176186685543,186.9461853194718,27.48167448113902
4573.0,51.51633499499232,187.67697371802413,27.663174623371667
4574.0,51.725544509278244,188.56850016428615,27.74791844221849
4575.0,52.00577912476057,189.4242161693978,27.98473099475693
4576.0,52.10356789078722,189.83328014216005,28.311417799005405
4577.0,52.12602941215179,189.11264297427698,28.409421382992193
4578.0,52.33546992523216,187.8952431708304,28.114980635395696
4579.0,52.61127306896189,186.3362253277576,27.5858762743637
4580.0,52.58567862972271,184.5389249812298,27.104956179063365
4581.0,52.41537459242061,183.0099706695521,26.91216530249645
4582.0,52.50221281169875,181.90427467454688,26.899985353723373
4583.0,52.76941697695745,181.4416780280341,26.974694302476575
4584.0,52.4692983769733,181.40343459044115,27.145364898535536
4585.0,51.551196926219085,181.68895503115664,27.17410809418648
4586.0,50.46683518080182,182.44214697867153,27.03456419321529
4587.0,49.803921098322064,183.55535959524295,26.92663655494277
4588.0,49.549023274767016,184.7550862904731,26.965573556504136
4589.0,49.32933789301286,185.6158574836537,27.033601362581788
4590.0,49.24346950667695,186.24468019528874,26.902059482883416
4591.0,49.587433266226945,186.9229146194793,26.75940911602506
4592.0,50.06055880207076,187.46347094056924,26.887408787955138
4593.0,50.072498740293916,187.5949663647122,27.15250938281672
4594.0,49.455962999093956,187.5950852506217,27.25968284053959
4595.0,48.35549854981923,187.77271409291967,27.31430774947846
4596.0,47.13183564725323,188.35265279540155,27.487878669996793
4597.0,45.82861821040774,189.5261481843572,27.64465643050596
4598.0,45.049978953808164,190.57758379245533,27.66185553660337
4599.0,44.86615277597281,190.81034445130632,27.714257233128233
4600.0,44.977237616480544,190.50545074258943,27.91513206260665
4601.0,45.21887967303233,189.76368172060015,28.240361125822563
4602.0,45.63834551277121,189.19669300347005,28.45562033309814
4603.0,46.23976839229001,189.02056757532003,28.331842681245597
4604.0,46.950287712784,189.30644093645805,27.75299055817892
4605.0,47.67039041226257,189.87383950433258,26.974269042620257
4606.0,48.290386770529686,190.68494094119012,26.295487223005757
4607.0,48.69581214418794,191.4306193162857,26.190722993520055
4608.0,48.784695970349716,192.46177267654937,26.415070003798863
4609.0,48.812101537998316,193.22765812944095,26.560389403314655
4610.0,48.6219354758376,193.2199566982714,26.291227228358007
4611.0,48.10664846768892,192.85024130255002,25.935142689861173
4612.0,47.694542073497196,192.43784710981353,25.77479968448989
4613.0,48.105183756394794,192.69160102848042,25.74432999911318
4614.0,49.3007779369846,193.3420820177301,25.784307441520507
4615.0,50.87294882355734,194.26940394409152,25.731702642976206
4616.0,52.187801268174006,195.261022696304,25.535481298437933
4617.0,53.19578670561188,195.87497698354827,25.27186400880415
4618.0,54.19084701742829,195.781688544557,25.18278197674091
4619.0,55.02727664238757,195.17223514318437,25.205165510473634
4620.0,55.48769560234033,194.36650801553634,25.52605611205807
4621.0,55.4487821139572,194.1463219775632,26.142250851147452
4622.0,55.06563576449462,194.79799889820887,26.802602039416705
4623.0,54.41311709230158,195.66892932405804,27.144763445453872
4624.0,54.01484171843059,196.18694483575845,27.327342151340478
4625.0,54.120857446541436,196.4725832030142,27.762072259550756
4626.0,54.69067640600395,197.15123028698372,28.275224943887714
4627.0,55.38302256156624,198.17171516967878,28.42043561058892
4628.0,55.83883746256243,198.57944389764677,28.231473669834635
4629.0,56.282911962802324,198.05824575316225,28.064828203717557
4630.0,56.45130232902274,197.03662728561807,27.84704277130387
4631.0,56.18986008330817,196.64663245562497,27.867241836720563
4632.0,55.7510738275618,197.52066974950208,28.308274435992324
4633.0,55.549576396143785,199.2345244290187,29.089229767363967
4634.0,55.9803991193052,200.72693965413848,29.86240694513145
4635.0,56.669853543019244,201.46385766403262,30.3302670457433
4636.0,57.43204243283119,201.84203393782414,30.555818410512696
4637.0,57.964595473579784,202.12586758002925,30.555457229586832
4638.0,58.154241454645415,202.48107134294833,30.258322182307385
4639.0,57.970671621378976,202.72765086510557,29.63155082803874
4640.0,57.41634350031613,202.63922391592902,29.110292709328164
4641.0,56.62788673658407,202.8623496693027,28.828316156880494
4642.0,56.01197224402692,203.36124077435178,28.68737068951056
4643.0,56.050355261829374,204.03851648160244,28.323578305178604
4644.0,56.76908114053287,205.20973285755784,27.59995781778244
4645.0,57.70447999613531,207.2004455843433,26.7618425269065
4646.0,58.272177052589825,209.42459473377525,26.089267585747773
4647.0,58.35010251488225,210.88622060715304,25.44461463626087
4648.0,58.147674678684304,211.65359823731552,24.766181880781826
4649.0,57.93865265869646,212.2480339641057,24.226112744488525
4650.0,57.87696661178804,212.2612051788292,23.813804253325888
4651.0,57.956867624304635,211.40784462547717,23.582502937258525
4652.0,57.98437263548369,210.33736403358984,23.358368049416196
4653.0,57.941152686992126,209.7752390348833,23.25072009219
4654.0,58.09562989131413,210.26410177644874,23.172376510304087
4655.0,58.64293970174891,211.2355842961636,23.02263360971123
4656.0,59.413788453477366,212.40416112224608,22.84052151847267
4657.0,59.820236901989745,213.3694396568029,22.760221680318104
4658.0,59.98881825116622,213.46497072741383,22.63879333618081
4659.0,60.446834746914064,212.68592244205448,22.32988630281983
4660.0,61.28616629343938,211.3092816077387,21.781716560300598
4661.0,61.90638940736383,209.65087736006473,21.246828699709496
4662.0,61.970776796217905,208.75533208407683,20.930670384024605
4663.0,61.61909440305427,208.7620621880405,20.825855985948117
4664.0,61.16674412865405,209.1838068340803,20.83477691878333
4665.0,60.76015748824964,209.30217381635555,20.98384526733005
4666.0,60.44341281412898,209.5159175984395,21.210972532140865
4667.0,60.129579158429195,210.0187367191787,21.227129437222807
4668.0,59.67474929721263,210.79011560371808,21.079667652998403
4669.0,59.435838405270914,211.20177038951846,20.904610854108483
4670.0,59.52704950458359,210.87001213006874,20.69996481761796
4671.0,59.936150688052344,210.39185770012028,20.671046794758443
4672.0,60.40204521243757,210.76149429183405,20.701022004380256
4673.0,61.30119661819513,212.19538349104295,20.67389821161634
4674.0,62.28683378320868,213.466945771325,20.83996928424551
4675.0,63.03266566495618,213.39378378561676,21.284598808240844
4676.0,63.25912780858449,211.79392635477092,21.740839178965
4677.0,63.31610085102224,210.13205266634606,22.09523667431584
4678.0,63.72619954670696,209.04420338465548,22.240924907132822
4679.0,64.38127930156148,208.4832528450647,22.1776896821483
4680.0,64.95965340034171,208.3839299052272,21.957283471014005
4681.0,65.43705227685683,209.08712928109807,21.8445631060569
4682.0,66.26935452098073,210.35085640224122,21.85352541442719
4683.0,67.80602335845686,211.77355186462924,21.837973241063597
4684.0,70.03038400589952,212.53247068855322,21.72225107479641
4685.0,72.1501586662125,212.40633237603885,21.662651284159317
4686.0,73.45965382447336,212.28272878415171,21.609248229024022
4687.0,73.94804527912228,212.8785599912936,21.556740669738637
4688.0,74.24485118364305,214.07968084270252,21.634678669397424
4689.0,74.86486054587907,215.63222862220525,21.784560496928485
4690.0,76.06354986164864,217.29708070517998,22.014564745256965
4691.0,77.54115469134481,218.66376513919917,22.1729288157146
4692.0,78.71207614190102,219.51228995159312,22.292138355745113
4693.0,79.48852266776164,220.07380643587564,22.345984845172918
4694.0,80.15342195532692,220.47752283158906,22.422305701972483
4695.0,81.18957987793912,220.2775044739517,22.525459324836387
4696.0,82.1499982165115,219.23283580694667,22.62324735414483
4697.0,82.88416540037228,217.82075971197884,22.82099148302098
4698.0,83.17737861866692,216.7989379367166,23.075475661340484
4699.0,83.23380186618719,216.32089957009367,23.4764335112771
4700.0,83.26762521201213,216.13075002696823,24.09259082313616
4701.0,83.47467273752727,215.78269147009186,24.92587013399388
4702.0,84.10204314092988,215.03033274043875,25.765288300227844
4703.0,85.27623681132823,213.9806033659147,26.577045606531417
4704.0,87.018064468819,213.7161565550594,27.331216116753435
4705.0,88.61042718324677,214.42739024792627,28.0107843572144
4706.0,89.44481392932039,215.07836178878702,28.620872446137447
4707.0,89.06579356855366,215.16592579375114,29.234864990256252
4708.0,87.6861770333369,215.50287915546633,29.930241519808597
4709.0,86.26993327581523,217.04175407086245,30.461109002757894
4710.0,85.87262238753819,219.12358564454757,30.971380807215816
4711.0,86.47836776513766,221.0722428865827,31.556516681900817
4712.0,87.12009069361854,222.4222632273715,32.23598318581081
4713.0,87.42807998203664,223.96984304413374,32.89263592347984
4714.0,87.56282047340059,226.09770568599572,33.75088874734328
4715.0,88.12445143790929,228.7559054757401,34.77048841641337
4716.0,88.78986730523324,231.30818784599276,35.8382422347551
4717.0,89.01547349482544,233.25535246093222,36.97681784108349
4718.0,89.0808377157867,233.7415238756385,38.16102737170233
4719.0,89.59040024944676,232.93195952867828,39.29556310460399
4720.0,90.58855757618859,231.9254277210957,40.11034233257258
4721.0,92.03401409422727,231.6413458881034,40.50077894393417
4722.0,93.70023382211937,232.21174449398046,40.5953154657499
4723.0,95.05914661457368,233.61474989465637,40.684368627057005
4724.0,95.91806185358739,235.31591692450667,40.9295732686489
4725.0,96.2116269794816,236.75818044878463,41.338642432189296
4726.0,96.18807172123013,238.25332662466627,41.81201440881426
4727.0,96.09349271056776,239.26952998092816,42.195113767023095
4728.0,96.34552985603779,239.28613955349715,42.382924475658626
4729.0,96.67925326225519,238.98966523687676,42.21913544886763
4730.0,97.36027121102177,239.09965961190917,41.77506295024339
4731.0,98.2914239011859,239.58545066487167,41.13398943220539
4732.0,99.16393306342138,240.36788637763732,40.29646247367327
4733.0,99.74176373053442,241.1917208041686,39.61121039066406
4734.0,99.98704621952827,241.6122604797383,39.41630616157168
4735.0,100.37851270338824,241.9681482998852,40.02839077437634
4736.0,101.02516321716605,242.30121462132067,40.94238845351361
4737.0,102.0492204531116,242.43233286357292,41.826333787822115
4738.0,102.65738083768453,242.43740131416206,42.47067940200744
4739.0,102.88052588395439,242.00124369736545,42.77159293680029
4740.0,103.26209631972864,240.7622219183799,42.86555194143594
4741.0,103.8969344442581,239.42139160037075,42.682305675681114
4742.0,104.17192146821681,238.47077845350077,42.23709666533417
4743.0,104.04838110078127,237.99136851594906,41.528249670285724
4744.0,104.00863206070585,238.20325725104448,40.86630554600136
4745.0,103.42391106496228,239.5212734731531,40.22301135049319
4746.0,102.11664810571193,241.30455825205013,39.769358392787616
4747.0,100.83963370137086,242.04819857966896,39.4727659912338
4748.0,100.74555085907726,241.10255844465487,39.18698476961474
4749.0,101.07702343647834,238.89856211816402,39.04150132280322
4750.0,101.07814121070727,237.24309458926155,39.09317251877902
4751.0,100.72511272695701,236.62133147730069,39.214221163178365
4752.0,100.40584253695569,236.50623791491165,39.00710989953853
4753.0,100.03177372352292,236.72672103150563,38.654463412567104
4754.0,99.76119414108362,237.1836158718749,38.40958671004305
4755.0,100.04559079511732,237.9980320875258,38.233331460066914
4756.0,100.69145455890346,239.01208915465023,38.02384062746761
4757.0,100.97053046516743,239.70518847604697,37.687558334113646
4758.0,100.11138920162176,239.7444637087088,37.271651986136824
4759.0,98.729356784642,240.23766897822892,37.18982015474158
4760.0,97.47446797355619,241.21381695807008,37.63743641123064
4761.0,96.50122769449476,241.49869654853464,38.46666077716711
4762.0,95.70541611431025,241.4250374433072,39.27258684141904
4763.0,95.29986060614256,241.9671008054064,40.054401307403715
4764.0,95.20970589362518,243.04246206509586,41.01124174408404
4765.0,95.56616475377062,243.7979094198556,42.150302603523066
4766.0,96.23178698372523,243.6168574681426,43.27229765687143
4767.0,96.51887171028345,242.91526391669836,44.22739107723271
4768.0,96.33316459031818,242.93565173809478,44.94024220827765
4769.0,95.54776935283643,244.0046589357263,45.666094233009105
4770.0,94.7041769434026,245.68804204007515,46.63801784931496
4771.0,94.36903948024225,247.35640400206216,47.81125754119225
4772.0,94.84729961451832,249.32006535552264,48.84529336612582
4773.0,95.79478706585572,251.51546736844705,49.61861631185192
4774.0,96.82116162046381,252.98871704561057,50.08905075583542
4775.0,97.12789228248955,252.72705141710696,50.2860848261566
4776.0,96.63908178899973,250.9991115976342,50.18310955505429
4777.0,95.92309454969032,248.97672676005305,49.66912949316241
4778.0,94.86884652929471,247.09506515409052,49.259850671451886
4779.0,94.12823158287028,246.12708342838764,48.80007015560208
4780.0,93.68996703324653,245.83538974667218,48.32689716291969
4781.0,93.40517818810402,245.78775569519942,48.07240635894703
4782.0,92.88938472932975,245.93165214628226,47.85646267087263
4783.0,92.00896906377112,246.38365370705614,47.533341246694135
4784.0,90.80312951595116,246.82962909593996,47.26196812073472
4785.0,89.64322453235219,247.0901211578643,47.53965897241287
4786.0,89.08075673549527,247.31943836308827,48.11907021009593
4787.0,88.81215032167445,247.2432259568327,48.692195669466834
4788.0,88.22489096747238,246.210732185933,49.089708781975425
4789.0,87.02890938363367,244.71393586669228,49.414825141893125
4790.0,85.70015462086887,243.69971456012257,49.81705581696403
4791.0,84.84504888566936,243.71900718520573,50.18084411621345
4792.0,84.49874312162562,244.65125265702542,50.3927474823951
4793.0,84.35317764368199,245.80422436976698,50.193278449173384
4794.0,84.17349030418099,247.24507667154026,49.484373428549524
4795.0,84.03433250004514,248.98907587132354,48.47535589293968
4796.0,84.18381187466126,251.00981932901817,47.46986518590236
4797.0,85.02144827586945,252.71399505823285,46.51344496626909
4798.0,86.34364648523525,253.72112720359357,45.7465291262858
4799.0,87.08732051345159,253.78236085474788,45.21970020005787
4800.0,86.77811732681532,253.0136694416596,45.115645657160336
4801.0,86.35065214862665,251.8117639336253,45.26039697208765
4802.0,86.68588285162417,250.87343696039346,45.530206434247646
4803.0,87.41927297078043,250.4347917398317,45.69994128838785
4804.0,88.01108080599684,249.9356919199799,45.83415855163971
4805.0,88.11891048141933,249.82271396830782,45.943530527783125
4806.0,88.02884429921347,250.63926725864465,46.1406686824793
4807.0,88.10466734479482,252.60783059433749,46.3496810997612
4808.0,88.06292886495984,254.69506751015996,46.33018377745608
4809.0,87.62875778480432,255.96597553060695,46.22921174932489
4810.0,87.0917400459039,256.4397099313238,46.26585177228036
4811.0,86.59952820382554,256.476130941738,46.47690321908841
4812.0,86.21661725521477,256.252318141689,46.60741083214021
4813.0,85.92317697204778,256.5409542714369,46.60571202638402
4814.0,85.94666409091323,258.0590826021688,46.410616094889065
4815.0,86.27561085046888,260.98908315500796,46.46160801111156
4816.0,86.57845463041447,264.4534554744225,46.57989404536761
4817.0,86.5700388706667,267.88278109296743,46.506476063833865
4818.0,86.21272954796423,271.2761919517095,46.16410807719946
4819.0,85.76310953445552,273.68294008138633,45.80082190776721
4820.0,85.07913358303861,274.68079153903113,45.38443112449025
4821.0,84.45560282173173,274.4272112871519,44.72239704287559
4822.0,84.85854152740416,275.18843573454853,44.07587751591556
4823.0,86.38268954440319,277.1222507566758,43.64177736519853
4824.0,87.9606148656972,278.61587076356193,43.5991526018344
4825.0,88.31266981982043,279.4509244740602,43.73188128881208
4826.0,87.53757425916682,280.79234767575855,44.13787059999314
4827.0,86.59671524322206,282.6463251117006,44.823427370402996
4828.0,86.07873145556275,284.5829908549501,45.41563634418051
4829.0,85.36657888369295,285.8926761024949,45.632571265220946
4830.0,84.32747393988066,286.29543027520896,45.27845399565876
4831.0,83.90299784737536,286.55000725005556,44.54239960256575
4832.0,84.00172782484391,286.7153153608204,43.92152082269283
4833.0,83.82517213241312,287.4074914492322,43.638336399556245
4834.0,83.27620632114483,288.1845464617608,43.55679681488873
4835.0,83.10929047504212,289.65827782637,43.43379117864261
4836.0,83.72414828911262,291.97379986590875,43.32456329360168
4837.0,84.9782816657916,294.43652858876146,43.40861331586497
4838.0,86.37515078811703,296.22834202222185,43.562389232761
4839.0,87.58779368028522,297.0556715700454,43.4054427137581
4840.0,88.81587360246276,297.1842553272825,43.09010092074161
4841.0,90.16822885061427,297.0876766663169,42.89202378361605
4842.0,91.34104935303134,296.62873461677685,43.16417414945146
4843.0,92.01277084807657,295.67739600535083,43.87943728052825
4844.0,92.01149142771543,294.2307484100639,44.73939154530125
4845.0,91.951004893287,292.7307775640661,45.43103261204153
4846.0,91.96935265006539,292.24491220574936,45.917337736028884
4847.0,92.45504216067029,292.9954468782294,46.24393442768871
4848.0,93.61267298316348,294.57888817249244,46.454839423689265
4849.0,94.99029293187517,296.72241881469546,46.60248558222574
4850.0,95.94926755967813,299.11101328820644,46.315591788580406
4851.0,96.20739964973494,300.55511502522825,45.85927524521842
4852.0,96.2313526071495,300.704210293359,45.4045848721953
4853.0,95.82165656422661,300.8797694510213,45.10508058651919
4854.0,95.64013431818235,301.6623304438325,44.87665352017537
4855.0,95.54382778138834,302.83771338628895,44.799725545509276
4856.0,94.9539283028822,304.3695992503676,44.9367319260309
4857.0,94.17155431253653,306.25823065530017,45.24694307159103
4858.0,93.95608079206836,308.16372416070953,45.99808871687125
4859.0,94.92165904981556,310.61522789412027,46.701838904942896
4860.0,96.21504359450849,313.16125139424236,47.37517415299876
4861.0,96.59234961899654,314.17532438407187,48.22212904932455
4862.0,96.2331183716949,312.7257931083597,49.147600986225
4863.0,95.63715528651002,309.8769003711813,49.759105893861175
4864.0,95.31416037096228,307.6807890063072,50.15539835030671
4865.0,95.3930200755798,306.70955427087506,50.66972465619299
4866.0,95.84848362052225,306.12059837209785,51.191388988833324
4867.0,96.70324482244862,306.41325230037756,51.43373299496151
4868.0,97.8024440379197,308.5568690648958,51.786222753960246
4869.0,99.16941965899565,312.3864624123616,52.450383065801866
4870.0,100.42779694954368,316.1444185605142,53.190195038109515
4871.0,101.36211305635011,317.84415258225704,53.517442693884426
4872.0,101.94806751699296,317.81803055034254,53.46991014900757
4873.0,102.08089956897594,317.58701629332654,53.43689942458991
4874.0,102.01909202058106,317.92738641273866,53.43191569171616
4875.0,101.69820436922365,318.96551718824094,53.45445479290362
4876.0,101.20186385264597,320.2118661837676,53.60394843961863
4877.0,100.47752571994961,321.8853807454739,53.999496067412814
4878.0,99.63636158467433,325.0653763553303,54.3657727620283
4879.0,99.40409860113141,329.5220326791382,54.63162996852798
4880.0,100.31440694157818,334.8319260039025,54.95153563265809
4881.0,101.63212195729118,338.52146045683736,55.271860283012195
4882.0,102.20279335025769,339.48650407445297,55.694151615510066
4883.0,101.80933764316138,338.6247814025857,56.53589695559021
4884.0,101.08161642413707,337.73977201747743,57.542844945142
4885.0,100.36087479039573,338.2561325970632,57.88667519373825
4886.0,99.58630973636541,340.65985785982093,57.390985340609795
4887.0,98.87321372796119,343.84771062092454,56.53123179097967
4888.0,98.24356415405774,346.3684604278946,55.61297345358521
4889.0,97.92759626390482,347.9575398505449,55.19652418152386
4890.0,97.63085820487241,348.78733176211426,55.256085241069684
4891.0,97.60994002134501,349.3673547193975,55.78284049543921
4892.0,98.25820124000575,349.7419636202934,56.359823553123995
4893.0,99.61596401877891,350.27942757550204,56.64329899188655
4894.0,100.83180820525835,349.9057239217885,56.87974442116653
4895.0,101.14741505457872,348.4215499049726,57.34053465146795
4896.0,100.62202408818793,346.3306558655055,57.965139684143764
4897.0,100.468128983252,344.59904695172503,58.29970683707479
4898.0,101.14647169075045,344.0849374550981,58.1180227320947
4899.0,101.65585103619397,345.5493862938641,57.515142421036344
4900.0,101.77207522800319,347.9667753190977,56.98394995140881
4901.0,101.56028802333074,350.3046153149744,56.61732929235452
4902.0,101.37744519795962,352.33565486300574,56.44364372104429
4903.0,100.87256476388093,353.63137192181927,56.26526668573365
4904.0,100.50158740230404,353.82003957736634,56.116110268119684
4905.0,100.5929102606429,351.8502401019123,56.142408947415866
4906.0,100.67489327595396,348.11739659953935,56.18838098437408
4907.0,100.67147382414696,344.1495915280464,56.06827531029004
4908.0,99.90834940920564,342.16349798643114,55.60616146672521
4909.0,98.91587117470932,342.67461596940353,55.03622167519202
4910.0,98.32189399647089,344.5383718765015,54.417080718747684
4911.0,97.63656466685384,346.8938836376528,53.39572178128801
4912.0,96.95094132634296,349.6234521104067,52.142531652818825
4913.0,96.44578787423309,351.1443036889333,51.05067532429878
4914.0,96.19652444733963,350.5898199691273,50.25749576270954
4915.0,96.39535230615773,348.33688807018314,49.65895182315664
4916.0,97.16111040582561,345.26278504162826,49.511689538175744
4917.0,98.64075453074703,342.40785797824407,49.491730395690254
4918.0,100.2637671037013,340.5619480694116,49.31450737465805
4919.0,101.22389706757654,340.37090400121554,48.878209272672564
4920.0,101.58259424894842,340.96223612259405,48.42633820066839
4921.0,101.2130703031397,341.5225178130921,47.8034466104934
4922.0,101.10930404278761,341.91879992552043,47.20711816660046
4923.0,101.50231599396822,342.49225188260357,46.62234628103587
4924.0,102.77111299284618,343.30928921875767,46.103847955544474
4925.0,104.67888560827463,343.6560629203876,45.54589367841664
4926.0,106.75384436349508,343.53849965543066,44.96489996502733
4927.0,107.94374390030852,342.88522261315046,44.61630083402877
4928.0,108.04905422542609,342.02356564492715,44.55308386373313
4929.0,107.6472543120675,341.81436566303955,44.33583199299805
4930.0,107.04225057808378,341.82171957791473,43.658191596831095
4931.0,106.08477466834344,341.6026805690116,42.85132243629162
4932.0,104.72071358059948,341.7474082986912,42.1941833171109
4933.0,103.27582272007425,342.0573910463927,41.648518891994975
4934.0,101.9827790841875,342.1021702566575,41.05514100780081
4935.0,101.36339550636225,341.2554912215494,40.461541017938906
4936.0,101.3269822364172,340.30020538831263,40.01566049477729
4937.0,101.23850517318414,339.1345399274906,39.75562257633188
4938.0,100.51741416762157,337.9366721609495,39.4786335303422
4939.0,99.34497337721041,337.05307780850876,39.09835534910477
4940.0,98.40193406667001,336.8345826845113,38.562287073907235
4941.0,97.71478070749212,337.49070972960493,37.905522786135045
4942.0,97.19145489249948,338.4307015633527,37.29816263373951
4943.0,96.64920748764114,338.6021041889648,36.80494996129139
4944.0,96.42888191888757,338.7489660243177,36.72375574216512
4945.0,96.49287239593166,338.63539598913076,37.1710793728001
4946.0,96.79693465951661,337.56862162417,37.77464059753221
4947.0,97.04870670943203,337.31566050371816,37.90130836429483
4948.0,97.11574693081151,339.8190044389589,37.37449868999408
4949.0,97.31795272619046,343.2076121218387,36.74610058947843
4950.0,97.46962339393049,344.7056646839255,36.42753112374355
4951.0,97.7721959427098,344.6511388760282,36.553990968826916
4952.0,98.31820021980693,344.65610274537113,36.7843385368876
4953.0,98.85599034551963,344.87992056647926,36.94958706413584
4954.0,99.40975355713601,344.7440269670511,36.9648245671858
4955.0,99.82331990865316,345.08547358210933,36.656196731160655
4956.0,100.29122992898183,345.87220575859135,36.11423844442203
4957.0,101.01283005611377,346.2331026198937,35.68524760374031
4958.0,101.861002484837,346.1855197042064,35.406610141287345
4959.0,102.71401739648945,346.22060120527675,34.97717187846202
4960.0,103.43942235300966,346.96092899675034,34.37090328100889
4961.0,103.79542468897567,348.8787799409068,33.96499688981714
4962.0,103.87497461563146,351.6226979516992,33.888827544487874
4963.0,104.00477401821816,353.8279827529675,33.85803322411867
4964.0,104.9418146877299,355.86524629172976,33.77211995403468
4965.0,105.95389642607061,357.438545482564,33.53763456438956
4966.0,106.88587187838006,359.4758706900283,33.326397386145956
4967.0,107.68234961513302,362.27618776836425,33.08605527397633
4968.0,108.759869648576,365.08931072194815,32.644080193140034
4969.0,109.50418388339311,367.2583881541755,32.08757001171415
4970.0,109.8074447595726,368.7756205352098,31.7186924074185
4971.0,109.9156698767868,369.4481772451283,31.772290953438425
4972.0,110.2574097644961,369.6079828286187,32.0056027994153
4973.0,111.17705514297643,370.37720341978235,32.315956093962
4974.0,111.82945900353931,371.8573033946997,32.573270550496055
4975.0,111.74293082202138,373.7627445867158,32.902358052450445
4976.0,110.83640847480837,375.54862343402135,33.31571617973824
4977.0,110.2500369600031,377.56615645747945,33.71027570811491
4978.0,110.27034804878662,379.9973691647199,33.92932382397466
4979.0,110.71940421709574,381.96344949253444,33.91652588744712
4980.0,111.38744750007403,383.2380022557488,33.891530479569155
4981.0,112.01394938007464,383.61349797239944,33.794784295848984
4982.0,112.48145262253807,383.1447820557318,33.67870130062633
4983.0,112.34594653546296,383.2251198751095,33.616399880614516
4984.0,111.91391820574876,385.5285620942992,33.50547905146807
4985.0,111.6516443657776,389.91966527834904,33.247611679905646
4986.0,111.43403002645587,393.70846929552215,33.04406427566709
4987.0,111.698725773764,395.21564091057417,32.91857841006624
4988.0,112.37614501592793,394.5125745076552,32.85395080909955
4989.0,112.90686270884883,392.9349042302963,32.830413800067305
4990.0,112.1249425599673,391.1038021782072,32.65025860707863
4991.0,110.55358520136228,389.4358777792002,32.56644748853592
4992.0,109.64905940736433,387.9964558535855,32.71371605964929
4993.0,110.03502289856404,386.72729561622685,32.874169304016
4994.0,110.7389713520088,385.7495772810537,32.756520826159814
4995.0,110.93188369530439,385.2971750076809,32.39490647326052
4996.0,110.81583035841244,384.79195082336634,32.08758553269025
4997.0,110.547638520681,384.2936750025996,31.769810519394532
4998.0,110.29218106379106,383.59665806827655,31.67642463310607
4999.0,110.26907701517237,382.4511699054647,31.771561907943312
5000.0,110.75885720457158,381.1655333232133,31.84154564454282
5001.0,111.4305557865226,380.03571856689337,31.56676229464775
5002.0,112.03576189220809,378.6131526298869,30.96568086420404
5003.0,112.49501393848689,376.37670009325285,30.381442877644957
5004.0,112.92425839221775,374.2416701595179,29.937599723300114
5005.0,113.186587275199,372.539211221268,29.408934748380275
5006.0,113.12166535266768,371.15187502222153,28.787875247909554
5007.0,113.24751093971473,369.8018666187542,28.576851898799696
5008.0,113.52572559667236,368.3534826379809,28.738545571440046
5009.0,113.59022341841025,366.6729472190479,29.001811736302322
5010.0,112.89611712929641,366.3339108484879,28.87276889238447
5011.0,112.1144254810272,367.4618205734738,28.492396548146303
5012.0,111.79994099305276,368.9069705577913,28.1219534539055
5013.0,112.12852142717087,369.10138626037246,27.86951763561744
5014.0,112.41570417833746,367.3424879915832,27.518690632109042
5015.0,112.07372076360257,365.0977791310241,27.169985801517324
5016.0,111.48381814232049,363.4598711032146,26.854203939657634
5017.0,110.83837888293021,362.79591317146105,26.600224112291066
5018.0,110.0690387771582,362.2723646987416,26.388510095835038
5019.0,109.12947444543885,362.12163694836755,26.04378949082702
5020.0,108.7346574001102,362.95319686844323,25.5574073673789
5021.0,109.22006485725535,364.47632637159643,25.091654652114123
5022.0,109.90790027172174,365.46919441654694,24.650775272351183
5023.0,110.06197735286499,366.267925354544,24.021729190114822
5024.0,109.90879683930731,367.5646296184596,23.349865555892425
5025.0,109.82041823640452,369.0518793353724,22.88229702677136
5026.0,109.33292210500885,370.43718000723857,22.588556993838203
5027.0,108.46577196197602,371.5239970352834,22.40206398812269
5028.0,107.76955822883504,372.1054537734313,22.296052991591125
5029.0,107.57288296896573,372.79535999239386,22.22570445496341
5030.0,107.32369633158511,374.5917317720567,22.06782044216641
5031.0,106.90764517237103,377.46527051898244,21.81035314140514
5032.0,106.86788581104858,380.8659804803126,21.5847042190549
5033.0,107.4102901375652,384.01458529143224,21.569407961714028
5034.0,107.6835363333382,386.0748407887384,21.77681051296278
5035.0,107.4167023742206,387.13053631176507,22.23784648457249
5036.0,107.10777494006149,387.8572569472912,22.734348483025002
5037.0,107.05104620441101,388.9462886682672,23.024982671847997
5038.0,107.26613097222877,390.2136218844503,23.002267876938564
5039.0,107.27112431650141,391.8100242645813,22.993349685779894
5040.0,106.75815065090127,393.1920991572542,23.290167415126568
5041.0,106.16925269556229,393.46526151529747,23.71458885170654
5042.0,105.68831632061327,392.03776379118887,24.02162087378963
5043.0,105.02329064391864,390.1428901965913,24.097259938816002
5044.0,104.47562908078388,388.73217298954495,24.006263601374442
5045.0,103.87675739170737,388.04134055534854,23.860363257402128
5046.0,102.90321784600467,387.7549154728826,23.845155192119016
5047.0,101.6951390916646,387.6772135820161,23.85394098366512
5048.0,100.86024574185122,388.1179815963557,23.796932608971602
5049.0,100.55510061102422,388.65967956368576,23.66553842864225
5050.0,100.48081577422303,388.76581523222603,23.525718279071338
5051.0,100.43116856656191,388.5869082478817,23.301280193428802
5052.0,100.33501331578795,389.1317162424585,22.902299386131396
5053.0,100.25653391342951,390.3985609327165,22.546296290299523
5054.0,99.99466747109159,391.36877688737985,22.235846128719597
5055.0,99.52036889834774,391.46053522558356,21.819478365443004
5056.0,98.67593512784883,391.3275524860805,21.272397141960806
5057.0,97.92959206654419,391.6775002950829,20.876621808473644
5058.0,97.73373745140626,392.46233323658976,20.64431422731413
5059.0,97.93197185621058,393.7282465501652,20.37027469420417
5060.0,98.30796644509805,395.4608116343362,19.977800532807827
5061.0,98.7468799662335,397.86910752365793,19.618848997902663
5062.0,99.06059642150264,400.96439338444594,19.342610354710374
5063.0,98.9489875760337,403.8454873967663,19.231407413867377
5064.0,98.5139494718628,405.5186299635471,19.30260403516495
5065.0,97.81875113806407,406.0302916393804,19.486142222724546
5066.0,97.28184411044172,406.1602744146638,19.810318620604125
5067.0,97.20544806265022,406.4005350552612,20.13804101008784
5068.0,98.02127147404556,406.8372653488023,20.28454042635372
5069.0,99.19291626524372,407.18625126190085,20.337488974198674
5070.0,100.044907040474,407.53531290501513,20.45326303835599
5071.0,100.44457121361933,408.2865281293736,20.514958791486755
5072.0,100.58456319749621,409.0684288567232,20.410539700074402
5073.0,100.95629639017112,409.4245590270002,20.199535539505632
5074.0,101.52021372114703,410.19441829791873,20.003512167268536
5075.0,102.10728456745458,412.5911042760112,19.940914150798505
5076.0,102.2649613062392,416.13670475000674,19.89794458823389
5077.0,102.09406809933844,419.38567696824566,19.786951994092238
5078.0,101.82568561133797,421.4996839274789,19.634090313300863
5079.0,101.67574549509033,422.09567642727717,19.636512658784035
5080.0,101.7750070860656,421.41136201001655,19.900804006846162
5081.0,102.23589344972879,419.62329707896254,20.30824896803885
5082.0,102.95240993528093,417.505032957012,20.652718018924347
5083.0,103.52875830291438,415.2513754004585,20.9635323571688
5084.0,103.86445683354351,412.89051451113284,21.37875131319379
5085.0,103.9942621079093,410.79788496507626,21.881462287072
5086.0,104.10668951154989,409.11823632811144,22.446353140687897
5087.0,104.29458904852116,408.4177199087651,22.907817555281213
5088.0,104.63764455699395,408.8164469583371,23.338815980876433
5089.0,105.00467725309746,409.8457252714291,23.820461150416158
5090.0,105.10117250309,410.61847144182696,24.391135205688773
5091.0,104.81810230579232,411.10877732088795,25.01472736831515
5092.0,104.49122107797757,411.0678280829717,25.628781510151786
5093.0,104.47121330756758,411.3353810670912,26.198726234762958
5094.0,104.6480559464553,412.03292649627366,26.741862140711834
5095.0,104.90482482317584,412.7216461574164,27.316525422005828
5096.0,105.10647669093922,412.42062702437283,27.761354630120245
5097.0,105.13853677252725,411.8672838841461,27.961255355574508
5098.0,104.98199368331986,412.5592425503904,27.92474385201424
5099.0,104.94241724721681,414.2073976316868,27.71157243720593
5100.0,105.08478140122116,415.7312759537635,27.50400595746939
5101.0,105.08224201733049,415.71270092866513,27.467479546132466
5102.0,104.8988483181127,414.38856361912605,27.67502277858669
5103.0,104.60926766539318,412.992196116781,28.134246121923148
5104.0,104.76671123654441,412.78906972637276,28.61676337546755
5105.0,105.53770461364883,413.2701698177706,28.98561890062777
5106.0,106.19683438046216,413.3973556830782,29.365951602818882
5107.0,106.34349911562641,413.3406841264393,29.820319929954344
5108.0,106.0252729337462,414.12646744550244,30.294698499844003
5109.0,105.19305501308624,415.85064051326407,30.60640956698987
5110.0,104.17662404782843,417.76089827513596,30.708636866429508
5111.0,103.40137265882694,419.7613503781231,30.681777811970907
5112.0,102.8006173766271,421.0468187461651,30.854379916649606
5113.0,101.62954721575659,422.14191290933775,31.35785949252685
5114.0,99.95017880692453,422.6885262182317,31.95226831163906
5115.0,98.50671218749973,423.0601546993724,32.552426718107554
5116.0,97.49416839791705,423.9265071301534,32.98808493940924
5117.0,96.80740433332215,425.61326511111537,32.931809086095456
5118.0,96.19938192623631,427.561396985892,32.41484512183333
5119.0,95.91376125857384,429.25904008079897,31.712652444641435
5120.0,96.37886879107602,431.8270884874031,31.103025593715003
5121.0,97.36505919645985,434.79240785624995,30.520831919165094
5122.0,98.22722187930397,437.3988070800505,29.997583331864604
5123.0,98.49505297517342,438.4311485438561,29.61337585308833
5124.0,98.39420036532664,438.1114269509433,29.35769205542121
5125.0,98.24007345116257,438.56255447346604,28.958801038032767
5126.0,98.18844370584739,440.8964496193313,28.293734915328805
5127.0,98.29951247107437,444.44688919247193,27.59205365792065
5128.0,98.10781679181977,448.2972607826891,26.991218253151732
5129.0,97.3661765810374,452.6232209281924,26.56777441459969
5130.0,97.22309717624947,456.39780515034477,26.281514184783
5131.0,98.65461087875758,457.86075217776107,26.03972373908383
5132.0,100.84498730691705,458.81329581885046,25.82469876106455
5133.0,102.65488291012515,460.4122073035345,25.66797385941184
5134.0,103.86620160706319,461.8571194158378,25.89947927523961
5135.0,104.31452862800055,463.79742495420714,26.38024915136825
5136.0,103.84759626858627,467.3186301341392,26.803162621220867
5137.0,103.18305207009674,471.87629918125333,27.07471062816552
5138.0,103.39141677664901,475.72751977312237,27.125928165738294
5139.0,104.23022731777083,478.88592398619835,26.991260231251275
5140.0,104.99648397355269,481.2462930901092,26.790274760108705
5141.0,105.64238133280917,482.93667038611335,26.546149949779366
5142.0,106.39805548851376,483.7955918665241,26.313199040326136
5143.0,106.92257465054435,484.0512455163864,26.239329264766564
5144.0,106.28838042456043,484.331507425637,26.392001196626868
5145.0,104.86162824988698,484.6220543833851,26.711689669859382
5146.0,103.9695823472729,485.03376733277764,27.0342542012673
5147.0,103.89403761823574,485.2219269000927,27.330008897283214
5148.0,103.75852498111502,485.8633388809409,27.655264571225292
5149.0,103.05695725869155,487.25465030162434,27.99247490810391
5150.0,102.38432091367962,489.6903643711261,28.202851007050924
5151.0,101.96389547853666,491.8292905153007,28.28300873059984
5152.0,101.3243334521613,492.32219897805754,28.35870197496899
5153.0,100.38049545502501,490.87191543948217,28.615677765572013
5154.0,99.69665898898725,489.19481994229113,28.92914400800908
5155.0,99.76932418198624,488.81308989427686,29.075079632911816
5156.0,99.91355488997176,489.58318867364886,28.939113100244477
5157.0,100.05015408700464,490.5651185588798,28.877381550545767
5158.0,100.16272034097197,489.08850260360805,28.86129376342347
5159.0,100.3480791717566,484.9876406865328,28.64083139216345
5160.0,100.00519026734543,480.3131485419591,28.249141660861465
5161.0,99.23569541152958,475.98518829770774,27.799217866213247
5162.0,98.31023620855844,472.2031818227701,27.281420964854277
5163.0,98.06347699464625,469.4918060833922,26.733568403625156
5164.0,98.42765454915514,468.14207572679464,26.278305780168996
5165.0,99.0059331777632,468.3918749252272,25.915256117882468
5166.0,99.34915166922791,469.4703010782533,25.800803667435726
5167.0,99.46717644952408,471.1383519131643,25.929588223945956
5168.0,99.66076199510121,473.5762578328057,26.22974965111152
5169.0,100.04225426261404,476.28463428767833,26.431289755591735
5170.0,100.37113952381328,479.56403212549225,26.61993905852904
5171.0,100.35551581831042,481.9504965073714,26.86198190839825
5172.0,100.46441555606947,483.5197562283127,27.056794550965453
5173.0,101.35687782879408,483.3820255445165,27.348993329502253
5174.0,102.55397479587249,481.43958385110005,27.624275205105604
5175.0,102.61279516245082,479.1597676911492,28.05192891042741
5176.0,101.85717822471082,477.56072917099976,28.598491347747835
5177.0,101.716154858401,478.11252392875787,28.86523327659525
5178.0,102.02519985416598,480.08205671847,28.926758118242425
5179.0,102.06189332796286,483.33366909523085,28.878204710180245
5180.0,102.39595530894059,486.8034828322972,28.808041433077534
5181.0,103.1713840134788,488.6557466604823,28.653255670519485
5182.0,102.99779171264888,490.7551843686058,28.67982182067025
5183.0,102.5553899328715,493.4076464177954,28.871033974844654
5184.0,101.63009986504731,494.6072237600197,28.952946545601296
5185.0,100.53287199630728,495.3323420404541,29.004389321661634
5186.0,99.18309418713392,496.021485062984,29.174245967523593
5187.0,97.70419348190278,496.8950482216376,29.39845410688486
5188.0,97.21563079891365,497.8634875408547,29.70459905008321
5189.0,97.69339274241028,498.45965742934203,29.78372917674524
5190.0,98.19963724052045,498.0696502041709,29.568385533123998
5191.0,97.99470767055546,496.93543836405854,28.972622824457286
5192.0,97.21070825811987,496.0729354357626,28.23406100192996
5193.0,96.18311642144477,495.26815184780924,27.33679334418481
5194.0,95.6558638504033,493.7251243330332,26.5055947296864
5195.0,95.49406153849971,491.2610241028402,25.92539880843498
5196.0,95.58599011622127,489.10886485636536,25.523385923514898
5197.0,95.55439134461405,488.84487801627347,25.239578444416523
5198.0,95.33468660035186,490.69820143089504,25.09688207994375
5199.0,94.92443400718912,493.27876917020245,25.24326300718811
5200.0,94.64042579666061,495.34757554248387,25.54103574444344
5201.0,94.60292057066674,496.62049761786636,25.87772059282201
5202.0,94.17948339547114,497.22627399369816,25.937964810891813
5203.0,93.20354114712757,497.4749622455356,25.885268441905158
5204.0,92.08379521547083,497.10018000145175,25.726450595430016
5205.0,90.9932423406096,496.42161915071404,25.472616799232163
5206.0,89.80770282442863,496.1787296943568,25.003306009289748
5207.0,88.80125196554826,496.31589479573364,24.41925460335301
5208.0,88.42199334181338,496.63664232835373,24.065631801807967
5209.0,88.47143846203903,496.9203151073954,24.02287686804416
5210.0,88.41904919404936,496.7649250622957,24.3763432611162
5211.0,88.34097861979993,495.4032986908742,24.916291488705735
5212.0,88.35674781792552,493.1947141300733,25.38305739475841
5213.0,88.0013465363328,491.2772889240388,25.582907568115818
5214.0,86.98880651484103,490.9591065870169,25.73750739229609
5215.0,85.74795243596218,492.86274593844115,26.07155165387543
5216.0,84.88038611824703,495.8169055431845,26.442821246680218
5217.0,84.74351985742544,498.59895011394457,26.544807690697315
5218.0,85.11585228160358,499.78437797382094,26.42847762844952
5219.0,85.93921076105855,499.6650334341496,26.270153542678404
5220.0,86.93129069071182,498.2278811627943,26.208288612229925
5221.0,87.41632013321701,495.77430310966355,26.288403283850805
5222.0,87.26759467466725,493.30583894330255,26.41844104551031
5223.0,87.37500976024441,491.7823335807995,26.60401761857623
5224.0,87.94710213241525,492.1516032154471,26.794979267936892
5225.0,88.35287080780779,493.71372424345856,27.02555113071025
5226.0,88.33026353428107,496.32962134897747,27.26422317686747
5227.0,88.02810421951801,498.9040082544679,27.47600061694514
5228.0,87.20153231432063,500.108284994415,27.72020709900289
5229.0,85.87412212461658,499.8289055746555,27.964004254050064
5230.0,84.77862674765979,497.67279604933674,28.27908543461739
5231.0,84.40711833858398,493.38658626046424,28.49495321109294
5232.0,84.36926635441182,488.5250876669413,28.593689050811022
5233.0,84.44755406759707,484.5614579736501,28.75943260286991
5234.0,84.95684165082079,482.85847918812357,29.000913685120125
5235.0,85.5279340217407,483.6262833684231,29.037761997885248
5236.0,85.6666159839014,485.135093856275,28.975380515131967
5237.0,85.26642690055759,486.40007748424966,29.00336413317212
5238.0,84.71088188182117,486.5995864420257,29.30063254865446
5239.0,83.77082867139868,485.744253352466,29.604901808435372
5240.0,82.66082033023214,484.0124212796934,29.796805017679198
5241.0,81.93748343286543,481.4718536575956,29.904794658814527
5242.0,81.88745162729244,478.55863790404464,29.82911956360098
5243.0,82.26851135083281,476.5860370462863,29.34721654074884
5244.0,82.99629976313025,475.21811653992364,28.65177347899082
5245.0,83.78282986040706,473.51724948385237,28.272019465992962
5246.0,84.00203009491737,472.0055599176384,28.345113146405893
5247.0,83.46287836592002,471.59333853108404,28.74878385417978
5248.0,82.5532204624929,471.6308787699456,29.064972853459874
5249.0,82.0767286774078,471.85413792873453,29.556856922432548
5250.0,82.23588944208036,471.2476621893603,30.332806621466652
5251.0,82.91163211797127,470.0586062972251,31.187872984711536
5252.0,84.03392071782298,468.9233131298094,31.753981672307784
5253.0,85.320319393144,467.1503677593146,32.190222621991836
5254.0,86.43746986053466,463.6549751104659,32.80647569378907
5255.0,87.26338254727462,459.3550786661217,33.69377413256582
5256.0,87.25034082386306,456.4712099900205,34.66169494566509
5257.0,86.57342250625604,454.9554924873782,35.644227875079274
5258.0,86.1782780974889,454.3170729734593,36.36183598262331
5259.0,86.24512378124712,454.43795036667905,36.681409073020404
5260.0,86.25709658615786,455.95186156784035,36.86213122355703
5261.0,86.18697614237485,458.43946274412826,37.00548940652478
5262.0,86.28859958783985,460.27898349638866,37.35295279735256
5263.0,86.3830986768407,460.10059652896877,37.64276172380027
5264.0,86.3281847044826,458.57311219784646,37.87620264503482
5265.0,86.00982335169952,456.6258010580833,38.101869002588906
5266.0,85.36880023555695,454.14760397177236,38.734096275420065
5267.0,84.14715700965841,451.6608618308456,39.44506650169557
5268.0,82.82372300448584,450.6433226342033,39.957398767782244
5269.0,81.59609762789697,452.67502774896747,40.01763467268948
5270.0,80.30466917701258,456.9721221039034,39.63749729839144
5271.0,79.29065843889327,461.65721071016765,39.18840829536799
5272.0,79.39797329976034,464.77001656010424,38.67497255845548
5273.0,80.47063812663185,465.9281760198229,37.814398546872525
5274.0,81.39321067086956,465.7531851849349,36.67123180070952
5275.0,81.56688968820586,465.0188520560399,36.073468685465336
5276.0,81.22519085800366,464.6184849838139,36.166250016056
5277.0,80.50176246033294,463.90607246420603,36.568160151047366
5278.0,79.72314639634327,463.4919950337735,36.69017265100499
5279.0,79.51159193846964,463.8851316990526,36.2834190368268
5280.0,79.36585613955276,464.96350678137554,35.42871614857892
5281.0,78.70903716229752,465.9106277113691,34.766118074251196
5282.0,77.71946388496634,466.000276965005,34.35515033245329
5283.0,77.03959268384402,465.4590256550703,33.739858007608284
5284.0,77.13443760182336,465.0577647792041,32.71174717742367
5285.0,77.40844500713585,464.9197141967691,31.849066402775247
5286.0,77.43579242515449,464.63383055371764,31.725972889671084
5287.0,77.53798254201111,464.5645309097576,31.94529786389412
5288.0,77.9831633980662,464.88869433161517,32.060961251376
5289.0,78.58429413085533,464.76206753461463,32.2477561228882
5290.0,78.6195391214207,464.560598219197,32.675733452543255
5291.0,78.07461077418048,463.7331776679535,33.092142140929006
5292.0,77.57530131923698,462.25267374386635,33.38805379952651
5293.0,77.93632193996672,459.59947847623084,33.39832656625995
5294.0,78.92794958081528,456.7433767958204,33.23288756419945
5295.0,79.9881787925543,454.13002619176564,32.97601751773202
5296.0,80.73384150300156,452.1392164969763,32.66721939561633
5297.0,81.3171882131389,451.4368481421931,32.50032785261858
5298.0,81.79205214564719,452.39031026579295,32.5265469298327
5299.0,82.0738957584352,454.805977277722,32.75687647493027
5300.0,82.31165596125058,456.9319365412937,33.0451953398745
5301.0,82.57977790033108,456.91899947052434,33.33803484044883
5302.0,83.22982563373768,454.69342807281396,33.54678430827479
5303.0,83.99126932197298,452.0021921313725,33.78305959752973
5304.0,84.37536328231182,449.5888040907655,33.94479882139658
5305.0,84.61627357499076,447.974528401193,33.63361856266503
5306.0,84.99501142760673,448.4621372082391,32.76537690620401
5307.0,85.77944754097706,449.86273407703686,31.972264352452893
5308.0,86.6835880085166,450.03377945308023,31.374600563034036
5309.0,86.96727977550003,449.25358483796083,30.88525583765223
5310.0,86.58337170464706,448.7390250225517,30.53018627887907
5311.0,86.30113001255202,448.8780043707167,30.246999494408932
5312.0,86.4663922591733,449.17887810657805,29.977304644028493
5313.0,86.29131966277893,449.95634277601545,29.8757345289478
5314.0,85.78049671176673,451.9557237432352,29.786313988933923
5315.0,85.46905390795835,455.1278381625816,29.59475002717249
5316.0,85.51131334772793,457.8660387040886,29.391213534621635
5317.0,85.59607931393462,459.47848712157946,29.117472696902716
5318.0,85.57655262194658,459.3464919612006,28.854663795022915
5319.0,85.32390704277108,457.9105664780712,28.886548313822978
5320.0,84.92096821103422,455.9821368224384,29.140638382992435
5321.0,83.99630007074619,453.59972273739015,29.338346154015486
5322.0,82.55845455764829,451.64264028037434,29.419228287029238
5323.0,81.27328562131503,450.9563721864462,29.628715818947562
5324.0,80.82055381583709,451.0456104265801,30.041120823060044
5325.0,81.1127000943299,450.4579879553796,30.302416016454774
5326.0,81.56296611704862,448.432834329222,30.24544375157821
5327.0,81.60793081803666,445.35817061813793,29.92531762564636
5328.0,81.45013783122846,441.75254329024926,29.804053556433033
5329.0,82.00817562031588,439.1295540324331,30.086764330089704
5330.0,83.1439277643058,438.42090913731914,30.3135943584042
5331.0,84.24617092561228,438.5077211177184,30.287343097742685
5332.0,84.87011995275387,438.70445224751444,30.156730185746785
5333.0,84.63497429860543,439.13007246963366,30.292742828097236
5334.0,83.91147404440362,439.3126409032762,30.52971231081121
5335.0,83.27905407391633,437.44814353473157,30.592867537615803
5336.0,83.60029202767942,433.13529774040984,30.319601019561112
5337.0,84.4208315437529,428.1820803248698,29.884592518405643
5338.0,84.8896698150234,425.13533488837646,29.492893393081285
5339.0,84.8398702791243,424.5351077603751,29.237711590597932
5340.0,84.57187152302339,425.11195842745434,29.032618632583954
5341.0,84.05210353252315,426.00600493238466,28.847241506403098
5342.0,83.03719862088055,426.7045405427646,28.93856320948455
5343.0,81.5692304733491,427.4245622038466,29.263185762297642
5344.0,80.08268306180325,428.6516632014326,29.596388392079437
5345.0,79.22193232334232,430.09203020924974,29.861528891516308
5346.0,78.93347312518145,430.2718457186241,30.219459062562123
5347.0,78.91273942162945,428.15555742478404,30.650114220945518
5348.0,78.73803095968539,425.3494168355211,31.213857331996422
5349.0,78.44100877064271,422.9158930652627,31.608619647667005
5350.0,78.0845247093306,420.5215946566459,31.60763341704222
5351.0,77.78351992463168,418.2967434079229,31.22436031476891
5352.0,77.61860505561229,417.05235278960976,30.805198358092753
5353.0,77.714806180992,416.48895786133323,30.371022132740457
5354.0,77.75325047720173,416.3264173937544,30.010642918628708
5355.0,77.1130344333356,416.15538226880983,29.87516936066579
5356.0,76.20838473627914,416.8344040595808,29.887190341295195
5357.0,75.7965762981493,418.58407397771197,29.871090796967422
5358.0,75.94106312702395,420.3959324866234,30.017552527981078
5359.0,75.9142834706433,421.76259565831714,30.397590035460897
5360.0,75.6420008381362,423.59507972833535,30.685669605703264
5361.0,75.75171958881108,427.329407654611,30.700684610154024
5362.0,76.29587241157574,432.49919795381885,30.648334119510938
5363.0,76.97400763615188,438.2327206703559,30.656938145155223
5364.0,77.21995361038293,442.91894785673935,30.63201655193683
5365.0,77.14342793062895,446.59059339856077,30.600825733317723
5366.0,76.6954034511656,448.37166336127876,30.69876906779606
5367.0,76.00401395238964,448.0861257351378,30.854079854003118
5368.0,75.36057979414404,447.33466556271384,31.20939230044689
5369.0,75.34255624008097,447.86276000320805,31.72058296354636
5370.0,76.14375505883399,449.9203905555697,32.18286228555458
5371.0,77.02567404584273,452.37810592680944,32.478910000514944
5372.0,77.6623701420279,454.7286258182524,32.6157698858548
5373.0,78.11941174962746,456.2886405071218,32.4627797676903
5374.0,78.6361891293594,456.10761745737943,32.12601156371118
5375.0,78.96208240609691,453.98595125602736,32.13830092213887
5376.0,79.14238867392062,451.1639953340759,32.41805480065767
5377.0,79.2532851878032,449.8830326693927,32.580902456282985
5378.0,79.3647295428159,450.44704323182555,32.60432428918573
5379.0,79.60582004211581,451.18729107384496,32.725652217829214
5380.0,79.89570856098717,450.8831938451864,32.763244482861076
5381.0,80.3687144610056,449.7422050558667,32.52295982687464
5382.0,80.75386249128779,449.14449684470674,32.11639575963304
5383.0,80.68001618316255,448.83445353808236,31.743115487788412
5384.0,80.3314240736108,448.9677541974246,31.419669925116015
5385.0,80.44070656795549,450.5609964409537,31.258151404565044
5386.0,81.19101796426631,453.9718214516103,31.263989246554683
5387.0,82.24832069401431,457.5127781891968,31.29057785481939
5388.0,82.6863173387469,458.40048962251774,31.42931339368868
5389.0,82.28431820175616,457.12312009206016,31.842363973202907
5390.0,81.3894464508034,455.9861295531548,32.4001736285942
5391.0,80.3607393401261,456.37030009849866,32.59275064983721
5392.0,79.86690077862713,457.2568837569018,32.43809921565243
5393.0,79.57031093285741,457.37998568194945,32.1773937515469
5394.0,79.7444438562523,457.30834903261956,31.991533499526344
5395.0,79.8523799863325,457.0732101052681,31.71275459829794
5396.0,79.48503170059507,456.20114612652304,31.060352477796773
5397.0,78.99023933411792,454.7423195768253,30.127780491330846
5398.0,78.82366540819174,453.73120876770804,29.344809897225
5399.0,78.89761528889434,452.4278384697134,28.66755487235445
5400.0,78.66677663986424,450.85779323044056,27.72540747640178
5401.0,78.47813067574418,450.7349654582569,26.59892339647564
5402.0,77.89357216605158,452.72076541652524,25.65005951050189
5403.0,76.72207683872007,454.98347917179314,25.12616096554404
5404.0,75.83265406228861,454.80746072805135,24.66212577001357
5405.0,76.05288478414684,452.50617886238257,23.994347149974303
5406.0,76.50357536687477,449.9654547237812,23.401877134618772
5407.0,76.54205471511183,448.5020849778343,23.066181257475073
5408.0,76.26368038988242,447.95031169107347,22.673873076851905
5409.0,75.92714283246067,448.5727701671489,22.17273434212489
5410.0,75.96943346918916,450.59459042731663,21.82477939505603
5411.0,76.274499973198,453.7121837951701,21.77358687719847
5412.0,76.35238098642652,456.1997099575203,22.055949693709014
5413.0,76.1188200010844,457.1344316964534,22.602567777885323
5414.0,75.97680393526275,456.3829358698041,23.298476385261225
5415.0,76.0952153050261,453.67177462503855,23.904812988248526
5416.0,76.54354727306227,450.4647711698999,24.506446298881958
5417.0,77.20379039847657,448.16708657963443,25.278729600938494
5418.0,77.69333427282743,447.314432157378,26.10999737952895
5419.0,77.90499096550418,446.8006106674008,26.928159366301497
5420.0,77.93957921009418,446.07258197087856,27.63567028701744
5421.0,77.82422352074698,445.41563859818433,28.298477380724943
5422.0,77.37989710632337,445.4357969340721,28.831106168449455
5423.0,76.51587397589255,446.3397819004463,28.95742623006183
5424.0,75.67137862145648,448.02161463008446,28.65561151860845
5425.0,75.24244165941762,450.16038756625335,28.23829129606197
5426.0,75.23877093925398,451.85963448859513,27.936593232411624
5427.0,75.62329596870005,452.168958760375,27.79782826443857
5428.0,76.23884776819601,451.9397798713052,27.719535815783697
5429.0,76.36001677809429,452.4267872895697,27.71815957897482
5430.0,75.93873151551657,453.9228248046182,27.942584359600687
5431.0,75.2813978552349,455.9285439308783,28.43157919726933
5432.0,74.58065714784705,457.7985704883612,28.75982580340257
5433.0,74.14676200509896,459.2632421201413,28.556972227481765
5434.0,74.03326829278124,460.19285955799427,28.226216162251795
5435.0,74.17161793269739,460.4904453606701,28.177385993394758
5436.0,74.12309524666624,460.1904200277125,28.26647055420841
5437.0,73.75704852765391,459.48408693541876,28.307598517090877
5438.0,73.61272351590304,459.0953123533016,28.32723420456226
5439.0,74.0522706406964,459.6952079147253,28.362085657963565
5440.0,75.05209409962974,461.4365088311085,28.385301956904502
5441.0,76.10297414216743,463.2320304171456,28.431932398464035
5442.0,76.90758582259686,465.0172519866702,28.593739208569957
5443.0,77.31221093791882,466.95195855885083,28.900842703260157
5444.0,77.88168700412044,468.5571471226012,29.255789216816414
5445.0,78.91872296000308,469.4678041461448,29.340471839209776
5446.0,80.05756513151404,469.89753973170565,29.09039659657093
5447.0,80.63506291511003,469.8499154383096,28.827600769017447
5448.0,80.53513668959641,470.5425850409214,28.711033709351486
5449.0,80.13356183767611,472.8176310457741,28.8059382364643
5450.0,80.09966681305254,476.2774376503154,28.931163915939667
5451.0,80.53562219114522,480.56900074008206,28.943233627750555
5452.0,80.8745324644025,484.80196352831723,28.92229812364698
5453.0,80.83878319862492,487.79393103437366,28.80074557071541
5454.0,80.7403046876088,488.8287883783188,28.6018000999154
5455.0,81.29885627643586,487.8965632734354,28.157516836009172
5456.0,82.08980911661587,486.06857796430836,27.60079167010771
5457.0,82.74531218381166,484.31923918399804,26.97200464746493
5458.0,82.99493906467985,482.54330554556907,26.391434451123928
5459.0,82.93462366838223,480.57421246292864,25.858752353154035
5460.0,82.81428415340842,479.14987534070855,25.379880128130146
5461.0,83.17810914535123,479.1701999498836,24.965858664274087
5462.0,83.65747607727631,481.0405043623874,24.62680146508563
5463.0,83.74073877321155,484.2371644060636,24.369918063609674
5464.0,83.59935776590004,487.7230740263684,24.10827970633489
5465.0,83.44267265666126,491.4255771432183,23.948612887823998
5466.0,83.69219117256156,494.5794431231239,23.819816229525106
5467.0,84.42213037587166,496.8949042208654,23.558089753729877
5468.0,85.48169979975333,497.9994713619711,23.07066174641884
5469.0,86.57255700531753,498.32793747406527,22.657503086503628
5470.0,87.34325577189949,497.9816473644058,22.471381257081323
5471.0,87.10137926737531,497.3559227686022,22.398392119020478
5472.0,86.17856123610319,497.1631045941305,22.418298180500038
5473.0,85.05075107389892,497.5688153838754,22.37984512490281
5474.0,84.26813447517723,498.39904539771493,22.23287282873407
5475.0,83.79413383010844,499.10637159030773,21.936721672830465
5476.0,83.5561389173002,499.83085285850575,21.591022873115655
5477.0,83.62044054611682,499.75523261981135,21.333608397587522
5478.0,84.0301720059435,499.0417679837821,21.33074250863002
5479.0,84.87924665140413,497.9017481279607,21.510776388232326
5480.0,85.46028992242331,497.2271405165493,21.757788344647803
5481.0,85.55784157840831,497.4557500851019,22.089200067242007
5482.0,85.06909926873668,498.0407936817853,22.5169035846842
5483.0,84.58598566827213,498.54667897052286,22.923125457905805
5484.0,84.47866589794906,498.450720287499,23.02468507384362
5485.0,84.74562004157887,498.14149140464394,22.843356709130106
5486.0,85.04083684085884,497.37177389342895,22.815681818442375
5487.0,85.53467067824947,496.6542265133366,23.06559628910349
5488.0,86.385726181533,496.8681248982241,23.267874560782964
5489.0,87.44876238205853,498.28150349617806,23.2765368604878
5490.0,88.56089505098242,499.8735053626142,23.28190055447155
5491.0,88.87959066241537,500.94760826714645,23.44826597289372
5492.0,88.46673838338678,501.9407345442686,23.743340556344656
5493.0,87.66045183292759,502.8422879506831,23.941315617005777
5494.0,87.19485060381493,503.64059600752313,23.870450461860248
5495.0,87.20499288994105,503.91649771914024,23.594387511393485
5496.0,87.47637028024332,504.73088337554793,23.517638126251565
5497.0,87.77599134038734,505.7513927804507,23.66168222182935
5498.0,88.2349582811953,505.97245420076234,23.78381710509025
5499.0,88.85598401808996,505.60589320626946,23.642588336365673
5500.0,88.90924726606681,505.32513594296535,23.503744909969214
5501.0,88.00788739887864,505.595192326845,23.40002526087471
5502.0,86.41349187705306,505.08247527004244,23.126818112128504
5503.0,85.33994764098054,503.1780850223028,22.75151319133244
5504.0,85.36079234328119,500.85953236182655,22.366524508862522
5505.0,86.1487120748523,499.7499872080535,21.92842000574123
5506.0,87.26884441345588,500.37360111725627,21.342135613259305
5507.0,88.21559383277385,502.7435229624216,20.817463668428175
5508.0,89.21217272551097,506.26410804828856,20.436697206767974
5509.0,90.13982965243603,508.7892063746599,20.229208319704206
5510.0,90.45304243179862,508.4264060679476,20.124276478920464
5511.0,90.2981163115304,506.4602496750613,20.015501860658688
5512.0,90.25707839878606,504.2991489970469,19.831665974324252
5513.0,90.14261451262765,502.5627053573536,19.47109480006032
5514.0,89.84812300147205,501.3130457540461,18.961073949458143
5515.0,89.71421324989605,499.7053571642903,18.557921852357424
5516.0,90.01214316673119,497.2584067538023,18.333779297785913
5517.0,90.30917797774336,494.7158620893694,18.089785776910855
5518.0,90.06713317630734,492.8728925127994,17.85485329236013
5519.0,89.21932101086814,492.2746074815109,17.82257594318132
5520.0,88.55481322123491,491.9222680442078,17.982573100676685
5521.0,88.43033708401359,492.53230631242457,18.21818060973464
5522.0,88.8625228169994,493.6137510120516,18.49573234422225
5523.0,89.42499602308895,494.5062834990076,18.75880089916906
5524.0,89.72387280943673,495.04826588731686,19.031879933197406
5525.0,89.82375402630633,495.0007381514053,19.322983526883064
5526.0,89.55096774791404,494.29764662601593,19.59573167662009
5527.0,88.8627486806842,492.2773067875401,19.951694223816162
5528.0,88.37076332775624,489.609888675039,20.18148570144672
5529.0,88.72002125985634,487.9615556385425,20.100443541897313
5530.0,89.47351698837277,486.93351641954547,19.641852750930738
5531.0,89.73044194796023,485.36070550136776,19.20828947009359
5532.0,89.62557968001843,483.1857975485836,18.991442496372528
5533.0,89.77957213888475,480.5462960745025,18.685918313566173
5534.0,90.43743132348688,477.49726838311045,18.329599646508747
5535.0,91.37218494262403,474.22999297006896,18.254112267033925
5536.0,92.32019179059613,471.31188342796355,18.5934302401
5537.0,93.40392990796117,469.68713828113965,19.104541971565517
5538.0,94.57489154192206,469.13104654526234,19.50204166365456
5539.0,95.69083210535143,469.0822911283808,19.849151963082463
5540.0,96.10898752834639,469.8618941177521,20.031912868506247
5541.0,96.03923638551787,470.77447411651025,20.233933148224512
5542.0,96.00119885980601,471.7621119553017,20.359853181472364
5543.0,95.9563938234489,472.2694365957562,20.372248156560033
5544.0,95.72952449460868,473.1322195836153,20.259428957340052
5545.0,95.43556958829805,473.9194026961,20.161547601985443
5546.0,95.99739667775425,473.3856087731993,20.366465248859324
5547.0,97.30238225752505,471.2241368296615,20.9237260110914
5548.0,98.68349770426626,468.5683443259467,21.448445903635957
5549.0,98.79691427030441,467.2567463148144,21.615225965868127
5550.0,97.6089506632546,467.1725769251147,21.641434944545225
5551.0,96.11669717040428,467.56825800739944,21.715151989910726
5552.0,94.61378352418846,468.590700169484,21.718245096542443
5553.0,93.54754241040463,470.45596725720935,21.596640251464102
5554.0,93.16884043164856,472.0733782225152,21.53036950447573
5555.0,93.30135706672283,471.96260877324227,21.673301293956495
5556.0,93.42056782096994,469.864470566062,22.022227301997155
5557.0,93.25720458538947,467.53921962789946,22.364790298631874
5558.0,92.66962739454227,465.7091715631627,22.613047474103197
5559.0,92.06939597553281,463.91036164680435,22.770072567792077
5560.0,91.27089635747647,462.4675828082368,22.699635427252634
5561.0,90.57779459417166,461.45197017791895,22.495815170707623
5562.0,90.24104837198234,460.9092970110752,22.292115409479187
5563.0,90.41954226016641,459.9042311292706,22.22643406374529
5564.0,90.75237259963177,458.10301837621887,22.242141470483105
5565.0,90.83970042264689,456.7704143505752,22.16554845827265
5566.0,90.4080221912894,456.2327983786849,21.838374569742808
5567.0,89.89392748683427,455.7895827373023,21.3786483893955
5568.0,89.60875425204284,454.908465585039,21.047884249399182
5569.0,89.33820680254767,453.81807358329854,20.85727334681743
5570.0,88.63329566228464,453.3043283475526,20.64302713595443
5571.0,87.45746464132942,453.5212093681195,20.243130522687956
5572.0,86.53064279752587,454.56529242502944,19.6363531319304
5573.0,86.38533061265426,456.0269910255407,18.948443586360998
5574.0,86.73032489077158,457.2570599575005,18.340519464483894
5575.0,86.96737471038739,459.0195153477209,17.752973235932956
5576.0,86.6058107219105,461.5731170852527,17.183712308573227
5577.0,86.17323533743419,464.1689657257533,16.732130855992708
5578.0,86.19359777153251,465.7951350275936,16.446674864718002
5579.0,86.59799162262155,466.57121521939746,16.403430541197412
5580.0,86.63808566678809,467.42969734740876,16.583202063159888
5581.0,86.18581067135761,468.77599781041084,16.68191091983724
5582.0,86.62964560202305,470.91711844642504,16.582085471612274
5583.0,88.39499176761876,472.96647079385104,16.282122638472114
5584.0,90.79182724999774,474.3224113378714,15.969453473469619
5585.0,92.49373108612384,475.1827575398116,15.713400729054504
5586.0,92.89581930485015,475.9857612145264,15.473886412006932
5587.0,92.35876119551078,475.7687363779194,15.301020117375387
5588.0,91.4724851028,474.52658607925036,15.266285529880925
5589.0,91.10479663792589,472.70636425767873,15.336918192849817
5590.0,91.33762559546687,470.9104702664632,15.328165788936023
5591.0,91.86968230879337,469.8632675289957,15.097611017392513
5592.0,92.35448848484303,469.18131337151357,14.796875628105319
5593.0,92.54234498700836,469.34942893049174,14.839624430107355
5594.0,92.24925052576907,469.4554140529704,15.220999910071798
5595.0,91.82051545212485,469.75553801104155,15.56010197116284
5596.0,91.63607085382404,469.51142081095736,15.808136098420302
5597.0,91.86224402719726,468.0143385456849,16.227833822667677
5598.0,92.51793457878544,465.7724760594882,16.67384277302689
5599.0,93.56997698712199,464.2768112344473,16.824314670141902
5600.0,94.90753469536207,463.9506543096002,16.76659577018343
5601.0,95.93078674202026,463.64976250143457,16.845735547948266
5602.0,96.52850065018777,463.044817539597,17.03641392086481
5603.0,96.37035799145069,462.44087907108116,17.184601575014593
5604.0,96.06905272882791,462.6379232928234,17.277945725489026
5605.0,96.1087861641687,463.2278382106211,17.33533129955536
5606.0,96.6136929985487,464.3474512944187,17.407455359177032
5607.0,97.17408742663342,464.82615363702183,17.50166505438074
5608.0,97.85879012869687,463.6713753823122,17.711680571362567
5609.0,98.54580867322375,461.5220852315154,18.067938284280057
5610.0,99.14422774156832,460.15144848578973,18.404957323584007
5611.0,99.56648725441269,459.8361308507275,18.524521792471045
5612.0,99.80310101856008,459.07028953080953,18.58390510909484
5613.0,100.14673198623588,457.29679192103134,18.74678840505794
5614.0,100.37458072135496,454.7596225932854,18.99502243258464
5615.0,100.60017262571478,451.90191137963564,19.324997379385596
5616.0,100.25852627394893,449.2286646653278,19.74688953300762
5617.0,99.62127865525325,447.8964703878149,20.30705441121141
5618.0,99.01531700980043,447.76516771218604,20.877936083413523
5619.0,98.56953072488163,446.636440678519,21.199688256654085
5620.0,97.94180601423366,443.509110838336,21.224661936074074
5621.0,97.27067184276203,439.8255490588927,21.04843488043473
5622.0,96.32579213655617,437.2239727939398,20.772123752991813
5623.0,94.52592647223356,436.33933930401537,20.449736070525635
5624.0,92.59868573014883,436.4615595069068,20.077347647552116
5625.0,91.33793237773638,436.4287171778945,19.95404138180841
5626.0,91.37426267257044,436.3292354803522,20.006513704355225
5627.0,91.93779943877884,435.7773701891409,20.226340424848754
5628.0,92.58766099973813,435.01802014286915,20.44003108517887
5629.0,93.0688107018038,434.5871085583338,20.634524563127442
5630.0,93.22482716598222,434.22203645354483,20.928597317610997
5631.0,92.83224531578473,433.1357551861539,21.197668761456615
5632.0,92.43902655831873,432.2232825375865,21.454345591311288
5633.0,92.31171051177479,432.1281885773262,21.646057360847173
5634.0,91.66580637134385,432.33262229505607,21.8477534763798
5635.0,90.92499073677813,432.29581225807965,22.184974561419263
5636.0,90.15614845189991,431.73072826872357,22.768774943064063
5637.0,89.4320251620905,430.4666693828665,23.334862726160527
5638.0,88.34277853520261,429.18652691396994,23.78385182838528
5639.0,87.23930428332291,428.25758625595773,24.164464550914417
5640.0,86.20244272787228,428.3490383850465,24.36721239388755
5641.0,85.35169134265635,428.52465084450205,24.351053970927264
5642.0,84.77967530452989,427.7424448579152,24.209180470240156
5643.0,84.5307574878398,427.0306944211355,24.07115021582522
5644.0,84.13083064924173,427.3411212871333,23.893666297979042
5645.0,83.00060750041429,428.57183928734287,23.817277139695246
5646.0,81.60808908872662,428.79130625963523,23.954982503497565
5647.0,80.70963161525351,428.1204547156839,24.456369220031892
5648.0,81.02177804364021,427.6219016604131,25.218347385134052
5649.0,82.20197403811599,427.8077708306995,25.929254793629525
5650.0,83.81509833563628,428.0800071085152,26.566022568148536
5651.0,85.23381282458897,427.44229386394187,27.141082972839204
5652.0,86.50269812803833,426.27901522215024,27.573373927280954
5653.0,87.398490848656,424.65298337638444,27.68677791576238
5654.0,87.57208370837841,423.17173383768625,27.73977191406176
5655.0,87.02378507856989,423.8696779641679,27.7730220533341
5656.0,86.18316968414902,426.4444545365774,27.803744277676845
5657.0,85.7231908957349,428.8972744253558,27.93185074750464
5658.0,85.6680698638303,430.21612644460487,28.033700791639486
5659.0,85.79396460375993,430.22674831014035,27.93283208591616
5660.0,86.28866907081328,429.43096131783625,27.705818357426995
5661.0,87.4144849897151,428.1180951091003,27.44428530732601
5662.0,88.8318525162406,426.1981181279871,27.16451369898404
5663.0,89.70728933843415,424.71730101409054,26.991284649220237
5664.0,89.32919522070429,424.5991778558721,26.892019553187524
5665.0,88.31513911947772,426.0569110830765,26.770915406738002
5666.0,87.71923800785405,427.90035194039075,26.354828973350706
5667.0,87.86745302749826,430.0814568756768,25.83431960738256
5668.0,88.12277127788664,431.8901773274498,25.460704047854804
5669.0,87.82664027452468,433.4046160613235,25.18888473296958
5670.0,87.08874925750611,433.5855099457425,24.954734208489675
5671.0,86.55504135734452,432.3510763490287,24.995322318827483
5672.0,86.56668674913136,431.3458493403867,25.342139653145292
5673.0,86.93325016952005,430.7926258310367,25.774749829466174
5674.0,87.13518599205165,429.92459053743664,26.055861344103295
5675.0,86.5981040367727,428.9231061917525,26.224106677581712
5676.0,85.40026593053057,428.7572376682451,26.36994802604677
5677.0,84.09786446410588,428.61398126703034,26.257573217167355
5678.0,83.27429123798252,427.9736190467915,25.99938920639055
5679.0,83.00635174918992,427.31387613480945,25.683577772734367
5680.0,82.89505969341519,427.45195023339795,25.415904424448833
5681.0,83.18170254428013,427.64959338547703,25.31703408310846
5682.0,84.34184502752544,427.06388467443884,25.391247886934412
5683.0,85.46062753092825,426.02578439051103,25.474431242566023
5684.0,85.589405554814,426.18119388054413,25.305829438880405
5685.0,85.11683612645558,427.6938412090584,25.134222875794666
5686.0,84.73350737968346,429.40345815499205,24.882254068496483
5687.0,84.629878094632,430.7554472264345,24.47871360061056
5688.0,84.60124207797425,431.35168375032043,24.049504552225542
5689.0,84.35461611032316,431.27502874851155,23.712026938740113
5690.0,83.77906258913953,429.9908762909203,23.474716386590817
5691.0,83.2124325579246,427.9666146938219,23.320086275819747
5692.0,82.80638606543003,426.26289250283855,23.371470060327333
5693.0,82.3375035849623,425.28017209572,23.751108394948595
5694.0,81.75697752873135,424.9598943396692,24.32165542113692
5695.0,81.08661664331558,424.72256572137906,24.70361339631262
5696.0,80.62750613345217,424.3531072679893,24.844212855481363
5697.0,80.12299394665865,423.9724644970497,24.71230060657318
5698.0,79.42719975470946,423.9349146783216,24.38929151077844
5699.0,78.54406595233118,424.05078401719373,23.99213704165715
5700.0,77.97467051176558,423.93240727082195,23.623575550072818
5701.0,78.10007143970326,423.3494328163947,23.100528245214793
5702.0,79.10443046870915,423.05644087249533,22.369177455657994
5703.0,80.3520578970893,423.08130835599457,21.72421756757421
5704.0,81.38234984623722,422.71001639959513,21.31279215308932
5705.0,81.98176132905915,421.88860814890427,21.03165254162232
5706.0,81.7240561864552,420.78774218064564,20.64803515019903
5707.0,80.6770131005115,420.04546154361344,20.08884911455162
5708.0,79.3756617708319,418.9154206348676,19.361895654401465
5709.0,78.59805127313761,416.9273991572641,18.631267608910942
5710.0,78.45102583293506,414.888154799484,18.18909897212664
5711.0,78.7328136377656,413.39886636508896,18.2920286907227
5712.0,79.06966560186751,413.08791764325616,18.741114515798795
5713.0,79.78543984979338,414.3667290789601,19.33125140047761
5714.0,80.75006024631992,416.26950134613844,19.710484930267654
5715.0,81.52063992523719,418.2401546145597,19.96918307682286
5716.0,81.71155903804697,419.7330949253922,20.214515149001357
5717.0,81.82781362827511,420.98891040464423,20.517061095155587
5718.0,82.1786311929636,422.42689296591544,20.671384604230717
5719.0,82.42992915790344,424.0229965499969,20.85359599685201
5720.0,82.42450049443597,425.5111998678768,21.18763385620729
5721.0,82.56585667970987,426.2535704109084,21.546383179914912
5722.0,83.47328162782821,426.6437864299848,21.60238292229478
5723.0,84.5595127036876,427.46660969806993,21.460584636202423
5724.0,85.1719508494207,428.96236625012057,21.291769196586255
5725.0,84.8795156710234,429.8701526787564,21.1415400878483
5726.0,83.7842914651059,429.7008229966117,21.001391980838108
5727.0,82.00078785413223,429.5919964747774,21.00728358192431
5728.0,79.63401297213348,430.0222051447801,21.40547160525466
5729.0,77.35624894436242,430.0765870971152,22.281345660562717
5730.0,75.81841735478471,428.1275426785971,23.464616565318682
5731.0,75.1347187702545,425.42890874881397,24.608193868972915
5732.0,74.68725112714151,424.1463768752771,25.519192778690147
5733.0,74.36414688153198,425.42534913359367,26.212502357543503
5734.0,74.19445277757562,427.69959378865053,26.745511101606937
5735.0,74.3422957645446,429.01059453028114,27.212846596591692
5736.0,74.61372705633102,429.66596170550093,27.650413936461888
5737.0,74.6670391303837,430.41429758025515,27.977924688917366
5738.0,74.43211668892883,430.3578152070226,28.085287331678053
5739.0,74.13461224708387,428.8860216031061,28.053589676439596
5740.0,73.93693109513934,426.77648304387424,28.224514274329522
5741.0,73.73535617710719,425.20701879120844,28.688812665901704
5742.0,73.57548800894484,424.9403305271816,29.29520463776998
5743.0,73.43345418257022,425.7355708876341,29.78717456275332
5744.0,73.29130965554197,427.10254082521493,30.097669557636486
5745.0,72.8700694734106,428.584713115251,30.40245613733137
5746.0,72.32628892778497,429.41643315893225,30.766176529820225
5747.0,72.05359054504503,429.09713684413407,31.081880168172002
5748.0,72.00431306118166,428.0939312414834,31.33936280431727
5749.0,71.73911673728178,426.6334893833791,31.49459776298295
5750.0,70.84655848976163,424.9256357005278,31.712340015405527
5751.0,69.61338067279323,423.15094284351443,31.974398020179184
5752.0,68.65375100009992,422.2262049952582,32.358788100040535
5753.0,68.07761467403766,423.1593620340744,32.8772935022239
5754.0,67.7417040816752,425.6516335622288,33.0704418018593
5755.0,67.52118583033922,428.7182102036243,32.82035925913325
5756.0,67.51500455541215,431.590922714027,32.58677701959241
5757.0,67.5186207961517,434.14464883865793,32.703642805983804
5758.0,66.99310316859633,436.0974323859393,33.00081875992189
5759.0,65.95427016240545,436.7985719547476,33.265581655887416
5760.0,65.12583999699193,437.41162708769514,33.7025047512725
5761.0,65.25501895106892,438.77476457518145,34.4535038190887
5762.0,65.44660724171193,439.92253572836415,35.074697152814664
5763.0,65.60313478159794,440.81990936960267,35.29535303097599
5764.0,66.48677307478317,441.5444064313191,35.50946707222219
5765.0,67.58932776742351,441.7662975176523,35.81337130587075
5766.0,68.12698901855626,442.0644885731955,35.97435252963303
5767.0,68.50250202332384,442.5540920550211,36.109986238671766
5768.0,68.92155622888856,442.75637637188026,36.01576816625438
5769.0,69.32285016214888,442.2786406653069,35.61182343593191
5770.0,69.55650922977131,442.54083802190047,35.18469831189482
5771.0,69.43924931938743,444.16708650194056,34.70781347171574
5772.0,69.2381995830363,445.9507207646049,34.178965868656206
5773.0,69.39789885754041,447.3355234187901,33.943995623939855
5774.0,69.91929118475538,448.0680128455077,34.11009367760947
5775.0,70.1937100954062,448.64637122845437,34.37130651665618
5776.0,70.03686281592869,449.52053689560637,34.34069008585086
5777.0,69.91233720337445,450.8545576888961,34.27966688765136
5778.0,70.17998766099608,452.26952263428365,33.88546005823718
5779.0,70.68423368389841,452.25571176530735,33.12617231582009
5780.0,71.22338712208551,451.68764014372584,32.37951500044801
5781.0,71.14114956015369,452.0788703855188,32.002960419175125
5782.0,70.47537422110234,453.29742116556895,31.757424566245664
5783.0,69.94047918776283,454.46965523314316,31.273073505318223
5784.0,69.99106282617579,454.5391427362354,30.68350127593176
5785.0,70.66392187629063,454.6377203207896,30.00064987576801
5786.0,71.12638249189511,454.945954328515,29.44166732107082
5787.0,71.10265489041058,455.98013042740047,28.866646727360997
5788.0,70.77564669048475,457.5995597016245,28.39459927815889
5789.0,70.73879607415606,458.71104235419267,27.921896591300417
5790.0,70.99015888161833,459.4475935852145,27.418262537824205
5791.0,71.31107797438412,460.22180147851503,27.019929541710642
5792.0,71.60416285893048,461.0173235983172,26.81088203735695
5793.0,71.66755635833572,460.91629715400154,26.684624272199738
5794.0,71.76327779077678,459.3165149941064,26.34959871592344
5795.0,72.15504949635685,456.867217537311,25.76233661718544
5796.0,72.78668745085086,455.0043136082993,25.175321904602427
5797.0,73.35371010015183,454.8533861859932,25.06766181936979
5798.0,73.62919951390715,457.04171128587853,25.35499615383527
5799.0,73.93193209145663,460.8625176867641,25.77062614318595
5800.0,74.51380213497504,463.80990297136407,26.012228747742256
5801.0,75.23982449044733,463.7392491148543,25.951525701696
5802.0,75.92378777795751,461.2737872939618,25.523131502030136
5803.0,76.66813876422472,458.09253893218846,25.043804171262245
5804.0,77.37740716517384,455.4301727365486,24.803450144576814
5805.0,77.86006146007453,454.3571924155885,24.71003769292864
5806.0,78.39417165289483,453.99685110278745,24.76838714458243
5807.0,79.35623034708995,454.68287767208307,25.049622499516843
5808.0,79.79396771542443,455.6963246817934,25.659153988230905
5809.0,79.38631818819802,457.29110237895895,26.15412231948642
5810.0,78.60541091926494,458.4737654120003,26.44925954033261
5811.0,78.074409137159,459.40550788795946,26.478855342884028
5812.0,77.88791426755247,460.388907205227,26.170165389912995
5813.0,77.78149815637346,460.9877202847127,25.747360315117064
5814.0,77.78757165412266,461.41931811790397,25.367663212948337
5815.0,78.28202126042109,461.77803256382987,24.953104812236557
5816.0,79.1369113778597,462.35473759224476,24.57789195449025
5817.0,79.4742222780619,461.87168388736006,24.26782566035748
5818.0,79.02498993792,460.03105668459057,24.020372067914227
5819.0,78.4003864325765,457.83904705534997,23.757645294942247
5820.0,78.33456726276941,456.94786519518004,23.486667597498524
5821.0,78.78932214459151,458.04404079925365,23.3084885396709
5822.0,79.2700684058085,460.45859811923094,23.323520945904193
5823.0,79.47278521370595,463.40897914509935,23.407648298942718
5824.0,79.48855422910776,466.5338038877211,23.35793926322704
5825.0,79.86649111494135,469.25311492104095,23.310642888985317
5826.0,80.43603959220793,470.1317962734712,23.36881575737809
5827.0,80.8907047135975,469.02531288342027,23.5909107086791
5828.0,80.95498825500103,467.139365173526,23.796835337564005
5829.0,80.93365677020853,465.6309902957524,23.912622939459037
5830.0,80.80845441394118,465.05566821301744,23.85982594264833
5831.0,80.33636891539143,465.3556166251156,23.919214109852565
5832.0,79.69859877896738,465.8451364865579,24.264323822277298
5833.0,79.15663142044158,466.32208992074214,24.817859565417073
5834.0,78.99750301811059,466.9858568918659,25.306864925530412
5835.0,79.13751825684021,467.9792779962003,25.652680400850148
5836.0,79.24478626438955,468.36797556866907,25.928673485303122
5837.0,79.40003450249809,468.65883600692916,26.264147790770576
5838.0,79.88711144319937,469.7543229761012,26.490250724110805
5839.0,80.4898416160916,471.13786440278244,26.52269384635419
5840.0,80.92327697657957,471.57981595033885,26.272350557980328
5841.0,81.01643447353246,471.05733444926096,25.649442748587852
5842.0,80.74391782206781,470.30062591320655,25.085701722228862
5843.0,80.44735264109683,468.9068418911976,24.99895311096
5844.0,80.42589443643517,466.5930446970874,25.237589119409453
5845.0,80.86598679657702,464.1474045904802,25.40275004021652
5846.0,81.55026979715343,461.90257585498534,25.58998008936984
5847.0,82.32710238552083,460.98634401870373,25.925938429503997
5848.0,82.96766732089556,460.65052311599067,26.23868804240597
5849.0,83.22898978307819,461.2117964812334,26.3516811879721
5850.0,83.43867189042444,462.7134776689433,26.391958659679204
5851.0,83.75878148383046,463.99980490463213,26.444998215147002
5852.0,83.9259043682181,464.33987350149965,26.631805364713586
5853.0,83.54586851238729,463.30441967363515,26.803955977708767
5854.0,82.71358646129505,461.1073799749211,26.725708033901867
5855.0,81.61107837390267,458.95278270539893,26.477892476856024
5856.0,80.3619176271752,457.86325699372475,26.29395440972161
5857.0,79.43357584441152,458.0632021775479,26.306889859668544
5858.0,79.1202552285723,459.2754974064248,26.630105592993363
5859.0,79.20791456572647,460.950685489387,27.079947519219292
5860.0,79.19791354909533,463.12128660157873,27.491868757707213
5861.0,78.97208967202565,465.40352388947593,27.91499511504378
5862.0,78.56306566175832,467.24207124456376,28.35314786410276
5863.0,78.25427339949466,468.2156534130165,28.574794470454503
5864.0,78.01860315859598,468.8507313270608,28.62538201054404
5865.0,77.44991703747587,469.35615750690755,28.62216241599541
5866.0,76.69791252156212,470.5450423131611,28.391229534632416
5867.0,76.26751732855668,471.9238275037216,27.883084401563217
5868.0,76.38044979853007,472.54271389462684,27.483289237081475
5869.0,76.81690110498253,472.2585851205486,27.573320681806596
5870.0,77.35304434385822,472.03606979563136,27.955729306704132
5871.0,78.04692850047424,473.73843722154487,28.099505930088824
5872.0,79.21839701652918,476.6019326577504,27.59882495039222
5873.0,80.78217761732618,478.4885887568994,26.804309999486406
5874.0,82.54375015765997,478.16023669776257,25.962011163472436
5875.0,84.09108724262295,476.5582716650747,25.210597454602738
5876.0,84.84297565556912,474.8265587827754,24.578505412917675
5877.0,84.85957583927458,473.6830708052481,24.251205604822715
5878.0,84.64766064533066,473.32866042210975,24.265978257558963
5879.0,85.0350377444358,472.92394742145467,24.476968218542527
5880.0,85.7399771522228,473.3023280536486,24.591188970481152
5881.0,86.346820705401,474.0104431221693,24.583876550026044
5882.0,86.60070986935608,474.99918760169226,24.641028143287922
5883.0,87.04367789072161,475.5467999151045,24.748614046348447
5884.0,87.76966764482277,475.1956829412113,24.8616034680005
5885.0,88.50940541500519,473.71300627849797,24.866200005064204
5886.0,88.93818019898501,470.8373885176229,24.84480081842305
5887.0,88.80387415177054,467.5059788459464,24.739876784134516
5888.0,88.42849696962756,465.00676060271746,24.31597985985449
5889.0,87.65692998903236,464.1086023580821,23.581076698190603
5890.0,86.8154283326113,463.25389614435574,22.920543847638626
5891.0,86.34621150335312,461.7700094577204,22.658385406806254
5892.0,86.5637879811391,460.73603862590176,22.462732757630906
5893.0,87.24924888903482,460.03848942048177,22.042272304025623
5894.0,88.02749399387403,459.65640528080104,21.655849722428854
5895.0,88.75252287389095,459.7475229461623,21.36261758875059
5896.0,89.45853335464957,460.89839693728777,21.0522906923029
5897.0,90.18486360701235,462.1707414977549,20.870729920360365
5898.0,90.3880503216048,463.23158015973934,20.771895324475466
5899.0,89.98142591959896,463.6180632861773,20.66207616724692
5900.0,89.23940915011801,462.2286421467109,20.420196651057168
5901.0,88.75379394029825,459.3865070677677,20.21708994213459
5902.0,88.33862456490546,456.3342873582736,20.11049207853563
5903.0,87.67643434314441,454.23382833119643,19.920423818192038
5904.0,87.07558920421486,452.7717956236563,19.601826751668696
5905.0,86.5407994069956,452.52050111755625,19.238087427720334
5906.0,86.06549932003351,452.7189632364422,18.949850582997612
5907.0,85.82987297172333,453.8751146007644,18.74497913020973
5908.0,85.90111369975605,455.46892889886146,18.655439746688035
5909.0,85.9322101279846,456.72001071837485,18.746977442688443
5910.0,85.91885448457296,457.2299246099384,18.977663780529607
5911.0,86.05776290800192,457.0108801118439,19.23287776643025
5912.0,86.42711125809778,456.18281527772575,19.50061192956808
5913.0,86.69288860488258,454.8131898205822,19.828357239307007
5914.0,86.85308230029001,454.5301189101556,20.244152312227047
5915.0,87.28464899102016,455.45294708008777,20.53675670297502
5916.0,87.92477412894166,457.4837461880234,20.392604893499495
5917.0,88.23852816470298,459.5130648666593,19.98363877344419
5918.0,88.34379589497505,460.9838873567782,19.704628757687953
5919.0,88.81798577062388,461.3320359602211,19.698897462336
5920.0,89.72412230916561,460.3674971254465,19.724291370782595
5921.0,90.3789264315309,458.96829921974484,19.736148412833025
5922.0,90.33768785927282,457.7093953533216,19.80443339418887
5923.0,89.87062600334207,457.01290160005766,19.944873839117932
5924.0,89.35021526398955,456.86904761976245,19.983821251765562
5925.0,88.54259053070257,457.88099289586376,19.840165071069197
5926.0,87.5037475544247,460.4281475796621,19.69589814363721
5927.0,86.47948685549626,463.8503528002547,19.46451545386499
5928.0,85.88172053656884,467.5262430976258,19.24303169707776
5929.0,85.68476185938887,470.15463735409435,19.232208101752224
5930.0,85.69916222640965,471.4366009852519,19.451127494613694
5931.0,85.59600085856209,472.02980957405896,19.702775789429197
5932.0,85.23622706617637,473.6303043879669,19.853364703889557
5933.0,84.64592103954881,475.84570705887745,19.82249533496521
5934.0,83.67857368516842,477.86155822080616,19.525566932968893
5935.0,82.73048473307477,479.12553716102366,19.08773528701364
5936.0,81.805425901079,480.27371493002477,18.735062661651455
5937.0,81.1302695549518,481.0040714352973,18.61207115839074
5938.0,80.62543570388887,480.7256896538704,18.78217356611706
5939.0,80.79264363587872,479.7504703138869,19.23893623988059
5940.0,81.71182660582674,479.02049484867723,19.88828751751568
5941.0,82.67904111881857,478.8374310236698,20.390717235282914
5942.0,83.28320998585149,479.15551452831977,20.491744592319872
5943.0,84.01143556688157,480.2962110929442,20.278260403007106
5944.0,85.07049457394027,481.7709320271049,19.949394905797703
5945.0,85.9134680268604,483.1234029122663,19.68297741092703
5946.0,86.39728451659492,484.07132706767345,19.562123491531924
5947.0,86.59531194397722,484.94884145577817,19.73689147881818
5948.0,86.79707405411781,485.55103943859535,20.010780328548744
5949.0,86.70961756387604,485.37969324149,20.323216441457955
5950.0,86.47073277515096,483.536756137538,20.646908159991614
5951.0,86.22399216194252,480.3422841776508,20.917667860905695
5952.0,85.81293099756469,478.14891540874294,20.973150799033377
5953.0,85.28888819443478,478.4374045093368,20.71208805088332
5954.0,84.30178443622412,479.1321760984347,20.265152263397894
5955.0,82.94093355693954,478.9957375558266,19.933898624270675
5956.0,81.28480146614288,478.2245213489961,20.014266286647874
5957.0,79.99597638044712,477.0458811780553,20.400605538538702
5958.0,79.2438009991756,475.18338359831006,20.82136050724041
5959.0,78.7843447296179,472.2874493549393,20.96738871880018
5960.0,78.40830689275609,469.4003647903464,20.842576483840382
5961.0,78.18552724594466,466.9167779248565,20.549359891530433
5962.0,78.12399299777282,464.723643172967,20.31498029540306
5963.0,78.34154140117353,461.7702617366722,19.97003079615872
5964.0,78.60401684043961,458.4405170321964,19.252273276951566
5965.0,78.65799189276413,454.9017044492551,18.439296613522043
5966.0,78.39368538931511,451.23471620517887,17.970348635367042
5967.0,77.85776022094981,447.85654494299035,18.007408861568788
5968.0,77.10603072115578,445.53559790457314,18.093662359146574
5969.0,75.86145549284626,444.8630350822812,17.942192844521404
5970.0,74.28850143292661,444.7736800402751,17.480770198201206
5971.0,72.7057310857374,444.34232275015523,17.14248007057875
5972.0,71.49456130921281,443.7532869232111,16.874127971594042
5973.0,70.97363511809222,443.1600576210172,16.57696502488689
5974.0,71.09882029709547,441.89190554571906,16.23664766118286
5975.0,71.9680626652326,440.48523702367686,16.05634872499876
5976.0,73.27948991195663,439.0450796795508,16.138934302905557
5977.0,74.32395661863652,437.48010849375305,16.19967398695706
5978.0,74.82526248949773,435.9879675119535,16.382495700974975
5979.0,74.9695954086524,434.6827095195549,16.54328688894848
5980.0,74.9233014102466,434.1610136956956,16.54336156546786
5981.0,74.75436372595117,434.59763748315004,16.46933649054358
5982.0,74.65030295205483,436.1528462079653,16.322932823208504
5983.0,74.51712606300491,439.06267778058276,15.951529405062098
5984.0,74.20890369039181,442.93973024875027,15.436488823277873
5985.0,74.30678258709924,445.9556753768519,15.181513944035212
5986.0,75.41453573252538,447.07729217197755,15.164638417585206
5987.0,77.1954776495585,446.47223873416607,15.086165226735691
5988.0,78.60660109148351,445.6223007918705,14.866902991216534
5989.0,79.19160405620494,445.10484929541616,14.673206461623865
5990.0,79.21913824954873,445.6491228443622,14.500759813307141
5991.0,79.25342442189176,447.4190668050845,14.259777748662168
5992.0,79.59895133818128,449.86651285283534,13.835146084101265
5993.0,80.17843063248728,451.85230043157884,13.332395088675458
5994.0,81.09647090709241,452.7186959949314,12.967736474227923
5995.0,81.97068602576897,452.8289734346578,12.814931597661907
5996.0,82.59058001306111,452.0671341821085,12.818912137488706
5997.0,82.89377266191897,450.6058460152597,12.75714468381312
5998.0,82.82897931934839,448.44281474325743,12.653210333080116
5999.0,82.2866939322418,445.7913338636741,12.59359583034375
6000.0,81.81508350488467,442.4347329723348,12.654288879434093
6001.0,81.79242565897222,438.4843199174956,12.83232849959808
6002.0,81.97756413530617,434.45322226222225,13.093179606441012
6003.0,82.07005857653205,431.22902448082345,13.305576240039283
6004.0,82.20132832108682,428.64052498722384,13.415113070892561
6005.0,82.30437918941121,426.1268164299084,13.510737776289801
6006.0,82.23131594851148,424.0990966182357,13.482679014065631
6007.0,82.09485598625218,423.06083181223255,13.140405035920516
6008.0,81.97350883335884,422.7575645910818,12.637741739187224
6009.0,82.03442606288162,422.01806193131523,12.294585695404958
6010.0,82.20738158712426,421.38005610312194,12.265212569973503
6011.0,82.64989034822618,421.7433902167465,12.316287803146748
6012.0,82.98497212465305,422.5801979201856,12.193839954309126
6013.0,82.93534420351408,423.28565212499603,11.909310860050564
6014.0,82.96156699980841,424.15717480514775,11.536339890823065
6015.0,83.34035379178033,424.8762511867054,11.205856541324401
6016.0,83.98118829860252,424.2004729393269,10.916148972352968
6017.0,84.67882771593122,422.3842904938613,10.787875611136824
6018.0,85.47098370918842,420.7512604026618,10.839988630430438
6019.0,86.23170316922523,419.8572507149507,11.018147357465871
6020.0,86.703838757138,418.93136368133764,11.131946380515267
6021.0,86.6256467718084,417.6502085359028,11.04798999063882
6022.0,86.26297175388754,417.4195965814387,10.86923858267901
6023.0,86.05180753440882,418.4752382502894,10.783226719198463
6024.0,86.24662955367037,418.7413043486767,10.97958397938298
6025.0,86.58916008127575,416.9088104971906,11.323830102383809
6026.0,86.94810473660253,414.1857306774244,11.561725700399213
6027.0,87.16163597293057,412.5665770852863,11.553335668772435
6028.0,86.80080646836058,412.5231090863053,11.518819831478917
6029.0,86.11097281934406,413.0970552114451,11.515180527006251
6030.0,85.2393228848085,413.66007040904344,11.555070525624998
6031.0,84.26854921759089,414.9982807464134,11.630983947593664
6032.0,83.51895474687987,417.2203566559508,11.860015417748038
6033.0,82.91944343480971,418.46515972011264,12.003750701691844
6034.0,82.83090274489143,417.9209881096951,11.917504497754255
6035.0,83.67241270746825,415.7920527179926,11.691590948419922
6036.0,84.73678718161015,413.2950875068029,11.604490380786418
6037.0,86.12768006438998,411.4021809912795,11.574124852059901
6038.0,87.26126484498141,410.49086002511046,11.415104998595078
6039.0,88.10687654378332,410.2262797202158,11.117481601748114
6040.0,88.6200649815407,410.1751090699569,10.789804152872714
6041.0,88.87782431656308,410.5599377112282,10.645369009502188
6042.0,88.96365114776478,411.86662634216657,10.574327133942901
6043.0,88.94765736601117,412.69972962475435,10.484357762753639
6044.0,89.2193672943042,412.18320987814667,10.289227790650063
6045.0,89.85698724848551,409.7583345998858,10.159325349488515
6046.0,90.79033833666881,406.8988336053263,10.127136396782438
6047.0,91.8649850170422,405.65022465642573,10.109695209288596
6048.0,93.01271865516544,405.8977907495396,10.040316142484723
6049.0,94.04092866778684,406.5619559341481,9.988536993527502
6050.0,94.97847299135861,407.01022752355044,9.964038963299558
6051.0,95.82117221235809,407.30478241846845,9.74795612428089
6052.0,96.43703725614793,407.3679466148386,9.439171565759311
6053.0,96.68380834805625,407.67095514584514,9.299490686413955
6054.0,96.68097357475772,407.2721487086901,9.454716666815289
6055.0,96.67231848143561,406.60149648019296,9.489381242988243
6056.0,96.51335401208827,405.99079660889686,9.27232158537169
6057.0,96.2153551262736,406.2250226731127,8.978387370762233
6058.0,95.73988129387975,407.32046422646937,8.885533434048215
6059.0,95.08782887195936,408.66747083683975,9.01478826981769
6060.0,94.50698109962345,410.14328284818987,9.263057086693326
6061.0,94.42818693274221,410.7338113304649,9.52493301345096
6062.0,94.48285706136475,410.7250424382751,9.692677674272902
6063.0,94.72985552918286,410.60091149245517,9.725122956947443
6064.0,95.44120547281422,411.39511034988266,9.559861935238969
6065.0,96.34581804156112,412.386714749226,9.346153527046244
6066.0,97.2585459696376,413.1288628992837,9.303837229053023
6067.0,97.80349687818153,413.68520080124233,9.427852834445574
6068.0,98.12601578206355,414.7014639468037,9.68665728775383
6069.0,98.0888772834924,416.860795283025,9.93217770958949
6070.0,97.57955516454392,419.3890170848072,10.01729152841046
6071.0,96.74401427017932,421.03260588091206,9.99588857522135
6072.0,96.05016620101861,421.2911884302396,9.842157234195987
6073.0,95.46472851462445,420.5154562264612,9.516332283635196
6074.0,95.21846661518494,419.9135180598006,9.157655905534847
6075.0,95.51562353996191,420.79414024443355,8.97253582427834
6076.0,96.23505484543769,422.49195402052635,9.071721602036813
6077.0,96.58445090379931,423.88130455320845,9.36571047850773
6078.0,96.52279090045376,424.33783551342253,9.645010244553221
6079.0,96.61848834447619,424.1001922019967,9.981583727923802
6080.0,97.16325629387778,423.03971322164705,10.48078051533929
6081.0,97.81371662607984,421.5747182870197,10.838053370133611
6082.0,98.41498892340245,420.32637662987486,10.676068679216653
6083.0,98.98944881615236,419.3510937203803,10.107912691113697
6084.0,99.96769840890333,418.80941550357903,9.70993262920919
6085.0,101.59195849398596,418.9207687896714,9.715085121803796
6086.0,103.19135815373498,420.4757623722921,9.963720024341766
6087.0,105.13031448449011,422.4811657972794,10.261958575344057
6088.0,107.83468629272146,423.72056779822856,10.63331209172344
6089.0,110.77587360063953,424.11597865022173,10.976150818192954
6090.0,112.77090620683151,424.25154092695135,11.062813088998949
6091.0,112.88852189729506,424.92216105823763,10.860500646419116
6092.0,112.22561185577376,425.4103736667015,10.502923217065103
6093.0,111.74213420396732,425.36384138410347,10.289963453731342
6094.0,111.52958820183389,424.4345109984552,10.254981155366002
6095.0,111.32688111904164,423.35528326206463,10.44185935865956
6096.0,110.90767730045799,422.575030789911,10.823071504632816
6097.0,110.35312150220841,422.9034665985963,11.35434588581826
6098.0,110.00036515985269,424.01611602761557,11.930241449609785
6099.0,110.25740598436909,425.89588779394353,12.539380640539465
6100.0,110.8898224590878,428.5291988304492,12.93667386537744
6101.0,111.43742071390562,430.7629554609055,13.021083237455915
6102.0,112.09281578946691,432.34985330248327,12.7542016179323
6103.0,113.0099514656487,433.1585582677238,12.440518002410421
6104.0,113.57171166316868,434.0512062883774,12.438519550558532
6105.0,113.22123577736839,435.16785532866766,12.707736085709968
6106.0,112.50396164732497,436.8792277226672,12.916593262380413
6107.0,112.17674121261784,439.1120853504021,12.952058105072304
6108.0,111.89787878389362,441.7675506258464,12.94984293486456
6109.0,111.00581042897029,444.0537007675298,13.037909714948976
6110.0,109.92536827244706,444.9780762239521,13.152395762245776
6111.0,109.00213987847286,444.99621725992887,13.224641219437201
6112.0,108.30018352069354,446.7452511634359,13.298994230353534
6113.0,108.01295844108233,449.7556131493178,13.568762426787611
6114.0,108.38994419549472,453.35280529235564,13.98224042030123
6115.0,108.92219395586773,456.8990690190142,14.512171241463983
6116.0,108.89708707961042,459.0150084503239,15.004704291351983
6117.0,108.33437151822123,460.64215267346987,15.249299991339743
6118.0,107.39522363746221,461.45805030278564,15.227548506720707
6119.0,106.83817093935176,461.94602708914215,15.203556946474256
6120.0,106.75063500735564,462.52871855141683,15.264245800262561
6121.0,106.99700204191771,463.65930232171524,15.373659364361188
6122.0,107.55646244278853,465.01661842896624,15.412944738257877
6123.0,108.1623034042634,466.55622043965445,15.440798295558732
6124.0,108.90513749539952,467.97854161500067,15.43271523834328
6125.0,109.59765155076613,469.66912533276394,15.426019922551728
6126.0,110.01547127782906,471.3808716226517,15.384479886207483
6127.0,110.0956759021998,473.5099749928549,15.121421733897472
6128.0,109.99053844363154,475.2447258157485,14.722317217136498
6129.0,110.04022294283435,475.9969879229671,14.409143098200044
6130.0,110.59739966527982,476.2859638034178,14.219142372669397
6131.0,111.78336185977804,476.74186922503134,13.936146184641336
6132.0,113.44942458467072,479.42498080516077,13.720066854583939
6133.0,114.59555713510046,482.36913717844146,13.890798090703209
6134.0,115.47102808300367,485.12742010400456,14.284395446224469
6135.0,116.05434969401398,486.63176576434745,14.680458228504135
6136.0,117.02780637130881,487.8757641922762,14.92390451182018
6137.0,118.36949839314211,488.9158253076251,15.028459648941833
6138.0,119.76612654582152,489.7658774506321,15.18144310854338
6139.0,120.89371121179984,491.1562173064621,15.210478845768732
6140.0,121.86538940304962,493.92067948887177,15.046261093138062
6141.0,123.11472958575342,497.6429016609273,14.859180825216642
6142.0,123.78911632958699,500.5022429513656,14.772410921651936
6143.0,124.73145828857824,502.0865402779883,14.777677125149312
6144.0,125.97287496056684,503.0226296749927,14.851358232516
6145.0,126.6555989395208,503.8868128093829,15.156775140528902
6146.0,126.34436095045055,505.1431462124363,15.568334633794409
6147.0,125.15838907873788,506.59352030490373,15.906235455714082
6148.0,123.9984221972541,507.3226408258288,16.1401138123236
6149.0,123.89365411025192,506.77861702106634,16.30001172732529
6150.0,125.01596765643168,506.070844303059,16.298055700933503
6151.0,126.25152660617663,505.74635572533833,16.005561203150105
6152.0,126.99288008475258,506.36154989420163,15.630202101305402
6153.0,127.40980968834926,508.2152589873712,15.439159353727984
6154.0,127.69458942323747,510.78753440307594,15.705033414952673
6155.0,128.00012877300742,512.9405623669385,16.129455842474382
6156.0,128.46970965119237,514.0822359000243,16.448349970444774
6157.0,129.0025904674783,514.8355976435226,16.677410596982103
6158.0,129.83715984132104,514.9097430283176,17.061449250492522
6159.0,130.99877161761145,514.3011489336274,17.490877891129895
6160.0,132.33936296081637,513.1171709481387,17.8323654193661
6161.0,133.95529083771135,511.8307736695883,18.000423272766923
6162.0,135.83685368217692,511.0952487019414,18.06973600955847
6163.0,137.33590180293123,511.5071325120695,18.20510419086624
6164.0,137.8398990983665,513.7150466705042,18.565189544502807
6165.0,137.47758753750406,517.402214091811,18.837653483565365
6166.0,137.49291499409657,520.725844248161,18.69777024075459
6167.0,137.2218026858079,523.8014071968715,18.270542378430253
6168.0,136.61519554298013,526.7987525660316,17.778390813289263
6169.0,135.97410551607405,529.0890965511942,17.59574970554944
6170.0,135.506892702937,531.108441333258,17.68075275808564
6171.0,135.42670427531206,533.1929758974786,17.940149203044573
6172.0,135.5448469755019,534.5507538258825,18.243190272694846
6173.0,135.70560313292953,535.2122985217806,18.409259000689538
6174.0,135.81192381487128,535.6700035285342,18.69646205289192
6175.0,136.1796491147013,536.8503685156044,19.171682763445922
6176.0,136.96873921545654,537.6563919978387,19.691905294411814
6177.0,137.61971679031763,537.633185351997,19.938632332767988
6178.0,138.0869937262642,536.0614409511406,19.856582749106405
6179.0,138.48974230099563,533.5384122671671,19.75208923727671
6180.0,139.006682965199,530.2128564936469,19.954513724620053
6181.0,139.14676799974438,526.9722158394427,20.468011218920303
6182.0,138.73647120441103,524.3910224836943,21.20503806788326
6183.0,138.23744285366166,521.3170271174819,21.89146850991744
6184.0,138.14033732775428,517.5176748255994,22.355514385232187
6185.0,138.58161042429208,514.4754779406526,22.508183988925648
6186.0,138.92999864566042,513.2863783374024,22.54008851313689
6187.0,139.24339582470435,513.357853607755,22.62739692405432
6188.0,139.62284263284522,513.6617470140133,22.784219524073787
6189.0,140.35510860553967,512.9097264122078,22.936712881887743
6190.0,141.17107689291572,510.9980459575976,23.021524089471008
6191.0,141.5601074573542,508.805049180349,23.021193695209174
6192.0,141.7587928725,507.12698757741293,22.921430317204965
6193.0,141.9515202728469,506.8418896030386,22.752403731906075
6194.0,141.92743526289902,506.8375279148848,22.41649435400448
6195.0,141.51848831902393,506.80711458814875,21.924882964369985
6196.0,141.02635735419554,507.78085134036576,21.35050835416066
6197.0,140.9285823360369,510.12016489186567,20.7078209298507
6198.0,141.52401009188813,512.503949271897,20.16870501523226
6199.0,142.52431485314887,514.063937736918,19.827714690413487
6200.0,143.5511224371599,515.3938849754016,19.53916905131303
6201.0,144.73071520281505,517.9194621628653,19.400948758033653
6202.0,145.86830146712882,520.53674549099,19.63271175321856
6203.0,146.9294730100881,522.2918893612891,19.9374723619105
6204.0,147.51283357693208,523.4453089077429,19.84728686576377
6205.0,147.30428578026533,524.9991762924603,19.433136221469614
6206.0,146.76961063315173,527.0074931826798,19.121796395196615
6207.0,146.4000646165595,529.0549820085748,19.1612648986544
6208.0,146.5120599838842,531.0907939356282,19.47403706061247
6209.0,147.13215648043197,532.9668801448142,20.016797245583607
6210.0,148.29561959447383,534.7493890607361,20.631569030281693
6211.0,149.79842567434324,535.8922822679651,21.007563351780725
6212.0,151.38898124628767,536.174798941024,21.176973170327813
6213.0,152.69077240558798,535.2681146474991,21.313401453404484
6214.0,153.77127007050663,534.0619898850473,21.541748119566858
6215.0,154.402669724911,533.1472281219565,21.778293851946245
6216.0,154.28511016575808,532.263997908419,21.937222172170944
6217.0,153.94973013266886,531.0907519929879,22.189050957202802
6218.0,154.04227382335077,530.1022473551974,22.63015701400293
6219.0,154.58720625941712,529.6162817666459,23.156458183882695
6220.0,154.77355042214745,529.2129264418089,23.53595650296318
6221.0,154.2891649544819,528.9183416515126,23.892180138665335
6222.0,153.65208537329673,528.918144786727,24.30105199151848
6223.0,153.31833920534737,528.6612440097065,24.745028839361254
6224.0,153.35440689700795,527.6520367537587,25.024523411029026
6225.0,153.32915349526814,526.8111086703346,25.21717380710297
6226.0,153.31185819407895,526.6374158107241,25.3389569951473
6227.0,153.02665736414352,527.120754492028,25.418508182331497
6228.0,152.72682058565331,527.1226454060638,25.435404842724452
6229.0,152.3502120881803,527.1243007621988,25.37448558834361
6230.0,152.0490762483695,527.2496538990912,25.25211352743657
6231.0,151.01568955988168,527.9514546831454,25.226191122748517
6232.0,149.2555886757182,529.6620918375655,25.442457552272888
6233.0,147.54610582599366,532.0215223163564,25.88207444676955
6234.0,146.72073006907556,534.5099346959468,26.242858433050987
6235.0,147.32390888446898,536.4466783642532,26.25045411628809
6236.0,148.54815791575493,538.2085644590063,26.19847502090027
6237.0,149.10858913738784,539.8906151124203,26.457174311381365
6238.0,147.84000722590363,542.1647926558585,26.898162737886576
6239.0,145.492464228701,545.352678882543,26.88812840967696
6240.0,143.70152354750246,548.8230367674407,26.542547483877076
6241.0,143.2410728324308,551.0702623840463,26.309279423751835
6242.0,143.51571897296944,551.6635572308678,26.415516222223452
6243.0,143.8610286657581,551.6491162590823,26.946534778786827
6244.0,143.6129132024919,551.6315846040294,27.287867458743325
6245.0,143.08170875762227,551.1314339999127,27.198771544109224
6246.0,143.15394415077415,550.2897206075485,26.756414786102507
6247.0,143.52672934338054,548.9520674639939,26.594092253193836
6248.0,143.71679897809426,547.4275855342967,26.772862752045
6249.0,143.4107790217421,545.9343804425873,27.00582579650048
6250.0,143.26742449085643,544.4693347066916,26.991803455741323
6251.0,143.55088736450003,543.555627671549,26.809807836302564
6252.0,144.48782701304393,543.7337792154841,26.642550407286528
6253.0,145.3305635714625,544.7864983969249,26.628264793872408
6254.0,145.66855357475922,546.3727231691354,26.719746781756086
6255.0,145.5154707985264,548.7462969053971,26.51874156015931
6256.0,144.9812843825918,551.6995096924717,26.107828112532356
6257.0,144.65016238141098,554.3154927852239,25.55958357558574
6258.0,145.2019338915518,555.8536443596929,25.276316718806953
6259.0,146.91804610192222,556.1296322083208,25.30550094895073
6260.0,148.7978832118355,556.0043445545467,25.48067120007659
6261.0,150.0913962009372,555.648768887975,25.483443043448354
6262.0,150.47170072946653,555.0271119101993,25.401678825661147
6263.0,150.21070228322387,554.2756251940363,25.304033988244708
6264.0,149.64595210336967,553.3419789068573,25.159102032271903
6265.0,149.25087734113143,552.14183808658,25.03145128561634
6266.0,148.9589220169595,550.9683278763275,24.698829640784723
6267.0,148.50499810596082,550.0574783668038,24.29094872222122
6268.0,148.13088519060636,548.9796103897457,23.860549365104774
6269.0,148.30330453376277,547.3072698570728,23.73280146126858
6270.0,149.35436080742636,545.7503862815051,23.65849113600025
6271.0,150.61373614189898,545.5280350453999,23.49033910743255
6272.0,151.24994130604483,546.7106943095012,23.19274351734025
6273.0,151.14797080947005,548.175511913004,22.803731816326593
6274.0,150.7891385662044,549.5117147010558,22.404001753742364
6275.0,150.29636391999307,550.5130916606372,21.82057310577514
6276.0,149.63465099474104,550.7060266363447,21.105428078872517
6277.0,149.11456721583093,550.6346255250188,20.390777744477415
6278.0,148.93503559741671,550.0540429321671,19.88465647524668
6279.0,149.66449078948673,548.0811249325562,19.54621716898816
6280.0,151.23484912105724,545.3256595751508,19.32735987307185
6281.0,152.9313602957715,544.2924853603045,19.13107880306468
6282.0,154.3231875804021,545.0810824242673,18.836961743011337
6283.0,155.37018277464324,546.5602957899313,18.43732515893142
6284.0,156.2397161692171,547.8290071395724,17.891747089772238
6285.0,157.0070164537702,548.6145846224299,17.155580977033345
6286.0,157.65089199966522,548.671061526458,16.266174701717162
6287.0,157.84740800236116,548.0071070494447,15.505120677530723
6288.0,157.75671489537604,547.196184836491,15.074976846475561
6289.0,157.84040731621442,546.247253558805,14.965971643680598
6290.0,158.81217836655622,545.5349971855297,14.964874841760604
6291.0,161.1101183600642,544.932307463739,14.963185229589076
6292.0,164.02983902309268,545.8182319443047,14.839544458059184
6293.0,166.8188999154056,548.014099973013,14.401341604507202
6294.0,168.6454509894582,551.0486131180161,13.651020831654865
6295.0,169.79656137875295,553.5451695079532,12.8773658383819
6296.0,171.40287974435194,554.5366556834321,12.509388704284417
6297.0,173.67855778082495,554.280017395817,12.40735910473826
6298.0,175.6596518366234,553.5555047342561,12.376623665053907
6299.0,176.55675270115606,552.8448779028338,12.280068238389408
6300.0,176.79205374227934,552.1165745899779,12.152854723486469
6301.0,176.06210406515143,551.5943379252794,12.05860225238203
6302.0,175.20723302598333,550.2121178066366,12.108825838357394
6303.0,174.5732839270091,548.2169136965305,12.385984623830018
6304.0,173.63729108296212,545.9913113308617,12.813135605890402
6305.0,172.5563148153528,543.6920681321333,13.27143224220529
6306.0,172.2384531215562,541.1708119919309,13.457911839797129
6307.0,172.69097921998826,538.8170420654998,13.378338270103566
6308.0,173.41474396969022,537.5403067421404,13.08168002113467
6309.0,173.93229797595995,537.0102350979802,12.675899864328999
6310.0,174.46451425303255,536.9776481160286,12.128234183374873
6311.0,174.95914893289083,537.3227744908776,11.536549185260162
6312.0,175.1313569487482,538.6273537623994,11.240934305930068
6313.0,174.8343264240463,540.4857349455368,11.385028857506306
6314.0,174.4644085850358,542.768841634572,11.924808276044663
6315.0,173.8972359049824,544.9966102837933,12.444474184451117
6316.0,173.52361118092,547.3785700273617,12.919962466004103
6317.0,173.5178412632124,549.3524893425305,13.454107284493128
6318.0,173.88930638245347,550.9866428487759,13.997107872361392
6319.0,174.55834262512164,552.5430208785169,14.249407663998335
6320.0,174.84414294078744,553.3769025039052,14.151888374766184
6321.0,174.31043545283669,553.3332593532328,13.93208029792804
6322.0,173.61035486988044,552.8200845578793,13.830944710784795
6323.0,173.11327071828273,552.4272629723265,13.944283098452068
6324.0,172.65709053191836,552.8772905708456,14.112558669692474
6325.0,172.03789152764728,554.3901695056624,14.3425343593129
6326.0,171.90132762766697,556.8390051239937,14.584953936518069
6327.0,172.17655766570653,558.6509924775372,14.933833136851241
6328.0,172.65933089290493,558.8347745087262,15.21388488203388
6329.0,173.5570064539792,558.1498841484002,15.317595926001603
6330.0,174.39257020824402,557.5093942640451,15.360998166017465
6331.0,174.36763040368896,558.2936484695404,15.317554126966089
6332.0,173.68041176755221,561.2466699922832,15.17952352184464
6333.0,173.49603863231022,564.207028956928,14.936868106614291
6334.0,174.30466170999287,564.7812903195843,14.69902200532973
6335.0,175.4325479166707,565.0235542396254,14.527724197774031
6336.0,175.85294183385673,566.0808335568319,14.48182050792164
6337.0,175.69996861957478,568.1866259727568,14.517505695429179
6338.0,175.31227340464903,569.893447415111,14.38852479619681
6339.0,175.0847733807761,569.5033993378892,14.40452054829629
6340.0,175.28808109882593,567.1317686298934,14.550924220268715
6341.0,176.43366871094565,564.0712913342546,14.548269555051972
6342.0,177.71769423302163,561.5205317145579,14.345340777593409
6343.0,178.50630199390002,559.8385934114632,14.01855648321224
6344.0,178.18724973319215,558.8398641448031,13.552989061138401
6345.0,176.95458244767877,558.2119213841888,13.0284775445631
6346.0,176.08540943005949,558.194709605155,12.799913820298759
6347.0,175.3237907574002,559.6828454307554,13.006253892243667
6348.0,174.52259184786004,561.2285226309436,13.446305293274568
6349.0,173.9018579827421,561.6123548475027,13.84808634242289
6350.0,173.85417797155338,561.8384045072199,13.949939348662298
6351.0,173.9452953273102,562.2814725226231,13.655181339335567
6352.0,173.45893305108484,562.6325791270554,13.191772311099204
6353.0,172.8302545353624,562.4770534225098,12.8836130342
6354.0,172.39302273280052,563.56306592661,12.60839603244791
6355.0,172.47159835741502,565.2690850117148,12.308346480786597
6356.0,173.19238378322996,566.7067708542382,11.969058557294598
6357.0,174.01093811667874,568.7892330754087,11.732104920673281
6358.0,174.0880074408981,572.2350998236674,11.65629663059761
6359.0,174.1320589384563,576.289973765949,11.78307929450696
6360.0,175.27615874047888,579.5539029424272,12.058088737181775
6361.0,176.89853311690624,582.1985729769866,12.298114332118228
6362.0,178.26895648800843,584.266737243583,12.407961514290323
6363.0,178.49212825535298,586.2936025893403,12.421692045763567
6364.0,177.83704636122476,588.1475061117469,12.372368887915108
6365.0,177.32752447011794,589.7746789667291,12.195074745423879
6366.0,177.85346094209237,590.9239941221838,11.966867395414962
6367.0,179.18988941956857,592.4221040336621,11.88079918833639
6368.0,180.4137162492156,594.0696276211011,11.988618102481393
6369.0,180.8553616281511,595.9806131461188,12.144987533260764
6370.0,180.49873972812617,598.7751471168181,12.343517692756434
6371.0,180.0846727213166,602.7468155285784,12.612876726134663
6372.0,180.23083281905994,607.3317959166192,12.901521907437699
6373.0,181.13651740093883,611.3858105927594,13.07353127403582
6374.0,182.50884499251393,615.3185811705575,13.089924289440003
6375.0,184.43597799078148,618.4336678842675,12.91664214036738
6376.0,186.457982578757,619.8986347712614,12.587410132748442
6377.0,188.1234820860538,620.2880680566707,12.378801429207368
6378.0,188.80271677579898,621.4042766211313,12.455330000184121
6379.0,188.89294443238242,623.0156236053161,12.777325916926875
6380.0,188.58672162792038,624.3044671141453,13.192369063326009
6381.0,187.63630504685526,624.8426943992667,13.569634270532402
6382.0,186.1547394209706,625.115794362837,13.822098927329721
6383.0,184.5473803490945,626.0971025314857,14.135307169770108
6384.0,183.5128270249298,628.240450354104,14.539752963367839
6385.0,182.94393398011238,631.534139297649,15.014735235681337
6386.0,182.22680071832778,634.8565748870523,15.271565329540401
6387.0,181.15803257401603,637.1233372565509,15.255400734996712
6388.0,180.26914902189284,637.4675438408666,14.988890343074369
6389.0,179.67420973909844,636.433997572198,14.621057485650738
6390.0,179.43684751949178,634.6697828132662,14.416727696297023
6391.0,179.84606126607133,632.7760816744712,14.446360836334659
6392.0,181.03177920260165,630.9087612568417,14.618929876085648
6393.0,182.41036288055662,628.2577476400379,14.787916011485404
6394.0,183.4665568850986,625.2576345447527,14.84936460247053
6395.0,184.87478596113027,623.181331450536,14.942453995763703
6396.0,187.17209361776762,623.2558540188952,15.142724831971776
6397.0,190.04442659843764,625.3121574671834,15.366937044692252
6398.0,192.83688385530408,627.7773075386178,15.432642640682454
6399.0,195.4597893428729,627.3014818354403,15.481113594417437
6400.0,198.20084452457394,623.6608026494189,15.798447331537645
6401.0,200.66798037801738,618.9129062005801,16.342355468664483
6402.0,202.156496918263,615.3108542454564,16.861801115762518
6403.0,202.93830089178383,612.947161508549,17.256784259172818
6404.0,203.23752285251248,610.9922182420161,17.494436296099305
6405.0,202.89444833869095,610.2482325304403,17.518569466781763
6406.0,201.74718107115137,611.1459314672555,17.312369481079877
6407.0,200.47229139944645,613.3232139326071,17.00375507330734
6408.0,199.52767437191935,616.0097648643269,16.88716877094
6409.0,199.16821633155504,618.2272799851218,17.159884463241823
6410.0,198.69131066563773,619.6361405453197,17.628776529804597
6411.0,197.99308068022202,620.3348042636145,18.010923935519852
6412.0,196.9024906245032,620.3497044304019,18.20244209595264
6413.0,195.3436242490208,619.7200977978003,18.203792361395063
6414.0,193.9254157149524,618.3296301447829,18.070248325777563
6415.0,193.05654140153908,617.1791749060375,17.90005702954681
6416.0,192.9006451547712,616.7462953820678,17.758950233355304
6417.0,193.21908459078517,616.8075916249611,17.64027199304846
6418.0,193.49245747113295,616.7333438256192,17.565157685377336
6419.0,193.2858839354606,616.9513554735303,17.479009790200926
6420.0,193.64346581534232,617.843503808635,17.452799878622326
6421.0,194.57321447187007,619.526464600067,17.567677621127824
6422.0,195.85370155023983,621.6060905011051,17.961551791070406
6423.0,197.01510526250416,622.591726393087,18.611447765905634
6424.0,197.8136550123956,621.5483248297016,19.2918956397414
6425.0,198.98253173948692,620.1389757587533,19.743638443601213
6426.0,200.27877567373457,619.5583728674261,19.83528665284882
6427.0,201.75621619261773,619.4649900992353,19.812425010291904
6428.0,202.6694994893067,620.0939267959665,19.76618037168425
6429.0,203.16237684815619,621.3820570139046,19.856992175164617
6430.0,203.42168516499072,621.950214581542,20.101865148227333
6431.0,203.29335230404092,621.0943911510726,20.3311526931632
6432.0,202.895781019084,619.6484260465442,20.135226252310975
6433.0,203.48394816310443,618.1445203539025,19.636997890280256
6434.0,204.5004128205543,616.4061932665376,19.127829564140256
6435.0,204.68687256192405,613.841469248954,18.83329310023901
6436.0,204.7199951920427,611.4395883302664,18.744578043100812
6437.0,205.0676468815623,610.0435051118764,18.71352380267856
6438.0,206.04250758742316,609.9924038294299,19.00317678028269
6439.0,206.81830799192318,610.9059293600371,19.495700377997345
6440.0,207.29223568117374,612.7196829769587,20.14785287117784
6441.0,207.6261743228167,615.4532155575698,20.53844327362496
6442.0,208.21259312345111,618.6537840942234,20.67750229756971
6443.0,208.54551015515983,621.8097425206587,20.717530011956825
6444.0,207.76355138294906,623.84910730997,20.84717561438815
6445.0,206.02611199407852,624.4090017776541,21.053838163218746
6446.0,204.90351831038393,624.3217026348584,21.04144521786216
6447.0,204.56650099953868,624.6402972693202,20.74161196453008
6448.0,204.655652988407,624.7045104338921,20.417840037360367
6449.0,204.8071993864779,624.2304565248073,20.318326949658545
6450.0,204.97933551582238,623.7485960326501,20.532619423754227
6451.0,205.48764069256805,624.0869182311502,20.803004239064105
6452.0,206.1662701148171,623.6365519084708,21.019704609348018
6453.0,207.1696814494561,622.1764911044628,21.244711365506078
6454.0,208.03116749916737,620.2079942103618,21.291556201007403
6455.0,209.01870944482602,619.0319166391181,21.227965484461457
6456.0,210.28647952221175,618.8974033479527,21.27143984431229
6457.0,211.50460428597253,619.8557745099665,21.508606707282816
6458.0,212.13214996459067,620.8240876977735,21.860965765735166
6459.0,212.62911550814317,621.38080266092,22.345674272234895
6460.0,213.1148355406212,620.9726687460583,22.637633630238973
6461.0,214.12981087328856,619.2996591666825,22.570580663384273
6462.0,215.28055248267103,616.5626474114018,22.190815837797896
6463.0,215.91708146286524,613.6947664850895,21.768706380410837
6464.0,215.94225380708855,611.4806210132097,21.425548372774085
6465.0,215.37634160869604,609.5613824039215,21.03392626401874
6466.0,214.5717296188731,608.1795134944531,20.70720005273093
6467.0,213.7418102210447,607.0538432337528,20.351246458257936
6468.0,213.36994214377526,605.8631087652254,20.162269267151235
6469.0,213.69823984245158,605.0611622200007,20.165316729633197
6470.0,214.38077629612525,605.6606805529909,20.28240143078564
6471.0,214.79651631489392,607.0611667924877,20.5194363830984
6472.0,214.87369408738422,607.9381245735137,20.916738427550765
6473.0,214.8718984162288,607.6207602042455,21.373463126159603
6474.0,215.01044424240212,605.9000982029479,21.86464428581812
6475.0,214.9149124465499,603.3415123336823,22.19756331626958
6476.0,214.4622762014458,600.9353894896707,22.27239835785436
6477.0,214.28693560020272,599.5300825900515,22.259747539401214
6478.0,214.39625026716774,599.0052653994978,22.233677244820807
6479.0,214.77369117734463,599.6894352069853,22.36447694673682
6480.0,214.1629680046886,600.6767330268991,22.424538034807377
6481.0,212.51278055668766,602.0499535987891,22.30156507623182
6482.0,210.76721485640195,604.0597617314951,22.042140564771756
6483.0,209.48437357009652,605.9126007375698,21.88324258614595
6484.0,207.87274057305626,607.0049989568158,21.8232390693636
6485.0,206.24726972338965,608.0829752575822,21.981863464324004
6486.0,205.4932422128589,609.2125128216672,22.230351507680314
6487.0,205.71412846011313,609.8883115317057,22.41199054952155
6488.0,206.10887058569963,610.3957724331021,22.412224416172908
6489.0,206.18159722754203,611.1690085857327,22.3885301759388
6490.0,206.02242542944975,613.0867557418384,22.43239939025316
6491.0,205.82684626168887,615.7403091886126,22.354726396723816
6492.0,206.0614681739921,618.4871896599911,22.03954586059248
6493.0,206.56175172778,621.1437312452231,21.564323695219677
6494.0,206.54391987933246,623.9458388775262,21.184873433344066
6495.0,206.04720028294253,626.190617488553,21.064469466420253
6496.0,206.08803524790625,628.2379990263687,21.078996416141713
6497.0,206.94655707459836,630.4454020709825,21.0976861365375
6498.0,208.5793658112656,632.1324077104475,21.1379467250612
6499.0,209.2496571252652,632.7126588529877,21.356964367657778
6500.0,209.10798639303556,633.4109920909567,21.646400812148332
6501.0,209.35821396973063,635.3573761881493,21.869959497129123
6502.0,210.67636107303252,637.5290633784031,21.960135846594486
6503.0,212.81452130505085,640.3473050948522,22.129142380241824
6504.0,214.70757629138322,642.7086132856646,22.526557110997903
6505.0,216.1212856723088,645.290911636259,22.79677823126395
6506.0,217.3021793521648,647.8363896975306,22.57922927488842
6507.0,218.86447343442168,649.2480511351722,22.173254478483162
6508.0,219.97873547863688,649.7482119629192,21.678047701438526
6509.0,219.96001888971577,649.5488733079768,21.149019660848072
6510.0,219.48650147880292,649.5858594786,20.76110273421479
6511.0,219.55499632932472,650.0404012830043,20.628807556725985
6512.0,220.12593515378188,651.0963019469584,20.619448863466346
6513.0,220.2139320561512,651.8265755019839,20.408418737245487
6514.0,219.03918244876286,650.8510820438022,19.978179203628926
6515.0,216.66587552179075,649.2813864810003,19.613941533018483
6516.0,214.25809805558976,649.8520676091383,19.67138738802869
6517.0,212.76319973835734,653.060860585878,19.982786652733658
6518.0,211.83531343588942,655.3491267011011,20.22111607711762
6519.0,210.65443806798757,654.756277598446,20.095338494028006
6520.0,209.70881140707166,652.9596767078074,19.852447729057445
6521.0,209.11395315458984,652.2471565598566,19.7387424074472
6522.0,208.4834272676071,653.4849240632745,19.838948550414774
6523.0,206.9748885426299,656.1249754851234,19.890300912411007
6524.0,204.68162683417975,659.3842555071144,19.75337793687802
6525.0,202.42241811384108,662.1871773187848,19.571460923988074
6526.0,200.8721440563452,663.7223182958697,19.46979504442526
6527.0,200.5972973312005,663.9817833776224,19.515615442257317
6528.0,200.90629264819603,665.1093714125388,19.452165262219587
6529.0,201.28167919251607,667.5828578893376,19.344558288340906
6530.0,201.66235823574684,671.1338398387509,19.332997382137204
6531.0,202.14152403555178,675.90847009848,19.373353309774465
6532.0,202.55985626102103,681.2882338640717,19.377847871567287
6533.0,203.10420505112987,685.6200068689317,19.43462449308961
6534.0,204.10320305973684,687.5201076871896,19.666959933313837
6535.0,205.28812810094436,687.3053798015338,19.860503217005004
6536.0,206.10431874138908,687.2538322937548,19.796983185288408
6537.0,206.6637774484759,688.9445832201,19.39237790199217
6538.0,207.49082014658478,691.1850064918937,18.80049735027324
6539.0,208.72788137670523,693.5792948708282,18.06785658707642
6540.0,209.96807363290205,698.158228178495,17.39467084131177
6541.0,210.91227983953974,703.8854148602204,16.874471057883042
6542.0,211.58561474513692,708.7191309681662,16.538882574006248
6543.0,212.10234569255857,712.8997038810221,16.474984506860544
6544.0,212.79091189216447,717.1621109985875,16.681077232831505
6545.0,213.6395772207346,721.2593435894823,16.97193583503688
6546.0,214.54182095046954,723.7752873416756,17.128954235990243
6547.0,215.90845962870534,725.2632111239478,17.058696184284504
6548.0,217.2131576833288,727.0440497256941,16.831283764779457
6549.0,218.0550579506538,729.5450504011981,16.631100008437684
6550.0,218.57786537251687,731.6517669814314,16.626262317985958
6551.0,218.86418909251057,732.599345273762,16.727932964816972
6552.0,218.81099821346564,732.5825727561346,16.866777347906332
6553.0,218.405606310409,733.0429577452234,16.910829609073964
6554.0,218.1379863950937,735.2337516229787,16.866594179850566
6555.0,218.1313832991812,738.8920857096331,16.813657398916
6556.0,218.58715124396312,742.5593515383375,16.830005092330765
6557.0,219.1673938297024,745.5913673132505,16.8824480577449
6558.0,219.0059361644558,747.4738272754511,16.884178739452615
6559.0,218.07469129419195,748.534568665856,16.854743514118407
6560.0,216.6623484316867,750.0459625545677,16.793701778422328
6561.0,215.2257755252091,751.4719538524058,16.823917705571425
6562.0,213.9196536848578,753.2144968713426,16.926282060829692
6563.0,213.046034205,756.0225767005406,17.11116793094256
6564.0,212.77419452874227,760.7187177347125,17.474091101717196
6565.0,213.54203080612925,764.4447275049891,18.036177022294204
6566.0,214.643211204637,764.3770054338452,18.52144506792852
6567.0,215.5721626561959,761.3615975290098,18.766149836233275
6568.0,215.7728986500577,758.9687951531891,18.605668702818054
6569.0,214.8418489362434,757.9559257603204,17.990653767167245
6570.0,213.38489782923003,757.3862298125621,17.223585823113876
6571.0,212.05949377883033,757.1658109416464,16.773659877420172
6572.0,211.60669821775383,757.8586596577652,16.77080907514991
6573.0,212.20403516894558,758.5382769150484,16.93222342381089
6574.0,213.70766882816406,759.2700996515814,17.22077613313929
6575.0,214.82493365276028,761.9364244458408,17.606311016236504
6576.0,215.50812582523278,765.7590170620123,17.960527539948785
6577.0,216.49147130929578,770.0809255552173,18.19225912066317
6578.0,218.13044870067597,774.4085705333667,18.445881087434252
6579.0,220.57168297200482,777.5746755783765,18.597532998954204
6580.0,222.74168138771043,777.6386607599095,18.44172406237412
6581.0,224.42288584286527,775.5716389358247,17.968130359353918
6582.0,226.47901418083688,776.9365891199301,17.28590575993477
6583.0,228.26580228533044,781.2782826727869,16.626532822519284
6584.0,229.30437457720834,784.7100054759056,16.102516087715404
6585.0,229.70832477339596,785.9569446220278,15.82818781425956
6586.0,230.25263859786062,787.2707594925402,15.647821905881184
6587.0,230.83276956148768,789.4905733340925,15.45616716331957
6588.0,230.93458968991428,791.7891125570811,15.115929702240999
6589.0,230.61938113342202,792.7966920071324,14.673534436188701
6590.0,231.11157839105815,794.0219785900995,14.355093037189635
6591.0,233.6379752104571,795.8014048188821,14.168165148843782
6592.0,237.60936474780576,798.3923257008025,13.914853171144475
6593.0,240.93813031580038,801.4974410599044,13.383941265472025
6594.0,242.8219735238259,803.454518451693,12.52910230046784
6595.0,243.95584747539598,802.8814639366788,11.581259425312503
6596.0,245.3328162639054,800.695201438538,10.998076439364343
6597.0,247.40567400658645,798.4681181311245,10.744716979040518
6598.0,248.81936939648648,796.6289156069017,10.531184275705105
6599.0,248.71050657040962,795.4337356459886,10.177067741406823
6600.0,248.1342161926344,795.2871279742106,9.837012675545514
6601.0,247.8399567597156,796.412613452053,9.722812400854853
6602.0,248.34223834030456,797.6137152454727,9.65419966579264
6603.0,249.34497608017386,798.4975279078261,9.374184775613902
6604.0,250.99777128572825,799.451603871438,9.022356126016165
6605.0,253.09585972985533,801.2895201602586,8.804608406916483
6606.0,254.9347386569738,802.3536603869684,8.735738411310628
6607.0,255.60379565745498,801.4153748837638,8.72225064650775
6608.0,255.41370598919022,798.7381105963289,8.754682602683063
6609.0,255.02850136209148,795.5880971484501,8.983683561882009
6610.0,255.17542825446884,791.6667621308562,9.443177255869596
6611.0,256.0308002863678,787.4402230612714,10.001688663243623
6612.0,257.6938537837808,784.4020688163181,10.304664710936962
6613.0,259.9878991241529,783.0496763977546,10.172799383282065
6614.0,262.1563200931628,782.4587612525718,9.821676825263813
6615.0,263.56018121426547,781.7802600561491,9.448713355988403
6616.0,264.7214509302533,781.5776480024551,9.160275235940514
6617.0,265.97083906577825,781.1131089543447,9.011887462736748
6618.0,267.10158423915726,780.2867447311975,9.048637213558278
6619.0,267.8310317251795,778.661022584253,9.182981182530428
6620.0,268.0730715727676,776.7791158199943,9.333048462414745
6621.0,268.22913197231725,775.5737693924325,9.449074847257561
6622.0,268.43345453429083,774.996655216488,9.557411450260195
6623.0,268.5153119835805,775.404482128684,9.589676120956847
6624.0,267.7892089190331,776.3162030326033,9.48221277095523
6625.0,266.78144124813247,776.0095279177291,9.337778635243966
6626.0,266.300003306523,773.9850415501581,9.380677806148208
6627.0,266.509429391577,772.3231776807215,9.56766062332206
6628.0,267.18522406207404,772.0426454518362,9.835548720650266
6629.0,267.80504681733504,773.1466088041961,10.148962157511216
6630.0,267.6286540474177,775.3094563747181,10.450828381630808
6631.0,266.5122993547876,777.8162857476539,10.546432395135493
6632.0,264.8747647041985,778.9706827935411,10.453164450070453
6633.0,264.2921513594209,778.3764952505403,10.457437798458516
6634.0,265.25429102402524,777.8809965395654,10.714266313371853
6635.0,266.943441019231,778.1674390011043,11.03369248441606
6636.0,268.1804360675862,777.9543252285861,11.196165439230466
6637.0,268.29636534255246,776.871495076845,11.256848063645476
6638.0,267.9019771283984,776.0539665138133,11.227120661520576
6639.0,267.25760228727233,776.181988161037,11.159877747609702
6640.0,266.3933544560147,777.0421544214429,11.168516978552935
6641.0,265.2397335831096,777.2550869090957,11.367083321331092
6642.0,263.8014796851942,777.4845688428096,11.561784728880003
6643.0,262.2108718729876,778.4662061225727,11.572343457244973
6644.0,261.3795851953335,780.6682974789376,11.449426299066008
6645.0,261.46866230105405,782.703830415328,11.412346450614931
6646.0,262.16203466128417,783.0920886040628,11.457997596828289
6647.0,263.09414191132896,781.9622409704936,11.476944851940718
6648.0,264.0711310955274,779.9617525529256,11.516519738304032
6649.0,264.5094918514549,779.3248691567187,11.46036611251406
6650.0,264.3514923256993,779.8613084440092,11.223326795227562
6651.0,263.77059096764657,780.9354348649018,10.824295624283874
6652.0,263.105538979922,780.4141439671886,10.473004938181017
6653.0,262.1323660215455,776.9094940043022,10.302968891242916
6654.0,261.0585471951658,772.1114548262452,10.31734235608524
6655.0,260.6220960150919,767.4562477842005,10.377553259241
6656.0,260.76397729816284,764.0053837158104,10.447207147863162
6657.0,261.4928269729632,761.6921204162359,10.432743733185156
6658.0,262.51475568675653,760.104432412872,10.224239157226418
6659.0,263.35479720758644,759.1412624676334,9.875768705714018
6660.0,264.02425278504654,758.5001989640887,9.465400182579902
6661.0,264.60127093573755,758.4829634270277,9.048567847014063
6662.0,264.6311479359075,759.4776570111604,8.617695223822853
6663.0,264.6110329192339,760.2105607340692,8.29403718156774
6664.0,264.73814285595705,759.4463127088623,8.182650073880913
6665.0,265.10772412135583,757.0440271635098,8.262675570658741
6666.0,265.5166591998685,754.8312205580256,8.395443780016207
6667.0,266.2153593830462,753.6539311405018,8.535157984610533
6668.0,266.6428849849079,752.1661133686091,8.564310299616803
6669.0,265.7007672370849,748.3879165485218,8.49884954884025
6670.0,264.6807394170753,744.6349822032006,8.27786759991629
6671.0,264.5785401949136,743.7720010393275,7.985399681440502
6672.0,265.32893659355324,744.552826302652,7.717730986672203
6673.0,266.56813872300177,745.889410072576,7.67281429643932
6674.0,268.09729064096416,745.9362829983962,7.921998998049069
6675.0,268.85488069711477,744.0028545302631,8.127425090357766
6676.0,268.7163230096803,740.4940564269777,8.18040356533463
6677.0,268.05473190460447,737.4487015198054,8.078777240914619
6678.0,267.0337088541426,736.0729676064394,7.983823672446565
6679.0,266.0553266697822,735.7254523383698,7.875225286350911
6680.0,265.6796492748127,735.1942035595962,7.855934824677283
6681.0,266.08941099762245,734.3744013293995,7.950543589552887
6682.0,267.2449716329729,734.535394342051,8.203821627315216
6683.0,268.8795607352468,735.9740156310115,8.44883861736996
6684.0,270.98074158292343,737.6974307769726,8.500968971918097
6685.0,272.93761572648174,738.4224259926983,8.437331295689741
6686.0,274.2041263103754,737.6226231851817,8.483177770265621
6687.0,275.502639361362,735.5252574596474,8.679436683849257
6688.0,276.38685113788233,732.7163944693614,8.796456334512202
6689.0,276.07252903878725,730.8237893701578,8.843844846007267
6690.0,275.19919931972805,730.6347615903461,8.848743412514063
6691.0,274.93860965777264,732.529206095396,8.872572312102594
6692.0,275.4965498209148,735.7327563770907,8.964388517025677
6693.0,276.30448960693377,739.1681184026918,9.095855358971617
6694.0,277.4128831342854,741.4800048686199,9.265881877759032
6695.0,278.8221650514079,742.1570186890763,9.504400104146903
6696.0,280.9496127099247,742.6719770947954,9.686598838105818
6697.0,283.07500379540573,744.745349336724,9.698692892829003
6698.0,283.6949701767389,748.1822626146123,9.580304701437294
6699.0,283.23684782860704,750.4844952639796,9.396151022109073
6700.0,282.76630117180036,750.6036873011557,9.268481019612361
6701.0,282.43448610060983,750.9804678152417,9.268753557916073
6702.0,282.1052669792279,751.6916203134241,9.313142906373178
6703.0,282.46751581608765,751.95864059074,9.28864047607441
6704.0,282.92491926449566,751.4690985182068,9.331841958192577
6705.0,283.2526655567149,750.1958194723279,9.530625338931788
6706.0,283.5808130818009,748.5113839767045,9.797968235518011
6707.0,283.9911257713141,747.0070057157553,10.021755006826112
6708.0,284.1876046036071,745.2960152941374,10.102598881206445
6709.0,283.29132597935774,742.9866092344482,9.962526889424526
6710.0,281.41658865189515,740.8366899476794,9.548050374664479
6711.0,279.44274868830496,739.8059410959888,8.928885517475846
6712.0,278.6523071289206,739.9108685770273,8.321732252536039
6713.0,278.9641736391533,739.7737167166692,7.888240981501561
6714.0,279.9914647713114,737.2584696686655,7.744320577100564
6715.0,280.8270511990251,732.1365734930996,7.750068642808141
6716.0,281.49988471653893,726.9854726885177,7.781879708948285
6717.0,281.71360195976814,723.8838975036994,7.705058644985587
6718.0,281.6329419273983,723.4082231802006,7.6263505523593444
6719.0,281.3022160221876,724.3831472426776,7.573596137240228
6720.0,280.50972356716875,726.4066288299286,7.54948721259432
6721.0,279.0077691402079,729.0129055171162,7.489735154317803
6722.0,277.5089752830084,731.7361884577554,7.435369524798761
6723.0,276.9172550392946,733.6450508473596,7.431751245538822
6724.0,276.614145750282,734.7148990510501,7.4997879368763645
6725.0,275.75125056453135,735.4191943657763,7.654115011766837
6726.0,274.0857467517712,735.993055317361,7.822334122860959
6727.0,272.24441246866934,736.8231679784923,7.976884008508839
6728.0,270.66780484655015,738.0182707428391,8.012318099022746
6729.0,270.09964183650146,739.5493872961229,8.002398432817165
6730.0,270.1657265539454,741.0499150618241,8.00140491457972
6731.0,270.472592507838,743.1043238968108,8.065806866926417
6732.0,269.8061694361462,745.8718814449429,8.102423682972434
6733.0,268.3432541113486,749.1710081826137,8.202419359539023
6734.0,266.9660404509926,751.4922280873924,8.436144763997808
6735.0,266.24540830057356,752.2292896730015,8.872997792760218
6736.0,266.76113687506773,751.6823226907964,9.476737852741346
6737.0,268.28838878887655,750.3938316027467,10.104819855830886
6738.0,270.0323061306169,748.411042969813,10.673478617522159
6739.0,270.54504945059864,746.5666394169587,11.080855180626422
6740.0,270.33525811935004,746.0522513680822,11.406395687480648
6741.0,269.87572361717235,746.2809905120104,11.646779905841651
6742.0,269.5780357064315,747.3593635879959,11.655375447729059
6743.0,269.98806530703985,748.5717193071,11.461503133030273
6744.0,270.85077228608384,750.0776282477867,11.270873890117329
6745.0,271.91323327755146,752.0049453151515,11.195954771833062
6746.0,272.83222172596504,753.9764476970007,11.242834255668287
6747.0,273.42570159265034,755.5626963817506,11.28818528272288
6748.0,272.81545129987603,757.7656450883328,11.3392819402681
6749.0,271.2391853983843,759.9275558438864,11.399612101986945
6750.0,269.98520758054764,760.6815906773567,11.507000351121121
6751.0,269.43193972480043,761.0337621515987,11.594391585197668
6752.0,269.29792902328825,761.6595862293068,11.704884985069674
6753.0,269.5312227239691,762.435143959897,11.947395913890281
6754.0,270.4390235413218,762.5065889604275,12.191938651896749
6755.0,271.45501554807487,763.1590924242231,12.339630353960999
6756.0,272.73098463168174,765.3683460336907,12.383454535196625
6757.0,274.0327077008489,767.4758073354379,12.350779557642408
6758.0,275.1701020931488,768.0970787731649,12.241348618017376
6759.0,275.7649059817854,768.0643692839426,12.084792468759815
6760.0,275.8475614182642,767.2803000446565,11.864048356271384
6761.0,276.97043969155527,764.4440888226106,11.617656288443621
6762.0,279.05617839124216,760.0695556708811,11.37702133409472
6763.0,280.32559146784615,756.6038992935252,11.164851579738702
6764.0,280.7925175903418,754.0231154618082,10.983984145900925
6765.0,281.8106901939902,751.237722635794,10.844572088993843
6766.0,282.8193203947744,749.9734277352019,10.668746327915997
6767.0,283.1257076997962,750.2797038775287,10.4730714098805
6768.0,282.99615331406005,750.799730525625,10.370101711017494
6769.0,282.84533691592003,751.2407085443015,10.354967357840518
6770.0,282.7722031616909,752.0628237005668,10.3282232568283
6771.0,282.38685714647323,753.5013130624675,10.342618244194457
6772.0,281.94370463551365,754.429936404544,10.350161832962229
6773.0,282.0253714269377,754.169548057971,10.215619137666767
6774.0,283.1401580081794,752.7894694509633,9.901262798712384
6775.0,283.87055382622225,751.4550872833117,9.45872731441936
6776.0,283.99389760099996,750.4523147352573,9.022544760851114
6777.0,284.0786474970211,750.4508710518762,8.746894028820225
6778.0,284.2986582059894,752.3798050508515,8.661697754452536
6779.0,284.1073907664909,757.8208410201196,8.744311540056804
6780.0,283.80310705119535,764.4327004140837,8.914879998922938
6781.0,283.5861334914509,770.1541676378487,9.168745968359438
6782.0,283.2510414532475,773.9195593947832,9.504604317911669
6783.0,282.9348689385038,776.9010278531149,9.855798580084944
6784.0,283.0914321371438,778.9414411542923,10.094153702505444
6785.0,284.26011119542983,779.6923033237875,10.154220653402064
6786.0,285.63627942847523,779.3295429258554,10.065885501323322
6787.0,287.15982210929064,779.0020199504506,9.973114574008344
6788.0,288.7583336624309,780.4797008289208,10.060030731551523
6789.0,290.4529160183805,782.0645250522473,10.218460362978677
6790.0,291.9793969893455,782.5161735509394,10.279781281616039
6791.0,292.7186242154318,783.0417090912027,10.134553314788942
6792.0,291.90909133649643,786.0237964403998,10.025001647720892
6793.0,290.1612823308301,790.079863662231,10.113345754111691
6794.0,288.90050110551437,793.3507707859153,10.330997299564133
6795.0,289.45667208365205,795.2112982989792,10.347775025889893
6796.0,291.3576917379771,795.7726591371498,10.229194084281877
6797.0,293.2004655972726,795.0119567467818,10.263325780389057
6798.0,293.6270618076152,793.0195534386403,10.32743615887178
6799.0,292.7295255012041,791.1820769431218,10.137043141094523
6800.0,292.2728959629676,790.03199135416,9.859454932533609
6801.0,292.66392854389824,790.0528230897685,9.78801607012347
6802.0,293.0968272786254,790.4732177029158,9.768938343495407
6803.0,293.3888108658018,792.576780768696,9.657492375986383
6804.0,294.48401948883617,795.7692914974398,9.459778797084116
6805.0,296.2061027052151,798.4112758729045,9.326098156729211
6806.0,298.42564676650045,799.5833541168726,9.407229940450225
6807.0,301.1950388897072,800.5622810439748,9.502363944083012
6808.0,303.59161899631016,801.4969241060555,9.453463767510073
6809.0,304.0552404237589,801.818006060815,9.261901617237562
6810.0,303.3077722980782,800.6633477539425,9.18416972167104
6811.0,303.1830532902841,798.4114092420435,9.219442880597601
6812.0,303.34205021647807,795.9713387938147,9.237544720169044
6813.0,302.8480472684447,794.6049105684112,9.266437657989758
6814.0,301.6832618482243,796.7115470046726,9.432919009983063
6815.0,300.72141402504104,800.4859688530335,9.59977166906103
6816.0,301.06955330360046,802.8673865226897,9.684891240072524
6817.0,302.8931458632919,802.5329968178979,9.87208356496384
6818.0,305.77108707722243,800.6301897181594,10.200352116276981
6819.0,307.31564115377824,799.4424525486113,10.471290468406275
6820.0,305.5909682312818,800.6576432914586,10.643207825457562
6821.0,301.99991043363497,802.4626800813147,10.807602532316748
6822.0,299.5108679676257,804.3402840888674,10.962194292446613
6823.0,298.90759258805036,807.9513196592299,11.183144593816811
6824.0,300.0868088472919,813.3724393439495,11.643614738267258
6825.0,301.6017850539321,819.6637004779395,12.327007946059208
6826.0,302.38284585831656,825.4845116527641,13.250634071375362
6827.0,303.30349709889117,829.212725970916,14.363109917461584
6828.0,305.49568200914496,831.1330560474489,15.391948783585057
6829.0,308.94226711511294,832.404756267193,16.326093920491697
6830.0,312.2499262403775,833.6649183936523,17.124879748759678
6831.0,314.3787246299626,835.8824215359765,17.943418797230596
6832.0,314.89055898001413,837.9254065730739,18.679351639678405
6833.0,314.33549611829454,839.1907546665462,19.243801919465636
6834.0,313.08888099185145,840.8216849729193,19.643341370069663
6835.0,311.5084288728979,843.0681103060537,20.04982227557379
6836.0,310.1882408036766,844.7799101235648,20.487740850269645
6837.0,309.668973152327,845.8572076586029,20.88583759172266
6838.0,309.6371831843311,846.3985678388797,21.210679528878618
6839.0,309.66961932969963,846.5791793992183,21.60323961998796
6840.0,309.9174509469879,847.0278048053874,22.22503359883669
6841.0,309.763522474014,847.2298917060449,22.889531944102327
6842.0,309.0207881651259,847.258314556496,23.483067222000965
6843.0,308.72501832916777,846.1666228923938,23.75232210960587
6844.0,309.9033488686954,844.5173709636191,23.62308640104417
6845.0,312.0313968993574,842.8728923852474,23.152277606405082
6846.0,313.6363388176136,841.0530702572069,22.656602219785135
6847.0,313.2357730867176,838.9458889264838,22.311672460113357
6848.0,310.98304439781884,837.4026062301903,22.122902466721083
6849.0,307.6839344363493,837.7371693977697,21.795803363981857
6850.0,304.4512054423709,840.2018536789826,21.266036101106792
6851.0,301.32529300620996,843.1945675617939,20.8265010010457
6852.0,299.08968465107955,844.9268440693152,20.73599252611458
6853.0,298.6663083853569,843.965042322723,20.86894086254789
6854.0,299.7350860613667,841.7344983009211,21.010527174967706
6855.0,301.4740922991468,840.5414112929845,20.920613901361175
6856.0,302.07688209734573,841.515737904013,20.868648495342132
6857.0,301.0907087954261,844.4123603312877,21.167026991298783
6858.0,299.1824673246586,847.8362323934613,21.63950178781629
6859.0,298.0219394830129,851.1600690026083,21.89869266089521
6860.0,298.1608307198364,854.723528541443,21.79156560384969
6861.0,298.8384840284924,857.7467297042972,21.59445081640968
6862.0,299.1401239561302,857.9022324706164,21.48745751964703
6863.0,298.9877529648771,855.9932692336151,21.55248805422443
6864.0,298.8373060971883,853.69582606374,21.818104420173746
6865.0,298.6069439843177,851.7247334831607,22.110720106514062
6866.0,298.1350842989724,850.0209429124756,22.37758483722304
6867.0,297.68028533855255,848.8022616635213,22.643988540071398
6868.0,297.3472292783336,848.3695048226234,23.03270899290101
6869.0,297.13144244875116,848.8272257872738,23.26975284263317
6870.0,297.4276734060596,850.164138476869,23.12981289137989
6871.0,299.14864386274223,852.2932887571939,22.55559260374712
6872.0,302.0850345835847,854.8485207986616,21.95174129191373
6873.0,304.01515262251814,856.4268679207798,21.853873593088785
6874.0,303.2406627401365,858.1921409445489,22.622841065121502
6875.0,300.60530809548857,860.2084327017205,23.706700686974454
6876.0,298.79787664443313,861.934434166656,24.304340251022833
6877.0,299.39514479308997,863.238645146206,24.30467184013546
6878.0,301.34515310219905,865.2678827181094,23.930892929171012
6879.0,303.7327636041819,868.3313644587331,23.542080127929424
6880.0,306.39236259073306,870.4477851365745,23.257450312180495
6881.0,308.7513659647716,872.3409672356437,23.121264971843527
6882.0,309.8487790002318,875.9345406500435,22.95502594922093
6883.0,309.58937918164963,879.7038333241468,22.654942855507972
6884.0,308.8989763845676,881.4932847964477,22.452825479701563
6885.0,308.4231320369309,881.5392305967698,22.513163574974826
6886.0,307.4526945323008,881.6606769757905,22.593385467435006
6887.0,305.3590533328278,881.42047169141,22.544750747077064
6888.0,303.5245693332096,879.9364088260285,22.539651732344378
6889.0,302.4693331976702,878.5600743338681,22.8269614732733
6890.0,300.9447950592707,877.5591996137006,23.484120351980554
6891.0,298.38677617141036,875.6324357597864,24.11477079459415
6892.0,296.0159873247596,873.4081269141368,24.45473342843911
6893.0,294.8240152881409,870.8812256215303,24.22074284158562
6894.0,294.14334619436016,869.0812168352576,23.55750469626262
6895.0,292.9513641049498,867.8601717673263,22.79905032768871
6896.0,291.63735714121475,866.853059356708,22.39896809157814
6897.0,290.4943519987345,866.5395682890494,22.426755135124044
6898.0,289.2037312525603,865.7374856099393,22.71582855330075
6899.0,288.2147523089522,864.1320568378885,22.976949786207175
6900.0,288.6143375498703,862.4391409721364,23.046974351715075
6901.0,290.1838676301345,861.4391573795255,22.971559892804866
6902.0,291.6893608045499,861.5092913100215,22.750339822222458
6903.0,292.21140970561163,862.6170567487519,22.475560302561746
6904.0,291.58173189339914,864.1917302343,22.126329851009626
6905.0,290.1052737774776,865.820709391889,21.758307509316012
6906.0,287.7820802071639,866.4646738246995,21.47225887737293
6907.0,284.8223912787203,866.310262999516,21.408693416435582
6908.0,281.68169921601555,865.8008595143236,21.385069255792438
6909.0,279.61004478015514,865.3595112857612,21.093474270550562
6910.0,279.01972531788294,865.7813005749955,20.431614270841866
6911.0,279.0037081938287,867.5049134125701,19.560733484403244
6912.0,279.09008183291235,870.7074699945125,18.573695615007527
6913.0,279.39124906960046,874.4255645453801,17.6473007752479
6914.0,280.5839652005478,878.0616781410566,17.049422463494835
6915.0,282.407216343979,880.5132218481245,16.910422907233972
6916.0,283.9897412097034,881.5897981917685,17.22318724685584
6917.0,285.2197170565187,882.4066244678341,17.613561337933852
6918.0,286.12894822998305,883.820989803799,17.69458849097083
6919.0,287.0245248941794,886.2391326192675,17.46487229657229
6920.0,288.3571041172639,888.2363409992926,17.190742999894972
6921.0,289.6686920603017,889.5681088583741,17.00205035346015
6922.0,290.88946147678905,890.8002847854852,17.01765662313906
6923.0,291.6408672391666,892.6740011928093,17.184915717242493
6924.0,292.1969523003763,894.5997928158848,17.139340919779062
6925.0,291.9920824745767,896.9988455047222,16.7470012997924
6926.0,291.2348859619487,898.9856877470854,16.301544252042067
6927.0,290.113117286165,900.922809027834,16.146141392543825
6928.0,289.28365676894464,902.4098255715444,16.218272022022898
6929.0,289.0302567118864,902.5495909174095,16.28191410459145
6930.0,289.632063514542,901.7526196134231,16.377265657883903
6931.0,291.1955708646388,901.3465847153154,16.632961234999613
6932.0,293.3573824461838,901.2493146513199,16.855247831725062
6933.0,294.6696200216998,901.729648025274,16.773425529959056
6934.0,294.6597424772048,902.9023930026233,16.36075780693609
6935.0,293.7483381573075,904.4439969612846,16.029468356019418
6936.0,293.220061254911,905.4923936806485,16.049762712564558
6937.0,292.97451028827334,905.5108018876447,16.22943079178363
6938.0,292.25707554732065,905.1340441710663,16.30980008149842
6939.0,290.82269855424124,904.8244276353962,16.328013968407312
6940.0,288.4375969999925,905.1302311456915,16.4007306027204
6941.0,285.9799901052792,904.6640550069025,16.521145987243987
6942.0,284.50001945005886,903.2028021694227,16.649066060339422
6943.0,283.7137112934713,901.0605158310204,16.593160122043283
6944.0,281.9853328489257,899.6660223893737,16.236726477758264
6945.0,279.5631862876862,899.3441731182445,15.69583824246702
6946.0,277.5964638191589,899.6205562022096,15.232785697276022
6947.0,276.59665710674216,900.1949775589254,14.855228339268649
6948.0,275.7390956145974,901.2467106477346,14.391006048949201
6949.0,274.34172791557273,903.3696599671388,13.854445437222239
6950.0,273.065677371095,906.0471913396646,13.585761871002923
6951.0,272.73555158967287,907.1774190408732,13.707988719434612
6952.0,273.63942051838706,905.5020861467382,14.231612216314428
6953.0,275.37669644169887,901.5721904072443,14.790288629996224
6954.0,277.93481074270153,897.2285097466237,15.151166768953
6955.0,280.61479895200193,894.818642295906,15.34509458527914
6956.0,282.81934932041565,895.4360824456744,15.514825993327232
6957.0,284.38120462505907,899.3053838771781,15.680354050349582
6958.0,285.79418763371643,904.9428823176098,15.865686745146212
6959.0,287.0576823060629,910.8122235745365,16.1431788099491
6960.0,288.46692001247834,916.6288104695163,16.438468144554083
6961.0,289.4199344568031,921.1427836236628,16.60008549956006
6962.0,290.61063640249813,922.4525817422442,16.706071972558444
6963.0,292.7157649627042,919.1414521123492,16.830804749223507
6964.0,295.0767606194903,914.202476868586,16.88959381496401
6965.0,296.7773642358554,910.5625268929285,16.865172238174296
6966.0,297.5788635749605,908.8559240578483,16.76813484071351
6967.0,298.0887481008251,907.744470129956,16.622735440381213
6968.0,298.6226809671906,906.6582634330296,16.447657190489476
6969.0,299.0653587646592,906.4353057108025,16.332327881429705
6970.0,299.2889038730037,906.6454314741512,16.15511726739355
6971.0,299.5223609002274,905.4818593137444,15.997461620685637
6972.0,300.1168102854153,901.9316031033418,15.959017636696165
6973.0,301.05144188362283,898.688383220358,16.036061496376522
6974.0,301.70194079402506,898.9873044360266,16.182663588654425
6975.0,302.211328221826,903.2545986286558,16.248653113678476
6976.0,303.3314585063257,907.5645209435972,16.254474585717148
6977.0,305.5330674274078,909.0588299069822,16.29405810151381
6978.0,307.73654366330004,908.3879122859396,16.297703507536447
6979.0,309.42630345513385,907.8999251131952,16.25401030032159
6980.0,311.7258689461345,908.0394881706594,16.098296429712697
6981.0,314.4190168731738,908.1772568081027,15.62773892750612
6982.0,317.42422832989126,907.845282681841,14.855144779287563
6983.0,320.46665206595816,908.2021342294931,14.063106306535104
6984.0,323.2476498998838,910.1439836883778,13.33168965617465
6985.0,325.2629397700601,912.108885688672,12.688604997090511
6986.0,326.5281757378156,911.5632399577092,12.320467008333198
6987.0,327.36813236594475,907.8100797860096,12.320214566666342
6988.0,327.8689712961132,904.71182012295,12.4597743084243
6989.0,327.3828420363099,905.0452196735715,12.43830519084342
6990.0,325.81956252738865,906.5071967837383,12.237272687524195
6991.0,323.94683198138125,908.3725225327455,11.871380046981349
6992.0,322.31361110247764,910.1552589331226,11.441283316661492
6993.0,320.88243795574044,911.8019314217084,11.021211405644582
6994.0,319.68988531593914,912.6927737925593,10.809708339150168
6995.0,318.0412519549374,913.4969238227012,10.669108237544808
6996.0,315.1136146179952,916.2218527776031,10.625996466491404
6997.0,311.08065383470495,919.5422322865267,10.694598636254478
6998.0,306.9411396986439,921.3360300864393,10.76290830740261
6999.0,303.49939059850925,921.5695818144495,10.71792882109504
7000.0,301.2886998443719,921.1272206450483,10.427644483026322
7001.0,300.712063657442,921.3435456327211,10.034443979732902
7002.0,301.3979564909989,922.0337393831717,9.546263701298123
7003.0,302.48772027255427,923.2180942644375,9.176062091106433
7004.0,303.29411956162227,924.399973720283,9.047365435563854
7005.0,303.6842123756831,925.2507009196934,9.016228429020389
7006.0,303.34983832588574,925.4166613079132,8.883234682976338
7007.0,302.72406345444864,925.4763196207165,8.748908744780485
7008.0,301.8625261088663,926.7957393199305,8.663673495325135
7009.0,301.099531987512,929.5826004079358,8.539903977016188
7010.0,301.0871471415082,932.7450952418432,8.388088261046121
7011.0,302.2223321896313,934.5037163328484,8.265797615901201
7012.0,303.9112563601095,935.0807109795196,8.201788378142133
7013.0,305.1361271228564,935.8665812673873,8.089923314268901
7014.0,306.77987910345183,938.2896897531646,7.903268475037058
7015.0,309.49460487045167,942.0076370217063,7.740179842573337
7016.0,311.82310291455525,944.315849843762,7.671312595110904
7017.0,312.99436295762087,943.7984426571576,7.680992693338952
7018.0,313.3831096250052,941.2746008619373,7.790150229986085
7019.0,312.91218640726794,939.4915992436025,7.878439987227692
7020.0,311.5415887674106,939.6019820989543,7.912425706505765
7021.0,310.2322488162621,940.6025913235646,7.889268569818272
7022.0,309.1638115282088,941.5043015687949,7.843316166594253
7023.0,307.9755076384071,942.7033291782046,7.677146720445602
7024.0,306.72961693465606,943.5735294258112,7.459474470254823
7025.0,306.19303944882137,945.0040732977341,7.202171244354377
7026.0,306.5553607806107,947.8367139309794,7.08487590451872
7027.0,306.896230199747,950.8105981865241,7.201485203170056
7028.0,307.2164399533483,952.4420919034263,7.485537914754632
7029.0,306.9490944109883,953.1004039796917,7.827624799327133
7030.0,305.7001985322836,953.6917173457382,8.278586149545433
7031.0,303.315081028815,953.7694171698062,8.855286546137222
7032.0,300.51827742436905,953.8263665623203,9.362784650150234
7033.0,298.3334102282888,953.8944912635661,9.627126319562766
7034.0,296.7045388774073,954.4371315018801,9.764849890380962
7035.0,296.3235253209631,954.6848071920277,9.901356127895362
7036.0,274.5725046884565,1085.4274567525244,18.79752681879556
7037.0,272.5925265582243,1084.6577501145002,18.6015338208452
7038.0,270.60586304844895,1084.8494590073267,18.689632666614607
7039.0,268.6642525694275,1085.6557233658443,18.78664479541107
7040.0,267.65022200756147,1085.18980450316,18.543153551569965
7041.0,267.20628113832805,1084.9484041704827,18.01681575309912
7042.0,267.2219922649841,1085.4405679130684,17.46950789408832
7043.0,267.6215325382724,1085.4826252393,17.05908236180164
7044.0,267.92078297677307,1084.6258470451396,17.077471120606088
7045.0,267.23042472985605,1084.1941126311508,17.381228630071202
7046.0,265.5936255371288,1085.4854935777053,17.906975384799367
7047.0,264.15920122651755,1086.5874305830778,18.55793667150422
7048.0,263.367366430704,1087.9662458842356,18.99265663151451
7049.0,263.27381590322466,1090.7040435915762,19.048502362681
7050.0,263.9845337058728,1093.3197526516112,18.91856110600067
7051.0,265.3011125887516,1093.6919775709202,18.926057423182854
7052.0,266.6924581782737,1090.4750738067512,19.05910056830208
7053.0,268.0659687122145,1085.2110358672664,19.15737905215935
7054.0,269.1931174509726,1079.9801387746486,18.9951445531298
7055.0,269.7094194400967,1078.1775520106942,18.825254774087842
7056.0,269.61477934843543,1079.4815093984216,18.7534039900624
7057.0,269.4842952830969,1080.6078912455846,18.59562097818656
7058.0,269.8711083841727,1077.8792216937982,18.264340058611207
7059.0,270.7616583928918,1071.9389160387232,17.877891639930848
7060.0,271.6993018554319,1067.1624580665489,17.484510805491528
7061.0,271.5537121446806,1064.5000416217924,16.978934445186066
7062.0,270.3306264629618,1062.3874316102533,16.461999192893547
7063.0,268.4960369638578,1061.5301819501033,16.16264291621868
7064.0,266.3572474901158,1063.1735705751792,16.257854038114584
7065.0,264.14950056482996,1065.5305891725534,16.480729948541043
7066.0,262.4765406958427,1066.8810648084896,16.409158227552485
7067.0,261.841880777841,1066.77356069341,15.943908766148354
7068.0,261.88603879576357,1067.4938395599372,15.227776320878723
7069.0,262.1611360383247,1068.1460232618113,14.504991708738963
7070.0,262.0149802146407,1067.6388863166076,13.909045908747888
7071.0,262.08520067668854,1066.0024360164086,13.50502010177329
7072.0,262.013098979197,1064.4506963025412,13.21661274631872
7073.0,261.2722751756124,1062.7246762375257,12.965231903918495
7074.0,260.1687363484394,1061.6994763530906,12.74361226212973
7075.0,258.81776573372167,1061.5269303555897,12.550374549034608
7076.0,257.73907567062207,1063.5786568786302,12.322232978912668
7077.0,256.7396993205671,1067.9272185720085,11.981324158656404
7078.0,256.45224339432934,1073.9216878747163,11.505871998380035
7079.0,257.4314658937739,1080.1555813548625,10.962410960152111
7080.0,258.85689631609876,1084.4325798711036,10.438472429288998
7081.0,259.4618187618805,1085.9747176701128,10.036706618921869
7082.0,259.2681068680759,1085.4582125579611,9.65721902897209
7083.0,259.559726485352,1084.4087295961137,9.211597034056464
7084.0,260.8548142438202,1082.5301811137733,8.77689779488236
7085.0,262.52993260717824,1081.4704878383857,8.450679116546834
7086.0,263.42190480555627,1081.203143470393,8.23506898436738
7087.0,264.0228784613755,1080.1363392185444,8.013994753381999
7088.0,264.4550189078119,1077.9744187991805,7.846657292651103
7089.0,263.75059800654407,1076.4600670471327,7.779994554260506
7090.0,262.5792490422717,1076.8794376015182,7.78854767194524
7091.0,261.71121537863087,1078.1233969124398,7.800532109438292
7092.0,260.77666250007184,1079.737076949861,7.842487493278106
7093.0,259.0601934408743,1080.4859018367915,7.819258065178578
7094.0,258.09591852465235,1080.4551692232283,7.6183864546977
7095.0,258.57751525865314,1079.5870680420005,7.2768130668841975
7096.0,260.2434688963371,1077.892582667848,6.965243361037563
7097.0,261.6877637188565,1075.91359265048,6.820482504148623
7098.0,262.21752753191305,1073.3509891052408,6.737664096713166
7099.0,262.5619097582241,1071.4378213514644,6.580657579174976
7100.0,263.3358589025295,1069.8356677889724,6.3792108525574
7101.0,264.3731723736342,1069.8713476547664,6.300882140273639
7102.0,264.7496018364682,1071.2858750741536,6.324154057734927
7103.0,264.31221978612666,1072.1528660943957,6.385718234984536
7104.0,263.55060357401896,1070.0544140472707,6.376027895364849
7105.0,262.3116083508751,1066.6307223660376,6.413969459355297
7106.0,260.08611569939114,1063.730089529955,6.49720911269677
7107.0,258.05285968312506,1061.048577979038,6.606305761991311
7108.0,257.43414375631943,1058.447906244625,6.674039727437362
7109.0,258.47159200755493,1057.661700677074,6.708778752568862
7110.0,259.91850158630064,1060.3117446076235,6.645192351268242
7111.0,260.4709945721328,1065.2502590990784,6.54190341235596
7112.0,260.0699323203845,1069.1369616281613,6.481471063322756
7113.0,259.381799678997,1071.0747423074686,6.421830213736981
7114.0,257.70349938688236,1072.1393148107238,6.431222405490539
7115.0,255.449681350869,1073.4867271659132,6.498718338985391
7116.0,254.04336648244598,1074.715848147824,6.555445992374671
7117.0,254.40552125797004,1075.3662227158734,6.58420275937162
7118.0,255.87231544520768,1076.0760568352591,6.510997640423235
7119.0,257.15915430488474,1077.7011421581044,6.483177114382224
7120.0,258.4427480091936,1080.2959264835945,6.577691886223277
7121.0,259.89996872398655,1083.1303251471245,6.649203178731914
7122.0,261.6142066620867,1085.703608438283,6.669584646405209
7123.0,262.1666220340553,1087.2568230405793,6.743969750572085
7124.0,261.59506838215276,1087.5986718185193,6.901964831626447
7125.0,260.5345129581072,1086.8764731186332,7.108218943017947
7126.0,260.06755009209996,1084.5883820390247,7.222710161350601
7127.0,260.30086736126935,1082.509260917542,7.233527620256112
7128.0,261.5841993102129,1081.0266261758188,7.325881413795901
7129.0,263.26926720602734,1080.8200186868758,7.681679642869863
7130.0,264.1146702765386,1081.8783940501773,8.082042542616355
7131.0,263.97417888643685,1084.619127930585,8.454335187192603
7132.0,263.9081290429154,1087.2424228674292,8.969447932681394
7133.0,265.0056983959792,1088.412586834922,9.52722098723091
7134.0,266.47920266293414,1088.997901201011,9.92204955511225
7135.0,267.7432279594944,1089.6484369380084,10.229687461705826
7136.0,268.4265287603036,1089.3724625822074,10.5613551210253
7137.0,269.15147553024974,1087.2191405030787,10.938648426234819
7138.0,270.2189515995094,1085.979778112289,11.193911976398766
7139.0,270.69794999956895,1086.6710491950482,11.270342046831662
7140.0,270.2955619845305,1088.4222017819322,11.329582107804692
7141.0,269.0645952629787,1089.3211367716303,11.472471813264063
7142.0,267.9917910136612,1088.62355005881,11.58053266535015
7143.0,267.600250698969,1087.137379536169,11.637818006170637
7144.0,267.72829967476173,1086.2569037642018,11.647033883180011
7145.0,267.89673424872757,1087.2710188715662,11.606027324644
7146.0,268.4445167561378,1089.7462267723984,11.55525939011573
7147.0,269.6379993005693,1092.821891581206,11.501373927020353
7148.0,271.2417928306812,1093.9875783293278,11.462807190917632
7149.0,272.67808145490443,1092.566074445322,11.449386100744224
7150.0,273.78925939479916,1090.6112166234911,11.451343110038222
7151.0,274.3216145184712,1089.847294544926,11.346654613507384
7152.0,275.45874531923204,1090.90717432199,10.974337474394138
7153.0,277.3779385434758,1090.8886518025004,10.486984816078872
7154.0,278.8217349118952,1088.378469687577,10.105683111348563
7155.0,278.6801859405916,1084.0833585633757,9.88519641272117
7156.0,277.7469484110079,1080.1754441729925,9.833654880065492
7157.0,278.0774540039095,1076.981837930462,9.958781856869212
7158.0,279.51278602239614,1074.549537303548,10.102434364860637
7159.0,280.40838666447706,1075.5623652581405,10.218837185510559
7160.0,279.8737270791519,1080.0439065233404,10.36972140129883
7161.0,279.35158678350314,1085.5377503194497,10.642336131907609
7162.0,279.8793518753521,1088.506094854148,11.042341693863648
7163.0,280.77774995957475,1089.7831522099877,11.59897176674074
7164.0,280.6523568735531,1090.2868922218447,12.184703186434737
7165.0,279.4852340550691,1090.5923769432297,12.560887440257693
7166.0,278.42697275500035,1090.5630953147345,12.59771221481536
7167.0,277.5042842408928,1089.9364250801827,12.43686947274916
7168.0,276.3599517285616,1089.1085119829988,12.287901511562504
7169.0,274.66607712282155,1087.66973165576,12.202999848614978
7170.0,273.4502244208706,1085.752369738655,12.08078001754472
7171.0,272.8685577655209,1083.5124345125098,11.951401780692
7172.0,273.17241488161665,1082.535394743464,11.966046098695182
7173.0,273.80996187233643,1082.445684950111,12.089625104470992
7174.0,274.6121334906236,1081.945760382124,12.228748614766074
7175.0,274.6094290406878,1079.4531303494264,12.42050736804696
7176.0,273.35109215288924,1075.4381181459232,12.709032847226302
7177.0,272.19013832092253,1072.555178422495,12.963736997350619
7178.0,271.7587208203424,1072.3933188619922,13.01993093292394
7179.0,272.59931830893566,1074.732170795326,12.893539351991102
7180.0,274.0911418961413,1075.637614495014,12.834950248278414
7181.0,275.77840563529685,1073.036849724688,12.808306468565915
7182.0,276.9669401326605,1068.5610169654913,12.649130130069633
7183.0,278.10993345755634,1066.317058606971,12.24453137046094
7184.0,279.0764134938598,1066.5342064819263,11.713286731878483
7185.0,279.9308425835973,1067.537934853993,11.33168167926507
7186.0,280.8367487415314,1067.6819664404736,11.21032290601492
7187.0,281.7136956163155,1067.6870598883802,11.214834097559809
7188.0,282.0401399218136,1068.660714404137,11.303615748950099
7189.0,281.39501680994255,1070.4482957177477,11.462595113105703
7190.0,280.49668339539977,1072.3381696461047,11.619082503526899
7191.0,279.392020300266,1073.4212445091398,11.707128468231696
7192.0,278.6609344109353,1075.1757267619023,11.616172902215503
7193.0,277.73121717348664,1076.8499868979795,11.48517432454829
7194.0,276.6254617563928,1079.3984024449446,11.344015091700062
7195.0,274.68246016120906,1082.2694886603601,11.26012847182002
7196.0,272.37782895129095,1087.0056283496385,11.276806663196576
7197.0,270.8295470775841,1092.0033089255603,11.390820750841
7198.0,270.1975003231121,1094.8125470397736,11.53199146593796
7199.0,270.442959509209,1096.2267967172477,11.654162554434421
7200.0,270.5290744845116,1097.520611549453,11.676260430853922
7201.0,271.07286364410515,1099.6110909029328,11.4189066733138
7202.0,272.2379838425907,1100.597330002888,10.893987160888484
7203.0,273.28175905895,1100.9708699087196,10.47559548407805
7204.0,272.9735146742348,1101.9363916378593,10.301443511038716
7205.0,271.49551117596235,1104.2371421458743,10.298760279157785
7206.0,270.312117004178,1106.811479160944,10.2956346581917
7207.0,269.5063351675666,1108.6790751770923,10.257991383650406
7208.0,268.4368011280851,1109.9863010358868,10.111159456448403
7209.0,266.57413759169503,1110.9057630441937,9.776190918904208
7210.0,264.72717093473494,1111.205916911134,9.32768275299778
7211.0,263.96737684309005,1109.8626124712282,8.866159882847258
7212.0,264.09086351160533,1107.2004452851563,8.487793629106513
7213.0,263.9527813244692,1103.2844570286486,8.304781845027385
7214.0,262.9128150416906,1098.75602899397,8.326551391083074
7215.0,261.8729693304584,1094.2894473317215,8.438178446131403
7216.0,261.48215277652787,1092.2574169601924,8.32847918313741
7217.0,261.3862057212253,1092.7419578230483,7.932731734591515
7218.0,260.8214030931534,1093.112345306475,7.408309338295322
7219.0,260.0678068277946,1091.119010727892,6.803390396894521
7220.0,259.7191543599042,1087.5473831946385,6.267203522181954
7221.0,259.8605030678345,1085.098478075072,5.866833003187343
7222.0,260.5820328546601,1083.1518996956854,5.671888287228022
7223.0,261.75834803217737,1080.702958925919,5.722537400368155
7224.0,262.5217616110934,1078.137488336716,5.933559361333021
7225.0,262.64228883805964,1075.9959473468896,6.198199130317794
7226.0,262.6726748005229,1073.216876004122,6.446577315142987
7227.0,262.9378649044236,1070.3347957690482,6.5246811377178915
7228.0,263.20984374402116,1069.067374946782,6.368088790332417
7229.0,263.1781256592752,1069.500786084891,5.986390362376211
7230.0,262.81679486760015,1069.2363242776141,5.5885644143693805
7231.0,261.994829882894,1068.1626946718052,5.286117162758061
7232.0,260.36543738857057,1068.80689572885,5.072247907917824
7233.0,259.0077407166859,1070.8342220983798,4.9479206594208405
7234.0,258.35368928484024,1072.859618748935,4.886428777728777
7235.0,258.6581602979519,1074.692792086705,4.862271169315873
7236.0,259.23982481986496,1077.5370584789123,4.960659979610288
7237.0,260.05910271984663,1081.046410199779,5.122711939079174
7238.0,261.52023353749905,1083.2850970291672,5.167513164943592
7239.0,261.93018046838154,1083.2862220059392,4.975795273491865
7240.0,261.29420651775126,1082.7764902989913,4.638000023810688
7241.0,261.0678164009269,1083.0608492809351,4.363501956660089
7242.0,261.4616685026014,1084.5151427191456,4.310043102298349
7243.0,262.0914629607536,1086.93252571127,4.345310722081992
7244.0,263.5523081721537,1089.6713227686967,4.271952713009872
7245.0,264.9757556572838,1091.9604183050424,4.15791005030116
7246.0,265.0640071048879,1094.0489242877,4.177675925487504
7247.0,264.5091841414365,1096.8235892402279,4.381253730428692
7248.0,263.9212823354562,1099.792782827176,4.568001234571123
7249.0,263.4483014161647,1101.612819730597,4.600154857544066
7250.0,262.8010623691596,1102.881558495579,4.539589779152316
7251.0,262.16790926467206,1105.4662027820227,4.53010273585444
7252.0,262.0405133686304,1108.3993834410248,4.569441794942573
7253.0,262.5825573220165,1110.6365495716602,4.629015289164624
7254.0,263.8397539683558,1113.7309086556834,4.600604503807921
7255.0,264.9836919298417,1118.281286617183,4.541703952408213
7256.0,265.061290174209,1122.307404994072,4.624323680835364
7257.0,263.88370292618566,1123.3506804290896,4.906475431095641
7258.0,262.1624967645731,1124.9628863295288,5.242477477321406
7259.0,261.1877990198175,1128.2868175341646,5.530334292489038
7260.0,261.1313971691164,1130.9159551898533,5.716281878917585
7261.0,261.3134922080779,1131.2366642902398,5.772153380037586
7262.0,261.16709324222506,1130.9590418678954,5.707231460631188
7263.0,260.5753011304843,1130.5274958449986,5.5801541007356015
7264.0,260.23853347626635,1129.2372761588856,5.448533756469302
7265.0,260.74413671988316,1127.9453998666245,5.3927689858583046
7266.0,262.4171403538149,1128.540348125021,5.407970760929447
7267.0,264.4887917582856,1131.5797651102232,5.363093785159993
7268.0,265.71868062396004,1133.4904856497683,5.278272734682673
7269.0,266.31206883797995,1133.9471215035699,5.2557049884523535
7270.0,266.7717115033746,1134.418997022619,5.306106076621795
7271.0,267.262013980871,1135.9176407520877,5.267168163072816
7272.0,267.3086304749032,1136.2582254239871,5.105686366076028
7273.0,267.05199362468835,1134.84448154222,4.907397646760795
7274.0,266.5824056983641,1134.6363511370048,4.713636781608323
7275.0,266.48937338376504,1136.3029832433785,4.530301999209371
7276.0,267.3906540864312,1138.4014476129112,4.356818075558594
7277.0,268.36811543024703,1138.989859008163,4.32329885991936
7278.0,268.1353054438835,1138.8780387435781,4.3488672593705635
7279.0,266.3786512174324,1137.7413230993188,4.388145479266407
7280.0,264.19299451797673,1135.63097858685,4.389752162716133
7281.0,263.0993301227219,1133.1957579313232,4.3345011039454615
7282.0,264.0092579340269,1130.4922440885537,4.203661856292889
7283.0,266.3493517125605,1127.6731831516365,4.0424419893062495
7284.0,268.543488217642,1124.5562006629223,3.85596216652816
7285.0,269.12948658030894,1122.353020894183,3.638807853599402
7286.0,268.5253759719221,1121.0394490260999,3.4268170404889595
7287.0,267.70453479053737,1118.7677012291845,3.279019347471313
7288.0,267.54787206319526,1115.4394259182054,3.259911028570417
7289.0,267.341714538262,1112.8823875796857,3.2851638625044095
7290.0,266.2450274612723,1110.814640001263,3.235441196731568
7291.0,264.5752867055162,1109.615232033616,3.0568753549565284
7292.0,263.2487678897753,1108.697654221699,2.7879118817390567
7293.0,262.88063104537986,1108.3271049823636,2.493408282065821
7294.0,263.1398059616621,1107.4187355648407,2.2423086143046804
7295.0,263.4023321037958,1104.9852828763235,2.0694855438128354
7296.0,262.9222095327314,1101.3928264694177,1.9570776661030467
7297.0,261.7655095305611,1096.813276879778,1.9392584741222114
7298.0,260.4212316689412,1092.792648135624,1.9619830693489633
7299.0,258.8569851275536,1089.3235527291135,1.941634930603872
7300.0,257.30190575743836,1086.6708764600585,1.8643242054706566
7301.0,255.6629075212245,1083.0008764443355,1.765202273463723
7302.0,254.97075595980192,1078.414221775131,1.6709107757073798
7303.0,254.86483463660767,1073.6168354122462,1.6249348392676626
7304.0,255.32537751530916,1070.5957824016,1.6082468804422272
7305.0,255.86923622266988,1070.0749328779198,1.6160663416661598
7306.0,255.69830685791393,1070.907071314361,1.641470980096922
7307.0,255.01313052294327,1071.297029004251,1.6477049243235677
7308.0,254.2898509239756,1069.7207317981515,1.6552300978816517
7309.0,254.00253403310336,1067.9921974864699,1.686745796054928
7310.0,253.84984746082264,1068.0121318173249,1.762954690390041
7311.0,253.84365192210547,1069.7245532390086,1.8467189292157369
7312.0,254.2880087912949,1071.1544595859948,1.9468296633630238
7313.0,255.09951550328194,1070.8692006437338,2.0900222361704466
7314.0,256.2351339673891,1068.5447144436168,2.3083048512034225
7315.0,257.3035123897437,1066.4945439097069,2.5359071623411764
7316.0,257.7052045548807,1065.2055844379083,2.6682974208577597
7317.0,256.99823554668353,1065.457744184694,2.6827712144138927
7318.0,255.50281219676538,1066.6741466304948,2.73840768668598
7319.0,254.4221839567384,1067.4246252462249,2.893537455828812
7320.0,253.854284409052,1067.5066753263907,3.059419410086552
7321.0,253.36471660490866,1067.4697639660303,3.213423400337808
7322.0,252.65391503716464,1067.8275468584773,3.2800382224302562
7323.0,252.8937700462721,1068.2835733122856,3.371457178393952
7324.0,254.08161451747878,1067.6315639190639,3.505429702317318
7325.0,255.29244381890453,1065.5064325788996,3.70283820114704
7326.0,255.87367830701982,1063.2873958419646,3.868771611389262
7327.0,256.16046641809015,1061.879601639714,4.03111824730496
7328.0,256.57537477419794,1061.6788424803333,4.1514169265068634
7329.0,256.70615669952485,1062.0086428628317,4.159613603491086
7330.0,256.19855208403266,1061.696934171979,3.9770196212663564
7331.0,255.1791512177453,1061.1374123378532,3.684320050271393
7332.0,254.1107031859381,1060.9469737938737,3.475481268398633
7333.0,252.9873434382147,1060.4259297906149,3.4109956908593726
7334.0,251.61480612770302,1058.2680696604705,3.462450739416469
7335.0,249.96118673527917,1054.9238984352394,3.4651441265848577
7336.0,248.3772573777182,1051.8728272969654,3.4775970082484573
7337.0,247.49089550357607,1050.798328004225,3.4420174594509
7338.0,247.27768403578634,1051.8318367957663,3.3389921794060835
7339.0,247.64279055723506,1053.137074449402,3.170007080934877
7340.0,248.7535475474061,1051.9360147130103,3.00176249034263
7341.0,250.3746630142081,1048.8851218625562,2.8649993297821923
7342.0,251.5153017980173,1046.7473503992503,2.7865148483816324
7343.0,251.84361476340086,1048.2598085328816,2.8333071317084415
7344.0,252.4422701475495,1052.421386417965,2.968167742049894
7345.0,253.35651791914538,1057.4993754346717,3.1292377019145228
7346.0,253.9816433253464,1062.7020321224811,3.26283601675684
7347.0,254.03339721845802,1066.173318949021,3.3352184286646414
7348.0,253.67961794632905,1067.8197918172445,3.3641677401722325
7349.0,253.2241606456856,1066.8595608084697,3.4030307652086917
7350.0,253.1895452846135,1064.078283769688,3.4690374457404487
7351.0,253.25650616185658,1061.1899839951031,3.467810143600718
7352.0,253.52773034123112,1061.4308939228251,3.418968706356622
7353.0,254.2892022220592,1066.717205979705,3.506524284772265
7354.0,255.2075473339416,1074.3644695392004,3.6881088827983004
7355.0,255.69711108453896,1081.057215012556,3.835623424726553
7356.0,255.6936363537575,1086.1252652644778,3.86041899906601
7357.0,255.53296520380232,1089.1885675222206,3.807545230417968
7358.0,255.62966011410685,1090.4654517779534,3.8158112922594287
7359.0,255.62287467254603,1091.3817670968192,3.9523846709438812
7360.0,254.91480177793645,1092.0101321655557,4.1677554448560965
7361.0,253.90258891790526,1091.6535235077586,4.332448547775041
7362.0,253.41137020568405,1089.9318123431055,4.36777856391361
7363.0,253.39324686233016,1087.2503707804776,4.286297943600769
7364.0,253.04797848992976,1084.748720734551,4.201902938208098
7365.0,251.97415866584498,1084.0245124152373,4.182422066624525
7366.0,250.6497548473609,1085.7257977519835,4.210650401930564
7367.0,249.73118538524463,1089.2826006316704,4.273743099575156
7368.0,248.9389526444164,1092.804143551145,4.400328550369919
7369.0,247.77494239356176,1094.7658571289448,4.634284986847102
7370.0,246.52651421417366,1094.2856795177186,4.943616106983847
7371.0,245.29573150839371,1091.7909604461943,5.242068188243069
7372.0,243.77911174011678,1088.4973142437161,5.42184602766221
7373.0,242.29675746548114,1085.8295918691124,5.488327252689127
7374.0,241.25397604813855,1085.1344886336408,5.4800382878073854
7375.0,240.426583945417,1086.3680832416728,5.338262748698885
7376.0,239.62302352716785,1088.500358782918,5.069778169009904
7377.0,238.85019239336316,1090.9096541320055,4.7641046856060685
7378.0,238.04098978778674,1092.352599086443,4.567798878356902
7379.0,237.49212356475792,1091.9010752330096,4.582195374411816
7380.0,237.44008513809916,1089.7638694053983,4.794529066458516
7381.0,237.39376335546768,1087.8107303103436,5.051339902296333
7382.0,235.36316345961302,1088.0304923977837,5.282127409183684
7383.0,231.11892574731988,1089.0532982921206,5.486303237338811
7384.0,226.72714983547456,1089.5888550213865,5.602737712965885
7385.0,223.41754931672443,1089.2712920739907,5.552972257668211
7386.0,221.2608058237408,1087.6193937918586,5.426415479123567
7387.0,219.92512192542566,1084.2387793649625,5.281599689490534
7388.0,219.67322773680328,1080.4921216481832,5.179016761501902
7389.0,219.876259023141,1078.7859878434697,5.173169701765297
7390.0,219.42935692879658,1080.0116158917706,5.281795357762177
7391.0,217.47505721802315,1082.4499883453234,5.434095837800678
7392.0,214.8677175365096,1084.7048734562554,5.5670744727641175
7393.0,212.47527815028874,1086.1702729879385,5.6676921133999105
7394.0,210.43315602101592,1087.427359178732,5.6701432050390626
7395.0,208.88160158818377,1088.2255406212068,5.556811995270374
7396.0,208.2885547282979,1087.661366665667,5.3783294483009545
7397.0,208.49995066897912,1084.9741662260315,5.173252674410103
7398.0,208.99726868535316,1082.260950365448,5.013006139957922
7399.0,209.3280227238426,1081.0360749546803,4.858275194682212
7400.0,209.35296977989523,1082.3377672811207,4.71223275468613
7401.0,209.15447593854563,1084.7800149774414,4.577323879285697
7402.0,208.98444749034547,1087.20225047596,4.481288895930248
7403.0,208.7048721863974,1090.139562242144,4.30367638052416
7404.0,208.3874937590106,1093.8453841719554,3.9711388091882895
7405.0,208.67175750963864,1095.6977240379163,3.6675953703508903
7406.0,210.4062894436691,1093.7937520160433,3.5267602033263614
7407.0,212.97399834159108,1090.7088409258308,3.5196220979820483
7408.0,214.75038746845607,1088.5137920216769,3.48334623410135
7409.0,215.36746201765087,1087.7677941382394,3.3920959209309225
7410.0,215.08952623038869,1086.9734527313665,3.2875865730654965
7411.0,214.8024405789684,1086.2940040467272,3.27416032918881
7412.0,215.52255816657845,1084.2953131509887,3.400738409584992
7413.0,216.89670663269263,1081.9977430415026,3.5828594683287185
7414.0,217.9182701849538,1080.5000586557828,3.693339800644832
7415.0,218.20332651211243,1080.0483116212686,3.728241733559491
7416.0,218.45097970881602,1080.480679996489,3.7941611897328493
7417.0,218.73016863342215,1080.8284809413785,3.8807426379952035
7418.0,218.7079358036486,1081.4292830831844,3.83690927116112
7419.0,218.23541597540765,1082.7425846658257,3.475208904725088
7420.0,217.2229011856264,1085.9613567885344,2.9923365655201226
7421.0,215.927933792572,1089.851143184663,2.7794283340062975
7422.0,215.06634236510655,1093.853913139806,2.8715775845460803
7423.0,215.47999596632158,1098.2994134312164,2.9814973448876643
7424.0,216.46140353996807,1103.1473866280048,2.8785348297302114
7425.0,217.7310295442023,1105.133718327765,2.6265981196773245
7426.0,218.75216683617074,1101.4301139754086,2.41706920487017
7427.0,219.67773197648089,1097.005532977154,2.346593680926203
7428.0,220.39668736579637,1097.2207397590332,2.3255651288853367
7429.0,220.82281957933537,1100.7432661377343,2.26384415034637
7430.0,220.50228010951594,1103.9037375201938,2.1369015447013813
7431.0,219.69252144379814,1105.5458291778455,1.9938236940763678
7432.0,218.80315039745474,1105.4616051770477,1.8375038736793603
7433.0,217.43663168019071,1104.4171055591446,1.71526075943053
7434.0,215.11991980573163,1102.31772257007,1.6177731601490941
7435.0,212.38848580946177,1098.428409715892,1.5398227587264026
7436.0,210.42930896403305,1094.0314825044895,1.460698393273474
7437.0,209.37946313146517,1090.747775484841,1.3791034654375693
7438.0,208.8426778455726,1088.698994142812,1.3183320550724165
7439.0,208.8045516160396,1086.1950614806508,1.2991338046161598
7440.0,208.9222432155433,1083.273920360716,1.309994084443073
7441.0,208.64074018207484,1081.2313935987972,1.3058296131501603
7442.0,208.02988930956087,1080.2652261525843,1.2616112847603842
7443.0,207.97537764441708,1080.019561650712,1.1935477940649764
7444.0,208.4953661442407,1081.2606042658472,1.1684889200315558
7445.0,208.88289250863104,1084.4908001966066,1.1807182713261317
7446.0,208.9063303746193,1088.9874752160129,1.2110918421945922
7447.0,208.60310236883748,1095.751526930189,1.2519989516632086
7448.0,207.96181919919542,1103.942996584585,1.3116936049231247
7449.0,207.36655320377443,1110.53407849251,1.4342773528619757
7450.0,206.8004299842502,1112.5854109490404,1.6372935500659989
7451.0,206.3036328174391,1111.0181108350066,1.8703097383895824
7452.0,206.11627113677,1108.431954528598,2.002026084240684
7453.0,206.41615194422562,1107.1750362643584,1.9957126442853637
7454.0,206.78810027815342,1108.2149499294867,1.8978654363463365
7455.0,206.88883815510746,1107.7159504600995,1.853684782390865
7456.0,207.0095908167488,1104.7907220239315,1.9007622372641955
7457.0,206.82664858455536,1101.7183078080777,1.9361938536835488
7458.0,206.62133736259344,1099.5075831990935,1.8780792345666966
7459.0,206.79330678030792,1096.9598654533943,1.7710354004704518
7460.0,207.50882074030895,1094.594158259522,1.703271967152945
7461.0,208.51210748427079,1093.6388827020942,1.6512064960518398
7462.0,209.25226699247023,1092.90912044371,1.6220422117455244
7463.0,208.76437454849977,1090.7610211214444,1.6055644069313417
7464.0,207.19406543351812,1087.0400866464636,1.6375670818851598
7465.0,205.24538424418355,1083.9515831794631,1.6523778718612205
7466.0,203.6935597225726,1082.9131001041776,1.6283159036452328
7467.0,203.11888232823566,1083.2722852371899,1.525777243179074
7468.0,203.51630282603256,1083.29180476941,1.3889640035536495
7469.0,204.76941413637363,1083.3083234088501,1.2620510391692028
7470.0,206.551774627921,1084.5055937839663,1.1393953620791297
7471.0,208.56350589297665,1087.0579388135068,1.0280734921693684
7472.0,209.88460084736974,1089.1410056441193,0.8938475094033084
7473.0,210.45957400903552,1088.1689090862162,0.7406587462310087
7474.0,211.17507131449608,1084.845904443481,0.5748440544777842
7475.0,212.36979767744296,1081.9216098596014,0.4322816335504382
7476.0,213.95811182752584,1081.9496831981724,0.32262454528023016
7477.0,215.411031677798,1084.032456459791,0.2592423373895717
7478.0,216.34076356802368,1086.5322465535978,0.23610027742028025
7479.0,216.5652106259476,1087.9982778657973,0.23605382752076387
7480.0,216.48759045458826,1088.1176868460477,0.25772734650573165
7481.0,216.19805233008157,1087.6781890219238,0.3010367168776967
7482.0,215.6194592385026,1086.896180045859,0.36443483065598414
7483.0,214.93190692051402,1085.4787177685441,0.42616644500306256
7484.0,214.14018035929968,1083.090705996958,0.46685162050246837
7485.0,213.445091640528,1081.5884139781324,0.4943942578580623
7486.0,213.01052951184005,1081.4239326853158,0.5314850179314361
7487.0,213.2103379314865,1081.234858715498,0.5749195873196301
7488.0,213.477973340804,1079.4789519306248,0.6274068057270225
7489.0,213.5595963786266,1077.7830727937244,0.7233563395928161
7490.0,212.54274019494704,1076.6099294295411,0.855828623113204
7491.0,210.76199776343987,1074.8521891702883,1.010845950249723
7492.0,208.59938328747825,1072.529396555429,1.1178912197640625
7493.0,206.02534149302912,1069.6992947011845,1.1902690426700309
7494.0,203.63570121063339,1067.0450022061366,1.259355867649268
7495.0,201.87255282056068,1065.6052039747758,1.2995972184014883
7496.0,201.40532811849022,1064.2261367578906,1.3269475860490525
7497.0,201.7165606019359,1061.6801399522597,1.3505666601937687
7498.0,202.03118426985344,1058.935554213274,1.335953668790544
7499.0,202.12345124932233,1057.7032391153477,1.2656230200007745
7500.0,202.14114954286825,1057.5379969083665,1.1721496008476162
7501.0,201.6977828030275,1055.506898644131,1.0932098914395687
7502.0,200.83089158942752,1051.2570485259257,1.081512724960642
7503.0,199.8916937219749,1047.8475610882967,1.08163013940996
7504.0,198.71591252843444,1046.7428552122474,1.0871838345899663
7505.0,197.84439725591807,1048.1320035552287,1.1447375797608104
7506.0,196.84135906186768,1051.0722365812533,1.1615479293167688
7507.0,195.43704341641202,1055.4519222092067,1.1462278267720898
7508.0,194.43600889537976,1059.2572310672415,1.1532578809124028
7509.0,193.69948649142182,1060.092173193815,1.128768469204226
7510.0,193.37348995275448,1059.8442263832162,1.046149030915633
7511.0,193.026269575768,1060.1279545966938,0.9245536139071523
7512.0,192.41383147950643,1062.9434239897005,0.8129823882167294
7513.0,191.91150931511197,1068.256150448814,0.7347695701127402
7514.0,192.25581121358428,1075.0121331637192,0.7034139661769283
7515.0,193.71178204780477,1081.8261833621486,0.7281337236885503
7516.0,195.51649691105467,1088.1425575868946,0.7587067793458178
7517.0,197.35205473117395,1092.5162619932037,0.76149275076567
7518.0,198.54781437199824,1095.0245160702166,0.7117199963523001
7519.0,199.3478982055448,1095.951247185736,0.6098185070629127
7520.0,200.16216922838134,1096.6204667236716,0.4953184638688224
7521.0,201.45035845424326,1098.0706604167756,0.4095234595760398
7522.0,202.77149991467738,1099.9106410940526,0.3457331338453774
7523.0,203.53427370930376,1103.2782158025504,0.30541845239143284
7524.0,203.7272650260344,1107.9026331302678,0.28644125573228485
7525.0,203.88478312398797,1112.2085650796473,0.3040815076939394
7526.0,204.4641315461565,1114.447511070961,0.3339907057541042
7527.0,205.38688743405865,1114.5290053041113,0.3550000066843131
7528.0,206.1100693545481,1112.944496558567,0.33461631867609015
7529.0,206.39304440237422,1110.9006061934388,0.2864665606450043
7530.0,206.57041886414552,1110.2578041150475,0.24345988194557172
7531.0,206.62034323518793,1112.1718926176864,0.21954524054790267
7532.0,206.41826996082634,1114.5543743774258,0.21555393128617975
7533.0,205.9134954734391,1115.4858766113232,0.2089307013087842
7534.0,205.34220536516432,1116.4483850017098,0.20207610606713777
7535.0,204.83260321154984,1118.9067414640194,0.2056985406707999
7536.0,203.97644490439941,1122.0772210206735,0.23618149798260626
7537.0,202.70086846982247,1124.5188926073781,0.27490338793129004
7538.0,201.27129189624955,1125.6148524728892,0.3025065890358799
7539.0,199.5170081223971,1125.3860283627534,0.29965758766981204
7540.0,197.33886958745845,1124.038248353724,0.28557276829020817
7541.0,195.07747784147375,1122.9860848401192,0.2594907032452901
7542.0,193.6579594451227,1123.173337282102,0.22170033460542254
7543.0,193.17239204425726,1124.5991834596457,0.19265865826242007
7544.0,193.05529784768814,1125.5123328257982,0.1775843316251536
7545.0,193.0872438625006,1124.961845904502,0.18724836390176144
7546.0,193.7760224586601,1124.2703548092782,0.20739882370057205
7547.0,194.75531010746647,1124.6822848340712,0.2410922440311023
7548.0,195.07959803994768,1125.1313281608939,0.25792838182225
7549.0,194.84134227687755,1124.483741362332,0.2586008488307342
7550.0,194.3417444487276,1123.1642369691706,0.25414687541323255
7551.0,193.39295561487305,1121.8881092493352,0.2583569349222978
7552.0,191.9901540256584,1120.839126900211,0.2674722561998399
7553.0,191.18037943555245,1121.2095871976837,0.2816708513219585
7554.0,191.37042345551285,1122.4244412782123,0.2961552726022498
7555.0,192.37028351209182,1124.4744043632998,0.2787602193871505
7556.0,193.52088864998018,1127.5756040269955,0.25910292818397157
7557.0,194.1309058257021,1129.571700948574,0.24166726629122248
7558.0,193.94394542957326,1128.8527103571637,0.22214921634132642
7559.0,193.54356954355939,1126.2482334812307,0.1946781593033105
7560.0,193.28021444399874,1123.8441386005268,0.16571476144540825
7561.0,193.13817425653923,1123.2293214058436,0.14783281386350872
7562.0,192.9244755765283,1124.306050610106,0.13784594243120984
7563.0,192.67239917158363,1126.2527479261157,0.14263926672529972
7564.0,192.70153908557003,1129.0107177536022,0.14834133901912366
7565.0,192.67594513833126,1131.8104378816422,0.16544351248635036
7566.0,192.80662481322554,1134.5350624952002,0.18966245363640086
7567.0,192.98204472690512,1136.7390353383182,0.21799806590091678
7568.0,192.6303972308715,1137.5833575513057,0.21958887470167218
7569.0,191.49326567760028,1136.3170136855763,0.19018095100870802
7570.0,190.3015609364829,1134.3719503508487,0.16947525173863842
7571.0,189.43331894893643,1132.6964866902479,0.169394746155365
7572.0,188.52213216503043,1130.4396344431646,0.16052954142350429
7573.0,187.57451389218735,1128.1197968637784,0.1374791654581488
7574.0,186.8506624777958,1126.8390159932446,0.1358208913300997
7575.0,186.09923163116147,1127.2291698851852,0.16517900465284013
7576.0,185.20194990517717,1128.8647628085976,0.1927418618445376
7577.0,184.31810422244894,1130.350126352054,0.19691108051128967
7578.0,183.56161244162834,1131.9705476800045,0.1900378071742277
7579.0,182.5380152399955,1134.7996298368762,0.18841284960894014
7580.0,180.93294078247334,1137.8458655209226,0.18931931975055985
7581.0,179.22064656511867,1139.1908190886866,0.18903755274456027
7582.0,178.1743580784942,1138.143941409865,0.18487718490384106
7583.0,177.99144505085792,1135.472164884664,0.18508221867194904
7584.0,177.96143282939474,1131.7629770403955,0.19345167801921637
7585.0,177.61993114195914,1127.822617491356,0.21501282117756265
7586.0,176.98968876328303,1123.1578566509627,0.2433622347370562
7587.0,176.47963721610935,1117.875997826152,0.24816486015579023
7588.0,176.55078322463947,1113.9072157742773,0.21851007278937187
7589.0,177.15404094898304,1113.1514974111317,0.17785554343639287
7590.0,177.95154839826148,1115.1817069357985,0.1492919231485969
7591.0,178.73719877825948,1116.2196345902505,0.13752878054261294
7592.0,179.42526095001347,1115.8396984416293,0.14388392033771563
7593.0,180.2243601439429,1114.9480095847207,0.15171349844738885
7594.0,181.30475354778557,1113.7488298178203,0.16436921980406757
7595.0,182.39920012341503,1111.6382787361767,0.19767800763900234
7596.0,183.16135752152735,1108.8353853424817,0.2501958583454725
7597.0,183.49927056011884,1106.1229199525314,0.3031186039339266
7598.0,183.3693436092276,1103.4664907012186,0.3302547462162024
7599.0,182.80155092525726,1101.4502471148157,0.34525393466059695
7600.0,182.261134160049,1101.2470185150712,0.3539847434444691
7601.0,181.97510900402133,1103.1904432475692,0.37350168233666575
7602.0,182.20394819951488,1105.8518544454178,0.38293381116693176
7603.0,182.92705946431224,1108.187613128726,0.38914747482025935
7604.0,183.9590004882079,1109.85677909233,0.381162645373364
7605.0,184.82503565368165,1110.9922860659217,0.37522759739189737
7606.0,185.4210966314388,1110.7793596558677,0.3893792947269697
7607.0,185.49789078670187,1108.4536710724076,0.4052435178387597
7608.0,185.09908858657653,1105.141406909736,0.3993284220383845
7609.0,184.07875354816255,1103.2089689393458,0.37647229264462445
7610.0,183.00411818202815,1103.4205832585353,0.3514699605149605
7611.0,182.16096838594652,1104.270231562118,0.3193641294560721
7612.0,181.49093911156328,1103.9876941583075,0.2947123101657744
7613.0,180.93965134521622,1102.2955290273474,0.27714802315224984
7614.0,180.68241791552867,1099.7154935454398,0.2759585178316517
7615.0,180.98311375277257,1097.6639064476267,0.27281326216778395
7616.0,181.42096818022245,1096.6865478965149,0.2628326000908805
7617.0,181.96001583277607,1096.3250422047681,0.2453968760927399
7618.0,182.2710403572306,1094.3581695599257,0.2241094346679202
7619.0,182.3035052364612,1089.886798061609,0.22445581461258232
7620.0,181.8329778595159,1084.9917998330518,0.24014789498827677
7621.0,180.8618216860211,1081.4440906331477,0.25666171686512645
7622.0,179.42855077008878,1079.709105278221,0.2596817642640401
7623.0,177.94224984519016,1078.7516113545898,0.26513632441320983
7624.0,176.6608365332346,1077.4621137490071,0.3040811768325134
7625.0,176.03577144540344,1075.891915810298,0.4047377669952013
7626.0,175.7321237266805,1074.997938243299,0.5533583768115845
7627.0,174.97409653128412,1074.6311067833417,0.6897160817427611
7628.0,173.60377846304345,1074.305349576794,0.7917516389102328
7629.0,171.97969697004493,1074.0041163988842,0.839602318019386
7630.0,170.78636318744893,1073.0125780565186,0.8415726890527441
7631.0,169.9696560210189,1071.5798145031392,0.7988081709892764
7632.0,169.45754240352707,1070.071647287179,0.7470331417104237
7633.0,169.15349567761754,1069.9171000279377,0.7249685329367057
7634.0,169.34391584981705,1070.8207406706665,0.763306834900949
7635.0,169.40947759532298,1071.8452927566664,0.8592355238621765
7636.0,169.0924540811536,1072.9528048064578,0.9708967286264465
7637.0,168.36018978685127,1073.765095304329,1.0737800737689602
7638.0,167.408080031121,1074.779525860815,1.157969515925606
7639.0,165.97400846342362,1074.1058142611307,1.2192990478515622
7640.0,164.1279251697118,1073.0927303747787,1.2423491434154093
7641.0,163.02828033080306,1072.5169891177886,1.2355344434232407
7642.0,163.458783032808,1072.361922178294,1.2309364620275778
7643.0,164.91628491573906,1071.9246392733141,1.263079888312793
7644.0,166.12975619403826,1070.7952532225243,1.2958130607426228
7645.0,166.8683146666637,1069.436750862728,1.3353529103915835
7646.0,167.5268981494043,1068.5303334683472,1.3985995726809604
7647.0,168.19747310467991,1068.265986451016,1.4963603547504478
7648.0,168.54369772208787,1069.160329465456,1.61229772063538
7649.0,168.11961903038124,1071.6600455462753,1.70345956661892
7650.0,167.45058301440287,1075.0318994530694,1.710470550063168
7651.0,167.05023428448897,1079.9892273992293,1.6159417619611205
7652.0,166.83507584610416,1085.3662745799961,1.467523370602164
7653.0,167.3025216166658,1089.5842377384308,1.321918692892673
7654.0,168.1676973762163,1092.3865424785088,1.2688376286292251
7655.0,168.67509416975577,1094.195736213996,1.3680915791909805
7656.0,168.73061431571264,1095.8445757046206,1.5929438905558162
7657.0,168.5792912146336,1097.5767530768524,1.8659068789632807
7658.0,168.32327377300038,1100.441720350077,2.118040595373081
7659.0,168.13202470026172,1106.494241529667,2.343000028574377
7660.0,167.84495744832083,1113.6066405426423,2.516801265333562
7661.0,167.56214205630255,1118.8889588119696,2.589303765918077
7662.0,167.57743280148506,1120.7426801791737,2.542864227637766
7663.0,167.74729289661684,1118.767295839643,2.458760606057474
7664.0,167.97384664562787,1115.9037592382283,2.4057052593496318
7665.0,168.5583157449811,1114.5359646608485,2.3653832186304578
7666.0,169.75928026990258,1116.130101266233,2.3162689463914226
7667.0,170.78428843461478,1117.8405473450064,2.2474329725990456
7668.0,171.19984437390855,1116.970258084181,2.1754410123900167
7669.0,170.83893903683344,1112.9893926721986,2.0958706140288395
7670.0,170.01614296086882,1106.9283534612864,2.011811015512897
7671.0,169.2058797036893,1102.0504009620515,1.9364060032897632
7672.0,168.30572774679965,1100.7146720053695,1.9281913250330247
7673.0,167.20085393179033,1101.522899063754,1.9880170646649478
7674.0,166.23248041598035,1101.3085696637718,2.059206488541603
7675.0,165.86532312861206,1099.6261258725945,2.133175689481831
7676.0,165.4326039070372,1096.2710702792417,2.2083857365555453
7677.0,164.324193877086,1092.8544822428219,2.3177440524649318
7678.0,118.58878924530704,1183.9351284710176,5.1260103838605255
7679.0,119.55080009686235,1186.4006823457728,5.135671232859765
7680.0,119.85575221841377,1189.7342574207082,5.079218635354596
7681.0,119.15622593464394,1192.6493933910847,5.008307723764517
7682.0,118.37648809880837,1194.2042021201153,4.914068745210613
7683.0,118.10350107233967,1194.2072086036064,4.840294628483642
7684.0,117.98770645094173,1193.5665827871674,4.8474423347708235
7685.0,117.22879795245753,1194.107762357835,4.82862125567376
7686.0,115.93638592537604,1194.8564716650822,4.7712770162200915
7687.0,114.64654932436017,1195.5438082499177,4.657215151426077
7688.0,114.15091314022905,1196.011851593922,4.531557148320793
7689.0,114.40682389618975,1195.071973620554,4.4203603797533955
7690.0,114.89502601426689,1193.6523871329582,4.285105429262144
7691.0,115.35691993065188,1192.1190951923788,4.091413836537408
7692.0,115.76410907462868,1191.3393499668655,3.897612482379096
7693.0,115.9363917397591,1191.355295622147,3.797508001475376
7694.0,115.892248407713,1189.8158177727296,3.8045009631689997
7695.0,115.71463544779758,1187.0672733509589,3.8655822012283925
7696.0,115.45801707208498,1184.542465693523,3.850494997407552
7697.0,114.89352987371599,1182.487458355838,3.8007449685540036
7698.0,114.27155636756474,1181.6934998414838,3.7411394657424517
7699.0,113.88843193988937,1183.462902268939,3.6432204749472845
7700.0,113.51443046317436,1187.8452176248197,3.5032327771224003
7701.0,112.9803971023951,1193.007592672565,3.296857602455508
7702.0,112.42795796853785,1197.3401274550886,3.0359680750167612
7703.0,112.31115054658197,1198.837879240156,2.7707816995049104
7704.0,112.51823650389309,1196.4008566012226,2.5041640169196038
7705.0,112.80361770857259,1191.8159674126389,2.251823979505937
7706.0,113.15790082368505,1187.0164393175899,2.027333986010144
7707.0,113.86535373444104,1182.9320421553477,1.8633207150292033
7708.0,114.57148771846727,1180.2499201180383,1.8132222985219253
7709.0,115.08987908018395,1179.561382039472,1.8580968159600628
7710.0,115.26376354815174,1180.7054732183037,1.952919158770946
7711.0,115.01392603848296,1182.5058996572238,2.0121316680039127
7712.0,114.61350915174602,1183.8878656215995,1.9875980434875606
7713.0,114.1550141785383,1183.0102342648859,1.8844847610712374
7714.0,113.96379685899758,1179.1484205929255,1.7782880454986092
7715.0,114.20810632337975,1174.975277130957,1.677010884529703
7716.0,114.75750648929885,1171.9802462888606,1.5771899156233284
7717.0,115.28837457110262,1170.5162483512677,1.5160875494063044
7718.0,115.15798402871681,1169.833697666638,1.5020856042398398
7719.0,114.33617200930365,1170.227099555015,1.5401548900262527
7720.0,113.56289742706059,1171.8429841870282,1.5818524294041223
7721.0,113.49476195793537,1172.3364610009005,1.6083444546711443
7722.0,113.87184080193904,1170.4705610129542,1.655178893290754
7723.0,114.08575301519556,1167.713173446015,1.7227244481749608
7724.0,113.97127658189162,1165.999845798252,1.8285532880480098
7725.0,113.85957131705003,1166.9963737668577,1.958363265839009
7726.0,113.93900292318686,1169.9729073329634,2.055958571764416
7727.0,113.84941728218757,1173.0689458588547,2.091186295054772
7728.0,113.51370618398846,1175.3869264649022,2.1133801074094865
7729.0,113.51804784505894,1179.1162852542109,2.1723576571418404
7730.0,114.06514968937141,1184.2160363890828,2.2064068619084938
7731.0,114.83109575569983,1186.2005667268577,2.1780558591299646
7732.0,115.81824968261436,1183.7381632633346,2.083738182423128
7733.0,117.34882072734328,1181.7001089360883,1.95378294590618
7734.0,119.51220600596028,1182.1139556411079,1.875787286565945
7735.0,121.31557240821125,1185.4544879494247,1.8519715116865596
7736.0,121.8821085029304,1191.5278225756015,1.8445668047928896
7737.0,121.52547585049122,1198.0939239673035,1.8325752743550736
7738.0,121.19692395686153,1204.0331683166132,1.8940132241661412
7739.0,121.18212970406577,1210.9939489017938,2.0634655969382396
7740.0,121.3777278707379,1217.178246101398,2.2699857551348956
7741.0,121.91536729528323,1219.2958974651465,2.350981566673388
7742.0,122.80618906582525,1216.5057498306683,2.291865747936265
7743.0,123.81381918577631,1211.6009991939281,2.2275169078737123
7744.0,124.52856930624532,1207.5741628231603,2.1909307305449044
7745.0,125.0732245613911,1204.3493076273396,2.10050904155689
7746.0,125.44191856733596,1202.0937882200901,1.9972879991193602
7747.0,126.10777468007528,1202.1417910092189,1.944634545062371
7748.0,126.66815571642877,1203.1428603667791,1.9686298103321163
7749.0,126.73076589057601,1203.480502249872,2.053474784664601
7750.0,126.8217953221564,1204.2426383390523,2.1638423827402207
7751.0,127.27436250394035,1204.7569243058485,2.284389025893811
7752.0,127.23770537854804,1203.7184485752434,2.4104313441298317
7753.0,126.43302223199653,1201.7759587029102,2.5276300496418838
7754.0,125.97904182084767,1202.1351499595119,2.6428793559422497
7755.0,126.3125618926618,1206.2669534518243,2.782448650774675
7756.0,126.67763257181895,1212.185157178708,2.84054622737184
7757.0,126.71152174081917,1215.768165866265,2.815843143768656
7758.0,127.76091372690226,1212.9150337218189,2.803889867855081
7759.0,130.03379834170244,1204.9198643533277,2.690259320401
7760.0,132.53893414058027,1196.6470110103578,2.4763801135353853
7761.0,134.16228045644428,1191.3552058805094,2.306111821998338
7762.0,134.48602513778482,1190.2885009313413,2.2158647300280476
7763.0,134.62242266182173,1191.2779706483436,2.1942232340617456
7764.0,134.9913726346947,1192.7268871895403,2.2375669831640064
7765.0,135.32759195496627,1192.3236257997578,2.281006784738053
7766.0,135.54804934550904,1190.4008919119626,2.3234314694788094
7767.0,135.9710676631138,1188.5799223661243,2.353535066664602
7768.0,136.5624506261987,1188.3352913192464,2.3098677570565083
7769.0,136.95612889646748,1188.8228822076173,2.1795987813737447
7770.0,137.43544167176773,1188.5737560347736,2.0326528250045954
7771.0,138.4961341366878,1188.0449852300094,1.9126694167701264
7772.0,140.39192345066766,1188.791232479596,1.7896699102317029
7773.0,142.43518175533492,1190.9805571067832,1.6536332735630928
7774.0,143.4342187582307,1193.0295967894704,1.5624722751229878
7775.0,142.75842033010647,1193.6418876314444,1.5513106293727639
7776.0,140.62959556305034,1193.9060565471482,1.5436968870868797
7777.0,138.28477860437766,1194.9839411387009,1.5188773455678566
7778.0,136.4233752817431,1196.1510199525972,1.4758008253746846
7779.0,135.4650821476724,1195.116298063025,1.3949855880002062
7780.0,135.23244786723174,1192.7948796327532,1.2435116830251027
7781.0,135.40333642535487,1193.3660163895363,1.06571526317122
7782.0,136.08071911895425,1198.0316952524224,0.9267146414108357
7783.0,137.33541686947834,1205.1703873096521,0.8197894689035075
7784.0,138.83223986223166,1212.1042263000124,0.7109278074406226
7785.0,140.00419059893326,1217.7851831789699,0.5813654569655622
7786.0,140.52258515239504,1222.5001164943562,0.44692080877624984
7787.0,140.5612916159805,1227.3018101771577,0.3418729556829408
7788.0,140.21607781636902,1232.4826647201521,0.27370324950223357
7789.0,139.3874727113829,1235.2199691147475,0.20478549159393614
7790.0,138.49508910136032,1234.0979874856578,0.1457346200441615
7791.0,137.68837318462863,1231.5973013892267,0.10509667281926886
7792.0,137.28859564354744,1230.7559919802075,0.08292541928070761
7793.0,137.46462716996106,1233.993454861919,0.07060912194301297
7794.0,138.05860043753611,1238.374174465059,0.061891951131664964
7795.0,138.12493504204542,1239.0815011475102,0.05488208149556254
7796.0,137.4534091330857,1235.6847795212948,0.04119815645342413
7797.0,136.45733104214267,1232.5921643486004,0.023924606199156123
7798.0,135.69446991637741,1232.108995922579,0.011198998353102424
7799.0,135.48830493669473,1231.734734501221,0.005229099102500124
7800.0,135.48312847007844,1230.0707291745466,0.002988496195779582
7801.0,135.4628886806415,1227.088844805408,0.0018090645956099992
7802.0,135.41721841434995,1223.8415276190242,0.003968559012250015
7803.0,135.1034177963442,1220.2501586323558,0.017772699918204085
7804.0,134.7331355446729,1217.5024009858016,0.053546612549988166
7805.0,134.86521924436715,1214.615371449343,0.10508025667272261
7806.0,135.58109489960606,1211.0079647238576,0.16589138384147542
7807.0,136.4765760495291,1208.2293792159871,0.2728534296919874
7808.0,136.91198869294217,1206.4267597880819,0.42999932795435547
7809.0,136.78694638052735,1206.3530144196934,0.5387131499320564
7810.0,136.49773027777496,1206.5272755206001,0.5710024188348805
7811.0,136.27399178853727,1205.5023562246176,0.5939949368518491
7812.0,136.17286752567284,1203.997220233328,0.6921221170291126
7813.0,135.76576315911214,1202.2884861217758,0.8715078167103887
7814.0,135.12172527083897,1198.9040685401862,1.0615839065841635
7815.0,134.38783918241364,1194.037637098493,1.20653058252586
7816.0,133.70453671613552,1188.6404571035569,1.2846088661504564
7817.0,132.98643217841848,1182.9413993453993,1.3326421074734165
7818.0,132.16064399866454,1178.3181319921982,1.3812328238843048
7819.0,131.3269653876889,1176.1607437259036,1.4146355602033207
7820.0,130.57169539260755,1176.657501093508,1.451527088491824
7821.0,130.31162222572277,1177.40543783643,1.5076173660475036
7822.0,130.46958813346572,1178.5162029615851,1.6021677437865223
7823.0,130.6120383021225,1179.1974183498692,1.704866278219879
7824.0,130.0408561284849,1179.9392422493897,1.8149581056785158
7825.0,129.1194491386457,1179.842250146551,1.9714927381121026
7826.0,128.1525992965413,1178.457524923588,2.1691543618323053
7827.0,127.24830516076494,1177.261852544625,2.37813720948342
7828.0,126.15558097957005,1175.7412527562253,2.4751346932569662
7829.0,124.82179376747747,1171.9740067724144,2.402422407626501
7830.0,123.4382581276066,1166.9572047161234,2.2598245713382634
7831.0,122.52845805914387,1162.9119973826096,2.134611115431105
7832.0,121.56544790287974,1158.7194051018391,2.094682297660993
7833.0,120.41001894733301,1155.6508626857599,2.0890440516056046
7834.0,119.36413179357008,1154.926946650236,2.112733850016637
7835.0,118.9913863174793,1155.6406173359815,2.1445574508341774
7836.0,119.32573257586184,1156.2282253833398,2.224062633639722
7837.0,119.41918789986119,1157.0439811979404,2.32216667163649
7838.0,118.70439593693207,1158.2718717645066,2.41977161139348
7839.0,117.35809982487191,1159.1953953576271,2.4949217181116947
7840.0,116.05276975285243,1159.715595902983,2.5923587334561224
7841.0,115.32976283843061,1160.2225062874472,2.7105562383028903
7842.0,115.15423931049219,1160.6290716535627,2.7962493283811027
7843.0,115.14994373352188,1160.2970924518545,2.854485027759737
7844.0,115.01390223019504,1159.2297864456652,2.926596859183206
7845.0,114.89943152840027,1157.2487476921463,3.025069559750744
7846.0,114.89955093937505,1154.5689092254408,3.128875746732865
7847.0,115.37375381195494,1152.1087610009288,3.236252836055792
7848.0,115.94898905078313,1151.4815908793998,3.3323916517076024
7849.0,116.10168353841281,1151.9756570813202,3.4087254306220918
7850.0,115.22615570904429,1152.3876920632506,3.4395546985933225
7851.0,113.66551563423347,1152.082431777511,3.416513947736474
7852.0,112.15191476223966,1151.1343037496804,3.3960145953052945
7853.0,111.01910632723542,1150.7878566968625,3.4307212621975967
7854.0,110.51725614736469,1151.3714712005099,3.5098184995249215
7855.0,110.64769647969996,1153.6958174215358,3.6059513238017478
7856.0,111.10378773625746,1157.596755129427,3.6881875830530113
7857.0,111.4841982518765,1162.114649488519,3.80352810948496
7858.0,111.67657876308745,1165.5472262056744,3.928986451965752
7859.0,111.62872525014018,1167.5061881960742,3.9352809640681476
7860.0,110.85147397215908,1168.5149894191939,3.831111094981105
7861.0,109.25412073892417,1168.7933195555036,3.7253407092347888
7862.0,107.70453929736009,1168.7115216372995,3.7094999209585637
7863.0,107.20637397433023,1169.2742130910292,3.762052621081322
7864.0,107.71983443158827,1170.2617626839212,3.8609822084167686
7865.0,108.47065213240177,1170.6611673441625,3.9874560898056335
7866.0,108.99833667946096,1170.911471802649,4.139131249710249
7867.0,109.5363231173033,1171.4686679452968,4.354016076523525
7868.0,109.80136100132108,1172.8925528607083,4.547027874498732
7869.0,109.67298543131717,1173.9103104897351,4.638782244904898
7870.0,108.99154854965307,1174.253189512103,4.697029301276348
7871.0,108.24549095059307,1174.3242508487542,4.808052047365327
7872.0,108.0049032404106,1176.1439727469804,4.960684167617234
7873.0,108.63405963742431,1178.6108582250895,5.111940709449617
7874.0,109.56655110487385,1180.098274808871,5.288069464164877
7875.0,110.14707951078049,1180.463928401764,5.530941227173902
7876.0,110.67497582649754,1179.5204606329266,5.779122388619082
7877.0,111.19147734469531,1178.6524497936257,5.9625300373189765
7878.0,110.91438076661895,1178.983083340867,6.066963237931596
7879.0,109.52532408789021,1180.8550579192265,6.144414637697279
7880.0,107.7084026759722,1182.8620965607354,6.271071931173505
7881.0,106.3057672881922,1183.7770603724487,6.416716135463964
7882.0,105.65028853692806,1182.8551237823885,6.62304379325625
7883.0,105.50522483651143,1181.7493735019648,6.9266426865114665
7884.0,105.65310921811826,1183.2847305569453,7.232080945018179
7885.0,105.90424466204946,1187.205643325988,7.396015024238402
7886.0,106.4655021787719,1191.5482306989522,7.427924696524925
7887.0,107.0996281349808,1194.5098626691238,7.515211072415561
7888.0,107.50683304254905,1197.2758664393805,7.7681016638364735
7889.0,107.60726324540677,1199.2682154208303,8.081331834906356
7890.0,107.44525599230616,1198.8436137133644,8.338848368109215
7891.0,107.1348688140182,1194.4202673360494,8.6247288082201
7892.0,106.57383359802215,1187.9837149632592,8.85588849782256
7893.0,105.71432281145361,1183.088593371735,8.924727489149497
7894.0,104.87206634211618,1180.8708810224434,8.870490570768135
7895.0,104.458739421064,1180.378104664283,8.762386963270384
7896.0,104.29828701749479,1180.235343435998,8.62543094999056
7897.0,103.85077493365765,1181.1955814747873,8.54946003547924
7898.0,103.23168816496613,1183.3585710244313,8.594061388443961
7899.0,102.71687948180634,1185.614024646713,8.851201266879922
7900.0,103.02492342825158,1184.8803825459304,9.046656491221961
7901.0,104.20436340449987,1179.8447040283747,9.149928174266433
7902.0,106.20588705993845,1174.4618980821967,9.325519274854543
7903.0,107.91102226404996,1171.294491196531,9.637941608971834
7904.0,108.67768725485278,1169.6873223346424,9.829631662128437
7905.0,108.32505143084498,1168.393275227625,9.730920387806982
7906.0,107.43420594583922,1167.95372604723,9.424589993949239
7907.0,106.64873396069699,1167.8457262739114,8.961263051920133
7908.0,106.05019464647896,1168.6744262439977,8.609444020256868
7909.0,105.65339743502082,1169.5534393495661,8.433685467173488
7910.0,105.58294215977872,1169.4722933160094,8.397502862094031
7911.0,106.17996402022642,1168.09943304377,8.41289456502096
7912.0,107.15791607276823,1166.2998435193072,8.48809283605625
7913.0,108.19900018702505,1165.0969370503767,8.760014991690063
7914.0,109.26088442763107,1162.7103728460531,9.082753797965347
7915.0,110.30623823991664,1158.731947502301,9.292299815657664
7916.0,110.77763570512408,1155.6233066122647,9.399069979626672
7917.0,110.17348172135983,1155.073784880842,9.449495981010562
7918.0,108.9129377413368,1157.3219148547373,9.457485220482052
7919.0,107.7988927539152,1161.2375637404023,9.523632697670722
7920.0,107.0101013821283,1164.3044342684918,9.693673833430243
7921.0,106.48609894539983,1165.1260285452693,9.884255917029323
7922.0,106.152338780921,1162.9179290043062,10.082775224649959
7923.0,106.38044840246407,1159.3198668894122,10.447300429766559
7924.0,107.25392318440899,1155.548668221451,10.878516125131393
7925.0,108.54213778376078,1153.7575883149536,11.140830735616891
7926.0,109.7479739218916,1155.0470146469418,11.219047018647467
7927.0,110.9333514982945,1159.06762336656,11.24135769521956
7928.0,112.28707789952652,1163.5998648538305,11.179372007955104
7929.0,113.55691979847158,1165.6445821810753,11.019687262129445
7930.0,114.63068077921241,1164.4878242109257,10.853026622094104
7931.0,115.65503645718597,1161.1638783061317,10.68666521530504
7932.0,117.06236141920323,1156.4761843478639,10.606154552827904
7933.0,118.40608250364487,1151.3706771950026,10.579661049796028
7934.0,119.38592085474366,1147.6420621776278,10.57167258052594
7935.0,119.66567263698363,1146.5897492816403,10.513856119709136
7936.0,119.72448649012959,1147.5629996764503,10.43967053209441
7937.0,120.13438167279395,1149.3387530940488,10.398362398567656
7938.0,121.02063357956261,1151.400012826424,10.434231125456602
7939.0,121.80849988877924,1154.1368726670034,10.505321496962477
7940.0,121.7131904646688,1157.1499693303683,10.485049466280012
7941.0,120.87293959361351,1159.8839100457024,10.396595107937523
7942.0,119.9656446973431,1163.3642196664503,10.428803922320858
7943.0,119.56154576623327,1167.9554607880305,10.553413330103064
7944.0,119.42429850030625,1172.6838276294225,10.61610528542644
7945.0,119.18291476712815,1176.2199071194334,10.576487232532369
7946.0,118.52989881542116,1178.447484495824,10.62740896485849
7947.0,117.84453356624529,1180.2392461164968,10.79364631220699
7948.0,117.41682785014689,1181.923083377636,11.044519032036838
7949.0,117.09113254968072,1181.945890588067,11.217189337420853
7950.0,116.50550923872437,1179.3497763955736,11.353853993867842
7951.0,116.13069048919245,1175.222339943886,11.47370034868201
7952.0,115.84823273828924,1170.3692562671733,11.637725147377441
7953.0,115.3685205353007,1166.6112133420904,11.804692298286234
7954.0,114.22761551757867,1163.4685758163075,11.897506648814062
7955.0,112.69524615835496,1159.7489832704525,11.863182719726236
7956.0,111.75534769074724,1155.1878337402263,11.862514053304004
7957.0,111.94655089372174,1151.6886419683285,12.123696760632605
7958.0,112.6506366055082,1151.4941313732763,12.529506885408923
7959.0,113.19087692778884,1152.7489839658567,12.838294598803559
7960.0,113.58213189336692,1154.1609546027858,12.892849361263188
7961.0,113.99170850196482,1155.8703051979076,12.836069688720132
7962.0,114.2332086899601,1157.8117029572727,12.751365018658621
7963.0,113.69907445059778,1158.486754962968,12.605348964993537
7964.0,112.67996289450106,1157.6690214346859,12.334351068389068
7965.0,111.68173163986253,1156.085399377159,11.997847537474447
7966.0,110.9492807764376,1155.7566625669504,11.833496456226502
7967.0,110.4776610161099,1157.1526675530133,11.944723497140044
7968.0,109.8965926374483,1159.3875126004352,12.14910690313761
7969.0,109.14173522635899,1161.8014384884723,12.27170288404892
7970.0,108.71027447091338,1164.1492755323561,12.190730904276197
7971.0,108.79554532701634,1166.5463484882619,12.055732221845902
7972.0,108.97960040957024,1167.543066861998,12.043596549155561
7973.0,109.28127334268781,1166.4435395176667,12.195483609154628
7974.0,109.23171973634807,1163.3266028011728,12.331777025569
7975.0,108.67993048760958,1159.9419739871814,12.407635756215708
7976.0,108.0426572355619,1157.4616110322263,12.44700287808224
7977.0,107.64496158617683,1157.3860845620984,12.370731434089603
7978.0,107.68009968344096,1158.7885549239936,12.217488609906905
7979.0,108.17467718588546,1160.5077068716846,12.120011787215335
7980.0,108.77779791171986,1162.1874132659955,12.198511886566976
7981.0,108.98240004693567,1162.8826382263526,12.326262364792397
7982.0,108.85705981859817,1162.7770262157626,12.405191791216232
7983.0,108.69213075150529,1163.4932344988763,12.463121669217209
7984.0,108.48904900179855,1164.8730640240742,12.482536635113222
7985.0,108.10431953588177,1165.0168304778865,12.531653737257608
7986.0,107.6587008762978,1163.9916092757014,12.563795287134914
7987.0,107.4722156553701,1161.4735626004099,12.543885606035127
7988.0,107.62403559923229,1159.9235112617457,12.483087799079824
7989.0,108.0135144634614,1158.699339989309,12.406720923038002
7990.0,108.38841627530756,1155.9749278559468,12.349898310545683
7991.0,108.63197134198244,1150.0524764605823,12.302120762653928
7992.0,108.47792603760621,1142.0562325581197,12.177020269701563
7993.0,107.92518700599487,1134.9430983128636,11.930443786851503
7994.0,107.19389294318673,1130.8812118946466,11.722180949616384
7995.0,106.58832616432507,1129.2475610610707,11.827600506210738
7996.0,106.40241545341662,1127.750100718166,12.287826776328117
7997.0,106.6140976568379,1126.869243218036,12.75278449303681
7998.0,106.91394085003688,1127.454603260693,13.074894875140208
7999.0,107.16673011463226,1131.0291528797268,13.306537129500024
8000.0,107.33683948287336,1134.1280416430604,13.56346072588816
8001.0,107.0886612777345,1135.550757890232,13.984558348572355
8002.0,106.44762415043074,1135.4652058388265,14.479603813639653
8003.0,105.76445041867288,1136.367874848935,14.750588274598291
8004.0,104.85630607759173,1137.4700063704006,14.821008162539062
8005.0,103.98867442361475,1136.8286591340195,14.90409832026937
8006.0,103.17177547740766,1135.1182813744506,15.267253439142223
8007.0,102.31698943302578,1133.4711121924136,15.751162062421157
8008.0,101.37521802775174,1132.7148876039669,16.03155418196583
8009.0,100.51543467604476,1131.757837942412,15.987067334397947
8010.0,100.29429019879373,1130.828595889469,15.804447193620563
8011.0,100.60148976486437,1128.9850690991664,15.879591072526612
8012.0,101.02825536967846,1125.1296402789076,16.32850694896337
8013.0,101.35307774234201,1119.5320760584318,17.065256426233404
8014.0,101.44841532477142,1114.2417216169194,17.707379215227412
8015.0,101.14154032291651,1110.8242187437402,18.04604953228292
8016.0,101.03979617836075,1110.5600045758176,17.932524780939815
8017.0,101.1202324514027,1113.3074939059893,17.55306171106426
8018.0,101.2167836569264,1118.0709417170995,17.1458665454857
8019.0,101.79302912478495,1125.0994397491538,17.09146056107308
8020.0,102.6768876839234,1132.9637901768747,17.386849921627473
8021.0,103.61304607689742,1139.8028043213571,17.717521980245316
8022.0,103.94987845273299,1144.8578697881026,18.07075427280216
8023.0,103.63082801036137,1149.5434564495436,18.516391802905996
8024.0,103.11008367171362,1153.292501864963,18.892644511626322
8025.0,102.76575939134015,1156.7169501284927,18.934445853772033
8026.0,102.16012321367543,1160.5388436104668,18.74360625592437
8027.0,101.60434489999179,1164.5790567312656,18.438374252331695
8028.0,101.35198361737518,1169.0667824878658,18.39723518167203
8029.0,101.44636988074566,1172.5922138144276,18.761518530041062
8030.0,101.68861095874445,1174.6281758349728,19.30767250242711
8031.0,101.48548526808023,1176.3290040522213,19.729450610468543
8032.0,101.09642138603344,1178.1330562024602,19.894846834081445
8033.0,100.97749815241163,1179.4623716572228,20.09537094938604
8034.0,101.52816342147516,1180.7964742543204,20.47994895625462
8035.0,102.82259639183007,1182.522858298709,21.092536346866098
8036.0,104.00518194954175,1183.0247799194974,21.770752242258375
8037.0,104.83916573827007,1182.3277140389548,22.23322128151266
8038.0,105.63145707103523,1181.2210686238059,22.49730913788646
8039.0,106.32301121547725,1181.5981591940406,22.698453772809724
8040.0,106.98004176299953,1182.8337914867195,22.948623324116184
8041.0,107.14220896245631,1184.3376172840515,23.52701304444826
8042.0,107.35123069772726,1186.3843579331306,24.23825911190322
8043.0,107.55185634139967,1189.6330916168602,24.797322853856286
8044.0,107.82980279676899,1192.5811219176935,25.102681017947457
8045.0,108.0295370449582,1194.383525090046,25.38499490658576
8046.0,108.2234653231976,1192.7534198709284,25.99739504152296
8047.0,108.49550439877332,1188.1511574019319,26.925231783302177
8048.0,108.53061392955149,1184.566727178187,27.525202871011956
8049.0,108.4335369335691,1185.7421537349119,27.346292294108064
8050.0,108.1950604087754,1189.327408729967,26.79874646399533
8051.0,107.89315165693364,1193.6003302352874,26.495723362716113
8052.0,107.21785009041966,1196.541686513815,26.43159020449241
8053.0,106.20349596250463,1197.513948866008,26.438611652985905
8054.0,105.58556835161083,1198.0142699512303,26.597746590672102
8055.0,105.90515747383594,1198.0780558099405,26.8393784316696
8056.0,106.6603590666661,1197.4318268004768,27.236622760457802
8057.0,107.37538945228569,1196.5530040447916,27.659455910201128
8058.0,107.39892850150194,1195.4990236263582,28.034999275491863
8059.0,106.81783532506884,1193.7966789385232,28.382188164590826
8060.0,106.34233444782953,1191.9441218361549,28.543908701941003
8061.0,105.94327803005753,1190.6838038793276,28.428546790817
8062.0,105.42321384171575,1190.2528503917065,28.087716276418703
8063.0,104.39523721650158,1189.816466944383,27.380535707035474
8064.0,103.63802778400252,1189.4197698472642,26.452028747466816
8065.0,103.7260392732915,1189.551267817194,25.766452026114226
8066.0,104.39771025034084,1188.378509558761,25.35277147348375
8067.0,105.12188766500188,1187.2034746757392,25.340326000876352
8068.0,105.77312345492572,1187.458561360205,25.576097990863623
8069.0,106.30676781844069,1188.5585709173115,25.91601117643778
8070.0,106.11880817141069,1189.3562914550291,26.321566762670326
8071.0,105.23707830231575,1190.0821392687587,26.674246944116888
8072.0,103.96798353476049,1191.1753000221286,26.8527620903394
8073.0,103.08456949116616,1192.1329392096495,26.963459385604708
8074.0,102.81968274241666,1191.212544421598,27.12740451800625
8075.0,103.02117583525498,1187.8013756262108,27.386122255241027
8076.0,103.35372014435202,1184.6560162071464,27.5509183518958
8077.0,103.29790166561975,1181.8151182538932,27.235999943858893
8078.0,102.45375884156917,1178.6662559067304,26.54773708663815
8079.0,101.18256804721938,1174.9346896909774,25.89609367411461
8080.0,99.95119195701653,1172.3788983811596,25.662709677722997
8081.0,98.69062624171706,1170.7315724561101,25.791319480599633
8082.0,97.899389617297,1170.1862972821193,26.01526101800838
8083.0,98.11296148458567,1170.1391960961923,26.070169980217273
8084.0,99.08927743515846,1169.9305723523992,26.05656260423893
8085.0,99.90371718711408,1170.7065627795748,26.053587647797684
8086.0,100.14200978117813,1171.9432996652479,26.127013517597717
8087.0,99.99812420879661,1173.4422090970772,26.34521433614993
8088.0,99.473522775794,1173.8519164804711,26.554211328160623
8089.0,98.39864668072464,1173.1897682317178,26.708568293269558
8090.0,96.93545715418476,1171.767988815592,26.709052643547224
8091.0,96.09730502962448,1170.5170851967073,26.485432445360004
8092.0,95.77641645307651,1169.15609953987,26.00591363251241
8093.0,95.80542557020516,1167.96055360623,25.445369465751313
8094.0,96.03472728037175,1168.3243240985312,25.077115877041923
8095.0,95.96380718178823,1170.0247789041746,25.051955465691126
8096.0,94.96945746751985,1173.7484996677722,25.175776291593984
8097.0,93.46517621199231,1177.9976658672645,25.34026277491124
8098.0,92.49313481038541,1181.9197479189072,25.542176807307996
8099.0,92.09301742328432,1184.056616490314,25.687481823330167
8100.0,91.80359196984485,1185.872457867161,25.710151875630764
8101.0,91.39773895325926,1187.3538715089624,25.46365798002478
8102.0,91.48353850456353,1189.5066838672644,25.209908676390057
8103.0,92.14215465595167,1191.805777717911,24.97299939426662
8104.0,92.94677040426151,1192.932452211966,24.555249225246115
8105.0,93.5789413169168,1193.3674527764797,24.00164309130195
8106.0,94.09987641116244,1194.9132329279894,23.56774779471975
8107.0,94.7409387365884,1196.9814291394964,23.37948706111857
8108.0,95.30752405952757,1196.953890443998,23.446944226132064
8109.0,95.66091215876496,1194.9117237106727,23.92736696226542
8110.0,95.66291720040145,1192.5022853913242,24.841834956290562
8111.0,95.78968863901967,1192.2758007934742,25.836275078906954
8112.0,95.81991826747202,1193.5385651878034,26.25114333668204
8113.0,95.6072408000361,1194.8466893101388,25.798242977480527
8114.0,95.4540665415641,1194.819210439972,24.813536090596063
8115.0,95.62730100928,1195.1031405844005,23.778025497170027
8116.0,96.14602663478853,1197.192378206921,22.97247495580256
8117.0,96.40181567860131,1200.331410521712,22.44369656873974
8118.0,96.18962210526124,1203.5870101100272,22.249768999870565
8119.0,95.87456537617585,1205.406537615018,22.24090623166384
8120.0,96.01544061428469,1205.1018875320485,22.444886354699833
8121.0,96.72247672027397,1202.7495125477667,22.63966273069101
8122.0,97.6309864581252,1200.1231546479037,22.588835315269968
8123.0,98.2938459559336,1198.0570809559276,22.204657316251236
8124.0,98.57163373142804,1196.8736031747414,21.63482323233351
8125.0,98.8346046955467,1195.5223099769046,21.05471328076391
8126.0,99.18243210920205,1193.8651075112675,20.60673830991741
8127.0,99.12217613886543,1192.559009357966,20.139381192186995
8128.0,98.60211981819725,1194.282230922623,19.60101610402011
8129.0,98.29268400044359,1199.369418818717,19.33721206965409
8130.0,98.40082206304537,1204.6482259825405,19.346025658633362
8131.0,98.49829294344163,1207.7746497270236,19.40215979162536
8132.0,98.64322836029649,1208.7694472274463,19.34918411105556
8133.0,98.9569561290632,1210.217697314399,19.122503841029392
8134.0,99.3176978281023,1210.8164391104212,18.4692407000517
8135.0,99.30233669851141,1209.8693931697028,17.693060809596485
8136.0,99.68578042342074,1205.599857785611,17.228158408687623
8137.0,100.54292913637632,1200.469266650538,17.271954896902226
8138.0,100.99904785449809,1195.6377347622254,17.51382165202228
8139.0,101.23476344985755,1192.7025277775447,17.5751189491341
8140.0,101.27710788022091,1190.8088020416112,17.28796393230247
8141.0,100.85574154243858,1191.4291189284318,17.037843310710063
8142.0,100.31790686111228,1194.03059344832,17.237131441229998
8143.0,99.65598078308099,1197.2122569502515,17.607385792874112
8144.0,99.0099194560022,1199.1258711713615,17.813861436260762
8145.0,98.61719809263342,1197.5501163284455,17.760762527042882
8146.0,97.77504805315264,1193.525671357095,17.61968062680291
8147.0,96.79050252352194,1188.8728660108789,17.3944699813702
8148.0,96.35638952625392,1186.7205558885296,17.096021860274284
8149.0,96.75871864300493,1187.2554353086953,16.924418317049447
8150.0,97.17444762702524,1189.4336471553322,16.865371332683704
8151.0,97.0408307307372,1190.4674054666582,16.73073070962013
8152.0,96.71132108188546,1190.4397927553052,16.451685186983287
8153.0,96.84967111985131,1190.9063494591207,16.121196484036158
8154.0,97.42179913479333,1191.1268188415986,15.668165806451562
8155.0,97.53565608356111,1190.4032849848402,15.201889237558401
8156.0,96.92162578834741,1190.0706916236052,14.763678805173825
8157.0,95.99458472225005,1190.5846590304627,14.359511207145484
8158.0,95.72085965478628,1189.0592448042155,13.9040443008338
8159.0,95.83990581408592,1184.3581777968884,13.394031955490208
8160.0,95.72295259613935,1176.6485694407083,12.855116895358954
8161.0,94.74974133055655,1169.9145374559414,12.357641118209068
8162.0,93.330319135985,1162.723584021593,12.003994405913172
8163.0,91.80758650691901,1154.7192084402952,11.739532512312016
8164.0,90.78937539947991,1146.7350474387474,11.622036173947777
8165.0,90.69551002096613,1141.0677456502642,11.64016081758864
8166.0,90.98442981851777,1138.7606498751252,11.903718502184027
8167.0,91.76172134457055,1138.3307029245523,12.326199379726564
8168.0,92.55854001607806,1138.8945061195732,12.668232729180287
8169.0,92.94893074756669,1139.5085904169853,12.735318993112937
8170.0,92.4925393059533,1139.7247489546253,12.444417812306328
8171.0,91.35257155605936,1138.6231754189032,12.014371418300609
8172.0,89.92286561421626,1137.7168302229943,11.644334739238936
8173.0,88.43071266981156,1136.934347181433,11.435402046352037
8174.0,87.23031251932301,1136.5789062250133,11.313482662143366
8175.0,86.53509748513352,1136.2622832483646,11.207894467190808
8176.0,86.40201369851174,1135.9584929829975,11.020308831193502
8177.0,86.6445080907981,1135.072663519493,10.812571621256248
8178.0,87.10649876327734,1132.57920684274,10.639201462014055
8179.0,87.58386788014514,1129.0745473214224,10.522002162934417
8180.0,87.98598785356393,1125.7011472132526,10.560222067829221
8181.0,88.65743822138626,1123.791790479415,10.68798967785081
8182.0,89.85770236773831,1124.2945831490852,10.930608845207235
8183.0,91.27071675025539,1127.034261083001,11.135897296479657
8184.0,92.51323940306051,1131.8069101433246,11.209776422404177
8185.0,93.55897951053528,1137.0242261793712,11.139328781506888
8186.0,94.58953342831084,1140.0834197802253,11.165955533697018
8187.0,95.44765885774733,1140.5110046351851,11.17109442606244
8188.0,95.43232861487206,1138.9075671187693,11.149867493027394
8189.0,94.75733571418377,1137.6154230625962,10.986551747694433
8190.0,93.97098916887774,1137.69432833779,10.719810960117817
8191.0,93.49622944144772,1139.3165470385554,10.473374709912797
8192.0,93.0231895845061,1142.2747361451445,10.298460095755532
8193.0,92.55181062674825,1146.265178888059,10.124207859284482
8194.0,92.23165507467432,1151.2994295486926,9.92833087636516
8195.0,92.43499561791647,1155.723279002214,9.652519159432131
8196.0,93.15325593105102,1157.4168657239009,9.339542085694273
8197.0,93.75419283178303,1154.3704378855507,9.242192627100401
8198.0,94.02045260438393,1149.1398863774452,9.325893670976065
8199.0,94.32579857263728,1144.6485132229827,9.46827356559488
8200.0,95.10380295037332,1142.6075858693912,9.604811052635963
8201.0,95.93275268934129,1142.007371897504,9.78094287701001
8202.0,96.12012308005946,1141.0687624192888,9.98373657174242
8203.0,95.76669592267417,1139.4095439298806,10.185840059761166
8204.0,95.57234002761011,1137.482698998902,10.379960057973811
8205.0,95.48054914794201,1137.315981770433,10.48099496203479
8206.0,95.10236646883544,1138.2392426310855,10.570699130524545
8207.0,94.5759044967065,1138.534931151424,10.515814815270284
8208.0,94.41842526258907,1138.4019624885007,10.46086156932327
8209.0,94.95520092978656,1138.1952644822659,10.427318596086094
8210.0,95.50930663272769,1137.9917407312942,10.4686294026233
8211.0,95.25700815451933,1137.3172781258115,10.541598615311496
8212.0,94.21870478342399,1136.891962127195,10.623537059190705
8213.0,92.83269719545025,1138.1743968013877,10.730444965886925
8214.0,91.52112820355633,1141.5545778231,10.80148432415177
8215.0,90.20984891667091,1144.5853796535623,10.749551002767623
8216.0,88.41055083997847,1145.9548376878909,10.54287444474932
8217.0,86.6608138402246,1147.0954820290594,10.323883793277611
8218.0,85.50615920281139,1149.527350991863,10.10801951568677
8219.0,84.60494500639675,1151.2541785164947,9.863097453704198
8220.0,83.36713193976973,1152.9902511116989,9.503511688818623
8221.0,82.12206058015727,1154.4549208233511,9.178012818823662
8222.0,81.23365093358599,1157.389460746823,9.08329839269419
8223.0,80.54352431599148,1160.9101367759804,9.298786568661791
8224.0,79.6844716046651,1162.6300230726374,9.624510187119881
8225.0,78.46997017208693,1162.1172662232489,9.835376984849011
8226.0,77.14074699035908,1162.145500964737,9.935955940822819
8227.0,76.00030796382183,1163.159278424641,9.96184008013736
8228.0,75.14636177048803,1162.3883787676555,9.9334649015304
8229.0,74.73060295434497,1161.8975655366687,9.886549039288422
8230.0,74.76550165019978,1163.3084542318406,9.953400698389123
8231.0,74.97614691804561,1167.141721081052,10.190967253490713
8232.0,75.4664872085676,1169.9657722086438,10.576926017319076
8233.0,76.0756536114125,1170.0986231724428,11.10855370273009
8234.0,76.83918179272294,1167.4383969347014,11.749873306469793
8235.0,77.40097216650376,1165.1179046811226,12.391271426521488
8236.0,77.15398860434587,1164.3442630620684,13.06366760540416
8237.0,76.1167896233802,1165.5159240302353,13.635037903953648
8238.0,74.97394428915015,1170.1945133705874,13.98250673333376
8239.0,74.22306016134759,1177.3099107437831,13.902297854376961
8240.0,74.07817694156135,1184.7302360744172,13.554468303468424
8241.0,74.45076392197704,1190.5299142651108,12.964864632408336
8242.0,75.04975780953929,1194.1345398472533,12.3270967741119
8243.0,75.43728489529599,1196.2872239658989,11.853383170170547
8244.0,75.3802717787824,1197.0488286290347,11.57193612753362
8245.0,74.90073685506859,1196.3446182697535,11.399037120040921
8246.0,74.37237268722374,1195.0722882058733,11.224607985979452
8247.0,74.193589006257,1194.795720777765,11.182554564907981
8248.0,74.48890895645415,1196.1711238478501,11.296942323003304
8249.0,75.31045942353123,1198.4809285323388,11.516486752537404
8250.0,76.26716713054273,1200.3586000060725,11.688938134877388
8251.0,77.21157602185878,1202.3741678744916,11.769190840962686
8252.0,78.02141360866413,1204.3451626166523,11.937109993151289
8253.0,78.00421834752008,1205.0660894313442,12.228086718609697
8254.0,77.26686957801884,1204.6722343494357,12.561902075494118
8255.0,76.88148836622426,1204.3741875584042,12.824063061114009
8256.0,77.29828264007473,1206.046391651752,13.004032361232575
8257.0,78.21603795748392,1208.9968955766585,12.984851037672014
8258.0,78.88337525967017,1211.557825750143,12.73450963436758
8259.0,79.24335857542626,1212.735740169303,12.260297203017318
8260.0,79.32861070332063,1214.4634334531715,11.744538047930249
8261.0,78.9840204155907,1216.3556997251362,11.385784009461908
8262.0,78.29774744397007,1218.6515157360127,11.306382510762461
8263.0,77.58971558782605,1220.8095258311905,11.369739147863186
8264.0,77.15836279035855,1222.9652554382574,11.508668422667267
8265.0,77.28861496886768,1224.9893859229912,11.733436271411746
8266.0,78.01182394446647,1225.2076021949017,12.004599554218393
8267.0,78.95472776228436,1223.1478769031962,12.085779137702918
8268.0,79.71546568599622,1219.4841694767267,11.865535015717187
8269.0,80.37600467115958,1217.0842022094089,11.63544152442169
8270.0,80.93034885953173,1216.9748675477456,11.631550971405641
8271.0,81.24933353937108,1220.8086614136462,11.892621319595358
8272.0,81.34908444266766,1225.6147155980582,12.20701563356184
8273.0,81.4923809027003,1228.6280158538182,12.304952620533728
8274.0,81.97374658953055,1227.7902568773986,12.128896645257903
8275.0,82.42918558186607,1224.5646071939982,11.96786708943867
8276.0,81.91186502669241,1222.5358124765762,11.986012190173845
8277.0,81.02145436045875,1222.0846315330946,12.197477389477463
8278.0,80.98643522795821,1221.7266411363214,12.438750982123821
8279.0,81.76028601408912,1218.4480874331637,12.665620946659889
8280.0,82.53818110816884,1214.3740999904498,12.966921563905439
8281.0,83.007551279104,1212.1821566989454,13.348276711311422
8282.0,83.61758202445438,1211.9975817616316,13.739971691040369
8283.0,84.25608701152112,1212.8237317680369,14.225929465774522
8284.0,84.30107580180056,1212.3621342580807,14.841319148568294
8285.0,83.9016892751694,1209.8644609202493,15.569302995895274
8286.0,83.64612553978235,1204.90128866898,16.374829848374603
8287.0,84.25763847208034,1200.1890274382808,17.31795357665901
8288.0,85.74965406550106,1197.7286776896096,18.49079378851929
8289.0,87.31790087937499,1196.3642201832624,19.52493973717156
8290.0,88.4124932580356,1195.0034046885805,20.255589745690685
8291.0,88.75333702611113,1192.9841408580064,20.72177336963685
8292.0,88.70244565591787,1192.3893504919981,21.15939105638111
8293.0,88.57491940125401,1193.3099952094658,21.255997380466837
8294.0,88.49620562131602,1193.4712956863848,20.82922729729733
8295.0,88.28054782462807,1193.1136761729606,20.238900921275558
8296.0,87.97597827473817,1194.5101453836992,19.928705577566095
8297.0,87.5364550798801,1197.9373030286656,19.81145895206238
8298.0,87.02977287140949,1200.0509199671858,19.664579257055962
8299.0,86.42880362277229,1199.5057027319965,19.601507360692285
8300.0,85.52280009113156,1198.4067243682937,19.73990058147742
8301.0,84.71841172003064,1198.1477492463014,20.08539574719982
8302.0,84.53913955326293,1197.2334749193344,20.25148628727122
8303.0,84.65941513725708,1194.300953348672,20.333522065507665
8304.0,84.49621231109131,1188.7936777210343,20.48030212606157
8305.0,83.89306848873807,1182.854985523896,20.721098114034028
8306.0,83.05901149083401,1178.590953938544,20.88691450457616
8307.0,82.25694979288934,1175.921925449027,20.811494643506126
8308.0,81.80173663597654,1173.9597920472409,20.53545611136032
8309.0,81.4309529514474,1171.6949743389177,20.315191504011786
8310.0,80.6914070996714,1170.0407741931858,20.190151176229946
8311.0,79.73343214911812,1170.8148761018265,20.024931470504697
8312.0,79.13351638568653,1175.3377117323537,19.71459990067876
8313.0,79.11254046487178,1180.3193631142951,19.2424844177729
8314.0,79.17405413102652,1181.406727763213,18.863770702022943
8315.0,78.85372956142503,1178.1743352242445,18.806825427112017
8316.0,78.45259198117637,1173.7470299136692,18.990432780373876
8317.0,78.21078330471205,1169.9597501259213,19.033149981190025
8318.0,77.85568278183207,1167.132479201249,18.766225472880027
8319.0,77.44300505315212,1164.7563060446503,18.310773491552283
8320.0,77.01816336256053,1164.3335104081252,17.866648104057642
8321.0,76.8391025499464,1166.6735653887404,17.5464510857365
8322.0,76.59634436438905,1170.9279843806246,17.686083310135203
8323.0,75.99809836235298,1175.403861409266,18.329051043784812
8324.0,75.02492458684581,1179.6623034782165,19.0552456120691
8325.0,73.91897079180305,1183.2771346027234,19.55260168525311
8326.0,72.93346736835305,1185.6406840061475,19.866800500805965
8327.0,72.28100401540753,1185.5894163792075,20.166696978193084
8328.0,71.95204961298914,1183.0750117844718,20.428823725604893
8329.0,71.77879063415335,1178.853748139558,20.67986011503042
8330.0,72.05103622672773,1175.8818744350692,20.83474670171968
8331.0,72.80650084552352,1173.583020044452,20.933371371084014
8332.0,73.63030712074817,1171.8545327878485,20.94892259220049
8333.0,74.34942338900875,1171.8469674483001,21.08630236190976
8334.0,74.85287634641227,1174.3585544678172,21.3758918253083
8335.0,74.9465685151127,1178.1400486864834,21.584361071721673
8336.0,74.76991637690399,1181.7315974383844,21.602713012894736
8337.0,74.62651017615116,1184.3231434012532,21.467986432729223
8338.0,74.47373765636955,1185.6570735456796,21.352139848323503
8339.0,74.24756335217863,1186.4334658420921,21.357699262580027
8340.0,73.9071894346111,1186.2284767125566,21.4868864351934
8341.0,73.84568742454681,1184.77044231294,21.600678222502882
8342.0,74.0680979534293,1181.9307437429459,21.57981242049483
8343.0,74.2934686904701,1179.5454193437556,21.318126665699374
8344.0,74.43773064720189,1178.7283730865595,21.171655060478223
8345.0,74.86926280320893,1178.840082385482,21.29862512237922
8346.0,75.55455849284472,1179.4734844889629,21.66367999314822
8347.0,76.33950907906765,1181.2869430319815,22.15270700062241
8348.0,77.01852230134931,1183.9198161128686,22.433400367975743
8349.0,77.59294147112625,1184.4692965813726,22.407288289793716
8350.0,78.14346020424827,1182.8980379581792,22.10707539050979
8351.0,78.21933343719668,1181.3367468518172,21.78139770597025
8352.0,78.54272116097026,1181.178480445502,21.4905954674568
8353.0,79.13759333848242,1181.7019659210564,21.458073771087445
8354.0,79.53783840441729,1182.314169829171,21.814827193066392
8355.0,79.90873883489346,1182.2154490156029,22.377458438569782
8356.0,80.72069704804386,1181.6179864209316,22.841517031643203
8357.0,81.6815112520167,1180.076238432525,22.983997144670354
8358.0,82.69472858236162,1178.429827342927,23.043676754673683
8359.0,83.32851450793662,1177.5952916026176,23.36006902384378
8360.0,83.49473191654123,1176.0620572426253,23.938210139267756
8361.0,83.1615473157598,1172.9353229221492,24.445988771232248
8362.0,82.69157001919969,1169.7912639662454,24.61444609250704
8363.0,82.68613056448925,1167.7378128239354,24.55328527087221
8364.0,83.39928209823417,1169.1106951959903,24.48405323922859
8365.0,84.33033171343683,1174.0178481559526,24.508301149325682
8366.0,85.29030118563156,1178.2212944145977,24.60334277646346
8367.0,86.06875692906705,1177.9932836421335,24.367443414008463
8368.0,86.50529359601289,1174.8515995078064,23.88252210939807
8369.0,86.85740455182403,1170.8615700049556,23.55059580155727
8370.0,87.45185865942904,1167.3947903484698,23.401541506695438
8371.0,88.42831604363359,1166.0408290756,23.25742089434273
8372.0,89.25547599898528,1166.4941681412333,23.02535196092017
8373.0,89.85018314110236,1167.7432790120743,22.7942885377986
8374.0,90.08459516556445,1167.5643264320977,22.683260900661985
8375.0,89.70905973998771,1166.502238056956,22.719890415951507
8376.0,88.82860447998968,1165.3185334993489,22.766077315154348
8377.0,87.8596658517917,1164.9675630097595,22.705462869423002
8378.0,87.12197314746936,1165.09821637492,22.591586017884488
8379.0,86.91441301118839,1165.8446567612202,22.687994123046728
8380.0,87.49422714938135,1166.881727064501,23.022595320165685
8381.0,88.82379747269613,1166.5433797600429,23.469325682115304
8382.0,90.38964716855594,1162.8695011691514,23.762151396935437
8383.0,91.43523529036594,1155.8983388351744,23.901926850444898
8384.0,91.80972858806888,1147.5304202926898,24.100142528748155
8385.0,91.72015045464666,1139.0605587008272,24.31847132455396
8386.0,91.2049438613712,1131.9845284708942,24.579123043496992
8387.0,90.23084559642692,1126.3444120418042,24.969584856441156
8388.0,89.58745753653933,1122.4723471621105,25.521312597124044
8389.0,89.58868345596625,1119.3533811684472,26.020051030816084
8390.0,89.8545235972388,1115.4760032532056,26.47095801214238
8391.0,89.78826509488903,1110.9830645781822,26.782476647005208
8392.0,89.8190308618367,1107.1689351081486,26.687341818069736
8393.0,90.39380515951385,1105.0797221514574,26.065930012674556
8394.0,91.06026527377509,1103.026592508126,25.317263625381795
8395.0,91.65997212224855,1099.4597328845382,24.98075650454708
8396.0,91.94615459430807,1095.2571579188443,24.8779671846556
8397.0,92.3475476069027,1092.9407549981772,25.077825674263313
8398.0,92.843103257469,1091.8918070921861,25.415700953189667
8399.0,92.90117053705161,1090.038813716975,25.868551857271775
8400.0,92.3397450284433,1087.534802789947,26.165069706115307
8401.0,91.25229056173802,1086.2755194140702,26.254519684102277
8402.0,90.20173467475003,1086.7192790553586,26.089726775879537
8403.0,89.61088548274495,1089.399219100965,25.711817263501334
8404.0,89.73120297949272,1094.1478474827668,25.406387822387003
8405.0,90.43953453628387,1100.6668631112718,25.56043495391309
8406.0,91.3843949077941,1107.237715171504,26.165182956330128
8407.0,92.36407175715456,1113.1209596199403,27.047393345307725
8408.0,93.10711525448001,1118.1817853202376,27.911510990391783
8409.0,93.28161650977353,1122.1695619114162,28.237144977800444
8410.0,93.009444247795,1124.094359975571,28.491702634867803
8411.0,92.49151756638106,1122.6037704556543,29.079109420074307
8412.0,92.2382404707797,1120.3575372836533,30.2083321687187
8413.0,92.4187325708118,1118.4375257475401,31.460793948380218
8414.0,93.36312436213701,1116.3920843068631,32.56651448525162
8415.0,94.47019591490931,1113.8134539916598,33.581671042332694
8416.0,95.18740457173861,1110.842103839632,34.36183596965724
8417.0,95.71917666945976,1108.2659226215721,34.69586098472695
8418.0,96.51419024308171,1104.4367448851344,34.948564835176455
8419.0,96.64143503269551,1099.020118309785,35.266244623125544
8420.0,96.38038163893609,1093.3420335448423,35.518623876740094
8421.0,96.2132811346249,1088.4740481397841,35.867494193998425
8422.0,96.6402030611215,1082.5407952689911,36.165084784150174
8423.0,96.94567969618411,1075.3655091451647,36.49193070164733
8424.0,97.24968262315369,1069.218479755961,36.881048427933614
8425.0,97.5625359028875,1064.1153778417545,37.31800360573139
8426.0,97.91147047340671,1060.8839371369454,37.65325037805331
8427.0,98.43175596273063,1058.3571128728568,38.08659514778244
8428.0,98.10458998732227,1055.8982544888781,38.65201198133009
8429.0,96.40393667024443,1051.925814382146,39.208877998386505
8430.0,93.48413270881814,1047.1522602893813,39.70492585099287
8431.0,90.57593683909164,1043.1477084940193,39.96037218280246
8432.0,88.5620098436245,1039.9556913873027,39.97434399866342
8433.0,87.92165936409123,1036.4278577806083,39.65156204885888
8434.0,87.7590608966956,1032.522977069868,39.23833856375066
8435.0,87.23991438614252,1029.6638005141126,39.06262412509861
8436.0,86.42383385936398,1028.5521332881442,39.38809328236343
8437.0,85.94172508116651,1027.5402693801502,39.754621189822494
8438.0,86.28746073988145,1026.6053895349673,39.65093575682121
8439.0,87.4372423924642,1027.6378402417795,39.252965233525316
8440.0,88.58183260421671,1029.548012227053,38.92810030428634
8441.0,88.54450466369627,1030.6953797687804,39.09639584995477
8442.0,88.19787085979567,1030.7253886539052,39.35251769158542
8443.0,88.27461674866846,1029.9658172632035,39.399244503483054
8444.0,88.95039828437956,1029.4676626047358,39.25314153697722
8445.0,90.11351687917087,1028.6035027688597,39.135845396817416
8446.0,91.24127196280389,1028.131257313878,39.03989964491273
8447.0,91.82996959482024,1028.3602739829985,38.750276400784
8448.0,91.87282003776349,1028.827172456322,37.842118829450826
8449.0,91.94666702347332,1028.4205454963314,36.75588701668649
8450.0,91.93829266776875,1025.0864755579219,36.68932488440425
8451.0,91.98324822052085,1020.4626608029952,37.086949364324575
8452.0,91.89558359594733,1017.4114289979676,37.19580958117382
8453.0,91.79471155050518,1016.922141739559,37.10796361052159
8454.0,92.04095641916082,1017.8130178967422,37.20974563043472
8455.0,92.57970626554793,1018.5893064698746,37.66737618678762
8456.0,93.09111737046139,1019.1370378454272,38.45787171676921
8457.0,93.50936435397652,1019.0488116012308,39.22640006493895
8458.0,94.03990248428768,1018.5078224766096,39.76964760000852
8459.0,94.56333280493666,1018.4376797512763,39.83490867092585
8460.0,94.78093497076603,1017.0694676028465,39.45859027141329
8461.0,94.12394918180007,1014.571889006541,38.75983966823321
8462.0,93.35858248164477,1012.1879574547023,37.89825337201184
8463.0,92.98475611531656,1010.8630664834627,37.07501764146267
8464.0,93.16451948802421,1011.4695441527366,36.160169920355976
8465.0,93.33065011397872,1012.2518917814252,34.950648514984024
8466.0,93.36285767844413,1012.8299464911138,33.518443177051786
8467.0,93.78733897606634,1012.0180475598073,32.297389761780565
8468.0,94.77167727286367,1009.9365967331702,31.32172437421062
8469.0,95.93001455100391,1007.7374443082565,30.393772235453188
8470.0,96.36312036716015,1005.3882684605214,29.451263906609498
8471.0,96.06861342689926,1003.1958367521011,28.517430794984815
8472.0,95.60010346063271,1000.5361872266361,27.48198870530022
8473.0,95.57364494731785,998.1830317842077,26.318861953765094
8474.0,95.97090048152226,996.363919824282,25.19833190283188
8475.0,96.78581073496491,996.1885643645269,24.249765588906005
8476.0,97.60895303438842,997.5499176117062,23.50333476536644
8477.0,98.33543678513384,998.7044886423904,22.894488652120472
8478.0,98.98897681982896,997.9710085264313,22.59414875076488
8479.0,99.27972029929208,995.5983411127743,22.413320859901386
8480.0,99.34525026607659,992.8367042719838,22.08588994719631
8481.0,99.40499472116863,989.5552154144758,21.46235708911779
8482.0,99.72695623712872,987.0045079787259,20.76200838117339
8483.0,100.08143877393667,986.613378929926,20.17292628764105
8484.0,100.6436106675004,989.2096247453794,19.76051054436498
8485.0,101.12916928774804,993.5807066037827,19.49334421856556
8486.0,101.65303462338395,998.6781647435538,19.341674730514068
8487.0,102.10113325297108,1004.2827774529652,19.122714791682974
8488.0,102.2052188454177,1009.1491843567989,18.61115596141201
8489.0,102.20294317369122,1013.3296846392099,18.221025014557746
8490.0,102.19398428936226,1017.8620287928951,18.127646024855874
8491.0,102.3035601434546,1021.6980171079673,18.14280372734648
8492.0,102.30335137982212,1025.011457964108,17.981940071508536
8493.0,102.52317757909915,1027.8306516479797,17.743388055049618
8494.0,102.95183381516527,1030.5798891900567,17.586284566496186
8495.0,103.414786148725,1033.6252321088052,17.55284602919242
8496.0,103.66598572631827,1035.6026471051082,17.522204025152114
8497.0,103.73841922539481,1035.824812602471,17.347483230961
8498.0,103.49883097334376,1034.2196805320962,17.134018906410812
8499.0,103.21518971688205,1031.6938918616625,16.845018770897088
8500.0,103.39435356460802,1029.4940644991832,16.48417571302681
8501.0,103.90803184287641,1029.3543346035458,16.22016501838756
8502.0,104.41147758598682,1030.702014484032,16.127284704864067
8503.0,104.77998369954511,1031.8001077003714,16.17531603228304
8504.0,105.0106260296956,1032.2213669656242,16.268612984275396
8505.0,104.59928468694994,1031.9936670368,16.176118321826614
8506.0,103.44539985579678,1030.57838293445,15.840014260748372
8507.0,102.38146427479825,1027.3702514202703,15.348863868314012
8508.0,101.992830318534,1024.9380873873363,14.963086125760524
8509.0,102.3486234807751,1024.6100114610906,14.89402683565512
8510.0,103.20561705999357,1025.0556735415375,15.03609863914154
8511.0,104.08452021369135,1023.501216593295,15.185922512238086
8512.0,104.53297330511424,1020.4822091248632,15.23707132693234
8513.0,104.6702728977369,1017.2851933265575,15.191907823328041
8514.0,104.64000057211767,1013.7817518212519,15.124577830650319
8515.0,104.39061736859493,1009.3521158582579,15.1653585379126
8516.0,103.74582909500116,1005.1231790714037,15.423095179546516
8517.0,103.20253016431049,1002.7294514378111,15.961683607289455
8518.0,102.85682000693885,1000.6677250555564,16.46887848041956
8519.0,102.09097342038069,997.4638593474735,16.600275852347828
8520.0,100.9356401773302,993.7085168580834,16.574146213505347
8521.0,99.72011910781485,991.6012230944381,16.4415653134964
8522.0,98.91898120260883,991.1758812830092,16.17883019810555
8523.0,98.6033296760521,991.6745387697356,16.09339172518272
8524.0,98.0691184461952,990.6410531616206,16.40275466498847
8525.0,97.14761915808671,986.7949557428099,16.95398149125284
8526.0,96.3177526008231,982.415155863077,17.524925753874193
8527.0,95.6705085762199,979.4875445325671,17.960564579967794
8528.0,95.0082764794616,978.347513065915,18.257030147821652
8529.0,94.29369139351748,978.6718415479012,18.29657927244101
8530.0,94.0562720491125,978.8155843085768,18.218937212206093
8531.0,94.49212494402187,978.1544476268274,18.234368311759926
8532.0,95.07509858739354,976.4619844615967,18.395940638153167
8533.0,95.5276306960641,973.1066178609314,18.479585490908548
8534.0,96.19841602418002,968.4313732040778,18.17059841664828
8535.0,97.42463250883672,964.3798219008867,17.657826529483593
8536.0,99.05491199290093,962.2100521324874,17.401119245073417
8537.0,100.75375664470774,961.9882611433475,17.475621674494622
8538.0,102.22286156944753,962.3782385835066,17.60794043979672
8539.0,103.63056903328744,961.7194220127141,17.706450097992825
8540.0,104.61078937301059,961.1927180609073,17.63138391236822
8541.0,105.09865978077882,962.1825380230734,17.23361009618072
8542.0,105.5911042383404,963.4372238645819,16.615153064373963
8543.0,105.88113979348994,963.5873505944056,15.986248236130034
8544.0,105.98503333865675,963.2004663989353,15.329458980396089
8545.0,105.62838693386183,963.5911494818132,14.642984960323316
8546.0,104.77973414090756,963.974154749745,14.08310756919609
8547.0,103.56204147447879,963.9031550225767,13.734504264604825
8548.0,102.12226307969162,962.8292738631023,13.451201444336963
8549.0,101.0564479638163,961.2447475610983,13.16679478393731
8550.0,100.28418541699665,959.980914054044,13.11136457431695
8551.0,100.14689450540453,960.503152835416,13.380092751742426
8552.0,100.35829035630228,961.5971161455371,13.722206329455124
8553.0,100.62338309983576,963.2103282554748,13.938598575639428
8554.0,100.52625454379525,964.3406129313995,14.082888334588851
8555.0,99.90957025309675,964.6677853661203,14.240851615773986
8556.0,98.90369111722158,965.2065738588103,14.243472046313101
8557.0,97.7476535331257,966.0508089078925,14.117254144558773
8558.0,96.50784511659245,966.6805669803177,14.110193945901514
8559.0,95.62919500012765,967.0959117705465,14.243944033225
8560.0,95.02481238106377,969.5598287873723,14.31836387668996
8561.0,94.69913545411968,971.841455254173,14.422295985785436
8562.0,93.94077097918037,972.7617652835107,14.823197551206546
8563.0,92.80309359747663,971.910013894671,15.38093597358125
8564.0,91.98820116284115,972.1557314185676,15.724737234542694
8565.0,91.81559711391573,973.8284425514045,15.674704497388149
8566.0,91.85467685323042,974.0671286207543,15.299892174238675
8567.0,91.75608232781788,971.7816998899583,14.873334789777912
8568.0,91.71032790641489,967.6404488672794,14.653176320835565
8569.0,91.74274720433817,963.8587635918026,14.641810366034662
8570.0,91.84615909971043,961.0328764011757,14.701052908386943
8571.0,91.63284201962006,960.0510069597744,14.836711984021374
8572.0,91.39886859192781,959.5113121796163,15.023966863249488
8573.0,90.97189579842694,960.6730156391899,15.268130335470252
8574.0,90.32882312324936,962.4292826034497,15.547911194470961
8575.0,89.6387746225999,961.662182891003,15.620202440406432
8576.0,88.8897503201232,957.2378477122829,15.500350576388369
8577.0,88.28576819320747,952.7976896861642,15.32124722136279
8578.0,87.86035048251443,951.9647366548272,15.13362211747501
8579.0,87.50198838537509,954.7285437753612,15.145595161284325
8580.0,86.84413655610602,957.2845634718424,15.367333522977667
8581.0,85.98873356250165,956.5308157253766,15.5111125546884
8582.0,85.095053191204,953.1331338639428,15.423332306295602
8583.0,84.37539928989239,950.4403908471442,15.287878225604292
8584.0,84.2165284004227,951.139436098529,15.05738619607104
8585.0,84.85837202908814,953.4763264066074,14.78920105366938
8586.0,85.74703532612966,955.8586994593138,14.360243630667265
8587.0,86.4053754579627,956.9405791523403,13.808010612661185
8588.0,86.54672162670595,958.0795626084877,13.340136939287648
8589.0,86.25682557799988,959.5066868519164,12.962996669205792
8590.0,86.33962192556753,962.4464371825112,12.73241341487556
8591.0,87.14241636760507,966.286610827692,12.565120910829846
8592.0,88.04931444017055,968.1659614862881,12.51979588982317
8593.0,88.79905009782858,967.6542099953103,12.56689716762508
8594.0,89.5239703166656,965.5383626970897,12.6135716856369
8595.0,90.33274799870934,963.923265375074,12.663006586590422
8596.0,90.63300754675532,961.6828590619416,12.611468469017444
8597.0,90.43391936639902,959.0085276383384,12.444885232260193
8598.0,90.14974205939525,957.6411791198619,12.20806024837204
8599.0,89.85780114238682,958.4543102402038,11.96525935178896
8600.0,89.18780874517789,959.8647162119743,11.75097900649401
8601.0,87.95972651444039,960.2427466948095,11.566672646616077
8602.0,87.04695843782642,959.272797092574,11.287718881566404
8603.0,86.63438616521948,958.0689167112795,10.918990826851537
8604.0,86.04519988792596,958.0276788883334,10.66495089285485
8605.0,84.95998622108824,958.9900628293348,10.300058107646528
8606.0,84.5780951392923,961.0856375477689,9.853915347222408
8607.0,84.96627074299654,962.8838095852718,9.415376810841959
8608.0,85.53967400255856,962.8771908189062,9.119901163221108
8609.0,85.56199532074424,960.8661020243906,8.942892579042303
8610.0,84.85682075888643,959.8053438317472,8.900460279157766
8611.0,84.11887665009995,961.2774278595394,8.907925981917415
8612.0,83.72560663681847,964.3541574192438,8.79029614933609
8613.0,83.46504685397005,967.1879639095145,8.437186351359589
8614.0,83.30126704834973,968.4749654499775,7.979935714884
8615.0,83.43066790547864,969.129453133271,7.5611454106636895
8616.0,83.6763899845008,969.2745021437179,7.271025422959211
8617.0,83.50192514702786,969.0140713393838,7.153893363275214
8618.0,83.35651781863808,967.3720775973599,7.070217184143999
8619.0,83.62441713643044,966.1550032668168,6.943184526458982
8620.0,84.30696679471919,967.5274189543637,6.905390441496122
8621.0,84.83991301750203,970.2369546405408,6.88605295615842
8622.0,85.03248987841972,972.8003715703746,6.777906238063913
8623.0,85.04721933993031,976.0568373497997,6.689711291003664
8624.0,85.1580490543594,980.4342105131356,6.664586275395998
8625.0,85.261049483481,982.6925949088527,6.622770744802803
8626.0,85.30904779177772,983.9880527544808,6.554129674701901
8627.0,85.27182406386638,985.8693151173094,6.451330153221734
8628.0,85.65696967163764,988.9762241035783,6.377660564949302
8629.0,86.3331100908391,993.3150322550126,6.381425284115856
8630.0,86.96919265819804,997.4225433509683,6.433749154528304
8631.0,87.36493143248735,999.1783370533934,6.423694001060547
8632.0,87.97990853812192,1000.234778635811,6.405995674746921
8633.0,89.0056938372324,1001.3554354103444,6.47278312883892
8634.0,89.95143414884356,1002.6019786944913,6.643737041354354
8635.0,90.73681245736257,1004.1841244264782,7.015509026763584
8636.0,91.60280577090415,1004.7479383011846,7.368151180314499
8637.0,92.60376838153564,1003.8800693427409,7.352908730580068
8638.0,93.43887369191744,1002.1572295219637,7.138215200012822
8639.0,93.75899666197826,1001.7880570845502,6.866518957498921
8640.0,93.87185505347622,1003.6474172182988,6.698570425651316
8641.0,93.61317455471706,1006.136965006963,6.71989491202152
8642.0,93.1258261917011,1006.5304757342911,6.773767814956615
8643.0,92.47490989645051,1004.6972434464578,6.750462770234173
8644.0,92.29667476317896,1003.2629446584123,6.690806799875172
8645.0,92.18957248393885,1004.1739130327867,6.615199740649365
8646.0,92.09536071417054,1005.7847933891305,6.546521259723043
8647.0,91.95464457138644,1006.0516878679952,6.534031601971537
8648.0,91.95145270520665,1005.2367429502423,6.563342369984411
8649.0,92.29232817086375,1003.3314954062661,6.599833497379092
8650.0,92.52663194332618,1002.1374826987294,6.5305447285983025
8651.0,92.2648735302616,1001.6366974214345,6.405613852743216
8652.0,91.52881231222308,1001.7828808808681,6.2422398602873015
8653.0,90.97226892219459,1002.533797364415,6.002817475197744
8654.0,90.90427708406492,1003.1148637788493,5.654191357371008
8655.0,91.28604628944092,1002.7092911249528,5.255881331526812
8656.0,91.57583896532653,1001.9728038341161,4.961730054634575
8657.0,91.48242115940116,1000.9805038228175,4.859770516607239
8658.0,90.68279936848782,999.6238393397198,4.941109380403997
8659.0,89.54960127609935,998.0670850439002,5.151066275567524
8660.0,88.81106712813451,995.3369054756641,5.393609620741453
8661.0,88.62682592994591,992.0680983574252,5.525766089760937
8662.0,88.72402292842271,989.9984069583024,5.5485450420035995
8663.0,88.82215740479862,989.5314408372606,5.522278773215583
8664.0,89.03473983514708,989.1995489034479,5.601277504791314
8665.0,88.89753907396576,986.1816135555825,5.790541835288981
8666.0,87.98152280232235,981.4547411856289,6.014468722336304
8667.0,86.94967780319084,977.3734889271021,6.305332829739153
8668.0,86.46326214878,975.0361531286474,6.52737103857888
8669.0,86.71909686277304,975.4856439012668,6.633057310520061
8670.0,87.68580996140244,977.9446712159121,6.74546872150416
8671.0,88.59501412130705,979.8044167344507,6.857326722667045
8672.0,89.19872399534796,978.7233139733873,6.851305988250003
8673.0,89.53059609682636,975.5936822778543,6.871011379555187
8674.0,90.34609849788885,974.7714550864459,7.0946784998074115
8675.0,90.95296287015462,975.7710585431832,7.480695482097719
8676.0,91.50639938081915,977.2154122198917,7.895706211509805
8677.0,91.978455573492,979.1082131388841,8.189633209232388
8678.0,92.38097876966587,980.9206809530217,8.4301962265392
8679.0,92.45737736040941,981.4469448707173,8.585125084075328
8680.0,92.15312576019264,980.3493665310159,8.617634809463489
8681.0,91.85291703205256,980.3022128117818,8.520804154434723
8682.0,91.61283830014462,981.470019370968,8.370236782436823
8683.0,91.64083542662559,984.4149489327572,8.200210343568884
8684.0,91.97005157535311,987.8100966103506,8.129300211700272
8685.0,92.45773447953026,991.373517770862,8.179021375033345
8686.0,92.94628778190759,993.7283910379118,8.407136957710069
8687.0,93.26340562653382,994.212287093292,8.860899584180743
8688.0,93.72282475129839,993.5984511796269,9.404837186322489
8689.0,94.37197887806178,992.6975993161057,9.896854927609958
8690.0,95.34477087754611,993.6710992401069,10.284407016008588
8691.0,96.65092969565306,996.0433583759012,10.705054314103885
8692.0,97.6997448950467,999.1791860923264,11.19171233363879
8693.0,97.94404383609162,1001.4279911807575,11.757451630865683
8694.0,97.801362523897,1002.8619225206627,12.140124680475148
8695.0,97.82094443132527,1002.4494544676872,12.291208036982887
8696.0,98.41582065425402,1001.4164982565836,12.449166713541029
8697.0,99.45267357209097,1001.5545196038138,12.71312419692305
8698.0,100.70702210222854,1004.015158904579,13.0751307066632
8699.0,102.10276251075018,1008.877063415242,13.34913033555567
8700.0,103.212268884841,1014.3397069773761,13.379188319393
8701.0,103.56544698105526,1018.9919883498183,13.274386877770239
8702.0,103.04774987493893,1021.2037247044276,13.223863732203085
8703.0,102.4421009200744,1021.8885685773063,13.25787887123722
8704.0,101.93616277211666,1022.9254340552303,13.393274244158707
8705.0,101.54002960680502,1024.6914472440683,13.63287842961984
8706.0,101.97910866103376,1026.648340520233,13.909740421803072
8707.0,103.11073578276084,1029.695136334096,14.172153453506885
8708.0,104.090434910784,1033.0608457322685,14.4821537954171
8709.0,104.07295819774332,1036.902499209812,15.028574553237302
8710.0,103.36487348979294,1039.7157936685808,15.792901326603724
8711.0,102.60295328730834,1040.2950393664576,16.517650679144214
8712.0,102.02760283732057,1038.2056881968645,16.937595411961
8713.0,101.02122904315807,1033.4112737184075,17.089690846268482
8714.0,99.6995150677638,1027.5835303442827,17.085154034923487
8715.0,98.64711794096284,1022.6546066853825,17.056258947423313
8716.0,97.98483185594945,1019.3346801510879,17.003376944868617
8717.0,97.90399255188072,1017.1734251548611,16.946243575468774
8718.0,98.28170782566015,1017.0695403155283,16.961791269538416
8719.0,98.7421801493618,1017.8358670838832,17.024401161330047
8720.0,99.18707685958681,1017.6710741043469,17.057134419605422
8721.0,99.63924315197113,1015.5331107386152,17.007982728291076
8722.0,100.0608310482284,1011.0981966875175,16.84498133999044
8723.0,100.22577288984199,1006.0733630144331,16.7893424323496
8724.0,100.34565397657153,1001.6352909561675,16.891834823840707
8725.0,101.4300155307342,998.12171944627,16.92523905599261
8726.0,102.95401147244043,994.6388582457415,16.84701416109087
8727.0,104.19474437318769,990.1715930801421,16.78455036172094
8728.0,104.96861704262926,984.2613479296713,16.9322582356992
8729.0,105.76676231597773,978.2937159554903,17.319023510859353
8730.0,107.35989208346389,973.5674879978899,17.953373090849567
8731.0,109.58216798167105,970.8537730280317,18.665707884166462
8732.0,111.51310748214387,968.0608566348228,19.370206880950477
8733.0,112.24817684807049,964.9707770230109,20.06098324881121
8734.0,112.28943882544205,961.4135906902341,20.59393465148249
8735.0,112.56010295605458,959.4249506137606,21.013187744366498
8736.0,113.47351199239657,960.3646819170816,21.18994830916681
8737.0,114.57425681011102,963.6969240931049,21.15846473184893
8738.0,115.48634987395205,966.7698581964951,21.136705482619945
8739.0,115.95889470987261,967.3947434429595,21.339917079809336
8740.0,116.09758302192616,965.2871510546914,21.694729801238424
8741.0,116.30053896207802,962.1347525024048,21.969731534831517
8742.0,116.94171768856918,961.1360166924951,22.1645429285845
8743.0,118.18836965811154,961.0663870264841,22.357390937481682
8744.0,119.35343520304406,961.395089099198,22.743525721558253
8745.0,120.07897025966943,962.7329508046955,23.161817266030408
8746.0,120.35269303890631,964.2947718062779,23.471703527198578
8747.0,121.26056842995753,966.7975292303524,23.64148303659067
8748.0,122.59406370039851,969.3187827396711,23.759276516522366
8749.0,124.09039496590118,970.9304712557325,23.77972471315573
8750.0,125.50750095034981,971.8477026083158,23.79298356914704
8751.0,126.96619622993717,972.0255698373117,23.836535648620206
8752.0,128.08381505678872,970.876750707761,23.618354106830115
8753.0,128.7041927560562,968.966214842315,23.1027878386424
8754.0,129.15924909899698,968.223742337222,22.411265854699828
8755.0,129.89903151625492,970.8856522013477,21.762795160034432
8756.0,131.48291601866404,974.9734506963468,21.31134275691258
8757.0,132.80798311583715,977.920644378302,21.08840113376725
8758.0,133.59927709618563,977.5684745597632,21.2971633786296
8759.0,134.04548016360943,975.6403040668644,21.902890653947857
8760.0,134.68000763334317,975.7379791111919,22.58864225811104
8761.0,135.776463735976,976.2972542634034,23.475830184803964
8762.0,137.06971946861282,977.2254537257819,24.327030875536
8763.0,138.33566715198626,979.364488889016,24.766996252288205
8764.0,140.02964760846433,981.5395201990486,24.805295780791912
8765.0,142.09305286827453,984.1513173208332,24.603781059538424
8766.0,143.95059615812215,986.7190268772312,24.193871463922093
8767.0,145.74938314261365,989.4415908783824,23.696458588072705
8768.0,147.94879096176805,991.455237808877,23.227969860013776
8769.0,150.33549034167874,992.7886266863394,23.09000364529069
8770.0,152.4143000981402,993.0063860121749,23.342283337289853
8771.0,154.15697852416977,992.2425225440873,23.918099428259556
8772.0,155.35649054006228,991.1306030273493,24.601775981114702
8773.0,155.9967934149218,989.5081786565692,25.091445369967712
8774.0,156.1343596542247,987.354327306035,25.350132517470076
8775.0,156.25225225811621,983.5108852939439,25.48116064082556
8776.0,156.58931101139538,978.6150254854889,25.71996740816392
8777.0,156.97105245271925,974.7909997370762,25.87028085962896
8778.0,157.62061638155453,972.8785140624603,26.00314758138242
8779.0,158.64379685528192,969.8817781784836,26.201723593642086
8780.0,159.98554338799508,966.2398580827611,26.693881728521088
8781.0,160.84972643463576,962.6521960833762,27.290195537763502
8782.0,161.17158433654316,958.8426207731598,27.82640159091843
8783.0,160.76843201538065,954.4666082802491,28.103180525794883
8784.0,159.68290338675126,950.7503514441217,28.091916618692263
8785.0,158.23214341874672,949.4611084835984,28.03011905091267
8786.0,157.0208120543097,949.5564694966358,28.074879757273155
8787.0,156.4964756237844,949.501187800722,28.263065147661354
8788.0,156.90611759210023,947.962577035981,28.428756012710274
8789.0,158.00804980629758,947.5394263715164,28.714501470638478
8790.0,158.9942389409898,948.0204840258481,29.02596071707412
8791.0,159.8649574913369,947.150556249078,29.258194046323364
8792.0,160.78572978523968,943.904767779381,29.101479458385267
8793.0,161.47529564199488,940.0524360945833,28.6639191584172
8794.0,162.0169517100287,937.2014472138906,28.396743677317442
8795.0,162.2577990838957,935.7276194952644,28.484278291715604
8796.0,162.79866190352726,935.0041675808927,28.56651889136211
8797.0,163.93163853817154,933.9717834789899,28.495783072942103
8798.0,165.0587328925941,932.2840918862555,28.366118776697853
8799.0,165.79363497313483,929.7561314859436,28.24875015989541
8800.0,166.18130048425076,928.0310035560897,28.080136506016366
8801.0,166.62795670689633,927.5111644482187,27.741315861706504
8802.0,167.60062824233322,927.5479490531093,27.792232880062564
8803.0,168.9008703007993,927.4239060307698,28.31409956963428
8804.0,170.19090372576804,927.621461364789,28.982314938688045
8805.0,170.84160203843157,927.4470125659767,29.50689831663756
8806.0,170.35221603684403,926.6415764962071,29.80549745193568
8807.0,169.84723621459938,924.9559946871567,30.147226441200996
8808.0,169.67741431448314,923.135748017505,30.581713579011073
8809.0,169.69047107490084,921.4781768421154,30.976851634185337
8810.0,169.8297949463888,919.4199641008026,31.11474856646859
8811.0,170.3308760579169,916.3567080437143,31.129032380690447
8812.0,171.7825695758299,912.4426617735562,31.239029653505046
8813.0,173.9234626920203,908.4787272028865,31.49374047896513
8814.0,175.82831444952575,905.032733665943,31.879907340821077
8815.0,176.97073276152545,902.6976294218509,32.36116877209508
8816.0,177.73408730688266,901.0954027048415,32.74978355258387
8817.0,178.53640314775225,900.772085316716,32.86134621153562
8818.0,179.21302925439562,901.4919489968744,32.810096039775644
8819.0,179.85359304523126,902.460251649786,32.871774996240916
8820.0,180.37577524072785,902.8756736204928,33.164452605148306
8821.0,180.32488296866168,903.3272933732981,33.83089168020242
8822.0,179.67540969053582,904.084305880588,34.7407093977425
8823.0,179.3660206854552,903.8846618103527,35.60546850221124
8824.0,180.162375271925,901.9612757380477,36.146097806163
8825.0,181.82935080444994,898.7044875448802,36.348082676335146
8826.0,183.5037354115876,895.1449178492742,36.24663722914472
8827.0,183.8725374399351,891.5392604938322,36.013246218264065
8828.0,182.97855566990097,887.8901659606989,35.83144679615626
8829.0,181.867013906554,884.7728997088218,35.48885985080235
8830.0,181.72084876780278,882.7939181117107,35.01730687228929
8831.0,182.6227026003106,881.9414908073002,34.7294489951347
8832.0,184.1338134768723,883.1683241160819,34.68012171652629
8833.0,185.96650376129202,886.6776354066652,34.63748033880394
8834.0,187.5666805330521,891.5082925604487,34.51872436707461
8835.0,188.20932597313103,897.6732238047421,34.58586895015653
8836.0,187.81565797088442,904.9657540109177,35.05145361256678
8837.0,187.06899977139634,912.1713233869283,35.497221466592976
8838.0,186.4231886283526,918.6764804417493,35.108590762135066
8839.0,186.35469764586642,925.0802016550953,34.01208321566569
8840.0,186.3106751926189,931.145740664127,32.889016990692305
8841.0,186.42226127103527,936.2431159318327,32.22187162244793
8842.0,187.0764889980374,939.127910394405,32.18341256833647
8843.0,188.57145585684748,941.2706198035452,32.66000360161906
8844.0,190.5865645925603,942.7456378122342,33.19473118364188
8845.0,192.24771127272564,942.3419912872816,33.42467071537774
8846.0,192.8021689876291,941.2782511955345,33.435647040033636
8847.0,192.7782536505612,939.8165354133139,33.59863842170556
8848.0,193.2841894745187,938.4706584394243,34.27370511848752
8849.0,195.0031820787419,936.4303225682929,35.11539612331674
8850.0,197.71500791302094,935.4746600619545,35.597118966143704
8851.0,201.03498242252192,935.8705747430432,35.601669633079446
8852.0,204.45463076552585,936.5698041270468,35.52146351613111
8853.0,207.1224044509699,935.995760788685,35.448331727732025
8854.0,208.84273160474754,935.1644304496481,35.24937073963581
8855.0,209.97756371112672,933.9681589536063,34.95149557820142
8856.0,210.78084760397158,932.5999046822117,34.857938062939326
8857.0,210.8328181677339,932.7648388008971,35.177029912053925
8858.0,211.08926327268946,934.7001085498341,35.78628504610649
8859.0,211.6950478465821,937.9803896352195,36.512788887961314
8860.0,212.39043080047554,940.4697840729096,37.077689510248845
8861.0,213.01635115745057,942.6197782792206,37.35689617427001
8862.0,214.1645248051932,945.2872644818905,37.40957181425206
8863.0,215.3751126668429,949.916203738195,37.48422000267292
8864.0,215.74353239253762,954.63046151871,37.52835272683399
8865.0,214.66803314976062,957.1916918421163,37.328117730404294
8866.0,213.00467525369848,957.1786896660828,36.93624217892675
8867.0,212.44350512273144,956.6344620291133,36.655695062300204
8868.0,213.41674467974843,956.5532515251002,36.82275923879488
8869.0,215.23283066261973,956.0315603127858,37.37189476452204
8870.0,216.97238533410524,954.4431193797502,37.83042469005806
8871.0,218.32134033691509,952.6715121675101,37.891433273939164
8872.0,219.41240242324866,951.6682158800833,37.82991640252458
8873.0,220.57528421622655,951.1757524247422,37.975801834404926
8874.0,221.52941947758737,951.1400775820474,38.3137566256307
8875.0,221.81153346278288,951.3978579703808,38.493683325766284
8876.0,221.4704606744997,950.8017750180436,38.0828542399051
8877.0,221.24325713532355,949.1894116939084,37.28876030282052
8878.0,221.2670681748532,946.8949563782585,36.4887666911337
8879.0,221.6177681871706,944.9934726291101,35.95139313821776
8880.0,222.40330845420937,944.5611903713045,35.68357474474338
8881.0,223.63131579541775,945.233839969001,35.531761692236906
8882.0,224.45427131280402,946.4695835233226,35.20380894775684
8883.0,224.33126453660245,947.0382303306689,34.755617828341414
8884.0,223.96105531707283,946.5831137619674,34.39968845036506
8885.0,223.66673139054927,946.5519646909656,34.228834907135614
8886.0,222.8699111265387,947.9403358079618,34.224795461490515
8887.0,221.33769191214972,949.4820924750894,34.22347578695556
8888.0,219.888222004722,950.4324091805859,34.01143773430411
8889.0,219.5211508663646,952.3196404737812,33.62613003396156
8890.0,220.4540022699423,955.5594182285284,33.25510130946591
8891.0,221.63093310598563,958.7894140356141,32.897710518460656
8892.0,222.3929656789809,960.5261130750168,32.28812496121297
8893.0,222.6888904734358,960.9727530531339,31.440725146776813
8894.0,222.42413402187967,960.3470438712517,30.55873645921849
8895.0,221.6114401377803,959.743673970873,29.975153494854165
8896.0,220.99104901304798,959.8111403342136,29.655019079333684
8897.0,221.25881587238612,960.6893790643087,29.51144498826519
8898.0,222.02795426698214,961.3058002633417,29.375702450140924
8899.0,222.808952231225,961.2782054519126,29.29271136651274
8900.0,223.30008965893063,961.2789204155127,29.30981989750771
8901.0,224.14282903883617,962.7930236918671,29.426410685377864
8902.0,225.00517802979073,965.6899140808839,29.367864553693252
8903.0,225.24034494984758,967.2239583523598,28.870717710496663
8904.0,224.24116958517277,966.9459261572423,28.11748467581191
8905.0,222.51208873528884,965.2484344098389,27.502385243879154
8906.0,220.42107161257192,962.7214438179079,27.000134968080467
8907.0,218.18374853087894,959.3476891630474,26.5530487034622
8908.0,215.4775800642843,956.4260072653847,26.079686501936955
8909.0,212.9092805156573,954.7440778418917,25.537827279791973
8910.0,211.44858963303142,954.1830826125043,25.094242148815624
8911.0,211.10710253743508,953.569465382384,24.775350454494923
8912.0,211.03057607169657,952.252280545659,24.69552096367579
8913.0,210.85580263393513,949.9749797425288,24.767486354720262
8914.0,210.6808049153831,946.6237254821708,24.733009570913904
8915.0,210.5281352239913,942.9970651746731,24.391421653346526
8916.0,210.05075458658305,938.7836284900235,23.74510996917279
8917.0,209.33421543694334,934.1113373328133,23.14294311573347
8918.0,208.63462013395923,929.1315823340365,22.740950048257726
8919.0,208.60149109984897,925.3266895204198,22.5852581409771
8920.0,209.4875088476462,923.7436963973236,22.5313312968522
8921.0,210.89474854688217,924.8001876939406,22.439674346005155
8922.0,212.65903959682575,927.342709280125,22.19757942935972
8923.0,214.32647232181054,928.7159181283638,21.873768324832803
8924.0,215.2464163456692,927.3441569831365,21.449101322674505
8925.0,215.2305223626806,923.6475981811753,20.951772786603424
8926.0,214.26957815318704,918.8038509658574,20.366694415684655
8927.0,212.0682187026226,914.2769648380132,19.716246595221882
8928.0,209.52246367192467,910.8112264386536,19.057937308830063
8929.0,207.81373792618456,908.3353039924345,18.630930068334333
8930.0,207.67292139031716,907.1731173952497,18.582983017874497
8931.0,208.22786826157815,906.9016843664144,18.701904474020424
8932.0,208.0015999489768,907.864170969746,18.622757167601932
8933.0,206.64680255866912,909.7664623041724,18.327417271819826
8934.0,204.8164713581949,911.7215627603108,17.949494705203357
8935.0,203.24925553979375,912.4055067445438,17.663152868174052
8936.0,201.45800787522853,912.1768667023936,17.44320687866277
8937.0,199.5526819630307,912.2221054252603,17.260736307933897
8938.0,197.8893791625097,912.6553804488569,17.18246757317948
8939.0,196.71915218074705,912.6732963859016,17.219140987798276
8940.0,195.76031380222886,912.1968818538115,17.389382388945467
8941.0,194.992497260018,912.0089129889058,17.695870316917244
8942.0,194.20670754361655,912.8821745535516,17.997163082404196
8943.0,193.66912867149165,913.8172398306878,18.19121790554896
8944.0,193.52149100448003,913.6512383320943,18.162727173451017
8945.0,193.74146340075018,912.5867399659033,17.873601263165604
8946.0,193.99788603342756,910.3771246064518,17.61296908324864
8947.0,193.29684861750175,906.9274435518291,17.513974570495208
8948.0,192.53395209115456,901.9187223489886,17.609842032811734
8949.0,192.5585075202358,896.4551951468063,17.74293431005879
8950.0,193.2769957447023,891.7131807093323,17.96143617569477
8951.0,193.84343536718228,887.4101653438099,18.35998811273115
8952.0,194.21285495530148,883.1879370139623,18.934330803648123
8953.0,194.62008493024032,878.9450963967475,19.61286075258972
8954.0,195.41826078061067,875.2182947425594,20.10971860418549
8955.0,196.3221868948538,871.4423656778752,20.199083496354902
8956.0,196.94461415817676,868.3151362134375,19.960426121243934
8957.0,197.3436371366898,865.9713769682984,19.55451886189769
8958.0,197.16886736999598,864.391065495122,19.182329104289686
8959.0,196.72437368828236,863.153927332946,18.960204379451618
8960.0,196.46498557343833,862.2072123449674,18.83239287653025
8961.0,196.86803299075368,861.1499281572501,18.75235775100855
8962.0,197.4327800350925,860.243727955574,18.806525763462744
8963.0,197.7797455315097,859.3351366834493,18.96796285029735
8964.0,198.12500787508736,858.7073254061564,19.057585186020336
8965.0,198.345729098012,857.8967060483316,18.98636612355756
8966.0,198.41489735591333,856.4887359362261,18.896118969272887
8967.0,198.35466970328875,854.6987795691405,19.061049017948978
8968.0,198.73607859862923,852.7635350742827,19.38117339399727
8969.0,199.44092995242832,851.4608575983169,19.545091747324932
8970.0,200.36033594088073,850.6515042641048,19.5056050985462
8971.0,201.45279545481375,850.8940724322607,19.408209094530008
8972.0,202.84242423594839,851.5755380822666,19.485900495800013
8973.0,204.49008322600847,852.359758510881,19.537428812744302
8974.0,205.8100466577583,851.9523338770351,19.407307480508404
8975.0,206.4745687615756,850.3214864422017,19.18377997220981
8976.0,206.02314970675266,848.2817649867733,18.959830344205017
8977.0,205.58904122928732,846.3839958348915,18.707055823860472
8978.0,205.66770335047727,844.883902430637,18.576577551069157
8979.0,206.46906883441798,844.4185446309446,18.653801166721625
8980.0,207.60267524773258,844.9824844897047,18.771914599973698
8981.0,208.7509016600817,844.4089732439587,18.72590020914862
8982.0,209.50159574148302,842.4452019777273,18.579094536272862
8983.0,209.55716431679235,840.846316881599,18.42633371580111
8984.0,209.49899879395844,841.7132373769432,18.15770783107044
8985.0,209.54314156358558,844.3433581945068,17.76170840879236
8986.0,209.6993673716401,847.9548483623012,17.326358964032266
8987.0,209.56362157097251,850.8526146570467,16.843217619834146
8988.0,209.50163540071054,852.2149033338177,16.30776512499876
8989.0,209.4514868458869,851.9236899637499,15.84202810063252
8990.0,209.4817747030282,850.4438030199938,15.635381701016003
8991.0,209.79318462344705,848.6118686175734,15.73913048440329
8992.0,210.65496782711017,847.5264019771112,16.146699850443007
8993.0,211.71814532204604,847.1838150310382,16.645139875048624
8994.0,212.1730538523248,846.128111896758,16.978670154120877
8995.0,211.61020631626687,844.5695099380091,17.096984439803002
8996.0,210.29157935549568,842.9170829876192,17.236605915144704
8997.0,209.1393395226454,843.0181111028993,17.367163582970413
8998.0,208.57002234035764,845.7363224031635,17.361003055723693
8999.0,208.44338534719776,850.16845380334,17.134320002299557
9000.0,208.30889453199848,854.2114971423881,16.768731963080207
9001.0,207.80639086192483,857.494230729726,16.406670307039633
9002.0,206.83267992896518,861.1315075887893,16.250273681350357
9003.0,205.1012511408109,865.3803839452478,16.49254506841413
9004.0,202.9079155061675,869.7755123540315,17.0116859354967
9005.0,201.07908337313566,872.7385332693085,17.560894441486965
9006.0,200.12932460253188,873.6091293243459,17.991894353903504
9007.0,200.02379191675965,871.8330012833604,18.52423678187347
9008.0,200.03610385034872,868.4570978334868,19.12161955764731
9009.0,199.54363359791367,866.2611709683955,19.406687120900664
9010.0,198.78010968755763,865.9495013720767,19.288246464123503
9011.0,198.00186108244588,866.013761170488,19.146851918860328
9012.0,197.37723385052468,865.4654057002593,19.37521642874944
9013.0,196.69583493066244,864.3494354362814,19.963998750778444
9014.0,195.46838281036068,863.1659018635054,20.498285135460176
9015.0,194.1993227511498,863.2512860408586,20.631166593439364
9016.0,193.679081049177,865.5470524263754,20.597289862258638
9017.0,193.94938538866947,868.6738354797002,20.678271881687504
9018.0,194.18976085755395,870.7165347997378,20.77788756774931
9019.0,193.67343167893046,870.6073235616237,20.609116604007717
9020.0,192.4143563710401,869.1685540728594,20.344373269020114
9021.0,190.89662144472996,867.3781050986032,20.27064045693184
9022.0,189.76524661766368,865.4798409740017,20.407708491417072
9023.0,189.18190377162526,864.2687077666599,20.487413144667617
9024.0,188.49611380109994,862.6508112395201,20.570595520969785
9025.0,187.17085110366725,861.4642268132936,20.775293442219905
9026.0,185.7761233634117,860.4777032902722,20.920167764971854
9027.0,184.8661224110613,859.8045011470014,20.779674268339836
9028.0,185.14038403888904,860.0692162058069,20.4224146636309
9029.0,186.57806069897686,861.816281699032,20.307524244407702
9030.0,189.015254926902,864.6321466421989,20.486841657715775
9031.0,191.45683526686776,866.6964306770305,20.62392703453476
9032.0,192.68056524354398,867.4057011708194,20.83039868557959
9033.0,193.07502622493024,866.2548759962823,20.970483881599726
9034.0,193.89492294967118,864.914012381255,21.035366287559118
9035.0,194.80399543214367,864.1585888064615,21.044051686243755
9036.0,195.9507947685954,863.8159092894722,21.10330512320222
9037.0,197.33769576043483,863.2880340091909,21.256399595645014
9038.0,198.16949911981652,862.3058337885732,21.50775689670518
9039.0,197.6755788513676,861.2211091371042,21.710874830669276
9040.0,196.3291459090801,860.8606412853071,21.86904206453626
9041.0,195.2039296921692,862.4274293270098,22.03357375760396
9042.0,195.0209568720922,865.7279959953966,22.262571271763786
9043.0,195.506567627023,869.5313201684033,22.520413269840063
9044.0,195.61533983430405,873.0089883632849,22.839383802045106
9045.0,194.725078137604,876.0663705975219,23.182202551508404
9046.0,192.9306790556163,878.6824856212801,23.439263956737054
9047.0,190.85389067714647,880.2824903376785,23.424553603685606
9048.0,188.9640859103864,880.8670526617966,23.0273300303208
9049.0,188.02100491924753,880.6776957730489,22.412617920871217
9050.0,188.0729128194369,879.7754614235031,21.881053546090943
9051.0,188.56915902740292,878.7815871138653,21.41690584230409
9052.0,188.93646513668082,878.3793363682195,21.03148230860855
9053.0,188.84121893543517,877.7559997990488,20.826446420352024
9054.0,188.58418383570282,876.0082882159951,20.741150525826814
9055.0,188.59589792171155,873.592353511182,20.839830232094364
9056.0,189.49818351302264,870.1494155765819,20.88516725445498
9057.0,190.43772880277163,867.4128290985036,20.742716031655835
9058.0,190.55387005253255,865.1877633962316,20.44793051094544
9059.0,190.35425121062968,863.2272306952952,20.14538626166544
9060.0,190.84912757533664,861.1518825590791,19.810593151735567
9061.0,191.6128287155522,858.619798045782,19.351712871024912
9062.0,191.98622419253567,855.4849781411285,18.779561304570375
9063.0,191.69477828540795,851.1981966096854,18.1274071710659
9064.0,191.05376600484448,846.9862736924181,17.521837672444736
9065.0,190.99114514606114,843.3350711289962,16.980038523370695
9066.0,191.38601348899093,841.1776970255223,16.577507513576133
9067.0,192.14904041469393,839.970650443328,16.31173871876201
9068.0,193.62395665859222,838.6000344056527,16.01309723917971
9069.0,195.1273536043045,836.8089125374862,15.781398133077023
9070.0,196.21228989230687,833.8896090413791,15.65543128719636
9071.0,196.97469035819586,830.9973501717077,15.698544266679324
9072.0,198.4845378007305,828.8547726420408,15.915366695674377
9073.0,200.80961083923938,827.7138781802889,16.115684916811084
9074.0,202.68994347826902,826.4080501407242,16.05551927896921
9075.0,202.97399064180115,824.0132757950039,15.618345258907251
9076.0,202.03723767446576,820.8667780261117,14.898857190858287
9077.0,201.3999477840396,817.0242715624232,14.203459150880336
9078.0,201.8428826715927,812.6436526338587,13.67062500205149
9079.0,202.56815665400043,809.3259098599315,13.260509941732854
9080.0,202.2829438428548,809.4572518128866,12.963964479138337
9081.0,200.78331139088783,811.5365264361433,12.854272546744513
9082.0,199.55253391931163,812.6272418614387,12.935408340777435
9083.0,199.34248160557812,813.4665553160654,13.093403227599024
9084.0,199.31312108533402,815.6574271233684,13.294626696386468
9085.0,199.4814487661886,819.0634006458572,13.387873902754697
9086.0,199.78636506290542,821.1196864139072,13.39039210667494
9087.0,200.25124902091065,820.6439004592502,13.201342749238345
9088.0,200.67041320830958,818.627123434059,12.984045246711325
9089.0,201.64449034899877,816.3677173358195,12.985826942304383
9090.0,202.90502044908135,814.8827717411058,13.212986545075841
9091.0,203.45166425245773,814.3001621794953,13.45585924408441
9092.0,203.114031268864,814.2222694729985,13.603485115776673
9093.0,202.22334777143433,814.161115879625,13.644339362923759
9094.0,201.65031131981988,814.6038568912015,13.72984857748386
9095.0,202.2102673747112,814.5248440252092,14.042039048095972
9096.0,203.97972550039555,814.4516317412571,14.654087462884377
9097.0,206.02009098586407,814.9086444655188,15.369163018592808
9098.0,207.41267364861915,815.0765105711706,15.84829642824577
9099.0,207.37516030908643,814.6165812080361,16.09644393851726
9100.0,206.29804266916474,814.1371125277294,16.32619178290806
9101.0,205.2255888055302,814.1335835592259,16.459700790620257
9102.0,205.02961194755028,813.6832371993036,16.295525677185456
9103.0,205.82757966394544,813.3871675464115,15.869834856176979
9104.0,207.40507214497467,813.8430713703142,15.563311566119141
9105.0,209.30411504040924,816.03752582858,15.424270855987704
9106.0,210.7371753549597,818.3523852787042,15.451178026841822
9107.0,211.28051808863947,820.0385316246883,15.524657671615008
9108.0,211.38753320457138,820.7528160840209,15.754722729592924
9109.0,211.32901330627686,821.0945760663647,16.098226857056588
9110.0,210.71911395255938,821.1488152419386,16.26208229548493
9111.0,210.13180275654776,821.22169688632,15.980898584406791
9112.0,210.00542658643352,821.7481357561952,15.49223013917036
9113.0,210.58739219643326,821.4933610222621,15.089805927452803
9114.0,211.24109502304302,820.6834886371068,14.769179492483762
9115.0,211.58555336109407,820.3713107674051,14.4752547120324
9116.0,212.12550673958452,822.180456925987,14.12191387348225
9117.0,212.13859812286313,825.1613317102872,13.882508014369488
9118.0,210.48810198274145,828.3294615104825,13.852192135595024
9119.0,207.13305649613096,831.0557691638365,14.07785428889902
9120.0,203.89462763447315,833.6582423327403,14.507258793820993
9121.0,202.05584932039582,836.0767640949636,15.13137242314599
9122.0,202.0509927773709,837.3422220042785,15.832677671804468
9123.0,202.82747297017613,837.4932653666809,16.427794218011975
9124.0,203.47803830766566,837.0917111439869,16.771559491259303
9125.0,204.02319238837987,837.5345578774421,16.93147756918403
9126.0,204.35554033430867,839.2017390880249,17.03654583663061
9127.0,204.62207438290528,841.3273061196119,17.11206532906517
9128.0,204.3167839028197,842.0006704669498,17.206630405426758
9129.0,203.82306615538133,840.3110709867556,17.343452464827468
9130.0,203.0918626163739,838.0360871207237,17.594689713546
9131.0,202.73867682800554,836.1045649343021,17.840268746012093
9132.0,202.77019441321568,833.588287068234,17.894098463667557
9133.0,203.43794142778927,831.2531814520501,17.709059851611027
9134.0,204.80446082610266,830.7172460142361,17.481906780014477
9135.0,206.21210755082305,831.0658647733691,17.327127868513426
9136.0,206.7962740240534,830.3770409487817,17.037198571280225
9137.0,205.82927229018162,828.3954921145487,16.796219281492043
9138.0,204.03310251808438,826.6577526440585,16.853624960979886
9139.0,203.01756938566757,824.4328413245938,17.062596736775745
9140.0,202.95410303473133,820.0208150050711,17.13956406481884
9141.0,202.81487234939104,815.0579763120256,17.313915840360384
9142.0,201.6744836181845,810.9731173997534,17.695264901607477
9143.0,199.0600089448693,809.0540858855187,18.167500163705203
9144.0,196.38723479505256,808.1846480823348,18.46486086065322
9145.0,194.19321039194176,807.4200425537229,18.52694873232541
9146.0,192.68286393448108,806.4965817746616,18.44782937636845
9147.0,191.98013262886542,806.3393658346611,18.32295497351977
9148.0,191.65524952441982,806.704580654654,18.38979786048922
9149.0,191.51838792814465,806.1891448874636,18.631779968544798
9150.0,191.51986925937476,805.0586687357137,18.87669059056745
9151.0,191.69054826569794,804.1259887046365,18.893358137731862
9152.0,192.07628874164735,803.4031854147895,18.67756403271247
9153.0,192.40083426158932,801.782988128589,18.44491312304714
9154.0,192.66378354945752,799.7375690876448,18.340744900359965
9155.0,192.20811223123084,798.1279797580725,18.30825386771541
9156.0,191.6911624408402,796.7538234578765,18.154897005769577
9157.0,191.48237081244886,795.9806914188604,17.959407203372646
9158.0,191.8402536177656,796.8362829305477,17.62651553795136
9159.0,192.65445524240397,798.9458624747168,17.28106187570612
9160.0,193.16752949417287,801.8673515294895,16.99202729715214
9161.0,193.27965917753025,803.6097151829962,16.89591848796954
9162.0,193.32292452729487,803.2989631534044,16.84259520552361
9163.0,193.91609089271813,801.4312949699317,16.67649379680769
9164.0,194.9077217104725,800.3406842497135,16.48010566200973
9165.0,196.12238469864806,800.4289835188555,16.343339929632293
9166.0,197.17258057018608,801.9828499083951,16.144895846823744
9167.0,198.11413624391557,803.7593951134104,15.816328718914033
9168.0,199.22057731383092,805.1181107298947,15.520980719696409
9169.0,200.3884807735023,806.1695211439503,15.283565987414423
9170.0,201.2674063763253,806.1361658141303,15.194220326795072
9171.0,201.5091628348071,805.6164651524166,15.212696267480837
9172.0,201.54444106423458,805.3116643951892,15.290074848371402
9173.0,201.88739325953387,806.1979446157327,15.37763787149026
9174.0,202.78097574844938,807.7691636595074,15.471273453314758
9175.0,203.91924137846794,809.3335876008601,15.704714715514502
9176.0,205.39826437095172,809.5634911915425,16.09593449404173
9177.0,206.8373025139349,808.518206124705,16.554081997399223
9178.0,208.16750430172317,807.6196843053173,17.047858480899457
9179.0,209.1966824514156,806.6247902210825,17.446094300644837
9180.0,209.7076943190486,804.9726707848242,17.862114200604307
9181.0,210.0077324904238,803.8515940733629,18.279159484374755
9182.0,210.31198220745287,804.4278132925119,18.56250159494751
9183.0,210.42427970087064,805.3691229520618,18.604874695301184
9184.0,209.94950156815113,807.7971690948198,18.550109625741793
9185.0,209.72698094147017,811.156305283091,18.39098986477863
9186.0,210.26390514990103,815.3120025111668,17.978474298629607
9187.0,211.53057283541744,819.0479709179003,17.56258613236764
9188.0,212.35812901471363,821.8560535927783,17.434671394308086
9189.0,212.07229449212275,822.6781050167732,17.657367744819727
9190.0,211.98842890193464,820.2710165589937,18.133482380309584
9191.0,213.4057441104775,815.662567309307,18.566894377373526
9192.0,215.76289482624244,810.6484751865145,18.864908301710052
9193.0,217.97453938977435,807.2919379876766,19.06988644118377
9194.0,218.86333015027324,806.750900190439,19.070546374046668
9195.0,218.09874472535557,808.6353569087104,18.9216556744187
9196.0,216.40963495968518,810.9293946369027,18.633899667006013
9197.0,215.22864245855405,812.1971994781059,18.281322223442366
9198.0,214.93802452091902,812.8063188946142,17.99423142873664
9199.0,215.29577893179584,813.0268231866202,17.842886483872807
9200.0,215.94242279931981,813.1922813438803,17.91696104784506
9201.0,216.3680116778559,813.2190813962533,18.153466579246018
9202.0,216.60862339761695,812.9015876136411,18.425750271510758
9203.0,216.91513308008177,812.783023738012,18.66214157849461
9204.0,217.2374046851905,813.3230103470714,18.664489642491425
9205.0,217.03250550285506,814.0318214188005,18.312556382906596
9206.0,216.28165344824208,815.0159432660136,17.66557281355316
9207.0,215.67507607388163,815.0021132970563,16.933679792853667
9208.0,215.77826230163114,814.0239519504029,16.511609079821284
9209.0,215.84053924382602,812.3433230804239,16.466831594703358
9210.0,215.41299750461758,810.5689665383603,16.5687868337776
9211.0,215.42011324452872,808.2689438882581,16.491720187800006
9212.0,215.4841073466038,805.9909433918149,16.34602147483497
9213.0,215.20794791805298,804.8790327239545,16.21353292758992
9214.0,214.119284481883,804.9685239327547,16.024650767385623
9215.0,212.46715501830974,806.1546875082014,15.863717603965192
9216.0,210.10900563575404,808.7999421789563,15.748456983268154
9217.0,207.79689058508902,812.4520422226296,15.738533893904052
9218.0,206.6573877399357,816.5930402792043,15.856772615293067
9219.0,206.4583600214151,822.6169926350402,15.945062120053459
9220.0,206.110242207254,829.0204894739672,15.949187526490691
9221.0,205.12537617516963,833.5808132974322,15.956725779919442
9222.0,204.01404694345496,835.2314040551295,16.07158733553086
9223.0,202.92207600028254,835.0144012252158,16.112848522446438
9224.0,201.6648064588975,834.9661653791172,16.000569205062323
9225.0,200.43347006737696,834.3837534579584,15.982179364875238
9226.0,199.7074340553944,833.0192232228419,15.986218488935766
9227.0,199.2083441371484,831.7012383267302,15.963832781690371
9228.0,198.59495929658686,832.6668592068175,15.8369975215306
9229.0,197.55970948057785,835.4094219025,15.858698794431312
9230.0,196.665199445169,838.4016763083755,16.085159574333876
9231.0,196.41582263286787,840.38875514467,16.555780548275433
9232.0,196.18789981202286,841.7608507071595,16.969321985438018
9233.0,195.4047106894523,841.6558537770437,17.18157579201427
9234.0,194.7330467355845,839.2002425512416,17.163545837880996
9235.0,194.57932806582997,836.1018659662527,16.926730177699774
9236.0,195.04144907869187,833.6259653614004,16.40642452272087
9237.0,195.71895841766468,832.5430139997094,15.842537491302991
9238.0,196.42584617641634,831.587649665892,15.596663946840216
9239.0,196.67341744089998,830.3276817282654,15.801475343440439
9240.0,196.47753679532119,828.1797118665526,16.41149571605478
9241.0,195.9689875868442,826.9599923768499,17.077659893257255
9242.0,195.24688979069842,826.7220851520681,17.634278384033443
9243.0,194.54764855970657,827.1795763277497,18.061841256006254
9244.0,194.08867610066946,828.0972001688855,18.394625124587716
9245.0,193.96467539399362,829.3603894943664,18.56447456005028
9246.0,194.42609899860838,831.7601198497681,18.51665695888816
9247.0,195.68795789574142,835.1227086749155,18.41859352854943
9248.0,197.62955227433756,837.63008811468,18.46519216668736
9249.0,199.5046084995766,837.2510299536265,18.602444123113806
9250.0,200.7466186626939,835.5686042521568,18.54640227318263
9251.0,201.18364046529965,834.4886338032862,18.231354292761
9252.0,200.69682851263565,834.0409777852007,17.774397981736357
9253.0,200.1846256372611,833.4848467751422,17.337673554427305
9254.0,199.9335809301009,831.8350986954626,16.976804929176424
9255.0,200.22632504626827,828.8831302992302,16.676892366972012
9256.0,200.99299161722408,825.8785019643078,16.393425286497838
9257.0,201.9329020541203,823.8024464194067,16.306372107126606
9258.0,202.9165005174042,822.5585733051015,16.401051589976596
9259.0,204.53436558209742,820.9945505458261,16.43852774484789
9260.0,205.9922268114985,818.4563825251229,16.252607324659106
9261.0,206.41218546943233,815.6135611304534,15.948829937665906
9262.0,206.01229917282512,813.8777896668254,15.634498116894823
9263.0,205.38075682543231,812.7870486929941,15.250620156113976
9264.0,204.79018357174272,811.8779152719652,14.841212821324483
9265.0,203.92722256502546,811.2107540926687,14.422623042963636
9266.0,202.56375309786347,810.7504806466067,14.2102425004351
9267.0,201.16839360549872,810.4796137895294,14.252240292770324
9268.0,199.9984725467418,809.374108855971,14.368049830493105
9269.0,199.14412471059728,807.3340981426201,14.30838783849042
9270.0,198.73848361866555,804.821633071937,14.099340997495567
9271.0,198.35233010197587,802.2261056659579,13.94464994911296
9272.0,197.80164597461126,799.536617034727,13.919762852505624
9273.0,196.97141128883422,797.0812352262647,13.936060621781222
9274.0,196.20544640882667,794.7314762730776,13.736542126415541
9275.0,196.07353741634867,792.989640965148,13.294124622176593
9276.0,196.39473590557202,792.661184367732,12.789560629300231
9277.0,197.10029038314443,793.3039323058347,12.525666458928947
9278.0,198.02456101295763,793.0164771773672,12.52469412847829
9279.0,198.86367837477934,791.0035138588585,12.64501296269929
9280.0,199.50365169964036,789.2935183764102,12.68192664081572
9281.0,200.13671406178045,789.7472289398501,12.73835267569075
9282.0,200.8976402783021,791.6568541489032,12.974633088211238
9283.0,201.52501457331638,792.6206523538948,13.230771368366051
9284.0,201.63771437447707,792.6820541164404,13.430283719645521
9285.0,201.76313080361814,793.3596821228658,13.545912714158018
9286.0,202.6543211329788,794.9934687656626,13.619769287968065
9287.0,203.97511867704142,796.4749617201064,13.533606816633807
9288.0,204.68902060282298,796.2255121823606,13.29563204006976
9289.0,205.3452748125998,794.0162961450094,13.061685849428793
9290.0,206.61811493805766,790.690199914486,13.065809134862905
9291.0,208.1425893149006,787.3274950507122,13.286554696679474
9292.0,209.03187492198802,784.4932236288063,13.584022556670812
9293.0,208.82114554023144,783.0494122380229,13.896084201568135
9294.0,208.3928058170133,784.1182322172078,14.151108242784977
9295.0,207.77905912415662,787.2013385030566,14.200261925285782
9296.0,206.9551071225099,789.3793821573386,13.891415667449103
9297.0,206.3931685279673,789.2083025917672,13.60377479563661
9298.0,206.28142492125045,788.6511281291237,13.49492000962056
9299.0,205.8960256749694,788.1259602700503,13.620639963972614
9300.0,204.98433622280345,787.207650242841,13.732114807921713
9301.0,203.75817447161435,785.8994079191503,13.799158199984111
9302.0,201.98050570215776,785.1807730525754,13.826325654940563
9303.0,199.82786691163128,785.6228744865906,13.941275433627029
9304.0,197.74955505518517,786.9188871197993,14.08984718252603
9305.0,196.04165809328103,787.9172582417286,14.167572691628303
9306.0,194.65624022563009,788.052200345775,14.239632508634937
9307.0,193.59264415122928,787.0903860881109,14.279441443851633
9308.0,192.94347329960834,785.1026180482856,14.469340248793959
9309.0,192.58941626719601,782.6741780386469,14.725830093385506
9310.0,192.49263703127977,780.9366638962507,15.071637641152904
9311.0,191.5475985012129,780.2015277496254,15.279854452896794
9312.0,190.11028419596195,780.6678811664076,15.37653722333184
9313.0,188.94243619263227,781.3460097162077,15.350907206226626
9314.0,188.17994279595808,782.4023390119245,15.248016277082305
9315.0,187.6826765994386,783.0922559470916,15.31776766271232
9316.0,186.6960882894773,783.2152316027368,15.562570618216608
9317.0,185.08011973619872,782.5137124451758,15.897576681382843
9318.0,183.34970071875858,781.9774951820148,16.133260083131624
9319.0,181.95520748450153,782.322671620803,16.140963600042877
9320.0,181.4754538113602,782.5265013977277,15.93484175287655
9321.0,181.98353699842826,781.9084701527042,15.833124997487403
9322.0,182.80821627890973,780.2169323720741,15.59112686331201
9323.0,183.70621577394414,778.3347956925111,15.393889994093135
9324.0,184.0609403122029,776.4607646181765,15.330997569511968
9325.0,182.8249941790341,774.859651135697,15.190791626290292
9326.0,180.8150075713584,773.8966402655448,14.956457204039568
9327.0,179.2677607518811,774.4349580114856,14.66496325396516
9328.0,178.52050943084748,775.9293042107679,14.42102037670346
9329.0,178.4485155548598,776.7225001951397,14.169832451656763
9330.0,178.65272304003437,777.3401450618234,14.017602493518854
9331.0,178.74562151330682,778.5867057492923,14.00568604976578
9332.0,179.14129230430686,779.8745772586632,14.234055907990848
9333.0,180.228364505588,780.9072780718831,14.565497607483495
9334.0,180.9691237140028,780.224060168879,14.921939007361205
9335.0,180.157920922589,778.2268707080492,15.08926341468781
9336.0,177.71810723012024,775.8015345863103,14.96964880749404
9337.0,174.6755045671635,773.7946819894644,14.693417410168397
9338.0,172.1837087530786,772.7175297282839,14.3583021125791
9339.0,171.27514306039203,772.4924462313778,14.112096452977562
9340.0,172.06363195984972,772.2003537706764,14.13889948585984
9341.0,172.93669071912504,771.6359037057256,14.288633604954809
9342.0,173.52364226881454,770.6597330382837,14.25252630441331
9343.0,174.0614154628157,770.054559635469,13.947527265236547
9344.0,174.83027586894045,768.7978405485279,13.41656154739175
9345.0,175.05925224119687,766.7616165472906,12.82546021785513
9346.0,174.33363093517985,764.3851724884246,12.294611361999909
9347.0,173.63689366033526,762.5860533579461,11.770708804433154
9348.0,173.3118924261184,762.9624834297068,11.427214564130669
9349.0,172.93474049960653,765.4531934072222,11.346552953021671
9350.0,172.5625571319047,769.7100221038389,11.24805895591876
9351.0,172.69480306577992,772.7854512465768,11.155642284440068
9352.0,172.9647861468279,774.3018964821413,11.15206669341984
9353.0,173.12002098046656,774.3996471692942,11.20962830293089
9354.0,173.32389287333055,773.0878796689616,11.179409656436256
9355.0,173.4979575039103,770.8303490000951,10.90437637359335
9356.0,173.3596820918338,769.0981821131708,10.52503367832249
9357.0,172.6432839218796,768.237623540528,10.29507154235169
9358.0,172.11175037711422,767.036301162385,10.18991362047065
9359.0,172.1522305417203,765.6903563032104,10.051574897182736
9360.0,172.36555827640936,764.4475443462991,9.919581487637624
9361.0,172.54797824106865,764.5698364267017,9.829054162287417
9362.0,171.9079257283211,764.3505443661097,9.710342522235065
9363.0,171.39805010553906,764.2158380638942,9.802042576081531
9364.0,172.37671164046887,765.1189620899895,10.20830066646106
9365.0,174.71419480044807,765.2293270649404,10.66014246095977
9366.0,176.55895949040496,764.4086349039752,10.947805651209986
9367.0,177.6060056013097,763.4666873087109,11.060249893581158
9368.0,177.9033430528974,764.5884671339388,10.976126368064063
9369.0,177.82521471956642,766.3135800272356,10.7913895791275
9370.0,177.00515736808543,767.915806286822,10.602393843112791
9371.0,174.7949414796145,769.0522315130452,10.415462449976195
9372.0,172.04820294719036,769.5630393885007,10.167967508272003
9373.0,169.9631317266828,769.1401543413914,9.859687166592655
9374.0,168.93647055152312,769.0083299412804,9.553961269634959
9375.0,168.1721345188632,769.0038336436036,9.513831740811
9376.0,167.2930008903218,768.7670597784042,9.743128595802249
9377.0,166.30321494045378,770.3457103446899,9.947834590753441
9378.0,165.87876662432765,770.8258879140768,10.168406217797823
9379.0,165.58725872452226,771.6582659831023,10.395525674690676
9380.0,165.8836997261489,772.2503772031456,10.448101973138712
9381.0,165.57013897027286,773.3090743904548,10.683143173290684
9382.0,164.79632392293425,775.8638802449691,10.911948127646438
9383.0,164.49428416506694,778.4570618733068,10.791140444265638
9384.0,164.5434596488543,781.2192203384668,10.638210100036147
9385.0,163.43510895321168,783.0372911599563,10.59654696245309
9386.0,162.38261719967622,782.9451839937767,10.480773911037476
9387.0,162.09318200514554,782.9031786836897,10.251138067078022
9388.0,161.87913983968681,782.5672025053509,9.951957131106951
9389.0,160.97606666806337,782.6808576777701,9.815800660437553
9390.0,159.15254385167893,781.6693095599853,9.865435045859579
9391.0,157.2653132905575,778.6640669679879,9.984006854749369
9392.0,155.97634342571513,775.6663376334006,9.979118122624609
9393.0,155.36360120302078,772.8879385073716,9.970286006321441
9394.0,154.9424701702586,770.8863918682034,10.04039491517357
9395.0,154.72053102199922,770.6829611954705,10.066505959788062
9396.0,154.7998747851817,771.7782364577552,10.106617678826492
9397.0,155.40239911200607,773.5463830844855,10.24668979625491
9398.0,155.95524214278504,776.1194514253202,10.52583469415432
9399.0,156.0386690056272,779.3225459564169,10.985159064561424
9400.0,155.86687739106318,780.701365342177,11.449707283245392
9401.0,155.87294624612844,778.4436656199952,11.805561364452839
9402.0,156.10854328050618,774.1749648704,12.04621336423618
9403.0,156.82485551378312,770.0613761254101,12.352341181096856
9404.0,158.03875910873558,765.8487400937702,12.706936943389646
9405.0,159.49386901596097,763.043706317358,13.103393297334904
9406.0,160.78368144335326,761.8003953435167,13.380107383270069
9407.0,161.6947753090686,761.7580299132738,13.37306754332025
9408.0,162.73155282773286,762.8927577175282,13.195669713730114
9409.0,163.68297114725593,765.3937103362551,13.098227541012022
9410.0,163.8954105081512,768.4166736870428,13.277565718745937
9411.0,162.9163112600601,770.9275915555259,13.691555672192447
9412.0,161.56249291031014,772.6060340061257,14.227733615741576
9413.0,160.25647814677237,774.1683071580417,14.667014628184898
9414.0,158.84300729920813,776.1005347763894,14.970814888420511
9415.0,157.3261950086597,776.8717933117097,15.050112206955708
9416.0,156.64762589879976,777.6133648601113,14.927425282542917
9417.0,156.68870100217734,779.3786264439623,14.805057858212175
9418.0,157.0772513125702,781.4329250501529,14.696150685082575
9419.0,157.13350491092052,782.0566488921492,14.49638499552042
9420.0,157.19852717321035,781.5464687536098,14.28494604475761
9421.0,158.00066544677205,781.816605557128,14.115423575385023
9422.0,158.8480196685784,783.4362189114066,14.053729143034335
9423.0,159.53652484495808,786.0874559733916,14.220476372001995
9424.0,160.53378888342203,787.8170374185012,14.419319297937296
9425.0,161.9447766912563,788.2355178589179,14.356690444579971
9426.0,163.30257954176463,788.0201505638855,13.943977642198417
9427.0,163.98198582035585,786.8519792948712,13.479084486318053
9428.0,164.05921772724977,784.1006738716893,13.286553748960602
9429.0,164.0849273081832,780.8989958382484,13.321685405452328
9430.0,164.50780486275218,778.0932695754906,13.23087052442285
9431.0,165.1837328417345,776.3429824229173,12.88703594596324
9432.0,165.6390034794782,775.5328907573339,12.523189805134088
9433.0,165.46117049061183,774.124839633187,12.245431735978128
9434.0,165.1187763479931,771.4395317048802,12.06253884773323
9435.0,165.321073917656,768.114714205997,11.927323051842748
9436.0,165.70842270568434,766.3234261240392,11.846230851856452
9437.0,165.89486728672907,765.619863004667,11.699743630925438
9438.0,166.0360128356343,764.6282958777987,11.41338716770284
9439.0,166.5481887084534,761.8149785359562,10.961370352263762
9440.0,167.58230721133657,758.268456838021,10.600004367803743
9441.0,168.6755443167232,755.3091344695174,10.320471462906884
9442.0,169.16188901074955,752.8357426779147,9.989626245769
9443.0,169.1945146181335,750.9861903341927,9.590686731257891
9444.0,169.15886533707095,749.6424529002327,9.309117358400545
9445.0,169.2150956775313,748.531469947972,9.23562438706934
9446.0,169.31903626630023,747.7045358936659,9.4061513876694
9447.0,169.6883318649668,748.0340040012304,9.769138378445167
9448.0,170.23465511033615,748.6166572035141,10.144824107345402
9449.0,170.25835679890162,747.5607134831857,10.432014094407378
9450.0,169.5870931755625,744.372240493251,10.63227554973202
9451.0,168.53671661814187,739.5873569640305,10.87066748565442
9452.0,167.61920480842196,733.720923075407,11.203976722704956
9453.0,167.15283643047604,728.3487753617351,11.563761589952797
9454.0,166.77825572905803,724.6026575297936,11.796303988103546
9455.0,166.09465758703286,722.3003500673676,11.921195778809741
9456.0,164.90540640250003,720.6919660747684,11.987457029798119
9457.0,163.2742456612948,718.6833832861328,11.879838569678789
9458.0,161.83607807007218,716.7627575149771,11.70498296959607
9459.0,161.3322193404767,714.8225279975211,11.723574875102596
9460.0,161.89467953313167,712.9048965418187,12.028383494416
9461.0,162.7082243429396,709.5478971925105,12.370761822759986
9462.0,162.60154590432845,705.9007960162803,12.591296986841499
9463.0,161.66615836649655,702.7656950700155,12.786809139396336
9464.0,160.38561933509828,701.0673231836549,12.941144231404436
9465.0,159.51185384970807,700.9076311169845,13.032920421511776
9466.0,159.3392539748413,702.2364596252701,13.173594947070773
9467.0,159.6909946850695,705.0002620823916,13.538082673746489
9468.0,160.0134328614434,708.0614807362163,14.027273213590021
9469.0,159.66622430800024,709.3485355008687,14.492066874465666
9470.0,158.64957264893582,708.7950561862353,14.708688242293194
9471.0,157.2266070175518,706.953077241672,14.677818820868508
9472.0,156.07998577291787,704.3644198866981,14.400415433673684
9473.0,155.61338901202163,701.856961959664,14.0646749340884
9474.0,155.48354423950465,700.2759599706202,13.811438978285315
9475.0,155.2017154138038,701.0192050697433,13.891980555339773
9476.0,154.7360936831233,703.8702016287581,14.470705105443999
9477.0,155.20418111057091,706.8730313691226,15.351729140173193
9478.0,156.48499829233296,708.9709996331073,16.2280595737873
9479.0,157.62492870110538,710.1464162877562,16.804672882110093
9480.0,157.77510320151887,709.2273088045519,17.046800176333324
9481.0,157.3933080784621,706.0507625027835,17.02613852600919
9482.0,157.16824011430566,702.0288558327605,16.98872249194884
9483.0,156.9618797445784,698.3204237310692,17.019654373515024
9484.0,156.82222194359454,696.2160048331854,17.075210558253794
9485.0,156.58282329564426,696.9820119657974,17.131975216585737
9486.0,156.6229953355353,700.294766628244,17.40795035538329
9487.0,157.0151647266,704.0627034962478,17.7155038015431
9488.0,157.33620822406874,706.1291291548778,17.877385694036374
9489.0,157.16966177655624,705.9219401519753,17.74453912411556
9490.0,156.67461758883934,704.0068114169279,17.450472751801687
9491.0,156.96147357272466,702.0503462327001,17.174059038921737
9492.0,158.18902894323043,701.3343251254977,16.959304793506522
9493.0,159.76065024693725,702.1463655037456,16.80918181395605
9494.0,161.28578057959587,703.8642625118642,16.558417043028175
9495.0,162.44000578418115,705.7314678400792,16.24629581209636
9496.0,163.17719597992567,706.5329182022865,15.849922705150897
9497.0,163.03487647693387,706.3069515251534,15.553150732627858
9498.0,161.90674368644534,705.3807885532535,15.35791656640013
9499.0,159.97444170478414,704.0608721083412,15.350531470083684
9500.0,158.93639050352536,703.1647209853257,15.457837045366448
9501.0,159.33737391592933,702.5738466573343,15.684351291065918
9502.0,160.78030273483927,701.6276635403271,15.879161022822249
9503.0,162.3331819087357,700.6775100234391,15.902572208516585
9504.0,163.3790784197838,700.8373860727556,15.689403675399337
9505.0,163.76961549679507,702.3185179512285,15.319781296582608
9506.0,163.89662774019197,704.3397656297001,14.989827814566011
9507.0,164.28944700948026,705.4623668980657,14.690960892037946
9508.0,164.75145649864834,706.2798183076243,14.495538315636436
9509.0,165.1567238931586,707.3270233970713,14.418836819845922
9510.0,165.18288612786833,708.0044238285903,14.56803643868648
9511.0,165.36868255458327,708.7924151667377,14.800965844901475
9512.0,166.31859309361272,709.8155488515505,15.129505636808911
9513.0,167.34289329232993,711.2250897223815,15.515508294728999
9514.0,167.3319779822979,712.9332525200352,15.703712113401902
9515.0,166.95716522940936,715.120062421757,15.469966348732598
9516.0,167.26924888873864,718.3958536699053,14.971189662807864
9517.0,168.44596166642677,721.6879189286551,14.524346315610561
9518.0,169.62537463262007,722.9418792069171,14.261561082812204
9519.0,170.65114379074038,721.6533466650326,14.272812660611264
9520.0,171.92324460325526,719.298079800473,14.406506105013122
9521.0,173.50792769318466,716.9104348580586,14.55602848266605
9522.0,175.8225153571604,714.2506243182527,14.639800241556657
9523.0,178.30753949580455,711.0561102191078,14.732611757341402
9524.0,180.01245265435938,707.9327262449672,14.750694276713826
9525.0,180.24753096193393,705.1114384924477,14.7023551065996
9526.0,179.93300885247746,703.4191828813089,14.596814878675952
9527.0,180.25807614269954,702.1651363140015,14.739012601472309
9528.0,180.99131559951573,701.3197602361574,15.038081264712249
9529.0,181.30151685866556,700.4134644070806,15.380530770331921
9530.0,181.16345732989421,699.3990354744855,15.719893501893766
9531.0,180.66491494428521,698.0950212645571,15.969115877979263
9532.0,179.75661785859685,695.8739973820641,16.088873151510935
9533.0,178.78441812336453,693.3070079326693,16.071395548488542
9534.0,178.0722456591511,690.7644430534602,15.96421690911565
9535.0,178.05751324417608,689.0077204887671,15.61358369270756
9536.0,177.96358221190874,688.3154265269166,15.326863021237212
9537.0,177.06851505604834,689.2640412348501,15.167083827595523
9538.0,175.919689494784,690.8279511969737,15.26147777468234
9539.0,175.7037694323011,692.7380914226994,15.544451409641754
9540.0,176.24619149552063,694.8572112072427,16.01111232876544
9541.0,176.97194121126248,696.6817226787031,16.313397810732564
9542.0,177.3011067061677,698.4054221094543,16.192598453927783
9543.0,177.53120804349575,700.2183470340456,15.767898457524943
9544.0,177.72047590706123,701.6963927098384,15.323170972406485
9545.0,177.82615351269726,701.5014908202626,15.128465791229123
9546.0,177.90059302619036,700.2739742089375,14.986543192343575
9547.0,178.20494037654302,698.4672439465429,14.906615912517516
9548.0,179.33589011588663,696.0618373570205,14.76116017317178
9549.0,180.59167850297058,693.2243424569699,14.74331068086361
9550.0,181.42892967783806,691.5302803793647,14.82174617958441
9551.0,181.62687592746843,691.9615467940375,15.016614148789419
9552.0,181.59680508360736,693.9234549818436,15.031929533618497
9553.0,181.36892561435653,696.5064468364976,14.78530541272225
9554.0,181.37912267980838,698.874028732616,14.494146780642769
9555.0,181.3517182787305,700.0895313487614,14.247928343084697
9556.0,181.29002508178644,699.5194103212242,14.06012282546998
9557.0,181.32976581568585,697.5631523722716,13.813896057025001
9558.0,181.25774373870416,694.8540696087877,13.551969027366008
9559.0,181.2712494643334,690.7937860854594,13.36089839937431
9560.0,181.68457997728504,686.0562467051793,13.270642962058995
9561.0,182.754435865166,681.9868879488209,13.23431473656605
9562.0,184.20273906683315,679.9374702488813,13.14450766176025
9563.0,185.2849718173351,679.8918376528969,12.972266373094627
9564.0,185.27578877040037,680.9334072320506,12.627046487964027
9565.0,184.17275944944066,681.9149976716749,12.275160826487353
9566.0,182.55673717555638,681.3827162123707,11.971888773341393
9567.0,181.01327958738273,679.290377038288,11.74270794786171
9568.0,179.7941085974295,675.4869754120954,11.574215347473022
9569.0,179.2550100115912,671.283154675296,11.495841779727387
9570.0,179.5508313010461,667.0259887707499,11.543013656551189
9571.0,179.98217043801387,662.8108258760923,11.566392271430807
9572.0,179.98318225480156,658.5382414338001,11.418380134421797
9573.0,179.74139093501094,655.3689697586916,11.132041669935674
9574.0,179.5485439867306,654.6045043224856,10.847414755901475
9575.0,179.08930798067414,655.0876064222741,10.64133686007844
9576.0,177.94222956915138,656.3293550468775,10.456067942579985
9577.0,176.79269356164664,657.9861053292034,10.21792231285225
9578.0,176.45558978645158,660.3643309222207,9.94355492147048
9579.0,176.29286450864464,662.5642950691705,9.685508121594012
9580.0,175.15661388543313,664.2047794972781,9.479595344693523
9581.0,172.89246170759796,665.1254751235109,9.371120296559674
9582.0,170.4272375065332,665.5734067056484,9.346972799504524
9583.0,168.64137173987254,665.0858900847846,9.284308271525365
9584.0,167.84285037255682,663.5669297356945,9.07128740742084
9585.0,167.66779294689485,661.4592088017336,8.757063025891588
9586.0,167.74265776374023,658.5763798238137,8.535284252275975
9587.0,167.50181875526548,656.0262807478399,8.56808828062209
9588.0,167.26542506254458,654.9495462712015,8.695219448373061
9589.0,167.61426279862516,655.6661016546907,8.778073920464102
9590.0,168.03945559285117,656.6658115415133,8.79543301633282
9591.0,167.9301159331447,657.4590907465988,8.814872583401714
9592.0,167.55341027441838,657.9745120459122,8.81825291882175
9593.0,167.42170597693294,657.9450691155473,8.944171109166103
9594.0,167.9695422410871,657.1081748231137,9.18552981754321
9595.0,168.99845638352483,656.1307337354981,9.412445443246812
9596.0,170.4144819212983,655.3077273783798,9.430204355315887
9597.0,171.82789199010188,654.1417527241207,9.362531172502623
9598.0,172.97420335221236,651.630138240487,9.436252223960755
9599.0,173.83332776827558,647.5233474439777,9.571330580670024
9600.0,174.70649648697542,642.1153207532304,9.63976813696576
9601.0,175.5526975218334,636.4913549210925,9.714063303151423
9602.0,177.15672557055225,632.8993906481683,9.818313752203698
9603.0,179.68197276659527,631.6010475923123,9.90892210016352
9604.0,182.24916435095793,631.0817736382811,9.872857702945952
9605.0,184.22696285964523,631.086854690939,9.800865673033565
9606.0,185.6923807168087,631.4647905017957,9.84470507370529
9607.0,186.9162933403716,631.4511686668978,10.07790433559511
9608.0,187.4263668192025,630.6841905709022,10.3575512461261
9609.0,187.55069192705565,629.6974253080126,10.49300527567954
9610.0,187.96355461659562,628.6752912781477,10.42892424884025
9611.0,188.71428306006482,628.0470898769032,10.222552526328927
9612.0,188.85663332164162,626.7611153661181,10.215993286885562
9613.0,188.89325476825812,625.3503580865582,10.455294871516225
9614.0,189.73575986214658,625.5431859691411,10.690071833230299
9615.0,191.55106462457462,626.9382118405737,10.763154754033573
9616.0,193.33792924729303,628.6479861426617,10.875938556056063
9617.0,194.26111980946706,629.9512648590171,11.245185928148063
9618.0,194.3861150538573,630.1940672245624,11.721792012903473
9619.0,194.7993245368342,629.6920075741529,12.005868315549161
9620.0,195.4109760035458,628.6463032538564,12.185682964416056
9621.0,195.75603832220636,627.4211973476746,12.408140246261759
9622.0,195.96675588977635,626.2133498161825,12.755001102240513
9623.0,196.3314553325527,625.2213245903612,13.035163553822004
9624.0,197.45366891945835,624.6369297433253,13.116982953514755
9625.0,199.1249375815184,624.025009539435,12.979600837528118
9626.0,200.15592582291498,622.6953939096214,12.723489784740012
9627.0,200.45616765511937,620.9008637985875,12.5794535090614
9628.0,200.2306728403997,620.8728040882309,12.675313343502797
9629.0,199.72115851848437,623.8541621597096,12.86283979461442
9630.0,199.01894975683408,628.7091759248837,12.929618346550624
9631.0,197.82932247013713,632.4262400255923,12.835123502909683
9632.0,196.57737466086076,633.0744435469421,12.592403409051075
9633.0,195.57987705335478,630.9842166713487,12.331034600952142
9634.0,195.2900035854152,628.1990691742162,12.158187289836192
9635.0,195.60277338566172,626.1838715904424,12.208436275920997
9636.0,196.1175686253031,624.3662722258522,12.383469033535624
9637.0,196.97219610726515,623.5117774788413,12.557576869989123
9638.0,198.38062341541996,623.4964573455138,12.580548557267612
9639.0,200.02626949110223,623.9857737961084,12.469800083233366
9640.0,201.4000136328135,623.3155829362406,12.40563452319669
9641.0,202.51789804326359,620.8224058458425,12.454726300672686
9642.0,203.04817928749623,617.3164212359503,12.431234965558923
9643.0,203.43742424567174,614.4016857353159,12.333580049486484
9644.0,203.82391361889424,612.9502700980562,12.34637237161506
9645.0,204.47157372110962,611.9724576160213,12.433787984222981
9646.0,205.20607365924528,611.0582133203171,12.494037708422173
9647.0,205.39651475801804,610.6985778997383,12.515565746263704
9648.0,205.0779687130901,612.402428943562,12.572996269049254
9649.0,204.79690240288184,615.265453153116,12.567948773075484
9650.0,205.38126844643145,616.6065994907107,12.41780918943744
9651.0,206.3412312611812,615.5927355859027,12.163205886209441
9652.0,206.45516990407822,614.4424260375397,12.039199690629902
9653.0,205.43435466610748,614.3582857288789,12.090079206739974
9654.0,204.2361997451761,614.6786635189618,12.236853119250675
9655.0,203.55424793139753,614.5304690461865,12.48536995937449
9656.0,203.46260946758534,613.3475986468803,12.73089538352628
9657.0,203.8260368539493,612.6090482092582,12.872705725495196
9658.0,204.69753962597798,611.773814610263,12.773850915351002
9659.0,205.47159200565372,609.7694296997875,12.534068138714987
9660.0,206.0581370029876,607.3129147376756,12.147568566443887
9661.0,206.2799616722791,607.1258364922325,11.78360758511244
9662.0,206.0530795772198,608.7917031293281,11.54085240343266
9663.0,205.16155994134388,609.3560040135541,11.540248188371047
9664.0,203.72100166202304,607.7497903917946,11.67861325962993
9665.0,202.88133144183445,606.2776093962907,11.952431597850634
9666.0,203.1442710254151,606.8201763113066,12.249105766320064
9667.0,203.89595617039166,608.1760979097721,12.397725287169738
9668.0,204.5517054362453,608.933526960194,12.493105062363343
9669.0,204.76525173267888,610.0357570417359,12.637124036857957
9670.0,204.57166229525342,612.9867072367932,12.874434412216363
9671.0,204.32733296833166,616.0622469079136,13.049406161278593
9672.0,204.4548626915317,617.1902460307996,13.053758666822043
9673.0,205.04023495738318,616.5165838849091,12.800359891412084
9674.0,206.11279653077366,616.0004605488022,12.471998107189423
9675.0,207.42296388294577,615.9072122950859,12.371912047306951
9676.0,209.34132410507513,615.8181034002564,12.534305130769843
9677.0,211.11791264256786,616.4076724915992,12.8158948669773
9678.0,211.8087035812958,617.6244940781555,13.160193214527764
9679.0,211.86326843459887,619.0315528884249,13.415914034375328
9680.0,212.16200235836763,619.5102422117927,13.680347514033345
9681.0,213.53203031757374,620.101860498254,14.051430979048344
9682.0,215.3041156019111,621.4621622385404,14.378864022621508
9683.0,216.78155884815317,622.3777687237501,14.552807609410493
9684.0,217.72636883002767,622.564871073225,14.65173589987396
9685.0,218.8257179445155,621.8153147570025,14.820370256507559
9686.0,220.20607811584824,622.1523789884642,15.082413272484557
9687.0,222.28686061592853,622.8082848225799,15.310637720161
9688.0,224.97266573023083,622.518310915394,15.463027489083586
9689.0,226.93978542718057,621.5918364429666,15.55584995107206
9690.0,227.87758951101438,621.1711211567709,15.645755657515993
9691.0,228.80965962382962,621.4654897849797,15.87181154807141
9692.0,230.24349691365867,621.4294835533891,16.145312202041623
9693.0,232.3231725939754,619.9560767364992,16.40399132489649
9694.0,234.98587030522629,617.7630202246306,16.650146466772807
9695.0,237.52225197763818,615.7067564955274,16.647530832004414
9696.0,239.74272891991524,614.2903926076439,16.609011008590397
9697.0,241.51622344684426,613.6222014812093,16.8222200560404
9698.0,242.61872793012043,613.832433539087,17.254587625887073
9699.0,244.13078072423764,615.2721494063064,17.430366651957286
9700.0,246.12640851225228,618.0588784296684,17.255505060524648
9701.0,248.54349381127503,621.660138830637,17.05981516114547
9702.0,251.49573156682737,624.2256574912199,16.927791166996094
9703.0,254.26337122704408,625.1391772472599,16.821395502599092
9704.0,256.7767467025995,625.1473551843965,16.806507637407847
9705.0,259.1290130228347,625.3499069602481,16.916764887000248
9706.0,260.98947507925294,626.214898818539,16.799653930416852
9707.0,261.78752078193463,627.6221369868277,16.513398020590806
9708.0,261.92531194275983,629.3805253195538,16.17357381169924
9709.0,261.53949716350314,630.4300261162673,15.938300317010407
9710.0,261.39967596138246,630.1024622542641,15.67131202392064
9711.0,261.6639827952085,628.8650851475682,15.548567172839121
9712.0,261.8768634992302,627.2611874962598,15.512852989086968
9713.0,261.40028096302933,626.0975279044093,15.535177247325967
9714.0,260.4128595638501,625.840790081143,15.69096838277929
9715.0,259.43472064197124,626.4524924145084,15.65249547839931
9716.0,258.1708341817656,627.819238592213,15.42421932887664
9717.0,257.1715305381178,630.1673321033919,15.113256641462927
9718.0,255.6839814273307,632.6438601036872,15.052309916549422
9719.0,253.84556573420363,635.1369213858137,15.186471670030464
9720.0,252.30775595140693,637.6464878008018,15.740656804634114
9721.0,251.1212394838525,640.01792890683,16.528598578957922
9722.0,249.9521076747416,641.6115100058544,17.015791980409652
9723.0,248.97960706638256,641.435740606775,17.071952461228925
9724.0,248.44214422942485,639.4346134760897,16.92887226815636
9725.0,247.4834109783661,637.0675461132208,16.86831994166236
9726.0,246.35841922273252,635.0167925240326,16.867720309510982
9727.0,245.626984802375,633.0978349109741,16.925758661911434
9728.0,245.73691799880348,632.1767221940627,16.929582597894758
9729.0,245.81057531368515,633.1978082598893,16.960406009411827
9730.0,245.18936258443892,635.1851023277774,17.02944837136205
9731.0,244.21302630445985,636.9455443759562,17.22075214734815
9732.0,243.61773246632671,637.9797931986611,17.383860086238926
9733.0,244.00091405582856,638.769151788136,17.320421341667863
9734.0,245.19396308026387,639.5516052917421,17.117020098456642
9735.0,246.43520941709485,639.7546494250238,17.148229425509886
9736.0,246.78910471857714,638.8267133419636,17.497721993875626
9737.0,246.57002845269935,637.6925446356765,17.71989370179017
9738.0,246.15279525317357,637.1671604445153,17.61545836582457
9739.0,245.58927510116226,637.2538535882676,17.36463056723744
9740.0,245.0001680294031,637.3001022389241,17.14146619719615
9741.0,244.63420577955526,636.6344540455732,16.889712256584442
9742.0,244.71336926541971,634.5326550202758,16.669139888681638
9743.0,244.74982706079263,632.7667119595295,16.46551238665242
9744.0,244.77928650742342,632.7784553063545,16.358925544196257
9745.0,245.3704016338237,633.6641929519338,16.3360262287321
9746.0,246.16819544145358,633.785380062919,16.34233865158622
9747.0,246.86002134133213,633.4774661489731,16.291829495701823
9748.0,247.80769014881207,633.9049558204981,16.19696028377077
9749.0,248.93733384483377,634.532955788095,15.840235387627663
9750.0,249.84021696455082,635.4069831476419,15.279503744324337
9751.0,249.94010053603603,637.0065546369659,14.862798815527603
9752.0,250.30184125299306,639.5143970953873,14.700278871246834
9753.0,250.64012374843864,641.3155883193429,14.561417468581652
9754.0,250.7455768959082,640.12330737728,14.275468523178809
9755.0,250.77528192110108,636.3249123662556,14.063442990808035
9756.0,251.40060281807038,631.900105172703,14.025676337962043
9757.0,252.84430032535641,627.7353563383268,13.944076597708849
9758.0,254.3755496797885,624.2744431953856,13.74347768163491
9759.0,256.43117211941484,621.3616255761517,13.552461957906258
9760.0,258.6274278437822,618.1215570535144,13.56174058999346
9761.0,260.93367520154175,615.3486826574974,13.560594654375414
9762.0,262.0887982187694,612.9857074862103,13.419662632684492
9763.0,261.8066690128281,610.1820885327569,13.160598504075367
9764.0,261.07297910061345,606.3827947677779,12.851364255912001
9765.0,261.8066466838201,603.559728727294,12.499783937861222
9766.0,264.12664329478116,602.8508824576379,12.259606162493762
9767.0,267.51861234865436,602.623033287607,12.284501919368145
9768.0,270.7864057166915,600.9308642168265,12.387911203390532
9769.0,272.9695229953377,598.1843887961735,12.365558869700514
9770.0,274.4552344541241,595.910702553842,12.158811864082464
9771.0,275.96699159888817,594.8045747867419,11.808300777965474
9772.0,277.6207877431097,593.6338384150766,11.34047146655072
9773.0,278.8154905792271,591.230070512338,10.95159336892949
9774.0,279.614530519628,588.2824045193452,10.724421929738341
9775.0,280.3344897342347,585.9335576099178,10.498892151760359
9776.0,281.1352041181769,584.6157626232862,10.13505236346409
9777.0,282.2862112993951,583.7203570212693,9.810664749711723
9778.0,284.2353710103141,582.4365655684019,9.609593036308608
9779.0,286.3043486789135,581.6924682096343,9.503838589262529
9780.0,288.3070603266997,582.2715687193856,9.422674749762752
9781.0,289.71862750028413,583.4166256399947,9.294312125494205
9782.0,289.51877646184676,583.0769512359055,9.125573449838088
9783.0,287.6607518899845,580.3027190535182,9.052368598894393
9784.0,285.56206414751813,576.6990583732165,9.30975065229456
9785.0,284.20140394490346,574.2195402546714,9.83953945988816
9786.0,283.3548857297485,573.7467168037125,10.279732932029107
9787.0,283.2316996645313,575.3475715742072,10.35185638403741
9788.0,283.1182647856094,579.1081708684623,10.268345028148222
9789.0,283.040767641564,583.512572245704,10.226705565793086
9790.0,283.30668201954387,587.5318318928871,10.249567097560139
9791.0,283.3977603705112,590.972036833584,10.353717815364421
9792.0,282.9119250033994,594.4289972201116,10.522695820770249
9793.0,282.09153709662155,597.1564205711626,10.699380617425193
9794.0,281.2802463857582,598.7794592072668,10.769161745928011
9795.0,280.5126729724778,599.3014743356188,10.69664356199597
9796.0,279.16274291424287,598.6159688769222,10.547907798303234
9797.0,277.16515170817956,597.165738353314,10.38209976198503
9798.0,275.87423324447184,596.014498963291,10.222410567915222
9799.0,276.2107169234557,597.1281969076767,10.160075606410023
9800.0,278.53744156005865,600.7163613191175,10.235342097809294
9801.0,280.5973507972034,604.6413798175967,10.348286245387552
9802.0,281.37153454686245,606.8551793619229,10.39961024625273
9803.0,281.0581632910566,607.4839813043695,10.354460735734344
9804.0,280.9382448053805,607.3196646712237,10.17572690101991
9805.0,281.2970304585528,606.3221920858215,9.83287682441175
9806.0,282.4950446314033,604.9949993686453,9.542496736504376
9807.0,284.19695742393236,603.6553903164363,9.376002551030293
9808.0,286.42564890125203,602.5569896406955,9.216332702369822
9809.0,288.8333720049964,601.6227771321601,9.106868295687793
9810.0,291.3372923491418,601.0059040706816,9.172336430269173
9811.0,294.1995078539353,601.4902375742505,9.234599111966823
9812.0,296.25818851961054,602.909636324055,9.155298737632657
9813.0,296.9094431976907,604.1412555354964,8.9466641946843
9814.0,296.36327114138163,603.966970497316,8.722531689145562
9815.0,295.8325032554935,602.9476935075456,8.671896571606727
9816.0,295.6702806444021,601.6565119443775,8.714222820189063
9817.0,295.48342938682913,601.0312567163018,8.771648290533859
9818.0,295.48046487042484,601.7861319438362,8.661791521115308
9819.0,295.8523266804004,604.5107076862564,8.396436836885938
9820.0,296.83443423728113,608.2788680483593,8.301802156336736
9821.0,297.870457637776,612.2482064147861,8.525329561598891
9822.0,298.669402901995,615.5913913189977,8.92058118144964
9823.0,298.9641740269803,616.4248031295899,9.325153497712645
9824.0,298.51712110300997,615.7428496603391,9.553094463760964
9825.0,297.7335103580264,613.8191132352185,9.605375666441402
9826.0,297.298601106883,611.754736882426,9.664674434755401
9827.0,296.991233645609,609.6659895170741,9.77849361159889
9828.0,296.5014705978301,608.9669158156604,9.88135975810752
9829.0,296.0387401503349,610.6534169766027,9.923257652462468
9830.0,295.7827501619611,615.3049699082634,9.985374187676634
9831.0,296.39974095281684,622.1161613071729,10.102361706019988
9832.0,297.606490505727,629.2490799268576,10.25470985491981
9833.0,297.9497082934633,634.925975622861,10.423794937823256
9834.0,296.9963650949629,636.6455565097203,10.718984328195999
9835.0,295.8361716363855,635.8375147285352,11.192698981243758
9836.0,295.87430811460735,634.384058238407,11.517952153453939
9837.0,297.1607651956885,632.8401793479621,11.660345118262562
9838.0,298.35023233380235,631.036359090239,11.803949078652504
9839.0,298.59637651542806,629.3617168914144,12.00510229694724
9840.0,297.8357160916479,628.4970305516333,12.136236687909836
9841.0,297.2453677373243,628.0780123609559,12.10068857169936
9842.0,296.70716743556585,627.9213096655013,12.111534367362479
9843.0,296.0725638874606,627.9155337272465,12.202620900624998
9844.0,295.5105201793216,628.8199716037174,12.265544578178003
9845.0,295.0370997898018,630.8534397986083,12.121747039104402
9846.0,294.8172295692354,633.0600892945595,11.861502926597693
9847.0,295.0475374416197,633.6568259346401,11.692127237087574
9848.0,295.4473968923539,633.9950470273635,11.588655119721505
9849.0,295.7642065191479,635.2904224671106,11.524668533712049
9850.0,295.942746239481,636.4832630678208,11.551667897923782
9851.0,296.34538687939283,636.7955665927225,11.68296134712548
9852.0,296.98976639288446,637.5087787266918,11.857031864764892
9853.0,298.30422173960164,638.2143518602497,12.028452442251282
9854.0,300.40886663554136,637.9058972418089,12.273029823771864
9855.0,302.2088530607364,636.6962371751563,12.593572976432
9856.0,302.9180206176885,634.9281088651105,12.7440298630523
9857.0,302.8650769275083,632.6180414155685,12.624265706750634
9858.0,302.7012646249389,630.0533338871315,12.30165694343524
9859.0,303.2396830401645,627.6475253334198,11.99071166546449
9860.0,304.3773160987213,625.7934421604679,11.726208124844419
9861.0,306.2252575997641,624.8410966014002,11.573188415410767
9862.0,308.9847740888283,624.813508913646,11.491085327598118
9863.0,311.8123182472039,624.8258091386742,11.572362847597056
9864.0,313.33379380834225,624.0367853991918,11.828260552839868
9865.0,312.8192822521305,623.058343359196,12.254515275999202
9866.0,311.2438310769215,622.6022126756833,12.692429776885323
9867.0,309.8873015565408,623.2799121122963,12.924251629793511
9868.0,308.665899345878,624.9531443782126,12.800517814184076
9869.0,307.3106797142076,627.3225076170742,12.45171684432294
9870.0,306.1032489345198,630.4312393530796,12.111846539993309
9871.0,305.2317217015181,634.0743782728056,11.901175650840964
9872.0,305.03955094054226,637.9843664677528,11.855668109348967
9873.0,305.9090266113219,640.6620646200696,11.859183470120911
9874.0,307.47930064669134,642.163338406451,11.903443110681422
9875.0,308.9005001842111,643.3118478405617,11.940311000209759
9876.0,310.0947110731693,644.2794626883649,11.930609443542245
9877.0,311.29498892913915,644.8512796208685,11.887336355654789
9878.0,312.3297002881033,646.3672771135426,11.742249314315833
9879.0,312.1299311059205,649.4531015547152,11.61000751333213
9880.0,311.10939371171776,652.5958398533847,11.536455576543073
9881.0,310.1697402081322,654.1945686329345,11.454116384576162
9882.0,309.9694486414566,653.7465006391344,11.31031986610761
9883.0,310.0957440476674,653.2619294368965,11.212806925924763
9884.0,310.72622741399516,653.8340418183552,11.225579732259737
9885.0,312.06292796197266,654.7808865189832,11.280026903854518
9886.0,314.0383417957065,654.3251791253057,11.259989147261932
9887.0,316.3331292972805,653.4334200381516,11.18149687238272
9888.0,317.59586339790707,654.6807930316687,11.070286391071921
9889.0,317.6658201697604,657.9731720376304,10.985307483298264
9890.0,317.1019084787918,660.9294577501167,11.065253502487856
9891.0,317.2178136111878,661.3535270702687,11.318488988620365
9892.0,317.8079952005076,660.2217192484001,11.607758569378566
9893.0,319.02848326388283,657.7436372660533,11.863676085976564
9894.0,321.02527465055533,654.9455170757413,12.11152726783104
9895.0,323.13360025981086,652.5023960935896,12.298507875852122
9896.0,324.9030479250172,650.7970430858918,12.372797526601538
9897.0,326.1800384191161,650.2281869729359,12.344308135354497
9898.0,327.78517312801785,650.9760340395395,12.192901331395591
9899.0,329.6250397474516,652.5209213364597,11.960706385702178
9900.0,330.9341657548799,654.0609983807334,11.704786795679846
9901.0,331.5929876226982,655.6490312846062,11.62181076463729
9902.0,331.7777842226849,657.4557071691987,11.777068325770221
9903.0,331.3111781993546,658.7548434418317,12.109410099429374
9904.0,330.8292642265276,659.0990847305854,12.394590984734467
9905.0,330.79630746397913,658.8172317995939,12.381224496120815
9906.0,331.59036506762703,657.4603774108564,12.091783452812672
9907.0,333.107237727218,655.7410115217843,11.761973363030224
9908.0,334.5395691292275,654.9587010670185,11.509109715862095
9909.0,335.06209773629035,655.4569845798421,11.265173796059711
9910.0,334.89582418332236,657.155643920826,11.13666683331696
9911.0,334.50880168730805,659.0167593651703,11.21989720093225
9912.0,334.2196152112806,660.772066020047,11.377214539440782
9913.0,334.4059720280515,661.3949924512168,11.403837769379333
9914.0,334.5876647930886,660.7263866166621,11.341246827197633
9915.0,334.1708498927607,659.263086902161,11.198278848050704
9916.0,333.2081330311901,658.6043360862371,10.885576139369121
9917.0,332.1706975892485,658.9357416236898,10.371024723688851
9918.0,331.38436538637995,659.8016779672214,9.807489584255968
9919.0,330.51264506644543,660.9588516885824,9.34009683111184
9920.0,329.9749469866775,662.470431153151,8.986622874461123
9921.0,330.1037091225409,664.1981009137668,8.752342737733938
9922.0,331.1112304092317,665.9282460944805,8.604784870922648
9923.0,332.49532945381395,668.0092374573477,8.515386807418146
9924.0,333.6158484518976,669.970147845796,8.410856971830063
9925.0,333.98808172165144,672.0210665317696,8.29500135489936
9926.0,333.45297457874705,674.3975391073578,8.210542088998922
9927.0,332.5101057258037,677.4292081351846,8.118055007290804
9928.0,331.44687055732885,680.0954386925332,7.999092696024894
9929.0,331.30630227749793,680.4449863924062,7.955931596001211
9930.0,331.50254696429005,678.803535964019,8.010523087225563
9931.0,331.7888705518737,677.0030581721068,8.059468753644122
9932.0,331.7973613801464,675.9121368951875,8.115910597960314
9933.0,332.0320240086017,674.5206842770189,8.134260104617505
9934.0,333.0943163497912,673.4104863956792,8.139936185327874
9935.0,335.08277724275825,673.1034713907557,8.050287065395727
9936.0,336.95014525657126,674.3958178721892,7.828724704880789
9937.0,337.7460936075059,676.642560101069,7.642281774921997
9938.0,336.8866684621347,679.2029498057018,7.594902959990523
9939.0,335.388661754687,681.3365585136185,7.591682443374623
9940.0,334.01275461841067,683.4107110181601,7.603372446287396
9941.0,332.7189141461598,685.3820055322103,7.6637007081874415
9942.0,332.0961960804748,687.140260314685,7.654384647672341
9943.0,332.34608078528953,689.1830279451009,7.520818312313881
9944.0,333.5509339651159,690.8188702408983,7.3165557441238285
9945.0,334.60107460028934,691.9231596774606,7.124865560161584
9946.0,335.2050434104167,692.628441192652,7.025998170534003
9947.0,335.1523353728524,693.3955694101163,7.022912558059065
9948.0,334.73745064230883,694.3661673795615,7.036459657530108
9949.0,333.9567077188891,697.0704376865397,6.967006546906912
9950.0,332.92676011304377,702.0904541529296,6.79005803484504
9951.0,331.76139987658775,707.763933484349,6.52348724014595
9952.0,330.34389251971777,712.2949027457935,6.185238039312655
9953.0,328.5511723490568,714.6875146003465,5.798077618756852
9954.0,326.4588827851982,715.2641027651997,5.492311579951696
9955.0,324.7502227035066,715.1748877605304,5.243795068032895
9956.0,323.35893529591345,715.2572230466532,5.050168923070448
9957.0,321.7843630519662,715.7920045094672,4.906212817507561
9958.0,319.4151260688575,716.4664489878406,4.824935492354016
9959.0,317.30764884861543,717.0535328610667,4.804328202457729
9960.0,315.87183653697326,716.9195041767915,4.8026791751424955
9961.0,315.4515551921831,716.581593536339,4.8632582464929355
9962.0,315.36717675774935,716.8296376643744,4.9627163489402495
9963.0,315.2210735978357,717.6212730678068,4.971925493146618
9964.0,315.5591271969763,719.2918962561153,4.846251821564568
9965.0,316.1145477537492,721.3715872991874,4.6870876101067935
9966.0,316.6676663960254,722.8946395786701,4.5396166677592635
9967.0,316.97042298296105,723.6788925396804,4.329869011905713
9968.0,317.02007257830627,724.1761948506945,4.075516253788823
9969.0,316.62658084317655,725.4806772969473,3.7914419571792513
9970.0,316.32763565670774,727.244301206159,3.5119656902126444
9971.0,316.51213267952346,728.8522013919902,3.3124636639058997
9972.0,316.6345081216074,729.655629044396,3.194178133367904
9973.0,316.395311357019,729.346797914635,3.1841520954589475
9974.0,316.58040068074683,728.9879796495508,3.271888687844238
9975.0,317.0689251281556,728.4671519642668,3.360902028807216
9976.0,317.1070701398502,727.3906771972552,3.38219501655025
9977.0,316.2493134259921,725.9286222675188,3.33627708487058
9978.0,314.6827378810506,725.5054127647311,3.3025274608073474
9979.0,312.8024037102818,726.5647099705119,3.2749326178127
9980.0,310.1247536184749,728.4439433357865,3.1404360534690023
9981.0,307.14448429250865,729.2994510250289,2.911487571008749
9982.0,305.072770301903,728.0801816292251,2.681157716009292
9983.0,304.0926868740877,726.4380378727102,2.466679727737556
9984.0,303.20601408570684,725.6538624420728,2.289335160675108
9985.0,303.3990351672916,725.8002582596898,2.2310997187670245
9986.0,305.18829307939114,726.5560456247589,2.307452718131436
9987.0,307.76969832903706,728.2847910657946,2.4766388601294023
9988.0,309.8870287005506,732.1195308263231,2.6687905949992228
9989.0,311.01566170976145,737.5546479675783,2.8127080147690005
9990.0,310.8779366458226,742.106679652556,2.8721220088636317
9991.0,309.75365593648286,744.3109217041576,2.8585003717284003
9992.0,308.24749018692705,744.3716451742505,2.752554443171408
9993.0,306.7372764231473,744.2244100704619,2.5776560022843205
9994.0,305.64707379350153,744.9363415268728,2.4055111048798405
9995.0,304.4647250626114,746.5750074962151,2.2773050920130626
9996.0,303.65440362053334,748.9705947877806,2.155840608305172
9997.0,303.76204532457524,751.5699546443819,2.0645932415955626
9998.0,304.6710355207362,754.8526703615069,2.049181685543616
9999.0,305.79548446556146,757.630673093409,2.1057895376838545
