Tau,dtime,msd_xx,msd_xy,msd_xz,msd_yy,msd_yz,msd_zz,pred_msd_xx,pred_msd_yy,pred_msd_zz,xx_error,yy_error,zz_error
1.0,0.01,0.004243038850255291,0.0004098099128479046,0.00022821510573594854,0.004178201185954395,-0.0007212809421531941,0.0030970198923152862,-0.08483047620159365,-0.8395523298557339,0.649309845018646,0.08907351505184893,0.8437305310416883,-0.6462128251263307
2.0,0.02,0.011186172855851991,0.0008620905456877431,0.0005280074864564698,0.011291308743727583,-0.0015599089997432125,0.009048744248672034,-0.06768596136207258,-0.8104467049848917,0.6560532962053601,0.07887213421792458,0.8217380137286193,-0.647004551956688
3.0,0.03,0.019990172052923645,0.0015457052920320338,0.0009025661466410536,0.020350128249073226,-0.002495672894814834,0.01684589471243708,-0.05054144652255153,-0.7813410801140493,0.6627967473920742,0.07053161857547517,0.8016912083631226,-0.6459508526796371
4.0,0.04,0.0293772185267391,0.001986161422043082,0.0015411019837732636,0.03059092406131736,-0.003364068705909714,0.025553181142295735,-0.03339693168303047,-0.7522354552432071,0.6695401985787883,0.06277415020976956,0.7828263793045245,-0.6439870174364926
5.0,0.05,0.03906299268779823,0.0028007020485767667,0.00197317591510516,0.04176938455038014,-0.004205621170526291,0.034536895461794,-0.016252416843509407,-0.7231298303723648,0.6762836497655024,0.05531540953130764,0.7648992149227449,-0.6417467543037084
6.0,0.06,0.04918894112752192,0.003666881759912306,0.0019454289285007413,0.053108026004052906,-0.005391425368078325,0.04416491223761543,0.0008920979960116426,-0.6940242055015224,0.6830271009522165,0.048296843131510274,0.7471322315055754,-0.6388621887146011
7.0,0.07,0.06026177798329416,0.005089202163053541,0.002379905748823669,0.06546535886979467,-0.00720294950665574,0.054458889980206815,0.018036612835532706,-0.6649185806306802,0.6897705521389306,0.04222516514776145,0.7303839395004749,-0.6353116621587238
8.0,0.08,0.07048512279463676,0.004700173201010807,0.003409778147741618,0.07583341571831118,-0.0089368862920493,0.06578891594084031,0.035181127675053755,-0.6358129557598379,0.6965140033256447,0.035303995119583,0.711646371478149,-0.6307250873848044
9.0,0.09,0.07990734968062542,0.006093721277858506,0.0036399809366481637,0.0901597508323828,-0.009037882878219175,0.07590144020683594,0.05232564251457482,-0.6067073308889956,0.7032574545123588,0.0275817071660506,0.6968670817213785,-0.6273560143055228
10.0,0.1,0.09153157860480568,0.006882158932940962,0.0036866123246004153,0.10294329037849259,-0.010261099871560733,0.08805225961850899,0.06947015735409588,-0.5776017060181533,0.7100009056990729,0.022061421250709798,0.6805449963966459,-0.6219486460805639
11.0,0.11,0.10169178599123138,0.007527992094683706,0.005260463273126565,0.11575166208932473,-0.013342522004060013,0.10003519737709111,0.08661467219361692,-0.548496081147311,0.716744356885787,0.015077113797614464,0.6642477432366357,-0.6167091595086959
12.0,0.12,0.1183408967020904,0.007940745569055446,0.006842795819200382,0.1340696726065722,-0.012498450107049234,0.11160608621143295,0.10375918703313798,-0.5193904562764687,0.7234878080725011,0.01458170966895242,0.653460128883041,-0.6118817218610682
13.0,0.13,0.13666193195710774,0.010172055115468289,0.004311586105164475,0.14918053534980982,-0.018548540891291605,0.12929322856998637,0.12090370187265904,-0.4902848314056264,0.7302312592592152,0.015758230084448696,0.6394653667554362,-0.6009380306892288
14.0,0.14,0.1522814496457911,0.009632637823721256,0.0029411079615319644,0.16667383488636425,-0.01845193270468667,0.1379309876002285,0.1380482167121801,-0.4611792065347841,0.7369747104459292,0.014233232933611006,0.6278530414211484,-0.5990437228457007
15.0,0.15,0.1651921363087313,0.011101160460712073,0.006779126494710417,0.1800689735087775,-0.01942589712942458,0.15360217278029648,0.15519273155170116,-0.43207358166394183,0.7437181616326434,0.00999940475703015,0.6121425551727193,-0.5901159888523468
16.0,0.16,0.18028420512236923,0.008179860714875375,0.003003148913228674,0.1963293242706341,-0.024315856347846273,0.17375414851654508,0.17233724639122222,-0.40296795679309955,0.7504616128193574,0.007946958731147008,0.5992972810637336,-0.5767074643028123
17.0,0.17,0.19175178579356866,0.013614358643312173,0.00973242824704321,0.22047372144263686,-0.02623602628630308,0.17805904432671177,0.18948176123074328,-0.3738623319222572,0.7572050640060716,0.002270024562825379,0.594336053364894,-0.5791460196793599
18.0,0.18,0.20476952626739095,0.01144463848916418,0.007275717671752608,0.23051781040653554,-0.026375673423066247,0.19392956857518828,0.20662627607026435,-0.3447567070514149,0.7639485151927856,-0.0018567498028733975,0.5752745174579504,-0.5700189466175973
19.0,0.19,0.21567085265627212,0.010551802519068926,0.014009879690948444,0.24636388203421683,-0.03053390097055924,0.2096595629223328,0.2237707909097854,-0.3156510821805727,0.7706919663794998,-0.008099938253513295,0.5620149642147896,-0.561032403457167
20.0,0.2,0.22966338364473904,0.016401616835475894,0.004189444503964721,0.26978465251992806,-0.031373369033566224,0.22112585847757008,0.24091530574930647,-0.28654545730973036,0.7774354175662138,-0.011251922104567436,0.5563301098296585,-0.5563095590886438
21.0,0.21,0.24975039990738682,0.01942983751296245,0.015394311733214854,0.27889411251932733,-0.03523470293983679,0.2374489320825297,0.2580598205888275,-0.2574398324388881,0.7841788687529279,-0.008309420681440666,0.5363339449582154,-0.5467299366703982
22.0,0.22,0.2554314941871863,0.013100594677394226,0.010998236030791763,0.29597505721822254,-0.03507092170869571,0.2514725122780334,0.27520433542834855,-0.2283342075680458,0.790922319939642,-0.019772841241162242,0.5243092647862684,-0.5394498076616085
23.0,0.23,0.27842231249053995,0.012494704542699747,0.01608531088908129,0.31697668822765657,-0.042264784717963924,0.26117530857017685,0.29234885026786966,-0.19922858269720345,0.7976657711263562,-0.013926537777329717,0.51620527092486,-0.5364904625561793
24.0,0.24,0.2914399429379061,0.01825695222622536,0.009256994942709245,0.34242048787537827,-0.04231759055247365,0.28908409709441735,0.30949336510739067,-0.17012295782636122,0.8044092223130702,-0.01805342216948458,0.5125434457017395,-0.5153251252186528
25.0,0.25,0.3169931217613789,0.020672024665640054,0.012073847041944193,0.36315710837319337,-0.051228665068118025,0.3056604374032195,0.32663787994691174,-0.14101733295551888,0.8111526734997843,-0.009644758185532842,0.5041744413287123,-0.5054922360965648
26.0,0.26,0.33108022056677694,0.027489017305879077,0.009282246152028236,0.37451876736724654,-0.044704529065372436,0.2945126928274967,0.3437823947864328,-0.11191170808467654,0.8178961246864984,-0.01270217421965586,0.4864304754519231,-0.5233834318590017
27.0,0.27,0.3557802076457412,0.02137002376964186,0.020515755759422154,0.39955954481283495,-0.053437613767917495,0.3130391943858591,0.36092690962595386,-0.0828060832138342,0.8246395758732126,-0.0051467019802126646,0.48236562802666916,-0.5116003814873535
28.0,0.28,0.35334054147286725,0.035988487330354826,-0.0003683271438019121,0.4146378419420902,-0.0513479475649345,0.33491751766932715,0.3780714244654749,-0.053700458342991975,0.8313830270599266,-0.024730882992607672,0.46833830028508217,-0.49646550939059947
29.0,0.29,0.39145101602055793,0.021840273905728333,0.0034772841535031735,0.4262105758893362,-0.05509652624825386,0.3329151330899099,0.39521593930499593,-0.024594833472149746,0.8381264782466407,-0.0037649232844380043,0.45080540936148594,-0.5052113451567308
30.0,0.3,0.3821462641584669,0.019070551221517885,0.007298821816154913,0.4444357311701083,-0.05643351663847566,0.36473714929630197,0.412360454144517,0.004510791398692593,0.8448699294333548,-0.030214189986050077,0.4399249397714157,-0.48013278013705285
31.0,0.31,0.4348006076554168,0.028446686731932076,0.01608882035506547,0.47690512830080234,-0.054048591629169244,0.35285777126320805,0.42950496898403806,0.03361641626953493,0.8516133806200689,0.005295638671378722,0.4432887120312674,-0.4987556093568608
32.0,0.32,0.4035469998365858,0.02287783594620516,-0.005324511229787263,0.47399516989311524,-0.06914906946183355,0.4044053075976881,0.4466494838235591,0.06272204114037716,0.858356831806783,-0.043102483986973306,0.4112731287527381,-0.4539515242090949
33.0,0.33,0.4515963168900946,0.02661253422553486,0.02804533631301336,0.5000469766064799,-0.06119998448453562,0.4102618718512423,0.4637939986630802,0.0918276660112195,0.8651002829934971,-0.01219768177298558,0.4082193105952604,-0.45483841114225476
34.0,0.34,0.444113020615313,0.037372104363546765,0.014370886636023802,0.5453400139844388,-0.0826294501851669,0.3986444596897977,0.48093851350260125,0.12093329088206184,0.8718437341802112,-0.03682549288728826,0.4244067231023769,-0.4731992744904135
35.0,0.35,0.4454291998837636,0.028063570217350627,0.00981040538887328,0.5508699398723559,-0.0770164095299736,0.42258589406370695,0.4980830283421223,0.15003891575290407,0.8785871853669253,-0.0526538284583587,0.4008310241194518,-0.4560012913032183
36.0,0.36,0.48604143967649843,0.033545348307010545,0.0021288305649271137,0.5699137125843667,-0.07254023656031429,0.43299661882834756,0.5152275431816433,0.1791445406237464,0.8853306365536393,-0.02918610350514489,0.39076917196062033,-0.45233401772529175
37.0,0.37,0.4590376064085874,0.02127552039886376,0.01821569367216041,0.60381055153761,-0.074670761014411,0.43919464866845853,0.5323720580211644,0.20825016549458875,0.8920740877403535,-0.07333445161257701,0.39556038604302124,-0.45287943907189493
38.0,0.38,0.5074326031851809,0.022518290500522117,-0.010516034022608242,0.5831198213069683,-0.08426781951767945,0.47353427468243425,0.5495165728606854,0.23735579036543086,0.8988175389270676,-0.04208396967550454,0.3457640309415374,-0.42528326424463336
39.0,0.39,0.5652172579819952,0.03857575354883762,0.003504472645824918,0.6302935886971887,-0.08941540152199537,0.46301311703555714,0.5666610877002065,0.2664614152362732,0.9055609901137817,-0.0014438297182113313,0.36383217346091545,-0.4425478730782245
40.0,0.4,0.5155460659009419,0.06015661422159808,0.015098124829085693,0.6846112228100862,-0.07697394925990592,0.48348632179919576,0.5838056025397276,0.29556704010711554,0.9123044413004957,-0.0682595366387857,0.3890441827029707,-0.42881811950129994
41.0,0.41,0.5244067875289993,0.03233925215005896,0.018798492563422448,0.6549614971365575,-0.06066270835726739,0.5157513234819063,0.6009501173792485,0.32467266497795766,0.9190478924872099,-0.07654332985024925,0.33028883215859983,-0.40329656900530353
42.0,0.42,0.5718448406049605,0.04651136446011224,0.00461811615211865,0.6905602416267195,-0.09278440650168764,0.5190897879181925,0.6180946322187696,0.3537782898488,0.9257913436739239,-0.046249791613809044,0.3367819517779195,-0.4067015557557314
43.0,0.43,0.6281756876393402,0.04984155829593537,-0.01862588620291756,0.6999833202227582,-0.10299666844151822,0.4988898763356768,0.6352391470582907,0.38288391471964234,0.932534794860638,-0.00706345941895048,0.3170994055031159,-0.4336449185249612
44.0,0.44,0.5890542537913078,0.0360521520665007,0.008719670866514853,0.7266045952306142,-0.09368596763633805,0.5690327828101576,0.6523836618978117,0.4119895395904847,0.9392782460473521,-0.06332940810650389,0.3146150556401295,-0.37024546323719454
45.0,0.45,0.6023147955342729,0.05257118259924586,-0.015956134081310067,0.7746644974311969,-0.08855743149551443,0.537388380724057,0.6695281767373328,0.441095164461327,0.9460216972340663,-0.06721338120305986,0.3335693329698699,-0.4086333165100092
46.0,0.46,0.6335683019772301,0.046032936780767336,-0.002941728945978482,0.7263354417116661,-0.07872988942021181,0.5341875672250465,0.686672691576854,0.47020078933216936,0.9527651484207804,-0.053104389599623825,0.25613465237949673,-0.41857758119573396
47.0,0.47,0.6715358525476547,0.04576634352843753,-0.007568591883833828,0.8079348032799873,-0.09516818890594585,0.5584938500356368,0.7038172064163749,0.4993064142030115,0.9595085996074944,-0.03228135386872022,0.3086283890769759,-0.40101474957185756
48.0,0.48,0.6608892212643033,0.05333394394320528,0.004531658602678188,0.7981039789070097,-0.11265871495156948,0.6097474181811477,0.720961721255896,0.5284120390738538,0.9662520507942085,-0.0600724999915927,0.26969193983315587,-0.35650463261306076
49.0,0.49,0.6434866162246426,0.047456714231811234,-0.025017661816403667,0.8019497419340847,-0.12292516058482249,0.6050328062530778,0.738106236095417,0.5575176639446962,0.9729955019809227,-0.09461961987077439,0.2444320779893886,-0.3679626957278449
50.0,0.5,0.652121779924458,0.03761718061245644,-0.02291377323056485,0.8576687555050854,-0.10177083622303133,0.6288193273832451,0.7552507509349381,0.5866232888155385,0.9797389531676367,-0.10312897101048013,0.2710454666895469,-0.3509196257843916
51.0,0.51,0.7011119236763916,0.04759293591679849,0.02087987400405469,0.9007049202951153,-0.08804680304899994,0.5978352345399301,0.7723952657744592,0.6157289136863808,0.9864824043543508,-0.07128334209806753,0.28497600660873446,-0.3886471698144206
52.0,0.52,0.7437860706682539,0.07238807891816464,-0.0399758213302377,0.8601969037817354,-0.09940354501514413,0.6202739248518078,0.7895397806139802,0.6448345385572232,0.9932258555410649,-0.04575370994572636,0.21536236522451224,-0.37295193068925714
53.0,0.53,0.7778905955066889,0.03569365016239477,-0.005657062468722605,0.8411100087443074,-0.1132998964443748,0.6985392535732702,0.8066842954535013,0.6739401634280655,0.9999693067277791,-0.028793699946812357,0.1671698453162419,-0.3014300531545089
54.0,0.54,0.769965470579529,0.10139986592431675,-0.010388054623191178,0.9320817894607268,-0.1486598226154683,0.6568081063067928,0.8238288102930224,0.7030457882989078,1.0067127579144932,-0.05386333971349333,0.229036001161819,-0.34990465160770046
55.0,0.55,0.7778643543066428,0.07028979420129268,0.013544377644966828,0.9277733957804337,-0.10698566164317261,0.6945296266341346,0.8409733251325434,0.7321514131697502,1.0134562091012072,-0.06310897082590061,0.19562198261068353,-0.3189265824670725
56.0,0.56,0.7377947398087183,0.061298529703297654,-0.010571217308271416,0.9871592738110219,-0.13565262388394816,0.6997222386351903,0.8581178399720645,0.7612570380405923,1.0201996602879213,-0.12032310016334613,0.22590223577042956,-0.32047742165273096
57.0,0.57,0.7920379565552793,0.0624771257333211,0.01260564352518273,0.9536275875084966,-0.11230228518906737,0.7277150354774219,0.8752623548115854,0.7903626629114344,1.0269431114746355,-0.08322439825630612,0.1632649245970622,-0.29922807599721357
58.0,0.58,0.8027786777984567,0.05033545505945041,-0.0030091444917566715,0.9645286848102208,-0.16060683659185315,0.7519550551887356,0.8924068696511065,0.8194682877822768,1.0336865626613494,-0.08962819185264981,0.14506039702794404,-0.2817315074726138
59.0,0.59,0.8235627122597988,0.041652601645232594,-0.00899571362908718,0.9679674017473959,-0.1497056764605192,0.7335307658699844,0.9095513844906276,0.8485739126531191,1.0404300138480636,-0.08598867223082873,0.11939348909427683,-0.3068992479780791
60.0,0.6,0.8821078682704673,0.04892247533216379,0.019861978779766486,1.0529763649199324,-0.16073769291949458,0.7256797346284661,0.9266958993301486,0.8776795375239614,1.0471734650347777,-0.04458803105968134,0.17529682739597097,-0.3214937304063116
61.0,0.61,0.9165862482531073,0.03818733569718658,-0.0037362589386731432,1.0930101573621265,-0.19396935211849267,0.7902456194743661,0.9438404141696697,0.9067851623948038,1.0539169162214916,-0.02725416591656238,0.1862249949673227,-0.2636712967471255
62.0,0.62,0.9351724481047986,0.08356226596391418,0.024800326878647874,1.050794250633046,-0.1662111876875424,0.7849021552730882,0.9609849290091907,0.9358907872656461,1.0606603674082058,-0.025812480904392143,0.11490346336739998,-0.27575821213511764
63.0,0.63,0.8602333665578877,0.05436830353629353,0.003561983373037551,1.1660788473935841,-0.18259115475731472,0.7793127533758244,0.9781294438487118,0.9649964121364882,1.06740381859492,-0.11789607729082408,0.2010824352570959,-0.28809106521909555
64.0,0.64,0.869924737984833,0.059873332956382835,-0.06498961453719095,1.1125924274901366,-0.16904314178749794,0.8436453984982553,0.9952739586882329,0.9941020370073306,1.074147269781634,-0.12534922070339982,0.11849039048280607,-0.23050187128337885
65.0,0.65,0.8957071113233782,0.05997609366397826,-0.03465996910404357,1.133309536013606,-0.17204590150149818,0.9017565473046136,1.012418473527754,1.023207661878173,1.0808907209683483,-0.11671136220437572,0.11010187413543315,-0.17913417366373463
66.0,0.66,0.9497192413415668,0.051002370489179064,0.03259115737292194,1.1888067354179674,-0.1274362507197506,0.8550514420213876,1.029562988367275,1.0523132867490153,1.0876341721550622,-0.07984374702570818,0.1364934486689522,-0.2325827301336746
67.0,0.67,1.0012453011368971,-0.0055179004210778185,0.01212668571006047,1.1450180071352036,-0.15684182114572653,0.875963523203903,1.046707503206796,1.0814189116198576,1.0943776233417764,-0.04546220206989893,0.06359909551534604,-0.21841410013787332
68.0,0.68,1.0352672987726255,0.06829564043711368,0.041830754569712914,1.3186546659328477,-0.18497407180471215,0.8255323188579241,1.0638520180463171,1.1105245364907,1.1011210745284905,-0.02858471927369166,0.20813012944214782,-0.2755887556705664
69.0,0.69,1.0239541170098632,0.0221925139545725,0.017934258758607616,1.214335611935242,-0.15349883595138233,0.8511872361344534,1.0809965328858382,1.1396301613615418,1.1078645257152044,-0.05704241587597503,0.07470545057370015,-0.2566772895807511
70.0,0.7,1.0103134290111506,0.08274119728184898,0.008960516317832758,1.2428233746076018,-0.18971526131151592,0.8373559925113073,1.0981410477253593,1.1687357862323844,1.1146079769019186,-0.08782761871420863,0.07408758837521745,-0.2772519843906113
71.0,0.71,1.1024491947408463,0.09578154801021357,-0.01917047441403705,1.262421526115012,-0.19467276092578237,0.8930014620469012,1.1152855625648803,1.1978414111032265,1.1213514280886328,-0.012836367824033967,0.06458011501178551,-0.22834996604173152
72.0,0.72,1.0636053144638966,0.06517489792242341,-0.06600678860738433,1.3739902689087227,-0.18172607500771237,0.9062417885389125,1.1324300774044014,1.226947035974069,1.1280948792753467,-0.06882476294050477,0.1470432329346536,-0.22185309073643422
73.0,0.73,0.9981764937133422,0.05578469714475806,-0.035468774904695285,1.384157887314796,-0.15318177227720947,0.898336870146693,1.1495745922439224,1.2560526608449112,1.1348383304620608,-0.15139809853058028,0.12810522646988476,-0.2365014603153679
74.0,0.74,1.0278287986831223,0.08958080290920065,-0.01515834333045981,1.3315136019071139,-0.1767913832923489,0.9587064726466982,1.1667191070834435,1.2851582857157537,1.141581781648775,-0.13889030840032124,0.04635531619136013,-0.18287530900207682
75.0,0.75,1.0471879913289313,0.030492819674611173,-0.02933916761585926,1.453895398238667,-0.20345692715549446,1.0355808887069535,1.1838636219229646,1.3142639105865959,1.1483252328354892,-0.13667563059403331,0.13963148765207123,-0.11274434412853562
76.0,0.76,1.0870011077947885,0.031414967438592706,-0.01937335170292804,1.3404621954573512,-0.16904754970475516,0.9887559187663907,1.2010081367624856,1.343369535457438,1.1550686840222033,-0.1140070289676971,-0.0029073400000867444,-0.16631276525581262
77.0,0.77,1.0708641232488687,0.06107707420798894,-0.04136789288019603,1.4125796025401738,-0.11818213345321016,0.9661579663835759,1.2181526516020067,1.3724751603282805,1.1618121352089172,-0.147288528353138,0.04010444221189324,-0.19565416882534137
78.0,0.78,1.222540791052897,0.04244722664938638,-0.03937713917350584,1.4579382601728472,-0.1490780641802164,1.0053973192965369,1.2352971664415278,1.4015807851991227,1.1685555863956314,-0.012756375388630836,0.056357474973724564,-0.16315826709909453
79.0,0.79,1.1498176782638183,-0.021811045597276226,-0.016938733086246778,1.4998920519786874,-0.13120778590674664,1.0560677765036226,1.2524416812810488,1.4306864100699652,1.1752990375823456,-0.10262400301723051,0.06920564190872214,-0.11923126107872295
80.0,0.8,1.1793778015226,0.0304050815341183,-0.01166091413773709,1.538068092729439,-0.1736364169477854,1.0436197953586606,1.2695861961205699,1.4597920349408073,1.1820424887690595,-0.09020839459796992,0.07827605778863167,-0.13842269341039892
81.0,0.81,1.1533205994008981,0.06820616177092657,0.010438701736922315,1.4303259825117987,-0.18835266676632462,1.0702386221059677,1.286730710960091,1.48889765981165,1.1887859399557739,-0.1334101115591928,-0.058571677299851244,-0.11854731784980621
82.0,0.82,1.271395073169962,0.05634097303704757,0.004948668554209457,1.6240711172701636,-0.20348146826501476,0.9696919766262191,1.3038752257996118,1.5180032846824916,1.1955293911424878,-0.03248015262964987,0.10606783258767205,-0.2258374145162687
83.0,0.83,1.236303036754999,0.005843504184843478,-0.0044130254621625115,1.645962639283751,-0.21845064273209377,1.1383738680118058,1.3210197406391329,1.5471089095533341,1.2022728423292017,-0.08471670388413388,0.09885372973041684,-0.06389897431739588
84.0,0.84,1.2633541634092318,0.11703050715288965,-0.05136181707158001,1.6318541531018975,-0.2467697716441111,1.2008544332433935,1.338164255478654,1.5762145344241763,1.2090162935159159,-0.07481009206942213,0.05563961867772127,-0.008161860272522414
85.0,0.85,1.2838403093274229,0.14788571434334202,-0.048424721960892,1.5869776617643925,-0.23279985368498993,1.0266891566839462,1.355308770318175,1.6053201592950188,1.21575974470263,-0.0714684609907521,-0.018342497530626334,-0.18907058801868382
86.0,0.86,1.3368371904839629,0.16309347720413056,-0.011916426698010532,1.6523063446064163,-0.16275916446036626,1.1445013903229702,1.372453285157696,1.634425784165861,1.222503195889344,-0.03561609467373317,0.017880560440555415,-0.07800180556637382
87.0,0.87,1.3706612314313138,0.08517810526698928,-0.01574033166984941,1.5891157886891714,-0.261022498933497,1.1362466840366154,1.389597799997217,1.6635314090367035,1.2292466470760584,-0.01893656856590331,-0.07441562034753213,-0.09299996303944291
88.0,0.88,1.2711549340213666,0.1178459243401573,0.02258835506803907,1.7717253804245898,-0.2695488280297377,1.1834763635750785,1.4067423148367382,1.6926370339075456,1.2359900982627723,-0.13558738081537158,0.07908834651704422,-0.052513734687693825
89.0,0.89,1.3112716219739478,0.14875260357984837,-0.018949076830252442,1.6987229413714415,-0.18015319407464592,1.2112852983801545,1.4238868296762592,1.7217426587783882,1.2427335494494864,-0.11261520770231148,-0.023019717406946638,-0.03144825106933191
90.0,0.9,1.315410796764889,0.06334836035294762,-0.016820183392252518,1.730649857019229,-0.2941012572208831,1.2040483111295477,1.4410313445157803,1.7508482836492303,1.2494770006362006,-0.12562054775089138,-0.020198426630001265,-0.04542868950665291
91.0,0.91,1.4631878267571472,0.09203848473736898,-0.03459747127730801,1.7197925248368098,-0.25612465349442043,1.1674962041282873,1.4581758593553016,1.7799539085200728,1.2562204518229145,0.005011967401845618,-0.06016138368326307,-0.08872424769462728
92.0,0.92,1.4419757702043703,0.013241674648546378,-0.027697456249043285,1.7820933003670685,-0.1959564566489958,1.196236826761523,1.4753203741948226,1.809059533390915,1.262963903009629,-0.03334460399045236,-0.026966233023846486,-0.06672707624810581
93.0,0.93,1.4964344617763945,0.05683124762751783,-0.027533674171904318,1.8088686977959165,-0.28938901398748207,1.2718211394678853,1.4924648890343437,1.8381651582617575,1.2697073541963428,0.0039695727420507865,-0.029296460465841,0.00211378527154249
94.0,0.94,1.499244741478585,0.05987429341922408,-0.008257263880673878,1.8983021181217856,-0.2612930613059349,1.2259219516073256,1.5096094038738646,1.8672707831325992,1.2764508053830568,-0.010364662395279556,0.03103133498918642,-0.05052885377573113
95.0,0.95,1.5462371985880596,0.05903780163476972,-0.06238164406882695,1.8299270309483873,-0.2678206141880054,1.0735531116229076,1.5267539187133856,1.8963764080034418,1.283194256569771,0.01948327987467402,-0.06644937705505449,-0.20964114494686337
96.0,0.96,1.433268464293191,0.09001527636829866,-0.054917286757787544,1.941357561423493,-0.3074419370962145,1.292605510983569,1.5438984335529067,1.9254820328742839,1.289937707756485,-0.11062996925971569,0.01587552854920915,0.0026678032270839314
97.0,0.97,1.4024079212779237,0.09044927427496803,-0.008703370081136901,1.9006432630233,-0.20989186771062718,1.1873287056936772,1.5610429483924277,1.9545876577451264,1.296681158943199,-0.15863502711450406,-0.05394439472182655,-0.10935245324952181
98.0,0.98,1.4154892921069966,0.07187694311069627,-0.06890973495604015,1.9502629903753852,-0.320080910510079,1.325615081693325,1.5781874632319488,1.9836932826159686,1.3034246101299134,-0.16269817112495222,-0.03343029224058336,0.022190471563411585
99.0,0.99,1.5795530568219205,0.062383326659097654,-0.10178217962552301,2.070630255835491,-0.2970782507252488,1.2665479518828346,1.5953319780714699,2.012798907486811,1.3101680613166273,-0.015778921249549382,0.05783134834867987,-0.043620109433792686
100.0,1.0,1.561824995179659,0.14274716930950163,-0.06846391152455948,1.9311800910907815,-0.22724652570568024,1.2503954102839514,1.612476492910991,2.0419045323576532,1.3169115125033415,-0.05065149773133193,-0.11072444126687175,-0.06651610221939008
101.0,1.01,1.511309186674622,0.20471948903690262,-0.006766775930956031,2.031393467268983,-0.22418648835518165,1.3541386621635265,1.629621007750512,2.0710101572284954,1.3236549636900556,-0.11831182107589,-0.039616689959512286,0.030483698473470877
102.0,1.02,1.5279299431971105,0.07434415875246284,-0.02729173996849744,2.0759237253028533,-0.3196946450899876,1.327257472526599,1.646765522590033,2.100115782099338,1.3303984148767696,-0.11883557939292255,-0.024192056796484618,-0.0031409423501704836
103.0,1.03,1.6208149838233403,0.06429237661426519,0.024892504185286508,2.1369616253573844,-0.26985096812534914,1.3172238523569368,1.6639100374295541,2.12922140697018,1.337141866063484,-0.043095053606213796,0.007740218387204401,-0.01991801370654711
104.0,1.04,1.5830735516864607,0.24377903650215493,-0.09766447866893108,2.067849608312093,-0.2580291101256176,1.2967052661038025,1.6810545522690752,2.1583270318410226,1.3438853172501979,-0.0979810005826145,-0.09047742352892962,-0.04718005114639534
105.0,1.05,1.6248653352105284,0.06631288832925296,0.021697044949049654,2.0899264445378702,-0.23467390114441955,1.337049279327595,1.6981990671085962,2.1874326567118647,1.350628768436912,-0.0733337318980678,-0.09750621217399447,-0.013579489109317056
106.0,1.06,1.7388114521202411,0.1822448381005449,-0.03486621440438024,2.073908722061145,-0.26966770166537707,1.5154280510390847,1.7153435819481173,2.2165382815827073,1.3573722196236262,0.023467870172123817,-0.1426295595215623,0.15805583141545854
107.0,1.07,1.5512174413580209,0.16808899659437015,0.023868715289971715,2.176523240369051,-0.27286644859731546,1.361585022101363,1.7324880967876384,2.2456439064535494,1.3641156708103401,-0.1812706554296175,-0.06912066608449852,-0.0025306487089771235
108.0,1.08,1.789010687928976,0.08487072359940544,-0.09258387665781498,1.9813325233807362,-0.2525064861810067,1.3333023935005133,1.7496326116271594,2.274749531324392,1.3708591219970543,0.039378076301816556,-0.29341700794365577,-0.037556728496541014
109.0,1.09,1.7019127630944972,0.17910013946260894,-0.13160038316923295,2.0609366531424116,-0.2005488702395929,1.6177673418028589,1.7667771264666805,2.303855156195234,1.3776025731837684,-0.06486436337218326,-0.24291850305282248,0.24016476861909042
110.0,1.1,1.7825203193094104,0.24360397294282754,0.013768516333804534,2.3015007616185166,-0.24324213678919143,1.359943412090624,1.7839216413062016,2.3329607810660766,1.3843460243704824,-0.001401321996791216,-0.03146001944756005,-0.024402612279858404
111.0,1.11,1.5396229661378547,0.1349279305110306,-0.09168476101911763,2.4235834678026515,-0.22959610257367358,1.45141741303921,1.8010661561457226,2.3620664059369187,1.3910894755571968,-0.261443190007868,0.0615170618657328,0.06032793748201315
112.0,1.12,1.8318362038925151,0.10499947777457068,-0.1298569014724311,2.4085536204287736,-0.2605717326560918,1.4773480612081442,1.8182106709852437,2.391172030807761,1.3978329267439107,0.01362553290727142,0.017381589621012772,0.07951513446423353
113.0,1.13,1.8602652575358776,0.13321274491627758,-0.07949254852214481,2.399937889110948,-0.17967433025907803,1.5878267919077196,1.8353551858247645,2.420277655678603,1.4045763779306246,0.024910071711113035,-0.020339766567655015,0.18325041397709496
114.0,1.14,1.7694529923885696,0.08096968778425484,-0.20177704411187558,2.0957773228282583,-0.2543558796206252,1.5131377597154392,1.8524997006642856,2.449383280549445,1.4113198291173388,-0.08304670827571603,-0.35360595772118675,0.1018179305981004
115.0,1.15,1.7531723511813289,0.09686321465405993,-0.08808596215765735,2.4337551585919543,-0.20425999053841715,1.5385791033282186,1.8696442155038067,2.478488905420287,1.418063280304053,-0.1164718643224778,-0.044733746828332865,0.12051582302416564
116.0,1.16,1.8818154625404837,0.17269182056427193,-0.11164850762420825,2.334195866250312,-0.4421761418026525,1.3863810398025511,1.8867887303433277,2.5075945302911298,1.4248067314907669,-0.004973267802844017,-0.1733986640408176,-0.038425691688215746
117.0,1.17,1.8447954372823483,0.18677347657945442,-0.18289507460948373,2.4717843890111375,-0.3232163002648814,1.5584552436084314,1.9039332451828486,2.536700155161972,1.431550182677481,-0.05913780790050027,-0.06491576615083439,0.12690506093095033
118.0,1.18,2.0102025813148057,0.1637895554565713,-0.09725705680348674,2.44326295764568,-0.3376238361155522,1.4552137710122028,1.9210777600223699,2.5658057800328145,1.4382936338641952,0.08912482129243582,-0.12254282238713454,0.016920137148007663
119.0,1.19,1.8997943709165743,0.16928780171318178,-0.09876767661603597,2.4704379923716533,-0.31780208464783843,1.2986214622543597,1.9382222748618911,2.5949114049036566,1.445037085050909,-0.03842790394531681,-0.12447341253200328,-0.1464156227965494
120.0,1.2,1.9172143971304827,0.059914336270462304,-0.04756767950724472,2.360578131670472,-0.21800948275196305,1.4131865623657873,1.955366789701412,2.624017029774499,1.4517805362376235,-0.03815239257092928,-0.263438898104027,-0.03859397387183616
121.0,1.21,1.9014315842532183,0.2292253292737568,-0.14820609376344887,2.4728166459859127,-0.31021443826006734,1.454906274930316,1.9725113045409333,2.6531226546453412,1.4585239874243374,-0.07107972028771492,-0.18030600865942858,-0.003617712494021319
122.0,1.22,2.016325203651204,0.010334956690861308,-0.16303983275198317,2.4742726719881807,-0.3738522192863329,1.606045542168198,1.989655819380454,2.682228279516184,1.4652674386110516,0.02666938427074994,-0.20795560752800313,0.14077810355714648
123.0,1.23,2.0320386306044944,0.05336564710144797,-0.05454934551108622,2.5081269018248493,-0.3387787094058375,1.6133354137306923,2.0068003342199754,2.711333904387026,1.4720108897977657,0.02523829638451902,-0.2032070025621766,0.1413245239329266
124.0,1.24,2.0265295900421556,0.23900698495165867,-0.13712403347019672,2.563352281031427,-0.5111628425870479,1.603277448041098,2.0239448490594962,2.7404395292578685,1.4787543409844797,0.0025847409826593726,-0.1770872482264414,0.1245231070566184
125.0,1.25,1.7914976110137426,0.149103819653903,-0.15830795097523281,2.9280226737787256,-0.32767874049633344,1.7686617913902611,2.0410893638990175,2.7695451541287106,1.4854977921711938,-0.2495917528852749,0.158477519650015,0.2831639992190673
126.0,1.26,2.0298641297848907,0.08959026598084174,-0.10799446294406867,2.742001587401845,-0.36106313090795805,1.6249280491365141,2.0582338787385384,2.7986507789995527,1.492241243357908,-0.028369748953647633,-0.05664919159770765,0.13268680577860614
127.0,1.27,2.207974304761191,0.20186971542164137,-0.14371340850280173,2.769753287935078,-0.2870395066119543,1.5316350100747713,2.0753783935780596,2.8277564038703953,1.4989846945446221,0.1325959111831314,-0.05800311593531715,0.03265031553014919
128.0,1.28,2.1157768115175215,0.18247006548177375,-0.05390200350551389,2.669323932223695,-0.4166233771829126,1.674721818960681,2.0925229084175805,2.8568620287412374,1.5057281457313363,0.02325390309994102,-0.18753809651754239,0.16899367322934467
129.0,1.29,2.2406497951020214,0.09752268046521656,-0.11342997632920089,2.6783112034776013,-0.5568198486733963,1.5532441492122868,2.1096674232571018,2.88596765361208,1.5124715969180502,0.13098237184491968,-0.20765645013447864,0.0407725522942366
130.0,1.3,2.0896274500799223,0.2172759817199484,-0.21814409288282513,2.851397978365652,-0.4753906151394949,1.726758191161742,2.1268119380966226,2.915073278482922,1.5192150481047644,-0.03718448801670027,-0.06367530011727007,0.20754314305697763
131.0,1.31,2.077115054684328,0.1812400103083952,-0.14054871833213373,2.7973248340353756,-0.4429469364699021,1.8427043205668563,2.143956452936144,2.9441789033537646,1.5259584992914785,-0.06684139825181568,-0.14685406931838907,0.31674582127537776
132.0,1.32,1.9287730218909684,0.21962460084699822,-0.22416003447887572,2.762434599590333,-0.31462255298650305,1.6116450630169565,2.1611009677756647,2.9732845282246068,1.5327019504781925,-0.2323279458846963,-0.21084992863427354,0.07894311253876407
133.0,1.33,2.08278675796281,0.17089036413198658,-0.12406922440714674,2.738997642637521,-0.19667367939396696,1.8231361783742874,2.178245482615186,3.0023901530954493,1.5394454016649068,-0.09545872465237615,-0.26339251045792844,0.2836907767093806
134.0,1.34,2.1393943389687475,0.1617064174325474,0.05054563669736848,2.789266918483393,-0.17617738114784595,1.6793027386444865,2.195389997454707,3.0314957779662914,1.5461888528516208,-0.05599565848595933,-0.24222885948289852,0.13311388579286576
135.0,1.35,2.1009749677993814,0.22344160479030908,-0.15060245753875162,2.835312951646641,-0.4930593457067575,1.7119984233472763,2.212534512294228,3.060601402837134,1.552932304038335,-0.11155954449484673,-0.2252884511904929,0.15906611930894132
136.0,1.36,2.1898825907195185,0.1294965530286695,-0.09384334484665144,2.987527748791162,-0.3881062170774618,1.9367787648313999,2.229679027133749,3.089707027707976,1.559675755225049,-0.039796436414230474,-0.10217927891681411,0.3771030096063508
137.0,1.37,2.156323013444935,0.20278087380657325,0.009475933247488463,2.785402759396168,-0.21569975901013747,1.7233656143027638,2.2468235419732703,3.1188126525788182,1.566419206411763,-0.09050052852833534,-0.33340989318265013,0.15694640789100078
138.0,1.38,2.2021691420192715,0.08190038941739639,-0.15631511194134687,3.0714993594091924,-0.27248449924385226,1.5734238338456719,2.263968056812791,3.14791827744966,1.573162657598477,-0.06179891479351962,-0.07641891804046752,0.0002611762471949053
139.0,1.39,2.298558200685041,0.25079564921946923,0.0209541930304179,2.761953406166729,-0.3456689384390116,1.5328510814232936,2.281112571652312,3.1770239023205025,1.579906108785191,0.01744562903272895,-0.41507049615377367,-0.047055027361897483
140.0,1.4,2.0534279167721623,0.2027277858547875,-0.2044822848482997,2.9582589736255867,-0.2777515823982491,1.6521919583703315,2.2982570864918332,3.206129527191345,1.5866495599719053,-0.24482916971967095,-0.24787055356575838,0.06554239839842624
141.0,1.41,2.4828271171305105,0.14803887997365198,-0.13833916529527016,2.968732512028452,-0.24169605538287045,1.8072883045650423,2.315401601331354,3.2352351520621867,1.5933930111586192,0.16742551579915643,-0.2665026400337349,0.2138952934064231
142.0,1.42,2.3583770604456453,0.24988170676473379,-0.141694404833671,3.068571838334433,-0.46655152613559353,1.7172100151272982,2.3325461161708754,3.2643407769330293,1.6001364623453336,0.02583094427476995,-0.19576893859859634,0.11707355278196463
143.0,1.43,2.3813559381023284,0.2833023688973993,-0.2119091238461399,3.0265894760596526,-0.32617196431585804,1.8393028793970705,2.349690631010396,3.293446401803872,1.6068799135320475,0.03166530709193216,-0.26685692574421926,0.23242296586502298
144.0,1.44,2.2461798168501375,0.29963401713141075,-0.22864637635315363,3.1649259856635332,-0.2929672071696193,1.7875714633761923,2.3668351458499175,3.3225520266747144,1.6136233647187617,-0.12065532899978004,-0.15762604101118116,0.17394809865743066
145.0,1.45,2.313742446090909,0.0879561088076665,-0.020829038314916143,3.123444524338552,-0.4363296183113805,1.6368335071887214,2.3839796606894383,3.351657651545556,1.6203668159054758,-0.07023721459852927,-0.22821312720700426,0.016466691283245627
146.0,1.46,2.082120118030183,0.24761793735204835,-0.19885685633816075,3.2516297068185267,-0.32263996571172415,1.829662642610781,2.4011241755289596,3.3807632764163986,1.6271102670921898,-0.31900405749877647,-0.12913356959787192,0.20255237551859118
147.0,1.47,2.307760234045698,0.19734140188776353,-0.33942847045281005,3.3907243557986355,-0.348281872004582,1.891963338388658,2.4182686903684805,3.409868901287241,1.633853718278904,-0.1105084563227825,-0.01914454548860567,0.25810962010975413
148.0,1.48,2.5690750508528724,0.30551101104358785,-0.3615985540148455,3.2615749583226004,-0.3577462572731608,1.7770148237454435,2.4354132052080018,3.4389745261580837,1.640597169465618,0.1336618456448706,-0.17739956783548338,0.13641765427982544
149.0,1.49,2.224320634747621,0.0561926368207283,-0.0973769257740344,3.288549563105567,-0.3163740213565596,1.9492977324895888,2.4525577200475226,3.4680801510289254,1.6473406206523322,-0.2282370852999014,-0.17953058792335863,0.3019571118372566
150.0,1.5,2.563751021611196,0.11949311417239061,-0.24781923180123638,3.3250220422560677,-0.3884498903695865,1.9502012385705036,2.469702234887044,3.497185775899768,1.6540840718390464,0.09404878672415196,-0.1721637336437003,0.29611716673145727
151.0,1.51,2.537122446853793,0.33391682608344636,-0.3874090883361807,3.4043374864601286,-0.08813484207618645,1.7590865843241166,2.4868467497265647,3.5262914007706105,1.6608275230257603,0.05027569712722846,-0.12195391431048197,0.09825906129835627
152.0,1.52,2.4575470067019705,0.13789929033289086,-0.1298237365457639,3.178735865826412,-0.4255662811517668,1.8693976155635776,2.503991264566086,3.555397025641452,1.6675709742124745,-0.046444257864115546,-0.3766611598150402,0.20182664135110318
153.0,1.53,2.665219695169957,0.19773337210951547,-0.25232454842799884,3.5488478622012463,-0.26820476780554264,1.7302026323060815,2.521135779405607,3.5845026505122948,1.6743144253991886,0.1440839157643503,-0.03565478831104851,0.05588820690689289
154.0,1.54,2.4538805443611134,0.27047036712335293,-0.26630182285372633,3.290977748392524,-0.4618263510621898,1.8751639106029985,2.538280294245128,3.6136082753831373,1.6810578765859028,-0.08439974988401477,-0.3226305269906131,0.1941060340170957
155.0,1.55,2.468804968385495,0.1899902853936256,-0.14664272626076133,3.7167951431470923,-0.3743197953499351,1.9147495133269647,2.555424809084649,3.64271390025398,1.6878013277726167,-0.08661984069915407,0.07408124289311235,0.22694818555434804
156.0,1.56,2.657710587981103,0.005428396312925941,-0.18094310377819037,3.133823574604621,-0.3120860095355519,1.8481353190696148,2.5725693239241703,3.6718195251248216,1.6945447789593309,0.0851412640569329,-0.5379959505202008,0.15359054011028395
157.0,1.57,2.8642009227916017,0.03829135877159289,-0.09524746501309916,3.4857884389643217,-0.49119899524798505,1.8072661787624773,2.589713838763691,3.700925149995664,1.701288230146045,0.27448708402791056,-0.21513671103134246,0.10597794861643228
158.0,1.58,2.8234785813414183,0.2747761741439665,-0.06050260065274005,3.68306677838901,-0.3587884974384236,1.8722940613367463,2.6068583536032124,3.7300307748665067,1.7080316813327592,0.21662022773820588,-0.04696399647749683,0.16426238000398707
159.0,1.59,2.5593467566836274,0.17774581122880995,-0.2792766611248533,3.2638328912624033,-0.4402526867922883,1.9604721483671361,2.6240028684427332,3.7591363997373493,1.714775132519473,-0.0646561117591058,-0.495303508474946,0.24569701584766301
160.0,1.6,2.6258311093680797,0.009506982825783586,-0.2489547039968959,3.8127093958038656,-0.3608524696304138,1.904744243163235,2.6411473832822545,3.788242024608191,1.7215185837061873,-0.015316273914174783,0.02446737119567466,0.18322565945704783
161.0,1.61,2.9240091402158415,0.07236632594139226,-0.24728607634998254,3.6662632829068893,-0.543441896054646,2.0779202614433396,2.6582918981217754,3.8173476494790335,1.7282620348929014,0.2657172420940661,-0.1510843665721442,0.3496582265504382
162.0,1.62,2.540160305246755,0.22543925983581775,0.013200744995021971,3.1805632732778992,-0.3593306730104034,1.8415472405657063,2.6754364129612966,3.846453274349876,1.7350054860796156,-0.13527610771454146,-0.6658900010719768,0.10654175448609071
163.0,1.63,2.7137710849974073,0.17410740732423116,-0.22815267423985802,3.8295977816436806,-0.36958909332264683,2.2730587457873965,2.6925809278008175,3.8755588992207177,1.7417489372663295,0.021190157196589787,-0.045961117577037136,0.531309808521067
164.0,1.64,2.86526147432141,0.12516762997012182,-0.04435007689285539,3.825371324036918,-0.6275330474610712,1.9627488720718191,2.7097254426403383,3.9046645240915594,1.7484923884530434,0.15553603168107166,-0.07929320005464158,0.2142564836187757
165.0,1.65,3.1395606415944854,0.0755379029998601,-0.15567185894741514,3.432205785831919,-0.30439514187354194,1.7590493650166037,2.7268699574798596,3.933770148962402,1.7552358396397576,0.41269068411462584,-0.5015643631304831,0.003813525376846094
166.0,1.66,2.727898727460004,0.13908528525645641,-0.09894242452996048,3.9286142456119917,-0.5252227215117827,2.2572358605208582,2.7440144723193804,3.9628757738332445,1.7619792908264718,-0.016115744859376502,-0.034261528221252835,0.4952565696943865
167.0,1.67,2.645549880236193,-0.027867364698873652,-0.10470615613337228,4.053236390247382,-0.5170990164611043,2.0691019406618896,2.7611589871589017,3.991981398704087,1.768722742013186,-0.11560910692270854,0.061254991543294945,0.30037919864870366
168.0,1.68,2.8467842003594552,0.10629295984273575,-0.10473760977414216,3.9808720109901072,-0.4621131893622775,1.6845057872969071,2.7783035019984226,4.021087023574928,1.7754661931998998,0.06848069836103265,-0.040215012584821075,-0.0909604059029927
169.0,1.69,2.876513950535371,0.2665027131054323,-0.22749404789092345,3.492515213497059,-0.42510742992137307,2.108400456890257,2.795448016837944,4.050192648445771,1.782209644386614,0.0810659336974271,-0.5576774349487117,0.3261908125036428
170.0,1.7,2.891617490833229,0.2746752184322681,-0.1396784872701876,3.721261856463006,-0.57503785170305,2.0590444950323294,2.8125925316774647,4.079298273316613,1.7889530955733282,0.07902495915576413,-0.35803641685360743,0.2700913994590013
171.0,1.71,2.914425167597322,0.24919185113938896,-0.327448026891641,3.911459068644123,-0.40603560784951365,1.9999608525306671,2.829737046516986,4.108403898187456,1.7956965467600423,0.08468812108033585,-0.19694482954333292,0.20426430577062482
172.0,1.72,2.5038630224052634,0.2809234598048064,-0.2512949120683699,4.05843456327495,-0.17989607013280376,1.9735393286207332,2.846881561356507,4.1375095230582986,1.8024399979467562,-0.34301853895124346,-0.07907495978334822,0.17109933067397698
173.0,1.73,2.839873370298168,0.23779764054981203,-0.15162507250300367,3.967879171334029,-0.48060645538898583,1.9925642341022058,2.864026076196028,4.166615147929141,1.8091834491334704,-0.024152705897860116,-0.198735976595112,0.18338078496873544
174.0,1.74,2.9809910642353628,0.04684689250626524,-0.04538392998496614,3.6767665012448454,-0.6150048247050733,1.7953043979926249,2.881170591035549,4.195720772799984,1.8159269003201846,0.0998204731998138,-0.5189542715551383,-0.02062250232755969
175.0,1.75,3.2683962408741567,0.12138937683137221,0.06810677469567923,3.6732456291033047,-0.4936420666606402,2.1860787715533543,2.8983151058750702,4.224826397670826,1.8226703515068987,0.37008113499908646,-0.5515807685675216,0.36340842004645557
176.0,1.76,3.08864932041068,0.24637896020575809,-0.19902332462013803,4.041490408918397,-0.42733107362894934,2.251133081797533,2.915459620714591,4.253932022541667,1.8294138026936129,0.17318969969608888,-0.21244161362326963,0.42171927910392015
177.0,1.77,3.172740996901652,0.27393871695155914,-0.32548862736059975,3.74232164221445,-0.5017614682928542,2.3562161069221568,2.9326041355541124,4.28303764741251,1.8361572538803268,0.24013686134753964,-0.5407160051980595,0.52005885304183
178.0,1.78,2.9118616727783113,0.48054693670378196,-0.000867753476802057,4.245528584300703,-0.5010253164643792,2.2701809170569036,2.949748650393633,4.312143272283352,1.842900705067041,-0.03788697761532189,-0.06661468798264902,0.42728021198986266
179.0,1.79,3.0492787245838016,0.08707184513749644,-0.10166074307070815,3.75532076842235,-0.40423621347653793,1.8603081913593686,2.9668931652331545,4.341248897154195,1.8496441562537551,0.08238555935064706,-0.5859281287318447,0.010664035105613534
180.0,1.8,3.047006581958732,0.5404954548762261,-0.21389836479229107,4.461816884821173,-0.7293468537451194,1.9773613514142883,2.9840376800726753,4.370354522025037,1.8563876074404693,0.06296890188605664,0.09146236279613529,0.12097374397381899
181.0,1.81,2.667413118557501,0.16291854767488018,-0.15432585454736059,4.491465759109702,-0.37276759882192473,2.382462228816407,3.0011821949121966,4.39946014689588,1.8631310586271832,-0.33376907635469566,0.0920056122138222,0.5193311701892238
182.0,1.82,3.3425864523527684,0.21490622855125938,-0.4256186236626874,4.036587343867343,-0.6007854331400838,2.4656068648609795,3.018326709751718,4.428565771766722,1.8698745098138974,0.3242597426010505,-0.391978427899379,0.5957323550470821
183.0,1.83,3.2074477383238724,0.48953130790485755,-0.278732462389772,3.6698975064528176,-0.26178582605875683,2.0043266457964273,3.0354712245912387,4.457671396637563,1.8766179610006115,0.17197651373263367,-0.7877738901847455,0.12770868479581576
184.0,1.84,3.059031518557196,0.3829733624236407,-0.3676012487102221,4.261332360236281,-0.5069795775543051,2.371902322944418,3.05261573943076,4.486777021508406,1.8833614121873257,0.006415779126435872,-0.2254446612721246,0.48854091075709216
185.0,1.85,3.2302298565858227,0.21062055323357676,-0.08950192565511957,4.710534729262772,-0.437134820416093,2.1728419823464193,3.069760254270281,4.515882646379248,1.8901048633740396,0.16046960231554186,0.19465208288352365,0.28273711897237974
186.0,1.86,2.853656558389733,0.07329607803764897,-0.20572632794027157,3.899502677631159,-0.3846560557252479,2.8957303401868355,3.086904769109802,4.544988271250091,1.8968483145607538,-0.23324821072006907,-0.6454855936189317,0.9988820256260817
187.0,1.87,3.2737422384680177,0.33033649581115404,-0.337620500133236,4.2736432625766385,-0.5810203415993958,2.0854599122898128,3.104049283949323,4.574093896120933,1.903591765747468,0.1696929545186947,-0.3004506335442949,0.18186814654234484
188.0,1.88,2.834560987003473,0.10147624076929787,-0.2271141518886633,4.507906158316097,-0.6259088440188819,2.5244939857362905,3.121193798788844,4.603199520991774,1.9103352169341818,-0.2866328117853709,-0.0952933626756769,0.6141587688021086
189.0,1.89,3.3810384363658503,0.5822298698661135,-0.2560036208853852,4.167795785285933,-0.8420400714088185,2.7137062803358787,3.1383383136283647,4.632305145862617,1.917078668120896,0.24270012273748565,-0.4645093605766837,0.7966276122149827
190.0,1.9,3.147731058016182,0.20814055810961005,-0.09425693306827118,4.024850312960757,-0.5449294172883132,2.3094534168365817,3.155482828467886,4.661410770733459,1.92382211930761,-0.007751770451704054,-0.6365604577727026,0.38563129752897174
191.0,1.91,3.5827360641975474,0.32423934165918805,-0.0760090818697002,4.273918023804299,-0.494800439176019,2.698270566303473,3.172627343307407,4.690516395604302,1.930565570494324,0.4101087208901406,-0.4165983718000028,0.7677049958091489
192.0,1.92,2.915127255842251,0.4607681475540189,-0.24155718537451448,4.726760095253926,-0.5294634988620485,2.243776847312469,3.189771858146928,4.7196220204751445,1.9373090216810382,-0.27464460230467713,0.0071380747787817,0.3064678256314308
193.0,1.93,3.0746060804453625,0.525819469098568,-0.25278714616140185,4.669433411904648,-0.3768669930876408,2.8133373854746426,3.206916372986449,4.748727645345987,1.9440524728677524,-0.1323102925410864,-0.07929423344133912,0.8692849126068902
194.0,1.94,2.8848597749175164,0.33339926905002093,-0.19618306275001504,4.265022860828668,-0.31903562130735263,2.1097807127027224,3.2240608878259702,4.77783327021683,1.9507959240544663,-0.3392011129084538,-0.5128104093881616,0.15898478864825605
195.0,1.95,3.053173527780779,0.129572046657653,-0.4331020524908077,4.347868851136639,-0.8260818702171414,2.224045212100166,3.241205402665491,4.80693889508767,1.9575393752411805,-0.18803187488471185,-0.4590700439510318,0.26650583685898566
196.0,1.96,3.27193418079188,0.5476466227481214,-0.2825867634029456,4.146204538234531,-0.24074572735366462,2.1485798927812483,3.2583499175050123,4.836044519958513,1.9642828264278946,0.013584263286867682,-0.6898399817239822,0.18429706635335363
197.0,1.97,3.440042542022744,0.39172570660782524,-0.42512504523447986,4.781717391824311,-1.0270403717888386,2.380599258360258,3.275494432344533,4.8651501448293555,1.9710262776146088,0.16454810967821087,-0.08343275300504427,0.4095729807456494
198.0,1.98,3.1819735687824617,-0.05504698718218494,-0.1216252010889823,4.753963229175147,-0.36951747786238,1.9843146149652382,3.2926389471840545,4.894255769700198,1.9777697288013227,-0.11066537840159274,-0.14029254052505102,0.006544886163915464
199.0,1.99,3.3687836973186687,0.5083161213201346,-0.3937378005235858,4.550146011148795,-0.7363560891930752,2.15675428516999,3.3097834620235753,4.923361394571041,1.984513179988037,0.05900023529509335,-0.373215383422246,0.17224110518195324
200.0,2.0,3.275007511245835,0.5274120775050342,-0.1772519688731895,4.645320368308984,-0.1836236054252919,2.57838752917488,3.3269279768630966,4.952467019441883,1.991256631174751,-0.0519204656172616,-0.3071466511328991,0.5871308980001291
201.0,2.01,3.5286058934879136,0.25325250740815675,-0.05601124301314506,4.5225544066779975,-0.23162170632844303,2.450734864382498,3.3440724917026174,4.981572644312724,1.998000082361465,0.1845334017852962,-0.4590182376347265,0.45273478202103323
202.0,2.02,3.5809264532724487,0.3684203043563076,0.11208378500546469,5.137218764059899,-0.6256025927849922,2.4545509364904605,3.3612170065421387,5.0106782691835665,2.0047435335481794,0.21970944673031,0.12654049487633223,0.44980740294228116
203.0,2.03,3.0796391929549864,0.36568423432393,-0.16573369366574547,4.761173092387737,-0.5788435130134055,2.3854121716604455,3.3783615213816596,5.039783894054409,2.0114869847348933,-0.2987223284266731,-0.2786108016666722,0.3739251869255522
204.0,2.04,2.986711573544484,0.5337901581255772,-0.15867090152604915,4.717149818892465,-0.30137056857476746,2.2456332864488746,3.395506036221181,5.068889518925252,2.0182304359216072,-0.40879446267669683,-0.35173970003278665,0.2274028505272674
205.0,2.05,3.967102560558126,0.278458754633122,-0.3675202601837096,4.11641156713005,-0.5216943656373317,2.5170249566723024,3.4126505510607017,5.097995143796094,2.024973887108321,0.5544520094974241,-0.9815835766660443,0.49205106956398126
206.0,2.06,3.533318681558556,0.17500755907775778,-0.22644288977422647,4.929998598026239,-0.6719359705438241,2.7801009243136883,3.429795065900223,5.127100768666937,2.031717338295036,0.10352361565833323,-0.19710217064069813,0.7483835860186523
207.0,2.07,3.5344835914936628,0.10635447004949973,-0.2509870398350104,4.942685806853826,-0.2981912448237433,2.3179024472760443,3.446939580739744,5.1562063935377775,2.03846078948175,0.08754401075391893,-0.21352058668395113,0.2794416577942944
208.0,2.08,3.6050412274606547,0.6353477957640102,-0.5483343032161953,5.037411004075275,-0.49551615027222806,2.5665143520205564,3.464084095579265,5.185312018408622,2.045204240668464,0.14095713188138959,-0.14790101433334701,0.5213101113520926
209.0,2.09,3.4838340125450635,0.12457626474359637,-0.2656496055634448,4.7435105563198725,-0.48854272941752014,1.8143424262736185,3.481228610418786,5.214417643279463,2.051947691855178,0.0026054021262775784,-0.47090708695959016,-0.23760526558155926
210.0,2.1,3.746655067624645,0.38534956700701106,-0.13067740053775737,4.812367155430935,-0.5603870656318156,2.2289661516099804,3.4983731252583072,5.243523268150305,2.058691143041892,0.24828194236633783,-0.4311561127193704,0.1702750085680882
211.0,2.11,3.592146878326396,0.6235265790741076,-0.21230696288873252,4.773900423126686,-0.5211647614398647,2.222598279124875,3.515517640097828,5.272628893021148,2.065434594228606,0.07662923822856804,-0.49872846989446185,0.15716368489626875
212.0,2.12,3.7486504100069373,0.44599431715309107,-0.445759109341166,5.206362526542965,-0.6926152113769425,2.559068573144017,3.5326621549373494,5.30173451789199,2.0721780454153205,0.21598825506958796,-0.09537199134902519,0.48689052772869656
213.0,2.13,3.7484792109601357,0.7224406327383519,-0.37203004823935376,5.248565729285897,-0.6386183310864099,2.397391688828182,3.54980666977687,5.330840142762833,2.0789214966020344,0.1986725411832655,-0.0822744134769362,0.3184701922261475
214.0,2.14,3.783333629342452,-0.15878094936209386,-0.1927202644956249,4.765759109112395,-0.24676608025951047,2.347024946111191,3.5669511846163915,5.3599457676336755,2.0856649477887483,0.21638244472606072,-0.5941866585212807,0.2613599983224426
215.0,2.15,3.956186418158503,0.12550081776559344,-0.38795146053947255,5.251896107496886,-0.25288207284904024,2.4279863059849305,3.5840956994559123,5.389051392504516,2.0924083989754623,0.3720907187025908,-0.13715528500762986,0.3355779070094682
216.0,2.16,3.5981867923733515,0.17086392242040305,-0.21584296918184484,4.952499890541037,-0.3827699895745232,2.0012399817038693,3.6012402142954336,5.418157017375361,2.0991518501621766,-0.0030534219220821335,-0.4656571268343237,-0.09791186845830735
217.0,2.17,3.970374698706747,0.169650952674349,-0.47716821117233005,5.310643102999938,-0.6315124339273231,2.2675022882621634,3.6183847291349545,5.447262642246201,2.1058953013488906,0.35198996957179274,-0.13661953924626324,0.1616069869132728
218.0,2.18,4.00397951785236,0.5244397545373872,-0.41782843770431266,5.532598233950459,-0.3885025180918143,2.463842899426646,3.6355292439744757,5.476368267117044,2.112638752535605,0.36845027387788454,0.05622996683341519,0.3512041468910412
219.0,2.19,3.3353573202230664,0.08678241360295759,-0.1941343304395888,4.4294518751700345,-0.56995096137512,2.4230672926551855,3.6526737588139966,5.5054738919878865,2.119382203722319,-0.31731643859093017,-1.076022016817852,0.3036850889328666
220.0,2.2,4.012069023361594,0.21472679068040307,-0.2681937742772004,4.933060394064875,-0.3564828815766807,2.7273548108629253,3.669818273653518,5.534579516858729,2.126125654909033,0.342250749708076,-0.6015191227938539,0.6012291559538925
221.0,2.21,4.342763013459399,0.5707543818299367,-0.5895069628162819,5.27864825974654,-0.2231668283364906,2.124178740624792,3.6869627884930387,5.563685141729572,2.1328691060957468,0.6558002249663599,-0.28503688198303134,-0.00869036547095492
222.0,2.22,3.4295423207149303,0.438325356928494,-0.3813905713064475,5.510710837536901,-0.23191829195619632,2.285892454441365,3.70410730333256,5.592790766600414,2.1396125572824616,-0.27456498261762974,-0.08207992906351347,0.14627989715890344
223.0,2.23,3.827346195877404,0.5940986102760486,-0.22446914656222824,5.410564133667259,-0.5080769613747103,2.9136326010529867,3.721251818172081,5.621896391471255,2.1463560084691755,0.10609437770532315,-0.21133225780399556,0.7672765925838112
224.0,2.24,3.7931516553354614,0.4516163538854651,-0.13959091504079066,5.520082682582297,-0.47642079005929144,2.5888537958051625,3.738396333011602,5.6510020163420975,2.1530994596558894,0.05475532232385927,-0.1309193337598007,0.43575433614927306
225.0,2.25,3.064219587869756,-0.2564373002899584,0.003140853850763721,5.112947060722084,-0.6891714921090762,2.186998244203831,3.755540847851123,5.68010764121294,2.1598429108426034,-0.691321259981367,-0.5671605804908557,0.02715533336122755
226.0,2.26,3.9865167019572483,0.34990077885378185,-0.2388006087860715,5.109474542301293,-0.4620445094193546,2.5243417724681168,3.772685362690644,5.709213266083783,2.1665863620293173,0.21383133926660447,-0.5997387237824894,0.35775541043879944
227.0,2.27,3.9012000265613933,0.6817655692089899,-0.49603810477498594,5.341169260270101,-0.5297868135040421,2.023363452120442,3.789829877530165,5.738318890954625,2.1733298132160317,0.11137014903122822,-0.3971496306845239,-0.14996636109558947
228.0,2.28,4.426169969711123,-0.03435930800950756,-0.7460621034026287,4.988689759602624,-0.5779410356084134,2.428738592043917,3.806974392369686,5.767424515825466,2.1800732644027456,0.6191955773414368,-0.7787347562228417,0.24866532764117144
229.0,2.29,4.180408241173093,0.08508226615471445,-0.42936704113234936,5.541355211289905,-0.3770926742876801,2.540968502186419,3.824118907209207,5.796530140696309,2.18681671558946,0.35628933396388573,-0.2551749294064036,0.354151786596959
230.0,2.3,4.05595167911491,0.055479602555542365,-0.3958012915277297,5.6104889809252585,-0.3041476727474309,2.342603322801977,3.841263422048728,5.825635765567151,2.193560166776174,0.21468825706618233,-0.21514678464189263,0.1490431560258032
231.0,2.31,4.006331810881446,-0.3371142002238882,-0.7193479318020728,5.1136917479825765,-0.28395674388365455,1.7829188563998801,3.8584079368882493,5.854741390437994,2.200303617962888,0.1479238739931965,-0.7410496424554172,-0.41738476156300774
232.0,2.32,4.041961013969242,0.3497039773486692,-0.38090666721288463,5.67238055641895,-0.5517460894206028,1.7614280905896071,3.87555245172777,5.883847015308836,2.207047069149602,0.16640856224147216,-0.2114664588898867,-0.44561897855999466
233.0,2.33,3.9161277954798406,0.6967078243148052,-0.14971343377965216,5.524167204401744,-0.4054090083761641,2.079116718630892,3.8926969665672915,5.912952640179679,2.213790520336316,0.023430828912549106,-0.388785435777935,-0.1346738017054241
234.0,2.34,4.199185813195247,0.6516167864642919,-0.4187646055502352,5.45062603381732,-0.46455314683056587,2.370015847048821,3.909841481406812,5.94205826505052,2.22053397152303,0.2893443317884352,-0.49143223123319935,0.14948187552579073
235.0,2.35,4.256825018730966,0.3211326213996069,-0.1507464571631161,6.091095134267115,-0.7077120761965559,2.559821549162674,3.926985996246334,5.971163889921364,2.2272774227097445,0.32983902248463215,0.11993124434575098,0.3325441264529294
236.0,2.36,4.476444408715136,0.16268506323968596,-0.10954165532019251,5.77574354954415,-0.8251017514525923,2.5525055814613338,3.9441305110858544,6.000269514792205,2.2340208738964584,0.5323138976292818,-0.22452596524805468,0.31848470756487535
237.0,2.37,4.309130737432168,0.03916289011488351,-0.6615574885150952,5.534644019796229,-0.38416993241378944,2.4176999378517263,3.9612750259253757,6.029375139663047,2.2407643250831724,0.3478557115067926,-0.4947311198668185,0.17693561276855396
238.0,2.38,3.937891189049185,0.1274732395473237,-0.5780247197837178,5.6686896106370765,-0.5241800050466511,1.8952270907448956,3.978419540764897,6.05848076453389,2.2475077762698863,-0.04052835171571223,-0.3897911538968133,-0.3522806855249907
239.0,2.39,4.206284060445641,0.07652330375392281,-0.08930981823327414,6.083512297667476,0.01229432043022497,2.324681953275249,3.9955640556044183,6.087586389404732,2.254251227456601,0.21072000484122233,-0.004074091737256147,0.07043072581864784
240.0,2.4,4.480868118022696,0.3098570942427087,-0.4412138178295341,5.8400013938846,-0.4752629565727149,2.753525806453309,4.012708570443939,6.116692014275575,2.260994678643315,0.46815954757875655,-0.27669062039097536,0.49253112780999375
241.0,2.41,4.423161661304631,0.8188935325110913,-0.7198244426593347,6.166276712452663,-0.8894376528562944,2.796643324639571,4.02985308528346,6.1457976391464175,2.267738129830029,0.39330857602117053,0.020479073306245432,0.5289051948095422
242.0,2.42,3.7130519478776334,0.5741181879441528,-0.3531297737991958,5.728169666358294,-0.9002693827997336,2.2119386091036173,4.046997600122982,6.174903264017258,2.274481581016743,-0.33394565224534833,-0.44673359765896414,-0.06254297191312563
243.0,2.43,3.664074680359318,0.24878487315582173,-0.2151745999035716,5.358980290171902,-0.5800893377486805,2.477957711174145,4.064142114962503,6.204008888888103,2.2812250322034573,-0.40006743460318495,-0.8450285987162003,0.19673267897068758
244.0,2.44,4.499056055838387,0.3624701925649286,-0.4989187699992177,5.9388393974064675,-0.5604117821486987,2.7178662132913196,4.081286629802023,6.233114513758943,2.2879684833901712,0.41776942603636336,-0.29427511635247594,0.4298977299011484
245.0,2.45,4.535811730268748,0.3327335992746429,-0.1724400086762384,6.066397058137151,-0.6184802486437898,2.671328815682698,4.098431144641545,6.262220138629786,2.2947119345768856,0.4373805856272037,-0.19582308049263464,0.3766168811058126
246.0,2.46,4.362663075474851,0.21839471823322776,-0.15653307899669072,5.746260081950446,-0.5817264585520527,2.890034384638517,4.115575659481066,6.2913257635006286,2.3014553857635995,0.2470874159937848,-0.5450656815501826,0.5885789988749175
247.0,2.47,4.231088305656577,0.1184931133618563,-0.35467851500917075,6.304847609503641,-0.7540156535659326,2.6164266863077534,4.132720174320587,6.320431388371471,2.3081988369503135,0.09836813133598987,-0.015583778867830134,0.30822784935743996
248.0,2.48,4.627009124353826,0.4736147480418764,-0.45653394816201925,6.23694351713475,-1.1248685324330017,2.630686192359833,4.149864689160108,6.349537013242314,2.3149422881370274,0.4771444351937184,-0.11259349610756342,0.3157439042228054
249.0,2.49,4.090075243935667,0.4471961255109688,-0.5350288546911559,6.073534193761369,-0.7350963241628414,2.7154979607243503,4.167009203999629,6.378642638113156,2.321685739323742,-0.07693396006396203,-0.3051084443517871,0.39381222140060856
250.0,2.5,3.959673244523807,0.28879418626946335,-0.6825599120167348,6.677731239241926,-0.3472908203119478,3.4183211989077384,4.18415371883915,6.407748262983997,2.3284291905104557,-0.22448047431534324,0.26998297625792933,1.0898920083972827
251.0,2.51,4.645246496185574,0.30366067220233606,-0.4516346003432019,5.97222283356447,-0.6993558741250537,2.7026329481683486,4.201298233678671,6.43685388785484,2.33517264169717,0.4439482625069031,-0.4646310542903693,0.36746030647117855
252.0,2.52,4.524572996583273,-0.005698060255372371,-0.270938028127368,5.696572786182511,-0.7729580109232843,2.6123692385783808,4.218442748518192,6.465959512725682,2.341916092883884,0.30613024806508093,-0.7693867265431713,0.27045314569449674
253.0,2.53,4.821958410564739,0.37640571917748944,-0.5864034925048591,5.635927472705688,-0.6633867315233194,2.623502227997427,4.235587263357712,6.495065137596523,2.348659544070598,0.5863711472070268,-0.8591376648908353,0.274842683926829
254.0,2.54,4.345584287084084,0.2584345483492228,-0.2664943453036456,6.549154161574277,-0.7670974126123736,2.6023582253423876,4.2527317781972345,6.524170762467367,2.3554029952573123,0.0928525088868497,0.024983399106909943,0.24695523008507525
255.0,2.55,4.121883351490463,0.1722020260923175,-0.239801509001004,6.870705771644145,-0.9362056507278594,2.4732693496113693,4.269876293036755,6.553276387338208,2.3621464464440263,-0.14799294154629195,0.31742938430593703,0.11112290316734308
256.0,2.56,4.016661234089294,-0.08428783259190159,-0.38151579005906516,7.248568281458893,-1.44743705587344,3.29253923869871,4.287020807876276,6.582382012209051,2.3688898976307406,-0.2703595737869824,0.6661862692498426,0.9236493410679691
257.0,2.57,4.768751147999778,0.40482445820628526,-0.555564416854569,6.648206057198958,-0.8996906867120771,3.1859878292747736,4.304165322715797,6.611487637079893,2.3756333488174546,0.4645858252839803,0.036718420119064454,0.8103544804573191
258.0,2.58,4.553509287141672,0.384816650802989,-0.5438816472229825,6.274685558709604,-1.2122051141454864,3.088468946661001,4.321309837555319,6.640593261950736,2.3823768000041685,0.23219944958635352,-0.365907703241132,0.7060921466568324
259.0,2.59,4.084162948846812,0.05409386035881502,0.2843801416022353,5.871578232601643,-0.5034600534354046,3.0974839938937553,4.338454352394839,6.669698886821578,2.3891202511908824,-0.25429140354802726,-0.798120654219935,0.7083637427028728
260.0,2.6,4.2075522306596325,0.2078813279939638,0.05139958676691429,5.760145662547814,-0.47586456137760264,3.1340832680932174,4.35559886723436,6.698804511692421,2.395863702377597,-0.14804663657472794,-0.9386588491446073,0.7382195657156205
261.0,2.61,4.756193701861732,0.6926930486462372,-0.2342144173960004,6.305783901721003,-0.3365921664518165,2.4700252870115404,4.372743382073882,6.727910136563262,2.4026071535643108,0.38345031978785027,-0.422126234842259,0.06741813344722969
262.0,2.62,4.118532140576773,0.3956687139408714,-0.48769570502815146,7.027591594777467,-0.5769047674963426,2.4827917736205816,4.389887896913403,6.757015761434106,2.409350604751025,-0.27135575633662956,0.27057583334336144,0.07344116886955643
263.0,2.63,4.695231346568408,0.28343558036018757,-0.12237202806779983,6.4609300249090555,-0.9035478200029532,3.071765393628279,4.407032411752923,6.786121386304947,2.416094055937739,0.288198934815485,-0.3251913613958912,0.6556713376905399
264.0,2.64,4.169085886575768,0.4321042749909779,-0.013967060737930944,7.549677888803691,-1.0378392143135189,3.1820404897707397,4.424176926592445,6.815227011175789,2.422837507124453,-0.2550910400166764,0.7344508776279017,0.7592029826462867
265.0,2.65,5.204206220825426,0.1862708516507834,0.04278062163302839,7.156299334803175,-0.9203793983729792,3.2181691931800245,4.441321441431966,6.844332636046632,2.429580958311167,0.7628847793934597,0.31196669875654326,0.7885882348688575
266.0,2.66,4.614654129565196,0.443352447852637,0.08223463561704246,6.599809480659062,-0.929033604306522,3.2642473574996895,4.458465956271487,6.8734382609174745,2.4363244094978818,0.1561881732937085,-0.2736287802584121,0.8279229480018078
267.0,2.67,4.7854928577711915,0.582595589836079,-0.15792516638092668,5.5639875256546505,-0.8634321593981145,4.101173942318367,4.475610471111008,6.902543885788317,2.4430678606845957,0.30988238666018386,-1.3385563601336665,1.658106081633771
268.0,2.68,4.794261714053287,0.30818625207717393,-0.19414448236441678,6.161070426238871,-0.38308139087708976,3.3235019425959176,4.492754985950529,6.93164951065916,2.4498113118713096,0.30150672810275836,-0.7705790844202882,0.873690630724608
269.0,2.69,5.2265696044197485,0.47084317129392544,-0.6072597426018622,6.725706410821301,-0.35207076211328175,2.5077762845592395,4.50989950079005,6.96075513553,2.4565547630580236,0.7166701036296983,-0.2350487247086992,0.05122152150121595
270.0,2.7,4.714393105964159,0.5674174886209077,-0.32346914555352113,6.685450550948913,-0.8308412497432441,2.3783895056107123,4.5270440156295715,6.989860760400845,2.463298214244738,0.18734909033458713,-0.3044102094519321,-0.08490870863402566
271.0,2.71,4.365615400872696,0.6272940733029724,-0.26571004697694595,6.578395956048282,-0.5961950510178499,3.5130970724767465,4.544188530469092,7.0189663852716855,2.470041665431452,-0.17857312959639593,-0.4405704292234036,1.0430554070452946
272.0,2.72,4.570811057205428,0.2266639049104695,-0.44465155140501195,6.762868601872698,-1.1794553187885226,3.9290142506315533,4.561333045308613,7.048072010142528,2.4767851166181662,0.009478011896814742,-0.2852034082698305,1.452229134013387
273.0,2.73,4.955722923697729,0.39714181746089633,-0.36981996428190983,7.289357828330546,-1.593067706114802,3.404798879790474,4.5784775601481345,7.077177635013371,2.48352856780488,0.37724536354959426,0.21218019331717564,0.9212703119855936
274.0,2.74,4.211922659771061,0.23142672603490505,-0.16651911284757792,6.836301160371945,-0.7336013540605569,2.5478644172011777,4.595622074987656,7.106283259884213,2.490272018991594,-0.38369941521659445,-0.26998209951226837,0.05759239820958362
275.0,2.75,4.653407148495992,0.300652931666743,-0.311129403574012,6.9005429023186995,-0.8561667531823689,2.9636101727052253,4.612766589827176,7.135388884755056,2.497015470178308,0.040640558668815885,-0.23484598243635624,0.46659470252691726
276.0,2.76,5.014545422471106,0.11838110864003373,-0.10923128985224312,6.471804492966361,-0.7718955895707247,2.8543815663155123,4.629911104666697,7.1644945096258965,2.503758921365022,0.3846343178044087,-0.6926900166595358,0.35062264495049034
277.0,2.77,4.762771487319034,0.10862590187567592,0.028033509017641615,6.814356850507939,-0.7877012079978448,2.8969492423599705,4.647055619506219,7.193600134496739,2.5105023725517364,0.11571586781281518,-0.37924328398880025,0.3864468698082342
278.0,2.78,4.453780770554024,0.5806607698420571,0.20948631691045005,6.531642549576662,-0.930395741614105,2.5998625556750397,4.664200134345739,7.222705759367582,2.5172458237384503,-0.2104193637917149,-0.6910632097909195,0.08261673193658936
279.0,2.79,4.859966653681978,1.065660172563486,0.18820408415902343,7.355433114795905,-1.2440137594616443,2.896047305136792,4.68134464918526,7.251811384238424,2.5239892749251647,0.1786220044967175,0.1036217305574807,0.3720580302116274
280.0,2.8,5.142269242130494,0.8305727431526593,-0.04634143884405732,6.687260167609616,-1.1437501807903905,2.6143562897107433,4.698489164024782,7.280917009109267,2.5307327261118786,0.4437800781057124,-0.5936568414996506,0.08362356359886469
281.0,2.81,4.642495172789756,0.5342762280245833,-0.044056842543297635,7.098852269126411,-0.8639891228340867,2.6302356402385296,4.715633678864303,7.310022633980109,2.5374761772985925,-0.07313850607454686,-0.21117036485369844,0.09275946293993709
282.0,2.82,5.151120458421542,0.13474500198945977,-0.658292253844268,7.430742261843491,-0.8743918076940281,2.908909718419378,4.732778193703823,7.33912825885095,2.5442196284853065,0.41834226471771885,0.09161400299254119,0.3646900899340717
283.0,2.83,4.709381466597656,-0.07961789087735732,-0.28007478864451657,7.380688558798115,-0.7530465338581211,3.5775412185583644,4.749922708543345,7.368233883721794,2.5509630796720213,-0.04054124194568853,0.012454675076320143,1.026578138886343
284.0,2.84,4.8342564618635215,-0.01083033383544897,-0.9298967791577599,7.456641916780939,-1.3300020098696628,3.7689372312798315,4.767067223382866,7.397339508592635,2.5577065308587352,0.06718923848065561,0.059302408188303346,1.2112307004210963
285.0,2.85,4.943391367293827,-0.4155126166700477,-0.33799215273599986,7.859005228626029,-0.9537141003611337,2.8635134569032465,4.784211738222387,7.426445133463478,2.564449982045449,0.15917962907144023,0.43256009516255123,0.2990634748577974
286.0,2.86,4.9003611889933065,0.3204819034494908,-0.5548109837275627,8.07035975161307,-0.48684612848009384,2.6379829626103524,4.801356253061908,7.45555075833432,2.571193433232163,0.09900493593139892,0.6148089932787499,0.06678952937818927
287.0,2.87,4.851414307923097,0.1852788874252365,-0.06228266460548916,7.391384333301142,-0.027686618819106987,3.035888473182431,4.818500767901429,7.484656383205163,2.5779368844188775,0.03291354002166802,-0.09327204990402116,0.45795158876355346
288.0,2.88,4.607990126864407,0.6441328971873973,-0.1621312593722897,7.263963934857309,-0.23693739981973375,2.81333623156286,4.83564528274095,7.5137620080760055,2.5846803356055914,-0.22765515587654317,-0.24979807321869618,0.22865589595726865
289.0,2.89,5.265794826692759,0.47472452255951103,-0.42496708890596047,7.151619963400723,-1.031630495841201,2.525123631826027,4.8527897975804715,7.542867632946848,2.591423786792306,0.41300502911228776,-0.3912476695461251,-0.06630015496627895
290.0,2.9,5.597061809374709,0.6171950770771405,0.20080167356305711,7.856184140391576,-0.9731961166574917,2.3041677943032735,4.869934312419992,7.571973257817689,2.5981672379790197,0.7271274969547168,0.2842108825738876,-0.29399944367574626
291.0,2.91,4.5020400108262715,0.5965184074742202,0.11040081514428206,7.794629456463838,-0.6297856172610291,2.4824850556167712,4.887078827259513,7.601078882688533,2.6049106891657337,-0.38503881643324167,0.1935505737753047,-0.12242563354896241
292.0,2.92,4.497156045325831,0.4165262437896385,-0.1894898978865471,7.101744918863868,-1.220978374431398,1.9270077364550824,4.904223342099034,7.630184507559374,2.6116541403524476,-0.40706729677320386,-0.5284395886955062,-0.6846464038973652
293.0,2.93,4.731299695548049,0.29584518599299836,-0.7690968854458281,6.59666820043124,-1.488754494858494,3.2073578130210185,4.921367856938556,7.6592901324302165,2.618397591539162,-0.19006816139050642,-1.0626219319989767,0.5889602214818566
294.0,2.94,4.516402568819649,0.6163047331752298,-1.0322211682311557,6.804840638500512,-1.4703346711349918,2.9930911978213164,4.938512371778076,7.688395757301059,2.625141042725876,-0.4221098029584267,-0.8835551188005475,0.3679501550954405
295.0,2.95,5.713291138224927,0.3554680644203841,-0.4426918783077063,6.849542841646291,-1.0065847396540677,2.9225125412386825,4.955656886617597,7.717501382171902,2.6318844939125903,0.75763425160733,-0.8679585405256107,0.29062804732609226
296.0,2.96,5.993807382018102,0.7542803968726387,-0.027900983923032415,7.186375640902315,-0.17527762614274958,2.488380769109879,4.972801401457119,7.746607007042744,2.638627945099304,1.0210059805609832,-0.560231366140429,-0.15024717598942505
297.0,2.97,5.3295000808355155,0.1560261291247687,-0.4581206499535002,7.461950767066739,0.2983151801285369,2.468392885096934,4.98994591629664,7.775712631913587,2.6453713962860186,0.33955416453887555,-0.31376186484684787,-0.17697851118908448
298.0,2.98,4.884253806417536,-0.0821574485705865,-0.41343067579953363,8.832256971925135,0.15787956469883171,2.5072014317831246,5.00709043113616,7.8048182567844275,2.6521148474727325,-0.12283662471862478,1.0274387151407076,-0.14491341568960792
299.0,2.99,5.090034427099841,0.3428082575821782,-1.112172443135853,8.66197240448982,0.06916473672351436,2.5850822040657166,5.024234945975682,7.83392388165527,2.6588582986594465,0.06579948112415934,0.8280485228345498,-0.0737760945937298
300.0,3.0,5.5831381807813,0.2887164932740185,-0.6821088460964702,8.346270857402242,-0.018425505793080808,2.829053297151831,5.041379460815203,7.863029506526113,2.665601749846161,0.5417587199660971,0.4832413508761295,0.16345154730567035
301.0,3.01,5.914794323705762,0.08405903510000583,-0.29044578731371135,7.540695230737171,-0.5419223260554465,2.213543454164074,5.058523975654723,7.892135131396955,2.6723452010328748,0.856270348051039,-0.35143990065978414,-0.4588017468688008
302.0,3.02,5.263540114991292,0.0018596705832779445,-0.5056753317414885,7.3819329376611815,-0.5978389839340554,2.5297591724387476,5.075668490494245,7.921240756267798,2.6790886522195887,0.1878716244970473,-0.5393078186066163,-0.1493294797808411
303.0,3.03,4.582201364092508,0.15851735143110315,-0.004658534262248802,8.218792930229737,-0.7632155785393205,2.7947625068611055,5.092813005333766,7.950346381138639,2.6858321034063026,-0.5106116412412582,0.2684465490910988,0.10893040345480287
304.0,3.04,4.640379910527048,0.44369988956574063,-0.2866525681010599,7.952017852705951,-1.1059803726609503,2.4950284335094604,5.109957520173287,7.979452006009481,2.692575554593017,-0.4695776096462394,-0.027434153303530273,-0.19754712108355665
305.0,3.05,4.8147644241415914,0.6735478219755447,-0.5750404970618339,8.083439108039412,-0.7935733309540712,3.4760781831059027,5.127102035012808,8.008557630880324,2.699319005779731,-0.31233761087121614,0.07488147715908866,0.7767591773261717
306.0,3.06,5.428403772781461,0.39171943568798073,-0.597735909136428,7.551702091528602,-0.61621795947594,3.2785741664742902,5.144246549852329,8.037663255751166,2.7060624569664453,0.2841572229291325,-0.4859611642225641,0.5725117095078449
307.0,3.07,5.759409746708884,0.4328854000976463,-0.7137314717803469,7.0703670107892975,-0.7569561049853036,3.7319321556507474,5.16139106469185,8.066768880622009,2.7128059081531593,0.5980186820170337,-0.9964018698327113,1.0191262474975882
308.0,3.08,5.1051711178105945,0.6821462855108651,-0.7666737910745183,6.580672070824538,-0.9616838875057724,2.9962235359045484,5.1785355795313714,8.095874505492851,2.7195493593398736,-0.07336446172077693,-1.5152024346683133,0.27667417656467475
309.0,3.09,4.873427155349182,1.0076459126267052,-0.7171783376316884,7.249181993863599,-0.9671838273926556,2.4626894067263714,5.195680094370892,8.124980130363692,2.7262928105265876,-0.3222529390217099,-0.8757981365000935,-0.2636034038002162
310.0,3.1,5.337856881392489,0.8929450798426573,-0.0306801876783742,8.225114089504654,-0.9408145563612338,2.240749940434725,5.212824609210413,8.154085755234536,2.7330362617133015,0.12503227218207602,0.07102833427011745,-0.49228632127857663
311.0,3.11,5.524723786375076,0.40300416733916916,-0.2888000045669053,8.471010565144342,-1.1920735159881366,2.4038838629909662,5.229969124049934,8.183191380105377,2.7397797129000154,0.2947546623251416,0.2878191850389644,-0.3358958499090492
312.0,3.12,6.172743438395743,0.14664445131369058,-0.9120749646478568,7.415228808949436,-1.2772998936426523,3.1575500956360947,5.247113638889456,8.21229700497622,2.74652316408673,0.9256297995062877,-0.7970681960267836,0.41102693154936487
313.0,3.13,5.460254727117539,0.17795570488614632,-0.8599699472025127,7.901528243173396,-1.2007254672520926,2.994759258590807,5.264258153728976,8.241402629847062,2.7532666152734437,0.19599657338856247,-0.33987438667366643,0.24149264331736342
314.0,3.14,5.232901997090601,0.009375533433944821,-1.2928892873725644,8.10354321220108,-0.9761213106625068,2.6576053835563878,5.281402668568497,8.270508254717905,2.760010066460158,-0.04850067147789616,-0.16696504251682498,-0.10240468290377036
315.0,3.15,5.3795238766702385,0.27369849401068225,-0.26447410572152136,8.544558679941913,-0.9818435006573829,2.5084288816033484,5.298547183408019,8.299613879588748,2.766753517646872,0.08097669326221979,0.24494480035316535,-0.2583246360435236
316.0,3.16,6.031367494633651,0.34971558587709983,0.13186335314218137,8.541357117801718,-0.7626139682475043,2.2844812759782847,5.31569169824754,8.32871950445959,2.7734969688335864,0.7156757963861109,0.21263761334212816,-0.4890156928553018
317.0,3.17,6.184686830654932,0.3338447081341498,0.17993435188137016,7.951596445878883,-1.0666278719163471,3.0583544659094426,5.33283621308706,8.35782512933043,2.7802404200203004,0.8518506175678713,-0.4062286834515483,0.27811404588914224
318.0,3.18,5.278430888173147,0.9596486865238232,-0.7016425692888515,7.708135904761745,-1.403634658619803,3.3954846172718858,5.349980727926582,8.386930754201275,2.7869838712070143,-0.07154983975343487,-0.6787948494395302,0.6085007460648715
319.0,3.19,4.812522351039218,0.5161773164356719,-0.736997899835188,7.424557014805398,-1.3373775306970592,3.0037340890948667,5.367125242766103,8.416036379072116,2.7937273223937282,-0.5546028917268853,-0.9914793642667181,0.2100067667011385
320.0,3.2,5.213296878058062,0.6079199329024002,-0.254986527083425,7.908356556212068,-1.1909806329556925,3.216312667474383,5.384269757605624,8.445142003942959,2.8004707735804426,-0.1709728795475618,-0.5367854477308907,0.41584189389394055
321.0,3.21,5.60387509153478,0.6212747702125463,0.1938501818713448,8.709393963420089,-0.5648976940422856,2.653920372205951,5.401414272445145,8.474247628813801,2.8072142247671565,0.20246081908963554,0.23514633460628787,-0.15329385256120576
322.0,3.22,6.022957173483594,0.21722712267802652,-0.17756616135679829,9.095394473116468,-0.9297410043523663,2.433891811112392,5.418558787284666,8.503353253684644,2.813957675953871,0.6043983861989277,0.5920412194318239,-0.380065864841479
323.0,3.23,5.585479948316049,0.5034695063849671,-0.47558582501880786,8.453232927603867,-0.9036841012612126,2.8068525782119416,5.435703302124187,8.532458878555486,2.820701127140585,0.14977664619186193,-0.07922595095161888,-0.01384854892864329
324.0,3.24,5.359872124879192,0.5713391841975268,-0.897834283148085,8.401358527376864,-0.9156331206850981,2.4888401684150017,5.4528478169637085,8.561564503426329,2.8274445783272992,-0.09297569208451684,-0.16020597604946474,-0.33860440991229757
325.0,3.25,5.299459808391391,0.5012839625481015,-0.9675223309498171,8.398220024540366,-1.3102815263043428,2.8825779901837234,5.469992331803229,8.59067012829717,2.834188029514013,-0.170532523411838,-0.19245010375680316,0.04838996066971024
326.0,3.26,5.110105857588356,0.05982192148875529,-0.7302968397516401,8.904438025154455,-0.8095868616246574,3.1942320212784354,5.48713684664275,8.619775753168012,2.840931480700727,-0.37703098905439436,0.2846622719864431,0.3533005405777083
327.0,3.27,5.916674077924298,0.32146738287595134,-0.46616925131749354,8.472623127290905,-0.578290913866127,3.599371611244239,5.504281361482271,8.648881378038855,2.847674931887441,0.41239271644202624,-0.17625825074794932,0.7516966793567978
328.0,3.28,6.172962232056218,-0.230284237379977,0.2838991260932722,9.117307756101942,-0.6900898008431835,3.1904705502438455,5.521425876321792,8.677987002909695,2.854418383074155,0.651536355734426,0.4393207531922467,0.33605216716969055
329.0,3.29,5.71141456860371,-0.17328295409193414,0.057482895935557596,7.8499894908854815,-0.4786859912260334,3.106291890127588,5.538570391161313,8.70709262778054,2.8611618342608693,0.17284417744239722,-0.8571031368950583,0.24513005586671888
330.0,3.3,5.900327041722047,0.42861377037940734,-0.1504663198317116,8.864121017751149,-0.4666185446374421,2.5114665112226287,5.555714906000834,8.73619825265138,2.8679052854475833,0.34461213572121263,0.1279227650997683,-0.3564387742249546
331.0,3.31,6.383891644945274,0.6780422495680486,-0.09291265127386265,8.906796025750435,-1.3739971277321956,2.8164071257834893,5.572859420840356,8.765303877522223,2.8746487366342977,0.8110322241049186,0.14149214822821143,-0.05824161085080837
332.0,3.32,5.993076249446754,0.7644032106663466,-0.43609882472075917,8.522152811037511,-1.0481025177391923,2.86166098991319,5.590003935679876,8.794409502393066,2.8813921878210116,0.40307231376687813,-0.27225669135555464,-0.019731197907821407
333.0,3.33,6.060526235828689,0.6662633568589745,-0.8334385413433826,9.632514393008073,-0.7930034236219481,2.9898372966461477,5.607148450519397,8.823515127263908,2.888135639007726,0.45337778530929196,0.8089992657441645,0.10170165763842176
334.0,3.34,5.933459799355662,0.42567495210088785,-0.5283245225632884,9.374814778780918,-0.42151025397222475,3.233162357477299,5.624292965358919,8.85262075213475,2.89487909019444,0.30916683399674305,0.5221940266461669,0.33828326728285907
335.0,3.35,4.7785402489084055,0.09322660736481389,-0.817042978114516,9.480975682302054,-0.7278433763196968,2.992759039680771,5.64143748019844,8.881726377005593,2.901622541381154,-0.8628972312900345,0.5992493052964605,0.09113649829961723
336.0,3.36,4.808879907437427,0.710994525926699,-0.5410331442802663,9.41830926636084,-0.7475620420619341,2.437013242423837,5.65858199503796,8.910832001876434,2.9083659925678678,-0.8497020876005337,0.5074772644844057,-0.4713527501440309
337.0,3.37,4.002256759843439,0.4130433552129574,-0.13477676952015158,8.00871119792514,-1.2876191210107415,2.724765816103483,5.675726509877482,8.939937626747279,2.915109443754582,-1.6734697500340427,-0.9312264288221392,-0.19034362765109902
338.0,3.38,4.5923709261531505,0.7718809669089608,-0.2599580462111688,8.512222400280542,-1.6483848063921431,2.7615612354129513,5.692871024717003,8.96904325161812,2.921852894941296,-1.1005000985638524,-0.4568208513375769,-0.1602916595283448
339.0,3.39,5.734637234561729,0.4263050078102121,-0.3509956890865679,8.718759122567361,-1.3426403514685252,2.9675731268970074,5.710015539556524,8.998148876488962,2.9285963461280105,0.02462169500520517,-0.2793897539216008,0.03897678076899691
340.0,3.4,5.357183183172699,0.1929222227615289,-0.6130326068603529,8.734616269006688,-1.2215033318389088,3.1359557422765976,5.727160054396045,9.027254501359804,2.9353397973147244,-0.3699768712233453,-0.2926382323531165,0.20061594496187318
341.0,3.41,5.730626684454324,-0.2039323731958811,-0.09762476748252812,9.064755404093848,-1.2115584582192822,3.993164380927628,5.744304569235566,9.056360126230647,2.9420832485014388,-0.013677884781241545,0.008395277863201045,1.051081132426189
342.0,3.42,6.1641927058148855,0.10496060215465565,-0.45596659822425506,8.301779558004794,-1.1067185064878782,3.647787816888702,5.761449084075087,9.08546575110149,2.9488266996881527,0.4027436217397984,-0.7836861930966954,0.6989611172005494
343.0,3.43,5.340749828414409,-0.16369374660513045,-0.4246192183437103,9.320069305337334,-0.5737070272211418,2.7049445423362584,5.778593598914608,9.114571375972332,2.9555701508748666,-0.4378437705001996,0.2054979293650021,-0.25062560853860827
344.0,3.44,4.870308795608997,0.2080738647862523,-0.2873554785455285,10.11270758647904,-0.5340528433369696,2.586909625955134,5.795738113754129,9.143677000843173,2.9623136020615806,-0.9254293181451319,0.969030585635867,-0.3754039761064467
345.0,3.45,4.786889960237725,-0.08867367902074139,-0.7327734874215177,11.174102207016837,-1.0075165028065187,2.6276623373258907,5.812882628593651,9.172782625714017,2.969057053248295,-1.0259926683559257,2.0013195813028197,-0.3413947159224042
346.0,3.46,5.699788637784209,0.5439208443417914,-1.1679605071939083,10.707221058748939,-0.9753973212619653,2.559670129146397,5.830027143433171,9.201888250584858,2.975800504435009,-0.1302385056489621,1.5053328081640807,-0.4161303752886121
347.0,3.47,6.410027276146187,0.876839036805762,-1.163213074794685,10.03214088921747,-1.2641493386893428,3.298518153301545,5.847171658272693,9.2309938754557,2.9825439556217233,0.5628556178734945,0.8011470137617689,0.3159741976798216
348.0,3.48,6.900423108998635,1.1835019506875015,-1.1264913680007025,9.671170860254396,-1.6096853386641552,3.209742426117562,5.864316173112213,9.260099500326543,2.989287406808437,1.0361069358864219,0.4110713599278526,0.2204550193091248
349.0,3.49,6.234493093370534,0.9442764279986476,-0.9119140076194693,9.114994663609142,-1.3627647852595348,3.3502966347872203,5.881460687951735,9.289205125197386,2.9960308579951516,0.35303240541879877,-0.1742104615882436,0.3542657767920687
350.0,3.5,6.575698057122461,1.0944417509681714,-0.7284600579704229,8.282745062832499,-1.0837645929080888,2.8415714895931825,5.898605202791256,9.318310750068228,3.0027743091818655,0.6770928543312049,-1.0355656872357297,-0.161202819588683
351.0,3.51,6.201991476230883,1.0116774778628392,-0.5092091439643122,8.627112251477794,-1.0968185377568853,3.091230086226044,5.915749717630776,9.347416374939069,3.0095177603685794,0.2862417586001067,-0.7203041234612755,0.08171232585746457
352.0,3.52,5.316339804756609,0.691171439580577,-0.5688836701411559,8.623836143744006,-0.7885269239327367,3.1809365638368665,5.932894232470297,9.376521999809912,3.016261211555294,-0.6165544277136883,-0.7526858560659058,0.1646753522815727
353.0,3.53,5.107771222583778,0.3489210666672882,-0.7905829511145039,8.498876699263896,-1.2482370244950547,4.321109130374699,5.950038747309819,9.405627624680754,3.0230046627420077,-0.8422675247260409,-0.9067509254168584,1.2981044676326916
354.0,3.54,5.837426207942969,0.595777405896042,-1.066313420727963,8.029453156609291,-1.1475476584631377,4.243142436693516,5.96718326214934,9.434733249551597,3.0297481139287217,-0.12975705420637063,-1.4052800929423057,1.213394322764794
355.0,3.55,6.046981567671726,0.2249817214992997,-0.25824703213623357,7.74935554037953,-1.403859839463178,4.250659984663247,5.98432777698886,9.463838874422438,3.0364915651154356,0.06265379068286592,-1.7144833340429075,1.214168419547811
356.0,3.56,6.528421655880108,0.7719125195959876,-0.20458749781074467,8.157537448020292,-1.885573835622702,3.8444439742839687,6.001472291828382,9.492944499293282,3.04323501630215,0.5269493640517267,-1.3354070512729894,0.8012089579818187
357.0,3.57,6.286262101482248,0.48541845763065855,-0.5592910267961384,8.584405179361513,-1.4423313153050408,2.5082625067548046,6.018616806667903,9.522050124164123,3.049978467488864,0.2676452948143453,-0.9376449448026101,-0.5417159607340594
358.0,3.58,5.515708240858776,0.11586650815675328,-0.5336308290729591,9.09027595301149,-0.9037711750880072,2.140930387277716,6.035761321507424,9.551155749034965,3.0567219186755783,-0.5200530806486485,-0.46087979602347495,-0.9157915313978622
359.0,3.59,5.126685149187279,0.888805238244485,-0.9075921692273343,9.518285917962299,-0.8436058153915663,2.3947400584699663,6.052905836346945,9.580261373905808,3.0634653698622922,-0.9262206871596659,-0.06197545594350906,-0.6687253113923259
360.0,3.6,5.076258920275811,0.998701305790149,-0.7545031576767246,10.680908791546665,-0.5867539450786787,2.3074707413955027,6.070050351186466,9.60936699877665,3.0702088210490066,-0.9937914309106546,1.0715417927700148,-0.7627380796535039
361.0,3.61,5.589696236013805,1.2465670875005213,-0.6293274480510752,11.215021143841582,-1.0237713317248596,2.785753016055219,6.087194866025987,9.638472623647493,3.0769522722357205,-0.4974986300121822,1.5765485201940894,-0.29119925618050146
362.0,3.62,5.66120177752424,1.2955092586679047,-0.5172626787792693,10.59277779289999,-0.8952688212315006,3.696079656353769,6.104339380865508,9.667578248518335,3.0836957234224345,-0.4431376033412686,0.9251995443816554,0.6123839329313343
363.0,3.63,6.369761338828004,1.1929923722795353,-0.7963010591447014,9.560747689852482,-1.4712468543672677,3.2532792486212267,6.121483895705029,9.696683873389176,3.0904391746091484,0.2482774431229755,-0.13593618353669434,0.16284007401207834
364.0,3.64,7.069406231871127,0.6529627203639757,-0.7170168992656606,9.082292135685229,-1.4369440647368787,3.37574390674631,6.138628410544551,9.72578949826002,3.097182625795863,0.9307778213265756,-0.6434973625747915,0.2785612809504472
365.0,3.65,6.610085859499172,0.13366865914488557,-0.4998291964688071,8.617648195747247,-1.357571473920618,2.9195444675302458,6.155772925384071,9.754895123130861,3.1039260769825767,0.45431293411510065,-1.1372469273836145,-0.18438160945233095
366.0,3.66,6.41324419077046,0.14683113467469958,-0.497359547435083,8.91404533924318,-1.2973081115854366,3.1782556342383375,6.172917440223593,9.784000748001704,3.110669528169291,0.24032675054686692,-0.8699554087585231,0.06758610606904636
367.0,3.67,5.464562080460928,-0.03505428636403582,-0.46987655421958374,9.708298110866046,-0.591699289660472,3.1236151523438007,6.190061955063113,9.813106372872547,3.117412979356005,-0.7254998746021855,-0.10480826200650029,0.006202172987795684
368.0,3.68,5.668062851142804,-0.42001848537261033,-0.9765349396257963,9.140464606480636,-0.538513855633954,3.5532238293517215,6.207206469902635,9.842211997743389,3.1241564305427194,-0.5391436187598311,-0.701747391262753,0.42906739880900213
369.0,3.69,6.504223468345935,0.27660028772229267,-1.2743117114325726,8.733015841918238,-0.7078431744601957,3.3426295575948965,6.224350984742156,9.871317622614232,3.1308998817294333,0.27987248360377937,-1.1383017806959934,0.2117296758654632
370.0,3.7,7.061977798782546,0.3850079774466374,-0.5427522017679056,9.185536376375834,-0.9657207280688228,2.948302410155415,6.241495499581677,9.900423247485074,3.1376433329161473,0.8204822992008687,-0.7148868711092398,-0.18934092276073233
371.0,3.71,7.0784752876318535,0.6772410789344538,-0.9591065500113888,9.553375293919343,-1.3317868997039606,3.5244085279426254,6.258640014421197,9.929528872355915,3.144386784102861,0.8198352732106562,-0.37615357843657193,0.38002174383976417
372.0,3.72,6.75226297686005,0.611393849055543,-0.673059080481429,8.843854400502021,-1.3712951062221348,3.6840746123118606,6.2757845292607195,9.95863449722676,3.1511302352895756,0.4764784475993302,-1.114780096724738,0.532944377022285
373.0,3.73,5.904769387922079,0.8378498003249801,-0.7430942024139316,9.135813781193109,-0.903270298339091,2.7032425796349724,6.29292904410024,9.9877401220976,3.1578736864762895,-0.3881596561781606,-0.851926340904491,-0.45463110684131713
374.0,3.74,5.67033206059787,0.45777947499688043,-0.941066461562497,9.380605403236412,-0.9280650620524132,2.2737330061519985,6.310073558939761,10.016845746968443,3.164617137663004,-0.6397414983418912,-0.6362403437320303,-0.8908841315110054
375.0,3.75,5.705531513051045,0.3557034279348323,-0.8995113448862304,10.411855136852928,-0.5348143288093636,3.643107528104842,6.327218073779282,10.045951371839285,3.171360588849718,-0.6216865607282367,0.36590376501364297,0.47174693925512434
376.0,3.76,6.463312890296272,0.4563267335314801,-1.0211433260032017,9.823937927731185,-0.5708150682190399,3.1256123438500882,6.344362588618803,10.075056996710126,3.1781040400364318,0.11895030167746956,-0.2511190689789409,-0.05249169618634353
377.0,3.77,6.814948728676763,0.7514244736977098,-1.2898140767216066,9.965300274056155,-0.7558404923103165,3.0549184660805797,6.361507103458324,10.104162621580969,3.184847491223146,0.45344162521843856,-0.13886234752481386,-0.12992902514256643
378.0,3.78,6.7109679118042855,0.8128528009635974,-1.1581149256284828,10.636607689443391,-1.4133749665766109,3.6689438745542686,6.3786516182978445,10.133268246451811,3.19159094240986,0.332316293506441,0.5033394429915798,0.47735293214440855
379.0,3.79,7.002306684715806,0.8742188206939645,-0.7934168264339624,12.378575046880398,-1.1875500617013217,3.0481440157210855,6.395796133137366,10.162373871322654,3.198334393596574,0.6065105515784399,2.216201175557744,-0.1501903778754885
380.0,3.8,7.031079170195616,0.7787147763908906,-0.7679823887961817,12.404886297454693,-1.7392109914983547,3.247265928416657,6.412940647976887,10.191479496193496,3.205077844783288,0.6181385222187288,2.213406801261197,0.04218808363336901
381.0,3.81,6.74228831623535,1.1778521252382612,-1.537860887253832,11.843237875933806,-1.6157510217337463,3.9447040072982777,6.430085162816408,10.220585121064339,3.2118212959700023,0.3122031534189418,1.622652754869467,0.7328827113282754
382.0,3.82,6.372704766930578,0.5614747046847375,-0.6197920830307599,11.970020208265522,-1.17238696499024,4.2521053002900215,6.447229677655929,10.24969074593518,3.2185647471567163,-0.0745249107253505,1.7203294623303425,1.0335405531333053
383.0,3.83,5.634996728254827,-0.27107992386384594,-0.4715269710033746,13.178405582835099,-1.09936631534243,4.077214628565056,6.464374192495451,10.278796370806024,3.2253081983434306,-0.8293774642406238,2.899609212029075,0.851906430221625
384.0,3.84,5.763065258099404,-0.040906193390148275,-0.5533633923522003,11.486652943725346,-1.5644908616616489,4.160054249438259,6.481518707334971,10.307901995676865,3.2320516495301446,-0.7184534492355672,1.1787509480484815,0.9280025999081145
385.0,3.85,7.102617678280878,0.22543027242632632,-0.4444312712632714,9.958415562633258,-1.3631677867347842,3.7821230734084237,6.498663222174493,10.337007620547707,3.238795100716859,0.6039544561063854,-0.3785920579144495,0.5433279726915647
386.0,3.86,7.542365823977547,0.5968534436877097,-0.20476721485077568,9.721803652382428,-1.4082664114521646,3.5336849445388867,6.515807737014013,10.36611324541855,3.245538551903573,1.0265580869635338,-0.6443095930361213,0.28814639263531383
387.0,3.87,7.391457774340149,0.5904385869979883,-0.7321981092645286,9.907739864167363,-1.4574226471306133,3.038763218917509,6.532952251853535,10.395218870289392,3.252282003090287,0.858505522486614,-0.48747900612202955,-0.21351878417277792
388.0,3.88,6.405647941638278,0.7635916712649858,-0.976902915182531,9.836670843876018,-1.8000765934269567,3.1542837138909303,6.550096766693056,10.424324495160235,3.2590254542770007,-0.14444882505477796,-0.5876536512842172,-0.10474174038607043
389.0,3.89,6.3214021462271885,0.5562690903993166,-0.6752919142835536,10.706764316822971,-1.7805284687833693,2.6310139861483406,6.567241281532577,10.453430120031078,3.265768905463715,-0.24583913530538837,0.2533341967918936,-0.6347549193153745
390.0,3.9,6.046260026861871,0.7554205060276685,-0.9109374789256571,10.114583731976033,-1.7211537269649764,3.9344974334314093,6.584385796372097,10.482535744901918,3.272512356650429,-0.5381257695102262,-0.3679520129258851,0.6619850767809803
391.0,3.91,5.888711295991406,1.0951558181651855,-0.9740151814989199,10.323313902650558,-0.9433358965298272,3.830727686835945,6.6015303112116195,10.511641369772763,3.2792558078371434,-0.7128190152202132,-0.18832746712220505,0.5514718789988016
392.0,3.92,7.1295778496397615,1.0928792549960298,-1.3456161141716876,10.267096920830145,-0.7880425032147766,3.672598333853439,6.61867482605114,10.540746994643603,3.2859992590238574,0.5109030235886216,-0.2736500738134584,0.38659907482958156
393.0,3.93,6.053252896647547,0.47928816097184607,-1.0288080033521902,10.94036479085955,-1.2945740801160384,4.183662616760864,6.635819340890661,10.569852619514446,3.2927427102105717,-0.5825664442431142,0.37051217134510317,0.890919906550292
394.0,3.94,7.313969782772594,0.2836106990314796,-0.5104263853760529,11.643117340600377,-1.7187602267560802,3.961361971105835,6.652963855730182,10.598958244385289,3.2994861613972857,0.661005927042412,1.044159096215088,0.6618758097085493
395.0,3.95,7.922313049141383,0.4209625274784189,-0.211937400361882,11.546114146475878,-1.1231387878410373,3.2247898706592313,6.670108370569704,10.628063869256131,3.3062296125839996,1.2522046785716796,0.9180502772197467,-0.08143974192476833
396.0,3.96,7.194080243426137,0.5506033790392707,-0.5148927681929732,11.769432383702766,-0.9056543660975273,2.538214540319848,6.687252885409224,10.657169494126974,3.3129730637707135,0.5068273580169125,1.112262889575792,-0.7747585234508656
397.0,3.97,7.068673641889538,1.1630863268922216,-0.0022029834026542298,11.177384100118438,-1.012947771430991,2.954474238702266,6.704397400248745,10.686275118997816,3.319716514957428,0.364276241640793,0.49110898112062173,-0.3652422762551617
398.0,3.98,6.638965278738734,1.1966931819942148,-0.34394922035747283,11.20971926830836,-1.5258911195217038,3.418157062441911,6.721541915088266,10.715380743868657,3.326459966144142,-0.08257663634953172,0.49433852443970316,0.09169709629776923
399.0,3.99,5.788013463512613,0.3863715738077867,-0.601419302400762,11.678150059430143,-1.6446198642456133,4.19392036491134,6.738686429927788,10.7444863687395,3.3332034173308562,-0.9506729664151754,0.9336636906906435,0.8607169475804834
400.0,4.0,5.376956394403846,-0.10397063921438314,-1.1530556879763414,11.79836599500705,-1.9802338529960064,3.920221983977047,6.755830944767308,10.773591993610342,3.33994686851757,-1.378874550363462,1.0247740013967075,0.580275115459477
401.0,4.01,5.676207441335613,-0.47298350009254925,-1.243476351904879,11.289744102008855,-2.0214119972618554,3.722477860531747,6.772975459606829,10.802697618481185,3.346690319704284,-1.0967680182712156,0.48704648352767066,0.3757875408274627
402.0,4.02,5.853171081147028,-0.4237016911085775,-0.5747389285917818,10.918511252019366,-1.4417135615212784,3.0951141300789247,6.79011997444635,10.831803243352025,3.353433770890998,-0.9369488932993217,0.08670800866734041,-0.25831964081207337
403.0,4.03,6.082298494369492,-0.16251452109565295,-0.31399935671810364,11.602639723376052,-1.5558348775660484,2.627106693947007,6.807264489285872,10.86090886822287,3.3601772220777124,-0.7249659949163805,0.7417308551531825,-0.7330705281307055
404.0,4.04,6.287696817523207,-0.20929558967021475,-0.30354808228786345,11.727269651043459,-1.8545277901093042,3.1464741365143523,6.824409004125393,10.89001449309371,3.366920673264427,-0.5367121866021858,0.8372551579497483,-0.22044653675007453
405.0,4.05,5.709442305365633,0.021109982179066063,0.029399405899252825,10.444970166127778,-1.7273424702183549,3.30931341189892,6.841553518964913,10.919120117964553,3.3736641244511407,-1.1321112135992797,-0.47414995183677533,-0.06435071255222091
406.0,4.06,5.687800814710807,0.35440083668348715,-0.100897753258956,10.000886495156553,-1.0808197875204846,2.681157768275409,6.858698033804434,10.948225742835394,3.3804075756378547,-1.1708972190936278,-0.9473392476788405,-0.6992498073624458
407.0,4.07,6.118024319950852,0.16521665530509944,0.07237679412865554,10.622744793006662,-0.7517368831940505,3.1888021177754617,6.8758425486439565,10.977331367706238,3.387151026824569,-0.7578182286931048,-0.3545865746995762,-0.1983489090491073
408.0,4.08,5.888062359037528,0.36998153492344577,-0.5773737766095387,11.314030137004716,-0.7429847863094305,3.135409186936621,6.892987063483477,11.00643699257708,3.393894478011283,-1.0049247044459486,0.30759314442763497,-0.258485291074662
409.0,4.09,6.472837717273909,0.23341111700938777,-0.5366203074772488,10.501546734629082,-0.6945904244213672,3.401489935603197,6.910131578322997,11.035542617447922,3.400637929197997,-0.4372938610490884,-0.5339958828188394,0.0008520064052000009
410.0,4.1,7.557200816019466,0.08714672016406562,-0.3487191446094464,10.149499090717134,-1.0386328591715097,4.053121942065476,6.927276093162519,11.064648242318764,3.407381380384711,0.6299247228569476,-0.9151491516016304,0.6457405616807654
411.0,4.11,6.621195083811486,0.4194947697396516,-0.2741798378095431,10.522308952338877,-1.2229413184471543,3.5781453696374594,6.944420608002041,11.093753867189609,3.4141248315714257,-0.32322552419055484,-0.5714449148507317,0.16402053806603378
412.0,4.12,6.4832172190293464,0.34348695759310727,-0.1421215813001133,10.666297347435698,-1.7561613192604169,3.8875817116306526,6.961565122841561,11.12285949206045,3.4208682827581396,-0.4783479038122147,-0.4565621446247512,0.466713428872513
413.0,4.13,6.896607420459303,0.5672468327652237,-0.1857431489496996,10.519938879758378,-2.435333502491527,3.9563270642711434,6.9787096376810815,11.151965116931292,3.4276117339448535,-0.08210221722177824,-0.632026237172914,0.5287153303262899
414.0,4.14,5.9553773648181965,0.8607855088727326,-0.4382232236421652,11.046475747462447,-1.8383311272772118,3.434149339623811,6.995854152520603,11.181070741802133,3.4343551851315675,-1.0404767877024064,-0.13459499433968602,-0.0002058455077564858
415.0,4.15,5.349743027419191,0.5634988397083213,-0.11161729736305874,11.307787092249916,-2.7350740080578713,4.234049192057538,7.012998667360125,11.210176366672977,3.441098636318282,-1.6632556399409344,0.0976107255769385,0.7929505557392558
416.0,4.16,5.470674651332559,1.108934404113251,-0.04010412585034948,10.3543671023499,-1.9698766887622634,4.294086131551322,7.030143182199645,11.23928199154382,3.4478420875049958,-1.5594685308670861,-0.8849148891939187,0.8462440440463261
417.0,4.17,6.015911439735532,1.510767814153776,-0.565422493396978,10.373250834349768,-1.7483608676090328,3.79952739279629,7.047287697039166,11.26838761641466,3.4545855386917097,-1.0313762573036334,-0.8951367820648919,0.34494185410458034
418.0,4.18,6.203414810821361,1.1317184676594216,-0.6665756518399335,11.365942467580899,-1.75633079626397,3.1139821018617915,7.064432211878687,11.297493241285503,3.4613289898784236,-0.8610174010573264,0.06844922629539596,-0.34734688801663216
419.0,4.19,7.0959746086902795,1.3565893115578567,-1.9915956901935215,11.23663604814089,-2.0212866969440135,3.654057406101732,7.081576726718209,11.326598866156347,3.4680724410651385,0.014397881972070259,-0.08996281801545791,0.18598496503659367
420.0,4.2,7.56794540982743,1.423975715810072,-1.6424926378621747,11.474515856040886,-1.8536469654925212,3.8761615380935406,7.09872124155773,11.355704491027188,3.4748158922518524,0.46922416826970004,0.11881136501369838,0.4013456458416882
421.0,4.21,7.110348254283856,1.546163365602662,-1.6674349588664183,11.977044182316023,-1.916513963740689,3.774579105357988,7.115865756397251,11.38481011589803,3.4815593434385663,-0.0055175021133946345,0.5922340664179924,0.2930197619194215
422.0,4.22,7.25075200357521,1.9705509320333299,-1.4232872525894005,12.049264776709196,-1.6214197302720106,3.5881291230058796,7.133010271236771,11.413915740768871,3.4883027946252803,0.11774173233843843,0.6353490359403242,0.09982632838059935
423.0,4.23,7.627374842395879,1.4926556574301748,-1.3679368854947502,12.5987118877501,-1.6647446741896856,3.865976123169018,7.1501547860762935,11.443021365639716,3.4950462458119946,0.4772200563195854,1.155690522110385,0.3709298773570233
424.0,4.24,7.58296024509509,1.5789222442789521,-0.5920956231165203,13.087805896068621,-1.9091898698776755,4.80601124928467,7.167299300915814,11.472126990510558,3.5017896969987086,0.415660944179276,1.6156789055580631,1.3042215522859615
425.0,4.25,6.421527801340334,0.8925091439869681,-0.595416302884483,12.206650578023071,-1.4521084406088918,4.090073620669937,7.184443815755335,11.501232615381399,3.5085331481854225,-0.7629160144150013,0.7054179626416719,0.5815404724845146
426.0,4.26,6.7625225099084165,0.3226109878234968,0.04022655269494052,12.447579065428664,-1.3522651620180945,4.151674174999985,7.201588330594856,11.530338240252242,3.5152765993721364,-0.43906582068643907,0.9172408251764228,0.6363975756278486
427.0,4.27,7.1932290890434745,-0.29979117908528924,0.49492599085547545,12.420662522320171,-1.6648726084756285,4.580175632487337,7.218732845434376,11.559443865123082,3.5220200505588504,-0.025503756390901522,0.8612186571970888,1.0581555819284865
428.0,4.28,6.8658474317482,-0.4212405278201763,-0.026691884742496553,12.569730014769219,-1.0065922142463701,4.281815874539992,7.235877360273898,11.588549489993927,3.528763501745565,-0.3700299285256978,0.9811805247752918,0.7530523727944272
429.0,4.29,7.201424886326575,-0.01914542533789716,-0.8120239459240458,11.561497069176747,-1.0979375715992472,3.879442083738411,7.2530218751134194,11.61765511486477,3.535506952932279,-0.05159698878684438,-0.056158045688022185,0.3439351308061318
430.0,4.3,6.841379324508974,-0.3565801343727592,-0.8450425409926752,11.769724795312099,-1.407447331524098,4.197682430769099,7.27016638995294,11.64676073973561,3.542250404118993,-0.4287870654439656,0.12296405557648882,0.6554320266501059
431.0,4.31,6.603891819658072,-0.13150481104141035,-0.10913761494647047,11.540616003541675,-1.4207387654351253,4.053755707681573,7.28731090479246,11.675866364606453,3.548993855305707,-0.6834190851343882,-0.13525036106477728,0.5047618523758657
432.0,4.32,5.83195363194172,0.1801909131196982,-0.7270617257216571,11.636056821016393,-1.533184696122612,3.305668245646905,7.304455419631982,11.704971989477297,3.5557373064924214,-1.4725017876902626,-0.0689151684609044,-0.2500690608455165
433.0,4.33,7.73026987779312,1.151096860982897,-0.8822318892297163,11.973984369483684,-2.0754540493547133,2.996176344027774,7.321599934471504,11.734077614348138,3.5624807576791353,0.4086699433216161,0.2399067551355465,-0.5663044136513613
434.0,4.34,8.748934985582494,1.6424836460662826,-0.6119289675808356,12.563548446509143,-1.9379420837330943,2.604351186396055,7.338744449311024,11.76318323921898,3.5692242088658492,1.41019053627147,0.800365207290163,-0.9648730224697943
435.0,4.35,8.476516497065468,0.9410525755255749,-0.27585600434887236,12.973192871766237,-1.4525548464632554,2.899901386739114,7.3558889641505445,11.792288864089821,3.575967660052563,1.1206275329149236,1.180904007676416,-0.6760662733134493
436.0,4.36,7.477128784539234,0.6794212653464464,0.2656259754930266,13.281836046507475,-0.7923526920982545,3.001035527599929,7.373033478990067,11.821394488960665,3.582711111239278,0.10409530554916735,1.46044155754681,-0.581675583639349
437.0,4.37,6.941386112299123,0.5490388544286335,0.10959959758626248,14.09463589149939,-1.4098978327637193,2.741316263898192,7.390177993829588,11.850500113831508,3.589454562425992,-0.44879188153046456,2.244135777667882,-0.8481382985277999
438.0,4.38,6.347633107040774,0.2890694260396697,0.10208756072061856,13.052901591950421,-1.8778921803747544,2.9059754827298745,7.407322508669108,11.879605738702349,3.596198013612706,-1.0596894016283347,1.1732958532480726,-0.6902225308828314
439.0,4.39,7.019899637850328,0.08996479868105259,-0.33498224975811053,12.668763861440475,-2.251829890995159,3.6927551101284375,7.424467023508629,11.908711363573191,3.60294146479942,-0.40456738565830097,0.7600524978672833,0.0898136453290177
440.0,4.4,6.7163243646621344,1.2117076852813116,-0.90815352919541,13.774301361697958,-2.25682489224525,3.601506585903937,7.441611538348151,11.937816988444036,3.609684915986134,-0.7252871736860165,1.8364843732539224,-0.00817833008219715
441.0,4.41,6.174413673404226,1.495478092271936,-0.497506578188586,12.589171092222017,-2.0572290622092297,3.4296423133039293,7.458756053187672,11.966922613314877,3.616428367172848,-1.2843423797834461,0.6222484789071405,-0.18678605386891878
442.0,4.42,5.743448860300009,1.1935745611950392,-0.24530196287132877,11.085111002132468,-1.9199314086115353,2.56275481066094,7.475900568027193,11.996028238185719,3.623171818359562,-1.7324517077271837,-0.9109172360532511,-1.060417007698622
443.0,4.43,5.675078457281106,1.2049996884097307,-0.22324935986205058,11.452289404001469,-2.0473989140233892,2.445730288546299,7.493045082866713,12.02513386305656,3.629915269546276,-1.8179666255856066,-0.5728444590550907,-1.184184980999977
444.0,4.44,7.0652873868695005,1.5423686504846577,-0.3150129645478692,11.96594768361049,-1.8452860362302894,2.6301322657499906,7.510189597706235,12.054239487927404,3.636658720732991,-0.44490221083673465,-0.08829180431691341,-1.0065264549830002
445.0,4.45,7.750226700159637,1.9017617074245992,-0.8922078148214634,11.070949909249906,-1.5877242952665922,3.420215409359601,7.5273341125457565,12.083345112798247,3.6434021719197047,0.22289258761388098,-1.0123952035483406,-0.2231867625601036
446.0,4.46,8.383596989152478,1.536693412099796,-0.10802392677958818,10.997891314561835,-0.8948989617011134,4.156548580613267,7.544478627385277,12.112450737669088,3.6501456231064187,0.8391183617672011,-1.1145594231072522,0.506402957506848
447.0,4.47,7.899720674462437,1.3860499284806556,-0.14207950529367744,12.132716909318622,-0.8522763040339818,3.5527637474580613,7.561623142224797,12.14155636253993,3.6568890742931326,0.33809753223764005,-0.008839453221307636,-0.10412532683507125
448.0,4.48,8.47110479524899,1.087614948113502,0.2923503975871248,11.819812939883116,-0.7230292424092686,3.0213265667770703,7.578767657064319,12.170661987410773,3.663632525479847,0.8923371381846712,-0.35084904752765667,-0.6423059587027766
449.0,4.49,7.68556806918522,0.030445480167547456,0.4992443936012016,11.598787308563237,-1.310200828695162,4.176124241450871,7.595912171903841,12.199767612281615,3.670375976666561,0.08965589728137946,-0.6009803037183783,0.5057482647843097
450.0,4.5,7.193826672550238,-0.15038103698073757,0.10881297941452592,12.133148665340768,-1.4999828980199228,3.6187557165810023,7.613056686743361,12.228873237152456,3.677119427853275,-0.4192300141931229,-0.09572457181168836,-0.05836371127227258
451.0,4.51,7.591556337881184,1.0675512869254609,-0.30455047921740147,12.861730334510836,-1.3305708751415954,3.404305449200151,7.6302012015828815,12.257978862023299,3.6838628790399888,-0.038644863701697396,0.6037514724875379,-0.27955742983983756
452.0,4.52,7.515977255205285,1.2694219901526778,-0.580063416062009,12.065675914869102,-1.4345013781300062,3.5218218833519743,7.647345716422403,12.287084486894141,3.6906063302267027,-0.13136846121711798,-0.22140857202503916,-0.16878444687472838
453.0,4.53,5.948325016564948,0.9409911024995273,-0.8600271337413321,11.804931137249179,-1.3665595011202112,2.881440420957409,7.664490231261925,12.316190111764984,3.6973497814134175,-1.7161652146969768,-0.5112589745158047,-0.8159093604560086
454.0,4.54,5.636728181848714,0.9755236757159597,-0.747617742028235,12.66060662216716,-1.7697747059452873,2.663367180269187,7.681634746101445,12.345295736635826,3.7040932326001315,-2.0449065642527318,0.3153108855313338,-1.0407260523309443
455.0,4.55,6.299129719858362,0.6925521273180307,-0.5418875554130275,12.449048158406766,-0.9628314536563755,2.387369659970719,7.698779260940966,12.374401361506667,3.7108366837868454,-1.3996495410826038,0.07464679690009923,-1.3234670238161264
456.0,4.56,7.462736824043201,-0.0820644838108459,-0.544231198505943,11.234059164889405,-0.399716013943178,2.281546225719471,7.715923775780487,12.40350698637751,3.7175801349735593,-0.2531869517372858,-1.1694478214881041,-1.4360339092540881
457.0,4.57,7.381824571533108,-0.18215013329609167,-0.705697300805285,11.694428330937251,0.015083407187718473,3.866611750040228,7.733068290620009,12.432612611248354,3.7243235861602737,-0.35124371908690133,-0.7381842803111027,0.14228816387995424
458.0,4.58,7.628332125045407,-0.4573205042194969,-0.7031686585542047,13.501373365982955,-0.1885160164648081,3.1275483918457465,7.75021280545953,12.461718236119195,3.7310670373469876,-0.12188068041412237,1.0396551298637604,-0.6035186455012411
459.0,4.59,7.712905313933084,-0.5501259758793947,-0.9089232305212629,13.694125404994491,0.16264662716430195,3.0622444713867196,7.767357320299051,12.490823860990037,3.7378104885337016,-0.05445200636596681,1.2033015440044537,-0.675566017146982
460.0,4.6,7.94748916965628,-0.5885726765985453,-1.4368145137451112,13.274300821195293,-0.265130267221321,3.3387925105251663,7.784501835138571,12.519929485860878,3.7445539397204155,0.16298733451770886,0.7543713353344152,-0.40576142919524916
461.0,4.61,7.888032380200448,-0.5344531426434296,-1.186264040488006,12.197446236790192,-0.4704485901727663,3.2691415274772586,7.8016463499780935,12.549035110731722,3.7512973909071303,0.08638603022235447,-0.35158887394153027,-0.4821558634298717
462.0,4.62,8.245118471430061,-0.6689684756712013,-1.762116352569885,11.911565519216229,-0.24739172093149397,2.592757890512934,7.818790864817614,12.578140735602565,3.7580408420938443,0.42632760661244706,-0.6665752163863363,-1.1652829515809104
463.0,4.63,8.603350668293073,0.0037417060998227065,-1.5263340546592161,12.819545668537097,-1.3635434802147006,2.8799103016677523,7.835935379657135,12.607246360473406,3.764784293280558,0.767415288635938,0.21229930806369168,-0.8848739916128059
464.0,4.64,8.283245948418449,0.7511164189821898,-1.1455489885452732,13.13988486369497,-1.3800795361211968,2.786587455155202,7.8530798944966556,12.636351985344248,3.771527744467272,0.4301660539217931,0.5035328783507218,-0.9849402893120702
465.0,4.65,7.8548725993638975,0.2426696527599506,0.07929135893329842,12.735894483451032,-1.4195395906922779,3.1484150438784924,7.870224409336178,12.665457610215093,3.7782711956539865,-0.01535180997228025,0.0704368732359395,-0.6298561517754941
466.0,4.66,6.883383534003618,0.22102856610738056,-0.1627489541214871,12.20298476518552,-1.7621886684969172,3.503851772143861,7.887368924175698,12.694563235085933,3.7850146468407004,-1.0039853901720805,-0.4915784699004142,-0.28116287469683954
467.0,4.67,6.993792414370145,0.2216526214996096,-0.2203353461094561,11.87623138241328,-1.7894244468401252,3.19975339034092,7.9045134390152185,12.723668859956776,3.7917580980274144,-0.9107210246450732,-0.8474374775434956,-0.5920047076864945
468.0,4.68,8.070208131002122,0.6280986594253358,-0.11243243945909515,11.374477026054715,-1.2495066770766963,3.9434974926255975,7.921657953854739,12.752774484827617,3.7985015492141283,0.14855017714738317,-1.3782974587729022,0.14499594341146915
469.0,4.69,8.853333900317708,1.0181315568319698,0.501818054340396,12.93393727813581,-1.2843852368587871,4.365699545932639,7.938802468694261,12.781880109698461,3.805245000400843,0.9145314316234465,0.15205716843734862,0.5604545455317957
470.0,4.7,9.412546166690438,1.021669891123537,0.552927855654486,13.399424427348508,-1.611678799399864,3.2262302246812258,7.955946983533783,12.810985734569304,3.811988451587557,1.456599183156655,0.5884386927792047,-0.5857582269063313
471.0,4.71,8.294346413728134,-0.15919664402483025,0.7667074592412016,12.582389405152878,-1.5150455107386889,3.422307576595782,7.973091498373304,12.840091359440144,3.818731902774271,0.32125491535482986,-0.25770195428726694,-0.3964243261784888
472.0,4.72,7.576804734453338,-0.1754674027675445,0.39200115055053,12.435175695717025,-2.205615580350513,3.797354847087001,7.990236013212824,12.869196984310987,3.825475353960985,-0.4134312787594858,-0.4340212885939625,-0.02812050687398404
473.0,4.73,6.890956657008475,0.14933048099559545,-0.41468270292774206,11.799625822413157,-1.9119358869632666,3.2487225201195185,8.007380528052346,12.898302609181831,3.8322188051476993,-1.116423871043871,-1.0986767867686744,-0.5834962850281808
474.0,4.74,7.443942283789407,0.15910097402575382,-0.7827761319467903,11.89787648410044,-1.1601937519045127,3.2756369618262617,8.024525042891867,12.927408234052672,3.8389622563344132,-0.5805827591024597,-1.0295317499522323,-0.5633252945081515
475.0,4.75,7.633664940460051,0.5530282679039326,-1.2055118402635485,11.930792038362991,-1.5608884205388585,2.8098930596083553,8.041669557731387,12.956513858923515,3.845705707521127,-0.4080046172713363,-1.0257218205605234,-1.0358126479127718
476.0,4.76,6.7743191675423065,1.4339434470261936,-1.5725805043680623,12.452539177198398,-1.765160073176833,2.515527047153802,8.05881407257091,12.985619483794355,3.852449158707841,-1.2844949050286028,-0.5330803065959575,-1.3369221115540393
477.0,4.77,6.434474706153075,0.9351721322332838,-1.1136523150844706,12.132920324026967,-1.6846309540526654,2.6561770603966526,8.07595858741043,13.014725108665198,3.859192609894555,-1.6414838812573542,-0.8818047846382306,-1.2030155494979025
478.0,4.78,7.126345026950745,0.5661772488607912,-0.7931713590738009,12.291240989570678,-1.6019921872481093,3.5798115844902845,8.093103102249952,13.043830733536042,3.86593606108127,-0.9667580752992064,-0.7525897439653644,-0.2861244765909854
479.0,4.79,7.80448615559777,0.9268722898922722,-1.1854337839472684,13.58281461776702,-1.929376232307581,3.5083038636398314,8.110247617089472,13.072936358406883,3.872679512267984,-0.30576146149170214,0.5098782593601374,-0.3643756486281524
480.0,4.8,8.1617573054312,0.9594446501655378,-0.8083031653818755,14.59553867368909,-1.690527475533909,3.42735590861942,8.127392131928993,13.102041983277726,3.8794229634546977,0.03436517350220747,1.493496690411364,-0.45206705483527765
481.0,4.81,9.274888797904945,1.7545752901744756,-0.953373556854458,14.491998142110106,-1.396272652741552,3.9876030705954344,8.144536646768513,13.131147608148567,3.8861664146414117,1.1303521511364316,1.360850533961539,0.10143665595402274
482.0,4.82,8.938009060096531,2.5570353235794028,-0.9356571355714934,15.083349624461615,-0.9595679685372895,3.3354894519325335,8.161681161608035,13.16025323301941,3.892909865828126,0.7763278984884963,1.9230963914422041,-0.5574204138955925
483.0,4.83,8.921074618027163,2.2648194007713034,-0.3611455246079003,15.757287798370815,-1.2479933526229914,2.898444521321027,8.178825676447556,13.189358857890253,3.89965331701484,0.7422489415796072,2.567928940480561,-1.0012087956938132
484.0,4.84,8.343299967574762,1.8807329474595293,-0.4745081654481005,14.432124282836599,-1.2091849160266206,2.54117727197629,8.195970191287078,13.218464482761094,3.906396768201554,0.14732977628768396,1.2136598000755043,-1.3652194962252637
485.0,4.85,7.5384692405049885,1.911666502955136,-0.7612094943158988,13.616587652171066,-0.9561338720005197,3.0680281800689717,8.213114706126598,13.247570107631937,3.913140219388268,-0.6746454656216097,0.3690175445391297,-0.8451120393192961
486.0,4.86,7.556652569933713,1.7262920752104336,-0.7320997975471271,13.038082152072393,-0.83590427338981,3.006851142467947,8.23025922096612,13.276675732502781,3.9198836705749827,-0.673606651032407,-0.23859358043038803,-0.9130325281070357
487.0,4.87,7.006353533748635,1.0217756212269107,-1.3670519116734705,13.502924845651206,-1.4136929094339385,2.703729984167234,8.24740373580564,13.305781357373622,3.9266271217616966,-1.2410502020570053,0.1971434882775842,-1.2228971375944626
488.0,4.88,7.458006283118671,0.6668797210257426,-1.2032010547894123,13.960507667642506,-1.95658023943294,2.70813551335994,8.264548250645161,13.334886982244464,3.9333705729484105,-0.8065419675264902,0.6256206853980419,-1.2252350595884707
489.0,4.89,7.119772223667655,0.5110552003241422,-1.124173741248697,14.394804774719736,-1.0463616588181779,2.2407926929412585,8.281692765484681,13.363992607115305,3.9401140241351245,-1.1619205418170262,1.0308121676044308,-1.699321331193866
490.0,4.9,8.317251794833805,0.14416771980497328,-0.3929450503276409,13.864122053041408,-1.360325046017473,2.7317246386919596,8.298837280324204,13.39309823198615,3.946857475321839,0.018414514509601076,0.4710238210552582,-1.2151328366298793
491.0,4.91,8.732235299687018,-0.5798994816296263,-0.6036072267818416,13.134641936233132,-1.812192823650238,3.2197823060290376,8.315981795163724,13.422203856856992,3.9536009265085528,0.41625350452329357,-0.28756192062386,-0.7338186204795152
492.0,4.92,9.602581408068888,-0.9972628514593807,-0.24304391938132355,13.188782871028351,-1.6303019852382565,3.204120550922471,8.333126310003246,13.451309481727833,3.9603443776952667,1.2694550980656416,-0.26252661069948147,-0.7562238267727959
493.0,4.93,10.319763804779544,-1.7022508541936918,0.12555988020697517,12.230138961443526,-1.1708422623046701,3.850245374313068,8.350270824842767,13.480415106598675,3.967087828881981,1.9694929799367777,-1.2502761451551496,-0.11684245456891329
494.0,4.94,10.326434507379494,-1.811964711961739,-0.4110452455371494,14.49913481272877,-1.4161352077148381,3.59075681646645,8.367415339682289,13.50952073146952,3.9738312800686955,1.959019167697205,0.9896140812592495,-0.3830744636022456
495.0,4.95,11.552121576396651,-1.024685411845876,-0.6704328073088568,15.022439693693045,-1.7132734422604592,3.404084096651883,8.38455985452181,13.53862635634036,3.9805747312554094,3.1675617218748418,1.483813337352684,-0.5764906346035263
496.0,4.96,11.090274143200107,-0.4135108146421029,-1.2456160106961822,14.502680437107609,-1.766351446220963,3.5568625182866596,8.40170436936133,13.567731981211203,3.9873181824421233,2.6885697738387773,0.9349484558964054,-0.43045566415546377
497.0,4.97,11.117880753352004,0.27880712489849224,-1.591685210550981,13.921462658119342,-1.6455501043290142,3.417492819264962,8.41884888420085,13.596837606082044,3.9940616336288373,2.6990318691511543,0.3246250520372982,-0.5765688143638754
498.0,4.98,10.209712601676973,0.5934962083959658,-1.9316695667365653,14.106671111818827,-1.1869160908366128,3.5707709979932822,8.435993399040372,13.625943230952888,4.000805084815552,1.7737192026366007,0.4807278808659383,-0.4300340868222694
499.0,4.99,10.253098023585235,0.4021306041551691,-2.221528326661801,14.355262709970114,-1.0427112839698078,3.7398392863337513,8.453137913879893,13.655048855823729,4.007548536002266,1.7999601097053421,0.7002138541463854,-0.2677092496685143
500.0,5.0,10.749355827395714,0.7522354037744811,-2.7299242362246043,14.944756556615452,-1.190246702734828,3.246004748195443,8.470282428719415,13.684154480694572,4.0142919871889795,2.2790733986762994,1.2606020759208807,-0.7682872389935365
