0     658       -10.64109850      3.17759113     -0.97885320
1     658       -10.65278162      3.16533032     -1.02106433
2     658       -10.64035216      3.14876494     -1.04944710
3     658       -10.63225966      3.14880926     -1.02924396
4     658       -10.64503421      3.17107751     -0.97350136
5     658       -10.64371058      3.19318942     -0.89768778
6     658       -10.61844104      3.20278363     -0.81956056
7     658       -10.58083739      3.20392286     -0.73862733
8     658       -10.56119906      3.19107494     -0.67439965
9     658       -10.57154953      3.18723040     -0.63180145
10    658       -10.58240572      3.20336826     -0.59110203
11    658       -10.55633665      3.26011628     -0.56177315
12    658       -10.48399248      3.32384188     -0.55519494
13    658       -10.37683561      3.35094014     -0.57628984
14    658       -10.28385099      3.33847905     -0.61670104
15    658       -10.22599506      3.31798837     -0.67931162
16    658       -10.18574290      3.31232878     -0.73353258
17    658       -10.14373489      3.31141612     -0.75202176
18    658       -10.10097897      3.32220155     -0.72947654
19    658       -10.05578392      3.33804412     -0.67957702
20    658       -10.00787855      3.35752997     -0.62949650
21    658        -9.96877429      3.37305941     -0.60745761
22    658        -9.94775436      3.38906240     -0.60632716
23    658        -9.95489241      3.39560650     -0.59985786
24    658        -9.97723721      3.39291821     -0.57928259
25    658       -10.01166029      3.38138877     -0.55021622
26    658       -10.05473753      3.35373665     -0.51013989
27    658       -10.09139009      3.30735439     -0.46966735
28    658       -10.13289269      3.26958974     -0.43451828
29    658       -10.20302932      3.26460479     -0.40594148
30    658       -10.26319083      3.28925986     -0.36552222
31    658       -10.27252560      3.32158148     -0.30749775
32    658       -10.23681162      3.33701437     -0.24394234
33    658       -10.18580972      3.31545788     -0.21196088
34    658       -10.15177695      3.25971825     -0.20216293
35    658       -10.13576120      3.19483849     -0.18744629
36    658       -10.13262333      3.15604702     -0.18920136
37    658       -10.12346099      3.12143487     -0.23144379
38    658       -10.12814371      3.07399869     -0.29595345
39    658       -10.14704369      3.04090706     -0.34403778
40    658       -10.17274097      3.04042679     -0.37437955
41    658       -10.19569429      3.05418556     -0.39797599
42    658       -10.21216821      3.05547734     -0.42827849
43    658       -10.21808380      3.03323099     -0.47385074
44    658       -10.20157854      3.00022420     -0.54840350
45    658       -10.18884650      2.98337739     -0.64586630
46    658       -10.19615020      2.95782017     -0.74619168
47    658       -10.21198202      2.91974699     -0.82769069
48    658       -10.20094432      2.88794901     -0.89798283
49    658       -10.18212861      2.86968066     -0.96768341
50    658       -10.18729936      2.83754682     -1.02855948
51    658       -10.21300732      2.77316338     -1.08094177
52    658       -10.22547377      2.68886585     -1.12569317
53    658       -10.22728699      2.62371465     -1.13166923
54    658       -10.22918685      2.60777160     -1.12218723
55    658       -10.23534996      2.64395010     -1.13738272
56    658       -10.23264826      2.70440805     -1.16334481
57    658       -10.22741905      2.76691653     -1.18223003
58    658       -10.22579144      2.83400662     -1.19387906
59    658       -10.22434133      2.91044375     -1.21891705
60    658       -10.22325011      2.98030021     -1.25734700
61    658       -10.23589391      3.01821532     -1.29555946
62    658       -10.26330756      3.01700533     -1.31537565
63    658       -10.28251395      2.98076375     -1.30940622
64    658       -10.29098832      2.93682553     -1.27749836
65    658       -10.30754080      2.91382280     -1.24299562
66    658       -10.33878078      2.91458052     -1.20839116
67    658       -10.35422480      2.94077130     -1.16129869
68    658       -10.34298102      2.97964984     -1.12078696
69    658       -10.31734320      3.03988746     -1.08207468
70    658       -10.31090468      3.10280110     -1.04293693
71    658       -10.32127885      3.13861913     -1.01932412
72    658       -10.32518133      3.14410240     -1.03834789
73    658       -10.32579006      3.11917550     -1.06981785
74    658       -10.33157806      3.09662845     -1.09099318
75    658       -10.34073057      3.09366488     -1.10582052
76    658       -10.34619172      3.12233468     -1.11906885
77    658       -10.34863107      3.15061629     -1.11590650
78    658       -10.34763727      3.16086179     -1.08478902
79    658       -10.35372487      3.16974250     -1.03071176
80    658       -10.36313761      3.17354903     -0.95624648
81    658       -10.37359813      3.16714788     -0.86482621
82    658       -10.38539153      3.16089577     -0.76270398
83    658       -10.41224175      3.18486459     -0.68785849
84    658       -10.45293019      3.23847701     -0.65038433
85    658       -10.49113697      3.30242255     -0.63375403
86    658       -10.50635308      3.34907164     -0.63187634
87    658       -10.47869437      3.37652917     -0.63575666
88    658       -10.42510573      3.39688784     -0.64008993
89    658       -10.37382323      3.40710432     -0.63299693
90    658       -10.34791885      3.41993691     -0.62283857
91    658       -10.32395481      3.43297711     -0.60722557
92    658       -10.28997551      3.44641083     -0.59024204
93    658       -10.24943983      3.45578680     -0.56997303
94    658       -10.20128871      3.44850610     -0.55741498
95    658       -10.14382513      3.41482591     -0.56544801
96    658       -10.08418921      3.37432601     -0.58432285
97    658       -10.02421472      3.35073391     -0.60300463
98    658        -9.96388037      3.33655627     -0.61144844
99    658        -9.92718716      3.29024635     -0.63138744
100   658        -9.90447223      3.22778129     -0.64853109
101   658        -9.88322287      3.18779604     -0.63540720
102   658        -9.85371955      3.18967979     -0.59838959
103   658        -9.84743360      3.20847877     -0.56146405
104   658        -9.86595706      3.20414020     -0.55835484
105   658        -9.90026533      3.17940682     -0.55393870
106   658        -9.93998276      3.15206559     -0.51651271
107   658        -9.98399723      3.14634130     -0.44930329
108   658       -10.03622826      3.15171723     -0.40327977
109   658       -10.08103132      3.16358208     -0.40991339
110   658       -10.13651365      3.17864317     -0.43928423
111   658       -10.16593008      3.21168899     -0.44405758
112   658       -10.17786691      3.23154411     -0.42843482
113   658       -10.18118947      3.20869941     -0.39287218
114   658       -10.18282296      3.18886597     -0.33541253
115   658       -10.17128192      3.20370745     -0.28280124
116   658       -10.16509070      3.24957026     -0.24867302
117   658       -10.17692700      3.26499279     -0.22397783
118   658       -10.18647409      3.26564887     -0.19797276
119   658       -10.19586616      3.29135570     -0.17885321
120   658       -10.20167945      3.31637879     -0.16507611
121   658       -10.20949815      3.32655041     -0.16113216
122   658       -10.19933729      3.36272909     -0.16069908
123   658       -10.17051472      3.41236811     -0.15037247
124   658       -10.12495223      3.43882277     -0.12416444
125   658       -10.08349294      3.44080685     -0.12499784
126   658       -10.05727353      3.44125590     -0.14358829
127   658       -10.04067967      3.44974690     -0.17523890
128   658       -10.02516693      3.47547184     -0.22897619
129   658        -9.99503721      3.51705447     -0.26181762
130   658        -9.98173015      3.55353434     -0.26906545
131   658        -9.98782412      3.57711890     -0.23698795
132   658        -9.99863334      3.60621442     -0.18256590
133   658        -9.98137280      3.66799426     -0.13248134
134   658        -9.96298480      3.73134648     -0.09502551
135   658        -9.97231606      3.75948241     -0.06908342
136   658        -9.99030502      3.75435005     -0.08218827
137   658        -9.98744013      3.75629235     -0.12390187
138   658        -9.98124242      3.78796150     -0.16411332
139   658        -9.98634756      3.84166974     -0.18841378
140   658        -9.99583173      3.90181488     -0.17556971
141   658        -9.99175846      3.96318839     -0.15172947
142   658        -9.96850789      3.99906350     -0.11779169
143   658        -9.95572402      4.00425482     -0.07331072
144   658        -9.97716173      4.00882256     -0.00205749
145   658        -9.98147511      4.04074145      0.05399148
146   658        -9.98059388      4.07681715      0.09200758
147   658        -9.98877167      4.08236408      0.10420800
148   658        -9.97997897      4.05490561      0.07952237
149   658        -9.94444591      4.03107154      0.04499415
150   658        -9.90972003      4.02295851      0.01580756
151   658        -9.90410083      4.02986458      0.00635192
152   658        -9.89326619      4.06228022     -0.00265270
153   658        -9.85634679      4.10870373     -0.00351274
154   658        -9.80944912      4.14992135     -0.01478765
155   658        -9.78488092      4.17374063     -0.02092226
156   658        -9.77932159      4.18436795     -0.01005412
157   658        -9.78385732      4.19340182      0.01085566
158   658        -9.79385286      4.19966623      0.05683831
159   658        -9.78611018      4.19229502      0.09364334
160   658        -9.74857573      4.15850755      0.10561384
161   658        -9.68068578      4.13797218      0.07617170
162   658        -9.59688005      4.16770575      0.04378737
163   658        -9.53909422      4.19665466      0.01907788
164   658        -9.49804610      4.17989735      0.05441262
165   658        -9.47189854      4.12593193      0.13957609
166   658        -9.46746499      4.07759598      0.24139827
167   658        -9.43915138      4.05905668      0.34988411
168   658        -9.40057878      4.06320791      0.43779695
169   658        -9.39118429      4.06289751      0.48762366
170   658        -9.43026597      4.05257356      0.49501745
171   658        -9.50089621      4.04794410      0.47586886
172   658        -9.55764843      4.05693089      0.43115793
173   658        -9.60760870      4.05537928      0.36806616
174   658        -9.64358011      4.03097292      0.28422241
175   658        -9.65624264      4.00703860      0.19943499
176   658        -9.65208554      4.01293768      0.11367846
177   658        -9.66715294      4.05332711      0.04548312
178   658        -9.71654691      4.10987610      0.00057197
179   658        -9.79241094      4.15350010     -0.02237614
180   658        -9.87229814      4.16637951     -0.02497796
181   658        -9.93141462      4.16331972     -0.03369580
182   658        -9.95655736      4.16148710     -0.06145207
183   658        -9.94560942      4.16221329     -0.10401113
184   658        -9.90325360      4.14068579     -0.12650127
185   658        -9.84027396      4.10927720     -0.11961829
186   658        -9.77918674      4.08963296     -0.07548305
187   658        -9.74464118      4.07393835      0.02219101
188   658        -9.72586149      4.05786648      0.14886005
189   658        -9.68445480      4.04678367      0.25004618
190   658        -9.60629102      4.05710623      0.31209276
191   658        -9.51395033      4.07949264      0.35671626
192   658        -9.42891145      4.11347051      0.39288183
193   658        -9.35063613      4.12925207      0.42130200
194   658        -9.28171430      4.11687739      0.44246255
195   658        -9.25350325      4.08906170      0.45448160
196   658        -9.26609710      4.06567735      0.46900427
197   658        -9.28456690      4.05662032      0.48375119
198   658        -9.28914971      4.06366377      0.50302814
199   658        -9.27585526      4.07792254      0.51434735
200   658        -9.26483665      4.12508777      0.53276604
201   658        -9.27150289      4.20369221      0.57745445
202   658        -9.30619913      4.29705940      0.64643213
203   658        -9.34756193      4.37086238      0.70605535
204   658        -9.36973104      4.40241410      0.73175826
205   658        -9.37337975      4.41844857      0.73535932
206   658        -9.37119493      4.44209397      0.73666832
207   658        -9.37381832      4.47074596      0.74067289
208   658        -9.38316331      4.47947841      0.74788887
209   658        -9.40284373      4.46190375      0.76789025
210   658        -9.44124610      4.43536963      0.79588889
211   658        -9.49010218      4.44023919      0.83650498
212   658        -9.52120631      4.50382777      0.87922274
213   658        -9.54512932      4.59759625      0.91738265
214   658        -9.56286281      4.68355957      0.95322509
215   658        -9.57700468      4.73984810      0.99136889
216   658        -9.58355139      4.76576392      1.01920394
217   658        -9.56946282      4.77247094      1.04315070
218   658        -9.53375494      4.77435387      1.06876141
219   658        -9.50106612      4.77580223      1.09231001
220   658        -9.50411756      4.78937484      1.11311157
221   658        -9.53971118      4.82879498      1.11616508
222   658        -9.58711954      4.87853310      1.12747430
223   658        -9.62333322      4.90854769      1.15187031
224   658        -9.65147703      4.91704291      1.18360289
225   658        -9.67195390      4.93636203      1.18808296
226   658        -9.69080357      4.97894709      1.14793937
227   658        -9.70501157      5.03796127      1.09955452
228   658        -9.70271667      5.09396458      1.08941036
229   658        -9.67935805      5.14060096      1.12935016
230   658        -9.63225286      5.18425872      1.17213542
231   658        -9.56027663      5.23349021      1.18574462
232   658        -9.48342817      5.29306116      1.16392745
233   658        -9.43454535      5.34362743      1.12015086
234   658        -9.41825588      5.37387668      1.06366213
235   658        -9.42449421      5.37723102      1.02659352
236   658        -9.44372649      5.36517638      1.02731598
237   658        -9.47976987      5.34967901      1.06237264
238   658        -9.51534269      5.32880275      1.10417238
239   658        -9.52483146      5.30562143      1.13436571
240   658        -9.51048076      5.28435847      1.14718268
241   658        -9.48150359      5.25598849      1.13688984
242   658        -9.43881124      5.22547886      1.11606878
243   658        -9.38803193      5.19015352      1.10701824
244   658        -9.35647005      5.13333170      1.09702732
245   658        -9.34553734      5.06689886      1.08767792
246   658        -9.34298800      5.00124682      1.10454889
247   658        -9.33228156      4.92116726      1.12670550
248   658        -9.35222353      4.83463117      1.12981248
249   658        -9.39576262      4.76909856      1.10000511
250   658        -9.44624795      4.73535265      1.07256688
251   658        -9.49852974      4.72489593      1.04999270
252   658        -9.56002403      4.71373443      1.02992650
253   658        -9.60386071      4.70454477      1.03790592
254   658        -9.60369117      4.69370260      1.04364667
255   658        -9.58554692      4.66555636      1.02086442
256   658        -9.55311855      4.61823810      0.99518090
257   658        -9.53017611      4.58225588      1.00409127
258   658        -9.51525783      4.56881496      1.02401957
259   658        -9.49817111      4.57374645      1.03270447
260   658        -9.46629552      4.58610434      1.00477178
261   658        -9.42964561      4.59953599      0.96747724
262   658        -9.40851223      4.60940574      0.94745807
263   658        -9.45062202      4.59876579      0.95104233
264   658        -9.53084142      4.56754556      0.95538691
265   658        -9.58970731      4.53845341      0.94349893
266   658        -9.60752727      4.54615613      0.91989085
267   658        -9.59957857      4.57424643      0.88912408
268   658        -9.57975519      4.57363276      0.86460184
269   658        -9.56193813      4.53346712      0.85355299
270   658        -9.54650450      4.49113763      0.86568142
271   658        -9.50543904      4.47612425      0.90113257
272   658        -9.47299964      4.48998318      0.95849610
273   658        -9.46811212      4.53315562      1.03002708
274   658        -9.47042305      4.59971449      1.10078208
275   658        -9.43777061      4.68426912      1.13812000
276   658        -9.38492373      4.76383911      1.12784417
277   658        -9.33320005      4.81372434      1.08926770
278   658        -9.30133709      4.82591018      1.05084221
279   658        -9.29717612      4.82112280      1.02969424
280   658        -9.32394283      4.83245800      1.02884383
281   658        -9.36936822      4.85028906      1.05694035
282   658        -9.39978102      4.85819293      1.10097880
283   658        -9.41358823      4.86328532      1.14510970
284   658        -9.41857839      4.89566409      1.19478432
285   658        -9.41695103      4.94891518      1.25701074
286   658        -9.39036114      4.97555519      1.30287211
287   658        -9.36743828      4.96140569      1.32170552
288   658        -9.34521586      4.91226486      1.32173167
289   658        -9.34081221      4.84985598      1.32398200
290   658        -9.35385297      4.79838138      1.34453604
291   658        -9.37753920      4.77657622      1.38913104
292   658        -9.40933852      4.78215969      1.44639877
293   658        -9.42741741      4.80760381      1.49692722
294   658        -9.43003510      4.83998654      1.54242764
295   658        -9.42171313      4.88481476      1.57343371
296   658        -9.41771289      4.93243764      1.57449283
297   658        -9.42394272      4.99002085      1.53460099
298   658        -9.43439716      5.03959221      1.47040138
299   658        -9.44663268      5.08399895      1.40826342
300   658        -9.45175368      5.12654844      1.37365870
301   658        -9.45399323      5.17632245      1.36853130
302   658        -9.44694122      5.21390998      1.35648595
303   658        -9.43141156      5.23801919      1.33129066
304   658        -9.42385167      5.26986571      1.31509022
305   658        -9.44090320      5.31682918      1.33579640
306   658        -9.47065461      5.36571094      1.35560392
307   658        -9.49067377      5.37676249      1.32704067
308   658        -9.48811429      5.36160481      1.25400054
309   658        -9.47705996      5.34073010      1.19046757
310   658        -9.44959551      5.33912669      1.15386304
311   658        -9.40730502      5.31993001      1.12455486
312   658        -9.37090927      5.26551272      1.08692363
313   658        -9.35339124      5.18762919      1.04585690
314   658        -9.34930727      5.12363610      1.00472152
315   658        -9.34326077      5.09904055      0.96069299
316   658        -9.32633978      5.12203170      0.91895828
317   658        -9.30646335      5.16860478      0.87249689
318   658        -9.30713805      5.20580935      0.83376301
319   658        -9.33754312      5.22230709      0.83474253
320   658        -9.39402774      5.22160151      0.88179021
321   658        -9.45583373      5.23450684      0.94922978
322   658        -9.49516604      5.28159606      0.99612177
323   658        -9.50691109      5.36922022      0.99693095
324   658        -9.51210024      5.45634384      0.95696921
325   658        -9.53837460      5.51733478      0.88842792
326   658        -9.59461433      5.56479294      0.83750504
327   658        -9.66209518      5.60465702      0.84667707
328   658        -9.72703722      5.63539243      0.89890069
329   658        -9.79806988      5.66714359      0.94654857
330   658        -9.85043319      5.69479066      0.96390797
331   658        -9.90239308      5.72465617      0.94386737
332   658        -9.94083707      5.75947455      0.89199046
333   658        -9.95118851      5.79550298      0.84074285
334   658        -9.95239563      5.81022679      0.77945775
335   658        -9.96061332      5.79520683      0.72942533
336   658        -9.96441633      5.74736762      0.71501634
337   658        -9.95995097      5.67991840      0.73514317
338   658        -9.93088765      5.63009578      0.75670042
339   658        -9.87964323      5.62414418      0.76599394
340   658        -9.84736623      5.64967142      0.79149162
341   658        -9.84345745      5.66786964      0.81662278
342   658        -9.85196207      5.66362840      0.82765948
343   658        -9.85470805      5.63306083      0.83204923
344   658        -9.85755401      5.60752763      0.84884406
345   658        -9.86508564      5.57977263      0.86931829
346   658        -9.87096039      5.53693727      0.88074623
347   658        -9.86998256      5.47590819      0.90033973
348   658        -9.84666021      5.40719902      0.92824258
349   658        -9.81581004      5.34325153      0.93982536
350   658        -9.79096603      5.28635698      0.92886942
351   658        -9.79150360      5.23474247      0.90963507
352   658        -9.82070818      5.19992527      0.88973858
353   658        -9.86151542      5.17018827      0.89404275
354   658        -9.88575074      5.12914922      0.92327078
355   658        -9.88770951      5.11076799      0.96626508
356   658        -9.88347264      5.11273143      1.01365088
357   658        -9.89020349      5.10608362      1.05697710
358   658        -9.90965946      5.10297385      1.07913174
359   658        -9.90720058      5.11356797      1.10007774
360   658        -9.91621552      5.12500240      1.12801650
361   658        -9.93410492      5.12573995      1.15007822
362   658        -9.96049924      5.14379945      1.16640282
363   658        -9.97454194      5.18655760      1.19014767
364   658        -9.97118160      5.26248538      1.22131603
365   658        -9.95666636      5.37073110      1.22333151
366   658        -9.93743558      5.48840888      1.18389098
367   658        -9.93368074      5.59566573      1.12121482
368   658        -9.92263577      5.68797536      1.06463860
369   658        -9.91036349      5.76977316      1.02708392
370   658        -9.91780825      5.84059529      1.01348341
371   658        -9.96438676      5.89751652      1.01648497
372   658       -10.02384169      5.94652404      1.02321547
373   658       -10.04054342      6.00844188      1.01965709
374   658       -10.00313707      6.09010738      1.00072742
375   658        -9.97169415      6.17162959      0.99368745
376   658        -9.98907907      6.22897902      1.01112082
377   658       -10.02587669      6.26927527      1.04412869
378   658       -10.03529489      6.28473750      1.06661310
379   658        -9.99276522      6.27145761      1.06973233
380   658        -9.93077665      6.25588446      1.03737219
381   658        -9.87025521      6.24926278      0.99869806
382   658        -9.82545021      6.25787831      0.98552941
383   658        -9.79223651      6.26802156      0.96675653
384   658        -9.76458996      6.27789969      0.91823494
385   658        -9.75491573      6.29175205      0.83728004
386   658        -9.76293009      6.31168356      0.76225680
387   658        -9.77340002      6.32486316      0.72316704
388   658        -9.76089292      6.33396260      0.73906205
389   658        -9.72303990      6.32755563      0.77618811
390   658        -9.66473922      6.31294521      0.82015461
391   658        -9.62498630      6.28668756      0.86722031
392   658        -9.60727233      6.25614395      0.88916612
393   658        -9.60433370      6.24371651      0.87119908
394   658        -9.58097432      6.23812538      0.84089908
395   658        -9.54168074      6.24913927      0.84633004
396   658        -9.52712101      6.27349342      0.88274263
397   658        -9.53715804      6.26509366      0.92610435
398   658        -9.57006578      6.22640285      0.96507326
399   658        -9.60630908      6.21322089      1.00419780
400   658        -9.59750623      6.23612023      1.04000335
401   658        -9.55766381      6.27326195      1.08206304
402   658        -9.55556490      6.28537956      1.12280295
403   658        -9.62482351      6.29922916      1.16502386
404   658        -9.73354063      6.33658004      1.21821662
405   658        -9.81618964      6.39616624      1.26676729
406   658        -9.86141176      6.47067685      1.29964860
407   658        -9.90141493      6.54704426      1.33629579
408   658        -9.95988690      6.60729275      1.38906530
409   658       -10.01775714      6.65492735      1.43454702
410   658       -10.02591850      6.70666363      1.45823677
411   658        -9.98096020      6.74885395      1.47068382
412   658        -9.92632647      6.80755475      1.48233612
413   658        -9.88503367      6.88149761      1.49306713
414   658        -9.85881801      6.93436552      1.49934980
415   658        -9.82949914      6.95862828      1.49660601
416   658        -9.80515520      6.99780556      1.47900433
417   658        -9.77487162      7.04657361      1.45348085
418   658        -9.75975786      7.13215827      1.42770459
419   658        -9.75411824      7.19610964      1.37442937
420   658        -9.77487703      7.27551436      1.33631256
421   658        -9.79537895      7.35061201      1.28954587
422   658        -9.83475985      7.43362025      1.26140033
423   658        -9.86703845      7.49419369      1.22892768
424   658        -9.91617019      7.56331492      1.19647637
425   658        -9.93612114      7.61227587      1.14609580
426   658        -9.98917155      7.66791808      1.08388125
427   835        -8.69331738      5.61969121      0.54210939
428   835        -8.67446273      5.64987751      0.58128213
429   835        -8.65444808      5.65622624      0.57648243
430   835        -8.63861890      5.66433041      0.52354280
431   835        -8.64259638      5.67976899      0.44540223
432   835        -8.66424720      5.71696573      0.37943078
433   835        -8.68321397      5.73912651      0.31579352
434   835        -8.68579220      5.71978930      0.25010674
435   835        -8.69827516      5.68596317      0.18321027
436   835        -8.73750784      5.68033046      0.11438015
437   835        -8.76614212      5.68420506      0.05450272
438   835        -8.75930563      5.66927584      0.00874968
439   835        -8.74123928      5.64099558     -0.04606193
440   835        -8.75273104      5.62191424     -0.10370793
441   835        -8.78430240      5.61269969     -0.14391901
442   835        -8.79267064      5.61752835     -0.15747446
443   835        -8.80084643      5.64088424     -0.19139306
444   835        -8.81739323      5.67224997     -0.23853627
445   835        -8.84534859      5.69277036     -0.24882888
446   835        -8.85485884      5.70449852     -0.21350307
447   835        -8.85150124      5.71169096     -0.14971925
448   835        -8.85348769      5.73722318     -0.08003048
449   835        -8.84827929      5.79142065     -0.01733089
450   835        -8.84399012      5.85479512      0.02892949
451   835        -8.81197962      5.88493676      0.05359820
452   835        -8.77194243      5.87316608      0.04953567
453   835        -8.75412321      5.85573165      0.03796498
454   835        -8.77764199      5.86562837      0.01700873
455   835        -8.80463987      5.88324458     -0.03385641
456   835        -8.82381266      5.89357479     -0.10652546
457   835        -8.84047081      5.88476510     -0.16266918
458   835        -8.85835352      5.86856230     -0.20259638
459   835        -8.86286578      5.85440133     -0.22591822
460   835        -8.85118354      5.83860177     -0.23111660
461   835        -8.83629687      5.83234915     -0.23991051
462   835        -8.81292322      5.84492040     -0.26311441
463   835        -8.78043025      5.85079643     -0.30232477
464   835        -8.74512205      5.84745064     -0.33476667
465   835        -8.71346684      5.85390558     -0.35566349
466   835        -8.67477858      5.87291854     -0.36939779
467   835        -8.62896295      5.87655442     -0.40557898
468   835        -8.59454948      5.85045452     -0.46316556
469   835        -8.58740841      5.80659479     -0.53506835
470   835        -8.59877428      5.75832328     -0.59537249
471   835        -8.60721987      5.71436274     -0.63640583
472   835        -8.61086425      5.69012487     -0.66545725
473   835        -8.62386763      5.69797843     -0.69854542
474   835        -8.65405597      5.72213975     -0.74407037
475   835        -8.68063721      5.72804375     -0.78826166
476   835        -8.69285039      5.71204199     -0.83195082
477   835        -8.69370722      5.72766833     -0.87424997
478   835        -8.69976554      5.79222442     -0.91770873
479   835        -8.70462884      5.87028535     -0.94640209
480   835        -8.71217257      5.94064244     -0.96703582
481   835        -8.73318772      5.99749302     -0.98437243
482   835        -8.77456568      6.04496586     -0.99551181
483   835        -8.82768226      6.06831844     -0.99048347
484   835        -8.87456588      6.06538080     -0.95426266
485   835        -8.90419312      6.06355923     -0.90680894
486   835        -8.90117064      6.09834861     -0.87846357
487   835        -8.87596931      6.15564725     -0.86512086
488   835        -8.86024775      6.19666411     -0.81951026
489   835        -8.82959760      6.22231478     -0.75536505
490   835        -8.76864580      6.25648769     -0.71874391
491   835        -8.70486564      6.28761426     -0.73481242
492   835        -8.66111657      6.28925547     -0.78284938
493   835        -8.64446068      6.26446544     -0.82950404
494   835        -8.65198705      6.25177184     -0.86994049
495   835        -8.67075338      6.28272952     -0.90713116
496   835        -8.68710250      6.35719787     -0.94001091
497   835        -8.69414193      6.44936196     -0.95473066
498   835        -8.71286869      6.52879750     -0.94438111
499   835        -8.74503617      6.58206904     -0.92550135
500   835        -8.76824625      6.62127864     -0.91376650
501   835        -8.77852797      6.65010829     -0.91985260
502   835        -8.76863988      6.65595978     -0.95323333
503   835        -8.74423863      6.63734114     -0.99852883
504   835        -8.72715585      6.60519054     -1.03774259
505   835        -8.72138245      6.57800924     -1.07655926
506   835        -8.71379287      6.57022289     -1.11624870
507   835        -8.69771726      6.58798815     -1.14076357
508   835        -8.68072948      6.61296721     -1.12810003
509   835        -8.67682156      6.64563327     -1.09754761
510   835        -8.67559787      6.68553781     -1.06303889
511   835        -8.65303543      6.71612501     -1.03136688
512   835        -8.62411899      6.70708510     -0.98684651
513   835        -8.59782265      6.66146424     -0.94029640
514   835        -8.57124530      6.61793687     -0.93565461
515   835        -8.52903168      6.61145062     -0.98125746
516   835        -8.47922659      6.63673201     -1.06176206
517   835        -8.42703434      6.66864959     -1.13538305
518   835        -8.36740011      6.70399889     -1.17914610
519   835        -8.30807204      6.72655268     -1.18889351
520   835        -8.26220568      6.73948247     -1.17406244
521   835        -8.22944392      6.74055981     -1.14651746
522   835        -8.18597332      6.74626097     -1.12637156
523   835        -8.12129530      6.76317027     -1.11070410
524   835        -8.05147800      6.78461576     -1.11927420
525   835        -7.98545473      6.80854971     -1.16722132
526   835        -7.94439847      6.82953464     -1.24744627
527   835        -7.94508926      6.85309295     -1.34835423
528   835        -7.97720097      6.87901095     -1.43683011
529   835        -8.02576451      6.91654827     -1.50350987
530   835        -8.06967861      6.95370095     -1.54765425
531   835        -8.09910434      6.98992029     -1.58120347
532   835        -8.09949787      7.02880747     -1.59586066
533   835        -8.07659069      7.06772157     -1.60035650
534   835        -8.04447380      7.08681833     -1.61299063
535   835        -8.01268941      7.08004761     -1.63768508
536   835        -7.98393552      7.07208747     -1.67509954
537   835        -7.95367163      7.07035300     -1.71997875
538   835        -7.92324555      7.05763008     -1.78388925
539   835        -7.90889053      7.04414499     -1.84047271
540   835        -7.91482878      7.06180980     -1.83791851
541   835        -7.94006914      7.12268586     -1.78350732
542   835        -7.97289103      7.19898884     -1.72057074
543   835        -7.98518857      7.26248732     -1.65866822
544   835        -7.96904851      7.31033501     -1.57807190
545   835        -7.92367896      7.34042923     -1.47837865
546   835        -7.86593453      7.35326999     -1.38296409
547   835        -7.80132676      7.36258114     -1.30981705
548   835        -7.74390690      7.37142892     -1.25277883
549   835        -7.68628799      7.38377110     -1.19801731
550   835        -7.63056411      7.38802924     -1.13255900
551   835        -7.60127172      7.37915480     -1.05598552
552   835        -7.58607474      7.37258801     -0.99394214
553   835        -7.55624834      7.37716418     -0.97752540
554   835        -7.50780379      7.41659508     -0.98487947
555   835        -7.45066631      7.47926726     -0.98634754
556   835        -7.38940641      7.53586113     -0.96917857
557   835        -7.33364882      7.55013224     -0.92955797
558   835        -7.27370529      7.51823834     -0.85476314
559   835        -7.19497914      7.47719737     -0.77695893
560   835        -7.08243723      7.46874949     -0.72191791
561   835        -6.93876609      7.51027512     -0.68745996
562   835        -6.80409796      7.55701726     -0.68190956
563   835        -6.72567026      7.58865395     -0.71990869
564   835        -6.68812279      7.61366574     -0.78788392
565   835        -6.65498194      7.63285245     -0.84711475
566   835        -6.60895362      7.64767095     -0.88648560
567   835        -6.55064313      7.65532921     -0.89963530
568   835        -6.49003710      7.64185821     -0.92479202
569   835        -6.43029564      7.60103667     -0.97315135
570   835        -6.36283431      7.54065512     -0.99939860
571   835        -6.30135417      7.48411979     -0.97068254
572   835        -6.26855293      7.44427791     -0.90408670
573   835        -6.24079535      7.41726775     -0.84343112
574   835        -6.20190495      7.41455042     -0.81843938
575   835        -6.12731504      7.41316575     -0.79702763
576   835        -6.03993557      7.39670671     -0.76771716
577   835        -5.96780180      7.36074010     -0.74240865
578   835        -5.89603445      7.31022584     -0.73241588
579   835        -5.82729463      7.26508819     -0.74855788
580   835        -5.78265706      7.23172115     -0.80210999
581   835        -5.76427124      7.21660344     -0.89129776
582   835        -5.74784602      7.19419087     -0.99537124
583   835        -5.70284700      7.16854052     -1.07969918
584   835        -5.63079861      7.14687073     -1.09795068
585   835        -5.53235566      7.12853873     -1.05219737
586   835        -5.44095641      7.10508816     -0.99702561
587   835        -5.37848942      7.09512093     -0.96885443
588   835        -5.31773327      7.11586118     -0.98272034
589   835        -5.26114699      7.13202519     -1.02636414
590   835        -5.22658659      7.12653683     -1.10597134
591   835        -5.23678034      7.11425511     -1.18506420
592   835        -5.25439176      7.13375911     -1.25523691
593   835        -5.28067868      7.16781074     -1.34213907
594   835        -5.29555215      7.19017423     -1.43381029
595   835        -5.28590057      7.20945764     -1.46621302
596   835        -5.24335698      7.24580196     -1.44788425
597   835        -5.18430789      7.28409890     -1.40781777
598   835        -5.12906743      7.30238202     -1.35374179
599   835        -5.08664536      7.30134096     -1.29519795
600   835        -5.05712104      7.28599143     -1.23242850
601   835        -5.01747713      7.23264078     -1.16233564
602   835        -4.97054025      7.18357933     -1.12527424
603   835        -4.94817188      7.18871736     -1.16432673
604   835        -4.97189374      7.23123561     -1.24048354
605   835        -5.02740161      7.23802043     -1.27177138
606   835        -5.07805547      7.21854872     -1.23692399
607   835        -5.11566413      7.19624233     -1.17529816
608   835        -5.13922606      7.16292897     -1.11456294
609   835        -5.14514070      7.11179580     -1.08469826
610   835        -5.13590552      7.06959028     -1.08457131
611   835        -5.11733825      7.07127759     -1.09133537
612   835        -5.07822081      7.08571640     -1.06007320
613   835        -5.00797138      7.08229319     -1.02199774
614   835        -4.92862829      7.06590114     -1.00017502
615   835        -4.89423168      7.06816076     -0.97827793
616   835        -4.88651514      7.08174530     -0.99665685
617   835        -4.88225086      7.09125184     -1.03336707
618   835        -4.88726642      7.08838929     -1.04584339
619   835        -4.89827942      7.07210151     -1.02754001
620   835        -4.90296575      7.05837018     -0.98905972
621   835        -4.90702933      7.03371225     -0.95679349
622   835        -4.93281991      7.00551142     -0.93183749
623   835        -4.98619788      6.96176160     -0.92621595
624   835        -5.04712064      6.90081912     -0.91660559
625   835        -5.07726114      6.84608326     -0.90382905
626   835        -5.09820211      6.80738442     -0.89277387
627   835        -5.14146125      6.78543338     -0.89770107
628   835        -5.20270311      6.79099260     -0.93808020
629   835        -5.24192188      6.82824876     -0.97185945
630   835        -5.27534965      6.86636261     -0.97779590
631   835        -5.31824262      6.87635361     -0.95570039
632   835        -5.37779992      6.85240084     -0.94876040
633   835        -5.44909605      6.81074294     -0.95461835
634   835        -5.52795022      6.73831967     -0.95241660
635   835        -5.60455967      6.66055545     -0.92142237
636   835        -5.68078088      6.62102684     -0.87181233
637   835        -5.74426524      6.63269838     -0.83928843
638   835        -5.81299082      6.65307521     -0.81137762
639   835        -5.87227826      6.62704146     -0.77235584
640   835        -5.90595790      6.56843284     -0.73045683
641   835        -5.92800639      6.49376333     -0.71108585
642   835        -5.95288416      6.45021014     -0.70152943
643   835        -5.99177177      6.45333239     -0.68461085
644   835        -6.03476074      6.48851161     -0.66328833
645   835        -6.06611545      6.54328071     -0.64085763
646   835        -6.08097607      6.59054801     -0.65036631
647   835        -6.09216080      6.64362046     -0.69260857
648   835        -6.10404608      6.69606368     -0.72526190
649   835        -6.13131829      6.74495273     -0.73262623
650   835        -6.16698722      6.79803259     -0.71651918
651   835        -6.18746816      6.85765067     -0.69905720
652   835        -6.19492640      6.90451427     -0.68053364
653   835        -6.18857051      6.94639796     -0.64501074
654   835        -6.13441188      6.97803555     -0.58597047
655   835        -6.04235948      7.00782711     -0.52125311
656   835        -5.94639806      7.02799182     -0.46865115
657   835        -5.88835261      7.05682999     -0.45444559
658   835        -5.87645631      7.08951279     -0.47182128
659   835        -5.87859875      7.10375723     -0.50793183
660   835        -5.89680072      7.10469557     -0.57598745
661   835        -5.92337027      7.11047248     -0.66203459
662   835        -5.94054531      7.14277864     -0.73165915
663   835        -5.93569807      7.18593744     -0.77677091
664   835        -5.92376523      7.21816202     -0.80807042
665   835        -5.93741886      7.22316742     -0.81410220
666   835        -5.97805285      7.19918378     -0.83231984
667   835        -5.99102417      7.14132881     -0.84401053
668   835        -5.92593477      7.08491059     -0.85052171
669   835        -5.82134620      7.06452019     -0.84803994
670   835        -5.71653217      7.06776249     -0.83551167
671   835        -5.64383091      7.06754199     -0.80634499
672   835        -5.60536786      7.04743350     -0.77577336
673   835        -5.59228184      7.03624305     -0.77104449
674   835        -5.59823078      7.07050375     -0.80054172
675   835        -5.63667120      7.15281582     -0.83695997
676   835        -5.67853239      7.25614448     -0.87458569
677   835        -5.66544546      7.32754506     -0.89081787
678   835        -5.60485535      7.32642797     -0.85948335
679   835        -5.55056938      7.29503072     -0.83623247
680   835        -5.55632786      7.27855717     -0.85654129
681   835        -5.57354868      7.29413247     -0.90220747
682   835        -5.55379129      7.30440306     -0.94057296
683   835        -5.49315038      7.28352149     -0.94463556
684   835        -5.43720128      7.25844926     -0.92457800
685   835        -5.38677999      7.23612910     -0.89025465
686   835        -5.31854359      7.21441026     -0.84450175
687   835        -5.22434451      7.18362351     -0.78826692
688   835        -5.12990979      7.13683114     -0.73767839
689   835        -5.05085478      7.07275126     -0.69899948
690   835        -4.97051264      7.02129701     -0.68353332
691   835        -4.88867595      6.98659276     -0.64633392
692   835        -4.83197131      6.97951076     -0.58959648
693   835        -4.78478793      6.99300691     -0.53466220
694   835        -4.72246678      7.03176087     -0.48961245
695   835        -4.68372585      7.09217451     -0.47883037
696   835        -4.67679070      7.16223035     -0.44122388
697   835        -4.68320461      7.23412839     -0.37853293
698   835        -4.67862704      7.29041515     -0.32583469
699   835        -4.66345904      7.34919319     -0.28877774
700   835        -4.66522946      7.39629757     -0.25832950
701   835        -4.67101434      7.43385743     -0.21649135
702   835        -4.64031911      7.45769955     -0.15274673
703   835        -4.57456424      7.48780355     -0.07507106
704   835        -4.54512300      7.53819878     -0.01285045
705   835        -4.58670036      7.60934439     -0.00557433
706   835        -4.64890728      7.66281294     -0.03446998
707   835        -4.67882357      7.68255587     -0.07563866
708   835        -4.65388508      7.68329235     -0.08923756
709   835        -4.59290812      7.65199124     -0.08288434
710   835        -4.52005782      7.59236482     -0.08795805
711   835        -4.47909289      7.51082808     -0.10996580
712   835        -4.49024544      7.41141063     -0.14927045
713   835        -4.55960859      7.31992812     -0.21791594
714   835        -4.65269540      7.24082835     -0.30335333
715   835        -4.73385785      7.19136824     -0.39741395
716   835        -4.78663904      7.16202602     -0.49760523
717   835        -4.80992143      7.12347532     -0.59051834
718   835        -4.79921660      7.06439726     -0.66631311
719   835        -4.76693231      6.97646711     -0.70535421
720   835        -4.71897533      6.89302852     -0.72288062
721   835        -4.66721359      6.82356595     -0.76052868
722   835        -4.64850238      6.77010530     -0.81408241
723   835        -4.69118124      6.69774769     -0.86185314
724   835        -4.78192196      6.59444122     -0.90562674
725   835        -4.86346889      6.50076149     -0.96480028
726   835        -4.91024700      6.44630743     -1.04515287
727   835        -4.93842751      6.42303388     -1.12288535
728   835        -4.95335365      6.39508461     -1.17856815
729   835        -4.93997878      6.35171203     -1.20904816
730   835        -4.90414448      6.30150803     -1.20054496
731   835        -4.85505261      6.25406287     -1.15150597
732   835        -4.83600909      6.19230726     -1.08946067
733   835        -4.89511188      6.10892421     -1.06131643
734   835        -5.00151381      6.02419432     -1.05037120
735   835        -5.09121744      5.96171708     -1.02733922
736   835        -5.13199769      5.93850759     -1.01193716
737   835        -5.15367822      5.96441782     -1.01436248
738   835        -5.16665377      6.04173941     -1.01896941
739   835        -5.16105943      6.12638109     -1.00415750
740   835        -5.13899188      6.19958328     -0.97372199
741   835        -5.13406575      6.24538951     -0.92634681
742   835        -5.15631762      6.25401287     -0.84594846
743   835        -5.19131590      6.24559130     -0.73178660
744   835        -5.22168150      6.24038173     -0.61785093
745   835        -5.22996780      6.24046132     -0.53298691
746   835        -5.22091452      6.24647276     -0.47691138
747   835        -5.19447054      6.25323882     -0.44084407
748   835        -5.16249451      6.25877439     -0.41918967
749   835        -5.13533242      6.29061216     -0.40352484
750   835        -5.12494782      6.35208263     -0.38904012
751   835        -5.14900241      6.40871442     -0.39321124
752   835        -5.21577394      6.42566093     -0.41832422
753   835        -5.27649147      6.41182095     -0.43719502
754   835        -5.30241795      6.36991435     -0.44607925
755   835        -5.29817219      6.32725989     -0.45807261
756   835        -5.28635105      6.29117921     -0.49119245
757   835        -5.26138126      6.27475311     -0.53283773
758   835        -5.19676624      6.29188776     -0.54826852
759   835        -5.10001867      6.32454802     -0.53922513
760   835        -5.03275239      6.36137665     -0.54308328
761   835        -5.03938097      6.38585389     -0.59615778
762   835        -5.07461478      6.39818253     -0.68287854
763   835        -5.09233019      6.39888040     -0.76630972
764   835        -5.08420733      6.38765976     -0.81661649
765   835        -5.08145257      6.34278324     -0.81850331
766   835        -5.07570192      6.27362283     -0.78452692
767   835        -5.06495881      6.21474134     -0.74169226
768   835        -5.05198694      6.18447957     -0.71556296
769   835        -5.03261345      6.17879647     -0.70583642
770   835        -5.01848754      6.17030371     -0.71461935
771   835        -5.03284446      6.16651438     -0.74677284
772   835        -5.09309859      6.17638209     -0.80313302
773   835        -5.17186294      6.19493256     -0.85678727
774   835        -5.24427906      6.19899111     -0.88259375
775   835        -5.31067140      6.18698858     -0.88386051
776   835        -5.37068364      6.18469667     -0.87512920
777   835        -5.38628594      6.19669232     -0.88664518
778   835        -5.37465594      6.22004906     -0.91205454
779   835        -5.35783247      6.24242502     -0.94415823
780   835        -5.32285820      6.24089647     -0.94892729
781   835        -5.31520525      6.22263559     -0.94690521
782   835        -5.30711067      6.19216897     -0.94897600
783   835        -5.27709373      6.15295556     -0.94193725
784   835        -5.23975856      6.13715582     -0.90774958
785   835        -5.21972392      6.12856631     -0.85682367
786   835        -5.24036290      6.09738193     -0.84682858
787   835        -5.30109948      6.05296971     -0.87776953
788   835        -5.34994217      6.03347476     -0.92589520
789   835        -5.37102521      6.02888941     -0.96586961
790   835        -5.38443282      6.02159956     -1.00172502
791   835        -5.40112066      5.99801861     -1.02402708
792   835        -5.41631985      5.97948246     -1.02321847
793   835        -5.43360513      5.98245533     -1.01705669
794   835        -5.46952732      5.99035462     -1.01726902
795   835        -5.50639036      5.99864907     -1.03146417
796   835        -5.51444480      6.00661999     -1.03853055
797   835        -5.48931192      6.01869729     -1.03815345
798   835        -5.45988438      6.02888460     -1.03267827
799   835        -5.43686096      6.06348681     -1.04446609
800   835        -5.41190964      6.11907788     -1.07029238
801   835        -5.39097239      6.18865945     -1.08174157
802   835        -5.38686976      6.23927774     -1.06066567
803   835        -5.39021865      6.25522790     -1.01218627
804   835        -5.38811816      6.23612812     -0.96437979
805   835        -5.37259220      6.19668385     -0.92343829
806   835        -5.36284755      6.14986664     -0.90603350
807   835        -5.34709468      6.09658816     -0.91217942
808   835        -5.28974106      6.06876409     -0.93547309
809   835        -5.19517163      6.05083602     -0.96306287
810   835        -5.08950750      6.03645633     -0.99439660
811   835        -4.98343733      6.02670582     -1.02612060
812   835        -4.88286677      6.05101636     -1.06688603
813   835        -4.80067334      6.10269874     -1.10534159
814   835        -4.73677123      6.15430801     -1.12094286
815   835        -4.68368324      6.18815363     -1.09516839
816   835        -4.66595335      6.19235815     -1.04183632
817   835        -4.68076319      6.16992732     -0.98953995
818   835        -4.70482752      6.12205226     -0.94684473
819   835        -4.68982693      6.06906445     -0.93067978
820   835        -4.62789987      6.00817191     -0.92246711
821   835        -4.56696095      5.96533501     -0.91227002
822   835        -4.55612258      5.93085303     -0.91236408
823   835        -4.58337367      5.91492812     -0.91985515
824   835        -4.58297735      5.93427861     -0.89718569
825   835        -4.54966374      5.95277502     -0.84738082
826   835        -4.50153550      5.94587093     -0.78732155
827   835        -4.45991294      5.89574886     -0.73158359
828   835        -4.43159905      5.83825405     -0.70779475
829   835        -4.40194091      5.79875877     -0.71786486
830   835        -4.36576149      5.78665822     -0.75540745
831   835        -4.34148431      5.79065232     -0.80224968
832   835        -4.33064453      5.79567269     -0.85108756
833   835        -4.32114627      5.79518503     -0.89551281
834   835        -4.32116442      5.78953506     -0.93803391
835   835        -4.32944184      5.79072817     -0.95034283
836   835        -4.35358538      5.78069806     -0.93347578
837   835        -4.38772262      5.73611970     -0.89003705
838   835        -4.42358219      5.65301882     -0.82656766
839   835        -4.44630807      5.59706649     -0.75322154
840   835        -4.45870503      5.59161471     -0.69071870
841   835        -4.46268229      5.59578811     -0.64039781
842   835        -4.45094108      5.57884875     -0.58531776
843   835        -4.44760159      5.55092453     -0.52452438
844   835        -4.47296548      5.55068904     -0.47262801
845   835        -4.51944998      5.57169991     -0.45331664
846   835        -4.55599529      5.58937725     -0.45772037
847   835        -4.57361183      5.58427164     -0.46763767
848   835        -4.56633526      5.56965888     -0.46292806
849   835        -4.54239949      5.56290676     -0.44244103
850   835        -4.52287994      5.57129745     -0.41792994
851   835        -4.52209403      5.58804256     -0.40161543
852   835        -4.54499414      5.60075506     -0.37509541
853   835        -4.56457520      5.59163574     -0.30880510
854   835        -4.57669969      5.56760115     -0.23030132
855   835        -4.57170750      5.55652987     -0.18422720
856   835        -4.56928629      5.57979179     -0.18518307
857   835        -4.56513633      5.61031595     -0.21623051
858   835        -4.55559537      5.59638799     -0.25924879
859   835        -4.52412942      5.53871504     -0.30057560
860   835        -4.47368012      5.48890252     -0.31809549
861   835        -4.42127616      5.47974798     -0.32037841
862   835        -4.37609305      5.48071457     -0.32742588
863   835        -4.35312156      5.44000980     -0.32707933
864   835        -4.34526640      5.34660994     -0.31416776
865   835        -4.34483605      5.23122581     -0.28934728
866   835        -4.34456107      5.12577324     -0.27061605
867   835        -4.35766158      5.03580162     -0.29168225
868   835        -4.38442622      4.96163837     -0.33958572
869   835        -4.39175895      4.91832219     -0.37852251
870   835        -4.35888564      4.90691551     -0.39454197
871   835        -4.28674050      4.90519586     -0.39155529
872   835        -4.20425442      4.89314326     -0.38069410
873   835        -4.13751135      4.86782566     -0.37306807
874   835        -4.09084237      4.83944154     -0.36110993
875   835        -4.05894826      4.80716277     -0.33455776
876   835        -4.05432879      4.77275699     -0.29115529
877   835        -4.08798051      4.74167287     -0.24501935
878   835        -4.13954101      4.70662502     -0.20893953
879   835        -4.18896472      4.66633164     -0.17302421
880   835        -4.21603747      4.63146372     -0.12122302
881   835        -4.21165475      4.59354586     -0.05436940
882   835        -4.16032468      4.55381121     -0.00267738
883   835        -4.08096241      4.50522113      0.01931041
884   835        -4.00880234      4.46058148      0.02428751
885   835        -3.96544263      4.44143409      0.04227339
886   835        -3.95161324      4.42357641      0.09117177
887   835        -3.96217487      4.38581340      0.15403982
888   835        -3.96718011      4.34482917      0.23361861
889   835        -3.96099755      4.29925364      0.32186712
890   835        -3.94361917      4.23373360      0.38708407
891   835        -3.91249141      4.15838973      0.41128876
892   835        -3.87622220      4.09175492      0.39989231
893   835        -3.85262527      4.03971368      0.35880279
894   835        -3.86269922      3.97947177      0.32143102
895   835        -3.90152645      3.92760073      0.29248338
896   835        -3.94696023      3.88733154      0.26184564
897   835        -3.99913489      3.85999867      0.22471775
898   835        -4.04699291      3.85437950      0.20275925
899   835        -4.05443524      3.86396558      0.22266429
900   835        -4.02219710      3.87919308      0.28795917
901   835        -3.97955497      3.89527876      0.38056765
902   835        -3.95023369      3.92359963      0.47158873
903   835        -3.93620713      3.96748366      0.55467320
904   835        -3.94401020      4.01300176      0.63444423
905   835        -3.97368809      4.03219937      0.71115341
906   835        -4.01446018      4.04045769      0.77040277
907   835        -4.04474346      4.06839905      0.81173778
908   835        -4.06728231      4.15459163      0.83707384
909   835        -4.08939041      4.29021888      0.84772320
910   835        -4.11761019      4.42478816      0.84705764
911   835        -4.14104624      4.51097532      0.86554042
912   835        -4.15518569      4.53826017      0.92027522
913   835        -4.17824969      4.53731728      0.97539165
914   835        -4.20057835      4.52710898      1.02145905
915   835        -4.20593945      4.49443163      1.04754848
916   835        -4.20210116      4.43068560      1.04441378
917   835        -4.19484105      4.37814984      1.02494617
918   835        -4.19597506      4.36548096      0.99243238
919   835        -4.21315826      4.38459708      0.94270409
920   835        -4.23583229      4.38995327      0.87823316
921   835        -4.26450168      4.35442361      0.82012715
922   835        -4.29663332      4.29101450      0.79027528
923   835        -4.32855253      4.23282979      0.79323906
924   835        -4.35684370      4.20408647      0.80920245
925   835        -4.37982903      4.20015516      0.83566097
926   835        -4.39777947      4.20552329      0.86452865
927   835        -4.43674307      4.19288538      0.87655787
928   835        -4.50844845      4.16589602      0.87604045
929   835        -4.60877645      4.12498833      0.88205026
930   835        -4.68963343      4.10123798      0.89835220
931   835        -4.72012906      4.09887284      0.90969771
932   835        -4.69499935      4.12067878      0.90317144
933   835        -4.62815270      4.15194564      0.88752631
934   835        -4.57933217      4.18837700      0.87959846
935   835        -4.56145866      4.22779492      0.87148609
936   835        -4.54194502      4.26203051      0.82503523
937   835        -4.49634987      4.28345397      0.74715623
938   835        -4.43467237      4.25984680      0.66880395
939   835        -4.36665570      4.22549613      0.59382772
940   835        -4.30739554      4.20325434      0.51341648
941   835        -4.23808880      4.19375298      0.44944770
942   835        -4.16131976      4.18103857      0.42300742
943   835        -4.10350732      4.15691615      0.41725727
944   835        -4.06807613      4.13056600      0.41396101
945   835        -4.06068687      4.11981349      0.40789934
946   835        -4.05177275      4.11597017      0.39772381
947   835        -4.04900170      4.09664174      0.39350303
948   835        -4.05079480      4.04909737      0.39649703
949   835        -4.06730466      4.01633803      0.38798814
950   835        -4.08163361      4.00851018      0.36634115
951   835        -4.08354650      3.98727123      0.36189171
952   835        -4.05625952      3.94491915      0.38486208
953   835        -4.04088543      3.91595760      0.41800804
954   835        -4.05380554      3.92050941      0.42414901
955   835        -4.09155334      3.92545667      0.41233211
956   835        -4.11707324      3.91424149      0.40690011
957   835        -4.11901908      3.90850263      0.40580211
958   835        -4.12420172      3.92500056      0.40045307
959   835        -4.13011850      3.94461361      0.39014706
960   835        -4.12274479      3.94313764      0.38954719
961   835        -4.08960129      3.91874967      0.39461304
962   835        -4.04587186      3.89165526      0.41336384
963   835        -3.99628035      3.87413964      0.44007029
964   835        -3.96340205      3.85813793      0.47729334
965   835        -3.95420691      3.84701341      0.52451193
966   835        -3.97426675      3.85018303      0.56327317
967   835        -4.01954499      3.85472592      0.59128808
968   835        -4.07345907      3.83823826      0.60394512
969   835        -4.11009982      3.81429599      0.62258387
970   835        -4.12342261      3.79872302      0.65902959
971   835        -4.13048980      3.80296006      0.70827787
972   835        -4.12689064      3.82017545      0.75047071
973   835        -4.12085333      3.83685112      0.78644807
974   835        -4.09687150      3.85083304      0.82366143
975   835        -4.06594141      3.88209441      0.86628179
976   835        -4.03503584      3.93519055      0.88703858
977   835        -4.00978919      3.95240600      0.88051882
978   835        -3.98307728      3.92900114      0.87093786
979   835        -3.93963885      3.89492002      0.87440031
980   835        -3.86553879      3.84964761      0.90450815
981   835        -3.77574888      3.78556382      0.95070289
982   835        -3.69228208      3.73355260      0.99497382
983   835        -3.63121407      3.71974815      1.01584895
984   835        -3.59541765      3.72472131      1.03816106
985   835        -3.56167109      3.73126228      1.04813279
986   835        -3.53355764      3.71616741      1.02502820
987   835        -3.51504438      3.68023057      0.98720122
988   835        -3.50014124      3.61793691      0.98740558
989   835        -3.46090121      3.56109533      1.04122808
990   835        -3.40702237      3.54779633      1.14139732
991   835        -3.33574440      3.55791427      1.25008342
992   835        -3.28527343      3.55413358      1.32399381
993   835        -3.25096122      3.52909276      1.36068299
994   835        -3.23225593      3.51607029      1.37808188
995   835        -3.22698410      3.51162117      1.39040322
996   835        -3.23620762      3.50162708      1.40315525
997   835        -3.24603977      3.46747601      1.45042915
998   835        -3.22866572      3.43589649      1.53894581
999   835        -3.21254678      3.41601939      1.63352909
1000  835        -3.18552802      3.38638078      1.70572724
1001  835        -3.15286536      3.33449601      1.74719403
1002  835        -3.14200254      3.29935511      1.73705852
1003  835        -3.15699663      3.32620657      1.70519934
1004  835        -3.17382247      3.38701623      1.67898326
1005  835        -3.18158453      3.41520632      1.64976671
1006  835        -3.18722474      3.36995942      1.59902774
1007  835        -3.19685161      3.29518480      1.55546140
1008  835        -3.19091329      3.24802951      1.54958592
1009  835        -3.14506775      3.23294807      1.55743163
1010  835        -3.06044385      3.22339532      1.57031399
1011  835        -2.96017949      3.19883367      1.56360026
1012  835        -2.87146074      3.15588537      1.53900822
1013  835        -2.81782518      3.11782883      1.49800520
1014  835        -2.78078151      3.09424942      1.43785627
1015  835        -2.75734241      3.08756458      1.39140609
1016  835        -2.74393409      3.07929236      1.35845175
1017  835        -2.74073057      3.05566825      1.32590933
1018  835        -2.73944624      3.03018852      1.29862882
1019  835        -2.72235977      3.02444588      1.27892958
1020  835        -2.67821002      3.04594229      1.25784744
1021  835        -2.62416622      3.07003097      1.24623643
1022  835        -2.60221288      3.07099681      1.24405802
1023  835        -2.60802507      3.05264474      1.25321602
1024  835        -2.62541546      3.04224299      1.24773443
1025  835        -2.66179863      3.06034265      1.20515453
1026  835        -2.72857910      3.07638130      1.13532657
1027  835        -2.79121230      3.05585566      1.06919050
1028  835        -2.81324106      2.99051972      1.02909264
1029  835        -2.79959422      2.91559434      1.01636586
1030  835        -2.78423904      2.86955418      1.02822305
1031  835        -2.76722012      2.86898743      1.04943072
1032  835        -2.74668802      2.90148608      1.06303346
1033  835        -2.74377372      2.93760379      1.04949401
1034  835        -2.76195765      2.96568675      1.01669236
1035  835        -2.78101471      2.96590864      0.99071491
1036  835        -2.78297555      2.92872535      0.96842533
1037  835        -2.78938661      2.86346281      0.92180955
1038  835        -2.79641242      2.81858273      0.86729267
1039  835        -2.80984958      2.81230539      0.84418156
1040  835        -2.84342328      2.82281852      0.82051979
1041  835        -2.90982613      2.81765200      0.76359805
1042  835        -2.98773279      2.82830688      0.68148968
1043  835        -3.03437629      2.87492992      0.60912167
1044  835        -3.04883267      2.93836431      0.56161320
1045  835        -3.04978634      2.96561929      0.53743882
1046  835        -3.04168462      2.95772989      0.52084246
1047  835        -3.01698814      2.96121279      0.48774083
1048  835        -2.97880680      2.99787604      0.44741079
1049  835        -2.94965876      3.03331991      0.41869008
1050  835        -2.94347366      3.05809004      0.40391314
1051  835        -2.93993384      3.07912723      0.41138773
1052  835        -2.92656236      3.12268778      0.44153473
1053  835        -2.89966934      3.18757987      0.48244314
1054  835        -2.85606684      3.23198186      0.53073804
1055  835        -2.78207965      3.24540893      0.58067350
1056  835        -2.68713073      3.24364504      0.62272714
1057  835        -2.60306129      3.23428395      0.65788489
1058  835        -2.55335497      3.21861983      0.68654709
1059  835        -2.53407865      3.19036023      0.68944853
1060  835        -2.52081757      3.15860640      0.66800284
1061  835        -2.49856500      3.14322516      0.65214234
1062  835        -2.47164456      3.15474646      0.65169601
1063  835        -2.44067749      3.18637818      0.64970738
1064  835        -2.40258554      3.23743359      0.61624223
1065  835        -2.36549283      3.27721956      0.57114278
1066  835        -2.32088163      3.28878138      0.54451484
1067  835        -2.27100915      3.27068482      0.55938572
1068  835        -2.23406545      3.24216131      0.60690163
1069  835        -2.22208284      3.22371210      0.66448371
1070  835        -2.21891890      3.21569701      0.70712795
1071  835        -2.23091822      3.19145435      0.73046994
1072  835        -2.25552688      3.15310731      0.74626988
1073  835        -2.28501050      3.12699401      0.77955872
1074  835        -2.30660163      3.13757404      0.83467989
1075  835        -2.31422755      3.15946835      0.90227289
1076  835        -2.30695656      3.17222907      0.96113771
1077  835        -2.29402817      3.17509962      1.00298877
1078  835        -2.27341544      3.16887410      1.04007616
1079  835        -2.24608515      3.13822614      1.07015201
1080  835        -2.21870011      3.09077343      1.07498992
1081  835        -2.16762600      3.05443021      1.04642246
1082  835        -2.07781810      3.04636523      1.02481571
1083  835        -1.95843509      3.05766342      1.01599978
1084  835        -1.85936212      3.08294173      0.98992795
1085  835        -1.79316030      3.10815703      0.93828684
1086  835        -1.75820294      3.11527801      0.87043020
1087  835        -1.73178558      3.10000382      0.79501194
1088  835        -1.70058497      3.06944092      0.71960052
1089  835        -1.66778677      3.02399065      0.66244970
1090  835        -1.63372199      2.97045069      0.62942236
1091  835        -1.60047900      2.92646286      0.61135788
1092  835        -1.56892292      2.89776649      0.60262249
1093  835        -1.52291760      2.89962082      0.59312522
1094  835        -1.46646864      2.92307709      0.58253498
1095  835        -1.41028483      2.94439717      0.56432286
1096  835        -1.36041574      2.92388369      0.54310584
1097  835        -1.32929633      2.85190374      0.50247675
1098  835        -1.29357480      2.75147691      0.44427630
1099  835        -1.23702895      2.67124007      0.37228534
1100  835        -1.17851725      2.65332557      0.30695786
1101  835        -1.14509685      2.66963662      0.25063510
1102  835        -1.13471172      2.66525414      0.20198068
1103  835        -1.11414670      2.60296465      0.17808073
1104  835        -1.07836094      2.50123104      0.18022892
1105  835        -1.04590858      2.38691860      0.18681097
1106  835        -1.04634941      2.28346129      0.17053763
1107  835        -1.07387308      2.17429882      0.14213499
1108  835        -1.08919773      2.07325450      0.10848446
1109  835        -1.09683249      2.00443075      0.07594445
1110  835        -1.11628828      1.99535759      0.03139261
1111  835        -1.14132347      2.04649275     -0.01955446
1112  835        -1.15743541      2.10487298     -0.05164609
1113  835        -1.16501778      2.12091257     -0.05984422
1114  835        -1.19347499      2.07766372     -0.04417321
1115  835        -1.23955042      2.01876513      0.00785681
1116  835        -1.25873461      1.97048215      0.07751515
1117  835        -1.25557606      1.91916587      0.13390836
1118  835        -1.25929385      1.86040805      0.17522540
1119  835        -1.28908139      1.80643649      0.18096206
1120  835        -1.34083668      1.80510715      0.16361923
1121  835        -1.41443892      1.86841912      0.15530814
1122  835        -1.49341655      1.96292925      0.19419923
1123  835        -1.55229872      2.03702682      0.27284717
1124  835        -1.57436222      2.09157362      0.37008168
1125  835        -1.58923819      2.12597326      0.46702492
1126  835        -1.59753986      2.14030330      0.54637730
1127  835        -1.59502630      2.13911076      0.61083481
1128  835        -1.58730385      2.13363281      0.65701043
1129  835        -1.59216085      2.12137435      0.69421058
1130  835        -1.63028218      2.10345000      0.72884045
1131  835        -1.67753878      2.08683821      0.76656941
1132  835        -1.72001520      2.06926867      0.81207926
1133  835        -1.73468116      2.04125054      0.87207315
1134  835        -1.72618791      1.99640523      0.93803607
1135  835        -1.70848782      1.94354508      0.98361182
1136  835        -1.69769604      1.89519071      1.01423332
1137  835        -1.72143210      1.86108084      1.04107926
1138  835        -1.76449293      1.83243429      1.06315132
1139  835        -1.80730789      1.81504589      1.06575824
1140  835        -1.82232758      1.81128704      1.06449652
1141  835        -1.81795547      1.81721085      1.07212526
1142  835        -1.78488342      1.82510477      1.10420520
1143  835        -1.71804501      1.83764515      1.14415253
1144  835        -1.63710631      1.84856318      1.18352510
1145  835        -1.55974095      1.85886690      1.21406385
1146  835        -1.49213901      1.86692255      1.20646207
1147  835        -1.42610475      1.87380046      1.16761397
1148  835        -1.37397742      1.89196368      1.08052994
1149  835        -1.34043305      1.89938901      0.98244293
1150  835        -1.32790117      1.89258027      0.90922120
1151  835        -1.29494982      1.86579382      0.84768855
1152  835        -1.22138305      1.85430858      0.78656383
1153  835        -1.13036630      1.85635696      0.72381811
1154  835        -1.06340792      1.84730298      0.67007193
1155  835        -1.05233304      1.81833043      0.65195401
1156  835        -1.02143345      1.81559112      0.63501417
1157  835        -0.96978784      1.84670777      0.61796883
1158  835        -0.91723639      1.88032157      0.59784306
1159  835        -0.86074536      1.91035071      0.57475353
1160  835        -0.83386393      1.91074188      0.57739846
1161  835        -0.80292460      1.91629807      0.56331490
1162  835        -0.74238809      1.92448371      0.53137591
1163  835        -0.68448028      1.92116647      0.49040610
1164  835        -0.64720521      1.89807372      0.44400225
1165  835        -0.63011450      1.87554280      0.39790215
1166  835        -0.60085288      1.87969527      0.36091612
1167  835        -0.53945028      1.91475423      0.34085788
1168  835        -0.45756978      1.96584794      0.32603793
1169  835        -0.37278474      2.01991390      0.31825850
1170  835        -0.28592200      2.06808577      0.30963039
1171  835        -0.20578563      2.09245641      0.30848853
1172  835        -0.13513104      2.09687438      0.30551672
1173  835        -0.06418269      2.11884192      0.29543233
1174  835         0.00267418      2.16769572      0.25455188
1175  835         0.06269181      2.21982483      0.19915187
1176  835         0.10269140      2.23757878      0.16247163
1177  835         0.13674396      2.23586683      0.15171011
1178  835         0.17372279      2.22800901      0.15330679
1179  835         0.22174227      2.22747095      0.14787175
1180  835         0.26558648      2.23099272      0.14358493
1181  835         0.29817790      2.22287898      0.15081703
1182  835         0.33013329      2.21662310      0.17332466
1183  835         0.35794979      2.22428731      0.20646101
1184  835         0.39052606      2.27878229      0.22960628
1185  835         0.41270508      2.37765148      0.25165944
1186  835         0.42322865      2.49088171      0.29107707
1187  835         0.39380270      2.54699271      0.35079309
1188  835         0.33517814      2.54110526      0.43212377
1189  835         0.26739380      2.52128174      0.51353956
1190  835         0.19410152      2.51953676      0.57313742
1191  835         0.11844274      2.53478695      0.60778066
1192  835         0.05680782      2.55413644      0.64044598
1193  835         0.02848927      2.58222589      0.69721599
1194  835         0.03082934      2.60333855      0.77043439
1195  835         0.05665612      2.60442227      0.84436281
1196  835         0.07599487      2.58413489      0.89811642
1197  835         0.09032655      2.56412428      0.90127645
1198  835         0.11473654      2.57361343      0.86079046
1199  835         0.15623395      2.62471723      0.82661706
1200  835         0.17186604      2.65798065      0.83248879
1201  835         0.13405000      2.63170474      0.86180267
1202  835         0.06213951      2.60282739      0.88904106
1203  835        -0.00823172      2.61376227      0.89359179
1204  835        -0.04360250      2.65702531      0.89301993
1205  835        -0.05960367      2.71043141      0.88554993
1206  835        -0.05440828      2.75404845      0.87730731
1207  835        -0.03891857      2.78609430      0.86470761
1208  835        -0.00901821      2.81445569      0.86214193
1209  835         0.03045063      2.83483884      0.87283161
1210  835         0.07201575      2.86354832      0.87857157
1211  835         0.12244378      2.90394170      0.87439735
1212  835         0.17853651      2.95847343      0.85575389
1213  835         0.21547346      3.01946692      0.80745731
1214  835         0.21926863      3.07667270      0.74133197
1215  835         0.19500750      3.10362621      0.70728694
1216  835         0.15933259      3.08283614      0.70880630
1217  835         0.09195858      3.04059398      0.71734086
1218  835        -0.00817792      3.02320541      0.71407904
1219  835        -0.09397518      3.04888826      0.70498061
1220  835        -0.13957737      3.09601298      0.70635174
1221  835        -0.16394415      3.14442465      0.71902197
1222  835        -0.19166071      3.17130987      0.72180708
1223  835        -0.21748811      3.19083034      0.71713801
1224  835        -0.24986726      3.20828673      0.73348070
1225  835        -0.27875814      3.22345801      0.76942953
1226  835        -0.29312176      3.22003452      0.79800854
1227  835        -0.31550252      3.20425806      0.79469671
1228  835        -0.35173099      3.22276377      0.76266612
1229  835        -0.38209463      3.28081878      0.70484164
1230  835        -0.38675034      3.35002932      0.68113408
1231  835        -0.38233126      3.41017840      0.72249461
1232  835        -0.37185553      3.47551581      0.80626944
1233  835        -0.36519506      3.54334382      0.88114192
1234  835        -0.35983483      3.60018828      0.91900709
1235  835        -0.35630308      3.64468782      0.89608730
1236  835        -0.34578102      3.69994987      0.83288683
1237  835        -0.33776876      3.75230508      0.76284978
1238  835        -0.33553919      3.79171439      0.68834818
1239  835        -0.34994109      3.79604320      0.61309704
1240  835        -0.38287185      3.76641518      0.55917776
1241  835        -0.43943337      3.72150522      0.55362306
1242  835        -0.50560216      3.70284148      0.59698426
1243  835        -0.55575717      3.74237788      0.65682279
1244  835        -0.57759107      3.82895913      0.68622832
1245  835        -0.58274319      3.92937182      0.69566446
1246  835        -0.59453512      4.00355650      0.72452692
1247  835        -0.61649877      4.04768188      0.79089158
1248  835        -0.63635551      4.04667459      0.85868498
1249  835        -0.65167570      4.03740689      0.89083366
1250  835        -0.65911120      4.02942326      0.87411685
1251  835        -0.65808854      4.03024070      0.83997556
1252  835        -0.65164400      4.01465604      0.83459233
1253  835        -0.64894645      3.99159999      0.88727075
1254  835        -0.63098001      3.97215619      0.96832322
1255  835        -0.59996701      3.94740551      1.01989800
1256  835        -0.58350180      3.90182426      1.02526224
1257  835        -0.59561051      3.83875947      0.99600996
1258  835        -0.61063733      3.77361135      0.95295981
1259  835        -0.61664781      3.71352527      0.89040835
1260  835        -0.61644943      3.66357623      0.82365473
1261  835        -0.62294734      3.62438680      0.76258061
1262  835        -0.62863538      3.62660764      0.72215822
1263  835        -0.60577825      3.65951913      0.68800309
1264  835        -0.56712204      3.70246515      0.64734964
1265  835        -0.56621222      3.74523349      0.58822435
1266  835        -0.62808115      3.77340092      0.53708551
1267  835        -0.71721481      3.78358737      0.51583993
1268  835        -0.79579321      3.79724384      0.52225744
1269  835        -0.83678839      3.82807875      0.53845045
1270  835        -0.85085710      3.85932590      0.55853493
1271  835        -0.83893723      3.88897669      0.59004763
1272  835        -0.81658311      3.91152987      0.63089818
1273  835        -0.78904183      3.94002337      0.66326953
1274  835        -0.76867622      3.95074770      0.66288583
1275  835        -0.75646512      3.93674211      0.64624104
1276  835        -0.75386853      3.89547370      0.64244570
1277  835        -0.75425612      3.85798683      0.68083100
1278  835        -0.73569907      3.82434026      0.74288998
1279  835        -0.70004898      3.80171101      0.80254324
1280  835        -0.66276792      3.78005675      0.83597449
1281  835        -0.63205130      3.75637761      0.82932291
1282  835        -0.59665746      3.74043051      0.80556965
1283  835        -0.57105078      3.73767500      0.77760226
1284  835        -0.57208889      3.73484666      0.75685595
1285  835        -0.60152350      3.72592160      0.74928377
1286  835        -0.61974662      3.71346147      0.76150025
1287  835        -0.59157234      3.69036608      0.76023318
1288  835        -0.53765837      3.66155572      0.73116076
1289  835        -0.50069715      3.61542797      0.67884238
1290  835        -0.48607891      3.57143676      0.64655356
1291  835        -0.45529632      3.56358884      0.64916782
1292  835        -0.40674297      3.59504746      0.65830372
1293  835        -0.37258390      3.65298146      0.66488402
1294  835        -0.37969041      3.71983598      0.68888446
1295  835        -0.40138211      3.77655246      0.72565708
1296  835        -0.40154089      3.82274904      0.75783748
1297  835        -0.37681404      3.87596383      0.76302802
1298  835        -0.35889257      3.92900191      0.73815397
1299  835        -0.36687921      3.95242960      0.71622580
1300  835        -0.37875816      3.95096105      0.71497879
1301  835        -0.37848742      3.95747913      0.72034758
1302  835        -0.36577997      3.98715979      0.72959337
1303  835        -0.33252314      4.02528688      0.73677974
1304  835        -0.27834402      4.06039108      0.74648820
1305  835        -0.21388060      4.09703719      0.77257125
1306  835        -0.17147752      4.13156075      0.81415884
1307  835        -0.17512031      4.15027772      0.86548870
1308  835        -0.21660298      4.15697441      0.90596360
1309  835        -0.26059338      4.16075708      0.92686402
1310  835        -0.26792890      4.16772840      0.93016128
1311  835        -0.24346642      4.17202504      0.94072167
1312  835        -0.20905118      4.16751513      0.95280900
1313  835        -0.16984872      4.17546525      0.96017203
1314  835        -0.10376646      4.20341369      0.95620826
1315  835        -0.02432266      4.24759263      0.94761974
1316  835         0.03180333      4.29001402      0.94632680
1317  835         0.04274701      4.31400192      0.95408849
1318  835         0.01547123      4.30629938      0.97915681
1319  835        -0.02621708      4.28330552      0.99242373
1320  835        -0.06227095      4.27592048      0.98043769
1321  835        -0.08761352      4.28803217      0.96118781
1322  835        -0.10134594      4.31487282      0.95025329
1323  835        -0.11177054      4.33133070      0.94691513
1324  835        -0.13039213      4.33113298      0.94736769
1325  835        -0.16420687      4.31882964      0.94086926
1326  835        -0.20938328      4.29238203      0.91311793
1327  835        -0.26429876      4.23284728      0.88680254
1328  835        -0.31131326      4.14269536      0.87977878
1329  835        -0.35037190      4.07878584      0.87878108
1330  835        -0.36661333      4.06919898      0.87203770
1331  835        -0.36654750      4.10719799      0.86841588
1332  835        -0.36761447      4.13898328      0.86546471
1333  835        -0.37074607      4.16473236      0.86481514
1334  835        -0.36998163      4.19192751      0.86584503
1335  835        -0.38021879      4.21131009      0.87907058
1336  835        -0.41412833      4.18093136      0.92980904
1337  835        -0.45143648      4.12263401      0.99214021
1338  835        -0.46463896      4.07493421      1.02840973
1339  835        -0.45881495      4.06599820      1.02905433
1340  835        -0.44027708      4.06620195      1.01331376
1341  835        -0.40584438      4.06792018      1.00407254
1342  835        -0.36910617      4.08246980      1.00134423
1343  835        -0.33973610      4.08545335      0.99256897
1344  835        -0.33203706      4.06081781      0.97533492
1345  835        -0.33196830      4.01174486      0.95758579
1346  835        -0.33775929      3.96361809      0.93436179
1347  835        -0.33196676      3.93466352      0.89632951
1348  835        -0.30597425      3.93169815      0.84429506
1349  835        -0.26739499      3.94304720      0.78887304
1350  835        -0.23478251      3.97663370      0.77183783
1351  835        -0.22294445      4.01418759      0.80701868
1352  835        -0.22408257      4.02310503      0.86981741
1353  835        -0.21324709      4.01582456      0.93103028
1354  835        -0.19112517      4.02258306      0.96433470
1355  835        -0.18270386      4.05626971      0.95917024
1356  835        -0.19669334      4.10160532      0.92907736
1357  835        -0.21658874      4.14873444      0.88751949
1358  835        -0.20137676      4.15207746      0.85933107
1359  835        -0.14018663      4.09852537      0.86169221
1360  835        -0.07349440      4.02271152      0.86636125
1361  835        -0.04440102      3.95899452      0.82165244
1362  835        -0.06150439      3.91849060      0.72397803
1363  835        -0.10099072      3.89690789      0.62107542
1364  835        -0.12133107      3.87603100      0.53486084
1365  835        -0.12530864      3.83524796      0.45266107
1366  835        -0.11990832      3.78031008      0.37333031
1367  835        -0.09985939      3.70573006      0.33439679
1368  835        -0.07047721      3.63360961      0.35147965
1369  835        -0.03227755      3.56412384      0.39684317
1370  835         0.00510834      3.52223817      0.42744772
1371  835         0.03926025      3.51068120      0.43011407
1372  835         0.06529102      3.51390849      0.42858266
1373  835         0.07909080      3.50923160      0.43031234
1374  835         0.09164942      3.51404830      0.43533928
1375  835         0.09895065      3.55134345      0.43589190
1376  835         0.10208234      3.59550677      0.43590630
1377  835         0.07679927      3.61904906      0.46371658
1378  835         0.03608496      3.61596136      0.50407087
1379  835         0.00393890      3.61890658      0.51597503
1380  835         0.00659239      3.64717765      0.47878241
1381  835         0.04147733      3.70748483      0.43562775
1382  835         0.08933469      3.76897838      0.42007823
1383  835         0.14807913      3.81016368      0.42202633
1384  835         0.19151201      3.82704548      0.42637399
1385  835         0.18698286      3.83777283      0.43062224
1386  835         0.11365011      3.85018088      0.43014473
1387  835         0.02099813      3.85836422      0.42826904
1388  835        -0.04087185      3.87446714      0.43814579
1389  835        -0.05039701      3.89889068      0.45029753
1390  835        -0.02085816      3.92979542      0.45245497
1391  835         0.04366126      3.95299621      0.44369217
1392  835         0.12802807      3.98056284      0.43294114
1393  835         0.21123728      4.00935048      0.42963674
1394  835         0.27217101      4.03621159      0.43007064
1395  835         0.30006489      4.03953843      0.42963096
1396  835         0.33230556      4.01293348      0.40088816
1397  835         0.36353084      3.97168225      0.34638616
1398  835         0.36957624      3.94647715      0.28017696
1399  835         0.36068779      3.93648654      0.22881743
1400  835         0.36276028      3.91869057      0.18882940
1401  835         0.37101617      3.87758595      0.15246387
1402  835         0.36887313      3.81962511      0.12266455
1403  835         0.40096032      3.77602868      0.10648756
1404  835         0.49317184      3.76150431      0.08636096
1405  835         0.60252512      3.77048637      0.04432267
1406  835         0.68367131      3.76792067     -0.03500624
1407  835         0.73723879      3.74513349     -0.13914335
1408  835         0.77445798      3.70928074     -0.22916700
1409  835         0.79147250      3.67531114     -0.29564213
1410  835         0.78756512      3.64777015     -0.35311614
1411  835         0.78974733      3.63402598     -0.43259823
1412  835         0.81327812      3.63243284     -0.52491898
1413  835         0.84283131      3.65123983     -0.61255778
1414  835         0.87958332      3.67395692     -0.67776016
1415  835         0.92118315      3.68602033     -0.70420338
1416  835         0.94706314      3.68978216     -0.69211460
1417  835         0.95300623      3.68597104     -0.66025380
1418  835         0.94654574      3.67956931     -0.63546013
1419  835         0.93045520      3.67825023     -0.65282753
1420  835         0.89172087      3.68580294     -0.71560041
1421  835         0.85505000      3.70422039     -0.78039540
1422  835         0.86413597      3.73673057     -0.81296910
1423  835         0.90098706      3.78501580     -0.81375495
1424  835         0.92556346      3.82521028     -0.80548901
1425  835         0.92818618      3.84208466     -0.79584219
1426  835         0.92252955      3.84252972     -0.79791016
1427  835         0.90303833      3.84429274     -0.81094440
1428  835         0.84736136      3.87965512     -0.83998512
1429  835         0.76201390      3.95883544     -0.86247330
1430  835         0.69357162      4.04210406     -0.85356969
1431  835         0.65514769      4.08644102     -0.80617481
1432  835         0.62843806      4.07798957     -0.74624598
1433  835         0.59506624      4.03193949     -0.68622739
1434  835         0.56404616      3.98785028     -0.62061329
1435  835         0.55500455      3.98931055     -0.55891021
1436  835         0.56030277      4.04402738     -0.51674948
1437  835         0.55714550      4.12900941     -0.50188525
1438  835         0.53197370      4.21254606     -0.48989531
1439  835         0.50069520      4.28730258     -0.47559135
1440  835         0.47095216      4.35335702     -0.45995620
1441  835         0.44657021      4.41192815     -0.45104189
1442  835         0.43067631      4.45672897     -0.44387803
1443  835         0.42061095      4.48860004     -0.44893600
1444  835         0.41214751      4.50566627     -0.46667135
1445  835         0.40994488      4.52783973     -0.49788807
1446  835         0.42622309      4.55120972     -0.53359987
1447  835         0.45910846      4.57129274     -0.54997365
1448  835         0.51102930      4.58900450     -0.52989679
1449  835         0.58740163      4.60869952     -0.48242382
1450  835         0.66440377      4.63406327     -0.45491982
1451  835         0.71557969      4.65670933     -0.46626152
1452  835         0.75617460      4.66910490     -0.50568086
1453  835         0.80431466      4.66909379     -0.56506948
1454  835         0.85479817      4.68357719     -0.64682729
1455  835         0.89716605      4.71673687     -0.73700483
1456  835         0.92008535      4.76793564     -0.80688877
1457  835         0.93790552      4.82440101     -0.85071796
1458  835         0.96605183      4.86853505     -0.87514468
1459  835         1.00015767      4.88263029     -0.89068601
1460  835         1.02866544      4.88256727     -0.91412702
1461  835         1.04924877      4.90353107     -0.94645764
1462  835         1.07112639      4.93936719     -0.97920050
1463  835         1.09005599      4.97662272     -1.01018933
1464  835         1.10721842      4.99928210     -1.06192143
1465  835         1.10533190      5.00150534     -1.11618958
1466  835         1.09318593      4.96972469     -1.15450615
1467  835         1.09497203      4.92232427     -1.17713792
1468  835         1.10477496      4.86330872     -1.18021902
1469  835         1.12923094      4.79481791     -1.18532704
1470  835         1.15444333      4.73137617     -1.19219589
1471  835         1.18799927      4.67460232     -1.21263163
1472  835         1.22453716      4.62850443     -1.25111176
1473  835         1.25633844      4.60247392     -1.29782860
1474  835         1.27494689      4.63399710     -1.32638853
1475  835         1.28148574      4.69836600     -1.34222333
1476  835         1.28126841      4.75032885     -1.34610659
1477  835         1.28237355      4.75883404     -1.33840903
1478  835         1.28487824      4.74720887     -1.32268143
1479  835         1.26534828      4.73685385     -1.29230638
1480  835         1.23257559      4.74991252     -1.25457317
1481  835         1.21427624      4.80748440     -1.20917096
1482  835         1.22121178      4.87904157     -1.15032197
1483  835         1.23721337      4.94026522     -1.09852549
1484  835         1.24157497      4.97829702     -1.08273517
1485  835         1.22673702      4.98264950     -1.08830254
1486  835         1.20759758      4.96007442     -1.09191737
1487  835         1.19340658      4.93283296     -1.10446114
1488  835         1.19109531      4.92261984     -1.13604807
1489  835         1.21532017      4.92640563     -1.15626283
1490  835         1.25884219      4.93180335     -1.14240769
1491  835         1.29584680      4.93438827     -1.12409355
1492  835         1.33492081      4.93425772     -1.12779090
1493  835         1.38311307      4.91937467     -1.13941170
1494  835         1.42734040      4.89755007     -1.15230289
1495  835         1.42506033      4.88298695     -1.18482230
1496  835         1.37408252      4.88423203     -1.24691045
1497  835         1.30693940      4.89747675     -1.31557840
1498  835         1.25853677      4.90217282     -1.37220919
1499  835         1.24158864      4.88768881     -1.41939340
1500  835         1.24462831      4.86543149     -1.46651407
1501  835         1.27112940      4.85313532     -1.50855395
1502  835         1.32982128      4.83361249     -1.54838811
1503  835         1.39338744      4.79455329     -1.59768285
1504  835         1.44203120      4.74316590     -1.64709768
1505  835         1.47993447      4.70301713     -1.66876597
1506  835         1.49557901      4.66784365     -1.64381901
1507  835         1.47557291      4.61497665     -1.59265566
1508  835         1.45017840      4.57044792     -1.56561130
1509  835         1.44157498      4.57186658     -1.56838452
1510  835         1.42742420      4.60288890     -1.58071127
1511  835         1.37953076      4.63423993     -1.60722529
1512  835         1.30679212      4.67036767     -1.65424851
1513  835         1.24529351      4.70788365     -1.70889900
1514  835         1.21712482      4.73145641     -1.75152037
1515  835         1.23913877      4.72607923     -1.75617295
1516  835         1.28349964      4.69574304     -1.73944645
1517  835         1.30857571      4.67305258     -1.72975154
1518  835         1.29207133      4.68109665     -1.73178323
1519  835         1.25445572      4.70441686     -1.74805123
1520  835         1.21585838      4.70662731     -1.76619943
1521  835         1.18703226      4.69504593     -1.76759355
1522  835         1.17223530      4.66695490     -1.75489938
1523  835         1.17197096      4.62989787     -1.74135414
1524  835         1.18229049      4.58578379     -1.72666261
1525  835         1.19244459      4.54403578     -1.71364278
1526  835         1.18256320      4.51803238     -1.70785415
1527  835         1.14027546      4.51308805     -1.70520076
1528  835         1.07393126      4.53536618     -1.68725303
1529  835         1.01590423      4.57091333     -1.65176782
1530  835         1.00615136      4.57950435     -1.60491829
1531  835         1.04597065      4.53571847     -1.53471536
1532  835         1.10264434      4.47074680     -1.45083430
1533  835         1.15228302      4.45388452     -1.37011458
1534  835         1.16811637      4.50303384     -1.30677702
1535  835         1.14093987      4.57414455     -1.24818025
1536  835         1.10068367      4.63534930     -1.19345999
1537  835         1.07754685      4.68843432     -1.13706100
1538  835         1.10082456      4.73167645     -1.09021047
1539  835         1.15125608      4.75688182     -1.06110455
1540  835         1.18604645      4.78453898     -1.03980796
1541  835         1.18857112      4.83221935     -1.01762114
1542  835         1.17835964      4.85435973     -0.97079050
1543  835         1.16919004      4.82394751     -0.91461226
1544  835         1.15214296      4.76112696     -0.85332454
1545  835         1.12265079      4.72066747     -0.78400231
1546  835         1.08847984      4.71285251     -0.69943935
1547  835         1.07572192      4.69804795     -0.62232242
1548  835         1.09985407      4.66318468     -0.55800809
1549  835         1.15313587      4.61554583     -0.47649011
1550  835         1.19150407      4.56327730     -0.36990548
1551  835         1.19209947      4.50765239     -0.25208269
1552  835         1.17543797      4.49394970     -0.15349709
1553  835         1.18671080      4.55245680     -0.08129892
1554  835         1.22266298      4.63719955     -0.02288736
1555  835         1.24925735      4.70598298      0.03045666
1556  835         1.24418712      4.73930965      0.08668808
1557  835         1.20993383      4.77211250      0.13559812
1558  835         1.16630990      4.82134787      0.16377526
1559  835         1.14143227      4.86816782      0.17908286
1560  835         1.14606229      4.88818207      0.20089608
1561  835         1.15772136      4.87079432      0.23214723
1562  835         1.16258174      4.84856947      0.26767086
1563  835         1.14784106      4.85644605      0.29275612
1564  835         1.12692331      4.91454113      0.31779140
1565  835         1.11196112      4.99054200      0.34435386
1566  835         1.11205320      5.05232205      0.37766481
1567  835         1.12414626      5.10692955      0.40922742
1568  835         1.13383385      5.17266582      0.41082521
1569  835         1.12928526      5.23164168      0.37979297
1570  835         1.09914331      5.23996024      0.33052569
1571  835         1.06663639      5.21613698      0.31732479
1572  835         1.06640188      5.18870951      0.34957447
1573  835         1.10258264      5.16332238      0.42772603
1574  835         1.14205208      5.13831862      0.51449510
1575  835         1.16249264      5.14267072      0.59332363
1576  835         1.15756711      5.16591966      0.64962206
1577  835         1.14225081      5.18894550      0.69384860
1578  835         1.13057046      5.20874074      0.74034491
1579  835         1.12694890      5.23587147      0.78489821
1580  835         1.11730664      5.24651939      0.82098261
1581  835         1.08661754      5.26313955      0.86803271
1582  835         1.03742128      5.29443603      0.93894394
1583  835         0.99421579      5.33343413      1.01749782
1584  835         0.97714125      5.38204697      1.09589532
1585  835         0.98660153      5.43750123      1.16101739
1586  835         1.01744623      5.46488213      1.21507275
1587  835         1.06641128      5.44186592      1.24395570
1588  835         1.12230097      5.41074513      1.26371548
1589  835         1.16382619      5.39826859      1.27979212
1590  835         1.17444996      5.40834143      1.30628657
1591  835         1.15184746      5.42126133      1.32579407
1592  835         1.09307993      5.43805380      1.34702347
1593  835         1.03627976      5.45599468      1.37700480
1594  835         1.02348612      5.47053513      1.41228505
1595  835         1.05245292      5.49292261      1.43220108
1596  835         1.07870871      5.53105436      1.44447453
1597  835         1.08716600      5.56121945      1.47259792
1598  835         1.06814655      5.55943727      1.52089518
1599  835         1.04740583      5.53962376      1.56432298
1600  835         1.05367298      5.52895962      1.58177903
1601  835         1.07093731      5.53384749      1.59323453
1602  835         1.06141129      5.54056787      1.62367919
1603  835         1.02001709      5.55900216      1.69228396
1604  835         0.96602801      5.60796619      1.75422993
1605  835         0.92756555      5.66412993      1.77219848
1606  835         0.93615415      5.69820167      1.75919887
1607  835         0.94963048      5.71767015      1.76804806
1608  835         0.92590687      5.73581095      1.81030387
1609  835         0.85419121      5.76722740      1.87307324
1610  835         0.78581455      5.78653931      1.92343026
1611  835         0.75289158      5.81467976      1.93417557
1612  835         0.73723536      5.87681807      1.92334836
1613  835         0.70626846      5.95695101      1.91504748
1614  835         0.64791518      6.02140740      1.90477698
1615  835         0.60675637      6.06320158      1.89386143
1616  835         0.59027314      6.09749824      1.89980846
1617  835         0.58727405      6.13385936      1.92602936
1618  835         0.59244124      6.16663836      1.95526216
1619  835         0.60836513      6.19746622      1.97619149
1620  835         0.62697581      6.21762126      1.97956453
1621  835         0.64794703      6.21299197      1.96500605
1622  835         0.66235440      6.19349670      1.95372375
1623  835         0.67396066      6.18810796      1.94438108
1624  835         0.68246553      6.22703107      1.94199111
1625  835         0.67770511      6.28593608      1.93016452
1626  835         0.66845869      6.31525269      1.91312703
1627  835         0.62945733      6.31886263      1.89252505
1628  835         0.57533122      6.32864524      1.87425002
1629  835         0.53994765      6.35947642      1.85394774
1630  835         0.53597727      6.39602333      1.83950526
1631  835         0.56055304      6.41713594      1.82823969
1632  835         0.62120508      6.44221339      1.81022898
1633  835         0.71859519      6.50790833      1.78032643
1634  835         0.81537247      6.58623208      1.74895196
1635  835         0.85216078      6.61483403      1.71426512
1636  835         0.82891765      6.58333146      1.65061985
1637  835         0.80790183      6.53833158      1.59765587
1638  835         0.81628304      6.50708390      1.55020327
1639  835         0.84129298      6.48654916      1.52416742
1640  835         0.86248384      6.47694394      1.52796075
1641  835         0.88707336      6.49241753      1.54003179
1642  835         0.93411483      6.55382792      1.53505568
1643  835         0.99636703      6.62613300      1.49392421
1644  835         1.05134289      6.66360231      1.42009837
1645  835         1.08926449      6.66595493      1.34207320
1646  835         1.10104735      6.66316080      1.30237866
1647  835         1.09312988      6.66162606      1.28886894
1648  835         1.06096969      6.64350480      1.29177128
1649  835         1.01490596      6.61145606      1.30042339
1650  835         0.98494451      6.57637119      1.31415868
1651  835         0.98055475      6.55848317      1.33092784
1652  835         0.98528642      6.56360615      1.34595531
1653  835         0.97309143      6.58201356      1.35759092
1654  835         0.96343745      6.61094374      1.36850743
1655  835         0.96554440      6.64380152      1.36748647
1656  835         0.98624845      6.65145237      1.34405109
1657  835         1.00685250      6.62418185      1.31328000
1658  835         1.02620493      6.56527186      1.28493795
1659  835         1.02091741      6.48630904      1.26992378
1660  835         0.97339004      6.39938426      1.27561614
1661  835         0.90286363      6.32477122      1.30434679
1662  835         0.83601261      6.28197697      1.33954186
1663  835         0.79672447      6.26291679      1.35562076
1664  835         0.77961880      6.26085622      1.32950264
1665  835         0.77854434      6.25485585      1.29389683
1666  835         0.78055859      6.23220990      1.27776211
1667  835         0.78675592      6.20121265      1.28408351
1668  835         0.79527574      6.18258837      1.28456223
1669  835         0.79024637      6.18117040      1.27220071
1670  835         0.77164381      6.17150433      1.27348117
1671  835         0.76217430      6.12495363      1.30656996
1672  835         0.76666705      6.05852952      1.37437060
1673  835         0.73635444      5.99274929      1.45291503
1674  835         0.68015666      5.91504129      1.52962471
1675  835         0.63023789      5.82792972      1.58143248
1676  835         0.59261393      5.73811079      1.61902214
1677  835         0.57121640      5.65158687      1.64451520
1678  835         0.57292946      5.54807777      1.65692622
1679  835         0.58656523      5.44972709      1.65289990
1680  835         0.57720988      5.38154136      1.62360650
1681  835         0.54138723      5.33552242      1.58599863
1682  835         0.51066356      5.30229625      1.57139008
1683  835         0.51953105      5.27660042      1.59177111
1684  835         0.54980182      5.25949220      1.62168870
1685  835         0.53500080      5.23300602      1.65671810
1686  835         0.48389641      5.20826848      1.68490537
1687  835         0.45572646      5.18404014      1.67905865
1688  835         0.46588079      5.15838357      1.62187399
1689  835         0.47300408      5.11820576      1.53326754
1690  835         0.44210389      5.06923717      1.43516072
1691  835         0.40141894      5.03212411      1.32740843
1692  835         0.37606908      4.99691784      1.23712721
1693  835         0.39551527      4.97116984      1.16734702
1694  835         0.46061803      4.97012039      1.10046764
1695  835         0.51966166      4.97948150      1.07920353
1696  835         0.55024047      4.98500826      1.12121871
1697  835         0.55173141      5.01091375      1.19921080
1698  835         0.53523539      5.04998653      1.28196009
1699  835         0.50843820      5.06118870      1.34424780
1700  835         0.48958567      5.03166175      1.33578324
1701  835         0.51074112      4.96887793      1.24610777
1702  835         0.54586621      4.90857453      1.13790322
1703  835         0.56399629      4.85790911      1.05290353
1704  835         0.55799700      4.83720728      0.97358696
1705  835         0.53876479      4.82835869      0.90730695
1706  835         0.52773318      4.80891618      0.87976927
1707  835         0.52425596      4.78501525      0.89611964
1708  835         0.53088609      4.74930833      0.93969080
1709  835         0.54859554      4.68751891      0.99184114
1710  835         0.56106968      4.60745943      1.03276776
1711  835         0.55708101      4.53214286      1.05578648
1712  835         0.51683387      4.45034533      1.04278115
1713  835         0.46874241      4.36547277      1.00039512
1714  835         0.44850566      4.26929205      0.92252571
1715  835         0.48692063      4.17949173      0.83949781
1716  835         0.57961803      4.09599534      0.77879893
1717  835         0.63793826      4.02577117      0.72649739
1718  745        -1.82371338      4.27459836      0.04034562
1719  745        -1.80947061      4.27388045      0.03870377
1720  745        -1.80335320      4.28075424      0.04797569
1721  745        -1.82096276      4.31565289      0.05533228
1722  745        -1.85973529      4.36884973      0.04680413
1723  745        -1.87718411      4.39535525      0.02467541
1724  745        -1.87431941      4.39736007      0.00395969
1725  745        -1.84491654      4.42205015     -0.02101335
1726  745        -1.80197637      4.46018125     -0.03958971
1727  745        -1.77290029      4.47662019     -0.04628844
1728  745        -1.75998248      4.47491502     -0.04769984
1729  745        -1.78684298      4.44714568     -0.05054876
1730  745        -1.85510013      4.40469945     -0.06624194
1731  745        -1.89782363      4.38171886     -0.09644389
1732  745        -1.86082809      4.36704656     -0.11546338
1733  745        -1.76932677      4.36713137     -0.11123246
1734  745        -1.68337665      4.38098497     -0.09977500
1735  745        -1.63453116      4.38841972     -0.09065024
1736  745        -1.61962077      4.40153746     -0.06498903
1737  745        -1.61611275      4.43784510     -0.01352814
1738  745        -1.62058068      4.47069504      0.02201665
1739  745        -1.63629186      4.48984297      0.00931795
1740  745        -1.65543509      4.51788164     -0.04122976
1741  745        -1.66295494      4.54668772     -0.10408912
1742  745        -1.66502248      4.58304635     -0.15761578
1743  745        -1.64920883      4.64137695     -0.19323600
1744  745        -1.63178059      4.71728755     -0.22009928
1745  745        -1.61649567      4.78908766     -0.26390243
1746  745        -1.59660989      4.85213886     -0.35294238
1747  745        -1.57989325      4.89622436     -0.46875749
1748  745        -1.55328921      4.92194126     -0.57776157
1749  745        -1.51054017      4.91934985     -0.67549978
1750  745        -1.45891889      4.88787270     -0.77482726
1751  745        -1.40615371      4.84459940     -0.87879830
1752  745        -1.36207837      4.82139814     -0.97545545
1753  745        -1.35532400      4.84854337     -1.05286215
1754  745        -1.40476759      4.89105072     -1.07641782
1755  745        -1.48646101      4.92080798     -1.06971839
1756  745        -1.54509272      4.95589811     -1.08280688
1757  745        -1.53769284      5.02417073     -1.14559171
1758  745        -1.46891685      5.11581124     -1.24434633
1759  745        -1.39657930      5.19636739     -1.35288872
1760  745        -1.35872224      5.24376335     -1.44507933
1761  745        -1.34608371      5.27657103     -1.49624000
1762  745        -1.35849980      5.30365528     -1.51239546
1763  745        -1.37460176      5.30413969     -1.49968735
1764  745        -1.38059309      5.27857234     -1.46686923
1765  745        -1.36981548      5.24455543     -1.44849906
1766  745        -1.34533510      5.21126964     -1.43934235
1767  745        -1.30921401      5.18654628     -1.42365666
1768  745        -1.26245839      5.20166906     -1.40667243
1769  745        -1.22087576      5.26558426     -1.40018636
1770  745        -1.18611832      5.32709942     -1.39982030
1771  745        -1.13786291      5.34933210     -1.40585707
1772  745        -1.08129208      5.34030358     -1.42813853
1773  745        -1.01990844      5.33125757     -1.45211967
1774  745        -0.97077727      5.34011452     -1.47174829
1775  745        -0.92923065      5.35967319     -1.48707891
1776  745        -0.90179393      5.37880122     -1.47645465
1777  745        -0.88511582      5.38796458     -1.42269163
1778  745        -0.86860248      5.37816024     -1.33802940
1779  745        -0.85594907      5.34735166     -1.25121687
1780  745        -0.84286233      5.28670881     -1.17075581
1781  745        -0.82733596      5.22470521     -1.08883153
1782  745        -0.80788810      5.20520954     -1.00738997
1783  745        -0.78848981      5.23338310     -0.93267532
1784  745        -0.76351286      5.28390733     -0.87109134
1785  745        -0.74032037      5.32486042     -0.80870129
1786  745        -0.73560089      5.34384441     -0.73979027
1787  745        -0.76589364      5.33502073     -0.66552291
1788  745        -0.82074138      5.31942522     -0.59106121
1789  745        -0.88118536      5.30575314     -0.54363896
1790  745        -0.94357953      5.29874191     -0.53795410
1791  745        -0.99835613      5.29010977     -0.57714718
1792  745        -1.02582654      5.27088964     -0.63468007
1793  745        -1.01280093      5.23895096     -0.64836679
1794  745        -0.97418157      5.20868256     -0.58136037
1795  745        -0.93504448      5.18678335     -0.47348711
1796  745        -0.91010215      5.17946875     -0.37674473
1797  745        -0.88677206      5.19568259     -0.30051561
1798  745        -0.86620512      5.21037782     -0.24494438
1799  745        -0.85581219      5.22541644     -0.19557085
1800  745        -0.85346222      5.24874051     -0.17301696
1801  745        -0.84284211      5.31076264     -0.18878901
1802  745        -0.82876261      5.39184199     -0.22868952
1803  745        -0.84802570      5.45026048     -0.23933416
1804  745        -0.89119915      5.47939258     -0.23907882
1805  745        -0.90809580      5.50418775     -0.25887174
1806  745        -0.90395963      5.53999105     -0.29847119
1807  745        -0.92367008      5.57217729     -0.32455187
1808  745        -0.98704603      5.59410292     -0.32471573
1809  745        -1.04538907      5.61231746     -0.31030766
1810  745        -1.05705078      5.64716412     -0.28470271
1811  745        -1.03881895      5.68041397     -0.26204369
1812  745        -1.03077165      5.70371085     -0.24634482
1813  745        -1.03518310      5.71365470     -0.24448020
1814  745        -1.03549307      5.72598195     -0.24187402
1815  745        -1.03623722      5.75312973     -0.24574489
1816  745        -1.06450069      5.76645391     -0.24004001
1817  745        -1.11628385      5.75883352     -0.22982871
1818  745        -1.18532880      5.76260487     -0.20271677
1819  745        -1.25547112      5.77934685     -0.15341572
1820  745        -1.31209988      5.78029149     -0.11546990
1821  745        -1.32376990      5.76959303     -0.10783263
1822  745        -1.28197898      5.76994250     -0.13254883
1823  745        -1.21510207      5.79550681     -0.17778569
1824  745        -1.16098595      5.82515868     -0.23869435
1825  745        -1.15813012      5.84688719     -0.28237086
1826  745        -1.20486433      5.85471344     -0.29796588
1827  745        -1.27085934      5.86588356     -0.28921877
1828  745        -1.33489827      5.90599491     -0.26725679
1829  745        -1.40725781      5.99243198     -0.22826591
1830  745        -1.47828228      6.10711895     -0.17492089
1831  745        -1.53312256      6.22024131     -0.12842655
1832  745        -1.54876904      6.32905484     -0.14193728
1833  745        -1.53210444      6.43699935     -0.23818836
1834  745        -1.51246846      6.51513232     -0.34510578
1835  745        -1.50834955      6.51460856     -0.40969337
1836  745        -1.49766807      6.45837377     -0.44086994
1837  745        -1.47566140      6.39557035     -0.47702331
1838  745        -1.45834772      6.35089886     -0.51379250
1839  745        -1.46706688      6.32371815     -0.51991425
1840  745        -1.49487514      6.31834092     -0.48350834
1841  745        -1.52622949      6.33325369     -0.42849382
1842  745        -1.58314291      6.35222996     -0.37984146
1843  745        -1.66551960      6.37055277     -0.32660776
1844  745        -1.74597958      6.38381117     -0.27029436
1845  745        -1.79298141      6.39059219     -0.20707554
1846  745        -1.81873792      6.40409832     -0.14109955
1847  745        -1.84187584      6.41568879     -0.08949251
1848  745        -1.87852694      6.40023545     -0.08694149
1849  745        -1.93167288      6.35257720     -0.12826275
1850  745        -1.97049263      6.29315803     -0.18279901
1851  745        -1.97295661      6.24978613     -0.20247451
1852  745        -1.95652482      6.24922782     -0.18744832
1853  745        -1.93824584      6.26901389     -0.17702683
1854  745        -1.94536487      6.27362894     -0.17987181
1855  745        -1.99136427      6.25345098     -0.18348373
1856  745        -2.03596731      6.21910347     -0.18704633
1857  745        -2.07945398      6.21130086     -0.18394553
1858  745        -2.12845547      6.25086573     -0.17575852
1859  745        -2.17711203      6.29177379     -0.15984015
1860  745        -2.24650215      6.29077453     -0.11675685
1861  745        -2.33610255      6.26038371     -0.05134475
1862  745        -2.42154724      6.23374282      0.01040046
1863  745        -2.48553871      6.22188283      0.05553278
1864  745        -2.54658212      6.21482499      0.08710727
1865  745        -2.59711753      6.19672212      0.08783854
1866  745        -2.63862424      6.17872918      0.08161265
1867  745        -2.67653910      6.15745374      0.11171161
1868  745        -2.70310761      6.15336883      0.15921730
1869  745        -2.73311811      6.13991754      0.19565494
1870  745        -2.76894452      6.10367679      0.22723480
1871  745        -2.79819736      6.07024514      0.26509688
1872  745        -2.83648433      6.05261589      0.28059890
1873  745        -2.89159423      6.03464708      0.26989054
1874  745        -2.96460324      6.00706503      0.23729766
1875  745        -3.01556996      5.97132837      0.18633722
1876  745        -3.02529788      5.94502959      0.13347246
1877  745        -3.00791231      5.94351006      0.11819146
1878  745        -2.99637755      5.94473118      0.15243011
1879  745        -2.98292960      5.91605791      0.20411096
1880  745        -2.96216108      5.85995406      0.24700540
1881  745        -2.95387231      5.78857013      0.28564650
1882  745        -2.95184043      5.71887430      0.31488824
1883  745        -2.94687335      5.64879451      0.30978166
1884  745        -2.93850652      5.57623000      0.28239446
1885  745        -2.92950936      5.49827457      0.25454116
1886  745        -2.90885800      5.43100308      0.23707499
1887  745        -2.88610786      5.39922759      0.22176978
1888  745        -2.86042290      5.37628373      0.22040285
1889  745        -2.83753328      5.34949611      0.22981480
1890  745        -2.81465516      5.29582654      0.23623010
1891  745        -2.80193663      5.23007919      0.24250222
1892  745        -2.80282289      5.16400663      0.24227984
1893  745        -2.80478803      5.09588965      0.25665294
1894  745        -2.79206405      5.01948873      0.27455442
1895  745        -2.77787006      4.94351795      0.29646840
1896  745        -2.77192216      4.88441527      0.32353291
1897  745        -2.75702789      4.83149186      0.35477824
1898  745        -2.74315114      4.79198856      0.38104428
1899  745        -2.74216050      4.75802938      0.39897842
1900  745        -2.74887109      4.72498750      0.42334323
1901  745        -2.74789288      4.69953274      0.44431930
1902  745        -2.75660672      4.68502641      0.47626862
1903  745        -2.79916595      4.67957858      0.51567672
1904  745        -2.85879472      4.67894453      0.56492703
1905  745        -2.89600432      4.68816403      0.61102335
1906  745        -2.92211715      4.69778041      0.62854613
1907  745        -2.95460491      4.70408422      0.61099225
1908  745        -3.01187054      4.70204788      0.59491926
1909  745        -3.06654398      4.71608366      0.60198301
1910  745        -3.09884389      4.74321937      0.62278998
1911  745        -3.13267306      4.77181684      0.63225912
1912  745        -3.16864746      4.78823499      0.63937717
1913  745        -3.19648782      4.78529197      0.66730275
1914  745        -3.19771754      4.75709786      0.71123407
1915  745        -3.18791366      4.73361473      0.75655259
1916  745        -3.16066038      4.73298187      0.78509935
1917  745        -3.12323575      4.73843315      0.78541849
1918  745        -3.07544840      4.74543040      0.76071957
1919  745        -3.02117191      4.73707786      0.73043345
1920  745        -2.97340628      4.72208001      0.69790180
1921  745        -2.91929698      4.73732860      0.67881380
1922  745        -2.87497660      4.75676967      0.68497852
1923  745        -2.83831161      4.77337659      0.69393226
1924  745        -2.79726966      4.76682296      0.70317586
1925  745        -2.74592431      4.72948810      0.72396387
1926  745        -2.70471879      4.69332909      0.76021224
1927  745        -2.68663079      4.67258844      0.79966699
1928  745        -2.69659157      4.64937212      0.84261030
1929  745        -2.70539468      4.60203831      0.88240271
1930  745        -2.69479623      4.55681053      0.88514814
1931  745        -2.65449723      4.53979206      0.85600529
1932  745        -2.60387427      4.53709353      0.80745876
1933  745        -2.57435961      4.52565260      0.76537804
1934  745        -2.56899774      4.48674918      0.73440475
1935  745        -2.56281871      4.43220365      0.72505928
1936  745        -2.54888591      4.36010842      0.73332864
1937  745        -2.55217548      4.27394627      0.75000997
1938  745        -2.58353130      4.20476378      0.76482438
1939  745        -2.64646998      4.17412383      0.78203770
1940  745        -2.71535888      4.16239543      0.80187865
1941  745        -2.78018904      4.14822305      0.80630998
1942  745        -2.83734903      4.13069592      0.78337310
1943  745        -2.88429327      4.11152605      0.76231141
1944  745        -2.90134838      4.10083328      0.75528474
1945  745        -2.89055097      4.08514319      0.75909713
1946  745        -2.88172429      4.05936554      0.78966403
1947  745        -2.90093668      4.00637571      0.83505769
1948  745        -2.94476606      3.93368776      0.88675406
1949  745        -2.98409362      3.88764396      0.94166732
1950  745        -3.01630801      3.90024237      1.00075184
1951  745        -3.04133702      3.94267638      1.05277338
1952  745        -3.07139484      3.97262280      1.09867558
1953  745        -3.10193999      3.98910884      1.14500122
1954  745        -3.12627247      4.01953182      1.17892594
1955  745        -3.14574296      4.07559277      1.18558161
1956  745        -3.18444880      4.14704895      1.17212164
1957  745        -3.24832839      4.19516499      1.17548274
1958  745        -3.30566935      4.21269461      1.19329229
1959  745        -3.34203995      4.20906001      1.21380254
1960  745        -3.34001100      4.19722232      1.23184483
1961  745        -3.32552765      4.17700617      1.24639243
1962  745        -3.31487768      4.15295408      1.25675413
1963  745        -3.32099387      4.13437119      1.26359183
1964  745        -3.34221959      4.12274571      1.27322660
1965  745        -3.37700294      4.11411697      1.26412805
1966  745        -3.42378981      4.11118232      1.21263123
1967  745        -3.46152705      4.13442258      1.12934163
1968  745        -3.48478126      4.16269867      1.05008033
1969  745        -3.48231005      4.19799449      1.00766673
1970  745        -3.46409049      4.23817649      0.99826052
1971  745        -3.45114156      4.27241355      1.00224043
1972  745        -3.48071363      4.27673796      0.98456982
1973  745        -3.53723835      4.25968817      0.94886691
1974  745        -3.57883425      4.24073485      0.91755146
1975  745        -3.59845730      4.23753500      0.91125535
1976  745        -3.59393544      4.24884536      0.91201192
1977  745        -3.55513690      4.26607091      0.91462950
1978  745        -3.48400011      4.30182387      0.91516546
1979  745        -3.41954281      4.32914711      0.91664385
1980  745        -3.38752664      4.35108742      0.92359889
1981  745        -3.38515752      4.36095935      0.94788245
1982  745        -3.38847830      4.36774114      0.94698103
1983  745        -3.40175446      4.36813902      0.91657222
1984  745        -3.42626951      4.38273075      0.90120614
1985  745        -3.45542747      4.38864420      0.92018910
1986  745        -3.46710766      4.36300229      0.95441142
1987  745        -3.46905451      4.30143235      0.98843628
1988  745        -3.48838140      4.21935976      1.02320875
1989  745        -3.53565464      4.14842275      1.06795125
1990  745        -3.58916224      4.07642449      1.11338631
1991  745        -3.62663022      4.01051149      1.14279686
1992  745        -3.64223798      3.95863868      1.17100133
1993  745        -3.65702091      3.92469702      1.19457970
1994  745        -3.69163113      3.89172104      1.21200085
1995  745        -3.75983527      3.86751564      1.20846955
1996  745        -3.85708549      3.85680868      1.19100994
1997  745        -3.94477457      3.85892636      1.18427225
1998  745        -4.01451362      3.84424245      1.20188160
1999  745        -4.06628098      3.82528076      1.22589509
2000  745        -4.11104630      3.81718010      1.23198128
2001  745        -4.13758033      3.83912079      1.21733307
2002  745        -4.16099562      3.87951209      1.17719738
2003  745        -4.19569420      3.90771612      1.12913309
2004  745        -4.23600879      3.91834594      1.08197195
2005  745        -4.27198023      3.91172280      1.04604069
2006  745        -4.31196939      3.89920325      1.01407649
2007  745        -4.36409642      3.87955840      0.99517443
2008  745        -4.41800449      3.87768614      0.99639968
2009  745        -4.43820244      3.89576385      0.99237165
2010  745        -4.42196672      3.92124871      0.97086035
2011  745        -4.39577350      3.94331163      0.93022495
2012  745        -4.37036950      3.97448774      0.89306121
2013  745        -4.33614970      4.02195998      0.85988275
2014  745        -4.29961863      4.05546925      0.85571573
2015  745        -4.26980422      4.05740714      0.89020785
2016  745        -4.23490834      4.03745224      0.93537750
2017  745        -4.18228634      4.03923835      0.96687386
2018  745        -4.13500120      4.04443419      0.98324519
2019  745        -4.09662312      4.02324655      0.98970271
2020  745        -4.08115070      3.97940423      0.99947480
2021  745        -4.07685356      3.95117639      1.03094206
2022  745        -4.07748379      3.95384697      1.05516879
2023  745        -4.07679479      3.97536849      1.04691135
2024  745        -4.07641181      3.98566856      1.03599103
2025  745        -4.05818889      3.97843851      1.05205175
2026  745        -4.00794290      3.97098487      1.08518881
2027  745        -3.97042295      3.98762982      1.09019101
2028  745        -3.97977964      4.04026631      1.06898854
2029  745        -4.02132022      4.08898601      1.04042800
2030  745        -4.02703710      4.10905361      1.03425469
2031  745        -3.98058783      4.10439720      1.03331346
2032  745        -3.92606038      4.09323437      1.01971813
2033  745        -3.88845035      4.10457549      0.99920861
2034  745        -3.88338286      4.14554487      0.97691278
2035  745        -3.90152164      4.20264582      0.96299135
2036  745        -3.92475372      4.25839357      0.96351811
2037  745        -3.93697237      4.31834326      0.97653182
2038  745        -3.93632484      4.37156783      1.00149774
2039  745        -3.92837482      4.40268870      1.01465223
2040  745        -3.91942739      4.40745662      1.00461162
2041  745        -3.91487638      4.38020262      0.98125283
2042  745        -3.92001164      4.34941390      0.95296833
2043  745        -3.92172154      4.32700673      0.93226045
2044  745        -3.93573062      4.29600150      0.90724971
2045  745        -3.96475461      4.25943711      0.88505717
2046  745        -4.00940543      4.23721204      0.88442123
2047  745        -4.07279593      4.23346289      0.89645349
2048  745        -4.13953682      4.23122306      0.89546079
2049  745        -4.19049352      4.21487222      0.89118142
2050  745        -4.21874095      4.19040766      0.91136453
2051  745        -4.21939976      4.17085839      0.94655949
2052  745        -4.20977511      4.16243531      0.97740380
2053  745        -4.22348802      4.16749635      0.98069638
2054  745        -4.25578140      4.18781870      0.97738768
2055  745        -4.29103080      4.20061347      0.97335482
2056  745        -4.29593999      4.18214148      0.97691085
2057  745        -4.28220565      4.15822459      0.97835278
2058  745        -4.29632218      4.15613750      0.97327418
2059  745        -4.33321134      4.15085133      0.97781450
2060  745        -4.35744109      4.12782340      0.99504667
2061  745        -4.36177221      4.08402239      1.02979838
2062  745        -4.36506448      4.05384499      1.06982995
2063  745        -4.36132171      4.02948838      1.11818534
2064  745        -4.34392597      4.00851991      1.17732695
2065  745        -4.31568312      3.99785797      1.21848750
2066  745        -4.30872518      4.00227113      1.22115680
2067  745        -4.33294131      4.01045524      1.21915241
2068  745        -4.37567963      3.99550611      1.23144761
2069  745        -4.40095542      3.96474701      1.26198499
2070  745        -4.38837308      3.93021875      1.29490837
2071  745        -4.37144284      3.91461955      1.32037996
2072  745        -4.36272641      3.90091635      1.34657152
2073  745        -4.36740730      3.88742935      1.37946669
2074  745        -4.35857253      3.87496122      1.41584107
2075  745        -4.34650812      3.85937413      1.44104679
2076  745        -4.34979733      3.84678757      1.45683074
2077  745        -4.36863255      3.84851031      1.46919632
2078  745        -4.39352572      3.87941450      1.46089154
2079  745        -4.39559138      3.90901458      1.42697130
2080  745        -4.36392106      3.91929856      1.39405842
2081  745        -4.30126626      3.91369658      1.37801740
2082  745        -4.24122301      3.90227966      1.35739986
2083  745        -4.18869343      3.87046073      1.33162704
2084  745        -4.16178476      3.82202560      1.31016310
2085  745        -4.14744376      3.76550456      1.30895132
2086  745        -4.13608305      3.72104586      1.31121519
2087  745        -4.12443055      3.69712754      1.28070617
2088  745        -4.10334108      3.70873295      1.20897920
2089  745        -4.09306411      3.73809672      1.10952678
2090  745        -4.07612284      3.76411793      1.03162353
2091  745        -4.05777536      3.78597557      0.97067674
2092  745        -4.04425117      3.81630907      0.90979300
2093  745        -4.04597835      3.87041698      0.85519560
2094  745        -4.03403181      3.94128243      0.83204278
2095  745        -3.99390633      4.01362881      0.84096091
2096  745        -3.94923474      4.06786709      0.84386124
2097  745        -3.91630203      4.09994018      0.82221681
2098  745        -3.90386307      4.11096242      0.78530795
2099  745        -3.88886986      4.12395701      0.74935773
2100  745        -3.88394143      4.14694933      0.71639152
2101  745        -3.88933106      4.19457475      0.69759943
2102  745        -3.89900990      4.24943861      0.71025504
2103  745        -3.90944268      4.30166021      0.74850933
2104  745        -3.92385915      4.34931454      0.79108073
2105  745        -3.93020812      4.39091492      0.81854376
2106  745        -3.91520776      4.43048273      0.82705542
2107  745        -3.87689537      4.45731846      0.80979580
2108  745        -3.81882876      4.47783504      0.78328157
2109  745        -3.78654434      4.49215759      0.73729064
2110  745        -3.80111054      4.48631307      0.69226779
2111  745        -3.85065121      4.47747478      0.66912824
2112  745        -3.89572496      4.48475712      0.68176052
2113  745        -3.90922420      4.49279608      0.71167002
2114  745        -3.89853589      4.52032212      0.75142653
2115  745        -3.85534818      4.55658351      0.80856851
2116  745        -3.79392640      4.59281168      0.88131293
2117  745        -3.73110117      4.58972692      0.92313890
2118  745        -3.69810801      4.51506653      0.89585430
2119  745        -3.69441652      4.38663867      0.82526623
2120  745        -3.71430258      4.25234345      0.75436261
2121  745        -3.74447509      4.13937398      0.68817458
2122  745        -3.78100843      4.05109184      0.61506358
2123  745        -3.80949477      3.97379955      0.53368189
2124  745        -3.79981540      3.89463392      0.47470813
2125  745        -3.78130457      3.83274886      0.45105151
2126  745        -3.77473570      3.80090936      0.46988557
2127  745        -3.76773460      3.77336667      0.47506883
2128  745        -3.76193937      3.73162597      0.47760250
2129  745        -3.78807785      3.66766040      0.50214691
2130  745        -3.83043777      3.61586599      0.55132579
2131  745        -3.84835015      3.58010283      0.57354653
2132  745        -3.83115348      3.55811661      0.51326846
2133  745        -3.81123471      3.55030103      0.40132172
2134  745        -3.82182580      3.55199994      0.29223721
2135  745        -3.84823099      3.57317087      0.23511476
2136  745        -3.85929242      3.60415328      0.22742595
2137  745        -3.84636355      3.62798886      0.23713975
2138  745        -3.84637997      3.62888106      0.23882891
2139  745        -3.84828294      3.60105768      0.24023058
2140  745        -3.83425974      3.55636363      0.24960642
2141  745        -3.81405674      3.48806838      0.25615849
2142  745        -3.79721271      3.41598763      0.24629391
2143  745        -3.78490171      3.35973342      0.21216406
2144  745        -3.77486293      3.32522590      0.15682096
2145  745        -3.76474202      3.30031202      0.11457412
2146  745        -3.75198341      3.28466263      0.12180335
2147  745        -3.75547557      3.26599402      0.16357164
2148  745        -3.77967354      3.24485946      0.20060606
2149  745        -3.83207648      3.23224263      0.21472286
2150  745        -3.88999584      3.23120902      0.20340432
2151  745        -3.91539176      3.23871956      0.16590378
2152  745        -3.89321719      3.24111857      0.11948730
2153  745        -3.86338469      3.22831953      0.07458475
2154  745        -3.86533031      3.20221303      0.03538998
2155  745        -3.87066510      3.18798768     -0.00884422
2156  745        -3.86864477      3.20283010     -0.04852479
2157  745        -3.88197098      3.23511488     -0.06318990
2158  745        -3.90641259      3.25889053     -0.04947006
2159  745        -3.92784555      3.26653513     -0.02091251
2160  745        -3.93688817      3.25906043      0.01455254
2161  745        -3.93285934      3.24524148      0.04994013
2162  745        -3.91042753      3.23776112      0.08825984
2163  745        -3.86391691      3.23737043      0.11979777
2164  745        -3.79586265      3.24978399      0.13303682
2165  745        -3.71914820      3.27968318      0.13177312
2166  745        -3.66384081      3.31925720      0.12834715
2167  745        -3.66029768      3.35603540      0.12655665
2168  745        -3.70291042      3.39218024      0.10764768
2169  745        -3.76219349      3.43177896      0.07166380
2170  745        -3.81909487      3.46191737      0.03300167
2171  745        -3.85664379      3.45438406      0.00207447
2172  745        -3.87989985      3.39291861     -0.00937237
2173  745        -3.89129667      3.30159849     -0.02118175
2174  745        -3.87750518      3.23583045     -0.05414352
2175  745        -3.82448529      3.23019943     -0.10893112
2176  745        -3.75119804      3.25318138     -0.15047426
2177  745        -3.67625132      3.27677303     -0.17456024
2178  745        -3.61518083      3.28769126     -0.18098786
2179  745        -3.57371360      3.30584799     -0.18127529
2180  745        -3.54869094      3.32952106     -0.20398159
2181  745        -3.54067523      3.35155092     -0.26542795
2182  745        -3.54226231      3.37389078     -0.32945834
2183  745        -3.54063183      3.39441956     -0.36177414
2184  745        -3.51713352      3.40206532     -0.38131521
2185  745        -3.47941932      3.39695018     -0.40986296
2186  745        -3.46300241      3.40548690     -0.44960224
2187  745        -3.46842710      3.42785285     -0.48010437
2188  745        -3.47297588      3.45635366     -0.49038883
2189  745        -3.46344721      3.48239015     -0.47123068
2190  745        -3.46284738      3.50450555     -0.42961719
2191  745        -3.46657960      3.51528157     -0.38360690
2192  745        -3.46929479      3.50100080     -0.34935256
2193  745        -3.46688386      3.46692371     -0.34781068
2194  745        -3.47683327      3.43399622     -0.38516419
2195  745        -3.48407969      3.39711366     -0.43743587
2196  745        -3.47723947      3.36094905     -0.48466446
2197  745        -3.46383721      3.33850581     -0.52401690
2198  745        -3.45371461      3.33233309     -0.55269546
2199  745        -3.47061126      3.34799997     -0.55736111
2200  745        -3.51829223      3.38171123     -0.52416376
2201  745        -3.59572831      3.41935910     -0.47842359
2202  745        -3.68475276      3.45657113     -0.44027867
2203  745        -3.78374271      3.49698833     -0.40627867
2204  745        -3.86623237      3.54312336     -0.37534596
2205  745        -3.92253673      3.60173351     -0.35857764
2206  745        -3.94991396      3.66081945     -0.34581691
2207  745        -3.96331514      3.71377727     -0.30714348
2208  745        -3.98094183      3.73950026     -0.24078434
2209  745        -3.99502276      3.73489182     -0.17096350
2210  745        -4.01749673      3.72013575     -0.12065070
2211  745        -4.03402459      3.71562991     -0.09168071
2212  745        -4.06628943      3.71052614     -0.06707010
2213  745        -4.10412348      3.71723878     -0.02573561
2214  745        -4.15042998      3.73110034      0.00698860
2215  745        -4.20433210      3.73692654      0.03073884
2216  745        -4.23860599      3.73763227      0.06028341
2217  745        -4.26726364      3.73241083      0.09230029
2218  745        -4.31198159      3.74145043      0.10962357
2219  745        -4.35879063      3.75547284      0.13989349
2220  745        -4.38666648      3.77519121      0.18685697
2221  745        -4.40742594      3.80005770      0.24363913
2222  745        -4.43446989      3.81687529      0.29314349
2223  745        -4.47954084      3.81902918      0.33568135
2224  745        -4.55573642      3.81251377      0.37621430
2225  745        -4.63611781      3.79799697      0.40626140
2226  745        -4.67695112      3.75779191      0.41193943
2227  745        -4.69322416      3.70828776      0.40120851
2228  745        -4.70805033      3.66812926      0.40681761
2229  745        -4.74461717      3.64395237      0.43839466
2230  745        -4.79640761      3.63825848      0.48630952
2231  745        -4.84006666      3.65095114      0.54802658
2232  745        -4.85596588      3.68072808      0.61731755
2233  745        -4.85090362      3.72756830      0.67733871
2234  745        -4.84437965      3.77692988      0.72648896
2235  745        -4.83478619      3.81680872      0.76712199
2236  745        -4.82445528      3.83086828      0.78722703
2237  745        -4.81818218      3.82651373      0.78685210
2238  745        -4.81335975      3.82135755      0.77561143
2239  745        -4.80676169      3.81565800      0.76075056
2240  745        -4.77991962      3.80952495      0.74156933
2241  745        -4.74268893      3.81779306      0.72296333
2242  745        -4.70995258      3.85786605      0.71709683
2243  745        -4.69798377      3.90251633      0.71910954
2244  745        -4.69790367      3.92088806      0.73537126
2245  745        -4.70442440      3.91125216      0.76539836
2246  745        -4.69526710      3.90268633      0.79582209
2247  745        -4.67687120      3.90536312      0.81111289
2248  745        -4.66381353      3.90193329      0.80184283
2249  745        -4.65586352      3.87860880      0.78223876
2250  745        -4.66009842      3.83862782      0.76658642
2251  745        -4.67532540      3.80511754      0.75917246
2252  745        -4.69873792      3.79098137      0.77341303
2253  745        -4.72058814      3.80846091      0.81224880
2254  745        -4.74408596      3.84094219      0.85004879
2255  745        -4.77979501      3.86845734      0.86532681
2256  745        -4.84472585      3.87035416      0.83795038
2257  745        -4.89160656      3.86376611      0.79546888
2258  745        -4.87485230      3.86131323      0.76172693
2259  745        -4.80863740      3.86994230      0.72816135
2260  745        -4.76036932      3.87808504      0.70648041
2261  745        -4.77030377      3.87641500      0.69031818
2262  745        -4.83139163      3.88771375      0.67838684
2263  745        -4.90326860      3.91514889      0.65267095
2264  745        -4.95082271      3.92350952      0.61971784
2265  745        -4.99803897      3.90694309      0.59801523
2266  745        -5.05392526      3.89514787      0.56578784
2267  745        -5.09088386      3.87682257      0.52895161
2268  745        -5.09025772      3.83494654      0.48995445
2269  745        -5.08200811      3.78316559      0.46185662
2270  745        -5.11250816      3.76175362      0.45099839
2271  745        -5.16784189      3.79211483      0.45206672
2272  745        -5.21042760      3.85491435      0.46993987
2273  745        -5.24529016      3.92637277      0.50117738
2274  745        -5.28618458      3.99959354      0.54183650
2275  745        -5.33110313      4.07149810      0.59482668
2276  745        -5.36376216      4.12915881      0.65218058
2277  745        -5.36007576      4.16457809      0.69363556
2278  745        -5.31805408      4.18776680      0.70407671
2279  745        -5.26532653      4.20282965      0.66697424
2280  745        -5.22916270      4.20556970      0.59612619
2281  745        -5.22553284      4.18163349      0.53146120
2282  745        -5.25597428      4.15881836      0.50134605
2283  745        -5.31279616      4.15284762      0.49840978
2284  745        -5.36077232      4.15547046      0.50639388
2285  745        -5.36133032      4.17215295      0.51923384
2286  745        -5.31888969      4.19142274      0.51714173
2287  745        -5.25604044      4.22152718      0.49949929
2288  745        -5.20495522      4.25120938      0.44938292
2289  745        -5.17878016      4.28090726      0.39835092
2290  745        -5.18380638      4.28967112      0.38003573
2291  745        -5.20712522      4.28480780      0.37191179
2292  745        -5.19751136      4.28292254      0.33693133
2293  745        -5.12796635      4.28727365      0.28192723
2294  745        -5.03992114      4.29053752      0.24518751
2295  745        -4.99436322      4.29645656      0.23458024
2296  745        -4.98601718      4.30556354      0.23839662
2297  745        -4.98054853      4.30938286      0.23406106
2298  745        -4.96427779      4.32130140      0.22626684
2299  745        -4.92892912      4.33665679      0.22013981
2300  745        -4.88477821      4.33902131      0.19138759
2301  745        -4.85234429      4.31943821      0.12854613
2302  745        -4.82758061      4.32475136      0.07893783
2303  745        -4.80329619      4.37030335      0.06152784
2304  745        -4.77987678      4.42987322      0.07001566
2305  745        -4.73133250      4.47823813      0.10414295
2306  745        -4.65641290      4.50877398      0.14571819
2307  745        -4.58862492      4.51731389      0.19071932
2308  745        -4.53470189      4.52268191      0.25635697
2309  745        -4.47808174      4.53861367      0.33900433
2310  745        -4.40773304      4.55688934      0.39397498
2311  745        -4.33474855      4.57369121      0.38965282
2312  745        -4.28823797      4.57789959      0.36493667
2313  745        -4.28890878      4.58227986      0.37307937
2314  745        -4.33554939      4.58802638      0.42397454
2315  745        -4.41325066      4.59371156      0.44788146
2316  745        -4.47300810      4.59461566      0.39272959
2317  745        -4.47466657      4.60411610      0.30968079
2318  745        -4.42958887      4.62660824      0.27332636
2319  745        -4.37748872      4.64497363      0.29572856
2320  745        -4.35378825      4.64462099      0.33787927
2321  745        -4.36423323      4.64686817      0.38177354
2322  745        -4.38701345      4.66779805      0.43880378
2323  745        -4.40505051      4.69903872      0.49431553
2324  745        -4.43542184      4.72616137      0.52530610
2325  745        -4.48040419      4.74353985      0.52529763
2326  745        -4.53074481      4.75768246      0.49709589
2327  745        -4.57973340      4.77607278      0.48448664
2328  745        -4.60631595      4.80107557      0.50692384
2329  745        -4.59320529      4.81739541      0.54570938
2330  745        -4.56284948      4.82030062      0.55324814
2331  745        -4.55891111      4.80984498      0.52101766
2332  745        -4.59114121      4.79810027      0.48372529
2333  745        -4.63947575      4.78267068      0.46609309
2334  745        -4.67512396      4.76825883      0.45357289
2335  745        -4.68356859      4.77304097      0.43456118
2336  745        -4.65667835      4.80499525      0.42430204
2337  745        -4.60709143      4.83529586      0.42806525
2338  745        -4.59480521      4.84018011      0.44386114
2339  745        -4.64000076      4.85096738      0.43572006
2340  745        -4.71935632      4.86095952      0.40260120
2341  745        -4.77746268      4.85251460      0.34969880
2342  745        -4.81666929      4.83780759      0.30519419
2343  745        -4.84478271      4.83469355      0.27496755
2344  745        -4.86492283      4.83916906      0.26678594
2345  745        -4.87605796      4.85363262      0.27479163
2346  745        -4.87289508      4.87545423      0.28422016
2347  745        -4.86572766      4.90100833      0.29167729
2348  745        -4.85424255      4.90379832      0.27630939
2349  745        -4.83981710      4.85471526      0.27170052
2350  745        -4.81619349      4.75550754      0.26887905
2351  745        -4.78173602      4.64548908      0.25503646
2352  745        -4.74600428      4.54737452      0.22178609
2353  745        -4.71914991      4.45480696      0.18555117
2354  745        -4.72732546      4.37785513      0.16940085
2355  745        -4.77878458      4.33696893      0.15378778
2356  745        -4.80864480      4.32337251      0.12873664
2357  745        -4.79062396      4.28804513      0.09046745
2358  745        -4.74610596      4.24829507      0.06181310
2359  745        -4.73610368      4.21875173      0.04312652
2360  745        -4.74597185      4.22540350      0.02697048
2361  745        -4.78256629      4.25038336     -0.00107086
2362  745        -4.81865143      4.27534227     -0.03651044
2363  745        -4.82911990      4.29226779     -0.07522812
2364  745        -4.82634102      4.29736576     -0.08740185
2365  745        -4.80403112      4.28941089     -0.05872547
2366  745        -4.77300488      4.25323311     -0.00759324
2367  745        -4.74763778      4.21937940      0.02412684
2368  745        -4.71692459      4.20242138      0.02422395
2369  745        -4.67724533      4.21551612      0.00893984
2370  745        -4.64963252      4.23596521      0.00235177
2371  745        -4.62790211      4.25564590      0.00933164
2372  745        -4.60605785      4.26569502      0.02677064
2373  745        -4.58064269      4.27480682      0.05498087
2374  745        -4.58585400      4.27519651      0.07630227
2375  745        -4.61797765      4.25330899      0.09097585
2376  745        -4.65535478      4.24231382      0.08453233
2377  745        -4.66548942      4.25245188      0.07678771
2378  745        -4.66149899      4.27181264      0.07581075
2379  745        -4.65106896      4.30108240      0.07346353
2380  745        -4.65534428      4.34349930      0.04229468
2381  745        -4.67138616      4.37398631     -0.00073916
2382  745        -4.69261401      4.39772868     -0.03987366
2383  745        -4.69784810      4.42876695     -0.07127905
2384  745        -4.69422160      4.47483152     -0.11372280
2385  745        -4.70133551      4.53667857     -0.17284198
2386  745        -4.71499284      4.60559348     -0.21168217
2387  745        -4.72956401      4.66638394     -0.23693897
2388  745        -4.72666818      4.70327140     -0.25385011
2389  745        -4.70625188      4.73229219     -0.24581964
2390  745        -4.68179129      4.75611252     -0.21896078
2391  745        -4.67010352      4.78253171     -0.21467706
2392  745        -4.66022830      4.81742034     -0.21291892
2393  745        -4.65030897      4.85868549     -0.20310784
2394  745        -4.66487010      4.88477855     -0.19607641
2395  745        -4.71205989      4.89577589     -0.21998578
2396  745        -4.76196930      4.91443582     -0.27335263
2397  745        -4.77976722      4.93489210     -0.32668307
2398  745        -4.78991025      4.94062337     -0.39044423
2399  745        -4.81240751      4.92102472     -0.44928680
2400  745        -4.83872068      4.87375713     -0.49634449
2401  745        -4.84849789      4.82231402     -0.53986574
2402  745        -4.83775963      4.79019776     -0.59385289
2403  745        -4.82072207      4.78666264     -0.64276599
2404  745        -4.80503725      4.79378869     -0.69332750
2405  745        -4.79006599      4.79393843     -0.75297790
2406  745        -4.77725365      4.79304822     -0.82178506
2407  745        -4.78271120      4.79762600     -0.88279257
2408  745        -4.81527044      4.79624028     -0.93981414
2409  745        -4.84740777      4.80168624     -1.00547381
2410  745        -4.85306782      4.81670304     -1.05176808
2411  745        -4.81153623      4.80989577     -1.05844326
2412  745        -4.76247596      4.77572799     -1.07029244
2413  745        -4.74955162      4.73895288     -1.11976975
2414  745        -4.75322612      4.73084830     -1.18082007
2415  745        -4.74364806      4.74268162     -1.23401409
2416  745        -4.71036568      4.75868329     -1.24483553
2417  745        -4.66834157      4.76135707     -1.24106142
2418  745        -4.62302465      4.74915518     -1.24731085
2419  745        -4.57244018      4.72876490     -1.27152285
2420  745        -4.48704917      4.73107269     -1.29876372
2421  745        -4.38592905      4.75441200     -1.33377418
2422  745        -4.30989487      4.76653910     -1.34865417
2423  745        -4.27353046      4.75366815     -1.34787639
2424  745        -4.28804301      4.72602395     -1.35263010
2425  745        -4.33204720      4.71295917     -1.34864049
2426  745        -4.37698696      4.69978546     -1.35304626
2427  745        -4.37805914      4.68232229     -1.34301471
2428  745        -4.35121271      4.67164238     -1.32689194
2429  745        -4.32478722      4.67214684     -1.31978930
2430  745        -4.30497585      4.69928895     -1.34624807
2431  745        -4.29144028      4.75203728     -1.39034477
2432  745        -4.27623591      4.80730962     -1.43345116
2433  745        -4.27496956      4.84237828     -1.44529730
2434  745        -4.29777157      4.85309100     -1.43601479
2435  745        -4.32439652      4.85202714     -1.40624574
2436  745        -4.33426184      4.84781359     -1.36510820
2437  745        -4.32370871      4.83889058     -1.33297356
2438  745        -4.29824915      4.84208132     -1.29823764
2439  745        -4.29860137      4.86103384     -1.29874816
2440  745        -4.33718595      4.87948248     -1.35334659
2441  745        -4.35808453      4.87854094     -1.42250897
2442  745        -4.35646816      4.84735277     -1.51180230
2443  745        -4.33936571      4.80515372     -1.59451458
2444  745        -4.31593971      4.77286725     -1.65465226
2445  745        -4.30745575      4.72393749     -1.71326264
2446  745        -4.28400227      4.65436577     -1.74443442
2447  745        -4.24996339      4.57335403     -1.75251945
2448  745        -4.23506474      4.49995766     -1.74256410
2449  745        -4.23667660      4.43466725     -1.70894818
2450  745        -4.25035135      4.36701265     -1.65797260
2451  745        -4.29545983      4.29775545     -1.62075679
2452  745        -4.37856290      4.22500593     -1.60640975
2453  745        -4.48701056      4.18739394     -1.58685139
2454  745        -4.58468682      4.16294708     -1.56975776
2455  745        -4.63491651      4.14454392     -1.56677977
2456  745        -4.63813769      4.13926186     -1.57602928
2457  745        -4.63304635      4.15136521     -1.59520092
2458  745        -4.65498541      4.16813620     -1.61841358
2459  745        -4.70007674      4.16705018     -1.64944079
2460  745        -4.73112361      4.16815498     -1.69605539
2461  745        -4.74480644      4.19087271     -1.75186693
2462  745        -4.77127242      4.22473415     -1.78172070
2463  745        -4.83804192      4.23921513     -1.75712681
2464  745        -4.91051538      4.24704325     -1.71281107
2465  745        -4.95961436      4.27650269     -1.69232317
2466  745        -4.98191285      4.30502840     -1.69488655
2467  745        -4.98930046      4.30160008     -1.69077329
2468  745        -4.98734507      4.27361399     -1.66581333
2469  745        -4.99279581      4.24762014     -1.62685945
2470  745        -4.99535080      4.22985938     -1.58320253
2471  745        -4.99349420      4.21821527     -1.55233179
2472  745        -4.99264897      4.21860847     -1.52606270
2473  745        -4.99508380      4.23378788     -1.48720379
2474  745        -4.99950839      4.26526676     -1.43751133
2475  745        -4.98924871      4.28247721     -1.38356570
2476  745        -4.99884203      4.27027423     -1.35920455
2477  745        -5.07168735      4.24298415     -1.38447883
2478  745        -5.19216075      4.22787495     -1.43870420
2479  745        -5.31674026      4.20128205     -1.47581174
2480  745        -5.40880610      4.15886043     -1.49659624
2481  745        -5.46900818      4.11841344     -1.52649636
2482  745        -5.51233699      4.11150792     -1.53814376
2483  745        -5.52049087      4.14272624     -1.53332744
2484  745        -5.48698007      4.19360379     -1.52086531
2485  745        -5.43748589      4.24865146     -1.49375423
2486  745        -5.39923555      4.28183894     -1.46910764
2487  745        -5.39526743      4.28927625     -1.48667845
2488  745        -5.44018487      4.28948709     -1.53712087
2489  745        -5.52127146      4.28776596     -1.58809083
2490  745        -5.60137375      4.25727980     -1.60739543
2491  745        -5.64424522      4.20165152     -1.59599608
2492  745        -5.64144136      4.14236075     -1.57804929
2493  745        -5.62467973      4.09520240     -1.55228721
2494  745        -5.62598277      4.08155198     -1.51044379
2495  745        -5.66371663      4.11547607     -1.47265697
2496  745        -5.73456519      4.18053337     -1.44192063
2497  745        -5.81613784      4.23733572     -1.41710454
2498  745        -5.89069721      4.27458427     -1.39167348
2499  745        -5.92866928      4.30445330     -1.36593858
2500  745        -5.93923553      4.34907144     -1.36189930
2501  745        -5.96663216      4.40343720     -1.40109217
2502  745        -6.03034451      4.44749659     -1.46906359
2503  745        -6.09108437      4.46008022     -1.51627756
2504  745        -6.12422305      4.46315194     -1.52488341
2505  745        -6.14942072      4.46100379     -1.51230063
2506  745        -6.20002064      4.44232337     -1.49947997
2507  745        -6.23900590      4.41469632     -1.49998934
2508  745        -6.22444547      4.38918393     -1.48959539
2509  745        -6.17455281      4.36954397     -1.47200681
2510  745        -6.14347723      4.34357754     -1.44406831
2511  745        -6.12485927      4.31767322     -1.38700062
2512  745        -6.08838284      4.30121306     -1.30570022
2513  745        -6.03453070      4.28590960     -1.24501056
2514  745        -5.96993516      4.24567807     -1.24733288
2515  745        -5.91353938      4.16718753     -1.28911243
2516  745        -5.86121575      4.09425632     -1.32556457
2517  745        -5.80613295      4.07306909     -1.34784501
2518  745        -5.74633672      4.09534235     -1.35290999
2519  745        -5.69715200      4.12830598     -1.34081485
2520  745        -5.67694675      4.15253462     -1.30000474
2521  745        -5.68861047      4.17310189     -1.25932703
2522  745        -5.72705953      4.20634243     -1.21986333
2523  745        -5.76582380      4.25156821     -1.17662694
2524  745        -5.79167173      4.28967980     -1.13764200
2525  745        -5.79675421      4.31113614     -1.09457546
2526  745        -5.78070295      4.32558815     -1.05976451
2527  745        -5.75209071      4.34698584     -1.04690083
2528  745        -5.73239100      4.39372472     -1.06531153
2529  745        -5.72198634      4.48350227     -1.10107772
2530  745        -5.69105974      4.58972852     -1.14400653
2531  745        -5.62397103      4.67607060     -1.18428191
2532  745        -5.54831364      4.72217447     -1.22434957
2533  745        -5.48514159      4.73090239     -1.23787279
2534  745        -5.44443945      4.72445102     -1.21543528
2535  745        -5.43057302      4.70949817     -1.17186707
2536  745        -5.40665748      4.70187397     -1.13045504
2537  745        -5.35897157      4.71056788     -1.10623922
2538  745        -5.31051779      4.73668403     -1.08125613
2539  745        -5.26436345      4.78612724     -1.05480952
2540  745        -5.20794526      4.87155711     -1.01635629
2541  745        -5.14186163      4.96218460     -0.96731124
2542  745        -5.07368779      5.02683825     -0.90351459
2543  745        -4.99971243      5.09804589     -0.83188147
2544  745        -4.94141097      5.19566611     -0.76188475
2545  745        -4.91476645      5.30079883     -0.72020829
2546  745        -4.89211729      5.39226217     -0.69534412
2547  745        -4.86492815      5.46672014     -0.67574604
2548  745        -4.84293715      5.52993345     -0.66691302
2549  745        -4.84026530      5.56835307     -0.64642365
2550  745        -4.83652261      5.57584290     -0.63775992
2551  745        -4.80941999      5.55328716     -0.63352439
2552  745        -4.75441613      5.53375707     -0.65107110
2553  745        -4.68158796      5.53424770     -0.69708635
2554  745        -4.62060760      5.55296598     -0.74997107
2555  745        -4.60212842      5.57758411     -0.79101350
2556  745        -4.61953109      5.59687559     -0.80046365
2557  745        -4.65411160      5.61444075     -0.80937750
2558  745        -4.67286548      5.63935901     -0.81535163
2559  745        -4.66401736      5.66318903     -0.84189153
2560  745        -4.62446703      5.66490000     -0.86443931
2561  745        -4.57236877      5.62044551     -0.89245729
2562  745        -4.53017818      5.56683887     -0.91971476
2563  745        -4.52242715      5.52898895     -0.93683441
2564  745        -4.56336987      5.53397885     -0.94309655
2565  745        -4.61370978      5.55221838     -0.94938109
2566  745        -4.63895289      5.56505872     -0.94533879
2567  745        -4.63397903      5.55918632     -0.93228074
2568  745        -4.62317446      5.54515789     -0.91771618
2569  745        -4.61441634      5.54242840     -0.86683820
2570  745        -4.59969528      5.54296569     -0.78752153
2571  745        -4.56622980      5.51436169     -0.72053165
2572  745        -4.50067938      5.45085201     -0.67707265
2573  745        -4.42194876      5.41059273     -0.67299715
2574  745        -4.35644206      5.41766310     -0.70628409
2575  745        -4.32619881      5.46360635     -0.72927033
2576  745        -4.32528590      5.50478910     -0.72121163
2577  745        -4.33326954      5.52174788     -0.69477131
2578  745        -4.33179486      5.51492348     -0.66113401
2579  745        -4.33448398      5.49478671     -0.62431065
2580  745        -4.33018123      5.48458452     -0.57850333
2581  745        -4.30202512      5.48319040     -0.52905652
2582  745        -4.26998216      5.47608475     -0.46964115
2583  745        -4.25904538      5.45940787     -0.38733652
2584  745        -4.28143235      5.44454681     -0.28645955
2585  745        -4.31337001      5.43478407     -0.19451051
2586  745        -4.34825567      5.44388002     -0.11367989
2587  745        -4.38574316      5.48281943     -0.03820834
2588  745        -4.42376785      5.52973739      0.02315179
2589  745        -4.42667128      5.56935820      0.08194241
2590  745        -4.41549394      5.57597029      0.12520340
2591  745        -4.42464059      5.54050121      0.16179704
2592  745        -4.44099902      5.48677289      0.18643429
2593  745        -4.45479392      5.45506115      0.20692440
2594  745        -4.45959694      5.45285995      0.23003554
2595  745        -4.45902747      5.48246335      0.26317225
2596  745        -4.47131624      5.51638957      0.31072248
2597  745        -4.50997353      5.53349533      0.36632002
2598  745        -4.55673428      5.54094513      0.43007897
2599  745        -4.58621866      5.55776654      0.49657215
2600  745        -4.57138449      5.57758630      0.54881818
2601  745        -4.54382337      5.59686671      0.57989156
2602  745        -4.50931685      5.62434618      0.61532901
2603  745        -4.47318075      5.67563033      0.64452772
2604  745        -4.43013745      5.74031327      0.65741260
2605  745        -4.38436200      5.80173071      0.66696134
2606  745        -4.35020924      5.84732923      0.69408924
2607  745        -4.31559456      5.87459160      0.74754086
2608  745        -4.27765879      5.90068664      0.81595423
2609  745        -4.24781616      5.92939601      0.86889184
2610  745        -4.23220667      5.94082085      0.90933580
2611  745        -4.21324758      5.92623190      0.94985511
2612  745        -4.17606277      5.90660483      0.98669096
2613  745        -4.12424530      5.90067669      1.01937295
2614  745        -4.07609220      5.90892543      1.04025367
2615  745        -4.03443475      5.92610470      1.05463928
2616  745        -3.99791957      5.95939533      1.06548238
2617  745        -3.97139482      6.01333917      1.07650913
2618  745        -3.96009048      6.06066970      1.09259700
2619  745        -3.96425573      6.06561264      1.11663684
2620  745        -3.96968475      6.02033198      1.14471742
2621  745        -3.97822360      5.93849841      1.16997476
2622  745        -3.98992390      5.86510098      1.18125575
2623  745        -3.98899128      5.81927199      1.18552646
2624  745        -3.96075998      5.80349656      1.19924103
2625  745        -3.92260206      5.78815270      1.23163721
2626  745        -3.87279539      5.77217812      1.27158434
2627  745        -3.81002003      5.78470465      1.30349771
2628  745        -3.73648891      5.81648831      1.30905237
2629  745        -3.68821169      5.82706301      1.27760765
2630  745        -3.68447356      5.81255643      1.21411134
2631  745        -3.69671572      5.80454825      1.14486238
2632  745        -3.69738231      5.80764065      1.09357269
2633  745        -3.67326966      5.80176470      1.07688129
2634  745        -3.65073621      5.77482352      1.07414655
2635  745        -3.66590648      5.74468692      1.07685888
2636  745        -3.71022363      5.72676742      1.08111531
2637  745        -3.74043105      5.72398567      1.07832297
2638  745        -3.75053611      5.73733022      1.07875704
2639  745        -3.76163657      5.76516026      1.09598713
2640  745        -3.79270574      5.80479410      1.12013403
2641  745        -3.84453532      5.85146438      1.12322632
2642  745        -3.87928809      5.89027654      1.12354178
2643  745        -3.89425111      5.90459690      1.12420049
2644  745        -3.92766338      5.88160043      1.10476304
2645  745        -3.98920052      5.83362566      1.06259022
2646  745        -4.06474177      5.77510388      1.01060305
2647  745        -4.12000198      5.72583177      0.97541497
2648  745        -4.13070225      5.69088383      0.95884053
2649  745        -4.10680454      5.67692506      0.95967306
2650  745        -4.06206675      5.67460967      0.96753957
2651  745        -4.02496261      5.68191377      0.98532023
2652  745        -3.99371306      5.69911936      1.01260869
2653  745        -3.99595766      5.71555081      1.03937320
2654  745        -4.02895997      5.70668832      1.07139350
2655  745        -4.08352063      5.67342981      1.11520398
2656  745        -4.11382662      5.64841042      1.14884310
2657  745        -4.10251800      5.64757814      1.15683820
2658  745        -4.08186882      5.66287164      1.15464937
2659  745        -4.07784513      5.68757928      1.17110887
2660  745        -4.07095501      5.71792051      1.19889479
2661  745        -4.03866833      5.72866325      1.24415061
2662  745        -4.01489741      5.71330113      1.29318150
2663  745        -4.02623076      5.67920662      1.32975507
2664  745        -4.07353339      5.63542812      1.35415928
2665  745        -4.14654547      5.60362165      1.35351772
2666  745        -4.21688905      5.57475262      1.35254901
2667  745        -4.25514007      5.53832208      1.35806414
2668  745        -4.24404523      5.50224705      1.41425217
2669  745        -4.18778982      5.47193129      1.50294499
2670  745        -4.14019629      5.47277616      1.56707246
2671  745        -4.10809395      5.49831884      1.57416177
2672  745        -4.10090432      5.54407405      1.52853196
2673  745        -4.14612957      5.58175494      1.48961544
2674  745        -4.21865088      5.59807500      1.47002445
2675  745        -4.25794257      5.60260959      1.46487946
2676  745        -4.26166751      5.59062411      1.46925181
2677  745        -4.27620320      5.55447643      1.48607467
2678  745        -4.29208258      5.50515598      1.51038692
2679  745        -4.26614150      5.45243764      1.52367127
2680  745        -4.21813909      5.39288271      1.51912445
2681  745        -4.20389740      5.32991760      1.48963440
2682  745        -4.21948946      5.27268464      1.44906067
2683  745        -4.23592850      5.23422513      1.41327341
2684  745        -4.24636057      5.20670314      1.39273865
2685  745        -4.25319615      5.17471639      1.38617990
2686  745        -4.27258953      5.16381172      1.37727739
2687  745        -4.28237349      5.19396759      1.34614436
2688  745        -4.27668729      5.25959190      1.31380463
2689  745        -4.25622923      5.33239203      1.28389374
2690  745        -4.24572993      5.39650252      1.24482021
2691  745        -4.24938425      5.44216443      1.19822773
2692  745        -4.26540216      5.47731071      1.17166880
2693  745        -4.29578357      5.51032042      1.17206477
2694  745        -4.33519420      5.53420471      1.16531771
2695  745        -4.40320664      5.54945889      1.14546916
2696  745        -4.48517214      5.54385143      1.12311300
2697  745        -4.53208443      5.55016908      1.09632062
2698  745        -4.54096434      5.55959251      1.04813447
2699  745        -4.54964442      5.59714168      0.99802057
2700  745        -4.56749680      5.62143742      0.95164846
2701  745        -4.58415937      5.61966182      0.91434367
2702  745        -4.58810190      5.59194424      0.87094847
2703  745        -4.60849018      5.57629777      0.81231423
2704  745        -4.65793408      5.61136228      0.75618397
2705  745        -4.71991272      5.67032472      0.71588676
2706  745        -4.78600052      5.70586033      0.69324901
2707  745        -4.84100667      5.70972220      0.70390411
2708  745        -4.87321784      5.70313856      0.74419592
2709  745        -4.88401772      5.69454203      0.77379281
2710  745        -4.86251056      5.71365745      0.77732249
2711  745        -4.80550955      5.75175920      0.77413025
2712  745        -4.72741350      5.79311943      0.77785975
2713  745        -4.64836421      5.79664137      0.77998874
2714  745        -4.57305154      5.76033841      0.79436007
2715  745        -4.49815513      5.71716996      0.82283009
2716  745        -4.43707571      5.68991842      0.86497598
2717  745        -4.38957748      5.67907283      0.91733464
2718  745        -4.35524406      5.67725788      0.97324500
2719  745        -4.33499681      5.69521654      1.02926171
2720  745        -4.35264195      5.72022046      1.07677210
2721  745        -4.38745936      5.76826790      1.10481242
2722  745        -4.42937136      5.79047471      1.10074657
2723  745        -4.46975026      5.76767949      1.07164125
2724  745        -4.49654255      5.70905011      1.01691935
2725  745        -4.51929437      5.64717486      0.93784868
2726  745        -4.56568554      5.59980421      0.87613239
2727  745        -4.64807289      5.56565618      0.89101366
2728  745        -4.74495184      5.53363048      0.96203798
2729  745        -4.82029375      5.52306772      1.03311574
2730  745        -4.87734240      5.53433760      1.09300853
2731  745        -4.93510671      5.55411708      1.13203678
2732  745        -4.96274220      5.58310227      1.15407778
2733  745        -4.96717065      5.61683074      1.15563782
2734  745        -4.96209055      5.64591825      1.18291150
2735  745        -4.96806574      5.64804001      1.25150253
2736  745        -5.00409559      5.64026966      1.33387260
2737  745        -5.04694052      5.61982267      1.39990309
2738  745        -5.08265755      5.59739674      1.43250401
2739  745        -5.11679243      5.56421953      1.44880574
2740  745        -5.14247972      5.53074980      1.46065440
2741  745        -5.16102826      5.49231990      1.49716301
2742  745        -5.16925545      5.45780645      1.55559557
2743  745        -5.16874840      5.43922344      1.63326714
2744  745        -5.16840172      5.43135191      1.69772650
2745  745        -5.15884410      5.44233071      1.75848746
2746  745        -5.11635672      5.45850250      1.81122692
2747  745        -5.05524923      5.48109879      1.84172805
2748  745        -4.97818811      5.48189995      1.83911740
2749  745        -4.89735408      5.47074698      1.83117477
2750  745        -4.84615342      5.46748405      1.84666088
2751  745        -4.84718222      5.48529509      1.87842636
2752  745        -4.87263593      5.51128225      1.90797809
2753  745        -4.89540132      5.52189032      1.94169557
2754  745        -4.91174843      5.52110085      1.98712052
2755  745        -4.93433240      5.48799232      2.04287680
2756  745        -4.95228738      5.43955929      2.09421918
2757  745        -4.97801974      5.39134267      2.12784576
2758  745        -4.99757498      5.38334747      2.15627855
2759  745        -5.00642078      5.40135540      2.17850043
2760  745        -5.01284744      5.45612159      2.21177972
2761  745        -5.00059151      5.49570938      2.25490366
2762  745        -4.98087164      5.50202281      2.26017564
2763  745        -4.96389662      5.49553112      2.21009876
2764  745        -4.94273660      5.49473638      2.13104446
2765  745        -4.91570912      5.47819170      2.05799805
2766  745        -4.89599611      5.42329561      2.01156053
2767  745        -4.89610671      5.36348885      1.99406158
2768  745        -4.91422852      5.31703763      2.01277767
2769  745        -4.93497371      5.32326860      2.02998556
2770  745        -4.95472318      5.34578788      2.04231496
2771  745        -4.96706190      5.36148704      2.05621271
2772  745        -4.98874460      5.33958082      2.07854329
2773  745        -5.02996120      5.29582124      2.09483598
2774  745        -5.06670633      5.23902416      2.08868759
2775  745        -5.09719571      5.18249762      2.04973392
2776  745        -5.13588065      5.14273390      1.99512345
2777  745        -5.19620378      5.12717628      1.95757545
2778  745        -5.26932838      5.14813545      1.96215504
2779  745        -5.33898234      5.18652774      1.99402189
2780  745        -5.41046379      5.25061815      2.00718727
2781  745        -5.47055975      5.31207714      1.99780130
2782  745        -5.50194739      5.38658845      1.97576794
2783  745        -5.50104621      5.44970880      1.94695713
2784  745        -5.46699427      5.50720044      1.91116188
2785  745        -5.44055749      5.54495758      1.87756647
2786  745        -5.43903618      5.56838505      1.84186880
2787  745        -5.44413366      5.59699185      1.80728972
2788  745        -5.45592499      5.62211465      1.77148362
2789  745        -5.46909450      5.63625020      1.72993748
2790  745        -5.49270010      5.61440539      1.69872287
2791  745        -5.51130790      5.59709343      1.67943271
2792  745        -5.52832644      5.60161035      1.66202256
2793  745        -5.53164200      5.64203556      1.64000813
2794  745        -5.52304142      5.68617716      1.60851382
2795  745        -5.51610159      5.72632575      1.57532224
2796  745        -5.51423693      5.78640692      1.55948627
2797  745        -5.51595381      5.87650954      1.56176194
2798  745        -5.51245107      5.96780187      1.56488658
2799  745        -5.49202496      6.01667506      1.55297260
2800  745        -5.44516198      6.02517339      1.51717185
2801  745        -5.39647522      6.00882837      1.49618424
2802  745        -5.36856099      6.00912119      1.50579185
2803  745        -5.35491579      6.02374166      1.51744522
2804  745        -5.32977723      6.06384562      1.51348004
2805  745        -5.28816652      6.12131234      1.50109859
2806  745        -5.25669061      6.18207796      1.50537021
2807  745        -5.24361224      6.21909092      1.53372822
2808  745        -5.21631424      6.23525294      1.56812813
2809  745        -5.17265430      6.25433997      1.58663822
2810  745        -5.16943160      6.27023493      1.59985028
2811  745        -5.21324598      6.29201612      1.60153759
2812  745        -5.25735333      6.31253215      1.58285975
2813  745        -5.29544353      6.34163876      1.54267212
2814  745        -5.34076466      6.36645840      1.49456394
2815  745        -5.39130651      6.41683276      1.45678925
2816  745        -5.41530930      6.49280518      1.43333951
2817  745        -5.42138521      6.55433914      1.41994845
2818  745        -5.40914160      6.52598687      1.40539398
2819  745        -5.37535162      6.43805855      1.39101379
2820  745        -5.32555401      6.36309920      1.37540985
2821  745        -5.30729601      6.33621443      1.34177377
2822  745        -5.35448460      6.35343800      1.30050718
2823  745        -5.46411173      6.37616113      1.28901931
2824  745        -5.57813622      6.40437300      1.30543306
2825  745        -5.66776907      6.43526030      1.33589665
2826  745        -5.73614628      6.49042737      1.36865221
2827  745        -5.78703102      6.52365750      1.40965383
2828  745        -5.80965221      6.52816690      1.43797845
2829  745        -5.80033517      6.50175503      1.45258995
2830  745        -5.76161875      6.45368552      1.46003337
2831  745        -5.70646362      6.40110582      1.46418876
2832  745        -5.64208361      6.36002019      1.46752007
2833  745        -5.59536139      6.34759006      1.46672284
2834  745        -5.58960446      6.35507002      1.45149249
2835  745        -5.60450853      6.39147476      1.42066567
2836  745        -5.63033936      6.43910490      1.38144360
2837  745        -5.67615020      6.49570173      1.34537765
2838  745        -5.75063177      6.50821377      1.30819336
2839  745        -5.82228659      6.46134760      1.26042043
2840  745        -5.85415013      6.37760837      1.20788708
2841  745        -5.83845039      6.31258566      1.15730207
2842  745        -5.79994073      6.28929362      1.10160566
2843  745        -5.76904929      6.30060082      1.06180108
2844  745        -5.75169598      6.33567844      1.06411429
2845  745        -5.74733560      6.37371268      1.09488586
2846  745        -5.73931111      6.41003114      1.12905194
2847  745        -5.72678494      6.43489878      1.14829372
2848  745        -5.68641837      6.43547432      1.14384242
2849  745        -5.61819341      6.40044207      1.10516196
2850  745        -5.54652501      6.37571162      1.05968873
2851  745        -5.48279444      6.38758119      1.00661447
2852  745        -5.42053097      6.44849032      0.94330805
2853  745        -5.35514213      6.50267919      0.86556616
2854  745        -5.29578764      6.51371160      0.81551110
2855  745        -5.26817721      6.47379131      0.81038742
2856  745        -5.26714222      6.42027057      0.84441147
2857  745        -5.26794726      6.37317057      0.89953587
2858  745        -5.26872125      6.34831291      0.95885877
2859  745        -5.25834423      6.35639829      1.02306350
2860  745        -5.24637470      6.34950218      1.10160186
2861  745        -5.22925860      6.35940671      1.17923402
2862  745        -5.21943124      6.38863935      1.22361290
2863  745        -5.22113347      6.42666225      1.22949160
2864  745        -5.23263280      6.44650119      1.20662492
2865  745        -5.26554882      6.44674140      1.17659152
2866  745        -5.32084583      6.46572323      1.11909696
2867  745        -5.38464100      6.51086668      1.03108734
2868  745        -5.44843025      6.54824399      0.93231785
2869  745        -5.50230674      6.55760907      0.87929045
2870  745        -5.54912435      6.54860973      0.89940092
2871  745        -5.59687923      6.52159817      0.97657951
2872  745        -5.62647747      6.47571184      1.03680869
2873  745        -5.61040783      6.41505387      1.02915407
2874  745        -5.56671718      6.36414142      0.98294162
2875  745        -5.51639914      6.33147430      0.93192003
2876  745        -5.46019234      6.31009335      0.89620831
2877  745        -5.39698332      6.28935642      0.87897269
2878  745        -5.33252870      6.26835784      0.89973294
2879  745        -5.27263562      6.24626477      0.96742898
2880  745        -5.22528429      6.22585031      1.06663080
2881  745        -5.20469535      6.18883733      1.17869143
2882  745        -5.20547779      6.12236525      1.28126168
2883  745        -5.20512736      6.05511818      1.34866185
2884  745        -5.19596242      6.02498888      1.38468108
2885  745        -5.18012352      6.02692683      1.41207441
2886  745        -5.16842329      6.03682025      1.44840241
2887  745        -5.16981825      6.03167004      1.51340796
2888  745        -5.18623854      5.99684302      1.62406664
2889  745        -5.22416357      5.92386927      1.75577372
2890  745        -5.27680608      5.82341355      1.85552250
2891  745        -5.32831895      5.72734022      1.91644700
2892  745        -5.37881612      5.65795516      1.95471235
2893  745        -5.44052013      5.59785446      1.97476754
2894  745        -5.50893973      5.55845889      1.96435293
2895  745        -5.55386213      5.55934198      1.92243490
2896  745        -5.59038283      5.61199336      1.86594449
2897  745        -5.62211695      5.69958151      1.83480413
2898  745        -5.64163679      5.79229676      1.84235121
2899  745        -5.64098083      5.86267901      1.87585973
2900  745        -5.62981436      5.89704931      1.91531870
2901  745        -5.63149050      5.87006510      1.94221561
2902  745        -5.66738211      5.79448215      1.96712478
2903  745        -5.74712242      5.74062108      2.00221879
2904  745        -5.85765851      5.76276274      2.02521660
2905  745        -5.97134295      5.81762393      2.01012925
2906  745        -6.06952410      5.85607432      1.97636995
2907  745        -6.16257137      5.88290282      1.94998164
2908  745        -6.25553417      5.89894422      1.92673938
2909  745        -6.32253419      5.89830263      1.87890041
2910  745        -6.33796398      5.88446790      1.80633328
2911  745        -6.33287286      5.88404380      1.74555912
2912  745        -6.37953557      5.89747039      1.73667045
2913  745        -6.48197308      5.92131888      1.75451689
2914  745        -6.60061321      5.94525822      1.78669670
2915  745        -6.69680737      5.96423690      1.79102889
2916  745        -6.76614902      5.97195482      1.76088784
2917  745        -6.81275619      5.95466134      1.69775501
2918  745        -6.83435240      5.92848106      1.63147389
2919  745        -6.84166626      5.90784431      1.60522191
2920  745        -6.84439803      5.90800530      1.62081358
2921  745        -6.84705961      5.92033196      1.65785448
2922  745        -6.83960663      5.95854127      1.66808180
2923  745        -6.81804870      6.03231902      1.64584904
2924  745        -6.78711967      6.12325586      1.60507635
2925  745        -6.77734342      6.20231678      1.57346966
2926  745        -6.79873927      6.23861165      1.55109508
2927  745        -6.84019777      6.22140709      1.53471132
2928  745        -6.87737667      6.17354155      1.52975729
2929  745        -6.88850123      6.13800874      1.52448824
2930  745        -6.88748836      6.13797992      1.48682039
2931  745        -6.85868723      6.17020238      1.41110542
2932  745        -6.80219226      6.20007434      1.34406163
2933  745        -6.74881947      6.20557538      1.29160933
2934  745        -6.71549344      6.19660437      1.24357426
2935  745        -6.70721968      6.19472670      1.19877393
2936  745        -6.67855030      6.18744916      1.17071264
2937  745        -6.63535498      6.16882131      1.13933786
2938  745        -6.60590686      6.15920432      1.10279885
2939  745        -6.59648483      6.17820533      1.03231016
2940  745        -6.58381595      6.21373669      0.91233544
2941  745        -6.57277118      6.24993555      0.76987392
2942  745        -6.57827347      6.30873205      0.66473913
2943  745        -6.60813825      6.38600902      0.60831411
2944  745        -6.64843316      6.46535414      0.58239843
2945  745        -6.67333864      6.52966947      0.56289251
2946  745        -6.68262690      6.56718847      0.51751991
2947  745        -6.68391981      6.59211438      0.45732436
2948  745        -6.69886190      6.65170796      0.39978112
2949  745        -6.72682610      6.73688610      0.36628771
2950  745        -6.77129664      6.80463991      0.32361678
2951  745        -6.80783826      6.83948672      0.24552822
2952  745        -6.82770238      6.84255262      0.15696798
2953  745        -6.86112723      6.81665649      0.09078312
2954  745        -6.91116344      6.78142430      0.05047897
2955  745        -6.97110587      6.75834532      0.03662838
2956  745        -7.01251259      6.77904496      0.02594562
2957  745        -7.02106808      6.84053246     -0.01878777
2958  745        -6.99053695      6.92768976     -0.09410847
2959  745        -6.90881863      7.01304967     -0.18445665
2960  745        -6.82306052      7.06990131     -0.24942551
2961  745        -6.77340662      7.11498775     -0.26847934
2962  745        -6.77129745      7.16986074     -0.25494214
2963  745        -6.76904838      7.22943084     -0.25730972
2964  745        -6.76325307      7.27904248     -0.27341577
2965  745        -6.76172689      7.29853768     -0.29142169
2966  745        -6.78378205      7.29278583     -0.31221702
2967  745        -6.81848471      7.29321637     -0.35314739
2968  745        -6.86012201      7.31633038     -0.42263947
2969  745        -6.89113047      7.35509317     -0.49296225
2970  745        -6.87033304      7.38383860     -0.54917799
2971  745        -6.80078815      7.38713964     -0.60328877
2972  745        -6.72228607      7.36749438     -0.65061592
2973  745        -6.69749890      7.32477030     -0.66763545
2974  745        -6.73134643      7.26296103     -0.66205395
2975  745        -6.79219541      7.23032243     -0.67876085
2976  745        -6.84054524      7.25609386     -0.73681241
2977  745        -6.87948766      7.30576064     -0.81109546
2978  745        -6.89003728      7.35736644     -0.86045556
2979  745        -6.86077328      7.39849144     -0.87509929
2980  745        -6.80304134      7.42411753     -0.85867511
2981  745        -6.73118651      7.41299928     -0.82306956
2982  745        -6.67020064      7.38102535     -0.78041220
2983  745        -6.63761210      7.36029238     -0.71970715
2984  745        -6.64095035      7.36446345     -0.63936004
2985  745        -6.66243490      7.35418622     -0.57295715
2986  745        -6.66979958      7.32003523     -0.54559516
2987  745        -6.66528487      7.29754120     -0.54412479
2988  745        -6.64886590      7.28628357     -0.56127772
2989  745        -6.63500128      7.27573135     -0.57238588
2990  745        -6.62872878      7.26504102     -0.56750240
2991  745        -6.64751864      7.27316893     -0.54566044
2992  745        -6.67114104      7.28526894     -0.52281393
2993  745        -6.69514424      7.30137233     -0.50362411
2994  745        -6.72329816      7.33249156     -0.48028154
2995  745        -6.75590787      7.38046374     -0.44739871
2996  745        -6.79274838      7.42541258     -0.40804762
2997  745        -6.81841021      7.44236055     -0.39189876
2998  745        -6.81742080      7.43218271     -0.41149233
2999  745        -6.80248056      7.41131050     -0.45413810
3000  745        -6.79509856      7.39260390     -0.48059756
3001  745        -6.80077073      7.38363213     -0.48235796
3002  745        -6.80820402      7.38518056     -0.47939509
3003  745        -6.81836841      7.39286899     -0.49238081
3004  745        -6.83273660      7.41295485     -0.53113683
3005  745        -6.85700716      7.44264898     -0.56768572
3006  745        -6.89286515      7.45491112     -0.59804890
3007  745        -6.93399651      7.46407994     -0.62639445
3008  745        -6.97412485      7.51085582     -0.67334179
3009  745        -7.01600503      7.58524432     -0.74528113
3010  745        -7.04293119      7.64211623     -0.84195061
3011  745        -7.04700759      7.65009638     -0.93746519
3012  745        -7.03604128      7.63679604     -1.02807815
3013  745        -7.02352725      7.63995892     -1.08670871
3014  775        -7.79660864      9.67098280      0.08260692
3015  775        -7.75957231      9.71409666     -0.01309815
3016  775        -7.75029189      9.77826645     -0.09393482
3017  775        -7.74907047      9.87888242     -0.17005885
3018  775        -7.72000256      9.98980759     -0.23685740
3019  775        -7.65814081     10.08613594     -0.29923377
3020  775        -7.59827953     10.18618229     -0.36697706
3021  775        -7.57945746     10.26354493     -0.44384896
3022  775        -7.57882053     10.30556506     -0.51185523
3023  775        -7.58447718     10.32959017     -0.59557107
3024  775        -7.56720414     10.34503214     -0.66897369
3025  775        -7.52535760     10.35907230     -0.72093442
3026  775        -7.46125234     10.37106788     -0.75876416
3027  775        -7.36440848     10.34338427     -0.79936536
3028  775        -7.25601854     10.29038888     -0.82829758
3029  775        -7.15548627     10.25434710     -0.82232165
3030  775        -7.10899173     10.23425152     -0.79203530
3031  775        -7.11691225     10.17713756     -0.77210074
3032  775        -7.14184876     10.08078506     -0.77050468
3033  775        -7.14230331     10.00155827     -0.77580441
3034  775        -7.12343089      9.94761781     -0.81082357
3035  775        -7.11089521      9.92598817     -0.86951211
3036  775        -7.10970488      9.92420059     -0.92447338
3037  775        -7.10779552      9.93694935     -0.96959059
3038  775        -7.09601060      9.95294520     -1.00928595
3039  775        -7.08055996      9.96244025     -1.02002564
3040  775        -7.04842363      9.95496298     -1.00207770
3041  775        -7.02112233      9.91683219     -0.98449340
3042  775        -6.99269571      9.85341922     -0.98476868
3043  775        -6.96400565      9.77232310     -1.01100222
3044  775        -6.91832646      9.70387612     -1.04241391
3045  775        -6.87048626      9.66630595     -1.06883797
3046  775        -6.85710996      9.66161064     -1.08212653
3047  775        -6.88760990      9.66920197     -1.09616836
3048  775        -6.94400897      9.66809976     -1.12804787
3049  775        -6.98624357      9.66441163     -1.16044582
3050  775        -6.97842042      9.66141090     -1.16140674
3051  775        -6.92735755      9.65093772     -1.13473439
3052  775        -6.87232172      9.63513962     -1.12608137
3053  775        -6.83121931      9.63290589     -1.14249312
3054  775        -6.80368076      9.64849137     -1.16021621
3055  775        -6.77604442      9.66972025     -1.16064635
3056  775        -6.75101338      9.69672386     -1.15909389
3057  775        -6.74500090      9.74125926     -1.16483877
3058  775        -6.74204846      9.81676625     -1.15931771
3059  775        -6.73039548      9.90853288     -1.13703222
3060  775        -6.71229849      9.98801747     -1.10010294
3061  775        -6.70193468     10.04746284     -1.06731592
3062  775        -6.69926422     10.08732598     -1.04810277
3063  775        -6.67156861     10.12301032     -1.03286785
3064  775        -6.62905996     10.15454247     -1.00662242
3065  775        -6.61848768     10.16769859     -0.97847395
3066  775        -6.65100198     10.14667934     -0.96706549
3067  775        -6.69670741     10.10438284     -0.97658044
3068  775        -6.73589606     10.07605090     -0.99381436
3069  775        -6.76134724     10.06838111     -0.99746161
3070  775        -6.77199473     10.08335653     -0.98146290
3071  775        -6.76341559     10.12120766     -0.95384559
3072  775        -6.74353358     10.18106432     -0.94035207
3073  775        -6.71173116     10.22874588     -0.94558377
3074  775        -6.66674915     10.24851099     -0.97164262
3075  775        -6.63590650     10.25510976     -1.00601458
3076  775        -6.64689128     10.25344627     -1.03890866
3077  775        -6.68011428     10.24880901     -1.05819643
3078  775        -6.68941618     10.25406218     -1.04668152
3079  775        -6.66743979     10.28365536     -1.01174409
3080  775        -6.66074034     10.32577366     -0.97007442
3081  775        -6.67563679     10.36385584     -0.94176995
3082  775        -6.69462230     10.39287067     -0.92287196
3083  775        -6.69832215     10.42460106     -0.91006368
3084  775        -6.69043391     10.44935696     -0.89494659
3085  775        -6.67658784     10.45599333     -0.88258713
3086  775        -6.65281806     10.46065815     -0.87754121
3087  775        -6.64003218     10.48638000     -0.88550640
3088  775        -6.64729282     10.53497673     -0.89217155
3089  775        -6.67569009     10.58565617     -0.89122907
3090  775        -6.71073740     10.62655811     -0.87660514
3091  775        -6.75672827     10.66242856     -0.86957661
3092  775        -6.82234939     10.67268741     -0.87649612
3093  775        -6.89294725     10.63087245     -0.89201011
3094  775        -6.94911563     10.55656169     -0.90811919
3095  775        -6.99262322     10.49466031     -0.92185902
3096  775        -7.03743574     10.47175031     -0.94363780
3097  775        -7.08579119     10.47694724     -0.96479240
3098  775        -7.13255474     10.50344669     -0.96657625
3099  775        -7.14630486     10.54496722     -0.95122847
3100  775        -7.11497606     10.58936969     -0.94687289
3101  775        -7.06701215     10.61526928     -0.95170325
3102  775        -7.06530814     10.59299402     -0.95833908
3103  775        -7.10650541     10.53496598     -0.98972181
3104  775        -7.13814020     10.46855492     -1.04141510
3105  775        -7.12397603     10.39495370     -1.08211896
3106  775        -7.05971211     10.32577079     -1.11244600
3107  775        -6.99163668     10.29776608     -1.15384131
3108  775        -6.94934472     10.32486081     -1.20185402
3109  775        -6.92430257     10.37874512     -1.23498456
3110  775        -6.89238062     10.41539404     -1.24278596
3111  775        -6.85756306     10.41510419     -1.25973518
3112  775        -6.82706453     10.37273902     -1.29616361
3113  775        -6.82076455     10.31219790     -1.32700867
3114  775        -6.82747772     10.26097260     -1.31712276
3115  775        -6.83127475     10.24287461     -1.28654185
3116  775        -6.82102930     10.25812977     -1.27227789
3117  775        -6.81803866     10.29267521     -1.27252049
3118  775        -6.82641640     10.33589701     -1.27332215
3119  775        -6.84152775     10.36777628     -1.28655679
3120  775        -6.87667088     10.38883226     -1.33379031
3121  775        -6.91291014     10.38920361     -1.39072608
3122  775        -6.93526407     10.36748391     -1.38477112
3123  775        -6.93816777     10.34167190     -1.32792095
3124  775        -6.93442365     10.32900484     -1.27285108
3125  775        -6.92250323     10.31252048     -1.25079098
3126  775        -6.91811978     10.28183421     -1.26810911
3127  775        -6.92315900     10.25353028     -1.31649703
3128  775        -6.91206382     10.22778726     -1.35315961
3129  775        -6.87066650     10.20428275     -1.34761621
3130  775        -6.82444991     10.18706864     -1.32826465
3131  775        -6.79550808     10.18291230     -1.29167144
3132  775        -6.76536539     10.18499644     -1.25172599
3133  775        -6.72366510     10.17531607     -1.21131335
3134  775        -6.68159531     10.14347804     -1.19780769
3135  775        -6.65573515     10.10614626     -1.22698716
3136  775        -6.65302521     10.07063060     -1.27719046
3137  775        -6.65749475     10.03713142     -1.34148838
3138  775        -6.65405728     10.02235850     -1.38844420
3139  775        -6.65295653     10.05131591     -1.41721320
3140  775        -6.64805710     10.10249258     -1.42623537
3141  775        -6.62745285     10.13591202     -1.43357476
3142  775        -6.58891615     10.12727671     -1.43440726
3143  775        -6.53670658     10.08551778     -1.43595215
3144  775        -6.50060757     10.02972592     -1.44346475
3145  775        -6.48809654      9.97032287     -1.44945568
3146  775        -6.50547742      9.93766569     -1.46005201
3147  775        -6.52870701      9.95511747     -1.46009998
3148  775        -6.55101946     10.02945053     -1.44125832
3149  775        -6.56233266     10.11649050     -1.39419480
3150  775        -6.56589105     10.18607827     -1.33923655
3151  775        -6.56434180     10.23963995     -1.28105693
3152  775        -6.55979171     10.29142198     -1.22492628
3153  775        -6.54564705     10.33990832     -1.17087560
3154  775        -6.53109921     10.37824275     -1.12633270
3155  775        -6.54353214     10.39491107     -1.09453970
3156  775        -6.57333714     10.40355158     -1.08579294
3157  775        -6.60116838     10.39919798     -1.07770547
3158  775        -6.60051682     10.38591684     -1.05654064
3159  775        -6.58121386     10.36730413     -1.01851279
3160  775        -6.57229759     10.34307110     -0.97028913
3161  775        -6.57193226     10.31190066     -0.93549666
3162  775        -6.57015334     10.27322417     -0.88864693
3163  775        -6.55063381     10.22594495     -0.82810152
3164  775        -6.51925040     10.18750441     -0.75753839
3165  775        -6.50373502     10.15901922     -0.69190034
3166  775        -6.52409784     10.13190549     -0.63557649
3167  775        -6.57745765     10.11008477     -0.59541176
3168  775        -6.62900655     10.11854899     -0.57152989
3169  775        -6.63849894     10.15088566     -0.55746682
3170  775        -6.60767715     10.18215947     -0.55197206
3171  775        -6.57455424     10.17933883     -0.54353537
3172  775        -6.56612223     10.14973776     -0.51456683
3173  775        -6.56985689     10.12907540     -0.46413590
3174  775        -6.56851004     10.11616116     -0.40402109
3175  775        -6.56129970     10.10048118     -0.35170428
3176  775        -6.55501972     10.08567265     -0.31150593
3177  775        -6.54259761     10.08009546     -0.27430087
3178  775        -6.53006234     10.08338354     -0.24055593
3179  775        -6.51182518     10.07848922     -0.22842178
3180  775        -6.48064223     10.08389061     -0.23416645
3181  775        -6.43430162     10.09448301     -0.23109040
3182  775        -6.37883083     10.10072523     -0.21705127
3183  775        -6.33841610     10.08923463     -0.21016325
3184  775        -6.31326225     10.05743478     -0.21228305
3185  775        -6.28269704     10.02431839     -0.20120610
3186  775        -6.23895408     10.02128450     -0.18248248
3187  775        -6.20022553     10.03467515     -0.18641390
3188  775        -6.17908657     10.04891984     -0.20572972
3189  775        -6.16714679     10.05610615     -0.20632420
3190  775        -6.15253874     10.04247339     -0.19947555
3191  775        -6.14348089     10.01191962     -0.19788682
3192  775        -6.16339301      9.98109363     -0.19806315
3193  775        -6.18580691      9.95721714     -0.18766659
3194  775        -6.19099385      9.92345958     -0.18064301
3195  775        -6.20255362      9.87711205     -0.18980269
3196  775        -6.22587553      9.81751455     -0.20451541
3197  775        -6.23928943      9.76095386     -0.18486521
3198  775        -6.21682949      9.72797168     -0.14823635
3199  775        -6.17420118      9.72439407     -0.13800669
3200  775        -6.12841057      9.73126724     -0.15612488
3201  775        -6.07729217      9.73147385     -0.17186728
3202  775        -6.02959477      9.72789152     -0.16871589
3203  775        -5.97441216      9.73804854     -0.16852591
3204  775        -5.90580134      9.76090688     -0.19515722
3205  775        -5.81832432      9.79731105     -0.22400341
3206  775        -5.71756379      9.83646398     -0.22914391
3207  775        -5.62398472      9.86836656     -0.21297591
3208  775        -5.54290358      9.89366350     -0.21447079
3209  775        -5.46959360      9.91094041     -0.23951623
3210  775        -5.38433572      9.91971413     -0.28606744
3211  775        -5.28647294      9.92445640     -0.32765041
3212  775        -5.16270166      9.92251550     -0.35030634
3213  775        -5.03551146      9.91755321     -0.35901411
3214  775        -4.93316610      9.90196314     -0.37934435
3215  775        -4.86293538      9.88416969     -0.42282301
3216  775        -4.81910808      9.87644521     -0.47317342
3217  775        -4.77449716      9.87437724     -0.51374029
3218  775        -4.71965707      9.86686000     -0.53302318
3219  775        -4.66158535      9.85032047     -0.54204250
3220  775        -4.61184140      9.82352296     -0.54838709
3221  775        -4.55981872      9.79736809     -0.56911803
3222  775        -4.51148889      9.78536391     -0.59908475
3223  775        -4.46831961      9.80155214     -0.63961404
3224  775        -4.45103419      9.84934105     -0.68995989
3225  775        -4.46930019      9.89611458     -0.75426244
3226  775        -4.49856210      9.90455268     -0.82256246
3227  775        -4.51811476      9.87409346     -0.89045567
3228  775        -4.52371319      9.83806767     -0.94202516
3229  775        -4.52349292      9.82284050     -0.97926136
3230  775        -4.52291852      9.82825228     -0.99700534
3231  775        -4.52343344      9.84672546     -0.99558769
3232  775        -4.50133299      9.86887192     -0.99094985
3233  775        -4.46807406      9.88928776     -0.99522500
3234  775        -4.45062473      9.90969164     -1.00902095
3235  775        -4.45456917      9.92439805     -1.02706682
3236  775        -4.47278782      9.93112725     -1.06160234
3237  775        -4.50049968      9.93782849     -1.10191811
3238  775        -4.52848301      9.93782494     -1.13704571
3239  775        -4.54727926      9.91596072     -1.16532633
3240  775        -4.54214676      9.88207139     -1.18970528
3241  775        -4.51355639      9.86101333     -1.20569379
3242  775        -4.48802528      9.86051308     -1.21208025
3243  775        -4.47354341      9.87701450     -1.21554610
3244  775        -4.46040755      9.89284680     -1.21719846
3245  775        -4.44663755      9.89930969     -1.22541465
3246  775        -4.45194678      9.88969398     -1.23884507
3247  775        -4.48164875      9.88462812     -1.25032393
3248  775        -4.51749950      9.89268339     -1.24576355
3249  775        -4.54532678      9.89987618     -1.24302477
3250  775        -4.58098404      9.88583498     -1.25543898
3251  775        -4.64055328      9.85791928     -1.28568875
3252  775        -4.70864968      9.83947141     -1.31135056
3253  775        -4.74823506      9.83863082     -1.32073490
3254  775        -4.75677998      9.85658053     -1.31428357
3255  775        -4.77512721      9.88083346     -1.30638142
3256  775        -4.80895408      9.89378587     -1.31199460
3257  775        -4.85382958      9.89347481     -1.31307079
3258  775        -4.89133039      9.86920364     -1.30168366
3259  775        -4.89977771      9.81281331     -1.26542522
3260  775        -4.88871337      9.73916254     -1.21427566
3261  775        -4.87087572      9.67305465     -1.18894206
3262  775        -4.85538830      9.62639869     -1.23089394
3263  775        -4.84022458      9.59148837     -1.31547272
3264  775        -4.82072114      9.54292628     -1.38760705
3265  775        -4.80828151      9.47541765     -1.40277124
3266  775        -4.80233645      9.40540332     -1.37947474
3267  775        -4.78003385      9.33651946     -1.35722197
3268  775        -4.74913715      9.27562703     -1.35557598
3269  775        -4.72777290      9.22379548     -1.35924526
3270  775        -4.69587390      9.17595373     -1.35694793
3271  775        -4.65844517      9.14409728     -1.35653125
3272  775        -4.62135261      9.13284372     -1.37801551
3273  775        -4.58867786      9.12389635     -1.44329532
3274  775        -4.57582595      9.09060570     -1.51115571
3275  775        -4.56431183      9.05438513     -1.53121100
3276  775        -4.52029272      9.03490578     -1.48538387
3277  775        -4.45153389      9.02826762     -1.41235983
3278  775        -4.40333350      9.00060996     -1.39038798
3279  775        -4.38052037      8.94484689     -1.41775558
3280  775        -4.36646718      8.88887243     -1.46880931
3281  775        -4.34551047      8.84480325     -1.50056498
3282  775        -4.32850691      8.80511365     -1.51062418
3283  775        -4.33689525      8.77045754     -1.51613897
3284  775        -4.35501090      8.75269470     -1.51962809
3285  775        -4.36430227      8.75189736     -1.51519970
3286  775        -4.36584885      8.77214660     -1.49040544
3287  775        -4.35474174      8.82136564     -1.45610361
3288  775        -4.32503086      8.90197408     -1.44022398
3289  775        -4.30428478      8.98879736     -1.44096605
3290  775        -4.31788523      9.06725283     -1.44094523
3291  775        -4.37041588      9.13575979     -1.41530790
3292  775        -4.45402606      9.19485389     -1.37724037
3293  775        -4.53447517      9.24100669     -1.35041122
3294  775        -4.59983387      9.27550783     -1.34326529
3295  775        -4.63468128      9.31648949     -1.33799745
3296  775        -4.62483073      9.37364663     -1.30139514
3297  775        -4.58758760      9.43209544     -1.22067996
3298  775        -4.54890432      9.45818834     -1.12140722
3299  775        -4.52970112      9.46469357     -1.04801798
3300  775        -4.55009685      9.47981788     -1.01002765
3301  775        -4.59980319      9.50326350     -0.98474851
3302  775        -4.64230086      9.51436405     -0.96364078
3303  775        -4.65202579      9.51205477     -0.93538683
3304  775        -4.64820206      9.50329113     -0.89923505
3305  775        -4.66017441      9.48986780     -0.86711369
3306  775        -4.68260686      9.47045981     -0.85809105
3307  775        -4.70347919      9.45800336     -0.88280544
3308  775        -4.72992788      9.47031256     -0.93686512
3309  775        -4.74521313      9.49385125     -0.98749937
3310  775        -4.74852929      9.51469533     -1.01483617
3311  775        -4.75794539      9.52078544     -1.01066886
3312  775        -4.76061553      9.49976838     -0.99699936
3313  775        -4.75444108      9.43408004     -0.99510214
3314  775        -4.74265803      9.32885529     -1.00527963
3315  775        -4.72628387      9.21528459     -1.02189715
3316  775        -4.70165519      9.13253666     -1.04281362
3317  775        -4.66825517      9.08757894     -1.07002100
3318  775        -4.63366875      9.06929768     -1.10868550
3319  775        -4.61900305      9.07615176     -1.15873449
3320  775        -4.62422839      9.10221503     -1.20709268
3321  775        -4.63577358      9.12997178     -1.25421903
3322  775        -4.65136257      9.13293560     -1.28105274
3323  775        -4.68094454      9.09188773     -1.28651669
3324  775        -4.71321148      9.03870123     -1.29183040
3325  775        -4.72958230      9.01311401     -1.32189736
3326  775        -4.72408977      9.01637971     -1.37675166
3327  775        -4.71231277      9.02045215     -1.43123147
3328  775        -4.69930199      9.01565042     -1.45366421
3329  775        -4.69055138      8.98619493     -1.44341110
3330  775        -4.69701496      8.94410706     -1.42599454
3331  775        -4.70310629      8.91619144     -1.41771107
3332  775        -4.69155148      8.89274587     -1.42064184
3333  775        -4.65727140      8.87319152     -1.41534815
3334  775        -4.60225981      8.84097897     -1.40369313
3335  775        -4.53691268      8.79387951     -1.39231901
3336  775        -4.49259126      8.74880464     -1.38699461
3337  775        -4.47333063      8.72082345     -1.39144969
3338  775        -4.46786037      8.69748448     -1.40453493
3339  775        -4.46793107      8.67579482     -1.40815491
3340  775        -4.46851575      8.65917197     -1.39393972
3341  775        -4.46840979      8.63705342     -1.36555578
3342  775        -4.47888941      8.61646324     -1.32036445
3343  775        -4.48743062      8.60350269     -1.27578177
3344  775        -4.48089864      8.60853207     -1.22888813
3345  775        -4.47872097      8.63308260     -1.16751436
3346  775        -4.48086708      8.67550639     -1.09201945
3347  775        -4.45173872      8.75829576     -1.02350058
3348  775        -4.39953573      8.85930392     -0.95828182
3349  775        -4.36138899      8.92251448     -0.90691956
3350  775        -4.35967473      8.91838400     -0.90592615
3351  775        -4.37226138      8.87719817     -0.96909870
3352  775        -4.37671005      8.82772291     -1.04506810
3353  775        -4.37725227      8.78273619     -1.07454219
3354  775        -4.37831319      8.74501195     -1.03705900
3355  775        -4.37650240      8.73269385     -0.95737560
3356  775        -4.35135503      8.74891420     -0.87845904
3357  775        -4.29283186      8.78026948     -0.82119231
3358  775        -4.22275188      8.79741574     -0.79534914
3359  775        -4.17244997      8.77191196     -0.80397005
3360  775        -4.13714974      8.72386590     -0.82788174
3361  775        -4.12039107      8.68722554     -0.82213783
3362  775        -4.12879323      8.67081334     -0.79273837
3363  775        -4.15848968      8.65408934     -0.77029321
3364  775        -4.19135279      8.61949776     -0.77400219
3365  775        -4.21746101      8.57818754     -0.79209369
3366  775        -4.22705646      8.55642003     -0.80470153
3367  775        -4.22366515      8.56102495     -0.81174224
3368  775        -4.22620787      8.57466537     -0.82006447
3369  775        -4.24120112      8.57085131     -0.81124859
3370  775        -4.25828630      8.55288566     -0.77543584
3371  775        -4.26038943      8.54421588     -0.72603447
3372  775        -4.24728352      8.54645450     -0.68435118
3373  775        -4.24041269      8.55050585     -0.65695471
3374  775        -4.26302469      8.55580835     -0.61360382
3375  775        -4.29539989      8.54924618     -0.55747409
3376  775        -4.31301965      8.50711884     -0.51081549
3377  775        -4.30119483      8.44830173     -0.47947805
3378  775        -4.27426635      8.41577055     -0.44190464
3379  775        -4.23332566      8.42716752     -0.41058768
3380  775        -4.19586520      8.46922043     -0.40646306
3381  775        -4.16902640      8.52125893     -0.43038160
3382  775        -4.14580658      8.57378843     -0.47035119
3383  775        -4.11933159      8.62411537     -0.51266125
3384  775        -4.09740784      8.65117327     -0.56073168
3385  775        -4.10476360      8.65772438     -0.60567142
3386  775        -4.14288913      8.66591163     -0.63630814
3387  775        -4.17558548      8.67298894     -0.64870407
3388  775        -4.18376649      8.65937639     -0.66206677
3389  775        -4.15545058      8.62496149     -0.66818785
3390  775        -4.10798759      8.58509039     -0.65530839
3391  775        -4.06717566      8.55269911     -0.60780927
3392  775        -4.04764439      8.52167067     -0.55625192
3393  775        -4.02615536      8.48494144     -0.53403086
3394  775        -3.98288025      8.44043280     -0.52042141
3395  775        -3.95287689      8.38729164     -0.49585330
3396  775        -3.96585082      8.32691101     -0.46672826
3397  775        -4.00537458      8.27314099     -0.45277190
3398  775        -4.01492774      8.24720603     -0.45009304
3399  775        -3.98989645      8.25025500     -0.44477583
3400  775        -3.95920701      8.25523917     -0.43480682
3401  775        -3.93641988      8.23967068     -0.41306729
3402  775        -3.90800750      8.20358759     -0.37267710
3403  775        -3.86685311      8.14521394     -0.32490847
3404  775        -3.82989681      8.07144688     -0.28842159
3405  775        -3.79234794      7.99551330     -0.27022495
3406  775        -3.72693386      7.94409163     -0.25692202
3407  775        -3.64162150      7.93764300     -0.24170601
3408  775        -3.56948721      7.96246837     -0.21694357
3409  775        -3.52705403      7.99778266     -0.18848283
3410  775        -3.50042658      8.00676818     -0.17619681
3411  775        -3.46833647      7.98909500     -0.17312762
3412  775        -3.43901864      7.95779189     -0.15814868
3413  775        -3.41703291      7.93518433     -0.12798246
3414  775        -3.40298730      7.91956931     -0.09442493
3415  775        -3.39489765      7.89430050     -0.06424173
3416  775        -3.40216244      7.84726559     -0.04600251
3417  775        -3.42590498      7.79888516     -0.04317886
3418  775        -3.46448637      7.78851421     -0.03351074
3419  775        -3.50583380      7.81546691     -0.00287191
3420  775        -3.53480756      7.85094637      0.04279504
3421  775        -3.55037087      7.85538188      0.09765974
3422  775        -3.56149439      7.83642566      0.16247118
3423  775        -3.58799129      7.80168964      0.23235498
3424  775        -3.61718951      7.76971944      0.29097371
3425  775        -3.62980882      7.74798443      0.31763548
3426  775        -3.63073445      7.74178310      0.33566510
3427  775        -3.63553318      7.74672676      0.36475279
3428  775        -3.64910492      7.76157333      0.38675146
3429  775        -3.67753850      7.78294112      0.38775814
3430  775        -3.72608333      7.78952265      0.37585299
3431  775        -3.77294039      7.78484733      0.35892785
3432  775        -3.79064543      7.76570855      0.33535474
3433  775        -3.77839318      7.74349866      0.30984024
3434  775        -3.76410594      7.70052569      0.27798298
3435  775        -3.78383111      7.64868521      0.25541765
3436  775        -3.84986013      7.62022600      0.24663148
3437  775        -3.95129881      7.61764532      0.24778280
3438  775        -4.03657634      7.57710199      0.24136156
3439  775        -4.06304824      7.48272436      0.20922146
3440  775        -4.05973631      7.40789527      0.15543438
3441  775        -4.05310335      7.39703760      0.11920612
3442  775        -4.05090381      7.44078296      0.09648083
3443  775        -4.03790265      7.50815321      0.07438883
3444  775        -4.01022695      7.55600719      0.06231966
3445  775        -4.00241270      7.57372150      0.05809275
3446  775        -4.02948820      7.59210741      0.07679605
3447  775        -4.04790323      7.64103679      0.09977703
3448  775        -4.04335337      7.71194736      0.11410805
3449  775        -4.03797190      7.76880325      0.12742002
3450  775        -4.05321216      7.78925482      0.14364760
3451  775        -4.10080338      7.80159969      0.14338545
3452  775        -4.15813689      7.86174033      0.11812532
3453  775        -4.20309011      7.95011086      0.08594313
3454  775        -4.21607643      8.01247605      0.06906654
3455  775        -4.19857818      8.01640677      0.07060673
3456  775        -4.16368676      7.99468083      0.06751656
3457  775        -4.11510216      7.98967831      0.07146871
3458  775        -4.03890382      8.01441747      0.06870777
3459  775        -3.95585584      8.05160955      0.07711732
3460  775        -3.89165315      8.07934164      0.11309836
3461  775        -3.87271072      8.12099217      0.14302431
3462  775        -3.88648702      8.19517388      0.15505194
3463  775        -3.89275141      8.27579112      0.15066343
3464  775        -3.87129368      8.33772558      0.12194260
3465  775        -3.81592065      8.35500956      0.07213068
3466  775        -3.74825828      8.35058989      0.01542059
3467  775        -3.68670082      8.34664365     -0.04433370
3468  775        -3.66428064      8.35433985     -0.09343922
3469  775        -3.67700146      8.36169626     -0.12585064
3470  775        -3.71542100      8.33293782     -0.13576740
3471  775        -3.75857185      8.28459312     -0.15139276
3472  775        -3.78178801      8.24866039     -0.17501938
3473  775        -3.77449356      8.26058364     -0.21252262
3474  775        -3.73180416      8.27383026     -0.26326512
3475  775        -3.68448343      8.26509717     -0.31132015
3476  775        -3.66048185      8.25840619     -0.35107127
3477  775        -3.67895140      8.28298241     -0.37323074
3478  775        -3.71825165      8.32925370     -0.38235824
3479  775        -3.77367983      8.36635853     -0.39187605
3480  775        -3.82300689      8.38851347     -0.40005593
3481  775        -3.85435430      8.38646833     -0.41224332
3482  775        -3.87628223      8.38398968     -0.42424260
3483  775        -3.86791811      8.39011078     -0.43163353
3484  775        -3.84743947      8.39757697     -0.44129704
3485  775        -3.84590845      8.38818387     -0.45553301
3486  775        -3.83863662      8.36599974     -0.46562461
3487  775        -3.78964516      8.36376431     -0.44708970
3488  775        -3.72648016      8.37209797     -0.41735603
3489  775        -3.67598748      8.39525620     -0.40188012
3490  775        -3.62480124      8.41824992     -0.38880170
3491  775        -3.56279229      8.43689878     -0.36803550
3492  775        -3.49646539      8.43401259     -0.35017543
3493  775        -3.46576777      8.41085992     -0.32710493
3494  775        -3.47243898      8.38236503     -0.29001351
3495  775        -3.47723915      8.37407747     -0.23396697
3496  775        -3.45619632      8.36727919     -0.18551362
3497  775        -3.42957909      8.35682158     -0.15434699
3498  775        -3.40155728      8.35081693     -0.13560705
3499  775        -3.37013355      8.34794614     -0.09881310
3500  775        -3.35110091      8.36076602     -0.05902917
3501  775        -3.36621120      8.39150562     -0.03432274
3502  775        -3.41138990      8.43016036     -0.01514234
3503  775        -3.45027087      8.46232102     -0.00342466
3504  775        -3.45514883      8.49169855     -0.00868296
3505  775        -3.43755040      8.51017507     -0.04561287
3506  775        -3.42334270      8.53003142     -0.09432369
3507  775        -3.41985844      8.54249978     -0.12866039
3508  775        -3.43557683      8.54155882     -0.14541369
3509  775        -3.46950760      8.53125045     -0.15360756
3510  775        -3.53380151      8.50276239     -0.16205531
3511  775        -3.60486361      8.47915786     -0.17845668
3512  775        -3.66500011      8.50011997     -0.18283417
3513  775        -3.72955085      8.56222215     -0.17630652
3514  775        -3.79132414      8.62738373     -0.15614579
3515  775        -3.84375423      8.64154760     -0.13972217
3516  775        -3.87269259      8.60958519     -0.12026296
3517  775        -3.89886657      8.57305573     -0.10040004
3518  775        -3.93011020      8.56669948     -0.06870641
3519  775        -3.96915650      8.57964069     -0.03163352
3520  775        -4.01687349      8.59304815     -0.00615618
3521  775        -4.05406212      8.63424531     -0.00045607
3522  775        -4.08310558      8.69658804      0.01479757
3523  775        -4.12908143      8.75091426      0.03299544
3524  775        -4.18486131      8.76621511      0.04052329
3525  775        -4.21560794      8.75054649      0.02232557
3526  775        -4.23019579      8.72744077     -0.01339396
3527  775        -4.25273573      8.71816821     -0.03073277
3528  775        -4.27428942      8.73840772     -0.03371407
3529  775        -4.28041439      8.76063737     -0.03301476
3530  775        -4.27580990      8.77439212     -0.05237019
3531  775        -4.26089555      8.78764127     -0.09031284
3532  775        -4.24540572      8.81497714     -0.12167715
3533  775        -4.23275484      8.85791785     -0.14946540
3534  775        -4.22364976      8.89367179     -0.17444815
3535  775        -4.23415192      8.89317192     -0.19428930
3536  775        -4.27168115      8.85421530     -0.22752461
3537  775        -4.32344012      8.80795084     -0.28881946
3538  775        -4.36956677      8.79731081     -0.35267955
3539  775        -4.41101558      8.85437760     -0.39716862
3540  775        -4.45752921      8.96454324     -0.40840450
3541  775        -4.51409440      9.08985151     -0.39242585
3542  775        -4.59665004      9.20458333     -0.39893205
3543  775        -4.70490341      9.28863595     -0.45674017
3544  775        -4.80152054      9.33002342     -0.52403501
3545  775        -4.87403774      9.33274970     -0.56492058
3546  775        -4.93095205      9.33708402     -0.57574548
3547  775        -4.97214191      9.36503706     -0.56556087
3548  775        -4.99630859      9.40692190     -0.52459818
3549  775        -5.02969780      9.45053036     -0.45622867
3550  775        -5.07001527      9.50520652     -0.40162478
3551  775        -5.12515327      9.56436869     -0.38467072
3552  775        -5.18851419      9.60069682     -0.37745325
3553  775        -5.25570897      9.61052492     -0.35141206
3554  775        -5.32021003      9.61674813     -0.32192299
3555  775        -5.37063450      9.63908235     -0.31378298
3556  775        -5.38847236      9.67043050     -0.33392301
3557  775        -5.38791407      9.70172659     -0.37844721
3558  775        -5.39080375      9.74489905     -0.43858180
3559  775        -5.41831698      9.81523788     -0.49182925
3560  775        -5.48203726      9.87499727     -0.48939752
3561  775        -5.56849423      9.89230328     -0.39363159
3562  775        -5.67370052      9.88410490     -0.26226298
3563  775        -5.77278241      9.88356849     -0.14797843
3564  775        -5.84393818      9.91011721     -0.07568048
3565  775        -5.91102686      9.94436703     -0.04607859
3566  775        -5.97802401      9.95888161     -0.06096241
3567  775        -6.03170916      9.93817514     -0.12176969
3568  775        -6.07467032      9.89538161     -0.21289877
3569  775        -6.13647951      9.83785489     -0.29359630
3570  775        -6.18641541      9.79001645     -0.30981757
3571  775        -6.20498758      9.75697103     -0.25788848
3572  775        -6.19757576      9.74547624     -0.18238694
3573  775        -6.19849815      9.74145847     -0.12576424
3574  775        -6.22521174      9.74128452     -0.08047964
3575  775        -6.26500960      9.75828857     -0.04203827
3576  775        -6.27850100      9.79044449     -0.00175431
3577  775        -6.27376012      9.81665675      0.04678847
3578  775        -6.30029213      9.80862433      0.06675535
3579  775        -6.37457933      9.77001368      0.03920020
3580  775        -6.46481029      9.70605437     -0.01691849
3581  775        -6.53854910      9.62582221     -0.05927521
3582  775        -6.61666201      9.52853862     -0.06170662
3583  775        -6.70725398      9.43298410     -0.02084058
3584  775        -6.81235766      9.37027066      0.03432138
3585  775        -6.90895706      9.34164234      0.07655007
3586  775        -6.98420505      9.33580751      0.09106419
3587  775        -7.04076629      9.32734155      0.07454812
3588  775        -7.07686791      9.31382963      0.02899792
3589  775        -7.08939991      9.30464912     -0.02535585
3590  775        -7.07989254      9.29437159     -0.06794113
3591  775        -7.05387577      9.27551139     -0.08418030
3592  775        -7.00759717      9.25163750     -0.07417310
3593  775        -6.94771164      9.23638105     -0.06721329
3594  775        -6.88757415      9.23606544     -0.08018965
3595  775        -6.85365960      9.23986781     -0.11031475
3596  775        -6.84876764      9.22897793     -0.12549084
3597  775        -6.86523991      9.20719444     -0.12490890
3598  775        -6.85888719      9.20472865     -0.12956316
3599  775        -6.82943739      9.22234655     -0.13839563
3600  775        -6.78587115      9.24142188     -0.15019243
3601  775        -6.73827339      9.23673522     -0.17109928
3602  775        -6.70889530      9.21050311     -0.21082521
3603  775        -6.70521739      9.15233694     -0.26292472
3604  775        -6.72484204      9.04556146     -0.32448424
3605  775        -6.74085104      8.92161222     -0.37498333
3606  775        -6.74080339      8.81227079     -0.39804404
3607  775        -6.74294668      8.76225551     -0.38399293
3608  775        -6.76768800      8.78695212     -0.35839717
3609  775        -6.81219863      8.86384959     -0.34220649
3610  775        -6.84821319      8.95047014     -0.32817425
3611  775        -6.85834433      9.03238948     -0.30993428
3612  775        -6.85421910      9.09786837     -0.28904568
3613  775        -6.86593713      9.14044548     -0.24493164
3614  775        -6.88232927      9.14803305     -0.18334087
3615  775        -6.90094058      9.12893544     -0.14347214
3616  775        -6.91477969      9.09489120     -0.14289571
3617  775        -6.91562050      9.05610887     -0.18333148
3618  775        -6.88861818      9.01011574     -0.23114878
3619  775        -6.84551534      8.97660166     -0.26784537
3620  775        -6.81351710      8.96988292     -0.30342320
3621  775        -6.82958864      8.97388629     -0.32997352
3622  775        -6.89946339      8.97217602     -0.32507876
3623  775        -6.98734065      8.95196467     -0.30059710
3624  775        -7.07241764      8.92056048     -0.27611863
3625  775        -7.12123936      8.89585235     -0.24083342
3626  775        -7.13647854      8.87975079     -0.20818520
3627  775        -7.13020817      8.86961376     -0.22339214
3628  775        -7.12471845      8.86789231     -0.28186155
3629  775        -7.12188475      8.89077178     -0.35264553
3630  775        -7.15023483      8.91681169     -0.41571165
3631  775        -7.20134514      8.93096896     -0.48015156
3632  775        -7.25730636      8.92789163     -0.53194934
3633  775        -7.31126477      8.93691648     -0.53766956
3634  775        -7.35661179      8.94129819     -0.50976674
3635  775        -7.39138157      8.92692388     -0.50293114
3636  775        -7.39615135      8.92280249     -0.56127435
3637  775        -7.37068424      8.95430213     -0.68408080
3638  775        -7.33637423      8.99951711     -0.81624498
3639  775        -7.34827137      9.05086933     -0.90925508
3640  775        -7.40130461      9.10611798     -0.95072584
3641  775        -7.45191660      9.13085406     -0.92655565
3642  775        -7.46496983      9.14655765     -0.88739292
3643  775        -7.43910639      9.16524766     -0.89130399
3644  775        -7.37428579      9.17953389     -0.93753799
3645  775        -7.28600569      9.19082955     -0.96907479
3646  775        -7.20766042      9.19464147     -0.98016521
3647  775        -7.15435357      9.18707808     -0.96630521
3648  775        -7.14373887      9.16810616     -0.95312490
3649  775        -7.14855417      9.14116067     -0.96259869
3650  775        -7.15539953      9.13383546     -0.99750794
3651  775        -7.14630498      9.16426780     -1.05028003
3652  775        -7.13447210      9.18031339     -1.09842022
3653  775        -7.09808558      9.14439137     -1.15364015
3654  775        -7.03841002      9.08400536     -1.21082728
3655  775        -6.98106336      9.06353771     -1.28417307
3656  775        -6.94862125      9.13040181     -1.33704482
3657  775        -6.91759467      9.19909033     -1.36465861
3658  775        -6.87418722      9.21124264     -1.36954336
3659  775        -6.84030206      9.18723992     -1.37682585
3660  775        -6.81502005      9.14779463     -1.39946968
3661  775        -6.79712229      9.09212736     -1.43550325
3662  775        -6.79279385      9.03816359     -1.46779558
3663  775        -6.78727840      9.00733509     -1.49288023
3664  775        -6.75394107      9.01682415     -1.51776552
3665  775        -6.70248421      9.05068152     -1.53202407
3666  775        -6.64084494      9.07635662     -1.53960974
3667  775        -6.58070184      9.10621473     -1.51436886
3668  775        -6.52093614      9.12738273     -1.47781701
3669  775        -6.46642053      9.11824121     -1.45115171
3670  775        -6.43039105      9.06300357     -1.46016267
3671  775        -6.41495198      8.99144975     -1.48099799
3672  775        -6.40059463      8.93768623     -1.50064889
3673  775        -6.36743170      8.90883623     -1.50354683
3674  775        -6.32674178      8.87385112     -1.48771696
3675  775        -6.29647008      8.83924277     -1.48779862
3676  775        -6.29831721      8.82633193     -1.50460710
3677  775        -6.32322028      8.84933610     -1.53175629
3678  775        -6.33653216      8.90638438     -1.55728137
3679  775        -6.34026030      8.98307157     -1.57455310
3680  775        -6.36228888      9.04748030     -1.57555125
3681  775        -6.40980652      9.06189108     -1.55729576
3682  775        -6.45212271      9.02539238     -1.52162779
3683  775        -6.46751960      8.97884185     -1.51292374
3684  775        -6.46032753      8.94582072     -1.53931994
3685  775        -6.43166057      8.92779891     -1.58288584
3686  775        -6.37473214      8.90837494     -1.61991994
3687  775        -6.30815807      8.88573597     -1.64061502
3688  775        -6.24567001      8.86763663     -1.64444416
3689  775        -6.19480117      8.87761566     -1.61665656
3690  775        -6.15358504      8.90154092     -1.56460319
3691  775        -6.12901132      8.91774173     -1.51217540
3692  775        -6.09864037      8.90536763     -1.47436360
3693  775        -6.05532727      8.86980567     -1.46116551
3694  775        -6.00247250      8.82823454     -1.47087860
3695  775        -5.94218408      8.80516012     -1.49027350
3696  775        -5.89767601      8.79518806     -1.50694397
3697  775        -5.87879792      8.79496063     -1.50561183
3698  775        -5.88784081      8.78380388     -1.49604059
3699  775        -5.92091583      8.77565689     -1.49444105
3700  775        -5.96493961      8.77152751     -1.49821580
3701  775        -5.98336209      8.74385067     -1.48316572
3702  775        -5.96410102      8.67575280     -1.44882070
3703  775        -5.92950387      8.58659614     -1.43309484
3704  775        -5.91245197      8.53290334     -1.45775313
3705  775        -5.92714479      8.50836081     -1.49657135
3706  775        -5.93890891      8.49541938     -1.53229433
3707  775        -5.94787151      8.48618810     -1.56141078
3708  775        -5.96018601      8.48844266     -1.60649093
3709  775        -5.96759065      8.49450837     -1.66172578
3710  775        -5.99355617      8.51053372     -1.70937367
3711  775        -6.02801336      8.50410899     -1.72912028
3712  775        -6.07208488      8.49667797     -1.72636399
3713  775        -6.11427345      8.51368531     -1.74954530
3714  775        -6.13565385      8.53327036     -1.80779518
3715  775        -6.12218307      8.54005853     -1.84462040
3716  775        -6.10465147      8.51507677     -1.84436196
3717  775        -6.09482804      8.51083646     -1.83779052
3718  775        -6.09088169      8.55139653     -1.85344913
3719  775        -6.07884740      8.59369526     -1.88568107
3720  775        -6.04516623      8.59926543     -1.89084594
3721  775        -5.99655105      8.58480090     -1.89450070
3722  775        -5.96101113      8.60725568     -1.91074971
3723  775        -5.95311877      8.64597885     -1.93659531
3724  775        -5.96642037      8.65775213     -1.96587208
3725  775        -5.97768761      8.65739326     -2.00166365
3726  775        -5.99194844      8.66301623     -2.00771357
3727  775        -5.98956649      8.67212595     -1.98186446
3728  775        -5.98390533      8.67654808     -1.95165735
3729  775        -5.99159805      8.68220420     -1.93214301
3730  775        -6.00711247      8.70891890     -1.92140389
3731  775        -6.01669459      8.74994555     -1.91083112
3732  775        -5.99782539      8.78659554     -1.90586484
3733  775        -5.95236138      8.81674721     -1.92061480
3734  775        -5.91639905      8.84802419     -1.98520515
3735  775        -5.91882412      8.87919741     -2.05314065
3736  775        -5.94506178      8.89306179     -2.10026169
3737  775        -5.95889545      8.88956044     -2.12325563
3738  775        -5.95093018      8.87575442     -2.11083991
3739  775        -5.94139306      8.85554930     -2.07781456
3740  775        -5.91850930      8.83525139     -2.03051197
3741  775        -5.93618164      8.84318781     -2.01294762
3742  775        -5.97138038      8.88891908     -2.01692493
3743  775        -5.99461055      8.95248369     -2.01345471
3744  775        -5.98673158      9.02369397     -2.00549068
3745  775        -5.98032476      9.09785620     -2.00254936
3746  775        -5.99248031      9.14727604     -1.98169571
3747  775        -6.00874616      9.18195766     -1.93235095
3748  775        -6.01304663      9.21435238     -1.87214044
3749  775        -5.99685483      9.24016304     -1.82261465
3750  775        -5.99156674      9.25056746     -1.78738874
3751  775        -6.00138471      9.25903784     -1.74202323
3752  775        -6.00663732      9.25635245     -1.68727150
3753  775        -5.99226496      9.24515069     -1.64200997
3754  775        -5.97208575      9.23459563     -1.61259041
3755  775        -5.95016091      9.21216259     -1.57418205
3756  775        -5.92413378      9.17571249     -1.51179849
3757  775        -5.89558156      9.11403176     -1.44321444
3758  775        -5.86686718      9.03621456     -1.38349402
3759  775        -5.83415906      8.94227344     -1.31993724
3760  775        -5.82776298      8.86140952     -1.24328450
3761  775        -5.84576837      8.80120166     -1.17991112
3762  775        -5.87605913      8.74435738     -1.15723981
3763  775        -5.90976639      8.69145781     -1.17769136
3764  775        -5.92495601      8.65522195     -1.23092210
3765  775        -5.91975769      8.63573864     -1.27130399
3766  775        -5.92648869      8.62735150     -1.27522832
3767  775        -5.94493278      8.62172090     -1.26343294
3768  775        -5.98478339      8.61249612     -1.25268171
3769  775        -6.03258953      8.58433504     -1.23817550
3770  775        -6.07016978      8.51281172     -1.20708845
3771  775        -6.08405060      8.40239791     -1.16965366
3772  775        -6.09064830      8.28118330     -1.14337693
3773  775        -6.08205683      8.18102853     -1.16686602
3774  775        -6.05186299      8.08997884     -1.22368647
3775  775        -6.01423372      7.99565933     -1.27453467
3776  775        -5.99361591      7.91711681     -1.31113317
3777  775        -6.01373429      7.85521074     -1.31835246
3778  775        -6.04193064      7.79921795     -1.30614213
3779  775        -6.06218786      7.76541109     -1.29660754
3780  775        -6.05829561      7.76096527     -1.29620332
3781  775        -6.05425475      7.77082408     -1.31113471
3782  775        -6.05613547      7.77629038     -1.35399438
3783  775        -6.08806401      7.76628864     -1.43202927
3784  775        -6.14723142      7.75933552     -1.50924056
3785  775        -6.23880656      7.77271121     -1.56686832
3786  775        -6.31283473      7.76893970     -1.60192952
3787  775        -6.33727323      7.75123106     -1.62849663
3788  775        -6.32099657      7.74147053     -1.63340129
3789  775        -6.29978621      7.73325187     -1.62788892
3790  775        -6.28776221      7.72058720     -1.61915870
3791  775        -6.27103928      7.72271178     -1.61558210
3792  775        -6.26765772      7.74867494     -1.62385722
3793  775        -6.27263144      7.78349569     -1.62778787
3794  775        -6.30908088      7.81610004     -1.62484844
3795  775        -6.35722694      7.86383928     -1.61346632
3796  775        -6.39911188      7.93481159     -1.60391274
3797  775        -6.42551232      8.00518703     -1.59250041
3798  775        -6.45138352      8.05806653     -1.57040197
3799  775        -6.46970074      8.09562041     -1.53857474
3800  775        -6.47408278      8.12230484     -1.49587223
3801  775        -6.48748268      8.14240285     -1.43980604
3802  775        -6.53295236      8.13567772     -1.36683549
3803  775        -6.61226766      8.12990367     -1.29833070
3804  775        -6.66403638      8.12546554     -1.25059261
3805  775        -6.69428337      8.11865445     -1.21074690
3806  775        -6.68990255      8.09689816     -1.15852684
3807  775        -6.68837975      8.06349322     -1.09816101
3808  775        -6.69269555      8.01090338     -1.03321349
3809  775        -6.71102796      7.93639357     -0.94814895
3810  775        -6.73055037      7.84208064     -0.86009338
3811  775        -6.74370846      7.75201405     -0.82815798
3812  775        -6.75956690      7.68612400     -0.84640642
3813  775        -6.76621299      7.62229203     -0.86450532
3814  775        -6.78436151      7.55086502     -0.83655464
3815  775        -6.80808812      7.48698766     -0.78565053
3816  775        -6.82700156      7.44443983     -0.75844779
3817  775        -6.82901555      7.39971468     -0.75367110
3818  775        -6.80107656      7.33875359     -0.75297614
3819  775        -6.75758146      7.27306139     -0.74189300
3820  775        -6.71715746      7.21092973     -0.73796413
3821  775        -6.69674933      7.15888523     -0.73855099
3822  775        -6.66810639      7.10654551     -0.74391692
3823  775        -6.63333567      7.04454545     -0.74341656
3824  775        -6.61377244      6.98263602     -0.74196342
3825  775        -6.61775455      6.93104356     -0.74464707
3826  775        -6.64142030      6.89037474     -0.72513091
3827  775        -6.67540731      6.85697444     -0.66524966
3828  775        -6.70302486      6.82403324     -0.59248194
3829  775        -6.71112359      6.77731883     -0.54922400
3830  775        -6.71401875      6.72936161     -0.54828004
3831  775        -6.73097896      6.69712658     -0.57474076
3832  775        -6.75350069      6.70405172     -0.61018489
3833  775        -6.76669056      6.74792443     -0.64571385
3834  775        -6.76723088      6.81181020     -0.66952138
3835  775        -6.75836927      6.86574780     -0.66609529
3836  775        -6.74794226      6.90162957     -0.64216848
3837  775        -6.74109621      6.92671448     -0.62707144
3838  775        -6.75322533      6.94915061     -0.65772338
3839  775        -6.75894355      6.97254838     -0.71287031
3840  775        -6.73840360      6.98655683     -0.75110214
3841  775        -6.70286959      6.97807127     -0.73808840
3842  775        -6.66995038      6.94946227     -0.70896904
3843  775        -6.64100581      6.93075587     -0.69363638
3844  775        -6.61344815      6.93068771     -0.70272233
3845  775        -6.59697652      6.93320329     -0.73232063
3846  775        -6.60295568      6.91573911     -0.77174412
3847  775        -6.59359600      6.86507375     -0.79297365
3848  775        -6.55196264      6.79769935     -0.81061293
3849  775        -6.51776293      6.74696141     -0.83513780
3850  775        -6.49116761      6.71291756     -0.83485597
3851  775        -6.45262528      6.67716646     -0.79187171
3852  775        -6.37832644      6.64890172     -0.74168688
3853  775        -6.29890436      6.63212695     -0.74093115
3854  775        -6.23815625      6.60824850     -0.78849023
3855  775        -6.19714022      6.57271968     -0.84154886
3856  775        -6.17978981      6.54903374     -0.85343283
3857  775        -6.17820638      6.54949135     -0.83238529
3858  775        -6.19787372      6.56706048     -0.81586711
3859  775        -6.23179640      6.57171918     -0.81253041
3860  775        -6.25551090      6.57200713     -0.80977105
3861  775        -6.24634078      6.57012323     -0.79715123
3862  775        -6.21810698      6.54027797     -0.81132952
3863  775        -6.18813036      6.49328997     -0.85159600
3864  775        -6.16262815      6.48410589     -0.88339496
3865  775        -6.12507844      6.52630447     -0.89302337
3866  775        -6.08015871      6.57836598     -0.89045288
3867  775        -6.04537151      6.60971672     -0.88053506
3868  775        -6.03892427      6.62731640     -0.86318692
3869  775        -6.05192995      6.64131411     -0.84464490
3870  775        -6.06401795      6.64925641     -0.82349861
3871  775        -6.07707316      6.63615105     -0.80253876
3872  775        -6.09162651      6.58874711     -0.78449539
3873  775        -6.11236323      6.54007682     -0.79331624
3874  775        -6.12245400      6.50959626     -0.81979469
3875  775        -6.10775639      6.49257861     -0.86885992
3876  775        -6.07032749      6.47379831     -0.91378289
3877  775        -6.03448316      6.46036639     -0.93957336
3878  775        -6.01564975      6.47651028     -0.96314409
3879  775        -6.01189898      6.53455866     -0.99447611
3880  775        -5.99622370      6.60917789     -1.01251515
3881  775        -5.98139526      6.65952259     -1.02915962
3882  775        -5.97724141      6.67614170     -1.07663850
3883  775        -5.95400505      6.67850685     -1.15165819
3884  775        -5.91597890      6.67933209     -1.22753123
3885  775        -5.89633444      6.64056370     -1.28661576
3886  775        -5.89427352      6.57340320     -1.32106458
3887  775        -5.87495071      6.51852469     -1.31953599
3888  775        -5.84238363      6.48609216     -1.29957362
3889  775        -5.81782882      6.45013132     -1.26432138
3890  775        -5.81687314      6.42417758     -1.23809579
3891  775        -5.83144192      6.42831704     -1.22902702
3892  775        -5.85162234      6.45331680     -1.23366428
3893  775        -5.88290235      6.47097084     -1.23566516
3894  775        -5.91979804      6.46008735     -1.23606224
3895  775        -5.93946604      6.41904179     -1.22758829
3896  775        -5.95467145      6.34558280     -1.21046350
3897  775        -5.97992048      6.26896289     -1.21672994
3898  775        -6.02181376      6.22622681     -1.24052525
3899  775        -6.06810971      6.22791913     -1.26162353
3900  775        -6.10492114      6.24274805     -1.26637226
3901  775        -6.13333549      6.24048934     -1.26567997
3902  775        -6.14577703      6.22332557     -1.26662345
3903  775        -6.14452237      6.22861847     -1.28204155
3904  775        -6.12833451      6.27459263     -1.30691293
3905  775        -6.11834381      6.32013572     -1.33348067
3906  775        -6.10324567      6.34978284     -1.34614179
3907  775        -6.06991567      6.35221978     -1.34736992
3908  775        -6.02234361      6.34610153     -1.35755028
3909  775        -5.97351714      6.34704549     -1.36455680
3910  775        -5.91224023      6.36604402     -1.35182754
3911  775        -5.84572157      6.40310327     -1.33854529
3912  775        -5.78755879      6.42562105     -1.34042547
3913  775        -5.73112847      6.42046424     -1.36157679
3914  775        -5.65098484      6.41353088     -1.37940588
3915  775        -5.55139535      6.41651727     -1.37468126
3916  775        -5.45871716      6.42955728     -1.35983016
3917  775        -5.37743542      6.45383669     -1.35694143
3918  775        -5.31399490      6.47437329     -1.36606358
3919  775        -5.27320806      6.46707186     -1.38133057
3920  775        -5.25728759      6.45411441     -1.39648866
3921  775        -5.26787929      6.43837677     -1.39270308
3922  775        -5.25432819      6.40170971     -1.37186884
3923  775        -5.18900045      6.33079734     -1.33624062
3924  775        -5.11645292      6.24591167     -1.32301613
3925  775        -5.06978074      6.18600681     -1.35039469
3926  775        -5.03913455      6.18350048     -1.40194425
3927  775        -5.00789133      6.25022990     -1.45609172
3928  775        -4.96593675      6.33206904     -1.47993966
3929  775        -4.92601216      6.38324729     -1.47037326
3930  775        -4.89706891      6.39831964     -1.43023080
3931  775        -4.86759612      6.40893458     -1.37277580
3932  775        -4.82774739      6.42250308     -1.30159216
3933  775        -4.77904569      6.40950494     -1.25055626
3934  775        -4.71702071      6.36731479     -1.24762529
3935  775        -4.65527532      6.31258888     -1.25051079
3936  775        -4.61610691      6.29765663     -1.24199880
3937  775        -4.61681340      6.30969888     -1.21727113
3938  775        -4.61227579      6.31743852     -1.21467081
3939  775        -4.57587698      6.27169137     -1.25230014
3940  775        -4.52398101      6.21470538     -1.30460427
3941  775        -4.46167119      6.17618319     -1.32848946
3942  775        -4.39385492      6.13098476     -1.31904722
3943  775        -4.32096314      6.08453723     -1.27905386
3944  775        -4.25859911      6.04091839     -1.24562207
3945  775        -4.25836951      6.00625136     -1.25414032
3946  775        -4.27731616      5.97277496     -1.28701817
3947  775        -4.28653392      5.92004034     -1.30504146
3948  775        -4.26909858      5.86413545     -1.30366684
3949  775        -4.23525290      5.81762197     -1.26287978
3950  775        -4.20207720      5.78674841     -1.19390330
3951  775        -4.17408454      5.77775661     -1.13128174
3952  775        -4.13507323      5.79256905     -1.09276018
3953  775        -4.07340058      5.82558476     -1.07152821
3954  775        -4.00229548      5.85036375     -1.05066891
3955  775        -3.93382611      5.86443155     -1.01033032
3956  775        -3.87852944      5.88516963     -0.95866041
3957  775        -3.83031754      5.90384025     -0.90748937
3958  775        -3.79459094      5.90882890     -0.87440142
3959  775        -3.76182695      5.90245114     -0.86158331
3960  775        -3.71731812      5.90404997     -0.84752010
3961  775        -3.66234674      5.91494746     -0.82006284
3962  775        -3.61375992      5.91903934     -0.77701368
3963  775        -3.57800641      5.91108036     -0.73151868
3964  775        -3.54483577      5.90078092     -0.69007486
3965  775        -3.49869055      5.88786292     -0.65379534
3966  775        -3.44802202      5.87739706     -0.61061642
3967  775        -3.42584348      5.89645917     -0.57232409
3968  775        -3.43096652      5.96374395     -0.54179272
3969  775        -3.45066579      6.04485139     -0.51292001
3970  775        -3.44173200      6.11376682     -0.45965234
3971  775        -3.40132651      6.17490415     -0.38837391
3972  775        -3.33983816      6.22735588     -0.34456300
3973  775        -3.26792949      6.27468654     -0.34334843
3974  775        -3.18633104      6.33187825     -0.37066489
3975  775        -3.11385306      6.39751702     -0.41099793
3976  775        -3.06344667      6.46531965     -0.44816979
3977  775        -3.05172496      6.52139157     -0.43689639
3978  775        -3.08273349      6.56153575     -0.37432815
3979  775        -3.12995898      6.59383166     -0.28287748
3980  775        -3.17786316      6.60884919     -0.19916196
3981  775        -3.22959139      6.57964440     -0.13012663
3982  775        -3.27376232      6.52888228     -0.07725960
3983  775        -3.28013426      6.49180863     -0.03687479
3984  775        -3.25299202      6.48303693      0.00770688
3985  775        -3.20208050      6.48442049      0.05663807
3986  775        -3.13551738      6.49072605      0.10772660
3987  775        -3.06659597      6.51123119      0.15889464
3988  775        -3.03347569      6.53229355      0.20447216
3989  775        -3.03302172      6.54789675      0.25699790
3990  775        -3.04220806      6.53247016      0.31549925
3991  775        -3.05550293      6.47400311      0.37202694
3992  775        -3.07986449      6.39750975      0.43163692
3993  775        -3.11898893      6.33388347      0.50676685
3994  775        -3.14687323      6.30534048      0.58936852
3995  775        -3.15970225      6.30665991      0.67458029
3996  775        -3.15644071      6.32248426      0.75371750
3997  775        -3.15205871      6.34588449      0.81808802
3998  775        -3.14975516      6.37199621      0.87359716
3999  775        -3.14429292      6.38241150      0.92359290
4000  775        -3.15487419      6.36742505      0.96115613
4001  775        -3.18326621      6.32328387      0.99066748
4002  775        -3.22310480      6.26417194      1.03369429
4003  775        -3.26637499      6.19715525      1.07368241
4004  775        -3.29649877      6.13919229      1.09043397
4005  775        -3.28659843      6.09279052      1.08032694
4006  775        -3.24684642      6.04681196      1.04862107
4007  775        -3.20580728      5.98588998      1.00818045
4008  775        -3.17623002      5.90863528      0.98680580
4009  775        -3.16259263      5.82578874      0.97899962
4010  775        -3.16589266      5.74720627      0.95607124
4011  775        -3.18892508      5.68876384      0.89953239
4012  775        -3.22807749      5.63910286      0.83011689
4013  775        -3.28512839      5.60280228      0.79178875
4014  775        -3.37382719      5.57043008      0.79356668
4015  775        -3.47554711      5.54587327      0.82409112
4016  775        -3.54265140      5.53130124      0.85759918
4017  775        -3.54722629      5.51242175      0.86820983
4018  775        -3.52517589      5.48414602      0.85810700
4019  775        -3.52001388      5.46581305      0.85017864
4020  775        -3.53987385      5.46265055      0.87282246
4021  775        -3.57334750      5.45550188      0.92531418
4022  775        -3.61413903      5.43758739      0.98923420
4023  775        -3.66438826      5.40306387      1.05360356
4024  775        -3.71238446      5.37592543      1.12558773
4025  775        -3.74119544      5.36929634      1.20496579
4026  775        -3.73858764      5.38189668      1.27054887
4027  775        -3.69758591      5.40409075      1.31107883
4028  775        -3.62696312      5.43010661      1.35189266
4029  775        -3.55027545      5.45922868      1.40736206
4030  775        -3.51027685      5.48323316      1.46544905
4031  775        -3.52326681      5.49509020      1.51293219
4032  775        -3.56259443      5.49842390      1.56036287
4033  775        -3.58604757      5.49621732      1.62122518
4034  775        -3.59799544      5.48677340      1.69406224
4035  775        -3.59847348      5.47330629      1.75554756
4036  775        -3.59146434      5.45308455      1.78204118
4037  775        -3.57383852      5.43708260      1.78121678
4038  775        -3.55535493      5.44015044      1.75701282
4039  775        -3.53577194      5.47010929      1.73124132
4040  775        -3.51053922      5.51994033      1.71517231
4041  775        -3.49091249      5.58110998      1.73290494
4042  775        -3.48731254      5.64715136      1.77930575
4043  775        -3.49754164      5.71311786      1.83693374
4044  775        -3.50262946      5.76978797      1.89714343
4045  775        -3.48951556      5.81627178      1.96851827
4046  775        -3.46061003      5.83820154      2.04601367
4047  775        -3.43975612      5.84291535      2.11040815
4048  775        -3.44676332      5.86567432      2.15706846
4049  775        -3.49971802      5.92109185      2.18275345
4050  775        -3.56534075      5.99037463      2.20207367
4051  775        -3.61213988      6.03791827      2.22735174
4052  775        -3.63083256      6.06417136      2.26617155
4053  775        -3.63240330      6.07893004      2.29156405
4054  775        -3.62322166      6.06070182      2.29622972
4055  775        -3.61502210      6.00791022      2.27190512
4056  775        -3.62091443      5.95139938      2.23313778
4057  775        -3.65363811      5.90022801      2.20836142
4058  775        -3.71828203      5.85430199      2.20678900
4059  775        -3.80139549      5.81538955      2.22056886
4060  775        -3.89101006      5.78457197      2.21354707
4061  775        -3.96168767      5.74699443      2.19026927
4062  775        -4.01053020      5.70853017      2.16200176
4063  775        -4.03657283      5.67037737      2.16748103
4064  775        -4.05617811      5.62807673      2.19460069
4065  775        -4.08698163      5.58487786      2.22899898
4066  775        -4.12595277      5.55164670      2.24911989
4067  775        -4.15912751      5.53471048      2.26002407
4068  775        -4.18803842      5.51725993      2.26353244
4069  775        -4.22226736      5.49333451      2.26207158
4070  775        -4.23435689      5.46799687      2.26376197
4071  775        -4.22860492      5.45394065      2.25116763
4072  775        -4.22140317      5.43931212      2.21262635
4073  775        -4.23021863      5.42756917      2.14302007
4074  775        -4.24484622      5.42253364      2.07581129
4075  775        -4.26954222      5.41271089      2.03557850
4076  775        -4.29342785      5.38858078      2.04412906
4077  775        -4.30299880      5.34283828      2.08078297
4078  775        -4.28811476      5.28848581      2.11875421
4079  775        -4.24622352      5.23757118      2.14977276
4080  775        -4.18945774      5.19675191      2.18120604
4081  775        -4.11811401      5.17083505      2.21871988
4082  775        -4.06129334      5.16367946      2.25213363
4083  775        -4.02989155      5.15606329      2.27405118
4084  775        -4.01348035      5.13737632      2.28048815
4085  775        -3.98892276      5.10120105      2.30208048
4086  775        -3.96808501      5.05976430      2.33458335
4087  775        -3.95266376      5.03089429      2.37143080
4088  775        -3.94135606      5.01614001      2.38807348
4089  775        -3.93287190      5.01255604      2.38768241
4090  775        -3.89968297      5.00886181      2.37635985
4091  775        -3.82874068      5.01716342      2.37276117
4092  775        -3.73280062      5.02566007      2.37771954
4093  775        -3.65403932      5.02882597      2.37462269
4094  775        -3.57779341      5.02962397      2.38317258
4095  775        -3.49680777      5.02963008      2.39705806
4096  775        -3.42757886      5.01650710      2.39899889
4097  775        -3.40233257      4.99413679      2.38395286
4098  775        -3.40333137      4.97811828      2.36183095
4099  775        -3.41289064      4.96711511      2.33669203
4100  775        -3.42324496      4.96317873      2.29935098
4101  775        -3.41688086      4.95465232      2.24664531
4102  775        -3.39613752      4.93297364      2.19971546
4103  775        -3.37899444      4.89554929      2.15940928
4104  775        -3.40119303      4.86182742      2.11432650
4105  775        -3.45463955      4.84243002      2.07873986
4106  775        -3.51326179      4.84608934      2.06620610
4107  775        -3.53745841      4.85463512      2.08445169
4108  775        -3.54516973      4.86314292      2.09951938
4109  775        -3.55653918      4.85037565      2.06766915
4110  775        -3.56543883      4.83775741      1.98795421
4111  775        -3.56651806      4.83873085      1.89885934
4112  775        -3.57284813      4.83725228      1.83700441
4113  775        -3.57595674      4.82720719      1.81487501
4114  775        -3.56582368      4.82927850      1.80307455
4115  775        -3.56343838      4.85205170      1.77030627
4116  775        -3.58096970      4.87459714      1.71661812
4117  775        -3.62288935      4.89398623      1.66308027
4118  775        -3.66376513      4.90925316      1.61128222
4119  775        -3.68583019      4.93551597      1.54465204
4120  775        -3.68165094      4.97132771      1.46957803
4121  775        -3.66733464      5.02013633      1.41834131
4122  775        -3.66534750      5.06311566      1.39213404
4123  775        -3.66479393      5.08336579      1.36933569
4124  775        -3.68046407      5.08975738      1.31931384
4125  775        -3.71060495      5.11865335      1.26012370
4126  775        -3.73597471      5.17055671      1.22377561
4127  775        -3.73353619      5.21550191      1.19694748
4128  775        -3.74156546      5.24249148      1.16913858
4129  775        -3.79063923      5.25928476      1.15483434
4130  775        -3.86702677      5.28199581      1.16684476
4131  775        -3.92980292      5.30189976      1.17573412
4132  775        -3.94170795      5.31870322      1.16096940
4133  775        -3.91919561      5.32969302      1.12820530
4134  775        -3.88440352      5.33856968      1.09874586
4135  775        -3.84488022      5.33924378      1.09858156
4136  775        -3.78851268      5.33877873      1.13509300
4137  775        -3.73128210      5.33502052      1.19161980
4138  775        -3.68264577      5.32973409      1.25126575
4139  775        -3.64409116      5.33064949      1.30910111
4140  775        -3.61297287      5.33916621      1.36070128
4141  775        -3.60677421      5.35449024      1.39645336
4142  775        -3.62082158      5.37191350      1.41650115
4143  775        -3.64722312      5.40181629      1.42162020
4144  775        -3.67549399      5.44333946      1.41227112
4145  775        -3.68495746      5.48701551      1.38463448
4146  775        -3.67723371      5.52808417      1.35660837
4147  775        -3.64468437      5.56171405      1.34810848
4148  775        -3.58326638      5.57314774      1.36194268
4149  775        -3.49789869      5.56525035      1.39819914
4150  775        -3.42387201      5.56630700      1.43857330
4151  775        -3.39317478      5.58479210      1.47397037
4152  775        -3.41706519      5.60910557      1.49602095
4153  775        -3.47233057      5.62748545      1.50423951
4154  775        -3.52605390      5.62979553      1.48397987
4155  775        -3.55644907      5.61713192      1.42769253
4156  775        -3.56357357      5.59014402      1.36820290
4157  775        -3.55046241      5.55848870      1.31653235
4158  775        -3.53786432      5.52642853      1.29043305
4159  775        -3.54502730      5.49822518      1.30468280
4160  775        -3.55737131      5.48417846      1.35722224
4161  775        -3.55821780      5.48553920      1.41361177
4162  775        -3.55055405      5.48570828      1.46009537
4163  775        -3.56418454      5.49986403      1.50595475
4164  775        -3.59757766      5.54548553      1.53389587
4165  775        -3.62601007      5.60564033      1.53633443
4166  775        -3.62246908      5.63982266      1.52642448
4167  775        -3.59025862      5.64636142      1.52598478
4168  775        -3.57457867      5.61890761      1.55790875
4169  775        -3.58506654      5.59153850      1.62387232
4170  775        -3.61534202      5.60054609      1.67909148
4171  775        -3.66512683      5.63360453      1.72922177
4172  775        -3.69944840      5.67994015      1.77067705
4173  775        -3.69878789      5.74339075      1.80360176
4174  775        -3.69006324      5.81463974      1.80932079
4175  775        -3.67978220      5.87455294      1.79363374
4176  775        -3.67471969      5.90773286      1.75890900
4177  775        -3.68129950      5.90297686      1.72689343
4178  775        -3.70617718      5.84874066      1.72279578
4179  775        -3.74100773      5.77156368      1.74330688
4180  775        -3.77866688      5.70924135      1.77570627
4181  775        -3.80074937      5.68498812      1.80925366
4182  775        -3.80207806      5.65822980      1.84527945
4183  775        -3.79998115      5.61087196      1.87056973
4184  775        -3.80534031      5.56101912      1.87765397
4185  775        -3.80295950      5.53062127      1.85307233
4186  775        -3.78277511      5.50562719      1.81449662
4187  775        -3.76183909      5.45423953      1.80135154
4188  775        -3.75132944      5.37986438      1.82189768
4189  775        -3.73267681      5.30639543      1.84275074
4190  775        -3.67892126      5.25967629      1.81156568
4191  775        -3.59596711      5.23259856      1.74469290
4192  775        -3.53693525      5.18635572      1.68576248
4193  775        -3.54292784      5.08605842      1.67255912
4194  775        -3.57671346      4.97631447      1.68053178
4195  775        -3.61261109      4.86797485      1.67072904
4196  775        -3.62924964      4.77076341      1.63153925
4197  775        -3.60868392      4.69776139      1.59654692
4198  775        -3.54413769      4.64632108      1.57170190
4199  775        -3.46688006      4.61344920      1.53633049
4200  775        -3.40427261      4.58354463      1.48747137
4201  775        -3.35740291      4.54761222      1.47095096
4202  775        -3.32660690      4.49804913      1.49107835
4203  775        -3.31192371      4.43615384      1.52869578
4204  775        -3.29671437      4.36799160      1.56806562
4205  775        -3.28169190      4.32186413      1.59261853
4206  775        -3.27355979      4.31898949      1.59607898
4207  775        -3.26582024      4.33003598      1.57416740
4208  775        -3.23959099      4.33918514      1.54016356
4209  775        -3.16369169      4.34833483      1.52276765
4210  775        -3.04709267      4.35403199      1.53661518
4211  775        -2.95237829      4.36961734      1.55496675
4212  775        -2.92587990      4.39184738      1.55199967
4213  775        -2.95489740      4.40844818      1.52306964
4214  775        -3.00147328      4.42095346      1.49095107
4215  775        -3.05288208      4.42545232      1.49232909
4216  775        -3.11832661      4.41756946      1.52994727
4217  775        -3.15519477      4.39284718      1.57151743
4218  775        -3.15253844      4.38176535      1.55914469
4219  775        -3.14185065      4.41548292      1.51930000
4220  775        -3.14911553      4.47711537      1.49487867
4221  775        -3.16179763      4.54912923      1.51173454
4222  775        -3.16418786      4.60873920      1.53466646
4223  775        -3.17262964      4.64132905      1.54138703
4224  775        -3.19551758      4.65312863      1.55074133
4225  775        -3.20681357      4.65192109      1.57765052
4226  775        -3.19579301      4.63388959      1.61585986
4227  775        -3.16741691      4.61290452      1.64347453
4228  775        -3.13875203      4.59018449      1.67424216
4229  775        -3.09637089      4.57552809      1.71514357
4230  775        -3.03500421      4.58801043      1.76126443
4231  775        -2.94768596      4.62949474      1.77934733
4232  775        -2.85562494      4.68351379      1.76149294
4233  775        -2.76968957      4.69927990      1.71367329
4234  775        -2.69942197      4.69292825      1.65597432
4235  775        -2.65145360      4.67364791      1.62742190
4236  775        -2.62885731      4.64839135      1.62533706
4237  775        -2.63170675      4.61144052      1.63447901
4238  775        -2.65784026      4.59147657      1.64481940
4239  775        -2.71348695      4.58729515      1.66420437
4240  775        -2.76524091      4.58772024      1.69717420
4241  775        -2.78235492      4.57258351      1.73290607
4242  775        -2.75706487      4.52793575      1.73763198
4243  775        -2.70986929      4.45270271      1.69420283
4244  775        -2.67389529      4.35887607      1.62087755
4245  775        -2.66410070      4.27154390      1.52204795
4246  775        -2.67915587      4.20150617      1.41220612
4247  775        -2.69130366      4.14167840      1.30001545
4248  775        -2.70769354      4.08914073      1.24502937
4249  775        -2.72235951      4.03606476      1.26342642
4250  775        -2.73115662      3.99385010      1.31644624
4251  775        -2.73520252      3.98291349      1.37331256
4252  775        -2.75088392      3.99136264      1.42272990
4253  775        -2.78894794      4.00214952      1.44325048
4254  775        -2.82826536      3.99806323      1.41963374
4255  775        -2.84993534      3.98525330      1.36937133
4256  775        -2.84503652      3.97351132      1.30826655
4257  775        -2.81892255      3.96166394      1.23866007
4258  775        -2.80382238      3.96319018      1.18903885
4259  775        -2.79914173      3.98464710      1.18054095
4260  775        -2.78472166      4.00451663      1.20189775
4261  775        -2.77500022      4.02930986      1.23018185
4262  775        -2.79413672      4.07217528      1.25116975
4263  775        -2.83840368      4.13732815      1.25613891
4264  775        -2.86671343      4.22583899      1.23487314
4265  775        -2.86009521      4.34596274      1.20170120
4266  775        -2.81474216      4.48748610      1.18324394
4267  775        -2.76136940      4.60243897      1.17380089
4268  775        -2.73690656      4.65140038      1.15858563
4269  775        -2.72885696      4.63968604      1.12886814
4270  775        -2.69314876      4.60301799      1.08179393
4271  775        -2.63202333      4.57956159      1.03901871
4272  775        -2.56948053      4.57154702      1.00794403
4273  775        -2.53143872      4.57068058      0.98875009
4274  775        -2.53849720      4.58363951      0.96833458
4275  775        -2.57010221      4.62623735      0.93574973
4276  775        -2.60687891      4.69947819      0.89894419
4277  775        -2.64185222      4.78233603      0.88513300
4278  775        -2.66006281      4.84080157      0.91036272
4279  775        -2.66504517      4.85821218      0.95680572
4280  775        -2.67289153      4.86488427      0.99356509
4281  775        -2.68525929      4.88555542      0.99264175
4282  775        -2.71203340      4.92709739      0.95124445
4283  775        -2.75851992      4.94636305      0.88841361
4284  775        -2.80726592      4.92913301      0.83524530
4285  775        -2.85633972      4.90355640      0.78960029
4286  775        -2.91838751      4.89144483      0.74889545
4287  775        -2.97775046      4.90829541      0.68685518
4288  775        -3.01428375      4.95712128      0.62312847
4289  775        -3.03617339      5.02474846      0.59818143
4290  775        -3.04492164      5.05926151      0.61729541
4291  775        -3.05509791      5.04210462      0.62571997
4292  775        -3.06520283      5.03298670      0.58804958
4293  775        -3.06570378      5.06661786      0.54321658
4294  775        -3.07331483      5.12239054      0.50977803
4295  775        -3.09459537      5.16976077      0.49823112
4296  775        -3.11860736      5.20935566      0.49239235
4297  775        -3.14604863      5.24995879      0.48044685
4298  775        -3.20743709      5.28268173      0.45754898
4299  775        -3.30309010      5.28701058      0.44632825
4300  775        -3.39732661      5.25760376      0.43226489
4301  775        -3.44420742      5.22873939      0.42995852
4302  775        -3.41625327      5.22532563      0.44164256
4303  775        -3.33205810      5.23892058      0.44419001
4304  775        -3.23651965      5.22829150      0.43225729
4305  775        -3.17128271      5.19604108      0.40773966
4306  775        -3.15093441      5.13937927      0.38170441
4307  775        -3.15427412      5.07732740      0.34592209
4308  775        -3.16911664      5.02534675      0.30722350
4309  775        -3.20126490      4.99986973      0.29529249
4310  775        -3.23596975      4.99218979      0.31393277
4311  775        -3.24479733      4.99923960      0.34317825
4312  775        -3.22020386      5.03945375      0.38101636
4313  775        -3.18195739      5.09983805      0.43393536
4314  775        -3.14556069      5.14446054      0.49151311
4315  775        -3.09553822      5.17152726      0.53629955
4316  775        -3.02724954      5.20235864      0.56414724
4317  775        -2.99179861      5.23829409      0.56632795
4318  775        -3.00100803      5.26153943      0.54102438
4319  775        -3.01589022      5.25445782      0.50671325
4320  775        -3.02428943      5.22124975      0.47980802
4321  775        -3.03294775      5.19168156      0.46105296
4322  775        -3.03568668      5.17938437      0.43868383
4323  775        -3.01000219      5.17763075      0.44029957
4324  775        -2.95750058      5.17070886      0.49140664
4325  775        -2.90060022      5.15403346      0.55370605
4326  775        -2.86853713      5.12590083      0.58734658
4327  775        -2.86231380      5.09005432      0.55946274
4328  775        -2.89376222      5.04306372      0.49492310
4329  775        -2.94720310      4.98701079      0.44594731
4330  775        -2.98364671      4.95985227      0.42865359
4331  775        -3.01157666      4.95747349      0.44729286
4332  775        -3.03181488      4.97454236      0.48214176
4333  775        -3.06042156      4.99014801      0.53286142
4334  775        -3.09524375      5.02401915      0.57653327
4335  775        -3.12937886      5.07876137      0.58918504
4336  775        -3.14611587      5.14435121      0.56942429
4337  775        -3.14999343      5.18859801      0.51284648
4338  775        -3.12727490      5.18768334      0.43803451
4339  775        -3.08026194      5.18567220      0.37970293
4340  775        -3.03071249      5.17464503      0.35353756
4341  775        -2.99749496      5.15287308      0.33576615
4342  775        -3.00137562      5.12190138      0.35284645
4343  775        -3.03763529      5.09029941      0.38276801
4344  775        -3.05565990      5.07795419      0.38434253
4345  775        -3.02984591      5.11071667      0.34999453
4346  775        -2.97856942      5.17125062      0.30178233
4347  775        -2.97039829      5.21410935      0.25634111
4348  775        -2.99923470      5.21978315      0.22451241
4349  775        -3.03506864      5.22300510      0.19301319
4350  775        -3.08293130      5.22009454      0.14768716
4351  775        -3.14218221      5.18784782      0.06366924
4352  775        -3.18608875      5.14802405     -0.04852116
4353  775        -3.18668394      5.13274781     -0.15594921
4354  775        -3.16546652      5.18078879     -0.26244654
4355  775        -3.16691332      5.23800775     -0.37455474
4356  775        -3.18013455      5.27053606     -0.44939901
4357  775        -3.18078492      5.30561327     -0.45551403
4358  775        -3.17077361      5.33677493     -0.44186868
4359  775        -3.17699052      5.34791166     -0.44548719
4360  775        -3.20622214      5.34990921     -0.46363771
4361  775        -3.25352505      5.37584663     -0.49658883
4362  775        -3.30511284      5.42399086     -0.53791510
4363  775        -3.34450271      5.48400444     -0.58630596
4364  775        -3.36191893      5.54402310     -0.64067567
4365  775        -3.34137877      5.58678410     -0.72294847
4366  775        -3.29323844      5.63425497     -0.83281807
4367  775        -3.25354837      5.68407912     -0.92494643
4368  775        -3.23481193      5.74236694     -0.95689078
4369  775        -3.21197129      5.78576913     -0.94449077
4370  775        -3.20416377      5.81181157     -0.93448751
4371  775        -3.20023685      5.81841220     -0.93145406
4372  775        -3.21424343      5.80618236     -0.91925360
4373  775        -3.23908420      5.78315882     -0.90355089
4374  775        -3.25093359      5.75988137     -0.91996814
4375  775        -3.22896679      5.73654206     -0.96915408
4376  775        -3.18408423      5.70959098     -1.02286657
4377  775        -3.14818893      5.67348780     -1.07001837
4378  775        -3.13413412      5.63007004     -1.11753332
4379  775        -3.15255359      5.59284380     -1.15141268
4380  775        -3.17788691      5.54925712     -1.18981124
4381  775        -3.20579610      5.51091489     -1.25744037
4382  775        -3.22369209      5.48697886     -1.32652519
4383  775        -3.21614023      5.48948150     -1.35522169
4384  775        -3.18141952      5.48352033     -1.37653479
4385  775        -3.13877670      5.46735015     -1.41528457
4386  775        -3.09920908      5.44819223     -1.43626936
4387  775        -3.11486533      5.42595028     -1.46647558
4388  775        -3.15142247      5.38034303     -1.49885739
4389  775        -3.15676063      5.32610922     -1.53463842
4390  775        -3.14570834      5.27685623     -1.57564809
4391  775        -3.12530772      5.24995436     -1.59584089
4392  775        -3.09411019      5.23693010     -1.56436156
4393  775        -3.06500417      5.22522685     -1.51655473
4394  775        -3.05681914      5.20388478     -1.48473794
4395  775        -3.07304411      5.17108892     -1.45127423
4396  775        -3.11271921      5.13625930     -1.42087397
4397  775        -3.15462107      5.10097064     -1.41645010
4398  775        -3.16652523      5.08315198     -1.45888228
4399  775        -3.12675108      5.06498591     -1.50075154
4400  775        -3.07109442      5.05913981     -1.52360269
4401  775        -3.05253824      5.07647730     -1.53102375
4402  775        -3.07893994      5.09527501     -1.52601875
4403  775        -3.10481996      5.09477066     -1.49178261
4404  775        -3.12010811      5.09038896     -1.44579937
4405  775        -3.13562276      5.08971780     -1.40139074
4406  775        -3.14884845      5.08395965     -1.36263558
4407  775        -3.15938228      5.06736656     -1.33415101
4408  775        -3.16831019      5.06612804     -1.32373760
4409  775        -3.17297496      5.11042045     -1.34144698
4410  775        -3.16499897      5.16765704     -1.35372480
4411  775        -3.14485955      5.22401762     -1.31183722
4412  775        -3.11379519      5.26401866     -1.21558406
4413  775        -3.07975824      5.28570482     -1.12177512
4414  775        -3.07195160      5.26529085     -1.05493637
4415  775        -3.09391292      5.21619593     -1.05942541
4416  775        -3.10685996      5.16278890     -1.08656973
4417  775        -3.11124883      5.14705921     -1.09362830
4418  775        -3.12431840      5.15179582     -1.08838090
4419  775        -3.14980745      5.17299631     -1.08243223
4420  775        -3.17634162      5.21115621     -1.06979544
4421  775        -3.18660298      5.26440699     -1.05784135
4422  775        -3.18625737      5.32353554     -1.09003886
4423  775        -3.19555389      5.36336129     -1.15314882
4424  775        -3.22533573      5.40226010     -1.19898158
4425  775        -3.27646022      5.41147502     -1.20263826
4426  775        -3.33825095      5.37879374     -1.17461814
4427  775        -3.40963927      5.33240284     -1.11503366
4428  775        -3.50189667      5.30878898     -1.07234111
4429  775        -3.58552037      5.29772938     -1.06858161
4430  775        -3.64046522      5.29646133     -1.09242699
4431  775        -3.69617257      5.30386140     -1.10837200
4432  775        -3.74897808      5.30581316     -1.10222241
4433  775        -3.76020459      5.30959057     -1.08833690
4434  775        -3.73633287      5.31419266     -1.08486053
4435  775        -3.71404250      5.33451573     -1.09908951
4436  775        -3.68689600      5.36617085     -1.11305492
4437  775        -3.64428147      5.40972820     -1.10872627
4438  775        -3.59838248      5.45318167     -1.07941857
4439  775        -3.59953505      5.48774839     -1.04895443
4440  775        -3.66290522      5.52279790     -1.02259425
4441  775        -3.73259661      5.56336533     -1.00046444
4442  775        -3.77763880      5.60177241     -0.96615471
4443  775        -3.81377150      5.64316091     -0.92824287
4444  775        -3.84880435      5.68777196     -0.90027448
4445  775        -3.89129379      5.74924990     -0.88698450
4446  775        -3.93504663      5.81471858     -0.89184053
4447  775        -3.99005074      5.86996706     -0.87955341
4448  775        -4.04167003      5.91865695     -0.85917791
4449  775        -4.08365133      5.96933107     -0.85384622
4450  775        -4.09973011      6.00606522     -0.87512715
4451  775        -4.09551770      6.01616251     -0.89194408
4452  775        -4.08731709      6.00764022     -0.88665014
4453  775        -4.06777451      5.99690280     -0.86505397
4454  775        -4.06015876      5.99838986     -0.84344268
4455  775        -4.05861871      6.02370753     -0.82204931
4456  775        -4.06445443      6.05720372     -0.81586789
4457  775        -4.07380834      6.10238221     -0.82908524
4458  775        -4.09453731      6.15696049     -0.85482824
4459  775        -4.13858055      6.21199314     -0.88781681
4460  775        -4.17915172      6.26054263     -0.89929539
4461  775        -4.19530262      6.31685908     -0.87522395
4462  775        -4.18420622      6.37564229     -0.82797574
4463  775        -4.15760324      6.41497113     -0.77661319
4464  775        -4.14260051      6.42905352     -0.72849969
4465  775        -4.14684978      6.45580302     -0.70193779
4466  775        -4.14979223      6.49526286     -0.69548482
4467  775        -4.13892965      6.53095902     -0.70812158
4468  775        -4.11000171      6.55157769     -0.72263702
4469  775        -4.07980568      6.55097954     -0.73569883
4470  775        -4.05649972      6.53661862     -0.75395793
4471  775        -4.05508031      6.50578920     -0.79165764
4472  775        -4.07693888      6.47023152     -0.84243447
4473  775        -4.09977174      6.43133609     -0.87935116
4474  775        -4.09399657      6.40637249     -0.89674702
4475  775        -4.06532729      6.39106283     -0.91197712
4476  775        -4.02790291      6.38487829     -0.92861427
4477  775        -3.98062219      6.36654709     -0.92198283
4478  775        -3.92798208      6.31889704     -0.90512169
4479  775        -3.88134954      6.25117777     -0.88141603
4480  775        -3.84323957      6.16848879     -0.86321970
4481  775        -3.80005782      6.11062549     -0.87348688
4482  775        -3.74179457      6.08596531     -0.92844723
4483  775        -3.68240556      6.06820264     -1.00676605
4484  775        -3.65389149      6.04202053     -1.07055381
4485  775        -3.65879304      6.02179387     -1.11114198
4486  775        -3.67072459      6.02458892     -1.14333486
4487  775        -3.66973230      6.03766338     -1.18009276
4488  775        -3.64981072      6.05183288     -1.22762147
4489  775        -3.61146310      6.06187348     -1.27751624
4490  775        -3.57092428      6.07925768     -1.32241775
4491  775        -3.54166072      6.09431075     -1.35237084
4492  775        -3.51666504      6.12367982     -1.36956823
4493  775        -3.48833935      6.16786147     -1.38623217
4494  775        -3.45564961      6.21638421     -1.41525554
4495  775        -3.42064281      6.25207857     -1.44353749
4496  775        -3.40433235      6.27245900     -1.45874911
4497  775        -3.40486045      6.28095909     -1.45203659
4498  775        -3.40174454      6.29836046     -1.42622511
4499  775        -3.38768980      6.34454657     -1.41718004
4500  775        -3.39159485      6.41384260     -1.43293895
4501  775        -3.45688850      6.51041374     -1.44327980
4502  775        -3.52997589      6.62397565     -1.44365735
4503  775        -3.56070655      6.71511062     -1.45557123
4504  775        -3.53617033      6.77317484     -1.48422120
4505  775        -3.49896083      6.81995843     -1.50220238
4506  775        -3.47297338      6.86861076     -1.50228658
4507  775        -3.44690296      6.92734670     -1.47530169
4508  775        -3.44261408      6.98538527     -1.43231682
4509  775        -3.48779148      7.03989673     -1.39130794
4510  775        -3.55013300      7.09596110     -1.36561791
4511  775        -3.57713224      7.14178963     -1.35984442
4512  775        -3.57411939      7.17756797     -1.34947258
4513  775        -3.57067904      7.19830942     -1.33592712
4514  775        -3.55794478      7.22308062     -1.33565412
4515  775        -3.53604994      7.22764832     -1.33973287
4516  775        -3.52842289      7.19857183     -1.33179488
4517  775        -3.53625568      7.15500615     -1.30120311
4518  775        -3.55339877      7.13275286     -1.28991972
4519  775        -3.58418983      7.15084617     -1.33360807
4520  775        -3.62204270      7.19784530     -1.42300833
4521  775        -3.67410827      7.24670505     -1.51299941
4522  775        -3.70746445      7.27117592     -1.58922252
4523  775        -3.72762755      7.27805161     -1.64923705
4524  775        -3.74422165      7.29188351     -1.68575781
4525  775        -3.75927578      7.29905333     -1.69686759
4526  775        -3.73790969      7.28745141     -1.68487800
4527  775        -3.69306553      7.25773924     -1.66920064
4528  775        -3.67396840      7.21058201     -1.62894692
4529  775        -3.68375802      7.15530876     -1.58280481
4530  775        -3.71060477      7.13888184     -1.55970092
4531  775        -3.74500182      7.16579324     -1.57616911
4532  775        -3.77517785      7.21598455     -1.61724706
4533  775        -3.78804775      7.25629336     -1.65894936
4534  775        -3.77741685      7.26785326     -1.68941632
4535  775        -3.74565806      7.26238624     -1.70626239
4536  775        -3.69880423      7.26259225     -1.72141166
4537  775        -3.63065613      7.26424484     -1.73363880
4538  775        -3.56451589      7.26317575     -1.75393107
4539  775        -3.51527095      7.26717540     -1.77896819
4540  775        -3.48532199      7.28896492     -1.85657665
4541  775        -3.43806428      7.28191770     -1.95614178
4542  775        -3.37120379      7.26465852     -2.03568013
4543  775        -3.30703900      7.23938018     -2.04668595
4544  775        -3.24839170      7.22499574     -2.01339816
4545  775        -3.19096119      7.24860804     -1.94572885
4546  775        -3.14286545      7.31406449     -1.87647810
4547  775        -3.13345879      7.38027737     -1.81992896
4548  775        -3.13554526      7.47888634     -1.79440471
4549  775        -3.12372066      7.55967443     -1.81304823
4550  775        -3.06813307      7.62628547     -1.83250443
4551  775        -2.99583533      7.67839187     -1.83307774
4552  775        -2.94855142      7.67450908     -1.80374640
4553  775        -2.93324675      7.64825004     -1.80642347
4554  775        -2.94296078      7.64849187     -1.86866081
4555  775        -2.97371343      7.66987329     -1.94396859
4556  775        -3.02812667      7.67886935     -1.96682664
4557  775        -3.07696408      7.67891620     -1.95199661
4558  775        -3.12413719      7.71788595     -1.92507374
4559  775        -3.16474635      7.78353614     -1.88847319
4560  775        -3.20033406      7.83224221     -1.83766183
4561  775        -3.21207595      7.86004298     -1.76786257
4562  775        -3.19891524      7.91906150     -1.73162768
4563  775        -3.20073095      8.02170069     -1.74894513
4564  775        -3.21338049      8.11852406     -1.80332858
4565  775        -3.20422874      8.15597765     -1.84723155
4566  775        -3.15231478      8.13652681     -1.88932062
4567  775        -3.08497545      8.09417339     -1.91869746
4568  775        -3.03787269      8.05664119     -1.92662770
4569  775        -3.00325080      8.03289811     -1.91508654
4570  775        -2.96582277      8.03208424     -1.90081604
4571  775        -2.94769795      8.06554679     -1.88704399
4572  775        -2.95807234      8.12410486     -1.88481923
4573  775        -2.99005073      8.18562044     -1.89524544
4574  775        -3.02574042      8.21764761     -1.91975384
4575  775        -3.04471901      8.21312505     -1.94712835
4576  775        -3.04785783      8.19084461     -1.96443522
4577  775        -3.02880393      8.15434890     -1.98206845
4578  775        -2.97667582      8.11303876     -2.00365850
4579  775        -2.90739393      8.08944705     -2.01862483
4580  775        -2.84110072      8.07999468     -2.03122801
4581  775        -2.78682350      8.07600306     -2.04885878
4582  775        -2.75477161      8.06909092     -2.04858828
4583  775        -2.74768868      8.05828505     -2.03800767
4584  775        -2.75847455      8.06311475     -2.02646231
4585  775        -2.75838817      8.10900859     -2.01900917
4586  775        -2.74788860      8.17689991     -2.02362134
4587  775        -2.73963744      8.22207472     -2.05033178
4588  775        -2.74497401      8.23957811     -2.08597644
4589  775        -2.75879144      8.24400154     -2.12395616
4590  775        -2.76741377      8.25108033     -2.15862893
4591  775        -2.76554686      8.26771964     -2.19282877
4592  775        -2.75302637      8.29592147     -2.23373805
4593  775        -2.74908616      8.34403558     -2.27384055
4594  775        -2.75231367      8.38780115     -2.31669823
4595  775        -2.76065753      8.41807211     -2.35448653
4596  775        -2.77443182      8.42859814     -2.38031312
4597  775        -2.78903999      8.44964354     -2.38857154
4598  775        -2.79103759      8.49757201     -2.38141822
4599  775        -2.77736852      8.56283209     -2.38162124
4600  775        -2.76304238      8.63007769     -2.39838554
4601  775        -2.74399765      8.69017587     -2.41328316
4602  775        -2.73542093      8.74852487     -2.40178953
4603  775        -2.73348509      8.81183129     -2.37539852
4604  775        -2.74351367      8.87981448     -2.35403472
4605  775        -2.77181986      8.92548501     -2.33743424
4606  775        -2.80493705      8.95024137     -2.30934610
4607  775        -2.81011979      8.95968168     -2.26669878
4608  775        -2.78123842      8.97035561     -2.23647467
4609  775        -2.74961804      8.98309077     -2.23287009
4610  775        -2.72746723      9.01104104     -2.25612434
4611  775        -2.71549042      9.04125047     -2.28821494
4612  775        -2.69863951      9.07211935     -2.30565435
4613  775        -2.69322224      9.11405970     -2.29841319
4614  775        -2.71572227      9.15228502     -2.27870497
4615  775        -2.75019457      9.17075944     -2.25797966
4616  775        -2.76624541      9.17537833     -2.23105882
4617  775        -2.76323858      9.16392006     -2.17860612
4618  775        -2.76401127      9.14123001     -2.11668812
4619  775        -2.77626048      9.11273002     -2.06669641
4620  775        -2.78598329      9.08900201     -2.04773587
4621  775        -2.78723004      9.09153225     -2.04896161
4622  775        -2.79531302      9.12954774     -2.05957738
4623  775        -2.80919349      9.18477597     -2.08020395
4624  775        -2.82972629      9.23502193     -2.12272924
4625  775        -2.86414497      9.28513887     -2.15925528
4626  775        -2.90158563      9.33878647     -2.17955706
4627  775        -2.91384797      9.38980621     -2.18429781
4628  775        -2.88996138      9.40720362     -2.17799992
4629  775        -2.85997933      9.39058570     -2.16945255
4630  775        -2.85809969      9.37360763     -2.15599381
4631  775        -2.88256933      9.39370825     -2.13630912
4632  775        -2.92579962      9.44919163     -2.10918623
4633  775        -2.97603380      9.51716353     -2.08829842
4634  775        -3.03711790      9.60771058     -2.06864805
4635  775        -3.10351274      9.71442297     -2.05019018
4636  775        -3.15684881      9.79572612     -2.04088526
4637  775        -3.18263786      9.81926700     -2.03694880
4638  775        -3.18107356      9.80277201     -2.00238672
4639  775        -3.17402121      9.76755108     -1.94668366
4640  775        -3.19252766      9.73228464     -1.90805510
4641  775        -3.22049308      9.69639845     -1.90735138
4642  775        -3.22321648      9.65442886     -1.92255857
4643  775        -3.20153825      9.61575500     -1.93445880
4644  775        -3.18473148      9.58840008     -1.95284908
4645  775        -3.17678921      9.58081009     -1.97520896
4646  775        -3.15153189      9.57996779     -1.98277365
4647  775        -3.07914196      9.57522405     -1.97830605
4648  775        -3.00237669      9.56093324     -1.97795877
4649  775        -2.96244425      9.55599671     -1.99906859
4650  775        -2.97160094      9.58831804     -2.03274845
4651  775        -2.99818264      9.64291644     -2.06322675
4652  775        -2.99896991      9.67208326     -2.07366556
4653  775        -2.98647920      9.66048911     -2.06019621
4654  775        -2.98549030      9.63373878     -2.03406635
4655  775        -3.01079643      9.60824034     -2.01646145
4656  775        -3.03166937      9.57904075     -2.00854658
4657  775        -3.01132788      9.54544979     -2.01190414
4658  775        -2.95302471      9.51244033     -2.00828350
4659  775        -2.91456539      9.46445890     -2.01091453
4660  775        -2.92681397      9.42198999     -2.02465618
4661  775        -2.95825383      9.38126368     -2.05159255
4662  775        -2.99342058      9.33937586     -2.07466142
4663  775        -3.01830758      9.29551863     -2.07982627
4664  775        -3.01423657      9.25038528     -2.07190763
4665  775        -2.97050819      9.21441374     -2.06389434
4666  775        -2.92521321      9.19535996     -2.05017485
4667  775        -2.88679159      9.20056403     -2.02812440
4668  775        -2.86132384      9.21894514     -2.01933032
4669  775        -2.83870527      9.23505036     -2.00113096
4670  775        -2.80935397      9.24909903     -1.96242530
4671  775        -2.77600752      9.27116715     -1.89597266
4672  775        -2.74300560      9.30549046     -1.82374478
4673  775        -2.71443983      9.33772895     -1.77280959
4674  775        -2.68148274      9.37630341     -1.75062390
4675  775        -2.67806259      9.42337642     -1.75666400
4676  775        -2.69567250      9.46587358     -1.76531300
4677  775        -2.72610835      9.49531655     -1.77058512
4678  775        -2.76645840      9.51018297     -1.75521839
4679  775        -2.82276882      9.52866759     -1.71968559
4680  775        -2.87383616      9.53073383     -1.68161000
4681  775        -2.89856701      9.50088733     -1.64630562
4682  775        -2.92123244      9.46125492     -1.60906431
4683  775        -2.93378123      9.43908588     -1.56912665
4684  775        -2.94336194      9.43063598     -1.56005600
4685  775        -2.93245602      9.41654400     -1.56911172
4686  775        -2.91235414      9.40829429     -1.56850271
4687  775        -2.90716959      9.38082799     -1.54825991
4688  775        -2.94295831      9.33140282     -1.53019373
4689  775        -2.98983197      9.27320878     -1.51253725
4690  775        -3.01473058      9.22414703     -1.49246446
4691  775        -3.01769503      9.18829256     -1.48673168
4692  775        -3.01997007      9.15439406     -1.49838744
4693  775        -3.03761531      9.09426037     -1.47871924
4694  775        -3.07507686      9.02877296     -1.40650022
4695  775        -3.10695481      8.99866383     -1.33570940
4696  775        -3.10795583      8.99982556     -1.32500294
4697  775        -3.10600338      9.02046584     -1.37547144
4698  775        -3.09307563      9.04478073     -1.42740265
4699  775        -3.06779292      9.07446678     -1.45309221
4700  775        -3.03343409      9.11094659     -1.47135960
4701  775        -3.03010312      9.13988415     -1.48013066
4702  775        -3.06187610      9.15922529     -1.46025610
4703  775        -3.12796783      9.16784799     -1.42675569
4704  775        -3.19342824      9.15123621     -1.40135707
4705  775        -3.22943778      9.11823973     -1.37596658
4706  775        -3.23248247      9.09941643     -1.34574969
4707  775        -3.21851883      9.08885932     -1.32798696
4708  775        -3.20757302      9.10845670     -1.33979095
4709  775        -3.18803658      9.15070500     -1.35801128
4710  775        -3.16268854      9.20809439     -1.37427849
4711  775        -3.12890313      9.26741355     -1.39954298
4712  775        -3.10558538      9.30799279     -1.41891059
4713  775        -3.10738283      9.30349855     -1.40622981
4714  775        -3.13172592      9.24241765     -1.36524116
4715  775        -3.15651998      9.15571843     -1.31657628
4716  775        -3.13948085      9.09841262     -1.29440064
4717  775        -3.07861723      9.07931504     -1.30906394
4718  775        -3.01900452      9.07380331     -1.33732246
4719  775        -2.99385421      9.07968418     -1.34517905
4720  775        -2.98327533      9.08254355     -1.32510178
4721  775        -2.97216729      9.08301648     -1.30018967
4722  775        -2.97320803      9.08195195     -1.28356111
4723  775        -3.00775940      9.07626223     -1.28097594
4724  775        -3.04443257      9.08221013     -1.27888862
4725  775        -3.05938227      9.08736346     -1.28371056
4726  775        -3.03985576      9.09233954     -1.31585944
4727  775        -3.00189582      9.10304115     -1.39237984
4728  775        -2.96518187      9.10031817     -1.48017025
4729  775        -2.92293063      9.05359486     -1.54141968
4730  775        -2.90471079      8.97778428     -1.55258676
4731  775        -2.91137969      8.90485040     -1.54699204
4732  775        -2.95293481      8.84583810     -1.53622236
4733  775        -2.99064017      8.80428945     -1.52154007
4734  775        -3.00761347      8.77524728     -1.51934839
4735  775        -3.01206397      8.77167687     -1.53902556
4736  775        -3.03480541      8.79498952     -1.57557608
4737  775        -3.09614752      8.83936112     -1.61318746
4738  775        -3.17610375      8.87307235     -1.64198491
4739  775        -3.23689164      8.89230468     -1.65708569
4740  775        -3.24204661      8.89876894     -1.66260017
4741  775        -3.21197389      8.91139693     -1.64906043
4742  775        -3.17109740      8.95017048     -1.61895191
4743  775        -3.15461012      9.01033097     -1.57862614
4744  775        -3.15549868      9.07769196     -1.52951487
4745  775        -3.17598733      9.15531608     -1.45432388
4746  775        -3.21231880      9.25777119     -1.38263948
4747  775        -3.26644638      9.37921148     -1.34270307
4748  775        -3.32690051      9.51221149     -1.33444334
4749  775        -3.36909124      9.62680529     -1.33724805
4750  775        -3.38416572      9.70666562     -1.34960841
4751  775        -3.35150883      9.74878754     -1.35663461
4752  775        -3.29039361      9.77070723     -1.35200134
4753  775        -3.22296862      9.79192180     -1.32696533
4754  775        -3.17456447      9.81834516     -1.29421109
4755  775        -3.14827692      9.86173366     -1.25737323
4756  775        -3.15494185      9.90134864     -1.20154743
4757  775        -3.17430575      9.94618549     -1.12592982
4758  775        -3.18781145      9.99096556     -1.05566341
4759  775        -3.17570934     10.04155276     -1.01033491
4760  775        -3.14951554     10.08160155     -0.96888081
4761  775        -3.11967972     10.10763743     -0.93835310
4762  775        -3.08973642     10.11023254     -0.92469048
4763  775        -3.06382592     10.10058732     -0.92811001
4764  775        -3.03889439     10.08799003     -0.93445111
4765  775        -3.02989982     10.05006944     -0.93076172
4766  775        -3.03974008      9.98220223     -0.90114012
4767  775        -3.06215944      9.89755257     -0.86533335
4768  775        -3.08369085      9.83827835     -0.85038683
4769  775        -3.10964195      9.82114681     -0.86282585
4770  775        -3.12908739      9.84391302     -0.90497254
4771  775        -3.14358005      9.87515239     -0.95934125
4772  775        -3.15569590      9.88916565     -1.00581461
4773  775        -3.17141942      9.88490221     -1.03133045
4774  775        -3.19003658      9.86947136     -1.03854933
4775  775        -3.22045871      9.85242201     -1.02362756
4776  775        -3.25284369      9.84048833     -0.99523266
4777  775        -3.27234494      9.82534985     -0.96215884
4778  775        -3.26902855      9.80953656     -0.92131141
4779  775        -3.25680634      9.79979936     -0.89038804
4780  775        -3.26087726      9.80624957     -0.88121203
4781  775        -3.27057710      9.83241563     -0.89520163
4782  775        -3.28278483      9.88019133     -0.91908038
4783  775        -3.29998601      9.94520959     -0.94496475
4784  775        -3.31712651     10.00060234     -0.96255379
4785  775        -3.32211333     10.04090141     -0.94619474
4786  775        -3.31946159     10.07894667     -0.89964170
4787  775        -3.31078564     10.13646805     -0.85397656
4788  775        -3.28789823     10.19796637     -0.81155100
4789  775        -3.26632397     10.24273012     -0.76626875
4790  775        -3.26600858     10.27674958     -0.71040757
4791  775        -3.29011762     10.31570203     -0.65984585
4792  775        -3.31810555     10.36346105     -0.62325846
4793  775        -3.34960021     10.39550060     -0.59546816
4794  775        -3.39797778     10.39237465     -0.57792545
4795  775        -3.47214543     10.34700010     -0.57906859
4796  775        -3.55781622     10.27877202     -0.58938059
4797  775        -3.62539300     10.21727283     -0.61505409
4798  775        -3.64694107     10.20912370     -0.66247538
4799  775        -3.61195379     10.23368333     -0.70391250
4800  775        -3.54041738     10.25643608     -0.72223045
4801  775        -3.47354984     10.27479106     -0.70976774
4802  775        -3.44162415     10.29402262     -0.69585784
4803  775        -3.45556674     10.32407312     -0.70864050
4804  775        -3.51034642     10.35284484     -0.74227061
4805  775        -3.57997034     10.37222281     -0.78194879
4806  775        -3.62702152     10.36371981     -0.81054709
4807  775        -3.62912628     10.33809237     -0.81614719
4808  775        -3.59833834     10.30574218     -0.79366606
4809  775        -3.53114337     10.28639979     -0.75979745
4810  775        -3.45488871     10.26702118     -0.71892737
4811  775        -3.39961902     10.25174446     -0.70784155
4812  775        -3.39106905     10.25698529     -0.74223971
4813  775        -3.42872031     10.27429253     -0.80804021
4814  775        -3.48778630     10.28661473     -0.88261795
4815  775        -3.53451276     10.30564379     -0.96709418
4816  775        -3.54757160     10.33661570     -1.04833569
4817  775        -3.53535505     10.36428286     -1.10224022
4818  775        -3.51039041     10.37063439     -1.11950975
4819  775        -3.47665523     10.35745820     -1.12168840
4820  775        -3.41913445     10.35979686     -1.14926994
4821  775        -3.36208609     10.37602569     -1.20043980
4822  775        -3.31890632     10.37520901     -1.25799403
4823  775        -3.28057612     10.34268214     -1.32613254
4824  775        -3.23075582     10.31173071     -1.40477028
4825  775        -3.16980568     10.30390947     -1.47319176
4826  775        -3.10924975     10.30305345     -1.52789520
4827  775        -3.03911695     10.29696750     -1.57057717
4828  775        -2.95084380     10.28827945     -1.60191925
4829  775        -2.85115841     10.27123422     -1.61399127
4830  775        -2.77112202     10.23694177     -1.59672045
4831  775        -2.73323763     10.19041343     -1.55664442
4832  775        -2.71890519     10.15988380     -1.53219408
4833  775        -2.70453949     10.17277008     -1.55372221
4834  775        -2.69686974     10.20151290     -1.58525241
4835  775        -2.70579264     10.23712716     -1.59196224
4836  775        -2.72757760     10.28018996     -1.58277638
4837  775        -2.74503452     10.32935516     -1.56741389
4838  775        -2.73387410     10.36302639     -1.56288281
4839  775        -2.68154317     10.37112609     -1.56447366
4840  775        -2.60291855     10.35885867     -1.55521976
4841  775        -2.53487220     10.33542197     -1.53329175
4842  775        -2.48646626     10.30416068     -1.50963332
4843  775        -2.44577850     10.27134693     -1.52637672
4844  775        -2.40462256     10.25714932     -1.59287615
4845  775        -2.37495449     10.25541985     -1.66606222
4846  775        -2.36842945     10.25128257     -1.70290401
4847  775        -2.38339865     10.23580862     -1.72464055
4848  775        -2.39955211     10.22108762     -1.76086379
4849  775        -2.39885271     10.21100375     -1.82269127
4850  775        -2.36189608     10.18754902     -1.89094025
4851  775        -2.32491533     10.15433836     -1.94401023
4852  775        -2.33069015     10.12906014     -1.95638388
4853  775        -2.37465773     10.10811494     -1.93204975
4854  775        -2.42296399     10.07045542     -1.89333401
4855  775        -2.46049766     10.00387551     -1.86943450
4856  775        -2.48520111      9.94143950     -1.88114429
4857  775        -2.51531882      9.90854608     -1.91688288
4858  775        -2.54599632      9.89495139     -1.95980829
4859  775        -2.57152675      9.86586634     -1.98983043
4860  775        -2.58009680      9.83589515     -1.99867790
4861  775        -2.57536968      9.82530921     -1.97761940
4862  775        -2.56558069      9.83193936     -1.94495846
4863  775        -2.54489625      9.83882559     -1.91997484
4864  775        -2.51126069      9.86616343     -1.90323093
4865  775        -2.45384260      9.91428067     -1.88262184
4866  775        -2.38815376      9.96861017     -1.84574706
4867  775        -2.34811773     10.01024413     -1.80841639
4868  775        -2.34951520     10.03088414     -1.79040270
4869  775        -2.37489996     10.04178950     -1.81480751
4870  775        -2.39730021     10.05176007     -1.84937887
4871  775        -2.40895161     10.07415809     -1.86482696
4872  775        -2.41076979     10.09244554     -1.83233975
4873  775        -2.41518822     10.10587695     -1.77204215
4874  775        -2.40803062     10.11676863     -1.70426000
4875  775        -2.38541210     10.13549499     -1.65812046
4876  775        -2.33423559     10.15174907     -1.62854318
4877  775        -2.27299687     10.14074310     -1.59802899
4878  775        -2.21544646     10.11325464     -1.58214967
4879  775        -2.17960460     10.06289457     -1.58073643
4880  775        -2.16807089     10.00842672     -1.60515797
4881  775        -2.14881087      9.97372284     -1.64928424
4882  775        -2.14373275      9.96591884     -1.69923703
4883  775        -2.14614667      9.94448347     -1.72038232
4884  775        -2.16877833      9.90147735     -1.73100806
4885  775        -2.20135273      9.84737522     -1.77294866
4886  775        -2.21956252      9.81350360     -1.83421096
4887  775        -2.20024215      9.79250982     -1.87708019
4888  775        -2.13457001      9.76512720     -1.88467206
4889  775        -2.05983792      9.75356286     -1.87850745
4890  775        -1.98312764      9.77421194     -1.87080264
4891  775        -1.92020418      9.81272959     -1.87299434
4892  775        -1.85696149      9.84440631     -1.87233835
4893  775        -1.80541512      9.88072725     -1.86731578
4894  775        -1.77004459      9.92549211     -1.85771549
4895  775        -1.75202548      9.97278065     -1.83839121
4896  775        -1.74449122     10.00955314     -1.81208977
4897  775        -1.71571403     10.02856475     -1.79784574
4898  775        -1.65704029     10.01379069     -1.80821574
4899  775        -1.57718608      9.98754832     -1.83522408
4900  775        -1.50742888      9.98146994     -1.86502081
4901  775        -1.45108635      9.99240602     -1.88087708
4902  775        -1.41666939     10.01644671     -1.89841131
4903  775        -1.39161787     10.04945446     -1.93083435
4904  775        -1.37570667     10.10224458     -1.97783720
4905  775        -1.36538269     10.15974877     -2.00290061
4906  775        -1.35183605     10.19897388     -1.97131908
4907  775        -1.34117269     10.21045293     -1.90155602
4908  775        -1.32986713     10.21487324     -1.84665225
4909  775        -1.32925065     10.23269104     -1.83867615
4910  775        -1.33083121     10.27202709     -1.84859365
4911  775        -1.34759543     10.32043584     -1.84784810
4912  775        -1.38198112     10.34948054     -1.82557036
4913  775        -1.41903201     10.36846610     -1.79860266
4914  775        -1.41839749     10.41635333     -1.76698974
4915  775        -1.38210524     10.49280693     -1.70678026
4916  775        -1.34474909     10.57515984     -1.64300089
4917  775        -1.29762139     10.65174225     -1.59896261
4918  775        -1.25979750     10.73318583     -1.56634471
4919  775        -1.22160024     10.79731957     -1.52425464
4920  775        -1.21101203     10.84193110     -1.46804732
4921  775        -1.21810648     10.87650473     -1.42163922
4922  775        -1.22513766     10.89254391     -1.41890896
4923  775        -1.23228239     10.89658692     -1.45060803
4924  775        -1.25262527     10.88036957     -1.49515917
4925  775        -1.28827947     10.83694550     -1.54400465
4926  775        -1.30357239     10.80824881     -1.57040443
4927  775        -1.27126540     10.82715614     -1.57948822
4928  775        -1.19439745     10.89160932     -1.57708857
4929  775        -1.11428918     10.95672781     -1.56894115
4930  775        -1.06172712     11.00560178     -1.57459748
4931  775        -1.02729205     11.03441403     -1.59401725
4932  775        -1.00852406     11.06242467     -1.62910193
4933  775        -1.01457986     11.06891487     -1.66592989
4934  775        -1.03545607     11.03714406     -1.68770538
4935  775        -1.04949970     10.97947700     -1.70401953
4936  775        -1.04088726     10.91520018     -1.70082652
4937  775        -0.99255414     10.87671810     -1.70338190
4938  775        -0.92716018     10.86275320     -1.70690527
4939  775        -0.85267709     10.87259922     -1.69122829
4940  775        -0.79510794     10.89896080     -1.66181570
4941  775        -0.75988992     10.92965283     -1.63039197
4942  775        -0.75130879     10.95692896     -1.62529479
4943  775        -0.79128717     10.97707876     -1.64451616
4944  775        -0.87541636     10.97839685     -1.66452741
4945  775        -0.95086562     10.96407697     -1.66033709
4946  775        -0.97578203     10.94136840     -1.61491140
4947  775        -0.94605207     10.91668481     -1.54640815
4948  775        -0.88759449     10.88442243     -1.51190727
4949  775        -0.84794444     10.87725089     -1.51643509
4950  775        -0.82274792     10.90743558     -1.53819068
4951  775        -0.80297394     10.97377381     -1.54427727
4952  775        -0.78490677     11.06178869     -1.56313310
4953  775        -0.79912719     11.14648408     -1.61443705
4954  775        -0.82753235     11.21135252     -1.67403280
4955  775        -0.86679960     11.25195660     -1.68974187
4956  775        -0.90652068     11.30262795     -1.64370314
4957  775        -0.93256485     11.35655800     -1.58533983
4958  775        -0.94825659     11.39199922     -1.54747127
4959  775        -0.94329293     11.39277795     -1.53990311
4960  775        -0.91826044     11.37981853     -1.53589762
4961  775        -0.88100206     11.37217985     -1.52105433
4962  775        -0.86441543     11.36776531     -1.50391291
4963  775        -0.88187818     11.37070501     -1.50056858
4964  775        -0.90045903     11.38696177     -1.48611011
4965  775        -0.90861312     11.42215934     -1.45676936
4966  775        -0.91521501     11.45412092     -1.42895330
4967  775        -0.93999316     11.48419254     -1.42667640
4968  775        -0.97298871     11.52495184     -1.46575183
4969  775        -0.97460385     11.55373092     -1.48422019
4970  775        -0.93172310     11.54715264     -1.45121656
4971  775        -0.88770797     11.51162975     -1.37879106
4972  775        -0.89285926     11.48087421     -1.30852381
4973  775        -0.94371729     11.45828534     -1.25888798
4974  775        -1.00796158     11.43579149     -1.23370237
4975  775        -1.04493355     11.43073009     -1.23901076
4976  775        -1.04572285     11.43983161     -1.26417771
4977  775        -1.03162166     11.43359226     -1.30072844
4978  775        -1.02550427     11.40328755     -1.33142015
4979  775        -1.02613902     11.36075304     -1.35890925
4980  775        -1.01530796     11.33029452     -1.37946631
4981  775        -1.01462061     11.29651232     -1.39301123
4982  775        -1.03948252     11.24975889     -1.38098389
4983  775        -1.06263025     11.20116490     -1.35070830
4984  775        -1.04069676     11.16755219     -1.29648492
4985  775        -0.99173422     11.15416900     -1.21644701
4986  775        -0.94314306     11.14746375     -1.11450626
4987  775        -0.91294881     11.14789754     -1.00511655
4988  775        -0.91221238     11.17373860     -0.93906260
4989  775        -0.95806208     11.22602905     -0.93108928
4990  775        -1.02228496     11.28284924     -0.96087468
4991  775        -1.07371108     11.34551038     -0.96810726
4992  775        -1.10121568     11.41459673     -0.93701193
4993  775        -1.09912341     11.48017498     -0.85859052
4994  775        -1.08847455     11.53239642     -0.76709576
4995  775        -1.08363941     11.56879248     -0.68033596
4996  775        -1.08185109     11.60544186     -0.61316284
4997  775        -1.07271443     11.66270696     -0.56712032
4998  775        -1.05073512     11.73086971     -0.54108906
4999  775        -1.03356474     11.79504919     -0.54329108
5000  775        -1.03369729     11.84450315     -0.55286631
