0     667        -9.26453778      4.06715284      1.82133601
1     667        -9.24684325      4.04700134      1.86082679
2     667        -9.21228299      4.07228681      1.92006321
3     667        -9.17397365      4.12271469      1.97848104
4     667        -9.14383312      4.12657483      2.03306715
5     667        -9.09683726      4.07649509      2.07139117
6     667        -9.03460661      4.01829409      2.09488825
7     667        -8.97959079      3.96636716      2.13493197
8     667        -8.93105684      3.92104235      2.21119033
9     667        -8.87754666      3.85795185      2.29275441
10    667        -8.82026773      3.79901843      2.35192427
11    667        -8.78313020      3.76167010      2.39359365
12    667        -8.78147972      3.75608172      2.42595119
13    667        -8.80484086      3.77629515      2.45006219
14    667        -8.83172722      3.80653543      2.47012283
15    667        -8.84430556      3.81812039      2.49474878
16    667        -8.83184634      3.81816050      2.53814724
17    667        -8.79334378      3.82014723      2.61332860
18    667        -8.74677250      3.82352021      2.70517982
19    667        -8.70624268      3.82135414      2.77045083
20    667        -8.68167414      3.80864707      2.80992691
21    667        -8.67597225      3.79818903      2.83763072
22    667        -8.67576183      3.78929796      2.86303729
23    667        -8.66384243      3.79564988      2.88448980
24    667        -8.63746748      3.81909505      2.90535744
25    667        -8.60156056      3.86341081      2.93447489
26    667        -8.57124515      3.92347308      2.98226954
27    667        -8.55790421      3.96888025      3.03288308
28    667        -8.56430781      3.98807394      3.07577325
29    667        -8.57958263      3.99967146      3.12557715
30    667        -8.60237076      4.03380346      3.15543880
31    667        -8.62530869      4.05558165      3.16347281
32    667        -8.63854487      4.04468670      3.17540707
33    667        -8.65114086      4.01746337      3.19797808
34    667        -8.65655627      3.99174561      3.23556898
35    667        -8.63880868      3.97552089      3.28709288
36    667        -8.60158036      3.96438014      3.33800701
37    667        -8.55667850      3.94261595      3.37480139
38    667        -8.52048034      3.91813255      3.39053782
39    667        -8.48752488      3.91485283      3.40075472
40    667        -8.46916086      3.92990919      3.39582067
41    667        -8.46265312      3.93336541      3.38287371
42    667        -8.45834515      3.91405859      3.39164152
43    667        -8.44760134      3.85947155      3.40878393
44    667        -8.43109534      3.77470405      3.41551377
45    667        -8.40019573      3.69327438      3.40406689
46    667        -8.34554116      3.65549297      3.37734647
47    667        -8.29042479      3.68064487      3.33240839
48    667        -8.24660455      3.73115518      3.27002969
49    667        -8.22031207      3.74107281      3.19995647
50    667        -8.17667140      3.68621489      3.13077515
51    667        -8.12073637      3.60389409      3.06648290
52    667        -8.05572632      3.52648727      3.00690700
53    667        -8.00028408      3.48734833      2.96726098
54    667        -7.95597860      3.48489620      2.92484688
55    667        -7.93229314      3.48534649      2.87163787
56    667        -7.94678681      3.46443221      2.81609170
57    667        -7.98399078      3.42310091      2.78070510
58    667        -8.01970507      3.39837276      2.77188794
59    667        -8.04450699      3.39924045      2.77693337
60    667        -8.06864367      3.40091959      2.79448537
61    667        -8.07840662      3.39122865      2.81774873
62    667        -8.07853155      3.37851821      2.86024132
63    667        -8.08088507      3.37582603      2.91783715
64    667        -8.09597176      3.40041379      2.95590900
65    667        -8.11590863      3.47158971      2.96595154
66    667        -8.11990716      3.55644275      2.99485311
67    667        -8.10202458      3.62285417      3.05284156
68    667        -8.11001215      3.67369694      3.11175874
69    667        -8.16308006      3.70559877      3.14973085
70    667        -8.24156099      3.72462333      3.19258569
71    667        -8.28998529      3.71786471      3.24907310
72    667        -8.29081359      3.67310240      3.30441536
73    667        -8.27393213      3.60182023      3.34273673
74    667        -8.27017439      3.56034248      3.35382540
75    667        -8.30666584      3.56538520      3.35438738
76    667        -8.36943989      3.56344956      3.33853243
77    667        -8.41741474      3.53145980      3.29714228
78    667        -8.42699147      3.48314720      3.22174102
79    667        -8.41944464      3.43653484      3.12617167
80    667        -8.40942655      3.40109578      3.04603233
81    667        -8.38221345      3.37227537      3.01112022
82    667        -8.33315322      3.33712917      2.97938149
83    667        -8.29772134      3.30373188      2.92321838
84    667        -8.31302238      3.26615888      2.84441959
85    667        -8.36140844      3.24282433      2.76310843
86    667        -8.41178942      3.23373034      2.68491703
87    667        -8.45289679      3.23989741      2.60800355
88    667        -8.50316896      3.26865769      2.54131065
89    667        -8.55591578      3.29837353      2.48413954
90    667        -8.59279238      3.31690329      2.44554213
91    667        -8.62769846      3.30466687      2.44112093
92    667        -8.67206773      3.29446456      2.45722110
93    667        -8.72444683      3.30779364      2.46137472
94    667        -8.76336047      3.35718537      2.44068997
95    667        -8.77959279      3.41616825      2.39126998
96    667        -8.78525966      3.46809509      2.32134931
97    667        -8.82156877      3.49537599      2.22347306
98    667        -8.88912289      3.48854193      2.09920671
99    667        -8.96385299      3.45538915      1.99462432
100   667        -9.01879373      3.40300551      1.94013136
101   667        -9.04921121      3.35570042      1.90823268
102   667        -9.06380862      3.33859038      1.87101781
103   667        -9.06193356      3.37136689      1.82577411
104   667        -9.04238678      3.44493696      1.77829138
105   667        -9.00101444      3.55025711      1.76017496
106   667        -8.95665521      3.66864541      1.77539458
107   667        -8.94005891      3.77591267      1.78872344
108   667        -8.94371605      3.86212330      1.78923397
109   667        -8.93525370      3.92440808      1.78248815
110   667        -8.93384990      3.95589466      1.77838330
111   667        -8.95876849      3.96751203      1.75142145
112   667        -9.01070465      3.96264305      1.70559870
113   667        -9.04791916      3.93871146      1.66052939
114   667        -9.05508619      3.91430082      1.63731360
115   667        -9.05639491      3.90511693      1.63601172
116   667        -9.05914246      3.91042896      1.64883794
117   667        -9.06669563      3.90348555      1.65344820
118   667        -9.04798873      3.90139732      1.63586547
119   667        -9.01623659      3.90161255      1.59138852
120   667        -8.97599328      3.88372070      1.51203714
121   667        -8.93032056      3.86145993      1.42529759
122   667        -8.88887662      3.83919950      1.36072128
123   667        -8.86611330      3.80879298      1.35298222
124   667        -8.87791990      3.79329405      1.37984103
125   667        -8.91130166      3.79284572      1.38716648
126   667        -8.93429881      3.78187736      1.40538115
127   667        -8.94078510      3.75944889      1.40669704
128   667        -8.92858939      3.72829022      1.38124781
129   667        -8.88507269      3.70492805      1.36238716
130   667        -8.83950645      3.68689194      1.36564924
131   667        -8.82308702      3.69516494      1.37660815
132   667        -8.82527604      3.72896897      1.37810839
133   667        -8.80853894      3.75779284      1.37919462
134   667        -8.78185565      3.75209721      1.40162675
135   667        -8.76863431      3.69782567      1.45170076
136   667        -8.77013101      3.63789076      1.50344283
137   667        -8.77509889      3.60648812      1.53640949
138   667        -8.76721566      3.61531179      1.54449305
139   667        -8.74000680      3.62989473      1.53512960
140   667        -8.66917697      3.63191991      1.50895846
141   667        -8.55682566      3.63532858      1.47408381
142   667        -8.41799700      3.65450910      1.44393408
143   667        -8.29002429      3.67641448      1.44436803
144   667        -8.19488167      3.68356172      1.48295945
145   667        -8.14755144      3.66923283      1.54837865
146   667        -8.13563565      3.64137883      1.63413447
147   667        -8.13248098      3.61531498      1.71862111
148   667        -8.13656534      3.59607822      1.78469302
149   667        -8.14615164      3.58236968      1.82725637
150   667        -8.15638677      3.56890779      1.85232110
151   667        -8.14221630      3.57456699      1.85067897
152   667        -8.10161141      3.60307431      1.83565324
153   667        -8.05399792      3.65936480      1.83028224
154   667        -8.02220789      3.71276155      1.82852685
155   667        -8.00230281      3.72882792      1.81243449
156   667        -7.98017141      3.71267324      1.78743521
157   667        -7.96040741      3.69684476      1.77954469
158   667        -7.94854258      3.70526523      1.79809431
159   667        -7.95222276      3.73001267      1.82751217
160   667        -7.96292483      3.75852074      1.84398787
161   667        -7.97313374      3.77572297      1.85984472
162   667        -7.98575587      3.78807408      1.88644387
163   667        -8.01224648      3.80360653      1.91427257
164   667        -8.04710035      3.82028050      1.91875977
165   667        -8.08786099      3.82921506      1.91438860
166   667        -8.13801956      3.82436291      1.92245385
167   667        -8.19680896      3.81486755      1.95257976
168   667        -8.23731241      3.80120209      1.98544123
169   667        -8.23782340      3.78691579      1.99210674
170   667        -8.21980141      3.77178286      1.97399756
171   667        -8.20975177      3.77021104      1.94274197
172   667        -8.21637174      3.77273598      1.91713111
173   667        -8.22911752      3.78205633      1.91102230
174   667        -8.25746086      3.80656754      1.92459486
175   667        -8.28469696      3.83517741      1.94418856
176   667        -8.31176918      3.83354129      1.96644447
177   667        -8.33033836      3.78633257      2.00146355
178   667        -8.34411565      3.73405255      2.01977623
179   667        -8.35017784      3.70535086      1.99154722
180   667        -8.33104034      3.70092222      1.92603506
181   667        -8.26823520      3.67680850      1.85809686
182   667        -8.19923659      3.62651133      1.82098333
183   667        -8.15717337      3.57950442      1.81715332
184   667        -8.12392614      3.56852118      1.81330583
185   667        -8.08943403      3.57351792      1.78793131
186   667        -8.07418598      3.58507439      1.75597410
187   667        -8.12790876      3.56494338      1.73044994
188   667        -8.22844047      3.49840853      1.70119704
189   667        -8.32487068      3.43048915      1.66576129
190   667        -8.39691748      3.39461780      1.63505691
191   667        -8.44581641      3.38849181      1.61790245
192   667        -8.49093127      3.38143203      1.61043611
193   667        -8.53309912      3.37786661      1.61402930
194   667        -8.57019184      3.38168593      1.61700739
195   667        -8.59592812      3.39117308      1.62949772
196   667        -8.60766491      3.38576295      1.66146485
197   667        -8.61172941      3.37435887      1.71439317
198   667        -8.60177559      3.36704614      1.77755992
199   667        -8.57047233      3.38070400      1.83420472
200   667        -8.51708034      3.44094900      1.86306315
201   667        -8.46750809      3.52189708      1.86787942
202   667        -8.41424642      3.60062448      1.85623562
203   667        -8.35103266      3.65439978      1.83772589
204   667        -8.29118659      3.68260150      1.80344627
205   667        -8.25897443      3.68859804      1.75677848
206   667        -8.24584007      3.67366610      1.72074900
207   667        -8.20230632      3.62423335      1.71231136
208   667        -8.14224679      3.52813573      1.75140269
209   667        -8.09339091      3.41659165      1.81618805
210   667        -8.05441667      3.32260118      1.87857128
211   667        -7.99121058      3.27477453      1.88868988
212   667        -7.89432556      3.26733242      1.83347194
213   667        -7.79375111      3.27711233      1.75494444
214   667        -7.73548209      3.27969123      1.68696876
215   667        -7.73599927      3.26823740      1.64565764
216   667        -7.76780860      3.24330797      1.62723215
217   667        -7.79376669      3.18894651      1.63123545
218   667        -7.82464155      3.12359353      1.66024662
219   667        -7.85176313      3.04553453      1.69616468
220   667        -7.86962858      2.97055697      1.69838297
221   667        -7.86060142      2.91797617      1.65384660
222   667        -7.80871385      2.90466230      1.58726182
223   667        -7.71862200      2.89160768      1.54303879
224   667        -7.61837304      2.86519430      1.54151811
225   667        -7.53584222      2.85132273      1.58788223
226   667        -7.47239716      2.86277147      1.65145312
227   667        -7.41407712      2.87292604      1.71282594
228   667        -7.34798370      2.88118421      1.73976076
229   667        -7.26753074      2.91858802      1.74241271
230   667        -7.17687795      2.98805318      1.68870734
231   667        -7.10057085      3.08831410      1.59173749
232   667        -7.03969883      3.18048017      1.52094993
233   667        -6.97885456      3.24439896      1.48612595
234   667        -6.89488791      3.28320283      1.48459947
235   667        -6.79652213      3.30800131      1.49638216
236   667        -6.72610338      3.31520668      1.53123251
237   667        -6.69568297      3.31723957      1.55433780
238   667        -6.67908089      3.35123391      1.53144906
239   667        -6.64223617      3.41950135      1.49679466
240   667        -6.57872638      3.48760852      1.47099654
241   667        -6.51616058      3.53429838      1.44704203
242   667        -6.48543638      3.58777572      1.42418509
243   667        -6.47936039      3.65412602      1.41531938
244   667        -6.48771435      3.71300566      1.41490467
245   667        -6.50452213      3.76918609      1.40360279
246   667        -6.52993208      3.83049381      1.38920469
247   667        -6.52827436      3.90661183      1.36412970
248   667        -6.49849319      3.98908469      1.33622439
249   667        -6.47122759      4.07622331      1.32364394
250   667        -6.46488557      4.17035290      1.33494072
251   667        -6.46113449      4.27584940      1.33581048
252   667        -6.43185123      4.38062308      1.30067280
253   667        -6.39485670      4.47543904      1.26295645
254   667        -6.34907209      4.56816195      1.26652009
255   667        -6.32461315      4.65910274      1.29707556
256   667        -6.34278478      4.74638157      1.30989758
257   667        -6.42569377      4.81032203      1.28555025
258   667        -6.53805419      4.84425924      1.24012534
259   667        -6.64020052      4.84468160      1.19967479
260   667        -6.71003912      4.83906830      1.16098130
261   667        -6.75033369      4.85569539      1.10642038
262   667        -6.77373571      4.88363606      1.05377100
263   667        -6.79131302      4.90662381      1.01851049
264   667        -6.81412383      4.92753406      1.00078365
265   667        -6.84342986      4.96560222      1.00253605
266   667        -6.87607706      5.00829450      1.03034785
267   667        -6.90587885      5.00994409      1.07110416
268   667        -6.93224222      4.96808859      1.10449119
269   667        -6.94160985      4.89957159      1.11621445
270   667        -6.95737400      4.85160580      1.11278828
271   667        -6.98911635      4.84513324      1.10686545
272   667        -7.02237606      4.85772058      1.10207832
273   667        -7.05212020      4.86236206      1.08817627
274   667        -7.07985129      4.85825180      1.07519774
275   667        -7.10135511      4.86693395      1.07613961
276   667        -7.10701456      4.89457327      1.08997819
277   667        -7.10054779      4.91993911      1.10371308
278   667        -7.07306338      4.91502007      1.08893167
279   667        -7.01844354      4.88493234      1.03604205
280   667        -6.92719217      4.84234178      0.95758449
281   667        -6.82834376      4.80575850      0.86018868
282   667        -6.75946424      4.76560267      0.75632644
283   667        -6.72391849      4.72361454      0.69045896
284   667        -6.68530380      4.68249549      0.70311426
285   667        -6.62733932      4.66728087      0.75253874
286   667        -6.56931219      4.70956369      0.77903554
287   667        -6.53548665      4.79400951      0.77225076
288   667        -6.53381779      4.88363363      0.75867701
289   667        -6.54385285      4.93128550      0.74624496
290   667        -6.57030960      4.92962942      0.74659476
291   667        -6.62832211      4.88615912      0.76321977
292   667        -6.72646514      4.82614625      0.79159335
293   667        -6.84520290      4.77053222      0.81730643
294   667        -6.93846632      4.75423118      0.84830672
295   667        -6.97291991      4.77779854      0.90060609
296   667        -6.98028085      4.81972767      0.96483819
297   667        -6.99819689      4.85971600      1.01462421
298   667        -7.04871446      4.87938168      1.05240415
299   667        -7.13105229      4.88101102      1.07675847
300   667        -7.22394856      4.88008770      1.07117875
301   667        -7.30830560      4.91151782      1.04445881
302   667        -7.38930219      4.96590425      1.01019300
303   667        -7.48061523      4.99788422      0.97667463
304   667        -7.56937296      4.99776845      0.94141960
305   667        -7.61627197      5.00557517      0.90069916
306   667        -7.59660897      5.04976032      0.86940269
307   667        -7.55233855      5.08998281      0.85515331
308   667        -7.50483507      5.10907791      0.86234509
309   667        -7.46007462      5.11069997      0.89964383
310   667        -7.41755580      5.11973405      0.94241133
311   667        -7.37919147      5.12420389      0.95588021
312   667        -7.34520760      5.10990599      0.93956303
313   667        -7.31097328      5.07167989      0.91093333
314   667        -7.27034654      5.02441491      0.88117041
315   667        -7.20400627      4.99945445      0.85369410
316   667        -7.12010123      4.98424684      0.84070926
317   667        -7.03730793      4.96668408      0.84144807
318   667        -6.97168620      4.96047539      0.84624703
319   667        -6.90924502      4.95901495      0.82916453
320   667        -6.84749260      4.95225383      0.79406205
321   667        -6.81685041      4.92726021      0.75020768
322   667        -6.83406729      4.87681707      0.69502110
323   667        -6.87622697      4.81883236      0.64282707
324   667        -6.89422835      4.77981138      0.61798646
325   667        -6.88023479      4.78082711      0.63103274
326   667        -6.84936777      4.80296773      0.64834948
327   667        -6.85585321      4.82072885      0.65294487
328   667        -6.89208137      4.83974975      0.63386017
329   667        -6.91686447      4.88113358      0.61580122
330   667        -6.91891354      4.94225871      0.61602786
331   667        -6.91950326      5.00500898      0.65590993
332   667        -6.93685372      5.05307518      0.73845440
333   667        -6.96498567      5.07644069      0.83546643
334   667        -6.99772894      5.09991753      0.90410893
335   667        -6.99612213      5.13010079      0.94547159
336   667        -6.96115864      5.14264626      0.95621678
337   667        -6.93589165      5.11075562      0.91137842
338   667        -6.93551952      5.06225863      0.84946141
339   667        -6.93017845      5.03453313      0.80538041
340   667        -6.90498449      5.04542162      0.78732250
341   667        -6.87326671      5.05399465      0.77688636
342   667        -6.84769275      5.05155420      0.76901021
343   667        -6.85404406      5.05715645      0.77632222
344   667        -6.88928713      5.06722315      0.78606995
345   667        -6.92213103      5.07059425      0.77797122
346   667        -6.93248435      5.07539332      0.75754620
347   667        -6.94936775      5.06970280      0.73630108
348   667        -6.99960551      5.03668023      0.71618284
349   667        -7.06760239      4.99334391      0.68773129
350   667        -7.11152538      4.93125588      0.64783704
351   667        -7.13269579      4.87461122      0.60459599
352   667        -7.13868087      4.83490818      0.56471299
353   667        -7.13834525      4.81004286      0.50706018
354   667        -7.13093422      4.78956165      0.41900619
355   667        -7.13742998      4.78642059      0.30773168
356   667        -7.16051160      4.79095785      0.23326321
357   667        -7.17462486      4.79208770      0.22429227
358   667        -7.18635020      4.79145901      0.24575619
359   667        -7.19843072      4.82240345      0.26178510
360   667        -7.21669759      4.89087239      0.26444619
361   667        -7.23940802      4.96280267      0.24782395
362   667        -7.25813380      5.00109362      0.19058955
363   667        -7.26823288      4.99320442      0.12451374
364   667        -7.26422697      4.95715821      0.07922696
365   667        -7.24105793      4.90494937      0.05705411
366   667        -7.18921163      4.84656279      0.05848353
367   667        -7.12836669      4.78101424      0.06982578
368   667        -7.09176718      4.72379897      0.09000063
369   667        -7.09592633      4.68268682      0.11197883
370   667        -7.12931812      4.65435358      0.13445663
371   667        -7.15668681      4.64737818      0.13718523
372   667        -7.15387345      4.65185821      0.12101261
373   667        -7.12609907      4.66804051      0.08055951
374   667        -7.09441171      4.68127932      0.02684693
375   667        -7.06609984      4.68166506     -0.00753579
376   667        -7.04368282      4.67024447      0.01386365
377   667        -7.00735658      4.64817062      0.09339183
378   667        -6.96936484      4.63137261      0.16054797
379   667        -6.94876062      4.63724335      0.18488044
380   667        -6.94996822      4.66106664      0.18874821
381   667        -6.95756342      4.70189753      0.18836649
382   667        -6.94515903      4.75375126      0.18525633
383   667        -6.91325290      4.81104020      0.17368461
384   667        -6.88954159      4.85822896      0.15202757
385   667        -6.89148437      4.86642444      0.14238303
386   667        -6.92356637      4.83804622      0.14134325
387   667        -6.96651970      4.79915896      0.14301179
388   667        -7.01736199      4.77332531      0.14834274
389   667        -7.05921599      4.74843012      0.13591140
390   667        -7.08653287      4.71998831      0.09460548
391   667        -7.10956233      4.68828065      0.03367435
392   667        -7.14224464      4.65345316     -0.02219348
393   667        -7.18090008      4.63145016     -0.07611455
394   667        -7.21109764      4.61276954     -0.11930119
395   667        -7.21152795      4.59126714     -0.13813028
396   667        -7.18220787      4.56470265     -0.14159637
397   667        -7.13270752      4.53672334     -0.13779396
398   667        -7.09033967      4.52044997     -0.11984301
399   667        -7.05594652      4.51108752     -0.07922607
400   667        -7.01774863      4.49853607     -0.02740995
401   667        -6.98239468      4.46198560      0.00334913
402   667        -6.98596947      4.41259254      0.00372938
403   667        -7.02667260      4.35456206     -0.00499257
404   667        -7.07807261      4.28930979     -0.02255120
405   667        -7.10118615      4.23300768     -0.04238973
406   667        -7.09269572      4.19733741     -0.04879149
407   667        -7.06262287      4.20241832     -0.04681826
408   667        -7.02576055      4.22566690     -0.04063869
409   667        -6.99750884      4.26245949     -0.01995949
410   667        -6.99669928      4.28918092      0.01400548
411   667        -7.01183854      4.30458125      0.06531059
412   667        -7.02970076      4.29126271      0.10720248
413   667        -7.03778604      4.26338675      0.13315383
414   667        -7.02105510      4.25370668      0.14188042
415   667        -7.00702336      4.26990042      0.12953246
416   667        -6.99943227      4.31536388      0.08579591
417   667        -6.99402095      4.36696450      0.03132460
418   667        -6.95485945      4.40415161     -0.04017159
419   667        -6.92831617      4.43476109     -0.12738703
420   667        -6.95546757      4.48387061     -0.18928900
421   667        -7.01749580      4.50801054     -0.21737665
422   667        -7.05845968      4.49188479     -0.20636158
423   667        -7.08197096      4.44062654     -0.19921543
424   667        -7.11649560      4.39855156     -0.21938939
425   667        -7.15385714      4.36820593     -0.27303009
426   667        -7.15149468      4.33712619     -0.34197826
427   667        -7.10686374      4.32486431     -0.40523854
428   667        -7.04138689      4.32928461     -0.42667922
429   667        -6.94122450      4.34674561     -0.40088567
430   667        -6.82901736      4.36715926     -0.38050647
431   667        -6.72508715      4.38232607     -0.40203119
432   667        -6.64158965      4.37512807     -0.44265591
433   667        -6.57373153      4.36505379     -0.46528177
434   667        -6.51565057      4.36250791     -0.46718901
435   667        -6.47194612      4.35280952     -0.46742381
436   667        -6.43513589      4.32094845     -0.47237234
437   667        -6.42913729      4.29387835     -0.45485282
438   667        -6.44344382      4.28880617     -0.41554690
439   667        -6.47816312      4.29540820     -0.37225929
440   667        -6.51550388      4.29514414     -0.36053296
441   667        -6.52364452      4.29708733     -0.37698003
442   667        -6.49682021      4.30229713     -0.39896256
443   667        -6.46200340      4.30862795     -0.42131336
444   667        -6.45155598      4.32197226     -0.43358870
445   667        -6.45196421      4.32587210     -0.40180158
446   667        -6.44283850      4.31778286     -0.32073280
447   667        -6.42466949      4.30244361     -0.23523497
448   667        -6.41548063      4.28337448     -0.18190565
449   667        -6.43087460      4.26889034     -0.15399397
450   667        -6.46466525      4.25001584     -0.13641489
451   667        -6.50534973      4.23027827     -0.13233689
452   667        -6.56402450      4.24073625     -0.15509879
453   667        -6.62630729      4.29449897     -0.20058522
454   667        -6.65746486      4.34104718     -0.21910491
455   667        -6.65386575      4.33726421     -0.18099822
456   667        -6.63867246      4.31798681     -0.09462298
457   667        -6.65572371      4.32343817     -0.01072164
458   667        -6.69786606      4.34617430      0.04805928
459   667        -6.74414877      4.36967434      0.07674531
460   667        -6.80173036      4.38793967      0.09128556
461   667        -6.87614486      4.41857817      0.10595463
462   667        -6.94729313      4.44931060      0.12068679
463   667        -6.98321668      4.45218283      0.14363179
464   667        -6.99410158      4.43848963      0.19137393
465   667        -7.00304236      4.43198928      0.25266110
466   667        -7.03098612      4.41376683      0.28150353
467   667        -7.05211957      4.38406170      0.27217677
468   667        -7.06344251      4.35707973      0.25376403
469   667        -7.08078630      4.36127125      0.24155474
470   667        -7.10464622      4.39998107      0.23530421
471   667        -7.14443024      4.44945666      0.24003562
472   667        -7.19161551      4.49638424      0.25048137
473   667        -7.23132471      4.54054929      0.25234748
474   667        -7.23090092      4.58007884      0.25349849
475   667        -7.21346292      4.60525376      0.27532939
476   667        -7.19136800      4.63153326      0.32431114
477   667        -7.18703874      4.66329804      0.37112059
478   667        -7.18829645      4.69003215      0.38935311
479   667        -7.18464756      4.70537602      0.38521766
480   667        -7.16972627      4.73877595      0.36714896
481   667        -7.12996384      4.78185889      0.35836002
482   667        -7.06226840      4.81657302      0.37485723
483   667        -6.99179184      4.85861328      0.40075510
484   667        -6.93560840      4.90357887      0.41380852
485   667        -6.88168794      4.92616060      0.41432060
486   667        -6.84504599      4.89959568      0.39226888
487   667        -6.81718430      4.85658056      0.34818349
488   667        -6.79920477      4.83613217      0.29798638
489   667        -6.76715224      4.84537314      0.25733540
490   667        -6.73135945      4.86445607      0.22718616
491   667        -6.71616071      4.90527610      0.21401529
492   667        -6.72258858      4.95493468      0.22353650
493   667        -6.71491805      4.98022217      0.22078956
494   667        -6.68204090      4.97545605      0.17950055
495   667        -6.65639066      4.96323140      0.11369933
496   667        -6.64319006      4.96392025      0.07896151
497   667        -6.65637919      4.96506192      0.07982140
498   667        -6.68363306      4.97141619      0.08076501
499   667        -6.73471769      4.97778319      0.07863762
500   667        -6.77611341      4.98225570      0.09124569
501   667        -6.78590125      4.96877415      0.10796231
502   667        -6.77580873      4.95588334      0.09587670
503   667        -6.77555679      4.95495850      0.07137877
504   667        -6.77639580      4.95233110      0.06455427
505   667        -6.77221098      4.93807878      0.08305309
506   667        -6.75620068      4.92019845      0.08777846
507   667        -6.74578469      4.91220582      0.09348234
508   667        -6.75794571      4.88894874      0.12516412
509   667        -6.78181039      4.87528493      0.18601239
510   667        -6.78545400      4.88060633      0.22849488
511   667        -6.76655824      4.91591028      0.26674779
512   667        -6.75035062      4.97414298      0.31596394
513   667        -6.74333495      5.04474680      0.35931395
514   667        -6.75234198      5.12126674      0.38218309
515   667        -6.77382439      5.17963731      0.39347698
516   667        -6.79648536      5.19996426      0.39278891
517   667        -6.82722812      5.17877678      0.36810685
518   667        -6.85395945      5.13004434      0.32472168
519   667        -6.86154207      5.07014669      0.27121385
520   667        -6.84615232      5.03556070      0.23209678
521   667        -6.78598759      5.03826188      0.25034822
522   667        -6.70332764      5.07799333      0.33568701
523   667        -6.64427248      5.13011081      0.43259900
524   667        -6.63130122      5.17253408      0.50693855
525   667        -6.66353402      5.19008946      0.56078142
526   667        -6.72931800      5.19403954      0.60126069
527   667        -6.82976308      5.19354291      0.61625015
528   667        -6.95266750      5.18831718      0.60738163
529   667        -7.06561928      5.19233478      0.59028593
530   667        -7.10774909      5.21234391      0.57113686
531   667        -7.07903471      5.26876164      0.56899672
532   667        -7.02673709      5.33919839      0.57164533
533   667        -6.98809465      5.39727085      0.55841371
534   667        -6.97655897      5.42295557      0.53521876
535   667        -6.99667447      5.44735257      0.51392504
536   667        -7.00918481      5.48473980      0.47320258
537   667        -7.01331698      5.50367489      0.42137036
538   667        -7.00789842      5.49509116      0.38067681
539   667        -7.00767934      5.48229330      0.35249372
540   667        -7.00908420      5.48874399      0.34521719
541   667        -6.99839116      5.49474415      0.35769873
542   667        -6.99462172      5.49507515      0.38970427
543   667        -6.99889582      5.49251096      0.45606835
544   667        -7.00442599      5.50021233      0.55276528
545   667        -7.01538224      5.51822456      0.64578713
546   667        -7.04890262      5.53264488      0.70541301
547   667        -7.08729204      5.55338543      0.74642523
548   667        -7.11637291      5.58295607      0.80568632
549   667        -7.11792285      5.58805850      0.88127000
550   667        -7.09757804      5.55737655      0.94058784
551   667        -7.08744478      5.51436096      0.97920564
552   667        -7.11732387      5.48869236      1.00894487
553   667        -7.18167977      5.47603880      1.03700534
554   667        -7.24757159      5.45810482      1.06262136
555   667        -7.29270714      5.44718642      1.08869420
556   667        -7.31742043      5.47339295      1.12442621
557   667        -7.34953369      5.52649352      1.17339412
558   667        -7.40532848      5.57571733      1.22343997
559   667        -7.46551579      5.61189866      1.27006656
560   667        -7.50530054      5.63437661      1.32513127
561   667        -7.54061772      5.65141144      1.39176690
562   667        -7.59022829      5.67145395      1.45612136
563   667        -7.65863317      5.69502530      1.50364797
564   667        -7.71297368      5.71259503      1.53269367
565   667        -7.73745333      5.73954578      1.53244144
566   667        -7.73045605      5.78098520      1.50406752
567   667        -7.71616546      5.82232230      1.44228664
568   667        -7.70698692      5.83498395      1.36602190
569   667        -7.68437506      5.82451141      1.29731547
570   667        -7.63445204      5.80939159      1.27000266
571   667        -7.59482213      5.78943875      1.28261222
572   667        -7.61613145      5.76150787      1.31680012
573   667        -7.68315671      5.73046965      1.37005023
574   667        -7.74424182      5.69693771      1.44298557
575   667        -7.76623578      5.63976680      1.52632266
576   667        -7.78052024      5.57582863      1.61523766
577   667        -7.80397112      5.50609469      1.70903479
578   667        -7.82897086      5.44118249      1.79752946
579   667        -7.85207723      5.37681184      1.86296231
580   667        -7.88197653      5.32573185      1.91429221
581   667        -7.91663263      5.29249959      1.96060293
582   667        -7.95077226      5.26870194      1.98514183
583   667        -7.99918994      5.24006292      1.98476541
584   667        -8.05162634      5.20280337      1.97990358
585   667        -8.09888537      5.14636881      1.97552740
586   667        -8.15049352      5.08207875      1.95409328
587   667        -8.20702123      5.03889113      1.89993867
588   667        -8.24770719      5.02176789      1.82723615
589   667        -8.26280385      5.01307959      1.75302567
590   667        -8.28639823      5.01354666      1.67857651
591   667        -8.35160876      5.04063370      1.60682618
592   667        -8.43757011      5.10084413      1.56710464
593   667        -8.51432792      5.19163632      1.54905754
594   667        -8.56366793      5.25857755      1.53700521
595   667        -8.58787515      5.26622683      1.52989878
596   667        -8.58302362      5.24884095      1.53806873
597   667        -8.55766253      5.25030716      1.55368259
598   667        -8.52036353      5.27606581      1.55020483
599   667        -8.52449961      5.28428425      1.54308445
600   667        -8.57586989      5.25613252      1.56940498
601   667        -8.64227758      5.20150024      1.61842519
602   667        -8.71095198      5.14179823      1.65314032
603   667        -8.75524062      5.09939748      1.67725274
604   667        -8.76920629      5.08287446      1.71603667
605   667        -8.76371042      5.06571638      1.75266121
606   667        -8.76111645      5.03717747      1.75880785
607   667        -8.77853058      5.01257542      1.72234585
608   667        -8.80121604      5.00350548      1.66965454
609   667        -8.82121987      4.99718140      1.62516230
610   667        -8.83029301      5.01627740      1.57035946
611   667        -8.83445950      5.05124998      1.49737705
612   667        -8.81740907      5.07744695      1.43943928
613   667        -8.76149756      5.08706089      1.41576672
614   667        -8.69341979      5.07360328      1.39387284
615   667        -8.61189801      5.01437862      1.35171006
616   667        -8.52467550      4.93117891      1.30412994
617   667        -8.45940441      4.86204091      1.28016966
618   667        -8.45928983      4.82326154      1.27175083
619   667        -8.51069318      4.80494857      1.27897499
620   667        -8.55830268      4.78155142      1.29821006
621   667        -8.58068742      4.74957028      1.33133895
622   667        -8.56661224      4.72017178      1.37220166
623   667        -8.52899112      4.70818199      1.41492901
624   667        -8.45718953      4.68687376      1.44463274
625   667        -8.37527951      4.63161043      1.44452824
626   667        -8.32532999      4.54880326      1.43606130
627   667        -8.33356366      4.47648117      1.43291563
628   667        -8.38373986      4.42707564      1.43768550
629   667        -8.42555774      4.37977905      1.47205277
630   667        -8.42244368      4.32624447      1.53342360
631   667        -8.38192131      4.27938016      1.58593910
632   667        -8.33771497      4.25503994      1.60673235
633   667        -8.30733659      4.25239158      1.60729998
634   667        -8.28447695      4.26313826      1.61304383
635   667        -8.26196464      4.26538118      1.63794435
636   667        -8.25097518      4.25683194      1.66985244
637   667        -8.26602848      4.24775093      1.70579598
638   667        -8.28935369      4.21421451      1.74781031
639   667        -8.28564574      4.14679430      1.79321055
640   667        -8.25738806      4.06678162      1.84444095
641   667        -8.19923973      4.00700557      1.88582789
642   667        -8.12809133      3.97830732      1.92119806
643   667        -8.06046418      3.96709036      1.95758350
644   667        -8.03179514      3.94975808      1.99824063
645   667        -8.04534198      3.91429479      2.04435645
646   667        -8.09398437      3.84990446      2.09879821
647   667        -8.15965275      3.76112070      2.15384812
648   667        -8.24678662      3.66845832      2.18982629
649   667        -8.34562416      3.58236951      2.19905052
650   667        -8.43724855      3.52185172      2.20430406
651   667        -8.51953535      3.51716917      2.22243792
652   667        -8.58416455      3.57113755      2.24769373
653   667        -8.62799285      3.62628381      2.28570403
654   667        -8.63148656      3.63510429      2.34452010
655   667        -8.61537691      3.63287769      2.41579223
656   667        -8.59835842      3.64009092      2.47342168
657   667        -8.59442582      3.64552083      2.51326699
658   667        -8.59587079      3.63381063      2.53591717
659   667        -8.60115686      3.62458343      2.54137974
660   667        -8.62375163      3.64895301      2.53740032
661   667        -8.67162408      3.71948679      2.53767648
662   667        -8.72997459      3.79851554      2.55999934
663   667        -8.75213651      3.84489061      2.60727379
664   667        -8.75605983      3.87183482      2.66146383
665   667        -8.76208668      3.91585002      2.69027001
666   667        -8.76802382      3.98316038      2.67354647
667   667        -8.77819305      4.06369902      2.63036097
668   667        -8.76981506      4.13745660      2.58390084
669   667        -8.73025965      4.20080744      2.54614554
670   667        -8.68565791      4.25283609      2.52940137
671   667        -8.67671600      4.28500709      2.54602337
672   667        -8.69305286      4.29218313      2.58436172
673   667        -8.69546372      4.26345283      2.62995949
674   667        -8.65588350      4.21714527      2.67572174
675   667        -8.58566019      4.16559456      2.72315806
676   667        -8.52083955      4.14161881      2.76939226
677   667        -8.48241878      4.15767959      2.80330973
678   667        -8.47729282      4.20238702      2.82270583
679   667        -8.49683036      4.25294684      2.84217752
680   667        -8.52227936      4.29474791      2.85916404
681   667        -8.52947875      4.32066396      2.86216116
682   667        -8.50198372      4.31555418      2.87277212
683   667        -8.45842956      4.28663269      2.90192104
684   667        -8.44772352      4.21600732      2.94053437
685   667        -8.46014986      4.13699299      2.98404777
686   667        -8.44880533      4.09039271      3.03349328
687   667        -8.39894877      4.07984315      3.08779113
688   667        -8.33296944      4.08631770      3.13915588
689   667        -8.28051574      4.09356642      3.17746786
690   667        -8.25048287      4.09944309      3.18955915
691   667        -8.23910824      4.11500773      3.18084432
692   667        -8.24474947      4.14987484      3.15936557
693   667        -8.28107722      4.17736578      3.13891134
694   667        -8.34278858      4.19148918      3.12307784
695   667        -8.40700423      4.18943221      3.10041152
696   667        -8.43408812      4.18379686      3.06356270
697   667        -8.40462252      4.18955152      3.01694027
698   667        -8.34323223      4.20601643      2.96242089
699   667        -8.29934249      4.21783977      2.90533249
700   667        -8.29244735      4.21567673      2.87804345
701   667        -8.31765467      4.19811240      2.85715318
702   667        -8.34773838      4.16835744      2.81775494
703   667        -8.34676315      4.15132332      2.77601046
704   667        -8.31098601      4.15851062      2.73910964
705   667        -8.26342982      4.17575648      2.69614542
706   667        -8.21451501      4.19030122      2.64947280
707   667        -8.14730929      4.19896402      2.60798911
708   667        -8.06188370      4.20345188      2.58439585
709   667        -7.97371528      4.20430007      2.56106500
710   667        -7.90596573      4.20799171      2.52300509
711   667        -7.86108123      4.22186811      2.47748791
712   667        -7.83376060      4.25787504      2.41915102
713   667        -7.79309681      4.31090864      2.35036336
714   667        -7.73332529      4.36961943      2.27790002
715   667        -7.68085166      4.40760951      2.21004057
716   667        -7.66030224      4.39953901      2.15397082
717   667        -7.67006903      4.35826709      2.11266987
718   667        -7.66284781      4.29389087      2.07470448
719   667        -7.63505804      4.22475247      2.03933712
720   667        -7.61465400      4.17929695      2.01629252
721   667        -7.61976893      4.16148296      2.00382930
722   667        -7.62613322      4.14583003      1.99441400
723   667        -7.59006129      4.13054643      1.98482323
724   667        -7.52978316      4.12202115      1.96196649
725   667        -7.47494158      4.12362030      1.91880942
726   667        -7.45538255      4.12008402      1.87529650
727   667        -7.46640409      4.09075555      1.85170082
728   667        -7.46629690      4.04461367      1.84360810
729   667        -7.45962989      3.98953644      1.85812775
730   667        -7.47413777      3.93236543      1.89730698
731   667        -7.49768289      3.90820533      1.93647087
732   667        -7.48984694      3.93148687      1.94979007
733   667        -7.45044601      3.98438823      1.94405711
734   667        -7.42770048      4.03943577      1.95443769
735   667        -7.46977572      4.10018791      1.96234743
736   667        -7.56056359      4.17451581      1.96604941
737   667        -7.63757772      4.25674424      1.96488894
738   667        -7.65586997      4.34477433      1.97296205
739   667        -7.66003180      4.40865176      2.01235793
740   667        -7.66812709      4.43446189      2.05048789
741   667        -7.68037947      4.44111119      2.07385433
742   667        -7.67827963      4.43281320      2.08066318
743   667        -7.66890027      4.39681248      2.09892105
744   667        -7.66946400      4.35909726      2.13174348
745   667        -7.67985161      4.35892145      2.16667129
746   667        -7.67809710      4.42202999      2.17788480
747   667        -7.66089639      4.52771131      2.16008737
748   667        -7.63634264      4.62237572      2.13185007
749   667        -7.61606606      4.67879925      2.10701496
750   667        -7.59969939      4.69768031      2.08878792
751   667        -7.58031933      4.68573190      2.07254524
752   667        -7.56706162      4.66220914      2.06965040
753   667        -7.55420217      4.65125922      2.06253860
754   667        -7.54148903      4.64629408      2.04403079
755   667        -7.53323609      4.62655843      2.02251539
756   667        -7.52944928      4.60566368      2.01497416
757   667        -7.52327712      4.60906272      2.02921144
758   667        -7.50284523      4.62113729      2.05650755
759   667        -7.48175909      4.63553318      2.07227734
760   667        -7.47134599      4.66194659      2.07149697
761   667        -7.46144637      4.69592804      2.07240584
762   667        -7.42240583      4.71072526      2.08295567
763   667        -7.35374319      4.70220292      2.11405196
764   667        -7.28628434      4.68916527      2.15648611
765   667        -7.24912373      4.66995103      2.19088045
766   667        -7.25127032      4.64388695      2.21587895
767   667        -7.27870050      4.60790931      2.23844438
768   667        -7.30365478      4.57153707      2.25359147
769   667        -7.30048522      4.54744554      2.25217913
770   667        -7.27454268      4.53033740      2.23749548
771   667        -7.24241822      4.50202886      2.21712322
772   667        -7.22228185      4.45724113      2.20313863
773   667        -7.21017829      4.40612949      2.20302310
774   667        -7.20457593      4.37981913      2.21274280
775   667        -7.22049562      4.39671976      2.20547899
776   667        -7.23889843      4.43782813      2.19136603
777   667        -7.24538536      4.47158332      2.19729418
778   667        -7.24313441      4.46484683      2.21146523
779   667        -7.23599054      4.42389233      2.20566528
780   667        -7.23097138      4.37166995      2.16984011
781   667        -7.21496022      4.34817771      2.12492288
782   667        -7.16987951      4.35171064      2.07132012
783   667        -7.10326434      4.34998196      2.01347393
784   667        -7.05344738      4.30905377      1.96836891
785   667        -7.04534502      4.22256053      1.93751225
786   667        -7.07686373      4.13189619      1.89824777
787   667        -7.14667244      4.06253381      1.83945524
788   667        -7.20363450      4.02113341      1.78129929
789   667        -7.20984823      4.00592766      1.73863196
790   667        -7.18459350      4.01097983      1.69457815
791   667        -7.16929819      4.00829134      1.64005073
792   667        -7.17438705      3.99454192      1.58988414
793   667        -7.17569459      3.96959293      1.56169688
794   667        -7.16891515      3.94093677      1.56637809
795   667        -7.17701341      3.90782822      1.57976076
796   667        -7.19571761      3.85872003      1.57970397
797   667        -7.23027595      3.80535369      1.55880004
798   667        -7.27602429      3.75926876      1.53490050
799   667        -7.33399915      3.71544005      1.51179971
800   667        -7.39823287      3.67626929      1.50004117
801   667        -7.43826364      3.67258877      1.50112096
802   667        -7.46678234      3.68968016      1.50863272
803   667        -7.50305346      3.70547329      1.52162336
804   667        -7.54881320      3.69283807      1.53659627
805   667        -7.57983703      3.67580815      1.53800094
806   667        -7.58168636      3.68594798      1.52010320
807   667        -7.55971071      3.72654061      1.50871198
808   667        -7.55644624      3.78188325      1.49457405
809   667        -7.61054759      3.84637698      1.45151210
810   667        -7.69889072      3.89879314      1.39102032
811   667        -7.76076234      3.92034784      1.32762131
812   667        -7.79522309      3.93574936      1.30147113
813   667        -7.83890661      3.96045464      1.33096505
814   667        -7.90085934      3.98938926      1.41027657
815   667        -7.94535659      3.99312619      1.50752821
816   667        -7.94855589      3.97292623      1.56989157
817   667        -7.92883283      3.96703167      1.58306740
818   667        -7.91940152      3.99584692      1.57864362
819   667        -7.93850742      4.05386225      1.57328303
820   667        -7.97080735      4.12931962      1.55715065
821   667        -7.99919305      4.19413085      1.52399946
822   667        -8.01618443      4.21153937      1.47790724
823   667        -8.03528443      4.18398113      1.43049516
824   667        -8.06063176      4.15304058      1.40100526
825   667        -8.07028202      4.15305776      1.41025312
826   667        -8.06256723      4.19790251      1.44173700
827   667        -8.02335910      4.27385641      1.46987852
828   667        -7.96104043      4.35911235      1.45585917
829   667        -7.89976413      4.42103762      1.39737798
830   667        -7.86856246      4.46072894      1.32005203
831   667        -7.85515138      4.51909333      1.26184920
832   667        -7.85996583      4.60281121      1.24013663
833   667        -7.88182038      4.67672497      1.24943581
834   667        -7.90360120      4.71372029      1.26680428
835   667        -7.92627754      4.71138082      1.26832529
836   667        -7.95372217      4.70485292      1.25900646
837   667        -7.97116780      4.71232024      1.25049781
838   667        -7.94034092      4.73019051      1.25606828
839   667        -7.90384348      4.73681517      1.26070194
840   667        -7.86729301      4.73984510      1.26235757
841   667        -7.84586010      4.76596945      1.25605194
842   667        -7.85587967      4.80250505      1.24629366
843   667        -7.88365126      4.83199182      1.24068193
844   667        -7.90798946      4.83131203      1.22587236
845   667        -7.92006492      4.80834931      1.20670534
846   667        -7.91353740      4.78249937      1.18639610
847   667        -7.91910701      4.75401396      1.16220033
848   667        -7.95833461      4.73015926      1.12795186
849   667        -8.01118876      4.73852761      1.07649424
850   667        -8.07185749      4.74929939      1.00641411
851   667        -8.11286739      4.73969991      0.94363553
852   667        -8.10323131      4.70280131      0.89530788
853   667        -8.07138880      4.67922661      0.86980083
854   667        -8.04954899      4.67358814      0.87792327
855   667        -8.06564206      4.66309615      0.90755699
856   667        -8.10418828      4.63628700      0.93394828
857   667        -8.15327395      4.60856754      0.95600720
858   667        -8.19180081      4.59132849      0.95842261
859   667        -8.24489911      4.57079938      0.95362982
860   667        -8.28343189      4.52621931      0.93216373
861   667        -8.28829474      4.45730453      0.91710615
862   667        -8.25916741      4.39444406      0.92578376
863   667        -8.23323468      4.37728835      0.94678476
864   667        -8.21350589      4.40108673      0.96105319
865   667        -8.18259337      4.42119111      0.95692212
866   667        -8.15935462      4.41789596      0.94228496
867   667        -8.15924241      4.39159036      0.90380707
868   667        -8.20155158      4.37593812      0.85256373
869   667        -8.23189485      4.35726926      0.80630160
870   667        -8.23303917      4.32431251      0.79263125
871   667        -8.22946030      4.26185081      0.80399988
872   667        -8.26664964      4.19941234      0.81019941
873   667        -8.31118295      4.16724412      0.78918789
874   667        -8.33467817      4.14419593      0.75420265
875   667        -8.32632531      4.11342378      0.71776060
876   667        -8.30555190      4.07623883      0.69875355
877   667        -8.30706868      4.06032265      0.69967971
878   667        -8.33714903      4.07605640      0.70016873
879   667        -8.38738392      4.11004651      0.70734118
880   667        -8.41000865      4.13773633      0.73720951
881   667        -8.39628680      4.15268742      0.77165851
882   667        -8.37705278      4.15642120      0.77730591
883   667        -8.37266120      4.16061781      0.76136695
884   667        -8.37505398      4.16616552      0.73333674
885   667        -8.39067949      4.17523101      0.70035899
886   667        -8.41955050      4.18719832      0.67961481
887   667        -8.42537813      4.20004426      0.67545595
888   667        -8.39444778      4.22268850      0.66015450
889   667        -8.34791772      4.26207972      0.62939751
890   667        -8.30102842      4.32303771      0.58851911
891   667        -8.24404336      4.38260815      0.54631376
892   667        -8.17342347      4.43347322      0.51843525
893   667        -8.09973365      4.46104049      0.51298198
894   667        -8.04086797      4.47769911      0.52236223
895   667        -7.99000497      4.49623554      0.51363861
896   667        -7.95269213      4.52763626      0.48676545
897   667        -7.91472505      4.54658313      0.46802155
898   667        -7.87499712      4.55478973      0.46966802
899   667        -7.85513195      4.56042629      0.47754703
900   667        -7.85940721      4.56236466      0.48347775
901   667        -7.86065867      4.55804084      0.48747922
902   667        -7.83292427      4.55923157      0.50009503
903   667        -7.76320330      4.58260908      0.51685455
904   667        -7.70545455      4.61810448      0.52066627
905   667        -7.68441535      4.65644217      0.52890651
906   667        -7.65794916      4.69847283      0.56535224
907   667        -7.62216753      4.75983131      0.62391782
908   667        -7.59923389      4.84063191      0.66628138
909   667        -7.58139065      4.91990522      0.70343131
910   667        -7.56350238      4.96665841      0.76300673
911   667        -7.54602306      4.99816356      0.83417561
912   667        -7.54631232      5.00440988      0.89916678
913   667        -7.56382143      4.98817744      0.95946004
914   667        -7.58179100      4.95441925      1.02638331
915   667        -7.60436575      4.90592342      1.09836314
916   667        -7.62525884      4.86295407      1.14676037
917   667        -7.63732454      4.83122414      1.17866117
918   667        -7.64778882      4.82017105      1.23139281
919   667        -7.67073111      4.80167479      1.31943434
920   667        -7.69868029      4.76775965      1.40924554
921   667        -7.73149188      4.72067394      1.48578977
922   667        -7.77053917      4.68445901      1.54047909
923   667        -7.80665585      4.67177794      1.58661474
924   667        -7.83400368      4.66519667      1.62581763
925   667        -7.84579266      4.64521141      1.66062973
926   667        -7.83579185      4.61623302      1.69681261
927   667        -7.82423819      4.59525807      1.73154803
928   667        -7.81647000      4.57094797      1.76053807
929   667        -7.81542494      4.53450208      1.79623808
930   667        -7.81726675      4.48396232      1.84748712
931   667        -7.82654385      4.42870430      1.90617196
932   667        -7.83739717      4.38197238      1.93392044
933   667        -7.82292915      4.34677240      1.92928204
934   667        -7.78704189      4.31919775      1.91982647
935   667        -7.74889588      4.30535967      1.91770143
936   667        -7.70665680      4.30401289      1.94410706
937   667        -7.64154916      4.29325905      2.00105460
938   667        -7.56197306      4.26863490      2.07712008
939   667        -7.49803115      4.24783322      2.14238240
940   667        -7.46543790      4.22114255      2.19627910
941   667        -7.45603987      4.17742127      2.24393992
942   667        -7.44191651      4.13692846      2.29488474
943   667        -7.40844298      4.14271776      2.34552950
944   667        -7.36719836      4.20967192      2.38924570
945   667        -7.31934700      4.32001345      2.42212630
946   667        -7.28998053      4.42724482      2.46641729
947   667        -7.26697749      4.49825312      2.50220485
948   667        -7.23410174      4.54419942      2.51003730
949   667        -7.19229638      4.55980700      2.49456757
950   667        -7.15112160      4.54336504      2.47262958
951   667        -7.10232274      4.49035257      2.46233553
952   667        -7.03724893      4.41742994      2.47872435
953   667        -6.97002921      4.36916089      2.50991871
954   667        -6.90164447      4.36925516      2.54590262
955   667        -6.82904977      4.40696679      2.58088041
956   667        -6.79014726      4.47774718      2.58559050
957   667        -6.80296980      4.56522405      2.56723093
958   667        -6.81859412      4.63660215      2.54687771
959   667        -6.81569315      4.67710345      2.53210443
960   667        -6.78781706      4.67935445      2.53782902
961   667        -6.75132366      4.64596853      2.57389990
962   667        -6.72508555      4.61014889      2.63818791
963   667        -6.72030867      4.61481029      2.71347298
964   667        -6.73508827      4.67036331      2.77609031
965   667        -6.74730461      4.72963592      2.82466441
966   667        -6.75074665      4.76009314      2.85946768
967   667        -6.72895129      4.77679884      2.86769215
968   667        -6.67288013      4.80080102      2.84800273
969   667        -6.56904022      4.82158027      2.82193785
970   667        -6.45198804      4.83212058      2.83963878
971   667        -6.35910816      4.83923412      2.90166941
972   667        -6.30283129      4.84484879      2.97385501
973   667        -6.27486077      4.84201676      3.01725436
974   667        -6.25465832      4.81998408      3.03601365
975   667        -6.23143425      4.80953305      3.02347176
976   667        -6.21549221      4.82693307      2.96688624
977   667        -6.18028711      4.86448524      2.87057208
978   667        -6.09337546      4.90653051      2.76788257
979   667        -5.99855180      4.95150506      2.69083160
980   667        -5.95927503      5.00986495      2.64906326
981   667        -5.97816016      5.06883139      2.63560823
982   667        -6.00099955      5.13947210      2.64240265
983   667        -6.01764687      5.21272778      2.63758652
984   667        -6.02183074      5.27922203      2.60423274
985   667        -6.01357258      5.34770726      2.56853111
986   667        -5.96642216      5.42096509      2.53121815
987   667        -5.90562450      5.49832269      2.50008267
988   667        -5.86068638      5.54251406      2.45348885
989   667        -5.84090314      5.56103778      2.42388658
990   667        -5.84313505      5.57277083      2.44899239
991   667        -5.85924250      5.59546335      2.48999539
992   667        -5.88597357      5.62274145      2.51872998
993   667        -5.91138314      5.62728485      2.51146379
994   667        -5.96454211      5.62046178      2.48622620
995   667        -6.04554684      5.63964179      2.47218530
996   667        -6.11674411      5.68625746      2.48676866
997   667        -6.13542639      5.73134407      2.51667489
998   667        -6.08726748      5.74250945      2.50893789
999   667        -6.00447438      5.72273034      2.46261034
1000  667        -5.93293755      5.70573234      2.44334117
1001  667        -5.90092767      5.68402975      2.48086036
1002  667        -5.88852277      5.66179799      2.54576923
1003  667        -5.89533191      5.64525118      2.58934657
1004  667        -5.89418001      5.63884164      2.60906393
1005  667        -5.86246827      5.63157746      2.60957381
1006  667        -5.79422944      5.61924958      2.60232947
1007  667        -5.72387365      5.60736283      2.61483521
1008  667        -5.69155964      5.60490664      2.66250132
1009  667        -5.69011449      5.59227386      2.73802781
1010  667        -5.70958363      5.57515619      2.81562274
1011  667        -5.73104722      5.56518525      2.88212602
1012  667        -5.73606751      5.58530604      2.92496114
1013  667        -5.73633700      5.64665523      2.92871135
1014  667        -5.74662889      5.75262689      2.93511979
1015  667        -5.74082059      5.86228146      2.96468156
1016  667        -5.70373761      5.92873061      2.98338190
1017  667        -5.62108291      5.95743826      2.95446014
1018  667        -5.52034747      5.99423805      2.91875356
1019  667        -5.42921157      6.04906375      2.90852110
1020  667        -5.35796617      6.08750614      2.94643220
1021  667        -5.30348154      6.11718632      3.01075919
1022  667        -5.27369096      6.15389851      3.06579720
1023  667        -5.25151985      6.19011784      3.07685894
1024  667        -5.20486221      6.22001748      3.05906468
1025  667        -5.15205603      6.24605280      3.03978547
1026  667        -5.09919235      6.26190647      3.01551491
1027  667        -5.05570941      6.23083894      3.00845655
1028  667        -4.99588947      6.17742784      3.03155078
1029  667        -4.92073939      6.16248712      3.07231856
1030  667        -4.85037543      6.21592691      3.12212651
1031  667        -4.81556517      6.29101150      3.18302779
1032  667        -4.83139251      6.36616478      3.23104168
1033  667        -4.86306499      6.44416804      3.26256827
1034  667        -4.86802578      6.51134791      3.28431973
1035  667        -4.82659504      6.54209874      3.29809163
1036  667        -4.77112647      6.51038703      3.28274631
1037  667        -4.73028357      6.44638389      3.23529616
1038  667        -4.70084776      6.38307509      3.16766455
1039  667        -4.65924942      6.36183552      3.09761176
1040  667        -4.59337177      6.40574543      3.03218569
1041  667        -4.53588002      6.51596290      2.96799253
1042  667        -4.51389200      6.62176191      2.91522334
1043  667        -4.54896452      6.66194916      2.87820449
1044  667        -4.60575896      6.67766370      2.88695168
1045  667        -4.65196308      6.71754560      2.93181810
1046  667        -4.68309376      6.75846621      3.00368895
1047  667        -4.71350478      6.78525504      3.06364276
1048  667        -4.76020371      6.81383859      3.08006354
1049  667        -4.81009243      6.87397979      3.07294402
1050  667        -4.79417159      6.96755638      3.05724484
1051  667        -4.73697742      7.03737877      3.01015633
1052  667        -4.70439699      7.04512752      2.93771555
1053  667        -4.73246933      6.98441580      2.87046019
1054  667        -4.78497369      6.90593826      2.81771090
1055  667        -4.81628290      6.86355244      2.76925729
1056  667        -4.82185272      6.86283044      2.72507102
1057  667        -4.83397373      6.85094802      2.70019298
1058  667        -4.87770231      6.82054542      2.70172773
1059  667        -4.92751917      6.78470257      2.70722288
1060  667        -4.95471111      6.74088445      2.67590923
1061  667        -4.97630028      6.70015313      2.62101833
1062  667        -5.02589616      6.66631714      2.57878236
1063  667        -5.10446058      6.64832704      2.56648670
1064  667        -5.19840676      6.64728533      2.59062448
1065  667        -5.25924989      6.66700633      2.64423330
1066  667        -5.25360297      6.69229157      2.68743827
1067  667        -5.21454232      6.71146148      2.70281874
1068  667        -5.17750024      6.73976763      2.70314665
1069  667        -5.15317345      6.77958614      2.70835601
1070  667        -5.14208995      6.78628419      2.70942123
1071  667        -5.15347991      6.71910056      2.67886791
1072  667        -5.17803596      6.62325005      2.62007793
1073  667        -5.18692578      6.57716235      2.54605235
1074  667        -5.17653874      6.60744863      2.49415713
1075  667        -5.16577253      6.65862650      2.45963112
1076  667        -5.17243647      6.69906125      2.41793596
1077  667        -5.19739285      6.71774632      2.39808147
1078  667        -5.22278937      6.73103553      2.41394079
1079  667        -5.20977898      6.73354701      2.43088542
1080  667        -5.15549706      6.72958855      2.44327736
1081  667        -5.11282594      6.75430800      2.46917600
1082  667        -5.10611621      6.79626434      2.50237067
1083  667        -5.10192310      6.81301447      2.53487885
1084  667        -5.07064451      6.79077571      2.56739083
1085  667        -5.03348040      6.73893916      2.60597674
1086  667        -5.03277788      6.68067387      2.64329537
1087  667        -5.05355025      6.62019039      2.67765381
1088  667        -5.03831530      6.57980746      2.72840180
1089  667        -4.96806819      6.59520421      2.78263411
1090  667        -4.87724589      6.63405299      2.83582209
1091  667        -4.80832271      6.63941187      2.89597189
1092  667        -4.77486991      6.59922170      2.96298423
1093  667        -4.77263116      6.55213889      3.04216258
1094  667        -4.79579058      6.51652797      3.10260868
1095  667        -4.82402863      6.49593284      3.14376718
1096  667        -4.82769171      6.48870602      3.16908089
1097  667        -4.79893015      6.49597359      3.17332938
1098  667        -4.74191792      6.51708105      3.14746138
1099  667        -4.66604972      6.53166290      3.11239061
1100  667        -4.58014049      6.53636594      3.11949755
1101  667        -4.51089323      6.52699348      3.17920727
1102  667        -4.47484105      6.50328108      3.26388107
1103  667        -4.47245744      6.46338586      3.33680063
1104  667        -4.48563570      6.41536336      3.39115071
1105  667        -4.48197073      6.36385918      3.42247655
1106  667        -4.43537202      6.33061443      3.42483330
1107  667        -4.33909352      6.32326025      3.38305729
1108  667        -4.24796994      6.33750846      3.33738478
1109  667        -4.21661368      6.34276283      3.30972700
1110  667        -4.24822135      6.31856452      3.30757407
1111  667        -4.28270698      6.26981638      3.28955782
1112  667        -4.29990457      6.20791399      3.24656530
1113  667        -4.32872583      6.13449405      3.19668532
1114  667        -4.39424585      6.05896357      3.14984214
1115  667        -4.47138592      6.02339045      3.11423225
1116  667        -4.52140626      6.02508346      3.09367280
1117  667        -4.53793361      6.05312294      3.07178845
1118  667        -4.54365007      6.08635269      3.03414931
1119  667        -4.56290167      6.11383075      2.99967112
1120  667        -4.59356314      6.15404016      2.97916172
1121  667        -4.62605785      6.20788782      2.97928079
1122  667        -4.62823633      6.24377888      2.99869608
1123  667        -4.61569302      6.23808141      3.03549290
1124  667        -4.61101929      6.21287388      3.06941382
1125  667        -4.63716992      6.20067507      3.09255699
1126  667        -4.68380463      6.19597912      3.10509563
1127  667        -4.71202151      6.19557252      3.11374626
1128  667        -4.69489932      6.23021479      3.11530172
1129  667        -4.66244040      6.30276585      3.12913302
1130  667        -4.64419241      6.38536645      3.14301404
1131  667        -4.62431760      6.45320138      3.14162019
1132  667        -4.58950162      6.47986014      3.11460041
1133  667        -4.56141933      6.48184848      3.07038380
1134  667        -4.54694591      6.46640655      3.03158014
1135  667        -4.55401120      6.45225835      2.98972818
1136  667        -4.58460473      6.46653004      2.94314028
1137  667        -4.62063908      6.52539365      2.90447134
1138  667        -4.65297721      6.62683078      2.88214365
1139  667        -4.68135479      6.71972032      2.86380549
1140  667        -4.70346637      6.77926722      2.82170234
1141  667        -4.70096108      6.79008871      2.76123979
1142  667        -4.69013883      6.78734701      2.70404983
1143  667        -4.68095164      6.77694750      2.66011122
1144  667        -4.66511154      6.75874487      2.63989424
1145  667        -4.64588648      6.75464567      2.65344337
1146  667        -4.65611407      6.76966932      2.69103821
1147  667        -4.71031698      6.81589819      2.72458535
1148  667        -4.76671029      6.87815491      2.74109592
1149  667        -4.81051090      6.93660390      2.73346211
1150  667        -4.84847179      6.95758351      2.71894824
1151  667        -4.87495159      6.93420157      2.69290598
1152  667        -4.85847092      6.88612292      2.67022992
1153  667        -4.79898122      6.85640118      2.64525735
1154  667        -4.75607883      6.86196256      2.62818897
1155  667        -4.78098625      6.86801824      2.60938982
1156  667        -4.84177760      6.86259114      2.59797810
1157  667        -4.87643079      6.86316815      2.61308335
1158  667        -4.86511895      6.88159532      2.64320312
1159  667        -4.83176408      6.90357284      2.67270803
1160  667        -4.80423673      6.91353756      2.69200232
1161  667        -4.77854312      6.91659894      2.70134077
1162  667        -4.75963993      6.92839492      2.70516272
1163  667        -4.74836710      6.93747547      2.69775576
1164  667        -4.75735087      6.92689272      2.68915514
1165  667        -4.79243686      6.94024579      2.70447142
1166  667        -4.82740271      6.98541284      2.75166395
1167  667        -4.84553506      7.02252999      2.82820107
1168  667        -4.84726276      7.01624409      2.92088673
1169  667        -4.85291234      6.98911361      3.01921370
1170  667        -4.87355627      6.97081628      3.09640256
1171  667        -4.89947062      6.96989702      3.15526246
1172  667        -4.92819936      6.98699835      3.19855345
1173  667        -4.93842047      7.00954476      3.22731039
1174  667        -4.92615686      7.04382581      3.24119490
1175  667        -4.91561836      7.08307853      3.25512320
1176  667        -4.91654492      7.10904500      3.26084361
1177  667        -4.93623612      7.11768158      3.25522319
1178  667        -4.97114514      7.12110097      3.25464322
1179  667        -4.99779326      7.12846815      3.26075169
1180  667        -5.00272972      7.13803591      3.28392638
1181  667        -4.97697701      7.15100808      3.29767684
1182  667        -4.93135042      7.17124066      3.29492705
1183  667        -4.89254140      7.20610740      3.28949595
1184  667        -4.87168920      7.25531116      3.29804019
1185  667        -4.84851749      7.29873032      3.29887498
1186  667        -4.79420787      7.31016345      3.29683231
1187  667        -4.71719186      7.28931207      3.33373331
1188  667        -4.62827234      7.25990295      3.41480782
1189  667        -4.57555327      7.25417295      3.50378396
1190  667        -4.55564270      7.26302542      3.57740379
1191  667        -4.57737852      7.27242109      3.63451586
1192  667        -4.60974567      7.26904684      3.65607390
1193  667        -4.63459177      7.25155648      3.63702270
1194  667        -4.63870286      7.22105653      3.59672885
1195  667        -4.64034440      7.19254036      3.56121829
1196  667        -4.66043740      7.17891919      3.52326052
1197  667        -4.66750752      7.17989093      3.46864441
1198  667        -4.67497776      7.19286787      3.41969527
1199  667        -4.69097855      7.18881892      3.38732429
1200  667        -4.69293814      7.19022448      3.35155305
1201  667        -4.68425514      7.18310408      3.31306592
1202  667        -4.64803829      7.17939488      3.26184304
1203  667        -4.59241867      7.18480061      3.21367808
1204  667        -4.54161967      7.19501721      3.19141525
1205  667        -4.50488420      7.21552381      3.17155996
1206  667        -4.50212782      7.27578145      3.12569122
1207  667        -4.53023776      7.33394906      3.05482955
1208  667        -4.56980792      7.36768616      2.96344686
1209  667        -4.59377476      7.41170492      2.86992674
1210  667        -4.60958267      7.48117271      2.79431812
1211  667        -4.60794737      7.54681739      2.73055957
1212  667        -4.59025689      7.60417773      2.65658500
1213  667        -4.55171433      7.65107373      2.58242232
1214  667        -4.50076948      7.67855455      2.52195371
1215  667        -4.44936687      7.68436900      2.47795450
1216  667        -4.40805398      7.66440887      2.42735393
1217  667        -4.38652784      7.63611626      2.38277796
1218  667        -4.38871141      7.61860425      2.36704096
1219  667        -4.41461856      7.63184077      2.37696992
1220  667        -4.44859515      7.68169440      2.38287739
1221  667        -4.50840519      7.74740499      2.36180096
1222  667        -4.58783719      7.79321942      2.34792310
1223  667        -4.66235163      7.81836240      2.35057490
1224  667        -4.68031947      7.82732382      2.32773527
1225  667        -4.64650994      7.81181697      2.26920972
1226  667        -4.60997193      7.77106478      2.22409833
1227  667        -4.58096662      7.72746170      2.21296163
1228  667        -4.55183088      7.70603109      2.20901000
1229  667        -4.50892979      7.71082509      2.19524351
1230  667        -4.46636469      7.73429302      2.18781457
1231  667        -4.42430235      7.73898893      2.19008565
1232  667        -4.40192863      7.71772260      2.18638578
1233  667        -4.38788747      7.67401039      2.17944610
1234  667        -4.37008897      7.62436917      2.17696826
1235  667        -4.37066013      7.57581243      2.17817622
1236  667        -4.40291078      7.51349993      2.15970549
1237  667        -4.44055009      7.44874001      2.12554263
1238  667        -4.44973193      7.38930917      2.09938114
1239  667        -4.45315862      7.33965864      2.09196785
1240  667        -4.46566667      7.29945109      2.07906059
1241  667        -4.48729403      7.26462664      2.05432491
1242  667        -4.49225257      7.21795979      2.05647824
1243  667        -4.47529942      7.15794106      2.08147161
1244  667        -4.45612126      7.11210698      2.10324857
1245  667        -4.45825168      7.09399850      2.11285444
1246  667        -4.47746225      7.08919005      2.11734231
1247  667        -4.49949494      7.06264147      2.11559229
1248  667        -4.50728663      6.99295977      2.10796311
1249  667        -4.49882911      6.89966158      2.09480993
1250  667        -4.49267780      6.81755397      2.08505771
1251  667        -4.49439832      6.77155942      2.08682143
1252  667        -4.51624026      6.76068018      2.09898829
1253  667        -4.54272847      6.74470020      2.10147478
1254  667        -4.56581643      6.72279797      2.06632242
1255  667        -4.56197032      6.71560530      2.00909126
1256  667        -4.51795470      6.75432347      1.97710282
1257  667        -4.47545945      6.82839203      1.99917367
1258  667        -4.48259469      6.89548321      2.04663587
1259  667        -4.52314254      6.92215105      2.07072874
1260  667        -4.54805966      6.89833288      2.03845098
1261  667        -4.53111115      6.85930059      1.97239852
1262  667        -4.47859386      6.83886838      1.88648170
1263  667        -4.42410704      6.83838117      1.82852940
1264  667        -4.38303855      6.83982175      1.81587103
1265  667        -4.35551054      6.84294481      1.83979989
1266  667        -4.29959690      6.85013574      1.87454287
1267  667        -4.23767798      6.85832933      1.90415121
1268  667        -4.22917857      6.88240434      1.92155330
1269  667        -4.28267986      6.90094085      1.92399193
1270  667        -4.34068931      6.90906623      1.90901191
1271  667        -4.36580933      6.92475864      1.85423321
1272  667        -4.35401426      6.93171488      1.77876647
1273  667        -4.30950407      6.92343240      1.71994481
1274  667        -4.26626480      6.93127059      1.70516241
1275  667        -4.26025041      6.96417499      1.73944805
1276  667        -4.30875969      7.00503569      1.79451679
1277  667        -4.37602784      7.03633048      1.84423161
1278  667        -4.42582691      7.04263847      1.84406737
1279  667        -4.43118645      7.03681659      1.79886378
1280  667        -4.40695316      7.01591529      1.74320208
1281  667        -4.39099827      6.99224447      1.69767087
1282  667        -4.39688831      6.97964989      1.66941568
1283  667        -4.39728817      6.98976097      1.66199427
1284  667        -4.36522953      7.02348858      1.65726104
1285  667        -4.30595473      7.06963457      1.65392987
1286  667        -4.26273820      7.10744927      1.66694119
1287  667        -4.27270496      7.13436732      1.68552051
1288  667        -4.33107712      7.15124128      1.66730020
1289  667        -4.39523497      7.14998420      1.61521759
1290  667        -4.42501349      7.12709513      1.55775840
1291  667        -4.44462890      7.10210813      1.51916491
1292  667        -4.47609769      7.11500095      1.50511147
1293  667        -4.51053253      7.16622017      1.50379483
1294  667        -4.50963044      7.20929412      1.48626961
1295  667        -4.48479943      7.22896060      1.44864541
1296  667        -4.44724179      7.22778020      1.40736520
1297  667        -4.42245702      7.22701508      1.36870358
1298  667        -4.40942548      7.21524115      1.34563510
1299  667        -4.40144444      7.16737891      1.34125997
1300  667        -4.40111601      7.10288786      1.35567317
1301  667        -4.42333104      7.04659668      1.38419082
1302  667        -4.46606655      6.99368932      1.40715859
1303  667        -4.51571633      6.92682996      1.38730603
1304  667        -4.54027867      6.85624575      1.33882321
1305  667        -4.51814549      6.80360193      1.28780768
1306  667        -4.45413361      6.78401857      1.27581881
1307  667        -4.36738547      6.80528266      1.29018207
1308  667        -4.30854519      6.85071101      1.29939683
1309  667        -4.28330056      6.87633112      1.29664074
1310  667        -4.27013903      6.86330414      1.29292285
1311  667        -4.26439869      6.84899736      1.29245584
1312  667        -4.26963915      6.84642598      1.28320466
1313  667        -4.30141776      6.83210785      1.27687157
1314  667        -4.36720749      6.79246383      1.25950461
1315  667        -4.44569768      6.75218233      1.23201349
1316  667        -4.48902434      6.72608158      1.20790614
1317  667        -4.48010136      6.72671023      1.19082236
1318  667        -4.42914413      6.75241745      1.16465439
1319  667        -4.35192746      6.77587658      1.13115385
1320  667        -4.27039082      6.78352249      1.09427771
1321  667        -4.21227170      6.76924367      1.06218271
1322  667        -4.19335946      6.74206372      1.04962733
1323  667        -4.20668888      6.71164161      1.06578820
1324  667        -4.23199090      6.67806497      1.10204931
1325  667        -4.26620808      6.64069359      1.11646391
1326  667        -4.30455007      6.61181242      1.10187064
1327  667        -4.34453456      6.60735118      1.05468505
1328  667        -4.37503908      6.62837178      0.98683750
1329  667        -4.39769976      6.66408416      0.89304593
1330  667        -4.41168162      6.68867351      0.79827272
1331  667        -4.43376972      6.70476060      0.73723945
1332  667        -4.47066516      6.71290770      0.71530193
1333  667        -4.50371562      6.69719224      0.71993470
1334  667        -4.51128982      6.66396557      0.72634643
1335  667        -4.50468238      6.62481812      0.72302474
1336  667        -4.49538414      6.59299988      0.68281671
1337  667        -4.45891081      6.57927212      0.62373211
1338  667        -4.39549176      6.59736398      0.58265435
1339  667        -4.35010510      6.65374137      0.57736319
1340  667        -4.35720775      6.72015054      0.59899546
1341  667        -4.38238014      6.78051979      0.61432253
1342  667        -4.39865111      6.81652229      0.62209796
1343  667        -4.42512093      6.81259093      0.62297143
1344  667        -4.47746776      6.75361150      0.61886145
1345  667        -4.50734107      6.67262756      0.60919131
1346  667        -4.48037850      6.61147040      0.60277061
1347  667        -4.42669359      6.58342936      0.58427556
1348  667        -4.40608934      6.56063198      0.53768618
1349  667        -4.43049999      6.51089140      0.46863119
1350  667        -4.46055257      6.45856350      0.40896585
1351  667        -4.47106448      6.44174873      0.38540593
1352  667        -4.49185246      6.44937910      0.39163404
1353  667        -4.55368545      6.43310003      0.41692310
1354  667        -4.63298446      6.35800680      0.43930900
1355  667        -4.67988418      6.23836878      0.44951394
1356  667        -4.68142798      6.14343254      0.43577022
1357  667        -4.65669975      6.11508957      0.42516481
1358  667        -4.62452442      6.12234942      0.42375563
1359  667        -4.58929065      6.10558545      0.41411007
1360  667        -4.54660741      6.04049689      0.38843724
1361  667        -4.51750074      5.96170430      0.38373030
1362  667        -4.49885214      5.90752572      0.40451571
1363  667        -4.48803164      5.89711274      0.42863182
1364  667        -4.46633895      5.90628646      0.45769848
1365  667        -4.43098105      5.92536461      0.51705964
1366  667        -4.37544615      5.93409329      0.57575225
1367  667        -4.29471064      5.91034924      0.60459020
1368  667        -4.22177852      5.87476978      0.64316876
1369  667        -4.17279931      5.83290418      0.69159936
1370  667        -4.14917339      5.80204767      0.74462734
1371  667        -4.12757056      5.78321783      0.79839514
1372  667        -4.10199181      5.79666478      0.84860698
1373  667        -4.08038755      5.82974007      0.89320814
1374  667        -4.07062500      5.85348383      0.92647886
1375  667        -4.04680781      5.84713763      0.94082553
1376  667        -3.97907300      5.81987774      0.94083755
1377  667        -3.88552938      5.79473308      0.92256768
1378  667        -3.79452628      5.77074624      0.88881250
1379  667        -3.71856132      5.77325764      0.86999536
1380  667        -3.64832083      5.80392942      0.86653002
1381  667        -3.64051483      5.84420776      0.90093162
1382  667        -3.68590535      5.85277284      0.95171364
1383  667        -3.73494634      5.82629278      0.99856527
1384  667        -3.75505611      5.78146329      1.00287962
1385  667        -3.77328203      5.72414271      0.97858708
1386  667        -3.83003580      5.66049470      0.96055917
1387  667        -3.90342453      5.59902819      0.96560935
1388  667        -3.96072250      5.55753414      0.99977519
1389  667        -3.98824095      5.53124358      1.05781056
1390  667        -3.99339599      5.51223127      1.11698034
1391  667        -3.98598968      5.50828717      1.13830614
1392  667        -3.97761691      5.51939320      1.12320711
1393  667        -3.97457751      5.53997825      1.07680064
1394  667        -3.97520246      5.58767091      1.02256692
1395  667        -3.97884180      5.64465327      0.98291837
1396  667        -4.00923881      5.66830603      0.98502102
1397  667        -4.07528821      5.63518722      1.02397426
1398  667        -4.12591544      5.57991122      1.08693231
1399  667        -4.13004892      5.55127227      1.16587061
1400  667        -4.12056999      5.54854812      1.23359539
1401  667        -4.12317471      5.56387723      1.25631459
1402  667        -4.13542716      5.57888699      1.23627778
1403  667        -4.14769900      5.59536192      1.21411278
1404  667        -4.16815823      5.61328192      1.20038538
1405  667        -4.19149229      5.64612585      1.21108297
1406  667        -4.20576291      5.69935434      1.24458801
1407  667        -4.20635778      5.76768465      1.30658928
1408  667        -4.21447933      5.80472899      1.37405696
1409  667        -4.24976457      5.78580234      1.42105627
1410  667        -4.32264331      5.72516327      1.45045584
1411  667        -4.41658851      5.65762247      1.47043610
1412  667        -4.51071771      5.61000345      1.51229136
1413  667        -4.56462819      5.59144809      1.57023148
1414  667        -4.55515796      5.62689924      1.62045114
1415  667        -4.50306464      5.70987366      1.61216436
1416  667        -4.44676830      5.81678087      1.56374896
1417  667        -4.43608778      5.88237593      1.53321028
1418  667        -4.50221561      5.87462356      1.53521188
1419  667        -4.61971161      5.83554659      1.54239517
1420  667        -4.74961909      5.82448089      1.55814195
1421  667        -4.84689499      5.82667726      1.58482313
1422  667        -4.91487242      5.82871511      1.61570675
1423  667        -4.97692566      5.84635339      1.64034717
1424  667        -5.03853685      5.88194420      1.62535685
1425  667        -5.08627085      5.91219999      1.57434982
1426  667        -5.11390670      5.92744679      1.51970902
1427  667        -5.13339993      5.92856883      1.46687030
1428  667        -5.13989587      5.91368718      1.42125744
1429  667        -5.15412508      5.88300827      1.39783256
1430  667        -5.16454829      5.83827117      1.40791600
1431  667        -5.16396430      5.80630187      1.42604788
1432  667        -5.17222161      5.76625460      1.42267613
1433  667        -5.21259599      5.70541769      1.38329582
1434  667        -5.25303835      5.62459513      1.31834545
1435  667        -5.24970077      5.57444727      1.24736021
1436  667        -5.21026266      5.56684550      1.19276581
1437  667        -5.18798568      5.55655784      1.16275595
1438  667        -5.19338000      5.52934808      1.15445260
1439  667        -5.20662591      5.48391650      1.13354898
1440  667        -5.22887190      5.44192989      1.09559638
1441  667        -5.27845613      5.39370546      1.06681339
1442  667        -5.33652503      5.32202482      1.05768365
1443  667        -5.36734495      5.24452561      1.06162051
1444  667        -5.35838473      5.18953952      1.06943081
1445  667        -5.32178891      5.16118922      1.06773914
1446  667        -5.28459722      5.15052096      1.05383128
1447  667        -5.25654963      5.15470202      1.02840815
1448  667        -5.24305198      5.17674222      1.01645915
1449  667        -5.25156822      5.21767204      1.03993201
1450  667        -5.27793261      5.26836298      1.10695334
1451  667        -5.31477595      5.30734056      1.18903569
1452  667        -5.31805365      5.31422945      1.24567301
1453  667        -5.29425707      5.29616887      1.27489288
1454  667        -5.27145488      5.28624722      1.29229916
1455  667        -5.26285967      5.27632496      1.30226940
1456  667        -5.25611154      5.25322628      1.28691030
1457  667        -5.24642645      5.21943206      1.23301721
1458  667        -5.25005440      5.18956086      1.16835736
1459  667        -5.28747097      5.18264432      1.14440587
1460  667        -5.35220416      5.18528717      1.15581064
1461  667        -5.42460461      5.18829160      1.18175642
1462  667        -5.49377648      5.17914830      1.20296377
1463  667        -5.55945180      5.15962717      1.21523698
1464  667        -5.59530425      5.12861989      1.22979314
1465  667        -5.60154755      5.08929855      1.23950039
1466  667        -5.57385091      5.05732210      1.22585243
1467  667        -5.53636390      5.03191445      1.19048157
1468  667        -5.49173845      5.02818524      1.14934481
1469  667        -5.45162002      5.03926405      1.11172269
1470  667        -5.41825848      5.05896928      1.07041955
1471  667        -5.38725539      5.07990677      1.02624925
1472  667        -5.35615467      5.09098473      0.98345392
1473  667        -5.31521768      5.09520648      0.95118924
1474  667        -5.27989343      5.08347179      0.91072730
1475  667        -5.26775297      5.03864257      0.86347223
1476  667        -5.27931174      4.97203506      0.82940040
1477  667        -5.28736771      4.91255279      0.81204949
1478  667        -5.28635589      4.86289503      0.79593832
1479  667        -5.26757058      4.81907875      0.76156512
1480  667        -5.22984408      4.78188137      0.71897302
1481  667        -5.17572458      4.75165870      0.67745806
1482  667        -5.11829778      4.74338414      0.62355289
1483  667        -5.08119444      4.74425198      0.53840838
1484  667        -5.05692944      4.74014196      0.44874938
1485  667        -5.01745013      4.73553334      0.38223587
1486  667        -4.97133410      4.73539613      0.34069935
1487  667        -4.92831846      4.71906529      0.31541231
1488  667        -4.88517282      4.68844659      0.29309077
1489  667        -4.85254757      4.67813633      0.25810515
1490  667        -4.85940805      4.70985768      0.22525184
1491  667        -4.89692833      4.76342503      0.20768792
1492  667        -4.91335468      4.82443547      0.20937323
1493  667        -4.90824859      4.86151920      0.21834815
1494  667        -4.90030700      4.87683172      0.22829337
1495  667        -4.86818282      4.87675959      0.24232311
1496  667        -4.81426098      4.88057302      0.27622275
1497  667        -4.76417524      4.87814743      0.31671660
1498  667        -4.75682615      4.87162943      0.33793119
1499  667        -4.76747956      4.88081454      0.34808533
1500  667        -4.76887554      4.89239091      0.38487911
1501  667        -4.76497245      4.90578383      0.44217874
1502  667        -4.75273748      4.92636118      0.48529790
1503  667        -4.73305168      4.96754241      0.48983777
1504  667        -4.68785847      4.97669285      0.49493564
1505  667        -4.65805381      4.95884527      0.51678684
1506  667        -4.65103254      4.90775405      0.54472562
1507  667        -4.64683625      4.85597765      0.54593453
1508  667        -4.63352453      4.78899617      0.52747663
1509  667        -4.62320606      4.68089677      0.51619540
1510  667        -4.62062959      4.57539794      0.50760329
1511  667        -4.62617599      4.50003170      0.50164631
1512  667        -4.64671872      4.46781690      0.49259644
1513  667        -4.66297950      4.47880237      0.47924845
1514  667        -4.69050613      4.50705893      0.46217339
1515  667        -4.73511078      4.52468736      0.45103682
1516  667        -4.78916318      4.52386098      0.46717181
1517  667        -4.83390006      4.51171740      0.50865578
1518  667        -4.86264869      4.51329121      0.58037963
1519  667        -4.88038298      4.48018038      0.64767382
1520  667        -4.88198909      4.39332180      0.68752303
1521  667        -4.88167632      4.28207934      0.69901224
1522  667        -4.84562408      4.16576026      0.68323146
1523  667        -4.77108035      4.07632332      0.63615928
1524  667        -4.68762172      4.00648524      0.56065706
1525  667        -4.65579678      3.96383243      0.47456093
1526  667        -4.67180314      3.94003857      0.38367028
1527  667        -4.69105410      3.94566042      0.31276781
1528  667        -4.69938613      3.95339349      0.27932255
1529  667        -4.73807578      3.94046945      0.28419236
1530  667        -4.81103429      3.91845555      0.29190291
1531  667        -4.87359367      3.89897128      0.28728606
1532  667        -4.89941208      3.88315239      0.27911959
1533  667        -4.92049337      3.85062604      0.26315924
1534  667        -4.92772063      3.82300593      0.25766258
1535  667        -4.88956226      3.80178571      0.24217116
1536  667        -4.81634982      3.76074857      0.23631727
1537  667        -4.75401087      3.70516512      0.24269207
1538  667        -4.70896544      3.71498831      0.24456336
1539  667        -4.67385857      3.76604475      0.22177969
1540  667        -4.65209731      3.81712937      0.18745577
1541  667        -4.66306220      3.83712775      0.14368517
1542  667        -4.70392434      3.84945041      0.09167926
1543  667        -4.73418241      3.83697156      0.04362024
1544  667        -4.73416005      3.79760910      0.00283697
1545  667        -4.73400124      3.77673244     -0.00122365
1546  667        -4.74386973      3.79337761      0.01250557
1547  667        -4.75861088      3.84819744      0.03461762
1548  667        -4.76787764      3.88882636      0.06676573
1549  667        -4.76485478      3.90141239      0.11612086
1550  667        -4.77581288      3.88681491      0.15837257
1551  667        -4.80565852      3.87823149      0.16284312
1552  667        -4.84119818      3.88428615      0.12416084
1553  667        -4.86996921      3.86496661      0.04080542
1554  667        -4.89361031      3.83247162     -0.05441238
1555  667        -4.91989065      3.80869838     -0.14802827
1556  667        -4.95032693      3.81259730     -0.20788970
1557  667        -4.97175918      3.83947413     -0.24064851
1558  667        -4.98654081      3.86609018     -0.27200606
1559  667        -4.98172325      3.86834549     -0.31173204
1560  667        -4.97077519      3.84358647     -0.32722055
1561  667        -4.93923719      3.78781601     -0.31674380
1562  667        -4.87260843      3.71809674     -0.32546829
1563  667        -4.80997694      3.65469275     -0.35342987
1564  667        -4.74766299      3.61748807     -0.38340923
1565  667        -4.69582429      3.60652025     -0.38761341
1566  667        -4.67635797      3.61831787     -0.37701279
1567  667        -4.69940922      3.64416093     -0.35485741
1568  667        -4.72619691      3.65305781     -0.34739898
1569  667        -4.72762713      3.61198729     -0.34299676
1570  667        -4.70404033      3.53874217     -0.33430224
1571  667        -4.67910591      3.47388238     -0.33510143
1572  667        -4.66913890      3.44194302     -0.35527148
1573  667        -4.66384853      3.42261236     -0.37991876
1574  667        -4.67724236      3.39842358     -0.38789316
1575  667        -4.71297829      3.38337095     -0.40813082
1576  667        -4.75671667      3.39316919     -0.46279434
1577  667        -4.78310541      3.42267032     -0.51500884
1578  667        -4.79171834      3.45481697     -0.53830436
1579  667        -4.78187032      3.49298594     -0.54863933
1580  667        -4.76260621      3.50296164     -0.56191482
1581  667        -4.76099553      3.49539351     -0.56072587
1582  667        -4.77158894      3.48666802     -0.51791821
1583  667        -4.77199937      3.50358603     -0.44139610
1584  667        -4.77476389      3.52605229     -0.36911586
1585  667        -4.81866267      3.55284741     -0.32529800
1586  667        -4.90876011      3.57828492     -0.30051757
1587  667        -4.99906761      3.59506930     -0.27727485
1588  667        -5.03358414      3.60378799     -0.26928297
1589  667        -5.01013887      3.59396342     -0.27116394
1590  667        -4.97255638      3.58537370     -0.27523619
1591  667        -4.93284938      3.56609522     -0.27747448
1592  667        -4.90103081      3.52957042     -0.30616082
1593  667        -4.92256492      3.48053355     -0.34054261
1594  667        -4.99851548      3.46107092     -0.36332290
1595  667        -5.07453700      3.48117847     -0.37660609
1596  667        -5.11093924      3.50889295     -0.37333097
1597  667        -5.11169756      3.51743208     -0.35873402
1598  667        -5.10191379      3.53068911     -0.33184463
1599  667        -5.08726711      3.58594041     -0.27427196
1600  667        -5.04554092      3.63894707     -0.19723746
1601  667        -4.98975599      3.65817958     -0.13797971
1602  667        -4.95308663      3.65659032     -0.07602800
1603  667        -4.95375566      3.65096721     -0.01058624
1604  667        -4.97685257      3.63656569      0.01826092
1605  667        -5.00211034      3.61736361      0.02173551
1606  667        -5.02127430      3.58706236      0.01634862
1607  667        -5.03144661      3.55028427      0.00310474
1608  667        -5.03053120      3.51706051     -0.00335724
1609  667        -5.00321835      3.48843427      0.01493834
1610  667        -4.94849660      3.46712302      0.06774430
1611  667        -4.86646249      3.46028553      0.12927801
1612  667        -4.80201302      3.48712724      0.16856500
1613  667        -4.77180676      3.53590228      0.14576772
1614  667        -4.76272514      3.58210706      0.09441595
1615  667        -4.75949414      3.60275670      0.03530402
1616  667        -4.75703457      3.58240133     -0.04064343
1617  667        -4.75482957      3.53029717     -0.12804657
1618  667        -4.74392090      3.47212772     -0.20148852
1619  667        -4.68252599      3.43151892     -0.23356144
1620  667        -4.57888043      3.40621841     -0.24466262
1621  667        -4.47754881      3.39757290     -0.24686850
1622  667        -4.40171498      3.39272834     -0.25758886
1623  667        -4.34920589      3.36581860     -0.28850131
1624  667        -4.33369090      3.36633595     -0.32617173
1625  667        -4.32672539      3.40153128     -0.35401912
1626  667        -4.32992800      3.44912259     -0.36848587
1627  667        -4.33680073      3.49993232     -0.35973527
1628  667        -4.32134242      3.54565442     -0.32861857
1629  667        -4.27583284      3.58909518     -0.28688634
1630  667        -4.21862088      3.62317498     -0.24525654
1631  667        -4.17071578      3.64368842     -0.20473057
1632  667        -4.13821496      3.65686600     -0.15754690
1633  667        -4.13284793      3.68681772     -0.09974099
1634  667        -4.15773500      3.72895349     -0.05621064
1635  667        -4.20497844      3.75861596     -0.04133710
1636  667        -4.26562378      3.76098743     -0.07363983
1637  667        -4.31781199      3.74798659     -0.12745562
1638  667        -4.34368127      3.72020361     -0.18041864
1639  667        -4.33358529      3.68451935     -0.23709309
1640  667        -4.31673563      3.65725255     -0.29739231
1641  667        -4.30585179      3.65448054     -0.33303985
1642  667        -4.30185578      3.67926047     -0.35430941
1643  667        -4.30685403      3.69982697     -0.38195225
1644  667        -4.32666629      3.71604002     -0.41641907
1645  667        -4.33997705      3.72129834     -0.45349547
1646  667        -4.31829391      3.73000777     -0.47003266
1647  667        -4.27052968      3.75763766     -0.46021709
1648  667        -4.23981365      3.79608126     -0.42308304
1649  667        -4.24655219      3.84321302     -0.37494314
1650  667        -4.26840638      3.88898867     -0.33111305
1651  667        -4.29784734      3.90708730     -0.31288061
1652  667        -4.34529288      3.88971566     -0.30650422
1653  667        -4.41045969      3.87790971     -0.31349475
1654  667        -4.48094120      3.90599672     -0.32811400
1655  667        -4.54058181      3.94187910     -0.35101460
1656  667        -4.55010086      3.97848865     -0.38537180
1657  667        -4.48315122      4.01314252     -0.42676475
1658  667        -4.38266136      4.04202012     -0.45473997
1659  667        -4.31009344      4.06573061     -0.47380395
1660  667        -4.30212032      4.09907681     -0.49547594
1661  667        -4.34140620      4.15479959     -0.49221779
1662  667        -4.37426148      4.24445388     -0.47027355
1663  667        -4.37119979      4.35428626     -0.44691871
1664  667        -4.33810208      4.47201313     -0.42381679
1665  667        -4.30791965      4.56402176     -0.40383277
1666  667        -4.28890371      4.61959135     -0.40023999
1667  667        -4.29231966      4.62420831     -0.41356362
1668  667        -4.30540108      4.60421345     -0.42626123
1669  667        -4.29629881      4.59198596     -0.42556219
1670  667        -4.25529432      4.60919798     -0.39986947
1671  667        -4.21202088      4.66413087     -0.35293769
1672  667        -4.21036619      4.70933498     -0.28556731
1673  667        -4.23849141      4.73400629     -0.21696909
1674  667        -4.27750912      4.74494667     -0.14113992
1675  667        -4.31884323      4.76544093     -0.06577458
1676  667        -4.36943584      4.78086033     -0.01227136
1677  667        -4.42457765      4.78960087      0.00382110
1678  667        -4.47403562      4.79776269      0.00520236
1679  667        -4.50826264      4.81435963      0.01355118
1680  667        -4.52275352      4.84296076      0.03170505
1681  667        -4.51446256      4.87584919      0.04696935
1682  667        -4.49198738      4.90915753      0.03854155
1683  667        -4.47311894      4.92511028      0.01330291
1684  667        -4.45986722      4.91854531     -0.02480204
1685  667        -4.44072553      4.89636067     -0.07120213
1686  667        -4.41742168      4.88366148     -0.12861365
1687  667        -4.41752770      4.87174269     -0.19122708
1688  667        -4.43385775      4.85769601     -0.25118581
1689  667        -4.45243323      4.86633121     -0.30494742
1690  667        -4.45712285      4.89330992     -0.35272316
1691  667        -4.47682831      4.90403437     -0.40357017
1692  667        -4.51003470      4.88677882     -0.46487347
1693  667        -4.53639257      4.87944952     -0.52380284
1694  667        -4.55129125      4.91568962     -0.58619011
1695  667        -4.55635723      4.98428630     -0.64864673
1696  667        -4.56687051      5.02748682     -0.69094970
1697  667        -4.58183658      5.02414982     -0.70872837
1698  667        -4.57649646      5.00190623     -0.70734174
1699  667        -4.54923080      4.98803615     -0.69089164
1700  667        -4.51521646      4.98834172     -0.66269494
1701  667        -4.49590711      4.99788512     -0.63698242
1702  667        -4.50165701      5.00364668     -0.60849457
1703  667        -4.51764215      5.00970546     -0.58825887
1704  667        -4.55082385      5.01323064     -0.56385091
1705  667        -4.59561852      5.00579415     -0.52644065
1706  667        -4.65054335      4.99778854     -0.49009124
1707  667        -4.70030562      4.99602019     -0.46298187
1708  667        -4.73412481      4.99842467     -0.45528902
1709  667        -4.74842855      4.97384547     -0.45910149
1710  667        -4.73765717      4.93866152     -0.47321151
1711  667        -4.71362537      4.93777580     -0.48715052
1712  667        -4.70097142      4.95848740     -0.51492932
1713  667        -4.71234050      4.95249123     -0.53352125
1714  667        -4.72017793      4.90636408     -0.54742321
1715  667        -4.70980335      4.85644895     -0.54875537
1716  667        -4.67115716      4.82856322     -0.56956274
1717  667        -4.62865561      4.82678895     -0.61579867
1718  667        -4.58821364      4.82917944     -0.65909813
1719  667        -4.57356085      4.81926316     -0.67912163
1720  667        -4.60854120      4.80141707     -0.67880046
1721  667        -4.68643163      4.77051128     -0.68840242
1722  667        -4.76637149      4.75849726     -0.72575497
1723  667        -4.80608672      4.77119870     -0.79741943
1724  667        -4.81662626      4.80319358     -0.85789119
1725  667        -4.82654809      4.81064436     -0.90159647
1726  667        -4.87063978      4.77704628     -0.93548700
1727  667        -4.91131885      4.73248688     -0.97517996
1728  667        -4.92477114      4.71421753     -1.02171762
1729  667        -4.94126519      4.71930830     -1.05991192
1730  667        -4.99076137      4.73430971     -1.07609990
1731  667        -5.02937768      4.77613545     -1.07581290
1732  667        -5.00446006      4.81601701     -1.06933882
1733  667        -4.93955067      4.85698802     -1.06544326
1734  667        -4.88693533      4.89538262     -1.06495566
1735  667        -4.85995630      4.90624380     -1.05069282
1736  667        -4.84145223      4.90077289     -1.05071658
1737  667        -4.82931417      4.89406240     -1.07642829
1738  667        -4.83079957      4.88559098     -1.13148398
1739  667        -4.84201989      4.86690569     -1.19532165
1740  667        -4.86116694      4.86053424     -1.24751314
1741  667        -4.88731089      4.90949857     -1.29216359
1742  667        -4.91624347      4.99702438     -1.32434363
1743  667        -4.94740234      5.05851688     -1.34840112
1744  667        -4.97017443      5.07898913     -1.36153719
1745  667        -4.96108254      5.07038992     -1.35924153
1746  667        -4.92815142      5.04453099     -1.35302649
1747  667        -4.89624782      4.99618062     -1.35041651
1748  667        -4.88492401      4.93807181     -1.35258097
1749  667        -4.90406528      4.89996262     -1.35747539
1750  667        -4.93489323      4.89742245     -1.36128041
1751  667        -4.96933315      4.92081771     -1.37967553
1752  667        -5.00742588      4.93656434     -1.39791935
1753  667        -5.04183237      4.93912965     -1.41123473
1754  667        -5.07072029      4.94876388     -1.43264767
1755  667        -5.11033575      4.97868164     -1.45648765
1756  667        -5.16152652      5.01383136     -1.48604786
1757  667        -5.20217811      5.03605199     -1.50832427
1758  667        -5.22641336      5.04302129     -1.51031314
1759  667        -5.24089652      5.04522719     -1.48876763
1760  667        -5.26073228      5.05848850     -1.45827808
1761  667        -5.28678959      5.07622478     -1.42567648
1762  667        -5.32102046      5.07700109     -1.39755063
1763  667        -5.37379350      5.07682682     -1.37021045
1764  667        -5.42755046      5.10876041     -1.33241690
1765  667        -5.47008967      5.17812837     -1.27813602
1766  667        -5.50419607      5.24217685     -1.22693857
1767  667        -5.54207589      5.25435389     -1.20454982
1768  667        -5.59660880      5.22091263     -1.20776953
1769  667        -5.64887898      5.17483259     -1.22576569
1770  667        -5.67772710      5.14321802     -1.24138079
1771  667        -5.68131072      5.13282129     -1.24283691
1772  667        -5.66846545      5.15534690     -1.21874434
1773  667        -5.64843693      5.20733140     -1.17820193
1774  667        -5.65505305      5.27390567     -1.14766603
1775  667        -5.69729940      5.31606953     -1.13709943
1776  667        -5.73624865      5.31905893     -1.12376938
1777  667        -5.75005348      5.29940769     -1.11498746
1778  667        -5.74509330      5.27134331     -1.10417549
1779  667        -5.75107141      5.24141472     -1.09327788
1780  667        -5.79000824      5.23499864     -1.10203548
1781  667        -5.84129309      5.23560982     -1.11940930
1782  667        -5.86731806      5.24111014     -1.14496455
1783  667        -5.85742059      5.26461837     -1.15900854
1784  667        -5.83328879      5.29003490     -1.17364849
1785  667        -5.81071572      5.29668751     -1.19579041
1786  667        -5.80590722      5.28809431     -1.23535476
1787  667        -5.78829245      5.27719285     -1.27742818
1788  667        -5.73849114      5.26082977     -1.30946041
1789  667        -5.65860903      5.23215477     -1.31156931
1790  709        -3.25280791      4.81210731     -1.10276301
1791  709        -3.19420897      4.80683597     -1.09317107
1792  709        -3.13686760      4.79893018     -1.07653524
1793  709        -3.06966499      4.80022527     -1.07912204
1794  709        -3.02413659      4.80066540     -1.08222928
1795  709        -3.02429123      4.78388159     -1.07753491
1796  709        -3.06479790      4.74420508     -1.04668821
1797  709        -3.12839302      4.71914165     -1.01284082
1798  709        -3.19501720      4.72321234     -0.98509343
1799  709        -3.22316462      4.73881908     -0.97303133
1800  709        -3.19765836      4.74457694     -0.98278721
1801  709        -3.17069042      4.73952110     -0.99682455
1802  709        -3.17601329      4.74217589     -1.00790224
1803  709        -3.19181554      4.74166527     -1.03220523
1804  709        -3.17061364      4.73598213     -1.06614154
1805  709        -3.11621303      4.71787723     -1.09201135
1806  709        -3.07111657      4.68674611     -1.11005763
1807  709        -3.05574000      4.65252383     -1.12159059
1808  709        -3.07151819      4.62089419     -1.11307724
1809  709        -3.06112580      4.59669000     -1.08812724
1810  709        -3.00594791      4.56819888     -1.08892405
1811  709        -2.93405288      4.51355767     -1.11803630
1812  709        -2.89687163      4.42398934     -1.14787417
1813  709        -2.89143716      4.34011041     -1.18625439
1814  709        -2.89420370      4.29898907     -1.23236607
1815  709        -2.91757782      4.30588730     -1.26349392
1816  709        -2.96877539      4.34779610     -1.28093277
1817  709        -3.02067092      4.40439621     -1.28147198
1818  709        -3.04679214      4.43962155     -1.24232618
1819  709        -3.03627994      4.46241534     -1.19123501
1820  709        -3.00358517      4.48248791     -1.14476542
1821  709        -2.97902692      4.48714703     -1.11646050
1822  709        -2.98118299      4.45301123     -1.10960132
1823  709        -2.99848998      4.41038540     -1.12994750
1824  709        -3.00225842      4.40555307     -1.17290928
1825  709        -3.00115563      4.44336734     -1.22844659
1826  709        -3.02760202      4.48324616     -1.28091462
1827  709        -3.07227000      4.48643647     -1.32716623
1828  709        -3.09135128      4.45805236     -1.38237413
1829  709        -3.08877562      4.41327613     -1.43232377
1830  709        -3.08556369      4.35908296     -1.47242412
1831  709        -3.09110235      4.28713698     -1.48950222
1832  709        -3.09690775      4.20379384     -1.50096228
1833  709        -3.12038034      4.15030131     -1.50067468
1834  709        -3.20180387      4.13271596     -1.50186974
1835  709        -3.30719189      4.14598004     -1.48618673
1836  709        -3.36643975      4.15406566     -1.44931454
1837  709        -3.37367421      4.13407888     -1.40124744
1838  709        -3.35946731      4.10826731     -1.33347635
1839  709        -3.37249774      4.09818041     -1.26623083
1840  709        -3.41459699      4.10115594     -1.22029177
1841  709        -3.44951455      4.09808342     -1.18741472
1842  709        -3.45854349      4.08513024     -1.15255366
1843  709        -3.44816720      4.06701904     -1.11256542
1844  709        -3.43784942      4.07194156     -1.06842156
1845  709        -3.44728343      4.10588063     -1.04093020
1846  709        -3.46231653      4.14250536     -1.01527250
1847  709        -3.45885032      4.15095416     -0.96918759
1848  709        -3.45136520      4.13926892     -0.91370297
1849  709        -3.45254776      4.13401233     -0.86949404
1850  709        -3.43600978      4.12357299     -0.83614364
1851  709        -3.41103025      4.11839686     -0.78964603
1852  709        -3.38556351      4.13544070     -0.74935586
1853  709        -3.37828946      4.20082853     -0.73783413
1854  709        -3.38577159      4.29727793     -0.76412688
1855  709        -3.40250098      4.38929414     -0.80888501
1856  709        -3.42586132      4.44450368     -0.85954667
1857  709        -3.46711573      4.45647828     -0.90977114
1858  709        -3.53080964      4.44592066     -0.96387703
1859  709        -3.60875812      4.42464293     -1.00956628
1860  709        -3.67660656      4.39418545     -1.04489418
1861  709        -3.71408999      4.37455375     -1.07094072
1862  709        -3.73015617      4.37702338     -1.07621491
1863  709        -3.75632005      4.39497877     -1.07053732
1864  709        -3.80222934      4.43216296     -1.07176903
1865  709        -3.85185623      4.47943242     -1.08785857
1866  709        -3.89087649      4.51960384     -1.10026381
1867  709        -3.89809843      4.52552095     -1.09390362
1868  709        -3.89261039      4.50295559     -1.07873059
1869  709        -3.89024834      4.46827643     -1.06667707
1870  709        -3.90491299      4.43421046     -1.06196674
1871  709        -3.95349514      4.41457649     -1.07370940
1872  709        -4.04454046      4.43002632     -1.11338641
1873  709        -4.16228199      4.49476368     -1.17857007
1874  709        -4.24976677      4.57287945     -1.23386873
1875  709        -4.29498047      4.61176067     -1.25897061
1876  709        -4.30135343      4.61000721     -1.25860455
1877  709        -4.28168883      4.60127296     -1.23292747
1878  709        -4.25510534      4.60997610     -1.20974285
1879  709        -4.26864764      4.63504270     -1.20133584
1880  709        -4.33204150      4.67191838     -1.20430165
1881  709        -4.39601449      4.71799498     -1.22425496
1882  709        -4.42769750      4.74517985     -1.26508703
1883  709        -4.41784189      4.73620611     -1.32718110
1884  709        -4.39520159      4.72146152     -1.39358784
1885  709        -4.38712699      4.73048935     -1.44898279
1886  709        -4.40003701      4.76765806     -1.49611914
1887  709        -4.40333735      4.80539829     -1.57140285
1888  709        -4.37738194      4.83186704     -1.67715654
1889  709        -4.33169526      4.85039521     -1.77991604
1890  709        -4.27726118      4.87062139     -1.87296614
1891  709        -4.23778781      4.88077246     -1.98104015
1892  709        -4.21414672      4.88543916     -2.09777689
1893  709        -4.20479912      4.89524540     -2.19628881
1894  709        -4.20136592      4.90592237     -2.27798971
1895  709        -4.19693884      4.90616032     -2.33603466
1896  709        -4.15696772      4.89258939     -2.37411811
1897  709        -4.11958695      4.88065619     -2.42417898
1898  709        -4.11982691      4.89105800     -2.47621590
1899  709        -4.14482605      4.95014552     -2.52493167
1900  709        -4.18003572      5.02098345     -2.58835367
1901  709        -4.19084407      5.06373635     -2.66927357
1902  709        -4.18637121      5.11496137     -2.74270643
1903  709        -4.18176567      5.16777985     -2.79957344
1904  709        -4.18685333      5.20304692     -2.83213522
1905  709        -4.18048677      5.23543949     -2.85063864
1906  709        -4.15616046      5.27470654     -2.85267127
1907  709        -4.12585007      5.31581689     -2.82030931
1908  709        -4.11572096      5.35008084     -2.76118302
1909  709        -4.13415513      5.37244839     -2.72137432
1910  709        -4.18809496      5.39525895     -2.70912139
1911  709        -4.27355428      5.41411851     -2.71414579
1912  709        -4.36472891      5.41694203     -2.70931473
1913  709        -4.43377527      5.40413064     -2.67428868
1914  709        -4.48641635      5.39245033     -2.61680945
1915  709        -4.54079767      5.39306536     -2.54805105
1916  709        -4.59126907      5.40422379     -2.47535336
1917  709        -4.62239934      5.41419212     -2.39815273
1918  709        -4.62949443      5.38146385     -2.31484699
1919  709        -4.63169131      5.30584805     -2.22474068
1920  709        -4.64295614      5.24362208     -2.14364314
1921  709        -4.67575859      5.24561869     -2.08028900
1922  709        -4.73446122      5.28135843     -2.04923744
1923  709        -4.80854626      5.30903251     -2.03883807
1924  709        -4.89114013      5.31634032     -2.01029282
1925  709        -4.97068713      5.30709924     -1.95959899
1926  709        -5.04490614      5.28222209     -1.91583766
1927  709        -5.08954603      5.24164089     -1.87973886
1928  709        -5.10321087      5.19689895     -1.84773832
1929  709        -5.10996050      5.16456762     -1.82324325
1930  709        -5.13637055      5.14839071     -1.80755449
1931  709        -5.17494154      5.15498995     -1.81462058
1932  709        -5.18613907      5.19991839     -1.82257694
1933  709        -5.18102273      5.26968813     -1.81527211
1934  709        -5.20685782      5.33282001     -1.81186854
1935  709        -5.26817218      5.37982585     -1.82637793
1936  709        -5.32502905      5.42557661     -1.83291065
1937  709        -5.36346666      5.45584776     -1.80709195
1938  709        -5.39961585      5.46671050     -1.74280751
1939  709        -5.43052408      5.46634983     -1.67239138
1940  709        -5.45495334      5.48012956     -1.61273942
1941  709        -5.47702038      5.51748271     -1.54852371
1942  709        -5.50472961      5.57988145     -1.49940779
1943  709        -5.54404904      5.65427510     -1.48593316
1944  709        -5.60109293      5.72785060     -1.50055506
1945  709        -5.67911673      5.78913049     -1.52348120
1946  709        -5.75599731      5.81531207     -1.54410971
1947  709        -5.79547861      5.79294330     -1.56474358
1948  709        -5.77788087      5.74877856     -1.58299840
1949  709        -5.73640224      5.71804604     -1.58027873
1950  709        -5.70719482      5.69098634     -1.56805646
1951  709        -5.71130631      5.66988405     -1.56619335
1952  709        -5.72822515      5.65548252     -1.58217283
1953  709        -5.73284840      5.64591946     -1.60378753
1954  709        -5.73719171      5.63223214     -1.60534744
1955  709        -5.76157036      5.60074785     -1.58297971
1956  709        -5.80294046      5.54487641     -1.56429729
1957  709        -5.84017023      5.48289677     -1.56975434
1958  709        -5.87931360      5.45676015     -1.58699262
1959  709        -5.92973045      5.47378097     -1.60875975
1960  709        -5.98303993      5.48941434     -1.60463899
1961  709        -6.01414366      5.47877525     -1.55617633
1962  709        -6.03649240      5.44805014     -1.49858766
1963  709        -6.05133214      5.42504269     -1.42658905
1964  709        -6.06101091      5.39432506     -1.33615355
1965  709        -6.06020172      5.35168981     -1.25999881
1966  709        -6.04912286      5.28325869     -1.22172326
1967  709        -6.02580330      5.20267231     -1.20309969
1968  709        -5.99587537      5.11581628     -1.18398341
1969  709        -5.96424296      5.03974365     -1.16298136
1970  709        -5.92691160      5.01892425     -1.12366070
1971  709        -5.88497718      5.05193656     -1.08907769
1972  709        -5.84773734      5.11006685     -1.07108161
1973  709        -5.82360739      5.17174004     -1.05528887
1974  709        -5.80700969      5.22816973     -1.03344314
1975  709        -5.78624413      5.28252523     -1.01226858
1976  709        -5.76089762      5.34578853     -1.00123049
1977  709        -5.74392217      5.44201249     -1.00501273
1978  709        -5.76905145      5.58412745     -1.02671726
1979  709        -5.82769659      5.71643599     -1.06858076
1980  709        -5.86063452      5.77464655     -1.13213717
1981  709        -5.82767610      5.75207528     -1.20912465
1982  709        -5.75899283      5.70582467     -1.30559625
1983  709        -5.68861264      5.65100420     -1.40342054
1984  709        -5.62643788      5.59289167     -1.47261268
1985  709        -5.59667770      5.54670493     -1.51126512
1986  709        -5.61482930      5.52509272     -1.53544334
1987  709        -5.67416276      5.51373216     -1.54846527
1988  709        -5.74169126      5.49044276     -1.53529743
1989  709        -5.77698376      5.45569630     -1.49985877
1990  709        -5.77030379      5.41304920     -1.44431971
1991  709        -5.74837782      5.35939026     -1.39627114
1992  709        -5.73886872      5.28865806     -1.37252563
1993  709        -5.75021993      5.24683120     -1.39352193
1994  709        -5.76253455      5.24248531     -1.43910822
1995  709        -5.76235557      5.23150809     -1.48644723
1996  709        -5.76476294      5.18817021     -1.50834253
1997  709        -5.78742892      5.12135289     -1.50869107
1998  709        -5.81673145      5.04890532     -1.48662417
1999  709        -5.83041593      4.98548344     -1.45507927
2000  709        -5.82088903      4.95126560     -1.43051991
2001  709        -5.80889787      4.96298535     -1.41490826
2002  709        -5.81389247      5.01766193     -1.39539707
2003  709        -5.82313173      5.07175166     -1.36804204
2004  709        -5.81912983      5.08919082     -1.36864309
2005  709        -5.82348142      5.07278414     -1.42004089
2006  709        -5.84811953      5.06128001     -1.50567628
2007  709        -5.87683942      5.08701930     -1.57938084
2008  709        -5.90387014      5.14964784     -1.62569678
2009  709        -5.92718515      5.23048722     -1.64330571
2010  709        -5.94072902      5.29335503     -1.64768662
2011  709        -5.93492699      5.31674313     -1.64141820
2012  709        -5.90678421      5.28373694     -1.61791227
2013  709        -5.85765384      5.21679596     -1.57455938
2014  709        -5.81034195      5.16305248     -1.51745184
2015  709        -5.79969694      5.14055070     -1.46706027
2016  709        -5.85877948      5.13707612     -1.44323475
2017  709        -5.95793933      5.15113237     -1.43381230
2018  709        -6.04530951      5.17613424     -1.42119092
2019  709        -6.09186035      5.20893145     -1.41299919
2020  709        -6.11249875      5.26342384     -1.41323793
2021  709        -6.13438005      5.32255604     -1.40962748
2022  709        -6.15215776      5.35865798     -1.37826430
2023  709        -6.16561783      5.36484532     -1.32759244
2024  709        -6.18751700      5.35732932     -1.27115085
2025  709        -6.21673447      5.34587228     -1.22162898
2026  709        -6.24627139      5.32128092     -1.18881373
2027  709        -6.29414542      5.28797514     -1.15349327
2028  709        -6.37664849      5.27191472     -1.10804496
2029  709        -6.46478907      5.30060334     -1.05445222
2030  709        -6.53089059      5.36979142     -1.00000753
2031  709        -6.58629820      5.46532618     -0.93703492
2032  709        -6.63972670      5.54993678     -0.86933045
2033  709        -6.67760553      5.60677857     -0.79847870
2034  709        -6.67687688      5.63115402     -0.74068765
2035  709        -6.63854088      5.64599678     -0.68719730
2036  709        -6.59752665      5.68977215     -0.64232697
2037  709        -6.58379963      5.75098464     -0.59690344
2038  709        -6.58638169      5.77726233     -0.52744250
2039  709        -6.56994414      5.76241211     -0.43193467
2040  709        -6.52332636      5.75224984     -0.33853419
2041  709        -6.44969731      5.76510479     -0.26542375
2042  709        -6.36922123      5.78839191     -0.18344426
2043  709        -6.28942887      5.81801275     -0.07889556
2044  709        -6.22528522      5.86474085      0.04263969
2045  709        -6.17580019      5.89699765      0.15787143
2046  709        -6.12017119      5.92365654      0.25784858
2047  709        -6.04523310      5.96261992      0.32995247
2048  709        -6.00685164      6.00131512      0.36501194
2049  709        -6.03845797      6.01068262      0.36532726
2050  709        -6.11117251      5.97087424      0.35695111
2051  709        -6.19524105      5.91964425      0.34871947
2052  709        -6.28624336      5.90260223      0.34724512
2053  709        -6.38128696      5.92028647      0.34832671
2054  709        -6.45966001      5.93100894      0.34161736
2055  709        -6.49621038      5.94016037      0.31768506
2056  709        -6.52550358      5.97256812      0.28980444
2057  709        -6.57910410      6.01546957      0.26657843
2058  709        -6.64218035      6.06714619      0.25675904
2059  709        -6.68118216      6.12641011      0.24560869
2060  709        -6.71838280      6.17901028      0.20773484
2061  709        -6.78700337      6.18053683      0.16188529
2062  709        -6.86350741      6.12773747      0.14512482
2063  709        -6.91964988      6.08848856      0.14910953
2064  709        -6.98437801      6.08885419      0.13696364
2065  709        -7.05552462      6.10984951      0.12487308
2066  709        -7.10998123      6.13455778      0.13899976
2067  709        -7.13186181      6.18554654      0.17495594
2068  709        -7.11099116      6.24678938      0.20418712
2069  709        -7.08325038      6.30271659      0.23642929
2070  709        -7.06496695      6.34168984      0.30286231
2071  709        -7.08018442      6.36666216      0.39934065
2072  709        -7.11181180      6.36732020      0.49891136
2073  709        -7.14337392      6.34862858      0.57091114
2074  709        -7.15834224      6.32998918      0.61775808
2075  709        -7.18399123      6.33135656      0.65734561
2076  709        -7.21121865      6.35467225      0.68924636
2077  709        -7.20829539      6.38476928      0.71134086
2078  709        -7.19365103      6.41878746      0.75411593
2079  709        -7.21491533      6.46030546      0.81762511
2080  709        -7.27221469      6.50068204      0.87462353
2081  709        -7.31021826      6.52413795      0.90186538
2082  709        -7.30432925      6.53450944      0.93166690
2083  709        -7.29170965      6.55000560      0.97465923
2084  709        -7.31354257      6.55669879      1.02243341
2085  709        -7.37489694      6.55690228      1.08324725
2086  709        -7.42696956      6.54996783      1.14793031
2087  709        -7.46043688      6.53410914      1.21449082
2088  709        -7.49867038      6.49812480      1.25481875
2089  709        -7.54135736      6.46468071      1.26324705
2090  709        -7.57211075      6.46574797      1.24307953
2091  709        -7.57494900      6.48224152      1.21465056
2092  709        -7.55353333      6.51459176      1.19101309
2093  709        -7.53526832      6.57716438      1.18124429
2094  709        -7.54536287      6.65604297      1.18282647
2095  709        -7.56642577      6.71774362      1.19033673
2096  709        -7.59070898      6.73600831      1.22233748
2097  709        -7.62258793      6.71231776      1.28081700
2098  709        -7.66272674      6.67337616      1.33550979
2099  709        -7.67973585      6.63318743      1.35553063
2100  709        -7.65824531      6.59789244      1.34540837
2101  709        -7.60120550      6.58054347      1.30346289
2102  709        -7.54606320      6.58822943      1.24992968
2103  709        -7.51387067      6.58132163      1.20058890
2104  709        -7.51110842      6.55631734      1.15599236
2105  709        -7.54353318      6.55023365      1.10849011
2106  709        -7.58947942      6.55604476      1.04504920
2107  709        -7.64379938      6.58528251      0.97905339
2108  709        -7.67969043      6.62901895      0.92854564
2109  709        -7.68702969      6.66231627      0.90631460
2110  709        -7.64093357      6.66379854      0.91007917
2111  709        -7.55993140      6.63510266      0.91847568
2112  709        -7.48669639      6.59131577      0.91880051
2113  709        -7.46153652      6.55668911      0.92851904
2114  709        -7.45835778      6.53875438      0.94569169
2115  709        -7.43743733      6.53281393      0.97468968
2116  709        -7.40575785      6.55716275      1.00613053
2117  709        -7.41315057      6.61081273      1.01187934
2118  709        -7.45907086      6.67165362      1.01396552
2119  709        -7.50935157      6.73815497      1.03193241
2120  709        -7.57380743      6.81128778      1.05375539
2121  709        -7.63695447      6.88408196      1.05337009
2122  709        -7.68905467      6.94016109      1.02711412
2123  709        -7.69850920      6.95500704      1.00337723
2124  709        -7.67251085      6.93270608      0.98860994
2125  709        -7.61770841      6.89726943      0.95989490
2126  709        -7.57082506      6.87723322      0.91684686
2127  709        -7.55973300      6.87561090      0.88521436
2128  709        -7.56407082      6.88022962      0.87954289
2129  709        -7.57198080      6.88461721      0.88548642
2130  709        -7.57572927      6.89442683      0.88024622
2131  709        -7.59408212      6.92022941      0.82781415
2132  709        -7.59529735      6.92991031      0.74334227
2133  709        -7.56268206      6.92264813      0.67645407
2134  709        -7.52565251      6.89943099      0.63397723
2135  709        -7.52028697      6.87401641      0.59422274
2136  709        -7.51809829      6.84029910      0.56233894
2137  709        -7.49898990      6.82082473      0.55567631
2138  709        -7.49333285      6.83706172      0.57323111
2139  709        -7.52897823      6.86672235      0.59107054
2140  709        -7.58757424      6.88045722      0.60494792
2141  709        -7.61291026      6.89064765      0.62389411
2142  709        -7.59263326      6.89174918      0.64907297
2143  709        -7.54391702      6.86064643      0.68320278
2144  709        -7.49388935      6.82442380      0.70029813
2145  709        -7.44141574      6.81269476      0.69631636
2146  709        -7.41792357      6.81300554      0.68280118
2147  709        -7.44836671      6.82147292      0.72207371
2148  709        -7.50262227      6.85388326      0.82035414
2149  709        -7.54828673      6.91700058      0.91194411
2150  709        -7.57303560      6.97174717      0.94189776
2151  709        -7.58577038      6.98942064      0.91841383
2152  709        -7.57964667      6.99565264      0.85999463
2153  709        -7.56467928      7.01589928      0.79603619
2154  709        -7.52308317      7.05334607      0.76941669
2155  709        -7.47312901      7.09401585      0.79247597
2156  709        -7.45024617      7.13327669      0.84854374
2157  709        -7.46575973      7.19062830      0.91132322
2158  709        -7.51271071      7.26575841      0.96908663
2159  709        -7.57192333      7.33196369      1.01033061
2160  709        -7.60592466      7.37880252      1.01457956
2161  709        -7.59370654      7.41331722      0.97791715
2162  709        -7.56958764      7.43155156      0.93888234
2163  709        -7.55858185      7.44877561      0.92448309
2164  709        -7.55694107      7.45705592      0.92521810
2165  709        -7.54071054      7.45932833      0.92694924
2166  709        -7.50741995      7.45784409      0.95399605
2167  709        -7.48807066      7.44322169      1.01894304
2168  709        -7.50646345      7.42840696      1.10462294
2169  709        -7.54572617      7.42083889      1.17183762
2170  709        -7.59633124      7.40421592      1.20802978
2171  709        -7.63517524      7.38066372      1.21795114
2172  709        -7.63942831      7.37060531      1.20425452
2173  709        -7.60678618      7.38576540      1.17024048
2174  709        -7.55063514      7.41060869      1.10819581
2175  709        -7.49358447      7.44068385      1.03981044
2176  709        -7.46863885      7.49147015      0.98016055
2177  709        -7.47861438      7.52857093      0.97203133
2178  709        -7.48840157      7.52844046      1.03357155
2179  709        -7.49117513      7.50675578      1.13327722
2180  709        -7.49554089      7.51297523      1.21694316
2181  709        -7.51136844      7.55019151      1.24577015
2182  709        -7.50839515      7.59747996      1.21154766
2183  709        -7.48276832      7.61864252      1.14317163
2184  709        -7.46097485      7.60693633      1.09053351
2185  709        -7.45960097      7.56930974      1.06057308
2186  709        -7.45453517      7.53624660      1.04107435
2187  709        -7.44342505      7.52959265      1.00781616
2188  709        -7.42745306      7.54918063      0.96909810
2189  709        -7.40401843      7.55544300      0.93363425
2190  709        -7.37460317      7.54289324      0.90255274
2191  709        -7.37312681      7.54315252      0.88431043
2192  709        -7.42292949      7.57216789      0.86672158
2193  709        -7.48419880      7.59997594      0.86645180
2194  709        -7.53733315      7.60218880      0.87741247
2195  709        -7.59000717      7.58194704      0.87421591
2196  709        -7.62051539      7.54921706      0.84041074
2197  709        -7.60327556      7.52767894      0.78483780
2198  709        -7.54747584      7.52519760      0.71075836
2199  709        -7.47292915      7.52328391      0.62629557
2200  709        -7.42958290      7.50481609      0.53712380
2201  709        -7.46520466      7.48212188      0.46915357
2202  709        -7.54476018      7.47576566      0.42535912
2203  709        -7.60576115      7.47524605      0.38351345
2204  709        -7.61316281      7.46619063      0.35641128
2205  709        -7.57768530      7.44962350      0.35259271
2206  709        -7.54133567      7.42812502      0.35068081
2207  709        -7.55231088      7.42787243      0.31879959
2208  745        -5.40313567      6.59391709      1.04585254
2209  745        -5.38382787      6.54779166      1.06087139
2210  745        -5.40392054      6.51775988      1.06856239
2211  745        -5.44895671      6.50550544      1.07094107
2212  745        -5.48889476      6.48814218      1.08014319
2213  745        -5.51836302      6.47577117      1.10023116
2214  745        -5.54529817      6.49983104      1.16028719
2215  745        -5.55403872      6.56207267      1.24142745
2216  745        -5.54894448      6.64193132      1.30196946
2217  745        -5.54573439      6.69680756      1.33382573
2218  745        -5.56484862      6.71452572      1.35317207
2219  745        -5.60249333      6.70620432      1.36517886
2220  745        -5.65857786      6.69686680      1.34317026
2221  745        -5.72104407      6.70726636      1.29906516
2222  745        -5.78108797      6.73163775      1.24697035
2223  745        -5.82553289      6.75334975      1.17140465
2224  745        -5.82793720      6.77004997      1.06514245
2225  745        -5.79571386      6.79009959      0.93834769
2226  745        -5.74273502      6.82825489      0.81833973
2227  745        -5.68727359      6.88100438      0.73220998
2228  745        -5.62358740      6.93214403      0.69678116
2229  745        -5.56432384      6.97607637      0.70368849
2230  745        -5.49644774      7.00650541      0.71392230
2231  745        -5.43945782      7.02552827      0.70848377
2232  745        -5.42481324      7.04942825      0.68917555
2233  745        -5.41470047      7.06564378      0.67614385
2234  745        -5.38223204      7.05950692      0.68034875
2235  745        -5.30689871      7.04097003      0.69352419
2236  745        -5.23114912      7.00970318      0.68894636
2237  745        -5.21602765      6.99615813      0.64395916
2238  745        -5.22315120      6.98564796      0.60134128
2239  745        -5.19497766      6.94013538      0.58679273
2240  745        -5.14619523      6.89215595      0.57703415
2241  745        -5.10516979      6.87076201      0.57585265
2242  745        -5.07911900      6.85922931      0.57293650
2243  745        -5.06202541      6.85255406      0.56159051
2244  745        -5.06612122      6.87935220      0.53612804
2245  745        -5.09144590      6.91605632      0.47688073
2246  745        -5.13384219      6.92713768      0.39674677
2247  745        -5.18405246      6.90482735      0.31199485
2248  745        -5.23973433      6.86130056      0.23433422
2249  745        -5.27933427      6.81405567      0.17010240
2250  745        -5.30679985      6.77320027      0.11948084
2251  745        -5.32097092      6.74039966      0.08887462
2252  745        -5.32562977      6.70379033      0.08649148
2253  745        -5.31537648      6.67248256      0.09810799
2254  745        -5.27279052      6.65481633      0.10093042
2255  745        -5.20783861      6.63559503      0.11700484
2256  745        -5.14718536      6.60458210      0.16478129
2257  745        -5.12202065      6.58834572      0.23695608
2258  745        -5.14595477      6.58176432      0.31465189
2259  745        -5.21871693      6.57524231      0.36902869
2260  745        -5.32008170      6.55737997      0.38461696
2261  745        -5.43642760      6.53397682      0.36659299
2262  745        -5.54285298      6.51320279      0.34202759
2263  745        -5.62292969      6.48696678      0.33390214
2264  745        -5.65913127      6.44778376      0.33260301
2265  745        -5.67272607      6.40415740      0.32696051
2266  745        -5.68027902      6.37651329      0.31921397
2267  745        -5.68112168      6.35492564      0.31570643
2268  745        -5.65577202      6.34330727      0.34038991
2269  745        -5.62895334      6.33379568      0.36912450
2270  745        -5.64034469      6.32073608      0.37574904
2271  745        -5.70038157      6.28458841      0.34689836
2272  745        -5.77694395      6.22769914      0.32014533
2273  745        -5.81581264      6.16828679      0.32329385
2274  745        -5.80572878      6.13227614      0.33547562
2275  745        -5.76081736      6.11055236      0.33984514
2276  745        -5.70684555      6.08917627      0.34134555
2277  745        -5.64435344      6.08407291      0.34797124
2278  745        -5.59482363      6.11175434      0.34774628
2279  745        -5.58315609      6.17099556      0.32063856
2280  745        -5.61242833      6.23851724      0.27873210
2281  745        -5.67439392      6.29871265      0.23592391
2282  745        -5.73357576      6.33130143      0.18821811
2283  745        -5.75596384      6.32922222      0.14681522
2284  745        -5.71122551      6.30977661      0.10913276
2285  745        -5.61261116      6.29335434      0.09552358
2286  745        -5.49520253      6.29410442      0.10087746
2287  745        -5.36578521      6.30639477      0.10500322
2288  745        -5.25223278      6.34102253      0.08816731
2289  745        -5.17558076      6.38344456      0.07060421
2290  745        -5.14557802      6.39972697      0.04062231
2291  745        -5.14669476      6.37848448      0.00237769
2292  745        -5.16735065      6.33891251     -0.03002279
2293  745        -5.19437529      6.29215814     -0.03783094
2294  745        -5.20904910      6.25984186     -0.02229189
2295  745        -5.18957583      6.26185975     -0.01200883
2296  745        -5.15018584      6.27196467     -0.01598287
2297  745        -5.10229354      6.25195796     -0.01261731
2298  745        -5.04741613      6.20333731      0.02284750
2299  745        -4.99384571      6.16008869      0.06595704
2300  745        -4.93543652      6.14860065      0.08890530
2301  745        -4.87368977      6.17704142      0.08150000
2302  745        -4.83792069      6.22752485      0.07345821
2303  745        -4.84374734      6.28223574      0.07715600
2304  745        -4.85346907      6.32824608      0.09240012
2305  745        -4.85149998      6.34147515      0.13635293
2306  745        -4.85143379      6.29909048      0.19866695
2307  745        -4.87758322      6.21576410      0.24527903
2308  745        -4.91384399      6.13558599      0.24466408
2309  745        -4.92331665      6.07086647      0.20366832
2310  745        -4.89974372      6.01549386      0.14577636
2311  745        -4.86463960      5.98125366      0.09430676
2312  745        -4.81774968      5.98073185      0.06257680
2313  745        -4.77432579      5.98984292      0.06458306
2314  745        -4.74830449      5.98917506      0.10565048
2315  745        -4.71239583      5.97418948      0.17416287
2316  745        -4.68468257      5.96533417      0.23811852
2317  745        -4.67371859      5.93383952      0.27833752
2318  745        -4.66835771      5.87604399      0.29523475
2319  745        -4.66566660      5.81468322      0.28743223
2320  745        -4.67350814      5.77625324      0.26994182
2321  745        -4.72269063      5.74839091      0.25063003
2322  745        -4.80001678      5.70700800      0.23875520
2323  745        -4.87717778      5.69037499      0.23757077
2324  745        -4.92096407      5.71426174      0.24330703
2325  745        -4.94072107      5.75956235      0.25723600
2326  745        -4.94561904      5.79567292      0.28113034
2327  745        -4.95061927      5.82855863      0.29754504
2328  745        -4.94588599      5.88133893      0.30837623
2329  745        -4.94951494      5.93361739      0.31674824
2330  745        -4.96142570      5.93276676      0.32720936
2331  745        -4.98962104      5.89831811      0.33840622
2332  745        -5.02939549      5.86131096      0.33759908
2333  745        -5.05721943      5.81969167      0.32590592
2334  745        -5.06946361      5.77450898      0.31638757
2335  745        -5.06947852      5.76017791      0.31656074
2336  745        -5.05616769      5.79895123      0.33238537
2337  745        -5.01824566      5.86720566      0.36340299
2338  745        -4.98207517      5.94010337      0.40138993
2339  745        -4.97422181      6.00030428      0.44977335
2340  745        -5.00962169      6.05372991      0.49735078
2341  745        -5.05481379      6.10073411      0.53905666
2342  745        -5.09106108      6.13000661      0.56882610
2343  745        -5.11270789      6.12553040      0.60375707
2344  745        -5.12593209      6.10022073      0.63861005
2345  745        -5.11144907      6.09139605      0.67310163
2346  745        -5.07795675      6.12307689      0.70960748
2347  745        -5.03525835      6.17924077      0.73421519
2348  745        -4.97296534      6.22904710      0.72564214
2349  745        -4.90417845      6.26585507      0.70464619
2350  745        -4.85342401      6.28079924      0.69856936
2351  745        -4.83111596      6.28522193      0.71021706
2352  745        -4.84882315      6.27394738      0.74644881
2353  745        -4.90168453      6.25526397      0.80670135
2354  745        -4.94945828      6.23692875      0.85648016
2355  745        -4.95478601      6.24003936      0.85949234
2356  745        -4.90540212      6.26226743      0.81767892
2357  745        -4.82854070      6.27364785      0.76451979
2358  745        -4.74626383      6.26730927      0.72327851
2359  745        -4.66708474      6.22114246      0.70069812
2360  745        -4.62168743      6.17045226      0.69456519
2361  745        -4.62227700      6.14111669      0.70000224
2362  745        -4.64745202      6.12682930      0.70364686
2363  745        -4.66636550      6.11184728      0.70603480
2364  745        -4.66641522      6.10250242      0.70325193
2365  745        -4.65089158      6.10640802      0.70799974
2366  745        -4.65392783      6.10498591      0.72035086
2367  745        -4.67891898      6.08734780      0.71505529
2368  745        -4.70100754      6.07786252      0.70542349
2369  745        -4.70807104      6.08780875      0.68391630
2370  745        -4.72097346      6.09730234      0.64003898
2371  745        -4.73840275      6.11387884      0.60834297
2372  745        -4.75058076      6.11744344      0.59148574
2373  745        -4.76826499      6.10070183      0.57414254
2374  745        -4.79376773      6.06132670      0.54980684
2375  745        -4.82040080      6.03203279      0.52816355
2376  745        -4.84995587      6.00539172      0.52981992
2377  745        -4.87300464      5.96248300      0.53778060
2378  745        -4.87307966      5.92253498      0.52531626
2379  745        -4.85822075      5.91201820      0.48688454
2380  745        -4.83231731      5.92670258      0.44781302
2381  745        -4.80163102      5.94677915      0.42304482
2382  745        -4.75721216      5.95924166      0.41042770
2383  745        -4.73342190      5.93385236      0.39237970
2384  745        -4.75460122      5.87420764      0.38109960
2385  745        -4.80308092      5.79222573      0.38548728
2386  745        -4.86493568      5.72770050      0.39428496
2387  745        -4.91644262      5.67868126      0.40247963
2388  745        -4.93318194      5.65674270      0.40940828
2389  745        -4.90770142      5.67704977      0.40317992
2390  745        -4.86254946      5.70906571      0.36740494
2391  745        -4.84212755      5.71659182      0.30738039
2392  745        -4.84694350      5.67823425      0.25709808
2393  745        -4.86768511      5.61555547      0.25062301
2394  745        -4.90713868      5.56585280      0.29002141
2395  745        -4.96612887      5.57112499      0.35177309
2396  745        -5.02274437      5.59956674      0.42268715
2397  745        -5.04452603      5.61205630      0.48867009
2398  745        -5.03601942      5.61170205      0.52936579
2399  745        -5.02366836      5.61788504      0.52715372
2400  745        -4.99478786      5.62915819      0.51204660
2401  745        -4.94924990      5.66471932      0.49820050
2402  745        -4.90697061      5.72110272      0.49016301
2403  745        -4.86647870      5.77212906      0.48474486
2404  745        -4.82132661      5.79986904      0.49368843
2405  745        -4.78893227      5.77756122      0.53602805
2406  745        -4.81041041      5.74879359      0.60424101
2407  745        -4.85831814      5.77724790      0.70215076
2408  745        -4.88149863      5.83625529      0.81572506
2409  745        -4.86691723      5.85736401      0.93425794
2410  745        -4.82797140      5.81618336      1.03835812
2411  745        -4.75719917      5.74394843      1.07882491
2412  745        -4.63919700      5.68489118      1.07106186
2413  745        -4.49302413      5.64820708      1.09144867
2414  745        -4.35536864      5.62941628      1.15213581
2415  745        -4.24057892      5.64659517      1.21460257
2416  745        -4.14445173      5.69792532      1.25728952
2417  745        -4.08936519      5.73593121      1.30489591
2418  745        -4.08994096      5.73711395      1.37004180
2419  745        -4.09257407      5.70359621      1.41813544
2420  745        -4.04613927      5.67117200      1.41746066
2421  745        -3.95732244      5.63861136      1.39228811
2422  745        -3.84942441      5.58365143      1.35827862
2423  745        -3.73420658      5.52526792      1.31170688
2424  745        -3.61913670      5.49746404      1.27448117
2425  745        -3.50857765      5.49024967      1.30700627
2426  745        -3.42042944      5.45046306      1.39803853
2427  745        -3.34179991      5.38793365      1.46952612
2428  745        -3.25713146      5.30980808      1.48638959
2429  745        -3.18901741      5.24053452      1.48426025
2430  745        -3.12364945      5.20616388      1.47739439
2431  745        -3.04279447      5.19338010      1.45045341
2432  745        -2.94205527      5.21502649      1.43103363
2433  745        -2.87657486      5.24950315      1.43484321
2434  745        -2.85291204      5.26765819      1.44951624
2435  745        -2.86730033      5.27878446      1.45300982
2436  745        -2.89015573      5.29925097      1.45338670
2437  745        -2.92386558      5.32494201      1.44629094
2438  745        -2.95347903      5.37029171      1.42695485
2439  745        -2.98329456      5.45418007      1.38369415
2440  745        -3.02069627      5.55978407      1.32591004
2441  745        -3.06720846      5.64703711      1.27123270
2442  745        -3.14312913      5.69736132      1.23156541
2443  745        -3.23972374      5.73276206      1.20737755
2444  745        -3.33189254      5.77548610      1.19602329
2445  745        -3.41949391      5.81823399      1.21478788
2446  745        -3.51939070      5.88365611      1.26497652
2447  745        -3.61380306      5.95880533      1.32395249
2448  745        -3.70299463      6.03865880      1.37512017
2449  745        -3.78696277      6.10558552      1.41447522
2450  745        -3.85239651      6.16252732      1.43180016
2451  745        -3.88560679      6.22237594      1.42022765
2452  745        -3.90118673      6.29876889      1.39550221
2453  745        -3.92801997      6.35791070      1.39303169
2454  745        -3.97720414      6.38491446      1.40399369
2455  745        -4.04605690      6.38770318      1.41666642
2456  745        -4.10006515      6.41468031      1.41416888
2457  745        -4.14166696      6.47120791      1.39572620
2458  745        -4.20572571      6.51202084      1.38774442
2459  745        -4.30857123      6.52235755      1.40218398
2460  745        -4.42305011      6.51666798      1.41730333
2461  745        -4.49471354      6.54428389      1.40658928
2462  745        -4.50333641      6.59588714      1.36534808
2463  745        -4.48012734      6.64229488      1.30301840
2464  745        -4.46731071      6.64799816      1.24813303
2465  745        -4.47974255      6.62494563      1.21780050
2466  745        -4.50632429      6.61959446      1.19532269
2467  745        -4.53617731      6.65156008      1.16548072
2468  745        -4.55583517      6.70307147      1.13068632
2469  745        -4.55422187      6.73775754      1.09298251
2470  745        -4.53915961      6.75882777      1.07668702
2471  745        -4.51151936      6.77796851      1.07945154
2472  745        -4.46804588      6.79401393      1.07150621
2473  745        -4.41378973      6.80449358      1.03677002
2474  745        -4.36638352      6.81936264      0.96720277
2475  745        -4.33900558      6.84708566      0.88537708
2476  745        -4.32833233      6.88138902      0.81149034
2477  745        -4.33925543      6.91165057      0.75139724
2478  745        -4.35685368      6.93374849      0.71134218
2479  745        -4.35833846      6.95397378      0.70003902
2480  745        -4.33669759      6.98821400      0.70396841
2481  745        -4.31513266      7.00459307      0.70491784
2482  745        -4.30403246      6.97560663      0.69806461
2483  745        -4.30594429      6.92695245      0.68013118
2484  745        -4.31904864      6.91904115      0.66536176
2485  745        -4.33842594      6.95705353      0.65433744
2486  745        -4.36253961      6.98406656      0.65983430
2487  745        -4.39920283      6.97566406      0.68901321
2488  745        -4.44127849      6.94290147      0.74151884
2489  745        -4.46781962      6.91889715      0.81129196
2490  745        -4.46199659      6.90342475      0.90248143
2491  745        -4.43240959      6.88580074      1.00778132
2492  745        -4.39965510      6.87252783      1.11392433
2493  745        -4.38783345      6.87430228      1.19720827
2494  745        -4.38159086      6.90320035      1.25226311
2495  745        -4.37367944      6.93551853      1.28015310
2496  745        -4.37199986      6.95475674      1.27032589
2497  745        -4.38842453      6.94572854      1.21822138
2498  745        -4.41818717      6.92585433      1.14769177
2499  745        -4.44060434      6.91227682      1.08679535
2500  745        -4.45025349      6.90315762      1.01856742
2501  745        -4.45473754      6.87083920      0.92978134
2502  745        -4.48217999      6.82047685      0.81940733
2503  745        -4.52970105      6.78238474      0.73004166
2504  745        -4.60517813      6.74958203      0.66693795
2505  745        -4.68678295      6.72068054      0.60013463
2506  745        -4.74706794      6.70769377      0.51082108
2507  745        -4.77441541      6.69734391      0.41935915
2508  745        -4.79366566      6.65921172      0.33078451
2509  745        -4.80901777      6.60199759      0.22894326
2510  745        -4.80327430      6.54079031      0.11048782
2511  745        -4.77793234      6.49819149     -0.01580696
2512  745        -4.75583169      6.46196031     -0.12432649
2513  745        -4.76205209      6.41112715     -0.21982397
2514  745        -4.77458951      6.36036779     -0.29707787
2515  745        -4.78195194      6.33377259     -0.35076250
2516  745        -4.77549849      6.33310557     -0.38333999
2517  745        -4.77637779      6.34067700     -0.41936902
2518  745        -4.78155233      6.34762611     -0.47943100
2519  745        -4.78175154      6.36375033     -0.55846977
2520  745        -4.76613905      6.39099842     -0.64286329
2521  745        -4.74075533      6.41588091     -0.70162754
2522  745        -4.71478271      6.43935828     -0.73433153
2523  745        -4.69149278      6.48506642     -0.74756674
2524  745        -4.66113154      6.56458074     -0.75485233
2525  745        -4.61190203      6.65005319     -0.76134408
2526  745        -4.57130928      6.68434375     -0.76328467
2527  745        -4.56392481      6.64885107     -0.74466212
2528  745        -4.57468014      6.59022790     -0.71032017
2529  745        -4.55841807      6.58168911     -0.68473873
2530  745        -4.51705628      6.62203884     -0.68662152
2531  745        -4.47714942      6.66769815     -0.70601135
2532  745        -4.44144809      6.69670064     -0.72127442
2533  745        -4.38327267      6.70920164     -0.72667965
2534  745        -4.31434864      6.72907880     -0.72041122
2535  745        -4.27111311      6.76323159     -0.70345805
2536  745        -4.24961907      6.78837478     -0.68951523
2537  745        -4.24288756      6.79397801     -0.67421340
2538  745        -4.24264780      6.79186378     -0.63106591
2539  745        -4.26051035      6.80102913     -0.58569771
2540  745        -4.29360587      6.84767174     -0.55705287
2541  745        -4.31551208      6.92559738     -0.55360253
2542  745        -4.29463148      7.01447311     -0.55450454
2543  745        -4.23092935      7.11335041     -0.55707347
2544  745        -4.19280313      7.21208817     -0.56763602
2545  745        -4.21227723      7.28167711     -0.59788196
2546  745        -4.28121180      7.30899243     -0.62840161
2547  745        -4.35071155      7.31359475     -0.65589773
2548  745        -4.40222984      7.30840012     -0.67362064
2549  745        -4.43302698      7.29726963     -0.65509195
2550  745        -4.45829031      7.29406652     -0.61964220
2551  745        -4.48592191      7.30869733     -0.60058334
2552  745        -4.50442012      7.34349374     -0.60768388
2553  745        -4.50734909      7.37487940     -0.62770718
2554  745        -4.49428458      7.40062824     -0.64220088
2555  745        -4.49412873      7.42810555     -0.64124871
2556  745        -4.50356848      7.45232971     -0.61389608
2557  745        -4.50662105      7.46012020     -0.56953954
2558  745        -4.49555416      7.46445464     -0.53485742
2559  745        -4.45909947      7.47325653     -0.52303215
2560  745        -4.38442241      7.50154673     -0.52412012
2561  745        -4.30915793      7.54898242     -0.52639963
2562  745        -4.26269575      7.60167543     -0.51963074
2563  745        -4.24175441      7.64645534     -0.52070095
2564  745        -4.24501973      7.67284457     -0.53640809
2565  745        -4.27839239      7.69064054     -0.57894141
2566  745        -4.31907925      7.69965174     -0.65322152
2567  745        -4.33372128      7.68310268     -0.74017748
2568  745        -4.33513342      7.61600686     -0.80025400
2569  745        -4.33188286      7.51429878     -0.83905160
2570  745        -4.31995428      7.42371775     -0.86795184
2571  745        -4.29062617      7.38233958     -0.86588753
2572  745        -4.25072093      7.38581982     -0.84091449
2573  745        -4.20635845      7.38443747     -0.82077131
2574  745        -4.16572157      7.34454857     -0.81805027
2575  745        -4.13057662      7.29106544     -0.84216425
2576  745        -4.10413981      7.25855187     -0.89821838
2577  745        -4.09149770      7.25190604     -0.95996563
2578  745        -4.08386338      7.26634617     -0.99980006
2579  745        -4.05724735      7.28994461     -1.03542549
2580  745        -4.01559768      7.27509845     -1.07360091
2581  745        -3.96044053      7.20904789     -1.10466255
2582  745        -3.91008831      7.13200518     -1.13952696
2583  745        -3.87992073      7.06285709     -1.16759979
2584  745        -3.85665107      6.99717789     -1.17424812
2585  745        -3.82995799      6.93567199     -1.16976105
2586  745        -3.81168782      6.89279024     -1.16497740
2587  745        -3.83320219      6.85715690     -1.16565850
2588  745        -3.88451410      6.82534154     -1.14867941
2589  745        -3.91645995      6.78960266     -1.09601420
2590  745        -3.89680265      6.73337645     -1.02741650
2591  745        -3.86401629      6.65220813     -0.96064966
2592  745        -3.86364780      6.57900039     -0.91942505
2593  745        -3.89274611      6.53686789     -0.88694897
2594  745        -3.94284245      6.53323653     -0.85439151
2595  745        -3.99942483      6.56592632     -0.82684278
2596  745        -4.04520524      6.60234338     -0.81453001
2597  745        -4.06352637      6.63141459     -0.82426754
2598  745        -4.06631905      6.65467449     -0.84318351
2599  745        -4.07797280      6.67222841     -0.87102703
2600  745        -4.08922834      6.66547911     -0.89116078
2601  745        -4.07680734      6.59560398     -0.87878371
2602  745        -4.06756104      6.47270841     -0.83147437
2603  745        -4.09301365      6.36039765     -0.78660813
2604  745        -4.14324801      6.30232182     -0.77074296
2605  745        -4.19633030      6.30400184     -0.78352395
2606  745        -4.23867964      6.32277119     -0.81126933
2607  745        -4.29025304      6.32268334     -0.82126527
2608  745        -4.33405989      6.29458347     -0.81945900
2609  745        -4.35327141      6.22923603     -0.78835864
2610  745        -4.36246991      6.14911868     -0.77670502
2611  745        -4.36355193      6.06432805     -0.78761363
2612  745        -4.32285541      5.98450529     -0.81151298
2613  745        -4.23320285      5.92206135     -0.81478666
2614  745        -4.13759915      5.86545963     -0.80895828
2615  745        -4.08651329      5.80872024     -0.81925207
2616  745        -4.11623596      5.73731702     -0.83643763
2617  745        -4.18097734      5.65031083     -0.82918972
2618  745        -4.22960635      5.55751565     -0.79370803
2619  745        -4.23247003      5.47765985     -0.78168492
2620  745        -4.18181942      5.42223989     -0.80176130
2621  745        -4.11493916      5.38021216     -0.80788599
2622  745        -4.04573138      5.35270975     -0.79421968
2623  745        -4.01597826      5.34201883     -0.79755512
2624  745        -4.00869251      5.35911241     -0.83503817
2625  745        -4.02330703      5.38463703     -0.89442056
2626  745        -4.04687051      5.38986948     -0.95181862
2627  745        -4.07716786      5.37479444     -1.00805503
2628  745        -4.10248066      5.36445558     -1.07196063
2629  745        -4.07629559      5.35533079     -1.13907417
2630  745        -3.99477575      5.32285501     -1.20381697
2631  745        -3.90480735      5.25815792     -1.25348412
2632  745        -3.86701445      5.17064257     -1.27224445
2633  745        -3.86004939      5.07333011     -1.28503125
2634  745        -3.85085546      4.99741599     -1.30398963
2635  745        -3.85061000      4.96605804     -1.34937375
2636  745        -3.84746522      4.97616680     -1.39809590
2637  745        -3.83008904      4.99742945     -1.43436554
2638  745        -3.80094796      5.00116388     -1.44290598
2639  745        -3.75396017      4.96220841     -1.44348196
2640  745        -3.68856264      4.88710395     -1.44798228
2641  745        -3.60764464      4.81825047     -1.45740567
2642  745        -3.51523764      4.79407825     -1.48125065
2643  745        -3.42236442      4.81708436     -1.51023135
2644  745        -3.35657966      4.87417852     -1.54770526
2645  745        -3.33998314      4.96457831     -1.59011958
2646  745        -3.36082786      5.06956959     -1.63096320
2647  745        -3.37799772      5.14963533     -1.64900540
2648  745        -3.40049008      5.17371633     -1.64366237
2649  745        -3.44805591      5.17806977     -1.62677562
2650  745        -3.48169465      5.19538563     -1.61165889
2651  745        -3.50874254      5.22066189     -1.61561090
2652  745        -3.53080528      5.21513331     -1.61947143
2653  745        -3.52020087      5.17363533     -1.58502055
2654  745        -3.49813470      5.13541473     -1.53929779
2655  745        -3.50876921      5.12736584     -1.50237231
2656  745        -3.54792542      5.12888736     -1.48190757
2657  745        -3.57539784      5.11346579     -1.46908329
2658  745        -3.57935260      5.09999018     -1.46952117
2659  745        -3.57111393      5.08284976     -1.49270445
2660  745        -3.55711476      5.03457741     -1.52843022
2661  745        -3.53294873      4.96009705     -1.55979394
2662  745        -3.51580043      4.88904382     -1.59192567
2663  745        -3.50410395      4.84062813     -1.62075008
2664  745        -3.52919721      4.78805540     -1.63078629
2665  745        -3.58178513      4.69767429     -1.59730292
2666  745        -3.63792747      4.58715876     -1.52476386
2667  745        -3.69294000      4.49361533     -1.43666151
2668  745        -3.71463784      4.43782014     -1.36910827
2669  745        -3.69785871      4.42677443     -1.34071760
2670  745        -3.66377092      4.45063467     -1.33966117
2671  745        -3.63665938      4.49750411     -1.35899874
2672  745        -3.61579345      4.54646172     -1.37883329
2673  745        -3.60392671      4.57009739     -1.38370339
2674  745        -3.61423240      4.56059409     -1.35037395
2675  745        -3.64114768      4.53138794     -1.26786183
2676  745        -3.66507875      4.50017124     -1.16201906
2677  745        -3.69435450      4.46515564     -1.09668334
2678  745        -3.74265946      4.41637488     -1.09261726
2679  745        -3.81297839      4.36096374     -1.12751579
2680  745        -3.89371951      4.32013902     -1.15789681
2681  745        -3.94105210      4.30359082     -1.17769305
2682  745        -3.93782810      4.31201845     -1.19898355
2683  745        -3.89829814      4.33379028     -1.21094889
2684  745        -3.84117406      4.37258977     -1.20575033
2685  745        -3.79548658      4.40674722     -1.18340139
2686  745        -3.77021564      4.40948301     -1.17990402
2687  745        -3.75905850      4.39233249     -1.19853357
2688  745        -3.76519472      4.38852567     -1.23123400
2689  745        -3.79913229      4.40865019     -1.26647654
2690  745        -3.84465649      4.44936274     -1.30248022
2691  745        -3.87877152      4.50000395     -1.33626697
2692  745        -3.89830569      4.55625229     -1.35677790
2693  745        -3.92597480      4.60544423     -1.36421459
2694  745        -3.96221074      4.61099766     -1.37599270
2695  745        -3.99167399      4.57607412     -1.41179563
2696  745        -4.01418448      4.52862838     -1.46154741
2697  745        -4.02639702      4.50050234     -1.50780425
2698  745        -4.01436650      4.48658542     -1.54605488
2699  745        -3.96309707      4.46367292     -1.57462504
2700  745        -3.88593717      4.41291485     -1.58454255
2701  745        -3.81608512      4.35232373     -1.58470270
2702  745        -3.78240574      4.30513421     -1.59273276
2703  745        -3.78736304      4.26343265     -1.60837218
2704  745        -3.80304879      4.22218106     -1.62168439
2705  745        -3.83130699      4.19039642     -1.62521794
2706  745        -3.87587783      4.16815649     -1.63685353
2707  745        -3.91516211      4.13463809     -1.66321286
2708  745        -3.90458699      4.09343481     -1.69110239
2709  745        -3.84485858      4.05041485     -1.71932075
2710  745        -3.77184765      4.00204548     -1.74551162
2711  745        -3.71117378      3.94915447     -1.75458691
2712  745        -3.66747841      3.89441173     -1.74182667
2713  745        -3.64174754      3.85022861     -1.72784275
2714  745        -3.63598244      3.82676513     -1.72748253
2715  745        -3.63726895      3.83774222     -1.74269048
2716  745        -3.63901694      3.87326869     -1.76345335
2717  745        -3.63224849      3.91960903     -1.78283217
2718  745        -3.61752830      3.96286660     -1.81394614
2719  745        -3.61635236      3.98050460     -1.86314251
2720  745        -3.62640282      3.97029000     -1.93147239
2721  745        -3.62987241      3.95161287     -1.99552040
2722  745        -3.63688736      3.95286907     -2.02820990
2723  745        -3.67193004      3.96045413     -2.02065542
2724  745        -3.68920645      3.95575482     -2.00053200
2725  745        -3.67139788      3.92135505     -1.99594127
2726  745        -3.64979145      3.85894729     -1.99279844
2727  745        -3.67923146      3.76712731     -1.98365671
2728  745        -3.75000658      3.67082870     -1.97236145
2729  745        -3.81543697      3.60527405     -1.97818430
2730  745        -3.85059490      3.58500659     -1.97758901
2731  745        -3.85701421      3.59674522     -1.95157397
2732  745        -3.85542133      3.61061573     -1.92698510
2733  745        -3.83619667      3.63284250     -1.94367991
2734  745        -3.81250213      3.67972005     -1.98618676
2735  745        -3.79489297      3.72095877     -2.02904241
2736  745        -3.79014183      3.74346880     -2.05601541
2737  745        -3.78821291      3.74241390     -2.07472732
2738  745        -3.79420782      3.72849917     -2.09026279
2739  745        -3.80972768      3.73035076     -2.09627872
2740  745        -3.84426488      3.76241552     -2.10725273
2741  745        -3.86810841      3.82131870     -2.13442878
2742  745        -3.87737344      3.86871179     -2.16683858
2743  745        -3.89904465      3.87676353     -2.15572513
2744  745        -3.93890108      3.84134877     -2.12117119
2745  745        -3.97840959      3.80597630     -2.10562825
2746  745        -4.00497053      3.77399640     -2.13325101
2747  745        -4.05663872      3.74155138     -2.16892427
2748  745        -4.14326578      3.71005958     -2.19477345
2749  745        -4.24637644      3.70330281     -2.22387200
2750  745        -4.31899949      3.72687645     -2.25637978
2751  745        -4.32845475      3.72737690     -2.28207514
2752  745        -4.29951004      3.68744886     -2.27230340
2753  745        -4.27431211      3.64886389     -2.28207511
2754  745        -4.26052971      3.65626747     -2.32730480
2755  745        -4.25552185      3.69684181     -2.38850822
2756  745        -4.27550483      3.74510737     -2.42459155
2757  745        -4.30608961      3.77993041     -2.43274596
2758  745        -4.32544926      3.79928271     -2.43845272
2759  745        -4.33586830      3.84442619     -2.44644949
2760  745        -4.34781058      3.91202667     -2.45364745
2761  745        -4.34971357      3.97077896     -2.44103886
2762  745        -4.34899415      3.99934672     -2.38656873
2763  745        -4.34988208      4.01794236     -2.30069868
2764  745        -4.31722105      4.05259290     -2.24506424
2765  745        -4.23879639      4.11899701     -2.23378160
2766  745        -4.14722970      4.19412456     -2.23183281
2767  745        -4.11171110      4.25146250     -2.21664199
2768  745        -4.14327379      4.29646207     -2.16310067
2769  745        -4.17941187      4.33564544     -2.08657490
2770  745        -4.17732828      4.38484002     -2.01090694
2771  745        -4.15111224      4.43091167     -1.96999999
2772  745        -4.12134978      4.47237761     -1.92973066
2773  745        -4.10616840      4.52008436     -1.85168925
2774  745        -4.12975023      4.56327637     -1.76978818
2775  745        -4.16219725      4.59562036     -1.75216486
2776  745        -4.18841629      4.61385151     -1.78435853
2777  745        -4.20346680      4.60369077     -1.80456380
2778  745        -4.21566891      4.58015292     -1.76753885
2779  745        -4.22596889      4.54460285     -1.72078538
2780  745        -4.24359369      4.50742474     -1.72429090
2781  745        -4.28538958      4.49371564     -1.76651129
2782  745        -4.33246428      4.49250215     -1.81721518
2783  745        -4.35232573      4.46489856     -1.84019764
2784  745        -4.35449585      4.40185628     -1.84025659
2785  745        -4.35650354      4.33325493     -1.84045077
2786  745        -4.37325178      4.24310367     -1.84657647
2787  745        -4.37719828      4.14648980     -1.85019101
2788  745        -4.36464830      4.06476639     -1.83418812
2789  745        -4.33595991      4.02352841     -1.84685711
2790  745        -4.31157365      4.02203613     -1.90647732
2791  745        -4.29882850      4.04385721     -1.99607343
2792  745        -4.29892847      4.06678777     -2.05512518
2793  745        -4.31317778      4.06933810     -2.04755071
2794  745        -4.31151034      4.04782435     -1.99869133
2795  745        -4.28455771      4.02658903     -1.96848372
2796  745        -4.26618385      4.02114458     -1.99742188
2797  745        -4.25067788      4.02366745     -2.04603678
2798  745        -4.24338490      4.03084890     -2.06158430
2799  745        -4.21989393      4.03599920     -2.01675728
2800  745        -4.18456706      4.02049004     -1.96227887
2801  745        -4.13295570      3.98893972     -1.93409069
2802  745        -4.06667725      3.96042263     -1.93598909
2803  745        -3.99197589      3.92845336     -1.95642554
2804  745        -3.92553322      3.90724782     -1.99363205
2805  745        -3.90042506      3.92601158     -2.02584865
2806  745        -3.91454985      3.99472951     -2.04016107
2807  745        -3.91026443      4.05835693     -2.05452616
2808  745        -3.87768607      4.08871612     -2.07295264
2809  745        -3.84307416      4.10155112     -2.10829357
2810  745        -3.82730030      4.10646379     -2.13795372
2811  745        -3.84591134      4.08729851     -2.17177788
2812  745        -3.86669641      4.04934439     -2.20831951
2813  745        -3.90814808      4.01802775     -2.26587687
2814  745        -3.96212338      3.99733313     -2.32258539
2815  745        -3.99241229      3.99430961     -2.37891916
2816  745        -3.99989687      4.00511126     -2.42427481
2817  745        -4.01555498      4.02479603     -2.47620900
2818  745        -4.04500406      4.03194190     -2.52879822
2819  745        -4.06567846      4.02367612     -2.57658238
2820  745        -4.07532885      3.99997063     -2.61585060
2821  745        -4.08912752      3.97125447     -2.64477722
2822  745        -4.11702827      3.95203306     -2.67978008
2823  745        -4.14107457      3.93008507     -2.71604269
2824  745        -4.17421858      3.88788390     -2.73150414
2825  745        -4.24009952      3.81435560     -2.71833964
2826  745        -4.32882291      3.74869171     -2.71212200
2827  745        -4.41761923      3.71707889     -2.71012374
2828  745        -4.48486398      3.70252661     -2.72040009
2829  745        -4.52187874      3.68710753     -2.73119574
2830  745        -4.51121909      3.66478020     -2.73595050
2831  745        -4.49452279      3.63033406     -2.75037369
2832  745        -4.49557026      3.59336670     -2.76479005
2833  745        -4.51970514      3.55828041     -2.76144937
2834  745        -4.56911480      3.53729579     -2.73004111
2835  745        -4.65922550      3.54415588     -2.68131247
2836  745        -4.77452538      3.55263642     -2.61476184
2837  745        -4.86213172      3.54739407     -2.53719234
2838  745        -4.91825094      3.50235432     -2.45783020
2839  745        -4.97234313      3.41064957     -2.40387798
2840  745        -5.03054230      3.31960359     -2.40485163
2841  745        -5.09282879      3.27917859     -2.45262065
2842  745        -5.14066658      3.28795949     -2.51071007
2843  745        -5.15182066      3.31192354     -2.53377365
2844  745        -5.12995840      3.32266625     -2.51593368
2845  745        -5.12036158      3.31172212     -2.48762905
2846  745        -5.13899448      3.29216719     -2.46285898
2847  745        -5.16621167      3.25860999     -2.41215474
2848  745        -5.19359225      3.20398411     -2.34097199
2849  745        -5.23785907      3.13593328     -2.29797563
2850  745        -5.30654171      3.06565488     -2.29644085
2851  745        -5.37901976      3.00158430     -2.34016204
2852  745        -5.43080779      2.91372047     -2.37007836
2853  745        -5.46191586      2.81191350     -2.36812864
2854  745        -5.47776952      2.73096136     -2.35567931
2855  745        -5.47523483      2.69389314     -2.36837080
2856  745        -5.46182249      2.70507590     -2.40348970
2857  745        -5.45455986      2.73610752     -2.44898510
2858  745        -5.41422050      2.74468801     -2.48523884
2859  745        -5.32321891      2.72175377     -2.50973779
2860  745        -5.24652761      2.68083772     -2.55625165
2861  745        -5.21514415      2.62691177     -2.60487756
2862  745        -5.21018087      2.57462950     -2.65061817
2863  745        -5.20184132      2.52649424     -2.67668796
2864  745        -5.17619187      2.48167227     -2.69790444
2865  745        -5.11424231      2.45501543     -2.70146215
2866  745        -5.00949503      2.45961630     -2.71809306
2867  745        -4.89370974      2.48764625     -2.74817707
2868  745        -4.79270725      2.51821859     -2.78285644
2869  745        -4.69393560      2.54796811     -2.83069709
2870  745        -4.59268677      2.57595064     -2.88823847
2871  745        -4.52823585      2.59923735     -2.93954013
2872  745        -4.50148561      2.59420336     -2.94990345
2873  745        -4.45483733      2.56736036     -2.92534779
2874  745        -4.39045926      2.54283446     -2.87684972
2875  745        -4.33494910      2.55619752     -2.83790717
2876  745        -4.28129856      2.58438488     -2.82152552
2877  745        -4.22588308      2.61911782     -2.84220901
2878  745        -4.19245379      2.67544873     -2.87858282
2879  745        -4.19420176      2.73957431     -2.89736197
2880  745        -4.21970636      2.79085446     -2.91163934
2881  745        -4.24979144      2.83664514     -2.90152997
2882  745        -4.25004095      2.88869884     -2.87512006
2883  745        -4.21621866      2.93329255     -2.83912212
2884  745        -4.17871511      2.96321461     -2.82776191
2885  745        -4.15602982      2.99580803     -2.81618626
2886  745        -4.12680062      3.04322608     -2.78186044
2887  745        -4.07273268      3.10604704     -2.74539405
2888  745        -4.01427095      3.17510015     -2.73698403
2889  745        -3.96496443      3.25651431     -2.75047636
2890  745        -3.94274428      3.35167603     -2.75201608
2891  745        -3.93029989      3.44014017     -2.73912492
2892  745        -3.92497332      3.54531210     -2.70632760
2893  745        -3.90127388      3.64091629     -2.67081090
2894  745        -3.86382499      3.72070930     -2.63588763
2895  745        -3.84660641      3.81936596     -2.60556882
2896  745        -3.86297044      3.93354828     -2.58383892
2897  745        -3.89460337      4.03426211     -2.56353079
2898  745        -3.91420943      4.13315228     -2.54040531
2899  745        -3.92158701      4.24754575     -2.49510817
2900  745        -3.93487159      4.37827829     -2.44241632
2901  745        -3.95181308      4.47872482     -2.40414512
2902  745        -3.98533436      4.53338326     -2.40046967
2903  745        -4.04071685      4.56478655     -2.42214245
2904  745        -4.08044800      4.60342836     -2.43962393
2905  745        -4.09537603      4.65705627     -2.43689696
2906  745        -4.08515607      4.72352879     -2.41765927
2907  745        -4.05257088      4.78074093     -2.38167959
2908  745        -4.01212199      4.80725408     -2.33021053
2909  745        -3.95936189      4.81083302     -2.27426429
2910  745        -3.91636594      4.83178677     -2.20209314
2911  745        -3.89829425      4.88428136     -2.10828468
2912  745        -3.89275361      4.90159446     -2.01957409
2913  745        -3.86904389      4.85387463     -1.96987988
2914  745        -3.83682710      4.78997983     -1.96008323
2915  745        -3.78830454      4.73730785     -1.97358964
2916  745        -3.74747820      4.67893856     -1.98328006
2917  745        -3.73263391      4.63726414     -1.98391091
2918  745        -3.75116897      4.62688975     -1.96876541
2919  745        -3.78512525      4.63587221     -1.94241539
2920  745        -3.81229096      4.63119530     -1.92223712
2921  745        -3.81776787      4.60136864     -1.91953517
2922  745        -3.78589397      4.58286277     -1.92364344
2923  745        -3.72525744      4.59890410     -1.90043081
2924  745        -3.64223436      4.64406755     -1.85006112
2925  745        -3.54767031      4.68725708     -1.81060303
2926  745        -3.45656057      4.70666585     -1.77514891
2927  745        -3.38719834      4.72027779     -1.71447260
2928  745        -3.34093889      4.75976864     -1.62104061
2929  745        -3.30939649      4.83524068     -1.50872754
2930  745        -3.26998367      4.91690888     -1.39174614
2931  745        -3.22076906      4.98400023     -1.27826241
2932  745        -3.15668333      5.03237236     -1.19783755
2933  745        -3.08347600      5.04499366     -1.16148767
2934  745        -3.02980057      5.03973490     -1.15059620
2935  745        -3.00252388      5.04869141     -1.14703645
2936  745        -2.99928564      5.10154599     -1.13684782
2937  745        -3.01869337      5.17375190     -1.11903398
2938  745        -3.06163927      5.23355888     -1.08814780
2939  745        -3.11990045      5.28249216     -1.04839727
2940  745        -3.17439289      5.32784381     -1.00587672
2941  745        -3.19087296      5.35050164     -0.95587764
2942  745        -3.17837648      5.35980857     -0.88428244
2943  745        -3.15407795      5.36868655     -0.80301565
2944  745        -3.14582158      5.37505151     -0.73382239
2945  745        -3.16179511      5.37810599     -0.67299232
2946  745        -3.20266802      5.39614474     -0.62171781
2947  745        -3.26701136      5.43099263     -0.58023095
2948  745        -3.32186655      5.46781027     -0.54363957
2949  745        -3.35311428      5.48310568     -0.50647748
2950  745        -3.36353676      5.45973202     -0.46428984
2951  745        -3.37688885      5.41110379     -0.40855687
2952  745        -3.40916716      5.36514332     -0.34983845
2953  745        -3.47648997      5.32922874     -0.29617861
2954  745        -3.54806083      5.29593822     -0.23481835
2955  745        -3.59747003      5.28665983     -0.16834999
2956  745        -3.60986441      5.28544976     -0.10628328
2957  745        -3.59295164      5.27659347     -0.06542657
2958  745        -3.57024957      5.26043607     -0.02102504
2959  745        -3.57141698      5.25093834      0.01700962
2960  745        -3.59968122      5.25328809      0.02924421
2961  745        -3.62973481      5.25795749      0.00574112
2962  745        -3.65642741      5.25392915     -0.01890079
2963  745        -3.69123646      5.25014654     -0.02246764
2964  745        -3.71357815      5.23963858     -0.02025132
2965  745        -3.67744129      5.21921409      0.00317908
2966  745        -3.59803891      5.22213020      0.04546219
2967  745        -3.54654924      5.22922777      0.12366955
2968  745        -3.53822438      5.22516266      0.22458132
2969  745        -3.53318649      5.20975003      0.30950236
2970  745        -3.52154422      5.17943394      0.35725888
2971  745        -3.52057856      5.13576787      0.38373256
2972  745        -3.53426139      5.09358164      0.39811725
2973  745        -3.56066781      5.05364253      0.39604913
2974  745        -3.58683402      4.99292705      0.36969673
2975  745        -3.63150391      4.93302698      0.34926208
2976  745        -3.68983998      4.89351662      0.36349412
2977  745        -3.75291576      4.86620243      0.40183659
2978  745        -3.79877406      4.81883609      0.41313282
2979  745        -3.79763422      4.73411525      0.38007975
2980  745        -3.76880257      4.62352217      0.33053146
2981  745        -3.74681659      4.49912349      0.30188523
2982  745        -3.74596380      4.36281427      0.29727990
2983  745        -3.72850800      4.24634676      0.28946549
2984  745        -3.68971208      4.17101799      0.27108308
2985  745        -3.65655176      4.12407608      0.24829530
2986  745        -3.65525385      4.09490260      0.24964212
2987  745        -3.64368587      4.09079339      0.28713599
2988  745        -3.61015709      4.12056408      0.32124625
2989  745        -3.56649057      4.15986254      0.31141136
2990  745        -3.52823128      4.18738664      0.27926855
2991  745        -3.48565986      4.20117587      0.26155942
2992  745        -3.43683923      4.22545498      0.26899754
2993  745        -3.39680878      4.27412917      0.29281701
2994  745        -3.35436452      4.32818592      0.33444054
2995  745        -3.31527187      4.37270083      0.38901739
2996  745        -3.27477178      4.40415256      0.43408085
2997  745        -3.25763436      4.42398017      0.45582808
2998  745        -3.25832532      4.45617754      0.44159676
2999  745        -3.27031775      4.49325358      0.40314721
3000  745        -3.28979261      4.52227770      0.38960339
3001  745        -3.30129429      4.56019244      0.41156275
3002  745        -3.26787820      4.61786590      0.44668453
3003  745        -3.18396160      4.69187115      0.47024557
3004  745        -3.08364878      4.79382442      0.47602179
3005  745        -3.00688612      4.91603214      0.49866427
3006  745        -2.98000250      5.02647744      0.55213901
3007  745        -2.99766834      5.11231697      0.60936535
3008  745        -3.03374458      5.16808980      0.63789626
3009  745        -3.04545643      5.19248718      0.64299022
3010  745        -3.02833837      5.19213312      0.65038598
3011  745        -2.98448077      5.18305979      0.68089619
3012  745        -2.93640428      5.19262179      0.74249689
3013  745        -2.90695711      5.23140122      0.82304786
3014  745        -2.90680600      5.30184025      0.90322696
3015  745        -2.90070695      5.38948977      0.95527393
3016  745        -2.85385844      5.47297961      0.96414054
3017  745        -2.78497681      5.53937000      0.94103093
3018  745        -2.73853389      5.57732983      0.92280222
3019  745        -2.73657925      5.57910256      0.91194736
3020  745        -2.74953795      5.54656995      0.90743661
3021  745        -2.75803145      5.51515368      0.89730887
3022  745        -2.74788688      5.51263991      0.87355427
3023  745        -2.72498654      5.52882615      0.82974302
3024  745        -2.68712016      5.54874668      0.77321569
3025  745        -2.65280243      5.56015971      0.71993499
3026  745        -2.63261296      5.56606601      0.67612231
3027  745        -2.63033093      5.56775404      0.63644206
3028  745        -2.65811244      5.55401392      0.58505619
3029  745        -2.68897929      5.52124805      0.53145491
3030  745        -2.71744182      5.48425809      0.47108620
3031  745        -2.74117979      5.45163579      0.40219851
3032  745        -2.76621210      5.41702016      0.32850480
3033  745        -2.76044681      5.38945711      0.25715081
3034  745        -2.72567246      5.37622910      0.18867581
3035  745        -2.67069891      5.36279022      0.10624245
3036  745        -2.62724095      5.32408019     -0.00692588
3037  745        -2.58975842      5.26212961     -0.14682710
3038  745        -2.55853762      5.18499062     -0.29492212
3039  745        -2.54367567      5.09500684     -0.42288695
3040  745        -2.53654586      5.01412763     -0.52472201
3041  745        -2.49660853      4.96525830     -0.58661022
3042  745        -2.41963910      4.93135668     -0.61685567
3043  745        -2.34435807      4.88911800     -0.61866387
3044  745        -2.26821780      4.84528095     -0.60013356
3045  745        -2.19393235      4.80356363     -0.56847663
3046  745        -2.15062636      4.76775005     -0.52741011
3047  745        -2.16807365      4.73667987     -0.48370881
3048  745        -2.21818010      4.70960855     -0.45880569
3049  745        -2.25421078      4.69815822     -0.45237494
3050  745        -2.25053371      4.70171512     -0.43724824
3051  745        -2.24447346      4.71336169     -0.39321592
3052  745        -2.23587240      4.73035831     -0.34817614
3053  745        -2.21117534      4.75765337     -0.32398092
3054  745        -2.18726327      4.79270487     -0.30089260
3055  745        -2.20836982      4.84544208     -0.25878150
3056  745        -2.26603651      4.89644920     -0.19824099
3057  745        -2.31487580      4.93175269     -0.13293183
3058  745        -2.33833571      4.95173692     -0.07954057
3059  745        -2.34383398      4.98004877     -0.03824842
3060  745        -2.32654370      5.02777203      0.01030221
3061  745        -2.27474300      5.08162026      0.05867965
3062  745        -2.19839058      5.13179330      0.08584905
3063  745        -2.12160410      5.18115748      0.08988050
3064  745        -2.08236483      5.25753436      0.07860092
3065  745        -2.08835280      5.36864453      0.05703955
3066  745        -2.11838452      5.48500513      0.02665404
3067  745        -2.14802213      5.57850458     -0.00663147
3068  745        -2.17232114      5.64948900     -0.02835836
3069  745        -2.18214121      5.70464639     -0.01554786
3070  745        -2.15917095      5.74723402      0.01826186
3071  745        -2.10880122      5.76933370      0.05005740
3072  745        -2.03773275      5.79673779      0.09230820
3073  745        -1.95803321      5.85425582      0.14493301
3074  745        -1.90252815      5.94401855      0.19071417
3075  745        -1.88676398      6.04730601      0.21860143
3076  745        -1.89772678      6.13595264      0.23829711
3077  745        -1.90849057      6.19789413      0.27525193
3078  745        -1.91876211      6.25525385      0.32432271
3079  745        -1.94317961      6.30763472      0.37214006
3080  745        -1.98376211      6.35438585      0.39249680
3081  745        -2.01007468      6.37743364      0.39756655
3082  745        -1.98120230      6.37650750      0.39164895
3083  745        -1.90179438      6.37823547      0.37221610
3084  745        -1.79246164      6.39442643      0.35397156
3085  745        -1.69799904      6.41066799      0.34781368
3086  745        -1.64583208      6.42272883      0.35712043
3087  745        -1.63072874      6.43847584      0.36503738
3088  745        -1.64090431      6.44887897      0.38055482
3089  745        -1.66652234      6.46047238      0.40125683
3090  745        -1.72503211      6.46866825      0.43698747
3091  745        -1.79961047      6.46756352      0.45275511
3092  745        -1.84164394      6.44132577      0.40448126
3093  745        -1.81772736      6.41042680      0.31570584
3094  745        -1.75247248      6.38468933      0.23377627
3095  745        -1.69215539      6.35506070      0.21013326
3096  745        -1.66288598      6.32897692      0.25985481
3097  745        -1.65160281      6.30709413      0.36780660
3098  745        -1.63757690      6.27776850      0.47292933
3099  745        -1.61913875      6.26304091      0.52697984
3100  745        -1.61517798      6.25425954      0.53728941
3101  745        -1.63999059      6.23079276      0.51678620
3102  745        -1.68219670      6.20997184      0.47465343
3103  745        -1.72196861      6.17619707      0.44052352
3104  745        -1.76244944      6.10895525      0.43726210
3105  745        -1.78312611      6.02634822      0.45013675
3106  745        -1.76995032      5.94825250      0.47627020
3107  745        -1.73255541      5.87434773      0.51236960
3108  745        -1.69309675      5.80890533      0.54375018
3109  745        -1.66603748      5.73803129      0.55822156
3110  745        -1.65748317      5.65565802      0.54069278
3111  745        -1.67493925      5.56501332      0.50664369
3112  745        -1.70627636      5.46823238      0.50018326
3113  745        -1.73282542      5.37430579      0.50655481
3114  745        -1.73399182      5.28919273      0.49262947
3115  745        -1.71083710      5.23256846      0.46715543
3116  745        -1.69276695      5.21504483      0.43624022
3117  745        -1.67358224      5.21635063      0.41690661
3118  745        -1.62497242      5.18308741      0.41205702
3119  745        -1.57092719      5.13328158      0.42247700
3120  745        -1.52267615      5.08516647      0.45241613
3121  745        -1.47922640      5.03149081      0.53585152
3122  745        -1.45231543      4.96745444      0.65211489
3123  745        -1.45071054      4.90952913      0.75509277
3124  745        -1.50715582      4.89314479      0.80306972
3125  745        -1.60259327      4.90419758      0.82331588
3126  745        -1.70143163      4.92042222      0.85384382
3127  745        -1.79266643      4.93436386      0.87202212
3128  745        -1.86583801      4.94759170      0.85672493
3129  745        -1.88873796      4.93883948      0.82580412
3130  745        -1.85520715      4.90756864      0.80786085
3131  745        -1.81570851      4.84829377      0.80997510
3132  745        -1.80734731      4.77739869      0.83154379
3133  745        -1.81303164      4.72511628      0.85860940
3134  745        -1.82182966      4.72079963      0.86119021
3135  745        -1.84818632      4.75774133      0.83335138
3136  745        -1.91318951      4.82467821      0.80633499
3137  745        -2.00512866      4.90383496      0.81370721
3138  745        -2.08524006      4.98685459      0.84309783
3139  745        -2.13383003      5.05709959      0.86278314
3140  745        -2.15886372      5.08638935      0.85905777
3141  745        -2.16445576      5.08586834      0.88030383
3142  745        -2.15239680      5.08008720      0.93065008
3143  745        -2.14290044      5.09608794      0.99420545
3144  745        -2.17494977      5.12631449      1.06473743
3145  745        -2.22327965      5.17873531      1.14026581
3146  745        -2.26024699      5.25380659      1.20983375
3147  745        -2.31104548      5.34517085      1.25924494
3148  745        -2.38710739      5.43768676      1.29932577
3149  745        -2.46049280      5.52013803      1.34050917
3150  745        -2.49548489      5.56168249      1.38281519
3151  745        -2.50076585      5.52871823      1.40811129
3152  745        -2.50994307      5.45759543      1.41846547
3153  745        -2.51103963      5.41532907      1.41194192
3154  745        -2.49916867      5.43071663      1.39541746
3155  745        -2.46153730      5.49431664      1.37884379
3156  745        -2.40662398      5.56234051      1.37206612
3157  745        -2.36211557      5.61571373      1.39418852
3158  745        -2.30466168      5.65845979      1.44497264
3159  745        -2.26900484      5.70772254      1.48352075
3160  745        -2.29139296      5.74948185      1.50407491
3161  745        -2.33163458      5.76869142      1.52054084
3162  745        -2.36215296      5.75290358      1.52416212
3163  745        -2.37509173      5.73121552      1.51460371
3164  745        -2.38249737      5.73309719      1.50047874
3165  745        -2.39183783      5.76110164      1.46504496
3166  745        -2.38492501      5.76826915      1.41550875
3167  745        -2.35718002      5.74267641      1.37220264
3168  745        -2.31595731      5.72183201      1.33633100
3169  745        -2.31292025      5.72571700      1.30653093
3170  745        -2.34960063      5.73111289      1.27108562
3171  745        -2.42076523      5.70778883      1.24102374
3172  745        -2.49174904      5.64567427      1.22813421
3173  745        -2.54577525      5.56508492      1.23089795
3174  745        -2.57013610      5.47626105      1.25167217
3175  745        -2.56579259      5.39302355      1.28803719
3176  745        -2.53560223      5.32176404      1.33024666
3177  745        -2.51336085      5.28001344      1.36090199
3178  745        -2.50923079      5.28277982      1.38550545
3179  745        -2.52661190      5.30583320      1.41126605
3180  745        -2.56677334      5.30971400      1.42490546
3181  745        -2.61562847      5.27337581      1.43699840
3182  745        -2.64919478      5.24846636      1.43988253
3183  745        -2.66998821      5.26829703      1.42581740
3184  745        -2.70302714      5.34009979      1.42315176
3185  745        -2.74360799      5.41292785      1.44683572
3186  745        -2.77534722      5.43703468      1.47587528
3187  745        -2.78652365      5.42342565      1.47544284
3188  745        -2.77870594      5.42413893      1.46073940
3189  745        -2.76606898      5.46980253      1.43343946
3190  745        -2.76905844      5.55256615      1.40533982
3191  745        -2.78412506      5.63812464      1.37807191
3192  745        -2.78998170      5.68790841      1.36268267
3193  745        -2.77575338      5.70930076      1.37506272
3194  745        -2.74005613      5.72689064      1.42256397
3195  745        -2.69555521      5.76237154      1.48968865
3196  745        -2.64750094      5.81373754      1.55819512
3197  745        -2.59895036      5.86450049      1.62732047
3198  745        -2.53861416      5.89541734      1.68848896
3199  745        -2.46683188      5.89858960      1.71998954
3200  745        -2.39867060      5.88984116      1.73670853
3201  745        -2.35526291      5.91030141      1.78134695
3202  745        -2.34425743      5.98687427      1.84432602
3203  745        -2.35019413      6.10194927      1.88142706
3204  745        -2.34319774      6.20790203      1.86933150
3205  745        -2.32626859      6.26703439      1.84448188
3206  745        -2.30159053      6.26960530      1.84753589
3207  745        -2.27732420      6.24825742      1.89353725
3208  745        -2.27655336      6.24217649      1.95404019
3209  745        -2.30158734      6.27769216      2.00537463
3210  745        -2.34311269      6.34396260      2.05589721
3211  745        -2.38767774      6.40824046      2.09767389
3212  745        -2.42662343      6.45736237      2.10944434
3213  745        -2.44866616      6.49562351      2.08424744
3214  745        -2.45252997      6.53522562      2.07320679
3215  745        -2.45617943      6.56750483      2.07701230
3216  745        -2.48374729      6.59119436      2.09878176
3217  745        -2.51804620      6.60434454      2.12271323
3218  745        -2.54783663      6.63519662      2.14954801
3219  745        -2.58097489      6.69855681      2.18205046
3220  745        -2.63266998      6.79342581      2.20303386
3221  745        -2.69810948      6.87563604      2.20430504
3222  745        -2.76589336      6.88370063      2.16146221
3223  745        -2.81351115      6.83061610      2.09149681
3224  745        -2.85486526      6.76342412      2.02389244
3225  745        -2.90878091      6.70097951      1.98741443
3226  745        -2.97445492      6.64301616      1.97573739
3227  745        -3.01377245      6.60473036      1.97005889
3228  745        -3.01100035      6.59108833      1.95135029
3229  745        -2.99619623      6.60217624      1.93032529
3230  745        -2.98341234      6.61403594      1.92045818
3231  745        -2.97744999      6.61497093      1.91043662
3232  745        -2.98082276      6.61094648      1.88177611
3233  745        -2.98941560      6.60543350      1.83199190
3234  745        -2.98484770      6.61314025      1.77291399
3235  745        -2.96968563      6.62214642      1.71409663
3236  745        -2.96299722      6.60653990      1.66925908
3237  745        -2.94939654      6.54249417      1.63068243
3238  745        -2.91496305      6.46629078      1.59371104
3239  745        -2.85166397      6.42057374      1.55039773
3240  745        -2.78918340      6.41360710      1.51071260
3241  745        -2.75107443      6.41498061      1.47935814
3242  745        -2.73441658      6.41718997      1.46323137
3243  745        -2.72592338      6.44818355      1.45116006
3244  745        -2.73929462      6.50976652      1.44925926
3245  745        -2.80002043      6.55365322      1.47506242
3246  745        -2.87882707      6.54661550      1.52586374
3247  745        -2.92816703      6.50211560      1.58253803
3248  745        -2.95770861      6.46204423      1.61813828
3249  745        -2.99042459      6.46584057      1.64527169
3250  745        -3.03097233      6.50125375      1.66208851
3251  745        -3.05551511      6.54047920      1.66514099
3252  745        -3.05017765      6.57252140      1.65120892
3253  745        -3.05124670      6.60057298      1.62230604
3254  745        -3.07345961      6.61385760      1.57977485
3255  745        -3.11662427      6.60246462      1.54247302
3256  745        -3.17738405      6.58139572      1.52663859
3257  745        -3.25906120      6.56054319      1.53048943
3258  745        -3.35341534      6.55067603      1.55971772
3259  745        -3.41894010      6.56264479      1.61239385
3260  745        -3.43260980      6.61746513      1.67972308
3261  745        -3.40492889      6.71100940      1.73518918
3262  745        -3.36649473      6.80204527      1.78567004
3263  745        -3.33068604      6.86078666      1.82249850
3264  745        -3.29633946      6.87093657      1.83715426
3265  745        -3.27409700      6.84918969      1.82117774
3266  745        -3.28013284      6.82033696      1.80287199
3267  745        -3.31917006      6.80174247      1.81098185
3268  745        -3.38938236      6.79265163      1.83562790
3269  745        -3.45129449      6.80463295      1.85210551
3270  745        -3.45912855      6.83925438      1.80865639
3271  745        -3.43229556      6.88569721      1.73380411
3272  745        -3.43435547      6.91925793      1.65852121
3273  745        -3.48944498      6.92196741      1.60887959
3274  745        -3.57111871      6.90654810      1.57545574
3275  745        -3.66466042      6.88178936      1.55971389
3276  745        -3.75104769      6.85553944      1.56101426
3277  745        -3.82030264      6.80753583      1.56339879
3278  745        -3.87127336      6.74151731      1.56247031
3279  745        -3.87785880      6.67369985      1.56488675
3280  745        -3.84246440      6.62544192      1.58807234
3281  745        -3.79337227      6.58587220      1.60815794
3282  745        -3.76499170      6.54016701      1.62202047
3283  745        -3.75246529      6.50330399      1.62739970
3284  745        -3.74160854      6.47543669      1.63304683
3285  745        -3.73260480      6.44856613      1.62512774
3286  745        -3.72848624      6.41416490      1.58727194
3287  745        -3.71908745      6.37757265      1.51905381
3288  745        -3.69579311      6.35005334      1.43785406
3289  745        -3.67911153      6.35199005      1.36101696
3290  745        -3.65673959      6.37153585      1.30767521
3291  745        -3.65377117      6.39767631      1.29599682
3292  745        -3.68671335      6.39383129      1.29715789
3293  745        -3.73319876      6.34303384      1.29986904
3294  745        -3.75307248      6.26960545      1.29034464
3295  745        -3.77379589      6.19757728      1.26372981
3296  745        -3.81095453      6.14949531      1.21705416
3297  745        -3.84903199      6.12720439      1.17363917
3298  745        -3.88305194      6.12364824      1.15472559
3299  745        -3.91928231      6.13354262      1.17266575
3300  745        -3.97489608      6.16331243      1.20444040
3301  745        -4.03837234      6.20012656      1.22660881
3302  745        -4.08223276      6.21929041      1.20472675
3303  745        -4.09492321      6.21088737      1.13566468
3304  745        -4.09051430      6.18959283      1.06700742
3305  745        -4.09229030      6.18858331      1.02811805
3306  745        -4.09319499      6.21730890      1.03046122
3307  745        -4.06706346      6.27087255      1.06159559
3308  745        -4.03840170      6.33606176      1.09297587
3309  745        -4.05006123      6.38303883      1.11498267
3310  745        -4.10556792      6.38541332      1.14395711
3311  745        -4.16090817      6.36051769      1.17903727
3312  745        -4.17810596      6.35504708      1.20250578
3313  745        -4.17266349      6.37328923      1.21869646
3314  745        -4.16519862      6.39840536      1.23742815
3315  745        -4.13980327      6.44464349      1.26202798
3316  745        -4.09590404      6.50976404      1.28928066
3317  745        -4.07214285      6.56393384      1.33075123
3318  745        -4.07375481      6.59217752      1.38837658
3319  745        -4.08056392      6.59463280      1.44057624
3320  745        -4.09185255      6.58183952      1.46699559
3321  745        -4.09699916      6.54711267      1.47257425
3322  745        -4.09086777      6.50355708      1.48854691
3323  745        -4.06965182      6.47275052      1.52400220
3324  745        -4.03963136      6.46082037      1.56530229
3325  745        -4.02313932      6.44783809      1.58774875
3326  745        -4.00999904      6.42152020      1.58893827
3327  745        -3.97530638      6.38798112      1.59883839
3328  745        -3.91195832      6.36767299      1.63391627
3329  745        -3.84196975      6.35320496      1.68972811
3330  745        -3.78795776      6.34299323      1.73622463
3331  745        -3.75551440      6.32785999      1.76997803
3332  745        -3.74959541      6.29786517      1.78711520
3333  745        -3.76712568      6.27019108      1.80154046
3334  745        -3.77442298      6.27576675      1.82096539
3335  745        -3.74590292      6.32682363      1.83457251
3336  745        -3.69905312      6.38860293      1.84867634
3337  745        -3.66994958      6.43518180      1.85239529
3338  745        -3.68568038      6.48037439      1.83385812
3339  745        -3.71171445      6.52728669      1.80190351
3340  745        -3.71822840      6.59636660      1.77523680
3341  745        -3.68981990      6.66843323      1.75826503
3342  745        -3.63976561      6.73087086      1.74071514
3343  745        -3.58018394      6.77237370      1.71286377
3344  745        -3.52576554      6.79680511      1.66614890
3345  745        -3.48835546      6.82065568      1.58659840
3346  745        -3.47422886      6.85624071      1.49413584
3347  745        -3.48762262      6.89131743      1.41671017
3348  745        -3.51636118      6.92594449      1.36258659
3349  745        -3.56422308      6.96326883      1.31192246
3350  745        -3.60223412      6.99484281      1.26709892
3351  745        -3.61528285      7.01799845      1.24756903
3352  745        -3.62914956      7.02843187      1.24117039
3353  745        -3.65647730      7.04473853      1.22564700
3354  745        -3.67886383      7.05933226      1.18866527
3355  745        -3.69592193      7.07731445      1.14510161
3356  745        -3.72634270      7.10714685      1.09680258
3357  745        -3.76638807      7.14601570      1.04271599
3358  745        -3.80871274      7.18582616      0.97906079
3359  745        -3.86967720      7.23416571      0.92104865
3360  745        -3.94521229      7.27277749      0.88651138
3361  745        -3.99275071      7.26290899      0.86707315
3362  745        -3.98885336      7.20374911      0.85535766
3363  745        -3.96224689      7.14609035      0.84409217
3364  745        -3.95955955      7.10053233      0.84510907
3365  745        -3.96820173      7.06273347      0.84967862
3366  745        -3.96439535      7.02250945      0.82789472
3367  745        -3.95816459      6.98142768      0.79140054
3368  745        -3.97480666      6.94816396      0.76310419
3369  745        -4.01754285      6.91692390      0.75934182
3370  745        -4.06383644      6.90033316      0.78217012
3371  745        -4.08098718      6.90537396      0.80727597
3372  745        -4.05541826      6.92851066      0.81634390
3373  745        -4.01778023      6.94798345      0.81193418
3374  745        -4.01343639      6.96259935      0.78772235
3375  745        -4.03524794      6.96295879      0.77637806
3376  745        -4.04500133      6.96892057      0.77865141
3377  745        -4.03352111      7.01999185      0.78383181
3378  745        -4.01079093      7.12778822      0.78693246
3379  745        -3.97559932      7.25386149      0.78600078
3380  745        -3.93739022      7.36349413      0.78556336
3381  745        -3.90045032      7.44840816      0.78617877
3382  745        -3.88100443      7.50027806      0.78551618
3383  745        -3.89109100      7.53151738      0.75712712
3384  745        -3.90173134      7.54336405      0.69742255
3385  745        -3.89306374      7.55435379      0.63432144
3386  745        -3.86809574      7.58239847      0.60136568
3387  745        -3.81834301      7.61447981      0.60512423
3388  745        -3.75333134      7.66185786      0.62335014
3389  745        -3.68632042      7.71091875      0.65824031
3390  745        -3.62125268      7.73825668      0.69608753
3391  745        -3.55078412      7.73755731      0.73468420
3392  745        -3.47677615      7.73434225      0.75293838
3393  745        -3.41184026      7.73340545      0.73688157
3394  745        -3.34957183      7.71997096      0.69112781
3395  745        -3.32407168      7.67753796      0.62431785
3396  745        -3.34204895      7.61448549      0.56753854
3397  745        -3.36790790      7.56223855      0.58131679
3398  745        -3.38700060      7.54040583      0.68291170
3399  745        -3.38732175      7.53868587      0.80211410
3400  745        -3.39776897      7.53878150      0.90319092
3401  745        -3.41608377      7.52019226      0.99668575
3402  745        -3.41483444      7.48758351      1.07672749
3403  745        -3.39145033      7.46871962      1.13046929
3404  745        -3.38495624      7.45118701      1.14420229
3405  745        -3.37857013      7.43284661      1.14835932
3406  745        -3.35866638      7.40706112      1.15635455
3407  745        -3.35584349      7.36338544      1.17055931
3408  745        -3.38961928      7.29852090      1.19272928
3409  745        -3.43286333      7.25584338      1.21889032
3410  745        -3.46843810      7.23836007      1.24302638
3411  745        -3.50627426      7.22583329      1.24728726
3412  745        -3.55232987      7.19172349      1.22820349
3413  745        -3.60157351      7.14188893      1.22707609
3414  745        -3.63965134      7.10186879      1.26601409
3415  745        -3.65615482      7.06946341      1.30178551
3416  745        -3.66435992      7.03429916      1.28739415
3417  745        -3.66077244      6.99667218      1.23736646
3418  745        -3.63774881      6.96376275      1.21176315
3419  745        -3.61389553      6.94687559      1.21251009
3420  745        -3.60291268      6.93896933      1.19529983
3421  745        -3.59723569      6.90581422      1.15067153
3422  745        -3.57741909      6.86647625      1.08991426
3423  745        -3.53895184      6.83373081      1.03996657
3424  745        -3.49296417      6.81224924      1.00240848
3425  745        -3.43457652      6.81708581      0.97518255
3426  745        -3.38578050      6.85318784      0.94922660
3427  745        -3.36591058      6.90597154      0.93067751
3428  745        -3.38194619      6.96346764      0.89605281
3429  745        -3.42338886      7.00084141      0.84369526
3430  745        -3.45884700      7.02208591      0.80550892
3431  745        -3.47336465      7.03599759      0.78793309
3432  745        -3.46994227      7.02027684      0.76819107
3433  745        -3.44848913      6.98054037      0.73556073
3434  745        -3.40791710      6.93362243      0.69922775
3435  745        -3.36007903      6.90234360      0.67601991
3436  745        -3.31474647      6.89045110      0.66753097
3437  745        -3.27711692      6.88879457      0.66323584
3438  745        -3.24846430      6.91063081      0.64716904
3439  745        -3.24437591      6.95975438      0.59973260
3440  745        -3.25260601      6.99740798      0.55400523
3441  745        -3.23610183      7.00168295      0.51269801
3442  745        -3.19493932      6.98300507      0.45190958
3443  745        -3.15295042      6.94241581      0.37792740
3444  745        -3.14728080      6.89900933      0.31961617
3445  745        -3.19328387      6.85723164      0.29524573
3446  745        -3.26624948      6.82421653      0.30443330
3447  745        -3.31670603      6.81150953      0.31127601
3448  745        -3.32651062      6.84036954      0.27864099
3449  745        -3.33952063      6.89255726      0.21624005
3450  745        -3.38094512      6.94563597      0.13760690
3451  745        -3.44425630      6.99616474      0.05683347
3452  745        -3.50384257      7.03090879     -0.01602925
3453  745        -3.55321001      7.03483145     -0.07510259
3454  745        -3.60860387      7.00689178     -0.10664561
3455  745        -3.66996837      6.96047392     -0.11550649
3456  745        -3.72789187      6.92867971     -0.11559646
3457  745        -3.74997493      6.92082905     -0.11360545
3458  745        -3.73162371      6.90965635     -0.10910335
3459  745        -3.69608424      6.88820059     -0.08642645
3460  745        -3.66858674      6.86373596     -0.05565903
3461  745        -3.65032733      6.83893874     -0.05699914
3462  745        -3.63844378      6.83504559     -0.09877928
3463  745        -3.62748539      6.85060229     -0.14738817
3464  745        -3.62029467      6.86133830     -0.16461246
3465  745        -3.62547508      6.85811206     -0.15263385
3466  745        -3.62964621      6.85529195     -0.13563973
3467  745        -3.63476674      6.86186120     -0.12855251
3468  745        -3.63768063      6.85111378     -0.12411813
3469  745        -3.65132591      6.82050476     -0.13416904
3470  745        -3.67336634      6.77921828     -0.15683217
3471  745        -3.70050688      6.74497759     -0.19946383
3472  745        -3.70292219      6.71603880     -0.26653580
3473  745        -3.69090192      6.68366419     -0.34290166
3474  745        -3.69594279      6.66112136     -0.40431748
3475  745        -3.73846144      6.68249059     -0.42340370
3476  745        -3.80660091      6.75244636     -0.41751402
3477  745        -3.87801102      6.82350623     -0.38943856
3478  745        -3.92687127      6.87027632     -0.36491806
3479  745        -3.95180551      6.88250128     -0.36296175
3480  745        -3.94552744      6.88859085     -0.38852938
3481  745        -3.91552599      6.90491082     -0.42055754
3482  745        -3.88926549      6.91892509     -0.43986682
3483  745        -3.89682669      6.91258922     -0.43544367
3484  745        -3.95481500      6.89808182     -0.38832146
3485  745        -4.04540701      6.89252169     -0.33123259
3486  745        -4.12738212      6.88595781     -0.31083821
3487  745        -4.14524201      6.90385170     -0.36799630
3488  745        -4.12277395      6.95503691     -0.44879020
3489  745        -4.09964278      7.01198811     -0.51980146
3490  745        -4.08576026      7.06597699     -0.53486249
3491  745        -4.07849374      7.13119594     -0.48790580
3492  745        -4.07141073      7.19947633     -0.42526660
3493  745        -4.05391596      7.24715511     -0.39103459
3494  745        -4.03174845      7.26599683     -0.38233228
3495  745        -4.01484517      7.26349179     -0.39175317
3496  745        -4.01093565      7.26548351     -0.42141026
3497  745        -4.02331109      7.27601051     -0.45847849
3498  745        -4.04850108      7.29648012     -0.50279486
3499  745        -4.08406542      7.33039833     -0.54881615
3500  745        -4.13464407      7.37815679     -0.59213455
3501  745        -4.18878962      7.42491737     -0.62143360
3502  745        -4.25305007      7.46839977     -0.61552127
3503  745        -4.33367582      7.53085808     -0.57563335
3504  745        -4.39756118      7.62373108     -0.53385608
3505  745        -4.43331886      7.69965926     -0.54474912
3506  745        -4.43621810      7.71421586     -0.59262993
3507  745        -4.42221810      7.67119886     -0.64074169
3508  745        -4.42351792      7.60188979     -0.66422936
3509  745        -4.45036388      7.52749674     -0.67876781
3510  745        -4.49002335      7.45082174     -0.68865054
3511  745        -4.52643982      7.37782328     -0.66831516
3512  745        -4.55093512      7.33613154     -0.61847408
3513  745        -4.56282632      7.33410387     -0.56489003
3514  745        -4.58174274      7.35074294     -0.55637322
3515  745        -4.59805885      7.35572919     -0.59573574
3516  745        -4.60308873      7.35656414     -0.63406060
3517  745        -4.59128086      7.36822999     -0.64218136
3518  745        -4.57030317      7.38318794     -0.63587152
3519  745        -4.54395934      7.39777978     -0.63430379
3520  745        -4.49026655      7.38943387     -0.63750156
3521  745        -4.41284734      7.35080794     -0.61783060
3522  745        -4.33894757      7.30101223     -0.58644198
3523  745        -4.28357272      7.27860302     -0.57076585
3524  745        -4.24350455      7.28930375     -0.57310184
3525  745        -4.21270667      7.31766275     -0.57620617
3526  745        -4.19714776      7.35015023     -0.57307411
3527  745        -4.20383643      7.37915956     -0.56767127
3528  745        -4.20153727      7.41655100     -0.56750162
3529  745        -4.17318273      7.46001513     -0.57011853
3530  745        -4.14559305      7.49793316     -0.58112117
3531  745        -4.14261795      7.48763359     -0.58951683
3532  745        -4.14444612      7.44434616     -0.57634641
3533  745        -4.13067719      7.41590017     -0.53835962
3534  745        -4.09107570      7.43293349     -0.50758340
3535  745        -4.03005266      7.47174665     -0.49014148
3536  745        -3.95659657      7.52448217     -0.46434078
3537  745        -3.86465496      7.58456792     -0.42552387
3538  745        -3.76722066      7.63968472     -0.40566912
3539  745        -3.69745738      7.68261990     -0.42407218
3540  745        -3.65156933      7.70069482     -0.44992109
3541  745        -3.61811681      7.69240958     -0.46588339
3542  745        -3.58691220      7.66287183     -0.46181821
3543  745        -3.56026777      7.66577756     -0.43965653
3544  745        -3.52813499      7.71518458     -0.40094385
3545  745        -3.49349762      7.78581955     -0.35287609
3546  745        -3.44710823      7.85436414     -0.31517787
3547  745        -3.38360689      7.92523985     -0.30303831
3548  745        -3.31035658      7.99279630     -0.30831543
3549  745        -3.23120702      8.03735899     -0.30785177
3550  745        -3.16004905      8.04207751     -0.30146311
3551  745        -3.10088461      8.01723255     -0.27862725
3552  745        -3.04257303      8.02011150     -0.24165771
3553  745        -2.98289954      8.06659405     -0.19857300
3554  745        -2.92464726      8.13765932     -0.15378207
3555  745        -2.90738121      8.20436781     -0.09919892
3556  745        -2.94422422      8.24874802     -0.04652217
3557  745        -3.01972018      8.27974607     -0.02440655
3558  745        -3.09070738      8.31407127     -0.03155282
3559  745        -3.13973108      8.36796935     -0.06326982
3560  745        -3.17726483      8.40762916     -0.11507095
3561  745        -3.19880508      8.39995857     -0.15725977
3562  745        -3.18837643      8.35068295     -0.17013234
3563  745        -3.15662334      8.30877635     -0.15560753
3564  745        -3.11966895      8.30141782     -0.12553292
3565  745        -3.07827489      8.31751474     -0.10832238
3566  745        -3.03593294      8.33130092     -0.10379111
3567  745        -2.98644322      8.32487554     -0.11287321
3568  745        -2.96353774      8.31521302     -0.14617397
3569  745        -2.96059699      8.31677445     -0.20652447
3570  745        -2.94712556      8.32338719     -0.29465856
3571  745        -2.93572942      8.33309666     -0.36839000
3572  745        -2.93750782      8.37200735     -0.38170115
3573  745        -2.94469426      8.43481021     -0.34859262
3574  745        -2.92964004      8.46765328     -0.31877599
3575  745        -2.90536369      8.46902448     -0.31910499
3576  745        -2.86522904      8.44427074     -0.36914764
3577  745        -2.84277439      8.41041036     -0.43957462
3578  745        -2.85679339      8.38250199     -0.52008947
3579  745        -2.90328405      8.35906793     -0.60376061
3580  745        -2.95564435      8.33331887     -0.68904905
3581  745        -3.00402719      8.29052540     -0.77799054
3582  745        -3.03102861      8.24398734     -0.84332626
3583  745        -3.02255196      8.21518352     -0.87711831
3584  745        -2.97710632      8.21399927     -0.88804103
3585  745        -2.91854737      8.21556554     -0.90515558
3586  745        -2.88614445      8.20338553     -0.93113141
3587  745        -2.88515475      8.17576462     -0.97832999
3588  745        -2.88946716      8.13854925     -1.04543606
3589  745        -2.89256530      8.05812447     -1.13277859
3590  745        -2.91147148      7.96524026     -1.23189649
3591  745        -2.93469697      7.90978113     -1.32336302
3592  745        -2.96018884      7.90210711     -1.39923836
3593  745        -2.99116521      7.90201092     -1.44843431
3594  745        -3.02071721      7.87455084     -1.47720281
3595  745        -3.06543275      7.84024559     -1.47929798
3596  745        -3.10629204      7.82232858     -1.48748888
3597  745        -3.12104987      7.81035002     -1.51949843
3598  745        -3.12444437      7.78641020     -1.57916736
3599  745        -3.11267138      7.74685231     -1.63564307
3600  745        -3.06968808      7.70202477     -1.67860825
3601  745        -3.01499031      7.67335403     -1.72406248
3602  745        -2.94434901      7.66352868     -1.77142107
3603  745        -2.84181291      7.65829324     -1.80707776
3604  745        -2.75211417      7.68667903     -1.82497958
3605  745        -2.69281998      7.74272892     -1.82379816
3606  745        -2.65023297      7.80983611     -1.79944770
3607  745        -2.61153735      7.86131411     -1.75054406
3608  745        -2.57078168      7.87477055     -1.66860729
3609  745        -2.52564086      7.85566396     -1.54793360
3610  745        -2.45321545      7.80329989     -1.44057053
3611  745        -2.35673838      7.76186048     -1.37488389
3612  745        -2.26758104      7.75771049     -1.37166237
3613  745        -2.21499008      7.79500510     -1.40663565
3614  745        -2.18072891      7.84579836     -1.46735579
3615  745        -2.15557021      7.87543737     -1.53404611
3616  745        -2.13041805      7.86835254     -1.58476368
3617  745        -2.08973628      7.82164883     -1.60762304
3618  745        -2.03793624      7.76765677     -1.59854657
3619  745        -2.01062738      7.72228700     -1.57364035
3620  745        -2.01683137      7.70198417     -1.54107109
3621  745        -2.01762929      7.68484806     -1.52669460
3622  745        -1.98763719      7.67190602     -1.53592379
3623  745        -1.93289701      7.69226430     -1.54712689
3624  745        -1.87560244      7.72727421     -1.54427152
3625  745        -1.83525623      7.73766918     -1.52192252
3626  745        -1.83109801      7.70530042     -1.48437221
3627  745        -1.84472442      7.64321979     -1.44293722
3628  745        -1.86723823      7.57258822     -1.41023856
3629  745        -1.89602637      7.50727780     -1.40266914
3630  745        -1.90337847      7.46915215     -1.42622558
3631  745        -1.86719544      7.45866610     -1.46706637
3632  745        -1.81435982      7.42784643     -1.52225445
3633  745        -1.77374833      7.37724524     -1.56708861
3634  745        -1.76672897      7.35190168     -1.60050749
3635  745        -1.78051761      7.38123706     -1.62325651
3636  745        -1.80213845      7.43220885     -1.64481666
3637  745        -1.84317555      7.45586544     -1.65093175
3638  745        -1.89222103      7.45225603     -1.62633059
3639  745        -1.94328384      7.42320506     -1.56183165
3640  745        -1.97822205      7.39810746     -1.48109860
3641  745        -1.98326987      7.37631816     -1.42597885
3642  745        -1.97957838      7.35954464     -1.41405429
3643  745        -1.98171082      7.34157603     -1.44650283
3644  745        -2.00376252      7.33524377     -1.48391269
3645  745        -2.03742375      7.33841484     -1.51980158
3646  745        -2.06822543      7.31934862     -1.56546027
3647  745        -2.11043987      7.26147206     -1.61538951
3648  745        -2.14503030      7.19844596     -1.64351400
3649  745        -2.15596323      7.19389703     -1.63568396
3650  745        -2.15727801      7.23028797     -1.61556727
3651  745        -2.16437153      7.24398099     -1.62350221
3652  745        -2.19039011      7.21687832     -1.66519977
3653  745        -2.23291702      7.17034619     -1.70861079
3654  745        -2.27820472      7.12721743     -1.75241581
3655  745        -2.30933950      7.11062570     -1.78685528
3656  745        -2.31406924      7.12122019     -1.80872789
3657  745        -2.28081000      7.17608853     -1.80909542
3658  745        -2.25974629      7.24723082     -1.80885399
3659  745        -2.27533132      7.28871412     -1.82293138
3660  745        -2.29826943      7.29612793     -1.85611607
3661  745        -2.30711987      7.27707434     -1.85611517
3662  745        -2.31876887      7.24284661     -1.82213261
3663  745        -2.31895007      7.18939866     -1.77533767
3664  745        -2.32007263      7.11814898     -1.76395061
3665  745        -2.33067234      7.03321956     -1.79875390
3666  745        -2.33942433      6.95911931     -1.83155503
3667  745        -2.33770227      6.91923031     -1.83299721
3668  745        -2.33863522      6.92536913     -1.78897838
3669  745        -2.34934225      6.93959625     -1.74380203
3670  745        -2.36052813      6.93629517     -1.72572830
3671  745        -2.34453660      6.91600386     -1.73994601
3672  745        -2.29304588      6.89900884     -1.76398094
3673  745        -2.22421718      6.88579799     -1.78199118
3674  745        -2.17157637      6.86152968     -1.80655750
3675  745        -2.14951106      6.81854519     -1.82993578
3676  745        -2.15534320      6.75230092     -1.83106274
3677  745        -2.17911636      6.68724698     -1.77868731
3678  745        -2.21689905      6.64193155     -1.69746764
3679  745        -2.24071555      6.62098048     -1.61606649
3680  745        -2.23638243      6.61262902     -1.56993476
3681  745        -2.20199261      6.61014667     -1.56124185
3682  745        -2.15856318      6.60530067     -1.60727246
3683  745        -2.11100990      6.59605134     -1.68454881
3684  745        -2.07635482      6.59036378     -1.76369406
3685  745        -2.06400863      6.59907653     -1.80429564
3686  745        -2.08648347      6.62407348     -1.78760633
3687  745        -2.13259532      6.66369394     -1.74710068
3688  745        -2.16143048      6.70112530     -1.73105122
3689  745        -2.17246824      6.72362018     -1.77737911
3690  745        -2.15578991      6.73204337     -1.85529896
3691  745        -2.11897699      6.74343848     -1.90384912
3692  745        -2.07384552      6.76945223     -1.90534295
3693  745        -2.04057661      6.78857089     -1.90560588
3694  745        -2.01968082      6.77415048     -1.92323760
3695  745        -2.01738691      6.74924141     -1.93446131
3696  745        -2.03573965      6.73832138     -1.89788676
3697  745        -2.05300740      6.74990265     -1.82169618
3698  745        -2.04899470      6.75682246     -1.72760099
3699  745        -2.02519433      6.76166964     -1.64781802
3700  745        -1.99516049      6.78042424     -1.61218385
3701  745        -1.96832855      6.82955490     -1.59960906
3702  745        -1.95560407      6.89076254     -1.59943961
3703  745        -1.96180118      6.93302631     -1.59122819
3704  745        -1.98866189      6.95826533     -1.56642453
3705  745        -2.00200994      6.99233663     -1.50796668
3706  745        -2.00855168      7.04194398     -1.42122175
3707  745        -2.02016700      7.08424191     -1.33427809
3708  745        -2.03726465      7.12088231     -1.26874426
3709  745        -2.02848042      7.14994203     -1.21989655
3710  745        -1.98543100      7.20072875     -1.17310975
3711  745        -1.93733113      7.26284609     -1.16321321
3712  745        -1.89494523      7.33282141     -1.17667755
3713  745        -1.85154486      7.41363581     -1.17835129
3714  745        -1.83867288      7.47657002     -1.14234272
3715  745        -1.85772263      7.51262654     -1.09355500
3716  745        -1.89333935      7.52666395     -1.02797409
3717  745        -1.92405270      7.55270402     -0.93300965
3718  745        -1.92982224      7.58762979     -0.84733713
3719  745        -1.93882039      7.62879455     -0.81735181
3720  745        -1.93712375      7.66312928     -0.83420911
3721  745        -1.92651546      7.70511426     -0.85964011
3722  745        -1.90388809      7.75551852     -0.88198666
3723  745        -1.88563602      7.80138152     -0.87595104
3724  745        -1.86601087      7.84059945     -0.81783959
3725  745        -1.86901605      7.88384655     -0.71050765
3726  745        -1.89336654      7.93588719     -0.62320881
3727  745        -1.92463289      7.96647993     -0.58509573
3728  745        -1.93429826      7.98777324     -0.57302960
3729  745        -1.94721305      7.97581945     -0.59819137
3730  745        -1.96134573      7.95230017     -0.64730196
3731  745        -1.94377966      7.93351405     -0.68805326
3732  745        -1.90275202      7.95565553     -0.70761281
3733  745        -1.85463513      7.99838947     -0.71796203
3734  745        -1.82161094      8.04329589     -0.70502657
3735  745        -1.80928939      8.09607448     -0.66161770
3736  745        -1.81900366      8.13832648     -0.61890569
3737  745        -1.82285884      8.12828592     -0.61974470
3738  745        -1.80904188      8.06675253     -0.66503836
3739  745        -1.78741326      8.00669057     -0.71640835
3740  745        -1.78429892      7.97255470     -0.74177370
3741  745        -1.76119070      7.96902420     -0.74142279
3742  745        -1.68551493      7.99260040     -0.74021544
3743  745        -1.59647119      8.04409745     -0.75729318
3744  745        -1.54043103      8.09672785     -0.78610192
3745  745        -1.51832228      8.11804302     -0.80647699
3746  745        -1.50700677      8.10552635     -0.82250289
3747  745        -1.51106863      8.06969012     -0.84812453
3748  745        -1.50857758      8.02900515     -0.86534801
3749  745        -1.49987865      8.00047382     -0.85729935
3750  745        -1.48910643      8.00096593     -0.85366461
3751  745        -1.45996702      8.03221960     -0.86460825
3752  745        -1.41777210      8.07280337     -0.87090354
3753  745        -1.37783049      8.11720944     -0.85523408
3754  745        -1.36145006      8.16099999     -0.82861793
3755  745        -1.35968883      8.20025220     -0.83262151
3756  745        -1.36276494      8.21730875     -0.85983383
3757  745        -1.34764903      8.21369046     -0.88104368
3758  745        -1.33373868      8.19414777     -0.89021276
3759  745        -1.30664234      8.16202412     -0.87913191
3760  745        -1.29529798      8.13701391     -0.85623904
3761  745        -1.31175493      8.12551938     -0.83057273
3762  745        -1.33164103      8.12082002     -0.80964043
3763  745        -1.33149207      8.11103733     -0.79690876
3764  745        -1.32611777      8.08938181     -0.82425965
3765  745        -1.34722662      8.04863277     -0.88919395
3766  745        -1.38230596      8.00670924     -0.97075421
3767  745        -1.40791989      7.98454948     -1.04032484
3768  745        -1.40331388      7.99926818     -1.07558981
3769  745        -1.38055254      8.03371892     -1.08949110
3770  745        -1.34615513      8.06388219     -1.11257944
3771  745        -1.32011801      8.07593618     -1.13257325
3772  745        -1.31544046      8.06476239     -1.12625100
3773  745        -1.34564370      8.05137539     -1.10416705
3774  745        -1.37529541      8.04667908     -1.08898055
3775  745        -1.35917494      8.06997289     -1.11245952
3776  745        -1.32107469      8.10659443     -1.13822603
3777  745        -1.27738986      8.14891309     -1.15211642
3778  745        -1.23954264      8.17135680     -1.15237974
3779  745        -1.19961356      8.16976766     -1.15230199
3780  745        -1.18181567      8.14503609     -1.14803897
3781  745        -1.18534744      8.10707129     -1.12679178
3782  745        -1.22248596      8.07474690     -1.08566312
3783  745        -1.25726434      8.03455812     -1.04364844
3784  745        -1.28484699      7.99082806     -1.02475703
3785  745        -1.32616357      7.96501301     -0.96972925
3786  745        -1.37897541      7.97747089     -0.88809754
3787  745        -1.42126918      7.98924135     -0.83343806
3788  745        -1.43530739      7.98228531     -0.82248542
3789  745        -1.45472596      7.94739962     -0.83391948
3790  745        -1.48185560      7.92223509     -0.86848047
3791  745        -1.51489334      7.91892903     -0.94083251
3792  745        -1.54476117      7.93616134     -1.04171347
3793  745        -1.58106325      7.97378778     -1.13467259
3794  745        -1.64897295      8.05873277     -1.17357142
3795  745        -1.74240989      8.17749262     -1.15857321
3796  745        -1.83244270      8.27489739     -1.11754057
3797  745        -1.89433246      8.32964976     -1.10368417
3798  745        -1.93712757      8.34599225     -1.10600743
3799  745        -1.96135638      8.36327453     -1.10987531
3800  745        -1.94832961      8.37976613     -1.09962253
3801  745        -1.90232871      8.38645859     -1.08231619
3802  745        -1.87010463      8.39043718     -1.04632122
3803  745        -1.86480836      8.40374343     -0.99950838
3804  745        -1.86765207      8.41285072     -0.95914488
3805  745        -1.83251266      8.38648823     -0.95902843
3806  745        -1.77713522      8.32488059     -0.99796556
3807  745        -1.75687229      8.25606369     -1.02638041
3808  745        -1.78570613      8.20097339     -1.01913292
3809  745        -1.84413277      8.16812502     -0.98357503
3810  745        -1.91197548      8.14242489     -0.95397454
3811  745        -1.98033723      8.13265758     -0.92499409
3812  745        -2.03584107      8.12482085     -0.90450597
3813  745        -2.04837612      8.10261382     -0.88712071
3814  745        -2.01215141      8.07203943     -0.86051171
3815  745        -1.93545404      8.04176990     -0.80837170
3816  745        -1.85243453      8.02227753     -0.75516818
3817  745        -1.77925807      8.00497717     -0.72573069
3818  745        -1.71676392      7.96910377     -0.72294854
3819  745        -1.66265803      7.91076515     -0.73822411
3820  745        -1.62181475      7.84858932     -0.76523489
3821  745        -1.59465738      7.79107607     -0.80456255
3822  745        -1.58166664      7.74220064     -0.84304835
3823  745        -1.59724569      7.71595946     -0.88012759
3824  745        -1.63084974      7.72108415     -0.89278844
3825  745        -1.64612594      7.73136099     -0.88489517
3826  745        -1.62807998      7.72996929     -0.86810763
3827  745        -1.62055118      7.70929480     -0.84719098
3828  745        -1.64255382      7.70099301     -0.85009686
3829  745        -1.67772546      7.72233334     -0.86212936
3830  745        -1.67702158      7.76651421     -0.87739566
3831  745        -1.65607918      7.81335541     -0.89836890
3832  745        -1.65271102      7.82991239     -0.92158736
3833  745        -1.67759828      7.82184246     -0.94107371
3834  745        -1.71315994      7.80436294     -0.95431778
3835  745        -1.72028408      7.79038664     -0.97089320
3836  745        -1.69460611      7.78450841     -1.00257832
3837  745        -1.63609035      7.79112553     -1.03333796
3838  745        -1.58714204      7.80884363     -1.03636835
3839  745        -1.54427435      7.83685105     -1.00574202
3840  745        -1.49369380      7.87013349     -0.97138199
3841  745        -1.42293255      7.90442383     -0.96588936
3842  745        -1.35785708      7.93999119     -0.97247183
3843  745        -1.31126378      7.97051241     -0.96289840
3844  745        -1.26887561      7.99972245     -0.95463342
3845  745        -1.21395871      8.02497415     -0.97449176
3846  745        -1.14013300      8.02014209     -0.98530566
3847  745        -1.05708496      7.95285372     -0.97293457
3848  745        -0.97276692      7.84823274     -0.96793632
3849  745        -0.88047539      7.77279361     -0.96701836
3850  745        -0.76667366      7.79858801     -0.96618024
3851  745        -0.65880378      7.88976445     -0.97095063
3852  745        -0.58082561      7.95787201     -1.00127539
3853  745        -0.52014698      7.97102790     -1.04723656
3854  745        -0.48888245      7.94761754     -1.08409787
3855  745        -0.48006209      7.92187820     -1.10797028
3856  745        -0.47824347      7.90025944     -1.13507003
3857  745        -0.47866457      7.88273873     -1.16116052
3858  745        -0.50254174      7.88850212     -1.16784582
3859  745        -0.53618077      7.88916875     -1.16297303
3860  745        -0.54851206      7.86301834     -1.16281433
3861  745        -0.55507406      7.81142487     -1.16683154
3862  745        -0.54518593      7.73827980     -1.18301411
3863  745        -0.49508798      7.67039735     -1.22230650
3864  745        -0.42525429      7.63272457     -1.25503697
3865  745        -0.36136331      7.59396737     -1.24488510
3866  745        -0.30100765      7.51635859     -1.22902154
3867  745        -0.23329170      7.42313938     -1.23809785
3868  745        -0.16882798      7.36426575     -1.28067137
3869  745        -0.14348712      7.34381392     -1.32460278
3870  745        -0.15325042      7.33015793     -1.34013231
3871  745        -0.16574822      7.31766289     -1.33949425
3872  745        -0.16124637      7.33220163     -1.36266566
3873  745        -0.13780417      7.34952557     -1.38407049
3874  745        -0.12268531      7.33343262     -1.38933764
3875  745        -0.10520530      7.29480418     -1.41434149
3876  745        -0.06136356      7.25080614     -1.45025963
3877  745         0.01482720      7.20545488     -1.48225604
3878  745         0.09162624      7.15367868     -1.50031444
3879  745         0.13133146      7.11131952     -1.48524446
3880  745         0.11036913      7.09694263     -1.43562579
3881  745         0.06522516      7.09054589     -1.39704249
3882  745         0.02242432      7.10341582     -1.37966934
3883  745        -0.03634063      7.14097749     -1.37451947
3884  745        -0.12281570      7.18728034     -1.37994777
3885  745        -0.19857615      7.21228777     -1.38912806
3886  745        -0.25361356      7.18749118     -1.38055347
3887  745        -0.30867832      7.15749165     -1.36007581
3888  745        -0.34507218      7.12553512     -1.34991732
3889  745        -0.37473932      7.09333758     -1.35487480
3890  745        -0.40389658      7.06596225     -1.34633885
3891  745        -0.44038651      7.07977192     -1.32197869
3892  745        -0.47873326      7.12075973     -1.29930617
3893  745        -0.50983082      7.13746460     -1.27486576
3894  745        -0.54181402      7.12904952     -1.23809246
3895  745        -0.56120094      7.11657349     -1.20730896
3896  745        -0.55726603      7.12746623     -1.19504183
3897  745        -0.53526328      7.12556772     -1.17779115
3898  745        -0.54188150      7.12003847     -1.14334647
3899  745        -0.57376863      7.12000653     -1.09977466
3900  745        -0.59901820      7.13676457     -1.05435968
3901  745        -0.61187399      7.15946083     -1.01451472
3902  745        -0.60624545      7.15908765     -0.97320592
3903  745        -0.58753419      7.12230862     -0.94317246
3904  745        -0.55655920      7.06887920     -0.92246271
3905  745        -0.51850756      7.02844187     -0.89292808
3906  745        -0.48879187      6.99393862     -0.84522282
3907  745        -0.48071075      6.97017107     -0.77811352
3908  745        -0.47493647      6.94757538     -0.70556033
3909  745        -0.44890019      6.92056738     -0.62825018
3910  745        -0.39935988      6.90301962     -0.56439422
3911  745        -0.34246585      6.90116939     -0.50010961
3912  745        -0.28011999      6.90330341     -0.42182556
3913  745        -0.20601174      6.92287859     -0.34005011
3914  745        -0.11558519      6.98101551     -0.27291551
3915  745        -0.00719159      7.05699965     -0.22570254
3916  745         0.08994463      7.12071751     -0.19018952
3917  745         0.13750357      7.16132243     -0.16445164
3918  745         0.14405162      7.20392197     -0.16206107
3919  745         0.12526072      7.25799392     -0.18160630
3920  745         0.09811102      7.28995276     -0.20824539
3921  745         0.10917594      7.27343627     -0.23777061
3922  745         0.16040453      7.23794660     -0.27087364
3923  745         0.19059925      7.21697775     -0.30405101
3924  745         0.18194464      7.19527321     -0.33834349
3925  745         0.14493588      7.14642850     -0.37249754
3926  745         0.10304020      7.10364153     -0.42055338
3927  745         0.05432199      7.11671335     -0.49179148
3928  745         0.01215532      7.18035958     -0.55679057
3929  745        -0.00119882      7.22185844     -0.60593783
3930  745         0.02173664      7.20857232     -0.64484559
3931  745         0.05739655      7.18945145     -0.66609918
3932  745         0.09437267      7.19117932     -0.67563410
3933  745         0.13933050      7.19886594     -0.67271850
3934  745         0.19626087      7.19490675     -0.64863424
3935  745         0.24712230      7.18626415     -0.60895596
3936  745         0.27953384      7.19220621     -0.58034390
3937  745         0.28070069      7.23444577     -0.57436663
3938  745         0.25320733      7.30112620     -0.57402130
3939  745         0.18873319      7.39964608     -0.58225006
3940  745         0.13382623      7.49639809     -0.57665711
3941  745         0.12242985      7.51893753     -0.56885709
3942  745         0.15304487      7.48369447     -0.53863876
3943  745         0.19248295      7.47438978     -0.49851076
3944  745         0.20234197      7.49158502     -0.45708784
3945  745         0.19147444      7.49204730     -0.41718710
3946  745         0.17175888      7.46565164     -0.37728168
3947  745         0.12996243      7.44786882     -0.33849447
3948  745         0.08202945      7.45814993     -0.30682243
3949  745         0.04727401      7.46098301     -0.28022843
3950  745         0.00801272      7.42799361     -0.27414350
3951  745        -0.04615532      7.37630443     -0.29318846
3952  745        -0.09528750      7.35277468     -0.31762919
3953  745        -0.11312462      7.35698592     -0.32241554
3954  745        -0.09399519      7.36908645     -0.30536645
3955  745        -0.07582443      7.38437922     -0.27702415
3956  745        -0.09177424      7.38844017     -0.25400908
3957  745        -0.13239299      7.38517939     -0.22600571
3958  745        -0.17671083      7.37709676     -0.19638394
3959  745        -0.21888188      7.36446316     -0.17016495
3960  745        -0.26063730      7.34124258     -0.15850510
3961  745        -0.27474284      7.32284720     -0.14773697
3962  745        -0.25683698      7.29423612     -0.11694546
3963  745        -0.21536928      7.25407400     -0.06072145
3964  745        -0.17888191      7.18974051      0.00006759
3965  745        -0.15930012      7.12864299      0.04980142
3966  745        -0.16731107      7.09880784      0.08350286
3967  745        -0.21435657      7.09745710      0.08501476
3968  745        -0.29552302      7.09729395      0.04394109
3969  745        -0.36858870      7.07756822     -0.02533326
3970  745        -0.38758974      7.03599507     -0.10446926
3971  745        -0.36639059      6.97510438     -0.17573410
3972  745        -0.35132559      6.92794865     -0.24774935
3973  745        -0.36392361      6.89403538     -0.30862022
3974  745        -0.35930656      6.86901890     -0.32416884
3975  745        -0.32369679      6.84499256     -0.30170171
3976  745        -0.28764767      6.83068581     -0.27426611
3977  745        -0.28729573      6.83301557     -0.26321452
3978  745        -0.29726635      6.85715885     -0.26011301
3979  745        -0.30074808      6.88211033     -0.26577291
3980  745        -0.30597765      6.88187847     -0.30498158
3981  745        -0.32675715      6.85421075     -0.37178560
3982  745        -0.34297746      6.80381969     -0.40779096
3983  745        -0.37015637      6.72874967     -0.38328649
3984  745        -0.42442021      6.63267957     -0.34298321
3985  745        -0.49997129      6.53255450     -0.34560273
3986  745        -0.57099147      6.44719381     -0.39133405
3987  745        -0.63248053      6.38944784     -0.44175552
3988  745        -0.68398916      6.34872847     -0.48526113
3989  745        -0.71813208      6.32353233     -0.53004300
3990  745        -0.75372607      6.31971848     -0.57328808
3991  745        -0.81264854      6.33203091     -0.60274059
3992  745        -0.87835939      6.35184743     -0.60528513
3993  745        -0.91888987      6.35003860     -0.59134354
3994  745        -0.95380173      6.32711002     -0.58153858
3995  745        -1.01367993      6.31501290     -0.55880883
3996  745        -1.09724959      6.32684555     -0.51164172
3997  745        -1.16788194      6.35693158     -0.43831362
3998  745        -1.21526941      6.39355086     -0.35319140
3999  745        -1.23016505      6.41485656     -0.28961801
4000  745        -1.23536133      6.40088464     -0.23969221
4001  745        -1.25606591      6.34879110     -0.19399966
4002  745        -1.28134111      6.28358893     -0.16010506
4003  745        -1.30035700      6.24044564     -0.14522714
4004  745        -1.31039486      6.22409157     -0.12790322
4005  745        -1.31421924      6.22307633     -0.12857697
4006  745        -1.32214176      6.23235058     -0.15672637
4007  745        -1.32517836      6.27197391     -0.19664324
4008  745        -1.29504349      6.33006199     -0.23527291
4009  745        -1.24650630      6.40481918     -0.26918285
4010  745        -1.19886935      6.48958799     -0.30263394
4011  745        -1.16548474      6.56703229     -0.34327958
4012  745        -1.14766305      6.61709107     -0.41564337
4013  745        -1.13460032      6.64194978     -0.49032085
4014  745        -1.12629555      6.63460222     -0.55979916
4015  745        -1.13863978      6.60498776     -0.59393310
4016  745        -1.12995364      6.56242900     -0.60183342
4017  745        -1.09907727      6.52964563     -0.59295558
4018  745        -1.05820491      6.52102845     -0.59465885
4019  745        -1.02971717      6.51871242     -0.59407721
4020  745        -1.01336270      6.50337933     -0.57888654
4021  745        -1.00971008      6.49297447     -0.56993474
4022  745        -1.04000771      6.50222715     -0.56668320
4023  745        -1.09213606      6.51649074     -0.57376523
4024  745        -1.12253330      6.52775394     -0.57340255
4025  745        -1.11438713      6.52993556     -0.55629343
4026  745        -1.07220318      6.51595472     -0.51394671
4027  745        -1.02027329      6.48650279     -0.46309841
4028  745        -0.99844865      6.43267699     -0.41044723
4029  745        -1.00667260      6.36723827     -0.37845934
4030  745        -1.01466883      6.30477446     -0.37403379
4031  745        -1.01963887      6.24885259     -0.38318719
4032  745        -1.03516996      6.20862898     -0.37401569
4033  745        -1.06869515      6.17768225     -0.35450838
4034  745        -1.09357102      6.15899731     -0.31335849
4035  745        -1.09059676      6.15159036     -0.26173582
4036  745        -1.08577049      6.14727904     -0.23520376
4037  745        -1.10125252      6.14240166     -0.24373736
4038  745        -1.12778441      6.14509401     -0.27577697
4039  745        -1.15294981      6.14439560     -0.29376809
4040  745        -1.16672520      6.14280736     -0.28916512
4041  745        -1.18308185      6.14508799     -0.26009616
4042  745        -1.20869371      6.15351980     -0.24462624
4043  745        -1.23597497      6.17061453     -0.23646369
4044  745        -1.25650139      6.18777098     -0.22187491
4045  745        -1.23134066      6.18739505     -0.17073461
4046  745        -1.17260270      6.15693449     -0.07111865
4047  745        -1.12356490      6.12935698      0.04969212
4048  745        -1.09862425      6.14109520      0.13872245
4049  745        -1.09957583      6.19237599      0.18104882
4050  745        -1.10869544      6.25042847      0.20967184
4051  745        -1.12273192      6.28051505      0.23909742
4052  745        -1.14434643      6.26863845      0.27753254
4053  745        -1.17457969      6.22489914      0.31363621
4054  745        -1.17543421      6.18918611      0.35154949
4055  745        -1.14840272      6.16764395      0.35511031
4056  745        -1.10713883      6.15881270      0.31988473
4057  745        -1.07156516      6.15203194      0.27549839
4058  745        -1.03785045      6.15377369      0.23534498
4059  745        -0.99901406      6.18088142      0.20001018
4060  745        -0.95939157      6.20521875      0.15718046
4061  745        -0.92095128      6.19381192      0.11175231
4062  745        -0.89926603      6.12819558      0.05231019
4063  745        -0.88656267      6.04542786      0.01637012
4064  745        -0.88933793      5.95716864      0.01504947
4065  745        -0.92342367      5.88293847      0.05576075
4066  745        -0.96670726      5.85148838      0.09300464
4067  745        -0.97808650      5.87463152      0.11366059
4068  745        -0.96746213      5.93331788      0.13833104
4069  745        -0.98579238      5.97757052      0.14517468
4070  745        -1.05873151      6.00148614      0.10687611
4071  745        -1.15614063      6.04518856      0.05735763
4072  745        -1.21920638      6.11733534      0.05052345
4073  745        -1.23542892      6.14474303      0.07167254
4074  745        -1.22885580      6.09484021      0.09645234
4075  745        -1.23209431      6.01096325      0.10850815
4076  745        -1.25415791      5.96481423      0.12628122
4077  745        -1.26774214      5.96371083      0.15913245
4078  745        -1.24005750      5.97592038      0.20076730
4079  745        -1.18754505      5.98090046      0.23709650
4080  745        -1.13473543      5.97493216      0.25126668
4081  745        -1.10262535      5.97422880      0.24547698
4082  745        -1.07946737      5.96547836      0.23896068
4083  745        -1.06403238      5.93913526      0.26863271
4084  745        -1.06422914      5.89821313      0.31061075
4085  745        -1.09820005      5.87167542      0.32574529
4086  745        -1.17185535      5.86714769      0.29679848
4087  745        -1.25044424      5.83970758      0.24360065
4088  745        -1.31041709      5.77080351      0.19855878
4089  745        -1.35277445      5.68048458      0.19767132
4090  745        -1.37385823      5.60664812      0.21015619
4091  745        -1.36959211      5.56446328      0.21790864
4092  745        -1.34887909      5.53677905      0.22238925
4093  745        -1.33122128      5.50728630      0.23097266
4094  745        -1.33811192      5.47803892      0.24584172
4095  745        -1.35315721      5.47456993      0.24051298
4096  745        -1.36480885      5.50754128      0.22221007
4097  745        -1.37150997      5.54411953      0.20609781
4098  745        -1.36957216      5.54946677      0.19366417
4099  745        -1.35521987      5.51839161      0.17472688
4100  745        -1.31859534      5.47965906      0.14462997
4101  745        -1.27259357      5.45274497      0.10998419
4102  745        -1.24913696      5.44426233      0.08408740
4103  745        -1.22537273      5.44315269      0.08230834
4104  745        -1.17401290      5.43094283      0.08954992
4105  745        -1.09911103      5.40183800      0.08538423
4106  745        -1.02557141      5.36957887      0.08956752
4107  745        -0.97779080      5.34706702      0.11984872
4108  745        -0.95391034      5.35220999      0.15483871
4109  745        -0.97475040      5.39415236      0.16170211
4110  745        -1.02886733      5.43837308      0.15427315
4111  745        -1.07080983      5.46429889      0.15389304
4112  745        -1.09697728      5.47760504      0.14633434
4113  745        -1.11307626      5.49346327      0.11236468
4114  745        -1.10912886      5.52760465      0.07108660
4115  745        -1.07981286      5.55670082      0.04283408
4116  745        -1.03493364      5.57981066      0.05196073
4117  745        -0.97624395      5.60537563      0.07800445
4118  745        -0.90264726      5.63393123      0.08038398
4119  745        -0.82689190      5.64083075      0.08772109
4120  745        -0.76356083      5.61451406      0.12957964
4121  745        -0.72024500      5.58036993      0.18282322
4122  745        -0.70958854      5.57015997      0.21165639
4123  745        -0.71756472      5.58236301      0.20994879
4124  745        -0.73950884      5.58706245      0.19076076
4125  745        -0.78220350      5.58432898      0.17646219
4126  745        -0.83704459      5.59856141      0.17566650
4127  745        -0.89149169      5.62524282      0.18228573
4128  745        -0.93604119      5.65141919      0.20067656
4129  745        -0.96410445      5.66177158      0.25474115
4130  745        -0.98392896      5.66744995      0.34713933
4131  745        -1.00305230      5.68268478      0.44965863
4132  745        -1.01607475      5.72414176      0.51988243
4133  745        -0.99964369      5.78383496      0.55783962
4134  745        -0.96041612      5.85220764      0.57537196
4135  745        -0.93321512      5.92325867      0.57825669
4136  745        -0.92170462      5.98907121      0.58209383
4137  745        -0.90474157      6.05488744      0.58612717
4138  745        -0.87457716      6.12293804      0.57586196
4139  745        -0.85102051      6.18377293      0.54530313
4140  745        -0.84464798      6.21487231      0.51513914
4141  745        -0.85095320      6.22037464      0.49286322
4142  745        -0.87163260      6.22151487      0.48051388
4143  745        -0.89824534      6.23789024      0.46000866
4144  745        -0.92705947      6.26450616      0.42779661
4145  745        -0.95540886      6.29629868      0.40167766
4146  745        -0.97058193      6.33059467      0.40942445
4147  745        -0.97354554      6.37504403      0.44913878
4148  745        -0.97358491      6.42801946      0.50019625
4149  745        -0.98245154      6.47772411      0.54599283
4150  745        -0.98955039      6.50103547      0.57964037
4151  745        -0.98550251      6.50704425      0.58941284
4152  745        -0.96028895      6.51080494      0.58174690
4153  745        -0.91678129      6.51394365      0.56816318
4154  745        -0.86863535      6.51539289      0.55112457
4155  745        -0.83625956      6.52031948      0.53235337
4156  745        -0.81877307      6.54690116      0.49842367
4157  745        -0.81081741      6.57650295      0.46175375
4158  745        -0.80698366      6.59165127      0.43434369
4159  745        -0.80749715      6.59985393      0.41728116
4160  745        -0.82760825      6.61054496      0.39146951
4161  745        -0.85966480      6.61192055      0.35678071
4162  745        -0.88084234      6.60019466      0.31014239
4163  745        -0.86439101      6.58722672      0.23282925
4164  745        -0.82885056      6.57920734      0.13444087
4165  745        -0.80372064      6.57452013      0.03307850
4166  745        -0.78110056      6.56436519     -0.03465867
4167  745        -0.74566137      6.55204028     -0.07309360
4168  745        -0.71464374      6.54372525     -0.10232493
4169  745        -0.72500432      6.53514216     -0.14542348
4170  745        -0.76690689      6.53010315     -0.18265112
4171  745        -0.80816047      6.54559102     -0.21051679
4172  745        -0.82628843      6.57697469     -0.24346506
4173  745        -0.81462535      6.60493267     -0.26608239
4174  745        -0.78387380      6.61781624     -0.27135459
4175  745        -0.76240660      6.61887603     -0.27738749
4176  745        -0.77963578      6.61302663     -0.30403023
4177  745        -0.82071377      6.60199351     -0.33283523
4178  745        -0.84546495      6.58724311     -0.35363221
4179  745        -0.83863117      6.57655836     -0.37419903
4180  745        -0.83106194      6.57146497     -0.39835043
4181  745        -0.81285036      6.57961670     -0.41171994
4182  745        -0.76505113      6.60797416     -0.40772532
4183  745        -0.70325921      6.64624148     -0.41433791
4184  745        -0.66407326      6.66004060     -0.44068423
4185  745        -0.63882966      6.64412867     -0.47290519
4186  745        -0.61694069      6.63337988     -0.49932360
4187  745        -0.60775025      6.65797865     -0.52465572
4188  745        -0.62113047      6.69859338     -0.56108821
4189  745        -0.63259388      6.71587492     -0.61211160
4190  745        -0.65111006      6.70835676     -0.66139901
4191  745        -0.67938895      6.71230665     -0.69931440
4192  745        -0.68217527      6.72549568     -0.74537670
4193  745        -0.67098941      6.71602652     -0.79138837
4194  745        -0.66669701      6.71562431     -0.83961886
4195  745        -0.68289043      6.75142949     -0.88032263
4196  745        -0.72551904      6.77741647     -0.89918100
4197  745        -0.78336665      6.77358038     -0.90359531
4198  745        -0.82661953      6.78050159     -0.93035300
4199  652        -2.77003461      5.29759946     -1.42347796
4200  652        -2.74176693      5.30837745     -1.43491113
4201  652        -2.72098178      5.27147287     -1.46381848
4202  652        -2.73515999      5.16386488     -1.48726258
4203  652        -2.77557876      5.02766632     -1.48866284
4204  652        -2.80011753      4.93011446     -1.47908937
4205  652        -2.77905430      4.88771310     -1.45779000
4206  652        -2.72628250      4.85766483     -1.42381850
4207  652        -2.67999540      4.83694984     -1.39035329
4208  652        -2.67469691      4.83380745     -1.37867125
4209  652        -2.71536662      4.85642010     -1.39662161
4210  652        -2.78107969      4.87980575     -1.42536760
4211  652        -2.85692609      4.88745805     -1.45474034
4212  652        -2.94792904      4.88346711     -1.50798042
4213  652        -3.01995591      4.85496831     -1.59930815
4214  652        -3.04169761      4.78920557     -1.71111256
4215  652        -3.00514871      4.71216413     -1.81603172
4216  652        -2.94942017      4.65482506     -1.90474908
4217  652        -2.88435249      4.62370093     -1.97304699
4218  652        -2.82835127      4.62875749     -2.01544473
4219  652        -2.81532568      4.65375602     -2.02775779
4220  652        -2.84004532      4.68990666     -2.02017051
4221  652        -2.90287736      4.72224303     -2.02111972
4222  652        -2.98051174      4.73980829     -2.02051877
4223  652        -3.07248524      4.75574159     -2.02929010
4224  652        -3.16159591      4.76494075     -2.04960772
4225  652        -3.23778290      4.74558819     -2.07567357
4226  652        -3.30066649      4.72029099     -2.09460542
4227  652        -3.35311064      4.70197648     -2.09087915
4228  652        -3.39533814      4.70040791     -2.05010306
4229  652        -3.42634693      4.70172455     -1.95375092
4230  652        -3.47018920      4.68534433     -1.82799090
4231  652        -3.50003853      4.65506979     -1.70859252
4232  652        -3.46976440      4.59160145     -1.63291547
4233  652        -3.40999870      4.53142089     -1.60553362
4234  652        -3.40778182      4.49299210     -1.60050089
4235  652        -3.45977723      4.47705759     -1.58704822
4236  652        -3.50669276      4.47243291     -1.54970574
4237  652        -3.52695180      4.46142984     -1.50193341
4238  652        -3.55492111      4.43643674     -1.46460589
4239  652        -3.60511538      4.39252492     -1.45315177
4240  652        -3.65748840      4.36705229     -1.46448954
4241  652        -3.70957575      4.34580133     -1.47160072
4242  652        -3.78397039      4.33705513     -1.46311061
4243  652        -3.84694064      4.32699527     -1.46048394
4244  652        -3.86374020      4.32499975     -1.46061237
4245  652        -3.85814578      4.32590656     -1.42898460
4246  652        -3.85782905      4.33258366     -1.37659872
4247  652        -3.87013526      4.33177112     -1.32437363
4248  652        -3.84719319      4.26478058     -1.26012574
4249  652        -3.81747321      4.19500283     -1.21857922
4250  652        -3.79143531      4.12918635     -1.17392820
4251  652        -3.80608976      4.08879773     -1.12081891
4252  652        -3.84011472      4.06891913     -1.09261273
4253  754        -4.74216208      6.29125346     -0.64146741
4254  754        -4.71334199      6.28721724     -0.60479611
4255  754        -4.64327808      6.27112249     -0.58196613
4256  754        -4.60043443      6.26977655     -0.55909294
4257  754        -4.57585149      6.32756683     -0.55229099
4258  754        -4.56653098      6.40462170     -0.55651081
4259  754        -4.57345674      6.40972416     -0.56155696
4260  754        -4.58800984      6.34673401     -0.56495441
4261  754        -4.59407841      6.27598195     -0.57409402
4262  754        -4.58205554      6.22095282     -0.58901035
4263  754        -4.58351543      6.17491043     -0.61109446
4264  754        -4.58858901      6.15287242     -0.62454527
4265  754        -4.58747337      6.17261613     -0.64732707
4266  754        -4.55463690      6.20514869     -0.68519268
4267  754        -4.51336638      6.22243570     -0.73046383
4268  754        -4.47858360      6.22149162     -0.77807265
4269  754        -4.45492771      6.23720107     -0.81802379
4270  754        -4.43556096      6.26021394     -0.82746812
4271  754        -4.42267835      6.29222623     -0.80404866
4272  754        -4.42460116      6.29568368     -0.78472354
4273  754        -4.43176561      6.27850230     -0.76930738
4274  754        -4.44405571      6.25959253     -0.75968967
4275  754        -4.46495793      6.25711426     -0.75175394
4276  754        -4.50117646      6.27620785     -0.77033616
4277  754        -4.53572669      6.29095331     -0.80994276
4278  754        -4.55689348      6.29881707     -0.84583963
4279  754        -4.58354180      6.30535797     -0.85070646
4280  754        -4.61998579      6.31909946     -0.83847413
4281  754        -4.65335217      6.32721926     -0.82517354
4282  754        -4.65378641      6.32291586     -0.80159632
4283  754        -4.63368606      6.30863240     -0.75552678
4284  754        -4.59688774      6.32479122     -0.68983293
4285  754        -4.54655557      6.36932674     -0.64185075
4286  754        -4.48976112      6.40084100     -0.62885598
4287  754        -4.44445675      6.40634874     -0.63066872
4288  754        -4.37835520      6.42208614     -0.62424094
4289  754        -4.30657659      6.49101630     -0.61313186
4290  754        -4.27495404      6.58709660     -0.58885559
4291  754        -4.28780401      6.66769023     -0.56870225
4292  754        -4.30146024      6.73051720     -0.57476447
4293  754        -4.27852265      6.78298816     -0.60164890
4294  754        -4.23576502      6.81967889     -0.62911219
4295  754        -4.17804488      6.84329099     -0.66004776
4296  754        -4.08806177      6.85771488     -0.71101006
4297  754        -3.96036420      6.87227385     -0.75620463
4298  754        -3.84186498      6.89603120     -0.77943164
4299  754        -3.76765680      6.92042778     -0.79544354
4300  754        -3.72260239      6.93205279     -0.82472614
4301  754        -3.69104441      6.92360606     -0.84159787
4302  754        -3.66188024      6.90868158     -0.84696446
4303  754        -3.64638386      6.92979398     -0.85499847
4304  754        -3.61068948      6.97972220     -0.88011229
4305  754        -3.56435727      6.99804693     -0.89497528
4306  754        -3.50416880      6.97211298     -0.88488828
4307  754        -3.44345377      6.94035476     -0.86921271
4308  754        -3.40769586      6.92579266     -0.86343065
4309  754        -3.40962585      6.92949806     -0.88865809
4310  754        -3.42206701      6.94244485     -0.92911016
4311  754        -3.41297498      6.96831707     -0.97128280
4312  754        -3.39151350      7.00764609     -1.01890939
4313  754        -3.36675512      7.03993943     -1.08605989
4314  754        -3.34362343      7.04008879     -1.15640274
4315  754        -3.31699818      7.00205287     -1.19871157
4316  754        -3.30297837      6.94936067     -1.19850660
4317  754        -3.30247810      6.89515080     -1.19456639
4318  754        -3.30435047      6.84589221     -1.23055709
4319  754        -3.30697367      6.80094283     -1.28650636
4320  754        -3.31195465      6.77346248     -1.31178464
4321  754        -3.30470513      6.78600238     -1.29156846
4322  754        -3.29412421      6.81085687     -1.25261788
4323  754        -3.30793989      6.79409782     -1.23101412
4324  754        -3.33803667      6.73814143     -1.21364066
4325  754        -3.33836915      6.67447722     -1.17566478
4326  754        -3.30025518      6.62695016     -1.13343206
4327  754        -3.23471711      6.59660409     -1.11512697
4328  754        -3.16385938      6.55884825     -1.14486151
4329  754        -3.11099879      6.50431051     -1.19623883
4330  754        -3.08889448      6.45775702     -1.24447096
4331  754        -3.11344368      6.42841937     -1.27674426
4332  754        -3.15667379      6.41585739     -1.31180643
4333  754        -3.18336844      6.41922895     -1.33846764
4334  754        -3.19421125      6.41875578     -1.34105626
4335  754        -3.17413561      6.40755852     -1.32614154
4336  754        -3.11658016      6.38393332     -1.29518661
4337  754        -3.03193768      6.34276397     -1.25032206
4338  754        -2.94588784      6.27979015     -1.19246616
4339  754        -2.85473398      6.19753884     -1.16075247
4340  754        -2.76214062      6.08702067     -1.16728342
4341  754        -2.71239860      5.99666964     -1.19400886
4342  754        -2.70456334      5.96518537     -1.23539887
4343  754        -2.68565410      5.98248122     -1.27910951
4344  754        -2.64989858      6.00160622     -1.29029789
4345  754        -2.60349780      6.00780289     -1.26220256
4346  754        -2.54439487      5.99497059     -1.21910555
4347  754        -2.51436329      5.95541711     -1.16267224
4348  754        -2.51736078      5.89139404     -1.11451350
4349  754        -2.52122850      5.83853612     -1.09469028
4350  754        -2.46921925      5.80684466     -1.11035494
4351  754        -2.37109853      5.78027804     -1.12258323
4352  754        -2.22284352      5.76275286     -1.12204958
4353  754        -2.09048703      5.73674555     -1.12202674
4354  754        -2.02284732      5.66974605     -1.14030676
4355  754        -2.00319090      5.58307122     -1.15506719
4356  754        -2.00064288      5.50421429     -1.15133176
4357  754        -1.97342871      5.42875539     -1.14161911
4358  754        -1.91824374      5.35314131     -1.13223586
4359  754        -1.86540744      5.28793000     -1.14307148
4360  754        -1.84778540      5.23612972     -1.16826703
4361  754        -1.85651372      5.19599430     -1.21394071
4362  754        -1.85525457      5.16875491     -1.26554373
4363  754        -1.82945580      5.15766478     -1.30092932
4364  754        -1.82089105      5.15721553     -1.28479433
4365  754        -1.83880662      5.17121268     -1.24362322
4366  754        -1.83900593      5.20802450     -1.19851989
4367  754        -1.81005853      5.24301571     -1.16566673
4368  754        -1.79813683      5.26381366     -1.15218707
4369  754        -1.78281236      5.27502173     -1.17134450
4370  754        -1.74349777      5.27268934     -1.24084991
4371  754        -1.70120503      5.25417588     -1.33977202
4372  754        -1.67930830      5.22302234     -1.38951718
4373  754        -1.69614852      5.21549547     -1.33259923
4374  754        -1.73335035      5.21743266     -1.24898608
4375  754        -1.75561888      5.24388483     -1.21221302
4376  754        -1.74664435      5.25720814     -1.25548916
4377  754        -1.74701712      5.25278807     -1.32843316
4378  754        -1.76612532      5.24724357     -1.40090289
4379  754        -1.79941276      5.22884700     -1.45579850
4380  754        -1.81723909      5.20255027     -1.48752464
4381  754        -1.79541075      5.17324950     -1.51189789
4382  754        -1.77906913      5.15848540     -1.52757340
4383  754        -1.81679018      5.11219441     -1.55642138
4384  754        -1.87191778      5.04115075     -1.59051015
4385  754        -1.89536876      4.98718794     -1.60218572
4386  754        -1.87986010      4.95406441     -1.56918016
4387  754        -1.87281503      4.92515293     -1.49963574
4388  754        -1.89488767      4.89660259     -1.43375032
4389  754        -1.90763385      4.87724448     -1.41771421
4390  754        -1.88359388      4.85615393     -1.44209497
4391  754        -1.85879279      4.82860375     -1.46035184
4392  754        -1.88589072      4.79566277     -1.46013942
4393  754        -1.95753100      4.78298265     -1.44861835
4394  754        -2.03075629      4.78041127     -1.43672364
4395  754        -2.08706211      4.77918634     -1.42582723
4396  754        -2.15005613      4.77845885     -1.42733316
4397  754        -2.23528993      4.79891724     -1.44492998
4398  754        -2.32221633      4.81448112     -1.47552312
4399  754        -2.38109182      4.80191289     -1.51448567
4400  754        -2.42078689      4.78387963     -1.56505399
4401  754        -2.47803792      4.76315345     -1.60850182
4402  754        -2.54849308      4.72072799     -1.63011956
4403  754        -2.61734272      4.66596859     -1.63569488
4404  754        -2.66335384      4.63335721     -1.61976469
4405  754        -2.69592418      4.62657684     -1.57681065
4406  754        -2.74234924      4.62151078     -1.51935616
4407  754        -2.79325016      4.61410565     -1.46094803
4408  754        -2.81466712      4.59956791     -1.43640693
4409  754        -2.81745934      4.57264123     -1.45573029
4410  754        -2.82953124      4.52349428     -1.48852612
4411  754        -2.86084402      4.45815853     -1.49605539
4412  754        -2.91989187      4.38090296     -1.48195227
4413  754        -2.97464435      4.30095196     -1.45041834
4414  754        -3.01034175      4.24845290     -1.39128797
4415  754        -3.04097777      4.22458211     -1.33166318
4416  754        -3.08156771      4.20911127     -1.26761383
4417  754        -3.11562879      4.17585435     -1.22030484
4418  754        -3.13081790      4.12596318     -1.21397379
4419  754        -3.12293322      4.08297272     -1.23212123
4420  754        -3.10143821      4.03536130     -1.25996268
4421  754        -3.07918291      3.97929919     -1.29691953
4422  754        -3.07990953      3.92159531     -1.32324156
4423  754        -3.09022199      3.89001073     -1.30390371
4424  754        -3.10440132      3.86084548     -1.25406421
4425  754        -3.11397904      3.82475695     -1.19385526
4426  754        -3.13305417      3.78812331     -1.14493534
4427  754        -3.14896474      3.75812749     -1.10756911
4428  754        -3.13257334      3.71603626     -1.09396833
4429  754        -3.09426647      3.64487448     -1.10742381
4430  754        -3.06018295      3.58145471     -1.14565635
4431  754        -3.03974842      3.54511582     -1.19781478
4432  754        -3.01871033      3.49383299     -1.24444228
4433  754        -3.02128597      3.39796993     -1.27493419
4434  754        -3.07106058      3.29715445     -1.28372056
4435  754        -3.12399411      3.24817616     -1.27795921
4436  754        -3.11647371      3.26335832     -1.26034505
4437  754        -3.09178637      3.29167742     -1.24283629
4438  754        -3.11456844      3.28523475     -1.25805913
4439  754        -3.16716380      3.25111445     -1.30827509
4440  754        -3.20429028      3.21297417     -1.35873806
4441  754        -3.21027461      3.17864358     -1.37319049
4442  754        -3.21686919      3.15329095     -1.36397074
4443  652        -4.13767993      2.05643522     -3.40790761
4444  652        -4.16863411      1.98820552     -3.42913443
4445  652        -4.21413273      1.91624159     -3.44799118
4446  793        -5.16650272      0.39132587     -1.76058684
4447  793        -5.18112815      0.34358732     -1.79709389
4448  793        -5.19313517      0.30486019     -1.82909010
4449  793        -5.20538828      0.28071965     -1.83304559
4450  793        -5.21799430      0.25894054     -1.82942736
4451  793        -5.22219638      0.24642912     -1.84266217
4452  793        -5.19221997      0.24855988     -1.87108049
4453  793        -5.14206775      0.25219949     -1.88751429
4454  793        -5.10447291      0.24075203     -1.86684326
4455  793        -5.08962795      0.22150308     -1.82311244
4456  793        -5.08887272      0.20409599     -1.80797616
4457  793        -5.08978095      0.18588380     -1.82969084
4458  793        -5.10091889      0.16047671     -1.86966186
4459  793        -5.11543317      0.11252495     -1.89068404
4460  793        -5.11266772      0.06220298     -1.89496394
4461  793        -5.12001059      0.04665090     -1.89311202
4462  793        -5.14021326      0.07121897     -1.89610640
4463  793        -5.16466791      0.11182049     -1.89028406
4464  793        -5.15875179      0.15303079     -1.87045225
4465  793        -5.10580813      0.20288401     -1.83614439
4466  793        -5.09912495      0.24968248     -1.80786822
4467  793        -5.16747023      0.30279334     -1.81222673
4468  793        -5.22641860      0.35570459     -1.82616885
4469  793        -5.23490645      0.36831367     -1.79277914
4470  793        -5.20300301      0.32190929     -1.71824752
4471  793        -5.15508261      0.26904533     -1.64815651
4472  793        -5.10461231      0.24878924     -1.59741877
4473  793        -5.06002574      0.24861978     -1.57314153
4474  793        -5.04975958      0.25894132     -1.57046332
4475  793        -5.07134105      0.28518022     -1.57766510
4476  793        -5.07488493      0.31529428     -1.57027151
4477  793        -5.05595070      0.34916660     -1.54638380
4478  793        -5.04685009      0.38832457     -1.52168912
4479  793        -5.05626231      0.42440319     -1.50613073
4480  793        -5.06973456      0.43816985     -1.48726480
4481  793        -5.07209492      0.42224119     -1.45571251
4482  793        -5.06515418      0.40632364     -1.43092202
4483  793        -5.04571027      0.40987234     -1.42465241
4484  793        -5.01011925      0.42924202     -1.43633033
4485  793        -4.96162471      0.44461329     -1.46335935
4486  793        -4.91940268      0.43691411     -1.50637546
4487  793        -4.91324900      0.40408835     -1.55560367
4488  793        -4.92718617      0.36561054     -1.58351597
4489  793        -4.95162743      0.33489648     -1.58624649
4490  793        -4.98960778      0.30198227     -1.57945553
4491  793        -5.02045631      0.25495506     -1.55085632
4492  793        -4.99634059      0.20744881     -1.49632822
4493  793        -4.92455509      0.18227544     -1.41618389
4494  793        -4.83416047      0.18411901     -1.34373133
4495  793        -4.76004413      0.21595913     -1.30441045
4496  793        -4.72139174      0.25517227     -1.29715082
4497  793        -4.73068982      0.29635008     -1.31487521
4498  793        -4.77302782      0.31390066     -1.33625938
4499  793        -4.81146130      0.30556956     -1.33171176
4500  793        -4.81438965      0.27328714     -1.28486432
4501  793        -4.79682624      0.21774544     -1.22235507
4502  793        -4.76062346      0.16289625     -1.15827188
4503  793        -4.70482945      0.14395915     -1.10673526
4504  793        -4.65617060      0.15829443     -1.07487912
4505  793        -4.61412876      0.18692022     -1.05898032
4506  793        -4.58965878      0.23771377     -1.02743300
4507  793        -4.57337641      0.31117598     -0.98989545
4508  793        -4.56334341      0.41149788     -0.97588939
4509  793        -4.54922721      0.51621682     -1.01288739
4510  793        -4.54488427      0.59818581     -1.07437258
4511  793        -4.54374026      0.63395505     -1.12979606
4512  793        -4.53901263      0.63471070     -1.14064919
4513  793        -4.52549881      0.60084644     -1.11284112
4514  793        -4.50939327      0.55916014     -1.07348923
4515  793        -4.48780314      0.51436765     -1.03490504
4516  793        -4.44653777      0.47866410     -0.99963596
4517  793        -4.39165063      0.48216177     -0.96302711
4518  793        -4.34881455      0.51076803     -0.92634105
4519  793        -4.33378714      0.57189971     -0.87117083
4520  793        -4.32859798      0.64430745     -0.79559863
4521  793        -4.30122702      0.71414926     -0.68946759
4522  793        -4.26070789      0.78046849     -0.58365517
4523  793        -4.22348767      0.85227897     -0.52027638
4524  793        -4.18608347      0.91461174     -0.51583855
4525  793        -4.16483467      0.95651029     -0.54009992
4526  793        -4.18215493      0.98907786     -0.59321843
4527  793        -4.22430014      1.02191788     -0.67261456
4528  793        -4.26586306      1.05339224     -0.75654279
4529  793        -4.28372542      1.08992195     -0.82668477
4530  793        -4.27300090      1.13816689     -0.87601073
4531  793        -4.24790156      1.18680592     -0.90995485
4532  793        -4.24261567      1.24640400     -0.92799291
4533  793        -4.25304735      1.29169711     -0.94045111
4534  793        -4.25989602      1.31170994     -0.96812923
4535  793        -4.24748792      1.31162400     -1.01631186
4536  793        -4.25301109      1.31116237     -1.05739796
4537  793        -4.27070507      1.31898906     -1.10210943
4538  793        -4.28308746      1.33645196     -1.15243580
4539  793        -4.28779893      1.36119637     -1.18253687
4540  793        -4.28422702      1.40295138     -1.18243694
4541  793        -4.27256869      1.45587776     -1.16180600
4542  793        -4.24246661      1.48974162     -1.13101674
4543  793        -4.19429750      1.48020299     -1.07350091
4544  793        -4.15169128      1.42252990     -0.98737859
4545  793        -4.15287557      1.34030588     -0.88379230
4546  793        -4.18364458      1.25522123     -0.78940574
4547  793        -4.23226217      1.17261029     -0.71652889
4548  793        -4.27698694      1.09515962     -0.67753208
4549  793        -4.31058672      1.04508823     -0.65921363
4550  793        -4.32929957      1.02515859     -0.63061320
4551  793        -4.34054565      1.03435272     -0.58309910
4552  793        -4.35838056      1.05792974     -0.52726668
4553  793        -4.38646814      1.08896514     -0.48028874
4554  793        -4.41540686      1.12426930     -0.44641415
4555  793        -4.43246609      1.14584522     -0.43850860
4556  793        -4.44558762      1.13918252     -0.47158752
4557  793        -4.45881779      1.08976906     -0.54030515
4558  793        -4.47732586      1.02369055     -0.61773340
4559  793        -4.49244586      0.97668653     -0.68020281
4560  793        -4.50344001      0.95952342     -0.72419478
4561  793        -4.52113302      0.95243602     -0.75536966
4562  793        -4.54397427      0.95269084     -0.77077629
4563  793        -4.56887667      0.96881638     -0.76973448
4564  793        -4.58559352      0.98065700     -0.78113696
4565  793        -4.60753271      0.99559971     -0.82983175
4566  793        -4.62924402      1.01959876     -0.87784501
4567  793        -4.65075625      1.03355576     -0.89931988
4568  793        -4.68205158      1.03311669     -0.90522621
4569  793        -4.72751295      1.02097735     -0.91932027
4570  793        -4.77388296      1.00700829     -0.94693727
4571  793        -4.81014027      0.98473705     -0.96550333
4572  793        -4.83808155      0.96984043     -0.95517746
4573  793        -4.86987344      0.97441474     -0.92965344
4574  793        -4.91038929      0.98378427     -0.91446889
4575  793        -4.93642356      0.97258893     -0.90657770
4576  793        -4.91852274      0.94442973     -0.89321793
4577  793        -4.87494200      0.91519429     -0.88122461
4578  793        -4.83813477      0.89671899     -0.88326127
4579  793        -4.82091024      0.87733495     -0.87581666
4580  793        -4.79844680      0.88778104     -0.84922184
4581  793        -4.75648064      0.92781182     -0.82593519
4582  793        -4.70454897      0.97533428     -0.80695898
4583  793        -4.66283769      1.01069179     -0.79126290
4584  793        -4.66002853      1.05024186     -0.77793734
4585  793        -4.69333195      1.10002612     -0.78740916
4586  793        -4.74491247      1.15236333     -0.83074224
4587  793        -4.79130691      1.20224525     -0.89020134
4588  793        -4.84121686      1.24397228     -0.94516339
4589  793        -4.90816340      1.27648604     -0.98350857
4590  793        -4.97186401      1.29350911     -1.00696252
4591  793        -5.01188600      1.30779335     -1.02219985
4592  793        -5.02313648      1.34532431     -1.04593375
4593  793        -5.02463565      1.43067919     -1.07089370
4594  793        -5.04711521      1.54732899     -1.08627047
4595  793        -5.08839427      1.65852719     -1.11644158
4596  793        -5.11777980      1.73629773     -1.16281310
4597  793        -5.11486939      1.78878709     -1.20859835
4598  793        -5.11726925      1.84479824     -1.24634382
4599  793        -5.16540274      1.89444711     -1.26493178
4600  793        -5.24465007      1.90834451     -1.26794970
4601  793        -5.31508108      1.88902392     -1.27125788
4602  793        -5.36260417      1.86977072     -1.27680050
4603  793        -5.38061237      1.88211978     -1.27610301
4604  793        -5.38681692      1.91787183     -1.25539342
4605  793        -5.38354394      1.95399247     -1.23550538
4606  793        -5.36340743      1.98652756     -1.22438834
4607  793        -5.32387704      2.02070630     -1.21591981
4608  793        -5.28254871      2.05330249     -1.21332901
4609  793        -5.27160098      2.07368763     -1.20969618
4610  793        -5.30824908      2.07522639     -1.19740455
4611  793        -5.36304825      2.07268973     -1.18688343
4612  793        -5.39550637      2.07742269     -1.19144721
4613  793        -5.42640715      2.10463915     -1.19509689
4614  793        -5.46574635      2.15384003     -1.20341062
4615  793        -5.47356321      2.18289232     -1.22891877
4616  793        -5.43949415      2.17630863     -1.25472508
4617  793        -5.41516461      2.15295766     -1.27689443
4618  793        -5.42455343      2.13144725     -1.31658584
4619  793        -5.43563222      2.10748926     -1.36818482
4620  793        -5.45069642      2.08062730     -1.40714838
4621  793        -5.46407126      2.07109037     -1.42394016
4622  793        -5.46893380      2.07984742     -1.42499884
4623  793        -5.44989209      2.09439892     -1.41239603
4624  793        -5.42575345      2.09532125     -1.40099140
4625  793        -5.41082362      2.07592585     -1.40362324
4626  793        -5.41276772      2.01399194     -1.45352188
4627  793        -5.40804184      1.92802749     -1.53501231
4628  793        -5.39264156      1.84143592     -1.61756284
4629  793        -5.37277596      1.77109300     -1.69570675
4630  793        -5.35928712      1.71410559     -1.78017744
4631  793        -5.35557167      1.67399919     -1.87368813
4632  793        -5.35405001      1.64945525     -1.95755432
4633  793        -5.35444541      1.61903731     -2.02171135
4634  793        -5.35494797      1.57137002     -2.07220226
4635  793        -5.37129444      1.50914641     -2.11815711
4636  793        -5.38791389      1.46751856     -2.16237472
4637  793        -5.38975255      1.45279513     -2.20517838
4638  793        -5.37388825      1.44626362     -2.26227554
4639  793        -5.34637075      1.41961483     -2.33317425
4640  793        -5.30389302      1.38111122     -2.40512816
4641  793        -5.25933794      1.33926571     -2.44946230
4642  793        -5.23406339      1.30043423     -2.47036598
4643  793        -5.22539427      1.25442272     -2.47330467
4644  793        -5.21151060      1.21408402     -2.45249762
4645  793        -5.17588617      1.18972469     -2.41479556
4646  793        -5.13927755      1.18156947     -2.37977332
4647  793        -5.12405090      1.19287616     -2.37589311
4648  793        -5.14251480      1.22090921     -2.38626036
4649  793        -5.17949218      1.24897225     -2.39579756
4650  793        -5.23901406      1.23717665     -2.39415698
4651  793        -5.30848117      1.18777463     -2.40904235
4652  793        -5.33918561      1.14915877     -2.45088865
4653  793        -5.32411531      1.15697478     -2.50576483
4654  793        -5.29545352      1.19526488     -2.54312524
4655  793        -5.30637431      1.22590915     -2.55031326
4656  793        -5.35954934      1.23924178     -2.54513416
4657  793        -5.40219151      1.24099704     -2.55104080
4658  793        -5.39109183      1.22780385     -2.58823135
4659  793        -5.34027506      1.20021908     -2.64054915
4660  793        -5.30017892      1.17842183     -2.69724851
4661  793        -5.28686860      1.17503832     -2.74265069
4662  793        -5.28718910      1.18661240     -2.77621278
4663  793        -5.28950554      1.18883821     -2.80326862
4664  793        -5.28423324      1.17890206     -2.82869509
4665  793        -5.28123585      1.15751629     -2.84761267
4666  793        -5.28561182      1.13254207     -2.84187551
4667  793        -5.30226269      1.11333190     -2.82573106
4668  793        -5.31040861      1.08446458     -2.81493450
4669  793        -5.29571706      1.05002374     -2.82189598
4670  793        -5.27404394      1.02812806     -2.83710073
4671  793        -5.27323549      1.04041680     -2.85092179
4672  793        -5.31505062      1.06155844     -2.85123491
4673  793        -5.37520377      1.08715890     -2.85524314
4674  793        -5.41300738      1.11769524     -2.86521452
4675  793        -5.43041047      1.14307697     -2.87601621
4676  793        -5.45616068      1.15001361     -2.88131718
4677  793        -5.49347733      1.12975619     -2.86900401
4678  793        -5.54431328      1.07531804     -2.84468666
4679  793        -5.59795161      0.98673527     -2.82130313
4680  793        -5.63812113      0.90820502     -2.79551918
4681  793        -5.65794896      0.85403233     -2.76259399
4682  793        -5.66539378      0.81596167     -2.73623711
4683  793        -5.67119843      0.78016912     -2.69810079
4684  793        -5.68115030      0.76337592     -2.65743169
4685  793        -5.70104292      0.76165856     -2.62662782
4686  793        -5.74473960      0.75526598     -2.62934994
4687  793        -5.79754374      0.73435876     -2.64906795
4688  793        -5.84575687      0.69436626     -2.67120397
4689  793        -5.87958804      0.63364433     -2.69698300
4690  793        -5.90805093      0.56699402     -2.71773893
4691  793        -5.95966465      0.53327017     -2.70267002
4692  793        -6.01251235      0.53775177     -2.64402715
4693  793        -6.04034705      0.56672481     -2.57725957
4694  793        -6.03125291      0.57885838     -2.52620836
4695  793        -6.00175780      0.55134609     -2.49421371
4696  793        -5.96933824      0.49627466     -2.46422292
4697  793        -5.94871215      0.43049376     -2.43686691
4698  793        -5.95533398      0.36029385     -2.41632401
4699  793        -5.99662074      0.30476257     -2.41146043
4700  793        -6.05068540      0.28190995     -2.41279691
4701  793        -6.10495856      0.28629421     -2.40360166
4702  793        -6.13785917      0.31693933     -2.40609428
4703  793        -6.14163400      0.35190251     -2.43497543
4704  793        -6.13649824      0.36323229     -2.48065452
4705  793        -6.12724332      0.34364309     -2.53024659
4706  793        -6.10957293      0.34116818     -2.57933607
4707  793        -6.08900891      0.37789633     -2.62431435
4708  793        -6.09507387      0.44196540     -2.67064885
4709  793        -6.12692273      0.50150743     -2.72655175
4710  793        -6.16818671      0.55073377     -2.79568096
4711  793        -6.19817659      0.58480759     -2.85999808
4712  793        -6.19196672      0.61840585     -2.90333754
4713  793        -6.13839426      0.66305835     -2.93049873
4714  793        -6.05376674      0.70445908     -2.95272226
4715  793        -5.98459101      0.72809405     -2.99165152
4716  793        -5.95907510      0.74210520     -3.03696215
4717  793        -5.97530641      0.76538104     -3.06348211
4718  793        -6.00310133      0.77962355     -3.06981756
4719  793        -6.01739092      0.79763315     -3.06791833
4720  793        -6.00016657      0.82490510     -3.06437488
4721  793        -5.95417775      0.87295117     -3.04963122
4722  793        -5.89662320      0.91178516     -3.01669396
4723  793        -5.84322218      0.93547371     -2.98384071
4724  793        -5.80385193      0.93795841     -2.96510224
4725  793        -5.78066224      0.93108275     -2.95812781
4726  793        -5.77562535      0.92699897     -2.94680997
4727  793        -5.77785300      0.91616905     -2.92775851
4728  793        -5.78391383      0.90400720     -2.89808121
4729  793        -5.77889095      0.89662814     -2.86832524
4730  793        -5.76070322      0.90598402     -2.83507731
4731  793        -5.73150977      0.91975294     -2.80789647
4732  793        -5.70197789      0.92945214     -2.78488317
4733  793        -5.67833078      0.91756714     -2.76142072
4734  793        -5.65731949      0.89214696     -2.73790871
4735  793        -5.63372030      0.85322627     -2.72873986
4736  793        -5.61067081      0.81009139     -2.74897845
4737  793        -5.59540160      0.76660816     -2.77158003
4738  793        -5.58194244      0.72600867     -2.78095189
4739  793        -5.56750291      0.70207965     -2.78229978
4740  793        -5.55308150      0.69971148     -2.79095942
4741  793        -5.55780673      0.69918310     -2.80307556
4742  793        -5.59956901      0.67478401     -2.82301199
4743  793        -5.66189770      0.63139011     -2.85651614
4744  793        -5.70489449      0.58657877     -2.91284510
4745  793        -5.71228326      0.56436029     -2.98811133
4746  793        -5.69167398      0.56297755     -3.07665002
4747  793        -5.64994258      0.56963040     -3.15252450
4748  793        -5.61628650      0.56695772     -3.20492397
4749  793        -5.61029118      0.55405439     -3.25041454
4750  793        -5.62842266      0.55191011     -3.28880293
4751  793        -5.65464906      0.56713509     -3.30448682
4752  793        -5.69215285      0.58311096     -3.30038628
4753  793        -5.75398759      0.58382632     -3.28094385
4754  793        -5.83155603      0.58024535     -3.25490529
4755  793        -5.89136207      0.58745660     -3.23499584
4756  793        -5.90644450      0.61371133     -3.22385714
4757  793        -5.88296415      0.64648848     -3.23240001
4758  793        -5.83490099      0.67772559     -3.26143417
4759  793        -5.79355809      0.69083107     -3.29978718
4760  793        -5.76128067      0.68583197     -3.33542067
4761  793        -5.75261963      0.67047084     -3.35859256
4762  793        -5.77473909      0.67224378     -3.37642364
4763  793        -5.81458217      0.69252880     -3.39748967
4764  793        -5.84819812      0.70055260     -3.42395448
4765  793        -5.85456674      0.69013110     -3.44890728
4766  793        -5.83922053      0.67207999     -3.46170341
4767  793        -5.81634674      0.64690231     -3.46022753
4768  793        -5.79586261      0.61805531     -3.46179777
4769  793        -5.78757658      0.58816606     -3.47081686
4770  793        -5.81018124      0.57426750     -3.48505792
4771  793        -5.86198533      0.57636002     -3.49977127
4772  793        -5.92480243      0.57484051     -3.51734226
4773  793        -5.96534256      0.57816788     -3.53058791
4774  793        -5.98389973      0.58557800     -3.54565997
4775  793        -5.99733197      0.58366584     -3.56340494
4776  793        -6.01945309      0.56848654     -3.58412047
4777  793        -6.03715905      0.55547293     -3.59592356
4778  793        -6.05225619      0.55024011     -3.59947310
4779  793        -6.07018523      0.55769501     -3.59073336
4780  793        -6.09707244      0.58064177     -3.55833327
4781  793        -6.13799393      0.61617764     -3.50944491
4782  793        -6.18326627      0.65715739     -3.47011006
4783  793        -6.21890015      0.69627777     -3.45321859
4784  793        -6.22695395      0.71911229     -3.43879299
4785  793        -6.20617823      0.70767053     -3.42283594
4786  793        -6.18611407      0.67750648     -3.40546437
4787  793        -6.19282364      0.66851985     -3.40588254
4788  793        -6.22217494      0.69545129     -3.41307796
4789  793        -6.26982644      0.73861278     -3.41827735
4790  793        -6.32835250      0.77925231     -3.41656417
4791  793        -6.39501184      0.82882329     -3.41611956
4792  793        -6.45318347      0.88892671     -3.41742402
4793  793        -6.49049880      0.92214323     -3.41543673
4794  793        -6.51387234      0.91676000     -3.40610152
4795  793        -6.53199012      0.89194956     -3.39382232
4796  793        -6.54650073      0.87365531     -3.40234946
4797  793        -6.56541646      0.87103799     -3.42771899
4798  793        -6.59196739      0.87240242     -3.46185089
4799  793        -6.60670500      0.87857664     -3.48845303
4800  793        -6.60593871      0.90024215     -3.52157053
4801  793        -6.60230860      0.92433401     -3.55969436
4802  793        -6.62342015      0.95408682     -3.58103286
4803  793        -6.66163340      0.97753601     -3.57699851
4804  793        -6.71484569      0.99525849     -3.56266226
4805  793        -6.77776400      1.01595488     -3.55941367
4806  793        -6.85080559      1.05379454     -3.56424595
4807  793        -6.90347606      1.09830745     -3.56843682
4808  793        -6.92938686      1.13656651     -3.56411953
4809  793        -6.94059311      1.15709863     -3.56382601
4810  793        -6.94457625      1.16314647     -3.57232844
4811  793        -6.94389498      1.17039620     -3.58680294
4812  793        -6.93984874      1.17788666     -3.59286159
4813  793        -6.95581009      1.18889615     -3.57337330
4814  793        -6.97455715      1.19985287     -3.51480371
4815  793        -6.97555972      1.20404845     -3.43486208
4816  793        -6.93317399      1.18774155     -3.36474145
4817  793        -6.86123326      1.14474136     -3.30366137
4818  793        -6.78241397      1.08731058     -3.22753650
4819  793        -6.71115513      1.02758503     -3.12502374
4820  793        -6.65758135      0.96448969     -3.02013121
4821  793        -6.63001063      0.89189171     -2.94979928
4822  793        -6.61352337      0.82484172     -2.92410207
4823  793        -6.58105383      0.79352516     -2.92827085
4824  793        -6.54412628      0.80731125     -2.95838607
4825  793        -6.53050416      0.82937174     -2.99580350
4826  793        -6.55600514      0.83065223     -2.99728406
4827  793        -6.58063798      0.81197313     -2.97149488
4828  793        -6.57455461      0.79561165     -2.94387729
4829  793        -6.53132136      0.77355131     -2.91436716
4830  793        -6.49348639      0.75411041     -2.86768376
4831  793        -6.48517017      0.73963730     -2.81192800
4832  793        -6.48516178      0.76252891     -2.77002089
4833  793        -6.47184150      0.81288852     -2.75358674
4834  793        -6.45381136      0.85612287     -2.76746382
4835  793        -6.45554089      0.87192100     -2.81258802
4836  793        -6.45748899      0.87633988     -2.87309774
4837  793        -6.44183378      0.88123167     -2.92566382
4838  793        -6.41713186      0.88243689     -2.96555470
4839  793        -6.39402031      0.88450367     -2.99402624
4840  793        -6.37210909      0.89734054     -3.00441376
4841  793        -6.35621129      0.94302801     -2.97797193
4842  793        -6.35607475      1.00233989     -2.93076567
4843  793        -6.36650453      1.05998767     -2.90087231
4844  793        -6.35695378      1.09459401     -2.92985241
4845  793        -6.33481288      1.11325101     -2.99657357
4846  793        -6.32151483      1.13481787     -3.06717909
4847  793        -6.33491730      1.17860954     -3.11196080
4848  793        -6.34032680      1.24401613     -3.13037202
4849  793        -6.31467459      1.30459935     -3.11575168
4850  793        -6.26285075      1.34174264     -3.05782251
4851  793        -6.20326939      1.35087108     -2.96474431
4852  793        -6.16257958      1.36831017     -2.84454539
4853  793        -6.13709935      1.38267527     -2.74166801
4854  793        -6.12560664      1.37438077     -2.67972521
4855  793        -6.12490748      1.37572289     -2.67526822
4856  793        -6.11431286      1.40415575     -2.69663923
4857  793        -6.07251701      1.44214257     -2.71930328
4858  793        -6.01080102      1.46178622     -2.71548563
4859  793        -5.96137530      1.45587098     -2.68646693
4860  793        -5.93526555      1.42655777     -2.62293683
4861  793        -5.91797725      1.39837864     -2.53237769
4862  793        -5.92724048      1.39648558     -2.45981517
4863  793        -5.95520113      1.44743620     -2.42513244
4864  793        -5.95744111      1.54940088     -2.40286387
4865  793        -5.93246510      1.67579732     -2.36868144
4866  793        -5.89590950      1.77108443     -2.34856213
4867  793        -5.87430471      1.81581714     -2.35275563
4868  793        -5.87307596      1.82252456     -2.36141980
4869  793        -5.88241505      1.81378033     -2.36339157
4870  793        -5.88432695      1.80834329     -2.37230468
4871  793        -5.86774953      1.78745623     -2.39748814
4872  793        -5.84008130      1.76603728     -2.43697452
4873  793        -5.80907833      1.75878771     -2.49986115
4874  793        -5.77148277      1.77218373     -2.58314517
4875  793        -5.72858899      1.79344489     -2.66184661
4876  793        -5.66306473      1.80727045     -2.73002251
4877  793        -5.58933516      1.79586342     -2.78625865
4878  793        -5.51810924      1.76020124     -2.83625015
4879  793        -5.46587032      1.73006763     -2.88645284
4880  793        -5.44441717      1.71994688     -2.92110687
4881  793        -5.43502562      1.73271028     -2.92739092
4882  793        -5.41357844      1.75050117     -2.90639435
4883  793        -5.36802513      1.76876923     -2.87055592
4884  793        -5.29481958      1.77858446     -2.83837851
4885  793        -5.21837258      1.75548999     -2.82560411
4886  793        -5.16660640      1.69293849     -2.85320826
4887  793        -5.12381298      1.64343034     -2.91681626
4888  793        -5.06005678      1.63151866     -2.98903805
4889  793        -4.97455192      1.64597262     -3.05726104
4890  793        -4.89169317      1.66119286     -3.11892511
4891  793        -4.83366090      1.68366288     -3.17551236
4892  793        -4.78403557      1.73784494     -3.21590054
4893  793        -4.72578134      1.81172841     -3.22606671
4894  793        -4.66925429      1.86901157     -3.21093691
4895  793        -4.60273242      1.88826663     -3.19792414
4896  793        -4.51997083      1.87876237     -3.21537598
4897  793        -4.45393184      1.85090584     -3.26026838
4898  793        -4.42958048      1.83049888     -3.31265183
4899  793        -4.41918781      1.82984479     -3.35651198
4900  793        -4.39586642      1.85394497     -3.38363515
4901  793        -4.36697619      1.87974911     -3.38238973
4902  793        -4.34914549      1.89167318     -3.37322512
4903  793        -4.33034012      1.88226871     -3.37046151
4904  793        -4.29033281      1.87343036     -3.36663763
4905  793        -4.24368761      1.87525316     -3.34023382
4906  793        -4.21614190      1.88956251     -3.29656275
4907  793        -4.19135590      1.91635276     -3.28020038
4908  793        -4.15334200      1.92612317     -3.31641151
4909  793        -4.11851386      1.90980625     -3.36534751
4910  793        -4.09124828      1.88626756     -3.38209461
4911  793        -4.06419711      1.87067966     -3.35478820
4912  793        -4.04110392      1.84569929     -3.29711778
4913  793        -4.04012168      1.77368492     -3.23773934
4914  793        -4.04412941      1.65337299     -3.20049440
4915  793        -4.01335059      1.53618229     -3.18063216
4916  793        -3.94730105      1.45870407     -3.16808965
4917  793        -3.88318831      1.39698095     -3.15425729
4918  793        -3.83816899      1.34263400     -3.14382132
4919  793        -3.82520957      1.30890017     -3.15054303
4920  793        -3.85662504      1.29723094     -3.14731319
4921  793        -3.92454427      1.29006564     -3.13706237
4922  793        -3.99455316      1.25449260     -3.10374964
4923  793        -4.03254975      1.17506121     -3.05165711
4924  793        -4.02097179      1.07019514     -3.00451847
4925  793        -4.00877882      0.94825832     -2.97271047
4926  793        -4.04259832      0.82855890     -2.94853380
4927  793        -4.11321078      0.74987943     -2.92531771
4928  793        -4.18296135      0.72371417     -2.90076775
4929  793        -4.23490512      0.72740686     -2.86878068
4930  793        -4.26146080      0.70897465     -2.85302614
4931  793        -4.26467669      0.66834791     -2.86615861
4932  793        -4.25227740      0.66028376     -2.89086224
4933  793        -4.24365973      0.68889760     -2.90894051
4934  793        -4.24301200      0.72932786     -2.93398105
4935  793        -4.25595875      0.74645981     -2.97510596
4936  793        -4.27782852      0.73045355     -3.02275795
4937  793        -4.30960657      0.69930137     -3.05441828
4938  793        -4.33442539      0.68014354     -3.07577226
4939  793        -4.35410842      0.66936884     -3.08130424
4940  793        -4.37327713      0.65914328     -3.05391814
4941  793        -4.38744709      0.65572366     -3.00424695
4942  793        -4.38084815      0.66769457     -2.93303382
4943  793        -4.37245698      0.68848853     -2.86292209
4944  793        -4.38091546      0.69589848     -2.83495703
4945  793        -4.40113972      0.68313550     -2.86784263
4946  793        -4.42396899      0.66424481     -2.92413490
4947  793        -4.42986518      0.67193556     -2.95199949
4948  793        -4.42275459      0.70326026     -2.95265433
4949  793        -4.38734294      0.74124220     -2.94000357
4950  793        -4.32333299      0.76888291     -2.93013840
4951  793        -4.25684766      0.77771047     -2.92251171
4952  793        -4.19884894      0.75736980     -2.92207637
4953  793        -4.15033299      0.71675738     -2.93016203
4954  793        -4.11813848      0.66842918     -2.93517417
4955  793        -4.11077985      0.61478523     -2.92523339
4956  793        -4.12837154      0.56517371     -2.90895616
4957  793        -4.15225004      0.52993871     -2.91201072
4958  793        -4.17092578      0.51807823     -2.93567206
4959  793        -4.17987693      0.53037935     -2.95728852
4960  793        -4.17641578      0.53215009     -2.95776845
4961  793        -4.14606380      0.51098021     -2.95363639
4962  793        -4.08890358      0.46924330     -2.95628519
4963  793        -4.03755142      0.42149634     -2.95614536
4964  793        -4.00865147      0.39107684     -2.93003009
4965  793        -3.99972002      0.38682906     -2.89164601
4966  793        -4.01495237      0.38928960     -2.86910337
4967  793        -4.05317220      0.37726532     -2.86493727
4968  793        -4.10349823      0.35731918     -2.87455270
4969  793        -4.13282292      0.32824864     -2.90043465
4970  793        -4.10928508      0.27306160     -2.95887813
4971  793        -4.05950560      0.18125083     -3.03649217
4972  793        -4.03850840      0.10483399     -3.09932924
4973  793        -4.06285264      0.09358746     -3.13084180
4974  793        -4.11316358      0.12159820     -3.16820299
4975  793        -4.17663858      0.11387436     -3.22634297
4976  793        -4.24460776      0.06952545     -3.28454736
4977  793        -4.28957614      0.04963954     -3.32762208
4978  793        -4.31128866      0.07595501     -3.34753364
4979  793        -4.33708484      0.10188402     -3.35170658
4980  793        -4.37848216      0.08380054     -3.33201404
4981  793        -4.42653832      0.02767156     -3.29875565
4982  793        -4.44785181     -0.04809876     -3.27102945
4983  793        -4.44082986     -0.10682477     -3.22802229
4984  793        -4.43121436     -0.14553140     -3.16319778
4985  793        -4.44684465     -0.15362497     -3.11604249
4986  793        -4.49065763     -0.14148378     -3.10759458
4987  793        -4.53093753     -0.14637634     -3.12180953
4988  793        -4.53846193     -0.17369460     -3.12273885
4989  793        -4.52507207     -0.21114325     -3.12994875
4990  793        -4.53340834     -0.24890697     -3.16330567
4991  793        -4.57020742     -0.28337356     -3.19004837
4992  793        -4.62775444     -0.31113604     -3.19578278
4993  793        -4.70258549     -0.33333344     -3.17603439
4994  793        -4.75919373     -0.35474937     -3.14635747
4995  793        -4.76712807     -0.37547018     -3.10752248
4996  793        -4.73449407     -0.37980119     -3.06265536
4997  793        -4.69706114     -0.37650946     -3.03330028
4998  793        -4.67423295     -0.39615575     -3.03793776
4999  793        -4.66388343     -0.43452072     -3.06536362
5000  793        -4.66516137     -0.44334145     -3.07532853
