0     715        11.69692035      0.01574597      1.98376579
1     715        11.65186923      0.01131331      2.01541525
2     715        11.60570701      0.05725310      2.04854265
3     715        11.57881728      0.14354191      2.09539790
4     715        11.58748690      0.22941572      2.13605174
5     715        11.61880389      0.27274213      2.15016974
6     715        11.64729017      0.27648984      2.13856449
7     715        11.67539846      0.27538486      2.10247646
8     715        11.70468345      0.28145433      2.05133251
9     715        11.71332588      0.30639567      2.00188301
10    715        11.67393545      0.34552073      1.95642922
11    715        11.60216857      0.40656036      1.92197582
12    715        11.54835174      0.48957367      1.90320581
13    715        11.51075695      0.58914983      1.88073982
14    715        11.47730341      0.66116770      1.84328657
15    715        11.45261920      0.67615193      1.80302330
16    715        11.44990682      0.65096306      1.77565445
17    715        11.47276315      0.62323299      1.74585599
18    715        11.50199403      0.59128143      1.70620839
19    715        11.51359020      0.55176806      1.66147786
20    715        11.48434321      0.52312331      1.62709872
21    715        11.40944738      0.52110218      1.60252935
22    715        11.33024167      0.51813497      1.59073280
23    715        11.29705403      0.47584627      1.57004206
24    715        11.31559881      0.40524302      1.54646650
25    715        11.32687937      0.34678609      1.51809951
26    715        11.30662913      0.30463346      1.48539986
27    715        11.27060244      0.25647752      1.45165236
28    715        11.23387770      0.20908893      1.42051719
29    715        11.21136277      0.17838563      1.38213299
30    715        11.20115440      0.16302015      1.33753010
31    715        11.19782547      0.15012678      1.30177369
32    715        11.18584657      0.12104002      1.28058699
33    715        11.15245167      0.07598842      1.28361895
34    715        11.11966447      0.02558003      1.30709181
35    715        11.10266896     -0.03581561      1.34255796
36    715        11.09958911     -0.10450994      1.38718951
37    715        11.11156772     -0.16312852      1.44574237
38    715        11.14586305     -0.19954552      1.52262465
39    715        11.18135894     -0.21618192      1.60381189
40    715        11.21384064     -0.23128488      1.66217460
41    715        11.25210480     -0.26336086      1.69866599
42    715        11.27916130     -0.30335898      1.71449960
43    715        11.27210201     -0.34276617      1.71615543
44    715        11.23913584     -0.38614914      1.71146375
45    715        11.21465119     -0.43663720      1.70235684
46    715        11.21137053     -0.48495688      1.69945277
47    715        11.23044809     -0.53423895      1.73091105
48    715        11.24646058     -0.58226302      1.78858040
49    715        11.26592003     -0.62838925      1.84206472
50    715        11.29591227     -0.66872842      1.88616678
51    715        11.32194981     -0.70926251      1.90509284
52    715        11.33580068     -0.76105673      1.90255481
53    715        11.33991203     -0.80341531      1.87955778
54    715        11.35079580     -0.82111100      1.83542789
55    715        11.37732606     -0.83297611      1.76619869
56    715        11.42562105     -0.86168970      1.70354896
57    715        11.48393934     -0.89234247      1.66176047
58    715        11.54862223     -0.89164349      1.64072578
59    715        11.60712407     -0.87106976      1.64219017
60    715        11.64828481     -0.87998689      1.66065015
61    715        11.67277400     -0.91661242      1.67948145
62    715        11.68374050     -0.93758946      1.68000932
63    715        11.68965842     -0.92441007      1.66083137
64    715        11.68112107     -0.89469522      1.62646348
65    715        11.66209286     -0.85679767      1.57768312
66    715        11.64342817     -0.83671208      1.50506677
67    715        11.66359692     -0.84066686      1.44091020
68    715        11.72136611     -0.86342105      1.38391355
69    715        11.79908029     -0.90598614      1.32624011
70    715        11.85797450     -0.94107783      1.24645252
71    715        11.88047297     -0.96542875      1.14583027
72    715        11.86197085     -0.99200980      1.05529345
73    715        11.83698827     -1.01900227      0.98620122
74    715        11.83393246     -1.03801106      0.94291403
75    715        11.86528623     -1.05896444      0.91212236
76    715        11.92306339     -1.06372610      0.89265564
77    715        11.97496957     -1.05843563      0.86878731
78    715        12.00570628     -1.06155478      0.86208048
79    715        12.01532956     -1.08455894      0.86446950
80    715        12.03812182     -1.10553889      0.86858088
81    715        12.05997421     -1.11375626      0.84735741
82    715        12.07818822     -1.12360329      0.81078613
83    715        12.10665538     -1.11912571      0.79088924
84    715        12.16916282     -1.10070146      0.78753548
85    715        12.22847897     -1.07560426      0.76710029
86    715        12.24923673     -1.07928349      0.72417520
87    715        12.23661864     -1.10556345      0.69329546
88    715        12.20587275     -1.13218746      0.68012684
89    802         9.85893788     -1.48098146      0.14599911
90    802         9.81635238     -1.47850208      0.16672086
91    802         9.76553352     -1.48339098      0.18508014
92    802         9.69671494     -1.51769645      0.18674298
93    802         9.62242981     -1.56291974      0.16528660
94    802         9.56822301     -1.60522979      0.13632587
95    802         9.55241368     -1.64817960      0.10308549
96    802         9.56257868     -1.67539493      0.08350307
97    802         9.55870183     -1.67119290      0.10267529
98    802         9.54049124     -1.64130107      0.16064814
99    802         9.53180529     -1.61168680      0.23638533
100   802         9.53010282     -1.60514459      0.31140315
101   802         9.48210724     -1.60568019      0.36982186
102   802         9.36443909     -1.60812086      0.38014472
103   802         9.22730063     -1.59956272      0.36538940
104   802         9.13191876     -1.57228586      0.33956045
105   802         9.09573380     -1.53906091      0.33486514
106   802         9.07784258     -1.53386358      0.35644157
107   802         9.02187600     -1.56711073      0.37494763
108   802         8.93183107     -1.62386049      0.37903973
109   802         8.84204989     -1.66988012      0.38268754
110   802         8.78333405     -1.68780182      0.40645220
111   802         8.73588948     -1.68525628      0.43416546
112   802         8.67584843     -1.67707566      0.44518312
113   802         8.59904294     -1.68393462      0.42057697
114   802         8.51472624     -1.69256737      0.36291630
115   802         8.44554033     -1.70531235      0.30237307
116   802         8.39525503     -1.71897572      0.27119912
117   802         8.37013698     -1.74731232      0.27395484
118   802         8.35697463     -1.78809429      0.30229456
119   802         8.32051324     -1.83129928      0.32696743
120   802         8.26397966     -1.87132748      0.34395438
121   802         8.20783941     -1.89793156      0.35969966
122   802         8.16733313     -1.90360289      0.36578353
123   802         8.15278998     -1.90145964      0.33823813
124   802         8.15778829     -1.91003293      0.27575828
125   802         8.18114739     -1.92333987      0.21154159
126   802         8.21758813     -1.92578163      0.14797725
127   802         8.25379651     -1.91397563      0.08355436
128   802         8.27022297     -1.92093443      0.03609716
129   802         8.27626746     -1.93495160      0.03380320
130   802         8.29387055     -1.89990955      0.07946054
131   802         8.31948312     -1.81026629      0.13712822
132   802         8.33370663     -1.72732071      0.18545320
133   802         8.30315758     -1.69669262      0.21013500
134   802         8.24284365     -1.72762314      0.21319286
135   802         8.18163377     -1.76830251      0.20635754
136   802         8.15896171     -1.75662838      0.19353518
137   802         8.16296660     -1.69138346      0.16217701
138   802         8.16353749     -1.61962811      0.09515958
139   802         8.15402114     -1.58215281      0.00753155
140   802         8.17358709     -1.55465782     -0.06967611
141   802         8.23434605     -1.52547121     -0.12866418
142   802         8.30608789     -1.49111743     -0.17408373
143   802         8.33852453     -1.47312577     -0.22418811
144   802         8.33003468     -1.47631573     -0.28215502
145   802         8.31877922     -1.49167292     -0.32631607
146   802         8.34038808     -1.50726102     -0.33948570
147   802         8.39250500     -1.51230973     -0.33080397
148   802         8.42873391     -1.50461711     -0.32405190
149   802         8.46202440     -1.48455041     -0.35163094
150   802         8.49790253     -1.47050712     -0.42272925
151   802         8.54085792     -1.46389507     -0.52180460
152   802         8.59117265     -1.47158463     -0.60615894
153   802         8.66805467     -1.50320940     -0.65040962
154   802         8.76362006     -1.53781554     -0.67547616
155   802         8.85849875     -1.55250645     -0.69516714
156   802         8.90058626     -1.54934532     -0.70393892
157   802         8.88116019     -1.53375367     -0.69587816
158   802         8.83104451     -1.49902848     -0.67793654
159   802         8.76974012     -1.44932006     -0.65832256
160   802         8.71695298     -1.41829875     -0.62228299
161   802         8.68760520     -1.42462896     -0.58175420
162   802         8.69103236     -1.44888526     -0.55197796
163   802         8.71370049     -1.46435616     -0.54252241
164   802         8.74938112     -1.47629140     -0.53758467
165   802         8.78786542     -1.48655605     -0.51439316
166   802         8.82079050     -1.48750112     -0.49242230
167   802         8.84391416     -1.46850802     -0.50467782
168   802         8.84545075     -1.44049048     -0.52993324
169   802         8.82273338     -1.42700036     -0.53509655
170   802         8.78041587     -1.42455145     -0.52352271
171   802         8.74969889     -1.40241743     -0.51076953
172   802         8.76016790     -1.34686638     -0.49969673
173   802         8.79558291     -1.26988061     -0.49248664
174   802         8.82189134     -1.19584198     -0.49589867
175   802         8.83046025     -1.15165663     -0.50840721
176   802         8.82801147     -1.14569529     -0.51946849
177   802         8.81879608     -1.16070983     -0.54302078
178   802         8.80585964     -1.16987536     -0.58558802
179   802         8.79189262     -1.16539987     -0.61755977
180   802         8.79408673     -1.16779747     -0.62863355
181   802         8.81093700     -1.16456532     -0.62537485
182   802         8.84251917     -1.12497496     -0.60061705
183   802         8.87778161     -1.06680146     -0.56922000
184   802         8.89312658     -1.01998906     -0.54509622
185   802         8.89590700     -1.00121318     -0.54882432
186   802         8.88109133     -1.01278836     -0.56715033
187   802         8.84916733     -1.02953302     -0.58829619
188   802         8.79889380     -1.02583763     -0.61965891
189   802         8.73112407     -1.01901928     -0.66960143
190   802         8.67415104     -1.01370249     -0.72096300
191   802         8.63902988     -1.00862847     -0.74163046
192   802         8.64615871     -0.99838418     -0.73004001
193   802         8.68303785     -0.98858374     -0.70853268
194   802         8.72098751     -0.99631749     -0.68391230
195   802         8.73564653     -1.04676676     -0.63498703
196   802         8.72866266     -1.12824287     -0.56976898
197   802         8.71135722     -1.20633697     -0.51968467
198   802         8.67353976     -1.25502224     -0.50615597
199   802         8.62461555     -1.25983215     -0.51701183
200   802         8.58985482     -1.24161186     -0.52936169
201   802         8.59581196     -1.21368862     -0.54698590
202   802         8.62558934     -1.18319173     -0.58416998
203   802         8.67046896     -1.14786781     -0.62280685
204   802         8.73483090     -1.10509945     -0.63907859
205   802         8.80714120     -1.07822936     -0.63945898
206   802         8.85933894     -1.08329704     -0.62950518
207   802         8.86909184     -1.13651508     -0.64160128
208   802         8.83464980     -1.20204797     -0.67531456
209   802         8.78394347     -1.23798529     -0.70144343
210   802         8.75378348     -1.21262873     -0.70355895
211   802         8.74838901     -1.14109759     -0.70000137
212   802         8.73984888     -1.05748610     -0.70082879
213   802         8.70910425     -0.97872243     -0.69647248
214   802         8.67968619     -0.91409299     -0.69689697
215   802         8.66977864     -0.85944795     -0.70608988
216   802         8.70066099     -0.83117636     -0.72439250
217   802         8.75349118     -0.83458723     -0.72680334
218   802         8.80794833     -0.86385497     -0.73138862
219   802         8.85450034     -0.88114241     -0.76467792
220   802         8.90125217     -0.87807712     -0.83839650
221   802         8.93071274     -0.86502038     -0.94617345
222   802         8.93759169     -0.85808743     -1.04008156
223   802         8.94032259     -0.82899947     -1.07588060
224   802         8.95822708     -0.73741817     -1.06857318
225   802         8.97587847     -0.58632664     -1.06154696
226   802         8.98488338     -0.41115578     -1.07986656
227   802         9.00029276     -0.24658600     -1.12718007
228   802         9.02699895     -0.10729131     -1.19067753
229   802         9.04015098     -0.01864449     -1.28499224
230   802         9.03606549      0.02155156     -1.37707685
231   802         9.03149365      0.00901899     -1.42936161
232   802         9.05534435     -0.03345331     -1.44586435
233   802         9.10635496     -0.06922284     -1.45509100
234   802         9.16566930     -0.05963039     -1.46593705
235   802         9.22817765     -0.00633160     -1.46457936
236   802         9.28305007      0.06852103     -1.45214508
237   802         9.30360815      0.16738472     -1.45997947
238   802         9.27623492      0.27032217     -1.50542392
239   802         9.25299464      0.33547428     -1.55331935
240   802         9.27506232      0.36266711     -1.58566068
241   802         9.31303659      0.39215430     -1.61828355
242   802         9.33723690      0.43892026     -1.65448881
243   802         9.35131847      0.47970014     -1.67493228
244   802         9.35207706      0.50319013     -1.64307921
245   802         9.32839463      0.52850951     -1.54436262
246   802         9.29498010      0.55686375     -1.42880829
247   802         9.27067624      0.56276238     -1.35527276
248   802         9.25402842      0.51412845     -1.34658840
249   802         9.25271289      0.41789546     -1.35932285
250   802         9.25747728      0.31268792     -1.36754315
251   802         9.26942627      0.24007739     -1.34902134
252   802         9.30254557      0.19976508     -1.32189216
253   802         9.35180532      0.19547182     -1.28306899
254   802         9.37957262      0.21632258     -1.21873943
255   802         9.36946577      0.26525261     -1.13319844
256   802         9.33618927      0.32467476     -1.05338809
257   802         9.29366560      0.37374750     -0.99107663
258   802         9.24461072      0.39637393     -0.95549059
259   802         9.21069947      0.40420799     -0.93473839
260   802         9.19232785      0.40330392     -0.92446087
261   802         9.18220421      0.39328891     -0.93023095
262   802         9.17248734      0.37549080     -0.94161064
263   802         9.18196343      0.37563718     -0.94666289
264   802         9.22169480      0.42334366     -0.92428572
265   802         9.25852124      0.49609089     -0.87200386
266   802         9.28682908      0.57297770     -0.79883213
267   802         9.31620103      0.63196009     -0.70898244
268   802         9.35212371      0.68455237     -0.61401051
269   802         9.39845970      0.73376775     -0.52390597
270   802         9.44954041      0.79116259     -0.44889651
271   802         9.50128915      0.86490646     -0.39318822
272   802         9.54256637      0.95090544     -0.34888082
273   802         9.56265530      1.02828753     -0.30739420
274   802         9.55169002      1.07155014     -0.27574983
275   802         9.52185712      1.09279215     -0.27293060
276   802         9.49348082      1.11267100     -0.31052652
277   802         9.46950988      1.14998215     -0.38237020
278   802         9.45584748      1.18976613     -0.45578270
279   802         9.44792435      1.22894942     -0.48135289
280   802         9.44992319      1.26141816     -0.43716147
281   802         9.46642142      1.29618824     -0.35067328
282   802         9.49241449      1.33513868     -0.25908152
283   802         9.50375458      1.37561020     -0.18292474
284   802         9.48842091      1.40855253     -0.13087101
285   802         9.45959547      1.42483796     -0.11901889
286   802         9.43978505      1.41577386     -0.15588684
287   802         9.43140731      1.38229031     -0.21448450
288   802         9.42913733      1.36533991     -0.24368073
289   802         9.43198373      1.37124247     -0.23642155
290   802         9.41977167      1.41161913     -0.20197029
291   802         9.40920774      1.46123189     -0.16022665
292   802         9.42200335      1.49354886     -0.10980666
293   802         9.45722645      1.50920232     -0.05732327
294   802         9.51071656      1.50694796     -0.04900156
295   802         9.56054919      1.48582464     -0.08645983
296   802         9.60736861      1.45758089     -0.13716728
297   802         9.64970101      1.44827175     -0.17994684
298   802         9.68279962      1.46428282     -0.21015768
299   802         9.71920646      1.47348063     -0.24085760
300   802         9.77526542      1.47776055     -0.26025788
301   802         9.84433529      1.49271798     -0.24826016
302   802         9.91372173      1.54884474     -0.20808039
303   802         9.98656514      1.62781134     -0.15486447
304   802        10.05889605      1.68207710     -0.10614160
305   802        10.12364050      1.69570399     -0.06617062
306   802        10.16812728      1.67111304     -0.03851329
307   802        10.19243167      1.63074104     -0.03459143
308   802        10.21023579      1.59678919     -0.04774235
309   802        10.22966039      1.59067053     -0.05946798
310   802        10.23264083      1.60578141     -0.06518420
311   802        10.22848092      1.61770962     -0.05764196
312   802        10.22385809      1.62083664     -0.02878839
313   802        10.22062212      1.63603872      0.00843122
314   802        10.22459594      1.67258323      0.02448326
315   802        10.22291467      1.68877296      0.03412798
316   802        10.21115656      1.64776162      0.07065305
317   802        10.17888838      1.57402375      0.12071206
318   802        10.11215409      1.51886606      0.15140470
319   802        10.01447706      1.51179300      0.15404483
320   802         9.90438625      1.53664841      0.12843063
321   802         9.79995853      1.57293894      0.08281568
322   802         9.72691820      1.62548300      0.02804749
323   802         9.69179055      1.67928045     -0.02698949
324   802         9.67010597      1.70370715     -0.06521209
325   802         9.65943789      1.67167474     -0.08836240
326   802         9.69191425      1.57505387     -0.09835026
327   802         9.75031618      1.48866439     -0.07620175
328   802         9.78452141      1.49347087     -0.03485165
329   802         9.77900375      1.56317685      0.00832859
330   802         9.75489287      1.61530999      0.04555138
331   802         9.73519725      1.61556655      0.08368658
332   802         9.73075206      1.57198909      0.09794249
333   802         9.72789155      1.49886635      0.09218123
334   802         9.71271749      1.41436450      0.06233923
335   802         9.68385240      1.35873539      0.01139454
336   802         9.63604218      1.37041675     -0.04095148
337   802         9.56826629      1.43087631     -0.07713564
338   802         9.49583160      1.49460628     -0.07334501
339   802         9.43988160      1.52979166     -0.01938979
340   802         9.39260366      1.50723107      0.06426569
341   802         9.32794978      1.41874063      0.14338816
342   802         9.22924362      1.32172610      0.21313127
343   802         9.11372585      1.29008607      0.26090882
344   802         9.01119643      1.31315690      0.29199761
345   802         8.93330745      1.34500030      0.31262812
346   802         8.87580131      1.33585363      0.33303441
347   802         8.82688025      1.28920642      0.35721748
348   802         8.78332504      1.23265381      0.36859128
349   802         8.74655734      1.19187083      0.34023691
350   802         8.72323272      1.15974533      0.27158867
351   802         8.70033859      1.12980542      0.20151788
352   802         8.67762113      1.07811050      0.15437207
353   802         8.64913336      0.99430478      0.12699416
354   802         8.61514493      0.90115100      0.10963345
355   802         8.59123319      0.83693892      0.11727053
356   802         8.57852624      0.81986747      0.15101125
357   802         8.56769186      0.83932764      0.19241455
358   802         8.54445633      0.88671197      0.21466166
359   802         8.51189925      0.94199145      0.20919466
360   802         8.49320409      0.99062010      0.20262859
361   802         8.49687402      1.02263666      0.21764167
362   802         8.51062748      1.03734615      0.23250299
363   802         8.50483829      1.05247752      0.21866895
364   802         8.48442973      1.10360200      0.18253150
365   802         8.45809275      1.17120748      0.13119112
366   802         8.43328737      1.23295330      0.08150545
367   802         8.41242491      1.27376182      0.03928880
368   802         8.38836144      1.31143136      0.00658594
369   802         8.35049763      1.34123816     -0.01774052
370   802         8.31799161      1.37693245     -0.00983792
371   802         8.29230011      1.40905729      0.01711722
372   802         8.25573848      1.42462399      0.02074212
373   802         8.20837779      1.43120513     -0.00756776
374   802         8.15797220      1.44759499     -0.04553915
375   802         8.11125765      1.47132424     -0.08963483
376   802         8.06702084      1.50180394     -0.13794750
377   802         8.02130546      1.53142202     -0.19201973
378   802         7.97371966      1.55133158     -0.25532053
379   802         7.93868959      1.56396483     -0.31109345
380   802         7.91362743      1.58742289     -0.33850921
381   802         7.90014505      1.62644321     -0.33489404
382   802         7.88171496      1.66841626     -0.32118539
383   802         7.85110834      1.70604846     -0.32984944
384   802         7.81414406      1.72496771     -0.37193711
385   802         7.77948990      1.72548190     -0.45367770
386   802         7.76136478      1.72449092     -0.56543053
387   802         7.75803013      1.74483900     -0.68105202
388   802         7.75389818      1.79111462     -0.77955023
389   802         7.75777114      1.83631218     -0.84284841
390   802         7.77774438      1.86277204     -0.86317020
391   802         7.80707882      1.87687363     -0.85922781
392   802         7.82981611      1.89167676     -0.84877746
393   802         7.84214612      1.92034184     -0.85747545
394   802         7.85370533      1.96393376     -0.90374164
395   802         7.86886805      1.99949008     -0.97119553
396   802         7.87837681      2.00881042     -1.03640033
397   802         7.87805066      2.01141020     -1.09174163
398   802         7.86736298      2.02519010     -1.12774477
399   802         7.84541169      2.05177044     -1.15234051
400   802         7.82406549      2.09964226     -1.18099900
401   802         7.81549389      2.17466736     -1.21583717
402   802         7.82495717      2.25821082     -1.24018107
403   802         7.84824340      2.32725017     -1.24747722
404   802         7.87035741      2.37308824     -1.25707146
405   802         7.88303621      2.41697266     -1.27710979
406   802         7.88643337      2.46036642     -1.30245163
407   802         7.87714977      2.48674693     -1.32347090
408   802         7.87360808      2.50813176     -1.35315887
409   802         7.88708981      2.54401112     -1.40362148
410   802         7.91847076      2.58250721     -1.47997639
411   802         7.96310719      2.59651124     -1.58129181
412   802         8.02107591      2.59104660     -1.67744831
413   802         8.07708427      2.56960237     -1.75199389
414   802         8.11280036      2.53062136     -1.78483374
415   802         8.12557778      2.48303837     -1.78793765
416   802         8.12804455      2.43238200     -1.77198222
417   802         8.13145394      2.39152967     -1.73018428
418   802         8.14435984      2.35812542     -1.68012261
419   802         8.18432123      2.32156778     -1.66274608
420   802         8.24867632      2.28262182     -1.68609685
421   802         8.30870978      2.25961628     -1.71236738
422   802         8.34124567      2.27025281     -1.70946971
423   802         8.34033582      2.30853234     -1.67788390
424   802         8.32047897      2.34866131     -1.63243090
425   802         8.30542202      2.35479303     -1.59197566
426   802         8.29890850      2.31542998     -1.57627686
427   802         8.30140473      2.25156518     -1.58956944
428   802         8.31667674      2.19384637     -1.60928454
429   802         8.34592392      2.15024019     -1.63015954
430   802         8.38201793      2.12101816     -1.65950551
431   802         8.42426604      2.09776097     -1.68430783
432   802         8.47098043      2.08917024     -1.69173166
433   802         8.50686282      2.10233653     -1.67376009
434   802         8.51492575      2.11838648     -1.65290030
435   802         8.50126485      2.11198964     -1.65544071
436   802         8.50807955      2.10870577     -1.66219705
437   802         8.54348047      2.12691967     -1.66954144
438   802         8.58501081      2.16845173     -1.67394953
439   802         8.62074743      2.20607068     -1.67632600
440   802         8.66258318      2.24843701     -1.67926979
441   802         8.73235613      2.30217967     -1.67702391
442   802         8.81136476      2.36333783     -1.68224687
443   802         8.86369024      2.42618936     -1.71695543
444   802         8.89383200      2.46431885     -1.78851212
445   802         8.92089641      2.50002210     -1.88860870
446   802         8.94792660      2.54446970     -1.99076837
447   802         8.95502726      2.59533133     -2.06343531
448   802         8.96132927      2.64454536     -2.09035154
449   802         8.98280600      2.72272170     -2.08409911
450   802         9.03316498      2.83816641     -2.08054247
451   802         9.08898981      2.95895125     -2.09237500
452   802         9.13051091      3.06157296     -2.09429537
453   802         9.16154562      3.14086541     -2.05603211
454   802         9.19069358      3.19808588     -2.00808281
455   802         9.22712813      3.22984455     -1.99631189
456   802         9.28757860      3.22488267     -2.02688610
457   802         9.37336789      3.20972572     -2.06835835
458   802         9.44774439      3.20848808     -2.08440359
459   802         9.49641571      3.23597448     -2.06583528
460   802         9.55648942      3.29333667     -2.03134881
461   802         9.64206264      3.37500191     -1.99556047
462   802         9.73246418      3.45864133     -1.97374238
463   802         9.79750047      3.52530401     -1.97914546
464   802         9.84988104      3.56308587     -1.99893619
465   802         9.90440381      3.57400881     -2.00247931
466   802         9.96185916      3.54748292     -1.99338328
467   802         9.99488973      3.50775650     -1.96456829
468   802        10.00413669      3.46909643     -1.91653606
469   802        10.04294437      3.44469981     -1.86819424
470   802        10.11705787      3.44467207     -1.83443827
471   802        10.18090970      3.47140708     -1.80074654
472   802        10.21496049      3.50509360     -1.75616398
473   802        10.25436588      3.51669805     -1.71564845
474   802        10.29218074      3.52601498     -1.68749177
475   802        10.31506851      3.50112636     -1.67124132
476   802        10.32510990      3.45320052     -1.65214094
477   802        10.33554190      3.38724448     -1.63184934
478   802        10.34683346      3.32526243     -1.60295073
479   802        10.36973071      3.28042249     -1.54831457
480   802        10.40780306      3.25924766     -1.45848015
481   802        10.45090806      3.23089889     -1.34317439
482   802        10.50040409      3.19063042     -1.24545879
483   802        10.56088061      3.14976248     -1.18550155
484   802        10.64368754      3.08423584     -1.13234760
485   802        10.71094261      3.02664917     -1.04945198
486   802        10.72220784      3.00560302     -0.96297563
487   802        10.68717903      3.00759931     -0.87215098
488   802        10.65175983      2.98400667     -0.81273611
489   802        10.62819699      2.93275208     -0.79867049
490   802        10.61204159      2.88223744     -0.81145925
491   802        10.58669891      2.84568384     -0.81313739
492   802        10.55019056      2.82667798     -0.78594949
493   802        10.50423155      2.81750047     -0.74018173
494   802        10.48908288      2.81449230     -0.68260950
495   802        10.50629534      2.81606793     -0.62556331
496   802        10.53650089      2.81676096     -0.57696879
497   802        10.58117409      2.82257821     -0.55140312
498   802        10.63788493      2.84333706     -0.55531599
499   802        10.67292125      2.84387606     -0.58891610
500   802        10.68611104      2.84498578     -0.62003269
501   802        10.69745640      2.86750963     -0.63577008
502   802        10.69280814      2.90862562     -0.65125171
503   802        10.65445957      2.96991076     -0.67492909
504   802        10.60308755      3.04220332     -0.71653857
505   802        10.56009660      3.10573418     -0.74427418
506   802        10.53501937      3.12990509     -0.75160958
507   802        10.53080913      3.12402443     -0.74829977
508   802        10.53268366      3.11177088     -0.76540838
509   802        10.53745529      3.10216049     -0.78584213
510   802        10.54630263      3.08866902     -0.78540929
511   802        10.55292478      3.08421503     -0.75364672
512   802        10.53011815      3.10960329     -0.71820982
513   802        10.47802728      3.15665153     -0.71610909
514   802        10.41993461      3.21229335     -0.75182565
515   802        10.36640289      3.24575466     -0.81470306
516   802        10.30798549      3.25040673     -0.87244808
517   802        10.25115789      3.24680955     -0.90737659
518   802        10.21177938      3.24895379     -0.90161172
519   802        10.21590653      3.22107407     -0.85231269
520   802        10.26116615      3.16273141     -0.78084068
521   802        10.30249986      3.11251932     -0.71986420
522   802        10.30543880      3.11636032     -0.68173203
523   802        10.29426504      3.16999643     -0.66899936
524   802        10.30300963      3.23232123     -0.66839284
525   802        10.33629789      3.27923348     -0.65775450
526   814         8.96018156      5.22074797     -0.33911153
527   814         8.99060508      5.23506238     -0.29899297
528   814         9.00548441      5.23528879     -0.24538525
529   814         8.99383531      5.23266709     -0.20668304
530   814         8.98052002      5.20549953     -0.18379629
531   814         8.99290492      5.12331848     -0.16243655
532   814         9.01945877      5.00971166     -0.15478419
533   814         9.01820273      4.91632383     -0.18379462
534   814         8.96979661      4.88198772     -0.25147217
535   814         8.92388095      4.90118057     -0.33622222
536   814         8.90767605      4.94514510     -0.41302274
537   814         8.91181438      4.98701825     -0.46979283
538   814         8.92290579      5.00763036     -0.49584525
539   814         8.94653926      5.02453159     -0.47530199
540   814         8.98348757      5.05734480     -0.41050730
541   814         9.01078437      5.12448467     -0.34757901
542   814         9.00797616      5.20653874     -0.31683567
543   814         8.98817467      5.26194062     -0.33852095
544   814         8.97045926      5.27029401     -0.39954275
545   814         8.98137730      5.24363036     -0.43267871
546   814         9.01610120      5.21153905     -0.40586711
547   814         9.04832910      5.20226041     -0.35031930
548   814         9.05422838      5.21165557     -0.32215167
549   814         9.02068085      5.22712318     -0.32865656
550   814         8.96159443      5.24989964     -0.34092892
551   814         8.91981982      5.27600401     -0.34271179
552   814         8.94260843      5.30996440     -0.35489491
553   814         9.02086076      5.33806153     -0.37598791
554   814         9.09813063      5.36576392     -0.39768620
555   814         9.14231600      5.40356110     -0.40583008
556   814         9.16706534      5.43338394     -0.40937205
557   814         9.17173115      5.43338047     -0.44351805
558   814         9.16432633      5.40418404     -0.51364058
559   814         9.16663107      5.38960933     -0.55754715
560   814         9.19810595      5.39564258     -0.53547920
561   814         9.25321472      5.39222725     -0.49438390
562   814         9.30841958      5.36058805     -0.47308094
563   814         9.34308775      5.32132801     -0.47615899
564   814         9.36528119      5.32195912     -0.48750877
565   814         9.39333553      5.35354795     -0.49211188
566   814         9.42931312      5.36614796     -0.48644685
567   814         9.46272713      5.34501329     -0.47309406
568   814         9.49080963      5.30354600     -0.44717740
569   814         9.50959272      5.24260274     -0.42975164
570   814         9.50043876      5.17188712     -0.44674491
571   814         9.47157394      5.11497045     -0.45945534
572   814         9.46522739      5.10768755     -0.43684848
573   814         9.51825574      5.12636475     -0.39041662
574   814         9.59852214      5.13014159     -0.33477885
575   814         9.64959424      5.13910764     -0.28027786
576   814         9.66013025      5.14346656     -0.23374027
577   814         9.65899815      5.11839544     -0.20681707
578   814         9.66168827      5.06273152     -0.18316327
579   814         9.63829855      5.01375000     -0.17990755
580   814         9.59255499      4.97156538     -0.20168061
581   814         9.53748377      4.93952665     -0.22283094
582   814         9.50288418      4.92017802     -0.23057671
583   814         9.49528863      4.89530300     -0.22198887
584   814         9.51698850      4.84946601     -0.18893463
585   814         9.55128423      4.80775363     -0.13158289
586   814         9.56676624      4.79551106     -0.05867486
587   814         9.54612238      4.78790678      0.01157886
588   814         9.51570483      4.77044743      0.05876665
589   814         9.50166417      4.77136504      0.08215040
590   814         9.50992857      4.79574650      0.08993411
591   814         9.54381106      4.81694064      0.08718173
592   814         9.56180875      4.82741982      0.07888999
593   814         9.55078302      4.84605147      0.08225749
594   814         9.52817458      4.87030932      0.10345032
595   814         9.51240985      4.90320161      0.12231535
596   814         9.49946203      4.95673844      0.11666046
597   814         9.49447781      5.00471497      0.06741302
598   814         9.49944706      5.00396072      0.01328230
599   814         9.50668375      4.98562044     -0.00852814
600   814         9.49225620      5.01078435      0.00442879
601   814         9.45468152      5.08407049      0.05425074
602   814         9.40540878      5.15709725      0.14749165
603   814         9.37036546      5.19991656      0.22988359
604   814         9.37422783      5.21287816      0.24558574
605   814         9.40053490      5.20418656      0.18591935
606   814         9.41450263      5.18713050      0.08199767
607   814         9.39779055      5.17289057     -0.01911864
608   814         9.37945361      5.18088052     -0.08330667
609   814         9.38012673      5.21302291     -0.09782696
610   814         9.38418893      5.26293216     -0.07005526
611   814         9.39340240      5.32401002     -0.01602833
612   814         9.41399219      5.38028084      0.04105234
613   814         9.45590874      5.40553037      0.08118784
614   814         9.50202803      5.39875136      0.08427777
615   814         9.53665188      5.38777244      0.07015432
616   814         9.54617419      5.41518670      0.05782861
617   814         9.53065019      5.48793876      0.04443009
618   814         9.49872556      5.57895501      0.01930799
619   814         9.46302528      5.65655785      0.01424017
620   814         9.43216064      5.69786331      0.04849039
621   814         9.39650423      5.73317929      0.08041548
622   814         9.34234298      5.77978840      0.08791138
623   814         9.28486077      5.85147380      0.08298005
624   814         9.23981645      5.93444556      0.08680106
625   814         9.21117801      6.00692158      0.09383289
626   814         9.19053791      6.04615836      0.08460895
627   814         9.18273226      6.04560982      0.04465090
628   814         9.21134458      6.03684870     -0.01840947
629   814         9.25901642      6.05293354     -0.08681142
630   814         9.28010118      6.10274699     -0.14178729
631   814         9.29106097      6.14501633     -0.17348881
632   814         9.31337965      6.14768664     -0.17161011
633   814         9.32126875      6.10772884     -0.13191537
634   814         9.29545233      6.05927073     -0.06919577
635   814         9.25236304      6.03015560     -0.00466904
636   814         9.20514046      6.02100087      0.05390277
637   814         9.17206664      6.01887158      0.09527143
638   814         9.17318747      6.00874829      0.11852111
639   814         9.20991738      5.98768851      0.13381186
640   814         9.27047455      5.95909051      0.15058862
641   814         9.32352452      5.92252325      0.17497949
642   814         9.36224408      5.88330697      0.20702199
643   814         9.38111630      5.85956894      0.23412825
644   814         9.36062262      5.86261830      0.24998210
645   814         9.31477109      5.87279061      0.26036460
646   814         9.27244293      5.86191369      0.28374967
647   814         9.24497350      5.83466537      0.34249077
648   814         9.22723676      5.81350596      0.41957590
649   814         9.22587084      5.79853657      0.49439530
650   814         9.23879396      5.79158292      0.55368782
651   814         9.24712315      5.78526771      0.62522393
652   814         9.21995439      5.78656733      0.69605124
653   814         9.14544613      5.79338352      0.76102791
654   814         9.04157996      5.81165514      0.82029239
655   814         8.94966233      5.83232915      0.85516597
656   814         8.89910927      5.85822483      0.86793832
657   814         8.87699765      5.88517980      0.86842730
658   814         8.85419062      5.89152358      0.87375648
659   814         8.82412340      5.88378308      0.88185509
660   814         8.79100727      5.88439245      0.89525873
661   814         8.74976995      5.91221501      0.90911732
662   814         8.69743979      5.95081890      0.92532277
663   814         8.64853708      5.97213802      0.92900399
664   814         8.60004799      5.97998161      0.90435848
665   814         8.54289257      5.97231180      0.85990995
666   814         8.50413154      5.96205245      0.82621993
667   814         8.52938367      5.95507530      0.81263961
668   814         8.60579878      5.94737089      0.80811205
669   814         8.68037258      5.93797935      0.80451342
670   814         8.72927511      5.92528091      0.78205648
671   814         8.75965048      5.92533046      0.75500872
672   814         8.74145072      5.96481464      0.72229832
673   814         8.69622659      6.01290814      0.67618166
674   814         8.67093316      6.05702753      0.61177110
675   814         8.64690468      6.07485621      0.55684364
676   814         8.61109225      6.07991592      0.52398105
677   814         8.59788587      6.05745951      0.50860480
678   814         8.60857670      6.00240164      0.49002332
679   814         8.62569300      5.93501866      0.46718228
680   814         8.63808110      5.91853424      0.46551037
681   814         8.63748978      5.94459359      0.47892822
682   814         8.65805368      5.96553973      0.49539040
683   814         8.70650528      5.98451558      0.49225212
684   814         8.77212768      6.00653102      0.47649169
685   814         8.81718927      6.02822831      0.45589560
686   814         8.81216608      6.06004050      0.43986586
687   814         8.77148853      6.09563870      0.42336330
688   814         8.71029128      6.12773992      0.38520768
689   814         8.66515299      6.15997550      0.34390126
690   814         8.66274375      6.17016102      0.31976502
691   814         8.70953789      6.16631550      0.30583569
692   814         8.79851811      6.16194534      0.29014088
693   814         8.88628382      6.13692921      0.25654511
694   814         8.94592928      6.08641580      0.20460150
695   814         8.97677968      6.05668670      0.14205946
696   814         8.97820903      6.03609862      0.10915131
697   814         8.94572731      6.01544705      0.10906725
698   814         8.91430435      6.00588780      0.11751031
699   814         8.90440088      5.98827073      0.11397570
700   814         8.90418196      5.93372698      0.11814522
701   814         8.91974540      5.85426130      0.12594826
702   814         8.94461612      5.77275324      0.12310439
703   814         8.94620137      5.68581936      0.10803646
704   814         8.89774830      5.59422854      0.04516348
705   814         8.82278496      5.52186659     -0.04323579
706   814         8.75649475      5.48839053     -0.13349550
707   814         8.69473968      5.45148963     -0.20589588
708   814         8.63550293      5.38270773     -0.25509945
709   814         8.59896967      5.31448715     -0.26324299
710   814         8.60057963      5.26603121     -0.21228297
711   814         8.63116567      5.23319362     -0.13117088
712   814         8.66279614      5.20793648     -0.07902655
713   814         8.66472949      5.18695183     -0.08262297
714   814         8.64113657      5.16120536     -0.13429240
715   814         8.61259419      5.13388555     -0.21433172
716   814         8.60157159      5.11300280     -0.28652905
717   814         8.60244301      5.09338612     -0.34412914
718   814         8.60784981      5.03461620     -0.37615741
719   814         8.62088254      4.96235964     -0.36895330
720   814         8.62189107      4.91398866     -0.30566027
721   814         8.59413365      4.89918948     -0.21803022
722   814         8.53976281      4.90076243     -0.16196368
723   814         8.47686948      4.89464572     -0.15644371
724   814         8.40212256      4.89085629     -0.17824528
725   814         8.32231481      4.89383149     -0.20683283
726   814         8.23739008      4.90184373     -0.23596135
727   814         8.15622297      4.89487030     -0.24357977
728   814         8.11740719      4.87160677     -0.22282671
729   814         8.12188794      4.84257660     -0.18931743
730   814         8.13906611      4.84174847     -0.15944992
731   814         8.13336401      4.85477695     -0.12557900
732   814         8.10068350      4.86847030     -0.10065570
733   814         8.03855514      4.87251428     -0.10506560
734   814         7.96862708      4.86757213     -0.12413993
735   814         7.89359848      4.85493673     -0.12670413
736   814         7.80859785      4.83710044     -0.12595673
737   814         7.73056479      4.83185340     -0.09220183
738   814         7.69936248      4.85578894     -0.00824827
739   814         7.71501554      4.91647181      0.10200754
740   814         7.71469292      4.98385992      0.19598017
741   814         7.68621207      5.05160167      0.25295929
742   814         7.63298246      5.12014549      0.28577921
743   814         7.58413420      5.19610961      0.30565332
744   814         7.54649822      5.28501146      0.31799976
745   814         7.53455433      5.36425309      0.32180764
746   814         7.53305037      5.40237573      0.32334512
747   814         7.52727700      5.38302861      0.33554292
748   814         7.51860871      5.32103939      0.38076656
749   814         7.52115580      5.24604586      0.44776732
750   814         7.52925419      5.20478542      0.49512150
751   814         7.50316274      5.21667864      0.49997411
752   814         7.43998191      5.26952524      0.46555458
753   814         7.38132706      5.32526929      0.42664699
754   814         7.35723462      5.35363997      0.40696469
755   814         7.35726219      5.34573932      0.41585513
756   814         7.36021980      5.32933450      0.43499128
757   814         7.36517542      5.33509997      0.45359098
758   814         7.38933099      5.35893878      0.45835169
759   814         7.42184016      5.38971584      0.43134307
760   814         7.44826371      5.40814874      0.38335651
761   814         7.46687241      5.42806776      0.32890649
762   814         7.48420872      5.44751836      0.27086556
763   814         7.51102490      5.46099857      0.23551044
764   814         7.55086750      5.47092063      0.24179716
765   814         7.60014996      5.48941637      0.26529432
766   814         7.64702991      5.52453252      0.27844073
767   814         7.65678754      5.59049075      0.28278248
768   814         7.65358779      5.67127723      0.30877068
769   814         7.66296335      5.72711458      0.35750020
770   814         7.66109598      5.78880877      0.42067288
771   814         7.63181756      5.86322913      0.46900995
772   814         7.58608892      5.94009884      0.49147017
773   814         7.53041860      6.01494360      0.49047187
774   814         7.48277111      6.09451051      0.47997701
775   814         7.43803898      6.15139099      0.47784476
776   814         7.36605740      6.18670014      0.48413295
777   814         7.26259204      6.21656831      0.48999090
778   814         7.16198427      6.25720777      0.48533517
779   814         7.08763840      6.31453052      0.47515003
780   814         7.01795086      6.35113196      0.44061853
781   766         6.26758855      4.97061898     -1.54378242
782   766         6.27223663      4.98779208     -1.48174060
783   766         6.23034999      4.96220936     -1.48411057
784   766         6.17174563      4.89579279     -1.52489008
785   766         6.14972919      4.83094960     -1.55757931
786   766         6.15239550      4.79149315     -1.57746812
787   766         6.15146688      4.75533329     -1.60112160
788   766         6.14578335      4.71020627     -1.61510165
789   766         6.11710057      4.69585134     -1.59793661
790   766         6.08196972      4.70630140     -1.56400098
791   766         6.05866686      4.72662944     -1.54752712
792   766         6.04696057      4.72687179     -1.55621020
793   766         6.03316227      4.71193831     -1.56665115
794   766         6.01253232      4.67420618     -1.56750657
795   766         5.99119429      4.65038110     -1.56143467
796   766         5.97082164      4.62658561     -1.58455801
797   766         5.98420798      4.59140941     -1.64899141
798   766         6.01299457      4.54070531     -1.72162039
799   766         6.02933631      4.50617164     -1.75126699
800   766         6.04823391      4.49791419     -1.74058589
801   766         6.08948401      4.50493434     -1.71090941
802   766         6.14388671      4.51422227     -1.69496991
803   766         6.18370002      4.52506446     -1.70366256
804   766         6.21411855      4.54584774     -1.73017467
805   766         6.22134007      4.54929869     -1.74787584
806   766         6.21248141      4.52474524     -1.75061836
807   766         6.19444770      4.49093544     -1.73704393
808   766         6.18662376      4.46148260     -1.71483373
809   766         6.17697026      4.43209158     -1.69757435
810   766         6.16668213      4.41065901     -1.70499546
811   766         6.16418662      4.38045909     -1.75306980
812   766         6.17647489      4.33632503     -1.82515298
813   766         6.19596707      4.30788504     -1.86743100
814   766         6.20281889      4.31825132     -1.83876986
815   766         6.19077529      4.35184720     -1.77309377
816   766         6.18163900      4.36085732     -1.72715988
817   766         6.19537087      4.34312933     -1.70206756
818   766         6.21650004      4.32401774     -1.70448972
819   766         6.23438613      4.31348343     -1.73306520
820   766         6.23907675      4.31404840     -1.78292310
821   766         6.24283912      4.32856981     -1.82471181
822   766         6.23917645      4.35372822     -1.84171097
823   766         6.26568338      4.38333116     -1.85667666
824   766         6.33046154      4.39886730     -1.88621164
825   766         6.39604231      4.38299790     -1.91171222
826   766         6.44920428      4.36036255     -1.91968922
827   766         6.49676277      4.35517796     -1.90397588
828   766         6.55825114      4.37667942     -1.87928074
829   766         6.61071386      4.41058509     -1.85916077
830   766         6.65096925      4.44984589     -1.84739071
831   766         6.67306177      4.48105134     -1.86057981
832   766         6.69070965      4.49737026     -1.89634439
833   766         6.70176910      4.50856731     -1.91712732
834   766         6.69145219      4.50636906     -1.92351019
835   766         6.66057885      4.50293100     -1.93806503
836   766         6.62138889      4.51064014     -1.95781291
837   766         6.60295521      4.54616652     -1.95766387
838   766         6.59185982      4.58506481     -1.95137912
839   766         6.59478308      4.60868873     -1.93467816
840   766         6.58653385      4.63619944     -1.93171917
841   766         6.56840356      4.66069540     -1.95370177
842   766         6.55432876      4.67238524     -1.97798812
843   766         6.55371720      4.67548449     -1.98231992
844   766         6.56260007      4.69316329     -1.97370674
845   766         6.57568399      4.72219418     -1.97186782
846   766         6.59802547      4.76493815     -1.97438536
847   766         6.60855823      4.79579215     -1.98207319
848   766         6.57866196      4.81136178     -1.99197589
849   766         6.53252600      4.79814070     -1.99685527
850   766         6.51103046      4.77454070     -1.98657870
851   766         6.52161916      4.76739961     -1.96655129
852   766         6.54440267      4.78614574     -1.94521585
853   766         6.56610954      4.82281904     -1.90899144
854   766         6.58821694      4.86175862     -1.86481287
855   766         6.59606618      4.91298719     -1.81844193
856   766         6.56796197      4.97583177     -1.77939827
857   766         6.52219877      5.05066006     -1.74738385
858   766         6.49824634      5.10646065     -1.69591321
859   766         6.50164146      5.12299712     -1.60220938
860   766         6.50619392      5.10965689     -1.49412420
861   766         6.52751967      5.08684410     -1.40446621
862   766         6.52968663      5.06638487     -1.36054931
863   817         7.28135595      5.85099691      0.95468845
864   817         7.29380746      5.86879439      1.02370005
865   817         7.29156045      5.86954838      1.07147973
866   817         7.28039882      5.85516383      1.10436890
867   817         7.24972449      5.86377231      1.14185036
868   817         7.19708098      5.90289118      1.18077889
869   817         7.12825507      5.95568193      1.21059823
870   817         7.06253219      6.01384954      1.22106360
871   817         7.01738970      6.06923310      1.22083460
872   817         6.98240531      6.13836468      1.24250027
873   817         6.94697637      6.21182308      1.26779597
874   817         6.91653756      6.25893177      1.27120622
875   817         6.89397781      6.28154416      1.26734188
876   817         6.88491553      6.31444052      1.26262326
877   817         6.89935977      6.32634086      1.28642708
878   817         6.91887704      6.34201650      1.31249477
879   817         6.92746065      6.38547351      1.32825355
880   817         6.92028218      6.43177370      1.33928420
881   817         6.90576956      6.46870684      1.34600730
882   817         6.87239918      6.51589076      1.35726465
883   817         6.82715344      6.59116911      1.36235180
884   817         6.79480194      6.65086905      1.36353744
885   817         6.77382336      6.69111516      1.36844591
886   817         6.76452518      6.73042493      1.37182811
887   817         6.76305571      6.76527748      1.33640417
888   817         6.76125985      6.79259565      1.27800102
889   817         6.73658772      6.82819873      1.24340501
890   817         6.68211326      6.87765484      1.25364566
891   817         6.63789121      6.90454402      1.26644084
892   817         6.60767732      6.90542282      1.23185836
893   817         6.57624571      6.90401445      1.18483700
894   817         6.53976141      6.89906815      1.15897625
895   817         6.49385757      6.89981423      1.17754500
896   817         6.44485098      6.92703406      1.19621058
897   817         6.41985871      6.97888071      1.22280584
898   817         6.43131319      7.03269329      1.25337755
899   817         6.46741402      7.09795126      1.25182237
900   817         6.50710035      7.20859946      1.21736723
901   817         6.52757526      7.35125583      1.16309798
902   817         6.51513862      7.49383712      1.10966211
903   817         6.49531342      7.60220720      1.05810236
904   817         6.49584556      7.64246599      1.01940180
905   817         6.50405393      7.61102823      0.96064670
906   817         6.49483267      7.53394477      0.87504922
907   817         6.47951083      7.48261375      0.77987326
908   817         6.49622130      7.49414072      0.68081145
909   817         6.54339904      7.56291091      0.59515161
910   817         6.58388194      7.65210466      0.53190499
911   817         6.60956744      7.71151753      0.50842547
912   817         6.65450600      7.73476335      0.52338817
913   817         6.70661480      7.74523444      0.55120646
914   817         6.73229271      7.75432580      0.56094950
915   817         6.71809454      7.74619182      0.54884469
916   817         6.68104512      7.74411624      0.51679237
917   817         6.62624404      7.75362104      0.48828969
918   817         6.57659025      7.77836908      0.46480645
919   817         6.55033658      7.81721890      0.45103095
920   817         6.54587761      7.88789403      0.44923545
921   817         6.55391458      7.96497456      0.45723929
922   817         6.56197025      8.02961313      0.47775278
923   817         6.57414306      8.09661054      0.50611972
924   817         6.59072574      8.15448861      0.54855943
925   817         6.62828244      8.18774359      0.59009652
926   817         6.67355568      8.18672938      0.60469544
927   817         6.71444447      8.17652254      0.55852590
928   817         6.72682409      8.18392203      0.47527466
929   817         6.69080240      8.21623611      0.42373917
930   817         6.61118129      8.26696382      0.44391778
931   817         6.51578768      8.33502886      0.50534732
932   817         6.43564682      8.41658823      0.54649563
933   817         6.40537309      8.48233638      0.55153347
934   817         6.43494285      8.49839888      0.52214148
935   817         6.47475424      8.47662307      0.47423263
936   817         6.49570740      8.45190510      0.40753972
937   817         6.49331656      8.44670524      0.32584449
938   817         6.48248578      8.45158382      0.23854085
939   817         6.46852543      8.45896691      0.15952815
940   817         6.44511644      8.46715124      0.11634027
941   817         6.40847044      8.47095770      0.10767220
942   817         6.36082828      8.48476096      0.11754268
943   817         6.33282105      8.51181789      0.13638845
944   817         6.34076534      8.55807369      0.15618002
945   817         6.36881472      8.62004187      0.15854966
946   817         6.38586422      8.67193265      0.12280566
947   817         6.38802915      8.69288001      0.05894495
948   817         6.38289066      8.68682688     -0.02533887
949   817         6.39147881      8.68167540     -0.10446188
950   817         6.40912152      8.68454483     -0.15430740
951   817         6.41475394      8.70230690     -0.16497353
952   817         6.41900333      8.73604861     -0.15667150
953   817         6.42477732      8.78309388     -0.15435234
954   817         6.43903631      8.84165500     -0.15789501
955   817         6.46401115      8.90387851     -0.16098271
956   817         6.48435510      8.95367416     -0.16332334
957   817         6.46714253      8.97817425     -0.17762600
958   817         6.46675368      8.99163907     -0.20026628
959   817         6.52039729      9.01191998     -0.23349821
960   817         6.60497988      9.03932231     -0.26172257
961   817         6.67857988      9.04466667     -0.28050847
962   817         6.71889254      9.03981415     -0.29802416
963   817         6.72609231      9.02975502     -0.31018275
964   817         6.74164869      9.04444656     -0.31566992
965   817         6.80137213      9.09589347     -0.32199922
966   817         6.87799653      9.15010037     -0.33917987
967   817         6.94944374      9.18207195     -0.37378799
968   817         6.98940334      9.18969424     -0.42211439
969   817         6.97694451      9.20425303     -0.46703862
970   817         6.92101362      9.24809074     -0.50466277
971   817         6.84936698      9.32184698     -0.55697073
972   817         6.79505703      9.38962954     -0.59902494
973   817         6.76608523      9.43396757     -0.61665773
974   817         6.73902195      9.47083816     -0.60909015
975   817         6.70365734      9.50081066     -0.57886482
976   817         6.65731715      9.51174884     -0.55261872
977   817         6.57610993      9.50969987     -0.54859144
978   817         6.50124115      9.50535315     -0.57235231
979   817         6.45558123      9.48390703     -0.60940457
980   817         6.43853353      9.45470684     -0.61577648
981   817         6.43705736      9.43366022     -0.59045561
982   817         6.43905275      9.46143416     -0.60420283
983   817         6.42997342      9.51652985     -0.67612890
984   817         6.42113429      9.53539183     -0.75398684
985   817         6.40771028      9.48905330     -0.79231935
986   817         6.39077037      9.41385153     -0.81668085
987   817         6.38903029      9.34137174     -0.84745779
988   817         6.42166918      9.29005296     -0.87938214
989   817         6.45330626      9.27042871     -0.90182378
990   817         6.48411114      9.27951929     -0.93996109
991   817         6.54454017      9.30969219     -1.02425892
992   817         6.62225598      9.35198235     -1.13407812
993   817         6.69695703      9.38503564     -1.23663692
994   817         6.74030083      9.40676462     -1.31640547
995   817         6.75527207      9.43098187     -1.36775445
996   817         6.74416227      9.46033635     -1.39985859
997   817         6.73007745      9.48831449     -1.40641437
998   817         6.71081690      9.51276409     -1.41129182
999   817         6.69675121      9.56515754     -1.43227512
1000  817         6.69425519      9.63757711     -1.46020934
1001  817         6.69433276      9.69528287     -1.49101766
1002  817         6.68613914      9.74171874     -1.52037732
1003  817         6.66418098      9.78452698     -1.54295188
1004  817         6.63991084      9.80915951     -1.53319888
1005  817         6.62054457      9.81394516     -1.48065225
1006  817         6.61216978      9.81316100     -1.41860872
1007  817         6.60948442      9.82384709     -1.40096486
1008  817         6.61502882      9.84770507     -1.42724034
1009  817         6.60708217      9.86405220     -1.44820446
1010  817         6.59501555      9.85254857     -1.45423407
1011  817         6.57438380      9.84560526     -1.47111654
1012  817         6.54462029      9.89828702     -1.48567442
1013  817         6.53395794     10.00085035     -1.48937423
1014  817         6.53344503     10.09125611     -1.50250136
1015  817         6.54075586     10.14392348     -1.54964674
1016  817         6.55234355     10.17410090     -1.60970280
1017  817         6.56576714     10.19869755     -1.64466503
1018  817         6.56830706     10.21291439     -1.69062936
1019  817         6.56294306     10.21253636     -1.76386540
1020  817         6.57344952     10.21289314     -1.84839061
1021  817         6.62648737     10.25064368     -1.89893251
1022  817         6.69673477     10.32540022     -1.92878115
1023  817         6.75446130     10.38563696     -1.95913602
1024  817         6.80562711     10.40706159     -1.99875541
1025  817         6.84600175     10.40697691     -2.04383090
1026  817         6.86356960     10.41044411     -2.07690229
1027  817         6.84437426     10.42246329     -2.11621412
1028  817         6.79809637     10.43567422     -2.16234525
1029  817         6.78236558     10.44162055     -2.21807967
1030  817         6.82052311     10.44992913     -2.26163152
1031  817         6.88753999     10.47096593     -2.30016081
1032  817         6.94660038     10.50217668     -2.33835089
1033  817         6.98227330     10.53090324     -2.37758921
1034  817         6.99717608     10.56425830     -2.38269827
1035  817         7.00068229     10.61627068     -2.35575215
1036  817         6.98713466     10.67745347     -2.30664064
1037  817         6.96305892     10.73557375     -2.27222517
1038  817         6.94952965     10.75956227     -2.26403988
1039  817         6.95005992     10.74556046     -2.28647648
1040  817         6.93505175     10.71211585     -2.33258075
1041  817         6.89967014     10.69901325     -2.37885244
1042  817         6.86742350     10.71353598     -2.40935774
1043  817         6.85367762     10.73711927     -2.42162570
1044  817         6.84175293     10.75943253     -2.44348968
1045  817         6.80834778     10.77750906     -2.47473372
1046  817         6.75588736     10.81328608     -2.50054005
1047  817         6.69272089     10.86318836     -2.51033465
1048  817         6.61021507     10.89949890     -2.52796050
1049  817         6.51969509     10.90762656     -2.55324225
1050  817         6.45159193     10.90477031     -2.57229205
1051  817         6.41268731     10.88632103     -2.56462787
1052  817         6.38962193     10.87871504     -2.54221930
1053  817         6.36831727     10.88947084     -2.53343998
1054  817         6.32862302     10.89721502     -2.54580986
1055  817         6.26485771     10.88679698     -2.57103587
1056  817         6.18813700     10.88101772     -2.56541224
1057  817         6.11776668     10.90733737     -2.51417893
1058  817         6.07815187     10.97118707     -2.43343426
1059  817         6.07010123     11.03347664     -2.36363869
1060  817         6.06232171     11.06877257     -2.29321231
1061  817         6.04849614     11.09084094     -2.24218884
1062  817         6.02436135     11.12083831     -2.19673581
1063  817         5.99077348     11.15506474     -2.17503052
1064  817         5.96000575     11.18492461     -2.17877577
1065  817         5.92891998     11.21336919     -2.20881153
1066  817         5.90078118     11.24235768     -2.24236882
1067  817         5.89639448     11.26943130     -2.24419478
1068  817         5.91563993     11.26687382     -2.22333933
1069  817         5.95980777     11.24813395     -2.19202198
1070  817         6.00460816     11.24221974     -2.17402527
1071  817         6.04573010     11.26187126     -2.16977464
1072  817         6.08205371     11.29608040     -2.19194326
1073  817         6.11746139     11.30992574     -2.22093286
1074  817         6.16617372     11.31455781     -2.23095385
1075  817         6.22776371     11.33647627     -2.20099612
1076  817         6.29813523     11.38089047     -2.15448206
1077  817         6.35209479     11.42996544     -2.13002171
1078  817         6.36920988     11.47689629     -2.14259980
1079  817         6.35512819     11.51322449     -2.17896009
1080  817         6.33399070     11.53025171     -2.20194741
1081  817         6.31382598     11.52080725     -2.20798456
1082  817         6.30594069     11.47638091     -2.19055810
1083  817         6.31862803     11.42917098     -2.18213605
1084  817         6.33300491     11.40023291     -2.19407555
1085  817         6.32650290     11.38466853     -2.23853027
1086  817         6.30889723     11.36578736     -2.29876052
1087  817         6.30873416     11.32538103     -2.34239791
1088  817         6.33150223     11.26525756     -2.34962711
1089  817         6.36659479     11.20158792     -2.33361064
1090  817         6.38873673     11.13692714     -2.31977126
1091  817         6.39356861     11.06417819     -2.31676381
1092  817         6.39326006     10.98626874     -2.32467323
1093  817         6.39469032     10.92281382     -2.33555288
1094  817         6.40878819     10.87919562     -2.33135468
1095  817         6.42339593     10.83537500     -2.32653699
1096  817         6.41731205     10.77138174     -2.33787914
1097  817         6.39989750     10.69653145     -2.36369576
1098  817         6.40690319     10.64148591     -2.37750270
1099  817         6.43761371     10.59702401     -2.37234178
1100  817         6.45811576     10.56533347     -2.37700568
1101  817         6.46088509     10.55763243     -2.40028403
1102  817         6.46384939     10.57654273     -2.41169534
1103  817         6.46806570     10.60111946     -2.38908410
1104  817         6.48117363     10.59067224     -2.34675397
1105  817         6.50006498     10.55847997     -2.33065355
1106  817         6.50944180     10.53313070     -2.35111658
1107  817         6.50394164     10.52269216     -2.37733856
1108  817         6.48605280     10.51006043     -2.38329523
1109  817         6.45367179     10.47929237     -2.39541209
1110  817         6.41517514     10.43412596     -2.46187935
1111  817         6.37733663     10.38277904     -2.57206140
1112  817         6.34010728     10.32474552     -2.66838683
1113  817         6.31839325     10.25964233     -2.72188005
1114  817         6.30418123     10.20941953     -2.75425729
1115  817         6.30341599     10.19719171     -2.77369685
1116  817         6.32392068     10.18683202     -2.75522954
1117  817         6.36664625     10.16605949     -2.70294169
1118  817         6.40011977     10.15479825     -2.63973835
1119  817         6.39491137     10.16259861     -2.58774210
1120  817         6.35163948     10.16983941     -2.55022033
1121  817         6.28818450     10.17435530     -2.53429220
1122  817         6.21550106     10.18375071     -2.53471385
1123  817         6.14408410     10.19577692     -2.56096176
1124  817         6.08973282     10.19929595     -2.60437386
1125  817         6.06127052     10.19489566     -2.61796542
1126  817         6.05033901     10.19377075     -2.59248493
1127  817         6.02331906     10.20925584     -2.55765717
1128  817         5.96988960     10.24000789     -2.55111366
1129  817         5.90218508     10.25682193     -2.56176405
1130  817         5.83661902     10.26064783     -2.57793355
1131  817         5.78748250     10.25408254     -2.58480227
1132  817         5.75646445     10.25206408     -2.57134691
1133  817         5.73093086     10.25256008     -2.53096095
1134  817         5.73036051     10.25317260     -2.45952270
1135  817         5.74697574     10.26705515     -2.36702833
1136  817         5.75148430     10.30182615     -2.28754576
1137  817         5.70984378     10.34539695     -2.26643915
1138  817         5.64124950     10.37153389     -2.28564368
1139  817         5.57211096     10.38859901     -2.30980260
1140  817         5.50643390     10.42325746     -2.30690414
1141  817         5.45127310     10.48031502     -2.27772246
1142  817         5.38314158     10.55923627     -2.23839702
1143  817         5.29318611     10.65768747     -2.18038815
1144  817         5.19585457     10.74650273     -2.12083541
1145  817         5.10466047     10.77462637     -2.07414574
1146  817         5.01022685     10.73843953     -2.04157448
1147  817         4.92925414     10.68454128     -2.02590199
1148  817         4.86888253     10.65776560     -2.02447991
1149  817         4.83074272     10.64033335     -2.03160488
1150  817         4.81497863     10.59861124     -2.02641967
1151  817         4.83436130     10.53551497     -2.00242511
1152  817         4.87435619     10.47747581     -1.97597396
1153  817         4.89650028     10.45997328     -1.94795478
1154  817         4.90549444     10.46543278     -1.94455257
1155  817         4.90168568     10.46099023     -1.96722541
1156  817         4.89664949     10.42039541     -1.98772486
1157  817         4.90179274     10.35481271     -2.00056416
1158  817         4.91337421     10.29861748     -2.02157749
1159  817         4.91901237     10.25578769     -2.06139984
1160  817         4.91822531     10.23012413     -2.09453792
1161  817         4.93423109     10.21150091     -2.10577734
1162  817         4.97338306     10.19909019     -2.08958025
1163  817         5.02501872     10.17595737     -2.10616733
1164  817         5.06975489     10.15561696     -2.16370034
1165  817         5.10656352     10.16315280     -2.20790836
1166  817         5.14015739     10.21651846     -2.22460571
1167  817         5.15552027     10.27188543     -2.22821154
1168  817         5.15080369     10.28154131     -2.21685244
1169  817         5.12997704     10.23696645     -2.18328565
1170  817         5.10552487     10.16812417     -2.12400453
1171  817         5.09888948     10.09749531     -2.06259006
1172  817         5.11506012     10.02975238     -2.03170409
1173  817         5.15077530      9.98020274     -2.03632563
1174  817         5.19029253      9.97422731     -2.05268743
1175  817         5.23293183      9.98730752     -2.08059676
1176  817         5.27338204      9.99660512     -2.11101856
1177  817         5.30565204      9.97388928     -2.11539452
1178  817         5.33646573      9.91420616     -2.09855863
1179  817         5.36385837      9.82818491     -2.08440780
1180  817         5.38339669      9.72912845     -2.08252347
1181  817         5.38992351      9.62333320     -2.08925039
1182  817         5.40252476      9.53586859     -2.11383939
1183  817         5.43977217      9.47828117     -2.17832795
1184  817         5.49491749      9.43535871     -2.28736060
1185  817         5.55907851      9.38478606     -2.40631659
1186  817         5.62993205      9.32556878     -2.52274563
1187  817         5.71719676      9.24062162     -2.63364944
1188  817         5.81246533      9.13764067     -2.71782880
1189  817         5.90678649      9.05782115     -2.76414881
1190  817         5.97443665      9.01178004     -2.79004973
1191  817         6.00415366      9.00108608     -2.79548300
1192  817         5.99350134      8.99999886     -2.78306507
1193  817         5.94957937      9.00691675     -2.76268401
1194  817         5.90819468      9.01989888     -2.73358510
1195  817         5.89400075      9.01859093     -2.70157653
1196  817         5.90685887      8.98251122     -2.69661577
1197  817         5.92280826      8.91874421     -2.71872095
1198  817         5.94309251      8.87058245     -2.71624165
1199  817         5.98003824      8.86702192     -2.67120578
1200  817         6.01149987      8.88344226     -2.62105135
1201  817         6.04416231      8.89354257     -2.59892182
1202  817         6.06155049      8.88428501     -2.58431090
1203  817         6.04926846      8.86921553     -2.53831349
1204  817         6.01546533      8.86037392     -2.45824063
1205  817         6.01039626      8.85505785     -2.37741843
1206  817         6.04573634      8.81996839     -2.30502931
1207  817         6.09062770      8.73639281     -2.24308247
1208  817         6.12409069      8.62931072     -2.18703506
1209  817         6.13423340      8.53325329     -2.12765659
1210  817         6.14576724      8.48280638     -2.06949893
1211  817         6.17461167      8.46759219     -2.01628117
1212  817         6.22742820      8.46073073     -1.96687237
1213  817         6.27691516      8.44996219     -1.91109089
1214  817         6.30679621      8.42364950     -1.85493611
1215  817         6.29312186      8.37998951     -1.80051397
1216  817         6.25776793      8.33819783     -1.72981007
1217  817         6.23872178      8.30238980     -1.65387519
1218  817         6.24274740      8.27553494     -1.59991032
1219  817         6.25212810      8.25350003     -1.56877828
1220  817         6.25340417      8.22854658     -1.52426815
1221  817         6.24102314      8.18714616     -1.45859766
1222  817         6.22529068      8.14778771     -1.40712306
1223  817         6.22086605      8.13432928     -1.38692453
1224  817         6.19550162      8.11164707     -1.39718341
1225  817         6.14148748      8.07404455     -1.41107888
1226  817         6.07042074      8.04679800     -1.42687418
1227  817         6.01492334      8.02369744     -1.43876476
1228  817         6.00660966      8.00730818     -1.44236885
1229  817         6.04380836      8.01275374     -1.43114903
1230  817         6.07412460      8.04086740     -1.40277059
1231  817         6.06736010      8.08341474     -1.37435115
1232  817         6.02680927      8.10957508     -1.35237750
1233  817         5.96737444      8.08919269     -1.34112579
1234  817         5.89422484      8.03982256     -1.33324759
1235  817         5.84163841      7.98658755     -1.32542557
1236  817         5.82794738      7.93997520     -1.30009620
1237  817         5.85263123      7.90235220     -1.24391928
1238  817         5.86277868      7.86694768     -1.17566153
1239  817         5.83574866      7.82082101     -1.10394667
1240  817         5.80038514      7.76895508     -1.04088965
1241  817         5.78188335      7.72315843     -0.98809612
1242  817         5.76103987      7.67866169     -0.95180826
1243  817         5.73754711      7.64820643     -0.94885154
1244  817         5.72857408      7.64637903     -0.98780995
1245  817         5.73371026      7.65492157     -1.02710608
1246  817         5.72910335      7.66754139     -1.03986634
1247  817         5.71313882      7.67337524     -1.02871110
1248  817         5.69100046      7.68045899     -1.01937903
1249  817         5.66125807      7.67394987     -1.02573072
1250  817         5.63036341      7.64594186     -1.02689623
1251  817         5.61581684      7.62527981     -1.04005261
1252  817         5.63006968      7.64337121     -1.05680875
1253  817         5.64200646      7.67504623     -1.03254726
1254  817         5.61781413      7.68267994     -0.97954994
1255  817         5.56450491      7.67392562     -0.93877646
1256  817         5.50611570      7.64558172     -0.93800173
1257  817         5.46564083      7.60066288     -0.95627236
1258  817         5.44755771      7.54380371     -0.96653638
1259  817         5.44446384      7.49816089     -0.95226523
1260  817         5.43865167      7.48250358     -0.92993775
1261  817         5.42558757      7.48089143     -0.90102161
1262  817         5.41040630      7.47424522     -0.88427666
1263  817         5.41180475      7.46563520     -0.87059723
1264  817         5.43626844      7.47507599     -0.85782715
1265  817         5.45425380      7.48433333     -0.86086720
1266  817         5.43971300      7.47852627     -0.87174497
1267  817         5.39341446      7.45158574     -0.87613971
1268  817         5.35405704      7.43324469     -0.84136752
1269  817         5.36267362      7.41930499     -0.79549566
1270  817         5.40177140      7.39354799     -0.76796935
1271  817         5.45217905      7.36459500     -0.78019164
1272  817         5.47594730      7.33602303     -0.81370968
1273  817         5.46171858      7.30779067     -0.84688138
1274  817         5.42423424      7.28930213     -0.87344389
1275  817         5.36306424      7.29776049     -0.88008327
1276  817         5.29920953      7.31395257     -0.87571580
1277  817         5.26080931      7.33906176     -0.87434283
1278  817         5.25520575      7.34914647     -0.90697178
1279  817         5.27478506      7.35184225     -0.94373480
1280  817         5.28720807      7.35868513     -0.97163965
1281  817         5.27854185      7.38557660     -0.99590908
1282  817         5.27004342      7.42028087     -1.02134900
1283  817         5.25871999      7.43283862     -1.03844285
1284  817         5.25543256      7.43776696     -1.02981670
1285  817         5.25723927      7.45093618     -1.02152221
1286  817         5.27333427      7.45528504     -1.01063110
1287  817         5.29094425      7.41360929     -1.01095736
1288  817         5.28837110      7.33254546     -1.00206739
1289  817         5.27466201      7.25427580     -0.99100404
1290  817         5.26269278      7.19442220     -0.97291422
1291  817         5.24148764      7.14091039     -0.93818038
1292  817         5.18927301      7.07742878     -0.90534080
1293  817         5.13710923      7.00609426     -0.90270802
1294  817         5.09485488      6.93432290     -0.92840990
1295  817         5.07822340      6.87774459     -0.94506967
1296  817         5.06895727      6.82811644     -0.93889339
1297  817         5.06565742      6.79091996     -0.91928358
1298  817         5.08017774      6.76237906     -0.90338784
1299  817         5.11594880      6.73315040     -0.88910778
1300  817         5.15414408      6.69686876     -0.87212919
1301  817         5.16918857      6.63887493     -0.86190777
1302  817         5.15537954      6.58334976     -0.86498036
1303  817         5.10579073      6.53521623     -0.85586326
1304  817         5.04009685      6.48868971     -0.82512016
1305  817         4.99043725      6.45928834     -0.78770928
1306  817         4.97176759      6.45506820     -0.76362603
1307  817         4.96257688      6.45504791     -0.74471565
1308  817         4.95242256      6.46153788     -0.74462195
1309  817         4.95888990      6.48282897     -0.76709657
1310  817         4.98706570      6.52417701     -0.76943782
1311  817         5.02178823      6.56286122     -0.74132778
1312  817         5.03771218      6.58574220     -0.68847342
1313  817         5.03633194      6.59419652     -0.64376609
1314  817         5.02303703      6.58290188     -0.62145479
1315  817         5.01140400      6.54838370     -0.60793127
1316  817         5.00821983      6.49245412     -0.58459541
1317  817         5.01520739      6.43763264     -0.55883227
1318  817         5.02309751      6.38711295     -0.53546310
1319  817         5.02491445      6.35109159     -0.50250114
1320  817         5.01409816      6.32241680     -0.46652453
1321  817         5.01030661      6.30539829     -0.45282619
1322  817         5.03841669      6.29165040     -0.46354359
1323  817         5.07944617      6.29569232     -0.48839065
1324  817         5.09289796      6.32146117     -0.51763557
1325  817         5.06094562      6.35105361     -0.52191338
1326  817         5.00380822      6.36501824     -0.51296428
1327  817         4.97952045      6.36933978     -0.52049074
1328  817         5.01813967      6.38371774     -0.53996501
1329  817         5.08964395      6.40093521     -0.53869804
1330  817         5.15841201      6.43273255     -0.49289491
1331  817         5.20094933      6.48186079     -0.43316166
1332  817         5.22206061      6.53622153     -0.38994416
1333  817         5.23205365      6.56031563     -0.39115963
1334  817         5.23738687      6.53952429     -0.42435601
1335  817         5.23208448      6.50492610     -0.46839344
1336  817         5.19806352      6.50224271     -0.50648855
1337  817         5.14782566      6.54795362     -0.52889667
1338  817         5.12384253      6.62264941     -0.56009850
1339  817         5.13165940      6.70613584     -0.59332852
1340  817         5.15219117      6.78243365     -0.63165713
1341  817         5.15735304      6.85199847     -0.65345029
1342  817         5.15038134      6.91185056     -0.64785841
1343  817         5.13586719      6.93608686     -0.62134688
1344  817         5.11210537      6.89860191     -0.59564614
1345  817         5.06254465      6.83823835     -0.58151589
1346  817         4.97481288      6.80097120     -0.57799402
1347  817         4.85737100      6.80306559     -0.58982185
1348  817         4.76934625      6.82421865     -0.60183801
1349  817         4.74069675      6.85519523     -0.60317413
1350  817         4.76423698      6.90666723     -0.61278370
1351  817         4.80492847      6.98536018     -0.61627431
1352  817         4.80236134      7.06747544     -0.59537472
1353  817         4.75855950      7.13588891     -0.55661750
1354  817         4.71554990      7.17244625     -0.55861673
1355  817         4.70755788      7.18241919     -0.62631306
1356  817         4.71009756      7.20087504     -0.73436923
1357  817         4.70580301      7.23781048     -0.85169047
1358  817         4.70896228      7.28989457     -0.96223559
1359  817         4.71725900      7.33815718     -1.05261146
1360  817         4.73503504      7.36980215     -1.09496371
1361  817         4.77168366      7.37572826     -1.09882674
1362  817         4.81535498      7.37564072     -1.07056645
1363  817         4.85314711      7.37009978     -1.05381503
1364  817         4.86382817      7.39401325     -1.05857365
1365  817         4.86049067      7.44471168     -1.08524885
1366  817         4.86404375      7.49144397     -1.12528879
1367  817         4.88307626      7.51805093     -1.16390080
1368  817         4.89775065      7.50468853     -1.19932752
1369  817         4.89381327      7.46833793     -1.20004596
1370  817         4.87849220      7.43485280     -1.16793509
1371  817         4.84773881      7.40506459     -1.11471700
1372  817         4.82325928      7.35346096     -1.07629606
1373  817         4.82441657      7.28573804     -1.06223333
1374  817         4.85311934      7.23595996     -1.07346692
1375  817         4.88247767      7.22565970     -1.06498743
1376  817         4.89525566      7.22547019     -1.05798149
1377  817         4.91239298      7.20060036     -1.08651749
1378  817         4.96725802      7.14112322     -1.14967186
1379  817         5.06491521      7.06966278     -1.20306437
1380  817         5.15329047      7.01821858     -1.23115142
1381  817         5.20245577      6.99358122     -1.22788776
1382  817         5.23266959      6.98796780     -1.20661678
1383  817         5.23399721      6.97587008     -1.19315947
1384  817         5.22012936      6.96050395     -1.18159134
1385  817         5.22610099      6.95670719     -1.17438533
1386  817         5.26534889      6.95681494     -1.15765966
1387  817         5.27470466      6.94260877     -1.16587939
1388  817         5.27349178      6.89762331     -1.21264132
1389  817         5.30221964      6.84573113     -1.26873756
1390  817         5.35472336      6.79708846     -1.31169082
1391  817         5.38248403      6.77393408     -1.33036667
1392  817         5.36400261      6.79416883     -1.33165284
1393  817         5.33278487      6.83829147     -1.32917073
1394  817         5.32444167      6.86082349     -1.32809225
1395  817         5.34471015      6.85599328     -1.31865913
1396  817         5.37157428      6.83882571     -1.30530113
1397  817         5.39694082      6.82185778     -1.27017068
1398  817         5.41507877      6.82039234     -1.23665320
1399  817         5.41171278      6.84376154     -1.21674276
1400  817         5.38544074      6.86834439     -1.20046335
1401  817         5.35203156      6.88052686     -1.15913491
1402  817         5.30554131      6.90434235     -1.10122879
1403  817         5.26557844      6.93689959     -1.05626075
1404  817         5.27835395      6.95777564     -1.03997456
1405  817         5.33852329      6.96449341     -1.06721644
1406  817         5.39048747      6.98463611     -1.10589902
1407  817         5.40429725      7.02438345     -1.11433642
1408  817         5.38040774      7.07199147     -1.08520348
1409  817         5.35903698      7.10345790     -1.04410080
1410  817         5.36065646      7.11341130     -0.98582533
1411  817         5.36924149      7.10447816     -0.91963720
1412  817         5.35716396      7.08249783     -0.88432192
1413  817         5.31194133      7.04784785     -0.89392333
1414  817         5.25245276      7.02603238     -0.92718318
1415  817         5.21069911      7.03421974     -0.94961737
1416  817         5.18658141      7.05228662     -0.95212300
1417  817         5.16675249      7.05403977     -0.93940633
1418  817         5.14506690      7.03569714     -0.93163547
1419  817         5.13035155      7.01706116     -0.93839842
1420  817         5.11307456      6.97608337     -0.94683864
1421  817         5.07813196      6.91996870     -0.92611634
1422  817         5.02377171      6.88086956     -0.88916175
1423  817         4.96315550      6.89055045     -0.85905026
1424  817         4.92319009      6.92500341     -0.84912231
1425  817         4.92184468      6.92348333     -0.85826563
1426  817         4.93386927      6.88659527     -0.88991492
1427  817         4.93243373      6.86340851     -0.91190335
1428  817         4.90805964      6.88067657     -0.90531341
1429  817         4.89730669      6.92164670     -0.88899036
1430  817         4.92159592      6.97945592     -0.86708165
1431  817         4.95156404      7.05505695     -0.86417689
1432  817         4.95424118      7.13912186     -0.86404642
1433  817         4.94487723      7.19658750     -0.86736409
1434  817         4.93176953      7.21118098     -0.88811630
1435  817         4.90133751      7.19656169     -0.92534619
1436  817         4.84736928      7.16617475     -0.96047923
1437  817         4.77619089      7.13593883     -0.98000479
1438  817         4.71908811      7.10859870     -0.99775888
1439  817         4.66358445      7.10824953     -1.02162711
1440  817         4.60201267      7.12995922     -1.03837651
1441  817         4.52967358      7.13781258     -1.04772724
1442  817         4.47970841      7.13079431     -1.06547367
1443  817         4.47290419      7.11476135     -1.09989646
1444  817         4.46783441      7.09254344     -1.13665653
1445  817         4.40727902      7.08129912     -1.15457650
1446  817         4.28667446      7.08717286     -1.12992250
1447  817         4.14768800      7.08547306     -1.07368494
1448  817         4.04885897      7.06940249     -1.00939748
1449  817         4.02075519      7.06866279     -0.96499622
1450  817         4.02476986      7.08539607     -0.95658418
1451  817         4.02888391      7.07411964     -0.96640489
1452  817         4.02128184      7.06484762     -0.98669130
1453  817         4.00828714      7.06334583     -0.99544846
1454  817         3.98439065      7.05340854     -0.98712740
1455  817         3.93179553      7.04189243     -0.98290724
1456  817         3.86230999      7.04424850     -0.97989036
1457  817         3.81440721      7.06224283     -0.94117796
1458  817         3.79651393      7.06560127     -0.87086563
1459  817         3.78272204      7.05325821     -0.79579468
1460  817         3.76136910      7.03311963     -0.74540377
1461  817         3.74514244      6.99701999     -0.69770704
1462  817         3.73914931      6.94497271     -0.64488816
1463  817         3.71113794      6.85184815     -0.59626272
1464  817         3.67093258      6.74056328     -0.56220828
1465  817         3.66168762      6.66632194     -0.53421126
1466  817         3.70377026      6.63750810     -0.51147089
1467  817         3.75068480      6.63946518     -0.49525787
1468  817         3.77845113      6.65333922     -0.47528005
1469  817         3.78139888      6.66780804     -0.42575492
1470  817         3.74733201      6.67437802     -0.33534292
1471  817         3.68572741      6.67054541     -0.23853001
1472  817         3.62519705      6.65723652     -0.15746184
1473  817         3.58803137      6.61539396     -0.09487521
1474  817         3.57139495      6.54313975     -0.03637762
1475  817         3.59240069      6.48024921     -0.01718830
1476  817         3.62505731      6.44006120     -0.03931085
1477  817         3.66311187      6.41794677     -0.08535160
1478  817         3.68626000      6.41545101     -0.12813503
1479  817         3.67360636      6.45114110     -0.15635749
1480  817         3.63440053      6.50595355     -0.17221175
1481  817         3.59157308      6.54738007     -0.16983498
1482  817         3.55843138      6.56561958     -0.16432751
1483  817         3.53091153      6.57675552     -0.13296347
1484  817         3.50662933      6.59640828     -0.08562390
1485  817         3.48466086      6.58614198     -0.04498481
1486  817         3.50385573      6.53714015     -0.03569010
1487  817         3.54841640      6.48171319     -0.06912235
1488  817         3.59120274      6.48680903     -0.12532162
1489  817         3.62661438      6.53791055     -0.17324916
1490  817         3.67024425      6.58364131     -0.21306808
1491  817         3.72832437      6.61259465     -0.23375094
1492  817         3.78945400      6.62310713     -0.24272972
1493  817         3.85135871      6.63632732     -0.26323918
1494  817         3.91836137      6.66062634     -0.29975834
1495  817         3.98360274      6.67262655     -0.35347395
1496  817         4.01408550      6.67012231     -0.40237502
1497  817         4.00488002      6.66274192     -0.42315930
1498  817         3.97301609      6.66535999     -0.38306213
1499  817         3.94676535      6.69211962     -0.29449761
1500  817         3.92375563      6.72601897     -0.19323144
1501  817         3.92236194      6.73225540     -0.11608089
1502  817         3.93844161      6.71058474     -0.05422321
1503  817         3.97979960      6.67230144      0.00744940
1504  817         4.03153245      6.62979674      0.06721717
1505  817         4.08073287      6.60908288      0.10912830
1506  817         4.12471983      6.62423970      0.13663411
1507  817         4.16310824      6.66808718      0.17495461
1508  817         4.18924987      6.72337923      0.22531132
1509  817         4.18444552      6.77385576      0.26254760
1510  817         4.17041690      6.79035133      0.27143374
1511  817         4.16208614      6.77475344      0.26279280
1512  817         4.17190114      6.75125732      0.24407516
1513  817         4.17327374      6.73601694      0.21764473
1514  817         4.16813193      6.72290165      0.18091599
1515  817         4.14702696      6.70559930      0.14291643
1516  817         4.12409583      6.67443527      0.11388290
1517  817         4.11161242      6.63399112      0.08702481
1518  817         4.09611121      6.61504009      0.04585657
1519  817         4.08738828      6.64249338      0.00650507
1520  817         4.08020722      6.70293886     -0.01814603
1521  817         4.07290688      6.72627045     -0.03985127
1522  817         4.05718507      6.68089261     -0.06836394
1523  817         4.03667650      6.58879417     -0.10791788
1524  817         4.00327892      6.50280896     -0.14495402
1525  817         3.94394246      6.45202665     -0.18462265
1526  817         3.86878755      6.43523246     -0.22442937
1527  817         3.81061654      6.43231028     -0.26030393
1528  817         3.77059825      6.43631296     -0.29203289
1529  817         3.75870826      6.45511566     -0.33353788
1530  817         3.79598747      6.47602714     -0.37426334
1531  817         3.87382751      6.47954981     -0.41430342
1532  817         3.98036084      6.47376496     -0.44689880
1533  817         4.07056328      6.47651911     -0.44066178
1534  817         4.11562780      6.50956773     -0.40007514
1535  817         4.12378003      6.56049105     -0.35249620
1536  817         4.13373820      6.60511295     -0.30566499
1537  817         4.15611995      6.63500537     -0.27137767
1538  817         4.18386799      6.67396917     -0.26789449
1539  817         4.19845408      6.71653577     -0.27232462
1540  817         4.19616122      6.74287225     -0.26551541
1541  817         4.18808214      6.71807216     -0.24862629
1542  817         4.18966557      6.66920490     -0.24468597
1543  817         4.20794990      6.60897149     -0.21435944
1544  817         4.20704668      6.55675747     -0.15755672
1545  817         4.19671766      6.52751632     -0.08788815
1546  817         4.20853523      6.53294907     -0.04176708
1547  817         4.26311606      6.56244294     -0.01528571
1548  817         4.32187717      6.60187825      0.01295176
1549  817         4.37638621      6.63860985      0.05125302
1550  817         4.41187894      6.66939686      0.10040724
1551  817         4.42675984      6.68468813      0.15850598
1552  817         4.44000046      6.69761169      0.22219975
1553  817         4.47640175      6.70357749      0.27513290
1554  817         4.54211836      6.70227530      0.31306976
1555  817         4.61603606      6.71237180      0.33349051
1556  817         4.69115407      6.74773962      0.34980538
1557  817         4.75974294      6.78732247      0.35388056
1558  817         4.80052464      6.81238868      0.35191744
1559  817         4.78225716      6.81044337      0.36002450
1560  817         4.72226325      6.78782286      0.37828991
1561  817         4.65826018      6.76033567      0.39675189
1562  817         4.61964846      6.73767809      0.41535938
1563  817         4.60254513      6.73211934      0.44739609
1564  817         4.61306625      6.72798591      0.47373602
1565  817         4.66319963      6.71309315      0.47414018
1566  817         4.73784150      6.70327356      0.44266622
1567  817         4.81505743      6.71002530      0.39714285
1568  817         4.84786400      6.74179890      0.35194689
1569  817         4.84831595      6.78382909      0.30764950
1570  817         4.85149934      6.81657901      0.25832328
1571  817         4.86955981      6.82407268      0.21586205
1572  817         4.89080964      6.81123437      0.20085633
1573  817         4.92200998      6.78201746      0.19390759
1574  817         4.99285725      6.77445026      0.17552004
1575  817         5.09887284      6.78754758      0.13136275
1576  817         5.21404558      6.79309659      0.07745686
1577  817         5.30490785      6.79410956      0.03503006
1578  817         5.36945375      6.79206231     -0.00114330
1579  817         5.41403446      6.78807464     -0.04172121
1580  817         5.43700648      6.79242501     -0.08284354
1581  817         5.45865199      6.80367597     -0.11656897
1582  817         5.47736671      6.79573282     -0.13893306
1583  817         5.49693645      6.75584738     -0.16228780
1584  817         5.54059325      6.72311028     -0.20625802
1585  817         5.62252980      6.71263165     -0.25495440
1586  817         5.71294417      6.71366026     -0.28988079
1587  817         5.78492973      6.71437781     -0.29653948
1588  817         5.82509411      6.73233722     -0.26897892
1589  817         5.82426084      6.78646583     -0.21093634
1590  817         5.80443290      6.84683338     -0.16618546
1591  817         5.80048079      6.87835413     -0.16976511
1592  817         5.80578731      6.88554544     -0.21532127
1593  817         5.81322906      6.88483145     -0.24942666
1594  817         5.80152636      6.86629050     -0.23858527
1595  817         5.77045382      6.82848975     -0.19651154
1596  817         5.75972284      6.80156250     -0.14643681
1597  817         5.78008366      6.82755807     -0.10581188
1598  817         5.81516773      6.89573848     -0.08613769
1599  817         5.85387886      6.97590550     -0.08414633
1600  817         5.90014303      7.03138134     -0.07739514
1601  817         5.95098748      7.06073226     -0.06898840
1602  817         6.00029095      7.09532435     -0.05993938
1603  817         6.03638239      7.14279774     -0.06342312
1604  817         6.04973661      7.18289866     -0.06121761
1605  817         6.02632495      7.20037749     -0.05040782
1606  817         6.01281622      7.22056133     -0.04915003
1607  817         6.01731859      7.25285593     -0.08780710
1608  817         6.00927111      7.27194656     -0.12675184
1609  817         5.99693774      7.28155903     -0.13181852
1610  817         6.00425056      7.31926552     -0.10945102
1611  817         6.03797806      7.38375154     -0.08805889
1612  817         6.07188054      7.44577269     -0.06621676
1613  817         6.06793506      7.48689672     -0.06468398
1614  817         6.01321712      7.52124262     -0.10515019
1615  817         5.93559685      7.53525452     -0.16874556
1616  817         5.86614399      7.51674259     -0.22770956
1617  817         5.82438031      7.47812742     -0.27177316
1618  817         5.79829405      7.45539810     -0.29617392
1619  817         5.79774347      7.45812054     -0.30143658
1620  817         5.82553017      7.47920435     -0.29530655
1621  817         5.86778593      7.50632944     -0.26829159
1622  817         5.90434959      7.53343513     -0.23360547
1623  817         5.92725812      7.56188692     -0.22727255
1624  817         5.91325076      7.59313176     -0.25016836
1625  817         5.82158976      7.60091779     -0.29658352
1626  817         5.71164259      7.60622997     -0.35645343
1627  817         5.65281106      7.59664928     -0.42536520
1628  817         5.63743591      7.59386416     -0.46150468
1629  817         5.61743025      7.61420001     -0.46731180
1630  817         5.59509284      7.63967228     -0.44838471
1631  817         5.58493982      7.64125773     -0.43774126
1632  817         5.58528126      7.61333512     -0.44025713
1633  817         5.57412372      7.56176112     -0.43735590
1634  817         5.55349352      7.50428489     -0.42360649
1635  817         5.53898474      7.45990801     -0.40947488
1636  817         5.52043524      7.41335499     -0.40772774
1637  817         5.49854164      7.33519777     -0.42762619
1638  817         5.49094141      7.24855414     -0.46158829
1639  817         5.52056887      7.18347815     -0.48785077
1640  817         5.56979008      7.16258111     -0.47566094
1641  817         5.60230402      7.16520610     -0.42354450
1642  817         5.60649520      7.17845384     -0.37652036
1643  817         5.58442282      7.16713262     -0.37478693
1644  817         5.53986758      7.10137852     -0.40979559
1645  817         5.48722836      7.02545739     -0.44079494
1646  817         5.46351910      6.99370319     -0.45368725
1647  817         5.46574355      7.00072617     -0.46324907
1648  817         5.47591401      7.01438839     -0.47515625
1649  817         5.48445152      7.01637416     -0.47307655
1650  817         5.49192245      7.02301469     -0.43754577
1651  817         5.50875195      7.04714975     -0.39402764
1652  817         5.54538346      7.06407750     -0.37926542
1653  817         5.58748647      7.05695475     -0.40254200
1654  817         5.63230509      7.02386500     -0.44957736
1655  817         5.68456882      6.99090722     -0.50522281
1656  817         5.73257285      6.99173582     -0.55603254
1657  817         5.75396036      7.01588853     -0.58971697
1658  817         5.74733014      7.04813990     -0.61763287
1659  817         5.71210422      7.07231630     -0.65379561
1660  817         5.67667955      7.09471550     -0.68497634
1661  817         5.66172646      7.12211513     -0.67578338
1662  817         5.66533510      7.13700501     -0.65059053
1663  817         5.67052731      7.12806167     -0.64252575
1664  817         5.67714166      7.11616642     -0.65291033
1665  817         5.65700748      7.11162085     -0.67379662
1666  817         5.59851129      7.11487670     -0.68986694
1667  817         5.53880063      7.13678134     -0.69602303
1668  817         5.52152833      7.20384975     -0.69603623
1669  817         5.53257117      7.30374298     -0.68596931
1670  817         5.52011608      7.40594465     -0.65632436
1671  817         5.45564073      7.50105282     -0.63006692
1672  817         5.36766353      7.59157657     -0.64387417
1673  817         5.30071545      7.64993646     -0.69133118
1674  817         5.27995643      7.65457096     -0.75945151
1675  817         5.29708393      7.62776903     -0.83099916
1676  817         5.34582652      7.59517012     -0.87233022
1677  817         5.41829224      7.58029702     -0.88458415
1678  817         5.49194063      7.58461366     -0.88723096
1679  817         5.54418700      7.59433492     -0.88738071
1680  817         5.53872635      7.63806385     -0.90600193
1681  817         5.48113806      7.73694060     -0.93685031
1682  817         5.41806282      7.85604672     -0.93820954
1683  817         5.38247448      7.94450234     -0.92805050
1684  817         5.38446199      7.99547357     -0.94363784
1685  817         5.43025582      8.01353134     -1.01231417
1686  817         5.50012971      7.99621622     -1.10281395
1687  817         5.56812810      7.95150041     -1.15170055
1688  817         5.61305945      7.92113762     -1.16609199
1689  817         5.64539061      7.91542154     -1.17419548
1690  817         5.67381782      7.92336836     -1.17181957
1691  817         5.69168882      7.94313618     -1.15931322
1692  817         5.68734017      7.98132131     -1.14799513
1693  817         5.67680813      8.03165689     -1.14714334
1694  817         5.71624974      8.07354283     -1.18097343
1695  817         5.80148819      8.10310552     -1.23329741
1696  817         5.90388754      8.13037280     -1.29204441
1697  817         5.98049315      8.15423420     -1.33216083
1698  817         6.00373676      8.15614539     -1.35558096
1699  817         5.98445833      8.12375255     -1.37970095
1700  817         5.94225981      8.07425367     -1.41166213
1701  817         5.89503232      8.01518831     -1.44675511
1702  817         5.81760208      7.94227621     -1.46806266
1703  817         5.71991514      7.87363350     -1.47390448
1704  817         5.64165146      7.84115555     -1.47494981
1705  817         5.60775244      7.82154593     -1.48537778
1706  817         5.60951117      7.78618845     -1.49799525
1707  817         5.63004733      7.74286350     -1.49607439
1708  817         5.65684008      7.69871308     -1.49362802
1709  817         5.68598200      7.64998248     -1.51849097
1710  817         5.72240747      7.58411011     -1.58273223
1711  817         5.76085038      7.51741056     -1.67040085
1712  817         5.77211611      7.45836786     -1.74912009
1713  817         5.72637023      7.41090213     -1.82878237
1714  817         5.65231217      7.39193398     -1.91588095
1715  817         5.62765695      7.39526602     -1.99466344
1716  817         5.69285967      7.38927640     -2.04489823
1717  817         5.81391883      7.36400888     -2.08941698
1718  817         5.91866931      7.31472962     -2.12560839
1719  817         5.97314244      7.25083359     -2.16562307
1720  817         5.99280135      7.19160045     -2.21579622
1721  817         6.00048177      7.15425798     -2.27289908
1722  817         5.98004839      7.13137698     -2.35944074
1723  817         5.94595658      7.08926048     -2.43852798
1724  817         5.93980449      7.05089865     -2.49363192
1725  817         6.00936704      7.02222531     -2.52570132
1726  817         6.13953018      6.99569148     -2.55458233
1727  817         6.26754101      6.96441134     -2.59743225
1728  817         6.33974012      6.90434394     -2.67803400
1729  817         6.36032508      6.83227339     -2.78774041
1730  817         6.35308757      6.78601880     -2.87559670
1731  817         6.33449415      6.76554132     -2.93583722
1732  817         6.32200278      6.73915921     -2.98611586
1733  817         6.32183223      6.67972144     -3.04716703
1734  817         6.33786284      6.60190066     -3.12031391
1735  817         6.37767701      6.52803347     -3.17867967
1736  817         6.45381866      6.44337891     -3.20434001
1737  817         6.53861735      6.34084008     -3.21534836
1738  817         6.59699944      6.24633827     -3.23109439
1739  817         6.61211831      6.20117492     -3.25816423
1740  817         6.60675856      6.18017871     -3.27161688
1741  817         6.59934591      6.14939366     -3.26865203
1742  817         6.59172506      6.13699698     -3.27239078
1743  817         6.57541461      6.09857886     -3.30313885
1744  817         6.58347190      6.02793396     -3.34842936
1745  814         7.01541478      7.95696413     -1.90020869
1746  814         6.98290167      7.94616659     -1.98047288
1747  814         6.93410356      7.94256434     -2.05375480
1748  814         6.86853667      7.94885408     -2.12357578
1749  814         6.80822336      7.94116515     -2.17660431
1750  814         6.75701406      7.90518718     -2.19360505
1751  814         6.71491581      7.84022717     -2.18069996
1752  814         6.67142514      7.76023921     -2.15405281
1753  814         6.62586315      7.67441942     -2.12607145
1754  814         6.58297313      7.58825829     -2.09541156
1755  814         6.54888659      7.51616718     -2.06044377
1756  814         6.53446400      7.46810305     -2.02803576
1757  814         6.54766214      7.43528680     -2.01456730
1758  814         6.58279619      7.39352733     -2.02040072
1759  814         6.61737056      7.34550698     -2.04306571
1760  814         6.63880180      7.31303228     -2.05880990
1761  814         6.64130546      7.30475585     -2.05181421
1762  814         6.63424704      7.30612187     -2.02878123
1763  814         6.61059902      7.29315173     -2.02206039
1764  814         6.57774612      7.26483448     -2.05937304
1765  814         6.57281590      7.21849156     -2.12341540
1766  814         6.62765965      7.14131597     -2.16624862
1767  814         6.72826388      7.04165081     -2.15647444
1768  814         6.83085602      6.95538913     -2.10803572
1769  814         6.87330819      6.89306103     -2.05015696
1770  814         6.83752440      6.87376249     -2.01208092
1771  814         6.76890232      6.90094388     -1.99809914
1772  814         6.71579221      6.92420491     -1.98242047
1773  814         6.70871300      6.91946951     -1.95127366
1774  814         6.73684921      6.89673828     -1.91307415
1775  814         6.78198429      6.86561462     -1.87545622
1776  814         6.82156664      6.83105490     -1.83615229
1777  814         6.85133287      6.79564404     -1.80978271
1778  814         6.87754496      6.76027659     -1.80892204
1779  814         6.89769010      6.72431109     -1.84184996
1780  814         6.90232203      6.69752699     -1.87034127
1781  814         6.90491671      6.69308883     -1.84505727
1782  814         6.90173248      6.69842341     -1.76968774
1783  814         6.89031651      6.69503585     -1.71267727
1784  814         6.88745427      6.68306433     -1.70465345
1785  814         6.90699460      6.67999752     -1.72270299
1786  814         6.94180749      6.67961361     -1.74936940
1787  814         6.96747232      6.65304752     -1.77709416
1788  814         6.97896442      6.60675604     -1.80029465
1789  814         7.00324364      6.57232644     -1.80681969
1790  814         7.05091673      6.54824844     -1.79630867
1791  814         7.09835088      6.53541002     -1.77395391
1792  814         7.11509967      6.54072191     -1.74149249
1793  814         7.09420239      6.55085020     -1.69429313
1794  814         7.06898063      6.57073283     -1.63941683
1795  814         7.07126315      6.59902263     -1.58901785
1796  814         7.11473786      6.62632825     -1.55473061
1797  814         7.17393880      6.64717437     -1.55354572
1798  814         7.23619547      6.66263208     -1.57320500
1799  814         7.28271180      6.68773648     -1.59796157
1800  814         7.30472079      6.72173425     -1.61672253
1801  814         7.30977794      6.76008238     -1.61509964
1802  814         7.28315143      6.80215954     -1.59353930
1803  814         7.22677746      6.85645257     -1.58704568
1804  814         7.15039685      6.90906878     -1.59735358
1805  814         7.06987183      6.94258102     -1.61164603
1806  814         7.01207850      6.94750616     -1.59948109
1807  814         7.00673831      6.93470650     -1.57974200
1808  814         7.05877552      6.91720435     -1.57267995
1809  814         7.12227024      6.90187884     -1.58831346
1810  814         7.17474824      6.88112812     -1.60467623
1811  814         7.20334928      6.84687700     -1.60575136
1812  814         7.20707088      6.81291444     -1.58927514
1813  814         7.18979232      6.80292306     -1.56945745
1814  814         7.15750199      6.81604189     -1.55240214
1815  814         7.11384523      6.83888708     -1.54384016
1816  814         7.07581701      6.86866185     -1.55975542
1817  814         7.04910658      6.90650096     -1.58906040
1818  814         7.03033757      6.95604455     -1.62022256
1819  814         7.00782600      6.98615841     -1.65178379
1820  814         6.98508598      6.99828263     -1.68159695
1821  814         6.94769984      7.02479635     -1.70223445
1822  814         6.90509891      7.07899570     -1.71377865
1823  814         6.88755699      7.12658911     -1.73041879
1824  814         6.89180630      7.13965167     -1.75528791
1825  814         6.91657516      7.14083066     -1.78143825
1826  814         6.96299839      7.15751941     -1.81249321
1827  814         7.03672122      7.18657597     -1.86055809
1828  814         7.11423057      7.20900273     -1.91400231
1829  814         7.16916965      7.22904434     -1.96627273
1830  814         7.18697017      7.28397200     -1.99474555
1831  814         7.18037968      7.37095108     -2.02859940
1832  814         7.18501660      7.43777777     -2.08869173
1833  814         7.21362868      7.44364323     -2.15564175
1834  814         7.26170907      7.41551445     -2.19436910
1835  814         7.31390246      7.38455288     -2.19464650
1836  814         7.37212605      7.35332170     -2.16163180
1837  814         7.40034786      7.31556154     -2.10488604
1838  814         7.39410207      7.26781306     -2.05620953
1839  814         7.36862521      7.22951388     -2.03455803
1840  814         7.35614915      7.20279126     -2.05865239
1841  814         7.36408294      7.16456665     -2.10492398
1842  814         7.38844337      7.11332559     -2.14033050
1843  814         7.42379893      7.06986697     -2.13378460
1844  814         7.44923921      7.02649077     -2.09573035
1845  814         7.45773064      6.96428386     -2.05143158
1846  814         7.44111754      6.88929805     -2.01821770
1847  814         7.42114798      6.84361693     -1.98674034
1848  814         7.38491715      6.82669458     -1.93055485
1849  814         7.34441404      6.82383605     -1.88339562
1850  814         7.31608083      6.80695973     -1.88316626
1851  814         7.32043635      6.76328442     -1.92711585
1852  814         7.35610040      6.69607154     -1.96560660
1853  814         7.41467389      6.62754615     -1.98185214
1854  814         7.48096410      6.59445243     -1.98199696
1855  814         7.53493672      6.60894203     -1.96404701
1856  814         7.58655722      6.64963169     -1.94865607
1857  814         7.62303154      6.68489185     -1.94446237
1858  814         7.67738916      6.70681047     -1.95040920
1859  814         7.72269379      6.73178370     -1.95447541
1860  814         7.74486992      6.76783547     -1.96874317
1861  814         7.72793330      6.81679972     -1.99394128
1862  814         7.71825831      6.87456756     -2.02532861
1863  814         7.73131867      6.93110389     -2.03335116
1864  814         7.74677044      6.98207710     -2.01410699
1865  814         7.73715543      7.02243068     -1.99030100
1866  814         7.69777722      7.04743354     -1.97168364
1867  814         7.66060560      7.05759045     -1.97008451
1868  814         7.62896742      7.04624778     -1.99725872
1869  814         7.60531257      7.01273124     -2.05818642
1870  814         7.58076728      6.96893217     -2.12825158
1871  814         7.56335149      6.92428440     -2.17094337
1872  814         7.52301486      6.87974266     -2.19269415
1873  814         7.46995619      6.83267206     -2.21542807
1874  814         7.42263699      6.78303988     -2.20989883
1875  814         7.40683172      6.74943533     -2.14554012
1876  814         7.41973784      6.74248987     -2.05777176
1877  814         7.44998123      6.76155362     -1.99211654
1878  814         7.46352761      6.77227339     -1.95934836
1879  814         7.43643451      6.74692795     -1.94972353
1880  814         7.37081301      6.69286434     -1.96105226
1881  814         7.29305535      6.64018524     -1.96727119
1882  814         7.26869265      6.62559223     -1.94792422
1883  814         7.29726520      6.65814222     -1.91333511
1884  814         7.35482016      6.68804183     -1.86431080
1885  814         7.40919637      6.68757098     -1.81792905
1886  814         7.43764209      6.66805872     -1.78474279
1887  814         7.42193937      6.64684928     -1.74730647
1888  814         7.37406358      6.63860710     -1.72080949
1889  814         7.32038184      6.63013492     -1.70912249
1890  814         7.28985449      6.59058297     -1.70514102
1891  814         7.26798112      6.53831414     -1.69451583
1892  814         7.24497307      6.50635107     -1.67585015
1893  814         7.21936774      6.49534763     -1.64828531
1894  814         7.19535456      6.48346418     -1.63045896
1895  814         7.18570023      6.44955448     -1.63698328
1896  814         7.17592027      6.40581477     -1.66727209
1897  814         7.16473130      6.37141816     -1.70713045
1898  814         7.14137934      6.35831846     -1.71357353
1899  814         7.13061466      6.37044394     -1.69224778
1900  814         7.11545735      6.37502633     -1.65817248
1901  814         7.10490725      6.38192025     -1.64044672
1902  814         7.09238168      6.40020493     -1.60535909
1903  814         7.08075134      6.41227819     -1.55679420
1904  814         7.07082377      6.39242811     -1.51607866
1905  814         7.07593584      6.34672146     -1.52417331
1906  814         7.10202887      6.30130301     -1.54647779
1907  814         7.13030150      6.27900145     -1.56219036
1908  814         7.14118120      6.27049259     -1.58840498
1909  814         7.14670158      6.27281813     -1.63668653
1910  814         7.17082158      6.28229207     -1.68614382
1911  814         7.20397881      6.29636069     -1.69797337
1912  814         7.23338539      6.32667199     -1.68305055
1913  814         7.26611889      6.36551164     -1.65837885
1914  814         7.30237326      6.39938228     -1.66009615
1915  814         7.34226280      6.40110403     -1.69867746
1916  814         7.37859181      6.35641789     -1.76325129
1917  814         7.45413303      6.28356098     -1.81933813
1918  814         7.61073131      6.22456240     -1.83261638
1919  814         7.78806568      6.20668617     -1.80567731
1920  814         7.90402393      6.22116953     -1.75007718
1921  814         7.94973588      6.25582032     -1.69451615
1922  814         7.96977964      6.30431292     -1.66351171
1923  814         7.98601179      6.35389090     -1.67740445
1924  814         7.98109011      6.38919569     -1.72862255
1925  814         7.96544102      6.39908637     -1.77347620
1926  814         7.96227831      6.39777783     -1.78774058
1927  814         7.98532417      6.38609192     -1.78689817
1928  814         8.02031465      6.37605657     -1.76694095
1929  814         8.05581030      6.38022367     -1.71409210
1930  814         8.09439184      6.39395746     -1.65015675
1931  814         8.14888055      6.40960752     -1.60451000
1932  814         8.22498158      6.42978396     -1.57617656
1933  814         8.29741440      6.44268340     -1.54841086
1934  814         8.33393075      6.45596141     -1.52875646
1935  814         8.33090353      6.48301958     -1.51952987
1936  814         8.31687584      6.51957517     -1.51514588
1937  814         8.31186497      6.54572648     -1.50861544
1938  814         8.31131789      6.55249050     -1.50734015
1939  814         8.32146562      6.55670926     -1.50269318
1940  814         8.33221809      6.56214847     -1.50480927
1941  814         8.31747144      6.59115621     -1.50821070
1942  814         8.27539776      6.64489597     -1.50115657
1943  814         8.25085933      6.69255979     -1.48547055
1944  814         8.26388516      6.69524518     -1.49299636
1945  814         8.26798440      6.68107711     -1.54133813
1946  814         8.26040802      6.67476483     -1.62503909
1947  814         8.24175395      6.67450090     -1.70361209
1948  814         8.20942128      6.65578505     -1.75258424
1949  814         8.19313363      6.62660610     -1.75884934
1950  814         8.21487153      6.60346864     -1.72150309
1951  814         8.24496129      6.59430907     -1.67434744
1952  814         8.26855553      6.59802634     -1.60898889
1953  814         8.27482618      6.61273362     -1.55983124
1954  814         8.23484573      6.63739011     -1.54054283
1955  814         8.17871284      6.68435589     -1.53289697
1956  814         8.14812875      6.73443172     -1.53283148
1957  814         8.14846592      6.74069000     -1.55637770
1958  814         8.16446626      6.71252646     -1.62096413
1959  814         8.17648960      6.69642443     -1.70474364
1960  814         8.16284078      6.68400384     -1.79506446
1961  814         8.12338544      6.67823682     -1.85468416
1962  814         8.10255765      6.68770809     -1.87758098
1963  814         8.08622770      6.70156027     -1.88373294
1964  814         8.05568894      6.72678478     -1.89267879
1965  814         8.03942124      6.76134624     -1.91151324
1966  814         8.06325171      6.78490409     -1.93496316
1967  814         8.09444822      6.80144983     -1.96632518
1968  814         8.10925014      6.81944919     -2.01495781
1969  814         8.12205033      6.83790721     -2.05632651
1970  814         8.16950737      6.84276055     -2.08010985
1971  814         8.24318231      6.83198861     -2.11135629
1972  814         8.27055870      6.83845996     -2.15609427
1973  814         8.27197399      6.87374343     -2.23354641
1974  814         8.27856485      6.90058304     -2.31211152
1975  814         8.29122835      6.90495135     -2.35853105
1976  814         8.31510659      6.87028233     -2.38144648
1977  814         8.35955211      6.82366187     -2.38884659
1978  814         8.39287172      6.79055072     -2.41766846
1979  814         8.35116887      6.79182471     -2.48844766
1980  814         8.31438901      6.81248392     -2.55269155
1981  814         8.31921202      6.83007516     -2.57580641
1982  814         8.32466718      6.83437756     -2.58365267
1983  814         8.34293848      6.83538825     -2.57859233
1984  814         8.36026636      6.84106429     -2.56245592
1985  814         8.36783876      6.84726129     -2.54737181
1986  814         8.33097420      6.84870473     -2.53367909
1987  814         8.26507176      6.85497704     -2.52060697
1988  814         8.22877928      6.86202525     -2.50905464
1989  814         8.26518364      6.85320956     -2.52379296
1990  814         8.34780004      6.83524819     -2.56277088
1991  814         8.42321650      6.83142148     -2.59823460
1992  814         8.45914136      6.83852218     -2.63600048
1993  814         8.47824438      6.84922788     -2.69744567
1994  814         8.50556475      6.86853440     -2.77730314
1995  814         8.56181043      6.87278838     -2.83892279
1996  814         8.61025789      6.87144866     -2.87947747
1997  814         8.60911739      6.88616733     -2.91299276
1998  814         8.59951167      6.89664519     -2.94781431
1999  814         8.60135180      6.87352012     -2.98156818
2000  814         8.61554614      6.85194874     -2.99735983
2001  814         8.62822405      6.86107665     -2.98903454
2002  814         8.68917611      6.83357448     -2.97205476
2003  814         8.78365309      6.81271583     -2.99335191
2004  814         8.87564701      6.82038450     -3.05815293
2005  814         8.91669239      6.82366355     -3.13091936
2006  799        10.09010829      4.98560780     -1.70762386
2007  799        10.07404934      4.98626288     -1.65610070
2008  799        10.03747166      5.02883384     -1.63631214
2009  799        10.00411152      5.08612299     -1.60642768
2010  799        10.01127726      5.10987297     -1.54312516
2011  799        10.07083211      5.12450035     -1.46737922
2012  799        10.10472418      5.17957901     -1.42344089
2013  799        10.10915147      5.23152797     -1.42116123
2014  799        10.10909368      5.24014970     -1.46677021
2015  799        10.13039387      5.24175177     -1.52849600
2016  799        10.16349187      5.29320173     -1.57158474
2017  799        10.21015615      5.39393035     -1.60761597
2018  799        10.25004873      5.50728825     -1.63394486
2019  799        10.29177606      5.57453357     -1.64873785
2020  799        10.35253479      5.57632586     -1.64857330
2021  799        10.44379029      5.57022915     -1.63510717
2022  799        10.53420220      5.59348209     -1.63604165
2023  799        10.60065763      5.63841636     -1.63930131
2024  799        10.62789540      5.70826616     -1.65642195
2025  799        10.62925039      5.79894010     -1.71833700
2026  799        10.63633284      5.89815811     -1.77493892
2027  799        10.66091684      5.96520570     -1.78972814
2028  799        10.67263689      5.96211405     -1.76639306
2029  799        10.65089284      5.92344165     -1.72218387
2030  799        10.60652335      5.90166694     -1.66857390
2031  799        10.55703807      5.92268271     -1.61296532
2032  799        10.49606713      5.98560174     -1.62943199
2033  799        10.39361092      6.06738987     -1.70798431
2034  799        10.27898184      6.13476100     -1.77080176
2035  799        10.20341032      6.17834496     -1.76815637
2036  799        10.16229563      6.20186335     -1.72428049
2037  799        10.13431937      6.21264758     -1.69238872
2038  799        10.09592753      6.20363792     -1.67574804
2039  799        10.05553676      6.17939678     -1.65052971
2040  799        10.02324107      6.17486875     -1.60669969
2041  799         9.97890391      6.21117636     -1.57009332
2042  799         9.90449967      6.26872757     -1.57055187
2043  799         9.82163430      6.29129763     -1.58886609
2044  799         9.74820886      6.28008699     -1.57154776
2045  799         9.68835197      6.25386976     -1.50385532
2046  799         9.63775490      6.23178817     -1.42251845
2047  799         9.59394238      6.19508684     -1.36293697
2048  799         9.55591330      6.13913499     -1.27854419
2049  799         9.53817412      6.09678019     -1.16367161
2050  799         9.53906348      6.08101629     -1.03607218
2051  799         9.54630865      6.08507957     -0.91032958
2052  799         9.53848761      6.09913017     -0.81978828
2053  799         9.52456561      6.13224621     -0.77833851
2054  799         9.51759059      6.18053144     -0.77394464
2055  799         9.53444139      6.23211363     -0.75776817
2056  799         9.58724022      6.27796779     -0.68853769
2057  799         9.63286042      6.31964729     -0.57649316
2058  799         9.63088237      6.35324341     -0.48390272
2059  799         9.61680048      6.38461348     -0.42660201
2060  799         9.64479417      6.42087552     -0.36874477
2061  799         9.71760621      6.49540923     -0.29798188
2062  799         9.83065683      6.60834633     -0.23728139
2063  799         9.94149621      6.69442342     -0.21973009
2064  799        10.04299094      6.74065789     -0.26719308
2065  799        10.13936794      6.74932240     -0.32704488
2066  799        10.24914583      6.76127124     -0.35034278
2067  799        10.36368745      6.80238985     -0.35152403
2068  799        10.47825654      6.86167545     -0.34593782
2069  799        10.59991957      6.90340036     -0.35439051
2070  799        10.72215305      6.91231735     -0.36532755
2071  799        10.80378806      6.92315013     -0.38686101
2072  799        10.81221737      6.95433573     -0.41640099
2073  799        10.80716389      6.99487639     -0.45540760
2074  799        10.82905698      7.03300623     -0.49783734
2075  799        10.86611697      7.06653034     -0.55768934
2076  799        10.89043259      7.08683012     -0.60992555
2077  799        10.91193768      7.08178422     -0.63968146
2078  799        10.93124534      7.05079412     -0.64660107
2079  799        10.98792720      7.00294456     -0.62977510
2080  799        11.07457793      6.94438521     -0.60121869
2081  799        11.13753207      6.89840067     -0.58115697
2082  799        11.14904661      6.86569982     -0.55036911
2083  799        11.13543543      6.84297663     -0.51010522
2084  799        11.16093353      6.83615553     -0.49170741
2085  799        11.21359216      6.84257109     -0.47995891
2086  799        11.26033934      6.89340945     -0.45117888
2087  799        11.29996401      6.95237621     -0.42660025
2088  799        11.35413582      6.97604025     -0.39894673
2089  799        11.41437751      6.95375478     -0.34496547
2090  799        11.46508567      6.92727731     -0.27072141
2091  799        11.48951923      6.92359748     -0.19355224
2092  799        11.50474890      6.93320355     -0.12124974
2093  799        11.52217608      6.97126054     -0.05348854
2094  799        11.53387174      7.05275337     -0.01455802
2095  799        11.53705700      7.16868219      0.00171139
2096  799        11.52767722      7.28218907      0.00327209
2097  799        11.50732407      7.35765429      0.02840311
2098  799        11.49394434      7.39436055      0.06568397
2099  799        11.49408448      7.44152842      0.10255816
2100  799        11.49542508      7.53129058      0.12480123
2101  799        11.49844580      7.63469116      0.12585547
2102  799        11.52643968      7.71201686      0.13955714
2103  799        11.56580082      7.73112787      0.17621393
2104  799        11.60654377      7.70741589      0.23150326
2105  799        11.64662043      7.67723596      0.27734926
2106  799        11.70817142      7.65788859      0.31505005
2107  799        11.77403637      7.64504488      0.35710036
2108  799        11.79791148      7.61722221      0.42266862
2109  799        11.79149691      7.57722591      0.49619399
2110  799        11.77671041      7.55617399      0.55547916
2111  799        11.75162938      7.57394796      0.60353521
2112  799        11.70440523      7.61290433      0.64554806
2113  799        11.63591648      7.66873783      0.66155131
2114  799        11.55932900      7.71392964      0.68216127
2115  799        11.52620659      7.75458841      0.70465665
2116  799        11.53661040      7.81601409      0.71952573
2117  799        11.56784532      7.88918138      0.75201151
2118  799        11.60023952      7.94774976      0.79112815
2119  799        11.63414205      7.98589257      0.81960639
2120  799        11.67293825      8.01885870      0.82875576
2121  799        11.70986543      8.05458564      0.81486748
2122  799        11.75006033      8.08848249      0.76466708
2123  799        11.76425614      8.12490256      0.69712601
2124  799        11.74630947      8.16554697      0.64885899
2125  799        11.73427619      8.21524819      0.65288295
2126  799        11.77343445      8.27624518      0.69871179
2127  799        11.85034459      8.34919213      0.76928715
2128  799        11.91412573      8.43282528      0.85040009
2129  799        11.92158016      8.50876232      0.90671010
2130  799        11.89481428      8.55453847      0.94098924
2131  799        11.86782470      8.55528397      0.96528167
2132  799        11.84673294      8.52844709      0.96983430
2133  799        11.82002864      8.49691600      0.92025055
2134  799        11.80865662      8.48805121      0.85268582
2135  799        11.81678570      8.52218006      0.78571222
2136  799        11.80912699      8.58262504      0.70404479
2137  799        11.77526212      8.65354262      0.62152188
2138  799        11.69866596      8.69055563      0.56848286
2139  799        11.57365310      8.70420675      0.53767027
2140  799        11.46725250      8.72380740      0.52429562
2141  799        11.41315371      8.77462307      0.52017606
2142  799        11.38229832      8.85365241      0.51338160
2143  799        11.34867897      8.94477364      0.49387292
2144  799        11.32671919      9.03716609      0.48660146
2145  799        11.30729671      9.13445551      0.51048639
2146  799        11.26433136      9.23413334      0.54011644
2147  799        11.19441260      9.33160009      0.54684739
2148  799        11.11587435      9.41619222      0.54392629
2149  799        11.03883917      9.46746370      0.53763407
2150  799        10.95721309      9.49008323      0.52492648
2151  799        10.88380114      9.47609218      0.49838799
2152  799        10.82144302      9.46182778      0.46942287
2153  799        10.79304978      9.50576812      0.41589193
2154  799        10.80478214      9.61289028      0.34797845
2155  799        10.82023297      9.73755962      0.29321084
2156  799        10.80087376      9.84129372      0.27034802
2157  799        10.75649048      9.91245424      0.28215837
2158  799        10.69691750      9.96658743      0.29165995
2159  799        10.63147164      9.98790580      0.27774218
2160  799        10.57663490      9.99210560      0.24503498
2161  799        10.52664448      9.99200598      0.23062711
2162  799        10.48230079      9.99006781      0.22264983
2163  799        10.45874860      9.98147271      0.19673213
2164  799        10.47633274      9.97612281      0.17059365
2165  799        10.50820892      9.99415742      0.16684985
2166  799        10.53101689     10.02315662      0.18378604
2167  799        10.52822300     10.04861582      0.21939559
2168  799        10.52052303     10.06664182      0.23749602
2169  799        10.51131057     10.08081157      0.25734506
2170  799        10.47801106     10.08571868      0.28986467
2171  799        10.42805413     10.07265329      0.32055602
2172  799        10.39325164     10.04529763      0.34876675
2173  799        10.40104523     10.02463742      0.36615584
2174  799        10.43846397      9.99496437      0.36338593
2175  799        10.50654457      9.96316590      0.34351694
2176  799        10.55195978      9.94261795      0.35886281
2177  799        10.53658002      9.92862432      0.39743410
2178  799        10.50826749      9.90144680      0.43644371
2179  799        10.55338722      9.86174446      0.45944455
2180  799        10.66098126      9.80323933      0.46137777
2181  799        10.74845456      9.73448163      0.47055415
2182  799        10.76814923      9.66581267      0.47936582
2183  799        10.73462503      9.61545293      0.47244147
2184  799        10.68052105      9.62655989      0.45566881
2185  799        10.62258478      9.69439786      0.44047435
2186  799        10.61114424      9.75694962      0.40728744
2187  799        10.66063341      9.75515207      0.37096455
2188  799        10.73944034      9.72566638      0.34835153
2189  799        10.80498265      9.69778489      0.34265606
2190  799        10.84887810      9.66465276      0.34074713
2191  799        10.87970258      9.61764183      0.33411100
2192  799        10.88563789      9.58181031      0.31741172
2193  799        10.87377522      9.57070812      0.28550758
2194  799        10.88328093      9.55400144      0.26183188
2195  799        10.93641994      9.51879166      0.22938276
2196  799        10.97765098      9.47582040      0.19785317
2197  799        10.97085208      9.43049393      0.18431915
2198  799        10.95186565      9.38790873      0.20102512
2199  799        10.92967037      9.35488757      0.23190634
2200  799        10.88000657      9.33397515      0.28214950
2201  799        10.80600786      9.32784100      0.34607361
2202  799        10.74797002      9.35591213      0.38347505
2203  799        10.72714989      9.40043920      0.41290560
2204  799        10.72989688      9.43869016      0.45188334
2205  799        10.73693808      9.48371089      0.50446155
2206  799        10.72923865      9.53154223      0.56341416
2207  799        10.73289379      9.53952578      0.63219121
2208  799        10.77405994      9.52057460      0.69053551
2209  799        10.84096422      9.49390645      0.73097483
2210  799        10.91156276      9.47076298      0.73594459
2211  799        10.96529782      9.45208775      0.71425844
2212  799        11.00536562      9.45006723      0.68708469
2213  799        11.02932487      9.47668853      0.66337514
2214  799        11.03114047      9.52681564      0.65692736
2215  799        11.01239336      9.58402757      0.66939692
2216  799        10.99212598      9.61446685      0.69678287
2217  799        10.98507505      9.62950203      0.73934429
2218  799        10.97998337      9.64556469      0.79214625
2219  799        10.96095601      9.67850856      0.84419644
2220  799        10.93593003      9.71695708      0.87693575
2221  799        10.92719135      9.74990164      0.89248392
2222  799        10.94535415      9.78108143      0.87119890
2223  799        10.98685481      9.82553991      0.83097131
2224  799        11.03650270      9.89511316      0.79571373
2225  799        11.08473422      9.97788267      0.76509049
2226  799        11.10172020     10.05644752      0.72659336
2227  799        11.09995710     10.10064475      0.70144528
2228  799        11.10232548     10.11090065      0.72100919
2229  799        11.11521432     10.09585883      0.77220944
2230  799        11.13854870     10.06766964      0.81718864
2231  799        11.17083477     10.04061538      0.84307120
2232  799        11.22143176     10.03436412      0.85042024
2233  799        11.28640186     10.05505784      0.83589217
2234  799        11.35230790     10.08964920      0.81365275
2235  799        11.38385638     10.13466544      0.79132807
2236  799        11.37481993     10.18084600      0.76852410
2237  799        11.34873763     10.22333231      0.73635804
2238  799        11.32287521     10.24029531      0.69954721
2239  799        11.29439393     10.21235393      0.65439685
2240  799        11.27562879     10.15175720      0.62430397
2241  799        11.27806886     10.11198077      0.62247271
2242  799        11.30799931     10.10371702      0.64100155
2243  799        11.34537841     10.11357990      0.66058087
2244  799        11.37452345     10.13123975      0.66292058
2245  799        11.40950748     10.14229956      0.64917216
2246  799        11.44319025     10.13251061      0.61118095
2247  799        11.47065110     10.09538692      0.56619990
2248  799        11.46909914     10.05296317      0.53104421
2249  799        11.45965291     10.01627167      0.52311783
2250  799        11.46241112      9.97505147      0.53507291
2251  799        11.48467725      9.92009405      0.54944989
2252  799        11.49841825      9.86777200      0.56579035
2253  799        11.49796132      9.82253802      0.59291337
2254  799        11.48941823      9.77494548      0.64268454
2255  799        11.47892648      9.72448386      0.68498780
2256  799        11.45239572      9.69258535      0.70015139
2257  799        11.40846160      9.67375437      0.68493582
2258  799        11.36443902      9.65695403      0.67544456
2259  799        11.32645218      9.64179120      0.68560755
2260  799        11.30223805      9.62820796      0.72668008
2261  799        11.26737711      9.59243672      0.77501499
2262  799        11.22789824      9.53634190      0.81293544
2263  799        11.20314958      9.48830645      0.82749408
2264  799        11.20212579      9.44923112      0.83043339
2265  799        11.19356333      9.40853267      0.85146860
2266  799        11.17852373      9.36663470      0.87826221
2267  799        11.15994858      9.34044144      0.90628911
2268  799        11.14205482      9.34301933      0.92376827
2269  799        11.10429419      9.37379559      0.95355934
2270  799        11.05596067      9.41515797      0.98952714
2271  799        11.04938073      9.43938149      1.03891779
2272  799        11.07432187      9.45705104      1.08146728
2273  799        11.10425503      9.45776688      1.07498389
2274  799        11.12549741      9.43130233      1.04244421
2275  799        11.15490517      9.39947650      1.02655593
2276  799        11.16682351      9.38168803      1.05092131
2277  799        11.15733260      9.39906094      1.08146975
2278  799        11.14370036      9.43541803      1.09781298
2279  799        11.15140237      9.48489355      1.07784993
2280  799        11.17151917      9.55012646      1.01941860
2281  799        11.18067709      9.62929050      0.93986517
2282  799        11.16630497      9.69375700      0.87418971
2283  799        11.14013011      9.70468734      0.82473016
2284  799        11.11312087      9.65859961      0.78223999
2285  799        11.08512299      9.58204138      0.75097502
2286  799        11.09015826      9.49438672      0.72968016
2287  799        11.13066150      9.43409728      0.74633008
2288  799        11.16742333      9.43604009      0.78483794
2289  799        11.16594825      9.47807983      0.84662013
2290  799        11.15431833      9.52282152      0.90575213
2291  799        11.16586857      9.53850322      0.94119429
2292  799        11.18349095      9.52477645      0.93978185
2293  799        11.18506999      9.49047795      0.90475892
2294  799        11.16045913      9.47720610      0.85647088
2295  799        11.12263364      9.50137980      0.83153817
2296  799        11.08949829      9.53996775      0.84995121
2297  799        11.07007473      9.56537055      0.86433583
2298  799        11.04714758      9.56636831      0.83460624
2299  799        11.03332585      9.56213476      0.76928098
2300  799        11.02241147      9.54651289      0.72208749
2301  799        11.02839224      9.51433981      0.71223621
2302  799        11.05088539      9.47277913      0.71579653
2303  799        11.06543508      9.42207889      0.70521510
2304  799        11.06371707      9.36424552      0.69458900
2305  799        11.04033627      9.30568206      0.70608523
2306  799        10.99102354      9.25918421      0.70759765
2307  799        10.90447418      9.21460857      0.67639532
2308  799        10.78939709      9.17037207      0.63916692
2309  799        10.66530784      9.13059659      0.66223877
2310  799        10.55552895      9.11001098      0.71143072
2311  799        10.46545415      9.10361254      0.73666665
2312  799        10.39514761      9.10720256      0.74226508
2313  799        10.34575645      9.10375353      0.73228896
2314  799        10.32899202      9.10114958      0.71006754
2315  799        10.35490632      9.10789437      0.67778552
2316  799        10.38852818      9.12987637      0.64727943
2317  799        10.39026002      9.14154129      0.60612576
2318  799        10.34520855      9.12662914      0.54125691
2319  799        10.27523573      9.10070743      0.48847061
2320  799        10.22608000      9.07664597      0.48015373
2321  799        10.19072271      9.05274531      0.50244983
2322  799        10.14551134      9.04458993      0.52253054
2323  799        10.08431897      9.06494901      0.55520602
2324  799        10.03000770      9.10439793      0.61443027
2325  799        10.00597174      9.14415740      0.65851150
2326  799         9.99468424      9.15700704      0.62850103
2327  799        10.00235594      9.14603974      0.52595910
2328  799         9.99205779      9.13081202      0.39119460
2329  799         9.96888506      9.11870331      0.28380030
2330  799         9.94699749      9.13203612      0.22751617
2331  799         9.94770727      9.16268646      0.22743610
2332  799         9.94989444      9.18067626      0.26479458
2333  799         9.95092718      9.16668787      0.30630620
2334  799         9.99523000      9.13786175      0.33170945
2335  799        10.08891144      9.11529839      0.34812666
2336  799        10.18582387      9.06769595      0.38303540
2337  799        10.23348984      9.00703693      0.40983214
2338  799        10.21075508      8.98844516      0.44099014
2339  799        10.15159314      9.01493482      0.48212976
2340  799        10.11585274      9.04916649      0.56063239
2341  799        10.11359331      9.06749850      0.66216736
2342  799        10.14172659      9.08722464      0.76118830
2343  799        10.18947460      9.11182889      0.86219626
2344  799        10.24374549      9.12769076      0.95703506
2345  799        10.28200183      9.11536433      1.02335971
2346  799        10.29799164      9.09690151      1.07834026
2347  799        10.30361357      9.09122600      1.15096787
2348  799        10.27932035      9.09196278      1.21034695
2349  799        10.23716851      9.08397221      1.25149183
2350  799        10.19756843      9.06552770      1.29328749
2351  799        10.18496534      9.06622351      1.32649167
2352  799        10.19243222      9.09702707      1.34090497
2353  799        10.21641359      9.13669759      1.36460953
2354  799        10.23355319      9.15472753      1.39278323
2355  799        10.23959867      9.14803883      1.40744127
2356  799        10.23743809      9.12472194      1.42038618
2357  799        10.22513783      9.07237958      1.43950773
2358  799        10.21821360      9.02697549      1.47125524
2359  799        10.20944164      9.02442947      1.49618274
2360  799        10.21311955      9.05275398      1.54790273
2361  799        10.23329724      9.06903123      1.61550678
2362  799        10.24614867      9.09476648      1.65848801
2363  799        10.22345037      9.12664646      1.65875876
2364  799        10.18480270      9.13589314      1.64326178
2365  799        10.14046659      9.11602156      1.62607677
2366  799        10.10881789      9.09399821      1.60153837
2367  799        10.08851529      9.10220753      1.57979854
2368  799        10.06716201      9.12931838      1.55014963
2369  799        10.03049045      9.14730942      1.52394355
2370  799         9.99171654      9.16288706      1.50840119
2371  799         9.96519896      9.18094326      1.50973401
2372  799         9.94866086      9.18448634      1.50323382
2373  799         9.93663281      9.15195560      1.48264777
2374  799         9.93184554      9.08949555      1.45962280
2375  799         9.93597554      9.00015178      1.46383707
2376  799         9.93311901      8.90774484      1.48603055
2377  799         9.92406825      8.84410922      1.51875739
2378  799         9.90378740      8.82152352      1.54889571
2379  799         9.88960166      8.83579335      1.55986643
2380  799         9.89743661      8.86304117      1.55335173
2381  799         9.91197836      8.88107542      1.54414766
2382  799         9.91604972      8.88798511      1.52948841
2383  799         9.90385399      8.83519814      1.48702212
2384  799         9.89156705      8.75358090      1.42954351
2385  799         9.88645519      8.70286272      1.40652693
2386  799         9.87841166      8.67848976      1.46001936
2387  799         9.84879794      8.65433201      1.55798995
2388  799         9.82243173      8.61078272      1.65303044
2389  799         9.83498730      8.55342069      1.70504044
2390  799         9.90225921      8.51253262      1.70798211
2391  799        10.00129458      8.49970505      1.68225289
2392  799        10.09876857      8.51467598      1.65386954
2393  799        10.13993759      8.54837746      1.64131459
2394  799        10.09496269      8.56064110      1.64119304
2395  799         9.98994352      8.54384516      1.63009984
2396  799         9.88314886      8.52975970      1.58677824
2397  799         9.81232271      8.52263350      1.52448004
2398  799         9.79081436      8.50297169      1.46353912
2399  799         9.80173629      8.44803279      1.41736145
2400  799         9.83200586      8.37301560      1.39557152
2401  799         9.87404507      8.31817903      1.37885545
2402  799         9.90749711      8.28326511      1.35703185
2403  799         9.91980250      8.26165261      1.33203458
2404  799         9.89961655      8.26600309      1.29693494
2405  799         9.86836666      8.29992878      1.24683705
2406  799         9.86027803      8.34159815      1.19313692
2407  799         9.87679059      8.36334757      1.13460922
2408  799         9.90643554      8.36515081      1.06305434
2409  799         9.90336800      8.35541271      0.97851763
2410  799         9.87164289      8.34240793      0.90265878
2411  799         9.85078236      8.33923388      0.84271633
2412  799         9.87396515      8.34423963      0.82349470
2413  799         9.92013045      8.33783086      0.83872197
2414  799         9.94960818      8.30724117      0.85822499
2415  799         9.95513227      8.26139536      0.84217908
2416  799         9.93489346      8.21232161      0.77304922
2417  799         9.94163602      8.16262802      0.68785629
2418  799         9.97913936      8.11270800      0.62133083
2419  799        10.02901941      8.06631732      0.59308428
2420  799        10.06883450      8.02625155      0.57982810
2421  799        10.09556358      7.98487975      0.57665407
2422  799        10.09737258      7.94736858      0.56154348
2423  799        10.07128561      7.92365130      0.53197840
2424  799        10.03753445      7.93263161      0.48924179
2425  799        10.02168877      7.96152249      0.42280848
2426  799        10.01690390      7.98108599      0.33304333
2427  799        10.01156092      7.99216664      0.20523290
2428  799        10.00993962      8.01271413      0.06175431
2429  799         9.99264397      8.03911998     -0.05284400
2430  799         9.97747560      8.06426418     -0.13530243
2431  799         9.97998884      8.08907171     -0.21179342
2432  799        10.01105560      8.11588465     -0.25577320
2433  799        10.04819508      8.14917348     -0.28111891
2434  799        10.05774532      8.18434966     -0.31932845
2435  799        10.03375659      8.21731409     -0.38440873
2436  799        10.02370951      8.24400561     -0.45891841
2437  799        10.04350158      8.25452162     -0.53936112
2438  799        10.06191691      8.25100187     -0.61535300
2439  799        10.06365483      8.24005477     -0.69100288
2440  799        10.04594544      8.19118024     -0.75925978
2441  799        10.02820408      8.12903452     -0.81269134
2442  799        10.00458211      8.09651223     -0.84129549
2443  799         9.95646303      8.09018324     -0.82348043
2444  799         9.90722598      8.09028088     -0.77814577
2445  799         9.87498266      8.09168873     -0.73426928
2446  799         9.84577769      8.08535630     -0.69699522
2447  799         9.80921328      8.06385503     -0.65088122
2448  799         9.77999599      7.99821390     -0.62016785
2449  799         9.76581140      7.90055931     -0.61464642
2450  799         9.75086086      7.77521645     -0.61082921
2451  799         9.71767278      7.64702771     -0.58112243
2452  799         9.67339267      7.51467123     -0.51889916
2453  799         9.63089978      7.37728882     -0.44670997
2454  799         9.62890526      7.25916487     -0.38404942
2455  799         9.66317465      7.19185349     -0.36409549
2456  799         9.67029719      7.18221867     -0.39966729
2457  799         9.62250916      7.19041625     -0.47643023
2458  799         9.56018353      7.20762749     -0.54855073
2459  799         9.51780673      7.23040982     -0.58450999
2460  799         9.49756653      7.23491141     -0.60054118
2461  799         9.49337909      7.21192434     -0.61459317
2462  799         9.49966554      7.18258706     -0.62847226
2463  799         9.50292266      7.15702240     -0.62173512
2464  799         9.47791636      7.12392059     -0.63559905
2465  799         9.42899006      7.08122871     -0.70337756
2466  799         9.36707007      7.04702292     -0.81599473
2467  799         9.30346883      7.00573267     -0.92264600
2468  799         9.23463026      6.95988887     -0.98734258
2469  799         9.19428642      6.92182463     -1.01957081
2470  799         9.19811881      6.89705487     -1.05275077
2471  799         9.22445070      6.86861296     -1.10710690
2472  799         9.24905148      6.83870067     -1.19494205
2473  799         9.26400853      6.83946767     -1.30607551
2474  799         9.26362623      6.84838671     -1.39057996
2475  799         9.21946889      6.84589101     -1.44223441
2476  799         9.14655267      6.82692800     -1.49215070
2477  799         9.07411091      6.81529399     -1.57887012
2478  799         9.02518632      6.80610430     -1.67736574
2479  799         8.98713864      6.78832604     -1.76886922
2480  799         8.96642138      6.76027661     -1.85150017
2481  799         8.97632236      6.71597501     -1.94266837
2482  799         9.00127815      6.66667341     -2.05482700
2483  799         9.00729962      6.63384630     -2.16910073
2484  799         8.97558354      6.61854817     -2.27032965
2485  799         8.95799309      6.61523734     -2.33164890
2486  799         8.96204288      6.62240167     -2.36003416
2487  799         8.96541968      6.63247781     -2.37132471
2488  799         8.96494348      6.63240164     -2.39326939
2489  799         8.97367064      6.60799076     -2.42602007
2490  799         8.97796759      6.58257200     -2.45114657
2491  799         8.95508477      6.58166290     -2.46383788
2492  799         8.90315391      6.60688547     -2.45521997
2493  799         8.84689019      6.63617394     -2.44557280
2494  799         8.82226193      6.66202006     -2.45257437
2495  799         8.83888041      6.67202076     -2.49070605
2496  799         8.83373516      6.67374206     -2.54750277
2497  799         8.79550561      6.68500800     -2.61241214
2498  799         8.75509936      6.69680958     -2.65998927
2499  799         8.75124649      6.68791916     -2.67191301
2500  799         8.77270814      6.66405455     -2.64570162
2501  799         8.77213509      6.64403566     -2.60818824
2502  799         8.75250131      6.61562541     -2.57915639
2503  799         8.71457259      6.57875601     -2.56536758
2504  799         8.67845041      6.51578643     -2.56769462
2505  799         8.64327380      6.43119999     -2.58618821
2506  799         8.60225275      6.35475664     -2.62595343
2507  799         8.55293044      6.29421280     -2.65596897
2508  799         8.50584533      6.22519793     -2.66124659
2509  799         8.47212670      6.14606622     -2.63478343
2510  799         8.44629212      6.08566660     -2.60589362
2511  799         8.42264102      6.04786024     -2.57862306
2512  799         8.37201865      6.02819315     -2.55374384
2513  799         8.27603966      6.02168191     -2.53467791
2514  799         8.16127039      6.04244363     -2.52438713
2515  799         8.07626497      6.07580983     -2.51281630
2516  799         8.05501840      6.12564392     -2.49125750
2517  799         8.06425047      6.18514704     -2.46793408
2518  799         8.09172323      6.22663761     -2.45054167
2519  799         8.11115616      6.25586039     -2.43144171
2520  799         8.12990486      6.28778673     -2.39768100
2521  799         8.16312970      6.31006041     -2.36310058
2522  799         8.19150141      6.32949140     -2.32822240
2523  799         8.16450256      6.34912916     -2.28603660
2524  799         8.07582971      6.37313443     -2.22497476
2525  799         7.97193862      6.39004729     -2.14592437
2526  799         7.89839425      6.39092564     -2.10540895
2527  799         7.89040804      6.38435940     -2.12902531
2528  799         7.93854239      6.39774700     -2.18753975
2529  799         8.00532937      6.42699264     -2.19397954
2530  799         8.06183453      6.45898601     -2.11443215
2531  799         8.09595454      6.49883858     -1.99463794
2532  799         8.08698229      6.53268486     -1.89361947
2533  799         8.05265768      6.57442976     -1.83505510
2534  799         8.03209740      6.62166198     -1.80908844
2535  799         8.02362777      6.66370614     -1.79752106
2536  799         7.99938805      6.69204744     -1.78227434
2537  799         7.93991465      6.71693502     -1.76194414
2538  799         7.87207263      6.73138313     -1.72379086
2539  799         7.81629535      6.74509793     -1.66203595
2540  799         7.78296563      6.76848060     -1.58818101
2541  799         7.77029360      6.79845440     -1.51890760
2542  799         7.77282971      6.83810387     -1.47844465
2543  799         7.77276057      6.88364430     -1.46769336
2544  799         7.78002056      6.93051150     -1.45549471
2545  799         7.81685177      6.98442119     -1.42367151
2546  799         7.86859632      7.04992749     -1.38400019
2547  799         7.91624238      7.10408319     -1.35597222
2548  799         7.95904774      7.14026423     -1.34542857
2549  799         8.00715486      7.18191296     -1.33057368
2550  799         8.05389590      7.22772668     -1.28812663
2551  799         8.09389546      7.23621722     -1.24317883
2552  799         8.13101566      7.19798814     -1.20800526
2553  799         8.17554660      7.17618851     -1.17901881
2554  799         8.22661128      7.19901437     -1.14935638
2555  799         8.26972878      7.22963557     -1.11172765
2556  799         8.30838795      7.22528304     -1.08422854
2557  799         8.38823835      7.19521550     -1.09473264
2558  799         8.50760542      7.16386451     -1.13096879
2559  799         8.62130195      7.13880380     -1.14202043
2560  799         8.69200279      7.10324875     -1.11076323
2561  799         8.70811119      7.06922408     -1.07499948
2562  799         8.72236078      7.05172372     -1.06412835
2563  799         8.75188222      7.07213948     -1.08047038
2564  799         8.77656311      7.12126279     -1.11075954
2565  799         8.78354193      7.15323488     -1.13393071
2566  799         8.80153736      7.15899735     -1.14772616
2567  799         8.83534247      7.14654907     -1.15831255
2568  799         8.86979334      7.13084839     -1.15626209
2569  799         8.89665424      7.12177962     -1.13578979
2570  799         8.91445364      7.12147722     -1.09706776
2571  799         8.92033298      7.10874044     -1.06400417
2572  799         8.92132668      7.07949372     -1.05607877
2573  799         8.93466669      7.04161960     -1.09083423
2574  799         8.94495427      7.01721110     -1.15763044
2575  799         8.93202455      7.00965886     -1.23071557
2576  799         8.88637630      6.99795430     -1.26841690
2577  799         8.83316974      6.97022504     -1.25878832
2578  799         8.79238560      6.95303746     -1.24209471
2579  799         8.78043753      6.97103083     -1.23953412
2580  799         8.80301835      6.99565576     -1.27401726
2581  799         8.83382648      7.00065356     -1.32829943
2582  799         8.84099784      6.97357931     -1.37447697
2583  799         8.82272962      6.92399075     -1.38838245
2584  799         8.80294099      6.86590039     -1.36349581
2585  799         8.79559767      6.82283900     -1.32980457
2586  799         8.79853106      6.79488933     -1.30810233
2587  799         8.81608077      6.79256276     -1.27458896
2588  799         8.84090361      6.80304409     -1.22028588
2589  799         8.85042717      6.81811226     -1.16986253
2590  799         8.81233616      6.82257671     -1.14458794
2591  799         8.73702273      6.80172260     -1.11605781
2592  799         8.65170219      6.76627096     -1.06382913
2593  799         8.57175203      6.72837930     -0.99915284
2594  799         8.51244211      6.69617066     -0.93689367
2595  799         8.47308362      6.66795124     -0.87846953
2596  799         8.43916185      6.66635091     -0.81656291
2597  799         8.39149189      6.69171002     -0.76769618
2598  799         8.33764165      6.72298174     -0.75006020
2599  799         8.29233012      6.72597508     -0.73124429
2600  799         8.24758869      6.68189167     -0.68977071
2601  799         8.19538207      6.60923463     -0.64388660
2602  799         8.13100871      6.54486636     -0.61702614
2603  799         8.05726786      6.50069666     -0.60661524
2604  799         7.98261019      6.47496915     -0.61513658
2605  799         7.92196555      6.46098670     -0.61843305
2606  799         7.86652639      6.43004130     -0.60126025
2607  799         7.81872120      6.38719509     -0.57783834
2608  799         7.76403711      6.34501600     -0.55541272
2609  799         7.70519465      6.30848213     -0.53791020
2610  799         7.65490245      6.28727265     -0.53524311
2611  799         7.60893120      6.25991241     -0.54412616
2612  799         7.57242784      6.21596758     -0.54918571
2613  799         7.55661153      6.16755796     -0.54549684
2614  799         7.56216866      6.13342799     -0.52477256
2615  799         7.57449374      6.13104310     -0.53594913
2616  799         7.58827340      6.14912649     -0.57654805
2617  799         7.59698644      6.17411311     -0.63143493
2618  799         7.60569767      6.18893731     -0.68744863
2619  799         7.60151333      6.18568736     -0.73745816
2620  799         7.58104677      6.17256987     -0.77183052
2621  799         7.54307049      6.16244683     -0.78841692
2622  799         7.49731304      6.15614065     -0.78041408
2623  799         7.43072234      6.15193933     -0.76881019
2624  799         7.34129296      6.16750450     -0.74135643
2625  799         7.24346152      6.20187065     -0.68470789
2626  799         7.15633702      6.24899245     -0.62463689
2627  799         7.09158212      6.28843801     -0.60051467
2628  799         7.04152276      6.31432835     -0.62902723
2629  799         7.00569623      6.33386575     -0.68170631
2630  799         6.98295178      6.35677107     -0.71754004
2631  799         6.98055683      6.39832818     -0.72157177
2632  799         6.97369625      6.45790257     -0.72123873
2633  799         6.95576680      6.52347273     -0.73237590
2634  799         6.92240377      6.60114208     -0.75952145
2635  799         6.89578310      6.68341795     -0.79467016
2636  799         6.89854029      6.76695043     -0.80450099
2637  799         6.91442655      6.85551856     -0.79642393
2638  799         6.94332462      6.95709993     -0.79446629
2639  799         6.95811067      7.04814577     -0.80728471
2640  799         6.96562234      7.11328854     -0.82115904
2641  799         6.97684266      7.17262754     -0.82882380
2642  799         6.98551816      7.23653436     -0.84115150
2643  799         6.97969275      7.30417110     -0.86268799
2644  799         6.96027516      7.34960165     -0.90040472
2645  799         6.94906520      7.37199646     -0.92378211
2646  799         6.95686427      7.38727234     -0.92581837
2647  799         6.99193978      7.42814585     -0.91179828
2648  799         7.03722196      7.48512536     -0.87539894
2649  799         7.08704054      7.54184082     -0.84429962
2650  799         7.13153515      7.61225681     -0.84037881
2651  799         7.15441511      7.68200014     -0.86945334
2652  799         7.14720946      7.74582853     -0.90192765
2653  799         7.11652644      7.80167643     -0.93010511
2654  799         7.08709857      7.85671334     -0.95849432
2655  799         7.06589347      7.88239827     -0.99689304
2656  799         7.05649287      7.87375388     -1.03713825
2657  799         7.04384798      7.86941094     -1.06488877
2658  799         7.02330750      7.89596041     -1.09161578
2659  799         7.01720261      7.94520738     -1.10413746
2660  799         7.04187958      7.99033828     -1.10754987
2661  799         7.07392684      8.05173387     -1.10310182
2662  799         7.04991298      8.12083148     -1.11365050
2663  799         6.96086039      8.16533528     -1.14483691
2664  799         6.85916274      8.18793335     -1.18097427
2665  799         6.80828336      8.19734973     -1.19578825
2666  799         6.78471343      8.21992650     -1.19195061
2667  799         6.76068047      8.23926216     -1.18279266
2668  799         6.75403752      8.25058848     -1.15400393
2669  799         6.75650271      8.25671680     -1.12204807
2670  799         6.77329302      8.26596586     -1.08607512
2671  799         6.80281662      8.26638724     -1.03766120
2672  799         6.83132894      8.26618959     -0.97758511
2673  799         6.81893514      8.28138148     -0.92789940
2674  799         6.76559735      8.30299972     -0.88971490
2675  799         6.70746533      8.32143071     -0.86102397
2676  799         6.68309417      8.32650199     -0.82576914
2677  799         6.67835235      8.31568908     -0.79831128
2678  799         6.67837859      8.29433600     -0.78517399
2679  799         6.70973868      8.27760823     -0.79014626
2680  799         6.79971591      8.26868937     -0.80862373
2681  799         6.89096600      8.25547983     -0.82605007
2682  799         6.90310445      8.22644181     -0.83546291
2683  799         6.85365519      8.20058983     -0.84194431
2684  799         6.80625641      8.20072698     -0.86742757
2685  799         6.80103892      8.22663122     -0.92861735
2686  799         6.82316390      8.27986523     -1.01652050
2687  799         6.85569343      8.33208491     -1.08503203
2688  799         6.90174307      8.36518494     -1.12612710
2689  799         6.95511747      8.37672854     -1.13947517
2690  799         7.01984155      8.39221907     -1.14598050
2691  799         7.09044113      8.41680570     -1.16322901
2692  799         7.15558017      8.43876122     -1.19079257
2693  799         7.20135334      8.46725749     -1.21422848
2694  799         7.22406116      8.49108121     -1.24658389
2695  799         7.22275111      8.49478116     -1.31208415
2696  799         7.21637777      8.47471430     -1.39851437
2697  799         7.21951459      8.46187628     -1.47443426
2698  799         7.23733833      8.46259298     -1.51432066
2699  799         7.26492489      8.46647808     -1.50371953
2700  799         7.30302639      8.47315190     -1.43508900
2701  799         7.35401887      8.47942400     -1.35137432
2702  799         7.41402118      8.47499419     -1.30629287
2703  799         7.47449783      8.45814753     -1.31752802
2704  799         7.51926799      8.44653627     -1.35704684
2705  799         7.55649792      8.44567866     -1.38970871
2706  799         7.59177647      8.45623205     -1.39775988
2707  799         7.61180100      8.45865860     -1.37259399
2708  799         7.61913672      8.45089618     -1.32215731
2709  799         7.63718378      8.44042552     -1.26428249
2710  799         7.68553064      8.43998658     -1.21057226
2711  799         7.74131439      8.44345956     -1.17523633
2712  799         7.76979982      8.40637184     -1.17545780
2713  799         7.78538872      8.33130217     -1.20322662
2714  799         7.82502224      8.27446539     -1.25083877
2715  799         7.87045844      8.27336889     -1.30474949
2716  799         7.92381709      8.30645463     -1.34759466
2717  799         7.98584080      8.31662007     -1.36117928
2718  799         8.01748377      8.28839119     -1.36332922
2719  799         8.00935682      8.25537032     -1.35747465
2720  799         8.00096330      8.23390493     -1.34788125
2721  799         8.01216186      8.21817634     -1.35876884
2722  799         8.05138772      8.20730948     -1.37542505
2723  799         8.09656253      8.22487647     -1.39600304
2724  799         8.12284713      8.25425352     -1.42794929
2725  799         8.14815544      8.27215668     -1.47335626
2726  799         8.18513356      8.25657494     -1.53017991
2727  799         8.23514292      8.22914685     -1.57182715
2728  799         8.31216008      8.19637904     -1.57922321
2729  799         8.39794454      8.15838626     -1.57499402
2730  799         8.44664275      8.12304324     -1.59159851
2731  799         8.43876679      8.10336300     -1.64148742
2732  799         8.41677131      8.10341024     -1.70766139
2733  799         8.42743749      8.10788204     -1.75293513
2734  799         8.46080945      8.11715638     -1.77552153
2735  799         8.48963668      8.13099831     -1.77001470
2736  799         8.50617556      8.15190647     -1.74401855
2737  799         8.52479843      8.16017009     -1.71951935
2738  799         8.54378654      8.16518380     -1.69820447
2739  799         8.55228415      8.17620034     -1.65960522
2740  799         8.55920475      8.17850258     -1.59933081
2741  799         8.55239058      8.16858377     -1.56001349
2742  799         8.53381560      8.13309307     -1.55840741
2743  799         8.52473726      8.09272357     -1.53268117
2744  799         8.54812042      8.07352883     -1.47015290
2745  799         8.57277348      8.09195997     -1.42046384
2746  799         8.58121581      8.14215991     -1.39909282
2747  799         8.59468808      8.21449887     -1.38441736
2748  799         8.62137955      8.28603536     -1.38089547
2749  799         8.65726867      8.34110809     -1.40554794
2750  799         8.69170422      8.36623085     -1.45167268
2751  799         8.68629658      8.35825961     -1.47250960
2752  799         8.63825213      8.33318552     -1.45384917
2753  799         8.60647252      8.30710223     -1.41669165
2754  799         8.62110074      8.30290112     -1.39335452
2755  799         8.66121995      8.31749121     -1.39673542
2756  799         8.68832858      8.35570059     -1.41145042
2757  799         8.69113844      8.40084342     -1.44129329
2758  799         8.68192002      8.43514213     -1.50813530
2759  799         8.68485050      8.43938384     -1.58941368
2760  799         8.69340872      8.42732410     -1.64059546
2761  799         8.68775117      8.41016847     -1.66632651
2762  799         8.67007974      8.39898060     -1.69433725
2763  799         8.64424389      8.41854313     -1.73159155
2764  799         8.59058233      8.47401550     -1.74914694
2765  799         8.51787014      8.52037950     -1.74160508
2766  799         8.46146558      8.52259821     -1.72499881
2767  799         8.41581201      8.50259837     -1.71436343
2768  799         8.38259664      8.49835225     -1.70541044
2769  799         8.37404331      8.53171052     -1.70929641
2770  799         8.39172595      8.58714323     -1.72241712
2771  799         8.40148983      8.63935596     -1.74414389
2772  799         8.38250360      8.67677146     -1.75790222
2773  799         8.36985257      8.72406545     -1.76941317
2774  799         8.36961266      8.78605402     -1.82239121
2775  799         8.36909515      8.85398932     -1.88646842
2776  799         8.35330114      8.88588791     -1.94638007
2777  799         8.35005619      8.88171885     -1.99523568
2778  799         8.36062304      8.86478449     -2.03523343
2779  799         8.39069968      8.87509670     -2.04819186
2780  799         8.43738924      8.90915574     -2.03881532
2781  799         8.48896994      8.93301369     -2.01555130
2782  799         8.51201355      8.93046180     -1.99019022
2783  799         8.48117892      8.92340202     -1.97400252
2784  799         8.40353935      8.92817297     -1.96313131
2785  799         8.29463432      8.92566882     -1.95292943
2786  799         8.19984459      8.91150866     -1.95234049
2787  799         8.14453366      8.88771679     -1.97631635
2788  799         8.12383653      8.89079122     -2.00648784
2789  799         8.12400418      8.89537930     -2.01729122
2790  799         8.16337802      8.86943558     -2.00631385
2791  799         8.23347512      8.82466965     -1.99099937
2792  799         8.30706521      8.80432536     -1.95707557
2793  799         8.34753912      8.81109801     -1.90854298
2794  799         8.35440531      8.81534665     -1.88909110
2795  799         8.33270037      8.81878501     -1.90831614
2796  799         8.27698665      8.84268086     -1.94420088
2797  799         8.21466208      8.86409186     -1.95673105
2798  799         8.18170135      8.85591258     -1.94449289
2799  799         8.16622440      8.82570316     -1.92266922
2800  799         8.14935646      8.80228178     -1.92002235
2801  799         8.13546929      8.79710633     -1.95674115
2802  799         8.11695958      8.81080026     -2.02577734
2803  799         8.09328385      8.84851171     -2.06978263
2804  799         8.07292777      8.88777884     -2.06171421
2805  799         8.08430505      8.92192600     -2.02262551
2806  799         8.11929502      8.96008714     -1.99463414
2807  799         8.15168160      9.00687870     -1.98050723
2808  799         8.16927994      9.04834896     -1.95560012
2809  799         8.19427521      9.08399916     -1.94215483
2810  799         8.21236593      9.11369292     -1.95770205
2811  799         8.21189970      9.12965856     -2.00210426
2812  799         8.21043668      9.12952136     -2.04524690
2813  799         8.22562468      9.12185207     -2.05739132
2814  799         8.26681597      9.10599034     -2.03759392
2815  799         8.30435075      9.10251410     -2.00474840
2816  799         8.32034215      9.11726454     -1.97212809
2817  799         8.30702431      9.13393654     -1.94611032
2818  799         8.27882915      9.13854251     -1.93274844
2819  799         8.26437626      9.16057806     -1.91149022
2820  799         8.28713020      9.22452960     -1.86951247
2821  799         8.33582558      9.30809721     -1.80735226
2822  799         8.38191050      9.38127375     -1.76421708
2823  799         8.42110250      9.43437410     -1.76848838
2824  799         8.46537053      9.47143432     -1.81440128
2825  799         8.51782216      9.49099008     -1.87151223
2826  799         8.55954879      9.49891573     -1.92134287
2827  799         8.57943683      9.49287422     -1.94342956
2828  799         8.59792887      9.48954133     -1.91882680
2829  799         8.62364783      9.50684231     -1.85423575
2830  799         8.64882922      9.54336653     -1.78239100
2831  799         8.67040453      9.58131768     -1.72745883
2832  799         8.70892013      9.60801051     -1.68968417
2833  799         8.78129698      9.62107346     -1.66137003
2834  799         8.87887515      9.62021964     -1.64098176
2835  799         8.97097268      9.60899932     -1.63993902
2836  799         9.03071766      9.58728003     -1.65345498
2837  799         9.06507845      9.56301188     -1.66554244
2838  799         9.10827318      9.52510990     -1.65427414
2839  799         9.17959132      9.47341288     -1.61275721
2840  799         9.26343005      9.42796753     -1.55500499
2841  799         9.33855847      9.40984147     -1.49620186
2842  799         9.39250218      9.41599088     -1.45195837
2843  799         9.43493143      9.43826490     -1.42434434
2844  799         9.48461215      9.46819638     -1.41281692
2845  799         9.55848528      9.49927004     -1.41363535
2846  799         9.64038836      9.52876107     -1.42708178
2847  799         9.70847023      9.53721154     -1.42415594
2848  799         9.76302880      9.53150760     -1.40409470
2849  799         9.80578801      9.51047402     -1.37816912
2850  799         9.83533111      9.47154177     -1.35024833
2851  799         9.86267784      9.43325631     -1.33311310
2852  799         9.90028455      9.41053954     -1.33662425
2853  799         9.94159127      9.39073725     -1.35184304
2854  799         9.98092136      9.36139660     -1.36585463
2855  799        10.01430613      9.33517976     -1.38829105
2856  799        10.05702618      9.33011973     -1.41317704
2857  799        10.10494620      9.36873663     -1.42445035
2858  799        10.13815693      9.43088681     -1.40182565
2859  799        10.14981693      9.47872524     -1.36398106
2860  799        10.17383546      9.48108027     -1.34816590
2861  799        10.24262353      9.44101697     -1.36393545
2862  799        10.31324341      9.38531387     -1.39128922
2863  799        10.35204226      9.33728560     -1.40066185
2864  799        10.36411257      9.29095090     -1.38668032
2865  799        10.38279884      9.25784354     -1.35119822
2866  799        10.38466019      9.24961741     -1.29674840
2867  799        10.33575505      9.27898701     -1.22330611
2868  799        10.28361793      9.31422689     -1.14734093
2869  799        10.27787302      9.33954729     -1.09544132
2870  799        10.28766617      9.33254738     -1.05735591
2871  799        10.28947891      9.30941509     -1.03174079
2872  799        10.30046956      9.29087166     -1.03302933
2873  799        10.32106948      9.30149000     -1.05123212
2874  799        10.34924942      9.33306924     -1.07304115
2875  799        10.39538626      9.37048641     -1.08032931
2876  799        10.45828341      9.39320698     -1.07565905
2877  799        10.51838492      9.38714119     -1.06804525
2878  799        10.57871421      9.36921492     -1.05639939
2879  799        10.63227539      9.37472677     -1.02576578
2880  799        10.64779225      9.39117345     -0.99489466
2881  799        10.62146038      9.38948179     -0.98716736
2882  799        10.59782568      9.36584623     -0.99089222
2883  799        10.61398987      9.34224262     -0.96596162
2884  799        10.63760588      9.32834088     -0.90757283
2885  799        10.64755221      9.32475834     -0.83947725
2886  799        10.66197498      9.32979717     -0.79139536
2887  799        10.68544596      9.33209826     -0.78842538
2888  799        10.67644125      9.32116180     -0.83882585
2889  799        10.62834013      9.31516871     -0.92128208
2890  799        10.58445243      9.33349794     -0.99441378
2891  799        10.57816575      9.37431906     -1.03839313
2892  799        10.57641648      9.41938102     -1.04507350
2893  799        10.56379513      9.45753337     -1.04143295
2894  799        10.57448876      9.47785779     -1.03578808
2895  799        10.60758374      9.48196975     -1.04414071
2896  799        10.63203793      9.45960615     -1.07094630
2897  799        10.63249747      9.42458699     -1.10680873
2898  799        10.62615265      9.39164843     -1.13121624
2899  799        10.61554639      9.36392683     -1.15573573
2900  799        10.58263191      9.33880642     -1.19448772
2901  799        10.52183544      9.32037653     -1.21480805
2902  799        10.45697328      9.32871103     -1.21333827
2903  799        10.42669852      9.34725834     -1.21124363
2904  799        10.42008997      9.37254701     -1.22003062
2905  799        10.40074481      9.39524999     -1.23617465
2906  799        10.37593076      9.42744341     -1.26105380
2907  799        10.36569323      9.48180862     -1.28643807
2908  799        10.35450521      9.56329401     -1.30435223
2909  799        10.35575500      9.64350142     -1.31788263
2910  799        10.37492864      9.68598058     -1.33204052
2911  799        10.40854680      9.68638680     -1.34705370
2912  799        10.43700268      9.67373857     -1.34458925
2913  799        10.45353674      9.66076743     -1.31538892
2914  799        10.45484049      9.65436645     -1.25550468
2915  799        10.45012648      9.67154512     -1.20393244
2916  799        10.43650485      9.70199155     -1.19384812
2917  799        10.42586790      9.71199316     -1.21778945
2918  799        10.42274305      9.69992874     -1.24981785
2919  799        10.42584617      9.68090766     -1.28199200
2920  799        10.43918443      9.66942043     -1.30275510
2921  799        10.46282616      9.66273510     -1.27986159
2922  799        10.48657851      9.64411557     -1.22202495
2923  799        10.48526658      9.59886673     -1.18264972
2924  799        10.45922340      9.53997906     -1.19297011
2925  799        10.41008131      9.48600044     -1.22554211
2926  799        10.34459649      9.45518094     -1.28101330
2927  799        10.25611820      9.44795227     -1.35229860
2928  799        10.15707776      9.46377399     -1.42787616
2929  799        10.07699462      9.48480467     -1.47246801
2930  799        10.02341971      9.50080630     -1.47614530
2931  799         9.98531969      9.50983379     -1.47731051
2932  799         9.93951550      9.51043099     -1.49261686
2933  799         9.88416389      9.51786243     -1.51423994
2934  799         9.83518202      9.54813624     -1.52349828
2935  799         9.80331479      9.58286346     -1.53703007
2936  799         9.74797519      9.61060667     -1.56268284
2937  799         9.68566575      9.62785968     -1.60720483
2938  799         9.63179766      9.63592804     -1.65081952
2939  799         9.58993324      9.63597645     -1.67742826
2940  799         9.56178949      9.63918187     -1.70200103
2941  799         9.55200022      9.65250921     -1.73719888
2942  799         9.55683759      9.66902069     -1.77634793
2943  799         9.54703938      9.69045798     -1.81351621
2944  799         9.51087296      9.72421894     -1.87732332
2945  799         9.45665844      9.76379091     -1.97686907
2946  799         9.39760281      9.81600178     -2.07898622
2947  799         9.34546153      9.87393681     -2.15177707
2948  799         9.30831781      9.95424764     -2.20671296
2949  799         9.27934776     10.04177975     -2.25463997
2950  799         9.27525763     10.10831647     -2.28305375
2951  799         9.28072250     10.14136552     -2.31957615
2952  799         9.27017728     10.15308198     -2.37627404
2953  799         9.25195593     10.15965643     -2.43620271
2954  799         9.23070821     10.15909900     -2.48123995
2955  799         9.20097033     10.16463493     -2.53170998
2956  799         9.17058696     10.19439909     -2.58128564
2957  799         9.15618682     10.23790672     -2.60284521
2958  799         9.14282775     10.27367367     -2.59823261
2959  799         9.09035700     10.28155558     -2.60193249
2960  799         9.01730040     10.26637588     -2.62623796
2961  799         8.96137035     10.24525478     -2.62241410
2962  799         8.93307039     10.23976625     -2.57428659
2963  799         8.92314824     10.25817105     -2.48664878
2964  799         8.90501814     10.27097244     -2.41153236
2965  799         8.87019512     10.27393283     -2.37758719
2966  799         8.83381545     10.28073994     -2.33187145
2967  799         8.80953248     10.28593235     -2.27775808
2968  799         8.77327414     10.28699568     -2.22704644
2969  799         8.77244367     10.30562770     -2.17537489
2970  799         8.76162827     10.32654001     -2.12640210
2971  799         8.74816428     10.33546001     -2.07098505
2972  799         8.69951565     10.31988038     -2.03058063
2973  799         8.62831132     10.29883337     -1.99477715
2974  799         8.56830296     10.30339066     -1.97169902
2975  799         8.52657727     10.32287173     -1.98154366
2976  799         8.52387432     10.33168037     -1.98468919
2977  799         8.56780265     10.32180600     -1.97454533
2978  799         8.60894254     10.31876319     -1.97109654
2979  799         8.63021669     10.33068576     -1.97369256
2980  799         8.63081788     10.35347847     -1.97186703
2981  799         8.61822660     10.38041340     -1.95237533
2982  799         8.61649607     10.41036943     -1.91239724
2983  799         8.62982104     10.45375660     -1.87468182
2984  799         8.63564632     10.50469171     -1.85377538
2985  799         8.62946639     10.55737178     -1.84585971
2986  799         8.63050027     10.61278164     -1.83446795
2987  799         8.64468321     10.65133881     -1.80739077
2988  799         8.65408296     10.64874710     -1.77404840
2989  799         8.63517890     10.62802930     -1.73738489
2990  799         8.58618262     10.62219697     -1.71659262
2991  799         8.52784925     10.64297207     -1.70866931
2992  799         8.48266316     10.69657707     -1.69979446
2993  799         8.46271052     10.75806954     -1.67142056
2994  799         8.47401289     10.81536241     -1.62515906
2995  799         8.47912244     10.86456402     -1.58375340
2996  799         8.47530185     10.90821245     -1.56081903
2997  799         8.46553265     10.93375927     -1.54510548
2998  799         8.45625380     10.93751103     -1.51593505
2999  799         8.44910260     10.91259636     -1.47175881
3000  799         8.42933562     10.87881398     -1.39708809
3001  799         8.40434097     10.84643883     -1.31913909
3002  799         8.38259569     10.81748728     -1.26822510
3003  799         8.37206601     10.80150609     -1.26029565
3004  799         8.38754763     10.79969013     -1.26295503
3005  799         8.43238582     10.80755211     -1.24842281
3006  799         8.46200466     10.83083263     -1.21060497
3007  799         8.46256395     10.87741511     -1.17183428
3008  799         8.43886538     10.92398746     -1.13353787
3009  799         8.40790761     10.95493120     -1.08303492
3010  799         8.38442536     10.97456464     -1.03068852
3011  799         8.35446347     10.99756283     -1.01053215
3012  799         8.31405425     11.04072870     -1.05442527
3013  799         8.27865392     11.10949956     -1.10732520
3014  799         8.29266951     11.18434019     -1.10761399
3015  799         8.34829898     11.25711104     -1.04857506
3016  799         8.38724827     11.32860191     -0.97561058
3017  799         8.36344228     11.38850068     -0.90988931
3018  799         8.30415910     11.44289723     -0.87164732
3019  799         8.26628217     11.47733003     -0.85712731
3020  799         8.25839482     11.50147394     -0.86783882
3021  799         8.25178505     11.51811746     -0.89483316
3022  799         8.23129018     11.52091911     -0.93439441
3023  799         8.21879013     11.51115222     -0.99033404
3024  799         8.24681424     11.51257747     -1.01846353
3025  799         8.31139213     11.51524403     -1.00751147
3026  799         8.37009203     11.51602941     -0.97733724
3027  799         8.38473517     11.52315281     -0.97411631
3028  799         8.36816883     11.54119334     -0.99774758
3029  799         8.36436349     11.56692458     -1.02220082
3030  799         8.37059651     11.58329904     -1.04102987
3031  799         8.36574033     11.58654622     -1.05222075
3032  799         8.35400824     11.58680324     -1.06431718
3033  799         8.36590007     11.59990614     -1.07374475
3034  799         8.39711842     11.62909673     -1.07443633
3035  799         8.42433856     11.65988043     -1.04843954
3036  799         8.41048797     11.69272184     -1.01849117
3037  799         8.35384322     11.71760787     -1.02112532
3038  799         8.26909508     11.73491813     -1.05603556
3039  799         8.18211638     11.75295184     -1.07922743
3040  799         8.12394698     11.73999434     -1.07738666
3041  799         8.11290270     11.71818208     -1.06131505
3042  799         8.14129651     11.70717150     -1.04093760
3043  799         8.18847282     11.71284439     -0.98859426
3044  799         8.24945044     11.72374399     -0.90788143
3045  799         8.31843473     11.73284896     -0.82951996
3046  799         8.40681181     11.73309515     -0.78425821
3047  799         8.47897302     11.72759912     -0.77727555
3048  799         8.50467644     11.72402166     -0.78336787
3049  799         8.47241422     11.72785240     -0.79236820
3050  799         8.39995550     11.72151704     -0.78333955
3051  799         8.31960594     11.70749686     -0.78192491
3052  799         8.25238559     11.69626679     -0.78106858
3053  799         8.20532372     11.68159935     -0.76897114
3054  799         8.16749873     11.66735278     -0.74356896
3055  799         8.13050391     11.64940543     -0.72136731
3056  799         8.11676046     11.63943252     -0.69467261
3057  799         8.12631564     11.63887525     -0.64543041
3058  799         8.14512024     11.62607480     -0.59093492
3059  799         8.13889192     11.61418382     -0.55470464
3060  799         8.09950737     11.63950928     -0.53448945
3061  799         8.05221599     11.69729224     -0.51284169
3062  799         8.00784268     11.74965650     -0.48227461
3063  799         7.97554065     11.79108076     -0.45082407
3064  799         7.93312098     11.82930834     -0.44373387
3065  799         7.88663415     11.84604472     -0.44250335
3066  799         7.86370300     11.83894880     -0.43389234
3067  799         7.87063238     11.83293274     -0.41131394
3068  799         7.86364460     11.85305663     -0.37414982
3069  799         7.81264037     11.86646364     -0.33593680
3070  799         7.75126971     11.89608551     -0.30496958
3071  799         7.72516680     11.93527155     -0.27812550
3072  799         7.73819697     11.96751416     -0.26219799
3073  799         7.76213378     11.99993908     -0.23042730
3074  799         7.75524767     12.04304219     -0.19168490
3075  799         7.69007045     12.06789367     -0.15691501
3076  799         7.61538414     12.07453337     -0.12589060
3077  799         7.57286715     12.07049386     -0.12320521
3078  799         7.58697011     12.06381459     -0.11839302
3079  799         7.64180318     12.06037521     -0.10781727
3080  799         7.70678796     12.05716178     -0.08619359
3081  799         7.75268023     12.06080625     -0.06250456
3082  799         7.78518316     12.07081038     -0.06143823
3083  799         7.81931502     12.09784233     -0.06932706
3084  799         7.85047574     12.12689274     -0.07104973
3085  799         7.85562370     12.11815345     -0.07053123
3086  799         7.81391573     12.05251593     -0.04990925
3087  799         7.73756051     11.96379173      0.02366221
3088  799         7.65827487     11.88529407      0.11661603
3089  799         7.58975831     11.82636176      0.20586614
3090  799         7.54268080     11.79867274      0.27901459
3091  799         7.54771956     11.80192457      0.33011352
3092  799         7.60648372     11.82153375      0.34380951
3093  799         7.66026984     11.83072114      0.33686713
3094  799         7.66339673     11.81972328      0.31308171
3095  799         7.63441306     11.79250151      0.29337624
3096  799         7.59615396     11.74363441      0.27913842
3097  799         7.55210925     11.68581346      0.26166114
3098  799         7.50786632     11.61934258      0.23673133
3099  799         7.48786069     11.55761109      0.22229378
3100  799         7.49592650     11.52232949      0.23120395
3101  799         7.50854314     11.51602797      0.25631734
3102  799         7.50615544     11.51246211      0.28454800
3103  799         7.49941307     11.49608340      0.31667783
3104  799         7.50478440     11.48569167      0.34314040
3105  799         7.49911495     11.49033135      0.34591804
3106  799         7.47074768     11.48957943      0.32524715
3107  799         7.41918884     11.47060201      0.30034741
3108  799         7.37887362     11.42542450      0.29396766
3109  799         7.35202302     11.34079704      0.30605592
3110  799         7.33834876     11.24975260      0.34737790
3111  799         7.33277446     11.20066742      0.41272093
3112  799         7.32244532     11.22750901      0.49116795
3113  799         7.32634956     11.30808439      0.56413109
3114  799         7.35791031     11.38120861      0.60001870
3115  799         7.40203779     11.39518124      0.60056417
3116  799         7.42065801     11.34111646      0.60235030
3117  799         7.40269471     11.25294111      0.61899775
3118  799         7.36620062     11.16949775      0.61703993
3119  799         7.35334578     11.11149156      0.58913593
3120  799         7.36944852     11.07060760      0.57434301
3121  799         7.38281555     11.04522928      0.59016899
3122  799         7.41020974     11.05432344      0.60264404
3123  799         7.44877519     11.10074961      0.56814285
3124  799         7.46574248     11.14342031      0.50120132
3125  799         7.45354091     11.12110877      0.45715987
3126  799         7.42357564     11.02877520      0.45983993
3127  799         7.38485191     10.92273745      0.47875764
3128  799         7.37749199     10.85182517      0.49441998
3129  799         7.40699221     10.82985011      0.49015623
3130  799         7.46122208     10.84385668      0.46515963
3131  799         7.54885219     10.86125108      0.42267534
3132  799         7.66671409     10.87669975      0.36769312
3133  799         7.79560123     10.89050863      0.30603367
3134  799         7.89850610     10.90510752      0.24603375
3135  799         7.95849962     10.90664720      0.20519777
3136  799         7.96433999     10.90248765      0.18144641
3137  799         7.93390330     10.88224905      0.19450137
3138  799         7.91183020     10.83857322      0.24862457
3139  799         7.93530812     10.80803643      0.30528578
3140  799         8.00841392     10.84025550      0.33004641
3141  799         8.10151991     10.92411105      0.33298101
3142  799         8.20431167     11.00319185      0.35607861
3143  799         8.30844549     11.07049630      0.40059950
3144  799         8.40316871     11.13560701      0.43374461
3145  799         8.45754307     11.20584378      0.45728577
3146  799         8.46528485     11.24012548      0.49543515
3147  799         8.44377963     11.23022920      0.53383900
3148  799         8.41163747     11.21783721      0.54416615
3149  799         8.38977643     11.20979130      0.54731166
3150  799         8.37166018     11.20521154      0.57937341
3151  799         8.40134876     11.22330768      0.63873799
3152  799         8.48837211     11.27158062      0.71169848
3153  799         8.59143673     11.33008523      0.78703800
3154  799         8.66294602     11.37215778      0.85710418
3155  799         8.69602535     11.40619494      0.88889597
3156  799         8.69817792     11.42029718      0.88648059
3157  799         8.67258158     11.42505611      0.86507611
3158  799         8.61633032     11.42622507      0.84926155
3159  799         8.55837609     11.41487033      0.87338934
3160  799         8.54196347     11.42012709      0.93504107
3161  799         8.56024130     11.44529544      1.00547189
3162  799         8.58054649     11.47203048      1.07100713
3163  799         8.58094401     11.51197342      1.13762083
3164  799         8.58976710     11.55856830      1.19674771
3165  799         8.60339369     11.60440265      1.24679605
3166  799         8.60874572     11.66831514      1.26727048
3167  799         8.58470625     11.75051088      1.24547636
3168  799         8.56224280     11.83470726      1.22323691
3169  799         8.56580866     11.89788113      1.19366801
3170  799         8.56646900     11.95499613      1.14515387
3171  799         8.55749507     12.00899985      1.11691147
3172  799         8.53786973     12.03468267      1.13503173
3173  799         8.52883757     12.03700743      1.16715829
3174  799         8.53427124     12.05274888      1.18831469
3175  799         8.55708676     12.10404505      1.20956832
3176  799         8.60517247     12.17212542      1.24526178
3177  799         8.66146689     12.22568462      1.28051959
3178  799         8.70313942     12.25919578      1.28283532
3179  799         8.71945592     12.27342918      1.24733895
3180  799         8.73651898     12.26746738      1.20932080
3181  799         8.76930015     12.25304296      1.20655837
3182  799         8.80117763     12.25624100      1.23352139
3183  799         8.81968313     12.29034176      1.26975427
3184  799         8.81767026     12.34186058      1.31494753
3185  799         8.80699425     12.40820347      1.35910623
3186  799         8.80669161     12.47480243      1.38885432
3187  799         8.83055588     12.53501758      1.38733483
3188  799         8.87923536     12.58544020      1.35454827
3189  799         8.92083322     12.62238180      1.30072520
3190  799         8.94419832     12.63584532      1.24575892
3191  799         8.95129339     12.61332725      1.20954063
3192  799         8.95567440     12.56054295      1.19643915
3193  799         8.95749403     12.51027984      1.20551029
3194  799         8.96619168     12.48479931      1.23867794
3195  799         8.98531304     12.48556618      1.28114608
3196  799         9.02234256     12.49118587      1.32021940
3197  799         9.07319737     12.49318324      1.33405064
3198  799         9.12436986     12.51348425      1.31603246
3199  799         9.17214972     12.55593418      1.26131704
3200  799         9.22667608     12.58930321      1.19290371
3201  799         9.29863305     12.60650363      1.11737145
3202  799         9.37624815     12.61802512      1.06360243
3203  799         9.44594067     12.62144584      1.05239470
3204  799         9.51048380     12.59260678      1.05760652
3205  799         9.55894574     12.52429800      1.07333379
3206  799         9.57468887     12.45290260      1.09045002
3207  799         9.57848940     12.41172817      1.07188864
3208  799         9.57624662     12.40460325      1.00380826
3209  799         9.56950189     12.41672164      0.92101923
3210  799         9.55919788     12.43007310      0.84194941
3211  799         9.54170840     12.42791960      0.77332963
3212  799         9.51026199     12.36553181      0.70488203
3213  799         9.45897182     12.24365653      0.64513899
3214  799         9.39393774     12.14285285      0.59309591
3215  799         9.32993342     12.09788554      0.52598162
3216  799         9.28965866     12.07767105      0.46304979
3217  799         9.28002916     12.07189010      0.43217571
3218  799         9.29205002     12.08804499      0.43538334
3219  799         9.32280836     12.11429053      0.44380660
3220  799         9.37406008     12.12830104      0.45236463
3221  799         9.43692562     12.14017804      0.44933319
3222  799         9.48751722     12.15196459      0.42778384
3223  799         9.48934813     12.13963099      0.38246869
3224  799         9.47326547     12.10216034      0.29949460
3225  799         9.46828841     12.06876931      0.19574084
3226  799         9.49179826     12.04330781      0.09632674
3227  799         9.53534676     12.02913049      0.01437715
3228  799         9.59271257     12.03429069     -0.04079687
3229  799         9.66213482     12.03328956     -0.06511119
3230  799         9.72467534     12.00089286     -0.06536434
3231  799         9.76751073     11.93628948     -0.05425675
3232  799         9.78215766     11.86397919     -0.04618391
3233  799         9.78872469     11.80707352     -0.06968198
3234  799         9.79809056     11.76725465     -0.12081752
3235  799         9.82358257     11.75195971     -0.17028236
3236  799         9.86152087     11.76079163     -0.24222132
3237  799         9.89380020     11.77602456     -0.33612540
3238  799         9.92271371     11.78973813     -0.42473488
3239  799         9.97275417     11.82678799     -0.49201644
3240  799        10.04755614     11.88831925     -0.52437677
3241  799        10.11385207     11.94011524     -0.52282517
3242  799        10.13851346     11.95577091     -0.50388328
3243  799        10.13244539     11.94462903     -0.48528641
3244  799        10.13613366     11.94318927     -0.47008933
3245  799        10.15827286     11.97000855     -0.44692399
3246  799        10.19159830     12.01057927     -0.43375408
3247  799        10.24434434     12.05617275     -0.45500388
3248  799        10.31640403     12.11362801     -0.50290288
3249  799        10.37336546     12.17037216     -0.55858523
3250  799        10.40140225     12.22840528     -0.59493663
3251  799        10.41202471     12.28396055     -0.61153198
3252  799        10.43125991     12.33971868     -0.61709703
3253  799        10.43798399     12.39124423     -0.60790309
3254  799        10.42358188     12.42375866     -0.58203349
3255  799        10.41051863     12.41397778     -0.54956444
3256  799        10.43737922     12.36669513     -0.50694491
3257  799        10.51608527     12.32499016     -0.45923556
3258  799        10.63207006     12.30583068     -0.40499113
3259  799        10.78033177     12.30054831     -0.34365014
3260  799        10.93607928     12.30746307     -0.29232118
3261  799        11.06625368     12.34873131     -0.25825997
3262  799        11.14410458     12.43797360     -0.25728750
3263  799        11.18671385     12.52494199     -0.27776975
3264  799        11.23748413     12.55583113     -0.31519359
3265  799        11.30333229     12.53164238     -0.36430627
3266  799        11.35468965     12.48205970     -0.39674683
3267  799        11.38360495     12.42049307     -0.40433921
3268  799        11.40139951     12.36769264     -0.40876509
3269  799        11.43945804     12.33473656     -0.43891956
3270  799        11.50020432     12.31488538     -0.49972165
3271  799        11.56690206     12.31337968     -0.57126256
3272  799        11.62646001     12.32057611     -0.63134154
3273  799        11.67846851     12.32740646     -0.66173854
3274  799        11.73303748     12.31006626     -0.67430926
3275  799        11.78792526     12.25960623     -0.66864734
3276  799        11.82501320     12.19866841     -0.65360526
3277  799        11.82506043     12.14436654     -0.64453313
3278  799        11.81400586     12.09444672     -0.62763897
3279  799        11.83406395     12.04632732     -0.61415652
3280  799        11.86179258     12.00266273     -0.61082002
3281  799        11.87449989     11.94040284     -0.60275281
3282  799        11.84834103     11.90239593     -0.57937477
3283  799        11.78240239     11.88552138     -0.58071477
3284  799        11.71173127     11.88409463     -0.59835560
3285  799        11.68021798     11.90775944     -0.60586515
3286  799        11.67756545     11.93351688     -0.62413947
3287  799        11.67645996     11.93857214     -0.64649809
3288  799        11.68068831     11.92769088     -0.67735419
3289  799        11.69317914     11.91315233     -0.73508646
3290  799        11.73779781     11.88260584     -0.81584781
3291  799        11.80815596     11.83075459     -0.90499366
3292  799        11.87718747     11.76444665     -0.98307915
3293  799        11.91414824     11.71669412     -1.04809462
3294  799        11.91537590     11.68838093     -1.11254647
3295  799        11.90954813     11.66789508     -1.17337332
3296  799        11.91391776     11.61726137     -1.19553552
3297  799        11.93351701     11.52794444     -1.18346345
3298  799        11.94176513     11.40443544     -1.18059663
3299  799        11.95158661     11.27913573     -1.21396223
3300  799        11.98014387     11.20272399     -1.24584371
3301  799        12.04696210     11.18309825     -1.29210068
3302  799        12.13590555     11.20418707     -1.34898349
3303  799        12.23045514     11.21710268     -1.39437077
3304  799        12.32472656     11.21903653     -1.42531871
3305  799        12.40007271     11.20998416     -1.47788741
3306  799        12.47068567     11.21076787     -1.52332784
3307  799        12.51902683     11.19985546     -1.56871013
3308  799        12.52392214     11.18308455     -1.61704355
3309  799        12.50456279     11.12997201     -1.64572568
3310  799        12.51052573     11.07159606     -1.66741330
3311  799        12.53820989     11.05083176     -1.69099649
3312  799        12.57375766     11.05843842     -1.72207386
3313  799        12.60866806     11.07051926     -1.77311254
3314  799        12.63801026     11.07086926     -1.83130186
3315  799        12.68023278     11.05992975     -1.85704543
3316  799        12.70136453     11.04777770     -1.87355006
3317  799        12.72412465     11.04977188     -1.87784356
3318  799        12.77027297     11.06027255     -1.88091731
3319  799        12.85146467     11.05492153     -1.86472798
3320  799        12.91407801     11.04364643     -1.81890271
3321  688        14.95990360      9.93236512     -1.12505942
3322  688        15.03258370      9.90424030     -1.10151544
3323  688        15.09739989      9.87405090     -1.11079027
3324  688        15.14485741      9.83509552     -1.15707529
3325  688        15.15357772      9.81007799     -1.25657183
3326  688        15.15184219      9.80310267     -1.38791168
3327  688        15.16332214      9.78447502     -1.48159737
3328  688        15.15509105      9.75425780     -1.51334698
3329  688        15.13974729      9.75008378     -1.50750522
3330  688        15.12583257      9.77348635     -1.48062955
3331  688        15.11477557      9.80959479     -1.44746751
3332  688        15.09897309      9.86494435     -1.42634645
3333  688        15.06891356      9.95367756     -1.43208276
3334  688        15.02472693     10.05705283     -1.45305080
3335  688        14.98383263     10.13221610     -1.46113763
3336  688        14.95549985     10.16767715     -1.49069630
3337  688        14.93780962     10.17024756     -1.55408712
3338  688        14.90739675     10.16618326     -1.63066076
3339  688        14.85847824     10.16892647     -1.70608768
3340  688        14.80440336     10.17947362     -1.78590821
3341  688        14.74256678     10.18092528     -1.86914200
3342  688        14.65947056     10.17312955     -1.94109541
3343  688        14.56195074     10.17229664     -1.99153899
3344  688        14.47553479     10.18766104     -2.00419815
3345  688        14.41477486     10.23177032     -1.99128934
3346  688        14.36914219     10.29170110     -1.97189062
3347  688        14.32427404     10.32404262     -1.97444528
3348  688        14.26205150     10.30378428     -2.00209764
3349  688        14.21151549     10.25232426     -2.03138763
3350  688        14.21856533     10.21402536     -2.03941355
3351  688        14.28809276     10.22467574     -2.03156070
3352  688        14.37515660     10.25107608     -2.01491432
3353  688        14.41911327     10.25186625     -2.00311692
3354  688        14.41705119     10.22392197     -2.01513731
3355  688        14.40130483     10.19061374     -2.03199356
3356  688        14.40049628     10.19694628     -2.03308973
3357  688        14.40835706     10.24940189     -2.00589686
3358  688        14.43313611     10.29356307     -1.96023391
3359  688        14.49348554     10.29435298     -1.90314208
3360  688        14.56917837     10.27205104     -1.85131535
3361  688        14.61597516     10.27655212     -1.82227636
3362  688        14.63021039     10.31380246     -1.80186970
3363  688        14.63448769     10.35701779     -1.78810066
3364  688        14.63931612     10.39947365     -1.77509493
3365  688        14.66317401     10.41354323     -1.76384673
3366  688        14.69774430     10.38632046     -1.75126294
3367  688        14.72627947     10.33913088     -1.73779169
3368  688        14.74291273     10.30410533     -1.71930745
3369  688        14.77251957     10.29651728     -1.71196530
3370  688        14.84268611     10.32092723     -1.72554915
3371  688        14.92113528     10.36128317     -1.74984179
3372  688        14.95641509     10.38828140     -1.77060441
3373  688        14.95864072     10.41305667     -1.77178232
3374  688        14.95537904     10.43709242     -1.76081898
3375  688        14.94675637     10.45042296     -1.75866335
3376  688        14.95023341     10.43680904     -1.75273712
3377  688        14.99601879     10.40511262     -1.72146915
3378  688        15.06248557     10.37563053     -1.68088577
3379  688        15.12992393     10.37547909     -1.63604214
3380  688        15.22177787     10.40141471     -1.57913755
3381  688        15.32613699     10.43772757     -1.51155817
3382  688        15.38799266     10.46009103     -1.43430465
3383  688        15.38364915     10.45460849     -1.34495773
3384  688        15.33782511     10.44409910     -1.25497616
3385  688        15.30335250     10.46472772     -1.17222038
3386  688        15.30834486     10.51465489     -1.10548483
3387  688        15.36879766     10.55515259     -1.04255588
3388  688        15.46696258     10.59327414     -0.97735592
3389  688        15.54247344     10.66125562     -0.94466750
3390  688        15.57697924     10.75681098     -0.94851012
3391  688        15.60279679     10.84993479     -0.94424781
3392  688        15.65595552     10.90807887     -0.90969636
3393  688        15.72684683     10.92684619     -0.85344599
3394  688        15.78262723     10.94155428     -0.78839006
3395  688        15.82067719     10.97241805     -0.73376102
3396  688        15.84627698     10.99823443     -0.67788727
3397  688        15.86221393     11.00150129     -0.60139752
3398  688        15.87206044     10.99991661     -0.49422342
3399  688        15.88641173     11.02204407     -0.38817409
3400  688        15.90816152     11.08073468     -0.32542572
3401  688        15.92286110     11.16107932     -0.30414906
3402  688        15.95395067     11.23352426     -0.26670419
3403  688        16.00131808     11.26985362     -0.19177033
3404  688        16.03567348     11.26195958     -0.09299666
3405  688        16.06700976     11.24974719     -0.00608298
3406  688        16.12839174     11.28038818      0.05142969
3407  688        16.22830590     11.33512353      0.08786207
3408  688        16.31968267     11.38275250      0.14462418
3409  688        16.37094344     11.41411694      0.24032720
3410  688        16.37907605     11.42612320      0.35123101
3411  688        16.39396761     11.41586837      0.45206978
3412  688        16.42176833     11.39982015      0.54646673
3413  688        16.43384615     11.37739682      0.64489152
3414  688        16.44078619     11.35649692      0.74375804
3415  688        16.45876617     11.33652871      0.82821816
3416  688        16.47708318     11.33923258      0.86555254
3417  688        16.50881547     11.37842513      0.90386288
3418  688        16.55433452     11.42842489      0.94514500
3419  688        16.57872150     11.44792768      0.98421372
3420  688        16.57482385     11.45493328      1.01474409
3421  688        16.56378394     11.45692220      1.03095438
3422  688        16.55201926     11.43380404      1.01674880
3423  688        16.55770416     11.38774233      0.97195639
3424  688        16.58225999     11.35800463      0.91958840
3425  688        16.58537820     11.36439516      0.88471298
3426  688        16.55333224     11.38230534      0.85901340
3427  688        16.50773057     11.41084279      0.82156413
3428  688        16.47787575     11.45454905      0.77133284
3429  688        16.45322786     11.51423102      0.69878157
3430  688        16.43270849     11.56370665      0.61654254
3431  688        16.41322792     11.55347590      0.54802340
3432  688        16.40605010     11.49799459      0.47282601
3433  688        16.42311349     11.44497838      0.38812776
3434  688        16.45074089     11.40712784      0.32509416
3435  688        16.46389471     11.37137551      0.28137116
3436  688        16.43985912     11.30493312      0.24333309
3437  688        16.37794261     11.23072660      0.22421147
3438  688        16.30244685     11.17505179      0.23466780
3439  688        16.22363200     11.14395163      0.24537476
3440  688        16.15354980     11.11518779      0.23094854
3441  688        16.09611539     11.06576365      0.19326306
3442  688        16.06192787     10.98552058      0.15602136
3443  688        16.04575841     10.89317587      0.14440859
3444  688        16.03527414     10.81558569      0.16773238
3445  688        16.03958022     10.75494027      0.19895880
3446  688        16.07241097     10.70918639      0.20816263
3447  688        16.10283314     10.68792418      0.20300341
3448  688        16.09799148     10.68212287      0.19028142
3449  688        16.05810412     10.67428488      0.18076705
3450  688        16.02283287     10.66266207      0.19739936
3451  688        16.02234353     10.63154072      0.23447702
3452  688        16.06154133     10.56690497      0.25211502
3453  688        16.08867669     10.51747668      0.23056257
3454  688        16.09636195     10.50219216      0.18468859
3455  688        16.12258968     10.48732887      0.13414713
3456  688        16.16802013     10.46548142      0.08397622
3457  688        16.21491657     10.44211400      0.03683834
3458  688        16.25755911     10.44687608     -0.02426558
3459  688        16.29031193     10.46455580     -0.08609818
3460  688        16.31444885     10.47713059     -0.13187252
3461  688        16.33310259     10.47081814     -0.17171606
3462  688        16.33208267     10.46476318     -0.23107599
3463  688        16.31381015     10.45375335     -0.27995942
3464  688        16.30116578     10.43134156     -0.29937495
3465  688        16.30609708     10.40397678     -0.31243389
3466  688        16.30265692     10.38173507     -0.31221659
3467  688        16.28516975     10.35862301     -0.29665070
3468  688        16.25505642     10.33794969     -0.28668472
3469  688        16.22003902     10.30159934     -0.30082956
3470  688        16.19792607     10.23063685     -0.31161900
3471  688        16.21430028     10.16401742     -0.27550867
3472  688        16.25873482     10.15919265     -0.20777973
3473  688        16.28457737     10.20448007     -0.13367346
3474  688        16.29761123     10.23687041     -0.07425498
3475  688        16.30414249     10.24698160     -0.03682408
3476  688        16.30255438     10.24349651     -0.04056697
3477  688        16.29446886     10.23192901     -0.07452466
3478  688        16.27390616     10.22346872     -0.11259064
3479  688        16.24009510     10.22105973     -0.13852235
3480  688        16.19741159     10.21396169     -0.15739566
3481  688        16.13328378     10.20201224     -0.17383873
3482  688        16.05686025     10.18942288     -0.17608987
3483  688        15.97909544     10.17931840     -0.17608035
3484  688        15.91903813     10.16762297     -0.16725098
3485  688        15.87653302     10.16763138     -0.14189997
3486  688        15.84492904     10.19071251     -0.09726717
3487  688        15.82436011     10.22231834     -0.04173455
3488  688        15.81335245     10.24998892      0.01791340
3489  688        15.80693916     10.27819781      0.07987602
3490  688        15.80251499     10.30421522      0.13371594
3491  688        15.79569932     10.32403558      0.16931849
3492  688        15.77184421     10.33199672      0.21329075
3493  688        15.75949996     10.32179402      0.26384388
3494  688        15.76706190     10.30801986      0.29203748
3495  688        15.79855208     10.28877195      0.31159090
3496  688        15.84767519     10.26337428      0.33866843
3497  688        15.90605321     10.24848022      0.37910010
3498  688        15.95678852     10.24246127      0.43756165
3499  688        16.00867110     10.23822654      0.48995352
3500  688        16.06523549     10.24588880      0.52614285
3501  688        16.12028968     10.25169035      0.55401671
3502  688        16.15031007     10.23637385      0.60269832
3503  688        16.16199361     10.20426114      0.67223394
3504  688        16.18415231     10.14968993      0.74953966
3505  688        16.22759589     10.08664744      0.81902560
3506  688        16.27935778     10.02254218      0.87976582
3507  688        16.32378381      9.95133870      0.92355899
3508  688        16.35881699      9.86933693      0.94991901
3509  688        16.40272261      9.78985195      0.94489941
3510  688        16.44281783      9.71675197      0.91065995
3511  688        16.46350512      9.64427398      0.87873207
3512  688        16.44417194      9.56728773      0.86024941
3513  688        16.41027812      9.49456031      0.84223647
3514  688        16.40742983      9.42460574      0.80921508
3515  688        16.46271836      9.37801266      0.75036337
3516  688        16.54471184      9.36381700      0.69495282
3517  688        16.62300330      9.33776674      0.65887737
3518  688        16.66751593      9.28292335      0.62988584
3519  688        16.67960010      9.23768865      0.56958706
3520  688        16.68151574      9.23348955      0.46727412
3521  688        16.67007134      9.25860043      0.35768319
3522  688        16.65820058      9.26399772      0.25762835
3523  688        16.64942919      9.22950531      0.16503396
3524  688        16.66598632      9.18019109      0.07711834
3525  688        16.69334862      9.13823994      0.00173760
3526  688        16.72522716      9.10167797     -0.06523674
3527  688        16.75831186      9.08869214     -0.11197708
3528  688        16.78749372      9.09296980     -0.12071815
3529  688        16.79176857      9.08222330     -0.08339880
3530  688        16.75609172      9.06683586     -0.05961322
3531  688        16.69065836      9.08765116     -0.08637572
3532  688        16.62586460      9.14763778     -0.10776947
3533  688        16.59648870      9.22387322     -0.11132516
3534  688        16.60587638      9.29251848     -0.12044127
3535  688        16.64249368      9.33348524     -0.13975951
3536  688        16.68216880      9.36658878     -0.15456061
3537  688        16.70473236      9.39982616     -0.18532578
3538  688        16.71740310      9.43685918     -0.26080950
3539  688        16.73259315      9.44743047     -0.35772922
3540  688        16.74859517      9.41687296     -0.42923843
3541  688        16.76476625      9.37553677     -0.45713858
3542  688        16.78247207      9.35198409     -0.45873634
3543  688        16.81648355      9.34347407     -0.45132802
3544  688        16.87366169      9.33043041     -0.42304767
3545  688        16.92612690      9.33240442     -0.38983043
3546  688        16.93119132      9.38195156     -0.37272910
3547  688        16.90480047      9.46294240     -0.36947700
3548  688        16.90903728      9.53800912     -0.36327258
3549  688        16.95653826      9.58295331     -0.35649498
3550  688        17.00854859      9.61768351     -0.38030745
3551  688        17.03906363      9.61578238     -0.43419939
3552  688        17.07396451      9.57035277     -0.47986896
3553  688        17.12561178      9.51280618     -0.48918986
3554  688        17.19678588      9.49099191     -0.47042402
3555  688        17.28722440      9.52597460     -0.45208568
3556  688        17.37274361      9.58773696     -0.44298608
3557  688        17.43453606      9.66598089     -0.43894831
3558  688        17.47540283      9.74629608     -0.46311675
3559  688        17.52195330      9.80568900     -0.49679312
3560  688        17.58365774      9.84024720     -0.50842425
3561  688        17.64686298      9.87152129     -0.51465428
3562  688        17.69924053      9.90513041     -0.52804425
3563  688        17.72860505      9.93266698     -0.53291780
3564  688        17.72379243      9.93340744     -0.53241533
3565  688        17.71869319      9.89652544     -0.53311104
3566  688        17.72918672      9.84647852     -0.53593644
3567  688        17.75207561      9.81643568     -0.52980070
3568  688        17.77966500      9.79493225     -0.52914597
3569  688        17.80934537      9.78170941     -0.55893939
3570  688        17.83393944      9.77350672     -0.60642452
3571  688        17.83599374      9.75327324     -0.63966986
3572  688        17.82641880      9.70641709     -0.64450219
3573  688        17.83166951      9.65513002     -0.63874291
3574  688        17.85260407      9.62443309     -0.62078966
3575  688        17.88142633      9.60944927     -0.58769749
3576  688        17.92089183      9.61895700     -0.56032463
3577  688        17.97137679      9.66223419     -0.54654724
3578  688        18.03095789      9.69541427     -0.55903275
3579  688        18.07843796      9.69991107     -0.59847487
3580  688        18.08345427      9.70926554     -0.64797770
3581  688        18.02776598      9.72230931     -0.69336498
3582  688        17.94619544      9.73276772     -0.73197428
3583  688        17.88306894      9.74085166     -0.78148844
3584  688        17.87458651      9.74116599     -0.82959784
3585  688        17.91279908      9.72672363     -0.85112996
3586  688        17.95793950      9.71069025     -0.84202118
3587  688        17.99328624      9.70654300     -0.82173782
3588  688        18.02354658      9.70246840     -0.80309544
3589  688        18.05503526      9.70553257     -0.78172242
3590  688        18.06476343      9.71843803     -0.75057839
3591  688        18.05425415      9.73348648     -0.73589417
3592  688        18.04115591      9.74991408     -0.75148671
3593  688        18.04738064      9.77697307     -0.77210219
3594  688        18.06527696      9.80448890     -0.78695859
3595  688        18.08815549      9.82431031     -0.79212284
3596  688        18.11260112      9.84418893     -0.78386815
3597  688        18.13245838      9.85915653     -0.74956654
3598  688        18.14616136      9.88599444     -0.68657456
3599  688        18.15682787      9.93438997     -0.60618240
3600  688        18.16535425     10.00109909     -0.52392478
3601  688        18.15091298     10.04450540     -0.45584053
3602  688        18.13101013     10.03424677     -0.40234370
3603  688        18.11492226      9.98484484     -0.35210301
3604  688        18.11233759      9.93376943     -0.30264536
3605  688        18.10410969      9.90376902     -0.25218686
3606  688        18.08559032      9.89926845     -0.19246283
3607  688        18.05257297      9.93204996     -0.12538834
3608  688        18.02854852     10.00625670     -0.06435683
3609  688        18.03989991     10.10148891     -0.01258971
3610  688        18.06269159     10.18924390      0.02639792
3611  688        18.07730907     10.28304867      0.06639507
3612  688        18.09242680     10.38272284      0.11362766
3613  688        18.14316422     10.45281247      0.16626282
3614  688        18.21373902     10.50074047      0.22049216
3615  688        18.27297002     10.53561567      0.26873238
3616  688        18.31025723     10.56667573      0.28333367
3617  688        18.32088965     10.62898726      0.27677379
3618  688        18.27554351     10.69232210      0.30277397
3619  688        18.23344967     10.74826898      0.31324003
3620  706        18.81700361     12.72213158     -1.28266754
3621  706        18.77767787     12.70573633     -1.39691529
3622  706        18.73528760     12.66769273     -1.46429936
3623  706        18.72499190     12.67064910     -1.50360504
3624  706        18.72917269     12.73570612     -1.53109271
3625  706        18.73283267     12.82955036     -1.54779119
3626  706        18.73543156     12.89034973     -1.55048047
3627  706        18.74204282     12.89592241     -1.56499767
3628  706        18.77673406     12.87080883     -1.57839137
3629  706        18.81573891     12.83790778     -1.59371999
3630  706        18.84896342     12.79602599     -1.61242322
3631  706        18.87681357     12.73214263     -1.64337888
3632  706        18.90160070     12.66924370     -1.67719403
3633  706        18.92260203     12.66250736     -1.69728632
3634  706        18.94382081     12.69583841     -1.69958214
3635  706        18.98480669     12.74043787     -1.72075150
3636  706        19.02826657     12.81035176     -1.76836337
3637  706        19.06219220     12.89858238     -1.81042781
3638  706        19.08911688     12.95849074     -1.86755439
3639  706        19.13335014     12.93541012     -1.92135637
3640  706        19.18147716     12.84563752     -1.93656840
3641  706        19.19863413     12.75908607     -1.91463207
3642  706        19.19344941     12.74577899     -1.92315578
3643  706        19.20860300     12.80538327     -1.94983450
3644  706        19.24642401     12.89007408     -1.95921065
3645  706        19.28584113     12.94375032     -1.95807347
3646  706        19.31301875     12.98880669     -1.95733816
3647  706        19.32778002     13.04940637     -1.96972707
3648  706        19.34908201     13.09332053     -1.94592286
3649  706        19.37076041     13.08736939     -1.89051931
3650  706        19.39799768     13.05724880     -1.82842770
3651  706        19.43690245     13.03615375     -1.77078652
3652  706        19.46269062     13.04117432     -1.73002889
3653  706        19.47391117     13.08548808     -1.69968681
3654  706        19.48406144     13.15503342     -1.66511661
3655  706        19.49467564     13.23396098     -1.64029099
3656  706        19.48269318     13.29337191     -1.64619028
3657  706        19.43860745     13.31474924     -1.63130161
3658  706        19.41509039     13.27710378     -1.57180220
3659  706        19.42625290     13.19607877     -1.49586851
3660  706        19.42696593     13.10641379     -1.42973440
3661  706        19.41785916     13.03696414     -1.37344371
3662  706        19.43271490     13.02792483     -1.30977893
3663  706        19.49107219     13.08355739     -1.24332143
3664  706        19.56777494     13.16903544     -1.19188200
3665  706        19.62967458     13.22562238     -1.13752073
3666  706        19.65671805     13.24747598     -1.07169355
3667  706        19.66979929     13.24320716     -1.00736434
3668  706        19.68191324     13.26285095     -0.95377274
3669  706        19.70958190     13.30241622     -0.89816244
3670  706        19.75530421     13.31295066     -0.83402068
3671  706        19.80849106     13.27338135     -0.74137691
3672  706        19.85665070     13.20042074     -0.64402223
3673  706        19.89405560     13.11978017     -0.57443430
3674  706        19.90987202     13.06025877     -0.52223053
3675  688        18.59064626     11.00310996     -0.67676227
3676  688        18.57268231     11.01915887     -0.71364898
3677  688        18.52117539     11.01611367     -0.73532287
3678  688        18.48286269     10.99122658     -0.71777156
3679  688        18.47271251     10.97058338     -0.68506380
3680  688        18.48817797     10.96650540     -0.64752856
3681  688        18.50666218     10.95885034     -0.61675492
3682  688        18.53364749     10.96682951     -0.59457763
3683  688        18.57744170     10.99451679     -0.60183547
3684  688        18.63275914     11.03625669     -0.62545847
3685  688        18.67858015     11.07305744     -0.63148841
3686  688        18.72443381     11.07432561     -0.64565528
3687  688        18.76462925     11.03542691     -0.68954406
3688  688        18.79627903     11.00261256     -0.73189225
3689  688        18.82842204     11.00700824     -0.73894359
3690  688        18.86166052     11.04906371     -0.70758969
3691  688        18.91185871     11.08135115     -0.66822081
3692  688        18.99625024     11.05141527     -0.64311731
3693  688        19.10860671     10.97127748     -0.63294646
3694  688        19.21256659     10.88590589     -0.63225772
3695  688        19.31454313     10.81508610     -0.64362575
3696  688        19.38526986     10.76214022     -0.66237721
3697  688        19.40921099     10.72702880     -0.67253093
3698  688        19.41918067     10.69966134     -0.66615601
3699  688        19.45110698     10.69916377     -0.63944121
3700  688        19.50354598     10.72898820     -0.58965553
3701  688        19.55967311     10.78036550     -0.52964674
3702  688        19.61657647     10.83921739     -0.46852763
3703  688        19.66004877     10.86587437     -0.41814718
3704  688        19.67033790     10.83511281     -0.37737253
3705  688        19.64741172     10.78742135     -0.34176412
3706  688        19.63718110     10.77474579     -0.30818676
3707  688        19.65013225     10.81328887     -0.28377276
3708  688        19.67295643     10.88214686     -0.27574289
3709  688        19.69910697     10.95214336     -0.28936914
3710  688        19.73913005     11.02112337     -0.30108273
3711  688        19.78046618     11.06909311     -0.27689140
3712  688        19.79635536     11.09505666     -0.21437750
3713  688        19.79793920     11.11449442     -0.16010636
3714  688        19.79697570     11.12594768     -0.15004798
3715  688        19.79414267     11.10987001     -0.16829723
3716  688        19.79095806     11.05612985     -0.18468902
3717  688        19.78053365     10.99892766     -0.17340881
3718  688        19.76902758     10.95750378     -0.14410241
3719  688        19.77312305     10.94000367     -0.13304087
3720  688        19.79908610     10.95490337     -0.16525471
3721  688        19.84554917     10.98070554     -0.21479065
3722  688        19.87660085     10.97819027     -0.24650426
3723  688        19.84844022     10.96254051     -0.27495724
3724  688        19.79449040     10.96114713     -0.30614403
3725  688        19.75491853     10.95134825     -0.34223143
3726  688        19.74847229     10.93566476     -0.40579763
3727  688        19.74930023     10.91442878     -0.48253621
3728  688        19.74644743     10.88884010     -0.51594836
3729  688        19.73695068     10.85374963     -0.53369448
3730  688        19.73207015     10.85384200     -0.54675635
3731  778        20.89522874      8.77331771     -0.26729117
3732  778        20.93516360      8.75319771     -0.30858190
3733  778        20.97502747      8.73367773     -0.35540409
3734  778        21.03852968      8.72940604     -0.42020066
3735  778        21.10199271      8.74601089     -0.47703466
3736  778        21.17381675      8.77185123     -0.50722196
3737  778        21.25869699      8.78345441     -0.51369811
3738  778        21.32872021      8.77216268     -0.52032254
3739  778        21.36111215      8.77661237     -0.52436015
3740  778        21.37888727      8.83166482     -0.54673610
3741  778        21.37513549      8.90136090     -0.57976077
3742  778        21.35821283      8.95386266     -0.63052829
3743  778        21.34076327      8.98149385     -0.70421451
3744  778        21.31812948      8.99315039     -0.77975797
3745  778        21.28324378      9.00589790     -0.83289294
3746  778        21.24045187      9.02659591     -0.85768452
3747  778        21.19100117      9.05037869     -0.86383713
3748  778        21.14993726      9.07086793     -0.87393575
3749  778        21.11538796      9.08082428     -0.88714349
3750  778        21.09918247      9.09337735     -0.89872775
3751  778        21.09561914      9.10772399     -0.92392746
3752  778        21.09916781      9.09771883     -0.95629243
3753  778        21.11665425      9.06957530     -0.99398985
3754  778        21.12562768      9.04821453     -1.04114846
3755  778        21.14183668      9.04497965     -1.10544119
3756  778        21.15183044      9.03816080     -1.17427582
3757  778        21.16321730      9.03367525     -1.21286267
3758  778        21.16593331      9.08412796     -1.22317017
3759  778        21.17486542      9.17292418     -1.22167826
3760  778        21.16656877      9.23704873     -1.22402354
3761  778        21.15551271      9.25780418     -1.22815604
3762  778        21.14626247      9.26206743     -1.22823185
3763  778        21.13785527      9.29241987     -1.21962481
3764  778        21.13199656      9.32340188     -1.20834650
3765  778        21.11678104      9.32927047     -1.20235924
3766  778        21.07297816      9.31886182     -1.18515284
3767  778        20.98367151      9.30352878     -1.16720006
3768  778        20.88269635      9.30949217     -1.17215721
3769  778        20.79912322      9.31822513     -1.18537006
3770  778        20.73939918      9.30174472     -1.18402570
3771  778        20.68092029      9.27472029     -1.15113564
3772  778        20.62856536      9.25375538     -1.09353476
3773  778        20.57431682      9.23352247     -1.04664204
3774  778        20.50263173      9.22008140     -1.02805274
3775  778        20.40451387      9.20368184     -1.01779474
3776  778        20.30199242      9.18124915     -0.99963145
3777  778        20.23170432      9.15580658     -0.98397996
3778  778        20.18757072      9.14028206     -0.98387561
3779  778        20.15352008      9.14216806     -0.99850184
3780  778        20.12736144      9.15802288     -1.00995820
3781  778        20.12380170      9.17114282     -1.00235734
3782  778        20.14797048      9.17865919     -0.99840232
3783  778        20.17160634      9.18320861     -1.01948727
3784  778        20.16353405      9.18384935     -1.05193519
3785  778        20.15457479      9.18380670     -1.07512865
3786  778        20.14277038      9.18944853     -1.09628237
3787  778        20.11607454      9.18263006     -1.11136401
3788  778        20.07738156      9.16112042     -1.11845789
3789  778        20.06081290      9.12593502     -1.11700730
3790  778        20.06443082      9.08751620     -1.10986800
3791  778        20.05983652      9.08022140     -1.09581199
3792  778        20.05234939      9.08641763     -1.08248903
3793  778        20.05338673      9.08623531     -1.09423005
3794  778        20.05424339      9.07481102     -1.12679204
3795  778        20.02760322      9.06971358     -1.16750577
3796  778        19.99131789      9.08668245     -1.21798557
3797  778        19.96544359      9.12090015     -1.27038427
3798  778        19.97300880      9.16186035     -1.31221831
3799  778        20.00279738      9.19604984     -1.34559582
3800  778        20.01836301      9.20744229     -1.37755650
3801  778        20.01075885      9.20054608     -1.42423457
3802  778        19.98874316      9.17699669     -1.47446796
3803  778        19.98862935      9.15422295     -1.49591304
3804  778        20.00486928      9.14919659     -1.49690847
3805  778        20.02568619      9.17849198     -1.48020700
3806  778        20.01902986      9.23409261     -1.46178974
3807  778        19.98687111      9.28354066     -1.46075619
3808  778        19.94122293      9.30139096     -1.48149585
3809  778        19.91199976      9.29066317     -1.49030139
3810  778        19.91102083      9.27471789     -1.45603582
3811  778        19.92623070      9.26241225     -1.38933321
3812  778        19.94836871      9.26670474     -1.32514703
3813  778        19.93959841      9.28525782     -1.28458469
3814  778        19.89491323      9.30334084     -1.26474756
3815  778        19.84575604      9.32757269     -1.25460963
3816  778        19.83633726      9.36103138     -1.24305703
3817  778        19.83452067      9.41165123     -1.22747266
3818  778        19.82145126      9.46794245     -1.21918586
3819  778        19.79634488      9.51500593     -1.22442169
3820  778        19.76215818      9.55448694     -1.22976083
3821  778        19.72859837      9.56969704     -1.23913961
3822  778        19.69001217      9.57941614     -1.25229731
3823  778        19.67594053      9.58363472     -1.26063671
3824  778        19.68172286      9.58574234     -1.25174186
3825  778        19.69343320      9.58621458     -1.22035486
3826  778        19.69782424      9.58228232     -1.17548927
3827  778        19.69507069      9.57075659     -1.14777682
3828  778        19.69110024      9.56934715     -1.14801335
3829  778        19.68312579      9.60884715     -1.14691806
3830  778        19.66986566      9.65538064     -1.12784348
3831  778        19.63409214      9.67615909     -1.10652628
3832  778        19.57361065      9.67975273     -1.10496470
3833  778        19.53127098      9.68629206     -1.10693427
3834  778        19.54087054      9.68493214     -1.11044266
3835  778        19.58048903      9.67705652     -1.10687811
3836  778        19.60595130      9.69253091     -1.10129674
3837  778        19.62078370      9.73689153     -1.08970409
3838  778        19.64713485      9.77400076     -1.06989588
3839  778        19.68783135      9.79051178     -1.03484055
3840  778        19.71429737      9.80486113     -0.99142771
3841  778        19.71110452      9.83146249     -0.95195359
3842  778        19.71795480      9.86380177     -0.89528579
3843  778        19.73219208      9.90567606     -0.84235510
3844  778        19.77089086      9.94001528     -0.80103934
3845  778        19.82635830      9.94071070     -0.74182529
3846  778        19.86916947      9.92602867     -0.68163353
3847  778        19.89383469      9.90907538     -0.61985399
3848  778        19.90711144      9.89762630     -0.54511712
3849  778        19.89924056      9.90769879     -0.46781563
3850  778        19.88371196      9.94649798     -0.40290266
3851  778        19.89643090     10.00971323     -0.35643792
3852  778        19.91395486     10.08418052     -0.31579050
3853  778        19.90479341     10.16486941     -0.28362565
3854  778        19.84623022     10.24106248     -0.25428647
3855  778        19.77901751     10.29510413     -0.24638990
3856  778        19.73760538     10.31494603     -0.25513545
3857  778        19.71373323     10.33086559     -0.25595511
3858  778        19.70159280     10.34228250     -0.21587845
3859  778        19.68823294     10.34669924     -0.15259074
3860  778        19.66452192     10.34106784     -0.11749166
3861  778        19.65294606     10.32482352     -0.11020438
3862  778        19.65204101     10.30190415     -0.09862649
3863  778        19.63130977     10.29754007     -0.08076823
3864  778        19.58322597     10.30318228     -0.05932335
3865  778        19.54120898     10.31730045     -0.03976148
3866  778        19.52184408     10.35454729     -0.02577732
3867  778        19.50030745     10.39216176     -0.00628705
3868  778        19.47096179     10.42238474      0.01668479
3869  778        19.42107511     10.44536098      0.04694798
3870  778        19.35881404     10.45979067      0.07516684
3871  778        19.29258214     10.44084012      0.09603695
3872  778        19.24163051     10.41887520      0.12060334
3873  778        19.21711265     10.42588042      0.14496506
3874  778        19.21255674     10.45153638      0.15710408
3875  778        19.22099005     10.46767931      0.14652755
3876  778        19.24211138     10.47607075      0.14999131
3877  778        19.26492068     10.47711918      0.18051187
3878  778        19.29627461     10.46822761      0.22163431
3879  778        19.33449670     10.47663492      0.25246151
3880  778        19.34950539     10.51691998      0.28894416
3881  778        19.30984981     10.56113964      0.34028262
3882  778        19.24930037     10.60818542      0.40448808
3883  778        19.20945815     10.66335011      0.47022467
3884  778        19.17531230     10.72653168      0.51506881
3885  778        19.13919988     10.79949096      0.53754312
3886  778        19.09362570     10.88799780      0.52191108
3887  778        19.04716148     10.96984861      0.49204662
3888  778        18.98652235     11.02715151      0.47825182
3889  778        18.92245419     11.03938642      0.51593808
3890  778        18.87250767     10.99660229      0.58581936
3891  778        18.86155299     10.93650729      0.65293643
3892  778        18.85996494     10.88650074      0.68831823
3893  778        18.84125539     10.86017294      0.68619897
3894  778        18.82903468     10.87130747      0.66178262
3895  778        18.84330252     10.93027275      0.62479184
3896  778        18.85453147     11.00602061      0.58085961
3897  778        18.79697071     11.05393969      0.54187042
3898  778        18.68951210     11.04848309      0.52857566
3899  778        18.57309840     11.00678434      0.53496249
3900  778        18.46526893     10.98966690      0.55409645
3901  778        18.41750548     10.99908882      0.56494211
3902  778        18.43482559     11.01715209      0.53184697
3903  778        18.47152877     11.00654130      0.46218279
3904  778        18.50347734     10.97586062      0.39898548
3905  778        18.50301489     10.94909570      0.35343411
3906  778        18.48021122     10.95674602      0.32293188
3907  778        18.44903745     10.99181689      0.30180782
3908  778        18.43996945     11.04044492      0.27767096
3909  778        18.44088392     11.07330453      0.21935366
3910  778        18.43514705     11.07778504      0.13577082
3911  778        18.42877420     11.07132396      0.06540186
3912  778        18.45004548     11.08600959     -0.00183663
3913  778        18.49530453     11.13829204     -0.06377148
3914  778        18.51304825     11.20015528     -0.11329275
3915  778        18.49097741     11.25983111     -0.17225768
3916  778        18.45263049     11.32298907     -0.24206696
3917  778        18.42869378     11.37813566     -0.30458130
3918  778        18.41010685     11.42362126     -0.36623054
3919  778        18.39342906     11.46689629     -0.43400487
3920  778        18.36373425     11.53634458     -0.48743820
3921  778        18.31498220     11.62212445     -0.51866000
3922  778        18.25309665     11.72054619     -0.55898802
3923  778        18.18907105     11.81196007     -0.60453597
3924  778        18.13287565     11.90092666     -0.67422001
3925  778        18.10331403     11.99771155     -0.75854604
3926  778        18.09728616     12.08780451     -0.82385346
3927  778        18.09761818     12.15767698     -0.85132718
3928  778        18.10684396     12.19830019     -0.86929425
3929  778        18.12502921     12.19373551     -0.89928477
3930  778        18.13259293     12.14934980     -0.95004358
3931  778        18.11215325     12.12000212     -1.00901068
3932  778        18.06790881     12.10769640     -1.04856209
3933  778        18.01241267     12.09040229     -1.08628226
3934  778        17.95978581     12.07736347     -1.11474640
3935  778        17.88829078     12.07223189     -1.13484124
3936  778        17.80063580     12.09760753     -1.15552896
3937  778        17.73745137     12.13025365     -1.18525118
3938  778        17.73071620     12.14845358     -1.21947469
3939  778        17.74768004     12.15335303     -1.25276592
3940  778        17.74570953     12.15263852     -1.29207780
3941  778        17.71915657     12.15141483     -1.35667233
3942  778        17.67537876     12.15391580     -1.44681662
3943  778        17.60888749     12.16601162     -1.51625857
3944  778        17.52041984     12.20885597     -1.56242653
3945  778        17.43933153     12.25426500     -1.60415659
3946  778        17.35229548     12.28316175     -1.64305082
3947  778        17.29481519     12.27154582     -1.67212928
3948  778        17.28378028     12.23239722     -1.66830501
3949  778        17.29983736     12.20387029     -1.63096863
3950  778        17.31531175     12.20291618     -1.57590248
3951  778        17.31664118     12.22351408     -1.54494005
3952  778        17.32161322     12.26656879     -1.53747765
3953  778        17.34718330     12.32719690     -1.56009435
3954  778        17.40776965     12.38901724     -1.59665659
3955  778        17.46650519     12.44614238     -1.63220304
3956  778        17.49234793     12.48420785     -1.66300377
3957  778        17.49159864     12.50394772     -1.67657109
3958  778        17.48828929     12.53496805     -1.67711548
3959  778        17.49808702     12.59016846     -1.64081064
3960  778        17.53675847     12.63579688     -1.57356651
3961  778        17.60456797     12.65507456     -1.50910376
3962  778        17.67499694     12.67149387     -1.48786257
3963  778        17.74744566     12.67967580     -1.49657565
3964  778        17.81505355     12.67675609     -1.49744822
3965  778        17.87599526     12.68681145     -1.48882907
3966  778        17.90336990     12.71566482     -1.46588466
3967  778        17.89467117     12.77883968     -1.41667370
3968  778        17.87853003     12.86210320     -1.34372360
3969  778        17.87325878     12.92167932     -1.26111394
3970  778        17.89634473     12.93291144     -1.19505052
3971  778        17.94462791     12.91838068     -1.15101673
3972  778        17.99166407     12.90919397     -1.11394435
3973  778        18.02054984     12.91395603     -1.07257565
3974  778        18.02067230     12.93815008     -1.01501823
3975  778        18.03412775     13.00109837     -0.96531821
3976  778        18.07618122     13.09474363     -0.92091172
3977  778        18.13596128     13.17884235     -0.87979368
3978  778        18.17653605     13.24307118     -0.83228246
3979  778        18.18770400     13.29672640     -0.79849381
3980  778        18.17113686     13.32808692     -0.77697196
3981  778        18.15144050     13.33361315     -0.76187842
3982  778        18.14378581     13.34651334     -0.74101232
3983  778        18.13685148     13.39380711     -0.72489596
3984  778        18.11172864     13.45532496     -0.72051408
3985  778        18.06784437     13.52209935     -0.71870666
3986  778        18.01045624     13.58514816     -0.70592677
3987  778        17.93916120     13.60950953     -0.68975826
3988  778        17.89477979     13.58380338     -0.69366627
3989  778        17.91033647     13.54542801     -0.70848471
3990  778        17.97059293     13.54162218     -0.73473075
3991  778        18.02515769     13.56602355     -0.74409831
3992  778        18.03235911     13.58960154     -0.72987582
3993  778        18.00049948     13.60830687     -0.69764920
3994  778        17.98534938     13.63381348     -0.65433094
3995  778        17.98779160     13.66751410     -0.61976485
3996  778        17.99384099     13.68997486     -0.59146036
3997  778        18.00601740     13.68651180     -0.57991462
3998  778        18.02923457     13.64508509     -0.60334933
3999  778        18.05696888     13.56750545     -0.62303565
4000  778        18.05803440     13.48723719     -0.63480189
4001  778        18.04043267     13.46333967     -0.64772087
4002  778        18.02318772     13.50163469     -0.65724657
4003  778        18.03440055     13.56303626     -0.66592537
4004  778        18.06481920     13.60569953     -0.68124773
4005  778        18.10383033     13.61627232     -0.70349141
4006  778        18.13886060     13.59577029     -0.71558314
4007  778        18.16292318     13.56301910     -0.69452704
4008  778        18.15927750     13.53447207     -0.63216386
4009  778        18.11886491     13.50365059     -0.54582585
4010  778        18.05262595     13.48608673     -0.45950814
4011  778        17.97770670     13.49474623     -0.39491895
4012  778        17.89683866     13.51193804     -0.33737913
4013  778        17.82733642     13.48305253     -0.27111128
4014  778        17.77658707     13.39979530     -0.22626173
4015  778        17.72035547     13.28571005     -0.20253226
4016  778        17.65549794     13.18149409     -0.17363849
4017  778        17.58817191     13.09412472     -0.13643709
4018  778        17.55075280     13.01323080     -0.08521507
4019  778        17.55687794     12.93268604     -0.03619121
4020  778        17.60032924     12.83963874     -0.03107519
4021  778        17.65420863     12.73628929     -0.08164766
4022  778        17.68412882     12.64170764     -0.13855906
4023  778        17.67656766     12.57422390     -0.15095224
4024  778        17.64613546     12.52504962     -0.12475428
4025  778        17.61481396     12.48017467     -0.12105988
4026  778        17.59677378     12.44342857     -0.15813234
4027  778        17.59550838     12.40660871     -0.20494122
4028  778        17.58746150     12.36615724     -0.23105532
4029  778        17.57023637     12.31711613     -0.22815252
4030  778        17.56786440     12.25016077     -0.20052274
4031  778        17.57930346     12.17885617     -0.18805891
4032  778        17.59619333     12.12718236     -0.21807335
4033  778        17.62311334     12.09998975     -0.25795886
4034  778        17.68020505     12.08433816     -0.26981584
4035  778        17.75299207     12.07522034     -0.24498053
4036  778        17.78443937     12.07959522     -0.19707503
4037  778        17.75931354     12.07566566     -0.13599402
4038  778        17.71678162     12.02278784     -0.06919901
4039  778        17.67746953     11.93633030     -0.01122397
4040  778        17.65676070     11.85483301      0.01958504
4041  778        17.66756650     11.78527134      0.03747353
4042  778        17.70008769     11.71512999      0.04184609
4043  778        17.75913183     11.66713571      0.00872703
4044  778        17.82527936     11.63948342     -0.03876144
4045  778        17.88636069     11.61345810     -0.04798751
4046  778        17.91715413     11.60038577     -0.00089031
4047  778        17.91553965     11.57021118      0.03945414
4048  778        17.90376550     11.50594985      0.02583200
4049  778        17.88866576     11.42881819     -0.02834337
4050  778        17.88040191     11.38667062     -0.09195976
4051  778        17.89339642     11.38503698     -0.15904969
4052  778        17.92310907     11.41590026     -0.21404174
4053  778        17.94398741     11.44389292     -0.25790719
4054  778        17.95780990     11.45234659     -0.28313798
4055  778        17.97290267     11.43249858     -0.29018209
4056  778        18.00270122     11.39174957     -0.29060757
4057  778        18.05141047     11.36207056     -0.29096287
4058  778        18.09344925     11.34520767     -0.29050974
4059  778        18.10683318     11.33843081     -0.29891825
4060  778        18.09640106     11.32152140     -0.32905615
4061  778        18.10587133     11.31812248     -0.35875744
4062  778        18.12015833     11.32068313     -0.36535291
4063  778        18.13449606     11.30650887     -0.33724107
4064  778        18.14047218     11.24929882     -0.32734728
4065  778        18.13366150     11.18110322     -0.35745492
4066  778        18.12120676     11.12614801     -0.37049127
4067  778        18.10875383     11.09148311     -0.34624557
4068  778        18.08595903     11.08907104     -0.32513783
4069  778        18.04534749     11.09028299     -0.35429664
4070  778        18.00558038     11.10152257     -0.38774180
4071  778        17.95531173     11.11983905     -0.36037113
4072  778        17.91931873     11.14300936     -0.26264905
4073  778        17.90607658     11.12953468     -0.17576388
4074  778        17.89699366     11.06289523     -0.15157750
4075  778        17.87594953     10.97840497     -0.16176317
4076  778        17.84496681     10.91659942     -0.14768554
4077  778        17.82761263     10.88677875     -0.09992554
4078  778        17.83955992     10.87671166     -0.06792029
4079  778        17.87860649     10.88151310     -0.06761750
4080  778        17.89720617     10.88741343     -0.06971040
4081  778        17.85547077     10.91802913     -0.03500090
4082  778        17.77028817     10.94269855      0.02693348
4083  778        17.66857055     10.94603776      0.09917234
4084  778        17.57868885     10.92668704      0.16949880
4085  778        17.51863978     10.89056714      0.24003774
4086  778        17.48477027     10.83790161      0.29351746
4087  778        17.48536868     10.77873124      0.30608001
4088  778        17.51838851     10.73269825      0.28784007
4089  778        17.57999147     10.71735644      0.26109721
4090  778        17.66442993     10.73734578      0.23423597
4091  778        17.72840647     10.78292524      0.23165947
4092  778        17.71448926     10.83382773      0.26701385
4093  778        17.64038974     10.88159925      0.32979523
4094  778        17.57368700     10.92992180      0.39332859
4095  778        17.54502472     10.96565124      0.42954922
4096  778        17.55586911     10.97480714      0.44646614
4097  778        17.58473231     10.96979451      0.44364961
4098  778        17.61777276     10.96705134      0.42463625
4099  778        17.65498815     10.99155789      0.39316758
4100  778        17.66941779     11.01626856      0.36950647
4101  778        17.64633028     11.02291591      0.36435511
4102  778        17.61251890     11.01660745      0.36856623
4103  778        17.60796486     11.04051207      0.38477047
4104  778        17.61942591     11.12344331      0.40680220
4105  778        17.61020479     11.22196896      0.43525368
4106  778        17.58464270     11.29877086      0.44866973
4107  778        17.57100554     11.34555220      0.44823450
4108  778        17.57713006     11.37969146      0.44016937
4109  778        17.58911341     11.40648247      0.42725337
4110  778        17.58194328     11.43417350      0.40485170
4111  778        17.54653243     11.46018467      0.37719660
4112  778        17.49388342     11.47215929      0.34575974
4113  778        17.42263528     11.44866444      0.30489422
4114  778        17.35515146     11.41902993      0.27356602
4115  778        17.30084739     11.42951301      0.27905024
4116  778        17.26920915     11.48812442      0.30947122
4117  778        17.27572082     11.56036846      0.31095741
4118  778        17.32734892     11.61261477      0.29160320
4119  778        17.39122634     11.64218562      0.27972269
4120  778        17.42874956     11.65440227      0.28665879
4121  778        17.42056211     11.66420312      0.30908503
4122  778        17.39178501     11.66979343      0.33050251
4123  778        17.36349051     11.66997130      0.33975785
4124  778        17.33800078     11.66317178      0.33607444
4125  778        17.30566346     11.69609401      0.31674215
4126  778        17.27764084     11.78138257      0.29349398
4127  778        17.27953274     11.89466271      0.30402885
4128  778        17.31448028     12.00236560      0.32002255
4129  778        17.34528278     12.07973415      0.33164285
4130  778        17.34935608     12.13054853      0.36680168
4131  778        17.34975826     12.15905975      0.43326894
4132  778        17.36935316     12.18754420      0.47916334
4133  778        17.40500451     12.22133723      0.49081101
4134  778        17.43979074     12.26589196      0.48086165
4135  778        17.45296954     12.30577535      0.46306372
4136  778        17.43531965     12.34961190      0.43406078
4137  778        17.39302824     12.37641622      0.40678155
4138  778        17.34899962     12.38938888      0.40934873
4139  778        17.31160714     12.39885189      0.43365140
4140  778        17.31015491     12.40089337      0.44546152
4141  778        17.33276292     12.38003358      0.44027268
4142  778        17.37159378     12.34448405      0.44748314
4143  778        17.41683160     12.31123281      0.45895365
4144  778        17.45736172     12.27224523      0.45241426
4145  778        17.47360391     12.22038180      0.43957042
4146  778        17.46041753     12.15391606      0.44037163
4147  778        17.43305419     12.09890917      0.45888810
4148  778        17.41694336     12.08470727      0.47086614
4149  778        17.41966533     12.13479373      0.48484750
4150  778        17.40760005     12.22316894      0.50330235
4151  778        17.39518009     12.29967828      0.52621303
4152  778        17.39569534     12.33618207      0.54378610
4153  778        17.39438319     12.32886816      0.54926795
4154  778        17.35869997     12.30406940      0.55853107
4155  778        17.30649576     12.28030553      0.58514653
4156  778        17.25694686     12.27425108      0.62077951
4157  778        17.23315771     12.28424341      0.65061287
4158  778        17.22978967     12.29925462      0.66493140
4159  778        17.23932164     12.30870960      0.66306661
4160  778        17.24735616     12.30803917      0.65976177
4161  778        17.23868081     12.28902472      0.66124989
4162  778        17.22004447     12.24601654      0.66242562
4163  778        17.20461454     12.19351407      0.65842167
4164  778        17.20271637     12.12000941      0.65400625
4165  778        17.21065134     12.05710645      0.64036108
4166  778        17.22735930     12.01426355      0.62153049
4167  778        17.24441995     11.98113975      0.60790879
4168  778        17.24456480     11.93490879      0.60784616
4169  778        17.23559471     11.87447211      0.61730283
4170  778        17.20667200     11.83320422      0.62319028
4171  778        17.16259270     11.80736857      0.61553945
4172  778        17.11371377     11.79928665      0.60707325
4173  778        17.07063340     11.80726074      0.60321991
4174  778        17.02070442     11.83357814      0.60211249
4175  778        16.96595627     11.87025920      0.60230907
4176  778        16.91515726     11.91432511      0.59630540
4177  778        16.86252578     11.96734289      0.58783489
4178  778        16.80306897     12.01425187      0.58243640
4179  778        16.75718687     12.04176380      0.58028598
4180  778        16.74539705     12.05891248      0.58533064
4181  778        16.77895589     12.10879922      0.59278493
4182  778        16.83959585     12.18836509      0.59627560
4183  778        16.88194551     12.29194010      0.58459236
4184  778        16.87987774     12.39255100      0.56882293
4185  778        16.83803487     12.47619816      0.56480028
4186  778        16.79617861     12.55458006      0.56731485
4187  778        16.77563627     12.63753270      0.57248832
4188  778        16.76122659     12.71243265      0.60520428
4189  778        16.75123265     12.77785704      0.66487753
4190  778        16.75183100     12.83403779      0.72314827
4191  778        16.75886750     12.88367613      0.76492640
4192  778        16.74674476     12.94409206      0.78620006
4193  778        16.70783449     13.01772050      0.77471700
4194  778        16.65375563     13.08808112      0.75436464
4195  778        16.59613041     13.14525182      0.71875585
4196  778        16.54438367     13.19227193      0.66848180
4197  778        16.49304076     13.23362329      0.62375371
4198  778        16.45638139     13.25288509      0.59622543
4199  778        16.46154770     13.22432100      0.57063687
4200  778        16.50276686     13.19116658      0.55459808
4201  778        16.57075116     13.17183180      0.54627755
4202  778        16.62162819     13.16259705      0.52420336
4203  778        16.63336329     13.14276399      0.47518426
4204  778        16.62137385     13.12092343      0.40231580
4205  778        16.62046566     13.12096154      0.32950054
4206  778        16.64477532     13.14030661      0.28400497
4207  778        16.66133635     13.15322763      0.27553977
4208  778        16.64730177     13.16512463      0.29343215
4209  778        16.61404595     13.19949868      0.31777847
4210  778        16.57539309     13.23743191      0.33374172
4211  778        16.52731702     13.23134143      0.34987127
4212  778        16.46685774     13.18555007      0.37701738
4213  778        16.41804074     13.15467776      0.40931420
4214  778        16.41299996     13.18017493      0.41522435
4215  778        16.44821966     13.24463723      0.38701454
4216  778        16.49720952     13.28874939      0.36271614
4217  778        16.52180136     13.29584664      0.37704204
4218  778        16.52974711     13.28456179      0.41630655
4219  778        16.55368971     13.27027833      0.45283572
4220  778        16.56182906     13.25799076      0.46842508
4221  778        16.51794883     13.25191625      0.47260452
4222  778        16.43752818     13.26141072      0.45960444
4223  778        16.36713448     13.28806257      0.43645953
4224  778        16.30995574     13.34908196      0.40776406
4225  778        16.25645883     13.44087231      0.40584760
4226  778        16.19525194     13.52212992      0.42667085
4227  778        16.13044791     13.56679237      0.45811485
4228  778        16.09133416     13.57889442      0.49112318
4229  778        16.07703850     13.60493578      0.52901444
4230  778        16.08862293     13.65401882      0.58662786
4231  778        16.10812049     13.69537577      0.64246129
4232  778        16.11742637     13.71215685      0.69033789
4233  778        16.10082675     13.72480074      0.74782064
4234  778        16.08826736     13.76479887      0.80187025
4235  778        16.09340300     13.81294781      0.83171161
4236  778        16.08766357     13.84659187      0.86186033
4237  778        16.06814902     13.84237419      0.89845252
4238  778        16.06505924     13.84224450      0.93634363
4239  778        16.10498206     13.86345949      0.96092992
4240  778        16.15458347     13.90782721      0.96988703
4241  778        16.17378390     13.93358066      0.97271252
4242  778        16.15874757     13.89818846      0.97503305
4243  778        16.12130642     13.83310509      0.98841059
4244  778        16.06907339     13.80175285      0.98391693
4245  778        16.02421440     13.81878322      0.95295139
4246  778        16.01386736     13.83593018      0.91904171
4247  778        16.03374031     13.81619924      0.90337548
4248  778        16.05928254     13.76282445      0.91276769
4249  778        16.06806441     13.73368334      0.92637395
4250  778        16.07152372     13.73069881      0.94510898
4251  778        16.07792515     13.71545516      0.96856815
4252  778        16.08316567     13.67255411      0.98252327
4253  778        16.09229216     13.62689677      0.97672446
4254  778        16.10676117     13.59855887      0.96460032
4255  778        16.14145342     13.61352919      0.94511228
4256  778        16.18844230     13.66998125      0.93326271
4257  778        16.23477158     13.73680130      0.94176167
4258  778        16.26711310     13.77078839      0.95385033
4259  778        16.27717387     13.77140147      0.95533324
4260  778        16.25242928     13.77527856      0.95681107
4261  778        16.20533088     13.79429813      0.96170283
4262  778        16.18920250     13.81737448      0.97970749
4263  778        16.21602687     13.83587590      1.00620697
4264  778        16.25742540     13.83814847      1.02800220
4265  778        16.28102026     13.81267523      1.02952452
4266  778        16.28344804     13.76329520      1.00992204
4267  778        16.27215053     13.71914971      0.97125962
4268  778        16.26389796     13.70857337      0.92057977
4269  778        16.25464280     13.73121670      0.85990224
4270  778        16.24129714     13.76018577      0.81012440
4271  778        16.22993281     13.77773335      0.79505924
4272  778        16.22603554     13.77237565      0.80926906
4273  778        16.22425530     13.75873183      0.84091536
4274  778        16.22328304     13.73882683      0.87309606
4275  778        16.21285283     13.70874432      0.90537696
4276  778        16.18160806     13.67876343      0.93061669
4277  778        16.14791508     13.66278904      0.94882146
4278  778        16.10985084     13.67473251      0.95213427
4279  778        16.06316291     13.70824074      0.93319062
4280  778        16.02200306     13.74594516      0.92216412
4281  778        16.01013378     13.75077030      0.92513450
4282  778        16.03653026     13.74891417      0.94720325
4283  778        16.06797599     13.76380488      1.00247750
4284  778        16.07560952     13.80492191      1.08628848
4285  778        16.03853635     13.86303301      1.16855761
4286  778        15.97207311     13.94240524      1.23665218
4287  778        15.89357416     14.03989720      1.28998474
4288  778        15.80667377     14.14364010      1.33105687
4289  778        15.72811584     14.23952598      1.36691690
4290  778        15.70643323     14.30671533      1.41449783
4291  778        15.75341441     14.34360419      1.50038921
4292  778        15.82135178     14.36673542      1.61072560
4293  778        15.88987780     14.39168128      1.71091854
4294  778        15.94193225     14.42827599      1.77913307
4295  778        15.97991528     14.49034527      1.81966878
4296  778        15.98988637     14.58867394      1.83401080
4297  778        15.97044198     14.69818741      1.83063355
4298  778        15.92161542     14.79148957      1.81052081
4299  778        15.88185971     14.86190222      1.78897278
4300  778        15.88344359     14.91371043      1.77891357
4301  778        15.90995229     14.94074905      1.79129943
4302  778        15.94103654     14.96025249      1.82988650
4303  778        15.95619072     14.98558308      1.87694970
4304  778        15.95701366     15.02547975      1.90077490
4305  778        15.93791829     15.07499923      1.90264284
4306  778        15.89735866     15.13230361      1.89889599
4307  778        15.84497629     15.19539162      1.90617255
4308  778        15.81647995     15.24787670      1.94072966
4309  778        15.82176662     15.27766414      2.01199237
4310  778        15.85152462     15.30767686      2.10055889
4311  778        15.88563670     15.35561384      2.17743516
4312  778        15.89536036     15.40762726      2.23468868
4313  778        15.86712525     15.44177271      2.27893796
4314  778        15.79386308     15.45046853      2.32883482
4315  778        15.68060174     15.44177158      2.37684579
4316  778        15.56255556     15.43618263      2.41984733
4317  778        15.48195342     15.45428643      2.45979428
4318  778        15.42672214     15.49427220      2.49689268
4319  778        15.37128203     15.53604340      2.54057023
4320  778        15.31319203     15.56162338      2.58293893
4321  778        15.26984225     15.57977761      2.61694975
4322  778        15.26742015     15.59348588      2.64575283
4323  778        15.30780345     15.59034214      2.68195057
4324  778        15.35558706     15.57264434      2.72885940
4325  778        15.37439931     15.57539511      2.80139303
4326  778        15.35519937     15.61200493      2.87326533
4327  778        15.32216391     15.66644756      2.93502271
4328  778        15.29953854     15.71217686      2.98824271
4329  778        15.28193032     15.74431653      3.01660031
4330  778        15.27556348     15.76341917      3.00463304
4331  778        15.28305939     15.75511557      2.96554357
4332  778        15.29232288     15.72567250      2.92653174
4333  778        15.27093643     15.69292690      2.88712283
4334  778        15.21392385     15.65659367      2.83310922
4335  778        15.14517583     15.62882388      2.76038068
4336  778        15.09665884     15.62826657      2.70261977
4337  778        15.08056535     15.66252236      2.69153856
4338  778        15.07730998     15.69868271      2.73418832
4339  778        15.08907696     15.69738476      2.80686204
4340  778        15.12069001     15.65609918      2.88503391
4341  778        15.16906432     15.58594540      2.93240484
4342  778        15.21120743     15.50042892      2.94801515
4343  778        15.24409234     15.40570118      2.95188346
4344  778        15.25973058     15.33609429      2.95631870
4345  778        15.25620283     15.32488871      2.97436453
4346  778        15.23857785     15.36029853      3.01076632
4347  778        15.21747618     15.39305886      3.05643418
4348  778        15.18802684     15.39556294      3.09164465
4349  778        15.14674001     15.36495617      3.11617130
4350  778        15.11040070     15.32994223      3.12271710
4351  778        15.09634629     15.29291764      3.12431448
4352  778        15.09365293     15.23277339      3.13912675
4353  778        15.09085580     15.16594036      3.18569882
4354  778        15.08663048     15.11321864      3.24356179
4355  778        15.07031825     15.08811664      3.28510259
4356  778        15.04504367     15.08221203      3.30533199
4357  778        15.02240243     15.08189148      3.31840135
4358  778        15.02114359     15.06290110      3.33031785
4359  778        15.04997697     15.02628968      3.31070936
4360  778        15.08617352     14.98158540      3.26068557
4361  778        15.11148225     14.94441439      3.21907613
4362  778        15.12546265     14.92957233      3.21465136
4363  778        15.12492930     14.93964610      3.22117400
4364  778        15.10624705     14.97508898      3.21231732
4365  778        15.07570799     15.01017640      3.20461845
4366  778        15.04963422     15.02164109      3.21826188
4367  778        15.04620531     14.99739183      3.22731172
4368  778        15.05338101     14.95466808      3.19643236
4369  778        15.05876881     14.89302179      3.14031996
4370  778        15.06257769     14.82519438      3.09179258
4371  778        15.05946765     14.76762664      3.04667793
4372  778        15.04773611     14.75337737      2.99330746
4373  778        15.00892706     14.76289200      2.94624918
4374  778        14.97933214     14.77254072      2.93123147
4375  778        14.99815190     14.78390511      2.92335203
4376  778        15.03985886     14.79159980      2.88589753
4377  778        15.06146676     14.78378740      2.81200685
4378  778        15.05910133     14.79189806      2.72677390
4379  778        15.03945119     14.83333551      2.63092465
4380  778        14.99718716     14.88971531      2.51604914
4381  778        14.95706691     14.93098570      2.41052602
4382  778        14.94347339     14.97209848      2.34061535
4383  778        14.94258719     15.01831166      2.31993156
4384  778        14.93565328     15.06599829      2.31701419
4385  778        14.92872126     15.12889678      2.32584552
4386  778        14.93354863     15.21838649      2.33935846
4387  778        14.92772464     15.31484022      2.33740765
4388  778        14.88615074     15.37431146      2.31499310
4389  778        14.82420703     15.39461671      2.27144979
4390  778        14.75907527     15.41302857      2.21579989
4391  778        14.70297086     15.45925676      2.17789314
4392  778        14.63299011     15.51027013      2.16992198
4393  778        14.53738567     15.55026600      2.18026948
4394  778        14.45077879     15.57410680      2.20077824
4395  778        14.41705243     15.59976476      2.21840808
4396  778        14.42348852     15.63119793      2.20299657
4397  778        14.44622475     15.64672549      2.15177689
4398  778        14.46889310     15.63942988      2.10232308
4399  778        14.48892247     15.63826707      2.05768520
4400  778        14.51155024     15.66543830      2.03691520
4401  778        14.51965164     15.72164341      1.99730213
4402  778        14.52499583     15.77768587      1.92495598
4403  778        14.54025310     15.78777660      1.84844765
4404  778        14.59604105     15.75657917      1.78981933
4405  778        14.66549664     15.71743110      1.74136497
4406  778        14.70205590     15.67968618      1.68064308
4407  778        14.71231585     15.65940718      1.62068043
4408  778        14.73034786     15.67158081      1.58484512
4409  778        14.75347221     15.71324977      1.58163567
4410  778        14.77345553     15.76278528      1.59086846
4411  778        14.77856082     15.81012891      1.59691199
4412  778        14.79325989     15.84419488      1.58358602
4413  778        14.82386440     15.87809643      1.57245729
4414  778        14.87271731     15.91554826      1.59000506
4415  778        14.91444133     15.96509436      1.63381572
4416  778        14.93092664     16.00436572      1.65722057
4417  778        14.91146806     15.99794178      1.64546197
4418  778        14.89374967     15.95657678      1.63536460
4419  778        14.92111945     15.90781983      1.65173876
4420  778        14.94631787     15.86973014      1.67427295
4421  778        14.94963228     15.85377151      1.67775341
4422  778        14.91988632     15.87005709      1.65851042
4423  778        14.90507639     15.89448068      1.63035210
4424  778        14.91636529     15.90410386      1.61227013
4425  778        14.94157452     15.89114943      1.60042288
4426  778        14.98148165     15.87363210      1.57970168
4427  778        15.01205026     15.85296388      1.54064631
4428  778        15.02342677     15.83207836      1.49126622
4429  778        15.03379581     15.81431503      1.45574189
4430  778        15.05365319     15.80359558      1.44566309
4431  778        15.06172717     15.80820749      1.44853876
4432  778        15.03889874     15.80342227      1.42787871
4433  778        14.99810036     15.77878736      1.38685888
4434  778        14.96989414     15.72993904      1.34730335
4435  778        14.94559314     15.65622872      1.31521995
4436  778        14.92143393     15.57168911      1.29390478
4437  778        14.90421875     15.49022229      1.27480828
4438  778        14.89085577     15.41551635      1.27059004
4439  778        14.90427097     15.35100989      1.28473199
4440  778        14.94559200     15.28958854      1.28963960
4441  778        14.97946241     15.24855837      1.26867096
4442  778        14.97067885     15.22173553      1.25174598
4443  778        14.93039875     15.19658771      1.25797611
4444  778        14.89686671     15.16332893      1.28367173
4445  778        14.88793597     15.11754597      1.31597498
4446  778        14.87315194     15.06182702      1.34574038
4447  778        14.84305954     15.00186627      1.36271368
4448  778        14.81586546     14.96700370      1.37544749
4449  778        14.81380997     14.95218095      1.38530135
4450  778        14.82615304     14.95195607      1.39894201
4451  778        14.85612742     14.95390368      1.40651778
4452  778        14.90357141     14.97477655      1.39054102
4453  778        14.94761556     15.00300554      1.34981505
4454  778        14.96162759     15.02171546      1.30222459
4455  778        14.92455748     15.05078844      1.26003469
4456  778        14.87973042     15.10362708      1.23394124
4457  778        14.88773079     15.16054104      1.23137306
4458  778        14.93566844     15.19675165      1.23967604
4459  778        14.97783682     15.22461664      1.23193554
4460  778        14.97375120     15.25009424      1.19153437
4461  778        14.91955819     15.27029341      1.14544226
4462  778        14.83428370     15.27654008      1.13178261
4463  778        14.76006239     15.27708875      1.14405593
4464  778        14.72324417     15.28757318      1.15744001
4465  778        14.68950746     15.31582886      1.16172034
4466  778        14.65021850     15.34331811      1.15828689
4467  778        14.63551644     15.36253108      1.15545926
4468  778        14.65855337     15.37765260      1.16118572
4469  778        14.67028599     15.37896293      1.17452845
4470  778        14.62447494     15.35029901      1.19704022
4471  778        14.53913279     15.30781087      1.23000415
4472  778        14.44985649     15.26614827      1.24903140
4473  778        14.36239651     15.21622905      1.23218141
4474  778        14.29720045     15.16078119      1.19126172
4475  778        14.27310061     15.10776752      1.14187084
4476  778        14.27989823     15.09343110      1.08125240
4477  778        14.28645622     15.11604759      1.02121326
4478  778        14.29905454     15.15194252      0.97651403
4479  778        14.32828990     15.18578447      0.95147244
4480  778        14.35258887     15.20248923      0.92669324
4481  778        14.34706741     15.20354503      0.88995225
4482  778        14.33796314     15.18969852      0.84345414
4483  778        14.36837499     15.15020730      0.79735110
4484  778        14.42050721     15.05872023      0.76285423
4485  778        14.45547500     14.92895862      0.71045952
4486  778        14.46945755     14.79445687      0.63704535
4487  778        14.44742908     14.67487920      0.56698994
4488  778        14.41330511     14.57308859      0.51670759
4489  778        14.38374389     14.49577284      0.47054543
4490  778        14.36293560     14.46467985      0.43339348
4491  778        14.36549137     14.44858956      0.42816444
4492  778        14.36937992     14.40530821      0.43830040
4493  778        14.33566358     14.31434652      0.44930367
4494  778        14.26981479     14.22102973      0.47351180
4495  778        14.23196405     14.16622665      0.52968122
4496  778        14.23907466     14.14358221      0.60062269
4497  778        14.26576705     14.11940610      0.66820305
4498  778        14.31653197     14.09006673      0.72918871
4499  778        14.37098765     14.05029072      0.79137714
4500  778        14.38057870     13.99452101      0.84104124
4501  778        14.34399676     13.95043418      0.88759030
4502  778        14.32656815     13.92730635      0.93611160
4503  778        14.34028840     13.91573785      0.97511182
4504  778        14.33721782     13.90404334      0.98785393
4505  778        14.31316489     13.90186502      0.98739957
4506  778        14.27973605     13.89459193      0.98717313
4507  778        14.26003646     13.86099114      1.00106241
4508  778        14.24640913     13.81817123      1.03901650
4509  778        14.23329390     13.77816864      1.08879521
4510  778        14.22391654     13.74252719      1.14625356
4511  778        14.23606314     13.71310885      1.19922317
4512  778        14.26219390     13.69466568      1.23872321
4513  778        14.29812768     13.69656905      1.25761859
4514  778        14.32721391     13.71625833      1.25988136
4515  778        14.31286042     13.75516754      1.25720166
4516  778        14.24724311     13.81307204      1.25763907
4517  778        14.17962380     13.86435007      1.29193204
4518  778        14.16576834     13.90002746      1.36275940
4519  778        14.20603275     13.90624261      1.41394551
4520  778        14.26192394     13.88725129      1.43376204
4521  778        14.28291365     13.87238706      1.43838828
4522  778        14.28685037     13.86650628      1.43491263
4523  778        14.30343599     13.86249911      1.44533299
4524  778        14.30016743     13.86128927      1.45749302
4525  778        14.25521206     13.86478928      1.48736817
4526  778        14.18020230     13.88651597      1.53519290
4527  778        14.10127390     13.91418645      1.62237733
4528  778        14.02131894     13.92785566      1.71905354
4529  778        13.97950080     13.91033777      1.77213508
4530  778        13.99591720     13.87491516      1.77294496
4531  778        14.04782475     13.86289506      1.75406265
4532  778        14.10933865     13.86590498      1.74305202
4533  778        14.14557644     13.84420669      1.73179537
4534  778        14.14083483     13.79530529      1.72082693
4535  778        14.10158688     13.73719680      1.71129843
4536  778        14.04172097     13.69371658      1.70269487
4537  778        13.96364565     13.67460431      1.70166113
4538  778        13.88955036     13.65587671      1.70862145
4539  778        13.82922234     13.60837197      1.68154083
4540  778        13.80613992     13.54736981      1.61775317
4541  778        13.82951916     13.50537845      1.55468396
4542  778        13.89618814     13.47271205      1.50812923
4543  778        13.95708518     13.42381372      1.48377925
4544  778        13.99076199     13.35575810      1.47050042
4545  778        13.98558061     13.28999675      1.47471516
4546  778        13.94941042     13.23789522      1.50942903
4547  778        13.92177160     13.18094202      1.56987491
4548  778        13.92338634     13.10884539      1.63917584
4549  778        13.94803710     13.02464690      1.70026290
4550  778        13.97190173     12.94493945      1.73126067
4551  778        14.00238114     12.87883262      1.74366045
4552  778        14.03844083     12.79774628      1.74222712
4553  778        14.07971316     12.69481987      1.71602691
4554  778        14.09884502     12.61371742      1.69125844
4555  778        14.09332716     12.57452691      1.70054987
4556  778        14.08352738     12.56504932      1.76463622
4557  778        14.07308976     12.53680287      1.84777967
4558  778        14.05332676     12.45444211      1.92309367
4559  778        14.01324548     12.33724491      1.96424054
4560  778        13.98749732     12.22842834      1.98212267
4561  778        13.99743391     12.16275989      1.97591354
4562  778        14.05363056     12.14722720      1.94885105
4563  778        14.13032992     12.15659971      1.90386011
4564  778        14.18880329     12.17646110      1.83783548
4565  778        14.21067448     12.19066960      1.78824181
4566  778        14.22502431     12.18302535      1.78208041
4567  778        14.24951176     12.14781742      1.82577174
4568  778        14.28205655     12.10522614      1.90035622
4569  778        14.30239114     12.07606867      1.97250527
4570  778        14.31370045     12.06125642      1.99357149
4571  778        14.34953478     12.05518719      1.94543878
4572  778        14.40048174     12.04052101      1.85577506
4573  778        14.45006355     12.02167518      1.76767821
4574  778        14.46377363     12.00106549      1.69657009
4575  778        14.45170901     11.98496799      1.65330694
4576  778        14.45092541     11.97005077      1.64855562
4577  778        14.46500756     11.93700862      1.68120871
4578  778        14.48365602     11.89519334      1.74198514
4579  778        14.50149844     11.87407280      1.80961842
4580  778        14.52410061     11.86137347      1.86495769
4581  778        14.56962226     11.83649284      1.90472480
4582  778        14.64262786     11.78708962      1.93019514
4583  778        14.71395980     11.71656997      1.93283888
4584  778        14.76884487     11.66338898      1.91108991
4585  778        14.79823143     11.64961290      1.88112296
4586  778        14.81430806     11.66215871      1.86389570
4587  778        14.83153473     11.65391584      1.85601141
4588  778        14.84685341     11.60737585      1.84972090
4589  778        14.84111451     11.55001494      1.84957470
4590  778        14.81221736     11.50951471      1.84352536
4591  778        14.76807389     11.47824891      1.82741559
4592  778        14.72460108     11.42850755      1.80200329
4593  778        14.69776439     11.36909004      1.78232797
4594  778        14.69936457     11.32666995      1.76792199
4595  778        14.74236342     11.31655640      1.75915465
4596  778        14.81662360     11.32490296      1.75187921
4597  778        14.87248261     11.33553464      1.75926302
4598  778        14.88269155     11.32243891      1.77209881
4599  778        14.86432270     11.28343527      1.77176266
4600  778        14.86952245     11.23409142      1.76917045
4601  778        14.90540868     11.19514614      1.78285743
4602  778        14.96991966     11.16479968      1.81337222
4603  778        15.02437600     11.13334451      1.84702532
4604  778        15.04630687     11.10614857      1.88325677
4605  778        15.07090991     11.08321927      1.91316590
4606  778        15.11409026     11.08440729      1.94912955
4607  778        15.17027110     11.09918485      1.98915333
4608  778        15.21322319     11.09546835      2.03428987
4609  778        15.23238649     11.06592673      2.02621963
4610  778        15.25362179     11.02503015      1.95407894
4611  778        15.31559494     10.97597729      1.85836900
4612  778        15.41384716     10.97169941      1.80504450
4613  778        15.50304715     11.02878697      1.81136646
4614  778        15.55373564     11.08763581      1.83309556
4615  778        15.58590646     11.11890411      1.82970064
4616  778        15.61701514     11.12530477      1.78322153
4617  778        15.65416215     11.13042883      1.73822841
4618  778        15.69156380     11.13007201      1.70804528
4619  778        15.72364605     11.13270827      1.68579147
4620  778        15.73383261     11.13487360      1.66330068
4621  778        15.73421117     11.15196581      1.64531733
4622  778        15.74584753     11.18072628      1.63024788
4623  778        15.77110666     11.22594226      1.61540539
4624  778        15.81798541     11.28884185      1.61231768
4625  778        15.87939248     11.34655037      1.62616388
4626  778        15.93909795     11.37903725      1.63499692
4627  778        15.99078001     11.38965013      1.63226274
4628  778        16.05858499     11.40490492      1.64306003
4629  778        16.10963450     11.38402254      1.67521386
4630  778        16.15403978     11.35510649      1.75315761
4631  778        16.19251740     11.34414221      1.83578189
4632  778        16.21201500     11.35663016      1.88157879
4633  778        16.22196754     11.35492535      1.89693563
4634  778        16.23689640     11.34910746      1.89969154
4635  778        16.27592980     11.35312850      1.87561476
4636  778        16.32949810     11.39217671      1.82558247
4637  778        16.38840165     11.43592838      1.79018112
4638  778        16.45727239     11.45292844      1.79934752
4639  778        16.54146239     11.43972212      1.83203789
4640  778        16.60711785     11.39820816      1.84835298
4641  778        16.62187763     11.32973760      1.86854785
4642  778        16.60675133     11.26372042      1.89154523
4643  778        16.60410929     11.22805261      1.91691262
4644  778        16.61822983     11.23193961      1.92043560
4645  778        16.63136979     11.25716239      1.90093404
4646  778        16.63965955     11.29581118      1.87519459
4647  778        16.63584339     11.32463983      1.85738643
4648  778        16.65032200     11.33718426      1.83486174
4649  778        16.68135172     11.32816864      1.81176978
4650  778        16.71525649     11.30303253      1.80260047
4651  778        16.72146514     11.27933437      1.81762775
4652  778        16.70130964     11.26099792      1.84627715
4653  778        16.67351556     11.25305798      1.85491687
4654  778        16.66724117     11.25956298      1.83007091
4655  778        16.65811408     11.31279110      1.77484461
4656  778        16.62663319     11.41156813      1.72667330
4657  778        16.57781245     11.49023427      1.67534665
4658  778        16.52700722     11.50134126      1.63144365
4659  778        16.47816267     11.47189173      1.58417580
4660  778        16.41877458     11.45613102      1.55302617
4661  778        16.36024972     11.46564377      1.55425135
4662  778        16.30007501     11.47976887      1.58543492
4663  778        16.23891443     11.49783124      1.62617915
4664  778        16.17892154     11.53745865      1.65619333
4665  778        16.12694291     11.60365850      1.66999200
4666  778        16.09070063     11.67610312      1.63656037
4667  778        16.05864904     11.72208252      1.55737808
4668  778        16.01444418     11.71496643      1.46150808
4669  778        15.94948011     11.67373896      1.41394143
4670  778        15.89436092     11.63788120      1.42043615
4671  778        15.87823206     11.62201072      1.46837580
4672  778        15.89698475     11.59532510      1.51652310
4673  778        15.91264038     11.54499317      1.52732838
4674  778        15.93179534     11.49496002      1.50782809
4675  778        15.95066967     11.47140129      1.46736825
4676  778        15.96028066     11.46457172      1.42378727
4677  778        15.97548565     11.44822125      1.39626016
4678  778        15.98130357     11.42488176      1.38359097
4679  778        15.95092963     11.42916333      1.36939443
4680  778        15.90106398     11.44117054      1.35616301
4681  778        15.85730651     11.41418106      1.35479067
4682  778        15.81521604     11.34996298      1.36878256
4683  778        15.76696355     11.29403881      1.37648137
4684  778        15.73108019     11.26033832      1.36571858
4685  778        15.71458025     11.23352167      1.30852029
4686  778        15.69465061     11.22143781      1.24605686
4687  778        15.66935243     11.21811490      1.24123407
4688  778        15.65305441     11.20489577      1.26714411
4689  778        15.64093290     11.18249104      1.28975057
4690  778        15.62943316     11.15416393      1.30100314
4691  778        15.61616283     11.14154306      1.31109212
4692  778        15.61207476     11.12909007      1.29855442
4693  778        15.61867567     11.11248752      1.27025903
4694  778        15.62852062     11.09034478      1.22850035
4695  778        15.63602086     11.07531413      1.17865084
4696  778        15.64411099     11.08802875      1.11037681
4697  778        15.64038667     11.12334617      1.04764846
4698  778        15.63710217     11.16312628      0.98850897
4699  778        15.64356991     11.18764474      0.94687353
4700  778        15.64634533     11.19096841      0.93072274
4701  778        15.65784264     11.15373632      0.93663959
4702  778        15.67315058     11.09590504      0.96123825
4703  778        15.68638486     11.03893205      0.98726235
4704  778        15.69905693     11.00988162      0.99004236
4705  778        15.72891999     11.02134414      0.95461889
4706  778        15.78381888     11.06335863      0.90697513
4707  778        15.86393446     11.09684124      0.85205194
4708  778        15.94415622     11.09386096      0.81846149
4709  778        16.00647641     11.08576446      0.81373953
4710  778        16.04543291     11.08257778      0.85326673
4711  778        16.07266817     11.09416596      0.90140035
4712  778        16.09391795     11.12188025      0.93157711
4713  778        16.12765470     11.16472085      0.92718035
4714  778        16.18071774     11.20728390      0.90851211
4715  778        16.23742992     11.24081976      0.89195646
4716  778        16.28997199     11.26004740      0.87184635
4717  778        16.34179792     11.27072207      0.85772924
4718  778        16.38273819     11.25751542      0.86115225
4719  778        16.40405106     11.22542877      0.88543027
4720  778        16.41096448     11.20825973      0.87582910
4721  778        16.40314841     11.20843421      0.85041990
4722  778        16.39642066     11.22359353      0.81623750
4723  778        16.37390104     11.24548520      0.75490325
4724  778        16.36370568     11.26483394      0.68322865
4725  778        16.37342813     11.29120373      0.64059383
4726  778        16.40257767     11.34944680      0.63109397
4727  778        16.41702027     11.41983715      0.64296079
4728  778        16.41183178     11.48417875      0.66106202
4729  778        16.40410330     11.54994061      0.67141878
4730  778        16.40428557     11.59760795      0.69002648
4731  778        16.39519719     11.57610393      0.70247243
4732  778        16.37101510     11.49982946      0.70679173
4733  778        16.33552564     11.42587433      0.71737418
4734  778        16.31268286     11.38629512      0.72252720
4735  778        16.32529769     11.37538926      0.71521632
4736  778        16.35607134     11.38149694      0.70643254
4737  778        16.37443228     11.39550133      0.70308314
4738  778        16.36057100     11.38033804      0.70733388
4739  778        16.32017661     11.34006728      0.70415151
4740  778        16.25870168     11.29387310      0.68499819
4741  778        16.16987961     11.24583590      0.64441371
4742  778        16.06601283     11.18364550      0.60165349
4743  778        15.98646228     11.09664123      0.55632713
4744  778        15.95808393     11.00667166      0.51486507
4745  778        15.96537902     10.94878261      0.47854918
4746  778        15.97378112     10.93033915      0.43971945
4747  778        15.95581649     10.93529626      0.39346669
4748  778        15.91650917     10.95071358      0.34952873
4749  778        15.87922818     10.96544633      0.30800053
4750  778        15.85078486     10.95009109      0.26581820
4751  778        15.82499588     10.90811798      0.22622863
4752  778        15.82149967     10.85121374      0.21582452
4753  778        15.83398181     10.77950632      0.24638548
4754  778        15.82439681     10.71961946      0.28793177
4755  778        15.75894940     10.68148843      0.31550555
4756  778        15.67330168     10.65962498      0.33420706
4757  778        15.61279826     10.63915904      0.34012192
4758  778        15.60146109     10.63017625      0.32558916
4759  778        15.63966634     10.64509277      0.29365877
4760  778        15.69364017     10.67791242      0.24846972
4761  778        15.73429510     10.71825954      0.23664669
4762  778        15.74711118     10.76261075      0.27226386
4763  778        15.73391429     10.81044171      0.34751576
4764  778        15.70893326     10.85395708      0.43042608
4765  778        15.68997071     10.86896716      0.50293314
4766  778        15.68498623     10.86785862      0.54322446
4767  778        15.69102087     10.88073625      0.56221089
4768  778        15.71874021     10.91666623      0.58270240
4769  778        15.75877900     10.95882901      0.61036227
4770  778        15.79591121     10.99004568      0.64665427
4771  778        15.80934161     11.01171460      0.70500888
4772  778        15.81195534     11.02264594      0.77270722
4773  778        15.82023169     11.03033080      0.80461375
4774  778        15.82795740     11.02351023      0.78729832
4775  778        15.82627174     11.01288240      0.74641462
4776  778        15.79493106     10.99855667      0.72302251
4777  778        15.75430298     10.97965144      0.72839204
4778  778        15.73915354     10.96765163      0.74935797
4779  778        15.77372367     10.97336683      0.74936829
4780  778        15.82062322     10.99204123      0.73969738
4781  778        15.85650401     11.01829111      0.73317440
4782  778        15.88122270     11.04177067      0.72455188
4783  778        15.89297765     11.04333557      0.70194834
4784  778        15.88901224     11.01341416      0.66772485
4785  778        15.87780164     10.97743473      0.63331067
4786  778        15.87097000     10.95179721      0.58672488
4787  778        15.87127669     10.94483208      0.53006482
4788  778        15.89306482     10.96357407      0.48273233
4789  778        15.91721621     10.97400056      0.44653114
4790  778        15.94365281     10.99213520      0.39973567
4791  778        15.96370581     11.03285934      0.33324813
4792  778        15.95667045     11.08508227      0.27401799
4793  778        15.92231460     11.13525546      0.25099260
4794  778        15.87850529     11.17415185      0.24590748
4795  778        15.85938269     11.19182207      0.23824507
4796  778        15.85702342     11.20171572      0.22134058
4797  778        15.86034541     11.20111246      0.20630520
4798  778        15.86412668     11.18439888      0.18399026
4799  778        15.87063703     11.15134580      0.14847329
4800  778        15.87060093     11.10815462      0.11204772
4801  778        15.87591237     11.06850099      0.10284010
4802  778        15.90029729     11.04039045      0.11062436
4803  778        15.93688941     11.02550798      0.09253077
4804  778        15.97456866     11.02155260      0.08507207
4805  778        16.00794768     11.02806587      0.11103578
4806  778        16.04628876     11.04885739      0.13981176
4807  778        16.09199843     11.07967065      0.13168999
4808  778        16.14757934     11.09312240      0.09946713
4809  778        16.21340845     11.06728459      0.06304695
4810  778        16.28559719     11.02664341      0.03688312
4811  778        16.34693863     10.99874129      0.02855905
4812  778        16.38262314     10.98314036      0.04861837
4813  778        16.39244489     10.96780174      0.09254376
4814  778        16.39407465     10.94045000      0.15184344
4815  778        16.38406235     10.91593167      0.21489473
4816  778        16.36363303     10.91571254      0.25939427
4817  778        16.34081088     10.94177495      0.28043031
4818  778        16.31329914     10.99595519      0.29146812
4819  778        16.25907635     11.06644116      0.30932060
4820  778        16.19266958     11.13295407      0.32523986
4821  778        16.15352241     11.16248135      0.33967804
4822  778        16.14088306     11.17569490      0.36823997
4823  778        16.13477827     11.17632641      0.40806097
4824  778        16.13371487     11.16179165      0.46826726
4825  778        16.14236703     11.13520676      0.54608537
4826  778        16.14774079     11.11308676      0.62917191
4827  778        16.09668381     11.13482568      0.69778890
4828  778        16.01125243     11.19073912      0.75225772
4829  778        15.95303946     11.24548622      0.79231800
4830  778        15.94077311     11.28315813      0.82075931
4831  778        15.95934742     11.31986685      0.84885288
4832  778        15.98542333     11.35092906      0.88868580
4833  778        16.00492319     11.37199828      0.95208393
4834  778        16.04140396     11.37928988      1.02875407
4835  778        16.09347783     11.38996586      1.10181531
4836  778        16.15664798     11.41359493      1.15807863
4837  778        16.19106894     11.43401588      1.20122170
4838  778        16.19498698     11.44475391      1.23773177
4839  778        16.17152762     11.47985573      1.26961875
4840  778        16.13661858     11.56703481      1.27165349
4841  778        16.11496799     11.67608474      1.25028593
4842  778        16.11921067     11.77688079      1.23614492
4843  778        16.16868823     11.85182947      1.25439786
4844  778        16.22129288     11.89178812      1.29498172
4845  778        16.27831130     11.89991444      1.33832114
4846  778        16.35197334     11.89751873      1.36651401
4847  778        16.41928471     11.88008889      1.37913833
4848  778        16.43113620     11.84720518      1.38719297
4849  778        16.37925521     11.81328755      1.41079665
4850  778        16.30093393     11.77741505      1.47465066
4851  778        16.22780916     11.76012693      1.56995911
4852  778        16.18271336     11.76709689      1.65186410
4853  778        16.15609389     11.79631466      1.71335457
4854  778        16.15033895     11.83911892      1.76978746
4855  778        16.16130619     11.88016015      1.85020507
4856  778        16.16437627     11.89456367      1.96805627
4857  778        16.14984362     11.87939333      2.08074760
4858  778        16.13243908     11.85141511      2.14790307
4859  778        16.13131455     11.81664116      2.16524163
4860  778        16.13262207     11.77660816      2.15384093
4861  778        16.12131957     11.71733609      2.13852688
4862  778        16.09885336     11.64980277      2.13682808
4863  778        16.07153334     11.58466196      2.13828240
4864  778        16.05563517     11.54702285      2.13431831
4865  778        16.06533571     11.53875113      2.14202915
4866  778        16.07837223     11.54054738      2.16313369
4867  778        16.08872082     11.52277440      2.17132884
4868  778        16.09467062     11.49330713      2.15963915
4869  778        16.08867396     11.45778705      2.13504099
4870  778        16.09214086     11.42984846      2.09461826
4871  778        16.10158108     11.42621936      2.04466948
4872  778        16.11961455     11.42817008      1.96690529
4873  778        16.13927243     11.41977373      1.86633331
4874  778        16.15368584     11.39494259      1.77055600
4875  778        16.15253241     11.38163818      1.71317186
4876  778        16.14826261     11.38243228      1.70290322
4877  778        16.15295039     11.36348362      1.70924143
4878  778        16.16542139     11.31498692      1.69041274
4879  778        16.19173709     11.24619072      1.64476198
4880  778        16.23687018     11.17450859      1.60656373
4881  778        16.28372619     11.14861604      1.58830226
4882  778        16.30132804     11.16612538      1.58574867
4883  778        16.29481171     11.18081227      1.56229832
4884  778        16.28004077     11.17886895      1.52621130
4885  778        16.27490685     11.19169348      1.46345520
4886  778        16.29213551     11.21249903      1.40477343
4887  778        16.32709693     11.22143054      1.37054937
4888  778        16.34580429     11.20260410      1.33500956
4889  778        16.35876367     11.14847788      1.29332871
4890  778        16.39848961     11.12320832      1.25491216
4891  778        16.46592965     11.16560235      1.21468746
4892  778        16.52727151     11.23037527      1.16658134
4893  778        16.53777075     11.23922354      1.13049296
4894  778        16.53395952     11.20314474      1.09109879
4895  778        16.54761872     11.16953301      1.05665192
4896  778        16.59289674     11.15146528      1.01459353
4897  778        16.65044773     11.14528158      0.95719340
4898  778        16.70534667     11.15751098      0.88545210
4899  778        16.76609830     11.15983664      0.82406347
4900  778        16.83095105     11.13254609      0.78748627
4901  778        16.87652822     11.08145905      0.77700540
4902  778        16.86966244     11.05792073      0.78033115
4903  778        16.82375927     11.06946238      0.78331585
4904  778        16.78243584     11.08059993      0.79763803
4905  778        16.79642792     11.06508531      0.81641182
4906  778        16.82786447     11.04485548      0.82191435
4907  778        16.82802700     11.04598239      0.83034083
4908  778        16.80538153     11.08483273      0.84615542
4909  778        16.80017332     11.14531525      0.85088778
4910  778        16.80393833     11.18491648      0.84618312
4911  778        16.79890287     11.17317669      0.87093914
4912  778        16.80565868     11.11949118      0.90697292
4913  778        16.85411797     11.07704784      0.92429813
4914  778        16.90057879     11.08200459      0.92990435
4915  778        16.90310608     11.11699487      0.94504846
4916  778        16.87258814     11.12551080      0.96361336
4917  778        16.85391439     11.07584418      0.97427618
4918  778        16.86024408     11.00728038      0.97507329
4919  778        16.85850343     10.95275350      0.99150912
4920  778        16.84021069     10.89667830      1.03892507
4921  778        16.82650894     10.83343915      1.10300426
4922  778        16.82188239     10.79602503      1.14673146
4923  778        16.82636202     10.76865723      1.17200971
4924  778        16.84596509     10.71379443      1.18605482
4925  778        16.83054810     10.63265929      1.18954181
4926  778        16.79197446     10.57032130      1.18180780
4927  778        16.76456549     10.56367975      1.17193679
4928  778        16.74387785     10.57972185      1.14833272
4929  778        16.73645870     10.61985470      1.10676416
4930  778        16.76566962     10.67769112      1.06068052
4931  778        16.79211291     10.71372505      0.99915512
4932  778        16.79448874     10.69889144      0.93531127
4933  778        16.79477389     10.64085660      0.90330355
4934  778        16.80858726     10.61339236      0.89139078
4935  778        16.82866792     10.63077894      0.88189447
4936  778        16.85229710     10.66538318      0.88808150
4937  778        16.88385809     10.67307498      0.88769007
4938  778        16.91575953     10.67225151      0.87560876
4939  778        16.95634749     10.65825416      0.84628149
4940  778        17.02166992     10.60976883      0.80070469
4941  778        17.10736296     10.55435186      0.74827258
4942  778        17.19045702     10.53003242      0.70536842
4943  778        17.24679564     10.54130043      0.67737184
4944  778        17.26830464     10.54157328      0.66519976
4945  778        17.27819436     10.52847874      0.67275136
4946  778        17.28699056     10.52853584      0.69661037
4947  778        17.31862117     10.55556432      0.73293685
4948  778        17.36043468     10.59226776      0.77230491
4949  778        17.39303706     10.62233164      0.79778217
4950  778        17.40346028     10.65615417      0.78965304
4951  778        17.39018181     10.68778428      0.75518354
4952  778        17.39926703     10.71499274      0.73735135
4953  778        17.47449374     10.73037843      0.72622173
4954  778        17.59697373     10.74534352      0.70976126
4955  778        17.69696239     10.76487127      0.69653056
4956  778        17.75012851     10.79550911      0.68049463
4957  778        17.76496167     10.82240674      0.66427092
4958  778        17.76842500     10.84762206      0.64275520
4959  778        17.78134506     10.88281930      0.62752693
4960  778        17.80701894     10.91804061      0.63579946
4961  778        17.83732876     10.94649299      0.66247397
4962  778        17.85529308     10.95896414      0.68408633
4963  778        17.86461738     10.96033760      0.67855003
4964  778        17.88394445     10.95926602      0.64384632
4965  778        17.90623331     10.98478356      0.60995277
4966  778        17.91897471     11.01219605      0.59369253
4967  778        17.92965181     11.00548994      0.59293415
4968  778        17.93869772     10.96725969      0.60164445
4969  778        17.96612700     10.92986513      0.61197388
4970  778        18.01903146     10.90563687      0.64551378
4971  778        18.08964337     10.91325738      0.70253382
4972  778        18.15108643     10.96067161      0.75438154
4973  778        18.16372644     11.02585817      0.79157722
4974  778        18.10965788     11.06378634      0.81790735
4975  778        18.00666795     11.07479212      0.82710073
4976  778        17.91238836     11.10004867      0.82693292
4977  778        17.87669815     11.14090427      0.80149399
4978  778        17.91084002     11.16891333      0.78771136
4979  778        17.94396160     11.16780656      0.78757218
4980  778        17.95404316     11.17101403      0.79962354
4981  778        17.95663742     11.16006502      0.81332010
4982  778        17.94758973     11.13994550      0.82236748
4983  778        17.92416126     11.11688332      0.82753791
4984  778        17.90006823     11.10051867      0.82137274
4985  778        17.89919346     11.11873760      0.80505747
4986  778        17.90835424     11.17627257      0.80360950
4987  778        17.92564918     11.21713544      0.83428822
4988  778        17.94174616     11.18426915      0.88585903
4989  778        17.95175004     11.10109630      0.94447236
4990  778        17.97844053     11.00981773      0.98843071
4991  778        18.02745668     10.94211388      1.01545409
4992  778        18.07575212     10.89171772      1.03891650
4993  778        18.12387570     10.86022566      1.04808210
4994  778        18.16957815     10.85733423      1.04561001
4995  778        18.21423050     10.84114210      1.00821183
4996  778        18.26317839     10.78894338      0.95765944
4997  778        18.32276224     10.72331766      0.89137384
4998  778        18.38605512     10.69303672      0.84106314
4999  778        18.44622876     10.66497251      0.82890996
5000  778        18.48806998     10.60852949      0.86191361
