0     670        -6.56679041      5.82139899     -0.82181360
1     670        -6.56427936      5.88020190     -0.85421312
2     670        -6.56804714      5.93041129     -0.88855663
3     670        -6.57363619      5.96965161     -0.93495232
4     670        -6.58086500      5.99873364     -0.99971430
5     670        -6.56132555      6.00246888     -1.07043082
6     670        -6.50273270      5.99070686     -1.12907709
7     670        -6.41967874      5.98436899     -1.17312921
8     670        -6.34165317      5.98652041     -1.20680491
9     670        -6.29882557      6.00533477     -1.22544763
10    670        -6.30233556      6.06306435     -1.23711523
11    670        -6.34656657      6.14106187     -1.26376430
12    670        -6.39024054      6.20440252     -1.29018174
13    670        -6.40538002      6.22798513     -1.28394809
14    670        -6.38202220      6.23037989     -1.25069212
15    670        -6.34105898      6.21538797     -1.22036389
16    670        -6.29938521      6.19464370     -1.21805707
17    670        -6.27126909      6.18347767     -1.22439904
18    670        -6.26824628      6.18021357     -1.24824909
19    670        -6.30272911      6.17178941     -1.28052446
20    670        -6.34733013      6.15783262     -1.30920862
21    670        -6.37376706      6.14465922     -1.32484431
22    670        -6.38347602      6.14514410     -1.32033838
23    670        -6.39202109      6.14425589     -1.31288068
24    670        -6.39831430      6.12304521     -1.31408590
25    670        -6.39570243      6.08834517     -1.31902678
26    670        -6.40217565      6.03315560     -1.29873983
27    670        -6.42078558      5.95778701     -1.26275764
28    670        -6.43859456      5.89118681     -1.23860656
29    670        -6.45016332      5.86639701     -1.24175421
30    670        -6.45876338      5.88753220     -1.26156042
31    670        -6.47242584      5.91148751     -1.29480032
32    670        -6.46238019      5.90217640     -1.36315666
33    670        -6.40441105      5.84207952     -1.44717787
34    670        -6.30516221      5.75453492     -1.51812067
35    670        -6.20250575      5.67138487     -1.55510196
36    670        -6.12672477      5.61289470     -1.58154977
37    670        -6.08200350      5.58060602     -1.63177361
38    670        -6.06647938      5.55792293     -1.70432202
39    670        -6.08278917      5.54031670     -1.78322174
40    670        -6.11475127      5.53983053     -1.84344372
41    670        -6.12060788      5.55400996     -1.86624722
42    670        -6.08979934      5.57499560     -1.86122133
43    670        -6.04393447      5.58710508     -1.83843590
44    670        -6.00766497      5.59348412     -1.81218477
45    670        -5.97606508      5.60570270     -1.80309104
46    670        -5.95125660      5.59784738     -1.81616710
47    670        -5.93758585      5.54892130     -1.84185950
48    670        -5.95622632      5.47523023     -1.87678919
49    670        -6.00067574      5.40272792     -1.91965245
50    670        -6.05413466      5.36186238     -1.96394807
51    670        -6.10093933      5.33981659     -2.00128717
52    670        -6.12216881      5.30714338     -2.00745062
53    670        -6.12618210      5.26108223     -1.99667538
54    670        -6.11531221      5.21486825     -2.00963262
55    670        -6.10166527      5.17218204     -2.05890956
56    670        -6.08490972      5.14468728     -2.13436034
57    670        -6.10960359      5.13328895     -2.18207803
58    670        -6.17380716      5.12716329     -2.19343069
59    670        -6.24633583      5.11126862     -2.18384083
60    670        -6.29985601      5.07871872     -2.15573518
61    670        -6.33384425      5.04803091     -2.09606367
62    670        -6.35503912      5.01855613     -2.01729002
63    670        -6.36109666      4.96655811     -1.93569969
64    670        -6.33601416      4.88663762     -1.87912657
65    670        -6.28225174      4.80202364     -1.88318320
66    670        -6.22779382      4.73159467     -1.94194996
67    670        -6.19875000      4.68099856     -2.02076584
68    670        -6.18910927      4.64296505     -2.08739702
69    670        -6.17098120      4.61793080     -2.11741185
70    670        -6.15925425      4.61669063     -2.11794900
71    670        -6.17044500      4.63136285     -2.13033842
72    670        -6.18996926      4.63500900     -2.17744546
73    670        -6.19419984      4.62010455     -2.22956394
74    670        -6.17566019      4.60708286     -2.24775898
75    670        -6.13241072      4.59720676     -2.24597326
76    670        -6.08748822      4.56766728     -2.25161400
77    670        -6.04579670      4.52166955     -2.28088022
78    670        -6.03022413      4.48777662     -2.30641041
79    670        -6.04797373      4.45290811     -2.29067177
80    670        -6.08861461      4.41543126     -2.25557310
81    670        -6.12375760      4.36121415     -2.27545944
82    670        -6.14956739      4.28692901     -2.36087292
83    670        -6.17905749      4.21012186     -2.45403625
84    670        -6.19395721      4.16071655     -2.48497142
85    670        -6.18558547      4.15801036     -2.46854509
86    670        -6.17194904      4.18849358     -2.45751447
87    670        -6.18946120      4.21801828     -2.44681196
88    670        -6.25093271      4.22438194     -2.43412499
89    670        -6.30486722      4.20302397     -2.39798228
90    670        -6.32128092      4.13818943     -2.35798028
91    670        -6.29850418      4.03377783     -2.34434668
92    670        -6.27308195      3.92986025     -2.37506171
93    670        -6.27009723      3.84697023     -2.42106679
94    670        -6.28291240      3.78508839     -2.44876010
95    670        -6.28544800      3.75427337     -2.45238460
96    670        -6.26975999      3.72564914     -2.45102811
97    670        -6.24214226      3.68674700     -2.44284520
98    670        -6.22479401      3.64837265     -2.40128455
99    670        -6.21728365      3.61303786     -2.34492894
100   670        -6.21497306      3.57289270     -2.30608272
101   670        -6.20724764      3.51673469     -2.29524912
102   670        -6.20324547      3.42162175     -2.27763830
103   670        -6.19987166      3.30335201     -2.23155384
104   670        -6.18841571      3.19808459     -2.14435802
105   670        -6.16115532      3.12874875     -2.03594780
106   670        -6.15297277      3.08563333     -1.93206060
107   670        -6.17605235      3.05440758     -1.88360134
108   670        -6.17845662      3.01743611     -1.89675483
109   670        -6.16525965      2.96975838     -1.95778151
110   670        -6.14960122      2.92611274     -2.01497477
111   670        -6.16027190      2.90777338     -2.05326962
112   670        -6.18796589      2.90637080     -2.08701527
113   670        -6.21823181      2.91305087     -2.10478964
114   670        -6.24867421      2.91605243     -2.11346314
115   670        -6.26641239      2.92287198     -2.10373154
116   670        -6.26497556      2.93673374     -2.07815137
117   670        -6.22979497      2.93006154     -2.04689517
118   670        -6.16973232      2.92233907     -2.02700568
119   670        -6.12492336      2.93432995     -2.02072220
120   670        -6.11480787      2.98851388     -2.01070585
121   670        -6.10441906      3.06103102     -1.97375573
122   670        -6.08549843      3.09718762     -1.91568803
123   670        -6.07116938      3.10570184     -1.86058959
124   670        -6.08418061      3.10968176     -1.80875518
125   670        -6.10579009      3.11588857     -1.76197424
126   670        -6.11965595      3.12015340     -1.70752734
127   670        -6.12759402      3.11924606     -1.66279649
128   670        -6.14695414      3.11187641     -1.64169007
129   670        -6.16933583      3.12353003     -1.63796418
130   670        -6.18615852      3.16626745     -1.65346440
131   670        -6.18765719      3.22762007     -1.67924281
132   670        -6.17896026      3.29104342     -1.66825680
133   670        -6.17960692      3.33861486     -1.59752989
134   670        -6.18366650      3.37398213     -1.49662037
135   670        -6.18473007      3.40841969     -1.41137166
136   670        -6.17138777      3.44582061     -1.34004979
137   670        -6.16428964      3.48807252     -1.25466796
138   670        -6.15343933      3.53240502     -1.16793744
139   670        -6.13032415      3.57052980     -1.11515662
140   670        -6.10204658      3.60928603     -1.12914292
141   670        -6.08882414      3.63301835     -1.17373383
142   670        -6.10380267      3.64334219     -1.22886400
143   670        -6.13455960      3.64063666     -1.28785880
144   670        -6.15915809      3.61366728     -1.33435755
145   670        -6.18022848      3.55591611     -1.34427993
146   670        -6.20554193      3.48188642     -1.30935940
147   670        -6.21263406      3.41559495     -1.24566108
148   670        -6.19821931      3.36863441     -1.19837926
149   670        -6.15755714      3.35526393     -1.20505534
150   670        -6.11694346      3.36549024     -1.23399933
151   670        -6.08905088      3.37693300     -1.27269169
152   670        -6.08340140      3.38906234     -1.31619402
153   670        -6.07692571      3.40999223     -1.37112566
154   670        -6.05572031      3.43666359     -1.43801165
155   670        -6.00650740      3.47873813     -1.50887312
156   670        -5.95762427      3.54159759     -1.56356612
157   670        -5.94894833      3.62216265     -1.60547120
158   670        -5.95709245      3.69475829     -1.64206814
159   670        -5.97809290      3.74374611     -1.67780180
160   670        -6.00203738      3.76289080     -1.70029085
161   670        -6.03984094      3.77071594     -1.71220174
162   670        -6.08079422      3.77086999     -1.73124626
163   670        -6.11963509      3.76214219     -1.75121231
164   670        -6.14268258      3.78031009     -1.76299213
165   670        -6.14932530      3.83755189     -1.76490872
166   670        -6.13230245      3.90239268     -1.76361876
167   670        -6.10133918      3.92717206     -1.77750123
168   670        -6.07397296      3.91801592     -1.79840598
169   670        -6.03736178      3.90390491     -1.81083103
170   670        -5.99489709      3.88569446     -1.78932012
171   670        -5.98207230      3.84015369     -1.73385674
172   670        -5.99307309      3.78548352     -1.64755766
173   670        -6.00646088      3.74436093     -1.54835048
174   670        -6.01343562      3.68705309     -1.44132406
175   670        -6.01287770      3.59825103     -1.34318115
176   670        -6.01987784      3.51659572     -1.26868206
177   670        -6.04248473      3.48222631     -1.22038250
178   670        -6.06583255      3.47871957     -1.18180267
179   670        -6.08447896      3.45106609     -1.15835061
180   670        -6.11641161      3.39791882     -1.16301099
181   670        -6.14531003      3.36590675     -1.18612259
182   670        -6.16615507      3.34401934     -1.19441931
183   670        -6.18193763      3.30822908     -1.17562749
184   670        -6.18939267      3.28986943     -1.13882539
185   670        -6.18418476      3.30587852     -1.11022529
186   670        -6.16477712      3.32586539     -1.08139881
187   670        -6.13981194      3.29979409     -1.03954170
188   670        -6.14190596      3.24710815     -0.95335728
189   670        -6.19324213      3.21019932     -0.82556492
190   670        -6.27649805      3.20286040     -0.71066667
191   670        -6.32899611      3.22065778     -0.62502306
192   670        -6.31021789      3.25984529     -0.55985890
193   670        -6.26447999      3.30604439     -0.47820992
194   670        -6.23867639      3.35349957     -0.37939564
195   670        -6.23606325      3.39501968     -0.28187634
196   670        -6.23133627      3.44379731     -0.19058385
197   670        -6.22228595      3.47409232     -0.10362619
198   670        -6.24427158      3.45491589     -0.02868336
199   670        -6.29944104      3.39063663      0.03797549
200   670        -6.35695030      3.32041900      0.10654489
201   670        -6.38585883      3.26488754      0.17666299
202   670        -6.39333990      3.22865936      0.25386957
203   670        -6.38876013      3.20479311      0.31528647
204   670        -6.37243775      3.18586174      0.34908849
205   670        -6.33682011      3.18653085      0.35845093
206   670        -6.30346037      3.22071756      0.36529276
207   670        -6.28379556      3.25923891      0.37256065
208   670        -6.29648090      3.27809226      0.36779057
209   670        -6.34640619      3.27578003      0.35181233
210   670        -6.39480564      3.26989079      0.33156095
211   670        -6.41717163      3.25586020      0.29921493
212   670        -6.40808135      3.23140539      0.25975763
213   670        -6.37736486      3.18953977      0.24435387
214   670        -6.32321315      3.13200872      0.24101304
215   670        -6.26274655      3.07818129      0.22760593
216   670        -6.20883478      3.02682226      0.19543588
217   670        -6.16891179      2.99185172      0.15516770
218   670        -6.14479166      2.97534583      0.10559312
219   670        -6.13681448      2.96973220      0.04386906
220   670        -6.12332762      2.95616707     -0.00855449
221   670        -6.10133203      2.96437158     -0.04629686
222   670        -6.10377961      3.00942411     -0.05863049
223   670        -6.11894787      3.08771822     -0.04717596
224   670        -6.14518627      3.14047473     -0.03418589
225   670        -6.16738975      3.14051638     -0.03079978
226   670        -6.17845351      3.10965828     -0.03719409
227   670        -6.17776988      3.09531455     -0.04415723
228   670        -6.16002238      3.10076428     -0.03209018
229   670        -6.13429102      3.08510973      0.00411548
230   670        -6.12240637      3.05841631      0.04597696
231   670        -6.17032696      3.03967447      0.09285196
232   670        -6.25147604      3.04885801      0.14682299
233   670        -6.31923336      3.06206810      0.21831779
234   670        -6.36910775      3.06508498      0.29892511
235   670        -6.42036011      3.04744978      0.37507670
236   670        -6.46545581      2.99827915      0.44062198
237   670        -6.49842013      2.95550075      0.50477503
238   670        -6.52213527      2.93277672      0.54431042
239   670        -6.54529904      2.93876421      0.56146691
240   670        -6.56211027      2.94815612      0.57313628
241   670        -6.55938232      2.95406774      0.58663455
242   670        -6.56870713      2.97868143      0.58450912
243   670        -6.60871152      3.02153698      0.55917843
244   670        -6.64215713      3.04130657      0.52171908
245   670        -6.63160667      3.00485900      0.49099891
246   670        -6.60890036      2.94668656      0.47168442
247   670        -6.61338545      2.90203631      0.46475791
248   670        -6.63144746      2.88934614      0.46184701
249   670        -6.64019738      2.89671500      0.47623229
250   670        -6.64769639      2.91945581      0.48561552
251   670        -6.66785282      2.94336565      0.49023377
252   670        -6.67723028      2.95131312      0.48133552
253   670        -6.68207731      2.93339670      0.45929156
254   670        -6.68705895      2.90428898      0.42374041
255   670        -6.68609575      2.85964572      0.40010675
256   670        -6.66707602      2.79858277      0.38557615
257   670        -6.62699220      2.73350610      0.37853972
258   670        -6.57979959      2.69079617      0.37081118
259   670        -6.54092085      2.69401798      0.37660148
260   670        -6.51955459      2.70220638      0.40687950
261   670        -6.51190370      2.70966561      0.43348419
262   670        -6.51312652      2.72667275      0.44032329
263   670        -6.51815414      2.75675007      0.42133320
264   670        -6.52605245      2.78408849      0.40910378
265   670        -6.52911936      2.79449790      0.39018042
266   670        -6.51216263      2.77011908      0.35324926
267   670        -6.46779238      2.71828539      0.27913784
268   670        -6.43002882      2.65155167      0.17856265
269   670        -6.41462749      2.61679662      0.09996097
270   670        -6.39212634      2.65367482      0.06742005
271   670        -6.34787073      2.71750748      0.05977893
272   670        -6.29977242      2.76236468      0.05513355
273   670        -6.27000051      2.76064129      0.04611285
274   670        -6.27149966      2.73654397      0.00480482
275   670        -6.28871980      2.67835442     -0.05728328
276   670        -6.28546034      2.58067758     -0.10869026
277   670        -6.25983058      2.46916184     -0.12263651
278   670        -6.23045709      2.40304438     -0.10562520
279   670        -6.22128950      2.40613943     -0.06079613
280   670        -6.21002975      2.42269666     -0.00413287
281   670        -6.16816527      2.42809791      0.07385321
282   670        -6.12909435      2.46022563      0.14980296
283   670        -6.12833319      2.53973880      0.20067751
284   670        -6.15307992      2.62311431      0.22788762
285   670        -6.18503311      2.65437236      0.21569848
286   670        -6.18509813      2.60468408      0.17511346
287   670        -6.15245237      2.50452283      0.12964217
288   670        -6.13654909      2.41831482      0.11603365
289   670        -6.14765616      2.40403603      0.12513693
290   670        -6.17025317      2.46502135      0.15404229
291   670        -6.18361053      2.55074874      0.20148025
292   670        -6.17817977      2.60723753      0.26184001
293   670        -6.15975245      2.62806714      0.33014103
294   670        -6.13021652      2.62423648      0.39619619
295   670        -6.09264259      2.59237540      0.45018394
296   670        -6.06657742      2.56970711      0.48596628
297   670        -6.05694526      2.57125911      0.50111193
298   670        -6.07737972      2.59528825      0.49039507
299   670        -6.10416116      2.60853100      0.45098786
300   670        -6.10771957      2.58507287      0.39345845
301   670        -6.10305887      2.54364669      0.34707684
302   670        -6.10806413      2.52356743      0.30768150
303   670        -6.11522739      2.52365274      0.25574105
304   670        -6.08999718      2.52275370      0.20148727
305   670        -6.04043432      2.50740197      0.16732864
306   670        -5.97176802      2.47851135      0.15924428
307   670        -5.89357601      2.46125760      0.14829987
308   670        -5.81925002      2.45475453      0.10945509
309   670        -5.72190398      2.46671816      0.05305280
310   670        -5.59841357      2.48224674      0.00832919
311   670        -5.49364137      2.47436176     -0.01337872
312   670        -5.44658588      2.44987408     -0.00904895
313   670        -5.43479884      2.43703831      0.00791630
314   670        -5.42110681      2.44763338      0.02857375
315   670        -5.38087384      2.47374900      0.05258330
316   670        -5.33262354      2.49847266      0.10275427
317   670        -5.31362162      2.49305166      0.17995060
318   670        -5.34632896      2.45287866      0.26228044
319   670        -5.40352876      2.38586021      0.34059865
320   670        -5.44939920      2.31339899      0.41211862
321   670        -5.47539846      2.26065795      0.46824971
322   670        -5.49265241      2.24141259      0.48093775
323   670        -5.51561905      2.26241652      0.45485077
324   670        -5.51911372      2.32110860      0.41502861
325   670        -5.51513160      2.38567614      0.38613745
326   670        -5.51322323      2.44671129      0.38200081
327   670        -5.48433289      2.48812316      0.38923247
328   670        -5.43033717      2.49553141      0.40881931
329   670        -5.38698037      2.47563295      0.42924410
330   670        -5.37463252      2.40918955      0.43847648
331   670        -5.36096963      2.32600957      0.42249758
332   670        -5.31715815      2.27748344      0.40292041
333   670        -5.26409797      2.27206325      0.40348948
334   670        -5.20369114      2.30013313      0.41791204
335   670        -5.11802210      2.34324546      0.43800113
336   670        -5.04135178      2.37460229      0.43355093
337   670        -4.98449562      2.38065127      0.39733184
338   670        -4.95009346      2.36240940      0.31166637
339   670        -4.92873232      2.32859804      0.21787709
340   670        -4.91536021      2.27916929      0.16948102
341   670        -4.88568644      2.21577888      0.18428575
342   670        -4.82608301      2.17597283      0.23236544
343   670        -4.78462334      2.17270975      0.27248078
344   670        -4.75372428      2.20891742      0.31422250
345   670        -4.73830466      2.22964518      0.35223421
346   670        -4.73941599      2.21444519      0.38001342
347   670        -4.74770125      2.18393273      0.37770843
348   670        -4.75312094      2.15633985      0.37713002
349   670        -4.74371082      2.12744307      0.39830619
350   670        -4.72968406      2.07413745      0.41610846
351   670        -4.71808551      2.03385143      0.42411233
352   670        -4.73015909      2.02016704      0.42757377
353   670        -4.75220622      2.04558762      0.44312119
354   670        -4.78513101      2.10924677      0.44982224
355   670        -4.80237334      2.19460237      0.44221227
356   670        -4.80324526      2.29620708      0.42717944
357   670        -4.79604755      2.37210696      0.40461737
358   670        -4.79722721      2.39860935      0.37778005
359   670        -4.82304368      2.37924997      0.35361891
360   670        -4.84381476      2.34379924      0.32774235
361   670        -4.83512156      2.30567638      0.30211919
362   670        -4.80183926      2.27727935      0.27286664
363   670        -4.77897788      2.28871763      0.23882342
364   670        -4.78627237      2.33348786      0.21555854
365   670        -4.83373643      2.40329991      0.21702497
366   670        -4.89986734      2.47377154      0.24843955
367   670        -4.96773581      2.54918345      0.28134838
368   670        -5.01363669      2.64824175      0.30677962
369   670        -5.03857772      2.78430151      0.31058036
370   670        -5.06848593      2.92162479      0.30320568
371   670        -5.13530062      3.00650889      0.30213504
372   670        -5.21303897      3.00811773      0.34685347
373   670        -5.24325131      2.96205053      0.42567596
374   670        -5.21904519      2.91996163      0.52010538
375   670        -5.18970463      2.89671344      0.59431835
376   670        -5.17347927      2.90997491      0.60901550
377   670        -5.13914473      2.94946490      0.57770960
378   670        -5.08527144      3.01552817      0.52965240
379   670        -5.06062399      3.06832916      0.49870229
380   670        -5.06607033      3.09160309      0.51741830
381   670        -5.07719082      3.07721125      0.57513949
382   670        -5.08219277      3.05921562      0.64127341
383   670        -5.07789872      3.05281917      0.68555427
384   670        -5.07066897      3.07288855      0.69479528
385   670        -5.04591576      3.12719866      0.68365321
386   670        -5.00903883      3.19296518      0.66664963
387   670        -4.97096730      3.23525618      0.65269679
388   670        -4.95690212      3.24549894      0.63142054
389   670        -4.96952580      3.24125376      0.61724355
390   670        -4.98310984      3.23068880      0.62351317
391   670        -4.99799060      3.22407286      0.64646484
392   670        -5.02824712      3.21438773      0.66151039
393   670        -5.07787566      3.22347504      0.65982535
394   670        -5.11109280      3.24785866      0.66601076
395   670        -5.11358573      3.28005464      0.69269665
396   670        -5.07325280      3.30959408      0.73099701
397   670        -5.01268051      3.35371096      0.74307528
398   670        -4.95520931      3.43166134      0.71934352
399   670        -4.91567947      3.53897412      0.67289339
400   670        -4.87946110      3.63748549      0.62207988
401   670        -4.84401795      3.68243661      0.58303531
402   670        -4.79853669      3.69039036      0.57867017
403   670        -4.75477392      3.71268219      0.60512917
404   670        -4.75554240      3.77127670      0.62833608
405   670        -4.80296195      3.85122549      0.62101993
406   670        -4.84623781      3.91435600      0.57362111
407   670        -4.84774471      3.95649162      0.51595446
408   670        -4.82507925      3.97594485      0.47061792
409   670        -4.81963369      3.97362648      0.44104132
410   670        -4.84381038      3.97005397      0.41584292
411   670        -4.87277112      3.98748142      0.39956706
412   670        -4.90892802      4.01423076      0.40289752
413   670        -4.95168238      4.02788647      0.42514236
414   670        -4.96968814      4.03607274      0.45402949
415   670        -4.94718863      4.06235687      0.48548104
416   670        -4.93142035      4.10338618      0.50000927
417   670        -4.94594014      4.12579001      0.48922413
418   670        -4.98564622      4.13112163      0.47229033
419   670        -5.02671947      4.13250524      0.46737672
420   670        -5.03530828      4.13514433      0.48949034
421   670        -5.01530449      4.11996912      0.52194198
422   670        -5.00745907      4.08663800      0.56072376
423   670        -5.01366778      4.06630896      0.59579330
424   670        -5.00170409      4.07704261      0.62399763
425   670        -4.96886175      4.10867403      0.63666022
426   670        -4.92089714      4.13253112      0.64404905
427   670        -4.88338709      4.13826540      0.65309485
428   670        -4.86409054      4.13374959      0.68246481
429   670        -4.85560608      4.14908484      0.74168618
430   670        -4.84244609      4.18140767      0.80360634
431   670        -4.81086388      4.21395849      0.85178891
432   670        -4.76848135      4.22174671      0.86438933
433   670        -4.72883199      4.21198315      0.85626263
434   670        -4.70101007      4.21969418      0.84088438
435   670        -4.68488701      4.24423314      0.84380425
436   670        -4.69404610      4.27904715      0.86376933
437   670        -4.71990497      4.32632005      0.89978670
438   670        -4.75980804      4.39193430      0.93389092
439   670        -4.79233305      4.46597195      0.93651219
440   670        -4.81403615      4.52329655      0.92539588
441   670        -4.82128333      4.57140766      0.91298738
442   670        -4.81907586      4.59570449      0.90345999
443   670        -4.81407276      4.59314838      0.89490204
444   670        -4.79179414      4.57812151      0.90200248
445   670        -4.76203161      4.56216934      0.93332400
446   670        -4.73566645      4.54804990      0.98620181
447   670        -4.72884953      4.53576918      1.04103818
448   670        -4.74433228      4.51645954      1.08515288
449   670        -4.76955653      4.49213877      1.11629378
450   670        -4.79542724      4.46310977      1.13405360
451   670        -4.81689016      4.43629178      1.12895216
452   670        -4.83746795      4.42107386      1.09699625
453   670        -4.86860613      4.41877073      1.06597249
454   670        -4.90022522      4.43505823      1.05019642
455   670        -4.93170700      4.44431312      1.06428252
456   670        -4.97416819      4.44815462      1.08470427
457   670        -5.01895814      4.43561726      1.10477405
458   670        -5.06028695      4.42251182      1.13427150
459   670        -5.07103965      4.40593269      1.17219276
460   670        -5.06026426      4.38833751      1.18460299
461   670        -5.05267717      4.38741096      1.15634470
462   670        -5.06212158      4.41641600      1.10316978
463   670        -5.06285713      4.47469262      1.06441718
464   670        -5.06205414      4.53328205      1.07003754
465   670        -5.08533145      4.58993982      1.11749226
466   670        -5.13319982      4.62140337      1.20159028
467   670        -5.16857994      4.63105685      1.27542753
468   670        -5.18879033      4.62182627      1.32068255
469   670        -5.20531082      4.60063053      1.32090311
470   670        -5.21269121      4.57025027      1.30707479
471   670        -5.19066379      4.54030887      1.29462101
472   670        -5.13066079      4.52690713      1.27679112
473   670        -5.04787047      4.53287877      1.24774550
474   670        -4.96282052      4.54523382      1.20052963
475   670        -4.90392817      4.56613193      1.17098564
476   670        -4.86744452      4.61147957      1.16461536
477   670        -4.84148976      4.65823706      1.18762414
478   670        -4.82412426      4.68973099      1.23180354
479   670        -4.82779246      4.69750404      1.28174289
480   670        -4.83954772      4.70869887      1.31328789
481   670        -4.85843722      4.73422519      1.31903442
482   670        -4.87243180      4.75976333      1.30182391
483   670        -4.88694631      4.78631070      1.28157372
484   670        -4.89148225      4.82397499      1.29206960
485   670        -4.88708400      4.86457903      1.31767451
486   670        -4.88536981      4.90188679      1.34214223
487   670        -4.88543854      4.92110979      1.32938862
488   670        -4.89622956      4.92405078      1.28254152
489   670        -4.91837216      4.93234802      1.22412927
490   670        -4.94659616      4.93189826      1.18352076
491   670        -4.97373995      4.91400267      1.17286416
492   670        -5.02543692      4.88419368      1.17223805
493   670        -5.09903468      4.85832610      1.17545194
494   670        -5.19785591      4.84212428      1.19445217
495   670        -5.29950609      4.83357707      1.25018090
496   670        -5.37832525      4.82308539      1.31738363
497   670        -5.43835882      4.80472989      1.37699740
498   670        -5.49098784      4.78029896      1.41631997
499   670        -5.54760987      4.74874731      1.43807895
500   670        -5.58524470      4.72274620      1.44526410
501   670        -5.59430640      4.70837401      1.43968090
502   670        -5.60735329      4.69425888      1.43526652
503   670        -5.64185959      4.68002520      1.42793527
504   670        -5.67149711      4.66590185      1.41882291
505   670        -5.68198845      4.66408897      1.39944874
506   670        -5.68983831      4.66440990      1.36564557
507   670        -5.72206417      4.64845987      1.31887102
508   670        -5.77116628      4.64194526      1.27300970
509   670        -5.80998103      4.66979568      1.23344029
510   670        -5.81241427      4.72385885      1.20696313
511   670        -5.78923132      4.76267381      1.18162313
512   670        -5.76837449      4.77483744      1.14950318
513   670        -5.75774097      4.77749313      1.12326038
514   670        -5.75711370      4.78865423      1.10985424
515   670        -5.78816374      4.78947018      1.11206892
516   670        -5.87272700      4.79515173      1.11273894
517   670        -5.97435721      4.82747899      1.09999512
518   670        -6.04040544      4.88517665      1.07114885
519   670        -6.07494648      4.94668705      1.03626585
520   670        -6.09547798      4.99612756      1.01066840
521   670        -6.09589527      5.01213002      1.00162437
522   670        -6.08149166      4.99776676      1.00864410
523   670        -6.07606056      4.98900511      1.00063503
524   670        -6.07833979      4.98986630      0.94197021
525   670        -6.09204660      4.99812058      0.83104133
526   670        -6.09854661      4.99783876      0.72925823
527   670        -6.08874135      4.98664808      0.68596180
528   670        -6.06901062      4.93770992      0.69687234
529   670        -6.06362672      4.86261845      0.73216679
530   670        -6.07189586      4.80826220      0.77864619
531   670        -6.07883602      4.81636698      0.81769213
532   670        -6.07871547      4.86131180      0.85116671
533   670        -6.07388503      4.91162265      0.87847200
534   670        -6.07778510      4.93085692      0.88066711
535   670        -6.05789312      4.91973593      0.84607969
536   670        -6.00628523      4.88787537      0.78276974
537   670        -5.95617020      4.87861044      0.73860950
538   670        -5.93384689      4.91110506      0.71243447
539   670        -5.95789877      4.95870006      0.69156674
540   670        -6.00002500      5.00393028      0.66424509
541   670        -6.04271230      5.03947328      0.64812411
542   670        -6.07255657      5.06738809      0.66013731
543   670        -6.08203872      5.09158003      0.68408273
544   670        -6.07598272      5.11923135      0.70198805
545   670        -6.05201715      5.13902126      0.69676946
546   670        -6.02791693      5.13810693      0.68779578
547   670        -5.99905620      5.13001403      0.70786406
548   670        -5.96374197      5.15283132      0.75130548
549   670        -5.94124548      5.21686878      0.78072329
550   670        -5.93706800      5.29672342      0.77791261
551   670        -5.93623236      5.36917355      0.75858687
552   670        -5.93183748      5.42239932      0.75855727
553   670        -5.92146965      5.46160731      0.79620378
554   670        -5.90192632      5.47987911      0.83493587
555   670        -5.88746859      5.45463024      0.85378959
556   670        -5.87283852      5.37615233      0.86171608
557   670        -5.85134289      5.28920347      0.87014930
558   670        -5.83529501      5.24393432      0.87252939
559   670        -5.83430515      5.26333321      0.86585618
560   670        -5.83429446      5.32031270      0.84530671
561   670        -5.83296018      5.38030302      0.82296864
562   670        -5.81914829      5.40720414      0.81863636
563   670        -5.80030812      5.38691639      0.81422057
564   670        -5.77662117      5.34368572      0.79660889
565   670        -5.72933471      5.29169116      0.76016417
566   670        -5.67208565      5.24011077      0.70229195
567   670        -5.64922249      5.19180286      0.62897067
568   670        -5.67048684      5.16022631      0.56254783
569   670        -5.71886109      5.15164949      0.51373591
570   670        -5.75883297      5.15925918      0.45314082
571   670        -5.76644797      5.18514041      0.38869224
572   670        -5.76241846      5.20650852      0.35780559
573   670        -5.74921580      5.22064959      0.39732446
574   670        -5.74257491      5.24952551      0.46013591
575   670        -5.72893848      5.30889607      0.52030493
576   670        -5.71132417      5.35313485      0.58679877
577   670        -5.67632498      5.38090325      0.68103225
578   670        -5.61505811      5.38753737      0.80168709
579   670        -5.52858982      5.38834387      0.91935549
580   670        -5.45679285      5.39062049      0.99910164
581   670        -5.44398342      5.41233352      1.05172928
582   670        -5.49515955      5.44708590      1.10899081
583   670        -5.56377142      5.47272718      1.15806249
584   670        -5.60656985      5.49548963      1.20012131
585   670        -5.63171096      5.50790760      1.20779670
586   670        -5.64494582      5.50949120      1.19377825
587   670        -5.64890165      5.48455183      1.18133701
588   670        -5.62684894      5.43923405      1.18494714
589   670        -5.59584446      5.39296119      1.19379704
590   670        -5.57319225      5.39080900      1.19034531
591   670        -5.55331891      5.41153936      1.17982874
592   670        -5.51136660      5.42216908      1.16173295
593   670        -5.42265002      5.40176912      1.16144371
594   670        -5.32666812      5.35590099      1.15982626
595   670        -5.25486907      5.28392729      1.12317711
596   670        -5.20804173      5.21315555      1.04793034
597   670        -5.17431199      5.15647645      0.95292157
598   670        -5.16619209      5.11740898      0.84890963
599   670        -5.18070053      5.08525158      0.76665042
600   670        -5.18660399      5.05990023      0.74994637
601   670        -5.20729127      5.04345852      0.74098147
602   670        -5.22291682      5.03504766      0.72729148
603   670        -5.24776407      5.01393569      0.72902670
604   670        -5.27647365      4.96915251      0.71667308
605   670        -5.29019781      4.86920399      0.68757084
606   670        -5.29697917      4.78424124      0.65290170
607   670        -5.34465909      4.74841396      0.63418855
608   670        -5.42730748      4.77415571      0.62563447
609   670        -5.50754090      4.81007050      0.57244929
610   670        -5.58111543      4.80191488      0.47386224
611   670        -5.63731048      4.79154749      0.38862669
612   670        -5.70908089      4.79334749      0.32014252
613   670        -5.80029588      4.79590210      0.26480000
614   670        -5.86366526      4.78086918      0.24018766
615   670        -5.90625514      4.76027960      0.22940626
616   670        -5.94612832      4.76451241      0.20507817
617   670        -5.98998257      4.77179776      0.14854262
618   670        -6.00850806      4.76163717      0.07583593
619   670        -6.00035432      4.74790547      0.01272942
620   670        -5.98464134      4.73216361     -0.02679722
621   670        -5.97295082      4.71409759     -0.06905931
622   670        -5.96700741      4.70722223     -0.11363764
623   670        -5.95794868      4.70295992     -0.14162911
624   670        -5.96137579      4.70766920     -0.16326375
625   670        -5.98877821      4.71866134     -0.22993944
626   670        -6.04206350      4.73737605     -0.32345452
627   670        -6.09104690      4.75069227     -0.39996759
628   670        -6.12316363      4.77645606     -0.43461980
629   670        -6.13578565      4.80850031     -0.44803522
630   670        -6.13043700      4.83791762     -0.46792332
631   670        -6.13651387      4.88302543     -0.49074438
632   670        -6.11684159      4.90197346     -0.48342977
633   670        -6.11406865      4.90876779     -0.42721094
634   670        -6.11775986      4.90954249     -0.38002679
635   670        -6.13844514      4.91324515     -0.36385016
636   670        -6.14375109      4.90944781     -0.35115479
637   670        -6.14207946      4.89567754     -0.32942128
638   670        -6.15396685      4.88704059     -0.30970880
639   670        -6.15297258      4.87984141     -0.30970135
640   670        -6.11758671      4.87658498     -0.31390107
641   670        -6.08012335      4.86762755     -0.33270889
642   670        -6.05288290      4.86170910     -0.34057548
643   670        -6.02742843      4.86659963     -0.34527907
644   670        -6.01022967      4.90700274     -0.33518757
645   670        -6.00272298      4.95374561     -0.34035079
646   670        -5.99251991      4.99955013     -0.34542173
647   670        -5.94242752      5.02742071     -0.33165783
648   670        -5.88688647      5.06117051     -0.31158027
649   670        -5.89073952      5.11928236     -0.31602774
650   670        -5.94247968      5.17979457     -0.35562308
651   670        -5.99541532      5.23134192     -0.41000299
652   670        -6.03586350      5.26742921     -0.44664647
653   670        -6.07250419      5.30994774     -0.44914648
654   670        -6.09845018      5.35552896     -0.46156766
655   670        -6.11427023      5.40273001     -0.49247746
656   670        -6.12915039      5.41619502     -0.54381480
657   670        -6.14964285      5.39135206     -0.57361409
658   670        -6.14938419      5.33965417     -0.56030078
659   670        -6.13740602      5.27755902     -0.51568955
660   670        -6.14872349      5.23243188     -0.50558754
661   670        -6.20108829      5.21516534     -0.53890668
662   670        -6.28527807      5.23136851     -0.57469374
663   670        -6.35341667      5.25800487     -0.56736806
664   670        -6.39686377      5.30538442     -0.52404539
665   670        -6.42605458      5.35117970     -0.46889781
666   670        -6.42792062      5.38613097     -0.40057408
667   670        -6.38977823      5.39220314     -0.34505944
668   670        -6.32494834      5.36831420     -0.29385531
669   670        -6.26199425      5.33849322     -0.27230345
670   670        -6.24327497      5.30322229     -0.26518470
671   670        -6.26313334      5.27053323     -0.28183620
672   670        -6.27625017      5.24656421     -0.29794532
673   670        -6.26984683      5.21935646     -0.30573178
674   670        -6.25289695      5.18010333     -0.30521072
675   670        -6.25289659      5.14968618     -0.29049071
676   670        -6.25601813      5.16436678     -0.28724688
677   670        -6.25846996      5.21732929     -0.28988585
678   670        -6.24934353      5.26506216     -0.30707676
679   670        -6.25093335      5.30156605     -0.34321001
680   670        -6.25583786      5.33214706     -0.38859807
681   670        -6.24415401      5.37480206     -0.41394984
682   670        -6.21663069      5.39708962     -0.40699500
683   670        -6.18821608      5.38731706     -0.37693872
684   670        -6.17103800      5.36882906     -0.33811612
685   670        -6.17343723      5.36242465     -0.28196780
686   670        -6.19305626      5.35646871     -0.21089495
687   670        -6.19654407      5.33562019     -0.14610890
688   670        -6.17052311      5.31744126     -0.09650335
689   670        -6.14249518      5.30428791     -0.07443780
690   670        -6.13691312      5.29349754     -0.07534252
691   670        -6.12845264      5.26934647     -0.11098742
692   670        -6.09901985      5.24312517     -0.15842036
693   670        -6.06188022      5.22112017     -0.20749049
694   670        -6.02960192      5.19748934     -0.23276807
695   670        -5.98941968      5.17121642     -0.25016661
696   670        -5.93769571      5.14436887     -0.26155249
697   670        -5.90248927      5.13030528     -0.26652575
698   670        -5.87826500      5.12995750     -0.25257247
699   670        -5.84963906      5.14188439     -0.20517503
700   670        -5.80479127      5.14486439     -0.16363088
701   670        -5.74680629      5.16173039     -0.13215532
702   670        -5.68064711      5.19699742     -0.10700339
703   670        -5.62142291      5.21833143     -0.05516639
704   670        -5.58985862      5.21387814      0.02426099
705   670        -5.57155694      5.19893958      0.12852787
706   670        -5.56590075      5.19462699      0.19859035
707   670        -5.57462472      5.21127718      0.22773306
708   670        -5.59689980      5.23124986      0.24143717
709   670        -5.61193629      5.22423029      0.27723828
710   670        -5.62670933      5.18727645      0.32081923
711   670        -5.63262664      5.14374127      0.33941545
712   670        -5.60666201      5.12454337      0.32789551
713   670        -5.57393970      5.12757823      0.29210715
714   670        -5.54200594      5.13665575      0.26018904
715   670        -5.49447413      5.16209259      0.22996651
716   670        -5.43340485      5.19922654      0.21408223
717   670        -5.39372044      5.22278549      0.22143243
718   670        -5.38825221      5.21619154      0.26841238
719   670        -5.39388711      5.20075317      0.31694121
720   670        -5.38718748      5.21816966      0.35362486
721   670        -5.35325780      5.25323707      0.36856011
722   670        -5.30827616      5.28861524      0.37300288
723   670        -5.26485866      5.31738597      0.34388678
724   670        -5.22323748      5.34666770      0.29560434
725   670        -5.20111174      5.35310752      0.24807469
726   670        -5.20656475      5.35444408      0.21586548
727   670        -5.21649480      5.34871323      0.18745386
728   670        -5.20925066      5.34229265      0.15753678
729   670        -5.20191046      5.32926634      0.14897917
730   670        -5.20135432      5.30361019      0.14570059
731   670        -5.24655390      5.28243085      0.17908211
732   631        -3.30354095      6.16962623     -0.81754283
733   631        -3.29110319      6.09741110     -0.80989288
734   631        -3.28067472      6.05814027     -0.81219794
735   631        -3.29171002      6.04292709     -0.81264624
736   631        -3.31629407      6.00671745     -0.78206005
737   631        -3.30679236      5.95686007     -0.74956021
738   631        -3.26045216      5.89426150     -0.71711437
739   631        -3.20315376      5.85757996     -0.68539764
740   631        -3.18237502      5.82629999     -0.63991363
741   631        -3.18153926      5.78362677     -0.56946634
742   631        -3.16912771      5.72727344     -0.52069281
743   631        -3.15279351      5.68324938     -0.50039686
744   631        -3.15299547      5.66737883     -0.50576710
745   631        -3.16320905      5.66198831     -0.50944729
746   631        -3.17888879      5.66505515     -0.47933324
747   631        -3.19350220      5.65618609     -0.43048921
748   631        -3.22159420      5.64069654     -0.40069316
749   631        -3.24383707      5.63557587     -0.36579821
750   631        -3.24625864      5.65488990     -0.29845737
751   631        -3.21929547      5.65824856     -0.21966547
752   631        -3.15300620      5.63121578     -0.12469885
753   631        -3.07347510      5.59046331     -0.03042851
754   631        -3.03339960      5.54998206      0.04678947
755   631        -3.08314228      5.51624753      0.09304621
756   631        -3.17758508      5.48108124      0.12036234
757   631        -3.24600496      5.47294884      0.15323019
758   631        -3.26130324      5.48814100      0.21109530
759   631        -3.24753390      5.52372644      0.27843227
760   631        -3.23022599      5.54675503      0.34368689
761   631        -3.21882257      5.55178653      0.41396525
762   631        -3.19776364      5.54626051      0.50116389
763   631        -3.15249077      5.54556225      0.59843402
764   631        -3.09742157      5.54894229      0.69167025
765   631        -3.06748172      5.54628542      0.76669848
766   631        -3.05634948      5.54657727      0.80083884
767   631        -3.03351018      5.55014770      0.79225439
768   631        -2.99967162      5.55300519      0.75648285
769   631        -2.99112964      5.54435538      0.73654952
770   631        -3.02390216      5.52188619      0.73390248
771   631        -3.06092250      5.47765128      0.73206282
772   631        -3.09170166      5.43037420      0.71045000
773   631        -3.13769753      5.39195081      0.67777386
774   631        -3.18233743      5.36023769      0.64933125
775   631        -3.19324945      5.32231284      0.64065753
776   631        -3.16955486      5.27729117      0.66218926
777   631        -3.13944856      5.22346808      0.69587391
778   631        -3.11880185      5.18157371      0.72498693
779   631        -3.08906434      5.17618300      0.72474680
780   631        -3.06439028      5.18040290      0.72412725
781   631        -3.06610488      5.16940251      0.74391655
782   631        -3.07715222      5.13524408      0.76155812
783   631        -3.07068121      5.11298757      0.75099346
784   631        -3.04468828      5.10243043      0.71602658
785   631        -3.01548155      5.10922700      0.67584674
786   631        -2.99145910      5.11234283      0.64338981
787   631        -2.97146099      5.10465603      0.63678595
788   631        -2.93158479      5.08367985      0.65820370
789   631        -2.89242426      5.05098964      0.71158786
790   631        -2.88111554      5.02458676      0.80752729
791   631        -2.90600528      5.01009673      0.92886530
792   631        -2.93982097      5.02768927      1.03162060
793   631        -2.95059232      5.06544328      1.08622627
794   631        -2.95243182      5.09483461      1.10777836
795   631        -2.95059290      5.08555413      1.12381948
796   631        -2.94641674      5.02698521      1.13505816
797   631        -2.97135901      4.92431408      1.14018121
798   631        -3.04585233      4.82548562      1.16149046
799   631        -3.14571662      4.76597045      1.20869631
800   631        -3.24691791      4.75273975      1.26907758
801   631        -3.35006545      4.76976566      1.31676057
802   631        -3.42964085      4.79868623      1.33101330
803   631        -3.46183726      4.83708604      1.32890504
804   631        -3.45107557      4.87723431      1.33086179
805   631        -3.41710615      4.93077569      1.36438889
806   631        -3.37507057      4.99058506      1.40966211
807   631        -3.32654896      5.07811950      1.42920573
808   631        -3.28564394      5.18092925      1.40528183
809   631        -3.27167006      5.27788512      1.33564404
810   631        -3.28684433      5.32882181      1.25437996
811   631        -3.30397555      5.33490598      1.18929032
812   631        -3.28960388      5.32186297      1.14908586
813   631        -3.25840083      5.30296554      1.13250063
814   631        -3.22852944      5.28028256      1.13333820
815   631        -3.21251123      5.25029962      1.13753742
816   631        -3.21281175      5.21591832      1.14000991
817   631        -3.22413534      5.17127042      1.14261903
818   631        -3.20250719      5.13278670      1.14314667
819   631        -3.10022341      5.10538816      1.15252628
820   631        -2.96476145      5.07512722      1.15832068
821   631        -2.83764765      5.05875068      1.13982138
822   631        -2.75010161      5.04298270      1.13783722
823   631        -2.68813676      5.03105390      1.16735902
824   631        -2.64881407      5.02974999      1.20838280
825   631        -2.63615580      5.01984894      1.22826269
826   631        -2.66099641      4.97370271      1.22647339
827   631        -2.69872734      4.89714051      1.21570637
828   631        -2.70358230      4.82721659      1.20608228
829   631        -2.67987862      4.76588614      1.21072916
830   631        -2.63005547      4.70796453      1.20941483
831   631        -2.56875881      4.63802832      1.20877734
832   631        -2.52453458      4.56278836      1.19316091
833   631        -2.52904013      4.49849642      1.18194166
834   631        -2.55080624      4.45648867      1.18050803
835   631        -2.55340733      4.43009719      1.17829446
836   631        -2.52336691      4.41970622      1.16696565
837   631        -2.50224402      4.39309739      1.16759523
838   631        -2.50290995      4.33219484      1.19028015
839   631        -2.50271999      4.26651847      1.20484992
840   631        -2.50584795      4.22522391      1.21175631
841   631        -2.52565096      4.18523993      1.22645857
842   631        -2.56152019      4.13560708      1.24646323
843   631        -2.58961415      4.10863277      1.25898498
844   631        -2.61138450      4.10713209      1.26915532
845   631        -2.63031622      4.10208626      1.28629382
846   631        -2.63666707      4.08169254      1.31860741
847   631        -2.61414588      4.06252526      1.35531195
848   631        -2.58772864      4.04839156      1.38274564
849   631        -2.59481519      4.01824903      1.41559643
850   631        -2.63063985      3.98927507      1.48596105
851   631        -2.65881987      3.97901668      1.55519431
852   631        -2.69673745      4.01172888      1.60219112
853   631        -2.75315964      4.07714557      1.60807770
854   631        -2.81395048      4.14137907      1.61086706
855   631        -2.86181049      4.20858259      1.61299508
856   631        -2.91200711      4.27924326      1.59573723
857   631        -2.94986017      4.37750815      1.56121036
858   631        -2.97204099      4.47724274      1.54087766
859   631        -3.01741472      4.58367308      1.51670888
860   631        -3.10683043      4.69166139      1.45751222
861   631        -3.17778981      4.80089634      1.38780465
862   631        -3.21486468      4.92819426      1.36180302
863   631        -3.23157701      5.04054040      1.40061442
864   631        -3.26716170      5.11048623      1.44734538
865   631        -3.31504218      5.15788328      1.46145544
866   631        -3.32407079      5.22355238      1.43437251
867   631        -3.29686218      5.28374923      1.38382687
868   631        -3.24925904      5.34119329      1.31163682
869   631        -3.21453652      5.38371040      1.26334967
870   631        -3.17289717      5.40579141      1.27452236
871   631        -3.14114734      5.41700525      1.32207875
872   631        -3.10521861      5.41836380      1.35320214
873   631        -3.07105921      5.40755799      1.34418520
874   631        -3.03972401      5.38452446      1.31798814
875   631        -2.99849957      5.34492119      1.28486714
876   631        -2.95935667      5.31829151      1.23176892
877   631        -2.92308604      5.28271279      1.18252941
878   631        -2.90175860      5.23972954      1.18716195
879   631        -2.84923631      5.19804021      1.23155818
880   631        -2.80095491      5.17215530      1.27290487
881   631        -2.78082667      5.16901865      1.30854516
882   631        -2.77928690      5.16237798      1.35782408
883   631        -2.77907346      5.15584817      1.41489226
884   631        -2.79404627      5.17304056      1.42935959
885   631        -2.87062361      5.20195338      1.40725413
886   631        -2.96362406      5.23685250      1.36061217
887   631        -3.03132373      5.25784567      1.33195751
888   631        -3.06537632      5.26471431      1.34087084
889   631        -3.06598546      5.28371043      1.38789323
890   631        -3.04417262      5.33286544      1.46177652
891   631        -3.02784879      5.39685868      1.54226777
892   631        -3.01529809      5.45774022      1.58689444
893   631        -3.02886951      5.49993230      1.59352597
894   631        -3.09355996      5.51013814      1.57581149
895   631        -3.20244406      5.47462061      1.54791630
896   631        -3.30812975      5.41999203      1.51108653
897   631        -3.36594006      5.41026003      1.48636184
898   631        -3.37493010      5.48699108      1.48316684
899   631        -3.34142501      5.58765025      1.47862731
900   631        -3.30473877      5.66669149      1.49686203
901   631        -3.27309215      5.74029067      1.53286822
902   631        -3.23726030      5.82676231      1.56254767
903   631        -3.21221783      5.91470618      1.54976191
904   631        -3.19811751      5.95191008      1.49531262
905   631        -3.19577477      5.93364044      1.43807729
906   631        -3.19839878      5.90685800      1.39952281
907   631        -3.18879894      5.92021825      1.38358020
908   631        -3.18375187      5.97350753      1.37026448
909   631        -3.14788220      6.03469410      1.35687170
910   631        -3.08714487      6.09898181      1.34626023
911   631        -3.01779760      6.16394745      1.36217934
912   631        -2.96889021      6.18501740      1.37211196
913   631        -2.95719651      6.16236680      1.35395524
914   631        -2.96618553      6.13627670      1.29401622
915   631        -2.97644825      6.14028140      1.20215112
916   631        -2.97879432      6.17070217      1.10641839
917   631        -2.99308381      6.19676355      1.03318343
918   631        -3.01973437      6.22076938      0.99469231
919   631        -3.04085960      6.25300269      0.96623049
920   631        -3.02817571      6.28302440      0.94172355
921   631        -2.97710346      6.28979168      0.92099501
922   631        -2.89609200      6.26793435      0.90588328
923   631        -2.79116156      6.24928838      0.88148637
924   631        -2.66675033      6.24826788      0.84354173
925   631        -2.56046468      6.27628961      0.79563676
926   631        -2.49769825      6.32285003      0.74054825
927   631        -2.47247330      6.36233945      0.68183595
928   631        -2.45365840      6.39044188      0.64909767
929   631        -2.43365109      6.42461900      0.64453200
930   631        -2.40022073      6.45026194      0.65287801
931   631        -2.36185745      6.44721517      0.64207840
932   631        -2.33682792      6.42294492      0.57442318
933   631        -2.33396611      6.40012074      0.46357760
934   631        -2.34144930      6.38177405      0.35919669
935   631        -2.32760067      6.35144704      0.29286360
936   631        -2.31467264      6.31595422      0.26879995
937   631        -2.33142993      6.28689633      0.28617786
938   631        -2.38217662      6.27498895      0.28568406
939   631        -2.43717296      6.29177056      0.24002572
940   631        -2.49635314      6.32389485      0.17632044
941   631        -2.55759926      6.35511017      0.17014707
942   631        -2.59190841      6.38003632      0.23494320
943   631        -2.59108060      6.40761052      0.33697784
944   631        -2.56588904      6.44655564      0.39150745
945   631        -2.54889378      6.48028285      0.37441365
946   631        -2.53961938      6.50210784      0.33878553
947   631        -2.54916777      6.48564699      0.32985097
948   631        -2.56381706      6.46185023      0.34372389
949   631        -2.59402885      6.45790927      0.31795832
950   631        -2.63352276      6.50722544      0.24499471
951   631        -2.68771235      6.61770584      0.16381406
952   631        -2.72853933      6.74665351      0.12914439
953   631        -2.74595820      6.85117696      0.14394725
954   631        -2.76229957      6.91971576      0.16664891
955   631        -2.80400214      6.94516951      0.14551312
956   631        -2.85902880      6.92097241      0.11007144
957   631        -2.89417922      6.88196148      0.09298777
958   631        -2.89081675      6.86059229      0.08152902
959   631        -2.85775680      6.87232835      0.07439792
960   631        -2.81536867      6.88764308      0.06185635
961   631        -2.76352313      6.90471408      0.05903859
962   631        -2.70722914      6.93679527      0.05932995
963   631        -2.65223193      6.97411762      0.07468911
964   631        -2.60557534      7.01971201      0.09096770
965   631        -2.55661899      7.08136673      0.11614960
966   631        -2.50468735      7.11762837      0.15897280
967   631        -2.46865153      7.10750944      0.20118782
968   631        -2.43828551      7.06125068      0.21689419
969   631        -2.38432096      7.03453742      0.18332335
970   631        -2.31135653      7.01787535      0.13922766
971   631        -2.25238291      6.97508045      0.13965324
972   631        -2.21828572      6.91112840      0.17411187
973   631        -2.20271248      6.84543328      0.20437833
974   631        -2.19208184      6.78800636      0.18831615
975   631        -2.18323369      6.74470195      0.14249282
976   631        -2.18444844      6.72268452      0.08737244
977   631        -2.19189073      6.73551998      0.04665410
978   631        -2.19817422      6.77639924      0.02140530
979   631        -2.19585027      6.82000804      0.01969078
980   631        -2.18752700      6.84105935      0.03740035
981   631        -2.16471413      6.83848960      0.05839041
982   631        -2.13864318      6.81548246      0.08853608
983   631        -2.11772849      6.77900341      0.09621275
984   631        -2.11114454      6.71682017      0.07134493
985   631        -2.11256482      6.64912785      0.04255694
986   631        -2.10243239      6.59555591      0.05260142
987   631        -2.09455362      6.57196145      0.07374016
988   631        -2.09604436      6.57097925      0.09126396
989   631        -2.10840012      6.57320245      0.11016003
990   631        -2.11902834      6.58108475      0.13195643
991   631        -2.11637955      6.60055942      0.14376784
992   631        -2.10945273      6.62087929      0.14488642
993   631        -2.10405629      6.63020291      0.12260275
994   631        -2.08336955      6.62501109      0.08224558
995   631        -2.02971727      6.58861933      0.03911973
996   631        -1.94840508      6.55616618      0.01255402
997   631        -1.86826923      6.54897799      0.01336348
998   631        -1.79699525      6.55225352      0.02812771
999   631        -1.71734834      6.55745078      0.04855706
1000  631        -1.64266647      6.56806721      0.06168943
1001  631        -1.56137899      6.58401650      0.08089322
1002  631        -1.48352101      6.57344165      0.09196588
1003  631        -1.42896621      6.54025513      0.09214212
1004  631        -1.38447366      6.51731386      0.08900957
1005  631        -1.34993765      6.54083838      0.10219251
1006  631        -1.32228979      6.60476325      0.11763972
1007  631        -1.30296890      6.67662993      0.14406281
1008  631        -1.28012619      6.73439972      0.18615980
1009  631        -1.24239059      6.79368557      0.21491273
1010  631        -1.18607607      6.84489141      0.21586151
1011  631        -1.13254589      6.89053908      0.20616028
1012  631        -1.07431380      6.92200358      0.21232560
1013  631        -1.01530924      6.94091545      0.22340008
1014  631        -0.97176005      6.95071984      0.22285991
1015  631        -0.95198041      6.94610631      0.20729063
1016  631        -0.93554778      6.94249931      0.19390633
1017  631        -0.90606459      6.94710101      0.19896048
1018  631        -0.87955461      6.97113428      0.18800600
1019  631        -0.86824594      7.00905097      0.13077831
1020  631        -0.86914939      7.05335359      0.05927437
1021  631        -0.86782516      7.08219791      0.01360228
1022  631        -0.85542009      7.08905399     -0.02533248
1023  631        -0.82130877      7.09122473     -0.07969295
1024  631        -0.77315541      7.10986570     -0.12715676
1025  631        -0.73369901      7.13634479     -0.13410450
1026  631        -0.72842350      7.17314276     -0.11805063
1027  631        -0.76144271      7.22158541     -0.11031585
1028  631        -0.81021273      7.25584554     -0.11342525
1029  631        -0.84426995      7.24482031     -0.09858716
1030  631        -0.85706621      7.21366308     -0.06814616
1031  631        -0.85905169      7.19938692     -0.02139111
1032  631        -0.88002299      7.17367687      0.02467412
1033  631        -0.93747617      7.14109454      0.06307461
1034  631        -1.01393752      7.12051600      0.09476590
1035  631        -1.10472244      7.12571367      0.12543942
1036  631        -1.20202469      7.15455813      0.16536857
1037  631        -1.29057067      7.21881838      0.20820033
1038  631        -1.33803733      7.29654398      0.25775310
1039  631        -1.34133764      7.35531036      0.32800377
1040  631        -1.33965161      7.37605990      0.43064799
1041  631        -1.37732779      7.38536518      0.53390792
1042  631        -1.44297160      7.39594185      0.58472155
1043  631        -1.49782870      7.39306980      0.57758535
1044  631        -1.52508868      7.37674277      0.55853912
1045  631        -1.51367324      7.37072902      0.53901271
1046  631        -1.47437310      7.40472363      0.51143767
1047  631        -1.41844661      7.44546889      0.49294820
1048  631        -1.35413565      7.45599158      0.50858167
1049  631        -1.29646178      7.43959524      0.52923990
1050  631        -1.25446758      7.41790129      0.52457424
1051  631        -1.24563840      7.41243187      0.50588460
1052  631        -1.27296098      7.42007504      0.49281457
1053  631        -1.31889921      7.43444232      0.50867695
1054  631        -1.34628371      7.44964251      0.54217528
1055  631        -1.34654167      7.48591018      0.59720554
1056  631        -1.33770581      7.54482089      0.67148261
1057  631        -1.35720136      7.61072026      0.72371183
1058  631        -1.40662580      7.67086238      0.72703960
1059  631        -1.43386488      7.71937191      0.70243644
1060  631        -1.41802079      7.72747529      0.70777444
1061  631        -1.36723921      7.70751625      0.73309649
1062  631        -1.32945531      7.70119276      0.72864754
1063  631        -1.34455808      7.71678195      0.69239235
1064  631        -1.39248303      7.72745012      0.64283010
1065  631        -1.42920600      7.72532880      0.61687379
1066  631        -1.44679206      7.73654330      0.61155191
1067  631        -1.45465944      7.77235105      0.62227262
1068  631        -1.47333446      7.82529573      0.64542946
1069  631        -1.49845823      7.87988000      0.67827740
1070  631        -1.50461100      7.92188078      0.73048152
1071  631        -1.47615906      7.93659235      0.78347549
1072  631        -1.42798828      7.94884802      0.82685013
1073  631        -1.39248094      7.97246891      0.85124133
1074  631        -1.37623727      7.99858859      0.85307816
1075  631        -1.37898002      8.02470106      0.84506994
1076  631        -1.38676397      8.05004081      0.83874614
1077  631        -1.37888182      8.04886844      0.83021218
1078  631        -1.35540320      8.00402312      0.82164641
1079  631        -1.33681802      7.95643784      0.82316621
1080  631        -1.34042549      7.94952240      0.82943458
1081  631        -1.36685574      7.99629295      0.83702317
1082  631        -1.40465671      8.06225923      0.83491473
1083  631        -1.42591529      8.11429541      0.81254764
1084  631        -1.40935496      8.15171036      0.79138452
1085  631        -1.35530399      8.18069344      0.77996790
1086  631        -1.28133651      8.19771501      0.75805362
1087  631        -1.21699654      8.19454399      0.72031352
1088  631        -1.17143117      8.18246328      0.68506521
1089  631        -1.12921616      8.17984523      0.66541769
1090  631        -1.08151859      8.20694910      0.64637130
1091  631        -1.04698500      8.25677089      0.63058701
1092  631        -1.03838726      8.31596175      0.62876781
1093  631        -1.03664543      8.38381965      0.61825504
1094  631        -1.01824427      8.44874705      0.59177634
1095  631        -0.98374274      8.48720682      0.58335145
1096  631        -0.93009327      8.49988750      0.60671686
1097  631        -0.85475667      8.51609211      0.64338632
1098  631        -0.76842692      8.56177660      0.65931308
1099  631        -0.70473421      8.63277021      0.63336920
1100  631        -0.68253640      8.69380669      0.57839986
1101  631        -0.70109334      8.72511219      0.52973190
1102  631        -0.71604076      8.71696718      0.51346860
1103  631        -0.72373105      8.66640061      0.52180229
1104  631        -0.73970914      8.59688735      0.54176808
1105  631        -0.75875991      8.54782932      0.56145034
1106  631        -0.75337595      8.53469856      0.58714498
1107  631        -0.72311268      8.54018309      0.60875221
1108  631        -0.66386985      8.57396138      0.62284496
1109  631        -0.58922991      8.66229077      0.62871875
1110  631        -0.52736851      8.76846689      0.61899819
1111  631        -0.48773613      8.84496406      0.63801996
1112  631        -0.47851134      8.87630527      0.70796542
1113  631        -0.48439277      8.89971838      0.80025458
1114  631        -0.50685472      8.93945303      0.87926823
1115  631        -0.55103890      8.98316426      0.91975745
1116  631        -0.61035698      9.03277766      0.92798168
1117  631        -0.66431598      9.08946798      0.91194341
1118  631        -0.69937840      9.13864617      0.89612538
1119  631        -0.70612391      9.16698322      0.89961021
1120  631        -0.69876344      9.18847166      0.92568571
1121  631        -0.68300526      9.21616854      0.95634181
1122  631        -0.66210253      9.24548154      0.97381453
1123  631        -0.65062028      9.27413413      1.00316256
1124  631        -0.66143742      9.30083321      1.03755054
1125  631        -0.67367278      9.30900644      1.06479591
1126  631        -0.66492245      9.30798805      1.07854224
1127  631        -0.64000566      9.30901442      1.08018528
1128  631        -0.61736632      9.30872261      1.07524287
1129  631        -0.61395985      9.30458571      1.07853323
1130  631        -0.62038463      9.29983731      1.09587514
1131  631        -0.61552603      9.29672136      1.13211770
1132  631        -0.59001785      9.29332197      1.17315506
1133  631        -0.54976851      9.31189834      1.19948689
1134  631        -0.49913221      9.35372103      1.20861911
1135  631        -0.46761840      9.40349251      1.23369599
1136  631        -0.44406023      9.45396431      1.29086557
1137  631        -0.42624261      9.50356856      1.35633324
1138  631        -0.42960258      9.54849526      1.42580623
1139  631        -0.44648855      9.57499529      1.51673680
1140  631        -0.46105931      9.59856162      1.62606957
1141  631        -0.44728953      9.63126641      1.73199019
1142  631        -0.42459962      9.68177505      1.80139926
1143  631        -0.41752799      9.73810808      1.82454639
1144  631        -0.41735987      9.79129773      1.84744427
1145  631        -0.40736464      9.82792781      1.89825052
1146  631        -0.37535073      9.83462688      1.94010019
1147  631        -0.33688779      9.81806818      1.96656728
1148  631        -0.29365460      9.77112961      1.97457168
1149  631        -0.25818979      9.71350920      1.98131588
1150  631        -0.25038216      9.66301806      1.97835985
1151  631        -0.25235005      9.62135773      1.91184972
1152  631        -0.25035119      9.58568265      1.78118616
1153  631        -0.23661556      9.55477753      1.65401495
1154  631        -0.21253102      9.52634259      1.59656727
1155  631        -0.18427499      9.50826125      1.58333863
1156  631        -0.14070318      9.48590835      1.55657369
1157  631        -0.07802047      9.49836508      1.48727354
1158  631        -0.01118322      9.56060482      1.40933608
1159  631         0.03408792      9.61628945      1.35038188
1160  631         0.06451793      9.63926175      1.31318324
1161  631         0.10438573      9.65100694      1.28987836
1162  631         0.13616505      9.66705817      1.28212848
1163  631         0.14192946      9.68664648      1.28684506
1164  631         0.15645402      9.71151138      1.28182591
1165  631         0.17716423      9.72350644      1.27166073
1166  631         0.17004092      9.73512491      1.29184916
1167  631         0.15200377      9.73989292      1.32601223
1168  631         0.17204283      9.73141646      1.34379688
1169  631         0.21420342      9.69023658      1.34667053
1170  631         0.25432977      9.63455073      1.36001652
1171  631         0.27606704      9.58363831      1.36885776
1172  631         0.27538823      9.53267288      1.36359689
1173  631         0.25010900      9.49022346      1.36653982
1174  631         0.21419961      9.45589979      1.39030895
1175  631         0.19275025      9.44096819      1.42406562
1176  631         0.17006287      9.44704812      1.45315376
1177  631         0.12445360      9.46792083      1.47974897
1178  631         0.07932511      9.50132954      1.49959164
1179  631         0.07399152      9.52500946      1.53514765
1180  631         0.07991614      9.53101484      1.58600245
1181  631         0.04051654      9.52273285      1.61984485
1182  631        -0.08084387      9.53063128      1.64239477
1183  631        -0.19500660      9.56041805      1.65431988
1184  631        -0.24084021      9.61689648      1.67904860
1185  631        -0.22939021      9.68889744      1.69158005
1186  631        -0.21125731      9.77941516      1.66835045
1187  631        -0.21525038      9.88536549      1.62168404
1188  631        -0.23491628      9.99120884      1.57296895
1189  631        -0.26096563     10.07031334      1.54004953
1190  631        -0.30837912     10.11006323      1.54948277
1191  631        -0.38672648     10.10732798      1.58905191
1192  631        -0.45020098     10.09562312      1.62578218
1193  631        -0.47167549     10.11977853      1.64345762
1194  631        -0.47674384     10.17922127      1.62765347
1195  631        -0.48931391     10.24564931      1.56797597
1196  631        -0.49396768     10.30029087      1.48903676
1197  631        -0.48730476     10.34252581      1.40656139
1198  631        -0.50484376     10.36976196      1.33788403
1199  631        -0.56816830     10.37597466      1.27602213
1200  631        -0.64595448     10.35458659      1.22728907
1201  631        -0.73268880     10.31891299      1.18228902
1202  631        -0.81986015     10.28299049      1.14223572
1203  631        -0.87371409     10.26860790      1.11009072
1204  631        -0.88436800     10.28395993      1.06716305
1205  631        -0.86529032     10.31842920      0.99973425
1206  631        -0.84191108     10.34624530      0.90386376
1207  631        -0.83569449     10.33596957      0.82564774
1208  631        -0.83025506     10.28655520      0.78449161
1209  631        -0.81499885     10.24105060      0.78373278
1210  631        -0.77606900     10.22700319      0.79230240
1211  631        -0.71601529     10.22097599      0.81893997
1212  631        -0.63521788     10.22179384      0.87010879
1213  631        -0.55587003     10.23633792      0.91315786
1214  631        -0.49391501     10.26689258      0.92142855
1215  631        -0.44862835     10.30343370      0.88590900
1216  631        -0.41846494     10.31033307      0.83201428
1217  631        -0.39920303     10.27060820      0.75405604
1218  631        -0.40919129     10.18820446      0.64685718
1219  631        -0.44329678     10.10236146      0.52579733
1220  631        -0.47901641     10.03967574      0.43116988
1221  631        -0.47510597     10.00138619      0.36078532
1222  631        -0.42706498      9.97874116      0.32044303
1223  631        -0.35356246      9.96811881      0.30389482
1224  631        -0.28798678      9.98756283      0.30766370
1225  631        -0.25607403     10.04731371      0.31898747
1226  631        -0.24375203     10.11450769      0.31956540
1227  631        -0.23845577     10.14649264      0.31619477
1228  631        -0.25299719     10.11686487      0.31183971
1229  631        -0.27250053     10.03614123      0.31782826
1230  631        -0.27705965      9.92994057      0.31606325
1231  631        -0.24001557      9.84205278      0.29600312
1232  631        -0.16939821      9.81019472      0.25275300
1233  631        -0.10302626      9.81632439      0.20464698
1234  631        -0.04935190      9.82103492      0.15345364
1235  631        -0.00707065      9.81637760      0.09913627
1236  631         0.01737064      9.83447696      0.04683255
1237  631         0.00966473      9.87352711      0.00885975
1238  631        -0.00239775      9.89202849      0.00898654
1239  631         0.02679578      9.86703083      0.02977912
1240  631         0.10365729      9.83585245      0.04490049
1241  631         0.17652795      9.82887335      0.05167141
1242  631         0.19314424      9.85451028      0.07800799
1243  631         0.16435923      9.89063420      0.12870239
1244  631         0.13182948      9.91876892      0.18463250
1245  631         0.09868300      9.93814859      0.21535878
1246  631         0.05651675      9.94423216      0.21820423
1247  631         0.01076545      9.93623175      0.19765240
1248  631        -0.01957043      9.90828651      0.16041067
1249  631        -0.02182853      9.87434279      0.11184351
1250  631        -0.00686349      9.82616508      0.06180967
1251  631         0.00104408      9.80509105      0.03723629
1252  631        -0.01349983      9.81890108      0.03871195
1253  631        -0.05959125      9.84469456      0.04561968
1254  631        -0.10391890      9.87412968      0.02915608
1255  631        -0.13040696      9.91094165      0.00241754
1256  631        -0.16719020      9.95259685     -0.01673643
1257  631        -0.22557140      9.98020201     -0.00553915
1258  631        -0.25690127      9.96865705     -0.00291510
1259  631        -0.24301500      9.92331704     -0.01667219
1260  631        -0.20712345      9.87601285     -0.04586962
1261  631        -0.19501857      9.83695189     -0.09306589
1262  631        -0.21968068      9.81504434     -0.14591779
1263  631        -0.25359824      9.79938302     -0.20888229
1264  631        -0.29194798      9.78243371     -0.26181041
1265  631        -0.33412622      9.75789163     -0.31366157
1266  631        -0.39050159      9.73003291     -0.33908487
1267  631        -0.44607348      9.70120155     -0.34574195
1268  631        -0.49300709      9.66470137     -0.34370227
1269  631        -0.50096122      9.63859940     -0.35219377
1270  631        -0.48019007      9.65257420     -0.36293544
1271  631        -0.44656775      9.70641205     -0.37608243
1272  631        -0.42369708      9.76615333     -0.38429539
1273  631        -0.41798119      9.80512378     -0.37543170
1274  631        -0.42652518      9.82554100     -0.38040168
1275  631        -0.43655290      9.83839498     -0.40881015
1276  631        -0.44224443      9.83993393     -0.45512232
1277  631        -0.45957760      9.81792949     -0.48727407
1278  631        -0.47441850      9.78261731     -0.51504062
1279  631        -0.48157072      9.75630206     -0.52869856
1280  631        -0.47126827      9.75822482     -0.52851251
1281  631        -0.44964032      9.76907902     -0.50980032
1282  631        -0.40878948      9.77625266     -0.47452261
1283  631        -0.37527633      9.78787770     -0.45124302
1284  631        -0.37023763      9.79821331     -0.45017860
1285  631        -0.39683063      9.82945598     -0.45842243
1286  631        -0.42672240      9.87892214     -0.44708398
1287  631        -0.43681888      9.91496671     -0.42779964
1288  631        -0.43789907      9.91926995     -0.40647055
1289  631        -0.44474264      9.91281118     -0.40252255
1290  631        -0.48064624      9.89637113     -0.40883349
1291  631        -0.51553394      9.85138746     -0.42352418
1292  631        -0.52992225      9.78610567     -0.44050769
1293  631        -0.51714900      9.72577193     -0.47029126
1294  631        -0.47191259      9.69624975     -0.51494398
1295  631        -0.40267575      9.68073534     -0.56405109
1296  631        -0.33343877      9.65738522     -0.61577251
1297  631        -0.28192908      9.61736490     -0.66274991
1298  631        -0.24679572      9.57817038     -0.71339024
1299  631        -0.24198273      9.57533190     -0.74075611
1300  631        -0.26408167      9.62733642     -0.74437549
1301  631        -0.30876689      9.69064721     -0.71672754
1302  631        -0.33511710      9.73541837     -0.66559432
1303  631        -0.30988058      9.74073360     -0.59819391
1304  631        -0.22383290      9.71012702     -0.55182865
1305  631        -0.11988938      9.66773530     -0.53251896
1306  631        -0.02489513      9.62768052     -0.54425689
1307  631         0.05492212      9.57521546     -0.58894505
1308  631         0.09955117      9.50066421     -0.64556655
1309  631         0.10464467      9.42785341     -0.68287801
1310  631         0.08328095      9.39415169     -0.70912314
1311  631         0.05913852      9.41609901     -0.73490052
1312  631         0.03005216      9.47361064     -0.75868829
1313  631         0.01093712      9.52219565     -0.79142790
1314  631        -0.00623413      9.52917463     -0.82376555
1315  631        -0.01243470      9.50212500     -0.84378766
1316  631         0.00722155      9.47582477     -0.85346751
1317  631         0.05712028      9.44840671     -0.86212846
1318  631         0.10909617      9.41359339     -0.86139961
1319  631         0.12702220      9.39039202     -0.87064283
1320  631         0.11781929      9.38877943     -0.90651477
1321  631         0.09685396      9.41792709     -0.95523124
1322  631         0.07646748      9.46820477     -1.00449670
1323  631         0.02976852      9.52047549     -1.04703174
1324  631        -0.03661668      9.56258696     -1.07991575
1325  631        -0.08123221      9.58718512     -1.11562137
1326  631        -0.09105256      9.62377815     -1.14780813
1327  631        -0.10820395      9.67420959     -1.16025838
1328  631        -0.13638372      9.72623499     -1.17501428
1329  631        -0.17651365      9.77279028     -1.18618967
1330  631        -0.22163869      9.82299413     -1.18196499
1331  631        -0.24944666      9.86855973     -1.16054901
1332  631        -0.25987890      9.91383768     -1.15133864
1333  631        -0.26314214      9.95334670     -1.16060572
1334  631        -0.27565545      9.98146753     -1.16843016
1335  631        -0.29174679      9.98815693     -1.16747753
1336  631        -0.30056459      9.98441731     -1.13587822
1337  631        -0.28308688      9.98453153     -1.07954498
1338  631        -0.23069121      9.97304497     -0.99874331
1339  631        -0.16020827      9.96976193     -0.92424287
1340  631        -0.12365155     10.00065027     -0.86323942
1341  631        -0.14673185     10.06875373     -0.83034728
1342  631        -0.20707345     10.14457820     -0.80128115
1343  631        -0.27675236     10.20780670     -0.75334087
1344  631        -0.33673574     10.26037920     -0.67681057
1345  631        -0.39290755     10.29993360     -0.59230753
1346  631        -0.44303307     10.32866871     -0.52458478
1347  631        -0.48002288     10.36967826     -0.46517023
1348  631        -0.49860144     10.44047568     -0.41523668
1349  631        -0.48692406     10.51526547     -0.35670629
1350  631        -0.44813598     10.59149486     -0.32530161
1351  631        -0.40817453     10.67872401     -0.31968748
1352  631        -0.38664879     10.76814147     -0.33846317
1353  631        -0.37161827     10.82087182     -0.36314285
1354  631        -0.35049743     10.82497339     -0.38888539
1355  631        -0.31828075     10.78750109     -0.39928702
1356  631        -0.30260405     10.73861572     -0.39369343
1357  631        -0.32991100     10.70668372     -0.38865269
1358  631        -0.39626623     10.69324213     -0.36264659
1359  631        -0.46111714     10.68730200     -0.31869159
1360  631        -0.49509544     10.68822238     -0.27924303
1361  631        -0.47758522     10.71588764     -0.26321105
1362  631        -0.41111513     10.74335863     -0.27873770
1363  631        -0.31982190     10.74046600     -0.33680820
1364  631        -0.22744576     10.71043792     -0.40753936
1365  631        -0.15753430     10.67137853     -0.44931413
1366  631        -0.11970005     10.62203331     -0.43417005
1367  631        -0.10967976     10.56153762     -0.38225885
1368  631        -0.12745286     10.50898174     -0.32311593
1369  631        -0.15599343     10.47502824     -0.27744524
1370  631        -0.16826752     10.45107806     -0.25551359
1371  631        -0.17208891     10.43682233     -0.26397874
1372  631        -0.19030065     10.44893024     -0.29648894
1373  631        -0.18827655     10.48906304     -0.32665918
1374  631        -0.15371227     10.53351611     -0.34956471
1375  631        -0.11331833     10.57308859     -0.33652052
1376  631        -0.10730316     10.59742504     -0.29656408
1377  631        -0.14733039     10.61850926     -0.26027619
1378  631        -0.21880628     10.62568338     -0.24712228
1379  631        -0.29674512     10.63511662     -0.25678319
1380  631        -0.36414364     10.66141873     -0.24769328
1381  631        -0.42899333     10.69251964     -0.20368396
1382  631        -0.49475566     10.70196003     -0.13532428
1383  631        -0.54597960     10.69992222     -0.08408930
1384  631        -0.58423843     10.70362035     -0.08365258
1385  631        -0.60929152     10.69787137     -0.12302083
1386  631        -0.63956393     10.66581391     -0.18009206
1387  631        -0.68844079     10.59507430     -0.21939586
1388  631        -0.76500874     10.53591238     -0.23524107
1389  631        -0.84354619     10.52078337     -0.22987057
1390  631        -0.91024811     10.54547859     -0.21072944
1391  631        -0.97297721     10.57038826     -0.18373150
1392  631        -1.03287708     10.58554632     -0.14897422
1393  631        -1.07643445     10.59866541     -0.11856389
1394  631        -1.11289493     10.63364901     -0.11061240
1395  631        -1.14246762     10.66858196     -0.10998928
1396  631        -1.16823930     10.68190719     -0.09882572
1397  631        -1.18364034     10.67895079     -0.08902079
1398  631        -1.18647029     10.67315928     -0.08367043
1399  631        -1.18345022     10.64660823     -0.09429159
1400  631        -1.19969893     10.62649657     -0.12811078
1401  631        -1.23338121     10.63190778     -0.18523189
1402  631        -1.27120861     10.66354327     -0.25723808
1403  631        -1.30041369     10.70515943     -0.33524821
1404  631        -1.30247162     10.73282906     -0.39210492
1405  631        -1.25573477     10.72802987     -0.39075493
1406  631        -1.15803943     10.69089296     -0.34787101
1407  631        -1.06425081     10.65158654     -0.27434137
1408  631        -1.00898655     10.64587808     -0.19168444
1409  631        -0.97047767     10.68347380     -0.11749258
1410  631        -0.92788168     10.69431803     -0.10664803
1411  631        -0.89172639     10.67202681     -0.18694176
1412  631        -0.86482272     10.64482647     -0.31506741
1413  631        -0.85039040     10.63095032     -0.43275980
1414  631        -0.84026376     10.61696601     -0.51492667
1415  631        -0.81918059     10.58588292     -0.57813341
1416  631        -0.78030683     10.55782090     -0.63852405
1417  631        -0.74432437     10.54932147     -0.69661174
1418  631        -0.69277838     10.57188722     -0.71403862
1419  631        -0.62911411     10.61638913     -0.67725960
1420  631        -0.56133299     10.66259248     -0.62836301
1421  631        -0.49799996     10.71247499     -0.59743781
1422  631        -0.43996250     10.78111997     -0.58236119
1423  631        -0.37267629     10.86209295     -0.59507933
1424  631        -0.31790678     10.91986754     -0.64898030
1425  631        -0.28892692     10.92836474     -0.70818183
1426  631        -0.29534367     10.91599107     -0.74990474
1427  631        -0.30088752     10.90464515     -0.78290698
1428  631        -0.30642596     10.91426924     -0.81292158
1429  631        -0.31519036     10.92368805     -0.83293160
1430  631        -0.34815857     10.91713764     -0.83127314
1431  631        -0.42402955     10.92620352     -0.79569881
1432  631        -0.53556929     10.91384417     -0.76721571
1433  631        -0.65508312     10.86234509     -0.75923580
1434  631        -0.76329843     10.79933962     -0.79830265
1435  631        -0.86618941     10.73241640     -0.85773814
1436  631        -0.94719206     10.65618854     -0.91456712
1437  631        -0.99399172     10.59822448     -0.94710403
1438  631        -0.99956390     10.58939801     -0.96336504
1439  631        -0.96657413     10.61639037     -0.97656889
1440  631        -0.91894133     10.65758294     -0.98459075
1441  631        -0.87842089     10.68864626     -0.99194119
1442  631        -0.85447818     10.69889234     -1.01922775
1443  631        -0.82959181     10.68856754     -1.06626811
1444  631        -0.81167484     10.67586130     -1.09821912
1445  631        -0.79907650     10.64927425     -1.08236977
1446  631        -0.80304361     10.61219806     -1.01657671
1447  631        -0.82509905     10.59436016     -0.94672741
1448  631        -0.84428008     10.61433810     -0.88746854
1449  631        -0.85323931     10.65164788     -0.83309286
1450  631        -0.84166955     10.66321054     -0.80558768
1451  631        -0.82404991     10.66102231     -0.82078492
1452  631        -0.80896317     10.65315824     -0.85590594
1453  631        -0.81210746     10.62716914     -0.88709133
1454  631        -0.82587895     10.57666539     -0.90673810
1455  631        -0.84708594     10.52863847     -0.90696451
1456  631        -0.86689484     10.48780368     -0.87572397
1457  631        -0.87819631     10.45288913     -0.83183337
1458  631        -0.86974133     10.43639675     -0.80896490
1459  631        -0.85060357     10.44647202     -0.81073141
1460  631        -0.83380768     10.47178211     -0.82613052
1461  631        -0.81712188     10.49198554     -0.82728919
1462  631        -0.79900731     10.50626406     -0.79973861
1463  631        -0.76179967     10.53214433     -0.76677286
1464  631        -0.70854307     10.57072015     -0.74227881
1465  631        -0.64094765     10.61419141     -0.71881845
1466  631        -0.57041840     10.65645836     -0.69391634
1467  631        -0.50282698     10.70518681     -0.66899406
1468  631        -0.45703203     10.76540457     -0.65484113
1469  631        -0.43999683     10.82516388     -0.65993010
1470  631        -0.43775160     10.87212564     -0.67402078
1471  631        -0.45221976     10.90661507     -0.68964147
1472  631        -0.46652644     10.96142862     -0.68478461
1473  631        -0.47044976     11.04143556     -0.65121081
1474  631        -0.45110336     11.09644540     -0.60495697
1475  631        -0.41603465     11.12321374     -0.56659999
1476  631        -0.39020313     11.15926474     -0.54257939
1477  631        -0.39527971     11.21689074     -0.53267284
1478  631        -0.40984143     11.27213791     -0.53107282
1479  631        -0.41736786     11.29945370     -0.53636340
1480  631        -0.43789715     11.30971410     -0.56760698
1481  631        -0.46571390     11.31085993     -0.61019274
1482  631        -0.48540127     11.31656081     -0.64023684
1483  631        -0.49009905     11.31688329     -0.64194007
1484  631        -0.49842589     11.31490193     -0.63034267
1485  631        -0.51338432     11.31022260     -0.61029990
1486  631        -0.53323253     11.31351899     -0.59065969
1487  631        -0.54706328     11.33311794     -0.58747791
1488  631        -0.55865273     11.35302410     -0.60423004
1489  631        -0.57271060     11.34755154     -0.61628956
1490  631        -0.58547876     11.31257013     -0.59159306
1491  631        -0.57366586     11.28023190     -0.52913186
1492  631        -0.55234556     11.26779944     -0.46388572
1493  631        -0.54199876     11.26768988     -0.41249738
1494  631        -0.52523548     11.28044300     -0.36854987
1495  631        -0.50316965     11.30176321     -0.32964457
1496  631        -0.49410224     11.31255487     -0.30733972
1497  631        -0.50451520     11.32398605     -0.31141971
1498  631        -0.52554574     11.33723141     -0.33305200
1499  631        -0.55416654     11.34892879     -0.35467206
1500  631        -0.58797502     11.35094941     -0.36354515
1501  631        -0.62022179     11.33660484     -0.35071366
1502  631        -0.63741534     11.31561618     -0.32136806
1503  631        -0.64519295     11.30390792     -0.30798037
1504  631        -0.65448186     11.30148184     -0.30926455
1505  631        -0.65590962     11.30813323     -0.31676313
1506  631        -0.63946199     11.32490145     -0.32166115
1507  631        -0.63225598     11.34672712     -0.30199449
1508  631        -0.66424444     11.35565999     -0.24395675
1509  631        -0.70991514     11.35890758     -0.16789710
1510  631        -0.74373072     11.35978437     -0.09584943
1511  631        -0.75781476     11.37648612     -0.05867515
1512  631        -0.78655859     11.41855698     -0.07493779
1513  631        -0.82695404     11.46246889     -0.11791408
1514  631        -0.85358675     11.50309148     -0.16807879
1515  631        -0.84514853     11.53168063     -0.21395860
1516  631        -0.82130574     11.54682344     -0.26654082
1517  631        -0.82367558     11.53472449     -0.30138979
1518  631        -0.85873706     11.49682705     -0.30791582
1519  631        -0.89381889     11.46113188     -0.29393626
1520  631        -0.91374637     11.44792762     -0.28591460
1521  631        -0.93627246     11.44594772     -0.27701751
1522  631        -0.95554045     11.44517229     -0.26596785
1523  631        -0.95769441     11.45416086     -0.26512190
1524  631        -0.93843965     11.47199599     -0.26878281
1525  631        -0.91018292     11.47285782     -0.26378148
1526  631        -0.89789972     11.45666838     -0.22863417
1527  631        -0.89940985     11.43456802     -0.18544174
1528  631        -0.89463835     11.41157895     -0.13762542
1529  631        -0.88278158     11.38085993     -0.10102626
1530  631        -0.88101192     11.33570587     -0.06460880
1531  631        -0.89977590     11.29161259     -0.03035171
1532  631        -0.91570153     11.28339373     -0.01143911
1533  631        -0.90682919     11.33042284     -0.00491252
1534  631        -0.87035175     11.40970521      0.00335432
1535  631        -0.83431740     11.49709650      0.01093665
1536  631        -0.80725988     11.57369241     -0.01171868
1537  631        -0.78670049     11.62092436     -0.04339406
1538  631        -0.76988576     11.64402660     -0.07279087
1539  631        -0.76276891     11.66231276     -0.06914932
1540  631        -0.76870495     11.67412990     -0.04065150
1541  631        -0.77235421     11.67291876     -0.00903640
1542  631        -0.75947336     11.64535297      0.00303721
1543  631        -0.72701155     11.61201438     -0.02892915
1544  631        -0.72093446     11.60597930     -0.09636887
1545  631        -0.74726220     11.63011575     -0.16108075
1546  631        -0.78676487     11.65121389     -0.18778875
1547  631        -0.83084158     11.65023043     -0.19453820
1548  631        -0.88710056     11.63031999     -0.19302869
1549  631        -0.94347844     11.60202861     -0.19652458
1550  631        -0.96850980     11.56249415     -0.21222717
1551  631        -0.96818011     11.52482065     -0.23312425
1552  631        -0.95595426     11.51084366     -0.24087751
1553  631        -0.94280703     11.51434581     -0.25343248
1554  631        -0.92364565     11.52841071     -0.29838736
1555  631        -0.92070597     11.54854493     -0.36237324
1556  631        -0.95058809     11.58466552     -0.40120912
1557  631        -1.01188754     11.62253643     -0.39305897
1558  631        -1.07648884     11.64626561     -0.34894653
1559  631        -1.13066753     11.64241091     -0.30093126
1560  631        -1.17625589     11.60765134     -0.28199474
1561  631        -1.20492259     11.57676947     -0.31837824
1562  631        -1.20895500     11.57218174     -0.39773592
1563  631        -1.21893484     11.58329456     -0.49048602
1564  631        -1.26114704     11.56089137     -0.55012407
1565  631        -1.32337758     11.52673141     -0.55619879
1566  631        -1.37728305     11.52225090     -0.53290085
1567  631        -1.43329815     11.55296323     -0.50196042
1568  631        -1.50725919     11.60571574     -0.46940573
1569  631        -1.58039971     11.65812669     -0.44669265
1570  631        -1.61726851     11.71141936     -0.43824827
1571  631        -1.61590720     11.74641803     -0.43371979
1572  631        -1.59331915     11.73315646     -0.42887845
1573  631        -1.54153844     11.68612682     -0.42843647
1574  631        -1.46546106     11.64371725     -0.43313890
1575  631        -1.39140703     11.62016730     -0.44331860
1576  631        -1.34751140     11.62305246     -0.45384399
1577  631        -1.32723094     11.65650027     -0.46580356
1578  631        -1.30288653     11.73223004     -0.46931730
1579  631        -1.26216485     11.83903556     -0.45291834
1580  631        -1.21022472     11.93585365     -0.41491733
1581  631        -1.16199453     12.00034238     -0.36725130
1582  631        -1.13685871     12.02643743     -0.31945260
1583  631        -1.12395654     12.02698032     -0.28624233
1584  631        -1.10963413     12.00911470     -0.26461336
1585  631        -1.08630040     11.96945624     -0.25422337
1586  631        -1.07206638     11.93446551     -0.25528362
1587  631        -1.07709696     11.94488503     -0.25998656
1588  631        -1.09475281     12.00524198     -0.25974026
1589  631        -1.09689561     12.08010508     -0.25745729
1590  631        -1.06701680     12.13629212     -0.25771080
1591  631        -1.01668701     12.18524381     -0.26902236
1592  631        -0.96449066     12.23219435     -0.29363118
1593  631        -0.91636504     12.26206866     -0.33332181
1594  631        -0.88298055     12.25052421     -0.38824107
1595  631        -0.85926439     12.21451773     -0.44228248
1596  631        -0.84475121     12.18185748     -0.48272529
1597  631        -0.84236556     12.16841611     -0.50746731
1598  631        -0.85105595     12.17396969     -0.53126505
1599  631        -0.87188501     12.20066417     -0.56837716
1600  631        -0.88568378     12.24000678     -0.61962255
1601  631        -0.87537267     12.26827517     -0.69481345
1602  631        -0.83771190     12.26588332     -0.78587544
1603  631        -0.79350628     12.23271676     -0.87983464
1604  631        -0.75686841     12.17632273     -0.94850346
1605  631        -0.74248636     12.11360240     -1.00240930
1606  631        -0.75335447     12.04486452     -1.05049208
1607  631        -0.79103503     11.98557085     -1.08760532
1608  631        -0.83786422     11.92435470     -1.09780045
1609  631        -0.87717222     11.85047381     -1.10286820
1610  631        -0.90523957     11.78431120     -1.14208218
1611  631        -0.93007389     11.72888139     -1.21422885
1612  631        -0.95616103     11.68844538     -1.28985531
1613  631        -0.96465210     11.65023908     -1.34655266
1614  631        -0.97324585     11.60150547     -1.38777699
1615  631        -1.01121998     11.53700980     -1.41253181
1616  631        -1.06856042     11.46921318     -1.41963133
1617  631        -1.11957234     11.40089410     -1.42147783
1618  631        -1.15076077     11.33711657     -1.42814914
1619  631        -1.16773087     11.27901181     -1.44606922
1620  631        -1.16677013     11.23576017     -1.46537030
1621  631        -1.15933560     11.20728042     -1.48190765
1622  631        -1.14964602     11.18948629     -1.50684493
1623  631        -1.13153445     11.18031263     -1.53091495
1624  631        -1.10218547     11.17433713     -1.54679186
1625  631        -1.05667018     11.16248063     -1.56247885
1626  631        -1.01231514     11.15755573     -1.59185898
1627  631        -0.98978051     11.16294919     -1.62490171
1628  631        -0.99451209     11.17466950     -1.65520982
1629  631        -1.00146951     11.18995741     -1.67315760
1630  631        -0.99009119     11.21398277     -1.67935592
1631  631        -0.96071926     11.25356900     -1.69515496
1632  631        -0.92388508     11.30397045     -1.74050193
1633  631        -0.88527093     11.34577119     -1.80951939
1634  631        -0.83568181     11.37060612     -1.86553307
1635  631        -0.76580958     11.37528378     -1.89782440
1636  631        -0.70126063     11.36801865     -1.91551719
1637  631        -0.66676241     11.35398258     -1.90958409
1638  631        -0.67391736     11.34077955     -1.86742873
1639  631        -0.70798285     11.32767465     -1.80278366
1640  631        -0.73997100     11.30056718     -1.74899590
1641  631        -0.76396028     11.25236812     -1.70250249
1642  631        -0.78057957     11.18631754     -1.65352727
1643  631        -0.78372678     11.12546839     -1.61748146
1644  631        -0.77372156     11.09026964     -1.61621991
1645  631        -0.76015707     11.07376435     -1.63678796
1646  631        -0.76016881     11.06269955     -1.65107417
1647  631        -0.76377012     11.04501438     -1.66071099
1648  631        -0.75798767     11.00821103     -1.67886605
1649  631        -0.75953722     10.95817122     -1.69706436
1650  631        -0.79785913     10.92044230     -1.69400098
1651  631        -0.87186346     10.89613536     -1.66878486
1652  631        -0.95103580     10.89539604     -1.62770792
1653  631        -1.00216137     10.90033492     -1.59754193
1654  631        -1.00895975     10.90291262     -1.59282870
1655  631        -0.96537423     10.89389958     -1.61936694
1656  631        -0.89753516     10.88171193     -1.65880451
1657  631        -0.84129870     10.87472594     -1.67792721
1658  631        -0.80710955     10.88216913     -1.67778868
1659  631        -0.76694639     10.90111060     -1.66655084
1660  631        -0.73265835     10.91180485     -1.63935304
1661  631        -0.72977549     10.91913733     -1.58159591
1662  631        -0.71815539     10.93658157     -1.50696968
1663  631        -0.67706607     10.97021565     -1.46302919
1664  631        -0.62256671     10.99787298     -1.47108927
1665  631        -0.60120774     11.03355305     -1.48992627
1666  631        -0.60371820     11.07321016     -1.48497654
1667  631        -0.61269989     11.10974612     -1.47692861
1668  631        -0.62806721     11.12807104     -1.48636983
1669  631        -0.65834719     11.14293962     -1.49758680
1670  631        -0.69273776     11.15838251     -1.47826151
1671  631        -0.70292397     11.15788086     -1.43407344
1672  631        -0.69529309     11.13173263     -1.38189335
1673  631        -0.68743759     11.08805141     -1.34785318
1674  631        -0.70104424     11.03304033     -1.33064393
1675  631        -0.71886345     10.97599829     -1.29776587
1676  631        -0.72793469     10.93428073     -1.25582840
1677  631        -0.73867400     10.93893929     -1.23985467
1678  631        -0.76263937     10.97638104     -1.24631247
1679  631        -0.78714994     11.01408493     -1.26431216
1680  631        -0.79797573     11.04686719     -1.26457120
1681  631        -0.79831303     11.08962420     -1.24681888
1682  631        -0.79902840     11.12949923     -1.21674104
1683  631        -0.80614068     11.14041512     -1.18954083
1684  631        -0.81056110     11.11739460     -1.17627146
1685  631        -0.82069354     11.07887142     -1.16916119
1686  631        -0.82885868     11.05204990     -1.16838352
1687  631        -0.84845624     11.05464764     -1.14564737
1688  631        -0.89431189     11.07785029     -1.10479610
1689  631        -0.96926357     11.09480040     -1.07236483
1690  631        -1.04959233     11.11301284     -1.06630431
1691  631        -1.11148794     11.14109893     -1.06404204
1692  631        -1.15006767     11.16388832     -1.04963967
1693  631        -1.14876535     11.15311843     -1.01871131
1694  631        -1.11713112     11.12051463     -0.98979452
1695  631        -1.08000448     11.09734835     -1.00074762
1696  631        -1.06119705     11.07037838     -1.05656295
1697  631        -1.04745056     11.04774406     -1.10540660
1698  631        -1.05076789     11.03093617     -1.11922901
1699  631        -1.08169986     11.01592877     -1.14195415
1700  631        -1.11523292     10.99731833     -1.16693937
1701  631        -1.13157824     10.96819493     -1.16473771
1702  631        -1.11478216     10.93692621     -1.11738403
1703  631        -1.07743917     10.91781933     -1.05933215
1704  631        -1.03198659     10.92568691     -1.03821576
1705  631        -1.01283687     10.93040070     -1.04781600
1706  631        -1.03978704     10.89551182     -1.08727855
1707  631        -1.06330744     10.83471033     -1.15591358
1708  631        -1.04119191     10.79334927     -1.22102443
1709  631        -1.01019646     10.77159518     -1.25706624
1710  631        -1.01628998     10.75726840     -1.25339172
1711  631        -1.02929884     10.75753243     -1.22218697
1712  631        -1.00618254     10.76157429     -1.17985986
1713  631        -0.95603364     10.75188690     -1.12257982
1714  631        -0.90975865     10.72846203     -1.04643758
1715  631        -0.87634923     10.69546537     -0.96099247
1716  631        -0.85724263     10.68006238     -0.93272236
1717  631        -0.86207593     10.71415627     -0.96008005
1718  631        -0.90212305     10.77954136     -1.00885714
1719  631        -0.95063066     10.84927641     -1.02029570
1720  631        -0.96064510     10.90916465     -0.97104457
1721  631        -0.92845871     10.95800451     -0.87989100
1722  631        -0.89276306     10.98962305     -0.77808409
1723  631        -0.89288264     10.99474497     -0.71310115
1724  631        -0.92980493     10.99469772     -0.69727493
1725  631        -0.97734945     11.02005776     -0.72501931
1726  631        -1.00484829     11.05388393     -0.73906360
1727  631        -1.02098775     11.07888233     -0.76004035
1728  631        -1.03153055     11.09243223     -0.78537545
1729  631        -1.03191069     11.10474323     -0.83788535
1730  631        -1.02179933     11.13022092     -0.88742373
1731  631        -1.00496232     11.15415134     -0.88648706
1732  631        -0.99546649     11.15431159     -0.83677758
1733  631        -0.98971218     11.12670090     -0.78381715
1734  631        -1.00028165     11.09996887     -0.76089344
1735  631        -1.01940752     11.10165592     -0.73568427
1736  631        -1.05655666     11.13381229     -0.70743530
1737  631        -1.09452928     11.17169157     -0.68112444
1738  631        -1.10718466     11.21463056     -0.68057795
1739  631        -1.10439586     11.26034076     -0.68883869
1740  631        -1.10118516     11.29332039     -0.71128210
1741  631        -1.07251609     11.28736706     -0.72889967
1742  631        -1.04631600     11.24709477     -0.76732795
1743  631        -1.03291600     11.16714023     -0.81477527
1744  631        -1.02456885     11.06671685     -0.87162877
1745  631        -1.03647365     10.95711985     -0.92456909
1746  631        -1.05374440     10.85338261     -0.96929873
1747  631        -1.07326271     10.76527708     -1.00238521
1748  631        -1.10095022     10.70916063     -1.01331422
1749  631        -1.12503896     10.67632449     -1.02317933
1750  631        -1.14000922     10.65336531     -1.02025999
1751  631        -1.16629058     10.65927204     -1.02150227
1752  631        -1.20053979     10.68941513     -1.02510203
1753  631        -1.25769939     10.75489644     -1.01956267
1754  631        -1.31866774     10.81633871     -0.99877012
1755  631        -1.37267789     10.86605890     -0.97434162
1756  631        -1.40347561     10.88924386     -0.96874074
1757  631        -1.41117255     10.88698323     -0.98223625
1758  631        -1.41038328     10.86797938     -1.00660834
1759  631        -1.38437658     10.83725570     -1.01250378
1760  631        -1.33641366     10.78191065     -1.01161252
1761  631        -1.29951634     10.70432304     -1.02564995
1762  631        -1.28968368     10.64693882     -1.07216019
1763  631        -1.28082682     10.61527754     -1.11576756
1764  631        -1.28168566     10.61622736     -1.13713554
1765  631        -1.29470558     10.60830713     -1.13554203
1766  631        -1.30616748     10.58042494     -1.11233460
1767  631        -1.31114272     10.51610617     -1.09303639
1768  631        -1.32196223     10.44442351     -1.09583582
1769  631        -1.33534009     10.41191890     -1.10459978
1770  631        -1.37522814     10.40283688     -1.09307552
1771  631        -1.43832195     10.37628112     -1.06970454
1772  631        -1.49333132     10.32654685     -1.05289059
1773  631        -1.55107541     10.28673396     -1.06293960
1774  631        -1.60173954     10.26651631     -1.06515345
1775  631        -1.66308449     10.24768600     -1.04175760
1776  631        -1.71734572     10.19238464     -1.00282787
1777  631        -1.74030296     10.13750385     -0.95530343
1778  631        -1.74789009     10.10310795     -0.92008649
1779  631        -1.75777131     10.09861913     -0.87830177
1780  631        -1.76286284     10.11535042     -0.82197058
1781  631        -1.77442349     10.13103012     -0.75659443
1782  631        -1.75969230     10.12594055     -0.69533798
1783  631        -1.72379963     10.09313129     -0.63826171
1784  631        -1.70245200     10.06477803     -0.58167230
1785  631        -1.68137606     10.04130366     -0.50821137
1786  631        -1.66788745     10.02840193     -0.43747408
1787  631        -1.65474744     10.01720568     -0.38623616
1788  631        -1.63838565     10.00978108     -0.36003734
1789  631        -1.63846043     10.01761062     -0.35299392
1790  631        -1.66377541     10.04931671     -0.34716049
1791  631        -1.68912624     10.08510354     -0.32883672
1792  631        -1.68196228     10.11768646     -0.28684844
1793  631        -1.63923207     10.14459178     -0.23222808
1794  631        -1.58917215     10.17274973     -0.17825799
1795  631        -1.54108618     10.20417494     -0.12512822
1796  631        -1.50450178     10.22452086     -0.07734173
1797  631        -1.49199023     10.23514656     -0.03802186
1798  631        -1.49892889     10.22468927     -0.02317708
1799  631        -1.51393941     10.21634199     -0.03027126
1800  631        -1.51358300     10.21535268     -0.03932408
1801  631        -1.49114103     10.23453845     -0.03422800
1802  631        -1.44851726     10.23545623     -0.02842900
1803  631        -1.38362148     10.22198999     -0.03748819
1804  631        -1.32634394     10.23266976     -0.04614840
1805  631        -1.27979985     10.28764933     -0.04152407
1806  631        -1.20752091     10.33674464     -0.02397043
1807  631        -1.11772313     10.34841767     -0.01259490
1808  631        -1.04453254     10.35022059     -0.02316753
1809  631        -0.99581146     10.36624726     -0.06652722
1810  631        -0.96944941     10.40814914     -0.11575634
1811  631        -0.97594238     10.44992876     -0.14669700
1812  631        -0.99434663     10.48292851     -0.17252690
1813  631        -0.99611800     10.49190978     -0.21107771
1814  631        -0.98103416     10.47637021     -0.23161615
1815  631        -0.96360875     10.42469217     -0.21015265
1816  631        -0.93610431     10.36152879     -0.18755651
1817  631        -0.90887298     10.34514223     -0.18607667
1818  631        -0.91470905     10.38957418     -0.20880164
1819  631        -0.90475531     10.42491643     -0.24207054
1820  631        -0.85273800     10.39650275     -0.29063775
1821  631        -0.75752155     10.32648260     -0.33665886
1822  631        -0.66289445     10.26617375     -0.36357765
1823  631        -0.57485240     10.22406861     -0.37544092
1824  631        -0.50466139     10.20032380     -0.38040487
1825  631        -0.45185325     10.18804798     -0.37704317
1826  631        -0.41172863     10.16203191     -0.39181824
1827  631        -0.39753826     10.10863916     -0.43619703
1828  682        -0.29593374      7.74837748     -1.18882153
1829  682        -0.32692536      7.71887297     -1.22521031
1830  682        -0.36973340      7.65352168     -1.26112470
1831  682        -0.41596055      7.59487804     -1.28952164
1832  682        -0.44077871      7.56163938     -1.30260140
1833  682        -0.43258522      7.55289402     -1.31911894
1834  682        -0.38986678      7.53268132     -1.37160814
1835  682        -0.33553806      7.49471005     -1.43962460
1836  682        -0.28457771      7.45225051     -1.50521428
1837  682        -0.24692012      7.41190452     -1.54738443
1838  682        -0.20970739      7.35652614     -1.56542988
1839  682        -0.18919712      7.28301041     -1.56518144
1840  682        -0.18382722      7.20053787     -1.55601167
1841  682        -0.19608759      7.13969783     -1.54962925
1842  682        -0.20521506      7.10286595     -1.55247239
1843  682        -0.19925929      7.07577485     -1.57048114
1844  682        -0.16563056      7.06073731     -1.59409303
1845  682        -0.10394083      7.06922126     -1.61417232
1846  682        -0.04249918      7.09608271     -1.62019935
1847  682        -0.00466619      7.11284736     -1.60899481
1848  682         0.00350521      7.12016494     -1.59117500
1849  682         0.00781509      7.10948136     -1.57787269
1850  682         0.02499732      7.09724029     -1.55557756
1851  682         0.06608558      7.09330058     -1.53513471
1852  682         0.11878989      7.12059380     -1.53626644
1853  682         0.17234573      7.14688308     -1.55461146
1854  682         0.20816919      7.14346937     -1.57618699
1855  682         0.23435075      7.10333239     -1.59071405
1856  682         0.25250978      7.03803769     -1.59451051
1857  682         0.25758485      6.97378640     -1.57505242
1858  682         0.23426819      6.91515999     -1.54849538
1859  682         0.17830290      6.88131107     -1.52484645
1860  682         0.12059057      6.86382055     -1.52088351
1861  682         0.08240116      6.86677295     -1.53824261
1862  682         0.07410957      6.88397184     -1.57215677
1863  682         0.08207843      6.91171787     -1.62303866
1864  682         0.09722974      6.92313774     -1.68377367
1865  682         0.09085352      6.89433695     -1.74103690
1866  682         0.05750481      6.85065257     -1.77840842
1867  682         0.00851476      6.83156405     -1.81574278
1868  682        -0.04186945      6.83517736     -1.86245729
1869  682        -0.07451642      6.83830848     -1.91081753
1870  682        -0.07210374      6.82516787     -1.92191915
1871  682        -0.02706909      6.81072535     -1.89012542
1872  682         0.05148590      6.81260702     -1.83459892
1873  682         0.13070715      6.81371273     -1.79744114
1874  682         0.19090359      6.79493407     -1.77895426
1875  682         0.23871907      6.74363284     -1.76922291
1876  682         0.26449660      6.67845251     -1.75966417
1877  682         0.27679265      6.63240331     -1.74985325
1878  682         0.28302937      6.62449106     -1.76025106
1879  682         0.30458478      6.66337546     -1.76706860
1880  682         0.31982038      6.72766265     -1.75348754
1881  682         0.31983001      6.77433212     -1.72308814
1882  682         0.31051354      6.75163874     -1.72171303
1883  682         0.30963627      6.66812592     -1.73740041
1884  682         0.32863856      6.56593940     -1.74846543
1885  682         0.36591219      6.48165853     -1.75186783
1886  682         0.42120220      6.40515021     -1.76347320
1887  682         0.49510579      6.34396600     -1.77960540
1888  682         0.57514183      6.30099812     -1.79037446
1889  682         0.62673051      6.28705605     -1.78378250
1890  682         0.65218586      6.30150894     -1.75102686
1891  682         0.66430274      6.34422673     -1.70637691
1892  682         0.67492928      6.39990931     -1.66817526
1893  682         0.68535587      6.43791772     -1.62718964
1894  682         0.68640912      6.44368645     -1.56237502
1895  682         0.70954156      6.42465036     -1.50426068
1896  682         0.74105612      6.40279415     -1.47703078
1897  682         0.74765355      6.39709110     -1.47701060
1898  682         0.72693167      6.41456529     -1.50042981
1899  682         0.71798378      6.41359142     -1.55056923
1900  682         0.73058883      6.39938359     -1.61622181
1901  682         0.76977127      6.40821958     -1.66602031
1902  682         0.81447982      6.45334222     -1.66891291
1903  682         0.85181869      6.52134077     -1.64182585
1904  682         0.87724774      6.59474135     -1.60826600
1905  682         0.89587511      6.64537158     -1.58279957
1906  682         0.89893764      6.66855835     -1.56469849
1907  682         0.87147066      6.66387191     -1.55601355
1908  682         0.82448272      6.65147683     -1.55064928
1909  682         0.79069449      6.64909834     -1.55411975
1910  682         0.79721559      6.64786635     -1.57922422
1911  682         0.81650480      6.65783294     -1.60948917
1912  682         0.83306237      6.68195219     -1.63575479
1913  682         0.84386770      6.72877386     -1.64021555
1914  682         0.86854191      6.76971877     -1.62302742
1915  682         0.90034283      6.78402776     -1.59666168
1916  682         0.91335695      6.76173311     -1.57025623
1917  682         0.91099763      6.71966587     -1.54733381
1918  682         0.90687327      6.68795258     -1.53602763
1919  682         0.89096211      6.68825764     -1.54933696
1920  682         0.85565873      6.71411616     -1.56494942
1921  682         0.83012804      6.72490609     -1.58676160
1922  682         0.84760149      6.70608443     -1.61312543
1923  682         0.88996110      6.66665336     -1.66110342
1924  682         0.93729692      6.64621151     -1.71182747
1925  682         0.98779294      6.67342898     -1.74602521
1926  682         1.04237479      6.73230281     -1.76375291
1927  682         1.11678548      6.77515123     -1.78594063
1928  682         1.19963147      6.77855936     -1.81590582
1929  682         1.27612590      6.76602104     -1.83996597
1930  682         1.32505429      6.76625416     -1.85337707
1931  682         1.35403616      6.76960001     -1.85410608
1932  682         1.38204339      6.77035679     -1.83926874
1933  682         1.41025533      6.77322442     -1.80619939
1934  682         1.44587995      6.78706081     -1.77315168
1935  682         1.49030337      6.83752288     -1.74512605
1936  682         1.53478265      6.91850107     -1.71558104
1937  682         1.56452308      6.99512059     -1.68189233
1938  682         1.58109991      7.02932123     -1.64444475
1939  682         1.58533955      6.99819852     -1.60458329
1940  682         1.58910438      6.92557575     -1.57229823
1941  682         1.60896071      6.87170784     -1.54483582
1942  682         1.65015005      6.85239991     -1.52705617
1943  682         1.69447668      6.84189198     -1.50410282
1944  682         1.71486356      6.83002177     -1.46469369
1945  682         1.73718471      6.82045805     -1.40507124
1946  682         1.76845257      6.80318135     -1.35247911
1947  682         1.80092315      6.78837742     -1.31805985
1948  682         1.80680058      6.77291253     -1.32272030
1949  682         1.77402385      6.74044546     -1.33580502
1950  682         1.70026678      6.67298318     -1.32843772
1951  682         1.59508815      6.57401489     -1.30847683
1952  682         1.48638880      6.46716586     -1.28767820
1953  682         1.39867654      6.37361119     -1.26926250
1954  682         1.34666495      6.31861755     -1.25993322
1955  682         1.34118385      6.26757557     -1.26411367
1956  682         1.34379712      6.24010332     -1.22905528
1957  682         1.34599507      6.23362160     -1.18355380
1958  682         1.37259088      6.25734939     -1.12098021
1959  682         1.39706642      6.27321381     -1.09052445
1960  682         1.42259029      6.29704515     -1.08891399
1961  682         1.44544037      6.32187867     -1.10920064
1962  682         1.47431848      6.33529914     -1.11853994
1963  682         1.50655993      6.33470781     -1.10042312
1964  682         1.53814470      6.30741158     -1.06522041
1965  682         1.55764337      6.26733488     -1.02114038
1966  682         1.55596299      6.24911804     -0.98280296
1967  682         1.57458590      6.24895819     -0.96443846
1968  682         1.62959846      6.24238360     -0.98139743
1969  682         1.70062255      6.23574982     -1.00753850
1970  682         1.74814246      6.22891327     -1.02964234
1971  682         1.76687241      6.23184282     -1.02727059
1972  682         1.76948582      6.24234574     -1.01378381
1973  682         1.78321055      6.27239745     -0.98962526
1974  682         1.82651494      6.32879493     -0.97654049
1975  682         1.90573129      6.38309188     -0.97844118
1976  682         2.01392261      6.41388416     -0.99286239
1977  682         2.12838786      6.41869890     -0.99241826
1978  682         2.23453432      6.41511895     -0.98064214
1979  682         2.32167213      6.42510379     -0.97824611
1980  682         2.40173505      6.43589135     -0.97701653
1981  682         2.46955737      6.44028662     -0.98718288
1982  682         2.52417333      6.45732540     -0.99666093
1983  682         2.56337909      6.48378397     -0.98115935
1984  682         2.56652238      6.49297647     -0.94347887
1985  682         2.56980803      6.49314554     -0.93335650
1986  682         2.61913908      6.50267084     -0.96662846
1987  682         2.69352573      6.52110600     -1.01075020
1988  682         2.74877098      6.54933873     -1.04514619
1989  682         2.76579600      6.56137923     -1.07812969
1990  682         2.73345499      6.50918855     -1.11672207
1991  682         2.69520721      6.40844815     -1.15753601
1992  682         2.65370446      6.32291495     -1.17555405
1993  682         2.61043581      6.27567545     -1.14354476
1994  682         2.57009533      6.25549381     -1.06770600
1995  682         2.54244598      6.23682696     -0.99010883
1996  682         2.54304217      6.22671927     -0.94700463
1997  682         2.55100480      6.19739614     -0.88864217
1998  682         2.56917313      6.16693172     -0.83201372
1999  682         2.60408057      6.15680280     -0.80686340
2000  682         2.63193986      6.15478293     -0.80544217
2001  682         2.62317506      6.15212468     -0.80885618
2002  682         2.57609721      6.12884863     -0.79852831
2003  682         2.52709004      6.09705525     -0.81083385
2004  682         2.51061574      6.06129247     -0.86217011
2005  682         2.52043845      6.03089622     -0.92807647
2006  682         2.54074075      6.01489543     -0.96390292
2007  682         2.55166989      6.03695450     -0.93585476
2008  682         2.55149776      6.07920061     -0.86359778
2009  682         2.55347985      6.11089136     -0.77975457
2010  682         2.56202957      6.13731285     -0.71981559
2011  682         2.57353032      6.15477565     -0.66954134
2012  682         2.59443738      6.15334575     -0.61775563
2013  682         2.60592077      6.11535958     -0.58110165
2014  682         2.60414859      6.06547368     -0.55656558
2015  682         2.60599451      6.01545928     -0.51669110
2016  682         2.64244629      5.95936493     -0.48393778
2017  682         2.70375301      5.89142602     -0.47908315
2018  682         2.76024323      5.83215089     -0.48773479
2019  682         2.80128315      5.78511983     -0.46934445
2020  682         2.84418551      5.75118739     -0.40872714
2021  682         2.88868877      5.73221162     -0.35367716
2022  682         2.89402659      5.74145641     -0.33456592
2023  682         2.86411812      5.77298944     -0.35287370
2024  682         2.84123102      5.80947981     -0.39291878
2025  682         2.84627368      5.83658687     -0.45624512
2026  682         2.85418281      5.85709648     -0.52308568
2027  682         2.85610682      5.88197923     -0.56238975
2028  682         2.87110557      5.89008643     -0.56199363
2029  682         2.89417463      5.88778973     -0.52940635
2030  682         2.90453649      5.87006497     -0.48966481
2031  682         2.90980312      5.84240786     -0.46240554
2032  682         2.91766984      5.80011402     -0.43108065
2033  682         2.92792944      5.76382504     -0.39206715
2034  682         2.93553794      5.73883193     -0.35452662
2035  682         2.92497089      5.72175780     -0.33627625
2036  682         2.91484465      5.73062030     -0.34746724
2037  682         2.92110658      5.76678389     -0.36587072
2038  682         2.93828301      5.81587621     -0.37038494
2039  682         2.94014265      5.82774405     -0.38316337
2040  682         2.93289480      5.80181231     -0.43211472
2041  682         2.94580715      5.75567072     -0.48154710
2042  682         2.97322829      5.74463919     -0.52292822
2043  682         2.99702647      5.76214995     -0.54564351
2044  682         3.02292547      5.77538422     -0.55208731
2045  682         3.06984357      5.75848250     -0.55281339
2046  682         3.11725701      5.72066960     -0.56330149
2047  682         3.15236940      5.68928404     -0.59140319
2048  682         3.17342923      5.68938298     -0.63898889
2049  682         3.18473735      5.72136746     -0.69401877
2050  682         3.16956441      5.75247947     -0.73944927
2051  682         3.14658638      5.75598864     -0.78917887
2052  682         3.11095660      5.72965571     -0.81861065
2053  682         3.09231319      5.69287402     -0.82237757
2054  682         3.12150551      5.70508418     -0.84975429
2055  628         2.63961658      3.70724858      0.41769968
2056  628         2.62193143      3.72398740      0.47663938
2057  628         2.58508133      3.73061347      0.50697521
2058  628         2.57099627      3.71317399      0.49916487
2059  628         2.57079548      3.67659585      0.44805399
2060  628         2.56617705      3.65726481      0.38538310
2061  628         2.53210451      3.69999789      0.31973905
2062  628         2.47725808      3.77898705      0.27284707
2063  628         2.40384885      3.83469797      0.23710432
2064  628         2.34365035      3.87587702      0.20308785
2065  628         2.30439904      3.93072286      0.17010062
2066  628         2.26942992      3.99525500      0.13577255
2067  628         2.26776354      4.05277017      0.06712422
2068  628         2.29189339      4.10973832     -0.01621363
2069  628         2.31594953      4.15692331     -0.07496835
2070  628         2.31200828      4.18314793     -0.11330648
2071  628         2.29912589      4.20144468     -0.11499824
2072  628         2.29839407      4.22350403     -0.11109713
2073  628         2.31281856      4.23390967     -0.10480172
2074  628         2.32215379      4.21526900     -0.09195652
2075  628         2.32908419      4.17725961     -0.08962041
2076  628         2.33873809      4.10498826     -0.10757491
2077  628         2.34721762      3.99221830     -0.12465273
2078  628         2.33992742      3.86696382     -0.13748205
2079  628         2.31572979      3.77629170     -0.12240213
2080  628         2.30474221      3.73420510     -0.09345205
2081  628         2.30137874      3.74252042     -0.06274115
2082  628         2.31259276      3.77149448     -0.04527050
2083  628         2.34424496      3.78268191     -0.03637943
2084  628         2.41177761      3.75618206     -0.01417340
2085  628         2.46183336      3.70997313      0.04837811
2086  628         2.49670588      3.67059971      0.12579071
2087  628         2.52782424      3.62568946      0.18610593
2088  628         2.56699413      3.58057787      0.24557295
2089  628         2.63344100      3.55618299      0.28806496
2090  628         2.70727066      3.55228098      0.31170621
2091  628         2.78287797      3.54295616      0.31456390
2092  628         2.85855604      3.51977555      0.29921600
2093  628         2.93974563      3.51726020      0.27140588
2094  628         2.97794876      3.53716569      0.26124226
2095  628         2.97780432      3.55015246      0.25813523
2096  628         2.99166541      3.55337644      0.26033745
2097  628         3.03614226      3.55563385      0.24625122
2098  628         3.07561729      3.55222815      0.22251187
2099  628         3.09898641      3.56142263      0.19453223
2100  628         3.11923660      3.59324140      0.14809372
2101  628         3.13924639      3.62947549      0.09972167
2102  628         3.15520125      3.65783485      0.06223453
2103  628         3.16757967      3.67625065      0.05788396
2104  628         3.17649801      3.69710358      0.07895561
2105  628         3.16920194      3.71339398      0.10708795
2106  628         3.15010438      3.71947292      0.14709691
2107  628         3.12922441      3.70027413      0.20666534
2108  628         3.10702339      3.66338932      0.26724366
2109  628         3.07335578      3.63448584      0.31489325
2110  628         3.03540630      3.62557597      0.34983708
2111  628         3.01331925      3.64100801      0.39601526
2112  628         3.01594087      3.66965434      0.45144904
2113  628         3.01662590      3.69988652      0.49773466
2114  628         3.00200834      3.71033857      0.53776280
2115  628         2.97510661      3.68644956      0.59061319
2116  628         2.98069141      3.64444840      0.64959012
2117  628         3.03591136      3.61752679      0.69075432
2118  628         3.10078659      3.60497042      0.72778605
2119  628         3.14306834      3.60157567      0.79084098
2120  628         3.16872345      3.58308131      0.87500197
2121  628         3.19151794      3.55668439      0.95086604
2122  628         3.19708758      3.53716109      0.99932568
2123  628         3.17958702      3.51445188      1.03107405
2124  628         3.14924515      3.49342739      1.05370795
2125  628         3.13458273      3.48601317      1.06313933
2126  628         3.14302155      3.50362357      1.05464273
2127  628         3.15387331      3.53135930      1.02339405
2128  628         3.15338892      3.55704186      0.99370540
2129  628         3.14548563      3.56358372      0.99258669
2130  628         3.12711398      3.56034817      1.01329985
2131  628         3.09803271      3.55406872      1.02740169
2132  628         3.07173076      3.53915563      1.01115567
2133  628         3.04779823      3.51947541      0.98916101
2134  628         3.03770569      3.50068905      1.00489340
2135  628         3.02015760      3.50615559      1.07171944
2136  628         2.98182591      3.53726486      1.16208471
2137  628         2.92640434      3.58157572      1.22855075
2138  628         2.87886606      3.61152063      1.25105194
2139  628         2.85146264      3.62450705      1.23585253
2140  628         2.84080966      3.62962813      1.20510853
2141  628         2.83932330      3.63657824      1.16188158
2142  628         2.83810055      3.65492144      1.11628871
2143  628         2.83293085      3.68440224      1.08383825
2144  628         2.80633767      3.70605164      1.07510566
2145  628         2.77559381      3.71385306      1.08214369
2146  628         2.76187964      3.72458841      1.08540727
2147  628         2.77480569      3.74801599      1.06876549
2148  628         2.79851106      3.75873806      1.04217865
2149  628         2.81260677      3.73519831      1.02625138
2150  628         2.82466492      3.69185775      1.01462928
2151  628         2.85869929      3.66166172      0.98517269
2152  628         2.91406679      3.66363204      0.93063275
2153  628         2.97324462      3.67741150      0.86665861
2154  628         3.00218958      3.68571453      0.83016206
2155  628         2.99178061      3.66766691      0.83542392
2156  628         2.95996669      3.62198206      0.84532102
2157  628         2.91047956      3.58174804      0.82210603
2158  628         2.84961932      3.56720126      0.76793697
2159  628         2.78634129      3.56041873      0.72407268
2160  628         2.74580901      3.53011243      0.70081320
2161  628         2.74512946      3.47456882      0.67032610
2162  628         2.77175823      3.42608289      0.62038492
2163  628         2.81857051      3.41070913      0.55595602
2164  628         2.87616088      3.40413788      0.49068413
2165  628         2.94354288      3.39957314      0.43308393
2166  628         3.01138617      3.40618941      0.37761436
2167  628         3.06092172      3.40651861      0.32382607
2168  628         3.06495396      3.38951128      0.25848043
2169  628         3.03557363      3.37014674      0.20238027
2170  628         2.99328028      3.35945969      0.18663752
2171  628         2.94625162      3.36755309      0.21238972
2172  628         2.90256874      3.38517066      0.24706120
2173  628         2.86285409      3.41391520      0.26675098
2174  628         2.83607698      3.45389521      0.27265471
2175  628         2.82342636      3.47224825      0.27879025
2176  628         2.81069027      3.44806339      0.29208434
2177  628         2.79468168      3.40306803      0.28373384
2178  628         2.76745992      3.36944524      0.24449660
2179  628         2.72666457      3.35047492      0.18868174
2180  628         2.67672614      3.33038535      0.14720650
2181  628         2.62282712      3.29229133      0.11045121
2182  628         2.58654491      3.23996379      0.06908865
2183  628         2.56408283      3.17835197      0.02727876
2184  628         2.55377785      3.11534470      0.01446512
2185  628         2.51494003      3.04875301      0.02125823
2186  628         2.42653803      2.98476823      0.03623856
2187  628         2.33957195      2.91203723      0.06911766
2188  628         2.29221301      2.84327443      0.12262315
2189  628         2.26817787      2.80452735      0.19078063
2190  628         2.26337838      2.78265881      0.24701647
2191  628         2.27989043      2.78937857      0.29509005
2192  628         2.28925590      2.80691006      0.34004240
2193  628         2.29170619      2.83100131      0.38661588
2194  628         2.25432860      2.85586510      0.39672446
2195  628         2.18967194      2.85652087      0.38233035
2196  628         2.11583579      2.82196380      0.38257508
2197  628         2.04884829      2.78709517      0.43250012
2198  628         2.00004464      2.76558717      0.52293577
2199  628         1.98896396      2.72747469      0.62652566
2200  628         2.01334316      2.67187962      0.71797424
2201  628         2.05343346      2.61623560      0.77247606
2202  628         2.09968769      2.59342191      0.77893259
2203  628         2.14626834      2.58979234      0.74406563
2204  628         2.19314150      2.58834600      0.70910234
2205  628         2.18646870      2.57051785      0.71525682
2206  628         2.13679568      2.52913246      0.78611315
2207  628         2.06432226      2.47449373      0.85913851
2208  628         1.97789186      2.43218289      0.91295817
2209  628         1.88822550      2.40396082      0.92916498
2210  628         1.79374421      2.38565072      0.90730022
2211  628         1.71158245      2.38743783      0.87004072
2212  628         1.65801855      2.42552708      0.85460999
2213  628         1.64243650      2.51712483      0.87437932
2214  628         1.66098858      2.62568824      0.90653716
2215  628         1.70647552      2.70256679      0.92985350
2216  628         1.73570005      2.70298758      0.92377322
2217  628         1.73335561      2.63597470      0.89257409
2218  628         1.72417308      2.55618360      0.85981674
2219  628         1.71455020      2.49010680      0.82481622
2220  628         1.71150204      2.45215334      0.78868342
2221  628         1.70612713      2.44778619      0.76529871
2222  628         1.69439556      2.49123965      0.78252396
2223  628         1.69389996      2.55338577      0.84148898
2224  628         1.70983429      2.62887881      0.90914035
2225  628         1.72991306      2.71554470      0.94501280
2226  628         1.74009419      2.79778885      0.91877466
2227  628         1.74206874      2.84675452      0.85712298
2228  628         1.69788075      2.86432462      0.80212341
2229  628         1.60629662      2.88050117      0.78257182
2230  628         1.51676716      2.88766346      0.77539988
2231  628         1.45374182      2.88962133      0.77241954
2232  628         1.40308300      2.89375958      0.80192567
2233  628         1.35712489      2.91274066      0.87565732
2234  628         1.32663290      2.93387838      0.98392625
2235  628         1.32370649      2.94677406      1.08561022
2236  628         1.33059830      2.97314184      1.14636218
2237  628         1.30828301      3.04732962      1.14989355
2238  628         1.28072108      3.14042675      1.13515261
2239  628         1.28336852      3.19987868      1.12637714
2240  628         1.32321962      3.20162058      1.11809789
2241  628         1.36149357      3.17573382      1.07847134
2242  628         1.37717968      3.14938841      0.99791218
2243  628         1.37918167      3.10879799      0.91757754
2244  628         1.38868225      3.05956381      0.87927110
2245  628         1.41350038      3.04400293      0.90392958
2246  628         1.45749111      3.12805116      0.95722089
2247  628         1.48168977      3.30075380      1.01481307
2248  628         1.46209630      3.46974972      1.04993038
2249  628         1.45291942      3.57151348      1.07850869
2250  628         1.46863556      3.58568384      1.09050886
2251  628         1.49346708      3.55188362      1.08715272
2252  628         1.53471506      3.52448729      1.08898491
2253  628         1.57356808      3.50871307      1.09736222
2254  628         1.59088878      3.50870317      1.09280557
2255  628         1.58219101      3.53429115      1.04965629
2256  628         1.55446209      3.58030253      0.98417504
2257  628         1.53113155      3.64088826      0.91744063
2258  628         1.52878290      3.68742384      0.88602462
2259  628         1.54109318      3.69186893      0.88274299
2260  628         1.55301042      3.65978435      0.89794187
2261  628         1.56476355      3.65270237      0.93885727
2262  628         1.58106021      3.70188299      1.00225733
2263  628         1.60194454      3.79578970      1.05676149
2264  628         1.62154297      3.88308298      1.07039527
2265  628         1.62442688      3.93659444      1.03940284
2266  628         1.58778179      3.94586490      0.98815177
2267  628         1.52789694      3.91931628      0.95088676
2268  628         1.45545807      3.88016852      0.92445235
2269  628         1.37442944      3.83491657      0.91280538
2270  628         1.31891643      3.80136558      0.92824100
2271  628         1.31288420      3.78383855      0.97662247
2272  628         1.33501347      3.78892464      1.03311777
2273  628         1.34536239      3.80381215      1.08467294
2274  628         1.32533085      3.83955919      1.13145512
2275  628         1.28302819      3.89211582      1.15541592
2276  628         1.25133030      3.94297097      1.13478870
2277  628         1.23402365      3.97938678      1.09887072
2278  628         1.19868828      3.99735367      1.09410252
2279  628         1.11984517      3.98302708      1.11337457
2280  628         1.01514818      3.93059347      1.13080498
2281  628         0.92075758      3.86155741      1.13593604
2282  628         0.85825834      3.78835917      1.14306332
2283  628         0.82046822      3.71563436      1.16014138
2284  628         0.77995637      3.64853627      1.17320589
2285  628         0.73546819      3.58895840      1.15685807
2286  628         0.71710073      3.55922387      1.14336167
2287  628         0.73862027      3.57316059      1.14904983
2288  628         0.77844222      3.61573309      1.15416715
2289  628         0.79609515      3.66718299      1.14801767
2290  628         0.77964502      3.71214914      1.14683388
2291  628         0.74813921      3.75395337      1.15641814
2292  628         0.71726907      3.78177274      1.16927100
2293  628         0.69184506      3.80138263      1.18424709
2294  628         0.66973406      3.82505644      1.19026672
2295  628         0.63736140      3.85013316      1.17898644
2296  628         0.58827884      3.85811110      1.12927857
2297  628         0.54774528      3.83889806      1.05224686
2298  628         0.53076204      3.80776995      0.98294261
2299  628         0.53340679      3.79260900      0.95511177
2300  628         0.53804647      3.80428289      0.94006575
2301  628         0.54303387      3.83323354      0.90775897
2302  628         0.51750782      3.86126278      0.84233977
2303  628         0.43979278      3.87925211      0.75053518
2304  628         0.36301879      3.90127127      0.65433838
2305  628         0.32740487      3.93050952      0.57102630
2306  628         0.31313057      3.95025920      0.52518358
2307  628         0.29052903      3.95822663      0.49988255
2308  628         0.26426908      3.95632554      0.48924735
2309  628         0.24301526      3.95700997      0.48217457
2310  628         0.23295163      3.95463810      0.48838210
2311  628         0.20296458      3.96108037      0.48555089
2312  628         0.15574525      3.98972936      0.44821686
2313  628         0.11536646      4.02751604      0.37409618
2314  628         0.08114330      4.05710875      0.31292705
2315  628         0.05466919      4.05697146      0.28929459
2316  628         0.03759344      4.02696480      0.26797271
2317  628         0.04244616      3.98898735      0.24468647
2318  628         0.05580691      3.95156918      0.22127938
2319  628         0.07688095      3.91627394      0.21251700
2320  628         0.10161173      3.87449858      0.18906561
2321  628         0.16010040      3.82965092      0.15555850
2322  628         0.24751212      3.78019848      0.12980958
2323  628         0.31915770      3.73476065      0.13528401
2324  628         0.34708407      3.68228688      0.15452772
2325  628         0.35462604      3.64074176      0.16804480
2326  628         0.34536887      3.61217786      0.16506438
2327  628         0.31822830      3.58689226      0.15358250
2328  628         0.29729657      3.57846498      0.15351258
2329  628         0.30530756      3.59343100      0.15767939
2330  628         0.32074860      3.62257098      0.18479966
2331  628         0.28824408      3.66374952      0.23794009
2332  628         0.21537716      3.72072102      0.32325029
2333  628         0.17188709      3.78798001      0.40849327
2334  628         0.18283124      3.84510171      0.45243788
2335  628         0.20359938      3.85640810      0.43104724
2336  628         0.20037835      3.83173031      0.36107487
2337  628         0.17797126      3.78781486      0.27498036
2338  628         0.16109762      3.73499594      0.20380901
2339  628         0.16436995      3.67591809      0.15407199
2340  628         0.17886925      3.63312434      0.12254142
2341  628         0.18850075      3.62682306      0.11252794
2342  628         0.20093264      3.65665620      0.12068133
2343  628         0.20175226      3.69242323      0.14186780
2344  628         0.18371534      3.72192037      0.16807635
2345  628         0.15747065      3.75265011      0.18664060
2346  628         0.13642034      3.79044943      0.19987098
2347  628         0.15801585      3.82279394      0.21938766
2348  628         0.20316956      3.80477282      0.24250701
2349  628         0.22903927      3.72883029      0.25781154
2350  628         0.22242279      3.63602038      0.25460969
2351  628         0.21419379      3.57288399      0.22811953
2352  628         0.22950930      3.52863943      0.18664818
2353  628         0.26671401      3.49071884      0.14111931
2354  628         0.32125474      3.46842929      0.09814476
2355  628         0.36655943      3.46197985      0.08570999
2356  628         0.40120029      3.47295135      0.10159113
2357  628         0.42338031      3.48928199      0.12410761
2358  628         0.44513979      3.49395809      0.14170267
2359  628         0.45310406      3.48304291      0.15430778
2360  628         0.44203352      3.47892453      0.15674582
2361  628         0.42096487      3.48312038      0.14971419
2362  628         0.39453319      3.47830642      0.13084275
2363  628         0.38122448      3.45451732      0.09783574
2364  628         0.41115955      3.44054414      0.05880845
2365  628         0.49012517      3.45186828      0.02422673
2366  628         0.58381683      3.47093435     -0.01367907
2367  628         0.64845580      3.49008377     -0.07023137
2368  628         0.67957366      3.52722156     -0.11590129
2369  628         0.70740408      3.59688104     -0.14121620
2370  628         0.75327874      3.66370480     -0.14092272
2371  628         0.78591122      3.69756369     -0.11751081
2372  628         0.78706794      3.71379810     -0.07971644
2373  628         0.79950581      3.74303945     -0.04479025
2374  628         0.81512231      3.77299398     -0.02173953
2375  628         0.81361196      3.79736143     -0.01340911
2376  628         0.80479191      3.80493955     -0.03107398
2377  628         0.80644899      3.82061610     -0.06934728
2378  628         0.80792188      3.85532004     -0.12143646
2379  628         0.78967829      3.87750421     -0.18901165
2380  628         0.76429997      3.89127151     -0.28472169
2381  628         0.74007958      3.92683521     -0.40995483
2382  628         0.71238000      3.95536659     -0.52266504
2383  628         0.68844166      3.96435465     -0.58469877
2384  628         0.69071448      3.97167771     -0.59264573
2385  628         0.71018241      3.97718249     -0.57846774
2386  628         0.73929222      3.98370805     -0.55194378
2387  628         0.76348826      3.99536553     -0.54016270
2388  628         0.79817495      4.00578052     -0.52316937
2389  628         0.83485498      4.01407380     -0.49435022
2390  628         0.85688352      3.99859930     -0.47162796
2391  628         0.84689556      3.95774777     -0.47461852
2392  628         0.79783098      3.91032890     -0.51785424
2393  628         0.78183178      3.88343576     -0.54841748
2394  628         0.81111656      3.89273062     -0.54769775
2395  628         0.85760669      3.91782204     -0.53154194
2396  628         0.89109655      3.93649956     -0.52011671
2397  628         0.90224160      3.93119045     -0.51051757
2398  628         0.88949927      3.90356442     -0.46318529
2399  628         0.86358680      3.87316270     -0.37770013
2400  628         0.84024732      3.83916645     -0.31095351
2401  628         0.80202824      3.81165909     -0.29199349
2402  628         0.76298396      3.80196718     -0.29734745
2403  628         0.74606136      3.80357953     -0.30407221
2404  628         0.75190980      3.81219344     -0.31099558
2405  628         0.77411815      3.82245487     -0.33818225
2406  628         0.78907297      3.80771120     -0.36376356
2407  628         0.78986146      3.76255905     -0.36746862
2408  628         0.82484661      3.70211748     -0.35534131
2409  628         0.90978689      3.64309353     -0.34067667
2410  628         1.02755062      3.58322255     -0.31114102
2411  628         1.13092851      3.52474999     -0.25061418
2412  628         1.19512947      3.49062735     -0.17852173
2413  628         1.22193824      3.47775834     -0.12489009
2414  628         1.22118115      3.47630329     -0.10887678
2415  628         1.19978248      3.48376874     -0.09181261
2416  628         1.18394463      3.50612966     -0.04693597
2417  628         1.18203332      3.53828990      0.02841411
2418  628         1.17350439      3.55534965      0.10487553
2419  628         1.14893207      3.55237327      0.16827649
2420  628         1.12870444      3.58089213      0.24084984
2421  628         1.09729681      3.65643698      0.31282719
2422  628         1.04661473      3.73115535      0.36869695
2423  628         0.96103120      3.79520951      0.38153693
2424  628         0.86258538      3.84259039      0.34915977
2425  628         0.78762335      3.88155218      0.28819680
2426  628         0.73638367      3.91811325      0.27001233
2427  628         0.70966120      3.95877332      0.33194739
2428  628         0.70494361      4.01724172      0.44422492
2429  628         0.72483111      4.09051853      0.54836736
2430  628         0.74980323      4.15076914      0.59874457
2431  628         0.77533550      4.19834284      0.61009498
2432  628         0.78881806      4.23210936      0.62107340
2433  628         0.81414158      4.25659910      0.64404172
2434  628         0.84775890      4.27810682      0.66047866
2435  628         0.84827655      4.28634686      0.63923447
2436  628         0.80522225      4.29487945      0.61437615
2437  628         0.74772895      4.31442734      0.62031410
2438  628         0.71243840      4.34431183      0.65232252
2439  628         0.70344361      4.38317240      0.65920987
2440  628         0.70650935      4.44032452      0.64012872
2441  628         0.70100798      4.51668888      0.63745205
2442  628         0.70395702      4.58351984      0.65411923
2443  628         0.73282919      4.60958264      0.65466408
2444  628         0.77360439      4.60340019      0.61885752
2445  628         0.79915363      4.58031025      0.56679912
2446  628         0.80911266      4.55361239      0.52674174
2447  628         0.81558197      4.54692445      0.51149289
2448  628         0.85353207      4.56507304      0.49462889
2449  628         0.92869410      4.58121445      0.46342045
2450  628         0.99500493      4.58641391      0.41501378
2451  628         1.02865102      4.56554775      0.37014908
2452  628         1.04509869      4.51936077      0.33053744
2453  628         1.07796820      4.47703502      0.29769823
2454  628         1.13362378      4.45737324      0.26908175
2455  628         1.19248719      4.44719223      0.23957174
2456  628         1.23080041      4.42427603      0.23002411
2457  628         1.25881702      4.39661727      0.24891945
2458  628         1.27949860      4.40019667      0.28519366
2459  628         1.31952652      4.44290277      0.31390246
2460  628         1.36433122      4.51088741      0.31884297
2461  628         1.39060436      4.57965725      0.30165922
2462  628         1.40203368      4.62410581      0.28788960
2463  628         1.39865241      4.62532421      0.25409888
2464  628         1.37259652      4.57709083      0.19915213
2465  628         1.33032720      4.50503646      0.13367250
2466  628         1.29732130      4.45424820      0.09211899
2467  628         1.30363860      4.43120961      0.09045279
2468  628         1.37680508      4.41997016      0.10603375
2469  628         1.46167167      4.41968570      0.11790698
2470  628         1.51662163      4.42874292      0.12245803
2471  628         1.55631441      4.43555427      0.11117856
2472  628         1.61241274      4.42594127      0.07894801
2473  628         1.67352745      4.41595284      0.05672097
2474  628         1.69506761      4.40774913      0.06746330
2475  628         1.68742802      4.39665840      0.13163260
2476  628         1.69685805      4.37694825      0.22553583
2477  628         1.72792876      4.36086487      0.32154231
2478  628         1.74820202      4.34785653      0.36707409
2479  628         1.74912555      4.33712313      0.36346870
2480  628         1.74461912      4.32336460      0.33710359
2481  628         1.74806883      4.31591476      0.30662774
2482  628         1.74878038      4.32698993      0.28251324
2483  628         1.74057399      4.35563134      0.25946706
2484  628         1.71913936      4.38239345      0.25143649
2485  628         1.68924405      4.40182425      0.25672123
2486  628         1.61947188      4.42404169      0.27490128
2487  628         1.54829224      4.43746174      0.27581584
2488  628         1.53905157      4.42931755      0.24689933
2489  628         1.56416154      4.42192206      0.17672516
2490  628         1.58664821      4.42418012      0.08149772
2491  628         1.58416458      4.43739972     -0.00987138
2492  628         1.56568875      4.46990984     -0.06816339
2493  628         1.54547979      4.53062368     -0.07634795
2494  628         1.52438052      4.60980905     -0.05929676
2495  628         1.48887154      4.67686519     -0.03944030
2496  628         1.44757007      4.70882214     -0.03728255
2497  628         1.39842386      4.72468214     -0.04701329
2498  628         1.33652770      4.76083733     -0.06313546
2499  628         1.27183249      4.82836128     -0.05903705
2500  628         1.23306998      4.90587007     -0.03780590
2501  628         1.22378114      4.95639329     -0.02567511
2502  628         1.21175038      4.97028939     -0.01388426
2503  628         1.18074731      4.97094528      0.01748289
2504  628         1.13203644      4.98690309      0.07247505
2505  628         1.09115857      5.00548447      0.13347169
2506  628         1.06602487      5.00877280      0.16721158
2507  628         1.03676277      5.00988984      0.18044601
2508  628         0.98648029      5.02023906      0.19739532
2509  628         0.90576107      5.04304951      0.22214840
2510  628         0.83227021      5.06845581      0.22951355
2511  628         0.80337341      5.07453653      0.20322565
2512  628         0.83988704      5.05219233      0.17519999
2513  628         0.91508948      5.02216580      0.17712120
2514  628         1.00883918      4.99559481      0.19726600
2515  628         1.08488840      4.96843289      0.21268142
2516  628         1.11905582      4.94358172      0.23345496
2517  628         1.10176227      4.92472524      0.26832871
2518  628         1.05810489      4.90770202      0.29762238
2519  628         1.03197518      4.89850813      0.29726210
2520  628         1.01142520      4.89579790      0.26460196
2521  628         0.98077451      4.91941015      0.22298011
2522  628         0.96183329      4.98425656      0.17131189
2523  628         0.98685955      5.05864900      0.11266796
2524  628         1.04847651      5.11661482      0.05376847
2525  628         1.10248510      5.15717464      0.01881316
2526  628         1.13476169      5.18718011      0.01278047
2527  628         1.16894055      5.21292402      0.01378178
2528  628         1.19008353      5.24720336      0.02303855
2529  628         1.19048657      5.28031193      0.04086686
2530  628         1.15409980      5.30961447      0.06509524
2531  628         1.09681700      5.34600972      0.08013452
2532  628         1.04199563      5.38916808      0.06266466
2533  628         0.99575087      5.42562190      0.00274849
2534  628         0.96452028      5.44408077     -0.08313949
2535  628         0.95359304      5.44666867     -0.17340810
2536  628         0.96338894      5.44974027     -0.24865998
2537  628         0.97477610      5.46099022     -0.26479310
2538  628         0.98566939      5.48983404     -0.19822210
2539  628         1.00804989      5.49098805     -0.10620375
2540  628         1.04350897      5.44597188     -0.05996330
2541  628         1.08001429      5.38197262     -0.08524874
2542  628         1.11172319      5.33339435     -0.14684004
2543  628         1.13366322      5.30241744     -0.20219193
2544  628         1.14374926      5.29335831     -0.24036035
2545  628         1.12570134      5.31305711     -0.27097150
2546  628         1.08773973      5.34457501     -0.28261316
2547  628         1.05797270      5.36711835     -0.26985788
2548  628         1.03847841      5.39084956     -0.22475597
2549  628         1.01922309      5.43365358     -0.15628512
2550  628         0.98794903      5.47646955     -0.06706714
2551  628         0.96808130      5.51300604      0.02537768
2552  628         0.96427231      5.54859136      0.08929698
2553  628         0.96732837      5.60721935      0.10811635
2554  628         0.96519666      5.68520595      0.09061249
2555  628         0.95343755      5.78480913      0.05677273
2556  628         0.92764476      5.88259076      0.02474209
2557  628         0.89895820      5.95751286      0.01105569
2558  628         0.88657049      6.00731494      0.04081853
2559  628         0.87456290      6.04222206      0.10752910
2560  628         0.84721514      6.05876744      0.15575219
2561  628         0.80435467      6.06911785      0.16115846
2562  628         0.73794515      6.09146512      0.13927597
2563  628         0.65351069      6.11452696      0.10714203
2564  628         0.59009689      6.13017636      0.07282409
2565  628         0.58482964      6.14218951      0.07363761
2566  628         0.62614446      6.15681777      0.10063983
2567  628         0.64017466      6.16960644      0.13962752
2568  628         0.63654267      6.19225789      0.18617896
2569  628         0.62760615      6.23208563      0.21958351
2570  628         0.60511253      6.28011109      0.21809984
2571  628         0.55896260      6.31738096      0.20142249
2572  628         0.48953606      6.32893097      0.19853229
2573  628         0.42031472      6.31902170      0.20909339
2574  628         0.36029455      6.30800785      0.22905618
2575  628         0.31461235      6.29126232      0.26046965
2576  628         0.28288543      6.25622567      0.30120446
2577  628         0.27410644      6.21608166      0.33572937
2578  628         0.28689368      6.17540599      0.32932751
2579  628         0.27593141      6.14633397      0.28123549
2580  628         0.22838001      6.12182565      0.19815051
2581  628         0.17324932      6.09007239      0.12057486
2582  628         0.10286856      6.05169487      0.05434242
2583  628         0.03148269      6.01671708      0.00695130
2584  628        -0.03144639      5.98764260     -0.01213520
2585  628        -0.07301807      5.97551206     -0.04125916
2586  628        -0.08652234      5.96478025     -0.10434959
2587  628        -0.09937124      5.94514841     -0.18189867
2588  628        -0.10632702      5.92109145     -0.25081006
2589  628        -0.10995500      5.91637483     -0.30668700
2590  628        -0.11905158      5.92008055     -0.37350937
2591  628        -0.14938924      5.91235350     -0.48733467
2592  628        -0.21647430      5.88709845     -0.61500951
2593  628        -0.28800503      5.85708863     -0.70081962
2594  628        -0.33819333      5.81714415     -0.74541320
2595  628        -0.35129576      5.77011718     -0.79097759
2596  628        -0.31186649      5.73890698     -0.85061986
2597  628        -0.23601528      5.73056526     -0.92901510
2598  628        -0.16545393      5.73980370     -1.00776197
2599  628        -0.11737868      5.76946376     -1.09683243
2600  628        -0.10881119      5.81513496     -1.17177066
2601  628        -0.13208209      5.85417251     -1.21032627
2602  628        -0.17944436      5.87243113     -1.21197977
2603  628        -0.22970707      5.88288711     -1.20135465
2604  628        -0.25758848      5.91677430     -1.18572279
2605  628        -0.25499183      5.97271514     -1.17577649
2606  628        -0.20139367      6.02576231     -1.19066945
2607  628        -0.14235870      6.07142935     -1.22812127
2608  628        -0.10113724      6.12971601     -1.25862709
2609  628        -0.08751666      6.18291466     -1.28004509
2610  628        -0.07761443      6.23400904     -1.30598671
2611  628        -0.06815633      6.26895507     -1.33041034
2612  628        -0.07198969      6.29134543     -1.35335987
2613  628        -0.09316973      6.30686919     -1.36349158
2614  628        -0.11051399      6.31178721     -1.37545065
2615  628        -0.12202045      6.32754123     -1.38921734
2616  628        -0.14551788      6.37033182     -1.40526141
2617  628        -0.16302463      6.44301815     -1.41735004
2618  628        -0.16229627      6.49607925     -1.40937294
2619  628        -0.13516924      6.51453230     -1.37289094
2620  628        -0.12414833      6.50808742     -1.32377234
2621  628        -0.15019838      6.49696975     -1.27786309
2622  628        -0.20116313      6.48669365     -1.24301395
2623  628        -0.23593963      6.48218262     -1.21177132
2624  628        -0.25816660      6.48917166     -1.16435669
2625  628        -0.28635985      6.52192246     -1.09751501
2626  628        -0.31301144      6.57770915     -1.02681480
2627  628        -0.31533413      6.63445087     -0.97272455
2628  628        -0.28549669      6.69036961     -0.94492822
2629  628        -0.28786513      6.71045332     -0.95283676
2630  628        -0.34717138      6.70598068     -0.97728315
2631  628        -0.41602782      6.71422049     -1.01184562
2632  628        -0.42948628      6.74745260     -1.02677127
2633  628        -0.40405428      6.78845105     -1.00926774
2634  628        -0.36467616      6.82545458     -0.95961791
2635  628        -0.35508231      6.86412239     -0.91515768
2636  628        -0.34018976      6.91483522     -0.89381298
2637  628        -0.31073057      6.96004508     -0.87373449
2638  628        -0.26432588      6.99381388     -0.85229163
2639  628        -0.24606527      7.02993751     -0.83647710
2640  628        -0.27042143      7.05621480     -0.83991983
2641  628        -0.28364871      7.07906568     -0.83881397
2642  628        -0.29511833      7.10305877     -0.81930012
2643  628        -0.31298674      7.12659407     -0.80157171
2644  628        -0.35686547      7.14552771     -0.79268874
2645  628        -0.41118366      7.16443970     -0.78839825
2646  628        -0.45329920      7.18948425     -0.77144755
2647  628        -0.45955237      7.18962057     -0.74193730
2648  628        -0.43078067      7.17225163     -0.69302024
2649  628        -0.40838689      7.17775486     -0.63046376
2650  628        -0.41458276      7.21896513     -0.58081036
2651  628        -0.44760376      7.26832907     -0.59659382
2652  628        -0.48092555      7.31633920     -0.65058572
2653  628        -0.50998636      7.36707959     -0.71285710
2654  628        -0.52636904      7.41057165     -0.77134894
2655  628        -0.54502096      7.47648049     -0.82674285
2656  628        -0.55328168      7.54435341     -0.86911297
2657  628        -0.55919651      7.58301284     -0.87257205
2658  628        -0.56685068      7.57602392     -0.84320527
2659  628        -0.57091480      7.56502698     -0.80471525
2660  628        -0.57369160      7.58097514     -0.76548795
2661  628        -0.58958610      7.60910481     -0.71667262
2662  628        -0.60584978      7.62629122     -0.64932407
2663  628        -0.60002635      7.64603036     -0.56828093
2664  628        -0.57197069      7.69986301     -0.51147322
2665  628        -0.56723824      7.78874805     -0.49168430
2666  628        -0.60015831      7.88598532     -0.49766901
2667  628        -0.63836326      7.97374225     -0.51652917
2668  628        -0.67109802      8.02533600     -0.54236093
2669  628        -0.71651746      8.02429561     -0.56096803
2670  628        -0.76797111      8.00945263     -0.57191517
2671  628        -0.81592459      8.01224968     -0.58105103
2672  628        -0.85080717      8.04287255     -0.58413925
2673  628        -0.86168735      8.07948427     -0.58684844
2674  628        -0.85878121      8.09823432     -0.59515373
2675  628        -0.85056552      8.09179381     -0.59655748
2676  628        -0.84737049      8.06005016     -0.57166782
2677  628        -0.84589028      8.01786060     -0.51336146
2678  628        -0.83589006      7.96333953     -0.44016474
2679  628        -0.81616720      7.89663634     -0.37598971
2680  628        -0.78275804      7.83031457     -0.34215035
2681  628        -0.73890024      7.79732869     -0.34437744
2682  628        -0.68652416      7.81078564     -0.35112775
2683  628        -0.62082660      7.83988979     -0.34578309
2684  628        -0.54256708      7.85110358     -0.31635630
2685  628        -0.47768398      7.83565198     -0.26977029
2686  628        -0.47741016      7.80909115     -0.20482468
2687  628        -0.54575318      7.77930836     -0.13139991
2688  628        -0.62206970      7.74901745     -0.06256279
2689  628        -0.63843076      7.71381458     -0.01265486
2690  628        -0.57904449      7.67500812      0.01031881
2691  628        -0.50260318      7.65751265      0.01320656
2692  628        -0.44573623      7.65062516      0.01363701
2693  628        -0.42317413      7.64829806      0.00252528
2694  628        -0.42221261      7.64912006     -0.02070300
2695  628        -0.43708140      7.66187491     -0.04105555
2696  628        -0.48433930      7.68382383     -0.06382171
2697  628        -0.55349089      7.70002240     -0.07966349
2698  628        -0.60510874      7.72039547     -0.08883462
2699  628        -0.59993323      7.73333483     -0.09541728
2700  628        -0.53972457      7.73786374     -0.13042728
2701  628        -0.48818218      7.70702661     -0.21258195
2702  628        -0.48148047      7.64885309     -0.32076726
2703  628        -0.50879036      7.58309220     -0.45276424
2704  628        -0.53111567      7.54225268     -0.60721025
2705  628        -0.54813813      7.53986507     -0.75128613
2706  628        -0.56130422      7.57550877     -0.85097973
2707  628        -0.57637454      7.63614523     -0.91793509
2708  628        -0.59978279      7.69002352     -0.95410739
2709  628        -0.63612451      7.72336649     -0.97641910
2710  628        -0.66450702      7.72563319     -0.99226568
2711  628        -0.66322634      7.73218644     -1.00142874
2712  628        -0.65376614      7.76249960     -1.01968131
2713  628        -0.64527080      7.82207488     -1.06462213
2714  628        -0.63579375      7.89139474     -1.12926937
2715  628        -0.63536211      7.94441756     -1.20294958
2716  628        -0.66699327      7.97235982     -1.28539604
2717  628        -0.72148179      7.98420119     -1.37867322
2718  628        -0.78701356      7.99733095     -1.46785450
2719  628        -0.83319301      8.02132850     -1.55090920
2720  628        -0.84409721      8.06972584     -1.62392097
2721  628        -0.82105490      8.14113288     -1.69072499
2722  628        -0.78161470      8.23324128     -1.76212262
2723  628        -0.74998438      8.32848290     -1.81747867
2724  628        -0.74084824      8.41546164     -1.86328953
2725  628        -0.76909850      8.48885756     -1.90455014
2726  628        -0.83354494      8.53898532     -1.94043417
2727  628        -0.90393185      8.55193921     -1.97270881
2728  628        -0.94937979      8.55380048     -1.99701076
2729  628        -0.97527338      8.57378229     -1.99779001
2730  628        -0.99489440      8.60174162     -1.98035278
2731  628        -0.98976345      8.61977208     -1.96600612
2732  628        -0.95138956      8.59972563     -1.98476458
2733  628        -0.92769031      8.52876691     -2.04344447
2734  628        -0.94430648      8.43032771     -2.13908431
2735  628        -0.98525576      8.38028789     -2.26790595
2736  628        -1.03715615      8.40257620     -2.37212163
2737  628        -1.09476907      8.44784751     -2.43019138
2738  628        -1.15955512      8.48109474     -2.44330027
2739  628        -1.20875664      8.50355340     -2.44169671
2740  628        -1.22489355      8.51858285     -2.43720471
2741  628        -1.20276010      8.49884217     -2.45309198
2742  628        -1.17771491      8.44839471     -2.47744746
2743  628        -1.16739513      8.38242066     -2.47602613
2744  628        -1.14791746      8.31339035     -2.45004875
2745  628        -1.10618708      8.26333404     -2.42469809
2746  628        -1.04471408      8.24775104     -2.41800916
2747  628        -0.99775612      8.23274540     -2.40537965
2748  628        -0.98536538      8.19285336     -2.39017279
2749  628        -0.98481392      8.15186236     -2.36319324
2750  628        -0.96719013      8.12401376     -2.33064665
2751  628        -0.94247273      8.08509018     -2.29594437
2752  628        -0.91694752      8.02658057     -2.26019358
2753  628        -0.87206238      7.98117190     -2.20193600
2754  628        -0.80745644      7.95781646     -2.12694070
2755  628        -0.73948255      7.93417372     -2.04271021
2756  628        -0.69363119      7.88048800     -1.98117126
2757  628        -0.69160744      7.82573809     -1.96003161
2758  628        -0.69235620      7.80709122     -1.96974172
2759  628        -0.68381975      7.83295887     -1.98897448
2760  628        -0.65493143      7.86013134     -2.00108104
2761  628        -0.63278180      7.86375125     -1.99409370
2762  628        -0.61642389      7.85057428     -1.96537112
2763  628        -0.59888972      7.84586367     -1.95089246
2764  628        -0.57825190      7.85545570     -1.96428875
2765  628        -0.53620240      7.86532914     -1.98997452
2766  628        -0.51059023      7.87366414     -1.97888246
2767  628        -0.51690507      7.89422652     -1.93319580
2768  628        -0.53004765      7.94444986     -1.85917237
2769  628        -0.53752024      7.98920474     -1.79389872
2770  628        -0.54927485      8.00522605     -1.75025498
2771  628        -0.57523965      7.99598739     -1.72577259
2772  628        -0.61200133      7.99161908     -1.73382484
2773  628        -0.63194456      8.02121601     -1.75827405
2774  628        -0.63263495      8.07090477     -1.80025339
2775  628        -0.62971787      8.12389219     -1.82963029
2776  628        -0.65704341      8.17965027     -1.83833933
2777  628        -0.73062393      8.23984112     -1.80684781
2778  628        -0.82104678      8.30251974     -1.74984729
2779  628        -0.87591277      8.37320779     -1.69231123
2780  628        -0.87514869      8.46971680     -1.65199414
2781  628        -0.87929366      8.58156388     -1.62434508
2782  628        -0.92317789      8.69094125     -1.59244219
2783  628        -1.00352639      8.76892877     -1.55900894
2784  628        -1.08810139      8.81399700     -1.52101131
2785  628        -1.15929761      8.84556395     -1.49881547
2786  628        -1.21031699      8.86592051     -1.49994624
2787  628        -1.24000620      8.89021485     -1.51398905
2788  628        -1.24506519      8.90947421     -1.50897928
2789  628        -1.22846610      8.93599020     -1.49248890
2790  628        -1.20005669      8.96945826     -1.49320557
2791  628        -1.17168520      9.01535115     -1.53577929
2792  628        -1.16790501      9.04907157     -1.59268301
2793  628        -1.19563172      9.05675948     -1.65561926
2794  628        -1.25158277      9.03944307     -1.71304418
2795  628        -1.29234220      9.00501984     -1.72632728
2796  628        -1.31874848      8.99017524     -1.69758194
2797  628        -1.33856091      9.00673384     -1.65266416
2798  628        -1.35996740      9.06674211     -1.61863642
2799  628        -1.37539947      9.13989736     -1.58226831
2800  628        -1.38458881      9.21535313     -1.53009435
2801  628        -1.36933687      9.29832155     -1.44937713
2802  628        -1.31537023      9.37159489     -1.37396253
2803  628        -1.24387571      9.39274318     -1.34233140
2804  628        -1.15862157      9.33087453     -1.37927278
2805  628        -1.09430840      9.23200697     -1.45153621
2806  628        -1.03958945      9.15012744     -1.50306343
2807  628        -0.98439465      9.12537267     -1.51705976
2808  628        -0.92416407      9.15490813     -1.48288490
2809  628        -0.88030178      9.19881441     -1.41561519
2810  628        -0.85180481      9.23208995     -1.33005366
2811  628        -0.83577542      9.25306174     -1.26764721
2812  628        -0.82190266      9.26602961     -1.23911481
2813  628        -0.80943521      9.27946110     -1.22787080
2814  628        -0.78301771      9.28454677     -1.21960779
2815  628        -0.73295319      9.27273056     -1.22654259
2816  628        -0.69535334      9.24957446     -1.24916982
2817  628        -0.67342155      9.24145030     -1.26138660
2818  628        -0.63170159      9.27271520     -1.23880388
2819  628        -0.56446968      9.33183888     -1.17439603
2820  628        -0.50926682      9.38589414     -1.09760168
2821  628        -0.48025153      9.42121377     -1.05420045
2822  628        -0.46284145      9.42451997     -1.04506025
2823  628        -0.44261230      9.39614459     -1.02596910
2824  628        -0.41175547      9.34412637     -0.97224208
2825  628        -0.36595464      9.29894946     -0.90854998
2826  628        -0.30498348      9.27921210     -0.86056123
2827  628        -0.21901640      9.27387279     -0.82292077
2828  628        -0.12211075      9.28812513     -0.78465694
2829  628        -0.05630432      9.31777234     -0.74031449
2830  628        -0.05287946      9.34301690     -0.67973192
2831  628        -0.09510822      9.33701279     -0.59945992
2832  628        -0.12957539      9.31681461     -0.50431834
2833  628        -0.12440118      9.31330079     -0.41010921
2834  628        -0.09500397      9.33660491     -0.33637377
2835  628        -0.07564579      9.35934883     -0.29765779
2836  628        -0.06759226      9.37564619     -0.28223283
2837  628        -0.05146795      9.40516418     -0.26910365
2838  628        -0.00370639      9.45145399     -0.24882414
2839  628         0.06761046      9.51504425     -0.21341940
2840  628         0.14965220      9.55766882     -0.17479274
2841  628         0.21125018      9.58053502     -0.13363090
2842  628         0.25039268      9.59639013     -0.08350948
2843  628         0.26015259      9.62556840     -0.02313772
2844  628         0.27954333      9.67351538      0.05236251
2845  628         0.31674479      9.73139544      0.13302064
2846  628         0.36043598      9.78481519      0.21830213
2847  628         0.41107735      9.80879989      0.31136681
2848  628         0.45815589      9.80922718      0.40788515
2849  628         0.51516414      9.81550637      0.49350704
2850  628         0.58130018      9.86220521      0.53762596
2851  628         0.63293230      9.92494228      0.55766180
2852  628         0.67516645      9.97690369      0.56275999
2853  628         0.72104297     10.00671691      0.54676893
2854  628         0.76008562     10.02373714      0.51843472
2855  628         0.80314706     10.03841759      0.50779206
2856  628         0.85719269     10.04995454      0.51968178
2857  628         0.91043734     10.05855772      0.55144220
2858  628         0.92756005     10.07872279      0.60742031
2859  628         0.89624324     10.12146282      0.66970525
2860  628         0.82772701     10.17256290      0.70474342
2861  628         0.75746427     10.22076117      0.70464401
2862  628         0.71802876     10.26382053      0.69073873
2863  628         0.70507187     10.29145163      0.68005459
2864  628         0.70166076     10.28019019      0.65996894
2865  628         0.71164881     10.24443840      0.63426768
2866  628         0.75336970     10.21740204      0.61633036
2867  628         0.81267141     10.18870311      0.60413367
2868  628         0.85511366     10.15507831      0.62929743
2869  628         0.87211042     10.12297919      0.68791910
2870  628         0.87274723     10.10712025      0.76130537
2871  628         0.84998273     10.12085901      0.84413398
2872  628         0.83679842     10.16234606      0.90323512
2873  628         0.85044859     10.22288152      0.92710103
2874  628         0.88200472     10.27537043      0.93025166
2875  628         0.90651002     10.29997029      0.96078491
2876  628         0.89584065     10.29928196      1.01805355
2877  628         0.85320220     10.28228855      1.07486875
2878  628         0.80260255     10.26333883      1.08967231
2879  628         0.76099986     10.24492093      1.06384628
2880  628         0.73880551     10.23472777      1.02900446
2881  628         0.74867261     10.24326087      1.01197193
2882  628         0.78830790     10.27388959      1.00625219
2883  628         0.84086050     10.32116212      1.02496924
2884  628         0.87559286     10.38271287      1.06431760
2885  628         0.88026183     10.44473682      1.09708101
2886  628         0.86539414     10.49792261      1.11566786
2887  628         0.83837928     10.52567799      1.12151108
2888  628         0.79375389     10.51766986      1.12912673
2889  628         0.73780645     10.48367346      1.15312202
2890  628         0.71506473     10.44816334      1.19082412
2891  628         0.76771107     10.44287301      1.20792553
2892  628         0.86603078     10.47109251      1.20609613
2893  628         0.94561959     10.49434543      1.19564085
2894  628         0.98839520     10.49570741      1.18996941
2895  628         1.02995511     10.48788449      1.19932653
2896  628         1.08875220     10.47264841      1.22988782
2897  628         1.14880262     10.44093905      1.26058463
2898  628         1.20667977     10.39847142      1.28893264
2899  628         1.27782474     10.38089752      1.29998489
2900  628         1.36649317     10.40321729      1.29520239
2901  628         1.43653214     10.43436499      1.30689141
2902  628         1.43475326     10.46108761      1.35081880
2903  628         1.35832015     10.47971660      1.41675220
2904  628         1.27257689     10.49652459      1.49048354
2905  628         1.21886361     10.49258803      1.56469610
2906  628         1.19561798     10.46419284      1.61832684
2907  628         1.17737827     10.44310976      1.65242728
2908  628         1.14834302     10.45039997      1.66239544
2909  628         1.12378729     10.49127692      1.67041994
2910  628         1.11641866     10.53987883      1.68841252
2911  628         1.11654513     10.59717606      1.72331410
2912  628         1.10569998     10.64786038      1.75951672
2913  628         1.09455756     10.67032056      1.79899472
2914  628         1.09982333     10.67355026      1.83776635
2915  628         1.13471241     10.68609253      1.88379645
2916  628         1.17743334     10.71284089      1.92319433
2917  628         1.21285840     10.73662908      1.94422577
2918  628         1.22309748     10.72363109      1.96115559
2919  628         1.21450620     10.68543751      1.98208014
2920  628         1.19643468     10.64889614      2.00667499
2921  628         1.19024927     10.61303271      2.01253643
2922  628         1.18519148     10.57206154      2.00420867
2923  628         1.17130194     10.53183645      1.98618053
2924  628         1.15767837     10.50689919      1.96313905
2925  628         1.13963010     10.49336109      1.93260372
2926  628         1.12310122     10.48618956      1.90200569
2927  628         1.09700602     10.46443279      1.89216167
2928  628         1.06452580     10.43993115      1.92788225
2929  628         1.03395301     10.42238426      1.99227701
2930  628         1.02302121     10.41880636      2.05552342
2931  628         1.01873091     10.41140850      2.09662354
2932  628         1.00851809     10.39918216      2.12179764
2933  628         1.00861053     10.38582132      2.13694227
2934  628         1.03412027     10.36827751      2.14774713
2935  628         1.07725224     10.35346542      2.16918024
2936  628         1.11105673     10.32283674      2.19970973
2937  628         1.12850923     10.26351556      2.24144134
2938  628         1.11857512     10.18842582      2.29555309
2939  628         1.10236725     10.11814346      2.36545811
2940  628         1.08522052     10.06661981      2.43602766
2941  628         1.07810145     10.03244165      2.50662613
2942  769        -1.18427039     10.05047689      1.60849242
2943  769        -1.21528772     10.08447316      1.58666933
2944  769        -1.23750968     10.11205492      1.57047093
2945  769        -1.25029814     10.12531536      1.56996368
2946  769        -1.26900130     10.11692737      1.58565460
2947  769        -1.33495407     10.09238174      1.62712466
2948  769        -1.41658912     10.09271305      1.64892926
2949  769        -1.48456498     10.15040732      1.62574775
2950  769        -1.51868442     10.21930882      1.58234644
2951  769        -1.50780089     10.26440309      1.58874505
2952  769        -1.46298620     10.30407853      1.67016778
2953  769        -1.42871405     10.34974520      1.75817756
2954  769        -1.42637259     10.38551068      1.81026072
2955  769        -1.44193398     10.40921436      1.83160295
2956  769        -1.46542834     10.42458756      1.85304657
2957  769        -1.48446895     10.43975031      1.88810455
2958  769        -1.49139473     10.45119233      1.92245409
2959  769        -1.47145144     10.44443741      1.93626616
2960  769        -1.42978831     10.42544610      1.94712979
2961  769        -1.37240935     10.39781336      1.96871096
2962  769        -1.31088373     10.36603207      1.99310234
2963  769        -1.25149892     10.32092617      1.99813994
2964  769        -1.19349457     10.25503964      1.97928387
2965  769        -1.12370175     10.17622400      1.94389005
2966  769        -1.04176627     10.09520012      1.89929850
2967  769        -0.94995343     10.00946715      1.84314639
2968  769        -0.85701700      9.89268561      1.81083033
2969  769        -0.77185277      9.74130916      1.81368251
2970  769        -0.68870026      9.58675868      1.79273589
2971  769        -0.60980743      9.45390879      1.74406276
2972  769        -0.53729158      9.32778699      1.68837133
2973  769        -0.46914125      9.20108750      1.63091064
2974  769        -0.40283191      9.08020859      1.58073177
2975  769        -0.33977395      8.97376651      1.55593399
2976  769        -0.29191498      8.89271444      1.55832912
2977  769        -0.28018585      8.82423792      1.52986995
2978  769        -0.28819618      8.75287137      1.46232216
2979  769        -0.28714890      8.67036080      1.41572379
2980  769        -0.25691457      8.61227394      1.42043562
2981  769        -0.19948429      8.58123055      1.43805281
2982  769        -0.12253826      8.53626224      1.42477281
2983  769        -0.06979640      8.45933672      1.39402813
2984  769        -0.04188613      8.36380315      1.35403783
2985  769         0.00072412      8.28959079      1.29751563
2986  769         0.05973416      8.22384637      1.24566658
2987  769         0.11623211      8.15162109      1.19776807
2988  769         0.15605751      8.07783455      1.14318862
2989  769         0.18464589      8.04088826      1.08092970
2990  769         0.20413551      8.07609684      1.01267111
2991  769         0.20809617      8.13658621      0.94661858
2992  769         0.19569270      8.18895657      0.89178857
2993  769         0.18810663      8.22398905      0.85576064
2994  769         0.19186959      8.21256898      0.83940333
2995  769         0.20585970      8.17750590      0.84365621
2996  769         0.22756329      8.14658403      0.85001763
2997  769         0.23870950      8.15211297      0.84616374
2998  769         0.22213297      8.17867381      0.81915733
2999  769         0.18547057      8.21995388      0.75908895
3000  769         0.14900071      8.26751871      0.67611769
3001  769         0.12108777      8.30412257      0.61123542
3002  769         0.09279444      8.31365539      0.57692993
3003  769         0.07668387      8.30493896      0.56442565
3004  769         0.07977747      8.30288403      0.56493104
3005  769         0.10820301      8.32100097      0.56333327
3006  769         0.13897349      8.35388524      0.58580961
3007  769         0.15484351      8.38715759      0.62843348
3008  769         0.15061515      8.42910336      0.66921288
3009  769         0.11927364      8.47556680      0.69437159
3010  769         0.05037418      8.49946452      0.71217349
3011  769        -0.03893177      8.49256640      0.72274734
3012  769        -0.09618820      8.50958178      0.72226915
3013  769        -0.10303799      8.56666701      0.72820652
3014  769        -0.08937084      8.62542245      0.75223234
3015  769        -0.10044109      8.65949482      0.78756252
3016  769        -0.12636644      8.67538947      0.79443452
3017  769        -0.15547502      8.70111325      0.77733831
3018  769        -0.19447756      8.74247063      0.75533738
3019  769        -0.23757619      8.78223728      0.73989717
3020  769        -0.27212338      8.80361456      0.71553785
3021  769        -0.30582210      8.79856044      0.69575496
3022  769        -0.33483866      8.78869269      0.70629493
3023  769        -0.33478196      8.82157982      0.75232426
3024  769        -0.30029313      8.90839484      0.81383675
3025  769        -0.26436821      9.00990167      0.85471808
3026  769        -0.25364967      9.07127076      0.85753485
3027  769        -0.28086704      9.08645336      0.82391278
3028  769        -0.32584009      9.06183906      0.76518818
3029  769        -0.35627118      9.02478615      0.71389548
3030  769        -0.36194058      8.99518531      0.69989181
3031  769        -0.34742574      8.99381036      0.70480233
3032  769        -0.32892615      9.01854967      0.71373452
3033  769        -0.30229155      9.04946952      0.71620153
3034  769        -0.28525883      9.08036601      0.70540238
3035  769        -0.28644923      9.11155533      0.69583541
3036  769        -0.29819237      9.14667416      0.69712622
3037  769        -0.30640058      9.17609976      0.69517258
3038  769        -0.30064192      9.18333369      0.66154774
3039  769        -0.27938191      9.16863358      0.61819429
3040  769        -0.24730095      9.13610977      0.59554687
3041  769        -0.21052716      9.09919558      0.59993979
3042  769        -0.16535001      9.05976382      0.61846822
3043  769        -0.12664355      9.03499352      0.64149304
3044  769        -0.11801471      9.03059972      0.64859906
3045  769        -0.12276916      9.04082373      0.63940438
3046  769        -0.12166614      9.06090789      0.62534118
3047  769        -0.09613770      9.07802158      0.60579607
3048  769        -0.05464456      9.09158626      0.56890640
3049  769        -0.03324647      9.07910363      0.50468203
3050  769        -0.05494324      9.02041560      0.45188286
3051  769        -0.10864007      8.95220470      0.43476105
3052  769        -0.16775334      8.90913782      0.44750636
3053  769        -0.21198147      8.88544475      0.44268014
3054  769        -0.25381242      8.86417355      0.39710864
3055  769        -0.29664548      8.84523333      0.34103487
3056  769        -0.31793449      8.84063536      0.28382963
3057  769        -0.31620740      8.84765124      0.20692677
3058  769        -0.30615853      8.84407656      0.10698741
3059  769        -0.30833271      8.83392344      0.02324223
3060  769        -0.31690710      8.83080880     -0.01902827
3061  769        -0.33559210      8.84537397     -0.02278169
3062  769        -0.36667313      8.86663659     -0.00137104
3063  769        -0.38110964      8.87324042      0.02804577
3064  769        -0.36110469      8.87517616      0.05339669
3065  769        -0.29887660      8.90013159      0.05656352
3066  769        -0.21452198      8.95594109      0.04281752
3067  769        -0.13007120      9.02266476      0.01744653
3068  769        -0.07821893      9.09749874      0.01575057
3069  769        -0.06618301      9.17767840      0.03624532
3070  769        -0.08442137      9.24019714      0.06137302
3071  769        -0.11908109      9.25091875      0.05020004
3072  769        -0.14871593      9.22405135      0.01278248
3073  769        -0.13940711      9.20757638     -0.03117333
3074  769        -0.07798281      9.21418079     -0.06944186
3075  769         0.01218855      9.23115770     -0.08558283
3076  769         0.10360646      9.24364601     -0.09213307
3077  769         0.18585266      9.26533868     -0.11622233
3078  769         0.25523738      9.30156561     -0.15276836
3079  769         0.29427732      9.36441722     -0.17488970
3080  769         0.29903966      9.44067459     -0.18141157
3081  769         0.25990787      9.51216721     -0.19922524
3082  769         0.19721298      9.55519339     -0.24932262
3083  769         0.11607333      9.55906107     -0.30610050
3084  769         0.05190008      9.53498358     -0.33756756
3085  769         0.03780707      9.50019939     -0.35237279
3086  769         0.06837542      9.47457421     -0.37340659
3087  769         0.12367295      9.46009101     -0.38911286
3088  769         0.15822530      9.45785971     -0.37494368
3089  769         0.14556551      9.45712309     -0.34233967
3090  769         0.10824480      9.45653858     -0.30737583
3091  769         0.08032726      9.44171711     -0.26793347
3092  769         0.06123264      9.41165357     -0.24121781
3093  769         0.05898331      9.36199812     -0.22791376
3094  769         0.10062933      9.30794079     -0.24575674
3095  769         0.17655606      9.25781733     -0.28761172
3096  769         0.23248762      9.21174138     -0.34381776
3097  769         0.26457910      9.16802308     -0.38461334
3098  769         0.29146467      9.13261782     -0.40077239
3099  769         0.30242207      9.11620642     -0.39612489
3100  769         0.29323461      9.11981959     -0.39887304
3101  769         0.28824947      9.13365011     -0.42093903
3102  769         0.32554254      9.13984694     -0.42778753
3103  769         0.39313285      9.14175487     -0.40619912
3104  769         0.46456662      9.14129954     -0.35957817
3105  769         0.52417042      9.13342098     -0.31505719
3106  769         0.58790332      9.12553704     -0.28743836
3107  769         0.65202475      9.11877383     -0.28737924
3108  769         0.69809842      9.12470780     -0.31704874
3109  769         0.72900330      9.17466837     -0.36157431
3110  769         0.75530542      9.25426555     -0.41080943
3111  769         0.80048454      9.31620994     -0.47470832
3112  769         0.86516380      9.33481456     -0.53529703
3113  769         0.94526430      9.31385578     -0.58735482
3114  769         0.99791003      9.28612441     -0.61742184
3115  769         1.03022712      9.27099659     -0.63130647
3116  769         1.04470100      9.26152147     -0.64696270
3117  769         1.03161284      9.24490706     -0.65614898
3118  769         0.99118499      9.23086267     -0.66595803
3119  769         0.96444196      9.21583182     -0.67999890
3120  769         0.98942051      9.21412744     -0.68767206
3121  769         1.05289201      9.21860149     -0.67935731
3122  769         1.12121945      9.21205909     -0.67239052
3123  769         1.15008580      9.21515401     -0.67771317
3124  769         1.13820486      9.24606635     -0.70033275
3125  769         1.11086322      9.30224538     -0.72322386
3126  769         1.07659126      9.34277520     -0.73331102
3127  769         1.01981004      9.34079719     -0.72702766
3128  769         0.96181200      9.30304477     -0.72343681
3129  769         0.94707497      9.25268702     -0.72544770
3130  769         0.97307601      9.21188901     -0.74351599
3131  769         0.99441818      9.16270292     -0.78092287
3132  769         0.98096900      9.13011629     -0.80990406
3133  769         0.95896131      9.11333163     -0.81997255
3134  769         0.95509457      9.09946314     -0.80052783
3135  769         0.95277944      9.08800912     -0.75283524
3136  769         0.92766504      9.08605138     -0.68097565
3137  769         0.91074078      9.10217574     -0.59718990
3138  769         0.93950169      9.12023788     -0.51001875
3139  769         1.01820838      9.13506820     -0.43393884
3140  769         1.11432536      9.13381313     -0.38961120
3141  769         1.19013633      9.11073624     -0.36308951
3142  769         1.24059635      9.05354251     -0.33188983
3143  769         1.27166001      8.95559779     -0.29841881
3144  769         1.29450070      8.85408057     -0.29688931
3145  769         1.33672136      8.79517397     -0.32851724
3146  769         1.40252491      8.75647056     -0.36612983
3147  769         1.48028484      8.69950418     -0.36738003
3148  769         1.55643071      8.63624633     -0.32808554
3149  769         1.62540462      8.59611018     -0.26328734
3150  769         1.67324485      8.57278411     -0.21593358
3151  769         1.70225841      8.53174366     -0.16858928
3152  769         1.71395313      8.47895564     -0.11041114
3153  769         1.72002558      8.44325143     -0.07522908
3154  769         1.73671175      8.43643534     -0.09721130
3155  769         1.75874530      8.41219567     -0.15664660
3156  769         1.77697538      8.38656629     -0.20345977
3157  769         1.77620081      8.37792620     -0.22940416
3158  769         1.78887021      8.38948975     -0.22381790
3159  769         1.82459632      8.39946668     -0.21400811
3160  769         1.84767869      8.38427623     -0.22536444
3161  769         1.86098189      8.34964819     -0.25867406
3162  769         1.89146736      8.31320274     -0.29584904
3163  769         1.93716196      8.28583246     -0.32979342
3164  769         1.95847531      8.25484763     -0.36205622
3165  769         1.94415429      8.23667331     -0.40132590
3166  769         1.91612673      8.22639616     -0.42843950
3167  769         1.87396691      8.22066575     -0.42663767
3168  769         1.81861015      8.21364183     -0.41933996
3169  769         1.77238682      8.21556848     -0.42899618
3170  769         1.77323693      8.21977916     -0.45122370
3171  769         1.80613591      8.22005704     -0.46370810
3172  769         1.82383577      8.20941328     -0.46206447
3173  769         1.83431403      8.17950015     -0.44550734
3174  769         1.85653896      8.12982912     -0.42370108
3175  769         1.87480358      8.07515460     -0.41492622
3176  769         1.88237115      8.02834901     -0.40334874
3177  769         1.88656676      7.99136175     -0.36470883
3178  769         1.90909309      7.96371719     -0.30461610
3179  769         1.94536140      7.94451985     -0.26388079
3180  769         1.99608280      7.93552048     -0.26094127
3181  769         2.05803929      7.90952958     -0.25548141
3182  769         2.11290444      7.86184454     -0.22565030
3183  769         2.13901818      7.81759044     -0.18721568
3184  769         2.15329770      7.80653378     -0.14237635
3185  769         2.19594858      7.80381380     -0.06920267
3186  769         2.24821443      7.77023563      0.02776035
3187  769         2.27278986      7.71583445      0.11650396
3188  769         2.27157201      7.65727654      0.18545110
3189  769         2.25161927      7.59496435      0.24577593
3190  769         2.24055281      7.56077027      0.28659395
3191  769         2.24494396      7.57974270      0.29387865
3192  769         2.25550756      7.63433939      0.29416933
3193  769         2.25941094      7.69339822      0.30354787
3194  769         2.23792702      7.72268797      0.30775194
3195  769         2.18067296      7.70922451      0.30866125
3196  769         2.11495552      7.66688714      0.32669040
3197  769         2.04319391      7.61747864      0.36432690
3198  769         1.97117985      7.59159072      0.41779015
3199  769         1.91833363      7.58836332      0.45066506
3200  769         1.90591746      7.60463198      0.43749326
3201  769         1.93320927      7.63787983      0.38270368
3202  769         1.96640537      7.67995036      0.32386275
3203  769         1.95469013      7.70052749      0.29945319
3204  769         1.90304988      7.67456419      0.31782021
3205  769         1.83856238      7.64192705      0.33361500
3206  769         1.78769260      7.60967519      0.34309939
3207  769         1.76161653      7.58117045      0.35945981
3208  769         1.75644970      7.56544885      0.36658866
3209  769         1.77794098      7.59397512      0.35134244
3210  769         1.80459831      7.64373920      0.32948407
3211  769         1.82294572      7.70903333      0.32877355
3212  769         1.82535871      7.77736337      0.34613524
3213  769         1.79712896      7.81984155      0.37268739
3214  769         1.74645187      7.82387335      0.38718193
3215  769         1.68375361      7.78961614      0.38721286
3216  769         1.60974386      7.74184001      0.38747963
3217  769         1.53143586      7.70562665      0.38592758
3218  769         1.47492490      7.69424725      0.35391046
3219  769         1.45632142      7.68830475      0.29008401
3220  769         1.47255252      7.69785473      0.21583020
3221  769         1.47986626      7.72197255      0.16236569
3222  769         1.46614307      7.77098869      0.13914907
3223  769         1.45447980      7.83709783      0.12086365
3224  769         1.47121737      7.91043201      0.11330155
3225  769         1.51320279      7.97956171      0.11845350
3226  769         1.54441897      8.04260202      0.12893334
3227  769         1.56471697      8.10750380      0.15584457
3228  769         1.58435040      8.16433566      0.17500011
3229  769         1.59252336      8.19188907      0.15463716
3230  769         1.55974542      8.17896238      0.09269130
3231  769         1.50851339      8.16951432      0.03072731
3232  769         1.47986535      8.18859590     -0.03358663
3233  769         1.49834040      8.24698542     -0.10282762
3234  769         1.52165042      8.31020100     -0.14179325
3235  769         1.51941827      8.34581423     -0.13823142
3236  769         1.49178685      8.35622840     -0.10636905
3237  769         1.46969021      8.35392262     -0.07634631
3238  769         1.50318075      8.38322858     -0.08763240
3239  769         1.57184455      8.43284070     -0.13331180
3240  769         1.63934645      8.48806791     -0.18114453
3241  769         1.65612410      8.52268326     -0.22181180
3242  769         1.62467810      8.51697489     -0.24122046
3243  769         1.57719260      8.49289145     -0.27946173
3244  769         1.53456864      8.46797470     -0.33627649
3245  769         1.48246047      8.44805642     -0.38251418
3246  769         1.42051074      8.43253325     -0.40048519
3247  769         1.37037873      8.43856546     -0.41134681
3248  769         1.34711142      8.46848183     -0.43151494
3249  769         1.32156930      8.50626212     -0.43652153
3250  769         1.27350727      8.52991077     -0.42290292
3251  769         1.21633553      8.53409347     -0.39981003
3252  769         1.16135856      8.52888247     -0.38320011
3253  769         1.11082811      8.51597531     -0.36857924
3254  769         1.05242800      8.49297805     -0.36546280
3255  769         0.98353722      8.45306723     -0.37305261
3256  769         0.91626851      8.39482900     -0.39425784
3257  769         0.87419674      8.33962701     -0.41360821
3258  769         0.85911129      8.33620176     -0.39970047
3259  769         0.87244259      8.39329707     -0.34893540
3260  769         0.89362951      8.44462651     -0.30226702
3261  769         0.89818320      8.46192450     -0.27722479
3262  769         0.89115614      8.47649652     -0.25726982
3263  769         0.87471264      8.52468899     -0.24566049
3264  769         0.85388747      8.57773676     -0.22570738
3265  769         0.81004989      8.60187873     -0.21478604
3266  769         0.75562080      8.61419472     -0.19831845
3267  769         0.70543879      8.65091161     -0.17904952
3268  769         0.66997746      8.70644999     -0.15106821
3269  769         0.65752868      8.75032006     -0.09996965
3270  769         0.65747069      8.77041303     -0.03405538
3271  769         0.66084046      8.76402550      0.03565339
3272  769         0.68678651      8.74867797      0.08145260
3273  769         0.73520482      8.72201843      0.09844684
3274  769         0.78047076      8.67781755      0.09631511
3275  769         0.80798574      8.63834366      0.10862634
3276  769         0.84634370      8.60592362      0.15530021
3277  769         0.88512364      8.56246826      0.22433604
3278  769         0.91101039      8.52491556      0.29278104
3279  769         0.91588392      8.50310506      0.35091349
3280  769         0.90483379      8.48390554      0.38696364
3281  769         0.87812289      8.47199461      0.42993694
3282  769         0.85986970      8.47267338      0.46489044
3283  769         0.83998626      8.48519911      0.45932384
3284  769         0.77354562      8.46423206      0.44490183
3285  769         0.67076090      8.40205544      0.44145015
3286  769         0.56529117      8.34421322      0.46496430
3287  769         0.47819154      8.32676800      0.51309362
3288  769         0.42788841      8.32389704      0.59087985
3289  769         0.41108749      8.30188613      0.69599928
3290  769         0.39589254      8.26242686      0.81008266
3291  769         0.37249336      8.20882408      0.90886133
3292  769         0.34618216      8.14701896      0.99038215
3293  769         0.32368162      8.08625448      1.05662309
3294  769         0.28461910      8.05355735      1.09218077
3295  769         0.22716105      8.04584852      1.08899264
3296  769         0.16155545      8.04274678      1.07360152
3297  769         0.10629194      8.04567619      1.07104356
3298  769         0.07009760      8.06638977      1.08758464
3299  769         0.05450254      8.09748580      1.11705670
3300  769         0.04168288      8.11960644      1.14196573
3301  769         0.01810183      8.11824051      1.13957791
3302  769        -0.01740248      8.08904996      1.11941464
3303  769        -0.04946282      8.03512205      1.09453933
3304  769        -0.07326476      7.97258357      1.09560687
3305  769        -0.08762680      7.91916309      1.13500139
3306  769        -0.07829509      7.87491618      1.18625791
3307  769        -0.04896298      7.83024645      1.21362697
3308  769        -0.03743895      7.77957986      1.19427443
3309  769        -0.05336757      7.72091284      1.11615869
3310  769        -0.07995498      7.64905294      1.00510272
3311  769        -0.10913708      7.57274152      0.92187760
3312  769        -0.10448806      7.50541303      0.89673725
3313  769        -0.05405635      7.45113225      0.89903460
3314  769         0.00667981      7.40747008      0.89141716
3315  769         0.03719463      7.37565635      0.87699828
3316  769         0.03782263      7.36590837      0.87209809
3317  769         0.03204256      7.35812762      0.88870323
3318  769         0.00957036      7.32146196      0.92618349
3319  769        -0.03420215      7.26959426      0.96716427
3320  769        -0.08796326      7.23425976      0.98573488
3321  769        -0.13575097      7.22056612      0.97230733
3322  769        -0.18391637      7.20764198      0.95614034
3323  769        -0.23587283      7.19976270      0.96800043
3324  769        -0.28566542      7.20296092      1.01677951
3325  769        -0.32395288      7.21109442      1.08756642
3326  769        -0.34796161      7.21342013      1.16030763
3327  769        -0.36770778      7.20657674      1.23091875
3328  769        -0.35996749      7.21261050      1.29548057
3329  769        -0.34049506      7.25209262      1.34951526
3330  769        -0.33209586      7.30381240      1.39662023
3331  769        -0.36374416      7.33083041      1.43100563
3332  769        -0.41367074      7.34707784      1.46673343
3333  769        -0.45868051      7.37033058      1.51069179
3334  769        -0.48237813      7.40321219      1.55775673
3335  769        -0.50197300      7.43186958      1.59842995
3336  769        -0.52701907      7.45274872      1.63795220
3337  769        -0.54478018      7.48227946      1.66979933
3338  769        -0.55609126      7.52824969      1.68295076
3339  769        -0.56380416      7.57292916      1.66869504
3340  769        -0.56274910      7.57032623      1.65422514
3341  769        -0.54610269      7.52175062      1.66289879
3342  769        -0.51811500      7.44101499      1.68639148
3343  769        -0.49819220      7.38015895      1.71162511
3344  769        -0.49632828      7.35385213      1.70200763
3345  769        -0.51908560      7.36175802      1.65521289
3346  769        -0.55990507      7.39715144      1.60737944
3347  769        -0.60104423      7.42481846      1.58199007
3348  769        -0.62434675      7.42346986      1.56818372
3349  769        -0.61967130      7.40955815      1.55963909
3350  769        -0.61530219      7.42220817      1.56255455
3351  769        -0.61762909      7.44715237      1.57928982
3352  769        -0.62239502      7.46304376      1.60492075
3353  769        -0.61550868      7.48115244      1.62435862
3354  769        -0.59855653      7.50575959      1.62687756
3355  769        -0.58723707      7.52276346      1.60709766
3356  769        -0.59283642      7.51966705      1.59043987
3357  769        -0.59640326      7.48929186      1.59204412
3358  769        -0.58700300      7.45638548      1.59511729
3359  769        -0.57064295      7.42544586      1.59285825
3360  769        -0.55534408      7.38079343      1.57078245
3361  769        -0.54466276      7.31457375      1.54606630
3362  769        -0.53923232      7.23557169      1.52296068
3363  769        -0.55198335      7.14752809      1.49103704
3364  769        -0.55741293      7.06254587      1.44540453
3365  769        -0.55817383      7.00190318      1.37517616
3366  769        -0.56538525      6.95827623      1.28657040
3367  769        -0.58486356      6.91069316      1.21930787
3368  769        -0.60566111      6.83710439      1.18059616
3369  769        -0.63013819      6.75343740      1.14990982
3370  769        -0.65315557      6.66381137      1.11296684
3371  769        -0.66800172      6.55533694      1.06523080
3372  769        -0.67413735      6.43654384      1.00979605
3373  769        -0.65848409      6.33957491      0.93970930
3374  769        -0.63949042      6.25373105      0.83183610
3375  769        -0.61153891      6.15167078      0.72083156
3376  769        -0.58472743      6.02799344      0.65715917
3377  769        -0.58094788      5.89301100      0.61179345
3378  769        -0.59920863      5.77075920      0.57661408
3379  769        -0.60878541      5.66545850      0.55362573
3380  769        -0.60931824      5.58698315      0.53025287
3381  769        -0.62644459      5.52917307      0.49546840
3382  769        -0.66207734      5.47641406      0.45750442
3383  769        -0.68773536      5.41085432      0.41951428
3384  769        -0.69293099      5.33305554      0.38650217
3385  769        -0.69188813      5.24519960      0.33819721
3386  769        -0.69744071      5.15940067      0.29376879
3387  769        -0.70288766      5.09106459      0.28099911
3388  769        -0.69360318      5.05467618      0.29206046
3389  769        -0.66177519      5.03927986      0.30482296
3390  769        -0.61646416      5.03600583      0.32212747
3391  769        -0.58623649      5.04412355      0.35364265
3392  769        -0.60027132      5.06359263      0.38146575
3393  769        -0.65326067      5.10013209      0.40660328
3394  769        -0.69427953      5.13246783      0.41416222
3395  769        -0.69977287      5.14417992      0.41066795
3396  769        -0.67874932      5.14430132      0.40532256
3397  769        -0.67154498      5.14298491      0.41519630
3398  769        -0.68405848      5.13359210      0.42837107
3399  769        -0.69784704      5.11079535      0.42396512
3400  769        -0.70888498      5.09677917      0.40425668
3401  769        -0.72521691      5.11253688      0.38061001
3402  769        -0.75341523      5.17621479      0.37624888
3403  769        -0.77808837      5.26002697      0.37954669
3404  769        -0.78958047      5.32036365      0.37216159
3405  769        -0.80474927      5.34335619      0.34387398
3406  769        -0.82181712      5.34714259      0.30231768
3407  769        -0.82056995      5.34387019      0.24677603
3408  769        -0.80145500      5.32067915      0.19565811
3409  769        -0.78984974      5.28578147      0.16117262
3410  769        -0.79956946      5.25409169      0.12957034
3411  769        -0.82378217      5.25947411      0.09107866
3412  769        -0.84703903      5.29546107      0.03427733
3413  769        -0.86803141      5.33871885     -0.03609509
3414  769        -0.89190270      5.36238699     -0.10849373
3415  769        -0.90839550      5.37368334     -0.16412457
3416  769        -0.90007125      5.38173178     -0.21950940
3417  769        -0.86762408      5.37965920     -0.27566864
3418  769        -0.82974197      5.35549817     -0.32144269
3419  769        -0.79910956      5.34039125     -0.34536214
3420  769        -0.77523176      5.34793724     -0.36946918
3421  769        -0.78042834      5.38301633     -0.40376081
3422  769        -0.81774578      5.40962474     -0.43769708
3423  769        -0.86692205      5.40535433     -0.45972887
3424  769        -0.91615809      5.37734745     -0.46061566
3425  769        -0.95390537      5.31516868     -0.43897171
3426  769        -0.98019128      5.21770475     -0.40422375
3427  769        -0.99514812      5.11558209     -0.37805680
3428  769        -1.00267399      5.06338334     -0.38574785
3429  769        -0.98748197      5.08328367     -0.44671515
3430  769        -0.95824802      5.15189342     -0.53116023
3431  769        -0.94430718      5.21930124     -0.62383784
3432  769        -0.94523966      5.25506603     -0.72145936
3433  769        -0.94288576      5.24330776     -0.81655255
3434  769        -0.93668708      5.19352593     -0.91396168
3435  769        -0.93440693      5.13741087     -1.00039929
3436  769        -0.90863159      5.11000097     -1.08084941
3437  769        -0.86675756      5.09999052     -1.13145083
3438  769        -0.84876469      5.07338117     -1.15976958
3439  769        -0.87574086      5.04995252     -1.17678515
3440  769        -0.91127806      5.02012863     -1.19534863
3441  769        -0.91332335      4.97958449     -1.21223659
3442  769        -0.87717792      4.91685808     -1.23870844
3443  769        -0.84276999      4.86077324     -1.28314547
3444  769        -0.81711864      4.83616608     -1.33101153
3445  769        -0.75785376      4.86382142     -1.38803146
3446  769        -0.68159122      4.94317713     -1.46234896
3447  769        -0.61722959      5.04889729     -1.54082934
3448  769        -0.57048746      5.14463944     -1.59529249
3449  769        -0.54879405      5.19754320     -1.63120233
3450  769        -0.52689152      5.22385421     -1.65926199
3451  769        -0.52877721      5.26655286     -1.66705631
3452  769        -0.55119002      5.31181621     -1.66666857
3453  769        -0.57359229      5.32130053     -1.69055739
3454  769        -0.56823616      5.28709635     -1.72528082
3455  694        -1.84768307      7.14353097     -0.72886586
3456  694        -1.90118580      7.08810869     -0.74420578
3457  694        -1.93679323      7.02731312     -0.73716379
3458  694        -1.96950252      6.98575405     -0.68978731
3459  694        -1.99206161      6.94567824     -0.60930439
3460  694        -1.99223560      6.88593625     -0.52253881
3461  694        -1.98117602      6.81088678     -0.45474983
3462  694        -1.96504685      6.75832040     -0.41646976
3463  694        -1.93603132      6.74636082     -0.41554607
3464  694        -1.91295054      6.76509720     -0.45168886
3465  694        -1.90964620      6.81094147     -0.50262710
3466  694        -1.92626267      6.88343761     -0.55378380
3467  694        -1.95772865      6.96425042     -0.61037772
3468  694        -1.99253946      7.01368230     -0.65300621
3469  694        -2.02639251      7.04134487     -0.64800983
3470  694        -2.05234252      7.04254318     -0.60884616
3471  694        -2.03516050      7.02899981     -0.55360635
3472  694        -1.97873025      7.02743017     -0.52205723
3473  694        -1.93853770      7.04257009     -0.53707658
3474  694        -1.93484144      7.06631503     -0.59105571
3475  694        -1.95218093      7.09729283     -0.63953374
3476  694        -1.96714631      7.14282034     -0.66069580
3477  694        -1.96994572      7.16844144     -0.68135319
3478  694        -1.94483193      7.13459791     -0.71609175
3479  694        -1.89892451      7.04590551     -0.75171215
3480  694        -1.86125312      6.95365653     -0.77537082
3481  694        -1.85449551      6.90600802     -0.78489939
3482  694        -1.85982415      6.89250129     -0.79327221
3483  694        -1.85431313      6.89186583     -0.80294318
3484  694        -1.83824799      6.89146476     -0.79592257
3485  694        -1.82102125      6.89249487     -0.76762220
3486  694        -1.81203143      6.87680286     -0.73090634
3487  694        -1.78329028      6.82932794     -0.70558095
3488  694        -1.73650693      6.74878975     -0.70385076
3489  694        -1.69219127      6.64322017     -0.73508721
3490  694        -1.67964810      6.54440723     -0.79108362
3491  694        -1.70350151      6.48353203     -0.83952923
3492  694        -1.75226104      6.45630504     -0.84969748
3493  694        -1.79147549      6.45555988     -0.80862922
3494  694        -1.80489798      6.46663694     -0.74029751
3495  694        -1.79650902      6.48130541     -0.66797317
3496  694        -1.77602812      6.50528362     -0.62695566
3497  694        -1.75608316      6.53354469     -0.62968139
3498  694        -1.75477532      6.55605655     -0.66568031
3499  694        -1.77006849      6.55139691     -0.72061095
3500  694        -1.77559469      6.52581165     -0.75527839
3501  694        -1.78859104      6.49351573     -0.73350947
3502  694        -1.82670966      6.46935986     -0.67135917
3503  694        -1.87627708      6.47752362     -0.63309570
3504  694        -1.92065753      6.49456646     -0.63779411
3505  694        -1.96220914      6.49841295     -0.65676363
3506  694        -2.00372435      6.49033419     -0.67828796
3507  694        -2.02404024      6.49004810     -0.70876174
3508  694        -2.00145541      6.49914487     -0.76289730
3509  694        -1.95277634      6.48493676     -0.83773272
3510  694        -1.91952054      6.44014608     -0.91005004
3511  694        -1.89718154      6.38855387     -0.93653280
3512  694        -1.89695726      6.35552597     -0.93312540
3513  694        -1.94091966      6.33837922     -0.93670280
3514  694        -2.02909202      6.34168536     -0.96769915
3515  694        -2.09773945      6.35355191     -0.99969504
3516  694        -2.12218342      6.36921145     -1.04391617
3517  694        -2.11133653      6.38622137     -1.10193254
3518  694        -2.09176112      6.37873154     -1.16446411
3519  694        -2.07983954      6.34178743     -1.21021907
3520  694        -2.05038095      6.30124460     -1.23353983
3521  694        -2.00804482      6.25499562     -1.23804111
3522  694        -1.98193321      6.18632587     -1.21851757
3523  694        -1.97869154      6.10988479     -1.19131656
3524  694        -1.96088123      6.05632165     -1.17239656
3525  694        -1.92452034      6.02606966     -1.18515267
3526  694        -1.88659491      5.99808591     -1.21189949
3527  694        -1.88809400      5.97667313     -1.24588200
3528  694        -1.92764724      5.95433760     -1.26963077
3529  694        -1.94313094      5.93630553     -1.28918419
3530  694        -1.89992281      5.91948422     -1.30331624
3531  694        -1.84797183      5.91474168     -1.30021649
3532  694        -1.81979167      5.92030363     -1.26221531
3533  694        -1.81682936      5.93305302     -1.21488384
3534  694        -1.81888615      5.94380779     -1.17135560
3535  694        -1.82922804      5.95671769     -1.12358251
3536  694        -1.83549978      5.98883936     -1.06984037
3537  694        -1.82448034      6.02933101     -1.03230179
3538  694        -1.82861159      6.05267277     -1.05569641
3539  694        -1.85609290      6.04097843     -1.10913885
3540  694        -1.89128299      6.02029296     -1.13276979
3541  694        -1.90293664      6.02049952     -1.08917111
3542  694        -1.88912707      6.04525962     -1.01008190
3543  694        -1.87503742      6.05446728     -0.95581727
3544  694        -1.89149184      6.02003893     -0.95457948
3545  694        -1.92780974      5.99000667     -0.98076180
3546  694        -1.96887900      6.00050225     -1.02516448
3547  694        -1.99927217      6.04185550     -1.07860719
3548  694        -2.04114714      6.07357702     -1.12955530
3549  694        -2.11259917      6.09241897     -1.15796828
3550  694        -2.18295529      6.11474111     -1.16518151
3551  694        -2.22735767      6.15868808     -1.15854997
3552  694        -2.24162544      6.19234019     -1.12693992
3553  694        -2.23922166      6.17835534     -1.07839682
3554  694        -2.20651760      6.11914196     -1.02597868
3555  694        -2.15502779      6.06679064     -0.98973151
3556  694        -2.09735398      6.05400634     -0.95910657
3557  694        -2.02598500      6.06017573     -0.93392385
3558  694        -1.94759044      6.05607369     -0.95835509
3559  694        -1.89488826      6.04655640     -1.02002318
3560  694        -1.86735520      6.05427223     -1.06133711
3561  694        -1.86227610      6.08064422     -1.06406312
3562  694        -1.86708196      6.10450534     -1.04008564
3563  694        -1.88581712      6.11061155     -0.97916523
3564  694        -1.92345106      6.09974846     -0.90347908
3565  694        -1.96339213      6.06993759     -0.85912569
3566  694        -1.98875919      6.01883973     -0.85152644
3567  694        -2.00791092      5.97084165     -0.85743991
3568  694        -2.04090148      5.95303060     -0.85408200
3569  694        -2.08470748      5.96593734     -0.85768814
3570  694        -2.12059082      5.98586496     -0.87726493
3571  694        -2.15291977      5.99625719     -0.90052564
3572  694        -2.20227454      5.99339903     -0.90602995
3573  694        -2.25922789      5.96625529     -0.91287085
3574  694        -2.32746359      5.89934257     -0.94246321
3575  694        -2.40542301      5.81163720     -0.97642321
3576  694        -2.49772982      5.74967024     -0.99325913
3577  694        -2.57950453      5.73032927     -1.00019324
3578  694        -2.64300374      5.73975871     -1.01116580
3579  694        -2.71675633      5.76902486     -1.00438509
3580  694        -2.79896382      5.78736544     -0.97562098
3581  694        -2.87222705      5.77619208     -0.94009519
3582  694        -2.91222217      5.72743029     -0.89946734
3583  694        -2.93097810      5.64270514     -0.84368564
3584  694        -2.95895842      5.55607165     -0.80783288
3585  694        -3.00971287      5.49533326     -0.81898048
3586  694        -3.06309792      5.46928786     -0.84945908
3587  694        -3.10305482      5.45488450     -0.86074127
3588  694        -3.12597312      5.43981100     -0.87104305
3589  694        -3.13938080      5.42437092     -0.89979597
3590  694        -3.15050472      5.40042611     -0.91403790
3591  694        -3.15194358      5.36815174     -0.89385109
3592  694        -3.14615707      5.33838415     -0.88640367
3593  694        -3.12981137      5.31601610     -0.89909786
3594  694        -3.12904635      5.31650024     -0.89552142
3595  694        -3.12180239      5.34393430     -0.86635801
3596  694        -3.09281031      5.36948889     -0.85526463
3597  694        -3.05065593      5.37701192     -0.86447995
3598  694        -3.00449580      5.35323327     -0.85405376
3599  694        -2.95229638      5.29523812     -0.82001541
3600  694        -2.89582043      5.22433407     -0.78007208
3601  694        -2.86227049      5.17017010     -0.74078795
3602  694        -2.86120837      5.14682926     -0.68106551
3603  694        -2.88799523      5.17517470     -0.65071897
3604  694        -2.91619894      5.24938760     -0.65604803
3605  694        -2.93198628      5.35257835     -0.63764906
3606  694        -2.94344304      5.44602828     -0.60589568
3607  694        -2.96683880      5.47768175     -0.60300513
3608  694        -2.99387265      5.45226622     -0.59830009
3609  694        -2.99609408      5.39676058     -0.53474706
3610  694        -2.97320239      5.33170470     -0.43576797
3611  694        -2.94816818      5.29507308     -0.33014019
3612  694        -2.92409906      5.28640621     -0.22645591
3613  694        -2.92338414      5.28294603     -0.10054642
3614  694        -2.93603832      5.26338795      0.01821241
3615  694        -2.92287244      5.23092824      0.05814122
3616  694        -2.89762667      5.20467803      0.00974422
3617  694        -2.91519767      5.19646201     -0.04305871
3618  694        -2.96618039      5.21638801     -0.06607093
3619  694        -3.00044994      5.28463751     -0.06329214
3620  694        -2.99558316      5.38954530     -0.02822046
3621  694        -2.97318931      5.47800692      0.04746348
3622  694        -2.95387880      5.51166349      0.13054234
3623  694        -2.92795075      5.49332712      0.17892609
3624  694        -2.89494565      5.44756668      0.19136175
3625  694        -2.84945372      5.39675260      0.19238262
3626  694        -2.78561348      5.38928136      0.18514655
3627  694        -2.70952380      5.45523470      0.17037417
3628  694        -2.64121799      5.55807505      0.13606839
3629  694        -2.61618915      5.64828351      0.07200179
3630  694        -2.60618092      5.71865552     -0.01075790
3631  694        -2.61174061      5.77442297     -0.08755723
3632  694        -2.63586802      5.80527453     -0.15078851
3633  694        -2.66654178      5.81595662     -0.19251352
3634  694        -2.68842413      5.81202190     -0.24480018
3635  694        -2.73158539      5.80673744     -0.30520427
3636  694        -2.76787497      5.84425264     -0.35090322
3637  694        -2.80879956      5.94019553     -0.38635735
3638  694        -2.85346832      6.05772067     -0.42335836
3639  694        -2.86960177      6.17481353     -0.44592621
3640  694        -2.86186152      6.29097523     -0.44017937
3641  694        -2.83695840      6.38962927     -0.42560944
3642  694        -2.80897363      6.46325773     -0.41545578
3643  694        -2.79142541      6.52775754     -0.40190975
3644  694        -2.80702178      6.59513455     -0.38885256
3645  694        -2.80068578      6.63483387     -0.40044730
3646  694        -2.78459819      6.65102402     -0.43808752
3647  694        -2.80802477      6.66664390     -0.46881495
3648  694        -2.83198053      6.67624592     -0.50326866
3649  694        -2.84926777      6.67931609     -0.54133086
3650  694        -2.87750031      6.68948013     -0.55739526
3651  694        -2.90977111      6.68237926     -0.54269208
3652  694        -2.94713320      6.66014103     -0.51655959
3653  694        -3.00681681      6.65185770     -0.48980936
3654  694        -3.06344579      6.63092228     -0.45825401
3655  694        -3.04734288      6.60118554     -0.42390590
3656  694        -2.98225731      6.62257298     -0.40186020
3657  694        -2.93849764      6.69248329     -0.39226021
3658  694        -2.90437799      6.75171918     -0.39629486
3659  694        -2.86256273      6.75864609     -0.41959181
3660  694        -2.83212834      6.72480904     -0.44755815
3661  694        -2.82591489      6.68727814     -0.45422778
3662  694        -2.82376693      6.65243664     -0.45247494
3663  694        -2.81794879      6.61599729     -0.44393985
3664  694        -2.79911157      6.61513125     -0.41944984
3665  694        -2.76925044      6.64942226     -0.37725229
3666  694        -2.72452207      6.68373659     -0.35152263
3667  694        -2.67362484      6.69293320     -0.32970721
3668  694        -2.62788801      6.70707258     -0.28417316
3669  694        -2.59466545      6.75434133     -0.24270589
3670  694        -2.58150618      6.82332026     -0.24696068
3671  694        -2.57544028      6.85471851     -0.28125824
3672  694        -2.58781158      6.83018512     -0.32274792
3673  694        -2.60542216      6.79491476     -0.36796516
3674  694        -2.62583388      6.78198221     -0.41878506
3675  694        -2.63011958      6.79575792     -0.47921520
3676  694        -2.62685824      6.82385787     -0.54395366
3677  694        -2.63101797      6.84433849     -0.60914099
3678  694        -2.64973349      6.83798684     -0.63882248
3679  694        -2.66763947      6.79611020     -0.62462020
3680  694        -2.66587956      6.73137450     -0.58048512
3681  694        -2.65937785      6.69099460     -0.53795509
3682  694        -2.67704863      6.68691633     -0.52358528
3683  694        -2.75268166      6.69226651     -0.53330198
3684  694        -2.85573879      6.69319486     -0.55058657
3685  694        -2.92571231      6.69941218     -0.55128795
3686  694        -2.93531459      6.71970712     -0.51087282
3687  694        -2.92277188      6.74848539     -0.43319279
3688  694        -2.93539442      6.75830775     -0.37148208
3689  694        -2.95780893      6.72217787     -0.34105588
3690  694        -2.93792444      6.64284996     -0.32578622
3691  694        -2.88997304      6.56538607     -0.31465618
3692  694        -2.84729028      6.51741766     -0.32678954
3693  694        -2.82322281      6.48666092     -0.34504305
3694  694        -2.80743988      6.45570300     -0.36042014
3695  694        -2.78902488      6.42243919     -0.37849853
3696  694        -2.77329561      6.40762010     -0.38648984
3697  694        -2.77934486      6.40166939     -0.37204499
3698  694        -2.80115510      6.40550913     -0.34109584
3699  694        -2.82457816      6.40570524     -0.30461934
3700  694        -2.85807941      6.41233343     -0.27251590
3701  694        -2.89883907      6.43097365     -0.23905496
3702  694        -2.94700044      6.44524488     -0.20897797
3703  694        -2.99689389      6.43991687     -0.18587931
3704  694        -3.06012394      6.41327409     -0.16007588
3705  694        -3.11004269      6.39216645     -0.13050021
3706  694        -3.14063873      6.39536366     -0.09230617
3707  694        -3.15246024      6.43176463     -0.04787617
3708  694        -3.16171503      6.50101317     -0.01225606
3709  694        -3.18828262      6.57558728     -0.00543788
3710  694        -3.24559631      6.63191543     -0.03181335
3711  694        -3.33367645      6.66077875     -0.08746621
3712  694        -3.41487479      6.69685790     -0.13939503
3713  694        -3.44998791      6.75069010     -0.15338145
3714  694        -3.44808321      6.79502611     -0.15902947
3715  694        -3.45648897      6.81903520     -0.15351106
3716  694        -3.46933019      6.83075078     -0.14771556
3717  694        -3.48333237      6.85024013     -0.14919839
3718  694        -3.48915787      6.88680582     -0.13889525
3719  694        -3.50298684      6.92919821     -0.08280932
3720  694        -3.52747390      6.95438649     -0.01124180
3721  694        -3.53242829      6.95975073      0.02174787
3722  694        -3.51752500      6.95926782      0.02893373
3723  694        -3.52432022      6.96406936      0.04319758
3724  694        -3.57049346      6.95223204      0.06230910
3725  694        -3.61809428      6.93254787      0.08085348
3726  694        -3.63369883      6.91958463      0.10314009
3727  694        -3.61784827      6.92448381      0.13802106
3728  694        -3.59021864      6.94072654      0.19266477
3729  694        -3.56069803      6.95055767      0.25164958
3730  694        -3.53982781      6.95161759      0.30673671
3731  694        -3.54485636      6.95079192      0.36527553
3732  694        -3.56380210      6.94480987      0.41707302
3733  694        -3.58325939      6.93525644      0.42951196
3734  694        -3.62801354      6.95963655      0.39801613
3735  694        -3.70642865      7.00108792      0.35628276
3736  694        -3.78128811      7.05100797      0.33258313
3737  694        -3.80172121      7.09710086      0.34918756
3738  694        -3.78052951      7.15149493      0.41065667
3739  694        -3.77152875      7.20631799      0.47197536
3740  694        -3.78256310      7.27185163      0.50461626
3741  694        -3.78881721      7.34502600      0.50438033
3742  694        -3.77911386      7.42375486      0.49914665
3743  694        -3.78966515      7.47931554      0.49657294
3744  694        -3.81229883      7.51006143      0.46662985
3745  694        -3.83102317      7.51967190      0.40762139
3746  694        -3.82672711      7.52757485      0.34240321
3747  694        -3.79313442      7.55342625      0.28676675
3748  694        -3.74026149      7.58059844      0.24151597
3749  694        -3.68414778      7.59229929      0.19317739
3750  694        -3.65222838      7.58784314      0.16189190
3751  694        -3.62258014      7.58876998      0.14689927
3752  694        -3.59103433      7.58575174      0.13976461
3753  694        -3.57640421      7.57052547      0.13108077
3754  694        -3.58512434      7.55839944      0.12428080
3755  694        -3.58943636      7.57477185      0.11425530
3756  694        -3.59643329      7.59702641      0.09119119
3757  694        -3.63022906      7.62105228      0.07526549
3758  694        -3.69971236      7.65770814      0.07259293
3759  694        -3.77909611      7.70603759      0.08057750
3760  694        -3.82985591      7.73599012      0.09873789
3761  694        -3.85344944      7.74745383      0.13547667
3762  694        -3.86247630      7.75645447      0.16666915
3763  694        -3.85754510      7.77717390      0.17963917
3764  694        -3.83387876      7.79961329      0.18241261
3765  694        -3.82344605      7.81468402      0.18198985
3766  694        -3.84595092      7.84536487      0.17933354
3767  694        -3.89167134      7.89174224      0.17390641
3768  694        -3.93573343      7.92610998      0.16653557
3769  694        -3.95941829      7.93507772      0.16677026
3770  694        -3.96726852      7.93434535      0.18238891
3771  694        -3.98524650      7.92478299      0.18969724
3772  694        -4.02268357      7.92679732      0.19286915
3773  694        -4.06180780      7.93119183      0.19772106
3774  694        -4.08300714      7.92507910      0.21559786
3775  694        -4.08569882      7.92065091      0.23178071
3776  694        -4.08023885      7.95481949      0.24094824
3777  694        -4.08441989      7.99758265      0.26678179
3778  694        -4.09991499      7.99625160      0.33085117
3779  694        -4.13283990      7.97871584      0.42376146
3780  694        -4.16939585      7.97938535      0.48648313
3781  694        -4.20804417      7.99544140      0.50279604
3782  694        -4.23316158      8.00875794      0.47249586
3783  694        -4.24102072      8.02076426      0.44526781
3784  694        -4.22971321      8.04169781      0.45004398
3785  694        -4.20534220      8.06779497      0.46493134
3786  694        -4.17662650      8.06377852      0.47468668
3787  694        -4.15449586      8.04292627      0.47896289
3788  694        -4.13726385      8.02079960      0.50361541
3789  694        -4.12085544      7.99415814      0.53517925
3790  694        -4.10125355      7.98035602      0.55004188
3791  694        -4.07257522      7.98344243      0.52266441
3792  694        -4.03723035      7.98250487      0.47254312
3793  694        -3.98588209      7.95264737      0.43960947
3794  694        -3.91406056      7.90739855      0.42924642
3795  694        -3.82845193      7.85198952      0.43303283
3796  694        -3.75138956      7.78693585      0.44666743
3797  694        -3.68595625      7.69876708      0.49163978
3798  694        -3.63721452      7.60184795      0.54175485
3799  694        -3.58964924      7.53865160      0.60379262
3800  694        -3.54524078      7.50510474      0.67389867
3801  694        -3.50280851      7.50088078      0.74349769
3802  694        -3.45460887      7.52909509      0.79457033
3803  694        -3.40753866      7.59025876      0.84134094
3804  694        -3.38400417      7.66082666      0.89279040
3805  694        -3.39926524      7.70809998      0.90944785
3806  694        -3.42192195      7.71553305      0.89558410
3807  694        -3.42493107      7.72388923      0.88849996
3808  694        -3.40962789      7.75268650      0.91884958
3809  694        -3.38762911      7.78055265      0.94948313
3810  694        -3.35194246      7.79138401      0.96751423
3811  694        -3.30112727      7.79842330      0.97512565
3812  694        -3.25468512      7.81121448      1.00240692
3813  694        -3.21950930      7.81382513      1.05050111
3814  694        -3.21433322      7.79468107      1.11519667
3815  694        -3.23926793      7.76690836      1.17700372
3816  694        -3.28990765      7.73949356      1.21300539
3817  694        -3.34795324      7.72144680      1.21752475
3818  694        -3.41419247      7.72321788      1.19913504
3819  694        -3.46561223      7.72996694      1.18110752
3820  694        -3.49118350      7.71749637      1.17052651
3821  694        -3.49768535      7.67061837      1.15895112
3822  694        -3.50711547      7.62892050      1.14936553
3823  694        -3.51235603      7.63659717      1.12501332
3824  694        -3.49217319      7.67341193      1.08435853
3825  694        -3.45480820      7.70044817      1.05365589
3826  694        -3.41739528      7.71182374      1.06070077
3827  694        -3.39653289      7.71783835      1.09207208
3828  694        -3.39869945      7.71124088      1.12987895
3829  694        -3.40212587      7.69000536      1.15291018
3830  694        -3.38241364      7.65520286      1.15281670
3831  694        -3.34118694      7.62445305      1.13504027
3832  694        -3.28383646      7.61041414      1.11840047
3833  694        -3.23869742      7.60579487      1.11849390
3834  694        -3.20955563      7.58617528      1.12803143
3835  694        -3.19446194      7.54959724      1.12576279
3836  694        -3.21002074      7.52276713      1.08783174
3837  694        -3.25525982      7.51226324      1.04801529
3838  694        -3.30486268      7.50225172      1.02311437
3839  694        -3.31982046      7.48879836      1.00911322
3840  694        -3.28576235      7.47496159      0.98489465
3841  694        -3.22481119      7.44957375      0.96121117
3842  694        -3.18159570      7.41674744      0.93879392
3843  694        -3.16220882      7.40781554      0.91612933
3844  694        -3.16118704      7.43308453      0.88833672
3845  694        -3.16904033      7.46476554      0.85384913
3846  694        -3.19695449      7.46607665      0.83736400
3847  694        -3.24382935      7.45176916      0.85174037
3848  694        -3.28289754      7.45374140      0.89146115
3849  694        -3.28871233      7.46058206      0.93476452
3850  694        -3.25004595      7.45631636      0.97912057
3851  694        -3.18099787      7.42403163      1.00684410
3852  694        -3.11931560      7.38704216      1.00363291
3853  694        -3.08222199      7.37513314      0.96831015
3854  694        -3.06063526      7.38626300      0.93858141
3855  694        -3.07316504      7.39340393      0.93734115
3856  694        -3.11278508      7.39429731      0.96217673
3857  694        -3.15669135      7.41163461      0.97056166
3858  694        -3.18864196      7.41970511      0.95998750
3859  694        -3.22033025      7.38716600      0.98715625
3860  694        -3.26466044      7.32007585      1.04060215
3861  694        -3.28706813      7.26341305      1.08426406
3862  694        -3.26093092      7.23859779      1.10921190
3863  694        -3.22631193      7.22458373      1.12412347
3864  694        -3.23737508      7.19853791      1.12588889
3865  694        -3.28275967      7.18162989      1.12226705
3866  694        -3.32966884      7.18961053      1.11917545
3867  694        -3.35846213      7.21134569      1.12542077
3868  694        -3.38133773      7.22517205      1.13822192
3869  694        -3.39895923      7.23481807      1.13229034
3870  694        -3.40821821      7.26728419      1.08961420
3871  694        -3.39154139      7.29480678      1.02327571
3872  694        -3.37798875      7.30786572      0.98561556
3873  694        -3.37377234      7.31149955      0.96730223
3874  694        -3.36026421      7.30129019      0.96320167
3875  694        -3.35476028      7.28499151      0.97198859
3876  694        -3.35668451      7.25988186      0.98395987
3877  694        -3.36360422      7.23550972      0.97419060
3878  694        -3.37322591      7.24882084      0.93823110
3879  694        -3.39746205      7.28554715      0.89513791
3880  694        -3.43196740      7.32066370      0.85635861
3881  694        -3.46448685      7.33489621      0.81939804
3882  694        -3.49635856      7.31026971      0.79169892
3883  694        -3.52803736      7.25452274      0.80551321
3884  694        -3.54026456      7.19125580      0.85523900
3885  694        -3.53215177      7.14034321      0.91610461
3886  694        -3.53282594      7.09445994      0.95521934
3887  694        -3.54770324      7.05824976      0.97521009
3888  694        -3.58111604      7.04004661      0.98620162
3889  694        -3.62756017      7.03751611      1.00992509
3890  694        -3.65268423      7.04549351      1.04392191
3891  694        -3.65340590      7.07231232      1.06409911
3892  694        -3.64460070      7.12281982      1.04966587
3893  694        -3.66086807      7.17888806      1.01544746
3894  694        -3.69532315      7.21215547      0.99098136
3895  694        -3.71484088      7.21118710      0.98953006
3896  694        -3.74182038      7.22197807      0.99636438
3897  694        -3.80488410      7.25505262      1.00945078
3898  694        -3.90055377      7.26981654      1.02673417
3899  694        -3.99142451      7.25280810      1.04993728
3900  694        -4.03506776      7.23523901      1.10350029
3901  694        -4.03057959      7.24596399      1.17606930
3902  694        -4.00559880      7.22884811      1.23745236
3903  694        -4.00844199      7.17249001      1.25603643
3904  694        -4.06239712      7.12555029      1.23220173
3905  694        -4.12955198      7.12175241      1.18459219
3906  694        -4.19280886      7.12933701      1.13160877
3907  694        -4.24770170      7.11190239      1.09595277
3908  694        -4.31219103      7.07023796      1.08632056
3909  694        -4.40621933      7.01626126      1.11267997
3910  694        -4.52738783      6.96656815      1.15097885
3911  694        -4.65396169      6.93819348      1.17239208
3912  694        -4.77148426      6.92633303      1.14834275
3913  694        -4.87193153      6.89583013      1.10687279
3914  694        -4.96014078      6.84257023      1.09481835
3915  694        -5.02431637      6.79589665      1.11212754
3916  694        -5.07100249      6.76357126      1.12604122
3917  694        -5.09061631      6.73907621      1.13247474
3918  694        -5.09699978      6.72763775      1.14933545
3919  694        -5.11490565      6.72661186      1.16732188
3920  694        -5.14245085      6.74099676      1.18104858
3921  694        -5.16218121      6.76976597      1.20528820
3922  694        -5.19169335      6.80437659      1.23981366
3923  694        -5.24008622      6.84533888      1.25559673
3924  694        -5.28291141      6.87440812      1.24627682
3925  694        -5.30696714      6.88112307      1.20265354
3926  694        -5.31012051      6.86403579      1.13909882
3927  694        -5.29329154      6.83662763      1.07051743
3928  694        -5.27091475      6.80645838      1.02326401
3929  694        -5.26453975      6.77919376      0.98050598
3930  694        -5.25748899      6.75584041      0.94026390
3931  694        -5.23132664      6.76556573      0.88436574
3932  694        -5.19385835      6.80051650      0.79550379
3933  694        -5.16791068      6.84078553      0.68949673
3934  694        -5.15345192      6.89050097      0.58754192
3935  694        -5.14494814      6.92767515      0.49441694
3936  694        -5.14059509      6.92387446      0.42387595
3937  694        -5.15021294      6.87567733      0.38305181
3938  694        -5.15050129      6.83180611      0.34231248
3939  694        -5.11520407      6.80577343      0.30279036
3940  694        -5.06446886      6.79574687      0.25602963
3941  694        -5.01616008      6.81580873      0.20060516
3942  694        -5.00370618      6.85169250      0.12774819
3943  694        -5.03874288      6.88374271      0.05737786
3944  694        -5.10838037      6.89920766      0.01214949
3945  694        -5.16027917      6.91502620     -0.01908802
3946  694        -5.19426235      6.93807310     -0.03563111
3947  694        -5.17923625      6.96694196     -0.03744620
3948  694        -5.08433047      7.01750774     -0.00798028
3949  694        -4.96257183      7.08549170      0.04176148
3950  694        -4.92464800      7.12579597      0.09921871
3951  694        -4.97760651      7.13634163      0.14392329
3952  694        -5.03931499      7.12988842      0.17638211
3953  694        -5.06722591      7.11139545      0.19022110
3954  694        -5.06292693      7.08562595      0.17809774
3955  694        -5.04738027      7.03875602      0.13227986
3956  694        -5.01950954      6.98954457      0.06434364
3957  694        -5.00409432      6.95840971     -0.02381944
3958  694        -5.01598554      6.96228726     -0.12747552
3959  694        -5.03539435      6.99965219     -0.22096365
3960  694        -5.05613884      7.05312706     -0.30288615
3961  694        -5.06485515      7.06610981     -0.36537214
3962  694        -5.06419770      7.04441229     -0.39815987
3963  694        -5.04646886      7.04346741     -0.39568228
3964  694        -5.02158277      7.06546334     -0.37836141
3965  694        -5.00172277      7.06903522     -0.37434849
3966  694        -5.01005281      7.02261233     -0.39485987
3967  694        -5.02816035      6.96529985     -0.43082662
3968  694        -5.05225905      6.92056461     -0.46951764
3969  694        -5.08234632      6.88329209     -0.50332021
3970  694        -5.10462029      6.84257037     -0.54671819
3971  694        -5.10166154      6.81441066     -0.59879319
3972  694        -5.06504428      6.79714244     -0.62920983
3973  694        -5.01564588      6.79528830     -0.64235536
3974  694        -4.95920332      6.81742258     -0.65675062
3975  694        -4.90788545      6.84743690     -0.69701760
3976  694        -4.86965322      6.84388941     -0.75669906
3977  694        -4.84811023      6.80448602     -0.82052588
3978  694        -4.84729802      6.77042324     -0.86246150
3979  694        -4.84822956      6.74233642     -0.89608703
3980  694        -4.82688645      6.70864789     -0.92550206
3981  694        -4.77974397      6.64887732     -0.95970111
3982  694        -4.71729745      6.59321004     -1.01022358
3983  694        -4.67251452      6.56308703     -1.06147216
3984  694        -4.66688843      6.55288250     -1.10867010
3985  694        -4.69900267      6.53374522     -1.14415111
3986  694        -4.73652977      6.50391367     -1.17332499
3987  694        -4.75458966      6.47880183     -1.19961950
3988  694        -4.77117690      6.45426621     -1.22873200
3989  694        -4.77996829      6.43281284     -1.25312717
3990  694        -4.74990497      6.41926889     -1.26420341
3991  694        -4.68640188      6.40679694     -1.28153048
3992  694        -4.61251396      6.37863585     -1.30439716
3993  694        -4.56557531      6.33796455     -1.30708994
3994  694        -4.55352240      6.29209495     -1.28638964
3995  694        -4.57682479      6.24204372     -1.29053563
3996  694        -4.61010193      6.17419843     -1.35144851
3997  694        -4.63022758      6.09398185     -1.42655584
3998  694        -4.63962540      6.01876231     -1.45775415
3999  694        -4.63455754      5.96166897     -1.44522920
4000  694        -4.63139636      5.92181472     -1.42962947
4001  694        -4.64629508      5.89549644     -1.43596326
4002  694        -4.69068314      5.88934622     -1.44766270
4003  694        -4.75227427      5.89698808     -1.45848779
4004  694        -4.80405132      5.90713421     -1.46665826
4005  694        -4.82103082      5.91099541     -1.48033368
4006  694        -4.80009547      5.91061752     -1.49581832
4007  694        -4.76936072      5.90170827     -1.50650052
4008  694        -4.75100800      5.88231500     -1.51462016
4009  694        -4.75120974      5.87322869     -1.52717770
4010  694        -4.74912523      5.88943601     -1.53915178
4011  694        -4.73538606      5.91456712     -1.54030727
4012  694        -4.72557021      5.91680795     -1.52925248
4013  694        -4.74377319      5.90631229     -1.51453600
4014  694        -4.78257502      5.90171746     -1.49411244
4015  694        -4.80664256      5.92754456     -1.47780386
4016  694        -4.78743506      5.96927335     -1.46341575
4017  694        -4.73836693      6.00457420     -1.44512279
4018  694        -4.69459733      6.01418801     -1.43213047
4019  694        -4.65348172      5.98346311     -1.43634061
4020  694        -4.60704610      5.94762349     -1.44673902
4021  694        -4.57370224      5.90464879     -1.45046488
4022  694        -4.58134179      5.86270005     -1.43474368
4023  694        -4.62786446      5.82936691     -1.39745888
4024  694        -4.67851176      5.79976651     -1.34705392
4025  694        -4.67966053      5.76190246     -1.30745900
4026  694        -4.63171261      5.72068745     -1.30607526
4027  694        -4.57277056      5.69060380     -1.32671298
4028  694        -4.54786407      5.67875260     -1.35167556
4029  694        -4.57921469      5.69752957     -1.37494208
4030  694        -4.63606170      5.72646104     -1.39587257
4031  694        -4.68846218      5.73468883     -1.41042036
4032  694        -4.71611641      5.71047000     -1.42106136
4033  694        -4.72981480      5.69708266     -1.42511162
4034  694        -4.75600431      5.71238607     -1.40766932
4035  694        -4.79737681      5.73665936     -1.37806151
4036  694        -4.83999320      5.71415402     -1.38037103
4037  694        -4.86676750      5.64505326     -1.42154581
4038  694        -4.88501880      5.57427748     -1.47711918
4039  694        -4.86789037      5.52117107     -1.50579631
4040  694        -4.83419479      5.47897817     -1.51161026
4041  694        -4.81382736      5.42212742     -1.49791324
4042  694        -4.82129066      5.36296230     -1.47428305
4043  694        -4.85876315      5.29786634     -1.44932084
4044  694        -4.91294128      5.22871278     -1.40775418
4045  694        -4.96716935      5.14250364     -1.36793922
4046  694        -5.01690507      5.05757448     -1.33695476
4047  694        -5.03952177      4.97392790     -1.32408281
4048  694        -5.03501360      4.89075738     -1.30429468
4049  694        -5.00502176      4.80991882     -1.26551802
4050  694        -4.95058934      4.74620756     -1.22844070
4051  694        -4.89851964      4.71467105     -1.21036397
4052  694        -4.85900556      4.68928453     -1.21252006
4053  694        -4.81789915      4.63830170     -1.22426706
4054  694        -4.76683926      4.57012945     -1.23510067
4055  694        -4.71956489      4.52478018     -1.23015838
4056  694        -4.69374096      4.51576134     -1.20693733
4057  694        -4.68322530      4.52881509     -1.16411842
4058  694        -4.67240187      4.54428114     -1.10646881
4059  694        -4.66270967      4.55610395     -1.04136698
4060  694        -4.65747291      4.56063783     -0.98966897
4061  694        -4.66070667      4.53511365     -0.95270765
4062  694        -4.67895751      4.48932861     -0.92535893
4063  694        -4.68039950      4.46035879     -0.89927531
4064  694        -4.66898787      4.45616458     -0.87203989
4065  694        -4.63943261      4.46704292     -0.83956571
4066  694        -4.62493813      4.47231931     -0.79763639
4067  694        -4.63660608      4.45617760     -0.73553154
4068  694        -4.64873109      4.42346827     -0.67586768
4069  694        -4.61482893      4.38462606     -0.67845163
4070  694        -4.56033699      4.34399352     -0.73750468
4071  694        -4.53593990      4.29694663     -0.78533168
4072  694        -4.55171912      4.26523664     -0.78430333
4073  694        -4.60207064      4.25200390     -0.74520177
4074  694        -4.65751691      4.24685101     -0.71522578
4075  694        -4.70174811      4.22159573     -0.70791096
4076  694        -4.71528633      4.18101971     -0.70843159
4077  694        -4.69715803      4.13655674     -0.70138066
4078  694        -4.65800782      4.09033306     -0.69715214
4079  694        -4.60606109      4.02039142     -0.71419988
4080  694        -4.54202322      3.91630206     -0.75129462
4081  694        -4.47801892      3.79438493     -0.78919978
4082  694        -4.44558399      3.66058801     -0.80520171
4083  694        -4.45845043      3.54141080     -0.80912445
4084  694        -4.48944365      3.45400253     -0.82354492
4085  694        -4.50831305      3.38257216     -0.86076005
4086  694        -4.53508403      3.33052657     -0.89429391
4087  694        -4.55435559      3.31916347     -0.92698622
4088  694        -4.55099569      3.35600623     -0.95335145
4089  694        -4.51678822      3.39109947     -0.95445051
4090  694        -4.48333609      3.42483233     -0.95460971
4091  694        -4.46361592      3.44201183     -0.98031917
4092  694        -4.43925299      3.46620989     -1.02146554
4093  694        -4.39380628      3.49579778     -1.03304524
4094  694        -4.32956408      3.51579867     -1.01581810
4095  694        -4.28547322      3.51051889     -1.01004954
4096  694        -4.26533177      3.47827711     -1.03378059
4097  694        -4.25170810      3.45360659     -1.06980557
4098  694        -4.22750270      3.44185279     -1.11046317
4099  694        -4.24030581      3.43680787     -1.16445963
4100  694        -4.30442613      3.43601010     -1.23351504
4101  694        -4.37709275      3.44430155     -1.27695414
4102  694        -4.38221007      3.47519025     -1.29105329
4103  694        -4.33762567      3.53584065     -1.30213246
4104  694        -4.29156668      3.60865702     -1.32670626
4105  694        -4.27755122      3.63651566     -1.35443003
4106  694        -4.29122459      3.58207041     -1.39207078
4107  694        -4.31110702      3.50651318     -1.44333598
4108  694        -4.34274234      3.45307122     -1.50999155
4109  694        -4.38671777      3.42915789     -1.59315535
4110  694        -4.42907236      3.39667554     -1.67360968
4111  694        -4.45731980      3.36221409     -1.75430192
4112  694        -4.45764946      3.34697804     -1.85339687
4113  694        -4.42807512      3.33049638     -1.95395621
4114  694        -4.38643982      3.29093457     -2.00656274
4115  694        -4.36519434      3.20828793     -2.01443688
4116  694        -4.40258977      3.12275392     -2.00382055
4117  694        -4.46800918      3.04866079     -2.01921004
4118  694        -4.50947101      3.01076059     -2.03799599
4119  694        -4.52059638      2.99246012     -2.04615608
4120  694        -4.52772603      2.97520003     -2.00433698
4121  694        -4.50442387      2.98054008     -1.98444506
4122  694        -4.48035567      2.99838806     -1.98188825
4123  835        -4.60640580      1.13232393     -0.25147033
4124  835        -4.51430238      1.14353199     -0.24533810
4125  835        -4.40889383      1.13523033     -0.24196603
4126  835        -4.33314364      1.08414815     -0.21607825
4127  835        -4.29367529      0.99225698     -0.18643202
4128  835        -4.26152030      0.90884191     -0.19861270
4129  835        -4.22640049      0.87864209     -0.23765351
4130  835        -4.19582588      0.87426110     -0.30819498
4131  835        -4.19736930      0.85634754     -0.39055905
4132  835        -4.22040588      0.83854587     -0.47993975
4133  835        -4.24014054      0.83793714     -0.55445567
4134  835        -4.27037092      0.81818405     -0.62464129
4135  835        -4.30055787      0.76905136     -0.65970968
4136  835        -4.28718891      0.70645959     -0.65343299
4137  835        -4.25273881      0.66314565     -0.62323242
4138  835        -4.21096282      0.62601162     -0.57771446
4139  835        -4.17277465      0.60224789     -0.52755295
4140  835        -4.14202644      0.63028251     -0.48434364
4141  835        -4.12911395      0.70382253     -0.46875810
4142  835        -4.12934603      0.77843978     -0.45892075
4143  835        -4.10782067      0.82312847     -0.42119394
4144  835        -4.06371656      0.84789779     -0.34848532
4145  835        -3.99104703      0.84425739     -0.27011286
4146  835        -3.92224858      0.80850886     -0.21219579
4147  835        -3.90443974      0.75494576     -0.16063419
4148  835        -3.94768144      0.69372810     -0.13087055
4149  835        -4.01486824      0.62784750     -0.12927389
4150  835        -4.09194527      0.58253806     -0.12295620
4151  835        -4.16049205      0.56821156     -0.11168434
4152  835        -4.19045090      0.55382716     -0.11440798
4153  835        -4.19642946      0.52323675     -0.13531286
4154  835        -4.18085399      0.49938274     -0.16822279
4155  835        -4.16773660      0.48277746     -0.19814993
4156  835        -4.15365231      0.44540121     -0.23295918
4157  835        -4.14184125      0.38028965     -0.27972769
4158  835        -4.13911022      0.29502023     -0.35024506
4159  835        -4.15528087      0.22333421     -0.44728885
4160  835        -4.14784853      0.17615449     -0.53535910
4161  835        -4.08001216      0.14905022     -0.58876676
4162  835        -3.94335292      0.13662445     -0.61358382
4163  835        -3.80800812      0.14357002     -0.65170018
4164  835        -3.76042654      0.17954924     -0.71566781
4165  835        -3.77706522      0.20929459     -0.79989269
4166  835        -3.78481898      0.22521640     -0.87496340
4167  835        -3.77359929      0.20979789     -0.93037117
4168  835        -3.77035646      0.18945511     -0.96746482
4169  835        -3.78127404      0.16025170     -0.97347206
4170  835        -3.79239084      0.14125144     -0.96036272
4171  835        -3.79701016      0.11497898     -0.94695884
4172  835        -3.80976842      0.06201710     -0.92935964
4173  835        -3.82258025      0.03248235     -0.92513926
4174  835        -3.80931969      0.05124660     -0.91410157
4175  835        -3.78702793      0.13488392     -0.90371294
4176  835        -3.79303209      0.23911192     -0.92050069
4177  835        -3.82851979      0.32343185     -0.93222017
4178  835        -3.83008448      0.37503666     -0.91363912
4179  835        -3.78873721      0.43057309     -0.85703001
4180  835        -3.75157345      0.49525798     -0.80385114
4181  835        -3.73461132      0.55463640     -0.76469486
4182  835        -3.73288240      0.60812800     -0.74004853
4183  835        -3.71506306      0.65840830     -0.68999831
4184  835        -3.68723754      0.69009747     -0.62001880
4185  835        -3.67617527      0.71384418     -0.56004593
4186  835        -3.69889385      0.76827750     -0.50981217
4187  835        -3.75120118      0.85905640     -0.47127384
4188  835        -3.79326764      0.94489342     -0.43060915
4189  835        -3.80297045      0.97348482     -0.36995869
4190  835        -3.79439779      0.95672122     -0.32053180
4191  835        -3.79548484      0.91867838     -0.28128418
4192  835        -3.78822066      0.88907468     -0.22631783
4193  835        -3.76383276      0.87059514     -0.18285780
4194  835        -3.73169478      0.86459329     -0.16846133
4195  835        -3.68467269      0.85977350     -0.18310923
4196  835        -3.62227683      0.86477935     -0.21719421
4197  835        -3.57944523      0.87664827     -0.25515635
4198  835        -3.57710939      0.87112255     -0.29339106
4199  835        -3.59370937      0.84530442     -0.33164167
4200  835        -3.58847790      0.78480416     -0.36325019
4201  835        -3.53716731      0.69922324     -0.37653540
4202  835        -3.45574041      0.59889690     -0.35367745
4203  835        -3.38083918      0.52789905     -0.29932107
4204  835        -3.32996873      0.50913122     -0.23900861
4205  835        -3.31440558      0.51317044     -0.15657580
4206  835        -3.33255026      0.51006742     -0.04578659
4207  835        -3.37064087      0.47194199      0.04388345
4208  835        -3.38970529      0.38396233      0.07054432
4209  835        -3.37233459      0.25088719      0.04262640
4210  835        -3.33433707      0.11664952      0.00559591
4211  835        -3.31233843     -0.00448133     -0.00268951
4212  835        -3.29320093     -0.08951130     -0.00408569
4213  835        -3.26378027     -0.15347953     -0.02864151
4214  835        -3.21794253     -0.21500648     -0.04746452
4215  835        -3.17339393     -0.28117161     -0.05130165
4216  835        -3.14103863     -0.34159454     -0.05149004
4217  835        -3.10799290     -0.39292044     -0.06177883
4218  835        -3.06748993     -0.41523779     -0.08638949
4219  835        -3.02086615     -0.41969767     -0.11201415
4220  835        -2.98644220     -0.43540979     -0.13973293
4221  835        -2.97030907     -0.43568713     -0.17330377
4222  835        -2.95737313     -0.43264348     -0.22181285
4223  835        -2.95260113     -0.41841944     -0.28456295
4224  739        -4.95776463      0.85596993     -0.32442350
4225  739        -4.94017606      0.93392385     -0.33224190
4226  739        -4.91957654      1.00705096     -0.34189770
4227  739        -4.89334848      1.05255694     -0.34274035
4228  739        -4.87673446      1.08184468     -0.31892522
4229  739        -4.85700273      1.08930299     -0.28482843
4230  739        -4.80472715      1.07479534     -0.26017834
4231  739        -4.71812148      1.04986118     -0.25753973
4232  739        -4.63348652      1.04092851     -0.28693773
4233  739        -4.55794948      1.07453084     -0.33042532
4234  739        -4.49515389      1.11226222     -0.37165731
4235  739        -4.43540046      1.11205495     -0.41123921
4236  739        -4.38970005      1.08854354     -0.44580765
4237  739        -4.37023163      1.06006643     -0.47382768
4238  739        -4.37278095      1.01610966     -0.48433445
4239  739        -4.37941231      0.94430130     -0.49438583
4240  739        -4.36624364      0.86730596     -0.50426068
4241  739        -4.34233386      0.82067177     -0.51195123
4242  739        -4.29699418      0.82630603     -0.50371992
4243  739        -4.26166079      0.86132095     -0.48256012
4244  739        -4.22365455      0.88179913     -0.42712410
4245  739        -4.17593067      0.87680649     -0.35662278
4246  739        -4.12167524      0.83530403     -0.30408837
4247  739        -4.08267604      0.77628237     -0.28257944
4248  739        -4.06881314      0.74560238     -0.27160209
4249  739        -4.06566322      0.74462017     -0.25159403
4250  739        -4.08244610      0.72557765     -0.23005180
4251  739        -4.10145180      0.68135672     -0.21765907
4252  739        -4.10713361      0.65566493     -0.19059169
4253  739        -4.12235309      0.66244677     -0.15224106
4254  739        -4.15146351      0.68048104     -0.10588848
4255  739        -4.15433473      0.68192651     -0.04791252
4256  739        -4.13189642      0.67009002      0.00003293
4257  739        -4.12077504      0.64147311      0.03351860
4258  739        -4.11860909      0.59992690      0.06578154
4259  739        -4.12221682      0.55881769      0.09431407
4260  739        -4.11583798      0.53128991      0.12563321
4261  739        -4.09714242      0.50202851      0.15637473
4262  739        -4.08650865      0.50211115      0.17502777
4263  739        -4.08730128      0.52534764      0.17802307
4264  739        -4.09559426      0.54435251      0.18344792
4265  739        -4.09869066      0.54924576      0.16745760
4266  739        -4.10434598      0.54969550      0.12791187
4267  739        -4.10437024      0.53351212      0.08499761
4268  739        -4.09585392      0.51411527      0.05988313
4269  739        -4.09762787      0.49876772      0.05403918
4270  739        -4.10522205      0.47599955      0.03332829
4271  739        -4.11323645      0.45460478     -0.01552467
4272  739        -4.10934437      0.44835824     -0.09216110
4273  739        -4.11732526      0.46902980     -0.17687077
4274  739        -4.16240218      0.51011320     -0.24434437
4275  739        -4.23432567      0.56747927     -0.26969164
4276  739        -4.31708319      0.64994725     -0.25824111
4277  739        -4.39337742      0.75834707     -0.22695396
4278  739        -4.45877656      0.87011746     -0.20150021
4279  739        -4.50996142      0.95522082     -0.18562427
4280  739        -4.55028869      0.99143414     -0.17775779
4281  739        -4.57942162      0.97421989     -0.17146229
4282  739        -4.58842605      0.90919217     -0.16681813
4283  739        -4.59571564      0.83906036     -0.17753702
4284  739        -4.61552801      0.78117237     -0.19700895
4285  739        -4.63805100      0.74160006     -0.21349997
4286  739        -4.64039941      0.70410866     -0.21417086
4287  739        -4.62586864      0.66431973     -0.18980220
4288  739        -4.60428715      0.61957393     -0.14720062
4289  739        -4.58802305      0.58653039     -0.09865599
4290  739        -4.58860610      0.57209142     -0.05532745
4291  739        -4.62318952      0.55748859     -0.03038954
4292  739        -4.67769329      0.53131550     -0.01456639
4293  739        -4.73616926      0.48608090      0.00183668
4294  739        -4.80495606      0.44504353      0.01759092
4295  739        -4.88058983      0.40596257      0.03295688
4296  739        -4.94660847      0.37322849      0.05266276
4297  739        -4.98755542      0.33312857      0.08239641
4298  739        -5.00811007      0.30381883      0.09730135
4299  739        -5.02383623      0.29934735      0.08311457
4300  739        -5.05626495      0.31527639      0.03902621
4301  739        -5.09765636      0.33424753      0.00499544
4302  739        -5.14289375      0.33181063     -0.00871332
4303  739        -5.18337555      0.30695812     -0.00773144
4304  739        -5.22750385      0.26103289     -0.01129810
4305  739        -5.28062920      0.21549848     -0.02838314
4306  739        -5.34242538      0.19269687     -0.05467988
4307  739        -5.39859180      0.20547180     -0.09931458
4308  739        -5.44379188      0.24121441     -0.16216211
4309  739        -5.47900525      0.27479858     -0.22479747
4310  739        -5.50020758      0.30276154     -0.26327775
4311  739        -5.50249129      0.32370094     -0.27013143
4312  739        -5.49145979      0.33603055     -0.26739189
4313  739        -5.47474011      0.33401832     -0.26771308
4314  739        -5.45463122      0.32978170     -0.26098509
4315  739        -5.42770199      0.33521206     -0.25127821
4316  739        -5.39965189      0.35753043     -0.23452528
4317  739        -5.36197090      0.38134148     -0.21970236
4318  739        -5.31760224      0.39412837     -0.20358276
4319  739        -5.27060753      0.40539688     -0.18254019
4320  739        -5.23626967      0.41223338     -0.14969144
4321  739        -5.22108822      0.40921745     -0.10500579
4322  739        -5.19796593      0.39515989     -0.06873163
4323  739        -5.15541511      0.38978891     -0.04457907
4324  739        -5.10861777      0.38405630     -0.05415845
4325  739        -5.09026017      0.40799424     -0.07646040
4326  739        -5.10662534      0.45895398     -0.08057193
4327  739        -5.15212503      0.51876073     -0.07415386
4328  739        -5.21606475      0.58435080     -0.07123235
4329  739        -5.27528686      0.66148493     -0.08605883
4330  739        -5.34429189      0.74189550     -0.10006590
4331  739        -5.41871963      0.80165643     -0.10168905
4332  739        -5.49011613      0.84511426     -0.09077769
4333  739        -5.55297016      0.87257624     -0.08808359
4334  739        -5.59227465      0.90825024     -0.11233611
4335  739        -5.60632804      0.93715119     -0.17268196
4336  739        -5.60342707      0.92979730     -0.25971572
4337  739        -5.57318140      0.86370219     -0.33215449
4338  739        -5.56479573      0.78282079     -0.39552574
4339  739        -5.58396980      0.74506027     -0.43959421
4340  739        -5.62376707      0.73699173     -0.46544380
4341  739        -5.66050092      0.73847989     -0.48790884
4342  739        -5.66847140      0.73058211     -0.51209201
4343  739        -5.65375548      0.72621135     -0.54196965
4344  739        -5.63586896      0.72432182     -0.57089107
4345  739        -5.60809474      0.72721086     -0.58125169
4346  739        -5.54645177      0.72779776     -0.59379898
4347  739        -5.47308903      0.72715883     -0.60940418
4348  739        -5.43102448      0.72829052     -0.58685051
4349  739        -5.43336537      0.74806783     -0.52182459
4350  739        -5.44542337      0.75856012     -0.45260220
4351  739        -5.43012578      0.71399697     -0.41038548
4352  739        -5.39528216      0.62853066     -0.39935268
4353  739        -5.35204262      0.54557724     -0.41252054
4354  739        -5.31371981      0.47787814     -0.43984576
4355  739        -5.28570131      0.42729090     -0.46002553
4356  739        -5.26583040      0.39965348     -0.43558433
4357  739        -5.24010800      0.39091420     -0.37246429
4358  739        -5.20926086      0.41093830     -0.29448670
4359  739        -5.17875055      0.46799122     -0.23849124
4360  739        -5.13990508      0.54353054     -0.20133063
4361  739        -5.08882700      0.62116005     -0.18242073
4362  739        -5.04285132      0.68040374     -0.17455499
4363  739        -5.02563150      0.68930667     -0.18048595
4364  739        -5.01760413      0.64065737     -0.20722945
4365  739        -5.02132448      0.54591452     -0.23614380
4366  739        -5.03884431      0.43875815     -0.24195622
4367  739        -5.07755012      0.34557426     -0.20065427
4368  739        -5.13380570      0.27709727     -0.14305998
4369  739        -5.18646011      0.23875015     -0.10823892
4370  739        -5.22309627      0.22282301     -0.12710396
4371  739        -5.24153928      0.21636218     -0.18284733
4372  739        -5.25422863      0.21408998     -0.22123034
4373  739        -5.26908151      0.19600515     -0.21560102
4374  739        -5.30165281      0.17173059     -0.19014156
4375  739        -5.33487325      0.16750641     -0.17051348
4376  739        -5.35943500      0.18065728     -0.17020007
4377  739        -5.37887215      0.18143912     -0.18610948
4378  739        -5.40726673      0.17729072     -0.20694740
4379  739        -5.43298704      0.20403188     -0.22190346
4380  739        -5.44526218      0.26130908     -0.22459915
4381  739        -5.44903562      0.31081642     -0.22847760
4382  739        -5.41902537      0.31800074     -0.23637795
4383  739        -5.36083813      0.28638192     -0.25545490
4384  739        -5.28424349      0.25817459     -0.26810815
4385  739        -5.18814306      0.23487766     -0.27871068
4386  739        -5.08791477      0.20360567     -0.28357394
4387  739        -5.02375326      0.13582143     -0.27854545
4388  739        -5.00835698      0.04836408     -0.26168240
4389  739        -5.03271228     -0.01129910     -0.24424957
4390  739        -5.06305147     -0.01750117     -0.23678104
4391  739        -5.07608918      0.01271075     -0.24009490
4392  739        -5.07023426      0.03913641     -0.23898147
4393  739        -5.04322405      0.04308995     -0.21789271
4394  739        -5.01344107      0.03154525     -0.17690552
4395  739        -4.98126855      0.00665950     -0.15388122
4396  739        -4.94438845     -0.02373412     -0.16677293
4397  739        -4.90410370     -0.04649079     -0.19641498
4398  739        -4.87492653     -0.06373199     -0.22803223
4399  739        -4.86617921     -0.07478544     -0.24786818
4400  739        -4.85997097     -0.08261222     -0.26202150
4401  739        -4.84059492     -0.09207689     -0.27812261
4402  739        -4.83452901     -0.11556783     -0.28421067
4403  739        -4.84430175     -0.13065286     -0.26345973
4404  739        -4.84071963     -0.11100545     -0.21364227
4405  739        -4.84387041     -0.07466017     -0.18108704
4406  739        -4.83251363     -0.03188814     -0.19713421
4407  739        -4.81885099      0.00714924     -0.23652524
4408  739        -4.80409036      0.04125619     -0.27067610
4409  739        -4.81928342      0.05366597     -0.30079281
4410  739        -4.85857638      0.04031283     -0.32719949
4411  739        -4.89465286     -0.00963073     -0.35714590
4412  739        -4.91131762     -0.07212911     -0.37455971
4413  739        -4.93100532     -0.11966661     -0.36202634
4414  739        -4.98157378     -0.12497491     -0.31165573
4415  739        -5.04333505     -0.10874393     -0.26011898
4416  739        -5.09634761     -0.09891874     -0.23073484
4417  739        -5.14786144     -0.12963178     -0.22395796
4418  739        -5.21648114     -0.17905955     -0.22618092
4419  739        -5.28787546     -0.20194766     -0.23609731
4420  739        -5.34570293     -0.20228787     -0.25548610
4421  739        -5.38343925     -0.21690283     -0.27139095
4422  739        -5.40515724     -0.26767050     -0.28983365
4423  739        -5.41290788     -0.31177841     -0.31708496
4424  739        -5.44956431     -0.31762550     -0.33577579
4425  739        -5.52468159     -0.29683612     -0.32325620
4426  739        -5.60869434     -0.28067649     -0.28885624
4427  739        -5.65624145     -0.27209783     -0.26643188
4428  739        -5.66030930     -0.26968069     -0.28238426
4429  739        -5.64001746     -0.26735057     -0.31338507
4430  739        -5.60734206     -0.26043040     -0.32706507
4431  739        -5.56601926     -0.25308420     -0.30117596
4432  739        -5.54144729     -0.25439091     -0.23470888
4433  739        -5.57319031     -0.28284458     -0.16469789
4434  739        -5.63143186     -0.31986664     -0.11105066
4435  739        -5.68811811     -0.35143458     -0.07611120
4436  739        -5.72808347     -0.37234999     -0.06542620
4437  739        -5.76523890     -0.39305751     -0.07571529
4438  739        -5.80337156     -0.40364725     -0.10966055
4439  739        -5.82148273     -0.40121516     -0.16975672
4440  739        -5.80101071     -0.39624811     -0.21820202
4441  739        -5.77315536     -0.38778942     -0.21301621
4442  739        -5.75860088     -0.36803620     -0.15548560
4443  739        -5.73098327     -0.36261304     -0.08364265
4444  739        -5.67395816     -0.40312264     -0.02490107
4445  739        -5.58171513     -0.46488472     -0.00064921
4446  739        -5.48577767     -0.49321074     -0.03886047
4447  739        -5.40035391     -0.49618140     -0.11024933
4448  739        -5.34275863     -0.50111129     -0.18069510
4449  739        -5.30343677     -0.50576607     -0.24893284
4450  739        -5.28568835     -0.52159940     -0.30856683
4451  739        -5.27902860     -0.52472022     -0.35849515
4452  739        -5.25521586     -0.51236622     -0.39459526
4453  739        -5.20919383     -0.48906518     -0.41882403
4454  739        -5.15628883     -0.46891129     -0.43316074
4455  739        -5.10748636     -0.44532473     -0.43296292
4456  739        -5.06465939     -0.42411001     -0.43294285
4457  739        -5.01664593     -0.42771661     -0.43475847
4458  739        -4.96657842     -0.45434547     -0.42921486
4459  739        -4.91809459     -0.50119455     -0.42278987
4460  739        -4.88017657     -0.54154615     -0.43261943
4461  739        -4.84150513     -0.57559212     -0.46096243
4462  739        -4.81456302     -0.58477283     -0.50966302
4463  739        -4.78690500     -0.57589297     -0.56628612
4464  739        -4.76750710     -0.54602937     -0.62059591
4465  739        -4.75694631     -0.51227689     -0.64170627
4466  739        -4.76304745     -0.47650178     -0.62400511
4467  739        -4.78977717     -0.43695777     -0.58861418
4468  739        -4.81515707     -0.39562110     -0.55260708
4469  739        -4.82350147     -0.34744320     -0.50580628
4470  739        -4.82027197     -0.31788471     -0.46050040
4471  739        -4.84182273     -0.32247845     -0.44065225
4472  739        -4.87903917     -0.35405188     -0.43643399
4473  739        -4.89011524     -0.37685718     -0.42092579
4474  739        -4.86874726     -0.36647093     -0.38242890
4475  739        -4.82682137     -0.31792587     -0.35166296
4476  739        -4.79302900     -0.23386433     -0.34199238
4477  739        -4.78266788     -0.12849926     -0.32742298
4478  739        -4.78060477     -0.04155539     -0.29914544
4479  739        -4.77529669      0.00893194     -0.27657226
4480  739        -4.76446241      0.03907947     -0.25323289
4481  739        -4.76289407      0.05819977     -0.23200484
4482  739        -4.75898896      0.08075191     -0.22164517
4483  739        -4.72746234      0.11966168     -0.22731450
4484  739        -4.68101839      0.17155290     -0.24306819
4485  739        -4.63254461      0.22308046     -0.24076869
4486  739        -4.60119736      0.26549591     -0.24677773
4487  739        -4.58994495      0.31017284     -0.25600754
4488  739        -4.59304371      0.35576179     -0.25471064
4489  739        -4.61167659      0.39300097     -0.24903894
4490  739        -4.65271297      0.43121472     -0.23310052
4491  739        -4.69812881      0.47945616     -0.22047234
4492  739        -4.73510097      0.55233749     -0.22537928
4493  739        -4.76619291      0.61778168     -0.24562591
4494  739        -4.79077400      0.65593306     -0.27116167
4495  739        -4.81230916      0.68960834     -0.27609316
4496  739        -4.84889878      0.71374386     -0.23973907
4497  739        -4.90396025      0.70930045     -0.18080209
4498  739        -4.95191737      0.67290404     -0.12842874
4499  739        -4.99922142      0.63709454     -0.08277167
4500  739        -5.03182096      0.62036843     -0.03657846
4501  739        -5.05220421      0.62111126     -0.00730228
4502  739        -5.06305037      0.62247117      0.00216810
4503  739        -5.07068903      0.62653390     -0.02221337
4504  739        -5.07387091      0.65329915     -0.05245795
4505  739        -5.08900548      0.69923028     -0.07587615
4506  739        -5.13424365      0.72732572     -0.09401020
4507  739        -5.19166195      0.70937759     -0.08963731
4508  739        -5.22822825      0.66535507     -0.07615140
4509  739        -5.26102098      0.60607626     -0.05466802
4510  739        -5.29665916      0.55824699     -0.03629693
4511  739        -5.31613355      0.53679412     -0.03277784
4512  739        -5.34429629      0.55278926     -0.04044428
4513  739        -5.37143970      0.59619606     -0.03931720
4514  739        -5.38756862      0.64123528     -0.02328203
4515  739        -5.40652491      0.68272842     -0.01430512
4516  739        -5.43369776      0.72168277     -0.01474516
4517  739        -5.45376858      0.77450043     -0.00906452
4518  739        -5.46381378      0.84155339     -0.00282544
4519  739        -5.48237624      0.91870347     -0.01419132
4520  739        -5.49175034      0.95022191     -0.03808190
4521  739        -5.47271781      0.93784135     -0.06893719
4522  739        -5.43832838      0.91300870     -0.10687669
4523  739        -5.40941227      0.93496347     -0.14429359
4524  739        -5.37993151      1.01124667     -0.15185070
4525  739        -5.38381545      1.10380058     -0.12423916
4526  739        -5.42992402      1.15644797     -0.07657888
4527  739        -5.48725996      1.17104550     -0.03681057
4528  739        -5.52870806      1.16496538     -0.00628068
4529  739        -5.54799843      1.16914975      0.02277417
4530  739        -5.54800450      1.17795534      0.04344322
4531  739        -5.54054017      1.17189017      0.05000544
4532  739        -5.53830793      1.14965740      0.03986153
4533  739        -5.53554572      1.13407180      0.04455474
4534  739        -5.51299340      1.13587412      0.08833629
4535  739        -5.47253097      1.15810272      0.14782947
4536  739        -5.43627820      1.19369065      0.19066967
4537  739        -5.40957171      1.21723724      0.21944601
4538  739        -5.37317556      1.21226488      0.25662786
4539  739        -5.33335841      1.19557606      0.29565408
4540  739        -5.30079313      1.19874168      0.30768620
4541  739        -5.27112387      1.21995468      0.28469414
4542  739        -5.24031466      1.22919679      0.23053179
4543  739        -5.20989773      1.23093034      0.16196943
4544  739        -5.21257309      1.25313527      0.09740244
4545  739        -5.23494479      1.34993078      0.06456225
4546  739        -5.25153015      1.48503191      0.05800319
4547  739        -5.26045658      1.58823280      0.04185729
4548  739        -5.27999230      1.61763262      0.00013896
4549  739        -5.30556632      1.58304819     -0.05481248
4550  739        -5.31101093      1.53079946     -0.08275879
4551  739        -5.31382328      1.48928651     -0.06866986
4552  739        -5.31138218      1.49655276     -0.01817763
4553  739        -5.31613097      1.54768543      0.02811998
4554  739        -5.29774802      1.60548200      0.07619986
4555  739        -5.25375621      1.65930164      0.11520535
4556  739        -5.21578186      1.73287257      0.13217992
4557  739        -5.19674802      1.80938700      0.13193745
4558  739        -5.17602201      1.84238957      0.12890652
4559  739        -5.18506009      1.83032868      0.09995036
4560  739        -5.21003286      1.77668712      0.06169345
4561  739        -5.24023759      1.74034158      0.02678280
4562  739        -5.28693522      1.74359042      0.01997014
4563  739        -5.32915075      1.80070074      0.03693047
4564  739        -5.37767476      1.85373849      0.04241667
4565  739        -5.43281864      1.89042976      0.02757802
4566  739        -5.46123503      1.89324260     -0.01183015
4567  739        -5.50450208      1.87999476     -0.07308058
4568  739        -5.55814814      1.85828144     -0.14865407
4569  739        -5.60119716      1.81074033     -0.22242150
4570  739        -5.63086404      1.75297154     -0.28647676
4571  739        -5.65775861      1.69609708     -0.33261292
4572  739        -5.71168270      1.66390959     -0.33705726
4573  739        -5.81847967      1.65808169     -0.32523302
4574  739        -5.89619414      1.66117767     -0.30494795
4575  739        -5.93201362      1.65994625     -0.29134005
4576  739        -5.93366858      1.67009406     -0.28255537
4577  739        -5.90184020      1.65333864     -0.29883779
4578  739        -5.85550812      1.60459554     -0.33632432
4579  739        -5.81429976      1.57466064     -0.37246583
4580  739        -5.77685685      1.61047528     -0.40157536
4581  739        -5.75727728      1.68898120     -0.42634081
4582  739        -5.74047184      1.71861009     -0.44125054
4583  739        -5.71552119      1.70685924     -0.43280722
4584  739        -5.70677584      1.69475299     -0.41959260
4585  739        -5.70987972      1.70136196     -0.39621596
4586  739        -5.72408678      1.70506395     -0.36956914
4587  739        -5.74856704      1.69276739     -0.34194390
4588  739        -5.76709262      1.63898824     -0.32137288
4589  739        -5.78169741      1.57044629     -0.28839240
4590  739        -5.80669326      1.54880364     -0.24833213
4591  739        -5.83651564      1.58383301     -0.20400560
4592  739        -5.84830206      1.60712169     -0.16474574
4593  739        -5.82611574      1.60118728     -0.13180849
4594  739        -5.78506174      1.58287259     -0.10172971
4595  739        -5.72721026      1.58245844     -0.04693580
4596  739        -5.68465016      1.60452755      0.01860205
4597  739        -5.69772548      1.62510716      0.07799633
4598  739        -5.76291651      1.62322950      0.11666983
4599  739        -5.85264636      1.60861558      0.12951864
4600  739        -5.93700703      1.60042554      0.13238398
4601  739        -6.00424396      1.61387815      0.13409619
4602  739        -6.05926836      1.64363450      0.12700823
4603  739        -6.08893704      1.67622561      0.08923399
4604  739        -6.09307457      1.69608639      0.04136332
4605  739        -6.08045140      1.68498145      0.01356226
4606  739        -6.06369560      1.62386797      0.04364044
4607  739        -6.07141122      1.52847041      0.12843670
4608  739        -6.10379617      1.45276306      0.23853289
4609  739        -6.15418838      1.39628730      0.32906869
4610  739        -6.20270602      1.35968425      0.38477441
4611  739        -6.22976389      1.32833116      0.41840777
4612  739        -6.24498504      1.30522465      0.41738782
4613  739        -6.24621954      1.30513906      0.35829227
4614  739        -6.24915538      1.32991897      0.26785953
4615  739        -6.27145924      1.36329475      0.17732732
4616  739        -6.32480438      1.36812946      0.09025285
4617  739        -6.38429671      1.33982712      0.02355903
4618  739        -6.42056569      1.29726285     -0.01176169
4619  739        -6.45602653      1.27427580     -0.03194992
4620  739        -6.48725187      1.28511290     -0.04359927
4621  739        -6.52169824      1.32029261     -0.05661682
4622  739        -6.56305234      1.35037530     -0.06478456
4623  739        -6.60807051      1.36311644     -0.08003775
4624  739        -6.66138967      1.39461535     -0.09600155
4625  739        -6.72967485      1.44102102     -0.12392502
4626  739        -6.77107921      1.46618730     -0.16183421
4627  739        -6.80154589      1.49198216     -0.20954345
4628  739        -6.84048888      1.53661831     -0.26647159
4629  739        -6.87655061      1.58853828     -0.34693489
4630  682        -8.25274581      3.40657390      0.59528954
4631  682        -8.34007042      3.33245461      0.61233666
4632  682        -8.42841812      3.26225515      0.63361827
4633  682        -8.49406597      3.23171995      0.65750882
4634  682        -8.52321790      3.24470568      0.67573148
4635  682        -8.55162602      3.26894964      0.68180088
4636  682        -8.60005607      3.27247727      0.68412011
4637  682        -8.66412520      3.24405474      0.67223795
4638  682        -8.74205032      3.19172504      0.63688815
4639  682        -8.81767170      3.13109741      0.59270998
4640  682        -8.86645495      3.07357804      0.57847604
4641  682        -8.90206126      3.02143925      0.60478619
4642  682        -8.94128005      2.98706365      0.63222563
4643  682        -9.00255490      2.95890295      0.65652258
4644  682        -9.08959026      2.91003290      0.68901345
4645  682        -9.18567275      2.85096401      0.72384964
4646  682        -9.27464825      2.78655688      0.73473390
4647  682        -9.35642661      2.74970088      0.72659928
4648  682        -9.40981323      2.75892710      0.71958790
4649  682        -9.42833346      2.79969649      0.75621084
4650  682        -9.44813968      2.83345103      0.81261279
4651  682        -9.49950295      2.83763275      0.86525424
4652  682        -9.57245984      2.80632120      0.89623934
4653  682        -9.64943215      2.76683424      0.92113237
4654  682        -9.72226819      2.73286383      0.94972356
4655  682        -9.76956318      2.71761921      0.97474536
4656  682        -9.78588955      2.72376172      0.97884040
4657  682        -9.77055668      2.72337302      0.97000361
4658  682        -9.74833794      2.70753702      0.94622772
4659  682        -9.73822347      2.68745655      0.91047071
4660  682        -9.75602048      2.67843136      0.88985725
4661  682        -9.79393962      2.67742818      0.87381329
4662  682        -9.84238828      2.66229356      0.86672599
4663  682        -9.87588094      2.62182508      0.83825835
4664  682        -9.86072668      2.57816484      0.77879406
4665  682        -9.82160395      2.56838812      0.71683417
4666  682        -9.79458968      2.56952556      0.66282334
4667  682        -9.79158700      2.55260767      0.62435536
4668  682        -9.79315219      2.52631927      0.60699620
4669  682        -9.79627033      2.51001958      0.62074198
4670  682        -9.80583442      2.50394091      0.64777174
4671  682        -9.82870559      2.49822239      0.68039882
4672  682        -9.84398859      2.48144251      0.68108969
4673  682        -9.84663038      2.45217596      0.65673377
4674  682        -9.86324034      2.41868989      0.64036215
4675  682        -9.87889178      2.40562561      0.66656234
4676  682        -9.87301550      2.41587892      0.71026409
4677  682        -9.82655842      2.43718349      0.74034167
4678  682        -9.76180615      2.44467171      0.74948863
4679  682        -9.72027482      2.42805535      0.74439370
4680  682        -9.70896917      2.39673364      0.75082016
4681  682        -9.68793845      2.36616267      0.76848271
4682  682        -9.65723061      2.34895936      0.81105110
4683  682        -9.63596461      2.34760321      0.86620464
4684  682        -9.62091493      2.36570617      0.89812945
4685  682        -9.58647942      2.39164530      0.88808725
4686  682        -9.54458962      2.42308546      0.87199001
4687  682        -9.52311316      2.45864769      0.86938302
4688  682        -9.55283021      2.49866697      0.86904925
4689  682        -9.61664489      2.52805354      0.86112821
4690  682        -9.68190410      2.53678598      0.86138892
4691  682        -9.74300923      2.52012386      0.88672512
4692  682        -9.79746301      2.49294766      0.91956896
4693  682        -9.83571507      2.46037583      0.94837664
4694  682        -9.84475259      2.41539473      0.94985319
4695  682        -9.84474787      2.37393411      0.94380527
4696  682        -9.85297614      2.37185041      0.94895896
4697  682        -9.87868376      2.41793406      0.96356337
4698  682        -9.90866663      2.47852160      0.96226564
4699  682        -9.93992994      2.53734925      0.95836609
4700  682        -9.98562098      2.59016696      0.95900418
4701  682       -10.03062555      2.63663267      0.96869350
4702  682       -10.03322978      2.67618979      0.99246559
4703  682        -9.98618024      2.70979544      1.02283783
4704  682        -9.91887811      2.73207075      1.06723477
4705  682        -9.85547821      2.76757739      1.14408802
4706  682        -9.81993597      2.83156778      1.25140134
4707  682        -9.81450014      2.90732810      1.32171479
4708  682        -9.80895007      2.93480218      1.33276223
4709  682        -9.76265452      2.90136308      1.30553241
4710  682        -9.70894843      2.84428991      1.27501914
4711  682        -9.69188093      2.79641508      1.24423003
4712  682        -9.71832504      2.77685877      1.21504633
4713  682        -9.75495879      2.77328729      1.21262256
4714  682        -9.78089189      2.77533379      1.24644546
4715  682        -9.81975788      2.78212240      1.30122800
4716  682        -9.84698819      2.81871186      1.32480373
4717  682        -9.84317887      2.86097010      1.29204932
4718  682        -9.80493283      2.89404380      1.21983909
4719  682        -9.78277596      2.90375712      1.15776779
4720  682        -9.80663622      2.87826742      1.11846255
4721  682        -9.85168611      2.81990115      1.11991024
4722  682        -9.88759296      2.76452936      1.16606255
4723  682        -9.95491835      2.71315978      1.23451032
4724  682       -10.04661544      2.68123739      1.28900503
4725  682       -10.10610818      2.70938389      1.31124774
4726  682       -10.15997004      2.74648678      1.28874941
4727  682       -10.19381448      2.79778024      1.23800425
4728  682       -10.21914316      2.84956158      1.18725568
4729  682       -10.26295956      2.90820648      1.16371008
4730  682       -10.32837287      2.94209144      1.17669326
4731  682       -10.40741392      2.92452621      1.20399577
4732  682       -10.48849628      2.88846648      1.23127933
4733  682       -10.56256995      2.85710104      1.23648457
4734  682       -10.61679795      2.85197328      1.21075324
4735  682       -10.65640129      2.85986601      1.17287880
4736  682       -10.70201253      2.86567576      1.17769565
4737  682       -10.76108554      2.86562204      1.22499451
4738  682       -10.81599676      2.90320367      1.26626271
4739  682       -10.86208768      2.96291199      1.28738554
4740  682       -10.89655816      3.01590493      1.29364576
4741  682       -10.91410155      3.02714405      1.28382218
4742  682       -10.92117794      3.01519599      1.26098479
4743  682       -10.91839384      3.00552815      1.24405900
4744  682       -10.89546808      3.01600051      1.23871807
4745  682       -10.85740851      3.04725359      1.26840125
4746  682       -10.80718555      3.07223767      1.31689223
4747  682       -10.76198650      3.09875651      1.38086171
4748  682       -10.73002584      3.14201910      1.45098676
4749  682       -10.73278508      3.21397240      1.53082982
4750  682       -10.77189208      3.29500115      1.62248053
4751  682       -10.81088095      3.36851544      1.71262555
4752  682       -10.81029881      3.42573341      1.78601379
4753  682       -10.77678651      3.47529284      1.83324562
4754  682       -10.74843997      3.50637725      1.84487774
4755  682       -10.75198777      3.51052227      1.81708950
4756  682       -10.80093601      3.49252792      1.78094584
4757  682       -10.87321517      3.45921342      1.75415981
4758  682       -10.94379217      3.40529956      1.72163179
4759  682       -10.98865420      3.34367968      1.65935642
4760  682       -11.01865154      3.29375516      1.59560853
4761  682       -11.05489886      3.26459839      1.53805530
4762  682       -11.08805415      3.24792577      1.49768403
4763  682       -11.11592409      3.21629362      1.47204422
4764  682       -11.11951219      3.16274105      1.46982299
4765  682       -11.11528026      3.10047407      1.47893930
4766  682       -11.11138092      3.04562586      1.48254209
4767  682       -11.12681634      3.00742319      1.48213512
4768  682       -11.14874771      3.00112467      1.46538157
4769  682       -11.14707798      3.02792007      1.41184203
4770  682       -11.09862660      3.06754089      1.32567732
4771  682       -11.05543794      3.08283011      1.25927981
4772  682       -11.06339628      3.03350900      1.22617053
4773  682       -11.08108078      2.94197932      1.21883966
4774  682       -11.05924368      2.87655018      1.20892362
4775  682       -10.99872877      2.83365087      1.20657561
4776  682       -10.93443957      2.80145898      1.20918572
4777  682       -10.90493976      2.78079079      1.21410463
4778  682       -10.92939461      2.75737592      1.23267807
4779  682       -10.94859873      2.73250254      1.25534399
4780  682       -10.96632963      2.68925982      1.27353717
4781  682       -10.96741900      2.63150265      1.27248696
4782  682       -10.91789286      2.56740346      1.23332994
4783  682       -10.81861375      2.51071396      1.17387128
4784  682       -10.72626955      2.46652681      1.09164278
4785  682       -10.67434380      2.42874419      1.00200786
4786  682       -10.65314599      2.40616495      0.91833194
4787  682       -10.64501850      2.39548061      0.85434107
4788  682       -10.65500636      2.39037630      0.80664374
4789  682       -10.66380349      2.37216507      0.76565106
4790  682       -10.64600669      2.34042255      0.71863945
4791  682       -10.63251952      2.32173052      0.68774315
4792  682       -10.62222414      2.34258165      0.68029231
4793  682       -10.60396290      2.36625360      0.68038710
4794  682       -10.55795145      2.36525691      0.64982856
4795  682       -10.49929412      2.34817412      0.59235918
4796  682       -10.44875949      2.32392172      0.53470767
4797  682       -10.44252263      2.32830334      0.49848539
4798  682       -10.47425859      2.36363630      0.45655382
4799  682       -10.51328328      2.40542414      0.40692885
4800  682       -10.54375857      2.43054041      0.40682531
4801  682       -10.55924279      2.41736919      0.44187347
4802  682       -10.58426755      2.36996032      0.46632112
4803  682       -10.58991934      2.32001267      0.46925099
4804  682       -10.57056188      2.28538164      0.47457270
4805  682       -10.56470714      2.26870643      0.49814684
4806  682       -10.61254634      2.26245280      0.50547863
4807  682       -10.70015173      2.24478852      0.50058659
4808  682       -10.78780937      2.22913678      0.50110793
4809  682       -10.83524825      2.23150195      0.47321184
4810  682       -10.84152654      2.26922803      0.39859564
4811  682       -10.82540414      2.33202869      0.31824310
4812  682       -10.80282256      2.39805359      0.27486318
4813  682       -10.80201334      2.46969103      0.27508490
4814  682       -10.80684197      2.53178093      0.27493858
4815  682       -10.79001103      2.56301112      0.27748018
4816  682       -10.74687170      2.54470956      0.29364025
4817  682       -10.71663380      2.50811323      0.31364979
4818  682       -10.72209571      2.47564420      0.32459153
4819  682       -10.74817863      2.46570581      0.31862284
4820  682       -10.77620687      2.48694226      0.30094612
4821  682       -10.78928451      2.52951773      0.27654696
4822  682       -10.78762104      2.54418881      0.25589079
4823  682       -10.76714271      2.52630429      0.22649703
4824  682       -10.74094669      2.50023948      0.19572760
4825  682       -10.70238352      2.49911943      0.17019692
4826  682       -10.64807568      2.52410796      0.14438775
4827  682       -10.57489408      2.55135444      0.10091664
4828  682       -10.49213926      2.58426504      0.04499799
4829  682       -10.41728487      2.63017107      0.00484435
4830  682       -10.36703654      2.68143011      0.01439355
4831  682       -10.36290905      2.71919165      0.06745013
4832  682       -10.37205237      2.74419988      0.12295947
4833  682       -10.36124253      2.75491525      0.16373212
4834  682       -10.32553890      2.75568385      0.18019972
4835  682       -10.27073387      2.73417471      0.19177927
4836  682       -10.20348681      2.70512103      0.18644479
4837  682       -10.15392729      2.70618306      0.15465983
4838  682       -10.13608822      2.74599923      0.10021778
4839  682       -10.15421439      2.80156432      0.06518342
4840  682       -10.18081386      2.84552147      0.07292388
4841  682       -10.20575534      2.86782932      0.11278026
4842  682       -10.21803861      2.88460649      0.16618568
4843  682       -10.21027965      2.91108668      0.20176536
4844  682       -10.18135448      2.93780462      0.20118893
4845  682       -10.13813880      2.93533633      0.16493626
4846  682       -10.08804989      2.91196056      0.11322545
4847  682       -10.03077337      2.89831482      0.07034292
4848  682        -9.98101400      2.92068311      0.06901636
4849  682        -9.95583911      2.96300855      0.09855336
4850  682        -9.96135344      2.99197186      0.13261424
4851  682        -9.98487436      3.00496715      0.15734687
4852  682       -10.01428685      3.00989304      0.16080990
4853  682       -10.03796807      3.01369205      0.12860591
4854  682       -10.06017707      3.01098444      0.06579240
4855  682       -10.07226110      3.01312917      0.01191391
4856  682       -10.05941753      3.02619870     -0.01790090
4857  682       -10.02042082      3.02582642     -0.02924188
4858  682        -9.96682982      3.00878350     -0.04586756
4859  682        -9.91925791      2.99721437     -0.07447036
4860  682        -9.90151919      3.00562442     -0.10679826
4861  682        -9.92473759      3.02725408     -0.12501016
4862  682        -9.97816850      3.06474059     -0.10087681
4863  682       -10.05077763      3.09992322     -0.04562171
4864  682       -10.12566973      3.12497941     -0.00610128
4865  682       -10.19379064      3.14546283     -0.02719595
4866  682       -10.25075348      3.17420569     -0.10478518
4867  682       -10.30214973      3.19861544     -0.19391427
4868  682       -10.33700487      3.21739101     -0.27424180
4869  682       -10.33490993      3.22594298     -0.31826048
4870  682       -10.28622633      3.23402258     -0.33150072
4871  682       -10.21705674      3.23113118     -0.32220708
4872  682       -10.16625469      3.21131383     -0.31404773
4873  682       -10.14830382      3.17047298     -0.32874195
4874  682       -10.15779507      3.11106004     -0.39487217
4875  682       -10.17734740      3.06322641     -0.49802424
4876  682       -10.18893320      3.03590049     -0.60305525
4877  682       -10.17401804      3.04020709     -0.68022760
4878  682       -10.12069057      3.06472367     -0.73012146
4879  682       -10.02280319      3.09868164     -0.76181989
4880  682        -9.91476209      3.12666189     -0.77802362
4881  682        -9.84089583      3.14280273     -0.76876744
4882  682        -9.83161438      3.15810671     -0.70102594
4883  682        -9.85884285      3.17909475     -0.61677328
4884  682        -9.89906328      3.22647662     -0.54373367
4885  682        -9.94452584      3.30634935     -0.51054212
4886  682        -9.96107496      3.40303095     -0.51429858
4887  682        -9.93473210      3.49831733     -0.53998268
4888  682        -9.88890418      3.57333062     -0.57718353
4889  682        -9.84981819      3.62194485     -0.63217250
4890  682        -9.81520157      3.64552549     -0.70407062
4891  682        -9.76942106      3.65487304     -0.77982988
4892  682        -9.71540060      3.67589822     -0.85409198
4893  682        -9.65026769      3.72588235     -0.92141762
4894  682        -9.58659726      3.78901615     -0.97986018
4895  682        -9.58467747      3.85801592     -0.98377975
4896  682        -9.64836617      3.93049001     -0.92305825
4897  682        -9.72442966      4.01837029     -0.83532797
4898  682        -9.75987616      4.12391283     -0.75679647
4899  682        -9.72528980      4.19172943     -0.70236769
4900  682        -9.63065906      4.21145576     -0.66830132
4901  682        -9.51951506      4.21165128     -0.64448775
4902  682        -9.42207145      4.21873804     -0.64043862
4903  682        -9.35270783      4.24050972     -0.64897942
4904  682        -9.30181700      4.26864329     -0.64439377
4905  682        -9.26944846      4.29471100     -0.62767223
4906  682        -9.23308084      4.32574702     -0.62216048
4907  682        -9.15919645      4.36388594     -0.64637609
4908  682        -9.04923122      4.39103770     -0.69784399
4909  682        -8.94281495      4.39441448     -0.77666802
4910  682        -8.88284460      4.37382265     -0.88573721
4911  682        -8.86565126      4.36161789     -0.99234917
4912  682        -8.87652440      4.37372996     -1.06180340
4913  682        -8.91401286      4.39338258     -1.06430741
4914  682        -8.96141329      4.42375771     -1.03636319
4915  682        -8.98770259      4.48170388     -0.99843838
4916  682        -8.96602754      4.54034255     -0.95649819
4917  682        -8.90866256      4.56701225     -0.92794367
4918  682        -8.85233665      4.57213175     -0.90074473
4919  682        -8.81432548      4.58846620     -0.86970663
4920  682        -8.77581519      4.62740850     -0.83680695
4921  682        -8.75775794      4.67586954     -0.79224439
4922  682        -8.78531312      4.70245769     -0.75277419
4923  682        -8.85937726      4.70300817     -0.73962369
4924  682        -8.96249668      4.69731512     -0.73955675
4925  682        -9.03275502      4.70045847     -0.75169303
4926  682        -9.03636843      4.71391275     -0.78583497
4927  682        -8.98387101      4.73221397     -0.82239503
4928  682        -8.90522814      4.74319769     -0.85909921
4929  682        -8.83031795      4.73377127     -0.91165787
4930  682        -8.78108855      4.72549453     -0.96657705
4931  682        -8.76464990      4.70446695     -0.99632887
4932  682        -8.76694266      4.68421796     -1.01149698
4933  682        -8.78152064      4.64477296     -1.03049391
4934  682        -8.79449718      4.57780390     -1.01883476
4935  682        -8.78745101      4.49694126     -0.96717966
4936  682        -8.77558434      4.43421699     -0.90258015
4937  682        -8.77152790      4.38192345     -0.86178799
4938  682        -8.77160794      4.31790880     -0.85485288
4939  682        -8.75793811      4.25272123     -0.87951911
4940  682        -8.71795268      4.21596856     -0.92164894
4941  682        -8.68065482      4.19027140     -0.96656047
4942  682        -8.64708090      4.14867193     -0.98400679
4943  682        -8.59666535      4.11100627     -0.96462048
4944  682        -8.54320705      4.08957239     -0.94243096
4945  682        -8.51371949      4.05441595     -0.93496624
4946  682        -8.51037946      4.01265267     -0.92030707
4947  682        -8.51371009      3.99615940     -0.89904186
4948  682        -8.51382372      4.00976090     -0.88288059
4949  682        -8.51190178      4.01740041     -0.87691436
4950  682        -8.51631347      3.98858046     -0.86209295
4951  682        -8.50058532      3.93416683     -0.84959564
4952  682        -8.46109646      3.88596903     -0.86306621
4953  682        -8.42715995      3.86405367     -0.88768175
4954  682        -8.41162453      3.84725044     -0.90060740
4955  682        -8.39767674      3.81017708     -0.91218963
4956  682        -8.37560392      3.76886305     -0.91621422
4957  682        -8.34463630      3.74674887     -0.88621644
4958  682        -8.33164160      3.75243568     -0.84664866
4959  682        -8.33658135      3.76429655     -0.82220484
4960  682        -8.33329984      3.78566232     -0.83069713
4961  682        -8.31640630      3.81970954     -0.84157840
4962  682        -8.27792202      3.87009390     -0.83689352
4963  682        -8.23346172      3.92852665     -0.84125645
4964  682        -8.18027411      3.95131292     -0.87334007
4965  682        -8.12923978      3.93344870     -0.91450171
4966  682        -8.10225858      3.89754265     -0.93673702
4967  682        -8.09680384      3.86493402     -0.91626121
4968  682        -8.11969440      3.84795138     -0.85858950
4969  682        -8.13992408      3.82852313     -0.81788587
4970  682        -8.13811125      3.80624113     -0.79360517
4971  682        -8.11148669      3.77251950     -0.76082460
4972  682        -8.09136580      3.73447023     -0.70060707
4973  682        -8.08615446      3.70511398     -0.65946189
4974  682        -8.07660578      3.69657614     -0.68729414
4975  682        -8.04500243      3.69892998     -0.75391497
4976  682        -7.98941577      3.70039584     -0.80047671
4977  682        -7.93042834      3.70562479     -0.80252282
4978  682        -7.87319226      3.68903330     -0.77423432
4979  682        -7.85179094      3.64784501     -0.74781407
4980  682        -7.87788507      3.60859735     -0.73668178
4981  682        -7.94674253      3.58575690     -0.75487360
4982  682        -8.02232134      3.56228882     -0.78305289
4983  682        -8.06665378      3.54670720     -0.80917231
4984  682        -8.05588457      3.54370917     -0.82569697
4985  682        -8.02178903      3.54690338     -0.84094949
4986  682        -7.99804773      3.55263902     -0.85804417
4987  682        -7.99158601      3.55345404     -0.86434112
4988  682        -7.98618106      3.55454134     -0.86165904
4989  682        -7.96153823      3.55281824     -0.86805784
4990  682        -7.95335428      3.54218049     -0.85322326
4991  682        -7.97614895      3.51943412     -0.79882759
4992  682        -8.02047598      3.48717623     -0.73614247
4993  682        -8.05432232      3.44321345     -0.68373422
4994  682        -8.08979480      3.38486261     -0.64379415
4995  682        -8.12569221      3.32771216     -0.60204032
4996  682        -8.14495696      3.28548761     -0.57254337
4997  682        -8.14592637      3.27236739     -0.56008539
4998  682        -8.17420494      3.29446614     -0.55207102
4999  682        -8.23832070      3.35754598     -0.54045590
5000  682        -8.29528394      3.44604768     -0.53751009
