0     652        -6.58369418     -6.59087720     -0.99857698
1     652        -6.60630599     -6.57329076     -1.01632854
2     652        -6.64597706     -6.56163452     -1.04377937
3     652        -6.70815337     -6.53993859     -1.10100024
4     652        -6.77569256     -6.54136461     -1.16991323
5     652        -6.80116647     -6.58510966     -1.23043230
6     652        -6.76994869     -6.64701865     -1.27997204
7     652        -6.72614476     -6.71023900     -1.32330483
8     652        -6.72181812     -6.74870834     -1.37477582
9     652        -6.74117033     -6.75555125     -1.42694984
10    652        -6.76187010     -6.73399473     -1.49248629
11    652        -6.76396695     -6.68157287     -1.56651793
12    652        -6.74999822     -6.63779773     -1.64557384
13    652        -6.73944410     -6.63885815     -1.70574790
14    652        -6.70948318     -6.65387529     -1.75523841
15    652        -6.68091672     -6.64779551     -1.78832345
16    652        -6.69509772     -6.66503275     -1.79474828
17    652        -6.76928275     -6.70044480     -1.79723752
18    652        -6.81907700     -6.71342499     -1.79684646
19    652        -6.84723895     -6.71939963     -1.79003419
20    652        -6.87898749     -6.75212041     -1.74765565
21    652        -6.90716049     -6.79492565     -1.67553890
22    652        -6.93728562     -6.83460139     -1.60925801
23    652        -6.96256435     -6.88274886     -1.55146981
24    652        -6.97914060     -6.96712100     -1.47352200
25    652        -7.01176129     -7.07498214     -1.36311519
26    652        -7.06805342     -7.17358661     -1.25175306
27    652        -7.12430701     -7.24302415     -1.18295150
28    652        -7.17506100     -7.28191906     -1.17575311
29    652        -7.22150108     -7.31945327     -1.20162360
30    652        -7.23176333     -7.35423634     -1.20728785
31    652        -7.22385868     -7.38749649     -1.17816819
32    652        -7.22145784     -7.40256592     -1.14437175
33    652        -7.22547199     -7.40389652     -1.11370950
34    652        -7.24380351     -7.41698514     -1.07871376
35    652        -7.25806328     -7.44361453     -1.03626408
36    652        -7.27091695     -7.47452731     -0.99943124
37    652        -7.31117504     -7.50694401     -0.96618348
38    652        -7.40493962     -7.54591094     -0.94357940
39    652        -7.48866933     -7.58076998     -0.93612389
40    652        -7.50672966     -7.63116035     -0.93074344
41    652        -7.46901827     -7.66195009     -0.93770120
42    652        -7.42611512     -7.69058823     -0.95937947
43    652        -7.40101780     -7.75029130     -0.99684429
44    652        -7.38948268     -7.83621098     -1.04479402
45    652        -7.38873067     -7.90428558     -1.09324955
46    652        -7.41150450     -7.94788795     -1.12746504
47    652        -7.43732575     -7.98781487     -1.14260937
48    652        -7.44535313     -8.04113966     -1.15937252
49    652        -7.44316829     -8.10990559     -1.17950270
50    652        -7.44435461     -8.17374332     -1.20104613
51    652        -7.44288845     -8.22890650     -1.23984547
52    652        -7.44461917     -8.28635113     -1.28066965
53    652        -7.45813022     -8.35656288     -1.32398302
54    652        -7.50739799     -8.41929334     -1.38169414
55    652        -7.58789013     -8.48742945     -1.44100016
56    652        -7.64527041     -8.55954765     -1.49535733
57    652        -7.63764606     -8.63196690     -1.54021672
58    652        -7.59485790     -8.69585883     -1.57984918
59    652        -7.54438673     -8.73475088     -1.59187719
60    652        -7.48763612     -8.74457236     -1.58650481
61    652        -7.42575164     -8.75560818     -1.58540096
62    652        -7.37999394     -8.80552124     -1.60505366
63    652        -7.35152258     -8.89542890     -1.61478997
64    652        -7.31774157     -8.99288711     -1.60592399
65    652        -7.29540629     -9.06190051     -1.58809130
66    652        -7.28977853     -9.08966958     -1.57881246
67    652        -7.27978507     -9.07045194     -1.58630275
68    652        -7.23874150     -9.03924346     -1.60586042
69    652        -7.16421747     -9.03236727     -1.63839975
70    652        -7.07795976     -9.07483124     -1.67533758
71    652        -7.02891347     -9.16122496     -1.71983485
72    652        -7.03418917     -9.24225981     -1.74692052
73    652        -7.07080784     -9.29371788     -1.75140086
74    652        -7.09028198     -9.29944653     -1.75759624
75    652        -7.05148031     -9.28956254     -1.78362574
76    652        -6.97958131     -9.30670827     -1.82486573
77    652        -6.89418861     -9.35246942     -1.85111143
78    652        -6.78953894     -9.40749170     -1.86417503
79    652        -6.70083103     -9.46335180     -1.86623850
80    652        -6.64802100     -9.49181321     -1.86641837
81    652        -6.63285365     -9.47798718     -1.86160322
82    652        -6.64633770     -9.46212631     -1.85359027
83    652        -6.66225800     -9.47199456     -1.85267347
84    652        -6.64362400     -9.51327669     -1.86688436
85    652        -6.58254146     -9.57431802     -1.88349360
86    652        -6.50866653     -9.63001674     -1.90491328
87    652        -6.45632222     -9.66384190     -1.94065763
88    652        -6.44152726     -9.65475648     -1.96046914
89    652        -6.44255399     -9.62969509     -1.94410095
90    652        -6.42412132     -9.63605914     -1.91347521
91    652        -6.36393152     -9.67769457     -1.86992822
92    652        -6.29495746     -9.72911935     -1.82764430
93    652        -6.27007688     -9.75206775     -1.79295935
94    652        -6.27626816     -9.75806337     -1.77801816
95    652        -6.28835101     -9.76136237     -1.79515396
96    652        -6.26492760     -9.76309585     -1.83039708
97    652        -6.22404426     -9.75778333     -1.89016373
98    652        -6.19665940     -9.74510255     -1.97334479
99    652        -6.20372140     -9.71498284     -2.04589740
100   652        -6.22270187     -9.67535755     -2.09830297
101   652        -6.22700456     -9.66070511     -2.13120356
102   652        -6.21278505     -9.66182599     -2.14639904
103   652        -6.18912133     -9.66106800     -2.12456818
104   652        -6.16576586     -9.64689082     -2.09880029
105   652        -6.13285412     -9.64463711     -2.10650677
106   652        -6.07207123     -9.66245444     -2.13908334
107   652        -5.99837927     -9.68274728     -2.16662072
108   652        -5.93513965     -9.68264090     -2.18302512
109   652        -5.88392138     -9.66039175     -2.20273539
110   652        -5.85826712     -9.64918602     -2.21246002
111   652        -5.86431699     -9.67222845     -2.19194346
112   652        -5.89099256     -9.72012340     -2.16684013
113   652        -5.88859888     -9.75999097     -2.16904097
114   652        -5.84718584     -9.77471881     -2.19183485
115   652        -5.78199924     -9.78247180     -2.23073885
116   652        -5.72798588     -9.79708870     -2.28335575
117   652        -5.68573111     -9.81413240     -2.34512886
118   652        -5.64554997     -9.82326850     -2.40088320
119   652        -5.60086015     -9.82208737     -2.43942941
120   652        -5.55571324     -9.82802557     -2.45928917
121   652        -5.52049486     -9.85205715     -2.48418144
122   652        -5.47962917     -9.86847246     -2.53599647
123   652        -5.42131596     -9.86378428     -2.61212591
124   652        -5.33947145     -9.87651466     -2.68039087
125   652        -5.26454677     -9.91750705     -2.71215232
126   652        -5.21733689     -9.96861910     -2.71350114
127   652        -5.19956069    -10.00270607     -2.68675063
128   652        -5.19415438    -10.00782768     -2.65326396
129   652        -5.18644300     -9.98987787     -2.62398962
130   652        -5.19035150     -9.94655451     -2.60913679
131   652        -5.22348508     -9.88940999     -2.60295863
132   652        -5.26182751     -9.83196536     -2.61672076
133   652        -5.26715762     -9.80393421     -2.65112118
134   652        -5.23001341     -9.82020165     -2.68625325
135   652        -5.17254764     -9.86891579     -2.70924481
136   652        -5.13948653     -9.91109329     -2.71086358
137   652        -5.13050774     -9.94029089     -2.70912487
138   652        -5.13001932     -9.93333141     -2.71695465
139   652        -5.10598739     -9.89973618     -2.73372231
140   652        -5.08233427     -9.85649920     -2.76004064
141   652        -5.04382550     -9.81181549     -2.78002296
142   652        -4.98661596     -9.79023604     -2.77628019
143   652        -4.95067066     -9.81608145     -2.73998881
144   652        -4.96992671     -9.86217473     -2.69061629
145   652        -5.02124785     -9.88557346     -2.63300415
146   652        -5.06353658     -9.88148573     -2.59209045
147   652        -5.07820052     -9.85717369     -2.57789297
148   652        -5.05019374     -9.80329089     -2.55989766
149   652        -4.99788840     -9.73719739     -2.52263154
150   652        -4.93872483     -9.69731354     -2.49089295
151   652        -4.88605189     -9.68205499     -2.47305862
152   652        -4.82431326     -9.67507202     -2.45678377
153   652        -4.76915210     -9.68544742     -2.42978069
154   652        -4.74314289     -9.71649953     -2.39893718
155   652        -4.74301840     -9.73747619     -2.37466080
156   652        -4.76268503     -9.70983621     -2.35022783
157   652        -4.77707114     -9.66232731     -2.32160581
158   652        -4.76245475     -9.61489934     -2.29041066
159   652        -4.70674815     -9.57638271     -2.27624529
160   652        -4.62999787     -9.54651197     -2.28732641
161   652        -4.55405780     -9.55071000     -2.31679187
162   652        -4.49107326     -9.59078571     -2.34548350
163   652        -4.42739163     -9.61362385     -2.37420238
164   652        -4.37587470     -9.61301174     -2.38707314
165   652        -4.34937489     -9.59727282     -2.38165261
166   652        -4.34906409     -9.59111134     -2.38204639
167   652        -4.36766305     -9.59651850     -2.40961423
168   652        -4.38819818     -9.61557708     -2.45569969
169   652        -4.39256905     -9.64221027     -2.49440432
170   652        -4.35257732     -9.68178281     -2.52481382
171   652        -4.27371626     -9.72685020     -2.55783383
172   652        -4.17950360     -9.76142615     -2.58080429
173   652        -4.10712274     -9.79254977     -2.57933395
174   652        -4.06098751     -9.81885299     -2.56238005
175   652        -4.05176903     -9.82668230     -2.53605240
176   652        -4.08143283     -9.82062684     -2.50549339
177   652        -4.13576371     -9.83793439     -2.47067948
178   652        -4.19656929     -9.87508997     -2.43238117
179   652        -4.24152258     -9.89976759     -2.40628417
180   652        -4.25704685     -9.92396447     -2.38321177
181   652        -4.23075985     -9.94349721     -2.37327864
182   652        -4.19867905     -9.94435741     -2.36926900
183   652        -4.19551356     -9.94336815     -2.33862537
184   652        -4.22384296     -9.94958091     -2.29084093
185   652        -4.27825493     -9.97915265     -2.23464785
186   652        -4.35899931    -10.01358422     -2.15347379
187   652        -4.45685243    -10.05080572     -2.05546802
188   652        -4.54296207    -10.07469834     -1.96933803
189   652        -4.61463671    -10.05383667     -1.90468619
190   652        -4.66043286     -9.96465876     -1.84225128
191   652        -4.68945720     -9.86170130     -1.80637962
192   652        -4.70068583     -9.80077634     -1.81411806
193   652        -4.70476090     -9.79203713     -1.83955144
194   652        -4.70987449     -9.81029630     -1.87087234
195   652        -4.70871015     -9.84134875     -1.90557543
196   652        -4.70051136     -9.89354854     -1.91706983
197   652        -4.69363460     -9.95337321     -1.92460124
198   652        -4.72537088     -9.97336336     -1.94862404
199   652        -4.80523558     -9.94764031     -1.99499498
200   652        -4.89688025     -9.93400556     -2.05535004
201   652        -4.94233378     -9.95709906     -2.12354399
202   652        -4.93773133     -9.99100636     -2.20441442
203   652        -4.91640702    -10.01836611     -2.29855379
204   652        -4.90963657    -10.04328090     -2.37475845
205   652        -4.91904484    -10.06823434     -2.41938565
206   652        -4.93136675    -10.09233588     -2.45631983
207   652        -4.95112929    -10.10682725     -2.48710075
208   652        -4.98755763    -10.10137744     -2.49976565
209   652        -5.05723371    -10.08546313     -2.49709230
210   652        -5.12033410    -10.07609337     -2.51131849
211   652        -5.12512083    -10.08979008     -2.55136602
212   652        -5.06138737    -10.14084864     -2.61537601
213   652        -4.97466718    -10.21085484     -2.69432853
214   652        -4.89980474    -10.27786870     -2.75062243
215   652        -4.84994480    -10.33508033     -2.78006216
216   652        -4.81767637    -10.38941443     -2.78559608
217   652        -4.79469030    -10.43252828     -2.77315318
218   652        -4.80976392    -10.45600398     -2.72657979
219   652        -4.88297916    -10.43938189     -2.66088299
220   652        -4.98007758    -10.39773290     -2.60725852
221   652        -4.99035456    -10.39096904     -2.58956243
222   652        -4.89801139    -10.44426106     -2.60240889
223   652        -4.79496788    -10.51222084     -2.63285836
224   652        -4.75423626    -10.54375393     -2.65985575
225   652        -4.77257461    -10.53079827     -2.66736225
226   652        -4.81617435    -10.47257682     -2.63983646
227   652        -4.84931603    -10.40026458     -2.58600610
228   652        -4.85105122    -10.36497089     -2.53426784
229   652        -4.84568423    -10.39199265     -2.46757655
230   652        -4.85547301    -10.44622797     -2.35732221
231   652        -4.89491129    -10.49857166     -2.22212342
232   652        -4.92106273    -10.54663453     -2.09322965
233   652        -4.90307647    -10.59770947     -1.99820478
234   652        -4.86717440    -10.61275311     -1.94608185
235   652        -4.83960825    -10.58744141     -1.91987558
236   652        -4.84764409    -10.56042398     -1.88860090
237   652        -4.86729759    -10.55620871     -1.85519973
238   652        -4.87557531    -10.58440805     -1.82119698
239   652        -4.87487218    -10.62291836     -1.79084514
240   652        -4.88440998    -10.65110801     -1.75874418
241   652        -4.90676476    -10.67838039     -1.71408529
242   652        -4.96080393    -10.69553218     -1.64400545
243   652        -5.03929069    -10.69482542     -1.54276820
244   652        -5.10848146    -10.66506953     -1.43782771
245   652        -5.15398516    -10.60485152     -1.34489678
246   652        -5.20724115    -10.53882166     -1.26954377
247   652        -5.26893955    -10.51144985     -1.20036984
248   652        -5.30813602    -10.53349053     -1.15170583
249   652        -5.32728720    -10.55440017     -1.13330136
250   652        -5.34832045    -10.54189628     -1.12637028
251   652        -5.40807992    -10.53253216     -1.12616036
252   652        -5.49889739    -10.56003121     -1.14329915
253   652        -5.57466092    -10.58510310     -1.17389554
254   652        -5.62863167    -10.62267386     -1.20671796
255   652        -5.65988729    -10.68773411     -1.24785922
256   652        -5.65917776    -10.78268621     -1.28028474
257   652        -5.64659358    -10.87326133     -1.27878595
258   652        -5.66544911    -10.93308398     -1.27634016
259   652        -5.70557504    -10.95722234     -1.28249904
260   652        -5.75085175    -10.95299768     -1.29204619
261   652        -5.80848420    -10.94787484     -1.29477968
262   652        -5.86165571    -10.92770009     -1.29822181
263   652        -5.92512302    -10.90847068     -1.32564282
264   652        -6.01384347    -10.88747063     -1.35736621
265   652        -6.10193469    -10.91205043     -1.39428411
266   652        -6.14762546    -10.98659117     -1.41562032
267   652        -6.14839760    -11.06764028     -1.40981145
268   652        -6.13833931    -11.10464598     -1.39294695
269   652        -6.12410919    -11.10587562     -1.37726662
270   652        -6.13133387    -11.09423726     -1.36275453
271   652        -6.17155348    -11.09485622     -1.34887965
272   652        -6.22972622    -11.12210292     -1.35255766
273   652        -6.33380945    -11.14860894     -1.35961207
274   652        -6.47100110    -11.18003722     -1.37140998
275   652        -6.58623617    -11.22207897     -1.37603252
276   652        -6.65839980    -11.29384819     -1.37590748
277   652        -6.72012341    -11.37304428     -1.39087034
278   652        -6.78603909    -11.42778937     -1.40480961
279   652        -6.86063066    -11.45994428     -1.41600119
280   838        -6.08833134    -13.69814927     -0.57078582
281   838        -6.04923281    -13.76227570     -0.50833735
282   838        -6.00610805    -13.84154570     -0.44050881
283   838        -5.98158527    -13.90791175     -0.38960176
284   838        -5.99418656    -13.97047691     -0.34038850
285   838        -6.05117535    -14.02264011     -0.29529952
286   838        -6.13173717    -14.03785928     -0.27871867
287   838        -6.18540327    -14.05183163     -0.29179165
288   838        -6.16123260    -14.07994615     -0.30831767
289   838        -6.09588933    -14.11415615     -0.31142141
290   838        -6.04601073    -14.14112604     -0.31435144
291   838        -6.04942550    -14.15561057     -0.31564371
292   838        -6.09376709    -14.15693591     -0.31624748
293   838        -6.15862807    -14.16885008     -0.31197298
294   838        -6.22491272    -14.19649227     -0.29056176
295   838        -6.24862966    -14.22282931     -0.25569532
296   838        -6.19375200    -14.23510164     -0.22832399
297   838        -6.13189783    -14.24733573     -0.22589003
298   838        -6.10675785    -14.25304181     -0.24169012
299   838        -6.13768879    -14.26958760     -0.28034627
300   838        -6.19959866    -14.29974243     -0.34820565
301   838        -6.26351718    -14.34559388     -0.42966772
302   838        -6.31418591    -14.41830159     -0.48825778
303   838        -6.32560234    -14.49933088     -0.49615245
304   838        -6.29079477    -14.55565926     -0.48329908
305   838        -6.23332502    -14.55669503     -0.49694803
306   838        -6.18324238    -14.51723798     -0.52937816
307   838        -6.14886572    -14.46588883     -0.55132261
308   838        -6.13605885    -14.43754571     -0.57150699
309   838        -6.16035578    -14.44341986     -0.58950516
310   838        -6.21592053    -14.47545597     -0.61148759
311   838        -6.29407233    -14.48517258     -0.63071351
312   838        -6.35662655    -14.46296698     -0.64493655
313   838        -6.39595838    -14.41180823     -0.64336149
314   838        -6.41024297    -14.37353050     -0.62790330
315   838        -6.42427313    -14.35590588     -0.60259945
316   838        -6.41411862    -14.37204898     -0.58056414
317   838        -6.38135236    -14.41965800     -0.57784921
318   838        -6.35065513    -14.48796650     -0.59487666
319   838        -6.34394892    -14.54501909     -0.62968851
320   838        -6.33079204    -14.55851069     -0.67112312
321   838        -6.30054214    -14.55043371     -0.70371322
322   838        -6.27339250    -14.53812607     -0.72808311
323   838        -6.25165439    -14.54819873     -0.76171680
324   838        -6.24465023    -14.59089259     -0.80074045
325   838        -6.23437264    -14.64150132     -0.84769474
326   838        -6.17816860    -14.65108586     -0.86820027
327   838        -6.10168685    -14.63741101     -0.86303843
328   838        -6.05512479    -14.65008804     -0.87867205
329   838        -6.05106906    -14.71657742     -0.90456966
330   838        -6.05760781    -14.80939852     -0.92842877
331   676        -4.58394622    -12.95496872     -0.16554007
332   676        -4.56615684    -13.04117315     -0.06257168
333   676        -4.54547496    -13.13532637      0.02239060
334   676        -4.53290504    -13.22019178      0.06983291
335   676        -4.51910984    -13.27600866      0.09115512
336   676        -4.49363195    -13.29948197      0.09953996
337   676        -4.47569187    -13.30997654      0.07568073
338   676        -4.45785745    -13.31929432      0.02455386
339   676        -4.46063205    -13.32831411     -0.05614244
340   676        -4.45228341    -13.31973985     -0.14369365
341   676        -4.45781057    -13.33518209     -0.22506599
342   676        -4.46706134    -13.37155283     -0.27455066
343   676        -4.46481591    -13.40706982     -0.30974536
344   676        -4.46356911    -13.45111169     -0.34227581
345   676        -4.48440373    -13.52266909     -0.36694456
346   676        -4.49974936    -13.60247655     -0.39345134
347   676        -4.49042529    -13.66279456     -0.41208246
348   676        -4.49354744    -13.68956317     -0.41837688
349   676        -4.53141549    -13.68433355     -0.41068766
350   676        -4.58419453    -13.67771830     -0.41010272
351   676        -4.61399403    -13.67288926     -0.39885493
352   676        -4.61612915    -13.68221596     -0.36052612
353   676        -4.60339289    -13.70244273     -0.31642801
354   676        -4.60051566    -13.72772530     -0.30360378
355   676        -4.63364395    -13.78765115     -0.31932419
356   676        -4.69158140    -13.87080964     -0.33768517
357   676        -4.75194077    -13.94000883     -0.33455662
358   676        -4.78323606    -13.97232338     -0.31126394
359   676        -4.78066354    -13.98670065     -0.29733339
360   676        -4.75918951    -14.00358493     -0.29712107
361   676        -4.74319985    -14.03204762     -0.32114222
362   676        -4.74006350    -14.07760451     -0.37006211
363   676        -4.73354452    -14.13297425     -0.42966509
364   676        -4.70615622    -14.18874155     -0.46897391
365   676        -4.66459008    -14.22910289     -0.49289572
366   676        -4.61411299    -14.25651901     -0.53199251
367   676        -4.57988782    -14.27893110     -0.58746342
368   676        -4.57099736    -14.28795520     -0.61617575
369   676        -4.58617237    -14.28055437     -0.60501043
370   676        -4.62948459    -14.27185879     -0.58880864
371   676        -4.66729999    -14.28297699     -0.59563435
372   676        -4.69153418    -14.29531127     -0.62313120
373   676        -4.70192866    -14.29785741     -0.64738282
374   676        -4.70170181    -14.31043042     -0.66425079
375   676        -4.69455151    -14.33607685     -0.67480227
376   676        -4.70016602    -14.36164562     -0.66927414
377   676        -4.72261603    -14.38064265     -0.62186038
378   676        -4.75103558    -14.39457897     -0.55064864
379   676        -4.78370396    -14.41706904     -0.48482954
380   676        -4.81607196    -14.45797774     -0.46074202
381   676        -4.84572997    -14.49129884     -0.48899924
382   676        -4.83987469    -14.49689848     -0.55895521
383   676        -4.81412026    -14.45984241     -0.65127925
384   676        -4.78200302    -14.39861483     -0.75136230
385   676        -4.75104945    -14.34606473     -0.84684999
386   676        -4.72993247    -14.29716777     -0.93762830
387   676        -4.72820476    -14.24708704     -1.00507203
388   676        -4.75231433    -14.21757938     -1.03978226
389   676        -4.80111188    -14.21598468     -1.06424994
390   676        -4.87151275    -14.23933187     -1.07518199
391   676        -4.93967707    -14.30018570     -1.06325579
392   676        -4.98198753    -14.36601675     -1.04118833
393   676        -4.96769607    -14.38047885     -1.01779311
394   676        -4.90996198    -14.35369426     -1.02238960
395   676        -4.85426868    -14.34313423     -1.04592046
396   676        -4.82356402    -14.35240906     -1.05616598
397   676        -4.81480834    -14.35902518     -1.05082654
398   676        -4.80520901    -14.37391842     -1.05229162
399   676        -4.79331697    -14.41129577     -1.05314981
400   676        -4.79302395    -14.47273729     -1.04470211
401   676        -4.80820425    -14.55869718     -1.02482781
402   676        -4.82190334    -14.64287483     -1.00980649
403   676        -4.81014528    -14.69448226     -1.00039126
404   676        -4.76941210    -14.68989889     -1.00204527
405   676        -4.73425646    -14.63551298     -1.00525365
406   676        -4.74251037    -14.56564011     -1.00502979
407   676        -4.80213369    -14.54162733     -0.98398712
408   676        -4.88717164    -14.59395018     -0.93746745
409   676        -4.95285001    -14.67355112     -0.87748946
410   676        -4.97502531    -14.73816595     -0.81429320
411   676        -4.96848426    -14.76607243     -0.75110788
412   676        -4.95586328    -14.78066050     -0.67791745
413   676        -4.93936616    -14.79684896     -0.61366685
414   676        -4.91590602    -14.82098273     -0.56694926
415   676        -4.89687431    -14.83914323     -0.54377818
416   676        -4.87922625    -14.83637630     -0.51708720
417   676        -4.86639472    -14.81168170     -0.48703378
418   676        -4.87495527    -14.77110080     -0.47916513
419   676        -4.90424190    -14.73245834     -0.49416216
420   676        -4.92849934    -14.69939082     -0.51670879
421   676        -4.94098793    -14.68192201     -0.54527504
422   676        -4.95480179    -14.68043500     -0.60008747
423   676        -4.97225556    -14.69232422     -0.66212126
424   676        -4.98902018    -14.71294303     -0.71273487
425   676        -4.98879163    -14.73759966     -0.75842395
426   676        -4.94200290    -14.75228320     -0.80730180
427   676        -4.86988424    -14.74283817     -0.86128290
428   676        -4.83893479    -14.72223819     -0.88907273
429   676        -4.87106234    -14.70211373     -0.88239347
430   676        -4.94821831    -14.68557977     -0.86335760
431   676        -5.02892748    -14.66282410     -0.83914048
432   676        -5.10126687    -14.63526511     -0.79028161
433   676        -5.16931721    -14.60210333     -0.71589417
434   676        -5.22802419    -14.58315225     -0.63200266
435   676        -5.27645225    -14.57530897     -0.54640274
436   676        -5.31641997    -14.56016367     -0.45988839
437   676        -5.34978654    -14.53503798     -0.37537086
438   676        -5.38115545    -14.50139120     -0.29635202
439   676        -5.40873149    -14.47338954     -0.22716121
440   676        -5.42524041    -14.45238451     -0.15860669
441   676        -5.41480062    -14.44400332     -0.10618285
442   676        -5.37087679    -14.44670427     -0.08546671
443   676        -5.31306759    -14.44257935     -0.07477686
444   676        -5.26606243    -14.41845411     -0.07468671
445   676        -5.23914786    -14.36485940     -0.07251875
446   676        -5.22455918    -14.30367653     -0.05751707
447   676        -5.21637175    -14.24533882     -0.04231410
448   676        -5.20993623    -14.19306303     -0.05054164
449   676        -5.20626744    -14.13644231     -0.08409399
450   676        -5.19242763    -14.08300980     -0.12930560
451   676        -5.16812905    -14.03741783     -0.15915009
452   676        -5.14002467    -14.00603752     -0.16261914
453   676        -5.10574559    -13.98790333     -0.16720584
454   676        -5.09728843    -13.97695553     -0.18475326
455   676        -5.12569079    -13.96999456     -0.19635893
456   676        -5.15796284    -13.95404878     -0.18575868
457   676        -5.17477806    -13.93993470     -0.15540652
458   676        -5.16972341    -13.94177920     -0.12807594
459   676        -5.15561452    -13.95737546     -0.10012722
460   676        -5.13805613    -13.97708356     -0.06521102
461   676        -5.13705528    -13.98970584     -0.02765600
462   676        -5.15533110    -13.99898404     -0.01351254
463   676        -5.15924097    -14.01799311     -0.02097334
464   676        -5.13558280    -14.05060278     -0.02972687
465   676        -5.10820398    -14.08626304     -0.03756917
466   676        -5.09585715    -14.12959043     -0.06975448
467   676        -5.09788210    -14.14217214     -0.11975129
468   676        -5.08769840    -14.09943055     -0.17059055
469   676        -5.05780518    -14.00694039     -0.20178555
470   676        -5.01794861    -13.90635896     -0.22227848
471   676        -4.99493943    -13.82799432     -0.24778519
472   676        -4.98480919    -13.78496794     -0.26509891
473   676        -4.99400821    -13.77916570     -0.29514199
474   676        -5.01175529    -13.79720466     -0.33457062
475   676        -5.02335339    -13.83964606     -0.35109741
476   676        -5.01462296    -13.89000787     -0.35954643
477   676        -4.98125443    -13.94235947     -0.36697759
478   676        -4.94268888    -13.98314428     -0.37677868
479   676        -4.91212135    -14.02226982     -0.38580184
480   676        -4.88052204    -14.04528709     -0.39790712
481   676        -4.86274160    -14.03919551     -0.40650560
482   676        -4.87561805    -14.02075218     -0.40073966
483   676        -4.91626458    -13.98856106     -0.37812201
484   676        -4.94147495    -13.93974938     -0.32797209
485   676        -4.94252307    -13.89678964     -0.26777492
486   676        -4.92965126    -13.89176364     -0.21389975
487   676        -4.89969014    -13.91990396     -0.17283307
488   676        -4.84139643    -13.96285902     -0.15512058
489   676        -4.76195214    -13.99299303     -0.14824637
490   676        -4.68307920    -13.99776277     -0.15803975
491   676        -4.63984675    -13.97596315     -0.18584470
492   676        -4.64195501    -13.94074238     -0.22970300
493   676        -4.66539339    -13.91534808     -0.26686453
494   676        -4.69579794    -13.90817174     -0.28410475
495   676        -4.70506304    -13.92591339     -0.29384509
496   676        -4.70541169    -13.93482624     -0.30362012
497   676        -4.69562288    -13.91302918     -0.30112404
498   676        -4.68376300    -13.86022926     -0.28185564
499   676        -4.66659347    -13.81404761     -0.28282670
500   676        -4.65911457    -13.78628423     -0.31755367
501   676        -4.67742448    -13.77274942     -0.36799671
502   676        -4.71917618    -13.75943546     -0.41178830
503   676        -4.78146794    -13.73197403     -0.44629958
504   676        -4.83915194    -13.69605762     -0.48451210
505   676        -4.87223261    -13.66184447     -0.52354984
506   676        -4.86373739    -13.64312421     -0.55778743
507   676        -4.83399920    -13.60949825     -0.57635005
508   676        -4.79998750    -13.56570156     -0.57605570
509   676        -4.79915522    -13.54129818     -0.56051048
510   676        -4.82653537    -13.56420658     -0.55155902
511   676        -4.85954859    -13.59895262     -0.54509941
512   676        -4.87638651    -13.60959906     -0.54498982
513   676        -4.87423185    -13.57327526     -0.56948704
514   676        -4.86041889    -13.49546963     -0.60418333
515   676        -4.84375957    -13.40087459     -0.62111696
516   676        -4.86490207    -13.30693652     -0.61330043
517   676        -4.91361634    -13.22581329     -0.60028097
518   676        -4.97522238    -13.15475442     -0.57048608
519   676        -5.00560283    -13.08412711     -0.52942162
520   676        -4.98774481    -13.01111224     -0.50444952
521   676        -4.92651046    -12.97553873     -0.51734389
522   676        -4.86797109    -12.98584508     -0.56172926
523   676        -4.85221367    -13.01666612     -0.63588983
524   676        -4.87090667    -13.02126909     -0.71869104
525   676        -4.91620057    -12.99275692     -0.78613827
526   676        -4.96775207    -12.95516694     -0.82595776
527   676        -5.01323701    -12.89961246     -0.84019658
528   676        -5.03519041    -12.82263151     -0.81898226
529   676        -5.05558395    -12.74363208     -0.77203252
530   676        -5.09424246    -12.66999618     -0.71629639
531   676        -5.16856698    -12.61122168     -0.67803508
532   676        -5.26452767    -12.58401112     -0.65611200
533   676        -5.34483114    -12.56213674     -0.61859980
534   676        -5.39243140    -12.53048409     -0.56650856
535   676        -5.42326058    -12.48757140     -0.53007274
536   676        -5.44624041    -12.44182127     -0.53876935
537   676        -5.45970792    -12.39049118     -0.57878075
538   676        -5.47424460    -12.33373805     -0.62714983
539   676        -5.50157902    -12.28445290     -0.68618295
540   676        -5.55430276    -12.24014711     -0.72712583
541   676        -5.61709037    -12.18686195     -0.71938980
542   676        -5.67846443    -12.13028439     -0.67223573
543   676        -5.72637831    -12.08056369     -0.62549353
544   676        -5.75852914    -12.03801667     -0.60990180
545   676        -5.77569303    -11.99143883     -0.61820455
546   676        -5.75903558    -11.93474416     -0.63933029
547   676        -5.72473737    -11.88518676     -0.66987163
548   676        -5.69458939    -11.85975062     -0.70509395
549   676        -5.68147847    -11.84977729     -0.75809854
550   676        -5.66876166    -11.83785590     -0.82108313
551   676        -5.64752948    -11.84108686     -0.87908551
552   676        -5.62113590    -11.86535642     -0.93588718
553   676        -5.59843048    -11.89829201     -0.98976923
554   676        -5.58543366    -11.93216008     -1.02263282
555   676        -5.56393056    -11.96236874     -1.00091230
556   676        -5.53282901    -11.97742236     -0.93242806
557   676        -5.50275585    -11.97818845     -0.87610956
558   676        -5.48622799    -11.96732114     -0.87200579
559   676        -5.47752475    -11.93615917     -0.90939217
560   676        -5.49490298    -11.88889789     -0.95069183
561   676        -5.54037411    -11.84062034     -0.98714446
562   676        -5.59009899    -11.79470890     -1.01220076
563   676        -5.61979521    -11.73919558     -1.04560080
564   676        -5.63637395    -11.67715170     -1.08930513
565   676        -5.64730484    -11.61692066     -1.14293460
566   676        -5.64564449    -11.56949144     -1.19262537
567   676        -5.62516307    -11.53423502     -1.23257806
568   676        -5.59950473    -11.52100569     -1.25373499
569   676        -5.59305708    -11.54063325     -1.24884960
570   676        -5.57469613    -11.58442486     -1.21855128
571   676        -5.54297538    -11.64373843     -1.17053739
572   676        -5.50616423    -11.69772048     -1.11246993
573   676        -5.48193987    -11.73429565     -1.03226095
574   676        -5.46212980    -11.73624070     -0.95336762
575   676        -5.44734277    -11.71065366     -0.90547059
576   676        -5.43904389    -11.68354805     -0.91493048
577   676        -5.42508101    -11.67091115     -0.95362140
578   676        -5.39968701    -11.67106636     -0.97341983
579   676        -5.36747404    -11.67938213     -0.96534748
580   676        -5.33894802    -11.69401645     -0.93418374
581   676        -5.30405952    -11.71303578     -0.89735834
582   676        -5.28346364    -11.73636550     -0.85680989
583   676        -5.29788102    -11.73809075     -0.84010958
584   676        -5.36317307    -11.70643530     -0.84621705
585   676        -5.44765057    -11.65612574     -0.87630604
586   676        -5.51938232    -11.61295840     -0.90339587
587   676        -5.57005180    -11.59708563     -0.90941096
588   676        -5.59959922    -11.61379496     -0.88366036
589   676        -5.60650358    -11.65795881     -0.81761123
590   676        -5.59226499    -11.71831596     -0.73533818
591   676        -5.57028759    -11.78138305     -0.65685646
592   676        -5.56476102    -11.84510337     -0.60665774
593   676        -5.58793646    -11.90208201     -0.57868431
594   676        -5.62198868    -11.93186695     -0.56789605
595   676        -5.64607959    -11.93208090     -0.55664089
596   676        -5.65828673    -11.92711371     -0.55291939
597   676        -5.66340449    -11.92910589     -0.56049239
598   676        -5.65764813    -11.94851933     -0.56455154
599   676        -5.63968292    -11.96973461     -0.56162814
600   676        -5.62006870    -12.01168110     -0.54581344
601   676        -5.60303522    -12.06818778     -0.51640218
602   676        -5.56743081    -12.11864916     -0.47174618
603   676        -5.50735945    -12.14000468     -0.43945718
604   676        -5.45265135    -12.14027936     -0.44304348
605   676        -5.41180471    -12.13205837     -0.46944264
606   676        -5.35943715    -12.11268709     -0.46352510
607   676        -5.30206192    -12.08918743     -0.42070188
608   676        -5.28616848    -12.07273729     -0.37536282
609   676        -5.31795786    -12.05683185     -0.32055287
610   676        -5.36664921    -12.02196367     -0.25350280
611   676        -5.38821138    -11.97906226     -0.19407593
612   676        -5.38878013    -11.94683460     -0.16010118
613   676        -5.38686607    -11.93975657     -0.15802398
614   676        -5.37577057    -11.95719321     -0.17982472
615   676        -5.33189482    -11.96066423     -0.20778051
616   676        -5.24306900    -11.93398498     -0.23689517
617   676        -5.14003503    -11.87734726     -0.26878014
618   676        -5.05953678    -11.81054966     -0.29604326
619   676        -4.98727781    -11.74227579     -0.32214690
620   676        -4.92900912    -11.69511912     -0.35402080
621   676        -4.89085776    -11.69954207     -0.39374399
622   676        -4.86227855    -11.74647352     -0.43313455
623   676        -4.81470252    -11.81491067     -0.45911809
624   676        -4.75418131    -11.86583241     -0.47850502
625   676        -4.69539113    -11.90176493     -0.50184867
626   676        -4.63820930    -11.92561465     -0.54305447
627   676        -4.56765522    -11.95263488     -0.59338434
628   676        -4.49668139    -11.97172660     -0.64569696
629   676        -4.42514496    -11.96678938     -0.69566274
630   676        -4.36651975    -11.94899590     -0.73759188
631   676        -4.32044390    -11.95968739     -0.77329736
632   676        -4.29431662    -12.03709868     -0.80873603
633   676        -4.27725150    -12.13660801     -0.84275357
634   676        -4.23656260    -12.21831667     -0.87922654
635   676        -4.18427590    -12.25988707     -0.91617310
636   676        -4.13052799    -12.28455898     -0.94078977
637   676        -4.08225322    -12.29446707     -0.96261544
638   676        -4.02887139    -12.28024591     -0.98868489
639   676        -3.98416592    -12.23819706     -1.03375618
640   676        -3.97411211    -12.17326635     -1.08925453
641   676        -3.99353499    -12.12216464     -1.14699398
642   676        -4.00268595    -12.09652303     -1.21261532
643   676        -3.97470394    -12.11703747     -1.28123517
644   676        -3.93076300    -12.16490160     -1.31155865
645   676        -3.89094531    -12.22451804     -1.28864033
646   676        -3.88077644    -12.27400663     -1.24221330
647   676        -3.91666326    -12.30838222     -1.21069098
648   676        -3.97558385    -12.31551048     -1.21398854
649   676        -4.01714528    -12.29829747     -1.22511457
650   676        -4.03024923    -12.27654665     -1.23677524
651   676        -4.02774289    -12.25883890     -1.26812485
652   676        -4.02826247    -12.26184968     -1.31852529
653   676        -4.02198170    -12.28580756     -1.37787739
654   676        -3.98796177    -12.32985493     -1.41639935
655   676        -3.94511532    -12.36977004     -1.43097188
656   676        -3.92301407    -12.39524100     -1.43033325
657   676        -3.94786533    -12.37719120     -1.44243794
658   676        -3.99751454    -12.33766646     -1.48366718
659   676        -4.03367252    -12.31273632     -1.52089578
660   676        -4.04043955    -12.29713000     -1.54643697
661   676        -4.03640515    -12.26757531     -1.55708587
662   676        -4.03612340    -12.23153466     -1.55432066
663   676        -4.03725546    -12.22531645     -1.53543775
664   676        -4.04193913    -12.21877380     -1.51551310
665   676        -4.03133137    -12.20492187     -1.50556518
666   676        -4.00909377    -12.18136372     -1.52917938
667   676        -3.97637524    -12.17655435     -1.57620129
668   676        -3.93875557    -12.20506957     -1.62943554
669   676        -3.89285823    -12.25753801     -1.66966803
670   676        -3.86389827    -12.29390609     -1.70127588
671   676        -3.85431601    -12.31272007     -1.75223453
672   676        -3.86456689    -12.34851974     -1.80039469
673   676        -3.86657567    -12.40442930     -1.82475874
674   676        -3.82919539    -12.46419730     -1.82397361
675   676        -3.77933262    -12.52201802     -1.82056330
676   676        -3.74193248    -12.59499607     -1.82449127
677   676        -3.72282759    -12.67762416     -1.83440081
678   676        -3.70849600    -12.74064038     -1.84493565
679   676        -3.68097248    -12.76769026     -1.86407890
680   676        -3.62858260    -12.78798011     -1.87739650
681   676        -3.55703189    -12.83496155     -1.88077414
682   676        -3.48239624    -12.90332588     -1.89356535
683   676        -3.40549176    -12.94491103     -1.91194250
684   676        -3.32801101    -12.94674091     -1.92776164
685   676        -3.27093174    -12.92713335     -1.92721015
686   676        -3.24644473    -12.89400952     -1.90053642
687   676        -3.25978374    -12.85520982     -1.84464936
688   676        -3.29001588    -12.82106698     -1.78235604
689   676        -3.33049669    -12.80661027     -1.73727703
690   676        -3.36357387    -12.79762926     -1.71456014
691   676        -3.37786011    -12.78162199     -1.70814844
692   676        -3.37002142    -12.77940894     -1.71750707
693   676        -3.34027472    -12.79221807     -1.73530073
694   676        -3.29832743    -12.81004456     -1.71965700
695   676        -3.25728409    -12.82685581     -1.68222797
696   676        -3.23516796    -12.83291940     -1.66468618
697   676        -3.25419634    -12.80392586     -1.69841556
698   676        -3.31302695    -12.76350050     -1.73312723
699   676        -3.39033931    -12.74828993     -1.73856187
700   676        -3.46757733    -12.76212997     -1.72523470
701   676        -3.51387005    -12.75058971     -1.71942384
702   676        -3.50964856    -12.70401291     -1.73940546
703   676        -3.45044310    -12.67755590     -1.75187904
704   676        -3.37127617    -12.66991756     -1.75159654
705   676        -3.31748642    -12.68674913     -1.72636531
706   676        -3.31352584    -12.70500701     -1.70281498
707   676        -3.32518128    -12.72252280     -1.68475931
708   676        -3.34935670    -12.75385041     -1.67505651
709   676        -3.40570269    -12.78678168     -1.65905140
710   676        -3.51373315    -12.78227976     -1.65602012
711   676        -3.62354545    -12.74610865     -1.65792356
712   676        -3.68595639    -12.70177417     -1.65746652
713   676        -3.70742100    -12.65000962     -1.66576820
714   676        -3.71368311    -12.58912246     -1.69166737
715   676        -3.72493362    -12.55030044     -1.73046157
716   676        -3.73461697    -12.53426646     -1.75392112
717   676        -3.74372073    -12.52678566     -1.76645904
718   676        -3.77324490    -12.52965464     -1.76820242
719   676        -3.82250862    -12.55332062     -1.77265290
720   676        -3.86157389    -12.58795874     -1.75752023
721   676        -3.90596614    -12.63325808     -1.71668252
722   676        -3.98001505    -12.68198103     -1.65851755
723   676        -4.06688302    -12.70194731     -1.60016944
724   676        -4.11453014    -12.69034098     -1.56831110
725   676        -4.10342109    -12.67064545     -1.56733981
726   676        -4.06750807    -12.65175685     -1.57498035
727   676        -4.04554799    -12.62047748     -1.57039828
728   676        -4.04682897    -12.58737101     -1.54786941
729   676        -4.05695701    -12.58620065     -1.50389394
730   676        -4.06081101    -12.60473817     -1.44876971
731   676        -4.06011993    -12.63162960     -1.40200299
732   676        -4.07301350    -12.67509775     -1.36711521
733   676        -4.07558087    -12.72033832     -1.33873329
734   676        -4.04647846    -12.75887206     -1.30519600
735   676        -3.96576131    -12.80118562     -1.28066487
736   676        -3.84394637    -12.84211241     -1.25922692
737   676        -3.72359219    -12.87570909     -1.22983415
738   676        -3.68347015    -12.90771855     -1.19173360
739   676        -3.73616937    -12.94121862     -1.15753192
740   676        -3.80832843    -12.96798973     -1.12734467
741   676        -3.83919904    -12.97680539     -1.09809872
742   676        -3.82663664    -12.95942963     -1.07211982
743   676        -3.80289559    -12.92153961     -1.05349037
744   676        -3.79251336    -12.87786101     -1.05566465
745   676        -3.78397909    -12.84677467     -1.06521108
746   676        -3.76573857    -12.82721578     -1.05826571
747   676        -3.73902213    -12.80298768     -1.01497638
748   676        -3.70105735    -12.75084337     -0.95859422
749   676        -3.66576502    -12.66927069     -0.92087126
750   676        -3.64654673    -12.56752517     -0.90631749
751   676        -3.64464995    -12.45498400     -0.89186453
752   676        -3.63946498    -12.33545928     -0.86898430
753   676        -3.60978164    -12.22229114     -0.84765291
754   676        -3.57016510    -12.12541314     -0.83792688
755   676        -3.54688128    -12.04256788     -0.83179886
756   676        -3.54977845    -12.00200056     -0.82130945
757   676        -3.56024245    -12.00698000     -0.83461271
758   676        -3.56581991    -12.02345267     -0.87256678
759   676        -3.53491671    -12.01791660     -0.92836563
760   676        -3.45901975    -11.99346327     -0.99556956
761   676        -3.37893573    -11.95046191     -1.06161782
762   676        -3.33938805    -11.91590069     -1.11196696
763   676        -3.35772244    -11.90751518     -1.14629619
764   676        -3.40196061    -11.90519942     -1.18091751
765   676        -3.44724445    -11.89856089     -1.20159934
766   676        -3.50281100    -11.87912315     -1.21021595
767   676        -3.57113155    -11.87682665     -1.21345872
768   676        -3.61851355    -11.89050346     -1.22854577
769   676        -3.61843111    -11.89930359     -1.25815070
770   676        -3.59596640    -11.89658283     -1.30999672
771   676        -3.58493329    -11.88943146     -1.37604298
772   676        -3.58887430    -11.88585060     -1.45511201
773   676        -3.59883016    -11.87908958     -1.52905745
774   676        -3.61263274    -11.87782278     -1.57975874
775   676        -3.62767039    -11.89325973     -1.59832785
776   676        -3.64227746    -11.89527233     -1.60546322
777   676        -3.65685472    -11.85300335     -1.61795184
778   676        -3.67676104    -11.79410822     -1.62950540
779   676        -3.69648600    -11.75822614     -1.63331002
780   676        -3.70397735    -11.73327484     -1.63189294
781   676        -3.69639693    -11.69688296     -1.63466329
782   676        -3.68452549    -11.66803336     -1.64287427
783   676        -3.67592106    -11.65468306     -1.66821711
784   676        -3.67255855    -11.65296689     -1.70519498
785   676        -3.70476318    -11.63783241     -1.73429585
786   676        -3.76571391    -11.60482252     -1.75285912
787   676        -3.82040001    -11.56824722     -1.77271131
788   676        -3.83658088    -11.53777675     -1.78214363
789   676        -3.83076443    -11.51665761     -1.77221815
790   676        -3.84436168    -11.50252385     -1.75539555
791   676        -3.89451336    -11.50500487     -1.74435621
792   676        -3.96085257    -11.52354961     -1.72764210
793   676        -4.01374751    -11.54302989     -1.72029946
794   676        -4.03832561    -11.55078790     -1.74359485
795   676        -4.04875407    -11.55258497     -1.77958403
796   676        -4.05853289    -11.55458473     -1.79629792
797   676        -4.08131922    -11.54660171     -1.77602873
798   676        -4.10836952    -11.54074711     -1.74132646
799   676        -4.13605871    -11.54478506     -1.70103689
800   676        -4.17808338    -11.56177868     -1.68163456
801   676        -4.22860338    -11.57614375     -1.67289238
802   676        -4.27991148    -11.57776457     -1.66464927
803   676        -4.30822724    -11.56697634     -1.65090290
804   676        -4.31044290    -11.54897348     -1.63865210
805   676        -4.32316845    -11.52482131     -1.62495043
806   676        -4.37744468    -11.49778917     -1.59787730
807   676        -4.44721885    -11.48373822     -1.55494183
808   676        -4.50806533    -11.49490390     -1.49669349
809   676        -4.56457660    -11.52229765     -1.44503995
810   676        -4.63038840    -11.53150923     -1.40178901
811   676        -4.68547449    -11.52247927     -1.37628470
812   676        -4.73001796    -11.50382059     -1.35585522
813   676        -4.77403599    -11.48984609     -1.35520531
814   676        -4.81215269    -11.45801053     -1.37751656
815   676        -4.83034404    -11.42618952     -1.40325939
816   676        -4.83592065    -11.39781546     -1.41666820
817   676        -4.84177381    -11.37796229     -1.41860262
818   676        -4.86558261    -11.35722344     -1.40824595
819   676        -4.90452059    -11.35153140     -1.38880977
820   676        -4.92709428    -11.36037097     -1.37674705
821   676        -4.93196896    -11.35729329     -1.37047164
822   676        -4.92376420    -11.34705401     -1.36267086
823   676        -4.91630648    -11.33751299     -1.34025134
824   676        -4.90039119    -11.34050818     -1.33689731
825   676        -4.87928634    -11.33778118     -1.37035868
826   676        -4.85235217    -11.33477131     -1.43096186
827   676        -4.82893311    -11.32952075     -1.47628219
828   676        -4.81459290    -11.33494557     -1.49667849
829   676        -4.80947786    -11.35180217     -1.51517539
830   676        -4.80091436    -11.38895220     -1.54158545
831   676        -4.77599608    -11.45221559     -1.56308729
832   676        -4.75875837    -11.51347072     -1.56302879
833   676        -4.75601317    -11.55880622     -1.56135334
834   676        -4.76371682    -11.57552589     -1.56481608
835   676        -4.75294501    -11.56926147     -1.59508665
836   676        -4.73833991    -11.55553305     -1.64431604
837   676        -4.73412480    -11.54838701     -1.69616645
838   676        -4.74211703    -11.56451363     -1.72827934
839   676        -4.75562284    -11.60108268     -1.75103485
840   676        -4.76092795    -11.64491084     -1.76749260
841   676        -4.73888381    -11.67541143     -1.76138707
842   676        -4.67414411    -11.66813264     -1.74628354
843   676        -4.56262389    -11.65001909     -1.74168235
844   676        -4.44247623    -11.64072859     -1.76927259
845   676        -4.37353972    -11.62980358     -1.78528766
846   676        -4.35959466    -11.60602511     -1.76699609
847   676        -4.36453443    -11.57458486     -1.72931041
848   676        -4.37132934    -11.55024395     -1.71616320
849   676        -4.38571864    -11.53058351     -1.73442634
850   676        -4.41922878    -11.50807249     -1.77634445
851   676        -4.45486507    -11.50186422     -1.81279568
852   676        -4.47958965    -11.51961924     -1.82791111
853   676        -4.48708877    -11.56582171     -1.84018208
854   676        -4.48543078    -11.63473709     -1.84052303
855   676        -4.46765882    -11.70764366     -1.83368609
856   676        -4.46284933    -11.77226909     -1.79804282
857   676        -4.49924217    -11.81020436     -1.73293708
858   676        -4.57564312    -11.83445337     -1.65944809
859   676        -4.64592676    -11.84081637     -1.62571526
860   676        -4.68614160    -11.82726528     -1.63721690
861   676        -4.70762471    -11.80644978     -1.67396021
862   676        -4.74649802    -11.79874412     -1.70552208
863   676        -4.81223721    -11.82049444     -1.71065159
864   676        -4.87708102    -11.87715002     -1.69934912
865   676        -4.93182162    -11.94933963     -1.69104993
866   676        -4.96366787    -12.02977935     -1.70401114
867   676        -4.98438576    -12.10493724     -1.72571943
868   676        -4.99880693    -12.17424421     -1.74543582
869   676        -5.02274346    -12.22751173     -1.74519528
870   676        -5.06478727    -12.24515608     -1.72683618
871   676        -5.11152196    -12.23822710     -1.68617130
872   676        -5.14166861    -12.23979172     -1.62769998
873   676        -5.13849633    -12.26357232     -1.56558377
874   676        -5.12334118    -12.28573926     -1.49439748
875   676        -5.12898099    -12.28821333     -1.43378281
876   676        -5.14608578    -12.27396233     -1.39310128
877   676        -5.17203279    -12.25761461     -1.37605401
878   676        -5.20293341    -12.25751825     -1.34216330
879   676        -5.22439716    -12.26700274     -1.27443257
880   676        -5.24116310    -12.28727934     -1.21136705
881   676        -5.24949082    -12.31674380     -1.16812939
882   676        -5.21761482    -12.35514910     -1.13807108
883   676        -5.16760680    -12.38518904     -1.12620079
884   676        -5.12998860    -12.38664329     -1.14800927
885   676        -5.10273641    -12.37414328     -1.17291492
886   676        -5.07607228    -12.37853193     -1.17051881
887   676        -5.05086034    -12.39224593     -1.15654906
888   676        -5.04085977    -12.40323234     -1.15588970
889   676        -5.05608041    -12.40234756     -1.14903208
890   676        -5.08617293    -12.39666836     -1.11421667
891   676        -5.13229351    -12.39867250     -1.06773578
892   676        -5.18668849    -12.38539945     -1.01446052
893   676        -5.24305336    -12.36055301     -0.97399809
894   676        -5.27018201    -12.35002700     -0.94537557
895   676        -5.23989531    -12.35786017     -0.92674339
896   676        -5.17087524    -12.36501868     -0.91688928
897   676        -5.09859823    -12.36174802     -0.90697671
898   676        -5.05424085    -12.33544568     -0.89070451
899   676        -5.03492875    -12.29062364     -0.86384893
900   676        -5.03149273    -12.23523981     -0.83513930
901   676        -5.04800350    -12.17345870     -0.81259753
902   676        -5.07724329    -12.11793840     -0.80138756
903   676        -5.08308696    -12.08602366     -0.80101187
904   676        -5.04811873    -12.07837450     -0.79707128
905   676        -5.01026217    -12.08312438     -0.78265930
906   676        -4.99265622    -12.08938994     -0.76882473
907   676        -4.99904959    -12.09570392     -0.77493049
908   676        -5.00432984    -12.07730146     -0.80480913
909   676        -4.99732803    -12.02547319     -0.84042127
910   676        -4.97810706    -11.94913369     -0.84545505
911   676        -4.95131886    -11.88627689     -0.83267602
912   676        -4.91006396    -11.85802415     -0.84317812
913   676        -4.86972256    -11.85464846     -0.88481183
914   676        -4.83160679    -11.85476855     -0.94685729
915   676        -4.80893179    -11.85742672     -1.02901217
916   676        -4.80715786    -11.87058686     -1.12033253
917   676        -4.79679128    -11.88436539     -1.19534555
918   676        -4.75203665    -11.88922541     -1.23828786
919   676        -4.70476159    -11.86440997     -1.24493668
920   676        -4.68346759    -11.81466599     -1.22531653
921   676        -4.65388250    -11.77511322     -1.18930328
922   676        -4.58697119    -11.77493082     -1.15226517
923   676        -4.50859065    -11.79620238     -1.11979585
924   676        -4.46119641    -11.80631036     -1.12020235
925   676        -4.43461762    -11.81643363     -1.14776371
926   676        -4.41894323    -11.84393986     -1.18229228
927   676        -4.42598202    -11.87339637     -1.20422846
928   676        -4.45664152    -11.88959060     -1.23286764
929   676        -4.50587749    -11.90487638     -1.28325887
930   676        -4.56430769    -11.92309484     -1.32005853
931   676        -4.61775009    -11.96175221     -1.33120951
932   676        -4.63988049    -12.01956722     -1.31768971
933   676        -4.64392754    -12.09501077     -1.29444245
934   676        -4.66402505    -12.15745390     -1.26634448
935   676        -4.71634584    -12.19045473     -1.22713441
936   676        -4.77278457    -12.21177662     -1.18496790
937   676        -4.82039828    -12.23376401     -1.15432332
938   676        -4.86750313    -12.24427736     -1.11719869
939   676        -4.90574685    -12.24325563     -1.08014778
940   676        -4.93725797    -12.23678449     -1.06928172
941   676        -4.94997036    -12.23794774     -1.07356236
942   676        -4.92286176    -12.24370368     -1.06331819
943   676        -4.85060332    -12.23884277     -1.05037002
944   676        -4.80801088    -12.22358121     -1.03072161
945   676        -4.85541228    -12.21524771     -1.00069503
946   676        -4.95147145    -12.21909831     -0.95569399
947   676        -5.02984891    -12.24140047     -0.90336341
948   676        -5.06510352    -12.27098930     -0.84476189
949   676        -5.09834637    -12.29399532     -0.80943390
950   676        -5.13269842    -12.27975439     -0.80379901
951   676        -5.16411340    -12.23705220     -0.82242317
952   676        -5.18665986    -12.20609135     -0.84935883
953   676        -5.18826120    -12.20414946     -0.87698530
954   676        -5.17501653    -12.23430891     -0.90780055
955   676        -5.16315645    -12.29093592     -0.92690249
956   676        -5.17294987    -12.34082711     -0.93544344
957   676        -5.19403792    -12.35223434     -0.93417934
958   676        -5.22497778    -12.34557705     -0.93449584
959   676        -5.26668322    -12.33162986     -0.92079986
960   676        -5.32813194    -12.30698058     -0.91358057
961   676        -5.37787865    -12.29520736     -0.94058631
962   676        -5.39013782    -12.30371785     -0.98855135
963   676        -5.36294511    -12.35139176     -1.02792251
964   676        -5.32055621    -12.42316677     -1.05367244
965   676        -5.31341209    -12.49911451     -1.08440024
966   676        -5.35514135    -12.56358823     -1.11697372
967   676        -5.41181261    -12.61675726     -1.14857474
968   676        -5.45364742    -12.66507054     -1.17450955
969   676        -5.49458387    -12.70632213     -1.19466253
970   676        -5.53625617    -12.72371178     -1.20589858
971   676        -5.57030433    -12.71240817     -1.22514925
972   676        -5.57142007    -12.68898904     -1.24364495
973   676        -5.54610355    -12.66712762     -1.26115990
974   676        -5.51900353    -12.63619028     -1.27339508
975   676        -5.52596702    -12.60636640     -1.28481566
976   676        -5.56766764    -12.58471718     -1.30630686
977   676        -5.61963831    -12.56371426     -1.31943106
978   676        -5.64445827    -12.53845892     -1.30389480
979   676        -5.63054247    -12.51935847     -1.27281872
980   676        -5.57855222    -12.51074506     -1.24253857
981   676        -5.51375277    -12.50730948     -1.22570806
982   676        -5.46475721    -12.49868437     -1.21328483
983   676        -5.42711541    -12.45751395     -1.17912285
984   676        -5.38923851    -12.38276652     -1.14084071
985   676        -5.35764930    -12.28676615     -1.13299838
986   676        -5.34396950    -12.20063617     -1.11514117
987   676        -5.34649996    -12.15678409     -1.05537402
988   676        -5.34366791    -12.14268997     -0.97529306
989   676        -5.31535584    -12.12951963     -0.92193606
990   676        -5.25148068    -12.11457367     -0.89969093
991   676        -5.17664104    -12.11029111     -0.89500847
992   676        -5.12223496    -12.14749416     -0.89854931
993   676        -5.07901961    -12.21415828     -0.91020212
994   676        -5.02092197    -12.26783179     -0.93070184
995   676        -4.97335120    -12.29863113     -0.95816874
996   676        -4.95643388    -12.33311288     -0.99186928
997   676        -4.95512020    -12.39927898     -1.02476800
998   676        -4.94944969    -12.46707345     -1.02544213
999   676        -4.94085783    -12.47797446     -1.01699316
1000  676        -4.92212200    -12.44727672     -0.99779831
1001  676        -4.88842497    -12.42745789     -0.95590935
1002  676        -4.85042838    -12.43454481     -0.91494435
1003  676        -4.83704428    -12.45245741     -0.90106177
1004  676        -4.84784050    -12.46043332     -0.91886498
1005  676        -4.85846009    -12.44774243     -0.94442308
1006  676        -4.86960759    -12.44221933     -0.96176429
1007  676        -4.91131900    -12.47878681     -0.96703822
1008  676        -4.99023932    -12.54041632     -0.96880264
1009  676        -5.06848400    -12.58431325     -0.97895212
1010  676        -5.07820686    -12.59598181     -1.01935848
1011  676        -5.03279735    -12.60192509     -1.06995669
1012  676        -4.99836217    -12.60598645     -1.10142596
1013  676        -5.01119936    -12.61863045     -1.11743532
1014  676        -5.05195332    -12.65498738     -1.11925116
1015  676        -5.09634897    -12.71667634     -1.11385660
1016  676        -5.12649379    -12.80100992     -1.09459146
1017  676        -5.15259659    -12.88626833     -1.08162630
1018  676        -5.18797162    -12.96240817     -1.11532261
1019  676        -5.23042325    -13.01475691     -1.18581106
1020  676        -5.26483727    -13.04869676     -1.23088727
1021  676        -5.28666684    -13.10299260     -1.25005002
1022  676        -5.31598383    -13.17944179     -1.26838241
1023  676        -5.35967295    -13.24927348     -1.29096708
1024  676        -5.42297467    -13.29850951     -1.29577881
1025  676        -5.49301784    -13.33613823     -1.27139196
1026  676        -5.54102181    -13.35666295     -1.24057317
1027  676        -5.53578575    -13.36840377     -1.22517991
1028  676        -5.49734555    -13.37975766     -1.22419755
1029  676        -5.47086007    -13.39514897     -1.23270194
1030  676        -5.44738806    -13.41250206     -1.23492130
1031  676        -5.41811417    -13.40202669     -1.22408598
1032  676        -5.38047487    -13.36023902     -1.21704923
1033  676        -5.33000495    -13.32002213     -1.22329511
1034  676        -5.27350889    -13.27972210     -1.24172399
1035  676        -5.22115664    -13.23232365     -1.25723081
1036  676        -5.19444461    -13.20826370     -1.25712752
1037  676        -5.17327939    -13.20348831     -1.24318832
1038  676        -5.16342111    -13.18629935     -1.22845159
1039  676        -5.17409362    -13.14404835     -1.20938050
1040  676        -5.19313270    -13.10268079     -1.19237150
1041  676        -5.22247558    -13.07917729     -1.17645120
1042  676        -5.23936480    -13.05468976     -1.18443458
1043  676        -5.22120877    -13.02022216     -1.19630182
1044  676        -5.19631069    -13.01386918     -1.19683627
1045  676        -5.19611020    -13.03999853     -1.17225516
1046  676        -5.21993306    -13.04931035     -1.16843356
1047  676        -5.24333055    -13.00545147     -1.21284284
1048  676        -5.27820593    -12.93419681     -1.26971969
1049  676        -5.32089030    -12.85564717     -1.30407754
1050  676        -5.33668575    -12.77815700     -1.32338339
1051  676        -5.31294489    -12.71356877     -1.33906113
1052  676        -5.27723955    -12.66379207     -1.33540187
1053  676        -5.27942548    -12.64203924     -1.30784678
1054  676        -5.31306583    -12.64661717     -1.25035044
1055  676        -5.34067357    -12.65917889     -1.20908539
1056  676        -5.35225527    -12.66154716     -1.20156866
1057  676        -5.36640011    -12.63923918     -1.23055384
1058  676        -5.37955551    -12.59064513     -1.27240337
1059  676        -5.38808316    -12.54316035     -1.30480541
1060  676        -5.40518758    -12.52043572     -1.32741420
1061  676        -5.43819849    -12.52834776     -1.34093074
1062  676        -5.47306316    -12.54522717     -1.34208667
1063  676        -5.50218036    -12.55171400     -1.31915064
1064  676        -5.51342547    -12.55511405     -1.27721930
1065  676        -5.51046798    -12.57125895     -1.22739998
1066  676        -5.52615859    -12.61123038     -1.18834135
1067  676        -5.56177464    -12.66141435     -1.14203257
1068  676        -5.59485444    -12.68903270     -1.10116462
1069  676        -5.62528301    -12.65951266     -1.07980372
1070  676        -5.65378622    -12.58048068     -1.10586100
1071  676        -5.70416503    -12.50149039     -1.14233161
1072  676        -5.77356652    -12.45105533     -1.15674141
1073  676        -5.82163036    -12.42471831     -1.14161552
1074  676        -5.82246939    -12.41272738     -1.09908754
1075  676        -5.80789178    -12.40386740     -1.04242152
1076  676        -5.81766239    -12.38025537     -0.95563070
1077  676        -5.82280969    -12.35455632     -0.84796478
1078  676        -5.79148527    -12.33124295     -0.75074433
1079  676        -5.72854221    -12.31997064     -0.67800858
1080  676        -5.66945580    -12.31612046     -0.60787614
1081  676        -5.63246096    -12.29736153     -0.54693995
1082  676        -5.62752881    -12.26635981     -0.51099101
1083  676        -5.62567496    -12.23615999     -0.49743583
1084  676        -5.63268708    -12.22931075     -0.48704019
1085  676        -5.64885444    -12.25642405     -0.47898861
1086  676        -5.66520132    -12.30119683     -0.49885836
1087  676        -5.65045352    -12.33729237     -0.53950627
1088  676        -5.63379132    -12.34577602     -0.56642988
1089  676        -5.63330403    -12.32976854     -0.56560793
1090  676        -5.63259619    -12.32716764     -0.55203182
1091  676        -5.63545604    -12.34764879     -0.53584923
1092  676        -5.64606194    -12.38277111     -0.54077551
1093  676        -5.66732376    -12.40565437     -0.57341731
1094  676        -5.69823760    -12.40780993     -0.60963414
1095  676        -5.72011098    -12.38795934     -0.61788991
1096  676        -5.73047068    -12.34249317     -0.59587454
1097  676        -5.73654178    -12.29897282     -0.57238606
1098  676        -5.75232646    -12.27957885     -0.56427600
1099  676        -5.78069412    -12.26722070     -0.57435122
1100  676        -5.79141158    -12.23606487     -0.58609054
1101  676        -5.76513716    -12.19168852     -0.59344283
1102  676        -5.70358735    -12.16420748     -0.59870607
1103  676        -5.63947384    -12.17449197     -0.60312939
1104  676        -5.60397658    -12.20590921     -0.60372805
1105  676        -5.60407784    -12.23614306     -0.58821570
1106  676        -5.61357642    -12.23641460     -0.56659111
1107  676        -5.63489865    -12.20478994     -0.55752883
1108  676        -5.70442755    -12.16034274     -0.58525589
1109  676        -5.80112382    -12.14974633     -0.65404636
1110  676        -5.88273078    -12.18032461     -0.73977080
1111  676        -5.92103169    -12.23401892     -0.79285287
1112  676        -5.94639159    -12.28295028     -0.77518925
1113  676        -5.99078641    -12.31350307     -0.69832017
1114  676        -6.06118785    -12.33320363     -0.64121160
1115  676        -6.12385867    -12.32930109     -0.62138086
1116  676        -6.14379928    -12.30187446     -0.62629397
1117  676        -6.14692813    -12.26928439     -0.66272135
1118  676        -6.15856422    -12.26502042     -0.72251343
1119  676        -6.18271287    -12.30387521     -0.79229127
1120  676        -6.18394324    -12.37001344     -0.83700960
1121  676        -6.19336284    -12.44251358     -0.84211855
1122  676        -6.24543110    -12.50872497     -0.81144240
1123  676        -6.33147452    -12.55915486     -0.77105155
1124  676        -6.43764405    -12.60079672     -0.72041564
1125  676        -6.52368879    -12.65371001     -0.66254411
1126  676        -6.57144959    -12.69544017     -0.62604213
1127  676        -6.56940646    -12.68921009     -0.65039820
1128  676        -6.51630527    -12.63422905     -0.73701905
1129  676        -6.45216323    -12.58474724     -0.81898280
1130  676        -6.40112691    -12.58145918     -0.86672991
1131  676        -6.34856353    -12.61232089     -0.84880617
1132  676        -6.28745309    -12.65081305     -0.78508772
1133  676        -6.23024986    -12.66965702     -0.71940265
1134  676        -6.18532930    -12.67073832     -0.66993080
1135  676        -6.13550034    -12.65860807     -0.63426995
1136  676        -6.07046962    -12.65581329     -0.60125369
1137  676        -6.00435064    -12.66210861     -0.57779375
1138  676        -5.96930162    -12.67518470     -0.56852931
1139  676        -5.96227410    -12.67709046     -0.59028642
1140  676        -5.96229521    -12.64699662     -0.63348677
1141  676        -5.96334147    -12.61835086     -0.67056619
1142  676        -5.94488003    -12.61441639     -0.69128479
1143  676        -5.90055125    -12.63846318     -0.69971970
1144  676        -5.84308507    -12.65788684     -0.71708443
1145  676        -5.78626668    -12.65969776     -0.73350966
1146  676        -5.74087669    -12.65453185     -0.73961172
1147  676        -5.70389479    -12.64120931     -0.74326193
1148  676        -5.66937830    -12.63036586     -0.76237736
1149  676        -5.66145476    -12.61370467     -0.79817624
1150  676        -5.68565658    -12.60213126     -0.83141284
1151  676        -5.72978598    -12.60438198     -0.84329498
1152  676        -5.78027026    -12.62626400     -0.82199347
1153  676        -5.82213271    -12.63519204     -0.79083817
1154  676        -5.85857110    -12.60509923     -0.77859257
1155  676        -5.89159893    -12.53869880     -0.78016435
1156  676        -5.92245022    -12.46655472     -0.77340892
1157  676        -5.93749568    -12.42072326     -0.75682843
1158  676        -5.92728764    -12.39612214     -0.72970615
1159  676        -5.93077570    -12.38620016     -0.69887123
1160  676        -5.93474423    -12.38927433     -0.67343157
1161  676        -5.93227022    -12.41627307     -0.63626214
1162  676        -5.97339639    -12.43156851     -0.58669728
1163  676        -6.04621670    -12.42870634     -0.53193079
1164  676        -6.12604444    -12.39485109     -0.50981913
1165  676        -6.20850946    -12.31995151     -0.54641213
1166  676        -6.28417605    -12.21886305     -0.63283298
1167  676        -6.34383284    -12.15748045     -0.70988949
1168  676        -6.39968266    -12.17021580     -0.74683335
1169  676        -6.44809577    -12.21202997     -0.74889519
1170  676        -6.50094834    -12.24202392     -0.74184279
1171  676        -6.57406583    -12.24282074     -0.74257135
1172  676        -6.67412567    -12.22777499     -0.74227953
1173  676        -6.78547148    -12.19912321     -0.70839426
1174  676        -6.86332273    -12.13938898     -0.65541983
1175  676        -6.88860579    -12.04883938     -0.63643087
1176  676        -6.88517926    -11.97035693     -0.64806893
1177  676        -6.89181287    -11.94277581     -0.65600339
1178  676        -6.91268343    -11.96115314     -0.63356216
1179  676        -6.94957704    -11.98580635     -0.60095051
1180  676        -6.99715533    -11.99045938     -0.59727476
1181  676        -7.06257855    -11.97631164     -0.63760417
1182  676        -7.12800426    -11.95525079     -0.69595994
1183  676        -7.20230688    -11.92668502     -0.73553200
1184  676        -7.28746039    -11.89167834     -0.74687916
1185  676        -7.39135694    -11.85305395     -0.74160142
1186  676        -7.50308743    -11.80036700     -0.72008983
1187  676        -7.59479814    -11.74430886     -0.68551943
1188  676        -7.65493583    -11.70704115     -0.65020154
1189  676        -7.68287115    -11.67816773     -0.62488800
1190  676        -7.69447279    -11.66036613     -0.61479897
1191  676        -7.68855154    -11.65295947     -0.63189389
1192  676        -7.69526629    -11.66039832     -0.67848762
1193  676        -7.71147240    -11.66259831     -0.72689834
1194  676        -7.74585757    -11.64230675     -0.76937077
1195  676        -7.78645197    -11.62353714     -0.80359713
1196  676        -7.82128200    -11.63687003     -0.81987387
1197  676        -7.85869073    -11.65635514     -0.81835208
1198  676        -7.92014948    -11.65163049     -0.81839229
1199  676        -8.01030016    -11.65511013     -0.83028025
1200  676        -8.08588309    -11.68485733     -0.84234234
1201  676        -8.12067133    -11.70634726     -0.85557301
1202  676        -8.14240047    -11.71066721     -0.85703345
1203  676        -8.18863562    -11.70271546     -0.85251316
1204  676        -8.20464323    -11.69538566     -0.85126486
1205  676        -8.20925691    -11.67968644     -0.86821478
1206  676        -8.22666223    -11.67558190     -0.88388550
1207  676        -8.29879261    -11.68216563     -0.85561097
1208  676        -8.40747594    -11.70179450     -0.79758796
1209  676        -8.48748724    -11.72070686     -0.74373600
1210  676        -8.53350355    -11.73638425     -0.70601760
1211  676        -8.55200575    -11.75036671     -0.67760744
1212  676        -8.57632868    -11.76492012     -0.68168312
1213  676        -8.59178169    -11.77641951     -0.68784748
1214  676        -8.60103212    -11.80947838     -0.67449940
1215  676        -8.59508360    -11.86812408     -0.60928140
1216  676        -8.60548714    -11.94696364     -0.51762265
1217  676        -8.64993003    -12.01865927     -0.42913505
1218  676        -8.71583134    -12.07171587     -0.37699668
1219  676        -8.77167298    -12.10770606     -0.36347697
1220  676        -8.79305078    -12.11038893     -0.36986587
1221  676        -8.79456427    -12.09171515     -0.39435495
1222  676        -8.80004176    -12.07528463     -0.42343312
1223  676        -8.82846667    -12.07087014     -0.46023798
1224  676        -8.87111913    -12.06184601     -0.48330730
1225  676        -8.90968943    -12.04637761     -0.50499754
1226  676        -8.92078072    -12.04061130     -0.50965279
1227  676        -8.90048810    -12.05798022     -0.48642124
1228  676        -8.84196140    -12.09980514     -0.43516854
1229  676        -8.77862383    -12.14794972     -0.38689683
1230  676        -8.72148074    -12.20305830     -0.36242168
1231  676        -8.67869254    -12.25717430     -0.35672393
1232  676        -8.65977310    -12.30160186     -0.37183090
1233  676        -8.68043086    -12.34607214     -0.38830991
1234  676        -8.73143039    -12.39861266     -0.39811783
1235  676        -8.79096394    -12.43011270     -0.38612013
1236  676        -8.83768572    -12.41694664     -0.37226937
1237  676        -8.88484399    -12.36575729     -0.37599990
1238  676        -8.93912651    -12.29259682     -0.41359226
1239  676        -8.99400962    -12.21708902     -0.48797848
1240  676        -9.03774767    -12.16013389     -0.57765743
1241  676        -9.04551916    -12.11535616     -0.66010135
1242  676        -9.05452811    -12.10913311     -0.73732105
1243  676        -9.07104714    -12.16166075     -0.80762987
1244  676        -9.10185496    -12.24691857     -0.84306940
1245  676        -9.14085865    -12.31645782     -0.84644606
1246  676        -9.20018161    -12.35554110     -0.84123533
1247  676        -9.27084772    -12.35673382     -0.82752569
1248  676        -9.35240413    -12.31158089     -0.81070816
1249  676        -9.42422968    -12.21786811     -0.78724318
1250  676        -9.46275828    -12.10540203     -0.79067423
1251  676        -9.46568393    -12.05677157     -0.81972460
1252  676        -9.44876385    -12.09319410     -0.84065364
1253  676        -9.42024028    -12.14480600     -0.82594098
1254  676        -9.37700348    -12.16538286     -0.79098516
1255  676        -9.34900817    -12.14878119     -0.77495519
1256  676        -9.35500248    -12.12269096     -0.78674458
1257  676        -9.39714130    -12.09601505     -0.79831244
1258  676        -9.45819541    -12.06044347     -0.77274763
1259  676        -9.51308374    -12.00638096     -0.71433857
1260  676        -9.54573533    -11.94709054     -0.66112364
1261  676        -9.57477258    -11.91812537     -0.63152900
1262  676        -9.60161458    -11.92345342     -0.62431559
1263  676        -9.62407289    -11.93688077     -0.62538867
1264  676        -9.64776546    -11.95187350     -0.62440246
1265  676        -9.68087939    -11.96700551     -0.61030439
1266  676        -9.73860875    -11.96899136     -0.60235841
1267  676        -9.80613019    -11.95144048     -0.61889120
1268  676        -9.88581598    -11.91370381     -0.61808046
1269  676        -9.97012161    -11.88380191     -0.57193514
1270  676       -10.03304996    -11.87538406     -0.51689394
1271  676       -10.05072366    -11.86941851     -0.47865890
1272  676       -10.06048225    -11.84915303     -0.45158858
1273  676       -10.11108272    -11.81218447     -0.44045801
1274  676       -10.17674143    -11.78014043     -0.44242433
1275  676       -10.21762214    -11.75152780     -0.45566539
1276  676       -10.22696079    -11.73058867     -0.46626058
1277  676       -10.22175106    -11.74352419     -0.47153678
1278  676       -10.20639373    -11.76095155     -0.47843990
1279  676       -10.18413339    -11.76541745     -0.47155583
1280  676       -10.15875528    -11.75824769     -0.44623781
1281  676       -10.13691521    -11.75329659     -0.43530147
1282  676       -10.11628486    -11.74482327     -0.47852022
1283  676       -10.09896577    -11.73991869     -0.57175581
1284  676       -10.07679712    -11.75661461     -0.67676204
1285  676       -10.04680546    -11.78284264     -0.74659044
1286  676       -10.01022333    -11.80177114     -0.75272715
1287  676        -9.97784411    -11.80058525     -0.72390505
1288  676        -9.96361052    -11.78647858     -0.71917041
1289  676        -9.97385454    -11.76830553     -0.75840611
1290  676       -10.00077861    -11.74133155     -0.83243866
1291  676       -10.03464857    -11.68759365     -0.91703490
1292  676       -10.08948548    -11.62050662     -0.98356331
1293  676       -10.15505753    -11.57048490     -1.02688954
1294  676       -10.21124825    -11.53142216     -1.06867781
1295  676       -10.24967135    -11.48215375     -1.12018428
1296  676       -10.25998033    -11.43944393     -1.17686356
1297  676       -10.26198807    -11.43046846     -1.21345116
1298  676       -10.28526791    -11.42997159     -1.21918896
1299  676       -10.33384954    -11.41567164     -1.19712862
1300  676       -10.39750063    -11.38448135     -1.16829514
1301  676       -10.44552880    -11.35919969     -1.14755843
1302  676       -10.44677832    -11.33764796     -1.12299731
1303  676       -10.42923439    -11.30238217     -1.09553295
1304  676       -10.41811999    -11.23770079     -1.09623522
1305  676       -10.40439949    -11.16620182     -1.12135307
1306  676       -10.38944536    -11.12273936     -1.13441233
1307  676       -10.39720695    -11.09112912     -1.12856213
1308  676       -10.44110658    -11.05518851     -1.12734154
1309  676       -10.47332124    -11.03405006     -1.13573747
1310  676       -10.47508039    -11.03437840     -1.13670873
1311  676       -10.46504273    -11.03623490     -1.12857583
1312  676       -10.46234487    -11.03658522     -1.12194578
1313  676       -10.46930470    -11.04650607     -1.12283771
1314  676       -10.48137234    -11.05305697     -1.12517294
1315  676       -10.48173380    -11.03578701     -1.11785604
1316  676       -10.45671671    -10.98977610     -1.10178263
1317  676       -10.43253997    -10.95449767     -1.08512150
1318  676       -10.42171901    -10.93713423     -1.07376432
1319  676       -10.40495588    -10.92462302     -1.07052531
1320  676       -10.36241034    -10.91828285     -1.06473068
1321  676       -10.32023703    -10.92120493     -1.07421118
1322  676       -10.31671792    -10.92485711     -1.11632892
1323  676       -10.33787997    -10.92676326     -1.15503179
1324  676       -10.34667851    -10.94271411     -1.14898688
1325  676       -10.34175223    -10.96824003     -1.12031336
1326  676       -10.33168109    -10.98865868     -1.09382433
1327  676       -10.32543898    -11.00333875     -1.07797088
1328  676       -10.33099255    -11.00134629     -1.07846458
1329  676       -10.35078642    -10.99181111     -1.09746438
1330  676       -10.36396717    -10.98261564     -1.11844844
1331  676       -10.36965781    -10.99047520     -1.10698219
1332  676       -10.36228915    -10.99357949     -1.06729152
1333  676       -10.32938060    -11.00379907     -1.02908294
1334  676       -10.27087288    -11.03376506     -1.00776836
1335  676       -10.19744494    -11.06880143     -0.97817522
1336  676       -10.13528970    -11.08897700     -0.94238292
1337  676       -10.11255114    -11.10801663     -0.91305828
1338  676       -10.11605256    -11.15412504     -0.89544863
1339  676       -10.11636959    -11.20192177     -0.89645624
1340  676       -10.10496092    -11.22190501     -0.90755780
1341  676       -10.08913502    -11.21997001     -0.93320110
1342  676       -10.06744511    -11.21236807     -0.96504429
1343  676       -10.03512217    -11.21064146     -0.98400752
1344  676       -10.01006371    -11.24623304     -0.96553842
1345  676       -10.00152339    -11.32413565     -0.93027480
1346  676        -9.99496161    -11.40605929     -0.87466319
1347  676        -9.97238458    -11.45862807     -0.81542967
1348  676        -9.95430810    -11.46955305     -0.78117156
1349  676        -9.94055229    -11.46684612     -0.75995466
1350  676        -9.91721517    -11.44924766     -0.71720222
1351  676        -9.87166625    -11.41694936     -0.66592493
1352  676        -9.82576798    -11.36711329     -0.64076718
1353  676        -9.79236820    -11.30882815     -0.65401696
1354  676        -9.77451863    -11.26819896     -0.69112198
1355  676        -9.75198633    -11.25652380     -0.73026504
1356  676        -9.72091781    -11.27146343     -0.76795397
1357  676        -9.68661884    -11.29308958     -0.78693116
1358  676        -9.67364121    -11.30917225     -0.78001792
1359  676        -9.69340659    -11.31613413     -0.76215303
1360  676        -9.72478864    -11.29911757     -0.77982079
1361  676        -9.73142938    -11.24996239     -0.82896245
1362  676        -9.70507772    -11.20092607     -0.87705683
1363  676        -9.69355439    -11.17510643     -0.89945009
1364  676        -9.70983172    -11.16400527     -0.90549044
1365  676        -9.76075890    -11.14852052     -0.91511322
1366  676        -9.79875602    -11.13419889     -0.91386623
1367  676        -9.81664535    -11.13634671     -0.87367087
1368  676        -9.83474347    -11.15482081     -0.80813145
1369  676        -9.87080700    -11.16389358     -0.75138143
1370  676        -9.93193393    -11.14741653     -0.71865526
1371  676        -9.96650183    -11.11389612     -0.70055888
1372  676        -9.96022237    -11.07893882     -0.66502199
1373  676        -9.94487312    -11.05558487     -0.60945474
1374  676        -9.94438576    -11.04145280     -0.56840145
1375  676        -9.97060244    -11.01108405     -0.55635374
1376  676       -10.01642146    -10.96727573     -0.56298625
1377  676       -10.06503137    -10.92113871     -0.58825983
1378  676       -10.08917133    -10.87923928     -0.63711539
1379  676       -10.08023687    -10.83662183     -0.71373467
1380  676       -10.07560175    -10.81059374     -0.80042874
1381  676       -10.09451738    -10.81342846     -0.86269423
1382  676       -10.13017118    -10.83643701     -0.89239232
1383  676       -10.15901537    -10.85701723     -0.91117704
1384  676       -10.18409425    -10.86590970     -0.92733529
1385  676       -10.23104199    -10.86494089     -0.93200288
1386  676       -10.29411237    -10.84816500     -0.92683765
1387  676       -10.33450497    -10.81751704     -0.92991982
1388  676       -10.35160251    -10.78881544     -0.94154830
1389  676       -10.39847141    -10.77629541     -0.95183163
1390  676       -10.46967733    -10.79407519     -0.96220208
1391  676       -10.52385211    -10.81791740     -0.99139951
1392  676       -10.54240625    -10.82676603     -1.02095451
1393  676       -10.54577620    -10.82391407     -1.03935659
1394  676       -10.56169755    -10.83209694     -1.05027701
1395  676       -10.58573250    -10.84549523     -1.06909509
1396  676       -10.60437833    -10.86427431     -1.09269103
1397  676       -10.60847023    -10.87798266     -1.11280036
1398  676       -10.60301171    -10.89275439     -1.12853952
1399  676       -10.60763451    -10.90667901     -1.14470955
1400  676       -10.62994505    -10.91830258     -1.15000924
1401  676       -10.63653991    -10.90923576     -1.14627488
1402  676       -10.61019515    -10.87939599     -1.14698833
1403  676       -10.56759192    -10.83955719     -1.16070994
1404  676       -10.53981189    -10.80066963     -1.18843620
1405  676       -10.52469024    -10.77359295     -1.22745640
1406  676       -10.50312598    -10.77118001     -1.26181599
1407  676       -10.47424574    -10.79665214     -1.26734855
1408  676       -10.43869815    -10.83267476     -1.23846283
1409  676       -10.39799961    -10.87529867     -1.19228578
1410  676       -10.38173134    -10.92646658     -1.17532791
1411  676       -10.40215825    -10.97044525     -1.21256211
1412  676       -10.45281871    -10.97658339     -1.27670049
1413  676       -10.50807195    -10.94782251     -1.33627858
1414  676       -10.55627000    -10.90410105     -1.38641501
1415  676       -10.60402760    -10.86810169     -1.42150977
1416  676       -10.62959300    -10.84036601     -1.42724228
1417  676       -10.61825897    -10.81526447     -1.39882130
1418  676       -10.58326369    -10.79763306     -1.36160664
1419  676       -10.55128216    -10.79672301     -1.33899139
1420  676       -10.54346763    -10.81204534     -1.31691160
1421  676       -10.56760821    -10.84898920     -1.29851742
1422  676       -10.61135402    -10.90254565     -1.29429662
1423  676       -10.65700624    -10.94417232     -1.30433566
1424  676       -10.69459389    -10.95975139     -1.31882663
1425  676       -10.72183367    -10.95251883     -1.32041238
1426  676       -10.72928564    -10.96542351     -1.31492084
1427  676       -10.70182317    -11.01782370     -1.29763310
1428  676       -10.65279381    -11.08526640     -1.27505725
1429  676       -10.61268513    -11.14027500     -1.25057470
1430  676       -10.59757084    -11.16237379     -1.22708736
1431  676       -10.60152932    -11.15113011     -1.21196339
1432  676       -10.62050423    -11.13920863     -1.19158746
1433  676       -10.64385390    -11.12955252     -1.18048710
1434  676       -10.69405653    -11.11608726     -1.18504090
1435  676       -10.74217952    -11.10591627     -1.18773704
1436  676       -10.74506960    -11.10320848     -1.17882876
1437  676       -10.70892357    -11.10843799     -1.16285494
1438  676       -10.67289993    -11.12129260     -1.16626847
1439  676       -10.67091826    -11.15369124     -1.18017764
1440  676       -10.69945222    -11.20775018     -1.18069274
1441  676       -10.74332170    -11.24712513     -1.17067453
1442  676       -10.79122682    -11.26371230     -1.17193318
1443  676       -10.85267815    -11.26003607     -1.18661033
1444  676       -10.90774668    -11.26420095     -1.20740273
1445  676       -10.94180201    -11.29303151     -1.21934068
1446  676       -10.94175635    -11.34887880     -1.22993920
1447  676       -10.90334855    -11.40679408     -1.24522739
1448  676       -10.84782159    -11.46965094     -1.26391934
1449  676       -10.79456235    -11.52721186     -1.26820135
1450  676       -10.74904844    -11.56909575     -1.25299370
1451  676       -10.71536195    -11.57746530     -1.21523266
1452  676       -10.68942027    -11.55219288     -1.17002379
1453  676       -10.67385100    -11.51407685     -1.14941631
1454  676       -10.67985512    -11.48975208     -1.16311863
1455  676       -10.70483220    -11.49992177     -1.19434981
1456  676       -10.73970969    -11.53331672     -1.22681964
1457  676       -10.76884975    -11.57980668     -1.26638776
1458  676       -10.76804211    -11.64823827     -1.28490375
1459  676       -10.72233340    -11.74068114     -1.26894448
1460  676       -10.66218840    -11.82725257     -1.23387379
1461  676       -10.62243907    -11.87775718     -1.20413906
1462  676       -10.61918970    -11.89442591     -1.20150806
1463  676       -10.61853411    -11.87589835     -1.22722334
1464  676       -10.58993124    -11.82590249     -1.26335927
1465  676       -10.53034507    -11.76065381     -1.28597555
1466  676       -10.45877420    -11.71043454     -1.28154989
1467  676       -10.38143625    -11.68944874     -1.25724295
1468  676       -10.31958351    -11.69145072     -1.23004997
1469  676       -10.28465990    -11.71308084     -1.20808905
1470  676       -10.27943828    -11.75902981     -1.18271219
1471  676       -10.29993298    -11.81942412     -1.14111712
1472  676       -10.33189947    -11.86310818     -1.10355980
1473  676       -10.38011961    -11.88037898     -1.08743611
1474  676       -10.44790525    -11.87814942     -1.09516407
1475  676       -10.53449534    -11.86580461     -1.10051471
1476  676       -10.61930868    -11.85790839     -1.09305508
1477  676       -10.68547386    -11.84249354     -1.08705474
1478  676       -10.72619260    -11.81459891     -1.09619812
1479  676       -10.74529883    -11.78757506     -1.11297314
1480  676       -10.75987151    -11.79302748     -1.15231497
1481  676       -10.78686127    -11.83898909     -1.18908420
1482  676       -10.83371056    -11.89495084     -1.21481098
1483  676       -10.89128050    -11.93797796     -1.20529409
1484  676       -10.93107441    -11.98406216     -1.16124757
1485  676       -10.94614008    -12.05135915     -1.09674888
1486  676       -10.94426280    -12.13184378     -1.01746238
1487  676       -10.90886449    -12.18340050     -0.94578937
1488  676       -10.84433666    -12.17757853     -0.88610830
1489  676       -10.77476433    -12.14836599     -0.85843985
1490  676       -10.72028844    -12.12153927     -0.86704919
1491  676       -10.67156595    -12.12056855     -0.88600007
1492  676       -10.64572654    -12.12954644     -0.88014789
1493  676       -10.65497584    -12.15132643     -0.84959651
1494  676       -10.67214588    -12.17212681     -0.79631342
1495  676       -10.66747692    -12.19453874     -0.73949585
1496  676       -10.63042295    -12.19605480     -0.69489827
1497  676       -10.58983583    -12.16517894     -0.67411525
1498  676       -10.56271357    -12.09663936     -0.66129049
1499  676       -10.55984577    -12.01662853     -0.64175671
1500  676       -10.58818675    -11.94538678     -0.63959332
1501  676       -10.62983792    -11.90662326     -0.65953387
1502  676       -10.65263994    -11.92353053     -0.68284851
1503  676       -10.66295741    -11.96547176     -0.68616819
1504  676       -10.66329491    -11.99750370     -0.66263586
1505  676       -10.65641170    -11.99532187     -0.60814844
1506  676       -10.64378699    -11.97014812     -0.54996054
1507  676       -10.62333324    -11.90578576     -0.51000157
1508  676       -10.60306800    -11.80539079     -0.50295622
1509  676       -10.58909379    -11.71338242     -0.50825095
1510  676       -10.58287894    -11.68306417     -0.51632883
1511  676       -10.57380571    -11.70735058     -0.52096400
1512  676       -10.57626474    -11.75058891     -0.51944436
1513  676       -10.59634747    -11.78884621     -0.51205496
1514  676       -10.60394419    -11.79374191     -0.51469839
1515  676       -10.56057764    -11.77334235     -0.53250791
1516  676       -10.48293438    -11.76234761     -0.54014322
1517  676       -10.41267422    -11.77778855     -0.54457348
1518  676       -10.36452386    -11.79962847     -0.54206416
1519  676       -10.33345292    -11.80282958     -0.54130602
1520  676       -10.31538196    -11.80364273     -0.53972798
1521  676       -10.32535129    -11.83036619     -0.53469492
1522  676       -10.33518409    -11.88368792     -0.51075364
1523  676       -10.34933311    -11.94871272     -0.49312648
1524  676       -10.36646188    -12.01885522     -0.49495151
1525  676       -10.37671210    -12.08662978     -0.51404381
1526  676       -10.35367748    -12.13463918     -0.53787003
1527  676       -10.30542305    -12.15200817     -0.56974914
1528  676       -10.28468345    -12.16602177     -0.60085986
1529  676       -10.31194362    -12.19402263     -0.63337986
1530  676       -10.37582002    -12.20800598     -0.65393313
1531  676       -10.44075898    -12.18390843     -0.66173659
1532  676       -10.47792728    -12.13866303     -0.67975093
1533  676       -10.46919903    -12.11730764     -0.67894683
1534  676       -10.42725496    -12.12478578     -0.65187897
1535  676       -10.37710479    -12.15466990     -0.62419173
1536  676       -10.34891909    -12.20849485     -0.62008390
1537  676       -10.35053300    -12.26156061     -0.62019801
1538  676       -10.36003362    -12.28454537     -0.59682156
1539  676       -10.36144443    -12.30465213     -0.53277108
1540  676       -10.37549956    -12.34298064     -0.46059783
1541  676       -10.40138564    -12.36946721     -0.39650567
1542  676       -10.46229277    -12.37272247     -0.35367623
1543  676       -10.56824659    -12.38012785     -0.33987448
1544  676       -10.67755803    -12.39107445     -0.33404300
1545  676       -10.76176542    -12.42189913     -0.31970081
1546  676       -10.78236740    -12.47364337     -0.29054347
1547  676       -10.74647225    -12.52078494     -0.25568693
1548  676       -10.69243185    -12.55057987     -0.21232559
1549  676       -10.66673735    -12.55555993     -0.17312428
1550  676       -10.69309313    -12.53755955     -0.15911423
1551  676       -10.73782393    -12.50245473     -0.16868980
1552  676       -10.78145322    -12.47589668     -0.17426418
1553  676       -10.82081177    -12.48562689     -0.18590203
1554  676       -10.86037075    -12.54489642     -0.20234482
1555  676       -10.89850517    -12.61565807     -0.20666372
1556  676       -10.93856195    -12.68631460     -0.19588134
1557  676       -10.98632521    -12.74374866     -0.17348886
1558  676       -11.03735733    -12.78978894     -0.14938815
1559  676       -11.06483741    -12.82356290     -0.12830668
1560  676       -11.05804456    -12.82601643     -0.10736205
1561  676       -11.02685433    -12.80544053     -0.09554334
1562  676       -11.00957127    -12.79792548     -0.11384840
1563  676       -11.03039425    -12.85762624     -0.15843462
1564  676       -11.07020500    -12.95048338     -0.21811412
1565  676       -11.11184184    -13.03089369     -0.24493593
1566  676       -11.12647527    -13.08116693     -0.23257902
1567  676       -11.13452513    -13.12219241     -0.18324964
1568  676       -11.14034895    -13.15691743     -0.11526959
1569  676       -11.15871934    -13.17297089     -0.04281973
1570  676       -11.18761218    -13.15428340      0.01063104
1571  676       -11.20596517    -13.08893513      0.03904364
1572  676       -11.20668623    -13.01352158      0.07141915
1573  676       -11.20347401    -12.96183193      0.11513741
1574  676       -11.20287920    -12.95508804      0.15119812
1575  676       -11.17583788    -12.99866711      0.18263458
1576  676       -11.14106222    -13.04672315      0.20924865
1577  676       -11.10564865    -13.08019451      0.24297944
1578  676       -11.10402939    -13.11062845      0.28780998
1579  676       -11.11661391    -13.13481187      0.34330426
1580  676       -11.12467147    -13.15464640      0.40162051
1581  676       -11.11572489    -13.15620316      0.45569358
1582  676       -11.10827227    -13.13581369      0.50304713
1583  676       -11.12517817    -13.10004068      0.54243578
1584  676       -11.15162047    -13.04365012      0.56779447
1585  676       -11.18281359    -12.97824673      0.58937925
1586  676       -11.20062456    -12.91369125      0.62010710
1587  676       -11.19690220    -12.86716942      0.63944322
1588  676       -11.14664730    -12.83652261      0.65317748
1589  676       -11.06532897    -12.86944766      0.67987611
1590  676       -10.95902334    -12.96093385      0.71427513
1591  676       -10.87327883    -13.05476153      0.74147642
1592  676       -10.86354471    -13.14484143      0.72881225
1593  676       -10.90876737    -13.23938037      0.66984262
1594  676       -10.94372094    -13.31936681      0.59383650
1595  676       -10.92124368    -13.36715266      0.52626967
1596  676       -10.84270411    -13.41635751      0.47574888
1597  676       -10.72656874    -13.48004645      0.43900901
1598  676       -10.61103344    -13.54052175      0.40447132
1599  676       -10.50776156    -13.57298717      0.34416449
1600  676       -10.42289784    -13.56577805      0.24911752
1601  676       -10.35822056    -13.53591373      0.16085266
1602  676       -10.32958234    -13.49911344      0.10287410
1603  676       -10.32490416    -13.47027931      0.07898993
1604  676       -10.31138065    -13.47074188      0.06967995
1605  676       -10.28040948    -13.52042740      0.07911671
1606  676       -10.23127223    -13.57908485      0.10853125
1607  676       -10.15903896    -13.60062368      0.13937383
1608  676       -10.07463063    -13.57982781      0.15377784
1609  676       -10.00180389    -13.56840678      0.13596473
1610  676        -9.93882933    -13.58483337      0.08876561
1611  676        -9.87693442    -13.60564739      0.03947420
1612  676        -9.81605881    -13.62654660      0.03096012
1613  676        -9.78369405    -13.65959398      0.04658613
1614  676        -9.79889378    -13.68095151      0.08195129
1615  676        -9.84138580    -13.66628739      0.12848017
1616  676        -9.87746560    -13.63368825      0.15758301
1617  676        -9.89224607    -13.60262774      0.14918988
1618  676        -9.90648364    -13.57193859      0.09764997
1619  676        -9.91561209    -13.52436261      0.03138418
1620  676        -9.90006195    -13.45792217     -0.02225648
1621  676        -9.88645863    -13.38582620     -0.06686213
1622  676        -9.88921141    -13.32109543     -0.10195891
1623  676        -9.92002469    -13.26085811     -0.12453845
1624  676        -9.97394604    -13.22816466     -0.14600923
1625  676       -10.03674514    -13.22113543     -0.18512106
1626  676       -10.09192972    -13.22923335     -0.25188598
1627  676       -10.15636536    -13.23813174     -0.31817502
1628  676       -10.24294862    -13.22476123     -0.38044588
1629  676       -10.31250788    -13.18731522     -0.45759709
1630  676       -10.35565013    -13.12558049     -0.55179645
1631  676       -10.38153213    -13.06407221     -0.65341418
1632  676       -10.39756907    -13.00005927     -0.75638730
1633  676       -10.41245291    -12.93469957     -0.84816213
1634  676       -10.45065286    -12.87324333     -0.89631305
1635  676       -10.50321645    -12.81774579     -0.91418767
1636  676       -10.52857047    -12.75894863     -0.92126425
1637  676       -10.52380023    -12.69520848     -0.91293072
1638  676       -10.52537527    -12.65290622     -0.89688596
1639  676       -10.56589426    -12.63610288     -0.89596177
1640  676       -10.61865946    -12.62963421     -0.90634784
1641  676       -10.64543809    -12.60648489     -0.91414207
1642  676       -10.64909382    -12.57417669     -0.92150135
1643  676       -10.63345269    -12.54633623     -0.92826333
1644  676       -10.58858884    -12.52962169     -0.94394582
1645  676       -10.48392380    -12.53658743     -0.95056019
1646  676       -10.34908425    -12.55697410     -0.91916158
1647  676       -10.22339031    -12.58525094     -0.87094260
1648  676       -10.13997360    -12.63064932     -0.84289316
1649  676       -10.10033232    -12.68687848     -0.82115822
1650  676       -10.09311388    -12.75005288     -0.77866090
1651  676       -10.09746873    -12.80516578     -0.74756452
1652  676       -10.09649644    -12.83897206     -0.74762566
1653  676       -10.08092069    -12.84939645     -0.76390161
1654  676       -10.05502750    -12.85082865     -0.77151468
1655  676       -10.04685781    -12.86067499     -0.77334254
1656  676       -10.03257634    -12.87937353     -0.76026721
1657  676       -10.00742637    -12.88665422     -0.72322391
1658  676        -9.97561316    -12.87087813     -0.68197467
1659  676        -9.95332141    -12.87745109     -0.66063609
1660  676        -9.92473364    -12.91272471     -0.66106493
1661  676        -9.88898107    -12.96474964     -0.68778761
1662  676        -9.85582394    -13.00548965     -0.74158681
1663  676        -9.83471485    -13.02787335     -0.80958167
1664  676        -9.82384102    -13.03084283     -0.88175889
1665  676        -9.82255295    -13.02644131     -0.93618760
1666  676        -9.84103742    -13.03377812     -0.99663988
1667  676        -9.86405095    -13.04658178     -1.05096990
1668  676        -9.86829485    -13.03708054     -1.09302527
1669  676        -9.84723212    -13.01425210     -1.12420894
1670  676        -9.82373124    -13.01770222     -1.16567896
1671  676        -9.82994527    -13.05677141     -1.22085744
1672  676        -9.84999392    -13.11359829     -1.29478716
1673  676        -9.85591679    -13.15141092     -1.38027141
1674  676        -9.84261761    -13.16550151     -1.44631620
1675  676        -9.81368383    -13.16681909     -1.47529190
1676  676        -9.77024992    -13.17764207     -1.45390468
1677  676        -9.70734700    -13.19924288     -1.39881599
1678  676        -9.63565267    -13.22568982     -1.33073700
1679  676        -9.56431491    -13.21592895     -1.27607644
1680  676        -9.52238011    -13.18027685     -1.23953403
1681  676        -9.51056889    -13.18238744     -1.20380894
1682  676        -9.53120637    -13.22541365     -1.14545418
1683  676        -9.56178640    -13.27527680     -1.07937381
1684  676        -9.58508067    -13.28784009     -1.03254459
1685  676        -9.60649451    -13.28130259     -1.01173606
1686  676        -9.61997639    -13.26374321     -1.01380119
1687  676        -9.61363102    -13.25355895     -1.02541932
1688  676        -9.59263880    -13.23712241     -1.02455373
1689  676        -9.57681766    -13.22642294     -0.96864966
1690  676        -9.55948600    -13.22998449     -0.87955021
1691  676        -9.52382072    -13.24854446     -0.79474367
1692  676        -9.50073724    -13.26466586     -0.74052554
1693  676        -9.51569788    -13.26300417     -0.69644352
1694  676        -9.56194606    -13.26051646     -0.66051175
1695  676        -9.59216404    -13.26260445     -0.62369817
1696  676        -9.58648576    -13.27872676     -0.57823736
1697  676        -9.56016741    -13.26392352     -0.52890603
1698  676        -9.53631726    -13.21447958     -0.48914938
1699  676        -9.51906974    -13.14701070     -0.46016381
1700  676        -9.48831570    -13.08077902     -0.43617279
1701  676        -9.45287760    -13.03922776     -0.39233821
1702  676        -9.42745411    -13.01455903     -0.31430366
1703  676        -9.42043019    -12.99997162     -0.21988715
1704  676        -9.42075912    -13.00922745     -0.13500911
1705  676        -9.41611694    -13.04773430     -0.07511284
1706  676        -9.42173276    -13.07312959     -0.03254224
1707  676        -9.44280982    -13.05702779      0.00559795
1708  676        -9.46854712    -13.00886230      0.04733218
1709  676        -9.44659137    -12.98935339      0.09487338
1710  676        -9.37504766    -13.01122045      0.11502280
1711  676        -9.30708571    -13.04883077      0.12661173
1712  676        -9.31096900    -13.08685508      0.16816690
1713  676        -9.37534953    -13.10295780      0.21579308
1714  676        -9.44506488    -13.11500389      0.24366936
1715  676        -9.47606509    -13.13106313      0.25617823
1716  676        -9.46018807    -13.17568922      0.27221663
1717  676        -9.41626802    -13.23386293      0.29022523
1718  676        -9.34800796    -13.27724245      0.28884130
1719  676        -9.26552808    -13.30334138      0.26577071
1720  676        -9.17886450    -13.33855772      0.22880559
1721  676        -9.10605934    -13.38103339      0.18308204
1722  676        -9.06424342    -13.40305393      0.14357680
1723  676        -9.05380045    -13.39272831      0.11090424
1724  676        -9.05472195    -13.36539336      0.05747179
1725  676        -9.04101901    -13.35839230      0.00447413
1726  676        -9.00556481    -13.37242042     -0.03351560
1727  676        -8.96191527    -13.39795682     -0.07390389
1728  676        -8.93726210    -13.39643038     -0.10388925
1729  676        -8.93445482    -13.35369542     -0.11824660
1730  676        -8.94378626    -13.29226734     -0.12140284
1731  676        -8.96519434    -13.25790176     -0.12917632
1732  676        -8.98972394    -13.26185744     -0.15496766
1733  676        -9.02992754    -13.28655321     -0.21137530
1734  676        -9.06576471    -13.30508944     -0.28526283
1735  676        -9.08100052    -13.32126407     -0.34767231
1736  676        -9.06528844    -13.34215587     -0.38648373
1737  676        -9.03541624    -13.36170500     -0.40640910
1738  676        -9.01163259    -13.37624345     -0.40519366
1739  676        -8.99494164    -13.38520455     -0.38359255
1740  676        -8.97697840    -13.39067716     -0.34139766
1741  676        -8.95397664    -13.38998673     -0.28605352
1742  676        -8.91183847    -13.37571554     -0.25233088
1743  676        -8.84569349    -13.33986374     -0.28215169
1744  676        -8.77853812    -13.31091369     -0.34942743
1745  676        -8.73514723    -13.33509235     -0.40039976
1746  676        -8.74399714    -13.39307725     -0.44271753
1747  676        -8.75771583    -13.45329877     -0.48802560
1748  676        -8.76577189    -13.53118475     -0.52282287
1749  676        -8.78193720    -13.61624217     -0.55495372
1750  676        -8.82125014    -13.67489822     -0.57648553
1751  676        -8.86506076    -13.69050797     -0.57810588
1752  676        -8.90305174    -13.68938964     -0.55578003
1753  676        -8.93124120    -13.67445721     -0.52746416
1754  676        -8.94418205    -13.66611214     -0.50986782
1755  676        -8.93613857    -13.68896090     -0.51092227
1756  676        -8.90272158    -13.73040005     -0.50852172
1757  676        -8.86292874    -13.78544851     -0.46971640
1758  676        -8.83395296    -13.83747997     -0.41630988
1759  676        -8.84513461    -13.88812213     -0.39464169
1760  676        -8.88022411    -13.94119757     -0.38429244
1761  676        -8.90360385    -13.98904490     -0.38156138
1762  676        -8.89308765    -14.02946879     -0.37945423
1763  676        -8.88234114    -14.07088758     -0.40133757
1764  676        -8.89172036    -14.10940653     -0.45131859
1765  676        -8.89784203    -14.14584017     -0.50842420
1766  676        -8.87963317    -14.18464891     -0.53718576
1767  676        -8.86163445    -14.23248684     -0.53018782
1768  676        -8.85077297    -14.26979604     -0.51399824
1769  676        -8.83543882    -14.28600631     -0.49392302
1770  676        -8.80954263    -14.29618871     -0.47630897
1771  676        -8.77236433    -14.30410055     -0.45845783
1772  676        -8.73001335    -14.30356278     -0.44912391
1773  676        -8.68476928    -14.29509968     -0.43383598
1774  676        -8.63438961    -14.28722117     -0.40631079
1775  676        -8.58603066    -14.29563198     -0.37457770
1776  676        -8.57945089    -14.35108034     -0.32800057
1777  676        -8.62303827    -14.44465635     -0.27489202
1778  676        -8.67381858    -14.55938921     -0.22169436
1779  676        -8.71331201    -14.66617888     -0.15798086
1780  676        -8.73497743    -14.72867156     -0.08140456
1781  676        -8.75696612    -14.75903530     -0.03467361
1782  676        -8.76178385    -14.77363566     -0.02338796
1783  676        -8.75097038    -14.77463141     -0.04210830
1784  676        -8.75441357    -14.78119867     -0.07222628
1785  676        -8.77331334    -14.79995458     -0.08519476
1786  676        -8.79466567    -14.81486324     -0.05535264
1787  676        -8.81158134    -14.82744155     -0.01630011
1788  676        -8.82409628    -14.85575365      0.00962898
1789  676        -8.83053209    -14.88569274      0.01626692
1790  676        -8.83418883    -14.89458232      0.00496621
1791  676        -8.83084211    -14.90324761     -0.00394047
1792  676        -8.83018859    -14.93016785      0.00949057
1793  676        -8.83392111    -14.97021962      0.03196393
1794  676        -8.85014833    -15.01511401      0.03075492
1795  676        -8.86017829    -15.04124166      0.00182397
1796  676        -8.87348580    -15.04522413     -0.01444088
1797  676        -8.89927283    -15.03666468      0.00031296
1798  676        -8.90308483    -15.01680913      0.01781374
1799  676        -8.87161998    -14.99897845      0.02049914
1800  676        -8.79923525    -14.99597145      0.00615739
1801  676        -8.73176878    -14.99925972      0.01412317
1802  676        -8.68455211    -14.99336377      0.05772152
1803  676        -8.66130312    -14.97025399      0.09320863
1804  676        -8.63227528    -14.93217972      0.08209359
1805  676        -8.61687104    -14.87973016      0.04220237
1806  676        -8.64259251    -14.86443930      0.03178671
1807  676        -8.70045797    -14.88342294      0.06963456
1808  676        -8.77142471    -14.90061241      0.13499685
1809  676        -8.81469971    -14.92275873      0.17307742
1810  676        -8.81557962    -14.94899682      0.17630910
1811  676        -8.78993460    -14.98612297      0.16260348
1812  676        -8.76215791    -15.02167323      0.18221929
1813  676        -8.74784290    -15.05984875      0.22905076
1814  676        -8.73213323    -15.08441831      0.24653368
1815  676        -8.72786373    -15.08977716      0.22257184
1816  676        -8.77255521    -15.07233869      0.20147411
1817  676        -8.85195972    -15.03308464      0.21063057
1818  676        -8.92757005    -14.99111847      0.21088159
1819  676        -8.95622210    -14.96404923      0.19071185
1820  676        -8.94057360    -14.95994015      0.15668020
1821  676        -8.92312774    -14.98086975      0.13154118
1822  676        -8.91778039    -15.01342312      0.13319841
1823  676        -8.91942138    -15.04634398      0.15995030
1824  676        -8.91082731    -15.03999436      0.19901160
1825  676        -8.92078018    -14.98692638      0.23633955
1826  676        -8.94745424    -14.90822760      0.25151171
1827  676        -8.98990760    -14.86156522      0.23147589
1828  676        -9.01734814    -14.83920378      0.19519691
1829  676        -9.03009982    -14.82459262      0.15728476
1830  676        -9.03080264    -14.80652711      0.11935845
1831  676        -9.02464653    -14.78921512      0.09009623
1832  676        -9.03583314    -14.79012755      0.08385619
1833  676        -9.06838002    -14.80717297      0.08014135
1834  676        -9.11361956    -14.82985110      0.06047393
1835  676        -9.14628699    -14.84324359      0.00759787
1836  676        -9.16789033    -14.87524166     -0.04702626
1837  676        -9.18723772    -14.92752171     -0.08127003
1838  676        -9.20328821    -14.97353003     -0.09212064
1839  676        -9.21296109    -15.00295979     -0.10862579
1840  676        -9.21992901    -15.02535452     -0.15086290
1841  676        -9.21290585    -15.04088596     -0.21666399
1842  676        -9.19429787    -15.05168845     -0.29634674
1843  676        -9.19113530    -15.06980990     -0.35104941
1844  676        -9.19735370    -15.08202765     -0.37921839
1845  676        -9.21166279    -15.09553502     -0.37638970
1846  676        -9.21876270    -15.11570750     -0.38317017
1847  676        -9.24181071    -15.14724061     -0.40536079
1848  676        -9.27351649    -15.16073533     -0.46546794
1849  676        -9.30707693    -15.15972564     -0.54084557
1850  676        -9.34220332    -15.16655185     -0.59227489
1851  676        -9.36799277    -15.17747880     -0.63441920
1852  676        -9.36389921    -15.18664042     -0.67484386
1853  676        -9.31014426    -15.21548016     -0.70524317
1854  676        -9.24965981    -15.25552488     -0.71869116
1855  676        -9.23065717    -15.26462586     -0.72232552
1856  676        -9.26261355    -15.23041975     -0.72144915
1857  676        -9.29827327    -15.19306570     -0.72088717
1858  676        -9.29246731    -15.17245999     -0.72072507
1859  676        -9.25019374    -15.16480395     -0.73097369
1860  676        -9.21109181    -15.17871988     -0.77030601
1861  676        -9.19755980    -15.19726050     -0.81755470
1862  676        -9.22580281    -15.20350239     -0.85308692
1863  676        -9.28094252    -15.17518351     -0.87086109
1864  676        -9.33497498    -15.14707902     -0.88199288
1865  676        -9.36507446    -15.11215931     -0.88922937
1866  676        -9.36211627    -15.07949616     -0.88079008
1867  676        -9.33204225    -15.07202953     -0.84190234
1868  676        -9.28713262    -15.09121423     -0.79299496
1869  676        -9.23345215    -15.12192683     -0.76581215
1870  676        -9.17774022    -15.14714441     -0.77957098
1871  676        -9.13566381    -15.15570097     -0.83723852
1872  676        -9.10450570    -15.14812388     -0.88999607
1873  676        -9.09308520    -15.14718522     -0.89640221
1874  676        -9.09071536    -15.13840272     -0.87637858
1875  676        -9.08086949    -15.10886023     -0.86085001
1876  676        -9.05249739    -15.06529051     -0.85099350
1877  676        -9.01919064    -15.02797595     -0.83842606
1878  676        -8.97487927    -15.01668316     -0.80927840
1879  676        -8.94053766    -15.02651003     -0.79057611
1880  676        -8.94641346    -15.04062618     -0.81086295
1881  676        -8.98857847    -15.02784582     -0.86615539
1882  676        -9.04181882    -14.99870278     -0.93456538
1883  676        -9.06772766    -15.01037899     -0.99145349
1884  676        -9.07263121    -15.07292751     -1.00541206
1885  676        -9.07086260    -15.14268825     -1.01378448
1886  676        -9.06408518    -15.20240309     -1.04610778
1887  676        -9.05891895    -15.25829444     -1.09394798
1888  676        -9.05668758    -15.30891387     -1.15715207
1889  676        -9.05408790    -15.35901450     -1.21333016
1890  676        -9.04336511    -15.40012745     -1.22288019
1891  676        -9.02767739    -15.42087742     -1.18472964
1892  676        -9.00449173    -15.41254622     -1.16389193
1893  676        -8.97142149    -15.38651038     -1.19109274
1894  676        -8.92913483    -15.36454576     -1.24404263
1895  676        -8.86841779    -15.35048139     -1.29822858
1896  676        -8.80013634    -15.33580519     -1.36344618
1897  676        -8.77496632    -15.31979894     -1.43766248
1898  676        -8.79990743    -15.30812624     -1.50069479
1899  676        -8.85843788    -15.31590281     -1.53009912
1900  676        -8.92370933    -15.33918094     -1.52469512
1901  676        -8.96928378    -15.37895043     -1.51006896
1902  676        -9.00360468    -15.42238291     -1.49606069
1903  676        -9.01248044    -15.44023362     -1.48482256
1904  676        -8.98177627    -15.42290129     -1.48181098
1905  676        -8.92989897    -15.39433455     -1.48787892
1906  676        -8.87259961    -15.34158421     -1.52716025
1907  676        -8.82880797    -15.28502299     -1.60321998
1908  676        -8.81594875    -15.24912962     -1.67187511
1909  676        -8.84143122    -15.24484520     -1.68817071
1910  676        -8.88496183    -15.25615106     -1.64713468
1911  676        -8.94542292    -15.25848065     -1.57045036
1912  676        -9.03849584    -15.25589949     -1.49990573
1913  676        -9.12480429    -15.22729076     -1.45159350
1914  676        -9.18435865    -15.16906459     -1.44403415
1915  676        -9.22823439    -15.11265658     -1.46408631
1916  676        -9.26310772    -15.07967658     -1.50052895
1917  676        -9.27558505    -15.05771038     -1.55383026
1918  676        -9.26225018    -15.04312482     -1.63998980
1919  676        -9.23086432    -15.04069790     -1.73190558
1920  676        -9.19520231    -15.04859092     -1.81460408
1921  676        -9.15935873    -15.05813740     -1.85607276
1922  676        -9.12208322    -15.05616720     -1.83886016
1923  676        -9.08445690    -15.05765972     -1.78941347
1924  676        -9.03630855    -15.07011604     -1.77701260
1925  676        -8.98475180    -15.09202457     -1.83422967
1926  676        -8.94954091    -15.10039254     -1.90868852
1927  676        -8.92363940    -15.10972636     -1.94887962
1928  676        -8.91693732    -15.13611902     -1.93478670
1929  676        -8.93126991    -15.16676919     -1.89777756
1930  676        -8.96512603    -15.16751738     -1.83985584
1931  676        -9.01259752    -15.15267776     -1.76925998
1932  676        -9.05953511    -15.12073478     -1.68781151
1933  676        -9.10456089    -15.06856314     -1.62869241
1934  676        -9.15395140    -15.03116086     -1.61998741
1935  676        -9.20150247    -15.01727659     -1.65381549
1936  676        -9.21619728    -15.03541675     -1.69199812
1937  676        -9.18728011    -15.07730090     -1.68948859
1938  676        -9.13396295    -15.12787798     -1.67217586
1939  676        -9.08276597    -15.15988107     -1.65061735
1940  676        -9.03426729    -15.16957038     -1.62688686
1941  676        -8.99780084    -15.15560557     -1.60206120
1942  676        -8.97773672    -15.13846557     -1.60018229
1943  676        -8.98281462    -15.14001727     -1.62733154
1944  676        -9.00446235    -15.15616811     -1.65897447
1945  676        -9.01939743    -15.16466353     -1.66406277
1946  676        -9.00544222    -15.15515606     -1.62755036
1947  676        -8.95795445    -15.14728240     -1.57779196
1948  676        -8.89389476    -15.15276601     -1.54709198
1949  676        -8.83185996    -15.17479020     -1.54755605
1950  676        -8.77585826    -15.20251048     -1.54559190
1951  676        -8.74160516    -15.23269226     -1.51092718
1952  676        -8.71850002    -15.24670260     -1.44305831
1953  676        -8.69873260    -15.23232328     -1.38081299
1954  676        -8.68090246    -15.19167934     -1.34856376
1955  676        -8.65762808    -15.14989831     -1.32693016
1956  676        -8.62856362    -15.11615416     -1.29778705
1957  676        -8.60468281    -15.09684592     -1.27902643
1958  676        -8.59561910    -15.09813757     -1.27951511
1959  676        -8.60936702    -15.11701898     -1.25749151
1960  676        -8.63868683    -15.14800267     -1.21115041
1961  676        -8.67252051    -15.17375606     -1.17559052
1962  676        -8.70583558    -15.19143006     -1.14740409
1963  676        -8.74645971    -15.19503979     -1.08888251
1964  676        -8.77893491    -15.18328768     -1.02449629
1965  676        -8.78679401    -15.16901673     -1.00305879
1966  676        -8.76296672    -15.18472880     -1.02994797
1967  676        -8.72832376    -15.23066205     -1.05815642
1968  676        -8.70927078    -15.26178519     -1.07743121
1969  676        -8.70653134    -15.25578277     -1.12565653
1970  676        -8.71848424    -15.22975087     -1.20566124
1971  676        -8.75414279    -15.23436976     -1.28247646
1972  676        -8.80535752    -15.28112147     -1.35039359
1973  676        -8.88038468    -15.33802043     -1.42712169
1974  676        -8.96264862    -15.36608939     -1.49630775
1975  676        -8.99213080    -15.37277213     -1.54713729
1976  676        -8.95065542    -15.36221808     -1.56849455
1977  676        -8.87182496    -15.34694791     -1.56156495
1978  676        -8.82700414    -15.36522664     -1.54557911
1979  676        -8.83404564    -15.41704628     -1.53547705
1980  676        -8.88763807    -15.48559692     -1.50608726
1981  676        -8.96723914    -15.52970419     -1.44881158
1982  676        -9.03303602    -15.54030637     -1.39815853
1983  676        -9.05213184    -15.54883854     -1.36804142
1984  676        -9.05165035    -15.58052454     -1.34642459
1985  676        -9.08557423    -15.63048750     -1.31781770
1986  676        -9.15406240    -15.68958999     -1.29602805
1987  676        -9.21614821    -15.75624859     -1.29387999
1988  676        -9.24648954    -15.83560401     -1.30505080
1989  676        -9.25726867    -15.91947192     -1.31705281
1990  676        -9.23834604    -15.98670824     -1.34338867
1991  676        -9.25207682    -16.03836323     -1.37782624
1992  676        -9.32567448    -16.09178364     -1.38752697
1993  676        -9.43933091    -16.12950519     -1.39191049
1994  676        -9.52984786    -16.15355578     -1.40594258
1995  676        -9.57816467    -16.18855931     -1.43192539
1996  676        -9.57988614    -16.26297856     -1.46885442
1997  676        -9.55406775    -16.35307678     -1.50692199
1998  676        -9.53582142    -16.44147856     -1.53104370
1999  676        -9.52329217    -16.52827893     -1.53727960
2000  676        -9.50095725    -16.61733465     -1.53409952
2001  676        -9.48243950    -16.69041811     -1.50472956
2002  676        -9.48958155    -16.73063626     -1.46204586
2003  676        -9.50738561    -16.74612860     -1.42303257
2004  676        -9.53670181    -16.74136983     -1.39435943
2005  676        -9.55267993    -16.72817879     -1.36932003
2006  676        -9.54754905    -16.72389048     -1.35761808
2007  676        -9.50849338    -16.74837730     -1.36462569
2008  676        -9.43360053    -16.78816390     -1.37243709
2009  676        -9.33372015    -16.83457863     -1.34749997
2010  676        -9.25198369    -16.87092627     -1.30449520
2011  676        -9.21783298    -16.88949848     -1.24900996
2012  676        -9.22256035    -16.89363347     -1.18785746
2013  676        -9.24341133    -16.88761869     -1.12405213
2014  676        -9.28463101    -16.89062735     -1.04964634
2015  676        -9.31445441    -16.89416659     -0.98189370
2016  676        -9.29478374    -16.89449333     -0.92322988
2017  676        -9.21995760    -16.88099435     -0.86309683
2018  676        -9.17223846    -16.89134410     -0.79469649
2019  676        -9.17734371    -16.91739398     -0.74221454
2020  676        -9.18160541    -16.90303100     -0.68968358
2021  676        -9.15625146    -16.84286276     -0.63536525
2022  676        -9.11677347    -16.79738798     -0.60077787
2023  676        -9.10935885    -16.79147005     -0.60006382
2024  676        -9.12211120    -16.80460117     -0.59704533
2025  676        -9.15074387    -16.80868005     -0.59510052
2026  676        -9.16675248    -16.78446236     -0.63951271
2027  676        -9.14101781    -16.73626999     -0.72473358
2028  676        -9.10738237    -16.70555339     -0.79793745
2029  676        -9.11832938    -16.73048635     -0.82158363
2030  676        -9.16618603    -16.79755733     -0.84640328
2031  676        -9.21337838    -16.85854113     -0.87778107
2032  676        -9.23471352    -16.86853140     -0.89404734
2033  676        -9.23241662    -16.86905758     -0.91165637
2034  676        -9.19950680    -16.90019512     -0.95210915
2035  676        -9.12947239    -16.91866148     -0.99305504
2036  676        -9.06307610    -16.88616554     -1.01019430
2037  676        -9.06081984    -16.84804413     -1.00275288
2038  676        -9.12162660    -16.83087741     -0.96992465
2039  676        -9.19921044    -16.82232819     -0.91787308
2040  676        -9.26687391    -16.81151276     -0.88341853
2041  676        -9.32364926    -16.80168358     -0.88509594
2042  676        -9.34960333    -16.79541157     -0.89206083
2043  676        -9.33558330    -16.79318380     -0.87227348
2044  676        -9.31352127    -16.81814945     -0.84461146
2045  676        -9.29282019    -16.85585803     -0.81001554
2046  676        -9.25286983    -16.87978582     -0.74411463
2047  676        -9.19313325    -16.86714742     -0.68656499
2048  676        -9.14588724    -16.83685739     -0.66066529
2049  676        -9.13437931    -16.81772262     -0.64314298
2050  676        -9.16592579    -16.81942733     -0.61570675
2051  676        -9.21276929    -16.83909783     -0.60719278
2052  676        -9.25385137    -16.88237581     -0.62058064
2053  676        -9.27041204    -16.90052461     -0.63470528
2054  676        -9.27318739    -16.87596564     -0.63653251
2055  676        -9.26675201    -16.84493654     -0.63375273
2056  676        -9.26955496    -16.83630341     -0.62922824
2057  676        -9.28016668    -16.83695201     -0.62462422
2058  676        -9.30166302    -16.82194422     -0.61375350
2059  676        -9.32588503    -16.81953039     -0.61355388
2060  676        -9.35555267    -16.85110715     -0.62832237
2061  676        -9.38660615    -16.90853215     -0.65851778
2062  676        -9.40840795    -16.97376896     -0.68091950
2063  676        -9.42379427    -17.04394600     -0.69740138
2064  676        -9.43023291    -17.10261495     -0.73805780
2065  676        -9.42587548    -17.12156059     -0.79497965
2066  676        -9.39367941    -17.09572392     -0.85277067
2067  676        -9.35105281    -17.04824047     -0.89178729
2068  676        -9.30314408    -17.01069864     -0.91674767
2069  676        -9.27383982    -16.98273710     -0.93233548
2070  676        -9.26673056    -17.00096146     -0.95727643
2071  676        -9.26027047    -17.04408383     -1.01428938
2072  676        -9.23547468    -17.10472421     -1.09056914
2073  676        -9.20087457    -17.17398678     -1.16742739
2074  676        -9.16406642    -17.23110951     -1.22642483
2075  676        -9.11643940    -17.26821205     -1.26163148
2076  676        -9.05172656    -17.26215680     -1.28750002
2077  676        -8.98453929    -17.22921219     -1.30196858
2078  676        -8.93497725    -17.18601791     -1.28311364
2079  676        -8.91572820    -17.13461844     -1.23697640
2080  676        -8.91526573    -17.07034609     -1.19445791
2081  676        -8.92024036    -17.00337606     -1.18239858
2082  676        -8.93370268    -16.94072084     -1.20843285
2083  676        -8.94509353    -16.88991438     -1.26579606
2084  676        -8.94960246    -16.85492384     -1.33847222
2085  676        -8.92554051    -16.83870770     -1.39271126
2086  676        -8.88695417    -16.83199452     -1.41960441
2087  676        -8.86905703    -16.81693456     -1.40303832
2088  676        -8.87459632    -16.81430482     -1.34732588
2089  676        -8.88107976    -16.82527622     -1.28004478
2090  676        -8.88612547    -16.84753657     -1.23890718
2091  676        -8.87631297    -16.86015855     -1.20546212
2092  676        -8.84246527    -16.86894904     -1.16149851
2093  676        -8.82313628    -16.88103706     -1.13330940
2094  676        -8.82115538    -16.88872030     -1.15445387
2095  676        -8.83110006    -16.86867426     -1.21410556
2096  676        -8.82561760    -16.82361329     -1.25416955
2097  676        -8.79785644    -16.77027729     -1.24165489
2098  676        -8.74662848    -16.71035891     -1.18768676
2099  676        -8.71103254    -16.66094566     -1.12456989
2100  676        -8.68815515    -16.64369171     -1.05372256
2101  676        -8.64399566    -16.66069831     -1.00047379
2102  676        -8.57316455    -16.69569454     -0.98627868
2103  676        -8.53246441    -16.71020815     -1.01228227
2104  676        -8.56162072    -16.69743323     -1.05276143
2105  676        -8.62449476    -16.69370278     -1.09794123
2106  676        -8.66532702    -16.72790918     -1.14628808
2107  676        -8.68036907    -16.80742748     -1.19476408
2108  676        -8.68604005    -16.90656884     -1.22102075
2109  676        -8.69057155    -17.00307130     -1.21148137
2110  676        -8.67427683    -17.07255591     -1.18416871
2111  676        -8.61252948    -17.07581725     -1.16198333
2112  676        -8.52676880    -17.02240323     -1.14486412
2113  676        -8.46672227    -16.95932180     -1.12146940
2114  676        -8.46611216    -16.89854588     -1.10608261
2115  676        -8.52047816    -16.83119895     -1.12480680
2116  676        -8.59146039    -16.76618617     -1.18114817
2117  676        -8.65989007    -16.71364234     -1.25034954
2118  676        -8.70874469    -16.68283066     -1.31776800
2119  676        -8.72489269    -16.69216997     -1.37748200
2120  676        -8.71408818    -16.74774038     -1.40853224
2121  676        -8.69734015    -16.80916674     -1.40520867
2122  676        -8.66912868    -16.84405149     -1.39613717
2123  676        -8.61670870    -16.84550859     -1.38708798
2124  676        -8.55466324    -16.81402776     -1.36196569
2125  676        -8.51486350    -16.75966189     -1.32316127
2126  676        -8.50026598    -16.69339571     -1.31208790
2127  676        -8.49089862    -16.65158834     -1.32515648
2128  676        -8.49780796    -16.63326182     -1.35042012
2129  676        -8.51833073    -16.63807627     -1.36758303
2130  676        -8.55361735    -16.66186743     -1.38869266
2131  676        -8.60026778    -16.69291150     -1.42747585
2132  676        -8.65793174    -16.69955746     -1.48334303
2133  676        -8.72902540    -16.68432787     -1.54796187
2134  676        -8.80004546    -16.66956026     -1.61385334
2135  676        -8.85062952    -16.66258077     -1.66794036
2136  676        -8.86839377    -16.64109132     -1.66852396
2137  676        -8.85289344    -16.59638453     -1.60629038
2138  676        -8.82335123    -16.54958599     -1.51160952
2139  676        -8.79868745    -16.52124782     -1.44609475
2140  676        -8.79864044    -16.50298113     -1.44406130
2141  676        -8.82952146    -16.48216851     -1.47489773
2142  676        -8.87454384    -16.47699919     -1.53028587
2143  676        -8.90707909    -16.49060396     -1.58716939
2144  676        -8.93083992    -16.52645532     -1.63337067
2145  676        -8.94741082    -16.56744111     -1.65300165
2146  676        -8.95830664    -16.61076727     -1.63880241
2147  676        -8.94427018    -16.64310270     -1.55379786
2148  676        -8.91460930    -16.64952783     -1.40166588
2149  676        -8.88832002    -16.63437118     -1.26092196
2150  676        -8.87732704    -16.60584338     -1.20164317
2151  676        -8.87995727    -16.57174638     -1.21983873
2152  676        -8.88812274    -16.51942018     -1.25648534
2153  676        -8.90577103    -16.46233681     -1.28270010
2154  676        -8.93329465    -16.40383144     -1.29316126
2155  676        -8.97061118    -16.36108063     -1.29680116
2156  676        -9.00797218    -16.34666634     -1.28868953
2157  676        -9.03072918    -16.34059958     -1.26277872
2158  676        -9.03531024    -16.35818159     -1.20718453
2159  676        -9.04284295    -16.37759637     -1.13815576
2160  676        -9.05333840    -16.39356194     -1.08264041
2161  676        -9.05638475    -16.40235813     -1.05859661
2162  676        -9.06684585    -16.42727793     -1.04876096
2163  676        -9.09376017    -16.44681340     -1.04568460
2164  676        -9.13483722    -16.44820542     -1.05721577
2165  676        -9.17406541    -16.42833359     -1.06832698
2166  676        -9.21420305    -16.38763827     -1.06970274
2167  676        -9.26616912    -16.34493348     -1.07174909
2168  676        -9.32731370    -16.32756112     -1.07793404
2169  676        -9.38323865    -16.34824542     -1.06547517
2170  676        -9.40779789    -16.38903353     -1.02505646
2171  676        -9.42156139    -16.40492441     -0.96560433
2172  676        -9.44249090    -16.36750988     -0.90514107
2173  676        -9.47963246    -16.31041531     -0.83748179
2174  676        -9.50483070    -16.27754336     -0.77561612
2175  676        -9.51343898    -16.29251981     -0.73435113
2176  676        -9.50885599    -16.31858836     -0.71483987
2177  676        -9.50548483    -16.34079792     -0.70506924
2178  676        -9.50174815    -16.36426997     -0.69257273
2179  676        -9.50124104    -16.40046544     -0.68838080
2180  676        -9.49143941    -16.45650014     -0.69128139
2181  676        -9.48115209    -16.49618763     -0.67432227
2182  676        -9.48580084    -16.51103652     -0.63275260
2183  676        -9.49605039    -16.50064896     -0.58215289
2184  676        -9.51240074    -16.49087379     -0.55281555
2185  676        -9.52626206    -16.48498856     -0.54103286
2186  676        -9.54376373    -16.48170221     -0.51937586
2187  676        -9.55955212    -16.46258489     -0.49410713
2188  676        -9.57886452    -16.43794515     -0.48422459
2189  676        -9.59992766    -16.41558877     -0.48038807
2190  676        -9.62399430    -16.38776639     -0.45124979
2191  676        -9.64180897    -16.37890185     -0.40549349
2192  676        -9.64283041    -16.39514659     -0.37172698
2193  676        -9.63674564    -16.43222616     -0.34212295
2194  676        -9.61997045    -16.46373533     -0.30756294
2195  676        -9.60707853    -16.46655255     -0.27611227
2196  676        -9.59989608    -16.43223526     -0.26362321
2197  676        -9.60207636    -16.37230442     -0.24888098
2198  676        -9.59210461    -16.30919382     -0.21158267
2199  676        -9.58020000    -16.26236550     -0.16701504
2200  676        -9.57719475    -16.25245435     -0.13809161
2201  676        -9.58731970    -16.29386867     -0.13151097
2202  676        -9.61807015    -16.38472111     -0.13168548
2203  676        -9.63531783    -16.47100325     -0.12985281
2204  676        -9.62954609    -16.51022420     -0.11322813
2205  676        -9.60862797    -16.48920970     -0.06987317
2206  676        -9.60240357    -16.45779167      0.00146037
2207  676        -9.60499974    -16.44327914      0.07203647
2208  676        -9.61667574    -16.44641464      0.12058907
2209  676        -9.62676479    -16.46592822      0.13878717
2210  676        -9.64451433    -16.49920937      0.13876163
2211  676        -9.66693196    -16.55584658      0.12918308
2212  676        -9.69929154    -16.61462500      0.09694546
2213  676        -9.73385272    -16.65948162      0.04731568
2214  676        -9.75482219    -16.67757222      0.01463622
2215  676        -9.73819416    -16.67324848      0.00979869
2216  676        -9.69759724    -16.63522418      0.02086787
2217  676        -9.66278470    -16.57914959      0.02668260
2218  676        -9.63428380    -16.53174886      0.02462607
2219  676        -9.60520587    -16.51187291      0.02923086
2220  676        -9.57289071    -16.52986797      0.04055823
2221  676        -9.55347111    -16.57987856      0.04294848
2222  676        -9.55237402    -16.65360992      0.01899343
2223  676        -9.57529425    -16.70887180     -0.00896813
2224  676        -9.59706856    -16.72296259     -0.01834838
2225  676        -9.61097758    -16.70475169      0.02022375
2226  676        -9.61522673    -16.69449679      0.07859932
2227  676        -9.63398084    -16.70154953      0.12759121
2228  676        -9.66088657    -16.71152251      0.14088211
2229  676        -9.69735025    -16.72330186      0.12459022
2230  676        -9.74929291    -16.76400398      0.10225871
2231  676        -9.77781971    -16.82352995      0.10569942
2232  676        -9.76163365    -16.88166386      0.13172465
2233  676        -9.74598353    -16.92479481      0.15067495
2234  676        -9.76274473    -16.95172006      0.16090091
2235  676        -9.77515383    -16.95703534      0.16246544
2236  676        -9.77478828    -16.94941495      0.17314408
2237  676        -9.78938896    -16.94199721      0.18683218
2238  676        -9.82896257    -16.93730600      0.20277351
2239  676        -9.86427844    -16.93492478      0.19775038
2240  676        -9.88993997    -16.94600544      0.18766811
2241  676        -9.90560125    -16.98089363      0.17256781
2242  676        -9.89867069    -17.02616398      0.15613103
2243  676        -9.87004144    -17.07662993      0.13376643
2244  676        -9.84161011    -17.12139673      0.10885855
2245  676        -9.82497782    -17.14277528      0.08799764
2246  676        -9.82042253    -17.10437690      0.06919617
2247  676        -9.83959141    -17.02269249      0.06284976
2248  676        -9.85712100    -16.93917793      0.04738008
2249  676        -9.86539268    -16.88894346      0.03580175
2250  676        -9.85251446    -16.87749629      0.03199117
2251  676        -9.83536699    -16.88581732      0.04704904
2252  676        -9.82509900    -16.88389082      0.07134440
2253  676        -9.82962085    -16.85598482      0.09359368
2254  676        -9.83145423    -16.80497912      0.09979218
2255  676        -9.80851784    -16.75309199      0.08947615
2256  676        -9.77182588    -16.72169272      0.08226688
2257  676        -9.73171816    -16.71503993      0.07925969
2258  676        -9.71006343    -16.73350847      0.07473405
2259  676        -9.71319520    -16.73309697      0.05044916
2260  676        -9.75370466    -16.70248731      0.01323741
2261  676        -9.79062847    -16.66213558     -0.03090877
2262  676        -9.82339964    -16.65819415     -0.06392681
2263  676        -9.85990359    -16.68642096     -0.07698369
2264  676        -9.89497336    -16.72487372     -0.06411817
2265  676        -9.89870205    -16.74271473     -0.04865623
2266  676        -9.87293166    -16.73904359     -0.03232205
2267  676        -9.86981067    -16.74055454     -0.00130678
2268  676        -9.88124902    -16.76850846      0.03958111
2269  676        -9.87194699    -16.80947105      0.05346480
2270  676        -9.86417157    -16.82946384      0.03142629
2271  676        -9.88992334    -16.82479062      0.02440166
2272  676        -9.93041306    -16.79555868      0.03931105
2273  676        -9.95493412    -16.75646543      0.04494707
2274  676        -9.94470841    -16.73224421      0.01833289
2275  676        -9.92795092    -16.74846760     -0.02708516
2276  676        -9.91499175    -16.79174637     -0.07075687
2277  676        -9.88691321    -16.83583903     -0.07761454
2278  676        -9.84473192    -16.86032609     -0.06710335
2279  676        -9.81980303    -16.85406136     -0.07995825
2280  676        -9.83666694    -16.82996403     -0.11853098
2281  676        -9.86927501    -16.79432033     -0.14509971
2282  676        -9.88782899    -16.77155492     -0.17134346
2283  676        -9.87699507    -16.75970806     -0.21312348
2284  676        -9.85114343    -16.77156224     -0.25391432
2285  676        -9.80612507    -16.79826996     -0.29167401
2286  676        -9.74685223    -16.83658732     -0.33561957
2287  676        -9.71182235    -16.87448771     -0.37510163
2288  676        -9.72706752    -16.89407092     -0.37678800
2289  676        -9.77369412    -16.88647494     -0.33869740
2290  676        -9.80494409    -16.85861990     -0.30168407
2291  676        -9.82908965    -16.85301347     -0.29305247
2292  676        -9.83897269    -16.85792770     -0.30812379
2293  676        -9.84086845    -16.86919761     -0.33713362
2294  676        -9.84290279    -16.87194791     -0.35792755
2295  676        -9.84372660    -16.87889495     -0.36745652
2296  676        -9.83766075    -16.89821717     -0.34749517
2297  676        -9.82405897    -16.91027017     -0.30194781
2298  676        -9.81683133    -16.91115163     -0.26398598
2299  676        -9.82761703    -16.87967952     -0.25492954
2300  676        -9.84979426    -16.83360110     -0.25974638
2301  676        -9.87021968    -16.79224540     -0.24534276
2302  676        -9.87989472    -16.77068510     -0.21953889
2303  676        -9.87880166    -16.75410143     -0.21201304
2304  676        -9.88695308    -16.75761446     -0.22756281
2305  676        -9.90318767    -16.78435494     -0.26170166
2306  676        -9.89560342    -16.80982152     -0.29246134
2307  676        -9.85791861    -16.84236603     -0.27079627
2308  676        -9.82203669    -16.87154427     -0.20964158
2309  676        -9.81008454    -16.87615975     -0.14595269
2310  676        -9.82491005    -16.84308614     -0.10259410
2311  676        -9.86096706    -16.78598830     -0.07711724
2312  676        -9.90504426    -16.71341556     -0.05904451
2313  676        -9.93871539    -16.63204368     -0.03278471
2314  676        -9.94773156    -16.55772033      0.01162510
2315  676        -9.93607189    -16.52927177      0.03453899
2316  676        -9.91708811    -16.55451632      0.01413091
2317  676        -9.90988037    -16.60396237     -0.05284789
2318  676        -9.90153371    -16.63289905     -0.12382458
2319  676        -9.88093826    -16.62617654     -0.16696220
2320  676        -9.85681490    -16.58314480     -0.18095388
2321  676        -9.84374904    -16.52454855     -0.18547496
2322  676        -9.85721664    -16.46255783     -0.18007625
2323  676        -9.89827538    -16.40645589     -0.16379477
2324  676        -9.96599632    -16.36487238     -0.14473701
2325  676       -10.04129981    -16.34260937     -0.14152218
2326  676       -10.09677938    -16.34043430     -0.16574653
2327  676       -10.11095449    -16.35939598     -0.18188136
2328  676       -10.10345981    -16.39340130     -0.17846671
2329  676       -10.09125678    -16.44721917     -0.15862456
2330  676       -10.08631250    -16.49692231     -0.14162166
2331  676       -10.10129359    -16.54181430     -0.12807307
2332  676       -10.13004427    -16.58005773     -0.11064183
2333  676       -10.16401978    -16.60612595     -0.09843330
2334  676       -10.19861230    -16.61474014     -0.11517365
2335  676       -10.24767932    -16.61380999     -0.15353340
2336  676       -10.31820420    -16.61192297     -0.19844604
2337  676       -10.38873628    -16.60204381     -0.23980715
2338  676       -10.42319310    -16.60222575     -0.27424985
2339  676       -10.42780943    -16.61601356     -0.30429371
2340  676       -10.41595030    -16.62327325     -0.30407710
2341  676       -10.41053119    -16.61150823     -0.27609976
2342  676       -10.44747258    -16.59485183     -0.25825933
2343  676       -10.50929733    -16.56494707     -0.25299497
2344  676       -10.58413265    -16.52530268     -0.26005073
2345  676       -10.67401440    -16.47826316     -0.29777569
2346  676       -10.77539775    -16.44117403     -0.35430098
2347  676       -10.88382881    -16.42308777     -0.41429405
2348  676       -10.98776771    -16.42105625     -0.44245668
2349  676       -11.07898775    -16.44476432     -0.43599907
2350  676       -11.16037714    -16.48089892     -0.43849033
2351  676       -11.23219535    -16.49566281     -0.46745816
2352  676       -11.29818936    -16.47576822     -0.49569387
2353  676       -11.35013322    -16.45259773     -0.52102566
2354  676       -11.39235593    -16.43688272     -0.55881360
2355  676       -11.45501602    -16.42663095     -0.60348973
2356  676       -11.54404775    -16.41326928     -0.62200858
2357  676       -11.65152782    -16.40958749     -0.60711203
2358  676       -11.75669113    -16.38613938     -0.57389818
2359  676       -11.85053240    -16.33977166     -0.54235004
2360  676       -11.91648928    -16.27942389     -0.53441928
2361  676       -11.95990297    -16.22611431     -0.54898605
2362  676       -11.98700992    -16.19321609     -0.57957254
2363  676       -12.00986201    -16.16076636     -0.59806106
2364  676       -12.02910171    -16.11539017     -0.58426305
2365  676       -12.04855239    -16.06146834     -0.54498637
2366  676       -12.09239558    -16.03438802     -0.49602442
2367  676       -12.15614388    -16.04455437     -0.46826107
2368  676       -12.21227296    -16.08381456     -0.47522611
2369  676       -12.23460247    -16.11560675     -0.48867160
2370  676       -12.25219241    -16.13075546     -0.50053786
2371  676       -12.27858866    -16.12843843     -0.51274163
2372  676       -12.31013915    -16.11215027     -0.53723235
2373  676       -12.33830536    -16.09503262     -0.54924678
2374  676       -12.39676411    -16.08103703     -0.51867294
2375  676       -12.48308473    -16.07336676     -0.44978272
2376  676       -12.57475465    -16.06102466     -0.37578108
2377  676       -12.65342938    -16.04386728     -0.33393679
2378  676       -12.70424566    -16.03084398     -0.32946249
2379  676       -12.70954499    -16.01099229     -0.35042893
2380  676       -12.68288246    -15.96009418     -0.39889470
2381  676       -12.66070445    -15.90291342     -0.46359944
2382  676       -12.64082101    -15.86805243     -0.53392709
2383  676       -12.62654246    -15.86577065     -0.57330049
2384  676       -12.61922707    -15.88526108     -0.56475429
2385  676       -12.63963136    -15.88951001     -0.51631464
2386  676       -12.67564892    -15.87884510     -0.43843986
2387  676       -12.70624553    -15.86834819     -0.35284378
2388  676       -12.72176060    -15.86922294     -0.29128974
2389  676       -12.71244278    -15.87080757     -0.29094475
2390  676       -12.67242668    -15.85299287     -0.33351246
2391  676       -12.60800260    -15.80442695     -0.37486341
2392  676       -12.53006116    -15.73564120     -0.38604508
2393  676       -12.43176351    -15.69008586     -0.37267076
2394  676       -12.35268905    -15.69811096     -0.36901046
2395  676       -12.30227617    -15.73348493     -0.37011137
2396  676       -12.26134854    -15.74512103     -0.34801385
2397  676       -12.21464309    -15.73564052     -0.32345383
2398  676       -12.16255115    -15.74021965     -0.32976057
2399  676       -12.11820772    -15.75851910     -0.36190465
2400  676       -12.09538984    -15.74579292     -0.40672329
2401  676       -12.09066719    -15.71577989     -0.44102981
2402  676       -12.09762908    -15.71059412     -0.46905967
2403  676       -12.12188166    -15.72863476     -0.49774897
2404  676       -12.15919834    -15.74435195     -0.52309252
2405  676       -12.20348030    -15.74936157     -0.54925314
2406  676       -12.25105993    -15.77974088     -0.57938657
2407  676       -12.31872891    -15.83519987     -0.61850022
2408  676       -12.39551955    -15.88507746     -0.65041969
2409  676       -12.46269344    -15.92322847     -0.66881962
2410  676       -12.50326960    -15.94072614     -0.67317002
2411  676       -12.53475292    -15.93124365     -0.68068943
2412  676       -12.56744637    -15.92029647     -0.70728122
2413  676       -12.58628879    -15.92393496     -0.75355454
2414  676       -12.58486395    -15.94814878     -0.79602496
2415  676       -12.56592736    -15.98086790     -0.82996028
2416  676       -12.55004100    -16.01952982     -0.86156454
2417  676       -12.54594279    -16.06864355     -0.89845527
2418  676       -12.55232217    -16.11334363     -0.94143221
2419  676       -12.56755353    -16.15455646     -0.97424222
2420  676       -12.59394814    -16.16851832     -0.98756029
2421  676       -12.61292880    -16.16351646     -0.97486574
2422  676       -12.63195061    -16.14920613     -0.95177342
2423  676       -12.66005392    -16.13125912     -0.92725406
2424  676       -12.70142327    -16.12500368     -0.93069328
2425  676       -12.74041105    -16.14525125     -0.96113410
2426  676       -12.78361180    -16.18611098     -0.98573264
2427  676       -12.83029585    -16.21298919     -0.98805414
2428  676       -12.87416492    -16.22125075     -0.98096258
2429  676       -12.91912611    -16.21199070     -0.95858319
2430  676       -12.95454277    -16.19969050     -0.92096032
2431  676       -12.97720732    -16.17955884     -0.88694122
2432  676       -12.96859813    -16.14252984     -0.87717032
2433  676       -12.94653869    -16.11274629     -0.90636396
2434  676       -12.93915521    -16.12842168     -0.95531715
2435  676       -12.95417095    -16.18571231     -1.00968827
2436  676       -12.99147878    -16.24928969     -1.05974962
2437  676       -13.02629961    -16.30228543     -1.09250032
2438  676       -13.04732151    -16.32791999     -1.08668224
2439  676       -13.05921019    -16.33777865     -1.04427455
2440  676       -13.08424639    -16.33198536     -0.99523843
2441  676       -13.11470822    -16.32713150     -0.95911499
2442  676       -13.12268679    -16.31344740     -0.94711286
2443  676       -13.09909237    -16.27530028     -0.96374033
2444  676       -13.05446903    -16.21786664     -1.00177226
2445  676       -13.03322339    -16.17047408     -1.02496816
2446  676       -13.03257370    -16.15434382     -1.02795936
2447  676       -13.04364993    -16.15567747     -1.01052493
2448  676       -13.06261733    -16.15780818     -1.00198846
2449  676       -13.09196249    -16.16184694     -1.00167309
2450  676       -13.15387836    -16.18830997     -1.01672916
2451  676       -13.23207713    -16.20598467     -1.05120060
2452  676       -13.29788582    -16.18849726     -1.09603395
2453  676       -13.34215323    -16.13327026     -1.15254790
2454  676       -13.38604665    -16.07953068     -1.20774097
2455  676       -13.43101423    -16.03234785     -1.24902953
2456  676       -13.47502442    -15.97713971     -1.26460006
2457  676       -13.51941384    -15.92684526     -1.26782565
2458  676       -13.56931265    -15.90717522     -1.27292451
2459  676       -13.61709460    -15.92601679     -1.31050599
2460  676       -13.64695298    -15.96549351     -1.37360769
2461  676       -13.68087940    -15.99398991     -1.42209104
2462  676       -13.72683351    -15.99798481     -1.44568939
2463  676       -13.75873671    -15.99445391     -1.44576056
2464  676       -13.75108423    -15.96134763     -1.45014153
2465  676       -13.73168150    -15.91446590     -1.46258035
2466  676       -13.72933282    -15.88553429     -1.48898744
2467  676       -13.73019884    -15.89664689     -1.50904156
2468  676       -13.73859343    -15.92613095     -1.51717932
2469  676       -13.74990584    -15.95449450     -1.50113380
2470  676       -13.74634506    -16.00796300     -1.47226365
2471  676       -13.73355915    -16.07740648     -1.44991734
2472  676       -13.71597363    -16.13042004     -1.42290211
2473  676       -13.70081072    -16.15211269     -1.37579927
2474  676       -13.68981702    -16.16967380     -1.32203955
2475  676       -13.68053677    -16.17460913     -1.31283829
2476  676       -13.67696302    -16.16142963     -1.35386962
2477  676       -13.67711768    -16.14523300     -1.43354905
2478  676       -13.69643829    -16.16113795     -1.50902182
2479  676       -13.74124693    -16.20361452     -1.54188866
2480  676       -13.77497075    -16.23160776     -1.53506936
2481  676       -13.77957736    -16.25176984     -1.49655457
2482  676       -13.76146727    -16.28404316     -1.44518715
2483  676       -13.74213633    -16.34135735     -1.39970895
2484  676       -13.71838923    -16.40454931     -1.36692817
2485  676       -13.70266278    -16.46829543     -1.33801094
2486  676       -13.68233119    -16.51662166     -1.33235995
2487  676       -13.65690226    -16.55300404     -1.35020772
2488  676       -13.63395164    -16.56651819     -1.39798969
2489  676       -13.62809691    -16.56360043     -1.46820406
2490  676       -13.65463581    -16.55607660     -1.50996477
2491  676       -13.69377419    -16.55309065     -1.50169082
2492  676       -13.75947169    -16.58085546     -1.47387882
2493  676       -13.80876807    -16.62719193     -1.44315658
2494  676       -13.82556259    -16.70497129     -1.41489006
2495  676       -13.82786577    -16.79087663     -1.41512586
2496  676       -13.82892842    -16.86729286     -1.42325107
2497  676       -13.84741162    -16.90313411     -1.43223592
2498  676       -13.88894257    -16.91039079     -1.45637748
2499  676       -13.96309480    -16.91847682     -1.49837946
2500  676       -14.01783688    -16.92302351     -1.52883464
2501  676       -14.04412913    -16.91437012     -1.55222171
2502  676       -14.04157531    -16.89995278     -1.56190747
2503  676       -14.04190602    -16.88786993     -1.55975445
2504  676       -14.06942001    -16.87453879     -1.56288964
2505  676       -14.11639043    -16.85326979     -1.57501851
2506  676       -14.16865446    -16.82899812     -1.58629759
2507  676       -14.21896373    -16.80274169     -1.58754722
2508  676       -14.27602598    -16.77498109     -1.57239258
2509  676       -14.33935839    -16.74495687     -1.54808273
2510  676       -14.41168852    -16.70682926     -1.53853521
2511  676       -14.45329153    -16.65585296     -1.55824358
2512  676       -14.44714442    -16.58544931     -1.59031696
2513  676       -14.40683486    -16.52736518     -1.61803777
2514  676       -14.37307688    -16.49832990     -1.64966142
2515  676       -14.35953843    -16.50352572     -1.67993975
2516  676       -14.37326883    -16.52385652     -1.70041548
2517  676       -14.39942874    -16.54505957     -1.71290596
2518  676       -14.39946512    -16.56066673     -1.70943466
2519  676       -14.34636898    -16.56096103     -1.66929555
2520  676       -14.25586254    -16.53888686     -1.61436345
2521  676       -14.18991855    -16.50847894     -1.58591412
2522  676       -14.16034603    -16.51821648     -1.58021561
2523  676       -14.17882396    -16.57265776     -1.59782292
2524  676       -14.23225992    -16.62992684     -1.62867125
2525  676       -14.27808614    -16.68603135     -1.65074326
2526  676       -14.29437490    -16.76162034     -1.65533423
2527  676       -14.28235908    -16.84361693     -1.64111285
2528  676       -14.26132457    -16.89793392     -1.60932376
2529  676       -14.23622708    -16.91660303     -1.57013238
2530  676       -14.21937852    -16.92741609     -1.52032942
2531  676       -14.22752910    -16.97286468     -1.47703740
2532  676       -14.25309409    -17.04976643     -1.44820079
2533  676       -14.29086563    -17.12464109     -1.42610886
2534  676       -14.31832862    -17.16657350     -1.39661064
2535  676       -14.31823634    -17.20340557     -1.37849308
2536  676       -14.29718272    -17.23691056     -1.36748221
2537  676       -14.29607185    -17.25292338     -1.35199189
2538  676       -14.33791242    -17.23882461     -1.33655079
2539  676       -14.41860493    -17.21132923     -1.34796590
2540  676       -14.45963711    -17.20833096     -1.36213369
2541  676       -14.48223454    -17.20599612     -1.40358225
2542  676       -14.49928113    -17.21454826     -1.41872253
2543  676       -14.54887638    -17.21156429     -1.41802846
2544  676       -14.60633145    -17.19267054     -1.40541579
2545  676       -14.64137854    -17.16691318     -1.40313026
2546  676       -14.65940973    -17.14881902     -1.42148359
2547  676       -14.66428731    -17.13100252     -1.45043017
2548  676       -14.65077729    -17.12379451     -1.47376184
2549  676       -14.60232059    -17.11717834     -1.48168136
2550  676       -14.52972037    -17.09878499     -1.47373792
2551  676       -14.47417877    -17.07266158     -1.43387637
2552  676       -14.48191308    -17.04842159     -1.38314312
2553  676       -14.53579471    -17.02102399     -1.37417730
2554  676       -14.57332410    -16.99209779     -1.40202140
2555  676       -14.57686568    -16.96226292     -1.43469637
2556  676       -14.58412440    -16.90243842     -1.47555431
2557  676       -14.59001841    -16.80734145     -1.51461328
2558  676       -14.55096968    -16.70512818     -1.53140275
2559  676       -14.47489378    -16.65227704     -1.50387929
2560  676       -14.41694910    -16.63130133     -1.44616595
2561  676       -14.38366209    -16.61668845     -1.38355276
2562  676       -14.36833391    -16.62112523     -1.32366192
2563  676       -14.38736580    -16.64631007     -1.28904354
2564  676       -14.42972464    -16.66717492     -1.29881555
2565  676       -14.48667278    -16.68299323     -1.35295790
2566  676       -14.53448970    -16.69901410     -1.43778224
2567  676       -14.57473790    -16.70264062     -1.52683134
2568  676       -14.60287391    -16.69086510     -1.56739937
2569  676       -14.60252225    -16.67080632     -1.52641380
2570  676       -14.55689098    -16.67140699     -1.43334773
2571  676       -14.48771198    -16.68655925     -1.34625891
2572  676       -14.42596293    -16.69496201     -1.31882204
2573  676       -14.39061932    -16.68736058     -1.33845274
2574  676       -14.38496794    -16.68259883     -1.36442970
2575  676       -14.41282438    -16.64754006     -1.37039006
2576  676       -14.49158485    -16.57971084     -1.36255607
2577  676       -14.59034952    -16.49204284     -1.33050200
2578  676       -14.66582064    -16.41727375     -1.28397460
2579  676       -14.71854952    -16.37887268     -1.22599227
2580  676       -14.78247050    -16.37304684     -1.17621694
2581  676       -14.83999280    -16.39435254     -1.14939350
2582  676       -14.86404041    -16.43779869     -1.15489667
2583  676       -14.84003256    -16.50634742     -1.19391521
2584  676       -14.78728737    -16.57549813     -1.23167997
2585  676       -14.72463480    -16.63035174     -1.24441509
2586  676       -14.64436984    -16.65753285     -1.22718921
2587  676       -14.56866145    -16.66461994     -1.22378628
2588  676       -14.53113278    -16.67311425     -1.23918179
2589  676       -14.53442503    -16.69137856     -1.26950330
2590  676       -14.53870616    -16.71978923     -1.29409844
2591  676       -14.53893804    -16.71894338     -1.30655131
2592  676       -14.55015572    -16.69071596     -1.32092458
2593  676       -14.55883279    -16.65797159     -1.34803008
2594  676       -14.55594869    -16.65365654     -1.37410556
2595  676       -14.55157711    -16.67543705     -1.37254903
2596  676       -14.56188625    -16.71620873     -1.34756493
2597  676       -14.57280801    -16.76876877     -1.31087997
2598  676       -14.59688945    -16.80052427     -1.28948979
2599  676       -14.64317211    -16.79002962     -1.27852732
2600  676       -14.69700155    -16.73837124     -1.27712082
2601  676       -14.73642621    -16.68230553     -1.27546587
2602  676       -14.74910159    -16.63809650     -1.26185418
2603  676       -14.74868830    -16.62122614     -1.23729163
2604  676       -14.75348078    -16.62337535     -1.23358649
2605  676       -14.76671896    -16.64932187     -1.23822002
2606  676       -14.78102772    -16.67751881     -1.21836833
2607  676       -14.81235973    -16.68473116     -1.17562728
2608  676       -14.87182600    -16.66078022     -1.13006612
2609  676       -14.93358547    -16.63118079     -1.06994436
2610  676       -14.98285364    -16.62334896     -1.00748308
2611  676       -15.02386899    -16.61848435     -0.96589152
2612  676       -15.05675598    -16.60545941     -0.95821775
2613  676       -15.07587754    -16.57534622     -0.97766353
2614  676       -15.05342117    -16.54048547     -1.00915854
2615  676       -15.00742156    -16.48651853     -1.03719714
2616  676       -14.97579348    -16.42326061     -1.05853719
2617  676       -14.98290581    -16.36946167     -1.07305805
2618  676       -15.01194580    -16.34416349     -1.05487662
2619  676       -15.05186654    -16.35561645     -1.02273712
2620  676       -15.10212281    -16.37517442     -0.98836315
2621  676       -15.14700296    -16.38452576     -0.94896700
2622  676       -15.15478170    -16.36960777     -0.90313660
2623  676       -15.13101800    -16.34294494     -0.88323197
2624  676       -15.10585927    -16.31807317     -0.91035321
2625  676       -15.08781825    -16.29897751     -0.97335295
2626  676       -15.07127738    -16.26169914     -1.03106656
2627  676       -15.03632939    -16.20283257     -1.04574373
2628  676       -15.01582296    -16.12577748     -1.03396499
2629  676       -15.00840310    -16.05163485     -1.01489713
2630  676       -14.99537510    -15.98370203     -1.00035290
2631  676       -14.96039321    -15.94522282     -0.96975465
2632  676       -14.91941456    -15.94405744     -0.92030181
2633  676       -14.86523790    -15.95990889     -0.87773812
2634  676       -14.80296334    -15.98085020     -0.85617685
2635  676       -14.76622838    -16.00127047     -0.85546350
2636  676       -14.75627368    -15.98977042     -0.87207400
2637  676       -14.76114435    -15.93526647     -0.89715774
2638  676       -14.77093678    -15.86463297     -0.89898670
2639  676       -14.78603575    -15.82077912     -0.89603495
2640  676       -14.77879055    -15.84005593     -0.91405577
2641  676       -14.76814035    -15.88222160     -0.94592013
2642  676       -14.77145508    -15.91238940     -0.96255916
2643  676       -14.79664098    -15.92816676     -0.97225837
2644  676       -14.83853193    -15.93514113     -0.99890270
2645  676       -14.87992367    -15.92359233     -1.02811529
2646  676       -14.91236239    -15.88554754     -1.04087256
2647  676       -14.93207006    -15.84707814     -1.04772786
2648  676       -14.93540286    -15.82709370     -1.06072889
2649  676       -14.90151208    -15.83532997     -1.06218611
2650  676       -14.84957983    -15.87367229     -1.04609073
2651  676       -14.80016714    -15.91283065     -1.00216083
2652  676       -14.74915261    -15.93049271     -0.93675017
2653  676       -14.70952517    -15.92108334     -0.87547845
2654  676       -14.70098510    -15.88119689     -0.88262343
2655  676       -14.73347495    -15.84507060     -0.93400020
2656  676       -14.78502088    -15.83112471     -0.94883567
2657  676       -14.84170325    -15.84788823     -0.92370751
2658  676       -14.88795388    -15.87989880     -0.90008129
2659  676       -14.91235920    -15.91261032     -0.89379552
2660  676       -14.91744364    -15.93865160     -0.88569813
2661  676       -14.90732536    -15.95370745     -0.85247253
2662  676       -14.88995379    -15.94331859     -0.80154367
2663  676       -14.86674564    -15.91110783     -0.76132287
2664  676       -14.84559049    -15.89049802     -0.76095533
2665  676       -14.81707765    -15.88121890     -0.79997479
2666  676       -14.77885167    -15.88201503     -0.85327645
2667  676       -14.73218566    -15.87832256     -0.92544606
2668  676       -14.67887255    -15.87667590     -1.00320708
2669  676       -14.63326028    -15.87008196     -1.06642735
2670  676       -14.60675786    -15.85847777     -1.09298249
2671  676       -14.58585518    -15.84181462     -1.07328855
2672  676       -14.57038914    -15.83181343     -1.02740435
2673  676       -14.56049558    -15.84923882     -0.97292957
2674  676       -14.56054949    -15.87230663     -0.91590400
2675  676       -14.57697573    -15.90104138     -0.88456333
2676  676       -14.60618090    -15.92337610     -0.91474147
2677  676       -14.65034706    -15.94309972     -0.98466441
2678  676       -14.69802275    -15.94814460     -1.05493400
2679  676       -14.74070958    -15.93781124     -1.09028764
2680  676       -14.76720250    -15.90352940     -1.11430610
2681  676       -14.77931708    -15.86493288     -1.13624381
2682  676       -14.76280385    -15.84730077     -1.13281727
2683  676       -14.73473065    -15.87294000     -1.08635397
2684  676       -14.72384332    -15.92135807     -1.01230187
2685  676       -14.73160876    -15.95672278     -0.95141912
2686  676       -14.75471453    -15.96624301     -0.93419784
2687  676       -14.77691135    -15.94813591     -0.96555819
2688  676       -14.81669241    -15.92507334     -1.00693717
2689  676       -14.85706853    -15.90482297     -1.03031161
2690  676       -14.87972567    -15.91550323     -1.02147671
2691  676       -14.87459569    -15.95080422     -1.00467455
2692  676       -14.86347743    -15.98157183     -0.98474863
2693  676       -14.85169050    -15.99170046     -0.94842029
2694  676       -14.84434538    -15.98593429     -0.90676565
2695  676       -14.84050582    -15.97618594     -0.87771842
2696  676       -14.81320011    -15.95965955     -0.88086958
2697  676       -14.75757573    -15.93276315     -0.89456096
2698  676       -14.72682263    -15.89339622     -0.89809313
2699  676       -14.76023805    -15.85669644     -0.86773603
2700  676       -14.83869265    -15.82570955     -0.82478250
2701  676       -14.91348380    -15.80874991     -0.78354974
2702  676       -14.93360419    -15.80933754     -0.76663677
2703  676       -14.91036798    -15.83404323     -0.77512218
2704  676       -14.87144862    -15.86418716     -0.78323505
2705  676       -14.83760452    -15.89096321     -0.79397293
2706  676       -14.82238909    -15.91157927     -0.79446455
2707  676       -14.82187682    -15.93623435     -0.78271391
2708  676       -14.82813685    -15.97029030     -0.76642385
2709  676       -14.82989908    -16.00576788     -0.74391067
2710  676       -14.85182646    -16.02909868     -0.70263859
2711  676       -14.89834337    -16.04010395     -0.66669160
2712  676       -14.95876907    -16.04394642     -0.65206201
2713  676       -15.01846671    -16.03497091     -0.68349104
2714  676       -15.04783243    -16.02883548     -0.75001117
2715  676       -15.05647846    -16.04750407     -0.78058424
2716  676       -15.05703859    -16.11406054     -0.75549027
2717  676       -15.05970887    -16.20938289     -0.71661515
2718  676       -15.06544094    -16.29879441     -0.69906733
2719  676       -15.07081554    -16.34046285     -0.67007038
2720  676       -15.06022096    -16.33360774     -0.62046893
2721  676       -15.04309274    -16.32172082     -0.58057890
2722  676       -15.03598478    -16.33194121     -0.57930165
2723  676       -15.03434026    -16.35335933     -0.60271786
2724  676       -15.02887896    -16.36178962     -0.62862801
2725  676       -15.00891381    -16.34158389     -0.66314317
2726  676       -14.98322310    -16.29728880     -0.70937381
2727  676       -14.96681555    -16.25271211     -0.76846283
2728  676       -14.96929940    -16.21218258     -0.83682161
2729  676       -14.99082423    -16.14490373     -0.89652310
2730  676       -15.02216905    -16.06966245     -0.92503070
2731  676       -15.05735680    -16.01615778     -0.91446015
2732  676       -15.10522722    -16.00255287     -0.87003550
2733  676       -15.15107115    -16.05817939     -0.82149610
2734  676       -15.17198341    -16.17612303     -0.78130605
2735  676       -15.19166089    -16.28394180     -0.75561396
2736  676       -15.22268076    -16.35703944     -0.75078499
2737  676       -15.26498029    -16.42253250     -0.76600275
2738  676       -15.31040746    -16.50153855     -0.79726810
2739  676       -15.34510759    -16.59816506     -0.83416927
2740  676       -15.35560144    -16.67052116     -0.84595844
2741  676       -15.33537264    -16.71503605     -0.82012178
2742  676       -15.28760316    -16.74197656     -0.78255843
2743  676       -15.21106797    -16.77194502     -0.74682302
2744  676       -15.12876681    -16.81796767     -0.73501880
2745  676       -15.07423733    -16.85601820     -0.74705761
2746  676       -15.05829507    -16.87395839     -0.75931651
2747  676       -15.03435755    -16.89904146     -0.77190638
2748  676       -14.97945814    -16.93497930     -0.80866032
2749  676       -14.91935316    -16.96474855     -0.86560494
2750  676       -14.88569488    -16.98844444     -0.90718064
2751  676       -14.85615985    -17.00045584     -0.90373005
2752  676       -14.80825350    -17.00573472     -0.87962012
2753  676       -14.76053476    -17.01442775     -0.85543372
2754  676       -14.73774992    -17.01738252     -0.83766238
2755  676       -14.71381424    -17.01203147     -0.82219765
2756  676       -14.66799473    -17.00017510     -0.80650077
2757  676       -14.64456541    -16.99085441     -0.79869011
2758  676       -14.67497609    -17.00615520     -0.81784467
2759  676       -14.72099293    -17.02972226     -0.83531509
2760  676       -14.73230952    -17.04373433     -0.86676290
2761  676       -14.70820182    -17.03019484     -0.90708222
2762  676       -14.67554213    -17.00879043     -0.94524074
2763  676       -14.65989364    -16.99827199     -0.96028850
2764  676       -14.65370283    -16.99959493     -0.93996209
2765  676       -14.63775808    -16.99197646     -0.90104721
2766  676       -14.62329412    -16.98213610     -0.86573833
2767  676       -14.61424176    -17.00201121     -0.85322041
2768  676       -14.59803803    -17.04055732     -0.86735430
2769  676       -14.56472518    -17.05898972     -0.90412762
2770  676       -14.50564085    -17.05381570     -0.93546985
2771  676       -14.44210297    -17.05872709     -0.94371763
2772  676       -14.39772453    -17.06455597     -0.95662984
2773  676       -14.35851637    -17.04960739     -0.99920468
2774  676       -14.31241707    -17.02476533     -1.05899058
2775  676       -14.26867877    -17.00345325     -1.10853219
2776  676       -14.23901132    -16.98051340     -1.13163328
2777  676       -14.20342546    -16.95773176     -1.15726224
2778  676       -14.15245287    -16.93946639     -1.17945320
2779  676       -14.09270534    -16.94607258     -1.18198542
2780  676       -14.03996115    -16.97790424     -1.17737148
2781  676       -13.99712947    -17.00915217     -1.18547773
2782  676       -13.96786275    -17.03770881     -1.19348288
2783  676       -13.94564888    -17.06947989     -1.18723493
2784  676       -13.91689585    -17.08687429     -1.17633367
2785  676       -13.88455410    -17.07741847     -1.18300252
2786  676       -13.86791443    -17.04635084     -1.20185972
2787  676       -13.88782154    -17.01819803     -1.20978118
2788  676       -13.91951160    -16.99151397     -1.21523376
2789  676       -13.92260292    -16.97707922     -1.23471004
2790  676       -13.87869101    -16.96869716     -1.27048396
2791  676       -13.84557047    -16.97579864     -1.29360584
2792  676       -13.82443558    -16.99354710     -1.30220359
2793  676       -13.79447068    -17.02166929     -1.29847128
2794  676       -13.75103201    -17.03712629     -1.26978047
2795  676       -13.71582582    -17.05062554     -1.20006685
2796  676       -13.69475603    -17.09925648     -1.11111825
2797  676       -13.68104173    -17.16386451     -1.02027553
2798  676       -13.65961919    -17.18904804     -0.95165941
2799  676       -13.63025354    -17.15298219     -0.90227351
2800  676       -13.59907138    -17.09186433     -0.85552710
2801  676       -13.53152761    -17.04888183     -0.79508292
2802  676       -13.42965267    -17.02550276     -0.71968089
2803  676       -13.34685535    -16.99487585     -0.63312976
2804  676       -13.32346575    -16.97705173     -0.55935222
2805  676       -13.32285800    -16.95570837     -0.50756878
2806  676       -13.32730876    -16.93108866     -0.47685757
2807  676       -13.31381987    -16.89482107     -0.45216905
2808  676       -13.29111162    -16.85245335     -0.40912346
2809  676       -13.28837495    -16.82135071     -0.34372027
2810  676       -13.31526720    -16.81826428     -0.26642713
2811  676       -13.35685960    -16.85247625     -0.18212823
2812  676       -13.39155285    -16.90339236     -0.11844038
2813  676       -13.40106720    -16.95265327     -0.09723031
2814  676       -13.37502649    -16.98090894     -0.12193155
2815  676       -13.35738514    -16.96691849     -0.16713454
2816  676       -13.38120950    -16.92495055     -0.20081657
2817  676       -13.41456036    -16.91234330     -0.21248118
2818  676       -13.42125823    -16.93288835     -0.19992436
2819  676       -13.41588664    -16.92608163     -0.19779900
2820  676       -13.41785732    -16.88936301     -0.23047923
2821  676       -13.44588014    -16.87343616     -0.24601383
2822  676       -13.47754490    -16.90867730     -0.23007451
2823  676       -13.47576938    -16.93292095     -0.19670777
2824  676       -13.45864129    -16.91764086     -0.17044343
2825  676       -13.45235013    -16.86989485     -0.15696394
2826  676       -13.47254695    -16.80960318     -0.14404326
2827  676       -13.50408251    -16.75831994     -0.13809292
2828  676       -13.53518820    -16.71298771     -0.13113348
2829  676       -13.56788551    -16.69369895     -0.10278618
2830  676       -13.60675091    -16.70620769     -0.05414034
2831  676       -13.63337179    -16.72517406     -0.00492534
2832  676       -13.63654889    -16.72537521      0.02524710
2833  676       -13.63506724    -16.70850531      0.04029493
2834  676       -13.62933409    -16.69965551      0.07537877
2835  676       -13.59930045    -16.71673226      0.12242414
2836  676       -13.55609481    -16.73431250      0.15014242
2837  676       -13.54481528    -16.71394320      0.14095492
2838  676       -13.55881729    -16.66119071      0.09606774
2839  676       -13.57770341    -16.60268209      0.03514178
2840  676       -13.57585680    -16.57273118      0.00344328
2841  676       -13.57144648    -16.56237183      0.00797414
2842  676       -13.56768086    -16.55092110      0.03958264
2843  676       -13.54811037    -16.53965631      0.07682435
2844  676       -13.51099620    -16.53605044      0.11198328
2845  676       -13.46207906    -16.53420717      0.15100889
2846  676       -13.41175054    -16.53792606      0.18460648
2847  676       -13.35757396    -16.54734496      0.19988570
2848  676       -13.32589200    -16.56041720      0.18795092
2849  676       -13.32039746    -16.57909069      0.17494941
2850  676       -13.32677505    -16.61683786      0.18388613
2851  676       -13.34279542    -16.65830708      0.21574075
2852  676       -13.37901181    -16.68453362      0.22894083
2853  676       -13.41756865    -16.69941011      0.21865243
2854  676       -13.46072562    -16.70821324      0.21139207
2855  676       -13.48228975    -16.68566520      0.22305029
2856  676       -13.47187061    -16.62432386      0.24408141
2857  676       -13.44533785    -16.53826408      0.26009016
2858  676       -13.42053885    -16.46278239      0.27892168
2859  676       -13.41006754    -16.41288616      0.30111859
2860  676       -13.41382291    -16.36565713      0.32644716
2861  676       -13.41762307    -16.30585266      0.32949593
2862  676       -13.39659012    -16.24964455      0.29016842
2863  676       -13.38036133    -16.20739132      0.23387766
2864  676       -13.38462189    -16.19744396      0.18885541
2865  676       -13.43335163    -16.22597804      0.15476028
2866  676       -13.49309278    -16.24495388      0.12227193
2867  676       -13.53879022    -16.22380443      0.08695804
2868  676       -13.53914305    -16.16729759      0.05646340
2869  676       -13.51809619    -16.11161683      0.02535105
2870  676       -13.52004410    -16.08849888     -0.00739387
2871  676       -13.56763272    -16.08861982     -0.03430150
2872  676       -13.62860599    -16.08083309     -0.06041389
2873  676       -13.66749557    -16.06577998     -0.10504340
2874  676       -13.69124326    -16.05369073     -0.16037885
2875  676       -13.71094375    -16.06847301     -0.21366920
2876  676       -13.74160214    -16.10329054     -0.26414239
2877  676       -13.77609421    -16.14159789     -0.31268862
2878  676       -13.82015835    -16.14943372     -0.34741763
2879  676       -13.86782076    -16.11752807     -0.37979147
2880  676       -13.91529734    -16.05837434     -0.42333521
2881  676       -13.96018399    -16.00109692     -0.47161925
2882  676       -14.01301583    -15.98172991     -0.48917550
2883  676       -14.06795101    -16.00285559     -0.46886033
2884  676       -14.13152991    -16.02839574     -0.43258728
2885  676       -14.19429899    -16.00537062     -0.41424331
2886  676       -14.23098310    -15.92278493     -0.43106122
2887  676       -14.26163257    -15.82838055     -0.46097709
2888  676       -14.30509856    -15.77683177     -0.46477810
2889  676       -14.39099364    -15.76391237     -0.45054142
2890  676       -14.48856341    -15.77936856     -0.43212287
2891  676       -14.58914487    -15.80360171     -0.42168440
2892  676       -14.66314627    -15.81917450     -0.42410901
2893  676       -14.70493953    -15.80841111     -0.42719240
2894  676       -14.72690091    -15.76873555     -0.42909629
2895  676       -14.75019969    -15.74312466     -0.45277777
2896  676       -14.78927815    -15.73622458     -0.50243010
2897  676       -14.82271078    -15.72924121     -0.54864765
2898  676       -14.82150744    -15.71980756     -0.57787120
2899  676       -14.79625366    -15.70042081     -0.60235891
2900  676       -14.77257014    -15.68913123     -0.63248544
2901  676       -14.75386216    -15.69315059     -0.66247912
2902  676       -14.74169930    -15.70154722     -0.67749855
2903  676       -14.71343631    -15.70671420     -0.68188735
2904  676       -14.65786641    -15.72758536     -0.68995655
2905  676       -14.57073059    -15.76927348     -0.71119143
2906  676       -14.48514800    -15.83101606     -0.73031193
2907  676       -14.43740144    -15.89149876     -0.70782432
2908  676       -14.43771312    -15.94641770     -0.64802627
2909  676       -14.44597714    -15.97219067     -0.59802644
2910  676       -14.42691372    -15.97007548     -0.59329332
2911  676       -14.40298100    -15.95501242     -0.61916138
2912  676       -14.40037259    -15.93363587     -0.65567144
2913  676       -14.41388374    -15.90468136     -0.69044596
2914  676       -14.42488188    -15.88370348     -0.73970799
2915  676       -14.41724212    -15.89303840     -0.80315817
2916  676       -14.38732184    -15.91197452     -0.86472034
2917  676       -14.34371788    -15.91476640     -0.89725580
2918  676       -14.29679609    -15.89366182     -0.91480450
2919  676       -14.25035139    -15.87167699     -0.93553571
2920  676       -14.20097642    -15.86919402     -0.96723239
2921  676       -14.16614648    -15.90145754     -0.98412428
2922  676       -14.14754960    -15.95595700     -1.00930846
2923  676       -14.12856801    -16.01002153     -1.07754983
2924  676       -14.09301999    -16.04311149     -1.16794292
2925  676       -14.04229332    -16.04494469     -1.22495017
2926  676       -13.98609333    -16.02381053     -1.24123375
2927  676       -13.92656669    -15.98202074     -1.24236287
2928  676       -13.87341464    -15.92560386     -1.26173915
2929  676       -13.83332635    -15.86105733     -1.30203677
2930  676       -13.81029675    -15.81064704     -1.33253027
2931  676       -13.79110625    -15.78756634     -1.35098388
2932  676       -13.77053035    -15.79514853     -1.34703383
2933  676       -13.74880632    -15.79815891     -1.33036765
2934  676       -13.73376537    -15.78130841     -1.30410894
2935  676       -13.73161074    -15.75585773     -1.28856406
2936  676       -13.73605679    -15.71806752     -1.28396905
2937  676       -13.74538866    -15.69244348     -1.29349504
2938  676       -13.76803147    -15.68328045     -1.29497164
2939  676       -13.81035255    -15.67582400     -1.29783612
2940  676       -13.87629781    -15.64363488     -1.28844498
2941  676       -13.94371122    -15.61014973     -1.24085022
2942  676       -14.00859505    -15.57566280     -1.20013078
2943  676       -14.06282826    -15.53160848     -1.19587203
2944  676       -14.11636561    -15.49325287     -1.23648488
2945  676       -14.16757446    -15.45114799     -1.27658616
2946  676       -14.20474090    -15.41035847     -1.28364306
2947  676       -14.22112287    -15.38457485     -1.24897210
2948  676       -14.24687015    -15.36050512     -1.19485541
2949  676       -14.27932363    -15.35659698     -1.13603360
2950  676       -14.29547083    -15.39788638     -1.07088924
2951  676       -14.31048107    -15.45616200     -1.02258475
2952  676       -14.35118725    -15.45401165     -1.01934779
2953  676       -14.41461884    -15.39341063     -1.05871101
2954  676       -14.46311643    -15.32530945     -1.06476435
2955  676       -14.50491849    -15.24847882     -1.00854671
2956  676       -14.53818558    -15.18172355     -0.91933716
2957  676       -14.55728556    -15.12933419     -0.85531550
2958  676       -14.55413974    -15.09258569     -0.82013774
2959  676       -14.53418844    -15.06224363     -0.80065678
2960  676       -14.51202598    -15.05410500     -0.79824793
2961  676       -14.49047147    -15.08559144     -0.83699860
2962  676       -14.46798331    -15.13232549     -0.91026747
2963  676       -14.42311813    -15.17421064     -0.96921878
2964  676       -14.36262553    -15.19143079     -0.99172770
2965  676       -14.31382856    -15.16776050     -0.98035725
2966  676       -14.27653990    -15.09874820     -0.94947638
2967  676       -14.25008400    -15.03311557     -0.90280176
2968  676       -14.23206037    -15.00192131     -0.87830245
2969  676       -14.23565963    -14.99026794     -0.87124298
2970  676       -14.24318958    -14.97452163     -0.87839572
2971  676       -14.23099778    -14.95336335     -0.88391476
2972  676       -14.21442452    -14.92705197     -0.89611724
2973  676       -14.18843945    -14.91088313     -0.92961911
2974  676       -14.14952623    -14.88201306     -0.96913442
2975  676       -14.10957202    -14.83023661     -0.99012046
2976  676       -14.09044828    -14.77993068     -1.00836971
2977  676       -14.09320673    -14.77066427     -1.04965804
2978  676       -14.09307521    -14.80221999     -1.07676562
2979  676       -14.09264502    -14.83932141     -1.07841546
2980  676       -14.09583343    -14.84308906     -1.08512957
2981  676       -14.09307180    -14.82921209     -1.10165609
2982  676       -14.06801454    -14.82616646     -1.10226255
2983  676       -14.03452224    -14.84439786     -1.10830608
2984  676       -14.01791575    -14.87778774     -1.11302988
2985  676       -14.04236583    -14.88742378     -1.13516372
2986  676       -14.10587662    -14.87087353     -1.18412985
2987  676       -14.13956727    -14.86765236     -1.23832139
2988  676       -14.14104523    -14.88478006     -1.28011299
2989  676       -14.12381090    -14.88582955     -1.25584862
2990  676       -14.09798792    -14.87673625     -1.18765062
2991  676       -14.08160086    -14.88026255     -1.11897215
2992  676       -14.11316581    -14.91004399     -1.08959395
2993  676       -14.18217258    -14.94306122     -1.09823403
2994  676       -14.24488885    -14.96191183     -1.13625348
2995  676       -14.25287806    -14.96928254     -1.17467765
2996  676       -14.21278837    -14.95582791     -1.19124684
2997  676       -14.16316711    -14.92878730     -1.19819820
2998  676       -14.13494691    -14.91488857     -1.19540954
2999  676       -14.12412002    -14.95532559     -1.16566928
3000  676       -14.09930169    -15.01654816     -1.12555286
3001  676       -14.07004538    -15.06907416     -1.09590649
3002  676       -14.06433049    -15.10804442     -1.06568212
3003  676       -14.09636969    -15.11658246     -1.07532596
3004  676       -14.13206151    -15.08526364     -1.09734750
3005  676       -14.13678127    -15.02821064     -1.08542038
3006  676       -14.10963416    -14.97075445     -1.06864236
3007  676       -14.06089973    -14.93860009     -1.06921208
3008  676       -14.01212442    -14.92955366     -1.07408061
3009  676       -13.97566796    -14.92734643     -1.05229547
3010  676       -13.95468885    -14.93576592     -1.01313243
3011  676       -13.92827484    -14.94877334     -0.96941070
3012  676       -13.90114475    -14.93759322     -0.90416629
3013  676       -13.90102591    -14.89924847     -0.81523280
3014  676       -13.93598104    -14.87320794     -0.75315558
3015  676       -13.99306257    -14.87720679     -0.72057008
3016  676       -14.05085726    -14.90114870     -0.70982967
3017  676       -14.10491493    -14.93161085     -0.71775016
3018  676       -14.16804940    -14.95808838     -0.73273162
3019  676       -14.23683521    -14.99776243     -0.72908333
3020  676       -14.29074078    -15.04060295     -0.66596865
3021  676       -14.32110496    -15.07402971     -0.55825437
3022  676       -14.33106111    -15.09480515     -0.43240221
3023  676       -14.34720914    -15.11056141     -0.30169767
3024  676       -14.37186572    -15.11846095     -0.17429430
3025  676       -14.38016888    -15.10181251     -0.07110440
3026  676       -14.35019704    -15.03168090     -0.01752411
3027  676       -14.30105692    -14.94398621      0.01443771
3028  676       -14.27197186    -14.88879171      0.04101702
3029  676       -14.27013781    -14.87943684      0.05706202
3030  676       -14.29654376    -14.88924654      0.05334716
3031  676       -14.32956180    -14.90483743      0.03211959
3032  676       -14.35044642    -14.91103454     -0.00262242
3033  676       -14.34525588    -14.91405839     -0.03430318
3034  676       -14.31120861    -14.91912302     -0.03763071
3035  676       -14.26059235    -14.90374509     -0.02894434
3036  676       -14.22629482    -14.86227745     -0.02312754
3037  676       -14.21851712    -14.79731809     -0.03630153
3038  676       -14.24576415    -14.72869396     -0.06633041
3039  676       -14.31110137    -14.67682699     -0.10334958
3040  676       -14.39646219    -14.64987681     -0.13763980
3041  676       -14.46758663    -14.62195067     -0.16176266
3042  676       -14.48837036    -14.58177658     -0.17300877
3043  676       -14.45936488    -14.53936100     -0.17370975
3044  676       -14.41011179    -14.50592432     -0.17262285
3045  676       -14.35953380    -14.48672962     -0.18484142
3046  676       -14.30021263    -14.48424974     -0.21921488
3047  676       -14.24328067    -14.50419814     -0.27070184
3048  676       -14.21682274    -14.53339860     -0.32850149
3049  676       -14.24099917    -14.55712446     -0.37017254
3050  676       -14.29466668    -14.56596741     -0.38623840
3051  676       -14.36221592    -14.55668991     -0.39629289
3052  676       -14.43335472    -14.54811037     -0.41359184
3053  676       -14.49732040    -14.54853074     -0.41866271
3054  676       -14.55135125    -14.54793710     -0.40553186
3055  676       -14.58836869    -14.53062064     -0.39064436
3056  676       -14.61935337    -14.49560385     -0.40458835
3057  676       -14.64717051    -14.46042426     -0.43872548
3058  676       -14.67353021    -14.44676545     -0.45080122
3059  676       -14.69982094    -14.44247890     -0.43469155
3060  676       -14.72660613    -14.43653330     -0.39747003
3061  676       -14.75848455    -14.42586771     -0.36228165
3062  676       -14.78688543    -14.39497231     -0.35486283
3063  676       -14.80991793    -14.34914788     -0.37332131
3064  676       -14.82845341    -14.30285276     -0.39978934
3065  676       -14.85209275    -14.27092474     -0.41998818
3066  676       -14.87001055    -14.25071073     -0.43174838
3067  676       -14.89287393    -14.23599562     -0.43847088
3068  676       -14.91276980    -14.22197062     -0.43437974
3069  676       -14.92724705    -14.20812454     -0.42316184
3070  676       -14.94890395    -14.19711547     -0.40280245
3071  676       -14.98795664    -14.18583506     -0.38433869
3072  676       -15.04925680    -14.16727093     -0.38112941
3073  676       -15.10499973    -14.15317120     -0.38852498
3074  676       -15.14017542    -14.15298703     -0.39995557
3075  676       -15.14098903    -14.14894425     -0.40006303
3076  676       -15.12374032    -14.13857994     -0.38906348
3077  676       -15.10470759    -14.15647718     -0.36186391
3078  676       -15.08314288    -14.21194661     -0.32158199
3079  676       -15.03484528    -14.29097605     -0.26143568
3080  676       -14.96196903    -14.37253029     -0.19601981
3081  676       -14.87923546    -14.40954480     -0.16609047
3082  676       -14.80005940    -14.40379892     -0.17646389
3083  676       -14.74691789    -14.39632015     -0.19679118
3084  676       -14.71721709    -14.40840473     -0.20437511
3085  676       -14.71337304    -14.43354559     -0.21560047
3086  676       -14.72153042    -14.44680583     -0.25417887
3087  676       -14.74037825    -14.45140007     -0.32251218
3088  676       -14.75536807    -14.45075303     -0.37585140
3089  676       -14.76924784    -14.44748721     -0.36957322
3090  676       -14.76998645    -14.44796677     -0.31125920
3091  676       -14.75895693    -14.45866168     -0.28129023
3092  676       -14.75418893    -14.45889834     -0.31015570
3093  676       -14.76511543    -14.44071247     -0.37913358
3094  676       -14.78622046    -14.41557363     -0.45543124
3095  676       -14.80235147    -14.40670412     -0.53222509
3096  676       -14.83248999    -14.42960586     -0.59638651
3097  676       -14.86001093    -14.45863890     -0.63490649
3098  676       -14.87781180    -14.47677952     -0.63282936
3099  676       -14.88667638    -14.48412695     -0.60891439
3100  676       -14.88424704    -14.49332498     -0.57752563
3101  676       -14.86283348    -14.49380664     -0.55881737
3102  676       -14.83671571    -14.47265244     -0.56170074
3103  676       -14.80680025    -14.42556100     -0.57502259
3104  676       -14.77442115    -14.36592245     -0.59643848
3105  676       -14.73417731    -14.32649181     -0.61852252
3106  676       -14.67332956    -14.33350599     -0.64522731
3107  676       -14.60518070    -14.36513141     -0.68739579
3108  676       -14.55865233    -14.37195860     -0.74816346
3109  676       -14.55047605    -14.33113692     -0.79871243
3110  676       -14.56080990    -14.25915447     -0.79727637
3111  676       -14.58653618    -14.20339401     -0.75682107
3112  676       -14.61508390    -14.17412150     -0.71152995
3113  676       -14.63081580    -14.15972713     -0.68751493
3114  676       -14.62666105    -14.14045267     -0.68832845
3115  676       -14.59443949    -14.12353385     -0.67663716
3116  676       -14.54463235    -14.11519200     -0.65009216
3117  676       -14.49796148    -14.11776059     -0.64194938
3118  676       -14.44539336    -14.12684394     -0.65351664
3119  676       -14.38700496    -14.12626364     -0.64079971
3120  676       -14.32593794    -14.11069377     -0.59885998
3121  676       -14.24890130    -14.08180153     -0.57832518
3122  676       -14.16298390    -14.04527196     -0.61200565
3123  676       -14.08845959    -13.99640206     -0.69169616
3124  676       -14.05178622    -13.94042714     -0.77378004
3125  676       -14.04255330    -13.89568831     -0.84102872
3126  676       -14.03725616    -13.88067481     -0.88066608
3127  676       -14.02771950    -13.89839464     -0.91540949
3128  676       -14.03746879    -13.92149582     -0.93502293
3129  676       -14.07236984    -13.91202276     -0.93028076
3130  676       -14.10335520    -13.87214076     -0.92221502
3131  676       -14.11153792    -13.82677701     -0.93948710
3132  676       -14.10263897    -13.79810334     -0.99341156
3133  676       -14.07872645    -13.75665115     -1.04752333
3134  676       -14.05165791    -13.68968010     -1.10127368
3135  676       -14.01550173    -13.63213966     -1.14988624
3136  676       -13.96453169    -13.61479710     -1.19371682
3137  676       -13.90855494    -13.64550094     -1.22758777
3138  676       -13.87230802    -13.68620584     -1.24292248
3139  676       -13.88232325    -13.70698432     -1.22248782
3140  676       -13.91650598    -13.71503861     -1.17012812
3141  676       -13.93151130    -13.73884446     -1.09290533
3142  676       -13.92018590    -13.76815299     -1.02355277
3143  676       -13.88794257    -13.76569118     -0.99021950
3144  676       -13.84009166    -13.74629854     -0.99033316
3145  676       -13.79674403    -13.73496105     -1.00598121
3146  676       -13.77651473    -13.73166296     -0.98671583
3147  676       -13.76625434    -13.72688058     -0.92981415
3148  676       -13.75921183    -13.74382303     -0.85669119
3149  676       -13.76098696    -13.79119069     -0.77285934
3150  676       -13.79016747    -13.85926964     -0.70408052
3151  676       -13.83336005    -13.90744211     -0.66446408
3152  676       -13.86125001    -13.90720904     -0.63953723
3153  676       -13.87394416    -13.86056713     -0.62155103
3154  676       -13.88597894    -13.82030960     -0.59339804
3155  676       -13.90692287    -13.81663975     -0.55493852
3156  676       -13.93361146    -13.82685425     -0.50405646
3157  676       -13.94135575    -13.81464550     -0.45026382
3158  676       -13.93393694    -13.79140776     -0.39169850
3159  676       -13.94347759    -13.79642094     -0.32573753
3160  676       -13.97558903    -13.80415018     -0.26962497
3161  676       -13.99319554    -13.80015174     -0.24781391
3162  676       -13.98034963    -13.77795242     -0.26752018
3163  676       -13.95459558    -13.74952062     -0.31542264
3164  676       -13.94653252    -13.70718847     -0.34696210
3165  676       -13.93386699    -13.65568666     -0.34527497
3166  676       -13.91556560    -13.64150366     -0.31997821
3167  676       -13.91205854    -13.67800711     -0.27422024
3168  676       -13.93714961    -13.73858926     -0.23021658
3169  676       -13.97834516    -13.80331582     -0.18747712
3170  676       -13.98562352    -13.85632986     -0.15960623
3171  676       -13.95018542    -13.90717338     -0.13772213
3172  676       -13.91478539    -13.93688480     -0.11430571
3173  676       -13.90545194    -13.93164136     -0.07939892
3174  676       -13.91612340    -13.90811043     -0.03553167
3175  676       -13.94280537    -13.89873132     -0.00083720
3176  676       -13.96117992    -13.93635044      0.01706978
3177  676       -13.97696798    -14.00289212      0.02416615
3178  676       -14.01075170    -14.06106574      0.03433756
3179  676       -14.06277514    -14.08538904      0.06292916
3180  676       -14.10534088    -14.06930968      0.13352998
3181  676       -14.11707133    -14.02666537      0.21781006
3182  676       -14.10495391    -13.97517625      0.27940688
3183  676       -14.08710761    -13.93845766      0.31815605
3184  676       -14.06200473    -13.93270046      0.33906138
3185  676       -14.03349201    -13.95548796      0.36358481
3186  676       -14.01962663    -13.97873130      0.39470727
3187  676       -14.03827215    -13.99943756      0.43983532
3188  676       -14.07996735    -14.03203412      0.49566214
3189  676       -14.10762935    -14.07703284      0.54281557
3190  676       -14.08474658    -14.11031237      0.55566665
3191  676       -14.04342203    -14.12840531      0.55044068
3192  676       -14.02519602    -14.13775858      0.54277281
3193  676       -14.02662380    -14.14165233      0.54290058
3194  676       -14.01543034    -14.12892440      0.54105606
3195  676       -13.99669006    -14.11280012      0.52730415
3196  676       -13.99249457    -14.11603770      0.51308710
3197  676       -14.00932868    -14.12249834      0.49325350
3198  676       -14.04200652    -14.09837234      0.48167834
3199  676       -14.08388288    -14.04512807      0.47701852
3200  676       -14.11384764    -14.01678811      0.47591673
3201  676       -14.09657868    -14.04390209      0.47073671
3202  676       -14.05207113    -14.10555605      0.45847916
3203  676       -14.01158209    -14.14019412      0.43955228
3204  676       -13.99928010    -14.12758352      0.41844524
3205  676       -14.00700330    -14.10432361      0.40385281
3206  676       -14.02957017    -14.09274935      0.41740973
3207  676       -14.04888776    -14.09126550      0.46769562
3208  676       -14.05160826    -14.09552834      0.53242495
3209  676       -14.02441015    -14.10166461      0.58607087
3210  676       -13.96510144    -14.10426064      0.62840269
3211  676       -13.89507851    -14.09693312      0.67563430
3212  676       -13.84053160    -14.07721189      0.73929095
3213  676       -13.82813668    -14.05026800      0.81883689
3214  676       -13.85071327    -14.01515630      0.89414939
3215  676       -13.89193555    -13.97667607      0.94693924
3216  676       -13.90795828    -13.93980340      0.96173808
3217  676       -13.87312431    -13.91171734      0.94233264
3218  676       -13.80184540    -13.87523698      0.91566261
3219  676       -13.75897406    -13.82143389      0.89467066
3220  676       -13.75365860    -13.76206603      0.89615523
3221  676       -13.76570731    -13.73459684      0.91638164
3222  676       -13.79720168    -13.72550267      0.93794470
3223  676       -13.83187934    -13.70467564      0.94630985
3224  676       -13.86776620    -13.66423836      0.92976685
3225  676       -13.88292374    -13.60770496      0.90098146
3226  676       -13.88163968    -13.54888560      0.87497001
3227  676       -13.86740460    -13.50705591      0.84877474
3228  676       -13.83777065    -13.49248822      0.80655194
3229  676       -13.79073447    -13.48577347      0.76787756
3230  676       -13.75054143    -13.48104856      0.73903153
3231  676       -13.74142684    -13.46583157      0.71608523
3232  676       -13.74225158    -13.42614756      0.70243010
3233  676       -13.74414666    -13.35228125      0.70564757
3234  676       -13.75480555    -13.28131264      0.72213009
3235  676       -13.77590639    -13.22565052      0.73523133
3236  676       -13.79855159    -13.16610155      0.72859431
3237  676       -13.81244309    -13.12477656      0.68150027
3238  676       -13.80754025    -13.13428183      0.62156163
3239  676       -13.79482432    -13.16711144      0.58164018
3240  676       -13.77677564    -13.17342001      0.55979514
3241  676       -13.75925262    -13.13606209      0.53862422
3242  676       -13.74885550    -13.08215774      0.51572069
3243  676       -13.73192581    -13.01255056      0.49237399
3244  676       -13.70827197    -12.94366185      0.48602227
3245  676       -13.68828235    -12.89439995      0.49051414
3246  676       -13.67299236    -12.89016858      0.48312543
3247  676       -13.65422590    -12.91430560      0.46241653
3248  676       -13.64525838    -12.92757578      0.43889148
3249  676       -13.64330925    -12.93104190      0.42836257
3250  676       -13.63099871    -12.91974879      0.43543182
3251  676       -13.58440240    -12.90290956      0.45635555
3252  676       -13.52336696    -12.89329656      0.46194857
3253  676       -13.49816896    -12.91867108      0.45577293
3254  676       -13.52134205    -12.97690793      0.43664708
3255  676       -13.56712083    -13.04686742      0.40558920
3256  676       -13.60568973    -13.09501241      0.38350389
3257  676       -13.64077272    -13.09967728      0.35238876
3258  676       -13.66604768    -13.07367072      0.31943274
3259  676       -13.64695119    -13.05706966      0.31643180
3260  676       -13.58302232    -13.06238525      0.31708675
3261  676       -13.53582051    -13.07944288      0.27699612
3262  676       -13.50938922    -13.10170413      0.22245330
3263  676       -13.46376221    -13.15207565      0.19063775
3264  676       -13.40637361    -13.23635434      0.17666242
3265  676       -13.34862924    -13.34080668      0.15676611
3266  676       -13.31850113    -13.43097604      0.12985396
3267  676       -13.31557660    -13.48150801      0.09013661
3268  676       -13.33301589    -13.48782967      0.03860746
3269  676       -13.34018395    -13.50402475     -0.01336667
3270  676       -13.33317302    -13.55268873     -0.05323443
3271  676       -13.32389276    -13.63102200     -0.07758520
3272  676       -13.30183958    -13.71623505     -0.08203994
3273  676       -13.26709363    -13.79507031     -0.08784665
3274  676       -13.24580281    -13.86819989     -0.12343705
3275  676       -13.24614290    -13.94572664     -0.19996003
3276  676       -13.23108921    -14.01320168     -0.28632915
3277  676       -13.19661143    -14.04644269     -0.34325066
3278  676       -13.14817436    -14.04817621     -0.36681601
3279  676       -13.11975397    -14.02417309     -0.36301912
3280  676       -13.11645159    -13.99313695     -0.34723231
3281  676       -13.12354865    -13.97355536     -0.34413430
3282  676       -13.12321818    -13.99312499     -0.35621484
3283  676       -13.11392681    -14.04586609     -0.35095295
3284  676       -13.08945474    -14.09912004     -0.33608467
3285  676       -13.05810613    -14.13461360     -0.32958124
3286  676       -13.04150879    -14.13145060     -0.33836057
3287  676       -13.03777986    -14.10273553     -0.34596270
3288  676       -13.03822668    -14.04688839     -0.35845142
3289  676       -13.02469338    -13.97589268     -0.37864751
3290  676       -13.01324227    -13.89290480     -0.41006893
3291  676       -13.00763665    -13.82053079     -0.44245872
3292  676       -12.99734730    -13.76945748     -0.44211400
3293  676       -12.96020112    -13.75561815     -0.40850260
3294  676       -12.93398169    -13.78345852     -0.36967011
3295  676       -12.93482298    -13.83604993     -0.35798836
3296  676       -12.95416754    -13.87641289     -0.35314934
3297  676       -12.98165043    -13.87709606     -0.34720442
3298  676       -13.01830001    -13.86475105     -0.34923495
3299  676       -13.07540434    -13.86335063     -0.37180438
3300  676       -13.13023320    -13.86701533     -0.38942070
3301  676       -13.15664287    -13.86752322     -0.38758138
3302  676       -13.16463357    -13.86036623     -0.38879062
3303  676       -13.18926560    -13.83295726     -0.39667646
3304  676       -13.23307083    -13.80038504     -0.41607250
3305  676       -13.27439442    -13.76142970     -0.42877837
3306  676       -13.29788374    -13.70532119     -0.41259948
3307  676       -13.33154844    -13.64625667     -0.37881979
3308  676       -13.36775987    -13.56615335     -0.34967072
3309  676       -13.38104415    -13.47481984     -0.33208542
3310  676       -13.38279483    -13.40041695     -0.33708891
3311  676       -13.38505137    -13.36396224     -0.35085872
3312  676       -13.39215217    -13.37953729     -0.37527407
3313  676       -13.39367953    -13.44342365     -0.38754513
3314  676       -13.39348327    -13.53044663     -0.38706954
3315  676       -13.38618971    -13.58972824     -0.36317504
3316  676       -13.35535252    -13.60102711     -0.32304830
3317  676       -13.30807493    -13.57653792     -0.27816031
3318  676       -13.26370372    -13.54817410     -0.23102459
3319  676       -13.25624986    -13.50070661     -0.19356182
3320  676       -13.28454812    -13.41562055     -0.20093541
3321  676       -13.33241294    -13.31955103     -0.24613269
3322  676       -13.35854362    -13.25868517     -0.27242333
3323  676       -13.34980185    -13.24413859     -0.25619543
3324  676       -13.30582829    -13.25111272     -0.22744937
3325  676       -13.24637787    -13.26066991     -0.22294856
3326  676       -13.17269736    -13.27024201     -0.22250962
3327  676       -13.10757309    -13.27873199     -0.22564187
3328  676       -13.07292641    -13.26973713     -0.24631208
3329  676       -13.06319388    -13.24987435     -0.27384100
3330  676       -13.05673468    -13.22793219     -0.28835501
3331  676       -13.04165791    -13.19174378     -0.29354536
3332  676       -13.01419069    -13.14671197     -0.30007281
3333  676       -12.99103535    -13.09489313     -0.30033024
3334  676       -12.98254621    -13.05310923     -0.29780290
3335  676       -12.98782449    -13.02178305     -0.29472988
3336  676       -12.99102760    -13.01308322     -0.30409866
3337  676       -12.99333661    -13.01162502     -0.31860954
3338  676       -13.01324586    -12.98916111     -0.33254842
3339  676       -13.04978925    -12.92859303     -0.36958116
3340  676       -13.08060838    -12.85293680     -0.41404415
3341  676       -13.09948474    -12.81293607     -0.43695378
3342  676       -13.10367328    -12.80822893     -0.41105812
3343  676       -13.09032924    -12.80634087     -0.35588580
3344  676       -13.07899815    -12.77642220     -0.31265864
3345  676       -13.07334677    -12.74063160     -0.30800857
3346  676       -13.05743133    -12.72193742     -0.33637722
3347  676       -13.03230922    -12.72557901     -0.37778936
3348  676       -13.01989514    -12.74063647     -0.44131922
3349  676       -13.03166195    -12.76438682     -0.52025839
3350  676       -13.04053213    -12.79672532     -0.61408682
3351  676       -13.04185066    -12.83119476     -0.71108833
3352  676       -13.03963432    -12.87754386     -0.78858138
3353  676       -13.04736367    -12.92163006     -0.84364495
3354  676       -13.05362827    -12.93768369     -0.89084867
3355  676       -13.05346253    -12.90975330     -0.94633397
3356  676       -13.07114941    -12.85202266     -1.00778076
3357  676       -13.09213553    -12.78587454     -1.05661044
3358  676       -13.08925557    -12.72161387     -1.10231590
3359  676       -13.02994602    -12.67292564     -1.16024749
3360  676       -12.96676044    -12.65962175     -1.23553902
3361  676       -12.92761490    -12.67140959     -1.32931700
3362  676       -12.91291543    -12.67293192     -1.43927144
3363  676       -12.89735407    -12.67535242     -1.53959723
3364  676       -12.87448239    -12.68536820     -1.60019031
3365  676       -12.86828095    -12.67963786     -1.62072199
3366  676       -12.88386139    -12.63554965     -1.61779905
3367  676       -12.90586478    -12.56491032     -1.60530897
3368  676       -12.90459002    -12.50673539     -1.58635587
3369  676       -12.88897736    -12.48063106     -1.57771026
3370  676       -12.89008785    -12.49001403     -1.59158462
3371  676       -12.90193636    -12.53179163     -1.64626126
3372  676       -12.90289433    -12.58742198     -1.70699402
3373  676       -12.89799432    -12.65706151     -1.75122401
3374  676       -12.89980028    -12.72896772     -1.76964169
3375  676       -12.90118909    -12.79248819     -1.76713880
3376  676       -12.89253148    -12.82742774     -1.75018992
3377  676       -12.87525257    -12.83538723     -1.70998607
3378  676       -12.88651277    -12.81652155     -1.65611580
3379  676       -12.94043778    -12.76050341     -1.60696334
3380  676       -13.01554271    -12.66640061     -1.57256732
3381  676       -13.07919002    -12.57414592     -1.53700514
3382  676       -13.11840006    -12.52831677     -1.50985076
3383  676       -13.13626931    -12.55228843     -1.52145899
3384  676       -13.13971231    -12.63211008     -1.56902874
3385  676       -13.12509874    -12.71887658     -1.62023884
3386  676       -13.11258231    -12.77400723     -1.64128474
3387  676       -13.12663636    -12.78400159     -1.63404145
3388  676       -13.15079138    -12.76020819     -1.59381686
3389  676       -13.17284175    -12.73252211     -1.52630381
3390  676       -13.18866364    -12.71087953     -1.43647223
3391  676       -13.19393414    -12.68977362     -1.34394408
3392  676       -13.18895353    -12.68741125     -1.25930485
3393  676       -13.16977463    -12.72543986     -1.20100953
3394  676       -13.14082100    -12.79591263     -1.19159651
3395  676       -13.10262776    -12.87319562     -1.22948768
3396  676       -13.08465361    -12.93260984     -1.28805575
3397  676       -13.07717517    -12.95193268     -1.32923195
3398  676       -13.06451259    -12.93310610     -1.34476699
3399  676       -13.04352705    -12.90472183     -1.33988686
3400  676       -13.02813410    -12.88888929     -1.32874332
3401  676       -13.02166029    -12.89565470     -1.30847089
3402  676       -13.01174232    -12.92073233     -1.27994119
3403  676       -13.00838175    -12.94591771     -1.25008139
3404  676       -13.02295517    -12.96417500     -1.21068125
3405  676       -13.03685794    -12.98115227     -1.16260019
3406  676       -13.02353987    -12.98881373     -1.12017053
3407  676       -12.97496697    -12.97661357     -1.09888250
3408  676       -12.90914298    -12.97246576     -1.09162237
3409  676       -12.85435628    -12.99095239     -1.09154400
3410  676       -12.82825923    -13.02142748     -1.09301011
3411  676       -12.83122706    -13.03355934     -1.09152704
3412  676       -12.84366353    -13.02127988     -1.08191848
3413  676       -12.84003527    -13.00380707     -1.05339767
3414  676       -12.82828505    -12.99642564     -1.01504687
3415  676       -12.81630675    -12.98790628     -0.98043143
3416  676       -12.80449568    -12.97637554     -0.97334551
3417  676       -12.78744455    -12.97796629     -0.98980518
3418  676       -12.79802324    -12.98649781     -0.98588161
3419  676       -12.84690365    -13.00346560     -0.93677647
3420  676       -12.93482076    -13.02378007     -0.87092488
3421  676       -13.02043601    -13.05605456     -0.84942040
3422  676       -13.08649575    -13.10107151     -0.88199728
3423  676       -13.12543757    -13.14442619     -0.93011782
3424  676       -13.14287549    -13.17125038     -0.94517996
3425  676       -13.16206557    -13.15315273     -0.92382383
3426  676       -13.18300924    -13.09317043     -0.90398544
3427  676       -13.20418993    -13.01696475     -0.92257764
3428  676       -13.22841673    -12.96536728     -0.94777246
3429  676       -13.25943064    -12.96635807     -0.94814010
3430  676       -13.29214237    -12.98948324     -0.93254083
3431  676       -13.32117651    -13.00524366     -0.92268859
3432  676       -13.34113581    -13.02346021     -0.94564841
3433  676       -13.34022368    -13.04197037     -1.00622245
3434  676       -13.33686438    -13.06107945     -1.05728714
3435  676       -13.36067465    -13.05786813     -1.04874628
3436  676       -13.41739715    -13.03181368     -0.99942526
3437  676       -13.46737127    -12.98659784     -0.98209925
3438  676       -13.50609445    -12.92445061     -1.02180819
3439  676       -13.53014252    -12.86182326     -1.08709278
3440  676       -13.52394321    -12.80155841     -1.12061718
3441  676       -13.51134934    -12.76012783     -1.11407718
3442  676       -13.50765976    -12.74975937     -1.12431783
3443  676       -13.49444226    -12.77261257     -1.17773672
3444  676       -13.46523974    -12.80097752     -1.24613233
3445  676       -13.46437322    -12.79917210     -1.27553552
3446  676       -13.51007973    -12.76008728     -1.26239216
3447  676       -13.58462413    -12.69075745     -1.23769434
3448  676       -13.63940910    -12.60952401     -1.22499004
3449  676       -13.64346188    -12.53558670     -1.24648619
3450  676       -13.61213875    -12.48464513     -1.28523105
3451  676       -13.57921928    -12.44922619     -1.30119606
3452  676       -13.55128504    -12.44618317     -1.27883101
3453  676       -13.52091246    -12.45205274     -1.24725773
3454  676       -13.47722365    -12.43809947     -1.24539331
3455  676       -13.41167834    -12.38910460     -1.27114741
3456  676       -13.32832994    -12.32960811     -1.31267929
3457  676       -13.26149883    -12.29573268     -1.32837862
3458  676       -13.23224243    -12.30404795     -1.32362717
3459  676       -13.26804373    -12.33158739     -1.31399332
3460  676       -13.34330173    -12.34166382     -1.30944802
3461  676       -13.42579841    -12.32885810     -1.29156395
3462  676       -13.49072365    -12.29511238     -1.27385083
3463  676       -13.55109285    -12.26400132     -1.27962422
3464  676       -13.59310005    -12.24535367     -1.32750382
3465  676       -13.60187119    -12.23158901     -1.40142697
3466  676       -13.60083001    -12.21407731     -1.47579689
3467  676       -13.60685132    -12.21596612     -1.52987172
3468  676       -13.62476883    -12.22199466     -1.56024742
3469  676       -13.64882186    -12.20477823     -1.57140178
3470  676       -13.68997620    -12.15058648     -1.55253781
3471  676       -13.74640732    -12.09961675     -1.51647360
3472  676       -13.80676493    -12.07534702     -1.46310185
3473  676       -13.86178380    -12.06998107     -1.41753268
3474  676       -13.90525091    -12.08302336     -1.37441649
3475  676       -13.92649079    -12.10452529     -1.35941305
3476  676       -13.92755352    -12.14962930     -1.36288857
3477  676       -13.88974043    -12.19322217     -1.36433820
3478  676       -13.83419356    -12.23300195     -1.34229021
3479  676       -13.76871697    -12.27117298     -1.27548959
3480  676       -13.69221943    -12.31613411     -1.17907097
3481  676       -13.61740173    -12.36353445     -1.08174549
3482  676       -13.53282521    -12.39933954     -1.00874096
3483  676       -13.44149322    -12.41835572     -0.96344186
3484  676       -13.35074206    -12.40366963     -0.94528746
3485  676       -13.28909272    -12.38428700     -0.94413077
3486  676       -13.25939079    -12.37417389     -0.94978665
3487  676       -13.24909099    -12.37734783     -0.93051180
3488  676       -13.24423396    -12.38194910     -0.89232806
3489  676       -13.24268931    -12.38552794     -0.86113861
3490  676       -13.24975330    -12.39226504     -0.84170782
3491  676       -13.26244112    -12.39520539     -0.83047188
3492  676       -13.28394540    -12.39891602     -0.80142310
3493  676       -13.31814470    -12.41536116     -0.75676221
3494  676       -13.37012532    -12.44608272     -0.71504357
3495  676       -13.42022235    -12.47278932     -0.69609987
3496  676       -13.45791241    -12.49041108     -0.68209472
3497  676       -13.49104362    -12.50433748     -0.66006894
3498  676       -13.50353928    -12.51433867     -0.64831080
3499  676       -13.47462026    -12.51900175     -0.66292328
3500  676       -13.43296962    -12.50871186     -0.70936277
3501  676       -13.37406528    -12.49097071     -0.75531243
3502  676       -13.32420869    -12.47024439     -0.76488030
3503  676       -13.30089082    -12.47763784     -0.72962547
3504  676       -13.29014816    -12.52378181     -0.65287832
3505  676       -13.27067228    -12.59148472     -0.54604074
3506  676       -13.24589437    -12.65961995     -0.43386737
3507  676       -13.22565158    -12.73054648     -0.34015208
3508  676       -13.18888919    -12.81986803     -0.28950724
3509  676       -13.15497072    -12.89513270     -0.28002359
3510  676       -13.13428463    -12.91897169     -0.28162975
3511  676       -13.11464080    -12.89935182     -0.28843901
3512  676       -13.10233668    -12.87372505     -0.30452421
3513  676       -13.12001440    -12.85197646     -0.32271860
3514  676       -13.16634444    -12.85587741     -0.33321382
3515  676       -13.23507082    -12.88555638     -0.33976191
3516  676       -13.30871618    -12.93686379     -0.35828243
3517  676       -13.36747440    -12.98291174     -0.38126957
3518  676       -13.40285465    -13.02303897     -0.39228628
3519  676       -13.43280863    -13.04890777     -0.39301735
3520  676       -13.47651803    -13.06949151     -0.38633744
3521  676       -13.54241937    -13.09365798     -0.37946198
3522  676       -13.61954676    -13.11059055     -0.36662504
3523  676       -13.69944138    -13.11633128     -0.33597105
3524  676       -13.77076682    -13.11795471     -0.31170793
3525  676       -13.82164152    -13.13278438     -0.31247692
3526  676       -13.85511971    -13.15953380     -0.32572304
3527  676       -13.86690957    -13.19785229     -0.32616027
3528  676       -13.86079138    -13.21600712     -0.32047430
3529  676       -13.85130458    -13.21055961     -0.32335534
3530  676       -13.81964068    -13.20712800     -0.33697916
3531  676       -13.75191855    -13.22989151     -0.35408549
3532  676       -13.68006481    -13.23977302     -0.36684116
3533  676       -13.65921341    -13.18195908     -0.35408402
3534  676       -13.69071158    -13.09052497     -0.32290628
3535  676       -13.73688704    -13.02133507     -0.29579858
3536  676       -13.76279546    -12.99610302     -0.28126927
3537  676       -13.77263513    -12.99372878     -0.27812235
3538  676       -13.78797482    -13.00713550     -0.27755557
3539  676       -13.80568056    -13.03119822     -0.26747739
3540  676       -13.81152991    -13.06865752     -0.23745096
3541  676       -13.80030198    -13.11032583     -0.18379815
3542  676       -13.79093139    -13.13719999     -0.12180223
3543  676       -13.78805139    -13.13283266     -0.06983940
3544  676       -13.80773222    -13.09380171     -0.03678334
3545  676       -13.83266348    -13.03345239     -0.01115714
3546  676       -13.84178176    -12.99420287      0.01182982
3547  676       -13.83073770    -12.99603640      0.02973193
3548  676       -13.80570137    -13.02083721      0.03834523
3549  676       -13.77520661    -13.03545892      0.05229841
3550  676       -13.73259880    -13.03596116      0.06865413
3551  676       -13.68779921    -13.04559418      0.08873641
3552  676       -13.65985681    -13.06862257      0.11865352
3553  676       -13.66538366    -13.09844538      0.16689432
3554  676       -13.69369000    -13.11001779      0.24655314
3555  676       -13.71515217    -13.10810875      0.34430482
3556  676       -13.70635569    -13.10317494      0.44131776
3557  676       -13.66333113    -13.12446477      0.49171079
3558  676       -13.60730826    -13.17713358      0.48390162
3559  676       -13.55522657    -13.24668355      0.44854856
3560  676       -13.49472663    -13.30972204      0.42524715
3561  676       -13.42975851    -13.35634543      0.41167188
3562  676       -13.38156584    -13.37516882      0.41189929
3563  676       -13.36403878    -13.36901344      0.44516709
3564  676       -13.35236426    -13.34745533      0.49973050
3565  676       -13.31741882    -13.30830801      0.55369905
3566  676       -13.25819512    -13.26841978      0.58913419
3567  676       -13.18903198    -13.21915971      0.61126120
3568  676       -13.12987185    -13.17243934      0.64250533
3569  676       -13.08773468    -13.12401016      0.69362720
3570  676       -13.04095699    -13.09752887      0.72467929
3571  676       -12.96818708    -13.10860993      0.72490874
3572  676       -12.91052533    -13.12551702      0.72454639
3573  676       -12.88906777    -13.09974693      0.76219550
3574  676       -12.87833420    -13.03514557      0.81942292
3575  676       -12.85554429    -12.97654160      0.85684790
3576  676       -12.84009540    -12.94929040      0.85994350
3577  676       -12.84096118    -12.95287871      0.85244566
3578  676       -12.84848853    -12.95694345      0.84952430
3579  676       -12.85310606    -12.96576172      0.86324182
3580  676       -12.86043124    -12.98418509      0.88827517
3581  676       -12.88719692    -13.01844601      0.90731570
3582  676       -12.93480083    -13.05169377      0.91246898
3583  676       -12.97770546    -13.06600197      0.90638288
3584  676       -13.00756086    -13.07764225      0.88807431
3585  676       -13.03816190    -13.09620587      0.86152189
3586  676       -13.07399733    -13.12967088      0.82621388
3587  676       -13.11225653    -13.16583368      0.78849631
3588  676       -13.13271384    -13.21608573      0.77674171
3589  676       -13.12444798    -13.30147160      0.79931185
3590  676       -13.08871878    -13.39821708      0.84564716
3591  676       -13.05277616    -13.46905104      0.88625314
3592  676       -13.02010594    -13.49772821      0.92204921
3593  676       -12.99403278    -13.50907978      0.96146220
3594  676       -12.96067203    -13.51287596      0.99491712
3595  676       -12.91862528    -13.50385205      1.00420809
3596  676       -12.86862095    -13.50497596      0.99971817
3597  676       -12.82772200    -13.53590180      0.98740458
3598  676       -12.78941786    -13.58566472      0.98399602
3599  676       -12.75817166    -13.61408136      0.98810170
3600  676       -12.74672148    -13.62013302      1.01485520
3601  676       -12.75074958    -13.60761486      1.06980782
3602  676       -12.76484557    -13.58514138      1.12102085
3603  676       -12.77343778    -13.55925701      1.13941470
3604  676       -12.78820800    -13.54852485      1.11315267
3605  676       -12.79341371    -13.54121216      1.07836401
3606  676       -12.78428245    -13.51475003      1.04807174
3607  676       -12.76233567    -13.47227175      1.03253068
3608  676       -12.74403322    -13.44232098      1.03123371
3609  676       -12.74190236    -13.43148815      1.05707277
3610  676       -12.75085204    -13.43169838      1.10236928
3611  676       -12.75394961    -13.44633088      1.15250574
3612  676       -12.76525255    -13.46212474      1.20466485
3613  676       -12.78992542    -13.48043456      1.26354527
3614  676       -12.79463244    -13.51842876      1.31640007
3615  676       -12.76179204    -13.56247072      1.36729791
3616  676       -12.71719670    -13.56812744      1.41697838
3617  676       -12.69421224    -13.52358555      1.46223938
3618  676       -12.68046501    -13.46462279      1.47371654
3619  676       -12.66832676    -13.40826746      1.45189202
3620  676       -12.67185782    -13.35754897      1.42814870
3621  676       -12.71613790    -13.32918663      1.41011665
3622  676       -12.79147100    -13.31952832      1.38789226
3623  676       -12.88171470    -13.29961652      1.36644524
3624  676       -12.95513130    -13.27331303      1.36848982
3625  676       -13.00427878    -13.26073696      1.39065720
3626  676       -13.02754229    -13.29318339      1.42046029
3627  676       -13.00978689    -13.35032790      1.43822771
3628  676       -12.96114242    -13.40576331      1.44086913
3629  676       -12.93282779    -13.44208706      1.43130509
3630  676       -12.93616840    -13.45623952      1.42787765
3631  676       -12.94014273    -13.45158942      1.43173177
3632  676       -12.94070628    -13.42447895      1.43556487
3633  676       -12.93904907    -13.39774541      1.43013956
3634  676       -12.92552787    -13.37287734      1.41880777
3635  676       -12.90174154    -13.35237762      1.40435618
3636  676       -12.87095289    -13.32922370      1.38796896
3637  676       -12.83272694    -13.30646577      1.40292053
3638  676       -12.77599781    -13.28416556      1.44717422
3639  676       -12.69792347    -13.26263838      1.49143489
3640  676       -12.62011394    -13.24375993      1.50236475
3641  676       -12.56206103    -13.19812329      1.46239587
3642  676       -12.53606920    -13.15795019      1.39081821
3643  676       -12.55318601    -13.14280097      1.31010423
3644  676       -12.59372208    -13.13914958      1.23268629
3645  676       -12.63844773    -13.14211177      1.15200859
3646  676       -12.67771001    -13.18209120      1.09108435
3647  676       -12.70633924    -13.25190635      1.04790988
3648  676       -12.72613981    -13.31190121      1.02865991
3649  676       -12.72567875    -13.35484784      1.02009407
3650  676       -12.70520474    -13.40181884      1.02923248
3651  676       -12.67907853    -13.44986554      1.05623047
3652  676       -12.64558787    -13.47626945      1.08922054
3653  676       -12.61371303    -13.48925765      1.12905023
3654  676       -12.59676882    -13.49188247      1.14015228
3655  676       -12.59915092    -13.48140090      1.14048743
3656  676       -12.60572138    -13.45060134      1.11848450
3657  676       -12.61176148    -13.43727848      1.07723008
3658  676       -12.62180712    -13.43263644      1.01688582
3659  676       -12.64000474    -13.42809945      0.97585846
3660  676       -12.67869369    -13.42458455      0.96606284
3661  676       -12.72854703    -13.40439356      0.98937818
3662  676       -12.78082989    -13.35430978      1.04877839
3663  676       -12.83496001    -13.27750127      1.09397952
3664  676       -12.86680432    -13.21831002      1.11442371
3665  676       -12.83272033    -13.20782218      1.11373784
3666  676       -12.77043013    -13.24649807      1.11061581
3667  676       -12.73156168    -13.29312292      1.08238544
3668  676       -12.72581647    -13.32016532      1.02132763
3669  676       -12.73420476    -13.33870326      0.98853468
3670  676       -12.73487911    -13.38232422      1.01460494
3671  676       -12.71888815    -13.44917112      1.04824385
3672  676       -12.71342453    -13.48915587      1.04667308
3673  676       -12.73821992    -13.47345539      1.03707571
3674  676       -12.76566223    -13.42596141      1.03116535
3675  676       -12.77221950    -13.42136147      1.02633198
3676  676       -12.76707182    -13.46723402      1.02165420
3677  676       -12.77471494    -13.52202899      1.04232483
3678  676       -12.79795762    -13.54477344      1.07115415
3679  676       -12.82615549    -13.55503519      1.07489482
3680  676       -12.84853200    -13.56795332      1.03875064
3681  676       -12.86997634    -13.56595040      0.98942069
3682  676       -12.87688715    -13.53984221      0.96510356
3683  676       -12.87516134    -13.49587821      0.96810150
3684  676       -12.87933558    -13.45554137      0.97013967
3685  676       -12.89154655    -13.42146474      0.92904810
3686  676       -12.90186352    -13.41467167      0.86593510
3687  676       -12.89973958    -13.42719064      0.81308639
3688  676       -12.88352667    -13.45569552      0.77264630
3689  676       -12.86522866    -13.47133500      0.71605298
3690  676       -12.85895230    -13.46625919      0.64744762
3691  676       -12.86409166    -13.47418975      0.59754681
3692  676       -12.85732993    -13.49801552      0.60852473
3693  676       -12.81888534    -13.52042979      0.65679876
3694  676       -12.75357367    -13.52717435      0.68358740
3695  676       -12.66917316    -13.51210617      0.65974915
3696  676       -12.59503925    -13.47980688      0.60915327
3697  676       -12.55583479    -13.44928987      0.57305539
3698  676       -12.54759380    -13.43238753      0.56819135
3699  676       -12.53985459    -13.43302647      0.56036356
3700  676       -12.50926658    -13.44229716      0.52135039
3701  676       -12.48244844    -13.43456537      0.45907913
3702  676       -12.47875390    -13.39698531      0.40500124
3703  676       -12.48288638    -13.36113705      0.35488011
3704  676       -12.47216001    -13.34018651      0.31223712
3705  676       -12.44858308    -13.32142811      0.27714878
3706  676       -12.41895687    -13.31397492      0.22985544
3707  676       -12.38012677    -13.32634364      0.15743076
3708  676       -12.32724480    -13.36504148      0.08113363
3709  676       -12.29163001    -13.41698035      0.03899760
3710  676       -12.27796317    -13.47264292      0.01760574
3711  676       -12.27524594    -13.52693318     -0.04086662
3712  676       -12.25797008    -13.56552101     -0.14202452
3713  676       -12.23313761    -13.59076750     -0.24676641
3714  676       -12.20539297    -13.61042074     -0.32709442
3715  676       -12.16760688    -13.63916225     -0.38990299
3716  676       -12.12206507    -13.66484379     -0.45036986
3717  676       -12.08936990    -13.67388165     -0.50441424
3718  676       -12.07136222    -13.66244105     -0.56383869
3719  676       -12.03758075    -13.63340515     -0.63231006
3720  676       -11.99042057    -13.60250803     -0.70470338
3721  676       -11.95109338    -13.58685219     -0.76165488
3722  676       -11.93127542    -13.59903488     -0.78636439
3723  676       -11.91721145    -13.62299196     -0.79719560
3724  676       -11.90090710    -13.64149469     -0.81897735
3725  676       -11.87501307    -13.65272683     -0.85862931
3726  676       -11.83464985    -13.65493174     -0.89805120
3727  676       -11.78067660    -13.65756114     -0.93029437
3728  676       -11.72160424    -13.65856126     -0.95061581
3729  676       -11.66350090    -13.65986294     -0.94972378
3730  676       -11.61028569    -13.66688868     -0.92058180
3731  676       -11.55636006    -13.68494733     -0.88476096
3732  676       -11.50818724    -13.70117883     -0.86763881
3733  676       -11.47956697    -13.71407244     -0.86875980
3734  676       -11.46074652    -13.72830298     -0.87797098
3735  676       -11.43765166    -13.73549281     -0.88062776
3736  676       -11.41875189    -13.72500222     -0.89081738
3737  676       -11.40419299    -13.69999290     -0.91460961
3738  676       -11.40309660    -13.67778225     -0.93806839
3739  676       -11.40010618    -13.66012016     -0.93444239
3740  676       -11.39958581    -13.63421665     -0.91159695
3741  676       -11.39870602    -13.59376759     -0.87746593
3742  676       -11.41543919    -13.54200319     -0.84061435
3743  676       -11.43525649    -13.48267902     -0.82590553
3744  676       -11.46336393    -13.41674025     -0.82513788
3745  676       -11.48802781    -13.35219755     -0.82042980
3746  676       -11.50845255    -13.31313620     -0.81846236
3747  676       -11.52327933    -13.29427966     -0.85985243
3748  676       -11.51222182    -13.27599445     -0.91261180
3749  676       -11.50095412    -13.28057108     -0.94833424
3750  676       -11.49468987    -13.31530780     -0.94884555
3751  676       -11.50237815    -13.36484035     -0.93398121
3752  676       -11.49880047    -13.39409056     -0.93339032
3753  676       -11.49528617    -13.37852754     -0.93956770
3754  676       -11.50064946    -13.33205295     -0.94339135
3755  676       -11.53983605    -13.28329612     -0.96015695
3756  676       -11.60828488    -13.24235384     -0.99633638
3757  676       -11.66745504    -13.19005859     -1.01648092
3758  676       -11.70570803    -13.14594816     -1.00472749
3759  676       -11.72854117    -13.13131148     -0.98058329
3760  676       -11.73668716    -13.13588256     -0.96577416
3761  676       -11.72649377    -13.13622635     -0.95485054
3762  676       -11.71329328    -13.13306670     -0.94520009
3763  676       -11.71834760    -13.16355071     -0.93548152
3764  676       -11.76395537    -13.20686704     -0.92131943
3765  676       -11.84228468    -13.23523685     -0.90834580
3766  676       -11.90827517    -13.25825322     -0.91081149
3767  676       -11.94768066    -13.29346105     -0.93780961
3768  676       -11.95841037    -13.34003632     -0.99328923
3769  676       -11.94736806    -13.35591805     -1.05232814
3770  676       -11.92922496    -13.34748878     -1.10824667
3771  676       -11.90682690    -13.32561658     -1.16388433
3772  676       -11.89095757    -13.29582670     -1.21006311
3773  676       -11.90471369    -13.26445623     -1.21814831
3774  676       -11.96124597    -13.26023987     -1.19783241
3775  676       -12.03796299    -13.27128146     -1.17454324
3776  676       -12.08912853    -13.25376555     -1.18956459
3777  676       -12.09173310    -13.21879603     -1.24966089
3778  676       -12.04845450    -13.20321395     -1.30520867
3779  676       -12.01651207    -13.21659089     -1.32424377
3780  676       -12.00153942    -13.23760590     -1.30944271
3781  676       -12.00141551    -13.25525105     -1.28696425
3782  676       -11.98722142    -13.24355813     -1.26218441
3783  676       -11.95007434    -13.20086521     -1.24903953
3784  676       -11.88522599    -13.15777973     -1.23772720
3785  676       -11.81259437    -13.13629917     -1.21418319
3786  676       -11.73434595    -13.11027882     -1.20703567
3787  676       -11.65148121    -13.07547891     -1.22412702
3788  676       -11.57688214    -13.04027218     -1.23277661
3789  676       -11.51479680    -13.00007889     -1.22164001
3790  676       -11.46576431    -12.97635500     -1.21722773
3791  676       -11.42853661    -12.98220882     -1.22866010
3792  676       -11.38379567    -13.01843131     -1.25360451
3793  676       -11.30154734    -13.04598750     -1.28322416
3794  676       -11.22713985    -13.06397072     -1.31819192
3795  676       -11.16614224    -13.06052736     -1.34139847
3796  676       -11.11674962    -13.04031347     -1.35588294
3797  676       -11.08136539    -13.02178272     -1.36090957
3798  676       -11.08902979    -13.01101033     -1.36561553
3799  676       -11.12277056    -13.01328380     -1.36865641
3800  676       -11.14315530    -13.03172798     -1.36688595
3801  676       -11.14646738    -13.04689519     -1.35766797
3802  676       -11.15580413    -13.04984490     -1.33808766
3803  676       -11.16537659    -13.06011788     -1.31314297
3804  676       -11.13905864    -13.07098800     -1.28782539
3805  676       -11.08564043    -13.06494096     -1.27590121
3806  676       -11.01674622    -13.02302607     -1.27712682
3807  676       -10.96823583    -12.96061834     -1.27787503
3808  676       -10.91611542    -12.92324485     -1.27991473
3809  676       -10.86386598    -12.92442999     -1.29663123
3810  676       -10.82443665    -12.94923782     -1.30933820
3811  676       -10.82345835    -12.97214521     -1.32342522
3812  676       -10.83746095    -12.97786234     -1.35279273
3813  676       -10.85744475    -12.96613080     -1.39198629
3814  676       -10.88327334    -12.95857637     -1.42781803
3815  676       -10.91912841    -12.94553385     -1.44276291
3816  676       -10.96401510    -12.90729794     -1.44144356
3817  676       -11.01038198    -12.85723054     -1.43470515
3818  676       -11.07407686    -12.80361065     -1.41633957
3819  676       -11.12470385    -12.78806594     -1.40053659
3820  676       -11.14379819    -12.76206039     -1.38520513
3821  676       -11.11355335    -12.73417814     -1.37388626
3822  676       -11.07603550    -12.69389690     -1.36659517
3823  796       -12.08326255    -14.65329610     -0.17039261
3824  796       -12.08511258    -14.66293991     -0.18591250
3825  796       -12.12599738    -14.67480510     -0.22184660
3826  796       -12.17889037    -14.70164956     -0.24337592
3827  796       -12.24193890    -14.73919311     -0.25751172
3828  796       -12.29156400    -14.77907694     -0.28874113
3829  796       -12.31021973    -14.82490389     -0.32814162
3830  796       -12.31152940    -14.85815290     -0.37603364
3831  796       -12.31731744    -14.88905421     -0.42609878
3832  796       -12.32236891    -14.92596133     -0.47946782
3833  796       -12.31443757    -14.95325856     -0.52779370
3834  796       -12.29531581    -14.97319278     -0.55026262
3835  796       -12.25535004    -14.98833118     -0.53571704
3836  796       -12.20564284    -14.98219870     -0.50386805
3837  796       -12.17906841    -14.95587907     -0.48931244
3838  796       -12.18486773    -14.93387292     -0.50765883
3839  796       -12.20831127    -14.94693230     -0.55236008
3840  796       -12.21802398    -15.00521052     -0.59040224
3841  796       -12.19347558    -15.07799917     -0.60027652
3842  796       -12.14445646    -15.12836958     -0.58115256
3843  796       -12.07503959    -15.15494541     -0.55558891
3844  796       -12.01288028    -15.17954545     -0.55541535
3845  796       -11.95997249    -15.22003524     -0.59031632
3846  796       -11.92675247    -15.28044396     -0.62637103
3847  796       -11.93222883    -15.33677867     -0.62112442
3848  796       -11.98424766    -15.37332144     -0.57462233
3849  796       -12.03747464    -15.39944535     -0.52252150
3850  796       -12.06482930    -15.42042334     -0.48683076
3851  796       -12.08103106    -15.43895904     -0.46561740
3852  796       -12.09815337    -15.47419032     -0.45230516
3853  796       -12.11827636    -15.52001646     -0.44244094
3854  796       -12.13450251    -15.54151254     -0.44793429
3855  796       -12.16076740    -15.53396974     -0.46177911
3856  796       -12.20297065    -15.52452295     -0.47171415
3857  796       -12.24326820    -15.52409845     -0.46448167
3858  796       -12.26474597    -15.53917769     -0.44436254
3859  796       -12.26331452    -15.58581030     -0.40728929
3860  796       -12.24853957    -15.64104796     -0.35700497
3861  796       -12.22890635    -15.65228409     -0.32223415
3862  796       -12.20393848    -15.60859928     -0.32119633
3863  796       -12.18119360    -15.56644619     -0.33484204
3864  796       -12.16306556    -15.56540064     -0.34710163
3865  796       -12.16346898    -15.60609430     -0.34612946
3866  796       -12.17244188    -15.66934431     -0.33612781
3867  796       -12.17545951    -15.73815288     -0.32824914
3868  796       -12.17882605    -15.78417174     -0.32568696
3869  796       -12.19304576    -15.78023963     -0.32303808
3870  796       -12.21481346    -15.74719506     -0.31273482
3871  796       -12.22036349    -15.70533677     -0.30530314
3872  796       -12.21212452    -15.66803727     -0.30820098
3873  796       -12.20690324    -15.64054461     -0.33525317
3874  796       -12.20708121    -15.62431585     -0.38293345
3875  796       -12.20152397    -15.62986242     -0.42195078
3876  796       -12.18433121    -15.64784260     -0.42396028
3877  796       -12.16781780    -15.66211102     -0.38510616
3878  796       -12.15654402    -15.65439723     -0.34128453
3879  796       -12.15471310    -15.62206495     -0.31228112
3880  796       -12.16013058    -15.58391754     -0.29699896
3881  796       -12.17818904    -15.56681617     -0.27325824
3882  796       -12.19889660    -15.57752745     -0.24493316
3883  796       -12.20423854    -15.61982107     -0.22032214
3884  796       -12.17551880    -15.69466447     -0.19254171
3885  796       -12.12392319    -15.75912410     -0.15677449
3886  796       -12.06819847    -15.77329664     -0.15037727
3887  796       -12.01900173    -15.73745001     -0.17579264
3888  796       -11.98572003    -15.70559056     -0.18875472
3889  796       -11.96504195    -15.69503628     -0.16470162
3890  796       -11.94126456    -15.71125128     -0.12648556
3891  796       -11.91653330    -15.74533368     -0.11146408
3892  796       -11.90560383    -15.80407002     -0.10575684
3893  796       -11.91830296    -15.87161245     -0.11666003
3894  796       -11.94341281    -15.91463034     -0.13610730
3895  796       -11.96005029    -15.92261794     -0.17417845
3896  796       -11.96829079    -15.91042419     -0.21209481
3897  796       -11.97960976    -15.89331003     -0.24083857
3898  796       -12.01324114    -15.87604486     -0.25653669
3899  796       -12.04268638    -15.87562006     -0.27672393
3900  796       -12.04449595    -15.88859183     -0.30409181
3901  796       -12.03757889    -15.91360698     -0.32669831
3902  796       -12.02851917    -15.94605180     -0.33310123
3903  796       -12.00773661    -15.98422068     -0.31531384
3904  796       -11.99825111    -16.01163138     -0.32410092
3905  796       -12.01992254    -16.02686840     -0.39218347
3906  796       -12.06780171    -16.05779248     -0.49904578
3907  796       -12.11120591    -16.10555756     -0.57297399
3908  796       -12.13155452    -16.14808129     -0.60995898
3909  796       -12.12704598    -16.17111339     -0.62762241
3910  796       -12.11049912    -16.19686183     -0.63345489
3911  796       -12.10637339    -16.23608291     -0.63358372
3912  796       -12.09823357    -16.29672403     -0.64468118
3913  796       -12.08757561    -16.37348769     -0.65147832
3914  796       -12.07555657    -16.45787878     -0.66049931
3915  796       -12.06236115    -16.52499245     -0.69219797
3916  796       -12.04690193    -16.53818686     -0.74140392
3917  796       -12.05005374    -16.48012855     -0.77974260
3918  796       -12.06773108    -16.38857281     -0.78143700
3919  796       -12.07758071    -16.32589084     -0.77075466
3920  796       -12.07262480    -16.32389552     -0.75267858
3921  796       -12.07785420    -16.36762993     -0.72430508
3922  796       -12.11579430    -16.41405725     -0.69935344
3923  796       -12.15792034    -16.46670170     -0.67830496
3924  796       -12.17090002    -16.53155219     -0.66947409
3925  796       -12.13518428    -16.60215541     -0.68447995
3926  796       -12.09113464    -16.65008661     -0.70921195
3927  796       -12.08153537    -16.67437439     -0.72481738
3928  796       -12.10710963    -16.68613160     -0.74045961
3929  796       -12.13347741    -16.67888492     -0.76148077
3930  796       -12.13631202    -16.63531218     -0.76675220
3931  796       -12.13034461    -16.56987331     -0.74206765
3932  796       -12.14528079    -16.51662341     -0.69529583
3933  796       -12.18639469    -16.51682357     -0.64542923
3934  796       -12.23193248    -16.58131872     -0.61125537
3935  796       -12.28274123    -16.65449761     -0.58724553
3936  796       -12.33339339    -16.69126247     -0.58373301
3937  796       -12.38490732    -16.68229182     -0.60002815
3938  796       -12.42959125    -16.64250553     -0.61892915
3939  796       -12.46161067    -16.59470330     -0.63180461
3940  796       -12.47781402    -16.56542876     -0.63361702
3941  796       -12.46669451    -16.54780101     -0.61691933
3942  796       -12.43412799    -16.53982263     -0.60716784
3943  796       -12.40755382    -16.54358890     -0.63231166
3944  796       -12.43851565    -16.54954217     -0.67841982
3945  796       -12.51162270    -16.57767811     -0.71316161
3946  796       -12.56926689    -16.65124375     -0.74215378
3947  796       -12.60028399    -16.73999789     -0.75910299
3948  796       -12.61219112    -16.79538570     -0.75211641
3949  796       -12.62488478    -16.79902171     -0.71486911
3950  796       -12.64423311    -16.75495133     -0.65724909
3951  796       -12.68522760    -16.70391458     -0.59332308
3952  796       -12.72571700    -16.68289157     -0.51633855
3953  796       -12.73565901    -16.71380887     -0.43514748
3954  796       -12.73547850    -16.76968809     -0.36621079
3955  796       -12.74844718    -16.80485507     -0.34115400
3956  796       -12.78026910    -16.80966995     -0.34722803
3957  796       -12.82779113    -16.79318853     -0.37057045
3958  796       -12.86814553    -16.77920839     -0.40053124
3959  796       -12.89311809    -16.78128351     -0.44503066
3960  796       -12.91740256    -16.78932801     -0.50486212
3961  796       -12.94667682    -16.81074795     -0.54261910
3962  796       -12.97194051    -16.83385638     -0.53367452
3963  796       -12.97901276    -16.84595719     -0.47770503
3964  796       -12.97449377    -16.84751457     -0.38642870
3965  796       -12.96550330    -16.83330122     -0.27895399
3966  796       -12.96022970    -16.81629242     -0.18791774
3967  796       -12.97023087    -16.79881326     -0.16442280
3968  796       -13.00093836    -16.77845089     -0.21158000
3969  796       -13.03156810    -16.77177282     -0.28065645
3970  796       -13.04230002    -16.82761842     -0.32941257
3971  796       -13.03542564    -16.94418783     -0.33871316
3972  796       -13.02034319    -17.09112543     -0.30539651
3973  796       -13.03476675    -17.20984696     -0.25255848
3974  796       -13.09131149    -17.24046228     -0.20408082
3975  796       -13.19074472    -17.20322799     -0.17570098
3976  796       -13.28033241    -17.16292435     -0.14016970
3977  796       -13.32973078    -17.13785770     -0.11197945
3978  796       -13.33404815    -17.10322393     -0.12927972
3979  796       -13.29385042    -17.05822183     -0.18506486
3980  796       -13.23946782    -17.04265469     -0.23990428
3981  796       -13.17332082    -17.05356344     -0.27437706
3982  796       -13.11700304    -17.04239452     -0.27444311
3983  796       -13.08346478    -17.00616278     -0.25576883
3984  796       -13.08468220    -16.97536911     -0.25400591
3985  796       -13.11995348    -16.96215010     -0.25649558
3986  796       -13.18278908    -16.94351323     -0.26550857
3987  796       -13.25152366    -16.94824438     -0.28826597
3988  796       -13.27337378    -16.99640802     -0.34946352
3989  796       -13.25724629    -17.05770402     -0.42876673
3990  796       -13.22245891    -17.11951086     -0.48905185
3991  796       -13.21341014    -17.17990940     -0.51475798
3992  796       -13.25216739    -17.24179037     -0.52372194
3993  796       -13.34877098    -17.28198826     -0.53941953
3994  796       -13.47954368    -17.29214411     -0.55744588
3995  796       -13.62857215    -17.28872989     -0.57074319
3996  796       -13.76374930    -17.27815428     -0.57065931
3997  796       -13.86496798    -17.25959017     -0.55336252
3998  796       -13.92410741    -17.21969202     -0.51471857
3999  796       -13.94571100    -17.16404742     -0.46201064
4000  796       -13.95297978    -17.10146959     -0.40888077
4001  796       -13.97282524    -17.03652028     -0.37929386
4002  796       -14.01335746    -16.96318850     -0.38616895
4003  796       -14.05849536    -16.90244374     -0.39231223
4004  796       -14.09756789    -16.86358759     -0.40078592
4005  796       -14.13729409    -16.86226518     -0.41297088
4006  796       -14.21065672    -16.87149251     -0.43152933
4007  796       -14.30323718    -16.83125059     -0.46356657
4008  796       -14.39239195    -16.74301648     -0.50043566
4009  796       -14.47831626    -16.65697462     -0.52387322
4010  796       -14.55637384    -16.62648361     -0.51499812
4011  796       -14.61769280    -16.65351349     -0.47497225
4012  796       -14.67239945    -16.68430098     -0.43766981
4013  796       -14.74622213    -16.68480565     -0.41542649
4014  796       -14.81966839    -16.65675832     -0.40283901
4015  796       -14.87590223    -16.59544235     -0.39446961
4016  796       -14.93294870    -16.51256158     -0.39462184
4017  796       -14.99063376    -16.44025180     -0.39912317
4018  796       -15.04237328    -16.42438930     -0.39500978
4019  796       -15.08398950    -16.47369640     -0.36866552
4020  796       -15.10960846    -16.56408194     -0.31905942
4021  796       -15.13250921    -16.65318155     -0.27306820
4022  796       -15.14074184    -16.72875445     -0.26750213
4023  796       -15.12854701    -16.78839531     -0.30255211
4024  796       -15.10404616    -16.83473351     -0.34226580
4025  796       -15.08135779    -16.87967395     -0.37053187
4026  796       -15.06770553    -16.92363927     -0.40017676
4027  796       -15.07382675    -16.97679332     -0.43887129
4028  796       -15.10317397    -17.02382578     -0.48944050
4029  796       -15.14819250    -17.04579676     -0.54310996
4030  796       -15.19262950    -17.04027403     -0.56949076
4031  796       -15.22044129    -17.04342030     -0.56923152
4032  796       -15.23217178    -17.08158770     -0.55206307
4033  796       -15.24183564    -17.13922848     -0.53350214
4034  796       -15.26191803    -17.20173545     -0.52077995
4035  796       -15.29562066    -17.24934848     -0.52967566
4036  796       -15.32169925    -17.26502245     -0.56778660
4037  796       -15.32898809    -17.23593585     -0.63656979
4038  796       -15.33246416    -17.18808221     -0.70960987
4039  796       -15.33454885    -17.15275019     -0.74609512
4040  796       -15.34557850    -17.15723470     -0.74779773
4041  796       -15.36652883    -17.19800012     -0.76193210
4042  796       -15.37511971    -17.24553373     -0.78034770
4043  796       -15.36665593    -17.29101331     -0.78120958
4044  796       -15.37280431    -17.33274166     -0.78230429
4045  796       -15.41144254    -17.35707969     -0.80784303
4046  796       -15.45460472    -17.33974790     -0.84553410
4047  796       -15.46811690    -17.28842278     -0.87423759
4048  796       -15.46763522    -17.21502251     -0.89530283
4049  796       -15.51859238    -17.16351364     -0.93169968
4050  796       -15.60845992    -17.15220278     -0.96754828
4051  796       -15.66680621    -17.16883154     -0.97034277
4052  796       -15.68561466    -17.20050873     -0.95066838
4053  796       -15.69665823    -17.23693657     -0.92251621
4054  796       -15.71271188    -17.27309987     -0.90467654
4055  796       -15.71226417    -17.26352762     -0.88459592
4056  796       -15.69502584    -17.17673368     -0.87772749
4057  796       -15.66685096    -17.06650513     -0.88209025
4058  796       -15.62900606    -17.01493282     -0.88820136
4059  796       -15.60821704    -17.03327365     -0.87146734
4060  796       -15.63289069    -17.10702248     -0.83503806
4061  796       -15.68652805    -17.20560053     -0.82831025
4062  796       -15.72485940    -17.29648167     -0.84010679
4063  796       -15.74634750    -17.35988758     -0.85113188
4064  796       -15.76968112    -17.37377917     -0.85222647
4065  796       -15.81547603    -17.31462556     -0.84709145
4066  796       -15.88791234    -17.21519039     -0.84573153
4067  796       -15.96405961    -17.12814928     -0.83025155
4068  796       -16.02710047    -17.08242106     -0.78553579
4069  796       -16.08369461    -17.08937584     -0.72018980
4070  796       -16.13153396    -17.11972636     -0.67572689
4071  796       -16.16008628    -17.13855946     -0.66495544
4072  796       -16.16490591    -17.13369204     -0.67040980
4073  796       -16.16017203    -17.12311758     -0.67613859
4074  796       -16.16176090    -17.12244342     -0.67090574
4075  796       -16.16826161    -17.12524687     -0.65133687
4076  796       -16.19437418    -17.12402427     -0.62559731
4077  796       -16.23447458    -17.12048931     -0.59053572
4078  796       -16.27836466    -17.11462954     -0.52418168
4079  796       -16.29810473    -17.08459215     -0.43608360
4080  796       -16.29762578    -17.02962705     -0.35572463
4081  796       -16.29744907    -16.94833406     -0.30602886
4082  796       -16.30696544    -16.84359925     -0.29164357
4083  796       -16.31028888    -16.74744971     -0.30431799
4084  796       -16.31499101    -16.67676593     -0.32876914
4085  796       -16.34692528    -16.64568046     -0.34311586
4086  796       -16.40811543    -16.64109494     -0.32634025
4087  796       -16.46606004    -16.64672511     -0.25788795
4088  796       -16.48942734    -16.65356280     -0.16366745
4089  796       -16.49300569    -16.68071983     -0.08168787
4090  796       -16.48457811    -16.71666758     -0.00923963
4091  796       -16.45971194    -16.75726110      0.07509543
4092  796       -16.42496720    -16.81188479      0.15697983
4093  796       -16.38919109    -16.88744534      0.21923607
4094  796       -16.38768208    -16.94232316      0.26898707
4095  796       -16.44148297    -16.94501149      0.32134097
4096  796       -16.52098017    -16.92979872      0.37379308
4097  796       -16.58103278    -16.91001017      0.41215667
4098  796       -16.60767909    -16.88428204      0.46585135
4099  796       -16.61627772    -16.86419364      0.53446499
4100  796       -16.63516784    -16.84615450      0.60336956
4101  796       -16.67876861    -16.81329877      0.67318434
4102  796       -16.74988175    -16.76661920      0.72065633
4103  796       -16.84310925    -16.74245970      0.69924912
4104  796       -16.93774015    -16.73140970      0.63530589
4105  796       -17.01407185    -16.72213200      0.58488878
4106  796       -17.05207179    -16.67073292      0.57389663
4107  796       -17.04838836    -16.59913102      0.60162621
4108  796       -17.00547872    -16.51767313      0.64454131
4109  796       -16.93340951    -16.44376610      0.67287886
4110  796       -16.87976669    -16.37921151      0.66666276
4111  796       -16.83307482    -16.33938039      0.64655046
4112  796       -16.78414484    -16.30900475      0.61259344
4113  796       -16.76463430    -16.27739654      0.56116140
4114  796       -16.79123773    -16.24305447      0.49260292
4115  796       -16.85236452    -16.19391876      0.43116662
4116  796       -16.91537189    -16.15849534      0.39472515
4117  796       -16.97365535    -16.12825587      0.39531393
4118  796       -17.00831013    -16.09909244      0.43647342
4119  796       -17.03223047    -16.07646436      0.50253158
4120  796       -17.05528829    -16.07544873      0.53028566
4121  796       -17.06778918    -16.05958339      0.48862703
4122  796       -17.09987087    -16.01977920      0.42649860
4123  796       -17.15571287    -15.97970220      0.39055248
4124  796       -17.20782637    -15.95336413      0.39885932
4125  796       -17.24961080    -15.94605418      0.44783222
4126  796       -17.26343220    -15.94923941      0.51328910
4127  796       -17.24986961    -15.95821440      0.54939165
4128  796       -17.22532806    -15.98981248      0.57234198
4129  796       -17.21059026    -16.02559444      0.60708876
4130  796       -17.18473293    -16.03875719      0.64268820
4131  796       -17.13135076    -16.03597734      0.64968508
4132  796       -17.07490972    -16.04207761      0.61926438
4133  796       -17.03376680    -16.04788652      0.57195495
4134  796       -17.03099357    -16.03760541      0.52304580
4135  796       -17.03016310    -15.99741272      0.49195744
4136  796       -17.01646937    -15.94813243      0.48360571
4137  796       -16.99776869    -15.91524560      0.48024513
4138  796       -16.97960378    -15.92528053      0.46870626
4139  796       -16.95608228    -15.95742057      0.44595560
4140  796       -16.92998989    -15.98732339      0.41372852
4141  796       -16.92007190    -16.02208893      0.40599740
4142  796       -16.95012641    -16.05121769      0.41766043
4143  796       -16.99489220    -16.05724729      0.45778837
4144  796       -17.04158989    -16.06810434      0.51792215
4145  796       -17.08207905    -16.08317783      0.57985706
4146  796       -17.11401652    -16.10882266      0.61531368
4147  796       -17.15547547    -16.13728365      0.61480118
4148  796       -17.21888632    -16.16793638      0.59506186
4149  796       -17.30287384    -16.21398582      0.55253649
4150  796       -17.36536965    -16.27877034      0.49409457
4151  796       -17.40459764    -16.34510613      0.42992120
4152  796       -17.44021808    -16.37709245      0.38119922
4153  796       -17.49423312    -16.39660686      0.35455464
4154  796       -17.54421122    -16.39978511      0.34787783
4155  796       -17.56644484    -16.39070708      0.34730843
4156  796       -17.59232755    -16.37361469      0.34562036
4157  796       -17.63242535    -16.35413534      0.33117789
4158  796       -17.66628278    -16.33812384      0.30721956
4159  796       -17.67534769    -16.33914959      0.27618282
4160  796       -17.66798088    -16.35885967      0.24712858
4161  796       -17.65635867    -16.36297309      0.22072600
4162  796       -17.64238701    -16.33336242      0.19602106
4163  796       -17.62854014    -16.30105560      0.18288051
4164  796       -17.59830625    -16.27725275      0.19177604
4165  796       -17.57351868    -16.24012157      0.21375154
4166  796       -17.56000787    -16.18051432      0.22937057
4167  796       -17.53286254    -16.13445627      0.21409887
4168  796       -17.49114546    -16.13925037      0.17901354
4169  796       -17.44833369    -16.18455974      0.13917855
4170  796       -17.40322509    -16.20941364      0.09621466
4171  796       -17.36094427    -16.19055405      0.07891753
4172  796       -17.33385413    -16.14109614      0.09047021
4173  796       -17.30034100    -16.06393411      0.10040172
4174  796       -17.24572941    -15.98647586      0.07404333
4175  796       -17.17896501    -15.95195388      0.02572527
4176  796       -17.11806333    -15.94823962     -0.02897334
4177  796       -17.08003891    -15.94327540     -0.08389048
4178  796       -17.07894714    -15.92516834     -0.13710365
4179  796       -17.09623834    -15.90915969     -0.17439355
4180  796       -17.12242479    -15.91815689     -0.16507047
4181  796       -17.13207000    -15.92863267     -0.11377750
4182  796       -17.13095956    -15.91149221     -0.05256398
4183  796       -17.13328384    -15.86376811     -0.02189998
4184  796       -17.13093077    -15.80177916     -0.01808701
4185  796       -17.11692005    -15.70587429     -0.02646794
4186  796       -17.11193532    -15.61212399     -0.01854280
4187  796       -17.12169959    -15.54236572      0.00039036
4188  796       -17.13239894    -15.50139113      0.00491159
4189  796       -17.11004668    -15.46672371     -0.01641359
4190  796       -17.04248957    -15.44658174     -0.04904700
4191  796       -16.96025856    -15.44158426     -0.07445633
4192  796       -16.89570100    -15.42647348     -0.10992375
4193  796       -16.89235982    -15.36779530     -0.12395874
4194  796       -16.94030405    -15.27917106     -0.08933894
4195  796       -17.00264429    -15.19730291     -0.03543529
4196  796       -17.04944568    -15.12222054     -0.00891025
4197  796       -17.06163676    -15.08108854      0.00117095
4198  796       -17.03611353    -15.07422679      0.01262746
4199  796       -16.98823081    -15.10327457      0.02213383
4200  796       -16.97024279    -15.15293485      0.04150127
4201  796       -17.00232324    -15.19837952      0.08252564
4202  796       -17.07260719    -15.19594653      0.11197468
4203  796       -17.15731082    -15.17171212      0.10651375
4204  796       -17.24062499    -15.15429652      0.10493309
4205  796       -17.28613630    -15.13302638      0.12009111
4206  796       -17.33206075    -15.11332203      0.16955578
4207  796       -17.37950157    -15.11725029      0.21149206
4208  796       -17.40628218    -15.11509715      0.20968205
4209  796       -17.40289788    -15.09081263      0.16266373
4210  796       -17.38387485    -15.06334664      0.09470319
4211  796       -17.39541142    -15.06388049      0.02448620
4212  796       -17.44379622    -15.09369364     -0.01208367
4213  796       -17.50349322    -15.11605869     -0.01199504
4214  796       -17.55003994    -15.11936223      0.02677722
4215  796       -17.59532787    -15.12986137      0.10369792
4216  796       -17.63940830    -15.15346891      0.20726305
4217  796       -17.67140803    -15.17913487      0.30542450
4218  796       -17.66985216    -15.19248495      0.34820205
4219  796       -17.63456834    -15.21842355      0.34285638
4220  796       -17.59957819    -15.28083325      0.31919844
4221  796       -17.57543042    -15.35251233      0.31211813
4222  796       -17.56360819    -15.41147400      0.30138349
4223  796       -17.57124859    -15.46040042      0.27513315
4224  796       -17.60346556    -15.48296903      0.24951341
4225  796       -17.64290633    -15.48279412      0.22330515
4226  796       -17.69471471    -15.49056236      0.22085667
4227  796       -17.74377271    -15.49950450      0.24992367
4228  796       -17.76415781    -15.51631111      0.28881321
4229  796       -17.74292839    -15.55010723      0.32491042
4230  796       -17.67316517    -15.58239191      0.37413800
4231  796       -17.58070617    -15.60775037      0.44729618
4232  796       -17.50779436    -15.64684751      0.51375526
4233  796       -17.48567349    -15.72506940      0.56000977
4234  796       -17.48505472    -15.81720377      0.62072282
4235  796       -17.49338368    -15.87976354      0.68136749
4236  796       -17.47618638    -15.90083174      0.69530834
4237  796       -17.44143271    -15.87343768      0.67696411
4238  796       -17.41111884    -15.80705792      0.65457724
4239  796       -17.39501026    -15.73588890      0.65776844
4240  796       -17.39457524    -15.69093683      0.66602914
4241  796       -17.40196046    -15.69418788      0.64893170
4242  796       -17.41987590    -15.72816145      0.60637080
4243  796       -17.45318406    -15.77502856      0.56918490
4244  796       -17.50956326    -15.82806603      0.55592660
4245  796       -17.56544821    -15.88933934      0.55422020
4246  796       -17.59995592    -15.94654121      0.54937782
4247  796       -17.60473444    -15.98905499      0.56511629
4248  796       -17.59637846    -16.00838829      0.60341147
4249  796       -17.57173005    -16.01304814      0.64407963
4250  796       -17.53830583    -16.01520601      0.66598230
4251  796       -17.49381441    -16.04046130      0.67884606
4252  796       -17.44634351    -16.11188755      0.68144012
4253  796       -17.43278192    -16.22336381      0.66946506
4254  796       -17.46797931    -16.34132824      0.67908555
4255  796       -17.52319007    -16.42377736      0.73048917
4256  796       -17.55055990    -16.50482162      0.78742418
4257  796       -17.53914251    -16.60265828      0.83087342
4258  796       -17.50734698    -16.69352355      0.85815157
4259  796       -17.48002435    -16.74869136      0.89185783
4260  796       -17.45804978    -16.78141801      0.91476291
4261  796       -17.44173515    -16.80290159      0.90550906
4262  796       -17.44098543    -16.85037414      0.85929028
4263  796       -17.49471775    -16.94865332      0.81344349
4264  796       -17.57841538    -17.06295508      0.79966046
4265  796       -17.63753072    -17.16787101      0.78760021
4266  796       -17.67006105    -17.25174855      0.76014569
4267  796       -17.69582112    -17.31596016      0.72119523
4268  796       -17.70725235    -17.35965673      0.70940936
4269  796       -17.70529080    -17.40957794      0.73689521
4270  796       -17.69718692    -17.47035736      0.75924514
4271  796       -17.65401574    -17.55151846      0.75530853
4272  796       -17.59949484    -17.63641862      0.76224327
4273  796       -17.55218205    -17.73961900      0.77565599
4274  796       -17.52956950    -17.85416505      0.78113215
4275  796       -17.50981596    -17.95345456      0.80141706
4276  796       -17.49210159    -18.02572757      0.84136341
4277  796       -17.46903924    -18.08852216      0.86225041
4278  796       -17.42278680    -18.15074094      0.86091716
4279  796       -17.35612368    -18.19895245      0.83816920
4280  796       -17.30200108    -18.22655418      0.80303158
4281  796       -17.25049872    -18.24115172      0.77780449
4282  796       -17.18135029    -18.27332469      0.77139078
4283  796       -17.12686492    -18.33625047      0.77226803
4284  796       -17.10007590    -18.42819388      0.79227237
4285  796       -17.08452288    -18.52174567      0.84233165
4286  796       -17.08121763    -18.59220320      0.87719002
4287  796       -17.09560572    -18.62886225      0.89669745
4288  796       -17.12146589    -18.65913911      0.90091521
4289  796       -17.12653790    -18.69933622      0.88141085
4290  796       -17.12341651    -18.74833432      0.84076012
4291  796       -17.11119936    -18.78825799      0.80069313
4292  796       -17.07377410    -18.82447385      0.75652746
4293  796       -17.01690630    -18.84916838      0.72319108
4294  796       -16.97285603    -18.88740083      0.71389230
4295  796       -16.97285842    -18.91306482      0.73500328
4296  796       -16.98789088    -18.90265772      0.77712190
4297  796       -17.00331524    -18.88096746      0.83856145
4298  796       -17.03994578    -18.90415294      0.87718669
4299  796       -17.07409781    -18.97873977      0.87379163
4300  796       -17.09783537    -19.06231264      0.83990051
4301  796       -17.13231560    -19.10813763      0.82717839
4302  796       -17.18834160    -19.11919164      0.85284265
4303  796       -17.23028327    -19.10975282      0.88897769
4304  796       -17.24345600    -19.10078436      0.92169056
4305  796       -17.26357836    -19.12083507      0.94431830
4306  796       -17.28241226    -19.15478054      0.97422424
4307  796       -17.27401404    -19.18865255      1.02028403
4308  796       -17.26775164    -19.22277000      1.08140125
4309  796       -17.27231911    -19.28453444      1.09154441
4310  796       -17.27579789    -19.35991010      1.04004541
4311  796       -17.28124621    -19.39175293      0.99834688
4312  796       -17.30772162    -19.36781448      1.00249147
4313  796       -17.36532598    -19.33792805      1.02554328
4314  796       -17.42787153    -19.31431861      1.05064122
4315  796       -17.48334779    -19.31604621      1.06904914
4316  796       -17.52464151    -19.35497139      1.06522703
4317  796       -17.54013641    -19.42879788      1.03906059
4318  796       -17.55023761    -19.50942462      0.99574890
4319  796       -17.57429039    -19.58386574      0.94930742
4320  796       -17.59390203    -19.65297637      0.89405053
4321  796       -17.60495882    -19.71131678      0.84490108
4322  796       -17.63544006    -19.74099453      0.80371459
4323  796       -17.70236401    -19.71820563      0.78539360
4324  796       -17.77907339    -19.66727594      0.80092124
4325  796       -17.84745068    -19.63817029      0.85300188
4326  796       -17.88896174    -19.66116645      0.92455108
4327  796       -17.89974495    -19.71834289      0.99597914
4328  796       -17.88875640    -19.78027232      1.04764290
4329  796       -17.86960046    -19.81987395      1.04869066
4330  796       -17.84909289    -19.84321421      1.00608187
4331  796       -17.83039424    -19.86313144      0.96251257
4332  796       -17.81629570    -19.86937558      0.96716217
4333  796       -17.81710602    -19.86000825      1.00799081
4334  796       -17.82888812    -19.83301855      1.05918820
4335  796       -17.83974885    -19.80799326      1.10607848
4336  796       -17.83660759    -19.79405584      1.14576863
4337  796       -17.81518810    -19.79211743      1.17106268
4338  796       -17.79572958    -19.79491974      1.18072681
4339  796       -17.80298020    -19.79189258      1.17279179
4340  796       -17.84770101    -19.77719778      1.14361996
4341  796       -17.90362496    -19.74983842      1.10903248
4342  796       -17.95670912    -19.72611125      1.08920182
4343  796       -18.00076160    -19.70472157      1.10101327
4344  796       -18.05643513    -19.70366947      1.14276671
4345  796       -18.11746854    -19.72651045      1.17471605
4346  796       -18.16696988    -19.76516489      1.15875930
4347  796       -18.20776768    -19.80012901      1.07934082
4348  796       -18.23854185    -19.82386485      0.95717772
4349  796       -18.25694449    -19.83723063      0.83852347
4350  796       -18.26403291    -19.84268803      0.75604613
4351  796       -18.27774439    -19.85516236      0.70229707
4352  796       -18.28752607    -19.84570370      0.66365208
4353  796       -18.29774539    -19.80888739      0.62762848
4354  796       -18.32432813    -19.73760387      0.60546204
4355  796       -18.37369766    -19.65937684      0.64144299
4356  796       -18.43260418    -19.61512060      0.72266654
4357  796       -18.47892682    -19.61201682      0.77483095
4358  796       -18.46347524    -19.62648640      0.76210008
4359  796       -18.40080340    -19.64415713      0.72263091
4360  796       -18.35652944    -19.64191587      0.69527835
4361  796       -18.34919465    -19.62286281      0.69202389
4362  796       -18.35231260    -19.59839585      0.71328498
4363  796       -18.35453867    -19.57950251      0.74932062
4364  796       -18.37068214    -19.58630410      0.79165579
4365  796       -18.40218268    -19.60819903      0.83483692
4366  796       -18.42254574    -19.63203153      0.86374727
4367  796       -18.40170656    -19.65502656      0.87828361
4368  796       -18.34205344    -19.68586521      0.88420599
4369  796       -18.29478782    -19.71196351      0.89665718
4370  796       -18.29784975    -19.72366957      0.95537554
4371  796       -18.34809104    -19.72209679      1.04617566
4372  796       -18.40903268    -19.72829760      1.11372688
4373  796       -18.46531998    -19.73279273      1.15929274
4374  796       -18.51836249    -19.73406609      1.20056136
4375  796       -18.56333169    -19.74044506      1.23689045
4376  796       -18.59720660    -19.77097687      1.24465638
4377  796       -18.62856502    -19.82612337      1.21285857
4378  796       -18.63968871    -19.86186812      1.15739576
4379  796       -18.64370530    -19.84923542      1.10314787
4380  796       -18.67787112    -19.80064650      1.06611970
4381  796       -18.73681753    -19.75782750      1.05248065
4382  796       -18.80575536    -19.73568137      1.05678257
4383  796       -18.88926561    -19.72806981      1.06464511
4384  796       -18.97970545    -19.72038437      1.06210617
4385  796       -19.04260164    -19.72153054      1.04092427
4386  796       -19.03123173    -19.76096181      1.01801716
4387  796       -18.99239583    -19.81059070      0.99041426
4388  796       -18.97340182    -19.81181475      0.95790199
4389  796       -18.98891959    -19.77223064      0.93215077
4390  796       -19.01968013    -19.74694930      0.90984013
4391  796       -19.05305575    -19.76298575      0.90312728
4392  796       -19.09624764    -19.79305165      0.90636346
4393  796       -19.13477058    -19.82194961      0.91759428
4394  796       -19.16037978    -19.83939450      0.94505134
4395  796       -19.17036305    -19.85487829      0.98070325
4396  796       -19.16413252    -19.87435057      0.99167891
4397  796       -19.13766533    -19.84401776      0.95793599
4398  796       -19.11173164    -19.74975290      0.89677271
4399  796       -19.11866693    -19.64132154      0.81980085
4400  796       -19.13690169    -19.56819008      0.73706790
4401  796       -19.14964295    -19.52751557      0.66020527
4402  796       -19.17017183    -19.52291147      0.60591417
4403  796       -19.21301669    -19.57612039      0.58133333
4404  796       -19.25430077    -19.67231972      0.56639722
4405  796       -19.27821908    -19.78448674      0.52920351
4406  796       -19.29133816    -19.87544881      0.47722631
4407  796       -19.29355762    -19.89760936      0.41920136
4408  796       -19.30459115    -19.85120443      0.36535857
4409  796       -19.35041448    -19.79885012      0.32169995
4410  796       -19.41750480    -19.80275701      0.29737411
4411  796       -19.49162415    -19.88008812      0.29724399
4412  796       -19.57996492    -19.98230574      0.29151801
4413  796       -19.65435969    -20.06026125      0.27784663
4414  796       -19.64363158    -20.10127775      0.25582168
4415  796       -19.56372749    -20.11513047      0.21729893
4416  796       -19.48970472    -20.10487296      0.16948442
4417  796       -19.45400625    -20.07473571      0.13142753
4418  796       -19.46030862    -20.01875845      0.09834274
4419  796       -19.48348751    -19.95614719      0.08666277
4420  796       -19.50565114    -19.90835617      0.10695097
4421  796       -19.55105342    -19.88509070      0.15426669
4422  796       -19.63797299    -19.89818615      0.20368127
4423  796       -19.76102156    -19.96142359      0.25579997
4424  796       -19.88543263    -20.06817714      0.30139292
4425  796       -19.96608946    -20.16494225      0.33716824
4426  796       -19.98553264    -20.19831540      0.35644262
4427  796       -19.96640714    -20.15684071      0.37424843
4428  796       -19.95414559    -20.08735985      0.38002750
4429  796       -19.97023060    -20.04611283      0.34050490
4430  796       -20.00417726    -20.05167718      0.28181313
4431  796       -20.05317866    -20.06650336      0.23638057
4432  796       -20.11360209    -20.08969174      0.20446315
4433  796       -20.17997857    -20.11580198      0.17634006
4434  796       -20.23736582    -20.12442870      0.17651302
4435  796       -20.28698146    -20.10392659      0.19483767
4436  796       -20.33060581    -20.06477024      0.22687843
4437  796       -20.36890318    -20.04856755      0.25938685
4438  796       -20.39203478    -20.06472226      0.29024609
4439  796       -20.40574017    -20.08567556      0.31630825
4440  796       -20.41937496    -20.08437178      0.34985617
4441  796       -20.43971098    -20.06498287      0.40296864
4442  796       -20.47007708    -20.05505874      0.45122387
4443  796       -20.50345716    -20.05990962      0.47193556
4444  796       -20.54020632    -20.05487378      0.45866512
4445  796       -20.57573976    -20.02669178      0.44170420
4446  796       -20.59850005    -19.99340994      0.40766509
4447  796       -20.60929801    -19.98354372      0.33414578
4448  796       -20.62532951    -19.98150462      0.22756058
4449  796       -20.66141637    -19.96609136      0.12374661
4450  796       -20.71234273    -19.93576288      0.05514154
4451  796       -20.76031607    -19.92134603      0.01535552
4452  796       -20.80273469    -19.94157416      0.00266243
4453  796       -20.83989725    -19.99703293      0.01162886
4454  796       -20.87809467    -20.07010995      0.04971282
4455  796       -20.91539281    -20.14517462      0.09442331
4456  796       -20.93458175    -20.20513544      0.11889192
4457  796       -20.93183094    -20.22073364      0.11255183
4458  796       -20.91235235    -20.18729457      0.09865557
4459  796       -20.88938607    -20.13285284      0.08988942
4460  796       -20.85592734    -20.09688327      0.08424012
4461  796       -20.81088979    -20.07873176      0.07581727
4462  796       -20.76655109    -20.06366436      0.08420866
4463  796       -20.74146282    -20.04329012      0.12691078
4464  796       -20.72759066    -20.01984168      0.19336644
4465  796       -20.71158557    -20.00221067      0.27946801
4466  796       -20.69427985    -20.01981090      0.36972037
4467  796       -20.67293896    -20.05377407      0.45286879
4468  796       -20.65624304    -20.08954715      0.51767803
4469  796       -20.64548695    -20.12675264      0.55861126
4470  796       -20.63802583    -20.16488802      0.57758752
4471  796       -20.62219580    -20.20557106      0.58160100
4472  796       -20.59889599    -20.23338093      0.59363303
4473  796       -20.59576519    -20.23766062      0.64521481
4474  796       -20.62325631    -20.20760541      0.73418531
4475  796       -20.68025531    -20.16774972      0.85278752
4476  796       -20.73156619    -20.13720236      0.98626358
4477  796       -20.74767195    -20.12016036      1.11152424
4478  796       -20.71834411    -20.12856728      1.19895211
4479  796       -20.65709827    -20.16152489      1.26631062
4480  796       -20.61710435    -20.20801451      1.31624525
4481  796       -20.61924244    -20.24793668      1.34851990
4482  796       -20.65746280    -20.25499200      1.35757685
4483  796       -20.70335676    -20.23030712      1.35830922
4484  796       -20.71113970    -20.20437750      1.37088475
4485  796       -20.67983148    -20.17603517      1.40506192
4486  796       -20.64569795    -20.13562301      1.46555246
4487  796       -20.64013458    -20.09497072      1.53842803
4488  796       -20.66130212    -20.09423075      1.59067233
4489  796       -20.68243179    -20.15290400      1.60973642
4490  796       -20.69017964    -20.23635409      1.60794327
4491  796       -20.67016018    -20.29820696      1.58265774
4492  796       -20.63847996    -20.33956978      1.53025921
4493  796       -20.60986352    -20.36719785      1.46535844
4494  796       -20.60367886    -20.36152165      1.41930260
4495  796       -20.64092776    -20.32444653      1.40854987
4496  796       -20.71313235    -20.25805873      1.42027715
4497  796       -20.78742598    -20.18330837      1.42958725
4498  796       -20.83886288    -20.12395590      1.42582780
4499  796       -20.86824005    -20.11459155      1.41498802
4500  796       -20.88967960    -20.15076467      1.40305029
4501  796       -20.91806190    -20.18904294      1.40042624
4502  796       -20.93974081    -20.18716898      1.39604772
4503  796       -20.96660174    -20.15608591      1.38111792
4504  796       -21.00718560    -20.09677266      1.35708829
4505  796       -21.05290797    -20.02249766      1.33118475
4506  796       -21.07652957    -19.95408402      1.28276997
4507  796       -21.07988257    -19.89917445      1.21824179
4508  796       -21.08557554    -19.88027693      1.17794922
4509  796       -21.10503621    -19.90535096      1.19387517
4510  796       -21.11627961    -19.96314048      1.25261973
4511  796       -21.09275445    -20.02811132      1.31064384
4512  796       -21.05815701    -20.08486455      1.34329088
4513  796       -21.05610974    -20.12953349      1.32828343
4514  796       -21.07787634    -20.15946811      1.29997587
4515  796       -21.10594686    -20.15995413      1.28078653
4516  796       -21.12526179    -20.14054614      1.26645804
4517  796       -21.13513981    -20.09599937      1.26616080
4518  796       -21.14210227    -20.05705679      1.28974098
4519  796       -21.16067671    -20.04743716      1.32530049
4520  796       -21.19626035    -20.04809537      1.35540221
4521  796       -21.24827875    -20.03016151      1.38683101
4522  796       -21.31598211    -19.99097781      1.41758703
4523  796       -21.37819391    -19.96567484      1.44409106
4524  796       -21.41582176    -19.94407746      1.45657239
4525  796       -21.42537677    -19.93427212      1.46459682
4526  796       -21.41464903    -19.93206174      1.45910895
4527  796       -21.37497581    -19.91534205      1.42600291
4528  796       -21.35717977    -19.88832210      1.37105751
4529  796       -21.39683553    -19.87210914      1.29228761
4530  796       -21.46768976    -19.85449797      1.20038425
4531  796       -21.51027901    -19.82135642      1.11813140
4532  796       -21.49469689    -19.76712769      1.04396286
4533  796       -21.45426036    -19.69740067      0.99383557
4534  796       -21.42815559    -19.63223721      0.96666610
4535  796       -21.42002166    -19.56818292      0.93532409
4536  796       -21.40096579    -19.49505140      0.89322292
4537  796       -21.36396627    -19.41543644      0.85038076
4538  796       -21.31953271    -19.36152088      0.81116277
4539  796       -21.28107904    -19.35595443      0.79102039
4540  796       -21.24566523    -19.39715720      0.75893422
4541  796       -21.22233546    -19.45401446      0.71370685
4542  796       -21.22497945    -19.50227378      0.68333666
4543  796       -21.26404907    -19.53765084      0.66525613
4544  796       -21.31777077    -19.56990327      0.63806009
4545  796       -21.34772014    -19.59813079      0.58882136
4546  796       -21.34069531    -19.62418017      0.52000051
4547  796       -21.30071494    -19.64487143      0.44048120
4548  796       -21.26135731    -19.64243097      0.36252105
4549  796       -21.23781515    -19.63762537      0.28740044
4550  796       -21.24097604    -19.65018772      0.21616400
4551  796       -21.23317460    -19.68594272      0.13338121
4552  796       -21.18360081    -19.70414791      0.04686934
4553  796       -21.11936661    -19.67293693     -0.02694059
4554  796       -21.10266279    -19.62026049     -0.06341216
4555  796       -21.12788361    -19.59505191     -0.07846618
4556  796       -21.16124460    -19.58935348     -0.07149391
4557  796       -21.19076444    -19.58861711     -0.03485521
4558  796       -21.21414254    -19.60801657      0.03816837
4559  796       -21.23485037    -19.65730968      0.13253071
4560  796       -21.22793511    -19.71261457      0.22617270
4561  796       -21.19039306    -19.74323574      0.29387892
4562  796       -21.11687189    -19.75357679      0.34904964
4563  796       -21.04079504    -19.76186017      0.40673722
4564  796       -20.99310397    -19.75186262      0.46284472
4565  796       -20.98795642    -19.71076638      0.48318402
4566  796       -20.99835895    -19.63829223      0.45083259
4567  796       -20.98504218    -19.56154773      0.38060682
4568  796       -20.96635484    -19.50076291      0.31792915
4569  796       -20.95287178    -19.44331297      0.29475007
4570  796       -20.92795568    -19.38531605      0.29915040
4571  796       -20.88343249    -19.32646701      0.30157957
4572  796       -20.84297015    -19.26743178      0.29450234
4573  796       -20.81207093    -19.23072384      0.30463781
4574  796       -20.78576186    -19.23637300      0.32229294
4575  796       -20.77026027    -19.27589166      0.33643335
4576  796       -20.77668040    -19.29034325      0.34386184
4577  796       -20.79663154    -19.21581545      0.34835107
4578  796       -20.82976076    -19.09011284      0.35069325
4579  796       -20.86962801    -18.98646132      0.35016257
4580  796       -20.90377272    -18.94540528      0.35508456
4581  796       -20.93875834    -18.95525351      0.38571386
4582  796       -20.97536229    -18.98212031      0.42351386
4583  796       -21.00361222    -18.99145932      0.42370043
4584  796       -21.02442933    -18.96588064      0.38872476
4585  796       -21.05270742    -18.91555760      0.34874968
4586  796       -21.08696098    -18.86105698      0.31507118
4587  796       -21.11759166    -18.80386011      0.27932007
4588  796       -21.16268124    -18.74208111      0.24602994
4589  796       -21.22650826    -18.65975147      0.23699029
4590  796       -21.28410517    -18.55137419      0.24649223
4591  796       -21.30504369    -18.44487023      0.25529149
4592  796       -21.30821062    -18.36636909      0.23888671
4593  796       -21.31629185    -18.33280847      0.20899056
4594  796       -21.32878387    -18.32137033      0.19691637
4595  796       -21.35356751    -18.32318773      0.18873756
4596  796       -21.39504215    -18.32309868      0.15181958
4597  796       -21.44075708    -18.30119147      0.09590815
4598  796       -21.48866753    -18.25123272      0.03797590
4599  796       -21.52775179    -18.18395140     -0.01744707
4600  796       -21.55576677    -18.11720559     -0.05971614
4601  796       -21.57050930    -18.05125496     -0.08262263
4602  796       -21.55414798    -17.99838463     -0.08025425
4603  796       -21.51890621    -17.96299095     -0.06623800
4604  796       -21.47975447    -17.93906063     -0.04378771
4605  796       -21.44663999    -17.90536146     -0.00432740
4606  796       -21.42355038    -17.86742043      0.05732871
4607  796       -21.42293553    -17.82026205      0.13238464
4608  796       -21.43970746    -17.76728557      0.21437621
4609  796       -21.44628118    -17.71142503      0.29849753
4610  796       -21.44522017    -17.70232582      0.37297623
4611  796       -21.44517015    -17.75661319      0.41916014
4612  796       -21.43533337    -17.84011233      0.41650621
4613  796       -21.41719644    -17.91390289      0.38316539
4614  796       -21.40145749    -17.95136563      0.33296129
4615  796       -21.39838791    -17.97523523      0.28388795
4616  796       -21.41122739    -17.99193403      0.25084268
4617  796       -21.42675807    -18.01419840      0.23529375
4618  796       -21.45206470    -18.04050832      0.21973346
4619  796       -21.48443269    -18.06725268      0.21109049
4620  796       -21.50579099    -18.10414808      0.21853483
4621  796       -21.49801147    -18.14675951      0.24720625
4622  796       -21.45492141    -18.19627600      0.28721234
4623  796       -21.40181275    -18.24821191      0.33462997
4624  796       -21.36418900    -18.30241594      0.39270331
4625  796       -21.35210704    -18.36402871      0.43323958
4626  796       -21.36881045    -18.41536850      0.44324661
4627  796       -21.40407657    -18.44810128      0.42666118
4628  796       -21.44595908    -18.47244702      0.39401862
4629  796       -21.50136929    -18.48608576      0.35501576
4630  796       -21.56472151    -18.52283157      0.30790063
4631  796       -21.64314580    -18.57230852      0.28041805
4632  796       -21.71194157    -18.61581134      0.26853543
4633  796       -21.76894352    -18.64035167      0.27358680
4634  796       -21.81073828    -18.66945340      0.26069096
4635  796       -21.84798069    -18.70647338      0.24033168
4636  796       -21.88123110    -18.75296804      0.21900490
4637  796       -21.93170570    -18.79114055      0.22272588
4638  796       -21.99654565    -18.79339398      0.24228801
4639  796       -22.05932857    -18.76156035      0.24477241
4640  796       -22.10893222    -18.72009167      0.23396103
4641  796       -22.14390607    -18.70676967      0.23958925
4642  796       -22.15555421    -18.73831250      0.30043712
4643  796       -22.15952151    -18.79998021      0.39336201
4644  796       -22.16060427    -18.84967465      0.47681573
4645  796       -22.15701118    -18.87456074      0.51910781
4646  796       -22.15620373    -18.86371742      0.52842078
4647  796       -22.18610609    -18.83511957      0.52798654
4648  796       -22.24937879    -18.80792391      0.53818997
4649  796       -22.30402888    -18.81762937      0.54839096
4650  796       -22.33081503    -18.88006394      0.55801330
4651  796       -22.35082359    -18.95367099      0.57785484
4652  796       -22.39123896    -19.01087737      0.63148078
4653  796       -22.43910645    -19.06400397      0.71094803
4654  796       -22.48015528    -19.14920199      0.79185649
4655  796       -22.50734102    -19.23479659      0.87521127
4656  796       -22.52789636    -19.28821159      0.94428425
4657  796       -22.52923982    -19.29538790      0.98941677
4658  796       -22.49992518    -19.29535480      1.02719269
4659  796       -22.46210076    -19.32187911      1.09601533
4660  796       -22.43894187    -19.35594667      1.20640362
4661  796       -22.43266715    -19.36320655      1.33589507
4662  796       -22.41723418    -19.34059196      1.45515033
4663  796       -22.40426173    -19.31928489      1.53490598
4664  796       -22.40655775    -19.30785688      1.57268417
4665  796       -22.42929500    -19.30151710      1.58758617
4666  796       -22.45123317    -19.28432961      1.59433622
4667  796       -22.46650892    -19.25076012      1.60504643
4668  796       -22.47255734    -19.19834053      1.64090268
4669  796       -22.46519469    -19.14636442      1.67632222
4670  796       -22.43800863    -19.10394794      1.70989069
4671  796       -22.39498885    -19.06834944      1.75940433
4672  796       -22.37025235    -19.03379591      1.82288996
4673  796       -22.36373952    -18.99374461      1.88057894
4674  796       -22.33620017    -18.95789788      1.91981746
4675  796       -22.28339269    -18.96610867      1.90864064
4676  796       -22.23841661    -19.00408484      1.87890676
4677  796       -22.22352402    -19.03680559      1.88805673
4678  796       -22.22561598    -19.07431264      1.90840328
4679  796       -22.23090830    -19.14253516      1.89039192
4680  796       -22.23177701    -19.18927024      1.86211064
4681  796       -22.24929994    -19.15893342      1.84861191
4682  796       -22.23551548    -19.09259557      1.82632822
4683  796       -22.22435048    -18.97686153      1.79531496
4684  796       -22.22463008    -18.84990984      1.79341329
4685  796       -22.24941657    -18.77766870      1.75311251
4686  796       -22.28127922    -18.72484945      1.73285672
4687  796       -22.32193587    -18.72823070      1.69344289
4688  796       -22.35069948    -18.74381581      1.64039994
4689  796       -22.35214472    -18.73396412      1.58870737
4690  796       -22.35017059    -18.71446579      1.53117798
4691  793       -20.42402695    -19.95967110      0.60807128
4692  793       -20.32112907    -19.93954060      0.62477797
4693  793       -20.24821258    -19.92662325      0.62537123
4694  793       -20.20014365    -19.92771452      0.61749656
4695  793       -20.15240674    -19.93191944      0.60044194
4696  793       -20.10906954    -19.91558445      0.56676983
4697  793       -20.09125419    -19.88452605      0.52238243
4698  793       -20.07303708    -19.85336642      0.47743379
4699  793       -20.03462402    -19.83301028      0.42906635
4700  793       -19.97578301    -19.83096167      0.38633037
4701  793       -19.94570424    -19.85113109      0.35586697
4702  793       -19.96855006    -19.90323913      0.33694417
4703  793       -20.01373955    -19.96925999      0.32976584
4704  793       -20.05195926    -20.03678974      0.32550661
4705  793       -20.07039624    -20.07203938      0.30579788
4706  793       -20.06451513    -20.06241637      0.26401476
4707  793       -20.04463340    -20.01254453      0.21020589
4708  793       -20.03290801    -19.95304682      0.15296565
4709  793       -20.01360020    -19.91769500      0.10623970
4710  793       -20.00119445    -19.90973244      0.08493674
4711  793       -20.01674929    -19.93249772      0.08118701
4712  793       -20.09698251    -19.96446691      0.09778444
4713  793       -20.17850068    -19.99448747      0.09881968
4714  793       -20.20071668    -20.03491537      0.06870938
4715  796       -22.25541895    -19.17912382      1.28893717
4716  796       -22.28854871    -19.21613843      1.25871337
4717  796       -22.29687898    -19.26089175      1.22222579
4718  796       -22.32942901    -19.29731466      1.22547538
4719  796       -22.39288042    -19.31343238      1.24058629
4720  796       -22.45164916    -19.31308780      1.23659296
4721  796       -22.47128131    -19.31885527      1.21494659
4722  796       -22.45708465    -19.33242087      1.21193555
4723  796       -22.44947017    -19.35555679      1.23906882
4724  796       -22.44810749    -19.36614923      1.26054662
4725  796       -22.42413025    -19.36511245      1.25118695
4726  796       -22.38998707    -19.35968690      1.21448989
4727  796       -22.36895590    -19.36504863      1.18332702
4728  796       -22.36539378    -19.38562726      1.19072347
4729  796       -22.36051702    -19.40821406      1.21041590
4730  796       -22.34822289    -19.42696057      1.22253708
4731  796       -22.33552107    -19.44200206      1.23583295
4732  796       -22.33414174    -19.44926212      1.27081312
4733  796       -22.33682550    -19.44459267      1.31833462
4734  796       -22.32820433    -19.43738337      1.37034481
4735  796       -22.30141004    -19.44232121      1.41538168
4736  796       -22.26353122    -19.46538861      1.44311490
4737  796       -22.21977563    -19.48242346      1.45485739
4738  796       -22.18103204    -19.46589831      1.48105682
4739  796       -22.15114721    -19.40833866      1.53665185
4740  796       -22.13236135    -19.34561713      1.57933058
4741  796       -22.10991157    -19.31737612      1.56653079
4742  796       -22.08713186    -19.31624227      1.53250180
4743  796       -22.09233966    -19.29965876      1.52957636
4744  796       -22.11899898    -19.26012929      1.53999094
4745  796       -22.15153898    -19.22759649      1.53420829
4746  796       -22.17621715    -19.22339843      1.51701082
4747  796       -22.18943464    -19.25001280      1.49678346
4748  796       -22.19272264    -19.30099684      1.47273481
4749  796       -22.18745704    -19.34828374      1.46322141
4750  796       -22.18601189    -19.37273333      1.47330331
4751  796       -22.20626298    -19.36969012      1.48487165
4752  796       -22.23748834    -19.35411349      1.48284544
4753  796       -22.25221948    -19.32404735      1.47343558
4754  796       -22.25390762    -19.26320277      1.48022851
4755  796       -22.26175303    -19.18592179      1.50529235
4756  796       -22.27819630    -19.11789136      1.54030741
4757  796       -22.30186210    -19.05873646      1.56329975
4758  796       -22.32660680    -18.99722220      1.57364622
4759  796       -22.34424874    -18.95836882      1.55880761
4760  796       -22.34407997    -18.96338626      1.51645922
4761  796       -22.32937953    -18.99758163      1.47376195
4762  796       -22.30160204    -19.03524235      1.46951981
4763  796       -22.27187913    -19.06084340      1.51096919
4764  796       -22.25193194    -19.06455033      1.55677973
4765  796       -22.23540846    -19.04954058      1.57911675
4766  796       -22.21386424    -19.00760124      1.56606408
4767  796       -22.18270375    -18.92873237      1.53922398
4768  796       -22.15174207    -18.82437495      1.52896120
4769  796       -22.11693075    -18.71328847      1.53848156
4770  796       -22.07530759    -18.61996384      1.56186984
4771  796       -22.04203754    -18.54609501      1.58399859
4772  796       -22.02426174    -18.48702718      1.58883765
4773  796       -22.02550202    -18.42706724      1.56592157
4774  796       -22.04434805    -18.37432338      1.54366005
4775  796       -22.05963829    -18.34542534      1.54943125
4776  796       -22.06305773    -18.33150972      1.58932086
4777  796       -22.05734981    -18.30004469      1.63345822
4778  796       -22.02920889    -18.24888970      1.66142219
4779  796       -21.99196540    -18.22546441      1.67587029
4780  796       -21.96129784    -18.22448304      1.66713549
4781  796       -21.93711580    -18.20376206      1.63181194
4782  796       -21.91826710    -18.13760015      1.58664271
4783  796       -21.92471904    -18.06575257      1.55237139
4784  796       -21.94392223    -18.02316758      1.53380156
4785  796       -21.96986115    -18.02294516      1.54216897
4786  796       -21.98585227    -18.03831256      1.58050381
4787  796       -21.98356088    -18.04799853      1.63526026
4788  796       -21.96090239    -18.05731362      1.67606676
4789  796       -21.92482064    -18.06079440      1.66741280
4790  796       -21.89520938    -18.04969920      1.61892130
4791  796       -21.86559289    -18.03105431      1.55808938
4792  796       -21.83667506    -18.02295215      1.49102648
4793  796       -21.80991309    -18.02645890      1.40644091
4794  796       -21.79945749    -18.04321427      1.30871061
4795  796       -21.81050048    -18.06795828      1.21528166
4796  796       -21.82986299    -18.10165209      1.15083945
4797  796       -21.83867499    -18.12535588      1.11725435
4798  796       -21.84256878    -18.14254693      1.10656924
4799  796       -21.84643017    -18.15642410      1.11353411
4800  796       -21.83447659    -18.16418526      1.14825385
4801  796       -21.79456532    -18.17407790      1.20288245
4802  796       -21.73367970    -18.20476189      1.25233025
4803  796       -21.66875798    -18.26123124      1.28794217
4804  796       -21.63900241    -18.34659126      1.29455971
4805  796       -21.63554402    -18.45117919      1.28864561
4806  796       -21.61910964    -18.55453316      1.27143467
4807  796       -21.59675577    -18.63317815      1.25470323
4808  796       -21.58777931    -18.69320053      1.24243214
4809  796       -21.58963869    -18.73927728      1.24338719
4810  796       -21.60013576    -18.76101883      1.25366581
4811  796       -21.61377881    -18.77300913      1.28028455
4812  796       -21.62367992    -18.80143039      1.32067070
4813  796       -21.62537490    -18.84846207      1.35399563
4814  796       -21.62506554    -18.91613911      1.35785806
4815  796       -21.62877740    -18.98977062      1.34766154
4816  796       -21.62782879    -19.05537654      1.34872221
4817  796       -21.60795642    -19.09487505      1.36370714
4818  796       -21.58274733    -19.11006084      1.35988960
4819  796       -21.54934214    -19.11126779      1.33584861
4820  796       -21.51044269    -19.11864319      1.30189639
4821  796       -21.47924436    -19.13046114      1.25796457
4822  796       -21.44897192    -19.12221512      1.20420344
4823  796       -21.42071982    -19.08570327      1.14435265
4824  796       -21.39635514    -19.04513111      1.10268827
4825  796       -21.37679081    -19.02557003      1.07386462
4826  796       -21.37586720    -19.00889005      1.05140911
4827  796       -21.38929402    -18.98901111      1.02295353
4828  796       -21.38478085    -18.94367093      0.99692232
4829  796       -21.37450006    -18.86959086      0.98742487
4830  796       -21.37409385    -18.78140459      0.98732295
4831  796       -21.37727702    -18.69948544      1.01343126
4832  796       -21.37583636    -18.62347011      1.06074691
4833  796       -21.37437539    -18.54792851      1.10824140
4834  796       -21.37529221    -18.48309004      1.13724126
4835  796       -21.37918794    -18.42262369      1.16427949
4836  796       -21.37589934    -18.36432964      1.17878604
4837  796       -21.36194200    -18.32191964      1.16912192
4838  796       -21.35327981    -18.29863127      1.13201831
4839  796       -21.35477937    -18.28967527      1.07368815
4840  796       -21.35343825    -18.29284045      1.01723683
4841  796       -21.31175076    -18.31734593      0.99140866
4842  796       -21.25567614    -18.35218585      0.98282200
4843  796       -21.20008832    -18.37955259      0.96758855
4844  796       -21.17010910    -18.38935832      0.98345450
4845  796       -21.15633094    -18.37590572      1.04345436
4846  796       -21.13787099    -18.34594254      1.13243465
4847  796       -21.12186229    -18.30918865      1.22166049
4848  796       -21.11968120    -18.29011903      1.29839911
4849  796       -21.13585712    -18.26993256      1.35632123
4850  796       -21.16176812    -18.24648715      1.38419773
4851  796       -21.17287842    -18.22742977      1.37386929
4852  796       -21.17044364    -18.24173244      1.34232776
4853  796       -21.16678659    -18.30212299      1.33024960
4854  796       -21.19846718    -18.37490751      1.31093965
4855  796       -21.23114225    -18.39971425      1.25639373
4856  796       -21.24298728    -18.38356341      1.17506798
4857  796       -21.26551305    -18.35140903      1.10262668
4858  796       -21.33093135    -18.31774376      1.07401653
4859  796       -21.43893860    -18.31558226      1.07420651
4860  796       -21.54433671    -18.33166370      1.06109477
4861  796       -21.59935145    -18.36443295      1.02226441
4862  796       -21.59393680    -18.41108304      0.96920617
4863  796       -21.56880743    -18.47677572      0.92087683
4864  796       -21.57168213    -18.55018988      0.88350750
4865  796       -21.59368296    -18.61137088      0.88215411
4866  796       -21.61248897    -18.63854897      0.89149674
4867  796       -21.64019231    -18.64077607      0.91758593
4868  796       -21.66580076    -18.64489069      0.96358758
4869  796       -21.67445348    -18.65489850      1.00553646
4870  796       -21.66713160    -18.65406338      1.03908448
4871  796       -21.65660153    -18.63582341      1.04554146
4872  796       -21.65580201    -18.61361414      1.02869562
4873  796       -21.67638043    -18.59574613      1.00735876
4874  796       -21.71623363    -18.59631023      0.99827202
4875  796       -21.75397853    -18.60286900      1.00168150
4876  796       -21.79409332    -18.60604334      1.00644705
4877  796       -21.83876375    -18.59466374      1.01103918
4878  796       -21.87488972    -18.58205088      1.00817201
4879  796       -21.88155081    -18.57492361      0.99263827
4880  796       -21.86520819    -18.57570811      0.96983681
4881  796       -21.84123729    -18.58758665      0.95519133
4882  796       -21.81003809    -18.61784379      0.96046994
4883  796       -21.76798780    -18.68124834      0.99542285
4884  796       -21.73639254    -18.76322677      1.04848752
4885  796       -21.72643342    -18.84231502      1.09998586
4886  796       -21.72398209    -18.86560505      1.11704416
4887  796       -21.70591070    -18.81782349      1.09814368
4888  796       -21.66327183    -18.71796386      1.07475466
4889  796       -21.59840825    -18.60771996      1.04661891
4890  796       -21.54809226    -18.53001095      1.01895084
4891  796       -21.54010313    -18.52936784      1.00639138
4892  796       -21.57102998    -18.59247062      1.02164635
4893  796       -21.61066169    -18.66460599      1.06193193
4894  796       -21.63448265    -18.69619593      1.10370354
4895  796       -21.63858309    -18.65516937      1.12159159
4896  796       -21.61349056    -18.56851628      1.11345579
4897  796       -21.57710002    -18.47691929      1.09218855
4898  796       -21.54660572    -18.41421272      1.08079056
4899  796       -21.53224588    -18.37941972      1.08926638
4900  796       -21.53595050    -18.38016978      1.11692567
4901  796       -21.53844490    -18.40906131      1.14467202
4902  796       -21.53323135    -18.46643063      1.15572799
4903  796       -21.52186747    -18.54220899      1.16113292
4904  796       -21.49890402    -18.61904898      1.15907057
4905  796       -21.45420467    -18.66748806      1.13255954
4906  796       -21.39518077    -18.67354257      1.08764486
4907  796       -21.34521446    -18.66610100      1.05251583
4908  796       -21.31738164    -18.65634488      1.03674308
4909  796       -21.32027986    -18.66273877      1.01640563
4910  796       -21.33572549    -18.65873345      0.99217003
4911  796       -21.34363715    -18.64238191      1.00144996
4912  796       -21.32697544    -18.59691008      1.03530093
4913  796       -21.30000281    -18.53956383      1.06266641
4914  796       -21.28331274    -18.50518094      1.07898329
4915  796       -21.28672802    -18.50929956      1.10026916
4916  796       -21.31687764    -18.54465891      1.12124898
4917  796       -21.35056361    -18.58181052      1.14154068
4918  796       -21.36658319    -18.57916400      1.17303959
4919  796       -21.36468883    -18.55314202      1.16683479
4920  796       -21.33019093    -18.54930994      1.15125432
4921  796       -21.27398995    -18.54927658      1.13758798
4922  796       -21.24481954    -18.55368289      1.12837789
4923  796       -21.25465221    -18.55498037      1.14739091
4924  796       -21.27434728    -18.56380533      1.17319490
4925  796       -21.28214382    -18.59906500      1.20450322
4926  796       -21.28932944    -18.64526080      1.25008851
4927  796       -21.31364948    -18.66800110      1.32625914
4928  796       -21.34846557    -18.65688882      1.43826415
4929  796       -21.34829200    -18.62031622      1.55574292
4930  796       -21.29718740    -18.56863514      1.64398387
4931  796       -21.23696351    -18.52564756      1.68448541
4932  796       -21.22373055    -18.51130376      1.70501538
4933  796       -21.24253821    -18.52994657      1.72191335
4934  796       -21.25224969    -18.55689620      1.72070202
4935  796       -21.23866008    -18.55124213      1.71048838
4936  796       -21.22252826    -18.48157821      1.72013198
4937  796       -21.22247909    -18.38729058      1.73858394
4938  796       -21.21347992    -18.32262245      1.74737969
4939  796       -21.19426115    -18.28072421      1.73963057
4940  796       -21.17280341    -18.23681596      1.75270424
4941  796       -21.15663868    -18.19914706      1.78072618
4942  796       -21.14626760    -18.17059167      1.79106242
4943  796       -21.15879807    -18.14746709      1.78242483
4944  796       -21.19285709    -18.11794407      1.77475042
4945  796       -21.24234388    -18.09122413      1.76202540
4946  796       -21.29292989    -18.07484984      1.74080317
4947  796       -21.32933743    -18.05989465      1.70099244
4948  796       -21.34113071    -18.02641335      1.65839214
4949  796       -21.32931593    -17.96635094      1.62236026
4950  796       -21.31169255    -17.89344031      1.59168230
4951  796       -21.28782326    -17.84134312      1.55391839
4952  796       -21.24513789    -17.83504201      1.50624984
4953  796       -21.16599428    -17.86175258      1.45679380
4954  796       -21.07059754    -17.87820094      1.40560782
4955  796       -20.98124833    -17.84720338      1.34767946
4956  796       -20.92778705    -17.78770713      1.29229560
4957  796       -20.92060082    -17.71855199      1.26282231
4958  796       -20.94711900    -17.66667520      1.25745848
4959  796       -20.99582632    -17.64473476      1.25895819
4960  796       -21.05195224    -17.64517899      1.25406025
4961  796       -21.12157139    -17.65429710      1.24033059
4962  796       -21.20330878    -17.68027071      1.24395300
4963  796       -21.27253699    -17.71643275      1.25203180
4964  796       -21.28420850    -17.74512077      1.26271114
4965  796       -21.24238841    -17.75380213      1.27452733
4966  796       -21.19450843    -17.74262060      1.28736702
4967  796       -21.17760617    -17.73461915      1.28217168
4968  796       -21.18495633    -17.74489899      1.24402514
4969  796       -21.21759288    -17.78602897      1.18354318
4970  796       -21.27440043    -17.83836116      1.11900197
4971  796       -21.32485753    -17.87388955      1.06313536
4972  796       -21.33629259    -17.86552003      1.00693728
4973  796       -21.31546135    -17.83110307      0.95492459
4974  796       -21.27951686    -17.79934901      0.92975987
4975  796       -21.23260332    -17.75947676      0.92071798
4976  796       -21.20604861    -17.72545909      0.92837084
4977  796       -21.20890341    -17.73800695      0.96122916
4978  796       -21.26385012    -17.78812996      0.98756113
4979  796       -21.37016330    -17.84216827      0.99327026
4980  796       -21.49539279    -17.86954789      0.98733403
4981  796       -21.57308190    -17.86580377      0.99756887
4982  796       -21.57843539    -17.83635315      1.03385908
4983  796       -21.55061812    -17.77940526      1.08769237
4984  796       -21.52905720    -17.71523350      1.14546364
4985  796       -21.51609472    -17.65206105      1.18007225
4986  796       -21.49524220    -17.59459449      1.19657671
4987  796       -21.47271711    -17.54486570      1.20038844
4988  796       -21.46242811    -17.52368355      1.20289471
4989  796       -21.48073725    -17.52686372      1.21813574
4990  796       -21.49951988    -17.55003753      1.24589914
4991  796       -21.49311425    -17.59338158      1.27167322
4992  796       -21.46639642    -17.63325702      1.28743348
4993  796       -21.44003629    -17.62756531      1.29191608
4994  796       -21.41537962    -17.57293791      1.28568599
4995  796       -21.39021983    -17.50673272      1.29602274
4996  796       -21.38081382    -17.45710762      1.30708845
4997  796       -21.40941059    -17.43029117      1.30173357
4998  796       -21.47984105    -17.42929556      1.28515607
4999  796       -21.55955181    -17.42654973      1.27959457
5000  796       -21.61434336    -17.40190062      1.27980169
