0     616        -3.41480298     -4.71307942     -0.67535109
1     616        -3.47113990     -4.73136687     -0.69114565
2     616        -3.50684369     -4.75965843     -0.70402679
3     616        -3.51567027     -4.78386347     -0.68947146
4     616        -3.51836669     -4.80388851     -0.65403815
5     616        -3.50145632     -4.82045280     -0.60545725
6     616        -3.44399343     -4.83277309     -0.55121887
7     616        -3.35635263     -4.83417726     -0.48314831
8     616        -3.26691118     -4.82786903     -0.41133875
9     616        -3.20303225     -4.81964360     -0.34305147
10    616        -3.15714885     -4.82417736     -0.30682145
11    616        -3.14217405     -4.83461468     -0.31431164
12    616        -3.15553571     -4.83011699     -0.33331854
13    616        -3.18611252     -4.82086542     -0.33812457
14    616        -3.19928736     -4.83305856     -0.33132083
15    616        -3.17087585     -4.86875695     -0.32773577
16    616        -3.09944585     -4.89644546     -0.32028267
17    616        -3.00422634     -4.89188354     -0.30286254
18    616        -2.90997737     -4.87308916     -0.27869568
19    616        -2.83896180     -4.84592566     -0.26823560
20    616        -2.81171363     -4.80659192     -0.28261501
21    616        -2.82244346     -4.75940281     -0.30525282
22    616        -2.83672664     -4.72302776     -0.32003920
23    616        -2.82332269     -4.72083629     -0.33867974
24    616        -2.80126988     -4.74586513     -0.37180396
25    616        -2.78560544     -4.78539465     -0.40173798
26    616        -2.78882124     -4.82171549     -0.43466895
27    616        -2.80314497     -4.85070947     -0.47941153
28    616        -2.81925160     -4.87267804     -0.54250932
29    616        -2.83695533     -4.89378664     -0.60538149
30    616        -2.86150318     -4.89521788     -0.65108337
31    616        -2.90589797     -4.88045137     -0.68271678
32    616        -2.95936457     -4.86273427     -0.70717171
33    616        -3.01361035     -4.85230416     -0.71585995
34    616        -3.03165498     -4.85454905     -0.70668973
35    616        -2.99931305     -4.88350017     -0.69645761
36    616        -2.92597220     -4.94220057     -0.70596344
37    616        -2.83378934     -5.00197194     -0.73303175
38    616        -2.74194934     -5.05435937     -0.75887472
39    616        -2.66933522     -5.09301680     -0.76290196
40    616        -2.62367709     -5.12247538     -0.75792689
41    616        -2.61022855     -5.14242529     -0.75784730
42    616        -2.63740365     -5.16683103     -0.75625551
43    616        -2.68807534     -5.20610216     -0.74490578
44    616        -2.74832805     -5.26677361     -0.72627291
45    616        -2.79875191     -5.32647708     -0.70690391
46    616        -2.83330663     -5.38135846     -0.68498574
47    616        -2.83059407     -5.42354358     -0.67310183
48    616        -2.78060100     -5.46073409     -0.67883976
49    616        -2.69963547     -5.49375254     -0.69150231
50    616        -2.62792092     -5.50807214     -0.69647532
51    616        -2.59715796     -5.50244374     -0.69801575
52    616        -2.61344607     -5.47317206     -0.68998731
53    616        -2.66571811     -5.43206113     -0.66963090
54    616        -2.70799213     -5.38003299     -0.62999239
55    616        -2.73126344     -5.32047087     -0.58200482
56    616        -2.77706009     -5.26900754     -0.54475971
57    616        -2.86065266     -5.26861964     -0.52186908
58    616        -2.90838073     -5.32553148     -0.51097443
59    616        -2.87276937     -5.41175663     -0.51329296
60    616        -2.79200165     -5.48750078     -0.53738673
61    616        -2.72130673     -5.50992682     -0.55862052
62    616        -2.70026199     -5.50308125     -0.58051366
63    616        -2.72516704     -5.49603975     -0.59596945
64    616        -2.78698958     -5.49522737     -0.59921097
65    616        -2.87325042     -5.45728886     -0.59155190
66    616        -2.95232715     -5.36998462     -0.58003117
67    616        -2.98650165     -5.26648773     -0.55962053
68    616        -2.97362815     -5.16564570     -0.53300681
69    616        -2.94999581     -5.06060054     -0.51886496
70    616        -2.95111394     -4.94880361     -0.50769537
71    616        -2.98944026     -4.87223397     -0.49915469
72    616        -3.03991102     -4.82020078     -0.49549135
73    616        -3.07979859     -4.79162050     -0.50326853
74    616        -3.11043714     -4.78627789     -0.49451534
75    616        -3.13466679     -4.80755422     -0.46490693
76    616        -3.16948158     -4.84964635     -0.44048062
77    616        -3.20361557     -4.87580090     -0.44064979
78    616        -3.20887634     -4.86290068     -0.45762467
79    616        -3.18042158     -4.82000286     -0.45806946
80    616        -3.14200923     -4.77638983     -0.43848815
81    616        -3.12771657     -4.74472214     -0.41529270
82    616        -3.14372442     -4.73108216     -0.39787976
83    616        -3.16677977     -4.73452966     -0.38320140
84    616        -3.17940002     -4.74991459     -0.36640124
85    616        -3.16958025     -4.76803891     -0.36544126
86    616        -3.13606337     -4.79757786     -0.38429322
87    616        -3.09993457     -4.80733952     -0.39680151
88    616        -3.07406582     -4.78466464     -0.38636780
89    616        -3.06406240     -4.74226417     -0.34849972
90    616        -3.07375288     -4.69975122     -0.27544496
91    616        -3.10442438     -4.67361467     -0.16909190
92    616        -3.13820594     -4.67640399     -0.06118197
93    616        -3.16232042     -4.71841082     -0.00535040
94    616        -3.16713678     -4.78966944     -0.00427372
95    616        -3.15415146     -4.86621500     -0.01554564
96    616        -3.12233842     -4.90865966     -0.02848060
97    616        -3.08262082     -4.90939258     -0.03798993
98    616        -3.05869243     -4.89398656     -0.04776625
99    616        -3.06658778     -4.89742863     -0.06112286
100   616        -3.08105947     -4.91961764     -0.07538638
101   616        -3.07990701     -4.94684812     -0.08969875
102   616        -3.04739563     -4.97781923     -0.10262146
103   616        -2.99972069     -5.01552334     -0.11358135
104   616        -2.95838068     -5.03875620     -0.11610671
105   616        -2.93508826     -5.02037719     -0.11410128
106   616        -2.93149229     -4.98997354     -0.11074314
107   616        -2.92792780     -4.98331022     -0.10863181
108   616        -2.91891847     -4.98879295     -0.11690469
109   616        -2.90217342     -4.98957321     -0.12847250
110   616        -2.88623947     -4.98507062     -0.15035231
111   616        -2.89260556     -4.99760710     -0.16493357
112   616        -2.91580573     -5.02392710     -0.16480380
113   616        -2.92777599     -5.05822513     -0.14840427
114   616        -2.89353381     -5.07592177     -0.12888513
115   616        -2.81528437     -5.07599449     -0.10479443
116   616        -2.73545914     -5.06551987     -0.07480978
117   616        -2.66718425     -5.07375656     -0.03938183
118   616        -2.60228674     -5.10046094     -0.00701985
119   616        -2.54177955     -5.10816103      0.02463347
120   616        -2.49910146     -5.11025013      0.05729270
121   616        -2.47935394     -5.11533881      0.09497654
122   616        -2.49118292     -5.10354463      0.14029699
123   616        -2.51284393     -5.07134022      0.18498829
124   616        -2.54268717     -5.04147949      0.22064674
125   616        -2.59792629     -5.00701749      0.24751861
126   616        -2.66626794     -4.95738477      0.26381216
127   616        -2.71223243     -4.89278727      0.27033640
128   616        -2.70175490     -4.81654236      0.27572558
129   616        -2.66038963     -4.73720044      0.27518034
130   616        -2.61482166     -4.67163988      0.27175360
131   616        -2.58037532     -4.64349408      0.27559690
132   616        -2.54169800     -4.65681632      0.28402648
133   616        -2.51870376     -4.66792436      0.28920270
134   616        -2.52775157     -4.66402311      0.28385344
135   616        -2.56461114     -4.65025444      0.28098253
136   616        -2.60979441     -4.63319495      0.28851063
137   616        -2.63055746     -4.61891891      0.30832498
138   616        -2.63104381     -4.59434066      0.32511176
139   616        -2.61883923     -4.55044686      0.32653822
140   616        -2.61738170     -4.48782762      0.30920835
141   616        -2.63037758     -4.44669446      0.29251292
142   616        -2.65345785     -4.44576273      0.29767466
143   616        -2.68971137     -4.47195524      0.32791579
144   616        -2.76382171     -4.51570112      0.36167818
145   616        -2.85441834     -4.54768995      0.37546053
146   616        -2.92382501     -4.55215491      0.37851069
147   616        -2.95061779     -4.52725588      0.37815878
148   616        -2.95566063     -4.48672887      0.35772434
149   616        -2.95069475     -4.47427565      0.29265698
150   616        -2.95372177     -4.49673774      0.21002152
151   616        -2.96709544     -4.52741984      0.13768708
152   616        -2.98884826     -4.54388445      0.07739335
153   616        -3.02090497     -4.54596484      0.01735849
154   616        -3.05530619     -4.52994698     -0.04263971
155   616        -3.11110040     -4.49034119     -0.09106652
156   616        -3.18119975     -4.45523153     -0.11286168
157   616        -3.23109355     -4.44258942     -0.10115520
158   616        -3.23862988     -4.46299930     -0.06684708
159   616        -3.22421892     -4.49941141     -0.02399365
160   616        -3.19077908     -4.53702278      0.00219949
161   616        -3.13154211     -4.57319191      0.01275048
162   616        -3.05983813     -4.59791424      0.01001923
163   616        -2.99930401     -4.61346075     -0.00807697
164   616        -2.98413899     -4.60596091     -0.04902398
165   616        -3.00736573     -4.57702325     -0.10966104
166   616        -3.04910997     -4.53516740     -0.15315571
167   616        -3.07985578     -4.48389316     -0.15889388
168   616        -3.10128255     -4.42883539     -0.14817877
169   616        -3.12195139     -4.37914037     -0.13910998
170   616        -3.14473185     -4.35237350     -0.13495782
171   616        -3.12452564     -4.32420006     -0.11944410
172   616        -3.07328134     -4.30900683     -0.08035213
173   616        -3.05359889     -4.30900537     -0.03785537
174   616        -3.10503975     -4.30490830     -0.00637992
175   616        -3.19969113     -4.27906443      0.01974167
176   616        -3.28974915     -4.23963815      0.04033709
177   616        -3.34610323     -4.21099293      0.05502469
178   616        -3.36365666     -4.22289592      0.09457599
179   616        -3.34923044     -4.25897738      0.14899383
180   616        -3.32367158     -4.28761389      0.18567763
181   616        -3.30152886     -4.31325351      0.19390963
182   616        -3.28698132     -4.33176941      0.16810161
183   616        -3.29052326     -4.34518070      0.12552836
184   616        -3.31089443     -4.35532390      0.06501372
185   616        -3.35104465     -4.36160248     -0.00970170
186   616        -3.38027301     -4.35755915     -0.09745326
187   616        -3.38102269     -4.32212770     -0.18594490
188   616        -3.35150573     -4.25283571     -0.27926163
189   616        -3.30317417     -4.17382513     -0.36914077
190   616        -3.23117429     -4.11661996     -0.42951487
191   616        -3.15836695     -4.09883903     -0.45098143
192   616        -3.10951132     -4.11237429     -0.43001134
193   616        -3.10446398     -4.11511541     -0.41122985
194   616        -3.14008565     -4.09219071     -0.39836662
195   616        -3.18941777     -4.06522848     -0.39368221
196   616        -3.23797105     -4.05433198     -0.41075109
197   616        -3.26408609     -4.06069926     -0.47099621
198   616        -3.28336661     -4.05609433     -0.54245772
199   616        -3.31238235     -4.04928562     -0.58154279
200   616        -3.34398957     -4.03379339     -0.61345906
201   616        -3.35325151     -3.99865914     -0.65948256
202   616        -3.35208028     -3.93204718     -0.70618762
203   616        -3.35360197     -3.86266987     -0.71274586
204   616        -3.35730049     -3.80351938     -0.67541990
205   616        -3.36178015     -3.76206865     -0.61907548
206   616        -3.34316343     -3.75363943     -0.55647923
207   616        -3.30456534     -3.76659481     -0.48531292
208   616        -3.24950563     -3.75983134     -0.42831277
209   616        -3.20010298     -3.70899657     -0.40749549
210   616        -3.19336122     -3.64179000     -0.42210921
211   616        -3.23115829     -3.57395718     -0.46093801
212   616        -3.26984372     -3.50845378     -0.49098251
213   616        -3.29183911     -3.44857463     -0.48950949
214   616        -3.30583229     -3.40507079     -0.44813375
215   616        -3.31795049     -3.38536740     -0.38676668
216   616        -3.31263008     -3.38318261     -0.32439895
217   616        -3.28920356     -3.37436266     -0.24055357
218   616        -3.27189398     -3.37171769     -0.15948896
219   616        -3.27276626     -3.39831891     -0.10390225
220   616        -3.27416985     -3.43538496     -0.05252988
221   616        -3.26299247     -3.42820826      0.01803474
222   616        -3.23646139     -3.36675843      0.07541896
223   616        -3.20522380     -3.28182871      0.10134054
224   616        -3.18610714     -3.19036238      0.09798465
225   616        -3.17810837     -3.12099490      0.11326372
226   616        -3.16429225     -3.09306570      0.15079636
227   616        -3.14135792     -3.11777645      0.21189250
228   616        -3.12525493     -3.17858962      0.28727698
229   616        -3.12175833     -3.25348408      0.35103973
230   616        -3.13354142     -3.31206262      0.39132257
231   616        -3.14385766     -3.35210829      0.40416822
232   616        -3.14754500     -3.35220922      0.41637443
233   616        -3.14786299     -3.32251116      0.42685545
234   616        -3.13284822     -3.29277543      0.42458661
235   616        -3.09838963     -3.27387516      0.40446494
236   616        -3.05215917     -3.28234322      0.38577481
237   616        -2.99131213     -3.29720692      0.37866443
238   616        -2.91332431     -3.31936136      0.39329303
239   616        -2.82861119     -3.34695444      0.41595788
240   616        -2.74738325     -3.37638905      0.43022107
241   616        -2.68430928     -3.41459253      0.42690338
242   616        -2.63930644     -3.46846563      0.39474973
243   616        -2.60692657     -3.53296284      0.33015215
244   616        -2.58840747     -3.59203374      0.24333047
245   616        -2.57482698     -3.64026075      0.19730708
246   616        -2.54177349     -3.67863996      0.23887754
247   616        -2.50429032     -3.69190620      0.33771590
248   616        -2.47647688     -3.67234006      0.43263728
249   616        -2.46350946     -3.63677033      0.47837290
250   616        -2.47438495     -3.61575775      0.45742472
251   616        -2.49454806     -3.62544577      0.38564049
252   616        -2.48869586     -3.64063491      0.32119863
253   616        -2.44791972     -3.63041942      0.29449898
254   616        -2.38152012     -3.61326240      0.30110680
255   616        -2.31783963     -3.63650770      0.30084759
256   616        -2.28643782     -3.71755220      0.29933296
257   616        -2.26479593     -3.82981435      0.30824157
258   616        -2.22257515     -3.92623342      0.33008155
259   616        -2.18686383     -3.98768287      0.35503311
260   616        -2.18312341     -4.02254037      0.35718516
261   616        -2.20259949     -4.06459578      0.31292382
262   616        -2.21027777     -4.11703181      0.23070948
263   616        -2.19495635     -4.16264039      0.18259959
264   616        -2.18232740     -4.19265933      0.19967337
265   616        -2.17135413     -4.20972488      0.25442355
266   616        -2.15988557     -4.22102951      0.29207839
267   616        -2.15016120     -4.22553765      0.29106694
268   616        -2.13516585     -4.22332671      0.26801205
269   616        -2.12573575     -4.21654189      0.24500893
270   616        -2.11792607     -4.20640278      0.22562580
271   616        -2.11721214     -4.19526780      0.20110057
272   616        -2.12136978     -4.18930435      0.17134024
273   616        -2.12058536     -4.18773717      0.14603524
274   616        -2.11235404     -4.20611674      0.13288708
275   616        -2.09858822     -4.23190307      0.12461041
276   616        -2.07510940     -4.23828750      0.11917638
277   616        -2.02933942     -4.22545405      0.11594115
278   616        -1.96620966     -4.21714182      0.10540342
279   616        -1.90386289     -4.22631541      0.08744453
280   616        -1.85507182     -4.24713803      0.07765541
281   616        -1.80499481     -4.26733842      0.08832491
282   616        -1.75797789     -4.29400020      0.10290511
283   616        -1.72301294     -4.32696949      0.09580371
284   616        -1.69284719     -4.33820646      0.06845254
285   616        -1.66975445     -4.32703038      0.05153732
286   616        -1.64517699     -4.29930294      0.05234787
287   616        -1.62739126     -4.26123700      0.05614495
288   616        -1.62201445     -4.22042764      0.05158600
289   616        -1.62533967     -4.18437335      0.04276348
290   616        -1.61275429     -4.15422305      0.03663486
291   616        -1.58071466     -4.13983962      0.02884594
292   616        -1.53080183     -4.15400759      0.02944923
293   616        -1.47496824     -4.19047681      0.03088824
294   616        -1.43139264     -4.23570193      0.02348938
295   616        -1.40891377     -4.27324394      0.00398668
296   616        -1.39696561     -4.30495223     -0.00797751
297   616        -1.39128177     -4.32773021      0.00040325
298   616        -1.41839949     -4.34857802      0.01698793
299   616        -1.45564066     -4.36786605      0.04025979
300   616        -1.47781611     -4.40006951      0.07410733
301   616        -1.48200523     -4.43184629      0.12840812
302   616        -1.48087521     -4.45886790      0.21368072
303   616        -1.47816127     -4.47098465      0.31838662
304   616        -1.47272172     -4.46496908      0.41942926
305   616        -1.46326966     -4.46273910      0.48595212
306   616        -1.44736648     -4.47898837      0.52220567
307   616        -1.44459218     -4.51222836      0.55187871
308   616        -1.45392290     -4.54461675      0.58568223
309   616        -1.47517454     -4.55704161      0.61128192
310   616        -1.48457854     -4.54699725      0.62047346
311   616        -1.47053666     -4.54531968      0.62135585
312   616        -1.43488088     -4.54761779      0.63225378
313   616        -1.39284518     -4.53109047      0.67638911
314   616        -1.35885404     -4.50482877      0.76114281
315   616        -1.32772063     -4.46430999      0.83428842
316   616        -1.31455959     -4.43925127      0.85088866
317   616        -1.32629442     -4.44181442      0.82657479
318   616        -1.35510654     -4.44279254      0.80001513
319   616        -1.37660430     -4.42730572      0.81328573
320   616        -1.37818171     -4.40518518      0.84018438
321   616        -1.35999171     -4.41121774      0.87651816
322   616        -1.32622080     -4.43872465      0.88603194
323   616        -1.26801047     -4.43917876      0.86252155
324   616        -1.20581490     -4.39275919      0.82544240
325   616        -1.15286195     -4.32381683      0.80210557
326   616        -1.11089091     -4.26401982      0.79134445
327   616        -1.07080416     -4.22702828      0.78703665
328   616        -1.01759780     -4.20567818      0.80290149
329   616        -0.96834144     -4.19236021      0.83478346
330   616        -0.92850964     -4.18009086      0.89017180
331   616        -0.90114271     -4.18705876      0.94197617
332   616        -0.88693127     -4.22189209      0.98496064
333   616        -0.87593043     -4.26681226      1.00595768
334   616        -0.86240296     -4.27588871      1.01365938
335   616        -0.85669922     -4.22684003      1.00221758
336   616        -0.86484157     -4.15648418      0.95456412
337   616        -0.87441263     -4.09595559      0.86825089
338   616        -0.87713732     -4.04769385      0.77248578
339   616        -0.86984731     -3.99941562      0.71347276
340   616        -0.84558540     -3.95685433      0.67639697
341   616        -0.81544445     -3.92303744      0.65526675
342   616        -0.80164531     -3.88580332      0.62710236
343   616        -0.80067781     -3.84728585      0.60191792
344   616        -0.78619111     -3.81380150      0.57778870
345   616        -0.75006934     -3.79342869      0.57252334
346   616        -0.71632571     -3.77996119      0.58332787
347   616        -0.71057577     -3.76032409      0.58820954
348   616        -0.73686968     -3.73590249      0.56464128
349   616        -0.78932498     -3.70347665      0.51101560
350   616        -0.84116866     -3.68264781      0.45072624
351   616        -0.85636782     -3.67499717      0.38247776
352   616        -0.82811775     -3.65340927      0.33228095
353   616        -0.78504949     -3.60924039      0.30232769
354   616        -0.73515213     -3.54039427      0.29900091
355   616        -0.69366711     -3.47320905      0.30182770
356   616        -0.67090693     -3.41345398      0.28740569
357   616        -0.67001630     -3.36302679      0.25279128
358   616        -0.69655460     -3.31642146      0.21759174
359   616        -0.73552685     -3.27482429      0.19804997
360   616        -0.75993570     -3.25366260      0.19734917
361   616        -0.76477661     -3.26124115      0.22450453
362   616        -0.76451954     -3.28449138      0.25238775
363   616        -0.75011390     -3.28474827      0.28508480
364   616        -0.71302126     -3.25562951      0.32226342
365   616        -0.65854321     -3.18651405      0.35230308
366   616        -0.61242164     -3.09974415      0.36067283
367   616        -0.59406759     -3.02793496      0.34665955
368   616        -0.58976100     -2.98899820      0.31353625
369   616        -0.58402896     -2.98889336      0.26776473
370   616        -0.57158124     -3.00844365      0.22965100
371   616        -0.55876567     -3.04686283      0.20023223
372   616        -0.53848021     -3.08197759      0.17705241
373   616        -0.50107621     -3.09608321      0.15751474
374   616        -0.43869911     -3.08702994      0.15617446
375   616        -0.37708809     -3.07311677      0.17809539
376   616        -0.33139049     -3.05769915      0.20245630
377   616        -0.30304047     -3.04050846      0.20435465
378   616        -0.30133108     -3.00846814      0.17064815
379   616        -0.33195071     -2.96558044      0.12231572
380   616        -0.36852069     -2.93792242      0.08169546
381   616        -0.38026809     -2.93964761      0.05800614
382   616        -0.36524340     -2.95575442      0.05004622
383   616        -0.32926612     -2.96582135      0.05765290
384   616        -0.27586314     -2.96603348      0.08826113
385   616        -0.21665231     -2.95305706      0.15003976
386   616        -0.19111663     -2.93645656      0.21998799
387   616        -0.21392434     -2.90555229      0.26920178
388   616        -0.24474423     -2.86104705      0.27406641
389   616        -0.25999878     -2.80547346      0.26354538
390   616        -0.26821009     -2.75129349      0.26892655
391   616        -0.27021572     -2.72060787      0.27029522
392   616        -0.27229041     -2.70667628      0.24765244
393   616        -0.27576523     -2.66677816      0.22798522
394   616        -0.27707262     -2.58915606      0.22250617
395   616        -0.28007725     -2.50055525      0.20934807
396   616        -0.30845789     -2.40239480      0.18451415
397   616        -0.37082864     -2.30564908      0.17343518
398   616        -0.44075363     -2.22331531      0.18620309
399   616        -0.49554541     -2.18548493      0.21854774
400   616        -0.53840186     -2.17039647      0.25305894
401   616        -0.57557425     -2.14898174      0.28250741
402   616        -0.60424949     -2.11436398      0.32598167
403   616        -0.62574361     -2.07373936      0.37241973
404   616        -0.61565139     -2.02451691      0.40563553
405   616        -0.58717006     -1.98922519      0.43137422
406   616        -0.55320767     -2.00184884      0.45377703
407   616        -0.55660740     -2.03602661      0.45712097
408   616        -0.59883044     -2.05021083      0.44323773
409   616        -0.64640863     -2.03473339      0.44333376
410   616        -0.67902414     -2.02244520      0.45716025
411   616        -0.70786870     -2.02416532      0.46454132
412   616        -0.73040200     -2.00634935      0.47957273
413   616        -0.74098330     -1.95193154      0.51664133
414   616        -0.73472534     -1.89919521      0.56150598
415   616        -0.71417304     -1.86462197      0.62600224
416   616        -0.70575611     -1.86178823      0.69781231
417   616        -0.71082364     -1.90362441      0.76084090
418   616        -0.74488150     -1.99813614      0.80533561
419   616        -0.78483755     -2.09682046      0.83160816
420   616        -0.81120656     -2.14375804      0.83442312
421   616        -0.81730708     -2.13562438      0.81398613
422   616        -0.82063778     -2.08613430      0.75619488
423   616        -0.82695639     -2.02532858      0.68920335
424   616        -0.82473039     -1.98374079      0.63003366
425   616        -0.82536264     -1.96401594      0.59333659
426   616        -0.84989165     -1.94932748      0.58792171
427   616        -0.87838857     -1.93420968      0.60953003
428   616        -0.87676321     -1.92678421      0.64096266
429   616        -0.84248669     -1.91871393      0.64682385
430   616        -0.80147541     -1.91102430      0.63835308
431   616        -0.75310989     -1.88610384      0.62729170
432   616        -0.69976947     -1.82243222      0.61093843
433   616        -0.63407473     -1.72924246      0.58877768
434   616        -0.56534180     -1.64182157      0.54729455
435   616        -0.50001395     -1.58471263      0.49960795
436   616        -0.45949148     -1.57085393      0.43930167
437   616        -0.43036470     -1.58498521      0.37869715
438   616        -0.39357704     -1.60229218      0.35549421
439   616        -0.35004250     -1.61235916      0.37823366
440   616        -0.32012323     -1.63021982      0.40891008
441   616        -0.31823298     -1.65558842      0.39766018
442   616        -0.32514083     -1.64902162      0.33947395
443   616        -0.33013998     -1.59424270      0.25686778
444   616        -0.34124563     -1.53699346      0.18754301
445   616        -0.36418715     -1.53177843      0.12849706
446   616        -0.39340708     -1.58761323      0.08745869
447   616        -0.43740972     -1.65853900      0.06202315
448   616        -0.48712726     -1.71636272      0.02438614
449   616        -0.50856959     -1.73752395     -0.02899279
450   616        -0.48974938     -1.71258045     -0.07131090
451   616        -0.45107953     -1.66920029     -0.06896718
452   616        -0.42889735     -1.63914524     -0.04338675
453   616        -0.42032657     -1.64214792     -0.01381253
454   616        -0.42794925     -1.67729278      0.03340887
455   616        -0.46921173     -1.72833494      0.08939781
456   616        -0.55523175     -1.78565486      0.11065536
457   616        -0.66222623     -1.82868318      0.06439624
458   616        -0.74462653     -1.83758946     -0.01625937
459   616        -0.79771854     -1.82119470     -0.10108104
460   616        -0.84366327     -1.79607282     -0.19112155
461   616        -0.88205142     -1.76738899     -0.26602211
462   616        -0.89988552     -1.76050001     -0.29812844
463   616        -0.89058133     -1.78668399     -0.28832510
464   616        -0.86335521     -1.81643488     -0.25796175
465   616        -0.85557523     -1.84098283     -0.22251231
466   616        -0.84217734     -1.85208549     -0.20230901
467   616        -0.80338234     -1.84070578     -0.19354610
468   616        -0.76018112     -1.81345837     -0.20563647
469   616        -0.74499562     -1.76914455     -0.25528323
470   616        -0.74801144     -1.71463119     -0.30404473
471   616        -0.72931295     -1.65251706     -0.32029562
472   616        -0.69821963     -1.58298331     -0.29919586
473   616        -0.69811394     -1.52997742     -0.25890158
474   616        -0.74008608     -1.50631919     -0.19948236
475   616        -0.77554691     -1.49892536     -0.11170917
476   616        -0.77565832     -1.49032401     -0.00270212
477   616        -0.74957172     -1.47682630      0.10441490
478   616        -0.74354641     -1.45327749      0.18896422
479   616        -0.77856501     -1.41839118      0.25025930
480   616        -0.83877088     -1.38942236      0.28299388
481   616        -0.87533367     -1.38697181      0.29192256
482   616        -0.86233223     -1.39889950      0.30811208
483   616        -0.83154715     -1.42182255      0.36149680
484   616        -0.80628215     -1.46507860      0.44189502
485   616        -0.79337198     -1.50077647      0.49562453
486   616        -0.78595357     -1.49993837      0.51168966
487   616        -0.77573611     -1.46010083      0.50372542
488   616        -0.74953356     -1.41125293      0.48928975
489   616        -0.71059722     -1.38358253      0.46633316
490   616        -0.67591624     -1.39216278      0.43065541
491   616        -0.63703415     -1.42198867      0.39429339
492   616        -0.60018053     -1.46572512      0.36780348
493   616        -0.57873968     -1.51414984      0.36166267
494   616        -0.58787150     -1.54546931      0.36945903
495   616        -0.61849728     -1.53645448      0.37270715
496   616        -0.66367771     -1.47154454      0.37009801
497   616        -0.69221909     -1.37239057      0.39632294
498   616        -0.67217828     -1.28964367      0.45951729
499   616        -0.61745343     -1.25958457      0.52990402
500   616        -0.56440326     -1.27815777      0.59063821
501   616        -0.54597031     -1.31054329      0.63317243
502   616        -0.55327073     -1.33760921      0.64846753
503   616        -0.56485281     -1.35522849      0.64678936
504   616        -0.58380694     -1.35780086      0.65623774
505   616        -0.61797083     -1.36494088      0.67836378
506   616        -0.66874847     -1.38609715      0.69140150
507   616        -0.73971571     -1.40858600      0.68215412
508   616        -0.81252399     -1.41092573      0.66392764
509   616        -0.86864386     -1.40253942      0.65530365
510   616        -0.88809790     -1.39553735      0.65305605
511   616        -0.88280202     -1.39789794      0.66559152
512   616        -0.86301372     -1.40139099      0.68726085
513   616        -0.83460560     -1.38669829      0.71272377
514   616        -0.82104285     -1.35955673      0.72937300
515   616        -0.84316983     -1.35200168      0.71625446
516   616        -0.90678095     -1.37601408      0.68218713
517   616        -0.98402932     -1.40010851      0.63418034
518   616        -1.02642967     -1.42788346      0.62318148
519   616        -1.01682040     -1.45269289      0.66276287
520   616        -1.00417088     -1.45225740      0.69405960
521   616        -1.04228294     -1.41853211      0.68093938
522   616        -1.13505799     -1.35418866      0.65950485
523   616        -1.25700707     -1.27504090      0.64464715
524   616        -1.38202216     -1.18717908      0.61986946
525   616        -1.49975785     -1.09933503      0.60375439
526   616        -1.59824826     -1.01979568      0.64145304
527   616        -1.67891345     -0.92808660      0.70943105
528   616        -1.73491931     -0.83827816      0.77880256
529   616        -1.77731033     -0.81017588      0.84463496
530   616        -1.81064100     -0.85510624      0.90464876
531   616        -1.82597160     -0.90589132      0.95301411
532   616        -1.84187300     -0.92193672      0.97968537
533   616        -1.82966825     -0.93319778      0.98173856
534   616        -1.78950461     -0.93794679      0.95747425
535   616        -1.73463140     -0.93627099      0.91581741
536   616        -1.65025214     -0.94823655      0.85788426
537   616        -1.57446900     -0.93784177      0.77816473
538   616        -1.51883698     -0.91180386      0.68977068
539   616        -1.46218290     -0.90196790      0.60741438
540   616        -1.43319029     -0.91745244      0.53316809
541   616        -1.39830007     -0.91403514      0.47157287
542   616        -1.35555376     -0.86101567      0.43018461
543   616        -1.32573001     -0.79935990      0.38903323
544   616        -1.28315216     -0.75989526      0.35918496
545   616        -1.23510418     -0.73602046      0.33795766
546   616        -1.19501269     -0.70283058      0.32241841
547   616        -1.14621294     -0.65741379      0.28316064
548   616        -1.09906603     -0.61700374      0.22761458
549   616        -1.04834807     -0.56607801      0.15592694
550   829        -0.59246758      1.54046294      1.39229936
551   829        -0.63829681      1.59961131      1.35541123
552   829        -0.66926373      1.64472452      1.33813847
553   829        -0.68419210      1.71277892      1.34056863
554   829        -0.67990090      1.79941968      1.36364932
555   829        -0.65672729      1.89707850      1.39364785
556   829        -0.57092578      1.96460523      1.39942107
557   829        -0.42347947      1.96304196      1.36229777
558   829        -0.25348722      1.88471055      1.32087508
559   829        -0.12584640      1.78848468      1.28223239
560   829        -0.04077739      1.69158589      1.24488257
561   829         0.04027858      1.61705852      1.24346633
562   829         0.07828688      1.55354981      1.24704981
563   829         0.06677403      1.46359592      1.24114285
564   829         0.05832397      1.38440528      1.25430880
565   829         0.06583735      1.33718762      1.26780745
566   829         0.08393977      1.30832611      1.26999245
567   829         0.08260356      1.29365375      1.24583576
568   829         0.04101358      1.31929412      1.20120224
569   829        -0.03659441      1.34218048      1.14874911
570   829        -0.09951548      1.34545846      1.10487733
571   829        -0.10055124      1.36132412      1.06547448
572   829        -0.01567894      1.38028965      1.03448758
573   829         0.08102287      1.38580731      1.01195130
574   829         0.13574063      1.40678280      0.99378480
575   829         0.16766101      1.45679216      0.97450741
576   829         0.18727190      1.52660167      0.96642087
577   829         0.17775477      1.59782855      0.96058797
578   829         0.14300237      1.66593832      0.95089604
579   829         0.12923861      1.72761574      0.96131106
580   829         0.13309900      1.77385693      0.99287064
581   829         0.12860632      1.81751893      1.00725858
582   829         0.12973763      1.87134736      0.96695025
583   829         0.16365123      1.94625435      0.88273765
584   829         0.19214001      2.02381655      0.80084359
585   829         0.19709452      2.09565913      0.74419004
586   829         0.16622436      2.16402031      0.68700603
587   829         0.14387339      2.23189907      0.61746196
588   829         0.16287432      2.27969889      0.55107408
589   829         0.21165941      2.30117179      0.49056192
590   829         0.24729259      2.30249750      0.44254303
591   829         0.27030174      2.29321395      0.41832225
592   829         0.28551844      2.28976032      0.41581043
593   829         0.30563152      2.30951774      0.41578958
594   829         0.33341691      2.34762494      0.40990561
595   829         0.35005282      2.40021881      0.41104495
596   829         0.35457455      2.45451584      0.44017344
597   829         0.35912769      2.49771559      0.48154155
598   829         0.37468271      2.54002485      0.50302767
599   829         0.38353141      2.58376917      0.47944582
600   829         0.37539908      2.61903561      0.42374246
601   829         0.35276507      2.64127958      0.35490324
602   829         0.34201324      2.66160329      0.29717351
603   829         0.34001420      2.70561338      0.25597461
604   829         0.34622655      2.77890566      0.19764166
605   829         0.34669306      2.85695836      0.12326803
606   829         0.34629824      2.90051663      0.03805538
607   829         0.32679409      2.89736529     -0.04748156
608   829         0.28180412      2.87437131     -0.12998149
609   829         0.24188812      2.87145009     -0.20326091
610   829         0.20319483      2.88486449     -0.25255205
611   829         0.15379546      2.89821863     -0.28440814
612   829         0.08955352      2.91995245     -0.33150771
613   829         0.04542849      2.94169960     -0.40992491
614   829         0.03798315      2.94297253     -0.50558525
615   829         0.05753077      2.92081511     -0.60063358
616   829         0.08643942      2.89432330     -0.67706065
617   829         0.13460235      2.86573736     -0.72548833
618   829         0.19287192      2.82525960     -0.75235186
619   829         0.25595655      2.78432568     -0.78897755
620   829         0.29807477      2.74752689     -0.80302770
621   829         0.28931051      2.72516556     -0.78892552
622   829         0.24033335      2.71897682     -0.76824357
623   829         0.22336350      2.74569812     -0.73911791
624   829         0.28115823      2.79242492     -0.68409460
625   829         0.37860339      2.83056111     -0.60340672
626   829         0.44498600      2.84524600     -0.54326089
627   829         0.44864327      2.84969556     -0.48690902
628   829         0.43283060      2.85423068     -0.40840859
629   829         0.41586188      2.86960643     -0.32849455
630   829         0.40874065      2.86821616     -0.28288197
631   829         0.41444245      2.82317683     -0.25935437
632   829         0.43453921      2.77169294     -0.24756205
633   829         0.45253822      2.73344948     -0.23459585
634   829         0.45205710      2.72418338     -0.23591638
635   829         0.46265664      2.73848885     -0.23937452
636   829         0.50099263      2.79467000     -0.20646601
637   829         0.56197145      2.87071147     -0.12060454
638   829         0.62587252      2.92937452     -0.02061041
639   829         0.68615320      2.96141122      0.03631518
640   829         0.73106851      2.98683133      0.04332001
641   829         0.78575087      3.02120149      0.02322442
642   829         0.81570956      3.03004577     -0.02307379
643   829         0.81010700      3.01156715     -0.07650330
644   829         0.80628280      2.97851203     -0.12784303
645   829         0.80841449      2.95181373     -0.19301776
646   829         0.84341036      2.93903710     -0.24651949
647   829         0.90969888      2.93636742     -0.30072280
648   829         0.97240377      2.93347680     -0.36372212
649   829         1.02792592      2.92308328     -0.40784483
650   829         1.06950813      2.90768788     -0.43279939
651   829         1.10221878      2.88967032     -0.46492685
652   829         1.12803911      2.88431854     -0.49160527
653   829         1.14147002      2.90339856     -0.47809809
654   829         1.17099034      2.94715559     -0.44657010
655   829         1.21748359      2.99694269     -0.42643318
656   829         1.29145739      3.03660025     -0.40718807
657   829         1.33389610      3.03948292     -0.38596968
658   829         1.35995897      3.00875231     -0.37472573
659   829         1.40471490      2.96175172     -0.37926637
660   829         1.47933336      2.91097554     -0.37992695
661   829         1.56499647      2.87104648     -0.36926760
662   829         1.64449765      2.87760633     -0.36736486
663   829         1.71806309      2.89717184     -0.36842807
664   829         1.76308279      2.90769902     -0.35287010
665   829         1.76833065      2.91708002     -0.32298595
666   829         1.73544087      2.94194929     -0.30471694
667   829         1.70816768      2.94876564     -0.30621483
668   829         1.71649077      2.90083578     -0.30169494
669   829         1.74365742      2.81002205     -0.26812587
670   829         1.77432285      2.72911165     -0.22795765
671   829         1.82174156      2.68433812     -0.19553497
672   829         1.89815949      2.65243866     -0.14951167
673   829         1.95886658      2.61980107     -0.11815893
674   829         1.95610346      2.58944390     -0.11041198
675   829         1.89038333      2.58563127     -0.12494635
676   829         1.82555920      2.59600078     -0.14489142
677   829         1.79354503      2.60573314     -0.17507016
678   829         1.79363379      2.60817046     -0.19182497
679   829         1.81329360      2.61100392     -0.18333303
680   829         1.83996092      2.61829847     -0.16631321
681   829         1.88161767      2.63254392     -0.15630633
682   829         1.92622702      2.60481771     -0.15487405
683   829         1.95959903      2.55717519     -0.16101065
684   829         1.99156209      2.53007182     -0.15554540
685   829         2.01217253      2.53663140     -0.14526702
686   829         2.01235623      2.55821268     -0.16191742
687   829         1.99799486      2.56708902     -0.20199680
688   829         1.98264882      2.55295539     -0.23692278
689   829         1.98904434      2.51405223     -0.25474636
690   829         2.01322756      2.44486454     -0.25861154
691   829         2.02248648      2.36367595     -0.26956807
692   829         2.01573463      2.29885766     -0.29690574
693   829         2.00623725      2.26274201     -0.33497562
694   829         1.99219126      2.25943322     -0.38863060
695   829         1.96643686      2.29118874     -0.45362062
696   829         1.93453735      2.33805915     -0.50081106
697   829         1.91344100      2.38099470     -0.53929451
698   829         1.92553586      2.41510063     -0.58309930
699   829         1.95709096      2.44211786     -0.62888359
700   829         1.93849041      2.44778096     -0.66096689
701   829         1.86118216      2.42344219     -0.69205146
702   829         1.78554988      2.36620268     -0.74396812
703   829         1.74396778      2.30556578     -0.81032067
704   829         1.72225786      2.25267066     -0.87303568
705   829         1.71289807      2.21918990     -0.91522060
706   829         1.72890133      2.20838493     -0.93673484
707   829         1.78041129      2.20972231     -0.92759766
708   829         1.84458376      2.21501826     -0.89903690
709   829         1.90267471      2.23129461     -0.86011072
710   829         1.95589398      2.26452148     -0.81044726
711   829         2.01407777      2.28046976     -0.75135954
712   829         2.07004480      2.29036028     -0.70861341
713   829         2.10129989      2.27713568     -0.69927695
714   829         2.11685742      2.22712442     -0.72753738
715   829         2.12291792      2.17817127     -0.78260735
716   829         2.13909700      2.15895743     -0.83478033
717   829         2.17063322      2.15688396     -0.84288341
718   829         2.21575642      2.14373705     -0.79608073
719   829         2.24807626      2.13358683     -0.72404702
720   829         2.24533129      2.12413601     -0.67921361
721   829         2.22011871      2.12593955     -0.66995672
722   829         2.19799590      2.15072935     -0.66049441
723   829         2.18704305      2.19067847     -0.64115964
724   829         2.18696570      2.20693891     -0.61852213
725   829         2.19709528      2.19095776     -0.58720531
726   829         2.19968736      2.16548083     -0.54994436
727   829         2.19386341      2.16531149     -0.49868124
728   829         2.17624118      2.19582724     -0.45413570
729   829         2.15077005      2.23485521     -0.44037368
730   829         2.12650779      2.28595658     -0.46214819
731   829         2.12072142      2.36334235     -0.49756762
732   829         2.14340667      2.47288925     -0.49844102
733   829         2.18822298      2.55833705     -0.46205254
734   829         2.23365326      2.57063609     -0.41095702
735   829         2.27500801      2.52861299     -0.36408037
736   829         2.34471452      2.47140414     -0.30953942
737   829         2.43137588      2.42565990     -0.25025023
738   829         2.49561770      2.42760008     -0.18970411
739   829         2.53014293      2.46799774     -0.14828594
740   829         2.57362569      2.51590289     -0.12927709
741   829         2.64027612      2.56786579     -0.10227941
742   829         2.71401819      2.62423415     -0.08035653
743   829         2.76403810      2.66743377     -0.06791202
744   829         2.77896265      2.72909215     -0.07402476
745   829         2.77746567      2.80374191     -0.07907868
746   829         2.78328184      2.87619048     -0.06009312
747   829         2.82174379      2.94284094     -0.01763547
748   829         2.86751030      2.98799149      0.02792779
749   829         2.91088165      2.98979459      0.07121380
750   829         2.95945848      2.95215721      0.12762449
751   829         3.00229798      2.90611711      0.19836727
752   829         3.02176647      2.86154865      0.27205715
753   829         3.01421457      2.81359039      0.33195117
754   829         2.98703799      2.78329371      0.37144069
755   829         2.93584053      2.77070963      0.38498414
756   829         2.85674961      2.78146679      0.39027973
757   829         2.78778911      2.80797462      0.40264884
758   829         2.73928805      2.83677695      0.41185133
759   829         2.71410679      2.84189003      0.39774596
760   829         2.72392456      2.81828660      0.39528877
761   829         2.76946402      2.78917612      0.43374259
762   829         2.83643394      2.77727855      0.49407322
763   829         2.89436380      2.79870126      0.53926919
764   829         2.91830102      2.84526532      0.55983020
765   829         2.89302783      2.89654215      0.56370807
766   829         2.84380784      2.93710469      0.55618026
767   829         2.81858260      2.97729093      0.54482580
768   829         2.81431626      3.01006125      0.54233237
769   829         2.79373209      3.01383858      0.55194037
770   829         2.74350194      3.01616843      0.55835491
771   829         2.67218021      3.03920104      0.56092456
772   829         2.61920042      3.06421457      0.56570913
773   829         2.59712125      3.08029002      0.57267816
774   829         2.58558296      3.08708380      0.56974580
775   829         2.57167423      3.08477376      0.56050290
776   829         2.56312223      3.07394296      0.55446667
777   829         2.57487415      3.06581231      0.55987363
778   829         2.57224671      3.07971422      0.56771303
779   829         2.53053239      3.11330853      0.57108462
780   829         2.47621504      3.14689362      0.55386687
781   829         2.44075844      3.18502371      0.51918977
782   829         2.41942586      3.22288363      0.48242055
783   829         2.39380765      3.25867254      0.46369541
784   829         2.36304041      3.29397221      0.48612572
785   829         2.33798214      3.33525390      0.53858321
786   829         2.32522463      3.38708833      0.58315959
787   829         2.33264855      3.44073050      0.58196287
788   829         2.36397239      3.48311043      0.55168692
789   829         2.38570686      3.51863259      0.50838980
790   829         2.35626542      3.55773272      0.46053644
791   829         2.28719215      3.59825500      0.41486091
792   829         2.21365078      3.63741566      0.37577841
793   829         2.14888438      3.68281004      0.34626641
794   829         2.09465017      3.73967832      0.33128924
795   829         2.05466468      3.80306016      0.32576704
796   829         2.04335426      3.85816753      0.31581013
797   829         2.04767761      3.88793135      0.28638262
798   829         2.04321550      3.88675053      0.22329008
799   829         2.01131329      3.86749523      0.14559489
800   829         1.95994160      3.85112888      0.08326766
801   829         1.88776844      3.85299461      0.05656006
802   829         1.81281864      3.84128662      0.06408670
803   829         1.75391417      3.80254684      0.09887378
804   829         1.71592615      3.73475199      0.14999447
805   829         1.68037130      3.66550871      0.20135762
806   829         1.64576689      3.59288757      0.25796056
807   829         1.60930775      3.51329383      0.31589947
808   829         1.57735035      3.42875094      0.37126610
809   829         1.55664262      3.36527226      0.40855276
810   829         1.53499064      3.33599135      0.43161304
811   829         1.51925612      3.32639856      0.47222571
812   829         1.49532849      3.33085658      0.53693952
813   829         1.47490144      3.31128256      0.57475742
814   829         1.45286082      3.27721403      0.55636804
815   829         1.43309961      3.24763726      0.51663919
816   829         1.43111998      3.25435717      0.48983753
817   829         1.46457889      3.28838455      0.48438291
818   829         1.52344661      3.35264714      0.47536885
819   829         1.57703219      3.41345741      0.44922023
820   829         1.62214111      3.45229989      0.41457417
821   829         1.66945463      3.48190899      0.39942997
822   829         1.72663506      3.51765060      0.38876180
823   829         1.80808669      3.56680521      0.38543963
824   829         1.87571389      3.60408836      0.37594321
825   829         1.92853290      3.61971170      0.34915100
826   829         1.97961472      3.63383248      0.29962407
827   829         2.02992621      3.65225427      0.22795377
828   829         2.06049457      3.68548361      0.14607950
829   829         2.06518259      3.74364010      0.05709730
830   829         2.06512221      3.80942369     -0.01523613
831   829         2.07946575      3.85962611     -0.07026154
832   829         2.10179369      3.87404331     -0.10949514
833   829         2.13031908      3.86511118     -0.13995528
834   829         2.13975940      3.87394385     -0.14107617
835   829         2.12206077      3.90970468     -0.09263790
836   829         2.07871384      3.94557415     -0.03599634
837   829         2.04141589      3.97861999      0.00818006
838   829         2.03644060      4.00594302      0.05178604
839   829         2.06081370      4.00797873      0.10140746
840   829         2.08920669      3.98018462      0.16466365
841   829         2.10225819      3.95854174      0.24154767
842   829         2.11252412      3.96900918      0.31693736
843   829         2.12526584      3.99283197      0.37928255
844   829         2.13394136      3.99879695      0.44409778
845   829         2.12356357      3.97123257      0.53494501
846   829         2.10218558      3.93035799      0.63440068
847   829         2.08548086      3.88830500      0.71310226
848   829         2.07564841      3.88295342      0.74805955
849   829         2.06733410      3.91334817      0.76438241
850   829         2.07578693      3.96469564      0.76901423
851   829         2.10437166      4.01788139      0.75139592
852   829         2.12441793      4.07582466      0.71545204
853   829         2.13330682      4.12895640      0.68510768
854   829         2.12111260      4.13284512      0.69081702
855   829         2.06775379      4.09250718      0.73442382
856   829         1.95188101      4.03586910      0.80332708
857   829         1.81038456      3.99968270      0.88896572
858   829         1.68594846      3.98343697      0.96935826
859   829         1.61759622      3.97962918      1.05156749
860   829         1.59412003      3.96848992      1.12188431
861   829         1.60641990      3.95566438      1.15632534
862   829         1.62943212      3.95865654      1.15943645
863   829         1.61981777      3.97061550      1.14279137
864   829         1.58067199      3.98151191      1.11734148
865   829         1.56226952      4.00790467      1.08685612
866   829         1.58748658      4.06149792      1.06972747
867   829         1.62521099      4.11196556      1.08462178
868   829         1.63674957      4.13863005      1.11145788
869   829         1.62324876      4.14112449      1.15753086
870   829         1.62279737      4.15722177      1.21447431
871   829         1.66655769      4.20672260      1.23447326
872   829         1.72775089      4.29250605      1.21671784
873   829         1.74998980      4.41556247      1.15579453
874   829         1.72152477      4.55242765      1.07162051
875   829         1.64706026      4.64520719      1.01519615
876   829         1.55497776      4.66759907      0.98720155
877   829         1.46168838      4.65504282      0.95593016
878   829         1.37777067      4.62624734      0.90666240
879   829         1.29724601      4.58994731      0.88009206
880   829         1.20556321      4.54809111      0.88277314
881   829         1.10929289      4.52795012      0.90594499
882   829         1.04162313      4.52718871      0.92368083
883   829         1.01617042      4.54953014      0.92388374
884   829         1.01361437      4.59114989      0.92065898
885   829         1.01446764      4.64887289      0.91504152
886   829         0.99395135      4.71394090      0.90594831
887   829         0.96631439      4.76740672      0.88905750
888   829         0.93059369      4.81596340      0.88313665
889   829         0.89738983      4.84730221      0.88793664
890   829         0.85568377      4.84965941      0.90442278
891   829         0.82252501      4.81757828      0.91496782
892   829         0.82058406      4.77651929      0.90585897
893   829         0.84084727      4.75207372      0.88873783
894   829         0.82853241      4.74449528      0.90082900
895   829         0.78204497      4.75487497      0.95315652
896   829         0.75073940      4.78350462      1.02530385
897   829         0.74440922      4.82279607      1.10125316
898   829         0.73775234      4.85211162      1.16719780
899   829         0.73073315      4.85566242      1.21471284
900   829         0.72795380      4.83777278      1.23516995
901   829         0.73641022      4.81365193      1.25161954
902   829         0.75964408      4.78495352      1.25724506
903   829         0.80954184      4.75654576      1.25666580
904   829         0.86203352      4.72929373      1.24898179
905   829         0.89835719      4.72051959      1.24306200
906   829         0.91305060      4.72981013      1.24351572
907   829         0.92419618      4.73503197      1.24290504
908   829         0.93862681      4.74039953      1.25257265
909   829         0.95460233      4.76662686      1.28762722
910   829         0.96100210      4.81044796      1.34009744
911   829         0.95402949      4.83626436      1.40245881
912   829         0.93694993      4.81212146      1.46708666
913   829         0.90981744      4.74936654      1.52702273
914   829         0.87638860      4.69078442      1.57533664
915   829         0.83551626      4.64896137      1.60689203
916   829         0.78177156      4.61082031      1.62104794
917   829         0.73156720      4.55655142      1.62180040
918   829         0.73493850      4.51587820      1.60171899
919   829         0.79297862      4.52193312      1.55597014
920   829         0.85988289      4.55086310      1.49135586
921   829         0.90257971      4.55860031      1.40764643
922   829         0.92198678      4.53205972      1.31267190
923   829         0.94285355      4.49050743      1.22565956
924   829         0.97003954      4.47336711      1.17053644
925   829         0.98923202      4.49636381      1.14375179
926   829         0.99031243      4.53228007      1.10422897
927   829         0.96921960      4.52629071      1.04604519
928   829         0.92563584      4.49158709      0.98874983
929   829         0.86789376      4.46974240      0.94328198
930   829         0.81557465      4.46285343      0.91233071
931   829         0.76883075      4.48687154      0.88991672
932   829         0.73586326      4.52593256      0.88554210
933   829         0.69816568      4.54507659      0.88017210
934   829         0.67925721      4.52972853      0.86138202
935   829         0.66149265      4.48874113      0.84275718
936   829         0.64251043      4.43862225      0.86240732
937   829         0.65269248      4.41990140      0.90832273
938   829         0.67406578      4.40978380      0.94536393
939   829         0.66722650      4.40004557      0.95239151
940   829         0.61911328      4.38797405      0.95803394
941   829         0.55033150      4.39113167      0.97085059
942   829         0.48371189      4.40994925      0.95506199
943   829         0.43384054      4.44218711      0.92812857
944   829         0.41211796      4.46528750      0.94719650
945   829         0.43115673      4.44023399      1.01409876
946   829         0.47813636      4.38270979      1.06833012
947   829         0.51230678      4.33062863      1.09478047
948   829         0.53069611      4.31167155      1.11811398
949   829         0.51897370      4.30619993      1.14275899
950   829         0.49222391      4.32730333      1.15195495
951   829         0.46615564      4.35188751      1.13415747
952   829         0.47104805      4.36530047      1.11521032
953   829         0.50098159      4.37684696      1.11497339
954   829         0.51957884      4.37792569      1.11081880
955   829         0.52680306      4.35780085      1.07944874
956   829         0.53979437      4.29695088      1.03512363
957   829         0.57191507      4.22403844      1.01373460
958   829         0.60733400      4.17640051      0.98420086
959   829         0.64111012      4.17614382      0.94360303
960   829         0.65930398      4.17384764      0.90660503
961   829         0.65411377      4.14887072      0.87023724
962   829         0.62319461      4.11404007      0.82145712
963   829         0.58529472      4.07296077      0.78197543
964   829         0.53255962      4.03928376      0.78240390
965   829         0.46574103      4.00159769      0.78202543
966   829         0.41146035      3.93988779      0.77637538
967   829         0.38762143      3.86146601      0.77493640
968   829         0.38479339      3.80752746      0.78499973
969   829         0.38983469      3.78891887      0.82027501
970   829         0.39735507      3.80204515      0.86618195
971   829         0.40508905      3.83627716      0.91788775
972   829         0.39880511      3.87413869      0.95675195
973   829         0.35984113      3.89472460      0.97330141
974   829         0.29244672      3.88548821      0.98201340
975   829         0.22680805      3.84842418      0.97693644
976   829         0.17398672      3.80854381      0.95837139
977   829         0.11006543      3.77620994      0.95827736
978   829         0.03670237      3.75859835      0.98477620
979   829        -0.02778280      3.74349334      1.01760282
980   829        -0.04532867      3.71394811      1.05806125
981   829        -0.04594679      3.68647158      1.11622428
982   829        -0.05972004      3.67209314      1.16740522
983   829        -0.09654125      3.67719932      1.19285156
984   829        -0.12927642      3.67111165      1.19585487
985   829        -0.14406236      3.65429801      1.17878475
986   829        -0.17048694      3.63756795      1.15278187
987   829        -0.20986533      3.63704314      1.12339214
988   829        -0.23315814      3.62157842      1.08811715
989   829        -0.21135509      3.58941696      1.05326731
990   829        -0.18366666      3.54441751      1.02893360
991   829        -0.18547588      3.47551720      0.98624410
992   829        -0.22127850      3.39635342      0.92701416
993   829        -0.25599048      3.34868961      0.86284543
994   829        -0.27050691      3.34816901      0.79910641
995   829        -0.29905735      3.39057647      0.75547594
996   829        -0.35469883      3.43746895      0.75507172
997   829        -0.43386522      3.47722920      0.78572470
998   829        -0.49383749      3.52320604      0.81458835
999   829        -0.52947455      3.57231132      0.81932032
1000  829        -0.54835506      3.60513079      0.80353441
1001  829        -0.56466173      3.60298898      0.79594210
1002  829        -0.59003346      3.57625829      0.79783891
1003  829        -0.60372939      3.54483834      0.78342968
1004  829        -0.60830723      3.53624803      0.76065186
1005  829        -0.59860736      3.58922612      0.72902100
1006  829        -0.59446879      3.68459078      0.67919009
1007  829        -0.60261048      3.77456509      0.61544599
1008  829        -0.63167390      3.83594515      0.55680193
1009  829        -0.66191046      3.87652885      0.51770601
1010  829        -0.68115860      3.90283192      0.49086085
1011  829        -0.70128773      3.92273800      0.47340430
1012  829        -0.72939455      3.94309561      0.47116185
1013  829        -0.76678089      3.96516791      0.49995978
1014  829        -0.79569347      3.99613467      0.53288435
1015  829        -0.80956458      4.03384235      0.55316262
1016  829        -0.81384206      4.07962178      0.54489879
1017  829        -0.79856553      4.14587355      0.52852423
1018  829        -0.79421007      4.22329858      0.50070362
1019  829        -0.81736490      4.27476887      0.47448383
1020  829        -0.85961447      4.26205985      0.44682313
1021  829        -0.88625259      4.18368179      0.44263999
1022  829        -0.90012536      4.08698266      0.45859316
1023  829        -0.91981363      4.01392204      0.48744240
1024  829        -0.95744531      3.97801423      0.51398739
1025  829        -0.99510081      3.99096373      0.52820942
1026  829        -1.01611580      4.03691355      0.53350191
1027  829        -1.01444793      4.08098560      0.53721579
1028  829        -1.00240808      4.11453356      0.54402972
1029  829        -0.99869581      4.13532308      0.55349808
1030  829        -1.02095264      4.15360446      0.55082852
1031  829        -1.05525007      4.16428475      0.53105328
1032  829        -1.07130922      4.16738992      0.50758055
1033  829        -1.08217790      4.15907932      0.48926632
1034  829        -1.08709733      4.16174212      0.47778711
1035  829        -1.07637566      4.16331096      0.46779090
1036  829        -1.04938396      4.17852414      0.45106600
1037  829        -1.04235037      4.19265476      0.44127260
1038  829        -1.05308719      4.21485396      0.43699336
1039  829        -1.06329942      4.24233017      0.44978759
1040  829        -1.04813767      4.24939378      0.47317351
1041  829        -1.02933616      4.24456181      0.50032793
1042  829        -1.02821547      4.24403198      0.52923454
1043  829        -1.02196530      4.21752262      0.56027709
1044  829        -0.98479874      4.15197096      0.60038334
1045  829        -0.91337559      4.08801221      0.64996009
1046  829        -0.83803443      4.04980732      0.70351948
1047  829        -0.77912060      4.01464712      0.75609672
1048  829        -0.75610801      3.96709367      0.81098719
1049  829        -0.77434641      3.91963315      0.87374906
1050  829        -0.80275681      3.89254832      0.93699226
1051  829        -0.79443861      3.89808684      0.97283952
1052  829        -0.76988160      3.91394717      0.98074372
1053  829        -0.75956306      3.91267751      0.95672487
1054  829        -0.75557984      3.91608832      0.91937892
1055  829        -0.75363397      3.93785147      0.86423635
1056  829        -0.76762256      3.96077094      0.81618417
1057  829        -0.77877858      3.97497101      0.81707338
1058  829        -0.77956312      3.98595722      0.87615770
1059  829        -0.77283172      3.98431290      0.94520448
1060  829        -0.77740977      3.96539636      0.97499182
1061  829        -0.79547380      3.92243680      0.97430644
1062  829        -0.78798143      3.86307205      0.94299388
1063  829        -0.74691487      3.81962682      0.89919471
1064  829        -0.70245115      3.80531589      0.86212103
1065  829        -0.69496014      3.81194732      0.84250393
1066  829        -0.71398754      3.80379233      0.83639315
1067  829        -0.73273255      3.76892390      0.83452709
1068  829        -0.72962085      3.70434157      0.81197794
1069  829        -0.72126960      3.62897001      0.77242197
1070  829        -0.71921599      3.57579662      0.74988856
1071  829        -0.73512798      3.57565211      0.75036815
1072  829        -0.77837187      3.61705793      0.75903861
1073  829        -0.83752333      3.68294141      0.77499045
1074  829        -0.89303218      3.77296067      0.80556402
1075  829        -0.91751951      3.86587840      0.85236709
1076  829        -0.91910371      3.92254392      0.87516149
1077  829        -0.91019343      3.91971168      0.83210215
1078  829        -0.91768432      3.88089633      0.73734519
1079  829        -0.92030713      3.83823927      0.63136239
1080  829        -0.92932401      3.82146026      0.55518070
1081  829        -0.95128108      3.81953662      0.51899640
1082  829        -0.98550247      3.81744459      0.52340484
1083  829        -1.03645850      3.80757049      0.54274778
1084  829        -1.08166146      3.81182083      0.56459196
1085  829        -1.11064799      3.83457874      0.57873943
1086  829        -1.11887735      3.86064501      0.57698803
1087  829        -1.13216461      3.87870466      0.56016380
1088  829        -1.14615736      3.89370684      0.52686653
1089  829        -1.15689044      3.90850719      0.48194642
1090  829        -1.13823551      3.93255417      0.44105815
1091  829        -1.09913509      3.98070614      0.41804044
1092  829        -1.06252670      4.02573239      0.38408878
1093  829        -1.04801164      4.05071642      0.34218045
1094  829        -1.03543600      4.05689450      0.33160150
1095  829        -1.00909944      4.05842224      0.35103644
1096  829        -0.97833498      4.04966447      0.36230509
1097  829        -0.95223699      4.04299736      0.35470125
1098  829        -0.94919593      4.04546435      0.34853844
1099  829        -0.95543584      4.05199488      0.35743256
1100  829        -0.96004915      4.05377499      0.37346443
1101  829        -0.96329466      4.03968605      0.37527970
1102  829        -0.97380366      4.00906176      0.36374810
1103  829        -0.98496711      3.97165798      0.35277886
1104  829        -0.98202619      3.93907413      0.35292064
1105  829        -0.96489659      3.90506825      0.35079272
1106  829        -0.94944791      3.86922680      0.32076435
1107  829        -0.94580290      3.82131840      0.26367090
1108  829        -0.95037716      3.77907932      0.19147459
1109  829        -0.95347783      3.74942127      0.12766015
1110  829        -0.93965032      3.73678414      0.08408337
1111  829        -0.89834660      3.74065468      0.04814431
1112  829        -0.83029632      3.77533710      0.01299038
1113  829        -0.75109141      3.83357910     -0.00944556
1114  829        -0.69161852      3.88260035     -0.00703691
1115  829        -0.67889064      3.89307512      0.00529179
1116  829        -0.71683461      3.87721764      0.00294130
1117  829        -0.77476353      3.85869376     -0.00558840
1118  829        -0.81616206      3.85649771     -0.00442175
1119  829        -0.83211964      3.89442194      0.00012612
1120  829        -0.84160931      3.94735871     -0.02253394
1121  829        -0.86342537      3.98542169     -0.08542844
1122  829        -0.89264893      4.00200416     -0.15475947
1123  829        -0.91738389      4.01952107     -0.22936740
1124  829        -0.94477512      4.03579393     -0.30292387
1125  829        -0.99633056      4.03011559     -0.34059012
1126  829        -1.06035902      4.00877084     -0.34682007
1127  829        -1.10352437      4.00570147     -0.35337780
1128  829        -1.11167977      4.02264822     -0.36598408
1129  829        -1.10388111      4.03270485     -0.38224396
1130  829        -1.07897242      4.04676428     -0.38085119
1131  829        -1.03144588      4.07822812     -0.36700646
1132  829        -0.97229161      4.11640299     -0.37296854
1133  829        -0.91868734      4.13421320     -0.40474315
1134  829        -0.89087117      4.10725761     -0.44775930
1135  829        -0.89933031      4.06298237     -0.49092632
1136  829        -0.92361927      4.03888858     -0.51138095
1137  829        -0.91797013      4.04970125     -0.50737228
1138  829        -0.88791490      4.07925114     -0.47738656
1139  829        -0.86689935      4.10910067     -0.43568035
1140  829        -0.86570201      4.13117430     -0.39673430
1141  829        -0.84056045      4.13738912     -0.38411730
1142  829        -0.77615387      4.11266899     -0.41392698
1143  829        -0.69154263      4.08591387     -0.47984547
1144  829        -0.61685456      4.06846185     -0.54149779
1145  829        -0.56042743      4.05723531     -0.56527171
1146  829        -0.50881568      4.06889862     -0.56281815
1147  829        -0.47014572      4.11057185     -0.54294145
1148  829        -0.46408035      4.15692291     -0.51110197
1149  829        -0.47699121      4.16129141     -0.46950259
1150  829        -0.46666543      4.13444552     -0.44568330
1151  829        -0.43634863      4.12094353     -0.45705600
1152  829        -0.38561735      4.12285546     -0.48596142
1153  829        -0.32623434      4.11728145     -0.48657715
1154  829        -0.29236759      4.09318715     -0.47601156
1155  829        -0.29345468      4.05691109     -0.47440517
1156  829        -0.33652974      4.03165263     -0.47395710
1157  829        -0.39515596      4.02104018     -0.47918169
1158  829        -0.44897214      4.01033649     -0.50221200
1159  829        -0.48521623      3.99931123     -0.55001978
1160  829        -0.50875518      3.99077095     -0.61676360
1161  829        -0.53241513      3.99831464     -0.67144112
1162  829        -0.55336033      4.01176076     -0.70020578
1163  829        -0.56286459      4.01812134     -0.70548878
1164  829        -0.57254309      4.02039766     -0.67870532
1165  829        -0.62380351      4.02286423     -0.62008006
1166  829        -0.69316577      4.03110709     -0.55015163
1167  829        -0.74667192      4.02772848     -0.49751111
1168  829        -0.78516152      3.99381648     -0.45891783
1169  829        -0.81400178      3.93480569     -0.42770916
1170  829        -0.81649071      3.88239412     -0.40020962
1171  829        -0.79035009      3.87055836     -0.38370794
1172  829        -0.76157186      3.89051991     -0.38241138
1173  829        -0.75779693      3.90966486     -0.40487441
1174  829        -0.79859792      3.91999339     -0.43428637
1175  829        -0.85633947      3.92853896     -0.44516925
1176  829        -0.91672128      3.94625028     -0.43158142
1177  829        -0.95247497      3.94873489     -0.40403102
1178  829        -0.98305220      3.92489054     -0.37776362
1179  829        -1.01860654      3.87241386     -0.34228291
1180  829        -1.03207015      3.80226757     -0.29760670
1181  829        -0.98594261      3.76485437     -0.27388454
1182  829        -0.88254058      3.77895950     -0.27990339
1183  829        -0.75298481      3.81948996     -0.28543272
1184  829        -0.63919318      3.86640688     -0.28734907
1185  829        -0.54182128      3.88914492     -0.30369515
1186  829        -0.46272673      3.88639951     -0.32333129
1187  829        -0.40851742      3.85136483     -0.33237125
1188  829        -0.38743301      3.82070834     -0.32412146
1189  829        -0.39089457      3.80986480     -0.30559765
1190  829        -0.39741255      3.81905373     -0.26450154
1191  829        -0.41457726      3.83821456     -0.21823804
1192  829        -0.44784607      3.86526792     -0.18924345
1193  829        -0.44982177      3.88930707     -0.19848015
1194  829        -0.40219285      3.92679958     -0.22461847
1195  829        -0.33908177      3.98519041     -0.23754793
1196  829        -0.30002584      4.05319807     -0.24952552
1197  829        -0.27792938      4.09814731     -0.27965047
1198  829        -0.28115053      4.11508598     -0.33302967
1199  829        -0.31473095      4.13833160     -0.38569166
1200  829        -0.34902694      4.17579501     -0.41997128
1201  829        -0.36681929      4.21248581     -0.42672277
1202  829        -0.36373734      4.22209830     -0.41461316
1203  829        -0.34695966      4.19558431     -0.40646898
1204  829        -0.30091564      4.14400974     -0.42875983
1205  829        -0.22586538      4.10282221     -0.47538837
1206  829        -0.14461759      4.10007766     -0.51220876
1207  829        -0.09892955      4.11550883     -0.52019526
1208  829        -0.09925680      4.12291173     -0.49512353
1209  829        -0.12724675      4.11072481     -0.45886150
1210  829        -0.17299219      4.08174834     -0.42703306
1211  829        -0.24017503      4.04412742     -0.41117276
1212  829        -0.30514401      4.02299289     -0.40941021
1213  829        -0.33418431      4.02961070     -0.40589472
1214  829        -0.32008299      4.03763102     -0.40455197
1215  829        -0.29336828      4.01818711     -0.39427486
1216  829        -0.27399627      3.98813453     -0.36085680
1217  829        -0.25839161      3.98214451     -0.32141182
1218  829        -0.24829641      4.00896715     -0.30067154
1219  829        -0.25507081      4.02585520     -0.32105831
1220  829        -0.28386453      4.01984747     -0.37322556
1221  829        -0.31292430      4.00119075     -0.42698478
1222  829        -0.32997716      3.97419461     -0.46197303
1223  829        -0.31324895      3.94019451     -0.47074934
1224  829        -0.27375295      3.91042042     -0.47068305
1225  829        -0.24431772      3.90402926     -0.45058806
1226  829        -0.24780046      3.91025449     -0.38900852
1227  829        -0.28525762      3.92644137     -0.29601286
1228  829        -0.31640576      3.93322024     -0.20093755
1229  829        -0.33577126      3.92718543     -0.12522543
1230  829        -0.34787229      3.91767946     -0.07959150
1231  829        -0.36465741      3.92266252     -0.06917343
1232  829        -0.36902582      3.94861697     -0.06987125
1233  829        -0.34525814      4.01311076     -0.08472704
1234  829        -0.30874086      4.08878030     -0.11288509
1235  829        -0.28259165      4.16352366     -0.14293388
1236  829        -0.26666759      4.22843892     -0.15889178
1237  829        -0.24987125      4.27028094     -0.14080204
1238  829        -0.22332940      4.28290613     -0.09979838
1239  829        -0.18097735      4.26861561     -0.05358641
1240  829        -0.12682903      4.24733563     -0.02007600
1241  829        -0.06211491      4.23799288     -0.01058500
1242  829        -0.01254326      4.24769887     -0.01849432
1243  829         0.01578258      4.25470373     -0.02800429
1244  829         0.02301424      4.27919103     -0.03623928
1245  829         0.00701983      4.32623742     -0.06222234
1246  829        -0.03517733      4.39249077     -0.10690979
1247  829        -0.06083304      4.44860572     -0.17453897
1248  829        -0.03855835      4.49946805     -0.25375424
1249  829         0.02621931      4.53791236     -0.32027534
1250  829         0.08647248      4.56958129     -0.35303105
1251  829         0.10082954      4.60496969     -0.36197064
1252  829         0.09255295      4.63970975     -0.36310840
1253  829         0.08768961      4.66904785     -0.37794594
1254  829         0.09052805      4.67459415     -0.41988784
1255  829         0.08309988      4.65819842     -0.47909077
1256  829         0.06324708      4.63042268     -0.53434270
1257  829         0.04754279      4.62987701     -0.55951071
1258  829         0.06625788      4.67450483     -0.57583934
1259  829         0.09698617      4.74329935     -0.57792394
1260  829         0.09972175      4.80454292     -0.56721636
1261  829         0.08538113      4.86640905     -0.54131674
1262  829         0.06558101      4.93231096     -0.51696925
1263  829         0.03275342      4.99027762     -0.50352561
1264  829        -0.01469170      5.02816293     -0.48357387
1265  829        -0.05133945      5.04794738     -0.46292071
1266  829        -0.05369764      5.05423904     -0.43716291
1267  829        -0.05488523      5.04760100     -0.41217930
1268  829        -0.08147417      5.05099110     -0.38746395
1269  829        -0.12875963      5.06815111     -0.37931252
1270  829        -0.17293709      5.08547746     -0.38814905
1271  829        -0.22020405      5.09861957     -0.40350381
1272  829        -0.27484128      5.11146359     -0.40394355
1273  829        -0.32058119      5.13512107     -0.40227224
1274  829        -0.34868187      5.17723004     -0.39372807
1275  829        -0.37652525      5.23651802     -0.36186038
1276  829        -0.42197453      5.28728894     -0.30355652
1277  829        -0.45495357      5.32471212     -0.24758669
1278  829        -0.46043293      5.35264781     -0.21101490
1279  829        -0.43507530      5.37251543     -0.19271147
1280  829        -0.38522722      5.39680246     -0.18890197
1281  829        -0.32927151      5.41960455     -0.19569232
1282  829        -0.27649928      5.42595003     -0.23223502
1283  829        -0.22274112      5.42474569     -0.26561149
1284  829        -0.17377138      5.46211262     -0.29423168
1285  829        -0.16324659      5.50769504     -0.34847818
1286  829        -0.16124957      5.55058276     -0.42975100
1287  829        -0.12822906      5.56402469     -0.50579760
1288  829        -0.07841170      5.57755861     -0.57938621
1289  829        -0.06423575      5.60357885     -0.64816021
1290  829        -0.04958034      5.62707790     -0.69643863
1291  829        -0.01486067      5.62776726     -0.73020915
1292  829         0.02802150      5.60473367     -0.75701955
1293  829         0.03682284      5.59345046     -0.76524868
1294  829        -0.01226444      5.59598912     -0.77869058
1295  829        -0.09457564      5.58394989     -0.79579941
1296  829        -0.18202803      5.52362176     -0.79703469
1297  829        -0.25160692      5.45131192     -0.76917879
1298  829        -0.31944319      5.38176179     -0.72349829
1299  829        -0.37695666      5.33148271     -0.70630897
1300  829        -0.40990449      5.28627141     -0.71864792
1301  829        -0.39203465      5.26410776     -0.73695925
1302  829        -0.34028947      5.26092649     -0.74927922
1303  829        -0.30149118      5.26826214     -0.73857587
1304  829        -0.29744328      5.29426890     -0.69492743
1305  829        -0.30202810      5.30907081     -0.62941488
1306  829        -0.30546803      5.28778988     -0.55397910
1307  829        -0.32201979      5.23968657     -0.48481494
1308  829        -0.35796713      5.23564821     -0.44307303
1309  829        -0.39861694      5.25443403     -0.43797765
1310  829        -0.42692210      5.28587771     -0.45957625
1311  829        -0.45263509      5.31992009     -0.47547366
1312  829        -0.46919618      5.34468540     -0.47275669
1313  829        -0.46665739      5.37139424     -0.43885828
1314  829        -0.43358663      5.40610455     -0.36136463
1315  829        -0.39073178      5.43442160     -0.23967384
1316  829        -0.35980300      5.43354861     -0.12394466
1317  829        -0.33590109      5.40556734     -0.05285817
1318  829        -0.27950173      5.38453768     -0.01814471
1319  829        -0.19263043      5.38418224     -0.00626700
1320  829        -0.10396305      5.39679315      0.01450993
1321  829        -0.02928471      5.40997122      0.06527414
1322  829         0.04458844      5.43940117      0.15489721
1323  829         0.12159132      5.48438736      0.24940143
1324  829         0.20304366      5.52675354      0.34530405
1325  829         0.28523530      5.53131692      0.44852258
1326  829         0.35517911      5.51071003      0.54005729
1327  829         0.41829244      5.48260123      0.59659104
1328  829         0.46836336      5.46975810      0.62523356
1329  829         0.50038415      5.46433532      0.64546106
1330  829         0.50982548      5.47244305      0.66837118
1331  829         0.50183617      5.50731288      0.71548634
1332  829         0.48181975      5.56207213      0.81322201
1333  829         0.45614710      5.61406282      0.95335225
1334  829         0.44629855      5.66158997      1.08478294
1335  829         0.46172920      5.71958544      1.15931502
1336  829         0.49565216      5.75763470      1.16681773
1337  829         0.52206485      5.75602826      1.13387179
1338  829         0.54487978      5.71466996      1.11084514
1339  829         0.57804805      5.66665485      1.11771998
1340  829         0.63092986      5.63424048      1.15584657
1341  829         0.67262523      5.62978947      1.22904846
1342  829         0.69641505      5.64753404      1.31291432
1343  829         0.69804908      5.68832127      1.41111043
1344  829         0.66242497      5.74703660      1.49204184
1345  829         0.59468274      5.79013349      1.53684218
1346  829         0.51739071      5.79606620      1.53795545
1347  829         0.46172648      5.78010089      1.51506659
1348  829         0.41691199      5.77843796      1.49669560
1349  829         0.37846195      5.79142786      1.50778663
1350  829         0.36729594      5.80893654      1.55098979
1351  829         0.39171157      5.82796813      1.60737455
1352  829         0.44124916      5.85659508      1.66340903
1353  829         0.47938175      5.89321009      1.69740117
1354  829         0.47433058      5.92754689      1.71103356
1355  829         0.44416218      5.95938138      1.70856348
1356  829         0.41207093      5.95971581      1.70898309
1357  829         0.39263572      5.91527244      1.70563216
1358  829         0.37631149      5.84937088      1.69225322
1359  829         0.35144064      5.80863119      1.67356350
1360  829         0.30694294      5.80596854      1.65485479
1361  829         0.25734575      5.81115917      1.61908630
1362  829         0.21780598      5.80368298      1.55950306
1363  829         0.20012895      5.80018779      1.49229727
1364  829         0.19041360      5.83702483      1.46347051
1365  829         0.18787198      5.89400442      1.48954043
1366  829         0.21999960      5.93017624      1.50778560
1367  829         0.29629093      5.90731100      1.49000081
1368  829         0.39648148      5.86175025      1.44372425
1369  829         0.46669521      5.82983364      1.39754771
1370  829         0.49792818      5.81937602      1.36337092
1371  829         0.51668665      5.83573902      1.33498308
1372  829         0.54298596      5.86784506      1.29452516
1373  829         0.56561508      5.89650590      1.24902488
1374  829         0.57970968      5.89730046      1.22697793
1375  829         0.57525157      5.88543587      1.23485208
1376  829         0.55966333      5.88872449      1.24229128
1377  829         0.55701516      5.91402582      1.22394541
1378  829         0.57212928      5.93309409      1.18344176
1379  829         0.59973123      5.93454433      1.14234392
1380  829         0.62661590      5.93797979      1.12984244
1381  829         0.63236598      5.96453618      1.14813526
1382  829         0.62613355      6.00070981      1.16718871
1383  829         0.61949982      6.03059342      1.17925331
1384  829         0.62592508      6.05252659      1.20076681
1385  829         0.65437769      6.05155461      1.23329177
1386  829         0.67865990      6.02728190      1.26111378
1387  829         0.68138554      5.99943972      1.26557906
1388  829         0.65932518      5.99121161      1.25518727
1389  829         0.61347401      5.98039924      1.24889256
1390  829         0.58046042      5.94611902      1.25396712
1391  829         0.57529137      5.89665046      1.28757523
1392  829         0.58033600      5.85479115      1.34470047
1393  829         0.59519693      5.83731708      1.40951685
1394  829         0.62437273      5.84892348      1.48018645
1395  829         0.67124348      5.90506529      1.57087067
1396  829         0.73637663      5.96239102      1.65680663
1397  829         0.80914031      5.96194345      1.71919876
1398  829         0.86438179      5.90773720      1.75934904
1399  829         0.89778492      5.86708066      1.79051738
1400  829         0.91959540      5.89632260      1.82462742
1401  829         0.95742268      5.96129367      1.85725364
1402  829         1.00582369      6.01335660      1.89342491
1403  829         1.02971907      6.05734774      1.92502941
1404  829         1.01998369      6.10395419      1.94065231
1405  829         0.98354252      6.14973220      1.96508731
1406  829         0.94625862      6.17301038      2.02383682
1407  829         0.91303899      6.17201372      2.10093305
1408  829         0.88425932      6.16753026      2.15455813
1409  829         0.85558784      6.15344197      2.18413115
1410  829         0.84437831      6.14770922      2.20533201
1411  829         0.86901066      6.19071096      2.21340553
1412  829         0.88928674      6.26190931      2.21117364
1413  829         0.86493717      6.29925682      2.20910839
1414  829         0.82104573      6.28462009      2.18626587
1415  829         0.81271813      6.25905231      2.13595379
1416  829         0.84207981      6.23964371      2.09045145
1417  829         0.88197670      6.22291350      2.05450399
1418  829         0.91729237      6.20993774      2.00956540
1419  829         0.96491811      6.20053118      1.97462550
1420  829         1.03412415      6.19776876      1.95647626
1421  829         1.09257746      6.19818214      1.94115292
1422  829         1.10815861      6.22215611      1.91654027
1423  829         1.09518889      6.26492320      1.87877737
1424  829         1.09722129      6.31208835      1.85774336
1425  829         1.12492460      6.34811239      1.86537101
1426  829         1.18363820      6.38627491      1.89112518
1427  829         1.26059220      6.42165349      1.91956463
1428  829         1.33212691      6.43178156      1.93392208
1429  829         1.35736325      6.41300946      1.90702878
1430  829         1.34060865      6.39615422      1.84233753
1431  829         1.32397710      6.41359877      1.78635975
1432  829         1.35157981      6.46585072      1.74475319
1433  829         1.39848322      6.53618931      1.72602493
1434  829         1.43046455      6.60721736      1.74962402
1435  829         1.43678402      6.67230443      1.79669461
1436  829         1.43653476      6.70670687      1.85310527
1437  829         1.43765177      6.70917846      1.93889610
1438  829         1.42093628      6.69524663      2.02256572
1439  829         1.37242332      6.67640277      2.07537435
1440  829         1.34327122      6.64949305      2.11170196
1441  829         1.34314506      6.61967813      2.13546926
1442  829         1.33011922      6.63300383      2.11473099
1443  829         1.29210932      6.67463545      2.05976362
1444  829         1.24806836      6.70971326      2.02196997
1445  829         1.21062403      6.72444946      1.98351416
1446  829         1.18019771      6.71428604      1.93556703
1447  829         1.15528959      6.68451257      1.90547157
1448  829         1.16875768      6.64191810      1.90417921
1449  829         1.20692566      6.60061000      1.92352902
1450  829         1.22929798      6.56249687      1.95970895
1451  829         1.21764382      6.53113493      1.98510986
1452  829         1.20562589      6.49952042      1.99838397
1453  829         1.21191572      6.46280376      2.02934447
1454  829         1.21147678      6.44332010      2.05110620
1455  829         1.18888205      6.43369373      2.05262756
1456  829         1.17886138      6.39933724      2.02660293
1457  829         1.22366449      6.33605490      2.00692437
1458  829         1.29321120      6.27251172      1.99887855
1459  829         1.34737460      6.22443938      1.97973661
1460  829         1.38501002      6.18071122      1.94720325
1461  829         1.41401734      6.15923937      1.89333127
1462  829         1.44722640      6.17204848      1.84001034
1463  829         1.49832420      6.19595331      1.81938585
1464  829         1.57126149      6.20719562      1.80900715
1465  829         1.64537506      6.19872626      1.77985143
1466  829         1.71213222      6.14708237      1.73208100
1467  829         1.77689291      6.07221369      1.66882997
1468  829         1.84867429      5.99087541      1.58340202
1469  829         1.92281341      5.88065636      1.48603709
1470  829         1.97847293      5.76511233      1.38132735
1471  829         1.99287791      5.69922335      1.27389671
1472  829         1.99198088      5.69777348      1.18261637
1473  829         2.02593860      5.71341940      1.13747300
1474  829         2.09202384      5.73197479      1.14794202
1475  829         2.14500633      5.74561819      1.18656493
1476  829         2.15723826      5.74740442      1.22694979
1477  829         2.13536616      5.73516993      1.24388473
1478  829         2.10477634      5.70299121      1.26371014
1479  829         2.08968097      5.67280041      1.28589509
1480  829         2.08570729      5.63396454      1.30319387
1481  829         2.07444705      5.58306994      1.29029212
1482  829         2.05543687      5.52530641      1.26157431
1483  829         2.02837028      5.48798410      1.24325095
1484  829         1.98500164      5.48447925      1.25902155
1485  829         1.94133448      5.47961844      1.29770769
1486  829         1.90285436      5.44669483      1.33873552
1487  829         1.87606224      5.39898988      1.37727378
1488  829         1.85418335      5.33969850      1.40156604
1489  829         1.84014727      5.26309845      1.41923250
1490  829         1.82890816      5.19357619      1.41627189
1491  829         1.82886540      5.15384060      1.38907269
1492  829         1.83172749      5.14171072      1.34537164
1493  829         1.83171144      5.14904784      1.28798618
1494  829         1.83335997      5.18007392      1.22538204
1495  829         1.83871827      5.22898309      1.15634281
1496  829         1.85209684      5.28016658      1.08685696
1497  829         1.85959792      5.30423292      1.02471416
1498  829         1.86908268      5.29612553      0.99164805
1499  829         1.88390241      5.27776212      0.97000620
1500  829         1.89900803      5.27363039      0.94787424
1501  829         1.89294252      5.27094452      0.92373358
1502  829         1.84958524      5.25493429      0.91126132
1503  829         1.78718235      5.22824468      0.90976784
1504  829         1.72999227      5.21729596      0.91915931
1505  829         1.68561826      5.23473617      0.94741050
1506  829         1.66350577      5.25573731      0.98384344
1507  829         1.67237262      5.26382003      0.97533532
1508  829         1.69716206      5.25139511      0.91555176
1509  829         1.69168264      5.24061696      0.84273199
1510  829         1.65704202      5.24637553      0.78272433
1511  829         1.61944585      5.25712010      0.73778560
1512  829         1.58775946      5.27187606      0.71269289
1513  829         1.55705065      5.29693996      0.71103521
1514  829         1.52863452      5.31319142      0.73550649
1515  829         1.49876861      5.30157753      0.77866704
1516  829         1.46070498      5.27127892      0.82080855
1517  829         1.41456247      5.25470337      0.87558234
1518  829         1.37224547      5.27491708      0.96935081
1519  829         1.33549225      5.33412132      1.07360673
1520  829         1.31225348      5.39226540      1.15668293
1521  829         1.29941791      5.44063493      1.21928115
1522  829         1.30491973      5.46190825      1.24653555
1523  829         1.31893843      5.45794492      1.22798493
1524  829         1.32310278      5.44384462      1.18080925
1525  829         1.30133841      5.43909691      1.13512151
1526  829         1.25517950      5.46384765      1.11098777
1527  829         1.21177150      5.49897330      1.09719332
1528  829         1.16941255      5.53255164      1.07460065
1529  829         1.13290242      5.55698553      1.04141050
1530  829         1.11249868      5.57231764      1.01258924
1531  829         1.11301114      5.57722703      0.99114928
1532  829         1.13686793      5.57426061      0.98451784
1533  829         1.17898044      5.57871346      0.96881817
1534  829         1.20169555      5.61674038      0.93870449
1535  829         1.20610905      5.68911028      0.89913077
1536  829         1.19814739      5.77611376      0.87198104
1537  829         1.17668939      5.85024197      0.84199315
1538  829         1.16428648      5.90002428      0.83680869
1539  829         1.16152232      5.94227837      0.86528334
1540  829         1.15489387      5.98312585      0.91918526
1541  829         1.13307047      6.00412457      0.97447940
1542  829         1.11258828      5.98864275      1.00121761
1543  829         1.09778663      5.96119419      1.00677162
1544  829         1.08278042      5.95403308      1.00622376
1545  829         1.06705857      5.97942049      1.00152446
1546  829         1.05638075      6.03213652      0.99126384
1547  829         1.06170256      6.09201497      0.99337679
1548  829         1.09446793      6.15362181      1.00112176
1549  829         1.13129347      6.19371763      1.00967817
1550  829         1.14635443      6.20856372      1.01335933
1551  829         1.12599112      6.18984241      1.00507365
1552  829         1.07577015      6.15046336      0.99510684
1553  829         1.01658174      6.11566697      0.99736721
1554  829         0.97329018      6.08784311      1.02703424
1555  829         0.96342437      6.05196097      1.06714367
1556  829         0.97053074      6.02357354      1.11658160
1557  829         0.96856784      6.00461162      1.18418395
1558  829         0.95288388      5.96991852      1.24619627
1559  829         0.91924035      5.93489128      1.27794500
1560  829         0.86777162      5.90840301      1.27421817
1561  829         0.80727010      5.90438922      1.25240872
1562  829         0.73216362      5.90967794      1.21727919
1563  829         0.66289479      5.91589124      1.17677408
1564  829         0.62742024      5.92224799      1.15760711
1565  829         0.63382741      5.95083369      1.17231211
1566  829         0.64811151      6.00599769      1.20026821
1567  829         0.63136002      6.04784828      1.22999923
1568  829         0.59341598      6.06824110      1.23745033
1569  829         0.55892838      6.05762595      1.19909306
1570  829         0.54062966      6.03800517      1.12815724
1571  829         0.52003131      6.01460518      1.06588162
1572  829         0.49559682      6.01824293      1.03527742
1573  829         0.47066877      6.06027814      1.01792290
1574  829         0.46919101      6.13372003      1.00072604
1575  829         0.49640928      6.20929035      1.00956711
1576  829         0.54210026      6.26692461      1.03528695
1577  829         0.58649885      6.31821573      1.05114262
1578  829         0.60821449      6.35087219      1.03032307
1579  829         0.59813797      6.37175657      0.98762745
1580  829         0.58791586      6.37683442      0.94028212
1581  829         0.60800617      6.36934551      0.87262717
1582  829         0.65428977      6.35034919      0.80754321
1583  829         0.70778321      6.32026440      0.76182798
1584  829         0.75592044      6.29475927      0.74481185
1585  829         0.79190274      6.27222836      0.75260939
1586  829         0.81920543      6.24739883      0.78084767
1587  829         0.85279279      6.23732484      0.78521548
1588  829         0.89882619      6.24557108      0.73726383
1589  829         0.94096360      6.26830219      0.64229393
1590  829         0.98514801      6.28486143      0.53481102
1591  829         1.04535197      6.28948977      0.44786779
1592  829         1.11925429      6.28321099      0.38279396
1593  829         1.18105572      6.27339463      0.33493163
1594  829         1.22776068      6.28012503      0.31548996
1595  829         1.25669228      6.29896005      0.33499913
1596  829         1.27523469      6.31866910      0.38634997
1597  829         1.29696084      6.31091279      0.45187611
1598  829         1.34415448      6.28533700      0.51269450
1599  829         1.42416415      6.26260331      0.56819638
1600  829         1.52258886      6.24152352      0.61383039
1601  829         1.58778064      6.21611063      0.66126550
1602  829         1.60430489      6.20052942      0.70172176
1603  829         1.59255519      6.20504366      0.73424733
1604  829         1.56047043      6.23447095      0.76954902
1605  829         1.51251512      6.25834610      0.79783365
1606  829         1.47910888      6.28306039      0.81627992
1607  829         1.49097601      6.32206905      0.83494284
1608  829         1.52843696      6.38309795      0.85477754
1609  829         1.56350598      6.46353412      0.86944764
1610  829         1.58682830      6.53006915      0.87390618
1611  829         1.61028952      6.56235221      0.86475240
1612  829         1.62281002      6.57335180      0.85058544
1613  829         1.60978149      6.56559107      0.82454560
1614  829         1.59791216      6.53722425      0.81244192
1615  829         1.59904290      6.51479393      0.80658379
1616  829         1.63396515      6.53829049      0.78831603
1617  829         1.67518723      6.60324055      0.78840793
1618  829         1.70910302      6.66005009      0.82876208
1619  829         1.73660842      6.70135453      0.88919620
1620  829         1.76572389      6.72388224      0.94676538
1621  829         1.78340947      6.72523302      0.99261852
1622  829         1.77327248      6.70716699      1.00142497
1623  829         1.75462695      6.67130729      1.00042484
1624  829         1.75992330      6.63388517      1.01779525
1625  829         1.78040122      6.60320524      1.03012151
1626  829         1.77602057      6.59821731      0.99752667
1627  829         1.74001999      6.62012068      0.92627240
1628  829         1.70556888      6.67885292      0.85713059
1629  829         1.68290632      6.76281037      0.81367257
1630  829         1.67586816      6.85055566      0.79051904
1631  829         1.68836574      6.89456347      0.77545902
1632  829         1.70127543      6.89543488      0.76284941
1633  829         1.70185749      6.88862641      0.75237549
1634  829         1.69654342      6.89062324      0.73388675
1635  829         1.68766849      6.89286381      0.69615613
1636  829         1.67450894      6.89846323      0.65710585
1637  829         1.64221804      6.91136599      0.64510868
1638  829         1.61609574      6.93330490      0.65594705
1639  829         1.61137285      6.96793364      0.65174195
1640  829         1.62682202      7.00680157      0.62958766
1641  829         1.63169272      7.03736768      0.60939376
1642  829         1.61691920      7.03285585      0.59989332
1643  829         1.60635699      7.00862855      0.61503280
1644  829         1.60078092      6.96899774      0.65673248
1645  829         1.59147178      6.93508117      0.69721319
1646  829         1.57940876      6.91888228      0.71981432
1647  829         1.56334334      6.91413522      0.72310005
1648  829         1.54822487      6.91361213      0.69322777
1649  829         1.51412318      6.91645666      0.65436503
1650  829         1.45495139      6.91643599      0.62813766
1651  829         1.37796370      6.92026550      0.63095871
1652  829         1.29967444      6.93145545      0.66021692
1653  829         1.23034063      6.95458820      0.70263308
1654  829         1.18116919      6.98111627      0.75735691
1655  829         1.15023110      6.99091304      0.80646431
1656  829         1.13641627      6.97673663      0.83653091
1657  829         1.12524042      6.95967016      0.82355561
1658  829         1.11273442      6.95232216      0.78938518
1659  829         1.10058770      6.94669434      0.76050297
1660  829         1.09319216      6.93649309      0.75125970
1661  829         1.08062136      6.93832177      0.76293475
1662  829         1.07058255      6.96729986      0.79683937
1663  829         1.06202632      6.97698070      0.83219383
1664  829         1.04411619      6.93185476      0.87778427
1665  829         1.03631264      6.84724974      0.91754050
1666  829         1.04294634      6.78209410      0.94125362
1667  829         1.05189651      6.77175123      0.96673783
1668  829         1.04155079      6.79363913      1.00952655
1669  829         1.01338757      6.82545589      1.07222791
1670  829         1.01488353      6.85562135      1.11704652
1671  829         1.06265043      6.87490043      1.13603652
1672  829         1.12285102      6.88844980      1.12927655
1673  829         1.15990602      6.87684230      1.10799826
1674  829         1.18137946      6.85112754      1.06413910
1675  829         1.19561806      6.83135379      0.99783606
1676  829         1.20089602      6.86089381      0.92133190
1677  829         1.20141135      6.94227046      0.85903734
1678  829         1.22635561      7.01401627      0.83531136
1679  829         1.28639681      7.03217769      0.83165219
1680  829         1.34646265      6.99641505      0.82227803
1681  829         1.36897095      6.96595230      0.80126273
1682  829         1.35878061      6.95181740      0.78301718
1683  829         1.32727672      6.93467874      0.78522389
1684  829         1.27320906      6.92144498      0.82355560
1685  829         1.21500997      6.92734336      0.87431829
1686  829         1.17652445      6.93411718      0.93005368
1687  829         1.14990543      6.92357170      0.99974186
1688  829         1.12242843      6.93118443      1.07825633
1689  829         1.10435644      6.95078137      1.13710159
1690  829         1.09978042      6.97266179      1.18763802
1691  829         1.09059198      6.96639697      1.23450638
1692  829         1.06795059      6.92994689      1.24701708
1693  829         1.03252695      6.89129236      1.21234744
1694  829         0.99665943      6.87603529      1.15341644
1695  829         0.97173662      6.87198940      1.11218068
1696  829         0.97333786      6.85572871      1.09762697
1697  829         1.02202566      6.85590741      1.10286826
1698  829         1.06811650      6.90143675      1.11533983
1699  829         1.07324436      6.95711043      1.13246755
1700  829         1.05093307      6.94581666      1.12199668
1701  829         1.04108110      6.85557938      1.08897147
1702  829         1.05489485      6.76904641      1.08189527
1703  829         1.07886944      6.74922199      1.11948288
1704  829         1.09935948      6.78247434      1.12493361
1705  829         1.10607350      6.82263642      1.07023345
1706  829         1.10192531      6.83212236      1.00257962
1707  829         1.09215381      6.82184329      0.97293976
1708  829         1.07536653      6.81387511      0.97627706
1709  829         1.07036031      6.83363047      0.99306959
1710  829         1.07543962      6.86447717      1.02566087
1711  829         1.06438931      6.87844382      1.06685673
1712  829         1.05420942      6.87225634      1.10171396
1713  829         1.06555272      6.85009225      1.09858921
1714  829         1.07036339      6.83675750      1.06253395
1715  829         1.06564413      6.83426818      1.02422926
1716  829         1.06878889      6.86939597      0.99470669
1717  829         1.08351047      6.90663891      0.98255316
1718  829         1.10542388      6.91285213      1.00288797
1719  829         1.12546954      6.92289486      1.04239945
1720  829         1.14198932      6.91936071      1.07870291
1721  829         1.15244680      6.86468204      1.10865745
1722  829         1.16516022      6.79535107      1.12397436
1723  829         1.18064413      6.73795971      1.16370198
1724  829         1.19965707      6.70459659      1.21798245
1725  829         1.23096863      6.69016650      1.25335782
1726  829         1.26054675      6.68189031      1.22052511
1727  829         1.29658277      6.69442612      1.17125331
1728  829         1.34786693      6.72880748      1.15453466
1729  829         1.38936078      6.76437440      1.15090795
1730  829         1.40969670      6.80351626      1.16024491
1731  829         1.40679720      6.83550888      1.18179891
1732  829         1.40052794      6.85580433      1.20453265
1733  829         1.39305021      6.88652326      1.21865203
1734  829         1.38168998      6.91656283      1.24183382
1735  829         1.35813346      6.94232686      1.27225809
1736  829         1.33168510      6.97578350      1.30029475
1737  829         1.32386100      7.02315139      1.30669366
1738  829         1.34712911      7.07255517      1.31609982
1739  829         1.39993831      7.10155283      1.34184949
1740  829         1.44624927      7.10292851      1.39170933
1741  829         1.48046468      7.07932965      1.42292622
1742  829         1.50172260      7.04391012      1.41572158
1743  829         1.49242120      7.00871544      1.40105657
1744  829         1.47349049      6.99958608      1.39410158
1745  829         1.45304388      7.02314735      1.39350665
1746  829         1.44979556      7.07423676      1.39257597
1747  829         1.45502275      7.13958252      1.39448259
1748  829         1.43204121      7.20132790      1.37591756
1749  829         1.39203824      7.26173482      1.33546107
1750  829         1.36954798      7.31192008      1.27632254
1751  829         1.37079573      7.34174493      1.21641244
1752  829         1.38020563      7.34273868      1.15616869
1753  829         1.39036690      7.34272265      1.10582312
1754  829         1.38390759      7.36110591      1.05997733
1755  829         1.36715355      7.37720060      1.02483989
1756  829         1.32430514      7.35065820      1.01101947
1757  829         1.27284879      7.28977606      1.00041194
1758  829         1.23352598      7.26113965      0.98884251
1759  829         1.19894073      7.30121405      0.99305045
1760  829         1.15592150      7.39737023      0.98306658
1761  829         1.10329334      7.48979807      0.92113212
1762  829         1.06421170      7.55948404      0.87301803
1763  829         1.02712655      7.61774290      0.87680619
1764  829         0.99487886      7.65749933      0.91071521
1765  829         0.94820609      7.67735033      0.94822191
1766  829         0.89483601      7.69055994      0.96545201
1767  829         0.83081069      7.71997220      0.97385842
1768  829         0.76386698      7.77820367      0.98099945
1769  829         0.70389645      7.84565606      0.96904752
1770  829         0.66313620      7.88756841      0.96836288
1771  829         0.63921572      7.91178913      0.97779081
1772  829         0.63114439      7.89318150      0.96288407
1773  829         0.62493976      7.83988163      0.93536614
1774  829         0.61588927      7.76245025      0.92603726
1775  829         0.59509411      7.71047107      0.94355987
1776  829         0.57597918      7.70373979      0.96829688
1777  829         0.57161457      7.74141479      0.97747942
1778  829         0.58260049      7.78687245      0.97315169
1779  829         0.58480123      7.82228655      0.95670184
1780  829         0.54212874      7.84028867      0.93551918
1781  829         0.47642513      7.85237392      0.92538733
1782  829         0.42801907      7.86880067      0.93587066
1783  829         0.40229023      7.88370070      0.95667854
1784  829         0.38074385      7.86676710      0.96169633
1785  829         0.39585132      7.82048637      0.94062866
1786  829         0.45099044      7.77065238      0.91090975
1787  829         0.52481940      7.73587998      0.89852404
1788  829         0.57925582      7.73378962      0.90758362
1789  829         0.59316122      7.76564062      0.93923310
1790  829         0.58325888      7.82874751      0.98538317
1791  829         0.55427238      7.90745294      1.03243831
1792  829         0.50516278      7.98315757      1.07435573
1793  829         0.43392542      8.04293804      1.10497220
1794  829         0.38138992      8.08466938      1.13672154
1795  829         0.35576172      8.11857850      1.16452408
1796  829         0.35691525      8.13818572      1.18381719
1797  829         0.36993793      8.14432031      1.19942826
1798  829         0.37278884      8.15586137      1.19310085
1799  829         0.35167065      8.17691825      1.17312444
1800  829         0.33694646      8.21858452      1.16441502
1801  829         0.35270246      8.25296738      1.16601367
1802  829         0.37515032      8.27759961      1.15912670
1803  829         0.36142773      8.31773498      1.14406130
1804  829         0.31755388      8.38194371      1.13020939
1805  829         0.27036920      8.47034007      1.12392580
1806  829         0.24100857      8.54146206      1.10694179
1807  829         0.24665902      8.58136910      1.07853072
1808  829         0.26841890      8.61060201      1.05940034
1809  829         0.26289849      8.63872657      1.05074200
1810  829         0.23200808      8.67608285      1.03067262
1811  829         0.20668021      8.70088884      1.02154972
1812  829         0.19757027      8.71224430      1.02688358
1813  829         0.19392457      8.71632662      1.04077862
1814  829         0.18252129      8.74134545      1.04630123
1815  829         0.14881442      8.77108216      1.06486862
1816  829         0.08596402      8.78842308      1.09166998
1817  829         0.01441332      8.78102435      1.09422054
1818  829        -0.02876138      8.74203498      1.09796104
1819  829        -0.06067978      8.69885963      1.10808164
1820  829        -0.12740727      8.68539035      1.12276416
1821  829        -0.19822904      8.69766703      1.14017468
1822  829        -0.25309941      8.72257194      1.14963748
1823  829        -0.27709177      8.74813594      1.14815266
1824  829        -0.28995495      8.75099791      1.16310966
1825  829        -0.30499952      8.74519297      1.18387726
1826  829        -0.32232438      8.73536278      1.19497101
1827  829        -0.33065670      8.72546691      1.19622070
1828  829        -0.34587971      8.72877849      1.17858683
1829  829        -0.35818861      8.75040062      1.14028270
1830  829        -0.36479085      8.76515169      1.10375500
1831  829        -0.36497276      8.77465427      1.06909137
1832  829        -0.34842433      8.79316056      1.02598005
1833  829        -0.32669172      8.82462050      0.96931745
1834  829        -0.31135017      8.87482979      0.89796269
1835  829        -0.32420990      8.90200379      0.82754357
1836  829        -0.31841172      8.90861179      0.78383774
1837  829        -0.27274383      8.90060834      0.76737570
1838  829        -0.23123355      8.88118427      0.74678737
1839  829        -0.24952113      8.85280269      0.71811268
1840  829        -0.28670076      8.81724901      0.67873756
1841  829        -0.28822515      8.78350304      0.63971772
1842  829        -0.27220018      8.77620654      0.60350385
1843  829        -0.27020249      8.81576614      0.57690816
1844  829        -0.28344512      8.88474209      0.56216529
1845  829        -0.28421296      8.93288373      0.56605539
1846  829        -0.28784285      8.94209694      0.57443751
1847  829        -0.30548937      8.92329467      0.58265435
1848  829        -0.33422667      8.88737512      0.59718027
1849  829        -0.35308519      8.86467830      0.61997134
1850  829        -0.39054429      8.86900320      0.64184118
1851  829        -0.44345341      8.88449383      0.64505524
1852  829        -0.46973308      8.89140341      0.63512256
1853  829        -0.49041975      8.87271751      0.61689338
1854  829        -0.51255628      8.84324626      0.61661016
1855  829        -0.54316964      8.81147660      0.60760938
1856  829        -0.53426142      8.77842016      0.61077077
1857  829        -0.47373771      8.76705627      0.61356536
1858  829        -0.39941717      8.75640167      0.62400814
1859  829        -0.31928159      8.74798396      0.65724238
1860  829        -0.25672587      8.74118538      0.69547014
1861  829        -0.20487440      8.72722157      0.70604964
1862  829        -0.16399144      8.69602840      0.69288613
1863  829        -0.13730595      8.65389735      0.67414683
1864  829        -0.12291839      8.62090848      0.65744452
1865  829        -0.10174779      8.60433550      0.65493721
1866  829        -0.07688981      8.59036036      0.65968669
1867  829        -0.04621764      8.55764023      0.68274564
1868  829        -0.02654625      8.51286767      0.71606719
1869  829        -0.01238036      8.48291076      0.75753844
1870  829        -0.02689100      8.47704423      0.77380605
1871  829        -0.06812099      8.48272493      0.75219962
1872  829        -0.11786585      8.49545355      0.71040399
1873  829        -0.14999862      8.49136505      0.66497966
1874  829        -0.12931051      8.45266371      0.63162193
1875  829        -0.07678274      8.39105868      0.61274284
1876  829        -0.00775141      8.34891202      0.61089450
1877  829         0.05097552      8.35113911      0.61507421
1878  829         0.10567905      8.37780493      0.62671976
1879  829         0.17213638      8.40908792      0.65159612
1880  829         0.24897080      8.42483284      0.68852287
1881  829         0.32709902      8.40808706      0.72093749
1882  829         0.37989477      8.37222609      0.74423450
1883  829         0.40829586      8.35020129      0.76321843
1884  829         0.42213085      8.34341681      0.78926026
1885  829         0.42982010      8.34712826      0.82599559
1886  829         0.45263425      8.36116653      0.87297727
1887  829         0.48475523      8.38015916      0.91033416
1888  829         0.51108547      8.39193842      0.92267606
1889  829         0.51335193      8.40466602      0.92300039
1890  829         0.49139762      8.42580058      0.92275775
1891  829         0.45927669      8.46164690      0.93094244
1892  829         0.43177505      8.49172098      0.93258292
1893  829         0.42729507      8.48957076      0.94884305
1894  829         0.44801277      8.45985007      0.97945073
1895  829         0.47547393      8.44507045      1.01056039
1896  829         0.48392618      8.46074303      1.02924361
1897  829         0.47460397      8.49106918      1.03376327
1898  829         0.44899326      8.52742574      1.03757335
1899  829         0.42087400      8.56046733      1.04769601
1900  829         0.38225254      8.59426148      1.07352492
1901  829         0.35070255      8.61597233      1.09560874
1902  829         0.32481162      8.63242294      1.10873572
1903  829         0.31585874      8.64491619      1.11056226
1904  829         0.31944656      8.66934249      1.10033556
1905  829         0.32617400      8.69813145      1.07391462
1906  829         0.32776690      8.73478289      1.05125383
1907  829         0.32751746      8.78202846      1.04204355
1908  829         0.34437766      8.82610031      1.03774313
1909  829         0.38988351      8.86317139      1.03341028
1910  829         0.45640701      8.88971444      1.04442366
1911  829         0.51816462      8.90443877      1.03414251
1912  829         0.57191396      8.91471493      0.97541460
1913  829         0.59873601      8.91785910      0.87974763
1914  829         0.59628658      8.91605598      0.78476231
1915  829         0.57532158      8.93754287      0.70099713
1916  829         0.54104521      8.97468669      0.62914666
1917  829         0.47803006      9.01183376      0.57046030
1918  829         0.40140995      9.04167327      0.52160691
1919  829         0.34074633      9.04827460      0.48610105
1920  829         0.31749675      9.03125631      0.44211513
1921  829         0.31132013      8.98723432      0.41064310
1922  829         0.29726859      8.93404228      0.39333690
1923  829         0.28293541      8.89166693      0.37591192
1924  829         0.27528930      8.86166767      0.36661999
1925  829         0.26202586      8.86916869      0.36383160
1926  829         0.22873569      8.92102652      0.35447662
1927  829         0.20973180      8.97537504      0.34552728
1928  829         0.23824162      8.95940837      0.34636133
1929  829         0.29131566      8.88335554      0.35318288
1930  829         0.32587947      8.80403280      0.36951849
1931  829         0.33520782      8.74698823      0.40945495
1932  829         0.32846422      8.70587988      0.47115911
1933  829         0.30148655      8.68571876      0.54124107
1934  829         0.26717631      8.68494485      0.60594936
1935  829         0.24286093      8.68980794      0.67684929
1936  829         0.24443547      8.68582298      0.75347988
1937  829         0.23311649      8.68008711      0.83223900
1938  829         0.18240759      8.68036213      0.90820942
1939  829         0.10735012      8.67386420      0.96950646
1940  829         0.05609220      8.65639658      1.01520057
1941  829         0.04116555      8.63189483      1.06048056
1942  829         0.04286508      8.59294606      1.10054720
1943  829         0.04331701      8.52108114      1.13478657
1944  829         0.02125439      8.42527010      1.15947749
1945  829         0.00522016      8.34052490      1.17379929
1946  829         0.00173633      8.29711980      1.18343099
1947  829        -0.00850376      8.27584131      1.17720458
1948  829        -0.03365976      8.25761796      1.15517861
1949  829        -0.04689135      8.24498969      1.09832189
1950  829        -0.03814768      8.24750197      1.02779623
1951  829        -0.00403294      8.25047933      0.96100235
1952  829         0.03524615      8.23638833      0.90044734
1953  829         0.06902368      8.20502314      0.87911209
1954  829         0.09614171      8.16939892      0.89079268
1955  829         0.11628893      8.14866464      0.90721458
1956  829         0.13317814      8.15262229      0.90851769
1957  829         0.13724327      8.16668263      0.91065390
1958  829         0.12592972      8.17657055      0.94556421
1959  829         0.12391308      8.17736055      0.98687198
1960  829         0.15136271      8.14245567      1.02080630
1961  829         0.17526054      8.11014913      1.04505411
1962  829         0.16453381      8.12962676      1.03580679
1963  829         0.14620631      8.18060936      0.96737909
1964  829         0.14035465      8.20294976      0.85413197
1965  829         0.14131384      8.21074750      0.73020739
1966  829         0.13880471      8.23114118      0.61987959
1967  829         0.12206673      8.25132650      0.52969171
1968  829         0.10782909      8.24377343      0.48314519
1969  829         0.11639694      8.20925162      0.51916750
1970  829         0.14112929      8.18704128      0.58650624
1971  829         0.17128401      8.19905544      0.63196139
1972  829         0.17697149      8.24085639      0.65553115
1973  829         0.16427102      8.29434202      0.69146361
1974  829         0.15173773      8.34547037      0.74598472
1975  829         0.14274703      8.37975901      0.79183655
1976  829         0.15542351      8.40694578      0.82706278
1977  829         0.18714111      8.42305272      0.85064036
1978  829         0.21437500      8.39829420      0.86197843
1979  829         0.23823763      8.32974470      0.86835561
1980  829         0.26142693      8.24830449      0.88267333
1981  829         0.28838075      8.18339053      0.89154712
1982  829         0.31229452      8.13185788      0.88747934
1983  829         0.33054517      8.07881991      0.85387712
1984  829         0.33242067      8.03039950      0.81613114
1985  829         0.31613325      7.98796694      0.78556936
1986  829         0.29502054      7.94396306      0.78084132
1987  829         0.27925936      7.90099826      0.79107322
1988  829         0.26819023      7.88669589      0.79575738
1989  829         0.27316815      7.89745451      0.81484457
1990  829         0.28767975      7.88507284      0.84370216
1991  829         0.29406562      7.84476555      0.86990382
1992  829         0.29181812      7.79639738      0.88484638
1993  829         0.30647109      7.73384386      0.90139813
1994  829         0.32975939      7.67136955      0.90620018
1995  829         0.32383310      7.60655018      0.90989397
1996  829         0.32432539      7.54526354      0.94133980
1997  829         0.31242658      7.51774493      0.96976542
1998  829         0.28108911      7.52173395      0.97111475
1999  829         0.23332282      7.52354434      0.94448264
2000  829         0.17029716      7.51047204      0.92137823
2001  829         0.11453758      7.50612183      0.91483545
2002  829         0.11747283      7.54421037      0.93957973
2003  829         0.17114971      7.60054267      0.97657284
2004  829         0.21049425      7.63039232      1.01407847
2005  829         0.21361776      7.63774909      1.05457167
2006  829         0.19266651      7.62451119      1.09049989
2007  829         0.18582838      7.61534290      1.10351080
2008  829         0.20439382      7.61989913      1.07629536
2009  829         0.24419671      7.64247776      1.02165286
2010  829         0.29596674      7.67494265      0.95904757
2011  829         0.35048045      7.70139903      0.92029201
2012  829         0.40053213      7.71108322      0.92989931
2013  829         0.44487429      7.69248472      0.96090572
2014  829         0.48922875      7.66408796      0.95484551
2015  829         0.53029328      7.64615552      0.90491299
2016  829         0.57041070      7.62508044      0.84011931
2017  829         0.58441346      7.59319295      0.79289576
2018  829         0.58205120      7.56711230      0.76592066
2019  829         0.58620234      7.56454846      0.74899920
2020  829         0.61173684      7.58812779      0.71645897
2021  829         0.66349387      7.62304906      0.67090882
2022  829         0.71529481      7.65424872      0.63018311
2023  829         0.75325198      7.63971037      0.59848990
2024  829         0.75559614      7.58062213      0.58709489
2025  829         0.74017410      7.52545856      0.60103802
2026  829         0.73444875      7.51409559      0.61394133
2027  829         0.75906079      7.53498125      0.60779709
2028  829         0.80206154      7.53884114      0.57579543
2029  829         0.84140202      7.53047589      0.51130567
2030  829         0.86143227      7.52231020      0.43460175
2031  829         0.87444967      7.51492077      0.36432117
2032  829         0.89273660      7.48989909      0.34881278
2033  829         0.91095406      7.42868527      0.39359767
2034  829         0.93428970      7.35678809      0.48264412
2035  829         0.94065958      7.31434730      0.57717052
2036  829         0.92407883      7.31740471      0.63534702
2037  829         0.89677555      7.33857595      0.63869449
2038  829         0.89104184      7.35360756      0.61128848
2039  829         0.91168014      7.36608324      0.58714614
2040  829         0.94252215      7.37604253      0.56552971
2041  829         0.96177831      7.35965943      0.54721189
2042  829         0.96970482      7.32287487      0.54591066
2043  829         0.96740304      7.28573976      0.58437759
2044  829         0.95225540      7.26947845      0.64626252
2045  829         0.93384480      7.27778259      0.69925936
2046  829         0.92956340      7.32856410      0.72673056
2047  829         0.95247810      7.42710539      0.75165049
2048  829         0.98499315      7.52916044      0.78643067
2049  829         1.01681061      7.60124470      0.81517346
2050  829         1.04190359      7.62325217      0.81835117
2051  829         1.05827450      7.59784790      0.82362154
2052  829         1.06517228      7.56146805      0.81782039
2053  829         1.07024597      7.53380885      0.78069342
2054  829         1.05707742      7.51459031      0.70627088
2055  829         0.99809366      7.51984846      0.60704433
2056  829         0.92135546      7.55759043      0.56637612
2057  829         0.86368121      7.63532044      0.60158837
2058  829         0.84921630      7.73004819      0.68489189
2059  829         0.86548463      7.81274044      0.77453345
2060  829         0.89333854      7.85506627      0.85142777
2061  829         0.91762308      7.85830801      0.88474044
2062  829         0.92261555      7.85070181      0.88197553
2063  829         0.91634960      7.85320831      0.86211028
2064  829         0.91479009      7.87407832      0.83450517
2065  829         0.91918768      7.91312689      0.80702797
2066  829         0.92524749      7.97641958      0.76705764
2067  829         0.94075917      8.03194216      0.71622476
2068  829         0.94226704      8.07025474      0.65097085
2069  829         0.91443970      8.09023683      0.58413428
2070  829         0.86517383      8.10239567      0.51172474
2071  829         0.83337306      8.11960107      0.46804681
2072  829         0.82857392      8.17902154      0.46385940
2073  829         0.83597286      8.23481895      0.49268162
2074  829         0.84354325      8.26764375      0.53719859
2075  829         0.84893582      8.30823833      0.57628091
2076  829         0.85130980      8.35227563      0.61554836
2077  829         0.85792840      8.38935566      0.63292430
2078  829         0.88065522      8.42119224      0.63768308
2079  829         0.90687176      8.46143117      0.62045684
2080  829         0.90838950      8.48061695      0.59103847
2081  829         0.88119684      8.48748578      0.57124531
2082  829         0.84573998      8.47617967      0.57302381
2083  829         0.80661288      8.44412295      0.59444401
2084  829         0.77718690      8.42116206      0.62673551
2085  829         0.75347717      8.40780704      0.65134069
2086  829         0.75904275      8.39304647      0.64351916
2087  829         0.78670153      8.38141221      0.59645247
2088  829         0.80835124      8.39759527      0.54725473
2089  829         0.80294980      8.42392520      0.54081334
2090  829         0.79364567      8.45590548      0.55861957
2091  829         0.79988859      8.51564790      0.57641574
2092  829         0.80105116      8.60253452      0.57682190
2093  829         0.78531193      8.67980402      0.58421721
2094  829         0.74578502      8.71321119      0.60936252
2095  829         0.68730369      8.72382510      0.64310999
2096  829         0.63810372      8.75514981      0.66968120
2097  829         0.63241002      8.82032029      0.66296901
2098  829         0.65398011      8.87246028      0.64480176
2099  829         0.68263344      8.91875491      0.64465498
2100  829         0.68332371      8.96329069      0.67439751
2101  829         0.64218033      9.00487204      0.69654849
2102  829         0.57796738      9.03425677      0.68873398
2103  829         0.51992166      9.05152368      0.67180241
2104  829         0.50326720      9.08083387      0.68707490
2105  829         0.51298833      9.11084771      0.70084919
2106  829         0.55157531      9.15039064      0.68133623
2107  829         0.62484446      9.23308278      0.63481836
2108  829         0.70505578      9.32271166      0.58665475
2109  829         0.73478981      9.38009524      0.57184157
2110  829         0.70095660      9.38666209      0.56739501
2111  829         0.66103737      9.38656781      0.56567343
2112  829         0.63530411      9.42661472      0.57583666
2113  829         0.61659187      9.47080385      0.59378488
2114  829         0.58439611      9.47046956      0.61538749
2115  829         0.51772591      9.44162077      0.64781557
2116  829         0.42671876      9.44071263      0.70145040
2117  829         0.35795842      9.47631283      0.77422824
2118  829         0.34141537      9.49443555      0.85416381
2119  829         0.37465691      9.47129200      0.91359761
2120  829         0.42672628      9.45980747      0.93868537
2121  829         0.49207322      9.48922367      0.91034554
2122  829         0.56436100      9.52060368      0.83311219
2123  829         0.61392451      9.53447101      0.74499845
2124  829         0.64254789      9.55194399      0.68468540
2125  829         0.66221268      9.59515185      0.66454182
2126  829         0.67841959      9.63643019      0.69295064
2127  829         0.66421799      9.63924100      0.75636670
2128  829         0.62308084      9.59476878      0.82386096
2129  829         0.59312292      9.55724862      0.87896670
2130  829         0.60169298      9.56095721      0.91588883
2131  829         0.64241371      9.61645933      0.91513350
2132  829         0.69216625      9.68943148      0.87831940
2133  829         0.72463821      9.71740386      0.84366806
2134  829         0.73243374      9.69987189      0.83734365
2135  829         0.73445473      9.63859233      0.85484031
2136  829         0.73182110      9.58633850      0.87441232
2137  829         0.70581185      9.56040706      0.89128034
2138  829         0.66052964      9.54033957      0.89135663
2139  829         0.60532994      9.52321540      0.88462076
2140  829         0.55416470      9.52716646      0.86167764
2141  829         0.51310163      9.55224351      0.82589089
2142  829         0.48894414      9.57388662      0.78420484
2143  829         0.49742292      9.58104281      0.73961820
2144  829         0.49904130      9.57778626      0.70330560
2145  829         0.47269076      9.56144374      0.68924474
2146  829         0.43900247      9.52495662      0.69675640
2147  829         0.43091708      9.48366141      0.70399370
2148  829         0.45565834      9.44760001      0.70209357
2149  829         0.47697712      9.43920737      0.70492909
2150  829         0.49143065      9.47940647      0.73043814
2151  829         0.50791439      9.51564116      0.79592023
2152  829         0.52997683      9.48927602      0.86569163
2153  829         0.55605362      9.43450551      0.90847133
2154  829         0.55640339      9.40920837      0.91710081
2155  829         0.52577037      9.41711009      0.87231380
2156  829         0.47919716      9.42537340      0.79285331
2157  829         0.42619816      9.42584787      0.72834643
2158  829         0.37991082      9.43777922      0.69281928
2159  829         0.33729049      9.47370010      0.68641815
2160  829         0.30923603      9.51535321      0.70781445
2161  829         0.29990507      9.54010526      0.74186394
2162  829         0.28324218      9.54664035      0.76880827
2163  829         0.25387903      9.55028325      0.78953306
2164  829         0.21961504      9.54199703      0.80218969
2165  829         0.20475237      9.49792243      0.82879870
2166  829         0.20036693      9.43556977      0.87295236
2167  829         0.18928563      9.39026075      0.92704615
2168  829         0.15543573      9.37779586      0.99978552
2169  829         0.10890762      9.39362759      1.08334215
2170  829         0.06554575      9.42431126      1.15358098
2171  829         0.00762623      9.45764507      1.19835187
2172  829        -0.04898202      9.48820005      1.20811065
2173  829        -0.08575733      9.51781163      1.19353712
2174  829        -0.11695465      9.54360942      1.17540039
2175  829        -0.15268154      9.54076950      1.16262178
2176  829        -0.17272732      9.48871023      1.15467669
2177  829        -0.16568599      9.39575714      1.14709164
2178  829        -0.14464155      9.31695527      1.14656002
2179  829        -0.13142442      9.29572904      1.15995315
2180  829        -0.14009952      9.32235356      1.18512865
2181  829        -0.15096815      9.34874026      1.20740260
2182  829        -0.16691662      9.34786444      1.21992103
2183  829        -0.18826959      9.31434061      1.21098621
2184  829        -0.21076000      9.26151216      1.18894531
2185  829        -0.21051617      9.19633228      1.16827396
2186  829        -0.18584393      9.12758129      1.14764009
2187  829        -0.15203460      9.06724848      1.12775236
2188  829        -0.13794948      9.01018573      1.11364066
2189  829        -0.15923896      8.97475047      1.11142478
2190  829        -0.20862797      8.97982971      1.11477620
2191  829        -0.26655380      9.02019473      1.11379232
2192  829        -0.30361366      9.06411837      1.09771863
2193  829        -0.32620874      9.07680391      1.06969091
2194  829        -0.34422272      9.04429320      1.03209059
2195  829        -0.38223671      8.97853044      0.99770158
2196  829        -0.43488982      8.90934203      0.97160819
2197  829        -0.49303564      8.87299023      0.93989435
2198  829        -0.54533380      8.88632119      0.89610246
2199  829        -0.59444113      8.92468538      0.83612010
2200  829        -0.65528177      8.97938619      0.76994620
2201  829        -0.73285636      9.04926225      0.69905849
2202  829        -0.81660482      9.12496926      0.64887774
2203  829        -0.87341855      9.19131890      0.61067298
2204  829        -0.88429828      9.23429500      0.57042978
2205  829        -0.85858233      9.26133131      0.53218782
2206  829        -0.82811205      9.28558214      0.48941669
2207  829        -0.80181070      9.31019571      0.44257679
2208  829        -0.78361363      9.33100733      0.38122653
2209  829        -0.77271451      9.34308138      0.30529875
2210  829        -0.76658594      9.35003079      0.24845258
2211  829        -0.77011610      9.36577424      0.22513160
2212  829        -0.77445914      9.38147539      0.21708714
2213  829        -0.77143748      9.38554414      0.22502853
2214  829        -0.74344096      9.36256222      0.23861709
2215  829        -0.69440987      9.35406344      0.24810966
2216  829        -0.64244872      9.39407523      0.24085549
2217  829        -0.61786770      9.46390479      0.20467799
2218  829        -0.63131282      9.52846628      0.15395556
2219  829        -0.67063014      9.56978025      0.09691694
2220  829        -0.69787859      9.60736234      0.04369944
2221  829        -0.70605825      9.64754539      0.01430634
2222  829        -0.68691265      9.68421857      0.00479507
2223  829        -0.65851984      9.71608048     -0.00632685
2224  829        -0.62074458      9.76051328     -0.03231844
2225  829        -0.56585579      9.82157823     -0.08071020
2226  829        -0.49087893      9.88493356     -0.13843221
2227  829        -0.41448850      9.94448107     -0.20180276
2228  829        -0.37036496      9.99250798     -0.25849684
2229  829        -0.35614526     10.03910882     -0.28085489
2230  829        -0.33930340     10.07136822     -0.27315900
2231  829        -0.29944563     10.06986276     -0.26640268
2232  829        -0.26001990     10.04231520     -0.27796543
2233  829        -0.22941177      9.99499805     -0.30565382
2234  829        -0.22112502      9.93613612     -0.31889273
2235  829        -0.24471793      9.88191055     -0.32697079
2236  829        -0.28926365      9.84936887     -0.36112052
2237  829        -0.32770129      9.87724714     -0.43514757
2238  829        -0.36958294      9.95312591     -0.53072346
2239  829        -0.42761460     10.02003644     -0.63190136
2240  829        -0.49478448     10.04767174     -0.73732346
2241  829        -0.55293217     10.03443292     -0.84291355
2242  829        -0.60026316      9.99693481     -0.93320859
2243  829        -0.65801959      9.95842829     -0.99612327
2244  829        -0.74879879      9.92633901     -1.02164898
2245  829        -0.86459005      9.89380473     -1.02554181
2246  829        -0.95185462      9.83692860     -1.02770621
2247  829        -1.00320238      9.74242455     -1.03204551
2248  829        -1.04612532      9.62183439     -1.04260763
2249  829        -1.10251938      9.51513024     -1.06450921
2250  829        -1.16713687      9.45255328     -1.09686453
2251  829        -1.24733925      9.41274850     -1.12674995
2252  829        -1.31748932      9.35456027     -1.15560931
2253  829        -1.36853545      9.26979337     -1.18086750
2254  829        -1.41518493      9.19040013     -1.19133263
2255  829        -1.45337581      9.12099542     -1.17120818
2256  829        -1.48289542      9.06231949     -1.13576546
2257  829        -1.48110656      9.01724888     -1.10020900
2258  829        -1.46314709      8.97794031     -1.08163051
2259  829        -1.44186033      8.92725725     -1.08769198
2260  829        -1.45031586      8.86073946     -1.09715003
2261  829        -1.47439221      8.81505509     -1.10311863
2262  829        -1.50426851      8.79771943     -1.11860373
2263  829        -1.52658298      8.78093844     -1.15254652
2264  829        -1.54093990      8.73328274     -1.19121617
2265  829        -1.54250362      8.67474095     -1.21870286
2266  829        -1.51577554      8.63840361     -1.21781435
2267  829        -1.48784710      8.63594477     -1.18337943
2268  829        -1.45707811      8.64871850     -1.13540560
2269  829        -1.42922711      8.65903488     -1.10311823
2270  829        -1.40501871      8.66883140     -1.10176594
2271  829        -1.40240397      8.66922220     -1.10370303
2272  829        -1.41431780      8.64870336     -1.10845091
2273  829        -1.43734938      8.61520253     -1.11940078
2274  829        -1.47605473      8.59295201     -1.12434659
2275  829        -1.51245004      8.60282860     -1.09495657
2276  829        -1.55062378      8.64752826     -1.04090788
2277  829        -1.58042096      8.71842827     -0.99471139
2278  829        -1.61052946      8.81020954     -0.95166072
2279  829        -1.61907816      8.89239339     -0.88323224
2280  829        -1.60553494      8.91828865     -0.80470888
2281  829        -1.55924529      8.89350566     -0.71128052
2282  829        -1.51206838      8.84313928     -0.58594052
2283  829        -1.48384939      8.77802196     -0.44933375
2284  829        -1.45551445      8.71275380     -0.33373148
2285  829        -1.44443039      8.67783132     -0.25446069
2286  829        -1.46955564      8.68411623     -0.20497783
2287  829        -1.54376569      8.73174771     -0.16440979
2288  829        -1.62023397      8.79726926     -0.12857732
2289  829        -1.67550617      8.86979057     -0.11169520
2290  829        -1.67707772      8.95463641     -0.11650490
2291  829        -1.65242876      9.02574284     -0.13902683
2292  829        -1.61697462      9.05543355     -0.14147226
2293  829        -1.57526718      9.04185834     -0.12215605
2294  829        -1.51816245      9.00548777     -0.08052703
2295  829        -1.45276379      8.97614182     -0.02357893
2296  829        -1.41586489      8.96965441      0.02451448
2297  829        -1.41338405      8.98384930      0.05043215
2298  829        -1.46080771      9.02298524      0.06412368
2299  829        -1.53634150      9.07841580      0.08067770
2300  829        -1.60725775      9.14466331      0.10263011
2301  829        -1.63581174      9.19734316      0.12916700
2302  829        -1.63156618      9.21419369      0.15804902
2303  829        -1.61474820      9.18519812      0.19851034
2304  829        -1.60557839      9.15343279      0.23111584
2305  829        -1.62510249      9.13463132      0.25713165
2306  829        -1.65454850      9.12348320      0.28129959
2307  829        -1.69667469      9.10346204      0.30019050
2308  829        -1.69814215      9.06681587      0.28477883
2309  829        -1.66001184      9.04071639      0.26017633
2310  829        -1.60794622      9.01970720      0.26674384
2311  829        -1.56012620      8.99783949      0.29795098
2312  829        -1.51368861      8.96349641      0.31989641
2313  829        -1.47443780      8.94005720      0.32496659
2314  829        -1.47195387      8.93427226      0.33425421
2315  829        -1.49002808      8.93683353      0.33664470
2316  829        -1.51045560      8.93816654      0.32777009
2317  829        -1.51916207      8.92665590      0.30955703
2318  829        -1.53571834      8.89623079      0.29474129
2319  829        -1.55691911      8.86104267      0.32140773
2320  829        -1.55843537      8.82168561      0.36903422
2321  829        -1.52236156      8.77415963      0.39930862
2322  829        -1.45996855      8.73216999      0.41590462
2323  829        -1.40943258      8.68390995      0.43680528
2324  829        -1.39131458      8.64669153      0.47192879
2325  829        -1.39507973      8.62499477      0.51396899
2326  829        -1.40041997      8.61411812      0.54741684
2327  829        -1.41048507      8.58617318      0.59246458
2328  829        -1.40949246      8.54460745      0.64940982
2329  829        -1.39273951      8.50555866      0.69988515
2330  829        -1.37700363      8.48160832      0.72520010
2331  829        -1.38466905      8.47832356      0.73710786
2332  829        -1.42449644      8.48128183      0.74926919
2333  829        -1.46348150      8.48991381      0.76647971
2334  829        -1.49079574      8.50679557      0.78483798
2335  829        -1.50308554      8.53015142      0.77562899
2336  829        -1.51329837      8.54674640      0.75162674
2337  829        -1.52611683      8.55768839      0.74655308
2338  829        -1.55187369      8.55993739      0.75715168
2339  829        -1.57214632      8.57653630      0.76856076
2340  829        -1.58210546      8.61848906      0.77840802
2341  829        -1.59671911      8.67220081      0.79156578
2342  829        -1.61521924      8.71156569      0.83035202
2343  829        -1.64106437      8.72410185      0.87031403
2344  829        -1.68800514      8.71381797      0.90929527
2345  829        -1.75256805      8.67569619      0.94143168
2346  829        -1.83825171      8.63399566      0.96395650
2347  829        -1.90629423      8.61062455      0.96314057
2348  829        -1.92238719      8.60648460      0.95393334
2349  829        -1.90470953      8.59051716      0.95536322
2350  829        -1.89863976      8.58278233      0.97458914
2351  829        -1.93026758      8.59189249      0.99958575
2352  829        -1.98468921      8.61296989      1.00717890
2353  829        -2.03243074      8.65243451      1.02015886
2354  829        -2.06674322      8.70579312      1.04044621
2355  829        -2.09923667      8.76245478      1.06937385
2356  829        -2.12571006      8.79190507      1.08474496
2357  829        -2.13456622      8.79608907      1.08676218
2358  829        -2.13850818      8.78846996      1.08213714
2359  829        -2.13671460      8.77263385      1.07005785
2360  829        -2.13750704      8.74619570      1.05100102
2361  829        -2.13688255      8.73056770      1.02940662
2362  829        -2.14217323      8.74298009      1.00490419
2363  829        -2.14504653      8.76673474      0.99541824
2364  829        -2.15576606      8.77730032      1.01387989
2365  829        -2.17542369      8.76814038      1.04158074
2366  829        -2.20243448      8.75061569      1.05851169
2367  829        -2.23410877      8.73942582      1.04651332
2368  829        -2.24116490      8.72922213      1.02280349
2369  829        -2.24407934      8.70105281      1.00948960
2370  829        -2.26751285      8.65681780      1.01959244
2371  829        -2.31437220      8.60939221      1.05487302
2372  829        -2.33007410      8.58296080      1.10078998
2373  829        -2.30276566      8.57081564      1.14219287
2374  829        -2.26706318      8.55116744      1.18957542
2375  829        -2.26841859      8.53823718      1.23815654
2376  829        -2.29736524      8.52605251      1.27357009
2377  829        -2.32697587      8.49850642      1.28257244
2378  829        -2.34323504      8.46168664      1.26467538
2379  829        -2.36590144      8.43575027      1.25805369
2380  829        -2.41065191      8.41101796      1.26274138
2381  829        -2.46623605      8.39887888      1.28603780
2382  829        -2.51998815      8.41001152      1.33182134
2383  829        -2.56107167      8.44221903      1.37498864
2384  829        -2.56904297      8.47823618      1.37566029
2385  829        -2.54994798      8.51093406      1.35117752
2386  829        -2.52433862      8.54127562      1.31963724
2387  829        -2.50726489      8.55394566      1.29029133
2388  829        -2.49016719      8.53427929      1.27557709
2389  829        -2.46568875      8.49285324      1.28109414
2390  829        -2.42538684      8.44129184      1.29348053
2391  829        -2.38036401      8.37994696      1.28921092
2392  829        -2.35246437      8.31854948      1.26939655
2393  829        -2.35619849      8.27698770      1.24629817
2394  829        -2.37439934      8.26093398      1.23498365
2395  829        -2.36089701      8.25726416      1.22813163
2396  829        -2.28227992      8.26682099      1.22768068
2397  829        -2.17280133      8.28096897      1.22457724
2398  829        -2.10404781      8.28094249      1.22677448
2399  829        -2.10244813      8.26663070      1.24368754
2400  829        -2.14003672      8.25223031      1.24731737
2401  829        -2.14977238      8.26229438      1.21720000
2402  829        -2.10867408      8.28678201      1.15875203
2403  829        -2.04636811      8.28648365      1.11754028
2404  829        -2.01261236      8.25141695      1.11044013
2405  829        -2.01224575      8.20951690      1.13343851
2406  829        -2.01336908      8.17843537      1.16555874
2407  829        -1.99640642      8.16892151      1.20867515
2408  829        -1.96038551      8.18278299      1.25049910
2409  829        -1.92476216      8.20371986      1.26071413
2410  829        -1.90364037      8.19258757      1.22016615
2411  829        -1.92111303      8.13129222      1.16325718
2412  829        -1.96282120      8.04206198      1.13155096
2413  829        -1.99336147      7.95270631      1.12755976
2414  829        -1.97712374      7.87977100      1.14886935
2415  829        -1.92769544      7.82181413      1.16999748
2416  829        -1.90209004      7.79355731      1.19323375
2417  829        -1.91828570      7.78546086      1.20840560
2418  829        -1.95232917      7.77770006      1.20938061
2419  829        -1.98047927      7.79466354      1.17283985
2420  829        -1.99723308      7.82412836      1.12286519
2421  829        -1.99880321      7.83003972      1.10032336
2422  829        -1.99667315      7.78634671      1.11449988
2423  829        -2.00985491      7.73444479      1.16766518
2424  829        -2.01806529      7.71132874      1.24499637
2425  829        -2.00489669      7.71424756      1.32067314
2426  829        -1.98192264      7.72749100      1.35987498
2427  829        -1.94445163      7.73864319      1.36410390
2428  829        -1.90598989      7.74945074      1.34940196
2429  829        -1.87991369      7.74480375      1.33990707
2430  829        -1.86612218      7.71963240      1.32914005
2431  829        -1.86002463      7.68684135      1.31833202
2432  829        -1.86858105      7.68108158      1.31157992
2433  829        -1.90325023      7.68691018      1.31825732
2434  829        -1.95515287      7.68449543      1.34790284
2435  829        -2.01931491      7.67585646      1.39485425
2436  829        -2.09718975      7.69482013      1.46271050
2437  829        -2.16931962      7.73479956      1.54293262
2438  829        -2.20849353      7.76497430      1.59574498
2439  829        -2.21546479      7.74052002      1.58285785
2440  829        -2.18791734      7.69201450      1.55105570
2441  829        -2.14035557      7.66592421      1.53486382
2442  829        -2.08816715      7.67273125      1.52641271
2443  829        -2.05202041      7.70065425      1.50015082
2444  829        -2.04579845      7.72751649      1.46515264
2445  829        -2.06987475      7.74775304      1.43730316
2446  829        -2.11512379      7.76070262      1.39858499
2447  829        -2.17166522      7.76977520      1.33302057
2448  829        -2.23627770      7.76400044      1.25359676
2449  829        -2.29385743      7.76169316      1.18718732
2450  829        -2.31997834      7.76928793      1.15046774
2451  829        -2.31103024      7.79526818      1.13871776
2452  829        -2.26523374      7.81596604      1.14685395
2453  829        -2.18920773      7.82669908      1.16962418
2454  829        -2.11740483      7.82229923      1.19981618
2455  829        -2.07667435      7.80471116      1.22248506
2456  829        -2.05801836      7.78368265      1.22565141
2457  829        -2.04701678      7.75881604      1.21749343
2458  829        -2.04283727      7.74183300      1.20736134
2459  829        -2.05030457      7.72313174      1.19686687
2460  829        -2.07129581      7.70474226      1.16772131
2461  829        -2.08858931      7.68296715      1.11667148
2462  829        -2.07821540      7.66551930      1.05514395
2463  829        -2.05161745      7.64216382      1.00174280
2464  829        -2.04153525      7.61462122      0.97498167
2465  829        -2.05671700      7.59781950      0.97718440
2466  829        -2.08545180      7.60709561      1.00439872
2467  829        -2.09437785      7.64611508      1.04248172
2468  829        -2.08731324      7.69714817      1.06556601
2469  829        -2.10310066      7.72254342      1.05368903
2470  829        -2.15773974      7.69861151      1.00229469
2471  829        -2.20214478      7.64554310      0.93841725
2472  829        -2.20379050      7.61428860      0.88965013
2473  829        -2.17768481      7.63777012      0.85853610
2474  829        -2.17495109      7.69221087      0.86135960
2475  829        -2.20144298      7.74285752      0.88039478
2476  829        -2.23252193      7.77837954      0.90705606
2477  829        -2.24644114      7.81337681      0.92687072
2478  829        -2.23290095      7.84201104      0.94397026
2479  829        -2.21162316      7.86362444      0.95773000
2480  829        -2.19049468      7.87901366      0.96723450
2481  829        -2.17197703      7.88732030      0.98260219
2482  829        -2.16178381      7.89035545      1.01016061
2483  829        -2.15960378      7.89503452      1.06338717
2484  829        -2.15803612      7.90966476      1.11879825
2485  829        -2.15080440      7.91471225      1.14416030
2486  829        -2.11186328      7.89451174      1.13723016
2487  829        -2.05647157      7.85104927      1.13324672
2488  829        -2.00075205      7.80280098      1.13584887
2489  829        -1.95057230      7.75733196      1.14418096
2490  829        -1.91635747      7.72157489      1.14744045
2491  829        -1.88239285      7.69858424      1.15475905
2492  829        -1.84502325      7.69859982      1.18498699
2493  829        -1.80053102      7.70383057      1.23150689
2494  829        -1.75934496      7.69651664      1.27865526
2495  829        -1.72470620      7.68269089      1.31738294
2496  829        -1.69022596      7.66598434      1.34244709
2497  829        -1.65696947      7.65525147      1.35441342
2498  829        -1.62618134      7.62135848      1.36537195
2499  829        -1.60112616      7.55482865      1.37121664
2500  829        -1.58337046      7.48243911      1.39361476
2501  829        -1.57445691      7.43971556      1.41837231
2502  829        -1.56879499      7.42954623      1.43138485
2503  829        -1.57538115      7.43505801      1.41930137
2504  829        -1.57984816      7.45401358      1.39721432
2505  829        -1.57046773      7.48755403      1.40134822
2506  829        -1.55183090      7.53020565      1.44887057
2507  829        -1.53093746      7.58523693      1.52092819
2508  829        -1.52360980      7.64879746      1.56990441
2509  829        -1.51509709      7.70332280      1.58242396
2510  829        -1.51362795      7.74678606      1.57088236
2511  829        -1.52070564      7.78032127      1.55314901
2512  829        -1.53833643      7.80649310      1.54889946
2513  829        -1.54701945      7.81294692      1.57009869
2514  829        -1.54193408      7.81630201      1.60844966
2515  829        -1.52465793      7.83999640      1.64954225
2516  829        -1.49186182      7.88377170      1.67518325
2517  829        -1.44813079      7.93829820      1.68163590
2518  829        -1.41660800      7.99420439      1.66985716
2519  829        -1.40565086      8.04752552      1.65024919
2520  829        -1.40499208      8.09330611      1.62890377
2521  829        -1.40197409      8.15065186      1.62085421
2522  829        -1.39982446      8.22201008      1.62335628
2523  829        -1.39453776      8.31635071      1.62408105
2524  829        -1.35952675      8.41215277      1.62363176
2525  829        -1.28825439      8.49477443      1.64863519
2526  829        -1.21327673      8.55370936      1.69917671
2527  829        -1.16412980      8.60305246      1.74112207
2528  829        -1.14163325      8.64574861      1.76450309
2529  829        -1.14540414      8.65759100      1.76644742
2530  829        -1.16212672      8.63521557      1.75845167
2531  829        -1.18991227      8.61422333      1.75429975
2532  829        -1.20715939      8.61373006      1.77231338
2533  829        -1.18976234      8.61056956      1.80876503
2534  829        -1.16448539      8.58295956      1.83672710
2535  829        -1.17018039      8.54193710      1.83595852
2536  829        -1.20111251      8.50636208      1.82660732
2537  829        -1.22708165      8.49215470      1.83016297
2538  829        -1.22947071      8.49998729      1.83464111
2539  829        -1.21398151      8.50727368      1.81555642
2540  829        -1.18594269      8.49432760      1.79041735
2541  829        -1.17514787      8.46051618      1.77654301
2542  829        -1.20762259      8.42565915      1.77217974
2543  829        -1.26057677      8.38779665      1.76470058
2544  829        -1.28339463      8.34847720      1.77696877
2545  829        -1.25633133      8.33664854      1.81325038
2546  829        -1.20866271      8.34805140      1.85726622
2547  829        -1.16959954      8.36760980      1.88256168
2548  829        -1.14312682      8.38425086      1.88785281
2549  829        -1.14234649      8.38990341      1.88065990
2550  829        -1.18190126      8.36895434      1.85514167
2551  829        -1.24704403      8.32484982      1.82839067
2552  829        -1.28647019      8.28040128      1.83886507
2553  829        -1.27082040      8.24307426      1.89789105
2554  829        -1.21032677      8.20026252      1.96042226
2555  829        -1.12629494      8.15158113      1.99113839
2556  829        -1.02902699      8.11564033      2.01386563
2557  829        -0.93835416      8.11718774      2.03643652
2558  829        -0.86757548      8.13971737      2.04649482
2559  829        -0.81982483      8.16531438      2.04789222
2560  829        -0.77564559      8.20416545      2.05124027
2561  829        -0.72693702      8.25499507      2.06175477
2562  829        -0.67365682      8.30058619      2.05263495
2563  829        -0.62851671      8.33420800      2.01993423
2564  829        -0.58371460      8.35462756      1.99880022
2565  829        -0.53584815      8.37586711      2.00156338
2566  829        -0.47506574      8.38752579      1.99612976
2567  829        -0.41095086      8.38842345      1.97052291
2568  829        -0.36534085      8.37946899      1.93388027
2569  829        -0.36294008      8.37774402      1.92548532
2570  829        -0.39901719      8.39087232      1.93065451
2571  829        -0.43853397      8.41381531      1.92285726
2572  829        -0.45870626      8.43801170      1.89486211
2573  829        -0.44782732      8.45411694      1.88180824
2574  829        -0.41193086      8.45316420      1.89014895
2575  829        -0.33073799      8.45910922      1.92624661
2576  829        -0.23846839      8.46020231      1.99039052
2577  829        -0.15373081      8.43294847      2.04970932
2578  829        -0.10562879      8.39336317      2.07718105
2579  829        -0.10231191      8.36093538      2.09169661
2580  829        -0.12160433      8.34369269      2.12744195
2581  829        -0.13627835      8.32795095      2.17222597
2582  829        -0.13664403      8.29549342      2.20238746
2583  829        -0.13946978      8.24789702      2.21834300
2584  829        -0.14046881      8.20320837      2.22870196
2585  829        -0.11339415      8.18196971      2.22557633
2586  829        -0.06980017      8.18493988      2.20376560
2587  829        -0.03435390      8.20047149      2.17572742
2588  829        -0.00199218      8.21046310      2.15067666
2589  829         0.03087344      8.21275244      2.12622680
2590  829         0.07452367      8.20208770      2.10116918
2591  829         0.12353266      8.16416316      2.07554401
2592  829         0.16047496      8.09769368      2.05145845
2593  829         0.15398302      8.02496063      2.03964737
2594  829         0.10865895      7.96532390      2.05633858
2595  829         0.05009067      7.93951105      2.08152639
2596  829        -0.00162979      7.94129566      2.10118514
2597  829        -0.04131525      7.94360224      2.12190616
2598  829        -0.05666599      7.93668425      2.14525055
2599  829        -0.04192881      7.92297805      2.15457816
2600  829        -0.01278997      7.92615522      2.15504260
2601  829         0.03082079      7.94286697      2.14599012
2602  829         0.05826976      7.96757588      2.13447261
2603  829         0.07784496      7.95739803      2.10773012
2604  829         0.09735837      7.89918509      2.06413623
2605  829         0.12022168      7.83318938      2.04517144
2606  829         0.11794734      7.82788012      2.04593632
2607  829         0.09587703      7.86912434      2.04071909
2608  829         0.06713210      7.90046119      2.02199060
2609  829         0.06881938      7.90013994      2.01739876
2610  829         0.10020792      7.87142104      2.03753888
2611  829         0.13404891      7.83678730      2.06339929
2612  829         0.16616972      7.82238651      2.06323550
2613  829         0.19510075      7.85302016      2.02605379
2614  829         0.21592946      7.90261770      1.95906131
2615  829         0.23341192      7.93894823      1.87487625
2616  829         0.25825454      7.94599677      1.77656151
2617  829         0.27373697      7.93639709      1.68660128
2618  829         0.26174896      7.92779399      1.63319341
2619  829         0.21404193      7.90272947      1.61102980
2620  829         0.16253899      7.84178789      1.57609890
2621  829         0.10745891      7.76743839      1.53818282
2622  829         0.04170293      7.70882554      1.51190088
2623  829        -0.02439827      7.65453999      1.50130587
2624  829        -0.06958296      7.60889335      1.50766312
2625  829        -0.08188081      7.55372257      1.50905283
2626  829        -0.06539094      7.48611602      1.49389992
2627  829        -0.02847920      7.42952785      1.46176828
2628  829         0.02281099      7.40400484      1.43055675
2629  829         0.07591382      7.38994457      1.40138108
2630  829         0.12368549      7.36361688      1.36998087
2631  829         0.16129386      7.31019791      1.32621677
2632  829         0.17953808      7.23454627      1.27422471
2633  829         0.18381525      7.17233256      1.23540390
2634  829         0.17705961      7.12747962      1.20879989
2635  829         0.17397637      7.10820319      1.20220463
2636  829         0.16628120      7.08931234      1.20742265
2637  829         0.14184181      7.06111287      1.20755801
2638  829         0.10316576      7.01000504      1.19039786
2639  829         0.07676716      6.96237105      1.18455520
2640  829         0.06953024      6.93175753      1.20593759
2641  829         0.07188995      6.90857691      1.23996508
2642  829         0.06671407      6.87528212      1.26630042
2643  829         0.04510245      6.82696716      1.27971656
2644  829         0.00865373      6.77551542      1.27616304
2645  829        -0.02903488      6.73160294      1.24662372
2646  829        -0.07085350      6.68200109      1.21095861
2647  829        -0.12622655      6.60777274      1.20436162
2648  829        -0.18302259      6.51137630      1.22489990
2649  829        -0.22261418      6.41812110      1.24030908
2650  829        -0.25147712      6.34905113      1.24109342
2651  829        -0.28047288      6.31023551      1.23850348
2652  829        -0.32622391      6.28809679      1.24468563
2653  829        -0.38008698      6.27273595      1.25537369
2654  829        -0.41794785      6.27407049      1.26111262
2655  829        -0.43991489      6.26511668      1.24609064
2656  829        -0.46435907      6.25178965      1.23665127
2657  829        -0.50470677      6.24485129      1.22536340
2658  829        -0.52318602      6.23278503      1.21879375
2659  829        -0.50582721      6.20906812      1.21762897
2660  829        -0.46322943      6.16620602      1.22697263
2661  829        -0.43992302      6.13238639      1.25500236
2662  829        -0.47709085      6.12259564      1.27960751
2663  829        -0.55114608      6.11255209      1.28746393
2664  829        -0.61933412      6.11077929      1.27567142
2665  829        -0.64126362      6.11919064      1.24862906
2666  829        -0.63748063      6.13037393      1.20633401
2667  829        -0.62674538      6.13952314      1.13533098
2668  829        -0.61819089      6.16131692      1.04652285
2669  829        -0.62076060      6.20629138      0.98246494
2670  829        -0.61887719      6.25203005      0.96717205
2671  829        -0.61660555      6.27935743      0.98541104
2672  829        -0.62047027      6.27468488      1.00589311
2673  829        -0.63626588      6.25908839      1.02390919
2674  829        -0.66429212      6.24302298      1.05110765
2675  829        -0.70491797      6.22069308      1.07513979
2676  829        -0.72955025      6.20358980      1.08517641
2677  829        -0.71283988      6.18973493      1.08155428
2678  829        -0.65832278      6.18321290      1.07712859
2679  829        -0.62779866      6.19841176      1.08757641
2680  829        -0.64395351      6.23568222      1.11599628
2681  829        -0.66716665      6.24327808      1.15216968
2682  829        -0.68836513      6.21989062      1.18065469
2683  829        -0.71642006      6.16410923      1.19385973
2684  829        -0.73413406      6.09078506      1.18016465
2685  829        -0.73505927      6.00167310      1.15500238
2686  829        -0.73281273      5.90806328      1.14399138
2687  829        -0.73976952      5.83898833      1.14625002
2688  829        -0.74373546      5.82033947      1.15128234
2689  829        -0.73212156      5.85035884      1.15798155
2690  829        -0.71075583      5.89692116      1.16258446
2691  829        -0.68469290      5.92962888      1.17202944
2692  829        -0.64467191      5.93382841      1.18097137
2693  829        -0.59269427      5.91084683      1.16993727
2694  829        -0.55824623      5.86577070      1.13831699
2695  829        -0.55327089      5.80413679      1.11335236
2696  829        -0.56352836      5.75616883      1.09955609
2697  829        -0.58482287      5.75740946      1.10403425
2698  829        -0.62204069      5.80134938      1.09959489
2699  829        -0.67673225      5.82290777      1.08421320
2700  829        -0.72339260      5.78746876      1.06403229
2701  829        -0.75300714      5.72274998      1.04343110
2702  829        -0.76856416      5.67695625      1.02054834
2703  829        -0.78629044      5.64103068      0.99895801
2704  829        -0.80245525      5.59205982      0.97776659
2705  829        -0.82328727      5.53254443      0.96470384
2706  829        -0.86181023      5.48938567      0.95673803
2707  829        -0.92003021      5.46250753      0.95259850
2708  829        -0.99427384      5.44365773      0.95746893
2709  829        -1.07025964      5.42702087      0.97132891
2710  829        -1.14448253      5.41421252      1.00693735
2711  829        -1.20780442      5.41560738      1.04386496
2712  829        -1.25843784      5.42504745      1.05929246
2713  829        -1.27998159      5.44904901      1.06296401
2714  829        -1.26042339      5.49144765      1.06591831
2715  829        -1.20325191      5.53873295      1.06361388
2716  829        -1.12489851      5.56397646      1.06236709
2717  829        -1.06957660      5.57257679      1.08042996
2718  829        -1.05145036      5.58113481      1.13435182
2719  829        -1.04471479      5.60336415      1.21824690
2720  829        -1.02353597      5.63842795      1.29337545
2721  829        -0.99565803      5.68367021      1.33940315
2722  829        -0.96560505      5.73801933      1.34610711
2723  829        -0.92006056      5.77429078      1.34360295
2724  829        -0.85198354      5.78044638      1.33547657
2725  829        -0.77557429      5.76895312      1.32385869
2726  829        -0.70398228      5.76089462      1.32689220
2727  829        -0.63759744      5.76830912      1.37409029
2728  829        -0.57599172      5.78975721      1.45391604
2729  829        -0.51577987      5.81492446      1.53695333
2730  829        -0.45099982      5.83558917      1.60867076
2731  829        -0.36965264      5.84544494      1.65612572
2732  829        -0.27348208      5.83978065      1.66115176
2733  829        -0.18416458      5.82056353      1.62318209
2734  829        -0.10023781      5.79773283      1.57621113
2735  829        -0.04031348      5.77370250      1.54566026
2736  829        -0.01569045      5.75412392      1.55260845
2737  829        -0.00189161      5.73480454      1.60902083
2738  829         0.01374528      5.71526441      1.70893809
2739  829         0.02618732      5.70880809      1.81553212
2740  829         0.04000668      5.71428207      1.89533389
2741  829         0.05989585      5.72548207      1.93396503
2742  829         0.08575355      5.73154788      1.91975170
2743  829         0.13250998      5.74297762      1.84845544
2744  829         0.18506495      5.77392882      1.73459241
2745  829         0.22447175      5.81425730      1.63242339
2746  829         0.25174056      5.83048565      1.57334059
2747  829         0.29028082      5.80590799      1.55293067
2748  829         0.33791203      5.77297849      1.51845279
2749  829         0.37757629      5.77187635      1.45618943
2750  829         0.40433121      5.81681853      1.38630404
2751  829         0.42924170      5.87487612      1.33179863
2752  829         0.45111788      5.92361212      1.28449242
2753  829         0.46231940      5.97118701      1.23263162
2754  829         0.45905816      6.03578712      1.16793915
2755  829         0.44801950      6.11483574      1.08051955
2756  829         0.42839128      6.19291773      0.98187211
2757  829         0.40288690      6.26701072      0.88738840
2758  829         0.39097685      6.33163981      0.81969518
2759  829         0.40996781      6.37636684      0.78023466
2760  829         0.46396093      6.40925216      0.76727372
2761  829         0.54067873      6.43210251      0.74799072
2762  829         0.63615767      6.43489470      0.70624302
2763  829         0.72948403      6.44127650      0.63398261
2764  829         0.81380409      6.45378915      0.54529569
2765  829         0.87902828      6.45518811      0.46639790
2766  829         0.92854285      6.42277499      0.39123200
2767  829         0.97297008      6.37086018      0.33023677
2768  829         1.02188500      6.32725272      0.29580413
2769  829         1.06489726      6.32734677      0.26217972
2770  829         1.09815302      6.35180042      0.18150630
2771  829         1.13419979      6.35189196      0.05778976
2772  829         1.16808868      6.31972551     -0.07965104
2773  829         1.20818727      6.28094553     -0.18907411
2774  829         1.25617161      6.26085305     -0.24993933
2775  829         1.30921239      6.25167957     -0.29322417
2776  829         1.36262285      6.23833183     -0.34552999
2777  829         1.42893721      6.21345631     -0.40833793
2778  829         1.48404078      6.18846567     -0.45482413
2779  829         1.51546432      6.18134663     -0.48604345
2780  829         1.54224229      6.18608200     -0.51058362
2781  829         1.56581704      6.18084870     -0.55251658
2782  829         1.58342796      6.17180475     -0.61875954
2783  829         1.57178113      6.17341012     -0.69079551
2784  829         1.53246337      6.19119685     -0.74802584
2785  829         1.47351791      6.22415818     -0.79191725
2786  829         1.42201740      6.24649411     -0.83745082
2787  829         1.37958799      6.24719513     -0.88772448
2788  829         1.35479795      6.24918347     -0.93131191
2789  829         1.32611680      6.28165984     -0.95057945
2790  829         1.27720258      6.33942083     -0.93650753
2791  829         1.22976927      6.39620178     -0.92318595
2792  829         1.19072865      6.44299203     -0.93698685
2793  829         1.15441227      6.48853477     -0.98567662
2794  829         1.11698733      6.55127478     -1.04269601
2795  829         1.11072371      6.64050701     -1.08744252
2796  829         1.14300024      6.75247415     -1.12222657
2797  829         1.19709777      6.86661304     -1.13835206
2798  829         1.23710664      6.95916252     -1.13535151
2799  829         1.26218254      7.01483177     -1.12783498
2800  829         1.28404403      7.04440897     -1.12190085
2801  829         1.29818165      7.07450025     -1.13299679
2802  829         1.31298935      7.09281159     -1.16062124
2803  829         1.33613946      7.08979966     -1.20715974
2804  829         1.36270934      7.07044333     -1.26036461
2805  829         1.37503905      7.05789479     -1.30925661
2806  829         1.37395030      7.05541494     -1.35184266
2807  829         1.36540651      7.06510179     -1.35849647
2808  829         1.37293946      7.10565048     -1.33402594
2809  829         1.39850136      7.14890876     -1.33676946
2810  829         1.42279124      7.16731909     -1.40820907
2811  829         1.43071797      7.16856562     -1.51613038
2812  829         1.41353899      7.17164639     -1.59646800
2813  829         1.38431657      7.18963932     -1.61594909
2814  829         1.35027467      7.21627751     -1.59901261
2815  829         1.31407179      7.25850062     -1.59117141
2816  829         1.27859103      7.29633392     -1.59566904
2817  829         1.26325413      7.29848373     -1.59128691
2818  829         1.27393804      7.25753178     -1.55683496
2819  829         1.30585908      7.20306314     -1.50830290
2820  829         1.34398449      7.18916877     -1.47359754
2821  829         1.38093482      7.22193177     -1.47170411
2822  829         1.40216901      7.26992826     -1.48635266
2823  829         1.40244121      7.30283709     -1.50005810
2824  829         1.39443174      7.31018888     -1.49714194
2825  829         1.38185984      7.31494420     -1.49708579
2826  829         1.36088527      7.34112500     -1.50985707
2827  829         1.34138205      7.38162423     -1.51635693
2828  829         1.31421509      7.40988371     -1.48555977
2829  829         1.26905199      7.43812162     -1.43327610
2830  829         1.22738340      7.49342960     -1.40927529
2831  829         1.21211088      7.59912488     -1.41290841
2832  829         1.21114502      7.71837547     -1.41426307
2833  829         1.20322337      7.80923351     -1.38284220
2834  829         1.19176217      7.83322277     -1.33761923
2835  829         1.17760717      7.80014560     -1.30705475
2836  829         1.15907115      7.72727623     -1.31024193
2837  829         1.14180161      7.63162472     -1.34997744
2838  829         1.12429693      7.54647217     -1.40232496
2839  829         1.10993943      7.48414613     -1.45929294
2840  829         1.10994382      7.44775969     -1.49722521
2841  829         1.10910173      7.43793983     -1.50477729
2842  829         1.09378382      7.46026816     -1.48166103
2843  829         1.05464164      7.50308703     -1.47108794
2844  829         0.98294825      7.54708740     -1.48679961
2845  829         0.89301563      7.57395621     -1.51395141
2846  829         0.80596702      7.57031569     -1.50211881
2847  829         0.74881692      7.54108943     -1.44609679
2848  829         0.71978489      7.51871806     -1.38974159
2849  829         0.71889649      7.51631468     -1.35654706
2850  829         0.74273184      7.52621909     -1.34940630
2851  829         0.78387961      7.55355621     -1.37200014
2852  829         0.81700289      7.61323283     -1.41756013
2853  829         0.83410884      7.70757755     -1.45360170
2854  829         0.84992713      7.80302974     -1.43778396
2855  829         0.87001092      7.87293347     -1.38164507
2856  829         0.89140022      7.91108011     -1.33494096
2857  829         0.88851906      7.92617895     -1.32237058
2858  829         0.84828726      7.92517448     -1.33833860
2859  829         0.77804829      7.90429396     -1.36643259
2860  829         0.69926242      7.85492577     -1.38550210
2861  829         0.62509234      7.77809904     -1.38405679
2862  829         0.56536082      7.71128155     -1.35266055
2863  829         0.52279840      7.71430740     -1.30817048
2864  829         0.52127173      7.77696576     -1.27071110
2865  829         0.53290096      7.85398678     -1.26582679
2866  829         0.52120774      7.91024209     -1.28868051
2867  829         0.49541800      7.94801888     -1.32591464
2868  829         0.46966431      7.96761640     -1.37154422
2869  829         0.45630768      7.96330065     -1.39842358
2870  829         0.45510669      7.93737078     -1.38524086
2871  829         0.45778950      7.91882910     -1.33381113
2872  829         0.44949468      7.90800007     -1.30121690
2873  829         0.43823003      7.89549500     -1.29533197
2874  829         0.40878802      7.91487837     -1.28767448
2875  829         0.35794906      7.97903247     -1.28240272
2876  829         0.30882316      8.03642877     -1.30806347
2877  829         0.28045545      8.04457222     -1.34018617
2878  829         0.29947932      8.05232967     -1.32692869
2879  829         0.34443846      8.09172626     -1.27122149
2880  829         0.39349494      8.14917335     -1.20727116
2881  829         0.42880529      8.19503917     -1.18104659
2882  829         0.44898714      8.22695743     -1.18523225
2883  829         0.46041690      8.28033553     -1.19387993
2884  829         0.44549435      8.34393907     -1.18684683
2885  829         0.43060041      8.40729187     -1.18329596
2886  829         0.40826953      8.45432000     -1.22884438
2887  829         0.35376001      8.51977467     -1.30814627
2888  829         0.28502391      8.62686237     -1.37341454
2889  829         0.23746988      8.74281796     -1.37716385
2890  829         0.22185551      8.82784742     -1.34428929
2891  829         0.22561077      8.91389631     -1.32180903
2892  829         0.22696267      9.01169436     -1.32442605
2893  829         0.21418256      9.07508640     -1.33211468
2894  829         0.19694064      9.09322139     -1.33094313
2895  829         0.18578914      9.09967418     -1.32306186
2896  829         0.18035402      9.12118962     -1.33279346
2897  829         0.15089702      9.14605772     -1.36305687
2898  829         0.11696210      9.16738789     -1.40859103
2899  829         0.09853410      9.17586219     -1.43303054
2900  829         0.09220986      9.16235629     -1.40660302
2901  829         0.09704475      9.16927188     -1.36163477
2902  829         0.09624280      9.20777415     -1.33023326
2903  829         0.08459499      9.24701748     -1.31794494
2904  829         0.05700145      9.28863603     -1.30664862
2905  829         0.03171292      9.34951656     -1.30459280
2906  829         0.00338551      9.42691798     -1.31580443
2907  829        -0.02516824      9.48639830     -1.32631292
2908  829        -0.05392941      9.50213290     -1.33783650
2909  829        -0.05615759      9.50356168     -1.34551771
2910  829        -0.03965081      9.51742076     -1.33201791
2911  829        -0.02400296      9.54696294     -1.29200119
2912  829        -0.01209609      9.58120139     -1.25204342
2913  829        -0.00744672      9.63471635     -1.23786563
2914  829        -0.01239557      9.69638793     -1.24704833
2915  829        -0.01942212      9.74976626     -1.23424801
2916  829        -0.00346156      9.75419542     -1.19396722
2917  829         0.03737886      9.72591560     -1.15613870
2918  829         0.08314896      9.70333178     -1.15803576
2919  829         0.11573694      9.71745358     -1.18933610
2920  829         0.13767416      9.76587716     -1.22713216
2921  829         0.15387821      9.80256688     -1.23867078
2922  829         0.16144551      9.82699501     -1.22708023
2923  829         0.17012039      9.83811920     -1.20744849
2924  829         0.18036913      9.83064919     -1.21125026
2925  829         0.18420098      9.80571189     -1.22202589
2926  829         0.18109069      9.77177500     -1.22289405
2927  829         0.17518065      9.72865622     -1.21760506
2928  829         0.19017080      9.65992208     -1.21085343
2929  829         0.24383696      9.57812457     -1.19092120
2930  829         0.32568065      9.51825377     -1.14293608
2931  829         0.39732720      9.50801105     -1.08182247
2932  829         0.43523172      9.55301522     -1.03721386
2933  829         0.46097543      9.62082237     -1.01632961
2934  829         0.49628436      9.68477358     -0.99952576
2935  829         0.54382784      9.72673731     -0.97121758
2936  829         0.58696252      9.71976257     -0.91502126
2937  829         0.61833581      9.65287856     -0.83229833
2938  829         0.65003552      9.56857637     -0.75436846
2939  829         0.67505839      9.53799998     -0.70665545
2940  829         0.67298964      9.58519877     -0.67558284
2941  829         0.65098505      9.67686573     -0.64095463
2942  829         0.62490838      9.76590819     -0.61465718
2943  829         0.62247085      9.84094553     -0.62679406
2944  829         0.62765829      9.89182953     -0.66371330
2945  829         0.63118071      9.90546827     -0.69878697
2946  829         0.63592890      9.91026710     -0.74189499
2947  829         0.63990613      9.91033778     -0.80610092
2948  829         0.61935591      9.89328980     -0.89711826
2949  829         0.55555331      9.85683982     -0.99496135
2950  829         0.46944458      9.80844969     -1.06971228
2951  829         0.41128005      9.76056592     -1.08968712
2952  829         0.40278712      9.73914014     -1.06812875
2953  829         0.43962927      9.72773128     -1.05587173
2954  829         0.51384122      9.71473356     -1.07554590
2955  829         0.58544730      9.71276431     -1.09642138
2956  829         0.62251439      9.71255828     -1.09337858
2957  829         0.60072748      9.71152761     -1.07375420
2958  829         0.54171988      9.70842949     -1.03823127
2959  829         0.46878880      9.71685412     -1.01138173
2960  829         0.39736193      9.72758799     -1.01743234
2961  829         0.33809155      9.72768792     -1.06323827
2962  829         0.29078261      9.72915417     -1.12417678
2963  829         0.25091469      9.75117037     -1.16718408
2964  829         0.21917140      9.80302549     -1.16517152
2965  829         0.18907490      9.86055276     -1.10765587
2966  829         0.16014878      9.90837035     -1.00304894
2967  829         0.11714643      9.95864747     -0.90416359
2968  829         0.07357331     10.03100474     -0.83808440
2969  829         0.04518607     10.11569548     -0.78191133
2970  829         0.03763080     10.17975392     -0.74262760
2971  829         0.03587959     10.22007901     -0.74199475
2972  829         0.01615288     10.24816091     -0.76390142
2973  829         0.00182986     10.27649813     -0.77291481
2974  829        -0.00536944     10.33052689     -0.75752646
2975  829        -0.02976351     10.40295916     -0.74285773
2976  829        -0.06416832     10.47919432     -0.74918134
2977  829        -0.08301027     10.53759554     -0.76534641
2978  829        -0.07268863     10.57771505     -0.75925440
2979  829        -0.05131968     10.61356145     -0.71976517
2980  829        -0.02852979     10.66229616     -0.68034763
2981  829        -0.00593358     10.73632459     -0.65834878
2982  829         0.02113051     10.82017323     -0.64630215
2983  829         0.05272184     10.87785460     -0.64465429
2984  829         0.07694802     10.88654276     -0.64555009
2985  829         0.09525602     10.86500744     -0.63103478
2986  829         0.11020687     10.84728615     -0.58281561
2987  829         0.12777938     10.86658327     -0.50085958
2988  829         0.14768592     10.92542288     -0.42681224
2989  829         0.17588535     10.99064018     -0.41380269
2990  829         0.18882261     11.02056832     -0.47474624
2991  829         0.19026847     10.99917271     -0.55049652
2992  829         0.20055880     10.92069230     -0.58043270
2993  829         0.22784063     10.83157494     -0.56618527
2994  829         0.24126180     10.79239411     -0.52874716
2995  829         0.24615673     10.81522974     -0.47944958
2996  829         0.26015634     10.85389439     -0.41925042
2997  829         0.26455925     10.85345487     -0.35690908
2998  829         0.24266032     10.85767716     -0.31879889
2999  829         0.21629769     10.91045912     -0.29806663
3000  829         0.20795876     10.98600292     -0.27494738
3001  829         0.22230242     11.04310706     -0.25786557
3002  829         0.23140801     11.06659168     -0.25509973
3003  829         0.19987371     11.04677289     -0.25119233
3004  829         0.17598853     10.98938518     -0.22799371
3005  829         0.19128768     10.93752279     -0.20978631
3006  829         0.25369911     10.95606982     -0.20202322
3007  829         0.33777379     11.03462098     -0.19344705
3008  829         0.43315932     11.12287157     -0.17331234
3009  829         0.50224411     11.19373658     -0.16385875
3010  829         0.54337266     11.24541100     -0.17830167
3011  829         0.58570321     11.26556125     -0.19365086
3012  829         0.64601488     11.25234846     -0.21005005
3013  829         0.70199399     11.22480439     -0.22544164
3014  829         0.74074966     11.19222214     -0.22256562
3015  829         0.77796083     11.15058768     -0.21982180
3016  829         0.81522614     11.08812454     -0.23171272
3017  829         0.87103493     11.03010507     -0.24737641
3018  829         0.93681474     11.00181758     -0.26413459
3019  829         0.99693804     11.00014706     -0.28327307
3020  829         1.04812733     11.01630305     -0.28712418
3021  829         1.10148905     11.03805147     -0.27023091
3022  829         1.16378326     11.05378347     -0.25081474
3023  829         1.21210190     11.03552912     -0.24562435
3024  829         1.23945359     10.97234871     -0.25148059
3025  829         1.23919179     10.88496968     -0.25811640
3026  829         1.22602424     10.81552467     -0.25434340
3027  829         1.21104597     10.78346962     -0.24511024
3028  829         1.20342383     10.77467908     -0.25136818
3029  829         1.21989368     10.77460955     -0.26100511
3030  829         1.25748184     10.79328650     -0.25429740
3031  829         1.29889651     10.83154206     -0.23845984
3032  829         1.31546764     10.85748032     -0.21865473
3033  829         1.31099385     10.85955079     -0.18577821
3034  829         1.31056209     10.84639621     -0.13762591
3035  829         1.31724566     10.84239317     -0.07755009
3036  829         1.31937842     10.85822536     -0.01390336
3037  829         1.29727680     10.89683268      0.04068085
3038  829         1.22718157     10.93697068      0.08670979
3039  829         1.16010222     10.97423746      0.12983428
3040  829         1.13923827     11.02728996      0.17798909
3041  829         1.17171835     11.10596935      0.22995480
3042  829         1.22946446     11.16893990      0.27342652
3043  829         1.29177472     11.19762838      0.32038513
3044  829         1.35383560     11.19935545      0.38253354
3045  829         1.37875380     11.19072068      0.43941690
3046  829         1.37293472     11.18749361      0.48520055
3047  829         1.33868954     11.17794054      0.52669923
3048  829         1.28971928     11.17535362      0.55826501
3049  829         1.25337317     11.19258558      0.58754246
3050  829         1.24831238     11.22429604      0.61929497
3051  829         1.26810583     11.22555092      0.66354708
3052  829         1.30230015     11.19751765      0.71283868
3053  829         1.34438958     11.17207917      0.76570691
3054  829         1.38044242     11.18546095      0.83490892
3055  829         1.38659268     11.21772490      0.90732032
3056  829         1.35110037     11.22971574      0.98043120
3057  829         1.29661378     11.21811986      1.05000810
3058  829         1.23772708     11.21035295      1.09637234
3059  829         1.18680223     11.23795513      1.10012071
3060  829         1.13981926     11.28665145      1.06302388
3061  829         1.10689573     11.31427863      1.02224131
3062  829         1.08576262     11.30086644      0.99244662
3063  829         1.07299198     11.26440065      0.98201049
3064  829         1.07506216     11.20251792      0.98803339
3065  829         1.08517575     11.12995846      0.99998893
3066  829         1.08021103     11.06654103      1.02544574
3067  829         1.04407534     11.02812845      1.07252834
3068  829         0.99973141     11.01225289      1.14087552
3069  829         0.97214089     10.99373155      1.20533093
3070  829         0.95652139     10.96333824      1.20836359
3071  829         0.92257509     10.91530027      1.15751306
3072  829         0.87457002     10.88415700      1.11644053
3073  829         0.84687841     10.86078737      1.14185097
3074  829         0.85830020     10.84638260      1.21378508
3075  829         0.89987525     10.84004283      1.30401947
3076  829         0.95724258     10.84401205      1.40310464
3077  829         1.02778800     10.82999369      1.50177479
3078  829         1.08661342     10.79582420      1.57668787
3079  829         1.09438066     10.77302651      1.62186223
3080  829         1.03567608     10.79407431      1.66320704
3081  829         0.96271544     10.84114289      1.69827181
3082  829         0.90659064     10.88192308      1.70597741
3083  829         0.88421225     10.92119655      1.70457888
3084  829         0.87590084     10.98487379      1.71245017
3085  829         0.86496455     11.05612249      1.71729190
3086  829         0.83818003     11.09686459      1.70582986
3087  829         0.82782072     11.10519456      1.70259315
3088  829         0.86089308     11.08645480      1.72163478
3089  829         0.91734896     11.05986485      1.71518430
3090  829         0.96340339     11.03538609      1.65362741
3091  829         0.96340285     11.01958853      1.57734470
3092  829         0.93616576     11.00745926      1.50238000
3093  829         0.90307338     11.00181411      1.40772113
3094  829         0.89107104     11.00062626      1.31183386
3095  829         0.86739361     11.01415000      1.26372010
3096  829         0.83606125     11.05633319      1.27331258
3097  829         0.82921058     11.10704943      1.29702015
3098  829         0.85929965     11.16421152      1.33725636
3099  829         0.89779986     11.20727291      1.42724229
3100  829         0.91886906     11.21483382      1.51023641
3101  829         0.92970842     11.20683307      1.51136146
3102  829         0.93987996     11.19018051      1.45277781
3103  829         0.98389036     11.15934862      1.40569097
3104  829         1.05862677     11.12541399      1.40673352
3105  829         1.12511343     11.07371893      1.43022565
3106  829         1.16207713     10.99328443      1.45440306
3107  829         1.19247230     10.90399366      1.45765988
3108  829         1.22459110     10.82539582      1.46027336
3109  829         1.22483103     10.78166435      1.45731935
3110  829         1.18917415     10.75342888      1.43152411
3111  829         1.13703089     10.72304561      1.39584007
3112  829         1.10976247     10.68338893      1.38058435
3113  829         1.11690851     10.63497285      1.39185704
3114  829         1.16841793     10.58981551      1.39949299
3115  829         1.21880215     10.57132001      1.37926618
3116  829         1.21604982     10.58258699      1.34156777
3117  829         1.20119324     10.60148091      1.31309486
3118  829         1.20209642     10.61323163      1.31496956
3119  829         1.21214237     10.61150740      1.35949054
3120  829         1.19721848     10.59969193      1.40830284
3121  829         1.16096692     10.60495410      1.43907386
3122  829         1.12776817     10.60992059      1.44231357
3123  829         1.12478875     10.61136927      1.44093178
3124  829         1.13267895     10.62278829      1.43842748
3125  829         1.11964337     10.63964283      1.44414850
3126  829         1.09328703     10.66292008      1.45886540
3127  829         1.06851320     10.70318298      1.48507018
3128  829         1.04414637     10.73091076      1.52129245
3129  829         1.01408010     10.71928946      1.55149271
3130  829         0.98572618     10.68727275      1.58007112
3131  829         0.95511065     10.66069975      1.58670976
3132  829         0.90996028     10.63662430      1.58332888
3133  829         0.86072938     10.60482602      1.57504804
3134  829         0.83300837     10.58633213      1.59100403
3135  829         0.81749548     10.59907712      1.63758756
3136  829         0.79310439     10.62295774      1.68853994
3137  829         0.73719631     10.63361346      1.70004613
3138  829         0.66353809     10.65081847      1.68034285
3139  829         0.59158194     10.67880790      1.65406685
3140  829         0.55268887     10.71361174      1.61739271
3141  829         0.52938027     10.74580457      1.56969190
3142  829         0.50885715     10.77964725      1.54395375
3143  829         0.48655591     10.82076935      1.54261209
3144  829         0.45479365     10.85394474      1.54008064
3145  829         0.42179034     10.87702916      1.52806630
3146  829         0.39425827     10.89634131      1.51489093
3147  829         0.36508993     10.89994527      1.51800755
3148  829         0.31818723     10.87545869      1.51732909
3149  829         0.27206262     10.84980974      1.50474302
3150  829         0.25454178     10.82562174      1.48705397
3151  829         0.26201303     10.78961633      1.49597771
3152  829         0.28677596     10.74650971      1.52245769
3153  829         0.30039536     10.70876491      1.55559584
3154  829         0.28022504     10.68523530      1.57467812
3155  829         0.23962913     10.65511267      1.57365660
3156  829         0.18903848     10.60209004      1.58006440
3157  829         0.13778787     10.55110993      1.59616035
3158  829         0.08943973     10.51209060      1.61434458
3159  829         0.05425085     10.49246976      1.59469171
3160  829         0.04067914     10.49516176      1.54714281
3161  829         0.04785901     10.50749295      1.49174234
3162  829         0.06775963     10.53382385      1.46388242
3163  829         0.08765325     10.57664715      1.45871128
3164  829         0.09435820     10.62325849      1.45961119
3165  829         0.07571446     10.65881349      1.44645386
3166  829         0.04140873     10.67615276      1.41815362
3167  829        -0.00666502     10.67265717      1.38040014
3168  829        -0.04762406     10.66787940      1.32336300
3169  829        -0.07070558     10.65989245      1.26143742
3170  829        -0.07571897     10.65201323      1.20296055
3171  829        -0.07334039     10.64632550      1.16955692
3172  829        -0.08329685     10.64669878      1.16823339
3173  829        -0.10986810     10.65412177      1.19661344
3174  829        -0.14554205     10.65786723      1.23255569
3175  829        -0.17746486     10.66499725      1.27271504
3176  829        -0.20000920     10.70990624      1.32305267
3177  829        -0.20957823     10.76867276      1.37197947
3178  829        -0.20277590     10.81140388      1.40337152
3179  829        -0.18339668     10.81765652      1.39389746
3180  829        -0.14629479     10.80925637      1.36352721
3181  829        -0.09950442     10.78734377      1.34160154
3182  829        -0.07238400     10.75558229      1.34370505
3183  829        -0.06075811     10.72967451      1.35796583
3184  829        -0.05224274     10.70695363      1.38278684
3185  829        -0.05270405     10.69680483      1.41811510
3186  829        -0.05971715     10.70273870      1.46219231
3187  829        -0.08310006     10.71927266      1.49404800
3188  829        -0.11353837     10.74390801      1.51499097
3189  829        -0.15347492     10.75794103      1.55010726
3190  829        -0.18000809     10.75945093      1.57610176
3191  829        -0.17423854     10.76632452      1.56122190
3192  829        -0.14309573     10.78411898      1.52211001
3193  829        -0.10167073     10.80535443      1.48093150
3194  829        -0.05627995     10.83441985      1.43579995
3195  829        -0.00966325     10.87176811      1.39917634
3196  829         0.02089950     10.91740213      1.38733084
3197  829         0.01348640     10.95664046      1.40566212
3198  829        -0.03287622     10.96190267      1.44908005
3199  829        -0.10044802     10.94188731      1.49467376
3200  829        -0.16675746     10.90573745      1.52261819
3201  829        -0.19261018     10.84921803      1.50034096
3202  829        -0.16168106     10.77120289      1.43999737
3203  829        -0.09802604     10.70708958      1.40105873
3204  829        -0.02807595     10.65787415      1.39961480
3205  829         0.01714800     10.62067637      1.42093783
3206  829         0.03525453     10.60758978      1.45584656
3207  829         0.02379541     10.60180438      1.48828046
3208  829         0.00145826     10.59224680      1.51268794
3209  829        -0.01103220     10.59804724      1.51946950
3210  829        -0.01954795     10.61917138      1.50439723
3211  829        -0.02947740     10.62875634      1.45403920
3212  829        -0.03922337     10.60457555      1.39166100
3213  829        -0.04197821     10.56163256      1.33659496
3214  829        -0.03505961     10.50865339      1.30625584
3215  829        -0.01562236     10.44942541      1.31001612
3216  829         0.01110213     10.38653080      1.34724260
3217  829         0.03897216     10.33040214      1.38952271
3218  829         0.05865384     10.28658511      1.40077971
3219  829         0.07213611     10.23075349      1.36795215
3220  829         0.06725038     10.16284021      1.29474832
3221  829         0.03191218     10.10092783      1.20944174
3222  829        -0.01135796     10.06021580      1.14734182
3223  829        -0.06197589     10.04553254      1.15514874
3224  829        -0.10863834     10.05023618      1.20054512
3225  829        -0.15961987     10.04847354      1.25675649
3226  829        -0.20340634     10.03171317      1.27346000
3227  829        -0.22554899      9.99395213      1.24774473
3228  829        -0.20621686      9.92311741      1.23060007
3229  829        -0.15232798      9.85594412      1.22273335
3230  829        -0.07999444      9.80186930      1.21226639
3231  829        -0.00942313      9.77376783      1.17877294
3232  829         0.03675027      9.75211873      1.15811022
3233  829         0.08544617      9.72285438      1.17959545
3234  829         0.13037199      9.69941747      1.23806788
3235  829         0.15860670      9.68607792      1.30845648
3236  829         0.15498778      9.66745628      1.37542489
3237  829         0.12682464      9.64622914      1.42912266
3238  829         0.09670991      9.64514066      1.45703738
3239  829         0.06166114      9.66180566      1.45780987
3240  829         0.03278559      9.68733948      1.42758996
3241  829         0.00845481      9.70433269      1.38490667
3242  829         0.00153649      9.71776452      1.36871586
3243  829         0.00383249      9.72370090      1.39172042
3244  829         0.03405085      9.71866612      1.41459858
3245  829         0.09203189      9.70362153      1.41025047
3246  829         0.14568275      9.69045013      1.37823219
3247  829         0.18369320      9.68411767      1.34726651
3248  829         0.22789068      9.70035713      1.32966778
3249  829         0.26961012      9.77102907      1.32704425
3250  829         0.28806157      9.87128990      1.32852177
3251  829         0.28165621      9.95497959      1.33994638
3252  829         0.25638530      9.98059983      1.34976248
3253  829         0.20867213      9.96903609      1.35768910
3254  829         0.15280857      9.95615360      1.36271006
3255  829         0.10842901      9.97588692      1.37035318
3256  829         0.09198018     10.01925418      1.38573324
3257  829         0.10698764     10.06116322      1.39841559
3258  829         0.14163164     10.08485891      1.39815906
3259  829         0.18236143     10.08923214      1.38383231
3260  829         0.22372813     10.10861005      1.37026325
3261  829         0.26016123     10.16398929      1.37458296
3262  829         0.27924227     10.25778253      1.39536104
3263  829         0.26832422     10.35186276      1.40632276
3264  829         0.23844013     10.42780990      1.40034366
3265  829         0.21527197     10.48768538      1.37564469
3266  829         0.18865890     10.53774811      1.33587867
3267  829         0.13944257     10.57683386      1.28570944
3268  829         0.06414815     10.60351432      1.25226870
3269  829        -0.02100606     10.62327984      1.27469414
3270  829        -0.08489758     10.62361901      1.34993991
3271  829        -0.12982902     10.61105397      1.43519793
3272  829        -0.16105054     10.59473901      1.49339665
3273  829        -0.19552236     10.57932653      1.53543933
3274  829        -0.25568561     10.57315641      1.58117305
3275  829        -0.32900503     10.57894151      1.64115766
3276  829        -0.40362856     10.58350926      1.71755892
3277  829        -0.48511157     10.57483597      1.80497199
3278  829        -0.58056857     10.55728441      1.88199396
3279  829        -0.67685071     10.51594560      1.93937945
3280  829        -0.76324796     10.45683684      1.96534442
3281  829        -0.82326791     10.41150888      1.96480230
3282  829        -0.85349974     10.39816015      1.93721604
3283  829        -0.85913049     10.40762456      1.90658354
3284  829        -0.85542446     10.41081215      1.89026748
3285  829        -0.85941854     10.40214818      1.87347502
3286  829        -0.87054730     10.38880576      1.87409336
3287  829        -0.89299270     10.36491236      1.89123952
3288  829        -0.91870308     10.31508360      1.91656147
3289  829        -0.91513205     10.25177797      1.91690789
3290  829        -0.86534215     10.19918353      1.88705665
3291  829        -0.77602735     10.18191880      1.84589819
3292  829        -0.67844968     10.20229388      1.81526485
3293  829        -0.60496809     10.22974143      1.80445072
3294  829        -0.55785708     10.23005555      1.81263523
3295  829        -0.52423931     10.19021521      1.84593110
3296  829        -0.49536343     10.11336299      1.89769132
3297  829        -0.47509439     10.01994987      1.96502977
3298  829        -0.46063110      9.91668429      2.02893058
3299  829        -0.45183114      9.81063297      2.09074186
3300  829        -0.45393474      9.72368395      2.14745871
3301  829        -0.46598850      9.67643988      2.20146967
3302  829        -0.47170030      9.66533003      2.24291206
3303  829        -0.48102204      9.67923090      2.28032988
3304  829        -0.51389999      9.70881874      2.33522696
3305  829        -0.54479266      9.74039861      2.40793307
3306  829        -0.56577869      9.76219607      2.48901091
3307  829        -0.59209576      9.76210183      2.56968630
3308  829        -0.63699787      9.72765508      2.65229495
3309  829        -0.65830526      9.69505131      2.73633080
3310  829        -0.64302213      9.71433641      2.80873139
3311  829        -0.61351970      9.78419571      2.84009671
3312  829        -0.60123804      9.82012822      2.84883556
3313  829        -0.60967760      9.79646694      2.88246103
3314  829        -0.62684521      9.73465346      2.93214754
3315  829        -0.62813485      9.66898807      2.93017044
3316  829        -0.59849354      9.62596736      2.87776834
3317  829        -0.56376446      9.59498810      2.83004892
3318  829        -0.53045849      9.56201881      2.78775168
3319  829        -0.51627832      9.52185956      2.73464986
3320  829        -0.51219367      9.49222659      2.68898549
3321  829        -0.49917062      9.47621163      2.65160678
3322  829        -0.46787990      9.47223365      2.60112016
3323  829        -0.43766992      9.47897247      2.51677969
3324  829        -0.42743292      9.47864609      2.40557918
3325  829        -0.44540886      9.45948269      2.31316160
3326  829        -0.48470737      9.43842386      2.26130955
3327  829        -0.51431459      9.42389136      2.24025678
3328  829        -0.53384366      9.42073337      2.22454509
3329  829        -0.52726989      9.42725315      2.19343367
3330  829        -0.50744823      9.45877578      2.13700934
3331  829        -0.47950448      9.50460437      2.06096611
3332  829        -0.45421402      9.52971117      1.99966830
3333  829        -0.45304075      9.52779875      1.99400528
3334  829        -0.46727140      9.50494281      2.03560417
3335  829        -0.50551890      9.47315649      2.08519999
3336  829        -0.55325973      9.43518531      2.10962071
3337  829        -0.59564950      9.42043434      2.09367719
3338  829        -0.60547770      9.43475838      2.05072449
3339  829        -0.60260184      9.47227473      2.00597517
3340  829        -0.60888510      9.53277135      1.96018632
3341  829        -0.62427848      9.60025047      1.89943099
3342  829        -0.63370308      9.64445700      1.81664078
3343  829        -0.63598726      9.62767660      1.75061865
3344  829        -0.65592805      9.57304511      1.73215382
3345  829        -0.68751290      9.51729574      1.74424339
3346  829        -0.70393001      9.45091107      1.73483973
3347  829        -0.69142370      9.38878768      1.67716967
3348  829        -0.68500020      9.36385473      1.59882964
3349  829        -0.67410567      9.36100741      1.52796550
3350  829        -0.66426399      9.38218015      1.46504055
3351  829        -0.65674908      9.44440356      1.40254683
3352  829        -0.66517076      9.51385317      1.36192704
3353  829        -0.68825589      9.52558594      1.36221935
3354  829        -0.71751199      9.46769217      1.40120039
3355  829        -0.78090207      9.36737547      1.45085393
3356  829        -0.85669550      9.27314792      1.48838823
3357  829        -0.91629327      9.20653173      1.51820341
3358  829        -0.90495843      9.18063010      1.52967824
3359  829        -0.81127814      9.19117598      1.50599075
3360  829        -0.69398472      9.22439346      1.46050767
3361  829        -0.58778706      9.26388350      1.41076433
3362  829        -0.49933739      9.31168182      1.36278610
3363  829        -0.45193047      9.38894491      1.35061150
3364  829        -0.44962626      9.47697646      1.39812564
3365  829        -0.48349802      9.55515326      1.46432511
3366  829        -0.54153573      9.61019401      1.52249926
3367  829        -0.59902126      9.63056968      1.54401911
3368  829        -0.63203115      9.61229661      1.52711814
3369  829        -0.62637179      9.57123436      1.47814331
3370  829        -0.59553680      9.54345457      1.40895377
3371  829        -0.54601189      9.54486038      1.35918878
3372  829        -0.49434132      9.57665371      1.36783866
3373  829        -0.43406435      9.65337361      1.41747251
3374  829        -0.37805098      9.73597094      1.46908612
3375  829        -0.33774118      9.80843017      1.51243687
3376  829        -0.31678721      9.87693426      1.53281935
3377  829        -0.32101739      9.89825601      1.52837985
3378  829        -0.32174627      9.87137709      1.51831561
3379  829        -0.32665136      9.83907131      1.52499628
3380  829        -0.33763180      9.83412460      1.55688605
3381  829        -0.35122163      9.83383147      1.59774909
3382  829        -0.35659831      9.81469081      1.65273264
3383  829        -0.35512640      9.78675549      1.70975832
3384  829        -0.34929771      9.75834183      1.74504270
3385  829        -0.34665374      9.73039447      1.74787673
3386  829        -0.33927728      9.70102543      1.75056506
3387  829        -0.32893211      9.67564406      1.75961056
3388  829        -0.34643208      9.65084105      1.75429072
3389  829        -0.39557428      9.61804086      1.72861135
3390  829        -0.44021100      9.57069351      1.71468242
3391  829        -0.43582236      9.51291928      1.73639984
3392  829        -0.38412483      9.45501261      1.75248715
3393  829        -0.32553523      9.41270197      1.75081217
3394  829        -0.29437962      9.39946851      1.71545626
3395  829        -0.28515103      9.40440506      1.69444548
3396  829        -0.26970552      9.41954416      1.72273327
3397  829        -0.24145732      9.43023432      1.79733354
3398  829        -0.22024037      9.43444171      1.86770788
3399  829        -0.22897194      9.42854047      1.89881418
3400  829        -0.23891938      9.39372543      1.89285235
3401  829        -0.22952073      9.32304202      1.87227325
3402  829        -0.18589194      9.26863741      1.87281952
3403  829        -0.11880436      9.24642731      1.88210761
3404  829        -0.07271774      9.25436188      1.88089066
3405  829        -0.09065696      9.29127198      1.85921768
3406  829        -0.13397694      9.33807011      1.85428859
3407  829        -0.15801104      9.39165981      1.85997303
3408  829        -0.17872873      9.43692867      1.86754991
3409  829        -0.22078735      9.48759349      1.87584720
3410  829        -0.27740174      9.55158735      1.86073417
3411  829        -0.30903047      9.61535399      1.83560393
3412  829        -0.33467536      9.66280721      1.82113743
3413  829        -0.35468333      9.69375581      1.81927949
3414  829        -0.36782244      9.71079578      1.81276798
3415  829        -0.35794956      9.72355710      1.80828666
3416  829        -0.35346649      9.73617158      1.80007440
3417  829        -0.38180912      9.74648938      1.78496848
3418  829        -0.44861678      9.74428487      1.75760119
3419  829        -0.52179127      9.75344174      1.71258250
3420  829        -0.57795152      9.77270085      1.66691499
3421  829        -0.59941968      9.77710003      1.64827594
3422  829        -0.59749025      9.76439868      1.67550900
3423  829        -0.58958462      9.75015623      1.71658495
3424  829        -0.59075772      9.72728297      1.74463951
3425  829        -0.59748043      9.68309175      1.75622675
3426  829        -0.61523324      9.62696074      1.76434695
3427  829        -0.66529287      9.58241602      1.74913408
3428  829        -0.73232529      9.55234131      1.73116801
3429  829        -0.79964868      9.54290898      1.73975274
3430  829        -0.85440753      9.56057492      1.76640821
3431  829        -0.90075317      9.59187097      1.78023461
3432  829        -0.93497645      9.62488657      1.76375034
3433  829        -0.96073022      9.65616734      1.74254761
3434  829        -0.97521730      9.68379532      1.73155286
3435  829        -0.99200502      9.70869544      1.74674082
3436  829        -1.03785713      9.76104573      1.76469981
3437  829        -1.12330955      9.83045396      1.76172738
3438  829        -1.20693991      9.85822941      1.73410877
3439  829        -1.23361115      9.82727781      1.72590232
3440  829        -1.21395783      9.78377774      1.76983973
3441  829        -1.22049923      9.75306628      1.82839791
3442  829        -1.27553925      9.73981735      1.85120471
3443  829        -1.34571454      9.73050662      1.83969119
3444  829        -1.40910401      9.72760168      1.82985256
3445  829        -1.44504716      9.74751317      1.81655268
3446  829        -1.46539122      9.78721194      1.78522079
3447  829        -1.48988142      9.83592120      1.75446691
3448  829        -1.51497766      9.88139939      1.72599111
3449  829        -1.52223138      9.91369516      1.69321209
3450  829        -1.51214317      9.93333425      1.66440773
3451  829        -1.48493712      9.94963834      1.62380649
3452  829        -1.44993008      9.95912497      1.57156961
3453  829        -1.42770562      9.96507763      1.51784372
3454  829        -1.41974228      9.96828862      1.48220257
3455  829        -1.42647316      9.97685997      1.46120286
3456  829        -1.45418699      9.99231179      1.45141107
3457  829        -1.50935321     10.01831886      1.43658511
3458  829        -1.57741394     10.03974239      1.41695286
3459  829        -1.62623989     10.05083827      1.39946358
3460  829        -1.64063531     10.04108873      1.37426614
3461  829        -1.63997791     10.00660902      1.34460097
3462  829        -1.65506851      9.95726358      1.30711086
3463  829        -1.68370779      9.91655096      1.26817245
3464  829        -1.71702034      9.91019719      1.22501387
3465  829        -1.75110950      9.92050746      1.20568564
3466  829        -1.79218175      9.92294630      1.21981192
3467  829        -1.82857616      9.90117114      1.25682814
3468  829        -1.85004339      9.88270401      1.28662806
3469  829        -1.87067457      9.86923321      1.30511007
3470  829        -1.89485822      9.84331142      1.31577679
3471  829        -1.90055059      9.79809755      1.32989907
3472  829        -1.88955051      9.75281077      1.34652823
3473  829        -1.89247333      9.72333764      1.34939374
3474  829        -1.91478852      9.69801746      1.34674928
3475  829        -1.95390161      9.67023084      1.32580629
3476  829        -1.99709275      9.62744169      1.30569882
3477  829        -2.04423297      9.57232197      1.29738208
3478  829        -2.10761808      9.51771007      1.30063042
3479  829        -2.18273182      9.48798704      1.30091602
3480  829        -2.26146198      9.48084313      1.29767815
3481  829        -2.31473230      9.47127180      1.29332023
3482  829        -2.33539374      9.44010369      1.27747749
3483  829        -2.34217397      9.39753163      1.24453520
3484  829        -2.37694902      9.36218728      1.18143416
3485  829        -2.43674393      9.32817373      1.10468496
3486  829        -2.49281844      9.29828027      1.03389104
3487  829        -2.52250534      9.27399112      0.99230965
3488  829        -2.52832219      9.26901027      0.96522898
3489  829        -2.50975094      9.26421407      0.95269557
3490  829        -2.46651989      9.26309501      0.93633461
3491  829        -2.42446660      9.27257256      0.87689946
3492  829        -2.39736424      9.30315265      0.79595257
3493  829        -2.35142496      9.32541684      0.73483178
3494  829        -2.27674160      9.29883335      0.72778821
3495  829        -2.22373695      9.24238772      0.74683114
3496  829        -2.20598380      9.19517341      0.77594817
3497  829        -2.19093927      9.15837785      0.80079982
3498  829        -2.14677709      9.11643935      0.82662602
3499  829        -2.07055157      9.08452011      0.84433155
3500  829        -1.98052680      9.07865691      0.84206832
3501  829        -1.89964996      9.08826229      0.81336973
3502  829        -1.82949308      9.07233020      0.76787559
3503  829        -1.77692211      9.02430535      0.72207756
3504  829        -1.74553572      8.94986084      0.70155516
3505  829        -1.74301818      8.87123540      0.71383244
3506  829        -1.77780725      8.82493544      0.73470134
3507  829        -1.82637725      8.84420741      0.74708812
3508  829        -1.86102631      8.93157325      0.74525922
3509  829        -1.87221200      9.02644683      0.71947117
3510  829        -1.86434970      9.10058949      0.69106088
3511  829        -1.84536836      9.16471738      0.67542404
3512  829        -1.80494612      9.23534658      0.66975850
3513  829        -1.77648784      9.28944948      0.68800066
3514  829        -1.79406699      9.30251003      0.74430594
3515  829        -1.83508537      9.29394170      0.78336062
3516  829        -1.85894985      9.31070390      0.76298414
3517  829        -1.85176072      9.33347788      0.70207835
3518  829        -1.83318325      9.33768982      0.65952008
3519  829        -1.79998040      9.33705031      0.65947204
3520  829        -1.76845386      9.35526690      0.67617189
3521  829        -1.74261020      9.39870034      0.67634605
3522  829        -1.72479051      9.43964263      0.66106572
3523  829        -1.70220165      9.44900339      0.66561522
3524  829        -1.68569109      9.43659359      0.67818471
3525  829        -1.67871780      9.40953652      0.67383843
3526  829        -1.67656942      9.38228005      0.65046545
3527  829        -1.66938420      9.35578722      0.64285274
3528  829        -1.65779943      9.32463025      0.64421918
3529  829        -1.63490401      9.28662430      0.64140220
3530  829        -1.58835403      9.24349742      0.65501617
3531  829        -1.52760465      9.20063524      0.70344395
3532  829        -1.46366956      9.16350138      0.75931677
3533  829        -1.42266144      9.14828959      0.77363521
3534  829        -1.39763982      9.15630881      0.75281170
3535  829        -1.38576311      9.16504534      0.71710537
3536  829        -1.37534808      9.17773582      0.70167999
3537  829        -1.33737487      9.20401542      0.70969099
3538  829        -1.25521549      9.22799483      0.71531208
3539  829        -1.15872346      9.23118872      0.71841252
3540  829        -1.07862842      9.20573782      0.74226765
3541  829        -1.01934591      9.16478549      0.74687802
3542  829        -0.96713905      9.11877836      0.72640336
3543  829        -0.91933403      9.08632189      0.70619719
3544  829        -0.88762515      9.05542467      0.69758278
3545  829        -0.85849099      9.02685709      0.70954990
3546  829        -0.82327706      9.00371624      0.72757208
3547  829        -0.79005334      8.98474714      0.74432129
3548  829        -0.78343261      8.98605181      0.73711770
3549  829        -0.78966477      9.01474749      0.70388986
3550  829        -0.78102701      9.04081410      0.65940803
3551  829        -0.74824473      9.04853601      0.63827246
3552  829        -0.69810879      9.04637786      0.64542475
3553  829        -0.64750261      9.03705072      0.66439608
3554  829        -0.60250174      9.03217718      0.69771597
3555  829        -0.56374719      9.04654082      0.73935117
3556  829        -0.55241069      9.07415289      0.77110560
3557  829        -0.57647255      9.09873747      0.76005021
3558  829        -0.61969769      9.11581983      0.71289830
3559  829        -0.64394309      9.13066737      0.63350098
3560  829        -0.63404640      9.13838904      0.54942626
3561  829        -0.62533671      9.13704909      0.46943778
3562  829        -0.62922790      9.14381373      0.41646543
3563  829        -0.64298370      9.16401986      0.42036722
3564  829        -0.64748950      9.17801410      0.48391933
3565  829        -0.64127131      9.17503795      0.57064110
3566  829        -0.62615767      9.16359242      0.61215910
3567  829        -0.60567798      9.16049307      0.57881105
3568  829        -0.55861212      9.16571201      0.50169942
3569  829        -0.48714658      9.17795993      0.43163435
3570  829        -0.43145928      9.20724475      0.37551691
3571  829        -0.40417994      9.24959115      0.32804860
3572  829        -0.39726097      9.28140920      0.29647441
3573  829        -0.38872089      9.30374482      0.29452366
3574  829        -0.38366822      9.33651601      0.32270734
3575  829        -0.39677568      9.37444453      0.34756633
3576  829        -0.42868638      9.41408292      0.35866446
3577  829        -0.44063779      9.43893948      0.37329177
3578  829        -0.43150542      9.44572741      0.40697285
3579  829        -0.41879225      9.43696784      0.44350168
3580  829        -0.40526392      9.42569846      0.46144130
3581  829        -0.40007584      9.42163146      0.46773461
3582  829        -0.39780780      9.42694798      0.48695694
3583  829        -0.39628391      9.43276540      0.52791288
3584  829        -0.39606332      9.41655205      0.58505089
3585  829        -0.41268810      9.37637942      0.65106234
3586  829        -0.45701279      9.33750949      0.73171071
3587  829        -0.50316634      9.32205442      0.82075201
3588  829        -0.51762834      9.31890095      0.88945543
3589  829        -0.49330959      9.31379991      0.91853666
3590  829        -0.46624772      9.29826820      0.93746377
3591  829        -0.44458386      9.28848304      0.97874132
3592  829        -0.43165628      9.28704484      1.01787007
3593  829        -0.41931990      9.30187570      1.02108368
3594  829        -0.40000847      9.33250362      1.01124151
3595  829        -0.36624466      9.36115349      1.01583363
3596  829        -0.32329696      9.35052658      1.02378247
3597  829        -0.27695882      9.29347800      1.02010375
3598  829        -0.23016546      9.23242564      1.02092991
3599  829        -0.16847386      9.18996292      1.05341470
3600  829        -0.09726847      9.16682221      1.11756800
3601  829        -0.01265367      9.14184188      1.17646388
3602  829         0.07903247      9.10696289      1.20747223
3603  829         0.18150784      9.08230054      1.20415176
3604  829         0.27705713      9.07457008      1.18254058
3605  829         0.35860431      9.06570081      1.15413940
3606  829         0.42193555      9.02236174      1.12975040
3607  829         0.46361661      8.93360727      1.12391435
3608  829         0.49044161      8.84262609      1.13184737
3609  829         0.50747165      8.77685920      1.13202417
3610  829         0.55395240      8.74094888      1.13693410
3611  829         0.64510500      8.73886990      1.17554656
3612  829         0.76502420      8.74479704      1.23894924
3613  829         0.86596207      8.74366035      1.30632953
3614  829         0.91775203      8.74670931      1.35917710
3615  829         0.93570917      8.76644235      1.37537196
3616  829         0.94963259      8.79770074      1.33967316
3617  829         0.96590855      8.81475574      1.27965761
3618  829         0.96896152      8.80421577      1.25088183
3619  829         0.98566194      8.79324472      1.27992548
3620  829         1.04268914      8.80867771      1.32462930
3621  829         1.10812805      8.84364736      1.32316397
3622  829         1.15542063      8.87312543      1.28384955
3623  829         1.18097038      8.91696497      1.25171763
3624  829         1.21050708      8.99014813      1.23378460
3625  829         1.23445673      9.07200044      1.22004267
3626  829         1.24983640      9.12484991      1.20370087
3627  829         1.24782394      9.15639840      1.18468383
3628  829         1.22382573      9.18273580      1.16665358
3629  829         1.18276156      9.21091617      1.16519417
3630  829         1.13860812      9.24519398      1.17699531
3631  829         1.11930647      9.28862603      1.18174785
3632  829         1.13505223      9.35111202      1.17908628
3633  829         1.15978484      9.40540729      1.17398338
3634  829         1.18316149      9.43918493      1.16206833
3635  829         1.18715914      9.47006183      1.12984758
3636  829         1.15361983      9.50236422      1.08758357
3637  829         1.09264121      9.52613619      1.05713527
3638  829         1.04824682      9.54723883      1.05811103
3639  829         1.04057054      9.58456423      1.07211689
3640  829         1.05278937      9.62524393      1.09084557
3641  829         1.05833311      9.64055608      1.09753649
3642  829         1.03765817      9.65356693      1.09690880
3643  829         1.00276357      9.67688374      1.07921878
3644  829         0.98273172      9.69553697      1.05153419
3645  829         0.96824932      9.70835231      1.02888830
3646  829         0.93312570      9.72439723      1.02394343
3647  829         0.87906901      9.74165455      1.03411229
3648  829         0.84264721      9.77709416      1.03140069
3649  829         0.84177057      9.83914320      1.00401877
3650  829         0.85089388      9.90291884      0.97979812
3651  829         0.83569062      9.95356524      0.96607290
3652  829         0.79084582      9.99566497      0.94839222
3653  829         0.72936696     10.03828923      0.93653134
3654  829         0.67186656     10.07043277      0.92989290
3655  829         0.62107075     10.09757552      0.94058767
3656  829         0.56651779     10.13665335      0.96692777
3657  829         0.50618001     10.19549775      0.98169460
3658  829         0.44362462     10.24489820      0.96593212
3659  829         0.38318069     10.28410840      0.95135982
3660  829         0.31545525     10.33705230      0.95827319
3661  829         0.25550127     10.40436675      0.98367379
3662  829         0.21811546     10.45825892      1.00905802
3663  829         0.19352437     10.49541308      1.03132734
3664  829         0.17361037     10.52283495      1.04777304
3665  829         0.13683231     10.56806369      1.05333628
3666  829         0.09574608     10.60963661      1.06161819
3667  829         0.06811005     10.63348571      1.06611735
3668  829         0.03580065     10.63289553      1.06212638
3669  829        -0.02178128     10.63001293      1.03112087
3670  829        -0.09018822     10.63633108      0.99459084
3671  829        -0.13924548     10.63551246      0.98757909
3672  829        -0.15708204     10.62324657      1.01210993
3673  829        -0.18275643     10.62259147      1.04164055
3674  829        -0.23968107     10.63959359      1.05088879
3675  829        -0.30174553     10.65220619      1.02872932
3676  829        -0.32989125     10.65230749      0.98224592
3677  829        -0.30815526     10.66304612      0.95001174
3678  829        -0.26854492     10.69579363      0.94701675
3679  829        -0.23652235     10.76076094      0.96554244
3680  829        -0.21279254     10.84040641      0.98000226
3681  829        -0.20673432     10.90045802      0.99571868
3682  829        -0.20981560     10.92358294      1.01410774
3683  829        -0.24612732     10.92360753      1.03392410
3684  829        -0.30631264     10.90079024      1.05243890
3685  829        -0.37521527     10.88536543      1.05419523
3686  829        -0.42672202     10.89380078      1.02617977
3687  829        -0.45728013     10.89977758      1.00037716
3688  829        -0.49890320     10.88199960      1.00323174
3689  829        -0.55738500     10.83993372      1.01488221
3690  829        -0.61570222     10.80152718      1.01895301
3691  829        -0.63705560     10.78389751      1.01922911
3692  829        -0.62291223     10.80167894      1.05075519
3693  829        -0.58936215     10.83687276      1.10460742
3694  829        -0.55599339     10.86548659      1.15592569
3695  829        -0.53428441     10.88016693      1.19116956
3696  829        -0.55166037     10.87144832      1.21526976
3697  829        -0.60141510     10.85189871      1.24066379
3698  829        -0.67356780     10.84793813      1.27479443
3699  829        -0.75427235     10.88740850      1.31193343
3700  829        -0.82427213     10.94733710      1.34228138
3701  829        -0.86866093     11.00543935      1.36162659
3702  829        -0.88198443     11.06985607      1.37083724
3703  829        -0.88511475     11.13909451      1.37349125
3704  829        -0.88454223     11.18447318      1.36059938
3705  829        -0.88727109     11.19530588      1.34915656
3706  829        -0.88124361     11.19468812      1.32971612
3707  829        -0.87783543     11.18897138      1.29038743
3708  829        -0.87604016     11.18423801      1.22768748
3709  829        -0.86577683     11.18474147      1.15257946
3710  829        -0.83369762     11.19569004      1.07664352
3711  829        -0.78818931     11.20806651      0.99512570
3712  829        -0.74740492     11.21302121      0.92640098
3713  829        -0.71384967     11.19980379      0.88211931
3714  829        -0.68725841     11.18895629      0.86122720
3715  829        -0.66866971     11.20045507      0.84040386
3716  829        -0.68054739     11.22264866      0.80498699
3717  829        -0.70783943     11.22171970      0.75917365
3718  829        -0.72597172     11.21479837      0.71949485
3719  829        -0.71872731     11.22590798      0.67412387
3720  829        -0.69337445     11.22757753      0.62829901
3721  829        -0.64734056     11.22754093      0.59319737
3722  829        -0.58837543     11.25727904      0.55973117
3723  829        -0.52841742     11.31393462      0.52533764
3724  829        -0.47955334     11.37726633      0.51141840
3725  829        -0.43508661     11.41826620      0.53317192
3726  829        -0.38685512     11.43702959      0.58686682
3727  829        -0.33820692     11.44786806      0.64531505
3728  829        -0.31585893     11.45827303      0.65300804
3729  829        -0.32319888     11.45035775      0.60029567
3730  829        -0.33484142     11.44167655      0.53939776
3731  829        -0.32779726     11.43609102      0.50727786
3732  829        -0.31110962     11.41990731      0.49467641
3733  829        -0.30755989     11.39825615      0.47938856
3734  829        -0.31799352     11.38595920      0.46574999
3735  829        -0.34552260     11.38332536      0.45835419
3736  829        -0.40572565     11.39950528      0.43622485
3737  829        -0.47198092     11.41952146      0.39161666
3738  829        -0.48084007     11.42165199      0.36582427
3739  829        -0.41307060     11.39678085      0.38406628
3740  829        -0.33006730     11.34118059      0.41054007
3741  829        -0.28886208     11.29529858      0.40956416
3742  829        -0.27692988     11.28158931      0.39027904
3743  829        -0.26062011     11.27771499      0.37445482
3744  829        -0.24673650     11.26059361      0.36322972
3745  829        -0.25721567     11.23152998      0.35134495
3746  829        -0.28693914     11.22248289      0.35820766
3747  829        -0.30107526     11.25965973      0.39252691
3748  829        -0.29071519     11.32874733      0.44923097
3749  829        -0.28023183     11.38975138      0.51025399
3750  829        -0.28382051     11.43837375      0.55868987
3751  829        -0.30190444     11.48705509      0.61036048
3752  829        -0.32595624     11.53249921      0.66781607
3753  829        -0.36793700     11.53185609      0.72569665
3754  829        -0.44124093     11.48462201      0.76781886
3755  829        -0.54184520     11.43885446      0.78347709
3756  829        -0.65141876     11.42684456      0.79282840
3757  829        -0.72986115     11.46269619      0.80905028
3758  829        -0.74626560     11.52319639      0.81935584
3759  829        -0.71549229     11.60214514      0.82229060
3760  829        -0.67845277     11.68441577      0.81548660
3761  829        -0.66194405     11.75020935      0.79957424
3762  829        -0.67326734     11.78900818      0.75743998
3763  829        -0.71509324     11.80173653      0.70756743
3764  829        -0.77417267     11.79414398      0.67367587
3765  829        -0.83662691     11.76871126      0.66577490
3766  829        -0.88470139     11.73533212      0.67804005
3767  829        -0.88577920     11.72236648      0.70634419
3768  829        -0.84796784     11.74312455      0.74208421
3769  829        -0.80187371     11.78571699      0.77211713
3770  829        -0.78307504     11.83424837      0.79937166
3771  829        -0.80549181     11.87290423      0.81514847
3772  829        -0.85358934     11.90974767      0.82404963
3773  829        -0.89990084     11.94700076      0.82047378
3774  829        -0.94975191     11.98679797      0.77752826
3775  829        -1.00565431     12.02749617      0.71456583
3776  829        -1.05821983     12.06326968      0.64864551
3777  829        -1.10221916     12.09003904      0.58051765
3778  829        -1.13427951     12.09569923      0.52947651
3779  829        -1.16665387     12.06877883      0.50198067
3780  829        -1.20263007     12.00928937      0.47695613
3781  829        -1.22946664     11.94231277      0.47045841
3782  829        -1.22601277     11.88475730      0.48157388
3783  829        -1.19845013     11.85968947      0.46264501
3784  829        -1.17766399     11.85988309      0.39890000
3785  829        -1.18656307     11.86012307      0.32250141
3786  829        -1.23708810     11.83429470      0.25181115
3787  829        -1.29204101     11.79950285      0.16837861
3788  829        -1.32910703     11.76663712      0.08025002
3789  829        -1.34435805     11.73889211      0.01353352
3790  829        -1.33346102     11.73907124     -0.02235908
3791  829        -1.29796360     11.77844474     -0.03310439
3792  829        -1.26460441     11.83545131     -0.01308140
3793  829        -1.25096774     11.88731529      0.03449970
3794  829        -1.28735011     11.93467674      0.07051701
3795  829        -1.37517957     11.98576456      0.07001390
3796  829        -1.46084245     12.02130374      0.05596265
3797  829        -1.48408308     12.03073521      0.05993966
3798  829        -1.45538742     12.06015802      0.06417623
3799  829        -1.42019199     12.10671214      0.06276305
3800  829        -1.39848257     12.13287182      0.07689858
3801  829        -1.38533812     12.13163545      0.09821259
3802  829        -1.36842657     12.13887486      0.10458449
3803  829        -1.36695556     12.15255373      0.10608537
3804  829        -1.39995149     12.18471431      0.11830947
3805  829        -1.45655399     12.25055141      0.13453723
3806  829        -1.53051168     12.31791108      0.16046110
3807  829        -1.58010295     12.35745542      0.20043594
3808  829        -1.58913662     12.37204287      0.24773161
3809  829        -1.54959020     12.35707386      0.30209182
3810  829        -1.49151159     12.32956450      0.35621180
3811  829        -1.44793094     12.33607798      0.40017263
3812  829        -1.43187998     12.38539307      0.43495889
3813  829        -1.45812918     12.43127197      0.45587515
3814  829        -1.50901611     12.43132880      0.46105021
3815  829        -1.56857156     12.41088520      0.45654666
3816  829        -1.61190352     12.40020862      0.45193865
3817  829        -1.62859753     12.41147021      0.44642930
3818  829        -1.60879185     12.43089042      0.43146015
3819  829        -1.57215782     12.45411176      0.40788215
3820  829        -1.54289797     12.47614592      0.39311991
3821  829        -1.53962391     12.47866559      0.38481354
3822  829        -1.54640932     12.44662829      0.36652765
3823  829        -1.54489049     12.38343549      0.33054868
3824  829        -1.54024192     12.32926457      0.28864345
3825  829        -1.53169586     12.30289166      0.25252272
3826  829        -1.52655929     12.28830336      0.22743531
3827  829        -1.50090976     12.26081259      0.22020862
3828  829        -1.45042075     12.23365667      0.21710802
3829  829        -1.38945802     12.24659062      0.21514509
3830  829        -1.33297118     12.29493378      0.20869239
3831  829        -1.28672985     12.33672764      0.21582165
3832  829        -1.24860782     12.35121715      0.24611190
3833  829        -1.20906143     12.37693657      0.29105986
3834  829        -1.16551652     12.42541733      0.31808767
3835  829        -1.12676462     12.48501033      0.33381126
3836  829        -1.08777617     12.55749706      0.36129021
3837  829        -1.04877270     12.63977590      0.41435255
3838  829        -1.00420276     12.69324144      0.48171044
3839  829        -0.96591529     12.72650759      0.52395819
3840  829        -0.92865019     12.77415732      0.54164927
3841  829        -0.87111801     12.82666656      0.52413180
3842  829        -0.79144049     12.86367489      0.51224405
3843  829        -0.72188323     12.88754432      0.49499101
3844  829        -0.70317248     12.90094949      0.46244600
3845  829        -0.70150795     12.89161178      0.41065172
3846  829        -0.70220711     12.85683178      0.38702715
3847  829        -0.70317505     12.82978305      0.38201833
3848  829        -0.71514745     12.81332803      0.37102615
3849  829        -0.71417770     12.79085572      0.37267107
3850  829        -0.70036730     12.76769476      0.37436508
3851  829        -0.69955321     12.74669252      0.39294029
3852  829        -0.71831215     12.72558765      0.40370334
3853  829        -0.73929467     12.70703619      0.42386973
3854  829        -0.73941402     12.70303247      0.43383461
3855  829        -0.72723953     12.69972018      0.42757987
3856  829        -0.71651031     12.67129980      0.41224096
3857  829        -0.69914115     12.61073524      0.39926475
3858  829        -0.66922772     12.55140575      0.40811235
3859  829        -0.65343171     12.51169921      0.41373855
3860  829        -0.65741554     12.48579543      0.41024158
3861  829        -0.66407984     12.47650270      0.37567105
3862  829        -0.66093467     12.47523730      0.32347182
3863  829        -0.65879601     12.47616216      0.26601387
3864  829        -0.66742348     12.47633665      0.22117495
3865  829        -0.68701181     12.45765936      0.17304387
3866  829        -0.69277109     12.42845435      0.13062758
3867  829        -0.69397186     12.41247348      0.09293602
3868  829        -0.70880802     12.40525824      0.06939137
3869  829        -0.72857890     12.39390885      0.06262461
3870  829        -0.75638596     12.39211047      0.05668320
3871  829        -0.79311980     12.40964667      0.06224624
3872  829        -0.83834333     12.45145278      0.05869745
3873  829        -0.86750714     12.49669786      0.06354246
3874  829        -0.85932335     12.53704615      0.08602432
3875  829        -0.83656564     12.55767105      0.14804137
3876  829        -0.82662983     12.57117742      0.21348169
3877  829        -0.82890743     12.61498064      0.25566725
3878  829        -0.83665837     12.69780063      0.24957596
3879  829        -0.84095906     12.80485815      0.19558960
3880  829        -0.84976868     12.90250090      0.14279376
3881  829        -0.86310847     12.97359175      0.11755769
3882  829        -0.87795129     13.01887267      0.10589857
3883  829        -0.86881471     13.04429538      0.07798989
3884  829        -0.84458339     13.07176085      0.03537133
3885  829        -0.83429666     13.10863600     -0.00946143
3886  829        -0.85406792     13.15291236     -0.04140980
3887  829        -0.88277342     13.20404190     -0.07345928
3888  829        -0.90301278     13.25597749     -0.13422215
3889  829        -0.94617264     13.29858771     -0.22693154
3890  829        -1.01895984     13.32081202     -0.31963389
3891  829        -1.11307567     13.31862048     -0.39730169
3892  829        -1.16679635     13.31718536     -0.45171559
3893  829        -1.17129347     13.32820807     -0.51458555
3894  829        -1.15236033     13.34418361     -0.59199473
3895  829        -1.13436024     13.36289205     -0.65429248
3896  829        -1.09987609     13.39210406     -0.68883483
3897  829        -1.05395890     13.43129272     -0.71517329
3898  829        -1.02853713     13.47539104     -0.76627056
3899  829        -1.02409562     13.51397023     -0.81411322
3900  829        -1.02631883     13.54689101     -0.84695743
3901  829        -0.99620138     13.55609841     -0.87084162
3902  829        -0.96377382     13.54586191     -0.91045895
3903  829        -0.95038780     13.53659206     -0.95207685
3904  829        -0.96576724     13.52518718     -0.99723264
3905  829        -0.99478641     13.50384351     -1.05842733
3906  829        -1.02126824     13.47389493     -1.12521107
3907  829        -1.04370174     13.45269292     -1.19771969
3908  829        -1.06102294     13.46165856     -1.26829641
3909  829        -1.07214302     13.50229647     -1.32524394
3910  829        -1.06941948     13.53995363     -1.35125453
3911  829        -1.07145767     13.56309139     -1.35586928
3912  829        -1.07638190     13.57371087     -1.34745284
3913  829        -1.09355593     13.58744286     -1.34500016
3914  829        -1.10181749     13.59929196     -1.35542796
3915  829        -1.07738165     13.58596740     -1.37632438
3916  829        -1.03617657     13.56028865     -1.38847921
3917  829        -0.99018127     13.55206357     -1.39101094
3918  829        -0.93951296     13.56050998     -1.39178867
3919  829        -0.88235074     13.57127070     -1.38937924
3920  829        -0.85225815     13.59354571     -1.38699026
3921  829        -0.85060869     13.63586121     -1.37691919
3922  829        -0.84393981     13.67443858     -1.35513984
3923  829        -0.80756533     13.67272844     -1.30843430
3924  829        -0.75668130     13.64721283     -1.25223782
3925  829        -0.70642524     13.62647421     -1.19613761
3926  829        -0.66961542     13.62458762     -1.14634253
3927  829        -0.64587932     13.62564404     -1.08921828
3928  829        -0.62230775     13.63422818     -1.02444774
3929  829        -0.60516888     13.66359213     -0.96659374
3930  829        -0.58242298     13.70788573     -0.90915538
3931  829        -0.54502744     13.76795894     -0.84356092
3932  829        -0.48992487     13.83059697     -0.78599842
3933  829        -0.45217079     13.88186011     -0.75733957
3934  829        -0.44673913     13.86882909     -0.71941638
3935  829        -0.46019553     13.82410062     -0.67353551
3936  829        -0.47059189     13.79237948     -0.61910480
3937  829        -0.47930116     13.78737515     -0.57118655
3938  829        -0.50847833     13.79991622     -0.55053548
3939  829        -0.55358802     13.81085960     -0.55927522
3940  829        -0.58121753     13.81979198     -0.58101304
3941  829        -0.56485075     13.81825740     -0.59479728
3942  829        -0.52762350     13.79827031     -0.60637689
3943  829        -0.50094514     13.76602035     -0.60072839
3944  829        -0.48472403     13.74976039     -0.57516376
3945  829        -0.45674233     13.74999785     -0.52874288
3946  829        -0.41079627     13.75845364     -0.47447707
3947  829        -0.37681704     13.76303856     -0.40623121
3948  829        -0.35875205     13.78104859     -0.33301979
3949  829        -0.35018653     13.79938635     -0.27522317
3950  829        -0.35286191     13.76050003     -0.21585653
3951  829        -0.35785260     13.69561432     -0.15240616
3952  829        -0.34189689     13.66785087     -0.10318547
3953  829        -0.31523198     13.66278040     -0.05781965
3954  829        -0.29693203     13.64425838     -0.01191424
3955  829        -0.28946847     13.62402215      0.02200727
3956  829        -0.28717649     13.60802507      0.05326219
3957  829        -0.28544821     13.60040244      0.08740709
3958  829        -0.27587765     13.58433876      0.13911675
3959  829        -0.24990533     13.55308377      0.19951938
3960  829        -0.21166263     13.51711609      0.25907242
3961  829        -0.17836021     13.48981258      0.30925315
3962  829        -0.17113450     13.47578745      0.35466051
3963  829        -0.17204688     13.46378932      0.37902426
3964  829        -0.16175509     13.46135137      0.37553608
3965  829        -0.13788390     13.48568648      0.34380901
3966  829        -0.11933662     13.53796322      0.27762720
3967  829        -0.11973053     13.59576888      0.20303484
3968  829        -0.12166252     13.63409594      0.14263868
3969  829        -0.11339391     13.66091059      0.10937544
3970  829        -0.10856946     13.70204193      0.08892971
3971  829        -0.11257715     13.75341874      0.07663830
3972  829        -0.11570533     13.79912663      0.05952027
3973  829        -0.10676087     13.83967839      0.05771024
3974  829        -0.08994916     13.88859502      0.08381754
3975  829        -0.07426219     13.93172018      0.12002764
3976  829        -0.07590440     13.95222919      0.12932572
3977  829        -0.08563091     13.94857170      0.09852712
3978  829        -0.06845478     13.92907148      0.06712358
3979  829        -0.02663473     13.91022871      0.05286774
3980  829        -0.00980483     13.88584418      0.04484662
3981  829        -0.03720585     13.86189891      0.03117585
3982  829        -0.06975446     13.84470163      0.03220674
3983  829        -0.07382198     13.85279368      0.06303996
3984  829        -0.05914473     13.88138945      0.11704217
3985  829        -0.07200454     13.91216271      0.16828042
3986  829        -0.13705319     13.92298099      0.21739026
3987  829        -0.23012811     13.90988585      0.25950938
3988  829        -0.32887766     13.88320734      0.30062728
3989  829        -0.40304773     13.85934384      0.33607379
3990  829        -0.45694432     13.84048296      0.36360031
3991  829        -0.50361703     13.82726471      0.37494647
3992  829        -0.55876625     13.81064525      0.37936115
3993  829        -0.61006087     13.79912788      0.40051380
3994  829        -0.64255967     13.78041865      0.43698977
3995  829        -0.68251987     13.74323502      0.46772940
3996  829        -0.73532903     13.70068974      0.48137934
3997  829        -0.81048642     13.65858666      0.49206624
3998  829        -0.89232349     13.61395208      0.49261602
3999  829        -0.97648296     13.56411227      0.47427794
4000  829        -1.05182161     13.51420027      0.42809698
4001  829        -1.10823533     13.46305273      0.38396913
4002  829        -1.15102609     13.40380580      0.35344697
4003  829        -1.17611380     13.34280375      0.34383801
4004  829        -1.18652623     13.28978851      0.33653289
4005  829        -1.18905448     13.24600114      0.33365227
4006  829        -1.20011749     13.21901278      0.32266546
4007  829        -1.23540788     13.22490063      0.29716390
4008  829        -1.30559827     13.25307504      0.25306854
4009  829        -1.37542879     13.27619859      0.18514543
4010  829        -1.42352218     13.27903099      0.14191398
4011  829        -1.43527015     13.25398931      0.13298107
4012  829        -1.41983281     13.20655335      0.15875560
4013  829        -1.37667282     13.16364945      0.20366332
4014  829        -1.32005306     13.13338740      0.26461008
4015  829        -1.27612719     13.13847225      0.33391542
4016  829        -1.25535429     13.15055395      0.41173356
4017  829        -1.28749486     13.13989974      0.46350079
4018  829        -1.35497514     13.10657278      0.46374625
4019  829        -1.41941926     13.06918261      0.43103843
4020  829        -1.42618853     13.05586492      0.41506820
4021  829        -1.36456139     13.06161677      0.42443616
4022  829        -1.27045464     13.07557747      0.42582347
4023  829        -1.16314339     13.08844509      0.42842053
4024  829        -1.08198471     13.11683909      0.44796609
4025  829        -1.04661116     13.17902498      0.47720333
4026  829        -1.03597058     13.26969936      0.48177912
4027  829        -1.03702775     13.34108424      0.47935337
4028  829        -1.03659290     13.39195509      0.48600685
4029  829        -1.04351058     13.45507446      0.51373877
4030  829        -1.06634163     13.54244830      0.54015541
4031  829        -1.09015605     13.61467879      0.52794907
4032  829        -1.09968715     13.62500946      0.48354171
4033  829        -1.09098587     13.59546646      0.44006605
4034  829        -1.08090319     13.57637057      0.42409255
4035  829        -1.08668910     13.60366958      0.43440610
4036  829        -1.12356426     13.66123716      0.47419615
4037  829        -1.17526442     13.70923959      0.52945858
4038  829        -1.22912951     13.72578268      0.59857500
4039  829        -1.26726402     13.69731224      0.66400481
4040  829        -1.28332035     13.63133014      0.72748961
4041  829        -1.27401908     13.54581104      0.77980057
4042  829        -1.26708443     13.47678694      0.82069624
4043  829        -1.27416496     13.44534418      0.83261228
4044  829        -1.27961180     13.42648878      0.81162601
4045  829        -1.27471170     13.40911265      0.78274928
4046  829        -1.27153891     13.38851757      0.76541579
4047  829        -1.26441926     13.38259476      0.76770307
4048  829        -1.24143413     13.38939819      0.77075682
4049  829        -1.22120077     13.40753047      0.76519368
4050  829        -1.22822923     13.42603184      0.72948045
4051  829        -1.25272791     13.43202226      0.67412111
4052  829        -1.25797744     13.40197437      0.61371489
4053  829        -1.24939169     13.34459610      0.56367628
4054  829        -1.24921442     13.29593820      0.51734253
4055  829        -1.25752765     13.25820002      0.48739049
4056  829        -1.25523105     13.20991699      0.47827121
4057  829        -1.24909442     13.16305658      0.47307557
4058  829        -1.25087311     13.14600954      0.46570792
4059  829        -1.25656704     13.14301145      0.46999544
4060  829        -1.25266882     13.15259820      0.49021225
4061  829        -1.26622650     13.14754998      0.49687367
4062  829        -1.31167485     13.14553769      0.50612819
4063  829        -1.36455488     13.15032472      0.51982800
4064  829        -1.40288186     13.17076054      0.55480502
4065  829        -1.43481991     13.18967302      0.59998987
4066  829        -1.45977484     13.18514040      0.65082747
4067  829        -1.46610869     13.14778418      0.70693299
4068  829        -1.46851615     13.08509554      0.74794016
4069  829        -1.48451097     13.03541140      0.74733295
4070  829        -1.51662631     13.01193707      0.69420299
4071  829        -1.53162164     13.00785956      0.61740234
4072  829        -1.51566147     13.02313490      0.54903744
4073  829        -1.48834758     13.05391599      0.50508596
4074  829        -1.46150417     13.06467427      0.47465998
4075  829        -1.43758379     13.04754876      0.44651283
4076  829        -1.43577154     13.01612739      0.41991274
4077  829        -1.48166778     12.98597453      0.41559426
4078  829        -1.54205377     12.95691137      0.44106679
4079  829        -1.61097646     12.93013835      0.48210010
4080  829        -1.69016496     12.89270153      0.52881272
4081  829        -1.75531429     12.83551276      0.57956074
4082  829        -1.78515295     12.79468060      0.64005601
4083  829        -1.80117572     12.78266811      0.68079138
4084  829        -1.83560536     12.78712768      0.71396057
4085  829        -1.87839518     12.79379546      0.74505629
4086  829        -1.91821418     12.81774457      0.77560422
4087  829        -1.94187970     12.84814007      0.78944581
4088  829        -1.96451435     12.86565362      0.77795853
4089  829        -1.99340232     12.85923591      0.75230909
4090  829        -2.02093289     12.83338988      0.71939440
4091  829        -2.04502356     12.80945420      0.68706819
4092  829        -2.06414481     12.79801469      0.65081172
4093  829        -2.07915718     12.80294266      0.61719964
4094  829        -2.09046998     12.80851573      0.56890753
4095  829        -2.08013857     12.80902301      0.50647406
4096  829        -2.04060567     12.81617459      0.44861120
4097  829        -1.98249674     12.84349381      0.42366996
4098  829        -1.92145921     12.88561078      0.41172318
4099  829        -1.86867290     12.92913895      0.38166262
4100  829        -1.84446835     12.94239117      0.31165351
4101  829        -1.84665458     12.92205789      0.20032335
4102  829        -1.87558485     12.89432589      0.07361311
4103  829        -1.93005287     12.87566498     -0.03502759
4104  829        -1.98280368     12.86180050     -0.10840804
4105  829        -1.99926836     12.83408394     -0.13868158
4106  829        -1.96280228     12.80967658     -0.12408332
4107  829        -1.91616208     12.79257976     -0.10307897
4108  829        -1.90020615     12.79737503     -0.08665727
4109  829        -1.91313219     12.82326216     -0.07102793
4110  829        -1.93872619     12.85711254     -0.04212853
4111  829        -1.98256861     12.86469757     -0.00238602
4112  829        -2.04933658     12.85286883      0.02086925
4113  829        -2.11577609     12.84290855      0.02383806
4114  829        -2.16878357     12.85373088      0.02095106
4115  829        -2.21883480     12.86824707      0.02112272
4116  829        -2.26806708     12.85425616      0.02052671
4117  829        -2.29105620     12.83938773      0.02860316
4118  829        -2.30235308     12.83029674      0.05482962
4119  829        -2.33223523     12.82518160      0.08307765
4120  829        -2.38453669     12.80542749      0.09288564
4121  829        -2.43186315     12.78647449      0.08824060
4122  829        -2.45321733     12.78084597      0.07796150
4123  829        -2.44701242     12.78576718      0.06368827
4124  829        -2.42007107     12.78671488      0.03609610
4125  829        -2.40018257     12.79076400     -0.01830553
4126  829        -2.40710311     12.80410968     -0.08697586
4127  829        -2.43319715     12.81633462     -0.15377231
4128  829        -2.44288144     12.82093331     -0.20347003
4129  829        -2.40833580     12.81954854     -0.23968110
4130  829        -2.35997472     12.82989999     -0.26305535
4131  829        -2.32066370     12.83138157     -0.29204521
4132  829        -2.28414014     12.79704612     -0.33683544
4133  829        -2.22700765     12.74175778     -0.39236783
4134  829        -2.15970904     12.70944301     -0.44679960
4135  829        -2.09977676     12.69570224     -0.50311717
4136  829        -2.07604706     12.69566876     -0.57263158
4137  829        -2.07042379     12.72604089     -0.64748250
4138  829        -2.05884111     12.76784201     -0.69801055
4139  829        -2.03356325     12.79993666     -0.70631208
4140  829        -2.01956013     12.80721034     -0.71931089
4141  829        -2.04347362     12.80400791     -0.74044616
4142  829        -2.09698599     12.79209406     -0.76503225
4143  829        -2.13584613     12.78568279     -0.76323674
4144  829        -2.11749744     12.78085717     -0.75133740
4145  829        -2.06574317     12.77106334     -0.74578122
4146  829        -2.01503579     12.72707996     -0.76009420
4147  829        -1.95659518     12.67078315     -0.80644480
4148  829        -1.91004910     12.63902377     -0.84026108
4149  829        -1.91289822     12.64327562     -0.85119332
4150  829        -1.93725251     12.64252576     -0.85136892
4151  829        -1.94538772     12.62206593     -0.86139037
4152  829        -1.91986476     12.61784017     -0.87803172
4153  829        -1.89910412     12.62023940     -0.88974200
4154  829        -1.88679071     12.59732480     -0.91320235
4155  829        -1.87034742     12.55187146     -0.95671213
4156  829        -1.84230012     12.51480377     -1.00089526
4157  829        -1.79817794     12.48964350     -1.02992899
4158  829        -1.74518079     12.48898694     -1.05759101
4159  829        -1.69130083     12.50000169     -1.07445046
4160  829        -1.66916262     12.53199451     -1.07519206
4161  829        -1.64889707     12.58629902     -1.05852803
4162  829        -1.63134554     12.66140373     -1.05044656
4163  829        -1.61825575     12.72917826     -1.07954206
4164  829        -1.61749246     12.77033744     -1.15202917
4165  829        -1.62954850     12.77131395     -1.22645912
4166  829        -1.64645050     12.76292925     -1.27845544
4167  829        -1.67231502     12.76148417     -1.30978417
4168  829        -1.71212435     12.76476739     -1.31199652
4169  829        -1.76602645     12.78686348     -1.28934574
4170  829        -1.80394893     12.82304506     -1.24711551
4171  829        -1.81629325     12.86718936     -1.21764662
4172  829        -1.82193132     12.89861981     -1.21890090
4173  829        -1.85032146     12.91110807     -1.24983932
4174  829        -1.88738715     12.88102190     -1.29198106
4175  829        -1.88927148     12.83567716     -1.32359629
4176  829        -1.87825426     12.81961406     -1.33302841
4177  829        -1.90388531     12.86421401     -1.34409682
4178  829        -1.95633277     12.92430352     -1.37644727
4179  829        -1.99900271     12.96323058     -1.42264420
4180  829        -2.01503527     12.99018544     -1.45522445
4181  829        -2.02001148     13.01314031     -1.46827309
4182  829        -2.00890467     13.02135383     -1.47849787
4183  829        -1.98203580     13.02347457     -1.47916835
4184  829        -1.93948504     13.02028252     -1.47482314
4185  829        -1.93039633     13.01747392     -1.48470301
4186  829        -1.97049827     13.01203719     -1.51776949
4187  829        -2.03020036     13.00959552     -1.54736487
4188  829        -2.06839163     13.02824028     -1.55102109
4189  829        -2.06772296     13.06204786     -1.53789454
4190  829        -2.05742442     13.09461929     -1.53038794
4191  829        -2.03310845     13.08999826     -1.51529844
4192  829        -2.00662773     13.03820675     -1.50117912
4193  829        -1.97719525     12.97126980     -1.49351322
4194  829        -1.94940986     12.92987620     -1.49447525
4195  829        -1.94351573     12.94052180     -1.49847923
4196  829        -1.95577462     12.98373324     -1.49968515
4197  829        -1.98911236     12.99378117     -1.51321355
4198  829        -2.04237192     12.95902990     -1.54609872
4199  829        -2.09943203     12.92933375     -1.57763528
4200  829        -2.14038078     12.94641484     -1.56914729
4201  829        -2.17499163     12.98427150     -1.53821346
4202  829        -2.21393197     12.98970322     -1.50566797
4203  829        -2.25613709     12.97354847     -1.47002223
4204  829        -2.29673405     12.96362683     -1.42436040
4205  829        -2.33471157     12.96193161     -1.37141853
4206  829        -2.37814967     12.92436950     -1.33215960
4207  829        -2.39157944     12.84693567     -1.30300932
4208  829        -2.37786942     12.78088951     -1.26284560
4209  829        -2.38137215     12.77783505     -1.20720253
4210  829        -2.41185738     12.80819813     -1.15903094
4211  829        -2.44204275     12.81357485     -1.12618838
4212  829        -2.45562985     12.77609548     -1.09257840
4213  829        -2.47308338     12.74185553     -1.05332852
4214  829        -2.50141045     12.74205061     -1.00332302
4215  829        -2.52545916     12.77293872     -0.93418624
4216  829        -2.53663269     12.79388699     -0.85511280
4217  829        -2.51235539     12.77830404     -0.76554621
4218  829        -2.47149930     12.75650139     -0.68219450
4219  829        -2.46567420     12.76460304     -0.59890622
4220  829        -2.51236406     12.80465305     -0.51404614
4221  829        -2.56981779     12.82025816     -0.43532520
4222  829        -2.60272340     12.79116640     -0.35961177
4223  829        -2.61346127     12.73517377     -0.27406122
4224  829        -2.59268370     12.70514030     -0.18570002
4225  829        -2.56879507     12.71859585     -0.10600572
4226  829        -2.56423584     12.75316321     -0.02226157
4227  829        -2.57534544     12.77908878      0.06621160
4228  829        -2.59520911     12.79843445      0.13745528
4229  829        -2.60130964     12.81880573      0.17562565
4230  829        -2.59755336     12.85238767      0.18238712
4231  829        -2.58696519     12.90755895      0.14512069
4232  829        -2.58203761     12.95775269      0.08475762
4233  829        -2.60194669     12.98630628      0.03108679
4234  829        -2.62643436     12.97952545      0.00828206
4235  829        -2.62726253     12.95808866      0.00014372
4236  829        -2.62350517     12.93760948     -0.01342169
4237  829        -2.63924215     12.93772745     -0.04406750
4238  829        -2.67309169     12.94250561     -0.06385288
4239  829        -2.70065316     12.93031126     -0.07582846
4240  829        -2.71846340     12.88089258     -0.09737857
4241  829        -2.71471474     12.83042543     -0.12394456
4242  829        -2.69827273     12.80371032     -0.16074172
4243  829        -2.68298381     12.80396118     -0.20636206
4244  829        -2.67329107     12.82751448     -0.25005333
4245  829        -2.65861161     12.84448600     -0.28496890
4246  829        -2.63264301     12.84731251     -0.31860758
4247  829        -2.60400426     12.83357644     -0.33929580
4248  829        -2.59203048     12.82952015     -0.36332529
4249  829        -2.62970301     12.82616677     -0.38114695
4250  829        -2.70235072     12.82499722     -0.38516949
4251  829        -2.77856816     12.83696083     -0.36838222
4252  829        -2.81697479     12.88261400     -0.33870515
4253  829        -2.80484699     12.94050749     -0.29210576
4254  829        -2.77241121     12.95171604     -0.24670624
4255  829        -2.75014183     12.91224654     -0.21451159
4256  829        -2.73274195     12.84500041     -0.18493254
4257  829        -2.72081929     12.77897008     -0.16498920
4258  829        -2.72735259     12.71581504     -0.14581050
4259  829        -2.74581821     12.68110660     -0.11400468
4260  829        -2.77800859     12.67791316     -0.08401964
4261  829        -2.81868806     12.69588054     -0.05241443
4262  829        -2.86289587     12.71183872     -0.01253036
4263  829        -2.89144727     12.71436229      0.02002976
4264  829        -2.90188463     12.71570589      0.03743732
4265  829        -2.90081815     12.73998271      0.04695820
4266  829        -2.90233376     12.78105391      0.03087626
4267  829        -2.92544435     12.80155232     -0.00802976
4268  829        -2.95031063     12.80558723     -0.06516407
4269  829        -2.96091116     12.80802364     -0.13160590
4270  829        -2.93640440     12.83494132     -0.19489473
4271  829        -2.88978824     12.85567018     -0.26118174
4272  829        -2.82723184     12.84365380     -0.32481260
4273  829        -2.76193758     12.80794745     -0.38106099
4274  829        -2.70459224     12.78553677     -0.42836773
4275  829        -2.66378181     12.78367647     -0.45974109
4276  829        -2.63616589     12.79744730     -0.46994394
4277  829        -2.61731246     12.80494753     -0.45664390
4278  829        -2.62289515     12.76959801     -0.43444248
4279  829        -2.65428189     12.68787523     -0.40689397
4280  829        -2.70854260     12.59871876     -0.36980538
4281  829        -2.75674960     12.54237020     -0.33078323
4282  829        -2.76164554     12.50921311     -0.28957970
4283  829        -2.71728545     12.49800156     -0.24431568
4284  829        -2.64462221     12.48467541     -0.17978545
4285  829        -2.57418004     12.47108204     -0.12964587
4286  829        -2.53205968     12.47300859     -0.09525589
4287  829        -2.51999141     12.50511367     -0.06902517
4288  829        -2.51423489     12.53567761     -0.04583140
4289  829        -2.51245800     12.54719876     -0.03424049
4290  829        -2.54017686     12.54068390     -0.03063275
4291  829        -2.58643970     12.52611275     -0.03865218
4292  829        -2.62481839     12.51194424     -0.06090254
4293  829        -2.63359339     12.50669120     -0.08819262
4294  829        -2.61870356     12.51257368     -0.11530215
4295  829        -2.58385644     12.51325844     -0.14419523
4296  829        -2.52890505     12.50176814     -0.18030987
4297  829        -2.47171211     12.46286660     -0.22036711
4298  829        -2.43848401     12.40091395     -0.27702682
4299  829        -2.43777875     12.31884581     -0.34370234
4300  829        -2.44090931     12.24611044     -0.40726046
4301  829        -2.43425930     12.20107125     -0.46003184
4302  829        -2.40511006     12.18358889     -0.50594794
4303  829        -2.36984501     12.15974477     -0.54594044
4304  829        -2.34297305     12.11743760     -0.56623224
4305  829        -2.32459396     12.05766084     -0.57140104
4306  829        -2.31442444     12.01095727     -0.57374539
4307  829        -2.31166561     11.99214454     -0.56481877
4308  829        -2.31290110     11.98612678     -0.55786647
4309  829        -2.32714199     11.96776086     -0.57116080
4310  829        -2.34548632     11.92925007     -0.61025302
4311  829        -2.33710001     11.89649797     -0.65229956
4312  829        -2.29736614     11.85730081     -0.67583899
4313  829        -2.24917584     11.81075320     -0.69277959
4314  829        -2.24343360     11.75888977     -0.71343485
4315  829        -2.27746607     11.71768505     -0.72463901
4316  829        -2.32095284     11.68242386     -0.70993085
4317  829        -2.34393425     11.65982963     -0.67009468
4318  829        -2.35345083     11.64285624     -0.60519343
4319  829        -2.37948743     11.61912494     -0.52859451
4320  829        -2.41843039     11.57820514     -0.47450256
4321  829        -2.42260680     11.51806607     -0.44467405
4322  829        -2.36963958     11.44659164     -0.40921628
4323  829        -2.28971603     11.37299381     -0.36214484
4324  829        -2.23170528     11.32801629     -0.30526616
4325  829        -2.20476666     11.30926025     -0.25564923
4326  829        -2.19135708     11.31539897     -0.22116542
4327  829        -2.18482354     11.31974256     -0.15598557
4328  829        -2.19026381     11.30411939     -0.06171527
4329  829        -2.18330676     11.26263874      0.02709416
4330  829        -2.15997585     11.20747658      0.10510365
4331  829        -2.09833328     11.17522310      0.18434344
4332  829        -2.02082086     11.16746340      0.26496628
4333  829        -1.96315546     11.17191368      0.32512139
4334  829        -1.96001513     11.17197804      0.34600539
4335  829        -1.99845121     11.14976028      0.34839911
4336  829        -2.04127503     11.13028194      0.32658419
4337  829        -2.05709160     11.13531949      0.29573002
4338  829        -2.05540769     11.15447737      0.27969740
4339  829        -2.05983123     11.16587792      0.27316338
4340  829        -2.05501833     11.15395346      0.26165048
4341  829        -2.01041116     11.12675647      0.25972104
4342  829        -1.92785647     11.10390430      0.25484232
4343  829        -1.83096023     11.08954753      0.22797403
4344  829        -1.73014929     11.08164804      0.16250901
4345  829        -1.64823888     11.08584916      0.06871195
4346  829        -1.59652011     11.10569403     -0.03005857
4347  829        -1.56249142     11.11571639     -0.13762342
4348  829        -1.55315944     11.07594741     -0.24374889
4349  829        -1.56022494     11.00703901     -0.35002408
4350  829        -1.58273523     10.96611321     -0.44523220
4351  829        -1.59745689     10.97035651     -0.51494196
4352  829        -1.58828257     10.97156755     -0.58274093
4353  829        -1.53431040     10.93023286     -0.65807777
4354  829        -1.43957836     10.86898795     -0.73390803
4355  829        -1.34265625     10.83474001     -0.80776423
4356  829        -1.26965679     10.83657596     -0.88120102
4357  829        -1.23084546     10.84054223     -0.93480497
4358  829        -1.20595122     10.82597768     -0.93198046
4359  829        -1.17409561     10.79440151     -0.87566970
4360  829        -1.14690362     10.75881608     -0.78445666
4361  829        -1.13549797     10.71646758     -0.68465586
4362  829        -1.11971804     10.66136147     -0.58050901
4363  829        -1.08438921     10.58600081     -0.46097132
4364  829        -1.02809898     10.50341825     -0.36224760
4365  829        -0.98732488     10.40901506     -0.33064608
4366  829        -0.97644798     10.32926229     -0.35727410
4367  829        -0.99198050     10.29068064     -0.39217852
4368  829        -1.01434788     10.28354929     -0.39462656
4369  829        -1.04564253     10.27898509     -0.37292759
4370  829        -1.10751445     10.27324037     -0.32371474
4371  829        -1.19218219     10.27013286     -0.25196232
4372  829        -1.27298301     10.26999115     -0.18725768
4373  829        -1.34569982     10.26002508     -0.14825507
4374  829        -1.42274255     10.21009828     -0.11673817
4375  829        -1.46869518     10.13450846     -0.07016538
4376  829        -1.45437544     10.07867852     -0.03276934
4377  829        -1.40664338     10.05677517     -0.01319116
4378  829        -1.38250719     10.04351524      0.01166967
4379  829        -1.37812634     10.02909067      0.04757147
4380  829        -1.37688966     10.00914928      0.07590501
4381  829        -1.36835923     10.00397679      0.09476287
4382  829        -1.36557031     10.01252272      0.11978322
4383  829        -1.38297219     10.01756855      0.13643589
4384  829        -1.40999835     10.00535354      0.13328467
4385  829        -1.44334702      9.96423281      0.12336272
4386  829        -1.47689538      9.91578079      0.13353620
4387  829        -1.49511488      9.87792246      0.14807013
4388  829        -1.46957255      9.88126079      0.16203198
4389  829        -1.38229950      9.90557942      0.15819759
4390  829        -1.26852590      9.93879339      0.13491708
4391  829        -1.20530944      9.98287317      0.11460517
4392  829        -1.19395345     10.02783702      0.12033239
4393  829        -1.21394936     10.04937267      0.13242234
4394  829        -1.25837416     10.05017131      0.14309075
4395  829        -1.33326237     10.07032029      0.16232168
4396  829        -1.43261590     10.09790691      0.19684203
4397  829        -1.50904388     10.12101818      0.23364785
4398  829        -1.52872186     10.14751671      0.24850336
4399  829        -1.48371913     10.17346234      0.24979752
4400  829        -1.44320926     10.21152220      0.25484983
4401  829        -1.42062261     10.25223481      0.26006961
4402  829        -1.42083983     10.26699541      0.23630364
4403  829        -1.42608802     10.27642280      0.22077590
4404  829        -1.43373332     10.28086729      0.23699303
4405  829        -1.45556313     10.30689540      0.27177840
4406  829        -1.48847107     10.37045428      0.31577948
4407  829        -1.51479395     10.44198771      0.36347951
4408  829        -1.51843632     10.47963664      0.40300810
4409  829        -1.53522299     10.46307824      0.42627099
4410  829        -1.57249656     10.42868836      0.46114512
4411  829        -1.61814883     10.38449456      0.51226422
4412  829        -1.64866460     10.32189173      0.55405188
4413  829        -1.66531894     10.29032912      0.58665975
4414  829        -1.69412093     10.33044610      0.64970194
4415  829        -1.72508896     10.41098607      0.71519854
4416  829        -1.73446968     10.43744648      0.77025558
4417  829        -1.75391034     10.40107440      0.81565905
4418  829        -1.80014942     10.33894788      0.86707441
4419  829        -1.84355056     10.27652213      0.90227965
4420  829        -1.87311349     10.21858788      0.90048470
4421  829        -1.90019485     10.19623825      0.88317786
4422  829        -1.91376678     10.19971216      0.86900337
4423  829        -1.88780631     10.19459262      0.85947717
4424  829        -1.86360455     10.15800270      0.85976465
4425  829        -1.87573140     10.11035324      0.85491131
4426  829        -1.92144469     10.04992315      0.83159167
4427  829        -1.98415775      9.97308521      0.81196574
4428  829        -2.05879419      9.89342964      0.82294781
4429  829        -2.12786247      9.82241449      0.86526743
4430  829        -2.15885416      9.76741531      0.90689129
4431  829        -2.16643849      9.73183049      0.93157828
4432  829        -2.17557567      9.74386334      0.94160157
4433  829        -2.17460208      9.76824438      0.94377934
4434  829        -2.15327432      9.76770917      0.92436142
4435  829        -2.15344356      9.71035431      0.87981069
4436  829        -2.19267507      9.62349051      0.81628683
4437  829        -2.25211760      9.53688740      0.72933628
4438  829        -2.29526845      9.46714975      0.61719692
4439  829        -2.31633980      9.42364385      0.50415318
4440  829        -2.32411026      9.41398586      0.40734113
4441  829        -2.32308226      9.44565542      0.31147619
4442  829        -2.30209613      9.49972921      0.22810285
4443  829        -2.25026025      9.53352252      0.15639914
4444  829        -2.18112295      9.53056913      0.11168071
4445  829        -2.12668335      9.51938770      0.09401785
4446  829        -2.09944502      9.49705633      0.09394484
4447  829        -2.08779531      9.48023687      0.12135748
4448  829        -2.08766305      9.49230968      0.16635849
4449  829        -2.09129544      9.52372218      0.20817694
4450  829        -2.11802148      9.52691863      0.20141972
4451  829        -2.14847204      9.48746087      0.14897055
4452  829        -2.15409651      9.46001639      0.08083467
4453  829        -2.13458243      9.46825757      0.02916052
4454  829        -2.10291492      9.49990754     -0.01128426
4455  829        -2.07566044      9.53344793     -0.04601492
4456  829        -2.07786030      9.55790454     -0.06973162
4457  829        -2.10781149      9.56711081     -0.08064628
4458  829        -2.12638531      9.55327238     -0.07725198
4459  829        -2.12742117      9.53814398     -0.06578847
4460  829        -2.14384221      9.54031738     -0.04720160
4461  829        -2.18766968      9.55003361     -0.04219286
4462  829        -2.22586413      9.54010519     -0.04763277
4463  829        -2.25609062      9.53288893     -0.05086964
4464  829        -2.29253868      9.54834081     -0.03963179
4465  829        -2.32592515      9.58458959     -0.04230321
4466  829        -2.32790473      9.63269988     -0.05090133
4467  829        -2.29922592      9.68723799     -0.03647159
4468  829        -2.25180053      9.71119761      0.02385702
4469  829        -2.19938372      9.71270871      0.11381615
4470  829        -2.16030913      9.74744743      0.21429155
4471  829        -2.15805594      9.81824985      0.32678192
4472  829        -2.20010210      9.85578196      0.42483053
4473  829        -2.27388509      9.84577530      0.48608332
4474  829        -2.33366247      9.83401202      0.53315904
4475  829        -2.38486811      9.82350067      0.58569640
4476  829        -2.41794543      9.81100042      0.61770467
4477  829        -2.43511460      9.78499965      0.62401733
4478  829        -2.45065347      9.75563085      0.61584514
4479  829        -2.46559774      9.73552707      0.61404977
4480  829        -2.46675590      9.72899442      0.62350040
4481  829        -2.45859953      9.72685394      0.64521077
4482  829        -2.45297300      9.72131525      0.67088882
4483  829        -2.46900380      9.71915724      0.68848910
4484  829        -2.50327994      9.71726511      0.68220958
4485  829        -2.53307426      9.70282483      0.66547121
4486  829        -2.55756200      9.68301965      0.65712338
4487  829        -2.57336875      9.69972224      0.64614085
4488  829        -2.59860590      9.75261716      0.62086208
4489  829        -2.62432906      9.79942095      0.58428756
4490  829        -2.63460418      9.81109003      0.55153714
4491  829        -2.62604765      9.79352114      0.51343265
4492  829        -2.61298658      9.77297909      0.48073747
4493  829        -2.62263307      9.76807185      0.46347079
4494  829        -2.64334765      9.76203990      0.45318722
4495  829        -2.67250466      9.74779801      0.42292048
4496  829        -2.71467119      9.74741386      0.39520173
4497  829        -2.76201840      9.77970193      0.37442170
4498  829        -2.77385862      9.83997235      0.35056683
4499  829        -2.74905440      9.90004359      0.31030118
4500  829        -2.72271202      9.92153382      0.27112117
4501  829        -2.70309926      9.90425829      0.23769417
4502  829        -2.69385249      9.89392488      0.19674311
4503  829        -2.68263402      9.92571989      0.17322325
4504  829        -2.68420081      9.96197902      0.16331671
4505  829        -2.70269171      9.97847978      0.14693140
4506  829        -2.74217355      9.98949023      0.10393373
4507  829        -2.80471182     10.02796527      0.05998137
4508  829        -2.86492053     10.07636120      0.04771061
4509  829        -2.89681990     10.13069371      0.06894888
4510  829        -2.90041795     10.18471248      0.10687668
4511  829        -2.90866514     10.23097131      0.15187243
4512  829        -2.92937975     10.25629403      0.18773124
4513  829        -2.98068153     10.25992550      0.21076972
4514  829        -3.04065882     10.27866326      0.24344687
4515  829        -3.11008341     10.30512295      0.28821699
4516  829        -3.16761301     10.31747518      0.31254044
4517  829        -3.20665758     10.31171294      0.28636555
4518  829        -3.23026000     10.32059297      0.22475254
4519  829        -3.23048132     10.34385010      0.16239601
4520  829        -3.19896286     10.35391470      0.11585969
4521  829        -3.15481398     10.33307134      0.08181832
4522  829        -3.13882206     10.28306969      0.04322918
4523  829        -3.13196288     10.21939458     -0.01687283
4524  829        -3.13691050     10.15880663     -0.06607674
4525  829        -3.13719064     10.12104553     -0.09583626
4526  829        -3.12627814     10.12332512     -0.13726535
4527  829        -3.11097698     10.17646720     -0.18599389
4528  829        -3.10877308     10.26633059     -0.21775209
4529  829        -3.09327243     10.34902508     -0.23860128
4530  829        -3.05539693     10.37448086     -0.24395746
4531  829        -3.01865668     10.36414403     -0.23605220
4532  829        -2.98818859     10.33996301     -0.23943106
4533  829        -2.98589024     10.32940815     -0.25661333
4534  829        -2.98425301     10.35330359     -0.28186432
4535  829        -2.98197837     10.40857644     -0.32128087
4536  829        -2.97865696     10.47286554     -0.36623222
4537  829        -2.99834212     10.52903196     -0.38288481
4538  829        -3.02881231     10.58020912     -0.36522743
4539  829        -3.07058750     10.62848065     -0.31689191
4540  829        -3.11021310     10.68539694     -0.25772660
4541  829        -3.14973566     10.75202461     -0.19706320
4542  829        -3.19048366     10.81457702     -0.13831881
4543  829        -3.22090188     10.86896534     -0.07848221
4544  829        -3.22998685     10.90094809     -0.03470279
4545  829        -3.21682476     10.90283539     -0.01515387
4546  829        -3.20686978     10.87372341     -0.02139639
4547  829        -3.22707527     10.82407157     -0.06260362
4548  829        -3.27797185     10.77392463     -0.12215831
4549  829        -3.35369486     10.73320181     -0.18801917
4550  829        -3.42903032     10.71365019     -0.26045897
4551  829        -3.47807317     10.70881838     -0.33476201
4552  829        -3.50107860     10.69893878     -0.39066117
4553  829        -3.51856246     10.66850425     -0.42854774
4554  829        -3.53269111     10.62187263     -0.47610598
4555  829        -3.56120692     10.58192156     -0.54631499
4556  829        -3.61123596     10.55483869     -0.61189843
4557  829        -3.67863428     10.53680097     -0.66377270
4558  829        -3.74229317     10.51246073     -0.72045505
4559  829        -3.80947032     10.46019004     -0.77850933
4560  829        -3.88782622     10.37446858     -0.82620921
4561  829        -3.93940866     10.29371424     -0.87578326
4562  829        -3.94794589     10.25039032     -0.91764147
4563  829        -3.93423088     10.27092070     -0.94513217
4564  829        -3.90553711     10.29724397     -0.95284401
4565  829        -3.87058324     10.30177717     -0.96009330
4566  829        -3.85093644     10.28731021     -0.97410418
4567  829        -3.87083618     10.27891384     -1.01720831
4568  829        -3.89693992     10.26914173     -1.10271761
4569  829        -3.89930146     10.24396021     -1.19537034
4570  829        -3.90474491     10.22826117     -1.26452882
4571  829        -3.92292704     10.22022678     -1.30507596
4572  829        -3.94237242     10.20680154     -1.35362739
4573  829        -3.95516392     10.15081027     -1.39502773
4574  829        -3.97093700     10.06941822     -1.40350617
4575  829        -3.97737352      9.99027067     -1.40528632
4576  829        -3.98016149      9.92757749     -1.45182287
4577  829        -4.00822756      9.88685535     -1.53236803
4578  829        -4.03982688      9.85190893     -1.61419123
4579  829        -4.04703019      9.83331581     -1.68964739
4580  829        -4.03031731      9.83687796     -1.75851194
4581  829        -4.00524201      9.85280390     -1.81550125
4582  829        -3.97444482      9.83545554     -1.84938038
4583  829        -3.92839899      9.78106697     -1.85510809
4584  829        -3.88223729      9.72285965     -1.84154573
4585  829        -3.85654117      9.70261051     -1.83093868
4586  829        -3.86399370      9.72711207     -1.85564050
4587  829        -3.87689069      9.77391655     -1.90973192
4588  829        -3.89123231      9.82631289     -1.95812558
4589  829        -3.89876548      9.87053171     -1.98014254
4590  829        -3.90262541      9.92829838     -1.98331855
4591  829        -3.91411464      9.98702816     -1.98520582
4592  829        -3.93858525     10.03790779     -1.99181832
4593  829        -3.96782284     10.08089840     -2.00192878
4594  829        -3.99177495     10.12709214     -2.01303882
4595  829        -4.00989024     10.16270421     -2.05147169
4596  829        -4.02306538     10.15691085     -2.11515625
4597  829        -4.02328380     10.13029071     -2.17610978
4598  829        -3.98869055     10.10395680     -2.20803152
4599  829        -3.93552408     10.09809024     -2.22063448
4600  829        -3.90526592     10.10888175     -2.22808122
4601  829        -3.89008563     10.13173095     -2.23620430
4602  829        -3.87912020     10.16530222     -2.24074640
4603  829        -3.86025326     10.19727093     -2.21853894
4604  829        -3.84439045     10.21091834     -2.18301062
4605  829        -3.84480646     10.20933942     -2.15014421
4606  829        -3.85249561     10.22432307     -2.14251264
4607  829        -3.86173775     10.24097299     -2.16255405
4608  829        -3.84275045     10.23898278     -2.19217467
4609  829        -3.81359578     10.22684054     -2.22042587
4610  829        -3.77293523     10.23286048     -2.25919529
4611  829        -3.75188039     10.24844737     -2.29144605
4612  829        -3.76496114     10.25607477     -2.27957694
4613  829        -3.81065281     10.27453332     -2.22941519
4614  829        -3.86916641     10.30785217     -2.17438313
4615  829        -3.93261712     10.34087240     -2.15037350
4616  829        -3.98180909     10.35258279     -2.14269971
4617  829        -3.99221300     10.35521798     -2.11536391
4618  829        -4.01287113     10.38652666     -2.06647118
4619  829        -4.03151075     10.45001804     -2.01125522
4620  829        -4.05884655     10.48527760     -1.96049644
4621  829        -4.08076962     10.48416156     -1.95669011
4622  829        -4.11600300     10.47363730     -1.99639104
4623  829        -4.15069350     10.46449177     -2.03801939
4624  829        -4.19542070     10.45233576     -2.07462254
4625  829        -4.23076052     10.44021218     -2.08922386
4626  829        -4.21916005     10.45469509     -2.06650148
4627  829        -4.18267460     10.48167129     -2.02570133
4628  829        -4.14749784     10.50098499     -1.98492713
4629  829        -4.14530136     10.49299407     -1.95665842
4630  829        -4.15001575     10.48412620     -1.96236502
4631  829        -4.12200078     10.46478589     -1.96054075
4632  829        -4.06744334     10.44813342     -1.92919428
4633  829        -4.04903221     10.45995361     -1.90327544
4634  829        -4.04797640     10.49182638     -1.87854436
4635  829        -4.07720993     10.52951919     -1.88571471
4636  829        -4.14922169     10.56087103     -1.91469982
4637  829        -4.20407878     10.56123603     -1.94657862
4638  829        -4.24430354     10.57407304     -1.95684128
4639  829        -4.29675219     10.61608463     -1.94143540
4640  829        -4.33492961     10.65499861     -1.90854252
4641  829        -4.33915757     10.66842159     -1.87379083
4642  829        -4.33697125     10.68607854     -1.87107645
4643  829        -4.33260301     10.70094075     -1.89314787
4644  829        -4.32115278     10.68887294     -1.89344198
4645  829        -4.31421285     10.68184040     -1.86782218
4646  829        -4.30943089     10.71551007     -1.84547690
4647  829        -4.31323889     10.80014481     -1.83326853
4648  829        -4.32046226     10.87789420     -1.83518161
4649  829        -4.32408607     10.89534993     -1.82586265
4650  829        -4.33361360     10.88638485     -1.80019710
4651  829        -4.35995548     10.87287556     -1.76128853
4652  829        -4.37184154     10.85755372     -1.71393569
4653  829        -4.36832177     10.83911366     -1.68934806
4654  829        -4.38946728     10.83681365     -1.70592093
4655  829        -4.45346292     10.84048395     -1.73543148
4656  829        -4.50116131     10.82274545     -1.73728014
4657  829        -4.52539151     10.79079966     -1.70567619
4658  829        -4.51757470     10.79210276     -1.67281962
4659  829        -4.50023956     10.82578030     -1.62890142
4660  829        -4.48337907     10.86235363     -1.57202019
4661  829        -4.46092419     10.87156367     -1.51901809
4662  829        -4.41625045     10.83492402     -1.47355292
4663  829        -4.36512449     10.78740435     -1.43277717
4664  829        -4.33363421     10.78029755     -1.41042290
4665  829        -4.31705984     10.80450635     -1.39827476
4666  829        -4.29171685     10.80364969     -1.38704274
4667  829        -4.26808911     10.77493485     -1.39607404
4668  829        -4.26120720     10.72824285     -1.39027123
4669  829        -4.25164365     10.69044507     -1.36064423
4670  829        -4.22231810     10.63994095     -1.33497651
4671  829        -4.18487054     10.57920520     -1.29558125
4672  829        -4.17768833     10.54139753     -1.25640638
4673  829        -4.20267784     10.53249682     -1.21413496
4674  829        -4.23740137     10.54815180     -1.19071794
4675  829        -4.26973203     10.57787498     -1.18143910
4676  829        -4.28595539     10.60626425     -1.15820725
4677  829        -4.27382847     10.59843628     -1.11531581
4678  829        -4.21637444     10.56808948     -1.07693779
4679  829        -4.16736240     10.52347689     -1.07459657
4680  829        -4.13728870     10.47015992     -1.08222377
4681  829        -4.08763442     10.42715754     -1.08113847
4682  829        -4.01393191     10.39271514     -1.04603763
4683  829        -3.94240700     10.36319634     -1.01458420
4684  829        -3.90628827     10.33615955     -1.00252318
4685  829        -3.89847544     10.33441627     -1.00706926
4686  829        -3.91724393     10.36068527     -1.00372932
4687  829        -3.93868455     10.41432624     -0.99659044
4688  829        -3.96467978     10.47579745     -0.98046386
4689  829        -3.99052879     10.54192779     -0.97063935
4690  829        -4.02608054     10.57642852     -0.99276035
4691  829        -4.06320517     10.56923801     -1.04330005
4692  829        -4.08480784     10.55950207     -1.12827382
4693  829        -4.07369566     10.54819440     -1.21325561
4694  829        -4.05222498     10.52530341     -1.29499054
4695  829        -4.02967480     10.51501517     -1.37426477
4696  829        -4.01246027     10.53889657     -1.42959092
4697  829        -4.03755808     10.58701816     -1.45786482
4698  829        -4.09841372     10.63822361     -1.47219259
4699  829        -4.20441876     10.68416204     -1.47525994
4700  829        -4.31864391     10.73713054     -1.46033398
4701  829        -4.40919829     10.76996533     -1.44652898
4702  829        -4.43596511     10.75969456     -1.42953730
4703  829        -4.41449377     10.71491086     -1.41094226
4704  829        -4.39043289     10.67106368     -1.39143306
4705  829        -4.37815047     10.66851754     -1.39051220
4706  829        -4.37054279     10.72421207     -1.43923028
4707  829        -4.35188958     10.80139110     -1.50059923
4708  829        -4.34230456     10.85345871     -1.53160162
4709  829        -4.33954378     10.87924716     -1.54104518
4710  829        -4.34701626     10.90162545     -1.55487800
4711  829        -4.34846776     10.93845160     -1.57814805
4712  829        -4.35262652     10.94851505     -1.59804405
4713  829        -4.35128511     10.92994745     -1.59379747
4714  829        -4.36427083     10.90726340     -1.59120824
4715  829        -4.39533425     10.90497314     -1.59086370
4716  829        -4.42682114     10.94091061     -1.59322803
4717  829        -4.44476000     11.00610024     -1.60470201
4718  829        -4.44958189     11.06053271     -1.63375111
4719  829        -4.45321897     11.08297562     -1.64864954
4720  829        -4.45176731     11.08963029     -1.61225173
4721  829        -4.45698577     11.09514370     -1.55151225
4722  829        -4.44243489     11.12335503     -1.47292290
4723  829        -4.42756962     11.12535653     -1.41794271
4724  829        -4.44077653     11.08982228     -1.40627362
4725  829        -4.47263245     11.07344696     -1.43494349
4726  829        -4.51434137     11.08535770     -1.49006351
4727  829        -4.54979498     11.13280061     -1.55944973
4728  829        -4.59040044     11.18122410     -1.65350824
4729  829        -4.66677834     11.19966875     -1.73721382
4730  829        -4.74810772     11.17001099     -1.77895232
4731  829        -4.79321783     11.11315682     -1.77982811
4732  829        -4.81508297     11.05999898     -1.77212513
4733  829        -4.83148502     11.01049398     -1.75585908
4734  829        -4.83599741     10.94826184     -1.73167742
4735  829        -4.82353066     10.87707969     -1.67505203
4736  829        -4.79411477     10.82948064     -1.59027676
4737  829        -4.77127467     10.81614187     -1.50706753
4738  829        -4.77863837     10.79741068     -1.46873606
4739  829        -4.82408742     10.74036329     -1.48051787
4740  829        -4.89647293     10.68744204     -1.53096293
4741  829        -4.95814977     10.66192648     -1.59495701
4742  829        -4.99573996     10.65717936     -1.63589007
4743  829        -5.00186790     10.64586862     -1.64282656
4744  829        -4.98621864     10.63041638     -1.62939639
4745  829        -4.93595901     10.61957205     -1.60695407
4746  829        -4.87375795     10.63497983     -1.55810459
4747  829        -4.85009751     10.67840452     -1.50276929
4748  829        -4.91131328     10.70883615     -1.47190875
4749  829        -5.01213822     10.70643244     -1.47189381
4750  829        -5.08780667     10.67072718     -1.48649720
4751  829        -5.11362543     10.62132050     -1.52550920
4752  829        -5.09105575     10.60373775     -1.53927168
4753  829        -5.04044843     10.62186667     -1.50880519
4754  829        -4.97423292     10.66035360     -1.45048997
4755  829        -4.92866540     10.68428723     -1.40171037
4756  829        -4.92593977     10.67499791     -1.39379603
4757  829        -4.94531771     10.63807528     -1.41063746
4758  829        -4.96450131     10.58166373     -1.44533488
4759  829        -4.99018636     10.53222959     -1.48891565
4760  829        -5.02644807     10.50894718     -1.51999550
4761  829        -5.05906720     10.52305385     -1.52621833
4762  829        -5.07227280     10.55341752     -1.52254094
4763  829        -5.07764882     10.57307376     -1.51294911
4764  829        -5.09553602     10.59944080     -1.48300484
4765  829        -5.12000425     10.64860988     -1.44648554
4766  829        -5.13549717     10.73096775     -1.43449361
4767  829        -5.13549203     10.82075002     -1.43313106
4768  829        -5.14675045     10.91794114     -1.43353083
4769  829        -5.16420667     11.02230543     -1.46057807
4770  829        -5.18187128     11.12971229     -1.53679892
4771  829        -5.19486849     11.22036803     -1.64695916
4772  829        -5.22279016     11.26384909     -1.75153391
4773  829        -5.28165777     11.28750749     -1.81788123
4774  829        -5.33630133     11.29847588     -1.86217302
4775  829        -5.32844684     11.32613085     -1.89709155
4776  829        -5.24873207     11.34965517     -1.91229629
4777  829        -5.14300094     11.36030980     -1.92249597
4778  829        -5.08960017     11.32215120     -1.92504850
4779  829        -5.08772099     11.23170770     -1.92019608
4780  829        -5.08759716     11.14155191     -1.93992333
4781  829        -5.11744514     11.11919210     -1.98132179
4782  829        -5.17988546     11.13377295     -2.03218679
4783  829        -5.23106848     11.16695132     -2.07218821
4784  829        -5.24035605     11.20412607     -2.09816853
4785  829        -5.26060121     11.23757627     -2.14084104
4786  829        -5.32083437     11.29846490     -2.20085339
4787  829        -5.40489929     11.37754625     -2.26499640
4788  829        -5.46812377     11.45903274     -2.30220025
4789  829        -5.50193900     11.51240009     -2.30368976
4790  829        -5.50448134     11.53797328     -2.27882140
4791  829        -5.48068446     11.52103353     -2.24762377
4792  829        -5.44699441     11.46430949     -2.23666068
4793  829        -5.42305006     11.38944727     -2.27086730
4794  829        -5.42735831     11.31351125     -2.32711480
4795  829        -5.45106714     11.26405816     -2.37058625
4796  829        -5.45165317     11.24579983     -2.36933659
4797  829        -5.40712184     11.25454935     -2.34731028
4798  829        -5.34956624     11.27684420     -2.34052543
4799  829        -5.31221145     11.32000322     -2.36796564
4800  829        -5.28758448     11.35588611     -2.40754667
4801  829        -5.27324573     11.37098063     -2.43633106
4802  829        -5.28115461     11.39558943     -2.46086296
4803  829        -5.31356666     11.42670806     -2.47304544
4804  829        -5.33510692     11.43504894     -2.47598260
4805  829        -5.31872375     11.40563325     -2.45823553
4806  829        -5.28774185     11.38339477     -2.43368148
4807  829        -5.29873048     11.37302691     -2.42929215
4808  829        -5.37223443     11.38372859     -2.44972761
4809  829        -5.46049120     11.38551080     -2.49229693
4810  829        -5.53908665     11.37019117     -2.54563150
4811  829        -5.60152711     11.34370316     -2.60380811
4812  829        -5.64123318     11.31955096     -2.65182633
4813  829        -5.64443387     11.28943153     -2.67473947
4814  829        -5.62033438     11.25377050     -2.67272518
4815  829        -5.60718810     11.22800732     -2.66163237
4816  829        -5.61563988     11.21868595     -2.63876920
4817  829        -5.62304589     11.22765397     -2.61316442
4818  829        -5.60755159     11.24602196     -2.56980969
4819  829        -5.60526791     11.26149504     -2.55418388
4820  829        -5.62998631     11.25552720     -2.56820343
4821  829        -5.64375506     11.22240024     -2.60261435
4822  829        -5.60407059     11.19229548     -2.60801540
4823  829        -5.54232806     11.17164290     -2.55705736
4824  829        -5.50523773     11.17422673     -2.50950146
4825  829        -5.52119272     11.19907131     -2.48989376
4826  829        -5.59935286     11.22526482     -2.48130567
4827  829        -5.66354996     11.26410598     -2.43571781
4828  829        -5.68342361     11.33503047     -2.36849536
4829  829        -5.67553502     11.39435668     -2.31332681
4830  829        -5.67746797     11.39774277     -2.29556632
4831  829        -5.68030244     11.37059978     -2.30117821
4832  829        -5.67448252     11.33769295     -2.29334279
4833  829        -5.67156297     11.30286775     -2.27549958
4834  829        -5.66296067     11.26114227     -2.27715547
4835  829        -5.65667802     11.22904078     -2.31938801
4836  829        -5.66981797     11.23139140     -2.38259955
4837  829        -5.70966857     11.28478114     -2.42166321
4838  829        -5.77770436     11.38911572     -2.42107688
4839  829        -5.83444653     11.53616690     -2.39686209
4840  829        -5.83302707     11.69569401     -2.38418479
4841  829        -5.80322361     11.83300039     -2.39538535
4842  829        -5.78628605     11.92595834     -2.41415819
4843  829        -5.76162159     11.98572281     -2.45707408
4844  829        -5.72875394     12.03291592     -2.52482552
4845  829        -5.68056170     12.06130100     -2.59335921
4846  829        -5.62514394     12.07255459     -2.64431306
4847  829        -5.55876231     12.07774687     -2.66012956
4848  829        -5.50710353     12.08224142     -2.66463808
4849  829        -5.48111896     12.07851253     -2.67383498
4850  829        -5.46471133     12.06471325     -2.70976511
4851  829        -5.45026024     12.05086496     -2.74156490
4852  829        -5.45871373     12.05068038     -2.74760693
4853  829        -5.48665884     12.04360648     -2.73985742
4854  829        -5.52428414     12.03745152     -2.75647125
4855  829        -5.52791262     12.06067344     -2.76448712
4856  829        -5.49629579     12.09854246     -2.75648617
4857  829        -5.46421577     12.10356966     -2.76318475
4858  829        -5.40898369     12.10007809     -2.76305399
4859  829        -5.34465626     12.07925790     -2.76980036
4860  829        -5.27990113     12.03344892     -2.77285874
4861  829        -5.22991662     12.00562933     -2.74423468
4862  829        -5.18577000     11.97767659     -2.68910599
4863  829        -5.15877329     11.94215503     -2.63831501
4864  829        -5.13648818     11.92225686     -2.59644798
4865  829        -5.11609048     11.92699390     -2.58792609
4866  829        -5.10397359     11.95642381     -2.62412381
4867  829        -5.10918541     11.99123175     -2.67516313
4868  829        -5.11992407     12.02085377     -2.70029539
4869  829        -5.11979513     12.02616021     -2.70639359
4870  829        -5.08915362     12.01038657     -2.69214923
4871  829        -5.03643633     11.99814564     -2.63223734
4872  829        -4.99684154     11.98400155     -2.54430507
4873  829        -4.99964435     11.95848683     -2.47064344
4874  829        -4.99946148     11.93502500     -2.41630845
4875  829        -4.96829947     11.93697774     -2.38563753
4876  829        -4.95991490     11.93165432     -2.38645379
4877  829        -4.99842619     11.92171158     -2.40960390
4878  829        -5.03908095     11.91340517     -2.43744287
4879  829        -5.05023510     11.91427990     -2.46735651
4880  829        -5.05450640     11.92339239     -2.48665154
4881  829        -5.08540532     11.92375346     -2.47825785
4882  829        -5.12262483     11.92240892     -2.45678114
4883  829        -5.13492969     11.93594582     -2.42992905
4884  829        -5.13502368     11.95781718     -2.40634330
4885  829        -5.14063669     11.98874717     -2.38759165
4886  829        -5.16810887     11.99286222     -2.38374108
4887  829        -5.19354411     11.94593938     -2.38842362
4888  829        -5.19615430     11.87630180     -2.39424549
4889  829        -5.19540604     11.83791327     -2.42764728
4890  829        -5.21148723     11.83152192     -2.47612151
4891  829        -5.24821730     11.82657633     -2.51132698
4892  829        -5.31827935     11.83585326     -2.51908159
4893  829        -5.41418342     11.84809536     -2.49634941
4894  829        -5.50860319     11.84999584     -2.44645397
4895  829        -5.57425957     11.83661511     -2.37310151
4896  829        -5.60538715     11.81587373     -2.29458241
4897  829        -5.61966169     11.81164501     -2.23161000
4898  829        -5.60754305     11.85525703     -2.19004620
4899  829        -5.58096610     11.92769226     -2.15865480
4900  829        -5.56364235     11.99487828     -2.12788304
4901  829        -5.56663129     12.04631020     -2.07945714
4902  829        -5.57601099     12.06031882     -2.00131602
4903  829        -5.58522374     12.02197590     -1.90884705
4904  829        -5.61231570     11.94259458     -1.81653050
4905  829        -5.64595954     11.86237753     -1.73664081
4906  829        -5.68554890     11.81362768     -1.65872234
4907  829        -5.70533358     11.80922063     -1.59511204
4908  829        -5.72044858     11.82415589     -1.54274877
4909  829        -5.72460662     11.84884992     -1.49180887
4910  829        -5.73330617     11.88568601     -1.44261345
4911  829        -5.73281225     11.88731144     -1.39634717
4912  829        -5.72433116     11.84192458     -1.34311735
4913  829        -5.70421015     11.77829341     -1.26549672
4914  829        -5.67506128     11.71942016     -1.17114975
4915  829        -5.65686056     11.67156659     -1.09896049
4916  829        -5.67256436     11.62080199     -1.04477849
4917  829        -5.72186498     11.57537965     -0.98051847
4918  829        -5.75682696     11.54961588     -0.90496486
4919  829        -5.75242807     11.56756445     -0.83218891
4920  829        -5.74485190     11.61345947     -0.79028056
4921  829        -5.75893192     11.65834131     -0.74792154
4922  829        -5.76041866     11.67182403     -0.68676513
4923  829        -5.75370431     11.63419967     -0.63189834
4924  829        -5.73440664     11.56594956     -0.61745262
4925  829        -5.70303042     11.50366626     -0.63613409
4926  829        -5.68155409     11.46403006     -0.64287072
4927  829        -5.69496422     11.45689412     -0.63060444
4928  829        -5.73665617     11.47694612     -0.63206192
4929  829        -5.76382032     11.50985134     -0.64763934
4930  829        -5.76028723     11.53738956     -0.65438355
4931  829        -5.76115639     11.55007834     -0.66143864
4932  829        -5.80643548     11.56545965     -0.68856577
4933  829        -5.86722656     11.58586654     -0.73599475
4934  829        -5.89103253     11.59611913     -0.79273645
4935  829        -5.88456666     11.59936452     -0.85231801
4936  829        -5.86824591     11.59129606     -0.90096757
4937  829        -5.83252924     11.59108290     -0.94202919
4938  829        -5.76340288     11.60851961     -0.96899347
4939  829        -5.68598422     11.65059758     -0.97287909
4940  829        -5.64794345     11.71057345     -0.96230971
4941  829        -5.65781132     11.76884570     -0.96442054
4942  829        -5.68871161     11.81501807     -0.99583241
4943  829        -5.70856432     11.83341247     -1.02426109
4944  829        -5.71913016     11.84085924     -1.03831105
4945  829        -5.70228653     11.86576258     -1.03145152
4946  829        -5.63347073     11.92121709     -1.01071383
4947  829        -5.52789176     11.97702154     -0.97129657
4948  829        -5.42605589     12.01839429     -0.92213504
4949  829        -5.35720948     12.04082191     -0.86900008
4950  829        -5.33978803     12.05205881     -0.82406594
4951  829        -5.36531066     12.05811500     -0.77851161
4952  829        -5.39688140     12.05439175     -0.74394972
4953  829        -5.40590381     12.04972932     -0.71976412
4954  829        -5.37711797     12.04972683     -0.70633754
4955  829        -5.34281463     12.06461896     -0.70514940
4956  829        -5.31343498     12.08662233     -0.70409871
4957  829        -5.29741134     12.11865583     -0.72301087
4958  829        -5.28450458     12.16155732     -0.74586748
4959  829        -5.28455235     12.20365080     -0.76167885
4960  829        -5.28610767     12.26026875     -0.75675132
4961  829        -5.27387579     12.33151135     -0.75380131
4962  829        -5.25982546     12.38740004     -0.75897593
4963  829        -5.25906263     12.39494943     -0.78183411
4964  829        -5.26302639     12.37531072     -0.80606399
4965  829        -5.27062040     12.35187663     -0.83504808
4966  829        -5.28245070     12.34979012     -0.84998851
4967  829        -5.28944542     12.36890680     -0.85069164
4968  829        -5.26711254     12.40611095     -0.86984385
4969  829        -5.20521022     12.43597714     -0.89852733
4970  829        -5.13435707     12.45066747     -0.90291837
4971  829        -5.08107984     12.45406746     -0.86786038
4972  829        -5.07513257     12.45313011     -0.83109675
4973  829        -5.11871629     12.45348485     -0.82490214
4974  829        -5.17228778     12.46458426     -0.84774696
4975  829        -5.21863517     12.50103371     -0.85116775
4976  829        -5.23482080     12.55478569     -0.83374395
4977  829        -5.22240102     12.61785490     -0.81442698
4978  829        -5.20208067     12.68341734     -0.80133131
4979  829        -5.20619117     12.75063715     -0.80408349
4980  829        -5.22412028     12.82764210     -0.83548253
4981  829        -5.23832197     12.91016909     -0.86685276
4982  829        -5.23191160     12.97529031     -0.88402561
4983  829        -5.22541469     13.02741537     -0.90793146
4984  829        -5.23305656     13.08134827     -0.94921754
4985  829        -5.23127151     13.12640337     -1.01921822
4986  829        -5.21184549     13.13351745     -1.08117397
4987  829        -5.18469919     13.12179117     -1.10800432
4988  829        -5.15559213     13.14988592     -1.11590878
4989  829        -5.12993914     13.23197094     -1.13000672
4990  829        -5.13598809     13.33573886     -1.13297839
4991  829        -5.14398426     13.41957314     -1.12697777
4992  829        -5.10823852     13.46370190     -1.11945356
4993  829        -5.05246866     13.47382706     -1.13883869
4994  829        -5.02416681     13.47788674     -1.18314965
4995  829        -5.02287715     13.50674881     -1.22653071
4996  829        -5.03484987     13.56989288     -1.24338982
4997  829        -5.03586957     13.63271136     -1.24486063
4998  829        -5.01815225     13.64963176     -1.25843769
4999  829        -4.98234054     13.61078566     -1.27291000
5000  829        -4.92452708     13.54481723     -1.28570692
