0     637        -3.61827686      6.12546868     -0.90827866
1     637        -3.58318250      6.09537235     -0.91478029
2     637        -3.56453502      6.05562109     -0.90451970
3     637        -3.54837043      6.03952965     -0.85396673
4     637        -3.53903531      6.04642679     -0.78591252
5     637        -3.53824337      6.06412345     -0.75290376
6     637        -3.55748528      6.08645063     -0.76829640
7     637        -3.60041238      6.11121134     -0.80096038
8     637        -3.63847177      6.13184851     -0.81378445
9     637        -3.66754633      6.13741673     -0.80201651
10    637        -3.68735374      6.13883528     -0.76583408
11    637        -3.70689329      6.12205738     -0.71808188
12    637        -3.72648384      6.09182184     -0.66789434
13    637        -3.74065756      6.08239820     -0.61020969
14    637        -3.75588374      6.11125553     -0.56015355
15    637        -3.77893250      6.15566887     -0.52766453
16    637        -3.82127253      6.20186876     -0.50233490
17    637        -3.86842565      6.24748457     -0.49521369
18    637        -3.90593476      6.29728210     -0.47197307
19    637        -3.93676938      6.35302155     -0.41664587
20    637        -3.95287500      6.38358483     -0.35449205
21    637        -3.96778800      6.38125693     -0.32609259
22    637        -3.98152906      6.36962093     -0.32678619
23    637        -4.01200381      6.36701167     -0.32899595
24    637        -4.05672022      6.38538686     -0.33546836
25    637        -4.08445168      6.40999068     -0.34621471
26    637        -4.08964166      6.41839786     -0.35358266
27    637        -4.10161621      6.40356669     -0.32492675
28    637        -4.12752475      6.38217502     -0.26567006
29    637        -4.15868270      6.37866025     -0.22538079
30    637        -4.17125480      6.40776094     -0.21863212
31    637        -4.16834470      6.44533418     -0.24342481
32    637        -4.17747868      6.47590063     -0.27392040
33    637        -4.21588727      6.50080361     -0.30695009
34    637        -4.26965509      6.49642891     -0.34538994
35    637        -4.31038018      6.44531894     -0.38861671
36    637        -4.32894623      6.39082608     -0.40398141
37    637        -4.30994724      6.37425568     -0.37697269
38    637        -4.25574790      6.38017818     -0.33319636
39    637        -4.19255840      6.37958723     -0.29700300
40    637        -4.14589404      6.38634752     -0.25936449
41    637        -4.12138050      6.42580641     -0.21520661
42    637        -4.11229849      6.47452850     -0.15533558
43    637        -4.12545688      6.48407694     -0.08241307
44    637        -4.17030580      6.43082044     -0.01351246
45    637        -4.21348512      6.36134270      0.03176500
46    637        -4.25366063      6.33632611      0.08018446
47    637        -4.30291232      6.35781470      0.13347656
48    637        -4.34542716      6.41184076      0.17102576
49    637        -4.38088698      6.48474477      0.20492342
50    637        -4.42066174      6.55743511      0.25079267
51    637        -4.48150824      6.61803763      0.30304291
52    637        -4.54783038      6.67825424      0.31862955
53    637        -4.61193004      6.72329457      0.28384355
54    637        -4.66558213      6.71748511      0.22124860
55    637        -4.70510500      6.67548222      0.16947713
56    637        -4.75053656      6.63094382      0.15343360
57    637        -4.80067314      6.57613575      0.16296144
58    637        -4.84983444      6.52271029      0.18757933
59    637        -4.87085706      6.49111362      0.24947215
60    637        -4.87183015      6.47746146      0.35264746
61    637        -4.87064978      6.47003754      0.43977570
62    637        -4.88688496      6.45825978      0.48733496
63    637        -4.89182336      6.44067360      0.49213078
64    637        -4.90554570      6.42979128      0.48883653
65    637        -4.95774142      6.43878811      0.48170377
66    637        -5.03105601      6.44154487      0.46860150
67    637        -5.08843862      6.43406761      0.46178318
68    637        -5.12954238      6.43723770      0.47897773
69    637        -5.16863772      6.44832658      0.52765778
70    637        -5.21843547      6.45500573      0.56924938
71    637        -5.27431837      6.45445959      0.58134956
72    637        -5.31567391      6.44742552      0.57110302
73    637        -5.32515341      6.42141234      0.56118493
74    637        -5.31646608      6.37516614      0.56738804
75    637        -5.31443748      6.32363707      0.61016274
76    637        -5.31642758      6.27273957      0.67268645
77    637        -5.31110062      6.22473320      0.72989896
78    637        -5.30747083      6.20427995      0.74746820
79    637        -5.33153655      6.21064329      0.73155917
80    637        -5.37914573      6.22136638      0.71316807
81    637        -5.42168430      6.22976631      0.71913200
82    637        -5.43662376      6.24923285      0.74588595
83    637        -5.44282104      6.28913689      0.78133569
84    637        -5.44220339      6.31815379      0.81291757
85    637        -5.42823219      6.32282187      0.82497889
86    637        -5.38002218      6.31981597      0.80377676
87    637        -5.30742143      6.34304496      0.78329189
88    637        -5.25382196      6.36823451      0.78241770
89    637        -5.22636786      6.38853390      0.78513842
90    637        -5.22017461      6.41280119      0.77094707
91    637        -5.20873373      6.46100748      0.73844235
92    637        -5.17654053      6.51293588      0.70877189
93    637        -5.15328050      6.57042717      0.70187841
94    637        -5.16106049      6.64634499      0.73184377
95    637        -5.18671060      6.69424832      0.78641091
96    637        -5.22175621      6.71695057      0.85811666
97    637        -5.26774091      6.73115781      0.94613830
98    637        -5.31977513      6.74886583      1.03673342
99    637        -5.34461457      6.76279879      1.08799514
100   637        -5.34810653      6.76027719      1.09707728
101   637        -5.33695293      6.74870393      1.09175276
102   637        -5.32821894      6.73949662      1.08852733
103   637        -5.32293246      6.75095149      1.09584027
104   637        -5.34509399      6.76331412      1.11140115
105   637        -5.38988300      6.77229953      1.10800531
106   637        -5.44334144      6.76098719      1.08262621
107   637        -5.50046895      6.73888898      1.07229852
108   637        -5.52203744      6.72505971      1.09025980
109   637        -5.49929092      6.73516640      1.09500337
110   637        -5.44581599      6.75268496      1.07201449
111   637        -5.40047901      6.74771659      1.06136102
112   637        -5.36903115      6.71214186      1.08733486
113   637        -5.34421086      6.66927900      1.12493601
114   637        -5.32900142      6.64589622      1.13925608
115   637        -5.34369364      6.64182491      1.13489960
116   637        -5.40265862      6.65722637      1.12101897
117   637        -5.48885031      6.69454580      1.11650616
118   637        -5.56135598      6.74912538      1.12282651
119   637        -5.59004794      6.79473953      1.14587313
120   637        -5.57221378      6.82698008      1.17522428
121   637        -5.53770830      6.87079157      1.20291630
122   637        -5.50736563      6.90890369      1.24239560
123   637        -5.49593551      6.92106961      1.28049949
124   637        -5.50070157      6.91918516      1.31608842
125   637        -5.52297705      6.92571975      1.35892675
126   637        -5.54981804      6.94162990      1.40569936
127   637        -5.55569924      6.94759616      1.41723260
128   637        -5.54515121      6.95222014      1.39376663
129   637        -5.51978421      6.97078288      1.38659130
130   637        -5.49187896      6.99403426      1.42308869
131   637        -5.46586988      6.99376017      1.45036394
132   637        -5.46183580      6.97365479      1.44373897
133   637        -5.50247792      6.94568604      1.41949721
134   637        -5.55871114      6.92239143      1.42309060
135   637        -5.57659651      6.89747813      1.46444380
136   637        -5.57476656      6.88506883      1.50845051
137   637        -5.57877054      6.88645737      1.52845056
138   637        -5.57394071      6.88333272      1.52319142
139   637        -5.54689239      6.89168434      1.49676999
140   637        -5.51095755      6.91746026      1.44669034
141   637        -5.47177834      6.94661598      1.39996015
142   637        -5.46004274      6.95436581      1.36828074
143   637        -5.49772263      6.93407385      1.36272918
144   637        -5.56639960      6.91600191      1.37278975
145   637        -5.62612154      6.91023209      1.40142766
146   637        -5.64908865      6.90907275      1.44772124
147   637        -5.61233115      6.89799188      1.47300143
148   637        -5.56700438      6.87481797      1.45245435
149   637        -5.54954771      6.84588409      1.39901077
150   637        -5.56836477      6.80976032      1.33644236
151   637        -5.59788016      6.77745191      1.28502476
152   637        -5.62586815      6.75622558      1.27680487
153   637        -5.63225815      6.75474135      1.30376761
154   637        -5.59140500      6.76014503      1.35375302
155   637        -5.51499129      6.76000936      1.41489110
156   637        -5.46018594      6.74542670      1.47403160
157   637        -5.46996651      6.73034297      1.49896707
158   637        -5.51523443      6.72429259      1.47694283
159   637        -5.54905158      6.73005605      1.44263553
160   637        -5.55456077      6.75173656      1.41185468
161   637        -5.53712027      6.78231083      1.39271030
162   637        -5.50699829      6.79038431      1.39809965
163   637        -5.51320848      6.75731320      1.44124766
164   637        -5.58265230      6.70880356      1.51059418
165   637        -5.69251318      6.66221603      1.58376393
166   637        -5.78312550      6.62149382      1.65847253
167   637        -5.80238048      6.58897034      1.72002579
168   637        -5.76316388      6.58092259      1.74328824
169   637        -5.70980265      6.59333580      1.74226070
170   637        -5.67081054      6.62648146      1.73454927
171   637        -5.63385857      6.66603369      1.72975754
172   637        -5.62269355      6.68495016      1.74085224
173   637        -5.63674119      6.66608005      1.76939968
174   637        -5.66523349      6.63446824      1.81050868
175   637        -5.69449939      6.61096265      1.82137024
176   637        -5.71541004      6.60128213      1.77375092
177   637        -5.71649029      6.60076844      1.68499505
178   637        -5.71812907      6.59681552      1.61923683
179   637        -5.74729959      6.58310692      1.58211604
180   637        -5.79506630      6.55885326      1.56840760
181   637        -5.83646753      6.54339226      1.56948301
182   637        -5.84315639      6.53690478      1.58710677
183   637        -5.81847614      6.53138433      1.63313905
184   637        -5.80208956      6.52404062      1.68270792
185   637        -5.84671258      6.51404619      1.69977784
186   637        -5.94641933      6.50135749      1.67174345
187   637        -6.04232960      6.48777853      1.61780171
188   637        -6.08452578      6.46626355      1.56626898
189   637        -6.06586517      6.44420681      1.53015626
190   637        -6.00236923      6.41968646      1.50126193
191   637        -5.92902451      6.39203761      1.49427901
192   637        -5.86495241      6.37445042      1.52600061
193   637        -5.82555214      6.35758333      1.59167549
194   637        -5.82320390      6.32415145      1.66649878
195   637        -5.86611642      6.27036207      1.71650612
196   637        -5.93453441      6.21744049      1.72182731
197   637        -5.98147739      6.17288479      1.68098391
198   637        -6.00579332      6.13367781      1.61167227
199   637        -6.02674343      6.10097431      1.53568161
200   637        -6.06397324      6.07268496      1.47507909
201   637        -6.11840363      6.05758230      1.44911664
202   637        -6.18749510      6.04895025      1.45669885
203   637        -6.24405774      6.02577330      1.48652166
204   637        -6.26219489      5.98089229      1.54567344
205   637        -6.25259359      5.91504950      1.60878731
206   637        -6.24008024      5.83983322      1.66970055
207   637        -6.26284873      5.78445381      1.72323489
208   637        -6.29659041      5.75707725      1.75238406
209   637        -6.31036902      5.74986973      1.74681172
210   637        -6.27382106      5.73825179      1.71608060
211   637        -6.25078314      5.72260307      1.67271912
212   637        -6.25456398      5.70889907      1.65531803
213   637        -6.27681669      5.69529497      1.68791321
214   637        -6.28525826      5.69398009      1.73683746
215   637        -6.27902106      5.70910855      1.76959145
216   637        -6.28225218      5.72317757      1.77658693
217   637        -6.29785307      5.72265865      1.76091058
218   637        -6.30592849      5.71426646      1.73372022
219   637        -6.30760771      5.71778042      1.69981684
220   637        -6.30941528      5.75548671      1.67333245
221   637        -6.30095697      5.82522051      1.67318586
222   637        -6.27293414      5.90533216      1.68832405
223   637        -6.23053997      5.96461827      1.68650226
224   637        -6.19431859      5.99752340      1.65662118
225   637        -6.15875342      6.02722972      1.61925378
226   637        -6.11232019      6.06115123      1.61434829
227   637        -6.06252595      6.08478996      1.64795867
228   637        -6.01170748      6.09387630      1.70859030
229   637        -5.96922605      6.11234421      1.78372937
230   637        -5.92236511      6.14779572      1.86187353
231   637        -5.87141606      6.18811840      1.92619726
232   637        -5.81636932      6.23003994      1.95645279
233   637        -5.78369266      6.28588753      1.95690401
234   637        -5.78044191      6.36673257      1.93739469
235   637        -5.79972544      6.45543129      1.88784261
236   637        -5.84315707      6.53159123      1.81406749
237   637        -5.90247435      6.59137876      1.74520496
238   637        -5.95817185      6.65316816      1.69745629
239   637        -5.99188200      6.72019552      1.67867487
240   637        -5.98618955      6.78344481      1.66638734
241   637        -5.95341109      6.82396172      1.63878121
242   637        -5.90551471      6.83401825      1.59847761
243   637        -5.85565899      6.81034708      1.55397070
244   637        -5.83847414      6.77957648      1.50688340
245   637        -5.87753115      6.77041760      1.45606209
246   637        -5.94977770      6.78047923      1.41911976
247   637        -5.99218200      6.79133105      1.39693011
248   637        -5.99675137      6.78962571      1.37177041
249   637        -5.97464591      6.77415463      1.35028744
250   637        -5.98312255      6.75340067      1.32415433
251   637        -6.01366795      6.74504159      1.28223068
252   637        -6.04206029      6.73866531      1.25191174
253   637        -6.04331177      6.72845900      1.21939352
254   637        -6.05772097      6.72840365      1.18090490
255   637        -6.10331929      6.74347316      1.14601507
256   637        -6.15928200      6.74328477      1.12744656
257   637        -6.20065251      6.71449586      1.12755694
258   637        -6.20635728      6.67126084      1.14357943
259   637        -6.20541173      6.64020132      1.16203091
260   637        -6.21400407      6.61653486      1.17231042
261   637        -6.21020664      6.56434506      1.16575866
262   637        -6.17031890      6.49521173      1.15183562
263   637        -6.13520175      6.40244645      1.13482326
264   637        -6.13863954      6.30701785      1.11179557
265   637        -6.17198571      6.22365434      1.09483376
266   637        -6.20061108      6.15688121      1.09159741
267   637        -6.22235058      6.11801034      1.09246174
268   637        -6.25815758      6.10552706      1.08836160
269   637        -6.29739270      6.10167296      1.09780081
270   637        -6.31518980      6.07626546      1.10579295
271   637        -6.29533682      6.03696168      1.11560027
272   637        -6.26748697      5.97638964      1.14122251
273   637        -6.24281916      5.88850275      1.17704686
274   637        -6.21251525      5.76445128      1.19024598
275   637        -6.17078318      5.64776795      1.17467803
276   637        -6.14969218      5.61253232      1.16838208
277   637        -6.15065098      5.66553814      1.18132813
278   637        -6.17110414      5.73003439      1.21000665
279   637        -6.19275735      5.76245988      1.24914665
280   637        -6.20101997      5.77451152      1.28009023
281   637        -6.19906553      5.76713584      1.29363812
282   637        -6.20481540      5.74748854      1.28086844
283   637        -6.23858766      5.72249712      1.24898576
284   637        -6.28459640      5.70188022      1.21293930
285   637        -6.33891995      5.68627929      1.17885257
286   637        -6.38146064      5.67629198      1.15810989
287   637        -6.41598110      5.65731847      1.15464666
288   637        -6.43876049      5.62475794      1.17092196
289   637        -6.44979000      5.58545231      1.18740605
290   637        -6.43076413      5.56682883      1.17384753
291   637        -6.39003971      5.59536447      1.11829626
292   637        -6.34000257      5.64667006      1.04017451
293   637        -6.30634589      5.67296547      0.97201776
294   637        -6.29156226      5.64633641      0.92880714
295   637        -6.30218872      5.57982141      0.89889381
296   637        -6.35545053      5.48594850      0.89188025
297   637        -6.43156358      5.38432149      0.92012006
298   637        -6.49340502      5.32221548      0.96030619
299   637        -6.49656322      5.33109650      0.97093167
300   637        -6.46610948      5.38301226      0.94584655
301   637        -6.43420216      5.43662970      0.89323001
302   637        -6.42157105      5.48467051      0.83763920
303   637        -6.43329569      5.54061352      0.79029063
304   637        -6.45133923      5.59887772      0.75235165
305   637        -6.45317517      5.64700591      0.71900667
306   637        -6.43812218      5.67458136      0.70748150
307   637        -6.42793181      5.67962006      0.72731549
308   637        -6.43402700      5.66377926      0.76200547
309   637        -6.45575432      5.64553021      0.79838998
310   637        -6.49272704      5.63518297      0.81382152
311   637        -6.53372257      5.60994561      0.80172348
312   637        -6.55357910      5.55563245      0.76510749
313   637        -6.56081017      5.47811802      0.71780663
314   637        -6.57049789      5.40403218      0.68444708
315   637        -6.58213408      5.35541863      0.65995931
316   637        -6.56960902      5.34495203      0.63871161
317   637        -6.52484427      5.35296575      0.61528830
318   637        -6.46710684      5.37264349      0.59164583
319   637        -6.42332832      5.38201810      0.58992469
320   637        -6.36294292      5.36802176      0.58161184
321   637        -6.28223981      5.34891776      0.55914953
322   637        -6.22309684      5.35970037      0.53180141
323   637        -6.18804151      5.40958849      0.50682828
324   637        -6.17094623      5.46048809      0.47324399
325   637        -6.14577997      5.46966086      0.41550647
326   637        -6.10631466      5.43758112      0.37694048
327   637        -6.06512732      5.39662854      0.37530163
328   637        -6.04586823      5.36954947      0.38501821
329   637        -6.03776702      5.35269479      0.39412690
330   637        -6.01646351      5.32760484      0.39071097
331   637        -5.97303453      5.30382241      0.35893995
332   637        -5.91325637      5.29673885      0.30424829
333   637        -5.86232655      5.30365728      0.25044082
334   637        -5.82278316      5.32619237      0.20628414
335   637        -5.81146779      5.34557416      0.18190064
336   637        -5.80977822      5.35552549      0.17608678
337   637        -5.79424641      5.35084052      0.19199741
338   637        -5.74960410      5.35484404      0.21446601
339   637        -5.68462219      5.38196816      0.22863496
340   637        -5.61533210      5.41634795      0.22080480
341   637        -5.55758442      5.44109184      0.19521445
342   637        -5.51548782      5.44400495      0.17400410
343   637        -5.47414110      5.43626956      0.15791110
344   637        -5.43636756      5.41583603      0.14034206
345   637        -5.40772216      5.41704186      0.12638997
346   637        -5.40476840      5.45962434      0.10040344
347   637        -5.39805242      5.51174117      0.07434893
348   637        -5.37824692      5.52458641      0.07257765
349   637        -5.33674255      5.48636157      0.09365537
350   637        -5.27836019      5.43569500      0.11203620
351   637        -5.21463821      5.40037475      0.12791802
352   637        -5.15831118      5.39672210      0.13853922
353   637        -5.10202386      5.40932423      0.15104729
354   637        -5.02624772      5.43614426      0.16985741
355   637        -4.93954332      5.46669730      0.20312388
356   637        -4.85329719      5.50007700      0.25030147
357   637        -4.78819488      5.52740776      0.30408258
358   637        -4.74603176      5.54307627      0.35778283
359   637        -4.72250865      5.55111205      0.39911321
360   637        -4.69564964      5.54162151      0.42913033
361   637        -4.66431496      5.52062131      0.46025407
362   637        -4.63248658      5.51456032      0.50911332
363   637        -4.59715211      5.54013848      0.56592210
364   637        -4.54184418      5.56485669      0.60319908
365   637        -4.45804040      5.57010584      0.60364410
366   637        -4.36969102      5.57007793      0.58423891
367   637        -4.29979179      5.56570962      0.57190425
368   637        -4.23944965      5.55353517      0.58023219
369   637        -4.18055973      5.54654649      0.59263100
370   637        -4.11366659      5.53597359      0.60702021
371   637        -4.05187661      5.51181712      0.63205950
372   637        -4.02299773      5.47270675      0.67147496
373   637        -4.03194738      5.43427685      0.71432548
374   637        -4.05342653      5.41045993      0.75411340
375   637        -4.07392686      5.39249472      0.77488954
376   637        -4.08860531      5.37413719      0.77767285
377   637        -4.10181921      5.36381345      0.78092390
378   637        -4.10755572      5.37655559      0.77212602
379   637        -4.09840396      5.42777012      0.76098238
380   637        -4.06945114      5.50745834      0.76638881
381   637        -4.01106561      5.59456644      0.81210232
382   637        -3.94731619      5.66531609      0.89400165
383   637        -3.88792507      5.70395671      0.97280312
384   637        -3.85056194      5.72747106      1.02835335
385   637        -3.85422910      5.75341422      1.06604409
386   637        -3.89398231      5.76738480      1.08209663
387   637        -3.93998346      5.76460557      1.07673500
388   637        -3.97239027      5.78782299      1.06987649
389   637        -3.98957836      5.84597573      1.07450054
390   637        -3.98895742      5.90909585      1.08336698
391   637        -3.99441161      5.95649634      1.10781620
392   637        -4.00458670      6.01525592      1.16946634
393   637        -4.01998275      6.07366048      1.23946175
394   637        -4.02948669      6.10372420      1.25389672
395   637        -4.01589765      6.08979066      1.21846412
396   637        -3.98745154      6.04955941      1.16410526
397   637        -3.95876327      6.02153543      1.12393806
398   637        -3.94553458      5.99634522      1.11753775
399   637        -3.92536800      5.95633777      1.14713839
400   637        -3.88134733      5.91480788      1.19639241
401   637        -3.82044214      5.88415929      1.24702506
402   637        -3.76643781      5.85235203      1.27670873
403   637        -3.74290120      5.80273714      1.26962406
404   637        -3.76836039      5.74398645      1.20971147
405   637        -3.82469780      5.67675682      1.10276323
406   637        -3.87732755      5.58648672      0.98993653
407   637        -3.90713618      5.46621935      0.90259468
408   637        -3.90739328      5.34211705      0.84957089
409   637        -3.89377521      5.23590475      0.80974090
410   637        -3.85684942      5.15498366      0.77171647
411   637        -3.80390868      5.09665391      0.71364026
412   637        -3.74407490      5.06742350      0.63355381
413   637        -3.70128588      5.08741852      0.54716509
414   637        -3.65983179      5.15534570      0.47539326
415   637        -3.62366108      5.23218661      0.42378418
416   637        -3.57950531      5.26241159      0.36845198
417   637        -3.53260087      5.22877481      0.28613864
418   637        -3.50630615      5.14400177      0.18926260
419   637        -3.49985379      5.05225517      0.09795689
420   637        -3.49781992      4.98403386      0.01671879
421   637        -3.49770110      4.94607541     -0.04964376
422   637        -3.49887180      4.92152020     -0.10066772
423   637        -3.48866941      4.90613443     -0.13334850
424   637        -3.45663907      4.91306667     -0.13561407
425   637        -3.40680333      4.94385164     -0.11127025
426   637        -3.36012540      5.00379659     -0.08368115
427   637        -3.33965112      5.08608840     -0.08331419
428   637        -3.34384425      5.17060242     -0.13275947
429   637        -3.35120402      5.23016125     -0.22079621
430   637        -3.36021859      5.25102113     -0.28997617
431   637        -3.35970544      5.23364741     -0.30201766
432   637        -3.34233349      5.23359038     -0.29812413
433   637        -3.33861864      5.23414299     -0.30951668
434   637        -3.36351978      5.22750605     -0.33670413
435   637        -3.40471474      5.23216795     -0.39434977
436   637        -3.43030446      5.26221780     -0.45650815
437   637        -3.45490998      5.32689531     -0.48997504
438   637        -3.47687671      5.38768578     -0.47955058
439   637        -3.49740986      5.42303866     -0.43667834
440   637        -3.51094475      5.43451302     -0.38116652
441   637        -3.50446266      5.44563361     -0.35116374
442   637        -3.47612474      5.46616364     -0.35239163
443   637        -3.42542679      5.48844616     -0.38069396
444   637        -3.36874554      5.48653964     -0.41025892
445   637        -3.31077356      5.45390619     -0.42766669
446   637        -3.24876702      5.40691140     -0.44498985
447   637        -3.19474063      5.36971727     -0.47732138
448   637        -3.16080788      5.35638196     -0.52338025
449   637        -3.15003539      5.36577787     -0.56448709
450   637        -3.15391936      5.39369642     -0.60385271
451   637        -3.16492558      5.42487036     -0.63176713
452   637        -3.17959402      5.44096640     -0.64024203
453   637        -3.18178202      5.44456790     -0.61650467
454   637        -3.15889093      5.44568581     -0.58860179
455   637        -3.12470908      5.43229434     -0.59027085
456   637        -3.08667267      5.39976221     -0.61639078
457   637        -3.04763638      5.34653220     -0.64022779
458   637        -3.00181067      5.28703988     -0.65349987
459   637        -2.96137947      5.24045188     -0.66446725
460   637        -2.94626068      5.21469836     -0.68491417
461   637        -2.94545733      5.22525421     -0.71309033
462   637        -2.93458591      5.25615791     -0.71152573
463   637        -2.92510785      5.28612991     -0.67812791
464   637        -2.92045780      5.29469021     -0.66001845
465   637        -2.90680483      5.27760930     -0.70602183
466   637        -2.87172228      5.24142677     -0.78581856
467   637        -2.81478273      5.19444727     -0.83363251
468   637        -2.76440750      5.13683087     -0.83524812
469   637        -2.74013878      5.07346075     -0.83382233
470   637        -2.72669558      5.02841712     -0.84268347
471   637        -2.70399478      5.01441468     -0.84968247
472   637        -2.67715535      5.03883042     -0.84780411
473   637        -2.66508519      5.08157734     -0.85001588
474   637        -2.65900712      5.10541250     -0.87571551
475   637        -2.64651592      5.09095794     -0.91015051
476   637        -2.63122813      5.07731404     -0.94438553
477   637        -2.60999309      5.09035988     -0.97109141
478   637        -2.57029323      5.12325078     -1.00558071
479   637        -2.52270447      5.17512429     -1.04983735
480   637        -2.47932073      5.25263371     -1.10132828
481   637        -2.43769836      5.35273113     -1.12881515
482   637        -2.41010469      5.44311879     -1.14088536
483   637        -2.41664062      5.47367174     -1.15005602
484   637        -2.45977930      5.42817018     -1.15408018
485   637        -2.51527643      5.35231323     -1.15045360
486   637        -2.55954628      5.28247815     -1.14177274
487   637        -2.57146102      5.26073459     -1.17215026
488   637        -2.53714442      5.28639265     -1.23780581
489   637        -2.47464096      5.33407960     -1.31520598
490   637        -2.40622991      5.36052266     -1.36800268
491   637        -2.34539602      5.35889617     -1.39812187
492   637        -2.29972673      5.34987741     -1.41753953
493   637        -2.27735470      5.35774699     -1.42835797
494   637        -2.27450342      5.37487820     -1.44844884
495   637        -2.28990892      5.37935432     -1.47220620
496   637        -2.32224077      5.37689056     -1.50007361
497   637        -2.36522732      5.37099783     -1.51784873
498   637        -2.40557412      5.38322502     -1.53365028
499   637        -2.42495450      5.39358081     -1.56052410
500   637        -2.43284587      5.40143595     -1.60631331
501   637        -2.44258321      5.38003360     -1.64616585
502   637        -2.46574837      5.33918554     -1.67009382
503   637        -2.49915468      5.27921030     -1.68141856
504   637        -2.51003635      5.24301769     -1.68979251
505   637        -2.50019652      5.24575118     -1.67258377
506   637        -2.48359033      5.24355624     -1.62630060
507   637        -2.46722526      5.22843786     -1.56768868
508   637        -2.45639966      5.23389796     -1.51051760
509   637        -2.45462092      5.26082974     -1.47551294
510   637        -2.45498191      5.30398650     -1.46121888
511   637        -2.44729214      5.34328645     -1.49684590
512   637        -2.43838027      5.37159527     -1.56452560
513   637        -2.42382992      5.38066046     -1.65558539
514   637        -2.41008482      5.37732941     -1.73393267
515   637        -2.40219200      5.36493166     -1.81101795
516   637        -2.41009097      5.33295574     -1.88168900
517   637        -2.42542953      5.26662738     -1.94446017
518   637        -2.41179414      5.18306349     -1.99696897
519   637        -2.35191893      5.10910432     -2.01437106
520   637        -2.25514395      5.04963257     -2.01866661
521   637        -2.17756448      5.00588600     -2.02162452
522   637        -2.14892492      4.98440538     -2.04161383
523   637        -2.13603018      4.96519928     -2.06652160
524   637        -2.13870370      4.96645889     -2.09291424
525   637        -2.17550699      4.97618468     -2.11624630
526   637        -2.24511273      4.99955848     -2.13412403
527   637        -2.31039866      5.01618256     -2.13314474
528   637        -2.34895540      5.01080292     -2.11033922
529   637        -2.35601797      4.96696652     -2.06220379
530   637        -2.34613265      4.92562319     -1.99606694
531   637        -2.33156994      4.89593114     -1.95161091
532   637        -2.30229494      4.86851092     -1.93402816
533   637        -2.26600004      4.85662345     -1.92081279
534   637        -2.24488679      4.85885128     -1.88507029
535   637        -2.26237105      4.86141981     -1.83769366
536   637        -2.30465474      4.83520811     -1.78062662
537   637        -2.34452844      4.80456751     -1.73220533
538   637        -2.38363020      4.77163542     -1.69713730
539   637        -2.44026599      4.76551911     -1.68311494
540   637        -2.50564739      4.78212688     -1.67888151
541   637        -2.54999574      4.82700205     -1.67243324
542   637        -2.54556172      4.88799048     -1.65677928
543   637        -2.49575444      4.93925469     -1.61676999
544   637        -2.44322533      4.95249715     -1.57610743
545   637        -2.41458852      4.90373807     -1.54103572
546   637        -2.41731052      4.81259472     -1.53541004
547   637        -2.42633146      4.72057572     -1.52986110
548   637        -2.42733646      4.65993125     -1.50586864
549   637        -2.42860207      4.64044420     -1.46195894
550   637        -2.45394745      4.64384354     -1.42785603
551   637        -2.50381542      4.63758376     -1.40340591
552   637        -2.52867650      4.61468982     -1.36853777
553   637        -2.50226858      4.57750917     -1.31650828
554   637        -2.45844061      4.55004497     -1.25539885
555   637        -2.44125134      4.52019175     -1.20745847
556   637        -2.45172129      4.46438627     -1.17161117
557   637        -2.48004796      4.39508446     -1.15274209
558   637        -2.52308055      4.32564579     -1.13745203
559   637        -2.58197550      4.28533680     -1.10839568
560   637        -2.63036957      4.25912537     -1.04081150
561   637        -2.65359633      4.24053904     -0.92989556
562   637        -2.67994760      4.22096815     -0.80706001
563   637        -2.72767530      4.20457040     -0.71983985
564   637        -2.76608186      4.17944173     -0.66192801
565   637        -2.76955543      4.16156275     -0.59164982
566   637        -2.76524226      4.17622849     -0.51872608
567   637        -2.79086146      4.22277275     -0.46057464
568   637        -2.82426495      4.27729387     -0.42183172
569   637        -2.82976799      4.30637986     -0.39812230
570   637        -2.81152735      4.32153894     -0.40159644
571   637        -2.79540868      4.33923602     -0.41754676
572   637        -2.78961589      4.37254427     -0.42441592
573   637        -2.78744828      4.39566075     -0.42802089
574   637        -2.78543433      4.38482092     -0.42369413
575   637        -2.77605835      4.37367845     -0.40360135
576   637        -2.76938620      4.38505112     -0.36070186
577   637        -2.75907645      4.40011443     -0.31190590
578   637        -2.74070446      4.39124552     -0.29735685
579   637        -2.72526251      4.38023648     -0.31317281
580   637        -2.71241192      4.39975035     -0.31779160
581   637        -2.70156436      4.45413129     -0.29833360
582   637        -2.67880151      4.50286041     -0.27861595
583   637        -2.63658762      4.50711104     -0.25702052
584   637        -2.59019606      4.50708307     -0.21136011
585   637        -2.56086224      4.51451310     -0.15714131
586   637        -2.53643707      4.52761032     -0.12510207
587   637        -2.50028475      4.52071480     -0.10589001
588   637        -2.44325788      4.50550922     -0.06874517
589   637        -2.39019159      4.52270416     -0.01752860
590   637        -2.34905838      4.57632219      0.01935360
591   637        -2.32539121      4.64354482      0.03883595
592   637        -2.30912405      4.68924525      0.05059466
593   637        -2.28736988      4.71134711      0.06004912
594   637        -2.27665771      4.71989773      0.05643065
595   637        -2.27806432      4.72592152      0.05963992
596   637        -2.28314486      4.74139015      0.07061393
597   637        -2.24424685      4.77406678      0.07182786
598   637        -2.15531815      4.82253065      0.07460437
599   637        -2.06629694      4.86438445      0.08365427
600   637        -2.04539158      4.89629913      0.10923519
601   637        -2.08790163      4.92094314      0.13683759
602   637        -2.11380802      4.92977247      0.15727698
603   637        -2.07466736      4.92023590      0.15518299
604   637        -2.01563089      4.91299307      0.14264264
605   637        -1.97658785      4.89789575      0.12795104
606   637        -1.96898791      4.85995370      0.10612486
607   637        -1.97250900      4.80736955      0.09105289
608   637        -1.96277761      4.77809000      0.11600458
609   637        -1.95511378      4.79750125      0.16284024
610   637        -1.95195773      4.85922931      0.21030169
611   637        -1.94672071      4.93614855      0.27216887
612   637        -1.94266086      5.00290208      0.33466814
613   637        -1.94581887      5.05363742      0.39743665
614   637        -1.93101636      5.09795502      0.45119662
615   637        -1.88918867      5.15432506      0.49983887
616   637        -1.82173673      5.20992601      0.53030868
617   637        -1.73842010      5.23958537      0.54031397
618   637        -1.64859812      5.25806954      0.54701254
619   637        -1.57347317      5.28934796      0.57392046
620   637        -1.51490003      5.32953811      0.62345764
621   637        -1.47185553      5.33273795      0.65153486
622   637        -1.43822324      5.30840528      0.64374324
623   637        -1.41295946      5.28682011      0.62047074
624   637        -1.41485567      5.28182038      0.62154835
625   637        -1.43181463      5.26889350      0.65783589
626   637        -1.47407587      5.25227900      0.70918803
627   637        -1.52128931      5.25442072      0.76287024
628   637        -1.55482515      5.27416967      0.82655405
629   637        -1.57102309      5.28057062      0.89715572
630   637        -1.57428254      5.25372475      0.96851148
631   637        -1.54135592      5.21991915      1.04595489
632   637        -1.46530834      5.20321009      1.10570187
633   637        -1.37970853      5.19568709      1.15237253
634   637        -1.30796372      5.18898174      1.19091554
635   637        -1.27301024      5.18345639      1.23377291
636   637        -1.26277496      5.17673018      1.25529202
637   637        -1.27601284      5.17379362      1.24324919
638   637        -1.28881097      5.17400647      1.22481258
639   637        -1.29520464      5.18560352      1.23670720
640   637        -1.30472104      5.21909777      1.28960774
641   637        -1.31643029      5.28159801      1.37267165
642   637        -1.31623543      5.34949654      1.45538622
643   637        -1.29330168      5.38015518      1.49664558
644   637        -1.25214803      5.35841052      1.48179517
645   637        -1.21411587      5.32765010      1.43957324
646   637        -1.19848134      5.29343389      1.41012948
647   637        -1.18830028      5.24370792      1.40399060
648   637        -1.16819114      5.18833249      1.40710574
649   637        -1.12673245      5.14639513      1.41609639
650   637        -1.09914410      5.10931970      1.41965839
651   637        -1.10669007      5.06225160      1.42286452
652   637        -1.15281923      5.03503207      1.43962707
653   637        -1.21410621      5.05758129      1.46260884
654   637        -1.27027160      5.11291064      1.47955346
655   637        -1.31378282      5.16356838      1.49644614
656   637        -1.33077144      5.18447850      1.50883885
657   637        -1.31923846      5.16468191      1.50267948
658   637        -1.28320653      5.11679784      1.47762149
659   637        -1.23373231      5.05990576      1.44766349
660   637        -1.17084588      4.99534566      1.42731347
661   637        -1.09821392      4.93779582      1.42434055
662   637        -1.05251500      4.90425089      1.44982777
663   637        -1.05891157      4.91212885      1.49193942
664   637        -1.10322278      4.96812446      1.54599051
665   637        -1.14600396      5.04804184      1.59351576
666   637        -1.17329594      5.09454339      1.60666160
667   637        -1.20037559      5.06379208      1.56466091
668   637        -1.23253635      4.99456689      1.50684153
669   637        -1.24283101      4.95540170      1.48290146
670   637        -1.21748416      4.97259844      1.50703205
671   637        -1.18302940      5.00871955      1.55134453
672   637        -1.17972046      5.01199046      1.57521353
673   637        -1.20801166      4.98548490      1.56838204
674   637        -1.23273815      4.96371384      1.54996658
675   637        -1.23749882      4.97042917      1.54799046
676   637        -1.23492288      4.99212687      1.57440429
677   637        -1.24839389      5.00183365      1.64150720
678   637        -1.28303183      5.00025574      1.71296155
679   637        -1.32498445      4.98896193      1.78579756
680   637        -1.36744986      4.97855348      1.85723256
681   637        -1.40182279      4.97231418      1.91084100
682   637        -1.41376255      4.96988456      1.94951685
683   637        -1.39728666      4.97317880      1.98123654
684   637        -1.38368867      4.99671072      2.01487959
685   637        -1.38737353      5.04782894      2.04529756
686   637        -1.39363675      5.09817544      2.07024949
687   637        -1.36427158      5.11542622      2.08475984
688   637        -1.30982155      5.10194821      2.09028452
689   637        -1.26284163      5.07186928      2.09145543
690   637        -1.23822394      5.02410436      2.09297279
691   637        -1.24968178      4.97606115      2.07325333
692   637        -1.30477167      4.95674347      2.03262165
693   637        -1.36658516      4.96692355      1.98983430
694   637        -1.39764135      4.99712567      1.96204705
695   637        -1.38868516      5.03437074      1.95480553
696   637        -1.35344862      5.06890949      1.95466233
697   637        -1.31567180      5.08323847      1.94842114
698   637        -1.29066817      5.06859660      1.91720668
699   637        -1.28315334      5.04040151      1.87414919
700   637        -1.30021087      5.02016732      1.83955345
701   637        -1.32731041      5.01189110      1.79991696
702   637        -1.33770078      5.02207954      1.78613751
703   637        -1.31813318      5.05091359      1.81207329
704   637        -1.29216044      5.08927291      1.86426637
705   637        -1.28138463      5.13498845      1.91407283
706   637        -1.28609147      5.15515362      1.92375932
707   637        -1.27340289      5.13927945      1.87516515
708   637        -1.24098332      5.12903182      1.81481954
709   637        -1.22855139      5.15868376      1.79028889
710   637        -1.24006339      5.22028230      1.80548427
711   637        -1.24657415      5.26899788      1.84217304
712   637        -1.26103474      5.28157025      1.88736924
713   637        -1.28100452      5.29061272      1.93430116
714   637        -1.30607108      5.31285531      1.98281470
715   637        -1.30002948      5.33115240      2.03499782
716   637        -1.26338098      5.31445811      2.08834991
717   637        -1.23494894      5.27994042      2.13736507
718   637        -1.23761712      5.24003916      2.17508698
719   637        -1.27412861      5.18243636      2.20315526
720   637        -1.30274478      5.09644862      2.23269916
721   637        -1.30026376      5.00044203      2.27005502
722   637        -1.25409126      4.92867499      2.32368510
723   637        -1.19847264      4.89244853      2.39083377
724   637        -1.14673543      4.88413093      2.45573449
725   637        -1.11795267      4.91217629      2.50894989
726   637        -1.11236730      4.96405352      2.53365917
727   637        -1.13209958      5.00287486      2.54065195
728   637        -1.15071214      5.00894054      2.54158561
729   637        -1.14102783      4.98686786      2.53428888
730   637        -1.11124519      4.94252193      2.52615882
731   637        -1.08663054      4.88531369      2.52940129
732   637        -1.08229988      4.83478876      2.52764822
733   637        -1.09005180      4.80394856      2.51350426
734   637        -1.10729873      4.77926327      2.48097789
735   637        -1.10886066      4.76090904      2.43108457
736   637        -1.07071056      4.75542028      2.37340817
737   637        -0.99903777      4.74848277      2.30647920
738   637        -0.91051949      4.72622469      2.22610595
739   637        -0.82474026      4.70218520      2.12758420
740   637        -0.75289285      4.67754980      2.03903914
741   637        -0.69540277      4.65960266      1.98532800
742   637        -0.66630239      4.66332555      1.95763045
743   637        -0.66361103      4.66663847      1.94163816
744   637        -0.68768403      4.65918586      1.93753418
745   637        -0.71070813      4.63684748      1.94663889
746   637        -0.71654534      4.58849115      1.95460398
747   637        -0.71572670      4.53066441      1.95139781
748   637        -0.71579976      4.48628010      1.92420183
749   637        -0.71621962      4.47295463      1.87581693
750   637        -0.71526920      4.48487701      1.83344255
751   637        -0.71379128      4.51645349      1.81931787
752   637        -0.72809724      4.55732343      1.81576475
753   637        -0.76722896      4.62582730      1.83104093
754   637        -0.79916649      4.70780127      1.85485709
755   637        -0.78664379      4.77169789      1.86862270
756   637        -0.72561031      4.79492277      1.87193564
757   637        -0.66050220      4.79340731      1.88498468
758   637        -0.61986993      4.79246386      1.89968550
759   637        -0.60099350      4.79349453      1.91500554
760   637        -0.59533782      4.80300055      1.94031040
761   637        -0.59040892      4.82377318      1.96949905
762   637        -0.56740878      4.84557084      1.99795764
763   637        -0.53458817      4.86608119      2.01379008
764   637        -0.51592149      4.89635765      2.01948440
765   637        -0.50903057      4.90959403      2.01767762
766   637        -0.50741063      4.88007346      2.01237801
767   637        -0.50957317      4.83555850      1.98928668
768   637        -0.52055748      4.81402626      1.96983493
769   637        -0.54234310      4.82355761      1.97845993
770   637        -0.56982018      4.84832974      2.00970610
771   637        -0.58854640      4.88192999      2.02740684
772   637        -0.60557178      4.94058613      2.02403438
773   637        -0.63044587      5.01802793      2.00770251
774   637        -0.63612217      5.08442792      1.95910974
775   637        -0.59509415      5.10806233      1.89334000
776   637        -0.50472940      5.11749942      1.82850135
777   637        -0.40382376      5.14509103      1.79278022
778   637        -0.34274245      5.17414544      1.79899955
779   637        -0.32355575      5.17469909      1.82131903
780   637        -0.32782773      5.13535681      1.81469576
781   637        -0.34859592      5.08308974      1.77677263
782   637        -0.36939302      5.03140889      1.73503263
783   637        -0.38190224      4.97541113      1.71114017
784   637        -0.37516390      4.90771659      1.70823523
785   637        -0.39049687      4.82561149      1.70606058
786   637        -0.43008551      4.74892959      1.70615203
787   637        -0.43513944      4.68093323      1.69342230
788   637        -0.39071213      4.61995757      1.68114711
789   637        -0.34445946      4.56789058      1.67961806
790   637        -0.32076989      4.53232017      1.71515418
791   637        -0.30298717      4.52462872      1.77084318
792   637        -0.29200219      4.55008343      1.82281532
793   637        -0.29069908      4.60898171      1.84003383
794   637        -0.31648522      4.69239080      1.81344117
795   637        -0.34733283      4.78583630      1.77101484
796   637        -0.34946439      4.86866303      1.74973525
797   637        -0.33826999      4.92641714      1.77230105
798   637        -0.33437285      4.95646618      1.77808484
799   637        -0.33925428      4.98268448      1.75257624
800   637        -0.31886941      5.00978596      1.71554127
801   637        -0.27509247      5.04330272      1.69307283
802   637        -0.24299342      5.07399407      1.70253376
803   637        -0.23909259      5.08843248      1.73059553
804   637        -0.23739012      5.08527054      1.75413588
805   637        -0.24195090      5.08062753      1.76625157
806   637        -0.25741137      5.08678386      1.77483513
807   637        -0.28723986      5.08562751      1.77487106
808   637        -0.31204231      5.07926762      1.76559875
809   637        -0.32140560      5.06800483      1.73235635
810   637        -0.34881897      5.08019382      1.67721079
811   637        -0.37560792      5.10561477      1.63125751
812   637        -0.36421106      5.12901462      1.60320709
813   637        -0.31113788      5.13349373      1.59905305
814   637        -0.27210818      5.11400465      1.59890436
815   637        -0.28036755      5.07509970      1.58508867
816   637        -0.28947811      5.03241375      1.55015796
817   637        -0.27766186      5.01344238      1.51433252
818   637        -0.25195091      5.01547358      1.46458872
819   637        -0.23028608      5.01642109      1.40929545
820   637        -0.20087181      4.97782617      1.38982927
821   637        -0.17130318      4.89162630      1.40502217
822   637        -0.13700390      4.79529861      1.42145247
823   637        -0.10038479      4.72504976      1.40728348
824   637        -0.05419676      4.70916560      1.37467172
825   637        -0.02329961      4.74340147      1.31258250
826   637        -0.00769220      4.78131081      1.22109453
827   637         0.01597231      4.80021607      1.14491253
828   637         0.05242027      4.79598000      1.11121950
829   637         0.11206135      4.78645447      1.11470399
830   637         0.15908953      4.77922423      1.12416470
831   637         0.18344364      4.76807892      1.12708005
832   637         0.19376437      4.74856480      1.13754159
833   637         0.21144393      4.70615943      1.16430004
834   637         0.22432777      4.63031396      1.17264990
835   637         0.20015708      4.55034831      1.14025904
836   637         0.15402158      4.49208674      1.07396160
837   637         0.13452603      4.45261237      1.01531136
838   637         0.19713191      4.41359726      0.98211957
839   637         0.31180694      4.37016016      0.95989563
840   637         0.42848653      4.33003117      0.94740083
841   637         0.49810986      4.30372799      0.94332624
842   637         0.52595998      4.27890993      0.92357201
843   637         0.53977435      4.24233760      0.86603140
844   637         0.54051981      4.20903597      0.79003156
845   637         0.52186198      4.20809519      0.71143685
846   637         0.49385964      4.24230395      0.62732967
847   637         0.45574833      4.28791880      0.53831853
848   637         0.41225564      4.33623739      0.46138776
849   637         0.38514327      4.39266074      0.42004748
850   637         0.38141829      4.45112427      0.41195874
851   637         0.41139421      4.49052055      0.41627653
852   637         0.46097574      4.50292224      0.39470704
853   637         0.53298711      4.49304685      0.35050070
854   637         0.62180910      4.46742436      0.30817062
855   637         0.65784879      4.45839509      0.25489807
856   637         0.61283633      4.47324826      0.18131582
857   637         0.53711192      4.47803028      0.10725426
858   637         0.47184943      4.47870112      0.05302877
859   637         0.44319274      4.47523496      0.02875114
860   637         0.41927826      4.47159688      0.01705480
861   637         0.43498425      4.44360532      0.03768953
862   637         0.48949521      4.41239621      0.06275687
863   637         0.55651794      4.41497647      0.05990498
864   637         0.63167082      4.46085119      0.06050257
865   637         0.68140095      4.52478154      0.08415095
866   637         0.70686356      4.56847111      0.13772320
867   637         0.72080144      4.58902908      0.20260793
868   637         0.72497019      4.60138336      0.24767430
869   637         0.70814001      4.59378841      0.26615029
870   637         0.70798989      4.56062276      0.26312727
871   637         0.74124457      4.51053002      0.25036925
872   637         0.76443311      4.45968669      0.22100785
873   637         0.74825536      4.42343808      0.18118054
874   637         0.70235715      4.38573428      0.14394230
875   637         0.65492097      4.33656268      0.10658108
876   637         0.63306008      4.27639169      0.10761257
877   637         0.62157968      4.23049803      0.15136856
878   637         0.60438304      4.20849867      0.22257427
879   637         0.58802182      4.18905502      0.28237691
880   637         0.60607545      4.15278496      0.31357844
881   637         0.65321778      4.10249059      0.33416717
882   637         0.68777917      4.04445921      0.35398482
883   637         0.69143562      3.98652043      0.35077423
884   637         0.69179406      3.97714673      0.32416271
885   637         0.68888912      4.00018271      0.31679035
886   637         0.68373468      4.03896125      0.34004945
887   637         0.67966269      4.07074462      0.36299209
888   637         0.69225049      4.09405568      0.39457803
889   637         0.69193751      4.11532226      0.43900486
890   637         0.66101242      4.14388664      0.49991526
891   637         0.61943508      4.17159890      0.57554851
892   637         0.58305181      4.21072659      0.65622832
893   637         0.55190598      4.26101424      0.73927323
894   637         0.53592752      4.29695189      0.83313381
895   637         0.53315347      4.31373469      0.93888802
896   637         0.53827696      4.32164196      1.02554511
897   637         0.54967698      4.34487784      1.09441006
898   637         0.54646797      4.35738489      1.14752133
899   637         0.51062764      4.34395220      1.19734965
900   637         0.45344474      4.31419356      1.24245978
901   637         0.41072401      4.29899264      1.28510257
902   637         0.36888754      4.30840446      1.30313882
903   637         0.32065301      4.30373034      1.29468145
904   637         0.28237227      4.27147563      1.26403091
905   637         0.26635781      4.26425651      1.23319365
906   637         0.28916004      4.29588220      1.21188242
907   637         0.32393042      4.33203236      1.17907661
908   637         0.36331566      4.35043836      1.12879301
909   637         0.38508616      4.38187585      1.05842042
910   637         0.39131596      4.44789354      0.96702379
911   637         0.38642813      4.52100817      0.88135387
912   637         0.36833308      4.57510456      0.82272105
913   637         0.37554638      4.59005268      0.77818074
914   637         0.41412922      4.54743453      0.73283466
915   637         0.44066648      4.43532449      0.70726228
916   637         0.44263785      4.33227991      0.69130760
917   637         0.46401276      4.32449117      0.67445829
918   637         0.52808636      4.41621264      0.64634254
919   637         0.59531932      4.51127596      0.59901069
920   637         0.64484488      4.54937640      0.54283636
921   637         0.67075631      4.53468916      0.48181368
922   637         0.66309115      4.53242904      0.44777319
923   637         0.64572534      4.56846374      0.46265177
924   637         0.62896092      4.61742886      0.48898627
925   637         0.65719038      4.61893658      0.48432255
926   637         0.72239927      4.55832878      0.48033611
927   637         0.78428546      4.49184521      0.47007177
928   637         0.79505012      4.50960304      0.46670445
929   637         0.80700828      4.57138274      0.47715861
930   637         0.83538459      4.61575892      0.49384349
931   637         0.85573438      4.63548206      0.48448027
932   637         0.86685813      4.61195537      0.47548613
933   637         0.87761425      4.56220688      0.48112126
934   637         0.89473627      4.49646261      0.48312831
935   637         0.93087637      4.43322950      0.51132472
936   637         0.98428885      4.37663447      0.57082427
937   637         1.01613141      4.33430925      0.62375341
938   637         1.02318135      4.35595882      0.67530493
939   637         1.03940822      4.38794644      0.71723693
940   637         1.05646369      4.39360603      0.76467188
941   637         1.07898715      4.38425785      0.78944082
942   637         1.07255785      4.37440914      0.79263923
943   637         1.04452930      4.35337504      0.76342107
944   637         1.00684541      4.35720309      0.71684370
945   637         0.95932938      4.38462758      0.67681164
946   637         0.92444981      4.40869123      0.62437453
947   637         0.88469158      4.44875988      0.58949809
948   637         0.88419033      4.47721972      0.54681545
949   637         0.87139873      4.48557298      0.50977835
950   637         0.84445986      4.46144156      0.47299275
951   637         0.83675031      4.41932525      0.48571450
952   637         0.81782703      4.39180853      0.50386139
953   637         0.79722595      4.39424470      0.55307829
954   637         0.74310409      4.44673203      0.61606526
955   637         0.68358859      4.48619147      0.68494542
956   637         0.67450719      4.47799974      0.77422682
957   637         0.69329304      4.42679499      0.86375693
958   637         0.73504934      4.32395024      0.95550655
959   637         0.74255702      4.28198668      1.03468916
960   637         0.71012460      4.30061787      1.09504775
961   637         0.69255190      4.32551777      1.13354526
962   637         0.70781168      4.32009731      1.17506995
963   637         0.71655833      4.30057944      1.19079616
964   637         0.70540414      4.30107019      1.18521906
965   637         0.67578645      4.29025351      1.17938585
966   637         0.65712736      4.26543877      1.14044132
967   637         0.60830164      4.24402806      1.11217013
968   637         0.56909020      4.22267453      1.10701753
969   637         0.51646168      4.19025302      1.10889310
970   637         0.50134179      4.11695399      1.13924918
971   637         0.48498750      4.03514109      1.18838086
972   637         0.40109989      3.97773807      1.23534959
973   637         0.32516146      3.93536825      1.28451986
974   637         0.28446857      3.88971769      1.31962655
975   637         0.26630017      3.86309265      1.32614299
976   637         0.26458882      3.83808647      1.31243416
977   637         0.30401050      3.79213739      1.30663362
978   637         0.37618713      3.73207833      1.31900218
979   637         0.45067908      3.69355797      1.33760210
980   637         0.48637033      3.69286531      1.36703315
981   637         0.47749659      3.73060150      1.40498478
982   637         0.47069355      3.75550197      1.43682749
983   637         0.49156518      3.73616413      1.44514590
984   637         0.51822908      3.70708879      1.43064425
985   637         0.52354475      3.68383715      1.39201702
986   637         0.52471104      3.66851531      1.34733864
987   637         0.51942312      3.64390803      1.30988687
988   637         0.51880514      3.61492499      1.28827540
989   637         0.52229258      3.61694942      1.28356225
990   637         0.50936612      3.66851712      1.29040119
991   637         0.50089851      3.75340481      1.29032679
992   637         0.52525288      3.84026956      1.25941979
993   637         0.58684491      3.90826434      1.19890835
994   637         0.65366199      3.95237715      1.14612715
995   637         0.69738585      3.98377770      1.14286288
996   637         0.73164020      4.02505131      1.16674565
997   637         0.76646005      4.06908426      1.16481864
998   637         0.79273001      4.09076744      1.10164120
999   637         0.81313016      4.08600834      0.99482686
1000  637         0.81870846      4.07588726      0.90869851
1001  637         0.79387429      4.08174375      0.86612545
1002  637         0.74947216      4.11411145      0.82140578
1003  637         0.71755770      4.13775805      0.75126004
1004  637         0.70765212      4.11985256      0.66397259
1005  637         0.68796797      4.07746165      0.57001775
1006  637         0.64224922      4.04966315      0.45316775
1007  637         0.60076150      4.05900544      0.34101857
1008  637         0.59369792      4.08712948      0.25791029
1009  637         0.60376582      4.12953038      0.20277006
1010  637         0.59768892      4.16762473      0.15851915
1011  637         0.56271534      4.18659925      0.13504550
1012  637         0.50924778      4.17996695      0.14623915
1013  637         0.45810028      4.16893417      0.16905048
1014  637         0.43192012      4.14682552      0.19576449
1015  637         0.42123395      4.09428954      0.22395033
1016  637         0.39306509      4.05078568      0.22994846
1017  637         0.33725014      4.04025338      0.19537121
1018  637         0.27733584      4.04058449      0.10803826
1019  637         0.21213823      4.03606034      0.01047525
1020  637         0.13048279      4.03347159     -0.05646390
1021  637         0.06942569      4.02212644     -0.07516245
1022  637         0.04772885      3.99372805     -0.06369864
1023  637         0.05979398      3.94655009     -0.03224207
1024  637         0.08843149      3.89577089      0.02150018
1025  637         0.15348320      3.85582519      0.07345772
1026  637         0.24314843      3.83431450      0.10970941
1027  637         0.30571403      3.85368536      0.13987958
1028  637         0.30442552      3.89937464      0.14858745
1029  637         0.25424247      3.95643657      0.10711133
1030  637         0.19580849      3.99886656      0.03205996
1031  637         0.16116526      4.02918225     -0.03321834
1032  637         0.15677607      4.03551771     -0.07493416
1033  637         0.20156566      4.01736207     -0.11140256
1034  637         0.28862767      3.96225592     -0.14460836
1035  637         0.39314510      3.88395103     -0.15842436
1036  637         0.48984266      3.81256784     -0.14582788
1037  637         0.54695702      3.78666946     -0.09934200
1038  637         0.55777961      3.82782975     -0.04543044
1039  637         0.54327276      3.88393591     -0.01462938
1040  637         0.52302945      3.89102831     -0.01702560
1041  637         0.54471295      3.87266129     -0.03797936
1042  637         0.62473124      3.87617277     -0.07565754
1043  637         0.72113935      3.91868399     -0.12324282
1044  637         0.78524582      3.98368371     -0.18050779
1045  637         0.80647764      4.04436626     -0.23746445
1046  637         0.80632500      4.09475519     -0.28898610
1047  637         0.79901924      4.13882089     -0.33439005
1048  637         0.79681668      4.16014663     -0.36612352
1049  637         0.80216145      4.13395623     -0.38242523
1050  637         0.81741855      4.06714643     -0.39845610
1051  637         0.85242386      4.00058619     -0.42850961
1052  637         0.89782543      3.95477767     -0.44467950
1053  637         0.94224500      3.93609001     -0.44851738
1054  637         0.96078865      3.95595978     -0.47634313
1055  637         0.94754682      3.98974173     -0.51863010
1056  637         0.90826942      4.02563486     -0.54758730
1057  637         0.85179270      4.06659604     -0.55357400
1058  637         0.79361117      4.10860576     -0.53503935
1059  637         0.75509001      4.11543998     -0.48288164
1060  637         0.75376932      4.10466253     -0.41886526
1061  637         0.77729410      4.08933998     -0.36203582
1062  637         0.80503540      4.06673723     -0.29829547
1063  637         0.81801314      4.04740699     -0.23575856
1064  637         0.78075438      4.05203804     -0.21594108
1065  637         0.70815935      4.06697624     -0.24503229
1066  637         0.65637206      4.04096968     -0.27698244
1067  637         0.63259224      3.98342030     -0.29104641
1068  637         0.61235204      3.92650438     -0.28853099
1069  637         0.58304091      3.87888612     -0.27042271
1070  637         0.54149544      3.83821008     -0.22974043
1071  637         0.48724550      3.80103764     -0.17826177
1072  637         0.44451616      3.77268586     -0.14045812
1073  637         0.41618403      3.75691681     -0.10827908
1074  637         0.37448230      3.74091777     -0.07405639
1075  637         0.30786825      3.71444997     -0.04263150
1076  637         0.22676026      3.67365312     -0.03696285
1077  637         0.17528065      3.62435539     -0.05547690
1078  637         0.16524340      3.59942467     -0.06127278
1079  637         0.14553608      3.60389933     -0.03383251
1080  637         0.09450284      3.61395557     -0.00842551
1081  637         0.02283467      3.62720375      0.00942585
1082  637        -0.02789580      3.63488120      0.03684454
1083  637        -0.06670460      3.61370947      0.08184950
1084  637        -0.11385076      3.58269237      0.13300882
1085  637        -0.15171475      3.53973572      0.16623478
1086  637        -0.15055225      3.47452320      0.17983929
1087  637        -0.13992730      3.39891851      0.18756321
1088  637        -0.15718575      3.32526590      0.21062651
1089  637        -0.19728589      3.26504793      0.25521449
1090  637        -0.25012717      3.23765895      0.30631010
1091  637        -0.29573631      3.22592758      0.36048997
1092  637        -0.31233562      3.21894262      0.39989108
1093  637        -0.27095448      3.21782952      0.42790722
1094  637        -0.18510278      3.23631458      0.43611569
1095  637        -0.11411352      3.26095162      0.43117475
1096  637        -0.10023469      3.26961523      0.43140842
1097  637        -0.11888692      3.25954976      0.44622469
1098  637        -0.14899473      3.23171548      0.46230828
1099  637        -0.16950470      3.20752542      0.45378752
1100  637        -0.17338922      3.17695311      0.41038743
1101  637        -0.18088746      3.12918864      0.36788295
1102  637        -0.19658156      3.07928556      0.34024924
1103  637        -0.21970533      3.05764864      0.31923151
1104  637        -0.22811859      3.04374422      0.29564775
1105  637        -0.21948534      3.03452028      0.29449558
1106  637        -0.20519175      3.05984351      0.33061822
1107  637        -0.21084776      3.10365241      0.37263904
1108  637        -0.21797470      3.13999322      0.38285851
1109  637        -0.20814846      3.15191326      0.35918476
1110  637        -0.18968477      3.16199470      0.32777578
1111  637        -0.18280101      3.17641256      0.29999072
1112  637        -0.18182822      3.15947906      0.28989347
1113  637        -0.18483833      3.09042640      0.29269221
1114  637        -0.18251031      3.01261054      0.29796566
1115  637        -0.20041615      2.97765015      0.29718729
1116  637        -0.27257379      2.99239786      0.30878307
1117  637        -0.38251190      3.03535904      0.34344243
1118  637        -0.48851118      3.08924316      0.37948024
1119  637        -0.55823515      3.15829703      0.41054023
1120  637        -0.58170475      3.21885075      0.43242833
1121  637        -0.57801539      3.25472931      0.46310475
1122  637        -0.60082728      3.24841508      0.50819562
1123  637        -0.66703498      3.21064707      0.54926435
1124  637        -0.73335607      3.17337704      0.56351335
1125  637        -0.76221888      3.15610901      0.54728865
1126  637        -0.77229291      3.17256207      0.51366146
1127  637        -0.80954740      3.20045863      0.48470533
1128  637        -0.87553817      3.23245456      0.46846141
1129  637        -0.92337719      3.27156982      0.46425945
1130  637        -0.93572497      3.31307569      0.46888917
1131  637        -0.93060840      3.34210025      0.47567722
1132  637        -0.93288372      3.33570710      0.49495486
1133  637        -0.93363757      3.27660990      0.54283701
1134  637        -0.90200228      3.18464191      0.61735032
1135  637        -0.85420417      3.09521075      0.68815089
1136  637        -0.83578949      3.02326128      0.71167006
1137  637        -0.87339252      2.94582476      0.66777613
1138  637        -0.92525176      2.88869867      0.59942897
1139  637        -0.92990913      2.87808870      0.55875367
1140  637        -0.87482150      2.88801194      0.53685725
1141  637        -0.80736234      2.89518797      0.54577191
1142  637        -0.78178013      2.88857504      0.60224325
1143  637        -0.79967321      2.85629844      0.69317874
1144  637        -0.80791045      2.81833171      0.76543843
1145  637        -0.78498821      2.77893276      0.81382147
1146  637        -0.75594592      2.74420534      0.86141655
1147  637        -0.74506825      2.74154297      0.87674571
1148  817         0.37522941      2.84128690     -1.27081327
1149  817         0.31901148      2.87616179     -1.26063402
1150  817         0.25335631      2.94692365     -1.26336624
1151  817         0.18179203      3.03679796     -1.28658272
1152  817         0.12369637      3.11915378     -1.29146418
1153  817         0.07549843      3.18467593     -1.26390589
1154  817         0.04390856      3.22194832     -1.23668620
1155  817         0.01666842      3.24681287     -1.24857370
1156  817        -0.01585103      3.26014388     -1.28357355
1157  817        -0.05833526      3.26145898     -1.32199867
1158  817        -0.10030787      3.25676790     -1.36275236
1159  817        -0.10972033      3.23733657     -1.38986145
1160  817        -0.11401217      3.20674891     -1.39249114
1161  817        -0.12127807      3.18295283     -1.35770375
1162  817        -0.11966492      3.18726675     -1.31655380
1163  817        -0.10691294      3.18826601     -1.29118771
1164  817        -0.12176480      3.17138502     -1.28613096
1165  817        -0.14905421      3.14357696     -1.27361013
1166  817        -0.16929532      3.09522111     -1.24273725
1167  817        -0.18085286      3.02346439     -1.20755028
1168  817        -0.20429167      2.95727674     -1.16455437
1169  817        -0.20683855      2.93300785     -1.10730704
1170  817        -0.21674848      2.95565430     -1.02662097
1171  817        -0.20464965      3.00625242     -0.95430406
1172  817        -0.17933746      3.04976717     -0.89717972
1173  817        -0.14047654      3.08262075     -0.86427535
1174  817        -0.08056988      3.11970677     -0.83791168
1175  817        -0.02629190      3.15070120     -0.80217820
1176  817         0.04502197      3.15661807     -0.77535682
1177  817         0.10053865      3.19313407     -0.76096497
1178  817         0.14261990      3.20479630     -0.77008632
1179  817         0.16726183      3.22752140     -0.76589357
1180  817         0.17917345      3.26404848     -0.75972009
1181  817         0.18387926      3.28030322     -0.73712571
1182  817         0.19222628      3.29745985     -0.70789725
1183  817         0.18170915      3.27539919     -0.68421637
1184  817         0.17403646      3.30094043     -0.65080373
1185  817         0.16221580      3.34600866     -0.61715132
1186  817         0.11970195      3.37901094     -0.57458633
1187  817         0.08787642      3.38575955     -0.52801769
1188  817         0.03954730      3.37227488     -0.47843945
1189  817        -0.00465775      3.35913620     -0.43821434
1190  817        -0.03909091      3.38653576     -0.40554965
1191  817        -0.07610592      3.43103764     -0.39328903
1192  817        -0.08364297      3.45887866     -0.39110259
1193  817        -0.07425839      3.48191988     -0.39283419
1194  817        -0.05649538      3.49716645     -0.38472071
1195  817        -0.01230954      3.49651785     -0.36706140
1196  817         0.04621897      3.52894501     -0.34014939
1197  817         0.11713886      3.57983520     -0.31744976
1198  817         0.17172517      3.62669815     -0.30626007
1199  817         0.18189966      3.64322532     -0.31085895
1200  817         0.17036029      3.64132210     -0.32588475
1201  817         0.15926664      3.63683770     -0.32981662
1202  817         0.16047982      3.64241135     -0.32102953
1203  817         0.16637336      3.64660003     -0.28449366
1204  817         0.16963591      3.64107924     -0.22096521
1205  817         0.15670673      3.61677590     -0.14689506
1206  817         0.12095113      3.56387289     -0.09822209
1207  817         0.08339821      3.51565973     -0.08956767
1208  817         0.06537716      3.49399842     -0.09987282
1209  817         0.06961984      3.50850088     -0.09671712
1210  817         0.07511677      3.53551217     -0.07702256
1211  817         0.05308457      3.55007335     -0.06239321
1212  817         0.01902390      3.54735150     -0.05133818
1213  817        -0.00849798      3.54084523     -0.04385008
1214  817        -0.02736307      3.54111321     -0.04499377
1215  817        -0.03464799      3.53196581     -0.05511695
1216  817        -0.03560621      3.49562335     -0.06434975
1217  817        -0.02294369      3.44392374     -0.05659517
1218  817         0.01289812      3.39903414     -0.03304035
1219  817         0.06623339      3.38248694     -0.01207873
1220  817         0.11656525      3.37695150      0.00059641
1221  817         0.13528965      3.36222432     -0.00208091
1222  817         0.12074128      3.32206493     -0.01891012
1223  817         0.07688481      3.25649583     -0.05104038
1224  817         0.00589167      3.19414289     -0.08087241
1225  817        -0.07766957      3.16057664     -0.07810694
1226  817        -0.13877036      3.15020446     -0.03885617
1227  817        -0.17517959      3.14575682     -0.00689888
1228  817        -0.18683897      3.14001759     -0.00352624
1229  817        -0.16454203      3.10921384      0.00282790
1230  817        -0.12797244      3.04704263      0.02410594
1231  817        -0.07381245      2.97495223      0.06565550
1232  817        -0.00978933      2.92322084      0.10938676
1233  817         0.04416633      2.90478887      0.15833833
1234  817         0.04884764      2.89534683      0.21050698
1235  817         0.00486325      2.86279865      0.24044035
1236  817        -0.04267561      2.84509961      0.23310623
1237  817        -0.06101627      2.86911585      0.22875365
1238  817        -0.05168719      2.91317524      0.23536849
1239  817        -0.04651152      2.94741243      0.23732878
1240  817        -0.06285534      2.98147531      0.21563227
1241  817        -0.09488663      3.01264523      0.18302537
1242  817        -0.12224260      3.05740216      0.16547040
1243  817        -0.14275343      3.09605719      0.15878278
1244  817        -0.13247068      3.12469329      0.16549278
1245  817        -0.09179681      3.15291686      0.17827345
1246  817        -0.04468590      3.15333352      0.19013235
1247  817         0.00388006      3.13395429      0.19400441
1248  817         0.04371875      3.12857149      0.19611038
1249  817         0.06017769      3.14340679      0.20584237
1250  817         0.06919992      3.18796617      0.20386502
1251  817         0.06067982      3.24965858      0.19512406
1252  817         0.04762562      3.28995650      0.16595891
1253  817         0.05964167      3.30709856      0.14296479
1254  817         0.10071335      3.31165871      0.13432949
1255  817         0.14785178      3.28249039      0.12586565
1256  817         0.16637678      3.23287052      0.10726414
1257  817         0.18584071      3.18249016      0.09856325
1258  817         0.19612793      3.14023157      0.08726498
1259  817         0.20587525      3.13216437      0.03987920
1260  817         0.23828426      3.17308251     -0.04628228
1261  817         0.29847348      3.23805123     -0.13148194
1262  817         0.35957083      3.28417273     -0.17784652
1263  817         0.39680248      3.30210255     -0.20305129
1264  817         0.41810779      3.29988321     -0.19616479
1265  817         0.44714385      3.28926360     -0.15474063
1266  817         0.48940194      3.27520888     -0.11096194
1267  817         0.54196381      3.26937737     -0.10378421
1268  817         0.59212889      3.28879207     -0.13746327
1269  817         0.60450893      3.33380326     -0.16385081
1270  817         0.56913618      3.41784951     -0.16360573
1271  817         0.50458195      3.51989925     -0.19100979
1272  817         0.47008258      3.60934275     -0.26003574
1273  817         0.51002519      3.64590705     -0.31686801
1274  817         0.58071345      3.63746252     -0.30492080
1275  817         0.62856744      3.62437456     -0.24897725
1276  817         0.65062573      3.61546460     -0.18578552
1277  817         0.63544312      3.60964223     -0.13724805
1278  817         0.61768438      3.59796596     -0.09721838
1279  817         0.63246324      3.60212512     -0.06614176
1280  817         0.66798221      3.63087069     -0.05489742
1281  817         0.69173628      3.69593181     -0.08372654
1282  817         0.70214378      3.76931566     -0.14192377
1283  817         0.70852903      3.82147846     -0.19662447
1284  817         0.70040625      3.83159156     -0.25108284
1285  817         0.67223183      3.80780556     -0.31462335
1286  817         0.62434970      3.75230955     -0.36970154
1287  817         0.59819986      3.68953099     -0.40483383
1288  817         0.61324812      3.64494156     -0.43484282
1289  817         0.65543778      3.60159589     -0.46730498
1290  817         0.67795781      3.57577510     -0.49959989
1291  817         0.67293500      3.59340516     -0.53927328
1292  817         0.65536871      3.65437132     -0.59938855
1293  817         0.63177551      3.70754623     -0.67256353
1294  817         0.60146216      3.71863750     -0.71719684
1295  817         0.58129099      3.69854475     -0.74254086
1296  817         0.58918455      3.65146165     -0.76825545
1297  817         0.60846026      3.56035447     -0.78986069
1298  817         0.64390536      3.47040216     -0.78696002
1299  817         0.69105158      3.41997452     -0.77075082
1300  817         0.75160338      3.41098248     -0.76877174
1301  817         0.81249390      3.42239231     -0.76576385
1302  817         0.87708874      3.43041733     -0.74787693
1303  817         0.93857561      3.43130550     -0.71238487
1304  817         0.96858717      3.43613227     -0.68924449
1305  817         0.94108117      3.46982358     -0.66806833
1306  817         0.87962199      3.51116739     -0.64810824
1307  817         0.85498164      3.52381887     -0.62954521
1308  817         0.87377925      3.48869326     -0.61557143
1309  817         0.90208496      3.42608152     -0.60549116
1310  817         0.90520177      3.37128987     -0.59175094
1311  817         0.89552540      3.34395401     -0.56796090
1312  817         0.90457998      3.35674087     -0.54916698
1313  817         0.92206606      3.42984065     -0.53286180
1314  817         0.92342719      3.53750393     -0.52266807
1315  817         0.91612990      3.63892196     -0.54165819
1316  817         0.94093941      3.71027634     -0.56175585
1317  817         1.00611363      3.74697781     -0.55042972
1318  817         1.07828781      3.76474769     -0.51478679
1319  817         1.12941009      3.77060508     -0.46662552
1320  817         1.16079886      3.77218942     -0.40195331
1321  817         1.18684530      3.78419243     -0.33553363
1322  817         1.22269964      3.80968962     -0.30652978
1323  817         1.28901350      3.84090202     -0.34052702
1324  817         1.38609174      3.86291194     -0.39626891
1325  817         1.48134000      3.85313459     -0.42255905
1326  817         1.57026462      3.80274978     -0.43350916
1327  817         1.64198526      3.75454092     -0.42910287
1328  817         1.69645797      3.76310378     -0.43763699
1329  817         1.73241262      3.77636690     -0.45470595
1330  817         1.74671045      3.78022499     -0.46318856
1331  817         1.75390670      3.76986365     -0.45366970
1332  817         1.76782957      3.77445022     -0.47651404
1333  817         1.78208600      3.78163160     -0.51532257
1334  817         1.78313310      3.76339525     -0.56112506
1335  817         1.76787919      3.74140933     -0.60574106
1336  817         1.72600104      3.72360914     -0.62285683
1337  817         1.69535390      3.75651922     -0.64967041
1338  817         1.65507391      3.77172572     -0.68161883
1339  709         3.19872618      5.39673408     -1.46880341
1340  709         3.21961540      5.33935797     -1.49367514
1341  709         3.23462527      5.28286662     -1.47359749
1342  709         3.27143864      5.23032859     -1.40442138
1343  709         3.32628797      5.17290267     -1.29553080
1344  709         3.37022244      5.12558419     -1.17748931
1345  709         3.39220116      5.09617654     -1.06195017
1346  709         3.39234607      5.05468175     -0.96477185
1347  709         3.38937269      4.99463701     -0.89400999
1348  709         3.40043006      4.94538396     -0.84846247
1349  709         3.43651147      4.92273884     -0.81904078
1350  709         3.49336480      4.89357516     -0.78819075
1351  709         3.55759617      4.84236316     -0.75152827
1352  709         3.61534741      4.77761255     -0.71887527
1353  709         3.65072251      4.71016306     -0.70929495
1354  709         3.67359166      4.63540433     -0.69771977
1355  709         3.70892734      4.56120373     -0.64972592
1356  709         3.75089709      4.50826677     -0.56040481
1357  709         3.78033759      4.48481907     -0.46154992
1358  709         3.78419010      4.47842777     -0.38131558
1359  709         3.78460185      4.47338880     -0.34560683
1360  709         3.79036069      4.45434273     -0.34666986
1361  709         3.79924229      4.40967374     -0.36191699
1362  709         3.81479097      4.35700246     -0.36687340
1363  709         3.84362228      4.32797809     -0.34871850
1364  709         3.88273933      4.33333888     -0.29528978
1365  709         3.90765244      4.35232410     -0.24265015
1366  709         3.89777078      4.36780333     -0.21055991
1367  709         3.86920772      4.38610036     -0.16573689
1368  709         3.84603203      4.40423599     -0.10526762
1369  709         3.82288577      4.39793429     -0.04045809
1370  709         3.76970172      4.35548491     -0.01016637
1371  709         3.69451867      4.30984954     -0.04069201
1372  709         3.61724532      4.26257248     -0.08839312
1373  709         3.55894468      4.22213900     -0.10974465
1374  709         3.53008779      4.17526949     -0.08700537
1375  709         3.50035592      4.13913149     -0.03936990
1376  709         3.45131399      4.13101147      0.01462957
1377  709         3.39687549      4.14032932      0.06170808
1378  709         3.33190144      4.14632150      0.09235566
1379  709         3.25545162      4.14955278      0.09365707
1380  709         3.18771100      4.16662539      0.06424043
1381  709         3.15356938      4.18276296      0.02053323
1382  709         3.15275557      4.17991157     -0.03348935
1383  709         3.16868674      4.15549365     -0.09412852
1384  709         3.20596696      4.12679293     -0.14844254
1385  709         3.27778582      4.10499156     -0.19018485
1386  709         3.37797277      4.10899998     -0.21258853
1387  709         3.47728293      4.11914967     -0.19588157
1388  709         3.53795480      4.09086653     -0.12153306
1389  709         3.54711644      4.01002774      0.00075421
1390  709         3.53212883      3.90799727      0.12583526
1391  709         3.53151670      3.82097314      0.21198540
1392  709         3.55711310      3.76028140      0.24758538
1393  709         3.59282003      3.72878837      0.24395170
1394  709         3.61426289      3.71033218      0.21127174
1395  709         3.63116513      3.69488821      0.14748236
1396  709         3.65839365      3.70741460      0.06638351
1397  709         3.67661415      3.74468178     -0.00655631
1398  709         3.66515558      3.77809847     -0.01825180
1399  709         3.63546730      3.77940272      0.06295128
1400  709         3.59498048      3.76001313      0.20556043
1401  709         3.55008292      3.71933500      0.34458900
1402  709         3.53377929      3.66089607      0.41464209
1403  709         3.56384127      3.60494581      0.41298915
1404  709         3.61876614      3.55863641      0.38811574
1405  709         3.67013014      3.53052962      0.38538402
1406  709         3.69567241      3.55414318      0.39822644
1407  709         3.68855137      3.63536661      0.42366629
1408  709         3.67024278      3.71611478      0.46238106
1409  709         3.66552735      3.73999428      0.52833519
1410  709         3.66808730      3.70445118      0.61860288
1411  709         3.66083074      3.65896213      0.70597721
1412  709         3.62401987      3.63254873      0.78657287
1413  709         3.56104971      3.63904014      0.86332112
1414  709         3.48165528      3.64943350      0.93307477
1415  709         3.42147208      3.65029571      0.97245613
1416  709         3.38409253      3.64338298      0.98011026
1417  709         3.36292161      3.65090515      0.96792378
1418  709         3.34162426      3.69918947      0.96391022
1419  709         3.31116386      3.76779714      0.96338865
1420  709         3.26861824      3.83854822      0.96618995
1421  709         3.22555951      3.88864328      0.97349197
1422  709         3.19308036      3.91339619      0.99884018
1423  709         3.15926925      3.91033943      1.04296057
1424  709         3.12586103      3.90336249      1.08876436
1425  709         3.08355483      3.89882171      1.12436346
1426  709         3.04197500      3.91318413      1.13894809
1427  709         2.99606332      3.94796156      1.13995943
1428  709         2.93746812      3.99232813      1.13490969
1429  709         2.85241586      4.02257478      1.14462767
1430  709         2.77694501      4.03307209      1.16914410
1431  709         2.74228146      4.04335691      1.18300505
1432  709         2.72488453      4.04649015      1.17950838
1433  709         2.71236160      4.02773399      1.18859151
1434  709         2.70775258      3.99904545      1.19090153
1435  709         2.71103248      3.98994402      1.16274592
1436  709         2.69695137      4.01583760      1.12988463
1437  709         2.64993647      4.07837440      1.12009766
1438  709         2.59981298      4.15475807      1.14100220
1439  709         2.58096794      4.21548858      1.16499913
1440  709         2.58521820      4.24452552      1.20407704
1441  709         2.58064504      4.22563443      1.25761639
1442  709         2.56375908      4.18189566      1.28990762
1443  709         2.56425921      4.14288639      1.27762886
1444  709         2.58150424      4.12192408      1.25175793
1445  709         2.60301295      4.11715564      1.24966375
1446  709         2.59196420      4.11873343      1.27983654
1447  709         2.54603598      4.12853773      1.30500739
1448  709         2.51578088      4.13385047      1.33238817
1449  709         2.51862783      4.11429794      1.32515229
1450  709         2.53996577      4.07675599      1.27865678
1451  709         2.55874614      4.00036385      1.23876506
1452  709         2.56013504      3.91804821      1.21813919
1453  709         2.55708236      3.84076053      1.22118159
1454  709         2.56476684      3.77646087      1.23173012
1455  709         2.56692479      3.69527701      1.25073662
1456  709         2.54703835      3.60080928      1.27605682
1457  709         2.52503282      3.53692716      1.31499015
1458  709         2.50903445      3.51648949      1.34155259
1459  709         2.50384852      3.52006142      1.33395466
1460  709         2.49495327      3.50656680      1.31608083
1461  709         2.49349243      3.48180693      1.30289893
1462  709         2.50923846      3.43704521      1.26757981
1463  709         2.51694355      3.38622063      1.20489297
1464  709         2.51227258      3.32785367      1.12867096
1465  709         2.51069160      3.28911175      1.02753612
1466  709         2.52756816      3.24662807      0.91967168
1467  709         2.53272678      3.18917358      0.84315253
1468  709         2.48119153      3.16048514      0.81907405
1469  709         2.40450441      3.17848769      0.82433033
1470  709         2.36361169      3.22570639      0.85044333
1471  709         2.36778386      3.26524658      0.85937753
1472  709         2.37281837      3.28457055      0.83498063
1473  709         2.36807623      3.28492018      0.81745333
1474  709         2.38609360      3.27263109      0.82542341
1475  709         2.40793019      3.23353934      0.83129022
1476  709         2.41382952      3.19549346      0.82005247
1477  709         2.39631020      3.20780831      0.81384439
1478  709         2.36619567      3.27135179      0.81492234
1479  709         2.36022590      3.35979433      0.81224789
1480  709         2.38081959      3.43647454      0.78966383
1481  709         2.41083179      3.48284367      0.74545080
1482  709         2.45034875      3.49443621      0.68991964
1483  709         2.50696531      3.50394421      0.63496098
1484  709         2.55511940      3.51254538      0.60503229
1485  709         2.55513864      3.51814615      0.61001156
1486  709         2.50787839      3.52937678      0.64399304
1487  709         2.44976564      3.55364638      0.69171061
1488  709         2.41144617      3.59158419      0.72235029
1489  709         2.39260940      3.63266775      0.73040401
1490  709         2.38821919      3.67876577      0.73096829
1491  709         2.39555810      3.73498103      0.73742078
1492  709         2.41690871      3.78489688      0.74084445
1493  709         2.43248782      3.82348253      0.76373715
1494  709         2.41793888      3.83541606      0.81650922
1495  709         2.38582433      3.83101714      0.88302377
1496  709         2.36167767      3.82520198      0.94731035
1497  709         2.34155214      3.84279194      0.98774230
1498  709         2.30326665      3.87589031      1.00235900
1499  709         2.23900778      3.90759563      0.99934604
1500  709         2.16915508      3.91775364      0.98506127
1501  709         2.13771711      3.91196634      0.95900458
1502  709         2.15325148      3.92463844      0.92603345
1503  709         2.17082331      3.94679445      0.88762806
1504  709         2.16269982      3.95651982      0.86857967
1505  709         2.14268065      3.94882306      0.88555335
1506  709         2.13220172      3.93823059      0.90768957
1507  709         2.12852973      3.92175944      0.90376254
1508  709         2.09664791      3.90390294      0.87972451
1509  709         2.05179174      3.88585305      0.84841571
1510  709         2.04345696      3.87938200      0.83390974
1511  709         2.07854386      3.87820233      0.82188512
1512  709         2.10879879      3.87667639      0.80983950
1513  709         2.10499812      3.87351983      0.80341751
1514  709         2.07968675      3.87841135      0.80753922
1515  709         2.04585642      3.87941753      0.81350388
1516  709         2.01697863      3.86705643      0.80712998
1517  709         1.97619088      3.84274510      0.78469309
1518  709         1.91964518      3.81923456      0.75378510
1519  709         1.87138638      3.80493516      0.73327751
1520  709         1.87424540      3.79184044      0.70499901
1521  709         1.91914489      3.77934589      0.67519007
1522  709         1.95574243      3.78529078      0.66799950
1523  709         1.95854737      3.82426079      0.68044660
1524  709         1.92385765      3.89114048      0.66538687
1525  709         1.88039956      3.97080609      0.61878479
1526  709         1.83719532      4.03904109      0.56834887
1527  709         1.81333752      4.08732587      0.53433590
1528  709         1.78764227      4.12695049      0.52351054
1529  709         1.75313551      4.17188970      0.52547017
1530  709         1.71953291      4.20576395      0.53807136
1531  709         1.71023730      4.21103054      0.56055400
1532  709         1.71550608      4.19957527      0.59507484
1533  709         1.72374005      4.18921543      0.62839388
1534  709         1.73108517      4.19027001      0.64746105
1535  709         1.74396957      4.20539850      0.63972254
1536  709         1.76437733      4.23582539      0.61735416
1537  709         1.77775575      4.26672174      0.58423559
1538  709         1.77380200      4.29523946      0.55689335
1539  709         1.76412337      4.30380968      0.53540982
1540  709         1.75824781      4.29877659      0.52062700
1541  709         1.74953284      4.27160741      0.51769890
1542  709         1.73026138      4.21937517      0.52121750
1543  709         1.72228080      4.15469167      0.54295808
1544  709         1.74741234      4.11590129      0.58117456
1545  709         1.81047026      4.11334331      0.63131198
1546  709         1.88844790      4.11437136      0.67014568
1547  709         1.95052482      4.09824087      0.69115885
1548  709         1.97999287      4.07112386      0.70828345
1549  709         1.97012264      4.05128801      0.73682395
1550  709         1.91961556      4.02570457      0.77295613
1551  709         1.85372844      3.99303932      0.81052125
1552  709         1.82352476      3.95694830      0.83869593
1553  709         1.83521966      3.91307919      0.86393101
1554  709         1.85353329      3.85523321      0.89331582
1555  709         1.84174247      3.78478987      0.93299991
1556  709         1.81083427      3.71460120      0.99299235
1557  709         1.79279280      3.65763533      1.05657622
1558  709         1.78900123      3.62083852      1.11521168
1559  709         1.78968507      3.59300815      1.17255643
1560  709         1.77551967      3.57831699      1.21951994
1561  709         1.76214300      3.58238569      1.25854432
1562  709         1.75841666      3.59383261      1.28086757
1563  709         1.75355311      3.61023952      1.30184368
1564  709         1.74069725      3.60478731      1.32390574
1565  709         1.71635458      3.56869210      1.33577506
1566  709         1.68119969      3.51002094      1.34027128
1567  709         1.63785998      3.44778256      1.35275934
1568  709         1.60772045      3.40145921      1.36872832
1569  709         1.59899251      3.37770141      1.36682896
1570  709         1.59243998      3.36096847      1.36328434
1571  709         1.56734123      3.33686482      1.38891303
1572  709         1.53442282      3.31028383      1.43963606
1573  709         1.51713597      3.29550182      1.49532803
1574  709         1.52141550      3.29679658      1.53263126
1575  709         1.51490620      3.31027840      1.55266670
1576  709         1.50168105      3.31845720      1.56254343
1577  709         1.48563329      3.32914915      1.56016126
1578  709         1.48609030      3.34399114      1.54791367
1579  709         1.50237333      3.37257606      1.52826984
1580  709         1.50607928      3.40536957      1.51872610
1581  709         1.48220882      3.43624508      1.51150639
1582  709         1.44426074      3.46092215      1.50615833
1583  709         1.42459068      3.47486846      1.51716753
1584  709         1.42153037      3.48292152      1.55832159
1585  709         1.40036343      3.48553766      1.61048182
1586  709         1.36010400      3.47865848      1.65357285
1587  709         1.33595537      3.47377012      1.68246910
1588  709         1.33868877      3.48953024      1.70116481
1589  709         1.35078783      3.52122383      1.71416093
1590  709         1.33280651      3.56023577      1.72565260
1591  709         1.29295949      3.58568117      1.72578526
1592  709         1.25573078      3.59164503      1.70949645
1593  709         1.24789285      3.59425852      1.69565872
1594  709         1.26062470      3.61007937      1.68778808
1595  709         1.27068872      3.62848855      1.70069228
1596  709         1.27372995      3.64222428      1.74458281
1597  709         1.25953447      3.65811596      1.79478472
1598  709         1.22370969      3.67840742      1.85233358
1599  709         1.17400093      3.67520769      1.91821671
1600  709         1.13215630      3.63520913      1.98817144
1601  709         1.10124675      3.58271110      2.03879860
1602  709         1.09827683      3.56312599      2.05129414
1603  709         1.11234066      3.59180531      2.04203040
1604  709         1.12347056      3.64380171      2.04043110
1605  709         1.10197713      3.68926739      2.04377296
1606  709         1.06958179      3.71928135      2.04525205
1607  709         1.05877163      3.73454405      2.02741660
1608  709         1.05527642      3.73174457      2.00634564
1609  709         1.05871658      3.70845066      2.00937210
1610  709         1.08216982      3.65691196      2.03145968
1611  709         1.13364602      3.58571483      2.05321645
1612  709         1.18788046      3.50723315      2.08522381
1613  709         1.22814779      3.42743878      2.11252050
1614  709         1.26086197      3.34732870      2.10679975
1615  709         1.28473213      3.29447559      2.07693366
1616  709         1.28317582      3.27306820      2.04324337
1617  709         1.27243037      3.27803087      2.00578564
1618  709         1.25298751      3.28445222      1.95210288
1619  709         1.21976304      3.26384453      1.89529780
1620  709         1.17764847      3.22937591      1.85418681
1621  709         1.17371799      3.21469896      1.83937259
1622  709         1.21375573      3.23462282      1.85353479
1623  709         1.25596268      3.27659862      1.88330989
1624  709         1.26944413      3.31860115      1.89513178
1625  709         1.25775773      3.35632909      1.88204328
1626  709         1.24224244      3.39896722      1.84625802
1627  709         1.23560739      3.43951467      1.80075633
1628  709         1.25587948      3.46647229      1.76281832
1629  709         1.30333923      3.47062131      1.72849440
1630  709         1.34838421      3.46631093      1.69889061
1631  709         1.36528464      3.46025786      1.67569307
1632  709         1.37832986      3.45696128      1.64958382
1633  709         1.39263072      3.45369948      1.61961525
1634  709         1.40492467      3.46427667      1.59935089
1635  709         1.41774039      3.48774117      1.59570816
1636  709         1.43164004      3.53967388      1.60340351
1637  709         1.42674724      3.60820895      1.62347715
1638  709         1.39694619      3.67714567      1.64500743
1639  709         1.36145445      3.73248108      1.65186302
1640  709         1.33530436      3.75916973      1.65486496
1641  709         1.31577936      3.77291562      1.65778925
1642  709         1.29355532      3.77788249      1.67500472
1643  709         1.28268706      3.77984966      1.69804650
1644  709         1.30068036      3.78847119      1.71523363
1645  709         1.34516870      3.82966020      1.74812817
1646  709         1.37871006      3.89909696      1.80545169
1647  709         1.39329454      3.96799334      1.86934469
1648  709         1.40204008      4.02197869      1.90605383
1649  709         1.40717697      4.06729758      1.91463080
1650  709         1.40776392      4.10349859      1.90861369
1651  709         1.39526039      4.12559875      1.90492814
1652  709         1.36083185      4.10780275      1.92018055
1653  709         1.32466718      4.06028804      1.93866101
1654  709         1.32633846      4.04367390      1.92246561
1655  709         1.37854929      4.05954173      1.86425761
1656  709         1.46580227      4.07074618      1.81208625
1657  709         1.52416026      4.05732649      1.80457882
1658  709         1.53568397      4.04057510      1.83145895
1659  709         1.52983425      4.03571940      1.83836656
1660  709         1.54411550      4.04535790      1.81891260
1661  709         1.57961239      4.04957971      1.78166330
1662  709         1.62417006      4.05153437      1.74430411
1663  709         1.65242979      4.05121714      1.71254189
1664  709         1.66758565      4.04187310      1.66960606
1665  709         1.67897340      4.02990879      1.60524256
1666  709         1.68945172      4.01828293      1.53855462
1667  709         1.72360139      4.01241398      1.48018266
1668  709         1.76598695      4.02606002      1.42520656
1669  709         1.79147491      4.06579922      1.37768978
1670  709         1.80387081      4.09962800      1.34676460
1671  709         1.83678894      4.11149725      1.32698256
1672  709         1.89250134      4.10850792      1.30066121
1673  709         1.94939904      4.13186436      1.26037377
1674  709         1.98695984      4.18691979      1.21267325
1675  709         2.00467775      4.25937368      1.15206929
1676  709         1.99238202      4.30797638      1.09091680
1677  709         1.98567270      4.33469881      1.04492042
1678  709         2.00158762      4.33160680      1.01393206
1679  709         2.03039026      4.31062814      0.97660545
1680  709         2.07326993      4.30612769      0.94881510
1681  709         2.12376146      4.31926854      0.94037552
1682  709         2.17096591      4.34426086      0.95873885
1683  709         2.20457361      4.36817558      1.00354704
1684  709         2.22466479      4.37577957      1.06184497
1685  709         2.22563365      4.36934595      1.10429316
1686  709         2.21895262      4.38162090      1.13427260
1687  709         2.19359110      4.42114684      1.14896928
1688  709         2.15823105      4.48511988      1.14927299
1689  709         2.12381001      4.56428969      1.15103346
1690  709         2.13817821      4.64046834      1.14260414
1691  709         2.19190277      4.67379875      1.13517679
1692  709         2.25291231      4.68243774      1.14847001
1693  709         2.28662559      4.68735277      1.20262108
1694  709         2.30223829      4.69361498      1.27433756
1695  709         2.31117689      4.70160006      1.32465934
1696  709         2.29700263      4.72922614      1.30811086
1697  709         2.26997630      4.78067300      1.24110466
1698  709         2.22731574      4.82271146      1.16220733
1699  709         2.18672561      4.82963649      1.12341133
1700  709         2.16725998      4.82912688      1.12485842
1701  709         2.20304111      4.84001737      1.13505650
1702  709         2.28516704      4.85880431      1.15060915
1703  709         2.36323121      4.92167562      1.17115753
1704  709         2.38823312      5.01307587      1.20009083
1705  709         2.37298383      5.10962525      1.22709951
1706  709         2.34679785      5.19368059      1.24245387
1707  709         2.34693531      5.25326743      1.24628404
1708  709         2.37409695      5.30614402      1.26756498
1709  709         2.39065282      5.36110375      1.32995852
1710  709         2.38509311      5.40712097      1.41848671
1711  709         2.35634738      5.44382019      1.49712782
1712  709         2.33319504      5.48878858      1.54337601
1713  709         2.31415593      5.54176553      1.56964790
1714  709         2.29147934      5.59942161      1.59785283
1715  709         2.24376448      5.64982114      1.64032164
1716  709         2.17093041      5.68588496      1.70827163
1717  709         2.08138472      5.71998094      1.79401003
1718  709         2.01334829      5.75788901      1.86924031
1719  709         1.96786130      5.79334682      1.94659944
1720  709         1.93758067      5.82793032      2.04057284
1721  709         1.91279064      5.86954138      2.14160128
1722  709         1.87884710      5.93369726      2.22876890
1723  709         1.82542733      6.02475103      2.29350407
1724  709         1.76265725      6.12851844      2.33823146
1725  709         1.72099409      6.21348139      2.36993983
1726  709         1.71401132      6.26925488      2.39636327
1727  709         1.74337476      6.30715054      2.42879962
1728  709         1.78971053      6.33353837      2.48709008
1729  709         1.80889851      6.35874386      2.55551148
1730  709         1.76782770      6.35033521      2.60549402
1731  709         1.69450699      6.29760879      2.63425702
1732  709         1.63309575      6.25388151      2.64399422
1733  709         1.59371701      6.26948609      2.63526987
1734  709         1.57501092      6.32252973      2.62542740
1735  709         1.58095499      6.33699665      2.62300476
1736  709         1.61828442      6.30146505      2.61454803
1737  709         1.64614702      6.25987155      2.60332240
1738  709         1.66065803      6.25385081      2.57684238
1739  709         1.67669669      6.26713804      2.55437485
1740  709         1.68847336      6.26686787      2.55008927
1741  709         1.66597984      6.25601392      2.55288696
1742  709         1.60982347      6.25162608      2.54746851
1743  709         1.54817412      6.26175909      2.56688339
1744  709         1.51200507      6.29405832      2.61921692
1745  709         1.52002548      6.33247801      2.67257635
1746  709         1.55681861      6.35032448      2.71993962
1747  709         1.56209676      6.34070540      2.75645607
1748  709         1.53076906      6.30533065      2.75785148
1749  709         1.51334749      6.28224819      2.72718517
1750  709         1.53380329      6.28043260      2.68347627
1751  709         1.55112878      6.31158844      2.64557642
1752  709         1.55197236      6.38330100      2.60925444
1753  709         1.55203000      6.50679289      2.57377053
1754  709         1.56366292      6.64532965      2.55556520
1755  709         1.59302458      6.75530678      2.57370768
1756  709         1.62592799      6.80967780      2.62772383
1757  709         1.65933590      6.84944595      2.66977643
1758  709         1.67274801      6.88703855      2.65557781
1759  709         1.66467377      6.89935512      2.59962502
1760  709         1.64059858      6.88156414      2.54657061
1761  709         1.62134181      6.85532356      2.48733085
1762  709         1.60625053      6.82386285      2.40983347
1763  709         1.58500260      6.79962110      2.33067437
1764  709         1.54836577      6.82202166      2.28065432
1765  709         1.51324108      6.87817617      2.26406890
1766  709         1.49096788      6.94155859      2.25557053
1767  709         1.47851002      6.98921808      2.22543672
1768  709         1.45315286      7.00017117      2.17037896
1769  709         1.41893916      6.97303416      2.13788728
1770  709         1.39523427      6.93775983      2.14354848
1771  709         1.37467770      6.92363942      2.17000527
1772  709         1.35682382      6.93005502      2.19883595
1773  709         1.35122984      6.93620509      2.21535050
1774  709         1.36311032      6.91780194      2.20527399
1775  709         1.40795055      6.89152956      2.19007622
1776  709         1.46032716      6.85762158      2.20969728
1777  709         1.49616884      6.81343513      2.25829326
1778  709         1.51413877      6.78711444      2.29734001
1779  709         1.51142020      6.79093491      2.31585546
1780  709         1.48556036      6.82752160      2.32885202
1781  709         1.44987554      6.86826961      2.35378279
1782  709         1.41459895      6.89286452      2.38949988
1783  709         1.38348756      6.88217283      2.41161275
1784  709         1.35433601      6.83774815      2.40248458
1785  709         1.30451839      6.75990415      2.39428078
1786  709         1.24709350      6.66738666      2.39795906
1787  709         1.20714158      6.63896107      2.41206473
1788  709         1.19296599      6.67804853      2.41976003
1789  709         1.17796696      6.72172699      2.42415820
1790  709         1.14342903      6.72272727      2.42237778
1791  709         1.10364528      6.69488144      2.41065178
1792  709         1.07904544      6.67461345      2.41200154
1793  709         1.07175548      6.67289354      2.45092863
1794  709         1.06064557      6.66749583      2.49813234
1795  709         1.03902122      6.65425108      2.49733399
1796  709         1.00993298      6.63787654      2.46861795
1797  709         0.97844488      6.63887790      2.43965938
1798  709         0.95590030      6.64054881      2.42588078
1799  709         0.95206737      6.62074304      2.43629618
1800  709         0.95242884      6.58778603      2.45141353
1801  709         0.94386409      6.56335205      2.46377020
1802  709         0.92392075      6.54770267      2.44711542
1803  709         0.90960929      6.54696185      2.41660474
1804  709         0.91015249      6.57927827      2.39021134
1805  709         0.90697339      6.63547592      2.38365651
1806  709         0.88254694      6.69815195      2.38525837
1807  709         0.84913063      6.72950674      2.36961642
1808  709         0.83663962      6.71184920      2.33819270
1809  709         0.82597296      6.69087348      2.30966962
1810  709         0.81625971      6.70158779      2.30273564
1811  709         0.81533888      6.72621746      2.30493478
1812  709         0.82723849      6.73804466      2.29670437
1813  709         0.83637203      6.74589787      2.27035306
1814  709         0.83880435      6.75907319      2.24481100
1815  709         0.83746098      6.77019622      2.21366886
1816  709         0.83662366      6.75906048      2.16467697
1817  709         0.83909116      6.72456923      2.08617960
1818  709         0.86595451      6.67276920      2.00349735
1819  709         0.90706545      6.63235776      1.95215969
1820  709         0.94146752      6.61054708      1.93210639
1821  709         0.94333676      6.61335554      1.92768335
1822  709         0.89065801      6.65237373      1.90288577
1823  709         0.81947349      6.70829666      1.87805623
1824  709         0.76041962      6.74622007      1.85587585
1825  709         0.72487537      6.74899355      1.84772402
1826  709         0.71913695      6.72044531      1.83354657
1827  709         0.73594465      6.69462893      1.81855733
1828  709         0.74565300      6.68898041      1.82063808
1829  709         0.74969041      6.68878350      1.81107522
1830  709         0.76537181      6.70369658      1.79047684
1831  709         0.77669560      6.71753588      1.76842974
1832  709         0.77565424      6.72150380      1.74509998
1833  709         0.76280492      6.71760671      1.70595528
1834  709         0.73961926      6.71799331      1.66598078
1835  709         0.69952964      6.72923199      1.62801547
1836  709         0.65220866      6.72264531      1.59809256
1837  709         0.61491239      6.71969287      1.56567952
1838  709         0.59480413      6.71287124      1.54896185
1839  709         0.59070864      6.71760648      1.53571595
1840  709         0.59837868      6.72485414      1.52334120
1841  709         0.61025293      6.74033662      1.49667829
1842  709         0.61072928      6.76772787      1.44631139
1843  709         0.59030566      6.80525870      1.39847816
1844  709         0.57292640      6.84204495      1.36310743
1845  709         0.56341303      6.86912684      1.34371346
1846  709         0.55174845      6.90328942      1.31383577
1847  709         0.53722086      6.93903660      1.27472595
1848  709         0.51145046      6.98403954      1.22071801
1849  709         0.47495810      7.01660034      1.18888680
1850  709         0.46111174      7.04898973      1.18712051
1851  709         0.48135151      7.06438991      1.19272941
1852  709         0.50767679      7.06888202      1.17646369
1853  709         0.50941467      7.06389714      1.14001870
1854  709         0.50223994      7.03140051      1.10587490
1855  709         0.50182737      6.97769826      1.09182108
1856  709         0.50935604      6.89991022      1.10853701
1857  709         0.51481485      6.82162752      1.15738801
1858  709         0.50355445      6.75245306      1.22532852
1859  709         0.46403620      6.71922469      1.27283222
1860  709         0.40558070      6.71558947      1.30203723
1861  709         0.34271682      6.74922961      1.33660526
1862  709         0.28490968      6.79354139      1.37998556
1863  709         0.25609784      6.84066107      1.40448930
1864  709         0.27221746      6.88562269      1.39571275
1865  709         0.32636168      6.91330518      1.35470975
1866  709         0.40705694      6.92291868      1.30576430
1867  709         0.50996367      6.94000812      1.27251973
1868  709         0.59261202      6.97619343      1.25681162
1869  709         0.62785138      7.00050883      1.27836112
1870  709         0.62093597      6.99835564      1.33358487
1871  709         0.59986751      6.99858336      1.37912467
1872  709         0.59392646      7.01481675      1.40814273
1873  709         0.60617328      7.04169963      1.43606257
1874  709         0.61265015      7.06087657      1.44966703
1875  709         0.57048563      7.07310554      1.43612892
1876  709         0.48187743      7.08746107      1.41899902
1877  709         0.37354514      7.11485137      1.41808334
1878  709         0.28249967      7.15103183      1.42462206
1879  709         0.21592336      7.17697028      1.42767786
1880  709         0.18023599      7.19393110      1.42953192
1881  709         0.17961353      7.21650940      1.42715296
1882  709         0.20844672      7.25657326      1.42368921
1883  709         0.26676714      7.28881020      1.41251905
1884  709         0.31427329      7.28223355      1.38967914
1885  709         0.33941678      7.23050475      1.35969431
1886  709         0.33764124      7.16381091      1.33909376
1887  709         0.32709297      7.09980909      1.34114353
1888  709         0.32484221      7.03719797      1.33999916
1889  709         0.33937266      6.98146151      1.31466761
1890  709         0.37237364      6.95106676      1.28131838
1891  709         0.41514897      6.95801169      1.24727538
1892  709         0.43799574      6.97602260      1.21169311
1893  709         0.43500716      6.97046419      1.16503526
1894  709         0.41438685      6.92797268      1.11095507
1895  709         0.40319520      6.87340540      1.06791380
1896  709         0.40598329      6.81217058      1.02702318
1897  709         0.41287065      6.76588437      0.99915907
1898  709         0.41006123      6.74932983      0.99060034
1899  709         0.40291766      6.76989005      0.99065884
1900  709         0.40353874      6.80039495      0.99350178
1901  709         0.42716570      6.81256068      0.98884665
1902  709         0.46758740      6.79013121      0.97668538
1903  709         0.49811862      6.75129390      0.95995191
1904  709         0.49605294      6.73516211      0.94150069
1905  709         0.46294054      6.75793574      0.93780944
1906  709         0.40997322      6.79791865      0.94475520
1907  709         0.35331288      6.83580801      0.95298437
1908  709         0.32515417      6.87541858      0.94342380
1909  709         0.33128588      6.90862617      0.92961592
1910  709         0.35161155      6.91132261      0.92542953
1911  709         0.36914656      6.88389083      0.92749350
1912  709         0.39381908      6.86802787      0.92804080
1913  709         0.43026454      6.89046251      0.94081583
1914  709         0.46490717      6.94214102      0.97320002
1915  709         0.49548265      6.97625204      1.01677046
1916  709         0.52321088      6.98923859      1.03136260
1917  709         0.53923779      7.00711748      1.01009268
1918  709         0.54534412      7.02310718      0.97173174
1919  709         0.54541389      7.04836667      0.93241368
1920  709         0.56016283      7.06291662      0.89735321
1921  709         0.58171903      7.07490093      0.86182081
1922  709         0.60867089      7.07218991      0.83126987
1923  709         0.61751457      7.06628105      0.80924634
1924  739         1.01218189      9.37140713      1.48025089
1925  739         1.01494444      9.38921437      1.51408870
1926  739         1.02463878      9.41266584      1.55425656
1927  739         1.02886483      9.43546524      1.60046910
1928  739         1.03229777      9.45708837      1.66741500
1929  739         1.04378881      9.48507051      1.74892094
1930  739         1.07187339      9.50829101      1.83457125
1931  739         1.10340831      9.53555314      1.91051959
1932  739         1.12546544      9.56510998      1.97445164
1933  739         1.14095682      9.59320353      2.00299738
1934  739         1.15456237      9.62008371      1.98640379
1935  739         1.16490224      9.62292322      1.93042632
1936  739         1.16894004      9.59696453      1.83896908
1937  739         1.17530498      9.56593552      1.74575092
1938  739         1.22127441      9.56721783      1.68108277
1939  739         1.30349147      9.58925611      1.65677350
1940  739         1.37553397      9.60954179      1.66433127
1941  739         1.40814738      9.60405994      1.69963528
1942  739         1.40256352      9.57487561      1.73451668
1943  739         1.37616110      9.53679755      1.76243233
1944  739         1.34372307      9.50721349      1.76876407
1945  739         1.30560495      9.48563472      1.74007025
1946  739         1.26063876      9.46470937      1.68136659
1947  739         1.22809690      9.44610504      1.61993849
1948  739         1.23311514      9.41486985      1.58856564
1949  739         1.26051350      9.35377542      1.57012355
1950  739         1.28983485      9.25781660      1.54948657
1951  739         1.33214427      9.18071833      1.51717020
1952  739         1.39029973      9.15408885      1.48252257
1953  739         1.44360339      9.16170172      1.43766902
1954  739         1.48991725      9.16749949      1.38761792
1955  739         1.52329465      9.17417709      1.34719425
1956  739         1.53174868      9.19181352      1.34051417
1957  739         1.51502922      9.20829158      1.36777013
1958  739         1.49682275      9.22472036      1.41162224
1959  739         1.48388389      9.23783680      1.45284872
1960  739         1.47821141      9.25255195      1.48172678
1961  739         1.50466294      9.25992772      1.48366701
1962  739         1.56431691      9.27267423      1.44996661
1963  739         1.65589926      9.30540601      1.38921902
1964  739         1.75684054      9.34276260      1.32662345
1965  739         1.83889886      9.33851809      1.28769435
1966  739         1.86940006      9.28383183      1.26914889
1967  739         1.84786599      9.20751349      1.25718946
1968  739         1.80422362      9.12503899      1.21863041
1969  739         1.75712197      9.04838514      1.16981235
1970  739         1.73492040      8.98330546      1.12865681
1971  739         1.73817841      8.94054191      1.09967030
1972  739         1.74702893      8.92003595      1.07387764
1973  739         1.73784318      8.90814738      1.06481628
1974  739         1.71289133      8.89607895      1.05964403
1975  739         1.70939006      8.89827511      1.03129884
1976  739         1.72751645      8.90562733      0.98406900
1977  739         1.74992057      8.90152665      0.92927356
1978  739         1.75789228      8.89293992      0.88920708
1979  739         1.75380663      8.88759541      0.85612609
1980  739         1.73397008      8.85319473      0.84017874
1981  739         1.71572658      8.78076096      0.83058876
1982  739         1.70827723      8.70539701      0.82792152
1983  739         1.70077811      8.65557490      0.83971705
1984  739         1.69421331      8.63322041      0.86386624
1985  739         1.68483389      8.62274405      0.91005127
1986  739         1.66019536      8.61813644      0.95446936
1987  739         1.61411498      8.61331193      0.99678697
1988  739         1.56756585      8.60457552      1.03009395
1989  739         1.53376335      8.60450137      1.05990174
1990  739         1.52029808      8.61014418      1.07224100
1991  739         1.51072945      8.60394635      1.09198671
1992  739         1.48783789      8.57482394      1.13433088
1993  739         1.45191368      8.53811984      1.19018828
1994  739         1.42559657      8.50282501      1.23462530
1995  739         1.42169859      8.46520685      1.25073312
1996  739         1.42524799      8.43607260      1.24289450
1997  739         1.42752018      8.43724644      1.22174724
1998  739         1.43260117      8.46330478      1.21510653
1999  739         1.43958275      8.49113998      1.22300666
2000  739         1.44490004      8.51704237      1.23003352
2001  739         1.45027192      8.53853008      1.19794495
2002  739         1.41186721      8.53583692      1.11536997
2003  739         1.33942624      8.50891978      1.01828173
2004  739         1.28284826      8.48462815      0.98804922
2005  739         1.24628498      8.46798117      1.05925438
2006  739         1.23135087      8.45226053      1.16728124
2007  739         1.23355434      8.42898097      1.24840917
2008  739         1.23143525      8.39966667      1.27992875
2009  739         1.20332910      8.37606306      1.25591302
2010  739         1.16424648      8.34919311      1.20827415
2011  739         1.12401799      8.29991290      1.16583127
2012  739         1.09899839      8.26226592      1.12084953
2013  739         1.09679049      8.27506611      1.09497176
2014  739         1.09977926      8.32543240      1.11923283
2015  739         1.10656944      8.36011090      1.20739744
2016  739         1.13476614      8.34203247      1.31270953
2017  739         1.18813924      8.29264463      1.37735022
2018  739         1.26509509      8.24787624      1.39728248
2019  739         1.31619231      8.23510365      1.40649582
2020  739         1.33112316      8.24136916      1.41665784
2021  739         1.32754484      8.28390697      1.41498068
2022  739         1.33080958      8.36011078      1.40779346
2023  739         1.33393120      8.42348299      1.38466138
2024  739         1.31887954      8.42372490      1.35237225
2025  739         1.31182549      8.36107268      1.32976736
2026  739         1.31243623      8.29809440      1.31724424
2027  739         1.31680858      8.25235413      1.30568189
2028  739         1.30977605      8.22202745      1.28010746
2029  739         1.30003422      8.20210837      1.24407028
2030  739         1.30126265      8.20330270      1.18851388
2031  739         1.30496992      8.21744943      1.12081342
2032  739         1.29232975      8.23713354      1.04920096
2033  739         1.24695745      8.24942125      0.98851397
2034  739         1.17967421      8.27792884      0.96425719
2035  739         1.10109957      8.32993371      0.97608083
2036  739         1.04466671      8.36711315      0.98325857
2037  739         1.03870625      8.37638310      0.97438162
2038  739         1.09118577      8.35459053      0.94591590
2039  739         1.13629745      8.31661507      0.90140927
2040  739         1.14162346      8.29393505      0.84818310
2041  739         1.12248258      8.30702599      0.78505826
2042  739         1.10963164      8.31974991      0.72951397
2043  739         1.10606139      8.31776403      0.69786560
2044  739         1.09787261      8.30745208      0.69088147
2045  739         1.09989600      8.29855774      0.70286657
2046  739         1.12443822      8.27955153      0.73201023
2047  739         1.18589924      8.25625426      0.76889733
2048  739         1.25315348      8.26605855      0.80646179
2049  739         1.28032321      8.32138787      0.83454492
2050  739         1.26317257      8.40208556      0.85212964
2051  739         1.25349706      8.47288141      0.87743336
2052  739         1.27899379      8.53466550      0.92174826
2053  739         1.30478650      8.58996861      0.97645781
2054  739         1.30548815      8.62351310      1.01124137
2055  739         1.29029192      8.63086371      1.03287724
2056  739         1.29781826      8.63504236      1.03901196
2057  739         1.33572585      8.65826278      1.00664093
2058  739         1.37207359      8.69013773      0.94488146
2059  739         1.37314779      8.72305106      0.88477725
2060  739         1.33730659      8.76572986      0.85346297
2061  739         1.30616960      8.82069172      0.84832478
2062  739         1.30672073      8.85005249      0.86392141
2063  739         1.33397811      8.83938466      0.88377763
2064  739         1.36393854      8.80773926      0.88332826
2065  739         1.39549105      8.79474557      0.85435185
2066  739         1.41234549      8.80537505      0.78934691
2067  739         1.38273970      8.82023365      0.71745624
2068  739         1.30607747      8.83596351      0.69621288
2069  739         1.21169617      8.84332895      0.72418093
2070  739         1.13296811      8.87616892      0.73664830
2071  739         1.06811395      8.93844829      0.72922436
2072  739         1.02078391      8.99825186      0.71065462
2073  739         1.01230870      9.04427295      0.70350926
2074  739         1.02454469      9.08508030      0.71959412
2075  739         1.03562463      9.10119807      0.74751338
2076  739         1.07388662      9.09237348      0.78393483
2077  739         1.15577552      9.06889282      0.85204309
2078  739         1.24577413      9.03872718      0.93639104
2079  739         1.31043696      9.00472278      0.99018157
2080  739         1.33952743      8.98879160      0.99573835
2081  739         1.32506206      9.02901302      0.95284587
2082  739         1.27373791      9.09643498      0.90494068
2083  739         1.22251168      9.13927497      0.88091508
2084  739         1.19140300      9.16652864      0.85919936
2085  739         1.18834799      9.17632360      0.80426061
2086  739         1.18992598      9.14596512      0.72381253
2087  739         1.17829793      9.08479285      0.65571465
2088  739         1.13719601      8.99417355      0.62271563
2089  739         1.06631366      8.91462832      0.60238042
2090  739         0.98319403      8.87985477      0.56937308
2091  739         0.92763455      8.88570866      0.53778114
2092  739         0.92863529      8.89026655      0.50841015
2093  739         0.94252185      8.87594935      0.50058486
2094  739         0.93590670      8.83637990      0.50929861
2095  739         0.93314964      8.78672532      0.53864196
2096  739         0.95661869      8.75295556      0.56152351
2097  739         1.01207471      8.74466141      0.57299755
2098  739         1.10504164      8.75770301      0.55859681
2099  739         1.19177940      8.76944929      0.52869933
2100  739         1.24947014      8.78997523      0.48720519
2101  739         1.28313955      8.80409034      0.44035190
2102  739         1.31500361      8.80809372      0.40382350
2103  739         1.33782854      8.81621086      0.38222613
2104  739         1.31428823      8.85595524      0.37984856
2105  739         1.24934131      8.90357594      0.39496497
2106  739         1.18218984      8.93542504      0.42752038
2107  739         1.15560637      8.92868123      0.44832373
2108  739         1.16585762      8.89529094      0.45106769
2109  739         1.20094819      8.87588111      0.44505823
2110  739         1.22986673      8.89409355      0.45451808
2111  739         1.23259222      8.94772237      0.48068423
2112  739         1.23177545      9.03770507      0.50611878
2113  739         1.25341652      9.14263090      0.49896177
2114  739         1.27932241      9.22807460      0.45531148
2115  739         1.27942448      9.28845604      0.43199182
2116  739         1.25868968      9.32002248      0.46753607
2117  739         1.23876890      9.30969238      0.54521395
2118  739         1.23254520      9.26361660      0.61400155
2119  739         1.23089230      9.22536232      0.63847601
2120  739         1.23184307      9.21338871      0.60679986
2121  739         1.24037131      9.22415741      0.54710774
2122  739         1.26233520      9.24153367      0.50480966
2123  739         1.29301315      9.26849702      0.49698706
2124  739         1.32777060      9.30788324      0.51960885
2125  739         1.35081018      9.35102653      0.54594742
2126  739         1.36093152      9.38216823      0.56620934
2127  739         1.38404117      9.40479409      0.59365896
2128  739         1.40861334      9.43322639      0.62889170
2129  739         1.40735530      9.47582293      0.65829103
2130  739         1.36641768      9.51779939      0.66983948
2131  739         1.32260315      9.53378505      0.66772093
2132  739         1.31772239      9.53636876      0.67086010
2133  739         1.37554791      9.52293171      0.68339315
2134  739         1.44985796      9.50152929      0.68362935
2135  739         1.49017164      9.48812241      0.69515110
2136  739         1.48437619      9.46748699      0.72826793
2137  739         1.45392438      9.42137118      0.78366092
2138  739         1.44200072      9.38346322      0.83980605
2139  739         1.47180949      9.37191982      0.88998052
2140  739         1.51028480      9.37069697      0.92664272
2141  739         1.52812893      9.37406142      0.95654732
2142  739         1.53806650      9.36996886      0.98640116
2143  739         1.54623597      9.36572105      1.05180533
2144  739         1.53945082      9.37466787      1.12092670
2145  739         1.51429870      9.40610841      1.17361544
2146  739         1.50715262      9.43808574      1.21066915
2147  739         1.51927596      9.43045544      1.23897778
2148  739         1.51073102      9.39127194      1.26041808
2149  739         1.47671250      9.35534129      1.27981438
2150  739         1.46172341      9.32533865      1.29989289
2151  739         1.48096050      9.28488631      1.30212226
2152  739         1.51211094      9.24886349      1.28742466
2153  739         1.53679915      9.23268794      1.25910102
2154  739         1.53854028      9.21533344      1.24978757
2155  739         1.51295591      9.19492075      1.26399701
2156  739         1.45243641      9.17689876      1.25625254
2157  739         1.38329110      9.16895478      1.22200799
2158  739         1.34816725      9.17572539      1.17426628
2159  739         1.35042086      9.19590626      1.12941291
2160  739         1.33175731      9.21482604      1.10760712
2161  739         1.28816152      9.23577664      1.12422866
2162  739         1.26025982      9.25777950      1.16540476
2163  739         1.25482894      9.25624806      1.20150103
2164  739         1.24106380      9.21427849      1.22938864
2165  739         1.21405810      9.16491543      1.26194797
2166  739         1.20403206      9.14612540      1.31228815
2167  739         1.20722829      9.15617694      1.37433395
2168  739         1.20352305      9.17433045      1.43132934
2169  739         1.18081584      9.17501671      1.45943773
2170  739         1.17740438      9.15055056      1.46445011
2171  739         1.19998992      9.11888700      1.45442394
2172  739         1.23291189      9.10856114      1.43503307
2173  739         1.26649343      9.12331760      1.42509103
2174  739         1.29666090      9.15826936      1.41937845
2175  739         1.30689687      9.21390620      1.43034976
2176  739         1.29577742      9.26987923      1.46047246
2177  739         1.27334500      9.32681063      1.50059068
2178  739         1.24717923      9.36377765      1.50620748
2179  739         1.23399008      9.38843987      1.44747952
2180  739         1.24296925      9.40022555      1.35527042
2181  739         1.25784695      9.38817088      1.27039355
2182  739         1.27258885      9.35463915      1.21772408
2183  739         1.29796750      9.28613716      1.17178414
2184  739         1.32678335      9.19595717      1.13009951
2185  739         1.35806910      9.14279981      1.13889062
2186  739         1.37805753      9.16418537      1.20919047
2187  739         1.35113953      9.25140615      1.29211575
2188  739         1.30618309      9.33711735      1.31979567
2189  739         1.26414305      9.38108418      1.28921359
2190  739         1.21224631      9.40780654      1.23696268
2191  739         1.15658387      9.42537838      1.18740349
2192  739         1.11331262      9.44310280      1.13417699
2193  739         1.09133133      9.46333575      1.06897777
2194  739         1.09337519      9.48275465      1.00389562
2195  739         1.09513265      9.52589268      0.97244531
2196  739         1.10788252      9.61553528      0.98172472
2197  739         1.12044392      9.71336867      1.02288033
2198  739         1.11988203      9.77668329      1.05868388
2199  739         1.10628172      9.79962264      1.06509205
2200  739         1.08420583      9.80385356      1.04489059
2201  739         1.04122739      9.78613278      1.00673835
2202  739         0.99644087      9.74813944      0.96800951
2203  739         0.98311279      9.70379174      0.94326099
2204  739         1.00335052      9.65607594      0.94751286
2205  739         1.00993517      9.59708274      0.97207672
2206  739         0.97048014      9.52905261      1.00995974
2207  739         0.90201894      9.46337783      1.04136680
2208  739         0.84724069      9.39408877      1.03871523
2209  739         0.81189136      9.31374138      1.01609151
2210  739         0.77652425      9.23917387      1.00705768
2211  739         0.73581727      9.19014154      1.03150812
2212  739         0.69663956      9.14011933      1.07925505
2213  739         0.67248218      9.06728087      1.12633507
2214  739         0.65990477      8.99009973      1.16319921
2215  739         0.64716341      8.92400724      1.18738447
2216  739         0.62121176      8.86461020      1.19489938
2217  739         0.58968134      8.81883416      1.18453723
2218  739         0.55853850      8.81816228      1.17050247
2219  739         0.52811039      8.86694132      1.16503182
2220  739         0.49595004      8.90612010      1.16291059
2221  739         0.47018089      8.88544256      1.16615845
2222  739         0.45032790      8.82611030      1.16477775
2223  739         0.45144952      8.77037961      1.16126161
2224  739         0.47373163      8.74115587      1.16073365
2225  739         0.50222920      8.72916334      1.16873586
2226  739         0.52184686      8.70940879      1.17746963
2227  739         0.55187221      8.68093298      1.15638318
2228  739         0.60274653      8.64982656      1.11575746
2229  739         0.66732836      8.60760542      1.10223624
2230  739         0.72515842      8.52939147      1.12041534
2231  739         0.78534721      8.44852346      1.13919918
2232  739         0.85240120      8.39833654      1.15915197
2233  739         0.89998644      8.39715682      1.17782472
2234  739         0.91680770      8.41565683      1.20135624
2235  739         0.90722394      8.43092611      1.20916245
2236  739         0.89828073      8.44030721      1.18846528
2237  739         0.88422063      8.42911061      1.16207786
2238  739         0.83360531      8.37471495      1.15760973
2239  739         0.74190626      8.28372214      1.17989497
2240  739         0.64643735      8.18623269      1.20841984
2241  739         0.58170850      8.14060178      1.23609479
2242  739         0.56574583      8.17985387      1.24704146
2243  739         0.59431143      8.25447744      1.24647376
2244  739         0.63750032      8.30191252      1.24845808
2245  739         0.64924149      8.30716979      1.27334862
2246  739         0.62752748      8.30001713      1.31947731
2247  739         0.60200109      8.27065213      1.36297852
2248  739         0.58018622      8.20992142      1.38723415
2249  739         0.56522832      8.13003393      1.39665784
2250  739         0.54201898      8.08560657      1.41191325
2251  739         0.51802584      8.09075592      1.43147053
2252  739         0.51257761      8.12459424      1.44247102
2253  739         0.53207435      8.17285383      1.44073047
2254  739         0.56290031      8.21032341      1.43063613
2255  739         0.58544936      8.23918225      1.40591689
2256  739         0.61591144      8.25839475      1.37817610
2257  739         0.66642385      8.25463697      1.34640108
2258  739         0.69077882      8.23273525      1.33125009
2259  739         0.67374134      8.19939760      1.36164938
2260  739         0.63073678      8.15669422      1.42127135
2261  739         0.57562124      8.12681101      1.45404443
2262  739         0.52656959      8.13250884      1.45803246
2263  739         0.49466201      8.16371064      1.43974898
2264  739         0.46052198      8.19181031      1.41559902
2265  739         0.39738315      8.21594080      1.40986003
2266  739         0.31405866      8.26924298      1.43599926
2267  739         0.22823656      8.32355239      1.50400891
2268  739         0.14742599      8.33683968      1.57163106
2269  739         0.06733397      8.32201946      1.62126631
2270  739         0.02083894      8.33836704      1.62100137
2271  739         0.01698748      8.40090756      1.57452623
2272  739         0.03971429      8.49479136      1.51505447
2273  739         0.06086244      8.56782094      1.50234333
2274  739         0.06990636      8.59431323      1.55233738
2275  739         0.07483331      8.58534298      1.64218962
2276  739         0.08634195      8.56765429      1.73607385
2277  739         0.08645806      8.58252274      1.81345250
2278  739         0.06854790      8.62955365      1.85135179
2279  739         0.04652538      8.68032211      1.82667690
2280  739         0.04100768      8.71899250      1.77068136
2281  739         0.06296967      8.75252019      1.71155907
2282  739         0.09264704      8.79298066      1.66505707
2283  739         0.10535610      8.85208791      1.64190950
2284  739         0.09013215      8.91874125      1.64078828
2285  739         0.05450513      8.95010795      1.67272738
2286  739         0.00593044      8.95393969      1.72097388
2287  739        -0.03554165      8.96991387      1.76807986
2288  739        -0.04254761      8.99286158      1.79481679
2289  739        -0.03009674      8.99222117      1.80576219
2290  739        -0.04086408      8.98404564      1.81087369
2291  739        -0.08312595      9.00981560      1.81738096
2292  739        -0.11073426      9.04957898      1.81648974
2293  739        -0.09880257      9.04589982      1.78653548
2294  739        -0.08189757      8.98554795      1.72233012
2295  739        -0.10018959      8.92633434      1.66028925
2296  739        -0.15011140      8.90364849      1.61480987
2297  739        -0.24873738      8.93154559      1.59517254
2298  739        -0.37973380      8.97445905      1.58207103
2299  739        -0.47644704      8.99731723      1.55777971
2300  739        -0.54085218      8.99772955      1.49714369
2301  739        -0.59741234      9.01392033      1.42330787
2302  739        -0.66420739      9.05829567      1.35820769
2303  739        -0.71730053      9.11463848      1.29001781
2304  739        -0.76261382      9.16567157      1.20841859
2305  739        -0.82940763      9.18927616      1.11677653
2306  739        -0.92045836      9.16939712      1.04866306
2307  739        -1.01780735      9.15047982      0.99907412
2308  739        -1.08852278      9.15771525      0.96555690
2309  739        -1.13351403      9.18468757      0.91975702
2310  739        -1.16351142      9.21284533      0.85348624
2311  739        -1.19842195      9.19270795      0.77763922
2312  739        -1.24761435      9.15674496      0.70100196
2313  739        -1.32163454      9.13176461      0.64734500
2314  739        -1.43757768      9.14921888      0.63305030
2315  739        -1.57344810      9.19156087      0.63569871
2316  739        -1.68561079      9.22424227      0.62419182
2317  739        -1.77573614      9.25435385      0.59697923
2318  739        -1.85503895      9.29816558      0.56408571
2319  739        -1.93625066      9.34489614      0.54869720
2320  739        -2.00276747      9.37452893      0.53593616
2321  739        -2.03924937      9.39487353      0.50481062
2322  739        -2.05650818      9.40896580      0.45584558
2323  739        -2.05986988      9.41789367      0.40763817
2324  739        -2.06402831      9.42168136      0.35933555
2325  739        -2.08542717      9.42442132      0.32980551
2326  739        -2.12678870      9.42714930      0.32183541
2327  739        -2.17655603      9.42548326      0.32061498
2328  739        -2.23120185      9.43045742      0.32766282
2329  739        -2.27266329      9.44461506      0.34056543
2330  739        -2.26878699      9.46049196      0.35810451
2331  739        -2.22721425      9.46731230      0.36928700
2332  739        -2.19852595      9.47987959      0.37338903
2333  739        -2.20033765      9.51631600      0.35983993
2334  739        -2.22272920      9.57252044      0.33338748
2335  739        -2.24520653      9.62130520      0.30965835
2336  739        -2.24289548      9.65259805      0.28372546
2337  739        -2.21020979      9.67714088      0.25316329
2338  739        -2.16581074      9.69493603      0.22519662
2339  739        -2.15233226      9.69763903      0.21749058
2340  739        -2.17117108      9.67884953      0.22423453
2341  739        -2.20385496      9.64789387      0.23311230
2342  739        -2.24417053      9.61372228      0.23628141
2343  739        -2.26766268      9.58552191      0.22597955
2344  739        -2.26154347      9.55935430      0.20374292
2345  739        -2.23680350      9.54718357      0.21383861
2346  739        -2.19982491      9.52899278      0.25336797
2347  739        -2.15286843      9.49078650      0.28737725
2348  739        -2.11382783      9.42697233      0.29695904
2349  739        -2.10458270      9.34487578      0.30463320
2350  739        -2.12317814      9.25328013      0.32715457
2351  739        -2.15332762      9.15866648      0.33169679
2352  739        -2.19902301      9.07006171      0.30541038
2353  739        -2.26392045      8.99032311      0.24718877
2354  739        -2.33144057      8.93840382      0.19222975
2355  739        -2.37529733      8.89292793      0.15166455
2356  739        -2.38120139      8.85109446      0.11296129
2357  739        -2.35202162      8.81490184      0.07331887
2358  739        -2.31332185      8.78587032      0.04258805
2359  739        -2.29314096      8.75152340      0.03494668
2360  739        -2.31903828      8.71927055      0.05193798
2361  739        -2.39538869      8.69431959      0.07062844
2362  739        -2.49427249      8.66387322      0.07149322
2363  739        -2.59222627      8.62008704      0.06702224
2364  739        -2.67665746      8.56955941      0.07135791
2365  739        -2.72999399      8.53778862      0.06199933
2366  739        -2.73862941      8.52061106      0.02240215
2367  739        -2.72822388      8.51812583     -0.01847651
2368  739        -2.72357071      8.51865996     -0.01615275
2369  739        -2.74248604      8.50397279      0.01581461
2370  739        -2.78231487      8.45935641      0.03793749
2371  739        -2.82291552      8.40964936      0.03858729
2372  739        -2.85158880      8.37165578      0.01932518
2373  739        -2.88253372      8.34798762     -0.00185496
2374  739        -2.91699402      8.33000943     -0.02590251
2375  739        -2.94853264      8.30696517     -0.05791422
2376  739        -2.96174990      8.28396513     -0.07198492
2377  739        -2.96381619      8.25109145     -0.06430354
2378  739        -2.98367930      8.21318072     -0.05162639
2379  739        -3.01600202      8.17112550     -0.05633999
2380  739        -3.03119832      8.13393667     -0.08509695
2381  739        -3.00637762      8.09022289     -0.12783329
2382  739        -2.97112015      8.05471063     -0.15195210
2383  739        -2.94322394      8.02673565     -0.15782971
2384  739        -2.92034596      8.00899071     -0.15130215
2385  739        -2.91113431      7.99467935     -0.15610617
2386  739        -2.94235558      7.96916045     -0.17027715
2387  739        -3.00222739      7.93207161     -0.18446453
2388  739        -3.05289629      7.88913954     -0.18369852
2389  739        -3.09424790      7.87099755     -0.17438045
2390  739        -3.13952126      7.86922275     -0.16500839
2391  739        -3.18914005      7.85619972     -0.15361349
2392  739        -3.21820690      7.84672727     -0.13528624
2393  739        -3.22054382      7.85326633     -0.11937847
2394  739        -3.19977615      7.84218661     -0.11987270
2395  739        -3.19328158      7.80214779     -0.13697057
2396  739        -3.21406621      7.75968974     -0.15531150
2397  739        -3.25614733      7.72545444     -0.16474283
2398  739        -3.31563907      7.69019200     -0.15867910
2399  739        -3.37574836      7.64331658     -0.14098735
2400  739        -3.41903791      7.61455075     -0.13574220
2401  739        -3.46070704      7.62223436     -0.15637025
2402  739        -3.51125477      7.65443570     -0.17889745
2403  739        -3.54820861      7.66762894     -0.18988709
2404  793        -5.33915295      5.93808839      0.17355060
2405  793        -5.38496217      5.93673839      0.18025983
2406  793        -5.44756249      5.89510863      0.17308373
2407  793        -5.50386077      5.84081338      0.15825155
2408  793        -5.54693865      5.79978773      0.14503730
2409  793        -5.58918492      5.78214388      0.12933913
2410  793        -5.63369416      5.76928945      0.09849229
2411  793        -5.67250384      5.75866021      0.04707977
2412  793        -5.71708201      5.74282466     -0.00396444
2413  793        -5.74854203      5.72800805     -0.05302889
2414  793        -5.76136706      5.72150141     -0.08775505
2415  793        -5.79042589      5.76119392     -0.09569714
2416  793        -5.81900496      5.85372008     -0.06681539
2417  793        -5.84123641      5.94744307      0.00454320
2418  793        -5.89658792      6.01393839      0.04506828
2419  793        -5.98873854      6.08457674      0.03005612
2420  793        -6.05204644      6.16517307     -0.01345662
2421  793        -6.05854436      6.24629454     -0.04589239
2422  793        -6.02885320      6.34326527     -0.05274517
2423  793        -6.01017127      6.45526673     -0.04641092
2424  793        -6.01246026      6.56909289     -0.04560177
2425  793        -6.02010189      6.63480438     -0.08520421
2426  793        -6.03376317      6.66444686     -0.17226712
2427  793        -6.03839691      6.66373039     -0.27671723
2428  793        -6.04402934      6.64371326     -0.36285881
2429  793        -6.05904913      6.63562554     -0.43320570
2430  793        -6.03273699      6.64406395     -0.46512840
2431  793        -6.03102844      6.67147027     -0.50689905
2432  793        -6.05732785      6.70142500     -0.54077774
2433  793        -6.09489977      6.72809415     -0.55947568
2434  793        -6.12297305      6.74455725     -0.57182243
2435  793        -6.15601828      6.75977486     -0.57629938
2436  793        -6.19372529      6.74959521     -0.59081477
2437  739        -4.14496116      7.71857075      0.42233579
2438  739        -4.15239572      7.76081533      0.40314739
2439  739        -4.18908111      7.78018034      0.37256972
2440  739        -4.25187087      7.81676435      0.34541723
2441  739        -4.29310853      7.86947725      0.34812178
2442  739        -4.31002566      7.93102316      0.37420240
2443  739        -4.33814772      7.98544941      0.40659030
2444  739        -4.41431326      8.02878811      0.41236380
2445  739        -4.51528601      8.05986390      0.41136254
2446  739        -4.62117378      8.08315596      0.40934107
2447  739        -4.69627067      8.09870818      0.40985023
2448  739        -4.72545426      8.10151093      0.39159788
2449  739        -4.72444395      8.09271585      0.35714583
2450  739        -4.71975429      8.07004540      0.32587702
2451  739        -4.70740858      8.03584643      0.32262038
2452  739        -4.69198263      7.99695747      0.35283253
2453  739        -4.68991093      7.98719856      0.39291668
2454  739        -4.69886123      7.98425241      0.43704618
2455  739        -4.70041314      7.96837455      0.48494485
2456  739        -4.68232792      7.94947190      0.52561173
2457  739        -4.67328686      7.95801105      0.54442452
2458  739        -4.68264573      8.00974291      0.56438641
2459  739        -4.68826744      8.08356902      0.59652070
2460  739        -4.69040001      8.12314357      0.62204646
2461  739        -4.70148453      8.09064175      0.62442181
2462  739        -4.70767024      8.02163286      0.61277583
2463  739        -4.69898858      7.96304008      0.61702511
2464  739        -4.65861759      7.93563217      0.63117085
2465  739        -4.61376896      7.93157670      0.64034276
2466  739        -4.58104592      7.93941107      0.62964075
2467  739        -4.56138741      7.95434639      0.62017447
2468  739        -4.53631899      7.98475140      0.61238386
2469  739        -4.50824873      8.04168933      0.60555380
2470  739        -4.49644321      8.09740995      0.59038190
2471  739        -4.50259394      8.13462235      0.57441393
2472  739        -4.52622001      8.15054398      0.57405834
2473  739        -4.54809433      8.15530262      0.60641375
2474  739        -4.57193500      8.15126113      0.65208167
2475  739        -4.59147382      8.13017708      0.68482631
2476  739        -4.60325621      8.08678989      0.69921010
2477  739        -4.59795187      8.02161367      0.69920742
2478  739        -4.58639633      7.94839638      0.69949242
2479  739        -4.57875714      7.88818139      0.70868077
2480  739        -4.57116568      7.85693084      0.74913169
2481  739        -4.57132792      7.85032441      0.81884832
2482  739        -4.58976266      7.87312967      0.89889703
2483  739        -4.60561383      7.91411497      0.96402177
2484  739        -4.58948374      7.93253379      1.00894387
2485  739        -4.53628546      7.91275596      1.05043693
2486  739        -4.47353191      7.85595459      1.08659525
2487  739        -4.43406924      7.78775755      1.10648975
2488  739        -4.42763079      7.72010249      1.10245440
2489  739        -4.45049515      7.65227445      1.10227821
2490  739        -4.48236519      7.58912928      1.12386263
2491  739        -4.52140684      7.54898586      1.15860693
2492  739        -4.57087247      7.53049882      1.21292771
2493  739        -4.63214941      7.53302383      1.28232047
2494  739        -4.70437401      7.54479723      1.37809846
2495  739        -4.76857602      7.54866254      1.47986018
2496  739        -4.80423361      7.53134750      1.55405202
2497  739        -4.80358929      7.49039181      1.60196972
2498  739        -4.80071177      7.44635523      1.66917141
2499  739        -4.81520576      7.40552633      1.75217425
2500  739        -4.84096692      7.37874711      1.80837172
2501  739        -4.86703478      7.38081115      1.83346239
2502  739        -4.88918994      7.40186698      1.84805623
2503  739        -4.89008563      7.41030764      1.86407481
2504  739        -4.87078840      7.42424987      1.88955741
2505  739        -4.83586734      7.46397291      1.92870366
2506  739        -4.78711903      7.52298620      1.97455117
2507  739        -4.73472448      7.55579015      2.03077150
2508  739        -4.67586258      7.54654088      2.05523785
2509  739        -4.60216128      7.52357841      2.04130552
2510  739        -4.54754051      7.51400562      2.03182648
2511  739        -4.52449390      7.53089748      2.05907802
2512  739        -4.49914483      7.55357967      2.09230010
2513  739        -4.45782405      7.56684914      2.09101145
2514  739        -4.41055125      7.56200513      2.06706425
2515  739        -4.34357322      7.54586195      2.03580906
2516  739        -4.24027730      7.54126772      2.02750405
2517  739        -4.11438144      7.56708183      2.05223228
2518  739        -4.02287599      7.62825515      2.10281923
2519  739        -4.00613797      7.68175569      2.14097441
2520  739        -4.04827279      7.69483431      2.15167193
2521  739        -4.09396381      7.66977730      2.14744623
2522  739        -4.09874465      7.65864816      2.16617740
2523  739        -4.04878694      7.67334518      2.21778748
2524  739        -3.96846251      7.67924089      2.26093660
2525  739        -3.89473809      7.66728949      2.26808620
2526  739        -3.84903256      7.66818724      2.26195600
2527  739        -3.81389615      7.69207319      2.28158712
2528  739        -3.77054967      7.71167413      2.30464478
2529  739        -3.73157204      7.71556253      2.32074115
2530  739        -3.70113704      7.72171309      2.34335910
2531  739        -3.68416441      7.72734100      2.39326828
2532  739        -3.68148408      7.71844189      2.45810754
2533  739        -3.68370843      7.70445712      2.53707560
2534  739        -3.68062649      7.67988457      2.59904418
2535  739        -3.66969887      7.62371988      2.65235257
2536  739        -3.65025445      7.56094452      2.71208083
2537  739        -3.61821712      7.50198876      2.76963393
2538  739        -3.58657690      7.42234180      2.82443656
2539  739        -3.53500434      7.34052812      2.86314707
2540  739        -3.47516152      7.27928723      2.89768588
2541  739        -3.42909635      7.22268991      2.94590541
2542  739        -3.39664218      7.17087206      3.01859943
2543  739        -3.36250723      7.14164737      3.10442299
2544  739        -3.33582949      7.13022248      3.19726220
2545  739        -3.32682304      7.13486411      3.28343496
2546  739        -3.31778492      7.15446131      3.34852724
2547  739        -3.30436390      7.18491050      3.37443863
2548  739        -3.31300824      7.21321106      3.37004377
2549  739        -3.34546850      7.20772830      3.37378687
2550  739        -3.35711898      7.19507586      3.41146774
2551  739        -3.32073202      7.20211881      3.47210919
2552  739        -3.24922519      7.23462540      3.51709782
2553  739        -3.16956610      7.26128738      3.54530202
2554  739        -3.10960910      7.28413240      3.56797969
2555  739        -3.09093432      7.31184956      3.56989483
2556  739        -3.12623549      7.34648551      3.54725111
2557  739        -3.20838702      7.38826003      3.51199085
2558  739        -3.30558333      7.40435475      3.49863183
2559  739        -3.39083357      7.38421548      3.51879537
2560  739        -3.44713061      7.33736388      3.54799018
2561  739        -3.48047829      7.28987295      3.56432455
2562  739        -3.50110970      7.24498374      3.56917769
2563  739        -3.52450967      7.19736365      3.57477547
2564  739        -3.55963419      7.12463799      3.57709570
2565  739        -3.61744906      7.03604641      3.57002146
2566  739        -3.67185358      6.95065843      3.55355107
2567  739        -3.68810653      6.89000455      3.54005316
2568  739        -3.68486192      6.85115022      3.54001111
2569  739        -3.68782279      6.82754423      3.55236746
2570  739        -3.70669586      6.80233879      3.57197402
2571  739        -3.73835341      6.78216970      3.59808575
2572  739        -3.78017924      6.79700260      3.60601657
2573  739        -3.82167024      6.84459710      3.59806800
2574  739        -3.86712343      6.89561825      3.60563368
2575  739        -3.90890255      6.92635586      3.62914055
2576  739        -3.93613980      6.94449280      3.62911997
2577  739        -3.95181875      6.95845333      3.58494522
2578  739        -3.94100631      6.96288377      3.53043844
2579  739        -3.91882615      6.94389473      3.50163101
2580  739        -3.90107209      6.91759537      3.49730714
2581  739        -3.91646741      6.89979099      3.48120746
2582  739        -3.96312145      6.90728494      3.45723691
2583  739        -4.01572425      6.93523668      3.45189318
2584  739        -4.06029345      6.95579818      3.44861376
2585  739        -4.11492957      6.96746649      3.41733390
2586  739        -4.15898738      6.96914461      3.38453227
2587  739        -4.15956685      6.95902445      3.36641748
2588  739        -4.13648673      6.92394368      3.34835736
2589  739        -4.11333559      6.88067406      3.32190611
2590  739        -4.09773110      6.84113209      3.29638969
2591  739        -4.05772025      6.79209120      3.29119211
2592  739        -4.00362153      6.73904704      3.29312243
2593  739        -3.96462497      6.72307039      3.29983773
2594  739        -3.96818992      6.76657577      3.31206714
2595  739        -3.99721206      6.85022019      3.33186948
2596  739        -4.01002652      6.94023368      3.34503812
2597  739        -4.00607438      7.02111409      3.33733346
2598  739        -3.99007332      7.09199482      3.31647730
2599  739        -3.98825584      7.13583588      3.29739649
2600  739        -3.99687369      7.13812807      3.28816096
2601  739        -4.01096799      7.09133907      3.29481731
2602  739        -4.03140813      7.03856335      3.32839745
2603  739        -4.06695440      7.02732065      3.38672154
2604  739        -4.10717997      7.07210439      3.44908724
2605  739        -4.14188157      7.14202454      3.50588872
2606  739        -4.15562677      7.19347375      3.54847971
2607  739        -4.15354800      7.20892046      3.56779937
2608  739        -4.15678613      7.20314988      3.56984966
2609  739        -4.19411118      7.23250357      3.56820295
2610  739        -4.26642552      7.29860835      3.58278914
2611  739        -4.32742334      7.35893228      3.61570639
2612  739        -4.37223846      7.40116349      3.64815672
2613  739        -4.41547413      7.45128414      3.64788761
2614  739        -4.43711399      7.49247278      3.62033634
2615  739        -4.42409157      7.51476721      3.58503061
2616  739        -4.41663066      7.53122301      3.53778062
2617  739        -4.44185586      7.56883870      3.47796031
2618  739        -4.49645086      7.60190609      3.39608351
2619  739        -4.53326255      7.61294839      3.32730647
2620  739        -4.51041699      7.63821930      3.30456583
2621  739        -4.42571078      7.69316010      3.32409747
2622  739        -4.32602149      7.72414370      3.34234008
2623  739        -4.27614075      7.70483941      3.33436858
2624  739        -4.29997576      7.67340937      3.31282971
2625  739        -4.38410207      7.67583125      3.27938722
2626  739        -4.47452105      7.70652590      3.25738467
2627  739        -4.53279425      7.74129864      3.26529789
2628  739        -4.55208076      7.78428580      3.28361651
2629  739        -4.54925495      7.82999957      3.27694159
2630  739        -4.54086860      7.83636373      3.22859155
2631  739        -4.53202227      7.77311188      3.16081324
2632  739        -4.50782754      7.67415027      3.08963996
2633  739        -4.48473206      7.59405076      3.00791688
2634  739        -4.47678698      7.55699805      2.93767134
2635  739        -4.47270432      7.54925792      2.89335189
2636  739        -4.44534844      7.55222534      2.88882787
2637  739        -4.38692885      7.58441877      2.89914235
2638  739        -4.32725007      7.64035628      2.90461434
2639  739        -4.30907760      7.70656081      2.91094311
2640  739        -4.33649227      7.75849261      2.92644834
2641  739        -4.38280011      7.78214099      2.94774227
2642  739        -4.41722861      7.78914822      2.96816238
2643  739        -4.41054575      7.79610691      2.98514796
2644  739        -4.36640981      7.80920573      2.99167545
2645  739        -4.30534540      7.81513976      2.98477236
2646  739        -4.24615670      7.79320355      2.96304028
2647  739        -4.19784654      7.76839424      2.93927184
2648  739        -4.15870911      7.77491927      2.92730958
2649  739        -4.13895544      7.81320759      2.91456039
2650  739        -4.13388965      7.83769428      2.88107856
2651  739        -4.12963293      7.83555854      2.79757169
2652  739        -4.12180139      7.84538029      2.69887287
2653  739        -4.13761238      7.88114618      2.61510454
2654  739        -4.16303613      7.90454994      2.56741256
2655  739        -4.18565497      7.91252117      2.51018789
2656  739        -4.18754806      7.93467463      2.46432644
2657  739        -4.15860629      7.95770766      2.45099932
2658  739        -4.10043406      7.97360947      2.46174173
2659  739        -4.01677605      7.96792235      2.47833767
2660  739        -3.94665493      7.93644407      2.49811730
2661  739        -3.89093944      7.88210606      2.50208181
2662  739        -3.84693231      7.81033422      2.44889673
2663  739        -3.82146671      7.73129309      2.38188449
2664  739        -3.81348449      7.67335752      2.31784391
2665  739        -3.79410337      7.65319329      2.27213168
2666  739        -3.74473218      7.66495396      2.24763311
2667  739        -3.70341912      7.67773813      2.22562852
2668  739        -3.72264650      7.68339004      2.19755184
2669  739        -3.76141193      7.68000898      2.19606951
2670  739        -3.77817656      7.67051020      2.21228748
2671  739        -3.77392427      7.63125512      2.23310986
2672  739        -3.75276854      7.55071575      2.22990440
2673  739        -3.72656687      7.44369996      2.19264668
2674  739        -3.68960228      7.34383408      2.16862039
2675  739        -3.63714954      7.26861930      2.16813883
2676  739        -3.56406612      7.23420774      2.16546690
2677  739        -3.50359742      7.23593387      2.14039889
2678  739        -3.51348402      7.26141305      2.09577907
2679  739        -3.59539719      7.28918081      2.04056946
2680  739        -3.68181270      7.31039995      1.99299845
2681  739        -3.73684286      7.31839191      1.94684800
2682  739        -3.77074708      7.27446211      1.91423858
2683  739        -3.78301517      7.15727306      1.86208450
2684  739        -3.76239730      7.01885453      1.79092213
2685  739        -3.71998213      6.91080371      1.72791541
2686  739        -3.68369159      6.86734995      1.66993951
2687  739        -3.65894166      6.87923990      1.61562799
2688  739        -3.62990193      6.90671162      1.57303180
2689  739        -3.59719306      6.93324208      1.55307771
2690  739        -3.62021088      6.95419266      1.54467096
2691  739        -3.71490432      6.96656752      1.53287876
2692  739        -3.81167584      6.98160979      1.53826691
2693  739        -3.86970202      6.97348444      1.57881735
2694  739        -3.90237197      6.92891327      1.64731969
2695  739        -3.93893566      6.85602996      1.70969692
2696  739        -3.96961747      6.77170296      1.74959427
2697  739        -3.99588874      6.70313972      1.77295142
2698  739        -3.98721080      6.66226601      1.77846487
2699  739        -3.93295847      6.64524280      1.78581393
2700  739        -3.90173839      6.65362730      1.79998131
2701  739        -3.93358862      6.69513318      1.78909309
2702  739        -4.02470149      6.71877267      1.76715227
2703  739        -4.10110795      6.69577846      1.76025396
2704  739        -4.10994439      6.66685662      1.75871625
2705  739        -4.07368483      6.64291794      1.73443615
2706  739        -4.05715433      6.62540895      1.70488050
2707  739        -4.06997043      6.61248789      1.68440330
2708  739        -4.09708419      6.59263188      1.67990658
2709  739        -4.11293094      6.57446440      1.68502760
2710  739        -4.11786429      6.55604981      1.67152183
2711  739        -4.13803454      6.53845309      1.62568568
2712  739        -4.16036776      6.51890321      1.55750832
2713  739        -4.17596868      6.47342015      1.50192992
2714  739        -4.18340963      6.38975923      1.45872364
2715  739        -4.16454774      6.27554521      1.43098588
2716  739        -4.14925139      6.15567721      1.43143838
2717  739        -4.15729159      6.07085036      1.43258452
2718  739        -4.18326122      6.05070700      1.41094554
2719  739        -4.20744815      6.05224437      1.37965974
2720  739        -4.23679839      6.03450899      1.33560777
2721  739        -4.26155750      6.00776583      1.29707730
2722  739        -4.28115574      5.99698287      1.24116943
2723  739        -4.28751382      5.99352435      1.15357561
2724  739        -4.25912874      5.99270400      1.05058491
2725  739        -4.20334985      6.00268489      0.95709803
2726  739        -4.17611729      6.02440081      0.89100497
2727  739        -4.20734972      6.06457986      0.85281418
2728  739        -4.28328752      6.11175253      0.84116573
2729  739        -4.37015968      6.15197919      0.83290270
2730  739        -4.44757364      6.17344145      0.82184268
2731  739        -4.47484365      6.17766503      0.80896234
2732  739        -4.46110879      6.20062098      0.80327550
2733  739        -4.43143585      6.26213894      0.81767444
2734  739        -4.41428508      6.32263870      0.84228661
2735  739        -4.43438691      6.31820876      0.86852946
2736  739        -4.45374178      6.25110187      0.93508866
2737  739        -4.48080110      6.16296601      1.02816813
2738  739        -4.52051228      6.07100500      1.12872530
2739  739        -4.56545755      5.99273908      1.20791197
2740  739        -4.60652227      5.93484650      1.25258394
2741  739        -4.65639817      5.89710868      1.27472515
2742  739        -4.71743293      5.89983738      1.29706619
2743  739        -4.76337700      5.92627420      1.33820905
2744  739        -4.78428643      5.96285556      1.36835735
2745  739        -4.77536435      5.99285713      1.36242420
2746  739        -4.77776637      6.02816145      1.32665034
2747  739        -4.79128172      6.08276483      1.27309800
2748  739        -4.80882479      6.13209414      1.20433792
2749  739        -4.82319360      6.15705753      1.11671927
2750  739        -4.82705899      6.16082049      1.02676988
2751  739        -4.86504358      6.17352364      0.96297555
2752  739        -4.96094694      6.17836262      0.92866840
2753  739        -5.09913726      6.14700355      0.87913759
2754  739        -5.22967865      6.11305721      0.82510018
2755  739        -5.29417415      6.10338160      0.78123472
2756  739        -5.29594527      6.11918788      0.72015716
2757  739        -5.27048241      6.13267946      0.63375971
2758  739        -5.24882790      6.14495979      0.56062546
2759  739        -5.23024965      6.15070872      0.50821314
2760  739        -5.19509976      6.15247426      0.44784579
2761  739        -5.16240771      6.14632317      0.37667224
2762  739        -5.14323042      6.12039328      0.31403500
2763  739        -5.14396196      6.10114552      0.29043747
2764  739        -5.15544147      6.10383541      0.28187440
2765  739        -5.15887991      6.12825350      0.27691431
2766  739        -5.13875676      6.17216529      0.26349618
2767  739        -5.11283971      6.21843733      0.26772658
2768  739        -5.08714064      6.24127660      0.29867672
2769  739        -5.04070649      6.24146307      0.33991743
2770  739        -4.95774261      6.24662572      0.36950255
2771  739        -4.84181739      6.25963561      0.40965255
2772  739        -4.73452326      6.28652605      0.47020264
2773  739        -4.65734703      6.32180003      0.53782558
2774  739        -4.60519666      6.37315558      0.58181406
2775  739        -4.55059016      6.44510718      0.59778331
2776  739        -4.49509706      6.51895761      0.60370724
2777  739        -4.47087032      6.57964327      0.58746154
2778  739        -4.47085500      6.62963306      0.55854090
2779  739        -4.48019508      6.67136266      0.53526213
2780  739        -4.47326917      6.70269459      0.52507898
2781  739        -4.44979916      6.73723306      0.51804423
2782  739        -4.40450489      6.75902796      0.52592700
2783  739        -4.33833811      6.79064424      0.56197086
2784  739        -4.28281314      6.83405028      0.60927334
2785  739        -4.26235848      6.87671011      0.64207371
2786  739        -4.24134135      6.88896961      0.66165961
2787  739        -4.21225680      6.87396407      0.67343954
2788  739        -4.18730412      6.89715403      0.66344388
2789  739        -4.15995714      6.95939199      0.61016937
2790  739        -4.12381283      7.01374779      0.53265828
2791  739        -4.08518610      7.03433484      0.45488298
2792  739        -4.06007519      7.01943769      0.39637420
2793  739        -4.06045659      6.96092558      0.36191002
2794  739        -4.05640756      6.89132560      0.30267115
2795  739        -4.04891873      6.82923706      0.22059744
2796  739        -4.04608859      6.74730605      0.15233285
2797  739        -4.05062391      6.67222183      0.10134291
2798  739        -4.05490439      6.62292648      0.03617727
2799  739        -4.06473367      6.61321025     -0.03790518
2800  739        -4.07972213      6.65463723     -0.10498940
2801  739        -4.10485332      6.73021695     -0.18395822
2802  739        -4.13664093      6.78986401     -0.27272248
2803  739        -4.15519472      6.81606134     -0.37821325
2804  739        -4.15049743      6.82884359     -0.48880757
2805  739        -4.13827074      6.83924283     -0.57209192
2806  739        -4.14784484      6.82313263     -0.61008330
2807  739        -4.17094649      6.78926416     -0.63769797
2808  739        -4.16341220      6.77614159     -0.68844595
2809  739        -4.11668453      6.77802822     -0.74539599
2810  739        -4.05592555      6.77358981     -0.78825218
2811  739        -3.98957511      6.77683455     -0.80629264
2812  739        -3.93924098      6.79491021     -0.81208458
2813  739        -3.90911670      6.80015999     -0.81904878
2814  739        -3.88268574      6.79532492     -0.82103641
2815  739        -3.85478602      6.79343368     -0.81142377
2816  739        -3.81551851      6.79511279     -0.80302877
2817  739        -3.76160740      6.78382470     -0.83287787
2818  739        -3.70826723      6.74104892     -0.88451205
2819  739        -3.69854423      6.69093245     -0.89499925
2820  739        -3.70721075      6.63586041     -0.86489795
2821  739        -3.72912379      6.61100337     -0.85158444
2822  739        -3.74077029      6.60530842     -0.86931925
2823  739        -3.71985317      6.61099149     -0.91811704
2824  739        -3.65747466      6.61834252     -0.97794052
2825  739        -3.55506130      6.60763911     -1.02518820
2826  739        -3.44135245      6.58698901     -1.05289909
2827  739        -3.34323983      6.55823003     -1.07236162
2828  739        -3.27953766      6.52949826     -1.09529299
2829  739        -3.22131094      6.48525376     -1.11893675
2830  739        -3.14959232      6.43654502     -1.14051949
2831  739        -3.04704385      6.40429728     -1.16719231
2832  739        -2.93927745      6.39668392     -1.17369260
2833  739        -2.84914759      6.39223092     -1.15121321
2834  739        -2.78509607      6.39548354     -1.12914438
2835  739        -2.73685950      6.44061271     -1.13805405
2836  739        -2.69593394      6.51962115     -1.16680570
2837  739        -2.68410688      6.59432882     -1.20788652
2838  739        -2.68269089      6.63134267     -1.23558799
2839  739        -2.68368303      6.65324198     -1.22574116
2840  739        -2.64951864      6.67769424     -1.18693257
2841  739        -2.57431188      6.69564321     -1.15196350
2842  739        -2.48964513      6.69242894     -1.13898897
2843  739        -2.43269410      6.66659418     -1.15166250
2844  739        -2.39694902      6.62695564     -1.17302631
2845  739        -2.37615878      6.58229977     -1.18829652
2846  739        -2.35105868      6.56518916     -1.22157202
2847  739        -2.31658826      6.57449798     -1.27729586
2848  739        -2.28718809      6.61025445     -1.32730386
2849  739        -2.24502097      6.68768675     -1.32816969
2850  739        -2.21206503      6.77288373     -1.29829151
2851  739        -2.19806320      6.81264920     -1.26705073
2852  739        -2.22086530      6.77250670     -1.29082540
2853  739        -2.27950122      6.67783649     -1.38569459
2854  739        -2.32429080      6.57263740     -1.51829738
2855  739        -2.31821278      6.49341145     -1.61501623
2856  739        -2.27933172      6.44950267     -1.64497979
2857  739        -2.27729439      6.44017826     -1.64420544
2858  739        -2.32736510      6.44360393     -1.61476226
2859  739        -2.40807407      6.44384371     -1.56690188
2860  739        -2.47178903      6.43243641     -1.50758767
2861  739        -2.52038231      6.41620993     -1.44182691
2862  739        -2.58294666      6.41888251     -1.37233923
2863  739        -2.64970869      6.43138102     -1.30678505
2864  739        -2.68567682      6.43924992     -1.25419922
2865  739        -2.67651781      6.42505622     -1.20292332
2866  739        -2.63916729      6.40106157     -1.15098242
2867  739        -2.61464111      6.35824613     -1.10831785
2868  739        -2.64176500      6.30037184     -1.09693557
2869  739        -2.69520814      6.23339913     -1.11338849
2870  739        -2.74208188      6.15098995     -1.12652944
2871  739        -2.76399714      6.05566146     -1.11139617
2872  739        -2.77893668      5.95309904     -1.08653871
2873  739        -2.77628589      5.86900680     -1.05009047
2874  739        -2.76185761      5.83353576     -0.98235867
2875  739        -2.73539960      5.85886323     -0.87733437
2876  739        -2.69771566      5.89455852     -0.78195062
2877  739        -2.66654357      5.90085539     -0.71363656
2878  739        -2.65017774      5.89857187     -0.66228388
2879  739        -2.66070300      5.91995768     -0.59931819
2880  739        -2.69462786      5.96200705     -0.53489129
2881  739        -2.73990373      5.99578688     -0.48871473
2882  739        -2.78132050      6.00166939     -0.47137468
2883  739        -2.82746594      6.00811755     -0.48118789
2884  739        -2.82228379      6.03961778     -0.47740109
2885  739        -2.75519153      6.07033008     -0.44702595
2886  739        -2.67337250      6.09185555     -0.40134321
2887  739        -2.60635965      6.09765905     -0.36210187
2888  739        -2.55648496      6.09654928     -0.31970850
2889  739        -2.51088205      6.10694620     -0.27506190
2890  739        -2.48691868      6.13752590     -0.24280407
2891  739        -2.48241005      6.17956589     -0.22334279
2892  739        -2.49996063      6.21230181     -0.21568647
2893  739        -2.51855270      6.22284901     -0.22251143
2894  739        -2.51166737      6.22262722     -0.25456746
2895  739        -2.48895004      6.22542277     -0.32472375
2896  739        -2.46903462      6.22185690     -0.39018009
2897  739        -2.46940872      6.20865295     -0.41213955
2898  739        -2.48425962      6.21762750     -0.42122887
2899  739        -2.50013371      6.27120088     -0.44850692
2900  739        -2.50037754      6.32788973     -0.49392827
2901  739        -2.49529619      6.36583902     -0.54186729
2902  739        -2.49598901      6.38654369     -0.55803155
2903  739        -2.50537414      6.38526464     -0.56755898
2904  739        -2.49492560      6.34647505     -0.58040077
2905  739        -2.43064099      6.27660101     -0.59685724
2906  739        -2.35862827      6.21497572     -0.62557517
2907  739        -2.31572915      6.18929708     -0.65036836
2908  739        -2.30173000      6.19157137     -0.68021705
2909  739        -2.32136949      6.19241178     -0.71268657
2910  739        -2.37599090      6.17130954     -0.72410366
2911  739        -2.43935342      6.14569167     -0.72894501
2912  739        -2.48192107      6.13026303     -0.73545206
2913  739        -2.49050837      6.11410074     -0.74061754
2914  739        -2.47816910      6.08445562     -0.75064988
2915  739        -2.46552843      6.03246123     -0.75210946
2916  739        -2.45097622      5.96322059     -0.75161504
2917  739        -2.42527892      5.89229029     -0.75834077
2918  739        -2.39945327      5.81569975     -0.78031257
2919  739        -2.39516919      5.74665907     -0.81112260
2920  739        -2.41765253      5.69224831     -0.85284877
2921  739        -2.44170836      5.65201009     -0.90592613
2922  739        -2.44391648      5.62122042     -0.94768367
2923  739        -2.42271773      5.58092199     -0.96379646
2924  739        -2.38276547      5.55431246     -0.94986043
2925  739        -2.35627738      5.56488602     -0.92191572
2926  739        -2.36315578      5.59741313     -0.89312754
2927  739        -2.40006004      5.62188422     -0.86736514
2928  739        -2.45747444      5.63406409     -0.82319235
2929  739        -2.51324010      5.64104678     -0.76358209
2930  739        -2.52852928      5.65306746     -0.72838908
2931  739        -2.50212569      5.66809231     -0.72923131
2932  739        -2.45508350      5.67473017     -0.74799746
2933  739        -2.40817878      5.66605648     -0.74831664
2934  739        -2.38691242      5.63747077     -0.72316570
2935  739        -2.39470210      5.60705363     -0.68185802
2936  739        -2.42721011      5.58820146     -0.63946719
2937  739        -2.47954697      5.58160926     -0.63038796
2938  739        -2.54037311      5.58364869     -0.64985281
2939  739        -2.59616283      5.58743592     -0.65641090
2940  739        -2.64026151      5.56975638     -0.62776483
2941  739        -2.68596978      5.51851772     -0.58067718
2942  739        -2.72390368      5.45938291     -0.51186343
2943  739        -2.72382004      5.41747164     -0.43588306
2944  739        -2.69842396      5.38245926     -0.36711000
2945  739        -2.67454411      5.34420863     -0.31350138
2946  739        -2.65904667      5.30947540     -0.29197377
2947  739        -2.64074966      5.28569258     -0.30152271
2948  739        -2.63152201      5.27901179     -0.30953757
2949  739        -2.66807397      5.28793980     -0.29066300
2950  739        -2.73032635      5.29634823     -0.24030940
2951  739        -2.78494046      5.30996316     -0.19068212
2952  739        -2.80010678      5.34558053     -0.16920136
2953  739        -2.77540569      5.40970229     -0.17602629
2954  739        -2.75105372      5.48001974     -0.18765073
2955  739        -2.76806976      5.53162682     -0.17818202
2956  739        -2.81406984      5.53348149     -0.13844058
2957  739        -2.85043772      5.49365086     -0.08474069
2958  739        -2.86503144      5.44124372     -0.03244250
2959  739        -2.88483869      5.40422841     -0.00239019
2960  739        -2.91918148      5.36876682      0.01008268
2961  739        -2.95315985      5.32333090      0.02265901
2962  739        -2.96137900      5.28767853      0.05414103
2963  739        -2.92384138      5.27980675      0.08089077
2964  739        -2.85986796      5.27955157      0.10212671
2965  739        -2.81508395      5.28135625      0.13442649
2966  739        -2.79726956      5.28878770      0.18027208
2967  739        -2.79967297      5.28954750      0.22345612
2968  739        -2.80608834      5.29239680      0.25447863
2969  739        -2.81941895      5.31260885      0.27674850
2970  739        -2.85563684      5.34198942      0.30622674
2971  739        -2.90268367      5.36028976      0.33668550
2972  739        -2.93306912      5.36766740      0.35366532
2973  739        -2.91215358      5.37681287      0.35664197
2974  739        -2.85658275      5.41114945      0.34554874
2975  739        -2.81276570      5.45996604      0.31871932
2976  739        -2.81363615      5.48091289      0.31195515
2977  739        -2.85196414      5.47737829      0.35345024
2978  739        -2.87787095      5.48041053      0.43584055
2979  739        -2.86653275      5.48796520      0.51483838
2980  739        -2.84706154      5.46825720      0.55284263
2981  739        -2.81531927      5.43536970      0.54889407
2982  739        -2.76984528      5.40423859      0.53508062
2983  739        -2.74221281      5.37209381      0.51937286
2984  739        -2.71321072      5.32695112      0.48493567
2985  739        -2.69354072      5.27955810      0.45140573
2986  739        -2.66209316      5.24538079      0.43378842
2987  739        -2.61422919      5.20161827      0.41738643
2988  739        -2.55637991      5.15358358      0.41358155
2989  739        -2.47862969      5.11904641      0.44788516
2990  739        -2.39830171      5.12235726      0.49931115
2991  739        -2.34032492      5.15510635      0.52220590
2992  739        -2.32386950      5.20105560      0.48487299
2993  739        -2.33332389      5.24007258      0.43478533
2994  739        -2.31881404      5.26634950      0.44900505
2995  739        -2.26988513      5.23337717      0.51968598
2996  739        -2.23218409      5.13606427      0.56688196
2997  739        -2.21196245      5.04103502      0.57769683
2998  739        -2.19192646      4.98212099      0.57259791
2999  739        -2.15514626      4.93554846      0.58129719
3000  739        -2.12748240      4.89421478      0.60968845
3001  739        -2.13463857      4.86367625      0.66331012
3002  739        -2.15647085      4.83875528      0.73007038
3003  739        -2.17002819      4.82753362      0.79430063
3004  739        -2.16256546      4.80719547      0.84813315
3005  739        -2.17349670      4.76077057      0.87592047
3006  739        -2.18774764      4.69644187      0.87511757
3007  739        -2.19698885      4.66186557      0.85374969
3008  739        -2.18283500      4.65865660      0.82087748
3009  739        -2.16871445      4.65189366      0.78062656
3010  739        -2.16261016      4.63488803      0.74194471
3011  739        -2.13616163      4.61354229      0.73004495
3012  739        -2.08343863      4.60272258      0.73454846
3013  739        -2.00243065      4.59779884      0.75393187
3014  739        -1.92887985      4.57843948      0.79525334
3015  739        -1.88490392      4.54171775      0.86792322
3016  739        -1.84591973      4.45588301      0.93726037
3017  739        -1.80603777      4.35265855      0.97129495
3018  739        -1.76194289      4.27304198      0.98213774
3019  739        -1.72193319      4.24076828      1.00097994
3020  739        -1.70149277      4.24949477      1.02744698
3021  739        -1.69219605      4.28597894      1.02691740
3022  739        -1.66918404      4.33895476      0.98937173
3023  739        -1.62318383      4.38765692      0.94843946
3024  739        -1.55548348      4.41751308      0.95244084
3025  739        -1.49777481      4.41934740      1.00441599
3026  739        -1.47215201      4.41932941      1.05149072
3027  739        -1.46785852      4.43244041      1.06648562
3028  739        -1.46007602      4.46530666      1.06344043
3029  739        -1.44889603      4.52026537      1.04014388
3030  739        -1.44028048      4.59065207      1.01876835
3031  739        -1.43985597      4.64816341      1.03210815
3032  739        -1.46355218      4.70667000      1.05906643
3033  739        -1.49701734      4.75989080      1.06904850
3034  739        -1.50840140      4.82474602      1.04239744
3035  739        -1.47630174      4.91188055      1.00092062
3036  739        -1.40927829      4.98709877      0.97192258
3037  739        -1.33712981      5.03749183      0.96632948
3038  739        -1.29381197      5.06433569      0.97691928
3039  739        -1.29843361      5.08017167      0.98511028
3040  739        -1.35004271      5.06768359      0.98021522
3041  739        -1.39587384      5.03308593      0.95154883
3042  739        -1.38281308      4.99648651      0.90287636
3043  739        -1.30173413      4.97943575      0.81977490
3044  739        -1.21255294      4.97901874      0.71925750
3045  739        -1.13340927      4.98693495      0.65170453
3046  739        -1.05799945      4.99650993      0.65665450
3047  739        -0.98713233      4.99189661      0.72801822
3048  739        -0.94695271      4.98437579      0.84752647
3049  739        -0.94554983      4.99953561      0.95179851
3050  739        -0.98077420      5.05204468      0.99641985
3051  739        -1.04819302      5.13321883      0.98966693
3052  739        -1.11307509      5.22369593      0.97281746
3053  739        -1.15783178      5.29350224      0.96277502
3054  739        -1.17110440      5.33385021      0.95711319
3055  739        -1.15442575      5.33808604      0.96223783
3056  739        -1.11387887      5.30108461      0.97217426
3057  739        -1.05941796      5.24629819      1.00455973
3058  739        -1.01423654      5.20055921      1.05459783
3059  739        -0.99604052      5.16496786      1.08954227
3060  739        -0.99402015      5.14468708      1.08544695
3061  739        -1.00389095      5.14157198      1.06113527
3062  739        -1.03245478      5.13247766      1.02626907
3063  739        -1.07794990      5.07911634      1.01382357
3064  739        -1.13278594      4.98867331      1.01322244
3065  739        -1.14987923      4.92304221      1.01107542
3066  739        -1.12403761      4.88898174      1.00981842
3067  739        -1.08599390      4.84632724      1.02253676
3068  739        -1.05564023      4.78378185      1.05323502
3069  739        -1.01806352      4.72516829      1.09307723
3070  739        -0.97966196      4.67907758      1.11921632
3071  739        -0.98852239      4.66898349      1.12142204
3072  739        -1.03858863      4.68672552      1.10974965
3073  739        -1.12449382      4.68777944      1.08887708
3074  739        -1.20519359      4.65399378      1.10544973
3075  739        -1.26844654      4.59908880      1.15765903
3076  739        -1.31069524      4.52578699      1.21026907
3077  739        -1.34042485      4.46561470      1.26062382
3078  739        -1.37359667      4.43046708      1.32141769
3079  739        -1.40972687      4.41720882      1.37911125
3080  739        -1.42873198      4.43700806      1.42640968
3081  739        -1.43915242      4.48474028      1.45411279
3082  739        -1.48092498      4.55961187      1.46016928
3083  739        -1.55817917      4.64919039      1.44488459
3084  739        -1.63491309      4.71675944      1.42138623
3085  739        -1.65047241      4.72831989      1.40050357
3086  739        -1.60665695      4.68637186      1.37569779
3087  739        -1.55600456      4.61868832      1.34773450
3088  739        -1.55064336      4.57278187      1.31929372
3089  739        -1.56581137      4.56518886      1.30179114
3090  739        -1.58091007      4.57838410      1.31577885
3091  739        -1.59051857      4.60751056      1.35935503
3092  739        -1.60135952      4.63967326      1.39857396
3093  739        -1.60827041      4.65130249      1.42190941
3094  739        -1.60912983      4.60963776      1.42415897
3095  739        -1.61894911      4.52033250      1.40963142
3096  739        -1.65003446      4.41258976      1.38494423
3097  739        -1.69207481      4.33516368      1.33827278
3098  739        -1.70890035      4.31015047      1.26976729
3099  739        -1.69445285      4.30755744      1.19496318
3100  739        -1.67948553      4.29146906      1.16631333
3101  739        -1.69291169      4.26535133      1.18717403
3102  739        -1.73988209      4.24744577      1.22326082
3103  739        -1.78295085      4.24630346      1.25074030
3104  739        -1.79646011      4.22604964      1.27802636
3105  739        -1.76121223      4.17176662      1.31861188
3106  739        -1.69499728      4.10626504      1.36167733
3107  739        -1.62667989      4.09139099      1.39250596
3108  739        -1.61183003      4.14774448      1.41037891
3109  739        -1.66149008      4.23854628      1.42579823
3110  739        -1.72257610      4.32760164      1.45166253
3111  739        -1.75418664      4.35909118      1.51574814
3112  739        -1.75643605      4.33963638      1.60997332
3113  739        -1.74323142      4.29935610      1.70765325
3114  739        -1.73780740      4.28261883      1.77279184
3115  739        -1.73633563      4.31018450      1.81135561
3116  739        -1.73217186      4.37547106      1.85477748
3117  739        -1.71092626      4.44342427      1.91841995
3118  739        -1.66602278      4.49822549      1.97724001
3119  739        -1.63082172      4.52871766      2.00492571
3120  739        -1.62449564      4.54810956      2.01441600
3121  739        -1.61391304      4.54413402      2.02445254
3122  739        -1.59606486      4.50119493      2.02807884
3123  739        -1.56844138      4.44194712      2.02024557
3124  739        -1.55264720      4.41024191      2.02035098
3125  739        -1.54151965      4.43182697      2.01195644
3126  739        -1.52668820      4.48366596      2.00662658
3127  739        -1.51061626      4.54606890      2.02926851
3128  739        -1.50078949      4.57347111      2.07941698
3129  739        -1.51771229      4.55269296      2.12391649
3130  739        -1.53696117      4.50539733      2.13641435
3131  739        -1.54709621      4.47789918      2.10119747
3132  739        -1.53983218      4.46608659      2.02353038
3133  739        -1.52992975      4.44535098      1.95427230
3134  739        -1.51368952      4.41471953      1.91344782
3135  739        -1.49782825      4.37869296      1.90276829
3136  739        -1.48100894      4.34856189      1.91812066
3137  739        -1.45145016      4.33448176      1.94976551
3138  739        -1.42729314      4.35539555      1.95806673
3139  739        -1.41492671      4.39341169      1.93712873
3140  739        -1.42822311      4.41242677      1.89957358
3141  739        -1.45927755      4.40341523      1.86646807
3142  739        -1.48916585      4.38622520      1.84526890
3143  739        -1.51287035      4.39045773      1.82147417
3144  739        -1.54472470      4.40640626      1.77642789
3145  739        -1.58975595      4.41692970      1.72313082
3146  739        -1.64185277      4.39674628      1.69895429
3147  739        -1.69714714      4.34255282      1.71009594
3148  739        -1.74100701      4.28728073      1.71321454
3149  739        -1.77747929      4.27653573      1.67161717
3150  739        -1.83040410      4.31597371      1.62610243
3151  739        -1.91180004      4.35677949      1.62769928
3152  739        -2.03027076      4.36782334      1.63643133
3153  739        -2.15393248      4.38594224      1.61631897
3154  739        -2.23677249      4.42996481      1.58278112
3155  739        -2.26748820      4.46866264      1.54826287
3156  739        -2.30263917      4.46785524      1.54114137
3157  739        -2.34697962      4.46241889      1.55865459
3158  739        -2.37286610      4.45758689      1.56400100
3159  739        -2.38486386      4.45188098      1.55626622
3160  739        -2.39561776      4.44148690      1.54398308
3161  739        -2.41401304      4.41916928      1.54594541
3162  739        -2.44766349      4.40398262      1.54054380
3163  739        -2.49165424      4.42281923      1.50727619
3164  739        -2.55550841      4.45350752      1.45969524
3165  739        -2.61855338      4.43736747      1.42857610
3166  739        -2.68526416      4.36113196      1.42815510
3167  739        -2.76165562      4.25913934      1.42046626
3168  739        -2.85928840      4.17974095      1.39569352
3169  739        -2.95219730      4.11183275      1.37256064
3170  739        -3.02797725      4.04512987      1.36593551
3171  739        -3.07862658      4.01088794      1.34828024
3172  739        -3.10959786      4.00493820      1.31817986
3173  739        -3.13982793      4.01978741      1.28803741
3174  739        -3.17662038      4.05096838      1.29712689
3175  739        -3.20598170      4.10233766      1.32099475
3176  739        -3.21479094      4.15624231      1.32762102
3177  739        -3.20840984      4.17796729      1.33043336
3178  739        -3.18956649      4.16571823      1.33577572
3179  739        -3.19025726      4.17246522      1.31432321
3180  739        -3.19928483      4.21603918      1.28195442
3181  739        -3.22141440      4.26464385      1.25381061
3182  739        -3.25206481      4.28314922      1.22161452
3183  739        -3.28190637      4.27916601      1.19655094
3184  739        -3.29498237      4.27804067      1.18512853
3185  739        -3.32587326      4.29186169      1.19675117
3186  739        -3.38966696      4.31149727      1.22995892
3187  739        -3.46653827      4.31320347      1.28339568
3188  739        -3.51793169      4.30178670      1.31932027
3189  739        -3.51308440      4.28312021      1.31439733
3190  739        -3.48693448      4.26651232      1.27285000
3191  739        -3.45890334      4.27269692      1.20757210
3192  739        -3.41638732      4.30264280      1.14052952
3193  739        -3.34300718      4.34540035      1.08132399
3194  739        -3.27612116      4.40535084      1.04720909
3195  739        -3.23651174      4.46943987      1.03625764
3196  739        -3.22731974      4.51967120      1.03356300
3197  739        -3.23229565      4.52614732      1.03573072
3198  739        -3.23894953      4.48702441      1.05127271
3199  739        -3.23908044      4.42824833      1.07887439
3200  739        -3.22391844      4.37118602      1.10593209
3201  739        -3.21532729      4.34501999      1.10243153
3202  739        -3.20851326      4.35906249      1.06097043
3203  739        -3.21742942      4.39470428      1.01736039
3204  739        -3.22428536      4.41130418      0.99803863
3205  739        -3.22179016      4.39818924      0.98533291
3206  739        -3.19838247      4.36640212      0.97563232
3207  739        -3.14713321      4.31775129      0.96049821
3208  739        -3.08574938      4.24708910      0.96614793
3209  739        -3.02561037      4.17894479      1.00517350
3210  739        -2.97022671      4.13313927      1.05433376
3211  739        -2.93536080      4.09733253      1.09885651
3212  739        -2.93051624      4.03852676      1.11738779
3213  739        -2.95184777      3.96679582      1.12661178
3214  739        -2.97423840      3.91600587      1.13190020
3215  739        -2.97152642      3.88103183      1.12558513
3216  739        -2.97742075      3.85128933      1.10500344
3217  739        -3.00116452      3.83300744      1.08199138
3218  739        -3.01938907      3.83365795      1.06672862
3219  739        -3.02359315      3.83491073      1.06565222
3220  739        -3.03121334      3.82404116      1.06493389
3221  739        -3.05300478      3.81228392      1.07680827
3222  739        -3.08250071      3.79204606      1.12860158
3223  739        -3.13443455      3.75563148      1.22422081
3224  739        -3.18497097      3.70174465      1.31474712
3225  739        -3.19899920      3.65395460      1.35521677
3226  739        -3.16854311      3.62467149      1.34082019
3227  739        -3.15000285      3.61712236      1.29580162
3228  739        -3.14356661      3.63070440      1.25861888
3229  739        -3.13885886      3.65080249      1.23890018
3230  739        -3.13889488      3.67817180      1.22918824
3231  739        -3.15870697      3.71772395      1.22060491
3232  739        -3.19521612      3.76142431      1.21335617
3233  739        -3.23285725      3.76952034      1.22560892
3234  739        -3.27083587      3.76034934      1.25590678
3235  739        -3.30377590      3.77632512      1.30412746
3236  739        -3.32602511      3.82471206      1.36654595
3237  739        -3.35012352      3.88422041      1.42928716
3238  739        -3.37610757      3.93471002      1.48005096
3239  739        -3.39462019      3.96990602      1.51887999
3240  739        -3.41091223      4.01100337      1.54642611
3241  739        -3.43549717      4.04232648      1.56430128
3242  739        -3.47770815      4.06134634      1.56750166
3243  739        -3.51249402      4.08314781      1.54262624
3244  739        -3.53784708      4.14442156      1.51890516
3245  739        -3.55558395      4.23219856      1.50477113
3246  739        -3.57683413      4.31493899      1.49429115
3247  739        -3.61101046      4.37212431      1.46952326
3248  739        -3.64838202      4.41812803      1.45305392
3249  739        -3.68284855      4.46872842      1.44626129
3250  739        -3.70845387      4.50761103      1.43122713
3251  739        -3.73608636      4.52328176      1.40686080
3252  739        -3.76453157      4.53378644      1.39317767
3253  739        -3.79852354      4.54919782      1.41232998
3254  739        -3.83147340      4.57935750      1.44557993
3255  739        -3.84381414      4.62789424      1.47341528
3256  739        -3.83716466      4.67813844      1.47578271
3257  739        -3.84847597      4.71549383      1.46318128
3258  739        -3.90602026      4.73496352      1.43014499
3259  739        -4.00085470      4.74236981      1.36280883
3260  739        -4.09323595      4.73766725      1.26999395
3261  739        -4.18741880      4.71348023      1.17795261
3262  739        -4.26914637      4.67936928      1.11732890
3263  739        -4.31743926      4.65808856      1.11149482
3264  739        -4.30629617      4.67861749      1.14091443
3265  739        -4.25295468      4.72751975      1.17430483
3266  739        -4.20359685      4.78253463      1.18479477
3267  739        -4.18819633      4.81769114      1.17159980
3268  739        -4.21011639      4.82605254      1.14508994
3269  739        -4.25480385      4.82365575      1.11377010
3270  739        -4.32389823      4.81946903      1.08951980
3271  739        -4.39731483      4.81179557      1.05985534
3272  739        -4.44656091      4.79332053      1.03020842
3273  739        -4.44481658      4.77552994      0.98763266
3274  739        -4.38550373      4.76536046      0.95074188
3275  739        -4.28402976      4.77172734      0.90188298
3276  739        -4.19034895      4.78644543      0.83400907
3277  739        -4.13345550      4.81223626      0.72641989
3278  739        -4.12196409      4.83002150      0.61337271
3279  739        -4.13841435      4.83555450      0.55837786
3280  739        -4.17613675      4.83803101      0.57302498
3281  739        -4.21672949      4.83799670      0.62468896
3282  739        -4.24394615      4.82563147      0.64717484
3283  739        -4.24344322      4.78929297      0.63952028
3284  739        -4.21493508      4.78113168      0.59896677
3285  739        -4.18767775      4.79888944      0.54844873
3286  739        -4.18587493      4.82344437      0.47137939
3287  739        -4.20437242      4.82002018      0.38178782
3288  739        -4.21247503      4.81115943      0.30175956
3289  739        -4.19901845      4.82194639      0.24728837
3290  739        -4.18778752      4.84863247      0.21747944
3291  739        -4.18255952      4.86186283      0.19251462
3292  739        -4.18949561      4.85818814      0.17512119
3293  739        -4.17126535      4.86227586      0.16460124
3294  739        -4.14943796      4.87969857      0.17839963
3295  739        -4.14435216      4.91210107      0.19766653
3296  739        -4.14476288      4.93305816      0.20233628
3297  739        -4.15619142      4.95208205      0.18808341
3298  739        -4.17739430      4.99196178      0.17639321
3299  739        -4.17610244      5.03848048      0.17434081
3300  739        -4.18501498      5.06435737      0.19691375
3301  739        -4.22363102      5.06662936      0.24475010
3302  739        -4.27415641      5.07618248      0.29551270
3303  739        -4.32836618      5.10806240      0.31217963
3304  739        -4.35244441      5.18100683      0.29272056
3305  739        -4.33939571      5.26432557      0.26361284
3306  739        -4.32707387      5.31744691      0.23573279
3307  739        -4.34607572      5.32347340      0.18862075
3308  739        -4.37749871      5.32275116      0.12606365
3309  739        -4.39423125      5.35172158      0.09010856
3310  739        -4.37280155      5.40886167      0.10490230
3311  739        -4.33756243      5.44761333      0.16129123
3312  739        -4.32231888      5.46193136      0.22274983
3313  739        -4.32179135      5.46592649      0.26475149
3314  739        -4.31201220      5.46799559      0.30325309
3315  739        -4.31017894      5.46096284      0.34771421
3316  739        -4.32309478      5.44130097      0.38920051
3317  739        -4.33310326      5.40972317      0.38058890
3318  739        -4.33002948      5.38520168      0.31982108
3319  739        -4.30733135      5.39350660      0.24738071
3320  739        -4.27333576      5.43200235      0.18446072
3321  739        -4.24283478      5.47697903      0.14999241
3322  739        -4.22975883      5.50130679      0.12749889
3323  739        -4.24477466      5.51039186      0.10659977
3324  739        -4.29008654      5.50829780      0.09250347
3325  739        -4.34414226      5.51749275      0.09727796
3326  739        -4.38124113      5.54122621      0.10739058
3327  739        -4.40289238      5.58987104      0.12683629
3328  739        -4.41817054      5.64877218      0.15684290
3329  739        -4.42442011      5.69781756      0.18571810
3330  739        -4.42212487      5.72819605      0.21775759
3331  739        -4.42416877      5.75268003      0.25677770
3332  739        -4.42693397      5.79116015      0.30613508
3333  739        -4.44766289      5.83998699      0.34769319
3334  739        -4.49110493      5.87247558      0.36779506
3335  739        -4.53292554      5.87273473      0.37549001
3336  739        -4.55294306      5.87130518      0.36999592
3337  739        -4.55593440      5.90425494      0.35525564
3338  739        -4.56101855      5.95343632      0.35329023
3339  739        -4.56542648      5.99993961      0.36038763
3340  739        -4.57093924      6.03153573      0.36927798
3341  739        -4.58716666      6.04983293      0.36968195
3342  739        -4.62741159      6.05259407      0.38442875
3343  739        -4.67412271      6.05758453      0.40740105
3344  739        -4.70205711      6.06818361      0.41476652
3345  739        -4.71754015      6.08626893      0.39496216
3346  739        -4.72616644      6.12141227      0.36905955
3347  739        -4.71291259      6.15616493      0.34984614
3348  739        -4.67062585      6.16987653      0.34220083
3349  739        -4.63890884      6.16245394      0.33647440
3350  739        -4.63890787      6.15794286      0.33453262
3351  739        -4.66992831      6.14710182      0.33044021
3352  739        -4.71289986      6.11433012      0.33836544
3353  739        -4.73627178      6.07234762      0.36971899
3354  739        -4.75044053      6.06689885      0.39242400
3355  739        -4.77300703      6.10026292      0.43371229
3356  739        -4.79234550      6.13506581      0.50029170
3357  739        -4.76429720      6.15931758      0.59411905
3358  739        -4.71383148      6.17480307      0.68604083
3359  739        -4.68520791      6.18131173      0.75053342
3360  739        -4.70252075      6.19290439      0.78550815
3361  739        -4.72901395      6.22149490      0.78370372
3362  739        -4.72252222      6.24435208      0.75816067
3363  739        -4.69404978      6.26641060      0.72349679
3364  739        -4.66840328      6.28695496      0.68783094
3365  739        -4.67232397      6.30365073      0.65066711
3366  739        -4.69344871      6.31134114      0.62660893
3367  739        -4.70919809      6.32090330      0.62370802
3368  739        -4.68892074      6.36248963      0.62161522
3369  739        -4.65304361      6.43554937      0.58787169
3370  739        -4.66480020      6.51310517      0.54573196
3371  739        -4.69297005      6.56419527      0.53239819
3372  739        -4.68074515      6.57799998      0.54805279
3373  739        -4.61001265      6.56037069      0.58455877
3374  739        -4.53222958      6.54672836      0.61358281
3375  739        -4.51228013      6.53673661      0.61684244
3376  649        -2.42265200      7.60744541      1.40874672
3377  649        -2.38349610      7.64776951      1.37454676
3378  649        -2.36472843      7.64972263      1.35356565
3379  649        -2.35925083      7.64028775      1.33439385
3380  649        -2.35845771      7.62848452      1.31977451
3381  649        -2.34253979      7.62523193      1.32396971
3382  649        -2.30380303      7.65334628      1.32642936
3383  649        -2.29149933      7.67752376      1.31778192
3384  649        -2.29758930      7.70293354      1.28237639
3385  649        -2.32412816      7.72904719      1.23299496
3386  649        -2.36436156      7.76772429      1.18650342
3387  649        -2.39372336      7.82554744      1.16639483
3388  649        -2.41726316      7.89526488      1.20083068
3389  649        -2.45427261      7.95833975      1.25638155
3390  649        -2.50622972      7.97860738      1.28025185
3391  649        -2.54805744      7.96190569      1.24115645
3392  649        -2.55489119      7.92981890      1.18649970
3393  649        -2.53565568      7.90659450      1.14268490
3394  649        -2.47031933      7.88796961      1.12602083
3395  649        -2.38268710      7.87203623      1.15085569
3396  649        -2.32748162      7.85330641      1.22172808
3397  649        -2.31700828      7.83144584      1.31415171
3398  649        -2.28824089      7.81229085      1.40236080
3399  649        -2.23092484      7.81469494      1.49246928
3400  649        -2.16292355      7.83819706      1.58947412
3401  649        -2.09593862      7.86015046      1.67448380
3402  649        -2.02632684      7.86203597      1.73391935
3403  649        -1.97708288      7.86496624      1.76922404
3404  649        -1.96485813      7.88710191      1.78187617
3405  649        -1.97110066      7.92511909      1.78294429
3406  649        -1.97941983      7.96560319      1.78658362
3407  649        -1.98145507      8.00107200      1.80220557
3408  649        -2.00317361      8.01736187      1.79530757
3409  649        -2.02119939      8.01278904      1.78065946
3410  649        -2.01327122      7.99696482      1.77032418
3411  649        -1.97620617      7.99128432      1.77308307
3412  649        -1.91039489      8.00665524      1.79668970
3413  649        -1.83503283      8.02829378      1.85007166
3414  649        -1.79907473      8.03363489      1.91509655
3415  649        -1.82769110      8.02380822      1.97091847
3416  649        -1.87247833      8.00743142      2.00908184
3417  649        -1.88993530      8.00670315      2.03659838
3418  649        -1.88560202      8.03463447      2.05496815
3419  649        -1.87970569      8.07889994      2.05974706
3420  649        -1.86569673      8.11319879      2.05963478
3421  649        -1.84332219      8.09879992      2.08565060
3422  649        -1.80454212      8.02848386      2.15174279
3423  649        -1.76615680      7.92531141      2.21788406
3424  649        -1.72407967      7.84078393      2.28064011
3425  649        -1.67767834      7.76816482      2.36245396
3426  649        -1.62020918      7.71262789      2.47372142
3427  649        -1.55523886      7.67232963      2.59653785
3428  649        -1.48799751      7.63485129      2.69567612
3429  649        -1.40591524      7.59773640      2.77012025
3430  649        -1.31931102      7.54996892      2.83327341
3431  649        -1.26010641      7.51286757      2.90323023
3432  649        -1.24676353      7.48501443      2.97351116
3433  649        -1.25511648      7.46696762      3.06439530
3434  649        -1.26637128      7.44934958      3.15515341
3435  649        -1.26121300      7.42738901      3.23339921
3436  649        -1.23881687      7.40303532      3.29502236
3437  649        -1.19898699      7.38750603      3.35565985
3438  649        -1.16071174      7.37742670      3.42559763
3439  649        -1.13736456      7.36890642      3.50213358
3440  649        -1.12652650      7.37361128      3.58693065
3441  649        -1.12112826      7.39838566      3.67118880
3442  649        -1.09896158      7.43740098      3.74704096
3443  649        -1.09647998      7.47653207      3.79933561
3444  649        -1.12807043      7.49907426      3.83296071
3445  649        -1.19779540      7.51286911      3.87076500
3446  649        -1.26485064      7.55259863      3.91704785
3447  649        -1.29351234      7.60620332      3.94624273
3448  649        -1.27289992      7.64941330      3.93706860
3449  649        -1.23235677      7.66371709      3.90206756
3450  649        -1.21690577      7.64972894      3.85818462
3451  649        -1.22449038      7.61831149      3.81205830
3452  649        -1.25442018      7.57908282      3.73786269
3453  649        -1.28850274      7.55168997      3.64715225
3454  649        -1.32213250      7.55235294      3.56647829
3455  649        -1.36612184      7.59400536      3.50650724
3456  649        -1.41600129      7.65204813      3.44227240
3457  649        -1.44135602      7.70727064      3.36541263
3458  649        -1.43625913      7.74679301      3.27730072
3459  649        -1.42273096      7.76657209      3.18250917
3460  649        -1.41929891      7.77194289      3.10172498
3461  649        -1.43913272      7.78489226      3.05850889
3462  649        -1.46416777      7.82541535      3.03477230
3463  649        -1.48258619      7.86395001      2.99365601
3464  649        -1.47099280      7.88941239      2.94411864
3465  649        -1.44438109      7.91042594      2.90477040
3466  649        -1.45190780      7.93471042      2.89370305
3467  649        -1.48133697      7.93687562      2.90838993
3468  649        -1.52081690      7.92041487      2.94367811
3469  649        -1.54639620      7.88771526      2.97221988
3470  649        -1.55400402      7.84087839      2.99004639
3471  649        -1.53155632      7.79153538      3.00016798
3472  649        -1.49291084      7.72489464      3.01016761
3473  649        -1.45029132      7.64857299      3.03105077
3474  649        -1.41233766      7.58976843      3.06051486
3475  649        -1.38978849      7.55972346      3.09995358
3476  649        -1.37170284      7.55784994      3.13326699
3477  649        -1.35344681      7.57933746      3.17730778
3478  649        -1.33711703      7.59248755      3.23926311
3479  649        -1.33420191      7.58838791      3.30727331
3480  649        -1.33169351      7.58980434      3.35777580
3481  649        -1.33258092      7.61987896      3.39664609
3482  649        -1.31708734      7.66347006      3.42952354
3483  649        -1.27682776      7.70149768      3.44152587
3484  649        -1.22961781      7.73257714      3.42903764
3485  649        -1.20206496      7.75755684      3.39660755
3486  649        -1.20671217      7.76281894      3.36389199
3487  649        -1.24913402      7.73964215      3.33793018
3488  649        -1.31307402      7.70153472      3.33067037
3489  649        -1.36608325      7.65249375      3.33356484
3490  649        -1.39755382      7.62375003      3.34154298
3491  649        -1.39084313      7.63619216      3.34004437
3492  649        -1.35352822      7.67989946      3.32566141
3493  649        -1.31988940      7.71492435      3.30718778
3494  649        -1.30643536      7.71956100      3.28961244
3495  649        -1.31533664      7.69938853      3.27844801
3496  649        -1.35613807      7.66996325      3.25148349
3497  649        -1.41462503      7.63398610      3.22158967
3498  649        -1.46107679      7.57971111      3.18602982
3499  649        -1.47291900      7.51753420      3.15780044
3500  649        -1.44143331      7.45939646      3.13865496
3501  649        -1.40494200      7.41312719      3.13472584
3502  649        -1.39455847      7.39537487      3.13579176
3503  649        -1.39792680      7.39761527      3.13672139
3504  649        -1.40644639      7.41287141      3.14622903
3505  649        -1.40999670      7.41853439      3.19042096
3506  649        -1.41282009      7.41021876      3.27201850
3507  649        -1.42359074      7.39443061      3.34805323
3508  649        -1.43957501      7.37716541      3.38943157
3509  649        -1.44053466      7.34856070      3.39418393
3510  649        -1.42882552      7.30943873      3.39235705
3511  649        -1.40573919      7.30952108      3.37429289
3512  649        -1.38144722      7.36153175      3.33370541
3513  649        -1.35568448      7.42739949      3.30495679
3514  649        -1.32149316      7.45507356      3.30642093
3515  649        -1.27274932      7.43083795      3.32569302
3516  649        -1.20490587      7.39060961      3.34408184
3517  649        -1.12942574      7.35823387      3.36035260
3518  649        -1.06657800      7.34842158      3.39083270
3519  649        -1.02097697      7.36483565      3.42757394
3520  649        -0.97108803      7.38133270      3.45672330
3521  649        -0.91612236      7.40571481      3.47962475
3522  649        -0.86697049      7.42558398      3.49788653
3523  649        -0.83470066      7.40998399      3.52001934
3524  649        -0.81820295      7.35635171      3.55920228
3525  649        -0.82397264      7.31457283      3.64197461
3526  649        -0.84899368      7.32158898      3.74367393
3527  649        -0.87335361      7.35343427      3.80725890
3528  649        -0.88025494      7.38873640      3.79794071
3529  649        -0.85819857      7.42095138      3.74525809
3530  649        -0.81000904      7.43500710      3.68183334
3531  649        -0.76675880      7.43192530      3.61950888
3532  649        -0.75818481      7.43485462      3.56858591
3533  649        -0.78509182      7.47108055      3.54413019
3534  649        -0.84033144      7.52476720      3.53149054
3535  649        -0.91074162      7.56760818      3.51623912
3536  649        -0.98978167      7.58095923      3.49375188
3537  649        -1.06827228      7.57590515      3.46118183
3538  649        -1.12527215      7.57361638      3.41738913
3539  649        -1.16794567      7.56915704      3.35974560
3540  649        -1.18649271      7.56410074      3.29060255
3541  649        -1.17392878      7.58494510      3.21655880
3542  649        -1.12060831      7.63568967      3.15269013
3543  649        -1.04990415      7.68242308      3.12293938
3544  649        -1.01376795      7.69199447      3.11813178
3545  649        -1.02754710      7.65785556      3.12903274
3546  649        -1.05973426      7.58567788      3.14770151
3547  649        -1.09056329      7.49852883      3.16246551
3548  649        -1.12423569      7.40588634      3.15515406
3549  649        -1.16811851      7.33005688      3.12414926
3550  649        -1.22231755      7.27816675      3.10356964
3551  649        -1.28039516      7.27281450      3.12387384
3552  649        -1.32735627      7.30984411      3.17268523
3553  649        -1.34437990      7.35174587      3.22377789
3554  649        -1.33664153      7.38288431      3.25607376
3555  649        -1.32964857      7.39978975      3.26622554
3556  649        -1.34412035      7.39354316      3.25807970
3557  649        -1.38827770      7.34115366      3.24920910
3558  649        -1.45929271      7.25825614      3.25904520
3559  649        -1.55594049      7.15072331      3.28723124
3560  649        -1.67371909      7.05534749      3.31329059
3561  649        -1.77989565      7.01665024      3.31543557
3562  649        -1.85611400      7.05083807      3.31385040
3563  649        -1.90472094      7.11779589      3.33440262
3564  649        -1.93360084      7.17675403      3.35987973
3565  649        -1.94898613      7.19518920      3.36133091
3566  649        -1.96522460      7.17763212      3.33990738
3567  649        -2.00360209      7.15723234      3.31368842
3568  649        -2.04801156      7.13938672      3.30062272
3569  649        -2.08617924      7.11804708      3.29081804
3570  649        -2.11630762      7.09619771      3.25196944
3571  649        -2.12844320      7.06957792      3.16778924
3572  649        -2.11182294      7.02900259      3.08389716
3573  649        -2.08580583      6.99085196      3.02248084
3574  649        -2.08569621      6.98105296      2.98643365
3575  649        -2.10466871      6.99430362      3.00066062
3576  649        -2.12261038      7.00235885      3.06063585
3577  649        -2.16820524      7.00350038      3.13939970
3578  649        -2.22535860      6.98109966      3.20384228
3579  649        -2.25418603      6.95834835      3.25005604
3580  649        -2.22843260      6.94047178      3.26768045
3581  649        -2.16898855      6.91637571      3.26392543
3582  649        -2.11819913      6.88924772      3.26342822
3583  649        -2.09360051      6.86413451      3.28681631
3584  649        -2.08116217      6.82735499      3.31533370
3585  649        -2.06662964      6.79718152      3.34683853
3586  649        -2.06108980      6.82017107      3.38566675
3587  649        -2.04867371      6.88062659      3.43022107
3588  649        -2.04167777      6.95853191      3.46708004
3589  649        -2.04831780      7.02112738      3.48506060
3590  649        -2.05934229      7.05860640      3.49977441
3591  649        -2.08369979      7.08961784      3.52819455
3592  649        -2.13992077      7.14511175      3.56319856
3593  649        -2.18989716      7.20218284      3.61137526
3594  649        -2.19221951      7.22499684      3.66441568
3595  649        -2.17410488      7.22347399      3.71805048
3596  649        -2.17536350      7.22938907      3.78637555
3597  649        -2.19553021      7.24082391      3.86590880
3598  649        -2.20734811      7.23272247      3.92280531
3599  649        -2.22298263      7.21084014      3.92140519
3600  649        -2.25056117      7.16881006      3.89104025
3601  649        -2.28602439      7.11551222      3.84143491
3602  649        -2.30367055      7.05713670      3.78140561
3603  649        -2.30947322      7.00902642      3.71440533
3604  649        -2.34463379      6.98089206      3.65301152
3605  649        -2.42446174      6.97600224      3.62110562
3606  649        -2.50788449      6.97696864      3.61488410
3607  649        -2.55333888      6.97445759      3.59252177
3608  649        -2.56820636      6.97705645      3.54490409
3609  649        -2.57525403      6.96900995      3.49810484
3610  649        -2.58516020      6.94413037      3.43241980
3611  649        -2.58267520      6.88990085      3.30557091
3612  649        -2.56922332      6.83140470      3.15137240
3613  649        -2.53837402      6.79841423      2.98797718
3614  649        -2.50823294      6.77459470      2.84666221
3615  649        -2.48736402      6.73496787      2.70986306
3616  649        -2.49402506      6.67791502      2.59709957
3617  649        -2.55538522      6.61176098      2.52909336
3618  649        -2.63460934      6.53516537      2.50517759
3619  649        -2.69157405      6.45506545      2.51165322
3620  649        -2.71286051      6.38728978      2.51506219
3621  649        -2.70843543      6.34716225      2.51296239
3622  649        -2.70824883      6.33450431      2.48627487
3623  649        -2.71237657      6.33291967      2.45897520
3624  649        -2.74876624      6.34834155      2.43168753
3625  649        -2.82167671      6.37019399      2.40728245
3626  649        -2.89823593      6.37409922      2.37446054
3627  649        -2.92871242      6.36344383      2.31874006
3628  649        -2.89614705      6.33204006      2.24911504
3629  649        -2.85571358      6.27059966      2.19917246
3630  649        -2.84865763      6.21776207      2.18511772
3631  649        -2.89699171      6.21678498      2.20545190
3632  649        -2.96007640      6.25526785      2.24077737
3633  649        -3.01001253      6.32389229      2.25562643
3634  649        -3.04719447      6.40196188      2.24718324
3635  649        -3.09301306      6.48191794      2.22336833
3636  649        -3.14414784      6.53945299      2.19823450
3637  649        -3.17929220      6.58434066      2.18098557
3638  649        -3.18660943      6.59609767      2.18086676
3639  649        -3.17268845      6.58806153      2.19849001
3640  649        -3.14198704      6.57325178      2.20539020
3641  649        -3.10346829      6.55420600      2.18716464
3642  649        -3.08594771      6.54999273      2.16842757
3643  649        -3.12005592      6.56500035      2.17569418
3644  649        -3.19375956      6.62262831      2.19333082
3645  649        -3.26542717      6.69287272      2.21843105
3646  649        -3.31100800      6.74972205      2.25663033
3647  649        -3.32454478      6.78618280      2.27338401
3648  649        -3.31382293      6.81409230      2.26660037
3649  649        -3.28158262      6.83633994      2.24124498
3650  649        -3.26636536      6.85188437      2.22523126
3651  649        -3.28685301      6.85802744      2.21087172
3652  649        -3.33411615      6.85393170      2.20944329
3653  649        -3.36157956      6.85255754      2.21848666
3654  649        -3.34522495      6.87096247      2.22930180
3655  649        -3.30299428      6.93797940      2.24755200
3656  649        -3.26368859      7.00397784      2.27850062
3657  649        -3.23610324      7.02712204      2.32699550
3658  649        -3.20761732      7.00835481      2.37106114
3659  649        -3.18491697      6.98941517      2.40589042
3660  649        -3.17124340      6.98630155      2.42950408
3661  649        -3.16473605      6.96215879      2.46509573
3662  649        -3.16064489      6.91098260      2.51998527
3663  649        -3.18294180      6.84740925      2.56241406
3664  649        -3.24437719      6.81018360      2.58587105
3665  649        -3.31308756      6.81019163      2.61735436
3666  649        -3.36422262      6.83326414      2.65898096
3667  649        -3.39227667      6.87279258      2.70988054
3668  649        -3.40967532      6.93133506      2.76780104
3669  649        -3.39960188      6.96081595      2.81990218
3670  649        -3.36320728      6.93212395      2.84740598
3671  649        -3.31439633      6.89384438      2.85666101
3672  649        -3.28925682      6.88690607      2.84054735
3673  649        -3.27078015      6.88544162      2.79856956
3674  649        -3.29565704      6.88057516      2.74883430
3675  649        -3.36706152      6.88039365      2.70753506
3676  649        -3.42931720      6.88565344      2.68803798
3677  649        -3.43871644      6.89600650      2.67127343
3678  649        -3.41155421      6.90289306      2.64632152
3679  649        -3.38050811      6.91594936      2.61383503
3680  649        -3.34162893      6.92498512      2.61215475
3681  649        -3.30823354      6.91062234      2.64130037
3682  649        -3.27506955      6.88165308      2.68116824
3683  649        -3.26789381      6.84885994      2.71922941
3684  649        -3.29315577      6.82228578      2.75397300
3685  649        -3.36316002      6.81192919      2.79492011
3686  649        -3.44620397      6.82535447      2.84413304
3687  649        -3.50880860      6.83660223      2.89256778
3688  649        -3.54877762      6.81432940      2.90586435
3689  649        -3.55961204      6.77962488      2.89956683
3690  649        -3.55954072      6.76700599      2.90379954
3691  649        -3.55581728      6.78686265      2.92035521
3692  649        -3.54011033      6.82491625      2.92885599
3693  649        -3.48597338      6.84506785      2.92362195
3694  649        -3.43304481      6.83306707      2.92206519
3695  649        -3.40402651      6.82460797      2.94029943
3696  649        -3.42012118      6.83366696      2.96090429
3697  649        -3.44441502      6.83311206      2.94175108
3698  649        -3.43792918      6.80796594      2.89759224
3699  649        -3.44156551      6.79211513      2.84050110
3700  649        -3.45050180      6.79372132      2.79258812
3701  649        -3.46703378      6.80958649      2.74551366
3702  649        -3.45279708      6.83962421      2.70071688
3703  649        -3.39676711      6.89867893      2.66823499
3704  649        -3.31568946      6.98410665      2.67005071
3705  649        -3.24229003      7.07381637      2.69188977
3706  649        -3.19192706      7.15891111      2.71403865
3707  649        -3.16481330      7.23433493      2.73056868
3708  649        -3.15724406      7.29021845      2.73099530
3709  649        -3.17964066      7.30783576      2.70668531
3710  649        -3.22120778      7.29816554      2.66238249
3711  649        -3.25823919      7.29575648      2.62241265
3712  649        -3.29628358      7.30233104      2.58535889
3713  649        -3.32990893      7.29356830      2.55139516
3714  649        -3.34822134      7.27828910      2.52093537
3715  649        -3.33237187      7.26893171      2.51094477
3716  649        -3.31376376      7.24718846      2.51328090
3717  649        -3.30597474      7.19527937      2.52215796
3718  649        -3.29913849      7.12745813      2.53697276
3719  649        -3.28123496      7.07960760      2.55626790
3720  649        -3.28356586      7.05108310      2.57725393
3721  649        -3.30911780      7.03567744      2.60096289
3722  649        -3.32285789      7.01358879      2.62629602
3723  649        -3.30980371      6.97544955      2.64446834
3724  649        -3.26406524      6.94678804      2.65786136
3725  649        -3.22802384      6.95111189      2.66516644
3726  649        -3.21564379      6.98753274      2.67064501
3727  649        -3.22777694      7.03188423      2.64524209
3728  649        -3.27439056      7.05618078      2.59603694
3729  649        -3.35440649      7.03123013      2.55710894
3730  649        -3.44744851      6.96599877      2.53823055
3731  649        -3.53362974      6.90145113      2.53368188
3732  649        -3.62371892      6.87775348      2.53204104
3733  649        -3.71955520      6.88425122      2.53915352
3734  649        -3.82008071      6.90159465      2.55858683
3735  649        -3.92183912      6.90747662      2.59380062
3736  649        -4.00903706      6.88813601      2.63137198
3737  649        -4.06621696      6.85824646      2.66341106
3738  649        -4.09841848      6.82308868      2.70287460
3739  649        -4.16827655      6.81325110      2.74330136
3740  649        -4.29150146      6.82308655      2.78578860
3741  649        -4.42394023      6.83940015      2.81747373
3742  649        -4.50801204      6.85410969      2.85911966
3743  649        -4.54415077      6.85467705      2.91317866
3744  649        -4.56986954      6.84267811      2.96272096
3745  649        -4.60524509      6.84101665      2.98869059
3746  649        -4.66301886      6.85726953      2.99954271
3747  649        -4.72693047      6.84804658      3.00326240
3748  649        -4.78632448      6.81369809      2.98113081
3749  649        -4.84100656      6.75736280      2.96094486
3750  649        -4.90501591      6.69890113      2.93513732
3751  649        -4.97353898      6.62949305      2.89856079
3752  649        -5.04646916      6.56325665      2.87294867
3753  649        -5.09539981      6.51879390      2.86794932
3754  649        -5.12107977      6.51349287      2.87321551
3755  649        -5.13269061      6.51640555      2.88165587
3756  649        -5.14043262      6.52041549      2.88712633
3757  649        -5.14406021      6.53720210      2.89926351
3758  649        -5.13894208      6.54748544      2.91101197
3759  649        -5.13747334      6.54245820      2.91527312
3760  649        -5.12097470      6.49484215      2.89808754
3761  649        -5.10429002      6.42205247      2.84137377
3762  649        -5.08933806      6.32574862      2.76846090
3763  649        -5.09926099      6.23214836      2.68263574
3764  649        -5.10584588      6.17759386      2.60511142
3765  649        -5.11233137      6.19947025      2.53411554
3766  649        -5.13389641      6.27838250      2.45032860
3767  649        -5.16896313      6.37802387      2.36846953
3768  649        -5.22621515      6.42973685      2.31906470
3769  775        -4.02361148      7.81988796      0.70163344
3770  775        -4.02411910      7.86953640      0.66154904
3771  775        -4.03503493      7.90560731      0.64026095
3772  775        -4.06141299      7.90513192      0.64202234
3773  775        -4.10406046      7.86422970      0.64292800
3774  775        -4.13554002      7.79697259      0.62793471
3775  775        -4.14376029      7.71696037      0.58629509
3776  775        -4.14384532      7.66252598      0.51630991
3777  775        -4.16079803      7.62322200      0.47047385
3778  775        -4.18901141      7.58157620      0.45144559
3779  775        -4.22554555      7.53511817      0.45524460
3780  775        -4.26720075      7.49211902      0.47922612
3781  775        -4.31285440      7.45944575      0.54830182
3782  775        -4.35809404      7.42083704      0.63641687
3783  775        -4.40323277      7.38917310      0.67429714
3784  775        -4.41374156      7.35823193      0.64712913
3785  775        -4.39835521      7.32762962      0.60142867
3786  775        -4.38814037      7.28437654      0.58270661
3787  775        -4.38471697      7.24315657      0.57800524
3788  775        -4.37919647      7.20040389      0.58462454
3789  775        -4.36915085      7.15814399      0.60719364
3790  775        -4.36278552      7.11034931      0.64833499
3791  775        -4.33692413      7.03735919      0.69835263
3792  775        -4.27621635      6.95471622      0.71740733
3793  775        -4.20330929      6.90512041      0.67001389
3794  775        -4.15123020      6.90216073      0.58179501
3795  775        -4.12142996      6.89633105      0.52177066
3796  775        -4.10995894      6.86122988      0.53324172
3797  775        -4.10745738      6.79388826      0.58988337
3798  775        -4.12440992      6.70063269      0.64455803
3799  775        -4.15778589      6.60212110      0.68381445
3800  775        -4.18178638      6.51973734      0.71297690
3801  775        -4.19609574      6.47224435      0.75041441
3802  775        -4.19825973      6.45566418      0.79971899
3803  775        -4.17786636      6.43604935      0.86373687
3804  775        -4.13419408      6.40103494      0.92519831
3805  775        -4.08823107      6.35790575      0.95965615
3806  775        -4.05635812      6.31438247      0.97693376
3807  775        -4.04991521      6.27477858      0.99824403
3808  775        -4.07385334      6.22514360      1.02873351
3809  775        -4.12660900      6.16585074      1.07266493
3810  775        -4.19248981      6.09063646      1.11689830
3811  775        -4.25999414      5.99373018      1.14709567
3812  775        -4.30967208      5.90221008      1.15385326
3813  775        -4.34834913      5.85070549      1.13926093
3814  775        -4.38454936      5.83144378      1.13633614
3815  775        -4.43454400      5.82961318      1.14146559
3816  775        -4.46774492      5.83637910      1.13433197
3817  775        -4.46846459      5.83207907      1.10039807
3818  775        -4.46048937      5.80909683      1.06150171
3819  775        -4.46045773      5.78074135      1.02234109
3820  775        -4.47135009      5.75644612      0.98552332
3821  775        -4.49319027      5.74881060      0.95461611
3822  775        -4.53022622      5.76456216      0.93443864
3823  775        -4.56326962      5.77350525      0.90512217
3824  775        -4.57462607      5.76319814      0.85161709
3825  775        -4.57583802      5.73150829      0.82371250
3826  775        -4.58603073      5.68485183      0.84640002
3827  775        -4.58597119      5.63784136      0.89256538
3828  775        -4.55921741      5.59752831      0.91240337
3829  775        -4.51923278      5.56369038      0.90114380
3830  775        -4.49060905      5.55234801      0.88409489
3831  775        -4.48716140      5.57678593      0.87477498
3832  775        -4.50861784      5.62789478      0.85527708
3833  775        -4.55013557      5.68960811      0.82539298
3834  775        -4.60199082      5.75311088      0.78791262
3835  775        -4.67422082      5.78547165      0.74075853
3836  775        -4.78391391      5.78633755      0.69407890
3837  775        -4.90771326      5.79289413      0.65309890
3838  775        -5.02382797      5.81638630      0.65420985
3839  775        -5.10213277      5.84783525      0.68003883
3840  775        -5.12961935      5.88469966      0.70198525
3841  775        -5.11366767      5.92843757      0.70665298
3842  775        -5.08938953      5.96607741      0.70986865
3843  775        -5.05106348      5.99314160      0.71767880
3844  775        -5.02211451      6.00557767      0.71940249
3845  775        -4.99508248      5.98422044      0.70430422
3846  775        -4.98121315      5.92897015      0.67946268
3847  775        -5.00294726      5.87625610      0.66392130
3848  775        -5.06925102      5.84996177      0.66170934
3849  775        -5.14641246      5.86069069      0.66112666
3850  775        -5.18516294      5.89681041      0.67409357
3851  775        -5.18781300      5.94923776      0.71810842
3852  775        -5.15220479      6.01103843      0.79972873
3853  775        -5.10409931      6.06908082      0.87595391
3854  775        -5.06689039      6.12036598      0.88988536
3855  775        -5.07562575      6.16724694      0.83848456
3856  775        -5.12564715      6.20388277      0.76655376
3857  775        -5.14799969      6.24127404      0.70637510
3858  775        -5.13343140      6.28906569      0.66777669
3859  775        -5.10757085      6.34089597      0.64181817
3860  775        -5.08652124      6.40265922      0.61996089
3861  775        -5.07460665      6.47775520      0.60333891
3862  775        -5.06989114      6.54855733      0.59384238
3863  775        -5.07907622      6.58196010      0.62891855
3864  775        -5.08838007      6.57629815      0.70867224
3865  775        -5.09580961      6.54344004      0.80119467
3866  775        -5.12007187      6.49038732      0.87287758
3867  775        -5.16570321      6.42858400      0.91165240
3868  775        -5.21513864      6.37776755      0.90695654
3869  775        -5.25935835      6.33885773      0.87755461
3870  775        -5.28353232      6.30925449      0.82984667
3871  775        -5.28670712      6.27826665      0.76796110
3872  775        -5.26582299      6.24876758      0.70991976
3873  775        -5.22222142      6.26234629      0.67163820
3874  775        -5.15750671      6.31190293      0.63855539
3875  775        -5.08908889      6.34877499      0.60996882
3876  775        -5.03225379      6.35123938      0.59883248
3877  775        -5.00329023      6.31918445      0.60547933
3878  775        -4.99047390      6.28017342      0.60465128
3879  775        -4.99318602      6.26174761      0.59233886
3880  775        -5.00787499      6.24880828      0.56566659
3881  775        -5.02679591      6.22267306      0.53615155
3882  775        -5.01512994      6.19847991      0.50213538
3883  775        -4.95118748      6.19014552      0.45903660
3884  775        -4.84928726      6.18213430      0.39827628
3885  775        -4.75214710      6.18585947      0.32621681
3886  775        -4.68107687      6.20494817      0.27181267
3887  775        -4.64593187      6.22486993      0.23869421
3888  775        -4.61236870      6.21918963      0.22846874
3889  775        -4.57246217      6.18445856      0.21825415
3890  775        -4.54486618      6.13192487      0.17538153
3891  775        -4.54031943      6.09044120      0.09063395
3892  775        -4.55391118      6.06485971     -0.01266784
3893  775        -4.55135554      6.04465125     -0.10851760
3894  775        -4.51439579      6.02555872     -0.18434803
3895  775        -4.47594672      6.01099065     -0.24112497
3896  775        -4.44838889      6.00936208     -0.28893818
3897  775        -4.43070455      6.01437245     -0.33931813
3898  775        -4.40836149      6.03758539     -0.38196406
3899  775        -4.37512335      6.06143299     -0.40618567
3900  775        -4.35383676      6.07542117     -0.41824279
3901  775        -4.34914156      6.08352912     -0.41808184
3902  775        -4.36430941      6.08066193     -0.41115653
3903  775        -4.39173545      6.07391031     -0.39831674
3904  775        -4.42982788      6.08187624     -0.38239716
3905  775        -4.45363695      6.09416073     -0.37190957
3906  775        -4.43989772      6.07799901     -0.36727884
3907  775        -4.38479702      6.02459661     -0.35389513
3908  775        -4.34492989      5.96348639     -0.34666673
3909  775        -4.34430503      5.92847074     -0.35325541
3910  775        -4.34376461      5.90368570     -0.38046297
3911  775        -4.32678811      5.87065354     -0.41034285
3912  775        -4.30075000      5.84341026     -0.42734250
3913  775        -4.26937637      5.82812313     -0.42652238
3914  775        -4.20951809      5.81023535     -0.41980139
3915  775        -4.12323175      5.77616095     -0.40204749
3916  775        -4.05446552      5.72820415     -0.36173266
3917  775        -4.04127526      5.66374960     -0.30952425
3918  775        -4.06538548      5.56252509     -0.26307565
3919  775        -4.11830706      5.45874398     -0.21493899
3920  775        -4.17607624      5.37417524     -0.15123526
3921  775        -4.21381141      5.30805205     -0.08462231
3922  775        -4.21988066      5.26355750     -0.01558919
3923  775        -4.22373525      5.23157349      0.04572817
3924  775        -4.24327307      5.19218036      0.09143186
3925  775        -4.30283698      5.14378616      0.12383890
3926  775        -4.38018299      5.12195503      0.14594584
3927  775        -4.42820778      5.12977904      0.16521712
3928  775        -4.44804382      5.14657711      0.18117213
3929  775        -4.46275811      5.15720954      0.20251503
3930  775        -4.49604520      5.15666086      0.23737911
3931  775        -4.52281237      5.12672221      0.28389799
3932  775        -4.53553348      5.06650448      0.33051890
3933  775        -4.54339828      4.98335897      0.40519489
3934  775        -4.53652835      4.92680459      0.47869072
3935  775        -4.50342015      4.88973852      0.52977753
3936  775        -4.46316397      4.86170639      0.55643217
3937  775        -4.45640616      4.82696212      0.57104152
3938  775        -4.48796873      4.79357466      0.58381155
3939  775        -4.53626356      4.75079429      0.59711735
3940  775        -4.60759668      4.69569514      0.61388408
3941  775        -4.68329780      4.63274643      0.63332707
3942  775        -4.71001595      4.56904692      0.65220177
3943  775        -4.69484733      4.51399881      0.69306805
3944  775        -4.68119744      4.46968358      0.76342690
3945  775        -4.67858270      4.43006492      0.81413372
3946  775        -4.67012594      4.39479169      0.86684737
3947  775        -4.65014338      4.36748989      0.88617222
3948  775        -4.61385655      4.34322235      0.84168863
3949  775        -4.59200740      4.30871182      0.76706835
3950  775        -4.58840406      4.25295625      0.69357697
3951  775        -4.60124818      4.20378108      0.61878873
3952  775        -4.60869799      4.17252816      0.55426667
3953  775        -4.62352454      4.17163670      0.51570018
3954  775        -4.64456354      4.20022286      0.51410634
3955  775        -4.64599381      4.23185423      0.54313665
3956  775        -4.64096153      4.25961573      0.57972780
3957  775        -4.65584056      4.26328291      0.60082099
3958  775        -4.71212399      4.22399127      0.60742491
3959  775        -4.80883930      4.17148642      0.62021421
3960  775        -4.89559106      4.14896742      0.64826498
3961  775        -4.94755865      4.16629137      0.70490928
3962  775        -4.98817474      4.19783625      0.77867612
3963  775        -5.02991283      4.20817828      0.84548304
3964  775        -5.07737151      4.19513998      0.89699585
3965  775        -5.12553514      4.16047743      0.93335202
3966  775        -5.17661048      4.09716664      0.96703800
3967  775        -5.22836680      4.03690306      0.99406653
3968  775        -5.28360284      3.98842905      0.99683487
3969  775        -5.30914434      3.96368664      0.98454780
3970  775        -5.30858909      3.95785022      0.98407941
3971  775        -5.29268688      3.98327122      1.01332216
3972  775        -5.26091784      4.04437167      1.07879069
3973  775        -5.22406049      4.13258079      1.14107349
3974  775        -5.19938526      4.21825087      1.18879862
3975  775        -5.19808214      4.27545768      1.22619763
3976  775        -5.21988288      4.31051603      1.27748702
3977  775        -5.26502513      4.30711196      1.34287044
3978  775        -5.29948549      4.26739925      1.37866601
3979  775        -5.32701857      4.22430548      1.38123717
3980  775        -5.36006580      4.20498855      1.38135701
3981  775        -5.37506226      4.20539768      1.40237163
3982  775        -5.35984579      4.20609378      1.43121676
3983  775        -5.30976909      4.21573113      1.44315660
3984  775        -5.26157863      4.19184821      1.43746494
3985  775        -5.23917406      4.09760961      1.42114444
3986  775        -5.23186944      3.96134314      1.39286840
3987  775        -5.22614699      3.83563440      1.36696251
3988  775        -5.22551965      3.73464130      1.34222819
3989  775        -5.23779524      3.66415453      1.32865771
3990  775        -5.26287567      3.61715939      1.31772763
3991  775        -5.28156706      3.62230623      1.30803871
3992  775        -5.30165455      3.68434845      1.29786426
3993  775        -5.32086142      3.75639304      1.30515517
3994  775        -5.32352518      3.82717045      1.34288152
3995  775        -5.30101234      3.91532434      1.39202764
3996  775        -5.27051316      4.01242079      1.44784938
3997  775        -5.25717616      4.08647492      1.48013810
3998  775        -5.26446832      4.12801787      1.48844575
3999  775        -5.28863049      4.11247398      1.49460838
4000  775        -5.29341097      4.05646437      1.52456649
4001  775        -5.30621476      3.98590500      1.54805503
4002  775        -5.32886055      3.93789797      1.55184020
4003  775        -5.34676920      3.91640114      1.54719991
4004  775        -5.35888496      3.90998431      1.56011084
4005  775        -5.38732331      3.92933779      1.60211479
4006  775        -5.43759025      3.97417065      1.65638052
4007  775        -5.49490678      4.02602485      1.69186441
4008  775        -5.55175302      4.04637515      1.70027211
4009  775        -5.58797648      4.00446556      1.68241267
4010  775        -5.59625867      3.89757514      1.63868673
4011  775        -5.58678604      3.77995978      1.61009354
4012  775        -5.57236428      3.67632725      1.58903473
4013  775        -5.56406715      3.59957898      1.55986792
4014  775        -5.58715617      3.54801849      1.51155189
4015  775        -5.61397602      3.51031943      1.47485875
4016  775        -5.65336951      3.47506071      1.47087849
4017  775        -5.69546924      3.42800769      1.48645668
4018  775        -5.75014528      3.39654278      1.50326035
4019  775        -5.82694278      3.37544437      1.50205716
4020  775        -5.91946242      3.36125840      1.49593653
4021  775        -6.00895834      3.35571376      1.48949556
4022  775        -6.08297387      3.35702539      1.46417025
4023  775        -6.13851528      3.33402382      1.41023669
4024  775        -6.18333172      3.27842428      1.36735448
4025  775        -6.22938152      3.20993190      1.37673069
4026  775        -6.26464932      3.14939211      1.40951707
4027  775        -6.29275240      3.10772117      1.45240060
4028  775        -6.30222288      3.07911102      1.47061227
4029  775        -6.30822985      3.06341820      1.47462162
4030  775        -6.32248588      3.03177513      1.48038387
4031  775        -6.32474829      2.98118315      1.47278929
4032  775        -6.32477379      2.93816183      1.44368656
4033  775        -6.29690127      2.91709222      1.41958330
4034  775        -6.24631030      2.88794856      1.41589583
4035  775        -6.18511316      2.84241674      1.41847921
4036  775        -6.13245137      2.79883315      1.41426218
4037  775        -6.07283446      2.77488349      1.39794649
4038  775        -5.99948924      2.80496613      1.41302656
4039  775        -5.91020044      2.87307133      1.47133154
4040  775        -5.82001376      2.95717354      1.53632720
4041  775        -5.75088770      3.03321682      1.57610865
4042  775        -5.70401677      3.05859656      1.56372062
4043  775        -5.68244253      3.04363366      1.49792907
4044  775        -5.68067284      3.03480670      1.41041348
4045  775        -5.69083056      3.06037491      1.33887438
4046  775        -5.70315469      3.12442741      1.31342013
4047  775        -5.69282514      3.20387143      1.32408865
4048  775        -5.65493055      3.27639359      1.33653044
4049  775        -5.60972501      3.31706345      1.34388355
4050  775        -5.57722404      3.33005520      1.36336756
4051  775        -5.54965795      3.32875620      1.38806252
4052  775        -5.52122018      3.34682600      1.41373098
4053  775        -5.50743530      3.40361629      1.43569857
4054  775        -5.50459191      3.46490660      1.45179641
4055  775        -5.50499425      3.49866420      1.44980940
4056  775        -5.49146222      3.52969595      1.42842300
4057  775        -5.46669596      3.57790680      1.39279737
4058  775        -5.44769026      3.61497475      1.36861264
4059  775        -5.45913448      3.62298973      1.34298868
4060  775        -5.46257352      3.61855030      1.31259521
4061  775        -5.45303036      3.61855725      1.27872160
4062  775        -5.46873534      3.62592283      1.25620172
4063  775        -5.52997777      3.65171568      1.25803615
4064  775        -5.59764330      3.68746310      1.25648085
4065  775        -5.62582149      3.70552072      1.24862839
4066  775        -5.61616992      3.70295320      1.21014971
4067  775        -5.59941318      3.68493151      1.14649650
4068  775        -5.58593681      3.66780023      1.06193548
4069  775        -5.56430473      3.66144991      0.97139156
4070  775        -5.54146190      3.68443584      0.91047361
4071  775        -5.52697956      3.71568111      0.89261597
4072  775        -5.52298933      3.72506572      0.89663591
4073  775        -5.53173157      3.69625065      0.88789798
4074  775        -5.56669981      3.65027644      0.89098568
4075  775        -5.62109426      3.59972689      0.89866243
4076  775        -5.68178205      3.55711697      0.90365465
4077  775        -5.72438001      3.53807417      0.90626724
4078  775        -5.74622431      3.52513238      0.90427264
4079  775        -5.75602212      3.53043241      0.87556832
4080  775        -5.77914873      3.54930689      0.81802720
4081  775        -5.79768187      3.56330467      0.77590854
4082  775        -5.79103871      3.53151677      0.78461824
4083  775        -5.76994993      3.47341277      0.81730464
4084  775        -5.74601340      3.43372334      0.82795339
4085  775        -5.74245625      3.43787969      0.81835187
4086  775        -5.73338749      3.46353224      0.81159013
4087  775        -5.71878594      3.50005686      0.81093873
4088  775        -5.70936111      3.55077864      0.78686147
4089  775        -5.70234669      3.61073834      0.73908085
4090  775        -5.67249376      3.66808607      0.68143907
4091  775        -5.63907313      3.71307006      0.65817735
4092  775        -5.60728825      3.73131122      0.66322920
4093  775        -5.56555240      3.72935710      0.68944240
4094  775        -5.51084073      3.71757612      0.71632828
4095  775        -5.46760342      3.68671740      0.73623003
4096  775        -5.44664849      3.64313709      0.74118046
4097  775        -5.41796140      3.63358921      0.73077690
4098  775        -5.37813721      3.66382389      0.71715842
4099  775        -5.33034167      3.71036385      0.68545274
4100  775        -5.30263805      3.73537593      0.65173078
4101  775        -5.27353204      3.73640520      0.61409385
4102  775        -5.24600997      3.74253745      0.59723867
4103  775        -5.20810361      3.75182768      0.59332322
4104  775        -5.17041971      3.74921319      0.63230891
4105  775        -5.11859788      3.71137299      0.71861125
4106  775        -5.03854906      3.64898910      0.83445977
4107  775        -4.94772895      3.59145035      0.94177260
4108  775        -4.87107576      3.53513149      0.98766939
4109  775        -4.78859168      3.50310332      1.01008322
4110  775        -4.72300935      3.47636265      1.00455736
4111  775        -4.70264287      3.45375852      0.97824052
4112  775        -4.70775469      3.45662860      0.96369984
4113  775        -4.73000231      3.46713427      0.98229127
4114  775        -4.76285535      3.46659242      1.01598525
4115  775        -4.78936905      3.46963611      1.05277067
4116  775        -4.80484018      3.49372833      1.09031028
4117  775        -4.80112358      3.49840436      1.12980202
4118  775        -4.78007816      3.46972302      1.15133844
4119  775        -4.73123294      3.41682972      1.15069638
4120  775        -4.66752099      3.36540276      1.13545574
4121  775        -4.60506134      3.31444200      1.12678139
4122  775        -4.56361075      3.28074792      1.13168716
4123  775        -4.55022829      3.27556235      1.17668769
4124  775        -4.55488859      3.29191397      1.25445469
4125  775        -4.56852140      3.30852951      1.32254897
4126  775        -4.57646278      3.30311925      1.35640546
4127  775        -4.54497810      3.27108284      1.33705810
4128  775        -4.46538313      3.22409974      1.28532502
4129  775        -4.36736402      3.19988582      1.21932157
4130  775        -4.27326009      3.18943436      1.15862807
4131  775        -4.19778421      3.18679839      1.12845211
4132  775        -4.14696210      3.19885016      1.11140209
4133  775        -4.12474973      3.23282399      1.09522123
4134  775        -4.11967904      3.27027948      1.07799172
4135  775        -4.13259646      3.30194195      1.08834651
4136  775        -4.15506716      3.32888987      1.11392702
4137  775        -4.17174329      3.35034409      1.11912372
4138  775        -4.18102435      3.36526941      1.08293075
4139  775        -4.17804107      3.38346611      1.02374791
4140  775        -4.16207769      3.41240660      0.95421493
4141  775        -4.13812354      3.43819700      0.90262758
4142  775        -4.10665923      3.46713790      0.88800852
4143  775        -4.07569879      3.50010420      0.92863170
4144  775        -4.07166171      3.53360405      1.00113840
4145  775        -4.09797723      3.56640699      1.07539637
4146  775        -4.13646506      3.60059933      1.14207098
4147  775        -4.16485998      3.62424647      1.18868323
4148  775        -4.17447746      3.63358565      1.23347141
4149  775        -4.16855569      3.62474143      1.27473061
4150  775        -4.15652733      3.60935786      1.30358606
4151  775        -4.14652519      3.61399598      1.28429329
4152  775        -4.13521617      3.64623170      1.26201980
4153  775        -4.11834550      3.68993936      1.26861095
4154  775        -4.10254916      3.72837417      1.29587336
4155  775        -4.09622318      3.76169226      1.32817360
4156  775        -4.10488345      3.78751446      1.36799318
4157  775        -4.13401218      3.79987928      1.40695108
4158  775        -4.18956620      3.81124602      1.40833436
4159  775        -4.24947686      3.83068564      1.37386196
4160  775        -4.28500025      3.84334509      1.31472451
4161  775        -4.28267424      3.83592102      1.25407782
4162  775        -4.26693698      3.80103283      1.20653170
4163  775        -4.25928627      3.77429919      1.19355732
4164  775        -4.27070072      3.77159537      1.22025785
4165  775        -4.30205715      3.78697720      1.28002904
4166  775        -4.33449951      3.80394905      1.34635574
4167  775        -4.36765643      3.82236866      1.38111670
4168  775        -4.39427487      3.84169515      1.36319994
4169  775        -4.42139066      3.87560815      1.30651926
4170  775        -4.47012826      3.92662596      1.24729525
4171  775        -4.54669834      3.97114897      1.19585784
4172  775        -4.62987567      4.01505804      1.15214538
4173  775        -4.68301785      4.06191528      1.11153239
4174  775        -4.70295821      4.11613006      1.07546640
4175  775        -4.71787419      4.16841348      1.04713284
4176  775        -4.73072020      4.20660117      1.04292338
4177  775        -4.72035207      4.23754740      1.04541467
4178  775        -4.72170285      4.28542358      1.02329805
4179  775        -4.76712153      4.34709212      0.98077671
4180  775        -4.83502516      4.40667888      0.94434773
4181  775        -4.89642206      4.46164668      0.93132280
4182  775        -4.95562751      4.49850702      0.93518869
4183  775        -5.02296561      4.51595507      0.94695426
4184  775        -5.05359846      4.52069295      0.93413482
4185  775        -5.01830873      4.54040943      0.89569396
4186  775        -4.95638819      4.55511794      0.86593272
4187  775        -4.90665650      4.55208038      0.85267411
4188  775        -4.88054980      4.55573515      0.83785766
4189  775        -4.89220578      4.59187602      0.82488605
4190  775        -4.94592477      4.64341737      0.82217273
4191  775        -5.03098246      4.67787169      0.84764619
4192  775        -5.11393194      4.68065184      0.90907259
4193  775        -5.17589886      4.66842125      0.98179738
4194  775        -5.21611139      4.66645116      1.03308621
4195  775        -5.24013440      4.68622873      1.04616098
4196  775        -5.24713908      4.72086949      1.04597659
4197  775        -5.24720301      4.74274692      1.04559811
4198  775        -5.24994831      4.76702238      1.03715977
4199  775        -5.24642977      4.80061250      1.02403848
4200  775        -5.23524849      4.84471033      1.02531849
4201  775        -5.22846624      4.87431064      1.03618795
4202  775        -5.23011580      4.87671089      1.06357419
4203  775        -5.22859520      4.88768456      1.09302698
4204  775        -5.22142108      4.93564378      1.11049710
4205  775        -5.20262277      5.00244911      1.13324407
4206  775        -5.20302593      5.05263765      1.16420213
4207  775        -5.22128087      5.07922194      1.19598510
4208  775        -5.23413357      5.07670451      1.23464052
4209  775        -5.24181798      5.07277828      1.28077394
4210  775        -5.26661362      5.07847188      1.33052010
4211  775        -5.30382233      5.09263350      1.40138346
4212  775        -5.33494176      5.11397105      1.47482468
4213  775        -5.34749849      5.14364743      1.52370114
4214  775        -5.34416784      5.17040653      1.55382265
4215  775        -5.33887608      5.17525580      1.58169958
4216  775        -5.35513315      5.15857355      1.60217873
4217  775        -5.40909546      5.12553938      1.62736880
4218  775        -5.48974279      5.09224737      1.66981330
4219  775        -5.54231527      5.06382309      1.71908595
4220  775        -5.55424570      5.04215975      1.75776304
4221  775        -5.54529404      5.04834840      1.78786083
4222  775        -5.55958949      5.07261039      1.83439606
4223  775        -5.61168197      5.07299074      1.89322667
4224  775        -5.67855854      5.05254754      1.94543278
4225  775        -5.73664868      5.01013403      1.97773869
4226  775        -5.77227396      4.93555632      1.99674217
4227  775        -5.80164478      4.84016815      1.99576611
4228  775        -5.84330151      4.76731798      1.97291406
4229  775        -5.90249730      4.76256547      1.92261926
4230  775        -5.94759062      4.79677236      1.88000149
4231  775        -5.95284819      4.81070500      1.86911924
4232  775        -5.95274650      4.79990559      1.89156527
4233  775        -5.99446544      4.79038163      1.92569540
4234  775        -6.06039373      4.79643798      1.93243003
4235  775        -6.11025043      4.79313059      1.89554233
4236  775        -6.13271180      4.76686388      1.83889660
4237  775        -6.15813546      4.71344967      1.80818005
4238  775        -6.22224434      4.60615499      1.82202419
4239  775        -6.32707047      4.45198482      1.84659565
4240  775        -6.43358481      4.32740657      1.84389369
4241  775        -6.46854950      4.30967877      1.80044762
4242  775        -6.42784676      4.36172203      1.73987822
4243  775        -6.35005162      4.40452273      1.69427603
4244  775        -6.29391498      4.40939783      1.68586935
4245  775        -6.29069199      4.40247489      1.72423030
4246  775        -6.32966801      4.40454365      1.73018614
4247  775        -6.37178686      4.41505119      1.69293660
4248  775        -6.41824505      4.41822356      1.64711114
4249  775        -6.46238677      4.41062340      1.61341767
4250  775        -6.49329210      4.40169656      1.59686177
4251  775        -6.50889062      4.38467732      1.61308945
4252  775        -6.51767758      4.34094801      1.66557264
4253  775        -6.54996213      4.28355775      1.71949844
4254  775        -6.61916399      4.26299397      1.75187819
4255  775        -6.71013505      4.28342108      1.73139444
4256  775        -6.80152540      4.32245261      1.68572285
4257  775        -6.88649027      4.35514900      1.64232501
4258  775        -6.97253380      4.37850544      1.64684986
4259  775        -7.03623449      4.39797260      1.69834633
4260  775        -7.05195858      4.43553439      1.75487778
4261  775        -7.01828206      4.48858349      1.77680831
4262  775        -6.98355976      4.53202247      1.77777411
4263  775        -6.96795302      4.55909980      1.78800787
4264  775        -6.95223885      4.58975404      1.81362812
4265  775        -6.93742723      4.62118896      1.82486083
4266  775        -6.92955675      4.63528726      1.81210075
4267  775        -6.91901998      4.63943789      1.80442455
4268  775        -6.92342229      4.62921199      1.79663244
4269  775        -6.94281550      4.59169857      1.77209049
4270  775        -6.95731006      4.52619130      1.74721788
4271  775        -6.95301063      4.44579546      1.74582540
4272  775        -6.93458915      4.34129022      1.75715237
4273  775        -6.90607244      4.22863391      1.74232514
4274  775        -6.87068720      4.13292035      1.69495177
4275  775        -6.82455647      4.04842015      1.64189534
4276  775        -6.75931887      3.97182666      1.63854164
4277  775        -6.68941857      3.91395127      1.69602430
4278  775        -6.65783508      3.90672074      1.78553791
4279  775        -6.65455702      3.93228494      1.88689716
4280  775        -6.65667722      3.97369240      1.98941291
4281  775        -6.66551594      4.00225764      2.09740933
4282  775        -6.68247566      4.02521808      2.21923148
4283  775        -6.70064074      4.07109534      2.33824989
4284  775        -6.71786179      4.13820989      2.41031142
4285  775        -6.71770788      4.21039662      2.43759330
4286  775        -6.70337440      4.28370798      2.41710922
4287  775        -6.70070137      4.36619985      2.37809403
4288  775        -6.70479965      4.43848510      2.34049529
4289  775        -6.71026268      4.49266169      2.34154580
4290  775        -6.72203662      4.52505018      2.36778960
4291  775        -6.74908539      4.52939233      2.41472335
4292  775        -6.78033215      4.52465868      2.47022788
4293  775        -6.79461319      4.51611495      2.52233568
4294  775        -6.78438493      4.50953966      2.55451817
4295  775        -6.76033273      4.54075510      2.56183054
4296  775        -6.73757571      4.61157536      2.55731672
4297  775        -6.72318316      4.68767134      2.52946010
4298  775        -6.72481940      4.74035491      2.50886325
4299  775        -6.74524810      4.77210125      2.50909160
4300  775        -6.78037635      4.79607689      2.54395276
4301  775        -6.81193059      4.82005973      2.59034544
4302  775        -6.83094456      4.85901265      2.63663381
4303  775        -6.83768189      4.90506043      2.68144746
4304  775        -6.84515463      4.94216347      2.71748092
4305  775        -6.86889060      4.95975049      2.75429216
4306  775        -6.91804739      4.97839428      2.79339188
4307  775        -6.96455877      5.02880997      2.81603751
4308  775        -6.97475503      5.10091116      2.82228739
4309  775        -6.96376187      5.15327132      2.83120848
4310  775        -6.92940546      5.16110356      2.85791223
4311  775        -6.88456991      5.13098152      2.89895934
4312  775        -6.85271127      5.11436337      2.94595730
4313  775        -6.83753640      5.12785064      2.98703712
4314  775        -6.79899823      5.15870161      3.01397062
4315  775        -6.72873212      5.18493369      3.02230286
4316  775        -6.65660689      5.19010540      3.03547715
4317  775        -6.62991751      5.19590285      3.04650261
4318  775        -6.66073304      5.20258320      3.03144406
4319  775        -6.72650688      5.21459144      2.99214000
4320  775        -6.79795931      5.21497894      2.96933860
4321  775        -6.83127590      5.19541442      2.96716593
4322  775        -6.80653121      5.15351775      2.96715088
4323  775        -6.75460127      5.09452397      2.96774150
4324  775        -6.73515078      5.03682145      2.95766549
4325  775        -6.76660012      4.99516876      2.94349571
4326  775        -6.82761335      4.99830264      2.92035051
4327  775        -6.87290123      5.02959003      2.88271844
4328  775        -6.87758120      5.05935871      2.82120924
4329  775        -6.85714559      5.08320486      2.74012700
4330  775        -6.82330787      5.12076715      2.63992665
4331  775        -6.77360057      5.17265280      2.53259798
4332  775        -6.70593411      5.21440010      2.45645757
4333  775        -6.64345377      5.25555080      2.43506391
4334  775        -6.60694565      5.29791024      2.45981362
4335  775        -6.60779056      5.32205408      2.49174939
4336  775        -6.64584242      5.33242638      2.51888657
4337  775        -6.69236359      5.35410951      2.52440106
4338  775        -6.74490692      5.37753523      2.52339503
4339  775        -6.79249463      5.37605536      2.51516112
4340  775        -6.82097532      5.37720436      2.48162843
4341  775        -6.83008509      5.40242904      2.44261466
4342  775        -6.84258606      5.47542752      2.44374632
4343  775        -6.84325649      5.61417368      2.47181078
4344  775        -6.85206119      5.75430185      2.49907133
4345  775        -6.86980137      5.83731465      2.50472649
4346  775        -6.89132916      5.85269497      2.49248251
4347  775        -6.90691444      5.83626422      2.46039795
4348  775        -6.91530350      5.83617167      2.42092646
4349  775        -6.91403041      5.86111909      2.39275407
4350  775        -6.89904595      5.89658673      2.36551817
4351  775        -6.88155368      5.92683754      2.34685149
4352  775        -6.85931070      5.97783099      2.33776849
4353  775        -6.84086708      6.04670004      2.33247584
4354  775        -6.84471139      6.09205973      2.33016275
4355  775        -6.87533738      6.10886115      2.34181946
4356  775        -6.91475115      6.11313207      2.39216346
4357  775        -6.94385796      6.12485786      2.47970301
4358  775        -6.93838547      6.14866056      2.58216984
4359  775        -6.91032096      6.16561170      2.67258691
4360  775        -6.90023421      6.15499967      2.72012953
4361  775        -6.90652979      6.11460157      2.71185480
4362  775        -6.92033861      6.08479047      2.68615813
4363  775        -6.93798458      6.09468521      2.67338689
4364  775        -6.96900888      6.14872625      2.67350067
4365  775        -6.99916762      6.20913933      2.67076946
4366  775        -7.01963900      6.23521673      2.63855965
4367  775        -7.02770896      6.23778562      2.58333915
4368  775        -7.04370376      6.23845380      2.50948609
4369  775        -7.06992987      6.24898696      2.42992045
4370  775        -7.10875208      6.26654273      2.35452541
4371  775        -7.13287174      6.29740074      2.32512141
4372  775        -7.12936832      6.31889081      2.36757160
4373  775        -7.11963466      6.32306363      2.43945806
4374  775        -7.11284201      6.31415901      2.49172168
4375  775        -7.13137294      6.30928497      2.50000906
4376  775        -7.17430211      6.29707397      2.48941045
4377  775        -7.20155253      6.24906093      2.47807121
4378  775        -7.19552383      6.17255024      2.48363155
4379  775        -7.19788173      6.11948284      2.50807895
4380  775        -7.23574797      6.12870684      2.51893521
4381  775        -7.29146521      6.18138167      2.51534843
4382  775        -7.34183721      6.23836932      2.49150786
4383  775        -7.36039261      6.27904958      2.45275368
4384  775        -7.33598683      6.29357591      2.43223248
4385  775        -7.28121766      6.30113795      2.42882598
4386  775        -7.23836337      6.30667115      2.40203961
4387  775        -7.22712060      6.30811232      2.32738084
4388  775        -7.21725882      6.30240571      2.22928183
4389  775        -7.17671414      6.29822516      2.14638196
4390  775        -7.11529121      6.32331611      2.07679568
4391  775        -7.07140487      6.36900628      2.00397247
4392  775        -7.05537466      6.43297979      1.92707714
4393  775        -7.03053735      6.49857437      1.86174872
4394  775        -6.98715021      6.57814822      1.83185868
4395  775        -6.94305075      6.66611980      1.82294703
4396  775        -6.90639239      6.75423324      1.80759725
4397  775        -6.89443075      6.80870188      1.77997569
4398  775        -6.90444610      6.82875075      1.75235557
4399  775        -6.91453226      6.83403843      1.71501569
4400  775        -6.90606926      6.85350922      1.67685414
4401  775        -6.88863118      6.87787827      1.62734176
4402  775        -6.86677024      6.88322276      1.58007458
4403  775        -6.83684448      6.86867636      1.53946776
4404  775        -6.79595115      6.84489602      1.50688213
4405  775        -6.74484309      6.83480272      1.48630899
4406  775        -6.70111294      6.82981620      1.46834563
4407  775        -6.68416691      6.81898042      1.42977633
4408  775        -6.67403491      6.79670043      1.36244847
4409  775        -6.66321832      6.77094430      1.28516193
4410  775        -6.65131852      6.73392085      1.20692245
4411  775        -6.64073122      6.68346144      1.12962423
4412  775        -6.62221611      6.63121942      1.03985872
4413  775        -6.59527429      6.59574876      0.94939098
4414  775        -6.56431333      6.57039553      0.86669255
4415  775        -6.52911552      6.54535336      0.78609253
4416  775        -6.51882835      6.54498960      0.67474708
4417  775        -6.54699450      6.59426970      0.56889825
4418  775        -6.57443741      6.67172325      0.49992544
4419  775        -6.59100490      6.73282770      0.47272418
4420  775        -6.58441347      6.75225560      0.44760050
4421  775        -6.56288869      6.75680443      0.42342705
4422  775        -6.53111611      6.77037207      0.43051043
4423  775        -6.52483319      6.77739451      0.44316753
4424  775        -6.53988585      6.76251109      0.42436076
4425  775        -6.57635136      6.72154532      0.38933406
4426  775        -6.64284316      6.68063976      0.37668852
4427  775        -6.71458488      6.67314112      0.38159237
4428  775        -6.77293046      6.70953394      0.38375868
4429  775        -6.79814536      6.75696231      0.37361859
4430  775        -6.79096913      6.79108601      0.35847137
4431  775        -6.75742352      6.80566859      0.35996057
4432  775        -6.73320422      6.81315718      0.38070664
4433  775        -6.71790051      6.81343234      0.38437703
4434  775        -6.71549318      6.79324303      0.37457220
4435  775        -6.72412026      6.75577195      0.36959174
4436  775        -6.75611553      6.71464979      0.35224886
4437  775        -6.79896005      6.67534917      0.30663681
4438  775        -6.83464928      6.64903707      0.26100037
4439  775        -6.84164396      6.64254874      0.24948870
4440  775        -6.81885545      6.63566894      0.26157668
4441  775        -6.80173734      6.61514324      0.27728467
4442  775        -6.80421023      6.59925258      0.28057720
4443  775        -6.82538803      6.57641008      0.26246916
4444  775        -6.84234255      6.54090369      0.23125055
4445  775        -6.85924366      6.50567875      0.21138001
4446  775        -6.85605538      6.50333551      0.22502652
4447  775        -6.81617340      6.52008397      0.26576906
4448  775        -6.76192879      6.52925565      0.29634129
4449  775        -6.72840189      6.53413607      0.29107662
4450  775        -6.71655268      6.52807546      0.26642787
4451  775        -6.69888269      6.48998121      0.25821941
4452  775        -6.68082844      6.41535481      0.27474083
4453  775        -6.67303708      6.33444926      0.30684496
4454  775        -6.66073128      6.27303310      0.34374503
4455  775        -6.64236804      6.24418952      0.37557037
4456  775        -6.62909164      6.24226972      0.39585498
4457  775        -6.62215272      6.26153026      0.42063119
4458  775        -6.62626530      6.28369506      0.44976178
4459  775        -6.64382333      6.32197024      0.47106687
4460  775        -6.69609189      6.35251904      0.47137907
4461  775        -6.77030464      6.36577086      0.44365201
4462  775        -6.83753345      6.35958028      0.39838920
4463  775        -6.87519495      6.36156603      0.37452659
4464  775        -6.86997200      6.37598446      0.39667987
4465  775        -6.85985869      6.42087809      0.43769943
4466  775        -6.88320682      6.49822158      0.42793310
4467  775        -6.94198511      6.58394203      0.37810064
4468  775        -7.01944289      6.64631425      0.32282394
4469  775        -7.10786962      6.70911886      0.30286280
4470  775        -7.19109882      6.77678736      0.30223990
4471  775        -7.24412026      6.84519479      0.31259661
4472  775        -7.28240508      6.89670684      0.31374583
4473  775        -7.34394841      6.92597021      0.30178421
4474  775        -7.44165203      6.94615222      0.26826344
4475  775        -7.56667984      6.97339150      0.20884428
4476  775        -7.70266966      7.00006347      0.13341072
4477  775        -7.82207126      7.01236496      0.08977782
4478  775        -7.89549888      6.99742729      0.09894480
4479  775        -7.93493928      6.95348329      0.13331972
4480  775        -7.95964828      6.88879419      0.17540414
4481  775        -7.98180682      6.82721060      0.19964595
4482  775        -8.01776304      6.79458621      0.19595034
4483  775        -8.06577133      6.77733364      0.16046407
4484  775        -8.09930243      6.76560264      0.11202329
4485  775        -8.10120550      6.75889717      0.05595569
4486  775        -8.08224149      6.76378621      0.00696948
4487  775        -8.03281591      6.76011821     -0.03493506
4488  775        -7.97654014      6.75000099     -0.08700766
4489  775        -7.95009484      6.75097082     -0.15156532
4490  775        -7.96743572      6.76695804     -0.20871706
4491  775        -8.01520097      6.78497226     -0.22261404
4492  775        -8.06101049      6.78702800     -0.19041296
4493  775        -8.08998710      6.75916031     -0.12613467
4494  775        -8.11428540      6.71155836     -0.04749821
4495  775        -8.14918426      6.66256978      0.04410463
4496  775        -8.17313127      6.62669680      0.13492446
4497  775        -8.19555634      6.60840732      0.20819339
4498  775        -8.22934499      6.60737657      0.24063904
4499  775        -8.27114329      6.61604238      0.24923523
4500  775        -8.30504359      6.61533457      0.26982358
4501  775        -8.32445520      6.58605303      0.29390873
4502  775        -8.33506621      6.51245047      0.30238309
4503  775        -8.34330834      6.39839159      0.28462572
4504  775        -8.35985675      6.28613872      0.26641544
4505  775        -8.39139237      6.20899420      0.25447640
4506  775        -8.41192345      6.17277934      0.25551854
4507  775        -8.41298912      6.16629384      0.24956298
4508  775        -8.42489241      6.17535467      0.23276644
4509  775        -8.47674734      6.20356208      0.23972874
4510  775        -8.56030530      6.24270803      0.28777798
4511  775        -8.62681784      6.26451886      0.36814108
4512  775        -8.65464855      6.25393868      0.43927514
4513  775        -8.65010654      6.23008405      0.47616383
4514  775        -8.63067769      6.21543805      0.48299179
4515  775        -8.60113285      6.21667049      0.47953210
4516  775        -8.57509150      6.21930354      0.45832534
4517  775        -8.56728597      6.23224319      0.42777151
4518  775        -8.59571018      6.26351831      0.39969158
4519  775        -8.64173438      6.29845092      0.38446420
4520  775        -8.66588222      6.30437122      0.37590492
4521  775        -8.66183723      6.28005840      0.37292570
4522  775        -8.64936671      6.26027409      0.38110120
4523  775        -8.63812753      6.27802439      0.38597969
4524  775        -8.61615664      6.32578023      0.35398968
4525  775        -8.59551234      6.36009429      0.30351974
4526  775        -8.59808556      6.38484719      0.26496073
4527  775        -8.61829781      6.41139856      0.24425814
4528  775        -8.62733225      6.42218602      0.22502930
4529  775        -8.61139590      6.41048739      0.20182828
4530  775        -8.59687110      6.39366086      0.18282610
4531  775        -8.58776614      6.40010681      0.16206320
4532  775        -8.58023683      6.41829002      0.14622176
4533  775        -8.55707519      6.45236043      0.13041519
4534  775        -8.54079555      6.52069985      0.09598652
4535  775        -8.53690335      6.60613684      0.03630693
4536  775        -8.51709908      6.67944159     -0.00383813
4537  775        -8.48655454      6.71985003     -0.01064340
4538  775        -8.46948047      6.75988664     -0.01144970
4539  775        -8.46877677      6.80164129     -0.05302653
4540  775        -8.45401517      6.83159390     -0.15098417
4541  775        -8.42484348      6.84320848     -0.22491409
4542  775        -8.39265522      6.81787214     -0.24907556
4543  775        -8.38291732      6.78149590     -0.25657823
4544  775        -8.38925599      6.75095925     -0.27091480
4545  775        -8.41025278      6.72836919     -0.28928946
4546  775        -8.43810899      6.70887593     -0.31611717
4547  775        -8.48016062      6.68895361     -0.35549618
4548  775        -8.52271915      6.67056415     -0.39493222
4549  775        -8.53350049      6.64949716     -0.41734165
4550  775        -8.53609639      6.64586527     -0.42043664
4551  775        -8.54052468      6.64439870     -0.40746297
4552  775        -8.54266059      6.62746447     -0.36632755
4553  775        -8.53689765      6.60983042     -0.31707261
4554  775        -8.54408771      6.60778271     -0.29003395
4555  775        -8.55566543      6.60713701     -0.29837552
4556  775        -8.58430073      6.58740480     -0.34484082
4557  775        -8.63344376      6.54527409     -0.40361474
4558  775        -8.68468269      6.51323184     -0.46814584
4559  775        -8.72827054      6.49108100     -0.53829395
4560  775        -8.75328829      6.48174925     -0.60603092
4561  775        -8.75648630      6.48184903     -0.64778590
4562  775        -8.72984745      6.49217930     -0.64084113
4563  775        -8.68627095      6.49637659     -0.59582561
4564  775        -8.64988300      6.51319048     -0.55538562
4565  775        -8.60919974      6.52155253     -0.53721830
4566  775        -8.56252129      6.50200021     -0.54376112
4567  775        -8.51942505      6.46543781     -0.53973506
4568  775        -8.48884052      6.46156683     -0.50983552
4569  775        -8.50348532      6.48479487     -0.46917504
4570  775        -8.53238764      6.50522426     -0.43688622
4571  775        -8.54921291      6.53172895     -0.41682400
4572  775        -8.53119701      6.55719747     -0.40228280
4573  775        -8.47094830      6.58053671     -0.39993740
4574  775        -8.41037595      6.59557246     -0.44349906
4575  775        -8.38375207      6.61571863     -0.50603254
4576  775        -8.37268892      6.64275352     -0.54697951
4577  775        -8.33523875      6.66074963     -0.57598911
4578  775        -8.28217064      6.67384496     -0.60273017
4579  775        -8.24134802      6.69281949     -0.62351496
4580  775        -8.23742033      6.69984968     -0.61765195
4581  775        -8.25751198      6.68746487     -0.59609589
4582  775        -8.26236942      6.66860298     -0.57421399
4583  775        -8.20654734      6.65214958     -0.57972031
4584  775        -8.12005769      6.63504723     -0.60166030
4585  775        -8.05830091      6.62806526     -0.64291216
4586  775        -8.03873967      6.63531278     -0.68701539
4587  775        -8.06512430      6.68129942     -0.71938375
4588  775        -8.11882428      6.74265084     -0.72634760
4589  775        -8.15794166      6.78219182     -0.73303428
4590  775        -8.15085551      6.80030115     -0.75023038
4591  775        -8.12233951      6.81293255     -0.76600257
4592  775        -8.09987633      6.83661620     -0.78014525
4593  775        -8.08532717      6.86540972     -0.79537367
4594  775        -8.06837625      6.86826573     -0.80739808
4595  775        -8.06255353      6.83254406     -0.82999063
4596  775        -8.07448460      6.77083361     -0.88333990
4597  775        -8.11425512      6.73755353     -0.95102771
4598  775        -8.18013806      6.76836454     -1.00039946
4599  775        -8.24727705      6.83157178     -1.02836353
4600  775        -8.30309308      6.87865540     -1.04174531
4601  775        -8.35913639      6.91051416     -1.05905599
4602  775        -8.42192368      6.95381034     -1.09519784
4603  775        -8.45197349      6.98570864     -1.14312719
4604  775        -8.43749727      6.98894222     -1.17573217
4605  775        -8.39960343      7.00594858     -1.19284378
4606  775        -8.36799224      7.06580469     -1.21393765
4607  775        -8.35401458      7.14231039     -1.26795428
4608  775        -8.35364499      7.19483424     -1.33407986
4609  775        -8.35713873      7.22159264     -1.38084488
4610  775        -8.36302704      7.22783730     -1.41702894
4611  775        -8.38681280      7.23789338     -1.45456041
4612  775        -8.41452216      7.25001984     -1.50126980
4613  775        -8.41348351      7.27359403     -1.53136249
4614  775        -8.39004355      7.29265395     -1.53815775
4615  775        -8.36333183      7.29905357     -1.54160045
4616  775        -8.31657960      7.30235953     -1.55424526
4617  775        -8.23814991      7.31208509     -1.55815802
4618  775        -8.15932741      7.31634011     -1.55342587
4619  775        -8.10499795      7.31103245     -1.56883194
4620  775        -8.07860678      7.30342980     -1.61294514
4621  775        -8.06920046      7.27099012     -1.67361225
4622  775        -8.06729184      7.22728419     -1.71925353
4623  775        -8.07273838      7.18967628     -1.73610568
4624  775        -8.09521627      7.17236171     -1.73583183
4625  775        -8.13939210      7.16040354     -1.73542097
4626  775        -8.17942275      7.15055966     -1.72536830
4627  775        -8.20257008      7.13833023     -1.67160653
4628  775        -8.21789941      7.13954411     -1.59466776
4629  775        -8.24116135      7.15308380     -1.54519044
4630  775        -8.27032679      7.17469257     -1.52832529
4631  775        -8.27290490      7.19480151     -1.53006756
4632  775        -8.25142249      7.19914529     -1.53612072
4633  775        -8.22108446      7.19156157     -1.52851817
4634  775        -8.21256501      7.17533098     -1.49898420
4635  775        -8.21090937      7.16446314     -1.46446884
4636  775        -8.21853457      7.16343556     -1.44807782
4637  775        -8.23989449      7.18206162     -1.45231689
4638  775        -8.26619476      7.22869129     -1.46919723
4639  775        -8.25117029      7.30191199     -1.47130674
4640  775        -8.17508883      7.38561896     -1.44876221
4641  775        -8.06518819      7.45317166     -1.41006073
4642  775        -7.95830599      7.47874831     -1.38382403
4643  775        -7.88430595      7.48021903     -1.38114769
4644  775        -7.84841527      7.49515649     -1.38764923
4645  775        -7.85363382      7.54123181     -1.40997218
4646  775        -7.90803155      7.59461351     -1.44327612
4647  775        -7.99843789      7.63543952     -1.47611828
4648  775        -8.07798625      7.67111525     -1.50149713
4649  775        -8.10386111      7.70974123     -1.49459475
4650  775        -8.05921133      7.74845220     -1.46634130
4651  775        -7.98872065      7.79024884     -1.42750408
4652  775        -7.94254381      7.84769241     -1.38848815
4653  775        -7.92707333      7.93721310     -1.34696485
4654  775        -7.92128941      8.04161348     -1.30628100
4655  775        -7.93116243      8.13161764     -1.27845950
4656  775        -7.95776389      8.17866752     -1.25990538
4657  775        -7.97155094      8.15744758     -1.25871529
4658  775        -7.95865926      8.07985472     -1.26356631
4659  775        -7.93230708      7.98008155     -1.24986955
4660  775        -7.91033698      7.89214044     -1.21196731
4661  775        -7.90642119      7.82481998     -1.16025817
4662  775        -7.91982644      7.78375669     -1.10111014
4663  775        -7.95878455      7.76434472     -1.02212126
4664  775        -8.00397219      7.77719656     -0.91269450
4665  775        -8.04471478      7.81019331     -0.79560230
4666  775        -8.10185786      7.84991704     -0.70014334
4667  775        -8.16369692      7.87642268     -0.63466315
4668  775        -8.19275706      7.87082278     -0.59522766
4669  775        -8.17101059      7.85215284     -0.55784998
4670  775        -8.12833951      7.84305479     -0.49470103
4671  775        -8.08006723      7.84914441     -0.39857233
4672  775        -8.01961078      7.87783627     -0.29712875
4673  775        -7.95566806      7.93554587     -0.21286433
4674  775        -7.93341741      7.98848179     -0.13706873
4675  775        -7.96347089      8.01497278     -0.07080579
4676  775        -7.97302097      8.01315052     -0.01901852
4677  775        -7.95357067      8.00957074      0.02243624
4678  775        -7.93218027      7.98237350      0.06241097
4679  775        -7.93074454      7.94579353      0.10846777
4680  775        -7.93849408      7.93722364      0.16328972
4681  775        -7.93046462      7.95356787      0.23919676
4682  775        -7.92515466      7.97586786      0.34851966
4683  775        -7.93158225      8.00540977      0.46531075
4684  775        -7.94382754      8.05778266      0.57078127
4685  775        -7.94315490      8.10044777      0.63933823
4686  775        -7.93021855      8.09775761      0.67683425
4687  775        -7.89446446      8.05648801      0.69499258
4688  775        -7.83766078      7.99309069      0.70162473
4689  775        -7.75568676      7.94088916      0.70798236
4690  775        -7.68846561      7.92216218      0.72098728
4691  775        -7.67355746      7.91891509      0.72836279
4692  775        -7.67707114      7.90207389      0.71798186
4693  775        -7.67102271      7.87138105      0.69783136
4694  775        -7.67560495      7.86785431      0.69209185
4695  775        -7.71651058      7.92387385      0.73103292
4696  775        -7.74793857      8.02185064      0.79662590
4697  775        -7.71636835      8.11497055      0.84264865
4698  775        -7.62308056      8.17890108      0.86179971
4699  775        -7.51560714      8.21682756      0.86756922
4700  775        -7.42523957      8.25179802      0.88399478
4701  775        -7.35605768      8.30783986      0.92409424
4702  775        -7.30000517      8.37445649      0.94929650
4703  775        -7.24891574      8.44198740      0.93566299
4704  775        -7.19620990      8.50832161      0.90362229
4705  775        -7.12280464      8.58054009      0.89660207
4706  775        -7.04730980      8.65414278      0.93018302
4707  775        -7.00802774      8.73632348      0.99588217
4708  775        -6.99626901      8.82187058      1.06290048
4709  775        -6.99643229      8.89225935      1.10711126
4710  775        -6.99760452      8.91862457      1.11380960
4711  775        -7.01442709      8.90864651      1.10415509
4712  775        -7.04012189      8.87910428      1.09006417
4713  775        -7.04948161      8.85026619      1.08547281
4714  775        -7.05559603      8.83935860      1.08829738
4715  775        -7.07385788      8.84359329      1.07126649
4716  775        -7.09858359      8.85147527      1.03209531
4717  775        -7.11500058      8.83282778      0.99847867
4718  775        -7.10195139      8.78659862      0.99429539
4719  775        -7.06689642      8.72466331      1.00330604
4720  775        -7.02022326      8.68038564      1.00124764
4721  775        -6.96619983      8.66115025      0.97754387
4722  775        -6.91752850      8.65609867      0.94769650
4723  775        -6.88022504      8.65904509      0.95154423
4724  775        -6.82379661      8.66183545      0.99229514
4725  775        -6.76311912      8.67474313      1.05226155
4726  775        -6.71104350      8.70301455      1.10806956
4727  775        -6.69004029      8.72324925      1.12856546
4728  775        -6.70611990      8.71513049      1.11602610
4729  775        -6.74008671      8.67661700      1.09379378
4730  775        -6.78609033      8.61961329      1.07671392
4731  775        -6.81721243      8.57694827      1.07000907
4732  775        -6.83119683      8.56306880      1.05701239
4733  775        -6.83596514      8.55179779      1.04708929
4734  775        -6.83440283      8.52617616      1.06931534
4735  775        -6.80794310      8.50363767      1.11235968
4736  775        -6.75545026      8.49171995      1.13169922
4737  775        -6.69963477      8.46492336      1.09309630
4738  775        -6.66018671      8.41235417      1.02622841
4739  775        -6.62053808      8.33521726      0.97778245
4740  775        -6.58583289      8.26937967      0.97470204
4741  775        -6.58449296      8.25347534      0.99330848
4742  775        -6.60889122      8.30421762      1.00352757
4743  775        -6.62478554      8.37076537      1.01254956
4744  775        -6.62228287      8.39640255      1.07952702
4745  775        -6.61300730      8.38419912      1.18927923
4746  775        -6.58360153      8.34408794      1.27304535
4747  775        -6.52930538      8.30738270      1.30124167
4748  775        -6.47933029      8.28986146      1.27796467
4749  775        -6.45611972      8.28236970      1.22363537
4750  775        -6.46571491      8.26201942      1.16444502
4751  775        -6.49661703      8.23541394      1.12900590
4752  775        -6.51175463      8.22672234      1.11270179
4753  775        -6.51215452      8.24950683      1.11815277
4754  775        -6.50029639      8.28143575      1.12553605
4755  775        -6.48153049      8.32420380      1.15694863
4756  775        -6.45711584      8.36978545      1.21280488
4757  775        -6.43839686      8.40394707      1.26434556
4758  775        -6.44274169      8.41652940      1.29612763
4759  775        -6.46035904      8.41474552      1.30971226
4760  775        -6.46480318      8.40452094      1.32742411
4761  775        -6.45033830      8.38640567      1.36810078
4762  775        -6.44450298      8.36269948      1.42913584
4763  775        -6.45184981      8.34879499      1.46877378
4764  775        -6.46846319      8.35304264      1.48956706
4765  775        -6.49056492      8.37304215      1.50256476
4766  775        -6.53486035      8.41266443      1.52720268
4767  775        -6.59577738      8.48120226      1.56392460
4768  775        -6.64975080      8.56404394      1.58352240
4769  775        -6.68400421      8.63268888      1.56965822
4770  775        -6.69949696      8.67470848      1.54733283
4771  775        -6.69648084      8.68620360      1.55135611
4772  775        -6.67439405      8.67418939      1.55560609
4773  775        -6.65963146      8.65130504      1.54996407
4774  775        -6.67282819      8.63217410      1.53150550
4775  775        -6.71795958      8.63387699      1.51163860
4776  775        -6.75590328      8.65599218      1.48538290
4777  775        -6.78978791      8.68957063      1.46228309
4778  775        -6.83224058      8.73412883      1.44166935
4779  775        -6.87034656      8.78666316      1.43125828
4780  775        -6.88634083      8.84114235      1.44687252
4781  775        -6.88255537      8.88489209      1.48606631
4782  775        -6.87787469      8.89878204      1.51293232
4783  775        -6.88794616      8.87181613      1.48745207
4784  775        -6.91587124      8.83387739      1.41859729
4785  775        -6.92229927      8.80857092      1.35753216
4786  775        -6.91253323      8.81297232      1.34332155
4787  775        -6.90356181      8.83472014      1.37335804
4788  775        -6.92134150      8.86214018      1.40729960
4789  775        -6.95606082      8.90500737      1.41781497
4790  775        -6.97964554      8.95317660      1.42013767
4791  775        -6.98315685      8.99186783      1.44003797
4792  775        -6.97948041      9.00165925      1.47363796
4793  775        -6.99226905      8.98616422      1.46578931
4794  775        -6.99936353      8.96110326      1.41862473
4795  775        -6.97793565      8.92183238      1.35292823
4796  775        -6.93064148      8.89525110      1.31083203
4797  775        -6.88092091      8.88994293      1.29291346
4798  775        -6.83491127      8.90265460      1.30021256
4799  775        -6.80754196      8.91600809      1.32415114
4800  775        -6.78653793      8.94725598      1.36694550
4801  775        -6.76932577      8.98063366      1.39891810
4802  775        -6.76756626      9.02989413      1.43927829
4803  775        -6.77629774      9.07960697      1.48573604
4804  775        -6.77659933      9.11788384      1.51713124
4805  775        -6.76228571      9.13669905      1.53591448
4806  775        -6.73679816      9.14121565      1.51810733
4807  775        -6.69278800      9.14159873      1.49493795
4808  775        -6.63175623      9.13471495      1.51064326
4809  775        -6.55792957      9.14542063      1.59584706
4810  775        -6.50671922      9.18157972      1.69821381
4811  775        -6.48825086      9.21698074      1.77623258
4812  775        -6.49273212      9.22010235      1.79684151
4813  775        -6.51310557      9.18916919      1.76166038
4814  775        -6.53633896      9.15157146      1.71916534
4815  775        -6.54354539      9.12848401      1.69280078
4816  775        -6.53289443      9.10486777      1.67922070
4817  775        -6.50414519      9.06154356      1.65947474
4818  775        -6.45734994      9.00069642      1.64272926
4819  775        -6.39234753      8.94269937      1.65167330
4820  775        -6.31319142      8.89902485      1.68907736
4821  775        -6.25876767      8.88455058      1.74000931
4822  775        -6.24659206      8.88105593      1.78869663
4823  775        -6.28200378      8.89429428      1.81727487
4824  775        -6.34764626      8.90693632      1.81296579
4825  775        -6.44041060      8.92245812      1.78356360
4826  775        -6.52233367      8.93082383      1.76159173
4827  775        -6.55619055      8.93977588      1.76992476
4828  775        -6.54556625      8.95946953      1.79551023
4829  775        -6.51037893      8.98546203      1.81378298
4830  775        -6.46809204      9.00926455      1.83444496
4831  775        -6.45341315      9.03658234      1.87943948
4832  775        -6.47714317      9.06606918      1.93824563
4833  775        -6.51610199      9.07144805      1.98374361
4834  775        -6.55254507      9.05764921      1.99417021
4835  775        -6.58159114      9.01218119      1.96150267
4836  775        -6.62036775      8.94225074      1.89200643
4837  775        -6.67798406      8.84617842      1.81859528
4838  775        -6.73416104      8.74704664      1.76538376
4839  775        -6.76356348      8.65244158      1.74068008
4840  775        -6.75275658      8.57330296      1.75212014
4841  775        -6.71814484      8.50542344      1.77867310
4842  775        -6.68934143      8.43853609      1.79257771
4843  775        -6.68465766      8.35733816      1.77335264
4844  775        -6.68276429      8.24454049      1.74161754
4845  775        -6.68186434      8.12658430      1.71995682
4846  775        -6.68392725      8.03383413      1.70547234
4847  775        -6.69870328      7.97344227      1.69172198
4848  775        -6.72847175      7.94127680      1.66848487
4849  775        -6.77893675      7.91788503      1.63421430
4850  775        -6.83491475      7.91834820      1.58467627
4851  775        -6.86676143      7.95805833      1.54532792
4852  775        -6.87164035      8.02599033      1.51663742
4853  775        -6.88398723      8.09787361      1.47635213
4854  775        -6.93728651      8.15263146      1.41755464
4855  775        -7.00893995      8.18024112      1.37251718
4856  775        -7.06135903      8.17586281      1.34154128
4857  775        -7.08604975      8.13939638      1.31958163
4858  775        -7.09490480      8.08678924      1.28461709
4859  775        -7.10931554      8.04548219      1.24596477
4860  775        -7.12382349      8.03088709      1.22487863
4861  775        -7.15118324      8.04001326      1.18657728
4862  775        -7.20027177      8.06015740      1.12926783
4863  775        -7.25937701      8.07310444      1.07604546
4864  775        -7.30825405      8.04070155      1.06729398
4865  775        -7.35687088      7.99745036      1.08250838
4866  775        -7.41986901      7.98744504      1.08624828
4867  775        -7.48200454      8.00881399      1.06942689
4868  775        -7.53710892      8.03056406      1.05686784
4869  775        -7.58378460      8.01800787      1.05628914
4870  775        -7.62027724      7.97237684      1.07560383
4871  775        -7.64615056      7.90399766      1.10798188
4872  775        -7.65894539      7.80721255      1.13197167
4873  775        -7.65795402      7.70319713      1.13211107
4874  775        -7.66596035      7.63244095      1.11302654
4875  775        -7.67914410      7.61679805      1.10816621
4876  775        -7.69986461      7.63489830      1.10358116
4877  775        -7.73898394      7.66254738      1.08511341
4878  775        -7.73975788      7.66550039      1.06413929
4879  775        -7.70566467      7.66036340      1.04908505
4880  775        -7.65364568      7.65722699      1.02743573
4881  775        -7.59102179      7.65019334      1.01086701
4882  775        -7.52653604      7.65618767      1.01955501
4883  775        -7.50324616      7.69782172      1.06527241
4884  775        -7.49975690      7.75895199      1.12327999
4885  775        -7.46562174      7.81772503      1.15307930
4886  775        -7.42031182      7.86343991      1.14812163
4887  775        -7.37557220      7.88679432      1.13686232
4888  775        -7.34374851      7.88043537      1.13118118
4889  775        -7.31103745      7.83025456      1.13655222
4890  775        -7.30026527      7.75323544      1.15773361
4891  775        -7.31491572      7.67852162      1.18123445
4892  775        -7.31756029      7.59825530      1.21227910
4893  775        -7.32284440      7.52963549      1.24164471
4894  775        -7.35472282      7.52277340      1.25456672
4895  775        -7.39328453      7.55454022      1.26533376
4896  775        -7.42441007      7.59954906      1.24633707
4897  775        -7.45370053      7.63607995      1.19166303
4898  775        -7.46724724      7.63980594      1.12466002
4899  775        -7.46624112      7.59666269      1.07273394
4900  775        -7.45728182      7.51959733      1.05039580
4901  775        -7.47057470      7.43654899      1.04014740
4902  775        -7.52545565      7.37865390      1.02566931
4903  775        -7.59941040      7.36520085      1.01044113
4904  775        -7.66744657      7.39769223      1.00250827
4905  775        -7.70486007      7.46826062      0.98710751
4906  775        -7.71820206      7.52682927      0.97179490
4907  775        -7.70853256      7.52775454      0.97040205
4908  775        -7.66478194      7.48855892      0.99070872
4909  775        -7.60448298      7.45834689      1.00415577
4910  775        -7.55935087      7.44648284      0.99064300
4911  775        -7.54124983      7.42933188      0.97248039
4912  775        -7.54940837      7.40178123      0.95979645
4913  775        -7.58733588      7.37296872      0.93696043
4914  775        -7.66128291      7.36507213      0.89113931
4915  775        -7.75538921      7.35549006      0.84409409
4916  775        -7.83889465      7.35184020      0.82037759
4917  775        -7.91174457      7.37718287      0.77724031
4918  775        -7.98807029      7.41394408      0.72465975
4919  775        -8.10323745      7.41838394      0.70386056
4920  775        -8.25883505      7.43044444      0.72503395
4921  775        -8.39490267      7.49262218      0.74962061
4922  775        -8.47575900      7.57011081      0.74463134
4923  775        -8.52426733      7.64541696      0.70763434
4924  775        -8.56466119      7.70041579      0.66365384
4925  775        -8.60506256      7.73973665      0.60085346
4926  775        -8.62508176      7.77086167      0.50333860
4927  775        -8.61452048      7.80606569      0.39033876
4928  775        -8.58469459      7.84490924      0.29879541
4929  775        -8.54345354      7.87825202      0.25960892
4930  775        -8.49834525      7.90617931      0.25696653
4931  775        -8.46497891      7.90910024      0.27494043
4932  775        -8.45252033      7.87654212      0.31671320
4933  775        -8.44682854      7.80259015      0.37729648
4934  775        -8.42472771      7.70144932      0.43160606
4935  775        -8.38145084      7.57344827      0.47222702
4936  775        -8.34488126      7.45744896      0.49441631
4937  775        -8.33769613      7.39290240      0.52489832
4938  775        -8.33644251      7.39252827      0.57339775
4939  775        -8.30117853      7.42685932      0.62472399
4940  775        -8.23742348      7.45526576      0.66991929
4941  775        -8.17739645      7.47088094      0.69549416
4942  775        -8.14250913      7.46869100      0.69617889
4943  775        -8.11551825      7.45058224      0.68442159
4944  775        -8.08136628      7.42266301      0.68102257
4945  775        -8.04247754      7.38745487      0.68151380
4946  775        -8.02453067      7.34268830      0.68019917
4947  775        -8.05026505      7.30046992      0.69154401
4948  775        -8.11311874      7.28275041      0.72780168
4949  775        -8.16009709      7.28556715      0.76736111
4950  775        -8.16520866      7.28565327      0.78127043
4951  775        -8.14175589      7.28058469      0.76976214
4952  775        -8.11364045      7.27285131      0.73136774
4953  775        -8.11687185      7.24858237      0.64544425
4954  775        -8.15445592      7.19626506      0.52460426
4955  775        -8.20799640      7.13310571      0.41722453
4956  775        -8.28626152      7.08987302      0.34719215
4957  775        -8.38909065      7.09883041      0.30830828
4958  775        -8.48388785      7.14222433      0.28053290
4959  775        -8.53485690      7.17534532      0.26714277
4960  775        -8.55337860      7.17029067      0.26641785
4961  775        -8.57114883      7.14251276      0.28239877
4962  775        -8.58909624      7.11919363      0.29811661
4963  775        -8.58630553      7.09980123      0.29061034
4964  775        -8.58950372      7.06067690      0.26262153
4965  775        -8.62996020      7.00522297      0.22021583
4966  775        -8.71279129      6.94562893      0.17286621
4967  775        -8.78782159      6.89343334      0.12272963
4968  775        -8.80664941      6.87628207      0.08653910
4969  775        -8.75534876      6.88751669      0.06657809
4970  775        -8.68375047      6.87749335      0.07508734
4971  775        -8.64544223      6.80895365      0.11573050
4972  775        -8.65216890      6.70569421      0.15646909
4973  775        -8.68086687      6.60246768      0.19299643
4974  775        -8.69089539      6.54120767      0.23154045
4975  775        -8.66458786      6.52760015      0.27438661
4976  775        -8.62885420      6.53092853      0.31978134
4977  775        -8.64034565      6.52026460      0.36430395
4978  775        -8.70892423      6.45779860      0.38820623
4979  775        -8.78258010      6.36883485      0.40362641
4980  775        -8.82723962      6.30382412      0.41839146
4981  775        -8.85676438      6.27427099      0.43012343
4982  775        -8.87520074      6.26564695      0.43559235
4983  775        -8.86440757      6.26396465      0.41819570
4984  775        -8.83711033      6.22689378      0.37672971
4985  775        -8.81537494      6.15472548      0.31384576
4986  775        -8.82240263      6.09082254      0.25996975
4987  775        -8.82463498      6.08502762      0.22394709
4988  775        -8.83304223      6.11394249      0.19357784
4989  775        -8.87157021      6.13096050      0.15993179
4990  775        -8.94155770      6.12725627      0.14051639
4991  775        -9.00599407      6.09928520      0.16171964
4992  775        -9.03882920      6.07427248      0.21859111
4993  775        -9.03836812      6.03271653      0.29907473
4994  775        -9.02911822      5.96603266      0.37474355
4995  775        -9.04862834      5.87929758      0.44415036
4996  775        -9.08611123      5.77569727      0.49672530
4997  775        -9.13501121      5.65452327      0.53296832
4998  775        -9.17210150      5.53452015      0.55281099
4999  775        -9.18459268      5.44460421      0.57778381
5000  775        -9.17486879      5.40322683      0.60901980
