0     793         2.63023348     -5.75480212      0.48442295
1     793         2.63791306     -5.77433063      0.50285517
2     793         2.65976092     -5.79953323      0.54776088
3     793         2.69362774     -5.82980325      0.60023011
4     793         2.72375319     -5.85623550      0.63787951
5     793         2.73555609     -5.87370914      0.65460556
6     793         2.72058396     -5.85850084      0.66407642
7     793         2.69409948     -5.81411033      0.67437046
8     793         2.66143574     -5.78077456      0.69013390
9     793         2.62684542     -5.78921170      0.72469532
10    793         2.58198451     -5.81012199      0.73981740
11    793         2.52301168     -5.81797918      0.72440577
12    793         2.46438954     -5.80485858      0.69401886
13    793         2.42267614     -5.77658502      0.67819055
14    793         2.41626023     -5.72817197      0.67108927
15    793         2.44433395     -5.67135088      0.66761549
16    793         2.50054689     -5.62946165      0.66430871
17    793         2.55921985     -5.59578121      0.67488247
18    793         2.61215075     -5.56718876      0.70280186
19    793         2.64356711     -5.55022223      0.76315342
20    793         2.65278153     -5.52086312      0.84956372
21    793         2.63728638     -5.46654865      0.93197987
22    793         2.59788002     -5.43162850      1.00178024
23    793         2.56572322     -5.44247328      1.02707783
24    793         2.55842820     -5.45703120      1.00408344
25    793         2.55416498     -5.45457869      0.95683672
26    793         2.52375482     -5.44874873      0.91754592
27    793         2.46110351     -5.44360720      0.88722049
28    793         2.38991667     -5.43108040      0.86310608
29    793         2.35355610     -5.40757725      0.84762199
30    793         2.35201591     -5.38904722      0.85517064
31    793         2.36175732     -5.37373053      0.89400228
32    793         2.35819103     -5.36009363      0.96986175
33    793         2.33755844     -5.36717755      1.07175554
34    793         2.31895957     -5.39954518      1.15554912
35    793         2.31504457     -5.43257127      1.20752893
36    793         2.31863251     -5.44523306      1.23289645
37    793         2.31887967     -5.44833483      1.26146155
38    793         2.31420713     -5.46247505      1.27122753
39    793         2.31234946     -5.47861883      1.23071742
40    793         2.30041677     -5.49606112      1.19153326
41    793         2.28857348     -5.52384568      1.21436041
42    793         2.29372128     -5.54290008      1.28120656
43    793         2.28576835     -5.53939408      1.31129570
44    793         2.25805819     -5.51353940      1.28891744
45    793         2.23550099     -5.47718444      1.27110866
46    793         2.24715609     -5.42940635      1.31320724
47    793         2.28958733     -5.39350371      1.37515714
48    793         2.34997637     -5.37297670      1.40425899
49    793         2.41414235     -5.36609598      1.41509534
50    793         2.47398784     -5.36046992      1.43348147
51    793         2.51940784     -5.35166982      1.47474060
52    793         2.54601333     -5.33280447      1.52984517
53    793         2.56111213     -5.30223632      1.59451174
54    793         2.56830750     -5.27831632      1.66782841
55    793         2.56343170     -5.27593873      1.71438220
56    793         2.54034434     -5.27285627      1.71331247
57    793         2.52820672     -5.24538645      1.68274622
58    793         2.55546275     -5.19182742      1.63859198
59    793         2.60906984     -5.14579633      1.60963901
60    793         2.67448544     -5.11433944      1.59893810
61    793         2.72426982     -5.06885149      1.60589272
62    793         2.75365007     -5.01341743      1.60334261
63    793         2.77598193     -4.97835023      1.58371041
64    793         2.79979918     -4.95450249      1.56073602
65    793         2.79305241     -4.92170776      1.56379719
66    793         2.75353561     -4.87402354      1.58851600
67    793         2.71826773     -4.83147737      1.60943335
68    793         2.70211809     -4.80882189      1.60457425
69    793         2.70417178     -4.79879260      1.58421981
70    793         2.72350705     -4.80900748      1.58310512
71    793         2.76287111     -4.83045875      1.59824940
72    793         2.81358037     -4.84971323      1.60808548
73    793         2.85511328     -4.87130957      1.60383314
74    793         2.86094028     -4.88642180      1.61288999
75    793         2.84884334     -4.90686087      1.65579198
76    793         2.83829582     -4.95720955      1.70124038
77    793         2.85802911     -5.00204168      1.67548280
78    793         2.91205290     -5.03199122      1.57839915
79    793         2.96444397     -5.07427419      1.50081031
80    793         2.98287656     -5.12639704      1.49448741
81    793         2.97007952     -5.15815767      1.53224941
82    793         2.95950497     -5.15143529      1.54103371
83    793         2.96817997     -5.11248993      1.51039576
84    793         2.99930627     -5.06239154      1.46591445
85    793         3.03644626     -4.98665713      1.43533389
86    793         3.07947601     -4.90939327      1.42704497
87    793         3.13110384     -4.85358293      1.42523589
88    793         3.18794961     -4.82515024      1.40815564
89    793         3.22860059     -4.80906605      1.37867703
90    793         3.26332880     -4.78280363      1.35047576
91    793         3.30465693     -4.72371900      1.32162100
92    793         3.34970739     -4.61843294      1.29855928
93    793         3.37942317     -4.50546860      1.28446843
94    793         3.38661917     -4.40331063      1.26626889
95    793         3.37555943     -4.32292646      1.23346514
96    793         3.35585477     -4.24659664      1.18162530
97    793         3.33473010     -4.18051428      1.11920006
98    793         3.32354760     -4.11861552      1.05630155
99    793         3.32406267     -4.06083187      0.99003468
100   793         3.33975473     -4.00315398      0.92073484
101   793         3.37262637     -3.95202600      0.87119191
102   793         3.40314616     -3.91269188      0.84390149
103   793         3.39646831     -3.86810046      0.83784662
104   793         3.36584187     -3.82745926      0.85402650
105   793         3.34068913     -3.79689680      0.88425961
106   793         3.33508135     -3.77723170      0.91804931
107   793         3.34782960     -3.75030280      0.92237420
108   793         3.35539327     -3.74157905      0.88749508
109   793         3.34412465     -3.75373324      0.83087933
110   793         3.32443050     -3.78913637      0.77878059
111   793         3.30072691     -3.83919538      0.73600123
112   793         3.27777989     -3.89718012      0.69643105
113   793         3.24504285     -3.96903044      0.67364700
114   793         3.19535978     -4.05423340      0.67599967
115   793         3.14969679     -4.14828213      0.68644382
116   793         3.14190857     -4.23057458      0.68835779
117   793         3.14211020     -4.31168575      0.68228810
118   793         3.14054095     -4.39905492      0.68609911
119   793         3.17300636     -4.50258182      0.69575596
120   793         3.24546621     -4.59328696      0.69770040
121   793         3.30987088     -4.66119153      0.71573294
122   793         3.36330705     -4.70999363      0.76302551
123   793         3.41663881     -4.75182627      0.81273576
124   793         3.46198756     -4.79489863      0.83568774
125   793         3.48938731     -4.84385181      0.84585446
126   793         3.49576413     -4.91413941      0.87472878
127   793         3.48945252     -4.98040342      0.90257077
128   793         3.47542445     -5.02640408      0.89741590
129   793         3.46448206     -5.05475573      0.88164175
130   793         3.44939677     -5.06832042      0.86900009
131   793         3.43422377     -5.07663589      0.85249619
132   793         3.43057171     -5.09730536      0.81829705
133   793         3.45404234     -5.13292221      0.77198895
134   793         3.50134593     -5.18994267      0.74333769
135   793         3.54542678     -5.26071608      0.73223886
136   793         3.56365524     -5.32065453      0.72951153
137   793         3.54452743     -5.32859214      0.73434032
138   793         3.50126477     -5.27684557      0.74915972
139   793         3.44833113     -5.19763374      0.76605499
140   793         3.39993368     -5.13046138      0.77541591
141   793         3.36479714     -5.09500355      0.78404321
142   793         3.33609698     -5.08858811      0.80004877
143   793         3.33333511     -5.09212816      0.81060755
144   793         3.36422845     -5.08267656      0.79698435
145   793         3.41435351     -5.03914684      0.76035769
146   793         3.47670966     -4.94107043      0.71061324
147   793         3.49290055     -4.81928528      0.66769907
148   793         3.42793657     -4.70878966      0.64360076
149   793         3.30346483     -4.63952588      0.63709077
150   793         3.18219773     -4.61520507      0.66879331
151   793         3.11097955     -4.63530776      0.75505121
152   793         3.09305358     -4.67467776      0.84391326
153   793         3.09332940     -4.72140354      0.88249516
154   793         3.08992984     -4.78410268      0.87426043
155   793         3.08693315     -4.84363868      0.84600260
156   793         3.09738399     -4.86480972      0.80088434
157   793         3.11877519     -4.84369209      0.75226217
158   793         3.13023169     -4.81771758      0.72451140
159   793         3.10625393     -4.81506890      0.73112219
160   793         3.03807554     -4.83032972      0.75361718
161   793         2.98359100     -4.85217519      0.75821918
162   793         2.96261295     -4.88737477      0.74222400
163   793         2.95643141     -4.92842520      0.72041449
164   793         2.94840791     -4.95920506      0.71291680
165   793         2.92234805     -4.96963651      0.72123892
166   793         2.87754291     -4.95758491      0.73109334
167   793         2.83287679     -4.94104635      0.75114504
168   793         2.80463404     -4.91954199      0.77222399
169   793         2.79769935     -4.87566586      0.76874188
170   793         2.80953482     -4.81037992      0.73261302
171   793         2.82372659     -4.74696517      0.69655842
172   793         2.84227425     -4.70685865      0.69295351
173   793         2.85487684     -4.69201703      0.73157441
174   793         2.85793665     -4.69403486      0.79365478
175   793         2.84224543     -4.69960146      0.84585974
176   793         2.81606776     -4.69623691      0.86314733
177   793         2.78318821     -4.67439126      0.84382009
178   793         2.74006845     -4.63323400      0.80253030
179   793         2.69414762     -4.55748796      0.75836346
180   793         2.66027379     -4.46278932      0.73177891
181   793         2.65099351     -4.38927761      0.72169931
182   793         2.66157134     -4.37076966      0.71848608
183   793         2.67717607     -4.40200752      0.69752952
184   793         2.68758652     -4.42421677      0.67082678
185   793         2.69096947     -4.42114517      0.66697851
186   793         2.68489972     -4.39653727      0.68916902
187   793         2.67002565     -4.37082938      0.70263886
188   793         2.63880864     -4.34257541      0.69546308
189   793         2.61411604     -4.30253478      0.69055922
190   793         2.60040974     -4.25879218      0.70221217
191   793         2.60573840     -4.21865645      0.72410650
192   793         2.63352393     -4.20717796      0.74527129
193   793         2.68804407     -4.21473347      0.76550287
194   793         2.76270901     -4.22105227      0.79046979
195   793         2.83503465     -4.21948969      0.82231383
196   793         2.88474676     -4.22379046      0.85558684
197   793         2.90817038     -4.24132540      0.89812340
198   793         2.91227210     -4.27167738      0.95053264
199   793         2.88817395     -4.29844970      0.99473400
200   793         2.83858476     -4.30730947      1.00298313
201   793         2.77610126     -4.29941048      0.97426279
202   793         2.72093104     -4.26731803      0.93627427
203   793         2.66791470     -4.23190767      0.91316138
204   793         2.62149393     -4.19921809      0.89853696
205   793         2.58802994     -4.17895548      0.87979505
206   793         2.54387871     -4.15659341      0.87784815
207   793         2.49490233     -4.12945946      0.88869401
208   793         2.46173941     -4.09370435      0.89389311
209   793         2.45971848     -4.04679673      0.87909654
210   793         2.45297588     -3.99421682      0.86839288
211   793         2.42275459     -3.95114337      0.86472718
212   793         2.38840267     -3.93876476      0.84103447
213   793         2.36505644     -3.93742272      0.79773630
214   793         2.34551580     -3.94915212      0.75308742
215   793         2.33422171     -3.95721908      0.74737391
216   793         2.33712570     -3.96327009      0.78499442
217   793         2.34847207     -3.95588244      0.84895058
218   793         2.36518828     -3.92486719      0.92670932
219   793         2.38095752     -3.85492032      1.01670195
220   793         2.39477093     -3.77602201      1.10168358
221   793         2.41937179     -3.73604146      1.15709406
222   793         2.47301686     -3.73801649      1.17588992
223   793         2.52955392     -3.76667793      1.15334486
224   793         2.56572437     -3.76934957      1.12743585
225   793         2.59410316     -3.73519510      1.12411834
226   793         2.62025427     -3.68578185      1.14740139
227   793         2.63542239     -3.65065046      1.18673135
228   793         2.65200955     -3.62682397      1.24016449
229   793         2.69337562     -3.61047434      1.29743309
230   793         2.75581057     -3.59107151      1.34895665
231   793         2.83479769     -3.58817644      1.38850221
232   793         2.92053228     -3.60442848      1.39311962
233   793         3.00283490     -3.62952251      1.36337408
234   793         3.06477885     -3.65055837      1.33569123
235   793         3.11843178     -3.64528977      1.34486842
236   793         3.15794448     -3.62460175      1.36224424
237   793         3.18362310     -3.61044307      1.38893988
238   793         3.18712026     -3.61071532      1.41865962
239   793         3.16533966     -3.60903559      1.46160657
240   793         3.14144955     -3.60944849      1.50305331
241   793         3.12690282     -3.62067770      1.53640656
242   793         3.11469597     -3.65846484      1.56606423
243   793         3.09596642     -3.69896696      1.57018005
244   793         3.07198723     -3.73832030      1.55190591
245   793         3.06363236     -3.78283199      1.51006308
246   793         3.05522320     -3.84108679      1.47484588
247   793         3.02991386     -3.90058862      1.47236120
248   793         2.99592635     -3.93621503      1.50890436
249   793         2.96983144     -3.95847507      1.55659948
250   793         2.95972580     -3.95637554      1.60218991
251   793         2.96641190     -3.94017403      1.63392929
252   793         2.97201595     -3.92848131      1.64868986
253   793         2.99109052     -3.91590599      1.63678581
254   793         3.02212427     -3.89657157      1.60167490
255   793         3.05358835     -3.86676762      1.54501692
256   793         3.05804199     -3.81909619      1.49294090
257   793         3.03969741     -3.73220453      1.48665466
258   793         3.03212785     -3.64692909      1.50762503
259   793         3.04633083     -3.59178345      1.53654099
260   793         3.07288206     -3.57360530      1.55594516
261   793         3.12173205     -3.59275831      1.56888189
262   793         3.17720190     -3.63177650      1.55387955
263   793         3.23103073     -3.66750058      1.50720233
264   793         3.26970809     -3.68221682      1.42884778
265   793         3.27840376     -3.70663128      1.34581399
266   793         3.25554069     -3.74068999      1.28140563
267   793         3.22738438     -3.76987290      1.24741132
268   793         3.20147549     -3.78063053      1.24590114
269   793         3.15976000     -3.79061392      1.26991060
270   793         3.09914675     -3.80276980      1.32097700
271   793         3.04526041     -3.81805831      1.38729332
272   793         3.00189435     -3.83176451      1.44598959
273   793         2.96537905     -3.84534780      1.48805046
274   793         2.91685125     -3.84291090      1.49500743
275   793         2.85277464     -3.81654721      1.46436922
276   793         2.79184684     -3.76908227      1.40810467
277   793         2.73456058     -3.71132026      1.35375851
278   793         2.69050381     -3.66938218      1.33067040
279   793         2.64426787     -3.63785104      1.34583323
280   793         2.58960067     -3.59713010      1.39761056
281   793         2.54209332     -3.54151500      1.47120510
282   793         2.48433277     -3.48526018      1.55229522
283   793         2.42735835     -3.46424797      1.61567579
284   793         2.39607531     -3.46242081      1.64569070
285   793         2.38707255     -3.45710205      1.66051183
286   793         2.37098290     -3.44762234      1.67456162
287   793         2.34299515     -3.44931865      1.66961053
288   793         2.31796411     -3.46096103      1.64172196
289   793         2.31283992     -3.48186358      1.63056310
290   793         2.30763682     -3.50744892      1.66913752
291   793         2.28244986     -3.53255165      1.72252131
292   793         2.24477708     -3.54123377      1.76542100
293   793         2.21816775     -3.53213617      1.77974793
294   793         2.21184451     -3.50274934      1.76787842
295   793         2.22092114     -3.46778547      1.74232211
296   793         2.24658774     -3.43881306      1.69071156
297   793         2.29213041     -3.42345344      1.63070423
298   793         2.33200371     -3.41280111      1.57408197
299   793         2.34780077     -3.38761611      1.53368973
300   793         2.35119473     -3.34805391      1.50719468
301   793         2.36278066     -3.28674952      1.49626081
302   793         2.40395663     -3.19840876      1.50356485
303   793         2.45848428     -3.09806077      1.50575805
304   793         2.48998580     -3.01375074      1.47856178
305   793         2.50353844     -2.94229582      1.41005757
306   793         2.51892577     -2.88371463      1.33336930
307   793         2.53708985     -2.86077766      1.26038731
308   793         2.54127538     -2.88195237      1.20870347
309   793         2.51479888     -2.92631228      1.19409535
310   793         2.45798429     -2.96345114      1.21383183
311   793         2.39282637     -2.99771415      1.24722127
312   793         2.34621173     -3.02162859      1.26209209
313   793         2.29653976     -3.04069800      1.26696639
314   793         2.22211663     -3.03908809      1.27718453
315   793         2.12146041     -3.00935016      1.28411331
316   793         1.99940615     -2.95544928      1.29403760
317   793         1.89345650     -2.92371100      1.32095131
318   793         1.84064436     -2.94092610      1.33765725
319   793         1.81903325     -2.98283227      1.34276479
320   793         1.76492737     -3.00594447      1.34328393
321   793         1.66412326     -3.01473725      1.34659862
322   793         1.56239888     -3.05185910      1.36604437
323   793         1.47640550     -3.08376807      1.40753727
324   793         1.40024008     -3.09572337      1.45940143
325   793         1.34402928     -3.08175290      1.48597823
326   793         1.32401420     -3.07379281      1.47125841
327   793         1.32892391     -3.05846495      1.40231236
328   793         1.32911880     -3.02923115      1.29731816
329   793         1.30211069     -2.98848113      1.17951283
330   793         1.26301465     -2.94092692      1.11054515
331   793         1.22023808     -2.90000386      1.11671850
332   793         1.17085799     -2.88215354      1.17327304
333   793         1.11212329     -2.89170839      1.25174427
334   793         1.06276171     -2.93023310      1.32895131
335   793         1.03200517     -2.98715918      1.40952349
336   793         1.00467093     -3.03984084      1.48433799
337   793         0.96572179     -3.09523461      1.54607095
338   793         0.91591222     -3.14010049      1.54480041
339   793         0.85985753     -3.16824856      1.52289930
340   793         0.79722757     -3.18610050      1.52370778
341   793         0.73274700     -3.20730932      1.54948626
342   793         0.68244272     -3.23669958      1.57127877
343   793         0.63994604     -3.27631256      1.57129364
344   793         0.59750269     -3.32077660      1.55359598
345   793         0.58634770     -3.36737713      1.53336492
346   793         0.62926425     -3.42320362      1.50647460
347   793         0.70406301     -3.48256687      1.47015929
348   793         0.78314250     -3.53124397      1.44981767
349   793         0.83841633     -3.55863928      1.44548644
350   793         0.86290488     -3.57941841      1.45599418
351   793         0.84379557     -3.60201047      1.47137033
352   793         0.78255345     -3.62011397      1.50325829
353   793         0.70892492     -3.60538932      1.54326102
354   793         0.65224396     -3.56911593      1.59284018
355   793         0.61298484     -3.52801949      1.63911363
356   793         0.57519360     -3.49687199      1.66454227
357   793         0.55590261     -3.49767878      1.66165268
358   793         0.58038869     -3.52219651      1.63780180
359   793         0.65027602     -3.53810416      1.62321303
360   793         0.74401156     -3.55016863      1.62792549
361   793         0.83452406     -3.55203459      1.65446520
362   793         0.89986530     -3.55830431      1.67416442
363   793         0.92853598     -3.57302216      1.68175798
364   793         0.93397699     -3.60611068      1.67932248
365   793         0.94515911     -3.65915971      1.69820350
366   793         0.98703991     -3.72010806      1.73957460
367   793         1.04294047     -3.78718192      1.80005249
368   793         1.10121863     -3.84851122      1.85318216
369   793         1.14076632     -3.90455715      1.86858619
370   793         1.14846358     -3.95523139      1.83638892
371   793         1.13273370     -4.00995123      1.76820863
372   793         1.11215962     -4.06269218      1.68637944
373   793         1.10232637     -4.10994792      1.59748399
374   793         1.10904509     -4.13964077      1.51873421
375   793         1.12175405     -4.16093568      1.45487329
376   793         1.14405428     -4.17895350      1.40834335
377   793         1.18396606     -4.20211820      1.36685508
378   793         1.24074084     -4.24216207      1.33228730
379   793         1.29991518     -4.29925726      1.29971689
380   793         1.34224057     -4.37309259      1.27658805
381   793         1.37647193     -4.44177063      1.25831962
382   793         1.41194363     -4.48250003      1.25000866
383   793         1.45314290     -4.49646750      1.24025762
384   793         1.48621761     -4.48151225      1.23664379
385   793         1.51983932     -4.43275358      1.25100013
386   793         1.55088857     -4.36537266      1.27322530
387   793         1.58270578     -4.32302886      1.28853849
388   793         1.63744528     -4.33444157      1.29125741
389   793         1.71258951     -4.35232102      1.29438856
390   793         1.78150146     -4.34654640      1.28611482
391   793         1.81705665     -4.31937591      1.23622615
392   793         1.83893088     -4.29805544      1.13491186
393   793         1.85316746     -4.29797377      1.03640485
394   793         1.88930264     -4.29038090      0.96912709
395   793         1.93810645     -4.26364910      0.93910550
396   793         1.98816068     -4.22676195      0.94745784
397   793         2.03374439     -4.19181439      0.97612206
398   793         2.07595970     -4.15721287      1.02132684
399   793         2.09596275     -4.12586262      1.06320182
400   793         2.09508044     -4.09694185      1.07610235
401   793         2.08869955     -4.07761790      1.07280557
402   793         2.07974022     -4.08251481      1.07613161
403   793         2.06990258     -4.10884620      1.07968508
404   793         2.06038036     -4.13870371      1.07338928
405   793         2.05927573     -4.14587518      1.06537650
406   793         2.08789376     -4.11643113      1.07786669
407   793         2.13723423     -4.05855529      1.11595880
408   793         2.16897168     -4.00146536      1.13969728
409   793         2.18861149     -3.95463952      1.14850915
410   793         2.21887428     -3.91963228      1.14445622
411   793         2.26315035     -3.89145834      1.15146496
412   793         2.30940920     -3.87998722      1.18079365
413   793         2.34978451     -3.89791714      1.22398576
414   793         2.39427963     -3.93519885      1.24276320
415   793         2.43268045     -3.97007800      1.23592859
416   793         2.45438071     -3.98496685      1.23679505
417   793         2.45910078     -3.99862121      1.25128660
418   793         2.45785823     -4.02073155      1.25284557
419   793         2.44993828     -4.06590325      1.22468682
420   793         2.43990743     -4.10242994      1.16267436
421   793         2.43263632     -4.10243961      1.10429847
422   793         2.44441925     -4.08170426      1.06419862
423   793         2.46534891     -4.07543142      1.03025614
424   793         2.48930100     -4.07579242      0.98392807
425   793         2.50096173     -4.05382579      0.92073546
426   793         2.49227565     -4.00906431      0.85816603
427   793         2.47255406     -3.98216656      0.79328947
428   793         2.45820869     -4.00594114      0.73278107
429   793         2.45604576     -4.07926566      0.68202714
430   793         2.44621724     -4.15386351      0.65277378
431   793         2.42977555     -4.18354997      0.65737463
432   793         2.41048439     -4.18119135      0.70171825
433   793         2.40818215     -4.15955067      0.74543750
434   793         2.42513205     -4.12285133      0.77326768
435   793         2.45505742     -4.06068258      0.79866830
436   793         2.49480425     -3.99068600      0.80961529
437   793         2.53575598     -3.97010098      0.78881215
438   793         2.55850708     -4.02396900      0.72952035
439   793         2.55060554     -4.10994164      0.67093992
440   793         2.54218638     -4.17907410      0.61591067
441   793         2.54802289     -4.22155116      0.56771619
442   793         2.55505790     -4.24583924      0.53603052
443   793         2.53285062     -4.28814024      0.52183970
444   793         2.49933658     -4.34418408      0.50658638
445   793         2.47072712     -4.40328350      0.49998416
446   793         2.43037389     -4.44665485      0.52052019
447   793         2.37358161     -4.49319953      0.57176077
448   793         2.30704875     -4.53631788      0.61348103
449   793         2.24641536     -4.56768431      0.61647235
450   793         2.21081636     -4.58890689      0.61420825
451   793         2.20385877     -4.58419761      0.63873290
452   793         2.21882573     -4.57797101      0.68063348
453   793         2.24769633     -4.56388097      0.70479142
454   793         2.29077616     -4.55584040      0.70921630
455   793         2.33758556     -4.54549987      0.70388567
456   793         2.36617830     -4.53839547      0.71910177
457   793         2.35487821     -4.52699500      0.74687064
458   793         2.30437544     -4.51112163      0.76664733
459   793         2.23762813     -4.48676166      0.79138701
460   793         2.19044512     -4.47173324      0.84281213
461   793         2.17246533     -4.46363193      0.92056690
462   793         2.15786155     -4.46213005      0.99587656
463   793         2.12863911     -4.47952033      1.04388176
464   793         2.07597947     -4.50800696      1.06558353
465   793         2.01628063     -4.54927956      1.08672861
466   793         1.97088290     -4.58510336      1.11864336
467   793         1.93763479     -4.60600010      1.15167486
468   793         1.89411589     -4.59748502      1.16294458
469   793         1.84473364     -4.56292006      1.14667960
470   793         1.80995597     -4.50883922      1.11574146
471   793         1.79691343     -4.48001142      1.09217398
472   793         1.79235406     -4.47971165      1.07982398
473   793         1.77388204     -4.51999805      1.06553710
474   793         1.74647344     -4.58308753      1.03384558
475   793         1.72918417     -4.64062265      0.99297535
476   793         1.71994836     -4.65867844      0.95962426
477   793         1.71332270     -4.64969409      0.93643441
478   793         1.72318755     -4.62600170      0.93012736
479   793         1.75144188     -4.59170729      0.93472552
480   793         1.78222656     -4.57389584      0.92777096
481   793         1.78172763     -4.58141015      0.89100505
482   793         1.75281451     -4.61695060      0.84734667
483   793         1.73639105     -4.66331188      0.82437111
484   793         1.74618816     -4.73949680      0.82434633
485   793         1.75391995     -4.83247231      0.83242713
486   793         1.75160904     -4.92358069      0.85183134
487   793         1.74462235     -4.97983469      0.89638909
488   793         1.73722110     -4.97279340      0.96252431
489   793         1.71605496     -4.90864896      1.03335251
490   793         1.66815660     -4.83679689      1.10711588
491   793         1.63434441     -4.82202539      1.18884939
492   793         1.62090225     -4.87086760      1.27939255
493   793         1.60213115     -4.96031470      1.36606555
494   793         1.55841008     -5.05560436      1.44073788
495   793         1.51462190     -5.13546160      1.51886658
496   793         1.49694244     -5.18633971      1.60831938
497   793         1.49887644     -5.21832782      1.70326153
498   793         1.51430745     -5.24248638      1.79905268
499   793         1.54486123     -5.27362358      1.89047135
500   793         1.57994094     -5.29967283      1.96455945
501   793         1.59482762     -5.30101297      2.00321369
502   793         1.59175347     -5.27958988      2.00435027
503   793         1.58143661     -5.26467510      1.99117009
504   793         1.58711799     -5.29323166      1.99657006
505   793         1.60503431     -5.34454110      2.02165177
506   793         1.62563422     -5.37293846      2.06064931
507   793         1.64128018     -5.37089520      2.10920417
508   793         1.65361689     -5.38093983      2.16143930
509   793         1.65520143     -5.41510973      2.19859058
510   793         1.65306735     -5.46499443      2.22675405
511   793         1.63834881     -5.48915439      2.25794319
512   793         1.59738435     -5.48752303      2.26790211
513   793         1.54513265     -5.48237417      2.24872521
514   793         1.51048591     -5.51461122      2.23248450
515   793         1.51428669     -5.59379318      2.24656799
516   793         1.55439056     -5.69590406      2.27629443
517   793         1.60749288     -5.79427018      2.29395371
518   793         1.62864092     -5.85850709      2.28690374
519   793         1.61730190     -5.89396773      2.26408741
520   793         1.59626100     -5.91457076      2.22844538
521   793         1.57635627     -5.93746158      2.18858955
522   793         1.57618238     -5.95021618      2.16256707
523   793         1.60491640     -5.96016317      2.16115917
524   793         1.64109147     -5.97421377      2.17807232
525   793         1.67704165     -6.01034433      2.18721239
526   793         1.70569581     -6.03988114      2.18047678
527   793         1.74245656     -6.02828747      2.17042531
528   793         1.79180226     -5.99437727      2.15609758
529   793         1.84747035     -5.95680361      2.13951857
530   793         1.87418684     -5.94611493      2.12260082
531   793         1.84731011     -5.97060171      2.09162742
532   793         1.78225512     -6.01700387      2.05589258
533   793         1.73964418     -6.05095168      2.02602132
534   793         1.74993015     -6.07200282      2.01103618
535   793         1.79162191     -6.08084639      2.00627409
536   793         1.83453779     -6.07711606      2.00417849
537   793         1.86605564     -6.05376062      2.00050003
538   793         1.89523532     -6.02468853      1.99710238
539   793         1.91090673     -5.99755148      1.99633064
540   793         1.91279167     -5.96795473      1.99330068
541   793         1.89680590     -5.94281156      1.98190608
542   793         1.90395192     -5.93146597      1.95631706
543   793         1.93481165     -5.94718038      1.92865773
544   793         1.96191476     -5.97721153      1.90926566
545   793         1.97028133     -6.01499039      1.92453776
546   793         1.96612303     -6.04328062      1.96836288
547   793         1.97848779     -6.05997172      2.02144608
548   793         1.98907197     -6.05128098      2.05545096
549   793         1.99219300     -6.02272575      2.07675812
550   793         1.98447222     -5.99578124      2.10052535
551   793         1.97629862     -5.98273073      2.11719580
552   793         1.96185524     -5.97658677      2.12184039
553   793         1.94785739     -5.98079923      2.12146323
554   793         1.94217587     -5.99938417      2.11816958
555   793         1.96545107     -6.02735660      2.10512748
556   793         1.99137071     -6.06122746      2.09067390
557   793         1.99522296     -6.10401242      2.07974329
558   793         1.99051395     -6.15324959      2.07273958
559   793         1.99567946     -6.18816954      2.04892492
560   793         1.99762538     -6.21819166      2.02912238
561   793         1.99498381     -6.23368957      2.03315645
562   793         2.00243858     -6.21054527      2.05316166
563   793         2.00813013     -6.14853120      2.07648807
564   793         2.00792481     -6.06338040      2.09816156
565   793         1.98775647     -5.97483340      2.11402913
566   793         1.95569322     -5.92689858      2.10734862
567   793         1.94448322     -5.91982997      2.06858439
568   793         1.95440436     -5.91977251      2.02927971
569   793         1.96531764     -5.91365590      2.01160456
570   793         1.96154206     -5.89438917      2.00232175
571   793         1.92945562     -5.84187274      1.99762248
572   793         1.87291910     -5.76739016      2.00465474
573   793         1.82212110     -5.69111252      2.00845556
574   793         1.78860193     -5.61420561      1.97911638
575   793         1.78634723     -5.53907901      1.95104452
576   793         1.81462990     -5.47704025      1.96715035
577   793         1.85915453     -5.44433970      2.02420572
578   793         1.90408335     -5.44331392      2.07214688
579   793         1.93510379     -5.46019856      2.10849819
580   793         1.93114839     -5.46531655      2.15872356
581   793         1.90459920     -5.45374557      2.19531705
582   793         1.87074619     -5.43386211      2.21211001
583   793         1.82172201     -5.39849040      2.21668624
584   793         1.78890193     -5.37287285      2.21050685
585   793         1.79778566     -5.34567486      2.19271398
586   793         1.84384455     -5.29832069      2.14831150
587   793         1.90711346     -5.24572746      2.06658751
588   793         1.94994879     -5.20689580      1.97613523
589   793         1.95523501     -5.16790128      1.92530965
590   793         1.91904384     -5.12406939      1.93259683
591   793         1.86414301     -5.09076538      1.93231734
592   793         1.82440797     -5.06198540      1.88014246
593   793         1.80288594     -5.01517478      1.81016934
594   793         1.78411394     -4.96048520      1.73454935
595   793         1.78010630     -4.91029025      1.65430237
596   793         1.79727089     -4.87276576      1.57821651
597   793         1.79485747     -4.83663950      1.55681414
598   793         1.76071587     -4.80704198      1.58293022
599   793         1.71858752     -4.77145985      1.61883575
600   793         1.68241415     -4.69723851      1.61542976
601   793         1.64898469     -4.60671879      1.57827609
602   793         1.61861716     -4.51522459      1.50970593
603   793         1.57198541     -4.42413933      1.42708941
604   793         1.50720927     -4.35407861      1.36963527
605   793         1.42506471     -4.28763934      1.32653095
606   793         1.35302744     -4.23399915      1.30153245
607   793         1.32407595     -4.17861562      1.28353878
608   793         1.33673510     -4.13014879      1.25936343
609   793         1.36964748     -4.09551205      1.22987811
610   793         1.40233681     -4.06098300      1.21731043
611   793         1.44956821     -4.02013165      1.22630341
612   793         1.49064165     -3.97927270      1.25741280
613   793         1.54460893     -3.93853063      1.29500863
614   793         1.58439528     -3.90172432      1.33771876
615   793         1.64642889     -3.87671218      1.34209250
616   793         1.66710183     -3.84656759      1.36442851
617   793         1.68122799     -3.81685118      1.38863767
618   793         1.67229390     -3.78826257      1.41484857
619   793         1.67126226     -3.76195609      1.41534139
620   793         1.68723860     -3.74952847      1.38814934
621   793         1.75927589     -3.74837475      1.34024725
622   793         1.80549796     -3.72942498      1.33520570
623   709         3.72088167     -4.39262753     -0.02778368
624   709         3.79250726     -4.36238966     -0.06343787
625   709         3.85653503     -4.31957561     -0.10012521
626   709         3.89570515     -4.29290318     -0.12039104
627   709         3.92368324     -4.31315857     -0.11038783
628   709         3.94981239     -4.35765281     -0.10212941
629   709         3.96531866     -4.40136674     -0.10746876
630   709         3.98268113     -4.43079811     -0.12342027
631   709         3.99412698     -4.45377001     -0.12478674
632   709         3.98299487     -4.45582989     -0.14162652
633   709         3.96266353     -4.44298937     -0.19126315
634   709         3.96929647     -4.43794970     -0.27638151
635   709         4.00259717     -4.44950670     -0.36531803
636   709         4.04268705     -4.45757452     -0.41090003
637   709         4.06118101     -4.47664851     -0.42419924
638   709         4.04550960     -4.50679173     -0.42588857
639   709         3.98882426     -4.52121218     -0.40873076
640   709         3.88356714     -4.52104195     -0.36666315
641   709         3.76359551     -4.51914883     -0.33084465
642   709         3.73209817     -4.52528803     -0.34336569
643   709         3.78155883     -4.52327438     -0.40096978
644   709         3.83873836     -4.49122017     -0.47009541
645   709         3.86019650     -4.43281868     -0.51406528
646   709         3.84191771     -4.36574673     -0.55118388
647   709         3.79972089     -4.32272133     -0.59725461
648   709         3.74806742     -4.30100009     -0.64180141
649   709         3.68235475     -4.30159006     -0.66824591
650   709         3.60550913     -4.31271435     -0.69871892
651   709         3.53000678     -4.32986258     -0.75711267
652   709         3.48085729     -4.34559944     -0.82610351
653   709         3.43124919     -4.36832606     -0.87238334
654   709         3.35413148     -4.39181877     -0.89041762
655   709         3.29731386     -4.41451214     -0.92926821
656   709         3.24978631     -4.42335522     -0.98608025
657   709         3.22275994     -4.42678681     -1.05865754
658   709         3.20320652     -4.41736576     -1.11412557
659   709         3.17032678     -4.40044824     -1.14750064
660   709         3.15185220     -4.39234600     -1.19276533
661   709         3.14761650     -4.38014357     -1.22679254
662   709         3.17106638     -4.38682534     -1.26359772
663   709         3.21160653     -4.39278259     -1.28648274
664   709         3.23119093     -4.38790215     -1.26079006
665   709         3.25339591     -4.40912973     -1.23789480
666   709         3.27150139     -4.45168507     -1.22204830
667   709         3.27477938     -4.52046911     -1.19270738
668   709         3.28336482     -4.56776409     -1.17788142
669   709         3.30520288     -4.62094846     -1.15834527
670   709         3.35849348     -4.66152387     -1.13186994
671   709         3.42206347     -4.70032082     -1.12362776
672   709         3.48681360     -4.72847623     -1.12668479
673   709         3.57053152     -4.74738271     -1.13674660
674   709         3.68146829     -4.76305678     -1.14640036
675   709         3.76976260     -4.78033033     -1.17425446
676   709         3.76546119     -4.82764782     -1.22357225
677   709         3.70746044     -4.88156570     -1.26211572
678   709         3.66224157     -4.92219512     -1.27890892
679   709         3.65852830     -4.96930786     -1.28691166
680   709         3.69406080     -5.02055572     -1.27283836
681   709         3.77660784     -5.07507349     -1.23113408
682   709         3.87952969     -5.14712563     -1.19341482
683   709         3.99390888     -5.23566943     -1.17267801
684   709         4.06893952     -5.33829221     -1.15996705
685   709         4.10934487     -5.42122923     -1.16377290
686   709         4.13353357     -5.46147383     -1.19840004
687   709         4.15447961     -5.46438146     -1.26063472
688   709         4.18108345     -5.44678432     -1.30666343
689   709         4.20126565     -5.39738700     -1.31638258
690   709         4.23405610     -5.33709243     -1.29960869
691   709         4.25094039     -5.29773607     -1.28424136
692   709         4.23174753     -5.28947522     -1.26350530
693   709         4.18653121     -5.29192005     -1.25529263
694   709         4.16335617     -5.31355951     -1.28193957
695   709         4.18857347     -5.37279580     -1.34004891
696   709         4.23680124     -5.43611845     -1.39495076
697   709         4.26542268     -5.48761811     -1.40802006
698   709         4.27737081     -5.53620388     -1.39319462
699   709         4.27977507     -5.61773720     -1.38046571
700   709         4.28700318     -5.71714829     -1.38124025
701   709         4.29208920     -5.82094098     -1.39990662
702   709         4.29394392     -5.89383316     -1.40571326
703   709         4.30841464     -5.91991114     -1.36664315
704   709         4.32986728     -5.90232709     -1.32007729
705   709         4.36111910     -5.86859593     -1.31391485
706   709         4.38574073     -5.85831993     -1.32389794
707   709         4.38503280     -5.85683591     -1.34228262
708   709         4.35150480     -5.87563150     -1.35754089
709   709         4.31180615     -5.87233396     -1.37095870
710   709         4.28592215     -5.84059995     -1.37148362
711   709         4.28480181     -5.79136752     -1.35410712
712   709         4.28967100     -5.74189444     -1.34009472
713   709         4.26702322     -5.71900107     -1.33324641
714   709         4.21595619     -5.72842151     -1.32832227
715   709         4.15605592     -5.73184144     -1.30828219
716   709         4.09144555     -5.70463259     -1.30226121
717   709         4.03492264     -5.65914221     -1.32403295
718   709         3.99554509     -5.59464412     -1.38208183
719   709         3.98860881     -5.53872815     -1.43964548
720   709         4.00430558     -5.48684333     -1.46893317
721   709         4.04072565     -5.44748851     -1.50764298
722   709         4.06993245     -5.42667080     -1.54694701
723   709         4.08733447     -5.42730272     -1.57960187
724   709         4.09824071     -5.42532050     -1.60656020
725   709         4.10176429     -5.44158820     -1.64384339
726   709         4.09596427     -5.47700702     -1.67492918
727   709         4.08475251     -5.51752880     -1.68815654
728   709         4.09155671     -5.55652093     -1.67337946
729   709         4.10809607     -5.57333909     -1.62747503
730   709         4.12564212     -5.54385421     -1.58997209
731   709         4.13342066     -5.48782823     -1.58295785
732   709         4.15623595     -5.45218317     -1.60812134
733   709         4.18380431     -5.41845001     -1.63911776
734   709         4.20353193     -5.39000312     -1.65177748
735   709         4.20035850     -5.37847072     -1.64345664
736   709         4.17503497     -5.40569717     -1.62346281
737   709         4.15038636     -5.45687203     -1.58659991
738   709         4.14526550     -5.51050233     -1.53212007
739   709         4.17244111     -5.53225903     -1.46285220
740   709         4.22876864     -5.52492191     -1.37408404
741   709         4.29380233     -5.50864138     -1.27309170
742   709         4.35691893     -5.47557764     -1.16921542
743   709         4.40239268     -5.42657158     -1.09478046
744   709         4.41779202     -5.37197647     -1.05764136
745   709         4.40382890     -5.32718635     -1.04762784
746   709         4.35903907     -5.28739333     -1.06170782
747   709         4.30065859     -5.25748313     -1.10691673
748   709         4.25591997     -5.21191721     -1.16413047
749   709         4.21116190     -5.13999037     -1.22148012
750   709         4.16565334     -5.05390369     -1.27167328
751   709         4.12103289     -4.96027427     -1.32527810
752   709         4.10655099     -4.85750681     -1.38884968
753   709         4.12436083     -4.75103470     -1.46343207
754   709         4.17220106     -4.66194012     -1.55053706
755   709         4.20735252     -4.62342544     -1.62808007
756   709         4.20060035     -4.64764054     -1.66405014
757   709         4.17958857     -4.70506383     -1.67049572
758   709         4.15316655     -4.73747849     -1.66255935
759   709         4.10619260     -4.72546351     -1.66733776
760   709         4.04651546     -4.67555547     -1.69024071
761   709         3.99656330     -4.61057888     -1.70181972
762   709         3.99768973     -4.55386164     -1.66511411
763   709         4.03104844     -4.53476689     -1.59576748
764   709         4.04675382     -4.54574621     -1.53842120
765   709         4.02443950     -4.56144314     -1.50939046
766   709         3.97783245     -4.57745413     -1.49387297
767   709         3.93100033     -4.59485865     -1.45460014
768   709         3.90114127     -4.62015857     -1.42153931
769   709         3.87211656     -4.66814078     -1.43728964
770   709         3.82252302     -4.72946898     -1.48212314
771   709         3.76202647     -4.76151766     -1.52429544
772   709         3.68532369     -4.76561535     -1.53699375
773   709         3.59588617     -4.77560284     -1.50919272
774   709         3.49153958     -4.80077338     -1.46953553
775   709         3.38020472     -4.82855311     -1.45124780
776   709         3.28130920     -4.85457334     -1.43845094
777   709         3.22242005     -4.87185646     -1.42174364
778   709         3.20529342     -4.87768470     -1.39964569
779   709         3.19103314     -4.88045215     -1.37842936
780   709         3.16016365     -4.90326001     -1.33949659
781   709         3.11225675     -4.94800304     -1.30520498
782   709         3.05867361     -5.01498124     -1.29208136
783   709         2.99247359     -5.07279164     -1.30271252
784   709         2.94052791     -5.09659400     -1.30879288
785   709         2.89760212     -5.09669324     -1.29666727
786   709         2.85500208     -5.10723739     -1.27522673
787   709         2.80290064     -5.11988247     -1.25396668
788   709         2.73944723     -5.10315056     -1.24427052
789   709         2.69108219     -5.07535397     -1.25413490
790   709         2.64082323     -5.07301832     -1.27309289
791   709         2.58249915     -5.11661999     -1.27732827
792   709         2.51353539     -5.17607378     -1.23877124
793   709         2.45564152     -5.23101863     -1.15350980
794   709         2.41778976     -5.28719000     -1.05715765
795   709         2.39855599     -5.35943231     -0.98295351
796   709         2.36206030     -5.43186124     -0.93362942
797   709         2.27509707     -5.48508803     -0.90284337
798   709         2.16448334     -5.51732589     -0.89462899
799   709         2.09020153     -5.53756950     -0.89963379
800   709         2.10146424     -5.55540737     -0.88789424
801   709         2.16901848     -5.57390238     -0.85676853
802   709         2.22652324     -5.60981221     -0.83452261
803   709         2.24036892     -5.67092443     -0.85001961
804   709         2.25482173     -5.76130216     -0.88967530
805   709         2.30260441     -5.86329341     -0.89915548
806   709         2.34852459     -5.93635959     -0.88763636
807   709         2.34256254     -5.93978821     -0.87689317
808   709         2.28420093     -5.86784157     -0.86806952
809   709         2.20283257     -5.76980168     -0.86259006
810   709         2.12577076     -5.67514866     -0.85735000
811   709         2.07545469     -5.58027075     -0.84612311
812   709         2.04447524     -5.47657317     -0.82792117
813   709         2.03574810     -5.38833786     -0.80585871
814   709         2.05203085     -5.33652213     -0.76055351
815   709         2.08250357     -5.32613940     -0.68490864
816   709         2.10159383     -5.34465210     -0.58897993
817   709         2.09986704     -5.37171013     -0.48702684
818   709         2.06678070     -5.39236029     -0.39368730
819   709         1.98966504     -5.38180037     -0.32795224
820   709         1.88531660     -5.34890384     -0.30623248
821   709         1.76899838     -5.31282203     -0.30114613
822   709         1.65402281     -5.28297263     -0.27676190
823   709         1.53917720     -5.25910140     -0.21563922
824   709         1.43146905     -5.23830833     -0.13493414
825   709         1.36939600     -5.21574129     -0.05032224
826   709         1.34076233     -5.19989682      0.01547304
827   709         1.28678355     -5.20729660      0.05612729
828   709         1.19171549     -5.23966008      0.07703978
829   709         1.10919111     -5.29330338      0.10513836
830   709         1.07872545     -5.33578765      0.16664769
831   709         1.08278354     -5.35191385      0.25440713
832   709         1.08700956     -5.35052421      0.33051361
833   709         1.07377628     -5.35050041      0.37165575
834   709         1.05899020     -5.35755379      0.39598723
835   709         1.05631989     -5.35880265      0.44073455
836   709         1.05022492     -5.35994444      0.50581149
837   709         1.00265042     -5.36282827      0.55117895
838   709         0.91421597     -5.36878761      0.56473588
839   709         0.81779819     -5.38319893      0.57873983
840   709         0.74899919     -5.40990848      0.62549549
841   709         0.71610478     -5.45625377      0.69190924
842   709         0.71402991     -5.51245331      0.76209209
843   709         0.72608923     -5.58134056      0.82556714
844   709         0.73028551     -5.65425826      0.87230609
845   709         0.72729961     -5.72440587      0.90669971
846   709         0.71856411     -5.77906777      0.93682164
847   709         0.69249485     -5.80508451      0.95027163
848   709         0.62952793     -5.81472733      0.94713132
849   709         0.53511085     -5.83238496      0.94212285
850   709         0.45861361     -5.85877518      0.94808572
851   709         0.44255244     -5.89732567      0.96195615
852   709         0.47205505     -5.95148897      0.99175068
853   709         0.50491699     -6.01986420      1.02870235
854   709         0.53222960     -6.09603318      1.06524809
855   709         0.54700947     -6.15365240      1.08780025
856   709         0.54341215     -6.18187897      1.09184797
857   709         0.51039705     -6.17607750      1.11025295
858   709         0.44971979     -6.16537054      1.14262669
859   709         0.37178574     -6.15510102      1.19430187
860   709         0.26729846     -6.15055815      1.24644296
861   709         0.14982016     -6.13302295      1.29878813
862   709         0.05286373     -6.11711207      1.33825745
863   709         0.00163255     -6.11231607      1.35973990
864   709        -0.01711866     -6.10497088      1.36841417
865   709        -0.01746128     -6.09980342      1.37945867
866   709         0.00979596     -6.10884588      1.40148462
867   709         0.06980931     -6.13103848      1.42494660
868   709         0.15068152     -6.15551374      1.43840178
869   709         0.22995715     -6.18488068      1.42746976
870   709         0.26444183     -6.23736538      1.42058715
871   709         0.24804043     -6.32059462      1.43411404
872   709         0.21516570     -6.42034427      1.45183043
873   709         0.19647229     -6.50829952      1.47773868
874   709         0.19419861     -6.57574022      1.52004331
875   709         0.20795522     -6.63563221      1.55874578
876   709         0.23984738     -6.68311757      1.57572845
877   709         0.28103084     -6.71423783      1.55907779
878   709         0.31080937     -6.73834353      1.51648463
879   709         0.31325216     -6.76666522      1.47809746
880   709         0.27920494     -6.81654881      1.47662194
881   709         0.22836037     -6.88557312      1.50802525
882   709         0.18381505     -6.94972422      1.55986719
883   709         0.14642454     -6.99006942      1.62837922
884   709         0.11069184     -6.99650114      1.71646261
885   709         0.07700919     -6.98946677      1.79556572
886   709         0.06558508     -6.99800301      1.83352511
887   709         0.07958846     -7.02701521      1.82157226
888   709         0.10254134     -7.05915032      1.78189145
889   709         0.10946346     -7.07703867      1.74009495
890   709         0.09454249     -7.07911311      1.71134056
891   709         0.05649088     -7.08571372      1.70809936
892   709         0.00033177     -7.10054046      1.72065214
893   709        -0.06012724     -7.10723458      1.73408383
894   709        -0.10824370     -7.09967477      1.72549687
895   709        -0.14551496     -7.09446383      1.70411728
896   709        -0.18389069     -7.08672029      1.67827546
897   709        -0.22350328     -7.07273239      1.66051930
898   709        -0.25584326     -7.05036404      1.63981841
899   709        -0.28415647     -7.03103943      1.61018043
900   709        -0.32328112     -7.01301287      1.56783343
901   709        -0.35531818     -6.98549901      1.53690801
902   709        -0.37978655     -6.94651559      1.53132290
903   709        -0.41265570     -6.90934013      1.52943173
904   709        -0.48611073     -6.90130566      1.51336156
905   709        -0.57136883     -6.91585153      1.49456906
906   709        -0.63974210     -6.93361479      1.49851174
907   709        -0.69807039     -6.94441100      1.51480613
908   709        -0.75820161     -6.95020573      1.52372934
909   709        -0.82520174     -6.96330476      1.51248759
910   709        -0.87637097     -6.98181328      1.49702707
911   709        -0.90116795     -6.99810917      1.46744331
912   709        -0.89389998     -6.99336350      1.42646203
913   709        -0.87949111     -6.97322321      1.39156323
914   709        -0.88084822     -6.95220139      1.36261462
915   709        -0.90832990     -6.96510404      1.31915412
916   709        -0.94152605     -7.02760798      1.27466128
917   709        -0.97501249     -7.12695263      1.25663241
918   709        -0.99928387     -7.24157638      1.25710012
919   709        -1.00602810     -7.32636325      1.26172710
920   709        -0.99646361     -7.37678955      1.24493905
921   709        -0.96868259     -7.41849335      1.21643674
922   709        -0.93172678     -7.49512158      1.18052280
923   709        -0.89139966     -7.59040251      1.15233585
924   709        -0.86922602     -7.66875815      1.12508550
925   709        -0.87290799     -7.71765759      1.10785770
926   709        -0.89453148     -7.76083927      1.10180502
927   709        -0.92963958     -7.81958946      1.10829007
928   709        -0.97521417     -7.88647047      1.11351501
929   709        -1.01626753     -7.93141764      1.10636869
930   709        -1.04102377     -7.94416309      1.07167651
931   709        -1.06036992     -7.95721386      1.00295931
932   709        -1.08369525     -7.99143587      0.92523728
933   709        -1.11819877     -8.04814786      0.86669809
934   709        -1.14588444     -8.10733113      0.85617387
935   709        -1.16066351     -8.14619196      0.88094813
936   709        -1.17518284     -8.15329649      0.91368857
937   709        -1.19429973     -8.14649437      0.91173968
938   709        -1.23589961     -8.15048665      0.88130168
939   709        -1.29186677     -8.16225793      0.83901561
940   709        -1.34783570     -8.15645302      0.81291655
941   709        -1.37790963     -8.12479900      0.80466517
942   709        -1.37627870     -8.06864843      0.82275498
943   709        -1.36941456     -8.00781359      0.86741837
944   709        -1.38548475     -7.96507311      0.91359672
945   709        -1.42779447     -7.94478806      0.94743669
946   709        -1.48403177     -7.91754786      0.94607970
947   709        -1.53353498     -7.86970330      0.93879964
948   709        -1.55825624     -7.81422605      0.94357018
949   709        -1.58758740     -7.75732350      0.97691726
950   709        -1.62121916     -7.70775188      1.02144098
951   709        -1.63030151     -7.66142276      1.06161349
952   709        -1.59782388     -7.62167467      1.08828703
953   709        -1.54112378     -7.60599545      1.10021103
954   709        -1.46764537     -7.64002376      1.10530453
955   709        -1.39866261     -7.69260327      1.10032639
956   709        -1.34961103     -7.71654506      1.06151522
957   709        -1.31974898     -7.70374338      0.99109461
958   709        -1.29406442     -7.68993439      0.91197359
959   709        -1.27141468     -7.70348991      0.84604120
960   709        -1.25592844     -7.73022197      0.80308188
961   709        -1.25270335     -7.75422844      0.78373512
962   709        -1.26286731     -7.78053420      0.78952460
963   709        -1.26441845     -7.81216446      0.80887802
964   709        -1.26992349     -7.83120109      0.82547917
965   709        -1.28784270     -7.85167863      0.82863766
966   709        -1.34148245     -7.86729864      0.80500403
967   709        -1.41976872     -7.88411108      0.75564325
968   709        -1.50076071     -7.91699846      0.69119508
969   709        -1.56903343     -7.96478416      0.62998532
970   709        -1.61008341     -8.01357810      0.58259415
971   709        -1.61292539     -8.06525232      0.55784098
972   709        -1.57733252     -8.11440492      0.56061888
973   709        -1.53807440     -8.15949820      0.57959020
974   709        -1.52154294     -8.20211552      0.60096856
975   709        -1.53502924     -8.25818637      0.60555916
976   709        -1.57207688     -8.32680169      0.60408958
977   709        -1.60038023     -8.38104940      0.61827320
978   709        -1.61872699     -8.40904573      0.63045194
979   709        -1.62500157     -8.43432194      0.64709676
980   709        -1.62879297     -8.47137814      0.66105345
981   709        -1.63274643     -8.50438971      0.65874732
982   709        -1.64777414     -8.52051950      0.63857895
983   709        -1.68222845     -8.55263408      0.63267306
984   709        -1.71409633     -8.59897736      0.62879722
985   709        -1.71356714     -8.62896134      0.60120353
986   709        -1.68833122     -8.62182758      0.53908280
987   709        -1.66998656     -8.58045619      0.47291261
988   709        -1.67403262     -8.51751153      0.43058008
989   709        -1.71807831     -8.46989303      0.42953018
990   709        -1.79200793     -8.47210200      0.46230696
991   709        -1.85933645     -8.50326757      0.49238322
992   709        -1.88836943     -8.54007745      0.50707834
993   709        -1.88748664     -8.59508778      0.50776593
994   709        -1.87987483     -8.67126924      0.49947589
995   709        -1.86784862     -8.72708659      0.49112176
996   709        -1.83626831     -8.74344548      0.51214420
997   709        -1.80477644     -8.75092892      0.57791630
998   709        -1.77339477     -8.75762126      0.66132471
999   709        -1.73857903     -8.73822120      0.73598135
1000  709        -1.70106323     -8.71003532      0.77516511
1001  709        -1.68637679     -8.71160541      0.76977472
1002  709        -1.70029755     -8.74625351      0.71061658
1003  709        -1.71670418     -8.81075641      0.64487831
1004  709        -1.69662636     -8.87548976      0.63703188
1005  709        -1.61746586     -8.92574300      0.66915365
1006  709        -1.52840763     -8.95132111      0.71487796
1007  709        -1.46252151     -8.93636454      0.73393680
1008  709        -1.46025249     -8.87166648      0.72642382
1009  709        -1.49384931     -8.79545899      0.68606413
1010  709        -1.53193435     -8.74199530      0.64971841
1011  709        -1.52677341     -8.72428837      0.67234414
1012  709        -1.49341399     -8.75746593      0.73257380
1013  709        -1.46910604     -8.84533406      0.78879259
1014  709        -1.46457968     -8.97754743      0.85145253
1015  709        -1.45492165     -9.10045934      0.92096167
1016  709        -1.42777720     -9.19193275      0.94489573
1017  709        -1.39844456     -9.25302931      0.91181104
1018  709        -1.38133311     -9.28068335      0.83687130
1019  709        -1.39003884     -9.27010025      0.75588436
1020  709        -1.40141633     -9.24809435      0.69115402
1021  709        -1.37702059     -9.23014502      0.67714693
1022  709        -1.28066571     -9.22302159      0.73256912
1023  709        -1.15791020     -9.22653065      0.82936485
1024  709        -1.04897272     -9.23385424      0.94287273
1025  709        -0.96199410     -9.22880623      1.04566776
1026  709        -0.88788813     -9.20397740      1.12940526
1027  709        -0.80058045     -9.20266087      1.17561101
1028  709        -0.71593673     -9.23261890      1.18273937
1029  709        -0.67658466     -9.27055326      1.15619032
1030  709        -0.67597603     -9.28515434      1.14765787
1031  709        -0.68573629     -9.27637966      1.16734688
1032  709        -0.70978977     -9.23398195      1.21325335
1033  709        -0.72301006     -9.19881444      1.26176567
1034  709        -0.68468813     -9.22537855      1.29070475
1035  709        -0.61699755     -9.28609033      1.30103044
1036  709        -0.54527451     -9.33150725      1.28545168
1037  709        -0.49278137     -9.32926887      1.27966962
1038  709        -0.46436973     -9.31104104      1.29176923
1039  709        -0.43889114     -9.28402262      1.31050137
1040  709        -0.38904783     -9.24633551      1.33479883
1041  709        -0.31799866     -9.20810922      1.34361959
1042  709        -0.28470701     -9.19246757      1.35009286
1043  709        -0.28732216     -9.21276233      1.37623528
1044  709        -0.29797753     -9.24263836      1.40164175
1045  709        -0.29088722     -9.24279032      1.40994091
1046  709        -0.27559625     -9.19492956      1.39423344
1047  709        -0.26364645     -9.12184197      1.35925098
1048  709        -0.27602063     -9.04908932      1.31270191
1049  709        -0.34115390     -8.99830959      1.28216364
1050  709        -0.42302124     -8.96490562      1.25710856
1051  709        -0.49767680     -8.96131053      1.21819298
1052  709        -0.55093814     -8.98509156      1.17393187
1053  709        -0.59937378     -8.99760007      1.14499912
1054  709        -0.64588739     -8.97951215      1.15726654
1055  709        -0.68303751     -8.96009198      1.19089804
1056  709        -0.68054792     -8.95428604      1.21866093
1057  709        -0.64218141     -8.94959421      1.24944242
1058  709        -0.62096085     -8.97356303      1.29771278
1059  709        -0.59115724     -9.00596044      1.35369692
1060  709        -0.54942165     -9.03390844      1.37199553
1061  709        -0.51270890     -9.07332412      1.40532008
1062  709        -0.53265271     -9.11271738      1.45537290
1063  709        -0.59605816     -9.13228783      1.54797245
1064  709        -0.62323439     -9.12515567      1.59207402
1065  709        -0.60146324     -9.08030504      1.57301785
1066  709        -0.58329357     -9.03500644      1.54655066
1067  709        -0.59954917     -9.01816383      1.55983492
1068  709        -0.59250656     -9.01484284      1.59225584
1069  709        -0.54976879     -9.00931018      1.59424265
1070  709        -0.49225361     -8.99961366      1.58810098
1071  709        -0.45685546     -9.01450694      1.59154775
1072  709        -0.43474245     -9.04040203      1.58040729
1073  709        -0.40106660     -9.04656412      1.54109756
1074  709        -0.36569185     -9.00595418      1.49571366
1075  709        -0.34128922     -8.92959853      1.46570209
1076  709        -0.31631419     -8.84499828      1.44797077
1077  709        -0.27417391     -8.77653053      1.44974912
1078  709        -0.23424073     -8.73193709      1.49376662
1079  709        -0.21754072     -8.71980406      1.58017039
1080  709        -0.20939369     -8.74226653      1.65366266
1081  709        -0.15829202     -8.78010420      1.69101012
1082  709        -0.06457830     -8.78612807      1.71127995
1083  709         0.02942259     -8.73499922      1.74517750
1084  709         0.07658609     -8.67408706      1.77770481
1085  709         0.09999538     -8.64394322      1.78548074
1086  709         0.11975424     -8.63233093      1.76289168
1087  709         0.12833273     -8.60268042      1.74390577
1088  709         0.13864453     -8.55711330      1.74451827
1089  709         0.15178740     -8.51686354      1.74717919
1090  709         0.15337475     -8.50337203      1.73507631
1091  709         0.15212324     -8.51802164      1.72117426
1092  709         0.16711228     -8.54774191      1.70727416
1093  709         0.21114244     -8.55644297      1.68838006
1094  709         0.24410014     -8.54760662      1.63858645
1095  709         0.26278950     -8.55154214      1.55483825
1096  709         0.26723763     -8.58942484      1.47164833
1097  709         0.26851556     -8.62439505      1.42246763
1098  709         0.24239248     -8.63266500      1.43684661
1099  709         0.18106967     -8.62548375      1.46871753
1100  709         0.13756743     -8.59509467      1.47810400
1101  709         0.14990603     -8.55684828      1.44962156
1102  709         0.20617657     -8.52873479      1.38504166
1103  709         0.26576276     -8.51323549      1.31479962
1104  709         0.32268068     -8.50151169      1.27141982
1105  709         0.37315223     -8.49526524      1.26757020
1106  709         0.40507450     -8.50096498      1.27891866
1107  709         0.42090759     -8.52232900      1.28207377
1108  709         0.42483558     -8.52962856      1.25212881
1109  709         0.44250638     -8.51362946      1.21456299
1110  709         0.46817134     -8.47197050      1.16684347
1111  709         0.47380714     -8.43602229      1.11383534
1112  709         0.44263398     -8.41771994      1.07193793
1113  709         0.40016575     -8.39726184      1.04399816
1114  709         0.36009150     -8.35032435      1.03299944
1115  709         0.29676426     -8.27919168      1.04829409
1116  709         0.22384057     -8.22018927      1.09980631
1117  709         0.13752552     -8.17222375      1.16610096
1118  709         0.07195934     -8.14056732      1.21033045
1119  709         0.03613397     -8.11619888      1.20696969
1120  709         0.00896339     -8.09328086      1.18618710
1121  709         0.00467185     -8.03904411      1.17804756
1122  709         0.03224076     -7.94997156      1.16324310
1123  709         0.06804617     -7.86573997      1.12267100
1124  709         0.07650059     -7.82089083      1.07632878
1125  709         0.07691112     -7.84397261      1.07710541
1126  709         0.06377124     -7.90331894      1.11602319
1127  709         0.05477304     -7.96181146      1.17634150
1128  709         0.05871739     -7.96024851      1.22840738
1129  709         0.09389120     -7.90229756      1.26869922
1130  709         0.15113086     -7.83627059      1.29447483
1131  709         0.19175895     -7.77504401      1.31538919
1132  709         0.21322931     -7.72921178      1.32708439
1133  709         0.23432069     -7.71491876      1.32494141
1134  709         0.24381929     -7.74012964      1.31014822
1135  709         0.22374861     -7.76703468      1.29546228
1136  709         0.16818854     -7.77023223      1.27550641
1137  709         0.10056445     -7.75103175      1.24808003
1138  709         0.03702146     -7.74765566      1.23474050
1139  709        -0.01290533     -7.76752252      1.24301131
1140  709        -0.03715179     -7.79331245      1.24767932
1141  709        -0.02571982     -7.78943397      1.23416493
1142  709         0.03281031     -7.73309321      1.20501097
1143  709         0.11036942     -7.65792340      1.17405094
1144  709         0.17126718     -7.59671356      1.15483434
1145  709         0.19847371     -7.54363905      1.14860553
1146  709         0.19473126     -7.50725785      1.16204849
1147  709         0.18260671     -7.48198243      1.18673515
1148  709         0.18080837     -7.46695532      1.21352859
1149  709         0.18468902     -7.45774034      1.24127588
1150  709         0.18593152     -7.45388567      1.28863194
1151  709         0.19375372     -7.43824278      1.35452096
1152  709         0.21938804     -7.39224942      1.41389953
1153  709         0.25131005     -7.32365920      1.44768690
1154  709         0.27901273     -7.25277537      1.45937682
1155  709         0.30073981     -7.19816777      1.46762844
1156  709         0.30827526     -7.15162385      1.47420951
1157  709         0.29122928     -7.11153234      1.48565896
1158  709         0.24365694     -7.07880417      1.49993684
1159  709         0.17781766     -7.04865123      1.50491344
1160  709         0.12643883     -7.02986257      1.47590605
1161  709         0.10047366     -7.01269994      1.42007652
1162  709         0.08692730     -7.00373130      1.38145971
1163  709         0.06348648     -6.98471352      1.38719777
1164  709         0.02517129     -6.94583027      1.41924836
1165  709        -0.00659865     -6.87824005      1.45233827
1166  709        -0.02212501     -6.81559112      1.49008710
1167  709        -0.03088869     -6.78302397      1.52635176
1168  709        -0.06714829     -6.77988567      1.52941610
1169  709        -0.13360704     -6.79632103      1.49264092
1170  709        -0.21511412     -6.81722876      1.44533198
1171  709        -0.27304836     -6.82216033      1.42277883
1172  709        -0.28870339     -6.79628751      1.44562711
1173  709        -0.27866601     -6.75870306      1.49048676
1174  709        -0.27991077     -6.72562330      1.51848164
1175  709        -0.30160400     -6.71628255      1.50622985
1176  709        -0.32501443     -6.72523487      1.47215778
1177  709        -0.33705884     -6.72426231      1.43166106
1178  709        -0.32760162     -6.69300719      1.41201581
1179  709        -0.32368334     -6.65793506      1.43166976
1180  709        -0.33855242     -6.65589540      1.46029336
1181  709        -0.37427847     -6.67209405      1.48233152
1182  709        -0.41607326     -6.70159315      1.50839230
1183  709        -0.45216697     -6.73506510      1.53742871
1184  709        -0.48621400     -6.75860160      1.54333465
1185  709        -0.48367660     -6.77444800      1.52255878
1186  709        -0.43396852     -6.79544946      1.49010660
1187  709        -0.37194552     -6.80312866      1.45706130
1188  709        -0.33726530     -6.79024986      1.44416402
1189  709        -0.33714397     -6.77210070      1.48278455
1190  709        -0.37774375     -6.75906556      1.55468035
1191  709        -0.42822435     -6.74416327      1.59984823
1192  709        -0.46490803     -6.72907598      1.61169862
1193  709        -0.47999620     -6.70776221      1.61215541
1194  709        -0.47436593     -6.66786089      1.62135060
1195  709        -0.45459330     -6.61697533      1.62428251
1196  709        -0.41448272     -6.56389879      1.59619407
1197  709        -0.37561380     -6.52775283      1.53820395
1198  709        -0.37969852     -6.53092372      1.47201258
1199  709        -0.43174057     -6.58414157      1.42658188
1200  709        -0.47045790     -6.63299308      1.40557300
1201  709        -0.47389817     -6.62872776      1.40995816
1202  709        -0.45130641     -6.58734370      1.42444122
1203  709        -0.42881388     -6.54765258      1.44328254
1204  709        -0.41585196     -6.52488729      1.45176956
1205  709        -0.39544132     -6.49441709      1.44204916
1206  709        -0.37382089     -6.46010061      1.40961664
1207  709        -0.37430248     -6.46444336      1.38926295
1208  709        -0.39480204     -6.53592779      1.38185067
1209  709        -0.42931131     -6.63113221      1.38012866
1210  709        -0.45027379     -6.70896686      1.36502724
1211  709        -0.42621595     -6.75889109      1.31578099
1212  709        -0.36786929     -6.78189181      1.25157197
1213  709        -0.33204703     -6.77368143      1.19498348
1214  709        -0.34707751     -6.74481252      1.16239712
1215  709        -0.39101496     -6.71299740      1.14737899
1216  709        -0.43739988     -6.69278385      1.15403144
1217  709        -0.48942226     -6.67509159      1.16434122
1218  709        -0.55105802     -6.65708444      1.14977212
1219  709        -0.60767961     -6.67358267      1.09726367
1220  709        -0.64126491     -6.73988267      1.02146655
1221  709        -0.65193459     -6.81897918      0.94673082
1222  709        -0.64788480     -6.87130622      0.89955824
1223  709        -0.61502097     -6.92925741      0.86951251
1224  709        -0.57396918     -7.00060192      0.82661428
1225  709        -0.54423672     -7.04127465      0.77386793
1226  709        -0.49434020     -7.04966140      0.73314581
1227  709        -0.44283325     -7.03673576      0.69458746
1228  709        -0.40952523     -7.02564044      0.66792645
1229  709        -0.36907653     -7.02923086      0.63664681
1230  709        -0.31480196     -7.03975443      0.60145423
1231  709        -0.28550615     -7.06506818      0.57078309
1232  709        -0.29465206     -7.12424742      0.55076689
1233  709        -0.29952380     -7.21610950      0.52416780
1234  709        -0.27538486     -7.28588034      0.49325460
1235  709        -0.24444867     -7.30298499      0.43476915
1236  709        -0.24931954     -7.28318273      0.35335731
1237  709        -0.25101151     -7.25394126      0.25203018
1238  709        -0.21459173     -7.24800858      0.15084612
1239  709        -0.16256052     -7.27325701      0.06374872
1240  709        -0.12418497     -7.32378715      0.02859349
1241  709        -0.12264698     -7.37381325      0.06613772
1242  709        -0.15669841     -7.42097396      0.14028803
1243  709        -0.22852699     -7.46441133      0.19998154
1244  709        -0.30680439     -7.49161486      0.20444212
1245  709        -0.36862905     -7.49338050      0.15250810
1246  709        -0.41195016     -7.47346719      0.08763494
1247  709        -0.44013501     -7.45752975      0.06142736
1248  709        -0.46830206     -7.44225335      0.06967304
1249  709        -0.49557398     -7.40934585      0.08792767
1250  709        -0.51576279     -7.37785422      0.09830738
1251  709        -0.52062259     -7.36325897      0.10659249
1252  709        -0.52897638     -7.36874438      0.11277276
1253  709        -0.57585114     -7.37446973      0.10498605
1254  709        -0.65345282     -7.38559597      0.06306305
1255  709        -0.71347659     -7.42055456     -0.00090180
1256  709        -0.73897490     -7.49959908     -0.03851898
1257  709        -0.73343242     -7.59227446     -0.02378395
1258  709        -0.73315121     -7.64939259      0.00985312
1259  709        -0.75736818     -7.65428120      0.02356785
1260  709        -0.79241439     -7.62599930      0.01630685
1261  709        -0.81108618     -7.58600780      0.00408899
1262  709        -0.80998262     -7.54315971      0.01259509
1263  709        -0.78594066     -7.51155025      0.04420485
1264  709        -0.74793277     -7.49971607      0.09333222
1265  709        -0.71368279     -7.52057180      0.15278257
1266  709        -0.68672222     -7.56875025      0.20658093
1267  709        -0.67027815     -7.63171328      0.21600355
1268  709        -0.65157239     -7.69792898      0.17558814
1269  709        -0.63706894     -7.74727422      0.12497615
1270  709        -0.63538397     -7.76505836      0.08809449
1271  709        -0.64257648     -7.75924546      0.06876893
1272  709        -0.65954905     -7.75566274      0.05032768
1273  709        -0.69527890     -7.76703960      0.04293632
1274  709        -0.72161978     -7.78222114      0.03371172
1275  709        -0.73731486     -7.78615948      0.03253952
1276  709        -0.74852797     -7.78351901      0.05155573
1277  709        -0.74906917     -7.79216012      0.07862415
1278  709        -0.73410507     -7.81841688      0.09571983
1279  709        -0.70984344     -7.86315066      0.10272476
1280  709        -0.69077553     -7.90530564      0.12054218
1281  709        -0.69013586     -7.92660334      0.14811158
1282  709        -0.70873433     -7.91750730      0.16965510
1283  709        -0.74957486     -7.89715190      0.16910685
1284  709        -0.79776903     -7.87020417      0.17586679
1285  709        -0.84645957     -7.85492209      0.20480142
1286  709        -0.86859696     -7.83120632      0.23527920
1287  709        -0.88682502     -7.81862302      0.23921795
1288  709        -0.92129090     -7.84025930      0.21818298
1289  709        -0.97327998     -7.86397256      0.17116072
1290  709        -1.00370022     -7.86541241      0.09403997
1291  709        -1.01360668     -7.83548289      0.00777200
1292  709        -1.02532111     -7.80339829     -0.06903787
1293  709        -1.06077996     -7.77185936     -0.11826931
1294  709        -1.11102320     -7.73192455     -0.17001191
1295  709        -1.14626976     -7.67326790     -0.25101892
1296  709        -1.14799979     -7.60621353     -0.32807686
1297  709        -1.11813309     -7.52000622     -0.35959198
1298  709        -1.07613340     -7.45094838     -0.34485153
1299  709        -1.03233244     -7.42173346     -0.32167886
1300  709        -0.98551799     -7.41767149     -0.31191686
1301  709        -0.95298002     -7.41924062     -0.29835204
1302  709        -0.92250668     -7.42769586     -0.27346866
1303  709        -0.88446469     -7.46462501     -0.25302981
1304  709        -0.85799224     -7.53031995     -0.26068890
1305  709        -0.86196405     -7.61729450     -0.27873944
1306  709        -0.87415781     -7.70321567     -0.28917428
1307  709        -0.87451934     -7.77753024     -0.25898045
1308  709        -0.87370280     -7.83266514     -0.17863328
1309  709        -0.89231747     -7.85979039     -0.06485037
1310  709        -0.92092228     -7.86787330      0.03353378
1311  709        -0.94301253     -7.86256709      0.08302600
1312  709        -0.96682471     -7.84836879      0.10797971
1313  709        -1.02232385     -7.83314457      0.12927159
1314  709        -1.10432256     -7.82482682      0.15519201
1315  709        -1.17200735     -7.83443201      0.17156613
1316  709        -1.20934764     -7.85463342      0.17893912
1317  709        -1.24832386     -7.85252846      0.20213240
1318  709        -1.29143323     -7.83329624      0.25318510
1319  709        -1.32039432     -7.80532567      0.32585830
1320  709        -1.32661125     -7.77921805      0.38905769
1321  709        -1.33602512     -7.76679889      0.43198984
1322  709        -1.38841356     -7.78877295      0.43913166
1323  709        -1.44865121     -7.82551230      0.40377751
1324  709        -1.48590687     -7.85481494      0.33999840
1325  709        -1.52369285     -7.89787484      0.26070320
1326  709        -1.56158064     -7.94102136      0.18996982
1327  709        -1.56513674     -7.98774163      0.16264981
1328  709        -1.53162632     -8.03759312      0.18089555
1329  709        -1.47386707     -8.08459138      0.22100346
1330  709        -1.40587242     -8.13975512      0.26938793
1331  709        -1.32687703     -8.21570464      0.31409667
1332  709        -1.23073857     -8.29239382      0.35121022
1333  709        -1.13268264     -8.34999789      0.35995493
1334  709        -1.03889486     -8.39449134      0.35424471
1335  709        -0.95700635     -8.43128747      0.34677029
1336  709        -0.86815417     -8.48066154      0.34110118
1337  709        -0.77248331     -8.54690712      0.33211357
1338  709        -0.66282700     -8.62570009      0.33145809
1339  709        -0.55425525     -8.70138347      0.34193683
1340  709        -0.44915942     -8.77638726      0.35041188
1341  709        -0.35245281     -8.84768732      0.35247949
1342  709        -0.26577029     -8.91822335      0.37001981
1343  709        -0.21347039     -8.99099102      0.41084152
1344  709        -0.21024073     -9.05655604      0.45355775
1345  709        -0.23007391     -9.10068882      0.47175687
1346  709        -0.27441219     -9.10902016      0.45763077
1347  709        -0.33116063     -9.07920628      0.43649823
1348  709        -0.38586377     -9.03147918      0.40800685
1349  709        -0.40480693     -8.98267368      0.39591254
1350  709        -0.39488989     -8.93916224      0.39991371
1351  709        -0.37868818     -8.90077038      0.41073290
1352  709        -0.36034020     -8.87150813      0.41850344
1353  709        -0.33144746     -8.87310730      0.42615158
1354  709        -0.31214752     -8.90372975      0.43704827
1355  709        -0.31438682     -8.95761994      0.44081802
1356  709        -0.33926086     -9.02967614      0.43969808
1357  709        -0.37852509     -9.10001890      0.43371548
1358  709        -0.42563638     -9.14707725      0.44242962
1359  709        -0.48529258     -9.15311630      0.47174195
1360  709        -0.54354172     -9.11272186      0.53171162
1361  709        -0.60905598     -9.04284566      0.60803286
1362  709        -0.67323097     -8.95899978      0.67685234
1363  709        -0.74495997     -8.88745784      0.70412731
1364  709        -0.80882916     -8.87120621      0.69902061
1365  709        -0.84784481     -8.91042088      0.68907363
1366  709        -0.85327771     -8.96559015      0.68283091
1367  709        -0.83490911     -9.00023493      0.68721790
1368  709        -0.81189453     -8.98855860      0.70517269
1369  709        -0.77789714     -8.94243758      0.74975029
1370  709        -0.73773439     -8.88091575      0.80002841
1371  709        -0.70542889     -8.82729180      0.84155892
1372  709        -0.70971443     -8.78632022      0.85977006
1373  709        -0.75694510     -8.75658328      0.86161802
1374  709        -0.82651936     -8.74537494      0.86754675
1375  709        -0.88647043     -8.73807828      0.86540265
1376  709        -0.92885237     -8.72061434      0.84258239
1377  709        -0.93971720     -8.71512215      0.83151029
1378  709        -0.91385603     -8.75864284      0.89454133
1379  709        -0.85354416     -8.81585602      1.01793628
1380  709        -0.76914267     -8.85079213      1.11297897
1381  709        -0.68003363     -8.86066413      1.12812931
1382  709        -0.58463976     -8.85669622      1.09883175
1383  709        -0.51181987     -8.83804973      1.09337146
1384  709        -0.47624957     -8.81434674      1.13904357
1385  709        -0.46807660     -8.80401810      1.21347884
1386  709        -0.47515972     -8.79531341      1.27890417
1387  709        -0.49811332     -8.76407526      1.30823610
1388  709        -0.52189234     -8.70417197      1.31520208
1389  709        -0.54077411     -8.65199985      1.29185997
1390  709        -0.56717593     -8.61456705      1.25632163
1391  709        -0.60296255     -8.58949870      1.23177313
1392  709        -0.61475115     -8.57855412      1.21690610
1393  709        -0.60438380     -8.58453258      1.19900978
1394  709        -0.60101586     -8.58606858      1.17277852
1395  709        -0.60559257     -8.59202952      1.14546359
1396  709        -0.59996229     -8.62332253      1.12725524
1397  709        -0.57923393     -8.67135001      1.13534574
1398  709        -0.54301075     -8.69595271      1.14946906
1399  709        -0.49886238     -8.67072695      1.16468658
1400  709        -0.44623934     -8.62042921      1.18305332
1401  709        -0.38655997     -8.57123276      1.18471660
1402  709        -0.33747352     -8.54326340      1.14074877
1403  709        -0.29993366     -8.55043587      1.06699263
1404  709        -0.27377634     -8.58611456      1.02851426
1405  709        -0.26447467     -8.62625861      1.04191484
1406  709        -0.24904238     -8.63972594      1.09115517
1407  709        -0.21117866     -8.61816318      1.12987597
1408  709        -0.15893363     -8.56858449      1.16197386
1409  709        -0.10585687     -8.50374320      1.19349835
1410  709        -0.05765762     -8.44406447      1.21239806
1411  709        -0.02354655     -8.42477463      1.21621313
1412  709         0.00155741     -8.45993311      1.23229370
1413  709         0.01857809     -8.52617709      1.28833854
1414  709         0.01398811     -8.59738838      1.38138822
1415  709        -0.02348248     -8.63993558      1.47413125
1416  709        -0.07398525     -8.63469274      1.55473469
1417  709        -0.11398227     -8.60430630      1.61303453
1418  709        -0.12390438     -8.57497261      1.62994573
1419  709        -0.11166414     -8.56627743      1.62043245
1420  709        -0.09294657     -8.58250923      1.60085672
1421  709        -0.06307363     -8.63690385      1.59660586
1422  709        -0.03019758     -8.70168717      1.59420422
1423  709        -0.00421913     -8.75222582      1.60069628
1424  709        -0.01310580     -8.76599180      1.62501564
1425  709        -0.02701625     -8.73544686      1.66044631
1426  709        -0.03953719     -8.68798472      1.70317522
1427  709        -0.04633816     -8.63898159      1.74544615
1428  709        -0.05115668     -8.62429995      1.78508637
1429  709        -0.05130100     -8.65361973      1.81418370
1430  709        -0.05318620     -8.67985336      1.84157754
1431  709        -0.05921535     -8.68252081      1.86477595
1432  709        -0.03018921     -8.71558829      1.90131809
1433  709         0.00485020     -8.78935557      1.92387278
1434  709         0.05529643     -8.88069182      1.90084136
1435  709         0.14794253     -8.94269678      1.88542563
1436  709         0.26759896     -8.94463725      1.90954771
1437  709         0.39675790     -8.91679934      1.94343317
1438  709         0.53308309     -8.92265432      1.96020159
1439  709         0.65516517     -8.96933979      1.95719827
1440  709         0.73469142     -9.03235266      1.96739041
1441  709         0.78027358     -9.08718958      1.98660883
1442  709         0.82360997     -9.14628139      1.98999929
1443  841         0.22074923    -10.71623755      0.33720848
1444  841         0.24792897    -10.73743595      0.35381542
1445  841         0.22145136    -10.78816169      0.33759901
1446  841         0.18480263    -10.81214461      0.31029302
1447  841         0.13768020    -10.79397431      0.29400139
1448  841         0.07313747    -10.76767175      0.34103570
1449  841        -0.01421198    -10.75982364      0.43033980
1450  841        -0.09707117    -10.75685984      0.52043058
1451  841        -0.13404218    -10.75274528      0.61042003
1452  841        -0.09674668    -10.76493879      0.73312113
1453  841        -0.02804669    -10.79886561      0.83475195
1454  841         0.02944654    -10.85501946      0.86518956
1455  841         0.03011985    -10.90791743      0.85145947
1456  841        -0.01546924    -10.92905066      0.83215722
1457  841        -0.07872148    -10.94241613      0.80906251
1458  841        -0.13238603    -10.95376684      0.78278274
1459  841        -0.16413554    -10.93515638      0.77682249
1460  841        -0.16803230    -10.89409252      0.80525921
1461  841        -0.15114633    -10.84708641      0.84212361
1462  841        -0.12313682    -10.81568044      0.85034510
1463  841        -0.07824730    -10.79924361      0.84728713
1464  841        -0.02920332    -10.79260314      0.84464155
1465  841         0.00837849    -10.79642714      0.85611434
1466  841         0.01742921    -10.79881041      0.87859011
1467  841        -0.00191940    -10.77401837      0.92659489
1468  841        -0.03465072    -10.71933039      0.97344900
1469  841        -0.06234596    -10.66120191      0.98945605
1470  841        -0.06316095    -10.63383952      0.98034718
1471  841        -0.03143566    -10.63935293      0.96063256
1472  841         0.03753020    -10.66480167      0.93549782
1473  841         0.11434374    -10.66908922      0.90233743
1474  841         0.18904409    -10.64086722      0.85425082
1475  841         0.27585694    -10.60382075      0.79218314
1476  841         0.37634856    -10.59444138      0.73601629
1477  841         0.44012936    -10.60703046      0.69345105
1478  841         0.47078259    -10.61571253      0.68939437
1479  841         0.50551466    -10.59931988      0.71847409
1480  841         0.56506961    -10.54119518      0.78382637
1481  841         0.58193419    -10.47787421      0.83775898
1482  841         0.53346296    -10.44652049      0.86850228
1483  841         0.49804759    -10.43909313      0.90314295
1484  841         0.49992947    -10.45347225      0.95167315
1485  841         0.54418993    -10.50984649      1.00491828
1486  841         0.59909597    -10.61071553      1.04792560
1487  841         0.64630904    -10.71933342      1.08981976
1488  841         0.66313751    -10.77465761      1.13089297
1489  841         0.66419441    -10.76923043      1.17250804
1490  841         0.66710201    -10.73347747      1.20986463
1491  841         0.66699050    -10.70267996      1.24933555
1492  841         0.66346119    -10.69213853      1.27160708
1493  841         0.65483546    -10.68376920      1.27797526
1494  841         0.63260932    -10.67353632      1.28880793
1495  841         0.60153317    -10.66376123      1.29731060
1496  841         0.57844464    -10.70017891      1.30181006
1497  841         0.57142560    -10.80773151      1.30362683
1498  841         0.60741803    -10.96763072      1.33020959
1499  841         0.67762202    -11.11495043      1.40467428
1500  841         0.74368841    -11.18837583      1.52293690
1501  841         0.79002357    -11.19140915      1.64438800
1502  841         0.81591567    -11.18681430      1.73531206
1503  841         0.82588759    -11.23490825      1.80661955
1504  841         0.81938305    -11.31244214      1.86433121
1505  841         0.80204009    -11.40006831      1.90882200
1506  841         0.77849292    -11.49385412      1.90859841
1507  841         0.75403698    -11.59111308      1.87279887
1508  841         0.73720463    -11.68527832      1.81626073
1509  841         0.73027598    -11.77981811      1.75655595
1510  841         0.73639428    -11.87065980      1.69560782
1511  841         0.75465700    -11.94298070      1.63389651
1512  841         0.76611533    -11.96188071      1.60261826
1513  841         0.75980470    -11.93796166      1.61786109
1514  841         0.75059426    -11.90058499      1.65671510
1515  841         0.76801630    -11.88959876      1.69147147
1516  841         0.80854511    -11.95173937      1.71025280
1517  841         0.82441668    -12.05660352      1.69696810
1518  841         0.80967570    -12.15707720      1.65188331
1519  841         0.78773375    -12.22745426      1.59945530
1520  841         0.76172650    -12.26494741      1.53796646
1521  841         0.72942737    -12.28666114      1.48281302
1522  841         0.71412981    -12.30223892      1.43142674
1523  841         0.72979685    -12.30755186      1.38522307
1524  841         0.75195513    -12.29646351      1.33894053
1525  841         0.75768221    -12.27262152      1.29205976
1526  841         0.75399771    -12.25410200      1.25087727
1527  841         0.74814720    -12.25481160      1.18960253
1528  841         0.74153236    -12.27442031      1.11197800
1529  841         0.71265987    -12.30248825      1.03224012
1530  841         0.67518817    -12.33962981      0.98184218
1531  841         0.64713405    -12.39898398      0.95486888
1532  841         0.63046450    -12.47137997      0.93629735
1533  841         0.62127696    -12.50718730      0.93963948
1534  841         0.62468607    -12.49130055      0.97436467
1535  841         0.65952024    -12.45146458      1.02497228
1536  841         0.71730792    -12.42371590      1.08073648
1537  841         0.77957623    -12.42241122      1.12537401
1538  841         0.81918327    -12.43727814      1.13168049
1539  841         0.83376779    -12.46348421      1.07656149
1540  841         0.83299715    -12.49261185      0.99576361
1541  841         0.83471302    -12.50965512      0.92253885
1542  841         0.84980656    -12.49644557      0.88951386
1543  841         0.88149799    -12.47261275      0.87745198
1544  841         0.92745570    -12.42875663      0.88717634
1545  841         0.97396276    -12.36769838      0.93199551
1546  841         1.02555628    -12.30895080      1.01102147
1547  841         1.07768530    -12.27854234      1.08408553
1548  841         1.11075687    -12.28395857      1.10911320
1549  841         1.12446954    -12.30883029      1.09053925
1550  841         1.11410152    -12.33828135      1.05524013
1551  841         1.09791522    -12.35360061      1.02081172
1552  841         1.08520827    -12.34456127      0.97756371
1553  841         1.08820961    -12.28706106      0.94994550
1554  841         1.12150284    -12.21124509      0.93832068
1555  841         1.18535611    -12.17154147      0.97874518
1556  841         1.25335888    -12.17744310      1.04144918
1557  841         1.30795951    -12.20714901      1.08498839
1558  841         1.33534056    -12.23165404      1.06841090
1559  841         1.35196962    -12.25403256      0.99846539
1560  841         1.36141134    -12.26904726      0.92845739
1561  841         1.37850083    -12.27940959      0.88675395
1562  841         1.41265891    -12.27201098      0.86662940
1563  841         1.43719278    -12.25253297      0.84424482
1564  841         1.43817484    -12.21391799      0.84438771
1565  841         1.42288391    -12.17139056      0.86751346
1566  841         1.43760431    -12.15392201      0.88936442
1567  841         1.49601439    -12.15809997      0.91373690
1568  841         1.55990072    -12.13529723      0.95496547
1569  841         1.58734058    -12.08915817      0.98049058
1570  841         1.58658365    -12.09337361      0.96936187
1571  841         1.55899247    -12.14402810      0.93870408
1572  841         1.50591902    -12.18664414      0.92607278
1573  841         1.43582513    -12.18305070      0.93900038
1574  841         1.35731151    -12.12427271      0.98044444
1575  841         1.29714864    -12.02095237      1.02946390
1576  841         1.26523445    -11.93522339      1.08516845
1577  841         1.29243708    -11.88235208      1.13847327
1578  841         1.33856788    -11.83713741      1.18238910
1579  841         1.37555034    -11.80037309      1.21182503
1580  841         1.39311947    -11.77105763      1.23320602
1581  841         1.39312642    -11.75324911      1.26196040
1582  841         1.38519266    -11.72095740      1.27691768
1583  841         1.34692584    -11.66235287      1.28121324
1584  841         1.29430113    -11.60002240      1.27735604
1585  841         1.25911539    -11.55884056      1.28778394
1586  841         1.26276925    -11.53677777      1.31085014
1587  841         1.27858870    -11.50285659      1.32113835
1588  841         1.28955945    -11.44661535      1.31615205
1589  841         1.27737995    -11.39711525      1.31458907
1590  841         1.23711877    -11.37995751      1.33406779
1591  841         1.19115707    -11.37825262      1.36203595
1592  841         1.15520896    -11.38041050      1.37965468
1593  841         1.11616120    -11.39353365      1.36416370
1594  841         1.07875957    -11.42287037      1.33119425
1595  841         1.04758515    -11.44125942      1.29191379
1596  841         1.02533540    -11.42699161      1.26180402
1597  841         1.01249864    -11.39160184      1.25240005
1598  841         1.00097593    -11.33046784      1.27337967
1599  841         0.99898997    -11.25539880      1.34003545
1600  841         0.99668748    -11.17070858      1.43677008
1601  841         0.99600856    -11.09446379      1.52200318
1602  841         1.01949253    -11.04012511      1.53452323
1603  841         1.04791851    -11.01592538      1.49362364
1604  841         1.05530223    -11.01647970      1.45759412
1605  841         1.05920791    -11.02848922      1.43344624
1606  841         1.07720479    -11.05018722      1.40967435
1607  841         1.10324446    -11.06545964      1.39704352
1608  841         1.11223584    -11.05439294      1.38626710
1609  841         1.10651638    -11.01011899      1.36510698
1610  841         1.11214166    -10.94154259      1.31324342
1611  841         1.14169418    -10.87555758      1.25335102
1612  841         1.18741924    -10.83532102      1.22533176
1613  841         1.21715397    -10.80663840      1.24018373
1614  841         1.23886585    -10.76926905      1.28125286
1615  841         1.26773661    -10.71990143      1.32289907
1616  841         1.30256708    -10.67467085      1.35066326
1617  841         1.31433693    -10.63805943      1.35258188
1618  841         1.31126838    -10.61742268      1.32458455
1619  841         1.28807400    -10.62485956      1.27278838
1620  841         1.24613724    -10.64722291      1.21130548
1621  841         1.19318215    -10.64867703      1.15006586
1622  841         1.16737479    -10.61456647      1.12769509
1623  841         1.18790295    -10.57586256      1.15734532
1624  841         1.21545772    -10.57646771      1.20154674
1625  841         1.22278044    -10.61076470      1.21785377
1626  841         1.21413157    -10.66520191      1.21920459
1627  841         1.21163554    -10.73449305      1.22207859
1628  841         1.21014194    -10.79708108      1.23709792
1629  841         1.19902431    -10.81747345      1.27573132
1630  841         1.16663038    -10.80446686      1.30245130
1631  841         1.13328157    -10.77848424      1.31257239
1632  841         1.09485940    -10.74257647      1.32199821
1633  841         1.04555752    -10.69477422      1.33621258
1634  841         0.96137362    -10.65400881      1.34085257
1635  841         0.87750771    -10.64624990      1.33915794
1636  841         0.82841425    -10.66051471      1.37002713
1637  841         0.79354679    -10.66787308      1.46146131
1638  841         0.76205506    -10.65859460      1.54230037
1639  841         0.74087276    -10.64448968      1.57630569
1640  841         0.74079057    -10.63264752      1.56589980
1641  841         0.75212805    -10.61778393      1.53752817
1642  841         0.76802222    -10.58083032      1.51826428
1643  841         0.77717484    -10.51921895      1.51496647
1644  841         0.77289890    -10.45894378      1.52638926
1645  841         0.77422917    -10.40928562      1.55518743
1646  841         0.80478432    -10.33594457      1.59733310
1647  841         0.83814018    -10.26257710      1.64939244
1648  841         0.82755661    -10.22870118      1.73513309
1649  841         0.79393929    -10.25425833      1.83550198
1650  841         0.75925185    -10.31735776      1.93225512
1651  841         0.74063919    -10.38536326      2.03359825
1652  841         0.72209589    -10.44619976      2.12750575
1653  841         0.69867118    -10.49764617      2.20712429
1654  841         0.66628346    -10.54419094      2.27195632
1655  841         0.63542068    -10.57601154      2.33940900
1656  841         0.61055516    -10.56572100      2.39745307
1657  841         0.59735440    -10.52340549      2.44886341
1658  841         0.57888413    -10.50888276      2.49320650
1659  841         0.54677861    -10.51971671      2.53181558
1660  841         0.54210685    -10.52991655      2.53210335
1661  841         0.57148229    -10.52396317      2.53519585
1662  841         0.57544787    -10.50307206      2.55659501
1663  841         0.54955911    -10.45379321      2.58177509
1664  841         0.53776458    -10.40779720      2.59140954
1665  841         0.56491306    -10.37505667      2.59441221
1666  841         0.60489680    -10.34743742      2.59995884
1667  841         0.63105978    -10.33336193      2.59775664
1668  841         0.65081831    -10.31735785      2.59088131
1669  841         0.66332329    -10.29537137      2.57789228
1670  841         0.66516028    -10.26269356      2.55656138
1671  841         0.64115106    -10.23186125      2.53636858
1672  841         0.60723907    -10.21919741      2.51936820
1673  841         0.58765207    -10.27015619      2.50224165
1674  841         0.59779952    -10.36557458      2.48680212
1675  841         0.64173032    -10.46395871      2.45546650
1676  841         0.68906252    -10.53574798      2.41680074
1677  841         0.71334040    -10.57371483      2.38421681
1678  841         0.69989174    -10.57495200      2.35020439
1679  841         0.68440868    -10.56495966      2.31221642
1680  841         0.69990599    -10.56001839      2.30027524
1681  841         0.74297965    -10.56910621      2.31242613
1682  841         0.79150044    -10.56901282      2.32010209
1683  841         0.82225154    -10.51182659      2.31081408
1684  841         0.83596263    -10.39745979      2.29793163
1685  841         0.84791484    -10.28977722      2.29421665
1686  841         0.86087659    -10.23860060      2.29363225
1687  841         0.89757864    -10.25896087      2.26972982
1688  841         0.95412114    -10.33277018      2.21040477
1689  841         0.99728251    -10.41987604      2.15975097
1690  841         1.01905693    -10.50802897      2.15317259
1691  841         1.04809107    -10.57421613      2.16755941
1692  841         1.11121737    -10.62012463      2.17852063
1693  841         1.19611485    -10.66164637      2.16580423
1694  841         1.26514425    -10.69145277      2.11317614
1695  841         1.31301933    -10.69621410      2.03468811
1696  841         1.36583443    -10.68778234      1.95852487
1697  841         1.43283580    -10.67856750      1.90983240
1698  841         1.49838179    -10.66835262      1.88594082
1699  841         1.54809961    -10.64856076      1.86176989
1700  841         1.57367018    -10.61633485      1.84473301
1701  841         1.60138545    -10.57485376      1.82776463
1702  841         1.64818757    -10.54157398      1.82259743
1703  841         1.70497280    -10.50872305      1.81278821
1704  841         1.77318957    -10.46729270      1.78261356
1705  841         1.84995758    -10.40766903      1.72755787
1706  841         1.90118705    -10.33668369      1.66762576
1707  841         1.90780391    -10.26204367      1.62484395
1708  841         1.89364679    -10.20993134      1.60726528
1709  841         1.88748548    -10.21181744      1.59045654
1710  841         1.88670600    -10.23603367      1.54994677
1711  841         1.87801931    -10.24755189      1.48406307
1712  841         1.85678638    -10.24909281      1.41977559
1713  841         1.82891255    -10.25627519      1.36750500
1714  841         1.80441866    -10.27289987      1.33298554
1715  841         1.80733207    -10.28321628      1.33233850
1716  841         1.83882452    -10.28532856      1.35618689
1717  841         1.88746107    -10.29475297      1.38473751
1718  841         1.92533187    -10.30924043      1.40456800
1719  841         1.92033319    -10.32022718      1.42653752
1720  841         1.87469186    -10.32660439      1.43531626
1721  841         1.82746732    -10.35050445      1.41268146
1722  841         1.79285168    -10.35194084      1.35409163
1723  841         1.76624015    -10.33548209      1.29121660
1724  841         1.73994034    -10.34460832      1.25691878
1725  841         1.73138861    -10.39786717      1.26266301
1726  841         1.75287459    -10.45793201      1.29613236
1727  841         1.78086441    -10.49107352      1.33124623
1728  841         1.80413367    -10.51235180      1.34737015
1729  841         1.80194433    -10.53115951      1.37701677
1730  841         1.77382302    -10.56154085      1.44772094
1731  841         1.76161303    -10.58125154      1.49718409
1732  841         1.79491181    -10.57185619      1.50537556
1733  841         1.84460022    -10.54024303      1.48536923
1734  841         1.89345029    -10.50828789      1.45116932
1735  841         1.95525832    -10.49291327      1.41625865
1736  841         2.01467732    -10.49638791      1.42734613
1737  841         2.06293882    -10.51268754      1.46531469
1738  841         2.10925124    -10.53148748      1.50411226
1739  841         2.14365551    -10.54953342      1.52386772
1740  841         2.16489715    -10.55180688      1.52406958
1741  841         2.15778015    -10.55795681      1.53424357
1742  841         2.14173292    -10.55253450      1.54986093
1743  841         2.13230403    -10.54405627      1.57394362
1744  841         2.14111242    -10.54172548      1.60429470
1745  841         2.17202774    -10.55850027      1.63401504
1746  841         2.21655163    -10.58892900      1.65813234
1747  841         2.26047319    -10.64385782      1.67230936
1748  841         2.28125843    -10.69141427      1.64560375
1749  841         2.29212063    -10.71404759      1.57778465
1750  841         2.31944138    -10.71085319      1.49601788
1751  841         2.36039954    -10.67620868      1.42221289
1752  841         2.39175288    -10.62502909      1.38094591
1753  841         2.41950389    -10.56498898      1.36864615
1754  841         2.45194672    -10.51515547      1.35448809
1755  841         2.48401973    -10.47174354      1.32355914
1756  841         2.50821904    -10.45214641      1.30483037
1757  841         2.52113184    -10.44716267      1.32507964
1758  841         2.52179366    -10.44426760      1.35751296
1759  841         2.51183391    -10.44368768      1.38362712
1760  841         2.49564404    -10.46057774      1.40391332
1761  841         2.48109538    -10.48281095      1.41679072
1762  841         2.48351896    -10.47510273      1.41995916
1763  841         2.50187340    -10.45278977      1.42115587
1764  841         2.53527545    -10.43771575      1.43162964
1765  841         2.55201593    -10.44555441      1.44781025
1766  841         2.55166573    -10.47013491      1.46203817
1767  841         2.53843836    -10.50439383      1.47127848
1768  841         2.51125920    -10.51320047      1.47436269
1769  841         2.47902217    -10.51321631      1.48585800
1770  841         2.43439901    -10.51659073      1.50636090
1771  841         2.38304462    -10.49406750      1.52136623
1772  841         2.33443282    -10.44631703      1.51687713
1773  841         2.33328797    -10.39480967      1.51261475
1774  841         2.38557361    -10.35032525      1.52799330
1775  841         2.44494267    -10.31825430      1.55133943
1776  841         2.48715402    -10.30008387      1.56556464
1777  841         2.53025744    -10.28079847      1.57306626
1778  841         2.57291787    -10.27133053      1.57166487
1779  841         2.61300412    -10.26606757      1.55670853
1780  841         2.63944692    -10.24207300      1.53419505
1781  841         2.66253258    -10.20761784      1.51571725
1782  841         2.69880356    -10.17420091      1.50099896
1783  841         2.74036818    -10.14475275      1.51074890
1784  841         2.78498806    -10.10823834      1.51724142
1785  841         2.81388571    -10.07153208      1.50221061
1786  841         2.83634703    -10.01919353      1.44822350
1787  841         2.84433500     -9.98576793      1.38993221
1788  841         2.85955266     -9.98045518      1.34430073
1789  841         2.88097686     -9.98997208      1.31014589
1790  841         2.89345363     -9.99315163      1.27127400
1791  841         2.89062423     -9.99756778      1.23794308
1792  841         2.88359234    -10.00432807      1.22124694
1793  841         2.87539678    -10.02076883      1.21761135
1794  841         2.85557403    -10.02530767      1.22194319
1795  841         2.83412520     -9.98948817      1.21573998
1796  841         2.81210961     -9.92333697      1.19371217
1797  841         2.78768652     -9.83504008      1.15248496
1798  841         2.76605763     -9.75943993      1.09669308
1799  841         2.74938071     -9.71571258      1.04300599
1800  841         2.76481716     -9.71122681      1.00788004
1801  841         2.82176156     -9.73197067      0.99729002
1802  841         2.89322864     -9.75423323      1.02161266
1803  841         2.95052836     -9.76859020      1.07247281
1804  841         3.01525996     -9.76426827      1.13932411
1805  841         3.09285143     -9.72610658      1.20182933
1806  841         3.16110399     -9.66487843      1.23121473
1807  841         3.18107539     -9.61696224      1.23054368
1808  841         3.16454485     -9.58685517      1.21662699
1809  841         3.13336139     -9.57688520      1.21856992
1810  841         3.11076417     -9.56810151      1.24910999
1811  841         3.11165395     -9.58424752      1.30911435
1812  841         3.14734619     -9.60855693      1.36661048
1813  841         3.18268114     -9.60444013      1.40878582
1814  841         3.20412279     -9.55780026      1.40829772
1815  841         3.22387258     -9.49614187      1.34604173
1816  841         3.23223950     -9.46158042      1.27654953
1817  841         3.21569161     -9.43960819      1.22646299
1818  841         3.21179203     -9.45432982      1.20533540
1819  841         3.24089336     -9.49802430      1.19655179
1820  841         3.27904439     -9.54558131      1.21522441
1821  841         3.31429765     -9.57933100      1.25738765
1822  841         3.36132394     -9.59786034      1.29988355
1823  841         3.39492397     -9.61742469      1.31128943
1824  841         3.36885518     -9.63021035      1.31001038
1825  841         3.29755890     -9.63563301      1.31074273
1826  841         3.24887733     -9.64198451      1.30483565
1827  841         3.25002563     -9.67357085      1.30019261
1828  841         3.28740835     -9.70423937      1.30340749
1829  841         3.34007689     -9.74384870      1.32151385
1830  841         3.43926874     -9.78047531      1.37262432
1831  841         3.56723765     -9.79597766      1.44235614
1832  841         3.68561056     -9.81751625      1.50779056
1833  841         3.73335493     -9.85803729      1.55733793
1834  841         3.71132088     -9.88442532      1.59156103
1835  841         3.66084912     -9.87512822      1.58954541
1836  841         3.59212992     -9.83896672      1.58103994
1837  841         3.54073262     -9.79599395      1.57165778
1838  841         3.51797953     -9.76821988      1.55950390
1839  841         3.51776619     -9.75436694      1.56192041
1840  841         3.53221126     -9.74504563      1.55472930
1841  841         3.56709041     -9.74529553      1.55605215
1842  841         3.61133131     -9.77312040      1.58563486
1843  841         3.62484077     -9.82969528      1.62983854
1844  841         3.60246902     -9.88306581      1.65181883
1845  841         3.57034770     -9.89582605      1.62942011
1846  841         3.53755399     -9.85460931      1.56794887
1847  841         3.49925821     -9.80133603      1.50290309
1848  841         3.45440470     -9.75062052      1.45904527
1849  841         3.39862576     -9.71041666      1.43484260
1850  841         3.33737512     -9.70630506      1.42040052
1851  841         3.29536721     -9.71725393      1.42580985
1852  841         3.28975510     -9.71557473      1.46317783
1853  841         3.27221515     -9.70230562      1.52494860
1854  841         3.20859969     -9.69905355      1.58828300
1855  841         3.13840768     -9.73157200      1.62761160
1856  841         3.11803390     -9.79168314      1.66315379
1857  841         3.15071325     -9.85994082      1.69315996
1858  841         3.19221386     -9.91140181      1.70425053
1859  841         3.20117067     -9.92996069      1.68938614
1860  841         3.16558849     -9.92511863      1.67382959
1861  841         3.12114658     -9.91345464      1.66595585
1862  841         3.07854386     -9.91497708      1.66948475
1863  841         3.04900188     -9.90862985      1.69774478
1864  841         3.02676364     -9.87778352      1.72496595
1865  841         3.01292950     -9.82980357      1.72270015
1866  841         3.01686152     -9.79202693      1.69362498
1867  841         3.04034115     -9.79793183      1.66549762
1868  841         3.08611573     -9.82769965      1.64284138
1869  841         3.13009647     -9.84189324      1.61754714
1870  841         3.17374245     -9.82588488      1.59580606
1871  841         3.22856550     -9.80528290      1.58489422
1872  841         3.30609142     -9.79436573      1.59889720
1873  841         3.36517226     -9.77936214      1.63000019
1874  841         3.38660359     -9.74343612      1.69280164
1875  841         3.37406711     -9.70028325      1.77571712
1876  841         3.33577003     -9.66337780      1.85024851
1877  841         3.31654381     -9.62926648      1.88885539
1878  841         3.35762469     -9.61127324      1.89719319
1879  841         3.44634061     -9.63065613      1.89523853
1880  841         3.51597529     -9.67256455      1.89735925
1881  841         3.52723743     -9.70640029      1.89976146
1882  841         3.48712349     -9.72930091      1.89056525
1883  841         3.46489535     -9.74684300      1.86047568
1884  841         3.46659097     -9.74805236      1.82693512
1885  841         3.46587151     -9.70651934      1.81040721
1886  841         3.46687803     -9.65835292      1.79405375
1887  841         3.46825684     -9.62094763      1.76946270
1888  841         3.46377976     -9.58936383      1.72062110
1889  841         3.43725826     -9.57431534      1.66082929
1890  841         3.38087906     -9.58064176      1.60379974
1891  841         3.31050683     -9.61068691      1.54909109
1892  841         3.28128721     -9.63930184      1.49001276
1893  841         3.28989142     -9.65587562      1.42843402
1894  841         3.30035977     -9.65781061      1.37143974
1895  841         3.30272521     -9.65424431      1.31998614
1896  841         3.30494381     -9.64434917      1.27541325
1897  841         3.31553985     -9.63727081      1.23638342
1898  841         3.32559740     -9.64165690      1.22717880
1899  841         3.32445029     -9.65612816      1.24023307
1900  841         3.29574202     -9.68229726      1.25317800
1901  841         3.25471106     -9.75018067      1.24590354
1902  841         3.21483757     -9.87432367      1.22120581
1903  841         3.18032457    -10.02102944      1.20557822
1904  841         3.15712415    -10.13077188      1.19405871
1905  841         3.17503550    -10.14578274      1.19027115
1906  841         3.23635228    -10.10948727      1.20311308
1907  841         3.29084267    -10.07791984      1.23429948
1908  841         3.30772035    -10.07842837      1.26195394
1909  841         3.29774962    -10.11690058      1.25309627
1910  841         3.25693500    -10.17104678      1.21094729
1911  841         3.16647621    -10.21865483      1.16034176
1912  841         3.06192839    -10.26486239      1.12424229
1913  841         2.99360872    -10.30051641      1.08163788
1914  841         2.98243062    -10.34412501      1.04595972
1915  841         2.99989502    -10.40355515      1.04555625
1916  841         3.01481228    -10.45514311      1.06815637
1917  841         3.01605242    -10.46689143      1.07735552
1918  841         3.00775056    -10.44111548      1.09517220
1919  841         2.99462792    -10.40888196      1.13062800
1920  841         2.97738937    -10.38552024      1.16818875
1921  841         2.92287082    -10.38700420      1.18141887
1922  841         2.82507393    -10.40615894      1.17317752
1923  841         2.72576349    -10.45537887      1.16104025
1924  841         2.67361154    -10.52613221      1.17211800
1925  841         2.68728332    -10.59401912      1.21334776
1926  841         2.73447288    -10.64609203      1.23943765
1927  841         2.78057617    -10.67578079      1.23210027
1928  841         2.81024633    -10.68416480      1.19714115
1929  841         2.84018530    -10.66778001      1.16163598
1930  841         2.85600474    -10.65015027      1.12445270
1931  841         2.86209836    -10.66290076      1.07461617
1932  841         2.85004287    -10.70619792      1.00085883
1933  841         2.83317922    -10.76254061      0.91970136
1934  841         2.82080457    -10.81540595      0.84197016
1935  841         2.82511931    -10.84714899      0.78970792
1936  841         2.86046129    -10.85561568      0.76727426
1937  841         2.90355833    -10.87645355      0.76608763
1938  841         2.93274820    -10.91814422      0.76495501
1939  841         2.92576631    -10.97342044      0.73943785
1940  841         2.88742287    -11.02527910      0.71619835
1941  841         2.81794359    -11.08256809      0.71528976
1942  841         2.76332042    -11.12318941      0.73283878
1943  841         2.73182759    -11.16012869      0.73710449
1944  841         2.71292055    -11.18811209      0.71843301
1945  841         2.69933262    -11.20432389      0.69506999
1946  841         2.68552831    -11.20273694      0.68089213
1947  841         2.67475553    -11.20276460      0.67158991
1948  841         2.65787425    -11.22760001      0.68104390
1949  841         2.63329394    -11.26861821      0.72373900
1950  841         2.60985923    -11.31577219      0.78248007
1951  841         2.60183517    -11.34181977      0.83143184
1952  841         2.58605216    -11.34676826      0.85641933
1953  841         2.55279073    -11.35056576      0.86079732
1954  841         2.52063837    -11.36951556      0.83949848
1955  841         2.50616123    -11.36390225      0.80370555
1956  841         2.48914321    -11.34623676      0.77062325
1957  841         2.43967953    -11.35453123      0.74819189
1958  841         2.38372343    -11.38430507      0.73841524
1959  841         2.35538768    -11.43945953      0.74210825
1960  841         2.35962058    -11.50679236      0.76578513
1961  841         2.37690180    -11.56874498      0.78597075
1962  841         2.39185842    -11.60385494      0.82869407
1963  841         2.40862674    -11.61817340      0.89253914
1964  841         2.42167378    -11.62052789      0.96020560
1965  841         2.42068681    -11.61667278      0.98947609
1966  841         2.40714076    -11.61858625      0.96755417
1967  841         2.38964637    -11.61702907      0.92774124
1968  841         2.37011096    -11.61978252      0.91065394
1969  841         2.35017994    -11.64734936      0.94113575
1970  841         2.32927441    -11.68985670      0.99781475
1971  841         2.29393476    -11.74251639      1.07062717
1972  841         2.24980716    -11.81182896      1.15132165
1973  841         2.22731589    -11.86929031      1.23330041
1974  841         2.23334684    -11.88332639      1.31151465
1975  841         2.25119769    -11.85908603      1.38729762
1976  841         2.25553676    -11.83372656      1.44555832
1977  841         2.24028935    -11.82867443      1.47318424
1978  841         2.23964200    -11.84646731      1.48971022
1979  841         2.28242569    -11.89242359      1.51431303
1980  841         2.33950374    -11.94879032      1.54244508
1981  841         2.36845410    -12.00032039      1.56843989
1982  841         2.37752595    -12.03021434      1.59486801
1983  841         2.39737716    -12.04598549      1.63600100
1984  841         2.43283982    -12.05235909      1.69377888
1985  841         2.46910503    -12.03756706      1.74472675
1986  841         2.48433636    -12.00596083      1.76956185
1987  841         2.45616637    -11.97236699      1.77093983
1988  841         2.39565746    -11.97070619      1.75797061
1989  841         2.35311819    -12.00459936      1.74040228
1990  841         2.37140411    -12.05159977      1.73180923
1991  841         2.42919726    -12.10181503      1.76751670
1992  841         2.47935714    -12.15932194      1.83690650
1993  841         2.48354647    -12.20647335      1.91341479
1994  841         2.44603839    -12.22642630      1.98519060
1995  841         2.39844863    -12.22497802      2.05421008
1996  841         2.34527412    -12.22182884      2.12206688
1997  841         2.28015507    -12.24307615      2.15455280
1998  841         2.22859764    -12.26233658      2.14397027
1999  841         2.21936149    -12.27160412      2.13256132
2000  841         2.27001264    -12.26708887      2.14517192
2001  841         2.36298584    -12.24998061      2.13715041
2002  841         2.44776801    -12.24007942      2.10472016
2003  841         2.50999399    -12.23216374      2.05006686
2004  841         2.54980491    -12.21906333      1.96643714
2005  841         2.58151286    -12.20765447      1.86520814
2006  841         2.61752854    -12.20588053      1.79480565
2007  841         2.67171479    -12.21490820      1.74723506
2008  841         2.73555199    -12.25093502      1.67787936
2009  841         2.78441121    -12.31547255      1.60975183
2010  841         2.83081469    -12.39100133      1.55971706
2011  841         2.89712735    -12.42864241      1.54081779
2012  841         2.98689329    -12.40764655      1.55281024
2013  841         3.07425511    -12.37001822      1.58063900
2014  841         3.12016741    -12.36753481      1.58578096
2015  841         3.11536285    -12.41568913      1.54270015
2016  841         3.08250535    -12.47181163      1.46139084
2017  841         3.06907205    -12.51629745      1.38857648
2018  841         3.10414959    -12.54530565      1.34495502
2019  841         3.16799191    -12.56778136      1.31058195
2020  841         3.23406351    -12.59349440      1.29104759
2021  841         3.26938510    -12.62043377      1.27075206
2022  841         3.26433856    -12.63250188      1.23891260
2023  841         3.24488867    -12.61528259      1.18906377
2024  841         3.23724452    -12.57873718      1.15192408
2025  841         3.23577289    -12.50699748      1.13465583
2026  841         3.23884093    -12.41217357      1.10564757
2027  841         3.21544477    -12.34001781      1.06193657
2028  841         3.18720564    -12.31142708      0.99888355
2029  841         3.17867532    -12.31510569      0.92839645
2030  841         3.19163137    -12.32215867      0.87536728
2031  841         3.18662053    -12.28663565      0.83316894
2032  841         3.14378855    -12.20883942      0.80139775
2033  841         3.14412357    -12.14436291      0.79219308
2034  841         3.17878301    -12.13607728      0.79855785
2035  841         3.22178321    -12.14491347      0.78835700
2036  841         3.22284430    -12.13044456      0.75123332
2037  841         3.19247797    -12.11020119      0.70713902
2038  841         3.16080309    -12.09288572      0.70903577
2039  841         3.12899220    -12.05629732      0.73512698
2040  841         3.09209741    -12.01084935      0.77216592
2041  841         3.04777464    -11.98605569      0.81902215
2042  841         3.01644901    -12.00101622      0.86318330
2043  841         3.01134465    -12.04328580      0.91033636
2044  841         3.01743258    -12.06574595      0.94258512
2045  841         3.03124443    -12.04573608      0.91701372
2046  841         3.03493056    -11.98291523      0.83208451
2047  841         3.03952782    -11.90661395      0.74209519
2048  841         3.05860877    -11.83127958      0.68046663
2049  841         3.08257259    -11.77062865      0.63141724
2050  841         3.10883676    -11.71550346      0.58715219
2051  841         3.13160565    -11.66588869      0.56606751
2052  841         3.15852008    -11.65732339      0.56703018
2053  841         3.17556044    -11.69584328      0.57720898
2054  841         3.16978066    -11.75372118      0.59568428
2055  841         3.14495859    -11.79057560      0.62903407
2056  841         3.11838658    -11.78531099      0.69041260
2057  841         3.10519252    -11.72096365      0.74688870
2058  841         3.11919884    -11.64046587      0.77600321
2059  841         3.15157699    -11.58054270      0.79035897
2060  841         3.19974987    -11.55426763      0.79506471
2061  841         3.25318918    -11.55307759      0.77715924
2062  841         3.28465546    -11.55212543      0.72560501
2063  841         3.28528069    -11.56116339      0.67620021
2064  841         3.26619398    -11.57994448      0.67064136
2065  841         3.24091836    -11.60137209      0.70992212
2066  841         3.20140740    -11.60091859      0.76056121
2067  841         3.15567366    -11.57238154      0.82134854
2068  841         3.10736182    -11.52354997      0.90296265
2069  841         3.05946816    -11.48768544      0.98955396
2070  841         2.99633411    -11.48823692      1.04197251
2071  841         2.93119449    -11.49367192      1.04928810
2072  841         2.87568106    -11.45951400      1.03392328
2073  841         2.84030768    -11.39834850      1.01342618
2074  841         2.83346056    -11.34292064      1.00733092
2075  841         2.85019503    -11.30626669      1.02151808
2076  841         2.88650947    -11.27698642      1.04783949
2077  841         2.90709258    -11.26064265      1.08988486
2078  841         2.89347326    -11.26683141      1.15981802
2079  841         2.85626376    -11.28959353      1.23337538
2080  841         2.81533774    -11.30211010      1.27638472
2081  841         2.76337146    -11.28965896      1.28912944
2082  841         2.68985854    -11.25337936      1.28962985
2083  841         2.60847248    -11.19740191      1.28054721
2084  841         2.54353774    -11.13448043      1.26261714
2085  841         2.49729763    -11.09112965      1.27380352
2086  841         2.45664510    -11.08982050      1.33334550
2087  841         2.42229343    -11.11985835      1.43129724
2088  841         2.40498847    -11.13952973      1.51391474
2089  841         2.40727053    -11.11801124      1.54836097
2090  841         2.42124825    -11.06751327      1.53913395
2091  841         2.44025966    -11.01786390      1.52675535
2092  841         2.43958729    -10.99684171      1.53170095
2093  841         2.42086912    -11.00764564      1.53423282
2094  841         2.39861161    -11.03256017      1.52794020
2095  841         2.38038247    -11.06271762      1.51290871
2096  841         2.37408263    -11.09434493      1.50596341
2097  841         2.38742813    -11.11642330      1.49002762
2098  841         2.41922972    -11.12709282      1.46913491
2099  841         2.46086184    -11.13006479      1.43286932
2100  841         2.49814925    -11.12822129      1.39645663
2101  841         2.53066487    -11.12005220      1.35103779
2102  841         2.57052356    -11.11268835      1.29568238
2103  841         2.61875354    -11.13231064      1.23643486
2104  841         2.67128497    -11.18551415      1.18268141
2105  841         2.72160424    -11.26133546      1.14793918
2106  841         2.76598319    -11.33284839      1.12549121
2107  841         2.80205977    -11.37484938      1.11469786
2108  841         2.83837938    -11.39583779      1.10177578
2109  841         2.87761231    -11.41457033      1.09076719
2110  841         2.91036508    -11.43629482      1.08570442
2111  841         2.96147394    -11.45514246      1.08765582
2112  841         3.05362967    -11.47889028      1.08179654
2113  841         3.16763626    -11.50537378      1.08436900
2114  841         3.25991456    -11.53512788      1.11310807
2115  841         3.29613331    -11.56431912      1.16968765
2116  841         3.28461362    -11.60173981      1.23073822
2117  841         3.25884018    -11.63274738      1.26978144
2118  841         3.24499089    -11.63242104      1.28613887
2119  841         3.25821055    -11.60387945      1.28031721
2120  841         3.29972050    -11.55349647      1.26606358
2121  841         3.36694754    -11.50234602      1.26056846
2122  841         3.42595550    -11.45818791      1.26500763
2123  841         3.45359921    -11.45073402      1.27596082
2124  841         3.45007972    -11.46416987      1.29414200
2125  841         3.42646688    -11.48350132      1.34367092
2126  841         3.40780365    -11.48821221      1.39619589
2127  841         3.38874588    -11.48066764      1.42166216
2128  841         3.37601328    -11.45232037      1.40975584
2129  841         3.36326110    -11.39166059      1.37748832
2130  841         3.35716805    -11.31548904      1.34627438
2131  841         3.36749901    -11.24938663      1.31941988
2132  841         3.38488102    -11.20634849      1.29396261
2133  841         3.38628116    -11.19392242      1.27490923
2134  841         3.34598763    -11.19102880      1.27384988
2135  841         3.28218273    -11.18250475      1.27171957
2136  841         3.21586635    -11.14793697      1.23370612
2137  841         3.15548989    -11.09206984      1.15750014
2138  841         3.11595755    -11.03343847      1.07601340
2139  841         3.10382325    -10.97297119      1.01754906
2140  841         3.11311946    -10.90774600      0.97279845
2141  841         3.12389951    -10.83589991      0.92629941
2142  841         3.12900778    -10.75427923      0.89822438
2143  841         3.10495370    -10.67580855      0.89953421
2144  841         3.06919711    -10.61466147      0.91807984
2145  841         3.04314223    -10.56932682      0.92926181
2146  841         3.02722511    -10.52968263      0.93128173
2147  841         3.00840162    -10.47664357      0.94306637
2148  841         2.99508136    -10.41173365      0.97908441
2149  841         2.98722209    -10.35199147      1.02872948
2150  841         2.98205680    -10.29806403      1.06216922
2151  841         2.98219144    -10.24268749      1.07400310
2152  841         2.97849223    -10.18413300      1.09036490
2153  841         2.95974481    -10.12720888      1.13140352
2154  841         2.91876414    -10.07967561      1.19115870
2155  841         2.87301013    -10.04632742      1.25360407
2156  841         2.84255684    -10.03454740      1.30703097
2157  841         2.82086883    -10.03930637      1.34301781
2158  841         2.79957545    -10.04400654      1.37267232
2159  841         2.78843922    -10.01883455      1.40188257
2160  841         2.80154792     -9.95909113      1.41885999
2161  841         2.83074650     -9.87534725      1.43176566
2162  841         2.85382820     -9.79150393      1.44767915
2163  841         2.87714835     -9.71594470      1.47305515
2164  841         2.89719130     -9.65236050      1.49509391
2165  841         2.90895456     -9.58772309      1.50353398
2166  841         2.89567071     -9.50904416      1.51326675
2167  841         2.87534348     -9.43416334      1.53328822
2168  841         2.86156542     -9.37671819      1.54914883
2169  841         2.84875987     -9.33565704      1.55997944
2170  841         2.83903338     -9.27031726      1.56804016
2171  841         2.86287875     -9.16446916      1.57190195
2172  841         2.92255269     -9.04885949      1.57226460
2173  841         2.98826468     -8.95922486      1.55779582
2174  841         3.04301206     -8.89169320      1.52640159
2175  841         3.07989074     -8.83339433      1.48538306
2176  841         3.09297627     -8.79744309      1.45604570
2177  841         3.09263894     -8.78317334      1.44265901
2178  841         3.09316806     -8.78085810      1.44203911
2179  841         3.10124125     -8.77983668      1.43658495
2180  841         3.09764754     -8.79377197      1.43106262
2181  841         3.07554657     -8.82122423      1.43017762
2182  841         3.06396529     -8.84832350      1.42283129
2183  841         3.06505587     -8.84698070      1.41220551
2184  841         3.06372392     -8.82433134      1.41914540
2185  841         3.06550067     -8.79945168      1.43922056
2186  841         3.07739975     -8.78980066      1.44520325
2187  841         3.08384516     -8.80752535      1.42966397
2188  841         3.08572823     -8.84579190      1.39725710
2189  841         3.08355902     -8.87452752      1.37704645
2190  841         3.08338376     -8.87264166      1.38880510
2191  841         3.09012475     -8.85195496      1.44128067
2192  841         3.09647507     -8.84848889      1.50139528
2193  841         3.10410889     -8.86284415      1.53212009
2194  841         3.11559843     -8.86975488      1.51621242
2195  841         3.13509842     -8.87436838      1.46818347
2196  841         3.16101686     -8.88375673      1.41872734
2197  841         3.19751601     -8.90327626      1.37655754
2198  841         3.24107163     -8.91384034      1.34531877
2199  841         3.28763164     -8.90970056      1.31224491
2200  841         3.32595831     -8.89720065      1.26870807
2201  841         3.32754719     -8.89840514      1.22914716
2202  841         3.29326549     -8.91177795      1.20166717
2203  841         3.24680721     -8.92857002      1.17672604
2204  841         3.21756355     -8.92973221      1.15158946
2205  841         3.23158676     -8.89892673      1.14174560
2206  841         3.28154628     -8.86235771      1.15476075
2207  841         3.33567604     -8.82495721      1.19057841
2208  841         3.38428594     -8.79600138      1.23035118
2209  841         3.44038427     -8.79104377      1.26734854
2210  841         3.48800783     -8.80436144      1.30223075
2211  841         3.50865330     -8.81611470      1.34271757
2212  841         3.49838047     -8.81263209      1.40402183
2213  841         3.49871340     -8.80097493      1.48548729
2214  841         3.52364112     -8.80066008      1.58005017
2215  841         3.55125902     -8.80643199      1.65287802
2216  841         3.54947679     -8.80565403      1.69276376
2217  841         3.52385406     -8.80025369      1.69871010
2218  841         3.50812260     -8.80330053      1.68726196
2219  841         3.50668206     -8.81668791      1.68622618
2220  841         3.51851655     -8.82169317      1.71098528
2221  841         3.52823110     -8.81857711      1.72625805
2222  841         3.52373091     -8.80930654      1.70828352
2223  841         3.50696891     -8.82032319      1.70225898
2224  841         3.49861142     -8.86165703      1.72909208
2225  841         3.49922749     -8.91563003      1.75792215
2226  841         3.47797516     -8.93499979      1.76152155
2227  841         3.42754428     -8.90814787      1.73361397
2228  841         3.37679792     -8.87985529      1.69904117
2229  841         3.34882289     -8.90595787      1.68468299
2230  841         3.34012099     -8.96963508      1.69587569
2231  841         3.33183211     -9.00308738      1.71956451
2232  841         3.31203443     -8.98946501      1.74909167
2233  841         3.30290766     -8.96181406      1.77381441
2234  841         3.29549205     -8.96027898      1.78350579
2235  841         3.27470717     -8.97503330      1.79807797
2236  841         3.23639060     -8.97794786      1.82464214
2237  841         3.20648478     -8.96950955      1.87514418
2238  841         3.19776801     -8.95163517      1.91453890
2239  841         3.19515465     -8.91193976      1.94511507
2240  841         3.21118025     -8.85692897      1.97495339
2241  841         3.21331925     -8.80895464      2.03508514
2242  841         3.20417782     -8.78221771      2.09871443
2243  841         3.18084490     -8.76274901      2.16413708
2244  841         3.16622947     -8.74300356      2.21225604
2245  841         3.14686235     -8.73665844      2.22804077
2246  841         3.10284037     -8.75569273      2.23620144
2247  841         3.05192603     -8.78207634      2.26158909
2248  841         3.01078344     -8.78473503      2.30385782
2249  841         2.96601959     -8.78242270      2.32386350
2250  841         2.93912980     -8.79003860      2.31511556
2251  841         2.99034339     -8.79938744      2.26726714
2252  841         3.07302873     -8.81579680      2.22401376
2253  841         3.11573845     -8.83283026      2.18815631
2254  841         3.11452178     -8.83681257      2.14268742
2255  841         3.11523490     -8.85560184      2.09384403
2256  841         3.13111423     -8.88381368      2.05449425
2257  841         3.12690522     -8.91398134      2.05063815
2258  841         3.10340047     -8.94318736      2.07763678
2259  841         3.08949648     -8.96096872      2.12950419
2260  841         3.08368113     -8.97081165      2.17329639
2261  841         3.06166164     -8.97069412      2.19008520
2262  841         3.02236674     -8.98635462      2.18808356
2263  841         2.97222168     -8.99213857      2.20361207
2264  841         2.92693831     -8.97716146      2.25069409
2265  841         2.88939968     -8.94430065      2.30190795
2266  841         2.84909069     -8.92506465      2.32331097
2267  841         2.81205567     -8.93321331      2.32850329
2268  841         2.76996254     -8.95396547      2.34446965
2269  841         2.69549861     -8.95206633      2.35313638
2270  841         2.64240820     -8.91683629      2.36292083
2271  841         2.60314137     -8.86727986      2.36858093
2272  841         2.56723643     -8.81541792      2.36634131
2273  841         2.52413019     -8.79750602      2.37352957
2274  841         2.47996045     -8.82480137      2.40567686
2275  841         2.44765425     -8.87790238      2.44441279
2276  841         2.42088197     -8.91866544      2.45954951
2277  841         2.39389677     -8.93908034      2.44144335
2278  841         2.37629934     -8.93871082      2.42382613
2279  841         2.35747479     -8.92214101      2.40887769
2280  841         2.30679451     -8.90791689      2.39078764
2281  841         2.22806055     -8.88715691      2.36612376
2282  841         2.17358681     -8.86845383      2.32979938
2283  841         2.17961805     -8.84693921      2.27411291
2284  841         2.20223134     -8.83208547      2.20156692
2285  841         2.21009297     -8.81951080      2.15437843
2286  841         2.19657356     -8.82210870      2.14701123
2287  841         2.17529351     -8.83692156      2.14352189
2288  841         2.16479174     -8.86873856      2.12067935
2289  841         2.17708707     -8.89701695      2.08441294
2290  841         2.19807199     -8.88835929      2.04645362
2291  841         2.19367135     -8.85458157      2.00603734
2292  841         2.16629068     -8.81138485      1.97516112
2293  841         2.14878421     -8.77802362      1.96343110
2294  841         2.15425910     -8.74150139      1.95923919
2295  841         2.16423009     -8.70683194      1.96548364
2296  841         2.17239581     -8.67981283      1.98383607
2297  841         2.18548982     -8.67552033      2.01102844
2298  841         2.21205820     -8.68787192      2.04459346
2299  841         2.22593418     -8.71425105      2.05997060
2300  841         2.20373626     -8.74768436      2.04141657
2301  841         2.15567768     -8.78171558      1.99278677
2302  841         2.10668170     -8.80686006      1.91997014
2303  841         2.07673468     -8.79651683      1.83126498
2304  841         2.05804736     -8.75763706      1.73130114
2305  841         2.03798469     -8.71510038      1.64397132
2306  841         2.02235733     -8.69144264      1.57635021
2307  841         2.00330245     -8.67244153      1.52993270
2308  841         1.98197286     -8.67860151      1.50165282
2309  841         1.97668894     -8.68766492      1.49648266
2310  841         1.96589482     -8.69684242      1.48445078
2311  841         1.94788274     -8.73555414      1.48845463
2312  841         1.95633582     -8.79403890      1.49111521
2313  841         2.01847046     -8.83716355      1.44585012
2314  841         2.10292269     -8.84476461      1.36613805
2315  841         2.18858281     -8.83651059      1.30261496
2316  841         2.25375137     -8.83452651      1.26702081
2317  841         2.29928378     -8.84083567      1.25240373
2318  841         2.32729377     -8.81253292      1.26271506
2319  841         2.35844575     -8.77094082      1.28004616
2320  841         2.38866135     -8.75614907      1.29690700
2321  841         2.42781050     -8.78258627      1.30745182
2322  841         2.49328332     -8.82662941      1.30444695
2323  841         2.57206548     -8.84376331      1.28995150
2324  841         2.65763644     -8.85254843      1.24374677
2325  841         2.71651839     -8.86518228      1.17917979
2326  841         2.77051802     -8.90444937      1.12834136
2327  841         2.83643818     -8.94601677      1.09385887
2328  841         2.91098186     -8.99111337      1.04843406
2329  841         2.97274969     -9.03844420      0.98637322
2330  841         3.01311767     -9.10037103      0.92054512
2331  841         3.03774745     -9.14579035      0.87010777
2332  841         3.07072349     -9.15816449      0.85355293
2333  841         3.11090983     -9.17629396      0.84863835
2334  841         3.14299988     -9.19572981      0.82860593
2335  841         3.18226552     -9.20898849      0.77162866
2336  841         3.20505093     -9.21591438      0.68464820
2337  841         3.21058157     -9.23479099      0.60318795
2338  841         3.20440628     -9.27784643      0.58173048
2339  841         3.18932894     -9.34139279      0.60006096
2340  841         3.15824585     -9.37198388      0.61341311
2341  841         3.12309914     -9.38317969      0.61852926
2342  841         3.08402024     -9.39241798      0.62461570
2343  841         3.03262004     -9.38825704      0.64091169
2344  841         2.96126023     -9.38727871      0.65609857
2345  841         2.88172672     -9.39691217      0.66152395
2346  841         2.79867377     -9.41795226      0.63603903
2347  841         2.70928650     -9.43766967      0.58007653
2348  841         2.64917919     -9.44452322      0.53026937
2349  841         2.62744909     -9.41056106      0.53566438
2350  841         2.61417125     -9.33222203      0.57911856
2351  841         2.58678957     -9.24772388      0.63422221
2352  841         2.52843961     -9.18518957      0.67795234
2353  841         2.45092427     -9.17112537      0.72441038
2354  841         2.36682086     -9.20450213      0.77957422
2355  841         2.27931042     -9.26493818      0.82672808
2356  841         2.17243267     -9.32389177      0.83584912
2357  841         2.05091470     -9.37000739      0.80978773
2358  841         1.93728375     -9.40010309      0.76900458
2359  841         1.83872159     -9.41254363      0.74419122
2360  841         1.77253442     -9.40723659      0.74428172
2361  841         1.72966221     -9.43265300      0.76566321
2362  841         1.69269056     -9.48955130      0.80668142
2363  841         1.65856476     -9.53682039      0.85680199
2364  841         1.60930444     -9.55458577      0.90190200
2365  841         1.54926425     -9.56786391      0.91925009
2366  841         1.50590335     -9.59382344      0.91691232
2367  841         1.49952295     -9.61980422      0.89177000
2368  841         1.53493466     -9.66923321      0.85500060
2369  841         1.59994494     -9.75743824      0.80929465
2370  841         1.65572434     -9.85787828      0.73792027
2371  841         1.69097588     -9.93044004      0.65252466
2372  841         1.71014308     -9.96871931      0.56956400
2373  841         1.71526537     -9.98665827      0.50460228
2374  841         1.71253303     -9.98659382      0.46014917
2375  841         1.71061042     -9.97864880      0.43499491
2376  841         1.73286427     -9.98438571      0.43892338
2377  841         1.76606032    -10.02025210      0.43580159
2378  841         1.80415073    -10.06914347      0.38687311
2379  841         1.81363717    -10.10711781      0.32337166
2380  841         1.80627424    -10.13678249      0.30523785
2381  841         1.78722671    -10.16515020      0.35334197
2382  841         1.76422324    -10.16800034      0.44308137
2383  841         1.75079422    -10.14737355      0.51326956
2384  841         1.73464064    -10.11131206      0.56149541
2385  841         1.72480003    -10.07761326      0.60260619
2386  841         1.72131908    -10.04839247      0.64384889
2387  841         1.74579051    -10.03472602      0.66391594
2388  841         1.78975577    -10.05789969      0.65875538
2389  841         1.82774645    -10.10596662      0.62504564
2390  841         1.83328020    -10.15423273      0.60647090
2391  841         1.80157231    -10.17958742      0.63969314
2392  841         1.75072709    -10.20116694      0.71637311
2393  841         1.71546942    -10.23014236      0.80564494
2394  841         1.72202405    -10.27576744      0.88644163
2395  841         1.73635918    -10.32248191      0.96356373
2396  841         1.74242429    -10.34220577      1.02081897
2397  841         1.73680206    -10.33787161      1.03308172
2398  841         1.73054522    -10.35176050      1.01299617
2399  841         1.72981380    -10.37538701      0.98590438
2400  841         1.74732349    -10.39943173      0.95032004
2401  841         1.78258958    -10.42519141      0.91953835
2402  841         1.82492988    -10.44929493      0.88749012
2403  841         1.87296302    -10.49644055      0.85913359
2404  841         1.92137317    -10.54735740      0.84649529
2405  841         1.97833087    -10.57852397      0.86297762
2406  841         2.01610865    -10.59043495      0.90037779
2407  841         2.01539876    -10.60278752      0.93320931
2408  841         1.98709056    -10.63665436      0.95766955
2409  841         1.95766662    -10.68993179      0.96703842
2410  841         1.94691733    -10.75278695      0.96286538
2411  841         1.95504205    -10.79898975      0.93958049
2412  841         1.99003143    -10.83617682      0.90570249
2413  841         2.01504086    -10.84886309      0.87896186
2414  841         2.01556249    -10.82444458      0.89027320
2415  841         2.00197137    -10.78712142      0.92888977
2416  841         2.00013785    -10.74718866      0.95347307
2417  841         2.01529085    -10.70544490      0.95063900
2418  841         2.02695841    -10.66691583      0.93279370
2419  841         2.01764548    -10.62846938      0.90883159
2420  841         1.97269479    -10.58904992      0.87679682
2421  841         1.91519741    -10.55534827      0.84664961
2422  841         1.89614405    -10.52939673      0.80864685
2423  841         1.92903088    -10.49082266      0.75090144
2424  841         1.97443291    -10.43524414      0.70362647
2425  841         2.00547170    -10.39682737      0.67094443
2426  841         2.01559043    -10.40203276      0.63059670
2427  841         2.03282071    -10.44292775      0.59263451
2428  841         2.05492617    -10.48925761      0.54825295
2429  841         2.06171309    -10.52504554      0.50299319
2430  841         2.04561399    -10.55295340      0.47644591
2431  841         2.03251540    -10.56467614      0.46601806
2432  841         2.03240637    -10.56262619      0.45431206
2433  841         2.04438982    -10.53991047      0.41222790
2434  841         2.07321508    -10.51706224      0.34958633
2435  841         2.11911838    -10.49252531      0.28516813
2436  841         2.16293718    -10.42241719      0.24183221
2437  841         2.17853897    -10.30939248      0.20204532
2438  841         2.15779818    -10.19206509      0.15407033
2439  841         2.15562296    -10.14327108      0.10277597
2440  841         2.21609379    -10.14712261      0.07976057
2441  841         2.29384694    -10.16253449      0.07550754
2442  841         2.36087327    -10.17288981      0.05457881
2443  841         2.42603880    -10.17420670      0.01157404
2444  841         2.48756574    -10.16317911     -0.02769906
2445  841         2.55417678    -10.14965964     -0.03960467
2446  841         2.63046446    -10.14023814     -0.05092941
2447  841         2.66668728    -10.13798719     -0.05750678
2448  841         2.65572561    -10.15518198     -0.07705013
2449  841         2.63003401    -10.17951957     -0.09870196
2450  841         2.62616517    -10.18193893     -0.12367981
2451  841         2.65432508    -10.14904718     -0.16828445
2452  841         2.68544586    -10.09772077     -0.21795449
2453  841         2.68219372    -10.05141084     -0.25807511
2454  841         2.62066816    -10.00523301     -0.29274956
2455  841         2.55300852     -9.95333954     -0.32260779
2456  841         2.51225789     -9.89040993     -0.35276387
2457  841         2.48552090     -9.81157456     -0.39871279
2458  841         2.47443003     -9.72699343     -0.48827473
2459  841         2.47286077     -9.62323728     -0.60331865
2460  841         2.44797321     -9.51952705     -0.66899911
2461  841         2.35700325     -9.43144329     -0.66511136
2462  841         2.24727048     -9.38676175     -0.63119372
2463  841         2.17924868     -9.37734532     -0.62568689
2464  841         2.14744286     -9.37902095     -0.64302192
2465  841         2.12278642     -9.35686744     -0.66403997
2466  841         2.10668969     -9.30476945     -0.67120223
2467  841         2.10436033     -9.21517348     -0.67655253
2468  841         2.09502179     -9.10914101     -0.69155849
2469  841         2.06456346     -9.02100054     -0.69951170
2470  841         2.02058310     -8.96828415     -0.67931697
2471  841         1.99824839     -8.96271779     -0.63852079
2472  841         1.99509699     -8.97716425     -0.60303004
2473  841         1.97747910     -8.99027340     -0.60841601
2474  841         1.98112815     -8.97884963     -0.67622128
2475  841         1.98621842     -8.96045012     -0.77895051
2476  841         1.98907190     -8.92783431     -0.89316803
2477  841         2.02254446     -8.90333927     -0.99248445
2478  841         2.08793694     -8.86011800     -1.04943393
2479  841         2.12902254     -8.77394417     -1.03085703
2480  841         2.10769904     -8.69461725     -0.97376623
2481  841         2.04126348     -8.64740871     -0.93577529
2482  841         1.97793120     -8.63452029     -0.95420364
2483  841         1.95185753     -8.64750974     -1.00620065
2484  841         1.94408632     -8.69081952     -1.05265129
2485  841         1.94386351     -8.73782965     -1.10567756
2486  841         1.93157647     -8.76712123     -1.14197597
2487  841         1.91959347     -8.76908471     -1.14543070
2488  841         1.89471872     -8.74810486     -1.13654130
2489  841         1.85069870     -8.71032592     -1.15658399
2490  841         1.79484875     -8.65019261     -1.21313205
2491  841         1.77401381     -8.58242551     -1.26324542
2492  841         1.78991505     -8.53848973     -1.25012842
2493  841         1.81303507     -8.53034558     -1.17911415
2494  841         1.82228263     -8.52468148     -1.11297360
2495  841         1.80674273     -8.50699741     -1.09403332
2496  841         1.77443076     -8.49002033     -1.10604941
2497  841         1.74901158     -8.49233436     -1.11835782
2498  841         1.73211644     -8.50807680     -1.11839967
2499  841         1.70942986     -8.52775867     -1.14137532
2500  841         1.68487591     -8.55951492     -1.19347075
2501  841         1.64772060     -8.60247860     -1.21926408
2502  841         1.61458477     -8.63061167     -1.15773513
2503  841         1.57487356     -8.63560361     -1.07376892
2504  841         1.52201055     -8.60930155     -1.02608832
2505  841         1.45792950     -8.54800321     -1.02796533
2506  841         1.40496260     -8.46731238     -1.03712043
2507  841         1.39182427     -8.38715561     -1.02706688
2508  841         1.38823056     -8.32183315     -0.98841041
2509  841         1.37571266     -8.25564352     -0.99141003
2510  841         1.36466977     -8.18414361     -1.05948366
2511  841         1.34976591     -8.09886727     -1.10949069
2512  841         1.32291178     -7.99408811     -1.11626952
2513  841         1.29055268     -7.87470935     -1.09726575
2514  841         1.24953459     -7.74115763     -1.11119885
2515  841         1.20763641     -7.61275922     -1.15749812
2516  841         1.18205829     -7.50092337     -1.23880577
2517  841         1.18206931     -7.40279732     -1.32984675
2518  841         1.20954784     -7.31049281     -1.39599070
2519  841         1.27157488     -7.24967489     -1.39428813
2520  841         1.34966488     -7.22477077     -1.34847301
2521  841         1.41204251     -7.20889977     -1.32689281
2522  841         1.47402721     -7.17214316     -1.33205100
2523  841         1.53199135     -7.11935018     -1.32613227
2524  841         1.57828967     -7.07931428     -1.28123524
2525  841         1.60167244     -7.05230736     -1.22312756
2526  841         1.60652592     -7.04433886     -1.19655956
2527  841         1.60109230     -7.04087835     -1.23176770
2528  841         1.59958674     -7.01699231     -1.30770956
2529  841         1.59287226     -6.96739413     -1.37989637
2530  841         1.58434180     -6.90282392     -1.41543010
2531  841         1.58270885     -6.80681815     -1.40766386
2532  841         1.58224123     -6.68104074     -1.36788619
2533  841         1.57019807     -6.55966890     -1.31932812
2534  841         1.58087535     -6.47115711     -1.28584355
2535  841         1.61655688     -6.44519140     -1.26052776
2536  841         1.64046278     -6.47587108     -1.27190306
2537  841         1.64015761     -6.51766959     -1.31782771
2538  841         1.61743678     -6.52667487     -1.36947029
2539  841         1.59027561     -6.51467313     -1.41091975
2540  841         1.57377653     -6.49155495     -1.45406483
2541  841         1.56938057     -6.45705002     -1.49819959
2542  841         1.57529049     -6.41470917     -1.53165371
2543  841         1.60147357     -6.37536740     -1.56034967
2544  841         1.64634724     -6.34806216     -1.59247070
2545  841         1.68802854     -6.31649818     -1.62102657
2546  841         1.72649630     -6.26941927     -1.61412340
2547  841         1.77292457     -6.20502310     -1.57665837
2548  841         1.83013378     -6.15143904     -1.53352284
2549  841         1.87721232     -6.08918906     -1.50785585
2550  841         1.91866430     -6.03148718     -1.47260489
2551  841         1.97057154     -5.99569024     -1.43430130
2552  841         2.03201490     -5.97483654     -1.41755077
2553  841         2.07205161     -5.95767605     -1.44807948
2554  841         2.07644547     -5.96996742     -1.51923329
2555  841         2.06648248     -6.00997029     -1.58068818
2556  841         2.08366495     -6.02732714     -1.58838051
2557  841         2.14351394     -6.00707670     -1.53830891
2558  841         2.21589727     -5.97882515     -1.46789420
2559  841         2.28329608     -5.98092995     -1.37796693
2560  841         2.32334423     -6.00270040     -1.27979646
2561  841         2.33720630     -6.03624770     -1.21572598
2562  841         2.33511891     -6.05583423     -1.21450031
2563  841         2.34444716     -6.05628214     -1.25004353
2564  841         2.37976280     -6.02741541     -1.28698925
2565  841         2.40871104     -5.99482312     -1.32530146
2566  841         2.41929454     -5.99907668     -1.33260809
2567  841         2.45732021     -6.05281884     -1.29782084
2568  841         2.51875287     -6.11160612     -1.23782489
2569  841         2.58662082     -6.14933769     -1.18511777
2570  841         2.63272309     -6.17951046     -1.13885778
2571  841         2.64649747     -6.21805815     -1.10552842
2572  841         2.63444680     -6.24298119     -1.05754357
2573  841         2.64489046     -6.23307104     -1.01598467
2574  841         2.68440729     -6.21325630     -0.97969141
2575  841         2.69907598     -6.21012337     -0.94824544
2576  625         4.20757139     -4.26545524     -1.18936229
2577  625         4.25510604     -4.19137353     -1.16030655
2578  625         4.30707980     -4.13212472     -1.10437575
2579  625         4.35847208     -4.11420887     -1.02950061
2580  625         4.40577035     -4.13081211     -0.94287433
2581  625         4.44382693     -4.15237531     -0.84772347
2582  625         4.48369098     -4.14782657     -0.76552804
2583  625         4.52139165     -4.12528048     -0.70571961
2584  625         4.53325850     -4.08115399     -0.67610454
2585  625         4.51718175     -4.03004184     -0.65343321
2586  625         4.47870122     -3.96059921     -0.62439812
2587  625         4.41226878     -3.87228795     -0.59129685
2588  625         4.31466624     -3.78373171     -0.55721747
2589  625         4.21594326     -3.73454820     -0.53862992
2590  625         4.15866064     -3.72047605     -0.54346075
2591  625         4.13094941     -3.72264139     -0.58192499
2592  625         4.11069871     -3.72889954     -0.62890903
2593  625         4.11448622     -3.74383234     -0.66588925
2594  625         4.15912426     -3.76492545     -0.67985694
2595  625         4.21214089     -3.77880840     -0.68275014
2596  625         4.20991589     -3.81559145     -0.70086239
2597  625         4.15349026     -3.86361063     -0.72620526
2598  625         4.09216338     -3.87380176     -0.72221102
2599  625         4.06746380     -3.86177542     -0.67657724
2600  625         4.06775285     -3.86456746     -0.61034912
2601  625         4.07121590     -3.88536791     -0.51704200
2602  625         4.05673630     -3.89396912     -0.40532217
2603  625         4.02376846     -3.90049517     -0.30081706
2604  625         4.00758635     -3.91065021     -0.21554156
2605  625         4.02133805     -3.92382815     -0.14667433
2606  625         4.05066297     -3.91615769     -0.11041206
2607  625         4.06483319     -3.89657078     -0.08705018
2608  625         4.09085742     -3.86745010     -0.06621256
2609  625         4.13972521     -3.84844092     -0.06479573
2610  625         4.20586752     -3.85506347     -0.08728765
2611  625         4.26210921     -3.90697816     -0.11375924
2612  625         4.30152869     -3.98351336     -0.11523627
2613  625         4.32626158     -4.06184396     -0.07507362
2614  625         4.34346929     -4.13391052     -0.01152304
2615  625         4.36520075     -4.20031762      0.05878750
2616  625         4.41930050     -4.25586387      0.11339862
2617  625         4.50789406     -4.28544494      0.12494971
2618  625         4.59863873     -4.28355051      0.12489092
2619  625         4.66938006     -4.25479031      0.15628961
2620  625         4.70003375     -4.22560291      0.22725245
2621  625         4.70559472     -4.21233511      0.31971526
2622  625         4.70014754     -4.20518390      0.40036893
2623  625         4.68340229     -4.20497075      0.45508367
2624  625         4.67094330     -4.21472962      0.51910323
2625  625         4.65778755     -4.20838764      0.60701632
2626  625         4.63572270     -4.16161770      0.68940052
2627  625         4.63744785     -4.09230436      0.73627319
2628  625         4.66586708     -4.02322070      0.76400665
2629  625         4.68196919     -3.97131900      0.80395423
2630  625         4.66692851     -3.94750559      0.85602284
2631  625         4.61310243     -3.93280074      0.90176758
2632  625         4.53361693     -3.91487024      0.95498935
2633  625         4.44772501     -3.89725164      1.02759503
2634  625         4.37098679     -3.87594793      1.10763339
2635  625         4.32384008     -3.84055634      1.16901276
2636  625         4.31547890     -3.76913201      1.21901135
2637  625         4.32958473     -3.68650891      1.27744392
2638  625         4.34617493     -3.61138064      1.34068655
2639  625         4.34807149     -3.56514856      1.38058646
2640  625         4.31760829     -3.55408768      1.39151480
2641  625         4.24321727     -3.56349800      1.38770933
2642  625         4.16170532     -3.57516311      1.39663974
2643  625         4.12424914     -3.57090916      1.42275697
2644  625         4.13087841     -3.54125941      1.45589766
2645  625         4.14415745     -3.50622785      1.47804879
2646  625         4.15295755     -3.48386970      1.48905957
2647  625         4.15761637     -3.49256871      1.49480243
2648  625         4.14026743     -3.53302757      1.47488408
2649  625         4.10145341     -3.58423026      1.43188024
2650  625         4.05174551     -3.64866189      1.37745110
2651  625         4.02006376     -3.71719896      1.34778548
2652  625         3.99747379     -3.77094287      1.35142256
2653  625         4.00561861     -3.80161878      1.37400989
2654  625         4.05555229     -3.84389104      1.38826555
2655  625         4.12686151     -3.88006064      1.35629751
2656  625         4.18729450     -3.90756637      1.31298346
2657  625         4.23717943     -3.93688175      1.29261890
2658  625         4.27716852     -3.97141645      1.30786412
2659  625         4.27036642     -4.01142762      1.33294590
2660  625         4.20987108     -4.04564978      1.33834144
2661  625         4.13051143     -4.06839517      1.32088098
2662  625         4.07836284     -4.08344129      1.29837356
2663  625         4.06192887     -4.10024444      1.28280500
2664  625         4.05236711     -4.10880795      1.27124958
2665  625         4.03845926     -4.10943435      1.26643664
2666  625         4.01807295     -4.10901701      1.26767455
2667  625         3.98458496     -4.11183637      1.28426499
2668  625         3.95100237     -4.10878696      1.31149245
2669  625         3.92231036     -4.09467582      1.33373464
2670  625         3.89515953     -4.08385336      1.32821973
2671  625         3.84227678     -4.08087211      1.28647963
2672  625         3.77156293     -4.07194145      1.22471628
2673  625         3.71218367     -4.05202758      1.17717201
2674  625         3.68188407     -4.02381484      1.16147787
2675  625         3.66631267     -3.98092144      1.15481926
2676  625         3.63696589     -3.94419544      1.15272236
2677  625         3.56665235     -3.93365772      1.16141479
2678  625         3.46508277     -3.94397744      1.18957184
2679  625         3.36292707     -3.95488399      1.22260696
2680  625         3.26839704     -3.96154830      1.24489290
2681  625         3.20157155     -3.94597322      1.23580139
2682  625         3.16289826     -3.90510596      1.18990488
2683  625         3.14264670     -3.88704591      1.13459219
2684  625         3.08820722     -3.92270466      1.10204745
2685  625         3.01759212     -3.96399354      1.09180218
2686  625         2.96638171     -3.97137687      1.07711161
2687  625         2.92547263     -3.95476105      1.03940088
2688  625         2.88454620     -3.97009963      0.99077830
2689  625         2.82355924     -4.01129180      0.93570412
2690  625         2.76470588     -4.04960508      0.88848763
2691  625         2.71288044     -4.06290667      0.88179522
2692  625         2.66952760     -4.03351827      0.90553389
2693  625         2.60667837     -3.98447787      0.92736736
2694  625         2.52516878     -3.95646097      0.93551790
2695  625         2.44615617     -3.95815450      0.94016237
2696  625         2.38390056     -3.95749050      0.94172033
2697  625         2.35317896     -3.93766021      0.90843904
2698  625         2.35264556     -3.91331784      0.82158598
2699  625         2.35713167     -3.89543078      0.72459301
2700  625         2.33885916     -3.88033630      0.65917660
2701  625         2.28612131     -3.87976878      0.61126137
2702  625         2.21098621     -3.89292880      0.56680015
2703  625         2.14147789     -3.91758576      0.53381310
2704  625         2.06969145     -3.93748193      0.53853388
2705  625         1.98872356     -3.96912512      0.54944577
2706  625         1.91740057     -4.01526263      0.52290303
2707  625         1.89449275     -4.07941344      0.45814372
2708  625         1.92306369     -4.15482718      0.38513399
2709  625         1.97095005     -4.20580500      0.35552430
2710  625         2.00724736     -4.22196796      0.37744579
2711  625         2.03510041     -4.24841328      0.44277968
2712  625         2.06317264     -4.30132883      0.51476218
2713  625         2.09174102     -4.35826280      0.58404971
2714  625         2.13113494     -4.40652032      0.64317538
2715  625         2.17635711     -4.45338505      0.68801885
2716  625         2.22085790     -4.50571232      0.72174725
2717  625         2.24621445     -4.58016814      0.72843842
2718  625         2.22463819     -4.65898005      0.70120835
2719  625         2.17463986     -4.72524091      0.65716778
2720  625         2.13714102     -4.76156982      0.63948001
2721  625         2.14210843     -4.78524946      0.66414467
2722  625         2.16266856     -4.80572824      0.70953516
2723  625         2.18040723     -4.83877256      0.73193842
2724  625         2.20906804     -4.89479681      0.73875962
2725  625         2.26077480     -4.93783781      0.76119476
2726  625         2.30604748     -4.96084637      0.80511872
2727  625         2.32294508     -4.96712331      0.87190220
2728  625         2.32708077     -4.97536971      0.94488547
2729  625         2.32690444     -4.98885611      1.00828847
2730  625         2.34355835     -5.00157860      1.04557684
2731  625         2.37718766     -5.01068553      1.07220551
2732  625         2.42225526     -5.01731017      1.10265436
2733  625         2.46192147     -5.01814838      1.10028615
2734  625         2.48620401     -5.00414633      1.07089079
2735  625         2.50851090     -4.96589458      1.07320220
2736  625         2.54800002     -4.90390937      1.12761762
2737  625         2.59417540     -4.86023622      1.17326498
2738  625         2.63523970     -4.85798232      1.16531472
2739  625         2.67401982     -4.87694540      1.10911981
2740  625         2.72555271     -4.86165881      1.06311805
2741  625         2.80399202     -4.83268587      1.04877784
2742  625         2.89432430     -4.79921391      1.05181813
2743  625         2.98504400     -4.75981126      1.04980868
2744  625         3.07246716     -4.70695048      1.04369017
2745  625         3.14093820     -4.62153169      1.04315959
2746  625         3.17507663     -4.52954860      1.04218566
2747  625         3.16510451     -4.44911689      1.01812123
2748  625         3.13397482     -4.40967234      0.97621627
2749  625         3.08910780     -4.39808732      0.93214127
2750  625         3.02557695     -4.41871130      0.89616469
2751  625         2.97174065     -4.43983622      0.88450429
2752  625         2.96396201     -4.44974254      0.90674303
2753  625         3.00527204     -4.42666059      0.94589885
2754  625         3.05014246     -4.37919570      0.97710794
2755  625         3.07499052     -4.33084745      0.97812991
2756  625         3.08763700     -4.30190431      0.93819418
2757  625         3.08982939     -4.30290868      0.89196333
2758  625         3.07547269     -4.31066569      0.87109052
2759  625         3.04681953     -4.30445937      0.86287946
2760  625         3.01037196     -4.25549356      0.85255578
2761  625         2.97757341     -4.18596516      0.83883669
2762  625         2.97807749     -4.11269044      0.83565039
2763  625         3.00030658     -4.05384944      0.84178492
2764  625         3.01099442     -4.01575222      0.85107271
2765  625         3.00904251     -4.01091764      0.86425885
2766  625         3.01123717     -4.02459640      0.87978224
2767  625         3.01318010     -4.02027535      0.89005550
2768  625         3.00487544     -3.98220264      0.87877815
2769  625         2.98394953     -3.91608743      0.87419479
2770  625         2.96670743     -3.83838306      0.86974456
2771  625         2.96574686     -3.75673425      0.84539300
2772  625         2.98460262     -3.71446429      0.81206396
2773  625         3.00000425     -3.72176114      0.78781597
2774  625         3.00677303     -3.77284864      0.76697199
2775  625         3.00663416     -3.81494195      0.74885408
2776  625         2.99760270     -3.83713011      0.73854812
2777  625         2.96616728     -3.85363038      0.74183885
2778  625         2.92047141     -3.88440560      0.75447559
2779  625         2.88943433     -3.93456896      0.75477183
2780  625         2.88108703     -3.98149372      0.73431710
2781  625         2.89124763     -4.00624455      0.70056398
2782  625         2.92814041     -4.00270317      0.67349641
2783  625         2.96360993     -4.01019133      0.65257952
2784  625         2.97171995     -4.01746250      0.63599702
2785  625         2.94044870     -4.01545059      0.63160135
2786  625         2.92443469     -3.99221344      0.63376745
2787  625         2.94206995     -3.97094729      0.62799026
2788  625         2.96796911     -3.98742742      0.61329714
2789  625         2.97442890     -4.06139434      0.60271241
2790  625         2.96733610     -4.15302641      0.59425441
2791  625         2.96599618     -4.21439109      0.59552475
2792  625         2.97643114     -4.24053161      0.59173162
2793  625         3.00608739     -4.28181561      0.58049034
2794  625         3.04770378     -4.35613784      0.55298510
2795  625         3.10849156     -4.43565354      0.53451925
2796  625         3.15413110     -4.49367590      0.51935004
2797  625         3.17843916     -4.53690644      0.50756616
2798  625         3.20522305     -4.57622801      0.49544792
2799  625         3.24754389     -4.61223253      0.48745587
2800  625         3.29891823     -4.63362715      0.47504498
2801  625         3.33224796     -4.64153168      0.46216879
2802  625         3.33250189     -4.65772421      0.45698632
2803  625         3.29987144     -4.70083629      0.43286520
2804  625         3.22793373     -4.75989128      0.39931211
2805  625         3.14325574     -4.81941858      0.35594057
2806  625         3.10104771     -4.86818510      0.31963562
2807  625         3.11447679     -4.89628229      0.28047732
2808  625         3.16800219     -4.91761804      0.23696915
2809  625         3.22330828     -4.94260468      0.19035826
2810  625         3.25949824     -4.98267071      0.14202210
2811  625         3.24653903     -5.03950950      0.11051899
2812  625         3.21342452     -5.13036619      0.11231003
2813  625         3.19945691     -5.25089563      0.13427721
2814  625         3.18061285     -5.37614155      0.15909668
2815  625         3.13612591     -5.49517338      0.17280092
2816  625         3.09156046     -5.58984402      0.18412276
2817  625         3.07638719     -5.66741288      0.18428208
2818  625         3.10048980     -5.71683738      0.15602315
2819  625         3.13060131     -5.75235804      0.10783437
2820  625         3.14651043     -5.76018169      0.03483071
2821  625         3.15149471     -5.77257929     -0.03775957
2822  625         3.16704877     -5.80140891     -0.10310227
2823  625         3.19504177     -5.85258774     -0.14614337
2824  625         3.21438972     -5.91350133     -0.15744490
2825  625         3.22760413     -5.97528692     -0.15658212
2826  625         3.24248295     -6.04354885     -0.15104484
2827  625         3.26558732     -6.10953180     -0.14457051
2828  625         3.31335339     -6.15816850     -0.14523408
2829  625         3.34737423     -6.18286315     -0.17561754
2830  625         3.35117774     -6.19107848     -0.22908199
2831  625         3.34206920     -6.19895607     -0.27073144
2832  625         3.33482817     -6.19325034     -0.28422554
2833  625         3.32702503     -6.15830884     -0.27806862
2834  625         3.31179796     -6.10291808     -0.25455668
2835  625         3.28029598     -6.03137609     -0.21300853
2836  625         3.22476866     -5.96755685     -0.16427455
2837  625         3.15340770     -5.90493509     -0.12427188
2838  625         3.09890433     -5.84245651     -0.10565814
2839  625         3.08532380     -5.77122519     -0.09261982
2840  625         3.09829619     -5.69572895     -0.07298076
2841  625         3.09973053     -5.64371673     -0.04456947
2842  625         3.09463786     -5.64817160     -0.00498770
2843  625         3.10634187     -5.70213563      0.02762140
2844  625         3.11518057     -5.75989464      0.05643081
2845  625         3.10534963     -5.80413834      0.07813286
2846  625         3.09974394     -5.85130731      0.11160693
2847  625         3.13406088     -5.91268391      0.15101630
2848  625         3.19517343     -5.97526829      0.18036721
2849  625         3.24615422     -6.04361323      0.20029669
2850  625         3.29507958     -6.09860389      0.22031417
2851  625         3.34788990     -6.14976199      0.23834486
2852  625         3.37986502     -6.19079924      0.23964250
2853  625         3.37532114     -6.24527968      0.23181394
2854  625         3.38028164     -6.30103992      0.23016873
2855  625         3.39846286     -6.34340639      0.25466282
2856  625         3.39371526     -6.36286429      0.26650908
2857  625         3.37460047     -6.37848535      0.27768759
2858  625         3.37521561     -6.40566837      0.30035315
2859  625         3.40999222     -6.39784130      0.34036024
2860  625         3.45969461     -6.36820505      0.36493485
2861  625         3.51284838     -6.35330909      0.38585608
2862  625         3.54735865     -6.39470415      0.43705131
2863  625         3.55183111     -6.48796385      0.50139804
2864  625         3.53229932     -6.58742935      0.54555102
2865  625         3.52733339     -6.66397517      0.54164595
2866  625         3.54386811     -6.72507373      0.48067959
2867  625         3.55841131     -6.78038797      0.39545818
2868  625         3.54450623     -6.81005172      0.34182353
2869  625         3.50310831     -6.81670123      0.34816401
2870  625         3.47315998     -6.80696627      0.38060631
2871  625         3.46245486     -6.80736514      0.42016435
2872  625         3.46127793     -6.83242402      0.47745446
2873  625         3.44924289     -6.88050984      0.54474028
2874  625         3.43853229     -6.93022358      0.59074771
2875  625         3.42426424     -6.98776667      0.59108842
2876  625         3.40718503     -7.03852938      0.59955091
2877  625         3.39419138     -7.06792645      0.63540243
2878  625         3.38730970     -7.06781041      0.66210146
2879  625         3.37438372     -7.06689920      0.65586707
2880  625         3.33638489     -7.08539942      0.66519097
2881  625         3.28019081     -7.11744103      0.70939290
2882  625         3.21894028     -7.14742391      0.74062590
2883  625         3.17780966     -7.16762752      0.73508260
2884  625         3.15755264     -7.19139579      0.71330644
2885  625         3.15024702     -7.21291648      0.69495495
2886  625         3.12979427     -7.23715881      0.66788281
2887  625         3.10245291     -7.26254867      0.64391824
2888  625         3.07683347     -7.28659932      0.64763418
2889  625         3.04220044     -7.32808883      0.67201895
2890  625         2.99093690     -7.39019643      0.68742544
2891  625         2.94281527     -7.44082615      0.68936613
2892  625         2.90749354     -7.44335796      0.69566316
2893  625         2.88080650     -7.42117848      0.72540533
2894  625         2.86910656     -7.41711798      0.75544643
2895  625         2.85977176     -7.42679234      0.76861032
2896  625         2.84497548     -7.43404299      0.76690062
2897  625         2.83610246     -7.44978779      0.76337432
2898  625         2.83851676     -7.48474762      0.75811885
2899  625         2.83054001     -7.53466717      0.75493529
2900  625         2.81145482     -7.56764218      0.74742469
2901  625         2.78835949     -7.57699276      0.71902034
2902  625         2.76791116     -7.58634145      0.69340337
2903  625         2.73894218     -7.61270433      0.68905783
2904  625         2.70754457     -7.63304013      0.67962707
2905  625         2.66984382     -7.63189935      0.65623131
2906  625         2.64880895     -7.61249467      0.63990457
2907  625         2.62263612     -7.59755519      0.63185021
2908  625         2.57186884     -7.60838082      0.60876724
2909  625         2.52595214     -7.63429826      0.58021149
2910  625         2.48551390     -7.66333337      0.56766295
2911  625         2.44904107     -7.70871267      0.56608635
2912  625         2.46508981     -7.74094372      0.59044613
2913  625         2.53246467     -7.76498874      0.62160867
2914  625         2.62021690     -7.79698769      0.65775173
2915  625         2.70558121     -7.81195936      0.70615227
2916  625         2.75687366     -7.80613476      0.78463508
2917  625         2.75541602     -7.78831548      0.87475697
2918  625         2.73537488     -7.76861443      0.94565085
2919  625         2.72520786     -7.78119009      0.99370306
2920  625         2.71094649     -7.83276980      1.03264669
2921  625         2.69739724     -7.91424875      1.07940040
2922  625         2.70179467     -8.01529030      1.13816677
2923  625         2.72852716     -8.12228278      1.19252243
2924  625         2.75483476     -8.21338219      1.21257941
2925  625         2.76632224     -8.30100506      1.20592752
2926  625         2.76165309     -8.38736117      1.20101788
2927  625         2.73677897     -8.44976278      1.22702025
2928  625         2.71238155     -8.47164905      1.27046640
2929  625         2.70920933     -8.46947255      1.33369601
2930  625         2.72104769     -8.46079146      1.40888675
2931  625         2.73667272     -8.48453891      1.48314937
2932  625         2.74254034     -8.54794426      1.54703859
2933  625         2.73190707     -8.61846974      1.59112860
2934  625         2.69290314     -8.65491713      1.62177043
2935  625         2.63877358     -8.66568598      1.65455248
2936  625         2.58904392     -8.69199625      1.68522443
2937  625         2.55296409     -8.71980480      1.69255037
2938  625         2.53016820     -8.72971302      1.67417133
2939  625         2.51361527     -8.69739265      1.65043342
2940  625         2.47854296     -8.63294059      1.63418423
2941  625         2.41994605     -8.56263969      1.63139637
2942  625         2.36228516     -8.50437472      1.65249773
2943  625         2.35665178     -8.46861379      1.68423812
2944  625         2.37965461     -8.46730235      1.73015969
2945  625         2.36290660     -8.49554571      1.79494660
2946  625         2.31781674     -8.52720876      1.83919183
2947  625         2.27005249     -8.53830327      1.84236222
2948  625         2.22001782     -8.51154094      1.83339611
2949  625         2.18385482     -8.45965964      1.84081886
2950  625         2.17258241     -8.42630152      1.87247937
2951  625         2.17680039     -8.42308105      1.90689438
2952  625         2.17421467     -8.42902835      1.91555150
2953  625         2.17776320     -8.41385940      1.89859305
2954  625         2.21309220     -8.37368860      1.89018063
2955  625         2.25992223     -8.31371603      1.89813215
2956  625         2.27718533     -8.25507811      1.90539101
2957  625         2.24988937     -8.20259539      1.90079411
2958  625         2.20053993     -8.17621311      1.92223846
2959  625         2.17058544     -8.18220243      1.98914890
2960  634         2.36587249    -10.48222345      2.81659368
2961  634         2.39114705    -10.45955263      2.79408927
2962  634         2.43676384    -10.48899658      2.75223110
2963  634         2.49783553    -10.54607728      2.69494592
2964  634         2.55206250    -10.57227984      2.63694393
2965  634         2.58936052    -10.56706279      2.57422033
2966  634         2.61692292    -10.57196119      2.50509775
2967  634         2.65113011    -10.56800979      2.42092639
2968  634         2.70410531    -10.53813944      2.32930552
2969  634         2.78994935    -10.48882799      2.26028766
2970  634         2.87881527    -10.42650517      2.21010270
2971  634         2.94533931    -10.36078085      2.17009041
2972  634         3.00163472    -10.29375979      2.14549851
2973  634         3.06254415    -10.23033405      2.13640085
2974  634         3.11791599    -10.18712899      2.13398983
2975  634         3.15392955    -10.18543527      2.12222755
2976  634         3.16049694    -10.20694072      2.09988690
2977  634         3.14322707    -10.22268421      2.06474595
2978  634         3.15812397    -10.20250791      2.02922617
2979  634         3.22900004    -10.15875556      2.01045765
2980  634         3.30630535    -10.10201915      2.00714842
2981  634         3.35446805    -10.04537245      2.00530556
2982  634         3.38845193    -10.02568730      1.99823550
2983  634         3.40437956    -10.03684771      2.00060160
2984  634         3.37161069    -10.07757332      2.00775244
2985  634         3.30762934    -10.15546741      2.00171435
2986  634         3.25351468    -10.23557980      1.98778037
2987  634         3.22409175    -10.27310144      1.96577468
2988  634         3.18826505    -10.26249427      1.91523496
2989  634         3.12529358    -10.24790400      1.85180834
2990  634         3.05733880    -10.25378312      1.80300721
2991  634         3.02977121    -10.26097277      1.78904705
2992  634         3.07881546    -10.25159664      1.80377211
2993  634         3.14160955    -10.22914681      1.81736662
2994  634         3.16328489    -10.21035995      1.80465016
2995  634         3.15577870    -10.20783321      1.78080530
2996  634         3.13873143    -10.22474628      1.76451093
2997  634         3.11862669    -10.24942026      1.73763070
2998  634         3.09597904    -10.26781656      1.70257223
2999  634         3.10294395    -10.26415876      1.69258542
3000  634         3.12676957    -10.24969898      1.71655881
3001  634         3.14683243    -10.22203639      1.74559564
3002  634         3.16373258    -10.20030797      1.75095741
3003  634         3.17427781    -10.20115376      1.72116453
3004  634         3.15659697    -10.22030783      1.66849794
3005  634         3.12256749    -10.24135375      1.61097302
3006  634         3.09401694    -10.25297001      1.59151178
3007  634         3.08415369    -10.25978343      1.61084888
3008  634         3.07350622    -10.26226982      1.63337649
3009  634         3.04990472    -10.25125798      1.63710622
3010  634         3.05200828    -10.24082829      1.62246784
3011  634         3.05766102    -10.24004656      1.59670199
3012  634         3.05253752    -10.24995522      1.54434210
3013  634         3.05544063    -10.28103508      1.48016868
3014  634         3.05977093    -10.31435502      1.40212149
3015  634         3.04129439    -10.31020310      1.36451644
3016  634         2.99381968    -10.26949754      1.38747821
3017  634         2.94336583    -10.20690130      1.47110612
3018  634         2.89943110    -10.14266786      1.55740466
3019  634         2.89709197    -10.11926250      1.59888188
3020  634         2.94787319    -10.13384099      1.59815572
3021  634         3.02023519    -10.15945441      1.59535583
3022  634         3.06701063    -10.16166260      1.61692411
3023  634         3.06750068    -10.13968871      1.63258523
3024  634         3.02664518    -10.10600599      1.64703872
3025  634         2.96259909    -10.06946314      1.65259011
3026  634         2.90178354    -10.03672168      1.64738792
3027  634         2.88152369     -9.99896157      1.62783729
3028  634         2.88829416     -9.96496162      1.61272717
3029  634         2.89607279     -9.93944449      1.60667267
3030  634         2.91100623     -9.92239756      1.59762483
3031  634         2.93551606     -9.91345528      1.55367877
3032  634         2.96962474     -9.89643857      1.46693000
3033  634         2.99918848     -9.87394956      1.38650544
3034  634         2.99213709     -9.84809985      1.35107861
3035  634         2.97127198     -9.80749723      1.35258450
3036  634         2.95968692     -9.75166247      1.34442087
3037  634         2.94806995     -9.67411319      1.31722315
3038  634         2.93105751     -9.60224024      1.28718585
3039  634         2.91550274     -9.55782494      1.25543159
3040  634         2.89913427     -9.53603717      1.21220582
3041  634         2.86660605     -9.52595033      1.17792891
3042  634         2.81738150     -9.52889397      1.17815757
3043  634         2.76708483     -9.54727788      1.21175798
3044  634         2.73613139     -9.56872663      1.23397156
3045  634         2.74006563     -9.61508064      1.22525088
3046  634         2.76749919     -9.69296238      1.19462041
3047  634         2.80363435     -9.76250097      1.15447403
3048  634         2.83256939     -9.80987334      1.11198087
3049  634         2.85246263     -9.84680531      1.09899246
3050  634         2.83700757     -9.89165403      1.12306976
3051  634         2.77333734     -9.94258955      1.17100767
3052  634         2.69497699     -9.97668655      1.23156950
3053  634         2.63851918     -9.97621133      1.28122472
3054  634         2.61107170     -9.95410551      1.31112141
3055  634         2.59952866     -9.93609035      1.33427680
3056  634         2.60598018     -9.94948899      1.36245659
3057  634         2.64013693     -9.98240485      1.40499810
3058  634         2.70653033    -10.01132339      1.44378905
3059  634         2.75629601    -10.03744773      1.47327346
3060  634         2.75928187    -10.06913603      1.50262235
3061  634         2.71051659    -10.08903102      1.52607320
3062  634         2.66482865    -10.08494066      1.54558007
3063  634         2.65817689    -10.06866962      1.58520137
3064  634         2.68009445    -10.04877408      1.64574538
3065  634         2.70519683    -10.03011914      1.68369306
3066  634         2.72078762    -10.01451959      1.67974205
3067  634         2.73288668    -10.02469169      1.64902735
3068  634         2.75240615    -10.05539311      1.61949392
3069  634         2.77504066    -10.07188924      1.60040349
3070  634         2.76835125    -10.06097402      1.59658137
3071  634         2.71469227    -10.04729963      1.61621311
3072  634         2.63129231    -10.02717874      1.64888876
3073  634         2.56877954     -9.99253332      1.66541654
3074  634         2.53205652     -9.96609486      1.64139643
3075  634         2.51611266     -9.96053153      1.57416648
3076  634         2.52271906     -9.95188609      1.49498557
3077  634         2.55347661     -9.92291329      1.40118131
3078  634         2.58617748     -9.88048257      1.31712611
3079  634         2.60506805     -9.84831556      1.24250960
3080  634         2.62044806     -9.85611545      1.17626146
3081  634         2.62753734     -9.89970709      1.14151091
3082  634         2.61331914     -9.95831635      1.13610244
3083  634         2.56770288    -10.01770918      1.12336339
3084  634         2.50281077    -10.04839652      1.09417962
3085  634         2.42089984    -10.04025527      1.07562000
3086  634         2.34707266    -10.03543713      1.04871326
3087  634         2.29818417    -10.06232787      1.02143010
3088  634         2.27580235    -10.09642619      0.98168617
3089  634         2.28242222    -10.11257264      0.93728896
3090  634         2.30194605    -10.11994263      0.89712665
3091  634         2.32341360    -10.12568387      0.88258932
3092  634         2.33996329    -10.12568812      0.90027136
3093  634         2.35611358    -10.11141692      0.93299623
3094  634         2.37314494    -10.10551116      0.96194407
3095  634         2.39956443    -10.13380459      0.97977376
3096  634         2.43169985    -10.19525142      0.97501329
3097  634         2.43367187    -10.25221931      0.96344278
3098  634         2.40498055    -10.27070934      0.96167495
3099  634         2.37534692    -10.25502517      0.97522662
3100  634         2.35653801    -10.22983299      0.99403718
3101  634         2.33703455    -10.20686427      1.00157414
3102  634         2.32396122    -10.18337914      0.98410889
3103  634         2.34531600    -10.14904056      0.95560133
3104  634         2.39527404    -10.13503060      0.92579009
3105  634         2.44590468    -10.13024629      0.88216534
3106  634         2.46358931    -10.11369098      0.85268266
3107  634         2.43493555    -10.08580352      0.83773755
3108  634         2.40076561    -10.06822442      0.82691914
3109  634         2.38641424    -10.04558173      0.83554669
3110  634         2.38222579    -10.00210031      0.85706158
3111  634         2.39185709     -9.97921876      0.85857287
3112  634         2.40944673     -9.99354123      0.84265937
3113  634         2.42734827     -9.97852567      0.82978949
3114  634         2.44905056     -9.96223148      0.82211551
3115  634         2.49702227     -9.95969192      0.83611480
3116  634         2.55506647     -9.96234874      0.86598483
3117  634         2.59291023     -9.96671522      0.90070878
3118  634         2.61284887     -9.96121742      0.94120660
3119  634         2.63166669     -9.93422799      0.98509835
3120  634         2.62937289     -9.87913211      1.02020749
3121  634         2.60874752     -9.83996119      1.04226504
3122  634         2.61715244     -9.82863117      1.03489510
3123  634         2.65561314     -9.83954781      0.97440405
3124  634         2.68793719     -9.85275752      0.89298759
3125  634         2.68555582     -9.86018517      0.84878201
3126  634         2.64363009     -9.84495930      0.85183834
3127  634         2.58109793     -9.80873655      0.87757244
3128  634         2.52047302     -9.76670761      0.91662021
3129  634         2.47605688     -9.73205114      0.95629193
3130  634         2.43499231     -9.71171547      1.01529769
3131  634         2.39877034     -9.70046963      1.07913112
3132  634         2.37393671     -9.71488185      1.11047186
3133  634         2.38075131     -9.73035654      1.12473752
3134  634         2.39811018     -9.72747781      1.13350499
3135  634         2.40399292     -9.70501896      1.16327680
3136  634         2.39035405     -9.67985746      1.23711653
3137  634         2.35216269     -9.68356977      1.32844354
3138  634         2.30861671     -9.71096056      1.39652312
3139  634         2.24638110     -9.72822167      1.42535603
3140  634         2.17229213     -9.73176003      1.42599779
3141  634         2.11327876     -9.71555310      1.41978407
3142  634         2.09287939     -9.71515102      1.41614238
3143  634         2.08549321     -9.73287274      1.41240022
3144  634         2.07958665     -9.73699126      1.40633042
3145  634         2.06547133     -9.73507178      1.39581738
3146  634         2.06351257     -9.75740210      1.38201899
3147  634         2.06933843     -9.80876089      1.34720563
3148  634         2.07378263     -9.85702502      1.29307874
3149  634         2.05326425     -9.89160866      1.24468586
3150  634         1.97668454     -9.92453278      1.23296651
3151  634         1.86428303     -9.95613601      1.24539702
3152  634         1.75167709     -9.97054963      1.24149883
3153  634         1.68368325     -9.96703808      1.19889039
3154  634         1.65099693     -9.98190095      1.14872041
3155  634         1.64295370    -10.01434208      1.11855528
3156  634         1.67009494    -10.05544819      1.08557820
3157  634         1.73028151    -10.09740417      1.06465018
3158  634         1.77337252    -10.13832012      1.07321236
3159  634         1.79182383    -10.16152912      1.10671818
3160  634         1.78055542    -10.16410239      1.14194677
3161  634         1.77260016    -10.14595972      1.16432043
3162  634         1.77898318    -10.11785380      1.17858502
3163  634         1.79356277    -10.09174790      1.19679487
3164  634         1.79996784    -10.07846178      1.21449329
3165  634         1.79840821    -10.06885713      1.23383805
3166  634         1.80499665    -10.05806595      1.27377147
3167  634         1.81562191    -10.04679621      1.34102286
3168  634         1.81888698    -10.04347725      1.41102602
3169  634         1.81265435    -10.05038643      1.45694777
3170  634         1.79972651    -10.06332672      1.51272066
3171  634         1.78244222    -10.07287541      1.58417206
3172  634         1.77211510    -10.08134421      1.67721979
3173  634         1.77553932    -10.07368159      1.75625773
3174  634         1.81633699    -10.01822630      1.79843877
3175  634         1.87927252     -9.96160028      1.80978197
3176  634         1.94397491     -9.95986163      1.82127110
3177  634         2.00068166    -10.01213657      1.83447117
3178  634         2.06006593    -10.07246742      1.85495571
3179  634         2.11079767    -10.12096587      1.87399200
3180  634         2.13062398    -10.13602467      1.88188738
3181  634         2.12364449    -10.12793430      1.88151104
3182  634         2.11937048    -10.09775642      1.89040254
3183  634         2.13576038    -10.04758876      1.91068047
3184  634         2.16258946     -9.98828050      1.93240917
3185  634         2.18374594     -9.92192467      1.94317526
3186  634         2.18070128     -9.84975725      1.94361506
3187  634         2.16399808     -9.79514096      1.94598730
3188  634         2.13157040     -9.78364847      1.95422843
3189  634         2.08525739     -9.79847318      1.98652772
3190  634         2.03955336     -9.80430666      2.02134000
3191  634         2.01624361     -9.79591254      2.01681699
3192  634         2.00498270     -9.76124765      1.98524262
3193  634         2.00231747     -9.71903094      1.96610320
3194  634         2.01769783     -9.70184575      1.96676281
3195  634         2.04424666     -9.68667559      1.98599513
3196  634         2.06709403     -9.65466925      2.00136227
3197  634         2.09089447     -9.63383600      2.01049713
3198  634         2.13424923     -9.65529473      2.03019277
3199  634         2.14905002     -9.67773215      2.04796701
3200  634         2.10423177     -9.65444208      2.04338875
3201  634         2.00686376     -9.60400256      2.03375564
3202  634         1.89775300     -9.56771489      2.04970700
3203  634         1.79972793     -9.55752874      2.08457707
3204  634         1.71448291     -9.56837646      2.12125183
3205  634         1.66192066     -9.60509440      2.14798364
3206  634         1.65341431     -9.65517888      2.15047839
3207  634         1.66123450     -9.68687550      2.14139850
3208  634         1.65884901     -9.68035059      2.14788119
3209  634         1.62537508     -9.63459251      2.16239938
3210  634         1.56165769     -9.57828041      2.15849870
3211  634         1.48706211     -9.54559986      2.12638728
3212  634         1.41428709     -9.54898512      2.08109777
3213  634         1.36763213     -9.58359859      2.05046006
3214  634         1.34803662     -9.63826502      2.03219999
3215  634         1.36535024     -9.68947172      2.01629676
3216  634         1.39063251     -9.71133279      1.98377848
3217  634         1.40901419     -9.69043288      1.92692401
3218  634         1.42401396     -9.63036072      1.84476926
3219  634         1.45931578     -9.54566903      1.76597258
3220  634         1.51178452     -9.44898228      1.70543162
3221  634         1.55017984     -9.33046317      1.64506779
3222  634         1.57527020     -9.19693052      1.57428975
3223  634         1.59284723     -9.12339638      1.49298231
3224  634         1.59520279     -9.12163060      1.42127717
3225  634         1.57198584     -9.13147641      1.38790396
3226  634         1.54809663     -9.13134859      1.39996078
3227  634         1.53577150     -9.13358244      1.41264251
3228  634         1.56935362     -9.12287888      1.40171480
3229  634         1.65628848     -9.07446201      1.35555587
3230  634         1.76320976     -8.99334068      1.29132530
3231  634         1.86733188     -8.89651388      1.24128040
3232  634         1.95205848     -8.79834658      1.20073203
3233  634         1.98844840     -8.71777331      1.14217067
3234  634         1.97016274     -8.64356042      1.07453605
3235  634         1.92772885     -8.56821522      1.01992699
3236  634         1.89350391     -8.51194390      0.94863412
3237  634         1.88447776     -8.48807410      0.87466129
3238  634         1.87379612     -8.48676148      0.82573994
3239  634         1.84182161     -8.49574337      0.80701053
3240  634         1.81552602     -8.51955953      0.78386336
3241  634         1.79762082     -8.55408779      0.74229673
3242  634         1.76576882     -8.57510725      0.70000051
3243  634         1.71512710     -8.55510401      0.67396801
3244  634         1.66113025     -8.50211351      0.66758218
3245  634         1.63398022     -8.44692660      0.69805734
3246  634         1.63911289     -8.39596693      0.74589358
3247  634         1.66064375     -8.31444446      0.77060080
3248  634         1.68552366     -8.17333822      0.76258405
3249  634         1.70268571     -8.03128207      0.72409852
3250  634         1.71600629     -8.00840752      0.69115789
3251  634         1.71837018     -8.07488317      0.68604361
3252  634         1.68742113     -8.10147751      0.67475672
3253  634         1.62201723     -8.03815343      0.64416720
3254  634         1.52606650     -7.94545313      0.61115624
3255  634         1.43636927     -7.88383687      0.57661126
3256  634         1.38536285     -7.85742060      0.53892902
3257  634         1.39088290     -7.84383467      0.49537119
3258  634         1.41576049     -7.84270308      0.46513417
3259  634         1.44459129     -7.86661145      0.46197626
3260  634         1.47293644     -7.89090103      0.47699316
3261  634         1.49578337     -7.87812113      0.48803383
3262  634         1.50719120     -7.82830661      0.50288767
3263  634         1.51886953     -7.77551472      0.53200597
3264  634         1.53795551     -7.72574447      0.53884950
3265  634         1.56238997     -7.65394090      0.52637703
3266  634         1.56105118     -7.56891004      0.53510109
3267  634         1.52775802     -7.50672053      0.58628088
3268  634         1.50259701     -7.48848226      0.64897051
3269  634         1.51534608     -7.49534125      0.70632766
3270  634         1.55955512     -7.49726886      0.75357131
3271  634         1.62140743     -7.46655449      0.80532507
3272  634         1.69560578     -7.40796021      0.84107437
3273  634         1.77378966     -7.33085302      0.84780036
3274  634         1.83723446     -7.24527162      0.84474587
3275  634         1.87418582     -7.17133256      0.85676663
3276  634         1.90802621     -7.12329578      0.89134100
3277  634         1.95042734     -7.08306173      0.95547414
3278  634         2.00200416     -7.04624464      1.05266541
3279  634         2.05285881     -7.01557435      1.16948527
3280  634         2.07960411     -6.99471717      1.29208596
3281  634         2.08822678     -6.97757973      1.39568731
3282  634         2.10611905     -6.94933691      1.45199626
3283  634         2.14957440     -6.91712159      1.45902551
3284  634         2.20959438     -6.90446066      1.44934616
3285  634         2.26398313     -6.90014826      1.44467465
3286  634         2.30226400     -6.89364215      1.44277209
3287  634         2.33601642     -6.89602155      1.41960593
3288  634         2.36272874     -6.92403651      1.36483563
3289  634         2.37049821     -6.97494037      1.30541100
3290  634         2.34252688     -7.02432387      1.27283502
3291  634         2.31255520     -7.04866138      1.29221316
3292  634         2.29423893     -7.03746056      1.33651099
3293  634         2.26826882     -7.00546424      1.38781172
3294  634         2.23559173     -6.95789226      1.41206136
3295  634         2.24173879     -6.91681983      1.40074621
3296  634         2.28964620     -6.89186959      1.34992465
3297  634         2.30602948     -6.85336122      1.28324044
3298  634         2.25966550     -6.79984763      1.22141805
3299  634         2.18960612     -6.75417375      1.18020116
3300  634         2.13083610     -6.72752376      1.15064139
3301  634         2.07287377     -6.72213744      1.14247157
3302  634         2.01047671     -6.74124213      1.16424486
3303  634         1.95661265     -6.75580601      1.16726220
3304  634         1.95703959     -6.77432370      1.13203737
3305  634         1.97021107     -6.76540751      1.09114649
3306  634         1.96206990     -6.71811736      1.08722122
3307  634         1.94757897     -6.64503911      1.11891805
3308  634         1.95899517     -6.58981128      1.13879320
3309  634         1.97533966     -6.57150154      1.11657225
3310  634         1.97928885     -6.58235790      1.08183221
3311  634         1.96444579     -6.59592320      1.05032383
3312  634         1.94271782     -6.59587192      1.02982721
3313  634         1.90644846     -6.58791509      1.03445902
3314  634         1.84526972     -6.56288156      1.06891100
3315  634         1.78170660     -6.53085036      1.11369887
3316  634         1.71138435     -6.50894975      1.15171285
3317  634         1.64722964     -6.50871086      1.21511568
3318  634         1.58991998     -6.50862158      1.30068868
3319  634         1.56040319     -6.50792930      1.36117720
3320  634         1.55021470     -6.52430976      1.38323322
3321  634         1.55935536     -6.55433516      1.38685547
3322  634         1.55900071     -6.57768924      1.40343197
3323  634         1.52301468     -6.56119496      1.44991910
3324  634         1.47367884     -6.51141316      1.51504588
3325  634         1.44260527     -6.47175058      1.59878083
3326  634         1.44310346     -6.45501590      1.67212909
3327  634         1.44780550     -6.45446711      1.70935024
3328  634         1.45062652     -6.48302119      1.70066713
3329  634         1.45747027     -6.52539671      1.66309208
3330  634         1.47372240     -6.55695322      1.62038810
3331  634         1.47451806     -6.57718675      1.59134384
3332  634         1.47680657     -6.59012786      1.56827214
3333  634         1.46731238     -6.57705451      1.55988940
3334  634         1.44862331     -6.52641665      1.58106773
3335  634         1.45066137     -6.46317184      1.61825474
3336  634         1.49382126     -6.41375907      1.64045077
3337  634         1.55030891     -6.40423152      1.64122754
3338  634         1.58280506     -6.43268243      1.62890678
3339  634         1.59590332     -6.46455044      1.60839441
3340  634         1.59942977     -6.47550743      1.59912775
3341  634         1.59577737     -6.44798756      1.60139968
3342  634         1.58067555     -6.39929216      1.60639060
3343  634         1.56424777     -6.35980832      1.59849185
3344  634         1.56090453     -6.32119999      1.58131965
3345  634         1.58404895     -6.25279373      1.58311479
3346  634         1.62856347     -6.18590900      1.61117969
3347  634         1.69421997     -6.13664194      1.64230547
3348  634         1.76224001     -6.10059315      1.65827440
3349  634         1.80098519     -6.08617954      1.66977174
3350  634         1.80122149     -6.09472274      1.68617386
3351  634         1.77684844     -6.10039643      1.69820101
3352  634         1.74864866     -6.07108429      1.70590220
3353  634         1.71587292     -6.01683254      1.72917355
3354  634         1.67923400     -5.96732082      1.77926918
3355  634         1.63640841     -5.94645587      1.84264841
3356  634         1.58833280     -5.95199347      1.88268712
3357  634         1.52040194     -5.97019547      1.88355185
3358  634         1.45653101     -5.98650856      1.85493720
3359  634         1.45394998     -5.98676857      1.81953065
3360  634         1.52631737     -5.98409399      1.81239183
3361  634         1.61123055     -5.97543217      1.80940179
3362  634         1.63063283     -5.94867374      1.80572074
3363  634         1.58425363     -5.87852266      1.78668127
3364  634         1.52327679     -5.77755170      1.74718439
3365  634         1.46856383     -5.71349198      1.69949772
3366  634         1.41865117     -5.68438540      1.65740389
3367  634         1.37736718     -5.65644859      1.61522250
3368  634         1.33072243     -5.62310528      1.57462840
3369  634         1.28139502     -5.58774074      1.51925212
3370  634         1.26265924     -5.55080180      1.46795698
3371  634         1.27780188     -5.49178402      1.43067787
3372  634         1.31101732     -5.39602373      1.42548208
3373  634         1.36152458     -5.30259343      1.41536661
3374  634         1.42375123     -5.26205918      1.40035673
3375  634         1.48777669     -5.25657963      1.41388317
3376  634         1.53999944     -5.24999586      1.44510693
3377  634         1.57289805     -5.22841970      1.46695123
3378  634         1.58440235     -5.21992587      1.44302663
3379  634         1.57020405     -5.22942159      1.38747542
3380  634         1.54516525     -5.23777673      1.34811632
3381  634         1.51972113     -5.23371561      1.33467786
3382  634         1.49709732     -5.22948364      1.32191314
3383  634         1.50133131     -5.22268186      1.29918626
3384  634         1.54594796     -5.20682606      1.28823292
3385  634         1.61913611     -5.20157084      1.29882921
3386  634         1.68827972     -5.21415714      1.33474611
3387  634         1.72118641     -5.23097755      1.35983648
3388  634         1.75279168     -5.25488161      1.35027903
3389  634         1.78797305     -5.27891037      1.31164988
3390  634         1.81071062     -5.28816710      1.29489125
3391  634         1.80882179     -5.26477938      1.29545808
3392  634         1.79358316     -5.21711176      1.29172611
3393  634         1.77736379     -5.15919249      1.26317100
3394  634         1.73861617     -5.10212126      1.21454679
3395  634         1.68242786     -5.05691143      1.19643849
3396  634         1.64154087     -5.04025984      1.23196491
3397  634         1.64415297     -5.05589380      1.29700211
3398  634         1.66728923     -5.07102083      1.34807200
3399  634         1.66831700     -5.07642214      1.38556685
3400  634         1.65130366     -5.06111602      1.40896490
3401  634         1.64013977     -5.04540293      1.41479866
3402  634         1.63475203     -5.04459435      1.40194249
3403  634         1.62624072     -5.06182548      1.38736071
3404  634         1.62054196     -5.08296228      1.41990357
3405  634         1.62449127     -5.09540020      1.50880001
3406  634         1.65050518     -5.10874943      1.60248013
3407  634         1.69309613     -5.14626682      1.66354355
3408  634         1.73705665     -5.20377241      1.67587128
3409  634         1.75899676     -5.26756974      1.65737855
3410  634         1.74719793     -5.33209297      1.64644589
3411  634         1.70201770     -5.39846309      1.65121943
3412  634         1.65490196     -5.43532723      1.66703908
3413  634         1.63661162     -5.41854838      1.67994370
3414  634         1.64417507     -5.37199320      1.69037467
3415  634         1.64222491     -5.32055619      1.71913862
3416  634         1.62607333     -5.27412513      1.75671010
3417  634         1.62424127     -5.23959421      1.78190805
3418  634         1.65055948     -5.21578915      1.77999958
3419  634         1.69541861     -5.20526824      1.77048970
3420  634         1.72652766     -5.19106728      1.77773126
3421  634         1.75666697     -5.17479126      1.79930053
3422  634         1.83082531     -5.17295181      1.83188367
3423  634         1.91414520     -5.16072500      1.86568043
3424  634         1.92418823     -5.10797170      1.87847895
3425  634         1.86419512     -5.03414314      1.86960037
3426  634         1.80779887     -4.97357825      1.85943436
3427  634         1.80597348     -4.92482971      1.86330992
3428  634         1.84537951     -4.88511678      1.88082525
3429  634         1.92872388     -4.85899792      1.89089229
3430  634         2.06082415     -4.85682125      1.88598382
3431  634         2.21546874     -4.87593178      1.86572609
3432  634         2.34619236     -4.90637089      1.84088713
3433  634         2.42464301     -4.95224948      1.80099570
3434  634         2.44962406     -5.01641267      1.73444837
3435  634         2.45554410     -5.05498979      1.64603663
3436  634         2.47144069     -5.04858036      1.56326521
3437  634         2.49004792     -5.00635067      1.52002647
3438  634         2.50793908     -4.95735321      1.52721419
3439  634         2.52959251     -4.93524964      1.54295448
3440  634         2.55827371     -4.93751327      1.56509418
3441  634         2.59716226     -4.94935743      1.61337281
3442  634         2.63885698     -4.96746987      1.67898243
3443  634         2.68001021     -4.99533830      1.72864785
3444  634         2.71316102     -5.03231298      1.73840802
3445  634         2.72628839     -5.06883717      1.71868281
3446  634         2.71663439     -5.09917509      1.70119375
3447  634         2.71730423     -5.10743115      1.69684674
3448  634         2.75100804     -5.09427198      1.69244483
3449  634         2.78750056     -5.06950697      1.68941766
3450  634         2.81185679     -5.06773091      1.68769704
3451  634         2.83011406     -5.09741429      1.68395753
3452  634         2.86801992     -5.14528374      1.67539232
3453  634         2.89669082     -5.17987985      1.66115818
3454  634         2.87039602     -5.18009872      1.62912174
3455  634         2.82385273     -5.15712498      1.59346975
3456  634         2.82611006     -5.12335206      1.58543808
3457  634         2.86562144     -5.07985774      1.61503481
3458  634         2.89371565     -5.03538093      1.64211215
3459  634         2.93299207     -4.99420393      1.60372954
3460  634         2.98307844     -4.97070625      1.50980682
3461  634         3.01644137     -4.98155390      1.41058277
3462  634         3.03546600     -4.99984058      1.31311820
3463  634         3.05675936     -4.99567298      1.22307225
3464  634         3.08072302     -4.93691813      1.17940725
3465  634         3.11363415     -4.84094720      1.19512429
3466  634         3.13447178     -4.75791464      1.21693170
3467  634         3.13313274     -4.70010901      1.22201012
3468  634         3.13071364     -4.66121018      1.19824571
3469  634         3.14040180     -4.65742726      1.16002167
3470  634         3.14501554     -4.68406536      1.10374146
3471  634         3.13124396     -4.68970747      1.02122704
3472  634         3.13473934     -4.66027882      0.94064297
3473  634         3.17154540     -4.62297826      0.87028545
3474  634         3.23975501     -4.61969805      0.82660783
3475  634         3.30319897     -4.63404170      0.79954216
3476  634         3.35416617     -4.65599716      0.80070409
3477  634         3.38150714     -4.68106456      0.81346284
3478  634         3.36669906     -4.70665623      0.83222879
3479  634         3.32786154     -4.72618896      0.84120258
3480  634         3.27906716     -4.74205829      0.81322851
3481  634         3.21911031     -4.75030740      0.74509742
3482  634         3.15261820     -4.74709864      0.67378022
3483  634         3.12494582     -4.76172328      0.62615284
3484  634         3.16239310     -4.80468629      0.58746307
3485  634         3.23892265     -4.84222968      0.56628741
3486  634         3.29538618     -4.86230339      0.54146872
3487  634         3.32375455     -4.86474816      0.51361361
3488  634         3.33150373     -4.85025701      0.49930575
3489  634         3.34988512     -4.82554194      0.51978827
3490  634         3.37757982     -4.81054496      0.54647524
3491  634         3.39979156     -4.82100870      0.53915570
3492  634         3.41029636     -4.84277655      0.48804913
3493  634         3.40580447     -4.85273221      0.43698392
3494  634         3.40097869     -4.86662961      0.41888825
3495  634         3.40557593     -4.88338873      0.41306952
3496  634         3.43776929     -4.88726660      0.38505386
3497  634         3.47369910     -4.87524638      0.35657002
3498  634         3.48744140     -4.84976473      0.37167187
3499  634         3.47482702     -4.83220667      0.40524177
3500  634         3.45146023     -4.84197494      0.43812734
3501  634         3.42906797     -4.87184281      0.45857751
3502  634         3.39073249     -4.89143787      0.47538694
3503  634         3.34776531     -4.87871723      0.49929239
3504  634         3.32254786     -4.84159988      0.53081875
3505  634         3.31762848     -4.79032951      0.54157065
3506  634         3.33875154     -4.74038607      0.52075403
3507  634         3.37917004     -4.68724131      0.50115230
3508  634         3.39742133     -4.64944640      0.49981936
3509  634         3.39194645     -4.63980877      0.51541980
3510  634         3.39976701     -4.65976164      0.53040389
3511  634         3.41656582     -4.69108206      0.55455118
3512  634         3.41333553     -4.71106359      0.57959326
3513  634         3.39977470     -4.71339218      0.59669058
3514  634         3.37450437     -4.67828738      0.61549292
3515  634         3.34413559     -4.61773757      0.65087768
3516  634         3.31765028     -4.55257841      0.67746530
3517  634         3.32510759     -4.49126282      0.65994592
3518  634         3.39804649     -4.42709310      0.60221075
3519  634         3.49814779     -4.36543399      0.54842717
3520  634         3.60317761     -4.28821258      0.52107013
3521  634         3.67142306     -4.19917835      0.53152590
3522  634         3.71206629     -4.14696615      0.54061035
3523  634         3.72422376     -4.14532126      0.53068805
3524  634         3.72648014     -4.18740444      0.52411804
3525  634         3.74190682     -4.24496466      0.53724983
3526  634         3.76782220     -4.30848389      0.57685208
3527  634         3.79293201     -4.35092799      0.63164642
3528  634         3.81914591     -4.35984298      0.67776232
3529  634         3.85085344     -4.33344156      0.69750469
3530  634         3.89673497     -4.28481037      0.69861508
3531  634         3.97333198     -4.22913867      0.68868133
3532  634         4.02729212     -4.15011278      0.65287386
3533  634         4.03530981     -4.06862007      0.59586380
3534  634         4.03031818     -4.00490918      0.55113249
3535  634         4.03127623     -4.01834535      0.52991930
3536  634         4.02025861     -4.09953332      0.55793603
3537  634         4.00803468     -4.20938803      0.60416741
3538  634         3.99402981     -4.30210185      0.63540218
3539  634         3.99472409     -4.35749876      0.64548646
3540  634         3.99661168     -4.34813585      0.65002777
3541  634         3.97586134     -4.28177896      0.66767207
3542  634         3.93527630     -4.18116409      0.70099502
3543  634         3.88217070     -4.07713899      0.74924675
3544  634         3.85360033     -4.02475926      0.79681835
3545  634         3.86286317     -4.02730093      0.84574631
3546  634         3.88401639     -4.03758878      0.86851406
3547  634         3.86138045     -4.00924575      0.83408356
3548  634         3.81727517     -3.96173048      0.76368976
3549  634         3.75070606     -3.93403518      0.73768340
3550  634         3.67237569     -3.94273054      0.75191541
3551  634         3.60896602     -3.97454984      0.75677060
3552  634         3.59052542     -4.00411883      0.75097548
3553  634         3.61308916     -4.00073355      0.76499694
3554  634         3.65233054     -3.97109418      0.78216706
3555  634         3.67259343     -3.94414348      0.78161083
3556  634         3.67117042     -3.92397071      0.77155113
3557  634         3.66948386     -3.90302088      0.76896224
3558  634         3.68027848     -3.88538363      0.79193720
3559  634         3.69853214     -3.89333886      0.82709062
3560  634         3.68757126     -3.90702474      0.87132011
3561  634         3.63995931     -3.88838713      0.92556362
3562  634         3.56421116     -3.81349862      0.95745791
3563  634         3.51374080     -3.75002868      0.94985253
3564  634         3.51261606     -3.75606374      0.91391789
3565  634         3.56301533     -3.79680747      0.88629593
3566  634         3.61000781     -3.82381263      0.88633944
3567  634         3.60167865     -3.82799690      0.88957308
3568  634         3.54080273     -3.82092737      0.90628207
3569  634         3.47021852     -3.77269100      0.92712181
3570  634         3.43093450     -3.68150348      0.94860400
3571  634         3.40570542     -3.55439532      0.96686209
3572  634         3.39394633     -3.43327159      0.99285238
3573  634         3.38055400     -3.34617075      1.03651477
3574  634         3.37273501     -3.31286937      1.08231853
3575  634         3.38320705     -3.31629367      1.11652283
3576  634         3.40525998     -3.34096111      1.13315792
3577  634         3.41912028     -3.37581293      1.12860234
3578  634         3.42608869     -3.40727581      1.10348024
3579  634         3.42257205     -3.41444319      1.08992276
3580  634         3.41102922     -3.37405698      1.13057581
3581  634         3.40549611     -3.29978343      1.20302547
3582  634         3.40365595     -3.21052499      1.26481295
3583  634         3.41363973     -3.13175111      1.29018992
3584  634         3.43843559     -3.08101407      1.29362863
3585  634         3.48214244     -3.06985254      1.29173602
3586  634         3.51885261     -3.08138573      1.28715026
3587  634         3.56064687     -3.09510557      1.27954290
3588  634         3.60818006     -3.11992949      1.27499284
3589  634         3.63743711     -3.15521896      1.26585528
3590  634         3.64995009     -3.19630955      1.25543991
3591  634         3.65304942     -3.23348305      1.26094829
3592  634         3.65323951     -3.25212258      1.27710765
3593  634         3.63652650     -3.25418648      1.28255563
3594  634         3.61746222     -3.25315849      1.25592978
3595  634         3.61834456     -3.25574320      1.21737765
3596  634         3.64428883     -3.26932664      1.18775559
3597  634         3.68615876     -3.28738622      1.15189699
3598  634         3.74374137     -3.30333769      1.09842627
3599  634         3.79561302     -3.29994174      1.05845625
3600  634         3.81226040     -3.27002672      1.04684858
3601  634         3.79461835     -3.22464800      1.04098794
3602  634         3.75886536     -3.18784163      1.01456534
3603  634         3.72934591     -3.16221196      0.98818832
3604  634         3.69753772     -3.13484907      0.98209635
3605  634         3.67647302     -3.10935144      0.95558204
3606  634         3.66186665     -3.11188976      0.88540920
3607  634         3.65398312     -3.14268236      0.80531926
3608  634         3.64233474     -3.18677641      0.74625938
3609  634         3.65053427     -3.23407918      0.70160990
3610  634         3.69285200     -3.28000731      0.66851370
3611  634         3.74380623     -3.33341214      0.65705101
3612  634         3.80335808     -3.38657205      0.66268541
3613  634         3.86748197     -3.43215523      0.67575489
3614  634         3.92058339     -3.46766820      0.70150356
3615  634         3.94314187     -3.48150319      0.74116900
3616  634         3.96029089     -3.46946611      0.76961714
3617  634         3.98310470     -3.43128278      0.76000826
3618  634         4.01165317     -3.38636597      0.73172903
3619  634         4.03057381     -3.35640177      0.71880406
3620  634         4.03644221     -3.35144208      0.72587535
3621  634         4.03694679     -3.36891869      0.73035144
3622  634         4.01535977     -3.39863513      0.71937828
3623  634         3.96742803     -3.44005638      0.71652974
3624  634         3.90404170     -3.49414345      0.72810710
3625  634         3.84557036     -3.55965922      0.74591512
3626  634         3.79836996     -3.63399589      0.76240034
3627  634         3.75828640     -3.70139294      0.77275454
3628  634         3.73622858     -3.75494321      0.76491150
3629  634         3.75296917     -3.79386804      0.74162789
3630  634         3.78533353     -3.80870155      0.70517440
3631  634         3.77605328     -3.79624570      0.64338038
3632  634         3.72380686     -3.76167080      0.56690958
3633  634         3.68430711     -3.73644155      0.50145190
3634  634         3.68688071     -3.74510964      0.46121083
3635  634         3.68870994     -3.78165342      0.43345141
3636  634         3.66689834     -3.82014822      0.40162522
3637  634         3.62519069     -3.84415178      0.37226499
3638  634         3.56666981     -3.85736801      0.36876851
3639  634         3.49434389     -3.87656365      0.39958380
3640  634         3.42323779     -3.90668859      0.46161095
3641  634         3.35768971     -3.91532351      0.52255881
3642  634         3.30292367     -3.88077448      0.53705126
3643  634         3.27096834     -3.81122613      0.49320909
3644  634         3.25739471     -3.72013595      0.43730554
3645  634         3.24179953     -3.62365708      0.40636685
3646  634         3.22911526     -3.50296704      0.39831496
3647  634         3.23803032     -3.38460154      0.39329492
3648  634         3.26604144     -3.29795138      0.38780583
3649  634         3.30148611     -3.24887854      0.39034925
3650  634         3.33478975     -3.22808149      0.42153693
3651  634         3.38002867     -3.24084453      0.46175164
3652  634         3.42845886     -3.27360074      0.48852823
3653  634         3.46390768     -3.31783374      0.50950190
3654  634         3.46731961     -3.33495607      0.54078971
3655  634         3.41540797     -3.29621895      0.58608010
3656  634         3.34417537     -3.23522739      0.63487595
3657  634         3.29307921     -3.19452093      0.68057809
3658  634         3.27612544     -3.19895225      0.72109059
3659  634         3.27779360     -3.23005158      0.74753202
3660  634         3.29976304     -3.28652355      0.73782647
3661  634         3.32861167     -3.35110153      0.70006948
3662  634         3.34384506     -3.41498670      0.65074515
3663  634         3.33842321     -3.45392019      0.60388064
3664  634         3.32778644     -3.46220143      0.57481890
3665  634         3.31998707     -3.45855777      0.57098055
3666  634         3.31356988     -3.45377485      0.58836671
3667  634         3.32942188     -3.43446823      0.61844695
3668  634         3.35235345     -3.39669131      0.63992639
3669  634         3.37010279     -3.36297330      0.64570548
3670  634         3.37955454     -3.33340159      0.60321924
3671  634         3.36131303     -3.31597533      0.52842270
3672  634         3.34761609     -3.29826210      0.47004445
3673  634         3.35848255     -3.28792552      0.45571070
3674  634         3.38196504     -3.27965021      0.47332550
3675  634         3.40271428     -3.26719574      0.49206497
3676  634         3.44001450     -3.24595664      0.49914235
3677  634         3.50231625     -3.22029577      0.48480520
3678  634         3.55410096     -3.19066167      0.45730128
3679  634         3.59661850     -3.16056855      0.43921871
3680  634         3.63937500     -3.15226792      0.44066420
3681  634         3.69372430     -3.16573025      0.45457748
3682  634         3.73847407     -3.20908948      0.46849525
3683  634         3.77124195     -3.23714783      0.46427332
3684  634         3.80323017     -3.24177993      0.44476924
3685  634         3.84090130     -3.22802358      0.42798319
3686  634         3.88612461     -3.20789852      0.41699039
3687  634         3.92983170     -3.20271047      0.40748456
3688  634         3.97612920     -3.21077958      0.40971109
3689  634         4.04230148     -3.22654662      0.44069675
3690  634         4.10837516     -3.23687085      0.48597752
3691  634         4.17005622     -3.25070153      0.51824157
3692  634         4.21790383     -3.26019737      0.52753852
3693  634         4.23491994     -3.27750719      0.52133114
3694  634         4.22719234     -3.30880202      0.50696157
3695  634         4.20404638     -3.35393416      0.48260735
3696  634         4.17956776     -3.39529322      0.44937274
3697  634         4.15067038     -3.43160828      0.43138881
3698  634         4.13215735     -3.46036100      0.44572486
3699  634         4.13268041     -3.48902968      0.48025904
3700  634         4.14884505     -3.52969804      0.51511184
3701  634         4.14811905     -3.56452943      0.54037338
3702  634         4.13263637     -3.57136912      0.57245815
3703  634         4.13015941     -3.54598839      0.59430352
3704  634         4.14807296     -3.51916914      0.58815766
3705  634         4.16775905     -3.50191793      0.55393349
3706  634         4.17022024     -3.49489682      0.52167437
3707  634         4.16139724     -3.48315494      0.50879502
3708  634         4.14804029     -3.48044631      0.50444297
3709  634         4.13314827     -3.48694796      0.50052411
3710  634         4.12519330     -3.48512510      0.49849493
3711  634         4.11504118     -3.47182425      0.50433333
3712  634         4.07521071     -3.45163113      0.50035812
3713  634         3.99873403     -3.42748164      0.49724932
3714  634         3.90138454     -3.37233367      0.49915934
3715  634         3.80856009     -3.29366919      0.51230464
3716  634         3.75084941     -3.21066023      0.51220505
3717  634         3.71562453     -3.15299515      0.46935400
3718  634         3.69035644     -3.12339028      0.39461185
3719  634         3.67759408     -3.11810022      0.32896420
3720  634         3.67940368     -3.14484454      0.29376489
3721  634         3.68190855     -3.19743222      0.27649537
3722  634         3.67794622     -3.26332935      0.24966878
3723  634         3.66739799     -3.33177518      0.22011257
3724  634         3.66643311     -3.40052357      0.20496858
3725  634         3.67275016     -3.44033531      0.21590358
3726  634         3.68386206     -3.44561171      0.24220949
3727  634         3.69761571     -3.42286808      0.25582199
3728  634         3.69716831     -3.37661506      0.26819293
3729  634         3.67965581     -3.31424444      0.30495471
3730  634         3.65557440     -3.25826084      0.35266732
3731  634         3.63457021     -3.23485972      0.36924282
3732  634         3.61177126     -3.25177811      0.34094839
3733  634         3.58948850     -3.27834350      0.28992673
3734  634         3.57138398     -3.29385359      0.26440991
3735  634         3.55593117     -3.32174479      0.26420225
3736  634         3.55051113     -3.36612073      0.26923000
3737  634         3.55493808     -3.40483571      0.27554569
3738  634         3.56806370     -3.40957538      0.30026071
3739  634         3.58105029     -3.38328289      0.34148239
3740  634         3.59161600     -3.34601008      0.36046478
3741  634         3.58439741     -3.33423860      0.34373047
3742  634         3.55934488     -3.34800989      0.31315792
3743  634         3.52122489     -3.37312156      0.30703899
3744  634         3.47801266     -3.40838210      0.33301059
3745  634         3.43360141     -3.45072716      0.37193328
3746  634         3.37539978     -3.48686707      0.39413440
3747  634         3.30993418     -3.50257237      0.42023173
3748  634         3.25295917     -3.50279403      0.46165529
3749  634         3.20682481     -3.50120097      0.50475559
3750  634         3.15158561     -3.49652165      0.53456926
3751  634         3.09090039     -3.49152735      0.56104296
3752  634         3.05345793     -3.49279081      0.59107531
3753  634         3.04483761     -3.50657463      0.61587821
3754  634         3.04290350     -3.51763885      0.62796635
3755  634         3.03297294     -3.52608564      0.62434814
3756  634         3.01836850     -3.54077496      0.61142065
3757  634         3.00775996     -3.56107635      0.58973383
3758  634         2.99589202     -3.56575473      0.58890136
3759  634         2.97661564     -3.55919398      0.61257828
3760  634         2.95673822     -3.56031914      0.64315532
3761  634         2.94052714     -3.58198958      0.67696913
3762  634         2.92800000     -3.62483295      0.70662555
3763  634         2.91639704     -3.66179630      0.72683146
3764  634         2.91735905     -3.69195740      0.75658531
3765  634         2.92181266     -3.72615934      0.78791413
3766  634         2.92764678     -3.75054024      0.81077676
3767  634         2.92008554     -3.75443945      0.81382173
3768  634         2.91603035     -3.74548001      0.78527258
3769  634         2.92499254     -3.73714979      0.74214758
3770  634         2.93880718     -3.73995019      0.71943838
3771  634         2.96054635     -3.76447419      0.72674311
3772  634         2.98457746     -3.81029022      0.74952278
3773  634         3.01102052     -3.88796106      0.75332847
3774  634         3.03492278     -3.96563261      0.70682130
3775  634         3.05445540     -3.99983713      0.63038094
3776  634         3.06491215     -3.99265157      0.56839032
3777  634         3.06732767     -3.96895287      0.55118962
3778  634         3.05122585     -3.95630537      0.55914711
3779  634         3.00903050     -3.97984528      0.55984287
3780  634         2.96868907     -4.03804483      0.54748176
3781  634         2.94730220     -4.10798910      0.53474735
3782  634         2.95721681     -4.15278381      0.52434087
3783  634         3.00685772     -4.16175210      0.49425501
3784  634         3.07896239     -4.15372585      0.44328447
3785  634         3.12756888     -4.13994648      0.38208049
3786  634         3.14951588     -4.10907303      0.32875848
3787  634         3.16072696     -4.04809492      0.27305032
3788  634         3.14965162     -3.96182021      0.22872749
3789  634         3.11176099     -3.87809276      0.21565959
3790  634         3.09681227     -3.82672628      0.23584135
3791  634         3.14894197     -3.84823704      0.29279864
3792  634         3.25478007     -3.93314066      0.35636751
3793  634         3.36131672     -4.02750766      0.39260658
3794  634         3.42637223     -4.07680441      0.39886102
3795  634         3.45037676     -4.06941373      0.39116853
3796  634         3.44133661     -4.03441109      0.38549507
3797  634         3.42010057     -4.00960302      0.39068541
3798  634         3.39880503     -3.99949363      0.38597259
3799  634         3.38536221     -3.98781398      0.34895565
3800  634         3.38746465     -3.97300305      0.27689249
3801  634         3.42045198     -3.96033280      0.20127301
3802  634         3.49207288     -3.94179034      0.15106168
3803  634         3.60111421     -3.91720914      0.11465817
3804  634         3.71024536     -3.88645487      0.08286413
3805  634         3.79545816     -3.85554540      0.06989330
3806  634         3.85311724     -3.82780112      0.06618976
3807  634         3.88464292     -3.79184198      0.06896445
3808  634         3.90194332     -3.74851337      0.07928496
3809  634         3.88141168     -3.71282552      0.09136596
3810  634         3.87308182     -3.69341129      0.09701615
3811  634         3.89942006     -3.69051202      0.08860007
3812  634         3.95201162     -3.70943533      0.06296366
3813  634         4.00209526     -3.73653730      0.03778164
3814  634         4.01964281     -3.74705659      0.04480606
3815  634         4.00602252     -3.75141564      0.10510861
3816  634         3.98553830     -3.77105390      0.20839416
3817  634         3.97222608     -3.81090708      0.30401410
3818  634         3.95470604     -3.85763323      0.37088833
3819  634         3.93151926     -3.90446160      0.41325726
3820  634         3.89622378     -3.94989265      0.44531379
3821  634         3.87473317     -3.97091005      0.46967990
3822  634         3.86845180     -3.95012316      0.48259217
3823  634         3.88124090     -3.89228611      0.47323214
3824  634         3.90366727     -3.83089795      0.43928163
3825  634         3.91637279     -3.78564481      0.40142134
3826  634         3.90634500     -3.78195290      0.38179686
3827  634         3.88021521     -3.80003562      0.38211742
3828  634         3.85144788     -3.82972316      0.38324167
3829  634         3.80451904     -3.88038756      0.38231089
3830  634         3.75139951     -3.94557003      0.38513574
3831  634         3.71489232     -4.01913352      0.36629642
3832  634         3.70622904     -4.07009966      0.31422982
3833  634         3.71092126     -4.09158312      0.26726116
3834  634         3.71825579     -4.09220716      0.24040983
3835  634         3.73110022     -4.08805023      0.22717263
3836  634         3.75716357     -4.06946732      0.20590490
3837  634         3.77425220     -4.03016853      0.17747945
3838  634         3.77497933     -3.98853256      0.15787628
3839  634         3.77323649     -3.97420716      0.14817993
3840  634         3.78524012     -3.98929595      0.12287894
3841  634         3.82331530     -4.00412289      0.09337091
3842  634         3.88004019     -4.00013291      0.07185427
3843  634         3.94068274     -3.98108559      0.03953988
3844  634         3.98857755     -3.96103809     -0.01188883
3845  634         4.02356395     -3.93800541     -0.05945495
3846  634         4.05526970     -3.92322531     -0.09483079
3847  634         4.10130241     -3.91940101     -0.12980796
3848  634         4.14297781     -3.92655986     -0.15322197
3849  634         4.18128659     -3.93739459     -0.15026332
3850  634         4.20929054     -3.95009306     -0.13475448
3851  634         4.22293366     -3.96020657     -0.12397147
3852  634         4.24300227     -3.94064359     -0.10187481
3853  634         4.29205741     -3.90600160     -0.07555145
3854  634         4.37947595     -3.87929153     -0.07535641
3855  634         4.49004912     -3.89911668     -0.09089819
3856  634         4.57824761     -3.94538665     -0.09676950
3857  634         4.61916978     -3.97529214     -0.10372559
3858  634         4.64164348     -3.97349545     -0.13584327
3859  634         4.66897716     -3.96366912     -0.17993356
3860  634         4.69851706     -3.96363069     -0.19745626
3861  634         4.72327039     -3.98029658     -0.18437125
3862  634         4.76141101     -3.99933966     -0.16518500
3863  634         4.82771465     -4.01377595     -0.13933672
3864  634         4.89786145     -4.03156570     -0.09954555
3865  634         4.95319287     -4.05023767     -0.05804294
3866  634         5.00487013     -4.05540734     -0.04426693
3867  634         5.03470960     -4.03445688     -0.04172223
3868  634         5.04658986     -3.99475089     -0.03171820
3869  634         5.04478173     -3.98224962     -0.02338108
3870  634         5.06164542     -4.00095261     -0.05308066
3871  634         5.10687647     -4.03213677     -0.09980612
3872  634         5.15419022     -4.04651665     -0.12781257
3873  634         5.17721307     -4.03976629     -0.15493414
3874  634         5.17685522     -4.03905549     -0.20896047
3875  634         5.16279970     -4.04828935     -0.27333401
3876  634         5.14110532     -4.05392927     -0.30484704
3877  634         5.10830408     -4.05742882     -0.31496629
3878  634         5.05346204     -4.10008633     -0.33203778
3879  634         4.99776669     -4.15171975     -0.33977120
3880  634         4.94051910     -4.17545643     -0.35052451
3881  634         4.88099446     -4.18074072     -0.38038238
3882  634         4.83563806     -4.18496043     -0.43260899
3883  634         4.82084752     -4.18890803     -0.48435557
3884  634         4.82927748     -4.20835836     -0.52518030
3885  634         4.87290545     -4.23912660     -0.55292269
3886  634         4.94623452     -4.26385987     -0.59006146
3887  634         5.01603109     -4.28265735     -0.63015678
3888  634         5.05974296     -4.30649759     -0.66276265
3889  634         5.07742897     -4.35188488     -0.67689796
3890  634         5.08797815     -4.40313679     -0.66071582
3891  634         5.10285282     -4.44041717     -0.62915820
3892  634         5.12341165     -4.44926435     -0.62444613
3893  634         5.13956517     -4.44191942     -0.63654110
3894  634         5.16942002     -4.42617131     -0.63576012
3895  634         5.23075308     -4.39646154     -0.62157660
3896  634         5.31001585     -4.37269479     -0.62572106
3897  634         5.38114084     -4.36895128     -0.63715501
3898  634         5.43693510     -4.38794345     -0.63176140
3899  634         5.48577182     -4.39836966     -0.60549472
3900  634         5.52444661     -4.39393459     -0.57775719
3901  634         5.57399112     -4.38986229     -0.54712132
3902  634         5.63463248     -4.39683914     -0.51943253
3903  634         5.71537325     -4.40230790     -0.51761767
3904  634         5.80247311     -4.38684002     -0.52721214
3905  634         5.87519295     -4.35262911     -0.52598759
3906  634         5.93581443     -4.30643538     -0.49651884
3907  634         6.01479963     -4.24976586     -0.48001294
3908  634         6.10857889     -4.19767419     -0.48954770
3909  634         6.18372450     -4.17582642     -0.49753323
3910  634         6.23602861     -4.19108583     -0.49889661
3911  634         6.26546301     -4.21858454     -0.52084002
3912  634         6.28378145     -4.24656804     -0.55949996
3913  634         6.29232058     -4.27235966     -0.59242308
3914  634         6.29396521     -4.30463389     -0.61119912
3915  634         6.30319102     -4.33086170     -0.62728986
3916  634         6.32625826     -4.34193696     -0.64502931
3917  634         6.35370383     -4.33519975     -0.65016089
3918  634         6.38900746     -4.32029336     -0.67036530
3919  634         6.44275416     -4.30693084     -0.70552477
3920  634         6.50003981     -4.30793533     -0.73353943
3921  634         6.53399052     -4.32117150     -0.73930453
3922  634         6.52932277     -4.34121862     -0.74260084
3923  634         6.51370999     -4.37178025     -0.74509851
3924  634         6.50055042     -4.42390991     -0.74720470
3925  634         6.48448719     -4.49767576     -0.75093063
3926  634         6.47921629     -4.57867187     -0.76934514
3927  634         6.50718426     -4.65930958     -0.80779719
3928  634         6.55573241     -4.74762695     -0.85563261
3929  634         6.58397442     -4.84509869     -0.90361018
3930  634         6.58603129     -4.93015818     -0.95059855
3931  634         6.57437116     -4.98300262     -0.99834772
3932  634         6.55150463     -5.01357564     -1.03581482
3933  634         6.51531881     -5.03970796     -1.06709035
3934  634         6.47806681     -5.05358223     -1.07954901
3935  634         6.44292339     -5.05689484     -1.05881262
3936  634         6.40934781     -5.06408457     -1.02123024
3937  634         6.38664135     -5.06441652     -0.98643933
3938  634         6.41516984     -5.05518534     -0.98332905
3939  634         6.48167953     -5.04417469     -0.99909688
3940  634         6.53174895     -5.04751583     -1.01101694
3941  634         6.54317985     -5.04000324     -0.99415615
3942  634         6.52476822     -5.00622440     -0.95268364
3943  634         6.47541958     -4.95914125     -0.90402945
3944  634         6.39263648     -4.93906123     -0.86368336
3945  634         6.32387470     -4.94980639     -0.82769756
3946  634         6.30822736     -4.97770877     -0.79868353
3947  634         6.33715839     -4.98907947     -0.77028844
3948  634         6.36315145     -4.97764477     -0.75363076
3949  634         6.38573045     -4.94987708     -0.77341772
3950  634         6.41950669     -4.90657140     -0.80883646
3951  634         6.46379841     -4.85069566     -0.84412321
3952  634         6.50718675     -4.78528623     -0.86282139
3953  634         6.52344417     -4.73382212     -0.84896823
3954  634         6.51225724     -4.69711725     -0.79622627
3955  634         6.48341332     -4.69120274     -0.70843213
3956  634         6.46195054     -4.70411108     -0.61646163
3957  634         6.43471715     -4.70971997     -0.55779563
3958  634         6.42032900     -4.66863034     -0.55919718
3959  634         6.42333295     -4.60696187     -0.60492913
3960  634         6.44089376     -4.56234302     -0.66155581
3961  634         6.46120954     -4.53302494     -0.71573725
3962  634         6.47123042     -4.51166859     -0.75694879
3963  634         6.46514460     -4.49601269     -0.75646802
3964  634         6.43133679     -4.51911909     -0.71254877
3965  634         6.40890384     -4.56400353     -0.65295734
3966  634         6.41621730     -4.60614497     -0.61496601
3967  634         6.43868826     -4.62992251     -0.60304763
3968  634         6.45210013     -4.64414167     -0.62338834
3969  634         6.47030979     -4.63605739     -0.65553450
3970  634         6.51540123     -4.60993215     -0.70178892
3971  634         6.57195017     -4.57936189     -0.75165170
3972  634         6.60293064     -4.54978389     -0.79320865
3973  634         6.60699458     -4.53315923     -0.80156084
3974  634         6.63027440     -4.51670901     -0.77702924
3975  634         6.67239793     -4.50254763     -0.74233943
3976  634         6.70458344     -4.48092854     -0.69138733
3977  634         6.71317669     -4.44722590     -0.66362575
3978  634         6.72998931     -4.41339343     -0.65278840
3979  634         6.75565994     -4.37203562     -0.66662086
3980  634         6.78621526     -4.32629173     -0.67655578
3981  634         6.79982190     -4.27850286     -0.67576417
3982  634         6.80644844     -4.23310388     -0.68093508
3983  634         6.82188880     -4.20242159     -0.68361547
3984  634         6.84382691     -4.17146203     -0.67335362
3985  634         6.84755600     -4.14411382     -0.63513990
3986  634         6.81295379     -4.12895970     -0.59710402
3987  634         6.76494793     -4.12947844     -0.57923006
3988  634         6.74552564     -4.10555149     -0.60514971
3989  634         6.76367524     -4.05578940     -0.66505349
3990  634         6.78416176     -4.01283837     -0.72543495
3991  634         6.78696944     -3.99111605     -0.76799960
3992  634         6.77556062     -3.98896457     -0.78037359
3993  634         6.75376295     -3.99078235     -0.78576040
3994  634         6.71586940     -3.98676878     -0.81030022
3995  634         6.68638845     -3.97689766     -0.85245381
3996  634         6.67562244     -3.97684867     -0.87987548
3997  634         6.69024162     -3.98253927     -0.88921220
3998  634         6.70918457     -3.96857536     -0.88656437
3999  634         6.72515848     -3.93246771     -0.89055456
4000  634         6.74371737     -3.88253030     -0.88209538
4001  634         6.76119733     -3.84264549     -0.86310280
4002  634         6.78150126     -3.82396210     -0.83988173
4003  634         6.78768692     -3.81312535     -0.82801710
4004  634         6.76189236     -3.81539676     -0.82868775
4005  634         6.70012420     -3.82344351     -0.83303490
4006  634         6.67135056     -3.81331715     -0.85881248
4007  634         6.69068475     -3.75965626     -0.90408171
4008  634         6.71855606     -3.69824796     -0.95044556
4009  634         6.72387924     -3.66713380     -0.98310519
4010  634         6.71084196     -3.66718649     -0.99899447
4011  634         6.71350877     -3.65834785     -0.99454038
4012  634         6.72146701     -3.64056388     -0.98500957
4013  634         6.73338717     -3.63441635     -0.98841821
4014  634         6.74504188     -3.64259354     -1.00082009
4015  634         6.77138639     -3.64622064     -1.01093922
4016  634         6.82371780     -3.62438450     -1.01502792
4017  634         6.89286463     -3.61265828     -1.01750359
4018  634         6.93255502     -3.63069283     -1.00778397
4019  634         6.93587663     -3.66726541     -0.97211891
4020  634         6.93292465     -3.68338339     -0.92650017
4021  634         6.95747060     -3.67678810     -0.90437492
4022  634         6.99905646     -3.65853825     -0.91719399
4023  634         7.03841932     -3.63642423     -0.93411934
4024  634         7.07945404     -3.60429363     -0.92680843
4025  634         7.11497492     -3.56623088     -0.90552512
4026  634         7.13214143     -3.52348430     -0.90028167
4027  634         7.12765208     -3.48263879     -0.90125729
4028  634         7.12276592     -3.44877598     -0.89198151
4029  634         7.13691267     -3.40868964     -0.87196997
4030  634         7.14768147     -3.36483558     -0.86476301
4031  634         7.16540757     -3.32231822     -0.87677795
4032  634         7.18248033     -3.30199906     -0.87832009
4033  634         7.17805860     -3.31468983     -0.85686659
4034  634         7.15700378     -3.34455375     -0.82357124
4035  634         7.13682787     -3.36406092     -0.78569203
4036  634         7.12246066     -3.34556157     -0.74391083
4037  634         7.10270186     -3.30167946     -0.70164867
4038  634         7.07661052     -3.25861865     -0.66504509
4039  634         7.06281514     -3.23398041     -0.63354400
4040  634         7.08227198     -3.23806157     -0.60790287
4041  634         7.13473978     -3.27802629     -0.57774674
4042  634         7.19316561     -3.35712562     -0.54821284
4043  634         7.24025327     -3.45730967     -0.51674488
4044  634         7.27398455     -3.54941409     -0.48585858
4045  634         7.29768883     -3.63215295     -0.46407977
4046  634         7.30442001     -3.71720709     -0.46163519
4047  634         7.31130462     -3.80032504     -0.46954767
4048  634         7.35016434     -3.88136330     -0.48567059
4049  634         7.41323018     -3.96413649     -0.51982671
4050  634         7.47561085     -4.05056044     -0.55396925
4051  634         7.51652980     -4.12623779     -0.57587171
4052  634         7.53574058     -4.17812625     -0.60164876
4053  634         7.53102797     -4.19929652     -0.63626975
4054  634         7.51778860     -4.20768403     -0.65560804
4055  634         7.52357665     -4.21922747     -0.65512164
4056  634         7.56716863     -4.20916847     -0.64475032
4057  634         7.61864184     -4.17375164     -0.64293244
4058  634         7.65262696     -4.12868517     -0.64297124
4059  634         7.68948596     -4.07799421     -0.64341326
4060  634         7.76376243     -4.02767980     -0.63270338
4061  634         7.84995010     -3.97481239     -0.59221055
4062  634         7.91230115     -3.90426579     -0.52704240
4063  634         7.92688894     -3.83148920     -0.47173094
4064  634         7.88708468     -3.77970473     -0.45894666
4065  634         7.81560011     -3.75269349     -0.45864696
4066  634         7.77041295     -3.72237529     -0.42698087
4067  634         7.77365589     -3.68222149     -0.35417828
4068  634         7.80634475     -3.65101658     -0.28550364
4069  634         7.85425815     -3.64253249     -0.26186354
4070  634         7.91894874     -3.65257486     -0.26345820
4071  634         7.98255856     -3.66346114     -0.25166467
4072  634         8.01560919     -3.71981855     -0.22424130
4073  634         8.01407688     -3.80773950     -0.20170795
4074  634         8.00583210     -3.89584323     -0.18881175
4075  634         8.01513421     -3.96332400     -0.18311009
4076  634         8.05047481     -4.01699883     -0.19402663
4077  634         8.10108251     -4.05584220     -0.23284958
4078  634         8.14943365     -4.04961713     -0.27747080
4079  634         8.18434277     -3.99339964     -0.29569370
4080  634         8.22301348     -3.91634079     -0.29483517
4081  634         8.25879227     -3.85708170     -0.29356458
4082  634         8.27139448     -3.82769050     -0.31678407
4083  634         8.23709973     -3.83659778     -0.34927592
4084  634         8.16904566     -3.85893948     -0.35034676
4085  634         8.11701636     -3.86420546     -0.33460473
4086  634         8.09880546     -3.84758317     -0.33003088
4087  634         8.10061105     -3.83729046     -0.34454033
4088  634         8.12865562     -3.83203033     -0.35695431
4089  634         8.18486233     -3.81871700     -0.35566946
4090  634         8.23808503     -3.81855450     -0.33176849
4091  634         8.24380991     -3.84985144     -0.28345139
4092  634         8.17607317     -3.89138981     -0.25995116
4093  634         8.10095706     -3.90737744     -0.29978356
4094  634         8.07799532     -3.89292383     -0.39102324
4095  634         8.10121167     -3.86952498     -0.46541423
4096  634         8.15037133     -3.86648134     -0.49844251
4097  634         8.21632962     -3.87192322     -0.51309731
4098  634         8.29407320     -3.87678991     -0.51042379
4099  634         8.39106587     -3.87737462     -0.49703978
4100  634         8.48727062     -3.88626053     -0.48387917
4101  634         8.56547212     -3.91383851     -0.47221928
4102  634         8.60620682     -3.94690107     -0.46486237
4103  634         8.61264674     -3.98995647     -0.47172541
4104  634         8.62506703     -4.02792948     -0.50559885
4105  634         8.66232700     -4.05124455     -0.57508846
4106  634         8.71235308     -4.06043984     -0.65273880
4107  634         8.75330447     -4.10267216     -0.71102989
4108  634         8.79460937     -4.18624518     -0.72239416
4109  634         8.83666334     -4.27886510     -0.67632617
4110  634         8.87559795     -4.35891851     -0.60299623
4111  634         8.88691306     -4.43697445     -0.57025637
4112  634         8.87670562     -4.52186042     -0.60516743
4113  634         8.87893238     -4.58659200     -0.67076324
4114  634         8.89152841     -4.63019380     -0.74005708
4115  634         8.91229249     -4.67072485     -0.79063031
4116  634         8.93684046     -4.71131408     -0.80839511
4117  634         8.97557214     -4.75104559     -0.80430870
4118  634         8.99943450     -4.78022481     -0.80024106
4119  634         8.99134320     -4.79110751     -0.81629411
4120  634         8.96112491     -4.79411727     -0.85247404
4121  634         8.92612397     -4.82074330     -0.90197445
4122  634         8.90253208     -4.84155939     -0.95350685
4123  634         8.88987344     -4.84886377     -0.99977300
4124  634         8.89094669     -4.84803849     -1.03743825
4125  634         8.90789496     -4.86758072     -1.05362886
4126  634         8.93473651     -4.90145027     -1.07422873
4127  634         8.92875390     -4.92688584     -1.09887551
4128  634         8.88545264     -4.92540109     -1.10975188
4129  634         8.82323161     -4.90396102     -1.12279403
4130  634         8.79196797     -4.87060159     -1.14899192
4131  634         8.78124210     -4.83482531     -1.17962667
4132  634         8.76468998     -4.80339452     -1.19994923
4133  634         8.74903144     -4.78488290     -1.21488281
4134  634         8.76132323     -4.79308454     -1.22729701
4135  634         8.78482717     -4.79140981     -1.23522946
4136  634         8.76346421     -4.78149727     -1.26984879
4137  634         8.68721738     -4.76295933     -1.33834552
4138  634         8.59398506     -4.72715158     -1.41666992
4139  634         8.53852081     -4.69268556     -1.46479051
4140  634         8.53211734     -4.67787995     -1.46836151
4141  634         8.54063704     -4.67776644     -1.44918435
4142  634         8.51809339     -4.67379208     -1.43051540
4143  634         8.45806038     -4.66068631     -1.44115466
4144  634         8.37385803     -4.64420834     -1.47451336
4145  634         8.30609134     -4.66468815     -1.50987100
4146  634         8.26452501     -4.70396456     -1.52781036
4147  634         8.22419297     -4.74513230     -1.54465496
4148  634         8.18916955     -4.78669468     -1.58415480
4149  634         8.18369067     -4.82481895     -1.63968824
4150  634         8.19751465     -4.85411240     -1.70517193
4151  634         8.18501608     -4.84103979     -1.77739504
4152  634         8.15848213     -4.80256629     -1.85236920
4153  634         8.13005507     -4.78520901     -1.90256977
4154  634         8.11358239     -4.80237576     -1.92608909
4155  634         8.08900368     -4.81931823     -1.94128104
4156  634         8.04032087     -4.82455673     -1.96294413
4157  634         7.97687053     -4.82143648     -1.98901822
4158  634         7.91231889     -4.80343473     -2.02521203
4159  634         7.86161523     -4.77379681     -2.06264785
4160  634         7.81282660     -4.75384284     -2.10827417
4161  634         7.78986399     -4.75306103     -2.17284823
4162  634         7.77781957     -4.75609060     -2.24382122
4163  634         7.77160786     -4.75127705     -2.31554109
4164  634         7.76378393     -4.74305114     -2.36955036
4165  634         7.74712795     -4.78116044     -2.39116433
4166  634         7.72198074     -4.86106870     -2.37054142
4167  634         7.68196994     -4.94408517     -2.34679640
4168  634         7.63847735     -5.01826716     -2.35738444
4169  634         7.56541363     -5.06735584     -2.39479697
4170  634         7.49170766     -5.09715712     -2.42855380
4171  634         7.44581256     -5.11865352     -2.44800526
4172  634         7.43609100     -5.14324226     -2.44717980
4173  634         7.42335805     -5.15909299     -2.42924958
4174  634         7.39335269     -5.16387589     -2.40007841
4175  634         7.33945996     -5.17312972     -2.36413728
4176  634         7.28011485     -5.20488016     -2.32588256
4177  634         7.23930151     -5.25419678     -2.29252314
4178  634         7.21404110     -5.29437849     -2.28035712
4179  634         7.18481636     -5.31050952     -2.29593992
4180  634         7.14014092     -5.29659144     -2.33070733
4181  634         7.06255610     -5.26582038     -2.34347286
4182  634         6.99907332     -5.22553074     -2.33151088
4183  634         6.99548562     -5.19332708     -2.31019631
4184  634         7.05085476     -5.18849365     -2.27356806
4185  634         7.11258052     -5.23284406     -2.23487661
4186  634         7.14712176     -5.30023651     -2.22509502
4187  634         7.14339097     -5.35394464     -2.25752175
4188  634         7.12247090     -5.39095113     -2.30386336
4189  634         7.10299620     -5.39826727     -2.33222782
4190  634         7.09784358     -5.37110293     -2.32993277
4191  634         7.08273223     -5.30850438     -2.29283940
4192  634         7.03643046     -5.24102027     -2.23458176
4193  634         6.97106104     -5.18100577     -2.15783563
4194  634         6.91886303     -5.12875023     -2.07134415
4195  634         6.86147958     -5.07621926     -1.98210833
4196  634         6.77848574     -5.03138725     -1.91860762
4197  634         6.70780273     -4.98944398     -1.88694310
4198  634         6.63894588     -4.95237824     -1.87750232
4199  634         6.57127431     -4.92599056     -1.88243656
4200  634         6.52136257     -4.87951621     -1.88940455
4201  634         6.48473521     -4.82508862     -1.89065218
4202  634         6.44461467     -4.77380645     -1.88515157
4203  634         6.39833301     -4.74251612     -1.87128814
4204  634         6.35064233     -4.73160261     -1.84260869
4205  634         6.30478062     -4.74541057     -1.79643358
4206  634         6.26861402     -4.75466626     -1.72418627
4207  634         6.23799416     -4.73402045     -1.62563519
4208  634         6.20753820     -4.69016444     -1.52940444
4209  634         6.16246527     -4.64648766     -1.46275216
4210  634         6.13866414     -4.63620126     -1.44979243
4211  634         6.15481486     -4.65588385     -1.46793918
4212  634         6.20352136     -4.69279942     -1.47277610
4213  634         6.25598901     -4.73466628     -1.44581465
4214  634         6.29032578     -4.76315501     -1.41526288
4215  634         6.31890002     -4.76458835     -1.43049918
4216  634         6.32666089     -4.73639153     -1.48704249
4217  634         6.35005667     -4.69109843     -1.55054734
4218  634         6.39436508     -4.64336382     -1.57902455
4219  634         6.45459558     -4.64024747     -1.58445696
4220  634         6.51655009     -4.69122544     -1.58628404
4221  634         6.58976060     -4.74294883     -1.58317987
4222  634         6.66249145     -4.76015196     -1.58449250
4223  634         6.70915978     -4.75786124     -1.60254199
4224  634         6.74648217     -4.74497053     -1.63783537
4225  634         6.79070591     -4.72988463     -1.66630840
4226  634         6.84231518     -4.70307006     -1.66810346
4227  634         6.90381741     -4.65393819     -1.65764284
4228  634         6.97994484     -4.59345065     -1.63603692
4229  634         7.05259517     -4.54617563     -1.61302348
4230  634         7.10997452     -4.50138018     -1.58706991
4231  634         7.16418311     -4.44455523     -1.56714319
4232  634         7.23830414     -4.38471273     -1.56108826
4233  634         7.31613141     -4.35275570     -1.56334981
4234  634         7.37875035     -4.36503304     -1.57785293
4235  634         7.42610422     -4.37783975     -1.59429824
4236  634         7.46301492     -4.37012668     -1.60190225
4237  634         7.46617180     -4.34732084     -1.60797430
4238  634         7.44780663     -4.31594941     -1.62495576
4239  634         7.42045659     -4.26477817     -1.64312187
4240  634         7.37702508     -4.18286841     -1.63106662
4241  634         7.33792771     -4.06549463     -1.59402154
4242  634         7.31359360     -3.94631458     -1.55894572
4243  634         7.29075041     -3.86422018     -1.52528908
4244  634         7.24944479     -3.82129171     -1.49309551
4245  634         7.19299854     -3.79117120     -1.45753854
4246  634         7.12887777     -3.77206267     -1.43002345
4247  634         7.07876480     -3.76805286     -1.39317516
4248  634         7.06401309     -3.78365123     -1.33683741
4249  634         7.09315585     -3.80784085     -1.26921687
4250  634         7.13618609     -3.83783842     -1.20918238
4251  634         7.17139064     -3.85638598     -1.16951299
4252  634         7.20162803     -3.85190329     -1.17443856
4253  634         7.22984676     -3.83273652     -1.19200713
4254  634         7.25597941     -3.83241236     -1.19031515
4255  634         7.27683635     -3.87074646     -1.17313535
4256  634         7.28194600     -3.92586289     -1.15568561
4257  634         7.24585942     -3.99438057     -1.13066521
4258  634         7.17414097     -4.07921110     -1.08547938
4259  634         7.10691631     -4.16744494     -1.03834999
4260  634         7.07635900     -4.23086646     -0.97660399
4261  634         7.11311748     -4.24797622     -0.93237387
4262  634         7.19209115     -4.21745432     -0.92107331
4263  634         7.27240658     -4.19847954     -0.93432794
4264  634         7.33712533     -4.20797352     -0.97741009
4265  634         7.39224557     -4.23651476     -1.03222568
4266  634         7.42121162     -4.27101148     -1.09315317
4267  634         7.40121155     -4.27535378     -1.16995530
4268  634         7.35725478     -4.24994736     -1.25361918
4269  634         7.32522442     -4.21095265     -1.30062883
4270  634         7.32575898     -4.21272547     -1.31358560
4271  634         7.34637995     -4.24418694     -1.31526889
4272  634         7.37719214     -4.28295087     -1.32403256
4273  634         7.41936645     -4.30053614     -1.31180049
4274  634         7.46766423     -4.30257473     -1.27951949
4275  634         7.50948425     -4.28374740     -1.24109244
4276  634         7.55631582     -4.23982702     -1.21154004
4277  634         7.60405058     -4.18983644     -1.18674175
4278  634         7.63465523     -4.14327510     -1.15377980
4279  634         7.64155311     -4.10954298     -1.12534004
4280  634         7.64991050     -4.09392185     -1.10084093
4281  634         7.65009237     -4.12184586     -1.08788687
4282  634         7.62886192     -4.17246411     -1.06936051
4283  634         7.60260145     -4.20872701     -1.06054063
4284  634         7.58736677     -4.21499113     -1.07330676
4285  634         7.59618697     -4.22244245     -1.09303347
4286  634         7.61678018     -4.25362912     -1.10091263
4287  634         7.62426401     -4.30523961     -1.11072862
4288  634         7.62151335     -4.34833978     -1.12396266
4289  634         7.60425740     -4.35212345     -1.11447644
4290  634         7.57054270     -4.32752083     -1.07416163
4291  634         7.55090177     -4.29524509     -1.03168055
4292  634         7.55829023     -4.28944977     -1.00934200
4293  634         7.57053100     -4.31480129     -0.98433227
4294  634         7.57559596     -4.36404540     -0.95645107
4295  634         7.57114623     -4.43412823     -0.92893703
4296  634         7.54164239     -4.50911705     -0.90495662
4297  634         7.48473153     -4.58591731     -0.86594276
4298  634         7.41451286     -4.62496378     -0.81610668
4299  634         7.35678418     -4.63485958     -0.79057707
4300  634         7.30192220     -4.62926839     -0.80729521
4301  634         7.25128111     -4.63290939     -0.84194700
4302  634         7.21358595     -4.63838992     -0.87959176
4303  634         7.18609701     -4.67742110     -0.91739005
4304  634         7.14955908     -4.75941102     -0.93553009
4305  634         7.09550596     -4.84724393     -0.92900985
4306  634         7.03770541     -4.90679066     -0.88943817
4307  634         6.99292865     -4.92192382     -0.81140526
4308  634         6.97008077     -4.91224240     -0.68937264
4309  634         6.94123542     -4.90197389     -0.53958207
4310  634         6.91068301     -4.91167435     -0.39972241
4311  634         6.89435474     -4.94990949     -0.31816027
4312  634         6.89153293     -5.00250511     -0.27797799
4313  634         6.87315920     -5.04163307     -0.26148661
4314  634         6.83361627     -5.07181296     -0.24955945
4315  634         6.79979952     -5.10518350     -0.24351664
4316  634         6.77855621     -5.15370688     -0.22505505
4317  634         6.75396801     -5.19807919     -0.18188121
4318  634         6.71699147     -5.23378574     -0.13806591
4319  634         6.65610369     -5.27601614     -0.10394636
4320  634         6.58754864     -5.30853994     -0.07924123
4321  634         6.53381425     -5.34080580     -0.05795973
4322  634         6.48911607     -5.36728041     -0.04617215
4323  634         6.45624967     -5.39149880     -0.04941920
4324  634         6.43004534     -5.39501955     -0.06027913
4325  634         6.41290553     -5.38107059     -0.06376014
4326  634         6.41921079     -5.36461858     -0.06687485
4327  634         6.43752433     -5.36169050     -0.07313555
4328  634         6.46192176     -5.37382793     -0.09325058
4329  634         6.48132141     -5.38546051     -0.12109855
4330  634         6.48922891     -5.38899765     -0.14179995
4331  634         6.50497736     -5.40036070     -0.15976706
4332  634         6.53172051     -5.40947994     -0.17287109
4333  634         6.57658053     -5.39348223     -0.17892237
4334  634         6.62879394     -5.35246952     -0.18331613
4335  634         6.69294134     -5.29756283     -0.20502353
4336  634         6.76391143     -5.25984928     -0.23823019
4337  634         6.83082987     -5.23408321     -0.24382119
4338  634         6.89329980     -5.22572510     -0.22105663
4339  634         6.94296070     -5.23224651     -0.19246243
4340  634         6.95784905     -5.24095707     -0.19232465
4341  634         6.94924451     -5.24398978     -0.22761916
4342  634         6.97182474     -5.24563454     -0.27207632
4343  634         7.02405757     -5.25569201     -0.30984628
4344  634         7.08391050     -5.25829742     -0.35068871
4345  634         7.12805496     -5.27331220     -0.40314198
4346  634         7.17194826     -5.30436305     -0.45033387
4347  634         7.20640018     -5.34503370     -0.47454853
4348  634         7.22057831     -5.37465621     -0.48407336
4349  634         7.20770781     -5.38489393     -0.50121250
4350  634         7.20296940     -5.37894830     -0.52781439
4351  634         7.23446225     -5.36393203     -0.54074268
4352  634         7.29062318     -5.33951443     -0.52304084
4353  634         7.36453267     -5.32785972     -0.48305497
4354  634         7.43448384     -5.32541428     -0.45806762
4355  634         7.48506449     -5.30122864     -0.44495102
4356  634         7.51291000     -5.25216810     -0.44588996
4357  634         7.52720267     -5.20916521     -0.47031588
4358  634         7.51902748     -5.18850971     -0.50228845
4359  634         7.49968426     -5.18565751     -0.51186313
4360  634         7.47782316     -5.19990000     -0.50003713
4361  634         7.47817073     -5.20802640     -0.47747804
4362  634         7.49374005     -5.18345366     -0.43123455
4363  634         7.50948496     -5.11985854     -0.37086808
4364  634         7.52138065     -5.02554532     -0.33518502
4365  634         7.51841153     -4.93542472     -0.31547557
4366  634         7.50135628     -4.87396805     -0.28373293
4367  634         7.49395566     -4.84286515     -0.23302559
4368  634         7.51806457     -4.82380104     -0.19575747
4369  634         7.52968225     -4.79006279     -0.17126807
4370  634         7.50467750     -4.74842900     -0.15589046
4371  634         7.46102147     -4.72892029     -0.13434301
4372  634         7.41630860     -4.74171339     -0.06978482
4373  634         7.36854348     -4.77508904      0.02186315
4374  634         7.32593814     -4.79509466      0.11936707
4375  634         7.30464925     -4.78316390      0.20483919
4376  634         7.30668269     -4.73984714      0.28928585
4377  634         7.32337947     -4.69106266      0.38346299
4378  634         7.32930894     -4.65287568      0.44887040
4379  634         7.32810670     -4.64306993      0.46714555
4380  634         7.30246824     -4.67537090      0.46875530
4381  634         7.25877178     -4.71935997      0.48023270
4382  634         7.21635751     -4.74924210      0.50862114
4383  634         7.17674993     -4.76842877      0.55407649
4384  634         7.12778535     -4.79319070      0.59869604
4385  634         7.07548484     -4.79892869      0.61782559
4386  634         7.02439544     -4.79470556      0.62477451
4387  634         6.97489534     -4.79303897      0.63158479
4388  634         6.93140037     -4.80141550      0.67102717
4389  634         6.89625518     -4.79535733      0.72099568
4390  634         6.86677598     -4.77935188      0.77504713
4391  634         6.83545477     -4.77957688      0.84041381
4392  634         6.81610064     -4.79303181      0.90203168
4393  634         6.81294066     -4.80546149      0.97936223
4394  634         6.81590083     -4.81423477      1.08089721
4395  634         6.79434071     -4.81553718      1.17056566
4396  634         6.75910679     -4.79294300      1.21038875
4397  634         6.71917725     -4.77697109      1.21994583
4398  634         6.66043849     -4.77765281      1.22144874
4399  634         6.59271217     -4.78662224      1.22382484
4400  634         6.53070826     -4.79192976      1.21708926
4401  634         6.47830253     -4.79265977      1.20507215
4402  634         6.42621841     -4.79706547      1.19892408
4403  634         6.40263782     -4.79579922      1.20537192
4404  634         6.40627642     -4.78054719      1.22729594
4405  634         6.41166257     -4.75600007      1.26360534
4406  634         6.38846834     -4.73167071      1.31655591
4407  634         6.33893970     -4.68762294      1.36756912
4408  634         6.30078030     -4.62086048      1.39742611
4409  634         6.27948370     -4.56011373      1.41022906
4410  634         6.25882353     -4.53173148      1.43326198
4411  634         6.23473577     -4.51473290      1.45655395
4412  634         6.21904274     -4.50661527      1.47463671
4413  634         6.19589107     -4.50527511      1.51234691
4414  634         6.15773898     -4.49904198      1.56848555
4415  634         6.11755705     -4.48070331      1.61535764
4416  634         6.07899292     -4.44090255      1.64200768
4417  634         6.02252854     -4.40222246      1.65507296
4418  634         5.95039271     -4.36793278      1.64880610
4419  634         5.87240812     -4.34707224      1.62251177
4420  634         5.79772341     -4.34529244      1.58323547
4421  634         5.71950197     -4.35777513      1.57793576
4422  634         5.63866173     -4.36417378      1.60066464
4423  634         5.57246402     -4.36331556      1.60920459
4424  634         5.53180891     -4.37578772      1.59409315
4425  634         5.50830731     -4.39732251      1.55950394
4426  634         5.48951379     -4.41871783      1.51107633
4427  634         5.45833381     -4.43957540      1.46161707
4428  634         5.39752938     -4.46615160      1.42582297
4429  634         5.30496156     -4.50042534      1.41286776
4430  634         5.20008555     -4.53813843      1.40178166
4431  634         5.11815268     -4.58466268      1.39228389
4432  634         5.10093555     -4.63749002      1.38594066
4433  634         5.14378913     -4.67190949      1.37186151
4434  634         5.21607825     -4.69939768      1.34765486
4435  634         5.27122915     -4.73998315      1.32226731
4436  634         5.29687145     -4.80063159      1.31069837
4437  634         5.28995192     -4.86363173      1.32877136
4438  634         5.26640273     -4.92758886      1.38071555
4439  634         5.23892778     -5.00380527      1.43149186
4440  634         5.22039503     -5.08809319      1.45446665
4441  634         5.22675326     -5.16374665      1.45094810
4442  634         5.26141721     -5.22405756      1.42729700
4443  634         5.31547846     -5.27530894      1.39961585
4444  634         5.36199830     -5.32578506      1.38847537
4445  634         5.40322635     -5.37319243      1.39190462
4446  634         5.43913970     -5.40951428      1.38432789
4447  634         5.44973333     -5.43647905      1.36509055
4448  634         5.42641507     -5.43267120      1.35360897
4449  634         5.39071566     -5.39093163      1.34673546
4450  634         5.35801641     -5.33082216      1.34739316
4451  634         5.33416550     -5.28649580      1.35248284
4452  634         5.31138896     -5.29865558      1.37154707
4453  634         5.28823207     -5.34415014      1.39177968
4454  634         5.25974677     -5.37448072      1.39626116
4455  634         5.23665702     -5.39842793      1.40872352
4456  634         5.24506500     -5.43222770      1.42943531
4457  634         5.27687123     -5.45649076      1.46056450
4458  634         5.29047585     -5.43969477      1.48502941
4459  634         5.28418184     -5.39560089      1.50148827
4460  634         5.28600304     -5.36725464      1.52880838
4461  634         5.27655403     -5.36352890      1.56131113
4462  634         5.23699302     -5.34408188      1.57907478
4463  634         5.18223159     -5.32940739      1.56954463
4464  634         5.15144869     -5.34019367      1.56478375
4465  634         5.15196883     -5.37291945      1.58042813
4466  634         5.16517843     -5.42906507      1.62639494
4467  634         5.17560054     -5.46304593      1.69094191
4468  634         5.17759156     -5.45460770      1.74294013
4469  634         5.17522211     -5.44811426      1.76902359
4470  634         5.17620514     -5.48272630      1.77608168
4471  634         5.18204110     -5.53694368      1.79523756
4472  634         5.16579150     -5.56890118      1.82810715
4473  634         5.12849660     -5.56473688      1.84732648
4474  634         5.10043291     -5.52280497      1.86715281
4475  634         5.12228863     -5.48829268      1.90121700
4476  634         5.18428637     -5.51066671      1.94830776
4477  634         5.26655053     -5.53502613      2.01246382
4478  634         5.31907917     -5.54670146      2.06970239
4479  634         5.33116571     -5.57454617      2.09972650
4480  634         5.33126751     -5.61736469      2.09487073
4481  634         5.31635443     -5.63986320      2.07374707
4482  634         5.27394429     -5.64194838      2.02505143
4483  634         5.21768198     -5.62435729      1.94358340
4484  634         5.19409885     -5.58018904      1.86645589
4485  634         5.20248667     -5.55355241      1.82216929
4486  634         5.22026092     -5.58810051      1.80461655
4487  634         5.23137690     -5.65729100      1.81301336
4488  634         5.24667893     -5.71037835      1.84023079
4489  634         5.25212148     -5.73142057      1.86167939
4490  634         5.23388925     -5.73496737      1.86774494
4491  634         5.18464268     -5.72431700      1.83380650
4492  634         5.11194594     -5.70327427      1.75685848
4493  634         5.04317456     -5.68160072      1.67964531
4494  634         4.97091255     -5.65206382      1.64692472
4495  634         4.89566724     -5.61016509      1.65428639
4496  634         4.79671665     -5.57943667      1.67932478
4497  634         4.69023237     -5.57573816      1.70476279
4498  634         4.61367655     -5.60337236      1.72279295
4499  634         4.61100920     -5.62977655      1.71866217
4500  634         4.66152392     -5.64758802      1.70451666
4501  634         4.72421063     -5.64980040      1.69725591
4502  634         4.78035854     -5.65716863      1.68484909
4503  634         4.81635615     -5.68821338      1.65146799
4504  634         4.83281694     -5.72311161      1.59017461
4505  634         4.83024338     -5.71825663      1.51574111
4506  634         4.83090243     -5.68978138      1.45788460
4507  634         4.85927313     -5.68256868      1.45193953
4508  634         4.91104988     -5.70374047      1.48040595
4509  634         4.94351560     -5.72723308      1.50436084
4510  634         4.97255534     -5.76328169      1.48780641
4511  634         5.00707836     -5.81632780      1.43288873
4512  634         5.04014333     -5.87687532      1.37126220
4513  634         5.04719720     -5.90365597      1.31956398
4514  634         5.03349884     -5.90462638      1.27363352
4515  634         5.04086436     -5.90251797      1.23770685
4516  634         5.07864254     -5.91510981      1.21262234
4517  634         5.12916757     -5.93785701      1.19927493
4518  634         5.16437237     -5.95957771      1.18366019
4519  634         5.19643774     -5.99029809      1.15731712
4520  634         5.22337960     -6.03681754      1.11609010
4521  634         5.24358649     -6.10489586      1.07437484
4522  634         5.24751050     -6.16523449      1.02165759
4523  634         5.24009874     -6.16458371      0.95725696
4524  634         5.23294526     -6.11134501      0.91439570
4525  634         5.26783186     -6.07490181      0.93080027
4526  634         5.34948010     -6.06926994      0.98090722
4527  634         5.41260299     -6.04898202      0.98047427
4528  634         5.42943248     -6.00314001      0.91953320
4529  634         5.41609006     -5.95292967      0.83403406
4530  634         5.42122506     -5.91078678      0.76471813
4531  634         5.44669451     -5.88971420      0.72677234
4532  634         5.46309596     -5.88926649      0.72482622
4533  634         5.46163382     -5.87636932      0.71257835
4534  634         5.45677076     -5.87449364      0.69018793
4535  634         5.45923286     -5.92091633      0.66458366
4536  634         5.45623641     -5.98313828      0.61903473
4537  634         5.43128258     -6.04335768      0.55881239
4538  634         5.39532404     -6.08980808      0.50466770
4539  634         5.35193609     -6.11554585      0.46087906
4540  634         5.31407655     -6.11417585      0.41302520
4541  634         5.31255496     -6.10726747      0.36513505
4542  634         5.34142115     -6.12300727      0.33867950
4543  634         5.38267864     -6.13851256      0.33434662
4544  634         5.43708575     -6.13968114      0.32063172
4545  634         5.49397554     -6.13332915      0.30043169
4546  634         5.52376171     -6.14350227      0.28618426
4547  634         5.52018067     -6.16171151      0.27942887
4548  634         5.50054630     -6.17029885      0.27605859
4549  634         5.48316307     -6.13287172      0.29179504
4550  634         5.47018267     -6.05708836      0.33916435
4551  634         5.43013458     -5.99187263      0.40008785
4552  634         5.35440661     -5.97848642      0.43705289
4553  634         5.26902337     -6.04743026      0.44870088
4554  634         5.20128191     -6.15881981      0.46114660
4555  634         5.15210693     -6.22554715      0.46783690
4556  634         5.14983519     -6.21181001      0.46695449
4557  634         5.17480322     -6.16673332      0.47915882
4558  634         5.18129852     -6.14025346      0.50616875
4559  634         5.15891324     -6.12569986      0.50321529
4560  634         5.10623817     -6.08626824      0.44386700
4561  634         5.04466706     -6.01691007      0.40183848
4562  634         5.02673806     -5.94832597      0.43642339
4563  634         5.07427567     -5.90348098      0.49993309
4564  634         5.14492655     -5.91387275      0.53562226
4565  634         5.19583106     -5.95023010      0.55368489
4566  634         5.23777683     -5.96886807      0.56141471
4567  634         5.27894203     -5.94803516      0.55878198
4568  634         5.30162274     -5.89912020      0.54601397
4569  634         5.29092759     -5.82703309      0.52673119
4570  634         5.28304012     -5.76510768      0.51125695
4571  634         5.31516350     -5.74884364      0.50803925
4572  634         5.38750440     -5.74686300      0.50384472
4573  634         5.45272778     -5.71717359      0.50722730
4574  634         5.48399105     -5.67171781      0.52056492
4575  634         5.50133021     -5.63580194      0.52109017
4576  634         5.51912243     -5.61630575      0.50339936
4577  634         5.55081941     -5.60056806      0.48646402
4578  634         5.57289935     -5.57761501      0.49337318
4579  634         5.58897618     -5.54633816      0.52292923
4580  634         5.61947152     -5.51591285      0.55474930
4581  634         5.66922003     -5.50176144      0.58770204
4582  634         5.72015777     -5.49861689      0.61866980
4583  634         5.74728028     -5.48849975      0.62211968
4584  634         5.74885890     -5.47980750      0.59466968
4585  634         5.73374522     -5.49108034      0.54530956
4586  634         5.72284172     -5.52111790      0.49666145
4587  634         5.72351000     -5.55550812      0.46508339
4588  634         5.72958944     -5.58706537      0.45235859
4589  634         5.74282776     -5.62853611      0.46723851
4590  634         5.75872827     -5.66920140      0.49871841
4591  634         5.76374989     -5.71384312      0.54229650
4592  634         5.75208232     -5.74282022      0.58786518
4593  634         5.73692101     -5.76365174      0.61914989
4594  634         5.73581492     -5.77709115      0.63387982
4595  634         5.73972140     -5.77819330      0.63387172
4596  634         5.73862292     -5.75336889      0.62560392
4597  634         5.73742978     -5.73076335      0.62491938
4598  634         5.73873329     -5.71729975      0.64200939
4599  634         5.73221594     -5.70013614      0.66603255
4600  634         5.72652689     -5.68985932      0.67448248
4601  634         5.73619784     -5.68388041      0.67500728
4602  634         5.76498993     -5.70028272      0.65938261
4603  634         5.78250767     -5.71295900      0.65286523
4604  634         5.78438507     -5.73932788      0.66393690
4605  634         5.76197745     -5.76253285      0.67396893
4606  634         5.75381420     -5.80139749      0.68806961
4607  634         5.77061412     -5.82033664      0.69274246
4608  634         5.78666114     -5.81231751      0.71445826
4609  634         5.79376719     -5.80142935      0.73883716
4610  634         5.80767649     -5.78075905      0.73549723
4611  634         5.82800164     -5.78616722      0.72613868
4612  634         5.83605191     -5.80528370      0.70624208
4613  634         5.84369394     -5.83641690      0.71155893
4614  634         5.86376915     -5.87885752      0.73136936
4615  634         5.89606461     -5.91504931      0.73431865
4616  634         5.95973968     -5.95358911      0.71213621
4617  634         6.03171029     -5.99622323      0.69033105
4618  634         6.08320598     -6.03367041      0.68373227
4619  634         6.11095482     -6.05126573      0.68088752
4620  634         6.12145363     -6.05866851      0.66717164
4621  634         6.12766273     -6.06676557      0.63329479
4622  634         6.12524573     -6.09864981      0.58463469
4623  634         6.11920797     -6.15776703      0.53886574
4624  634         6.10604089     -6.22634616      0.51226207
4625  634         6.08949618     -6.28650265      0.51083964
4626  634         6.08389553     -6.30879334      0.52031600
4627  634         6.10850614     -6.29927385      0.52778514
4628  634         6.14599722     -6.29663767      0.54045092
4629  634         6.17318322     -6.30667677      0.55611265
4630  634         6.18685410     -6.33513240      0.56096821
4631  634         6.19488345     -6.38759637      0.56265703
4632  634         6.21512361     -6.45231667      0.56051361
4633  634         6.25884264     -6.50561585      0.56195005
4634  634         6.34656414     -6.56245008      0.57334892
4635  634         6.46563593     -6.62931079      0.59971173
4636  634         6.58245187     -6.69604990      0.61188376
4637  634         6.68931821     -6.76563416      0.60003279
4638  634         6.79143757     -6.83652094      0.59604253
4639  634         6.89062531     -6.91222736      0.62475025
4640  634         6.98644996     -6.99486942      0.67559763
4641  634         7.03798640     -7.08562992      0.70889870
4642  634         7.02659839     -7.19022491      0.70828191
4643  634         6.96578937     -7.31121672      0.67692178
4644  634         6.91717879     -7.42534118      0.63071687
4645  634         6.89966703     -7.52008957      0.59536248
4646  634         6.91306557     -7.59669583      0.60519548
4647  634         6.93851989     -7.65366857      0.64424751
4648  634         6.94688281     -7.69719614      0.69095195
4649  634         6.93557833     -7.73476856      0.72011311
4650  634         6.91054649     -7.75102777      0.74194428
4651  634         6.87699024     -7.75235409      0.74442821
4652  634         6.83807595     -7.76657474      0.74294378
4653  634         6.77817164     -7.79693005      0.74034601
4654  634         6.69921919     -7.84011510      0.75810704
4655  634         6.63392093     -7.89066957      0.80944158
4656  634         6.60054086     -7.95177291      0.87752380
4657  634         6.59263447     -8.02832178      0.92519666
4658  634         6.59429858     -8.07765963      0.93408971
4659  634         6.58022609     -8.05823571      0.92971149
4660  634         6.53712801     -7.99772868      0.92290589
4661  634         6.47157000     -7.94399702      0.91842793
4662  634         6.41323631     -7.91882304      0.92521016
4663  634         6.35711826     -7.91056929      0.95889465
4664  634         6.29198208     -7.89510477      1.01366207
4665  634         6.21226230     -7.87936181      1.06031289
4666  634         6.13601963     -7.88393982      1.06997669
4667  634         6.07614026     -7.91570629      1.06780708
4668  634         6.03881497     -7.95881536      1.07180059
4669  634         6.02814724     -8.00272121      1.08577686
4670  634         6.03322925     -8.04074699      1.09163241
4671  634         6.04975550     -8.06218062      1.09332535
4672  634         6.07587871     -8.04621560      1.10677916
4673  634         6.08214415     -7.99514059      1.13679328
4674  634         6.04096282     -7.94280485      1.17511419
4675  634         5.96148715     -7.90785356      1.23484416
4676  634         5.88623499     -7.89737234      1.33012720
4677  634         5.82219797     -7.91576364      1.40979464
4678  634         5.76178717     -7.95575165      1.44077865
4679  634         5.71841820     -8.00493527      1.42786305
4680  634         5.70470798     -8.06343530      1.39549066
4681  634         5.72460767     -8.13277216      1.33810390
4682  634         5.77680418     -8.20745836      1.27397693
4683  634         5.85068128     -8.25468724      1.23815293
4684  634         5.92727609     -8.27746917      1.23896325
4685  634         5.99403303     -8.29907560      1.23907603
4686  634         6.03380692     -8.34464474      1.20173228
4687  634         6.04641633     -8.41982840      1.14131486
4688  634         6.05132120     -8.49983311      1.09795226
4689  634         6.07808490     -8.56609829      1.08288932
4690  634         6.12990642     -8.60976634      1.07987473
4691  634         6.19172025     -8.65306609      1.04867958
4692  634         6.24853665     -8.68230993      0.98710258
4693  634         6.31110335     -8.68501412      0.94367144
4694  634         6.37219061     -8.67746658      0.92968678
4695  634         6.39249352     -8.70622845      0.95831324
4696  634         6.37240958     -8.75534245      0.99247784
4697  634         6.35650528     -8.79795835      1.00143987
4698  634         6.35686191     -8.85486616      1.00153562
4699  634         6.37772890     -8.94380260      0.99996693
4700  634         6.39140229     -9.04353272      1.00824983
4701  634         6.39551569     -9.11585045      1.01422469
4702  634         6.39943510     -9.17533822      1.02941654
4703  634         6.38228899     -9.25797467      1.06684171
4704  634         6.35260440     -9.35660983      1.11185210
4705  634         6.33473967     -9.44089491      1.13731379
4706  634         6.33160322     -9.51340122      1.15643929
4707  634         6.34183967     -9.58563244      1.19416227
4708  634         6.34910110     -9.65948554      1.22916181
4709  634         6.35773532     -9.72521817      1.24754728
4710  634         6.38260042     -9.77594167      1.21901860
4711  634         6.42129336     -9.81753281      1.18861505
4712  634         6.46123391     -9.83788116      1.18554511
4713  634         6.50941727     -9.82886375      1.23010635
4714  634         6.54896215     -9.79902363      1.27749680
4715  634         6.56963753     -9.75534583      1.29614132
4716  634         6.58261839     -9.70973302      1.28830392
4717  634         6.61807506     -9.68569182      1.28132114
4718  634         6.68918400     -9.70067856      1.28236223
4719  634         6.78401613     -9.72503002      1.27035352
4720  634         6.87110105     -9.73267380      1.22718298
4721  634         6.93544643     -9.73135186      1.16682018
4722  634         6.98537924     -9.73708311      1.12393325
4723  634         7.01341086     -9.74182486      1.11860230
4724  634         7.03529347     -9.73395911      1.14634489
4725  634         7.05849894     -9.72121039      1.17405513
4726  634         7.08415281     -9.72006951      1.18789248
4727  634         7.10718375     -9.71990520      1.17728746
4728  634         7.14566578     -9.71345450      1.17339313
4729  634         7.20862915     -9.70550638      1.17763973
4730  634         7.26815951     -9.69100603      1.19770590
4731  634         7.31870277     -9.65559597      1.22863082
4732  634         7.35545329     -9.61449541      1.24795375
4733  634         7.34991711     -9.59055159      1.26230649
4734  634         7.31420421     -9.58460363      1.26288876
4735  634         7.27701039     -9.56165120      1.26134828
4736  634         7.26973546     -9.53448982      1.24206953
4737  634         7.30315547     -9.50465349      1.20759879
4738  634         7.35761114     -9.47453690      1.18099193
4739  634         7.38991540     -9.42828331      1.18290422
4740  634         7.39044738     -9.36105948      1.19165413
4741  634         7.38966869     -9.25995850      1.19052695
4742  634         7.39152892     -9.14824016      1.18217970
4743  634         7.38739266     -9.06848929      1.16848891
4744  634         7.39040271     -9.02979087      1.19431328
4745  634         7.42886907     -9.01617204      1.23369632
4746  634         7.46843976     -9.01096986      1.22455739
4747  634         7.49730993     -9.00495896      1.16821505
4748  634         7.50621345     -8.98724478      1.13040619
4749  634         7.49781639     -8.94833323      1.12774482
4750  634         7.46207222     -8.89163513      1.13907743
4751  634         7.43300193     -8.84990135      1.14847518
4752  634         7.41897038     -8.80811415      1.17621445
4753  634         7.39815520     -8.77100563      1.19464289
4754  634         7.36535967     -8.76685166      1.15620339
4755  634         7.33594728     -8.78756494      1.08815475
4756  634         7.33129206     -8.80525673      1.06747013
4757  634         7.33653096     -8.80346048      1.10296589
4758  634         7.35434698     -8.78200068      1.14204666
4759  634         7.36030243     -8.78622253      1.14613881
4760  634         7.35831086     -8.81917090      1.11660838
4761  634         7.34714258     -8.84708110      1.07307917
4762  634         7.34562424     -8.86980487      1.02427133
4763  634         7.36876340     -8.87134427      0.99920373
4764  634         7.40722921     -8.86110893      0.99959723
4765  634         7.44074473     -8.85581759      1.00578658
4766  634         7.45267573     -8.86026154      0.98513594
4767  634         7.47066346     -8.86331738      0.95061608
4768  634         7.49291793     -8.85353407      0.94134543
4769  634         7.50784230     -8.82355803      0.95754445
4770  634         7.52244272     -8.80425213      1.02133605
4771  634         7.54680825     -8.82489390      1.11376230
4772  634         7.57880535     -8.86890781      1.19966957
4773  634         7.62288496     -8.88884814      1.24417708
4774  634         7.65096235     -8.90002592      1.24815008
4775  634         7.66165539     -8.90797844      1.22359486
4776  634         7.65362847     -8.90167777      1.21689495
4777  634         7.63415135     -8.86477541      1.21517226
4778  634         7.62006211     -8.82959631      1.19475774
4779  634         7.62719300     -8.78836449      1.15721478
4780  634         7.63605436     -8.76457404      1.12119536
4781  634         7.65138688     -8.77815358      1.11856295
4782  634         7.67663515     -8.80992860      1.15295244
4783  634         7.70051776     -8.84730727      1.18714001
4784  634         7.72287730     -8.86100188      1.18625649
4785  634         7.72081477     -8.83843418      1.15119057
4786  634         7.67629237     -8.77473031      1.09283231
4787  634         7.61149249     -8.70030414      1.03539633
4788  634         7.57974080     -8.63436771      0.97613814
4789  634         7.58330493     -8.56820046      0.90845380
4790  634         7.59144041     -8.48595213      0.83387644
4791  634         7.60076374     -8.38954770      0.76634462
4792  634         7.63041449     -8.30343053      0.70876017
4793  634         7.65411478     -8.25768283      0.65980056
4794  634         7.63771200     -8.22393753      0.63545603
4795  634         7.58839709     -8.17148255      0.62761055
4796  634         7.53484931     -8.11559804      0.62109617
4797  634         7.48345253     -8.05939871      0.61858304
4798  634         7.44393723     -8.03122929      0.61812409
4799  634         7.42570644     -8.02468086      0.62149606
4800  634         7.44449624     -8.02240811      0.61092924
4801  634         7.49102696     -8.00965102      0.58505702
4802  634         7.53622774     -7.99714829      0.55882143
4803  634         7.56061163     -7.97833055      0.53668398
4804  634         7.57047017     -7.94238937      0.50960447
4805  634         7.61233559     -7.90269578      0.47913969
4806  634         7.69355637     -7.86006364      0.44557845
4807  634         7.74687829     -7.80868477      0.41962669
4808  634         7.73017069     -7.75615336      0.41550956
4809  634         7.69435679     -7.73877828      0.44449149
4810  634         7.68784261     -7.73679794      0.47045381
4811  634         7.70825359     -7.75614163      0.47627344
4812  634         7.74443426     -7.76866614      0.47532215
4813  634         7.78093638     -7.78075206      0.47662796
4814  634         7.79424841     -7.77113714      0.47394074
4815  634         7.79646276     -7.73922396      0.45973229
4816  634         7.80942971     -7.71117270      0.45526656
4817  634         7.82660776     -7.69700419      0.46397502
4818  634         7.84550864     -7.69216781      0.49406085
4819  634         7.88201614     -7.68599920      0.52940510
4820  634         7.96053694     -7.69489253      0.56739998
4821  634         8.06218573     -7.70429255      0.60782588
4822  634         8.14536769     -7.72512572      0.65637670
4823  634         8.20695922     -7.75084295      0.70540449
4824  634         8.25007756     -7.79401760      0.75238794
4825  634         8.27370055     -7.84429140      0.79370743
4826  634         8.28342960     -7.88393332      0.81969127
4827  634         8.29225235     -7.91235238      0.84980491
4828  634         8.30061167     -7.94189918      0.88172785
4829  634         8.29863688     -7.97312643      0.90557060
4830  634         8.28890459     -7.99644719      0.91858377
4831  634         8.27895875     -8.04744701      0.91923233
4832  634         8.27207200     -8.11384869      0.93185818
4833  634         8.27905377     -8.16828771      0.98333661
4834  634         8.29411872     -8.16705730      1.06846416
4835  634         8.31611841     -8.12982704      1.15587758
4836  634         8.33664031     -8.10867128      1.20411438
4837  634         8.33799383     -8.10136870      1.23193837
4838  634         8.32032276     -8.06539321      1.26114817
4839  634         8.26623280     -8.00903536      1.28979833
4840  634         8.17518494     -7.96798874      1.32090688
4841  634         8.07127161     -7.95201369      1.34394146
4842  634         8.02711396     -7.93068940      1.36999138
4843  634         8.05883004     -7.89020941      1.43016975
4844  634         8.11458761     -7.86056007      1.50121385
4845  634         8.15886537     -7.84705263      1.53949620
4846  634         8.17663702     -7.80572840      1.52575190
4847  634         8.16470660     -7.75164874      1.50564741
4848  634         8.11141582     -7.72157305      1.49639501
4849  634         8.04898337     -7.70256886      1.48790880
4850  634         7.98471615     -7.66633740      1.45235134
4851  634         7.90800974     -7.62205935      1.41704553
4852  634         7.83452200     -7.59280379      1.41044703
4853  634         7.78854035     -7.56958204      1.42169893
4854  634         7.77919927     -7.52667198      1.40035273
4855  634         7.75471776     -7.45974989      1.34832825
4856  634         7.68189074     -7.38277378      1.28854790
4857  634         7.59562991     -7.31149859      1.23528347
4858  634         7.54161295     -7.24215523      1.19342721
4859  634         7.50101706     -7.16822584      1.15754793
4860  634         7.45836882     -7.11296219      1.14490755
4861  634         7.41644270     -7.09615250      1.15685149
4862  634         7.38734016     -7.12136129      1.16667527
4863  634         7.37142903     -7.13852679      1.15547786
4864  634         7.36342856     -7.13852736      1.12252881
4865  634         7.34298880     -7.14501206      1.08630330
4866  634         7.33217971     -7.17734873      1.07192546
4867  634         7.35180573     -7.22727087      1.08101917
4868  634         7.38479298     -7.26674108      1.07650135
4869  634         7.40135203     -7.26502922      1.04514217
4870  634         7.40433333     -7.21718209      1.00320273
4871  634         7.41587990     -7.13629005      0.96985805
4872  634         7.41011957     -7.04153910      0.94988101
4873  634         7.36365840     -6.97530024      0.93301072
4874  634         7.31724148     -6.94863082      0.92053901
4875  634         7.33308125     -6.95089076      0.91546852
4876  634         7.38901763     -6.96552903      0.92025158
4877  634         7.44035762     -6.99556534      0.93025127
4878  634         7.46392361     -7.02650530      0.95651566
4879  634         7.49721462     -7.05499718      1.00840092
4880  634         7.55014788     -7.07967885      1.06112372
4881  634         7.57633961     -7.10048318      1.08227178
4882  634         7.54821769     -7.08996070      1.07151448
4883  634         7.49835133     -7.03364474      1.05307858
4884  634         7.47587855     -6.96788721      1.05129036
4885  634         7.48357436     -6.94265456      1.07945013
4886  634         7.51562920     -6.98071792      1.13317122
4887  634         7.53759734     -7.07508511      1.18407132
4888  634         7.54186622     -7.18416823      1.20725522
4889  634         7.53122606     -7.25093385      1.20820723
4890  634         7.51186270     -7.27100984      1.19586606
4891  634         7.48398882     -7.26824421      1.18015536
4892  634         7.44854519     -7.25509829      1.16962272
4893  634         7.40302008     -7.22896663      1.15963670
4894  634         7.35811077     -7.20503094      1.14605883
4895  634         7.35032142     -7.20060965      1.15914501
4896  634         7.37804318     -7.21985091      1.20536660
4897  634         7.42833073     -7.24687571      1.25984329
4898  634         7.48026327     -7.26361049      1.29468048
4899  634         7.51483239     -7.28972307      1.31488164
4900  634         7.53250008     -7.33490600      1.31697685
4901  634         7.52001179     -7.37478471      1.29555789
4902  634         7.47487668     -7.37475150      1.24746755
4903  634         7.40300806     -7.35555770      1.18164041
4904  634         7.33398145     -7.33243631      1.10909338
4905  634         7.28915183     -7.30882275      1.05430825
4906  634         7.26568272     -7.28407628      1.04023025
4907  634         7.24429240     -7.27404372      1.06875829
4908  634         7.23219179     -7.27791484      1.11265662
4909  634         7.21543356     -7.27601093      1.13921107
4910  634         7.18465018     -7.26051684      1.14032194
4911  634         7.14186723     -7.23173987      1.12214122
4912  634         7.09690478     -7.19475778      1.10103583
4913  634         7.05069557     -7.13674654      1.08013896
4914  634         7.00235637     -7.06726098      1.06666089
4915  634         6.95202763     -6.99845253      1.05495599
4916  634         6.91478869     -6.93555957      1.04833516
4917  634         6.90236039     -6.87434523      1.03730724
4918  634         6.90445983     -6.82049470      1.03860279
4919  634         6.91549992     -6.79425924      1.07044025
4920  634         6.92415044     -6.79832492      1.11497357
4921  634         6.92548086     -6.81770975      1.12773982
4922  634         6.91426989     -6.83219847      1.10046592
4923  634         6.89947716     -6.81315180      1.06207254
4924  634         6.90017477     -6.75777102      1.01163388
4925  634         6.91889122     -6.69442859      0.94964903
4926  634         6.93251490     -6.66131530      0.88110056
4927  634         6.93762075     -6.64071233      0.80690763
4928  634         6.95281122     -6.61882354      0.71229349
4929  634         6.94776587     -6.58168512      0.62989462
4930  634         6.90840171     -6.55513662      0.59946476
4931  634         6.85205152     -6.52485111      0.62251423
4932  634         6.81595167     -6.46120644      0.65951561
4933  634         6.79347563     -6.35506767      0.68061125
4934  634         6.74343559     -6.23680679      0.68689256
4935  634         6.66965792     -6.15728529      0.67468136
4936  634         6.59244631     -6.12079690      0.64290539
4937  634         6.50814121     -6.10164630      0.59176231
4938  634         6.42933522     -6.07143455      0.53695753
4939  634         6.37753722     -6.02688332      0.47934419
4940  634         6.34139210     -5.98214417      0.44394507
4941  634         6.31322039     -5.94750452      0.43969155
4942  634         6.28754088     -5.89259640      0.47283868
4943  634         6.25828563     -5.83005223      0.51298396
4944  634         6.22843877     -5.78279345      0.53498400
4945  634         6.18009236     -5.76081606      0.51757463
4946  634         6.11500734     -5.74749457      0.46282432
4947  634         6.07012777     -5.74294320      0.38688905
4948  634         6.06885725     -5.73803046      0.28924874
4949  634         6.09900930     -5.70836776      0.19350352
4950  634         6.11474062     -5.67151685      0.10153631
4951  634         6.09176474     -5.63487294      0.01259990
4952  634         6.05127150     -5.62437399     -0.08701443
4953  634         6.02519232     -5.64878530     -0.19939419
4954  634         6.00715480     -5.70416240     -0.29405114
4955  634         5.98115661     -5.74426239     -0.32114677
4956  634         5.94518128     -5.76809884     -0.29950323
4957  634         5.91060553     -5.79328716     -0.28685335
4958  634         5.89245156     -5.83490098     -0.29893291
4959  634         5.87353476     -5.88439891     -0.32381638
4960  634         5.85659785     -5.90132619     -0.34944589
4961  634         5.82727301     -5.87152405     -0.37484890
4962  634         5.79753594     -5.80482629     -0.39196615
4963  634         5.76231609     -5.73894654     -0.41207881
4964  634         5.71518173     -5.66743841     -0.43947457
4965  634         5.66253211     -5.61796970     -0.45914438
4966  634         5.62253035     -5.62555858     -0.45986396
4967  634         5.61183612     -5.68932614     -0.44471573
4968  634         5.60876866     -5.75208953     -0.40630853
4969  634         5.59222615     -5.77913768     -0.34894998
4970  634         5.53857107     -5.78153582     -0.31021680
4971  634         5.47439805     -5.79014153     -0.29471518
4972  634         5.41598087     -5.82122119     -0.29633478
4973  634         5.37216746     -5.85823690     -0.31630590
4974  634         5.34451669     -5.89189899     -0.36245881
4975  634         5.33115380     -5.92506485     -0.41705652
4976  634         5.30709947     -5.94324769     -0.46850741
4977  634         5.24720928     -5.92415854     -0.51032402
4978  634         5.17433838     -5.86658529     -0.51693962
4979  634         5.12020540     -5.80574277     -0.48762273
4980  634         5.08683853     -5.74426715     -0.42772058
4981  634         5.06352799     -5.67234417     -0.35402339
4982  634         5.03566288     -5.60711092     -0.28655605
4983  634         4.98513409     -5.57107466     -0.22892009
4984  634         4.91061367     -5.56424409     -0.18051012
4985  634         4.83432217     -5.56719526     -0.12038997
4986  634         4.78107702     -5.56100213     -0.06099148
4987  634         4.73547829     -5.56632469     -0.01681046
4988  634         4.67184001     -5.59142460      0.02023324
4989  634         4.61665499     -5.60971254      0.04988344
4990  634         4.61018783     -5.59602417      0.05564969
4991  634         4.64989067     -5.56125259      0.05413270
4992  634         4.68506792     -5.52913423      0.06107359
4993  634         4.70417974     -5.48456230      0.07871699
4994  634         4.71933597     -5.40620069      0.12360081
4995  634         4.72508653     -5.34641827      0.18011985
4996  634         4.72843557     -5.33366515      0.22120525
4997  634         4.72775222     -5.32804232      0.25674732
4998  634         4.71210268     -5.31613365      0.30234684
4999  634         4.67643300     -5.31712451      0.35530526
5000  634         4.64069795     -5.33933432      0.41391227
