0     694         3.90063911      0.96317232      0.43148770
1     694         3.91255156      0.95926077      0.41890840
2     694         3.91304997      0.93610417      0.40482411
3     694         3.90329067      0.91245225      0.38191659
4     694         3.88590252      0.90434899      0.35015970
5     694         3.87220757      0.90044797      0.31387494
6     694         3.85949875      0.89518959      0.29176407
7     694         3.84667472      0.88911124      0.27419859
8     694         3.84599234      0.88488515      0.26590000
9     694         3.86264087      0.88293198      0.26723728
10    694         3.89201661      0.90266222      0.26511273
11    694         3.92743455      0.93546481      0.26762828
12    694         3.96500384      0.97080108      0.27998165
13    694         4.00136058      0.98547364      0.29085081
14    694         4.02539124      0.97667650      0.28904469
15    694         4.02146753      0.95467094      0.29149273
16    694         3.99796632      0.92858809      0.31896349
17    694         3.97130443      0.91090642      0.35402530
18    694         3.95002140      0.91356539      0.36065720
19    694         3.92720177      0.92277788      0.34273955
20    694         3.89462480      0.94214460      0.30854721
21    694         3.86165589      0.97348100      0.28421654
22    694         3.82681567      1.00429829      0.25839644
23    694         3.79234759      1.02799500      0.23707427
24    694         3.74872778      1.04972334      0.21778254
25    694         3.69028469      1.08115390      0.22149890
26    694         3.61903965      1.11183801      0.26014797
27    694         3.55034124      1.10266097      0.32745909
28    694         3.50079885      1.05567565      0.39871357
29    694         3.46383611      1.00806056      0.44552938
30    694         3.41988278      0.98296195      0.47576581
31    694         3.36369718      0.98535035      0.49375961
32    694         3.30517969      0.98981572      0.51761545
33    694         3.24503807      0.97897971      0.53812881
34    694         3.17661399      0.95027621      0.56063934
35    694         3.10466528      0.93520613      0.57618256
36    694         3.04296792      0.93127318      0.61756215
37    694         2.99424819      0.92410351      0.68460201
38    694         2.96408295      0.90809584      0.77811513
39    694         2.95298792      0.88502695      0.88506374
40    694         2.95088808      0.86989119      0.96941629
41    694         2.92917002      0.84641673      1.01276526
42    694         2.87989756      0.80983190      0.99722981
43    694         2.82174014      0.78351854      0.97297647
44    694         2.73279933      0.78362009      0.96022204
45    694         2.61856999      0.80022223      0.96555451
46    694         2.49960327      0.80974281      0.97826579
47    694         2.38636145      0.80568861      1.00812858
48    694         2.27494824      0.79605947      1.03820027
49    694         2.16662951      0.79314981      1.05849426
50    694         2.07697660      0.79403986      1.05711290
51    694         2.02122042      0.79655789      1.02236173
52    694         1.98708066      0.80961379      0.97213999
53    694         1.97675560      0.83972202      0.90746296
54    694         2.00569591      0.85125018      0.85643884
55    694         2.03385568      0.84589506      0.83427152
56    694         2.05127603      0.86421909      0.84485829
57    694         2.08116336      0.90556558      0.85705169
58    694         2.14156507      0.95844602      0.87616582
59    694         2.20002913      1.00667319      0.89305413
60    694         2.26444928      1.04972585      0.90017514
61    694         2.33794926      1.08824333      0.87646120
62    694         2.41332233      1.10515855      0.84899252
63    694         2.48830926      1.08544542      0.81689213
64    694         2.57401861      1.04352872      0.79696644
65    694         2.66340358      0.99688961      0.80859852
66    694         2.75137661      0.96356653      0.84155521
67    694         2.84351419      0.95877827      0.88231922
68    694         2.92378981      0.97492879      0.89008711
69    694         2.98364854      1.00693791      0.86775480
70    694         3.01689818      1.04883649      0.81804714
71    694         3.04754276      1.09781173      0.76003725
72    694         3.08051007      1.15590003      0.69982307
73    694         3.12903767      1.19050705      0.67465348
74    694         3.19768828      1.17543712      0.68034805
75    694         3.28258838      1.14692515      0.70541983
76    694         3.36352572      1.12877368      0.74475734
77    694         3.41392853      1.11309960      0.79112776
78    694         3.44051237      1.09204609      0.83193223
79    694         3.45945126      1.08169995      0.82977575
80    694         3.47948618      1.12096670      0.78394655
81    694         3.48623848      1.21684090      0.70415388
82    694         3.50346511      1.32403869      0.62437636
83    694         3.54171194      1.36525659      0.55898103
84    694         3.60105537      1.35644109      0.51225302
85    694         3.65922906      1.36852322      0.46636968
86    694         3.70079886      1.40440161      0.43633878
87    694         3.71743101      1.42031605      0.44813464
88    694         3.71026708      1.40428010      0.49390468
89    694         3.68351803      1.38713351      0.55363065
90    694         3.64519980      1.38285774      0.58075695
91    694         3.63376045      1.37448595      0.56331121
92    694         3.64307315      1.33829619      0.52189182
93    694         3.63984217      1.28925484      0.47907696
94    694         3.60159151      1.26690320      0.44689019
95    694         3.54341844      1.27803809      0.44725197
96    694         3.47079432      1.30448926      0.48116345
97    694         3.40452118      1.32534023      0.54612206
98    694         3.35696086      1.31777238      0.61517424
99    694         3.32611637      1.27768799      0.65625484
100   694         3.30429395      1.20668853      0.65475954
101   694         3.28210903      1.12538149      0.63316246
102   694         3.24063933      1.05838302      0.61535286
103   694         3.19335637      1.00966663      0.60948584
104   694         3.16829153      0.96027090      0.60299366
105   694         3.13037476      0.91731331      0.61435477
106   694         3.07531231      0.87242345      0.63644687
107   694         3.04153126      0.82594516      0.63560211
108   694         2.99494176      0.79089062      0.63004569
109   694         2.95047741      0.76271825      0.62128524
110   694         2.91642207      0.73408081      0.60875455
111   694         2.88311411      0.69540696      0.60971875
112   694         2.83383456      0.66214561      0.61630401
113   694         2.79203582      0.65073372      0.60881009
114   694         2.75547738      0.66290616      0.59661293
115   694         2.72943393      0.68754310      0.60196686
116   694         2.71567681      0.71359268      0.61619651
117   694         2.71196113      0.72320693      0.59036328
118   694         2.73181602      0.72083099      0.51611996
119   694         2.76790396      0.72110776      0.45271603
120   694         2.81254360      0.71207232      0.42895268
121   694         2.84993689      0.67940579      0.43031514
122   694         2.87808968      0.64718882      0.43432680
123   694         2.86937577      0.64184374      0.43837266
124   694         2.81423572      0.67340754      0.43296045
125   694         2.72173549      0.70445444      0.42260026
126   694         2.63369861      0.70029804      0.40262915
127   694         2.57933383      0.65770917      0.36575472
128   694         2.56274191      0.59543238      0.31435999
129   694         2.56889397      0.54435019      0.25441054
130   694         2.58683760      0.51754748      0.22610856
131   694         2.62596934      0.50724861      0.22709716
132   694         2.68261862      0.49872187      0.23627506
133   694         2.75113081      0.50350296      0.23369718
134   694         2.81278669      0.54476887      0.22040363
135   694         2.83228878      0.60079830      0.20297361
136   694         2.80176950      0.65547005      0.17235725
137   694         2.75383270      0.69695412      0.14333727
138   694         2.71526338      0.73075505      0.11437864
139   694         2.67899852      0.74740043      0.08828867
140   694         2.61174570      0.73146692      0.05658018
141   694         2.52529341      0.68865584      0.02079148
142   694         2.46066312      0.66717705     -0.01613736
143   694         2.39782120      0.68597449     -0.04161887
144   694         2.31550783      0.68510975     -0.05035400
145   694         2.19515520      0.64404410     -0.03240833
146   694         2.06479560      0.58598739     -0.00288766
147   694         1.94535661      0.53200472     -0.00072081
148   694         1.84073652      0.47903273     -0.03232427
149   694         1.74365016      0.41939391     -0.06476893
150   694         1.67176000      0.34514244     -0.06030065
151   694         1.67606541      0.26123144     -0.02185574
152   694         1.72308388      0.19420136      0.04732862
153   694         1.75492661      0.15559349      0.11786592
154   694         1.78350458      0.12210296      0.20148004
155   694         1.82804305      0.07674675      0.26788694
156   694         1.88275154      0.04931938      0.32025135
157   694         1.94176618      0.04474344      0.37734055
158   694         1.98535930      0.06706703      0.44231529
159   694         2.02137363      0.10403002      0.49867883
160   694         2.07101724      0.14510965      0.51100795
161   694         2.13724913      0.19339116      0.50877822
162   694         2.21517604      0.25361677      0.51676166
163   694         2.29283422      0.33083594      0.58649370
164   694         2.35710992      0.41318386      0.68501957
165   694         2.41870746      0.48344939      0.76040733
166   694         2.47358985      0.51371883      0.81635243
167   694         2.51446795      0.51218535      0.85688078
168   694         2.55847537      0.50026763      0.86562265
169   694         2.59972508      0.48547433      0.83103428
170   694         2.63065169      0.47586496      0.77437044
171   694         2.64835507      0.47945724      0.72737232
172   694         2.64268059      0.48964933      0.69929661
173   694         2.61918095      0.51170558      0.66538580
174   694         2.60139220      0.51372846      0.59934647
175   694         2.60368740      0.49666881      0.52830659
176   694         2.60098725      0.48273670      0.46776111
177   694         2.59300943      0.48569101      0.40996460
178   694         2.57874521      0.48736699      0.35368055
179   694         2.55986317      0.49784367      0.28913446
180   694         2.53079998      0.54495698      0.21684110
181   694         2.49675776      0.62548089      0.14660703
182   694         2.45526577      0.71519688      0.11524680
183   694         2.41701675      0.78138278      0.14725749
184   694         2.39197736      0.82493313      0.22030878
185   694         2.40096182      0.82094542      0.28098753
186   694         2.46792358      0.80069046      0.28104846
187   694         2.54710663      0.78914922      0.25331025
188   694         2.58933823      0.82661425      0.23778231
189   694         2.60836947      0.89962738      0.21459441
190   694         2.61476268      0.96582598      0.18578984
191   694         2.59620572      1.00536052      0.16883129
192   694         2.56020911      0.99919474      0.15551228
193   694         2.51461596      0.95251527      0.13334439
194   694         2.47476797      0.91443842      0.09028651
195   694         2.45203822      0.93106094      0.03855190
196   694         2.44834615      0.98914661     -0.00242785
197   694         2.48518165      1.04975125     -0.01263959
198   694         2.54430365      1.08666729      0.01937189
199   694         2.58216916      1.11373777      0.06425062
200   694         2.59699230      1.13385195      0.09760279
201   694         2.61681058      1.15067467      0.11927740
202   694         2.63068715      1.17349815      0.13883915
203   694         2.63011855      1.22015366      0.13368532
204   694         2.61461519      1.26797738      0.12722446
205   694         2.60362086      1.30391854      0.11899383
206   694         2.58260560      1.35085596      0.11185488
207   694         2.55584108      1.40598392      0.11103996
208   694         2.54314793      1.44322960      0.12177081
209   694         2.54719073      1.45113332      0.13472135
210   694         2.54782931      1.45546296      0.15134424
211   694         2.55028263      1.48496476      0.18713940
212   694         2.55820408      1.54804568      0.24879011
213   694         2.56841344      1.62410959      0.32684827
214   694         2.56740810      1.70688022      0.38818875
215   694         2.55031491      1.78915238      0.42463620
216   694         2.52656699      1.86878690      0.45135307
217   694         2.49074452      1.93797722      0.47556283
218   694         2.45149011      1.99264600      0.49955342
219   694         2.42667156      2.05189393      0.52288864
220   694         2.43222712      2.11133962      0.51609400
221   694         2.45988925      2.16808511      0.46493179
222   694         2.49987481      2.21746684      0.39866688
223   694         2.53801430      2.26504211      0.36534316
224   694         2.57345832      2.30509192      0.38758480
225   694         2.61014513      2.35804562      0.45186398
226   694         2.61316087      2.40858527      0.50134768
227   694         2.56920819      2.44812317      0.50403129
228   694         2.48144540      2.49959370      0.49920915
229   694         2.37815360      2.55556896      0.51634170
230   694         2.28310750      2.60649164      0.53651006
231   694         2.22022308      2.63806563      0.53543009
232   694         2.19053266      2.67118706      0.51341032
233   694         2.20539361      2.72935929      0.48038537
234   694         2.27005233      2.79886357      0.46584315
235   694         2.34949638      2.84956620      0.49421419
236   694         2.40980182      2.87506267      0.56900069
237   694         2.40316260      2.87277935      0.64162162
238   694         2.32310481      2.84909102      0.68329454
239   694         2.22219788      2.81129025      0.68910690
240   694         2.15349201      2.79226013      0.67451738
241   694         2.13465383      2.82641569      0.64406895
242   694         2.14861860      2.88318444      0.60809053
243   694         2.19571539      2.92811314      0.57617197
244   694         2.27053052      2.96184184      0.54056892
245   694         2.37341418      2.99876742      0.50389325
246   694         2.48481286      3.01878950      0.47934060
247   694         2.56562538      3.01757234      0.47114900
248   694         2.57792356      3.00902238      0.45384592
249   694         2.53568048      3.00627823      0.41405464
250   694         2.50180294      3.03000303      0.36584363
251   694         2.49750200      3.07260374      0.33464484
252   694         2.48876374      3.11846077      0.32692134
253   694         2.47110041      3.14162254      0.32030380
254   694         2.48017998      3.14276305      0.28909005
255   694         2.49841643      3.13077306      0.23883479
256   694         2.50797680      3.09566718      0.18027088
257   694         2.51932162      3.05292331      0.12800977
258   694         2.54041413      3.03409667      0.07193353
259   694         2.54367816      3.06825894      0.01955818
260   694         2.52774105      3.15645575      0.01237380
261   694         2.49356012      3.24359493      0.04201872
262   694         2.42587992      3.27046718      0.04654506
263   694         2.32454813      3.24107151      0.04005318
264   694         2.22239305      3.21819535      0.07188678
265   694         2.18217373      3.24699346      0.15315061
266   694         2.19078014      3.28568398      0.24716215
267   694         2.21200931      3.32841437      0.32315645
268   694         2.23921615      3.36609010      0.35480173
269   694         2.26189210      3.38697663      0.34766272
270   694         2.28147837      3.37725766      0.32830239
271   694         2.30867505      3.34158800      0.30429067
272   694         2.33991220      3.29969662      0.25548784
273   694         2.36946171      3.25761354      0.16458624
274   694         2.38038408      3.22065839      0.07736110
275   694         2.36287814      3.21446293      0.03389581
276   694         2.31749480      3.25358254      0.04024857
277   694         2.26552222      3.32087545      0.06751582
278   694         2.24957092      3.38864742      0.07942856
279   694         2.30011272      3.44084088      0.04612438
280   694         2.42462614      3.48155896     -0.00673907
281   694         2.58192917      3.49896557     -0.03383164
282   694         2.71440682      3.50655440     -0.02388216
283   694         2.79289348      3.54189301      0.00033604
284   694         2.82317255      3.60713019      0.00194026
285   694         2.83227863      3.67364060     -0.01540492
286   694         2.84741449      3.71931555     -0.02893095
287   694         2.85307917      3.73593038     -0.05838276
288   694         2.85279615      3.71640952     -0.11752980
289   694         2.85230987      3.67835279     -0.19705270
290   694         2.88655734      3.65162167     -0.24405832
291   694         2.98689771      3.64434789     -0.21899926
292   694         3.09378081      3.64568700     -0.14101426
293   694         3.17263910      3.65545305     -0.07669789
294   694         3.24477126      3.67768883     -0.05263212
295   694         3.31014556      3.67076200     -0.04765393
296   694         3.35667662      3.64843819     -0.04901817
297   694         3.39177157      3.63191222     -0.04779060
298   694         3.41017243      3.62088133     -0.03269022
299   694         3.40416090      3.63031521     -0.01681551
300   694         3.38628541      3.66351811      0.00563646
301   694         3.36845842      3.70056766      0.03358735
302   694         3.36018233      3.69901878      0.06247411
303   694         3.38305199      3.66860668      0.08599062
304   694         3.43129231      3.66622699      0.06559102
305   694         3.47845095      3.70972544     -0.00699780
306   694         3.49850480      3.74542941     -0.10119159
307   694         3.48542554      3.73398282     -0.18236420
308   694         3.41736756      3.71108093     -0.24474043
309   694         3.31848090      3.69182420     -0.27697812
310   694         3.23595967      3.67048030     -0.30025144
311   694         3.17875151      3.63893161     -0.31053869
312   694         3.12942872      3.61005265     -0.29956808
313   694         3.10523954      3.60547576     -0.26743511
314   694         3.10906773      3.61841125     -0.25752700
315   694         3.13134979      3.63262856     -0.30050513
316   694         3.17232553      3.63836751     -0.37860111
317   694         3.21687349      3.64768044     -0.46766705
318   694         3.26127450      3.65923167     -0.55485139
319   694         3.29309399      3.66865644     -0.64456371
320   694         3.30411195      3.67002509     -0.72212315
321   694         3.28096272      3.65956678     -0.78853315
322   694         3.22910002      3.63617687     -0.83761583
323   694         3.17035647      3.61576049     -0.86445932
324   694         3.11509626      3.60875249     -0.86135750
325   694         3.07266765      3.59780220     -0.85181126
326   694         3.05407488      3.56907760     -0.83737176
327   694         3.07082007      3.53215463     -0.81102469
328   694         3.11791330      3.50844969     -0.78006905
329   694         3.20505638      3.50688082     -0.74276672
330   694         3.30772732      3.50830793     -0.69655932
331   694         3.41246338      3.49779333     -0.67158628
332   694         3.52471409      3.45458040     -0.71950380
333   694         3.64586837      3.38027800     -0.81141795
334   694         3.73180531      3.31760592     -0.89267082
335   694         3.75846147      3.29042835     -0.94972602
336   694         3.75979475      3.27566468     -0.96260873
337   694         3.75401623      3.25717720     -0.95637366
338   694         3.72890113      3.25295547     -0.92902038
339   694         3.69588254      3.27262148     -0.88406357
340   694         3.69549319      3.32389685     -0.85362966
341   694         3.72979473      3.38678369     -0.86272701
342   694         3.77932626      3.44824774     -0.89914112
343   694         3.81699254      3.49929452     -0.94975038
344   694         3.83904494      3.51741502     -0.96552918
345   694         3.83260155      3.49856385     -0.94681930
346   694         3.79810187      3.46672991     -0.90599644
347   694         3.74453375      3.43260819     -0.87963218
348   694         3.70099743      3.40740733     -0.87258003
349   694         3.68137585      3.39958621     -0.86694484
350   694         3.68568191      3.40921848     -0.85883213
351   694         3.70111195      3.44004747     -0.83991617
352   694         3.70711857      3.49062142     -0.82872095
353   694         3.70217315      3.54352970     -0.82958777
354   694         3.67528588      3.58094379     -0.84246422
355   694         3.63253735      3.60710053     -0.84093198
356   694         3.57208613      3.62010509     -0.83080089
357   694         3.50119739      3.60728549     -0.81451579
358   694         3.42051199      3.56855250     -0.81365973
359   694         3.35396119      3.52552644     -0.84711121
360   694         3.31341292      3.50991512     -0.90712645
361   694         3.28302142      3.53295545     -0.95200715
362   694         3.24793355      3.57271679     -0.92360682
363   694         3.21898780      3.61511417     -0.83686965
364   694         3.20035805      3.66470434     -0.73585933
365   694         3.19042021      3.71993029     -0.68444690
366   694         3.19724513      3.76772033     -0.68319577
367   694         3.21505738      3.80402814     -0.68941620
368   694         3.22995573      3.83939416     -0.67769470
369   694         3.22743093      3.86047225     -0.65318852
370   694         3.20868939      3.88316908     -0.62371345
371   694         3.20753321      3.91735802     -0.59198476
372   694         3.26396031      3.95534768     -0.58114254
373   694         3.36600038      3.99247177     -0.57498835
374   694         3.46602165      4.03135573     -0.53794064
375   694         3.53805373      4.05625104     -0.45962199
376   694         3.57828789      4.04422634     -0.38087469
377   694         3.60017620      4.02257851     -0.32998658
378   694         3.62916485      3.98022591     -0.31757422
379   694         3.67649285      3.91953659     -0.29097166
380   694         3.72886521      3.86730435     -0.24910450
381   694         3.79225670      3.84920241     -0.20883467
382   694         3.85189257      3.86270685     -0.17563095
383   694         3.88678336      3.89717941     -0.14244839
384   694         3.89107804      3.93016115     -0.10541744
385   694         3.89227986      3.96854984     -0.06259219
386   694         3.91114969      3.99967731     -0.01285181
387   694         3.93380505      4.03655555      0.04408673
388   694         3.94661246      4.09488811      0.09366314
389   694         3.93444314      4.16581732      0.12354340
390   694         3.90192386      4.23446646      0.13553780
391   694         3.86931589      4.29389558      0.13662331
392   694         3.88449383      4.35745081      0.14718760
393   694         3.97224066      4.42663989      0.17751559
394   694         4.10078615      4.50550734      0.21501399
395   694         4.18717824      4.59759658      0.24476300
396   694         4.20916657      4.72343587      0.27654817
397   694         4.18970141      4.87505506      0.31659405
398   694         4.16881630      5.00767873      0.36727445
399   694         4.15555067      5.08570094      0.41800253
400   694         4.15287736      5.12311913      0.46016027
401   694         4.16141891      5.13271364      0.49938403
402   694         4.19281699      5.13869344      0.54643777
403   694         4.22368945      5.16656437      0.62132177
404   694         4.19910786      5.22456207      0.70560597
405   694         4.12360822      5.30549448      0.76596543
406   694         4.04225542      5.37545330      0.77398662
407   694         4.00738305      5.43173460      0.74166534
408   694         4.00059935      5.49641203      0.72000417
409   694         4.00159844      5.56605939      0.73255164
410   694         4.00422215      5.62347278      0.76495330
411   694         4.00264013      5.66306638      0.79435429
412   694         3.97766570      5.68434789      0.82703174
413   694         3.92713120      5.67869846      0.87812142
414   694         3.88808670      5.65999062      0.92946929
415   694         3.88501556      5.63738763      0.93951505
416   694         3.92020316      5.60503666      0.90148000
417   694         3.95971714      5.57021538      0.85407557
418   694         3.97157517      5.54957203      0.85732385
419   694         3.95817348      5.56791797      0.88701777
420   694         3.92986923      5.62434445      0.89933644
421   694         3.89203467      5.66984214      0.89725104
422   694         3.84350799      5.68757013      0.88536208
423   694         3.78551988      5.69555344      0.85039617
424   694         3.72838702      5.71602161      0.82570006
425   694         3.67393344      5.75863008      0.82426197
426   694         3.62286705      5.80232611      0.83895470
427   694         3.56397730      5.83303301      0.82749390
428   694         3.48613062      5.83593279      0.78417977
429   694         3.42365319      5.80652611      0.73091270
430   694         3.40096452      5.75039368      0.67486656
431   694         3.39799125      5.71354340      0.60175762
432   694         3.38061499      5.72404651      0.50433782
433   694         3.34858403      5.76668232      0.40246964
434   694         3.30986356      5.80582018      0.31141990
435   694         3.27353631      5.84883346      0.26246330
436   694         3.24086183      5.91234002      0.23690415
437   694         3.19866453      6.00715431      0.21754763
438   694         3.14839964      6.11712574      0.20014503
439   694         3.10694459      6.19758217      0.19309500
440   694         3.08543714      6.23795830      0.20895787
441   694         3.08436877      6.26045267      0.24359776
442   694         3.09854088      6.26906009      0.28349292
443   694         3.10409575      6.27336200      0.28715932
444   694         3.08880646      6.29757695      0.25821729
445   694         3.06303764      6.33630541      0.23191234
446   694         3.02951848      6.37919256      0.22336535
447   694         2.97119125      6.40468071      0.24633297
448   694         2.89744717      6.41300366      0.30442676
449   694         2.85807376      6.41455266      0.38343683
450   694         2.85741607      6.42866185      0.47251160
451   694         2.88428684      6.44551552      0.55912752
452   694         2.92382319      6.46889755      0.62853516
453   694         2.97112335      6.50996606      0.68680373
454   694         3.00085627      6.54947561      0.74484071
455   694         2.99854867      6.58163888      0.79156697
456   694         2.99293732      6.59817699      0.83501659
457   694         2.98517556      6.62261998      0.86187761
458   694         2.97415674      6.67161622      0.87725080
459   694         2.96578814      6.71089667      0.89497614
460   694         2.96903806      6.70141063      0.90905220
461   694         2.98345423      6.66229210      0.90068433
462   694         3.01825583      6.62701267      0.88174000
463   694         3.06531205      6.59088399      0.88095507
464   694         3.11203431      6.54793941      0.87598144
465   694         3.14120250      6.48966572      0.85751456
466   694         3.15253383      6.43104415      0.82069087
467   694         3.16529457      6.37353609      0.78424949
468   694         3.16980889      6.32335432      0.74155884
469   694         3.16438798      6.27077098      0.70140053
470   694         3.15709675      6.22773355      0.67619349
471   694         3.16955758      6.20267332      0.64424323
472   694         3.18960319      6.19580269      0.62121554
473   694         3.18710710      6.19902759      0.62150900
474   694         3.17911199      6.21043062      0.64016423
475   694         3.18711350      6.21351492      0.64149295
476   694         3.21679340      6.17638389      0.62735395
477   694         3.25634395      6.10243724      0.57785044
478   694         3.27750685      6.03642880      0.53989866
479   694         3.27632698      6.00392700      0.52340622
480   694         3.25974574      5.99814913      0.51075569
481   694         3.22532999      5.99653210      0.49803308
482   694         3.19401259      6.00027056      0.47681673
483   694         3.18850161      6.00959517      0.46842169
484   694         3.20054691      6.02469328      0.49217175
485   694         3.20765150      6.04713393      0.53453703
486   694         3.20926710      6.06873158      0.56344189
487   694         3.19516755      6.10018596      0.57205962
488   694         3.15548868      6.15110031      0.57283993
489   694         3.08091637      6.22607755      0.58421157
490   694         2.99257961      6.29627976      0.61666617
491   694         2.92335825      6.34074655      0.64938595
492   694         2.89898336      6.34877578      0.66380257
493   694         2.90401575      6.33441571      0.67146117
494   694         2.91570817      6.31418912      0.69189453
495   694         2.92191819      6.30255211      0.72422905
496   694         2.91604275      6.31009503      0.73668594
497   694         2.87037616      6.33747660      0.73735474
498   694         2.80247009      6.35475244      0.73627654
499   694         2.73171763      6.35785982      0.74613972
500   694         2.65279948      6.35805185      0.78304200
501   694         2.57162348      6.34466118      0.82154138
502   694         2.52442508      6.30869278      0.83220866
503   694         2.52207482      6.23370991      0.83168668
504   694         2.54887407      6.16757794      0.83264629
505   694         2.58933127      6.14870347      0.83319336
506   694         2.62943905      6.18351524      0.83163402
507   694         2.65585098      6.24927353      0.83213977
508   694         2.64225810      6.33001284      0.84688612
509   694         2.60680391      6.40149448      0.89063826
510   694         2.57054320      6.45062249      0.95113129
511   694         2.53702385      6.46754598      1.01317224
512   694         2.50962276      6.45626270      1.07333586
513   694         2.48771670      6.44018629      1.12336576
514   694         2.47422386      6.42041170      1.18704000
515   694         2.48303221      6.41712200      1.25337964
516   694         2.51689649      6.42618283      1.30871936
517   694         2.56440510      6.45336445      1.36293750
518   694         2.59555216      6.49667230      1.40340649
519   694         2.59543463      6.52354456      1.42616828
520   694         2.57687618      6.52025806      1.42903797
521   694         2.56003276      6.50065682      1.43304341
522   694         2.52811163      6.48263330      1.44000601
523   694         2.46579877      6.47788833      1.44965803
524   694         2.40120794      6.51481766      1.48250205
525   694         2.36352719      6.59862166      1.52213945
526   694         2.34466334      6.69991745      1.54605902
527   694         2.33134601      6.79592121      1.52408162
528   694         2.35807751      6.85242621      1.47838825
529   694         2.41336065      6.84547364      1.43069337
530   694         2.47760707      6.80160455      1.39691103
531   694         2.52212616      6.77863359      1.39839143
532   694         2.55446792      6.80040418      1.42570340
533   694         2.57345561      6.85288500      1.45258376
534   694         2.58967780      6.91265976      1.47246469
535   694         2.60801991      6.96040004      1.49942551
536   694         2.62074742      7.00293271      1.51558211
537   694         2.62305546      7.04327218      1.51768596
538   694         2.62458619      7.06056367      1.51046281
539   694         2.64469131      7.05069077      1.49537680
540   694         2.65531598      7.03669090      1.46002087
541   694         2.64883506      7.04216525      1.41102133
542   694         2.61963198      7.07056933      1.38276495
543   694         2.56139260      7.11173280      1.39115517
544   694         2.48952075      7.14849042      1.43565047
545   694         2.44691529      7.16611578      1.49794414
546   694         2.43555620      7.15338795      1.53558896
547   694         2.44517334      7.11338197      1.53651947
548   694         2.45815623      7.06085539      1.51709769
549   694         2.44822750      7.03517834      1.49177197
550   694         2.41496071      7.04922887      1.45974621
551   694         2.35898448      7.07337771      1.41578373
552   694         2.30374781      7.08778683      1.35684918
553   694         2.24929524      7.10509111      1.29434376
554   694         2.19400278      7.13314621      1.24978053
555   694         2.13511305      7.15872890      1.24625610
556   694         2.08560965      7.18849035      1.26768263
557   694         2.06908639      7.21287635      1.25084350
558   694         2.09583480      7.22598190      1.17606284
559   694         2.11247758      7.21858363      1.08037330
560   694         2.10647368      7.23565196      1.02465315
561   694         2.08553570      7.28525023      0.99140775
562   694         2.05909294      7.34613065      0.96051095
563   694         2.02080810      7.41618457      0.92431799
564   694         1.96909950      7.46878123      0.88714941
565   694         1.92414301      7.46614095      0.85208994
566   694         1.89057205      7.42849580      0.82868277
567   694         1.87052714      7.41133774      0.82081237
568   694         1.85332627      7.41014913      0.83179778
569   694         1.85467336      7.38613745      0.85897758
570   694         1.85153535      7.34266527      0.87563740
571   694         1.84044169      7.30655982      0.88015330
572   694         1.84514227      7.29029452      0.89260376
573   694         1.87259686      7.27986885      0.91838796
574   694         1.89633796      7.28084432      0.93052703
575   694         1.89819394      7.28724263      0.92699258
576   694         1.91247766      7.28200142      0.92112399
577   694         1.95158406      7.28103686      0.91726103
578   694         2.00901987      7.30617930      0.90086610
579   694         2.05024360      7.34125375      0.85839718
580   694         2.09452392      7.36160059      0.81311626
581   694         2.14227216      7.37565675      0.77306823
582   694         2.19370031      7.41390880      0.74010363
583   694         2.24154053      7.47366338      0.71982297
584   694         2.31097630      7.53183703      0.72945730
585   694         2.40494889      7.57291402      0.75555498
586   694         2.47968109      7.59644680      0.79142874
587   694         2.52235571      7.62156093      0.84190555
588   694         2.51761286      7.64023593      0.89722272
589   694         2.48747267      7.64111500      0.93900258
590   694         2.47274820      7.65134175      0.96233984
591   694         2.46902932      7.69944167      0.97384129
592   694         2.46532663      7.78074107      0.98608523
593   694         2.45803983      7.84371993      0.98889113
594   694         2.45425576      7.86583050      0.97573092
595   694         2.44954406      7.83406916      0.97716091
596   694         2.43902517      7.79447590      1.01062042
597   694         2.43244578      7.77740346      1.06370513
598   694         2.44425725      7.78959553      1.12242105
599   694         2.45870133      7.81335843      1.18042617
600   694         2.46413600      7.84335318      1.23011212
601   694         2.46042802      7.89123938      1.26764406
602   694         2.45052955      7.95933932      1.28999018
603   694         2.43726430      8.04138001      1.28739044
604   694         2.42342375      8.10591449      1.25212117
605   694         2.41724901      8.14821878      1.20411146
606   694         2.40978470      8.18155311      1.15527653
607   694         2.38673222      8.22355147      1.11950729
608   694         2.35283458      8.26309239      1.09394196
609   694         2.32369053      8.28913035      1.06664108
610   694         2.30093168      8.32358385      1.03471957
611   694         2.27395309      8.37099634      1.00136596
612   694         2.24990340      8.40652249      0.96426745
613   694         2.23209229      8.40764156      0.91891564
614   694         2.20568744      8.39554470      0.87357621
615   694         2.17531914      8.38477414      0.83351243
616   694         2.17388600      8.38259533      0.79596618
617   694         2.19861414      8.38992663      0.74238911
618   694         2.20535427      8.39655848      0.67493171
619   694         2.18190517      8.40099783      0.61032389
620   694         2.15290903      8.39455818      0.55772263
621   694         2.14304199      8.38406457      0.51502591
622   694         2.14753200      8.38538740      0.47150070
623   694         2.14966977      8.40761877      0.42847450
624   694         2.13933399      8.44493979      0.40177621
625   694         2.12843507      8.46223855      0.40448804
626   694         2.12278676      8.45986907      0.41095136
627   694         2.12387007      8.44230688      0.39519618
628   694         2.13093707      8.41818096      0.36896893
629   694         2.12217112      8.37145203      0.33563698
630   694         2.09693376      8.30652728      0.28913337
631   694         2.06208634      8.24130581      0.24244084
632   694         2.06017358      8.19862697      0.19949700
633   694         2.11889370      8.18917829      0.13734332
634   694         2.20496876      8.20275184      0.04305970
635   694         2.26035451      8.22390262     -0.04610505
636   694         2.27218019      8.22446001     -0.09676053
637   694         2.27316959      8.19404745     -0.11709694
638   694         2.27872187      8.13851496     -0.09600330
639   694         2.29000831      8.08979122     -0.03676054
640   694         2.31730335      8.06241548      0.02429881
641   694         2.35587560      8.03682636      0.04978837
642   694         2.37155558      8.00098561      0.03911301
643   694         2.35903583      7.97337867     -0.00187520
644   694         2.35463587      7.99195898     -0.06412917
645   694         2.37465758      8.04413116     -0.11499367
646   694         2.41724100      8.08683794     -0.12528773
647   694         2.43342874      8.07701148     -0.10450660
648   694         2.38876065      8.02322409     -0.08274837
649   694         2.31872205      7.96873306     -0.07797450
650   694         2.28379528      7.93183533     -0.07461678
651   694         2.28723585      7.91267480     -0.07228708
652   694         2.30488456      7.88543007     -0.05849125
653   694         2.34095949      7.85582811     -0.03483533
654   694         2.40070372      7.85694234      0.00733725
655   694         2.44872676      7.89771599      0.05797611
656   694         2.42802649      7.93645501      0.11141725
657   694         2.35599580      7.94167233      0.15793499
658   694         2.29615858      7.91545793      0.18833222
659   694         2.27264005      7.87310065      0.20644888
660   694         2.27477472      7.82431529      0.22631680
661   694         2.27245831      7.78452691      0.24266751
662   694         2.28010764      7.77740198      0.25257853
663   694         2.30203330      7.79310359      0.26870119
664   694         2.30626858      7.80918657      0.27168977
665   694         2.28520321      7.79584334      0.27300625
666   694         2.26587730      7.76092634      0.30494654
667   694         2.26043742      7.70757622      0.36478840
668   694         2.26004599      7.66069023      0.42127882
669   694         2.25122767      7.63665869      0.48563403
670   694         2.25263658      7.63137920      0.55262720
671   694         2.28524644      7.63619526      0.61343353
672   694         2.31632317      7.62737901      0.65297122
673   694         2.32278304      7.60952248      0.68407767
674   694         2.30187966      7.57571045      0.72055267
675   694         2.29053796      7.54583134      0.73867844
676   694         2.29484395      7.53013632      0.72456084
677   694         2.31105090      7.52144786      0.69039169
678   694         2.31379129      7.52836677      0.67433505
679   694         2.30351567      7.55084517      0.66605589
680   694         2.28496800      7.59105886      0.67195605
681   694         2.28339901      7.62709747      0.69619133
682   694         2.28653624      7.63748678      0.73178793
683   694         2.28228118      7.61548463      0.77452263
684   694         2.26219578      7.58151124      0.82118585
685   694         2.22878372      7.55025113      0.87473400
686   694         2.21046287      7.50803426      0.90654217
687   694         2.20712135      7.45477165      0.92554314
688   694         2.22312662      7.40059044      0.92868087
689   694         2.26117555      7.35208906      0.93165724
690   694         2.32505934      7.32627200      0.92219525
691   694         2.38870228      7.31783115      0.91782996
692   694         2.42398843      7.32021565      0.93561595
693   694         2.43206730      7.32357038      0.96567675
694   694         2.44317592      7.31525861      0.99932818
695   694         2.47410752      7.27683911      1.02384534
696   694         2.52627252      7.21151288      1.06140638
697   694         2.58279078      7.15687429      1.11426058
698   694         2.60046515      7.14551265      1.19189804
699   694         2.58166933      7.20002641      1.28080787
700   694         2.56314370      7.26178834      1.35420351
701   694         2.59299336      7.30017031      1.38383112
702   694         2.66189406      7.32481291      1.36865928
703   694         2.71218515      7.34639362      1.34941496
704   694         2.70352787      7.36943941      1.33506463
705   694         2.65304822      7.39138052      1.34683220
706   694         2.57583493      7.41043856      1.36561066
707   694         2.53055819      7.37825895      1.38460901
708   694         2.57334839      7.29303358      1.39725648
709   694         2.66232019      7.18907956      1.41492093
710   694         2.76201616      7.10953090      1.41451835
711   694         2.84566108      7.08510424      1.35817593
712   694         2.92085828      7.11857067      1.26205864
713   694         2.96718336      7.17595780      1.15684929
714   694         2.99265591      7.22587459      1.10409062
715   694         2.99660137      7.22965309      1.09785747
716   694         3.01713964      7.19563690      1.09913884
717   694         3.05846760      7.16081312      1.09093408
718   694         3.10609463      7.12754964      1.09140581
719   694         3.14006010      7.08685592      1.09139339
720   694         3.16638838      7.05196686      1.07999171
721   694         3.18574427      7.07375134      1.04077786
722   694         3.18724076      7.16262023      0.99930716
723   694         3.18321677      7.27065339      0.98411003
724   694         3.18470519      7.35534836      1.00813364
725   694         3.19242893      7.41609142      1.04536894
726   694         3.20578000      7.42741423      1.08680977
727   694         3.20789957      7.39669779      1.11400353
728   694         3.23021799      7.34707875      1.13498353
729   694         3.25259218      7.32390340      1.15767426
730   694         3.27691487      7.30889051      1.17628870
731   694         3.32045667      7.29771548      1.16777621
732   694         3.38873031      7.29672361      1.13965718
733   694         3.44471015      7.30271499      1.11517758
734   694         3.46119031      7.28913597      1.09697742
735   694         3.46778501      7.26274277      1.09100167
736   694         3.48608982      7.25290870      1.11348139
737   694         3.49132212      7.26169280      1.14561234
738   694         3.47533199      7.25417544      1.14898859
739   694         3.45645015      7.20600861      1.12493866
740   694         3.46091938      7.12774615      1.10648834
741   694         3.47467727      7.07453497      1.08967631
742   694         3.49311471      7.06646979      1.08642913
743   694         3.51724073      7.06246670      1.07987067
744   694         3.58311233      7.05184380      1.08247104
745   694         3.67062699      7.02609721      1.09772304
746   694         3.74453239      7.00585787      1.11873413
747   694         3.78193993      7.01471737      1.14171275
748   694         3.79279562      7.02705835      1.17087486
749   694         3.82288498      7.02755241      1.21410916
750   694         3.83639342      7.00761609      1.26978822
751   694         3.81527196      6.98424969      1.31349461
752   694         3.77352094      6.94923362      1.34375995
753   694         3.77165040      6.93330428      1.36587784
754   694         3.78659295      6.95982345      1.39391848
755   694         3.80382602      7.03395421      1.42362581
756   694         3.82726356      7.10440071      1.45836346
757   694         3.86125185      7.15992665      1.49742193
758   694         3.89668370      7.23746343      1.53760124
759   694         3.91359187      7.31466149      1.56501788
760   694         3.93867603      7.36997445      1.56249468
761   694         3.99481097      7.40586163      1.54981708
762   694         4.07579653      7.44154751      1.51269457
763   694         4.17426580      7.47093055      1.46921015
764   694         4.30053091      7.49037781      1.43016530
765   694         4.42589900      7.52018468      1.39125342
766   694         4.51271665      7.54781364      1.37188996
767   694         4.54884583      7.56615271      1.35804028
768   694         4.53790234      7.58686839      1.35194154
769   694         4.52347387      7.60632658      1.35159854
770   694         4.53101627      7.61311567      1.38264261
771   694         4.56656845      7.60388296      1.42914585
772   694         4.61917675      7.58832887      1.47349904
773   694         4.66871688      7.58417509      1.50187149
774   694         4.71463053      7.58738935      1.50072725
775   694         4.75799562      7.58518144      1.46794840
776   694         4.78754002      7.59229431      1.42669227
777   694         4.79912250      7.61130844      1.38753541
778   694         4.79605913      7.64721374      1.36422571
779   694         4.79536074      7.68652731      1.35875253
780   694         4.81773555      7.72750326      1.36977524
781   694         4.85224390      7.77626937      1.40090207
782   694         4.88085227      7.83099199      1.43577781
783   694         4.89412138      7.91319523      1.47210799
784   694         4.90728748      8.01943241      1.49800964
785   694         4.91467673      8.13692517      1.49770750
786   694         4.93341590      8.23921367      1.49923592
787   694         4.96615916      8.30756902      1.50793643
788   694         4.98921903      8.34989509      1.50749109
789   694         5.00795255      8.39321376      1.49496031
790   694         5.04902885      8.44986143      1.48275540
791   694         5.10943622      8.51907639      1.47443160
792   694         5.15815086      8.59187088      1.47507211
793   694         5.19201047      8.64462626      1.47835828
794   694         5.21558483      8.67025753      1.47450344
795   694         5.24186417      8.67985194      1.45984166
796   694         5.29156238      8.68532587      1.44579421
797   694         5.34732768      8.66788315      1.45982674
798   694         5.39588762      8.64251995      1.51195112
799   694         5.43022578      8.60985784      1.58363258
800   694         5.43683537      8.57892270      1.65932571
801   694         5.40373603      8.55718674      1.74241255
802   694         5.34431035      8.53349442      1.84095110
803   694         5.27571807      8.50325038      1.93327903
804   694         5.21968768      8.45991669      1.99639267
805   694         5.18446288      8.40442037      2.03260745
806   694         5.18391448      8.35299797      2.05240208
807   694         5.22987465      8.32243906      2.05820879
808   694         5.29433030      8.32023783      2.04475366
809   694         5.35029980      8.33756346      2.01631980
810   694         5.40516120      8.36846619      1.99925800
811   694         5.44875316      8.40229430      2.00286106
812   694         5.45344300      8.40545562      2.02658687
813   694         5.45386807      8.39658902      2.07858159
814   694         5.45859963      8.39317753      2.13620392
815   694         5.45332239      8.41386663      2.16376960
816   694         5.42627006      8.44680839      2.18423309
817   694         5.41507181      8.47716136      2.22536818
818   694         5.43370632      8.51370327      2.27520922
819   694         5.48271990      8.56537043      2.28953997
820   694         5.56630593      8.61508250      2.26364720
821   694         5.67535606      8.63951314      2.21596465
822   694         5.77341771      8.66255209      2.16379784
823   694         5.83107062      8.69313640      2.13806626
824   694         5.83744686      8.71558095      2.15164791
825   694         5.79694007      8.74279769      2.18586989
826   694         5.74836152      8.78781613      2.21976126
827   694         5.71750060      8.83139227      2.25519668
828   694         5.70950109      8.86812186      2.29320618
829   694         5.72530225      8.89799008      2.32903764
830   694         5.76239232      8.92902343      2.35582790
831   694         5.82345929      8.94719787      2.34065572
832   694         5.91402264      8.93552600      2.27649405
833   694         6.01280813      8.90941122      2.20821503
834   694         6.05710453      8.87551680      2.15675643
835   694         6.03140081      8.86564446      2.13721114
836   694         5.98647165      8.87115075      2.15833728
837   694         5.96407380      8.87295627      2.19732365
838   694         5.95243115      8.87694868      2.22021401
839   694         5.94867187      8.89238129      2.22056595
840   694         5.96597104      8.91698477      2.22888452
841   694         5.98863336      8.95247495      2.24687778
842   694         6.02305771      8.98524433      2.25972231
843   694         6.05879467      9.00518444      2.25169816
844   694         6.10487773      9.00020429      2.20465393
845   694         6.15656519      8.94743169      2.12289953
846   694         6.20281701      8.85152905      2.02829410
847   694         6.23887843      8.73699578      1.95188987
848   694         6.24568703      8.61528189      1.90317366
849   694         6.23247743      8.50573207      1.88961069
850   694         6.23592684      8.39769810      1.88760763
851   694         6.25704148      8.31153618      1.87605989
852   694         6.26923416      8.27884868      1.84929474
853   694         6.27136741      8.29614097      1.80932092
854   694         6.28749720      8.32109821      1.74691311
855   694         6.32660403      8.31918186      1.67432970
856   694         6.37640744      8.30138300      1.61797513
857   694         6.42876459      8.28010899      1.60169612
858   694         6.46503510      8.25145334      1.62551047
859   694         6.47710354      8.21505313      1.64533755
860   694         6.46959326      8.18740401      1.61322845
861   694         6.45091953      8.18595844      1.55109592
862   694         6.44207104      8.20112274      1.49883612
863   694         6.45913987      8.21676975      1.47455345
864   694         6.49509563      8.23842268      1.47972517
865   694         6.54505672      8.27558199      1.48535728
866   694         6.61936227      8.31734853      1.47618921
867   694         6.70426036      8.35443133      1.45107285
868   694         6.76627356      8.37741682      1.41400412
869   694         6.77574806      8.37361044      1.39385422
870   694         6.74350344      8.37941115      1.39913569
871   694         6.67768896      8.42025356      1.41043715
872   694         6.59247341      8.50125306      1.39970068
873   694         6.51188368      8.58904671      1.38121437
874   694         6.46643513      8.64858820      1.37880487
875   694         6.45603994      8.67865029      1.40385492
876   694         6.45494863      8.70319463      1.42366900
877   694         6.46638527      8.73563706      1.40625896
878   694         6.47629892      8.75468491      1.37037420
879   694         6.47156234      8.76670762      1.34901679
880   694         6.42533069      8.77350890      1.32881305
881   694         6.36264632      8.78907234      1.30002011
882   694         6.30359163      8.81770106      1.28155316
883   694         6.26542095      8.87295957      1.27844301
884   694         6.22717151      8.92669047      1.27614056
885   694         6.17641573      8.93109530      1.27637450
886   694         6.14507294      8.88181238      1.28674907
887   694         6.14674667      8.80315463      1.30159495
888   694         6.15952701      8.72242921      1.28099688
889   694         6.13775790      8.66735606      1.24072197
890   694         6.06708784      8.66238297      1.23565569
891   694         5.96495874      8.66633545      1.25957238
892   694         5.86359797      8.62791536      1.27966814
893   694         5.78793295      8.56693708      1.28779357
894   694         5.75877916      8.50196615      1.31665000
895   694         5.76699828      8.43951294      1.36801780
896   694         5.77679994      8.36153403      1.41054195
897   694         5.77782133      8.26059906      1.42641725
898   694         5.76771789      8.15527634      1.40705913
899   694         5.75226995      8.06548155      1.38220255
900   694         5.73783081      7.99260294      1.38124929
901   694         5.71441832      7.92633347      1.39460605
902   694         5.66882045      7.88611255      1.39837408
903   694         5.61423964      7.86227181      1.39315043
904   694         5.58685607      7.83790427      1.38881159
905   694         5.60081813      7.82087510      1.40456037
906   694         5.63417856      7.79215538      1.44549370
907   694         5.65347324      7.74603232      1.44707710
908   694         5.64946091      7.67756749      1.38879595
909   694         5.63484938      7.61818640      1.31525117
910   694         5.63859894      7.58380857      1.26405114
911   694         5.65981875      7.55461785      1.24596393
912   694         5.66316977      7.51055004      1.24847731
913   694         5.63201691      7.48515899      1.25980450
914   694         5.58829951      7.48213286      1.27090235
915   694         5.56607662      7.49049253      1.26462386
916   694         5.58776073      7.49510745      1.23636725
917   694         5.64910556      7.49086216      1.20481327
918   694         5.70689645      7.46905136      1.18822244
919   694         5.73597697      7.43217380      1.19156745
920   694         5.74363119      7.40510463      1.20142533
921   694         5.76039146      7.38842856      1.20227111
922   694         5.78028471      7.38613658      1.19365815
923   694         5.79294537      7.39392661      1.21377175
924   694         5.77621687      7.40863389      1.27156717
925   694         5.74280325      7.43406647      1.33697021
926   694         5.70311798      7.47192330      1.37896697
927   694         5.65445313      7.53300981      1.40204512
928   694         5.61558099      7.62791011      1.40559026
929   694         5.58817397      7.73226403      1.38708757
930   694         5.55665786      7.82134632      1.36429571
931   694         5.50948402      7.91159173      1.35621069
932   694         5.47118067      8.00074652      1.36874073
933   694         5.46738139      8.07235671      1.38721253
934   694         5.48158713      8.12395481      1.40893398
935   694         5.47349570      8.15643868      1.42182713
936   694         5.42893895      8.16851734      1.43224131
937   694         5.37654999      8.15657451      1.43935067
938   694         5.35363016      8.13299785      1.44463032
939   694         5.35993588      8.10618567      1.42963380
940   694         5.35779397      8.06274953      1.39571680
941   694         5.32217973      8.00896115      1.34464858
942   694         5.27962084      7.95801370      1.28264130
943   694         5.24514427      7.89613877      1.25055402
944   694         5.21575974      7.82529755      1.24375282
945   694         5.17046411      7.73542118      1.26098082
946   694         5.12116972      7.64853985      1.29852460
947   694         5.09262181      7.57617571      1.33041238
948   694         5.09367481      7.51685117      1.36928130
949   694         5.11291784      7.48102055      1.41418030
950   694         5.12133901      7.45308837      1.43817314
951   694         5.10166267      7.44809071      1.44585528
952   694         5.07209124      7.47381577      1.45613838
953   694         5.05503714      7.49966785      1.44576273
954   694         5.07257493      7.48696676      1.40194176
955   694         5.13696260      7.43303836      1.33894682
956   694         5.20571561      7.38203797      1.26856298
957   694         5.23910682      7.36093371      1.20939434
958   694         5.22382660      7.37903544      1.16768982
959   694         5.17547053      7.40976302      1.14947718
960   694         5.12022621      7.42663848      1.11485019
961   694         5.08137072      7.42095000      1.04249435
962   694         5.04915403      7.39906758      0.96177557
963   694         5.03652790      7.37356343      0.90998720
964   694         5.05919918      7.34699923      0.90767451
965   694         5.11517887      7.32463336      0.92799460
966   694         5.16546018      7.31014338      0.93574754
967   694         5.19544108      7.31104629      0.90759793
968   694         5.21093206      7.31066542      0.85254054
969   694         5.21428065      7.29665471      0.80948720
970   694         5.20032282      7.27714736      0.80830934
971   694         5.16725726      7.25793713      0.84084242
972   694         5.12965899      7.22790208      0.87938670
973   694         5.10368634      7.19322824      0.91405933
974   694         5.10073994      7.19292240      0.91854115
975   694         5.10901945      7.23011806      0.89324395
976   694         5.12558048      7.28604250      0.86178683
977   694         5.12354006      7.33845476      0.85178500
978   694         5.09120055      7.39552552      0.84514282
979   694         5.01421559      7.43963193      0.82301286
980   694         4.91217187      7.47532383      0.79833367
981   694         4.80880511      7.50533776      0.79751842
982   694         4.73134732      7.55270653      0.82011651
983   694         4.68681884      7.60204180      0.85029684
984   694         4.66020020      7.65417097      0.87786763
985   694         4.65032750      7.70798986      0.89015820
986   694         4.66835559      7.75661355      0.89560471
987   694         4.69602180      7.79478151      0.90391996
988   694         4.73487788      7.83216073      0.90495559
989   694         4.79244230      7.88988503      0.88619026
990   694         4.81448416      7.96751409      0.86994754
991   694         4.78712444      8.04666132      0.87968839
992   694         4.75370342      8.10676276      0.90892685
993   694         4.74509022      8.14999624      0.95830117
994   694         4.74063339      8.18869289      1.00601028
995   694         4.72461716      8.22498892      1.05004968
996   694         4.70580742      8.23957108      1.10085062
997   694         4.69074756      8.24798428      1.16010721
998   694         4.67079255      8.29301425      1.20802604
999   694         4.64689334      8.38573446      1.22327401
1000  694         4.62614324      8.46817711      1.21503826
1001  694         4.60421909      8.50716289      1.21347208
1002  694         4.55476789      8.51742527      1.23427730
1003  694         4.48229793      8.51300264      1.26785427
1004  694         4.42906074      8.47796640      1.29473995
1005  694         4.40186669      8.42059907      1.29714114
1006  694         4.37785953      8.36841474      1.28918855
1007  694         4.34516162      8.33405277      1.27782183
1008  694         4.31448530      8.33375988      1.26418835
1009  694         4.28134895      8.36963903      1.25828209
1010  694         4.24091195      8.42469857      1.28704696
1011  694         4.19492986      8.45946279      1.32534282
1012  694         4.14515328      8.45325633      1.33892609
1013  694         4.09628288      8.40858232      1.31480461
1014  694         4.03789253      8.35159096      1.30460137
1015  694         3.98192076      8.29475863      1.33432334
1016  694         3.95732071      8.24860490      1.37263988
1017  694         3.97248096      8.21705448      1.38440498
1018  694         4.00015872      8.20051364      1.37657393
1019  694         4.02091079      8.18335508      1.37224234
1020  694         4.02694639      8.15774682      1.36295794
1021  694         4.01452703      8.13457189      1.36535695
1022  694         3.98890793      8.12088382      1.38172258
1023  694         3.96214041      8.09739848      1.37711148
1024  694         3.94085433      8.05127529      1.33263645
1025  694         3.92632855      8.00268452      1.28867037
1026  694         3.94056208      7.96801536      1.28068171
1027  694         3.98548722      7.94728922      1.29501602
1028  694         4.05170600      7.93870897      1.28582403
1029  694         4.12664588      7.92921443      1.24795523
1030  694         4.18750462      7.92199461      1.21664596
1031  694         4.23218770      7.91498378      1.21800650
1032  694         4.26733512      7.90650993      1.23974354
1033  694         4.29962436      7.90162324      1.26496697
1034  694         4.31438614      7.90509016      1.27599623
1035  694         4.31316857      7.91239539      1.26165635
1036  694         4.32055141      7.89878655      1.23620741
1037  694         4.33783878      7.85842851      1.22173157
1038  694         4.35063963      7.82065150      1.23244101
1039  694         4.35479910      7.80840611      1.24425297
1040  694         4.38094277      7.82423854      1.25386990
1041  694         4.41030918      7.85090258      1.27058577
1042  694         4.42984336      7.86328512      1.30674792
1043  694         4.43742675      7.85301638      1.34038619
1044  694         4.44102587      7.83445384      1.35585637
1045  694         4.44410749      7.81792275      1.34886475
1046  694         4.44228584      7.79769536      1.31600005
1047  694         4.42744879      7.76933658      1.26271743
1048  694         4.39891151      7.74058439      1.19954051
1049  694         4.36896374      7.72125691      1.16421905
1050  694         4.34089153      7.72541700      1.16856032
1051  694         4.33234302      7.77271234      1.18205164
1052  694         4.32665088      7.84153577      1.20280046
1053  694         4.31914244      7.91131547      1.22922597
1054  694         4.32325314      7.94818338      1.24265227
1055  694         4.31781731      7.96034039      1.23052012
1056  694         4.29486798      7.97944701      1.20701757
1057  694         4.28557700      8.01778120      1.16963056
1058  694         4.29818137      8.05741647      1.12094694
1059  694         4.29936658      8.08542879      1.08942426
1060  694         4.27648908      8.09293684      1.09341146
1061  694         4.25813674      8.08814219      1.12294651
1062  694         4.25981840      8.07771694      1.16952400
1063  694         4.25102546      8.06538513      1.22466074
1064  694         4.22615905      8.02948119      1.26270938
1065  694         4.22067930      7.97926891      1.25561183
1066  694         4.23404709      7.97086580      1.21972053
1067  694         4.24655804      8.01680143      1.18273247
1068  694         4.26853447      8.06781003      1.15009325
1069  694         4.29847736      8.08188306      1.10919104
1070  694         4.31382580      8.04149351      1.08170672
1071  694         4.32673969      7.98931949      1.08830129
1072  694         4.36157074      7.93896041      1.12955607
1073  694         4.40014862      7.88093629      1.17036844
1074  694         4.43962023      7.81212266      1.17995552
1075  694         4.48089314      7.76582516      1.15103562
1076  694         4.53216442      7.77565101      1.11317262
1077  694         4.59219702      7.81648968      1.09943044
1078  694         4.64953945      7.83897638      1.10665144
1079  694         4.70658313      7.82765809      1.12371387
1080  694         4.74473840      7.81073270      1.14634994
1081  694         4.74395857      7.79364931      1.18476101
1082  694         4.69972906      7.75911839      1.23581767
1083  694         4.63796035      7.70539437      1.31106275
1084  694         4.60393791      7.66520871      1.41416717
1085  694         4.62303808      7.63738654      1.51313339
1086  694         4.69508216      7.60002153      1.56955221
1087  694         4.78806738      7.56282900      1.57630929
1088  694         4.87041724      7.55100796      1.54121725
1089  694         4.93202932      7.56774131      1.48589593
1090  694         4.96688769      7.59570420      1.44406041
1091  694         4.98946148      7.62484961      1.43500215
1092  694         5.01828890      7.65083332      1.47365429
1093  694         5.06592295      7.68001939      1.54731253
1094  694         5.11961349      7.69955126      1.62148116
1095  694         5.14483992      7.67348566      1.63355261
1096  694         5.15021707      7.61779552      1.56215102
1097  694         5.18263021      7.59231016      1.43212332
1098  694         5.25265575      7.58647975      1.27148459
1099  694         5.32192727      7.58281143      1.10870729
1100  694         5.36674666      7.57689866      0.96498726
1101  694         5.39102324      7.55788214      0.84876488
1102  694         5.38960163      7.50491789      0.76491588
1103  694         5.36586667      7.43119046      0.72859830
1104  694         5.32577555      7.38220153      0.72257926
1105  694         5.25822331      7.37325534      0.70314410
1106  694         5.16206628      7.38671655      0.64232196
1107  694         5.07886778      7.40225606      0.56733814
1108  694         5.00976738      7.39772782      0.48855408
1109  694         4.94075034      7.36871052      0.39951870
1110  694         4.90456444      7.31329146      0.30006297
1111  694         4.91781530      7.26088434      0.22191731
1112  694         4.94176549      7.24048727      0.16926490
1113  694         4.93704224      7.23259179      0.13557605
1114  694         4.90895058      7.21360521      0.11031819
1115  694         4.85825633      7.21477601      0.08504910
1116  694         4.76890166      7.23979901      0.06704053
1117  694         4.67434908      7.25927709      0.03000602
1118  694         4.60941178      7.23134584     -0.02151334
1119  694         4.58060713      7.15746840     -0.08561783
1120  694         4.57986515      7.08558025     -0.13826223
1121  694         4.58815703      7.05575111     -0.14727770
1122  694         4.59183916      7.05300178     -0.13757769
1123  694         4.60485878      7.05443946     -0.13088050
1124  694         4.62845070      7.06368230     -0.13751429
1125  694         4.65029619      7.08837396     -0.13931514
1126  694         4.66740989      7.13144863     -0.14381856
1127  694         4.69852036      7.13478827     -0.17376517
1128  694         4.74968119      7.09770887     -0.22174399
1129  694         4.80608450      7.05271187     -0.26048574
1130  694         4.86512182      7.04475576     -0.28658816
1131  694         4.87940283      7.05568930     -0.29631145
1132  694         4.84431261      7.05639818     -0.30693550
1133  694         4.76618680      7.03176905     -0.30069565
1134  694         4.68532339      6.99154029     -0.28346542
1135  694         4.67523053      6.97850162     -0.22213352
1136  694         4.74886009      6.97994715     -0.12910442
1137  694         4.86890104      6.98010738     -0.07172564
1138  694         4.94952182      6.93874422     -0.06563681
1139  694         4.98314542      6.87543547     -0.09134176
1140  694         5.00766045      6.82873999     -0.10213411
1141  694         5.04790880      6.81629537     -0.05842121
1142  694         5.09291856      6.81793456      0.03341275
1143  694         5.12486815      6.82087474      0.14788479
1144  694         5.13802884      6.79905781      0.25999692
1145  694         5.14126841      6.77323516      0.35899626
1146  694         5.12758145      6.76909937      0.42825279
1147  694         5.10370623      6.76652627      0.46993172
1148  694         5.08332341      6.76385197      0.50716399
1149  694         5.04359404      6.75599212      0.55710522
1150  694         5.01075660      6.74062177      0.59136313
1151  694         5.00699408      6.70657131      0.59215138
1152  694         5.02455650      6.67809655      0.57233656
1153  694         5.03547703      6.67562693      0.55622257
1154  694         5.03608323      6.69522516      0.55665652
1155  694         5.02723167      6.72515425      0.57031227
1156  694         4.99574022      6.74573707      0.59690145
1157  694         4.94942978      6.73531426      0.63632703
1158  694         4.92013018      6.70410115      0.68761027
1159  694         4.90712881      6.67072632      0.75220384
1160  694         4.89174596      6.62806686      0.81645461
1161  694         4.86402565      6.60303950      0.85906937
1162  694         4.84414716      6.58034998      0.87008909
1163  694         4.84465075      6.56710652      0.84116394
1164  694         4.83033121      6.56934288      0.78276132
1165  694         4.78165476      6.60624888      0.74349250
1166  694         4.73868937      6.64793954      0.73074493
1167  694         4.71651269      6.66015620      0.73612215
1168  694         4.69630371      6.64770196      0.74869617
1169  694         4.67614926      6.61739222      0.78259535
1170  694         4.66738932      6.60566666      0.84362094
1171  694         4.64442831      6.60789218      0.89635429
1172  694         4.58142272      6.62148581      0.94251087
1173  694         4.50757925      6.64705294      0.97522343
1174  694         4.46021614      6.65765792      0.99786833
1175  694         4.45867637      6.67635739      1.00598719
1176  694         4.49054767      6.72686656      0.98561528
1177  694         4.54946942      6.77557379      0.95078581
1178  694         4.59334224      6.80252641      0.92798024
1179  694         4.60914258      6.81885089      0.95207169
1180  694         4.59123879      6.84787190      1.00421268
1181  694         4.57303058      6.88506975      1.07598820
1182  694         4.57002437      6.90200568      1.15163581
1183  694         4.59377132      6.89838508      1.22472303
1184  694         4.63002155      6.89670978      1.28596609
1185  694         4.66468974      6.91033077      1.31124838
1186  694         4.68011678      6.92584998      1.30028873
1187  694         4.65955236      6.95982323      1.26419822
1188  694         4.61357857      6.99084165      1.22232301
1189  694         4.57359125      7.02182548      1.19304386
1190  694         4.55018051      7.05219695      1.20201186
1191  694         4.55676151      7.06818252      1.24125535
1192  694         4.56367329      7.07075354      1.29294135
1193  694         4.55159297      7.10561280      1.35410163
1194  694         4.51582590      7.17358691      1.40247634
1195  694         4.47252036      7.22682819      1.41088862
1196  694         4.44006761      7.22549687      1.38462966
1197  694         4.41840831      7.17721161      1.37924366
1198  694         4.39642651      7.12748614      1.40767400
1199  694         4.36965314      7.09900933      1.43453480
1200  694         4.34309290      7.10860028      1.43753920
1201  694         4.33859211      7.12180159      1.41646228
1202  694         4.34402138      7.13878982      1.38171854
1203  694         4.33691721      7.17767756      1.35743548
1204  694         4.32464941      7.21991562      1.33175788
1205  694         4.35269129      7.25623812      1.28638247
1206  694         4.40764685      7.26324554      1.22414973
1207  694         4.45901523      7.23879729      1.16883347
1208  694         4.50895483      7.19959847      1.13447180
1209  694         4.57706705      7.15024605      1.14575657
1210  694         4.62871991      7.09337827      1.18756577
1211  694         4.64992081      7.04110595      1.22526969
1212  694         4.66188067      6.99272496      1.25042001
1213  694         4.68518707      6.94279348      1.24756810
1214  694         4.71667547      6.91386814      1.20144829
1215  694         4.75310311      6.91051591      1.13541506
1216  694         4.79573467      6.90931333      1.07529040
1217  694         4.83196081      6.90669577      1.03529135
1218  694         4.83859418      6.89793761      1.03402324
1219  694         4.82773777      6.90327925      1.05344426
1220  694         4.83476139      6.89198536      1.06240775
1221  694         4.84911606      6.84214154      1.03996535
1222  694         4.85481399      6.76150334      1.01009190
1223  694         4.84882816      6.69378519      0.96551186
1224  694         4.85862475      6.68587491      0.92021069
1225  694         4.88732018      6.71437538      0.89600902
1226  694         4.89424122      6.74758981      0.88233909
1227  694         4.85505908      6.75855369      0.85066512
1228  694         4.78223982      6.74324329      0.80454089
1229  694         4.69674158      6.72354625      0.78215599
1230  694         4.61795716      6.73065756      0.80239357
1231  694         4.56645385      6.75313900      0.83463005
1232  694         4.53258730      6.73399727      0.82956440
1233  694         4.49855685      6.66537416      0.80411072
1234  694         4.43492167      6.59239768      0.77542759
1235  694         4.36516319      6.55169384      0.74641108
1236  694         4.29009272      6.53139283      0.71194108
1237  694         4.24803445      6.53462203      0.67941317
1238  694         4.22105949      6.56386487      0.64432427
1239  694         4.18490333      6.60395231      0.58669528
1240  694         4.11277756      6.59891197      0.52277422
1241  694         4.02347766      6.54315481      0.45713957
1242  694         3.95336740      6.48259127      0.40196365
1243  694         3.88917124      6.43572715      0.35827384
1244  694         3.84076967      6.41091904      0.32564820
1245  694         3.80264489      6.37618846      0.30606886
1246  694         3.78229631      6.35944667      0.29163836
1247  694         3.77885498      6.36466796      0.26362093
1248  694         3.80054187      6.38997016      0.22581707
1249  694         3.81300877      6.41612523      0.17393031
1250  694         3.79168237      6.42686957      0.12133824
1251  694         3.76934794      6.43398927      0.08088027
1252  694         3.75207313      6.43641974      0.04069745
1253  694         3.76397177      6.43849597      0.01256780
1254  694         3.77532875      6.43258602      0.00015793
1255  694         3.74869795      6.42422017      0.03531463
1256  694         3.68936122      6.39622945      0.09010948
1257  694         3.64119371      6.37413172      0.10889262
1258  694         3.63493624      6.38032670      0.06266141
1259  694         3.67467510      6.40539971     -0.02171648
1260  694         3.72655519      6.41028080     -0.08712158
1261  694         3.75232029      6.39326317     -0.12452851
1262  694         3.75068622      6.35454686     -0.12909419
1263  694         3.73526769      6.29565395     -0.09675647
1264  694         3.71641952      6.22994625     -0.04516764
1265  694         3.69398134      6.17604302     -0.00260884
1266  694         3.66930274      6.13868163      0.03003804
1267  694         3.63132244      6.10304989      0.06761084
1268  694         3.59495732      6.07804636      0.12182428
1269  694         3.58540598      6.11341217      0.18554324
1270  694         3.60600497      6.21484796      0.21532401
1271  694         3.64058903      6.31517552      0.22542848
1272  694         3.66394060      6.38509239      0.21622230
1273  694         3.67865449      6.42258700      0.18963351
1274  694         3.69000206      6.42841915      0.14709786
1275  694         3.69498199      6.40364196      0.09145079
1276  694         3.69708254      6.36216875      0.03735729
1277  694         3.70733330      6.30675002      0.01532280
1278  694         3.72454251      6.23311754      0.02345247
1279  694         3.74566588      6.16089344      0.04997106
1280  694         3.77452021      6.10601455      0.07775175
1281  694         3.81835781      6.07944300      0.10544328
1282  694         3.86827666      6.08391083      0.11860930
1283  694         3.90932110      6.09558479      0.10224267
1284  694         3.94553693      6.09601842      0.05735249
1285  694         3.97314629      6.08853440     -0.01227147
1286  694         3.99759520      6.08490081     -0.09807012
1287  694         4.01307556      6.09260517     -0.17574702
1288  694         4.00866588      6.09729094     -0.21450856
1289  694         3.97486394      6.10116657     -0.22194743
1290  694         3.93162069      6.11886738     -0.21940511
1291  694         3.90652155      6.15617825     -0.21460270
1292  694         3.91949027      6.20690285     -0.21629178
1293  694         3.94229497      6.26439997     -0.22897882
1294  694         3.93858221      6.28886647     -0.24621402
1295  694         3.90559907      6.25732392     -0.26162728
1296  694         3.88767540      6.18823542     -0.26761710
1297  694         3.89827818      6.11316466     -0.29889791
1298  694         3.91699741      6.03574755     -0.35234245
1299  694         3.93091532      5.94211048     -0.39453030
1300  694         3.94908748      5.83044527     -0.41343334
1301  694         3.96933856      5.72375525     -0.38755311
1302  694         4.00522807      5.67962398     -0.34476545
1303  694         4.06839333      5.64367660     -0.29437025
1304  694         4.13759996      5.59722265     -0.26345040
1305  694         4.16584206      5.54726887     -0.25809504
1306  694         4.16788404      5.47599704     -0.25817876
1307  694         4.15131833      5.41931587     -0.26703475
1308  694         4.11837033      5.36468352     -0.29265042
1309  694         4.11734976      5.31756182     -0.31734300
1310  694         4.10577049      5.32032777     -0.32729281
1311  694         4.08680296      5.37362632     -0.31599341
1312  694         4.09283397      5.42827442     -0.28437389
1313  694         4.11597813      5.45536442     -0.24363828
1314  694         4.14064373      5.47354799     -0.19571770
1315  694         4.16025222      5.49107246     -0.13009332
1316  694         4.18912034      5.49879807     -0.05893484
1317  694         4.23141798      5.49136176      0.00890856
1318  694         4.27283588      5.46128349      0.08425114
1319  694         4.28437203      5.41594148      0.14294494
1320  694         4.23742404      5.38217216      0.15736032
1321  694         4.16126730      5.35623748      0.14449368
1322  694         4.11138468      5.32544803      0.15451916
1323  694         4.10744042      5.29444864      0.19468284
1324  694         4.12171104      5.29539571      0.23692338
1325  694         4.12710807      5.33651071      0.28069663
1326  694         4.14651162      5.39209339      0.32573577
1327  694         4.18054471      5.43290659      0.37505735
1328  694         4.22707779      5.45173391      0.42441604
1329  694         4.27782197      5.46322315      0.45251150
1330  694         4.29713373      5.44754873      0.44366030
1331  694         4.28524551      5.40892181      0.42293278
1332  694         4.24449399      5.38687594      0.43377881
1333  694         4.18918681      5.40849492      0.48602296
1334  694         4.13778091      5.44966831      0.56403244
1335  694         4.09619777      5.48210707      0.63020748
1336  694         4.06026328      5.50399276      0.68892737
1337  694         4.06597859      5.51863645      0.74853904
1338  694         4.10309352      5.52197792      0.81803200
1339  694         4.15448419      5.51105310      0.88976466
1340  694         4.19637535      5.50746459      0.94358439
1341  694         4.22730390      5.53725279      1.00148135
1342  694         4.24374007      5.59990362      1.05941292
1343  694         4.25294546      5.68300865      1.10723536
1344  694         4.27216092      5.77332387      1.13363312
1345  694         4.28886499      5.85142167      1.14592602
1346  694         4.30131637      5.89672113      1.15578558
1347  694         4.31182250      5.90294625      1.16478034
1348  694         4.33466408      5.87404699      1.16884592
1349  694         4.34849171      5.82801014      1.17828009
1350  694         4.34117129      5.79327500      1.19224714
1351  694         4.30366946      5.77639251      1.22779741
1352  694         4.26750281      5.77600107      1.28464634
1353  694         4.26126177      5.78882202      1.35214070
1354  694         4.28511052      5.80488797      1.41150797
1355  694         4.31906244      5.80225424      1.46925684
1356  694         4.34053243      5.78528670      1.53263932
1357  694         4.37094137      5.75865690      1.57669859
1358  694         4.42553254      5.73563108      1.60065820
1359  694         4.48819428      5.71764419      1.59836255
1360  694         4.53227846      5.69913054      1.59208016
1361  694         4.57127322      5.69686766      1.59224404
1362  694         4.60108762      5.71515591      1.60791375
1363  694         4.62856782      5.72600526      1.62553017
1364  694         4.65573055      5.72413407      1.62020622
1365  694         4.67264018      5.72669005      1.61422858
1366  694         4.65384006      5.74192853      1.62866764
1367  694         4.61887810      5.77241948      1.68292292
1368  694         4.61375101      5.78809649      1.72314386
1369  694         4.64474351      5.81031299      1.75023316
1370  694         4.70888917      5.85728770      1.78938226
1371  694         4.78520321      5.93035850      1.81242634
1372  694         4.85719237      5.97691526      1.79467592
1373  694         4.90143440      5.98446845      1.73433302
1374  694         4.94784116      5.98348277      1.66825267
1375  694         4.99874886      6.00338469      1.61264594
1376  694         5.03344085      6.03594938      1.57151698
1377  694         5.04807332      6.08495406      1.54843221
1378  694         5.05647272      6.13980971      1.54414131
1379  694         5.07670588      6.19476638      1.55342047
1380  694         5.10465003      6.22973526      1.53877013
1381  694         5.12563424      6.23248030      1.47824482
1382  694         5.13096799      6.21149155      1.38042977
1383  694         5.12409834      6.20700532      1.31423919
1384  694         5.10906304      6.24188863      1.29171128
1385  694         5.12472950      6.31150331      1.27893715
1386  694         5.16226652      6.39934244      1.23282418
1387  694         5.17763601      6.48761491      1.16240677
1388  694         5.17346562      6.57074359      1.10408258
1389  694         5.20070881      6.63738010      1.07282290
1390  694         5.28405740      6.67416371      1.06652987
1391  694         5.40564443      6.67863122      1.06301463
1392  694         5.52368711      6.67753534      1.03224555
1393  694         5.61240596      6.69624118      0.97567198
1394  694         5.67131528      6.74124200      0.90840360
1395  694         5.70829452      6.78752581      0.84500815
1396  694         5.72974283      6.79814514      0.80314031
1397  694         5.74208340      6.77738487      0.75829016
1398  694         5.73510408      6.75833034      0.72012326
1399  694         5.70858005      6.73009672      0.70253382
1400  694         5.71850654      6.66657781      0.70931910
1401  694         5.75483796      6.58211925      0.72289345
1402  694         5.79038575      6.53284311      0.72439018
1403  694         5.80014192      6.52024424      0.72143688
1404  694         5.78607728      6.50163060      0.70104777
1405  694         5.76079210      6.45557835      0.65668067
1406  694         5.73139484      6.41874850      0.60942043
1407  694         5.68631788      6.40329489      0.58035836
1408  694         5.63133682      6.38893052      0.56631218
1409  694         5.58790924      6.37060297      0.54753057
1410  694         5.56191939      6.37521980      0.52317711
1411  694         5.53922215      6.41837662      0.50413811
1412  694         5.51830428      6.43221327      0.48194667
1413  694         5.50654258      6.39145738      0.45339856
1414  694         5.49424009      6.32598675      0.41160062
1415  694         5.46524999      6.27780494      0.37416538
1416  694         5.41988354      6.27078473      0.36426567
1417  694         5.37421340      6.30892116      0.37316875
1418  694         5.35857762      6.36052434      0.38383270
1419  694         5.36296934      6.40761338      0.39290957
1420  694         5.36221978      6.45630923      0.40150762
1421  694         5.33600315      6.50939038      0.39473557
1422  694         5.29562854      6.57279130      0.35785981
1423  694         5.25211137      6.64263235      0.30858844
1424  694         5.22420345      6.72156508      0.28164011
1425  694         5.21026466      6.79035568      0.29778216
1426  694         5.18157626      6.81234325      0.33186911
1427  694         5.16045312      6.78306337      0.36935269
1428  694         5.17657666      6.73275113      0.39974020
1429  694         5.23609415      6.68106495      0.41560686
1430  694         5.29198000      6.64232760      0.42172638
1431  694         5.28906572      6.63326567      0.44756831
1432  694         5.24875066      6.65657217      0.49022310
1433  694         5.22669527      6.69982463      0.55908059
1434  694         5.23909684      6.76642375      0.63831620
1435  694         5.27583592      6.85291934      0.73412853
1436  694         5.30605647      6.94027329      0.82911002
1437  694         5.32087727      7.00357403      0.91700390
1438  694         5.34740466      7.03852720      0.97931978
1439  694         5.37390982      7.05543947      1.01079319
1440  694         5.38756675      7.04789627      1.03929917
1441  694         5.36948675      7.02309761      1.06552251
1442  694         5.30846068      6.99516377      1.10004529
1443  694         5.22949320      6.97741243      1.12602469
1444  694         5.15532879      6.96424833      1.15340364
1445  694         5.11565940      6.95625256      1.15140020
1446  694         5.09295595      6.94052833      1.10950132
1447  694         5.07317089      6.89154440      1.04620357
1448  694         5.06684694      6.82273174      0.98697158
1449  694         5.07201673      6.77805379      0.95753437
1450  694         5.07970023      6.78196503      0.95535857
1451  694         5.06921675      6.81363207      0.96111029
1452  694         5.04930508      6.85317455      0.95898160
1453  694         5.04406542      6.90327598      0.96851445
1454  694         5.06559758      6.95374241      0.99033761
1455  694         5.09762585      6.98813622      0.98557328
1456  694         5.11363172      6.99628493      0.93330658
1457  694         5.09699649      6.99482776      0.85810788
1458  694         5.05704803      6.97820852      0.79088005
1459  694         5.00904868      6.94834009      0.77812598
1460  694         4.96017238      6.94078593      0.80326163
1461  694         4.92022083      6.98902716      0.83992489
1462  694         4.89280579      7.06681268      0.86686933
1463  694         4.88702102      7.13407538      0.87191656
1464  694         4.90747026      7.18853270      0.87307596
1465  694         4.93334001      7.23545493      0.88984139
1466  694         4.94469611      7.27335291      0.92170124
1467  694         4.95536732      7.30082485      0.95083695
1468  694         4.98460771      7.33807060      0.98277830
1469  694         5.00473204      7.38065891      1.00638601
1470  694         4.99467619      7.42097276      1.03642292
1471  694         4.96750513      7.46194411      1.08663766
1472  694         4.93466400      7.50249013      1.13778977
1473  694         4.89289807      7.52169072      1.19640304
1474  694         4.86300692      7.53176853      1.24108309
1475  694         4.85492363      7.53907419      1.27674095
1476  694         4.85065068      7.53703910      1.31911340
1477  694         4.83807395      7.52838890      1.34726067
1478  694         4.81873915      7.51800505      1.36736862
1479  694         4.80864215      7.51012306      1.41814133
1480  694         4.80908329      7.51500713      1.47186008
1481  694         4.80011531      7.51893535      1.50477549
1482  694         4.79421779      7.50400530      1.52916978
1483  694         4.80185274      7.46956214      1.55525268
1484  694         4.79643988      7.44311349      1.59127194
1485  694         4.76707748      7.43530656      1.61489364
1486  694         4.71050088      7.43358000      1.60391470
1487  694         4.65211997      7.40522105      1.56654956
1488  694         4.59545603      7.37176690      1.51803842
1489  694         4.55197118      7.36433133      1.46613132
1490  694         4.53910408      7.38161656      1.39831130
1491  694         4.54959243      7.42923256      1.31963446
1492  772         6.47458292      6.06379049      1.56564093
1493  772         6.52785901      6.14773406      1.49441007
1494  772         6.59673918      6.23254399      1.41197952
1495  772         6.63526664      6.30897404      1.32118524
1496  772         6.63590903      6.35887186      1.21542051
1497  772         6.62428409      6.38135114      1.11737946
1498  772         6.63853454      6.39679282      1.03831137
1499  772         6.67441939      6.42325921      0.96994495
1500  772         6.71918020      6.44727324      0.91667149
1501  772         6.77411166      6.45922742      0.88514843
1502  772         6.81075009      6.48641317      0.87290161
1503  772         6.81518090      6.54326084      0.86879756
1504  772         6.78692030      6.62474623      0.86322978
1505  772         6.73918248      6.71117235      0.84725787
1506  772         6.70226439      6.79208302      0.82394596
1507  772         6.70267031      6.84063432      0.77408550
1508  772         6.75004283      6.83067804      0.70174012
1509  772         6.79929786      6.77238916      0.62155485
1510  772         6.80070004      6.73767083      0.54886939
1511  772         6.74259508      6.73380579      0.49892484
1512  772         6.65651518      6.74870521      0.48520599
1513  772         6.58340590      6.76909912      0.49446001
1514  772         6.52801383      6.79270667      0.52217050
1515  772         6.47874392      6.81305943      0.56175013
1516  772         6.45389242      6.82194884      0.59231416
1517  772         6.46915722      6.82878813      0.61316216
1518  772         6.49626246      6.82778131      0.63011219
1519  772         6.51150168      6.81596934      0.66976042
1520  772         6.51388102      6.81419992      0.71850894
1521  772         6.51261940      6.83003314      0.77177622
1522  772         6.49737746      6.82614035      0.82906170
1523  772         6.46724821      6.80921515      0.87349792
1524  772         6.42049987      6.78939734      0.90082443
1525  772         6.36371658      6.76920257      0.92593691
1526  772         6.31745993      6.74197688      0.96137106
1527  772         6.28621002      6.70693159      0.99150468
1528  772         6.27762005      6.67322523      1.00118516
1529  772         6.30292372      6.65719528      0.97988941
1530  772         6.34139813      6.68319277      0.94973123
1531  772         6.39219249      6.73195281      0.94254385
1532  772         6.44868619      6.77191573      0.94340626
1533  772         6.50379294      6.77969632      0.94020909
1534  772         6.54816468      6.77070877      0.93497840
1535  772         6.53822119      6.77514547      0.93838306
1536  772         6.49910176      6.78097972      0.97063641
1537  772         6.50032687      6.78004532      1.01605229
1538  772         6.54422285      6.79606623      1.06992498
1539  772         6.59364224      6.83120331      1.14340788
1540  772         6.61764155      6.89360689      1.21085631
1541  772         6.61065917      6.95706020      1.25062066
1542  772         6.57203810      6.99352964      1.26235424
1543  772         6.53559833      7.01275164      1.25789684
1544  772         6.51978893      7.02809860      1.24369490
1545  772         6.51728031      7.05555604      1.19887920
1546  772         6.50947008      7.08547466      1.13396750
1547  772         6.50574802      7.11598500      1.06399537
1548  772         6.53508323      7.13499854      1.00742210
1549  772         6.56228919      7.15804815      0.98599084
1550  772         6.54366255      7.18291309      0.99849545
1551  772         6.49889183      7.20490870      1.04167068
1552  772         6.45846115      7.20700879      1.09427436
1553  772         6.42517754      7.20708725      1.13979357
1554  772         6.41414583      7.20759444      1.17514680
1555  772         6.40637236      7.21032402      1.20080669
1556  772         6.37428122      7.21334889      1.21549902
1557  772         6.34054996      7.22447696      1.22786999
1558  772         6.33246714      7.23949828      1.23313824
1559  772         6.35284028      7.24443470      1.22589619
1560  772         6.36699694      7.24950288      1.21953618
1561  772         6.35597304      7.25275925      1.23176737
1562  772         6.31890703      7.25577470      1.24913155
1563  772         6.27212436      7.25579342      1.25399324
1564  772         6.23146377      7.26823507      1.24020577
1565  772         6.18973674      7.27668910      1.21177549
1566  772         6.13255312      7.26767457      1.18219692
1567  772         6.06418653      7.25325439      1.15026212
1568  772         6.00761094      7.24766811      1.11726507
1569  772         6.00357875      7.26063478      1.10392396
1570  772         6.03861023      7.27896813      1.10291653
1571  772         6.07287157      7.30309793      1.09713330
1572  772         6.07585865      7.31649680      1.09425477
1573  772         6.07439754      7.30166760      1.11609249
1574  772         6.06800808      7.25923461      1.14226953
1575  772         6.02989594      7.21312382      1.17515707
1576  772         5.97434096      7.17145817      1.20475537
1577  772         5.92817217      7.14533044      1.22162911
1578  772         5.91649401      7.14998814      1.23312979
1579  772         5.90638427      7.18402902      1.24103681
1580  772         5.87435768      7.22788528      1.25190116
1581  772         5.84135183      7.25948650      1.28088308
1582  772         5.80559838      7.26681344      1.32824788
1583  772         5.76196321      7.23085247      1.35589887
1584  772         5.73620454      7.16356756      1.34340857
1585  772         5.74998522      7.09950138      1.32805139
1586  772         5.78083489      7.05521060      1.33172818
1587  772         5.79562826      7.03553232      1.36183005
1588  772         5.79186985      7.03575998      1.40688523
1589  772         5.80102633      7.04533793      1.43679915
1590  772         5.82645757      7.03995267      1.44394223
1591  772         5.85815366      7.00212173      1.42985521
1592  772         5.85245813      6.93517990      1.39595636
1593  772         5.80184787      6.87766376      1.35805893
1594  772         5.75839635      6.86353358      1.32085255
1595  772         5.76089650      6.89486326      1.26645520
1596  772         5.80096788      6.94160702      1.20473662
1597  772         5.80033995      6.96353350      1.15141918
1598  772         5.75457537      6.96600810      1.11662664
1599  772         5.72199418      6.97375053      1.10178565
1600  772         5.72059641      6.99246966      1.10835491
1601  772         5.71129252      7.00624443      1.12265785
1602  772         5.67085826      6.99760813      1.11884354
1603  772         5.60633242      6.99746998      1.09810575
1604  772         5.53221040      7.01066067      1.09344160
1605  772         5.45095868      7.04321547      1.08443503
1606  772         5.36522105      7.08852126      1.04922002
1607  772         5.31671589      7.14841351      0.99639397
1608  772         5.33128769      7.18757619      0.96158899
1609  772         5.34569388      7.19867226      0.95066433
1610  772         5.32096847      7.18846361      0.94627794
1611  772         5.27551427      7.17835788      0.94144921
1612  772         5.23843892      7.16934887      0.91110568
1613  772         5.18077878      7.17970950      0.86988194
1614  772         5.09924018      7.21631259      0.82009513
1615  772         5.01576758      7.25147781      0.76101510
1616  772         4.97129333      7.25661972      0.69685010
1617  772         4.97147766      7.23102261      0.63821274
1618  772         4.95860473      7.21375534      0.58304865
1619  772         4.92753083      7.20151736      0.53159990
1620  772         4.88257232      7.17333960      0.47646640
1621  772         4.83910918      7.14194283      0.42443046
1622  772         4.79741535      7.13677245      0.37236096
1623  772         4.78072107      7.13931162      0.33038671
1624  772         4.78719899      7.12544666      0.30739093
1625  772         4.80108722      7.09590648      0.27755248
1626  772         4.80900580      7.08429410      0.21484921
1627  772         4.78853281      7.09479230      0.12802167
1628  772         4.77082616      7.09191907      0.06290880
1629  772         4.73691563      7.07365387      0.02546522
1630  772         4.65476239      7.06377053     -0.01020493
1631  772         4.57270460      7.03948089     -0.04440527
1632  772         4.54172021      6.97259634     -0.07159314
1633  772         4.54040152      6.90327664     -0.09590092
1634  772         4.54862333      6.87148366     -0.13117589
1635  772         4.55911699      6.85761041     -0.18476338
1636  772         4.59425161      6.84932774     -0.24423725
1637  772         4.60914669      6.85181669     -0.28830868
1638  772         4.57793039      6.87857990     -0.32095205
1639  772         4.51684865      6.88488624     -0.33954336
1640  772         4.45893329      6.85103210     -0.35492008
1641  772         4.44548111      6.79839518     -0.36976302
1642  772         4.44818026      6.76677415     -0.36581702
1643  772         4.45012029      6.74056898     -0.36639157
1644  772         4.44241276      6.70536926     -0.37524955
1645  772         4.43502746      6.69407468     -0.38739375
1646  772         4.43611459      6.69368308     -0.40862875
1647  772         4.44284943      6.66548513     -0.43175163
1648  772         4.44433610      6.60932792     -0.43571488
1649  772         4.43839577      6.51319511     -0.43414292
1650  772         4.40822971      6.45879276     -0.44269740
1651  772         4.38260929      6.41541146     -0.44739802
1652  772         4.36235634      6.36322777     -0.47017204
1653  772         4.34332484      6.32529034     -0.47827370
1654  772         4.32773442      6.27278405     -0.50264434
1655  772         4.29618716      6.24025840     -0.50687986
1656  772         4.28012705      6.18795844     -0.52078030
1657  772         4.28157225      6.11082169     -0.55715135
1658  772         4.28218385      6.05744705     -0.59313554
1659  772         4.26147477      6.04074540     -0.65154808
1660  772         4.22395219      6.05551470     -0.70466843
1661  772         4.20853597      6.05586285     -0.73902998
1662  772         4.19289757      6.00464691     -0.77666595
1663  772         4.15811370      5.94803918     -0.79691697
1664  772         4.08320832      5.93452217     -0.79460083
1665  772         4.00311656      5.94170543     -0.77121289
1666  772         3.94669086      5.92163023     -0.74031379
1667  772         3.93248012      5.88554552     -0.71149353
1668  772         3.92150934      5.86456343     -0.70046598
1669  772         3.87556382      5.86134608     -0.70823170
1670  772         3.81368624      5.85766550     -0.72768285
1671  772         3.73046732      5.83860530     -0.74285251
1672  772         3.62608696      5.81355704     -0.74055654
1673  772         3.51347899      5.78576498     -0.72652239
1674  772         3.42743417      5.73958990     -0.69200538
1675  772         3.35840621      5.66946548     -0.63880311
1676  772         3.32488226      5.60288641     -0.57188126
1677  772         3.31361407      5.56825557     -0.50435272
1678  772         3.30911930      5.58089342     -0.43669192
1679  772         3.27477020      5.61556899     -0.36096842
1680  772         3.20251276      5.67422031     -0.29154595
1681  772         3.10365134      5.75664163     -0.25088545
1682  772         3.00295237      5.81792238     -0.23410248
1683  772         2.93502572      5.80787438     -0.22889978
1684  772         2.89011573      5.74077084     -0.21852921
1685  772         2.85497628      5.67329025     -0.20355248
1686  772         2.81368131      5.62306790     -0.19597074
1687  772         2.76231324      5.60503131     -0.19756880
1688  772         2.69773164      5.62051573     -0.19033440
1689  772         2.63283576      5.65499622     -0.17116713
1690  772         2.57410230      5.66999802     -0.14986347
1691  772         2.50348033      5.66462445     -0.13562223
1692  772         2.42084095      5.65668932     -0.12322946
1693  772         2.35220535      5.65030290     -0.10057560
1694  772         2.31173905      5.64802622     -0.08400726
1695  772         2.29698058      5.64435539     -0.08809789
1696  772         2.29508107      5.65985698     -0.09726831
1697  772         2.29333122      5.68554973     -0.09331178
1698  772         2.28891920      5.70025250     -0.06899620
1699  772         2.26577736      5.72515749     -0.04671409
1700  772         2.22674391      5.75841436     -0.03350502
1701  772         2.18049904      5.78989119     -0.02322495
1702  772         2.15042634      5.81425642     -0.00431222
1703  772         2.14113394      5.84639228      0.00796934
1704  772         2.15859746      5.87694127      0.01730008
1705  772         2.19423183      5.89253160      0.02539424
1706  772         2.24048505      5.90386930      0.04461076
1707  772         2.28506767      5.92450504      0.06973001
1708  772         2.29601304      5.95268058      0.08320866
1709  772         2.25269949      5.95591853      0.08145369
1710  772         2.16605634      5.93431152      0.09041260
1711  772         2.09652804      5.92847883      0.13206458
1712  772         2.06626982      5.96167620      0.18402612
1713  772         2.05483778      6.00576782      0.22045061
1714  772         2.04433044      6.02860668      0.22373665
1715  772         2.05141026      6.04302298      0.21983446
1716  772         2.09324797      6.04392424      0.20488937
1717  772         2.15981145      6.02938779      0.17214105
1718  772         2.19875825      6.01374713      0.09347021
1719  772         2.19472612      6.02499049      0.01052050
1720  772         2.18353717      6.06783360     -0.03100802
1721  772         2.16790892      6.11841705     -0.00942842
1722  772         2.13859931      6.14699237      0.06039433
1723  772         2.07663459      6.15912601      0.12661663
1724  772         2.02462403      6.18206957      0.16130776
1725  772         1.99250746      6.18174266      0.16136455
1726  772         1.98805452      6.14315041      0.14672444
1727  772         2.00530904      6.09950837      0.11058024
1728  772         2.04499672      6.08530594      0.07784864
1729  772         2.07558155      6.10643312      0.05493617
1730  772         2.10662837      6.13946119      0.01773419
1731  772         2.12371211      6.15001067     -0.05097338
1732  772         2.12512495      6.13014943     -0.11593160
1733  772         2.09435502      6.09947959     -0.15274664
1734  772         2.05122588      6.06174418     -0.18349493
1735  772         2.02471328      6.01130872     -0.20059903
1736  772         2.01613163      5.94564878     -0.18206218
1737  772         2.01581052      5.92880379     -0.15611997
1738  772         2.00257031      5.96133525     -0.16510654
1739  772         1.96547559      6.02341229     -0.18840108
1740  772         1.92714970      6.06405386     -0.23060776
1741  772         1.93091029      6.08559116     -0.27934732
1742  772         1.97011267      6.09293705     -0.30884242
1743  772         2.02046125      6.08914330     -0.30515280
1744  772         2.04530113      6.09022395     -0.30930614
1745  772         2.06793614      6.09881335     -0.32996129
1746  772         2.11517028      6.13172853     -0.33815035
1747  772         2.17606051      6.16321766     -0.31420115
1748  772         2.22402613      6.19416992     -0.26377248
1749  772         2.22694884      6.21502066     -0.22106327
1750  772         2.20524772      6.22358066     -0.17806876
1751  772         2.20427090      6.22402269     -0.13034473
1752  772         2.24522011      6.22389089     -0.06623261
1753  772         2.29845679      6.23202679      0.00178807
1754  772         2.30912928      6.24707229      0.06514908
1755  772         2.28456326      6.27996030      0.11733502
1756  772         2.24369665      6.33964286      0.15090781
1757  772         2.19269907      6.40842081      0.16853646
1758  772         2.15006017      6.45298257      0.15356595
1759  772         2.12002609      6.48669133      0.12973663
1760  772         2.11904977      6.53363283      0.10372861
1761  772         2.16219218      6.59700879      0.09105540
1762  772         2.20893399      6.65329366      0.08735970
1763  772         2.25722656      6.66973878      0.09337730
1764  772         2.29245772      6.69115715      0.12968457
1765  772         2.32833997      6.74964576      0.16606636
1766  772         2.34994900      6.85848041      0.20229185
1767  772         2.36028684      6.99844361      0.24409757
1768  772         2.36099968      7.12482373      0.30146249
1769  772         2.33789152      7.20249064      0.38157382
1770  772         2.33597398      7.23155429      0.46077983
1771  772         2.33061118      7.24535123      0.51425892
1772  772         2.31392948      7.24231605      0.52819498
1773  772         2.25361350      7.22701961      0.51548195
1774  772         2.18442628      7.20562641      0.48833056
1775  772         2.18160672      7.20447297      0.48325003
1776  772         2.23040420      7.25359599      0.52757190
1777  772         2.28435668      7.34016747      0.58846884
1778  772         2.32307744      7.43442775      0.63143178
1779  772         2.34871432      7.51365781      0.65177368
1780  772         2.33869633      7.57184606      0.66057917
1781  772         2.32585479      7.58819602      0.67981489
1782  772         2.29457168      7.56084083      0.72203940
1783  772         2.25068271      7.52383729      0.77777805
1784  772         2.21681906      7.49424730      0.82869679
1785  772         2.20913654      7.47709418      0.87940042
1786  772         2.22000697      7.47327730      0.93961806
1787  772         2.24139172      7.48881916      0.99308521
1788  772         2.26791981      7.50207346      1.01847013
1789  772         2.29803955      7.50522994      1.00317930
1790  772         2.33161391      7.51808786      0.97487384
1791  772         2.34642676      7.52146741      0.97622308
1792  772         2.35672393      7.48135954      1.01299343
1793  772         2.36855072      7.41233502      1.07519435
1794  772         2.40118620      7.36749594      1.16030170
1795  772         2.44984607      7.35137640      1.23190667
1796  772         2.47611178      7.35526464      1.26863795
1797  772         2.47634991      7.34641995      1.27728603
1798  772         2.47424859      7.32240832      1.27144380
1799  772         2.47639264      7.29630357      1.22767917
1800  772         2.46718987      7.26771497      1.15656522
1801  772         2.46353546      7.23516031      1.10162481
1802  772         2.50738793      7.17967357      1.07321873
1803  772         2.57926721      7.12244061      1.07615415
1804  772         2.63967686      7.07119430      1.10330391
1805  772         2.66812353      7.03217560      1.14596315
1806  772         2.68459557      7.00732366      1.17964153
1807  772         2.72460214      6.97914522      1.20501225
1808  772         2.77283348      6.97752701      1.22336264
1809  772         2.79538220      7.01141788      1.21405026
1810  772         2.80338706      7.06181470      1.16016369
1811  772         2.81589646      7.08443516      1.09559872
1812  772         2.82400160      7.07144840      1.07222449
1813  772         2.81530428      7.03075683      1.09252381
1814  772         2.82301813      6.98593725      1.14083226
1815  772         2.86778266      6.94164021      1.17378364
1816  772         2.93629509      6.90209156      1.19502992
1817  772         2.97237833      6.87942406      1.22884600
1818  772         2.96685635      6.85929702      1.28166200
1819  772         2.97643307      6.84457151      1.30616198
1820  772         3.04828422      6.81623227      1.30839841
1821  772         3.13372081      6.80420744      1.34857177
1822  772         3.18689666      6.81718580      1.41811692
1823  772         3.20648869      6.83488359      1.47764139
1824  772         3.22131296      6.83908460      1.50165604
1825  772         3.23608189      6.82581381      1.50002319
1826  772         3.26549388      6.81135968      1.47644727
1827  772         3.31714470      6.80519669      1.44469213
1828  772         3.40027077      6.80633413      1.40106564
1829  772         3.49696049      6.81744165      1.37917424
1830  772         3.58822463      6.84403648      1.38770567
1831  772         3.61793278      6.89201041      1.42886923
1832  772         3.59412024      6.95907392      1.47012996
1833  772         3.58837917      7.03851895      1.51036997
1834  772         3.59743365      7.09369886      1.57029493
1835  772         3.62275252      7.11439560      1.66200754
1836  772         3.64416156      7.13718783      1.77048545
1837  772         3.62845582      7.15027140      1.88166716
1838  772         3.61366423      7.13400539      1.98756941
1839  772         3.59461433      7.11019013      2.06174166
1840  772         3.58170919      7.09911815      2.14513842
1841  772         3.57686528      7.09956921      2.21299132
1842  772         3.61542437      7.12977560      2.24613660
1843  772         3.69088997      7.15829597      2.27433170
1844  772         3.76964695      7.18845460      2.30416916
1845  772         3.83359798      7.20369747      2.31228038
1846  772         3.88669465      7.20863901      2.30028500
1847  772         3.92414730      7.21890976      2.29704677
1848  772         3.92953123      7.23200003      2.30067083
1849  772         3.91771003      7.24087290      2.31201738
1850  772         3.91265050      7.22679672      2.28518435
1851  772         3.92602980      7.18695561      2.21789021
1852  772         3.93262626      7.13902669      2.13610959
1853  772         3.91275672      7.11178478      2.07202814
1854  772         3.90600921      7.11567334      1.99980428
1855  772         3.91578421      7.13986567      1.92626472
1856  772         3.93399912      7.17399954      1.86501511
1857  772         3.97074605      7.21442717      1.82481462
1858  772         4.04394548      7.22063782      1.77728099
1859  772         4.11726642      7.21254520      1.70110202
1860  772         4.15890992      7.19691611      1.66322481
1861  772         4.17528814      7.22272191      1.66323838
1862  772         4.16964955      7.21904806      1.67039294
1863  772         4.18287790      7.22332437      1.67340831
1864  772         4.18483138      7.21895381      1.67087466
1865  772         4.17742401      7.23264557      1.66785439
1866  772         4.18538536      7.22420749      1.66376446
1867  772         4.20347942      7.20077029      1.64029186
1868  772         4.20964372      7.17971695      1.62659553
1869  772         4.21930788      7.16426852      1.60902681
1870  772         4.20328206      7.17759322      1.58187382
1871  772         4.16644909      7.18966308      1.56270708
1872  772         4.15551393      7.19224610      1.52567464
1873  772         4.15596754      7.16240295      1.49250074
1874  772         4.15200012      7.14181049      1.47257963
1875  772         4.11687593      7.16738533      1.47488695
1876  772         4.06187980      7.22510276      1.47063424
1877  772         4.00292843      7.32140530      1.46031518
1878  772         3.93763348      7.41199100      1.46592133
1879  772         3.88315804      7.46045073      1.48967890
1880  772         3.83468613      7.46506721      1.50879366
1881  772         3.77757855      7.44769556      1.51587042
1882  772         3.72815976      7.42229715      1.52567700
1883  772         3.69400445      7.39328997      1.54042876
1884  772         3.65431183      7.35128818      1.52879529
1885  772         3.61660021      7.31219626      1.49379358
1886  772         3.60155759      7.28166539      1.47651774
1887  772         3.60162464      7.25971257      1.49867463
1888  772         3.58441910      7.25297971      1.55143245
1889  772         3.56500887      7.24302786      1.59831242
1890  772         3.54099884      7.22955652      1.61739692
1891  772         3.49095803      7.20790560      1.61257441
1892  772         3.44930408      7.19794666      1.55956633
1893  772         3.42040185      7.19308541      1.49380446
1894  772         3.38696469      7.19160757      1.44823691
1895  772         3.37322779      7.19798306      1.42901471
1896  772         3.37493439      7.19341931      1.42026281
1897  772         3.37435676      7.18844428      1.39801611
1898  772         3.38715512      7.17810391      1.39387823
1899  772         3.39604719      7.17779711      1.44497664
1900  772         3.39238459      7.16629630      1.48976737
1901  772         3.38066498      7.14349274      1.48964719
1902  772         3.37540821      7.13144481      1.46888914
1903  772         3.40073039      7.12288003      1.43069339
1904  772         3.42661501      7.08735110      1.36624276
1905  772         3.43248493      7.07181506      1.29852176
1906  772         3.43497420      7.11627372      1.23809375
1907  772         3.44275458      7.21330397      1.19787073
1908  772         3.45311144      7.31359158      1.20468103
1909  772         3.49310979      7.37787908      1.23620406
1910  772         3.56495741      7.39865811      1.24877179
1911  772         3.63231298      7.40410594      1.24164950
1912  772         3.67156366      7.41002493      1.24184071
1913  772         3.65883598      7.40023015      1.24570470
1914  772         3.62784143      7.37511316      1.24616355
1915  772         3.59435995      7.31614029      1.23445319
1916  772         3.55946974      7.26069950      1.22124574
1917  772         3.51702731      7.25383528      1.22671341
1918  772         3.49488741      7.29689440      1.24321593
1919  772         3.52990555      7.32893059      1.25982651
1920  772         3.60686561      7.32036922      1.28832839
1921  772         3.67333119      7.28930162      1.31539768
1922  772         3.69485675      7.24036401      1.32979707
1923  772         3.69194513      7.19548511      1.36651850
1924  772         3.67926132      7.17139389      1.40648110
1925  772         3.64982217      7.17882189      1.44658563
1926  772         3.58327413      7.18888426      1.47147976
1927  772         3.49921739      7.18550336      1.47449337
1928  772         3.40778992      7.14231972      1.46282774
1929  772         3.33918855      7.04884783      1.45547961
1930  772         3.30245107      6.95150619      1.44992742
1931  772         3.27740216      6.91369162      1.43613065
1932  772         3.27494899      6.92883505      1.43170973
1933  772         3.28107344      6.95109823      1.42502702
1934  772         3.30298146      6.95177827      1.42505002
1935  772         3.32696656      6.94738638      1.43166534
1936  772         3.36247161      6.94677450      1.44785551
1937  772         3.40328060      6.93730965      1.47057491
1938  772         3.45722504      6.90138940      1.50409417
1939  772         3.50974878      6.85086535      1.52673300
1940  772         3.54007294      6.82922507      1.53181472
1941  772         3.53988663      6.83941829      1.53753655
1942  772         3.52587500      6.87702529      1.53178250
1943  772         3.53785927      6.92219131      1.52130881
1944  772         3.57895556      6.94120236      1.52201434
1945  772         3.61452276      6.92985298      1.55368610
1946  772         3.61533350      6.89634492      1.60516855
1947  772         3.61925416      6.86552151      1.63839700
1948  772         3.66012135      6.84108156      1.64774546
1949  772         3.72706802      6.82731111      1.64472651
1950  772         3.76486467      6.81523323      1.64916204
1951  772         3.76227041      6.79320960      1.65688257
1952  772         3.73277324      6.75983676      1.66108795
1953  772         3.70235441      6.71658068      1.67250442
1954  772         3.68618343      6.67320267      1.70848391
1955  772         3.68023677      6.66075012      1.76555709
1956  772         3.66747334      6.66570112      1.82069314
1957  772         3.62610621      6.66267226      1.86721536
1958  772         3.55623027      6.64151372      1.90808093
1959  772         3.48805190      6.62117049      1.93395015
1960  772         3.45924596      6.63136550      1.92476722
1961  772         3.45308900      6.67635816      1.87130066
1962  772         3.45634628      6.73760365      1.80586497
1963  772         3.45631599      6.76299033      1.76549823
1964  772         3.48194793      6.74191196      1.74582408
1965  772         3.52807787      6.71299122      1.73218458
1966  772         3.59274138      6.69523836      1.73943492
1967  772         3.65520154      6.70445720      1.78025759
1968  772         3.71316741      6.72475397      1.81159096
1969  772         3.78111483      6.73862271      1.77723684
1970  772         3.84362112      6.74577956      1.69304238
1971  772         3.89532757      6.76680312      1.60980589
1972  772         3.93173791      6.80947082      1.53275547
1973  772         3.94227374      6.88042145      1.45209873
1974  772         3.92131017      6.92999083      1.38150319
1975  772         3.88703826      6.96111511      1.34256697
1976  772         3.85737518      7.00232083      1.30613365
1977  772         3.84653438      7.07608803      1.28209971
1978  772         3.83854181      7.15734758      1.27260810
1979  772         3.81688340      7.20246792      1.23124517
1980  772         3.77812338      7.18797478      1.10085710
1981  772         3.76742128      7.14421539      0.91391828
1982  772         3.77720951      7.11680074      0.74477381
1983  772         3.78342562      7.11248872      0.64011946
1984  772         3.76912104      7.12073788      0.59500816
1985  772         3.72709430      7.13473045      0.58826110
1986  772         3.69741203      7.14419167      0.61499850
1987  772         3.70141914      7.14878118      0.64381449
1988  772         3.73504677      7.13721863      0.60450597
1989  772         3.76859607      7.11327645      0.50314747
1990  772         3.80021402      7.08554267      0.39487226
1991  772         3.84096511      7.07131063      0.32702397
1992  772         3.87509808      7.07069491      0.29699568
1993  772         3.89707167      7.09040710      0.29150051
1994  772         3.89312822      7.14452328      0.32157953
1995  772         3.87741288      7.22495327      0.36317739
1996  772         3.85714819      7.30438871      0.36512620
1997  772         3.83646343      7.34534301      0.32117177
1998  772         3.80436937      7.34160115      0.26351753
1999  772         3.76320530      7.33039562      0.20928398
2000  772         3.72345212      7.32197139      0.14200990
2001  772         3.67639137      7.33830915      0.06312021
2002  772         3.62971223      7.38693725     -0.02374223
2003  772         3.60758679      7.45255267     -0.07681096
2004  772         3.59533855      7.50541854     -0.07325737
2005  772         3.56711319      7.52498394     -0.02245080
2006  772         3.54077322      7.49655567      0.04305905
2007  772         3.53262471      7.48621003      0.08453913
2008  772         3.54886232      7.51588342      0.07326858
2009  772         3.56862308      7.55436013      0.03627952
2010  772         3.57970056      7.56021524      0.01792653
2011  772         3.56509732      7.54789625      0.03467109
2012  772         3.52333587      7.51163916      0.10625684
2013  772         3.47744857      7.44888456      0.18737028
2014  772         3.45052067      7.39399658      0.25292220
2015  772         3.43271000      7.37340225      0.27386474
2016  772         3.40936288      7.36468726      0.26541623
2017  772         3.39449641      7.35403407      0.23545802
2018  772         3.39192661      7.35288495      0.18586259
2019  772         3.40265601      7.37079897      0.14197402
2020  772         3.40233458      7.38048467      0.11990616
2021  772         3.37569123      7.37495934      0.13286677
2022  772         3.32873890      7.39199040      0.16173260
2023  772         3.28845904      7.44178957      0.19709530
2024  772         3.25645006      7.50759548      0.24597432
2025  772         3.19954144      7.54860297      0.30379672
2026  772         3.09728584      7.57486542      0.31358418
2027  772         2.97961099      7.60682135      0.28460814
2028  772         2.89094702      7.65502362      0.24027287
2029  772         2.83404930      7.68979421      0.20306453
2030  772         2.80015024      7.71340785      0.17693098
2031  772         2.78648301      7.72973150      0.15604374
2032  772         2.78907433      7.74177117      0.13460812
2033  772         2.79792186      7.74795472      0.12497872
2034  772         2.78895736      7.74825510      0.14566039
2035  772         2.76938301      7.77008992      0.19392462
2036  772         2.75409682      7.82751619      0.23465990
2037  772         2.73447956      7.91237658      0.25000743
2038  772         2.70035158      7.98956751      0.27207136
2039  772         2.66718653      8.04734308      0.32757004
2040  772         2.64215322      8.06209311      0.39929582
2041  772         2.59748812      8.05064389      0.47291568
2042  772         2.54797444      8.03577450      0.55831386
2043  772         2.51847708      8.04474253      0.65733186
2044  772         2.52330174      8.07530969      0.75674315
2045  772         2.52572194      8.12035786      0.80402565
2046  772         2.53585507      8.20573806      0.80071415
2047  772         2.56751236      8.32954338      0.79204902
2048  772         2.60158809      8.42394797      0.79591076
2049  772         2.62681976      8.44302326      0.80193429
2050  772         2.65872903      8.42531976      0.83130355
2051  772         2.69123851      8.41804983      0.90040646
2052  772         2.70350738      8.43274297      0.98131196
2053  772         2.68337381      8.42855102      1.04665359
2054  772         2.65949388      8.40359345      1.09083026
2055  772         2.65115021      8.36769172      1.13395541
2056  772         2.65746384      8.34915068      1.18307643
2057  772         2.65562079      8.34937204      1.22116965
2058  772         2.66131013      8.34350950      1.22349995
2059  772         2.70307002      8.31191352      1.22138532
2060  772         2.76897624      8.27000391      1.24209044
2061  772         2.81042448      8.22563074      1.28690774
2062  772         2.81054030      8.16863964      1.33381415
2063  772         2.79450212      8.09098107      1.37246172
2064  772         2.78022308      8.01206268      1.41380242
2065  772         2.78694460      7.95767855      1.47206863
2066  772         2.80049055      7.92527927      1.57303656
2067  772         2.82847484      7.91231567      1.67982799
2068  772         2.86682935      7.88796854      1.76926828
2069  772         2.93063342      7.83685890      1.82410296
2070  772         3.00864206      7.76313707      1.86898678
2071  772         3.08797308      7.68826118      1.92939276
2072  772         3.15934792      7.63994475      2.01729381
2073  772         3.19212149      7.61554515      2.12030330
2074  772         3.17291342      7.59867146      2.22069075
2075  772         3.11412168      7.58878921      2.30009428
2076  772         3.04282699      7.61202479      2.35460670
2077  772         2.97862140      7.65911777      2.40575756
2078  772         2.92893519      7.70507149      2.45992276
2079  772         2.89702478      7.71462511      2.51399761
2080  772         2.90377341      7.69044906      2.56298323
2081  772         2.95499322      7.65706687      2.61635391
2082  772         3.02649092      7.62879403      2.67117025
2083  772         3.07735851      7.59959070      2.70908167
2084  772         3.06521031      7.57837021      2.71922386
2085  772         2.98238531      7.57396797      2.71236112
2086  772         2.87911347      7.59283872      2.71092247
2087  772         2.80102734      7.60316853      2.72357433
2088  772         2.75490746      7.58794082      2.72590085
2089  772         2.73097320      7.54739365      2.71622602
2090  772         2.73319323      7.48959020      2.70375094
2091  772         2.76417763      7.43143229      2.67780677
2092  772         2.82462511      7.36192734      2.64484292
2093  772         2.89274108      7.29198172      2.63007972
2094  772         2.93555131      7.23209098      2.61655529
2095  772         2.91427029      7.19789817      2.58466620
2096  772         2.83919910      7.17322645      2.54924267
2097  772         2.75847386      7.15108430      2.52321567
2098  772         2.67598242      7.13797990      2.50085581
2099  772         2.61344100      7.11909877      2.49533813
2100  772         2.59013201      7.09643170      2.49707724
2101  772         2.61761275      7.09046884      2.52846856
2102  772         2.66795315      7.10100937      2.59443081
2103  772         2.70681437      7.11912239      2.66970495
2104  772         2.71720529      7.13381110      2.73449759
2105  772         2.69357175      7.13423783      2.78037503
2106  772         2.65232211      7.11759348      2.80310987
2107  772         2.60679682      7.10929152      2.80397866
2108  772         2.58504519      7.14750906      2.78589045
2109  772         2.60293774      7.22605081      2.75413708
2110  772         2.66676261      7.29502461      2.72187660
2111  772         2.74412725      7.32602797      2.70081499
2112  772         2.79131329      7.34484360      2.67792255
2113  772         2.78424453      7.38762998      2.65231922
2114  772         2.72186824      7.41716131      2.63940737
2115  772         2.63299406      7.42734081      2.63595685
2116  772         2.56658887      7.42133651      2.62187128
2117  772         2.53319875      7.39735737      2.60266559
2118  772         2.52637695      7.36102685      2.58697604
2119  772         2.51392210      7.35737350      2.57839218
2120  772         2.50911486      7.40553696      2.55783908
2121  772         2.53052980      7.49452857      2.53748391
2122  772         2.58886655      7.59438048      2.55371012
2123  772         2.65292599      7.68691569      2.58497050
2124  772         2.66389834      7.74068465      2.61135772
2125  772         2.61299853      7.76822709      2.63034642
2126  772         2.54442790      7.79348903      2.66166674
2127  772         2.50501723      7.81207583      2.69436374
2128  772         2.53009371      7.83693999      2.70120125
2129  772         2.62267248      7.83947988      2.71387246
2130  772         2.71545282      7.80558078      2.73177687
2131  772         2.77627946      7.75642030      2.70620005
2132  772         2.78438840      7.73509981      2.64672228
2133  772         2.74992904      7.74599846      2.59527526
2134  772         2.72059473      7.75410559      2.55052073
2135  772         2.71897472      7.73839475      2.50381167
2136  772         2.74275001      7.69991265      2.43268663
2137  772         2.76319150      7.65212807      2.34101508
2138  772         2.77254315      7.59378081      2.23990596
2139  772         2.77461913      7.52468465      2.14595664
2140  772         2.76182827      7.47567772      2.04194503
2141  772         2.73138557      7.44912249      1.92282646
2142  772         2.68803166      7.39451110      1.81744854
2143  772         2.63114679      7.31020712      1.74982018
2144  772         2.58344824      7.23654392      1.70403659
2145  772         2.56308369      7.19215836      1.67627748
2146  772         2.57145516      7.15901581      1.66061311
2147  772         2.60751919      7.13087998      1.64482398
2148  772         2.65057574      7.12727646      1.63022796
2149  772         2.67596555      7.15861920      1.61214893
2150  772         2.69001493      7.20786342      1.60809821
2151  772         2.70555140      7.23623139      1.60565407
2152  772         2.74151769      7.23388540      1.57755083
2153  772         2.79998069      7.20069149      1.52452424
2154  772         2.85870066      7.14693725      1.45839123
2155  772         2.89912273      7.09063356      1.40255049
2156  772         2.91860306      7.03678271      1.34805788
2157  772         2.94689799      6.98794118      1.28785815
2158  772         2.98408623      6.95409324      1.24818455
2159  772         3.01094878      6.93446527      1.26220941
2160  772         3.02082685      6.90952239      1.31949464
2161  772         2.99961275      6.88182473      1.37583024
2162  772         2.95587543      6.86357707      1.40153900
2163  772         2.90389823      6.86650251      1.41095088
2164  772         2.86570202      6.87020161      1.40211061
2165  772         2.85680450      6.87587517      1.34086960
2166  772         2.88101663      6.87737566      1.23831557
2167  772         2.91545126      6.87961454      1.14754041
2168  772         2.92826885      6.88217978      1.11521602
2169  772         2.92393217      6.87311590      1.10066931
2170  772         2.92618011      6.85518492      1.07759926
2171  772         2.93408390      6.82999918      1.07573202
2172  772         2.93781098      6.81836491      1.11684218
2173  772         2.94500142      6.82172584      1.15491653
2174  772         2.96569111      6.84405124      1.17297004
2175  772         3.02358582      6.86003417      1.19194224
2176  772         3.10564624      6.87272015      1.20211391
2177  772         3.16470968      6.87011153      1.21626604
2178  772         3.20247028      6.85793957      1.21797429
2179  772         3.22043660      6.85912959      1.22204484
2180  772         3.23273505      6.89929359      1.22621923
2181  772         3.24850231      6.94884896      1.24837935
2182  772         3.28211262      6.98484128      1.26136252
2183  772         3.33898695      7.01836760      1.25869856
2184  772         3.40248349      7.05942257      1.23916558
2185  772         3.46485008      7.11407494      1.25480825
2186  772         3.49972212      7.15962590      1.28874332
2187  772         3.50375398      7.18107546      1.32751226
2188  772         3.48510096      7.17787362      1.36734726
2189  772         3.48090935      7.17627734      1.38788963
2190  772         3.52612916      7.19933352      1.38253101
2191  772         3.58655588      7.25152661      1.33702735
2192  772         3.63613015      7.30230991      1.28079161
2193  772         3.65558994      7.34430518      1.25592472
2194  772         3.64739841      7.37451375      1.26897726
2195  772         3.63889105      7.40343657      1.28198307
2196  772         3.65440184      7.42856167      1.28022567
2197  772         3.68584474      7.42611994      1.28643471
2198  772         3.73943761      7.41376641      1.28534522
2199  772         3.79091930      7.40335219      1.26915855
2200  772         3.81037335      7.39817593      1.25206898
2201  772         3.78138980      7.37255850      1.26650629
2202  772         3.71888888      7.33050310      1.28043859
2203  772         3.65360314      7.26650466      1.28508100
2204  772         3.59989051      7.19365342      1.26797103
2205  772         3.57798701      7.12654151      1.22890612
2206  772         3.57238968      7.06923019      1.20163589
2207  772         3.55871662      7.02295933      1.19222031
2208  772         3.54529242      6.96693276      1.20467770
2209  772         3.55794505      6.91408920      1.19541560
2210  772         3.57535071      6.89679993      1.18365868
2211  772         3.56472091      6.91471358      1.18480487
2212  772         3.52685735      6.93791777      1.21678924
2213  772         3.46692166      6.93532074      1.29084096
2214  772         3.41611095      6.89669815      1.36789832
2215  772         3.38572473      6.86102366      1.43239245
2216  772         3.39186804      6.84761801      1.47233303
2217  772         3.44812070      6.84114307      1.46534552
2218  772         3.51943650      6.82155600      1.42018193
2219  772         3.57510674      6.77827584      1.36725640
2220  772         3.59052368      6.69942103      1.32996152
2221  772         3.54294511      6.59914164      1.31955342
2222  772         3.45475730      6.51197392      1.34542538
2223  772         3.37321837      6.44961590      1.40338880
2224  772         3.29678483      6.40971333      1.47472319
2225  772         3.21707783      6.38373259      1.52392949
2226  772         3.14989812      6.36978222      1.54354486
2227  772         3.13107766      6.37056767      1.52868472
2228  772         3.14606166      6.37955600      1.50285581
2229  772         3.15950117      6.35811429      1.48471188
2230  772         3.15328733      6.32487431      1.46610950
2231  772         3.13173880      6.30447422      1.43491069
2232  772         3.09410722      6.32672500      1.40432265
2233  772         3.05249286      6.37534356      1.38549184
2234  772         3.02492233      6.43162345      1.36720556
2235  772         3.00992006      6.47014633      1.34324619
2236  772         2.99457375      6.46669054      1.30918716
2237  772         2.96935319      6.43372101      1.27052592
2238  772         2.95266555      6.39874593      1.22802207
2239  772         2.96073335      6.38360898      1.16606774
2240  772         2.97820225      6.35438452      1.09259005
2241  772         2.99291879      6.29865069      1.03349077
2242  772         3.00841268      6.23384424      0.98689679
2243  772         3.03153258      6.19957712      0.96507029
2244  772         3.06154738      6.22443544      0.97303120
2245  772         3.09459694      6.28702000      1.01383931
2246  772         3.13405915      6.34174647      1.04962983
2247  772         3.15623503      6.36370646      1.05710351
2248  772         3.13540130      6.35186002      1.03758386
2249  772         3.08759997      6.29829695      0.99620509
2250  772         3.04927601      6.21131376      0.94644922
2251  772         3.06076452      6.10901020      0.91186529
2252  772         3.10494208      6.01862584      0.90769940
2253  772         3.14186113      5.96649829      0.90655753
2254  772         3.15404340      5.96270504      0.88406983
2255  772         3.16118140      6.01355930      0.85014831
2256  772         3.18874786      6.09084881      0.82138115
2257  772         3.23916255      6.17236431      0.77734236
2258  772         3.29862590      6.23477776      0.73444991
2259  772         3.36120509      6.26321163      0.73083757
2260  772         3.41337832      6.24982366      0.74029829
2261  772         3.40918082      6.22810044      0.70228230
2262  772         3.34222316      6.21648013      0.60109287
2263  772         3.24111866      6.19334058      0.48786956
2264  772         3.14319643      6.13479360      0.40543013
2265  772         3.07429132      6.04098375      0.34759763
2266  772         3.05426637      5.94444568      0.31331607
2267  772         3.10805040      5.85472319      0.29650865
2268  772         3.18557255      5.77806480      0.29894024
2269  772         3.20602364      5.75733140      0.31862275
2270  772         3.16139604      5.77675461      0.34111121
2271  772         3.12281124      5.78809572      0.35851513
2272  772         3.11610958      5.78956861      0.37384801
2273  772         3.11948140      5.80747214      0.36028180
2274  772         3.14250986      5.82334691      0.29691609
2275  772         3.17364607      5.83827061      0.21258826
2276  772         3.23969070      5.82668592      0.15382744
2277  772         3.31810553      5.79431822      0.11861602
2278  772         3.39942896      5.75533964      0.10970208
2279  772         3.46934732      5.70099953      0.13115355
2280  772         3.52124132      5.64400877      0.16255232
2281  772         3.54101907      5.62879018      0.16277673
2282  772         3.53906602      5.65532742      0.11717461
2283  772         3.52185938      5.70639467      0.04382763
2284  772         3.49959547      5.76832904     -0.01613133
2285  772         3.49211788      5.82239341     -0.03955536
2286  772         3.50733150      5.88355382     -0.04667815
2287  772         3.55607531      5.93026278     -0.03798153
2288  772         3.61271157      5.92412048     -0.00555881
2289  772         3.63713518      5.89195555      0.05375906
2290  772         3.60487313      5.88428684      0.11809108
2291  772         3.53011248      5.87719463      0.17502460
2292  772         3.44245026      5.84407320      0.23271503
2293  772         3.38661695      5.78855895      0.26914210
2294  772         3.37957009      5.73041477      0.26501732
2295  772         3.40847996      5.69553814      0.25086307
2296  772         3.45296831      5.66454033      0.29309483
2297  772         3.50426806      5.62999870      0.34866227
2298  772         3.55351284      5.59280616      0.38670979
2299  772         3.59286386      5.59260994      0.40950191
2300  772         3.58166473      5.61246592      0.41926013
2301  772         3.55555093      5.64439957      0.41399438
2302  772         3.53318877      5.69290462      0.41743444
2303  772         3.51209302      5.74703224      0.41656474
2304  772         3.49422934      5.77905907      0.39887595
2305  772         3.47737124      5.79808181      0.37763884
2306  772         3.47390962      5.82454823      0.38605411
2307  772         3.46248308      5.86181664      0.43885073
2308  772         3.45939350      5.89514542      0.50900433
2309  772         3.47203451      5.91684292      0.57105631
2310  772         3.49606919      5.91848263      0.60751364
2311  772         3.50116267      5.90281181      0.63709847
2312  772         3.51100609      5.87820795      0.67775386
2313  772         3.53735313      5.89055405      0.72862122
2314  772         3.58811577      5.94635793      0.77585304
2315  772         3.65536233      6.01820759      0.81196636
2316  772         3.70340011      6.07487181      0.83648398
2317  772         3.73977272      6.12484407      0.85844639
2318  772         3.78543901      6.18696226      0.88289613
2319  772         3.83233703      6.24951246      0.90883221
2320  772         3.85703113      6.30704446      0.94356465
2321  772         3.84941720      6.37620500      0.96977259
2322  772         3.81775764      6.45427410      0.98929054
2323  772         3.77216333      6.51241094      0.99805114
2324  772         3.73853668      6.53630767      1.00022219
2325  772         3.72172178      6.51892277      1.00519049
2326  772         3.72237772      6.48200593      1.02459233
2327  772         3.73008235      6.43823201      1.06436866
2328  772         3.76801328      6.41882944      1.12141174
2329  772         3.84081640      6.43354503      1.17764253
2330  772         3.93743746      6.46640666      1.21497131
2331  772         4.02317175      6.52057515      1.23430930
2332  772         4.06522157      6.60569470      1.25235208
2333  772         4.08040941      6.71214541      1.27802674
2334  772         4.09469677      6.79151531      1.29545309
2335  772         4.12861869      6.81921635      1.31477084
2336  772         4.17489653      6.79241413      1.36732936
2337  772         4.22784489      6.73330888      1.43373625
2338  772         4.27060657      6.67849130      1.45044350
2339  772         4.31471669      6.65585942      1.40102914
2340  772         4.35556037      6.66997470      1.30736807
2341  772         4.39093214      6.69450803      1.21725133
2342  772         4.43040160      6.70667867      1.15909465
2343  772         4.47030589      6.68732070      1.14635192
2344  772         4.50232488      6.66823011      1.16326679
2345  772         4.52703748      6.67573835      1.20122761
2346  772         4.55286757      6.72566088      1.25220085
2347  772         4.58254590      6.80488379      1.31050810
2348  772         4.63503633      6.88436983      1.36124432
2349  772         4.69916557      6.95896685      1.39244312
2350  772         4.76004567      7.01675339      1.39519029
2351  772         4.79276649      7.04212608      1.34535960
2352  772         4.79175959      7.05416999      1.24741546
2353  772         4.76972089      7.08317805      1.12215210
2354  772         4.74322204      7.13371180      1.01510520
2355  772         4.72390669      7.19148028      0.98405147
2356  772         4.71728824      7.25228062      1.03739573
2357  772         4.70989977      7.31073541      1.14895561
2358  772         4.70173877      7.37230229      1.27854241
2359  772         4.68978257      7.43620820      1.37193729
2360  772         4.67774991      7.51389780      1.41270353
2361  772         4.68166544      7.60561848      1.41416751
2362  772         4.68891101      7.68487982      1.38195976
2363  772         4.66978997      7.74257467      1.30638982
2364  772         4.64107518      7.76196374      1.19983419
2365  772         4.62316994      7.75389367      1.10919616
2366  772         4.60670871      7.71954480      1.05965422
2367  772         4.57076087      7.67470517      1.05197546
2368  772         4.50883798      7.64875883      1.07071283
2369  772         4.45769389      7.67172333      1.11072680
2370  772         4.43418443      7.73880879      1.15209045
2371  772         4.43969155      7.83623917      1.19256731
2372  772         4.44729140      7.94682674      1.21626956
2373  772         4.46854202      8.02851195      1.19649210
2374  772         4.48520034      8.07888317      1.10329110
2375  772         4.50060636      8.09352841      0.97678325
2376  772         4.49588805      8.07643919      0.92188592
2377  772         4.48930232      8.04341239      0.96852109
2378  772         4.49511150      8.01054117      1.07111858
2379  772         4.50064339      7.98137468      1.16539265
2380  772         4.51197100      7.95557523      1.22684285
2381  772         4.54252708      7.94094287      1.23315743
2382  772         4.59113710      7.93321536      1.20284380
2383  772         4.64398224      7.94018086      1.14074863
2384  772         4.70438151      7.95490206      1.05971159
2385  772         4.76959450      7.96532602      0.98239036
2386  772         4.83691149      7.97149430      0.92351725
2387  772         4.89598980      7.98363424      0.92556781
2388  772         4.93364691      8.00679647      0.96458599
2389  772         4.95618790      8.03349104      0.99025174
2390  772         4.96231333      8.05438906      0.97143627
2391  772         4.96496210      8.07567379      0.93252867
2392  772         4.97387134      8.11581181      0.88283870
2393  772         5.01664045      8.15754922      0.83037897
2394  772         5.05881861      8.19436282      0.75846931
2395  772         5.07571504      8.22951876      0.67758671
2396  772         5.06868765      8.27743323      0.61305472
2397  772         5.04077377      8.34155254      0.56866479
2398  772         4.98523731      8.40872969      0.53660210
2399  772         4.90643399      8.49440419      0.50686236
2400  772         4.82649591      8.57346703      0.49489764
2401  772         4.74005825      8.61015514      0.49295061
2402  772         4.64365701      8.57929287      0.49060533
2403  772         4.56378384      8.51765334      0.48117875
2404  772         4.51011024      8.46726308      0.48035782
2405  772         4.45010423      8.44033448      0.49563695
2406  772         4.39119247      8.42680190      0.54568483
2407  772         4.36038647      8.42711908      0.61885108
2408  772         4.35437061      8.44106562      0.70443802
2409  772         4.34544649      8.47154438      0.76406897
2410  772         4.30811543      8.49826779      0.77123990
2411  772         4.26539840      8.51797766      0.75787612
2412  772         4.25439659      8.53045104      0.76670009
2413  772         4.29158384      8.52165558      0.83245455
2414  772         4.34666166      8.50302638      0.92850057
2415  772         4.39287314      8.45944158      1.03580670
2416  772         4.40751759      8.39969298      1.11597585
2417  772         4.42796754      8.31989614      1.15009099
2418  772         4.48714472      8.25835174      1.14825358
2419  772         4.55829808      8.25023793      1.15159367
2420  772         4.61463603      8.27012396      1.17064053
2421  772         4.66928599      8.28553941      1.20555391
2422  772         4.71067738      8.29987336      1.26355824
2423  772         4.71205354      8.30978346      1.29478802
2424  772         4.67816098      8.30331939      1.28313083
2425  772         4.66661611      8.30459445      1.25042337
2426  772         4.68201751      8.30793366      1.23025798
2427  772         4.70175701      8.34404474      1.21021341
2428  772         4.71496947      8.40632099      1.19308016
2429  772         4.71885578      8.47934903      1.16921251
2430  772         4.72470917      8.54938244      1.15228108
2431  772         4.73186067      8.63552630      1.14204122
2432  772         4.74887845      8.72748287      1.12178741
2433  772         4.78146589      8.78193589      1.10587440
2434  772         4.83082640      8.77854133      1.09653821
2435  772         4.89110034      8.74075284      1.09416668
2436  772         4.93857020      8.71069935      1.07540976
2437  772         4.95042481      8.67384375      1.04192444
2438  772         4.94298878      8.62088346      1.01790147
2439  772         4.92782735      8.58431119      1.02345959
2440  772         4.95364637      8.59971822      1.03719815
2441  772         5.01124959      8.64908761      1.03906681
2442  772         5.07067029      8.69825742      1.00679726
2443  772         5.10653837      8.72151692      0.94957676
2444  772         5.11163790      8.72719062      0.88552001
2445  772         5.11748737      8.72952738      0.83191893
2446  772         5.13060639      8.72660274      0.80269148
2447  772         5.13998904      8.72090016      0.77517004
2448  772         5.11742644      8.72506653      0.74087567
2449  772         5.07170490      8.76068451      0.70677560
2450  772         5.01334445      8.79320042      0.69803118
2451  772         4.96564806      8.80062389      0.71971750
2452  772         4.95601316      8.78825788      0.76063983
2453  772         4.96614339      8.80369691      0.79984494
2454  772         4.94845112      8.86039997      0.81611347
2455  772         4.90744553      8.93255749      0.81785537
2456  772         4.86057374      8.98300169      0.80044040
2457  772         4.81624855      9.01646540      0.76499632
2458  772         4.78738782      9.06300616      0.71633496
2459  772         4.77000283      9.11798098      0.68194488
2460  772         4.75892658      9.16863716      0.67731856
2461  772         4.72873220      9.20549622      0.68209888
2462  772         4.68568125      9.21515365      0.65981430
2463  772         4.64415121      9.21410724      0.65922350
2464  772         4.60934765      9.23154922      0.69959239
2465  772         4.58754053      9.23628359      0.75362043
2466  772         4.57480762      9.24569202      0.80774657
2467  772         4.57102249      9.23681757      0.84440007
2468  772         4.56587272      9.20919193      0.87441744
2469  772         4.56043607      9.17943223      0.86654620
2470  772         4.56584905      9.14675035      0.82831592
2471  772         4.58583410      9.11863392      0.78010136
2472  772         4.61888515      9.11058349      0.74643266
2473  772         4.65738251      9.13893008      0.75814156
2474  772         4.70622567      9.19163104      0.79657310
2475  772         4.76240640      9.23587985      0.82115055
2476  772         4.81751302      9.25786047      0.81377948
2477  772         4.87357195      9.26593510      0.78551710
2478  772         4.91817228      9.26422681      0.74835875
2479  772         4.95068333      9.25793231      0.70748042
2480  772         4.96972151      9.23137639      0.66802896
2481  772         4.96637194      9.18517587      0.63592082
2482  772         4.95825489      9.12837456      0.61368790
2483  772         4.95238217      9.08661713      0.59405907
2484  772         4.93573408      9.07274541      0.57188229
2485  772         4.92362346      9.07890518      0.55041680
2486  772         4.94338731      9.09834684      0.54844940
2487  772         4.96517838      9.10199180      0.56038389
2488  772         4.96764663      9.07238589      0.56514783
2489  772         4.95866558      9.02244726      0.55018937
2490  772         4.94150401      8.98075554      0.51434860
2491  772         4.91539773      8.93885768      0.48182302
2492  772         4.87718798      8.90062090      0.45424113
2493  772         4.84098682      8.86766285      0.44546151
2494  772         4.80695896      8.84855984      0.46637295
2495  772         4.77540883      8.83664088      0.49138604
2496  772         4.73893756      8.85232352      0.49555289
2497  772         4.71377856      8.87343818      0.48838662
2498  772         4.68920245      8.88724280      0.49037511
2499  772         4.65771611      8.88661586      0.47589922
2500  772         4.62505631      8.88572537      0.44661813
2501  772         4.59993289      8.88331247      0.42362079
2502  772         4.60338442      8.86110304      0.44323355
2503  772         4.61607559      8.79804904      0.48718612
2504  772         4.62631191      8.73620156      0.51820459
2505  772         4.61729706      8.72479481      0.52186210
2506  772         4.60232540      8.75075961      0.51743490
2507  772         4.58927367      8.77784007      0.51547767
2508  772         4.58827574      8.76301808      0.52404103
2509  772         4.59080592      8.70113850      0.54775508
2510  772         4.59051012      8.60419487      0.57774926
2511  772         4.58551419      8.50757313      0.59649631
2512  772         4.57403306      8.41820469      0.58620685
2513  772         4.56703246      8.32868939      0.58464729
2514  772         4.57563071      8.24365157      0.60745776
2515  772         4.59929256      8.20275177      0.63579862
2516  772         4.61853782      8.19842469      0.64777285
2517  772         4.61971847      8.20763226      0.66578578
2518  772         4.60996505      8.19545446      0.71001137
2519  772         4.59856815      8.14546594      0.78294776
2520  772         4.59213553      8.07661893      0.85661665
2521  772         4.58691425      8.01382262      0.90074985
2522  772         4.57539979      7.98192100      0.90199678
2523  772         4.55565635      7.94148303      0.88269668
2524  772         4.54329197      7.88027928      0.87244114
2525  772         4.53377745      7.80585650      0.87149291
2526  772         4.51580428      7.74195391      0.90259252
2527  772         4.49915832      7.68273481      0.95377272
2528  772         4.48562355      7.62760758      1.01576082
2529  772         4.46021994      7.59100903      1.04770199
2530  772         4.42048493      7.55631254      1.03716218
2531  772         4.38469588      7.52714872      1.01534648
2532  772         4.36077584      7.49151232      1.00578526
2533  772         4.36559402      7.46857236      1.02034550
2534  772         4.36575298      7.46608342      1.05253658
2535  772         4.34238429      7.47989621      1.07615955
2536  772         4.31130182      7.50846672      1.10788768
2537  772         4.29935617      7.51380912      1.14712904
2538  772         4.29902772      7.48631468      1.17198786
2539  772         4.27697530      7.45005898      1.17107363
2540  772         4.25065753      7.44036171      1.15836532
2541  772         4.23804293      7.47841263      1.15881531
2542  772         4.25799301      7.53589629      1.16066038
2543  772         4.28054459      7.57634068      1.13846959
2544  772         4.28455812      7.58069738      1.09653777
2545  772         4.28486214      7.53990345      1.06663406
2546  772         4.29450613      7.49004658      1.04431502
2547  772         4.30487024      7.47619590      1.03313050
2548  772         4.30675611      7.49886500      1.04136318
2549  772         4.30103596      7.52436550      1.07998820
2550  772         4.30422674      7.55389681      1.14619570
2551  772         4.30657658      7.59649823      1.21028963
2552  772         4.30298479      7.62854139      1.25629366
2553  772         4.32350214      7.63966516      1.28001353
2554  772         4.36437991      7.65025817      1.28972485
2555  772         4.39927946      7.65433893      1.28182814
2556  772         4.41648344      7.64281712      1.26200060
2557  772         4.41673032      7.60285126      1.27381154
2558  772         4.40835194      7.52748168      1.34463630
2559  772         4.39954967      7.45094890      1.39280417
2560  772         4.38465198      7.40060570      1.42201948
2561  772         4.37176602      7.37423964      1.45027645
2562  772         4.38680488      7.33871176      1.49078587
2563  772         4.44215486      7.29084355      1.55055204
2564  772         4.51534197      7.26781528      1.61287254
2565  772         4.56002567      7.25122006      1.65535489
2566  772         4.58144095      7.21924733      1.66632359
2567  772         4.59900194      7.17076758      1.66519307
2568  772         4.61651695      7.11883757      1.66223834
2569  772         4.63147528      7.07822172      1.66328192
2570  772         4.65730567      7.04011911      1.66892189
2571  772         4.69843440      7.01608237      1.70152701
2572  772         4.74167335      7.00446753      1.76186124
2573  772         4.77320866      7.00465460      1.82262038
2574  772         4.78765541      6.98828468      1.87001475
2575  772         4.80435410      6.97592545      1.88823943
2576  772         4.82256727      6.97644933      1.86566926
2577  772         4.80684474      7.01191501      1.79204732
2578  772         4.77410622      7.04929519      1.69959895
2579  772         4.78723847      7.06496517      1.61151928
2580  772         4.84782291      7.06381274      1.55293838
2581  772         4.91714070      7.06422707      1.52607688
2582  772         4.97283581      7.08320216      1.54636464
2583  772         4.98929121      7.10435756      1.57541144
2584  772         4.97453614      7.12250495      1.61335764
2585  772         4.96030282      7.12837299      1.63498812
2586  772         4.94827307      7.14885123      1.63757280
2587  772         4.94536730      7.18301370      1.60617013
2588  772         4.95735216      7.23223598      1.55114850
2589  772         4.98392194      7.27604687      1.50105607
2590  772         5.02816559      7.30875576      1.46086134
2591  772         5.07100795      7.32781479      1.44605532
2592  772         5.11431224      7.34821884      1.42799365
2593  772         5.14954249      7.37371948      1.41752492
2594  772         5.16186682      7.39692912      1.40742302
2595  772         5.14838992      7.41884019      1.40070012
2596  772         5.10463952      7.43524176      1.39311550
2597  772         5.02351443      7.45584599      1.39895701
2598  772         4.94249662      7.47090961      1.39813805
2599  772         4.89751071      7.47069716      1.39367587
2600  772         4.88665503      7.44606410      1.40908660
2601  772         4.90002611      7.41786649      1.42467556
2602  772         4.91767807      7.42112452      1.46095637
2603  772         4.92444692      7.47322992      1.50057937
2604  772         4.90067549      7.54057782      1.55822086
2605  772         4.85975605      7.60145428      1.60605847
2606  772         4.83955814      7.64238579      1.63548303
2607  772         4.85642026      7.64891236      1.65215803
2608  772         4.88882799      7.62010399      1.67527494
2609  772         4.91214582      7.57949979      1.71415502
2610  772         4.92208368      7.55669011      1.75570166
2611  772         4.92790020      7.55863903      1.80602508
2612  772         4.93682837      7.59103915      1.84901331
2613  772         4.92697600      7.62820011      1.89722463
2614  772         4.89988777      7.65538749      1.92788425
2615  772         4.87785351      7.67705800      1.92195415
2616  772         4.85713224      7.69490740      1.86103614
2617  772         4.82527128      7.73076426      1.76729256
2618  772         4.79349075      7.77720161      1.67872802
2619  772         4.78349570      7.80720071      1.62858251
2620  772         4.80539134      7.81535083      1.59126466
2621  772         4.84394891      7.81465312      1.56452204
2622  772         4.88604245      7.80606180      1.55248595
2623  772         4.90708918      7.78615617      1.54810802
2624  772         4.90277566      7.74546837      1.53805042
2625  772         4.86124547      7.70338966      1.50101288
2626  772         4.81649173      7.69378096      1.46880681
2627  772         4.79336433      7.74075587      1.46166829
2628  772         4.78259466      7.81716832      1.47632887
2629  772         4.77182817      7.85544699      1.47550605
2630  772         4.76025332      7.83905439      1.43713066
2631  772         4.76164508      7.82009943      1.37585779
2632  772         4.75168068      7.82698123      1.31112352
2633  772         4.74057507      7.85846709      1.24346578
2634  772         4.75133312      7.89610299      1.18405008
2635  772         4.77907721      7.93027416      1.13299573
2636  772         4.80302394      7.96494938      1.11056964
2637  772         4.83151935      8.00649034      1.11672502
2638  772         4.87162699      8.04245310      1.14116791
2639  772         4.89571873      8.06727763      1.14785285
2640  772         4.88397692      8.07041777      1.11549703
2641  772         4.86607058      8.07018223      1.06636630
2642  772         4.86479069      8.07902322      1.01520097
2643  772         4.85870708      8.07133586      0.97053061
2644  772         4.83220795      8.06772217      0.92810877
2645  772         4.82518089      8.07773403      0.91221983
2646  772         4.84685915      8.07978244      0.94064347
2647  772         4.85362460      8.07353992      0.99199424
2648  772         4.82388430      8.09090239      1.02095245
2649  772         4.78308289      8.12799529      1.02892981
2650  772         4.75749434      8.15635422      1.02124077
2651  772         4.74331164      8.15818882      1.00272097
2652  772         4.73944039      8.13371598      0.96419048
2653  772         4.73698133      8.09859759      0.92837851
2654  772         4.72758374      8.04965926      0.90594457
2655  772         4.71678482      8.00890291      0.88899140
2656  772         4.70139640      7.99149880      0.87823452
2657  772         4.65882267      7.99934511      0.88500308
2658  772         4.60258410      8.02890749      0.91336701
2659  772         4.55092318      8.07399268      0.91963311
2660  772         4.50279021      8.12245093      0.90558819
2661  772         4.46096595      8.14614021      0.87116998
2662  772         4.45192511      8.13141543      0.84583444
2663  772         4.46823487      8.11943693      0.85349194
2664  772         4.47413323      8.12357731      0.90312215
2665  772         4.44670795      8.12840399      0.96884399
2666  772         4.39847253      8.13499223      1.02362687
2667  772         4.34064067      8.13465760      1.04847759
2668  772         4.28265762      8.12771540      1.03818870
2669  772         4.23816923      8.08589186      1.01176986
2670  772         4.20744234      8.03640086      0.98925953
2671  772         4.17241127      8.01262277      0.99986944
2672  772         4.11216597      8.03487644      1.05243081
2673  772         4.03576570      8.07802820      1.14203848
2674  772         3.96344288      8.09685428      1.23408781
2675  772         3.89953764      8.08069608      1.30593600
2676  772         3.84508707      8.02837184      1.33720088
2677  772         3.79574756      7.96626287      1.34959703
2678  772         3.74767192      7.91684737      1.35573923
2679  772         3.69552705      7.91779515      1.34763318
2680  772         3.63810202      7.96119517      1.32719950
2681  772         3.57302280      8.02002933      1.29511745
2682  772         3.51177511      8.06654429      1.27457999
2683  772         3.47201548      8.10310038      1.26983105
2684  772         3.45342665      8.12569379      1.29892125
2685  772         3.45845736      8.12129900      1.35025035
2686  772         3.48671554      8.05037263      1.40334433
2687  772         3.51643303      7.93069816      1.43415400
2688  772         3.52756693      7.80612261      1.43250899
2689  772         3.52321475      7.70577608      1.41505273
2690  772         3.51994909      7.63726040      1.41995583
2691  772         3.51309978      7.58017485      1.47108347
2692  772         3.50420147      7.53997246      1.54439815
2693  772         3.48455182      7.51235888      1.60894583
2694  772         3.43700718      7.47990814      1.64462184
2695  772         3.36905826      7.41430662      1.65234004
2696  772         3.28082204      7.34113581      1.62522222
2697  772         3.21518964      7.28425729      1.57932224
2698  772         3.19660793      7.24259999      1.54570299
2699  772         3.21767913      7.20378130      1.52811500
2700  772         3.24533750      7.17943632      1.51061094
2701  772         3.25431380      7.16417889      1.51554640
2702  772         3.23110198      7.15944621      1.56229510
2703  772         3.17716781      7.16913411      1.61498387
2704  772         3.10536953      7.17992631      1.65484933
2705  772         3.02940636      7.19227978      1.67406242
2706  772         2.96274447      7.19131708      1.67372147
2707  772         2.90271400      7.19757722      1.64865211
2708  772         2.84381541      7.19285325      1.60983413
2709  772         2.77192115      7.21124896      1.58982042
2710  772         2.70704396      7.24207180      1.59422256
2711  772         2.64496480      7.27514872      1.61487917
2712  772         2.58796868      7.30679649      1.63337428
2713  772         2.52963188      7.31920269      1.64154470
2714  772         2.47719102      7.31344442      1.63623651
2715  772         2.43599153      7.30570841      1.61303382
2716  772         2.38300653      7.30360760      1.56274312
2717  772         2.31587692      7.30192180      1.50827772
2718  772         2.23894135      7.29840717      1.48723648
2719  772         2.18573424      7.29561927      1.49469065
2720  772         2.17600847      7.29844614      1.50530698
2721  772         2.20507214      7.29246348      1.49387169
2722  772         2.24089294      7.29768577      1.47347767
2723  772         2.25964802      7.31693971      1.46240676
2724  772         2.26368656      7.35606124      1.45822439
2725  772         2.25796431      7.39522377      1.44889993
2726  772         2.23630317      7.41772315      1.42874831
2727  772         2.21158816      7.42180637      1.41762062
2728  772         2.19832111      7.43535813      1.40816433
2729  772         2.17474466      7.49666267      1.39868224
2730  772         2.14192951      7.58781216      1.37659961
2731  772         2.11637644      7.65095891      1.33454851
2732  772         2.11559990      7.67165684      1.27438471
2733  772         2.12876592      7.67105871      1.18781199
2734  772         2.16069580      7.67534407      1.09844460
2735  772         2.21105031      7.66654187      1.03874706
2736  772         2.27393367      7.63610473      1.01386417
2737  772         2.33235978      7.60086000      0.99393723
2738  772         2.38566947      7.58639391      0.98135186
2739  772         2.44356216      7.59695316      0.97918030
2740  772         2.51053109      7.62302188      0.97379375
2741  772         2.57956126      7.63806694      0.95467926
2742  772         2.65523497      7.63095569      0.92088840
2743  772         2.74551716      7.62033553      0.88902125
2744  772         2.85391721      7.61087809      0.85539868
2745  772         2.98870663      7.59858716      0.81528468
2746  772         3.14410304      7.58697843      0.76907468
2747  772         3.30276682      7.59006950      0.75084617
2748  772         3.42732569      7.60356291      0.77437001
2749  772         3.48502400      7.60643801      0.82071716
2750  772         3.50700893      7.59381052      0.84827319
2751  772         3.52549557      7.58728281      0.85043248
2752  772         3.55042599      7.61131886      0.82454969
2753  772         3.56505444      7.64865156      0.76330322
2754  772         3.59852176      7.66467173      0.69180875
2755  772         3.65712251      7.65512237      0.63318403
2756  772         3.72592190      7.63698965      0.58698803
2757  772         3.78204377      7.62852463      0.57507470
2758  772         3.83504966      7.62875824      0.63095617
2759  772         3.89494379      7.65522281      0.72575145
2760  772         3.94608636      7.69543674      0.80046060
2761  772         3.97316304      7.71409945      0.80827749
2762  772         3.98344067      7.70128614      0.76832842
2763  772         3.98721164      7.67980456      0.74414243
2764  772         3.99142459      7.67713526      0.75160510
2765  772         4.00499602      7.67976593      0.79668756
2766  772         4.02995746      7.68196894      0.88085471
2767  772         4.05698074      7.66080860      0.98786518
2768  772         4.09743748      7.61885796      1.05069327
2769  772         4.14722477      7.57628842      1.04849047
2770  772         4.20641409      7.54471920      1.01249745
2771  772         4.25229464      7.50662281      0.98804028
2772  772         4.26730477      7.45978626      1.00766143
2773  772         4.26130002      7.42820053      1.05879370
2774  772         4.25518131      7.41007678      1.11688503
2775  772         4.24908084      7.39454469      1.17005851
2776  772         4.22537960      7.36087324      1.20724014
2777  772         4.18769911      7.30028090      1.23091074
2778  772         4.15875593      7.23967980      1.24793036
2779  772         4.16432490      7.21839055      1.26463754
2780  772         4.19177260      7.23650583      1.26890056
2781  772         4.21465595      7.27171049      1.26279323
2782  772         4.21883265      7.30541985      1.27005502
2783  772         4.19779622      7.33813131      1.29487222
2784  772         4.15981622      7.36417014      1.30755623
2785  772         4.13100693      7.37721560      1.29348882
2786  772         4.11442594      7.38392994      1.27899351
2787  772         4.11018894      7.37462166      1.28481212
2788  772         4.09850274      7.37162512      1.31518118
2789  772         4.07156070      7.36971499      1.35327797
2790  772         4.04329967      7.37653344      1.39769291
2791  772         4.02004746      7.37494182      1.44410007
2792  772         4.00970582      7.37377279      1.46345970
2793  772         4.04871541      7.39124777      1.49936754
2794  772         4.11355159      7.39885758      1.52627010
2795  772         4.16666539      7.38365763      1.54750046
2796  772         4.19660669      7.34082753      1.58374957
2797  772         4.20299203      7.29503531      1.63664953
2798  772         4.18489318      7.24845087      1.70771948
2799  772         4.16370589      7.18004897      1.75733161
2800  772         4.14752564      7.10562645      1.79097092
2801  772         4.13565745      7.03145846      1.80398944
2802  772         4.11356705      6.96295298      1.80054697
2803  772         4.10140063      6.89570538      1.79154292
2804  772         4.09659357      6.84004916      1.78276985
2805  772         4.10471731      6.81277363      1.78437371
2806  772         4.17171477      6.79043020      1.80380594
2807  772         4.28364596      6.75660009      1.82793778
2808  772         4.40290332      6.72209120      1.83687479
2809  772         4.49036431      6.69785157      1.87174874
2810  772         4.54688032      6.69326578      1.92543508
2811  772         4.58967584      6.67686191      1.96149298
2812  772         4.64180345      6.63323882      1.96489708
2813  772         4.69956887      6.61719053      1.95392501
2814  772         4.73095693      6.63436431      1.97990503
2815  772         4.71740552      6.66390142      1.99470378
2816  772         4.68730938      6.69363350      1.99061852
2817  772         4.69349908      6.72285159      1.97669443
2818  772         4.72797519      6.76111399      1.97763062
2819  772         4.76020838      6.82145532      1.97130387
2820  772         4.77535624      6.88016266      1.93644776
2821  772         4.79301422      6.90492750      1.85728497
2822  772         4.81360132      6.90002828      1.76823605
2823  772         4.84614510      6.90670098      1.69094001
2824  772         4.90832025      6.94471573      1.63253482
2825  772         4.98568394      7.00527877      1.57932204
2826  772         5.03035337      7.05317104      1.53722672
2827  772         5.01977684      7.06536210      1.50872468
2828  772         4.98656250      7.07132125      1.49879204
2829  772         4.96434233      7.12391900      1.50343936
2830  772         4.97344827      7.20976131      1.49139196
2831  772         5.01325173      7.28660229      1.46983604
2832  772         5.07467780      7.29464490      1.45464240
2833  772         5.13617867      7.22894090      1.43558784
2834  772         5.19069993      7.14575363      1.40450376
2835  772         5.23171102      7.10921596      1.39039546
2836  772         5.24265138      7.12191971      1.40248883
2837  772         5.22258670      7.12401115      1.41550826
2838  772         5.18710627      7.08701295      1.41334722
2839  772         5.14682378      7.02017496      1.38586349
2840  772         5.12874733      6.93655743      1.33531116
2841  772         5.13176855      6.83946526      1.27442680
2842  772         5.14241219      6.74904319      1.20535565
2843  772         5.14616857      6.65475233      1.12605967
2844  772         5.15522501      6.52816152      1.04922209
2845  772         5.17670498      6.37187945      0.99703555
2846  772         5.22462079      6.23500770      0.95839746
2847  772         5.28709431      6.13027952      0.91035504
2848  772         5.33588444      6.05111959      0.85235484
2849  772         5.36218419      5.97680753      0.81927480
2850  772         5.35611227      5.92092260      0.82792811
2851  772         5.34348215      5.90476093      0.84884596
2852  772         5.34633634      5.90552263      0.86007732
2853  772         5.37645159      5.90182826      0.85955494
2854  772         5.42043273      5.89752665      0.87484188
2855  772         5.46808789      5.91057590      0.89336452
2856  772         5.49280923      5.94087015      0.90057811
2857  772         5.49506426      5.96740630      0.88787104
2858  772         5.50168748      5.98642127      0.87585319
2859  772         5.53092602      5.99933389      0.89752358
2860  772         5.57386071      6.01218359      0.93605890
2861  772         5.61360816      6.03478699      0.96909547
2862  772         5.66099728      6.05069893      0.99376422
2863  772         5.71671981      6.05108407      1.01780389
2864  772         5.76416782      6.04497141      1.04132987
2865  772         5.77454010      6.05625759      1.06449451
2866  772         5.75848527      6.08552646      1.09216373
2867  772         5.73853540      6.11777485      1.11740917
2868  772         5.71691331      6.15697776      1.12194797
2869  772         5.68935083      6.21650655      1.10822248
2870  772         5.65923326      6.27248416      1.10678961
2871  772         5.62478913      6.30133337      1.11390767
2872  772         5.57706903      6.31232676      1.12648382
2873  772         5.50857386      6.31143850      1.13381634
2874  772         5.42560601      6.28263243      1.13699191
2875  772         5.35169685      6.21828269      1.14468625
2876  772         5.28258170      6.14696887      1.16242199
2877  772         5.19171633      6.09611816      1.15985064
2878  772         5.08166091      6.08678045      1.12585507
2879  772         4.97378330      6.09920828      1.07722515
2880  772         4.88927220      6.09698293      1.06551087
2881  772         4.82355928      6.07733973      1.09812169
2882  772         4.76605892      6.06089164      1.15601763
2883  772         4.70648676      6.04862279      1.21789118
2884  772         4.66675582      6.02376200      1.25595893
2885  772         4.63700521      5.99449744      1.26357037
2886  772         4.58733962      5.98985572      1.24695368
2887  772         4.53270586      6.00971243      1.21392019
2888  772         4.50943912      6.02974689      1.19419576
2889  772         4.50834436      6.03262112      1.20093170
2890  772         4.47961018      6.01600203      1.22866756
2891  772         4.41818433      5.99286483      1.26589768
2892  772         4.36257400      5.97588796      1.28503262
2893  772         4.33499499      5.94934528      1.26617538
2894  772         4.31239376      5.91968520      1.21434950
2895  772         4.29900693      5.91005258      1.16197083
2896  772         4.28379340      5.93273559      1.13292037
2897  772         4.27666536      5.95883364      1.13526421
2898  772         4.28691912      5.96680054      1.15328884
2899  772         4.28908899      5.96236742      1.17304148
2900  772         4.27466761      5.94407298      1.17164777
2901  772         4.24432885      5.91244326      1.14016080
2902  772         4.20272214      5.90012499      1.09813761
2903  772         4.14467254      5.92457056      1.08468868
2904  772         4.07520763      5.94216560      1.09636296
2905  772         4.01139330      5.92209062      1.09724096
2906  772         3.96458318      5.87655516      1.09371156
2907  772         3.93541028      5.83227332      1.12084416
2908  772         3.93178159      5.82507618      1.19033826
2909  772         3.94088266      5.85156149      1.27755519
2910  772         3.95297587      5.87763802      1.37372626
2911  772         3.95826578      5.89059648      1.45194646
2912  772         3.96354699      5.90439511      1.51162752
2913  772         3.96154506      5.92144121      1.56540261
2914  772         3.97007695      5.92544051      1.60862506
2915  772         3.99646347      5.91378128      1.65446136
2916  772         4.01428167      5.89001339      1.70667763
2917  772         4.00846969      5.86292408      1.73854408
2918  772         3.97218116      5.86483846      1.73480067
2919  772         3.90700346      5.90191742      1.70499396
2920  772         3.83001437      5.93064670      1.66516633
2921  772         3.77375599      5.92314426      1.63729325
2922  772         3.74586403      5.90876992      1.61549290
2923  772         3.73568459      5.92607642      1.61575715
2924  772         3.72156105      5.98843822      1.64268811
2925  772         3.71089194      6.06637021      1.70241326
2926  772         3.71223921      6.12767984      1.77529418
2927  772         3.71055620      6.17138978      1.83240625
2928  772         3.69275761      6.20312654      1.84778342
2929  772         3.66404795      6.22682964      1.85146566
2930  772         3.63329846      6.25398331      1.88358248
2931  772         3.59754464      6.27497049      1.92073156
2932  772         3.54074387      6.30918299      1.93432303
2933  772         3.48383198      6.34375196      1.92027258
2934  772         3.45211330      6.35263694      1.89381439
2935  772         3.42466547      6.34395540      1.87546505
2936  772         3.38062801      6.33585436      1.86003997
2937  772         3.30313499      6.33659297      1.84566892
2938  772         3.22027174      6.35366648      1.82695635
2939  772         3.12828521      6.38997022      1.81759816
2940  772         3.03219186      6.41426782      1.83051717
2941  772         2.94808986      6.42539745      1.86764284
2942  772         2.89594027      6.40802500      1.91440815
2943  772         2.86311644      6.37475974      1.97558405
2944  772         2.82035385      6.36061130      2.01876060
2945  772         2.77189629      6.37893138      2.04176334
2946  772         2.73672798      6.41910511      2.06266133
2947  772         2.70615468      6.47594936      2.08715534
2948  772         2.66551712      6.53380937      2.12340826
2949  772         2.62011942      6.58804811      2.17065636
2950  772         2.58558072      6.63853473      2.21461712
2951  772         2.57005468      6.67306044      2.23469467
2952  772         2.54767483      6.70265986      2.22922493
2953  772         2.50203188      6.71695885      2.23318395
2954  772         2.46142440      6.74085105      2.28517359
2955  772         2.44807774      6.80363885      2.36338412
2956  772         2.45919609      6.89317749      2.43906664
2957  772         2.48776838      6.95821638      2.50459647
2958  772         2.52243565      6.98758486      2.56371295
2959  772         2.54505340      7.00221389      2.58254841
2960  772         2.55358632      6.99105023      2.56602806
2961  772         2.54364515      6.94999823      2.53875349
2962  772         2.53942432      6.90168654      2.51475077
2963  772         2.54867051      6.87616207      2.51417367
2964  772         2.57884218      6.87247081      2.52403938
2965  772         2.62398140      6.87348585      2.55802510
2966  772         2.66197132      6.87809670      2.61138739
2967  772         2.69055180      6.89100696      2.66688627
2968  772         2.71059981      6.90088048      2.70781139
2969  772         2.72866101      6.89837304      2.73208568
2970  772         2.72620088      6.88827561      2.74459471
2971  772         2.72417168      6.89087816      2.74079296
2972  772         2.73627463      6.91590634      2.70894366
2973  772         2.77218927      6.93792767      2.64980294
2974  772         2.80895345      6.95861791      2.58426872
2975  772         2.83331435      6.98496654      2.51798607
2976  772         2.84665955      7.01628884      2.47513155
2977  772         2.83375144      7.00830265      2.47200828
2978  772         2.79231636      6.97779123      2.48142264
2979  772         2.74769032      6.97574339      2.47347885
2980  772         2.72529095      7.01025396      2.44649016
2981  772         2.71095275      7.04243609      2.40353713
2982  772         2.69519888      7.04782595      2.35600385
2983  772         2.67196331      7.05089497      2.29446492
2984  772         2.65508785      7.06190612      2.23895229
2985  772         2.64364950      7.07815444      2.19509625
2986  772         2.63537550      7.07227109      2.16664895
2987  772         2.61782626      7.06588343      2.14323881
2988  772         2.59843962      7.05946510      2.11183874
2989  772         2.57850571      7.05101077      2.07524258
2990  772         2.54697333      7.02862325      2.04792676
2991  772         2.50375203      7.01877775      2.01681356
2992  772         2.46338404      7.05388129      1.95778001
2993  772         2.43452115      7.12817587      1.87886460
2994  772         2.40725791      7.22349117      1.79474299
2995  772         2.36361722      7.30059371      1.72304632
2996  772         2.30598827      7.36944093      1.67424966
2997  772         2.27135873      7.42657699      1.64797136
2998  772         2.27482111      7.49119551      1.63594810
2999  772         2.29557819      7.53795724      1.63348261
3000  772         2.33267051      7.53710959      1.63523625
3001  772         2.37006447      7.49089161      1.63770189
3002  772         2.39134693      7.42546784      1.63072580
3003  772         2.41393107      7.39183546      1.63257920
3004  772         2.44074911      7.41036855      1.63950057
3005  772         2.46205025      7.46289045      1.65268551
3006  772         2.46254171      7.51120065      1.68043635
3007  772         2.45733123      7.54146344      1.73174210
3008  772         2.46854724      7.55969871      1.77834956
3009  772         2.49753077      7.57622571      1.80263633
3010  772         2.53644206      7.59021614      1.81238455
3011  772         2.56671772      7.61948323      1.81447400
3012  772         2.57235904      7.65830671      1.81592958
3013  772         2.55693625      7.68353619      1.83167405
3014  772         2.52469372      7.67023921      1.88487545
3015  772         2.45334567      7.62996889      1.95580592
3016  772         2.36082138      7.59628777      2.02858537
3017  772         2.25867126      7.58590608      2.08140794
3018  772         2.15018432      7.60016124      2.10849029
3019  772         2.04111389      7.61916298      2.11410148
3020  772         1.95428972      7.62964696      2.10627712
3021  772         1.90688451      7.61305202      2.09633507
3022  772         1.90612863      7.57610098      2.07756730
3023  772         1.91600749      7.52770656      2.05941028
3024  772         1.92513985      7.47784210      2.06208114
3025  772         1.93799172      7.42260613      2.07829717
3026  772         1.95005378      7.38707954      2.08780372
3027  772         1.96964458      7.39026783      2.08494334
3028  772         2.00318849      7.40438411      2.08493292
3029  772         2.03508283      7.39349467      2.09347989
3030  772         2.01352716      7.35793781      2.08964645
3031  772         1.93640044      7.32817805      2.07195349
3032  772         1.85619808      7.30446917      2.07206334
3033  772         1.80326921      7.27328238      2.05223862
3034  772         1.77610359      7.22092920      2.00027794
3035  772         1.76183935      7.16211055      1.94113765
3036  772         1.76893099      7.09856303      1.90366603
3037  772         1.78357652      7.02779998      1.87630075
3038  772         1.79467809      6.97758268      1.82759992
3039  772         1.79829745      6.95596287      1.76851557
3040  772         1.81107267      6.95199236      1.69518934
3041  772         1.84322099      6.95968916      1.63084125
3042  772         1.86466019      6.99490293      1.59282623
3043  772         1.87328523      7.06439945      1.57387352
3044  772         1.88362661      7.10948856      1.55861926
3045  772         1.89760196      7.10490464      1.53454794
3046  772         1.90810523      7.07109085      1.49789452
3047  772         1.91665105      7.03000042      1.45436110
3048  772         1.91488473      7.00391665      1.41777799
3049  772         1.90515963      6.99269290      1.37881852
3050  772         1.89449554      6.98382081      1.35410447
3051  772         1.89760060      6.96842613      1.32775633
3052  772         1.91528268      6.96769306      1.31642648
3053  772         1.94922648      6.97611275      1.33701685
3054  772         1.98330851      6.98001721      1.38005652
3055  772         2.00865615      6.96048842      1.42282462
3056  772         2.02961204      6.91951047      1.44857926
3057  772         2.05499764      6.90942035      1.46149545
3058  772         2.06445976      6.93110205      1.45989680
3059  772         2.05974791      6.96731366      1.44494534
3060  772         2.06016867      6.99422497      1.42380831
3061  772         2.05461500      7.01010178      1.40041776
3062  772         2.02637542      7.01230073      1.38505773
3063  772         1.98521124      7.00035644      1.39859871
3064  772         1.97741082      6.97862472      1.43220537
3065  772         2.00302303      6.96549661      1.47992856
3066  772         2.02487848      6.96799265      1.53255410
3067  772         2.03188103      6.97066367      1.58414489
3068  772         2.05511745      6.96286597      1.61666622
3069  772         2.08388984      6.94476423      1.62234204
3070  772         2.08851239      6.92093996      1.61563819
3071  772         2.06699198      6.88580770      1.60512668
3072  772         2.03410165      6.85751096      1.59363431
3073  772         2.01450428      6.84395626      1.58075240
3074  772         1.98210213      6.84117667      1.57592962
3075  772         1.94755627      6.85877027      1.60278634
3076  772         1.91305383      6.89375943      1.65613374
3077  772         1.88280001      6.91616970      1.71922284
3078  772         1.84081392      6.92943828      1.77685799
3079  772         1.81062494      6.93633501      1.81675050
3080  772         1.80134843      6.96433781      1.83746165
3081  772         1.79976623      7.02358718      1.83238489
3082  772         1.79260649      7.08521759      1.78558037
3083  772         1.78561384      7.11490864      1.72298155
3084  772         1.78036004      7.13943174      1.66102476
3085  772         1.76817031      7.18583837      1.60707580
3086  772         1.76810622      7.23680675      1.54701076
3087  772         1.76569594      7.27307505      1.49110697
3088  772         1.76899939      7.27948459      1.43903322
3089  772         1.77147877      7.28135833      1.40047423
3090  772         1.79470890      7.29804175      1.38252604
3091  772         1.83955981      7.33178193      1.38885516
3092  772         1.88306719      7.36991747      1.40571329
3093  772         1.90775752      7.40800523      1.42572100
3094  772         1.92195068      7.44229581      1.43440926
3095  772         1.95794157      7.46667443      1.40515554
3096  772         2.01282923      7.48449576      1.35413487
3097  772         2.05390330      7.50234226      1.30519331
3098  772         2.04730574      7.51328044      1.28057726
3099  772         2.03025177      7.51542792      1.26282388
3100  772         2.03598762      7.50190946      1.25052112
3101  772         2.07123290      7.48611866      1.23197639
3102  772         2.10822253      7.47855161      1.21072394
3103  772         2.15427696      7.48446275      1.19445042
3104  772         2.22700854      7.50347832      1.18733483
3105  772         2.31173719      7.52773725      1.19087209
3106  772         2.38656100      7.53771013      1.17844225
3107  772         2.45142307      7.51249029      1.14084485
3108  772         2.50477054      7.45804745      1.08870954
3109  772         2.53040331      7.40339463      1.02201624
3110  772         2.53441921      7.35761622      0.96750855
3111  772         2.54983277      7.34917898      0.93371584
3112  772         2.59558607      7.36890878      0.92581855
3113  772         2.65179601      7.39588514      0.91597196
3114  772         2.71595481      7.39975176      0.89592940
3115  772         2.78162932      7.38655659      0.87202823
3116  772         2.85515275      7.33262866      0.84764589
3117  772         2.90863746      7.27356893      0.82318192
3118  772         2.92052430      7.21967855      0.78797454
3119  772         2.91265258      7.16687608      0.74425117
3120  772         2.90944374      7.11975597      0.71595974
3121  772         2.93056097      7.09425247      0.72093614
3122  772         2.94580955      7.09297811      0.72869132
3123  772         2.93924122      7.08186817      0.72470644
3124  772         2.92416790      7.06267563      0.71365294
3125  772         2.91318560      7.03909959      0.69425875
3126  772         2.90905668      7.01543842      0.65415041
3127  772         2.89947318      6.99722795      0.61010748
3128  772         2.88536271      6.98324249      0.58687230
3129  772         2.87735965      6.97389761      0.58702104
3130  772         2.88152480      6.97728046      0.57744932
3131  772         2.88248898      7.00146323      0.55266077
3132  772         2.87780683      7.03085503      0.52067675
3133  772         2.86199544      7.05039192      0.50391754
3134  772         2.86711697      7.04309068      0.49926551
3135  772         2.89295419      7.02082708      0.49872938
3136  772         2.90896115      7.00013502      0.49409702
3137  772         2.89239737      7.00725566      0.50243904
3138  772         2.84394261      7.02313728      0.51196472
3139  772         2.79315312      7.03239992      0.52638051
3140  772         2.75681573      7.05940716      0.54235917
3141  772         2.73138985      7.09927205      0.56353750
3142  772         2.71256168      7.13133848      0.55535586
3143  772         2.71963579      7.13268754      0.50930857
3144  772         2.74650881      7.12435562      0.45774512
3145  772         2.76796498      7.12958952      0.42107237
3146  772         2.78807528      7.14157396      0.37009201
3147  772         2.81305085      7.14854346      0.31215490
3148  772         2.82064492      7.13902745      0.29145990
3149  772         2.82551289      7.13499250      0.29858584
3150  772         2.85885660      7.16052977      0.32997246
3151  772         2.91926953      7.19764653      0.37540517
3152  772         2.96504244      7.23611264      0.39495427
3153  772         2.99490944      7.27188637      0.38662741
3154  772         2.98468789      7.30533081      0.35973809
3155  772         2.97208432      7.33043787      0.31517777
3156  772         2.96688497      7.33960556      0.27786334
3157  772         2.95481642      7.33018478      0.24909908
3158  772         2.93077671      7.31916029      0.23209121
3159  772         2.89480857      7.31890582      0.23856587
3160  772         2.86397055      7.33544783      0.26453501
3161  772         2.84224212      7.36439424      0.30457948
3162  772         2.81402449      7.39612394      0.35111085
3163  772         2.78041820      7.42190601      0.40055813
3164  772         2.74958784      7.44732309      0.42634763
3165  772         2.72993816      7.46161774      0.42893824
3166  772         2.72383872      7.46671567      0.41710592
3167  772         2.72326699      7.46876016      0.41704607
3168  772         2.71852714      7.47692925      0.43077120
3169  772         2.69550774      7.47990559      0.44072225
3170  772         2.65281778      7.46661013      0.45655250
3171  772         2.59609443      7.46208771      0.51105645
3172  772         2.51775711      7.47489848      0.60102156
3173  772         2.45540499      7.49875194      0.68193805
3174  772         2.42745594      7.51558606      0.73479785
3175  772         2.41030337      7.54251086      0.74926269
3176  772         2.39490176      7.56528740      0.72548625
3177  772         2.37099692      7.57262363      0.67167742
3178  772         2.35731351      7.55131763      0.62030574
3179  772         2.35963496      7.52065352      0.58292765
3180  772         2.36252645      7.50038158      0.56772782
3181  772         2.35790460      7.48459344      0.57221448
3182  772         2.32008604      7.47171802      0.58211195
3183  772         2.24463786      7.45818463      0.57509824
3184  772         2.15998577      7.44646126      0.55671871
3185  772         2.09202774      7.41511732      0.55617374
3186  772         2.03278507      7.37086901      0.56166745
3187  772         1.97477566      7.34068674      0.56799072
3188  772         1.92339694      7.35714522      0.55560587
3189  772         1.88379876      7.39191211      0.52352284
3190  772         1.85677093      7.39540585      0.49259530
3191  772         1.84865588      7.35356514      0.47420397
3192  772         1.85594227      7.28247382      0.46228117
3193  772         1.88850497      7.20701809      0.45538953
3194  772         1.93933002      7.11841145      0.44975835
3195  772         1.98205537      7.02743591      0.43266950
3196  772         2.02049854      6.94637268      0.41711349
3197  772         2.05185489      6.89340429      0.40519909
3198  772         2.07314431      6.85282086      0.39874335
3199  772         2.09294796      6.81320129      0.40215212
3200  772         2.10418992      6.76539219      0.43117505
3201  772         2.11564648      6.70060644      0.47689092
3202  772         2.12317325      6.60221100      0.48659536
3203  772         2.10896585      6.48974666      0.47234354
3204  772         2.10506013      6.39505225      0.46902697
3205  772         2.12589585      6.31605140      0.52529457
3206  772         2.16442694      6.23780217      0.60098091
3207  772         2.20040398      6.15957414      0.67229425
3208  772         2.22347566      6.09193916      0.75632396
3209  772         2.22041133      6.01147136      0.83953563
3210  772         2.20510963      5.91420238      0.89418307
3211  772         2.17556140      5.82813940      0.92387823
3212  772         2.10788061      5.78355887      0.95837572
3213  772         2.01724705      5.77127288      1.02617544
3214  772         1.93771411      5.77330912      1.13339298
3215  772         1.88684392      5.78862557      1.24381540
3216  772         1.88882142      5.78608055      1.33267307
3217  772         1.94247909      5.73300191      1.39666680
3218  772         2.01356796      5.64507033      1.44325897
3219  772         2.08164457      5.56524171      1.47212025
3220  772         2.14297497      5.51604174      1.47260053
3221  772         2.19373504      5.49850818      1.45954905
3222  772         2.23954279      5.49507325      1.46439625
3223  772         2.28895476      5.48896967      1.50138446
3224  772         2.35302650      5.49117129      1.56226479
3225  772         2.43102681      5.49870317      1.63599266
3226  772         2.50732595      5.47799639      1.69693533
3227  772         2.58139308      5.42715287      1.71650370
3228  772         2.65791927      5.37984566      1.69652335
3229  772         2.73063182      5.34847354      1.65747498
3230  772         2.79762025      5.33696810      1.62854776
3231  772         2.84432104      5.33430637      1.60847896
3232  772         2.88262790      5.33395655      1.58257130
3233  772         2.91111876      5.31193171      1.54366730
3234  772         2.92542765      5.27703531      1.51325799
3235  772         2.93519500      5.23772254      1.49998511
3236  772         2.97282498      5.20964729      1.49732901
3237  772         3.02658064      5.18055167      1.50288253
3238  772         3.07987380      5.13811806      1.51387401
3239  772         3.12396396      5.09214405      1.51855506
3240  772         3.17788077      5.03480916      1.52214583
3241  772         3.23685829      4.98299059      1.53322585
3242  772         3.29100431      4.93818555      1.53255193
3243  772         3.31370471      4.89941907      1.51244422
3244  772         3.31660307      4.87152739      1.48247037
3245  772         3.33762733      4.84905447      1.46370339
3246  772         3.38444453      4.82374356      1.45486319
3247  772         3.44936652      4.80688376      1.42954917
3248  772         3.51295901      4.76287194      1.38848676
3249  772         3.53313965      4.67879066      1.36884273
3250  772         3.49323308      4.55898278      1.39490071
3251  772         3.45890496      4.43515210      1.42861795
3252  772         3.47623996      4.32180825      1.42637724
3253  772         3.53065844      4.21193796      1.37203415
3254  772         3.58892793      4.09347414      1.29381831
3255  772         3.64080441      3.97147807      1.24779366
3256  772         3.69618064      3.86915402      1.23521264
3257  772         3.77481343      3.79060427      1.25213389
3258  772         3.86807902      3.73078615      1.29781380
3259  772         3.92903947      3.70200014      1.35354799
3260  772         3.94490264      3.71590472      1.39905498
3261  772         3.94305757      3.76827972      1.42056090
3262  772         3.93588103      3.81003514      1.41001780
3263  772         3.92345411      3.81629077      1.37502312
3264  772         3.89774253      3.78291703      1.33294165
3265  772         3.86296025      3.73157393      1.29112599
3266  772         3.85396710      3.68909299      1.24954687
3267  772         3.88013959      3.66930930      1.21500301
3268  772         3.92339303      3.66763068      1.20728371
3269  772         3.95734127      3.67738767      1.24401924
3270  772         3.96873938      3.69777857      1.29569074
3271  772         3.97368212      3.73915911      1.34416940
3272  772         3.96656420      3.78707831      1.37968403
3273  772         3.94406391      3.80544803      1.41777086
3274  772         3.91533929      3.80600191      1.47407666
3275  772         3.90853404      3.79586105      1.53341514
3276  772         3.92018230      3.77278901      1.55891146
3277  772         3.95618420      3.72809598      1.54744034
3278  772         3.99566002      3.68525983      1.51208570
3279  772         4.01519484      3.65308282      1.45456012
3280  772         4.01552616      3.62722173      1.38869449
3281  772         4.00213391      3.62862088      1.34320625
3282  772         3.98837015      3.64237995      1.32505952
3283  772         3.98753248      3.66290983      1.31269697
3284  772         3.99630833      3.70245160      1.30956283
3285  772         4.00312991      3.76164365      1.29732138
3286  772         3.99211435      3.81360277      1.26736283
3287  772         3.97040160      3.83657827      1.21262514
3288  772         3.94239285      3.82512365      1.16261659
3289  772         3.90876420      3.79538501      1.13352912
3290  772         3.89723920      3.76184270      1.12922938
3291  772         3.91849635      3.72499079      1.14256567
3292  772         3.95182224      3.70371868      1.16065065
3293  772         3.96459658      3.69480265      1.19179263
3294  772         3.95934979      3.69317959      1.22551148
3295  772         3.96509271      3.68000400      1.25605811
3296  772         3.99723820      3.67549753      1.26183272
3297  772         4.03603033      3.69410197      1.26453061
3298  772         4.04894195      3.71058315      1.27732784
3299  772         4.02696492      3.69223241      1.29797048
3300  772         3.99003615      3.64416266      1.31103307
3301  772         3.95213061      3.60724414      1.32392011
3302  772         3.90748638      3.59455203      1.34227501
3303  772         3.85967645      3.59837236      1.36338264
3304  772         3.83133833      3.60199169      1.38244168
3305  772         3.84565103      3.60820192      1.40189237
3306  772         3.90356014      3.62902484      1.45597751
3307  772         3.98061563      3.62752280      1.52185917
3308  772         4.06550508      3.59007265      1.57367264
3309  772         4.16214067      3.54070967      1.60832781
3310  772         4.25749418      3.47895361      1.63292356
3311  772         4.32902291      3.40418700      1.63946413
3312  772         4.37074868      3.33240627      1.61379262
3313  772         4.37138646      3.28952215      1.57454906
3314  772         4.36139425      3.27392037      1.55162068
3315  772         4.36117367      3.26664577      1.57003797
3316  772         4.36791880      3.26885340      1.61644207
3317  772         4.35900650      3.27990285      1.64927991
3318  772         4.34956531      3.29356219      1.65358355
3319  772         4.33859853      3.27859586      1.64775177
3320  772         4.35292681      3.24197326      1.64116183
3321  772         4.38364927      3.18965132      1.60831776
3322  772         4.38669704      3.14922209      1.53221997
3323  772         4.35996207      3.14348818      1.42398170
3324  772         4.33290980      3.15898902      1.35123024
3325  772         4.34162526      3.17389233      1.36095786
3326  772         4.36196598      3.18407610      1.40833529
3327  772         4.35245525      3.18621402      1.41831006
3328  772         4.30612426      3.19473597      1.37350851
3329  772         4.27132499      3.21125802      1.32754415
3330  772         4.27125384      3.24898358      1.30849571
3331  772         4.26957764      3.28740457      1.31434434
3332  772         4.24018684      3.27780919      1.31637123
3333  772         4.20799878      3.24698966      1.33021617
3334  772         4.19622268      3.24956131      1.36683007
3335  772         4.19470980      3.30313142      1.41685522
3336  772         4.17041038      3.37132819      1.45454552
3337  772         4.12210461      3.40912322      1.48349277
3338  772         4.06762609      3.41402006      1.49954380
3339  772         4.03763307      3.42275163      1.49938597
3340  772         4.04342292      3.44202846      1.47617130
3341  772         4.05795803      3.45239145      1.42154025
3342  772         4.06548682      3.44079314      1.35917969
3343  772         4.05796175      3.40039673      1.30105841
3344  772         4.04290665      3.35796432      1.24945081
3345  772         4.02544542      3.33708597      1.19218264
3346  772         4.01696152      3.35992671      1.14553101
3347  772         3.99891283      3.40344131      1.11745471
3348  772         3.96430959      3.43827640      1.11702586
3349  772         3.92167983      3.46361293      1.12802436
3350  772         3.87718142      3.48027891      1.14462107
3351  772         3.83777358      3.47833788      1.14443905
3352  772         3.82724764      3.49575112      1.09717388
3353  772         3.79358300      3.51048986      1.02937592
3354  772         3.71771615      3.48961416      0.98408855
3355  772         3.62877367      3.46696122      0.97819531
3356  772         3.54965395      3.44906640      0.98847822
3357  772         3.50615119      3.46034327      1.02055056
3358  772         3.51014834      3.48544561      1.06214553
3359  772         3.53086574      3.52130411      1.08596148
3360  772         3.53628512      3.54045448      1.06928618
3361  772         3.52049192      3.53822628      1.03113022
3362  772         3.48526655      3.52258150      1.01079537
3363  772         3.45599170      3.51930769      1.00036762
3364  772         3.43936082      3.53743284      0.99235876
3365  772         3.44035781      3.54857857      1.00599004
3366  772         3.43095429      3.55166878      1.05744255
3367  772         3.41095869      3.56468840      1.10640894
3368  772         3.38775485      3.60356934      1.13510388
3369  772         3.34072929      3.62590201      1.13493921
3370  772         3.27027999      3.62151729      1.11128703
3371  772         3.19805773      3.60426015      1.07254438
3372  772         3.16741178      3.62549837      1.02178109
3373  772         3.16082902      3.68751493      0.99111647
3374  772         3.14691846      3.74143691      0.99038681
3375  772         3.09695943      3.75998172      1.01503348
3376  772         3.02401783      3.76573311      1.04451350
3377  772         2.96414899      3.79009423      1.09496517
3378  772         2.92422797      3.82174872      1.15032520
3379  772         2.89442297      3.84390610      1.19869296
3380  772         2.85678154      3.84788574      1.20380594
3381  772         2.80917113      3.84342680      1.16579313
3382  772         2.74315586      3.83035377      1.09749082
3383  772         2.68816073      3.81937434      1.02434558
3384  772         2.67327114      3.82970920      0.96068113
3385  772         2.68959284      3.87065895      0.90276690
3386  772         2.68858990      3.90533422      0.85452426
3387  772         2.66068148      3.91722233      0.80590508
3388  772         2.63028888      3.93211252      0.76915249
3389  772         2.61417424      3.94130607      0.74670836
3390  772         2.59898853      3.94469773      0.74450658
3391  772         2.56859213      3.93042192      0.75724070
3392  772         2.54385955      3.91879080      0.76253750
3393  772         2.52204782      3.90704628      0.73297155
3394  772         2.49349050      3.90539585      0.68339070
3395  772         2.45910645      3.92147977      0.64322034
3396  772         2.43368238      3.95300281      0.60094204
3397  772         2.42154796      3.99000778      0.55859236
3398  772         2.41103642      4.01775260      0.52294615
3399  772         2.38378194      4.03591173      0.50414553
3400  772         2.34562141      4.03300463      0.49717876
3401  772         2.28876467      4.02264227      0.49132966
3402  772         2.20727468      4.01657985      0.49012120
3403  772         2.12266153      3.99518062      0.50807352
3404  772         2.05094151      3.98888288      0.52522122
3405  772         2.00212177      4.00817232      0.53188435
3406  772         1.99496559      4.03217763      0.55127993
3407  772         2.01889461      4.04672193      0.59452196
3408  772         2.05317381      4.05293645      0.63901724
3409  772         2.06134266      4.06337545      0.66661795
3410  772         2.01669336      4.07665494      0.67859244
3411  772         1.92318597      4.07979075      0.68526441
3412  772         1.81627530      4.10436676      0.68914186
3413  772         1.75748091      4.17495524      0.69125437
3414  772         1.76025408      4.28216537      0.72321011
3415  772         1.78437325      4.40612229      0.78186910
3416  772         1.80878162      4.51581259      0.82798738
3417  772         1.83012071      4.61063642      0.82693743
3418  772         1.82029259      4.68848609      0.79886851
3419  772         1.77328640      4.71954090      0.77665368
3420  772         1.71162632      4.73199398      0.76040077
3421  772         1.66587944      4.75419269      0.73617272
3422  772         1.65350789      4.78027794      0.70164966
3423  772         1.66210632      4.79194711      0.66802735
3424  772         1.67765999      4.79902282      0.64469161
3425  772         1.70794308      4.82211641      0.62749710
3426  772         1.76283086      4.84107059      0.60581272
3427  772         1.79757509      4.85279169      0.60022170
3428  772         1.78974695      4.86544440      0.60281888
3429  772         1.76495107      4.87951572      0.59421041
3430  772         1.74622753      4.88411047      0.57766360
3431  772         1.74756360      4.88688829      0.54234224
3432  772         1.75892564      4.88607797      0.49546994
3433  772         1.75010222      4.85940572      0.44756954
3434  772         1.71867748      4.82190919      0.40132315
3435  772         1.71733606      4.79706994      0.34336056
3436  772         1.71770740      4.77665037      0.29241510
3437  772         1.72373880      4.76912666      0.24337711
3438  715        -0.22694580      3.32486178      0.83990592
3439  715        -0.20149395      3.29310177      0.77622254
3440  715        -0.22188340      3.22612643      0.74589387
3441  715        -0.27826364      3.14329744      0.74909170
3442  715        -0.32938945      3.05279086      0.76135753
3443  715        -0.34768191      2.98101689      0.76807194
3444  715        -0.34673158      2.90297031      0.76753310
3445  715        -0.35762312      2.80290091      0.75918123
3446  715        -0.38003363      2.70699648      0.73299494
3447  715        -0.40019356      2.64474374      0.69742489
3448  715        -0.38798076      2.64500443      0.65004374
3449  715        -0.36383321      2.67579948      0.60332318
3450  715        -0.33076687      2.71003991      0.56501010
3451  715        -0.27732765      2.72729757      0.55822796
3452  715        -0.19668450      2.71919858      0.57721149
3453  715        -0.11961890      2.68240615      0.59737642
3454  715        -0.06241082      2.62852711      0.61144297
3455  715        -0.03691103      2.58903296      0.60085150
3456  715        -0.05858211      2.55974295      0.55944408
3457  715        -0.08944642      2.54328469      0.51891951
3458  715        -0.08517794      2.54255681      0.51774190
3459  715        -0.03766891      2.55377506      0.53298607
3460  715         0.03406091      2.56865193      0.57499005
3461  715         0.08206238      2.58770330      0.62623104
3462  715         0.10173540      2.60014266      0.67706473
3463  715         0.11727424      2.60868542      0.71538662
3464  715         0.12104150      2.62291540      0.74562562
3465  715         0.09894272      2.63927291      0.79132149
3466  715         0.06763189      2.62467358      0.84113488
3467  715         0.05064774      2.59209869      0.88369727
3468  715         0.06282085      2.58040679      0.93441151
3469  715         0.07855243      2.59668713      1.00487264
3470  715         0.08748621      2.64899814      1.07023814
3471  715         0.10803161      2.72337445      1.13770592
3472  715         0.10342405      2.76776189      1.17109848
3473  715         0.07553802      2.76338470      1.15441645
3474  715         0.06162816      2.74285221      1.11859868
3475  715         0.09366980      2.73775290      1.08144676
3476  715         0.14025564      2.76890996      1.05646829
3477  715         0.18370219      2.81175913      1.03600974
3478  715         0.23678855      2.84017060      1.00506104
3479  715         0.29771397      2.84600626      0.95870981
3480  715         0.34154430      2.84436728      0.91323107
3481  715         0.33183339      2.83845866      0.87904125
3482  715         0.26259241      2.81804819      0.88802175
3483  715         0.15329671      2.80287028      0.93976379
3484  715         0.05180676      2.80257310      1.02066530
3485  715         0.00073055      2.80441004      1.11402697
3486  715        -0.00646773      2.76986750      1.19777183
3487  715        -0.02250540      2.71951383      1.26991455
3488  715        -0.06925880      2.69650190      1.33861374
3489  715        -0.10680320      2.68075931      1.41235746
3490  715        -0.09975629      2.63278321      1.47928508
3491  715        -0.07126750      2.55977113      1.55139959
3492  715        -0.05315256      2.50075475      1.61052186
3493  715        -0.04692310      2.46361608      1.64464120
3494  715        -0.06235437      2.42269188      1.66676664
3495  715        -0.06514127      2.38617739      1.70521170
3496  715        -0.05948749      2.36265933      1.76554433
3497  715        -0.05962759      2.34090696      1.82557418
3498  715        -0.10344411      2.29667068      1.86080727
3499  715        -0.18904874      2.25731106      1.87705497
3500  715        -0.25698268      2.24592072      1.89187226
3501  715        -0.26437857      2.25083129      1.91592942
3502  715        -0.23300734      2.25955408      1.94424336
3503  715        -0.21368749      2.24900880      1.96181188
3504  715        -0.22098377      2.21557392      1.96982102
3505  715        -0.25224881      2.17704672      1.95400004
3506  715        -0.30355993      2.15336641      1.91478153
3507  715        -0.36439656      2.13920900      1.86835657
3508  715        -0.41054395      2.15199501      1.85855232
3509  715        -0.41921059      2.20232891      1.88474593
3510  715        -0.39268850      2.27336649      1.91310141
3511  715        -0.36707449      2.32082602      1.91623805
3512  715        -0.35669580      2.30873271      1.90167574
3513  715        -0.33755172      2.26680005      1.85869898
3514  715        -0.29595053      2.24338293      1.77321261
3515  715        -0.24596677      2.24327618      1.67398012
3516  715        -0.22545132      2.25003104      1.60988702
3517  715        -0.25737961      2.22274596      1.58489815
3518  715        -0.33916524      2.17542905      1.55927145
3519  715        -0.42936614      2.12266792      1.53039682
3520  715        -0.51183288      2.06967047      1.51760368
3521  715        -0.57961293      2.03709022      1.50973749
3522  715        -0.63365654      2.02346784      1.47949958
3523  715        -0.67190974      2.02842843      1.43246766
3524  715        -0.72011379      2.04966177      1.41135599
3525  715        -0.73650481      2.10104198      1.43248290
3526  715        -0.72574040      2.17728117      1.52117939
3527  715        -0.70843049      2.21075502      1.60703576
3528  715        -0.68492733      2.18367126      1.62374990
3529  715        -0.64209531      2.11739578      1.60884830
3530  715        -0.57628397      2.02539267      1.59327877
3531  715        -0.51732972      1.99122888      1.65766186
3532  715        -0.45337723      2.04374646      1.78249589
3533  715        -0.36107143      2.14634978      1.90262186
3534  715        -0.26653462      2.25171895      1.97649027
3535  715        -0.20266436      2.32451033      1.99808687
3536  715        -0.15923216      2.35043409      1.98524813
3537  715        -0.11751367      2.32839225      1.93786520
3538  715        -0.07832446      2.30132073      1.88678731
3539  715        -0.03265653      2.30934802      1.83337802
3540  715         0.02272115      2.37740903      1.79755097
3541  715         0.09380750      2.45634383      1.76473738
3542  715         0.16116804      2.50302188      1.70733502
3543  715         0.20336674      2.51790019      1.62614501
3544  715         0.22919027      2.54781705      1.54249808
3545  715         0.24131835      2.62241384      1.48803760
3546  715         0.26404613      2.73205588      1.45971156
3547  715         0.30775895      2.82145983      1.43203496
3548  715         0.37026716      2.87151292      1.36080887
3549  715         0.44995732      2.89743244      1.28684107
3550  715         0.53886276      2.91045630      1.21958472
3551  715         0.60820157      2.91352726      1.17765461
3552  715         0.64923656      2.94518843      1.18069981
3553  715         0.67200009      3.02989939      1.21791423
3554  715         0.68155230      3.12933753      1.26018181
3555  715         0.69401358      3.20707225      1.30186910
3556  715         0.71211542      3.27814337      1.33516717
3557  715         0.72870980      3.36384788      1.33401671
3558  715         0.73913796      3.45822687      1.30891472
3559  715         0.75425832      3.54137455      1.28200992
3560  715         0.78677423      3.60578176      1.28397760
3561  715         0.83203794      3.66610232      1.31516646
3562  715         0.86861870      3.72987114      1.36138304
3563  715         0.89606181      3.78779215      1.39824538
3564  715         0.92037606      3.83212271      1.40391356
3565  715         0.94571003      3.85550571      1.39632485
3566  715         0.97282822      3.87589362      1.40719496
3567  715         0.99670791      3.92266469      1.42327163
3568  715         1.03540537      3.96933293      1.40096604
3569  715         1.08540306      3.98592408      1.35242264
3570  715         1.12497264      3.97543311      1.30868574
3571  715         1.16092738      3.94266374      1.27053435
3572  715         1.20291587      3.92184507      1.24392418
3573  715         1.24221358      3.91598526      1.26208091
3574  715         1.28027087      3.89770395      1.29146404
3575  715         1.34933954      3.87299069      1.31974194
3576  715         1.46179759      3.85509978      1.33233211
3577  715         1.56515096      3.83851365      1.33172419
3578  715         1.65122694      3.84741494      1.33832044
3579  715         1.73685850      3.87629588      1.35387602
3580  715         1.81988765      3.93399853      1.37984597
3581  715         1.88453486      4.01004747      1.42572031
3582  715         1.93099387      4.06898041      1.45111119
3583  715         1.95704036      4.05115627      1.42421365
3584  715         1.98148351      3.97254386      1.36360865
3585  715         2.00891739      3.88025196      1.30047487
3586  715         2.02510741      3.81086399      1.25218408
3587  715         2.04044856      3.75406792      1.20310125
3588  715         2.06330036      3.69747143      1.15020416
3589  715         2.07567672      3.64881570      1.11397626
3590  715         2.06224894      3.62856991      1.10503917
3591  715         2.04692117      3.62704892      1.11194185
3592  715         2.04804946      3.63562745      1.11556446
3593  715         2.05792595      3.64249191      1.12302434
3594  715         2.04562345      3.65988384      1.13706519
3595  715         2.00206619      3.66995486      1.16455527
3596  715         1.95376733      3.67309491      1.17951648
3597  715         1.93219610      3.67520223      1.16516748
3598  715         1.91582377      3.68246774      1.13117262
3599  715         1.88903628      3.68650296      1.09792276
3600  715         1.84803301      3.68031183      1.07148132
3601  715         1.79868743      3.67522177      1.04916754
3602  715         1.75335432      3.64939915      1.02899243
3603  715         1.73340874      3.60719519      0.99945951
3604  715         1.75721065      3.57177899      0.96059878
3605  715         1.80061176      3.55853190      0.92980081
3606  715         1.80194171      3.54235404      0.92884232
3607  715         1.73968731      3.51785612      0.95767544
3608  715         1.66997489      3.50870875      1.01057374
3609  715         1.65676243      3.51556784      1.08031050
3610  715         1.68895483      3.53720064      1.14608065
3611  715         1.71934232      3.55210812      1.20373131
3612  715         1.74468712      3.56233293      1.25157828
3613  715         1.77571301      3.59895164      1.27087192
3614  715         1.82526808      3.67930450      1.24954661
3615  715         1.86145350      3.77467964      1.21578483
3616  715         1.87003468      3.86043827      1.19875854
3617  715         1.85634497      3.92505077      1.18856360
3618  715         1.82779474      3.99108329      1.19029902
3619  715         1.79507749      4.06909250      1.21974998
3620  715         1.76813659      4.13914286      1.26625271
3621  715         1.76148939      4.18120443      1.30914991
3622  715         1.77286375      4.20952723      1.33741480
3623  715         1.81044340      4.23723317      1.35199200
3624  715         1.86443687      4.26828844      1.34990551
3625  715         1.92463956      4.29754004      1.34793508
3626  715         1.95719316      4.30597587      1.36222516
3627  715         1.95993431      4.31774827      1.38770097
3628  715         1.96152467      4.34660222      1.39476019
3629  715         1.97184435      4.39648762      1.38307307
3630  715         1.98145259      4.43954518      1.36559652
3631  715         1.98209765      4.43847666      1.35946647
3632  715         1.97038502      4.40899681      1.35982350
3633  715         1.97112414      4.39744685      1.38449703
3634  715         2.00816698      4.40991084      1.42264688
3635  715         2.06922683      4.44665440      1.45099136
3636  715         2.10451768      4.48138112      1.47415840
3637  715         2.10393732      4.48832967      1.51314293
3638  715         2.08385074      4.49085584      1.55898676
3639  715         2.07977424      4.49365268      1.59493005
3640  715         2.08345664      4.48969168      1.60679352
3641  715         2.07847487      4.46024985      1.61422587
3642  715         2.04967993      4.43636677      1.63311356
3643  715         2.03197606      4.42579298      1.65260355
3644  715         2.05252030      4.41898808      1.67591333
3645  715         2.08808398      4.39246131      1.72633764
3646  715         2.12670255      4.34397116      1.78950861
3647  715         2.16923887      4.29813492      1.83851330
3648  715         2.22678376      4.25603404      1.87194547
3649  715         2.27431357      4.20951638      1.87933183
3650  715         2.31583226      4.15974791      1.87696406
3651  715         2.34827762      4.14892777      1.87461420
3652  715         2.37959607      4.15524234      1.86871109
3653  715         2.41907965      4.15907487      1.85295735
3654  715         2.47340225      4.14147527      1.84968440
3655  715         2.52566115      4.10519037      1.87337255
3656  715         2.56455361      4.07462020      1.90339064
3657  715         2.57789172      4.07077111      1.91590261
3658  715         2.56234385      4.06943724      1.90474719
3659  715         2.56344555      4.03970046      1.88346272
3660  715         2.60514776      3.99467710      1.85213826
3661  715         2.65352078      3.95414877      1.79560851
3662  715         2.68903962      3.95214314      1.71891670
3663  715         2.75435537      3.96957298      1.67121507
3664  715         2.85454502      3.98223082      1.67525682
3665  715         2.93393420      3.98307366      1.70276694
3666  715         2.98171060      3.98284796      1.73066228
3667  715         3.03255808      3.99284975      1.74157605
3668  715         3.07588372      4.00892522      1.72584569
3669  715         3.07097782      4.00555852      1.68813428
3670  715         3.03733592      3.97996068      1.63272910
3671  715         3.04635232      3.96037298      1.58916913
3672  715         3.11240290      3.96006653      1.58763953
3673  715         3.18012787      3.96187285      1.59145790
3674  715         3.21447552      3.94631666      1.58352421
3675  715         3.24778654      3.92343507      1.57549895
3676  715         3.27520564      3.90516060      1.56283609
3677  715         3.27106119      3.87808648      1.54606955
3678  715         3.24985690      3.85535374      1.50899382
3679  715         3.24972717      3.83579882      1.44979415
3680  715         3.27801166      3.81326110      1.39165354
3681  715         3.30610727      3.78872141      1.33184566
3682  715         3.35001608      3.77331821      1.28374839
3683  715         3.43907824      3.77788910      1.24710213
3684  715         3.55930146      3.79602918      1.23797715
3685  715         3.65466705      3.80228930      1.24805645
3686  715         3.71128916      3.78663375      1.26945693
3687  715         3.74301370      3.77219539      1.29470988
3688  715         3.77417040      3.78137128      1.30167916
3689  715         3.79680809      3.81014529      1.28926147
3690  715         3.80308034      3.83819043      1.27376814
3691  715         3.80094616      3.85602583      1.28409413
3692  715         3.82174274      3.86955941      1.31260288
3693  715         3.86718773      3.87728831      1.35480457
3694  715         3.90298204      3.87428649      1.39569054
3695  715         3.93328704      3.86059285      1.41988491
3696  715         3.96169663      3.82351334      1.43028651
3697  715         3.97285126      3.77501711      1.44004669
3698  715         3.96472675      3.72773493      1.45640192
3699  715         3.94494262      3.69350302      1.47449058
3700  715         3.93842611      3.65957323      1.51056869
3701  715         3.95445886      3.61532931      1.57150988
3702  715         3.99612159      3.57796222      1.64615061
3703  715         4.05809968      3.56887366      1.70059302
3704  715         4.12114429      3.58291904      1.74012817
3705  715         4.16791595      3.60718856      1.76344486
3706  715         4.16180956      3.62484479      1.78351208
3707  715         4.10954704      3.61653767      1.78360496
3708  715         4.05306291      3.58230567      1.78827695
3709  715         4.03443557      3.53492210      1.80086700
3710  715         4.02389083      3.49715637      1.80698742
3711  715         4.00870232      3.49219637      1.81524075
3712  715         3.99020824      3.51827998      1.85107744
3713  715         3.98097710      3.54701182      1.91993438
3714  715         3.99063735      3.57031523      1.98490764
3715  715         4.01157361      3.60912892      2.02555746
3716  715         4.02178168      3.67148477      2.03423733
3717  715         3.99014871      3.74663213      2.01414415
3718  715         3.93228633      3.81193569      1.97547464
3719  715         3.87250884      3.84201605      1.95210821
3720  715         3.82904998      3.84087359      1.95612510
3721  715         3.79956137      3.82082725      1.98557813
3722  715         3.79111680      3.81296701      2.00443247
3723  715         3.79180027      3.82561098      1.98398522
3724  715         3.78354695      3.85040975      1.94221665
3725  715         3.76777884      3.89536930      1.90115098
3726  715         3.76742257      3.94958933      1.86520994
3727  715         3.78245458      3.98142132      1.80227724
3728  715         3.78041500      3.97782493      1.70973007
3729  715         3.77127423      3.96105681      1.59828274
3730  715         3.77621749      3.95136823      1.50282265
3731  715         3.81947347      3.95154521      1.41847530
3732  715         3.89018370      3.94187865      1.34317720
3733  715         3.97263028      3.93148059      1.29330316
3734  715         4.05151754      3.93932647      1.26123810
3735  715         4.12331390      3.95413773      1.24607700
3736  715         4.19046094      3.97186284      1.21893753
3737  715         4.23245305      3.97673083      1.18736037
3738  715         4.25723830      3.98395463      1.18694586
3739  715         4.27561741      3.99867236      1.21914605
3740  715         4.27225991      4.01356274      1.27363098
3741  715         4.24697998      4.01740660      1.33166805
3742  715         4.20844857      4.02634019      1.38776934
3743  715         4.17077917      4.09184249      1.43623024
3744  715         4.16615568      4.19504332      1.46511992
3745  715         4.19512862      4.28945890      1.46433492
3746  715         4.21962248      4.37513866      1.44398410
3747  715         4.21545498      4.44421396      1.42242496
3748  715         4.21085721      4.49169877      1.42065742
3749  715         4.23083411      4.53712972      1.44401087
3750  715         4.27034744      4.60032132      1.48375216
3751  715         4.30955307      4.66297947      1.50497146
3752  715         4.32536655      4.69250883      1.50060303
3753  715         4.31987044      4.69995971      1.47180889
3754  715         4.27663337      4.69797156      1.44747203
3755  715         4.24824740      4.69449585      1.43318518
3756  715         4.27869309      4.71388693      1.46771166
3757  715         4.36118187      4.76698561      1.54577596
3758  715         4.44140898      4.81104238      1.60621458
3759  715         4.47830936      4.83364027      1.62509345
3760  715         4.49476240      4.84669394      1.60555574
3761  715         4.50592037      4.85931818      1.57205923
3762  715         4.50736378      4.88415987      1.52623715
3763  715         4.48520451      4.90229642      1.48838657
3764  715         4.47034294      4.89847296      1.48947493
3765  715         4.47547892      4.89089162      1.53412984
3766  715         4.48410615      4.92445680      1.56685055
3767  715         4.47844420      4.98578643      1.57203241
3768  715         4.46325056      5.04343329      1.56654505
3769  715         4.44686249      5.08140681      1.57775138
3770  715         4.42163094      5.10058866      1.59246720
3771  715         4.39372801      5.10560717      1.56895330
3772  715         4.39891478      5.10623132      1.50054605
3773  715         4.45097119      5.10282119      1.39685523
3774  715         4.51975578      5.08594309      1.31882577
3775  715         4.57298554      5.05818269      1.28691406
3776  715         4.59811430      5.02438718      1.27654910
3777  715         4.61254414      5.00593576      1.25847690
3778  715         4.61195450      4.99919292      1.20304639
3779  715         4.56670170      4.97957012      1.10895512
3780  715         4.50250342      4.95017990      1.01015724
3781  715         4.44314309      4.93991767      0.93295333
3782  715         4.42825520      4.94609791      0.87248299
3783  715         4.44755376      4.96223198      0.80942091
3784  715         4.47237752      4.99477005      0.73634201
3785  715         4.45444092      5.01464551      0.61814996
3786  715         4.42569437      4.99978131      0.49231897
3787  715         4.41308986      4.93803649      0.41391889
3788  715         4.38576098      4.84652560      0.39138113
3789  715         4.34849641      4.75824205      0.37652402
3790  715         4.31254978      4.70484049      0.37010139
3791  715         4.30230475      4.68975687      0.36494838
3792  715         4.33474195      4.68027163      0.35147107
3793  715         4.39521298      4.66562947      0.32370982
3794  715         4.45791268      4.64698595      0.29039560
3795  715         4.52247537      4.62692661      0.26056207
3796  715         4.57263727      4.60664310      0.24141427
3797  715         4.60639822      4.57841270      0.22027147
3798  715         4.63691756      4.53683259      0.18693604
3799  715         4.65534325      4.46866997      0.17076916
3800  715         4.67073523      4.39848260      0.15614324
3801  715         4.67232156      4.35172757      0.15579182
3802  715         4.65928110      4.35767236      0.15015252
3803  715         4.62532933      4.39648211      0.13284487
3804  715         4.59074323      4.43831022      0.10871613
3805  715         4.55890302      4.46284759      0.07882538
3806  715         4.53429340      4.46819406      0.06158442
3807  715         4.50636383      4.45605059      0.06007033
3808  715         4.49505720      4.43549590      0.06381819
3809  715         4.49845399      4.41389476      0.05701263
3810  715         4.50509635      4.40178194      0.05723961
3811  715         4.51132973      4.40632356      0.06291750
3812  715         4.51008356      4.42190305      0.05898052
3813  715         4.50350013      4.43786120      0.04465173
3814  715         4.47557184      4.44995708      0.04980131
3815  715         4.44830957      4.46501471      0.08968107
3816  715         4.44035504      4.48713652      0.14965543
3817  715         4.46676016      4.51686010      0.19435862
3818  715         4.49726591      4.54321078      0.20696465
3819  715         4.48956883      4.53599008      0.19708488
3820  715         4.43292836      4.50586099      0.17939455
3821  715         4.34311393      4.47221763      0.15213857
3822  715         4.25039076      4.44362867      0.10673627
3823  715         4.17978598      4.41671266      0.05872238
3824  715         4.13448850      4.39644783      0.02596329
3825  715         4.08868171      4.38239433      0.01030511
3826  715         4.04080514      4.38380300      0.01832265
3827  715         3.99383507      4.39000334      0.04847673
3828  715         3.95331363      4.38114972      0.09247299
3829  715         3.91863862      4.34966781      0.13874739
3830  715         3.89404435      4.30263572      0.17462937
3831  715         3.87621460      4.25900762      0.21379892
3832  715         3.86260823      4.23180100      0.26247327
3833  715         3.84541013      4.22904809      0.29968268
3834  715         3.83277494      4.25150266      0.31458025
3835  715         3.82137775      4.31115211      0.32178056
3836  715         3.79633524      4.38054853      0.32848024
3837  715         3.75670456      4.44716208      0.34931805
3838  715         3.75422138      4.50167920      0.37750049
3839  715         3.79997434      4.53728943      0.40639783
3840  715         3.82782905      4.55064070      0.41954200
3841  715         3.81052329      4.55603400      0.40863052
3842  715         3.77832514      4.58059275      0.36071081
3843  715         3.77712599      4.60538469      0.30598710
3844  715         3.79542962      4.61880684      0.26492037
3845  715         3.82431206      4.65479736      0.21837972
3846  715         3.85876988      4.72508491      0.15508018
3847  715         3.90924166      4.80543152      0.09823789
3848  715         3.95737325      4.85760780      0.06440683
3849  715         3.98782577      4.87675092      0.05672263
3850  715         4.00372159      4.87883281      0.04712900
3851  715         4.00414697      4.89224846      0.02433770
3852  715         3.98342686      4.90959100      0.00515552
3853  715         3.94371197      4.93295194      0.01134751
3854  715         3.92111803      4.96921055      0.02249452
3855  715         3.92617609      5.03464319      0.01005068
3856  715         3.92295348      5.10455036     -0.04870161
3857  715         3.88884086      5.16795583     -0.14291570
3858  715         3.85504608      5.22488508     -0.25990703
3859  715         3.84571904      5.28354907     -0.38045797
3860  715         3.84924503      5.35617334     -0.47376009
3861  715         3.85992321      5.42702764     -0.52518469
3862  715         3.88951797      5.49519964     -0.52582925
3863  715         3.95784461      5.55358904     -0.50393856
3864  715         4.03596197      5.60031392     -0.48503879
3865  715         4.09375397      5.63759827     -0.47995744
3866  715         4.12805209      5.67822932     -0.48038638
3867  715         4.16472926      5.72858821     -0.47507801
3868  715         4.20018192      5.76770307     -0.46390101
3869  715         4.22462339      5.77561494     -0.45616732
3870  715         4.24231611      5.75759118     -0.44868805
3871  715         4.25358975      5.74494825     -0.42974375
3872  715         4.24534568      5.74797285     -0.40105482
3873  715         4.19459673      5.76912448     -0.37202905
3874  715         4.13886245      5.80240449     -0.34345737
3875  715         4.10851918      5.85155504     -0.32066296
3876  715         4.12154218      5.92290392     -0.30800787
3877  715         4.15537010      6.01232539     -0.29834525
3878  715         4.18351734      6.09314982     -0.30105154
3879  715         4.17443281      6.14941612     -0.31591281
3880  715         4.14546231      6.20812995     -0.33878434
3881  715         4.09686740      6.27523889     -0.36275371
3882  715         4.03212261      6.32365159     -0.39192956
3883  715         3.95876783      6.33195347     -0.43833039
3884  715         3.90426137      6.32891718     -0.49822638
3885  715         3.89285191      6.32597788     -0.54328012
3886  715         3.91111785      6.32589918     -0.55236256
3887  715         3.94134829      6.35497634     -0.54729701
3888  715         3.98223047      6.41649114     -0.56425244
3889  715         4.01692552      6.48207734     -0.60483876
3890  715         4.01203460      6.54957485     -0.64679886
3891  715         3.97053663      6.61881883     -0.68315898
3892  715         3.91908705      6.68860732     -0.70479801
3893  715         3.89051363      6.73175625     -0.71764903
3894  715         3.87175632      6.74642036     -0.70036802
3895  715         3.86302617      6.73281979     -0.66489090
3896  715         3.86848672      6.72230941     -0.63763704
3897  715         3.87922698      6.70812675     -0.62953509
3898  715         3.86373781      6.68738196     -0.62943103
3899  715         3.82925198      6.68595006     -0.64218276
3900  715         3.79953726      6.75007984     -0.66694935
3901  715         3.75262988      6.86547677     -0.66765937
3902  715         3.69620453      6.98447458     -0.64003780
3903  715         3.64958036      7.07406195     -0.60130886
3904  715         3.63176221      7.10557157     -0.54894041
3905  715         3.64415249      7.08682404     -0.49643197
3906  715         3.67659915      7.02570158     -0.47298396
3907  715         3.70235901      6.96655542     -0.48325942
3908  715         3.67872820      6.92981151     -0.48880546
3909  715         3.59768721      6.91723498     -0.45846116
3910  715         3.50904880      6.92148639     -0.40806464
3911  715         3.43507088      6.94727401     -0.37107862
3912  715         3.39707552      6.97088615     -0.35360553
3913  715         3.38611768      6.97672589     -0.34475030
3914  715         3.40940099      6.95789836     -0.34376806
3915  715         3.44253119      6.94221394     -0.35265841
3916  715         3.47158687      6.95179171     -0.36702114
3917  715         3.49565660      6.98061674     -0.36628982
3918  715         3.50059755      7.00911655     -0.35376306
3919  715         3.47908271      7.02577675     -0.34837004
3920  715         3.42952764      7.02865714     -0.36055669
3921  715         3.38973469      7.00748295     -0.38605162
3922  715         3.38402060      6.96681419     -0.39934954
3923  715         3.42255295      6.92616471     -0.40571934
3924  715         3.48113193      6.91337354     -0.40525936
3925  715         3.54070510      6.91438520     -0.39562735
3926  715         3.59138554      6.92157166     -0.37274694
3927  715         3.64309697      6.92857798     -0.35541526
3928  715         3.71018332      6.92775053     -0.34126447
3929  715         3.77309417      6.92577385     -0.32500988
3930  715         3.79661200      6.93775536     -0.30419628
3931  715         3.75868362      6.94801849     -0.28894260
3932  715         3.69926781      6.94325858     -0.27753349
3933  715         3.66294936      6.92263629     -0.25036187
3934  715         3.67528620      6.88894180     -0.19895395
3935  715         3.71313626      6.85615011     -0.12726340
3936  715         3.74473349      6.83171308     -0.05737734
3937  715         3.76271912      6.83185679      0.00775287
3938  715         3.76899298      6.85324067      0.06296459
3939  715         3.77710431      6.89049049      0.11618643
3940  715         3.77040637      6.92163797      0.15385595
3941  715         3.75892511      6.92127081      0.16090390
3942  715         3.75444342      6.90321085      0.14196312
3943  715         3.76555010      6.87877832      0.12509965
3944  715         3.78402955      6.84774438      0.11839837
3945  715         3.79281921      6.82367573      0.13436547
3946  715         3.78283910      6.82137288      0.18293040
3947  715         3.76872444      6.83613978      0.23227844
3948  715         3.76852434      6.87063328      0.27922264
3949  715         3.79079635      6.92141269      0.32167108
3950  715         3.81139128      6.96224694      0.35309231
3951  715         3.82513906      6.98369040      0.35344473
3952  715         3.84801558      7.00538348      0.35408268
3953  715         3.86970829      7.03836214      0.38309419
3954  715         3.86471150      7.05484364      0.40767697
3955  715         3.83485414      7.04058502      0.40089953
3956  715         3.82987801      7.04402053      0.38629514
3957  715         3.84571566      7.10950302      0.40441283
3958  715         3.85731488      7.17423132      0.44117164
3959  715         3.84491162      7.17712405      0.46347360
3960  715         3.82552854      7.14584036      0.48390928
3961  715         3.81566116      7.12892860      0.52861783
3962  715         3.81220431      7.12355289      0.57343918
3963  715         3.80325337      7.09756809      0.59576567
3964  715         3.78225666      7.05822397      0.61466280
3965  715         3.77021464      7.02334743      0.67043243
3966  715         3.75714515      7.01977487      0.75703130
3967  715         3.72284062      7.04373684      0.83309756
3968  715         3.66803027      7.07216616      0.88321079
3969  715         3.61974648      7.08367160      0.93443942
3970  715         3.59266674      7.07351078      1.01722068
3971  715         3.56890411      7.03949677      1.09859982
3972  715         3.54014611      6.99165247      1.14752253
3973  715         3.51957449      6.94862513      1.17512664
3974  715         3.52367009      6.92347837      1.22053766
3975  715         3.54554513      6.93145969      1.29114053
3976  715         3.55543981      6.95203526      1.34716967
3977  715         3.55925977      6.96365543      1.37698206
3978  715         3.55785531      6.95450886      1.40864536
3979  715         3.56776180      6.92448556      1.45071346
3980  715         3.58069443      6.88006847      1.47934588
3981  715         3.58756747      6.83006886      1.47949597
3982  715         3.61199958      6.79345343      1.49045747
3983  715         3.64316073      6.78643722      1.52803199
3984  715         3.66817009      6.78697975      1.56167766
3985  715         3.66977222      6.79397694      1.61104341
3986  715         3.65893762      6.80393439      1.67348009
3987  715         3.65829661      6.82172741      1.71183025
3988  715         3.68022228      6.81754063      1.73103639
3989  715         3.69650903      6.78911114      1.74388505
3990  715         3.66948405      6.76708948      1.76559561
3991  715         3.61105905      6.76543488      1.78993564
3992  715         3.55015910      6.77994458      1.81359907
3993  715         3.51633829      6.81552137      1.82961945
3994  715         3.51317520      6.86020139      1.83953962
3995  715         3.53067588      6.89966530      1.82846332
3996  715         3.54342249      6.92859547      1.80283595
3997  715         3.54260095      6.92914608      1.77147428
3998  715         3.53465209      6.91730733      1.74987999
3999  715         3.49521024      6.90933304      1.74866268
4000  715         3.43041911      6.91837519      1.77552556
4001  715         3.36006919      6.93491895      1.82292777
4002  715         3.32029464      6.95702510      1.87075609
4003  715         3.34135370      6.99204397      1.88281147
4004  715         3.40095274      7.02985251      1.86243631
4005  715         3.44298479      7.07139357      1.84094410
4006  715         3.43017824      7.12812760      1.84693915
4007  715         3.35975119      7.19538611      1.89026101
4008  715         3.27326661      7.24877664      1.96134204
4009  715         3.20170233      7.29041951      2.00156936
4010  715         3.14549833      7.31374668      1.97636218
4011  715         3.10817110      7.32149961      1.90597245
4012  715         3.09801670      7.31774543      1.81965574
4013  715         3.09887890      7.31800257      1.73561857
4014  715         3.08923505      7.34086448      1.66750545
4015  715         3.09812022      7.38968493      1.60548585
4016  715         3.12836245      7.43444576      1.53828603
4017  715         3.14398554      7.46922525      1.46002886
4018  715         3.12140489      7.50453650      1.38624125
4019  715         3.06822553      7.51934249      1.33917362
4020  715         3.00796933      7.51225991      1.33614832
4021  715         2.94843909      7.49869840      1.36964297
4022  715         2.88317911      7.47541246      1.41148248
4023  715         2.82464253      7.40170837      1.40558248
4024  715         2.79435136      7.31268993      1.33230590
4025  715         2.81717225      7.25914272      1.23125452
4026  715         2.89672820      7.25901320      1.17503692
4027  715         2.99714856      7.31691052      1.16898909
4028  715         3.08788900      7.36088964      1.18196529
4029  715         3.13966175      7.37385093      1.20482246
4030  715         3.15607347      7.34387128      1.24816563
4031  715         3.14466240      7.29621696      1.26847019
4032  715         3.11445068      7.26480472      1.24742017
4033  715         3.08575751      7.26653803      1.20314748
4034  715         3.06156815      7.29604773      1.15975561
4035  715         3.05973800      7.33721568      1.13239842
4036  715         3.07893828      7.37994847      1.12496913
4037  715         3.08899807      7.42541551      1.14338697
4038  715         3.06923352      7.45994974      1.18898097
4039  715         3.03163789      7.46823010      1.22780160
4040  715         2.98742594      7.45075498      1.23208137
4041  715         2.94322234      7.43450807      1.22133267
4042  715         2.89919338      7.44897072      1.19615606
4043  715         2.87320429      7.48696442      1.15355079
4044  715         2.85512221      7.51361961      1.11172686
4045  715         2.82987719      7.52000857      1.09740228
4046  715         2.80717549      7.50785148      1.12625522
4047  715         2.78904955      7.49313484      1.16537517
4048  715         2.78581530      7.47176858      1.18181154
4049  715         2.79304767      7.43253706      1.17676801
4050  715         2.81166855      7.38084687      1.15171855
4051  715         2.84668334      7.34676783      1.09142728
4052  715         2.90081645      7.33507264      1.02021263
4053  715         2.96854072      7.32418355      0.96834518
4054  715         3.03900690      7.30468583      0.96080997
4055  715         3.09739884      7.29650882      0.99298308
4056  715         3.15970006      7.30012338      1.01008765
4057  715         3.23191041      7.30974544      0.99375910
4058  715         3.27717446      7.31008775      0.95113774
4059  715         3.26209337      7.30818277      0.91833417
4060  715         3.20187788      7.31377125      0.92095793
4061  715         3.11262678      7.33490078      0.96924091
4062  715         3.01820266      7.36793304      1.02413664
4063  715         2.93743371      7.38760537      1.05902417
4064  715         2.88555946      7.39816961      1.08575225
4065  715         2.83886378      7.40379636      1.10742819
4066  715         2.78824563      7.43177717      1.11225515
4067  715         2.74025637      7.47686197      1.10085433
4068  715         2.69977759      7.50793180      1.09171066
4069  715         2.65362529      7.49268359      1.07004854
4070  715         2.59176975      7.45579508      1.02755572
4071  715         2.53859131      7.44917568      0.98548706
4072  715         2.49683672      7.47402509      0.98874966
4073  715         2.46726943      7.51188433      1.03811423
4074  715         2.43294739      7.54881910      1.08679963
4075  715         2.38275771      7.58802735      1.08868953
4076  715         2.31952918      7.62491561      1.05679452
4077  715         2.25779912      7.66172518      1.03605470
4078  715         2.22069586      7.71158983      1.06447319
4079  715         2.20359528      7.77995881      1.14259328
4080  715         2.19089088      7.86624039      1.23012977
4081  715         2.18132225      7.94158594      1.27902598
4082  715         2.17128246      7.99199686      1.27753460
4083  715         2.14741397      8.02142308      1.25325973
4084  715         2.09657869      8.04894400      1.23330032
4085  715         2.01408602      8.07908623      1.23165520
4086  715         1.92891000      8.10533287      1.24640890
4087  715         1.85887203      8.12060269      1.27280795
4088  715         1.82386399      8.12211351      1.31196469
4089  715         1.82976162      8.10871237      1.33002892
4090  715         1.88399802      8.09014291      1.33121792
4091  715         1.96295298      8.07952750      1.33488434
4092  715         2.05011184      8.05395581      1.32741200
4093  715         2.09843116      8.01163137      1.32023944
4094  715         2.12776902      7.95165918      1.28270297
4095  715         2.13172241      7.88350917      1.23946344
4096  715         2.12595303      7.81904421      1.22036740
4097  715         2.10887630      7.77248282      1.21417463
4098  715         2.08767471      7.73405867      1.20372291
4099  715         2.06838757      7.71129867      1.18178759
4100  715         2.03250205      7.70686072      1.16489525
4101  715         1.98861269      7.69332484      1.17652094
4102  715         1.93184791      7.67056157      1.21242892
4103  715         1.91638857      7.64387250      1.24584721
4104  715         1.92296362      7.65190133      1.25713659
4105  715         1.91557321      7.66157598      1.26903250
4106  715         1.88477870      7.63875116      1.28859123
4107  715         1.84426848      7.58545204      1.31530711
4108  715         1.81252266      7.53921632      1.33932399
4109  715         1.79135820      7.53119423      1.33535902
4110  715         1.77242924      7.54482523      1.28570991
4111  715         1.74325654      7.57189802      1.20290087
4112  715         1.70445713      7.60309271      1.13910033
4113  715         1.66518458      7.63604842      1.12715411
4114  715         1.63703325      7.64920983      1.15817529
4115  715         1.60191253      7.64680019      1.20066753
4116  715         1.53519624      7.64906229      1.23911678
4117  715         1.44329808      7.66746523      1.27023677
4118  715         1.36133232      7.69981302      1.28293884
4119  715         1.28393998      7.72417595      1.28447837
4120  715         1.19854296      7.74260185      1.27424471
4121  715         1.11066963      7.76802993      1.24587829
4122  715         1.04531855      7.80706457      1.21733341
4123  715         1.00272798      7.83458910      1.20752174
4124  715         0.97252836      7.85391753      1.18603198
4125  715         0.94975081      7.84374612      1.15003681
4126  715         0.90753453      7.82732170      1.12573541
4127  715         0.85472239      7.79388518      1.10294533
4128  715         0.79885195      7.76016805      1.06703581
4129  715         0.75296172      7.75154558      1.04405421
4130  715         0.73271431      7.74995696      1.04030441
4131  715         0.73530592      7.74505631      1.04617401
4132  715         0.73088844      7.76886589      1.05214169
4133  715         0.71413101      7.83899721      1.05035642
4134  715         0.68268728      7.90249222      1.03152698
4135  715         0.61897583      7.90885647      1.00553565
4136  715         0.53278893      7.87665913      1.00783352
4137  715         0.46660367      7.84667169      1.01145227
4138  715         0.43004555      7.82205572      0.98136377
4139  715         0.42036732      7.81896733      0.93306139
4140  715         0.43008736      7.83428227      0.89415904
4141  715         0.44199194      7.86442813      0.89042073
4142  715         0.45456647      7.89549129      0.91304636
4143  715         0.45303792      7.93081409      0.94613000
4144  715         0.44584524      7.98577944      0.98654883
4145  715         0.42349043      8.04629192      1.01956137
4146  715         0.39861391      8.09499638      1.02946375
4147  715         0.37293254      8.14928764      1.03039390
4148  715         0.37471536      8.21070915      1.04557778
4149  715         0.40617382      8.26121036      1.05788113
4150  715         0.45486863      8.28738290      1.07196276
4151  715         0.51549157      8.29416541      1.09001380
4152  715         0.58901116      8.29827337      1.12405402
4153  715         0.66505163      8.29289263      1.15113711
4154  715         0.71573265      8.27362614      1.15659003
4155  715         0.72071409      8.25761427      1.14732677
4156  715         0.71543222      8.25054905      1.13332762
4157  715         0.72773247      8.22828479      1.12556953
4158  715         0.75671553      8.19098504      1.14429664
4159  715         0.79041782      8.16443902      1.18633944
4160  715         0.82826168      8.14534057      1.23093568
4161  715         0.86900686      8.12924464      1.26317045
4162  715         0.90780249      8.10199494      1.27647785
4163  715         0.93505533      8.08751113      1.26976997
4164  715         0.94893387      8.09203271      1.23776512
4165  715         0.93965624      8.10386739      1.18906283
4166  715         0.92786820      8.09964855      1.16361037
4167  715         0.92804230      8.09490601      1.17499291
4168  715         0.94593511      8.11155167      1.20200262
4169  715         0.96442067      8.12244531      1.22647584
4170  715         0.96745610      8.10988624      1.23746901
4171  715         0.97810395      8.08969640      1.25836082
4172  715         1.00034998      8.09159832      1.30029692
4173  715         1.00650443      8.10786312      1.34315160
4174  715         0.99124878      8.11119525      1.34425275
4175  715         0.97576435      8.11605729      1.32453632
4176  715         0.98473501      8.13978175      1.29414225
4177  715         1.01343813      8.17610096      1.25431450
4178  715         1.04504329      8.17559559      1.23733120
4179  715         1.08310076      8.14185418      1.27802546
4180  715         1.12239022      8.09489107      1.35723384
4181  715         1.10266992      8.06942789      1.41454134
4182  715         1.01681977      8.05220631      1.41955152
4183  715         0.91969315      8.02285919      1.38922728
4184  715         0.86373818      8.00893675      1.37390870
4185  715         0.85057801      8.01920340      1.39930960
4186  715         0.86259434      8.06248846      1.45752097
4187  715         0.88141862      8.10087930      1.51819302
4188  715         0.91407972      8.12465551      1.56098121
4189  715         0.94415832      8.12444053      1.58305982
4190  715         0.96790900      8.11434714      1.58599355
4191  715         0.98368997      8.08288678      1.55659221
4192  715         0.97943582      8.02699226      1.50294113
4193  715         0.95601908      7.96760667      1.43545430
4194  715         0.91081455      7.91627608      1.37007075
4195  715         0.84689103      7.88450365      1.31704428
4196  715         0.78360439      7.88813781      1.27472794
4197  715         0.76024728      7.96115371      1.27003807
4198  715         0.74429305      8.06632654      1.29033976
4199  715         0.72731049      8.15196886      1.30846470
4200  715         0.69957295      8.21903947      1.33693076
4201  715         0.68187786      8.27443333      1.38672907
4202  715         0.69129618      8.30341894      1.44167869
4203  715         0.69493481      8.32116115      1.47726789
4204  715         0.69198780      8.34061821      1.48676981
4205  715         0.69874931      8.36687665      1.48219630
4206  715         0.71854197      8.36112132      1.48794650
4207  715         0.69978722      8.32615667      1.51192650
4208  715         0.63485836      8.31791557      1.57606538
4209  715         0.52548839      8.29981119      1.65955679
4210  715         0.44681112      8.26965975      1.74933639
4211  715         0.41765465      8.24350843      1.83352943
4212  715         0.41731685      8.22326769      1.86031789
4213  715         0.42282126      8.20267747      1.82639473
4214  715         0.42676430      8.17745534      1.77666387
4215  715         0.44445693      8.14139939      1.75617585
4216  715         0.46115952      8.11655715      1.76092788
4217  715         0.45935324      8.12193280      1.76799242
4218  715         0.44748449      8.15161985      1.77513590
4219  715         0.46467686      8.16392524      1.79534170
4220  715         0.48949062      8.15946961      1.81525013
4221  715         0.49814915      8.17731673      1.80303500
4222  715         0.47142538      8.20673940      1.77832446
4223  715         0.44979177      8.22638875      1.75576732
4224  715         0.47508974      8.20299301      1.71245741
4225  715         0.52461911      8.14824364      1.61610547
4226  715         0.55370624      8.11124982      1.50654417
4227  715         0.57716273      8.10354896      1.41642011
4228  715         0.61714902      8.12489474      1.38643214
4229  715         0.65318265      8.14860575      1.39431486
4230  715         0.67038429      8.16638433      1.40421526
4231  715         0.68367498      8.15703434      1.39401327
4232  715         0.70962006      8.12998852      1.36742623
4233  715         0.72836009      8.10568522      1.35021867
4234  715         0.74205950      8.08656419      1.34095884
4235  715         0.74035443      8.06385739      1.34961883
4236  715         0.73295246      8.04793709      1.35011725
4237  715         0.72543877      8.04540175      1.34921304
4238  715         0.71664504      8.03677250      1.36308447
4239  715         0.70735521      8.01780448      1.38532461
4240  715         0.67876456      8.01106384      1.38925412
4241  715         0.64568883      8.01184285      1.37484640
4242  715         0.62792454      8.00392294      1.33718634
4243  715         0.65411626      7.98887644      1.28215858
4244  715         0.69320546      7.98326687      1.23124114
4245  715         0.74130177      7.99028877      1.20152470
4246  715         0.79785992      8.00755539      1.18309985
4247  715         0.84470842      7.99978553      1.11181310
4248  715         0.87758007      7.94443899      1.00802016
4249  715         0.91169983      7.87500684      0.92371118
4250  715         0.92767309      7.83217843      0.86343443
4251  715         0.89535363      7.83119857      0.80457363
4252  715         0.83597218      7.85296214      0.76490893
4253  715         0.77840599      7.87093656      0.75625466
4254  715         0.76031649      7.86681648      0.75422463
4255  715         0.78171385      7.83731464      0.72264000
4256  715         0.83546275      7.78977207      0.66324879
4257  715         0.88693525      7.73401323      0.61418086
4258  715         0.92271093      7.68121211      0.56348524
4259  715         0.92800561      7.61933106      0.50786677
4260  715         0.90835363      7.54974901      0.44599358
4261  715         0.86910305      7.48644237      0.40610589
4262  715         0.83471058      7.44345037      0.40312318
4263  715         0.81884652      7.40284855      0.41444657
4264  715         0.80979544      7.34102779      0.41352538
4265  715         0.80593331      7.25965055      0.41226396
4266  715         0.80812410      7.19157735      0.43888112
4267  715         0.82357691      7.17573482      0.49789705
4268  715         0.83165269      7.19916380      0.58535721
4269  715         0.84229190      7.21424720      0.66361726
4270  715         0.84788727      7.19665462      0.70982164
4271  715         0.86705337      7.16415677      0.71491149
4272  715         0.89103347      7.12096317      0.69774112
4273  715         0.89897400      7.09080609      0.68981631
4274  715         0.88391887      7.07825144      0.69579503
4275  715         0.86539631      7.06728940      0.71897394
4276  715         0.84664289      7.06103914      0.75077622
4277  715         0.80492427      7.06283787      0.80101349
4278  715         0.74270707      7.07358425      0.85504462
4279  715         0.69533738      7.08594609      0.92114299
4280  715         0.69999535      7.10648920      0.99396813
4281  715         0.74136255      7.13682668      1.06280696
4282  715         0.78864136      7.16946970      1.10083892
4283  715         0.85029349      7.18974633      1.11211664
4284  715         0.91254806      7.20831954      1.10318894
4285  715         0.91076959      7.24058383      1.08192614
4286  715         0.88260448      7.30117508      1.05922120
4287  715         0.85771637      7.37372313      1.02458199
4288  715         0.82389991      7.43415083      0.98980793
4289  715         0.79171787      7.46989143      0.95916557
4290  715         0.77195041      7.48876028      0.95362653
4291  715         0.77203349      7.51234308      0.95807330
4292  715         0.79260415      7.54146471      0.97796822
4293  715         0.83650223      7.56770755      0.99449520
4294  715         0.89186784      7.59180322      0.98541721
4295  715         0.94087415      7.63422299      0.93801564
4296  715         0.95364800      7.69602039      0.88305405
4297  715         0.92284602      7.74102918      0.84694522
4298  715         0.88861197      7.78291923      0.85231466
4299  715         0.83396917      7.79823911      0.88735590
4300  715         0.76369148      7.79035655      0.90470341
4301  715         0.69567621      7.76423570      0.90291923
4302  715         0.65156627      7.73234908      0.89406840
4303  715         0.64739971      7.70044211      0.90482884
4304  715         0.65556810      7.67985556      0.91694042
4305  715         0.65260396      7.67329338      0.92454809
4306  715         0.67004623      7.68948355      0.92677042
4307  715         0.70105573      7.71134516      0.92792609
4308  715         0.72912702      7.72422316      0.92389860
4309  715         0.76637414      7.74083935      0.92300487
4310  715         0.81650510      7.73115566      0.93736965
4311  715         0.87196406      7.66533863      0.94582501
4312  715         0.91912102      7.58057339      0.94404517
4313  715         0.94767274      7.53661932      0.95085560
4314  715         0.92659304      7.51782064      0.96583956
4315  715         0.88993948      7.50697543      0.96348268
4316  715         0.87361815      7.50860364      0.94151438
4317  715         0.89220550      7.51634775      0.91046610
4318  715         0.92845640      7.50038787      0.88066858
4319  715         0.96364453      7.43826845      0.85541136
4320  715         0.99588842      7.36731673      0.85634033
4321  715         1.01509033      7.32586864      0.89078879
4322  715         1.00112087      7.31371251      0.93896614
4323  715         0.95891236      7.30996063      0.98419897
4324  715         0.92671761      7.30773822      1.01559083
4325  715         0.92608047      7.29570203      1.03934372
4326  715         0.95944287      7.28046033      1.05283233
4327  715         1.02037978      7.26780976      1.06015050
4328  715         1.08901442      7.26334688      1.07166548
4329  715         1.13552442      7.27718874      1.10244305
4330  715         1.15176240      7.29966569      1.14784760
4331  715         1.16472445      7.31321043      1.20647540
4332  715         1.19427105      7.32383647      1.23582014
4333  715         1.21127618      7.34860562      1.21971610
4334  715         1.19920929      7.38477399      1.18866906
4335  715         1.15983645      7.42667002      1.16546610
4336  715         1.11408390      7.45592633      1.16331581
4337  715         1.08782204      7.45535037      1.17980916
4338  715         1.07292223      7.43355205      1.22146586
4339  715         1.04711693      7.41971359      1.27996144
4340  715         0.99371773      7.42807428      1.31930056
4341  715         0.91225058      7.45875903      1.33413335
4342  715         0.80649847      7.53543230      1.33726113
4343  715         0.71015076      7.67364005      1.33468139
4344  715         0.64763635      7.83940753      1.33948182
4345  715         0.60441141      7.97183289      1.36344252
4346  715         0.56759849      8.06025703      1.41141985
4347  715         0.52417470      8.12446518      1.46105106
4348  715         0.47822068      8.16769924      1.48510744
4349  715         0.44982601      8.19023946      1.48047657
4350  715         0.44682305      8.20776048      1.48820656
4351  715         0.44492981      8.25108075      1.52211159
4352  715         0.39863815      8.30737621      1.56354631
4353  715         0.30820629      8.34596118      1.60344721
4354  715         0.20503072      8.37968080      1.63958786
4355  715         0.11887854      8.42796766      1.66127284
4356  715         0.07674536      8.45598837      1.68049268
4357  715         0.07848470      8.44318522      1.71359410
4358  715         0.08091428      8.42200896      1.74494395
4359  715         0.05188972      8.41708404      1.78894461
4360  715        -0.01115948      8.44231277      1.83796900
4361  715        -0.07687817      8.47903743      1.86461968
4362  715        -0.12440354      8.51037691      1.84280035
4363  715        -0.16713711      8.54569966      1.80839186
4364  715        -0.23836815      8.57723608      1.78706243
4365  715        -0.33885663      8.60218385      1.79370646
4366  715        -0.40480416      8.62185659      1.77629494
4367  715        -0.41234669      8.65067312      1.71664450
4368  715        -0.39697796      8.69808175      1.66811379
4369  715        -0.41720459      8.72141685      1.66608581
4370  715        -0.45609768      8.72919683      1.70300219
4371  715        -0.47182612      8.74028929      1.73638998
4372  715        -0.45140305      8.74423487      1.77238260
4373  715        -0.42022530      8.70960953      1.81498358
4374  715        -0.38585387      8.64779938      1.85923764
4375  715        -0.35280296      8.59360615      1.89895867
4376  715        -0.31722560      8.60050026      1.90139636
4377  715        -0.31196473      8.66832454      1.85458862
4378  715        -0.35028573      8.75381730      1.79086898
4379  715        -0.39354680      8.82756198      1.77802781
4380  715        -0.40284196      8.87925162      1.82918132
4381  715        -0.38964840      8.91175188      1.91672149
4382  715        -0.37257683      8.92135144      1.98118828
4383  715        -0.35087979      8.92132735      2.00392868
4384  715        -0.31199731      8.93095576      1.99650763
4385  715        -0.26953792      8.94292591      1.97945720
4386  715        -0.25655847      8.93687617      1.94885726
4387  715        -0.29960884      8.92493672      1.90984198
4388  715        -0.38333998      8.89482761      1.86991669
4389  715        -0.46935240      8.83206890      1.83670942
4390  715        -0.53687114      8.75728303      1.81401707
4391  715        -0.58579801      8.69364027      1.81073255
4392  715        -0.63279101      8.64361879      1.82993746
4393  715        -0.67911108      8.60576628      1.82855318
4394  715        -0.71852437      8.57764328      1.79489406
4395  715        -0.73754177      8.56528309      1.74187773
4396  715        -0.74052539      8.56394329      1.68716397
4397  715        -0.76795331      8.54066058      1.64899548
4398  715        -0.82455373      8.49316446      1.63396622
4399  715        -0.88370354      8.45403592      1.63175404
4400  715        -0.93021324      8.44519464      1.61097826
4401  715        -0.97932327      8.45479210      1.55213445
4402  715        -1.03430015      8.45670784      1.48073428
4403  715        -1.10366160      8.45055396      1.42262465
4404  715        -1.17909762      8.45790731      1.37634048
4405  715        -1.25485855      8.46952180      1.34274146
4406  715        -1.32283178      8.47939191      1.32101968
4407  715        -1.38452684      8.49275977      1.29174599
4408  715        -1.45006368      8.49260590      1.22499591
4409  715        -1.48198852      8.47021086      1.12248280
4410  715        -1.47205699      8.44573323      1.04159590
4411  715        -1.43657507      8.41897760      1.00818119
4412  715        -1.40919740      8.39048053      0.99149461
4413  715        -1.39542238      8.36822685      0.98235166
4414  715        -1.38787019      8.36537033      0.98043833
4415  715        -1.39190036      8.38938751      0.98552925
4416  715        -1.41533385      8.43455656      0.97690080
4417  715        -1.44021195      8.47705870      0.94339203
4418  715        -1.44857788      8.49906064      0.88685018
4419  715        -1.43095589      8.50273872      0.81704595
4420  715        -1.39745632      8.49933870      0.74925026
4421  715        -1.36808086      8.49768922      0.69677554
4422  715        -1.33819548      8.49737317      0.67707533
4423  715        -1.30484390      8.50557715      0.67980189
4424  715        -1.27705181      8.53827574      0.67646247
4425  715        -1.28552937      8.57912972      0.65116137
4426  715        -1.31632380      8.60197884      0.60954569
4427  715        -1.34154407      8.62659453      0.56753617
4428  715        -1.35093108      8.64714513      0.53116979
4429  715        -1.35366053      8.67792211      0.50759081
4430  715        -1.34546049      8.71851521      0.50908408
4431  715        -1.32722883      8.76116218      0.55148916
4432  715        -1.31024699      8.79595859      0.63085309
4433  715        -1.29067680      8.82505100      0.71272676
4434  715        -1.27672037      8.85425879      0.76647223
4435  715        -1.27011641      8.87504711      0.78652984
4436  715        -1.26496811      8.87913330      0.79465562
4437  715        -1.24270232      8.88649258      0.78881955
4438  715        -1.21349846      8.93036075      0.75761064
4439  715        -1.18360694      9.01773005      0.68870143
4440  715        -1.16262796      9.12706400      0.59479009
4441  715        -1.16865940      9.22797406      0.51396957
4442  715        -1.20709975      9.31450959      0.45705352
4443  715        -1.25499532      9.39006727      0.41950574
4444  715        -1.30615896      9.43526314      0.39758144
4445  715        -1.36135833      9.45116689      0.41226062
4446  715        -1.39819841      9.46166762      0.46183261
4447  715        -1.42767886      9.47260973      0.54020202
4448  715        -1.45618407      9.48272164      0.61666233
4449  715        -1.47109190      9.49904935      0.67353064
4450  715        -1.48627331      9.54011113      0.70673627
4451  715        -1.52623597      9.59587301      0.72028201
4452  715        -1.57104668      9.64731104      0.74256220
4453  715        -1.58447797      9.69000021      0.76361139
4454  715        -1.55357330      9.73904161      0.77941012
4455  715        -1.49420685      9.79288708      0.78212613
4456  715        -1.44349478      9.83581094      0.77872963
4457  715        -1.41958895      9.87400988      0.79538714
4458  715        -1.41005826      9.91586003      0.86587878
4459  715        -1.39278571      9.95750425      0.95715452
4460  715        -1.37140787      9.97645211      1.02926500
4461  715        -1.34321888      9.98084099      1.08207720
4462  715        -1.31358120      9.98537493      1.10730446
4463  715        -1.30108755      9.99039908      1.12273640
4464  715        -1.31024484      9.97853738      1.12442448
4465  715        -1.32804434      9.97544811      1.11318931
4466  715        -1.33503742     10.01354542      1.10063250
4467  715        -1.32342063     10.09005609      1.10919613
4468  715        -1.30802754     10.18150837      1.12846873
4469  715        -1.30207881     10.26568366      1.13863460
4470  715        -1.31666714     10.33349761      1.15490222
4471  715        -1.34475083     10.38358656      1.18511942
4472  715        -1.36957713     10.41712661      1.20995985
4473  715        -1.37698458     10.44634349      1.22316646
4474  715        -1.36478344     10.47623326      1.22968451
4475  715        -1.34897955     10.49086470      1.21155646
4476  715        -1.36286476     10.47640598      1.15666389
4477  715        -1.40208610     10.42854378      1.09503949
4478  715        -1.43097349     10.38181712      1.05667991
4479  715        -1.43484690     10.35366861      1.04292254
4480  715        -1.43416898     10.33413288      1.03916720
4481  715        -1.43981478     10.31126943      1.03247577
4482  715        -1.44060098     10.28599947      1.02889159
4483  715        -1.44014045     10.26785008      1.05043102
4484  715        -1.43343772     10.24393143      1.09663688
4485  715        -1.41767561     10.20642503      1.13461173
4486  715        -1.38303479     10.14408025      1.11805206
4487  715        -1.34071101     10.05711232      1.04393780
4488  715        -1.31766748      9.95959013      0.95878231
4489  715        -1.31963331      9.87344891      0.90131036
4490  715        -1.32558015      9.78496531      0.86729070
4491  715        -1.30534381      9.69523284      0.82968971
4492  715        -1.26467966      9.60422587      0.80411266
4493  715        -1.23007274      9.50769789      0.81966032
4494  715        -1.22428733      9.41337316      0.86829205
4495  715        -1.21689297      9.34703728      0.90998382
4496  715        -1.19031655      9.28393884      0.90581060
4497  715        -1.15350261      9.21906209      0.85839096
4498  715        -1.13247691      9.17532243      0.78732765
4499  715        -1.12005729      9.15403017      0.72084688
4500  715        -1.10229273      9.14134393      0.66165915
4501  715        -1.06132650      9.13897112      0.58094485
4502  715        -1.05116230      9.15195625      0.50986377
4503  715        -1.12803317      9.14160589      0.48936077
4504  715        -1.22837448      9.16267116      0.51196260
4505  715        -1.28304394      9.18436228      0.54716028
4506  715        -1.32079614      9.20318883      0.57236650
4507  715        -1.37633018      9.23597930      0.58309921
4508  715        -1.46695130      9.27166028      0.59136165
4509  715        -1.56134687      9.31830175      0.58530978
4510  715        -1.61244925      9.36578557      0.55470845
4511  715        -1.62185813      9.40562889      0.53499502
4512  715        -1.62839892      9.41899975      0.54120333
4513  715        -1.67155455      9.42269615      0.56386708
4514  715        -1.73799666      9.42828799      0.58052403
4515  715        -1.80149093      9.42428797      0.59969663
4516  715        -1.82298445      9.42768286      0.62336111
4517  715        -1.86503283      9.42950484      0.65859990
4518  715        -1.93730180      9.40527251      0.69168589
4519  715        -2.00709123      9.38509882      0.71429121
4520  715        -2.00723749      9.39961471      0.73125052
4521  715        -1.94709059      9.41994484      0.75998394
4522  715        -1.90899794      9.42378074      0.79868378
4523  715        -1.90872160      9.42293420      0.83897828
4524  715        -1.92389396      9.43320615      0.88790622
4525  715        -1.94133808      9.45012649      0.91505373
4526  715        -1.95904880      9.46851719      0.92818247
4527  715        -1.95781532      9.47897069      0.93470061
4528  715        -1.93079469      9.49256678      0.92978856
4529  715        -1.89538245      9.50969378      0.89382872
4530  715        -1.84449501      9.51648401      0.85230736
4531  715        -1.79468517      9.51784566      0.82177315
4532  715        -1.75085419      9.54040943      0.81486250
4533  715        -1.70211950      9.57171912      0.84256756
4534  715        -1.65899661      9.59769830      0.89584144
4535  715        -1.65128228      9.59959524      0.94512688
4536  715        -1.67109636      9.57142433      0.98434030
4537  715        -1.68434395      9.52198940      1.02563487
4538  715        -1.67593015      9.47281530      1.07344317
4539  715        -1.64329102      9.44694714      1.11423511
4540  715        -1.56960304      9.42739008      1.12278423
4541  715        -1.46259198      9.41079044      1.10586692
4542  715        -1.37158222      9.41227260      1.07814078
4543  715        -1.33189434      9.41250139      1.06979156
4544  715        -1.34520759      9.38248515      1.08841275
4545  715        -1.36704479      9.33246766      1.09773941
4546  715        -1.37731498      9.26407810      1.08453783
4547  715        -1.38847551      9.17620393      1.06465170
4548  715        -1.38493323      9.09186017      1.06936531
4549  715        -1.33963084      9.02919081      1.10645554
4550  715        -1.25646850      8.98900711      1.16184299
4551  715        -1.16731838      8.95392395      1.21389128
4552  715        -1.08773284      8.92509082      1.24565671
4553  715        -1.02255599      8.89974860      1.25135154
4554  715        -0.98693370      8.86269434      1.22394511
4555  715        -0.99369327      8.80376477      1.16925371
4556  715        -1.02079569      8.72630754      1.09628997
4557  715        -1.02239557      8.64855989      1.06620235
4558  715        -0.98493477      8.58798260      1.11740761
4559  715        -0.93106333      8.54492584      1.21630162
4560  715        -0.91528268      8.50247053      1.30476733
4561  715        -0.92590028      8.45157817      1.38441463
4562  715        -0.94040990      8.39288770      1.43655547
4563  715        -0.94970865      8.32177060      1.44514213
4564  715        -0.95926537      8.24653583      1.43623312
4565  715        -0.96617194      8.18615124      1.44184956
4566  715        -0.97321090      8.15340401      1.48429086
4567  715        -0.97870416      8.14380063      1.54470502
4568  715        -0.98972369      8.13769691      1.58834386
4569  715        -0.99233366      8.13389340      1.58530705
4570  715        -0.98932967      8.13402494      1.54837013
4571  715        -0.98514891      8.14371535      1.51370292
4572  715        -0.97550648      8.16368583      1.49721475
4573  715        -0.95036049      8.19738099      1.50052029
4574  715        -0.92751532      8.24068246      1.52679335
4575  715        -0.91219246      8.26815368      1.54711461
4576  715        -0.90488566      8.30518416      1.56988574
4577  715        -0.89878277      8.34194249      1.57068125
4578  715        -0.88491293      8.37876053      1.57184411
4579  715        -0.86192268      8.41748163      1.56575288
4580  715        -0.83980835      8.43644606      1.56158315
4581  715        -0.83642120      8.44744526      1.53555198
4582  715        -0.82486047      8.48177841      1.49098433
4583  715        -0.82595338      8.52465369      1.45985494
4584  715        -0.85232811      8.55004308      1.46491676
4585  715        -0.90027183      8.54819640      1.47215857
4586  715        -0.96008572      8.54797363      1.48343176
4587  715        -1.02210168      8.53730063      1.49782487
4588  715        -1.06007798      8.49805116      1.50030826
4589  715        -1.07652774      8.44574589      1.46555376
4590  715        -1.07973159      8.39807761      1.38721030
4591  715        -1.07924984      8.34149906      1.32318105
4592  715        -1.06650289      8.28766920      1.32594460
4593  715        -1.05223249      8.28413824      1.36661669
4594  715        -1.05641608      8.33139972      1.39250842
4595  715        -1.09880703      8.42157058      1.38502146
4596  715        -1.17077226      8.51029164      1.36631731
4597  715        -1.23864565      8.56718785      1.35760847
4598  715        -1.27771324      8.60025701      1.36310271
4599  715        -1.27266762      8.60912008      1.35644538
4600  715        -1.23370794      8.60822216      1.32583740
4601  715        -1.18160894      8.60633560      1.30083640
4602  715        -1.11400356      8.60788986      1.30813927
4603  715        -1.04086585      8.62829676      1.35176533
4604  715        -0.98978642      8.66681492      1.40674898
4605  715        -0.97805407      8.71274998      1.45425344
4606  715        -0.99185774      8.75962260      1.48189641
4607  715        -0.98236045      8.81746992      1.48267523
4608  715        -0.92049723      8.88009331      1.48039787
4609  715        -0.83411803      8.93157550      1.48782158
4610  715        -0.76937457      8.97609495      1.51014419
4611  715        -0.74658327      9.00612622      1.53885432
4612  715        -0.75751155      9.01082468      1.57661932
4613  715        -0.78378479      8.99717956      1.60999892
4614  715        -0.81965458      8.96480693      1.62340694
4615  715        -0.88248012      8.92654623      1.61433428
4616  715        -0.94060307      8.89443846      1.58825382
4617  715        -0.97320042      8.88628332      1.54416662
4618  715        -0.96887572      8.92350626      1.48741466
4619  715        -0.94404248      9.00279704      1.44532887
4620  715        -0.91941767      9.09210774      1.43602329
4621  715        -0.90829701      9.18992993      1.45992121
4622  715        -0.91711633      9.29611354      1.48492764
4623  715        -0.95245249      9.40409310      1.50741163
4624  715        -1.00370981      9.49846608      1.52317097
4625  715        -1.06333676      9.58392599      1.53317165
4626  715        -1.11682022      9.64951499      1.52827933
4627  715        -1.13034704      9.70420564      1.49741567
4628  715        -1.13076707      9.72477710      1.47971886
4629  715        -1.13011453      9.69974380      1.49588579
4630  715        -1.13032830      9.67521468      1.54186830
4631  715        -1.12719872      9.69681658      1.57026739
4632  715        -1.13304878      9.74561426      1.56935546
4633  715        -1.14796143      9.80132193      1.55882628
4634  715        -1.17835351      9.83538625      1.55400993
4635  715        -1.22872637      9.83237695      1.55392624
4636  715        -1.30099303      9.79852500      1.55598338
4637  715        -1.37993218      9.75398218      1.56986042
4638  715        -1.41454747      9.72057548      1.59332981
4639  715        -1.40557982      9.69295864      1.61885774
4640  715        -1.38012549      9.66702568      1.63112921
4641  715        -1.38939910      9.64405200      1.63311982
4642  715        -1.44428948      9.63814990      1.63965724
4643  715        -1.53681181      9.63662468      1.63473417
4644  715        -1.61436227      9.64019959      1.60797947
4645  715        -1.66329175      9.65257177      1.57128846
4646  715        -1.71611248      9.66417872      1.53698285
4647  715        -1.77606293      9.64579616      1.51899836
4648  715        -1.82316714      9.59564686      1.51830352
4649  715        -1.85982527      9.52576813      1.53316568
4650  715        -1.89008308      9.45010647      1.55548113
4651  715        -1.90223252      9.37172154      1.59410931
4652  715        -1.94870571      9.27887071      1.64052489
4653  715        -2.00251419      9.17063304      1.69552345
4654  715        -2.05480468      9.05799296      1.74135790
4655  715        -2.09777641      8.97009429      1.79461720
4656  715        -2.14807777      8.90515124      1.85488789
4657  715        -2.19509999      8.86580296      1.89336647
4658  715        -2.22170087      8.83541402      1.88180383
4659  715        -2.24912375      8.82055050      1.85622345
4660  715        -2.26893522      8.80235895      1.84517098
4661  715        -2.25919308      8.78903702      1.87373236
4662  715        -2.23050008      8.77193533      1.92179295
4663  715        -2.19607783      8.74882607      1.97890043
4664  715        -2.17788443      8.74209934      2.04403979
4665  715        -2.17429404      8.76797266      2.09518258
4666  715        -2.13983787      8.78493517      2.12208610
4667  715        -2.08507435      8.78364844      2.12815105
4668  715        -2.04504901      8.82188537      2.14182410
4669  715        -2.04427149      8.88464333      2.17333221
4670  715        -2.06836641      8.94021166      2.20181380
4671  715        -2.08401147      8.98422729      2.21151454
4672  715        -2.07981680      9.04036805      2.21581811
4673  715        -2.05004251      9.10174578      2.23030109
4674  715        -2.00819822      9.13924344      2.22820733
4675  715        -1.97967287      9.15392788      2.20180484
4676  715        -1.97888591      9.15192964      2.17632046
4677  715        -1.98872790      9.12927898      2.16517516
4678  715        -1.98501591      9.07214013      2.15608778
4679  715        -1.99839699      8.97098278      2.16176787
4680  715        -2.05816408      8.85672894      2.18363487
4681  715        -2.14319312      8.74931692      2.18421203
4682  715        -2.21360074      8.68620643      2.16455131
4683  715        -2.24440310      8.63723001      2.15179390
4684  715        -2.26019140      8.59259207      2.16983714
4685  715        -2.26965934      8.55621245      2.22338850
4686  715        -2.26844666      8.54140721      2.27503008
4687  715        -2.27023379      8.52631771      2.29897617
4688  715        -2.30031653      8.50814663      2.30735948
4689  715        -2.34580931      8.50042710      2.30901753
4690  715        -2.36071862      8.48212610      2.28932338
4691  715        -2.32979297      8.44673376      2.27024762
4692  715        -2.28914026      8.40025005      2.24006040
4693  715        -2.26407386      8.36158670      2.17848313
4694  715        -2.24523425      8.36005271      2.12023783
4695  715        -2.22275854      8.40481919      2.11640112
4696  715        -2.18709674      8.45241525      2.14363216
4697  715        -2.14356900      8.46256659      2.17032449
4698  715        -2.12258355      8.42086431      2.19753064
4699  715        -2.13580508      8.36027504      2.20553517
4700  715        -2.14922543      8.31193220      2.19235615
4701  715        -2.13148761      8.28967913      2.16088297
4702  715        -2.10458004      8.28793571      2.11099502
4703  715        -2.10682344      8.28725200      2.03752388
4704  715        -2.15213647      8.28488018      1.94287425
4705  715        -2.21992742      8.28236029      1.82824012
4706  715        -2.27768278      8.28418100      1.72985818
4707  715        -2.32786977      8.29099360      1.65417905
4708  715        -2.37255670      8.31020804      1.61074348
4709  715        -2.41206699      8.35069610      1.58836383
4710  715        -2.43123507      8.39487712      1.57396068
4711  715        -2.46195985      8.42502617      1.57127558
4712  715        -2.47963243      8.44778399      1.57631677
4713  715        -2.48115221      8.46540463      1.56158413
4714  715        -2.46804580      8.47253087      1.51363178
4715  715        -2.45000285      8.48889845      1.44451981
4716  715        -2.44804446      8.51952323      1.36121247
4717  715        -2.44503144      8.53421696      1.27431386
4718  715        -2.44292948      8.50418055      1.19512070
4719  715        -2.45007287      8.44776202      1.14782229
4720  715        -2.46646360      8.39682057      1.15064770
4721  715        -2.48764815      8.37477588      1.19811138
4722  715        -2.50102018      8.38538950      1.25023884
4723  715        -2.51094868      8.41101337      1.27333891
4724  715        -2.52151091      8.45450279      1.26132595
4725  715        -2.53706601      8.52923630      1.21997464
4726  715        -2.54365282      8.62151075      1.16973094
4727  715        -2.54482838      8.68612026      1.10732439
4728  715        -2.52119136      8.69832261      1.05770028
4729  715        -2.46555035      8.67509929      1.06172900
4730  715        -2.42082789      8.65689504      1.12473728
4731  715        -2.42331622      8.65371706      1.20070470
4732  715        -2.47319691      8.63649122      1.25451954
4733  715        -2.54089860      8.59676368      1.28180739
4734  715        -2.60624771      8.55624188      1.29338581
4735  715        -2.64765469      8.53478628      1.29878298
4736  715        -2.66767278      8.53485915      1.29420208
4737  715        -2.68713298      8.54409441      1.28035794
4738  715        -2.71680226      8.55863843      1.24096573
4739  715        -2.75608550      8.57636892      1.18541688
4740  715        -2.80838620      8.58081787      1.12272416
4741  715        -2.87860248      8.55917834      1.06638254
4742  715        -2.93192820      8.51888694      1.03540174
4743  715        -2.96230959      8.48630396      1.02748227
4744  715        -2.98909058      8.46930754      1.01857638
4745  715        -3.01239686      8.46620473      0.99154989
4746  715        -3.00673963      8.46194952      0.93506602
4747  715        -2.96485459      8.46362200      0.87569240
4748  715        -2.92446761      8.45106401      0.83098810
4749  715        -2.92615940      8.41840087      0.82465284
4750  715        -2.96635038      8.41800992      0.83599124
4751  715        -3.00538922      8.46723167      0.82570469
4752  715        -3.01501865      8.51112727      0.78650968
4753  715        -2.99624194      8.50105698      0.72644235
4754  715        -2.97908370      8.45390380      0.64396661
4755  715        -2.97949037      8.41521491      0.55724484
4756  715        -2.98765820      8.41670094      0.49805214
4757  715        -2.99110895      8.42595394      0.46953325
4758  715        -2.99479446      8.43000572      0.46761445
4759  715        -3.02101169      8.42573950      0.47963281
4760  715        -3.03266113      8.43027331      0.50351939
4761  715        -2.99411192      8.43272805      0.52481648
4762  715        -2.93382649      8.44062193      0.55041409
4763  715        -2.88175633      8.46233093      0.56942628
4764  715        -2.84245846      8.47955778      0.56612008
4765  715        -2.80882862      8.47585517      0.54989141
4766  715        -2.78020029      8.46683621      0.54984340
4767  715        -2.75172895      8.45985788      0.58059280
4768  715        -2.72208798      8.44558919      0.63849872
4769  715        -2.70956301      8.45968750      0.70087432
4770  715        -2.70972876      8.51510684      0.74773635
4771  715        -2.71201204      8.57970100      0.78747585
4772  715        -2.70633799      8.62525693      0.80940210
4773  715        -2.71922821      8.64580668      0.81776496
4774  715        -2.74168001      8.67641062      0.83511289
4775  715        -2.75807540      8.70851974      0.86868187
4776  715        -2.76773349      8.70666826      0.91147418
4777  715        -2.76264002      8.67238747      0.96567881
4778  715        -2.74274740      8.64331592      1.02359109
4779  715        -2.71025865      8.63610806      1.07337814
4780  715        -2.68390303      8.64991961      1.11139990
4781  715        -2.68521919      8.68219903      1.13071591
4782  715        -2.71154918      8.72693212      1.12470538
4783  715        -2.74937937      8.78130826      1.09613623
4784  715        -2.78170755      8.83272602      1.08109120
4785  715        -2.78851143      8.85787457      1.09342547
4786  715        -2.73551560      8.83146069      1.13488090
4787  715        -2.63688910      8.77123527      1.17254231
4788  715        -2.53791136      8.72242559      1.19831638
4789  715        -2.46231327      8.70632858      1.20334233
4790  715        -2.38920853      8.73336797      1.20943976
4791  715        -2.31016888      8.79566270      1.21800736
4792  715        -2.23978357      8.86853503      1.22178979
4793  715        -2.19263083      8.93339203      1.23119241
4794  715        -2.20319038      8.98746657      1.26181881
4795  715        -2.25897092      9.00181859      1.30569429
4796  715        -2.30317161      8.95164525      1.35051860
4797  715        -2.30397666      8.85973247      1.39663639
4798  715        -2.27917831      8.75757990      1.44814110
4799  715        -2.25624215      8.69408889      1.49358019
4800  715        -2.25610367      8.71288828      1.50867492
4801  715        -2.25101613      8.79569901      1.52084650
4802  715        -2.22414665      8.90919412      1.53248537
4803  715        -2.18620910      9.02807721      1.52989763
4804  715        -2.15387157      9.14704238      1.51317060
4805  715        -2.14673352      9.25663829      1.49247949
4806  715        -2.16661474      9.34851665      1.48289886
4807  715        -2.19359057      9.40888040      1.50013179
4808  715        -2.22058205      9.41823781      1.53576022
4809  715        -2.25441841      9.41295015      1.58041067
4810  715        -2.30499731      9.41066977      1.62585544
4811  715        -2.34656463      9.42035809      1.65766592
4812  715        -2.35795653      9.43686552      1.65845308
4813  715        -2.33885853      9.45695488      1.62744032
4814  715        -2.32853398      9.46122038      1.59293468
4815  715        -2.34739000      9.46473501      1.57164035
4816  715        -2.39694338      9.49113960      1.57655359
4817  715        -2.42582764      9.51612415      1.60150802
4818  715        -2.43052976      9.51838383      1.63745139
4819  715        -2.45054323      9.49016643      1.67036736
4820  715        -2.49460662      9.46284325      1.68952649
4821  715        -2.52714687      9.43442968      1.69274664
4822  715        -2.50877118      9.38718750      1.68661596
4823  715        -2.46821585      9.31350836      1.66034700
4824  715        -2.43848067      9.24209709      1.61375104
4825  715        -2.43294710      9.18730135      1.57547811
4826  715        -2.44775668      9.17575523      1.57743818
4827  715        -2.47564618      9.20857601      1.59509034
4828  715        -2.49187810      9.25707945      1.59115293
4829  715        -2.48269621      9.29507215      1.56308193
4830  715        -2.47506322      9.29071346      1.53446902
4831  715        -2.47849956      9.24152812      1.52230449
4832  715        -2.49834311      9.16256325      1.52173807
4833  715        -2.51115746      9.10261106      1.53162751
4834  715        -2.51797061      9.07072512      1.54919076
4835  715        -2.52161909      9.06919180      1.54838016
4836  715        -2.54213841      9.07725122      1.50659636
4837  715        -2.57759100      9.08408360      1.45690638
4838  715        -2.64506293      9.09037820      1.42764485
4839  715        -2.72934946      9.09683587      1.40812493
4840  715        -2.78887611      9.07412208      1.37592534
4841  715        -2.81461439      9.00792871      1.32452467
4842  715        -2.82291855      8.92257708      1.28028576
4843  715        -2.87424669      8.85105742      1.26116711
4844  715        -2.96964451      8.80434413      1.26275013
4845  715        -3.06706155      8.77019015      1.26561901
4846  715        -3.13631655      8.75156637      1.24581711
4847  715        -3.17257887      8.74738222      1.20344051
4848  715        -3.18241856      8.76137568      1.15061211
4849  715        -3.17967281      8.77061737      1.09337937
4850  715        -3.16357862      8.77184015      1.04344735
4851  715        -3.16978760      8.77759309      1.01542539
4852  715        -3.20197063      8.79886708      1.04774480
4853  715        -3.23038255      8.81437590      1.12353198
4854  715        -3.24762434      8.81693242      1.19130576
4855  715        -3.23680295      8.81067588      1.23827013
4856  715        -3.20583107      8.80379994      1.28515053
4857  715        -3.18704014      8.79477828      1.31815142
4858  715        -3.21820970      8.77442687      1.33072626
4859  715        -3.25154159      8.74451388      1.33221343
4860  715        -3.26712858      8.71902830      1.33447418
4861  715        -3.26181997      8.70436674      1.33385192
4862  715        -3.25074873      8.69150813      1.33446075
4863  715        -3.25936571      8.68988150      1.33808049
4864  715        -3.27379219      8.68407463      1.35370208
4865  715        -3.31011999      8.69718764      1.39201961
4866  715        -3.35620131      8.73557699      1.42693399
4867  715        -3.39246982      8.78523517      1.42112760
4868  715        -3.38447066      8.83502855      1.38344354
4869  715        -3.36141001      8.87953825      1.34233796
4870  715        -3.36286392      8.91461476      1.30595797
4871  715        -3.36549717      8.93890328      1.26724056
4872  715        -3.35031802      8.95592924      1.21602094
4873  715        -3.33235346      8.97294587      1.16902340
4874  715        -3.35363533      9.00497081      1.17321284
4875  715        -3.38137213      9.04732018      1.21678628
4876  715        -3.38874623      9.08804160      1.25582692
4877  715        -3.39278346      9.10241917      1.26278572
4878  715        -3.41714386      9.08827260      1.28272131
4879  715        -3.45129953      9.07085123      1.27883805
4880  715        -3.50965460      9.04997017      1.28852597
4881  715        -3.53929278      9.02464320      1.25373344
4882  715        -3.54875289      9.01848936      1.19741645
4883  715        -3.55853544      9.01634020      1.15077041
4884  715        -3.55483968      9.01376631      1.12509279
4885  715        -3.53411135      9.02719767      1.09245784
4886  715        -3.50971005      9.05948867      1.04163677
4887  715        -3.49536742      9.09339678      0.99626275
4888  715        -3.50231617      9.10423739      0.98862011
4889  715        -3.53342554      9.09350369      1.03289561
4890  715        -3.57141160      9.05965385      1.10265365
4891  715        -3.58302294      8.98983246      1.14538292
4892  715        -3.55569265      8.89689083      1.12453589
4893  715        -3.51422721      8.84986428      1.07967636
4894  715        -3.47171008      8.86501429      1.05294639
4895  715        -3.45176434      8.90149711      1.04634383
4896  715        -3.47412826      8.92768400      1.05595650
4897  715        -3.50049138      8.95096126      1.06605504
4898  715        -3.52465928      8.95771663      1.08375249
4899  715        -3.57480693      8.93307066      1.10908269
4900  715        -3.62844044      8.90845391      1.12327611
4901  715        -3.64794187      8.90581942      1.08581184
4902  715        -3.62153308      8.93705740      1.01655184
4903  715        -3.56927634      8.95877087      0.96364681
4904  715        -3.53297285      8.94945026      0.94446800
4905  715        -3.51550490      8.92606009      0.94514614
4906  715        -3.51729121      8.91360489      0.96072600
4907  715        -3.53174265      8.91489300      0.98665948
4908  715        -3.55419351      8.93304685      1.01791881
4909  715        -3.58037850      8.96794689      1.04622471
4910  715        -3.60052541      9.01136698      1.05186807
4911  715        -3.61333470      9.04839527      1.03241783
4912  715        -3.60954559      9.09573377      1.00956820
4913  715        -3.60095742      9.18944566      1.00900339
4914  715        -3.57600640      9.29068618      1.02495235
4915  715        -3.54599721      9.34399616      1.05379903
4916  715        -3.53606135      9.34999619      1.10346695
4917  715        -3.55642856      9.35386688      1.15402857
4918  715        -3.61874445      9.36822815      1.18083220
4919  715        -3.70486221      9.38550245      1.19193555
4920  715        -3.80571485      9.40691088      1.19860299
4921  715        -3.89296547      9.43599716      1.20946358
4922  715        -3.94329770      9.45889849      1.21393711
4923  715        -3.94723283      9.46222318      1.19801287
4924  715        -3.94996182      9.43150321      1.17383548
4925  715        -3.96542654      9.38968794      1.15263923
4926  715        -4.00241319      9.37181080      1.12874783
4927  715        -4.05051634      9.37754473      1.09229713
4928  715        -4.07464799      9.38551871      1.02570377
4929  715        -4.04644869      9.39496760      0.95970747
4930  715        -3.96120142      9.40638623      0.91031456
4931  715        -3.86598042      9.41763470      0.85571268
4932  715        -3.79837463      9.41293597      0.78409835
4933  715        -3.77252196      9.38122938      0.71444597
4934  715        -3.77033083      9.34043127      0.67379940
4935  715        -3.80453904      9.32598184      0.65947767
4936  715        -3.84439758      9.35209605      0.66001820
4937  715        -3.87323149      9.39155732      0.67139781
4938  715        -3.89551152      9.41666184      0.68962650
4939  715        -3.89884295      9.42217412      0.70891503
4940  715        -3.87376414      9.40343925      0.70103296
4941  715        -3.82587721      9.36974270      0.66337459
4942  715        -3.80013444      9.32479612      0.61449169
4943  715        -3.80432360      9.29496260      0.56925954
4944  715        -3.83701831      9.28957556      0.54766847
4945  715        -3.87173482      9.30336950      0.55048441
4946  715        -3.89498476      9.32532336      0.55523758
4947  715        -3.90294686      9.35829470      0.54325301
4948  715        -3.90748704      9.40029813      0.51284393
4949  715        -3.91298303      9.42124783      0.48497955
4950  715        -3.92081000      9.39147039      0.45934443
4951  715        -3.94429898      9.30135455      0.43736488
4952  715        -3.95347762      9.20308344      0.42231160
4953  715        -3.95075136      9.13335565      0.40821353
4954  715        -3.94750386      9.11500013      0.40232497
4955  715        -3.97197429      9.13581552      0.39022266
4956  715        -4.01526432      9.18147239      0.36599739
4957  715        -4.06374344      9.23233052      0.32896213
4958  715        -4.11242110      9.27842301      0.29528054
4959  715        -4.15615074      9.28700783      0.26869448
4960  715        -4.16151692      9.23822103      0.24352597
4961  715        -4.12282014      9.14893623      0.21999817
4962  715        -4.05810813      9.04876006      0.18698604
4963  715        -4.00356921      8.98514521      0.15280006
4964  715        -3.98057666      9.00343303      0.11100077
4965  715        -3.97689451      9.08255516      0.08718429
4966  715        -4.00065157      9.15530601      0.07830710
4967  715        -4.04617842      9.16683794      0.10381314
4968  715        -4.10559699      9.11142047      0.16967329
4969  715        -4.16058211      9.02599544      0.25181215
4970  715        -4.19188629      8.95518968      0.30820054
4971  715        -4.18194789      8.94149160      0.33485637
4972  715        -4.13566607      8.96906545      0.35382263
4973  715        -4.07374304      9.01186694      0.38906943
4974  715        -4.02754055      9.05882135      0.43469662
4975  715        -4.01421929      9.09561810      0.49828435
4976  715        -4.03312854      9.09983620      0.57309121
4977  715        -4.07269186      9.07651210      0.63822696
4978  715        -4.11129947      9.06200613      0.67938162
4979  715        -4.13086893      9.06813638      0.70147685
4980  715        -4.11385213      9.08732542      0.70462505
4981  715        -4.07791159      9.08609155      0.69530550
4982  715        -4.05432498      9.06094533      0.70319155
4983  715        -4.05524398      9.03495178      0.73300928
4984  715        -4.08834099      9.03027977      0.77995039
4985  715        -4.13631371      9.02940326      0.80916845
4986  715        -4.17140674      9.02622460      0.79426640
4987  715        -4.18138759      9.01720878      0.74335801
4988  715        -4.18581052      8.98677790      0.69625621
4989  715        -4.19680343      8.92224703      0.67224456
4990  715        -4.21413078      8.84520713      0.66053383
4991  715        -4.24163333      8.82301279      0.66278277
4992  715        -4.27818655      8.86789844      0.67660698
4993  715        -4.32162192      8.95449000      0.70901975
4994  715        -4.36580979      9.01691428      0.73870873
4995  715        -4.41003294      9.02995413      0.74921208
4996  715        -4.46221992      9.00935365      0.73205780
4997  715        -4.49216570      8.98622735      0.70119148
4998  715        -4.50546462      8.97566774      0.67968775
4999  715        -4.55030210      8.99215987      0.68764477
5000  715        -4.61866087      9.01795452      0.72271491
