Tau,dtime,msd_xx,msd_xy,msd_xz,msd_yy,msd_yz,msd_zz,pred_msd_xx,pred_msd_yy,pred_msd_zz,xx_error,yy_error,zz_error
1.0,0.01,0.13091605195326575,-0.007284943055406915,0.003218699662487658,0.20932581529808936,0.0004627936477555275,0.0030044180651201628,2.6630147290718527,1.0070764408914599,0.5488301213262277,-2.532098677118587,-0.7977506255933705,-0.5458257032611075
2.0,0.02,0.25295578885817543,-0.01420029099748995,0.006365618294110823,0.3324708666288374,0.0006864590069978417,0.008572180279898745,2.753905192563627,1.1411924979315913,0.5540919234807816,-2.5009494037054516,-0.8087216313027539,-0.5455197432008829
3.0,0.03,0.34763702727179385,-0.035242736739447965,0.009978080972902162,0.5695467015782614,0.0009175181043268326,0.015851920853131224,2.8447956560554006,1.2753085549717225,0.5593537256353355,-2.4971586287836067,-0.7057618533934611,-0.5435018047822042
4.0,0.04,0.51200495042059,-0.028830588372582764,0.01348820325351314,0.5994752392291959,0.0002798307193703957,0.02393651674488943,2.9356861195471744,1.4094246120118539,0.5646155277898894,-2.4236811691265845,-0.809949372782658,-0.540679011045
5.0,0.05,0.5558434948927751,-0.03382819094887568,0.017490024310854023,0.8178238498107067,0.003780736674212556,0.03243189084410424,3.026576583038948,1.543540669051985,0.5698773299444433,-2.470733088146173,-0.7257168192412784,-0.537445439100339
6.0,0.06,0.7381056510954822,-0.07313977482697044,0.02093155226890911,0.9317223921414967,0.0026819335936519974,0.041215315033411117,3.117467046530722,1.6776567260921165,0.5751391320989973,-2.3793613954352395,-0.7459343339506198,-0.5339238170655861
7.0,0.07,0.7390466208931659,-0.08054145860551132,0.023412121248197935,1.147967840652918,0.004348297669882324,0.0504377901589526,3.208357510022496,1.8117727831322479,0.5804009342535511,-2.4693108891293303,-0.66380494247933,-0.5299631440945985
8.0,0.08,1.0327737868684599,-0.05682580360741113,0.027493622899485103,1.204071120526592,0.0005459355438482194,0.05969392610755795,3.29924797351427,1.945888840172379,0.5856627364081051,-2.26647418664581,-0.7418177196457871,-0.5259688103005471
9.0,0.09,0.9581834253323818,-0.10164759676211879,0.03215110088844867,1.3975665843403449,0.008700697312081347,0.06925111025738862,3.3901384370060437,2.0800048972125103,0.5909245385626589,-2.431955011673662,-0.6824383128721654,-0.5216734283052703
10.0,0.1,1.1188122655381032,-0.057988682828208814,0.035211739030088084,1.6013402456999701,0.007163209824481589,0.0796077324508696,3.481028900497818,2.2141209542526417,0.5961863407172129,-2.3622166349597147,-0.6127807085526715,-0.5165786082663433
11.0,0.11,1.1737629233692999,-0.12824501752669396,0.04011900385115461,1.658885369972327,0.0019391952192130714,0.09070190512879236,3.5719193639895916,2.348237011292773,0.6014481428717667,-2.3981564406202915,-0.6893516413204461,-0.5107462377429743
12.0,0.12,1.4897841520980684,-0.14376156121583988,0.045434239455424574,1.8208284992433843,0.00268559573505918,0.10288848807029527,3.6628098274813654,2.482353068332904,0.6067099450263207,-2.173025675383297,-0.6615245690895197,-0.5038214569560254
13.0,0.13,1.3920780563675543,-0.1430003041216317,0.04821866917398136,2.0234437640945226,0.00711796951743186,0.11384017862399633,3.753700290973139,2.6164691253730354,0.6119717471808745,-2.361622234605585,-0.5930253612785128,-0.49813156855687823
14.0,0.14,1.4997116005394504,-0.14728831135140583,0.05191264964286544,2.254940824131739,0.006877377189039079,0.1266939164980186,3.844590754464913,2.750585182413167,0.6172335493354285,-2.3448791539254623,-0.49564435828142805,-0.4905396328374099
15.0,0.15,1.6189094445773853,-0.12461500612715745,0.05606421645398272,2.2730908482470125,-0.002528222616960957,0.1364688699296374,3.9354812179566867,2.884701239453298,0.6224953514899824,-2.3165717733793016,-0.6116103912062854,-0.486026481560345
16.0,0.16,1.8111517017190042,-0.10024511653946194,0.05897092103579478,2.588286590134707,0.007772372184353607,0.15284232523499486,4.026371681448461,3.0188172964934292,0.6277571536445363,-2.215219979729457,-0.43053070635872226,-0.47491482840954147
17.0,0.17,1.9232860131482363,-0.1944069480145475,0.05712716919100194,2.894107063988766,0.004747661066660301,0.1672750935279857,4.117262144940235,3.1529333535335606,0.6330189557990902,-2.193976131791999,-0.2588262895447948,-0.4657438622711045
18.0,0.18,1.946429841720068,-0.20137388890428104,0.07241022370766978,2.826877042693855,0.01871093776893449,0.1754078266074074,4.208152608432009,3.287049410573692,0.6382807579536441,-2.261722766711941,-0.46017236787983684,-0.46287293134623675
19.0,0.19,2.054203635100472,-0.197640435150059,0.07076590216247088,2.979471460828933,0.006364915605045943,0.18886893362589846,4.299043071923783,3.4211654676138235,0.643542560108198,-2.2448394368233107,-0.44169400678489046,-0.45467362648229953
20.0,0.2,2.275103150021964,-0.07038838530910123,0.08536409093745892,3.331764924375922,0.0010456036925602537,0.2035072428369149,4.389933535415556,3.555281524653955,0.648804362262752,-2.1148303853935926,-0.22351660027803266,-0.44529711942583705
21.0,0.21,2.2754424214326203,-0.22357027265064847,0.07934773574047792,3.5066627512559823,-0.0003273095991889987,0.21170280241284378,4.48082399890733,3.6893975816940854,0.6540661644173058,-2.20538157747471,-0.18273483043810312,-0.442363362004462
22.0,0.22,2.382237003458307,-0.24304356934550891,0.09145693912293935,3.354356595028614,0.01000028543986518,0.22567505504646623,4.571714462399104,3.823513638734217,0.6593279665718598,-2.189477458940797,-0.46915704370560274,-0.43365291152539354
23.0,0.23,2.4940529758903156,-0.1682572133824976,0.08820093275575551,3.5150107027228126,-0.009703161422034172,0.23819337540973748,4.662604925890879,3.957629695774348,0.6645897687264136,-2.168551950000563,-0.4426189930515356,-0.4263963933166761
24.0,0.24,3.0312843940809975,-0.21741447723112145,0.1087171590787496,3.5826459265396835,-0.03045123110205622,0.2515239669088852,4.7534953893826515,4.09174575281448,0.6698515708809676,-1.722210995301654,-0.5090998262747961,-0.4183276039720824
25.0,0.25,2.7275850009234515,-0.21149448603740315,0.1097582810885724,3.8445877847115595,-0.005484281295656525,0.2597525066354536,4.844385852874426,4.225861809854611,0.6751133730355214,-2.1168008519509747,-0.38127402514305153,-0.41536086640006786
26.0,0.26,2.826629882051941,-0.2841405167645559,0.09108593718393963,3.9796987283865106,0.006077849742454574,0.27565876448972804,4.935276316366199,4.359977866894742,0.6803751751900753,-2.108646434314258,-0.3802791385082318,-0.40471641070034725
27.0,0.27,2.9568698200352412,-0.21674378376488015,0.1072763713112565,4.003731830316589,0.007214528886659992,0.2842076902980445,5.026166779857974,4.494093923934874,0.6856369773446293,-2.0692969598227324,-0.49036209361828487,-0.40142928704658476
28.0,0.28,3.0752485382860497,-0.2179814753991995,0.12229123004065673,4.304281291688673,-0.03557915912124587,0.30618984460351106,5.117057243349747,4.628209980975005,0.6908987794991832,-2.0418087050636977,-0.32392868928633245,-0.38470893489567215
29.0,0.29,3.1709631246914975,-0.2232760581578525,0.11526193196990735,4.4521230902769835,-0.028676447962427177,0.31067224707249386,5.207947706841521,4.762326038015136,0.6961605816537371,-2.0369845821500236,-0.31020294773815227,-0.3854883345812432
30.0,0.3,3.2287310190072582,0.16977865317477775,0.1308560101676272,4.579160629843203,-0.004314478407281278,0.319912080751299,5.298838170333295,4.896442095055267,0.7014223838082909,-2.0701071513260367,-0.3172814652120639,-0.3815103030569919
31.0,0.31,3.400341684157353,-0.2374279552358964,0.13276148359265125,4.6137302760398935,0.0017212818322718932,0.3376320613616806,5.389728633825069,5.030558152095399,0.7066841859628449,-1.9893869496677157,-0.4168278760555051,-0.36905212460116427
32.0,0.32,3.6643533385291174,-0.11371803262089705,0.14314258394753818,5.356840555407499,0.005535176860962802,0.3577969650830469,5.480619097316843,5.16467420913553,0.7119459881173988,-1.816265758787726,0.1921663462719687,-0.3541490230343519
33.0,0.33,3.5402494664615483,0.18114653354413696,0.13347248448861024,4.901240242718207,-0.035328293010583905,0.3626708853857891,5.571509560808616,5.298790266175661,0.7172077902719527,-2.031260094347068,-0.3975500234574545,-0.3545369048861636
34.0,0.34,3.5326583127296476,-0.21141582073962611,0.1332064318874711,4.884061210894376,-0.017690308377589024,0.3774479536002095,5.662400024300391,5.432906323215793,0.7224695924265065,-2.1297417115707433,-0.5488451123214171,-0.34502163882629705
35.0,0.35,3.74484645684316,0.05936846317129877,0.13677124286810632,5.427501260953866,0.03716289498443662,0.38730402764997257,5.753290487792164,5.567022380255923,0.7277313945810605,-2.0084440309490037,-0.13952111930205735,-0.34042736693108794
36.0,0.36,3.8836546152964253,0.20472523962489067,0.14901758906820997,5.531746906564776,-0.03746581092896155,0.40593934829042677,5.844180951283938,5.701138437296055,0.7329931967356144,-1.9605263359875131,-0.16939153073127855,-0.3270538484451876
37.0,0.37,3.9734196552531995,0.21966833165437327,0.14502471225623345,5.521056122822911,-0.019847201558888306,0.40496142205398195,5.935071414775712,5.835254494336186,0.7382549988901683,-1.9616517595225127,-0.31419837151327545,-0.3332935768361864
38.0,0.38,4.127722474809405,-0.4437166335144914,0.16105557473323395,5.834167632677667,0.017680974504386264,0.42809712798912436,6.025961878267486,5.969370551376318,0.7435168010447222,-1.8982394034580814,-0.13520291869865098,-0.3154196730555978
39.0,0.39,4.2865078777741035,-0.3010456243548972,0.15618221243840008,6.002575536787559,-0.07611824452581281,0.43779654167064336,6.116852341759261,6.103486608416449,0.7487786031992761,-1.8303444639851572,-0.10091107162889035,-0.3109820615286328
40.0,0.4,4.566649995937796,-0.11643926927303791,0.22196111513079547,6.720561655832878,-0.02880148572090446,0.45037720736418924,6.2077428052510335,6.23760266545658,0.75404040535383,-1.6410928093132373,0.4829589903762974,-0.30366319798964075
41.0,0.41,4.687714625787908,-0.47061337024894856,0.16399011421725426,6.268135413927059,0.028909514100851106,0.4654746265651098,6.298633268742807,6.371718722496711,0.759302207508384,-1.610918642954899,-0.10358330856965203,-0.29382758094327416
42.0,0.42,4.5777481742954675,0.13147569449308558,0.16530240565242527,6.682170636592913,0.010454353127521875,0.4733810304139248,6.389523732234581,6.505834779536842,0.7645640096629378,-1.8117755579391135,0.17633585705607047,-0.291182979249013
43.0,0.43,4.6734758587522265,0.24672239891120162,0.1826893329985664,6.6717769956368675,-0.019642133884579478,0.49157596267124615,6.480414195726356,6.639950836576974,0.7698258118174917,-1.8069383369741292,0.03182615905989383,-0.2782498491462455
44.0,0.44,4.803805255626026,-0.5035608758125589,0.19627555245985945,6.815882280217307,0.007450578967446968,0.4925279801847172,6.5713046592181295,6.774066893617105,0.7750876139720456,-1.7674994035921037,0.04181538660020223,-0.2825596337873284
45.0,0.45,5.019390876762107,-0.3197626347662611,0.17381724346124308,6.859440071302843,-0.07035138113662837,0.5162415788312892,6.662195122709903,6.9081829506572365,0.7803494161265996,-1.6428042459477963,-0.04874287935439359,-0.2641078372953104
46.0,0.46,5.042291471361167,-0.36932759863749237,0.17973951148400752,6.922455409868073,-0.02194176744107103,0.5163233173245391,6.753085586201678,7.042299007697368,0.7856112182811534,-1.7107941148405112,-0.11984359782929488,-0.26928790095661437
47.0,0.47,5.391653070985531,0.5792350264895196,0.19726330248477153,7.433103163006107,0.025839631549876847,0.5036487055031365,6.843976049693451,7.1764150647374985,0.7908730204357073,-1.4523229787079197,0.25668809826860883,-0.28722431493257083
48.0,0.48,5.240133485329091,0.23682621985587737,0.25493245098000544,7.2321554451575985,-0.03616473518235981,0.5451684760873818,6.934866513185225,7.31053112177763,0.7961348225902612,-1.6947330278561346,-0.07837567662003142,-0.2509663465028794
49.0,0.49,5.347663245378712,0.3282138631835147,0.20504374676571466,7.550211776547803,-0.026965437134545616,0.5627038835291589,7.025756976676998,7.444647178817761,0.8013966247448152,-1.6780937312982864,0.10556459773004168,-0.2386927412156563
50.0,0.5,5.499038392541195,-0.34995149004286996,0.2685480378371816,7.484379996728292,-0.07277189627125584,0.553733792507607,7.116647440168773,7.578763235857893,0.8066584268993691,-1.6176090476275782,-0.09438323912960112,-0.25292463439176205
51.0,0.51,5.488211077093096,0.1537376809636115,0.1916426120587906,8.77415405954867,0.016450205804799407,0.6109860342104664,7.207537903660546,7.712879292898024,0.8119202290539229,-1.7193268265674497,1.0612747666506452,-0.20093419484345654
52.0,0.52,5.642738529767662,0.2665384441576312,0.2431855086956065,7.725279519770116,-0.00024077981625082764,0.5983647296215344,7.2984283671523205,7.8469953499381555,0.8171820312084769,-1.6556898373846582,-0.12171583016803922,-0.21881730158694246
53.0,0.53,5.772010181739261,0.09421414401637562,0.21807750054552127,7.947168498095611,-0.001476378057789099,0.6115521005606805,7.389318830644095,7.981111406978287,0.8224438333630308,-1.6173086489048343,-0.03394290888267548,-0.2108917328023503
54.0,0.54,6.007070465797754,-0.41965372634780657,0.2642584281476177,8.020493120299001,-0.026998628831697326,0.6267839905345804,7.480209294135868,8.11522746401842,0.8277056355175847,-1.4731388283381142,-0.09473434371941813,-0.20092164498300424
55.0,0.55,6.072718028569425,0.3099866267443429,0.23022259963657032,8.28908897203182,-0.05908381504951256,0.6256284180730664,7.571099757627643,8.24934352105855,0.8329674376721385,-1.4983817290582175,0.039745450973269314,-0.2073390195990722
56.0,0.56,6.0589967093844335,0.3278495041399915,0.256969620356966,8.377516293735708,-0.10924137957701152,0.6359776587626323,7.6619902211194155,8.383459578098682,0.8382292398266925,-1.602993511734982,-0.00594328436297431,-0.20225158106406016
57.0,0.57,6.22028507603175,0.34400463362407335,0.216887571798557,8.55074455883576,-0.046065612406160576,0.662040457186984,7.752880684611188,8.517575635138812,0.8434910419812464,-1.532595608579438,0.03316892369694813,-0.18145058479426235
58.0,0.58,6.275896228121454,0.3161414688854022,0.2446417834432616,8.601589891952868,0.06909051255149193,0.6654211156864743,7.843771148102963,8.651691692178943,0.8487528441358003,-1.5678749199815094,-0.050101800226075355,-0.183331728449326
59.0,0.59,6.361124255770115,0.33654534892651017,0.2109400077339534,9.103597476930615,-0.057474525928641995,0.6691318336233755,7.934661611594738,8.785807749219074,0.8540146462903542,-1.573537355824623,0.31778972771154024,-0.1848828126669787
60.0,0.6,6.525890507991756,0.34620475163277,0.30001013236931284,8.815244989362068,0.04065655971018404,0.6806001587013278,8.02555207508651,8.919923806259206,0.859276448444908,-1.4996615670947548,-0.1046788168971382,-0.17867628974358019
61.0,0.61,6.624418261247229,0.3107251519118164,0.2451235893273475,9.185817519098649,0.022908724944575007,0.6964927436317607,8.116442538578285,9.054039863299337,0.864538250599462,-1.4920242773310566,0.13177765579931133,-0.16804550696770126
62.0,0.62,6.822442469489602,0.3441004712244895,0.23305190338246592,9.33573456499242,0.016316555403761156,0.7058081429673625,8.207333002070058,9.188155920339469,0.869800052754016,-1.3848905325804557,0.14757864465295079,-0.16399190978665346
63.0,0.63,6.928672241015118,0.11222608852248692,0.28052119835632244,9.799608416229393,0.04189618277326474,0.730382007311736,8.298223465561833,9.3222719773796,0.8750618549085698,-1.369551224546715,0.47733643884979315,-0.14467984759683383
64.0,0.64,7.304771893436125,0.8198993593648896,0.3665034826553073,9.88355513339107,0.0014723879791946868,0.7092097540057657,8.389113929053607,9.456388034419732,0.8803236570631238,-1.0843420356174827,0.42716709897133853,-0.17111390305735807
65.0,0.65,7.019373489392458,0.27326318455351645,0.331620602386362,9.735377012803031,-0.017350997428492047,0.7319294414454864,8.48000439254538,9.590504091459863,0.8855854592176777,-1.4606309031529223,0.14487292134316831,-0.1536560177721913
66.0,0.66,7.275457516475362,0.3309034686784805,0.29600567090559093,9.526440234873858,-0.020764864362761794,0.766574184620612,8.570894856037155,9.724620148499994,0.8908472613722316,-1.2954373395617926,-0.19817991362613618,-0.12427307675161958
67.0,0.67,7.413882556032217,-0.5727983893807274,0.3826345095974289,9.690626788834853,-0.09232305140778486,0.7516980938865462,8.661785319528928,9.858736205540126,0.8961090635267854,-1.247902763496711,-0.16810941670527235,-0.14441096964023925
68.0,0.68,7.411940374916008,0.37942620581128494,0.3599889531778425,9.812714151384272,-0.15515588367660743,0.7820858625556286,8.752675783020702,9.992852262580257,0.9013708656813394,-1.3407354081046945,-0.18013811119598522,-0.11928500312571078
69.0,0.69,7.594668180074992,-0.5531319965586387,0.40295711024920244,10.37461980980471,-0.1788266498582007,0.797928437558747,8.843566246512475,10.126968319620387,0.9066326678358932,-1.2488980664374836,0.24765149018432275,-0.10870423027714626
70.0,0.7,7.539445031239559,0.34641985241767137,0.37995717709923776,10.714380609282209,-0.035423565421821644,0.8041607112614761,8.93445671000425,10.261084376660518,0.9118944699904472,-1.395011678764691,0.4532962326216907,-0.10773375872897106
71.0,0.71,7.768867602029822,0.4306672741671114,0.32192261945565603,10.526584134115966,0.19597760605262138,0.7997844350714749,9.025347173496023,10.39520043370065,0.9171562721450011,-1.2564795714662012,0.13138370041531644,-0.11737183707352616
72.0,0.72,8.00523526835427,0.4814426144014252,0.3611379468439593,10.66760913120463,0.017400340739457124,0.7674421968999785,9.116237636987798,10.529316490740781,0.9224180742995549,-1.1110023686335282,0.13829264046384893,-0.1549758773995764
73.0,0.73,7.904316317314654,0.38591839024889113,0.31291881678937045,11.396921248592426,0.020200250014326022,0.7934085006381069,9.207128100479572,10.663432547780912,0.9276798764541089,-1.302811783164918,0.7334887008115132,-0.13427137581600201
74.0,0.74,8.037723852310368,0.5130740323272328,0.35677130490322573,11.406978916106969,-0.06682667346858764,0.8393300334307386,9.298018563971345,10.797548604821044,0.9329416786086628,-1.2602947116609773,0.6094303112859247,-0.0936116451779242
75.0,0.75,8.258119118427302,0.41828866107040624,0.2913269435150752,11.300727728162897,-0.0034957281664128688,0.8292442194091731,9.38890902746312,10.931664661861175,0.9382034807632167,-1.1307899090358173,0.36906306630172203,-0.10895926135404355
76.0,0.76,8.213893537418015,0.19253919403284556,0.36473217922199314,11.571723612159435,0.005446238833333251,0.8762749208196209,9.479799490954893,11.065780718901307,0.9434652829177705,-1.265905953536878,0.505942893258128,-0.06719036209814966
77.0,0.77,8.440448408240249,0.40199273005310926,0.34127337804519237,11.191274609770097,-0.029465982094641806,0.8384705454124302,9.570689954446667,11.199896775941438,0.9487270850723245,-1.1302415462064186,-0.008622166171340595,-0.11025653965989435
78.0,0.78,8.717959797299072,-0.6325277741713512,0.3923168083778045,11.784382414781227,-0.17029067482643925,0.8453267310992094,9.661580417938442,11.33401283298157,0.9539888872268785,-0.9436206206393702,0.4503695817996576,-0.10866215612766905
79.0,0.79,8.608268401483672,0.40668803276312215,0.45218287216282727,11.815905602475956,0.002366179374316966,0.9419664135318538,9.752470881430215,11.4681288900217,0.9592506893814323,-1.144202479946543,0.34777671245425523,-0.01728427584957848
80.0,0.8,9.280161782871767,-0.1030668404099774,0.4934609546902912,12.637623406677507,-0.24931983653016832,0.9053252386294253,9.84336134492199,11.602244947061832,0.9645124915359862,-0.5631995620502224,1.035378459615675,-0.059187252906560905
81.0,0.81,8.943688306653579,0.46904555423035066,0.43554950124776237,12.264798909410812,-0.057035554417722296,0.9245033197416271,9.934251808413762,11.736361004101964,0.9697742936905401,-0.9905635017601835,0.5284379053088486,-0.045270973948912996
82.0,0.82,9.103470633150321,-0.6710240106660686,0.3573693708993681,12.13132296572908,-0.15771049890812303,0.9022362435622666,10.025142271905535,11.870477061142093,0.975036095845094,-0.921671638755214,0.2608459045869864,-0.07279985228282737
83.0,0.83,9.019549716836016,0.3768548642873308,0.3830174225982949,12.570737929785919,-0.1045077502027297,0.9702445040577052,10.11603273539731,12.004593118182225,0.980297897999648,-1.096483018561294,0.566144811603694,-0.010053393941942712
84.0,0.84,9.331673714720429,0.5031850623125088,0.44254176772252785,12.979636892599684,0.07497626406000098,0.9279833482405833,10.206923198889085,12.138709175222356,0.9855597001542018,-0.8752494841686556,0.840927717377328,-0.05757635191361854
85.0,0.85,9.435556334446007,-0.7356520839789856,0.4402726071364421,12.94728358414546,-0.13361728564398667,0.9527952337962314,10.297813662380857,12.272825232262488,0.9908215023087557,-0.8622573279348504,0.6744583518829721,-0.03802626851252422
86.0,0.86,9.492047047258342,0.31281250773885955,0.41592899291585816,12.537881669146131,-0.012237204600276053,0.9813309603189821,10.388704125872632,12.406941289302619,0.9960833044633096,-0.8966570786142896,0.13094037984351203,-0.014752344144327467
87.0,0.87,9.469973288624722,0.5370346627211149,0.4176116420251784,12.720789074850018,0.00031010935614916033,0.986792525785492,10.479594589364405,12.54105734634275,1.0013451066178636,-1.009621300739683,0.17973172850726726,-0.014552580832371542
88.0,0.88,9.638490119818073,0.10716245710254856,0.41539202889086846,12.705346872706563,0.1392061652430001,0.9441191622235376,10.57048505285618,12.675173403382882,1.0066069087724174,-0.9319949330381068,0.0301734693236817,-0.062487746548879786
89.0,0.89,9.79582928545626,0.4336879877101136,0.35249239534700666,13.005770559165414,0.12894047325282237,0.9604303714719978,10.661375516347954,12.809289460423013,1.0118687109269713,-0.8655462308916935,0.19648109874240127,-0.05143833945497345
90.0,0.9,10.047638413742357,0.6296076883955632,0.371665893148913,13.077265672719435,0.11123732192691696,1.0278306624058795,10.752265979839729,12.943405517463145,1.0171305130815254,-0.704627566097372,0.13386015525628991,0.010700149324354147
91.0,0.91,10.16572888630346,0.4342267060147241,0.4694732154437495,14.112049359700281,0.06679265428369234,1.0295188853035189,10.843156443331502,13.077521574503276,1.0223923152360792,-0.6774275570280412,1.034527785197005,0.007126570067439664
92.0,0.92,10.076891245802916,0.36265528375534195,0.3671600454308578,14.08412667497078,0.12508247444516998,1.0259775131763706,10.934046906823276,13.211637631543407,1.027654117390633,-0.8571556610203608,0.8724890434273718,-0.0016766042142624116
93.0,0.93,10.04728123758233,0.5246311892673837,0.42101543081693193,14.023987436586706,-0.06664227711580015,1.0538548887507762,11.02493737031505,13.345753688583539,1.0329159195451871,-0.9776561327327187,0.6782337480031675,0.02093896920558902
94.0,0.94,10.917776131301705,1.1143015950870476,0.34734732861899237,14.86816605620245,-0.14143417507595857,1.0174889621667258,11.115827833806822,13.479869745623668,1.038177721699741,-0.19805170250511672,1.388296310578781,-0.02068875953301519
95.0,0.95,10.337593860328793,-0.7104046383271165,0.4830331394144444,13.885182384452126,-0.016860226137621576,1.007799559554125,11.206718297298597,13.6139858026638,1.0434395238542948,-0.8691244369698037,0.27119658178832573,-0.03563996430016991
96.0,0.96,10.59599142594082,0.5963773778526649,0.5327404185305981,14.650474751500585,-0.017948801579965763,1.0597475552434006,11.297608760790371,13.748101859703931,1.0487013260088487,-0.7016173348495514,0.902372891796654,0.011046229234551896
97.0,0.97,10.725031232964705,0.5666628921866451,0.538138958832276,14.946727769423578,-0.031242625251238446,1.086322702326333,11.388499224282144,13.882217916744063,1.0539631281634025,-0.6634679913174395,1.0645098526795156,0.03235957416293056
98.0,0.98,10.794662865681877,0.5573411164085893,0.3223769454328417,14.505391863358177,0.07128378895700233,1.0222444155310186,11.479389687773919,14.016333973784194,1.0592249303179564,-0.6847268220920419,0.4890578895739832,-0.03698051478693776
99.0,0.99,10.728486479136624,0.5295227371062274,0.5255392380206186,15.241015462571363,0.018592422617410172,1.1347535260791266,11.570280151265692,14.150450030824326,1.0644867324725102,-0.841793672129068,1.090565431747038,0.07026679360661636
100.0,1.0,10.930150559507998,0.5614799184537741,0.5044994275907294,14.846185187675744,0.01787847267670016,1.0976599307205408,11.661170614757467,14.284566087864457,1.0697485346270643,-0.7310200552494681,0.5616190998112867,0.02791139609347648
101.0,1.01,11.26193662087119,-0.8234743228790682,0.42968348390295263,15.345891141346119,0.014937105207065897,1.0858828190642975,11.752061078249241,14.418682144904588,1.0750103367816184,-0.49012445737805166,0.9272089964415304,0.010872482282679119
102.0,1.02,11.292885528893496,0.5397705941269398,0.5797340776233706,15.249015585742493,-0.01714644139285021,1.1788463225955275,11.842951541741014,14.55279820194472,1.0802721389361722,-0.5500660128475179,0.696217383797773,0.09857418365935522
103.0,1.03,11.205426811718706,0.5081026064464561,0.46314184386296414,12.356424210023901,-0.0023908366025443303,1.1211278146279464,11.933842005232789,14.686914258984851,1.085533941090726,-0.728415193514083,-2.33049004896095,0.03559387353722032
104.0,1.04,11.274808950303507,0.49009945404257343,0.4631574511354422,15.724913646074134,0.11005999819651903,1.1747940053722574,12.024732468724562,14.821030316024983,1.09079574324528,-0.7499235184210544,0.9038833300491511,0.08399826212697747
105.0,1.05,11.636445184830935,0.5774208064566616,0.40566113254354497,15.931383751038945,-0.027123067377325658,1.112055413330363,12.115622932216336,14.955146373065114,1.0960575453998338,-0.47917774738540153,0.9762373779738311,0.015997867930529264
106.0,1.06,11.634473434970939,0.21646058832123344,0.6158170783632804,16.341891657542785,0.17030634185070329,1.1507957034200704,12.206513395708111,15.089262430105245,1.1013193475543877,-0.5720399607371718,1.2526292274375397,0.049476355865682775
107.0,1.07,11.854819609892917,-0.7791972282647439,0.5301105306582717,16.180059213682462,0.02075983076375414,1.1494814339449582,12.297403859199884,15.223378487145377,1.1065811497089417,-0.44258424930696627,0.9566807265370851,0.04290028423601644
108.0,1.08,11.826028485451639,0.6612514407666602,0.5465028678673187,16.453292757102705,-0.11486050419811508,1.1163527229362165,12.388294322691658,15.357494544185508,1.1118429518634956,-0.5622658372400196,1.095798212917197,0.004509771072720881
109.0,1.09,11.983855653311707,0.566024336611365,0.5124910276763981,12.664690657553315,0.04478858571640858,1.1961658036532044,12.479184786183431,15.49161060122564,1.1171047540180497,-0.4953291328717242,-2.8269199436723245,0.0790610496351547
110.0,1.1,12.232917143699222,0.5406024288038033,0.411336242515217,16.353764028162765,-0.0653644950144059,1.164235767251113,12.570075249675206,15.625726658265771,1.1223665561726035,-0.33715810597598406,0.7280373698969935,0.041869211078509494
111.0,1.11,12.241269028217594,0.5233291095441431,0.43785176928202524,13.739229031945934,0.12553832405654586,1.1920463170602238,12.66096571316698,15.759842715305902,1.1276283583271574,-0.41969668494938617,-2.0206136833599686,0.06441795873306644
112.0,1.12,12.109036950662206,0.6958612989205871,0.6321161976212594,17.38952700108635,0.026570401500605693,1.2085426920354327,12.751856176658753,15.893958772346034,1.1328901604817112,-0.6428192259965471,1.495568228740316,0.07565253155372154
113.0,1.13,12.822282057371218,-1.1070512674389015,0.570203924466229,12.362507556694993,-0.09064537818910799,1.1955595957483134,12.842746640150526,16.028074829386163,1.138151962636265,-0.02046458277930796,-3.6655672726911703,0.05740763311204833
114.0,1.14,12.351365902086547,0.6681124446466861,0.37356620014109676,17.16157835456709,-0.10852264065792325,1.1336866218556174,12.9336371036423,16.162190886426295,1.143413764790819,-0.5822712015557521,0.9993874681407959,-0.009727142935201494
115.0,1.15,12.689518872837889,0.4868022820794499,0.5402710136590398,13.899007532049152,0.04838568256454903,1.1770891630539222,13.024527567134074,16.296306943466426,1.1486755669453728,-0.3350086942961852,-2.397299411417274,0.028413596108549433
116.0,1.16,12.734152701953906,0.7224885639818006,0.5599871232857089,17.970720936407833,0.18089577947207214,1.191616258684534,13.115418030625849,16.430423000506558,1.1539373690999266,-0.38126532867194207,1.5402979359012754,0.03767888958460741
117.0,1.17,12.88356829770497,-0.9910964428608287,0.48755589293953105,17.998553643188433,-0.19984394750134435,1.238692856043929,13.206308494117621,16.56453905754669,1.1591991712544807,-0.32274019641265106,1.4340145856417443,0.0794936847894483
118.0,1.18,13.005534894585722,0.4839348951766746,0.5477070709715027,14.500190584288534,-0.009913482125597547,1.2860304858936429,13.297198957609396,16.69865511458682,1.1644609734090345,-0.2916640630236742,-2.1984645302982866,0.12156951248460834
119.0,1.19,13.03351389272806,0.5720723944477317,0.2960980151280313,18.019765117224715,-0.04534561991550454,1.233290163559793,13.388089421101169,16.832771171626952,1.1697227755635886,-0.35457552837310935,1.186993945597763,0.06356738799620443
120.0,1.2,13.080854852491576,0.188278944050067,0.55743003292521,17.630940687021578,-0.026507654896904525,1.1751726471396189,13.478979884592944,16.966887228667083,1.1749845777181425,-0.3981250321013672,0.6640534583544948,0.00018806942147642225
121.0,1.21,13.153254762165533,0.44969016891202,0.6107134743939904,14.306702723092771,-0.015828091183477964,1.2759247593415628,13.569870348084718,17.101003285707215,1.1802463798726963,-0.41661558591918535,-2.7943005626144437,0.09567837946886648
122.0,1.22,13.574376951752075,0.5492678866173799,0.5512091599647974,18.2197207034841,0.21684941642301014,1.1874045134011797,13.660760811576491,17.235119342747346,1.1855081820272502,-0.08638385982441577,0.9846013607367539,0.0018963313739295273
123.0,1.23,13.882214790451245,0.5941499238761951,0.6596456597085305,18.493645273508378,-0.270360321819251,1.295005653532781,13.751651275068266,17.369235399787478,1.190769984181804,0.1305635153829794,1.1244098737209,0.10423566935097694
124.0,1.24,13.453369755036741,0.9107672947786584,0.7682356316019606,18.722047958434022,0.02307299552364094,1.2957866636857907,13.842541738560039,17.50335145682761,1.1960317863363579,-0.3891719835232976,1.2186965016064129,0.09975487734943278
125.0,1.25,13.74699947067735,0.613233987919046,0.7284584576243429,16.86362913660392,-0.08410671615351989,1.2746213027852293,13.933432202051813,17.63746751386774,1.201293588490912,-0.18643273137446315,-0.7738383772638215,0.07332771429431739
126.0,1.26,13.707896688599815,0.1638117560254137,0.5300397756867323,15.815551105595858,0.20923856083519687,1.3593446171580317,14.024322665543588,17.77158357090787,1.206555390645466,-0.3164259769437727,-1.9560324653120134,0.15278922651256566
127.0,1.27,14.118031783441902,0.7079110940034685,0.8279305518950211,19.911320246011933,-0.10359804225835553,1.3801421929470161,14.11521312903536,17.905699627948003,1.2118171928000199,0.0028186544065409436,2.0056206180639293,0.16832500014699625
128.0,1.28,14.025466006988344,0.42955247538691665,0.8063239225897986,18.84118311165351,-0.019546680810747577,1.3994673341038555,14.206103592527136,18.039815684988135,1.2170789949545737,-0.1806375855387916,0.8013674266653759,0.18238833914928176
129.0,1.29,14.274349227114312,0.5154472432219611,0.7651994268908602,18.904010706247224,-0.012368127640961232,1.3553927947288567,14.296994056018908,18.173931742028266,1.2223407971091276,-0.02264482890459618,0.7300789642189578,0.13305199761972908
130.0,1.3,13.986256927020456,0.8016488808437471,0.6935920938037813,19.866048938629184,-0.10629351680083553,1.3237133091712991,14.387884519510683,18.308047799068397,1.2276025992636814,-0.40162759249022706,1.558001139560787,0.09611070990761772
131.0,1.31,14.021558563537413,0.4028923047012884,0.5507029212099205,16.42611922883329,-0.0201497050083198,1.3466800069976446,14.478774983002458,18.44216385610853,1.2328644014182353,-0.45721641946504477,-2.016044627275239,0.11381560557940928
132.0,1.32,14.335889852755813,0.6623444028204096,0.5888091075120528,16.35732446011006,0.17758405390590928,1.376731591947252,14.56966544649423,18.57627991314866,1.2381262035727894,-0.23377559373841805,-2.2189554530385998,0.13860538837446268
133.0,1.33,14.392931947668151,0.46720255305315256,0.5803593728107934,16.58257297683841,0.20569204266358596,1.4234088850455335,14.660555909986005,18.71039597018879,1.2433880057273432,-0.26762396231785424,-2.1278229933503816,0.18002087931819033
134.0,1.34,14.712075825708938,0.5120859591471872,0.7726360945216254,16.567613234157356,0.06392853751578005,1.4053090059422064,14.751446373477778,18.844512027228923,1.2486498078818973,-0.03937054776883997,-2.2768987930715667,0.15665919806030915
135.0,1.35,14.901618692362355,0.5599577597137263,0.47036491848550205,15.967216288561353,0.06784829833194438,1.3129462854358642,14.842336836969553,18.978628084269054,1.2539116100364511,0.059281855392802285,-3.0114117957077013,0.059034675399413095
136.0,1.36,14.919155201433144,0.36107984543110233,0.49838882985632726,16.92446767726583,-0.2101893430363717,1.4376009399001553,14.933227300461327,19.112744141309186,1.259173412191005,-0.014072099028183516,-2.188276464043355,0.17842752770915027
137.0,1.37,15.141445725653513,0.11787542558129856,0.7976835011021655,15.948916897488743,0.16921369210582837,1.4755407015756834,15.0241177639531,19.246860198349317,1.2644352143455588,0.11732796170041304,-3.297943300860574,0.21110548723012457
138.0,1.38,15.288239276364111,-1.2589432888187646,0.7076078331353026,17.079584265617203,-0.1644959362884723,1.4325027301562308,15.115008227444873,19.380976255389445,1.2696970165001127,0.1732310489192379,-2.3013919897722417,0.16280571365611807
139.0,1.39,15.583876496549838,0.7574278446136165,0.5974343531215549,17.733402769713916,-0.09644698448386421,1.4493705523923999,15.205898690936646,19.515092312429577,1.2749588186546665,0.3779778056131917,-1.781689542715661,0.17441173373773333
140.0,1.4,15.292678913150754,0.41418095466409177,0.8283129731810575,18.572222810844362,0.23685509762882273,1.3637530937662108,15.29678915442842,19.649208369469708,1.2802206208092204,-0.004110241277667015,-1.0769855586253456,0.0835324729569904
141.0,1.41,15.557565518599032,0.5437132903714654,0.5568761450984816,16.88831893145689,-0.016330833736410942,1.4658921924067203,15.387679617920195,19.78332442650984,1.2854824229637742,0.16988590067883713,-2.895005495052949,0.18040976944294607
142.0,1.42,15.42609261829401,0.39709648083908017,0.3678250007741179,16.464158313328415,0.3543380543569809,1.4232724730370654,15.478570081411968,19.91744048354997,1.2907442251183283,-0.05247746311795787,-3.4532821702215557,0.13252824791873707
143.0,1.43,15.897257677066918,-0.9082387069573239,0.5120865061702625,18.900681057325798,-0.06287663556743764,1.444679970166056,15.569460544903743,20.051556540590102,1.2960060272728822,0.32779713216317496,-1.1508754832643042,0.14867394289317382
144.0,1.44,16.178199321586565,1.0342731318997826,0.6119344215513713,22.489189238718275,0.17939843817825915,1.4649593861621268,15.660351008395516,20.185672597630234,1.3012678294274362,0.517848313191049,2.3035166410880414,0.1636915567346906
145.0,1.45,15.884072786523006,0.9305327413507547,0.7252481710960024,22.015561764153695,0.04412086560854349,1.59900752493059,15.75124147188729,20.319788654670365,1.30652963158199,0.13283131463571607,1.69577310948333,0.29247789334859986
146.0,1.46,16.19111121890124,0.9112648370135902,0.6414922554093643,23.911005383538576,-0.24420464299341194,1.3855952701661411,15.842131935379065,20.453904711710496,1.311791433736544,0.34897928352217633,3.45710067182808,0.0738038364295972
147.0,1.47,16.433544936558082,0.8210830008079891,0.6548833657454891,22.415531300118325,0.32607856024171644,1.381196051278122,15.933022398870838,20.588020768750628,1.3170532358910978,0.5005225376872442,1.8275105313676967,0.06414281538702427
148.0,1.48,16.101931413254597,0.5360983366347831,0.726019741246428,18.7931927437966,0.3890217006161393,1.5791686349840879,16.02391286236261,20.72213682579076,1.3223150380456516,0.0780185508919864,-1.9289440819941603,0.25685359693843623
149.0,1.49,16.15792384332661,0.653778452058542,0.9243757402408371,18.976071658958023,-0.07442195281294635,1.4875525037307304,16.114803325854385,20.85625288283089,1.3275768402002055,0.04312051747222512,-1.8801812238728672,0.15997566353052495
150.0,1.5,16.448022963141035,0.680863765339793,0.7569895618156752,18.155690807859454,0.077017765096977,1.4413937732193949,16.20569378934616,20.990368939871022,1.3328386423547596,0.24232917379487517,-2.834678132011568,0.10855513086463531
151.0,1.51,17.32958641661803,-1.1528879916450865,0.578038812599399,23.10716262713188,0.022643725030358726,1.4818206473687745,16.296584252837935,21.124484996911153,1.3381004445093136,1.0330021637800968,1.9826776302207278,0.14372020285946085
152.0,1.52,16.535206594755607,0.44602678827329306,0.67524206699602,23.150612447926452,0.016461789094760714,1.5147304716096903,16.387474716329706,21.258601053951285,1.3433622466638675,0.1477318784259012,1.8920113939751673,0.17136822494582282
153.0,1.53,16.839796686406014,0.8344412505608146,0.8291064691890799,23.455294013259525,0.0852062295471534,1.6231713640824237,16.47836517982148,21.392717110991416,1.3486240488184214,0.36143150658453393,2.062576902268109,0.27454731526400233
154.0,1.54,17.29820167459045,0.5014124899723849,0.7772173780330648,20.549029280648192,0.06398447350843117,1.5441526989084569,16.569255643313255,21.526833168031548,1.3538858509729752,0.7289460312771965,-0.9778038873833559,0.19026684793548165
155.0,1.55,16.626800724158343,0.9188683777069142,0.6912222474541025,18.49758899007216,0.13239032085309635,1.5948618031769952,16.66014610680503,21.66094922507168,1.359147653127529,-0.03334538264668652,-3.1633602349995193,0.23571415004946616
156.0,1.56,17.288498290246395,0.9679497162996086,0.7874667725080352,23.95937376701315,-0.15939482290362628,1.5696345890116794,16.751036570296804,21.79506528211181,1.364409455282083,0.5374617199495901,2.1643084849013405,0.2052251337295965
157.0,1.57,17.866786203046356,0.7748239718298529,0.8042959164846897,23.768263150975166,0.2309746806886352,1.5342464119229304,16.841927033788576,21.929181339151942,1.369671257436637,1.0248591692577804,1.839081811823224,0.16457515448629345
158.0,1.58,17.19754059646654,0.22620111432884393,0.7198252372446462,19.130740753282936,0.15496167916861692,1.6293165966106895,16.93281749728035,22.063297396192073,1.3749330595911908,0.2647230991861882,-2.9325566429091374,0.2543835370194987
159.0,1.59,16.96668509686163,0.7369004102741186,0.7506826437140554,20.19216289259558,0.05818739115535573,1.5076881845248078,17.023707960772125,22.197413453232205,1.380194861745745,-0.05702286391049327,-2.0052505606366253,0.1274933227790629
160.0,1.6,19.25882870708335,-0.24737926259296936,1.1500241935783526,25.085437600850042,-0.29165205494858526,1.6568730855402132,17.1145984242639,22.331529510272336,1.3854566639002988,2.14423028281945,2.7539080905777062,0.2714164216399144
161.0,1.61,17.657890450292612,1.1039967042334355,0.6734400791148999,26.072306107346197,0.1752167502188614,1.4991124026984923,17.205488887755674,22.465645567312468,1.3907184660548526,0.452401562536938,3.6066605400337295,0.10839393664363972
162.0,1.62,17.831639759982057,0.6776909439054524,0.7088218106366049,19.846781073787515,0.16280834725571078,1.6144013311046501,17.296379351247445,22.5997616243526,1.3959802682094065,0.5352604087346116,-2.752980550565084,0.21842106289524366
163.0,1.63,17.312524080298655,0.28251091856854865,0.7425545229174806,21.16663129818105,-0.011360720995133876,1.532739599779899,17.38726981473922,22.733877681392727,1.4012420703639603,-0.07474573444056531,-1.5672463832116783,0.13149752941593862
164.0,1.64,18.14008386008813,0.716436934307603,0.8152094200340645,25.14163755936352,0.1364506685190653,1.6254177275923338,17.47816027823099,22.867993738432858,1.4065038725185142,0.6619235818571383,2.273643820930662,0.21891385507381966
165.0,1.65,18.589038283868394,0.6995799998277004,0.5467667662379349,21.467309068228474,-0.25275280352053603,1.547213603269552,17.569050741722766,23.00210979547299,1.411765674673068,1.0199875421456284,-1.5348007272445159,0.13544792859648402
166.0,1.66,17.661778062251535,0.9527106731371138,0.7478400680235051,20.291106246122148,0.25437646651670176,1.7104879194786462,17.65994120521454,23.13622585251312,1.4170274768276219,0.0018368570369950987,-2.8451196063909734,0.29346044265102433
167.0,1.67,18.83566623855478,0.4109867192184917,0.9325513345332193,26.692621182294825,-0.4133982888531067,1.6895943638919113,17.750831668706315,23.270341909553252,1.422289278982176,1.0848345698484643,3.422279272741573,0.26730508490973537
168.0,1.68,18.4777243743438,0.9874835304718474,0.7672971302615217,20.933116720357603,0.21625349748986397,1.6358790761762911,17.84172213219809,23.404457966593384,1.4275510811367298,0.636002242145711,-2.471341246235781,0.20832799503956134
169.0,1.69,18.62584334727328,0.9820109742023332,0.7199211409514175,22.46654824337932,0.04126381127653567,1.587853919577402,17.93261259568986,23.538574023633515,1.4328128832912839,0.6932307515834175,-1.0720257802541937,0.1550410362861181
170.0,1.7,19.54126990062861,-1.5074827755438542,0.9956749396406641,26.034732830210416,-0.4424010361440176,1.652132550666639,18.023503059181635,23.672690080673647,1.4380746854458377,1.5177668414469743,2.3620427495367693,0.2140578652208014
171.0,1.71,18.586590209277755,0.7382995947806018,0.4620815751822908,22.64932119510125,0.2501129946613057,1.57302534656539,18.11439352267341,23.806806137713778,1.4433364876003916,0.4721966866043452,-1.1574849426125269,0.1296888589649985
172.0,1.72,19.054030777857037,0.47755716413731736,0.9276622342808104,19.90459215513917,0.10623316347018523,1.7225697568702754,18.205283986165185,23.94092219475391,1.4485982897549454,0.8487467916918519,-4.0363300396147395,0.27397146711532994
173.0,1.73,19.451786406789655,1.0943368706456535,1.0237821019403597,28.436829704869567,0.3557620349062832,1.630679840643854,18.29617444965696,24.07503825179404,1.4538600919094993,1.1556119571326953,4.361791453075526,0.1768197487343548
174.0,1.74,18.72767066251003,0.41591290765525113,0.9320181113301415,20.257138717203336,0.13957955740003133,1.595792801328866,18.38706491314873,24.209154308834172,1.4591218940640531,0.3406057493612984,-3.952015591630836,0.1366709072648129
175.0,1.75,19.302414975236076,1.0301544154636728,0.5824890204098919,28.288086306332055,0.08818431737496697,1.7655919605189727,18.477955376640505,24.343270365874304,1.4643836962186072,0.8244595985955705,3.944815940457751,0.3012082643003655
176.0,1.76,19.31077412643456,0.11511018575039515,0.9257312328159589,26.5170015712661,0.33018866790773005,1.6081383883552267,18.56884584013228,24.477386422914435,1.4696454983731613,0.7419282863022794,2.0396151483516647,0.13849288998206544
177.0,1.77,19.364547494873058,1.162023052363745,0.7377281546307215,22.26476696170868,0.5161465552626189,1.660319436391607,18.659736303624054,24.611502479954567,1.4749073005277151,0.7048111912490036,-2.346735518245886,0.18541213586389182
178.0,1.78,19.900962182110778,0.6076085439208638,0.9192122562206926,25.61361162956451,0.046038241151309896,1.6083798415969461,18.75062676711583,24.745618536994698,1.480169102682269,1.1503354149949487,0.8679930925698116,0.12821073891467716
179.0,1.79,19.74598045766641,0.8278993994532132,0.6848919347610767,22.0269985652415,0.2247093890500864,1.9191135382439,18.841517230607604,24.87973459403483,1.4854309048368228,0.9044632270588053,-2.8527360287933305,0.43368263340707713
180.0,1.8,19.918404065480942,0.8000942183803982,0.6508557714457461,28.010459048670256,0.24509727284408062,1.775947387607532,18.93240769409938,25.01385065107496,1.4906927069913767,0.9859963713815638,2.9966083975952955,0.28525468061615533
181.0,1.81,19.90571405284394,1.6521171321803287,0.9997225911636504,23.591655610131696,0.3003786835039183,1.7294772943244106,19.02329815759115,25.147966708115092,1.4959545091459305,0.882415895252791,-1.5563110979833965,0.23352278517848002
182.0,1.82,20.497592519185698,0.8328896724268295,0.8316204065205693,24.090393858860946,0.035264111774004896,1.7065967908585973,19.114188621082924,25.282082765155224,1.5012163113004846,1.3834038981027739,-1.191688906294278,0.20538047955811267
183.0,1.83,19.907574038233612,1.1576317158408715,1.1265917715651337,28.028054589630255,0.35942404747076145,1.7700618721853436,19.2050790845747,25.416198822195355,1.5064781134550385,0.7024949536589133,2.6118557674349,0.26358375873030515
184.0,1.84,20.753622020667812,0.8442289643899743,0.34508859058342056,22.374617877142807,0.13927782787527884,1.7021260351308707,19.295969548066473,25.550314879235486,1.5117399156095925,1.457652472601339,-3.1756970020926794,0.19038611952127815
185.0,1.85,20.123522062408146,0.15325937442972093,0.9673801207515162,30.10491221208653,0.2592145241256549,1.6389426803960812,19.386860011558248,25.684430936275618,1.5170017177641464,0.7366620508498976,4.420481275810911,0.12194096263193477
186.0,1.86,20.25206128166996,1.188690063512911,0.7254366777687897,23.30695688955871,0.3146514066115612,1.653519251384461,19.47775047505002,25.81854699331575,1.5222635199187002,0.7743108066199405,-2.5115901037570403,0.13125573146576075
187.0,1.87,20.511624011479654,1.119134370382392,1.0456099051995105,29.941716497866956,0.028861936583150498,1.7081088858444022,19.568640938541794,25.95266305035588,1.527525322073254,0.9429830729378601,3.9890534475110755,0.18058356377114815
188.0,1.88,21.926512162851004,2.2496862686238726,0.6364944486136834,24.693553164781783,0.037062499823367685,1.6880197230122733,19.659531402033565,26.08677910739601,1.532787124227808,2.2669807608174395,-1.393225942614226,0.15523259878446538
189.0,1.89,20.94116780670287,0.9216979210500527,0.7548358928525576,27.99597048271794,-0.03297589081248401,1.7876355680568774,19.75042186552534,26.22089516443614,1.5380489263823618,1.190745941177532,1.7750753182818002,0.2495866416745156
190.0,1.9,21.372891153559266,-1.4863561660780482,1.1048631294742748,24.97984912265177,0.21285342397775087,1.7675037976602948,19.841312329017114,26.35501122147627,1.5433107285369156,1.5315788245421516,-1.3751620988245001,0.2241930691233791
191.0,1.91,20.505629385818775,0.7561364246758949,0.809724564376653,30.491617857379,0.14162051080341065,1.9263558807123915,19.93220279250889,26.489127278516403,1.5485725306914697,0.5734265933098861,4.002490578862599,0.3777833500209218
192.0,1.92,21.233756920232338,0.05255128486310697,1.2742588047919878,25.479805369203007,0.015208634055553784,1.733967434553454,20.023093256000664,26.623243335556534,1.5538343328460236,1.2106636642316744,-1.1434379663535275,0.18013310170743035
193.0,1.93,21.46442468138061,1.3119506390680196,0.7210559949164951,29.22836178515427,0.10713772959996942,1.9299782823235674,20.113983719492435,26.757359392596666,1.5590961350005774,1.3504409618881752,2.4710023925576046,0.37088214732298996
194.0,1.94,21.569037124028476,1.0041914553323326,1.245023109566739,23.97135266534831,-0.2758360002816405,1.8004676194653368,20.20487418298421,26.891475449636797,1.5643579371551313,1.3641629410442668,-2.9201227842884876,0.23610968231020557
195.0,1.95,21.62468778797953,1.2595745363740507,0.6838637776231127,31.969478052148542,0.222471180059247,1.8590767975469646,20.295764646475984,27.02559150667693,1.5696197393096853,1.3289231415035445,4.943886545471614,0.2894570582372793
196.0,1.96,21.160895472600014,0.40891170392712767,0.8489428006631682,23.073329736599657,0.31683918424101215,1.8619451856729285,20.38665510996776,27.15970756371706,1.5748815414642392,0.7742403626322556,-4.086377827117403,0.28706364420868935
197.0,1.97,22.574554737421536,-1.289752457339171,0.8940501237223984,29.41618787867728,-0.16855186722725693,1.7334467917515777,20.477545573459533,27.29382362075719,1.580143343618793,2.097009163962003,2.12236425792009,0.15330344813278463
198.0,1.98,21.227080007643252,1.1149079664517334,1.013141018587106,26.10892653853895,0.10064263844354346,2.0484114233984245,20.568436036951304,27.427939677797323,1.585405145773347,0.6586439706919478,-1.3190131392583737,0.4630062776250776
199.0,1.99,22.857182380808577,1.2867521830750226,1.0167736555005,29.797617714005288,-0.12060562292029255,1.8837830780302438,20.65932650044308,27.562055734837454,1.590666947927901,2.1978558803654984,2.2355619791678336,0.29311613010234283
200.0,2.0,21.065846664876663,1.7675038339197018,0.981483413277018,26.058301302261,0.42592053502638033,1.9574008957317586,20.750216963934854,27.696171791877585,1.5959287500824548,0.315629700941809,-1.637870489616585,0.36147214564930374
201.0,2.01,22.283027830334802,0.4800663600372715,1.0426711578996555,31.107914028893997,0.055600743157393086,1.788419623493768,20.841107427426625,27.830287848917713,1.6011905522370087,1.4419204029081776,3.2776261799762842,0.18722907125675925
202.0,2.02,22.751262504116735,-2.663075489503377,0.6122480460132759,24.73341350546176,0.14815871099821196,1.9022156609586283,20.931997890918403,27.964403905957848,1.6064523543915628,1.8192646131983317,-3.23099040049609,0.2957633065670655
203.0,2.03,21.825680713329863,1.9716275326220964,1.0992998620157994,36.20101933043048,0.3328894375790736,1.9069694200615939,21.022888354410174,28.098519962997976,1.6117141565461164,0.8027923589196888,8.102499367432507,0.2952552635154775
204.0,2.04,22.96578931292524,1.1566412225935572,1.1591712227166668,25.442704295422995,0.03268546295658297,1.9136081651029024,21.11377881790195,28.23263602003811,1.6169759587006705,1.8520104950232898,-2.7899317246151156,0.296632206402232
205.0,2.05,22.502621656481526,1.643554223970458,0.8392085763381539,34.63203213215748,0.2634682189662962,1.8062404514197021,21.20466928139372,28.36675207707824,1.6222377608552243,1.2979523750878066,6.265280055079238,0.18400269056447782
206.0,2.06,22.549387777130125,1.0755144151583227,1.0563414835475213,26.899189195001867,0.3632197863174224,1.9924345007509998,21.295559744885498,28.500868134118374,1.6274995630097784,1.253828032244627,-1.601678939116507,0.36493493774122143
207.0,2.07,23.68435922644622,-2.230218898663422,1.034433619799626,26.4253737938288,-0.31484628047304025,1.9759155286608678,21.38645020837727,28.6349841911585,1.632761365164332,2.2979090180689496,-2.209610397329701,0.3431541634965358
208.0,2.08,23.04279230091532,0.9410526624121807,0.9215501933356406,31.74789393464223,0.16322740814806125,1.795315740695412,21.477340671869044,28.769100248198637,1.638023167318886,1.5654516290462759,2.978793686443595,0.15729257337652602
209.0,2.09,22.55073083136902,0.29907432529063543,1.0051581354090702,28.356827506145358,0.09709845451604138,1.9631469393333842,21.56823113536082,28.903216305238765,1.64328496947344,0.9824996960082011,-0.5463887990934069,0.3198619698599443
210.0,2.1,23.546683915261077,0.28985833236366026,0.9851769734599359,33.56057319005338,0.12354726613484866,1.7869494729612654,21.659121598852593,29.0373323622789,1.648546771627994,1.8875623164084843,4.523240827774483,0.13840270133327137
211.0,2.11,23.121654837686247,1.5522089966840271,1.2133927750249074,26.107334949759302,0.4331928019870648,1.7767756306258535,21.750012062344364,29.171448419319027,1.6538085737825476,1.3716427753418827,-3.064113469559725,0.12296705684330589
212.0,2.12,23.179295788905016,1.236589590101738,1.2759576476595424,35.174876987304295,0.09995113125762081,1.9232970970610155,21.840902525836142,29.305564476359162,1.6590703759371017,1.3383932630688733,5.869312510945132,0.26422672112391377
213.0,2.13,24.554632559748043,-0.565726202435619,0.9475414404240566,28.508083228688964,0.3813978404115971,1.911489851830068,21.931792989327914,29.43968053339929,1.6643321780916556,2.6228395704201297,-0.9315973047103263,0.24715767373841246
214.0,2.14,23.73221839771884,0.796151217030539,0.9279173428731529,26.611816905406194,0.1893626097916198,1.9876320053264451,22.022683452819688,29.573796590439425,1.6695939802462096,1.7095349448991506,-2.9619796850332314,0.3180380250802355
215.0,2.15,24.018177777017286,1.1849059307677503,0.9413583934267711,31.13202693459485,0.056569047606853426,2.0239830681262596,22.11357391631146,29.707912647479553,1.6748557824007633,1.9046038607058264,1.424114287115298,0.34912728572549634
216.0,2.16,23.698146914696217,0.22140558794942422,1.1240494155545069,28.617761255431923,0.3708159480536912,1.8611662043853807,22.204464379803238,29.842028704519688,1.6801175845553173,1.4936825348929794,-1.2242674490877654,0.18104861983006337
217.0,2.17,23.934784813258794,1.7594535613399278,1.52390549067611,36.95724801423651,0.4135400901209202,2.08365386928374,22.29535484329501,29.976144761559816,1.6853793867098712,1.6394299699637855,6.9811032526766965,0.3982744825738689
218.0,2.18,24.70897789714322,0.6138579387013147,1.2703426845571602,25.273165819894558,-0.0608293042748124,1.9579531264534635,22.386245306786783,30.11026081859995,1.6906411888644253,2.3227325903564378,-4.837094998705393,0.26731193758903826
219.0,2.19,23.631239159882874,-0.19919710515854575,0.9739961965436701,29.541006661613935,0.2503164700699929,2.031128405615599,22.477135770278558,30.24437687564008,1.695902991018979,1.154103389604316,-0.703370214026144,0.33522541459662025
220.0,2.2,24.33510824432112,1.7302162489876556,1.216364406546425,35.0014535098379,-0.03122370822402082,2.0937794477166,22.568026233770333,30.378492932680214,1.701164793173533,1.7670820105507872,4.622960577157688,0.3926146545430669
221.0,2.21,24.99929740486764,1.2743438346664036,0.9704517933880834,26.550388865344065,-0.25072749090443563,1.9043173539593286,22.658916697262104,30.51260898972034,1.7064265953280868,2.3403807076055365,-3.9622201243762767,0.19789075863124173
222.0,2.22,24.299987423722172,-0.890808437469549,0.7752631242016441,25.50108704860821,-0.021386659242379126,1.8682358405377193,22.749807160753882,30.646725046760476,1.711688397482641,1.55018026296829,-5.145637998152267,0.1565474430550784
223.0,2.23,24.35849795331574,1.5767269852152537,1.3421183933434437,37.20929432049827,0.06997482272917512,2.0656234491911607,22.840697624245653,30.780841103800604,1.7169501996371945,1.5178003290700879,6.428453216697669,0.34867324955396617
224.0,2.24,24.62275608936724,1.2037648940132986,1.1636266006572515,28.295433445034547,0.16532631787436122,1.8865385192628044,22.931588087737428,30.91495716084074,1.7222120017917486,1.691168001629812,-2.619523715806192,0.16432651747105576
225.0,2.25,24.069163301122817,2.789952673356734,0.8998165992261954,35.91859265232858,0.3972660648344412,1.7428853428137514,23.0224785512292,31.049073217880867,1.7274738039463025,1.0466847498936183,4.86951943444771,0.015411538867448948
226.0,2.26,25.294623861625976,1.1125359403294741,0.987845605791766,28.702041233927684,0.028760446260227626,1.9598695146305347,23.113369014720973,31.183189274920995,1.7327356061008563,2.181254846905002,-2.481148040993311,0.2271339085296784
227.0,2.27,25.62046841370036,1.684438200270241,1.1057031063664862,29.82477636676026,0.35019509760602746,2.093272467426957,23.204259478212748,31.31730533196113,1.7379974082554104,2.4162089354876137,-1.4925289652008686,0.35527505917154656
228.0,2.28,25.731447129563474,1.5408087543722104,0.816036555608052,36.96206534656,-0.2181637195253952,1.8717753035015379,23.29514994170452,31.451421389001258,1.743259210409964,2.4362971878589548,5.510643957558745,0.12851609309157386
229.0,2.29,25.812884858468806,-0.46084977689453566,1.2363212049466101,27.83592598196008,-0.30256183848386264,2.0960492520967122,23.386040405196297,31.585537446041393,1.748521012564518,2.4268444532725084,-3.749611464081312,0.34752823953219414
230.0,2.3,24.52963798944098,1.8192519236740023,1.5264011041018586,30.05661246945284,0.1734923708473284,1.891257399263456,23.47693086868807,31.71965350308152,1.753782814719072,1.0527071207529133,-1.66304103362868,0.1374745845443841
231.0,2.31,25.23807709804103,0.9811107369955002,1.258591942434814,36.10630146065798,0.21356364173909517,1.7871537547804288,23.567821332179843,31.853769560121656,1.759044616873626,1.6702557658611852,4.252531900536326,0.028109137906802806
232.0,2.32,25.241147794055873,-0.019483345068402644,0.9061103825443557,28.79538343025823,0.39448509891501965,1.9571869715206216,23.658711795671618,31.987885617161783,1.7643064190281796,1.5824359983842555,-3.1925021869035533,0.19288055249244196
233.0,2.33,26.064520187739692,0.04326779208106093,1.317745412710159,27.052055260823728,-0.10918028127996762,2.1009560057996777,23.749602259163392,32.12200167420192,1.7695682211827337,2.3149179285762997,-5.06994641337819,0.33138778461694396
234.0,2.34,26.793041018535185,-1.2801214994724923,1.277963607164984,38.61473776651457,-0.09023837441643422,2.109785187789295,23.840492722655164,32.25611773124205,1.7748300233372876,2.952548295880021,6.358620035272523,0.33495516445200724
235.0,2.35,27.7305665608495,3.094762048575691,1.017456941654567,32.63559127674566,0.40305873395485153,2.1063821649341175,23.93138318614694,32.39023378828218,1.7800918254918416,3.799183374702558,0.24535748846347616,0.3262903394422758
236.0,2.36,26.6500241196758,-0.689726169755471,1.4085510927889406,29.372871818692666,0.00977504220311464,1.9504689414055936,24.022273649638713,32.52434984532231,1.7853536276463953,2.6277504700370855,-3.151478026629647,0.1651153137591983
237.0,2.37,26.20250230135292,0.593008299042558,1.0835907502401778,34.786335180250155,-0.02320041257081639,1.9706810111922466,24.113164113130487,32.658465902362444,1.7906154298009493,2.089338188222431,2.1278692778877115,0.18006558139129725
238.0,2.38,25.930502901181633,1.928764401521339,0.8215015911176344,31.897480435232588,0.43754470296437326,1.9647223959164268,24.20405457662226,32.792581959402575,1.7958772319555032,1.7264483245593745,-0.8951015241699878,0.16884516396092364
239.0,2.39,25.963289719697258,0.9974612085471948,1.5203759378952977,30.843274748851904,0.2998958883430008,2.154865480296423,24.294945040114037,32.92669801644271,1.8011390341100573,1.668344679583221,-2.0834232675908027,0.35372644618636584
240.0,2.4,26.79449390187268,-0.08941892131338171,1.1810216966914908,36.51390222463575,-0.6954644528997421,2.030691883979313,24.385835503605808,33.06081407348284,1.806400836264611,2.408658398266873,3.4530881511529117,0.22429104771470199
241.0,2.41,26.350932704312438,-2.030248132592865,1.2956252459549904,27.266340250912126,-0.495877076367994,2.113016100418259,24.476725967097583,33.19493013052297,1.811662638419165,1.8742067372148554,-5.928589879610843,0.3013534619990941
242.0,2.42,27.181353006056895,0.2731819501492927,1.2112229502302547,31.47901509224877,0.2652916432165903,2.078585966094491,24.567616430589357,33.3290461875631,1.8169244405737188,2.613736575467538,-1.850031095314332,0.26166152552077215
243.0,2.43,27.274617835530265,0.3009666488347576,1.2884325274526018,42.90468552968558,-0.031088005107162704,2.0133753475101983,24.658506894081132,33.46316224460323,1.822186242728273,2.616110941449133,9.441523285082347,0.1911891047819254
244.0,2.44,26.597513463953863,1.579892941875325,1.625711842439375,28.482133912853886,0.09170900839370123,2.0030812102972066,24.749397357572903,33.597278301643364,1.8274480448828265,1.8481161063809601,-5.115144388789478,0.17563316541438012
245.0,2.45,26.47582111770389,0.08731646500349756,0.617656862497539,28.18512336652711,0.2517350031517849,2.3046800470594415,24.84028782106468,33.731394358683495,1.8327098470373806,1.6355332966392098,-5.5462709921563835,0.4719702000220609
246.0,2.46,27.448826883437846,1.9205138259991397,0.9473063950881566,43.197883022494686,-0.36183185252045597,2.260379764627705,24.931178284556452,33.86551041572363,1.8379716491919345,2.5176485988813937,9.33237260677106,0.4224081154357706
247.0,2.47,26.834292848526054,0.4341091554461499,1.3962814178488467,32.09452018797749,0.1273516659721427,1.9863463305562967,25.022068748048227,33.99962647276376,1.8432334513464885,1.8122241004778274,-1.905106284786271,0.1431128792098082
248.0,2.48,27.334303726475447,1.9852697711748726,1.292801868353768,30.6430716342756,0.5847931423966893,1.880147710186728,25.112959211539998,34.13374252980389,1.8484952535010422,2.221344514935449,-3.4906708955282895,0.03165245668568595
249.0,2.49,27.383028484940986,2.535591887155788,0.7847181223236142,42.10756491117294,0.049383868260184066,1.8557516645270393,25.203849675031776,34.26785858684402,1.8537570556555962,2.17917880990921,7.8397063243289224,0.001994608871443093
250.0,2.5,24.659369624740844,0.024089049437141304,1.0650985752031448,30.21638105581666,0.14377129081961726,1.9586165704617804,25.294740138523547,34.40197464388415,1.85901885781015,-0.6353705137827035,-4.185593588067491,0.09959771265163031
251.0,2.51,28.584795160683484,-0.6600541256977205,1.6496472016095358,33.531543693545956,0.61683340883408,2.0168103977530096,25.38563060201532,34.53609070092428,1.864280659964704,3.1991645586681656,-1.0045470073783207,0.1525297377883057
252.0,2.52,27.739526567383592,1.7567616229344627,1.2627557331219066,32.53284015020228,0.5064667264963971,2.0450717736304713,25.476521065507097,34.670206757964415,1.869542462119258,2.2630055018764956,-2.1373666077621323,0.17552931151121332
253.0,2.53,28.41272526901984,2.58552013937221,0.8081556249693338,41.82983567670485,-0.1665668605822962,1.9333586561396479,25.567411528998868,34.80432281500454,1.8748042642738116,2.8453137400209734,7.025512861700314,0.05855439186583622
254.0,2.54,28.32607986143302,-0.47261875351036936,1.294464057579106,28.983535869202953,-0.3861553748436007,1.985570269452727,25.658301992490642,34.93843887204468,1.8800660664283657,2.667777868942377,-5.954903002841725,0.10550420302436136
255.0,2.55,28.452112896869195,-1.0107961699334116,0.880313690205052,34.204736471021356,0.21281927832869463,2.0916906605000145,25.749192455982413,35.0725549290848,1.8853278685829196,2.702920440886782,-0.8678184580634465,0.20636279191709495
256.0,2.56,28.91932999618766,1.306361342168233,1.488543717052812,45.71170772029062,0.10669670433186393,2.0421566407463123,25.84008291947419,35.20667098612494,1.8905896707374736,3.079247076713468,10.505036734165678,0.15156697000883868
257.0,2.57,27.366329036744062,1.797298189846734,1.0077270108768581,32.14929146968548,0.4317027470919373,2.2136840643693314,25.930973382965963,35.340787043165065,1.8958514728920273,1.4353556537780996,-3.1914955734795853,0.31783259147730414
258.0,2.58,28.679615593522954,0.4607157572197408,1.2047480976662088,30.193193739456852,0.034763352946927895,2.2364073654059435,26.021863846457737,35.4749031002052,1.9011132750465813,2.657751747065216,-5.281709360748351,0.3352940903593622
259.0,2.59,28.63923917762461,-1.94690236219475,1.0637195269691,30.474301773367475,-0.06982365558993721,2.2431867719926784,26.112754309949512,35.60901915724533,1.9063750772011352,2.526484867675098,-5.134717383877852,0.33681169479154316
260.0,2.6,28.1047092909264,1.8522443202931094,1.6181500405515608,46.05389559709506,0.5315659074584906,2.0662037092007877,26.203644773441287,35.743135214285466,1.9116368793556893,1.9010645174851142,10.31076038280959,0.1545668298450984
261.0,2.61,28.91132306991943,1.87773970942202,1.4142031055668947,34.531847492285245,0.5545538494951465,2.1282944970546325,26.294535236933058,35.87725127132559,1.916898681510243,2.616787832986372,-1.3454037790403461,0.21139581554438958
262.0,2.62,28.21857904214258,1.5492774287969775,1.0511497812284973,32.030826505039656,-0.24610652052295467,2.274962413791755,26.385425700424836,36.01136732836573,1.922160483664797,1.8331533417177432,-3.9805408233260735,0.35280193012695804
263.0,2.63,30.66644559648721,0.3006901310932175,1.365103618469301,41.71215291495581,0.03993686423268098,2.221223907484735,26.476316163916607,36.14548338540585,1.9274222858193508,4.190129432570604,5.566669529549955,0.29380162166538426
264.0,2.64,28.900345613205232,0.07396315152063214,1.3349321236375036,30.896736880722838,0.2897388821807731,2.2121366014401915,26.567206627408382,36.27959944244599,1.932684087973905,2.3331389857968503,-5.3828625617231545,0.27945251346628663
265.0,2.65,29.782019879347136,1.572409031483552,0.6973607848869569,34.919326741892064,0.4000062869832914,2.1896583431457306,26.658097090900153,36.413715499486116,1.9379458901284585,3.1239227884469827,-1.4943887575940522,0.2517124530172721
266.0,2.66,29.191110521957885,1.566572556911915,1.0390847820208813,35.725523644266474,0.26851186649116093,2.3197611090947987,26.74898755439193,36.547831556526255,1.9432076922830126,2.442122967565954,-0.822307912259781,0.3765534168117861
267.0,2.67,26.440313618881415,-0.046660410851519216,1.1139790102186324,40.854297486176705,-0.15508225124127517,2.257628630450359,26.839878017883702,36.68194761356638,1.9484694944375665,-0.399564399002287,4.172349872610326,0.30915913601279255
268.0,2.68,29.91259315638004,-1.8293376635763652,1.724777433578528,31.38353582167565,0.16097735788263573,2.3293908367134337,26.930768481375477,36.81606367060652,1.9537312965921205,2.981824675004564,-5.432527848930867,0.3756595401213132
269.0,2.69,29.058423981004204,-1.7060394906267768,1.150711120275276,32.43169516423568,-0.2957184769393048,2.3745490489897327,27.02165894486725,36.95017972764664,1.9589930987466742,2.036765036136952,-4.518484563410965,0.4155559502430586
270.0,2.7,30.18051210378064,1.8169986175732111,1.013557684584469,35.30391425712441,0.4180747664622541,2.482348534935028,27.112549408359026,37.08429578468678,1.9642549009012282,3.0679626954216133,-1.7803815275623691,0.5180936340337996
271.0,2.71,29.405467700286582,3.3383968464870906,1.991429785804536,46.5191186910841,-0.17204299103010545,2.44767881802384,27.203439871850797,37.218411841726905,1.969516703055782,2.202027828435785,9.300706849357198,0.47816211496805794
272.0,2.72,30.39336216116687,0.7316834409533277,1.2908614820448396,34.331090024116705,-0.02754850174339644,2.297475420803743,27.294330335342575,37.35252789876704,1.9747785052103362,3.0990318258242944,-3.0214378746503385,0.32269691559340674
273.0,2.73,30.52324019864164,0.361873027760504,1.115241436481015,33.41959608732636,0.1424045356707493,2.080348155474425,27.385220798834347,37.48664395580717,1.9800403073648898,3.1380193998072947,-4.067047868480806,0.10030784810953541
274.0,2.74,27.339299434134027,-3.324445076480934,0.2838160976848582,30.03683361490362,-0.3289232120244497,2.2947633024650487,27.47611126232612,37.620760012847306,1.9853021095194439,-0.13681182819209425,-7.583926397943685,0.3094611929456048
275.0,2.75,30.356436527135934,3.4367565503911717,1.5631180267893652,48.76769194939291,0.21193297891420249,2.2742708299637133,27.567001725817896,37.75487606988743,1.9905639116739977,2.7894348013180377,11.012815879505482,0.2837069182897156
276.0,2.76,31.170963274992054,1.3786587192216875,1.4739688961516284,36.8567816080738,0.48316189568510776,2.177288101594531,27.657892189309667,37.88899212692756,1.9958257138285516,3.5130710856823875,-1.0322105188537591,0.18146238776597934
277.0,2.77,30.77061060095444,1.7013009394031304,1.1582970944658737,35.784301008460524,-0.03204898710939766,2.146915826048835,27.74878265280144,38.02310818396769,2.0010875159831056,3.0218279481529997,-2.2388071755071692,0.14582831006572938
278.0,2.78,27.32625987061219,-1.1492023471381638,0.6861307080370767,31.977890198575743,0.015532689029016904,1.948598966310776,27.839673116293213,38.157224241007825,2.0063493181376595,-0.5134132456810221,-6.179334042432082,-0.057750351826883595
279.0,2.79,30.635333733880262,-0.7768552363106271,1.2346825641352237,45.559493586188715,-0.08560724652971884,2.219025867370872,27.93056357978499,38.291340298047956,2.0116111202922133,2.7047701540952716,7.268153288140759,0.20741474707865848
280.0,2.8,31.456700301647633,0.9673124121923651,2.046360510398431,36.90430441704733,0.2047034249413641,2.2601720268678513,28.021454043276762,38.42545635508809,2.016872922446767,3.4352462583708707,-1.5211519380407594,0.24329910442108416
281.0,2.81,31.12948449361898,1.8679487632953848,1.1910849100922063,36.52918899851316,0.46901376393437383,2.2561377984234845,28.112344506768537,38.55957241212822,2.0221347246013215,3.0171399868504416,-2.0303834136150556,0.234003073822163
282.0,2.82,26.818322900858078,0.7103091663699358,0.6092062676673307,33.55183818674791,0.22309850030474188,2.207076619707327,28.20323497026031,38.69368846916835,2.027396526755875,-1.3849120694022332,-5.141850282420442,0.17968009295145215
283.0,2.83,31.06585898952081,0.887803290195709,1.2838037915736609,49.73348042198129,0.8151515762071173,2.3285222785515667,28.294125433752086,38.82780452620848,2.032658328910429,2.771733555768723,10.90567589577281,0.2958639496411375
284.0,2.84,32.08798024799414,-1.2134702974967169,0.7080353864596796,35.34186316142295,0.14227680160311518,2.141173066223393,28.385015897243857,38.96192058324861,2.0379201310649826,3.702964350750282,-3.6200574218256634,0.10325293515841061
285.0,2.85,31.321830730441857,-0.004258748047983386,1.6059131635488957,32.67257024088092,-0.4119769758397091,2.2572825322198615,28.475906360735635,39.096036640288744,2.043181933219537,2.8459243697062213,-6.423466399407822,0.21410059900032463
286.0,2.86,28.128046683082438,-0.16414561896186333,0.5884574449184433,35.26396252452305,0.1579535379703534,2.149932097233333,28.566796824227406,39.230152697328876,2.0484437353740903,-0.43875014114496835,-3.966190172805824,0.10148836185924281
287.0,2.87,31.88897266793402,1.8670037797799282,1.093593870809268,49.089722058732285,0.6663724366936705,2.241649366711516,28.65768728771918,39.36426875436901,2.0537055375286446,3.231285380214839,9.725453304363278,0.18794382918287145
288.0,2.88,32.45846754518502,1.1050086719745047,0.6318290834135887,51.998485471737844,0.5388818490077277,2.138561101288672,28.748577751210952,39.49838481140914,2.0589673396831984,3.709889793974071,12.500100660328705,0.07959376160547338
289.0,2.89,32.114098891183126,-0.45926172796489234,0.6683135288438107,38.745392566416086,-0.5027408529571159,2.059000302988674,28.83946821470273,39.63250086844927,2.0642291418377523,3.2746306764803954,-0.8871083020331838,-0.005228838849078432
290.0,2.9,27.554421461012563,-1.4143606015801315,1.6607812171068255,32.00669655446834,-0.6300016495033017,2.1625569942502723,28.9303586781945,39.7666169254894,2.069490943992306,-1.3759372171819386,-7.75992037102106,0.0930660502579661
291.0,2.91,30.845601700004,1.1232899705184562,1.6585106756311543,32.98470059945984,0.46743509623474117,2.059268957960434,29.021249141686276,39.90073298252953,2.07475274614686,1.8243525583177238,-6.916032383069691,-0.01548378818642604
292.0,2.92,32.362589047615124,2.2812774493867116,1.337995783852812,51.180999944340655,0.7056345816555027,1.794324949469265,29.11213960517805,40.034849039569664,2.0800145483014143,3.2504494424370733,11.146150904770991,-0.2856895988321493
293.0,2.93,32.08290346743899,1.983756553233109,0.9748430887227173,39.8374834194318,0.34194239666754084,2.051434148434583,29.203030068669825,40.168965096609796,2.085276350455968,2.8798733987691634,-0.33148167717799737,-0.033842202021385326
294.0,2.94,33.49403371085091,0.29047381460307137,0.8216511559311543,38.99833607889663,0.22795630830263638,1.977485656887718,29.293920532161597,40.30308115364993,2.090538152610522,4.2001131786893104,-1.3047450747532991,-0.11305249572280407
295.0,2.95,30.88727553443434,0.8030821982824881,0.7315948495000782,37.07680105586716,-0.11747269234364581,2.231445173363931,29.384810995653375,40.43719721069006,2.095799954765076,1.5024645387809663,-3.360396154822901,0.13564521859885526
296.0,2.96,32.60356934094478,0.4424760875892671,1.5357875758071267,33.902061965129654,0.39791277637667916,2.207705987878488,29.475701459145146,40.57131326773019,2.1010617569196297,3.1278678817996344,-6.669251302600536,0.10664423095885844
297.0,2.97,32.75943406742434,1.4734955386124269,1.4474876499097025,48.019270291297765,0.04967106395560879,2.4568647526221468,29.56659192263692,40.70542932477032,2.106323559074184,3.1928421447874165,7.313840966527444,0.35054119354796276
298.0,2.98,33.37475800781462,2.0116753726307053,1.1905984075619649,40.91001681787387,0.10492047574418212,2.3104113319949704,29.65748238612869,40.83954538181045,2.1115853612287374,3.7172756216859284,0.07047143606341422,0.19882597076623298
299.0,2.99,21.134361852255317,-6.244688927492203,0.66200589590855,38.41927350118284,0.43822257987674423,2.233857712207753,29.74837284962047,40.973661438850584,2.1168471633832917,-8.614010997365153,-2.554387937667741,0.11701054882446149
300.0,3.0,31.861949130467185,0.31128526288635255,0.9489945561392937,39.451455018166314,0.28440556411774065,2.1692280316450563,29.83926331311224,41.107777495890716,2.122108965537845,2.022685817354944,-1.6563224777244017,0.04711906610721117
301.0,3.01,32.91249201321057,-0.398676922821012,1.6159375430626852,53.14179545050671,0.3669013569500574,2.171281398377929,29.930153776604012,41.24189355293084,2.1273707676923994,2.982338236606555,11.899901897575873,0.04391063068552947
302.0,3.02,33.80625687803228,2.821255606386634,1.3506458209509198,50.48378658320553,-0.22050216803567896,2.1401850959256783,30.02104424009579,41.37600960997098,2.1326325698469533,3.785212637936489,9.10777697323455,0.00755252607872503
303.0,3.03,33.433265592894045,1.160859021243915,1.452075019629498,34.1298765973145,0.04663994376862471,2.3543086347016904,30.11193470358756,41.5101256670111,2.137894372001507,3.321330889306484,-7.380249069696603,0.21641426270018327
304.0,3.04,32.31605272643661,0.025001163527413103,0.8144682434714651,34.93134459545197,-0.42137532931722,2.365664503965497,30.202825167079336,41.64424172405124,2.143156174156061,2.1132275593572736,-6.712897128599273,0.22250832980943613
305.0,3.05,34.38804774872956,-0.016667569379102177,0.5744346830645597,41.5152285667485,0.2320823964524422,2.5719573047934765,30.293715630571107,41.778357781091366,2.148417976310615,4.094332118158455,-0.26312921434286807,0.4235393284828617
306.0,3.06,34.368638011801316,-0.055093229347799255,1.2547659110866909,54.17309269130818,0.2990436177068145,2.6296045200325153,30.384606094062885,41.912473838131504,2.153679778465169,3.984031917738431,12.260618853176673,0.4759247415673462
307.0,3.07,34.304731986733316,0.5177457957217371,1.4788167530754923,57.07992789796081,-0.1515682699457125,2.3961901375174017,30.475496557554656,42.04658989517163,2.1589415806197225,3.8292354291786594,15.03333800278918,0.2372485568976792
308.0,3.08,30.739147836771348,0.21292490317413068,1.6245848100695301,36.84943645967418,-0.2808752970633242,2.5158367605156244,30.56638702104643,42.18070595221177,2.164203382774277,0.1727608157249172,-5.3312694925375865,0.3516333777413476
309.0,3.09,32.635754644128355,1.7492720016854415,1.4009198021432552,34.816181697401966,-0.377628357503507,2.466486529589934,30.657277484538206,42.31482200925189,2.1694651849288302,1.978477159590149,-7.498640311849925,0.29702134466110364
310.0,3.1,33.95408165143238,0.3667546861226951,0.733148809860238,35.54852102680958,0.034888327684652616,2.4265679263239877,30.74816794802998,42.44893806629203,2.1747269870833845,3.205913703402402,-6.9004170394824484,0.25184093924060313
311.0,3.11,35.46493592789976,-0.2525680748822826,0.6423330376491415,56.43667414835444,0.681385306559921,2.2398646540723766,30.83905841152175,42.583054123332154,2.179988789237938,4.625877516378008,13.853620025022288,0.05987586483443863
312.0,3.12,34.942917573697194,-0.5215575009430591,1.1922959690144443,57.056313560647524,0.4126325341069439,2.2885368680540825,30.92994887501353,42.71717018037229,2.1852505913924922,4.012968698683665,14.339143380275232,0.10328627666159029
313.0,3.13,30.777527336854035,-2.3040585931244606,1.5225074780296028,41.067086163022935,0.4245697315213163,2.449957213260642,31.0208393385053,42.85128623741242,2.190512393547046,-0.24331200165126532,-1.7842000743894815,0.2594448197135959
314.0,3.14,33.885571903965314,2.624427756338974,1.892726732593646,39.7103581550551,0.3519725812871454,2.8304962539486485,31.111729801997075,42.985402294452555,2.1957741957016,2.7738421019682384,-3.2750441393974583,0.6347220582470485
315.0,3.15,34.38230139108146,2.851652619355456,1.1134903003554113,40.832918257950325,0.45926961498711166,2.711453722303785,31.202620265488846,43.11951835149268,2.201035997856154,3.179681125592616,-2.2866000935423543,0.5104177244476311
316.0,3.16,34.512249922299816,-0.2982305481618059,1.3723409613112676,34.789817438484974,0.6676221240283029,2.740147301418401,31.293510728980625,43.25363440853282,2.2062978000107076,3.218739193319191,-8.463816970047844,0.5338495014076932
317.0,3.17,36.8969824578263,0.7869100808755322,0.5534879579113868,49.79914231523505,-0.47936224265297406,2.459247458803798,31.384401192472396,43.38775046557294,2.211559602165262,5.5125812653539015,6.41139184966211,0.2476878566385361
318.0,3.18,31.285643030788325,-3.3017687147771912,1.1511194746490145,39.55139518344927,-0.34137218376968226,2.299280198949382,31.47529165596417,43.52186652261308,2.216821404319816,-0.18964862517584535,-3.970471339163808,0.08245879462956607
319.0,3.19,34.19446153600439,0.5214770950289886,2.0678816622108367,41.83375430786264,-0.20526815765400264,2.5818320458047417,31.566182119455945,43.655982579653205,2.2220832064743696,2.6282794165484447,-1.8222282717905642,0.35974883933037205
320.0,3.2,36.95145241163561,2.1845210711782888,1.9439294001729635,44.573622016947176,-0.16671872419011785,2.6567977087716077,31.65707258294772,43.790098636693344,2.2273450086289235,5.294379828687887,0.7835233802538326,0.4294527001426842
321.0,3.21,34.65946837114595,2.2216187002582712,0.940408997547577,42.17479290773366,0.977960769332274,2.4410667991126664,31.74796304643949,43.92421469373347,2.2326068107834773,2.9115053247064573,-1.7494217859998074,0.2084599883291891
322.0,3.22,35.942030410376766,2.8738548487514466,0.7834040145144869,55.95733698029512,0.44352046887088553,2.4075219238097834,31.83885350993127,44.05833075077361,2.2378686129380316,4.103176900445497,11.899006229521511,0.16965331087175173
323.0,3.23,22.969474676659296,-5.013549357123205,0.8992521097253758,35.59876030177155,-0.11778223295090566,2.6424114110416945,31.92974397342304,44.19244680781373,2.243130415092585,-8.960269296763745,-8.593686506042182,0.3992809959491095
324.0,3.24,36.16432348149183,-0.9061565644319394,1.524148614472233,39.74317123190641,-0.046787412852853025,2.3752373488812983,32.02063443691481,44.32656286485387,2.2483922172471393,4.143689044577016,-4.58339163294746,0.126845131634159
325.0,3.25,35.175310946648246,-2.714978937218597,1.7186005915024682,38.04545365901363,0.16573548443067643,2.322978738848765,32.111524900406586,44.460678921893994,2.2536540194016927,3.0637860462416597,-6.415225262880362,0.06932471944707208
326.0,3.26,34.92312950514908,-0.4010987154559402,1.7322690445757898,43.6531814168644,0.4273706525972745,2.413539488007086,32.20241536389836,44.594794978934125,2.258915821556247,2.720714141250717,-0.9416135620697261,0.15462366645083891
327.0,3.27,35.58163887445946,2.179788485305576,1.5050348037420407,43.21950585435306,0.5421035724680775,2.3452848724380826,32.293305827390135,44.72891103597426,2.264177623710801,3.2883330470693224,-1.5094051816211973,0.0811072487272817
328.0,3.28,32.239065273645586,0.32065577825281333,1.1991192870548872,55.46974271711429,0.5783814144939297,2.1454431848179696,32.3841962908819,44.86302709301439,2.2694394258653547,-0.1451310172363165,10.606715624099905,-0.12399624104738516
329.0,3.29,23.475834608717708,-1.4819623408392744,0.7639565444373907,43.006034271688605,0.3349892403176892,1.9773627187950849,32.475086754373685,44.99714315005452,2.2747012280199086,-8.999252145655976,-1.9911088783659139,-0.29733850922482374
330.0,3.3,37.422293760343216,2.450189836967319,0.9617276383730673,41.471908580599106,-0.6138812603397655,2.110012420007559,32.56597721786545,45.13125920709465,2.2799630301744624,4.856316542477764,-3.659350626495545,-0.16995061016690327
331.0,3.31,37.79610692483799,-2.3559258776385037,1.3436986041646541,39.72737414824665,0.4060423325643319,2.4183011176449978,32.65686768135723,45.26537526413478,2.2852248323290167,5.139239243480766,-5.538001115888129,0.13307628531598104
332.0,3.32,36.60039059046347,-2.095012566651295,1.2549586391577578,39.38987423275208,0.1742225034454145,2.354875230144201,32.747758144849,45.399491321174914,2.29048663448357,3.852632445614468,-6.009617088422836,0.06438859566063071
333.0,3.33,36.806769695172086,-1.6505066780012299,0.9557925575991387,39.12235823313735,-0.2796044767183803,2.307473802165336,32.838648608340776,45.533607378215045,2.2957484366381244,3.96812108683131,-6.411249145077697,0.011725365527211373
334.0,3.34,33.076774988041514,-0.4779988067584091,1.2713568556100077,57.72334030642536,-0.9401512332144406,2.5689341974716724,32.92953907183255,45.667723435255176,2.301010238792678,0.14723591620896315,12.05561687117018,0.26792395867899454
335.0,3.35,35.65780286618435,3.4499355588743996,1.3711779598921294,45.48933172842641,0.3855675014378955,2.31752591576447,33.020429535324325,45.80183949229531,2.306272040947232,2.6373733308600222,-0.31250776386890067,0.011253874817237719
336.0,3.36,28.79508387054892,-0.7267254885494089,0.8597589788347824,44.58953522540179,0.3044980291094414,2.250366739448829,33.1113199988161,45.93595554933544,2.3115338431017856,-4.316236128267182,-1.3464203239336499,-0.061167103652956634
337.0,3.37,38.561478820854774,1.6138576032268266,0.51252147387453,43.07252021787766,-0.514922534122488,2.0915852651665747,33.202210462307875,46.07007160637557,2.31679564525634,5.359268358546899,-2.997551388497911,-0.22521038008976513
338.0,3.38,38.99425141706581,0.6480398564412214,0.40448733585353963,45.32913757047589,0.24219475746474806,1.819598320455595,33.29310092579964,46.2041876634157,2.3220574474108937,5.701150491266169,-0.8750500929398086,-0.5024591269552987
339.0,3.39,32.75406421894897,-3.3886544206577685,1.2187134937198687,37.787823056614855,0.14965070692486312,1.9135506387648207,33.383991389291424,46.33830372045583,2.3273192495654476,-0.6299271703424552,-8.550480663840979,-0.4137686108006269
340.0,3.4,33.329966864981195,-3.10942799466061,1.3022868525965932,52.61980499496416,-0.22075834550396173,2.083212869816506,33.47488185278319,46.472419777495965,2.3325810517200014,-0.14491498780199663,6.147385217468198,-0.2493681819034954
341.0,3.41,36.061446048176855,-0.881266541218858,1.3972111976325363,41.56413375299384,0.13549384228010158,2.2970302179016078,33.565772316274966,46.606535834536096,2.3378428538745553,2.4956737319018885,-5.0424020815422566,-0.040812635972947486
342.0,3.42,36.74188507047072,2.059561163766919,1.2310035931843202,48.4204802768504,0.3809412350961445,2.086699565229594,33.65666277976674,46.74065189157623,2.3431046560291096,3.0852222907039817,1.6798283852741704,-0.25640509079951546
343.0,3.43,27.41429206523402,-0.43076060135661065,1.1263798972910977,45.4889679917272,0.989138559513601,2.5555347903533425,33.747553243258515,46.87476794861636,2.3483664581836634,-6.333261178024497,-1.3857999568891586,0.20716833216967911
344.0,3.44,39.25683876285357,1.3805051833479465,1.3116294988687904,44.02378843665987,-0.05521985232180407,2.5343376331777248,33.83844370675029,47.00888400565649,2.3536282603382173,5.418395056103279,-2.98509556899662,0.1807093728395075
345.0,3.45,35.13593957266403,0.6440402394726131,0.6007434316704664,42.032187819479255,-0.5583620754394236,2.4374914497680025,33.929334170242065,47.14300006269662,2.358890062492771,1.206605402421964,-5.110812243217367,0.07860138727523136
346.0,3.46,35.731391554571545,-1.254597445634616,1.3261341130205382,59.38476595399833,-0.24034182045860947,2.4374447894897138,34.02022463373384,47.27711611973675,2.364151864647325,1.7111669208377052,12.10764983426158,0.0732929248423888
347.0,3.47,37.73389805852716,-1.3544249698554252,2.2118715406680995,41.84911547524319,0.6233272572083906,2.6265933631571343,34.111115097225614,47.411232176776885,2.3694136668018793,3.622782961301546,-5.5621167015336965,0.25717969635525506
348.0,3.48,39.17811831722281,-1.6697069445475063,1.7275908131316897,43.20409448989072,-0.10529929942041664,2.2283227106756036,34.20200556071738,47.545348233817016,2.3746754689564327,4.9761127565054295,-4.341253743926295,-0.14635275828082905
349.0,3.49,37.819256172905,-2.096877098847581,0.9025888961760762,39.64500783643448,-0.25737499304422307,2.5091467455181107,34.29289602420916,47.67946429085715,2.379937271110987,3.5263601486958365,-8.034456454422667,0.12920947440712371
350.0,3.5,28.238843582284492,-0.004621616393744222,1.0594795704103792,46.3866002636984,0.16635013755029937,2.6684889146436186,34.38378648770093,47.81358034789728,2.3851990732655404,-6.144942905416439,-1.4269800841988811,0.2832898413780782
351.0,3.51,24.968877927869915,-4.128874881666947,0.6252946495558291,45.07505357144889,-0.7641831935414487,2.6024169004407756,34.474676951192706,47.9476964049374,2.3904608754200947,-9.50579902332279,-2.872642833488513,0.2119560250206809
352.0,3.52,34.651159968569445,-0.7568837761320673,0.7456596617906314,60.79301195737104,0.2959931284682384,2.5870941070854228,34.56556741468448,48.08181246197754,2.3957226775746485,0.08559255388496467,12.711199495393501,0.19137142951077424
353.0,3.53,38.018287412333564,3.9857159836427702,1.3709144839011773,68.22091039228148,0.37923744391733727,2.6457621610162265,34.656457878176255,48.215928519017666,2.4009844797292024,3.361829534157309,20.004981873263816,0.24477768128702415
354.0,3.54,39.93152868364364,-0.6929553026147918,1.9082559482401409,49.75643279740298,0.6569821691645812,2.647099814852372,34.74734834166803,48.350044576057805,2.406246281883756,5.184180341975612,1.4063882213451748,0.2408535329686159
355.0,3.55,39.13610931235593,-3.295350857813756,1.8781457430394217,45.173051196581945,0.16949705026687817,2.60851545026375,34.838238805159804,48.48416063309793,2.41150808403831,4.297870507196123,-3.3111094365159843,0.1970073662254399
356.0,3.56,39.210308567338174,-2.4704966587953137,1.4038474201205882,41.36009314447118,-0.23960302918010454,2.636492129193095,34.92912926865158,48.61827669013807,2.4167698861928644,4.281179298686595,-7.258183545666888,0.21972224300023058
357.0,3.57,38.58877932608214,-1.3661922927624242,1.2483954068267145,41.276518435579526,-0.015926354237020577,2.5589594291900077,35.02001973214335,48.75239274717819,2.4220316883474178,3.568759593938786,-7.475874311598666,0.13692774084258996
358.0,3.58,24.61646017257284,-4.456279707595604,0.49070621468152,39.555479589251306,0.3562715815937247,2.8526847040129293,35.11091019563513,48.88650880421833,2.427293490501972,-10.494450023062289,-9.331029214967025,0.4253912135109572
359.0,3.59,25.609468152180565,-3.7126563841361855,1.0560456453938731,63.36903744702845,-0.3487467637977775,2.9930615195039207,35.201800659126896,49.020624861258455,2.4325552926565255,-9.592332506946331,14.348412585769992,0.5605062268473953
360.0,3.6,39.49346290359678,3.084608675887642,1.2602352710930995,61.94660389748867,0.41314782233544567,2.8524282676736323,35.29269112261868,49.15474091829859,2.4378170948110798,4.200771780978101,12.791862979190078,0.41461117286255256
361.0,3.61,39.25996940547032,2.365065653156692,1.4303793694918696,49.35876531521676,0.7338598498076642,2.5537100245072164,35.383581586110445,49.28885697533872,2.443078896965633,3.876387819359877,0.06990833987804024,0.11063112754158322
362.0,3.62,39.07385394950241,1.6389261640848378,1.556546286023373,54.39492354776182,1.2607717288611975,2.5470743329733554,35.47447204960222,49.422973032378856,2.4483406991201875,3.5993818999001874,4.971950515382964,0.09873363385316791
363.0,3.63,40.529369434798916,-0.7971557825069561,1.7467862811808574,47.717179770623254,0.322214084502397,2.594192380978857,35.565362513093994,49.55708908941898,2.4536025012747413,4.964006921704922,-1.8399093187957263,0.14058987970411563
364.0,3.64,36.32766352023298,-1.8213313178853785,1.619061023330043,44.22101824586317,0.4341823469082644,2.806630700996189,35.65625297658577,49.69120514645912,2.458864303429295,0.6714105436472124,-5.470186900595948,0.34776639756689365
365.0,3.65,35.0083331500961,-4.8547150667255785,0.8849910277884285,40.11426056943664,-0.17583206414919644,2.360289855019756,35.747143440077544,49.82532120349924,2.464126105583849,-0.7388102899814442,-9.711060634062605,-0.10383625056409285
366.0,3.66,29.043736334913305,-1.3646094783656844,1.1145480585891783,62.31374852318932,0.5535535521206484,2.416725338334561,35.83803390356932,49.95943726053938,2.469387907738403,-6.794297568656013,12.354311262649937,-0.05266256940384206
367.0,3.67,31.548696838494426,-4.191929284492871,1.0172606801438147,59.47529331073996,-0.9518286366724483,2.6008958646246616,35.92892436706109,50.093553317579506,2.474649709892957,-4.380227528566667,9.381739993160451,0.12624615473170442
368.0,3.68,41.789181535896404,0.5351829357142529,0.3383887281406744,45.08565433383401,-0.15493768236127128,2.494119665197809,36.01981483055287,50.227669374619644,2.479911512047511,5.769366705343536,-5.142015040785637,0.014208153150297775
369.0,3.69,40.20668560136786,3.6703607510164766,0.7225869237454802,50.21947248841989,-0.16388911914255674,2.366602001309016,36.110705294044635,50.36178543165977,2.485173314202065,4.095980307323224,-0.14231294323987953,-0.11857131289304901
370.0,3.7,40.301934217762636,1.047438631927103,1.3939641438342976,49.179700815673826,0.2886372520303802,2.0406062432793224,36.20159575753642,50.49590148869991,2.4904351163566187,4.100338460226219,-1.3162006730260813,-0.44982887307729635
371.0,3.71,36.54878420580645,-2.056326323575314,1.655210092733294,47.95713026927921,0.5178939647496348,2.154071195265566,36.292486221028184,50.63001754574003,2.4956969185111726,0.25629798477826427,-2.67288727646082,-0.3416257232456066
372.0,3.72,36.71092648188753,-1.8376593519517233,1.249043099285165,45.8945429632132,0.8152322910585854,2.2867895571706387,36.38337668451996,50.76413360278017,2.500958720665727,0.32754979736757406,-4.869590639566972,-0.2141691634950882
373.0,3.73,40.338626110161464,-0.026251738189611146,1.6282325338447765,47.73140034649991,0.5899826319478941,2.640805040153812,36.474267148011734,50.898249659820294,2.5062205228202803,3.86435896214973,-3.166849313320384,0.13458451733353183
374.0,3.74,30.753320035917472,-6.518411581043313,1.3450316741821529,63.99597741856331,-0.5086029149992191,2.5783286384882764,36.56515761150351,51.03236571686043,2.5114823249748346,-5.811837575586036,12.963611701702874,0.06684631351344184
375.0,3.75,31.538031411000624,-4.131239746927579,1.517780304400663,52.11317873901811,-0.13040617207999533,2.657338468910797,36.65604807499528,51.16648177390056,2.516744127129388,-5.118016663994659,0.9466969651175532,0.14059434178140906
376.0,3.76,43.87493072312451,1.2523951179679873,0.7710012212508564,47.23859153653889,0.042885694281279925,2.448548753855526,36.74693853848705,51.30059783094069,2.5220059292839423,7.127992184637456,-4.062006294401797,-0.07345717542841612
377.0,3.77,41.115899423028885,0.744908412423523,0.929022236001486,46.792941281111275,0.012966211268514,2.228695298753292,36.83782900197883,51.43471388798082,2.527267731438496,4.278070421050053,-4.641772606869544,-0.29857243268520417
378.0,3.78,35.06880393248512,-1.2802625414172566,0.8975515583758764,38.843538276987005,-0.1209619081549033,2.249499924396916,36.9287194654706,51.56882994502095,2.53252953359305,-1.8599155329854824,-12.725291668033947,-0.28302960919613396
379.0,3.79,36.14213563261422,-1.6948402010349979,1.3174020484854383,47.30494492346176,0.11964246169860863,2.4380197680158626,37.019609928962375,51.70294600206108,2.537791335747604,-0.8774742963481543,-4.3980010785993215,-0.09977156773174123
380.0,3.8,41.9571963359232,0.6237479872575642,1.6105715193859669,49.82035494147293,0.7033213796631549,2.5766272701694186,37.11050039245415,51.837062059101214,2.5430531379021577,4.846695943469051,-2.016707117628286,0.033574132267260914
381.0,3.81,43.77424547890841,0.39663806571410226,1.8145195912512562,70.31737099936578,0.6142119787326439,2.626894516870021,37.201390855945924,51.971178116141346,2.548314940056712,6.572854622962488,18.346192883224433,0.07857957681330907
382.0,3.82,43.70731729284201,0.414927619294256,1.1336328997117442,69.49861727351147,0.198411242175106,2.9503674838140705,37.2922813194377,52.10529417318148,2.5535767422112654,6.415035973404315,17.393323100329994,0.39679074160280514
383.0,3.83,33.50061611962928,-4.291549948041859,0.2203058049456512,53.30977161185441,0.6539197219535082,2.638849421686766,37.38317178292947,52.23941023022161,2.5588385443658197,-3.882555663300195,1.0703613816328001,0.08001087732094625
384.0,3.84,32.838873576280065,-5.699903279720764,0.66902555659325,50.537158252679305,-1.076700626549161,2.2729672429876513,37.47406224642125,52.37352628726174,2.564100346520373,-4.635188670141183,-1.836368034582435,-0.2911331035327218
385.0,3.85,38.5824330771731,-1.6186465236022853,0.3129904334227456,47.673088398170776,-0.901189546987652,2.4359799010186443,37.56495270991302,52.50764234430187,2.5693621486749274,1.0174803672600774,-4.834553946131095,-0.13338224765628315
386.0,3.86,37.600591966425235,-0.34932974433126646,0.8079221972895868,42.88640091339616,-0.6719407336691694,2.620199452990336,37.65584317340479,52.641758401342,2.574623950829481,-0.055251206979555434,-9.755357487945844,0.04557550216085504
387.0,3.87,36.088232026136595,-1.815821585832624,1.3856453428056235,39.78291882455279,-0.8619060062678771,2.544977420468453,37.74673363689657,52.775874458382134,2.579885752984035,-1.658501610759977,-12.992955633829347,-0.0349083325155819
388.0,3.88,41.439673777347366,1.6622979402767595,1.419395183920657,43.20837651990573,-0.6174824960026523,2.6033629113988637,37.83762410038834,52.909990515422265,2.5851475551385885,3.6020496769590267,-9.701613995516539,0.01821535626027515
389.0,3.89,43.83180107737189,1.068570012734698,1.6387017925484848,71.39907767758065,0.04193862839163261,2.5463703928321504,37.928514563880114,53.0441065724624,2.590409357293143,5.9032865134917785,18.354971105118253,-0.044038964460992425
390.0,3.9,43.24753992832135,0.4275531602600825,0.8961918215933626,70.80081951897854,0.14392017103751673,2.74342274628822,38.01940502737189,53.17822262950253,2.595671159447697,5.228134900949463,17.622596889476014,0.1477515868405228
391.0,3.91,42.713851490032795,-0.7789820348964992,0.60005504394432,54.455804204262456,0.5051774978333824,2.8098094954741755,38.11029549086366,53.31233868654266,2.6009329616022505,4.6035559991691315,1.1434655177197968,0.20887653387192495
392.0,3.92,32.348386081178774,-3.2303740839463786,0.5212514605430294,55.31095038083069,-0.05222981800346533,2.7565820389110303,38.20118595435544,53.44645474358279,2.606194763756805,-5.852799873176664,1.8644956372478987,0.15038727515422545
393.0,3.93,26.89873751797066,-6.607770862439342,0.4034981514792598,53.9832233253243,-0.5388910500511072,2.565345227834251,38.29207641784721,53.58057080062292,2.611456565911358,-11.393338899876554,0.4026525247013808,-0.04611133807710743
394.0,3.94,27.644657884313666,-4.353815275106525,0.4791264265504902,47.97660801280595,-1.0718761695253796,2.383399057008316,38.38296688133899,53.714686857663054,2.6167183680659125,-10.738308997025321,-5.738078844857107,-0.2333193110575964
395.0,3.95,38.039972786709875,-0.902249230416209,0.9959015220958999,49.03426363640531,-0.5390241934740251,2.5458359602043226,38.47385734483076,53.848802914703185,2.621980170220467,-0.4338845581208872,-4.814539278297872,-0.07614421001614424
396.0,3.96,41.99761886792151,1.2417077236551808,1.3577811366092587,47.27238236655344,-0.245739629713599,2.5825799678431367,38.56474780832253,53.98291897174332,2.62724197237502,3.4328710595989804,-6.71053660518988,-0.044662004531883515
397.0,3.97,43.29319560828266,-0.8781386730447903,1.5971979682900312,62.861640796805375,-0.022766099075078764,2.5769126241911233,38.65563827181431,54.11703502878345,2.6325037745295745,4.637557336468348,8.744605768021927,-0.05559115033845119
398.0,3.98,43.8028478390175,0.9534338185538936,0.8048907513118226,62.87250254685168,-0.01613513572148332,2.420895738346799,38.74652873530608,54.25115108582358,2.637765576684128,5.056319103711424,8.621351461028098,-0.21686983833732887
399.0,3.99,43.9916237097586,-2.3849174971876095,1.1333534631314084,49.42208118451982,1.0558260893838174,2.5495271405945754,38.83741919879785,54.38526714286371,2.643027378838682,5.154204510960746,-4.963185958343892,-0.0935002382441068
400.0,4.0,39.86239338494518,-1.8927256560671217,1.570447647228558,53.298750436130895,0.8398823590418195,2.427010588565635,38.92830966228963,54.51938319990384,2.6482891809932356,0.9340837226555507,-1.2206327637729473,-0.22127859242760062
401.0,4.01,26.76910156321672,-5.168053816557653,0.6180536209803881,54.22633143921918,0.6159048955439785,2.087937599984826,39.0192001257814,54.653499256943974,2.65355098314779,-12.250098562564684,-0.4271678177247935,-0.565613383162964
402.0,4.02,28.227073515119148,-5.895375070027611,1.0543950930952146,50.605063136088695,0.2362985057449108,2.067829848198148,39.11009058927317,54.7876153139841,2.6588127853023433,-10.883017074154022,-4.182552177895403,-0.5909829371041955
403.0,4.03,28.704746855428056,-5.26128433051996,0.8041298459208073,50.45683692517622,0.05683410004206481,1.9541710650369453,39.20098105276495,54.92173137102424,2.6640745874568976,-10.496234197336896,-4.464894445848017,-0.7099035224199524
404.0,4.04,33.175634361532055,-4.052780001436246,0.399229647549755,53.02620655460848,0.0021121370021970304,2.365425467919472,39.29187151625673,55.05584742806437,2.669336389611452,-6.116237154724672,-2.0296408734558895,-0.30391092169197975
405.0,4.05,46.141778809583954,2.243571086713263,1.261272234590495,55.614175702491956,0.33617865262626756,2.422591024931447,39.382761979748494,55.1899634851045,2.6745981917660053,6.75901682983546,0.4242122173874563,-0.2520071668345585
406.0,4.06,43.99304638629313,0.684269379099272,1.3041519263509729,72.07938030810548,-0.15951661370034256,2.162507398937713,39.47365244324027,55.324079542144624,2.6798599939205587,4.519393943052862,16.75530076596086,-0.5173525949828459
407.0,4.07,44.27283507562658,0.4921422713730439,0.804376042771178,67.28829559866706,-0.8363498108108389,2.4207350637831313,39.56454290673205,55.45819559918476,2.685121796075113,4.7082921688945305,11.8300999994823,-0.26438673229198173
408.0,4.08,45.94460296100119,0.1652341328468683,1.1521111130255797,50.29217462498979,-0.23945954942845762,2.6895377116859325,39.65543337022382,55.592311656224894,2.6903835982296673,6.2891695907773695,-5.300137031235103,-0.0008458865437348528
409.0,4.09,41.09375000020228,-3.857585209186676,1.343563271631514,47.808509493628655,0.07372756856026368,2.433709210857779,39.74632383371559,55.726427713265025,2.6956454003842207,1.3474261664866845,-7.91791821963637,-0.2619361895264416
410.0,4.1,39.8908850156329,-3.4679189090583336,0.874358039762841,48.47847817423996,-0.25922994784652625,2.459918265293562,39.83721429720736,55.86054377030515,2.700907202538775,0.05367071842553628,-7.382065596065189,-0.2409889372452132
411.0,4.11,27.619370150955984,-8.431966266290916,0.6202814358209705,45.09520635549138,0.2171288190312254,2.9003215419536272,39.92810476069914,55.99465982734529,2.7061690046933293,-12.308734609743158,-10.89945347185391,0.1941525372602979
412.0,4.12,32.66458965760659,-3.2334219675375437,1.3378670971431064,54.2479462298557,0.10202582464569226,2.783622436748687,40.01899522419092,56.12877588438542,2.7114308068478827,-7.354405566584326,-1.8808296545297196,0.07219162990080408
413.0,4.13,34.89464322064011,-4.533598939087418,0.6357170098947592,55.1090094488568,0.234180799223491,2.6994790115473073,40.109885687682684,56.26289194142555,2.716692609002436,-5.215242467042572,-1.1538824925687479,-0.01721359745512885
414.0,4.14,35.82090671607754,-6.839824852808963,1.0758766882485962,54.62045694414969,-0.6661473214056665,2.742321028589053,40.20077615117446,56.397007998465675,2.7219544111569904,-4.379869435096921,-1.7765510543159877,0.020366617432062473
415.0,4.15,46.69119859000437,-0.31783885609503987,0.6931374937178617,75.1414603680635,-0.9104777633648983,2.9494501416683327,40.29166661466624,56.53112405550581,2.7272162133115447,6.399531975338128,18.610336312557692,0.222233928356788
416.0,4.16,46.267680074499005,3.896583060833356,0.7127616674262854,78.20014032031735,0.15016168552380818,2.9550351353952493,40.38255707815801,56.665240112545945,2.732478015466098,5.885122996340996,21.5349002077714,0.22255711992915117
417.0,4.17,40.674064872200695,2.536843719588638,1.204057588766656,58.50183706361679,-0.04772433987489348,3.098669449463455,40.47344754164978,56.799356169586076,2.7377398176206524,0.20061733055091224,1.702480894030714,0.3609296318428026
418.0,4.18,40.264968150802495,-2.5270402414268722,1.3005244722429081,52.18727647590023,-0.13261974833324952,3.1557633073256834,40.56433800514156,56.9334722266262,2.743001619775206,-0.29936985433906216,-4.746195750725974,0.4127616875504776
419.0,4.19,39.71506587620622,-1.2142647395276094,1.0804076176154662,49.28207850290124,-0.32017182891679347,2.9356114886048785,40.65522846863333,57.06758828366634,2.74826342192976,-0.9401625924271144,-7.785509780765096,0.18734806667511839
420.0,4.2,41.24976364398257,-4.638867318842623,1.5959210025908477,47.34109737244297,0.20629254713590217,2.568914524878505,40.74611893212511,57.20170434070647,2.7535252240843144,0.5036447118574614,-9.860606968263504,-0.18461069920580941
421.0,4.21,39.98140564587929,1.1400195275716505,1.7953533098310968,48.88208523316766,0.3920965233011999,2.64211924159878,40.83700939561688,57.3358203977466,2.758787026238868,-0.8556037497375897,-8.453735164578944,-0.11666778464008765
422.0,4.22,34.82956910226225,-6.187314269441429,1.411285865875843,51.11677551279159,0.5845159430502311,2.5933769500431145,40.92789985910865,57.469936454786726,2.7640488283934213,-6.098330756846401,-6.353160941995135,-0.17067187835030673
423.0,4.23,35.70788588195125,-7.55086940114827,0.9275543123189219,51.80559128500435,0.17044350214560577,2.682682651942318,41.01879032260043,57.604052511826865,2.7693106305479755,-5.310904440649182,-5.798461226822518,-0.08662797860565741
424.0,4.24,35.59471413335396,-5.63964663934513,1.5424270621252592,72.01319010331066,0.24733678614524063,2.514047338995731,41.109680786092206,57.738168568866996,2.77457243270253,-5.514966652738245,14.275021534443667,-0.26052509370679866
425.0,4.25,36.63927383874581,-4.616303130525054,0.9847268029005705,77.60007132229678,-0.5844223816682644,2.5533059648526737,41.20057124958397,57.87228462590713,2.7798342348570833,-4.561297410838165,19.727786696389657,-0.22652827000440956
426.0,4.26,43.53311801037003,-1.9955845950266005,0.2443407859721655,57.562027247345576,0.33293297333896704,2.661091033740114,41.29146171307575,58.00640068294725,2.7850960370116375,2.241656297294284,-0.4443734356016762,-0.12400500327152342
427.0,4.27,42.4671238485642,2.2710488419367114,0.9575338823832729,59.76870108435025,0.5201105988634457,2.8880540003171657,41.382352176567515,58.14051673998738,2.790357839166191,1.084771671996684,1.6281843443628645,0.09769616115097479
428.0,4.28,40.95363959281328,2.353358432889887,1.3219276786649836,60.18513932775551,0.8717690390249666,2.9154584115006954,41.4732426400593,58.27463279702752,2.7956196413207453,-0.5196030472460151,1.9105065307279858,0.11983877017995015
429.0,4.29,41.11249027768074,2.308969663216362,1.088780307970082,60.976035030270644,0.6408934018876506,2.9823272783037713,41.56413310355107,58.40874885406765,2.8008814434752995,-0.45164282587033,2.567286176202991,0.18144583482847176
430.0,4.3,46.27020282927,3.9448556438356777,2.3055189030948577,51.562497069163506,0.6171763028223941,3.233321340641818,41.65502356704284,58.54286491110778,2.806143245629853,4.615179262227159,-6.980367841944272,0.427178095011965
431.0,4.31,48.053486119075686,0.7524142403819051,2.1835064744167636,49.4586667345494,-0.1048440881489758,2.9725166283082007,41.745914030534614,58.67698096814791,2.8114050477844064,6.307572088541072,-9.218314233598505,0.16111158052379437
432.0,4.32,41.697055415522634,-1.276593589720195,1.741248245947795,51.9791160101585,-0.42271243477572223,2.8673410910082473,41.836804494026396,58.81109702518805,2.8166668499389607,-0.13974907850376184,-6.831981015029548,0.05067424106928664
433.0,4.33,37.114477658850454,-8.092177411065972,0.4459182650600929,53.784888256902626,-0.15753603413249279,2.6824591898445305,41.92769495751816,58.94521308222818,2.821928652093515,-4.813217298667709,-5.160324825325553,-0.1394694622489845
434.0,4.34,36.84869353767242,-7.698211585034522,1.306394726865548,71.86027960492848,-0.2435227288635886,2.8337246112578574,42.01858542100994,59.0793291392683,2.8271904542480684,-5.16989188333752,12.780950465660176,0.006534157009788988
435.0,4.35,30.83442980298374,-8.832094176811832,0.7808021207380307,70.45572414568673,-1.343729898011874,2.812051254338918,42.10947588450171,59.213445196308435,2.8324522564026227,-11.275046081517974,11.242278949378296,-0.020401002063704876
436.0,4.36,30.86005142603967,-8.555133048344576,0.7412322807748782,51.86810801878556,-0.7779618133841079,2.93748380206004,42.20036634799349,59.34756125334857,2.837714058557177,-11.340314921953816,-7.47945323456301,0.09976974350286305
437.0,4.37,43.717022782842875,-4.293083698839775,0.9804036690461904,50.867468337161434,-0.4629248166473094,2.7451280666903157,42.29125681148526,59.481677310388704,2.8429758607117304,1.4257659713576132,-8.61420897322727,-0.09784779402141464
438.0,4.38,42.67282034817829,-1.0083880183335923,1.0916117357336097,59.201700391264524,-0.016144004346270478,2.813783784971249,42.38214727497704,59.61579336742883,2.8482376628662838,0.2906730732012548,-0.41409297616430507,-0.03445387789503496
439.0,4.39,40.739046640538085,2.7512839819298267,1.2235075724982616,58.317023717498685,0.0648344188238782,2.7540355586388707,42.473037738468804,59.74990942446896,2.853499465020838,-1.7339910979307191,-1.432885706970275,-0.09946390638196734
440.0,4.4,46.450630501025564,6.300184556597951,2.1020325750555804,60.817101398956495,1.5445711626013794,3.040929480423411,42.563928201960586,59.8840254815091,2.8587612671753924,3.8867022990649787,0.9330759174473968,0.18216821324801868
441.0,4.41,48.725886915688434,4.470857211205875,2.1473402383716236,62.43942105421284,1.2044096255794654,2.895113200725725,42.65481866545236,60.01814153854923,2.8640230693299458,6.071068250236074,2.4212795156636133,0.03109013139577943
442.0,4.42,47.86282803587701,4.090151277036314,2.087795412740863,57.155140168704264,0.3230414881784579,2.942940613886228,42.74570912894413,60.152257595589354,2.8692848714845,5.11711890693288,-2.99711742688509,0.07365574240172812
443.0,4.43,43.33099751340857,5.525081131770391,1.2271160924873106,56.55525317005958,0.975813449523673,2.6034380993834594,42.8365995924359,60.286373652629486,2.8745466736390535,0.4943979209726663,-3.7311204825699065,-0.2711085742555941
444.0,4.44,43.782290996033424,-1.0986283030140165,0.9862685655550077,54.93713412628038,0.9237628603290406,2.698873044534834,42.927490055927684,60.420489709669624,2.8798084757936078,0.8548009401057399,-5.483355583389248,-0.18093543125877387
445.0,4.45,31.64574518249573,-8.73001041328058,0.47568126718970466,73.80860382173597,0.06534794476174523,2.7506279047909135,43.01838051941945,60.554605766709756,2.885070277948162,-11.372635336923722,13.253998055026216,-0.1344423731572486
446.0,4.46,31.975722224167054,-3.849126021833337,0.5109759672932124,71.10783380307006,-0.5698594201993175,2.617645973155455,43.10927098291123,60.68872182374988,2.8903320801027155,-11.133548758744173,10.419111979320185,-0.2726861069472606
447.0,4.47,32.73603974179977,-9.127135789296538,0.7511559674657842,56.80797198655586,-0.032080786324644214,2.307991258753333,43.200161446403,60.82283788079001,2.895593882257269,-10.46412170460323,-4.014865894234148,-0.587602623503936
448.0,4.48,32.56168762215116,-9.012792976692735,0.6358500205765467,53.95339574769241,-0.5070585513187633,2.174441909551525,43.291051909894776,60.95695393783015,2.900855684411823,-10.729364287743614,-7.003558190137738,-0.7264137748602981
449.0,4.49,44.883873885640554,-4.836332064028318,0.28401366258002164,52.798527063186704,0.17517176281429767,2.384079576432367,43.38194237338655,61.09106999487028,2.9061174865663775,1.5019315122540036,-8.292542931683577,-0.5220379101340105
450.0,4.5,49.00817898759244,0.13011249994235025,1.100624490468016,54.31214314545547,0.5591080675691406,2.6464667006740066,43.47283283687832,61.225186051910406,2.911379288720931,5.535346150714119,-6.913042906454933,-0.2649125880469243
451.0,4.51,49.613156684942936,-2.351852034610487,1.5035942357795866,52.503407203776234,0.42283586455317673,2.585690000464596,43.56372330037009,61.35930210895054,2.916641090875485,6.049433384572843,-8.855894905174303,-0.3309510904108892
452.0,4.52,50.77553147629537,3.903348039044218,1.7784080940008715,59.05141173957546,-0.026096452910650672,2.5997479721758694,43.65461376386187,61.49341816599066,2.9219028930300386,7.120917712433503,-2.4420064264152046,-0.3221549208541692
453.0,4.53,49.14495757933614,3.492107088816125,2.203630434148345,62.73288254110744,0.5808180926152586,2.938031234055028,43.74550422735364,61.62753422303081,2.927164695184593,5.399453351982501,1.1053483180766364,0.010866538870434983
454.0,4.54,51.523532106102635,4.153194746005905,1.7939035848137268,61.589077827495686,1.220240045209745,2.929888610143314,43.83639469084542,61.76165028007093,2.932426497339147,7.687137415257219,-0.17257245257524545,-0.002537887195833033
455.0,4.55,40.309927534418456,4.412875496601063,1.5551341346260963,83.61927247135623,0.9617414948607634,2.9384656722264513,43.92728515433719,61.89576633711106,2.9376882994937006,-3.617357619918735,21.723506134245163,0.0007773727327506919
456.0,4.56,40.97358152030119,3.487359604301179,1.2209974779315425,77.47240707548566,0.010272431970474715,2.8330728209147016,44.01817561782896,62.02988239415119,2.942950101648254,-3.0445940975277708,15.442524681334476,-0.10987728073355241
457.0,4.57,33.40032122613374,-1.9615056016220573,0.9377062942086903,59.761464474928445,-0.2625993738654007,2.906639713541157,44.10906608132074,62.16399845119133,2.9482119038028083,-10.708744855187,-2.4025339762628874,-0.041572190261651265
458.0,4.58,33.856336352387046,-4.854438911896353,1.3218705240750173,62.14966381049982,-0.8266339040892872,3.0604351333117847,44.199956544812515,62.29811450823146,2.9534737059573626,-10.343620192425469,-0.14845069773164,0.10696142735442216
459.0,4.59,31.0033085635591,-9.901623265074496,0.8257153233553272,56.8681467040572,-1.9338710655795388,2.6692063852746517,44.29084700830428,62.43223056527159,2.958735508111916,-13.287538444745184,-5.564083861214385,-0.2895291228372643
460.0,4.6,34.92642425946541,-6.657140218454666,1.0604727111738685,59.93911965583149,-0.9960830923587134,2.413439992873667,44.38173747179606,62.56634662231171,2.9639973102664703,-9.455313212330644,-2.6272269664802224,-0.5505573173928031
461.0,4.61,36.97250677840292,-7.486469116899492,1.4328375004293807,61.845256757084286,-1.062811045632644,2.618591580309279,44.47262793528784,62.70046267935186,2.9692591124210246,-7.500121156884916,-0.8552059222675723,-0.3506675321117454
462.0,4.62,49.92783484238865,-4.114118381260119,0.998034116925955,56.2379408083072,-1.13632230090227,2.7138106991487563,44.56351839877961,62.83457873639198,2.974520914575578,5.364316443609042,-6.596637928084782,-0.2607102154268217
463.0,4.63,49.77551225005601,-3.1223459153091024,1.163785745212508,55.14441654524576,0.02919059444039865,2.736679483286126,44.65440886227138,62.968694793432114,2.9797827167301314,5.121103387784629,-7.824278248186353,-0.24310323344400553
464.0,4.64,48.22537652275348,-2.363195392375,0.8232409046337245,54.19110817719125,-0.47726198664102765,2.655495297899845,44.745299325763156,63.10281085047224,2.9850445188846857,3.4800771969903224,-8.911702673280985,-0.32954922098484074
465.0,4.65,49.960989178631046,-2.2575471131952396,0.3566051292529025,54.99657257610705,-0.12609443531646808,2.623974041220779,44.83618978925493,63.236926907512384,2.99030632103924,5.124799389376115,-8.240354331405335,-0.36633227981846117
466.0,4.66,45.46220778756643,-0.9153167850983863,1.1374657509979402,55.482403743626676,0.11279985774652845,2.5618208091998347,44.927080252746705,63.37104296455251,2.9955681231937934,0.535127534819722,-7.888639220925832,-0.4337473139939587
467.0,4.67,46.99766941893942,2.3490005865419383,1.5427959997552032,85.41584316465912,0.3554828077565634,2.5790871637341093,45.01797071623848,63.50515902159264,3.0008299253483477,1.9796987027009365,21.910684143066483,-0.4217427616142384
468.0,4.68,41.49411232503523,9.671897603992042,1.4865404736522476,82.37473941657079,1.244237516482906,2.6306774122419148,45.10886117973025,63.639275078632764,3.006091727502901,-3.6147488546950157,18.735464337938026,-0.37541431526098634
469.0,4.69,40.12226019074423,2.775370418196369,1.9225386803949975,64.08898129595589,1.1270430134380074,2.8415885128223275,45.19975164322203,63.77339113567291,3.0113535296574554,-5.077491452477801,0.31559016028298004,-0.1697650168351279
470.0,4.7,34.73582917193273,-1.9042426120624039,1.272851190582544,60.946799289639344,0.7437519315531371,2.843774799935806,45.290642106713804,63.907507192713034,3.0166153318120097,-10.554812934781076,-2.96070790307369,-0.17284053187620385
471.0,4.71,37.58151298983901,-3.3174110175716334,2.0499176833485144,65.07767587130154,0.8315643192425712,2.8277681846592655,45.38153257020557,64.04162324975317,3.021877133966563,-7.800019580366559,1.0360526215483645,-0.1941089493072976
472.0,4.72,39.41223824466048,-5.322685742332798,2.5852081981286497,67.05671214671409,0.5658825149014501,2.765086564846261,45.472423033697346,64.17573930679329,3.0271389361211165,-6.060184789036867,2.880972839920801,-0.2620523712748555
473.0,4.73,39.98452004746034,-3.3738339341200594,1.6652395744410913,68.47219290662022,0.08991534610330439,2.6919051308509796,45.56331349718913,64.30985536383344,3.032400738275671,-5.578793449728785,4.162337542786787,-0.3404956074246912
474.0,4.74,38.88031271365171,-7.564706361663291,1.5518569779863753,60.490987388686165,-0.16544444353710253,2.988806093174984,45.654203960680896,64.44397142087357,3.037662540430225,-6.773891247029184,-3.952984032187402,-0.048856447255241076
475.0,4.75,40.00102477616611,-9.381892582814464,1.1348833794080995,59.81653879821149,-1.0051684104199925,2.7125768033154274,45.74509442417267,64.5780874779137,3.0429243425847785,-5.744069648006558,-4.761548679702209,-0.3303475392693511
476.0,4.76,52.603190746686494,-2.1967070482318003,1.0631389918957272,59.62671690336397,-0.011075139024194275,2.8095692815117195,45.83598488766444,64.71220353495382,3.048186144739333,6.767205859022056,-5.085486631589845,-0.23861686322761333
477.0,4.77,46.58995016405188,-5.669816001898134,0.417310636735316,58.696907848348175,0.17859651577975016,2.464874584811813,45.92687535115621,64.84631959199395,3.053447946893886,0.6630748128956654,-6.149411743645771,-0.588573362082073
478.0,4.78,46.6376407194757,-5.556003409385558,1.3179996533922262,55.81968249617384,-0.33738707475126745,2.561851295207509,46.017765814647994,64.98043564903409,3.0587097490484405,0.6198749048277037,-9.160753152860252,-0.4968584538409315
479.0,4.79,48.68772443844741,-3.9434040994470947,0.35459715802612274,75.56224480951911,0.3074298763889406,2.7637354755031236,46.10865627813976,65.11455170607422,3.063971551202995,2.5790681603076493,10.447693103444891,-0.3002360756998712
480.0,4.8,49.84181509379087,0.5435693401097899,1.0320727423863314,70.4573163918937,0.5753279547806255,2.883651167388453,46.199546741631536,65.24866776311436,3.069233353357548,3.642268352159334,5.208648628779343,-0.18558218596909537
481.0,4.81,41.77712965970774,1.9645188683367882,0.7273865888231292,60.41216236169045,1.0287393608524422,2.9272468755270475,46.29043720512331,65.38278382015447,3.0744951555121016,-4.5133075454155716,-4.970621458464024,-0.14724827998505408
482.0,4.82,46.626550035291636,5.892467178430843,0.9766577346412451,63.11719691627001,1.4264391855847767,3.0042414207041745,46.381327668615086,65.51689987719462,3.079756957666656,0.2452223666765505,-2.399702960924607,-0.07551553696248137
483.0,4.83,49.24664812432703,5.854872503748558,0.9181541964633189,72.33822900829927,1.1570009195368978,2.6775738876675645,46.47221813210686,65.65101593423475,3.08501875982121,2.7744299922201705,6.687213074064516,-0.40744487215364567
484.0,4.84,41.51622468266817,-2.9169198939477976,1.0310195801569189,69.97519868533112,1.3502681816837232,2.742090607655998,46.563108595598635,65.78513199127488,3.0902805619757636,-5.046883912930468,4.190066694056242,-0.3481899543197655
485.0,4.85,40.716335845092864,-1.6931010610121167,1.649324882286701,66.56378661573952,0.4538080455227057,2.9492682014997524,46.6539990590904,65.919248048315,3.095542364130318,-5.9376632139975385,0.6445385674245188,-0.14627416263056547
486.0,4.86,40.985509842874784,-5.304160900260207,1.8386905292825781,68.85866683306573,0.31189968863910217,3.021616855067554,46.744889522582184,66.05336410535514,3.100804166284872,-5.759379679707401,2.8053027277105826,-0.07918731121731826
487.0,4.87,41.18318183830643,-5.553715807816049,1.8414611923882542,64.82373860343071,0.30048672457093,2.6882168560642667,46.83577998607396,66.18748016239527,3.1060659684394256,-5.652598147767527,-1.3637415589645627,-0.41784911237515887
488.0,4.88,32.118060010916636,-8.239455376336073,1.3058898767167584,60.499941350634685,-0.545285552375025,2.804865001882402,46.92667044956573,66.3215962194354,3.111327770593979,-14.80861043864909,-5.821654868800721,-0.30646276871157685
489.0,4.89,33.62797922487711,-7.958391168338428,0.15868424318168967,61.26302858654681,-0.27957437332563184,2.8581838736442853,47.0175609130575,66.45571227647552,3.1165895727485333,-13.389581688180392,-5.192683689928714,-0.25840569910424804
490.0,4.9,46.49227512347625,-6.270216052813597,0.12471750778442003,56.13809207667632,-0.9823628991498111,2.8642242496217856,47.10845137654928,66.58982833351567,3.1218513749030876,-0.6161762530730357,-10.451736256839347,-0.25762712528130205
491.0,4.91,48.47463344491884,-5.678829594778707,0.5882277207327391,79.55436546031589,-1.04878486430129,2.7595507667397086,47.19934184004105,66.7239443905558,3.127113177057641,1.2752916048777863,12.830421069760092,-0.36756241031793246
492.0,4.92,50.34038054765151,-0.9003990005397224,0.743934256034771,75.288673087749,-0.36458494914206435,2.5245320965614546,47.290232303532825,66.85806044759593,3.1323749792121953,3.050148244118688,8.430612640153072,-0.6078428826507407
493.0,4.93,49.43353923051771,-5.9238850313611255,0.7129731196179853,59.48149021621331,-0.6725745523836418,2.5114303823585855,47.38112276702459,66.99217650463605,3.1376367813667487,2.052416463493117,-7.51068628842274,-0.6262063990081632
494.0,4.94,53.356706997130445,-0.8854681127524655,1.113327571772579,62.607724163008285,-0.9207126299054484,2.441490344612968,47.472013230516374,67.1262925616762,3.142898583521303,5.88469376661407,-4.5185683986679095,-0.7014082389083351
495.0,4.95,46.26593268430089,0.9758148478221363,1.4188719068916629,63.228321719207315,-0.2211342287579893,2.311171687886856,47.56290369400815,67.26040861871633,3.1481603856758573,-1.2969710097072564,-4.032086899509011,-0.8369886977890015
496.0,4.96,48.65518392781633,4.503866952772165,1.6702783405918091,66.37785725266329,0.785151158730901,2.710629309153719,47.65379415749992,67.39452467575646,3.1534221878304107,1.0013897703164147,-1.0166674230931676,-0.4427928786766917
497.0,4.97,48.59391302531877,3.741151448969646,1.2032712682323332,66.22168085120623,1.642956640524743,2.5982800724553234,47.74468462099169,67.52864073279657,3.158683989984964,0.8492284043270786,-1.3069598815903447,-0.5604039175296407
498.0,4.98,40.165307405646814,-1.7951231451502285,0.5741226137933283,67.18229257447187,0.9427805427481208,2.711755589434394,47.83557508448347,67.66275678983672,3.1639457921395184,-7.670267678836659,-0.4804642153648473,-0.45219020270512456
499.0,4.99,40.195749968292304,-2.3029675503682374,-0.15714961000247157,66.66999284061244,0.8674786462201508,2.7307230800635938,47.92646554797524,67.79687284687685,3.1692075942940727,-7.730715579682936,-1.1268800062644146,-0.43848451423047896
500.0,5.0,34.73829472724926,-2.642468188233248,0.4296799352998866,67.71533443945688,0.02792225092434336,2.703379116403106,48.017356011467015,67.93098890391698,3.174469396448626,-13.279061284217754,-0.21565446446010128,-0.47109028004552034
