nstep,msd_x,msd_y,msd_z
0.0,0.0,0.0,0.0
1.0,0.0036722969762704046,0.0010557956988600957,0.001949345238932111
2.0,0.018070368295644887,0.012107976314062489,0.007301400010132921
3.0,0.042364947406600906,0.03983835563643037,0.013878039229908113
4.0,0.07244552833098485,0.08285206133131562,0.01918878498648808
5.0,0.09593786404502425,0.12886080345129688,0.02683291998930494
6.0,0.09194211369537636,0.16340544205867213,0.04029959087585641
7.0,0.07726639804235544,0.16668155135291038,0.06457518032526093
8.0,0.06763921888666799,0.1430873228803225,0.10104422953770248
9.0,0.06989882542849944,0.1177231202504809,0.1327773537645129
10.0,0.09718577426846894,0.10996612060995993,0.13000184781813612
11.0,0.14773622260608993,0.12043583153459556,0.09609828880761757
12.0,0.1922705246887568,0.16086779749555835,0.06882259565517214
13.0,0.20965856333261434,0.22625575571898018,0.06111773828880045
14.0,0.2169018248198399,0.2864017805877362,0.06141312671155845
15.0,0.22163648243846562,0.31988869981596163,0.05928906019290255
16.0,0.22120478726025675,0.33531413168792257,0.053512509413844084
17.0,0.2307541551913126,0.3388445429226025,0.05712714724537965
18.0,0.2769463774233026,0.3202287192450025,0.06781068069542565
19.0,0.3464941534972512,0.26505281195583996,0.06166591650601289
20.0,0.40292338062525124,0.2112101273505609,0.02718265437885688
21.0,0.42111720528799335,0.1978780437745224,0.0023990482368063983
22.0,0.4032943449811596,0.21433647085411686,0.0012517918096489002
23.0,0.3811439388764737,0.23046186655251363,0.005689484257968896
24.0,0.3776614518755556,0.23580245546550258,0.008799965254096898
25.0,0.40051710829892373,0.2528726249019363,0.008467649113228904
26.0,0.42585675398053996,0.28063193698370237,0.0026944508456100014
27.0,0.4296646230220864,0.29657603528520243,6.242027042250102e-05
28.0,0.4103302323736573,0.2839648672029316,0.005888010071556921
29.0,0.37637793097239014,0.2707253161875441,0.013068399352410014
30.0,0.3459894276989954,0.28004172800229604,0.01607585371254808
31.0,0.3421501240959999,0.28661556544471195,0.01873094153266088
32.0,0.3700160184839361,0.25350118319078013,0.030854570118996102
33.0,0.3989119029637726,0.19605987572652012,0.052900814203132945
34.0,0.39504802502997166,0.1439619343443856,0.06929682440041003
35.0,0.3708352167930078,0.10418210612260087,0.06982071654320998
36.0,0.34109083064923246,0.07237407399048994,0.05921148908949207
37.0,0.305609499087768,0.06041615537712037,0.058725316815624866
38.0,0.2453834714150415,0.07129682331462245,0.07066992199542249
39.0,0.18721116030890245,0.0837935061563664,0.07779756018217956
40.0,0.12681523662101288,0.09634565819224095,0.08359172748707562
41.0,0.06999010994547349,0.1113470940538944,0.0998449466259001
42.0,0.04078858481618562,0.11416055628237153,0.12571177246927365
43.0,0.030654473587956012,0.10163897444334244,0.13478493619726242
44.0,0.030308550224120122,0.09193493359590757,0.1319874131525184
45.0,0.028178392998924048,0.09506367664304037,0.13168471036385443
46.0,0.02343962837200356,0.1029350009745225,0.12755405103840994
47.0,0.015409525534712016,0.11015402550916002,0.11194978553744035
48.0,0.003189311546520072,0.12298771948560253,0.08259852433216806
49.0,0.002911502455555635,0.14513956573129688,0.05809694565428641
50.0,0.031032243427284206,0.16504394566112002,0.0416295181375969
51.0,0.06689662562419244,0.16307010781635994,0.029617855840592077
52.0,0.08110372650086588,0.14543466399946087,0.0174637863663844
53.0,0.07765606043845696,0.1192833103957056,0.0079500566183481
54.0,0.08644222115193648,0.10268797177612951,0.0028040689259716126
55.0,0.10853991834876112,0.09977734413527045,0.0018052666838649113
56.0,0.1330248581240329,0.11201329283817682,0.0035824223091556104
57.0,0.1371630852736229,0.1294238902683023,0.00618308263745641
58.0,0.12300310850963989,0.1542985333845904,0.007811353177059587
59.0,0.08936973331424422,0.18317108318770806,0.006378996460704409
60.0,0.05067200440562491,0.21223254882396164,0.0036900485728929037
61.0,0.020062603471950397,0.23479236571228834,0.002897481574627596
62.0,0.00467133428006561,0.23592248067099045,0.005289431803110414
63.0,0.0003607234129983986,0.21481569409897958,0.012312137134404893
64.0,0.0019278290397025052,0.17153229104328496,0.020995418812161597
65.0,0.014079780293062439,0.13481328017571834,0.02418172105237293
66.0,0.026819643390361518,0.10737387438102086,0.01787405087557693
67.0,0.03368301497024884,0.09718771334031363,0.01013922323356411
68.0,0.03826402324608629,0.09649245686652243,0.004872925104195595
69.0,0.04361303040152878,0.1100773247477408,0.003917926212355607
70.0,0.05284257539251687,0.1332659415449664,0.0071695016878681175
71.0,0.06553506816331227,0.15665792497612957,0.020785631903172935
72.0,0.07861247336230552,0.1845320344524863,0.05714844049476004
73.0,0.08220112174646425,0.21971880944339298,0.11088630937632166
74.0,0.08652591681229437,0.2731737264768576,0.17543613506994093
75.0,0.09847832909000494,0.3416648929643664,0.2349263348640001
76.0,0.11115311952539543,0.39143480676920017,0.2605905961205624
77.0,0.11681928303148946,0.38194617416184345,0.23224827433167364
78.0,0.1123487294845442,0.35939614943169645,0.1805157235328165
79.0,0.10972862288467211,0.35373769711259045,0.14958352965608995
80.0,0.10144525666227838,0.34440611501433754,0.13202489391529004
81.0,0.08300652505876073,0.29683821427453205,0.13690105820204496
82.0,0.07247786308543686,0.24256639560608995,0.16403739323409006
83.0,0.08214536661861672,0.19396849037573163,0.20634314426500805
84.0,0.09784793772290244,0.14545526574056034,0.2359499245654329
85.0,0.1023146865768887,0.1076219988747264,0.22663657028750453
86.0,0.0969782309603584,0.08327802970324885,0.17086958154678766
87.0,0.08889782921161214,0.0730588896830464,0.0931234373273689
88.0,0.08994035188632472,0.07693684624500638,0.03403709512310254
89.0,0.09465087296059245,0.09067789772984412,0.008583588903475624
90.0,0.11267242216243692,0.08861475173328998,0.005374609755592919
91.0,0.14582694230424365,0.0607705671945969,0.012115118719690005
92.0,0.18409462890624972,0.034871196421656085,0.020998218334064435
93.0,0.20044093105968971,0.03365339617990442,0.020398126540440084
94.0,0.18198691156857744,0.051926327444780054,0.010219434761088407
95.0,0.1680029834019888,0.06750392256212889,0.0014154133791203958
96.0,0.17588917994527364,0.07259191598947692,8.586746626090049e-05
97.0,0.2031368629479849,0.07896987422932403,0.0009063796656996002
98.0,0.20997241426260066,0.09771834111644893,0.003891283114022496
99.0,0.2076387487086025,0.11944333443306253,0.0131121301574041
100.0,0.19774198329397213,0.14124297994422494,0.025224144981632095
101.0,0.18819669493794475,0.16861181478921608,0.028088439327523577
102.0,0.17847769014243972,0.18312078129529966,0.02441465625361
103.0,0.16743004824590874,0.18181250841124827,0.022724235919359976
104.0,0.17353847982024972,0.17049725292639686,0.03087704747219561
105.0,0.20189043042639587,0.15037898228554403,0.05209322827714807
106.0,0.2488703390252837,0.12947555628749444,0.0758293418488384
107.0,0.30257806103532137,0.11766295365371562,0.08792121045831208
108.0,0.36142969264745267,0.11668765641806249,0.08379517351808155
109.0,0.3758481179441208,0.1261706062332003,0.08203513324341757
110.0,0.32362203097573655,0.16554357122061156,0.09600239339680088
111.0,0.25003580128164005,0.20519599004620967,0.11276554874587234
112.0,0.23816002618961607,0.21055187555086236,0.11026480657610249
113.0,0.26091389190323616,0.19847723550146548,0.09695754799320491
114.0,0.26976340631950085,0.18083196625329634,0.0825742638404644
115.0,0.2673495234457608,0.16344526157164965,0.05987203627501687
116.0,0.2898252661918084,0.14064132797393292,0.024133203056822494
117.0,0.3407444604569037,0.10827577151206554,0.0014035198264163956
118.0,0.4022042366341476,0.08256887885096002,0.0011131845219364042
119.0,0.46672461010245125,0.08236970028148843,0.00010511211585640081
120.0,0.513028115421236,0.09913673773641693,0.0023575326726248927
121.0,0.538922454695024,0.10782732975331832,0.0046614100812304
122.0,0.5488116943494272,0.09839478480512481,0.0014988729054784015
123.0,0.5726091160483602,0.08944435427480005,0.00022304018632090335
124.0,0.6204099769467663,0.0789469056690064,0.005015599876809995
125.0,0.667552645817102,0.061172959931622424,0.023162420083202507
126.0,0.6814049308035021,0.047283097783432905,0.05756983115137965
127.0,0.6541543180357248,0.03393619415248408,0.09598986997018245
128.0,0.6234638329995074,0.01853185335806247,0.11527886893185642
129.0,0.61589754151396,0.0054625284555663905,0.11842322006556252
130.0,0.6299726591247488,0.0005377849122360999,0.12795564283085448
131.0,0.6503643121748223,0.0008828023497601012,0.14597136420276008
132.0,0.7056210337567499,0.006657832147891603,0.16362730455603836
133.0,0.797726264876353,0.019815387703779604,0.1861563854472337
134.0,0.8833244322886281,0.0489884828088964,0.2518892157136357
135.0,0.9070210739423715,0.09653803201248998,0.3177416698479242
136.0,0.8728410188773518,0.15412004570318763,0.330611694633865
137.0,0.848432320906899,0.21632804697442415,0.3093099746303448
138.0,0.8532233341867915,0.28531535717765616,0.30191889634396096
139.0,0.8953891382000012,0.34257728401304033,0.30637924268562255
140.0,0.9577505769431821,0.3957598270208025,0.31205610329683253
141.0,0.9998889230846917,0.4322704038431076,0.2998323244760809
142.0,0.9568456594606138,0.4553534069854642,0.2858152832273025
143.0,0.8558466628544361,0.4834090081919642,0.28302830921640254
144.0,0.7558318431188095,0.5113522922227801,0.278128641283741
145.0,0.6936246809561688,0.5218392791541137,0.2544398289636842
146.0,0.6618773678375713,0.49333034562754413,0.23894581361830564
147.0,0.6501719554164082,0.47507325456113636,0.2329813725204737
148.0,0.6645950615289995,0.4758061605519616,0.24203070258514564
149.0,0.680064362998022,0.47865420858256,0.24916852250690888
150.0,0.7021930337647676,0.46685070492726766,0.24531127276724646
151.0,0.7387132791361761,0.46840501624946423,0.19652062634386092
152.0,0.7549675556099159,0.49936347965790256,0.12000597113668843
153.0,0.7201773746460223,0.5598868020941056,0.06269881786318242
154.0,0.683237587812697,0.6477659285984649,0.03396168731178092
155.0,0.6812197403665367,0.7834335375791961,0.019726458119828094
156.0,0.7041137482728196,0.9425195487234918,0.0156645474924481
157.0,0.7556242480222495,1.101961142858957,0.01651467359892491
158.0,0.8702886031347595,1.231163981639324,0.01621928583660163
159.0,1.0709713158209533,1.3196949369856577,0.01059202827305639
160.0,1.3570082720527206,1.3598376269029777,0.004152208160016903
161.0,1.673512133830421,1.3622035246575626,0.0001498222512360996
162.0,1.9602593165766113,1.3299409090348098,0.005910086966868097
163.0,2.19316314286224,1.3679092829183717,0.030209954338212105
164.0,2.2733758913415483,1.57953779431529,0.048046412953806385
165.0,2.2140693625490067,1.934535463208124,0.052827786261561566
166.0,2.023429634875224,2.3031209599016162,0.06709544779785206
167.0,1.8092083550457851,2.6080076901265987,0.1068055212280996
168.0,1.6177227671852359,2.9039584800182405,0.15648964421479838
169.0,1.543359578713657,3.2504563427648403,0.2035779838226689
170.0,1.580226593950009,3.663578521313382,0.24016596833063603
171.0,1.6621267305168037,4.093346777908451,0.24881875863736957
172.0,1.699099006465806,4.465892679572175,0.23445891736377641
173.0,1.621471844519873,4.76179389756225,0.21811094955224994
174.0,1.4180842341888957,4.965547510695722,0.2032823862575104
175.0,1.1668738009056485,5.0958783272832475,0.17176952364375692
176.0,0.9867179982342396,5.120172830588412,0.13459740503753612
177.0,0.8984620298094165,5.148082415948733,0.10876637781435039
178.0,0.8465899354543678,5.192536946904653,0.1035463971247876
179.0,0.8271604550483045,5.24658558565817,0.09938879824281209
180.0,0.8316984553435005,5.35481347192806,0.07483775998330806
181.0,0.808832491006322,5.460838478229691,0.048204340940716885
182.0,0.7523012266090001,5.536121516190889,0.02893594577037609
183.0,0.6755942898978848,5.503363026499552,0.011802853844083604
184.0,0.5783350473045646,5.30246417931816,0.0007080729409295994
185.0,0.478322414097445,5.005014845439902,0.0017373866230808964
186.0,0.4309421605054224,4.811348895092838,0.011022910599002511
187.0,0.4937146756517885,4.705998332546316,0.027013134696292882
188.0,0.6201180253390325,4.5806586335721295,0.043556670895522516
189.0,0.73388280356416,4.371384425167361,0.04788573734961003
190.0,0.7879921690579927,4.171478721128833,0.04992470965702437
191.0,0.7562307352094778,4.044094816822379,0.06800953599350446
192.0,0.6770479252858085,4.035303313385473,0.11650600506165762
193.0,0.5896151839251217,4.151809684801001,0.18673644061121444
194.0,0.5160030746889311,4.26282925683048,0.2735880708088609
195.0,0.45101451181729957,4.232218396196785,0.3993006810399049
196.0,0.3703047081012887,4.173383413284602,0.5558954563209608
197.0,0.28688827020503044,4.182758450955662,0.7193451405323089
198.0,0.2367805526650401,4.1640665213598025,0.8675784803195451
199.0,0.21994285945403533,4.049798717140769,0.9612494165315584
200.0,0.2143624995292801,3.9659901607947723,1.0305863716839998
201.0,0.20908582051654082,4.023208888466069,1.1193639576800007
202.0,0.2125727550105767,4.206502142380811,1.2979861245489634
203.0,0.21184026176276638,4.395312920880024,1.5327011713731487
204.0,0.2069093278620369,4.485118391332235,1.72589836276494
205.0,0.1838435070904574,4.4618067696791455,1.7891220755092625
206.0,0.13824855819676798,4.468973887587353,1.7425413748676029
207.0,0.08572368864176637,4.57436632854485,1.7064619621297918
208.0,0.05240233818842483,4.719322064136006,1.765312842048578
209.0,0.03350921356924839,4.810265553072696,1.8713569412407396
210.0,0.01893618734179242,4.822212345110177,1.9208011056234962
211.0,0.008850143255039963,4.801827507728709,1.9037056748975285
212.0,0.004423641289411592,4.696362111355905,1.8456798665351604
213.0,0.004986732442239974,4.488128939438612,1.77929881409296
214.0,0.004667104548764083,4.201332114150917,1.686320690744492
215.0,0.0023856200886961014,3.8754858474076372,1.6089663918911525
216.0,0.001721489803905584,3.5972454517699246,1.5747054179129287
217.0,0.0029185191038223744,3.477551431912748,1.549597222618676
218.0,0.003682905900302502,3.4509973489034405,1.5179201960841213
219.0,0.0018782767220280926,3.363757632981701,1.4517152110251024
220.0,2.0249290000327244e-10,3.1957545542560224,1.346323658869134
221.0,0.001622284256208107,3.0151025323936036,1.2585593141380904
222.0,0.002484648639062531,2.8755564635816966,1.2310741740103526
223.0,0.001976739617091619,2.7502081049700196,1.2496780520999997
224.0,0.0011617769995225114,2.5521627434990406,1.2573359142642084
225.0,0.00028422318356640747,2.2390210957020926,1.1955584178460839
226.0,0.00021923777262239884,1.8816564987045223,1.0556371661082027
227.0,0.0023836326004515796,1.5859731018059775,0.8789101500043264
228.0,0.005680071639062512,1.3665401217397453,0.7383547457960044
229.0,0.009406400579559942,1.1812132734180494,0.6534917729190244
230.0,0.01883881698588492,1.025552236481981,0.5981440797050624
231.0,0.03485323824364841,0.8843770431590329,0.5320357241126841
232.0,0.048227392566169563,0.7639294198139136,0.46127111464652487
233.0,0.04905170273691598,0.6508048868005443,0.3983261119538725
234.0,0.039925187013894435,0.5427125244450625,0.365849050849885
235.0,0.03147263337187836,0.4493897963317764,0.34770818511697965
236.0,0.027329108738432365,0.3562466464332801,0.3286832209471801
237.0,0.025029144764240313,0.2654653122102276,0.28806159576768997
238.0,0.023624083473638383,0.20772611970743615,0.22015678538734235
239.0,0.02114393432301152,0.1917530994902884,0.1572359853858049
240.0,0.018942451813296363,0.18087559035398412,0.11163926837263692
241.0,0.013484133089439956,0.16537848808965164,0.0865023567706089
242.0,0.00601045278495205,0.16921771600385613,0.07185880133460643
243.0,0.0009109277712963891,0.1979262668099025,0.06227951479864963
244.0,3.964805308890285e-05,0.23731284264347563,0.05361226272796842
245.0,8.707483933210508e-05,0.24555426229786242,0.04582020659790251
246.0,0.0009313764007715812,0.21046277449932846,0.03875565104670247
247.0,0.010797853377798369,0.16153056294482251,0.034228052568062536
248.0,0.0368405566883236,0.12663404787196839,0.022525270091324084
249.0,0.07315794817710751,0.10396078891884009,0.007738574870488907
250.0,0.10632657513555352,0.08642719198440042,0.0004651937217225054
251.0,0.13310945146522243,0.09347836623898241,0.00041445223560999733
252.0,0.15313285289892467,0.12074335809410255,0.00238895135361
253.0,0.17670714518294012,0.14569789017744492,0.00589057785000999
254.0,0.21067785127176494,0.14379959461208888,0.011911533051600894
255.0,0.26070470105625,0.13344954763780095,0.023021379914880395
256.0,0.3218767180272399,0.12248593040401001,0.03572334363844001
257.0,0.39331160359935996,0.09440767520922239,0.05125487261325209
258.0,0.4119277521833605,0.06360435577692163,0.07788844280670008
259.0,0.3740071258078884,0.04355987244840042,0.13438204746366492
260.0,0.3380259948840006,0.024031445332224104,0.20992203059280004
261.0,0.32270376348944374,0.005642819089689997,0.28831673078876885
262.0,0.2884384490209156,7.866625636000049e-07,0.3384447674112035
263.0,0.2108052237060898,0.0024068217847968937,0.36739551651856
264.0,0.13375849141680646,0.009975962462467599,0.37222412094899293
265.0,0.08815226430598082,0.03199016985536159,0.345099817056881
266.0,0.07012009920399999,0.06546831060741755,0.2794653668586256
267.0,0.05775661992164493,0.09752358883402884,0.21626730776934006
268.0,0.03242840302205438,0.13135219955919358,0.21292667056644837
269.0,0.004708251518889966,0.17157434789131554,0.26630969766712087
270.0,0.002606496620899612,0.21453551786444397,0.3635255254714084
271.0,0.022230037668708097,0.25729011473555286,0.46522859739982236
272.0,0.046935463318483715,0.29544647204801444,0.5296370192107224
273.0,0.06552396343272016,0.29735470744576,0.5396937550677904
274.0,0.08968085542846423,0.27363378785402886,0.5189361209402841
275.0,0.124458004130324,0.2573246486389329,0.4839010551622008
276.0,0.15171766617063026,0.26791861103310255,0.4493280712035844
277.0,0.15637197899466077,0.3272246933452248,0.4023961671567616
278.0,0.16510528789225024,0.43062690642645607,0.36573054524355997
279.0,0.20404625150474454,0.5147223202710801,0.3723052811046975
280.0,0.26722435822875057,0.518085940380697,0.40845479199790236
281.0,0.35209790185142426,0.4854931848830282,0.47722624846860956
282.0,0.4370313278639031,0.46762883014256623,0.5658002064574865
283.0,0.47612537853819287,0.4742101475474723,0.6679701035795844
284.0,0.4509563283371529,0.4920586737847237,0.7414280778263524
285.0,0.38885578283232025,0.511402750148004,0.7312294618945936
286.0,0.34047932205672404,0.49661779084009944,0.6638554489155625
287.0,0.32685749237883094,0.44750432411436947,0.6102547694628023
288.0,0.3277119514469166,0.39672180560527354,0.6202902109835026
289.0,0.36480660182052876,0.37046384274790806,0.6695189395794768
290.0,0.4409272351131901,0.37488579426147245,0.7185413094777856
291.0,0.5314757009664404,0.4059684819510336,0.7665118591739568
292.0,0.6427687961616775,0.4475505502809961,0.8049822311523204
293.0,0.7831696176790639,0.4656051389620224,0.8164213060921225
294.0,0.9226858876771602,0.45156088349583984,0.8267197779953425
295.0,1.0111528643873415,0.4337069899196357,0.8463727314196323
296.0,1.0251574042503255,0.4816544328163585,0.8792426196771843
297.0,1.0032384776974852,0.6411921066078784,0.8948082538433025
298.0,1.0297906460917199,0.9080297114291649,0.8685583511604483
299.0,1.1366126433289372,1.2188957542646544,0.8251818030472323
300.0,1.280422398437401,1.4807660501466362,0.8453745475839503
301.0,1.4251453321061403,1.6551468329300099,0.9539410928728463
302.0,1.6161705346660424,1.7724700298612739,1.1108463949303204
303.0,1.8308896770778385,1.8525857784014532,1.263453714555085
304.0,1.9997130596486534,1.8899201856999421,1.3918808012088002
305.0,2.1197334752372035,1.919168910490118,1.48237175222361
306.0,2.242308494509962,1.9038495301842921,1.5352020564499442
307.0,2.3373876123239943,1.8558702539448237,1.6075175643623054
308.0,2.3701229696449366,1.8188996828494919,1.7015524693457762
309.0,2.3679960146341243,1.8365247308996715,1.7215035166554238
310.0,2.3640875862274613,1.8731265347257366,1.6297181557972227
311.0,2.4001187673309894,1.8543873834347453,1.4959183753138565
312.0,2.4942160646542133,1.7948563502117996,1.4109203197215887
313.0,2.533779931924819,1.7635459397253486,1.4280271988008464
314.0,2.4243355699728406,1.7715938758525225,1.5564422578077024
315.0,2.1661686593735405,1.8025707053502797,1.759583174981696
316.0,1.9132510648261754,1.8619477700584852,1.9699063136929198
317.0,1.8210144928300902,1.9428389254463043,2.0590627907945107
318.0,1.8388335790545596,2.03394204349956,1.9628706583380193
319.0,1.8504534440265143,2.1031951584512965,1.7648266424981283
320.0,1.823815596334609,2.1521507904835238,1.5759294577088843
321.0,1.7986934616082884,2.1535823715792097,1.447481444201033
322.0,1.79289869232939,2.1656024395219604,1.3533012541001528
323.0,1.8164113557781636,2.1710030963070563,1.2639991100121224
324.0,1.8135264721214177,2.17006367850496,1.209024320763216
325.0,1.7750387180675251,2.1902942700759183,1.28644142048028
326.0,1.7501767789297011,2.2837810524985604,1.5505042126331539
327.0,1.7854655555086594,2.4562625321102396,1.9069465091110753
328.0,1.87103285452042,2.6660432529171527,2.202590446936782
329.0,2.005921071047486,2.842533921818928,2.321856941022965
330.0,2.1060845635343806,2.980199352158652,2.2704340952082407
331.0,2.116795349028367,3.119822189987386,2.15746362526249
332.0,2.0713689172545116,3.26638935268656,2.058778480908248
333.0,2.0136193213223024,3.4314919403893964,1.9523594846552164
334.0,1.907440165555144,3.572461641752749,1.8604377849353952
335.0,1.7485686356770114,3.62839294852281,1.8198038598811235
336.0,1.6310910240502283,3.613734959561717,1.8518326781679477
337.0,1.6361331366416412,3.6264576666220814,1.9272346751714886
338.0,1.734504145533062,3.704076653272884,2.052278035642308
339.0,1.818671927284103,3.817577027661926,2.1626244775118733
340.0,1.8205775942145956,3.84169023892992,2.2471522216641935
341.0,1.7832927059640291,3.741293932751701,2.299760390985288
342.0,1.7324817092260447,3.607702391698372,2.3368523614022885
343.0,1.680497006698022,3.4782918419211266,2.400688019780545
344.0,1.6832527539933357,3.3747107076676444,2.5127454141485055
345.0,1.7662239091013443,3.3266623158742794,2.595416307634976
346.0,1.8790430447832476,3.3287686132451686,2.635941910681728
347.0,1.9652499548641134,3.317031260878734,2.731796465592384
348.0,2.021191509101823,3.2592931358765633,2.9028152433756005
349.0,2.1404554641732023,3.154248070491684,3.083879237311153
350.0,2.323963077514102,2.973619473537588,3.191393991406236
351.0,2.5175241323723943,2.8102957032881957,3.15463102760961
352.0,2.6660843670368193,2.666953911838832,3.0089994166714327
353.0,2.7176916489475986,2.5337422385928896,2.862973101199418
354.0,2.6596006831483674,2.398968569665368,2.719750540522224
355.0,2.5741876669333497,2.255852691057137,2.5064174965822863
356.0,2.472707156793674,2.1006787305849857,2.27331160040526
357.0,2.4023063779012523,1.9731471131250018,2.1475303376167934
358.0,2.399219088888039,1.8812651082371523,2.168316122263309
359.0,2.513930305493381,1.781572111304702,2.24241047092272
360.0,2.7084622541476113,1.684787307761345,2.2674093063372864
361.0,2.8511580108668193,1.6157251572547684,2.2388546164656677
362.0,2.9896533941324157,1.5682138140982331,2.217092143273896
363.0,3.1330594436286026,1.5022685912982487,2.220757943339393
364.0,3.2370798342725973,1.4697203885600623,2.2421547106780646
365.0,3.2075961429812176,1.5107202417049594,2.2552087310578575
366.0,3.0389407493685243,1.590920044735904,2.2166007441435838
367.0,2.805998403423332,1.6545399060366404,2.17863533560401
368.0,2.624039789160992,1.6678421468271363,2.188475475716102
369.0,2.5517534039631387,1.7126613237103965,2.2220452335128646
370.0,2.5484831900413636,1.8951379098624066,2.2230388049002223
371.0,2.5722352564554813,2.170513178201146,2.125082089775177
372.0,2.5738948030640634,2.411698582963803,2.0396418424960903
373.0,2.5904163100976203,2.598417330583704,2.028153064247112
374.0,2.6640414540215063,2.7769123563052798,2.0922332241891604
375.0,2.7702945023028307,3.0202772931302495,2.1277053909699846
376.0,2.821026229607387,3.2945819838707555,2.0890541690858444
377.0,2.7799732558620316,3.6037790044215954,2.043774830618641
378.0,2.6772775415245453,3.8577134791354375,2.0507488723009604
379.0,2.6082232558002914,3.9821444109778317,2.1656652478056038
380.0,2.6405891851214416,4.078460182201644,2.3803340978822596
381.0,2.698508858690376,4.25681895717188,2.64783031598456
382.0,2.716438802325064,4.4722174284440035,2.907306468212851
383.0,2.712837213119719,4.528146262960339,3.1300833951453892
384.0,2.725227538804743,4.394138875341619,3.278320304863297
385.0,2.7284619714441485,4.245964591303823,3.3367471452528403
386.0,2.664090942226664,4.183478139609668,3.241689088082957
387.0,2.504373253498168,4.178831606151665,2.978481664285953
388.0,2.305174887174458,4.1548099798920095,2.7498029788439395
389.0,2.1198261899020454,4.070799341932839,2.68092602550329
390.0,1.9548438635064367,3.945625096147258,2.766933859414296
391.0,1.8265894434693388,3.796814561784723,2.8973251758396095
392.0,1.7463660030620156,3.657869917620339,2.9551077012807285
393.0,1.6872727911354228,3.5385518825952094,2.8754199236879425
394.0,1.63611725008184,3.4090842817621247,2.699760751820317
395.0,1.5859956443269765,3.3608251783036223,2.5068976307741027
396.0,1.527838736613909,3.4281927802902024,2.3630560582077806
397.0,1.4795267111825203,3.6736586573760643,2.27079522828964
398.0,1.3983761366232024,4.050941042263301,2.1918211192288006
399.0,1.3102337183324486,4.517808446377416,2.1529399147542003
400.0,1.2367034436994573,4.929897192890352,2.2113749840369477
401.0,1.1986586190926372,5.172735197991743,2.416070169351116
402.0,1.2051351337150609,5.325953809843896,2.705097102157844
403.0,1.2822509688183454,5.365876251711933,3.0178134614102494
404.0,1.4001135280390447,5.31581824332999,3.3031476932027037
405.0,1.5355732435226004,5.301133988335105,3.4889613864538687
406.0,1.7421423983218565,5.500106614080971,3.5195861901782406
407.0,1.9896745484318985,5.766313921330202,3.4286005010688028
408.0,2.207824872235015,5.908088055591693,3.420391768763215
409.0,2.304625515022477,5.865893438587635,3.5965728965298274
410.0,2.3086884930816116,5.788464134612198,3.8402227138679037
411.0,2.282003117750403,5.638096335960409,3.9456921956652224
412.0,2.288899875470325,5.380813468929803,3.9016792077195968
413.0,2.2587923026569694,5.104503681803116,3.760225893769436
414.0,2.2104016853594803,4.840661430596103,3.5488848318595285
415.0,2.152988922518756,4.592257546375409,3.337947525805705
416.0,2.07839901022393,4.398272880603641,3.235715293504548
417.0,2.0290797675784455,4.338760188236046,3.2887028554491717
418.0,2.0766623682201852,4.3782578645836905,3.4374191573339523
419.0,2.2399508357610425,4.48353720448606,3.5686793900784193
420.0,2.4221863205260004,4.555293262556891,3.5900455791912336
421.0,2.5075643472056464,4.566080228132544,3.594268645636923
422.0,2.505531159795783,4.450806790523861,3.6398649508058605
423.0,2.4731960349024287,4.18194197341209,3.6867362764685048
424.0,2.4100582171678875,3.7894921246460034,3.757428792221969
425.0,2.332617493222812,3.4041784688297287,3.8495726690351835
426.0,2.216102879149288,3.132775534836226,3.8704737345158415
427.0,2.0595134738022596,2.9656695683328023,3.732294446714384
428.0,1.9023254592784238,2.840403712411073,3.4720618188073638
429.0,1.794440845934108,2.740711572149491,3.247442408975822
430.0,1.7430609602701164,2.6656433946352323,3.1256698323009604
431.0,1.6751932826430576,2.5467905560862247,3.074369022663137
432.0,1.5895708985050592,2.380142636139788,3.05679381048721
433.0,1.5920092015473424,2.2084104944485086,3.103809608109504
434.0,1.7954716838924956,1.9607085760292415,3.2093971507593215
435.0,2.123985961873615,1.6343166849436814,3.349505098530702
436.0,2.4178496613787055,1.31040823815481,3.4851718228450204
437.0,2.55105576211815,1.0676360435925627,3.576780075726044
438.0,2.564260363055257,0.9034452693868645,3.6636447859437
439.0,2.4804829685331073,0.7362291236402024,3.713661877439777
440.0,2.3254465174245897,0.5789961722872802,3.7302856416996675
441.0,2.1577191799949373,0.45744780747725433,3.6923203911433222
442.0,2.0345752522777447,0.3648127867270757,3.6273817044714494
443.0,2.0116802994368657,0.3051458373360049,3.54757221233
444.0,2.1322768805266037,0.26560823653936344,3.440574101371972
445.0,2.2987623112423217,0.24039173656575988,3.34297269304804
446.0,2.364958447559781,0.22118323753348848,3.39453982972729
447.0,2.2884920128195874,0.2154532783133025,3.6225711030741956
448.0,2.1496841442832135,0.23193827104009007,3.9288697428330286
449.0,2.0621239159344795,0.2875868857528384,4.155719534787239
450.0,2.0576570157966754,0.3709315243605903,4.226278280313959
451.0,2.104355713292859,0.45471017317044016,4.245972091795949
452.0,2.136488455897849,0.5188464096628035,4.2545766301595
453.0,2.142109562955669,0.5896460217481743,4.311508056229094
454.0,2.151772521055936,0.6882179586963408,4.384981827372433
455.0,2.1974889768011403,0.7793463100431648,4.434701639655997
456.0,2.218382600660018,0.8411824656,4.440766646996275
457.0,2.1309502619196,0.9006469511661239,4.407434299284342
458.0,1.9392202064156776,0.9617445990942083,4.364534310167304
459.0,1.7727973685794969,1.0242738234739395,4.373916314880999
460.0,1.718193127057797,1.0930235166495226,4.443592792045273
461.0,1.770678417371929,1.1445211657431615,4.555957143552192
462.0,1.8826713626462792,1.1302326819009605,4.605395144820032
463.0,1.972419327346541,1.0543567658879378,4.599784973261465
464.0,2.0179749454148026,0.9741911089254399,4.581373418452775
465.0,2.0131233474238077,0.9588613307746227,4.519706814503243
466.0,2.0115431769369922,0.9835347994862327,4.5006157828316296
467.0,1.9838565593410253,0.9849310798765635,4.5649784977558605
468.0,1.9681087975068616,0.9621437796189184,4.724307691453507
469.0,2.0829231087102746,0.9654259615112465,4.928429082042902
470.0,2.3343646133948193,1.0414000033784065,5.14583001474084
471.0,2.587884835225969,1.160606941289796,5.375479253323679
472.0,2.7454255746654574,1.3000444327899079,5.6951871791603565
473.0,2.8691720321553027,1.4498865273402757,6.052850285771893
474.0,3.0384465215828413,1.6014711156971537,6.332088887696208
475.0,3.2609485642655103,1.7609321582614157,6.487846937302552
476.0,3.484859317237286,1.9417607032361481,6.5656662208513605
477.0,3.5105341942726436,2.0737137615602506,6.702866786449621
478.0,3.331631381010489,2.151689319738612,6.890792213514422
479.0,3.0613945897675405,2.2274744319013076,7.072974132070576
480.0,2.9164515609726216,2.301187726194224,7.1687439109500195
481.0,2.907427598538164,2.3522470087196155,7.192298235900602
482.0,2.9903685421166037,2.443156000898432,7.170346936925124
483.0,3.2165002063681594,2.5577231624741885,7.134475462306332
484.0,3.4724853704831475,2.6185395233760396,7.1887571868742075
485.0,3.49365506892891,2.636174636680806,7.494887456866224
486.0,3.31869239590018,2.7108245055597484,8.019719005709506
487.0,3.2063731660345227,2.8655604982512224,8.465040295034091
488.0,3.196415095717369,2.9714183158144576,8.690258091239897
489.0,3.166578289529005,3.002903350561013,8.728618926413905
490.0,3.0216032088173663,3.055977971099225,8.676050544515775
491.0,2.77922077624224,3.158037494734241,8.596108855317622
492.0,2.59829943311474,3.2430609025850017,8.39443142780283
493.0,2.5770181413036086,3.248774632878062,8.234962232580514
494.0,2.716242806405785,3.163635095213881,8.248177849128092
495.0,2.8822442004910243,3.0399676486300895,8.246993321342092
496.0,2.971408248946382,2.9738884199417646,8.31343503648784
497.0,2.9752076336361615,2.9023741553692246,8.577531869833217
498.0,2.9861335429922917,2.733171251453302,8.913459003595555
499.0,3.032903613425691,2.4019755396252562,8.955175591297605
500.0,3.1705402060971672,2.120992197442275,8.854381097926064
501.0,3.3712206493363293,2.0658980100047044,8.788581486155472
502.0,3.484511246542395,2.206760222502912,8.574309501576995
503.0,3.554892628920445,2.44024045170361,8.163714928639973
504.0,3.614164328251713,2.6508005238835257,7.649858072107781
505.0,3.703834273392432,2.8263239276928047,7.293048024536073
506.0,3.789410326359009,2.9397811472410003,7.268592265548636
507.0,3.7592303326698406,3.0219576536732937,7.488458684613328
508.0,3.609434810123588,3.0951094672109827,7.768920823360992
509.0,3.457828204909322,3.1579892647826333,7.95874400872516
510.0,3.379526825199125,3.27123073863936,7.953407674319394
511.0,3.304376262536035,3.456425931559834,7.805951304403828
512.0,3.212685213212249,3.6038592296542213,7.536803974788961
513.0,3.0463796894371353,3.680573337802561,7.160474205270936
514.0,2.815876436327877,3.7006641654178822,6.634711690999429
515.0,2.595813312724785,3.667200258241731,6.124500708592579
516.0,2.4742076602676457,3.687755798237242,5.855527428904485
517.0,2.4747150921801975,3.7947406224883604,5.800272067325158
518.0,2.5728286074554454,3.9229458615789845,5.822454238285489
519.0,2.6695395096435037,3.941413628228384,5.763943394697959
520.0,2.726708861421008,3.9599037088324613,5.5953529455560265
521.0,2.78169760410084,4.058014040071691,5.353304727017741
522.0,2.887537190914739,4.170614536368062,5.0255724571429
523.0,3.013865262376563,4.182078620071873,4.6783453052139246
524.0,3.1118612184330483,4.162055422059024,4.415416512165562
525.0,3.1304002322455653,4.276043449383737,4.235882137925774
526.0,3.127705682618485,4.4221188883992415,4.061597290633439
527.0,3.1952177402958397,4.531801446439951,3.934153994618636
528.0,3.2785056056406487,4.5574223607364805,3.8956601668535824
529.0,3.3209602514400394,4.530846388090679,3.927317327420761
530.0,3.2512608835625976,4.505531541611587,4.024849153115129
531.0,3.171674835374517,4.601883726464025,4.079230988540785
532.0,3.188416892736376,4.738808450054594,3.9831785623318443
533.0,3.3579716256831498,4.907506549777133,3.7862565293133024
534.0,3.6282756116908907,5.061237423730748,3.6613810265496025
535.0,3.883430562182311,5.129121098389691,3.64166751321193
536.0,4.120176012001591,5.120288233013052,3.625161088847937
537.0,4.327439105585053,5.04057966495966,3.596722301457022
538.0,4.43283165301823,4.896074038014759,3.593788251868103
539.0,4.419985602231393,4.764579256342225,3.6267720776657884
540.0,4.439365478912832,4.6097774551589925,3.6677634028599244
541.0,4.502061083561087,4.35378909609666,3.6521698164380103
542.0,4.5668602930962505,4.095440331359525,3.598501289145992
543.0,4.613586402185647,3.8350095849558024,3.532359253864409
544.0,4.775438538706184,3.5744537400058567,3.467744408050325
545.0,5.013916369125314,3.3258867598879323,3.344597149823041
546.0,5.204305097615051,3.113393799284568,3.09969295821836
547.0,5.264041830726,2.957134112246081,2.8277807797124357
548.0,5.177594791385096,2.8283495929212474,2.6893919864220965
549.0,5.170041609133504,2.6831775641821927,2.7281833850113952
550.0,5.240661716560704,2.5480529153731095,2.787047476136467
551.0,5.407809232599304,2.42499361456881,2.8088843905869285
552.0,5.653937595601,2.3214648321331595,2.804515187772942
553.0,5.932836703537078,2.23962158562444,2.831656481082022
554.0,6.206607180071945,2.1494456913614406,2.7650932694204418
555.0,6.417431610890301,2.093955988839624,2.5988413580263727
556.0,6.569720390565695,2.1339656808028034,2.4402728815657984
557.0,6.657295444912659,2.2322168971850918,2.3335655790015624
558.0,6.646710107825247,2.2879564305965934,2.2947410436136733
559.0,6.659625751912505,2.241871834076186,2.2552983555074064
560.0,6.849216335650565,2.137321398438125,2.2785952313527225
561.0,7.062592040441212,2.0477320080426167,2.366513184591003
562.0,7.058706221597856,1.9736772216190135,2.5189165332480603
563.0,6.879398041775635,1.9300126172911232,2.6544095852640917
564.0,6.830431488428735,1.9754018871118082,2.655597431088152
565.0,7.029687737274989,2.1234166268592483,2.5230593213105283
566.0,7.360516642200384,2.2665628291370723,2.393324809821005
567.0,7.673822493125581,2.329493305740773,2.3853334938671997
568.0,7.821795460057289,2.30172439959225,2.5281563499139987
569.0,7.831706802308942,2.2113826870624225,2.8237160301740567
570.0,7.812877833674554,2.085102903651331,3.1869011581685722
571.0,7.780124367156004,1.9493979800030654,3.577596645294816
572.0,7.733506201946334,1.8277019627030786,3.9270173364357155
573.0,7.679283185411842,1.7872222792343089,4.231660163148004
574.0,7.624722132745204,1.8241360269936395,4.478562567081331
575.0,7.612023447368784,1.860963281176838,4.635105905614753
576.0,7.574106314694925,1.8518111228325291,4.706386433918977
577.0,7.494013779385732,1.82479923471169,4.72417267166244
578.0,7.2541477969903525,1.7352078667289519,4.741003173744869
579.0,6.875758150145558,1.5642051399466963,4.757190404970434
580.0,6.707966563863578,1.4112113510369892,4.813439726760773
581.0,6.882477152538904,1.3456876742280843,4.922004790791088
582.0,7.174288912857418,1.344664251539628,5.102130592595536
583.0,7.373901255471551,1.3410581007307967,5.160585815011598
584.0,7.45385809698972,1.3187264636385854,5.100879751572053
585.0,7.433893751621568,1.2917242172170116,4.9750926884508955
586.0,7.295976108253732,1.2333051107341442,4.841614054542242
587.0,7.132789118275241,1.12822337829796,4.766487905820288
588.0,6.985157057270351,1.0134048640032143,4.7909976065842566
589.0,6.806232939825639,0.8930844036878449,4.909821312591956
590.0,6.5716691416128885,0.7928271187905598,5.019267236073294
591.0,6.364170436995563,0.6852572439030754,5.013324527165702
592.0,6.305073140430823,0.5704002816472802,4.905699128792064
593.0,6.315763237958333,0.46473782267091224,4.8117228027396015
594.0,6.339997218170711,0.394815792762816,4.727325013201561
595.0,6.346034598475692,0.3851426595578768,4.659280124027364
596.0,6.314631430480441,0.41847840676686476,4.646201072153328
597.0,6.134001083375233,0.4964091336990864,4.725219842850125
598.0,5.932856871493924,0.6145070960593008,4.8695774537358485
599.0,5.808051896499602,0.7470143344260081,4.92950779784526
600.0,5.694804302092789,0.8733808614703102,4.808882337388958
601.0,5.579230032670783,1.0064963765949846,4.582287891883526
602.0,5.5485116876784115,1.1506895378959203,4.409558213064936
603.0,5.6826605823922485,1.2538271406182924,4.227321165387701
604.0,5.91417491540483,1.3116449762784894,4.0172540062745
605.0,6.052176785342872,1.368040325412154,3.8074060264320027
606.0,6.051124589737357,1.4470554290942692,3.6570507393120555
607.0,6.040985478161057,1.5476389551523047,3.5843439526907765
608.0,6.133974880006513,1.6317270259943044,3.6767748030672402
609.0,6.348031723243604,1.6933650854527045,3.8799143927850293
610.0,6.614497602446234,1.7406247092311167,4.008913400018951
611.0,6.886869819254237,1.7971141974894145,3.8383364702059435
612.0,7.227399982397408,1.7980080095812034,3.566610677711617
613.0,7.535688261495058,1.7502610513794628,3.360017751153414
614.0,7.64403980103735,1.7110725800368722,3.2282165931588227
615.0,7.540912253005621,1.7461315765777987,3.1435453825413444
616.0,7.363012838833585,1.83129633438584,3.180706886029249
617.0,7.152581976090324,1.9533929014851887,3.3350293771114385
618.0,7.02140840142364,2.0538041574512014,3.508682193626428
619.0,7.083115696732523,2.095577288846592,3.8102691763995664
620.0,7.3259273184237,2.135623817548117,4.2720920625398415
621.0,7.692883974887716,2.2348992124698848,4.642452888171744
622.0,8.149885209648147,2.4666359719436177,4.611729792837946
623.0,8.655529400030172,2.7036628351250593,4.322021709861508
624.0,9.071218436008321,2.8474120064874175,4.037647006653883
625.0,9.371598344108088,2.845736603624455,3.887771719964622
626.0,9.526511201391996,2.8063979652317186,3.9186802022512355
627.0,9.542685172119217,2.800267626936,4.030956704192547
628.0,9.466627781411102,2.7640296421271526,4.119088708276592
629.0,9.492113952163502,2.6787015858751237,4.119331405897233
630.0,9.77115009376153,2.6339258367775082,4.1348751834405615
631.0,10.094259056404177,2.738317831050595,4.12874346684514
632.0,10.220302026026907,2.9295160920357266,4.159695347576934
633.0,10.178098186481716,3.141679040374368,4.310054645223752
634.0,10.166320981087598,3.3394185730859114,4.613164215496284
635.0,10.383624206030664,3.6076058650764202,4.96857037200216
636.0,10.921991154364088,3.921662391207937,5.225502618877788
637.0,11.581710752140387,4.141450236862515,5.358228114762701
638.0,11.921497616494753,4.220519011680432,5.409454581020496
639.0,11.9136043437201,4.19481765412516,5.476190912741587
640.0,11.947629297945808,4.121371582490823,5.539493588901895
641.0,12.238872038322606,4.02196848083716,5.577681161998021
642.0,12.594216158725622,3.9604915620786247,5.511698623734503
643.0,12.651367875301299,4.071341817908957,5.440346513621402
644.0,12.483952232407143,4.356911921037324,5.455203605799554
645.0,12.419229851566275,4.605304325767398,5.589343809832076
646.0,12.516446020852284,4.687884525498336,5.8882088180004475
647.0,12.522606686494024,4.7254776104799765,6.273644019388436
648.0,12.309237611544336,4.88767855685787,6.685932093802965
649.0,12.162077541134025,5.148359820120067,6.981120542448239
650.0,12.273641505553034,5.320748586821543,7.081715809782434
651.0,12.4300490572186,5.42485214681344,6.996608234655063
652.0,12.497975098371104,5.559374050899599,6.897596399889003
653.0,12.385303001091847,5.789538958299366,6.849719299305986
654.0,12.195615405261737,5.965603963864787,6.827775166681392
655.0,11.913653494682245,5.968731502251562,6.857447233459839
656.0,11.491547368843882,5.7754034042076094,6.866433847029372
657.0,11.105897700574513,5.787553384334234,6.800131886289061
658.0,11.244681450679542,6.119120299226224,6.8007436679346025
659.0,11.703890177962215,6.567293007435921,6.718080026606365
660.0,11.979339678927793,6.843285647140153,6.548822170323556
661.0,11.953576590334475,6.837657870559233,6.340758614247691
662.0,11.74615196057472,6.8717491271685365,6.2059684753902955
663.0,11.338540117479015,7.1136149225804886,6.1029007158007
664.0,10.848004307816959,7.465319079902432,5.897542843674204
665.0,10.516689743528055,7.799719439972928,5.670470625625
666.0,10.408029240307108,8.179875534720347,5.382239410797853
667.0,10.257048434024545,8.574731517828061,5.08231724086422
668.0,10.032364479924638,8.802298846291585,4.845005501496782
669.0,9.89266417900715,8.760339026173261,4.643592587766108
670.0,9.9096317628297,8.579421657062401,4.356649799119566
671.0,9.985487377917552,8.287723200208358,4.133541639512141
672.0,9.964178548047867,8.09774367132304,3.9522890458107898
673.0,9.80595085684134,8.200394989596912,3.680534124134112
674.0,9.617956618242964,8.546015798646165,3.3498767056035854
675.0,9.607552457859144,9.040979261321294,3.0565558271447055
676.0,9.731995314925452,9.346704433223042,2.7895959992180575
677.0,9.848692523150278,9.14217292461497,2.5342766250633226
678.0,9.858247962354088,8.693692113765698,2.287629751076737
679.0,9.703230420100759,8.399246006023374,2.1004434461490487
680.0,9.527754671245457,8.268649029039258,1.9930897611202563
681.0,9.396003213240608,8.191765468846082,1.9191009185697925
682.0,9.264998958731365,8.403269577108421,1.8461089240871278
683.0,9.109957475189773,8.821778726083284,1.721579538296858
684.0,8.880703783797939,9.192610015380794,1.562591676344689
685.0,8.645892646406418,9.59708044514025,1.38771132973456
686.0,8.511589539479383,10.007770654926844,1.2168570111582564
687.0,8.54789059179466,10.21524339723471,1.1292972200949607
688.0,8.729426743609713,10.20953533236132,1.1068274240809954
689.0,8.904769792531487,10.248282570151332,1.0670254094674085
690.0,8.910043811421122,10.266960378331841,1.0250902158134123
691.0,8.798864439618244,10.153662310494191,1.055492466128857
692.0,8.73789751292238,9.968108787108815,1.1301328780213264
693.0,8.756593756926895,9.877809661284925,1.2178302170069024
694.0,8.72079642065229,9.937323510186241,1.3210298348067844
695.0,8.743803698818677,9.897394461395502,1.5092777543307556
696.0,9.036708755321612,9.519104783311622,1.7504739244197527
697.0,9.559181419578907,9.150842438291683,1.9316241489025923
698.0,10.118916996841232,9.03926918204431,2.0575248473680996
699.0,10.32492196555956,9.070479404203795,2.091082380069701
700.0,10.278053591876933,9.04477739674925,2.08815765310681
701.0,10.204258698063091,8.90415472332798,2.1423517361856006
702.0,10.096194094812777,8.439787986444944,2.221232067478425
703.0,9.868621901300237,7.853911749984261,2.2970536357794917
704.0,9.782523241276506,7.744451372163993,2.4044956052338318
705.0,4.902784777978426,0.3173042762933824,2.521297029567748
706.0,4.615553811456,0.23708625617820156,2.58959190499681
707.0,4.407282430790179,0.1892662837515024,2.7770529028516564
708.0,4.275922645877376,0.16435570322112492,2.9957525843880624
709.0,4.223135806326843,0.1425590897972003,3.1820896408783876
710.0,4.188787724680897,0.13301603920204957,3.2521824540791053
711.0,4.257824581892101,0.1549432149431929,3.2803785708367714
712.0,4.338519442009465,0.20495964493559604,3.2792011911579904
713.0,4.477741114378719,0.28119104535024997,3.2780668239096973
714.0,4.683119803553923,0.38854688375938407,3.312800958133023
715.0,4.836137922743529,0.5164320520324849,3.4183457173985343
716.0,4.7666025696854,0.6074646561720362,3.6357591338228894
717.0,4.5302184791923805,0.6385357984149225,3.9198928987993638
718.0,4.310202337903182,0.6454266227048705,4.178769421238898
719.0,4.229740078209577,0.6496431572997134,4.337286112923345
720.0,4.318036123012711,0.6545232304812101,4.403584734784
721.0,4.53727484514224,0.6576703134765626,4.436304311763104
722.0,4.887892565558094,0.6929249876157456,4.471590804181777
723.0,5.288741698835072,0.7926573804190862,4.376318900082702
724.0,5.648500159309024,0.9902864833633322,4.172368855166799
725.0,5.949925292804796,1.238122275610925,3.9983882024009403
726.0,6.237342764721255,1.4446501721347198,4.014089865965198
727.0,6.496080939955104,1.5709227703985762,4.145340507079464
728.0,6.83921800384682,1.6345877178192016,4.1955699233457215
729.0,7.361001468146236,1.7045537328156486,4.161187195837392
730.0,8.079603581020924,1.810734172217153,4.106568339971642
731.0,8.872095073394815,1.9499408915600653,4.101839644434012
732.0,9.490725613786536,2.0542534619942234,4.189439608961442
733.0,9.856513809942765,2.125337760488592,4.466072773906078
734.0,10.145711430247555,2.131911662991293,4.868542693228954
735.0,10.463801195530806,2.1320886608026752,5.297791264689196
736.0,10.81329261442184,2.2013852452094285,5.711757900522264
737.0,11.098706353078411,2.2973618895378065,6.014680124640869
738.0,11.31037152310458,2.406032135275441,6.129961323648256
739.0,11.57128939493604,2.5198729527119927,6.005080470275965
740.0,11.736180596623683,2.6331681417996813,5.692474670935561
741.0,11.688406910846691,2.5625518035916173,5.437813808935201
742.0,11.517830248090412,2.3162711988474083,5.404842293834989
743.0,16.597068683979,13.012630893629956,1.0323908276023226
744.0,16.37461473275593,13.166036270680953,1.116812269147692
745.0,16.39537593271376,13.252130430404904,1.2501097066973026
746.0,16.517591098153925,13.540563374275202,1.3836279100865798
747.0,16.539582884809963,14.051538037093131,1.3751245334615616
748.0,16.42237013006957,14.410144711729732,1.2397899202989313
749.0,16.127058932932922,14.522562936405764,1.072666473696977
750.0,15.684308519343482,14.558164559255365,0.9351627255331344
751.0,15.38096554437191,14.742424951732636,0.8501673508430401
752.0,15.100486705134184,15.093373562765578,0.77961677227281
753.0,14.786629563904144,15.449150508799748,0.7197433135509969
754.0,14.650206061252742,15.8498863966629,0.6769689853515626
755.0,14.784613213950722,16.335648162347834,0.6748764455946497
756.0,15.042655824148236,16.704205842409966,0.6625960814000025
757.0,15.351007351067544,16.726149699448868,0.6152127660249999
758.0,15.589049674004642,16.534062706885415,0.554733609155448
759.0,15.73878470015624,16.400556867552012,0.503437078089
760.0,15.896233908426263,16.393579468192108,0.4633019017568656
761.0,15.867659991955923,16.676971264827458,0.4563045867203041
762.0,15.631673867735968,17.22155746489587,0.4905194676039024
763.0,15.29768014015551,17.878228039141245,0.5643067735326026
764.0,14.996919926392778,18.34720398680678,0.6896681466080121
765.0,14.705864143381405,18.651012144156702,0.8184866496943504
766.0,14.360373686300058,18.933517804338415,0.931540369396292
767.0,14.081334227057955,19.164974451523243,1.00907790912369
768.0,13.915710622333032,19.366563684232556,1.0923713822631183
769.0,13.71914455893005,19.5584178001,1.1991885109741154
770.0,13.606965977946894,19.866947321868444,1.3263078570393598
771.0,13.719925359823897,20.020424671653963,1.4786300506738488
772.0,13.933469893810194,20.00789986896481,1.6508453814211983
773.0,13.973096077376619,19.971159269446083,1.80557188242649
774.0,13.622346336406768,20.199933744363655,1.9085425815600148
775.0,13.025738656878191,20.38364505151451,1.9567394131784002
776.0,12.482603763407122,20.44944059506729,1.976271896808384
777.0,12.109355813709001,20.544333399799626,2.018880451555997
778.0,12.035608762021502,20.843427568257678,2.0736428546214145
779.0,12.331774707871528,21.175127134604487,2.082600038973857
780.0,12.815539525643235,21.369869429786476,2.053199859438792
781.0,13.197991182583683,21.509779050476777,2.0592521789896807
782.0,13.261484206085125,21.406117854285153,2.1113713904025744
783.0,13.046875800429564,21.124504646133236,2.14226927339049
784.0,12.652829651341824,20.866732627181367,2.108733552517368
785.0,12.24475966055169,20.90369496984258,2.0643000732018733
786.0,11.998838063569208,20.81860087034025,2.0353993014791243
787.0,11.930351287640088,20.330727315578216,2.000796472793717
788.0,11.921263659154889,19.837064869924,1.9809243694449226
789.0,11.914889136240406,19.720927035891002,2.013823835756612
790.0,11.741052879423123,19.994819231883756,2.0515322176597266
791.0,11.292169336568584,20.358823964077622,2.06224244587998
792.0,10.638167111836905,20.56777355024874,2.07114264846225
793.0,9.988370627359494,20.597619534676806,2.049713606826768
794.0,9.481663305022524,20.431242898293693,1.99185663111888
795.0,9.070083969197164,20.244510102136594,1.9433963690685505
796.0,8.696998706686808,20.19132179949172,1.9460833114368101
797.0,8.427638164377884,20.3417911949525,1.9610480680705475
798.0,8.304722364743911,20.455431015011523,1.930285308704526
799.0,8.270023069888447,20.40214567297743,1.9018428909582403
800.0,8.253337335103328,20.390658080858664,1.8897843084769477
801.0,8.167569775447681,20.458749052209914,1.8787657458341775
802.0,8.018888541036926,20.683293628658767,1.8696748463490915
803.0,7.884404617891243,20.799754722568537,1.9070850181368
804.0,7.743389626446407,20.84114718322288,2.0101737969237603
805.0,7.610670554181587,20.86773559192359,2.178774821736023
806.0,7.519221929872801,20.98361503631377,2.3054987477238718
807.0,7.560566048657724,21.18029316312757,2.3376137043849488
808.0,7.762564397816409,21.425555038209097,2.3043986558446683
809.0,8.046603589659888,21.677824774214013,2.2475950929634223
810.0,8.366220434119803,22.008988037498966,2.1256792327250653
811.0,8.702318339948024,22.441776699517064,2.0094645028158724
812.0,9.052711655879005,22.566240304999692,1.9984197239244674
813.0,9.355050354103183,22.008920575595564,2.0863313411835454
814.0,9.557484657270516,20.871388239110107,2.153082801824142
815.0,9.576610866423405,19.779649971445785,2.1480219347651857
816.0,9.579875029656783,19.132928486354498,2.0659792483111605
817.0,9.633092798336211,19.06350718403597,1.9709297909497245
818.0,9.78253775382172,19.226045541362193,1.9473652118688782
819.0,9.938498174322259,19.30502342075316,2.002412378683764
820.0,10.050097598279434,19.297357091365512,2.0798482517904096
821.0,10.09683042115202,19.18094643784095,2.10438687315025
822.0,10.067934774860827,19.106614958632182,2.0716382625969425
823.0,10.106349174609344,18.939054586163802,2.011009850598624
824.0,10.168274202160925,18.675221715084383,1.934506588734468
825.0,10.224449684108038,18.46630101073329,1.8787332334272102
826.0,10.405603254067193,18.260739575264992,1.8757374884644356
827.0,10.898632728157756,18.09910992690572,1.886176662139361
828.0,11.679934463297451,17.93683797836358,1.888048083681264
829.0,12.528422980585535,17.69700108141734,1.8733796562531597
830.0,13.103220123759222,17.37070446378964,1.8104076281829318
831.0,13.266162804895359,17.073743983579245,1.7395661627752992
832.0,13.370250692668918,16.97201204958983,1.6988471023749243
833.0,13.656873613680563,17.210440551790242,1.710959982386156
834.0,13.977292514800629,17.525952495520816,1.7143944371832998
835.0,14.26985400876876,17.679220628502247,1.7155716914667554
836.0,14.61798281767759,17.548947393067106,1.7435466877991184
837.0,15.187635565087524,17.247583592561845,1.7432128979900947
838.0,15.948606856027078,16.98833463863557,1.7400523265347851
839.0,16.57953089064494,16.831103743402757,1.7540778470092817
840.0,17.034805299545095,16.77404330648903,1.773194193795024
841.0,17.275528537349768,16.76153018582764,1.79349151293752
842.0,17.491473442859196,16.883449886472057,1.8492011063091554
843.0,17.867019819207655,17.131207674367417,1.9061310511917025
844.0,18.405160932289323,17.499822355185206,1.9312418259142128
845.0,18.878226484343777,17.91542921465559,1.841263177108141
846.0,19.2529404826666,18.193594506024997,1.6730215427571553
847.0,19.632660620878188,18.2795157135523,1.5237323738598023
848.0,20.127641754366728,18.432691848360594,1.3930293887075555
849.0,20.74780563177985,18.590538201219125,1.2766963821180097
850.0,21.39853124292663,18.620547657288633,1.1890577797493473
851.0,21.993977638598118,18.655828648973202,1.1395442940313598
852.0,22.425758188848068,18.79082248026954,1.1016718735671363
853.0,22.7011755976655,18.91752523201242,1.1137344528169926
854.0,22.85684340710094,18.83495985543906,1.1619468824449601
855.0,23.00378019794438,18.399937905741417,1.220966236807028
856.0,23.075441170830736,17.919888855729663,1.274039517194288
857.0,22.886294139670348,17.88053590085459,1.3688901018178927
858.0,22.713254830123105,18.094455165835374,1.5220014037875238
859.0,22.629221394008333,18.062386270179022,1.6496093537020158
860.0,22.48035904690849,17.51746199595236,1.717637996239872
861.0,22.28277055673197,16.890657831782708,1.7149655179582863
862.0,22.255462930844168,16.595971994753466,1.675178010025422
863.0,22.379004954412096,16.618428753629907,1.6253145523230625
864.0,22.622326526380096,16.85043413147968,1.619594421804437
865.0,22.857292334230205,17.261609699883238,1.66414383448866
866.0,23.111504256145917,17.653481214741156,1.6819001465976646
867.0,23.30919013342382,17.91745265361946,1.6673241349508834
868.0,23.475427357743882,18.18355566323016,1.6682868484028042
869.0,23.4743610504027,18.517576628525056,1.7306647248482359
870.0,23.417558546228644,18.85141602193663,1.865737610310404
871.0,23.575749734340643,19.19447663684502,1.9870348031177283
872.0,23.81440341600012,19.40924932920156,1.9800198462859686
873.0,23.96627928731469,19.467190633436317,1.8804079607809023
874.0,24.00376554676317,19.509038295073697,1.7553968424132096
875.0,24.07032715273488,19.531582055079507,1.6363406922938086
876.0,24.071820706685465,19.509598450821752,1.517521608342653
877.0,24.114045492721274,19.40988541392453,1.392148411765692
878.0,24.146558858215638,19.3591327697121,1.2730954839130089
879.0,24.285296457090187,19.45874516769383,1.1703561489
880.0,24.481956560824784,19.94280293400591,1.1005563414019217
881.0,24.554222294359768,20.619127099075204,1.0618037083699596
882.0,24.399532474705122,21.08122338421283,1.0374527805641474
883.0,24.165978719765576,21.132453590923518,0.9496713772775056
884.0,24.083127140111436,20.86020088140367,0.8205336231722721
885.0,24.017594718485515,20.33381652194909,0.7068975727994401
886.0,23.9614464613533,19.764357143057335,0.6056837090067855
887.0,23.68689101340072,19.493180152800747,0.510146048589108
888.0,23.334766307140427,19.57881557080389,0.4633394751073936
889.0,23.036974179351038,19.731373861241227,0.4624077384323761
890.0,22.91206379143065,19.81443616412008,0.45059903623022757
891.0,22.85088241702332,19.84837453154013,0.38931710910689615
892.0,22.853990360709165,19.71258902496182,0.29182124755123245
893.0,22.959060649969967,19.533457716789126,0.21897791378457762
894.0,23.199572847910385,19.251641008628635,0.18147497760144002
895.0,23.667884743122904,18.88347141337549,0.15280676593360362
896.0,24.153507043865492,18.5478438768838,0.1306930590735025
897.0,24.64276645801657,18.527853506016463,0.11087916339815292
898.0,24.98235101596634,18.761014871617633,0.09492501228694086
899.0,25.313384591333545,19.178516096421195,0.08331059617806248
900.0,25.48880432025131,19.500078044901127,0.07531602373752248
901.0,25.516172485043462,19.43796934462656,0.05988914605630808
902.0,25.284723088628894,18.996104359318238,0.0385540058010276
903.0,24.91043905562665,18.484799085783035,0.019309450826402487
904.0,24.60817769720879,18.088825500154083,0.005655625071132091
905.0,24.527901366891918,17.944752219782615,0.000828086952249999
906.0,24.90460018531082,18.064475964037648,0.0011305821182568982
907.0,25.604713819313197,18.27535772797719,0.00455863441187559
908.0,26.443488818876425,18.618102253926008,0.010953780489296095
909.0,27.224345495888976,18.990092873388015,0.017841663513836082
910.0,27.861533902118715,19.276630043773448,0.022199381889484882
911.0,28.21871408767069,19.344832827762257,0.02414146831256249
912.0,28.338456178640275,19.234812448006142,0.021419452336899583
913.0,28.34302830129972,19.026766577811237,0.016308835206602503
914.0,28.395651911074985,18.880505457422522,0.014114504468070398
915.0,28.476988005250902,18.91615692665972,0.015770693049216387
916.0,28.646318873295368,18.996037152046917,0.018154732860250003
917.0,29.054836998660136,19.05725070292243,0.021537617049000007
918.0,29.735625065355414,19.080541001308177,0.023097382393932896
919.0,30.431026644427067,19.18451642057663,0.018548435190169594
920.0,30.992797036121555,19.210221073769425,0.011219300609439986
921.0,31.49289723624676,19.15525832078465,0.005298624309722498
922.0,31.98388825868281,19.029988725646497,0.002450344050902499
923.0,32.51709295775617,19.00120278274235,0.002027496468952894
924.0,32.90012538722436,19.038099611411727,0.0038505127562499944
925.0,33.08314250101987,18.944083891392044,0.006357695740225604
926.0,33.18375288684144,18.66693869511908,0.011720866342702493
927.0,33.31052633577039,18.294421875764403,0.02211404844488488
928.0,33.45378944673151,17.98140975701658,0.035208773352800087
929.0,33.74053250585161,17.948677712280475,0.04485300058897291
930.0,33.98448729963197,18.23812437758913,0.048606086111694376
931.0,34.15648127497662,18.57932712334542,0.04242342257208089
932.0,34.386248774204375,18.83150899096139,0.03300486818865638
933.0,34.75780646720902,18.847121683806755,0.02579524124446089
934.0,35.03060591744949,18.76343464221824,0.029569653499724086
935.0,34.98868057833885,18.598034544423697,0.050334416682088906
936.0,35.01618479690731,18.37508213259255,0.09302254781616037
937.0,35.2474941603392,18.273749520118805,0.14175347739265684
938.0,35.577316958615214,18.270664541143642,0.17398727576155237
939.0,36.11516463640058,18.36616242317968,0.17957563106132243
940.0,36.842994530236446,18.358478332026664,0.16394271432256
941.0,37.36889957379407,18.252691181347586,0.14813918822333155
942.0,37.49816955591,18.071854780924177,0.13437360888840355
943.0,37.29687108957594,17.904636790046403,0.12266033843184042
944.0,36.99271308401879,17.883342068941797,0.11545097166179287
945.0,36.501916555778564,17.925134075967577,0.13165996284604842
946.0,35.64729511204594,17.93610521319937,0.18098232955123233
947.0,34.60356965625442,17.91230615399556,0.2468634799588164
948.0,33.79816762124673,17.834525889001924,0.2890686730721448
949.0,33.395238849255506,17.488551321608142,0.2954543970584088
950.0,33.2042867210729,16.879358197909145,0.2999106539281801
951.0,33.302771586040734,16.33111995097824,0.30845304250254
952.0,33.79704734611983,16.234524682175927,0.3436827662038368
953.0,34.606859217185054,16.583338076514963,0.38802401913974766
954.0,35.38675852622316,17.141859355252578,0.4327499527415289
955.0,35.7297887145024,17.491577079933155,0.46288967517120155
956.0,35.911877393838814,17.520779825382967,0.4957927619977809
957.0,36.34527240191233,17.48660334850991,0.5331372471997503
958.0,36.51224735383226,17.608628116759682,0.552538403638733
959.0,36.26455855239833,17.968719399383918,0.5529628071837961
960.0,35.71607981473692,18.388696804651183,0.5266587052275024
961.0,34.838632567427474,18.785675905889594,0.47535260954724
962.0,34.00680255557763,19.095678866721673,0.431868873332636
963.0,33.53123203808355,19.299416438584213,0.39999581058292843
964.0,33.42879125136715,19.29334440801586,0.39146253595790886
965.0,33.55359761923369,18.90045896911895,0.4226206746155524
966.0,33.82678900915366,18.29714749332258,0.439752126408848
967.0,34.0760549501554,17.803961933739256,0.39064513775953214
968.0,34.055543417226815,17.35932910128595,0.2989451635070884
969.0,33.97644837720265,16.81775629049981,0.23422154046735996
970.0,34.196317601718306,16.149711703462756,0.21722741571062434
971.0,34.70605045356387,15.58882896498019,0.2425390325055503
972.0,35.387721980514314,15.25065577159744,0.2970409796149156
973.0,35.95673308799637,15.149119098062824,0.37632262016196
974.0,36.186869474035284,15.133705990209215,0.4501375109074944
975.0,36.17537731299288,14.79484650193644,0.45569030183965686
976.0,36.053328895184315,14.156674517520921,0.3572568496115089
977.0,36.10954516778255,13.701191974506893,0.2472899643714563
978.0,36.354759548464266,13.799483760124609,0.19649583742782006
979.0,36.671438420722,14.29744455164659,0.18943845376227836
980.0,36.99250397953247,14.602036012247103,0.18568795268256247
981.0,37.03862101281388,14.597835525675732,0.19397128263932406
982.0,36.75403089510567,14.49603311665261,0.23207090328926439
983.0,36.24149155461922,14.47536618808036,0.30276316621185606
984.0,35.319442860926024,14.507833477225002,0.4049776716276737
985.0,34.33291605767632,14.51923671383102,0.49592120281189284
986.0,33.225659708535716,14.316034262100672,0.5392878554760842
987.0,32.30343615909322,13.982085838752305,0.5480144487888003
988.0,31.784823907125674,13.799135614484685,0.5531454391567503
989.0,31.768499151477318,13.900215521248521,0.5556638275151043
990.0,32.04793704433326,14.152366892436449,0.5768073489291556
991.0,32.60485189713491,14.372251551162563,0.6158484773328196
992.0,33.597499084444905,14.588893145117721,0.688065090519672
993.0,34.76121938153315,14.717145516366237,0.778987720219896
994.0,35.40474651763788,14.585825985780728,0.8542327018584099
995.0,35.34680576440492,14.31550622027909,0.8879512834181887
996.0,35.259104366598805,13.991566850407485,0.8543623047021841
997.0,35.44904690782046,13.55931384746297,0.8087088349497599
998.0,35.405658092426535,13.11024622789476,0.7901891490197055
999.0,34.85908546762523,12.825347050125394,0.8264085558024256
1000.0,34.31434007735626,12.843201848675344,0.8933837580240399
1001.0,34.129614685061384,13.088351809130597,0.9521628649641889
1002.0,34.2835813406549,13.147313323340207,1.036325567720593
1003.0,34.719978609971186,12.711507700689621,1.148615031402468
1004.0,35.323354900301894,12.076710197379697,1.1741431024957454
1005.0,35.64084280742295,11.573264346812008,1.1095144747581047
1006.0,35.373366347180664,11.178605945347375,1.0616952059574023
1007.0,34.59355981127357,10.762743945602896,1.1082285360284354
1008.0,34.062099455722795,10.448155630257274,1.1588751580332095
1009.0,34.00920903945708,10.340883674013314,1.2176216101967448
1010.0,33.95785068423224,10.456965475520384,1.3434132451547023
1011.0,33.80716758647906,10.627839806952766,1.5167548616186406
1012.0,33.891014218209115,10.81515206300802,1.6538193538424462
1013.0,34.25025510019806,11.091063473314529,1.770449070791773
1014.0,34.60451485957764,11.367557090928639,1.885106510327076
1015.0,34.8681892113084,11.504374329901811,1.989720166146848
1016.0,34.84028868979304,11.435738250192388,2.0044329517688
1017.0,34.14209258683966,11.196070411124763,1.944941989022533
1018.0,32.743618045395614,11.018200400894202,1.9095947941471918
1019.0,31.467557298135922,10.938396472790611,1.9380746617562503
1020.0,30.885706993129737,10.979611283015123,2.020568631094385
1021.0,31.015099802048045,11.109395288468402,2.140739857303027
1022.0,31.473249499495996,11.373710991095024,2.2856904224999997
1023.0,32.123834188925066,11.889757456295616,2.4501630255961158
1024.0,32.91657078467446,12.550562239374653,2.63103517257156
1025.0,33.41715819872745,13.126976578301983,2.77015292853197
1026.0,33.32712754678896,13.496423191904668,2.8607425913015403
1027.0,32.81179980112224,13.782296139852248,2.9001720790775054
1028.0,32.4817507996838,13.835364497680322,2.945119578483905
1029.0,32.345537690939054,13.649844824809726,3.0069968227419133
1030.0,32.26910763340759,13.381281662605295,3.0739245899688763
1031.0,32.37019495967797,13.362244371734548,3.1794222157710337
1032.0,32.96059756000513,13.78317377735809,3.4049496660853245
1033.0,33.76779538084096,14.270471493122619,3.614887655255924
1034.0,34.51161589892426,14.591573134513736,3.811055752275502
1035.0,34.821741517945405,14.91438530455268,4.049896239173161
1036.0,34.94710441637776,15.194568885847325,4.233041453890922
1037.0,34.784773575984765,15.329732738366468,4.390774373581201
1038.0,34.614988138584124,15.447714479806965,4.650439157121537
1039.0,34.46870381972863,15.669732146251562,4.960945695855803
1040.0,34.22277179153963,16.082467510937143,5.317571616674882
1041.0,33.97231707236487,16.451094385466313,5.6299083949518405
1042.0,34.27696936145831,16.36296256353049,5.8158946253955595
1043.0,35.18390655715756,16.042359679548934,5.824697846631567
1044.0,36.155934373120644,15.912354995600246,5.853934957047611
1045.0,36.91181738573293,16.322959407504698,6.020979998818361
1046.0,37.50088590045497,16.96283358781945,6.2479099247658025
1047.0,38.012193165944524,17.71478861905812,6.425337273660011
1048.0,38.31244984393652,18.455004512425162,6.537354336307502
1049.0,38.658674485156595,19.209512533152328,6.603503330242626
1050.0,38.919639857126924,19.892283545472154,6.607603711033921
1051.0,39.40672125201528,20.532991716503417,6.650651453664489
1052.0,40.28847511773851,21.202915173321028,6.814363371174272
1053.0,41.27435829285129,22.052842023177522,7.032496386883993
1054.0,41.8763394903683,23.082193155415467,7.2554212699467655
1055.0,41.985414824771006,24.00440550592682,7.34405013608464
1056.0,41.915401080373414,24.739284194894815,7.336909150061702
1057.0,42.00218561406287,25.653098961556545,7.31668493135138
1058.0,42.697384386771084,26.905705559040996,7.303709263210751
1059.0,43.97070341747281,27.91930172722243,7.348788560269306
1060.0,45.58641595757454,28.89643899997546,7.4847553380330485
1061.0,46.27711164334806,29.93433549971031,7.623061859494704
1062.0,45.86838694704375,30.85685923871031,7.588062630157069
1063.0,45.118985723955575,31.433481730642413,7.328688356454301
1064.0,44.39942829346817,31.801700768062105,6.90306470931856
1065.0,43.8747725416601,32.23635643718657,6.478414237285326
1066.0,43.643891900858705,33.02158382169454,6.279537967434398
1067.0,43.60854912788776,33.95826908828176,6.198198980940697
1068.0,43.52341781176226,34.45271657798533,6.105038593824018
1069.0,43.44526759189785,34.199136164007555,5.970297826744104
1070.0,43.29243064018067,33.490768542701645,5.7466639201776
1071.0,43.142408433235836,32.76109976565043,5.557694976556959
1072.0,42.86554002557113,32.186749084633426,5.424706483926005
1073.0,42.56324993186773,32.126082640235495,5.38362730355496
1074.0,42.19711163172555,32.47639541046613,5.43103868458921
1075.0,41.88985411417436,33.128245376510215,5.564645149679
1076.0,41.640404960081284,33.692753801752325,5.6857985213265625
1077.0,41.32578903393907,34.081377529547126,5.80630695380632
1078.0,41.015595172095615,34.21286853575704,6.10688331227881
1079.0,40.768584093190725,34.28072171167081,6.552489928610913
1080.0,40.60354728065203,34.390628133089386,6.888333985462418
1081.0,40.66848367756454,34.41019732766313,7.088547669034675
1082.0,41.142480550416195,34.379252347756236,7.2126681180092085
1083.0,41.38460384640822,34.52847470322039,7.257529264112436
1084.0,41.11485866963509,35.26874241682558,7.179960817525111
1085.0,40.91378904112656,35.96982128733778,7.115207558671928
1086.0,41.01897878378873,36.19196326203194,7.088308052120277
1087.0,41.67449919234838,36.08994907627956,6.968703960001483
1088.0,42.36652135802814,36.10359818478393,6.709721127131444
1089.0,42.70035115188733,36.347366924445055,6.454847646202209
1090.0,42.878832220068304,36.57529046463075,6.197729198880732
1091.0,43.53984368824821,36.32471754870091,5.909896990922319
1092.0,44.50480536934084,36.022169812147844,5.582439088277217
1093.0,45.69797545117118,35.812863229786515,5.2058555808960465
1094.0,47.02290231552307,35.713164040820644,4.833437074302726
1095.0,48.49100283736841,35.34114497820194,4.5582578790592905
1096.0,49.8168313690056,35.367720562033696,4.516175094252124
1097.0,51.094234809975454,36.007936997423506,4.6797491206889275
1098.0,52.39382262745076,36.80899765903728,4.989589786096661
1099.0,53.953625712281706,37.112413314577296,5.315939703338909
1100.0,55.340658578899856,36.3863719232036,5.480161656469739
1101.0,56.51129599434021,35.392202369934466,5.454186342858002
1102.0,57.11627058374373,34.636186159892496,5.402923687560999
1103.0,57.428797259168164,33.97280714093851,5.318384784557523
1104.0,57.50596417639969,33.150754616628646,5.2045714649819415
1105.0,57.23822467778703,32.65784432208581,5.191476487614192
1106.0,57.05660329679863,32.66362763018404,5.347531005733328
1107.0,57.17044280388411,32.99876278746861,5.67321008941802
1108.0,57.53016690450635,33.19982626199532,6.056248570363623
1109.0,57.71974434445931,33.11723284794991,6.296513871067379
1110.0,57.550803833369656,32.9305320250203,6.417675769294242
1111.0,57.039494960540175,32.77969422729495,6.4765866566166554
1112.0,56.661321096822526,32.66910920394127,6.552506823190789
1113.0,56.62654937477242,32.37349983600768,6.543844605864724
1114.0,56.9292360082681,31.63905519447142,6.4350924956375275
1115.0,57.44490823347013,30.611132568159814,6.347308941035023
1116.0,58.0432948229696,29.59454809079337,6.300596186569345
1117.0,58.62360870142293,28.581799801862108,6.4321742975043845
1118.0,59.02475911608272,27.68853665530404,6.643057617924222
1119.0,59.26654488616872,27.261445192575376,6.964121334691109
1120.0,59.22624574788101,27.259573615642427,7.392841092586203
1121.0,59.18041392600534,27.296574939218253,7.819071106104039
1122.0,58.82642016173396,26.92512769300841,8.043179205453002
1123.0,58.268329770862856,26.087477855439655,8.063988039748116
1124.0,57.82175175202595,25.097560094457172,8.081095545729168
1125.0,57.45951951554131,24.162261957933257,8.240177406749646
1126.0,57.156950338697705,23.2960326154291,8.578598199493848
1127.0,56.819896308379086,22.49236298626219,8.929588457618888
1128.0,56.777360680879134,21.74694747472507,9.209208413583415
1129.0,57.041543958517565,21.050872571366543,9.49215449721204
1130.0,57.12059825895803,20.57954817535031,9.558851033477508
1131.0,56.894318049926774,20.298837219905156,9.3753238346548
1132.0,56.43798785223707,19.983857997868345,9.025270093408214
1133.0,55.81752826339092,19.801990478277563,8.558604488855933
1134.0,55.55301742379493,19.706850623397614,8.21520854706662
1135.0,55.43937816399951,19.51111535515099,8.144652116048016
1136.0,55.218130204780685,19.29264830373647,8.332360896304069
1137.0,54.6952689927125,19.083841439341693,8.61267832443225
1138.0,53.80046446770241,18.800352442968777,8.987420478751183
1139.0,52.92231128937006,18.44938998869559,9.287868137128154
1140.0,52.40500721081287,17.85255266603874,9.327792518592252
1141.0,52.30196950794121,17.015529960132717,9.173449711888308
1142.0,52.24711044589272,16.105756100341114,8.991965753831634
1143.0,52.091041896022006,15.60499120643301,8.886622852968967
1144.0,51.80362276790969,15.493542513764064,8.800151143733718
1145.0,51.495653129585946,15.601720437737741,8.661510752397582
1146.0,51.01684018483046,15.720450010651154,8.506584726024998
1147.0,50.513432836331276,15.956477876809357,8.320239350495898
1148.0,50.053774197108645,16.24016687067372,8.05755219891253
1149.0,49.56701095087881,16.3434440694846,7.642307373914523
1150.0,49.14394239630889,16.142970926671833,7.1799249652592385
1151.0,49.09237251310171,15.91255668156225,6.777224257755061
1152.0,49.276064824145095,15.675178725477721,6.445850112095693
1153.0,49.5859339301568,15.28317278046382,6.16731847322665
1154.0,49.673852929024015,14.980702980785514,6.081518556723721
1155.0,49.09641498119555,15.053653031665988,6.378986369430181
1156.0,48.1851733232268,15.5542684898556,6.840642781175063
1157.0,47.554799449601454,15.97138968129685,7.194211592107563
1158.0,47.565139734317285,16.315788169464426,7.3544834553697065
1159.0,48.058267784185986,16.541936558309764,7.368326642363793
1160.0,48.72314052613762,16.523873541968836,7.344141246257911
1161.0,49.29694542250871,16.33648554041143,7.253283202727839
1162.0,49.72965607832049,16.02997538629833,7.154127185388798
1163.0,49.763230460999765,15.73783758180192,7.141201239412812
1164.0,49.328704236254545,15.423675157567665,7.314988817676959
1165.0,48.592160966292376,15.088904179180574,7.621439809361981
1166.0,47.76015843482135,14.781589677298891,7.966937025773214
1167.0,46.7392371124932,14.652576258046453,8.276999823204001
1168.0,45.436865546008775,14.656899235489,8.54576649658449
1169.0,44.38984886550414,14.710052297865962,8.801982284445979
1170.0,44.29878309843562,14.803510263039659,8.918757694212365
1171.0,45.154714424002094,14.844457668863345,8.86031615542602
1172.0,46.05618252601731,14.838647445312247,8.619645271172098
1173.0,46.74147681277931,14.756056329828786,8.335675715878422
1174.0,47.48153205165811,14.50992487546162,8.103027659433062
1175.0,48.31479449823411,14.16232354997051,8.081987276864306
1176.0,48.96445190961896,13.897338168783024,8.241976204645008
1177.0,49.31496383359149,13.837669922429495,8.512871812696412
1178.0,49.34678689562731,13.949446636857639,8.727980900748609
1179.0,48.76993303100824,13.928697227046662,8.868776203766883
1180.0,47.46423318613823,13.734074593257535,9.036139346575494
1181.0,46.05029124361153,13.519838566187559,9.160472328844929
1182.0,45.279271294779015,13.455540550765889,9.144927573619098
1183.0,45.093549762963605,13.599633411866888,8.914406699418137
1184.0,45.15173414040608,13.862130372619237,8.63497895431024
1185.0,45.319168305571694,14.105294433128526,8.406757242648721
1186.0,45.30288127443708,14.276378122985681,8.157305039364145
1187.0,44.99657844501121,14.369032653597477,7.839433178245488
1188.0,44.47435765377965,14.423047706342686,7.573142281439118
1189.0,44.08137169754133,14.57819412867922,7.468878946308
1190.0,43.868195483782856,14.890582243278159,7.4006578810415995
1191.0,43.53443244882132,15.247241638643725,7.301930182986392
1192.0,42.98159872372539,15.437720331573605,7.185165597373446
1193.0,42.53417733031239,15.377425408976604,7.131127487972409
1194.0,42.222228635102304,15.29417377153862,7.107249253349702
1195.0,42.0917058449064,15.301094438850594,6.9620963423475395
1196.0,42.113050856957614,15.391629981337905,6.648576798784564
1197.0,42.35953571263093,15.540303787008641,6.249517909296816
1198.0,42.82425521691488,15.679654353953746,5.973974908013423
1199.0,43.191703583882614,15.85531760528938,5.886172039977901
1200.0,42.83737646722091,16.032896491689005,5.972157413604044
1201.0,41.89062444338496,16.27160633545472,6.145439562180084
1202.0,41.14303281837225,16.49478167403331,6.377510506382754
1203.0,41.04848319055737,16.661443011380744,6.717178429504
1204.0,41.212538332056575,16.52855385807106,7.195717405874233
1205.0,41.33699752184712,16.114174400767745,7.805631013473285
1206.0,41.66919507015426,15.788744687008512,8.261656079055507
1207.0,42.12795638151547,15.745203592192114,8.315987416671343
1208.0,42.367924440417745,15.857723942818607,8.045523995517625
1209.0,42.140289563802554,15.99400936085121,7.7778326900275605
1210.0,41.601846101569485,16.073069474237965,7.794172812908976
1211.0,41.14183681976268,16.221903785594844,8.055799696434363
1212.0,40.71012178506257,16.452236979059922,8.369982824871908
1213.0,40.386163284918375,16.680665216492944,8.709600091593986
1214.0,40.04429881407,16.787260157575332,9.0292889702989
1215.0,40.00997988100807,16.839752913678247,9.254751520384538
1216.0,40.4086913804456,17.055655405904464,9.395515715831301
1217.0,40.99852886424762,17.36332720960411,9.442758598353693
1218.0,41.03562527493024,17.610683086991237,9.513919709528063
1219.0,40.39008810788891,17.68654785078582,9.70683998263204
1220.0,39.643727016822666,17.838838182359815,9.940499506422295
1221.0,39.25463605982513,18.234040534835607,10.123282723957637
1222.0,39.11368950936219,18.7800699788368,10.225703489481852
1223.0,38.887236034000146,19.1511634626699,10.211474677294834
1224.0,38.9553781664299,19.32832135350575,10.085687728495952
1225.0,39.313404987421684,19.447780276314056,9.964495726615102
1226.0,39.76937390627518,19.565112696034923,9.955862304374145
1227.0,39.96229821677045,19.554120083536652,9.983184894846266
1228.0,39.68067969723006,19.490164044180222,9.849160380903838
1229.0,39.13866521614506,19.418473710014474,9.614242198061223
1230.0,38.56180692948823,19.288182167659688,9.406549235976433
1231.0,37.88820645307571,19.041673382114034,9.196656027629233
1232.0,37.49588488491573,18.96035747806254,8.93833837878916
1233.0,37.78187061001073,19.213995063807033,8.648682360476208
1234.0,38.18841709384506,19.581191935103686,8.265366079527702
1235.0,38.2070195707793,19.871153837548412,7.8508064012339025
1236.0,38.082985808525486,20.079750400787898,7.564206251230243
1237.0,37.76282009873353,20.238712873268497,7.355168175628169
1238.0,37.23422191654261,20.047090432609153,7.084001602146289
1239.0,36.706772338554416,19.65877078827514,6.7960233357050885
1240.0,36.54365003496604,19.742120435952366,6.4534568227829405
1241.0,36.432086516358034,20.34688053819276,6.168527505469202
1242.0,36.09929914016479,20.836196597731526,6.079548027708603
1243.0,35.537708606649545,20.999849279760554,6.100089718705841
1244.0,35.072364007056244,20.957539496216675,6.057045795007824
1245.0,34.92625326761093,21.219178550669756,5.87287676892361
1246.0,34.82828284198966,21.728105138983235,5.562672345952513
1247.0,34.98329494777013,22.17745723074935,5.23369029683052
1248.0,35.38201830321796,22.799707063239055,4.993225322166759
1249.0,35.81360852896572,23.52895569587695,4.798947948256014
1250.0,35.67054900455102,23.89124752446806,4.58228010000121
1251.0,35.00586967047171,23.96425482983401,4.287646087834241
1252.0,34.185662874216455,24.34136855465756,3.930577619284034
1253.0,33.27279435557596,25.104617419638664,3.59346431700512
1254.0,32.431315611323996,25.74788437968078,3.2697364182015627
1255.0,31.81711123135622,26.256495196006828,2.9520522055498386
1256.0,31.3939697221762,26.757751521677612,2.706683303232006
1257.0,31.319679752497404,27.387046546436448,2.5241346015814004
1258.0,31.44962014545529,28.31035747044971,2.235243843456776
1259.0,31.512077766487796,29.44361420838081,2.093124133032689
1260.0,31.337562462853757,30.36895168869811,2.1039240830613606
1261.0,30.98700338506035,30.958438298226174,2.0675852831328014
1262.0,30.643405644107904,31.33239561330965,1.970702815244873
1263.0,30.313791685818515,31.646875133624697,1.9341180004550038
1264.0,30.303257150082732,32.05425705680736,1.9805599965816902
1265.0,30.529992779230465,32.714972093790124,2.0464822863638594
1266.0,30.698154945555068,33.73408647891545,2.033809697689
1267.0,30.822977130106466,34.75225458997642,1.9189719755057295
1268.0,31.001683237856867,35.52735461304757,1.7644753599605134
1269.0,31.16047040899034,35.91000938866528,1.6336979959910416
1270.0,31.177349450957617,36.07830389361437,1.5354063301772196
1271.0,30.94468387304506,35.99163552592052,1.4216433410774594
1272.0,30.81875920505317,35.847475935849864,1.2827460640224397
1273.0,30.88137619216602,35.72967980562895,1.151775690298097
1274.0,31.13073108965385,36.01621934644414,1.0347302623342867
1275.0,31.610194770054925,36.883947238226106,0.9111951792423936
1276.0,32.21384905395822,38.26836385549754,0.77145041400625
1277.0,32.79832958616311,39.904429241202365,0.6403565776532089
1278.0,33.17389769049153,41.011153240824,0.5627042735422689
1279.0,33.12677503808842,41.433964061653356,0.4995959260409999
1280.0,32.7009340235763,41.758460737268976,0.42760923462345685
1281.0,32.20627172624673,42.031018422870225,0.3611327055885124
1282.0,31.61830410046242,42.06514426262727,0.2990410180037449
1283.0,30.9561893578374,42.20639235803808,0.23518418417072634
1284.0,30.226019364536633,42.40576630484101,0.19093169076243605
1285.0,29.53904260168156,42.363728280432,0.18813174087123358
1286.0,28.8206193845592,41.95437128528075,0.2065648414854025
1287.0,28.23594267585012,41.316042438996696,0.2050504353425025
1288.0,27.934812573192357,40.77348679286872,0.18151789525768888
1289.0,27.785917476402712,40.40392482364275,0.14557322944836001
1290.0,27.84354009466067,40.15328200717983,0.1058164792008025
1291.0,28.041319197614026,40.02411726197919,0.0692958293458201
1292.0,28.432383501006242,40.171055394857284,0.044076877831603585
1293.0,28.766193966960998,40.372234302285406,0.031561888842355605
1294.0,28.773667831371196,40.394118497950565,0.024940529879004098
1295.0,28.328367447151194,40.146209083377094,0.025290528177601607
1296.0,27.73215866949692,39.76654987077044,0.034843945424008885
1297.0,27.36216886808461,39.52717411731984,0.04212722999565609
1298.0,27.036155568655907,39.25737644732131,0.0312758942040064
1299.0,26.58243037655103,38.96613001135022,0.007841803831681588
1300.0,26.12581438306623,38.544255269435965,0.0002533712631696021
1301.0,26.01533007903761,38.2064751341466,0.008045619978864408
1302.0,26.10890982224386,37.93051775338396,0.016525758111502496
1303.0,26.361475371790718,37.57758435631588,0.02535259425600042
1304.0,26.702365153021606,37.24853439932191,0.031429825851468085
1305.0,27.271437281986067,37.49899648802345,0.03218880927375997
1306.0,27.594183504935888,38.09051830584269,0.030304744659456435
1307.0,27.520081737833138,38.72360499476484,0.03628082467206757
1308.0,27.223724802379692,39.10568718025415,0.03884600935908809
1309.0,26.814220140811113,38.892530172706,0.035968969714716914
1310.0,26.363506659594307,38.128248897017755,0.033055716067536094
1311.0,25.857094620764357,37.34915336845744,0.0258648446667601
1312.0,25.507114595730194,37.0269775843133,0.012828962490300124
1313.0,25.527637213238776,37.07981319094416,0.002706789999312403
1314.0,25.866653449329,37.22413955697969,3.4753383039988093e-07
1315.0,26.072549483983103,37.43545365261361,0.00045127652029290156
1316.0,26.14978409750112,37.74540676268848,3.495647375998603e-07
1317.0,26.17352179180135,38.03404143679375,0.0009390277694736077
1318.0,26.235373972807704,38.30960300383604,0.00248267113348811
1319.0,26.20720740543601,38.44279749089535,0.0020064639133448954
1320.0,25.833219915890474,38.368381601559854,0.0012960986418768944
1321.0,24.98387610064002,38.30044448969139,0.0010166621528195985
1322.0,23.869492573383756,38.377500780890145,0.0005321284717680985
1323.0,22.912133102244,38.51000231296612,0.0004865046319225007
1324.0,22.28382955797452,38.73063910263024,0.0007427461763568969
1325.0,21.913669391630748,39.146926443845224,0.000821750449116102
1326.0,21.672376822707207,39.47302597125893,8.593164588099811e-06
1327.0,21.54498258347643,39.51718196357327,0.0014567229423615947
1328.0,21.43148935305323,39.28321314377155,0.002651772101529599
1329.0,21.24817633351833,38.85616058317159,0.0005940996757056017
1330.0,20.94451325157941,38.46341786548806,0.00035598482035359603
1331.0,20.533413042140047,37.89828809273811,0.0028313913650723993
1332.0,19.876667779780956,37.1296444531544,0.007933281416860904
1333.0,19.208604238783103,36.51677903425756,0.008097942730644889
1334.0,18.869063924478812,36.1760039164238,0.005314980093288095
1335.0,18.766383591219302,36.038135534091495,0.004822031648722499
1336.0,18.562022759995553,36.18043011179069,0.0065039466737024905
1337.0,18.198586554874417,36.143169942322615,0.009228232536416085
1338.0,17.848324054652736,35.860335722500004,0.0140538962237569
1339.0,17.62688331921924,35.5566374629226,0.022067105471000104
1340.0,17.328205662216504,35.276826467916635,0.0286515305658169
1341.0,16.84105822058451,34.90116434182615,0.03794644391434088
1342.0,16.394439546502657,34.35326430064301,0.04748615837597609
1343.0,16.2481731909092,34.10497150209551,0.05455289884598436
1344.0,16.367467433698383,34.16507102920667,0.055900809379590376
1345.0,16.484863902226927,34.007907290574,0.05146667557678239
1346.0,16.26327750750067,33.79646041540619,0.04171352827321
1347.0,15.759749435598911,33.95124898250621,0.03477176576017209
1348.0,15.19061046932876,34.20118463308486,0.03348380300163999
1349.0,14.756359030648433,34.28780823591899,0.031384925075568074
1350.0,14.560395806047168,34.60656107957621,0.025283607667239978
1351.0,14.589684411951815,35.387863323146014,0.017962617529596086
1352.0,14.625387360841481,36.189008034473005,0.017397747176270392
1353.0,14.417700715692567,36.84343884408653,0.021360547410150376
1354.0,13.920576727255789,37.55515292655985,0.01732782061363239
1355.0,13.52554569530649,38.162379012190016,0.0081717513971076
1356.0,13.348218474117104,38.45993012664185,0.0024847732562499935
1357.0,13.333406241139693,38.92891989500371,6.85999910560034e-06
1358.0,13.432431266991863,39.69926821900439,0.008890968063124904
1359.0,13.463080889458697,40.620503146283426,0.041647809676202525
1360.0,13.298416441026374,41.442978173655966,0.09410074051123364
1361.0,13.166241717339828,41.99348492545829,0.1614053123078401
1362.0,13.272983403088146,42.23586043320007,0.2362842755664562
1363.0,13.374754607089343,42.4921776404019,0.2924124659430976
1364.0,13.230635256731762,42.85066206905974,0.31819013856390255
1365.0,12.925391567522805,43.22347682401183,0.3521855374229285
1366.0,12.598623201192447,43.56787838019411,0.41644115481915056
1367.0,12.303414690524416,43.88668864576247,0.5311460292214758
1368.0,12.096279216226714,44.7516385501889,0.6924934610980866
1369.0,12.034952321854693,46.370441743598704,0.8782460740166655
1370.0,12.079116932405759,48.18658205251202,1.0465022589508246
1371.0,12.136611119969047,49.39838280401086,1.1981145708896404
1372.0,12.131165353815064,49.74628675553466,1.340361722361606
1373.0,12.058528426085855,49.37902877227497,1.4399415365934098
1374.0,12.014001233626924,48.646280508994884,1.4714904723270055
1375.0,12.030947044018115,47.799551893284,1.52298331128241
1376.0,12.116024750560966,46.89345364652024,1.6724217704689608
1377.0,12.262694917295347,46.128160787389405,1.9120626352686607
1378.0,12.498043470151842,45.65752415347622,2.1866127792512002
1379.0,12.751669690122963,45.29658340388431,2.452905289594637
1380.0,13.133783703164061,45.14933477179071,2.721692450892774
1381.0,13.65959113917233,45.48873617934243,2.982413499358233
1382.0,14.132429044117538,46.31107110419091,3.180746193468916
1383.0,14.514251980220802,47.003192452831996,3.370631731339681
1384.0,14.709807295539958,46.87900367975293,3.575776125908953
1385.0,14.689991419636051,46.214294541498745,3.6876657726361595
1386.0,14.559842290102102,45.44419377746557,3.681377686153556
1387.0,14.413832070026983,44.81238566962094,3.6090707698047026
1388.0,14.40805216635188,44.39862097297015,3.484144452679416
1389.0,14.558037655460119,43.99982420963188,3.415604974211092
1390.0,14.86396836112543,43.520946525219756,3.4246597716239764
1391.0,15.30771673730975,43.101628873918294,3.492723518178361
1392.0,15.88678235668593,42.99531963362509,3.531830056136304
1393.0,16.587913825602115,43.15108610357887,3.534474222789668
1394.0,17.34357032171034,43.29075836019227,3.491763800581392
1395.0,17.89405125531777,43.201781342758444,3.391733213556175
1396.0,18.102787449737445,42.96201099795156,3.1538252852695883
1397.0,18.164898442291026,42.557765990702826,2.8577842994430975
1398.0,18.14332610846276,42.152968135206166,2.6560988502028926
1399.0,18.103722057342676,41.99857478823295,2.593695916569803
1400.0,18.20612557836587,42.33477362145612,2.6214119510062504
1401.0,18.479434861654543,43.197447868850375,2.6929055494159506
1402.0,18.935626051511907,44.274965298902096,2.79836221629636
1403.0,19.53075633284394,45.14584912178789,2.8607179987911184
1404.0,20.19235162733081,45.622670722549586,2.888975194866074
1405.0,20.7561696836466,45.95054457022562,2.906869949367521
1406.0,21.25586653687225,46.16196378396255,2.896811114364368
1407.0,21.625332221738518,46.37571019641911,2.8478656050977205
1408.0,21.846161674109574,46.66150028834798,2.8298675937742614
1409.0,22.059981529085814,47.23584306785568,2.897196426409478
1410.0,22.21282720022293,48.2133346013867,3.0284881959321446
1411.0,22.26337122341929,49.404748348279306,3.2659276360375724
1412.0,22.124753614494153,50.43495902066565,3.5525227967965134
1413.0,22.057132538884662,50.8251713987556,3.8418647613616517
1414.0,22.317231637523598,50.72104283726815,4.074597796106891
1415.0,22.766798181112687,50.46250055433798,4.268442235275557
1416.0,23.065041680620844,50.46713624882806,4.415967487394122
1417.0,23.216523994369012,50.78534421204266,4.478582290659853
1418.0,23.328189802205184,51.33736228149177,4.429826914997159
1419.0,23.281382338159112,51.99717399392355,4.322623253391123
1420.0,22.928851557536643,52.6793226088911,4.269922130313422
1421.0,22.554130516301974,53.416773084469085,4.250236451815225
1422.0,22.569744996513013,54.09444839368755,4.216087089376563
1423.0,22.9031769842279,54.43579430144564,4.130487535424808
1424.0,23.406883104162603,54.495084604219514,4.1115790912224695
1425.0,23.82984116298615,54.57932228850144,4.2022758969877145
1426.0,23.900535961648156,54.775442816600076,4.35110229615616
1427.0,23.72775637468796,55.22419709885029,4.505639244183793
1428.0,23.44221217847259,55.7514752361501,4.633690548576773
1429.0,23.0983562327745,56.28328317196411,4.636300169528305
1430.0,22.86527393307198,56.9750977000072,4.506700970902656
1431.0,22.848074196361452,57.953241637317014,4.339336148299728
1432.0,22.92821345872078,58.95542478094096,4.194503436610716
1433.0,23.033705038034302,59.81582205930997,4.137748606779749
1434.0,23.114016501612987,60.761437570219776,4.119302098328831
1435.0,23.34928183342149,61.82498505542863,4.151952440214043
1436.0,23.859128712504102,62.78521534537731,4.2021382647845344
1437.0,24.587494889539975,63.66716904932391,4.10826928925956
1438.0,25.098203249834498,64.1984622584246,3.8819182021757292
1439.0,25.23584190584117,64.41581063958628,3.629858828290946
1440.0,25.172110806004042,64.3101397816033,3.4410966775732623
1441.0,25.050551528766768,63.838842380193675,3.3067019941439235
1442.0,24.89611983566537,63.364412617612274,3.1839000690698493
1443.0,24.87035062687161,63.303026669388814,3.095025232867825
1444.0,24.905058111190378,63.3101094243603,3.042996426467822
1445.0,24.926304590330002,63.161034515333206,2.981854575550374
1446.0,24.827938574525216,62.8270576131744,2.8916456301979236
1447.0,24.625059842903642,62.40291611302669,2.8137527519093135
1448.0,24.51182866774084,62.240541686556234,2.7558649755696356
1449.0,24.385044936386567,62.05198684097972,2.6707904182631963
1450.0,24.487478557958003,61.81295448076223,2.5415859048037444
1451.0,24.771505795649496,61.4767315791438,2.4314405968377537
1452.0,25.31490857712713,61.24636020778894,2.418348699632647
1453.0,25.78675683938907,61.26006384009673,2.5231517678573767
1454.0,25.90046169467015,61.24875577146006,2.7007118917511184
1455.0,25.467860084800346,60.52801504621205,2.7670198583955457
1456.0,24.99230209266903,59.46737429591481,2.6794463242740743
1457.0,24.953702654312337,58.45835397711969,2.5763036034325038
1458.0,25.3654006067844,57.642868962558005,2.524433772547022
1459.0,25.793617153744048,56.78691887410376,2.481518262900603
1460.0,26.10970039913104,55.774046788637655,2.370529482032712
1461.0,26.22207953835001,54.50656729410681,2.140780239791492
1462.0,26.383906848004493,52.922539135482154,1.8935724978979602
1463.0,26.825604373922875,51.394569746180366,1.7030698139948088
1464.0,27.79742851519329,49.94808028420353,1.645225449006097
1465.0,29.031041422290745,48.773702263986806,1.6306586891379016
1466.0,30.396854883023124,47.62630982258032,1.587550280789273
1467.0,31.68594001318543,46.369891803181,1.4903289565740905
1468.0,32.83642209625174,45.03112040984408,1.4223849219888405
1469.0,33.78074005682401,44.02955568107671,1.4095206053972285
1470.0,34.48589485729679,43.752880375507914,1.3931064139745042
1471.0,35.08701976624788,43.9009126377659,1.3652569877900946
1472.0,35.41889664708486,44.15830120763342,1.3492195427928102
1473.0,35.69401122034012,44.38809822567722,1.3943495935621566
1474.0,35.95522225260138,45.07988085538567,1.4199723332158467
1475.0,35.92511314528819,46.1401842289361,1.395234219592109
1476.0,35.470669447442106,47.015242858597766,1.379691902212237
1477.0,35.132671907524,47.49191040292,1.3859512791450628
1478.0,35.50990982596864,47.81815562522794,1.4506592609962488
1479.0,36.26175620573773,48.235524260074804,1.4856001979039997
1480.0,37.05067421640226,48.73481937353781,1.4345697770019732
1481.0,37.594192266946095,49.3266725165591,1.3438891033865363
1482.0,37.92327106820878,49.84472692356963,1.32373561847641
1483.0,37.993469170675745,49.83902635452415,1.3464466315301173
1484.0,37.62100823290702,49.632399935608106,1.3277206220097597
1485.0,37.10504139101337,49.57287984812916,1.2403262421904222
1486.0,36.57135142864654,49.62151286678014,1.1452110915295295
1487.0,35.95574764746677,49.5396632535249,1.0804759897726808
1488.0,35.27561673522433,49.27583163027864,1.03891002823481
1489.0,34.89208500191911,49.35638145285408,0.9851087936506605
1490.0,35.10453101652299,50.029528868643354,0.88832019905476
1491.0,35.61617595224811,50.82672129375327,0.7710310720140626
1492.0,35.77589657607571,51.554349101222634,0.6805518244669224
1493.0,35.37349481440517,52.13383189189633,0.6724296023258026
1494.0,35.014252066878264,52.55541858352478,0.707944553179248
1495.0,34.96570599085249,53.09036850061789,0.7386923766256225
1496.0,35.090759208596445,53.55181276878636,0.7247231655694277
1497.0,35.18916310222479,53.60061312183649,0.65866938440856
1498.0,34.94412621192249,53.301282455111654,0.5789589639958608
1499.0,34.593213854720155,52.94022198432999,0.5010544539039999
1500.0,34.484654485499505,52.70716614329282,0.43715806674849017
1501.0,34.6353941272628,52.79077328987437,0.35585680994502245
1502.0,34.66860087810333,53.10461419956403,0.2716932955378849
1503.0,34.19300363846656,53.34743347044389,0.20755134141868098
1504.0,33.409322609969635,53.383128061463225,0.1705971181987217
1505.0,32.59549160128982,53.19852196571025,0.14596659610806242
1506.0,31.89014613192322,52.90238479981454,0.12394717304014241
1507.0,31.19388477237898,52.72779213871806,0.09882798762125615
1508.0,30.933942381423904,52.84513461665212,0.07883959288353205
1509.0,31.33990963468717,53.26109446079601,0.06919130419776001
1510.0,32.03544797258038,53.883610439733914,0.0646685815480324
1511.0,32.56448578220601,54.50032630135497,0.05262631909423293
1512.0,32.82337261805921,54.62707745295663,0.03254810366346493
1513.0,32.86066554018574,54.35379384975651,0.013914332758540891
1514.0,32.93699321899448,54.06591811432711,0.003325139202560404
1515.0,33.03725151215249,54.08935172011647,1.524039630399767e-06
1516.0,33.007348893405066,54.20413538428381,0.002587390648959998
1517.0,32.81233080356353,54.418099016071,0.0055906321564809
1518.0,32.422623233235164,54.616678053138855,0.0053564599238656
1519.0,31.820461423803092,54.52362479837063,0.001389313802249997
1520.0,30.962303083321803,54.300446836747994,9.980009999999444e-07
1521.0,30.30894975166373,54.148806021519064,9.307563688900366e-06
1522.0,29.901117077670126,53.93970165984409,0.0016090439441520965
1523.0,29.312825096858727,54.010705216861794,0.010935784220490002
1524.0,28.52555163770216,54.290735671783565,0.036076907294208385
1525.0,27.755874713001813,54.474778102735534,0.08026332653930886
1526.0,27.234797855939302,54.36718918504811,0.1278038404613569
1527.0,26.82759856201372,54.19046878713305,0.15936824884282083
1528.0,26.748955812568127,54.274406261283886,0.1753415042692401
1529.0,27.05356454872897,54.52782800635966,0.18931151398632487
1530.0,27.35459109433718,55.10052147805349,0.19488980110056248
1531.0,27.119968790169978,55.80715271455062,0.18969056201104
1532.0,26.507999994351366,56.572519685805524,0.16842506559821294
1533.0,25.97674415286042,57.2668387602565,0.1665092339524849
1534.0,25.639663874880014,58.141038885736585,0.20655386105508092
1535.0,25.605057098330235,59.20687993244047,0.29446195723938
1536.0,25.681356764309527,60.22584310927781,0.4067959068546916
1537.0,25.789093412159623,61.11233829098284,0.5207128090747488
1538.0,25.779919981092576,61.53408343301231,0.6298192605489408
1539.0,25.775463035045902,61.482069336667074,0.7368204819709503
1540.0,25.771222632770787,61.01944288647272,0.8200760963150808
1541.0,25.9185872754648,60.56301272084321,0.863432320568148
1542.0,26.01541535984419,60.31937066544333,0.87598651014108
1543.0,25.946916616294565,60.14476882704421,0.8322307691182489
1544.0,25.818728701721163,59.77557424062225,0.71991814070401
1545.0,25.649934921769184,59.532583256213755,0.5774873278952569
1546.0,25.58947533936472,59.72885995406042,0.4739725589292225
1547.0,25.78556960116543,60.08855119421467,0.41364380050013144
1548.0,26.086152146165,60.539273660707444,0.37720858448014805
1549.0,26.132963492403466,60.967115535667865,0.3580868325887449
1550.0,25.87306241944242,61.80585864803483,0.35440442600793753
1551.0,25.37188539586759,63.057520064704825,0.3559270974459876
1552.0,25.007338338433097,64.6955337564245,0.3385915264749923
1553.0,24.819220598903357,66.14612964667384,0.3080572130421604
1554.0,24.77296659548622,66.96747205226141,0.26387933730409685
1555.0,25.006416811701886,67.2359923917167,0.22836458252750486
1556.0,25.574026772513612,67.29649838320248,0.21457777120516
1557.0,26.08811528659286,67.39162400455683,0.22016662949548893
1558.0,26.209440388204605,67.60200868902214,0.22726199653760162
1559.0,26.196953534152314,67.51073766379706,0.20223379554497434
1560.0,26.34151189925103,66.95512195905988,0.18425614628046239
1561.0,26.69708729429866,66.17943256490861,0.19044631284240252
1562.0,27.001799117656294,65.59076229039376,0.2169195041845924
1563.0,27.23898309854832,65.4785850510792,0.22224704633172246
1564.0,27.458334757715406,65.78251316552547,0.22224093662989683
1565.0,27.50987897939377,66.09289001962144,0.21698064233547604
1566.0,27.435702215682017,66.35052827470889,0.18707348119680636
1567.0,27.52225129923385,66.32446741115191,0.16878966171923604
1568.0,27.762966727543958,66.23376046168,0.17308594497528013
1569.0,27.950145754969263,66.3543821690688,0.19891205737953635
1570.0,28.088202692750603,66.54482501225132,0.24066818695071357
1571.0,28.509889476325487,66.81782536141674,0.2871690249127716
1572.0,29.45536787276321,67.08522249594874,0.29095869259045687
1573.0,30.754250004887094,67.62452400006119,0.24767738972368086
1574.0,31.69115946153682,68.41962695021574,0.19618725951669605
1575.0,32.00604848695654,69.0462362160541,0.1566800747471556
1576.0,31.715674437855757,69.33921078596629,0.13367530076266884
1577.0,31.27938566570148,69.59175959911636,0.1265631711215524
1578.0,30.926720767928035,69.88503417697268,0.13743640280770558
1579.0,30.812285205006983,70.25017304310602,0.16426176738084
1580.0,30.69816004289953,70.49545757426642,0.20747551282704
1581.0,30.387833201507608,70.64391338164407,0.2433582388810609
1582.0,29.860322982310798,71.01190608962693,0.24935810256213606
1583.0,29.28028599476877,71.59124834471575,0.2259541904860321
1584.0,28.869917009557295,71.83124657749171,0.19220808926208485
1585.0,28.62117578331654,71.60248131520599,0.14794389090756252
1586.0,28.60769225967745,71.38788309313848,0.0921276198811024
1587.0,28.558103536473055,71.29942812678728,0.04828409866914489
1588.0,28.286280248721948,71.37500279881236,0.03046226376473639
1589.0,28.10280965203723,71.92184506335502,0.020644557354979606
1590.0,28.335868645434953,72.40253217054007,0.0155849232313681
1591.0,28.6174834178297,72.37380925519683,0.015374204532417581
1592.0,28.622507597000503,72.07316774208438,0.020771329595664394
1593.0,28.200051203213768,71.74854353158143,0.05356771380899998
1594.0,27.68408350716089,71.47130345377224,0.14499047640882248
1595.0,27.552932705376566,71.53628419597273,0.25838395623163235
1596.0,27.584543380591107,71.78920949082574,0.3375847865590208
1597.0,27.64805171853376,72.31592301066375,0.3641825342661443
1598.0,27.360312353499797,73.06817543813655,0.38115559488399997
1599.0,27.082451977011313,73.98006584881556,0.4405332915873123
1600.0,27.069914613132866,75.1210545912889,0.5309818875198016
1601.0,27.453710380959745,75.98960077119403,0.5832486567835523
1602.0,27.903080483933216,76.44425251732733,0.603089527482792
1603.0,28.31235480799768,76.5987940502317,0.681483947326568
1604.0,28.658606759827567,76.47986700824036,0.8580924193025283
1605.0,28.826788532135232,75.9529007294429,1.060955558927381
1606.0,28.93767044160022,75.48843548591375,1.1851051744351295
1607.0,29.08524619872269,75.50724549716986,1.2374956769585086
1608.0,29.55778126410278,75.90134574315984,1.2543815648677328
1609.0,30.235215496900533,76.43083695332038,1.278841421982864
1610.0,30.84369176509667,76.38768233082217,1.302063977188832
1611.0,31.060228641826377,75.60267389630762,1.2921431799970573
1612.0,30.758901207691224,74.29789997255915,1.2639742636092102
1613.0,30.17422528248399,73.21668021028515,1.2345132993691716
1614.0,29.90683795438738,72.55783748613253,1.2546000847780623
1615.0,29.755939137606223,72.60397657314681,1.2812330613532357
1616.0,29.316269019078003,72.5704591168489,1.2894849082029118
1617.0,28.691902415953997,72.27808043788166,1.3488513536803597
1618.0,28.297470064302498,71.95115522567119,1.4733001227180627
1619.0,28.130794590563116,71.84204998040286,1.6251344680100646
1620.0,28.066002487507355,71.79741466502696,1.7631065366408485
1621.0,27.992583475251177,71.58652151044177,1.882157544491201
1622.0,27.731887464301202,71.36459985164527,1.9851034136115204
1623.0,27.373074259533727,71.1837625864318,2.0812398303840784
1624.0,27.2350546164344,71.16391632301004,2.1424950618805445
1625.0,27.284822185005,70.9980673379113,2.1480336010617798
1626.0,27.33689550838749,70.79007996631913,2.084131472453537
1627.0,27.229955433559677,70.51110132273611,2.069820399063962
1628.0,27.043549428472037,70.50599682480369,2.1142593668304897
1629.0,26.8485209230381,70.29073799607355,2.1567443988202224
1630.0,26.51571685375397,69.97126291935459,2.2073246064238328
1631.0,26.39449521628559,69.83883075050825,2.2606893356980318
1632.0,26.765403245076236,69.84770529143647,2.2811723166463005
1633.0,27.4721322327268,70.0863599722385,2.272626469892424
1634.0,28.12841745649131,70.18067292987274,2.2596112621761155
1635.0,28.33270529534235,70.20506314052365,2.2407872997834026
1636.0,28.128472614198074,70.33052734664143,2.2189357176855626
1637.0,27.786502902835387,70.44729503368193,2.1611835134987447
1638.0,27.46648398569357,70.39064753069262,2.033191893684144
1639.0,27.118527114193938,70.1685651068904,1.8814776012977295
1640.0,26.90282618922704,69.99191415965602,1.750841435400322
1641.0,26.98056456055326,69.88314556022686,1.6554011629811234
1642.0,27.20495978323876,70.33701667059022,1.5560278660795714
1643.0,27.392509299226035,71.28441009253102,1.4757428301784334
1644.0,27.524058947661036,72.35533738637929,1.4223075208486224
1645.0,27.354690676706017,73.02132371096734,1.353937755168656
1646.0,26.780325782335783,73.11965470028984,1.2491810876232898
1647.0,26.082525566709162,73.088837738401,1.1661717207703761
1648.0,25.623612363403492,73.58410155942974,1.1431294498541826
1649.0,25.43546637166266,74.6019410748119,1.1171257783377242
1650.0,25.35986720620426,75.50892327331943,1.0412887729299365
1651.0,25.377899386963236,76.13735743601417,0.9426696262880624
1652.0,25.40127028426994,76.41517718850625,0.8748934283204645
1653.0,25.23591655553479,76.2776964776971,0.8216713269703745
1654.0,24.89557996374559,76.08215767267532,0.7791281663088168
1655.0,24.7299238778529,76.80679786790553,0.7396269182449225
1656.0,24.69034604038914,78.24095326498187,0.7160412901123728
1657.0,24.58495328735942,79.252727896576,0.7006166595905408
1658.0,24.399543144217,79.22839416375022,0.6840003719619224
1659.0,24.480037496448695,79.08002987649597,0.6427222646741522
1660.0,24.876757462766673,79.07701136880485,0.5953094938315204
1661.0,25.378726777047298,79.77678275031788,0.5590306012185801
1662.0,25.982257893337884,80.68443656669353,0.5699255406388569
1663.0,26.616124915909605,81.423824759928,0.6205255952261809
1664.0,27.129388537056972,82.52668183081325,0.6652762276994089
1665.0,27.31950252967782,83.5677533887692,0.6977273095385328
1666.0,27.170381117715262,84.07463483605062,0.7198001728917445
1667.0,26.97336940158734,83.69043799316978,0.7335111245629696
1668.0,26.721343855297878,83.17107323966611,0.6919253109474304
1669.0,26.62301325163043,82.80569193403163,0.627339543234336
1670.0,26.807621080890673,83.30616610355173,0.5963982345126977
1671.0,26.99479315858288,84.24934820980667,0.5810615900940814
1672.0,27.322041143860023,84.77438728509655,0.579217940236416
1673.0,27.7127493093858,84.99553065790627,0.5624161981214569
1674.0,27.980833414532736,85.43399160373998,0.5454990869568099
1675.0,27.963658942169758,85.92669885267688,0.5231572048774449
1676.0,27.73180099488462,85.84725264633055,0.49582591278186483
1677.0,27.32296905747507,85.45201114226049,0.44268440815280885
1678.0,26.869253530833845,85.14056969272914,0.40605148220645604
1679.0,26.37570075469474,85.3570049125548,0.37795250569769634
1680.0,25.73124833911288,85.88208177392877,0.32808128154243993
1681.0,25.148042017871532,86.81474312650471,0.27641246314532486
1682.0,24.852475379645004,87.598835956248,0.24728029729257953
1683.0,24.747308079635555,88.49285084240064,0.24558196344755287
1684.0,24.62091703841962,89.2609129357724,0.2434376787075216
1685.0,24.417340073490255,89.67992572904605,0.23049040246610553
1686.0,24.34362429329822,89.58443972059437,0.23314034662828811
1687.0,24.194551630218054,89.12873957096342,0.24557313260728955
1688.0,23.735391681411393,88.28643193147427,0.22884018178410487
1689.0,23.267963895395077,87.44067753180343,0.20148928632033636
1690.0,23.025416548424424,87.27976660327424,0.1795640286000016
1691.0,22.896715465126565,87.80318700774683,0.17695549183020837
1692.0,22.74481242061571,88.37393003297726,0.17851910268134402
1693.0,22.692940014391354,88.47018070612332,0.17919472566344039
1694.0,22.857432320076985,88.43975029075958,0.17042835294549613
1695.0,23.064541635806954,88.15703138406181,0.1383325051114084
1696.0,23.066076942374746,87.81249405897377,0.08762217466878486
1697.0,22.9243963518307,87.55136857697875,0.04798642488864158
1698.0,22.710961373971582,87.50629195442885,0.032087392100611574
1699.0,22.328140377346465,87.70356045462074,0.02636096443235999
1700.0,21.7871403349447,87.89086425016279,0.02252436959506409
1701.0,21.294087115099796,87.8896728775786,0.022148514517012906
1702.0,20.78187123678762,87.66219237048101,0.024284213739244904
1703.0,20.374423571305467,87.93353342322195,0.02395786376755839
1704.0,20.033920629439713,88.36386062216863,0.01780069893894758
1705.0,19.61421461149432,88.37716918195248,0.01557346506381609
1706.0,19.252770147976538,88.12412606876072,0.014864954576486403
1707.0,18.963951205691608,87.77132869601503,0.01751891811690248
1708.0,18.684889692992794,87.14162644082785,0.017779896952038403
1709.0,18.35399597397783,86.25953567873738,0.018802769235776087
1710.0,18.056972702916102,85.40161219770252,0.022158808364722508
1711.0,17.88810138677256,84.8116389592793,0.02555268108624359
1712.0,17.841685765927483,84.4833369444127,0.030639292167088873
1713.0,17.879477597956395,84.01211731862625,0.0384355280010361
1714.0,17.712160514776336,83.21433142194586,0.0426095590578889
1715.0,17.526549816290622,82.5452045483527,0.030720680616385575
1716.0,17.536498369430067,82.41401935998054,0.01348032226094409
1717.0,17.458634878980803,82.7537136917625,0.0041734881744515985
1718.0,17.18107051213014,82.7753548283783,0.0019410500890224996
1719.0,16.6855094257958,81.65804886560585,0.0018453364964643943
1720.0,16.132958677151702,79.84129113304907,0.001690264790608899
1721.0,15.603885848772176,78.06890919461186,0.001913070378595594
1722.0,15.09952192073471,76.97742547221043,0.0035221198215024964
1723.0,14.655690394411012,76.70966269839566,0.005441568813660097
1724.0,14.447239223084807,77.17136837700801,0.002689146374720394
1725.0,14.44748332127963,77.59371364242435,1.4669819214399516e-05
1726.0,14.610589705323614,77.7549168702625,0.0030131470337795975
1727.0,14.789693688486928,77.48746443873473,0.004826375457294419
1728.0,14.90262052586874,77.51721459787322,0.0016498690412164057
1729.0,15.050557415632946,77.83729639510524,0.00030100133337209687
1730.0,15.120571769701842,78.12309215213638,0.006299417525076888
1731.0,15.026428505039064,78.25561147303922,0.01810500496742559
1732.0,15.123053445899224,78.28268395551005,0.0255313197261529
1733.0,15.313599444749114,77.97540961186596,0.027909541441020074
1734.0,15.458266462680038,77.51960060486655,0.03503442072902558
1735.0,15.735176646740282,77.7479798264926,0.0500003766663696
1736.0,16.18190940886885,78.34774807541724,0.07161921729622886
1737.0,16.423683231930493,78.87444929505716,0.10418104743139205
1738.0,16.05959747467642,78.98230055553772,0.16861519834539604
1739.0,15.42085100926394,79.0485980339056,0.26150066782824954
1740.0,15.025004351721003,79.653393765625,0.32084210658414763
1741.0,14.790982576891626,80.28396259018177,0.32063293570426804
1742.0,14.676227551653993,80.09601209737724,0.30906709320028086
1743.0,14.909394506317623,79.62695084197077,0.28875351269240995
1744.0,15.566883054572108,79.18166582430477,0.2559839048901904
1745.0,16.268996485713046,78.90285245827461,0.2371352618399296
1746.0,16.613266096312508,78.73598280436762,0.27202113053660243
1747.0,16.548130799354787,78.33992484904336,0.36473109462068404
1748.0,16.51993507746729,78.17390983468917,0.4571385654152529
1749.0,16.71745117165608,78.50567063496105,0.5005321245407024
1750.0,16.946433762069532,79.03095283856283,0.5009993562190864
1751.0,16.71578179794807,79.70644544880234,0.5117826947142121
1752.0,16.078995985750275,80.42618715380551,0.5391472783369201
1753.0,15.45432156777828,80.4930136508704,0.5874288020361216
1754.0,15.16881038382649,79.55682127870456,0.6699758744018915
1755.0,15.137943810891127,78.7457009976185,0.7809754607769855
1756.0,15.2841878261101,78.6590925313349,0.9166160046204225
1757.0,15.398567402488709,79.13582626055742,1.0389437867102462
1758.0,15.261762566723746,79.94562520720807,1.100204698895345
1759.0,14.66041034850574,80.85805556042334,1.1511140022980362
1760.0,13.852506112920253,81.6498846061008,1.242526595213033
1761.0,13.340967000082326,82.10778473315716,1.3345051767016225
1762.0,13.265273376395292,82.42568473657902,1.3485933957134117
1763.0,13.372011299260167,82.79900210517847,1.3278477201675625
1764.0,13.546713008949123,83.28956853102912,1.3508405902046225
1765.0,13.723938686197242,83.67298166816792,1.4671189316349225
1766.0,13.888446430464361,84.01860335599241,1.6321482088869135
1767.0,14.192988259190228,84.37836387914574,1.7538321499499583
1768.0,14.46670437091665,84.71218772930018,1.7940252826030436
1769.0,14.493767670320336,84.94323631269025,1.863284050367857
1770.0,14.418156670832543,85.12102712566094,1.9664619493592834
1771.0,14.366538362071589,85.10920760288312,2.05107327164506
1772.0,14.511945339919377,85.07708645739528,2.1033778056030754
1773.0,14.740124130868825,84.94102142613971,2.172424307049744
1774.0,14.877531448169703,85.02986385508648,2.2567735101677
1775.0,14.882423244139874,85.38136718955482,2.318409334171817
1776.0,14.810381907790815,85.3603414762626,2.3641271631609855
1777.0,14.786401382387181,84.8789276978736,2.436430007068104
1778.0,14.734244772538169,83.92189881304154,2.5134681741580938
1779.0,14.585219894649605,82.82889340552703,2.6079854686997055
1780.0,14.344046079479837,81.84012045808475,2.8052625752050764
1781.0,14.346949384281624,81.54711348076351,3.0633829036250178
1782.0,14.925365512496324,82.07316357415296,3.2821769945162025
1783.0,15.580334237070105,82.90232356018511,3.441962543752236
1784.0,15.847758521185954,83.31017300182123,3.6139969577363718
1785.0,15.8657030761698,83.07622336911746,3.8158260991228814
1786.0,15.818390211211321,82.75839520815865,4.010020107311971
1787.0,15.820454940291604,83.18653004222497,4.154553561292839
1788.0,15.967327656458377,84.18753685287275,4.2331611151939725
1789.0,16.221116713252567,84.60245418070137,4.241734009972761
1790.0,16.570002544878243,84.037587558515,4.229633874338317
1791.0,17.043802072827724,83.146458667024,4.25828412453466
1792.0,17.5583211054462,82.93582650481522,4.323785211200821
1793.0,18.085995685826887,83.356442405028,4.395025327692665
1794.0,18.7907588448982,83.76298906905006,4.443388994574953
1795.0,19.50959315046158,83.74578452572183,4.4784409675232535
1796.0,19.811176581215545,83.45922335426788,4.517460974080803
1797.0,19.647194721543986,83.12309715187533,4.651845811006717
1798.0,19.298645982622652,82.57729852865113,4.975662595369648
1799.0,18.95924426147125,81.72741933239384,5.333771727826082
1800.0,18.61603704187113,80.31582708409785,5.774336669926503
1801.0,18.486837055276837,78.69432448303824,6.4062143556050035
1802.0,18.7167573893285,77.7600674762556,7.019096275536444
1803.0,19.275465959957227,77.62701914560331,7.234646988748608
1804.0,19.957578236881492,78.01826645208959,7.267431022811981
1805.0,20.717801655399818,78.80608617229821,7.384213575141902
1806.0,21.50546790848537,79.76460258282961,7.646486832161548
1807.0,22.224147971110288,80.30095422873521,7.990336234486157
1808.0,22.64020135256464,80.1574083483663,8.406650079656416
1809.0,22.599410993747096,80.1154309448184,8.899638142714778
1810.0,22.295114860397497,81.07976880941884,9.511962470877242
1811.0,21.81226365048641,82.5561241536456,10.172506654673091
1812.0,21.247536713785404,84.26553129676577,10.547078857790222
1813.0,20.826764230679597,85.76473092953249,10.59220082472582
1814.0,20.556802530879438,86.79933499578225,10.38575958251469
1815.0,20.433001614017332,87.34186232443545,10.1805693616302
1816.0,20.35580567802836,87.56580853603458,10.06953447507888
1817.0,20.264339897776438,87.70782851980782,10.00416932731171
1818.0,20.258523626752176,87.89204813076078,9.967140487819067
1819.0,20.26542443608224,87.96113557367124,9.87426598419687
1820.0,20.23905558916677,87.68477972942952,9.632728610990787
1821.0,20.31778757555844,86.95242711390195,9.275718160984576
1822.0,20.277360956007254,86.08645248025896,8.9356005564713
1823.0,19.909400450903824,85.84793087343122,8.926061784217401
1824.0,19.38102573760105,86.589305430586,9.067288643173331
1825.0,19.074999559892127,87.69191075922471,9.139747793314498
1826.0,19.17350226845852,89.00808053812015,9.313740630590306
1827.0,19.46620708627415,90.55523500872607,9.430758408696917
1828.0,19.911832401745812,91.9402372148569,9.202950232114063
1829.0,20.42191638887611,92.62576344107663,8.778247007009634
1830.0,20.779351620887507,92.45843987355218,8.429408937278911
1831.0,20.878783411508945,92.06357921683961,8.184016149906803
1832.0,20.798551633951273,92.26293054791867,8.100732281556532
1833.0,20.461109382521805,93.2178241149676,8.168526055451956
1834.0,19.938569372516746,94.33358243627339,8.416933124311813
1835.0,19.367061059717386,95.15891117735924,8.706168829597932
1836.0,19.12746078924247,95.12591287160195,8.827440201448706
1837.0,19.23063586086451,94.36053046432322,8.720565253558503
1838.0,19.59871494776009,93.08981523048419,8.478996389598858
1839.0,20.084674025011836,91.86280567854448,8.258581428688553
1840.0,20.526368074212247,91.01442176307145,8.197163182578945
1841.0,20.884357818718865,90.9524366233237,8.247030252189774
1842.0,21.01975650846865,91.96065965308968,8.206912939736421
1843.0,21.004673616927363,93.310860670977,7.93587791978514
1844.0,20.93379879780493,93.92530618657773,7.526841139249388
1845.0,35.139210833618954,136.5610214328987,7.782296202109959
1846.0,35.26257387019562,136.88858055967964,7.609882125458192
1847.0,35.54056868206285,136.87691877652568,7.545792592891572
1848.0,35.3363878380319,136.81893172640625,7.395620040392544
1849.0,34.84740790252589,136.74052886443235,7.220316433279622
1850.0,34.36654604802169,136.75436252176036,6.979819328934951
1851.0,33.94953791477824,136.56001200390352,6.790748321915346
1852.0,33.28674346384359,136.5387994326316,6.541970629265417
1853.0,32.51819671903658,136.84253019602943,6.196039624391322
1854.0,31.704798706418064,137.33480982494157,5.8393725939651855
1855.0,31.123876279979743,137.62968562694175,5.5933009640579225
1856.0,30.897820621300262,137.56458476769728,5.3902237930788015
1857.0,30.955662910607813,137.63154813696434,5.116372156450807
1858.0,31.17657209753028,138.04665299476142,4.869109333122105
1859.0,31.23085432330842,138.31108881369076,4.642223723998922
1860.0,30.895313196369678,137.54451307817254,4.441041360523065
1861.0,30.25310427963685,135.86329109431853,4.2335290801822225
1862.0,29.56455894260581,134.55925713702524,4.08795789252601
1863.0,28.961335488531695,133.47368452060854,4.001119718349607
1864.0,28.51010871519135,132.40630999952302,4.032431231401273
1865.0,28.1257501155517,131.48042846622138,4.075296168188237
1866.0,27.775054206971195,130.5474308019014,4.144651101724225
1867.0,27.47861002477927,129.53505634763184,4.3307850849787455
1868.0,27.204803829924014,128.31637813380215,4.502313751775298
1869.0,26.9796466348616,127.11047816520774,4.6005178930736035
1870.0,26.665126739667123,126.07600518622466,4.610127901562305
1871.0,26.40552207948633,125.16533298352742,4.440566370259219
1872.0,26.22856209141881,124.60011832407812,4.055018096927002
1873.0,25.850156316164004,124.17079347084159,3.6075848960636354
1874.0,25.16407843748862,123.48509549877564,3.2071912876523583
1875.0,24.37346819329252,123.08000801691755,2.8789198067092396
1876.0,23.75545771516126,123.50229784722791,2.721434336303161
1877.0,23.3674042126465,124.7416218937096,2.7787431060749377
1878.0,23.027425236231004,126.03748430924456,2.9655996165578893
1879.0,22.651114392983324,126.5147741251258,3.1609449800497154
1880.0,22.23466755476151,126.36881653207111,3.3327348150146436
1881.0,21.79870975623015,126.1521716716326,3.405974779922023
1882.0,21.484417972861117,126.26159441561275,3.296567528595944
1883.0,21.12299824208121,126.80339286696557,3.1137810090709923
1884.0,20.622870001730632,127.62308293741614,3.120900504441844
1885.0,19.963597337876514,128.40610837646844,3.296849177496472
1886.0,19.427155496050087,129.19894266332082,3.357257107650164
1887.0,19.323387590156496,129.85497661047611,3.117840078377236
1888.0,19.393268864311942,129.91401464461168,2.9377745750390623
1889.0,19.36979651899161,129.52453131948718,3.0055284533160003
1890.0,19.325354162066674,128.37160085960625,3.2656584428946243
1891.0,19.484730816461447,126.5128226257056,3.3333057341964896
1892.0,19.725283015235014,124.83344882977875,3.0436991188620026
1893.0,19.688937568628553,123.33293428951043,2.7476285769036726
1894.0,19.480866506985173,122.11797601535007,2.628200696261117
1895.0,19.466899961161005,121.37956003070617,2.5909536779644817
1896.0,19.396800855814803,121.52106678768152,2.516906542789299
1897.0,19.701227484297995,73.55785280209273,2.735345781166086
1898.0,20.341088604012157,72.72075312343296,2.8538276387621053
1899.0,20.65072829151642,72.89217375861865,3.0790090440928815
1900.0,20.61164349322294,74.04402073696292,3.2976782159961027
1901.0,20.523527484100008,75.13199200657655,3.340646850115322
1902.0,20.4755469890743,75.53244295052647,3.26437812021618
1903.0,20.351456141027793,75.68072538813162,3.0651153381285265
1904.0,20.23242060690461,76.05024710462129,2.854635937870904
1905.0,20.261544054780597,76.3756537611039,2.7358152409000005
1906.0,20.548407489814117,76.22380555690016,2.7005583689735047
1907.0,20.834946627714086,75.76002474039132,2.6648551297945593
1908.0,21.049177569330595,75.4012929786394,2.624637626978756
1909.0,21.25963239310928,75.2766690714566,2.6617744014199207
1910.0,21.451876775747724,75.2983889339152,2.7223062604468646
1911.0,21.748996231279243,74.98357312781913,2.744771622323153
1912.0,21.99439428006943,74.28571646262243,2.7083539325817525
1913.0,22.004583714667003,73.82634007391731,2.6293753670566145
1914.0,21.769853689837063,73.90332722871571,2.4678981667466116
1915.0,21.442034884859158,73.95033580772036,2.32342586012944
1916.0,21.214159407218602,73.24302704096029,2.2401557313564
1917.0,21.120822379093376,72.28780495408566,2.1719128003543875
1918.0,21.104173091005624,71.86811662709238,2.0803509353603085
1919.0,21.141728422063053,72.03197584798392,2.037082097516823
1920.0,21.09349411129247,72.51948730450576,2.0476936863131905
1921.0,20.87891820698334,72.69531789036328,2.0925059188461157
1922.0,20.499477878250705,72.37548775122926,2.171108153309525
1923.0,20.07716071004007,71.71810362043146,2.235424571556977
1924.0,19.755974219117874,70.87887485316057,2.30276345669881
1925.0,19.48728439830739,69.94746333886918,2.2928187202078094
1926.0,19.00523013596135,69.04633110950883,2.1720650699525623
1927.0,18.540712977327555,68.262333424213,2.01247033405261
1928.0,18.23140407888453,67.51980289484702,1.9152698011652527
1929.0,18.184817808392605,66.42991638100679,1.8643255162573635
1930.0,18.231610482801,65.08612183846482,1.8219058324352064
1931.0,18.211999645948808,64.25818979438917,1.7408889541447998
1932.0,18.148746469306392,64.3667612243174,1.647177908162004
1933.0,18.02185387730147,64.97379372065387,1.5768856851143878
1934.0,17.815928853574807,65.38183104492443,1.5299811302068835
1935.0,17.43955429727418,65.24952744130655,1.4778942498118275
1936.0,16.951238427187953,64.62217569383313,1.3874283857722496
1937.0,16.484448388516075,63.9854793837196,1.3108396997480463
1938.0,16.27471049868173,63.66090220309748,1.2591228851316025
1939.0,16.4702570752566,63.803371578759595,1.2096185500675598
1940.0,16.828181033315563,64.43992267709568,1.145644434371796
1941.0,17.003066115719406,65.03893672569217,1.1203356663728097
1942.0,16.86039933198756,65.1903210275784,1.1348253560225126
1943.0,16.707973850259325,64.43803062147182,1.1478019431399362
1944.0,16.791731348167684,63.45119263318797,1.1102730265816034
1945.0,17.02211432609798,62.961488089542435,1.0893463868010564
1946.0,16.94275454056191,62.69488948630919,1.065637777525129
1947.0,16.852436985377118,62.23127908443859,1.047192807168872
1948.0,17.064502690188906,62.01106766372921,1.0578627499527025
1949.0,17.539255968350464,62.68465460866338,1.0931968846275135
1950.0,18.00404119679029,64.31393652358481,1.1465644973373506
1951.0,18.373678463918413,65.92455535470268,1.1908148643287295
1952.0,18.649217429567557,66.74437994232416,1.2260841017457123
1953.0,18.99695923572301,66.85516157121033,1.2721580490720257
1954.0,19.331468159967912,66.82510911431852,1.3779010499040898
1955.0,19.490107535208843,66.66103640022584,1.4394128278683023
1956.0,19.660852079049288,66.47491043348897,1.4172037972084164
1957.0,19.88719412079649,66.33517506416716,1.3522215644343842
1958.0,20.049704959932296,66.45186215217734,1.2734990240143393
1959.0,20.142519019025567,66.42671166076023,1.2257407782859684
1960.0,20.13842038874882,66.01270945719153,1.1937432277722249
1961.0,19.950455707604885,65.10938860833242,1.1919343733008008
1962.0,19.96092141456609,64.4392928450583,1.1609969835184901
1963.0,20.15040788376912,64.40611309341612,1.1384149940827024
1964.0,20.35784846507256,64.61582632960899,1.1274803367997128
1965.0,20.341404042300482,64.8456756362088,1.0846323912410596
1966.0,19.978889533975515,64.88968456157475,1.004356153714004
1967.0,19.42784961498784,64.76751201792835,0.9548858923737168
1968.0,18.832298099119384,64.45843176919273,0.9468950983846224
1969.0,18.335040907942094,64.02544492857703,0.9120552928515395
1970.0,18.06313232053387,63.51283764444374,0.833606049951684
1971.0,18.180671375236024,63.088363182240336,0.721141166504096
1972.0,18.571637607823643,62.558626867997354,0.6167994712242724
1973.0,19.06941542938348,62.24444583069289,0.5415574347823394
1974.0,19.414827827449567,62.26424535373033,0.49068835558208007
1975.0,19.600336076103826,62.5471897639403,0.44144981700561
1976.0,19.561472444752923,63.03590891538523,0.3933578381316516
1977.0,19.441245700039843,63.689524339618,0.3343325515321009
1978.0,19.43906760498564,64.2505288559404,0.2561537192480161
1979.0,19.49444103978092,64.60015529955595,0.17527865732944353
1980.0,19.606757054564202,64.98235729617878,0.1219031667353956
1981.0,19.52911696089361,65.47717286311529,0.09450577753712641
1982.0,19.4428468981751,66.12273169596402,0.07613355159514806
1983.0,19.422218741138327,66.94385235959884,0.07135677001853438
1984.0,19.552362111108096,67.88740964478143,0.0755781582556324
1985.0,19.534841362288745,68.69126938726532,0.08786729448867235
1986.0,19.33783861766328,69.51970943786097,0.10073757375074885
1987.0,19.038525817725443,70.54760029680637,0.11974901759624411
1988.0,18.864863738706614,71.90991935440316,0.14350391052480999
1989.0,18.820009954468535,73.54500477746485,0.14276663998877287
1990.0,18.643080692024288,74.9507498127302,0.10029296779742247
1991.0,18.273792695428774,75.77748741030544,0.05873061918288007
1992.0,17.702959477632252,76.40066878172071,0.03976825264364409
1993.0,17.135584435225002,77.18075566669178,0.03602711482560997
1994.0,16.667977458175034,77.9251690244466,0.03558873572105288
1995.0,16.433746198576724,78.06442710472146,0.029049186836768392
1996.0,16.499380204099268,77.69196575786724,0.022180755517202496
1997.0,16.583706129821703,77.3816427103763,0.014683281261668093
1998.0,16.522888536324075,77.53708737081317,0.007085235340345591
1999.0,16.359255505703526,78.21372668800213,0.0006069630450243944
2000.0,16.21701628745235,78.97111445689666,0.0016919944384995971
2001.0,15.971325179109124,79.49783353658115,0.008243971725542388
2002.0,15.760076950345395,79.80523034149039,0.010526386539312397
2003.0,15.554164607965927,80.03510153028324,0.0091452958114816
2004.0,15.214559207605182,79.82570016538622,0.006423709918802504
2005.0,14.60391452816679,79.28109668644488,0.006144280339411603
2006.0,13.892967832220206,78.76527887538025,0.01171573740534759
2007.0,13.30173696807353,78.82986416010145,0.02475114618550094
2008.0,12.81256811126045,79.2772147709656,0.045738139847152914
2009.0,12.352985132625076,79.76839816817703,0.06935863181447287
2010.0,12.178342848378062,79.96640615888694,0.09665478699586089
2011.0,12.435817793941343,79.703952277849,0.1214119806785285
2012.0,12.898803436951779,78.90397701561591,0.13440466649825644
2013.0,13.431452135917597,77.90901814186876,0.13090059313549696
2014.0,13.988822408306097,77.04035015980054,0.13290656011479035
2015.0,14.476492082178074,76.54700050951763,0.17500904167827244
2016.0,14.691101559031399,76.20115022210207,0.23396353270297293
2017.0,14.717540887398776,75.4930169530215,0.27214264589478493
2018.0,14.8065148770599,74.76809084186226,0.2844999529300369
2019.0,14.913805096128158,74.8248529914987,0.3175368030963216
2020.0,15.044874012219173,75.84470424405997,0.3793468896046448
2021.0,15.054017434430492,77.39519301123629,0.40907680078285436
2022.0,15.020250943729922,78.97457705772521,0.37742695460870557
2023.0,14.86418341509674,80.41611202785965,0.33388593720424975
2024.0,14.735758109980525,81.72024020885652,0.322091174896793
2025.0,14.838502683878849,82.73378065838055,0.3495334971764164
2026.0,15.099746055106293,83.44527679614026,0.3716148422448401
2027.0,15.206818936341623,84.76761342510241,0.38122369471892265
2028.0,15.116637700945205,86.60285453192633,0.37848745371395554
2029.0,14.947558036007695,88.4562410199792,0.35270336038795574
2030.0,14.748390045565094,90.29097358945718,0.34296507367684004
2031.0,14.712986577866236,91.90120676596712,0.3888326108325136
2032.0,14.747389417484344,93.22110624341653,0.45492146279539575
2033.0,14.617343102244828,94.18456868051489,0.48312589146785634
2034.0,14.467498935506233,95.25800953004017,0.4732910392414802
2035.0,14.28553308942298,96.27267378083504,0.4457574037984357
2036.0,14.014375568239968,96.28169462736344,0.4590396107061444
2037.0,13.583712447773973,95.49169533533816,0.5264648126831026
2038.0,13.03069762492918,94.60303592584462,0.5888131771310569
2039.0,12.321067655799869,94.1328371646016,0.5991027032975624
2040.0,11.546003379275103,93.50162810798352,0.5610180923101882
2041.0,10.829653245082822,92.41121826156214,0.4614536798665926
2042.0,10.25115004158856,91.70664192899505,0.33028513588527203
2043.0,9.874417508146786,91.54221951985822,0.216703163162377
2044.0,9.53604539118144,91.02532876849462,0.165310004233889
2045.0,9.060358019036983,89.73863253701433,0.16532604026930248
2046.0,8.642979318342912,88.383502126575,0.19448587749058088
2047.0,8.341387317315998,87.27099060707557,0.2373002744002576
2048.0,8.210850180164774,86.14930610039148,0.2624416690941721
2049.0,8.323605074238857,84.68504551172484,0.2709844522731889
2050.0,4.042258586050872,113.69533369584194,5.239866965170823
2051.0,3.8418056459520518,114.55609145137343,5.109858260760196
2052.0,3.6301616500888563,115.22276346640568,4.995459498952053
2053.0,3.391654722210484,115.55021931128086,4.857230704360507
2054.0,3.0951662574275707,116.07045696,4.5999690341947455
2055.0,2.813218416949826,117.11287700645948,4.282408041016039
2056.0,2.57425527795299,118.1642188843332,4.009493946763525
2057.0,2.3974863224417864,118.29105929483265,3.8367634984249555
2058.0,2.359322787916038,117.62152617229837,3.6632704809551835
2059.0,2.4239667241174216,117.55390822082855,3.45788767273133
2060.0,2.5749852254436028,118.23815395294687,3.356766843548422
2061.0,2.647538043600492,119.36195437340871,3.4426616013515665
2062.0,2.6335549761759234,120.56603566065894,3.672390653605028
2063.0,2.637648286867469,121.8380923729826,3.906500149633713
2064.0,2.6709911085852247,123.07320895436241,4.0241483769045585
2065.0,2.679333215578273,124.30080237778738,4.055961533508403
2066.0,2.5386445314587536,125.53678195658563,3.972599684985422
2067.0,2.28578213224091,126.64091564243716,3.8490667951209776
2068.0,2.07568999516476,127.4184622286154,3.830374276809639
2069.0,2.050642415561346,128.31824426290976,3.9831459511865623
2070.0,2.132955854737348,129.8423683702442,4.2096090419129135
2071.0,2.113307420688488,131.46201897050412,4.360553221066813
2072.0,1.9767293141594442,132.80517882339316,4.463142856514128
2073.0,1.7611612326562505,133.39399101968908,4.5223029420984915
2074.0,1.5528716287632902,133.36192909011658,4.543005823544495
2075.0,1.3700193103134986,132.67582819743035,4.507247251875621
2076.0,1.268489564052657,131.21120157171256,4.382563843745613
2077.0,1.2434928597264128,129.84992872844026,4.133407251946192
2078.0,1.2998282380200095,129.14809158200293,3.7961836112424687
2079.0,1.407419228135941,128.7583523396325,3.547149115508029
2080.0,1.501192988235877,128.30270711862067,3.4161014753844197
2081.0,1.4995417565585296,128.12398279539852,3.3252563361945318
2082.0,1.3598254059848702,128.37810646986344,3.189298511238918
2083.0,1.165512862348424,129.39284313450622,3.040937000374628
2084.0,0.9838188325520174,129.954017120859,2.9260680964506376
2085.0,0.8128119301902893,130.11483551865675,2.814376721292576
2086.0,0.6303777058676238,130.41881762520418,2.6394213696887525
2087.0,0.4759592090101216,130.99976897772027,2.4347983834944023
2088.0,0.38585105079481047,131.9435872294332,2.2426644486899523
2089.0,0.3602862208679407,133.10758100614177,2.066981520032007
2090.0,0.36421980585918823,134.23437087267715,1.9093809126122498
2091.0,0.36304975180321003,134.34040747109725,1.7305762685774166
2092.0,0.3448440056496402,133.5770167852926,1.5959681496446692
2093.0,0.30533745079931085,132.99112112051594,1.604146040098277
2094.0,0.2458063557215043,133.51925445483025,1.6761049510238788
2095.0,0.18514887308870423,134.15850354917978,1.7265238095946003
2096.0,0.13473582592916442,133.85300884948293,1.6826536409779602
2097.0,0.09576428470980246,132.55672324744992,1.563369670978753
2098.0,0.06811110323948177,131.335777890826,1.4144245236835564
2099.0,0.0484383139794436,130.942535761737,1.30234775646843
2100.0,0.03894442541729646,131.26375135487078,1.2557107422249998
2101.0,0.041185329540056215,131.8469861711252,1.225303035326765
2102.0,0.05398118787579055,132.10174217412484,1.176856215686402
2103.0,0.07082286691043568,131.84668326389118,1.153463949751472
2104.0,0.07353257232721008,131.6324159903124,1.1977360060147877
2105.0,0.06975107599640416,132.081779087953,1.2753368524840967
2106.0,0.07537640662956971,132.69516316377056,1.3406542528890621
2107.0,0.09158983167713447,133.29783734266744,1.3691374266941314
2108.0,0.09858565083159031,133.74918799200256,1.3606995966642836
2109.0,0.0901172961928852,133.84406902545004,1.3877582621135105
2110.0,0.08298463601589191,133.52531353126454,1.502161101903313
2111.0,0.07593676916171296,133.09080525459134,1.6322216436064907
2112.0,0.0664776857193289,132.46319350041682,1.68597113001924
2113.0,0.05771944265666406,131.92489080934143,1.6781798207376406
2114.0,0.05977277342378413,131.80792732831847,1.6273358368921476
2115.0,0.0686029455002897,132.3010166190804,1.6183103098906273
2116.0,0.07505373641079692,133.14741671998962,1.6448904600278085
2117.0,0.07788905679493219,133.30931378512685,1.6604396534370305
2118.0,0.08446873228850282,132.39021915744033,1.6526830000044956
2119.0,0.09222458529869992,131.15899649225022,1.6952298838588031
2120.0,0.08677200923539219,130.8821899793477,1.7409089567233083
2121.0,0.06716739912222758,131.4309499363958,1.7446235097134803
2122.0,0.050041573676067715,131.85039212167874,1.7009941123287222
2123.0,0.04771941074215302,131.4508924429326,1.6156822702279086
2124.0,0.06450411842709212,130.3299233712057,1.5083292105543031
2125.0,0.07583814847805288,129.02544045564082,1.4344503173731598
2126.0,0.06123433336071842,128.10689003561185,1.3668776069158686
2127.0,0.03959000800286451,127.77296541612978,1.245624030627079
2128.0,0.029515607653145013,127.69790989649297,1.0981340628939666
2129.0,0.03906694559296008,127.67245238090564,0.966713643663041
2130.0,0.05477100042720257,128.12728349143666,0.8912698075825569
2131.0,0.07189312846552359,128.3503602574512,0.836892503718524
2132.0,0.09697307402499981,127.64179310075554,0.7668322054929938
2133.0,0.1286566796137534,126.69665645768643,0.7422235336540816
2134.0,0.15708630718332287,126.80747738141807,0.7907512634246417
2135.0,0.17337471108475244,127.72944298347869,0.8135665133118085
2136.0,0.17397834955469427,128.6687341171432,0.7805245240595401
2137.0,0.16385965588947268,130.0363490301084,0.7432205998119048
2138.0,0.17019028295156274,131.93617314758256,0.7537947684036027
2139.0,0.1957677101466024,133.90924037393265,0.8227012258888642
2140.0,0.2327611866808904,135.46596182069808,0.8866407856176024
2141.0,0.2677344775594231,136.51629812291796,0.8967371809579264
2142.0,0.30262591910109216,137.36223481076493,0.8801620107302502
2143.0,0.3208023784657566,138.0695982662342,0.8424144788259601
2144.0,0.29821981455640345,138.32764513884857,0.7735866009027985
2145.0,0.2414877193959998,138.72253341305324,0.6895894874325624
2146.0,0.1909337881632841,139.55272151776248,0.6435119406886417
2147.0,0.14944210165385644,140.59158519399006,0.6839510976184896
2148.0,0.10384823346420625,140.99882000069775,0.768769805207136
2149.0,0.07250067834025,140.93002280744352,0.8523877558223105
2150.0,0.05954169509618907,140.53121515868904,0.9217518782568099
2151.0,0.06270769726650248,140.03744688246593,0.9685749997099267
2152.0,0.0684359412549696,139.85471214322004,1.0009875436903224
2153.0,0.06969026603793964,140.16800962704096,0.9644548068355605
2154.0,0.070037171862437,140.8381178206598,0.8928578184251718
2155.0,0.07173521225649004,141.337043557331,0.8419739590021323
2156.0,0.07873390196318449,141.41728109107802,0.8154590811489529
2157.0,0.0849778818733156,141.0294340630492,0.8262498579534369
2158.0,0.08995275620156232,140.4949481551311,0.8555108958044225
2159.0,0.09906835567158787,140.5249963115436,0.8874035267601607
2160.0,0.11338659454014777,140.85617578611178,0.8896968682177537
2161.0,0.13558020213610927,141.13308536226137,0.8952327677461079
2162.0,0.17742103161333805,141.2147218880732,0.9117372620984355
2163.0,0.2295167169857412,141.1453074763361,0.9646289743887729
2164.0,0.26462012756200837,140.57897304528015,1.0336736031667604
2165.0,0.270471598338946,139.1528784201193,1.076677988397902
2166.0,0.2760148557597453,137.31558806683103,1.07666169765361
2167.0,0.2959468692198003,135.64173511284088,1.028755215896004
2168.0,0.32112996249889025,134.73441445768808,0.9731152678026025
2169.0,0.3518761319445901,134.44772893231047,0.91190123619904
2170.0,0.3958141071510081,134.70143186414913,0.8896909635611762
2171.0,0.4646382700784397,135.46766018664968,0.8832039095987041
2172.0,0.5510341424842271,136.91788954038725,0.9132457071932101
2173.0,0.6100148745695596,138.65287591813555,0.9726599486178573
2174.0,0.624529233377425,140.51626692295804,1.03184661291822
2175.0,0.6103544375033861,142.2621889906328,1.027580290003323
2176.0,0.5697813120499604,143.39967466557448,1.0137075550472026
2177.0,0.5313264948485322,143.91342485650944,1.047635523614863
2178.0,0.4976618611793414,144.1620717372162,1.115734726743903
2179.0,0.45969402089461253,145.05757058527013,1.17443755099609
2180.0,0.4017581656284817,146.76153231948345,1.164424609878606
2181.0,0.33978936094341156,148.4916520109394,1.148006623959504
2182.0,0.30805737955088897,149.5124859880904,1.18734475006225
2183.0,0.29471803208677255,149.87920927337092,1.2922531036190716
2184.0,0.2991099355611139,149.26530307542072,1.4261263224321958
2185.0,0.32787223730966375,148.32092562637408,1.5569790605587093
2186.0,0.38067442659947587,147.9389151591825,1.6339995538752061
2187.0,0.4270374957787234,148.1635227783116,1.6593672895577767
2188.0,0.43475521398409056,148.68830458711034,1.6131764400439692
2189.0,0.44074142107128833,149.1297879474178,1.5267909371277926
2190.0,0.4703579469526613,149.57410759263738,1.4207673781226815
2191.0,0.48207270822799425,149.7369441176089,1.2968225303709455
2192.0,0.43686980044001356,149.28212302427247,1.2016382820663174
2193.0,0.35744511709177956,147.96010315877902,1.13817852417025
2194.0,0.2906011440464356,146.11565465821172,1.0947207342983405
2195.0,0.24101953071875998,143.9813235656108,1.0363210274421317
2196.0,0.19621021283668852,142.35083246775596,0.9373219547221324
2197.0,0.15707354525750228,141.65803509076798,0.8080822105052451
2198.0,0.12097878022560175,141.5772795083225,0.7168872073932865
2199.0,0.10025796386774448,141.57251176938104,0.671866826935529
2200.0,0.10419399094608359,141.93007098029818,0.64319710281849
2201.0,0.12373608956518806,142.51983418504906,0.6482046562500963
2202.0,0.14426344509927883,143.3976583288438,0.7156802654060546
2203.0,0.14598275751361028,144.7568890197484,0.8513668749967936
2204.0,0.12903859888952524,146.37351520724974,0.9952293034992397
2205.0,0.09653990868403843,147.72103860124042,1.0893487664784385
2206.0,0.06530918602582446,148.2879964717177,1.1245877553882722
2207.0,0.043553849285448115,148.2847607223624,1.1273923341485286
2208.0,0.027036695437992204,148.53513358125085,1.104951494258893
2209.0,0.0143110880706816,149.16120610501724,1.0444208004760467
2210.0,0.005851627306564916,149.67037160796676,0.9761639379418084
2211.0,0.001309584371712425,150.1594023585448,0.9239807227175058
2212.0,2.074802500025769e-09,151.17907876647644,0.9344014347171363
2213.0,0.00026392504289289435,152.80568764532845,1.0037088324972898
2214.0,0.00034488389810249297,153.9599008497524,1.1096702895310318
2215.0,9.948977639999975e-06,154.23843896725913,1.191144486666836
2216.0,0.00016178542586010706,154.18732943237166,1.2133320347427903
2217.0,0.0010448312788225028,154.44400894454014,1.1801126516340104
2218.0,0.0020369903969809115,154.8841191275466,1.0976996177287923
2219.0,0.003864850277126433,155.1873212782973,0.9818304515420162
2220.0,0.004862031637192921,155.46157958798287,0.8503411099179363
2221.0,0.0047246280729649455,155.79748485721453,0.7413956333583555
2222.0,0.008052307410622505,155.5957812408944,0.6942716996329026
2223.0,0.021206454225409666,154.62898674549177,0.6969825704772326
2224.0,0.04454395553827216,153.59143350504118,0.7261113063987225
2225.0,0.06598349666860107,152.6230717555295,0.7333046826170523
2226.0,0.08112970686587313,151.5983194019752,0.7073005617952571
2227.0,0.08269255373539722,150.62798040847636,0.6784773408709694
2228.0,0.07585923910131358,150.31070498363516,0.654001884656669
2229.0,0.05753737703025009,150.45591195006028,0.6403759431921049
2230.0,0.03261050159908843,150.57157257413834,0.6616518686424195
2231.0,0.012559377830076901,150.2379374358403,0.7211811304243457
2232.0,0.0036816315846025394,149.36362182748272,0.8349028601174363
2233.0,0.0015785722265624998,148.35480166212,1.0193052444579909
2234.0,0.0008551957443129079,148.0893264187376,1.2178557975102018
2235.0,0.0009995954843044,148.3604238052912,1.3183543529469766
2236.0,0.0008972445123216142,149.02540009921597,1.3155329320595854
2237.0,0.0008961138042255976,149.8172846977659,1.299910463339546
2238.0,0.0020830917528099984,149.9594185233581,1.32284304424274
2239.0,0.005309649238675625,149.60959861038003,1.4044334018316853
2240.0,0.007129826506889994,150.0965015558223,1.4929135614564963
2241.0,0.003576940644700906,151.93952359895502,1.508246263081968
2242.0,7.327736644840203e-05,153.88870891554168,1.4293716999519552
2243.0,0.0029311027849155675,155.23883349726154,1.3091305953390022
2244.0,0.011109292804396828,156.0102912570395,1.2155230080577595
2245.0,0.016214892388044085,156.41502129825278,1.163464961502509
2246.0,0.01212197917201961,156.41687578226558,1.1018370876791181
2247.0,0.004949070441136892,156.27108621135727,0.9881914677152398
2248.0,0.0004920167241024873,156.2864656273389,0.850745147180741
2249.0,0.0005737653715600166,156.00340512130595,0.7286734041292162
2250.0,0.003262695542400125,155.26417438820098,0.6309811193862399
2251.0,0.005903426675737596,154.643556172141,0.5622072980874254
2252.0,0.011259752299520422,154.0341285926668,0.5073806211729026
2253.0,0.021455918736992086,153.76018352005477,0.47408852966035686
2254.0,0.028556886688108997,153.96105132703013,0.4794779314479026
2255.0,0.029368334964486518,154.19511413360817,0.5026297689653769
2256.0,0.02961686112025006,153.9289316466018,0.5345413529152225
2257.0,0.030851187102403567,153.4428861123629,0.5999463693002026
2258.0,0.038330027673913684,152.867543726203,0.7438692492101027
2259.0,0.060377035748412224,151.85649117072327,0.9485566887515626
2260.0,0.08739303499099695,150.6408084829898,1.1425285470822133
2261.0,0.08957140946812914,149.6703806611153,1.2525869276140897
2262.0,0.06631666370884838,149.67932579498805,1.3206873245587918
2263.0,0.04137334993936006,150.64783126283155,1.3970577851445598
2264.0,0.03186083986560254,151.9998945654111,1.4412615962028021
2265.0,0.035599927305124936,153.21318574310595,1.5156488214656105
2266.0,0.04588121588498018,153.85178038799808,1.60547150386688
2267.0,0.058407936669475746,154.0287189122791,1.631533021660153
2268.0,0.07277098093534096,154.07488048371408,1.543444107340148
2269.0,0.08801867231794828,154.35735857317638,1.380264181077603
2270.0,0.09843864207544907,155.08421214814217,1.2163687564013885
2271.0,0.09957977345251723,156.01750080380975,1.1551166884086024
2272.0,0.08812753389835258,157.72168690534482,1.230481774288889
2273.0,0.08689833182615317,159.78473878099737,1.377813741045672
2274.0,0.11395021024061429,160.95370396662454,1.5401214816860167
2275.0,0.15903521080499608,160.50483398364403,1.6744671079044806
2276.0,0.1711000019863695,159.09651926293878,1.7602004462122123
2277.0,0.1415616770850492,157.9517363895174,1.76106040199124
2278.0,0.10216834236710919,157.66517718279064,1.6499693055179157
2279.0,0.07245441617001636,157.8800924887916,1.4417542619517183
2280.0,0.051135514086457015,158.6374556446477,1.2330677103390724
2281.0,0.035796235113145024,160.0997221310326,1.0917744442736121
2282.0,0.024950350666240004,161.7951144406797,1.0691431991183158
2283.0,0.023260559849656942,163.4295039079504,1.1439583369056148
2284.0,0.02710728122755213,164.70189470647693,1.2509178758913606
2285.0,0.03276560842205288,165.4386920908332,1.3462035460624144
2286.0,0.03302715588906259,165.85215010798726,1.3887568705289837
2287.0,0.02489036002690415,166.0450946575559,1.3736076510618078
2288.0,0.013377140758968082,166.6039925237856,1.3792303453847043
2289.0,0.0027433805077440904,167.83140911986501,1.4440959404914846
2290.0,0.0010805473460223972,169.75414134342088,1.5451039659488517
2291.0,0.013304981161728367,171.8148578543299,1.5954034214118402
2292.0,0.028446371006670395,173.52318648894357,1.5890019081473166
2293.0,0.03577261184951997,175.1248462834723,1.5363422773025623
2294.0,0.036261322626883516,176.88844230742927,1.5331583578675982
2295.0,0.034828353147073485,177.69822019161313,1.5958256760088034
2296.0,0.03552176263395231,177.85142531475273,1.7041176951175885
2297.0,0.04180910549256245,178.09696055919918,1.7158677972552776
2298.0,0.055686952127488865,178.755952335656,1.5868559815902783
2299.0,0.0661460016888224,179.23789709242368,1.4650456950621187
2300.0,0.06625450774824007,179.6469770661548,1.425268271716
2301.0,0.06457202423726761,179.86901382307565,1.444238922942607
2302.0,0.07008351893172625,179.8660227971132,1.494830596846023
2303.0,0.07419636113020811,179.9991892474195,1.4897931266354725
2304.0,0.07187563679754225,180.9626415617285,1.3906242417271828
2305.0,0.06757001492582884,182.45993790326006,1.2920869354680002
2306.0,0.05895758964418555,183.16885256784562,1.2637246214067044
2307.0,0.05492025996451825,183.09686315310807,1.254713709211202
2308.0,0.07201087988346494,183.17972052204627,1.2111345638330477
2309.0,0.10789034016222233,184.06980449267252,1.131017743906512
2310.0,0.15675259097120475,185.45474725460085,1.0642998861637918
2311.0,0.2038025699672002,186.77449815661902,1.0561313824672012
2312.0,0.2398379411455504,188.40831442705226,1.1167069093317317
2313.0,0.2546424343803661,190.3831355494954,1.2070548063674111
2314.0,0.26144725270395686,192.701206202596,1.32691070143921
2315.0,0.2411897589433475,194.96874191686777,1.472366546139655
2316.0,0.2250182254999396,197.42654983646207,1.5810309449336812
2317.0,0.2246578651259566,199.85320743003035,1.5919564608981047
2318.0,0.2403990028310998,201.76502964357908,1.5500796559818029
2319.0,0.2597379139031118,202.74427749068718,1.5113230591374405
2320.0,0.2593238091431713,202.8670005971632,1.43256448727258
2321.0,0.24707300780607191,203.63657596858945,1.3753108749775198
2322.0,0.23256255480675989,205.54172874294395,1.3696544965353126
2323.0,0.22867443662470555,207.52495512845866,1.4192329779349229
2324.0,0.22747339473772385,208.89072367714573,1.4681937708550117
2325.0,0.22912486359261203,209.50543923019936,1.5140494810571523
2326.0,0.22434573397922006,209.4735746854838,1.554755270791027
2327.0,0.2115658969741846,208.54787359308062,1.4812958728832997
2328.0,0.2111014424133727,207.1374271175381,1.3686446945049926
2329.0,0.21857995289262236,205.73354611678096,1.2583903010932014
2330.0,0.20460341498058804,204.0256594711009,1.2425520547892763
2331.0,0.190522393957464,202.44891831227747,1.232448076179968
2332.0,0.19812045510041762,201.62986388338476,1.16009292519121
2333.0,0.2120161916486656,201.0821233435461,1.1027374177803024
2334.0,0.2251137624284025,200.64460703323962,1.1085025981702505
2335.0,0.24584004075430804,200.57737326666555,1.1427260653469955
2336.0,0.26419723360144004,200.1411978270484,1.1057107772645092
2337.0,0.2534894318934755,198.78492168490786,0.9721454385774094
2338.0,0.21650692833930224,197.64148157687444,0.8433950997537025
2339.0,0.1731890706912079,197.41926397289575,0.740482502697185
2340.0,0.14390069437200234,197.75395940625359,0.6890219988007801
2341.0,0.140560739842776,198.29266704475324,0.6832301320645695
2342.0,0.14331500261530242,198.97494074618004,0.6974682734168356
2343.0,0.1450254033004399,200.30617401112357,0.704389860907597
2344.0,0.15079524161637683,201.4043741512268,0.670029554054089
2345.0,0.17106411625704018,201.67218530023288,0.61373013132649
2346.0,0.19939910581321288,201.76596997607191,0.5371511901778803
2347.0,0.22999895227384343,202.6391629895324,0.469435496702177
2348.0,0.2537537256552675,204.07820821844703,0.407166160644233
2349.0,0.2750646376026025,205.65801689889855,0.363110357413232
2350.0,0.2930236722618921,206.9322533950056,0.32979623201405445
2351.0,0.31702195799182076,207.6299181482222,0.31429542350712486
2352.0,0.34787418463396,208.02564255206914,0.28738594783920995
2353.0,0.38876161502640016,207.5757891350359,0.2383005273121225
2354.0,0.4474463006096325,206.00998488087725,0.19563925956901293
2355.0,0.46849711380288006,203.73249165875833,0.18528148616808954
2356.0,0.4497750440172897,202.73204794409622,0.18621133141885207
2357.0,0.412208710092432,203.78696550327578,0.18123592621069684
2358.0,0.4054488942167157,206.02175598362567,0.159408204236585
2359.0,0.43604813639914775,208.25448976613754,0.12193612139386088
2360.0,0.4692838707464209,209.5526312986718,0.0829762879416025
2361.0,0.5058740731280621,210.04083183886593,0.037264673248360004
2362.0,0.5828631705666572,210.4787994224985,0.00879772525851609
2363.0,0.66491055920343,210.69237369813902,0.0029597342838335967
2364.0,0.6952310114904195,210.25080997078007,0.007559747769176088
2365.0,0.6432485759322839,209.6065356111215,0.018252520681572116
2366.0,0.5647101066662416,208.37529294077564,0.025810655583302543
2367.0,0.4959265267046599,206.67582426133703,0.02294218847290409
2368.0,0.4324684441602887,205.25042830975153,0.010888626148016427
2369.0,0.3888273729088573,204.5619373275771,0.0018237033594256066
2370.0,0.37766168540142214,204.57738948455255,0.00021897488483999918
2371.0,0.3990444351761295,204.78138414468825,0.0064812063752836
2372.0,0.41632497905624954,205.23436252904912,0.02239614611769638
2373.0,0.3909072134540328,206.43002111315292,0.0494162051819536
2374.0,0.34350115988967833,208.5555500209272,0.08642529873123998
2375.0,0.2950053612844817,210.6253780996069,0.12969465407647357
2376.0,0.25702122729021215,211.5492312789811,0.16265809301774492
2377.0,0.21861755289811333,211.7285121249857,0.18999113030727838
2378.0,0.19464426599090487,211.65003711466477,0.2376172905968016
2379.0,0.19922195759983696,211.71856641481438,0.3163610716128257
2380.0,0.22540037143698005,211.8345481576412,0.4263688283861776
2381.0,0.24550171864968978,211.33237954439127,0.548396810848476
2382.0,0.25113300079015843,210.12649090385136,0.654520140005156
2383.0,0.2524771560881025,209.1399660018207,0.7405811896078729
2384.0,0.25385101719768965,209.42606012141692,0.8175669343070464
2385.0,0.23492284509456002,210.64618842557945,0.8575017244729322
2386.0,0.19095116207656807,211.23325625511887,0.8861976788153328
2387.0,0.15170148637656244,210.72974775992893,0.9594925384616099
2388.0,0.1242594295703399,209.89341478099755,1.0925046658610702
2389.0,0.1045847787784899,209.16100132233615,1.2713934930039397
2390.0,0.08658277413523996,209.10064135733748,1.5140681842160484
2391.0,0.07419692770267686,209.80775341381755,1.848319264984483
2392.0,0.06125597280031355,211.42009144526398,2.217786275538624
2393.0,0.03814482424899987,212.35711535193354,2.4535298887650576
2394.0,0.021807016630560127,211.81267558184308,2.5322896353573023
2395.0,0.01114699492324887,211.03567533194766,2.58173393450625
2396.0,0.0026332538562575643,210.52866685562023,2.597550522654912
2397.0,2.6720111722499543e-05,210.26341039383226,2.6075849824673853
2398.0,0.004012810735562501,209.6696545702625,2.63700736488225
2399.0,0.015473240296590482,209.31580915993044,2.7139391814102125
2400.0,0.036309123383220974,208.95232770584286,2.863850114822304
2401.0,0.06076744633109163,208.93133207936438,3.0428443499500033
2402.0,0.08600931060943366,209.28066817925682,3.2152832434027885
2403.0,0.10761043186328448,209.6165277249021,3.4357929965002083
2404.0,0.13416111898161207,209.57838187902217,3.6207573279397125
2405.0,0.14982138890058266,209.4154552067882,3.755602645357553
2406.0,0.1461795169564901,210.25785124329468,3.8304864214201224
2407.0,0.16196535053165648,210.9679053236177,3.90509317584434
2408.0,0.19619315053404154,210.97929693597695,4.107267054968422
2409.0,0.24241933462656035,211.3854785337249,4.444994416205492
2410.0,0.2913526568730654,212.03931533150345,4.758819388712985
2411.0,0.35440959339360983,212.32584891973082,4.89280154823684
2412.0,0.4205818480607526,211.69062532952114,4.908231463500294
2413.0,0.47367813798698455,210.3038840019782,4.931768137661571
2414.0,0.5183886240624097,209.02248806870875,5.06292066873851
2415.0,0.5515627096183825,208.8486122065883,5.191019753322902
2416.0,0.5570019161418728,209.73656202177472,5.360640438146375
2417.0,0.5257652533547581,211.19259245569958,5.484319641045505
2418.0,0.4522071319337107,212.7171497419725,5.484286386649409
2419.0,0.34754227237766594,214.15115740298316,5.317952572391449
2420.0,0.25825843805099535,215.64113892740107,5.174010012503702
2421.0,0.21622239600784,216.28002279266852,5.182892397855089
2422.0,0.22841341441234558,215.71086029250844,5.347086372683169
2423.0,0.2616090488743824,214.4801554956866,5.540551917941289
2424.0,0.28720909953234514,212.73877754678816,5.612013791305347
2425.0,0.3008609383027269,211.0490712435368,5.602822073530171
2426.0,0.2849043386297766,210.54364074508644,5.5259698498654215
2427.0,0.23516402975138,211.2524036038622,5.425291150343194
2428.0,0.19251379504432387,212.22641392949197,5.275725492577562
2429.0,0.1745742961203919,212.8324234007708,5.165272107452249
2430.0,0.17813918499454462,212.9267418317706,5.262179809198104
2431.0,0.18910388058777786,212.74955670937527,5.448252067713793
2432.0,0.20619700155664028,211.88448567925604,5.502877665366541
2433.0,0.23276561562325215,210.12745777085095,5.387132772730853
2434.0,0.2657103106033216,208.12964057419325,5.303918347003587
2435.0,0.29288540383565437,206.66268258859586,5.312701936111207
2436.0,0.3093256584404811,205.60216850930314,5.3045988662853905
2437.0,0.33885825742100856,204.89942468402435,5.209545317867265
2438.0,0.38564718518480084,205.23867152685463,4.931067779724592
2439.0,0.42001866494694123,206.4944548080386,4.612369424580418
2440.0,0.4364518556637014,207.72726455581156,4.357521356793936
2441.0,0.46239645040681276,208.44334925327792,4.218825336927086
2442.0,0.5265047638179899,208.51722821018288,4.175541837971347
2443.0,0.63221524191373,207.72366455556332,4.18515999970765
2444.0,0.752745186007033,206.34454231073693,4.142056339218063
2445.0,0.8084011837343693,204.4010436564545,3.999896320671846
2446.0,0.7718606275648796,202.48529925912635,3.7870847200792226
2447.0,0.6991309022946305,201.28137132654288,3.5597518664264203
2448.0,0.6252685298609926,201.59586171569305,3.39322549535816
2449.0,0.6149599159584396,202.27656533213946,3.2809835695871024
2450.0,0.6680025995993474,201.12150947263075,3.199020991955719
2451.0,0.7252009295212904,198.86333908312915,3.1183845506207293
2452.0,0.7785480519036906,196.82092571514465,3.036854988040502
2453.0,0.8200286264706629,195.79056893553562,2.950381365729456
2454.0,0.8949857972408726,195.61214091104944,2.95069014170329
2455.0,1.0063957538441284,195.4468795041034,3.040521355674446
2456.0,1.1451458992020103,194.38257764428252,3.081935578597177
2457.0,1.3000164525573694,193.18420607494275,3.004227804794305
2458.0,1.4445597879605283,192.64078507095098,3.0012163777716485
2459.0,1.561265219045881,191.89346232769208,3.1918186797884687
2460.0,1.6901871011782426,190.9189866475828,3.5240511178091847
2461.0,1.8309590919565981,190.45650515760397,3.8101312499580624
2462.0,1.92642546662329,190.66115093034796,3.97147065245401
2463.0,1.9915986198480116,190.7808871063826,4.062655614857243
2464.0,2.027299101962852,191.57393429575694,4.233020221181639
2465.0,2.1610789027027235,192.06670663860942,4.3587731758116
2466.0,2.3591494985943355,192.02054819961737,4.362324272704483
2467.0,2.5222524397056056,193.45939777950804,4.4121910760874234
2468.0,2.5951241395332096,195.24138974673784,4.554017544767936
2469.0,2.7519090315886516,197.05082537867807,4.685406792858001
2470.0,2.9448142173252094,197.77899820214589,4.7919984378757565
2471.0,3.043616215081766,197.91021762624808,4.799676367059978
2472.0,3.0486940247589596,198.32456099525658,4.69977514799639
2473.0,3.059128993158829,198.55966905449282,4.510232510868638
2474.0,3.20861948099352,198.5649197224206,4.253138539640655
2475.0,3.3886603904924755,198.0726886170872,3.9790594386688403
2476.0,3.4245652444644477,198.27632000242124,3.8465179193423893
2477.0,3.385301668972347,199.16195824636154,3.801163704422729
2478.0,3.3357266225840085,200.09477304455712,3.7249658132907024
2479.0,3.3229462539408,199.59343054152026,3.5249352433075876
2480.0,3.3296162528914337,198.38452266110258,3.31466191801369
2481.0,3.3793579565750593,197.16820432227215,3.248500524231284
2482.0,3.445502050904449,195.80824328428102,3.2823833478780093
2483.0,3.5586124101551113,194.41609230888508,3.283839999370659
2484.0,3.6422216327370918,194.27095664662792,3.171860481156368
2485.0,3.6546826493651055,196.02839106805402,3.0130168109110964
2486.0,3.59728057763903,198.37005829168055,2.8140397665498
2487.0,3.627121278430072,200.1619977562578,2.5513778321908904
2488.0,3.7423617881518814,201.42120330551845,2.2485003699600017
2489.0,3.8358636941739315,202.3844307018192,2.0166967625181598
2490.0,3.708575842215691,203.27235323476827,1.8955939906247181
2491.0,3.342341602695986,203.62210231954117,1.8820093254459025
2492.0,2.9368179358989153,203.42907924793496,1.9470398552776897
2493.0,2.7084109072830027,202.9280339029228,2.022876017779972
2494.0,2.66935916583737,202.2248915546376,1.9777494712215364
2495.0,2.643572499550489,201.30926125038326,1.787330513894856
2496.0,2.618031403941577,200.54764381019965,1.59050890725444
2497.0,2.5976244676018574,200.13057941742738,1.4514761020837283
2498.0,2.5442840026918168,199.75490074686272,1.3963911379310026
2499.0,2.5119461745369613,199.38891110563154,1.380243174903
2500.0,2.5266324522376338,198.82483488672858,1.4049394562540165
2501.0,2.459277554466394,198.50106277420184,1.4788652080394402
2502.0,2.3227956135912025,199.0627960193784,1.6112506410762302
2503.0,2.1865893563894447,200.4977460913119,1.7252422147522575
2504.0,2.109299173009023,201.893767052236,1.738662789303977
2505.0,2.0996769572669653,203.03506055702235,1.604257397007409
2506.0,2.1770589361960004,203.73460414062416,1.4202269474225622
2507.0,2.2470739719124357,203.6835764932713,1.2734923433377923
2508.0,2.223045544161372,202.07647869387563,1.1770070118922114
2509.0,2.1529439057848223,199.644594655208,1.117016746891417
2510.0,2.110225607901634,197.8654359082492,1.0905659361927225
2511.0,2.125943658555794,197.03355741145347,1.0977036199907906
2512.0,2.186494187516816,196.940263736544,1.0964849856286039
2513.0,2.282164002685225,197.33522786933725,1.1412112192390143
2514.0,2.403193147988016,198.37535631141895,1.2450654752580004
2515.0,2.4895081264189503,199.59485546932282,1.3615565653291535
2516.0,2.497760976242198,199.73770294856664,1.4120246159564165
2517.0,2.4335854296218105,198.62934786482515,1.3579932630889022
2518.0,2.3774630111257617,196.85727868209403,1.2199448362938767
2519.0,2.371016437502672,195.20873984358914,1.1040146198410001
2520.0,2.378913699942563,194.24269146311943,1.0661216289023558
2521.0,2.405415534994845,194.21937010267055,1.1410562178174286
2522.0,2.407118768746423,194.8523870028483,1.3173539817185764
2523.0,2.374629037764259,195.69474226759777,1.5214774496097858
2524.0,2.2941023405147143,196.07262276587915,1.6803568752816398
2525.0,2.1923374818524497,195.94126740055503,1.783288860014592
2526.0,2.0823790740513055,195.59604291421286,1.8985604869404118
2527.0,2.076141399006266,195.68435326516394,1.9754334545412995
2528.0,2.179954624912963,195.87418791612586,1.9886145422880024
2529.0,2.277937951170568,195.7316027470032,1.9631944765577762
2530.0,2.331521271546722,195.10212229846897,1.9820376242080164
2531.0,2.380769381865639,194.60197910734857,2.0468694409634023
2532.0,2.4943603839735378,194.5207908737481,2.1316296965034285
2533.0,2.628138897523744,194.7587811289201,2.269057604695939
2534.0,2.735915707604536,194.43319416340836,2.5267911224557227
2535.0,2.8063316599914665,192.93751352657432,2.8114132313217635
2536.0,2.888288421492111,190.81012923841175,2.9730606502179024
2537.0,3.0113416801423702,189.6999330800416,3.0142890120492245
2538.0,3.1803593004113164,190.35885774507003,3.0645548795807396
2539.0,3.415177476875214,191.97608069239658,3.1478308822625625
2540.0,3.700450059476054,193.2219027533124,3.1435736442985083
2541.0,4.012496504948458,193.66833348317667,3.0639583085638913
2542.0,4.294840102080159,193.19757193186263,3.013678813624503
2543.0,4.463929291025665,191.98746623825946,3.0383950650745333
2544.0,4.483780204787822,190.46718117381133,3.110079362909724
2545.0,4.367892423666118,188.8417886771558,3.1809001440011526
2546.0,4.30503306434617,187.46286604042487,3.2536523394441885
2547.0,4.382478598575223,186.72574702628322,3.2924209918487617
2548.0,4.543135543471299,186.6634638585121,3.187279736672976
2549.0,4.824036828088379,187.1161306707264,2.933034313683745
2550.0,5.1087186708463515,187.9980186990453,2.637532945694822
2551.0,5.258945523904028,188.7885576792145,2.481450148107325
2552.0,5.259893041241751,189.33737791366514,2.44652987283769
2553.0,5.125469738337002,190.27882279316418,2.46548404319228
2554.0,4.893276071074004,191.8532947718324,2.4715517988043207
2555.0,4.693521720901837,193.32029889324767,2.4279818797949586
2556.0,4.626694181956528,193.83224858546149,2.305748741718024
2557.0,4.772082629394092,193.53351770212564,2.131100972010228
2558.0,5.07382283411845,193.2484498687443,1.9764895486607041
2559.0,5.359849697803408,192.83957924836153,1.835425786598477
2560.0,5.4844314421276925,191.7914033013879,1.7376198406178482
2561.0,5.474513685484338,190.19449023707338,1.7176577337351362
2562.0,5.356811884201563,188.77789281478556,1.7986732907119873
2563.0,5.018135911908943,188.3262314142722,1.9130454433648996
2564.0,4.576571202552527,188.26314154013667,2.0173914238359023
2565.0,4.18285408408729,188.0345754563972,2.1061774726576514
2566.0,3.9433612886472247,187.5109793243162,2.187396304848312
2567.0,3.9071358927175712,187.13398607377468,2.229378188792858
2568.0,4.025678439639236,187.1667284818233,2.220778746870062
2569.0,4.235770011969849,187.14488621145733,2.1452151185249844
2570.0,4.4402497803876,186.29810196975328,2.027424742892755
2571.0,4.584180616435802,185.03742800553752,1.92236311634761
2572.0,4.735023088757073,184.88170220806518,1.8653840996274227
2573.0,4.994693888718194,186.25956107102192,1.8766171056605627
2574.0,5.291294749214102,187.76775335895226,1.9274646870918244
2575.0,5.495390569318004,188.12452037440855,2.039561609239484
2576.0,5.468209078536443,188.10360017119783,2.119144912535456
2577.0,5.251972262376877,188.07601356033672,2.126631948497664
2578.0,5.010065454638005,187.96309204215126,2.1095905811024207
2579.0,4.838039074657404,187.85280279658974,2.0983739053237804
2580.0,4.838430603242024,188.39233995027138,2.0760736780969955
2581.0,4.975137744482821,189.48910477897726,1.9734356464950626
2582.0,5.212875112199067,190.85269153808022,1.8643502847511368
2583.0,5.448979366164011,192.27896114131408,1.8401643622464963
2584.0,5.672415103330563,193.39774896442367,1.8954424348804624
2585.0,5.840003553774604,194.09342651688402,1.9280787117615075
2586.0,5.992952719380639,194.551729496854,1.8539821188864143
2587.0,6.094629294138089,194.64233905375562,1.7270096194084643
2588.0,6.058604415640564,194.6465939834745,1.703005503355801
2589.0,5.906110833865757,194.32265068715938,1.796133681248774
2590.0,5.783257493762585,194.21928063188534,1.9078570598789601
2591.0,5.8603272533752415,193.8897474830368,1.93513389206281
2592.0,6.080030273782628,193.47498281412166,1.8934745779230724
2593.0,6.291419396208041,193.68230448644098,1.8599146540601341
2594.0,6.325017866295794,194.53247172110403,1.874952447678341
2595.0,6.251385226745622,195.01408029213874,1.8898572504582243
2596.0,6.136970450951905,194.44106810172556,1.8785290093113596
2597.0,5.959981186554854,193.05551043258768,1.9075273416507168
2598.0,5.836992604332135,192.04009143255138,2.0091908104581186
2599.0,5.861031924304512,192.1225023921734,2.183934307264841
2600.0,6.000492784829511,192.44165476925625,2.32983898768862
2601.0,6.130800228610279,192.26657386945638,2.4158043169959242
2602.0,6.146759502073449,190.59089120104667,2.51309333802121
2603.0,6.0175930968693265,188.7546383544722,2.7239315961477373
2604.0,5.978146517117524,187.63915260625345,3.0255096465366087
2605.0,6.143516157665827,187.3833281203611,3.326058773627102
2606.0,6.387469564570695,187.6938031392654,3.552246526171393
2607.0,6.503952510105345,187.83784443100384,3.692453132398976
2608.0,6.3892467650924845,188.10644798255598,3.7312383822954764
2609.0,6.167590210793223,188.55392197943843,3.698914064652332
2610.0,5.8981209345783725,189.02439104558022,3.621499925910732
2611.0,5.573708809509122,189.0783444569488,3.5040843366464016
2612.0,5.225033921105557,189.31879880276222,3.4405712819572893
2613.0,4.920676850852416,189.90903555939659,3.4763089391493374
2614.0,4.809090666703212,190.83870029502035,3.6240439542669964
2615.0,4.880099261022408,191.9173174571223,3.869573841348097
2616.0,4.996825477578323,193.19217949893226,4.156477709159222
2617.0,5.033373958601606,194.04471640264342,4.433270393187558
2618.0,4.915872385992288,194.26092384462808,4.670231843412486
2619.0,4.739881320990925,193.72118379655558,4.960900125033152
2620.0,4.5718351797524,192.79026750634222,5.295352855429758
2621.0,4.465603547214402,192.64965084846835,5.684332106080388
2622.0,4.460347248249696,193.5256735685313,6.060225075845953
2623.0,4.624055956913715,195.21124330299497,6.4252722302176855
2624.0,4.883573680580046,197.26719499837438,6.756742852439603
2625.0,5.086521888944334,199.33525789252866,6.945154481029208
2626.0,5.074164906778303,201.13195076617208,6.964744143687227
2627.0,4.85212311392746,202.47768272390408,6.922672896823396
2628.0,4.4733004635182665,203.19320606626,6.90404049587573
2629.0,4.073891410312425,203.2794563142536,6.821649314853413
2630.0,3.8601227136802505,202.73142430263525,6.7608311935488254
2631.0,3.8868495508694916,202.1560845914017,6.725917807062501
2632.0,4.027042231295689,202.07504948404193,6.679837965713062
2633.0,4.15229053133466,202.54194097190128,6.733388669133211
2634.0,4.192999525442252,203.6558647876294,6.776453595698571
2635.0,4.145670632464,205.25960744175742,6.757684378336623
2636.0,4.049945020754151,206.67994076989214,6.65851391020493
2637.0,3.922538968875605,206.92146496831086,6.590746273886214
2638.0,3.80957629010869,206.56500102026678,6.6236267615333775
2639.0,3.7912935848453158,206.11692322087163,6.6810927662653805
2640.0,3.887927607554124,205.65172994829373,6.73986314641513
2641.0,4.065708738434473,205.02215790570273,6.787360753425578
2642.0,4.184043413083035,203.66706780874418,6.948557313495257
2643.0,4.140096587978654,202.28048248357786,7.1172075282902485
2644.0,4.00837169575275,201.54485589011827,7.194575517978947
2645.0,3.951025630329691,201.40996515251055,7.088133027835945
2646.0,3.979757395198385,201.7688568957415,6.851233274294324
2647.0,4.009584334348624,202.08474899101736,6.6812676536916324
2648.0,4.0327346998890015,201.66259368486794,6.537916185115405
2649.0,4.17170808802744,200.2868752216232,6.287497123289004
2650.0,4.375521562902067,199.24433535368945,5.9701832309293055
2651.0,4.511703186892083,199.610428569246,5.677888054284163
2652.0,4.625537115704317,200.31958727547783,5.4693538886784
2653.0,4.76045201135292,200.35772409283737,5.396996511461069
2654.0,4.861413219946014,199.86456068887063,5.430509217232092
2655.0,4.837680202034745,199.1982267008288,5.429081228912432
2656.0,4.604672780421018,198.3561780858787,5.4338989536348
2657.0,4.213420136753357,197.19797516849607,5.503627696914192
2658.0,3.815787187216,196.75158645486252,5.581612781660563
2659.0,3.6278825471280154,197.4663435842115,5.705974256816335
2660.0,3.6846072836049473,198.83182598899856,5.881143864444719
2661.0,3.8058363625209832,200.07159124490224,6.052617449562104
2662.0,3.8665295302835045,201.11714095576934,6.213229293077699
2663.0,3.8421302374952693,201.83060135247666,6.341043110828982
2664.0,3.839994692539395,201.7159385243508,6.397239057011431
2665.0,3.8738620984549264,200.6979224706239,6.384752553990105
2666.0,3.8385317233010943,199.08192399803232,6.410506469644839
2667.0,3.704076576288973,197.82736994649926,6.540296754772151
2668.0,3.507286050803002,197.0050262719344,6.730572950717649
2669.0,3.3609897333180525,196.04844551321136,6.85226962856336
2670.0,3.242116821638168,194.64585817782273,6.795257236128818
2671.0,3.2116872485052474,193.55588101907045,6.660598012084634
2672.0,3.259654360562663,193.0660572915551,6.51730438378737
2673.0,3.3223560631995985,193.3713576310411,6.3838293932332935
2674.0,3.372351150286138,194.23444692110758,6.278946889503637
2675.0,3.417870535577657,195.416858388964,6.295108297949595
2676.0,3.4029308184419023,196.41523961583417,6.400992294732697
2677.0,3.3118788089033764,196.28930075502026,6.60535695390321
2678.0,3.229684072391553,194.69716756134542,6.888786572640042
2679.0,3.2542979833899444,192.87889830094426,7.084077031489703
2680.0,3.443380622309131,192.152547461909,7.091837379679152
2681.0,3.6926958313965454,191.96600729032804,6.97544444231849
2682.0,3.907285644977671,191.48921805205418,6.915494757179809
2683.0,4.001198009688269,190.2052212447828,6.9791636689620615
2684.0,3.9964996461150792,188.74137514949777,7.237109807427537
2685.0,3.909718335042594,188.20801142655623,7.560239228986766
2686.0,3.792874775775987,188.5638543743318,7.876419348976644
2687.0,3.686717190822759,188.73336716901272,8.056050601815794
2688.0,3.7269740736375643,188.24083119184996,8.089232510520912
2689.0,3.930368936899955,187.2292006338625,8.013748183889472
2690.0,4.185977691542442,186.2412482260285,7.93458465608667
2691.0,4.377902368164064,185.90644601249699,7.969536378929093
2692.0,4.493935096023124,186.05239130006936,7.95416338734377
2693.0,4.592716750322502,185.9794378184585,7.7937563370654
2694.0,4.6729404913701895,185.75295177143255,7.468990887334611
2695.0,4.772566466865793,186.0742245611409,7.1409744696136315
2696.0,4.876658760862273,187.01188601440438,6.851938286125733
2697.0,5.061668029184313,188.2893559607662,6.633506480484303
2698.0,5.320971644611459,189.50899012203053,6.486561059379841
2699.0,5.538802119017361,190.24429757941436,6.443080301743074
2700.0,5.5092796305791225,189.58017645618557,6.299064767930813
2701.0,5.336187503158723,187.75738675741871,5.971438713709508
2702.0,5.1341928691205485,185.7673168705874,5.471173053543054
2703.0,4.99799115063919,184.18479226088266,4.9814560839130575
2704.0,4.937116507060537,182.61949146604263,4.623230469855817
2705.0,4.922085591047665,181.3040140537404,4.2934963804021455
2706.0,4.95762296024688,180.35906014607144,3.9756866588737596
2707.0,5.058676217313014,179.2068029928828,3.7463142012516535
2708.0,5.274579679944995,177.55980587661134,3.6347978818828683
2709.0,5.508029215006428,176.23702017870403,3.5769086432208894
2710.0,5.530001066396884,176.430994355361,3.5003560524988226
2711.0,5.475853705738723,177.2046009661374,3.3951793665015626
2712.0,5.549738891343024,177.13986004259758,3.314887788139889
2713.0,5.67406025121796,176.3510450814847,3.2841954777568034
2714.0,5.758240022461559,175.4881737783616,3.204784747380387
2715.0,5.778127135453193,174.23695081334023,3.0857430897585885
2716.0,5.706863515668064,172.35378325102965,2.998530127707073
2717.0,5.487167809123204,169.74536383767764,2.9813863535617227
2718.0,5.186971039909752,167.11429879399336,2.9910442399571453
2719.0,4.92404754138025,164.2204284500425,2.9990748874927133
2720.0,4.8083357465797345,160.75670652815396,2.977486358995513
2721.0,4.798580714695691,157.7902574844938,2.931488646740083
2722.0,4.780476757100418,156.53484720248767,2.940946284803187
2723.0,4.71895802035304,157.57727273629624,2.9760461564010843
2724.0,4.66545739788966,159.41414624269225,3.02031100837764
2725.0,4.714951729524484,161.020780742545,3.0304996731556417
2726.0,4.912595590365008,161.70270836399445,2.956600672075459
2727.0,5.121323111459402,161.32270187142447,2.765226632156643
2728.0,5.3913338016466685,159.95703485081236,2.563028639237668
2729.0,5.760364997782082,158.62446024927968,2.4070364164035283
2730.0,6.236771956661943,157.20295909557055,2.2602967735151553
2731.0,6.5877663988938036,155.5648502395832,2.0601593770697813
2732.0,6.5429017264049305,154.57969215528672,1.8176582320149137
2733.0,6.184482159408848,154.53672865404008,1.6511024903724285
2734.0,5.932434764281001,155.2070589443205,1.5795930435787044
2735.0,6.0284805591707435,155.5705597328201,1.5101569668741133
2736.0,6.345054995569346,155.00844418498724,1.410195271519945
2737.0,6.716700311603256,153.476706536098,1.320783998008469
2738.0,7.105349043266323,151.709901763189,1.261680925033404
2739.0,7.427566307864194,150.61783419589887,1.249457412711516
2740.0,7.622693492753855,149.94104427553222,1.28515416023296
2741.0,7.553361927144282,149.0155265149667,1.3133942271248567
2742.0,7.479763557916613,147.52706235704818,1.3140675855387367
2743.0,7.5271593896469495,146.01957292861056,1.3074860667457446
2744.0,7.895344240484869,145.1557459082208,1.3282960345979076
2745.0,8.467529707802038,144.67775473397595,1.3299031986602041
2746.0,9.003371655720374,144.22885765807078,1.2528719792151697
2747.0,9.142921281582433,144.20407777391003,1.1014640194830336
2748.0,8.943458324527171,144.85296369543175,0.9729229558838449
2749.0,8.79198340405585,146.06855580380625,0.871398520591544
2750.0,8.979887788712292,146.78578997770447,0.7509626988874817
2751.0,9.42883983565056,146.5760692293626,0.6108863045734656
2752.0,9.88523502197801,145.75476398170483,0.5149666524425329
2753.0,10.185711058676965,145.28182706453669,0.46060046144727035
2754.0,10.3541885087004,145.2646142693413,0.40375595847384355
2755.0,10.494115150861111,145.77290889842882,0.3525863503356324
2756.0,10.599904350945323,146.69838346939486,0.31262381845495285
2757.0,10.643072045095623,147.7478681928924,0.28159964291173684
2758.0,10.707231519059796,149.1606982823777,0.2643960146819208
2759.0,10.994118749903043,150.48242716030094,0.25474602343616404
2760.0,11.410477495100428,151.38134964918086,0.24648339426448362
2761.0,11.933109424148888,151.03307066374964,0.2273798760821956
2762.0,12.396457885870953,149.82453673309288,0.20917237946246883
2763.0,12.677828707081577,148.42018213263685,0.1890016847256976
2764.0,12.716970714508717,147.24226014132714,0.17136949674464005
2765.0,12.522270509444924,146.36230205543234,0.16517358302518087
2766.0,12.181602072506735,145.73593570466917,0.1803530344512064
2767.0,11.747012562820084,145.89320025013558,0.22287088478952088
2768.0,11.456123552960575,146.04380037277605,0.2547487085733769
2769.0,11.272353797840065,145.37948549450323,0.2634907287497104
2770.0,11.181191311215748,143.89307297700543,0.25876676747891286
2771.0,11.233983788287876,142.39655892738855,0.25501406181728886
2772.0,11.436156432173368,141.24922738968448,0.25283233700940955
2773.0,11.617836937966835,140.97277636796238,0.256078111051392
2774.0,11.667909960140063,141.5421690806661,0.2475841347761929
2775.0,11.611673288297492,142.61900196662563,0.2502810189272836
2776.0,11.441239953096042,143.59816504399322,0.28029412365817213
2777.0,11.077467461826362,143.63478985391555,0.32297049346230494
2778.0,10.669504842672644,142.7835577271989,0.3590847784284488
2779.0,10.570974579164393,141.73483088985793,0.3678526212231025
2780.0,10.816494330120964,141.29632686301292,0.35180647098521767
2781.0,11.119433913525514,141.21927967644098,0.31386900326241685
2782.0,11.283641490414242,141.02523678878205,0.29363283980342003
2783.0,11.423151191728868,140.59578549588977,0.2958739437335616
2784.0,11.627490777379851,140.36203027337703,0.306875459618828
2785.0,11.799065204341026,140.16962805816374,0.3236861580656929
2786.0,11.949798509925767,139.41183313322057,0.3538598234709924
2787.0,12.09059903565598,138.4370984108818,0.38290941781056254
2788.0,11.995789648987822,136.8510569800609,0.41393657624374086
2789.0,11.850388816125996,134.7901186446812,0.47191732527451197
2790.0,11.889019356171236,132.56016598516266,0.5521834614666304
2791.0,12.032976934198585,130.86885061268944,0.6454692509892201
2792.0,12.104379234901828,130.0907251931997,0.6771409246376329
2793.0,12.037135760641156,129.7069220321323,0.6211685530177008
2794.0,11.91449459933117,129.1379954775444,0.5156191537503876
2795.0,11.650006258631306,128.4066427772569,0.4304960132718024
2796.0,11.384065956992423,127.60926409597171,0.3745865719296484
2797.0,11.321941154293196,126.30098093550164,0.31950335705383837
2798.0,11.403982371131326,124.50933286379251,0.28167528821481
2799.0,11.49247161480414,122.78966068090214,0.26132638060884633
2800.0,11.390264822847291,121.94920883881085,0.2505550277142784
2801.0,11.147810342702346,121.80749533143488,0.2570295924063396
2802.0,10.889491937925923,122.16974231710253,0.2663671167106756
2803.0,10.656009844660625,122.44714572006916,0.2676861931083201
2804.0,10.452866874406997,123.038133630196,0.24100333987522804
2805.0,10.350242455317732,123.52825065887735,0.2134238387961124
2806.0,10.383114885558495,123.54942257942386,0.21590820931737753
2807.0,7.860274787081786,184.43938894039292,0.07362934636339838
2808.0,7.724936841654243,184.42305480323478,0.059910336012174395
2809.0,7.587297023763619,184.9273220034821,0.05647116791775691
2810.0,7.455624352121169,186.59232625875921,0.06064705111308839
2811.0,7.360872866982978,188.9753542944625,0.0700735706216569
2812.0,7.301832471457895,190.7388048681169,0.08622937107662436
2813.0,7.20567141091895,191.43623560386354,0.10749774673488008
2814.0,7.055604934498878,191.59620044372807,0.12470298631560998
2815.0,6.905314497968183,191.70283389388055,0.13725531184642561
2816.0,6.91013992251025,191.78134776336393,0.14260632771420087
2817.0,6.951657767112115,191.6557055447585,0.14464183436852487
2818.0,6.958661125946407,191.4896938015152,0.14985920779924092
2819.0,7.007547498804654,191.78192690866834,0.1693292542932496
2820.0,7.1597148567309254,192.62441592514563,0.20631159325992957
2821.0,7.371070951704857,193.12380515145674,0.24543842994780485
2822.0,7.529823244659479,193.09739555349222,0.26095781210409
2823.0,7.656350482863434,192.91939085930622,0.2380157123217316
2824.0,7.822699786466464,193.63901730713863,0.20593842438327206
2825.0,7.919723441088104,194.92619860890338,0.18428537082547836
2826.0,7.8177500967350415,196.50890707164243,0.16607387076742433
2827.0,7.619581753673821,198.49632409459448,0.16469749378777207
2828.0,7.490915118031107,200.69057252423056,0.16924304855055997
2829.0,7.526278675560962,202.50585519920702,0.17791315631410087
2830.0,7.6274472171015555,203.1714364763081,0.18718400635642884
2831.0,7.684952622763583,203.39478023514454,0.16734005663139606
2832.0,7.694566369158262,203.81130378360012,0.11086818847656245
2833.0,7.732841854849491,204.12606347923173,0.05323851101347837
2834.0,7.788526238639334,204.37449519513663,0.024259782010470375
2835.0,7.842660449663003,204.9266302163998,0.013300967381232407
2836.0,7.887026701398905,205.90696526999488,0.009012709287384102
2837.0,7.8771915471895815,207.3981862378782,0.004067566955150393
2838.0,7.7987669015900165,208.82485070208568,0.0005035975833604025
2839.0,7.693193623251275,209.68532509119592,0.0005821425294168978
2840.0,7.6241909250390645,209.9830293121816,0.006200168703322489
2841.0,7.529038191748306,210.15730678869906,0.02443153750092808
2842.0,26.461080854883598,212.14306260355542,0.7351098613148305
2843.0,26.219230430500886,210.2633381815356,0.8216287238612645
2844.0,26.128526735841852,208.78943364742153,0.8855736344626084
2845.0,25.98814048676374,208.25464562123943,0.9147370548920769
2846.0,25.835031908491985,208.2800704097469,0.9895480743512961
2847.0,25.888985283359123,207.94477147105664,1.0504856661199213
2848.0,25.922605883084074,207.43442674121104,1.0574477193004732
2849.0,25.760905503628845,207.18018386365029,0.9911645031990022
2850.0,25.710800398961066,207.30262688109988,0.9079992186954049
2851.0,25.768866361459356,207.87088760249347,0.84060988836484
2852.0,25.684675490905814,208.5523061944824,0.7477087705724024
2853.0,25.46928111756061,208.6178975638321,0.6242683445507716
2854.0,25.563728061028097,208.23076266166586,0.4821761666476836
2855.0,25.97953530381351,207.64174206846874,0.3847381107162121
2856.0,26.147507943139566,206.47500472403067,0.31904682386929
2857.0,25.881873696665146,204.62213045700864,0.2694420012286809
2858.0,25.639873000432313,203.11159507210962,0.24225060234816012
2859.0,25.730593065102244,202.86634000092715,0.20978657084712968
2860.0,25.73522936637643,203.11091327027594,0.1804932315405025
2861.0,25.284677631988345,202.74761138403002,0.1905603790981285
2862.0,24.502570884051266,201.28986908133584,0.2403073735576337
2863.0,23.823324013471357,200.0796891484297,0.27060928848144006
2864.0,23.52533636549777,199.8793073440636,0.25906060986120083
2865.0,23.625970528696737,200.12858444749546,0.24179497047131046
2866.0,23.910621580252368,199.75333645775342,0.2513231962301026
2867.0,24.29754824982376,198.55804688804628,0.2550869672638226
2868.0,24.925869435032478,196.79358133767985,0.261039828849125
2869.0,25.656124004941258,194.55102065098447,0.2900861359526025
2870.0,26.031576656886607,192.52120501043316,0.3367839534948101
2871.0,25.724062187270157,191.42630283355507,0.3870074892925475
2872.0,25.01335828396092,191.04644250997688,0.41207712913787575
2873.0,24.31063156146319,191.32560913898698,0.4310500764595216
2874.0,23.839808930743178,192.4400139530705,0.45150333672240056
2875.0,23.652282745268785,194.0028620942206,0.46434571372688876
2876.0,23.661701387283653,195.14890582168988,0.4484645922315002
2877.0,23.676801214960193,195.70655399719152,0.4124463742672145
2878.0,23.578556677555355,195.54159921847148,0.39884217795262084
2879.0,23.40486877032094,194.792424231008,0.40224033586564
2880.0,23.22260486466244,193.28158273297709,0.38671754582779244
2881.0,23.047140457149183,191.52038490348454,0.33392006463574897
2882.0,22.952055921564167,190.22612034082204,0.26810731256464
2883.0,23.09996975642699,189.73997900282814,0.22732202908899996
2884.0,23.396597344828592,190.07073909587797,0.21267794414463614
2885.0,23.76485592622205,190.80431604976158,0.1930682208741841
2886.0,23.98323631245806,191.60354775643046,0.1494727433507026
2887.0,24.015853896767283,192.71244664529553,0.09912357073388167
2888.0,23.885844390358326,194.04048950846206,0.06101884087680643
2889.0,23.867650038118416,194.1962965207016,0.03199392240540248
2890.0,24.182983513828084,192.89397438930135,0.009642226602625623
2891.0,24.801373699157015,191.41200087179075,0.0004293125984196014
2892.0,25.456784776410316,190.70471492971708,0.001389759629070394
2893.0,25.714033605006453,190.52051605253894,0.0034226197299855998
2894.0,25.839057046639837,190.79756311544978,0.004217415307056897
2895.0,26.240805570987128,191.62770103253237,0.0056670979728169
2896.0,26.852424020001656,193.02821187649485,0.008405376423105597
2897.0,27.41409108476862,194.9476520310741,0.012916563439123606
2898.0,27.647279933914877,197.27832568283648,0.017262732966798398
2899.0,27.55849009085525,199.84171821740532,0.018485646409324902
2900.0,27.259060908963523,202.2864702148368,0.01694745726975998
2901.0,26.62260098925417,204.13012937056985,0.016244647021160095
2902.0,25.792150230851448,204.68399717487785,0.0128015036383129
2903.0,25.035616676448157,204.4533167112936,0.010389596468596904
2904.0,24.62460817057258,204.42264110790916,0.009747539839936903
2905.0,24.60836302792852,204.61577038664166,0.009807543011641603
2906.0,24.8104727737659,204.4349998927367,0.004874703932046389
2907.0,24.88613923879687,203.69538284793393,0.0006176795619855965
2908.0,24.447686471605632,203.24003878385588,6.4821159999996804e-06
2909.0,23.771534647332974,202.9432319080754,2.3731707110400175e-05
2910.0,23.269522455018443,201.88593118609074,0.0009249499607401051
2911.0,23.52235905921112,200.14459937667863,0.0032876554180863954
2912.0,24.38986655911165,198.4771112825264,0.006925213887336905
2913.0,25.28269377102581,197.1512162459288,0.010668351037044084
2914.0,25.76936729361199,196.22651204571525,0.010763105946252087
2915.0,25.75854026398959,196.0270116905882,0.005059488280806398
2916.0,25.518304503848004,196.2753755762293,0.0022255532750928954
2917.0,25.289286258254972,196.28776774788432,0.0019469891500900015
2918.0,24.985413828184964,195.37540651267656,0.0038625019299408925
2919.0,24.701708327412945,193.59369213685267,0.009514392993062497
2920.0,24.720578060188906,190.86405919627904,0.024812802432640006
2921.0,24.983646375285506,187.91768162874743,0.0506118788503056
2922.0,25.170137587167705,185.8868163063954,0.06755476237074011
2923.0,25.01177038509362,184.31299709505544,0.06817890209880996
2924.0,24.51552082338281,183.37914527180158,0.06517196294399998
2925.0,23.938228927120488,183.51430551372303,0.08095747454627289
2926.0,23.260389199712606,184.33688409318398,0.12695285396371356
2927.0,22.695688282320653,185.21548800646607,0.1930455838924209
2928.0,22.79892809207373,185.40053371348733,0.20261714293641955
2929.0,23.496191842043437,184.69694964220884,0.1424089697574769
2930.0,24.09143166451739,183.53650333975767,0.0976987733780809
2931.0,24.64742463758225,181.5572355941288,0.07566468220417961
2932.0,25.211876926026136,179.49765976781126,0.06895267831809636
2933.0,25.694721461815206,178.46640271695387,0.08330342662028888
2934.0,25.89864181097547,179.17899831902943,0.11920167101040248
2935.0,25.765239368074184,180.87530350824233,0.1637165108838609
2936.0,25.44112513302095,182.65306287669839,0.19494605640684162
2937.0,25.296594000226797,183.96200066891498,0.21249335933880037
2938.0,25.665451990140745,184.70165980728126,0.2380327685114403
2939.0,26.160288254014933,185.0697010772982,0.26276961698014806
2940.0,26.372967180294587,185.53477111900202,0.3018690283726881
2941.0,26.258909014365663,186.22885829953606,0.35024819003329
2942.0,26.08938230628522,186.81063179350858,0.3986702156473568
2943.0,26.192220347862268,186.97908221990906,0.45686170906701146
2944.0,26.441235912183885,186.7140359614568,0.503007660991909
2945.0,26.681278439362064,186.26944349758097,0.49890335442142797
2946.0,26.768706024458954,186.19421700230802,0.47007212419816347
2947.0,26.953557005109506,185.97045113483074,0.496710070003092
2948.0,27.246409963535996,185.33208329363146,0.5853117542148899
2949.0,27.55753634849256,184.3312681158964,0.674747885615552
2950.0,27.86316030725923,183.46530478903227,0.706289287455836
2951.0,28.32526721068358,182.4913283465481,0.69310436933521
2952.0,29.02247344474602,181.43273700241505,0.68941702096996
2953.0,29.76418981002863,180.08898150039695,0.7363545398076609
2954.0,30.09050256932835,178.7109195161961,0.8248771009335024
2955.0,30.072578906501462,178.48848978572636,0.8810408257250624
2956.0,29.826591003713112,178.8744266367029,0.8038788821259848
2957.0,29.371109451022082,179.25406557993733,0.7170960676325624
2958.0,29.02146700723776,178.66319366429315,0.7406692802001025
2959.0,28.67528804963482,177.2623201340273,0.794295779023253
2960.0,28.5165385661229,176.02239770936117,0.8468398723353409
2961.0,28.73878198472374,174.94398928856677,0.9034166786518756
2962.0,29.149299693803545,174.3272832561153,0.9742882727305763
2963.0,29.5062444130608,174.08359003688338,1.0643220254688253
2964.0,29.58313719374383,174.56394299503611,1.1352410670526865
2965.0,29.596466623016436,175.37817147847608,1.19935177026064
2966.0,29.46380540071641,175.87937615508483,1.276265267499192
2967.0,29.196295939516897,175.48828214043291,1.3606438156703042
2968.0,28.745127980801858,174.82467916164399,1.4101084654048142
2969.0,28.267546010756096,174.5762512294494,1.4062288146461361
2970.0,27.90341485684489,174.5287895706342,1.3870863000538385
2971.0,27.796784978724617,174.1905813845712,1.385178607021932
2972.0,27.85460452939474,173.7161581655262,1.3915851876389962
2973.0,27.955984790482976,173.6366970575328,1.38458476518244
2974.0,27.904030256144907,173.95765743938276,1.37803346227089
2975.0,27.891295356465413,174.36422119641432,1.3853221263285265
2976.0,27.929287235509886,174.2087026215525,1.4149392263683522
2977.0,28.042584813803998,173.6900250345463,1.4850246629881743
2978.0,28.18211052284815,173.0914419471115,1.5814520730616806
2979.0,28.191611210866835,172.83011728601213,1.6746496462145024
2980.0,28.145773481501713,173.0277399402808,1.754837534821896
2981.0,28.063262353629927,173.47079028422746,1.8153962697436163
2982.0,28.051117930422972,174.48069530681877,1.8217337935481164
2983.0,27.94131973342951,176.0151370979511,1.8132952019822497
2984.0,27.829049635365152,177.75984427450987,1.8202928246659982
2985.0,27.86468889265808,179.18276723793056,1.901608979754792
2986.0,28.193002974448067,180.54330013298886,2.0307096458820904
2987.0,28.475469931127794,181.72019119509247,2.1478603686086415
2988.0,28.619143401413957,182.46265432656895,2.1775874873580103
2989.0,28.62974425131546,182.95758028994607,2.124338577472988
2990.0,28.60765257296109,183.62295700479848,2.074442168691912
2991.0,28.579428385923613,184.76896228227804,2.0780085679164033
2992.0,28.54140444312337,186.4926565965952,2.154643687340611
2993.0,28.263354248894156,188.4047198293456,2.22565013843769
2994.0,27.78049311331853,189.56495892009795,2.2177027904616224
2995.0,27.49165126734339,189.6457737195287,2.1832342046505793
2996.0,27.521703602291986,189.34534007910156,2.1923764824630565
2997.0,27.899083905495566,189.65069034294072,2.276686655014649
2998.0,28.59107898302502,190.42997967581255,2.3705619072229265
2999.0,29.27603430265556,191.2497285046292,2.403264334781971
3000.0,29.928010328370007,191.8318726864875,2.4096674537633294
3001.0,30.431468291609004,192.14048668055952,2.3839640391224464
3002.0,30.875279574843134,192.3996158469317,2.3266136710537744
3003.0,31.176485775157378,192.72751789307034,2.2735327324723453
3004.0,31.35948704209765,193.46585743646418,2.3273303540145407
3005.0,31.53004889067701,194.97305542799705,2.4739717845936022
3006.0,31.823548120684965,196.38897363405806,2.6593153937105622
3007.0,32.35256998158945,196.8922239626947,2.7188604262046927
3008.0,33.29509956032835,196.08762039032808,2.62046196241281
3009.0,34.47737689692672,194.91648313365044,2.555514894192884
3010.0,35.51719510056721,194.76079436902933,2.6057609307453027
3011.0,36.29098045918819,195.5247770070045,2.6865757066372904
3012.0,36.94248988995489,196.47962982598148,2.6970899047588857
3013.0,37.54273559358555,197.18487549460033,2.68034165319001
3014.0,37.7863152936005,197.62392599047237,2.626412295991322
3015.0,37.56511207641686,197.77979587855185,2.610772573679561
3016.0,36.92922917599546,196.75993614634905,2.651820969839213
3017.0,36.08860485259265,195.21802611277582,2.7158137562696645
3018.0,35.138457765676996,194.17051180861316,2.79844549042314
3019.0,34.144774399476056,194.0222864182731,2.8691866332733698
3020.0,33.55167730161814,194.00832655829632,2.8957113509738406
3021.0,33.28552542522325,193.39459937607216,2.932383455094122
3022.0,33.20489119078174,192.5013012714418,3.0241136614244515
3023.0,33.25571765974225,192.33538627844146,3.1208389208235365
3024.0,33.693901718538626,192.76219077470742,3.2748023947150804
3025.0,34.45434448418459,193.3773257696301,3.601355051769323
3026.0,35.22593560646769,194.42603513657778,4.0631409865654335
3027.0,35.66165235194884,195.37262161057595,4.452223435855563
3028.0,35.6301238900687,196.03787014909395,4.631830414563314
3029.0,35.044890179461355,197.10692931537488,4.609511741413024
3030.0,34.1432847113083,198.41070398113888,4.541275137077168
3031.0,33.415213695780565,198.78087413282043,4.476081636522048
3032.0,33.000074029783434,197.92563257742023,4.41136418148205
3033.0,32.9971733159219,197.7282590503663,4.368052139131104
3034.0,33.38372326488121,198.3527466998515,4.322245906441391
3035.0,33.79198988677061,198.00202205830394,4.30272924355045
3036.0,34.055131300438504,196.46614082304401,4.318157436832228
3037.0,34.17499028141268,195.08610117116365,4.276789524321599
3038.0,34.15595516819693,193.94407940133246,4.174710822743028
3039.0,34.19360277372794,193.36655960253023,3.9890812214200335
3040.0,34.448321998537104,192.87564961383686,3.725219653457496
3041.0,34.59410351119556,191.9678924307197,3.5082333268756223
3042.0,34.555433251498044,190.6545049167043,3.3355762387360004
3043.0,34.634029484171734,189.54634000977902,3.1604827417381154
3044.0,34.868466861633514,188.27706247542736,3.008251552844816
3045.0,34.99361763247813,186.9037095419109,2.931762906792722
3046.0,34.85797230650241,185.94540035609882,2.9233854346601023
3047.0,34.45970908705014,185.28796318983754,2.9873255970604227
3048.0,33.817520789704226,184.282976740503,3.1103943747062406
3049.0,32.95010130987169,183.43317950237534,3.1206924369303493
3050.0,31.915307277208633,182.9499080498294,2.9326975213952022
3051.0,30.838109872939413,182.32734943530298,2.6303675481078237
3052.0,30.153023197975926,181.65605027821886,2.3579098714936384
3053.0,29.722546628295767,181.26245211944777,2.1800945962256355
3054.0,29.2229363624705,180.47572042664007,2.0788251883491853
3055.0,28.591958474653122,179.10530033596163,2.0058560914806
3056.0,27.932196708551125,177.92793524926532,1.9425882343111698
3057.0,27.29165368064244,177.84846764793792,1.9819419198168684
3058.0,26.854933273954693,178.14541769344353,2.1174386767066222
3059.0,26.52612726900962,178.4042443493387,2.28865312632684
3060.0,26.03088430449558,178.63702676749668,2.504606395942729
3061.0,25.348508186792042,178.29183329181222,2.68267153172769
3062.0,24.38981006144848,177.6774929022813,2.8736168905816677
3063.0,23.419328070265127,177.07692499624514,3.0892892298787604
3064.0,22.618726155568826,176.66310724023884,3.277488815356632
3065.0,21.956602620841284,176.6210970043645,3.4924637109009025
3066.0,21.39654189411374,177.43629915940218,3.711579836894288
3067.0,20.92776627161876,178.1600645820967,3.766544758592616
3068.0,20.40095648786724,178.52387913047846,3.6056843385868813
3069.0,19.698069719875562,178.23208008873746,3.4223661723082692
3070.0,19.206053994128283,177.25806181315525,3.366530121353423
3071.0,19.178456800362248,176.5090100775294,3.486731498715889
3072.0,19.3940662207207,176.16253881999177,3.72273481613222
3073.0,19.52116820247309,175.8304490551412,3.9124021112284897
3074.0,19.724641960970033,175.14843627539844,4.09258078896384
3075.0,20.03742955160157,174.87772930684991,4.262097241692868
3076.0,20.46678555221639,174.78548118614185,4.473562729574425
3077.0,20.809423017010623,175.54394943005602,4.540234786772328
3078.0,20.992231465984002,176.45583447153052,4.452456934753775
3079.0,21.38933982430433,175.93403794608616,4.282835009851322
3080.0,21.891427336215557,174.37279775745614,4.2486277647268
3081.0,22.24898514135134,173.4640971958713,4.349604268758841
3082.0,22.457693259896722,173.5276107404659,4.566332592286453
3083.0,22.554564587859748,173.5211692091533,4.8126692843809025
3084.0,22.71958535850382,173.46872694797236,4.981752844094085
3085.0,22.783200917114012,173.800192525566,4.980556572461924
3086.0,22.556523660804555,173.7218462344147,4.799112642745043
3087.0,21.93373453272918,173.2208353232106,4.6242040750219875
3088.0,21.242259158270848,173.06111930110575,4.538349495556452
3089.0,20.918667841196722,173.19169181756908,4.646639598402902
3090.0,21.03540077754829,172.763784901469,4.817232154719973
3091.0,21.123396531265726,171.5799787330868,4.951931873236196
3092.0,21.08076966160681,170.44183410562525,5.068770035198267
3093.0,20.869461372607518,169.75729749654684,5.216677698022564
3094.0,20.70432559124438,169.65829055958892,5.22877293300006
3095.0,20.77774881403456,169.8118236827721,5.134556503297762
3096.0,20.932102385069335,169.74829294832668,5.040087590794323
3097.0,20.864207963379084,168.82744748742516,4.991153257784987
3098.0,20.42544520524649,166.8346395281915,4.962622250683585
3099.0,19.7985719128163,164.8243977305807,4.883531869722532
3100.0,19.058370809392354,163.48765715493263,4.831634685718122
3101.0,18.38515989224064,163.3725581398908,4.793635384110074
3102.0,18.103145785465887,163.8462807641917,4.805146684477671
3103.0,18.12859064101879,164.51327419654527,4.826353880208816
3104.0,17.996093273490068,165.17282880342975,4.772333370711067
3105.0,17.77902202039542,165.78212034534272,4.64320958379664
3106.0,17.702872214428297,165.99706046143564,4.584455277005492
3107.0,17.70830726272608,165.01756327434077,4.620734803551301
3108.0,17.628025312905642,162.7042195838032,4.779519673350787
3109.0,17.37071013202219,160.347518131884,4.8111765769475126
3110.0,17.137302790978502,158.80067187654407,4.674861314620418
3111.0,17.113049375037463,158.13905664989258,4.508639088985584
3112.0,17.328194755901933,158.34425883391188,4.40969046543169
3113.0,17.613920590242106,158.6577717459267,4.3395966239490225
3114.0,17.804574184699028,158.9931709357703,4.25339740521769
3115.0,17.767510176741,159.10803873661223,4.076713646166529
3116.0,17.41680565115051,158.56195124765395,3.8685070652632843
3117.0,16.92372307005519,157.47490928041648,3.6289240357022505
3118.0,16.52010001416491,157.0242592948104,3.3453231591844514
3119.0,16.542007327281954,157.85440658223277,3.07389362745529
3120.0,16.8362861019871,159.12868265245038,2.843542700369333
3121.0,17.035003246590204,159.8705718809221,2.709792011186268
3122.0,16.91795200174132,159.6095873480934,2.6161395207563714
3123.0,16.75525724297233,158.79827808299643,2.5528447507642564
3124.0,16.749345702552606,158.2141533930134,2.5648210196143397
3125.0,16.71376999243989,158.1072602556339,2.6025237451679235
3126.0,16.651885848693176,158.03171043320896,2.4861874237308195
3127.0,16.396511892623636,157.59143507393586,2.2341893133314303
3128.0,16.059974256654655,157.19888049097094,1.9949915276500563
3129.0,15.755014706910865,157.31154590870878,1.8341815789441598
3130.0,15.58741891203749,158.0626372723448,1.752683752421537
3131.0,15.463434878629055,159.00328018390408,1.722058615592736
3132.0,15.390962649395432,159.72133451933198,1.696422604481052
3133.0,15.260528877715837,159.89456905801433,1.6534033046342358
3134.0,15.152841970024523,159.28550133889598,1.6309484215205283
3135.0,15.036683703285693,157.89807356512998,1.5907463409292846
3136.0,14.927050129084646,156.78071839549133,1.5015145062762598
3137.0,14.915754307496641,156.48917395670688,1.3588325699412673
3138.0,15.060230109146516,156.7573644525563,1.1971311137499168
3139.0,15.23457352133467,157.5598499346256,1.0575716769596417
3140.0,15.471526133005488,158.41879534527308,0.9214662960497295
3141.0,15.795101425316524,159.32036830619757,0.8214130603049279
3142.0,16.199258219328645,160.58392393588312,0.7628138127459367
3143.0,16.69640738203654,161.55583815242227,0.7194479559997283
3144.0,17.084642734797583,162.55657665895862,0.692188707009864
3145.0,17.456654646453146,163.50738357718032,0.6618522616615808
3146.0,17.90438527728047,164.59012485679952,0.6338440267519685
3147.0,18.331805870992273,165.87324321378296,0.628278819564968
3148.0,18.747658436354957,166.87799071982707,0.5987350550832783
3149.0,19.05965117095488,167.72716884412287,0.5411040350931076
3150.0,19.252770060220588,168.23267255616167,0.44922795787809006
3151.0,19.342670695639303,167.66218156259507,0.3567259460918521
3152.0,19.41439055604049,166.36719100750878,0.2883862164769609
3153.0,19.49380772132698,165.2931141783708,0.24598311629892247
3154.0,19.718126395794087,164.79377136367893,0.2043177319907361
3155.0,20.20923613539856,164.41185812660154,0.14967195612515996
3156.0,20.922001281457064,163.4067525838541,0.10700131846351356
3157.0,21.676162447444895,162.25642541599362,0.07781651130633209
3158.0,22.39613136816511,161.6749927307514,0.06335475259368999
3159.0,23.095149442525685,161.92420743810246,0.059093044670172096
3160.0,23.70274755430651,162.17680363294454,0.06603346269385289
3161.0,24.135975936906142,161.5198764107518,0.07189872174399689
3162.0,24.372827875176434,160.49650039057138,0.06157373751711358
3163.0,24.563524225433653,159.99735632975768,0.04953406640625
3164.0,24.731607040673364,159.88490442166247,0.04282774373682248
3165.0,24.692089274029055,159.43980771345736,0.046356583207524074
3166.0,24.550080696494444,158.63761711433474,0.05796729888072007
3167.0,24.491653473624233,158.0188690983358,0.07348685493546808
3168.0,24.49410650893442,158.20565659984862,0.0877081038726916
3169.0,24.523309959596464,159.04848974990068,0.09692839878222756
3170.0,24.510380340504565,159.60588090385883,0.11617444828031291
3171.0,24.40891918782073,159.95029562174307,0.16183559471520245
3172.0,24.1172119550314,160.13083901581408,0.22922342274620883
3173.0,23.61772475762199,160.0961959979475,0.25102171176724886
3174.0,23.144813365638154,159.3104925840221,0.19546946659010406
3175.0,22.830996180621884,158.43542978627406,0.1381894975127104
3176.0,22.614464581011575,158.66425695924,0.10549427347339235
3177.0,22.605939688556163,159.98196867782053,0.08735100243712088
3178.0,22.55769449090446,161.59453060602436,0.06545126580680247
3179.0,22.335265607522402,162.55771394022753,0.05298737164681958
3180.0,21.972205408562647,162.80144394400293,0.05031029261619358
3181.0,21.45972993794044,162.2065837004145,0.044558975434600884
3182.0,20.85077659817681,161.12390595432626,0.03120023057065691
3183.0,20.33598555469107,160.81991089558892,0.019217802788324096
3184.0,20.016872945964444,161.86329962193366,0.01740230331848408
3185.0,19.912443290869767,163.47317988384853,0.019664856764473597
3186.0,19.661584680596103,164.44809907365368,0.014429657654720098
3187.0,19.277639085346497,165.24054782687253,0.005179902569971592
3188.0,18.968705684316223,165.83337167292467,3.412078569000187e-07
3189.0,18.923911601325067,166.23962534278073,0.0019493770280624941
3190.0,18.86803461897201,166.1517282526079,0.0013732716469823986
3191.0,18.66105805932431,165.19278464159964,0.0001954876552561013
3192.0,18.542681856027674,163.85993481434252,0.0036585622446024947
3193.0,18.579625402448283,163.35228260339125,0.005841783364033593
3194.0,18.84137160046542,163.74345921757,0.004023887580174391
3195.0,19.185788572725414,164.01317264705804,0.002026451960176894
3196.0,19.523482299240715,163.98766282375155,0.0017766199710008985
3197.0,19.951657328627398,163.74962859327758,0.0021319089907600006
3198.0,20.373065751508626,163.39197185997108,0.0030547087871364014
3199.0,20.57170400766433,163.27757636077087,0.003797274581320899
3200.0,20.439417490806765,163.703657176929,0.008064715310137601
3201.0,20.20842722890927,164.45371309490454,0.012785618663720097
3202.0,20.04466304014023,165.02074136931282,0.013145704818278398
3203.0,19.976039706998815,165.4045187317928,0.010215051915811603
3204.0,19.785182340811208,165.57839016853833,0.010819411468960002
3205.0,19.5056868924905,165.66666527129905,0.014958141220110405
3206.0,19.24954569034137,165.79887223441335,0.015818704148104885
3207.0,19.060993396472856,166.07615564409446,0.019582590667596083
3208.0,18.897390130635124,166.42817737036248,0.030656886295566385
3209.0,18.66263544074257,166.2320191005541,0.05209722710834889
3210.0,18.455761462846628,165.48498416423283,0.07405597237535287
3211.0,18.339397701775297,164.77950158141613,0.09116523939907238
3212.0,18.130428084894724,164.45892991944527,0.1053811828651024
3213.0,17.627680191795616,164.46638776260272,0.11080085244446435
3214.0,16.94343289014722,164.03372148537628,0.1165933950350625
3215.0,16.39116932845283,163.5438055402646,0.1295101955625625
3216.0,16.00921756717312,163.12925964497464,0.15133600799210412
3217.0,15.741359844563831,162.58941075361585,0.16852193303249288
3218.0,15.68079280398769,161.7029408169083,0.19653767628048993
3219.0,15.921045723844623,160.61471853475362,0.24748868856152245
3220.0,16.478638809757665,159.625246153918,0.3166050574693561
3221.0,17.110644494042187,159.06379233820923,0.34969423115024995
3222.0,17.627245730267447,158.9779774053984,0.3233069607367744
3223.0,18.000827094320186,158.8647993931303,0.2839463444731456
3224.0,18.403038154516537,158.90337650830182,0.2789053581643081
3225.0,18.749203101225003,159.19113317462185,0.33327587884626003
3226.0,18.992291166652866,159.1590437107395,0.4272292747877284
3227.0,19.20865323809542,158.3453729782109,0.516522804876944
3228.0,19.366201064475252,157.20770403496013,0.5366258983600516
3229.0,19.385793201310204,155.9715024581273,0.5051900410265283
3230.0,19.404890415949133,154.87903005983054,0.4858754960752899
3231.0,19.573800297780288,154.673407721068,0.5356372245192081
3232.0,19.979118834096578,154.8474511352157,0.622531746226376
3233.0,20.593162826479762,156.03911445440056,0.7239829051224225
3234.0,21.308974968030128,157.728791709813,0.79370991939792
3235.0,21.952923119956516,159.49856100931956,0.8294814642712128
3236.0,22.357967328314718,161.1487718769475,0.83360497258809
3237.0,22.583875215205264,162.55426589927083,0.8449982432573795
3238.0,22.60919117088779,163.52388561776345,0.8781394298300834
3239.0,22.592157054205398,163.4908969457377,0.8904000585664144
3240.0,22.6674301803943,162.68722528954504,0.8791395717328249
3241.0,22.89661957279992,161.94639592005183,0.8441413448437224
3242.0,23.250938235459923,161.64638542157732,0.8370818452199328
3243.0,23.6588798684371,161.73769059185955,0.8680960649618928
3244.0,24.234405158533754,161.90727505189867,0.9206512459028328
3245.0,24.82837496692705,161.90654213425998,0.9631104925305248
3246.0,25.38961024714817,161.6837518063449,0.991649286776492
3247.0,25.630016569525313,160.98199641548288,1.0407683137910808
3248.0,25.59937183617355,160.0723198300004,1.0946574556522641
3249.0,25.412323731564054,159.18559936403153,1.0844649522696608
3250.0,25.41964136231025,158.61603405642447,1.010599881478841
3251.0,25.738710062622225,158.17150947031527,0.9338942858898435
3252.0,26.350300940449536,157.5469562405827,0.9066512657388168
3253.0,27.153156047813138,156.77381652966812,0.9109009486559161
3254.0,27.92673736966817,155.8479582034295,0.9320428432877956
3255.0,28.629660780815254,155.41302086662176,0.9607734751016809
3256.0,29.268825701898386,155.44688789319287,0.991339652041368
3257.0,29.953310426422302,155.9400426203798,1.003048059133037
3258.0,30.540481874776926,156.41717969457318,0.9729644824437443
3259.0,30.796527601530094,157.0364132810307,0.9030416952592036
3260.0,30.687258344754262,158.0643181928451,0.800262981414156
3261.0,30.52554378255402,159.34150465750915,0.7310081394972195
3262.0,30.566819144441958,160.30926420111706,0.6717922877740096
3263.0,31.03068003538456,160.91352524373022,0.6194490719677568
3264.0,31.89758791020141,161.82248163679475,0.59752049703025
3265.0,32.79964291095756,163.33806182288396,0.5888074220828943
3266.0,33.35275219741858,164.92818270514547,0.5453372171996401
3267.0,33.68302863859893,165.79147488769473,0.4518228334901824
3268.0,33.96814638680523,165.862510652644,0.3415054308433156
3269.0,34.23629615813532,165.5406844717318,0.2634904207617123
3270.0,34.48959707870612,165.5495970510173,0.2130222823909569
3271.0,34.63686543896031,166.33647012626707,0.1724467062050209
3272.0,34.48347532496478,167.3009397252336,0.13678703271423603
3273.0,34.04504892987106,167.98519839682814,0.11066013409219237
3274.0,33.765512391235205,168.9203066572289,0.08809969630176487
3275.0,33.86409129558182,170.54261348679617,0.0597837464011225
3276.0,34.54720176623304,172.63126501540145,0.03380887193217207
3277.0,35.36283366115638,174.4986229127774,0.017347018337286402
3278.0,35.98507834654095,175.94015005631002,0.011252711809440007
3279.0,36.36119450579634,177.03747159762955,0.012853904230003594
3280.0,36.556446407381,177.79927940565375,0.018937252449036095
3281.0,36.61332146671884,177.9969158441903,0.0200419035105249
3282.0,36.407361027803596,177.87137453822754,0.01452969873663999
3283.0,35.71979632907264,177.59851516831432,0.009856526342401603
3284.0,34.52486229295322,177.5699856428593,0.006466232878152093
3285.0,33.24155573264492,177.89087860496713,0.0038512512164024983
3286.0,32.4524579971607,178.61772080080303,0.00011313470679040126
3287.0,32.306941337193805,179.69372580052453,0.002856456744388903
3288.0,32.74559406667509,180.75781366671006,0.008839585523664917
3289.0,33.6727019636604,181.41188273925212,0.01115065671508889
3290.0,34.59276226697668,181.26932281381394,0.011600830161122495
3291.0,34.944960309189064,180.45803940145976,0.013720341158499608
3292.0,34.64336724522349,179.12533688745793,0.018454795933464906
3293.0,34.15621430537787,177.70673385465395,0.026131275345924136
3294.0,33.738867183541565,176.40831109882888,0.035231530256409634
3295.0,33.42160976153477,175.1347950861951,0.03861127143620007
3296.0,32.96570242782523,173.41191587052148,0.03536452505897639
3297.0,32.55821814528444,171.23992561038276,0.0379404833152489
3298.0,32.03973363133453,169.8456986383882,0.051910318287489605
3299.0,31.18963115652613,168.98287787370128,0.0679255522125961
3300.0,30.280095561756674,167.96507148353723,0.06972413995982416
3301.0,29.896529441074172,166.99202790441262,0.060483601217539665
3302.0,29.94477168226583,165.9089109253069,0.04748305098472361
3303.0,30.08536651316642,164.86228575585645,0.04273411758618245
3304.0,30.07635399562805,164.22941998578324,0.05224006672393959
3305.0,30.19705708518801,163.94931870905717,0.06895659094105687
3306.0,30.608583248605953,163.89085271330822,0.10426495247270558
3307.0,31.36205086552927,163.84568964939504,0.1366376699908089
3308.0,32.30092962151087,163.50417917053755,0.15946170950796484
3309.0,33.159469767138965,163.09722750183718,0.1702188402547396
3310.0,33.967920951636245,162.6480140179443,0.16730325852038416
3311.0,34.785528978222665,161.82315457556788,0.16085112088500006
3312.0,35.49190431051773,160.83518762165943,0.17097256596712418
3313.0,35.98666095585465,159.99945961341092,0.206494237323977
3314.0,36.144208568908844,159.5280795140682,0.2409266248612729
3315.0,36.13078320422324,158.85539632622502,0.2478933169120996
3316.0,36.233412441252554,158.20518668675237,0.23722401470999052
3317.0,36.453422440628984,157.82764159621098,0.22051478688360046
3318.0,36.81097153691706,157.77819645307594,0.19767144525060493
3319.0,37.21344694582319,157.9397734975483,0.16256182935678498
3320.0,37.56937114335566,158.0539408830843,0.12852333984231049
3321.0,38.055831951071625,158.5938834962203,0.11060834558558892
3322.0,38.58349502596997,159.80707398272432,0.1213280763552401
3323.0,38.929442001749834,161.1854608925843,0.12292754039285757
3324.0,39.18949279645538,162.852526503247,0.09744962815879295
3325.0,39.54286114373356,164.64186628257698,0.06592225192582411
3326.0,39.61133626563907,166.1576262467502,0.0442203069390625
3327.0,39.12720227068992,166.97999542771004,0.02661089119940253
3328.0,38.375656811934505,167.26381929102502,0.009349089532676094
3329.0,37.87638493753124,166.95044550266743,0.0010716718849600071
3330.0,37.8931262064497,166.5249441359466,3.281319175840034e-05
3331.0,38.06747486673793,166.62017119822093,0.000636604370240394
3332.0,38.12533913620111,167.19736682120111,0.003530719762419599
3333.0,38.1131003880151,167.8435735447574,0.014046788916722504
3334.0,38.1663243578688,168.07293136415845,0.02855596740171208
3335.0,38.08891453134333,168.14977977921885,0.030469580686944376
3336.0,37.97637383525692,168.33031610452534,0.024155286256484096
3337.0,37.68111877793674,169.22034091292014,0.019748517885536405
3338.0,37.269855413275735,170.65799480338725,0.020476579692960004
3339.0,37.09340750306935,172.88160039567813,0.020851183832372104
3340.0,37.222305205152935,175.21885864837859,0.02091177155754091
3341.0,37.479033744269564,177.35050139671867,0.025142155201328405
3342.0,37.55558276155577,179.46347508755665,0.04787950095182249
3343.0,37.61024343685043,181.32312531531898,0.09591031169720998
3344.0,37.97231421373728,182.1967237140707,0.1614637967423364
3345.0,38.53748580099197,181.76240066296796,0.24058324571097953
3346.0,38.73316945169288,180.08188441529708,0.31865708880783994
3347.0,38.40253720006093,177.3797396702741,0.37090120689522804
3348.0,38.031100121450876,174.8163535509636,0.38934013330598766
3349.0,38.153346826444206,172.86959212958064,0.40717205667012246
3350.0,38.80602624696186,171.69670203228975,0.4216897738146025
3351.0,39.6455265273482,170.48268174232487,0.4292290436549476
3352.0,40.22983187314082,169.33997078477276,0.47405253342697284
3353.0,40.20512514622634,168.3999195949483,0.5430367312932675
3354.0,39.726144647251914,167.2071894768716,0.5968408571986576
3355.0,39.297773199400964,165.59044847739474,0.5944685712796944
3356.0,39.26110643016646,164.13118026625386,0.5831016065988099
3357.0,39.5136130776117,162.86452266579258,0.5934910144103422
3358.0,40.030958610365474,161.48085411393734,0.61465537280016
3359.0,40.489154109686154,160.4773235598231,0.6193876835208968
3360.0,40.719305937587514,160.18665128407142,0.6268839767760024
3361.0,40.704054715132244,159.9071555755968,0.6467360959369216
3362.0,40.57607508919255,159.19360613521042,0.6633866134205402
3363.0,40.360106352205,158.50491953015418,0.7007480289961635
3364.0,40.10288753043178,158.03517176958457,0.7947229508145224
3365.0,40.05863757498585,157.82767777750092,0.9300747858948224
3366.0,40.04973783672989,157.36302659669704,1.0313480176753635
3367.0,40.01607382317688,156.85090212512952,1.0515778919646783
3368.0,40.069154593004406,156.36531101676232,1.0077789494581633
3369.0,39.8752317465698,156.20247436444737,0.9554855466621481
3370.0,39.248818645397826,156.3356487339132,0.9346665460847715
3371.0,38.512458173192435,156.21891929577004,0.9762453121486128
3372.0,37.59827356703248,155.57020874862926,0.9628165910675525
3373.0,36.63982482150089,154.20661844701806,0.8922707847127396
3374.0,35.87647721965181,152.60781930631995,0.8269739486619663
3375.0,35.036926509088026,150.9270073591849,0.7269447499713024
3376.0,34.25178118165453,149.496309159157,0.6289827703532355
3377.0,33.55643486859805,148.44655147391006,0.542776087940892
3378.0,33.02691880309652,148.3134696715391,0.5001714439839999
3379.0,32.65774282901772,149.0165856127909,0.49647047485569196
3380.0,32.34330830236507,150.23609592597225,0.4949359160229123
3381.0,32.16195196345572,151.41180533085617,0.47193102340396953
3382.0,31.991898771885428,152.44785634878085,0.4448743528005603
3383.0,31.688690753001403,153.49792071583573,0.43944455044969966
3384.0,31.251378844607295,154.11812982786057,0.42106790061650246
3385.0,30.703233772648026,154.10892615343823,0.3372678445954756
3386.0,29.904012883211063,153.35071882511363,0.2112221500305921
3387.0,29.208283766799084,152.59940227314257,0.13044360276185285
3388.0,29.021223939195806,152.52939113083542,0.10219965648797609
3389.0,29.537546261051705,153.365570451448,0.09758550031876838
3390.0,30.136935537264996,154.43111190199224,0.09147436927728998
3391.0,30.52058861775363,155.50489217142243,0.08232701151238561
3392.0,30.675460002870206,156.48938962165246,0.07182984251880997
3393.0,30.77340733468169,157.3528487027635,0.053815880306249994
3394.0,30.746271217319922,158.3844910632054,0.03458029222337291
3395.0,30.579820442927716,159.71258933309383,0.02475344318335288
3396.0,30.348222703868405,160.81444319555644,0.035301847935379604
3397.0,30.135510754307283,161.81530430390708,0.06713254571826009
3398.0,30.40692008729394,163.10438007990555,0.11392211980272011
3399.0,31.05593544261757,164.72493366317818,0.16394230942440993
3400.0,31.712446448407857,166.22296078999258,0.2141584607998564
3401.0,32.0498080617999,166.6899865250766,0.2332340281787481
3402.0,32.246563945365764,166.65776389785609,0.2085238797292225
3403.0,32.58099138649025,166.88804685766522,0.1718779610999889
3404.0,32.93435628113906,167.6531628342155,0.15476328462012248
3405.0,33.19656578164521,168.54200793218664,0.15742894049638556
3406.0,33.16979439195531,169.4487564279925,0.1686099259255321
3407.0,33.08138638636105,170.38324574275237,0.18375615991705205
3408.0,32.92822954429251,170.91664227954428,0.19887078708947603
3409.0,32.59531849717638,170.80813709065285,0.22293329028193443
3410.0,32.10435740404132,170.12053845367853,0.2483726569
3411.0,31.755476109696076,169.5110587994872,0.27590342527800993
3412.0,31.763322144765137,168.89258533334132,0.33807069439594084
3413.0,32.02776194548699,168.3037340206104,0.42523490559614446
3414.0,32.04080854369201,167.59465420389316,0.460636255489572
3415.0,31.652706853132347,166.42590943423255,0.4376351319076009
3416.0,31.056109090848693,164.82204215019976,0.44377885826594404
3417.0,30.505984575217294,163.6483243809098,0.47567826883414893
3418.0,30.093844088030206,162.8317327722723,0.49127171606452835
3419.0,29.75010802560673,162.17962569145365,0.4794952149921648
3420.0,29.407683567005936,161.64513614407338,0.49277676277635996
3421.0,29.009070003687206,160.99401585725937,0.5413382747581634
3422.0,28.723125484816002,160.96650211007076,0.5713579758650624
3423.0,28.48809623675777,161.7669838883509,0.5669830970958399
3424.0,28.21568019988669,162.89667030234205,0.5567863235389454
3425.0,27.765729784648908,163.47182230496338,0.5731830725411025
3426.0,27.270341883019658,163.39637571203826,0.5716927900316161
3427.0,26.874824587287296,162.6862372972463,0.5511624222818595
3428.0,26.83462982912395,161.7959015472452,0.5534971043632996
3429.0,27.17965623601722,161.25416640049772,0.622557152504868
3430.0,27.50737245764324,161.05356292859904,0.7345548433130624
3431.0,27.366924996342423,161.1158581478323,0.8079840858564225
3432.0,26.731606666918307,161.0509778458187,0.8523203415512809
3433.0,25.891699155216592,161.29546765033686,0.8965575323105284
3434.0,24.99971870079129,161.6903735940638,0.9072295420965603
3435.0,24.348877036723092,162.5533731681067,0.8484882144096401
3436.0,24.0918305148147,164.02514565193664,0.7853005477324224
3437.0,24.256450634025786,166.29510019034308,0.7854726694594816
3438.0,24.449689018984788,168.41225618058004,0.7997455360251049
3439.0,24.195569536516608,169.34239460772073,0.7454785203845603
3440.0,23.579430628146053,168.67162029178135,0.6674782483232964
3441.0,23.11076680033549,167.0996199431913,0.6325083410734449
3442.0,23.011103082361885,165.64445142986594,0.6306151550060961
3443.0,23.292281246160062,164.5629302407022,0.6152568161902864
3444.0,23.97803726249351,163.891240613722,0.589087610467385
3445.0,24.8918442304253,163.39926281619384,0.5783071378994062
3446.0,25.743590028740226,163.48614940626163,0.5815784352464098
3447.0,26.26223020720006,164.01373255920421,0.5566828031770041
3448.0,26.52645030007991,164.6600261306194,0.4941570356060416
3449.0,26.84181723733557,165.02310402142967,0.42909604424089287
3450.0,27.406446653214232,164.37578502458047,0.3883658259552016
3451.0,27.9616294186505,162.49045569390233,0.38513591988623996
3452.0,28.586687074438803,159.79845589479393,0.4166106853888995
3453.0,29.10348325519323,157.55006683583548,0.46808897203527844
3454.0,29.410188017154564,155.51646594232577,0.522842358084992
3455.0,29.56129337230983,153.29307936391987,0.5517674983350916
3456.0,29.712327925828475,150.80202286735917,0.5581988288417026
3457.0,30.21954075134888,148.71121978005215,0.61520758929289
3458.0,30.714425496681695,146.8922077425794,0.7118462434902361
3459.0,31.304251597910053,145.43578715452415,0.8017427179967569
3460.0,31.734902398541042,144.48589439423506,0.84503104198249
3461.0,31.86649252061478,144.11388810933136,0.89747656978576
3462.0,31.377022725427313,143.88660769138986,0.93044060095038
3463.0,54.302795914895896,113.51711685807977,5.084461491112502
3464.0,54.845604661673775,114.22547370612386,5.249643401572602
3465.0,55.20545398218981,115.82556831306027,5.274877742784039
3466.0,55.62754126596905,117.73367033996757,5.340047041223471
3467.0,56.55065056667755,119.1082694828757,5.679439669806251
3468.0,58.096447740042656,119.54664108517858,6.3118568480596275
3469.0,59.7988635310968,119.6616634608669,7.06869621845592
3470.0,61.133597942653154,119.43263638143503,7.823758955804856
3471.0,61.64942624274481,119.18283791080732,8.526523458046901
3472.0,61.547793168076815,119.64397422444542,9.169994028720039
3473.0,60.97384790342707,120.65756775582575,9.707810198548808
3474.0,60.3361239762156,121.4914559559067,10.153762302519796
3475.0,59.60640266622451,122.20711882705841,10.585321854203906
3476.0,58.992826521542305,123.41278490968249,10.859496258810001
3477.0,58.602086886896,124.62789135826024,11.113997743015688
3478.0,58.51539076491822,124.72775646341142,11.374476897214782
3479.0,58.73110461124308,124.06204611388335,11.377480401853367
3480.0,58.79774567113281,123.17869332894608,11.235769719281203
3481.0,58.60730754334855,121.74039825101787,10.941980980294241
3482.0,58.545271674739226,120.98019289064811,10.499599239978421
3483.0,58.803981275325164,120.97123362992237,9.816138214679459
3484.0,59.49454010925075,120.33189094641699,9.18604366044077
3485.0,60.29155826744792,120.0965099246923,8.600163581472604
3486.0,60.77714418699567,119.32653284247212,8.12319655493284
3487.0,60.866295704707994,117.89765893417893,7.664829678398695
3488.0,60.74343176190486,117.08941658309914,7.342304734726563
3489.0,60.62865768451479,116.58826099485145,7.094691817732511
3490.0,60.546805144521215,115.7118773505259,6.948340740467301
3491.0,60.65321455542172,115.04781866943854,6.89813265387053
3492.0,60.45685962224486,114.64373567394223,6.875778970164836
3493.0,59.69977455671894,114.09899624615144,6.91548523755024
3494.0,58.86488654549864,113.42504174323963,7.012309043929192
3495.0,58.23181852122355,113.57738594868711,7.0730751936736365
3496.0,58.01441426600197,114.36040726270049,6.990878776729
3497.0,57.73709237574227,114.60188662026077,6.863523114006024
3498.0,57.58102782970031,114.2060123576081,6.7746393651327885
3499.0,57.68100116632886,114.16358061166464,6.724785871113024
3500.0,58.03743549403642,114.56506980557417,6.7629682257555634
3501.0,58.6688070022213,115.41739134086183,6.876778263265441
3502.0,59.39260465640327,116.4761062692613,7.0185842700027665
3503.0,59.682539538783104,117.63425743444122,7.224894734663945
3504.0,59.36358569191378,119.36836323435399,7.485879148960239
3505.0,59.35992120252101,121.68791727876763,7.7403042037416485
3506.0,59.82927267058964,123.88354581213208,7.925017892733088
3507.0,60.49586856783918,125.40925497211309,7.894183696281
3508.0,61.006489929211206,126.88782208747226,7.793394533057735
3509.0,61.496750227265785,127.98942441299403,7.84838639351801
3510.0,62.004332764089,128.60996976901095,8.16639579394361
3511.0,62.574513908765375,129.03659585401886,8.65137451941961
3512.0,63.12764255954256,129.24726715770416,8.947022591574761
3513.0,63.7897547124833,128.982432290934,8.956177754411264
3514.0,64.62220302572858,127.98576302182688,8.8622013544083
3515.0,65.48936436954301,127.13702315297968,8.78611989275544
3516.0,66.01805829742206,126.96241857257282,8.738680632263401
3517.0,65.9024589772857,127.20920903443599,8.691040370054703
3518.0,65.15620939036452,127.08176632749182,8.673667316391903
3519.0,64.2894418744195,126.60696142914126,8.775562254042002
3520.0,63.59921917476867,125.57521280112132,9.030320273713755
3521.0,63.42854169008223,123.511904915281,9.384099559963973
3522.0,63.538222381808225,121.13140975940941,9.621409586532884
3523.0,64.11365281213001,118.33900695955768,9.609478463076176
3524.0,64.86630196449315,115.63462375478557,9.50430496545188
3525.0,65.18207525869722,112.82093979465363,9.432462312345962
3526.0,65.14545300614381,110.53794972083868,9.296285199340621
3527.0,65.0750177488556,109.21845334361161,8.91084314452053
3528.0,64.99945776110977,108.67763763252914,8.398613410785376
3529.0,64.73377783039878,108.54827073972199,7.961741115074946
3530.0,65.07950367281293,108.43462531795532,7.730628497424608
3531.0,66.15913288139613,108.16078873743791,7.61003098032197
3532.0,67.39424770324801,107.24667531384857,7.55380436107899
3533.0,68.31871093902824,106.48767448823943,7.557153405328398
3534.0,68.74171936876127,106.42661329358278,7.573123238065873
3535.0,68.63818261601263,106.59292273739723,7.670609104023604
3536.0,68.3642438135186,106.44596141347635,7.810495036017163
3537.0,68.54872251193504,105.89967469348568,7.8246942774902495
3538.0,68.90933404833974,105.00908891493305,7.480662387593602
3539.0,69.22968518366885,103.867179379659,6.76250397983262
3540.0,69.20187059113647,103.12797512972635,6.002818063213308
3541.0,68.92077120338811,102.96030856458623,5.538396435980444
3542.0,68.73686205262268,102.7041506022497,5.274753124024626
3543.0,68.89937168270541,101.62357382003137,4.987181302056044
3544.0,68.7778885796166,100.62188365349506,4.7218422542384
3545.0,68.6636793517521,99.9153609170191,4.585535200172238
3546.0,69.07724308911119,99.48092714547849,4.498731270212838
3547.0,70.27667125815834,98.75605773046807,4.318036580170188
3548.0,71.64270838687452,97.77158071341266,4.121097196559044
3549.0,72.53500228689275,97.00000784370721,3.938862931331334
3550.0,73.12712248199524,96.38602021880476,3.778534744716623
3551.0,73.4556051770627,95.83646943428167,3.6085677320913025
3552.0,73.67797196675178,96.2511595277023,3.4792709706241602
3553.0,73.57085428244805,97.37108549203015,3.4921832450093278
3554.0,73.6893827428741,97.693946642376,3.586964216148063
3555.0,74.56680960428115,96.60923510260007,3.7206344936428364
3556.0,75.54838384507472,95.75460329597817,3.8261265558926647
3557.0,75.7142652004629,95.72726300032221,3.8733355013031394
3558.0,75.53177931178442,95.9621573277234,3.859406567346817
3559.0,75.1515093327689,95.82691227183818,3.8601918328216676
3560.0,74.33486171897023,95.29894667446983,3.9274827256858176
3561.0,73.3049168526605,94.50160112020353,4.008801316128776
3562.0,72.26566974953087,93.16143795949927,4.060131303040562
3563.0,72.00258236175695,91.17549918271732,4.199953383914289
3564.0,72.77077398056315,89.24723682529081,4.456438034608398
3565.0,74.55611977317464,87.93898846389574,4.645143814076586
3566.0,76.01724465886012,87.05754464620983,4.579553305319029
3567.0,76.51415688361641,86.99898438031165,4.329001597387584
3568.0,76.12235385814125,87.6510425558036,4.21429042815169
3569.0,75.12975449895114,88.69259072770838,4.251626461782563
3570.0,73.7711249030009,89.84751749515243,4.340146723211535
3571.0,72.50906804072244,90.63054889286116,4.352208493203666
3572.0,71.96351885865386,90.5964457216009,4.286554420864177
3573.0,72.33744384222084,89.88156759730921,4.195215573364052
3574.0,72.88816741662231,88.84315579087927,4.118438261957344
3575.0,72.83416315454008,87.97917541756223,4.15440273051904
3576.0,72.37960027638121,87.8460174739016,4.270317148456685
3577.0,71.62515453890329,88.35502897391792,4.422039315646702
3578.0,71.07496527057317,89.429988168049,4.471884190489
3579.0,70.96792420669937,90.6419378455875,4.4208694853615045
3580.0,71.26018223385964,91.68718763093642,4.260528336408373
3581.0,71.52818529734171,92.19892923014802,4.081669951597061
3582.0,72.00912002756795,92.19422160827247,3.893590183204333
3583.0,72.73877179187595,91.54267571169207,3.7065611096121973
3584.0,73.31289874945122,91.01744696910548,3.665287773804457
3585.0,73.65379570146669,90.59199658109584,3.7589133335405585
3586.0,73.76027411621683,89.88107593463656,3.932012495340878
3587.0,74.07436724648795,88.84145013077453,4.060024993563138
3588.0,74.58301013350773,87.75973726619955,4.0574792611604735
3589.0,75.31472549379251,86.9543540071444,3.8897454488589376
3590.0,76.22691438939887,86.29649054293938,3.597239496321
3591.0,76.89681420554577,85.6505489702769,3.3243854395234727
3592.0,76.99793794294268,84.66145925599912,3.111985902511909
3593.0,76.7212580389345,83.74606437186226,2.973465278026254
3594.0,76.92561211401909,82.86663788905886,2.871993346128922
3595.0,77.57441227413908,81.86420976331341,2.769116684077016
3596.0,78.0157540721234,80.88005751475606,2.6875706533381925
3597.0,78.36036735391994,80.00680387343004,2.6788810665457126
3598.0,79.0284425185166,78.79787703337124,2.75439862297161
3599.0,79.97522431761425,77.1203208865788,2.90455191220516
3600.0,81.23210197172921,75.10849299170398,3.0339066396439165
3601.0,82.58441469061056,72.81460181951961,3.096389660653454
3602.0,83.63869088046157,70.82782053658754,3.0421129076738525
3603.0,83.93679892846407,69.55391833256466,2.805717862768399
3604.0,83.56355729175782,68.72701496070914,2.5263105173776093
3605.0,83.28814538003388,67.7463926046753,2.3691922977988864
3606.0,83.15886170496769,66.82176081444831,2.332239259692385
3607.0,83.17931812390036,66.06056828421816,2.3533135137557957
3608.0,83.54867754618176,65.20828477062278,2.3737951309132512
3609.0,84.04793544766454,64.30392781434954,2.3728691913604805
3610.0,84.21303642117985,63.87945201842884,2.3818736622239998
3611.0,83.9412096133866,64.0630036580793,2.379587764576563
3612.0,83.75334602664057,64.38969477181546,2.35724373609124
3613.0,83.82425474292334,64.74889020316363,2.3107448704686337
3614.0,84.13399144868805,65.39612980585575,2.2564795582588903
3615.0,84.78267074349036,66.18131259391265,2.2788940922884096
3616.0,85.68828570053869,66.92184643377921,2.3899005233766957
3617.0,86.2145299345733,67.88880853420089,2.51387462171209
3618.0,86.18761263361742,69.37338640880795,2.577745975738882
3619.0,85.86053656379137,70.70604296272734,2.5595338132255763
3620.0,85.86123745272921,71.52918615355041,2.584286642035156
3621.0,86.38584533568198,72.24982354010773,2.6721001402566404
3622.0,87.1524310676153,72.8899618303217,2.7109340949231027
3623.0,87.91365919649112,73.495129642193,2.592491856608456
3624.0,88.74807364790416,74.09236363271009,2.447763163891752
3625.0,89.52976040955954,74.70165349351993,2.378733677601072
3626.0,90.16882708040917,75.28494605895783,2.4253404864092203
3627.0,90.99386409615616,75.8699872032102,2.53946725718436
3628.0,91.98466325108406,76.45298603985363,2.6529576784950626
3629.0,93.19661072022627,76.95622867275421,2.762235324366812
3630.0,94.17026870412141,77.59008889260932,2.840496913015664
3631.0,95.06988732851218,78.39563576516097,2.8840728641289886
3632.0,96.1847520897492,79.40474599988676,2.878823263127012
3633.0,97.52981292852671,80.4340383480966,2.8918660851375377
3634.0,98.709937111539,81.2780413732309,2.95237756410256
3635.0,99.74095917300498,81.71299993187147,3.01200155504161
3636.0,100.5197927113404,81.748234009729,3.0084208357104005
3637.0,100.7218417584193,81.99259162827265,3.02674572027025
3638.0,100.61482653514143,82.83082847953693,3.106332013943523
3639.0,100.38820001863743,83.52344930387825,3.2139720317944844
3640.0,100.68863989762934,83.79099809480928,3.3193573234371225
3641.0,101.89911134541046,84.36758325311948,3.4092048877544325
3642.0,103.92494543040944,85.10914413169458,3.549062518665625
3643.0,105.34399298822396,85.62741234183578,3.7213301241360037
3644.0,105.66725780170981,86.37228255219408,3.8151038389576457
3645.0,105.31960717991623,87.21315574261851,3.7942001470462485
3646.0,105.05424891200626,87.72457025739698,3.783545383194413
3647.0,105.12221924393779,87.52796089014191,3.8169563890605627
3648.0,104.68241297063122,86.1073424925657,3.7634106971804635
3649.0,104.18785620608229,84.47459331405733,3.6081181813022782
3650.0,103.95671653766556,83.9533025317081,3.482372690265723
3651.0,103.38889447900704,84.45005180168707,3.407527156816323
3652.0,102.23990722181001,85.2674542765096,3.2826211605082807
3653.0,100.90586282919246,85.873951059036,3.173727606086892
3654.0,99.57123378911459,86.2471514785968,3.0713860765719616
3655.0,98.62595331946359,86.2613547578948,2.9777026765484944
3656.0,98.36902538618062,85.92053778723556,2.9177559588988795
3657.0,98.43503834568808,85.36793264647545,2.90583298622016
3658.0,99.04891721439006,84.8277355943549,2.9419276431594255
3659.0,99.91855019193582,84.39263604546946,2.952705964868481
3660.0,100.44811730110388,84.21151143308997,2.8314713813155223
3661.0,100.58532822522616,84.18498593397752,2.6132214227488997
3662.0,100.43886405045185,84.03799018249723,2.4365737062659525
3663.0,100.17370016392793,83.82591263968659,2.3271647422725628
3664.0,99.721917194387,83.59248381512978,2.2665640335458885
3665.0,99.67557315963964,83.44719092120354,2.2832637010697283
3666.0,100.50963988264917,83.32215447628509,2.453577287494212
3667.0,101.64419222392532,83.60015871813383,2.660177179544601
3668.0,102.46567777775026,83.98574696283895,2.7188200283848705
3669.0,103.3015961518149,84.26115359004201,2.5574828910385037
3670.0,104.21516176359755,84.71558069723129,2.312004881804509
3671.0,104.99519452281703,85.08918915171402,2.0412927298401855
3672.0,105.37830021960849,85.15920404875976,1.833632064301224
3673.0,105.28024028903137,85.35466416457743,1.751750640371609
3674.0,105.14224700712121,85.89259913698903,1.7260456355451135
3675.0,105.4822440583431,86.46185788559264,1.7220389315643356
3676.0,106.3130160837577,86.44363176629557,1.7770266482456567
3677.0,107.07111551550136,86.19214352396176,1.8746779700454397
3678.0,107.42348108444699,86.43912457972621,1.97857532321856
3679.0,107.54383992336386,87.33726897975154,2.0958268643944677
3680.0,107.67395706000696,88.42708548848329,2.173059758104229
3681.0,107.58877969185127,89.00502853284554,2.2302622574071878
3682.0,107.01767105068241,88.58887332939572,2.24633369475076
3683.0,106.68456659317775,87.46896763208808,2.216583086710809
3684.0,106.85993399916394,86.41567549441022,2.1803316127491597
3685.0,107.1179884825022,86.151617436125,2.155610388444084
3686.0,107.27840242852831,86.60036536342078,2.1667280938006197
3687.0,107.97350092794984,87.02812575539275,2.2100607885703822
3688.0,109.12970385081731,87.24206975115139,2.2126504190038414
3689.0,110.09929841402082,87.26597950002886,2.1336387932738026
3690.0,110.60890567914745,87.23447434683128,2.0699616517673767
3691.0,110.7250219492738,87.44708774059384,2.0646062596514883
3692.0,110.5809267657265,87.49803644656299,2.048296429335185
3693.0,110.255013386992,87.21238417280038,1.9760254116311236
3694.0,110.48132365217292,86.42523186396548,1.9125994103091117
3695.0,111.195758549106,85.45942260812197,1.9552738205183233
3696.0,112.1098985579305,84.68589342738757,2.0824340544313737
3697.0,113.09431262017777,84.90489553541755,2.0891018082935027
3698.0,114.29279154786126,85.65655707955086,1.9595766348644643
3699.0,114.73536397745266,86.07229348163963,1.8363905429926146
3700.0,114.15915033576509,85.61763036765862,1.7551897379813475
3701.0,113.46075099543076,84.83075196080766,1.6416646774816368
3702.0,112.86378954496692,84.48021922256385,1.563082854344934
3703.0,112.03303846681258,84.50332463590962,1.569591202418893
3704.0,110.98617274640617,84.5510428259288,1.57019620378009
3705.0,110.1047742658185,84.34246768906918,1.5378459762366725
3706.0,109.232806684442,84.33207358323014,1.53795912496704
3707.0,108.49556293736174,84.51782175507194,1.5630077662455477
3708.0,108.28164429519929,84.46442358807312,1.5176675646709799
3709.0,108.06757768806915,83.8887299600568,1.404350802417486
3710.0,107.86033217277239,82.79009076079222,1.3056115438489597
3711.0,107.31528938025268,81.93092543893628,1.25491863599688
3712.0,106.06668022762777,81.70584223168655,1.246524843860713
3713.0,104.89830303400231,81.99216658824676,1.2535704859813444
3714.0,104.01286018215042,82.34141742980715,1.3099896435938843
3715.0,103.08032921198378,82.64572681356903,1.4434311134122886
3716.0,102.18659426355703,83.07176856916195,1.6576398730404498
3717.0,101.33238600860929,83.59150827134306,1.94115977367601
3718.0,100.5690965815371,83.90692857165915,2.2476781193237056
3719.0,99.71117864614126,84.23405748269174,2.5180604239168574
3720.0,98.86442088545273,84.70015660505344,2.6842370224706564
3721.0,97.78161585714406,85.18367449557005,2.6623205559116103
3722.0,96.24510147407908,85.56768988369707,2.469664046911591
3723.0,94.98089968366139,85.9206519854584,2.2600590877435045
3724.0,94.33174133471842,86.53004485411726,2.1542830173057603
3725.0,94.34820116385207,87.05075444067639,2.210107914907649
3726.0,94.76681116094413,87.01663499874013,2.3382074544992286
3727.0,95.07181947339798,86.24143732247822,2.498889056924751
3728.0,95.07974287682734,85.28786456812324,2.6736347794025956
3729.0,94.9821832117633,84.76725435509955,2.8845255689665916
3730.0,94.76616087577239,84.76408057762026,3.0849049890328577
3731.0,94.26439827413198,85.14840428947448,3.111418846491673
3732.0,93.63487461610201,85.61887878420897,2.968038944144068
3733.0,93.23535058181805,85.83292285289903,2.789244164217241
3734.0,93.49406255382652,85.71396171967224,2.704083820553417
3735.0,94.44918238404948,85.29772392220936,2.6821912922012965
3736.0,95.84641809021619,84.88394147347843,2.7219046465513763
3737.0,97.17719361013843,84.38071232935238,2.779374618313922
3738.0,97.86503507746619,83.6373062697373,2.853264579872028
3739.0,97.7676773847203,82.57065809607441,2.929733022070764
3740.0,97.02961084528492,81.63747191850847,3.0453029150409368
3741.0,96.25826932600623,81.53400303184759,3.134266766034602
3742.0,95.98142218283837,82.16794579445833,3.15482001046969
3743.0,96.31700554835002,82.73964610520362,3.1631890227502093
3744.0,96.51762342582043,82.90824196216161,3.231183773538384
3745.0,96.60137324227205,82.55596914587474,3.3084856091304897
3746.0,96.76845338489382,82.00711989428864,3.349026454193702
3747.0,97.09519676241024,81.83284049695735,3.4042437836153043
3748.0,97.61607229596225,82.18979251782831,3.460496652490641
3749.0,98.0186189314774,82.81896337853655,3.4671996277064037
3750.0,98.05510721273728,83.4163916479805,3.466964567534969
3751.0,97.31880328715908,83.77553612360732,3.4746575361174883
3752.0,96.27769614700641,84.07149165607557,3.428226441332761
3753.0,95.61378643088585,84.14755072283072,3.2420634164206863
3754.0,95.45826927670403,83.90250541413397,2.988064217535276
3755.0,95.75562822446103,83.72557845429796,2.8450936492794914
3756.0,96.68039836568482,83.81137446535546,2.88778804341049
3757.0,97.89968842876857,83.75865042749403,3.0049469472317583
3758.0,99.01780428840713,83.54147718374522,3.0616248875250025
3759.0,99.54006626727778,83.44054702641846,3.095380931968081
3760.0,99.45146110754892,83.43698019384024,3.1032460456426274
3761.0,99.23438106767024,83.34068755178416,3.0478385198037605
3762.0,99.23075028032983,83.22410394499065,2.8866854748980195
3763.0,99.47914340106287,83.56577919345263,2.7135387782194176
3764.0,99.57849949522341,84.39865775036311,2.6124927345541473
3765.0,99.67703418923384,85.24586276952331,2.604837475331792
3766.0,100.09716399064327,85.74352990789883,2.6045283806273174
3767.0,100.97024569344723,86.24871057619819,2.5640856928651132
3768.0,101.50303513701995,86.79072087996212,2.5551277604428897
3769.0,101.25000908125033,86.91570142553843,2.584135243153684
3770.0,100.32437622406427,86.55199058175675,2.5904420939838015
3771.0,99.07370584479244,85.97919486606094,2.5444293166630274
3772.0,97.94442525406002,85.67417836760407,2.478496749678608
3773.0,97.1361658265544,85.5730042523741,2.4212851915782436
3774.0,96.77632361501766,85.45361110571781,2.432588164396435
3775.0,96.96135728993347,85.60195394712974,2.5165483292232973
3776.0,97.72883562003659,86.23120153468746,2.630918256751514
3777.0,98.46685382577155,86.6526506272143,2.68153332150544
3778.0,98.8629869026937,86.93743492788566,2.6765819561301125
3779.0,99.23549498199598,87.31866973869354,2.658216094541395
3780.0,99.5425371806884,87.81378930016142,2.6713992457440647
3781.0,99.06967548316501,88.51692647315791,2.6247398870040093
3782.0,97.96909034184364,89.79041380999294,2.5182902352941086
3783.0,96.81303079193769,91.4347260095105,2.406830696849177
3784.0,95.77947281471953,93.31633300223942,2.267132700798005
3785.0,94.90404356649401,95.03870134966907,2.058598555350524
3786.0,94.14731225087537,95.89608019783935,1.8065322293289996
3787.0,93.81645598736364,95.45102162904098,1.6148971594588815
3788.0,93.92818633068025,94.12759494064252,1.549306992068792
3789.0,94.41921077958214,93.33078575136456,1.5767115688614977
3790.0,95.19208653210626,93.27018787710763,1.6657570302924098
3791.0,96.13343984447178,93.485720706018,1.7934177498428305
3792.0,96.93331653987073,93.19625314236643,1.9232460810597904
3793.0,97.18062042593591,92.56149591426778,1.9568184481550932
3794.0,97.03821749350078,91.8068276435852,1.9147837118004098
3795.0,96.63690788050144,91.23274640231388,1.8010487080360333
3796.0,95.82679676023174,90.5256870346215,1.6721788347064515
3797.0,94.6098054332167,89.57249692205855,1.5604644883613805
3798.0,93.6821485983252,88.64934514257473,1.4728007609154008
3799.0,93.70836839583656,88.01581830028516,1.4035438498217534
3800.0,94.922446072788,87.6014463193212,1.3578550585053442
3801.0,96.41051972808567,87.02437185189429,1.319788288479752
3802.0,97.48987882210761,86.88363915496399,1.3359803918205924
3803.0,98.15247254481743,87.37022916065892,1.410466964613872
3804.0,98.62405033892021,88.2574203292182,1.5049022400244847
3805.0,98.81563313395179,88.70808347856972,1.6066682989536398
3806.0,98.33613291923099,88.566572416903,1.6377306539770202
3807.0,97.3579335044135,87.913107687601,1.6390009382934783
3808.0,96.41226082078873,86.67947118377909,1.6292706601694766
3809.0,95.66247354645148,85.17811307409713,1.646440997035609
3810.0,94.55633819638955,83.64108535123299,1.6669148857647367
3811.0,93.18136368414528,82.48406795983452,1.6288311387697558
3812.0,92.01538899690964,81.758892626335,1.4587021891241536
3813.0,91.31744657026408,81.06942448943008,1.2386951201615763
3814.0,90.89236942297605,80.06041869023548,1.09089376711396
3815.0,90.4098122352155,79.21356929620828,0.9998083691814722
3816.0,90.049072957561,79.12588281196174,0.9391839219896003
3817.0,89.56543898354559,79.26311644768994,0.8606611142743329
3818.0,89.00960948507176,79.34427633393378,0.7946496199906884
3819.0,88.9453474898945,79.19017506661726,0.7571577855454595
3820.0,89.48414586442811,78.59643012625605,0.7375908239739664
3821.0,90.1176447816647,77.90504515948923,0.7396992817315983
3822.0,90.48229622587745,77.26706173098214,0.7499235253515624
3823.0,90.85814324533445,77.12718596182809,0.7535513062572888
3824.0,91.1851606982098,77.56714420886289,0.7579273485714527
3825.0,91.55871892554192,78.31193487231349,0.7314720452247321
3826.0,91.85265213068396,79.0465920754902,0.66350326916041
3827.0,91.74949788292147,79.85183739236938,0.558486868525644
3828.0,91.137954379062,80.42203086816893,0.4395309578831161
3829.0,90.31780092919685,80.83112715051236,0.3402787538895889
3830.0,89.52116058908756,81.18349248064182,0.287922829055048
3831.0,89.01551387577908,81.45620778016028,0.28397196525603996
3832.0,89.12209261512905,81.80496064570588,0.3241304318462116
3833.0,89.6798882280537,81.99284752209601,0.35950529007376
3834.0,90.3536226671391,81.75756869291664,0.3422519222294601
3835.0,90.70650914153232,81.0938474874458,0.28446339587120995
3836.0,90.86300822903684,80.7307168396491,0.2197044005588496
3837.0,90.95106903719245,80.97299595105011,0.1745906583698209
3838.0,91.17834525654197,81.19910806793975,0.13849683571165686
3839.0,91.28175260463739,80.96289581011207,0.10054102009056157
3840.0,91.33635794983248,80.86770762043264,0.059855374206816366
3841.0,91.55103126520271,81.29525635342698,0.027903544255731598
3842.0,91.91641754651721,81.78317706878272,0.009422179151768085
3843.0,91.70651839401215,81.6368352892916,0.010201305022280104
3844.0,90.88626010862369,80.84030233171966,0.033769483342562474
3845.0,90.1272762889146,79.90163145982656,0.06997717373336007
3846.0,89.63939116520642,79.36038376591803,0.09656986954302486
3847.0,89.4030091696406,79.23993334940862,0.0942204941357449
3848.0,88.93923323452401,79.60940770292459,0.08646262669027838
3849.0,88.41575474047033,80.42764877565537,0.07883558895609757
3850.0,88.03748604825168,81.50049774251401,0.07178146933800957
3851.0,87.67049213533492,82.6757384644,0.055237671926841606
3852.0,87.24090650829578,83.65591368865005,0.0271109199575236
3853.0,86.89005874222504,83.99495374505369,0.007975009734468103
3854.0,86.63935788318383,83.79309651183186,0.0009490798749796041
3855.0,86.16114731299447,83.48418697411441,1.0693881022500542e-05
3856.0,85.26907947490815,83.03785581386988,0.0008208345330441069
3857.0,84.38459874360319,82.73142067604682,0.0020270534202961074
3858.0,84.09258986507741,83.06660790985984,0.003986246675092911
3859.0,84.46469911807426,83.8966419423112,0.008663071038384405
3860.0,85.02003714463673,84.89215104459807,0.019138395523728105
3861.0,85.13353264865823,86.19497441607002,0.03822956027691613
3862.0,84.80030063499993,87.59291584559784,0.06721951729325293
3863.0,84.39964038128875,88.61909460731395,0.10024360813354412
3864.0,84.40045471252344,88.94383531629552,0.13970555283664365
3865.0,84.59851106152112,89.02566978774271,0.20175790213659608
3866.0,84.57566614149857,88.97214265172097,0.29549915525075554
3867.0,84.2021470719364,88.54519835617145,0.40423918581572504
3868.0,83.75561950376076,88.1254346834699,0.529939403658197
3869.0,83.67141126815747,88.28573831376883,0.6509204310529602
3870.0,84.28969123327423,88.99949241373488,0.7233556591901125
3871.0,85.89399042866516,89.77267318276427,0.7344770755883047
3872.0,88.01828081945811,90.44213286902334,0.7633353868450489
3873.0,90.13018532250408,91.01500199579087,0.8262112811707224
3874.0,91.68674984679123,91.50360195106728,0.8619361039784196
3875.0,92.71827266347586,91.94517519118989,0.8774477493296763
3876.0,93.52588631974064,92.2283510365453,0.9574845207895041
3877.0,94.33821557265473,92.02258271902242,1.0813665118023075
3878.0,94.91921187543676,91.36046957261173,1.1760221075369814
3879.0,95.00172041818274,90.81487828341807,1.243090779922836
3880.0,95.16524711824187,90.51454437713423,1.282254003558903
3881.0,95.630939193749,90.2489493030581,1.2846125610562498
3882.0,96.133922239573,89.92333785662137,1.27058664829712
3883.0,96.55084001322369,89.78223431314052,1.2261668174661886
3884.0,97.37909761999104,89.3943912345989,1.1691103206414022
3885.0,97.89102506003366,89.2366949560401,1.088147255860421
3886.0,97.99728683229242,89.66052493721017,0.9678575210062498
3887.0,97.42027142376921,90.86104612973084,0.8421838619371776
3888.0,97.24835428022233,91.74589904819136,0.7543515870869058
3889.0,97.86191040182041,91.80328440654928,0.6964694629924516
3890.0,98.73177389519405,91.27738774855679,0.6176030992201984
3891.0,99.3854169935678,90.5588037534971,0.5401113602768363
3892.0,99.83723148793024,89.46564591245473,0.48576907666024965
3893.0,100.24590418658828,87.87400447332904,0.4676567720139226
3894.0,100.58197327728661,86.30677869938498,0.45345797083469436
3895.0,100.36423145875281,85.25246495237928,0.42235493245456
3896.0,99.6516205502836,84.59691838751205,0.3615456595196891
3897.0,98.9132532991325,83.76845302886555,0.30764998971020263
3898.0,98.53551144153023,82.36079184153701,0.28989005535907214
3899.0,98.2077456187197,80.76040987358896,0.27415168213740165
3900.0,97.47974748808056,79.35116806945109,0.22155385833620644
3901.0,96.24895918133608,78.32206847459439,0.1543677147177649
3902.0,94.7036514373476,77.61556523392112,0.09470245507276961
3903.0,93.25922850560798,76.85642104826434,0.06187893559775296
3904.0,92.12684765397638,76.1019574853481,0.04469609926683037
3905.0,91.45065667268666,75.75979861003005,0.03367224633000012
3906.0,91.1651940667325,75.74673045003526,0.026002123653027592
3907.0,90.89369423756041,75.83145529695067,0.02325536855835213
3908.0,90.3689430638156,76.01182864492262,0.02692411038106244
3909.0,89.2653373950436,76.22073851933814,0.028557508566708894
3910.0,87.67922395996789,76.13895668563488,0.02218500624154242
3911.0,86.34724796583755,75.64322541462373,0.01596283160481002
3912.0,85.80893512911034,75.07452235916247,0.013866355425140092
3913.0,85.8395619978802,74.52280779844878,0.013450497522638384
3914.0,85.89147588014778,74.50899635609399,0.012710458672048897
3915.0,85.93545779743296,75.33013045156623,0.008984181059406389
3916.0,85.94862801619593,76.46652159839044,0.006148070076736918
3917.0,86.05175892602021,77.14689642889635,0.007205470015801613
3918.0,86.47073779659162,77.46090862713015,0.009464069643902487
3919.0,87.21849649641493,77.58788025910694,0.008239142068878389
3920.0,88.09697854204087,77.6112343132588,0.0037944639046083944
3921.0,89.01300536794277,77.33204950269177,0.00018623078328959815
3922.0,89.9985509773787,76.70590486305791,0.001769070518502394
3923.0,90.85278998829556,76.20150393484337,0.00921663553095609
3924.0,90.80235289860146,76.0037131807177,0.021546470340865608
3925.0,89.67845315809005,76.26814000182401,0.0377510793951769
3926.0,88.28737210634144,77.04339888457908,0.05451719717707238
3927.0,87.43707239521497,78.16535263684646,0.07956539734609208
3928.0,86.95616044232426,79.4616817443178,0.11073558671798488
3929.0,86.84824573345799,80.58858187343364,0.12099347954696885
3930.0,87.40480620737014,81.04512544314383,0.12672406716089754
3931.0,88.51972491295132,81.18475841702742,0.13570022903501436
3932.0,89.9597302337029,81.37585488026635,0.14030129899442248
3933.0,91.57112737382417,81.66372224973111,0.13283198088388834
3934.0,93.28912227288954,82.00872857062771,0.1206490075208356
3935.0,94.69209962552038,82.24451734470168,0.13854641074433288
3936.0,95.65174381122391,82.62384775270921,0.18543631454084886
3937.0,95.95932218234773,83.27831908877587,0.2348595102837636
3938.0,96.11452012595772,84.11171118821454,0.2630610348354576
3939.0,96.66933993522055,84.91589786781506,0.2945601513372816
3940.0,97.88903697190987,85.81199427227885,0.3321273608162064
3941.0,99.28087492180647,86.70489095865614,0.3741296927164163
3942.0,100.73594347233129,87.72022348587439,0.41422377897279605
3943.0,102.0535619096297,89.13803749273484,0.44212203739385647
3944.0,103.19821797450662,91.19696929685077,0.45129479063964834
3945.0,104.12193905889058,93.63249111296018,0.44112481752039834
3946.0,105.06357850776783,96.16205169249251,0.4012883584655625
3947.0,106.16580361399757,98.36512661340507,0.34989858407550756
3948.0,106.74571061682728,99.96461253123641,0.28787032129883033
3949.0,107.03697205146543,101.04218169875494,0.23219532382224997
3950.0,107.53446389339686,102.19477927084922,0.20095811430359034
3951.0,108.45580199986918,103.06971468232233,0.1873297158249609
3952.0,109.55898623307696,102.80870323632354,0.1860149629820304
3953.0,110.61785336840504,101.94016843499773,0.18483029497072356
3954.0,111.43476811940624,101.01421843887732,0.19672018262162014
3955.0,111.76985894344479,99.64172487880383,0.2387057749125625
3956.0,111.9941566855689,98.06106728631256,0.308534378514864
3957.0,112.52886373390281,96.55632262202697,0.37791991084864807
3958.0,113.13823919298059,95.31810559851665,0.44910956025157683
3959.0,113.61471268991005,94.73097871221408,0.507963512229048
3960.0,114.08919790739535,94.93492196257449,0.5377608183559329
3961.0,114.76177310067163,95.39249539655091,0.5555393479078143
3962.0,115.35357753183976,95.30101391177537,0.5629666717521025
3963.0,115.36890678104578,94.50434368318348,0.5422139144550976
3964.0,114.92211729726063,93.48285856933157,0.495426740631425
3965.0,114.42728775805757,92.41181388867244,0.46493552793647613
3966.0,114.07416688665775,91.0396621648114,0.49204261027709995
3967.0,114.02687702780096,89.60995059313555,0.5843011072247281
3968.0,113.94745108558179,89.27409650385871,0.7333150613989489
3969.0,113.84582236599942,90.18783643814363,0.9152492888870243
3970.0,114.59177297307698,91.0684447589686,1.0911791736468484
3971.0,116.18614230627043,91.14595882292211,1.1944504757282723
3972.0,118.04992689973403,90.74443156300458,1.194861685405344
3973.0,119.84299982739323,90.39722658447425,1.1299038390394223
3974.0,121.55545046989097,90.0025595561517,1.0582338947286016
3975.0,123.08763735537424,89.40985759738439,1.0460121828419169
3976.0,124.36986525052644,89.07648710648074,1.088238887467872
3977.0,125.26585142868431,89.4317753122695,1.1684024875358223
3978.0,126.24043787304254,90.35389281229426,1.2394403189663714
3979.0,127.380002021272,91.82135946324213,1.2791832807970223
3980.0,128.28389035962962,93.54775925672206,1.3125773464501822
3981.0,128.74369220845063,94.84405598495567,1.3820773527509795
3982.0,128.97260749988337,95.35622708693269,1.4936780476718885
3983.0,128.98643249973637,95.44394229256724,1.6309288566230624
3984.0,128.38437656664803,95.64575100754126,1.7709902067045138
3985.0,126.87439499363106,95.89022310482652,1.9182267174003844
3986.0,124.7561826088797,95.92232415255258,2.085522172358364
3987.0,122.82715671761915,95.46892073657041,2.2057487608957955
3988.0,121.45496711361527,94.46688623320742,2.10531597225849
3989.0,120.61849536943012,93.28722436186156,1.826499298613768
3990.0,119.82251330118983,92.52971449824214,1.5652087729756414
3991.0,118.72189027764455,92.36506876586056,1.4045542122932098
3992.0,118.22469004028979,92.30069346347851,1.3275079680171025
3993.0,118.2728885240226,91.92513299686102,1.1994994885328898
3994.0,118.44782918854104,91.48400526265256,1.0496864327090434
3995.0,118.34335704347288,90.66360270761994,0.9836652365650199
3996.0,117.76429465389823,88.77440792865549,1.006155623882148
3997.0,116.6558424099049,86.82302299007029,1.0644008870077637
3998.0,115.19409080285804,85.61864431215855,1.0963575533924836
3999.0,113.80868597435486,85.04444682890023,1.0794924692485126
4000.0,112.34872273098144,84.73063725988214,0.994070396208024
4001.0,110.99733654259803,84.44963128286878,0.9130880335809599
4002.0,110.17969313231832,84.579382857025,0.8677996925358289
4003.0,110.57900765029673,84.95551364132014,0.8590539996447555
4004.0,111.57313973409521,84.8670575617845,0.9165662970525961
4005.0,112.74003442863743,83.75427053245295,1.038155844674449
4006.0,114.20799624916766,81.93515293887481,1.1940470514451598
4007.0,115.80818387629681,80.28457277631948,1.3452507234683133
4008.0,117.33957904326024,79.38666549648023,1.4847483425062502
4009.0,118.6028340802814,78.96112609109356,1.630068576939132
4010.0,119.48184363093348,78.72876735530748,1.763731172030268
4011.0,119.86985961467967,78.61595344213914,1.822029447377004
4012.0,120.03586886530103,78.73293626476408,1.754597427404352
4013.0,120.30328308029323,78.91466568474542,1.6588900074793216
4014.0,120.88623615268729,78.83048992636601,1.629546176223504
4015.0,121.52391708177191,78.30992854849768,1.727572361149961
4016.0,121.96698417753967,77.72871147276544,1.9325199140130813
4017.0,122.14696040653456,77.48413740730551,2.218265444148063
4018.0,122.21133668623085,77.44063307329384,2.54372929559329
4019.0,122.10756095244099,77.3639755798436,2.8264838762249997
4020.0,121.51037429374234,77.10114575040015,2.9900038851540724
4021.0,120.86966993380199,76.90471026582362,2.994287343936847
4022.0,120.57978882427707,77.06163192853074,2.850344970614461
4023.0,120.43531492253416,77.34008308224593,2.6257226049945857
4024.0,120.58293047533235,77.17847327357374,2.38770423031204
4025.0,120.93172009525058,76.35073475893556,2.1973424595203452
4026.0,121.39174914914192,75.39601096392077,2.0238698004277285
4027.0,121.8184141273302,74.44517328596748,1.8760358486897761
4028.0,122.2639752867533,73.46965275942264,1.7606368597976063
4029.0,122.53367018508227,72.44099747192095,1.6602008365185958
4030.0,122.47587166848307,71.49821241726163,1.5672864600281344
4031.0,121.9904214921693,70.4567510621499,1.4971334558334022
4032.0,120.87014092040422,69.45802971990551,1.4861234727608892
4033.0,119.68236422078999,69.0230356433867,1.5100695944542324
4034.0,119.12453250287247,69.04409606190285,1.5081518231489888
4035.0,119.27657190269359,69.3893526529382,1.4555953899171366
4036.0,119.5050193095021,69.54336759266089,1.4322006534271396
4037.0,119.66735224466962,69.2609214664972,1.4321769100876836
4038.0,119.79621986680141,68.28438659071307,1.4071876390003597
4039.0,119.66935785652288,67.13326150151164,1.3773226890609667
4040.0,119.73259695925837,66.21489533698758,1.4105643757755488
4041.0,119.99841818020312,65.9085228002972,1.469740707117677
4042.0,120.57605183916979,65.96339467250331,1.4486954955362286
4043.0,121.15957920004645,66.46975460353411,1.3952858857728396
4044.0,121.5652117330955,67.53896048259443,1.38297741120036
4045.0,121.6357268714918,69.05149434239547,1.4075389805503502
4046.0,121.51171273126612,70.71022668351002,1.434396350176637
4047.0,121.65469680707344,72.17723436047157,1.428496753254917
4048.0,122.30353400137555,73.40873236914595,1.428811848559472
4049.0,123.20203876460829,74.4207531048431,1.4120693434114577
4050.0,123.63394827451935,75.44052582414132,1.416339271506281
4051.0,123.40873655347328,76.40263371441718,1.4209937402415365
4052.0,123.22888515360542,77.10358575779254,1.4245576160457891
4053.0,123.55763246072065,77.37469524559923,1.4714672789010599
4054.0,124.24156640617402,77.3045670736705,1.5645406908723198
4055.0,125.16609128910756,77.07086189402139,1.7090827585899662
4056.0,126.5154912908849,76.91362808712306,1.8593848333184642
4057.0,128.3627150275017,77.04255993944214,2.0025154817349695
4058.0,130.16652777850555,77.44970670415223,2.1253389267718084
4059.0,131.4074062299183,77.6839727994644,2.2662735394092675
4060.0,131.26155688271982,77.55681632443834,2.4362534404910527
4061.0,130.49606232173105,77.3895864954801,2.5369881710472044
4062.0,129.7464203587631,76.98341379937057,2.5732941746159024
4063.0,129.879144628074,76.42649655186901,2.578225796455412
4064.0,130.34305166198044,75.36105968319502,2.566514378986803
4065.0,130.54746713574272,74.16999538527213,2.515427180856629
4066.0,130.9755884715075,73.12315295751513,2.3826415626421777
4067.0,131.29030805295892,71.96026731110643,2.2202878631740415
4068.0,131.92107937037605,70.52337101092913,2.079985173464237
4069.0,132.34694896116736,69.44138092267622,1.921434084133481
4070.0,133.39608058722843,69.4213328121401,1.7807824507213519
4071.0,133.80023660159526,70.2110995586327,1.7794180937518562
4072.0,134.13630533238444,71.17696097033873,1.8522347952629887
4073.0,134.24971528752985,71.62596125002158,1.87126526064632
4074.0,134.38347206232334,71.35441458540687,1.869119055600144
4075.0,134.69843959745717,70.82383851272759,1.917463851820536
4076.0,135.461162411531,70.17543129446194,2.036034791767548
4077.0,136.4464611600382,69.24047255223942,2.1858824412984603
4078.0,136.9279614094355,68.4593477184296,2.3367003828388415
4079.0,137.1892026785979,67.9650796153247,2.479502876428313
4080.0,136.96141534789638,68.0532182414625,2.55909124866168
4081.0,136.81207973156415,68.67987018650423,2.4838510496869164
4082.0,136.56343108283664,69.55600899420124,2.351825259111116
4083.0,136.7639205940156,70.3047031764042,2.3347676809885156
4084.0,137.3367608099167,70.94027936577966,2.487482336995685
4085.0,138.54889353758438,71.24617092176318,2.7065199373291846
4086.0,139.93387393735202,71.12146373732598,2.958272858966042
4087.0,141.34946852860904,71.0377502379814,3.271643595118361
4088.0,142.69372744288611,71.36184962634437,3.7157317794652225
4089.0,143.0989400716255,72.07993733169177,4.32897613057149
4090.0,142.42111882230145,72.89064142182663,4.92869242273754
4091.0,141.6312691925746,73.89425213838756,5.227799962520591
4092.0,141.09736225346276,74.96179724823554,5.269429883650255
4093.0,140.36665294879924,76.12155204998022,5.274536043774355
4094.0,139.8224937752122,77.04783752280885,5.3262447815962215
4095.0,140.03053535246505,77.45740966637815,5.493796518203405
4096.0,141.14376302088328,77.60297770728235,5.949967979701584
4097.0,142.63401218560116,77.94326949970709,6.637607301690485
4098.0,144.02030975607138,78.4015644262803,7.169180984714717
4099.0,144.36501013355277,78.0629381689358,7.402912895987303
4100.0,144.02210604833311,76.93595297054792,7.421353413983532
4101.0,144.3474336337646,75.82330662589189,7.521265990153875
4102.0,145.6906605851443,75.47904969039456,7.75539397826064
4103.0,147.72233787251378,75.6288833582932,8.017822020829291
4104.0,149.5340238456467,75.58538422196968,8.157370786909876
4105.0,150.4327991892124,75.2029218075377,8.180735116178434
4106.0,150.44559441875236,75.08198134039768,8.180079743434177
4107.0,150.06172139100997,75.17760302449355,8.31842966689344
4108.0,149.67443111616004,75.05558734044533,8.590419483274227
4109.0,149.3863017721346,75.4581727974223,8.873388610081689
4110.0,148.69327261902203,76.8979790949245,8.958238038877298
4111.0,147.6316014622802,78.6484000782206,8.900436531596801
4112.0,146.75548214954864,79.69951705471395,8.939856555857302
4113.0,145.84859946858643,80.36249117568588,9.060269463792423
4114.0,145.11487188764136,81.09557271518248,9.143620078102964
4115.0,144.65836302794824,81.64517310596784,9.153020533260566
4116.0,144.37123719780226,81.67964224930174,9.139196671974785
4117.0,143.98640048110354,81.55967860483847,9.141585992291137
4118.0,143.38202339877841,81.74641053562307,8.873714436771802
4119.0,142.81091483596032,82.33611526858198,8.341299806721723
4120.0,142.41241713647605,83.0589156150356,7.756606828199103
4121.0,141.96222693979087,83.1074294575014,7.246460420979002
4122.0,141.6823205332061,82.65892524638114,6.825969231958249
4123.0,141.60363404754557,81.8252509525926,6.514105429623193
4124.0,141.47932865032956,81.01806022659082,6.350977697937745
4125.0,141.74649898326518,80.2860454759387,6.334978355668123
4126.0,142.45065206999556,79.58925253985356,6.42943116080329
4127.0,142.98123109482842,79.27497299426632,6.530071408752192
4128.0,142.76088524523016,79.55509126905456,6.512066474962509
4129.0,142.3679125694586,80.53567908735597,6.35666525655184
4130.0,142.0421320917233,81.62035137822711,6.147761910149526
4131.0,141.31404186039657,82.27111923513927,5.999159693837604
4132.0,139.82205626327578,82.11335410506842,5.9270920831527585
4133.0,138.32637468858522,81.393779587744,5.944589612541468
4134.0,137.47904520377224,80.24066679978594,5.982741797148072
4135.0,137.1409409022473,79.1643527823016,6.0257291733590455
4136.0,137.14669022291812,78.30594907346811,5.9354347549385515
4137.0,137.03432288780263,77.63008157099465,5.675487366635861
4138.0,137.09903284611332,77.27489572768197,5.3288151772014745
4139.0,137.250595051228,77.1559649572241,5.0316926718665105
4140.0,137.68876510280904,77.27594673707381,4.88235871942812
4141.0,138.67786520981608,77.62455289653128,4.8880169934314415
4142.0,139.7566904491901,77.6182380255234,5.010094060377123
4143.0,140.249259065344,77.04307113543307,5.171124527273849
4144.0,140.34582556443095,76.57724270963776,5.27401779766808
4145.0,140.4809237316334,76.12189283974465,5.226529877483461
4146.0,140.5298684809173,75.5422172719767,5.039269047048458
4147.0,140.83958797332735,74.76493460038273,4.91162488298596
4148.0,141.52150543777097,74.10170465028406,4.881656797021008
4149.0,142.21793854454504,73.57226045917366,4.969037632050468
4150.0,142.7774993043252,73.00234115581057,5.129347123558439
4151.0,143.54799270369045,72.31381984711075,5.293162650560005
4152.0,144.59313063610705,71.44012249558628,5.481278732787349
4153.0,145.16236205519007,70.77882879367837,5.675516192842956
4154.0,144.8209063000399,70.4094168502795,5.822708375714053
4155.0,143.4787562284697,70.4310984283535,5.908346874665356
4156.0,141.80290657947856,70.56743486784165,5.91744302382025
4157.0,140.69232435470303,70.52092575506684,5.8490960083713945
4158.0,140.21074289367058,70.15258735499593,5.763061606725063
4159.0,140.34807314156183,69.71466825394222,5.702959901662926
4160.0,140.7784086702599,69.16848126209207,5.644703754573761
4161.0,141.15254086770173,68.51641854876023,5.547204069860101
4162.0,141.27494828734012,67.8116864666605,5.465447752958686
4163.0,140.99656175681122,67.19814272812411,5.452618874913235
4164.0,140.46125146212694,66.77146205404964,5.492103848036915
4165.0,140.10649557208146,66.35405112336016,5.53316173292137
4166.0,140.33400250568533,66.02330854855873,5.53363059678368
4167.0,140.95166115505,65.75448009662149,5.448289880994984
4168.0,141.87061365165184,65.41562203301683,5.299217535768643
4169.0,143.13146337013896,64.52112083131615,5.200600113538706
4170.0,144.8092336447929,63.23367945146213,5.163992643363999
4171.0,146.72921377788126,62.24479833471905,5.067149882233625
4172.0,148.61075225357695,62.019345678304596,4.830193720141829
4173.0,149.98131920726462,62.14868015634128,4.623279536862438
4174.0,150.87868504309222,61.80757517702875,4.56945560401225
4175.0,151.724500537088,60.93927190619378,4.592519419249946
4176.0,152.3897068895383,59.83455451252163,4.553321455865741
4177.0,152.49187847710405,58.941719298483115,4.429757122909393
4178.0,152.41534528000776,58.011946932157045,4.310282351271803
4179.0,152.84957051643127,56.889712489775214,4.124632959402178
4180.0,154.20213955683346,55.720537860207656,3.9199027189703366
4181.0,155.87668599812346,54.783884179769494,3.7177411357544696
4182.0,156.96320876460706,53.81364033243959,3.589886801604116
4183.0,157.4599724271269,52.993916342833195,3.582039345839417
4184.0,157.95621687233577,52.57291543091179,3.6419453310604224
4185.0,159.0527981001695,52.451680887479675,3.695681585330114
4186.0,160.82449832653444,52.48240295711806,3.7193918491848006
4187.0,162.82176361461794,52.717464333089254,3.720041266458723
4188.0,164.6780453071375,53.31454805436618,3.5936238561336475
4189.0,166.51048242785907,54.16830553093343,3.3411142570696803
4190.0,168.5540456629861,54.898466533378006,3.1039743703914002
4191.0,170.1230581148539,54.96423768136899,3.0704281093829633
4192.0,170.39185906577748,54.56548127007851,3.2952887847665804
4193.0,169.82370025325073,54.04913880112655,3.535943385252785
4194.0,169.47316412695878,53.65310933148776,3.6694268527065357
4195.0,169.70331677874893,53.53176122987005,3.743421708489456
4196.0,170.55024197115043,53.51814601429506,3.8434734003406223
4197.0,171.23714513656455,53.36362810250403,3.940089862358721
4198.0,171.46878669612627,53.192206510885576,3.9243396052291595
4199.0,172.1122656971935,53.17909673906401,3.8237790708060735
4200.0,173.61913291745617,53.2722224788907,3.8262351564876607
4201.0,175.49430383888026,53.31536876648924,3.96810025448281
4202.0,176.75110611555078,53.27975742421449,4.063149533237313
4203.0,177.5612127494615,53.2950382870802,4.01374338480241
4204.0,178.29678874185782,53.32010419435949,3.8498823232768897
4205.0,179.3124675718059,53.28159160770688,3.7054162559398076
4206.0,180.37398228613188,53.006436842259845,3.6225717501980306
4207.0,181.9541011120599,52.13624164808158,3.6144106003657086
4208.0,183.48021291988397,51.33464649217841,3.689707826499888
4209.0,184.78809733635077,51.261513583036034,3.7763453201804102
4210.0,186.4134067086368,51.92955768611555,3.8563855040558765
4211.0,188.6672424993555,52.843242827774915,3.9560429122453367
4212.0,191.4621978918398,53.26359070477044,4.1382079703036165
4213.0,194.02143395288616,52.72438268053494,4.2835422289774385
4214.0,195.6308363527198,51.62341884614722,4.23992773240791
4215.0,196.38877463694106,50.42230703906488,4.039775793504423
4216.0,196.59040366447863,49.52002048760276,3.826486868547456
4217.0,196.80788149916413,49.26965717753103,3.6434270016172157
4218.0,197.46524020136883,49.518761990240186,3.4696508056980164
4219.0,198.8542634914558,49.65169616603225,3.3494778291229363
4220.0,201.1258448513257,49.26014488892955,3.3494443373176384
4221.0,204.01455743065293,48.64056547755731,3.46430888923716
4222.0,206.69329059273477,48.215127589867286,3.590351738059523
4223.0,208.71250353948741,47.88687554358062,3.6674990033179715
4224.0,210.2778644131558,47.210906770654034,3.605033665242464
4225.0,211.41664599170917,46.65612013575453,3.414535283199054
4226.0,212.39465775455852,46.54973307552279,3.1501297944602498
4227.0,213.4317768049759,46.69339494145278,2.933827716964
4228.0,213.96078131939086,46.5251913801188,2.762108116551175
4229.0,213.99926773488474,46.218051389189675,2.5627874463623055
4230.0,213.29366146245755,45.97442775318915,2.3624504002211903
4231.0,212.29671701724652,45.71526653352517,2.26525797999076
4232.0,212.03663018653134,45.259278854402815,2.29392561695521
4233.0,212.58512009582492,44.769959809240206,2.331406447675584
4234.0,214.0882365292843,44.2846992225315,2.3221096184551206
4235.0,216.12334500227357,43.88594654967961,2.322018767586809
4236.0,217.44390109223474,43.68166951378413,2.394237741769652
4237.0,217.3804360803117,43.2089743954233,2.4815164985833396
4238.0,216.89051586135463,42.34264700413739,2.5237074041028857
4239.0,216.468484785424,41.461677712139014,2.5785919699682704
4240.0,216.38896668376375,41.092614302388505,2.597218202431238
4241.0,216.41114429736544,41.14665760981259,2.5915961588859906
4242.0,216.25422754521966,41.244356520224216,2.520408573565481
4243.0,215.66921409778914,41.24885113897093,2.413458785455345
4244.0,214.95704024664516,40.90918300330311,2.3304714713157124
4245.0,214.3715110982769,40.20139306671193,2.301362150321292
4246.0,214.63035921094738,39.24596955144853,2.3280415629382523
4247.0,215.89008333585815,38.437728725551246,2.3956376013768677
4248.0,217.31579981973067,38.025122128587796,2.5106090037572195
4249.0,218.0738188398959,38.07206725027435,2.5924942717915536
4250.0,217.88076525496976,38.19963662836341,2.5697153441202487
4251.0,216.83730355475188,37.92849437620996,2.497532640843392
4252.0,215.58432012850935,37.28814746178072,2.425930103980858
4253.0,214.0587961105679,36.603676371451726,2.377848471510212
4254.0,212.77836986956217,36.58718772076867,2.3089717248060095
4255.0,211.88453400601693,37.097054911074935,2.2400737719937602
4256.0,211.1225058586537,37.88746867765446,2.219254892840304
4257.0,210.56009815685883,38.74567304621301,2.227577234599421
4258.0,210.59487184695035,39.46167598287546,2.302495567529617
4259.0,211.36530833753665,39.87513942594578,2.446688197518276
4260.0,212.02384365458607,40.248688897107996,2.600065080049193
4261.0,211.4825151994921,40.77806206893127,2.615041679591902
4262.0,209.7937810848405,41.50412413029329,2.4951366022880195
4263.0,208.077926956746,42.21933427643804,2.382067477799144
4264.0,207.0231035096765,42.48510877082405,2.370622108425301
4265.0,206.23387485836304,42.47877410426305,2.4350716768254244
4266.0,205.80309288400292,42.59685320943718,2.571727544504849
4267.0,205.37484413800516,42.610719503000155,2.6916609562603684
4268.0,205.22694688383362,42.241805847341126,2.7488967519312784
4269.0,205.5102556718026,41.787922024995154,2.8126839650199886
4270.0,205.95419606458893,41.45112062047499,2.7914248095731775
4271.0,206.37482592846342,41.07461113405111,2.613629066919728
4272.0,206.51744156362463,40.65866519154585,2.344806770060916
4273.0,206.35750607950396,40.12195839548333,2.1688442885641157
4274.0,205.80249265454222,39.49342683120857,2.110583442665478
4275.0,205.56725894467024,38.93494093179881,2.0822390433119025
4276.0,205.81678076337175,38.73346445078981,2.0716255102530625
4277.0,206.42392552929846,38.72316665990657,2.0572877753275223
4278.0,207.0879169266272,38.784627180630245,2.0845112568829958
4279.0,207.58625919057263,39.24300905408384,2.118630896928062
4280.0,208.15010419539746,40.30783918287025,2.055707395592869
4281.0,208.98717973891542,41.832648596039974,1.9102427577787024
4282.0,209.99526638398814,43.15362753584388,1.7589600703627264
4283.0,211.11100111763562,43.84625759551144,1.65071720704576
4284.0,212.1369286883142,43.816279886973696,1.61338111187236
4285.0,212.7178078098311,43.425289410475564,1.7031374145550249
4286.0,213.11535145026912,42.884858733870246,1.8960781890404026
4287.0,213.40086492826748,42.608352857054754,2.09759893051482
4288.0,214.13247763140515,42.694026725279556,2.168349666406159
4289.0,215.31632068651018,42.94443980767254,2.0496498688356293
4290.0,216.36078057110984,43.43892962665942,1.8465603714569208
4291.0,216.70593846213575,44.11567222769049,1.6660481086136192
4292.0,216.5851797309589,44.983109891636005,1.5368803138334528
4293.0,216.66974914234783,45.81212725522992,1.43980323072236
4294.0,217.28052392938582,46.51639319570256,1.4070614486183637
4295.0,217.75395786783835,46.9683389226271,1.4500741341112575
4296.0,217.4202426970042,46.95165922472449,1.5487999131624097
4297.0,216.88445801586582,46.70643466183657,1.6293756609
4298.0,217.30834887164917,46.23974146436138,1.5800865091026064
4299.0,218.81822340528188,45.42894410074209,1.4526727356211875
4300.0,220.29869039226298,44.22758194299278,1.3400036341692678
4301.0,221.20678876677195,42.716494193461635,1.2834040209980926
4302.0,221.70677804813727,41.35624625612977,1.2569791163406399
4303.0,221.84003010051484,40.51382394871369,1.2433385095908098
4304.0,221.395822114513,39.9253037017973,1.2320694751890624
4305.0,220.30419935505103,39.386833198484716,1.2360822072826756
4306.0,219.1186960031437,38.83718572118247,1.26839622031176
4307.0,218.2371990551769,38.23751594458485,1.3442019601196173
4308.0,217.18675361063868,37.45190149046907,1.4479850149398
4309.0,215.96101705105212,36.80677242303375,1.478764396226485
4310.0,215.56092726124484,36.46970458583104,1.456336625278553
4311.0,215.94908349709368,36.15683728790803,1.43745954545982
4312.0,216.33996371907014,35.923513069955284,1.4236206914842928
4313.0,216.4540411095946,35.63558343568319,1.4245053152380163
4314.0,216.61285679730224,35.345625866447186,1.4359968020951053
4315.0,216.4314196553254,35.31855355356343,1.4125009926229222
4316.0,215.54425236302217,35.51089843413462,1.3773223135109374
4317.0,213.97037231939385,35.534576462497554,1.3722368586240195
4318.0,212.8041635430642,35.21949009742918,1.3535468177204961
4319.0,212.80954881260482,34.93078732868802,1.295891197430509
4320.0,213.06900119800588,34.78910073582254,1.2074616746162719
4321.0,213.16903486773458,34.65884196143712,1.1652491336250437
4322.0,212.69395116686184,34.252524921662555,1.177563045164293
4323.0,212.560365509979,33.65156248137103,1.1742325861412166
4324.0,212.93007816189632,33.13962885453869,1.10022055841772
4325.0,212.70000766624125,32.69710916317274,1.0079976871231742
4326.0,211.831725169044,32.389685503271934,0.9476959417304975
4327.0,211.82478421344254,32.37990956705756,0.8854616907852676
4328.0,212.91954628082797,32.71835012161902,0.8377654495902783
4329.0,213.71098027882613,32.979378444200904,0.7850621324327824
4330.0,213.59854974542347,33.02849979562329,0.7115592423468841
4331.0,213.16332443296182,32.80817855923776,0.5791902530702501
4332.0,212.72061977792825,32.50208945640574,0.41567780446864006
4333.0,212.30566596321304,32.14464514599004,0.31440459702348494
4334.0,211.74867665174386,31.72003237155707,0.2679651046499716
4335.0,210.92499679270037,31.4702241561525,0.24100007035305637
4336.0,210.052277527217,31.30632559436726,0.2265460320309904
4337.0,209.50593801496805,31.06589614588448,0.22984764025351834
4338.0,209.32380729825283,30.768621020808993,0.2654338426953984
4339.0,209.26134509431012,30.38732660339401,0.31174451594553954
4340.0,208.94856677314405,30.007704047428014,0.33651619563202556
4341.0,208.69708090721733,29.78583174993285,0.3233073018973923
4342.0,208.53741512796515,29.70852931394174,0.28815794393190247
4343.0,208.2375812770724,29.58948978752528,0.25649752799922243
4344.0,207.93903800316673,29.477892349824998,0.23337446984694088
4345.0,207.81232432051812,29.574632454610708,0.2210914348570321
4346.0,208.3132010459777,29.83918680465947,0.2221250944762201
4347.0,209.4631260323674,30.061252538628207,0.23781942474932885
4348.0,210.74786884804195,30.183870081428,0.2496950330616035
4349.0,211.45279702558386,30.297140371113787,0.24900561078134442
4350.0,211.54185483696227,30.43643828454442,0.2564244313703424
4351.0,211.5264658950343,30.55899516996481,0.30357078391185643
4352.0,211.53355293008764,30.72913122755679,0.3760325871678016
4353.0,211.6237539940597,30.988970429030953,0.42639450352320996
4354.0,211.29644172907317,31.3102451585581,0.42266627335585216
4355.0,210.85055859784424,31.688210915767197,0.36897961177908645
4356.0,211.19669818818565,32.06561770683725,0.32917928587259043
4357.0,211.83143931993789,32.543981339560894,0.3156599156304399
4358.0,211.75255292115924,33.09354118244197,0.3187445692971024
4359.0,210.82573213623738,33.59034029657711,0.30759780931730013
4360.0,209.92868598572107,33.96098061878551,0.29064695638924887
4361.0,209.48350978803037,34.15074504796866,0.2828693261782521
4362.0,209.4714682609675,34.215094768638366,0.2628791732801536
4363.0,210.08967101691857,33.99284002817641,0.2226464521172329
4364.0,211.87220096249706,33.99251516252481,0.17530873536529962
4365.0,213.80644096251382,34.20406609101958,0.12624027865748638
4366.0,214.219036292881,34.170707213815135,0.08339214417792037
4367.0,213.82240774008974,33.81201301017605,0.06123012173678411
4368.0,214.0395749575576,33.158068411398496,0.051067755852697565
4369.0,215.5535745817004,32.45855341685355,0.04303751478852249
4370.0,217.3244001746261,31.746909944114527,0.03943435795833959
4371.0,218.71270373145492,30.9937749636922,0.04146628872725287
4372.0,219.48187475469166,30.214766705359676,0.038372684456880905
4373.0,219.79510125786857,29.362677620882604,0.028714393768368388
4374.0,219.80358359454047,28.386727264064156,0.020198438331864098
4375.0,219.8842767175309,27.278678142520352,0.018642191255688084
4376.0,220.0057311511806,26.416128352454795,0.023147827164810002
4377.0,220.0345298640225,25.955995397599175,0.023015308161520906
4378.0,219.76986396072547,25.829146544565955,0.013291313720961592
4379.0,219.2567474972342,25.5763403363758,0.0023714172878399995
4380.0,218.6536877213319,25.06081003369684,0.00042991783149160504
4381.0,218.13542921220125,24.577506253984364,0.0058638653977744065
4382.0,217.5778818668684,24.134760712627347,0.011333980717768899
4383.0,217.1415184811496,23.5491278235118,0.012198274737639984
4384.0,217.03014367133238,22.760672424654626,0.013725474444292925
4385.0,217.74512413305342,21.970886379391672,0.020044732167536404
4386.0,218.9236599242107,21.262131068195863,0.0350181720938449
4387.0,220.16805334943737,20.63840887650644,0.04790805603922808
4388.0,221.08313538526505,20.17006373259055,0.047795093544392084
4389.0,221.2409319989664,20.06203079905491,0.03885910538203687
4390.0,220.77412033997112,20.325718890076725,0.034645698435602536
4391.0,219.49779989809227,20.759946782667576,0.030638732038992936
4392.0,218.00220497735918,21.193739995042765,0.028429979566086408
4393.0,217.38094061436615,21.41860012814522,0.031126877998172108
4394.0,218.17551079725246,21.33750354395774,0.030926679807628917
4395.0,219.9009362545473,21.148554172232718,0.02146440946431694
4396.0,221.56615914091407,21.095063488422788,0.011995379528496384
4397.0,222.53532172193394,21.22003369657181,0.012656461500883624
4398.0,222.61156622917395,21.32746496207559,0.025134719156848895
4399.0,222.42761911349592,21.54739891235141,0.038884803179289995
4400.0,222.545918428729,21.87252493121884,0.03091766588963998
4401.0,223.1790951882132,22.1231951193942,0.013478325332516085
4402.0,223.43855505237988,22.501057602172327,0.0032866830361600106
4403.0,223.03421434101963,23.070557517251274,2.2731592900023454e-08
4404.0,222.0933441165241,23.543761479277784,0.004930278230083597
4405.0,221.3979677256917,24.044793972252766,0.018303973969152395
4406.0,221.38228357751586,24.75973167951782,0.03847554433538559
4407.0,222.01423430218955,25.55291146482611,0.06135587457339238
4408.0,222.3134211126408,26.269535418034625,0.0780996410293969
4409.0,221.55770984412126,26.975314955205434,0.08854384014044889
4410.0,221.10889376707397,27.6848816925734,0.09333923191609002
4411.0,221.74189142370008,28.342688110409107,0.11665670306419361
4412.0,223.09389262995117,28.908857940805472,0.15876272126015997
4413.0,223.53291262351271,29.472801572330226,0.2019065434416144
4414.0,222.52815774280486,30.233211160110663,0.2061159273600064
4415.0,220.49178800238346,30.912483006090213,0.19568860692570247
4416.0,218.2895353213426,31.263350262223202,0.19678255696323993
4417.0,216.59052992154446,30.950054316695283,0.2074699011690496
4418.0,214.9371510334397,30.184376409199757,0.22838152829184
4419.0,213.19697318313584,29.523501137927685,0.26844817896402245
4420.0,211.8017012964176,29.59985513369852,0.3184745791336704
4421.0,211.08309957235866,30.29259004046061,0.3726952929000625
4422.0,211.32653560003325,31.189170638274895,0.4525292320305849
4423.0,212.89629173134918,32.0940385054192,0.5714174199912648
4424.0,214.82496296657607,32.79512473045973,0.6949138015020099
4425.0,215.79874009487483,33.29176920500203,0.7654213135489599
4426.0,215.5685132202827,33.427743025829386,0.820854971749621
4427.0,215.4263513919794,33.338507956299665,0.8962479145277641
4428.0,215.72363385110756,33.153232187974915,0.971718065672912
4429.0,216.2347227913278,33.278025793901456,1.002280478665368
4430.0,217.14694803941367,33.85577430061224,1.0279266789584962
4431.0,218.62897677588919,34.7309220674504,1.0862251547959876
4432.0,220.76037349784974,35.721424374574475,1.1385602553748921
4433.0,222.8866863692756,36.39350777863617,1.1642222902151689
4434.0,224.41370663166032,36.4702380743848,1.1718506112698401
4435.0,225.02418034961988,36.09283921794782,1.199289194251597
4436.0,224.8064642357886,35.64905763593491,1.2276238242486968
4437.0,223.93249759192557,35.32973132788178,1.2427769218809026
4438.0,222.8924604975555,35.40831124645642,1.2221579539870007
4439.0,222.37421645157767,36.37455103021652,1.20708060305284
4440.0,222.30676108401605,38.37879702478255,1.1850908481686884
4441.0,222.02126960901253,40.494288664981035,1.1435645374630927
4442.0,222.09736610145777,41.888572879899236,1.0993330415639055
4443.0,222.9871703967495,42.59226811666054,1.1132064462942801
4444.0,224.12423135223054,42.977718556253215,1.1693856890107046
4445.0,225.1771212439923,43.374750706120025,1.2031618366522754
4446.0,225.84669154543192,43.76728934236201,1.1697810321965054
4447.0,226.68725684592798,43.865823577146095,1.08464307661476
4448.0,227.7552315265945,43.727968062453,1.0068325713056208
4449.0,228.51705359218707,43.49982087907236,0.9489970185924483
4450.0,228.7993873631122,43.36079843733322,0.9143183826280009
4451.0,229.28716147442873,43.53213305430557,0.898551549105768
4452.0,230.38704408846593,43.938752115903945,0.926554115149776
4453.0,231.5320074981232,44.433067617038226,0.9807708397515623
4454.0,232.45581866205347,44.84919528901948,0.9944497627298404
4455.0,233.80003428630351,44.883568230399995,0.967368773097865
4456.0,234.9373713711423,44.50487061362446,0.9053472451169169
4457.0,235.20824881342028,43.84982051324808,0.8169615257333775
4458.0,235.31102778180997,42.930234429799896,0.6859204079777343
4459.0,235.46637124317704,42.14351034556303,0.5219926092891136
4460.0,235.15296397797982,41.807428431966294,0.37665317125497755
4461.0,234.30376774816716,41.966104811250005,0.27689737454395214
4462.0,234.15276480660097,42.50711372271408,0.21949205323004406
4463.0,234.68963800068886,43.05903005336648,0.17642270593062087
4464.0,235.27889465226863,43.451140508989376,0.12685805193110436
4465.0,235.30621845630756,43.71604271617772,0.07429431222622891
4466.0,235.20034628780036,43.76658927336419,0.03782520872796158
4467.0,235.60107679898067,43.662621729792036,0.019189541332742394
4468.0,236.15031642892566,43.19553805972656,0.011005445078785588
4469.0,236.39193433681302,42.11866182827664,0.0046092259000383995
4470.0,236.3582783366198,40.90717134909024,0.0009837832987023949
4471.0,236.77980945286146,40.15082177257911,1.523002810001135e-08
4472.0,237.31062482057933,40.07905193734738,0.0006789620376099968
4473.0,237.73352384744535,40.418110647673124,0.0017874157550656104
4474.0,237.90538296551668,40.75963226442133,0.003478119036336403
4475.0,238.3028841180677,40.944975074111646,0.005271471504009996
4476.0,239.24211065963368,40.660812668863926,0.005019638897348116
4477.0,240.49581658589048,39.92014027017769,0.001753190690054394
4478.0,241.04427368020833,38.94237886342006,0.0005927384282883988
4479.0,240.5926156422813,38.20570756420297,0.001638666022593605
4480.0,239.93557291395402,37.94133567501291,0.005990569597512909
4481.0,239.78754744592354,37.971922793835894,0.011731911764602523
4482.0,240.28091698458738,37.99287324868225,0.022221268623999993
4483.0,241.25888305391064,37.917945901094406,0.04947419738976164
4484.0,242.90034048898733,37.7181052831257,0.08126698592432248
4485.0,244.18225364938382,37.23532906894564,0.09171671122442891
4486.0,244.4783723553055,36.49766224839685,0.08473195012150089
4487.0,243.81006009652836,35.92660248925937,0.09203118478361648
4488.0,242.40122857267363,35.52721048872084,0.11148265897823609
4489.0,241.2420976724093,35.37267524509637,0.12429524660919615
4490.0,241.13132147017365,35.74690979449681,0.12994411452086435
4491.0,242.01477856743267,36.61520247187009,0.12810548799979296
4492.0,242.78323355759855,37.59919247566945,0.13860818352144008
4493.0,243.4268768019064,38.536771031676615,0.14858788413158006
4494.0,244.0201392438902,39.25458368149962,0.1465658300862889
4495.0,244.2349637991441,39.47220481928899,0.12974718816709685
4496.0,243.72388236955496,39.2786515681488,0.10608378610960359
4497.0,242.72219124793597,38.83825313670543,0.09434520763922252
4498.0,241.8280166681382,38.54884900293136,0.08963518045482254
4499.0,240.52695627169223,38.50834343840318,0.0787732070899225
4500.0,239.58694744280874,38.667662687189186,0.06911805050573443
4501.0,238.97292992025052,39.023180649455384,0.05877386131090408
4502.0,239.3337390345918,39.691737811021916,0.042539553376416066
4503.0,239.3756078307423,40.06034723384887,0.03210780178225005
4504.0,239.0539666060836,39.60377518486124,0.03959950353413762
4505.0,238.71524518412323,38.85411116960357,0.0592635935133225
4506.0,239.06178857722114,38.31834824097857,0.07869214364944008
4507.0,240.15783902003713,37.998157688957285,0.09850938015296164
4508.0,241.40729384602955,37.59610394235111,0.11794775720515296
4509.0,242.54034037762486,37.10526470173464,0.12782084356656812
4510.0,243.28482753397944,36.739541226393214,0.1279614878607025
4511.0,243.5197262079636,36.48967483957193,0.13075168891176095
4512.0,242.87327650316675,36.250161244402065,0.12745837499239698
4513.0,241.80473702817397,36.12034196300521,0.10513007313178238
4514.0,240.83607874268301,36.219558626861186,0.0745124953338529
4515.0,240.67552902678528,36.372441973991585,0.058460286038784365
4516.0,240.908487585529,36.64140420917449,0.04746596432892253
4517.0,241.41298114813625,36.86932232028973,0.03313616235622812
4518.0,240.93988960310614,36.946181779669665,0.021636550695942402
4519.0,239.57237239893786,36.72697804287927,0.013901416884232881
4520.0,238.19001335280117,36.132264542822554,0.006217525934664103
4521.0,237.19792802029667,35.45490091493128,7.52481646848989e-05
4522.0,236.91233320954885,35.10507006669305,0.0046083935905224934
4523.0,236.63098440266063,35.056115985302306,0.018107085245004883
4524.0,236.17122056334324,35.115137639327294,0.035297015625000004
4525.0,235.6771080256314,35.2128825851287,0.04668116307189758
4526.0,235.52279694950397,35.416228813723755,0.05330205584686439
4527.0,235.12086311001073,35.77981598714578,0.05279251585308841
4528.0,234.53223760329223,36.26400621609372,0.04598266943449
4529.0,233.7204172061894,36.893549009516114,0.04189572407180251
4530.0,233.70410711747456,37.587874359350295,0.05438663824092487
4531.0,235.2033295032288,38.36091966171532,0.09415092674645287
4532.0,237.291656850905,39.32425453574916,0.1483627156730161
4533.0,238.37872410087343,40.09555829014073,0.19839787175993762
4534.0,238.38559936792765,40.61180720540279,0.2289034652636449
4535.0,237.9827871876018,40.86909970455658,0.20280915090295693
4536.0,237.48334720693805,40.8225426529245,0.1434656144691025
4537.0,237.13268026282225,40.4233055473976,0.09176364044401955
4538.0,237.35566438466307,39.95214755142605,0.06543219218000891
4539.0,238.35706264008058,39.43925333101585,0.05752765313159291
4540.0,239.08427061497008,39.12456938712642,0.04721107641721
4541.0,239.1767094570007,39.17777967691473,0.037267248454452895
4542.0,239.66831604451863,39.50825131392511,0.032440011945432105
4543.0,240.11211907835158,39.85814970449383,0.036753989396889994
4544.0,239.90005134688008,40.02745567888475,0.041377918528296885
4545.0,239.05381230163448,40.09383129032162,0.03884368762752037
4546.0,238.40102824186425,40.12583298614042,0.02453926949502248
4547.0,238.68578648257275,40.197938986825484,0.009931569470707594
4548.0,240.4020824701041,40.17773599205282,0.0014104606472099986
4549.0,242.694619665586,39.799985386031175,2.1293813775999204e-06
4550.0,244.94634523335444,39.523965264965966,2.637962593210028e-05
4551.0,246.83479609499227,39.632877299857626,0.001041064426180892
4552.0,248.52630461244374,40.06600559647167,0.008154528863904888
4553.0,250.51514490962822,40.53515730202302,0.014953555191172889
4554.0,252.72754932364904,40.9856211573618,0.013330676768102486
4555.0,255.0539275341579,41.387401514410726,0.007757993035480889
4556.0,256.5686549592676,41.51951521789809,0.005606306057572891
4557.0,257.21110229312933,41.397521076917485,0.006497767352212903
4558.0,257.3015740372557,41.499391571764576,0.005715532369299593
4559.0,257.8466603515077,42.11360168386044,0.0030311642371200925
4560.0,259.2105316222726,42.86407608906509,0.0011925660756025016
4561.0,260.6068677963352,43.28446364999414,0.000269526425907596
4562.0,261.2938838724883,43.43186125803604,0.00029046896192249646
4563.0,261.21307946897474,43.71574703649649,0.0002907154581443973
4564.0,260.45853306584553,43.8941869372642,4.19586062439984e-06
4565.0,259.67962250662623,43.95792049552284,0.0007632561018680981
4566.0,259.43040656708166,44.04311990611085,0.005017757313376899
4567.0,259.31188114899766,44.321297910785034,0.010622012887922522
4568.0,259.09175351450494,44.69875497551257,0.01123646640484001
4569.0,258.6362308277528,45.208065174326386,0.00516816347320359
4570.0,257.718374125624,45.97408262921128,0.00019274990623360222
4571.0,256.41359219451374,46.74376442530215,0.0030487481273208925
4572.0,255.085827504811,47.35279904519573,0.0158314927570276
4573.0,254.42328040333496,47.795692869829274,0.03075469301842558
4574.0,254.18637015025624,48.3615822138706,0.03183636918770011
4575.0,254.06806192555877,48.932807930369165,0.01956274412093441
4576.0,253.99495009144977,49.19575496066848,0.008365690735222494
4577.0,254.04893104509972,48.607877225908894,0.003939870783192101
4578.0,254.28538720816059,47.3431605717105,0.004087423374361591
4579.0,254.2270445343213,46.396708531787446,0.007199077892864405
4580.0,253.41735638410884,46.64241882833128,0.014069862210602496
4581.0,252.5969988761042,47.63507486468958,0.02401231957362809
4582.0,252.07120802692532,48.210711073956354,0.027197244177856888
4583.0,251.84138477475474,48.310817284010746,0.01717525838044809
4584.0,251.95230487287074,48.17374001244486,0.0036055701529599934
4585.0,252.50818951690928,47.973239523695455,0.00041463873678240315
4586.0,253.29676963371605,47.96826160284602,0.007322965954948905
4587.0,253.7917838613816,48.187200417174004,0.015248718104490008
4588.0,253.7612160415703,48.34787705519461,0.017026690146049635
4589.0,253.66775382214533,48.10125110509289,0.013628024473156905
4590.0,254.10577174846463,47.58723299843401,0.008454453093609995
4591.0,255.0438899121628,46.89096639271044,0.004448321734147615
4592.0,255.7806722773318,46.19470963149438,0.005233214493721602
4593.0,255.91245388596963,45.55631761473653,0.015430312757816131
4594.0,255.47243080634465,45.35131274290719,0.03769462633308158
4595.0,255.3536945164202,45.56254914001324,0.07192564545678495
4596.0,256.6560697215797,45.878928865417905,0.13202483577892848
4597.0,258.951496871703,46.07706170399517,0.22963922425519695
4598.0,260.9315610433888,46.01991652588764,0.3305861541410885
4599.0,262.3760420851892,46.037112210874554,0.3954375446630626
4600.0,263.8859024357467,46.01926134900005,0.43693238249413224
4601.0,265.7498947911569,45.945983849833944,0.456274581361
4602.0,267.7255236363136,45.607046843137084,0.4717900672024576
4603.0,269.3251665424314,45.24215561876894,0.4791592665411562
4604.0,270.6064404473449,45.11035510897352,0.49848763817736486
4605.0,271.45898855919677,45.49014795611116,0.5289905421573696
4606.0,271.39912396189845,46.048763176591216,0.5725130179868101
4607.0,270.85235484587844,46.41323922994812,0.6347750916855078
4608.0,270.3341308655655,46.295128925864724,0.681464960489388
4609.0,269.7783484998025,45.69923241937814,0.6996661011434118
4610.0,269.2491827937691,44.86043227645174,0.6909159158307903
4611.0,268.60194521308966,44.08948114408011,0.6665500092240196
4612.0,268.32765289658767,43.7918855478658,0.6483938390684837
4613.0,268.79455404261245,43.68524728511783,0.6260927357544485
4614.0,270.07861633708933,43.80366967130545,0.5806350389145744
4615.0,271.9180163275917,43.95795285030435,0.5543719464120965
4616.0,274.2738522129541,44.33719580068178,0.5722244998652486
4617.0,277.1736753589477,44.83317854244307,0.5693612463360901
4618.0,280.2153226836762,45.288847015473266,0.5282630096343617
4619.0,282.24049156821405,45.524555083520156,0.48025038600099995
4620.0,283.19749711690935,45.59268991933825,0.4567671128364304
4621.0,283.50279063094,45.51626613473536,0.4474538326160102
4622.0,283.9370164605456,45.4465260036229,0.4323069864003138
4623.0,285.08294343640836,45.57780785554779,0.3843621313326917
4624.0,287.0003999417218,45.70637043917277,0.309662411188776
4625.0,289.8782555309511,45.822555482157114,0.2212666768376065
4626.0,292.9714300113554,45.83707285217492,0.1471631381975104
4627.0,295.5325367033549,45.65737603938564,0.10259047569435041
4628.0,297.2757999168377,45.29614862924982,0.08013071963169005
4629.0,297.3389826801409,44.80352431865052,0.07112044119490563
4630.0,296.06257957751365,44.2227718524178,0.0673847096859225
4631.0,294.75424080856357,43.826452753637405,0.05975196958546558
4632.0,294.5028648052965,43.843406226658324,0.04735745900093609
4633.0,295.0481771115043,44.52071464894487,0.034876096607044875
4634.0,295.8175699051692,45.361234716819006,0.016866416900392936
4635.0,296.29172356073974,46.052899832979115,0.002512274028308097
4636.0,296.27857528780964,46.44156010062806,0.0001415559791529012
4637.0,295.69988165895023,46.62937097632803,0.0005334229064024937
4638.0,294.5917309237875,46.64218211727708,6.694594220250085e-05
4639.0,293.12938918817747,46.57117667616853,0.0017133448512048968
4640.0,292.36934342731684,46.59944492706554,0.004766496745632396
4641.0,292.26138534580286,46.67817865566329,0.01228337756416
4642.0,292.46327816064735,47.07802296070901,0.0266832159660004
4643.0,292.6573179307554,47.70410739599232,0.04567245136009961
4644.0,292.9754202020236,48.23852906951406,0.06516265037045761
4645.0,293.6021290840413,48.64851759632215,0.08344511428494239
4646.0,293.86459312243267,49.12904823486418,0.09156175506439293
4647.0,293.5177924063794,49.99150472936373,0.09302969095913613
4648.0,293.3561403482291,50.899806333476384,0.09227729432436836
4649.0,293.50216858638686,51.486916232194545,0.10882932547040995
4650.0,293.6075728422622,51.89153989201618,0.14265801518492166
4651.0,293.8631089284575,51.951792685184635,0.18035157355524
4652.0,294.96880974881543,52.04688112853394,0.195713981922233
4653.0,297.1498282517799,52.39142950894544,0.17690091950872816
4654.0,299.1248690257246,52.822932365522576,0.13299729358144363
4655.0,300.05843546069826,53.15715704610232,0.09596369796480647
4656.0,299.8949621956439,53.34625681336778,0.06855838415263366
4657.0,299.0914168416181,53.5867178621837,0.047195594235520874
4658.0,297.8926419813662,53.94651494889654,0.028804253833785584
4659.0,297.8290663079986,54.16496948136057,0.01943571132048039
4660.0,300.90554113296685,54.143325042939026,0.019956557412582433
4661.0,306.48895869509516,53.72073043917215,0.01726424133077159
4662.0,312.1146710723734,53.36070787915395,0.01178842422174009
4663.0,316.50123805060593,53.214287513505,0.003862120344321607
4664.0,318.90369344394753,53.16777443241201,4.898342768400069e-06
4665.0,319.24138091451334,53.12247233346125,0.002720438187152402
4666.0,318.49328374445884,53.07740300548448,0.008232702308377594
4667.0,318.3478288001819,53.14902100971298,0.01619393937426809
4668.0,318.93943483885533,53.391959350912835,0.025266072104302477
4669.0,319.56885503429345,53.7436661265914,0.0354071134301284
4670.0,320.0661810160738,53.97713048263074,0.0465963944095204
4671.0,320.8702076614951,53.73205971625318,0.050266523351880886
4672.0,321.83122008385254,53.247041590954694,0.05275390380955238
4673.0,322.0339033508696,52.93067047824249,0.06272875393126807
4674.0,321.87888787081323,53.00358741812832,0.09542564758457642
4675.0,322.23391470169497,53.01967312948723,0.13746251044279684
4676.0,323.94084750010626,52.66531129014378,0.15277099239649003
4677.0,326.28514609154263,52.26367521621848,0.13559215456656
4678.0,328.3942280795736,52.17157471683406,0.11268297578412248
4679.0,329.4945398360815,52.45422110122025,0.09279457506888036
4680.0,329.709877147225,52.878893736027756,0.07938537850189208
4681.0,329.1879867608869,53.38951987037555,0.07597496744922487
4682.0,327.75419105021786,54.0825614806107,0.08435440610688996
4683.0,326.1517303535911,54.78886409857799,0.10221446491740091
4684.0,325.73440704524086,55.24849640163823,0.1194759825828804
4685.0,326.7932353366737,55.66259404651845,0.1412942618978641
4686.0,328.8613382674741,56.03225872554963,0.1741653471866884
4687.0,331.5839116086818,56.20125051685545,0.20012623655918405
4688.0,334.69636312480816,56.2737859140005,0.21817330164506243
4689.0,337.24279120857796,56.29100186907036,0.26094627745758014
4690.0,337.66121523640254,56.528256369738436,0.34125239242433436
4691.0,336.0462900144771,57.0171234757598,0.42248505013224996
4692.0,333.1790616314624,57.546855574628786,0.45088510837844414
4693.0,329.6468562149619,57.550769695363954,0.4432427556037441
4694.0,325.99123068803806,56.93386791702596,0.42535167870580803
4695.0,322.18639366628685,55.9514120485765,0.39547325090488966
4696.0,318.78197899887294,54.977455775426556,0.3704177566422025
4697.0,316.8306041616591,54.46187296971286,0.35042427792560243
4698.0,316.90357375268877,54.358758606340565,0.3709137040209225
4699.0,318.94731493776294,54.603719618123016,0.45399619829775995
4700.0,321.27406558599847,55.195145435339725,0.5953390141986225
4701.0,322.44662493936124,56.27295894224659,0.7561228893676928
4702.0,322.78743514907603,57.513824351314554,0.9320527099437128
4703.0,323.6407846997621,58.21955313382729,1.1304062967201487
4704.0,324.6335158953834,58.09035143745108,1.3386383324812523
4705.0,324.3629621555139,57.42770403626546,1.5013243604645765
4706.0,323.2849076017127,56.903913238758065,1.6259236442147522
4707.0,323.3040283093278,56.94087287874481,1.7126089242889226
4708.0,325.1662560162156,57.454687084366746,1.7803402649489661
4709.0,327.8201116898267,58.03014096285288,1.8497463932965925
4710.0,329.66124877559236,58.57467131116736,1.948528909214009
4711.0,329.733408772284,59.2368448051348,2.135415079505402
4712.0,329.66823473674947,59.894291654387246,2.411149610215536
4713.0,330.565918268713,60.169730627501586,2.7028287881563684
4714.0,332.1118349490855,59.899937025864595,2.9260262217153965
4715.0,333.39804721006936,59.472013321863784,3.0599244717254397
4716.0,333.9345923064104,59.50858202084912,3.163011598522778
4717.0,334.0694079178165,59.61716802531868,3.267501271653609
4718.0,334.26781182977743,59.41616239750774,3.362541581056497
4719.0,334.1400635835523,59.07505808322361,3.395930599729908
4720.0,333.9806923112211,59.06343015315148,3.3896367641754246
4721.0,333.81661232331015,59.476273247746995,3.447538498728328
4722.0,333.73312250576146,60.194583401393245,3.6232869334942226
4723.0,333.79597813669636,61.059544310722046,3.7863905593077
4724.0,333.8794041879779,61.94766001648161,3.8892837602954238
4725.0,334.2692221813004,62.763472660068004,3.977401488777217
4726.0,334.4729568962794,63.22172869630973,4.090281391540247
4727.0,334.24393320549876,63.24417981532647,4.167508140229954
4728.0,332.89383879770764,62.920581654315285,4.173461451896523
4729.0,331.1686969656027,62.660944662264875,4.196293949892493
4730.0,329.18375062116246,62.471910740257805,4.3553093810688415
4731.0,327.16904604788056,62.42340954822379,4.650224373427654
4732.0,324.70313490709844,62.546581746243284,4.949824299378403
4733.0,322.6048211101384,62.5549813199219,5.177905392631276
4734.0,321.05949701457956,62.34449080759963,5.320375373385334
4735.0,319.66904809302434,62.31010658436,5.403167382396816
4736.0,318.65134161165395,62.66500113461458,5.4752945406601725
4737.0,318.3603945455236,63.202128099547096,5.505912919752513
4738.0,318.9554315914146,63.65820540461336,5.479743847302974
4739.0,319.78754441872445,63.68512185352721,5.394701257286144
4740.0,321.06602498204563,62.90257467415362,5.263407278532656
4741.0,322.5521394597691,61.67642370753184,5.068829832370316
4742.0,323.74481458639843,60.62998216529944,4.857334244725767
4743.0,324.40082621070155,60.41721266820099,4.534302155390209
4744.0,324.98478412723665,60.76543723120407,4.210630251442921
4745.0,325.2245774695373,60.8421064862331,3.9566183849725003
4746.0,325.09536995721754,60.492617756662,3.741014517301657
4747.0,325.36538943099146,60.24470360750968,3.515259946977023
4748.0,326.4655275703861,60.354796791094905,3.32682862243216
4749.0,328.69475051071413,60.46526170137625,3.20680991674624
4750.0,331.3382719997322,60.4582683775919,3.0598843437412993
4751.0,334.07391664293607,60.15698374367047,2.889480571341729
4752.0,336.7780066332932,59.8987970022083,2.7047794835531045
4753.0,339.5553365891074,59.81946300499849,2.58122332586596
4754.0,342.4685420761113,59.948036556385816,2.5703460160602165
4755.0,344.7876339832406,60.10897550704465,2.6864999817811603
4756.0,347.4218213632485,60.38183008039962,2.8514172409959992
4757.0,349.1942193126731,60.86646390916229,2.979727462531464
4758.0,349.5616340384681,61.64570207359729,3.072577040920704
4759.0,348.93650200172294,62.91606479524254,3.0576329802426767
4760.0,348.27917009179276,64.1928724531066,3.030705094935361
4761.0,348.6274952700945,64.49849878504614,3.0073078187959923
4762.0,349.98389856616353,64.0125306932926,2.974664045595673
4763.0,351.76088722965653,63.03173470473774,2.8755542251966464
4764.0,353.8990614769543,61.894735153994894,2.749422920391792
4765.0,356.28701598108086,60.98043289656949,2.642442290059265
4766.0,357.6782072873345,60.976687759150686,2.5573073324252222
4767.0,357.66539842367325,61.99879994382898,2.5386200582386578
4768.0,357.93006052151054,62.89034834520598,2.644496225290304
4769.0,358.77633923187653,63.31377722788032,2.8012203411193153
4770.0,359.66597778293794,63.53372676846162,2.9126459623198557
4771.0,360.442568393277,63.797335096187545,2.9647166625792676
4772.0,360.80434513745325,64.1019530509124,2.945376043291844
4773.0,360.47282252332496,64.42845469338906,2.830720577748211
4774.0,359.70236165224395,65.03562960698241,2.5496977457952896
4775.0,359.0330015848958,66.17616035310361,2.2590069258604757
4776.0,358.18065942744994,67.74755364907385,2.0400765976562503
4777.0,357.34796026004744,69.31898710249018,1.9054076988688033
4778.0,356.9146087329825,70.56193738929869,1.8205599455728132
4779.0,356.7707448952359,71.30616685505845,1.7440032182189793
4780.0,356.2209455009089,71.76099089120625,1.6216291095612805
4781.0,355.4829915615584,71.82757663625722,1.4962338480727042
4782.0,354.85485088360946,71.55943114569179,1.4284967771588644
4783.0,353.56018996814197,71.1715744438301,1.39078363336201
4784.0,351.97328242440096,70.73596558706848,1.3257007743246398
4785.0,351.4080210984937,70.53695782547858,1.2704003284689367
4786.0,353.29143507922157,70.86187748844807,1.230732260388713
4787.0,356.81604141387595,71.62316655534028,1.2165665348705623
4788.0,359.61531911121705,72.67045212205157,1.2000341014260623
4789.0,361.2834482172893,73.81421986249923,1.1558437943550974
4790.0,362.41988212811077,74.72097550430061,1.0984158034851557
4791.0,363.4365584927872,75.00129353845682,1.0293334139844896
4792.0,364.663359590996,74.96365925962691,0.9748877474851216
4793.0,365.94005010736095,75.17214816388878,0.9185185992069376
4794.0,367.9598732876664,75.59508319557489,0.8508172402460025
4795.0,369.8577067853239,75.85932124665693,0.7412357117932208
4796.0,371.3168081827396,75.99428982617735,0.6114025145141824
4797.0,372.46765440913674,76.501058981475,0.5161683046281317
4798.0,373.940643146267,77.40003291812233,0.48592645159806247
4799.0,375.47627474743985,78.67422358896177,0.48712299348748095
4800.0,376.04482920210006,80.00769118539341,0.4800017140008335
4801.0,376.2449400233171,81.24695913066444,0.46033664376607686
4802.0,377.5685534770479,82.55997831510464,0.43539068635078804
4803.0,380.08522959349807,83.84184147927367,0.41535060352899994
4804.0,382.12774523766757,84.48814489309487,0.38273136118617956
4805.0,383.43887723440537,84.62645574988737,0.34583106476044095
4806.0,385.3233691597836,84.79305979840238,0.3149662720884735
4807.0,387.1217401732148,84.95462197835558,0.3224267069716899
4808.0,388.2308705391255,85.55205151899902,0.3695219240539224
4809.0,389.49525648678434,86.48513988827767,0.44604563510759043
4810.0,392.78942546938123,87.4810260189552,0.5405064828569316
4811.0,397.30316735461383,88.32575761415367,0.6427957826306117
4812.0,400.79912392621566,89.14537428464949,0.7587626835790225
4813.0,402.8819431813973,89.87936223622638,0.8265516860052543
4814.0,404.31476340261,90.53292124285551,0.8137304292312064
4815.0,404.6876820860905,90.91399782833992,0.7627702485684961
4816.0,404.6753135361131,90.94261273853196,0.71645017778244
4817.0,405.6123496324,90.69384438262527,0.6435610357729534
4818.0,407.2511345202631,90.6610840334744,0.57499037827344
4819.0,408.2695228516258,90.9178450037165,0.5211174045925444
4820.0,408.47310590694974,91.44675100059789,0.4855683417714756
4821.0,408.90287934753235,92.66032322449962,0.46230407057589157
4822.0,409.4346632605453,93.95578709153482,0.43853234841506245
4823.0,409.1303716118785,94.65248191760949,0.4071890175540496
4824.0,408.28803712240995,94.74656711673812,0.37879424892651675
4825.0,408.40299066085174,94.78303201984819,0.36300875640432645
4826.0,409.38872901477475,94.6831901437977,0.35408783478783995
4827.0,411.17200867253564,94.4044542169246,0.3539096745934863
4828.0,412.65851149376425,94.1287772224819,0.3762489237191689
4829.0,413.7046018282946,93.74150702031123,0.43140297542630746
4830.0,414.86125374944055,93.4601687770016,0.46223387732306553
4831.0,416.59980794655615,93.2694809385265,0.450062786618496
4832.0,418.62379956848156,93.03272183692006,0.4252416744250249
4833.0,420.02914726364776,92.69085139838961,0.41265960597565693
4834.0,421.55531385861383,92.24730156102497,0.4257870224560164
4835.0,422.92697516140584,92.11783528786546,0.4719931827097599
4836.0,424.7519758099588,92.23014134075623,0.552448523918816
4837.0,427.62840937302093,92.262729411801,0.6373299586370704
4838.0,431.4606303050694,92.31819403541334,0.7306096829052681
4839.0,435.64549723756375,92.44935918887862,0.81561941257225
4840.0,439.782103659949,92.40406992469073,0.9128393956231641
4841.0,442.9792734484998,91.87392423665706,1.0195382951451721
4842.0,444.7823416050378,90.74016130371479,1.0927669505824036
4843.0,446.04189915958636,89.7668731558054,1.1285350855131024
4844.0,446.5270779755525,89.5819741296272,1.2033046556219533
4845.0,445.37802037955527,89.95936715935744,1.3473956986890623
4846.0,442.4466892747456,90.29062828142882,1.4805709927408655
4847.0,439.11334097498593,90.7749079449134,1.5972368976258244
4848.0,437.3236434271859,90.9168926419257,1.7164134449113368
4849.0,437.1294726743694,90.53199335423881,1.8744569073391248
4850.0,437.4150993012881,89.83678971743257,2.092487171604512
4851.0,437.85888972458554,89.19746145803819,2.3390182029357085
4852.0,438.5762434529441,89.04038065897552,2.527083583382516
4853.0,439.5827974776278,89.39163800035661,2.6508549036349445
4854.0,440.4658907372262,90.1809795512322,2.7341042490612892
4855.0,440.6702239140068,90.94602469786875,2.780165468431152
4856.0,440.2825909638451,91.3502992859985,2.868903595018116
4857.0,439.6807517089297,91.41594633618955,3.0349000411026026
4858.0,438.4635744690466,91.66354954864673,3.317981413599944
4859.0,437.08188190543115,92.14962806783765,3.641024363001986
4860.0,435.78247755043327,92.2827855098097,3.9666845802229127
4861.0,435.1765438441102,91.6517100142208,4.292235615101477
4862.0,435.51901092162825,90.749458305526,4.565093831128319
4863.0,436.72666522503914,89.98927297880975,4.718329329516264
4864.0,437.98379623685497,89.4018217749434,4.747365795486403
4865.0,438.6866099888518,89.25010724781168,4.729517119872089
4866.0,439.86709267189514,89.066891526911,4.747224868833798
4867.0,441.5855940503528,88.53844033385636,4.786719258863271
4868.0,443.53547791952406,87.76744600171241,4.896062222164373
4869.0,445.657821639549,87.23205662678228,5.066463475456359
4870.0,448.5670720427204,86.73522504161853,5.1955730932248
4871.0,451.7956757437822,85.84089949332495,5.208802820020832
4872.0,454.5347990253767,84.49001137879772,5.1437659847235855
4873.0,456.7533018000278,83.1630644086498,5.0406197180430015
4874.0,459.97558223966894,82.8219738488061,4.821976985672
4875.0,464.61844014939277,83.27205788424216,4.472212902854919
4876.0,469.09845919437214,83.13506097264897,4.096895312462055
4877.0,471.04106277539296,82.71539395204812,3.808811295662112
4878.0,471.0065952405301,82.57934043628434,3.676914934703156
4879.0,470.5513603609133,82.41480353820879,3.68608205485584
4880.0,471.63564220284115,82.44374720853936,3.7516385938143837
4881.0,474.43360197715043,83.19940144011694,3.7269512547221955
4882.0,478.22538821059237,84.19651905216386,3.672745761521628
4883.0,482.82398495458256,84.65832499975706,3.6678290158692897
4884.0,487.46972979413584,84.70684843396651,3.6657354344898816
4885.0,490.7277265585276,84.81700936918651,3.7111988529167843
4886.0,491.5010279079204,84.57020626582896,3.7574622880012014
4887.0,491.5030373826822,83.60447386859418,3.760311952859664
4888.0,491.7869005510057,82.66489750712833,3.6953510910361596
4889.0,492.42962877315006,82.01642243462808,3.6526935434924943
4890.0,491.9799603667889,81.69740279622162,3.6842641558585636
4891.0,490.3870644484573,81.76289957496462,3.7754399993157226
4892.0,489.59584291609883,82.05948060926683,3.8577320988854398
4893.0,489.0095341045152,82.47712286241206,3.8341727629751845
4894.0,488.1692143820818,82.82350913690537,3.7084740083928196
4895.0,485.7735982092874,82.83407343332365,3.6508522941185295
4896.0,484.6826677911043,83.13211064718705,3.6988423275472515
4897.0,486.50433327279677,83.75106013425386,3.7962398416899883
4898.0,490.30803901003617,84.25430902701316,3.9346063975046928
4899.0,493.88599681411597,84.55136281794226,4.025870856594144
4900.0,494.56362143437644,84.7451477878553,4.1167420259748715
4901.0,492.82273254725106,84.82468041519289,4.241998707087691
4902.0,491.01530473588457,84.75785251584783,4.353948511773593
4903.0,489.9477304099975,84.46229178408139,4.416849497552039
4904.0,488.61831514975046,83.9526290817029,4.4647302054042735
4905.0,486.67591534805376,83.36046311187569,4.534038711074933
4906.0,485.31097465454656,82.83655556462264,4.596598356230409
4907.0,485.32414326201837,81.99226329516904,4.638512896682904
4908.0,486.31648577595035,81.09612113936869,4.788760878580539
4909.0,487.3745667802197,80.27219137967748,5.068885667397589
4910.0,488.40334924864123,79.4764217605295,5.385589312312561
4911.0,489.92514612893774,78.5617639616652,5.64770714412006
4912.0,492.35951513898596,77.1118454359852,5.6825414867110755
4913.0,495.8318539023629,75.1934740018874,5.553528446715504
4914.0,499.9560857073248,73.22106967900858,5.434119848308818
4915.0,503.9130187210092,71.62452115706712,5.516581372642543
4916.0,507.16306487666776,70.20372169365986,5.6977069381689995
4917.0,509.263202755879,69.19347721059118,6.000670381442496
4918.0,509.7709807283993,68.53368874553836,6.390469065640043
4919.0,509.9860016288911,68.0984803638825,6.7522771389776475
4920.0,509.98827075815757,67.71888437672035,7.006504338010853
4921.0,509.41074745238063,67.43743721362179,7.140385569056999
4922.0,508.37084899419574,67.5337906705618,7.322428910281715
4923.0,506.49719761876463,67.97029938097583,7.558776133532122
4924.0,504.9147047635595,68.09778421172818,7.656071349326849
4925.0,504.4708978165562,67.5852236058815,7.4996743412540905
4926.0,504.329978345931,66.51899825960562,7.158419203224172
4927.0,503.1133781271173,65.30117398452505,6.763293092954903
4928.0,501.36892966948795,64.12112109177093,6.502120463538336
4929.0,499.90272884256143,63.27066879242471,6.51039413444676
4930.0,498.70656006459933,63.14027556791879,6.68191376962404
4931.0,497.32279313660723,63.530776329666985,6.784028206011225
4932.0,496.5810762640768,64.07707983424127,6.71040576430511
4933.0,497.0581436034726,64.5930888304838,6.449871188631315
4934.0,498.0341919397249,64.95185050210978,6.04548588669872
4935.0,498.2776480098063,65.32202004281926,5.620695579792383
4936.0,496.4039156521215,65.901907764001,5.286100884747884
4937.0,494.03632298272134,66.3692393470005,4.996290213082124
4938.0,490.9758459079565,66.46752382615259,4.733566927246439
4939.0,488.05230850364546,66.42103137811799,4.534100546977563
4940.0,484.4679575770738,66.41995314941404,4.463541811677967
4941.0,481.6542527644123,66.40830802215332,4.567110883658401
4942.0,479.548408665511,66.21474512337224,4.773961798527652
4943.0,478.30860664523124,65.8592646460733,4.973041918212512
4944.0,478.006596193975,65.50871443814623,5.069734217545419
4945.0,477.2247805970821,65.15608362960577,5.063522496624385
4946.0,476.5693579857579,64.94607535682557,5.088494367860957
4947.0,476.3361934467741,65.46868629996916,5.155957734881027
4948.0,477.1371257216185,66.44198367757474,5.229939327264723
4949.0,477.2408144366314,66.74764672788287,5.251268545129621
4950.0,476.30737161930125,66.08926533747719,5.183336844584718
4951.0,473.62170541105223,64.86776731059312,5.168220750525852
4952.0,470.96581807762465,63.553497655443444,5.178093760327951
4953.0,470.47330423148355,62.36176591912942,5.1647347586838785
4954.0,472.700713577775,61.53216863808249,5.032272720623473
4955.0,475.30815447534417,61.30542979310657,4.982906177002608
4956.0,476.3481087314323,61.36851268540916,5.192971916918861
4957.0,477.262910887784,61.640397572349194,5.494924687927825
4958.0,478.18749239690214,61.55480418814152,5.673271588955301
4959.0,478.2201385052952,61.22040550694816,5.726977243001537
4960.0,477.6398325919442,60.909459469715564,5.830464742738381
4961.0,477.1946557254889,60.63355156120382,5.91228698161947
4962.0,475.9051578681904,60.341109812193245,5.931339888655694
4963.0,475.0483118772572,59.91062498498507,5.799836641225001
4964.0,474.1137249319512,59.206606004972414,5.599853976769125
4965.0,472.69511119789104,58.60069410808535,5.4131707219355105
4966.0,470.6546677377967,58.170743379519074,5.3223253619739035
4967.0,469.47503798731555,57.65494057653349,5.268522639845587
4968.0,468.7232811323254,56.80601099306407,5.041132698955956
4969.0,467.79806478901764,55.57313594363749,4.69423702451344
4970.0,467.148652932977,54.43035739598783,4.329305706920657
4971.0,466.4256429862149,53.91898034849296,4.066246721150069
4972.0,465.1788181120203,54.238449639105625,3.919423287241156
4973.0,462.7201064533698,54.564364384807206,3.7490457455973734
4974.0,460.681554083082,54.553181831918245,3.5743637847494636
4975.0,458.87726566324534,54.21090276924472,3.438027194103404
4976.0,457.0221727974368,54.10309941737441,3.2819955031281793
4977.0,454.86740984169745,54.26366141161804,3.0983703294865688
4978.0,452.3737151275173,54.3915104461036,2.91827867437494
4979.0,450.3895966502296,54.63086556075719,2.6821780920356355
4980.0,450.28034874358997,55.02368993146433,2.3982350235044883
4981.0,451.9551187051738,55.438823009342514,2.1759348200292004
4982.0,453.61391362629615,55.83681825135827,1.990766018776206
4983.0,453.636011218252,55.864164768190896,1.8510678943249932
4984.0,452.2749388356543,55.4427751217695,1.6552089984065474
4985.0,450.1037811609723,54.97055722676998,1.4922963963053055
4986.0,447.1305450083468,54.58902346828224,1.4155390181686327
4987.0,443.55578910921685,54.42963999146204,1.40138244
4988.0,440.68305272807714,54.343740138075646,1.4133820364205025
4989.0,438.9844179029859,54.00305232756715,1.4164977021190683
4990.0,437.11432312860705,53.537617841523804,1.4790694932233999
4991.0,434.50513715434994,53.32464646551547,1.6122472606541398
4992.0,431.88159275493234,53.11925508523396,1.8288063009223225
4993.0,430.09102355526875,52.3590237777576,2.0440868684492357
4994.0,429.7157274395616,51.555563843740906,2.19712198126864
4995.0,430.2563271941982,51.0107100119295,2.3091762884787084
4996.0,430.13661782529795,50.9156095646752,2.44325597522724
4997.0,429.41591965886784,51.41113319245182,2.5409928839016245
4998.0,428.83178869849695,52.24040836958201,2.4986700910399686
4999.0,427.92039170450005,53.1710831310022,2.34362269182804
5000.0,425.90515892041327,53.8181732051777,2.1865590724713124
5001.0,424.779670498931,54.232160682871395,2.0442089393947223
5002.0,425.09381786576375,54.73356136397527,2.006017494279881
5003.0,426.06759665857203,55.14006911341968,2.059866294020965
5004.0,426.835895024851,55.51812583564585,2.1985561921134678
5005.0,427.7306628541872,56.14972997466252,2.3332508121031683
5006.0,428.210988320475,56.99156676530631,2.4013607610856518
5007.0,427.6779924485214,57.64803259468902,2.403250940670528
5008.0,426.01042436199884,57.936225298834806,2.476101962647171
5009.0,424.18515408982785,57.9031426153911,2.5933569505418963
5010.0,422.61751213310157,57.55401285111192,2.6270259637536784
5011.0,421.0125240976897,56.92300690570504,2.6532644862964245
5012.0,418.7206372118004,55.88485865094209,2.73692189886025
5013.0,416.11874814232317,55.049127156198004,2.8127174736942724
5014.0,414.3442193129374,54.92427351582656,2.7971855036973228
5015.0,414.0491915555736,55.21767513799813,2.831345887115329
5016.0,414.9517555665624,55.27470089506806,2.982076335936724
5017.0,415.5703222260532,54.95486112350117,3.1444935859839998
5018.0,414.83042835955723,54.81226416057147,3.2029309502544963
5019.0,413.66974514747005,55.064459305314166,3.24925323324362
5020.0,413.2659613090839,55.52204575250442,3.3691888830678014
5021.0,414.06463598243,55.82209485042735,3.4688285469351396
5022.0,415.7604301723263,55.88809788298973,3.4623828217843267
5023.0,417.9382807114593,55.62476200723698,3.3691915629494926
5024.0,419.49111392817616,55.281858954475034,3.2975305081917448
5025.0,419.5043422025665,55.20485868920771,3.272692186067057
5026.0,417.7137741669498,55.74349377843103,3.263884279387076
5027.0,414.99932987966594,56.4794106319511,3.25552952403396
5028.0,412.37908532930004,56.768052079643525,3.2347265635143936
5029.0,410.5713373483488,56.32010542982661,3.1597400666756923
5030.0,409.4389295119351,55.6870719826044,3.074678292993124
5031.0,409.65979563814193,55.18563791952331,2.9608926672422915
5032.0,411.08132351124874,54.83201189517697,2.8543775413737023
5033.0,413.0172814201241,54.468667347184585,2.826939873747372
5034.0,415.5317475601453,54.22517473957475,2.9492013431647317
5035.0,418.22577774090905,54.44909318441789,3.181024990773553
5036.0,419.9684009689311,54.736697659522626,3.394062399801497
5037.0,419.96596515896226,54.692942058015234,3.599141393769703
5038.0,418.6165210536625,54.18121278871588,3.806045731190103
5039.0,416.41300701060413,53.55245016067966,4.026107421383737
5040.0,414.2804583285996,52.98250720443421,4.186198004081602
5041.0,412.58621145436615,52.62879662166415,4.272729395481424
5042.0,412.1942381589267,52.42078868929245,4.3050961817384055
5043.0,412.7098611899288,52.24501804279653,4.399346967291721
5044.0,413.113883495274,51.915812017063836,4.534825617169001
5045.0,412.4795572646607,51.24575626223566,4.665614212810823
5046.0,411.1937418465882,50.34884651991625,4.72564399584953
5047.0,410.075084256547,49.229482216791546,4.709972865702896
5048.0,409.838356253107,48.428919153193895,4.639942818972021
5049.0,410.65585035069086,47.88511205826017,4.498405699336921
5050.0,412.1528978898657,47.2004294597822,4.362068253692251
5051.0,413.94146014239794,46.3634687188006,4.272590655664668
5052.0,415.024536774244,45.7320106842472,4.20353133626734
5053.0,414.3301774304039,45.45038446060139,4.079598664946689
5054.0,411.7237504552658,45.41235647738006,3.956828081311508
5055.0,409.2123082977708,45.63949316400663,3.8436302401686224
5056.0,407.70470123758935,45.88962509160043,3.788362872415759
5057.0,407.16519045809065,45.960690378483214,3.8061832715136394
5058.0,407.15387331594303,45.52512832647495,3.843654785891292
5059.0,407.3135958552966,44.68613257249968,3.911422558520988
5060.0,407.59917817169077,44.10724278381999,3.96022147053147
5061.0,407.9553445752879,44.014181296010406,4.008076753010148
5062.0,408.5400639286184,44.234106607465655,4.05858483477342
5063.0,409.37942050954086,44.042406750807714,4.0929129339441115
5064.0,411.0762855597654,43.43357896699818,4.074487179588809
5065.0,413.8259648769923,42.71327446468763,3.971872541739832
5066.0,417.32296058110444,42.14204697596216,3.836841614403063
5067.0,420.41363421560663,41.633998213750395,3.7123071436698254
5068.0,422.0258703914581,41.30455889462405,3.599703424557634
5069.0,422.51976404203884,41.11711652467847,3.508193506416528
5070.0,422.4478626568322,40.97610795134405,3.4128253896478924
5071.0,422.1656234328963,41.21016590214909,3.3195839729535024
5072.0,420.5032631656935,41.815859570886715,3.259626051147902
5073.0,417.9844909284543,42.39715648361181,3.2420859956464225
5074.0,415.93595982518536,42.60059357064552,3.1864593748099224
5075.0,415.38255427418954,42.750616891331454,3.131679845424984
5076.0,416.2929504807144,43.07750231463353,3.1871131350815376
5077.0,417.4294459432925,43.52456177862127,3.340385999633844
5078.0,418.89779181921267,43.84886788905398,3.5244777535605625
5079.0,420.64916783082754,43.83407619365402,3.7000052852424483
5080.0,422.94301492654654,43.49944296121555,3.853077931856739
5081.0,424.955224331119,43.05033644935128,3.9932089648343108
5082.0,425.0995059243986,42.76478873039098,4.043410665554624
5083.0,423.66255326770863,42.97986729224249,4.040501567778013
5084.0,422.0611476180084,43.72128074962829,4.07207244000503
5085.0,420.89388945635596,44.63949802875531,4.064444861073985
5086.0,420.1508112733996,45.17932393359035,4.148366408430132
5087.0,419.2734580118409,45.32413473674243,4.346949784356
5088.0,417.4930912150093,45.24976599419684,4.621577051074623
5089.0,417.84604210075014,45.337928963681605,4.863325066695248
5090.0,419.3154687895656,45.54395329279357,5.0028934096791176
5091.0,421.9229014865678,45.89946024938913,5.027346309076292
5092.0,424.9457297843962,46.427403832148386,5.011361792942553
5093.0,425.1203414341584,46.675413591677675,4.963622223951817
5094.0,424.0286935016882,46.616562141240074,4.986873393221724
5095.0,422.7013307034306,46.35492672224756,4.83031169716494
5096.0,422.1322563011347,45.98508397476427,4.617498475639172
5097.0,422.9514513801879,45.75539787679886,4.312069703821569
5098.0,423.1755888777965,45.45341584465053,4.04534176911225
5099.0,424.4683793990041,45.34901784412386,3.8629771927376395
5100.0,424.6511567641165,45.280722883572565,3.7201566060555624
5101.0,423.97206792234726,45.387920448090284,3.8331705140104337
5102.0,423.72021539210795,45.30068721388539,3.9047930073351083
5103.0,425.0017598221241,45.10469549008863,3.9920883560056315
5104.0,425.99832939614544,44.602407129531294,4.13968395649097
5105.0,426.47344135430023,43.88353335648186,4.312739833301964
5106.0,427.65790252542445,43.32502707240751,4.451028479880445
5107.0,426.87989288341254,42.74718207958774,4.62600228213335
5108.0,425.81251451496547,42.3071731787726,4.861345575037566
5109.0,423.7442349217834,41.68057863271705,5.075794246311476
5110.0,422.00906082416714,41.67232046293943,5.184383311622328
5111.0,419.96936742552526,41.560066471810856,5.2371289476194045
5112.0,419.3810446520251,41.61617176904887,5.2170980090424965
5113.0,418.1108452593947,41.70043993640534,5.165774618839404
5114.0,417.78944251434285,41.78521001231881,5.057816538701821
5115.0,415.57530895229445,41.74929646166721,5.0651889719704
5116.0,412.31352071561196,41.6687364962748,5.0236257504298365
5117.0,407.14797287069655,41.561557609148664,5.1601915930623585
5118.0,402.7424313359631,41.25818925074937,5.210652452758329
5119.0,402.0164276526312,41.43684411931392,5.169104402565601
5120.0,402.6373790820238,42.124578089218105,5.037641944859257
5121.0,403.6234131450448,43.09009514415334,4.872061424678115
5122.0,402.98462642203947,44.02151809644569,4.840531270578148
5123.0,401.18024492925366,44.61973699093246,4.77768841589776
5124.0,400.5919740588854,45.202425112039016,4.733279046148802
5125.0,399.8252762844038,45.93495654820357,4.646075622619033
5126.0,401.12535039699594,46.13244649477769,4.541369840401
5127.0,401.5310550838337,46.20624239545171,4.427531262649802
5128.0,402.4522004281446,46.4191753481381,4.4793224641521805
5129.0,400.3896624518219,46.60240639368406,4.574926705235309
5130.0,397.21815395916286,46.851138234166164,4.706478114086772
5131.0,394.3740071268515,47.34999260229296,4.76449098465796
5132.0,392.45634410006994,47.79894791243803,4.707298806338859
5133.0,391.2979136756274,48.340886218397095,4.682372110253103
5134.0,389.8169900538776,48.766316598243016,4.550498424177472
5135.0,386.5982696083596,49.032278113947044,4.435003332171457
5136.0,382.03228733013907,49.36182376624089,4.360581119380202
5137.0,379.7058456865518,49.83591463907338,4.377509225600041
5138.0,379.7284350222218,50.49544036876678,4.416160231771763
5139.0,380.89465244465856,51.455803066761604,4.659712014032293
5140.0,380.5352109313956,52.94204245597063,5.0289142942303275
5141.0,378.4937787456606,54.667635181292255,5.300888092820377
5142.0,376.5686662148176,56.18030655083642,5.375914214219168
5143.0,376.53546279386137,57.5374517905078,5.2942044530852685
5144.0,378.0797548318418,58.35121319061969,5.127940865898319
5145.0,378.50760625935135,58.733249831946885,4.986332498934868
5146.0,377.7173627405953,58.80695633587357,5.04023230543167
5147.0,376.6748836027241,59.06754246092166,5.2527190223748335
5148.0,376.01674524908447,59.285597221738804,5.5215199054889315
5149.0,375.66916670066917,59.367035941100504,5.696599239084603
5150.0,375.83363286159823,59.11546829943689,5.77612535012041
5151.0,376.5577449476872,58.60256059162867,5.728468774347122
5152.0,377.3283946247959,58.20769614220199,5.668276350154208
5153.0,377.3913022036255,58.21676220228154,5.6811485222560005
5154.0,376.7277120118351,58.961618214879614,5.807266555501326
5155.0,376.7169355603039,60.103260287955564,5.943345293181198
5156.0,377.438856428013,61.09611380616808,5.978556310304822
5157.0,377.9830984733061,61.50748355178508,5.88597566956488
5158.0,377.97342663476695,61.527355660785,5.780551547230619
5159.0,377.8271770342622,61.544349312727256,5.815805444155572
5160.0,377.4657418537018,61.664282739229144,5.970337654544952
5161.0,376.1103727181363,61.7164995346265,6.133157699823264
5162.0,374.5929100671762,61.46296704259711,6.190105485819907
5163.0,374.3720883679491,61.284220914659684,6.116011815549553
5164.0,375.45824059446664,61.53496122073729,5.967940501946658
5165.0,376.4561090789346,62.12953731897723,5.861894542956899
5166.0,377.1205359688314,62.42707717604217,5.855090611197303
5167.0,377.6274130319471,62.50116166144045,5.899070751552073
5168.0,377.33527225130894,62.279172585934376,5.887295883262502
5169.0,376.6849005850445,61.47127535020055,5.771844562882323
5170.0,376.20350638321975,60.143528604926296,5.609450670129852
5171.0,376.96089818995523,59.02871426577491,5.555893209099293
5172.0,379.133538582801,58.769259857509866,5.695436280488142
5173.0,381.78821879396287,59.13496680702874,5.976551489311824
5174.0,384.43076485352657,59.762930405102516,6.245555140552157
5175.0,386.76590444667903,60.046227497310994,6.372466010400386
5176.0,387.9275774957272,60.239992630154426,6.363214660656517
5177.0,387.8429768926752,60.18939322068787,6.306982139862125
5178.0,386.53009112862173,59.67902126732083,6.240504459354028
5179.0,384.83928949458374,58.84386512160024,6.121728930199585
5180.0,383.3705749721266,57.919270059516364,5.9774861830418375
5181.0,383.6186166087376,57.06263846637744,5.936493704632567
5182.0,385.55721502348655,56.48866727909038,6.065522299406173
5183.0,388.77619440673874,56.387362257273594,6.251152853157913
5184.0,393.4481912710228,56.891505965963454,6.385451639491813
5185.0,397.63663368889746,57.486850771109886,6.494490368041
5186.0,400.2710807124142,57.12081834280192,6.49830327536192
5187.0,401.7142150584273,55.9853731170855,6.392447886207064
5188.0,402.25111632198104,54.58565247137553,6.2056761639906926
5189.0,402.82898997976804,53.47722183370009,6.09200827816036
5190.0,403.353316250925,52.78721183640711,6.189322489658011
5191.0,403.1679517326148,52.200884522322546,6.3409871578196215
5192.0,402.65281386341553,51.61160632460011,6.413926861403849
5193.0,402.48707238351386,51.500103092573255,6.353424057528003
5194.0,402.8037752779852,51.7487161403298,6.272761986669027
5195.0,402.5304148664452,51.675685291832025,6.208880505912001
5196.0,401.45909217242485,51.12510120308761,6.1775960169480815
5197.0,400.7351959105426,50.43962626160461,6.151563770246545
5198.0,400.41526172052727,50.22980995032064,6.158869584214861
5199.0,399.27612059754284,50.5190976396623,6.15112899280018
5200.0,397.5529807307987,50.97345650069785,6.031684508221439
5201.0,396.2275675206417,51.27613318738966,6.060867905689001
5202.0,395.86708671807105,51.43650433278555,6.287137253730602
5203.0,396.8776343278937,51.95076270150006,6.60625435662171
5204.0,396.8763190925443,52.84920748609567,6.88911497273677
5205.0,395.19320303542764,53.667160297420004,7.270564493306464
5206.0,394.42173137807936,54.43730563409209,7.607232829701564
5207.0,394.8140923739914,55.3532882644389,7.890206787802417
5208.0,395.26027681687754,55.994155929872,8.16245031422005
5209.0,395.1257505093404,56.35566832920157,8.306097093821801
5210.0,395.5899273364836,56.7196462794034,8.369307359319272
5211.0,397.5392558246145,57.11190165878438,8.382401976453597
5212.0,399.5901382454856,57.13530324058404,8.289173853883653
5213.0,400.0347187533372,57.09896106897168,8.195891571242498
5214.0,399.3295200003672,57.3134002139924,8.304807954172578
5215.0,399.1766988770033,57.826938294534536,8.470333514056387
5216.0,400.15801280194705,58.394697346814965,8.52904876248039
5217.0,402.1432059670635,59.00758095260942,8.507746041104646
5218.0,404.5854289611981,59.75917970778218,8.510982134548737
5219.0,406.6169679357837,60.35369331081961,8.392401112567374
5220.0,408.0571568483446,60.70684986657521,8.120076084863076
5221.0,408.0812708555235,60.819163616308195,7.857732167136209
5222.0,407.2258399120193,60.65252126809658,7.691433170588622
5223.0,405.84719297102424,59.780360578082544,7.554516932868422
5224.0,405.0592128976724,58.854099875269064,7.3673811698356815
5225.0,405.5739789464507,58.611306253712534,7.198765458974312
5226.0,406.7969957195228,58.989333554152935,6.995176033657039
5227.0,407.27239895294053,59.28541751054791,6.682748834665741
5228.0,407.3379066620391,59.214902133176665,6.356980768790836
5229.0,407.131737887733,59.24886434349998,6.185496393012271
5230.0,406.25028335832195,59.761802508768675,6.280020663289364
5231.0,405.19590065606656,60.602832500176056,6.4366521323136405
5232.0,404.54533690679256,61.41903436194149,6.445525699639919
5233.0,404.8280088799726,62.09742485363711,6.289926010596801
5234.0,406.52953829878265,62.95263551365268,6.002151517058054
5235.0,409.7956630033553,63.93994721386748,5.68726455334585
5236.0,414.0880054333411,64.82106817191637,5.326925023694768
5237.0,418.47684900982495,65.32655456119241,4.913127505455456
5238.0,420.67030501749156,65.31170109242154,4.670597806500428
5239.0,419.7501492107079,65.15466620608352,4.640929255184192
5240.0,417.9916130636894,64.94009400829721,4.643498376030395
5241.0,417.2501010788465,64.69794195883955,4.508125336495929
5242.0,417.5442246640992,64.27346830610959,4.3392072049139045
5243.0,418.4619848895967,63.96273598582482,4.200755999973667
5244.0,420.0542670661368,63.79048359439235,3.9306905471934863
5245.0,422.73600946339224,63.8638317060765,3.5938318158513933
5246.0,425.7629538608247,63.93131539792072,3.307909871881961
5247.0,428.64191420229474,63.97591634613883,3.112690093383062
5248.0,432.0950665174503,64.1008541013408,2.9536844022282494
5249.0,435.6572746209974,63.99138045024079,2.8317082764454415
5250.0,438.68328646684694,63.63423130318489,2.77528411545856
5251.0,440.16345175608967,63.34887785227269,2.6792913774238922
5252.0,440.93081443372915,63.505932584196124,2.55924962299494
5253.0,441.6965138409075,63.900106369892704,2.4785896671649126
5254.0,442.72258434375914,64.09642140941935,2.4415583773697422
5255.0,444.2825224225082,64.13071115179748,2.403879542980502
5256.0,446.8326322573609,64.321444208238,2.3207983199655557
5257.0,449.93702463189845,64.64921764201063,2.2225990156474893
5258.0,452.18270663736985,65.00291521127731,2.1298145604300966
5259.0,452.3669809368339,65.28088179980857,2.066387246293692
5260.0,450.04199991546807,65.1466662855983,2.0482056358336225
5261.0,446.8135474308532,64.4926603105754,2.033956904149332
5262.0,444.5601159522088,63.90053339695603,1.9707384442872062
5263.0,444.8006380933575,63.5896214114758,1.8929363660032577
5264.0,447.5228205359296,63.4366683053246,1.8437111348055628
5265.0,451.3688142735408,63.36656920702514,1.829453098145473
5266.0,454.0323261561372,63.29039377756548,1.7890695892283237
5267.0,455.9153452023631,63.29052138426667,1.73996703389961
5268.0,458.2394110456453,63.358592747683204,1.7660032499013025
5269.0,460.491820457051,63.579022400197324,1.8529705805795043
5270.0,461.65796917368436,64.0845073980832,1.881487422465168
5271.0,461.5859978440204,64.75861142758411,1.7617996726771203
5272.0,461.1781199688745,65.51897236696648,1.6081281568632046
5273.0,461.9156327177952,66.2989015133408,1.5492404256069168
5274.0,463.75055355973967,67.34679587576761,1.5681756196858758
5275.0,465.16550600352286,68.66834050554678,1.5820126917823396
5276.0,464.50626947710447,70.18367257039556,1.587716249727977
5277.0,463.16213810734826,71.4270265408363,1.5654737385545452
5278.0,462.48116894438766,72.1974520181142,1.5216963264987136
5279.0,462.24426295780086,72.70101961248469,1.4580672141206115
5280.0,462.41439329349396,73.50228769869013,1.3916879846470274
5281.0,462.8273003339779,74.44194086657946,1.3451339523608097
5282.0,464.18692675480526,74.81434932698231,1.3494563486206606
5283.0,466.2014207958682,74.83055025252271,1.363675282067406
5284.0,468.8668785123562,74.78631571675274,1.344957367145621
5285.0,470.7620181911319,74.58999296607303,1.3314521394313488
5286.0,471.89427707050726,74.22610655583306,1.3974261591753958
5287.0,473.1936798627578,73.42792244004872,1.5682641562965316
5288.0,474.64223675896164,72.76042402677841,1.7089687099900899
5289.0,475.0889676495131,72.85089764602812,1.6612619468782401
5290.0,474.69794331109085,73.23877041832269,1.4339724567490921
5291.0,474.3534050241012,73.31856178959325,1.18619936473284
5292.0,474.94787563714334,73.18627038001651,1.02047272404025
5293.0,477.15120263042616,73.50263389087064,0.9183344243274288
5294.0,479.40681449031075,73.89695462909575,0.8632845638219664
5295.0,480.7096710480138,74.06485169925155,0.837467876911944
5296.0,480.4308252006887,73.95027819149625,0.8563325121991695
5297.0,479.0532989516934,73.57614591352596,0.9100195340763134
5298.0,477.51503224112867,73.07830789582883,0.953816958458381
5299.0,477.7259297655012,72.66109196561985,0.9783431815757823
5300.0,479.29457099175164,72.20807218460887,0.9651862708283235
5301.0,480.6793521929927,71.83995710938714,0.8810399246330528
5302.0,480.5963096574479,71.55187940662334,0.7618292761940224
5303.0,480.25402437130947,71.24456718929707,0.6640722288853128
5304.0,480.77162502326587,70.784460241704,0.6158391073323889
5305.0,482.12908044980276,70.40272566475488,0.6211182232590915
5306.0,483.8497151478945,70.25391310260532,0.6619431538092321
5307.0,485.1382664551703,70.33895066075073,0.7169608545478681
5308.0,485.3987875461279,70.35794660790805,0.7634023654409999
5309.0,484.9260207878266,70.20554626562499,0.7922283788012943
5310.0,485.6721860717746,70.1761694844928,0.7961361342584521
5311.0,487.155570703201,70.45078769226055,0.7453347175872899
5312.0,489.40873965021996,70.60619445421058,0.63952360868484
5313.0,491.22905157658374,70.37563424560855,0.5352175193907843
5314.0,491.78151217595786,70.38403861541298,0.4798687707498721
5315.0,492.8408888884008,70.79277018322847,0.4573724382627855
5316.0,494.9836295615436,71.45446968598068,0.4420441916851216
5317.0,497.78508191761114,72.34195725138069,0.42950889316771834
5318.0,498.5149306203124,73.0551158859351,0.4241445241651641
5319.0,496.9910541233367,73.17873524920554,0.43017581970840985
5320.0,494.4048101102574,72.44788815552154,0.4364109626942464
5321.0,493.06828816218945,71.28414481341805,0.4179702795685641
5322.0,494.7682896994951,70.14541625181886,0.34718136327216026
5323.0,498.2424403768905,69.0119801182905,0.2566370856928321
5324.0,501.10885478062744,67.60619114308851,0.20501974401592363
5325.0,503.17078041238034,65.92043141670962,0.22826626553739604
5326.0,503.78606707559476,64.22500894273252,0.2950565385277449
5327.0,503.7241162456569,62.77948995993186,0.3480196466376099
5328.0,503.8416056107624,62.17772394698468,0.39058868834390253
5329.0,503.9532153729013,62.502934147107275,0.460531768472508
5330.0,504.64229173861776,63.03695661822509,0.5276383062128657
5331.0,505.8180098451393,63.192034417279885,0.49439224690330236
5332.0,506.8313800691812,63.17618617245531,0.40134662745017763
5333.0,507.70736208464245,63.21262981885817,0.3313734405852024
5334.0,508.7936012645984,63.14246123712468,0.3030366528025225
5335.0,510.14538816624287,63.00423041791698,0.3111936435881289
5336.0,511.0415742282054,62.978280097569645,0.33855005089829165
5337.0,510.16266735898427,63.0926806544416,0.38973393373982756
5338.0,508.4519906073328,63.299625388312066,0.4785852614540449
5339.0,506.8799839181422,63.518553813064884,0.5913277181482895
5340.0,504.8898672902703,63.56356228206896,0.68610557356201
5341.0,501.9543190980894,63.553455244172405,0.7363469884499568
5342.0,499.7564532148009,63.437694961106565,0.7243088937982921
5343.0,499.19272208668946,63.369717708787796,0.6785224802370575
5344.0,499.0801493279674,63.76623561084685,0.6603373524188736
5345.0,499.0204677430819,64.77148625659491,0.7062137870221729
5346.0,499.9688853746553,66.10330594480448,0.822461316126041
5347.0,501.6941519845179,67.48568823296733,0.9431270006055075
5348.0,502.8979219997336,68.71934560143129,1.040850011451125
5349.0,501.85130431324023,69.32552684155083,1.1546146349376016
5350.0,499.12278542924156,69.32873013237824,1.3073104839107041
5351.0,496.47933718130946,69.07984736764084,1.4845750765059602
5352.0,495.3870008780977,68.61380091002013,1.6441614465569883
5353.0,496.17421543900105,68.19414482456412,1.7551144881178755
5354.0,497.279573466653,67.76390925032568,1.8753122319361601
5355.0,497.10076950108567,67.09746646285063,1.9823602599171857
5356.0,496.6866028732316,66.11800065976576,1.9800413191751483
5357.0,496.79679862526956,65.2642825503313,1.8904113860341825
5358.0,497.3872728963248,64.23070401370036,1.788519385667837
5359.0,497.8125182525303,63.120120023623144,1.6431010697718016
5360.0,496.48960202149436,62.168621191428954,1.4581264065939026
5361.0,493.637295092756,61.80785427051218,1.3245988000358657
5362.0,490.572672625175,62.04433836781856,1.4120047478773636
5363.0,488.66217365189067,62.67144486594102,1.7009512819593529
5364.0,487.7927564985486,63.56288763601765,1.9901553239308225
5365.0,487.2595370217689,63.779701582731455,2.072748730585272
5366.0,486.9481872685204,63.34315547529298,1.9243683693776024
5367.0,486.72183805194464,62.92830314282627,1.7323908900143037
5368.0,487.2152475183231,62.25187339940619,1.6085363652079567
5369.0,488.2421967395384,61.19878671084131,1.5263547895415825
5370.0,489.0961129658752,60.008425391400884,1.4767823244922487
5371.0,488.14228370445625,59.2444560115865,1.4812951182907022
5372.0,487.1629470601776,59.47572260606823,1.571056131220128
5373.0,485.87109471836055,60.23416097848898,1.7423079708152192
5374.0,486.2016537213683,61.17893785888549,1.9530429205721342
5375.0,486.1226928592313,61.56153581468904,2.07804852731844
5376.0,485.8811646588628,61.166677025203846,2.046974340384512
5377.0,485.7318252978733,60.563306266693864,1.9528167535968397
5378.0,486.04803878960786,59.96794570270319,1.8619899889200515
5379.0,486.02083908376324,59.65395648834286,1.72676840110336
5380.0,485.0724342905744,59.30178204727089,1.5631963275622502
5381.0,483.50632890809743,58.77882908692313,1.4545446626295024
5382.0,481.2471328513331,58.49074778107385,1.3494687087223225
5383.0,480.5525340387119,58.89344218147555,1.3336091862072006
5384.0,480.48912071425144,59.44614794783848,1.4398828343833925
5385.0,481.34175371227457,59.93921293619644,1.5984775509151745
5386.0,482.28101944472417,60.32708372205734,1.69921786121106
5387.0,482.97612482130245,60.39747559164643,1.7025621218565696
5388.0,482.4965168108713,60.01218669106089,1.6482146930558597
5389.0,480.41385148432704,59.776000399815274,1.5801227616208353
5390.0,478.3533122664745,59.64384302073016,1.548856986820489
5391.0,477.0629905580855,59.51585501822488,1.5603823679850757
5392.0,477.62828711672563,59.58141412244002,1.5651423661922501
5393.0,480.2225356567454,59.46284510433748,1.4937327521089598
5394.0,484.6182904142229,59.18892778943677,1.3942815552090002
5395.0,489.0124937878586,59.28369248176395,1.348975556719565
5396.0,492.0595268029074,59.84095547308095,1.409669820705329
5397.0,492.6008124839579,60.55623599399078,1.515444019777038
5398.0,491.1118578733097,61.31044627814959,1.5908961554855825
5399.0,488.4920947834519,61.66274064332878,1.6296714068885059
5400.0,485.74257173194763,61.90282082088707,1.6350250741873802
5401.0,485.56697720525324,62.04335313872649,1.5826771717032004
5402.0,486.4868030928532,62.047710481502335,1.4995970825893368
5403.0,487.4000756977194,62.063388508145266,1.4531569324147677
5404.0,486.35453428532566,62.241422131922874,1.4141227678607238
5405.0,484.5700605971535,62.867648358152344,1.3705671254715728
5406.0,483.0231548236059,63.92826747109901,1.325558627427065
5407.0,482.12352742973985,65.27549940384466,1.3179824095662225
5408.0,482.0082391149708,66.43782663303244,1.3550180597889048
5409.0,481.8947611443863,67.3684271809033,1.4027340023933184
5410.0,481.4654605216623,68.0618589765093,1.3371374362046282
5411.0,481.37816081051125,68.33126451609073,1.1788765148166402
5412.0,482.25671474723237,68.33593966924914,1.0182667855550436
5413.0,483.0431095423134,68.39048815846346,0.9603104104894041
5414.0,483.063579853963,68.61360326955578,0.9846655216538596
5415.0,482.733889579043,68.63049485307282,1.007229840622728
5416.0,483.01303850086896,68.62923977942076,0.9968896623187044
5417.0,483.529098994884,68.86647399888102,0.9378852144336677
5418.0,483.62850407312703,69.16130042603146,0.8618794536276368
5419.0,483.60095212558093,69.18565344120229,0.7906914007888899
5420.0,484.09499230046066,69.15445725587281,0.7448806418635022
5421.0,485.0459239306418,69.36218126535935,0.679170922947793
5422.0,485.7557329697156,69.92391699552482,0.5941865047248035
5423.0,485.4294527259743,70.82701749114763,0.5409744452431225
5424.0,482.8556726676813,71.81677940635872,0.5528969992417937
5425.0,478.9781076927695,72.83723467910234,0.6047471123878144
5426.0,476.50906195581985,73.94080828116586,0.6073475335575025
5427.0,477.6394763559553,75.19119048825317,0.5371465875381225
5428.0,480.56694841548756,76.50703644839278,0.41678010843030805
5429.0,482.62213950825156,77.5367339178599,0.30728979782430765
5430.0,482.8286472513233,78.32159942658878,0.22436895297599999
5431.0,482.3714164912758,79.02905947144441,0.18655644995367607
5432.0,481.7590228598724,79.49525233044122,0.19724578984190436
5433.0,481.38100735337093,79.57872078092836,0.24648272899387288
5434.0,481.88575687344684,79.21609928740901,0.31783122328164837
5435.0,482.55771855486086,78.81123827426497,0.3937143843128896
5436.0,482.63489415869276,78.7023983484013,0.4743475665681025
5437.0,482.12702567495046,78.79717221569102,0.5793784140181921
5438.0,482.64222215045766,78.68841421343993,0.6883115395198849
5439.0,483.0881167549286,78.80056069548462,0.7417836357967043
5440.0,482.62704160808767,79.38576256780554,0.6761960714624162
5441.0,481.44928126761243,79.76379664212169,0.5704267760719609
5442.0,480.5308179608932,80.0121684290925,0.48754721118255606
5443.0,480.5419188260677,80.48940003390048,0.4781788331026575
5444.0,481.59809826064424,80.89707631611205,0.522770515484264
5445.0,483.7762884966148,80.99026193270264,0.576540878762352
5446.0,484.8542392716717,80.8956980384848,0.6087454642268163
5447.0,484.7162816541091,80.91629355701042,0.59061130895376
5448.0,484.2876271594268,80.71104190680569,0.5750739893978687
5449.0,483.85678575574104,80.07418362891381,0.566608008061016
5450.0,483.4314934401154,79.5203766028256,0.5501505017081161
5451.0,483.69811380869083,79.53783055622647,0.48361337146438566
5452.0,483.7518168237016,79.96463807856601,0.37191035077092083
5453.0,482.1658370231355,80.24945079682541,0.2798399631609604
5454.0,479.3323845390764,80.54700057677168,0.2483898609303076
5455.0,478.1792632552557,81.2439597563702,0.2432113522830369
5456.0,478.9974783675615,82.17426851200574,0.23906835715766886
5457.0,479.9844237641322,83.20963593263991,0.23715813028454558
5458.0,479.36886751603606,84.16194591980363,0.23751454512952955
5459.0,477.7004903718154,84.93531900033385,0.2488649213367769
5460.0,476.08302069603866,85.3734002868471,0.24617160987878553
5461.0,475.02558413016675,85.69218729963579,0.23312815975224088
5462.0,475.36866794781076,86.3480591874526,0.20677613523507357
5463.0,475.6257943841009,87.13716979741638,0.1883696625677476
5464.0,475.6225540311772,87.627829922628,0.1935901353256641
5465.0,475.4895634027894,88.00479592827338,0.20902684740581154
5466.0,475.66201695103865,88.87218789006981,0.22308285727959032
5467.0,475.89489515703593,90.06757409946269,0.20832261217863837
5468.0,476.18854393415256,90.85594099607333,0.15891471066356638
5469.0,476.59514142769285,91.39411318152037,0.10707859592539556
5470.0,477.7001974966308,91.95507628210889,0.07726653146721642
5471.0,479.8812737901709,92.64569436434796,0.07103825156120036
5472.0,482.63555146998914,93.5178389682196,0.08033296170248996
5473.0,485.1604925589897,94.31891414576381,0.10080469425600251
5474.0,486.20105704907064,95.0698017202053,0.12515507373711685
5475.0,485.91673960250944,95.72444208928064,0.1370707341994225
5476.0,484.3270178993152,96.34074619635685,0.13405220938858806
5477.0,483.7377022668749,97.3363914560069,0.1271512362025984
5478.0,484.3004178827407,98.54455429844253,0.13191706571113207
5479.0,484.8690654914393,100.11002624780002,0.13380955220801438
5480.0,484.59925725557713,101.19344830619089,0.12639357449118757
5481.0,483.4905819933074,101.52416525702878,0.1263554444273121
5482.0,482.3654346792473,101.27561584855053,0.12612017216136034
5483.0,481.0064563027312,101.07053025359134,0.14458781903370244
5484.0,479.17170554228125,101.08146400653428,0.18424407594902437
5485.0,476.67414781160704,101.0705702660637,0.22240326824418014
5486.0,474.53594219494676,100.96543297144247,0.2521562695546896
5487.0,473.02232599296303,100.65737401503682,0.2844555876646884
5488.0,472.55243780810736,100.1441108824887,0.34070738273210244
5489.0,472.0594389911166,99.75316011311413,0.40313488583532164
5490.0,469.6201282893635,100.3869760535392,0.4507880310562499
5491.0,464.8031133662915,101.44034889329437,0.47687066902073283
5492.0,459.45510605963136,101.99507698781066,0.5035192737464462
5493.0,456.2337941640926,102.01103565662861,0.5452516467098649
5494.0,454.77718909563134,102.08063546341445,0.5587557417001154
5495.0,454.33227475531805,103.09687292678876,0.544771991478624
5496.0,453.7289495899263,104.5023818590324,0.5512561472383877
5497.0,453.3094756609672,105.84707405500849,0.5956953687140415
5498.0,453.48120351452565,107.17687254976686,0.5992427621635983
5499.0,454.20616308222264,108.85400012400893,0.5377508452261007
5500.0,454.6906978106408,110.735109981163,0.47636329899319285
5501.0,454.3877664016783,112.49100816158351,0.4546336138722576
5502.0,453.5532165992917,114.25327414154057,0.45018254437747357
5503.0,451.65068755521,116.37784851186362,0.43314265226534754
5504.0,448.49051897167567,118.2860939405939,0.39152774596636825
5505.0,444.9381081001049,119.14761499671889,0.35362642654510085
5506.0,442.203623284781,119.22886356157689,0.33473350185209627
5507.0,441.17817317278246,119.7485508376176,0.35052135530643347
5508.0,440.8800603561648,120.33854694650256,0.3825748456443225
5509.0,440.6211439622582,120.20306480099259,0.4337889323649024
5510.0,440.1804671791135,119.11360676555907,0.5212355982435903
5511.0,439.6521850182748,118.07892279343876,0.61884276622336
5512.0,439.3132374189963,117.99348674062287,0.6760485239508899
5513.0,439.12971371273466,118.47532980562954,0.6689701266872835
5514.0,439.35930449535635,118.99131584975996,0.630001137695732
5515.0,440.6826639479467,119.5671735598611,0.5800009891577615
5516.0,442.9519236204997,120.4160443793263,0.5295513069116174
5517.0,445.5988912111081,121.17139114905007,0.46658831348528995
5518.0,447.257153116716,121.85669525316145,0.3876862730033764
5519.0,447.14090592162705,122.56406092633446,0.33815595027876844
5520.0,446.02493639696206,123.33231149182657,0.31507150935753603
5521.0,446.01861245544956,123.77001763397465,0.2697021220719609
5522.0,446.58225405530106,123.65578666788751,0.19107005650567208
5523.0,446.47672462101724,123.47426205022316,0.11442366350054888
5524.0,445.8019169931557,123.94999859671854,0.05843101430100636
5525.0,445.6232123121145,125.39498855057255,0.02963113644078088
5526.0,446.71089722488205,127.0970848415218,0.015385351021290006
5527.0,448.0334870104104,128.38333414593075,0.006424352722243595
5528.0,449.18194316502985,129.08829437850682,0.00038011312232009477
5529.0,451.20201174935335,129.70054637946217,0.0022063950883984083
5530.0,453.65791509928016,130.14013404050849,0.012694661850948103
5531.0,455.7234430902144,129.8088979584252,0.022879817515777598
5532.0,457.82209251973296,129.10716662961957,0.02793005701949439
5533.0,459.43522540130954,128.75346016560806,0.039987265013785626
5534.0,459.44131880416495,128.79483767615656,0.0665047609059289
5535.0,457.468631226447,129.29933239124415,0.09937243692792355
5536.0,455.0253302646676,129.60314509532802,0.11206289847852095
5537.0,452.56371133590324,129.71555085780224,0.10582919859600007
5538.0,450.15567528655674,130.3282915428017,0.08325492187370416
5539.0,448.5453934922785,131.63548231344555,0.06518517732065446
5540.0,448.05121480538764,132.94125627723867,0.06969177078416014
5541.0,448.18045381366346,133.20605374415328,0.09953132155022247
5542.0,448.12360835274364,132.98169557745487,0.1576678964811889
5543.0,448.0703222355069,133.3402361349063,0.23851579604102421
5544.0,448.06946790868716,134.87394643442,0.3212039529320165
5545.0,447.3130180822477,136.9993456912102,0.3617940576163761
5546.0,445.2160118322949,139.20946799391842,0.3482229786597241
5547.0,441.91202140538485,141.37054122529682,0.3059398427325241
5548.0,438.79919073597233,143.04991662648138,0.2749556958143524
5549.0,436.34334159522905,144.07757676537153,0.24209656165494817
5550.0,433.46221574861937,144.6291338320309,0.19858500956428846
5551.0,430.3639524495982,144.75143808161783,0.15370687995099605
5552.0,429.5857097051082,144.74174585341427,0.12069538957025636
5553.0,431.5153449295435,144.57678377479465,0.10586743945747289
5554.0,434.4125245331023,144.28986436376798,0.11316325109445155
5555.0,436.90992610620344,143.82727222776072,0.13097104543660837
5556.0,438.9612784497917,143.25078554131366,0.1666987316507536
5557.0,440.360337762898,142.90307408404647,0.22108252929033964
5558.0,440.50261252534676,142.62307313249525,0.282487009434305
5559.0,439.49972942544133,142.5429037163862,0.3407754340448677
5560.0,438.3497701091377,143.20525336284325,0.3846812586291685
5561.0,437.9277865799346,144.65256299246516,0.3887512648706242
5562.0,437.699208693747,146.33690068450142,0.34399008568462247
5563.0,436.555195945507,147.55142546797055,0.27717650474780253
5564.0,434.70675213761956,148.2209433545937,0.2132044925061185
5565.0,433.3051490889284,148.04071641827463,0.15444164312760963
5566.0,432.2409122048828,147.16723384125007,0.11095226570120043
5567.0,431.1742864826743,145.93340044395507,0.09173079418164636
5568.0,429.7402670589738,144.79135216198853,0.08669243443292415
5569.0,428.6795485017178,143.69803758705922,0.09738019536399997
5570.0,428.25635866589676,142.77901108997446,0.13907152663670247
5571.0,428.1517881929142,142.25632483963284,0.1719823437328516
5572.0,428.2551443219639,142.58948996091615,0.14391969246890005
5573.0,428.10918560446424,144.23110705217536,0.09067542849943216
5574.0,428.052641585587,146.12173538390482,0.05836069830456808
5575.0,428.83035320352263,146.7798447106382,0.049849037430240425
5576.0,430.6325735258634,145.57919973920713,0.05384799147288999
5577.0,432.4430064933171,143.4418739373695,0.058344755140628105
5578.0,433.0753174157946,141.46666437493744,0.06178929199323041
5579.0,433.45902366959507,140.02860603344698,0.05547631697349216
5580.0,433.49666979730245,139.51010495199057,0.03129132095586093
5581.0,432.1946082248923,139.10699315036206,0.004422836549448109
5582.0,429.84359745048545,138.26666422779823,0.0055109183685135964
5583.0,427.1412673411661,137.44476817317175,0.040752304383999974
5584.0,424.85675196030866,137.17365299897492,0.08256156887938411
5585.0,423.5931220253943,137.27232610370493,0.10299270158105756
5586.0,423.4002013980679,137.3589611541731,0.11079994704638758
5587.0,423.7150948159678,136.85611749287776,0.1221626645554176
5588.0,423.12951715479556,136.09611083552548,0.1296990621227536
5589.0,421.5768010845602,135.30227289972828,0.12096318447766434
5590.0,419.59756990806324,134.68732757873005,0.11301841780769442
5591.0,418.243010795011,134.61191686276422,0.1291957333540864
5592.0,416.7054073417958,135.34151752596952,0.15701136801156002
5593.0,413.66413855280217,136.2207740351541,0.17287692506978405
5594.0,410.94332626782074,136.55994960126102,0.17969900136645606
5595.0,409.7160738272647,136.14332639487162,0.19790501947912884
5596.0,409.175776758789,135.28310528735994,0.2449857381729156
5597.0,409.4981409171694,134.41496486251023,0.2979517530691848
5598.0,409.86776308042306,133.38607178580543,0.34522171235360405
5599.0,409.6970677361665,132.26471120908815,0.38903709201742437
5600.0,408.7450665584181,130.99486897049502,0.4133561817299523
5601.0,406.99054633164485,130.04303284641026,0.40568256370362255
5602.0,404.58139927055504,129.5385092436521,0.3780855431572921
5603.0,402.29211985886286,129.3592837681124,0.32454554532722
5604.0,400.69866041284007,128.9885799317183,0.23932516193986408
5605.0,399.89636351369563,127.84502562075765,0.17311731551021606
5606.0,400.4692295295653,126.74808926145623,0.16402589100121
5607.0,402.34994971354456,125.76137812396455,0.20945006694612245
5608.0,404.0044572430109,125.22230605089528,0.2627756555675903
5609.0,404.557197814069,125.55377657170897,0.2798010619250625
5610.0,403.98225041651403,126.6518445872498,0.27313140309006245
5611.0,402.73071706920626,127.77090182638631,0.27851797261392036
5612.0,401.0050877839166,128.1377020166604,0.29907097500139235
5613.0,398.9635442715553,127.62955531887602,0.3101077942906329
5614.0,395.96403432390946,126.64369796925158,0.3353785613486883
5615.0,392.54844381369617,126.66791261513704,0.3752142437410756
5616.0,388.9082156338756,127.62441847682285,0.39866450778132245
5617.0,385.641531804216,128.8127888960214,0.3858144523793296
5618.0,383.38238993699673,129.31744791678202,0.35887487248195565
5619.0,381.63935674402325,129.43220851548728,0.3432048148179225
5620.0,380.63552843052645,130.09967702199017,0.3522821580703044
5621.0,380.0128869457638,131.4053490329045,0.3740399429028024
5622.0,379.6071128216564,132.86202759280945,0.37054964406385205
5623.0,379.3606794299343,134.28859653534073,0.3593485869467481
5624.0,379.4179858052474,135.51267798103603,0.3787106860196675
5625.0,379.59742061726513,135.8597052535351,0.4151995389688441
5626.0,380.2549198659138,135.2545044632069,0.4195182305631528
5627.0,381.4736640726606,134.18547957967007,0.37677049925099554
5628.0,383.0683197100135,133.333329088827,0.3284354949541263
5629.0,384.7296458962969,132.9611045560213,0.3117661911144729
5630.0,386.45309080512766,133.28535098025625,0.3196910011418175
5631.0,388.93876171255476,134.50941390719078,0.3248161128154881
5632.0,392.0698629286668,136.79652687810244,0.3193968622252848
5633.0,395.3163368986501,139.75269113803395,0.3040236868785649
5634.0,397.87676109258257,142.44521823243136,0.28818128461853604
5635.0,399.4538013854918,143.55454742690998,0.28598007591810254
5636.0,400.3738773243526,142.97662798193525,0.290149866184472
5637.0,401.11202380062974,141.95470666207157,0.2913395405870884
5638.0,401.31825994472575,141.16908412746568,0.2806251880468624
5639.0,401.0282739940832,141.43154744955012,0.2664815603909904
5640.0,400.47868352557157,143.15132891952356,0.2463038931354169
5641.0,399.95527885005816,145.3362484302974,0.23742071913505683
5642.0,399.24522478983334,146.35135572164305,0.26379004466450245
5643.0,399.139593185723,146.25453040037564,0.3237332106363364
5644.0,399.53718794937436,145.67845782941959,0.38058926231348883
5645.0,399.03744896308615,144.71922037627343,0.42083896178984037
5646.0,397.52267284274257,143.40520116300772,0.44573818901951295
5647.0,395.20048611046496,141.7918060635213,0.4383476488477584
5648.0,392.77933532774455,140.30503301131048,0.39854184904892415
5649.0,391.1305082141881,139.25909541464281,0.3522754036900849
5650.0,390.47987892739155,139.25237941914222,0.3229901002799524
5651.0,389.8995076406433,140.22126387437575,0.30179677217770884
5652.0,389.0719249932966,141.85793735415248,0.2893222956761344
5653.0,388.32913769729913,143.7754164339377,0.3078853556306724
5654.0,387.95736177893815,145.42813370238875,0.35339358219110567
5655.0,387.81106858702054,146.32468395846442,0.38629446923184635
5656.0,387.83238134476056,146.32746180594432,0.38924064120574087
5657.0,387.89120203294186,145.91463117649565,0.3760386702848063
5658.0,387.77127888276647,145.1547941130537,0.3764809563505936
5659.0,387.6946630251316,144.57604694448398,0.4007260693373183
5660.0,388.56546832281987,145.04652911097904,0.43732864119655834
5661.0,390.1587500568246,146.23691688215155,0.4870229137498728
5662.0,391.8626532450827,147.25521771965367,0.56204229314704
5663.0,393.6313222735966,147.61986370477007,0.6337734108152769
5664.0,395.2912904346664,147.31062907676736,0.7038091992995569
5665.0,396.61126974681235,146.2108729544888,0.7797073311877444
5666.0,397.2178482279211,144.41926986265932,0.85760268147856
5667.0,397.5087993263077,142.46899406605525,0.9168619390456465
5668.0,397.7843295744609,141.30794289555303,0.9533058949638225
5669.0,398.7405557387095,140.99007733221652,0.9836412153401343
5670.0,399.9697109734125,141.1794180973197,1.0187015286255023
5671.0,401.24817299364724,141.20868638382626,1.063727604188324
5672.0,402.2802159861768,141.3266586453503,1.119919053270798
5673.0,402.48351257582823,142.06738728247004,1.2125415632166225
5674.0,401.5164325118375,143.07567487305778,1.2675684630113646
5675.0,400.1609013775297,143.81846532934964,1.249740229915196
5676.0,400.482289689514,144.20641655889767,1.2067751036195853
5677.0,403.0425815132098,144.32979044655025,1.255545864760645
5678.0,406.2742830468856,144.16171081450432,1.3542257353152025
5679.0,407.67180114345047,143.81269678675076,1.4502229758441618
5680.0,407.14329887349254,143.90982548151177,1.5132692931330118
5681.0,406.53472009775606,144.3521005713116,1.481692620469121
5682.0,406.70509506861833,144.86553672009998,1.3524418870866224
5683.0,407.67294394829196,145.13231024534556,1.2113575605656097
5684.0,407.75159538345724,144.8598820170645,1.1674682348709138
5685.0,407.28325276584883,144.41490515529907,1.161986529283944
5686.0,408.2849391231166,144.1747446612206,1.1654381343811602
5687.0,410.51448054731014,143.29683107641037,1.1685744692988131
5688.0,412.93780429490226,142.47293035973027,1.1523648280938048
5689.0,414.42754770979025,141.77443478292528,1.1431923608190275
5690.0,414.51308453970324,140.56420058354988,1.1720330230704676
5691.0,414.47258133766803,139.5586629336755,1.1614866491844098
5692.0,413.23913973566675,139.19526530964058,1.0895011129888899
5693.0,409.87094967969745,138.91180882037145,1.00979790286674
5694.0,405.99170251803224,138.24205721786305,0.9522969039661402
5695.0,403.6327122324052,136.97992083803976,0.9215345867607648
5696.0,403.3158201296644,135.8000035993447,0.910663124882624
5697.0,404.34810125057203,134.73394551447274,0.9545789058122915
5698.0,406.2783832409444,133.9733944265563,1.0085381074296005
5699.0,408.015759956012,133.47700420359303,1.00317271254201
5700.0,408.35802569903876,133.38345449881672,0.9414189245295024
5701.0,408.16362851486565,133.81621231422596,0.8598051360559684
5702.0,408.7033068758358,134.67992291560384,0.7832217786033123
5703.0,409.6628927770955,135.45596970392918,0.7402614018018024
5704.0,409.50297411209885,136.12027364308122,0.7306299920748608
5705.0,408.3636245107996,137.03727121863477,0.7633624714960688
5706.0,407.43018922109405,138.27523667693475,0.7940004875957024
5707.0,407.007712171465,139.57240591066756,0.7876088582128898
5708.0,407.9098326947018,141.26977819983117,0.74035234723129
5709.0,409.71933513528603,143.2586754446894,0.64851454852208
5710.0,411.3603433932081,144.811021131774,0.5561793512869488
5711.0,412.8228522508888,145.42797693076707,0.48273743791174795
5712.0,414.43517814068275,145.54644462859213,0.4254844749347241
5713.0,415.83843043973854,145.63949112955106,0.3542663612237841
5714.0,416.34355373133263,145.9442659004011,0.2951250932223889
5715.0,415.92403442601085,146.40881129841276,0.23714827373283837
5716.0,415.10265950054617,146.68436111863753,0.19145709087560997
5717.0,414.3153814388561,146.7213487932518,0.1517083492459536
5718.0,414.5818604734385,146.0022227187302,0.10696556826592811
5719.0,415.9341092295805,144.44192269571244,0.08424558495080998
5720.0,417.8915006617402,142.47243978222943,0.08170122990643287
5721.0,420.11920869788656,140.4930417159926,0.09007205041440361
5722.0,422.5551301508576,138.7727287125567,0.09086118430897205
5723.0,424.31549198309136,137.84065542394708,0.0713934672837136
5724.0,425.15743524113293,137.85028613544583,0.03725223861039207
5725.0,425.826627887757,138.1682787132401,0.011801165624248888
5726.0,426.71379072044743,138.13417113908432,0.0011798139564963956
5727.0,427.0221595207102,137.883805578538,0.0010385891971224988
5728.0,426.7604707370512,137.61086836598747,0.009117077765892111
5729.0,426.4048787110473,137.65571404474628,0.02503309057788013
5730.0,425.686247442384,138.57566582859923,0.04514668375670007
5731.0,424.54313645029134,140.32031779667255,0.06563714875835039
5732.0,422.8917612996767,142.62566657546537,0.0813703750893049
5733.0,421.52408513993606,145.15218837890882,0.09960624460488496
5734.0,421.4926469372475,146.86427922342872,0.1369243988870209
5735.0,423.37913689023446,147.2631962660553,0.1921714307119045
5736.0,426.4389115389029,146.72907229593238,0.24502088161730567
5737.0,428.79345360691224,145.70736530859773,0.26411397196804004
5738.0,429.52319105944804,144.83271325095416,0.24724840323982408
5739.0,429.40288415433065,144.884253560892,0.21684531716224092
5740.0,429.255327735897,146.27325451265185,0.20853915932237443
5741.0,428.62952687249566,148.87120411130385,0.21318425950781614
5742.0,427.26889432491737,151.5228879649932,0.21126125368172244
5743.0,425.85510957365125,153.37357983938838,0.19488317920806253
5744.0,424.72321737183,154.67963811132358,0.1798368915552401
5745.0,424.08676398482163,155.27979850951488,0.19252947678687615
5746.0,424.0900655198431,155.2354751851125,0.23113635059961632
5747.0,424.853094153157,153.9453403380823,0.2692552693174969
5748.0,425.72752474033985,151.57714751992245,0.27444268962492846
5749.0,425.34897960681235,149.40649723034448,0.25448856838596007
5750.0,423.8213434349772,148.46961301331552,0.2228626704638889
5751.0,422.1389670157489,148.3320379311455,0.1851459127102225
5752.0,419.9745657350953,148.4053714065109,0.1553718336210757
5753.0,416.6521493535516,148.23305100042614,0.1470982064251457
5754.0,414.1590184730397,147.4429302559248,0.1644823527667777
5755.0,413.70259999452503,146.14601844902555,0.19421992747520994
5756.0,415.1771683666605,144.8796206384164,0.2169998807896517
5757.0,417.4608670995271,143.94298860399797,0.2369004566001241
5758.0,418.35939361536435,143.46646080613704,0.2659835907518408
5759.0,417.7172155324286,143.74028912595688,0.2980297164041604
5760.0,416.88634122805985,144.90262854032758,0.30307977953931237
5761.0,416.1234329872999,145.9620074886801,0.2616027884294401
5762.0,415.0125087359936,146.09715868656437,0.19074888538368648
5763.0,413.193508063009,145.3567054869458,0.12259515547152817
5764.0,410.49107316637685,144.19784086649946,0.08235528771073217
5765.0,406.4330939097439,142.59704255780812,0.07315297688952488
5766.0,402.0139959501854,140.4208376869196,0.0838124154739876
5767.0,399.1639373326562,137.91864581674128,0.0792878877191025
5768.0,398.2247652444493,135.91996214653142,0.04235240109306013
5769.0,398.1065811656463,135.16889243302373,0.011094194027840426
5770.0,398.21297119092407,135.32129669289733,0.0003167574133823974
5771.0,398.5234012359908,135.68582198732602,0.0022525246889928932
5772.0,398.1209487695173,136.34647584979538,0.004345160311908894
5773.0,396.5708236050863,137.25793109836897,0.001375033934102497
5774.0,395.3527932148538,138.11145953972223,0.0001917784595281009
5775.0,394.2816482193771,138.5179896944209,0.005098295585522508
5776.0,391.62602600152917,138.69979422240777,0.011351628197760415
5777.0,385.83599446599305,138.13062268118628,0.015753568394768394
5778.0,380.04533877601756,136.74130415191405,0.025236382043736908
5779.0,375.063149287835,136.39927434651977,0.05854774356828814
5780.0,370.1182146586984,137.03288256492027,0.11410398248769614
5781.0,365.58056699080805,137.20320332107195,0.1531751655484801
5782.0,361.43576836627665,136.2072393221559,0.14344738113047034
5783.0,357.7632741885987,134.71624420138392,0.10361902414282813
5784.0,354.98942884491794,133.5348056982212,0.07190204671062488
5785.0,353.2825712943188,133.08364349246585,0.05905476410065959
5786.0,352.039251270206,132.6596161744471,0.05291447258973159
5787.0,351.64411411106414,131.5351063813878,0.0381601612959876
5788.0,352.0756736325505,129.9248871800312,0.019194251516622438
5789.0,352.26592100700213,128.50496401600898,0.007511510360860911
5790.0,352.7478149100913,128.00809578823302,0.0060125818679055915
5791.0,353.83845867161625,128.4747118184392,0.006696060523891603
5792.0,355.19265760696027,129.0973839008828,0.0037685000493720994
5793.0,356.700737808963,129.259273462473,4.775448678399809e-06
5794.0,358.4770757670338,128.94366021503043,0.002829914425363597
5795.0,360.42576277941095,128.87810556316845,0.0038951229352463907
5796.0,362.9029690111515,129.11765650632452,0.000547154786995594
5797.0,365.22424946053326,128.85994818711418,0.0017045395760448962
5798.0,366.4877738919962,127.7241244375866,0.011853053593192888
5799.0,367.31638680021007,125.6191507992255,0.033836664361502504
5800.0,368.6563282448035,123.42831285224979,0.0564822565872016
5801.0,370.8466424833128,122.27697968566297,0.0715739649462721
5802.0,375.0604987868721,121.73608657776006,0.06492140419430416
5803.0,380.0287036966465,120.60532512119752,0.04783608500174444
5804.0,383.5390867206667,118.93953120973843,0.0387859032174769
5805.0,385.4902966237643,117.40566778378815,0.039219516815072436
5806.0,386.10050056636493,116.00332344015922,0.04049255505086442
5807.0,385.95960571476076,114.17088224951398,0.04450216813183689
5808.0,385.8645252416893,112.1623755624625,0.0592752987417361
5809.0,385.97920034598326,110.70574097375538,0.06239814153444001
5810.0,385.26642524099935,109.89491408066779,0.04396035572256254
5811.0,383.61271335549094,109.28193214016399,0.02129025337923998
5812.0,381.80169133028755,108.5418085639668,0.00453883681939211
5813.0,380.30339872457165,107.67908918307346,0.000861768864810006
5814.0,380.04713970330107,106.26016567669127,0.004908397995201604
5815.0,381.3694202665503,104.77653453479773,0.019330825768915587
5816.0,382.4645387491744,103.53585908615182,0.03442483926606238
5817.0,381.1225305988673,102.88262772793476,0.04116063929672255
5818.0,377.65796797510757,102.72252573091609,0.030129158920900893
5819.0,374.83620692017513,102.88338501372677,0.01363888337449692
5820.0,374.32225281289755,102.67407904915028,0.003713537345439995
5821.0,375.535218270958,102.09309911260448,0.0005466599381776001
5822.0,377.14247654247663,101.61314927687764,0.0009048623496649003
5823.0,378.86402899628246,101.3727599126883,0.012110148527054405
5824.0,380.56825898569105,101.76680137946273,0.037005947582489984
5825.0,381.9676991267567,102.79294184294685,0.0484630681320241
5826.0,382.03419772399184,104.29417728204727,0.0326249896387321
5827.0,381.4776918384543,105.98932573908581,0.0184035460645089
5828.0,380.93404014734915,107.5258352872329,0.015202557091822489
5829.0,381.02008414022276,108.72016749364332,0.0167820598884481
5830.0,381.76068944560967,110.17244468386292,0.02001498321946238
5831.0,383.0348567937927,111.62921316313583,0.028461687443046384
5832.0,384.4555554409115,112.97129420597204,0.034305037038116104
5833.0,385.7924320968962,114.22898077254496,0.03778623190197611
5834.0,387.5228320052322,115.29903088619426,0.04450452664412159
5835.0,389.1691235659734,116.19710865549311,0.0549629763425856
5836.0,389.99045295719486,116.86759952849631,0.06222729312692011
5837.0,389.3394375328344,117.89673230840484,0.07297217805697691
5838.0,388.1630325175735,119.29139944930643,0.0962833469675364
5839.0,387.43977976110943,120.9001386324172,0.12671367266344957
5840.0,387.03046109847867,122.20155747531857,0.15277085950435684
5841.0,386.3566703523552,123.39022574025637,0.15922486109400996
5842.0,385.8661780420515,124.9282585088741,0.15669327194190005
5843.0,385.79545494498524,126.7587584747974,0.16073683036320036
5844.0,386.19492032643274,128.6968909009003,0.17682905537962088
5845.0,386.4507573553617,130.23328888983758,0.2039185536504964
5846.0,386.5485913635714,130.74522664766639,0.2237077911826564
5847.0,386.82168302146545,130.0038264342762,0.23397359372474888
5848.0,387.1302348811252,128.7134216788468,0.23980126158230491
5849.0,387.4626554635367,127.2525613060073,0.24297405991752008
5850.0,388.3797271875214,125.79518556921516,0.23982026212738092
5851.0,390.4599435395166,124.68129633883309,0.2331090206263225
5852.0,393.427136139205,124.39958007472863,0.20803476308455832
5853.0,396.235330690317,124.97405228096794,0.1651119599228841
5854.0,397.58647092688744,125.93561661572143,0.1313492856748164
5855.0,398.14022756099035,126.94568289462555,0.1217933081614404
5856.0,398.6825609685987,127.66075591859128,0.1253522026542769
5857.0,398.82443619045085,127.7199392967506,0.12178724280848408
5858.0,398.4119469319794,126.93772940622681,0.10549411107404491
5859.0,398.170058529769,125.58392900612306,0.08637216674961641
5860.0,399.01351457209665,124.19114935636455,0.08009773361808488
5861.0,399.41699818689773,122.78896257576832,0.08552318314564086
5862.0,398.06947337122796,121.95278416662988,0.09458128830730406
5863.0,395.39823741982343,122.31945917104383,0.09220142773373437
5864.0,392.4840626639829,122.96166263908782,0.0661190202077161
5865.0,390.71835142576185,122.97902921265644,0.03035539598399998
5866.0,390.53449231640377,122.55373313356908,0.010267854017376383
5867.0,391.7257827339688,122.40047288007908,0.005907242856788092
5868.0,393.6303274893943,122.94727865804516,0.006509670647200887
5869.0,395.721744856232,123.88916111138064,0.0067943982638595975
5870.0,397.2759352900666,124.59006652426321,0.009278233990488103
5871.0,398.36200034406403,124.51724383099564,0.0195150813790321
5872.0,399.2058381749204,123.92017276635845,0.04238580852985957
5873.0,399.15931218729804,123.32821159439753,0.0689144087414916
5874.0,397.85322615419636,122.85845637304847,0.0849180046801636
5875.0,394.90838876643426,122.86266727900237,0.08721338263757436
5876.0,391.3681374997023,123.18764539206913,0.07385868287181159
5877.0,389.2481802808522,123.633274236786,0.06060098345492889
5878.0,389.8384214357583,124.1231082955938,0.058267596869712404
5879.0,392.3873043363124,124.90571726432054,0.0613097167118401
5880.0,395.47511192752273,126.02590204908323,0.05507485259530237
5881.0,398.49228503669394,126.97397009229617,0.0340990423037476
5882.0,401.21801101024005,127.3916743284715,0.013586047104639993
5883.0,403.861330763494,127.30735608405283,0.001583598250802494
5884.0,405.3767463501825,127.3983679355411,0.0025078080871203945
5885.0,405.08186069280185,127.77678811999061,0.021330456450249984
5886.0,404.6486012191212,128.66498498200804,0.050984140699022386
5887.0,406.6381053001812,129.48152743760488,0.07614048294092254
5888.0,411.08504765749586,130.0986370136331,0.08665513931900251
5889.0,416.15789472266255,131.01250242040248,0.09654994483651692
5890.0,419.4761982165252,132.46309475093676,0.11568012467919607
5891.0,422.02842885396353,134.2142257369563,0.14515147515625001
5892.0,425.4713101130839,135.27694900210608,0.17599311210500895
5893.0,429.273293330454,135.22961437243399,0.22262934301009957
5894.0,432.65648498902993,134.41845761736062,0.31791418110866404
5895.0,435.6092877795756,133.3378763382444,0.4597412521025284
5896.0,438.7122481126801,132.23547819866596,0.619494406927309
5897.0,441.28192930463496,132.0251806970808,0.7498388867324645
5898.0,442.4096202571381,133.15430048625515,0.84337866109225
5899.0,441.7851435108999,135.01516086365393,0.9237266846711403
5900.0,440.80888375050876,136.56903880150844,1.0029061483620807
5901.0,440.71361113089966,137.40374654678075,1.0840656003377847
5902.0,441.79345644015194,137.7321423927011,1.1451934770046373
5903.0,443.8885673495412,137.72498732150322,1.182398613532772
5904.0,446.11641300960025,137.3428944088087,1.2215646532141056
5905.0,448.20023680516283,136.93502366350663,1.2546283559917633
5906.0,449.42224814329296,136.89929510578372,1.252273932026212
5907.0,449.39977135624036,137.2629271924835,1.2210342599175563
5908.0,448.0406947586559,137.6340373691414,1.1976753107352613
5909.0,446.29351973089047,137.19413146046278,1.2215874655600703
5910.0,445.1846626365042,135.6957473264551,1.2769453586028046
5911.0,445.501236474898,133.6571610120221,1.3046410798624997
5912.0,446.92341833255193,132.37453888554916,1.2697506717369798
5913.0,447.9297413991646,132.11782513145835,1.188513843631633
5914.0,447.7851798082551,132.35314382302766,1.0932867419484609
5915.0,447.197959280668,132.66516274208567,1.02317250809601
5916.0,447.06338150947255,132.72514232299523,1.007073344006594
5917.0,446.9241045555014,132.4974574183009,1.024744122928532
5918.0,446.60861215724765,132.3888444127941,1.0368691088632904
5919.0,445.9954201257934,132.64541396078965,1.0816757341256884
5920.0,444.8554749780395,132.78204263911627,1.1609460616300848
5921.0,443.3260539297283,132.8277815667535,1.2515463192345964
5922.0,441.7909661263643,133.17265591209303,1.35417139050769
5923.0,440.7500594040423,133.7279383828257,1.4689521688913567
5924.0,440.2597815750818,134.256729917658,1.5774440621395598
5925.0,440.23299840888063,134.67503625581475,1.6770062743522731
5926.0,440.1313289136273,135.03167003465632,1.765120990091674
5927.0,439.15645281920604,135.30903254323957,1.814102489625889
5928.0,437.7390328035761,135.74823234156682,1.8067438732619925
5929.0,437.2422277465223,136.88817597607618,1.7276049840038545
5930.0,438.63045362491897,138.52262662827113,1.6420586674408575
5931.0,441.339932001435,140.25370531936554,1.5812849228719106
5932.0,443.6224624121499,141.8228700251894,1.5651554022281238
5933.0,445.3739177750676,142.9100484928108,1.576183653309941
5934.0,447.1207881226964,143.21827358041637,1.5714622397532534
5935.0,448.7606963885891,142.96683417791363,1.5400133910620182
5936.0,449.87014359769773,142.93372177220684,1.4945986724288405
5937.0,450.45612109466344,143.65834113837317,1.490777240061732
5938.0,450.7126286806409,145.33950441105858,1.5332161084194813
5939.0,451.07780076176005,147.2810532758531,1.5666854240963028
5940.0,452.3630921357599,148.58263913165857,1.542448819070177
5941.0,454.65458039503505,148.97021906148103,1.4982609957654782
5942.0,456.45659760105605,149.62450453248556,1.4933985280358597
5943.0,456.91971470051226,151.1678249137582,1.5135526591734785
5944.0,456.5791729530597,152.94130018905284,1.545816100770761
5945.0,455.4314446497144,154.36904536564668,1.5380365109760004
5946.0,453.7253723214313,155.04848225570998,1.4614211732676519
5947.0,452.62681214577844,154.8013640793793,1.3874825221936702
5948.0,452.68089871187505,154.4378486692365,1.3333677242800854
5949.0,453.02513039145674,154.61705013115917,1.282320564928484
5950.0,453.3206224539908,155.30245192819538,1.2322434605757442
5951.0,453.56794728182945,155.6688254296074,1.1784322199361923
5952.0,453.3350721413889,155.3173987606336,1.1150267066780624
5953.0,452.22583522739666,154.20450689824912,1.0351141752594726
5954.0,451.1496703479355,152.65918484122017,0.9694061256563776
5955.0,451.14200561155576,151.72083926090178,0.9595827951140206
5956.0,452.416255561422,151.47531513140046,1.0012863534104213
5957.0,454.1655916923855,151.57644821803603,1.0612681951408387
5958.0,455.6653032572094,151.9413811893632,1.1736974688107757
5959.0,456.00587053009247,152.72145269495857,1.3554123995952405
5960.0,455.28066958550295,153.7393849470264,1.575804627153725
5961.0,454.57218793921396,154.33029890608313,1.7915680619280896
5962.0,454.80392783407893,154.81381670064198,1.9985964912219079
5963.0,455.88640663278164,155.1385886865909,2.2443637441368045
5964.0,456.44683648290294,154.95277570048827,2.4636574702259777
5965.0,455.8295032538993,154.47235897918569,2.5861792931904484
5966.0,455.0529986907449,154.48348608942717,2.69853261238521
5967.0,454.8655313067952,155.33712974056488,2.8909569071972157
5968.0,454.96578113274506,156.59972472311455,3.080723880640811
5969.0,455.1063498080086,157.65566026834426,3.2134690043049168
5970.0,455.0048861279597,158.27350045592408,3.385718018628485
5971.0,454.87838211567174,158.07422310724155,3.601678810700103
5972.0,454.7138033715764,157.39455612209565,3.7463142399624476
5973.0,453.8597709151092,156.88001880076516,3.7984133525974597
5974.0,452.7223931265308,156.3818995742535,3.8319645742353936
5975.0,452.9102211451213,155.87150848735334,3.843361144198608
5976.0,454.17103287436015,155.13241482351594,3.8807308576429858
5977.0,455.7014740305037,154.02088976332377,3.9478520003832536
5978.0,457.6500007184336,153.11946769830269,4.127030929850631
5979.0,458.35750476413887,152.63135922597783,4.395945206135902
5980.0,457.7887903248004,152.82811166150555,4.663359139532688
5981.0,456.2419403361485,153.79415521654212,4.890426979303761
5982.0,454.8024623034334,154.9728470123381,5.0094762124862475
5983.0,454.6208729258305,156.20944813146795,5.013115895081298
5984.0,455.92735758767674,157.04996680225912,4.983789067980827
5985.0,458.158402479874,157.57616029329253,4.882622815109693
5986.0,460.76084106371303,157.70268586872896,4.660039614482001
5987.0,462.30735560904907,157.40651616387112,4.467369086854129
5988.0,462.25276189412546,157.14865166728393,4.459184398019609
5989.0,461.06784311919256,156.96290707857145,4.58233164642266
5990.0,459.8142404326418,156.33541116891936,4.630666422656788
5991.0,460.382397702139,155.27256141788286,4.59073038909704
5992.0,462.5428307816639,153.99513058205847,4.549800983189064
5993.0,463.3387153059586,153.34474657576428,4.504170278485364
5994.0,461.5967174089,153.5458797238689,4.526434663908127
5995.0,459.5742103906313,153.82840451823301,4.570307745209397
5996.0,459.42725182416234,153.59065149504718,4.616233241414095
5997.0,459.835322849074,153.54344953935149,4.614219417710498
5998.0,460.5482578318294,153.0486836438999,4.534613690511296
5999.0,460.47205686274,152.82809237621402,4.346521382673186
6000.0,459.5997880449213,153.1648193280258,4.127577302103121
6001.0,459.63420956069945,154.29363094782155,3.8489512398503374
6002.0,551.0528704478953,124.21466141721464,2.2986569691674172
6003.0,552.9228584870467,124.60657632712928,2.2646213769828107
6004.0,554.2528654108638,124.28138130848349,2.262392135955002
6005.0,555.570633552596,123.63256083956325,2.3153004005076543
6006.0,556.9557581440766,123.46252527648124,2.3044654797715602
6007.0,557.8139003335663,124.764596236114,2.2086087409248774
6008.0,558.1285753700352,127.8728358966421,2.0809972702337642
6009.0,558.1182065176217,131.8181954638071,2.0261864441118975
6010.0,558.1936776156349,134.65574068804102,2.053307758159297
6011.0,558.4587582650934,134.64126748266565,2.126258728181123
6012.0,558.1348449224646,132.6334398199442,2.2299870311250913
6013.0,556.1473653718625,130.90429120073932,2.309465841645583
6014.0,553.8230302733427,130.02127606520506,2.342673024200076
6015.0,551.8979053486051,129.4691159824471,2.263649909666748
6016.0,550.4383837310114,128.71021577395413,2.1091594018679203
6017.0,547.8394868789907,127.83634888556853,1.9091241268839372
6018.0,543.9006437461741,126.82284940246322,1.72999564954314
6019.0,539.4620814939084,126.05228258004257,1.6267623458624842
6020.0,536.1372706359921,125.42906545430017,1.6249512833174933
6021.0,534.9845703932383,124.64355316248677,1.6875389566196095
6022.0,534.8520655803245,123.65677346418913,1.8223062261509329
6023.0,534.547340342316,122.70720536763281,1.9783667553389481
6024.0,533.0802337228711,122.46608475646178,2.0106038121160643
6025.0,531.0287423020276,123.61359696976443,1.8847281876872404
6026.0,528.4179988862363,125.51656793660494,1.7271644831856905
6027.0,525.7038364027634,126.95484945483655,1.5732941781688574
6028.0,523.9290344586548,127.93638347941709,1.4035040200680629
6029.0,523.8055767056487,128.90985668648747,1.2475674286815366
6030.0,525.1889490425417,130.09018912434232,1.1784068614802499
6031.0,526.2060217392756,130.48856199620735,1.2456293431510754
6032.0,527.1794795628012,129.9457524425125,1.3794761361014403
6033.0,528.8712929296435,129.11881894333442,1.4309066651901121
6034.0,529.5366266618369,128.60598084548928,1.2999422277270078
6035.0,529.8020796617626,128.5347755784359,1.0451329072354565
6036.0,530.731874445085,128.69368610943005,0.8587602869262402
6037.0,532.2129165866545,128.8583346686938,0.7684869770965319
6038.0,534.0545420907088,129.19549020402474,0.704611481661732
6039.0,534.7677474146059,129.79169727278511,0.6433486087270224
6040.0,535.2276915070329,130.44669125310034,0.6163276194719295
6041.0,536.8084033109362,130.89463374265733,0.58890200794824
6042.0,539.2719824284611,131.19170402776598,0.5375468563502568
6043.0,542.2621823048179,131.63276798578033,0.47159861481494436
6044.0,546.2074841340002,132.28794122085023,0.4000984262115555
6045.0,549.3111454813456,133.11000821878733,0.33351271803136007
6046.0,551.5175426384569,133.9847677245231,0.2648957906208785
6047.0,552.9174139966999,135.2439640277139,0.17291338299510256
6048.0,554.9332624226026,136.99155470413595,0.09494224812900003
6049.0,556.8641017523332,139.2524261492233,0.05494727923788959
6050.0,557.419469193751,141.77171430586012,0.03448321982369644
6051.0,557.4517167771821,143.9267908271976,0.01630185043368998
6052.0,559.0991300815955,144.77608301980834,0.0035172004498800905
6053.0,562.3427600328247,144.51370765661625,9.303817809690139e-05
6054.0,564.964395028253,143.86520603889034,0.00020648626633690064
6055.0,565.8560152958481,143.28462101835848,0.0010328176207504032
6056.0,566.7445371693531,143.04398770436404,0.002079459409188101
6057.0,568.6489024189792,143.443978973781,0.0018205223830563939
6058.0,570.8947575744246,144.1904621372489,0.0003845897521216026
6059.0,573.4341433762954,144.96973000358724,7.820961470439895e-05
6060.0,576.6922027172022,145.71907458792336,1.2424567522500167e-05
6061.0,579.549818085897,146.76658581278147,0.0019502036364321003
6062.0,580.9553851168592,147.53979973171826,0.007768998061286397
6063.0,581.3646212841754,147.64012361495853,0.015444839838652899
6064.0,581.7264673113403,147.47484809980193,0.021637865733422478
6065.0,582.0295809136599,147.394035299054,0.02718190256942251
6066.0,582.0280113233999,147.36471649298127,0.03449382019901439
6067.0,582.5952401543353,148.177909502658,0.04426389319081957
6068.0,585.0686864104154,150.00463682399675,0.06258702527252008
6069.0,589.508815266159,152.30993601095395,0.09319785662489757
6070.0,593.5046833245474,153.76876543691984,0.13405242174488996
6071.0,595.3962735924948,153.98520936463726,0.1887444390993984
6072.0,597.1668722294839,153.78494038727158,0.27219349051315556
6073.0,599.9499629730085,153.4504374463788,0.35945949503134805
6074.0,603.8324582539869,153.29334976853508,0.4157832504300049
6075.0,607.2290106994152,153.42302312627876,0.46865644423291675
6076.0,609.6719016438864,153.62836201075515,0.54771543128244
6077.0,611.9136724509432,154.0701855435014,0.6662001026850725
6078.0,612.6808562564985,154.8511984752606,0.8208550804708808
6079.0,611.5717970424972,155.75764073055217,1.024893199126608
6080.0,609.0786635008552,156.37288415132733,1.2745984370553225
6081.0,607.9653899277586,156.58607902448367,1.5477803561252041
6082.0,609.7336290808023,156.8942732751611,1.807605308346737
6083.0,612.6490731136163,157.01240625920954,2.023984095957202
6084.0,615.2088623889181,156.60744419266814,2.2171886904566525
6085.0,616.6906199514851,155.5939094275257,2.334767742108302
6086.0,616.4157568677799,153.91035549063034,2.348102314786572
6087.0,614.3434616567374,152.7552323322283,2.303589559050125
6088.0,612.1038065358288,152.27405454232127,2.32515382936716
6089.0,609.8439125386228,152.33531294277054,2.40557060049604
6090.0,610.3989412530095,152.85743437659306,2.479805185745678
6091.0,613.1699571139442,153.54887150915147,2.495851296154322
6092.0,616.898223576855,154.0751039122205,2.48094470380022
6093.0,619.7393540919426,154.67866926844516,2.53595050910224
6094.0,619.942071174687,155.41771527822848,2.5524646252807717
6095.0,617.4650009235332,155.42342880292276,2.445186555987193
6096.0,614.8856212567146,154.39901951789605,2.2262755109439745
6097.0,613.9075481505577,152.90422485453814,2.027379663208289
6098.0,613.2341237740325,151.54018694755598,1.9694674532096657
6099.0,612.0099175750896,150.26081580303642,2.049971775870062
6100.0,610.282554160896,149.47774617032462,2.19454441934427
6101.0,610.0308933436601,149.412605223336,2.3321493409620166
6102.0,611.0584303583513,149.79967897275574,2.384524516476925
6103.0,612.8392758570446,150.01329333447396,2.3689831842450224
6104.0,615.0825500959066,150.19821068900094,2.3603414252236727
6105.0,615.4324987920605,150.1010975766016,2.292978077978228
6106.0,613.378819872261,149.87928223877788,2.133218308237892
6107.0,610.620597709597,149.86973714319618,1.9801545673741225
6108.0,606.9242217812405,149.65985472578586,1.8789649110266275
6109.0,603.038691852496,149.26422672283354,1.8167095426895425
6110.0,601.5172073656631,148.95674321102027,1.763692977363461
6111.0,602.18317712578,148.807565383198,1.7128276880251847
6112.0,603.3424472022455,148.4391357356272,1.695564438797328
6113.0,603.8835731469808,148.79304639162325,1.702991670463073
6114.0,603.367991058855,148.93552521805762,1.7442971977560338
6115.0,602.4577161873983,148.57134606659653,1.8237523670733375
6116.0,601.7822653218757,147.72890869937254,1.8692404611388558
6117.0,600.656778203154,147.00918499802742,1.89696628086992
6118.0,599.4298361134989,146.58684404886915,1.9700508802967
6119.0,598.6536666747841,146.36433114386352,2.072009335567856
6120.0,598.2379491712168,146.14674379513053,2.1574686486664083
6121.0,598.8656240095765,146.22557570578806,2.17800488447451
6122.0,600.3526505682709,146.6152464994013,2.1498886519500195
6123.0,601.5080891805453,147.20184172284107,2.0694482274581363
6124.0,601.8346809148711,147.98264856238163,1.9235422044446975
6125.0,602.1682228955378,148.45919591394352,1.7879581149131603
6126.0,601.4574064964603,148.75963944584308,1.7258988094347025
6127.0,598.8097103457441,148.59750697313044,1.6867662643820354
6128.0,595.5391602285347,148.51426663451758,1.6624588540267875
6129.0,594.0785576335637,148.3192990426092,1.7105480541078084
6130.0,594.7616628159035,148.4898019814383,1.7465384632548888
6131.0,597.404038755055,148.59378342142878,1.6801339474440362
6132.0,600.4448701935066,148.46575094081612,1.5693187981727024
6133.0,602.0921849552136,147.82041737848968,1.470637215330822
6134.0,600.489910817389,146.9417850215348,1.3632567404719396
6135.0,596.37547019792,146.25128087511058,1.2510454041719878
6136.0,592.3347008792584,145.55385845397333,1.14784674765121
6137.0,588.9113082361762,145.10135835083832,1.0337703950250001
6138.0,587.6232608054438,144.03809459910858,0.8821521100240208
6139.0,589.2166090976833,142.82810473964082,0.6800549124255364
6140.0,589.3066648802429,141.20983952473912,0.483504669025
6141.0,586.025956768729,139.6838204653052,0.37479841486915233
6142.0,582.0674003314149,138.50720139691805,0.3630011287680625
6143.0,579.9894469108565,137.43224498464798,0.3811299247389841
6144.0,578.9698708251884,136.5904164071827,0.3750427868303168
6145.0,580.0137642222691,136.19817780800625,0.36953659849884835
6146.0,582.7339884291094,136.492083600201,0.3746911392480399
6147.0,584.9724595760993,136.92683126909824,0.3834975498898041
6148.0,584.2943226941142,137.19536437254538,0.4067558281417744
6149.0,584.4252044940687,136.91365093347406,0.43392898084377957
6150.0,586.7868515131721,136.90130617744356,0.46262015579865945
6151.0,589.7140241613536,137.64005207017445,0.48429781248970805
6152.0,592.7467269699956,139.11233534032374,0.4911059513418305
6153.0,720.6004159951223,150.39640518236186,0.5386661327878882
6154.0,722.8765847345871,151.49163067973643,0.6141970223542729
6155.0,726.5736148067697,152.92603976103092,0.7155397044576399
6156.0,731.8531032137072,154.5143285474381,0.7999384806918399
6157.0,737.65425639801,156.10439843551816,0.8552522840982202
6158.0,743.3688975262518,156.67019537342,0.8959824973947904
6159.0,747.7527975209583,156.18789667214398,0.9259349352113169
6160.0,749.7258835981901,155.01764280682207,0.8922893745544899
6161.0,749.9494578213619,153.46691426975343,0.8203641686637848
6162.0,751.7255190683369,151.85361622689538,0.7162692555166864
6163.0,755.7452255086306,150.3704324446226,0.6073108746603407
6164.0,758.7939150995087,149.31197335017217,0.5423953372480035
6165.0,760.5020988290944,148.89862115890116,0.5078989565020899
6166.0,761.8491274228686,148.9821751599842,0.5159752037239395
6167.0,763.1118510712326,149.48419282268966,0.5664695586845583
6168.0,764.7586110700079,150.5331498741674,0.646360348317852
6169.0,766.437284240822,152.21167169020111,0.7233142913068995
6170.0,766.371771687157,153.95453093727906,0.7913963265490681
6171.0,763.9425434435614,155.3829015750222,0.8423897159167681
6172.0,761.1706878678975,156.50692878309076,0.88412739987464
6173.0,760.0806066129107,157.4265839090805,0.91907978610852
6174.0,761.2610157805851,158.64947188401422,0.9585819811839998
6175.0,764.1539323272899,160.36590105037146,0.9730228973137929
6176.0,767.1731769270375,162.6967824140667,0.9443200630481423
6177.0,768.6908688350754,164.93171388046605,0.92276100542025
6178.0,767.6899337326789,165.92039620714334,0.9294633579342401
6179.0,765.1882572416843,165.76550320252235,0.9658510248398401
6180.0,762.2648804526474,165.00913440559688,1.024522583700221
6181.0,758.4245989227156,164.39956483008197,1.0985149934924356
6182.0,753.8726148092499,164.51594668960146,1.161642212916305
6183.0,750.8588240918909,165.16393999467252,1.2250444470339075
6184.0,749.6106200733597,166.16407244766734,1.2855369531036485
6185.0,748.7159590764711,167.66908004615797,1.3285251649095557
6186.0,744.9375506303866,168.1587908475176,1.3280157571868356
6187.0,740.3011276065405,168.0594181737929,1.27377317256336
6188.0,739.145765432545,169.0878695787223,1.1964710694222398
6189.0,740.1637502261165,169.8404150488919,1.10636864780836
6190.0,741.6149967594462,169.80430789876323,1.0457484329232962
6191.0,743.8970361651703,169.65439237191492,0.9822735805600654
6192.0,745.2137421307709,169.1674003134241,0.9421488817437316
6193.0,746.4122102424467,168.64793139263935,0.8934241369885455
6194.0,747.7037762723576,168.2209894930119,0.8316352019581225
6195.0,749.0843442861157,168.25422858443392,0.7478087334124224
6196.0,749.3194150092424,167.9590401505535,0.6533802362499721
6197.0,748.0280963674674,166.51292566012657,0.5930194022109009
6198.0,746.6454655995589,164.60697370943547,0.5764976296808481
6199.0,747.3204568318657,163.02557832433484,0.617486810574824
6200.0,750.1266828818788,161.99454558762667,0.6735384610833322
6201.0,753.3208078751802,161.67573021018566,0.7031966931366975
6202.0,755.2549183002728,161.42599993675023,0.6806165190264196
6203.0,755.3266725014905,160.98997845223371,0.6379725362551488
6204.0,753.3046226488528,160.99163096538007,0.6549450599112976
6205.0,751.3524242683208,161.5892157693246,0.7350436383518595
6206.0,750.7890300326244,162.6885436376721,0.8714654715859225
6207.0,750.8841419274482,163.95704028668095,1.0525527604872036
6208.0,750.7099224031035,165.35353200692415,1.2347363045078719
6209.0,749.8628031294044,166.39872920284665,1.297890129585036
6210.0,748.4513087887522,166.90406077544668,1.2013095344607287
6211.0,746.064607707148,167.30329484481467,1.0298797665272064
6212.0,743.4921035024036,167.96586645909312,0.9161059916657476
6213.0,742.3513498574478,168.6703989622939,0.853836596995184
6214.0,742.9949348743116,168.77644122167356,0.8532151871643903
6215.0,743.9686017471761,168.56669871331175,0.924765318034896
6216.0,744.8949913231838,168.30058881441803,1.0135947126308482
6217.0,746.2287361882188,167.81267467428492,0.9901102136335523
6218.0,747.7099987252251,166.8311965374669,0.8276223552957503
6219.0,747.9986340333664,165.9700294160886,0.6573187568588809
6220.0,747.5676145079802,165.33888337402723,0.5211892923420481
6221.0,748.917791555461,164.92681961172102,0.40040480808923035
6222.0,751.6572622761197,165.0708305946732,0.30366085256957615
6223.0,755.0729759854329,165.96686203265625,0.2637066110026384
6224.0,758.4912179089494,167.0698311695052,0.25684545952859283
6225.0,761.52492465057,167.74260751172835,0.26208774445840355
6226.0,762.9463617893656,168.31991639200658,0.26552107368151695
6227.0,762.2205684191372,168.82551615967,0.27436808473446483
6228.0,760.6403110162773,169.45020863533765,0.2836628345640049
6229.0,759.146988993828,169.7124256556905,0.28107241424851687
6230.0,758.2064212830549,169.71042674159068,0.27723248245426413
6231.0,757.4921104107591,170.07317208778286,0.26575896297942253
6232.0,757.9366486771386,170.46794447475153,0.25009700940900004
6233.0,758.7338704988406,170.42117231047968,0.22004441486676643
6234.0,760.1119645532148,170.9825514076791,0.19816437181416488
6235.0,762.6893086386223,171.396206246202,0.17198988319855682
6236.0,766.7841633937984,172.08301856766053,0.14288592780650244
6237.0,771.5749814636062,173.41426778970938,0.13206405893031609
6238.0,775.4857575144669,174.22050942508687,0.16296653651449955
6239.0,778.6138630220163,174.64756180388093,0.2364294251232081
6240.0,780.606636376369,174.6512898962772,0.33013999299961
6241.0,782.0738856644975,174.05320752116612,0.44012860413117205
6242.0,784.5706009841375,173.93865613252348,0.5393941376110848
6243.0,789.4243143158038,174.99412766339717,0.6369444238204804
6244.0,795.0622066825085,176.08339748119977,0.72588423373456
6245.0,798.7808455051139,176.51839068186086,0.8123183825491849
6246.0,801.0772612909152,176.80954813971752,0.9095238722219521
6247.0,803.1336706576915,177.06608313018873,0.9797904910390688
6248.0,805.3239033114596,177.19493751393085,1.023169534229665
6249.0,806.9747393098266,177.4779759242794,1.0487915425954575
6250.0,807.2401392910373,178.35709714101122,1.0638980555048356
6251.0,805.8381858534534,179.96793500589231,1.0701818084966461
6252.0,804.1285192955975,181.8574385695731,1.0664950663477506
6253.0,803.2676733058386,183.34304256174005,1.0096141575875361
6254.0,803.6026667490514,184.56709082145125,0.9160989280285249
6255.0,803.1999028325297,185.3990136055468,0.8171050287275042
6256.0,801.9423187031133,185.85600276338616,0.7348519480932035
6257.0,799.6783543317891,186.40891315190848,0.6764903429435088
6258.0,797.751224398337,187.6669899112808,0.6589609053429648
6259.0,796.3078777159346,189.7818721187962,0.6740418866802916
6260.0,795.0932195695788,191.65004699927258,0.7164365502630624
6261.0,793.9212800870444,192.24535417179527,0.7819430891582116
6262.0,792.5707831202704,191.74055221002402,0.8460481733689128
6263.0,790.9260854090181,191.32477147095165,0.8765345146990084
6264.0,788.5523921887425,191.23191290009103,0.8597739434208016
6265.0,786.0704464258365,190.94649631168915,0.7941339572269637
6266.0,784.0521951086985,190.0649650298498,0.71806640559624
6267.0,782.6409374941203,188.90881284541683,0.6641600786864289
6268.0,781.2669752722854,188.63528546158366,0.6177707224985663
6269.0,779.7307330652272,189.42383135200225,0.5694829785097215
6270.0,778.736850439512,189.92730568861455,0.5138972490637128
6271.0,777.9845044841296,189.16764739040545,0.5061787039260169
6272.0,776.4587823001001,188.12459745748916,0.53317378515625
6273.0,774.46789192463,188.07657282096952,0.560700825984168
6274.0,772.3465548412344,188.35792016602497,0.5402978262542114
6275.0,770.56808361785,187.67507579068717,0.4621122007957224
6276.0,769.7370640753662,186.66956147483242,0.3799416618590463
6277.0,769.1290871001053,186.9707892864645,0.3079742750884899
6278.0,768.9623964451197,187.4991773865492,0.2597400238372416
6279.0,769.0250074547641,187.45048483338337,0.22862724080303612
6280.0,768.0801269762482,186.60363353246538,0.20430376496006758
6281.0,766.0503034477414,185.4867350081652,0.17974120824346085
6282.0,764.6227837553834,184.95912225704134,0.14818630232606755
6283.0,764.3508717053262,186.0395537300228,0.12261049190399612
6284.0,764.1883022241778,187.79341828009476,0.12358867511427611
6285.0,762.3890151170312,188.28496471773386,0.13217577180321957
6286.0,758.8821057646619,186.99808331353802,0.12979107197347842
6287.0,756.5223614181446,185.34476900316164,0.12468432039848887
6288.0,756.32595250694,185.0257593958711,0.1288449158460676
6289.0,757.6332241210552,185.48727379010143,0.14556766663955611
6290.0,758.4998018246176,185.82539243422272,0.16198187551687834
6291.0,759.0429769996371,185.85989115988394,0.1592760447816409
6292.0,760.7251474612636,185.81236177270662,0.1336354223080041
6293.0,763.3613039262373,185.2070135364387,0.10430192143728635
6294.0,765.9694659132854,184.1455228635267,0.08608182894870246
6295.0,768.1996343987952,183.0859981984006,0.0783519369685056
6296.0,770.9743628339099,182.4640275396021,0.07388070328100252
6297.0,774.0243848109374,182.7581267510571,0.07196368512983041
6298.0,777.0257408704241,183.7519139865615,0.08476963850310756
6299.0,780.0799994098965,184.8106213887194,0.11283237056808998
6300.0,783.2291323020564,185.38798933310014,0.14321263294680248
6301.0,786.1876497223211,186.26895735412916,0.16253446200069688
6302.0,788.6595934711758,187.82684053074527,0.17070008659616887
6303.0,791.2517019240355,189.34895272057273,0.1669447175959161
6304.0,794.4636309510273,189.69739744978088,0.15765262537840358
6305.0,798.2378647275193,189.47327147623534,0.15898704833123997
6306.0,801.5601952864248,189.09391510489496,0.18555396222006248
6307.0,804.6747590186978,189.35725391801023,0.22150319561438755
6308.0,806.982118407154,190.62981549070042,0.250049812481036
6309.0,807.9658867047107,191.95092372948938,0.2780478421378563
6310.0,807.0955157634679,192.28710694610552,0.3471206172465249
6311.0,806.0028365659552,192.2428018637415,0.48683092064928996
6312.0,805.7873819228006,193.01611669815742,0.6735789383141024
6313.0,806.9471657147677,194.34768070197768,0.8476721384468544
6314.0,807.4810231585798,195.36767134373397,0.9647957712064325
6315.0,807.0975226066056,195.34802939921246,1.0803341497887378
6316.0,806.302959018232,194.50824735920824,1.1982788079310085
6317.0,805.6069862655088,193.04981847755212,1.2729448131420738
6318.0,805.926692470435,191.6802652702362,1.3075896885612541
6319.0,806.5850376343047,191.21338902524965,1.3711505300322766
6320.0,807.5344340145053,191.88938581752046,1.49910907803721
6321.0,809.7000665481143,193.63647914216955,1.5907544633763222
6322.0,812.1856448547765,195.87428168602725,1.628936865589572
6323.0,814.0416413315966,197.26515339570324,1.6790265272489537
6324.0,815.7420083462459,196.81895460509605,1.7279816017965797
6325.0,818.5301487991629,195.23311006444467,1.7039453320056048
6326.0,822.6585047520595,193.44166202606263,1.5656206816305227
6327.0,826.4247903612645,192.38307219950622,1.3171463600398008
6328.0,829.3657247348876,192.08566014209833,1.01665475368314
6329.0,833.691093938174,191.61847785228807,0.7789511985436942
6330.0,838.7416380504359,190.53940139541703,0.6378469019241123
6331.0,843.886632383589,189.2381004803283,0.596468466653964
6332.0,849.4281320697631,188.02462081084897,0.5358415827842402
6333.0,854.2231183806234,187.97597112802836,0.43263832494615034
6334.0,858.4424526183698,188.69185148821285,0.3016851634663876
6335.0,863.0512391107796,189.2037482217169,0.2022126240291364
6336.0,868.3123332968294,189.15258477837617,0.17002522398332245
6337.0,872.5351816931422,187.54528439196838,0.18670342732928638
6338.0,875.2386173543125,184.7628724079155,0.22937067860902804
6339.0,877.5831741777213,181.70736970863376,0.26323825955625
6340.0,882.1239402984753,180.19097751717243,0.2878913216805025
6341.0,887.1962704627679,180.1130607785057,0.26643427687219834
6342.0,892.5393554677362,181.38247238327423,0.21649076401306233
6343.0,896.360291714305,182.42642989825978,0.1452484984013361
6344.0,898.2703280453894,182.38398754737528,0.07110839824809638
6345.0,898.7009938654987,181.72034136636918,0.02278953450172089
6346.0,898.1048834813479,180.95625745608297,0.00312241793796
6347.0,897.4548481371277,179.85875951690045,0.0002745589348323986
6348.0,896.9515090526777,178.79318641688616,0.0032744156507001133
6349.0,897.2458770281812,178.47903453395696,0.004417010023148091
6350.0,898.2384797760662,177.99462430719876,0.004278307192912915
6351.0,900.6887541224471,177.1826445948682,0.005675408932796107
6352.0,903.9135872652427,176.94532780369283,0.011371784611644922
6353.0,908.8042476039383,177.41759950447204,0.019975186488960017
6354.0,914.7032777915066,177.88506133627632,0.02999253506326089
6355.0,920.1168839579436,178.3331050840871,0.03587756868906248
6356.0,924.1575503696233,178.80415751612512,0.034486907856380075
6357.0,925.494087770394,178.52805295240734,0.032610317403892926
6358.0,925.0100967143762,177.2293429155713,0.036583635266880146
6359.0,924.1666533559747,175.74306413820773,0.044675526773539656
6360.0,923.4277391897298,175.16000356671148,0.055024271830600956
6361.0,922.2739057994387,175.19024639627864,0.06917803697515244
6362.0,921.8562984552076,175.65250076159347,0.08367797178510249
6363.0,922.0728972992354,176.5588526585268,0.1027330383480025
6364.0,922.9420309691202,178.26215037007648,0.12565464539444018
6365.0,924.1094053644903,179.8163224580439,0.1523588282182561
6366.0,926.3424115346568,180.22708162291605,0.16943367524316846
6367.0,928.8665625935464,179.65746123736864,0.17150764913643252
6368.0,929.7081024807374,178.33524308860845,0.173951246989637
6369.0,928.7324044808721,176.295663158014,0.18538739036364962
6370.0,928.5806897265268,173.87014530281206,0.20428931930373767
6371.0,930.2763973272638,172.19072194394613,0.22321137420530018
6372.0,932.8686188492619,171.23638119068008,0.2575299317223649
6373.0,934.8455554436141,170.91132192565246,0.3220845688725024
6374.0,935.5851486585118,170.80605018182848,0.4100760678501123
6375.0,934.849093614216,171.16076814146308,0.5003107210161316
6376.0,933.1747552695283,172.08539976283095,0.5781157750905627
6377.0,930.4464993056787,173.00713612665763,0.6299610234167057
6378.0,927.3945373864182,173.67700348652667,0.6633494896912899
6379.0,924.4787003355401,174.1007522558498,0.66331544558724
6380.0,921.9519609411457,174.4959104244876,0.6396162655376171
6381.0,921.2891296420801,174.30834178007342,0.6020597297730063
6382.0,921.4013246949352,174.14732958108468,0.5416757601890626
6383.0,921.570688037145,174.12111917248467,0.4658985149184083
6384.0,920.4980447529003,174.49704170417445,0.3975764796039556
6385.0,918.182420961808,174.9341808148206,0.34331859376260254
6386.0,915.4291885079635,175.4382351417566,0.31258153864560656
6387.0,913.8443866472276,176.28272991388144,0.2957651433878436
6388.0,913.9501059405956,177.27933182671964,0.28192197285056264
6389.0,914.2178197778734,178.4466977399367,0.2548689283857024
6390.0,913.6056141699632,179.26205918665767,0.21734826753906245
6391.0,913.3117960117704,180.1835165316913,0.17889418879332258
6392.0,915.2491780348785,181.1529061574469,0.15793985857559037
6393.0,918.2390947786334,181.9343102663594,0.1567780258992025
6394.0,919.4495154932333,182.1244297869174,0.15251430574864006
6395.0,918.3173216396258,182.30878427941607,0.13383990800347695
6396.0,918.7322080515869,182.74915902564857,0.13003318938132244
6397.0,921.210524386848,183.13441316282896,0.15037836182652017
6398.0,924.4668028028865,183.6319938433751,0.1686650193909409
6399.0,928.1704449616509,184.2888550713878,0.18045490406402553
6400.0,930.6865049737388,185.00693929769537,0.17240115442035234
6401.0,930.0954580390276,184.99741249969765,0.15334203107059208
6402.0,928.66011100041,184.05302383629677,0.13447569603811843
6403.0,929.820407698216,183.35789372710508,0.13285335374949162
6404.0,933.6029088778089,183.4141605064645,0.13643090952680245
6405.0,937.6650872730854,183.349039934736,0.13953541130047206
6406.0,941.7502033926984,181.95532942578103,0.14299563007461688
6407.0,946.8466153354497,179.88196851695002,0.13253945788289606
6408.0,952.9745527825501,178.66454796015222,0.12472553841490089
6409.0,958.1454450470927,178.21734907321812,0.11373710384046237
6410.0,961.7677790106467,178.49378678135176,0.08478265933214443
6411.0,965.2196801543909,178.7110925017857,0.05398359492968997
6412.0,969.7565583875835,178.70847901126746,0.03170516061192491
6413.0,975.3523863624514,177.94138731419056,0.014304332224518398
6414.0,980.1302545274458,177.00206864865072,0.004900691624403602
6415.0,983.1210310961687,176.3050149878226,0.0006126426926243987
6416.0,984.3422547567098,176.0843515697484,3.892736707240152e-05
6417.0,983.5393073256151,176.28223308325346,0.0003929100982416011
6418.0,981.7268252166599,177.03301613157018,0.002509694379922508
6419.0,980.6778859821516,177.648776299326,0.007294625537616392
6420.0,980.9864840216779,177.98517334055055,0.009375649964643611
6421.0,981.6237038275426,178.27046390262186,0.008596366061228098
6422.0,981.7159635152336,178.32147061128907,0.006144987396600888
6423.0,981.684225984256,178.22061605297873,0.005350713293044911
6424.0,981.1389090149182,178.60767649737485,0.0067160565474025154
6425.0,980.1634496545664,179.96278896704183,0.010371670753960017
6426.0,979.7896492138273,181.08398195800152,0.014180410787140925
6427.0,980.5181657393282,180.98934577250046,0.019946912820931598
6428.0,982.1619379944228,180.35588911974682,0.028044258281639985
6429.0,984.0369412996414,179.86207342562753,0.03708838906557162
6430.0,985.2032049473892,180.18116586062715,0.03227696103241001
6431.0,985.7956165482487,180.8079411058652,0.016895205940033613
6432.0,984.9929288524091,181.1685001752595,0.0029813216181904098
6433.0,981.6255178860206,181.067616772946,1.8495848462400488e-05
6434.0,976.3419968235481,180.84428635897805,0.0017419028779320994
6435.0,970.2004911546045,180.66867418885084,0.008823335221412095
6436.0,964.4735012128526,180.98213975713924,0.03042652262399997
6437.0,959.1575414919836,181.5644360713744,0.05875476882206886
6438.0,955.0233164670594,182.49833847048527,0.07549571730022561
6439.0,953.3474924376394,183.6240529914862,0.07955231532004002
6440.0,952.7046834771749,183.54701748417432,0.08319247060410251
6441.0,953.0711940451935,181.79704089329687,0.09359930195640084
6442.0,954.9429858702433,179.4726410199912,0.09536833477516961
6443.0,957.4872740011923,178.31405003392658,0.09532806920595362
6444.0,958.8972682892089,177.95730138766658,0.10576962897510486
6445.0,958.8071424321198,177.35490012845736,0.13368901903930805
6446.0,957.0827443441054,176.43036661396067,0.16827468896048037
6447.0,953.6113507483508,175.96790313105814,0.18051859567504
6448.0,950.5108825336993,176.4862349235726,0.16427514229568999
6449.0,951.0056908926819,178.1024340414957,0.1472318215898401
6450.0,954.5173926232669,179.83605114508853,0.1396566527800896
6451.0,956.5628411453041,180.81654157952113,0.1429938981637156
6452.0,956.144284712551,181.2185749449713,0.14982893681540485
6453.0,955.202231107366,181.41507650429477,0.14873638922514487
6454.0,954.7701727873286,181.4276902114431,0.1570450032241216
6455.0,954.4830312189032,180.8816054903716,0.18556169013043838
6456.0,954.3460378739202,180.32111602268685,0.21773684681229605
6457.0,954.3218319066862,179.7027211968094,0.24160517179158011
6458.0,954.1107065858062,180.3454058073711,0.26610157327811557
6459.0,954.6016019965421,181.55232666391214,0.30432088897923687
6460.0,955.1052642892643,182.5452170348446,0.34541384629425603
6461.0,955.2128493211509,183.01260866202546,0.3923762834882916
6462.0,954.5955796353732,183.00754075710233,0.45243726475908497
6463.0,954.6796472373151,182.38733706332735,0.5380998864405263
6464.0,954.7012993659401,181.53341135679693,0.61428867249649
6465.0,952.3981472574042,180.28543082130346,0.6563477861906435
6466.0,949.2095072249476,178.23796764558847,0.6771096553408928
6467.0,948.9442008711526,176.221350475921,0.7012097862592901
6468.0,951.4357461729746,175.11039139294087,0.7493296664268899
6469.0,952.9976889674585,174.7264583650332,0.8053959510261024
6470.0,952.5462417446337,174.04043647861874,0.8088129392304784
6471.0,951.741905982923,173.72072775100546,0.7782657596074384
6472.0,952.3843783863501,173.37981521669622,0.7603772681748997
6473.0,953.6781948275153,172.6003355396232,0.7413715243408355
6474.0,954.895585029782,171.31717443791692,0.7206899550771599
6475.0,957.4244613878506,170.38379214567763,0.7139018719085797
6476.0,961.1399421942748,170.11848574837109,0.728799267840708
6477.0,964.2252420723943,170.0568563597899,0.7355518070476489
6478.0,966.3309872552927,170.34358074509825,0.7084066213941025
6479.0,968.0979040437063,170.86811424387346,0.6824327507622143
6480.0,969.949670320225,171.42811672844158,0.6837725736253764
6481.0,971.9279429909293,171.52452292845115,0.7042528803890177
6482.0,973.3840117810753,171.89232329425738,0.7072203147417664
6483.0,974.2385935609814,172.53390251910784,0.6985929494188128
6484.0,975.4227321313354,173.04619496947168,0.6740021836788496
6485.0,976.2391548947584,172.69490188866683,0.6484875389068175
6486.0,975.8542215961169,171.5959814522999,0.6091595200963583
6487.0,973.7693575823284,170.1618701408,0.5807952668505624
6488.0,971.6500864545594,168.3016840029109,0.5543367143179263
6489.0,971.2189591200103,167.24025661852622,0.5515461778484025
6490.0,972.3649016473091,167.13223456902836,0.557345995516088
6491.0,973.9315125723832,167.6552195159249,0.5510489889190275
6492.0,975.4200112224418,168.02220072281534,0.5156087705645409
6493.0,976.4574234516687,167.7012894361846,0.4272779975915025
6494.0,978.3122311828034,166.5413528120342,0.3119725952213049
6495.0,980.8924540053828,165.4111041278085,0.21778451027425438
6496.0,983.9684914028111,165.1191770067185,0.1920920319173025
6497.0,987.6768873933014,165.49892193463285,0.21917585487208413
6498.0,991.9245781360062,166.69040690254047,0.26209475815264804
6499.0,995.6379766226894,168.17095312521235,0.2786226876617284
6500.0,998.4061594297193,169.34182124827248,0.2696736428472321
6501.0,999.8772813548138,169.6651221346922,0.23395078260346808
6502.0,1000.5412621513555,169.38470512316943,0.17965859661394085
6503.0,1001.6865092092834,169.46656761599087,0.14010796112760035
6504.0,1003.7195167556918,170.36474244107868,0.12759220434426008
6505.0,1006.5256559467321,171.88177348070934,0.1513786397278464
6506.0,1009.6299503843396,173.52734069431864,0.19754319821722235
6507.0,1012.2350739632253,175.24591855695746,0.25332637174454437
6508.0,1014.1562259957443,176.72842621879383,0.2909908528570624
6509.0,1015.6007320018472,177.87219022046528,0.3279254226741528
6510.0,1017.3875262488426,178.72081592377725,0.373525138559021
6511.0,1020.2303007534283,178.82142275636252,0.41679460839754223
6512.0,1024.0398928685279,178.03014905787722,0.4641602063524415
6513.0,1026.6863931843666,177.1689441165966,0.4730559782274224
6514.0,1027.4634760070992,176.94169662057033,0.4316851751779008
6515.0,1028.6069588342184,177.0269106135218,0.4193693499765288
6516.0,1029.643910951896,176.86918531435322,0.5097129937390968
6517.0,1028.0653055717678,176.8671008011488,0.6777109916825615
6518.0,1024.6815591311731,177.71978855186123,0.84391506655225
6519.0,1022.6196155942824,179.3401714471737,0.9268875625
6520.0,1021.6555885198919,180.7006226254966,0.8628510485330176
6521.0,1021.0726091076693,180.6611371902158,0.7449834536755776
6522.0,1021.3835109690992,179.98407199050308,0.6723965068045368
6523.0,1022.8941809451998,179.7959582027543,0.6680357666237025
6524.0,1026.115358218975,180.03987832180445,0.7407417807251447
6525.0,1029.7282722025068,180.2818130575178,0.8773022637292225
6526.0,1031.895863904645,180.42696321924058,1.0088224736424023
6527.0,1031.993572590307,181.31084271650195,1.0109968073465567
6528.0,1032.11114125998,182.82423752902676,0.9006823501169795
6529.0,1034.2233981489067,184.20854662744978,0.7980499056982321
6530.0,1036.880445526422,184.72753294601753,0.7743679683312399
6531.0,1040.0268821149468,184.58932260849866,0.7727542017660719
6532.0,1044.0648993869272,183.98723950474812,0.7712950465794025
6533.0,1048.8089191170798,183.58330448774555,0.7914065392427089
6534.0,1053.6065161390748,183.73892857741086,0.8171273561639407
6535.0,1057.7069473169267,184.8644489516985,0.8127244270512899
6536.0,1061.1891064002396,186.63232043278975,0.7631666864985742
6537.0,1063.5559267024191,188.23187784289655,0.7110978334664688
6538.0,1065.4561695665413,189.64515071124097,0.6763424014721521
6539.0,1067.1697363873932,190.72716859939257,0.7034048747223697
6540.0,1068.923104123823,190.7617533439809,0.77140560264306
6541.0,1069.5734826602427,190.08392043078177,0.8194340024488836
6542.0,1069.088774321868,188.9936883373561,0.79998373760761
6543.0,1067.5541584658777,187.9279920620519,0.7329321740885764
6544.0,1065.764444142016,186.90775899495156,0.6606681266872035
6545.0,1065.7422534329207,186.0756669529802,0.6121554245891043
6546.0,1067.9458307394518,185.4008874621803,0.5791763260213224
6547.0,1072.2434607834919,184.3693662248698,0.5509972648056098
6548.0,1075.9424086289398,183.43337426156023,0.5400509513209281
6549.0,1076.749958059964,182.81085930685867,0.5380905116750407
6550.0,1075.280667406597,182.7684506685543,0.5215119747597796
6551.0,1073.1879871298772,183.31376933676952,0.4636137386320968
6552.0,1071.2086076034414,184.04597523365152,0.3992227459973776
6553.0,1069.061514416988,184.5754541790053,0.3609833626135881
6554.0,1067.2249302570765,185.11874740780848,0.33220578901916165
6555.0,1068.221034845725,185.5245431647863,0.31990778300728806
6556.0,1072.460461941959,185.47651900089554,0.3133813133381841
6557.0,1077.2958675608472,185.86449288606934,0.3050462698228036
6558.0,1082.5922098415272,187.38194117340552,0.2669527869540676
6559.0,1088.4429302794288,189.29953652441455,0.19162444965049
6560.0,1094.3048732731634,190.42169170404648,0.13098224283779608
6561.0,1099.1987098938898,190.55692546983218,0.10212439689204637
6562.0,1101.875394556572,190.55423448160963,0.10163241346659209
6563.0,1102.8094980301162,190.99784954127205,0.11709859517875841
6564.0,1103.4203334608812,191.25538777545177,0.13577650813624959
6565.0,1104.8848511671754,190.6402757231899,0.16730896040827242
6566.0,1106.0895506947609,189.96583550804073,0.2076263454489156
6567.0,1103.4961669496258,190.27509038792263,0.23755499728689958
6568.0,1100.8483469417076,191.462448341379,0.24165831931500248
6569.0,1103.6391510967485,193.02043328485718,0.2159203185069529
6570.0,1110.7114661648047,194.73612040515764,0.1857416572235536
6571.0,1116.5093884904802,196.2839269902541,0.16749382126680806
6572.0,1118.9021802180232,197.73916593094128,0.17296220471256243
6573.0,1119.0321867316268,198.4171130871149,0.18730740049506245
6574.0,1117.071436754875,197.57820763687738,0.1992357141245584
6575.0,1113.4582284307032,195.9816539893263,0.23488412978037154
6576.0,1109.380179542413,193.45494582256342,0.26768196092401
6577.0,1106.4173896996094,190.70898515435775,0.2948922786880225
6578.0,1105.3723534215685,188.08000794473315,0.32942210360430246
6579.0,1105.5230478969695,186.13015455441055,0.36805788021150754
6580.0,1106.434628572953,184.6609055085403,0.4121977056890625
6581.0,1106.4713580061816,183.41943691607594,0.4683444350133025
6582.0,1105.7355896493073,182.7049865642287,0.4901050616310016
6583.0,1103.2348472422307,182.2275307525901,0.499942597041116
6584.0,1102.2854419723485,181.68795703222293,0.49777756195426087
6585.0,1101.6667258312532,181.0446572946403,0.48240160556887673
6586.0,1100.906616069997,180.6287205065531,0.4623588201168784
6587.0,1097.2023757114905,180.41853508017095,0.45997029616320995
6588.0,1091.0437536922573,180.47204352529525,0.4559086521336065
6589.0,1085.2354009665185,180.28228326808338,0.4245342387189263
6590.0,1082.6094489869608,179.68404109468176,0.3914764885158723
6591.0,1083.632159989649,178.67859701067366,0.37588509890619615
6592.0,1088.0798534907537,177.53899072611313,0.35758700504192403
6593.0,1094.0705735669274,177.13553185543438,0.32747775358515835
6594.0,1099.226887136894,177.68640649894783,0.2961943257892644
6595.0,1103.7612186305205,178.76184639941758,0.2892366166402729
6596.0,1108.4727083476387,179.36603702462276,0.33309541605075604
6597.0,1112.4494583270064,179.64276686349692,0.3794230200766329
6598.0,1113.9228287702585,179.6078331451541,0.402716766548096
6599.0,1112.8734311339288,179.64085800078053,0.38289827955006245
6600.0,1109.6873972475735,179.3392583957575,0.32135974833372005
6601.0,1105.5939387635017,178.78936784516023,0.23482645046210252
6602.0,1101.9905074877827,177.9432583127895,0.16773337312202247
6603.0,1100.0219320499887,176.2735475560557,0.1263734742608209
6604.0,1100.015482486579,174.74253047498397,0.09756377190399998
6605.0,1100.0409412249355,173.95071624336353,0.08785223678548838
6606.0,1098.7671340938048,173.5953467936345,0.08770411174144
6607.0,1096.4621901007404,173.43338766725032,0.09058037063443286
6608.0,1095.0463378099546,173.36264643562146,0.08752715741301206
6609.0,1095.3517954946803,173.65195044502116,0.08468709364962092
6610.0,1096.7687658466507,173.83134771267595,0.07471836919849206
6611.0,1098.3748931088512,174.02298331991997,0.06232451834846408
6612.0,1099.0669054806403,174.1133149156802,0.05328629766306251
6613.0,1099.712780898905,174.04256257851821,0.05808212788547559
6614.0,1100.8229823793297,174.00932376661277,0.08575421137923997
6615.0,1102.3673515743023,174.0842362832301,0.12092938091096038
6616.0,1102.9698182553523,174.66593860550316,0.14235845179155604
6617.0,1101.4028822257603,175.86758541623865,0.14291156508933162
6618.0,1098.2178042296568,177.60221811927315,0.12998764223324008
6619.0,1095.4863173968063,179.10591836448955,0.12689334384564635
6620.0,1094.5119517229489,180.5898489983375,0.14846383463100246
6621.0,1094.837538512305,182.4497801991596,0.17248726356753957
6622.0,1095.8691817064425,184.5494169911812,0.16295603264029687
6623.0,1096.552855676506,186.44538226596018,0.1319317395563281
6624.0,1097.5147716037854,187.69742218537596,0.1113995224705489
6625.0,1098.4887385965033,187.9621457816794,0.11272069626534086
6626.0,1098.87893470178,187.67308279921977,0.11773537638829205
6627.0,1097.976996285408,188.13268194185846,0.11951828042450559
6628.0,1095.898950935122,189.59146181759996,0.11778820311217959
6629.0,1093.7754570177592,191.7627100547698,0.11915687480774485
6630.0,1092.5054575788652,194.15000911487002,0.1334822592730176
6631.0,1092.0541380814075,195.77198535324305,0.1488315939375204
6632.0,1093.1838541704947,196.4293923184617,0.15045530850677605
6633.0,1095.3568122071713,196.39873891081425,0.14269618819722008
6634.0,1098.2217882482587,196.05099439644164,0.13858369463025605
6635.0,1100.819160201878,195.33383995610444,0.14445768215929208
6636.0,1102.3992535358914,194.69570887640577,0.15715822755169692
6637.0,1103.0388091867082,194.46805192608645,0.1734050583976489
6638.0,1102.9838665486086,194.85825343686386,0.1889732970581481
6639.0,1103.251995538359,195.67522628979899,0.19892322526561002
6640.0,1104.1316950372116,196.9318226522816,0.18426252500077211
6641.0,1104.7236207117169,198.1892556513455,0.1532709423927889
6642.0,1104.4593328516316,198.8884020360664,0.1199971029797604
6643.0,1103.67203753827,198.88935228251378,0.0913325039527824
6644.0,1103.2281643985232,198.8058822573218,0.0805655259460489
6645.0,1103.6848398356915,199.28056698132713,0.0821878247959561
6646.0,1106.0490010092253,200.03202660830502,0.08143563167510409
6647.0,1109.9897932696465,200.91903852203566,0.06842597455728809
6648.0,1112.9159672329756,202.40402433599084,0.04486965269217637
6649.0,1111.4409053572128,203.84507850650758,0.021224623298092896
6650.0,1106.8730438876482,205.0747821181092,0.004679673618259593
6651.0,1101.9795793118883,206.48250237317095,0.0006663558843768952
6652.0,1098.2272894004468,207.74062798111981,0.00011525675749289833
6653.0,1095.2290064499668,208.2869313969896,6.150935498409982e-05
6654.0,1092.0915930137155,207.9868592176202,4.659727948839992e-05
6655.0,1088.7643980243286,207.03817782778086,0.00020480443478010067
6656.0,1085.6501740534832,205.76135291323135,0.00014113154881439892
6657.0,1082.118661154653,204.7329224236662,0.002047576075022499
6658.0,1078.0003251269993,204.8163399794673,0.0026105253048900007
6659.0,1074.0945283898664,205.57285667517513,0.004311569159251591
6660.0,1071.1267400382392,205.4035462178473,0.016242814277289984
6661.0,1068.7799441092197,204.46154942364691,0.03412225422841
6662.0,1066.043870185099,203.5614558068124,0.04454839623330807
6663.0,1061.7409714873143,202.624980199992,0.05126997882656248
6664.0,1057.3135044174794,201.4233974401152,0.0725171256432016
6665.0,1054.253693044842,199.60002825711848,0.12513200174960035
6666.0,1051.559021298346,197.7292948283,0.21323398952347555
6667.0,1047.382426999854,196.67906019008416,0.29862445525577636
6668.0,1041.7070552775813,196.67851969658585,0.3763980171151225
6669.0,1037.774405199808,196.42076850207596,0.4623191651331135
6670.0,1037.6107529409164,195.62001490796314,0.5450960154261922
6671.0,1040.104086790703,195.086712940374,0.6025863100303488
6672.0,1041.5909848864026,194.23629773280751,0.6512083762535288
6673.0,1040.9962024807824,192.29075392197998,0.7352636843160324
6674.0,1039.9447463281438,189.573623659932,0.8491840343997124
6675.0,1038.882724049228,187.05332507386157,0.9885034340720098
6676.0,1037.9855246818422,184.5597873035676,1.1264075716522497
6677.0,1036.9773491403243,182.0356860118532,1.2135269003078808
6678.0,1033.9170355553308,179.8071421216641,1.2424992186567603
6679.0,1030.264887429408,178.41414508496212,1.2263540731320384
6680.0,1028.9386257196993,177.50187655120828,1.1559195257635202
6681.0,1029.6907016579873,176.75317532076122,1.0735257556543745
6682.0,1028.9733301978322,175.74688291621422,1.0123095297596838
6683.0,1025.1056787871307,174.10777508678967,1.0130073851399823
6684.0,1020.5785408682353,172.50363531732705,1.0303714494041796
6685.0,1018.9347772494305,171.30665537759555,1.005310972944881
6686.0,1020.3014200052181,170.6240723754861,0.9425197428903936
6687.0,1020.0606472015771,170.54474762736635,0.8801681276060175
6688.0,1016.6542925100803,170.75047654900067,0.8746506638017599
6689.0,1013.8947186160823,170.51272360167025,0.9319681596096003
6690.0,1013.6134344205019,169.11370854024295,0.9946922817216122
6691.0,1016.3390659621554,167.05003498426404,1.0622247048689795
6692.0,1019.1355840303652,164.89314346389912,1.0908328133615364
6693.0,1020.5433259116772,162.9365004945862,1.0582221880985327
6694.0,1019.9791637800477,162.06174441547284,1.0468619106712898
6695.0,1018.7331463520643,161.98952454581107,1.039564400245896
6696.0,1017.983898510897,162.36283310774292,0.9629809937244024
6697.0,1018.7756840190659,162.76698322814994,0.8731603219530303
6698.0,1019.7442223604044,162.80335606834257,0.8103291634341224
6699.0,1021.9724146020586,162.3113621438005,0.7356559629211321
6700.0,1023.7430586799036,162.19618820589048,0.6473724059815935
6701.0,1023.9169040858426,163.0882121002242,0.5696773604196675
6702.0,1023.7920489586005,164.18203662904273,0.5129978897024642
6703.0,1022.8113345928595,164.81018927101871,0.48866357648345765
6704.0,1020.6658748698139,165.197963820096,0.494480662462376
6705.0,1018.7483123750017,165.37439431296576,0.5143319626397479
6706.0,1019.3643469550028,165.16577315374465,0.5217256253752929
6707.0,1023.2687545934701,164.592218600043,0.49937364143078755
6708.0,1029.124903789344,164.7141320505521,0.44752440644802244
6709.0,1032.5773415034723,165.6336938411152,0.36595436360822436
6710.0,1033.4163374751288,166.4128212419574,0.27874567907696407
6711.0,1033.9786227832228,166.16084469105664,0.20535267143810243
6712.0,1035.0869608875919,164.90153187279273,0.14831379429408995
6713.0,1035.688043785198,163.5712578130542,0.1071752483492161
6714.0,1035.0116516001128,163.18359304789553,0.08370726597552636
6715.0,1032.87487574999,163.52556515147802,0.07858441551997439
6716.0,1031.3442003095047,163.9805495535601,0.07415007837821437
6717.0,1032.42876171347,163.73290070794803,0.07268111355192249
6718.0,1036.2622727518342,163.23259165920115,0.06557616231126488
6719.0,1040.8967367137782,162.75930018616268,0.049178850345302484
6720.0,1044.8068389024368,161.8359900374358,0.028719975828696103
6721.0,1048.3828273002925,160.4695156282234,0.012731021861148892
6722.0,1050.7465887838891,159.5508671618298,0.0032731774726560917
6723.0,1049.4904331076796,158.4531277622609,7.042398560999827e-05
6724.0,1045.7851553838386,156.33601783525125,0.0021927042447424084
6725.0,1040.7725771705902,153.94964203838026,0.009950517365198428
6726.0,1036.7349263341841,152.2061638269579,0.02280858989151692
6727.0,1036.2810852738792,150.75708234977068,0.040394660708692895
6728.0,1040.2176463453723,148.9850894371226,0.0557319958140625
6729.0,1045.559973773757,146.8684847047031,0.06930712811050098
6730.0,1050.0190792551243,144.76328238652994,0.08127215724259847
6731.0,1052.5751898395913,143.2567230563788,0.1008830234119744
6732.0,1053.5098590883915,142.8377049574933,0.12029795785280165
6733.0,1053.822867866802,143.71974377318998,0.13168058077767608
6734.0,1055.5158752539087,145.3391396063051,0.13429734381464045
6735.0,1058.93600393395,146.8639840106485,0.1387240008240241
6736.0,1060.7568597939057,147.448195094921,0.13890275565156004
6737.0,1060.0371386833892,147.50640868472428,0.1250058969205929
6738.0,1059.8368246347654,148.0533713050529,0.10437749439400365
6739.0,1061.342208216561,149.14407764395008,0.0848226481451584
6740.0,1063.9425045083801,149.82959470567056,0.07474221239164841
6741.0,1064.9842106416238,149.79209708700975,0.06303457321159693
6742.0,1065.5903133181466,149.8648574700581,0.043400293091116954
6743.0,1066.5637574554685,150.04587843529438,0.026289804408516096
6744.0,1067.4430866640614,150.48226817836525,0.01708321931378409
6745.0,1067.0174573971635,150.9007448799389,0.008411578858915612
6746.0,1064.919388565437,151.6294645533339,0.0005681029347080967
6747.0,1062.974027818609,153.22719590124717,0.0028887378591204
6748.0,1063.179994034352,155.8478123914185,0.0091295903802321
6749.0,1065.8511440146358,158.83608362933455,0.00612535543962249
6750.0,1070.4318767270543,161.07438800557225,0.002007781956558393
6751.0,1074.608946558584,162.62112519457338,0.001001428176622501
6752.0,1076.7064630604,163.33187106644164,0.0043662175045695965
6753.0,1077.4055456854353,163.26496470702182,0.017473966090156896
6754.0,1076.880168082269,162.2725620499475,0.037942442859239985
6755.0,1073.9025872035727,161.12490746981186,0.05974883098934761
6756.0,1068.0375449438295,160.3704321062521,0.08281522186379559
6757.0,1061.273050284771,160.51714194851453,0.10929392018561611
6758.0,1056.912347852883,161.7706029059933,0.1275900611502001
6759.0,1055.7586233614627,163.32427643122736,0.14528538503423993
6760.0,1056.1046727991593,164.54789848940132,0.1682546301435609
6761.0,1056.4555139957145,165.53651016817255,0.20908892074425636
6762.0,1056.917313464887,166.87774656732665,0.2606903944506801
6763.0,1057.0126246562725,168.53344564666622,0.3222594129802609
6764.0,1056.479977316878,170.05337375899808,0.35885449269362246
6765.0,1054.170889582484,171.26843697637054,0.36537984633689635
6766.0,1050.1648161075118,172.2160698768552,0.35791982566128006
6767.0,1046.5790699154527,172.85696213991133,0.3565074759813008
6768.0,1043.9061165352957,173.51372537168115,0.3785688262034808
6769.0,1040.7624117520838,173.98800549767168,0.4279769203803024
6770.0,1037.7915556294379,173.92688631483648,0.4778334197246016
6771.0,1035.3218000179068,173.2238953479631,0.5241379038122161
6772.0,1033.363273444169,173.04772354926502,0.5724849619005695
6773.0,1032.443713807009,173.21266512373919,0.5761370611038248
6774.0,1032.3379056692452,172.98743500887468,0.5462664005366569
6775.0,1032.1737188216098,172.3799017958232,0.48129673540558093
6776.0,1032.6767001368332,171.99044965342742,0.4398167449579761
6777.0,1034.1609778043255,171.79555661206413,0.455120091458292
6778.0,1037.1395711514285,172.08093910196922,0.5247437406883204
6779.0,1039.49877674648,173.02512309323407,0.590190838460664
6780.0,1040.4307927679338,174.65540947804368,0.6052967748274041
6781.0,1040.0094494265063,176.40938852650254,0.6093778261774335
6782.0,1039.5230693873514,177.38378981838932,0.6445452575347776
6783.0,1039.2383907235755,177.28135911784932,0.70712878719025
6784.0,1038.6072869451077,176.59629894567416,0.7420022763318915
6785.0,1037.9561197197902,176.17362296235822,0.7440108921796356
6786.0,1038.0582711323973,175.8033310594995,0.7502709626221488
6787.0,1039.7200951059058,175.40551227524665,0.7897356485853182
6788.0,1042.3349287361416,175.62911777838605,0.8352039248018063
6789.0,1044.09105934042,176.983204576302,0.8609953108167889
6790.0,1043.297052393918,178.40210165708697,0.8092565546681344
6791.0,1040.2774979947558,178.86372112911351,0.6983183096655364
6792.0,1036.4666488556443,178.40957776150324,0.5794496616371281
6793.0,1032.5795651595804,177.85268104365846,0.49821350775460815
6794.0,1028.797528644429,178.0794068545665,0.47496485462776356
6795.0,1025.271831465902,179.42273547097736,0.5057726399877636
6796.0,1023.0876401133777,181.25268861176087,0.5332011967473129
6797.0,1022.3507753036516,183.51469945328483,0.4974968133170115
6798.0,1022.0947660754281,186.2093174705452,0.42275075519497957
6799.0,1022.2236209801578,189.36363426447812,0.35211830249562487
6800.0,1024.319697268826,192.18418441490607,0.31952638560222246
6801.0,1027.9468768309612,194.0570608019235,0.32881579482214435
6802.0,1030.8720458988623,194.68510029619847,0.33769314394996397
6803.0,1030.7812994746264,194.09717361621384,0.3282739713859204
6804.0,1027.908024297082,192.9598012656682,0.3215015194818815
6805.0,1024.3995141600672,191.75668684499377,0.3444528307530816
6806.0,1022.7298110960504,190.53629035251595,0.38029332204773275
6807.0,1022.0322876354409,189.66568270578057,0.39317171240008353
6808.0,1021.8428908137507,189.00562465307172,0.37026828259062755
6809.0,1022.6419545643022,188.55345950301086,0.3564039493978928
6810.0,1023.9293836174915,187.87140495942575,0.35793064235630245
6811.0,1022.2286834696457,186.79369249455118,0.34406825973582233
6812.0,1017.8183119176374,185.17606724072215,0.3111066031778761
6813.0,1012.9204651481627,183.33058395980774,0.2796118418128895
6814.0,1010.0379663466863,182.23103785325338,0.2676492014310976
6815.0,1009.6822013353799,181.97388386108412,0.26882231922940836
6816.0,1010.5479920645886,182.50793525829806,0.27796534652115606
6817.0,1011.7017467220171,183.4912862515098,0.30674636648573445
6818.0,1011.5109872240308,184.31682017062894,0.3441453632521216
6819.0,1010.5202041164384,184.6754414037137,0.4164206209096921
6820.0,1008.0569793175587,184.53428562836964,0.54234298987236
6821.0,1005.3307582040156,184.3131393735781,0.7141534457759999
6822.0,1002.4901816791127,184.54593710045984,0.9001623876564543
6823.0,1000.3590417034852,184.73306035854753,1.0702889435752903
6824.0,999.5856541636982,184.4950384826303,1.2545944395342399
6825.0,999.751467270478,183.88632275447353,1.4117016581762705
6826.0,999.7295504708098,183.23539440579063,1.5560611970121125
6827.0,998.3427757188937,182.82896675247494,1.660226606374796
6828.0,996.3525885692386,183.01624154698519,1.76082416856025
6829.0,994.5044924259686,183.4441246413504,1.8837168320062092
6830.0,993.314180668537,183.83225191837107,2.0576451098493482
6831.0,992.2912679490775,184.02380305162353,2.2818617853922274
6832.0,992.2927207598195,184.20638808803713,2.5472677745030885
6833.0,992.463014431161,185.3785014721232,2.7449806400188566
6834.0,991.6173578526956,187.669446452725,2.831802916110746
6835.0,988.8587643082527,190.48302061732744,2.8088610610958034
6836.0,986.8146186771679,192.63517695714242,2.7227992852246756
6837.0,987.09124993739,192.8072371634909,2.6869849015743505
6838.0,988.6227833979767,191.74993397219038,2.7388929987904143
6839.0,990.8133070988625,190.92162272951123,2.892536344247472
6840.0,993.0896910018818,191.49742764993138,3.076286440762393
6841.0,994.6306773324475,193.86408700028107,3.2519647175210213
6842.0,993.370852622112,197.41307501462424,3.401886390605716
6843.0,989.4595595372249,200.3737699866874,3.616458934465082
6844.0,984.515062182289,201.4365500089635,3.86265753924567
6845.0,983.1845963761969,201.42343888184092,4.19623974713405
6846.0,984.6520795658057,201.3139482570349,4.576556056376142
6847.0,985.2677741506872,201.20975419653462,4.769619126300894
6848.0,982.6571212866196,200.91448340119356,4.851818433842297
6849.0,978.6121518474619,200.7294159122208,4.831870280730433
6850.0,976.5120650262004,201.2359584253326,4.794437277134123
6851.0,976.5451288272507,201.68882028268595,4.749062352219921
6852.0,977.0832300233966,201.9872970981967,4.744669029850253
6853.0,978.0614309882918,202.2439771607508,4.841206027119846
6854.0,980.3618394339135,203.12973620973943,4.998801416420001
6855.0,982.4814121297139,204.71737597070398,5.030746468708153
6856.0,982.7908110484394,206.37985540882505,4.887863736013849
6857.0,981.3049474587784,207.9759369048023,4.666289799894507
6858.0,979.6076714616986,209.49596156396908,4.464472001659278
6859.0,979.2087871761129,210.5961573118854,4.336282808595462
6860.0,979.9915129331083,211.1713450703669,4.184532954891609
6861.0,981.5432108212837,211.468106215249,4.0627923142053035
6862.0,982.0475767286381,211.47583649195326,4.006286027695392
6863.0,981.4354976332966,210.8198109873623,3.9911373146456097
6864.0,979.8320871194472,209.8805951018897,3.8775564878444637
6865.0,977.1519320402816,209.27928720599408,3.7635112649230367
6866.0,973.8900733232131,210.3600882569589,3.7430510501333565
6867.0,971.5289086781349,212.15799096099363,3.7873346350891532
6868.0,970.7212890007604,213.35552187925913,3.8618812199789803
6869.0,970.1577708400051,212.9241940745297,3.8938296961163656
6870.0,968.3208375653159,211.54444259849083,3.8978090793975206
6871.0,965.651198060574,210.3468404085203,3.861960259398926
6872.0,963.4258964211472,210.2482568136132,3.83598351834889
6873.0,962.5176122010665,211.17411395638072,3.834315196810563
6874.0,961.5003195426286,211.8993405952465,3.855330757740144
6875.0,959.9533215342199,212.19310726902015,3.820643565449155
6876.0,958.6750154150044,212.27561230938883,3.769552020976896
6877.0,958.5373803769486,212.1969433205308,3.6957477167212174
6878.0,959.5687332120515,211.28001428879844,3.6290919801090564
6879.0,961.259289707535,210.32054899715354,3.5675633623203025
6880.0,962.8406821993326,209.69329408412185,3.5838084897155027
6881.0,963.9130682880384,208.91431432621488,3.6725702176319115
6882.0,964.6877067766645,208.0825100632693,3.793448851566396
6883.0,965.9525781518439,207.00123473840472,3.8835160491100993
6884.0,967.9520999670209,206.82084627779585,3.8830366408025285
6885.0,970.3821600200171,208.1020593709598,3.9389208041385313
6886.0,973.6081914884267,210.32095361521542,4.07808750853335
6887.0,974.5465152590925,212.24195272638121,4.194707219930433
6888.0,971.482529226238,213.63594739573864,4.252167492712834
6889.0,966.9648287366547,214.5681305547338,4.34737678932496
6890.0,964.5201230039415,214.6774319314626,4.537331548261689
6891.0,963.5024335398208,213.855850796007,4.795796514601104
6892.0,962.6008650585491,213.29377654653763,4.980712302825902
6893.0,962.5666407921208,214.00053195019927,5.0987360610516115
6894.0,963.0248068142282,216.23419106168524,5.18926213122304
6895.0,963.1868077365262,218.53802713018678,5.202846540049509
6896.0,963.7511143331492,219.6244310618857,5.195138378968544
6897.0,966.5279019920952,219.596990222932,5.245472166148177
6898.0,970.6797218225317,218.98944434146898,5.3532030163270194
6899.0,974.9807316539742,218.4288571387061,5.45160236667689
6900.0,977.2645248714348,217.1235910764462,5.514051270846923
6901.0,978.7739117620644,215.3635533884702,5.541889778812298
6902.0,980.254040805,214.2566506963197,5.680807160222473
6903.0,983.4829949202925,213.73205329590346,5.874680112223125
6904.0,985.0963752000249,213.7188593306197,5.91909388739344
6905.0,983.9237877313379,214.78067353814265,5.905157194000527
6906.0,982.5831435309858,216.20070988042983,5.975040663251536
6907.0,983.1705264633869,217.6903219139099,6.006537886844166
6908.0,987.376816298924,219.18749853451612,5.947887622889723
6909.0,993.6550429793797,220.41924132943302,5.87012526994954
6910.0,999.3480078656548,221.0761333949749,5.715614939963152
6911.0,1003.0414272829055,220.37473191946688,5.415523611362617
6912.0,1005.1907521575589,218.91030578776449,5.040888329267752
6913.0,1006.8594528710137,217.24988612386878,4.8991761697043925
6914.0,1008.5070877435405,216.70929514281934,5.068639500277767
6915.0,1011.32316634187,217.36860785852784,5.399168683459876
6916.0,1013.6719350229895,218.42168537560022,5.698825582918117
6917.0,1013.7203557953642,219.12455759902096,5.931460297135103
6918.0,1011.9400753745712,220.31817749208767,6.028773725128578
6919.0,1011.0932375133408,222.74108798867874,6.024208265777587
6920.0,1012.5335553193032,225.97059106734392,6.033658417501398
6921.0,1014.0490682804792,228.99614417980405,6.0373385917461375
6922.0,1014.9325214467916,231.06539047354238,5.9538190652151135
6923.0,1015.846239385393,231.81003993109843,5.7893028215309394
6924.0,1017.8260631496371,231.75230215069593,5.6417592620158885
6925.0,1020.0458118741516,232.45169968536024,5.529163647937717
6926.0,1021.2779713536002,234.05066933017608,5.387057989733394
6927.0,1021.5297456639584,236.03462984975252,5.189802212376788
6928.0,1021.1999998840222,237.87508250833625,5.122398199570264
6929.0,1019.9259700187905,239.52731243169958,5.238088779027637
6930.0,1018.1686686243286,240.99301459860902,5.370980712816771
6931.0,1016.4304369430083,241.95509320248112,5.405116720448677
6932.0,1016.1421790656221,242.58154330286905,5.380680970877661
6933.0,1017.1054039302581,243.08949944878725,5.360062831242904
6934.0,1017.1549807882651,244.4011119448889,5.299859399663522
6935.0,1017.174311784802,245.91015293609348,5.235366602128522
6936.0,1017.3329820293087,247.10167734691757,5.339156798648402
6937.0,1018.2367738960958,247.93764278504014,5.573974788335822
6938.0,1019.688002408312,248.15331840088172,5.799115767594208
6939.0,1019.5469854620052,248.15430358715363,5.847637846265882
6940.0,1017.5111181442211,247.95191204796365,5.748647119612322
6941.0,1016.0412622242249,247.111498339389,5.49811742864999
6942.0,1017.4071171812902,246.143324053422,5.145845349421536
6943.0,1020.6284144286825,245.45921091764473,4.8826003649312755
6944.0,1024.177730591285,245.19973615289976,4.8410941218268215
6945.0,1026.6061738910453,244.80435768939844,4.8863953546205625
6946.0,1028.0814848560674,244.22558426502474,4.863903973801561
6947.0,1027.4401382115166,243.69767047519375,4.796139157279924
6948.0,1025.8041885619382,243.0605936747525,4.678257706218241
6949.0,1022.76200000702,241.92671317588253,4.4006070448985115
6950.0,1019.5565467071798,241.2711343217859,4.00331656719126
6951.0,1016.1743049451211,241.45588138766752,3.7004215894310404
6952.0,1014.4132991928628,241.42077014478798,3.540149947879105
6953.0,1015.0376179934113,240.64244125953692,3.4229927467342485
6954.0,1016.1971070409161,239.64295754051133,3.373047106907918
6955.0,1016.2769817429904,239.31767977563268,3.3684842580107475
6956.0,1015.0341057880802,239.1579036651825,3.397759645715664
6957.0,1012.8930615202042,238.42687034632613,3.400175868925296
6958.0,1009.2409584430668,237.05036775288804,3.4149268899763263
6959.0,1004.8209871149411,235.33139003367486,3.4646039060836222
6960.0,999.5120548447687,233.3131751245807,3.4695637436522504
6961.0,994.3892811058548,231.35975287576173,3.421102023785737
6962.0,989.1025673030013,230.00919757076898,3.456568083367344
6963.0,985.2684308081609,229.41399610349754,3.659014863138625
6964.0,982.5154833344131,229.80625473110777,3.85570720907643
6965.0,980.1695139387406,230.35141240561018,4.065497870211681
6966.0,977.8078079998292,230.78959802742796,4.285634922909799
6967.0,976.1701981565038,231.20171281518688,4.49500973267844
6968.0,974.9527614094302,231.343302084088,4.637380151827599
6969.0,973.492215148184,230.99878521422067,4.776751674911171
6970.0,971.7873148532815,230.40205648258026,4.8996946964451595
6971.0,970.3188953253476,230.55051705048902,4.895602521420724
6972.0,969.6699474730904,231.36074825290447,4.770431326627524
6973.0,969.3323017422657,232.77515951774973,4.5453125397233
6974.0,969.2107773206462,234.30558132317395,4.3087254004343025
6975.0,969.4517601220122,235.51123730387013,4.061274923165461
6976.0,969.512616428706,236.1566499022333,3.827564034595855
6977.0,970.2201413075803,235.58762578351872,3.6058985336225295
6978.0,972.2691610627394,235.049628055634,3.4346665143932085
6979.0,974.80400734143,235.66780647472004,3.437887723211473
6980.0,976.17698867897,237.54860157274254,3.6502320242086412
6981.0,976.630239924666,239.2845314118002,3.8341289407243764
6982.0,976.0592917156628,240.03824073237303,3.7230535276856958
6983.0,975.2064748110116,240.4583223598547,3.442926600546
6984.0,973.613118400241,241.06928389789218,3.230721568221056
6985.0,972.3145408848359,241.72933905282085,3.143027154650741
6986.0,972.6321644226443,241.4923667442086,3.135848911805809
6987.0,973.181031641903,239.97900316278245,3.0851721416989557
6988.0,972.2291784050287,238.25928567437904,2.9353908249211327
6989.0,970.7074001502475,237.63962885366027,2.7488007889026083
6990.0,968.2098377600777,238.57451205680334,2.649393161582836
6991.0,964.7026899001063,239.8278843557756,2.6276457657421606
6992.0,962.0823018972956,240.0999654512147,2.6589038106717027
6993.0,960.4613333254988,239.47903570214396,2.634862419824364
6994.0,960.0902748784781,238.42046203345646,2.4865507867008065
6995.0,959.7499139182423,237.79128577577035,2.2417220179258965
6996.0,959.3599100423501,237.70382668249155,2.049014089382573
6997.0,960.01134820569,238.27024017226182,1.917890149314392
6998.0,960.4899081462373,238.74132773781733,1.771632874729
6999.0,959.4979206908405,239.0678368931969,1.6023075635314943
7000.0,958.2039637158547,239.40880582616964,1.47801256281316
7001.0,957.0830141126187,239.88906037635277,1.447409258307233
7002.0,955.9846481915822,240.16103699712963,1.466139826191612
7003.0,955.0076898916817,239.7680883663851,1.4873396917032369
7004.0,953.3731841838674,239.41417647936908,1.4646330293056575
7005.0,951.7929614701181,239.21528249539605,1.431187930755929
7006.0,950.6152837701424,239.4811415597695,1.3891115610772926
7007.0,950.2362458274466,240.26847449514443,1.381606463864705
7008.0,951.0462191236684,241.64564989125628,1.446588318564
7009.0,952.9288671591613,243.0897389316397,1.54964753898256
7010.0,954.7866051353077,244.20746582429433,1.6382865171651486
7011.0,956.6587604048505,244.91096733776277,1.6576035401690208
7012.0,958.3207587601845,245.02175515478243,1.6397213286972816
7013.0,958.5199448791146,244.49672788307046,1.6484986880727874
7014.0,957.0798740342269,243.75597225319274,1.7276056149081742
7015.0,956.0180391495325,243.2518703177106,1.7966358621513314
7016.0,956.4223357178131,243.3296084049098,1.8542452457614276
7017.0,957.2751521610379,244.01853495504025,1.9598197681434966
7018.0,958.0322040793241,244.65918412771035,2.0958745807621444
7019.0,958.3025928025593,245.16289381728723,2.251172672755905
7020.0,958.9206100327858,246.24601458247105,2.3256764537845966
7021.0,959.4463163823372,246.95427901884094,2.360052509914138
7022.0,962.082007851877,247.33817388446744,2.374305750505498
7023.0,963.9553652531038,247.91032668474506,2.4211701076401217
7024.0,964.6547542535068,247.16411933283584,2.5374689304745104
7025.0,966.2590559029103,245.65964015026626,2.6911920523257957
7026.0,967.4596029313599,244.03176495012883,2.79441536071724
7027.0,967.3091313019115,243.06540583164715,2.795909347225344
7028.0,966.6675508839938,243.20636113660996,2.792648504926925
7029.0,966.8813208318428,243.1836586682959,2.886298280117028
7030.0,968.1789428602302,242.4739296061668,3.086179908417076
7031.0,969.0273734254042,242.17502108213907,3.228557368796942
7032.0,968.622811956175,242.88235137944315,3.287473686051072
7033.0,967.4678330706106,243.79821732860955,3.311874987205177
7034.0,966.7396435737589,243.97706365354978,3.4466904966801315
7035.0,966.6473460118278,243.35055678760912,3.583614260805323
7036.0,967.0967053958987,242.48137630165482,3.6684743374868685
7037.0,968.5213882031571,241.77187306787042,3.648755503243128
7038.0,970.947893377354,241.55076191660766,3.5939128023392395
7039.0,973.8306407190931,242.06932915593296,3.596427173769025
7040.0,976.4819135375781,243.80706526028757,3.6723572708942025
7041.0,978.1136216918254,246.0831844302608,3.69387796447296
7042.0,979.7719169423029,247.53456399265346,3.605970768914784
7043.0,982.4584511202295,247.65572658384315,3.5336805982109962
7044.0,985.8785224513506,247.40569319613095,3.4878759359756484
7045.0,987.8812717593896,247.34366892484286,3.515725650720385
7046.0,987.9033040892266,247.6794306575533,3.6354453630696724
7047.0,987.4418576548738,247.70559235043686,3.90414718025442
7048.0,987.1948315446068,246.79072845751836,4.230541380447439
7049.0,985.9538594255608,245.19964345248763,4.558136526029319
7050.0,982.8051585104965,243.74114948195339,4.778095156803993
7051.0,977.983444634711,242.05624985897532,4.840310820990009
7052.0,972.882825911151,240.90339882291778,4.784096596170528
7053.0,970.6483314287162,240.73518018595183,4.73134725806596
7054.0,971.0713259449416,241.19020255970025,4.761893709786375
7055.0,971.6079482981391,240.9290989741297,4.801513630006209
7056.0,970.1365390496429,239.82482085038555,4.80624225306221
7057.0,968.5577734399895,239.05917618852072,4.720803235806901
7058.0,967.2758827398833,239.20930840918678,4.67526469267488
7059.0,964.6821521175959,239.5547672831865,4.723315214962723
7060.0,960.2755047802276,239.3723030724844,4.820286773879523
7061.0,956.3983384684144,238.60410507486827,4.876360421957992
7062.0,954.3445037534037,236.83712361215035,4.823116812979393
7063.0,954.3814280225475,235.03324497705188,4.740454532277079
7064.0,955.4946565710674,233.8217987088479,4.755691410492848
7065.0,957.6675952370875,233.1907787641049,4.806116502733062
7066.0,961.7227737495149,232.76897072123003,4.797222966325577
7067.0,966.8348092941421,232.57218049573643,4.7973427740970385
7068.0,971.6281881146581,232.65136322214207,4.772750544759004
7069.0,974.944293415676,233.22518527290433,4.685499697094279
7070.0,976.6674953219969,234.41395608685227,4.6200096035189775
7071.0,978.278127843844,234.88808937581985,4.663987396967821
7072.0,979.5517227315928,234.4295171031575,4.669339925176803
7073.0,981.6673996047639,232.71645225998833,4.531779051461952
7074.0,983.7994744917221,230.33911528809878,4.288283503068753
7075.0,986.2669048712503,227.65909997393675,4.0141619929865175
7076.0,989.662152639086,225.88291004937832,3.7855120522277774
7077.0,993.380042599493,225.1587318854754,3.6472983024496135
7078.0,995.3232214765915,225.12412981551367,3.5516858003252225
7079.0,994.0341593115351,225.18664709188326,3.402521159029608
7080.0,989.9052366133508,224.67520589713095,3.2471456515021155
7081.0,985.4506566902169,223.98258226207054,3.05866702007643
7082.0,983.0007359650906,224.093047106196,2.865633322825785
7083.0,982.2375960489,225.40469401124437,2.7063400924718928
7084.0,981.639304785232,226.55311417124045,2.53195884319326
7085.0,980.623578287329,226.43308930046618,2.2995434764996845
7086.0,979.9651469421127,225.64027595671112,2.0796040999305627
7087.0,979.5943057169236,225.19599516375803,1.8752021869272486
7088.0,980.5730379266603,225.65396179516804,1.666484076677113
7089.0,981.5018637170004,227.30419291314442,1.5295854143135277
7090.0,979.5778446680813,229.8194077881099,1.4787980808528964
7091.0,975.8822391315199,232.19804224098496,1.4112516226316543
7092.0,972.0199604211606,233.6165024142482,1.2800226503743395
7093.0,968.3224121293687,233.53564727832833,1.1228496877018403
7094.0,964.7695786658219,233.2348413708679,0.9983470036643856
7095.0,962.4171315357803,232.91297873611478,0.9205019528640848
7096.0,960.4218117533022,232.36030151883483,0.8255432748985743
7097.0,959.968333531058,232.1152195722905,0.709375309278524
7098.0,960.5874764399747,232.7528519197296,0.6118915639356003
7099.0,961.7580802230456,233.84834962993875,0.5465830909462563
7100.0,961.8456359284048,234.8367259772202,0.48999321002352236
7101.0,960.2281198967868,235.70314566839534,0.42394199228455837
7102.0,958.1971901832177,236.38421366847223,0.38362442440060834
7103.0,956.6655105582976,237.5438649925048,0.3950793137962225
7104.0,956.4188744742312,238.9276799748416,0.4399088929594383
7105.0,957.2193232290017,240.07690982731037,0.45906343278084
7106.0,958.3844768724533,240.3652721335983,0.4479546056806922
7107.0,958.4729698872218,240.03005452229922,0.43570800909451246
7108.0,959.1716435459534,239.0991242884208,0.4423865964598201
7109.0,961.0840279567296,237.59584480950537,0.4629137738346288
7110.0,963.6815638461967,236.06626173012606,0.4647893755264368
7111.0,965.996144410572,235.74403977724717,0.41979787726597206
7112.0,968.3330183763919,236.66846149930794,0.36660217955731245
7113.0,970.713548520063,237.92262813019497,0.3478400237585295
7114.0,973.2348221407854,238.416619125251,0.37209144784914006
7115.0,975.7186698634174,237.53563881833276,0.40840407422499997
7116.0,976.9073479381717,236.55147915936442,0.41680912152915356
7117.0,976.4226887544373,236.06134851251588,0.39583471796676084
7118.0,976.4824578901926,235.49755528815615,0.3651236578764369
7119.0,978.0863540021832,234.74217516263766,0.33402956617746815
7120.0,979.8811164777711,234.3143146851628,0.3042077003370728
7121.0,978.3914774345748,233.91659866750345,0.2958589528554723
7122.0,973.8736833644925,232.3850814954039,0.32898184514497203
7123.0,968.9687729613006,230.47459443777723,0.37121018879344414
7124.0,965.1765682146435,228.4309504758192,0.3584847617718408
7125.0,962.4653174477123,226.30314733660273,0.28845543125542095
7126.0,960.4009489455515,224.497701151282,0.2066275118777401
7127.0,958.7907002941001,223.2980215208409,0.14920976621823998
7128.0,956.966761017754,222.75419817228484,0.11697486217217436
7129.0,954.3128071099784,222.52749720181,0.1049056325161321
7130.0,950.6704110407812,221.93892613327444,0.12369321356421159
7131.0,945.8032300098658,221.0022772700037,0.15894754443870757
7132.0,941.2624693368011,219.73545376723507,0.19168672892538482
7133.0,939.1957735635655,218.685653824576,0.20771325808249
7134.0,938.7133953159744,217.99160331908845,0.20390767087627687
7135.0,938.790670703419,217.48709627456742,0.1800423027057664
7136.0,939.1453408486803,216.50275535386274,0.1615092544509796
7137.0,939.1177074112534,214.76519273459553,0.16135598886778807
7138.0,938.3967548519448,213.01887961655902,0.17161431371441638
7139.0,937.6413761119696,212.26559810277374,0.19143506483438483
7140.0,938.3925017346357,212.0597267750968,0.21136497769558085
7141.0,941.2974037510247,211.55463293606175,0.20517776230887041
7142.0,945.6788597345504,210.97842252427367,0.17313485762135286
7143.0,951.1959072147595,210.49306614048987,0.11721466968103841
7144.0,956.1647796474766,210.24055915598277,0.0754346439375424
7145.0,958.2290100837679,209.6315114193804,0.06655856663088087
7146.0,957.8738869386751,208.85459058539342,0.0757193654191104
7147.0,957.3470367141118,208.0047105537659,0.08363882636628842
7148.0,959.4818585856872,207.223566897023,0.0817462092594436
7149.0,962.8075552040779,206.54880827650823,0.07878057192871288
7150.0,964.7362358705758,206.2270667250586,0.07440127439004092
7151.0,964.6974402029421,206.26252344164843,0.0673341518880625
7152.0,964.6454962412786,206.5526906944304,0.05693953303440361
7153.0,965.5562211192722,207.16829594403185,0.05456190083631207
7154.0,964.9432992655616,207.29450475653144,0.0577684782185476
7155.0,962.5227517212898,207.20878840878183,0.0672773826397456
7156.0,959.6715619490683,207.18963462310222,0.0725009529852001
7157.0,959.3352626999376,207.39137043437844,0.06279725761031611
7158.0,960.4869242607833,207.9416670825537,0.05066829925443998
7159.0,963.4050779866509,209.06662196361222,0.04817056614664359
7160.0,968.6387985111618,210.28190062995597,0.06313807027441001
7161.0,974.9631634783442,211.60212126646502,0.0885205424769604
7162.0,979.594356420448,212.3864627134674,0.1014766636581604
7163.0,980.9759189503318,212.0178990066567,0.0945663485696164
7164.0,981.4843897706994,210.7849844668334,0.09331518945762245
7165.0,983.0779093663657,208.85901864109755,0.10199165271214236
7166.0,985.9997013036515,207.30050692386018,0.1204704684828736
7167.0,988.2464307574076,206.40640047277554,0.13333064463519606
7168.0,989.0860366225079,205.5525812147355,0.12489233041318808
7169.0,987.9596756360916,203.60535355284966,0.10194952053162248
7170.0,985.1647908692647,201.00510451560362,0.08022981472174236
7171.0,983.1469290450342,198.92455389867575,0.0752726304196164
7172.0,984.1398562050716,197.7217986471147,0.0756835698358609
7173.0,987.7260749152986,197.1994521845146,0.07885133008694412
7174.0,991.4775782323954,197.2013207202151,0.08816754367203995
7175.0,992.457724390473,196.8458495345134,0.08611628307717757
7176.0,990.6772585531734,195.17550730531983,0.060858862142892114
7177.0,987.4641521876447,192.85592031581592,0.03279167581747839
7178.0,983.2367812299564,190.51990955285126,0.016512751153802494
7179.0,978.9185724891829,189.05774747986672,0.006814654392846395
7180.0,976.0654745068895,188.43693324899488,0.0014232405127396
7181.0,975.7815012120022,188.15220436565056,1.0475320633599638e-05
7182.0,977.8705533488072,187.6364190145669,2.2812468537599877e-05
7183.0,981.3247348053076,187.37548561339423,6.379967700089995e-05
7184.0,984.4697173161331,187.4875708029176,0.0019710287899129013
7185.0,986.0739589167008,187.92398064861274,0.010014713408131603
7186.0,986.2185011133736,188.47810484294513,0.0185457522921841
7187.0,983.8530877770562,189.0782385775273,0.0190346033594025
7188.0,980.2090120792816,189.69420293787744,0.01389108331699359
7189.0,976.5188036138107,189.93125766676278,0.005810291786572902
7190.0,973.730560446988,189.8817986105746,0.001706645815864897
7191.0,970.4476298458312,189.46459691724232,0.0002281709944088975
7192.0,967.3338379436829,189.24569105400158,2.1194974440003496e-07
7193.0,964.46764903405,189.1823081494746,9.262811292249901e-05
7194.0,962.3662863790437,189.3471380017177,0.0003368876702500019
7195.0,960.8380938199324,189.80746077285013,0.00037684399150090056
7196.0,958.2500331640979,190.3751606999153,0.0006061788684900025
7197.0,954.909098871212,191.1981597301827,0.0005128943090088972
7198.0,952.6249084870725,191.9418000062723,0.0007579565116201073
7199.0,952.0581023063281,192.83922486072845,0.0008298311501040984
7200.0,951.4323556548924,193.2841900306254,0.0010033442688720977
7201.0,950.4091013029536,193.2089052375508,0.0009799141208164067
7202.0,949.4238062365622,192.4158777837374,0.0012193994160100002
7203.0,948.398438659731,191.34289793227848,0.0013075513856063948
7204.0,947.9369398240422,190.5082631241247,0.001172677561584405
7205.0,947.2399836345128,189.806806087388,0.0011486039479235981
7206.0,946.7233961534122,188.79280996914437,0.0016969958930521016
7207.0,947.1194409284525,188.6648453666581,0.003786857752502513
7208.0,947.4206818754042,190.00317276796355,0.005736897524136113
7209.0,946.4100300652531,192.39693767854615,0.007365800171577599
7210.0,944.2392434282712,195.00355157572315,0.007134321021308119
7211.0,941.272453862847,197.1178072526439,0.00568232229819239
7212.0,938.096699080947,198.8386948173266,0.0039294794325136035
7213.0,934.8279270639466,199.97560686856184,0.002187948335760102
7214.0,931.6730870201231,200.74136416420495,0.0012083292066609056
7215.0,929.3724006098705,200.95677702489553,0.002262400686090012
7216.0,929.0232213642673,200.61445022831015,0.007620025948417594
7217.0,931.0922937471967,199.81508388742137,0.015432389766208886
7218.0,935.0626920320831,199.3404295743368,0.029088520239744915
7219.0,940.1553679065997,199.19774626872163,0.05564842784265612
7220.0,945.0925059224361,199.5259126526125,0.09339659805744488
7221.0,950.1524616391938,200.38612835895492,0.11757730334652089
7222.0,952.3942242176605,201.59160362429765,0.10759858993461768
7223.0,951.7188948724142,203.0368884276257,0.07979727240249207
7224.0,949.2735508642021,204.06421771847258,0.04944732284565161
7225.0,946.171244994671,204.18537138384428,0.029758865157456398
7226.0,943.1580158607505,202.9857872414871,0.01778309461969289
7227.0,940.5844198836423,201.16100554838852,0.015147298089409586
7228.0,938.0387903137224,199.66625219131464,0.019886084785080936
7229.0,935.5093657850036,199.39133278110816,0.03693108841563691
7230.0,933.2888668067869,199.71360715076196,0.06262722467866241
7231.0,931.9134846618348,200.00514907919418,0.07479444451363289
7232.0,933.0035677504703,199.81239191352122,0.062179192729153586
7233.0,935.0479035738092,199.30799521661066,0.039276085305802476
7234.0,937.0704574086996,198.59315181301807,0.02360206321393689
7235.0,938.3523261196227,197.69650982156364,0.0189092421183744
7236.0,938.266913522352,197.1684070838889,0.026412184833427645
7237.0,936.5621667511305,196.64278790817394,0.03872232510841208
7238.0,934.3374614964204,196.27943424536454,0.042700808710227606
7239.0,932.7527536875814,195.84705744764688,0.031519926083790374
7240.0,930.6825439289507,195.27500854704556,0.017528536645344386
7241.0,928.68014893321,194.27503830468527,0.008963825219150416
7242.0,926.830123542304,193.60000209431433,0.0061257655532529
7243.0,925.7387741731712,193.24090065741,0.004258688789476898
7244.0,926.9142942704905,192.3868474151868,0.004556163600409601
7245.0,930.3859886095111,190.02973274728743,0.00816466032942009
7246.0,934.4107966783503,187.31765363003174,0.013518645463484118
7247.0,937.2579830835898,185.74009128244512,0.011854218549326416
7248.0,938.0053430202169,185.4077800464015,0.002564977812272112
7249.0,937.8591078522825,185.67182074795255,7.161441400090135e-05
7250.0,937.9698719239186,185.45744066744496,0.001315481707984898
7251.0,938.2558863433187,184.67180622118823,0.0012421310774544004
7252.0,938.9623141315144,183.0666318940677,0.0017762667718084018
7253.0,940.0511152504192,180.62456843289596,0.006332007152688104
7254.0,941.4419730814753,177.70180100815918,0.011728835850062506
7255.0,942.1315790405943,175.95270568243254,0.010561765393202492
7256.0,942.6017912247663,176.05004555021134,0.004903835350212103
7257.0,943.6249772625938,177.12040810470552,0.0016807031731043954
7258.0,944.7595481848691,177.77354144745976,0.0003579739680399978
7259.0,945.316147048036,177.3848638279346,7.363562045439806e-05
7260.0,945.4400482396784,176.6637444337634,0.0008350516355075956
7261.0,946.5776631605754,176.36902203513597,0.005358682137120401
7262.0,948.4160540983142,175.7438794330907,0.014701807426020085
7263.0,949.9268430772954,174.63992389808598,0.021155024708428876
7264.0,952.5203451027165,174.1479186728648,0.014304090632084106
7265.0,956.1042831160961,174.85598553866882,0.002814872285836893
7266.0,959.1375961232452,176.1200336833586,0.00035185993788490125
7267.0,960.6014396128126,176.8446775674797,0.006147111948390392
7268.0,960.9531707305083,177.07456566850055,0.011878902932544412
7269.0,961.5066786878557,176.8343013252548,0.013464959010732084
7270.0,961.7512283943261,176.17359668173765,0.00583242119468411
7271.0,960.3234573132131,175.2205553744852,2.0079173400998322e-06
7272.0,957.7060332849106,174.55194276534314,0.003318603317582402
7273.0,955.273122926899,174.46265476513344,0.0041670562415076
7274.0,954.4907567654158,174.075039854125,0.0010055824472463915
7275.0,954.0085999822384,173.12201487499422,0.00029213475480249887
7276.0,953.6066420805362,171.89389606597658,0.002764151655039993
7277.0,953.6697913231112,170.85301446527873,0.012857106141072395
7278.0,953.9056371407457,169.5458560971844,0.03261054132753209
7279.0,952.5745226574645,168.5551725750848,0.056915019848316116
7280.0,949.4215125389593,167.92167079895592,0.08536331474340009
7281.0,946.0075823534589,167.37058107227304,0.1126387774013401
7282.0,943.1868935201962,167.50295301592035,0.1266188745934116
7283.0,941.2184968183544,168.7648998603466,0.11554134384251291
7284.0,939.8911258202901,170.1557027047129,0.09174596258432158
7285.0,939.0336426274928,170.4044634233047,0.07739579083698009
7286.0,938.271834115594,169.6404257967957,0.0674377950188944
7287.0,937.9934720818432,168.90153934515627,0.06090435643008638
7288.0,938.1767841616269,168.5223238541082,0.06570854478076836
7289.0,938.8318300643947,168.25075826480096,0.08486043243025956
7290.0,938.9916858026075,167.8110266382454,0.10409898296118757
7291.0,938.7459703773916,166.89403335150695,0.11781199513575037
7292.0,939.4009746283065,165.59172268853766,0.11495885585698887
7293.0,940.6526908158194,164.1024904588153,0.09509303135169639
7294.0,940.8888460963539,162.30523699340068,0.07042518035340492
7295.0,940.9734730266343,160.34381300628903,0.052512884817609996
7296.0,940.2653328578391,158.44638353362654,0.048757122343022465
7297.0,938.7376176022495,156.9197073288681,0.05115543369994887
7298.0,936.2399104786606,155.30441944137155,0.04733753602104809
7299.0,932.898663529083,153.48955152366358,0.03239173852670249
7300.0,930.0168774870727,151.76186645770557,0.019847878806250007
7301.0,926.7951444575509,150.02789452029748,0.016271306134540905
7302.0,923.2420671861679,148.17807334906104,0.023071240420839977
7303.0,918.738932772641,146.58516912902462,0.04420269511669688
7304.0,914.8266275169672,146.1023752689704,0.0741837554523025
7305.0,912.9544295995335,146.6113509856418,0.1018042290900625
7306.0,912.759263548598,146.90451043556408,0.12553761693389437
7307.0,912.4676615855858,146.68321587332562,0.1394307637904041
7308.0,909.9722305298862,146.36694918716123,0.1387405681931025
7309.0,905.2690341747513,145.40214549827343,0.15157604241418238
7310.0,900.0017196008215,143.7269852873886,0.1868840335567396
7311.0,895.8543396547273,141.2836831427297,0.24036997765066806
7312.0,890.1900878581413,138.9719144559069,0.2743233120029689
7313.0,883.3629726619315,137.85792467901726,0.23660349220290247
7314.0,876.8301086879213,137.56730374992102,0.2019751095772881
7315.0,873.6602640653646,137.46525044673544,0.19228956424955554
7316.0,873.6951868895595,137.23308553868674,0.21053952323913955
7317.0,874.9302812465296,136.8598512281807,0.24266623771572246
7318.0,875.5942317157751,136.71277876192752,0.2788392315352899
7319.0,875.4664163256176,136.9501808828694,0.3102908543915049
7320.0,874.6035518819134,137.26007883127772,0.3027950479097855
7321.0,936.8508430205311,115.34694550532842,6.414413023361724
7322.0,937.1454628557551,116.56180944430987,6.685963691301302
7323.0,937.4770322067907,117.5558260019406,6.926391452238745
7324.0,936.3877635857984,117.80110248720383,7.104570393600001
7325.0,933.5416986062496,117.50120181955621,7.23019450338441
7326.0,931.5217860118777,117.13381393243048,7.367183787842036
7327.0,931.9088414716676,117.1792779408713,7.573880973650881
7328.0,934.2588052603173,117.43605998432062,7.882224700899999
7329.0,936.8506795737153,117.6770431059831,8.067135149840468
7330.0,938.508797514772,117.4554226618361,8.092348300742197
7331.0,939.1633402501533,116.81023291529573,8.06779558299771
7332.0,939.459161435676,115.82795710967684,8.107290235924337
7333.0,940.4341063306338,114.39997677522454,8.07864814330184
7334.0,942.1545089468698,112.81475761332686,7.858582165713037
7335.0,944.6607567062626,111.59593609501094,7.621830342354388
7336.0,946.8500647534364,110.66567972633291,7.486757386740482
7337.0,948.7528416194544,109.54866387855604,7.342433119393154
7338.0,951.3737276680093,108.89394062755339,7.221668466275089
7339.0,954.0876056977694,109.04733503735824,7.1768764031837184
7340.0,954.6530894490796,110.05407123523611,7.097465414781197
7341.0,953.4087310554355,111.14703466574434,6.938641752504227
7342.0,952.3733864448576,111.79494864183405,6.737666225188218
7343.0,953.5818186256287,112.4301628098119,6.568356559795472
7344.0,955.9401117439077,113.25133137145036,6.474580656359274
7345.0,957.3630363850601,113.99626898892643,6.551766246692912
7346.0,956.3000857433683,114.23679625008224,6.884449706675779
7347.0,953.3815178346904,114.43583701537844,7.3238500073767865
7348.0,950.357052678426,115.00960455285961,7.715557569565562
7349.0,949.5712890437377,115.87510569031878,7.983956248557413
7350.0,951.5566138221612,116.61992690369141,8.12705716202437
7351.0,954.9846405709764,117.21804979617765,8.19612707070865
7352.0,958.891520995897,117.27900115566727,8.26171483004961
7353.0,961.6963098252756,116.9562123037332,8.375226160402889
7354.0,962.7752560015382,116.27743286429,8.569611743717607
7355.0,961.7798236369126,115.58366986943713,8.700143581536338
7356.0,960.1897037784911,115.41367162842326,8.712913958636703
7357.0,958.0640292880204,115.34728832541052,8.590367136734494
7358.0,956.754107911137,114.78641104379453,8.458140894082653
7359.0,956.6839387469225,113.72923326800279,8.359276486124994
7360.0,958.3329427590434,112.9000720976336,8.129682561146433
7361.0,960.6157084859891,112.65478129364475,7.7144861964630325
7362.0,962.7576907799017,112.6780562215632,7.283046674840962
7363.0,963.494014177588,112.08622121330866,7.1029396643774465
7364.0,962.6141398072364,111.19354159198112,7.2096890291666895
7365.0,961.289657303286,110.39112082004603,7.318210324900428
7366.0,961.3336863012958,109.77795826305524,7.26694459767441
7367.0,962.1823146858017,109.39906886042496,7.049649894648582
7368.0,961.4945080191894,109.55287168129557,6.679957216840141
7369.0,959.5093235227563,109.99589685259683,6.1092540266578705
7370.0,958.841581581866,110.30314228231688,5.5167793262575495
7371.0,961.2249814061576,110.2711326825793,5.04343559709468
7372.0,964.3085681251193,109.86298913872317,4.808966194877669
7373.0,965.7520369723453,109.4207033181468,4.757769940475064
7374.0,965.0970817018964,108.8520054925506,4.7312611653861385
7375.0,963.8786201426207,108.86088454947263,4.732671200219715
7376.0,963.0896400576262,109.57811328589224,4.7218752401330155
7377.0,962.3103799106937,110.68935490594873,4.62861089930325
7378.0,962.0220781151207,111.2363980313182,4.459164632734495
7379.0,963.2883819632295,111.15688739296506,4.24529513724996
7380.0,965.7608223333607,110.93146998220892,4.040520583345344
7381.0,968.1609643650593,111.3693309860656,3.83758775216644
7382.0,969.1921367240088,112.43872917429474,3.6493323596578557
7383.0,969.7513011855159,113.46338115205995,3.494933896634093
7384.0,970.5873703250413,114.21611366994108,3.4237953445420035
7385.0,970.8300147969346,114.50344194852218,3.401142318354704
7386.0,970.23563331624,114.79654077635384,3.369958713722773
7387.0,969.8858784603239,114.97822667083479,3.2496215805316617
7388.0,970.9601355712009,115.0222704589578,3.029082522241922
7389.0,972.2170753849706,114.87299713821567,2.787734061084774
7390.0,972.0247486267549,114.34395030497323,2.5476288700088356
7391.0,969.9218601599349,113.18175534275544,2.3491387587152013
7392.0,965.6506107445094,111.86183484821827,2.2316267225235205
7393.0,960.5225303620365,111.42908723128534,2.2523577773559187
7394.0,956.1604400709574,112.16275555616713,2.389386436441841
7395.0,953.3221307923349,113.62100266481407,2.5985972285125807
7396.0,952.1781936095324,115.31358291395908,2.7708118615323363
7397.0,952.6499503542813,117.1298852753203,2.892621178070977
7398.0,954.4249506678534,118.82635012646998,2.9694864101832485
7399.0,956.6792200249877,120.29684127318939,3.044314965995971
7400.0,958.4973114146678,120.98600928444512,3.1440245375672675
7401.0,959.8738558303808,120.75078507479576,3.2587146186886407
7402.0,960.8444420955827,119.95514527443716,3.3513746535895197
7403.0,961.4480164639485,119.35227498150702,3.3855828512217157
7404.0,960.5852982288751,119.26872196132486,3.4420121533879233
7405.0,957.5063252615206,119.77428942491616,3.457178852548922
7406.0,954.205974602836,120.82010977027319,3.5091849270050597
7407.0,952.3771835303959,122.04086557585975,3.5437859943289447
7408.0,952.6312184609001,122.88755754570258,3.6317748167065607
7409.0,954.7050776065927,122.69081479211819,3.7626810393026595
7410.0,957.5533675363989,121.97228484922817,3.89224839203524
7411.0,959.9314674096718,121.7963618200932,3.9077244024122493
7412.0,963.1956298371907,122.75148588658283,3.8632045195431766
7413.0,968.5224015056652,123.871892441007,3.9069898593544896
7414.0,974.6225375274664,124.54294460375385,4.037320326682896
7415.0,979.2155594699746,125.2577627159961,4.186324244469793
7416.0,980.0148533168909,126.24401623681406,4.257678697249349
7417.0,978.4514231585347,127.12919288603356,4.292218295112302
7418.0,975.9779668710065,127.72505229322874,4.313541149737956
7419.0,972.7510986306473,128.2236610467677,4.258396919527489
7420.0,969.4737821315113,128.61220206900936,4.13655721206784
7421.0,967.2558960584521,128.81194040340174,4.019992559165449
7422.0,967.8963712159856,129.18057425505054,4.023380024615521
7423.0,970.8544865584194,130.02297324671073,4.10425249588443
7424.0,974.8705353730971,130.97769288665293,4.166488295429018
7425.0,978.7357621369733,131.5593664654689,4.173670770582703
7426.0,982.5321157433672,131.1864975970428,4.2128745569305925
7427.0,986.7310671657926,130.0295860203236,4.313321748111517
7428.0,990.949959315788,128.22240798150355,4.4282250346644325
7429.0,994.3535503210512,126.39872241820345,4.438183710248079
7430.0,996.2404934859276,124.64918097057286,4.420693626785594
7431.0,996.5642668513577,122.75847393913497,4.450828351617849
7432.0,995.3560753473132,120.92758419805406,4.510478357296141
7433.0,994.1388486592581,119.69092794296468,4.49274697602201
7434.0,994.7295576242224,119.23363922940649,4.400720156973423
7435.0,996.0939007110364,119.15380240542758,4.247927102499999
7436.0,997.8836887449248,119.26115665250292,4.092033218176052
7437.0,999.3287445861909,119.43357645491767,3.9979473034152972
7438.0,999.1823578217468,119.71460531140396,3.9504742563999997
7439.0,997.3523725457326,119.28340813012359,3.945027462854862
7440.0,995.9825245819885,118.00985902216712,3.9687539791113124
7441.0,995.1792199214684,116.86096584785197,3.9759115354940633
7442.0,995.7642100646459,116.2579188921419,4.0658219376879545
7443.0,997.7283550538206,115.55912430965213,4.338205594612401
7444.0,998.8154226996205,114.78333597745018,4.6257821273979225
7445.0,998.835814363187,114.22811164263724,4.7299262418052095
7446.0,999.1348917764801,113.48119207279642,4.65449514369841
7447.0,1000.4536408474543,112.61937972807105,4.509449100598322
7448.0,1002.1429345980689,111.13814276825096,4.361208813258548
7449.0,1003.9334355251466,109.64647991148667,4.16061265776884
7450.0,1005.3174299141593,108.86219293210571,3.9313512158980606
7451.0,1005.186874671184,109.06510129301188,3.7255720563108095
7452.0,1002.6572722094479,110.1366031333935,3.4923050878164204
7453.0,998.6719290723703,111.25487859686154,3.2168095498552893
7454.0,997.0485092480177,111.88043054568823,2.86050177868324
7455.0,997.8049666103618,112.27394151673681,2.437841833199461
7456.0,997.8491992166261,112.85701510196469,2.062223030516293
7457.0,996.857112477623,113.33337020090349,1.7737377201245024
7458.0,996.6198993671699,113.15240020295688,1.5424059471287765
7459.0,995.525488853796,112.23987434018356,1.3054900390189847
7460.0,991.7701504875251,111.41645163803668,1.0888724235902498
7461.0,986.4940977630428,110.72852200274114,0.9495320078508488
7462.0,982.4866040494134,109.98581591119829,0.8949424692757201
7463.0,979.9914753673294,109.4528127238302,0.8614784795698225
7464.0,977.3517800391085,109.46184807667468,0.8149627262381796
7465.0,973.7817823153384,110.05622833653044,0.7734492232105444
7466.0,969.7445031542122,110.76593147656943,0.7699347003121928
7467.0,965.970081118707,111.00805080032308,0.7503401201730625
7468.0,962.6380926669719,111.00657238869921,0.6346958038168804
7469.0,960.0436636023152,110.75598264230622,0.47233190191296476
7470.0,958.4500465834113,109.99986844371848,0.3491631881761024
7471.0,958.8013706372917,108.94637727045588,0.31311312352061443
7472.0,959.7960260914023,107.7722218566144,0.3539142434638863
7473.0,960.1934414253778,106.52010572782082,0.42809473672446013
7474.0,959.4963105713325,105.51782227042543,0.4805676110664256
7475.0,957.4807561174139,104.9913518344377,0.4878131534078885
7476.0,954.1459836406175,104.42089938162407,0.47086787361549687
7477.0,950.1833289709235,103.66182534245853,0.45448346740213197
7478.0,946.7077416321578,103.16331539020993,0.4600532315546176
7479.0,943.589575775854,102.90909137664393,0.4714558955721317
7480.0,941.6400601999009,102.0612225185067,0.49155906016805284
7481.0,940.9738466517148,100.96795828972343,0.5422760201408449
7482.0,941.3530615830065,100.67511000372964,0.6110259205413608
7483.0,940.098653347298,101.34217158984801,0.6654396113568323
7484.0,938.159095609637,102.32925324979175,0.698328788811276
7485.0,936.4203766092412,103.06423270245024,0.7428754713170177
7486.0,935.1759226211874,103.845688399942,0.8135842643596836
7487.0,934.3018660293255,104.6273719781549,0.8836739231460624
7488.0,934.0936553624786,105.23003759262586,0.9382982434713615
7489.0,935.3404971622349,105.21898101269895,0.9976674817489635
7490.0,936.6683430241342,104.61937774727885,1.120946628730429
7491.0,936.9583573847915,104.33187178421865,1.2807476739835129
7492.0,936.4311977613602,104.9150216959076,1.4074164758122223
7493.0,935.6991566400001,106.12856093533574,1.4914103578095965
7494.0,933.8036361331206,107.64483272611973,1.517257258993801
7495.0,931.8795478180189,108.85402850261954,1.56195354778596
7496.0,930.5824864136991,109.33536365031281,1.6174469552916542
7497.0,930.5834979746996,109.13226827671602,1.7366523198231025
7498.0,932.8221594038498,108.87778165356578,1.843530438784224
7499.0,935.2207513276824,108.97192367063849,1.8481725747095121
7500.0,936.8851892058912,109.35629639306008,1.8475839688591318
7501.0,937.9376410892097,110.58054462382484,1.9017411718791424
7502.0,938.9935084474209,112.62770390115718,1.9473364650812006
7503.0,940.8774808329903,114.4217324096093,1.8846576511071553
7504.0,942.8851012789297,115.45157652545062,1.782047529518261
7505.0,943.9049852984683,116.02522517580034,1.71893679737329
7506.0,944.7904501286608,116.34891857331301,1.7049584883735482
7507.0,945.025448194088,117.11594394458423,1.6388653130330622
7508.0,945.0692150415213,118.39012973851212,1.515470487117581
7509.0,945.2142846245857,119.75115046322811,1.405204952607828
7510.0,945.2347020493371,120.72938295849465,1.3628720480736323
7511.0,945.6416650719094,121.2672282605712,1.4451717392367618
7512.0,947.167006607119,121.97350080836672,1.5993434670383102
7513.0,949.7483880663026,122.4221241724121,1.7605363360521613
7514.0,950.9918673306252,121.87214155310943,1.840962900403974
7515.0,949.1482446482303,120.2042852849368,1.8472715157010686
7516.0,945.2721174525673,118.41664362734096,1.833670250591256
7517.0,940.8421100647583,117.21645610716092,1.8606541455205208
7518.0,937.6746981044322,116.32086798883257,1.9947563347920652
7519.0,936.1964360674855,115.75010144020283,2.280409802122656
7520.0,934.3388785800234,115.3436517949861,2.6352283725838226
7521.0,932.472810223972,114.74938399233092,2.909822657077253
7522.0,931.4316454967105,113.7490312915184,3.0121663615059844
7523.0,931.0827405096414,112.99799531785432,3.0124053527729333
7524.0,931.0640857789778,113.00820783908567,2.9945814500988104
7525.0,932.0113099957616,113.42199923755273,2.97236395345134
7526.0,933.2969417412754,113.62230672918966,2.91436863396484
7527.0,933.9632221535328,113.02782095824665,2.8802335371650063
7528.0,933.0399558804435,112.0343645051711,3.0164808398436103
7529.0,931.1355005757177,111.37106466706598,3.3272826214644025
7530.0,928.942145427267,110.72131255487703,3.65921204290489
7531.0,925.8004741710092,110.00664783474915,3.878358210121752
7532.0,921.5890598096047,109.32596965348164,4.027171988742249
7533.0,918.8951898959846,108.57558703312178,4.013538917044698
7534.0,919.911314269584,107.8593239427406,3.8333096008252814
7535.0,923.0713016218322,107.62671319703,3.6146812926415106
7536.0,926.8649315803921,107.23378352054013,3.4103868728939584
7537.0,928.7298366497749,105.79507790860795,3.233864799127301
7538.0,928.1145390676655,103.671067042563,3.214428591105217
7539.0,925.0865651197736,101.8358566564151,3.322966050610203
7540.0,922.404514577525,100.61478280131936,3.441071486457001
7541.0,920.0060538012265,98.98796875725046,3.5582299659209515
7542.0,916.7769351328668,96.90914780693134,3.749827874574673
7543.0,914.4887142006589,95.29115139222654,3.8888492340335707
7544.0,914.2298035673041,94.15045060040256,3.940682198461825
7545.0,914.4046825799725,93.46529976573679,4.014540069390159
7546.0,914.687007163463,92.5957758119126,4.11126707421844
7547.0,916.1542024609837,91.57778292927242,4.155348851630598
7548.0,917.1739366263793,90.808036480317,4.125270408341868
7549.0,916.545133484593,90.60006039556096,4.061295640069922
7550.0,914.037191370304,90.3410089920308,4.049471103228253
7551.0,911.3169210218023,90.12159164760533,4.1121574529840705
7552.0,908.7583370553003,89.63046797810159,4.302117429150436
7553.0,907.0279806328011,89.02089670114817,4.673952739897369
7554.0,907.092488576688,88.43433522355303,5.081384007391652
7555.0,908.27467819317,87.80984944265334,5.354353773219477
7556.0,909.484189478752,87.30939487485612,5.4868987562655205
7557.0,910.2686469952989,86.81590631997882,5.609610634889955
7558.0,911.8811935695339,86.49448582016296,5.6861012603653736
7559.0,914.0231753829823,86.4724118042539,5.710187060784054
7560.0,915.2024963041332,86.4143089873421,5.724985869690832
7561.0,914.8420337358496,86.3508547253579,5.789757101557788
7562.0,913.772751749201,86.39805284415696,5.936616796851022
7563.0,912.7089583970736,86.44287439305464,6.060076337676173
7564.0,910.7480506637226,86.76772939004486,6.006462548753101
7565.0,907.7389535554199,86.87128349191897,5.831907190329641
7566.0,906.7076499782266,87.03187451556498,5.842544798843636
7567.0,908.3310309465305,87.17460682859242,6.197925872828291
7568.0,910.8985050569755,87.34858611476687,6.472445471466016
7569.0,914.372533229611,87.715812011584,6.602052644138162
7570.0,917.0867624603521,88.2408989213713,6.603484879606611
7571.0,918.098087087809,88.66078707924392,6.5426223544963
7572.0,919.0442518147141,88.84266848468043,6.536700265684178
7573.0,919.837035075209,88.8270523954216,6.580602528397621
7574.0,919.9045045816507,88.35912429816968,6.763408145457409
7575.0,919.3425792902123,87.33776522337782,6.983737233778822
7576.0,918.513360398975,85.92839168733165,7.1185674824634955
7577.0,918.4852217908758,84.71533476367794,6.89889565277851
7578.0,919.7227869430035,83.58196049418169,6.4634413204340095
7579.0,922.0801364851789,82.75976797591858,6.077987306963354
7580.0,924.4710114740999,81.91781313469906,5.940764766065928
7581.0,927.0258362979173,80.89043057896555,5.926104617250272
7582.0,929.2459445054797,79.74255910697934,5.925346095203425
7583.0,931.0217648637786,78.8896554085486,5.944455661175193
7584.0,933.2658263072759,78.33005330309847,6.031445841478045
7585.0,937.0977043855446,78.27212487561918,6.0738386213528095
7586.0,940.422168514134,78.5235449125144,5.85696726173584
7587.0,942.4335312658483,78.54560094639126,5.511572177299489
7588.0,944.9658879292823,78.72587463143526,5.162992544617362
7589.0,948.5708306209045,79.48989443306708,4.917065654193062
7590.0,954.285034209938,80.89118481007918,4.7082381298593
7591.0,960.3214597577621,82.05833795276094,4.513710238022337
7592.0,962.8554952021844,82.18848504489796,4.482138746762689
7593.0,962.3559517280318,81.6558103630514,4.517392492922906
7594.0,960.260234420356,80.69532186864511,4.497763881997968
7595.0,958.1809260020353,80.09924760301486,4.393900077187713
7596.0,957.723783847559,79.9205082203013,4.32106311885889
7597.0,959.4521136590772,80.1285625506157,4.22820860099229
7598.0,962.7779796957237,80.96715998927463,4.125374684451385
7599.0,966.0020801694761,82.44927438985255,3.974876055171175
7600.0,967.6139073811787,83.7600731996037,3.8090507629066814
7601.0,968.6862080776657,84.57200560508127,3.605631018684006
7602.0,970.1628248165327,85.01912061637942,3.379776183448897
7603.0,971.0560391658677,85.15710926603734,3.148932551847776
7604.0,970.964436934561,85.32818941331777,2.8839812949014765
7605.0,969.5298333965671,85.96290979497462,2.674670110149097
7606.0,966.9364071484091,86.92032096359266,2.514904205440502
7607.0,963.5691956292644,87.98650694821353,2.395045084108622
7608.0,962.3341955983996,88.78153545083696,2.282343173239908
7609.0,965.5759223771781,89.5035432700513,2.204872890856474
7610.0,973.4484832984824,90.10949140143971,2.180300574841128
7611.0,981.4948729919768,90.48036202175322,2.1864400681680967
7612.0,986.1818157943177,91.3490718857863,2.140768622471365
7613.0,986.8856970094006,92.87596557542635,2.0584640611098255
7614.0,988.415249478747,94.3322931970993,2.0181404434012897
7615.0,990.960827908618,95.19935400406429,1.9765643701315598
7616.0,991.0183582147893,96.38350711615465,1.9829981748585024
7617.0,990.6830210093038,97.43953638322914,2.041562627399412
7618.0,990.5916130816837,98.25650878235008,2.0944149027274226
7619.0,991.869332556882,98.84022354598503,2.1605503599443447
7620.0,993.1823139767596,99.33564250783462,2.24910548892324
7621.0,995.2313334649583,99.52675004263311,2.3354179185430564
7622.0,997.3054445325062,99.3902311898892,2.4334155178963566
7623.0,1000.2715226276646,99.03835846937513,2.486947324773756
7624.0,1002.5355565511387,98.4827436459017,2.48293297458555
7625.0,1003.1512051811865,98.03002476272769,2.4137187603452674
7626.0,1002.6228864705657,97.46525340402961,2.3034897827150402
7627.0,1001.1598401336333,97.31921347551,2.2087679984370023
7628.0,1000.3151520131848,97.48665982620889,2.1517626342143377
7629.0,999.912420633963,97.60947942681094,2.138769713179022
7630.0,1000.3949959868187,97.2134494292816,2.160010065445453
7631.0,1000.4846770262,96.4176087012349,2.2127175949251843
7632.0,999.1271873904976,96.31079330881518,2.2488120068556023
7633.0,996.2751029204046,96.81277870766526,2.2594048173569887
7634.0,995.5938889748463,96.97046115574128,2.2318140867560325
7635.0,997.0276331511016,96.85815975437467,2.165498281025504
7636.0,998.9481217305997,96.8525378893397,2.0719974457479022
7637.0,1002.5913098915173,96.4991351030511,1.9474910583136371
7638.0,1006.4172366188416,96.2522850222435,1.7830615290380927
7639.0,1008.717394199507,96.17833777622135,1.6247825891641599
7640.0,1009.1244684270146,96.1698048464906,1.4346223341069841
7641.0,1010.08010406809,95.92607391785191,1.254038646827369
7642.0,1013.005059606347,95.27676081944041,1.12347914205014
7643.0,1017.0709843644162,94.54150441452461,1.0330307843686883
7644.0,1019.3764609176397,93.73758894148814,0.9504696693457155
7645.0,1018.6318321972677,93.27563545025069,0.8968874322547881
7646.0,1016.7153092312996,92.93232216313461,0.8798354079409765
7647.0,1014.3750612536226,92.64640875277018,0.8782338911369955
7648.0,1012.9534592210506,91.39919096470359,0.8465559103791729
7649.0,1011.8404890183199,89.41768234260667,0.7253223879871321
7650.0,1010.422798317679,87.12724483584576,0.5793806518575363
7651.0,1009.2581821552351,85.61479749887613,0.46717737626406247
7652.0,1009.077024118423,85.10405728810716,0.39691612816384003
7653.0,1010.1529911228224,85.17953972964301,0.36054264033112093
7654.0,1010.9390818176474,85.48488698351407,0.3506487993947236
7655.0,1010.5343647516361,85.79116698011553,0.3310202695678321
7656.0,1008.3044418951857,85.79547124913685,0.2869976755642896
7657.0,1003.3958222230926,85.48051137042508,0.24140560127059352
7658.0,996.4559787954795,85.1083909666652,0.20192636881435236
7659.0,990.8595986204218,84.37512298702184,0.1575196955940001
7660.0,988.7773324711067,83.5128948717502,0.09858339644280491
7661.0,989.9480421604175,82.87365016414161,0.05475334179226239
7662.0,992.2540603541538,82.78367615630438,0.03322928316678009
7663.0,996.0215750450942,83.1303646204034,0.028172343497516104
7664.0,1000.9147504410399,83.43816474502643,0.025272306627475597
7665.0,1004.9321354476798,83.3549045591421,0.02541672600053758
7666.0,1005.2762553276615,83.0360418873464,0.030375620253160894
7667.0,1003.2487818501475,82.38533832210528,0.03725607185562239
7668.0,1002.227032229771,81.47454643562853,0.04193308321497608
7669.0,1003.038650386516,80.52994074802575,0.03155994886144
7670.0,1003.1681304364399,79.58460158722845,0.009552339379044891
7671.0,1002.2748496303899,78.87984289679893,7.084336392249866e-05
7672.0,1000.9624023814629,78.44206768041707,0.012419212379910416
7673.0,1000.9142505727614,77.44588414376985,0.04469767220469759
7674.0,1001.4433310050395,76.10036350953796,0.09375999550245168
7675.0,1001.4357772170846,75.06837775541287,0.1510474777739929
7676.0,1002.22276030792,74.50552224582825,0.18976379118769954
7677.0,1005.6964715309455,74.2285712863522,0.2078906122370529
7678.0,1010.851066164233,74.19648147127019,0.20248860616027567
7679.0,1015.3482447174043,73.95265423440586,0.19231354263306238
7680.0,1019.2856708470882,73.36051266775053,0.19443374531081636
7681.0,1020.7868630908831,72.68307791656515,0.2400538148212369
7682.0,1020.1038679639748,72.1683622143808,0.33701088948643204
7683.0,1018.926098652285,71.6156756004286,0.47771278952329005
7684.0,1017.8180362734471,71.01858115931024,0.661171078463033
7685.0,1017.3108287018792,70.26160676377931,0.836380466783792
7686.0,1017.444781294753,69.8264098472852,0.9599299515280224
7687.0,1019.6536783949126,69.73577579589781,1.0119332296491665
7688.0,1024.367529292057,69.62170552878733,1.047622115274857
7689.0,1030.0174775008225,69.18983336085817,1.0585493191702275
7690.0,1034.403396682207,68.5619104337355,1.0566338145363028
7691.0,1038.2955763334214,68.28102572708156,1.09198257341209
7692.0,1040.8297573648713,68.21595637481352,1.2296890839474406
7693.0,1042.2050480821447,68.43163802879305,1.3735629275208199
7694.0,1045.0376037376916,68.77386027848044,1.4770780775080206
7695.0,1050.0912642894773,68.59358590221528,1.528283082232001
7696.0,1054.7342118544486,67.9333997721143,1.5869462029246808
7697.0,1057.7612057945462,67.47151651540835,1.642584095097557
7698.0,1060.7988621819918,67.12016746985441,1.678828564952669
7699.0,1064.1123949995952,67.3080465389825,1.7602263174537442
7700.0,1066.8664984019047,68.30493153535366,1.8119310433408151
7701.0,1068.0706783473747,69.29317468920485,1.9114500603550406
7702.0,1069.2362902704676,69.76277385617479,2.0257179026432093
7703.0,1070.7459735939156,70.19543533849742,2.131163102789137
7704.0,1073.2977927363806,70.72402221797714,2.193985878399903
7705.0,1076.2050726614411,70.96639521424781,2.260677096745232
7706.0,1080.4689346820514,70.74018635909972,2.2995027758443225
7707.0,1087.2302379263772,70.42516937638848,2.349161902391808
7708.0,1093.356711468517,70.16347352544142,2.4772143136705966
7709.0,1097.1820316796643,69.77197868404353,2.6426824556130444
7710.0,1099.8562175018767,69.15149682149641,2.7360398297024515
7711.0,1100.7724193571062,68.30343067775387,2.7534528100407973
7712.0,1101.026268741044,67.8283448129919,2.6866542190327225
7713.0,1100.617176191469,68.03654681954922,2.5536501184882243
7714.0,1099.5216843656337,68.40814709087837,2.4447002353258385
7715.0,1099.2576568017003,68.76348695511754,2.3616579450935693
7716.0,1099.1600213120887,68.99664677434087,2.2656879106968493
7717.0,1099.551145040312,68.96582209546098,2.161762946736381
7718.0,1100.3416691578104,68.98004855119368,2.0235465638507892
7719.0,1101.5659093659683,68.94157273454056,1.8977247828916621
7720.0,1104.9989517489312,68.88547126243074,1.7567253728661292
7721.0,1111.103949567095,68.74474083100174,1.5906624942717957
7722.0,1118.5882379115126,68.71191622964861,1.431857949851129
7723.0,1124.1315490044096,69.19413651758168,1.266661719716849
7724.0,1126.973938908465,70.01521054678499,1.0948314344761245
7725.0,1128.8331736420903,70.84622281861321,0.8985022200473448
7726.0,1130.6094904818412,71.50669048396664,0.6944935897583525
7727.0,1132.1209993052337,71.69678401320162,0.5194748685906025
7728.0,1132.488786233507,71.07721339133806,0.42157756902900256
7729.0,1133.3759475037812,69.93180681432361,0.3974853470580721
7730.0,1136.1388892558743,68.96815121380115,0.42359060989779224
7731.0,1139.651462312364,68.34023999906705,0.4643042565015626
7732.0,1141.7677310762867,68.1487120630718,0.5169906663655968
7733.0,1143.7150339999016,68.20049469421845,0.5620940832568356
7734.0,1145.5094427360004,68.45731646246607,0.5686763720281958
7735.0,1145.7225451609634,68.46567434302561,0.5054821090480225
7736.0,1143.106128776544,68.33244692885428,0.4039524027562501
7737.0,1139.90384367769,68.09064332866203,0.31063376113827845
7738.0,1138.4974830346914,67.44176469438813,0.24932324861338423
7739.0,1138.5378167847653,66.27554266047181,0.22368922246820258
7740.0,1139.3947855549236,64.8585048361624,0.2208166486641424
7741.0,1141.4139340500874,64.06965878416918,0.23153220994264362
7742.0,1144.8099419521118,63.76331986385457,0.2645823504629762
7743.0,1148.3916607443916,63.72089280544981,0.31478247738194415
7744.0,1151.8953125412638,63.69455746638674,0.3577547716886026
7745.0,1154.4305782758884,63.77658875208466,0.3794954373446402
7746.0,1154.7140895240848,63.87485451719818,0.3803127106911002
7747.0,1153.315798652722,64.03245339310847,0.40259343519630025
7748.0,1151.661691763348,63.91772485919283,0.4419433242677123
7749.0,1151.5121685482065,63.69414645136877,0.469777834439628
7750.0,1151.9792296892133,63.797537335376305,0.4759509854618402
7751.0,1152.3689270074944,63.904541541559816,0.47274736189038774
7752.0,1152.027726879002,64.12995534338525,0.469105228544005
7753.0,1152.327587257644,64.18995481978502,0.4789589747887046
7754.0,1153.2375570173003,64.07518398763366,0.4994813993304005
7755.0,1153.5780837396394,63.76663008904911,0.4990696668288771
7756.0,1154.213172288472,63.51784577331438,0.4721437340096655
7757.0,1155.3780876676092,63.38191602585254,0.450476914235093
7758.0,1157.0707820467724,63.290246759530554,0.4252999746610728
7759.0,1158.3142124156007,63.59102840653085,0.3837233200614026
7760.0,1160.0823438675397,64.02963943083004,0.3208109763871685
7761.0,1162.5469940714404,64.26447522794028,0.26028395891530254
7762.0,1164.4110901860436,63.752425650224794,0.226018347788377
7763.0,1165.5349159967056,62.88277557094259,0.22005712736010083
7764.0,1166.8616535737706,62.28790965267022,0.21759383174781166
7765.0,1168.3578440426252,62.22412078612194,0.19949821456397288
7766.0,1171.2527147971016,62.50596403316938,0.16325060039355252
7767.0,1173.9958809590303,63.18605697161101,0.13581508321976044
7768.0,1175.55825560941,63.81363890373473,0.11159456697275294
7769.0,1175.2170119167072,63.90901523982864,0.0996144189309504
7770.0,1173.185629240863,63.76807465628207,0.09689768507624497
7771.0,1172.860910421484,63.34188636480979,0.10261164845008097
7772.0,1173.8000135887175,63.02984708212921,0.12375675992882419
7773.0,1172.9226141555403,62.67097478328002,0.16048432596450246
7774.0,1171.462435951594,62.3813744731628,0.19003650809533296
7775.0,1171.4484318241127,62.34135603554306,0.20583209359132834
7776.0,1174.3184834816295,62.91179953280896,0.1902761019181201
7777.0,1179.952959028568,63.74972068607453,0.15241555649892255
7778.0,1185.369252821274,64.1028030099192,0.13069097675568495
7779.0,1187.7496367120386,63.80082065197972,0.1343291256279845
7780.0,1187.5334189565697,62.99830091217961,0.1733500620938241
7781.0,1187.5418108183558,62.2213763445436,0.22254749640035998
7782.0,1190.4910781960095,61.34830109419429,0.25342152741801005
7783.0,1195.3006797770056,60.426737117871326,0.2721987912310277
7784.0,1199.4588580948046,59.389274655398566,0.2900857804790544
7785.0,1201.7791528892822,58.65970060241564,0.2947949631160575
7786.0,1203.4282522943581,58.374879206563335,0.287617829438017
7787.0,1203.3486140212578,58.35886552957649,0.27751171825431614
7788.0,1202.5434924724768,58.595325090704385,0.2913443228695042
7789.0,1202.8170929622281,58.88535891040334,0.33859132863372016
7790.0,1203.9481020007984,59.52626809371785,0.4193826903816168
7791.0,1203.5196023437422,60.773054022328914,0.49243598205310907
7792.0,1199.6842331767011,62.22359290710942,0.5429040366008484
7793.0,1196.8757149070323,63.64516631215488,0.630791269757216
7794.0,1196.9658776499891,64.9224368486606,0.7686801116755215
7795.0,1200.7196259142027,65.69537534972244,0.8942024609673842
7796.0,1205.2734440532151,65.83023867191727,0.9673857885715985
7797.0,1207.632126103603,65.4288811891064,1.0000188800891139
7798.0,1207.9086952740658,64.69177949526238,1.0055379259992194
7799.0,1207.566583823453,63.949761702803066,0.9707056607164812
7800.0,1209.1787243096323,63.68446332121606,0.8765063155511057
7801.0,1212.5436684699407,63.95021720473071,0.8219531879549956
7802.0,1215.097339294453,64.38928135956623,0.8388275651500899
7803.0,1215.3470877578857,65.26707326253559,0.8724959748545048
7804.0,1214.9427032734363,66.14544061841315,0.8854180293995716
7805.0,1214.5473955735777,66.44455719785253,0.8911591470303077
7806.0,1214.2440003433767,65.97670987414772,0.906844035783288
7807.0,1212.3869547546606,65.28931287249006,0.9276444384490001
7808.0,1208.0523981868412,64.96511948008494,0.9058177645942683
7809.0,1202.5741359719107,65.03087310996938,0.8180020903867025
7810.0,1198.298213898016,65.37139886702592,0.6644077029619264
7811.0,1197.101922528391,65.9510800219906,0.5124868804299723
7812.0,1197.8080847907431,66.71988462109185,0.38995855949422437
7813.0,1199.003596571205,67.32217465928316,0.28377272059836833
7814.0,1200.4620744733172,67.31383944853137,0.18696553979981442
7815.0,1201.9874955306898,66.51235755068814,0.11556823258275842
7816.0,1200.512818623066,65.63885034885688,0.08196156902027617
7817.0,1197.078091437075,65.06029469841442,0.05751292733136089
7818.0,1194.0839576326273,64.53889236352742,0.029768450450329647
7819.0,1195.3985714238697,63.764501039190066,0.01339640732612249
7820.0,1201.1541612237015,62.73195536939749,0.009391844646940916
7821.0,1208.1030480786185,61.924906228489725,0.009537831085712423
7822.0,1214.0172296530654,61.61319919997331,0.0041954042113635966
7823.0,1215.7777636143442,61.44154594100031,1.0884748899973877e-08
7824.0,1215.7337354858491,61.20190529747291,0.0016345234469775937
7825.0,1215.9418893651928,60.564576491058126,0.0015942922993880944
7826.0,1217.7837440362305,59.20824126902149,0.0015409762227728964
7827.0,1219.9120430238302,57.762750776750146,0.0012600320394248988
7828.0,1220.3076889516935,57.19114670529446,0.00022811057708890247
7829.0,1218.8037832059958,57.20217242913076,4.037688359999755e-06
7830.0,1217.1951654843056,57.07242144293713,0.00032672948443560176
7831.0,1217.6687744939302,56.57060563816235,0.0008616326588163994
7832.0,1217.695464514813,55.96680364533682,2.951216490009881e-05
7833.0,1216.2784799589665,55.38232539934924,0.0006915769146224977
7834.0,1213.4396529565338,54.79549777893157,0.0010883882659329053
7835.0,1210.573598242391,54.21049472333952,0.0006995056963489055
7836.0,1209.857482743592,53.6350703819141,0.0018851444330624993
7837.0,1210.3992288617399,53.16991877469518,0.006393457672809992
7838.0,1210.2691683703779,52.82871009866337,0.009683585355144126
7839.0,1208.277803291654,52.85757296848511,0.005464994335359989
7840.0,1206.555457662411,53.46702840558642,0.002092516280640904
7841.0,1208.1340118949013,53.75144973870552,0.000968582618643597
7842.0,1213.5224126859694,53.48283222408197,7.000204724099313e-06
7843.0,1219.0010369379615,53.332000646468906,0.002366152150472099
7844.0,1223.1180544555486,53.48433699782584,0.010364437202574402
7845.0,1227.3670982974122,53.55756231259448,0.018576776801222505
7846.0,1232.7599006217802,53.30603974476815,0.022996721620890007
7847.0,1237.871258393981,53.11398475777095,0.02849946647862248
7848.0,1241.9933813168864,53.04673143143606,0.03604108985290807
7849.0,1243.445867551023,53.278655965775606,0.047934167494012886
7850.0,1243.931080007083,53.24854216833841,0.05832850018744361
7851.0,1244.275231645225,53.07267370498631,0.06744058928942756
7852.0,1245.995565111254,52.79411543138304,0.07741547759077691
7853.0,1249.7309816062607,52.49673017181905,0.08942211662679607
7854.0,1254.1366829427118,52.56805669184989,0.09844998757810808
7855.0,1258.9944790582686,53.042255780831105,0.1062325747168921
7856.0,1262.6465355419696,53.66412834337575,0.11220679013875237
7857.0,1264.5057234722653,53.80747200012067,0.10825982619853207
7858.0,1265.147324441947,53.974512515400434,0.09805704163117206
7859.0,1265.5957081334398,54.26706178925052,0.08545190028726485
7860.0,1267.1867912704668,54.49633602136974,0.08066138472987036
7861.0,1270.6561228991904,54.20881690655096,0.08438475382949158
7862.0,1276.219818158571,53.55295451525408,0.08627150301841209
7863.0,1279.6022934367163,52.97597749692362,0.0815789500596841
7864.0,1279.5059889918743,52.760468228692005,0.07896307941368998
7865.0,1277.3651576927343,52.81657252920126,0.07848327169979556
7866.0,1277.2441519497618,52.632325158922036,0.07050260691149289
7867.0,1279.2880999069098,52.50051657400495,0.05986755368154089
7868.0,1283.146880890451,52.57757789114244,0.04194329395238439
7869.0,1287.3376038877327,52.54868661265635,0.0235200318682564
7870.0,1291.1473870139018,52.348688596493204,0.012376876226988087
7871.0,1294.1808560934928,52.10984278624185,0.014771713936323596
7872.0,1296.432800047433,52.05957367965184,0.031240035787220108
7873.0,1297.8566776232217,52.11886310503383,0.056910057727724075
7874.0,1297.6111476213744,51.93862652911454,0.09386803036521
7875.0,1297.3634897950121,51.51074718496143,0.13207270087088638
7876.0,1296.1119321767192,51.15595460138879,0.16440567761808994
7877.0,1293.6604534347705,50.944352487477175,0.18497421684596407
7878.0,1291.241882697597,50.97039881161268,0.1747053911355076
7879.0,1290.3484291849682,51.245338056851395,0.15725100629827685
7880.0,1290.696834438427,51.90367402037818,0.1392849054317449
7881.0,1290.7175567938032,52.8341178791281,0.1382175131443456
7882.0,1291.4439746952892,53.50795131977943,0.15032377419921
7883.0,1293.3313459237725,53.95191309265155,0.17471388454641
7884.0,1295.9300443040454,54.20727488122982,0.1984760950030336
7885.0,1297.779675826542,54.07923116109306,0.2151317196702436
7886.0,1299.1857427838393,53.26276148754548,0.21477964597056248
7887.0,1301.2708674401392,52.23033394636138,0.19320239155824356
7888.0,1303.8235007140936,51.5040853301787,0.17142460031301157
7889.0,1304.7717760246774,50.982083036634236,0.16565210135451608
7890.0,1305.9434697470049,50.48226923526675,0.16825837928760998
7891.0,1309.0569900563526,49.9187464197872,0.16020841982899356
7892.0,1312.283772533325,49.25725567204682,0.14386163233772156
7893.0,1313.6150267756202,48.88602081910813,0.14356491445815206
7894.0,1313.2657638799392,48.91991299089766,0.1693717151492025
7895.0,1313.5330698870225,48.99538976844508,0.19399598227506248
7896.0,1314.7337392224176,48.94987770413397,0.17731445526907283
7897.0,1318.0303591598438,48.71625354942682,0.13054653477381756
7898.0,1322.1456837729277,48.22791778220329,0.08608774393483688
7899.0,1325.2117616384553,47.62052666980281,0.06026431886592638
7900.0,1326.0508368605638,47.581192167075876,0.04875131520900001
7901.0,1326.056596988504,48.101167462920266,0.0430369671094609
7902.0,1326.3586501629952,48.7941189357904,0.048317113117171615
7903.0,1327.547330453845,49.44104173639842,0.06803514762683041
7904.0,1328.2959272603239,49.72558296944161,0.0931335750626436
7905.0,1328.2563197240963,49.47904197405208,0.10633222939561285
7906.0,1327.9009541912721,48.971774465868954,0.10190272359064359
7907.0,1327.359028147228,48.28348778320512,0.09274892393652638
7908.0,1327.602247370629,47.69700248079272,0.0865879118078976
7909.0,1328.5819619623721,47.43882906074883,0.08728544356921
7910.0,1330.4698381738208,47.558197306823416,0.09267178602456809
7911.0,1331.0817269820525,48.07764872715084,0.09703453019339557
7912.0,1330.681544446924,48.84492071651365,0.0966925207167241
7913.0,1329.4640340394556,49.730921765998396,0.09382046800361288
7914.0,1328.8933052631635,50.55933866571153,0.10747945900835995
7915.0,1329.256354916818,50.968333988089434,0.15066135406143993
7916.0,1330.5743464849716,51.039526198774276,0.1987058289850624
7917.0,1330.584317137387,50.8530139359192,0.2181088386111376
7918.0,1328.7585149538572,50.785459231940216,0.1951957579969296
7919.0,1326.6525417643375,50.79768073126567,0.16714175630846756
7920.0,1324.6820372439495,50.66999087972733,0.15283940043023994
7921.0,1323.5195683206598,50.302683592584714,0.14470025712231685
7922.0,1323.2040397523083,49.978916979447455,0.14427145941848887
7923.0,1325.8904424595962,50.00178698984199,0.16893471945855607
7924.0,1329.7446159538592,50.3263857671712,0.23143824542648406
7925.0,1332.7954577997261,50.890052207382425,0.2874891425304195
7926.0,1334.2089511554536,51.26394591014255,0.2877898895186704
7927.0,1334.2700013281967,51.53550540838754,0.2312430930658564
7928.0,1334.57523368836,51.7603273556715,0.18395044066291358
7929.0,1335.8657682334958,52.008080052437315,0.1657790538768676
7930.0,1337.7656201888663,52.22190956272819,0.1712050667240356
7931.0,1339.5339189669498,52.33665882108768,0.1842131636243721
7932.0,1342.3554672417843,52.33506581657249,0.1986489267862401
7933.0,1345.0731703772171,52.47423194322178,0.21240688094396412
7934.0,1346.095835881884,52.94052000983885,0.2300984571279241
7935.0,1346.160131500218,53.45479637529926,0.2594582960828401
7936.0,1345.3604305871859,53.712222905515766,0.28471777585383046
7937.0,1344.5679027230046,53.539207385469815,0.30485450482041604
7938.0,1343.900994751467,53.423981876708346,0.3177716022682755
7939.0,1344.3486576617315,53.54497381443534,0.336310685929
7940.0,1346.5450941973263,53.6222079876947,0.36437028758004636
7941.0,1349.7942513079795,53.78971339107252,0.40335367396371613
7942.0,1350.8751091774986,54.385550970842864,0.4332812930699235
7943.0,1351.552655855039,55.24184843749543,0.44536593937620494
7944.0,1354.389089735136,55.859689436356,0.4572469539121445
7945.0,1357.5538157204085,56.28804748165104,0.47053343887935994
7946.0,1359.4594388758562,56.552621279412335,0.5039663016661056
7947.0,1359.2287595645405,56.23811687766006,0.5270293337529794
7948.0,1359.4961005446978,55.173912185169065,0.5299106929351225
7949.0,1359.3365960967967,54.20992263702542,0.5033013819525168
7950.0,1357.203051900903,53.75392694731244,0.48309925665369646
7951.0,1353.1638823114233,53.710831896453456,0.49668651664801
7952.0,1349.3528492616413,53.84409530827589,0.5297386632789903
7953.0,1347.0368590530004,54.200849324673214,0.5573169250010244
7954.0,1346.0663379437894,54.87419100062033,0.557304637075992
7955.0,1345.233709290664,55.739318483223755,0.548646993176268
7956.0,1342.6116645377228,56.89191085591146,0.5667259073440001
7957.0,1339.9461431835152,57.992353774189795,0.6237135444438369
7958.0,1338.7220635478302,59.22258903996282,0.68385705289225
7959.0,1337.267831816207,60.00324386236416,0.7360438849
7960.0,1334.5555664801739,60.42194425069671,0.7549500389155321
7961.0,1330.982397516529,60.5412446833677,0.7824278887142115
7962.0,1329.3386768954188,60.58540627275733,0.8246654793476836
7963.0,1328.9540273660807,60.99466156268056,0.8554532916155523
7964.0,1327.284426924034,61.524234440756096,0.8448473662905241
7965.0,1324.0559062089924,61.74951731217494,0.7968715836016894
7966.0,1319.4292375365683,61.54603302257887,0.7525806095971216
7967.0,1314.1468471284763,60.90166915948961,0.7407172348034761
7968.0,1307.4339591063328,60.0724701687191,0.7430979966609423
7969.0,1303.3820163999249,59.372298264993994,0.7292827797783024
7970.0,1302.9905082466942,58.984641506095564,0.7131381607410063
7971.0,1303.8082803051793,58.70250178559851,0.7235872697428487
7972.0,1302.203703228522,58.119774934618675,0.7358143893581376
7973.0,1299.2725062725767,57.49236817933284,0.7371681850533001
7974.0,1297.7286862334429,57.10720855697894,0.7439742855555135
7975.0,1297.792121672929,56.820933226267854,0.7281345940624809
7976.0,1298.3460871125233,56.547426631085294,0.6581212731606275
7977.0,1297.994439530562,56.50909883015663,0.569997956220768
7978.0,1298.7876922694184,56.815048940745626,0.5450559409033215
7979.0,1299.872951796026,56.857631104343994,0.6050382080776804
7980.0,1300.4456724556615,56.635453226922046,0.66058208489924
7981.0,1299.7451717904519,56.488365741813055,0.7056859514173456
7982.0,1299.6395257767133,56.347948802773324,0.7395821809073296
7983.0,1299.4422864810397,56.276883361299824,0.7611913722823523
7984.0,1297.749224318454,56.01963683835289,0.747545264449
7985.0,1295.1842668808529,55.66964944125311,0.7537137315289344
7986.0,1291.6632393514358,55.5292953702715,0.8086020576823808
7987.0,1291.1461933352189,55.7455180211741,0.8632766104782399
7988.0,1294.110096934643,55.99231245181721,0.8553824266950768
7989.0,1298.3531192383693,56.13595046888325,0.8117894492210881
7990.0,1301.3455074282888,56.1300422732021,0.8036058210436097
7991.0,1302.2529734352831,56.10956581185969,0.825649711044236
7992.0,1301.201378528891,56.037950821367986,0.8741899752508129
7993.0,1298.92738057379,55.592939582129276,0.9244905573786624
7994.0,1295.7903797568902,54.79672850855194,0.9846864395151423
7995.0,1292.712177468526,54.12256568296032,1.0448602729617649
7996.0,1290.6125103946836,53.85496556613306,1.081589454425705
7997.0,1289.6633650257697,54.412543790309655,1.081339454092573
7998.0,1289.3013462193114,55.50067402001849,1.0516020110331905
7999.0,1287.7669779344728,56.61251705815841,0.9816853731921369
8000.0,1286.8107983801117,57.4241000967348,0.8448183947484009
8001.0,1287.9303402352027,57.889551482286706,0.6491279002688676
8002.0,1290.216398353606,58.15220505405167,0.49668913835829764
8003.0,1289.9601586214353,58.07890984356112,0.4314914000880026
8004.0,1287.1924431626758,57.94377973866857,0.4280315870319129
8005.0,1283.7592537125556,57.58601278869061,0.44705358697883557
8006.0,1282.331952714477,56.918626819359034,0.44504816043248996
8007.0,1284.883103930525,56.30840565311328,0.4078239965487801
8008.0,1288.2100393929475,56.07638407376556,0.36480144374520257
8009.0,1289.4636552827835,55.89950718636729,0.33613910860250246
8010.0,1288.9184188440397,55.34769770774707,0.29261038212017293
8011.0,1286.1687039650249,54.44100525599563,0.20223964174078435
8012.0,1284.2507372000864,53.393902294618385,0.11411904178800995
8013.0,1284.5970230154703,53.02571604045073,0.06791480444999609
8014.0,1285.691335273713,53.296948220471286,0.058621595633860865
8015.0,1284.015047420443,53.63479047440885,0.04889868476242089
8016.0,1279.4607086332817,53.96484626147821,0.035928216846759974
8017.0,1275.488835293581,54.50397564703503,0.024018896487696104
8018.0,1274.344543786428,55.03726800517184,0.010870716867052894
8019.0,1274.941467902259,55.31621332141822,0.0034757498011400998
8020.0,1276.1782076420232,55.74577680315929,0.0002663466432168996
8021.0,1277.9038063864466,56.1006439251184,0.0012144012250275974
8022.0,1280.327314013247,55.97751499315879,0.011219516689728414
8023.0,1282.8319666490822,55.698549560682295,0.030535297781990413
8024.0,1286.8251680841356,55.696882903365406,0.0363115167247561
8025.0,1291.9897572157363,55.794787018228256,0.03069350176327212
8026.0,1293.718061049361,55.89614456253664,0.031497869007432115
8027.0,1291.0311622376496,55.86154806972354,0.04074193689754241
8028.0,1288.1850467274626,56.13597084819364,0.06402005657742255
8029.0,1288.021288567622,56.7614150192155,0.09834632730075236
8030.0,1290.0666245074565,57.309415896764996,0.13281996851366756
8031.0,1292.776540074243,57.57088222428865,0.14606353974275996
8032.0,1295.3815045294045,57.68439016817793,0.14807310253518235
8033.0,1297.2300625315238,58.070009369868146,0.1400355489912976
8034.0,1298.007342519489,58.734878086131715,0.13042180346536814
8035.0,1297.5120058663563,59.54963579096509,0.11465629190742252
8036.0,1295.527805818513,60.1643075801337,0.0912332480244964
8037.0,1291.5527069609868,60.473127321693234,0.07792864739842086
8038.0,1286.7602119781727,60.82541315843072,0.08242979781481001
8039.0,1283.299278864159,61.32053201667755,0.09346183242547842
8040.0,1281.2319074787977,61.58669742682055,0.08510550604311037
8041.0,1279.712721098486,61.65679341281233,0.06946714178244004
8042.0,1278.7450743412253,61.920096014119224,0.06228141145875363
8043.0,1277.1352953523854,62.440106421939454,0.07414323278550249
8044.0,1274.6969384514477,63.22152673575583,0.0749717846712576
8045.0,1271.7742377340749,63.78692228784597,0.06105132831934886
8046.0,1269.846208478192,64.1850236125847,0.042144156543776436
8047.0,1270.047340538979,64.69693555964668,0.03269218377604001
8048.0,1272.0650404193534,64.9895807830934,0.03314511536400002
8049.0,1273.4927721332092,64.77978730549772,0.04206275717688493
8050.0,1274.0360877906385,64.18371180716854,0.05852578475626095
8051.0,1274.9276895837506,63.68161360418208,0.07535371971994238
8052.0,1275.2747982094625,63.26717102295833,0.09352125457500257
8053.0,1273.8013814938436,63.37093837925262,0.09569887026347561
8054.0,1271.302812701076,64.25731748310376,0.08677031251536016
8055.0,1270.5577289962416,65.34902515329787,0.08380921938316842
8056.0,1271.8207156568644,65.98163193959161,0.10718309897688998
8057.0,1273.790079811357,65.91304255700364,0.16065279248582565
8058.0,1276.2697325253012,65.51686169368173,0.24148773905256052
8059.0,1279.8366935374122,65.37383400774385,0.33090180541242253
8060.0,1283.8358964913002,65.91230034893047,0.3786553025180677
8061.0,1285.5550976631257,67.00541141532621,0.3638154844460162
8062.0,1284.6707044154984,68.15091259316354,0.32702060000612254
8063.0,1283.8169880072326,68.46277138374735,0.3227193515242449
8064.0,1284.0349119654654,68.2132027535994,0.36527947551060264
8065.0,1285.0675050472928,68.0771039432958,0.4264636839730969
8066.0,1287.5615733876639,68.46681075366274,0.48495724934323853
8067.0,1290.4467120620593,68.95663406321239,0.49810511037398436
8068.0,1292.789948522885,69.1947943304119,0.4965223634421648
8069.0,1293.4956362156404,69.72503608506143,0.5010000640324165
8070.0,1293.1683448264353,70.67971797784129,0.4713068544811264
8071.0,1291.9436619902215,71.48054083844157,0.4083987700027227
8072.0,1289.608248774344,71.91814702783883,0.35934465452017683
8073.0,1287.098486821179,72.12233153862502,0.35672009291504014
8074.0,1286.6185251253391,72.11308079959126,0.37821185141427627
8075.0,1288.4892111018285,71.82703321290228,0.4187289235677288
8076.0,1289.4598424570788,71.53974470815007,0.44721864453504634
8077.0,1288.617187593964,70.81633258936527,0.4411259598974595
8078.0,1287.5417798993828,70.26317257113908,0.39355090857804953
8079.0,1287.687689490652,70.48350699046826,0.31778002418643614
8080.0,1289.8596912713338,71.19638209944243,0.25541946651996805
8081.0,1293.2996879623206,71.7724530328455,0.22051951098450262
8082.0,1295.6698254318546,72.12883913832599,0.21028302398171284
8083.0,1295.1649619111843,72.39267810011992,0.21767760841004885
8084.0,1294.1887065099395,72.61718287478942,0.22949041630049632
8085.0,1295.4166251841189,72.9186587165396,0.2145689236912226
8086.0,1299.6979672001619,73.13151935636778,0.19046212836290893
8087.0,1303.8646560585314,73.23831770265686,0.19584212069268095
8088.0,1305.0542667535435,73.49434693576335,0.19845453307116956
8089.0,1303.6588251731637,74.24084902466396,0.16548647594408417
8090.0,1304.1186242085782,74.91896473170564,0.13057610624198557
8091.0,1306.942447729248,75.6318607168303,0.11419304880214448
8092.0,1310.5919539047518,76.51693888019105,0.1137084664310596
8093.0,1313.8507135590517,77.59325699856412,0.12072196808344887
8094.0,1316.6771923717897,79.05620333868868,0.13026262561833962
8095.0,1318.8771226148535,80.94652380915852,0.13763290489902819
8096.0,1320.4019526930533,82.76811672322445,0.14326633025905205
8097.0,1320.6539430607759,84.32002871214657,0.14908921041331846
8098.0,1320.293112261493,85.6952432501866,0.15141175174255686
8099.0,1320.553006956243,86.99155383255464,0.15135726475249214
8100.0,1321.879439948447,87.85078839003002,0.1839971845481449
8101.0,1322.7293081008822,88.29949767241592,0.2683528430150656
8102.0,1321.0433067648244,88.75971621983099,0.37660389108997216
8103.0,1316.2748950305693,89.44403538740505,0.4957509659872226
8104.0,1310.772894618845,90.78925057819161,0.6248782186479122
8105.0,1307.0309340274787,92.33828518067344,0.7424147698288037
8106.0,1305.9619853962631,93.8304962094999,0.8135714742050809
8107.0,1306.2854384900413,95.3831178324696,0.8178376181640625
8108.0,1307.212808153944,96.69210366638876,0.77889538505025
8109.0,1307.9059107642304,97.42900908967181,0.758784251421773
8110.0,1309.2414648360004,97.7589263250775,0.7626498159870976
8111.0,1310.0555834722063,97.96232581484928,0.7484222676005605
8112.0,1309.3915327244506,97.58770744821186,0.6901563955225104
8113.0,1306.5884883910032,96.63265175421607,0.6375468832120088
8114.0,1302.4429467487382,95.79016997513736,0.621279213148529
8115.0,1299.0148432969522,94.89538207210417,0.6900795526834729
8116.0,1297.883001072135,93.77527223145269,0.8347626084238337
8117.0,1298.0381904847366,92.75900024052676,0.9780224585220324
8118.0,1297.4760326694484,92.28650302919186,1.10079130456344
8119.0,1295.5956543433877,91.85037882494771,1.194438257034888
8120.0,1293.8674546290497,91.36579188439934,1.2794855723465108
8121.0,1292.9339610545508,90.84792356250163,1.2817611091282324
8122.0,1292.8844208742064,90.19989958498205,1.1605502105914898
8123.0,1293.3667451837264,89.39868246918252,0.9879123105113288
8124.0,1294.0492056177145,88.60897603313812,0.8584430350144401
8125.0,1292.9829973326155,88.16101526560686,0.8296072812528401
8126.0,1290.4528527107793,88.03328578097813,0.8847720608156328
8127.0,1289.543090313964,88.51839756785185,0.959604816265524
8128.0,1291.556316594203,89.31466880151704,1.0372076697752446
8129.0,1294.5368972510742,90.03177059238313,1.1273712896218566
8130.0,1295.8706494676994,90.55013238350588,1.2019728194899444
8131.0,1295.571839128831,91.19320407588663,1.202270978094192
8132.0,1294.4341377452317,92.00305656946887,1.1634216437100624
8133.0,1294.3710513802664,92.78197387559999,1.1135778042230415
8134.0,1295.7008551042738,93.68817984514901,1.050329308308063
8135.0,1295.9151760279904,94.81572970935487,1.0086928497424807
8136.0,1295.2263163825223,96.31423033070705,1.0048590282419652
8137.0,1294.5169832980312,97.644535930364,1.0357817416329773
8138.0,1292.6240247638218,98.73701461363099,1.0731423666982227
8139.0,1288.759730438196,99.78436537123501,1.0937866603073534
8140.0,1286.8508477894638,100.3276675762452,1.1381841998432654
8141.0,1287.8195083392848,101.03359367568304,1.18757315241889
8142.0,1291.413451708873,102.18679199057792,1.236410474644802
8143.0,1295.5032958407548,103.0802881944806,1.245185808735524
8144.0,1297.6638135812832,103.4103755643202,1.2120264097069047
8145.0,1297.275119569688,103.2966395589008,1.1843873129793603
8146.0,1297.211729182161,102.94670643744459,1.2276510585941052
8147.0,1298.3825890829453,102.58977547607998,1.2818740095015624
8148.0,1298.8826667842186,102.70348802241622,1.3358117129537046
8149.0,1297.33916488324,103.2398880959918,1.3595266169587596
8150.0,1295.6124364191649,103.48640164403714,1.2978096542259598
8151.0,1294.7979501369352,103.10018690595948,1.1954639923100177
8152.0,1293.6432617502423,102.73251483345449,1.0626186737059609
8153.0,1291.5681525177176,102.71855742826895,0.8985380318232515
8154.0,1290.6354716625576,102.23094368421897,0.7172662029064901
8155.0,1291.4072225282864,100.98659348631396,0.5901736761308644
8156.0,1292.9212487098164,99.7588635425088,0.49188511761684856
8157.0,1291.6710706275844,99.43045128202759,0.4003573513344803
8158.0,1288.4408444802095,99.80694566498846,0.30821722648092265
8159.0,1284.073625981485,100.67078432200357,0.24494058997097298
8160.0,1280.869945291798,101.70453171773025,0.2187235722123664
8161.0,1279.2844917206587,102.10079657095744,0.22342343288653446
8162.0,1278.3272460338765,101.72054187157725,0.2460042746997125
8163.0,1277.4846730103513,100.8739728721888,0.27999039895461614
8164.0,1278.0403872906477,99.80936933682176,0.33564717565542257
8165.0,1280.4803746454202,98.94249964854177,0.3853542258532836
8166.0,1283.2102197179368,98.35197926362409,0.39922725735314896
8167.0,1283.4116292222882,98.06933254885489,0.35647660748582444
8168.0,1281.2820343067003,98.14675697025835,0.2897085735123888
8169.0,1279.4496100813708,98.36173233392772,0.2239261519738897
8170.0,1277.4937443251392,98.12241146979751,0.1845219740152441
8171.0,1273.712780302729,97.40100461865978,0.1637488172560322
8172.0,1268.7576409722908,96.1971668712784,0.1637281641175569
8173.0,1265.537279368149,94.71998387382538,0.18543625425361004
8174.0,1264.6197495387858,93.2637617880259,0.2393699559851601
8175.0,1262.803838349567,92.32890503078345,0.3125798054692569
8176.0,1257.4065434090842,91.96322182348884,0.3576082099323904
8177.0,1251.0112073639139,92.04409073958853,0.3681360123169369
8178.0,1247.5723720203498,92.12122295979401,0.37181369669347836
8179.0,1247.7240965350754,91.94654850492417,0.3830284464261263
8180.0,1248.0581479090358,91.73382509595062,0.37481154071973155
8181.0,1246.1177657226688,91.34044724720172,0.35261664614300886
8182.0,1242.8743234357178,90.5104570558886,0.33012736389375213
8183.0,1239.3282202791981,88.88344847708757,0.3235872052095077
8184.0,1234.6883942395018,86.71427054647506,0.31886929604311687
8185.0,1229.304694082499,84.71028768221224,0.3010883048652197
8186.0,1224.1258063178368,83.52969107145073,0.25851621633600996
8187.0,1220.0407833343565,83.03147480954307,0.21083051363686567
8188.0,1217.9584783728503,82.99149418610556,0.19572426333402257
8189.0,1217.2402269631211,83.34135562154574,0.20783485326324636
8190.0,1214.9772674539677,83.5774671057594,0.24125869617204654
8191.0,1211.485015250413,83.29874967125309,0.29018785342135683
8192.0,1208.5373869215518,82.13583449610739,0.3294250537295844
8193.0,1207.003630387303,80.3359039127304,0.33675277884032173
8194.0,1205.4145222958348,78.72801191643248,0.3190152612622096
8195.0,1201.9583523648266,77.36518762920798,0.30538360348025756
8196.0,1197.2795902744683,76.10727341763598,0.29596410370718895
8197.0,1191.7047924514277,75.13569826067179,0.2839001468562962
8198.0,1186.3423828639002,74.47422990193208,0.24487637404502255
8199.0,1182.2447672008254,74.01513902505063,0.22308060905880997
8200.0,1180.2777311517257,73.69961157746788,0.2391448833563364
8201.0,1179.4865920516545,73.24991673641689,0.27592006592728363
8202.0,1179.175155506576,72.50508739766529,0.28639447027788967
8203.0,1179.1555088043524,71.41063014541872,0.24816763990463286
8204.0,1179.6679919047656,70.03769969872369,0.19292680543523566
8205.0,1180.938595864805,68.69127651496238,0.14969840404108836
8206.0,1180.9432158713082,67.84483058496701,0.12177751343232249
8207.0,1179.5989678519913,67.58163238178354,0.09598455349278763
8208.0,1176.0008265290055,67.53111380012098,0.09049482026754485
8209.0,1171.7944947883668,67.5783861893469,0.09483739066623995
8210.0,1167.2938702571973,68.18917642205297,0.09582370368032166
8211.0,1163.0358654970253,69.11684183407752,0.08727489664056251
8212.0,1160.7473935372075,69.6789976097965,0.07216490828797295
8213.0,1161.2968863096562,69.75153246465213,0.06500872181888642
8214.0,1163.3003871853546,69.48899303107385,0.052876974906003606
8215.0,1165.0592717021939,69.2176458672302,0.042422236196228126
8216.0,1165.990695855779,69.01979871435287,0.033237001731632396
8217.0,1165.5201880768263,69.01378531615293,0.024078365101202502
8218.0,1163.2631103721058,69.13820774664175,0.013630501790067586
8219.0,1159.2711701452668,69.02062434752833,0.007821757416490006
8220.0,1156.7210429607076,68.8368059445378,0.008933359320602494
8221.0,1157.852620344067,68.78372698110789,0.017510400523996897
8222.0,1161.435276314634,68.64704583299762,0.03176789702496007
8223.0,1163.885627594455,68.21265699148304,0.042724695702220934
8224.0,1164.7779231534953,67.84123889465164,0.0354732325566921
8225.0,1164.295515501915,67.61673665200091,0.019521941074483636
8226.0,1162.7305585868755,67.22174705490255,0.008688806917612896
8227.0,1160.5502266796059,66.76444498355266,0.003646898956993594
8228.0,1157.9311504056143,66.47861921953431,0.0018023039076025052
8229.0,1155.4064953577101,66.52480931496208,0.003341511669756108
8230.0,1152.295305563281,66.7210858455317,0.020096909779144887
8231.0,1149.0787978629598,67.21110581274971,0.06900255812822446
8232.0,1147.119953720926,68.32249577000928,0.12092651547601009
8233.0,1146.4521138733096,70.11112984393797,0.12898014614056363
8234.0,1145.0503978763486,71.96853858471674,0.10967479423242253
8235.0,1142.8212369877874,73.64071051949888,0.09053296269804155
8236.0,1141.0109025642612,75.18736077710926,0.07692953481582768
8237.0,1140.0096178476904,76.67866230260421,0.062072339089104075
8238.0,1139.3809285263158,77.82933566360282,0.04278578069561764
8239.0,1138.7462972724447,78.57831388790335,0.03330819547840895
8240.0,1137.1704911456748,79.04631752736015,0.04196900446502437
8241.0,1133.271075372264,79.14430724021248,0.07211604106249003
8242.0,1127.334705572605,78.96030342667864,0.11655120833224089
8243.0,1120.9018224404101,78.86426883035801,0.14630152998806892
8244.0,1116.4062158148904,79.21331991278596,0.13483697832240257
8245.0,1114.2537231877225,79.67858657399051,0.09071487998259206
8246.0,1112.470162881478,80.08140355421581,0.056138867122416364
8247.0,1110.7369410615868,80.74702243266408,0.04432277563506253
8248.0,1109.5016974424677,81.70977646928984,0.044846998795209994
8249.0,1110.6886137266022,82.64350917734099,0.04264800328404493
8250.0,1112.8190260372987,83.40971135190237,0.034532157080890025
8251.0,1114.5461790568481,84.17362278561856,0.026765012352025636
8252.0,1116.5837650811834,85.22184478452228,0.021433451906822425
8253.0,1118.8153637775324,86.44863836022047,0.01632149333135999
8254.0,1119.6649620383043,87.85326359633156,0.01052954680041642
8255.0,1117.2923511315566,88.88306193763033,0.007447600248270417
8256.0,1112.840572682375,89.05148769726375,0.006063772720252906
8257.0,1108.7526637305448,88.83779134902923,0.007044182791936915
8258.0,1107.3437271136697,88.39700829028362,0.008728608066080406
8259.0,1107.4582341240146,87.95020534383734,0.012421098042000388
8260.0,1107.2570521295015,87.63166178552083,0.018096865314668115
8261.0,1104.7587987730512,87.86120308770249,0.023971223426544886
8262.0,1100.816922638574,88.39525878067505,0.020838088864321622
8263.0,1096.6155477884183,88.95203746088787,0.008687742448963608
8264.0,1092.9781834758471,88.96106489723101,0.00023425343251560172
8265.0,1089.4471246059923,88.04365780622722,0.0070087972884736
8266.0,1085.1673479085232,86.5720558690395,0.035078660357280377
8267.0,1083.1527994900805,85.37366897964979,0.07980217640198406
8268.0,1086.046710456744,84.65310406715761,0.10638471618888995
8269.0,1091.082755006409,83.9863485134117,0.11491685745733211
8270.0,1094.6309546563523,83.29924032954304,0.12366863795687037
8271.0,1096.1761566034818,82.78298157418561,0.13641527842447207
8272.0,1096.389766826432,82.5906056410425,0.1494111384065169
8273.0,1095.9597260942783,82.51236849469761,0.14373864698943994
8274.0,1094.1119284797294,82.73872576096733,0.12216393680337635
8275.0,1091.501284950767,82.84834455776354,0.1105695437496001
8276.0,1089.403023381404,82.39265951857924,0.1158702741916729
8277.0,1087.8216157088816,81.16995667866765,0.12338438144887684
8278.0,1085.2534801115019,79.37055272473255,0.12544401075417758
8279.0,1081.6155516073613,77.37785859928037,0.12173444083543686
8280.0,1078.0094999763635,75.39571122403335,0.12586460526696042
8281.0,1074.8768586666235,73.73682472108169,0.1579581959042025
8282.0,1072.6811060937432,72.67299761874679,0.2250871743882609
8283.0,1071.7155682025748,72.07120462226074,0.3174730627183504
8284.0,1070.2325163077026,71.45866483940175,0.38104057369382555
8285.0,1067.3568330327564,70.84356239196198,0.40162001220090077
8286.0,1064.3387460096683,70.1541924860352,0.38767169080443675
8287.0,1063.672784661291,69.40274081852894,0.3546363405925201
8288.0,1064.3316208952408,68.879769135875,0.30033851403162004
8289.0,1063.7182744980446,68.56474229547366,0.23898653412900003
8290.0,1061.9464740889089,68.43490746274921,0.19274907068208086
8291.0,1060.9716662565022,68.37289137161603,0.17265150192333156
8292.0,1061.088756765499,68.49935065227889,0.16024510980131287
8293.0,1060.451560561621,68.81624453771362,0.14984937520066885
8294.0,1057.9797843227775,69.31707501187627,0.15632972524109154
8295.0,1055.6295017053287,69.57248935833599,0.17133969234536012
8296.0,1055.702638980589,69.47159754261675,0.18126637485013208
8297.0,1059.445564955908,69.48814892968794,0.1619436190043961
8298.0,1064.40970222798,69.69015785550413,0.12881925939599997
8299.0,1067.876239697486,69.41179356101338,0.11008640904499835
8300.0,1069.9729811622963,68.64207902045636,0.12389248986732249
8301.0,1070.5894471723168,67.79641756416399,0.17241799583765163
8302.0,1069.8329935565625,66.88875599946553,0.2510758750230784
8303.0,1067.8669067737717,65.93215256555177,0.31635506457025
8304.0,1064.743564750346,65.01170114741588,0.3317386992884643
8305.0,1062.2994927447053,64.58538496945076,0.30030440552013693
8306.0,1061.3229545596269,64.62743445694339,0.2682798164190225
8307.0,1060.620144949165,64.91453869682304,0.26362850982842895
8308.0,1059.5077034493886,64.88478003526792,0.2907513172092321
8309.0,1058.0445672449605,64.30326496775035,0.3497202864945409
8310.0,1055.8933608095829,63.46098340207046,0.4084939189233841
8311.0,1053.7839091657215,62.61038450972176,0.44356351251180953
8312.0,1052.8395806931585,62.05800162674559,0.4201050984715225
8313.0,1052.448441125542,62.0003723779535,0.37508423570626404
8314.0,1050.9368442756038,62.45274868783651,0.32407281876312355
8315.0,1047.9274037349028,62.8589339927805,0.2944157909409025
8316.0,1045.0741420188424,62.88082769373083,0.28551034425162236
8317.0,1043.6983209881694,62.44512170386186,0.31331632338115556
8318.0,1042.9183970476279,61.70542073628804,0.39059653801847294
8319.0,1040.6183455909681,60.78822869028359,0.49409311021470487
8320.0,1036.7880440188937,59.92972218789809,0.5727804024614048
8321.0,1033.8908561048486,59.44785590872633,0.5810138422341695
8322.0,1033.5754252199995,59.06628910952295,0.5255562432486564
8323.0,1034.468449497193,58.77500114834793,0.440480287957872
8324.0,1034.2601636807433,58.42448964302577,0.39507242488153693
8325.0,1030.872040119567,58.009930085281994,0.3995945570834063
8326.0,1025.1338829956528,57.420171038817024,0.43471511265190405
8327.0,1019.6320554252493,56.915300070191144,0.48086896371206556
8328.0,1016.4786060061249,56.63793822480396,0.5008645835173369
8329.0,1016.1207253303489,56.39985652606276,0.4907520183153026
8330.0,1017.2655225557323,56.23395204477159,0.47253791115804483
8331.0,1018.6053567605748,56.219536425692176,0.45606467952187213
8332.0,1020.1466648434833,56.275120453983725,0.4391319662623089
8333.0,1021.250080368693,56.18860885968968,0.43717552205624993
8334.0,1021.3667350718265,56.20371322598841,0.4688283866449935
8335.0,1020.3147910361162,56.33640375502464,0.48896064573698406
8336.0,1017.4291988315562,56.605021016599096,0.45693246663684
8337.0,1013.9993117897291,56.8267962567921,0.4085862664087009
8338.0,1012.1089046947395,56.9660201613607,0.3731852114898768
8339.0,1012.5926134446083,56.530357667342585,0.37165832034537954
8340.0,1013.3478975619631,55.751998801755725,0.39850092912249
8341.0,1011.7686938405233,55.05294366984705,0.4215507667617482
8342.0,1007.2984394797262,54.74312663601044,0.43465606512594007
8343.0,1002.8250771466338,54.64757332456009,0.45169359640877155
8344.0,1000.0808786773068,54.55895976710176,0.49452042180453154
8345.0,997.9786894989365,54.78268838159846,0.541069948030685
8346.0,995.936049166232,55.06479426913728,0.586435595312089
8347.0,994.0349740031616,55.44342932842817,0.6469907464990224
8348.0,993.2525604366449,55.97326764889825,0.7431154270364448
8349.0,994.2259445347219,56.635939084122384,0.8594140450840568
8350.0,995.9120150234701,57.181820275465114,0.9741783962626575
8351.0,995.908391528745,57.442363455383386,1.0723655836467398
8352.0,993.874936386165,57.651945447104346,1.1457842474681343
8353.0,991.0931420500366,58.02476554467726,1.1699896968587846
8354.0,989.4926662841456,58.68767615169075,1.17985477100544
8355.0,989.0575169474539,59.26642217251217,1.19172590041076
8356.0,989.7979666117186,59.796824363635594,1.2373337350134015
8357.0,991.4823076961251,60.19279414553831,1.30939841403867
8358.0,992.918454342394,60.5818144769672,1.362496911443785
8359.0,993.4893239485765,60.92891970606441,1.3883371129087525
8360.0,994.6877324921563,61.01013928275156,1.4214746556774542
8361.0,997.8154222826365,60.64117534533134,1.4343467673623087
8362.0,1001.5974705766126,59.86810851640738,1.393722692769709
8363.0,1003.4689473125325,58.88720352395604,1.3210510291016253
8364.0,1002.9446885338178,57.99963283100099,1.2069566320650085
8365.0,1001.790334061348,57.2278304763953,1.0772688134816721
8366.0,1001.7178196034672,56.666267440554,0.9894337796921795
8367.0,1002.1760844406458,56.40592776033624,0.9809532884403397
8368.0,1001.4509658344996,56.58718660136807,1.0305939043185242
8369.0,999.4536841783616,57.105546346496595,1.0983321494603646
8370.0,998.170015716203,57.74940806162778,1.118746022876568
8371.0,998.4098411814709,58.47102009418638,1.1116539857610008
8372.0,998.250902611446,59.16912423886547,1.0980859010684838
8373.0,997.6672569361198,59.55394140308479,1.074366931569893
8374.0,998.3172566021261,59.220379185931044,1.0483882068088899
8375.0,1000.3223302622904,58.30649019277019,1.004733007124964
8376.0,1000.9871833067745,57.245514965746025,0.9494558277120576
8377.0,999.1319142019423,56.56528185575193,0.8790148346035681
8378.0,996.0668619928869,56.466849993316416,0.8017713531722596
8379.0,994.2962026655927,57.04005505157741,0.7271321487937934
8380.0,993.9618157739706,57.914976615721,0.6547657504254408
8381.0,994.0533645573881,58.71201883816839,0.5747627192993447
8382.0,992.8955979388766,59.01803259278748,0.5042098429830224
8383.0,990.7632029754374,58.62662574909464,0.4877394432339024
8384.0,988.4394652578968,57.61695984402397,0.5012689135320408
8385.0,985.7557221820091,56.25163936194429,0.5250695358269125
8386.0,982.0184404621283,55.03220930261287,0.5661249012177982
8387.0,977.3122500988397,54.15880194616895,0.6384861282976928
8388.0,974.6054421080577,53.86425780141893,0.6912607794704836
8389.0,974.107790120502,54.25418820909317,0.6628746940591688
8390.0,973.7142492174759,55.220246245366006,0.5924022071293562
8391.0,971.66421895098,56.35823636712704,0.537277228084481
8392.0,968.2842339795761,57.24860877626348,0.5322321717611534
8393.0,965.0647987938528,57.73258002299329,0.5560607944026256
8394.0,961.1924489539468,57.825348072804,0.6150595439735824
8395.0,956.1139508803847,57.493841292040024,0.6904366381395289
8396.0,951.6838947015003,56.980041868477734,0.7958455680371329
8397.0,951.256208784201,56.419031745031695,0.9261156940359023
8398.0,953.9863231510279,56.01949223545836,1.0252884260101731
8399.0,956.2513945091011,56.29757145371897,1.07823616030988
8400.0,955.8324109450754,57.17586152891394,1.0841937531390624
8401.0,953.4977919642915,58.01354626790701,1.045819996984628
8402.0,949.8821872244113,58.41833900690367,1.0147212234490381
8403.0,945.4151775688034,58.74502885846453,1.0222116482697288
8404.0,940.2579778660518,59.16215966631362,1.0603693485732166
8405.0,934.9637899819419,59.41087392739739,1.1010414447192483
8406.0,930.6735358171953,59.31248613159999,1.109047348827449
8407.0,927.7337452641094,58.97766107439076,1.1056098328968287
8408.0,925.6221788890796,58.90317700743387,1.127248530258552
8409.0,923.6991600247384,59.19863699363149,1.1803382714103874
8410.0,922.189158903813,59.88553854225158,1.272554536753848
8411.0,920.7466463145423,60.54880274623565,1.4240348659716622
8412.0,919.8889987748364,60.85206797837959,1.6608367919130846
8413.0,920.390199949042,60.53627314920564,1.9782745152415606
8414.0,920.7550321482436,60.52619921360526,2.2934369817596485
8415.0,920.7287150323118,60.905434468519694,2.46435429820644
8416.0,919.9986674644377,61.48974345519895,2.4264820963173026
8417.0,919.9300304257406,61.88105841520709,2.326485271040921
8418.0,920.7402176867322,61.80631714149237,2.2878648587554813
8419.0,920.9703623394923,61.38323987027865,2.3320924096186197
8420.0,918.8105474559285,61.12130694133688,2.4232628342315587
8421.0,914.5193553561838,61.189255111654326,2.4757442731200405
8422.0,910.3039542493129,61.222552526580586,2.5206567818503696
8423.0,907.3202459719193,61.156036823270206,2.545252628163344
8424.0,906.1770614965142,60.991814415878885,2.5495964791844474
8425.0,905.6044298379489,60.86969744312189,2.5339270468428228
8426.0,905.2739824028589,60.49470717603991,2.535309008501237
8427.0,905.1162860229774,59.78880428491618,2.535523491182598
8428.0,905.1893547011338,58.70794528280543,2.50931106216186
8429.0,904.237214713513,57.73130125371465,2.4404385959017025
8430.0,902.3298124365622,57.30741569000914,2.307450834534385
8431.0,901.0482848726838,57.336596035253685,2.1950292785441343
8432.0,901.3742524025464,57.31883736873864,2.178061732912609
8433.0,902.035862214927,56.9246543856804,2.215465273216088
8434.0,902.4352943801191,56.41114339473374,2.2561952086513224
8435.0,903.6493957878325,55.95328432517183,2.291319144793952
8436.0,905.6251967153804,55.80727418362168,2.2997430726325443
8437.0,907.2269823724268,55.73163576333376,2.318893495634822
8438.0,907.8633646701334,55.54964049332812,2.396925345552462
8439.0,907.9842804671619,55.42193873068473,2.5435145299096007
8440.0,907.8645494124379,55.70273512090223,2.7354284431168248
8441.0,907.2604263533572,56.35125652740676,2.895223908528063
8442.0,906.0200907520963,57.186818173271206,2.9878913252832398
8443.0,903.8044738860815,58.142617582072035,3.0116684848060835
8444.0,902.2956370108141,59.258634657287516,3.0130269827332894
8445.0,902.1301765694856,60.45229990210145,3.032048481249509
8446.0,902.0552474071525,61.647806287576884,3.06948683042401
8447.0,901.1866616995587,62.9677253358467,3.0722738007182846
8448.0,899.411347484764,64.44729015841644,3.0668788391254225
8449.0,896.5309872494053,66.01933151452505,3.1319673502217102
8450.0,894.1631950262046,67.40933906699928,3.2628009378797995
8451.0,893.6631446135125,68.57167580102669,3.3210850836018024
8452.0,895.6323504865019,69.45415989533572,3.214726324110324
8453.0,899.6405884895647,70.03770840233103,3.0178696769948226
8454.0,903.253490230308,70.5575179898271,2.8519246245274923
8455.0,905.0121474647003,71.09759664883124,2.821338877354905
8456.0,905.2800288514777,71.6907055682657,2.8667100224368225
8457.0,905.5913122324582,72.33848963828552,2.864680954757185
8458.0,906.5777893774264,73.28530849329184,2.7594271631335694
8459.0,908.0979436555389,74.02729309983224,2.62215256935844
8460.0,909.6945006182893,74.0635208588739,2.5049578076242223
8461.0,911.5297572200802,73.27741969297806,2.3900958711223796
8462.0,913.8186098280703,72.28902876932023,2.2836819780947843
8463.0,915.5668315257246,71.82091551970062,2.2495157360596454
8464.0,916.7243466763288,71.7240126609093,2.34212783296144
8465.0,917.3749998751288,71.89048982954642,2.5257259244206276
8466.0,918.6012994339519,72.0779540835719,2.6356648739541484
8467.0,920.2847671218027,72.71101760594931,2.6009913340395667
8468.0,921.5845917708904,73.72089615355175,2.5367850622040162
8469.0,923.1530901927842,74.71397219465331,2.5069095690101824
8470.0,926.5959280526625,75.32023551434592,2.4012194366846598
8471.0,931.1769800253988,75.31945998564153,2.1567557950614726
8472.0,934.7527863393763,75.26578428834537,1.8714949451523648
8473.0,935.8820975619134,75.56447332954279,1.6690655288597758
8474.0,934.529828501898,76.19949288108577,1.5681274327761026
8475.0,933.481618355223,76.93188752011963,1.4899288572020162
8476.0,933.5939868635714,77.5629160957572,1.4014652835483001
8477.0,933.8835994889338,78.01220320948191,1.3611172555624897
8478.0,934.2140760271949,78.31404635412086,1.412758074025
8479.0,935.8178299803843,78.41512899199878,1.45622985065738
8480.0,939.0306168753535,78.20191068613073,1.4582237592108094
8481.0,942.6929360808268,77.7705166495876,1.45805890650121
8482.0,944.737358087911,77.32314948871023,1.450472820732293
8483.0,943.4726959308006,76.85844653832181,1.3730338245428675
8484.0,938.783325771035,76.6547370134148,1.246939002561493
8485.0,932.908081301678,76.53626292317036,1.108018737997596
8486.0,927.0858996539995,76.28133498481782,1.027357815971292
8487.0,923.3567044594322,76.00188572226847,1.0426730249495042
8488.0,923.3080759121491,75.76867173811765,1.107157858282176
8489.0,925.7628503883766,75.20023282965396,1.1529339944055694
8490.0,928.6823357669551,74.25706064078338,1.1338492139310736
8491.0,929.9083654920971,73.2818043048422,1.1079287614658024
8492.0,929.7869608846681,72.41164266852948,1.135506940418822
8493.0,928.5102858963556,71.92605170917828,1.2401362969019647
8494.0,927.2697829315608,71.88062403657409,1.37943098826724
8495.0,924.6929815271216,72.28663012161171,1.493287397161932
8496.0,920.9989747855506,72.93903904208638,1.5510201387721678
8497.0,917.6682990994756,73.6891559471102,1.6016105506891012
8498.0,915.0959180851014,74.21188294479025,1.6963967636165205
8499.0,912.4192674649437,74.38958137866025,1.8318325869944099
8500.0,909.2818084900001,74.45300216796637,1.9368324805876638
8501.0,908.3734128454931,74.72805262072242,1.9983496920822006
8502.0,911.1853742003325,75.3050592749905,1.9913508702413825
8503.0,916.237367602287,75.81770143592306,1.9458720831041363
8504.0,919.7867190456433,75.93753016918735,1.9022275339200223
8505.0,921.0980975476202,75.9345825276767,1.8609227109440885
8506.0,920.9747062848353,76.31586634312627,1.833307415650049
8507.0,919.8236200825548,76.45712503255223,1.8448737862429163
8508.0,919.067487765683,75.85861924439202,1.927009924246909
8509.0,920.9140855933645,74.88264567108935,2.02276090019924
8510.0,923.7829216079988,73.83250357779299,2.1274728860222463
8511.0,925.6166837072225,73.12978764800316,2.165384148086825
8512.0,925.8041223682483,72.89933415469227,2.1497890654128096
8513.0,924.636594197698,72.48628938737728,2.1307051723299906
8514.0,925.1838915674476,71.47202441869963,2.1334753442924104
8515.0,926.0349756763832,70.7197398660587,2.1356603229108195
8516.0,925.8188892730749,70.33424824265565,2.061630991978086
8517.0,925.3406927400636,69.92684725655529,1.9961904469852814
8518.0,925.7317013690421,69.36530428247393,2.0513197532452683
8519.0,926.3709983452699,68.89565474003561,2.3019085844976397
8520.0,926.6352630875213,68.5988938528338,2.6446476583370524
8521.0,926.5070787550377,68.18936651383609,2.9164144343416387
8522.0,926.3694673978304,67.61028015391464,3.042514009167337
8523.0,926.3535060525782,66.89057819384928,3.049248945009614
8524.0,926.148416737088,66.03258085112095,3.0538748015505663
8525.0,926.1031602329988,65.08339001742439,3.1131133236748565
8526.0,926.6023977896831,64.1487974266149,3.1994553814146225
8527.0,927.9509219594199,63.08885706765131,3.2097917540612886
8528.0,930.6558089275077,61.89412858505427,3.1472428646518207
8529.0,934.6475759330809,60.9892653480675,3.114839394733378
8530.0,938.3896160900913,60.24522302468293,3.219297034060802
8531.0,941.1823569681463,59.585414432215565,3.374049369445274
8532.0,943.137864104592,59.19363734184721,3.504503958786562
8533.0,943.4437205212197,59.17863042197433,3.6045587039416516
8534.0,942.0271818796963,59.30780512254408,3.5758086507059565
8535.0,939.8454802085826,59.44917344244756,3.39577495819538
8536.0,937.759499458453,59.72832190094099,3.1781377693462325
8537.0,936.916396749918,60.14155584674168,3.0469789804648437
8538.0,938.1128911418829,60.60215148935025,3.0165469776224834
8539.0,941.0953302701845,61.10444668566488,3.035392063922276
8540.0,944.0954082950648,61.758173297350645,3.0877539134963485
8541.0,947.5212225238796,62.30099398539854,3.1364980618795317
8542.0,951.5286336656724,62.61160069337555,3.1141161138965052
8543.0,954.6546658381851,62.850173298774415,3.0737022804771534
8544.0,954.5279959076234,63.38594672476089,3.1118210335759935
8545.0,951.9930940921193,64.04049104236748,3.2238691955157766
8546.0,949.7353219006644,64.70537951727647,3.281548118759185
8547.0,949.6337695652866,65.03063424940845,3.2775918269934436
8548.0,950.7918961027668,65.4435719435216,3.3301022675119683
8549.0,951.3151866153089,66.00634885088114,3.4311706997298024
8550.0,952.6593864339924,66.59521804969806,3.4646977557164194
8551.0,954.1127050846108,67.26916022882172,3.4758025631281932
8552.0,955.0709782188574,68.01961715172439,3.4897271829853227
8553.0,955.4078163474563,68.46090307687035,3.4864739683282444
8554.0,955.8540990205182,68.46464782496687,3.4260526254464065
8555.0,955.0521551676641,68.44784980062727,3.374593579104756
8556.0,953.7365627144703,68.37018733858035,3.3756039349179883
8557.0,955.138461253379,68.19824150213746,3.4122562345568355
8558.0,959.6152821543476,67.65141032527909,3.5049006161584804
8559.0,964.9137214140483,66.95756776380814,3.670354279376597
8560.0,968.6923556454233,66.04467035661958,3.8097538291412643
8561.0,971.0265846590222,65.08903136917303,3.7790651998516043
8562.0,970.7260185481094,64.02609802003052,3.6758662748838145
8563.0,968.701512918256,62.6861509994123,3.562458631490522
8564.0,966.2832592296206,61.26772722224873,3.492978102054145
8565.0,964.223916153455,60.116302623398525,3.4302815591097247
8566.0,965.1006524325818,59.52799109297349,3.386031088921779
8567.0,968.4337270943238,59.20903736423799,3.4214596020790635
8568.0,972.6530854328507,59.1886666745724,3.460104264373802
8569.0,975.910243948504,59.38909910274057,3.450905616977369
8570.0,978.6300287849851,59.965032483913,3.3472223563580648
8571.0,980.4066443486267,60.44612024892607,3.214248875049369
8572.0,981.0751305064101,60.618686155764074,3.1863311369838727
8573.0,979.9725961501057,60.42423952980901,3.2567862379725123
8574.0,978.0305581905654,59.995499020678814,3.2755583617891366
8575.0,975.9986826533408,59.84837763707981,3.1228709355529154
8576.0,973.7080095967056,59.99753800979236,2.8895323829172512
8577.0,971.8047608710293,60.48349252537501,2.802064142564358
8578.0,970.3927750493616,60.7224086949764,2.8583561221693694
8579.0,968.6611162937053,60.964193606962965,2.926064812146848
8580.0,967.0324153341099,61.08398616868775,2.939103378940196
8581.0,965.9654023322578,61.13219791674724,2.8822307545852923
8582.0,965.9589868126232,60.85351050597332,2.8521588271589446
8583.0,967.1469526194661,60.581688385433594,2.883392752769137
8584.0,967.1791278983534,60.633454226806876,2.82532274667373
8585.0,965.8874894916304,60.661459386539015,2.5518727326964044
8586.0,964.0879034502485,60.4445037419682,2.1598245936315887
8587.0,963.4205334924459,60.6286735688547,1.8273230917605225
8588.0,963.0749475255665,61.79434435321889,1.63762315770618
8589.0,961.3245000487896,63.35186529393224,1.480763324365116
8590.0,958.3092614553901,64.694202588286,1.2824422324341156
8591.0,955.8646070820356,65.45649574763644,1.1872842532705477
8592.0,955.5709701242284,65.63480503005286,1.247135185849285
8593.0,958.4348929081522,65.60467533003711,1.3507956112455288
8594.0,962.6128559508084,65.7782655286836,1.364232573133469
8595.0,964.8236903399653,65.8389742080596,1.3063876444803855
8596.0,964.8325385708183,65.80809969987108,1.3036739681602847
8597.0,963.1089027625766,65.46957197362283,1.4268612116079615
8598.0,961.4656720590486,65.03937641236037,1.623187298547942
8599.0,959.632569004353,65.03819897157696,1.8123380130594815
8600.0,958.5848894766882,65.32439784884802,1.96718712055767
8601.0,959.8973910127904,65.3191683491157,2.075418859478588
8602.0,963.4463301915829,64.67480126131895,2.1642578720560564
8603.0,967.7624652507861,63.70281013047215,2.23969635321348
8604.0,972.7455775691434,62.54616448710915,2.370683295801475
8605.0,977.0655441399924,61.63308633662655,2.6028062300958204
8606.0,979.2263222145378,60.892703060654625,2.8232461114032397
8607.0,979.8103058691617,60.562138313293914,2.944339543782684
8608.0,978.8646126321787,60.36757455944327,2.95043141877036
8609.0,977.9234138040301,60.42182283407099,2.8645601089013
8610.0,977.7941906230968,60.750596976091614,2.78878209924609
8611.0,979.4790518606304,60.86565315959094,2.764915346587972
8612.0,982.176141717173,60.67711942595775,2.7421782848276646
8613.0,985.8554646349598,60.6617173434793,2.700965110336143
8614.0,989.9757937380534,61.172697242747425,2.71347861980544
8615.0,994.0910737653369,61.91432176881977,2.8455566446577287
8616.0,996.9616295704807,62.59024125746029,3.002259998095548
8617.0,997.8235790085733,63.15404609030399,3.079899729373776
8618.0,997.3028435936081,63.58130352115956,3.0861482518153225
8619.0,996.0293425605497,63.71682912043684,3.052283459870102
8620.0,996.3498392549949,63.77355505714061,3.0404358447823934
8621.0,996.9645975944146,63.95483693040176,3.0817305344405055
8622.0,997.3914075346178,64.10493417720248,3.2367772897769758
8623.0,997.2019736140342,63.86369073635976,3.407621596213825
8624.0,997.9242915132337,63.2967677463505,3.515460339428088
8625.0,999.4943561799099,62.78100966783704,3.568469628067636
8626.0,1001.2458659328402,62.22268908120782,3.653201367544901
8627.0,1003.1154668136032,61.65871784108064,3.810842068274352
8628.0,1005.9268370240359,61.382835284678414,4.008424991614419
8629.0,1010.4293642817026,61.09268902020431,4.156416669383471
8630.0,1014.7764563515806,60.70034900217784,4.227767750162176
8631.0,1017.1049644573054,60.21975217762937,4.313877199775502
8632.0,1017.296290233413,59.7084405205592,4.403925365345985
8633.0,1017.0515401790952,59.45100620177858,4.340162931315293
8634.0,1016.3120605315592,59.5620224279152,4.133413798460814
8635.0,1015.1284767535666,59.92480973258795,3.9397723536005604
8636.0,1013.3213871081942,60.34095724967252,3.8710546366501686
8637.0,1012.0496500768929,60.60803300188385,3.8587425430333324
8638.0,1010.142247894153,60.69353499150291,3.8363898533563847
8639.0,1007.976945090352,60.539276928601005,3.7698898941933847
8640.0,1005.3752854028379,60.127119821390394,3.6934095625462118
8641.0,1003.9282975069355,59.777451455426394,3.519164277824345
8642.0,1002.6033896379604,59.56069793328736,3.1908549358307448
8643.0,1000.4463140996028,59.4829928239761,2.8659390200814023
8644.0,997.9271927354062,59.35192785832966,2.6454686791465023
8645.0,995.9322059813529,59.15060868999602,2.5056272736143286
8646.0,995.0598296104129,58.91262526846335,2.400674446921
8647.0,993.7461356715158,58.668345591440136,2.365111865179681
8648.0,993.0413369134105,58.241078164848055,2.4448415513531883
8649.0,994.0934378268971,57.42924740388403,2.5899476193992164
8650.0,997.1829148142339,56.533928489194466,2.690228058260761
8651.0,999.0497797788166,55.85849555651805,2.6463606236668227
8652.0,999.5657815683735,55.4764869036906,2.4993272388056442
8653.0,998.9532242324491,55.22368434044542,2.3497591712934565
8654.0,997.9663893426724,54.853271691196284,2.258126194005564
8655.0,996.4467070485756,54.32861303538916,2.1765376191850487
8656.0,994.8880238542392,53.99448910688305,2.1015618966651903
8657.0,994.0080767445944,53.86213957445233,2.0886680745062494
8658.0,993.2738287469588,54.13669696590734,2.13377449428025
8659.0,993.2383871523235,54.77506566007969,2.1605340736927805
8660.0,994.2383660329867,55.62409569355592,2.2392170002818226
8661.0,997.393526654675,56.11596943611649,2.3969263054369803
8662.0,1001.3510735784756,56.40202122456096,2.59916820388096
8663.0,1006.5465557356557,56.54501475541411,2.7803603555503873
8664.0,1011.7407288022735,56.46685525342647,2.9394141359156807
8665.0,1016.668432288768,56.133628600351656,3.0451479539411532
8666.0,1019.613823795917,55.91761667243655,3.0483488751705794
8667.0,1020.539618907724,56.34334124051481,3.015959404977168
8668.0,1019.6622489661534,57.32111381571972,3.0192436124245265
8669.0,1017.5395475174565,58.646643564585304,3.039161972554177
8670.0,1015.5605385836753,59.715750448747016,3.041372973064628
8671.0,1014.929331825776,60.20885898762801,3.04017513465604
8672.0,1016.6995263733631,60.1126790160974,3.0161783660076322
8673.0,1018.8904851256947,59.84895166251656,2.9738445489108223
8674.0,1021.0412628908629,59.740342810998776,2.908398983112294
8675.0,1022.291323941899,59.78945936903463,2.826591643133703
8676.0,1021.5143486472718,59.90111374597775,2.751809963695481
8677.0,1019.0977494486128,60.0000120462982,2.6461329141617
8678.0,1016.711623216098,60.03427735115026,2.443996843109713
8679.0,1014.8682017896951,60.019140068356315,2.2136830118371082
8680.0,1013.7659923860087,59.874409750722705,2.0996530484025615
8681.0,1013.810464008451,59.33758152847701,2.0689538534802225
8682.0,1014.2796010897988,59.21673420198582,2.0056521803102503
8683.0,1015.2113223519135,59.698754036649724,1.9025237175728003
8684.0,1015.9303127159397,60.17994055699506,1.8457696954837446
8685.0,1016.9443265508253,60.28494147250884,1.8601073894148514
8686.0,1018.9826059588981,60.149138245714994,1.8700674088166465
8687.0,1020.8448233256813,59.824069026556245,1.8309703770729315
8688.0,1022.5932815314754,58.82658475657986,1.806947329795308
8689.0,1025.304598297178,57.34002836504322,1.8529023287036024
8690.0,1028.367470067558,56.05445504195339,1.9078746846950565
8691.0,1029.916146117634,55.745586561756824,1.8791186304578702
8692.0,1030.1792639944172,56.1014488073072,1.8496248336833567
8693.0,1030.830748110333,56.64891967825148,1.8717591202813504
8694.0,1032.9748702830136,57.1643474988082,1.912945112512908
8695.0,1034.3704494027604,57.697933498486734,1.945165774864
8696.0,1034.6019649854006,57.96243936506329,2.06392446186498
8697.0,1035.431781287751,57.927205312857744,2.2507982807932447
8698.0,1038.4670843062195,57.7667009623399,2.385484358371769
8699.0,1041.3318607116696,57.62923720432713,2.3797392185953155
8700.0,1040.7495139044058,57.53732723921785,2.255921060322312
8701.0,1037.7072222903316,57.2535422491097,2.179669380831715
8702.0,1034.848485621721,57.131182716206865,2.17309522582084
8703.0,1032.9597883561935,57.23819562590668,2.1419262662716942
8704.0,1030.3895536854297,57.712297357195446,2.067476434775396
8705.0,1028.4678048368385,58.42921042043805,2.041925624169737
8706.0,1030.32041983503,58.95598713684324,2.0785706872800103
8707.0,1034.7052076535458,58.9380895027869,2.1483284054076437
8708.0,1038.793321672969,58.38409780012656,2.190442209803347
8709.0,1041.6012292258717,57.55988308159254,2.12299755831896
8710.0,1043.3380552013573,56.84883134570895,1.9846344907227136
8711.0,1043.2075358536056,56.327916713614016,1.8771707491634162
8712.0,1041.76564514727,55.715112557842026,1.8542619130893794
8713.0,1040.2703197053177,54.99410758623746,1.8901223334158397
8714.0,1041.6180258947531,54.57469024749476,1.9673639879139009
8715.0,1045.1051172678044,54.98593285911,2.0387634185684527
8716.0,1049.5425411668698,55.69419430302849,2.0866153803878653
8717.0,1053.747655224298,56.01700886704729,2.12112338861929
8718.0,1057.0753244584553,55.881456698654596,2.1310978479771205
8719.0,1057.697561371132,55.768395593688965,2.0646481303657227
8720.0,1055.2361926843366,55.88639654557701,1.9104866812766736
8721.0,1052.515693998953,56.03010802099338,1.7870602274864784
8722.0,1052.2212904821893,55.862948567553104,1.756126972376148
8723.0,1053.8675525124718,55.396299248875756,1.8696007087955648
8724.0,1054.8959258968334,54.96173184992399,2.0664960947265625
8725.0,1053.6862850938442,54.378088222500004,2.2118667554371596
8726.0,1051.5244607340805,53.841280104166295,2.35134377464464
8727.0,1050.0395995110828,53.533054216670514,2.517910057226064
8728.0,1048.0130940420206,53.68891203107524,2.650205313731815
8729.0,1046.7908986296504,54.30294241157111,2.6151906821422144
8730.0,1047.161003907241,55.03707586073318,2.513280181875809
8731.0,1048.247863455333,55.340169382777006,2.438729203010472
8732.0,1048.221533628825,54.86705256928505,2.437406670648552
8733.0,1047.8025607864581,53.94258039567522,2.4941441434531217
8734.0,1048.5984607231067,53.15743307976393,2.5882103800547283
8735.0,1051.2317385623405,52.72505767973292,2.73526183045129
8736.0,1053.9429960358086,52.68841066289089,2.870568419449536
8737.0,1055.0269528511203,53.00149797647108,2.9087793686073597
8738.0,1054.2332355539013,53.421779061435736,2.8502259131906635
8739.0,1052.4645003592043,53.551944198537974,2.824039212339084
8740.0,1050.019989159582,53.08503884157983,2.9369948967403645
8741.0,1046.4632880445724,52.271054486489405,3.175209734255712
8742.0,1042.5372725630773,51.574984721807844,3.4956929069869287
8743.0,1038.9006933017474,51.1992203773053,3.8169209098919885
8744.0,1036.0591650453416,51.16262437498862,4.11858405488166
8745.0,1033.607612031611,51.55195670775296,4.3162116340933245
8746.0,1031.4299280233354,52.13219952203214,4.462559286776702
8747.0,1029.7559802844603,52.634726384623534,4.535546997088818
8748.0,1028.4214447111938,52.83703441582656,4.624364237922251
8749.0,1027.5113621418952,52.58022672933511,4.7471744076653
8750.0,1027.65800085643,51.88754299154469,4.91809784065511
8751.0,1027.9687557904797,50.77653624123522,5.059209099989845
8752.0,1026.7865472192445,49.64290941717899,5.101871557888645
8753.0,1025.1118542877712,49.03324751787034,5.020340610927955
8754.0,1024.0416797841133,48.845575859521,4.910914610604722
8755.0,1024.0409770499327,48.51885448235338,4.91449973906241
8756.0,1024.0795740258447,47.74437668818713,4.938436263100932
8757.0,1024.1245305058653,46.982705180591196,4.927371527661721
8758.0,1023.9030307757703,46.40416144360001,4.837099954544639
8759.0,1024.1123838833605,45.73674878102501,4.819311355849
8760.0,1024.0233146927067,45.02018989949647,4.829738352895565
8761.0,1023.577239163464,44.72107507147598,4.74636776260064
8762.0,1023.0680578966032,44.65721292732756,4.619590905841689
8763.0,1022.8292672942423,44.33436979499541,4.600352180998785
8764.0,1023.5018276445123,43.93697208129919,4.664755132651536
8765.0,1024.1551425158243,43.75858909035735,4.653883619273269
8766.0,1024.2314069920574,44.03733890875351,4.698379213050249
8767.0,1023.5957019943442,44.230234155130624,4.852102275901441
8768.0,1023.1232616639817,44.30431871146312,4.993872916506251
8769.0,1022.2019957162302,44.44595903512566,5.024741643401603
8770.0,1021.4523641563584,44.67774785938792,4.996623224431329
8771.0,1021.0146833069232,44.718809415225266,4.904981134848641
8772.0,1021.6141740301421,44.531386165956484,4.828790765553942
8773.0,1023.3962042324345,44.03556271790491,4.853657276791028
8774.0,1024.6343625356315,43.385863893004526,5.015694030633229
8775.0,1025.7698796239363,42.68714832904087,5.254578590071296
8776.0,1027.3523898565998,42.12563498362548,5.367115431250745
8777.0,1028.886279809703,42.04094235186168,5.2748960246130725
8778.0,1028.9113379344421,42.246873297849866,5.151715491279246
8779.0,1026.8194850075442,42.4366186001131,5.112510532500099
8780.0,1023.8948353402379,42.492868354322255,5.130847712695251
8781.0,1022.5223600064644,42.50331475045096,5.209350764256048
8782.0,1022.787028217139,42.20137177039373,5.303296548818788
8783.0,1023.7756590086705,41.45853807895365,5.391529077272891
8784.0,1026.168349872292,40.705123622816025,5.343609539602518
8785.0,1029.6660377168218,40.047838427396826,5.179871566712934
8786.0,1032.525138329554,39.41816504499101,4.926689061317743
8787.0,1033.1302970997428,39.05635974131673,4.627430920278816
8788.0,1032.6181671828783,39.091613672657395,4.31315427224598
8789.0,1032.4807516635267,39.056459858511225,4.118172293930242
8790.0,1032.3883247054005,38.56867578792592,4.16523566570281
8791.0,1032.4297809226655,37.783647517756194,4.3446260607527565
8792.0,1032.4710792397436,37.137348629049036,4.448465254365021
8793.0,1032.5613370342073,36.73471439601564,4.431494764250096
8794.0,1032.483564521602,36.524386972585276,4.408090172815752
8795.0,1033.5433385707302,36.217819969888,4.36265139815521
8796.0,1036.808902761173,35.79984454586624,4.258242110535722
8797.0,1041.417574601944,35.44600154815098,4.073125831225795
8798.0,1044.9193567051136,35.297223873275016,3.921359685523828
8799.0,1048.1756310847811,35.22895760925371,3.8471012576722945
8800.0,1052.2772337326699,35.11818973106645,3.7315812565152147
8801.0,1056.4779107429479,34.82870551222501,3.5221921765051847
8802.0,1059.7638307675977,34.55161793097751,3.3428208295465924
8803.0,1061.6786280814824,34.441480531039865,3.3250630814478024
8804.0,1063.1560349564952,34.47761176708431,3.401949470073754
8805.0,1064.8382988070698,34.597150521323066,3.480069393741248
8806.0,1067.36611602821,34.84615219166271,3.497469363373973
8807.0,1070.028465332391,35.435129579999824,3.449189351352448
8808.0,1072.3911188916477,36.11685863932191,3.322815371367174
8809.0,1075.7902613428978,36.68807081836227,3.1769402776390754
8810.0,1080.856414506609,37.171705273841674,3.0933322038293793
8811.0,1087.4433652078708,37.588495421586316,3.1287621160157184
8812.0,1093.3107734338198,37.92300404967661,3.267380668153268
8813.0,1096.8041680768279,38.26849611534681,3.4542088830910442
8814.0,1097.6883652216216,38.92784774031099,3.623397298879075
8815.0,1098.4677071851274,40.05771731614255,3.7325670448572668
8816.0,1098.8847703198521,41.62394617517481,3.8828589787481795
8817.0,1098.885247671709,43.20834282994029,4.023393945132801
8818.0,1099.1227828607493,44.60729566079204,4.083048609267141
8819.0,1100.5307170958051,45.91471753951681,4.072396002558264
8820.0,1102.3060723101248,47.20372037018317,4.05957700185664
8821.0,1104.6697409120527,48.39585840791998,4.0420700401
8822.0,1107.1162441250196,49.239621396973604,3.9148154202155623
8823.0,1108.7069641137023,49.68411163509414,3.6993882009415966
8824.0,1109.5835402814532,49.680564512762565,3.548910339212832
8825.0,1108.9168379643843,49.177918933301115,3.581557839700176
8826.0,1106.1103808961839,48.69361653598531,3.7211322422593223
8827.0,1103.657279241868,48.730005372185275,3.8752047721738396
8828.0,1104.7756245329642,49.58760227039917,3.9600395440307357
8829.0,1109.22506726354,50.68327347458596,3.991809756802932
8830.0,1115.1498322694242,51.528740881513,3.9136598115278405
8831.0,1119.9136274702325,51.99020719356072,3.694390219385716
8832.0,1123.3392547091883,52.25582442391375,3.423477572796356
8833.0,1126.1621882537677,52.58914364552431,3.2382168774013445
8834.0,1129.444955172058,53.06261928699104,3.1976236191552014
8835.0,1134.0704105637708,53.455428071646054,3.2459941057613473
8836.0,1138.2463545707278,53.59177279144322,3.275543195260593
8837.0,1141.0054290455032,53.63330482372263,3.2087258470113893
8838.0,1142.4983943021675,53.82581929337857,3.0664390458050064
8839.0,1142.4293009730493,54.39777869020559,2.8165202094757227
8840.0,1141.3376654216293,55.00137323496174,2.5957490603491222
8841.0,1141.3271269619036,55.32276906546149,2.4686608298315074
8842.0,1143.7899094965558,55.134966928486065,2.3980788938153124
8843.0,1147.493919357643,54.744012431091285,2.3401580394014
8844.0,1150.7724345541435,54.432770518634825,2.2699993752459235
8845.0,1154.070013539804,54.28861084392668,2.17970274692909
8846.0,1158.3176396434992,54.32063871793324,2.075791942153592
8847.0,1162.3792607350351,54.272902643210244,1.961860901493802
8848.0,1164.575048303049,54.256674765523776,1.8572018444731249
8849.0,1162.4453781920563,54.33784298896006,1.7847779529918721
8850.0,1156.4420701353301,54.37358565971808,1.762398959139062
8851.0,1150.3228455815977,54.466906424435436,1.8189664424236098
8852.0,1146.4281978209387,54.76457891971598,1.9449607605422499
8853.0,1146.5777840728701,55.2597476107952,2.0599546760278087
8854.0,1149.8022808168878,55.66351306387449,2.140182559340239
8855.0,1152.205770679739,55.86138902187529,2.2514727309140885
8856.0,1151.1719889774429,56.18834545385664,2.441337375485761
8857.0,1147.3118935334924,57.116880478100946,2.5894233579423602
8858.0,1142.6817402467034,58.39831556766647,2.5233516297372103
8859.0,1139.5713137584792,59.881381297297196,2.3562783569020644
8860.0,1138.4274884522108,61.185649684387926,2.2588576804941156
8861.0,1137.5663660827836,61.861669131439086,2.2490714758150117
8862.0,1137.4066562586554,62.04260295834127,2.2740880677436803
8863.0,1138.1391164366273,62.10120913705854,2.3315817079061327
8864.0,1139.6145514973239,62.05211051478243,2.3938650657767204
8865.0,1140.4403909718735,61.67430769645669,2.432913804378003
8866.0,1139.74445599111,61.23887908815077,2.439848404841988
8867.0,1136.9312012515645,61.274678593959926,2.461280501508797
8868.0,1133.114301059639,62.09117223634713,2.503541043112404
8869.0,1130.2593146847973,63.38970478146041,2.516986660471932
8870.0,1129.2689388603173,64.57019060354125,2.4832131792472447
8871.0,1130.9329426541276,65.43341666464698,2.437983200689977
8872.0,1133.764141635673,65.93840354557211,2.4141576453857607
8873.0,1136.7634381178277,66.10567386194656,2.371709988075204
8874.0,1137.9372742516114,65.965962805976,2.3394373037604868
8875.0,1137.121426899607,65.72630334355006,2.3646020814481123
8876.0,1134.2820448956513,65.35633706052715,2.4746016084082227
8877.0,1131.06546835671,64.73978668221858,2.640693087938903
8878.0,1128.9891965727638,64.03860790078352,2.7916340255294574
8879.0,1128.0491144319753,63.40550142987612,2.90608268877485
8880.0,1127.7705287356282,62.769133458150954,2.905851089635604
8881.0,1127.430442298906,62.27067618138794,2.8455383926694173
8882.0,1128.1886173463756,62.13804962984709,2.7683086391522496
8883.0,1130.3836282631203,62.30985035592967,2.7432776824264895
8884.0,1133.2040989581471,62.52699183998516,2.7794923533865217
8885.0,1136.1605964482255,62.663788865422745,2.862658628723276
8886.0,1138.8383516282438,62.906221294754275,2.954836614468992
8887.0,1141.5228663352011,63.300677985534186,3.03857471154064
8888.0,1143.8427199786322,63.54183652388821,3.0701991628746237
8889.0,1145.0606719730993,63.50916423890822,3.11650302635124
8890.0,1144.2488958158085,63.7562429426754,3.2298416109195194
8891.0,1140.6517271885887,64.56512556931298,3.3606149438679593
8892.0,1136.1404458299394,65.47454742509603,3.447368793425357
8893.0,1135.0309425149237,65.84394598668663,3.4672388424173826
8894.0,1138.772073439862,65.54240509893695,3.4417444437010887
8895.0,1143.9198616612125,65.42459354183464,3.330463343461604
8896.0,1147.350291823199,65.91522861219275,3.2092464533115197
8897.0,1150.2728899658252,66.65952611718396,3.097866856947156
8898.0,1152.0872685660102,67.16570459012974,2.9662442304838637
8899.0,1152.084120748959,67.29626950730112,2.8071711709637905
8900.0,1150.0186314325617,67.34062373736889,2.6724951204271683
8901.0,1147.8521537570991,67.49880340825149,2.6789740008112655
8902.0,1146.2472356701635,67.70884782083151,2.8424518151084177
8903.0,1144.467820823254,67.8771177289247,3.1031611017147225
8904.0,1142.762894608182,67.87919094557942,3.356360375465329
8905.0,1142.616776781911,67.9531301620177,3.5857841307742224
8906.0,1145.3647847223694,68.54759270753895,3.7504526372009312
8907.0,1150.1464558105574,69.28618266023346,3.9050448793554495
8908.0,1155.4243551202674,70.05235985076027,4.051268957163543
8909.0,1159.997891636718,71.07545340297582,4.115967724135344
8910.0,1162.595272665934,72.34152619796917,3.959373484324502
8911.0,1162.6664904861207,73.67587415293382,3.69316034454409
8912.0,1161.9538554968583,74.70272194646283,3.408868222901443
8913.0,1160.3902965080042,75.20082424803917,3.1090013327548816
8914.0,1160.7392202202307,75.4835846518281,2.8759582338942016
8915.0,1164.3719338353355,75.61006307069019,2.7946001480171776
8916.0,1170.30629239434,75.83957828007267,2.9236736783401156
8917.0,1174.921885090078,76.64577853361595,3.0734383246940027
8918.0,1175.4912293663674,78.00633503892264,3.12028723926491
8919.0,1175.5517693143615,79.16723362007258,3.0581337673542435
8920.0,1177.259251753338,79.96857005396754,2.975534576186964
8921.0,1181.1367267944781,80.60859831078054,2.88565806405735
8922.0,1184.4495831100226,81.13173954224648,2.8249963312180517
8923.0,1187.037439266986,81.3634350779047,2.8215861658753725
8924.0,1189.2205177636888,81.40627298385539,2.858440081326996
8925.0,1189.8922308388917,81.54183478827909,2.84848271245642
8926.0,1189.227487207909,81.5506716557351,2.7661655502664226
8927.0,1188.7341761808427,81.3658725260212,2.663201334573968
8928.0,1189.9989077538492,81.05164212857908,2.5492271014392056
8929.0,1191.7153752564443,80.82389813982232,2.3747521947336097
8930.0,1192.538247248913,80.67255825062472,2.1327136290125686
8931.0,1192.8510372323426,80.45106379863287,1.951895982289344
8932.0,1192.7078200073565,79.73050423954885,1.8289035350041596
8933.0,1192.5470511456779,78.29765913495258,1.7684072693175623
8934.0,1192.1316768926931,76.5699455560077,1.7439773872389697
8935.0,1193.0278027690133,75.02749869083274,1.7085319772180625
8936.0,1196.4619789614287,73.65884519882145,1.6036161344889153
8937.0,1201.8688740284588,72.2986567492124,1.458697720388048
8938.0,1206.9823927219338,70.9119637084717,1.2925767177103933
8939.0,1211.0850406667773,70.02513744216166,1.1315521910811361
8940.0,1215.1920224104601,69.54140204140951,1.0383151047471504
8941.0,1219.0341232505482,69.1008153686076,1.0500411796281286
8942.0,1221.5946439176514,68.40092445096082,1.15998392765025
8943.0,1221.8297860310943,67.8487118193857,1.3103827794690304
8944.0,1221.5908565957463,67.53442032710913,1.3898554080152639
8945.0,1222.655343196504,67.17263125089484,1.3408613105260356
8946.0,1225.7676583274974,66.34298714500821,1.26329102702884
8947.0,1229.8671495388805,65.11698889646662,1.2197045948616165
8948.0,1232.6177022524498,64.0461034998729,1.2426787323200998
8949.0,1232.7484805482172,63.32972596076571,1.3589341966728887
8950.0,1230.854496859954,62.84590408696952,1.5230295407232886
8951.0,1229.223425107536,62.28273842967863,1.6346833006210757
8952.0,1228.3936237933992,61.83221660639295,1.6596410872935365
8953.0,1228.5499560552882,61.80656242675641,1.5664230093139684
8954.0,1228.8490119068765,62.21364124489875,1.4483246846635043
8955.0,1229.6143580024036,62.460472556486195,1.366757235384245
8956.0,1233.0603504877752,62.78364661863102,1.3562334865523842
8957.0,1237.6809277676862,63.30233638095436,1.3667049310696338
8958.0,1241.9917460920362,63.934046760283444,1.3856266557470733
8959.0,1243.099199711631,64.45980354323396,1.43012060325225
8960.0,1241.599280271517,64.64387501841658,1.469225270182961
8961.0,1240.7170501633557,64.62245978505214,1.5363756942088127
8962.0,1242.516396247664,64.31337354910532,1.6443813082498622
8963.0,1246.6362398057188,63.661156566801864,1.7982280577096676
8964.0,1249.9832650073836,62.9086148385838,1.923481596595032
8965.0,1250.2938053281882,62.728600987307104,1.9355669072370412
8966.0,1248.0750530569348,63.04043277378029,1.8569475289499042
8967.0,1245.0192556510674,63.214709722624335,1.812446359352838
8968.0,1242.2455113292322,63.43452183307263,1.8377891457666722
8969.0,1242.3165200498654,63.39924779387109,1.9567576540295717
8970.0,1245.667257644455,62.93042786481661,2.1411811590684517
8971.0,1248.9801295531147,62.43595783256183,2.279908415224633
8972.0,1250.9387063180773,62.35132801395019,2.3860364568680024
8973.0,1253.5794649155534,62.43342253721328,2.448868443377766
8974.0,1256.9000543063007,62.76599294020069,2.484460125662021
8975.0,1259.8602798939512,63.66451839632351,2.4947119606551182
8976.0,1261.3620803746385,65.17008886099245,2.509668918706771
8977.0,1260.3933417157152,66.79586909296104,2.5588178645006914
8978.0,1258.375573298664,68.0449040524009,2.6534835106167556
8979.0,1256.7125125179434,68.64301606298343,2.801556092322201
8980.0,1255.371442809574,68.86974318132734,2.9565588201567965
8981.0,1253.13594793941,68.79852288765623,3.069842355563834
8982.0,1251.1591056268217,68.68979876893343,3.105527353425422
8983.0,1250.6348850486038,68.6157564559916,3.037104890259722
8984.0,1250.5851746300996,68.84316890359584,2.881582366402656
8985.0,1250.0218462070168,69.43593981595482,2.7118850929832488
8986.0,1248.4819451704964,70.56966419488954,2.593325709063972
8987.0,1247.8819606329496,71.93104705944363,2.554229207823272
8988.0,1247.5759775896684,72.98693517409272,2.5790864835669023
8989.0,1246.9686009657967,73.66696238223383,2.550798267632297
8990.0,1243.8557724979937,74.12467526631619,2.3945076041545157
8991.0,1239.5929403317343,74.43380853265917,2.175504730162193
8992.0,1236.7352896928064,74.62644365845563,1.9336355043579727
8993.0,1236.5274255316917,75.01997988105624,1.7590974468402838
8994.0,1238.708342452913,75.55993541732566,1.6542488058700815
8995.0,1243.638967712818,75.81425929089731,1.5881613292086527
8996.0,1248.545836680778,76.36331556797677,1.515428434930212
8997.0,1250.3385517536224,77.57708964174735,1.41873445612096
8998.0,1250.0654761644753,79.07160267152895,1.3319594358839209
8999.0,1249.7256576708558,80.17376625714141,1.2219052911030623
9000.0,1251.1981888611724,80.58984585608887,1.0641907611182884
9001.0,1252.9263907121524,80.81771730796153,0.8968067461414161
9002.0,1252.8398791304035,81.29250024723902,0.75483012105216
9003.0,1252.1836776944356,82.0999468657844,0.7002803651755535
9004.0,1252.1541572787219,83.27780184515582,0.73468812246025
9005.0,1253.3908632357084,84.65600415646504,0.80894376255726
9006.0,1255.7108855142044,85.87322213252952,0.8928584042704225
9007.0,1258.5017077741445,86.68281822617664,0.968326042386648
9008.0,1259.9709648571795,87.38745391603797,1.0228084337856063
9009.0,1259.6583185442232,88.20709925128317,1.0476280313104804
9010.0,1256.8601198959955,88.97237488013525,1.0284538155194942
9011.0,1252.4024249651657,89.2061105087718,1.0085951502030244
9012.0,1246.8735127269886,88.8292838275623,1.0075222129664834
9013.0,1242.2093440666933,88.5220569171792,0.9976624676133025
9014.0,1239.6322333116502,88.63465738452359,0.9740420167183488
9015.0,1238.5347421432334,88.78872318798486,0.9686649542125284
9016.0,1238.2024013153361,88.3814624431364,0.9807024085376399
9017.0,1237.7401284293758,87.69070032158643,0.9815733168681923
9018.0,1238.3835907679147,87.39906953513429,0.9747088058384963
9019.0,1240.1909805147939,87.58996831269754,0.9549603746861475
9020.0,1243.0976039526263,88.08160870039725,0.9168930973066224
9021.0,1244.9473454994177,88.47730258953298,0.8653141599685695
9022.0,1245.096096611802,88.71216945793617,0.8273938813905636
9023.0,1244.379026984443,88.73437113199714,0.8065957882819684
9024.0,1243.885058794147,88.96992734748513,0.76144350001329
9025.0,1245.1739922025292,89.32717886777415,0.7025382861448248
9026.0,1247.2459341770364,89.5768577343765,0.6539248336253161
9027.0,1248.4035179443072,89.40133180437005,0.6199838939771135
9028.0,1246.6837171583857,89.1074342762545,0.5885550410110282
9029.0,1243.395838990288,88.84039899384223,0.5681817557020222
9030.0,1241.128368063022,88.1435764262091,0.5416886105852003
9031.0,1243.251974932693,87.20006996207896,0.51763060569025
9032.0,1248.1138499775627,86.620061929401,0.5162557004076096
9033.0,1252.5711420481186,86.29980695858873,0.5311616547582244
9034.0,1255.5012399401817,86.14014738238716,0.5713332587828099
9035.0,1258.852678700171,86.06465194730124,0.6193145407971599
9036.0,1263.3321703409574,85.51769997579338,0.649117039684
9037.0,1267.2331439985621,84.6299989754466,0.6650865712065601
9038.0,1268.9655013915674,83.74029732971735,0.6777745466860096
9039.0,1266.9538415302263,83.1769175038495,0.7106418850978083
9040.0,1263.165046610067,83.07195267956908,0.728398563222036
9041.0,1259.8251405735216,83.01860274111205,0.7266668425499536
9042.0,1257.817256815423,82.78293426191254,0.7344175312970895
9043.0,1255.6749090072226,82.27562000081006,0.7226954962227001
9044.0,1252.8565780647668,81.85240541426688,0.6755065582910434
9045.0,1251.263361720753,81.75079909574053,0.5857680311114256
9046.0,1251.916700868035,81.78897942045242,0.49931677075224995
9047.0,1253.6975868178044,81.69036888042899,0.4422368636795664
9048.0,1254.5289872359626,81.59907766022378,0.41546848673540243
9049.0,1255.3224192331493,81.60197066515242,0.4081495359642723
9050.0,1256.0377472871298,81.67502369910072,0.41695309153290244
9051.0,1256.384627191386,81.53445866701347,0.43501514604396835
9052.0,1255.4054293756951,81.31046915458661,0.4544833056052129
9053.0,1253.128213125574,81.14925413227009,0.46800699834153686
9054.0,1250.6860789571283,80.96157815737104,0.46010016919078556
9055.0,1249.949110797579,80.51767414499207,0.4219959324353795
9056.0,1251.3869191177437,80.0484339421993,0.37169182679731566
9057.0,1252.6829716410912,79.46534745439578,0.34846094931975613
9058.0,1252.826480561898,78.60495184004697,0.3511974213895743
9059.0,1253.466868107816,77.73855545884265,0.3682964402754624
9060.0,1255.9445621506566,77.29517243318462,0.3796471072560099
9061.0,1259.0094497999364,77.48089882260577,0.38146223409916413
9062.0,1260.694249933667,78.0901989345828,0.3681828421637183
9063.0,1261.5937482938625,78.4793556737748,0.35562053687091844
9064.0,1263.6305725386426,78.16703564096828,0.34804061313310886
9065.0,1265.8756357819793,77.88287733278429,0.32949943109656804
9066.0,1267.6739751316018,78.05903141455099,0.31314141577216004
9067.0,1268.187479736632,78.64054571573222,0.2985608500681284
9068.0,1268.0585262165243,79.43127749223302,0.31172551031234547
9069.0,1267.9973906082218,80.47950252289938,0.3664008619413025
9070.0,1268.1670764971293,81.71259243062318,0.44455354891728016
9071.0,1268.6577213445373,82.5898024510905,0.5057856546094881
9072.0,1270.4831018250345,82.80471899019864,0.5103802335691802
9073.0,1273.6054732519942,82.46637975270802,0.48551500807146475
9074.0,1276.7941238520523,81.5864513320283,0.45844504514448986
9075.0,1278.7559974752344,79.94452239948718,0.44683189985761956
9076.0,1280.6258771425723,78.21710525301135,0.43989423511775294
9077.0,1283.3275506630985,76.78327512737208,0.43041944724495995
9078.0,1285.1883057804434,75.71388738638764,0.4002521845347169
9079.0,1286.5312526098473,75.12016360162698,0.3711074485750921
9080.0,1288.5761429314173,75.50971663470195,0.36045142542864494
9081.0,1290.2838368139553,76.59728887599104,0.34972359818294885
9082.0,1291.9881785443622,77.72679021719043,0.33622988431208883
9083.0,1294.1685304624784,78.11296877916222,0.3304544310047556
9084.0,1296.2353909274723,77.40707812374298,0.3404339034597796
9085.0,1296.1692120029224,76.04793596775744,0.3381381097326736
9086.0,1293.5987634479536,74.69310044098968,0.3252433902852996
9087.0,1290.5652140023387,73.6729006989348,0.2946025620953809
9088.0,1286.9971028041418,72.78168568225487,0.2710554302984256
9089.0,1283.5950390717348,72.25301583147076,0.2505165365347129
9090.0,1279.9735866282424,72.34279588699364,0.2211124440534025
9091.0,1277.4065631028275,73.15028093003905,0.18880670052834486
9092.0,1275.3113993798252,74.22404919885751,0.18728322561178234
9093.0,1271.9825255650903,74.52184629594953,0.21551488728635612
9094.0,1267.308388357465,73.80483066046696,0.23210263159749603
9095.0,1262.784667487292,72.6179689066827,0.2387743660327936
9096.0,1260.6589328178088,71.59855948228623,0.24805133217815037
9097.0,1258.5558572482314,71.31168716831255,0.26866986602238757
9098.0,1259.3069223283992,71.7420397277266,0.31149032168971236
9099.0,1260.527202081528,72.41935792990097,0.36263858919093606
9100.0,1261.2656252386232,72.57126005942534,0.40217751206960883
9101.0,1262.1842967155485,72.37726410274479,0.44726105729012405
9102.0,1262.2872645531859,71.8512709438664,0.4937153642473923
9103.0,1262.486097283695,71.40092881564343,0.5152743816238226
9104.0,1262.6016276925327,71.40075914161105,0.5079621580703295
9105.0,1262.4522225081735,71.14711592823001,0.4586818254958809
9106.0,1259.8957143129946,70.65983938815413,0.3884919199974399
9107.0,1256.7818525326081,69.92563524056641,0.31504693558377633
9108.0,1253.3972117564435,69.36108491963167,0.2659668708544576
9109.0,1250.14940768941,68.56670393223203,0.23240547478194007
9110.0,1246.6827497081783,67.46992594554256,0.19438278406327691
9111.0,1243.927656760781,66.44827051711833,0.1543905664279225
9112.0,1242.0699758910725,65.3697656550867,0.12499067301603999
9113.0,1239.9889877832325,64.45862477690187,0.11045002182964837
9114.0,1239.4347846577014,63.74434286594958,0.09272300270043037
9115.0,1240.2979785316459,62.78067577423156,0.07657273530248408
9116.0,1241.2305918209709,61.40998167232345,0.0568541629380321
9117.0,1242.3753196797684,60.18879770408448,0.0436558567392256
9118.0,1243.4648607262804,59.030487672538186,0.031666433835422496
9119.0,1242.2985591978354,57.882963605854854,0.025642356705936082
9120.0,1238.2650277767966,56.46417488337785,0.023525970435968407
9121.0,1232.6788531607735,54.88319218375757,0.017907487291699595
9122.0,1227.9630675258782,53.6932807859374,0.009940211634372094
9123.0,1226.585995511175,52.95492678904468,0.0054440270073224965
9124.0,1227.5218965171139,52.8617062269877,0.004486580286163602
9125.0,1227.80855895386,52.69279572168612,0.003634146187854395
9126.0,1226.2572165046488,52.38527867356695,0.0027185139039969017
9127.0,1222.8404432124219,52.41410559984015,0.0022400361341603945
9128.0,1220.283029940272,52.9411333804083,0.003802926190336895
9129.0,1220.0122275795882,53.515943599482995,0.0066317699770624015
9130.0,1220.5977345127642,53.573010754555476,0.013100860391820084
9131.0,1219.9554977862672,53.40469033059763,0.026850040610432398
9132.0,1218.1240977519167,53.1569308827648,0.051100492295472394
9133.0,1218.872902415263,52.79336529675847,0.08304403526390441
9134.0,1221.819240925414,52.22858747068322,0.10841355025213685
9135.0,1224.319081448771,51.78983102383104,0.12192719617056245
9136.0,1224.657808600268,51.44535214302556,0.13920549043035038
9137.0,1223.227330361902,51.20761768323902,0.17145157158375207
9138.0,1221.7056546222314,50.90442739572517,0.20615054176704153
9139.0,1221.7354353788903,50.60464175654047,0.2435705875942641
9140.0,1223.8660854219784,50.27278801729636,0.28376169374883686
9141.0,1226.7332281441777,49.73543318362608,0.34306908984099993
9142.0,1228.5580121160897,49.456377776422585,0.4339428143440896
9143.0,1228.3152896607453,49.36211870964036,0.5449787934737039
9144.0,1227.258412545113,49.22448640570961,0.6246222043905936
9145.0,1223.728268532851,49.189650472374225,0.6535387411278049
9146.0,1218.573735811862,49.184872969444136,0.6714079365944196
9147.0,1215.2437232397165,48.83976317381761,0.7090104117995536
9148.0,1213.8535515961132,48.44950201022652,0.7758695044737025
9149.0,1213.950747111944,48.31465798296015,0.8202785785069824
9150.0,1216.4451144140123,48.32683404100519,0.81773787208996
9151.0,1220.913869635926,48.32115629609819,0.8138781228457636
9152.0,1225.172976105841,48.200473861720326,0.8711033955726399
9153.0,1228.280363843498,48.05071522343579,0.9906878406089809
9154.0,1231.0166344455993,47.96471033777039,1.1362615543624899
9155.0,1233.445203241917,47.95920681537913,1.289579933186693
9156.0,1235.3098228301055,48.0176046502759,1.440406276652333
9157.0,1236.7013394651663,48.1913533093206,1.577265544552829
9158.0,1238.9388569761645,48.194391592590165,1.7184942569187902
9159.0,1242.4882871681352,47.91538922120871,1.8740578335797826
9160.0,1245.665900943017,47.487953146305124,2.061378320935008
9161.0,1247.6519295813034,47.21841104647716,2.2942307525955488
9162.0,1249.8398589260134,47.2130857334484,2.5617780046135805
9163.0,1251.7831003583215,47.06980658695745,2.8288334587797768
9164.0,1253.95615417647,46.63455359539311,2.992095015935329
9165.0,1256.583884263063,45.88217256788056,3.0731684900093397
9166.0,1258.9702788183508,45.24251910491041,3.120373618459885
9167.0,1260.9682708642363,44.75739251733157,3.1496303685120397
9168.0,1262.2933932583178,44.50047186838277,3.21562312055554
9169.0,1262.822177809924,44.17474780986666,3.3830077891766117
9170.0,1262.7032316787186,43.631764537464186,3.6168900624675357
9171.0,1262.7627257206393,42.962338201273774,3.84209550397696
9172.0,1264.624455039852,42.423338203998405,4.011636891288552
9173.0,1269.2674332174033,42.38430009565786,4.14197920533609
9174.0,1273.8409624040999,42.584194061123554,4.205965542160207
9175.0,1277.0777422291246,42.85032036636367,4.194050707184187
9176.0,1279.583414724156,42.960934617929546,4.185592485888643
9177.0,1280.9788700224544,43.10012953044582,4.23230800985476
9178.0,1280.4493581506933,43.0299811864822,4.264044149217565
9179.0,1278.571829503995,42.79688161958814,4.213777266406664
9180.0,1276.3216899451509,42.70463413441575,4.1768441256677535
9181.0,1272.470982076508,42.69905026346805,4.186434813789969
9182.0,1266.9663714649566,42.67725620754658,4.198992280256719
9183.0,1262.2070207467066,42.826168318370705,4.24833726135025
9184.0,1260.287968955979,43.32543411506245,4.490856058896
9185.0,1261.7104533802817,43.821140769799676,4.900016991043239
9186.0,1264.2440076962953,44.006890614659476,5.228267183755394
9187.0,1266.8420074350115,43.63169082084664,5.346157485027847
9188.0,1268.568897465533,43.04941958159192,5.292800344503515
9189.0,1268.8916270141858,42.63467870413789,5.273796690753026
9190.0,1265.6010102685877,42.48188825831293,5.390797775459905
9191.0,1260.819810284045,42.29966470659418,5.70241972915704
9192.0,1257.6150124594833,42.15395851181184,6.112507204346189
9193.0,1256.5702671796357,42.14296399716635,6.494325791538824
9194.0,1255.8190909964344,42.27315630199662,6.716373144459288
9195.0,1254.8882301350584,42.50253059382432,6.890456423531051
9196.0,1254.1409333096612,42.539725756642184,7.113766256687091
9197.0,1251.9090724266875,42.22926351501398,7.382240283335066
9198.0,1248.0231778055602,41.63187642000038,7.599748633860505
9199.0,1243.7758790006865,41.13180999882213,7.684772931449291
9200.0,1240.2641019947675,40.97606608712541,7.6685830637708365
9201.0,1238.4296916847152,41.3029577216708,7.530491765528223
9202.0,1237.983998408611,41.90792137029052,7.390952882982492
9203.0,1237.497434906121,42.416841285733696,7.2220950571514475
9204.0,1235.352740470597,42.67623174263484,7.064580030537171
9205.0,1231.5670904498281,42.89408824735662,6.99825332540944
9206.0,1227.8610825220103,43.28710388024336,6.893641875142176
9207.0,1225.5702667527544,43.796426359402915,6.583401893126246
9208.0,1223.9653574586723,44.28799813945213,6.144143411162593
9209.0,1222.534909686134,44.56197715638563,5.710549425441848
9210.0,1221.5276382663333,44.84157903246567,5.308341212423413
9211.0,1221.2084973229594,45.30798762805989,5.0619376956150015
9212.0,1220.8379259960875,46.08442820964759,4.960713344757492
9213.0,1220.0715791033003,47.049451451600476,4.95702349611876
9214.0,1219.5662270927746,48.03678568530625,4.960723902003426
9215.0,1219.96594892332,48.84987122959952,4.833679484825302
9216.0,1220.207754949779,49.494582299634736,4.598538380163685
9217.0,1217.0628027808998,49.77553407181996,4.337280698125489
9218.0,1210.9188391745934,49.705533802293836,4.187159361324601
9219.0,1206.5692212990202,49.74056600568063,4.187115571582948
9220.0,1207.1312381914572,50.24555987230507,4.321959341668708
9221.0,1210.8050738102706,51.08981371034465,4.525841567198452
9222.0,1214.807597396,51.68443013826208,4.726459400419151
9223.0,1217.6966998155951,51.73248032066906,4.858558652447545
9224.0,1218.5540833427476,51.281095124280704,4.825743206260205
9225.0,1218.389086767634,50.82772809653197,4.69573817801104
9226.0,1218.5137044356047,50.3574864633408,4.56314878494784
9227.0,1218.8344802690451,49.517717570608674,4.426955748782904
9228.0,1216.8827075656545,48.67759213294778,4.305553122299981
9229.0,1211.5424959062502,48.62743728357377,4.216016455765402
9230.0,1205.4195794823445,49.52016784346171,4.058918901453774
9231.0,1201.2688794674625,50.55758522938765,3.915442381105383
9232.0,1199.3430467617097,50.94682324525482,4.018073529786625
9233.0,1196.8230889071606,50.89750565493149,4.3347222511201755
9234.0,1192.4040227552775,51.01527710860416,4.563333606759524
9235.0,1188.2799612612534,51.07527729513929,4.590846518696166
9236.0,1186.221740620743,50.70408465929519,4.52720669668969
9237.0,1185.0551079503591,50.14819644972115,4.478126966414931
9238.0,1182.0659954621385,49.449154935926664,4.463274304397838
9239.0,1178.36562543515,48.37002810100948,4.39407079037521
9240.0,1176.3482581474716,47.122360550248565,4.273798131367222
9241.0,1178.8621085904433,46.18296913184366,4.025410387813651
9242.0,1184.2064628675853,45.490173585740926,3.687971149770992
9243.0,1187.0207873034142,44.83864298333238,3.4266103053435133
9244.0,1186.3476203211194,43.90013504009328,3.359211484038432
9245.0,1184.1074173890884,42.85735840763704,3.4092578797330564
9246.0,1182.9628220363782,42.04313251168841,3.398896541573122
9247.0,1183.0341698078746,41.709516053224434,3.330086865738554
9248.0,1184.2306940691922,41.76044526520614,3.2633879107062023
9249.0,1185.5443454989334,41.85991307201711,3.190675272664899
9250.0,1184.7530242299172,41.990346604816985,2.9844583363710795
9251.0,1181.212537591641,42.17589313455119,2.684950184204698
9252.0,1177.4671134449668,42.486267429104856,2.552483126025562
9253.0,1177.1669742438867,42.7075767100957,2.6615036128451717
9254.0,1180.5292257687872,42.89652634595423,2.8985519793303647
9255.0,1184.0940722062242,43.24067915400613,3.0715204976336525
9256.0,1186.3746302981795,44.00537507685137,3.090208612937166
9257.0,1187.797696199636,45.23270952692343,2.9819599115691524
9258.0,1188.8907412182075,46.72319105186242,2.927381623598933
9259.0,1189.3582047970706,47.82292216158632,3.0132891300534963
9260.0,1187.464096944049,48.315011783125996,3.160783157238722
9261.0,1184.0967693159175,48.35666137321906,3.332577232989648
9262.0,1180.459940829561,48.302463860006746,3.5722378957307903
9263.0,1179.411951421124,48.0757874346107,3.838607898040633
9264.0,1181.6367935656058,47.65081258266624,4.056779114235456
9265.0,1185.6712973254414,47.30663130261747,4.19848095236064
9266.0,1188.8559915412557,47.39587940269023,4.260371176923555
9267.0,1191.0385390482747,48.1278005576005,4.331904556173383
9268.0,1193.2007499183537,48.84686742805155,4.3736965124484035
9269.0,1194.5639315762812,49.219986295312395,4.317860243858744
9270.0,1195.7121118029004,49.258591975206905,4.141330372970292
9271.0,1196.3394134408188,49.101883024966014,3.948217641909817
9272.0,1196.4103962741558,48.81173432479104,3.8166029723238397
9273.0,1195.8720017787534,48.586243906549555,3.6793858548466014
9274.0,1195.7606537030383,48.38477059877741,3.4939083035440075
9275.0,1195.5077782828314,48.414429743728675,3.2742869567108284
9276.0,1194.6732786552393,48.85673311480391,3.0793288659387557
9277.0,1193.6134393622374,49.48489257697201,2.9304678436604643
9278.0,1193.0249932679897,49.98472325015625,2.825342043090144
9279.0,1193.1512534515045,50.20678198624234,2.7006007343822116
9280.0,1193.5725817151517,50.68645937497352,2.583775234490508
9281.0,1194.4177727687045,51.62910559844853,2.484234857830625
9282.0,1194.2815342256083,52.852649766896185,2.3481042149033
9283.0,1193.8315159498386,53.5703320491694,2.1444511051908024
9284.0,1192.953109990118,53.991047902214795,1.9587995158780163
9285.0,1192.4339352526852,54.206689853870934,1.8314767817164221
9286.0,1190.8767646390816,54.09399651001641,1.746059137483796
9287.0,1187.941730911406,53.8494748231016,1.760869046650308
9288.0,1184.0244370494258,53.73477706150476,1.8969274686420101
9289.0,1181.296427756247,54.025556026218254,2.1036433353936395
9290.0,1181.0190259566575,54.50657954964896,2.3089250754675623
9291.0,1182.1360777364862,55.36143444839172,2.3674778267871024
9292.0,1183.233328142054,56.59617056325817,2.3062690593586805
9293.0,1183.3308681952926,58.30818414617696,2.2703385352133476
9294.0,1184.1478291618907,60.19569815025237,2.31754099734784
9295.0,1186.0990698085,61.80742061454258,2.368267410368112
9296.0,1188.3647232100625,62.718861653699854,2.429415540293063
9297.0,1190.0747547309904,63.428469852984534,2.5530803302900997
9298.0,1191.4464955824435,64.00323444086462,2.75659937739498
9299.0,1192.2505579027047,64.3490530363318,2.9298537286104023
9300.0,1192.2935544685924,64.37468262760456,3.0001533661602067
9301.0,1191.3277485497686,64.0408870081783,2.9249271854914225
9302.0,1191.9045770612381,63.68116177307814,2.8118452733822927
9303.0,1193.921445096632,63.35419550593661,2.7101771568588653
9304.0,1196.0425321119494,63.02454099427206,2.708380000654923
9305.0,1196.795421956991,62.74101119156641,2.8234775540292487
9306.0,1196.1817195484891,62.635187338214614,2.9062162724543525
9307.0,1195.3749806425421,62.710289378594105,2.844884902099396
9308.0,1196.2106092918707,62.70828541680394,2.6544904937349183
9309.0,1198.8550432290112,62.22603590454056,2.4510940290328804
9310.0,1200.9907870523837,60.983026292019204,2.3245317340150797
9311.0,1201.493286900743,59.410377851531315,2.292246416477222
9312.0,1202.3383319461805,58.337768308213924,2.2298059256670406
9313.0,1204.3587685784885,58.196361851715984,2.079508894684057
9314.0,1205.5300764130036,58.57847404574514,1.8328916268011584
9315.0,1205.6423638310291,59.08899951953655,1.597654616907977
9316.0,1207.8797403779263,59.29401623401142,1.3823398571702503
9317.0,1213.1591793011382,58.958748739446,1.1877317175441022
9318.0,1219.034642082588,58.33347648911837,1.0417192371363901
9319.0,1222.8902572533561,57.80128297394025,0.9461121795816804
9320.0,1224.1128693705818,57.52759596761652,0.8726527383501455
9321.0,1223.8100616105105,57.212968213157694,0.7834920626617567
9322.0,1223.0436384163052,56.70753758804291,0.6869981244622498
9323.0,1223.1073016484006,56.378000235312236,0.5799382520620329
9324.0,1223.3112402238914,56.40626903288271,0.50758599993049
9325.0,1222.29003921262,56.40844872533585,0.4692303156150544
9326.0,1222.7349100370277,56.28499174018306,0.4411761063945921
9327.0,1224.7208566040642,55.67339965760412,0.4032359474743044
9328.0,1226.6821513800262,55.22166691932549,0.3776464572078916
9329.0,1229.7896472493721,55.150453166018714,0.34573176970816
9330.0,1232.3839311189395,55.419020638222555,0.2903354950418521
9331.0,1236.5361083138923,55.5637187706384,0.23407294825393957
9332.0,1241.772732253201,55.71188267194449,0.2022388772334529
9333.0,1245.2727794769492,55.77314762069514,0.2000412929152576
9334.0,1246.351026104253,56.110611808568855,0.19846236472832246
9335.0,1246.0454786256817,56.341315329902436,0.18218691355228808
9336.0,1243.1361125898954,56.243279000775686,0.14867195953480086
9337.0,1238.6009491730426,55.99910000708153,0.11148971752857761
9338.0,1233.3967234649328,56.12436872607601,0.08420020743219836
9339.0,1227.9499995846484,56.844023306456,0.05953860594851558
9340.0,1223.1463107889754,57.78641028228078,0.034368910763331574
9341.0,1221.0445790947729,58.450155360670216,0.014465334740486394
9342.0,1220.5864407868473,58.463533819793696,0.0012788126450400945
9343.0,1219.2115555807884,57.747547767203315,0.0029037904474488938
9344.0,1215.00391680698,56.85069550519759,0.013936671361542412
9345.0,1209.2317930399859,56.51314724431437,0.028350218077552933
9346.0,1204.3679672045057,56.52103355106688,0.05819636609099297
9347.0,1199.3784411417375,56.56039286701407,0.11456462159808158
9348.0,1192.9866767569697,56.280050212329485,0.17880416064280807
9349.0,1187.3007206363827,55.60796114254068,0.2237289432400036
9350.0,1186.9913183135734,54.877347916394605,0.2534207118946282
9351.0,1190.9802685983007,54.28533032930671,0.2789856479704465
9352.0,1194.5055908490485,53.743096068985516,0.3031818447926401
9353.0,1195.985775849224,53.26117313347958,0.314655512267057
9354.0,1198.4068122980445,52.76154615839591,0.31877935933814
9355.0,1201.8944189189658,52.29176491634633,0.33384297124893164
9356.0,1205.0631165209213,51.77684529447093,0.3704135815238544
9357.0,1207.443714911296,51.20704449326326,0.420047829434341
9358.0,1208.465657983954,50.45984849522196,0.4291842583768336
9359.0,1209.7731604679136,49.60773822083121,0.40847101263571706
9360.0,1212.0841672071012,48.71762953778638,0.4085409989852944
9361.0,1213.4485775617773,48.01520098454804,0.4283857094294761
9362.0,1214.3389742876373,47.437013648426216,0.41099004133350253
9363.0,1215.872478117931,46.9528627402128,0.33726265273137607
9364.0,1217.3623393271423,46.59896107460564,0.25502788860817965
9365.0,1216.5670271427634,46.48156139054202,0.18093133377285764
9366.0,1216.1127531488994,46.44265006685179,0.12989542576560645
9367.0,1218.758909939976,46.88044357797025,0.11246311687414419
9368.0,1222.9235522720978,47.565505952367,0.11590586205025005
9369.0,1226.094293174081,48.05650918724885,0.10185097788100007
9370.0,1225.796014572125,48.84354209304024,0.08343022665726814
9371.0,1223.8151488431845,50.09262587819193,0.07424728502060252
9372.0,1222.368289369474,51.271489269126555,0.06839554007566807
9373.0,1221.399356339454,51.811099773012415,0.055589322490254396
9374.0,1221.1847992973885,52.085615553650776,0.040372852844200904
9375.0,1222.3448737746062,52.64073672624458,0.02871345500520251
9376.0,1223.8254527781517,53.434544735716685,0.025126244358760038
9377.0,1223.8942454418957,54.284537255976794,0.024229210609022507
9378.0,1220.7300195651453,54.93121348088431,0.021562009094406413
9379.0,1215.3512265576908,55.391354465906446,0.017765746925004135
9380.0,1211.3015298541302,55.88984873708585,0.01685016878724001
9381.0,1209.1413649168248,56.81253609151097,0.026267313735363645
9382.0,1206.6018126419392,58.00558880424559,0.04649173859352492
9383.0,1203.259122801298,59.10060521178723,0.05887642132072959
9384.0,1200.4188297012495,60.01797628930138,0.057440266095660164
9385.0,1198.5243232536768,60.20983388721015,0.054147945002352066
9386.0,1197.223686298971,59.751676965658376,0.044216799433968126
9387.0,1195.4660826169224,59.15886135997843,0.03054100167682564
9388.0,1192.2657596805223,58.68009374843661,0.02535641579952039
9389.0,1188.7659244473762,58.770346763771265,0.02705140391307213
9390.0,1186.243977580178,59.273116488114866,0.021997288797928935
9391.0,1182.4975971336346,59.71603992486947,0.011119732026019617
9392.0,1178.497170750442,59.91537368896467,0.003875467135562491
9393.0,1176.5278572145387,60.03733125724608,0.002761395299040408
9394.0,1177.1361312478716,59.70504712513488,0.007975324083808896
9395.0,1178.6409906506983,59.37817666194037,0.01809666621882253
9396.0,1178.6813035428954,59.06537039325602,0.018762476626916085
9397.0,1176.7663390830255,58.44483009260741,0.005867665708476104
9398.0,1173.5408712446354,57.6396567093701,0.0007506706786569003
9399.0,1172.0128230924468,56.89613890419559,0.015300945335060101
9400.0,1173.6013623192362,56.65742484579001,0.027418776383545576
9401.0,1177.5472783658845,56.87647341002555,0.0255171998602816
9402.0,1180.7643927502863,56.843638038784,0.025146455607795593
9403.0,1181.5161412787072,56.84973597647943,0.03608922780372248
9404.0,1180.3621185779307,57.39568917907282,0.056658633184947606
9405.0,1177.9401621666166,58.29588414812474,0.07481578339206757
9406.0,1175.185358706606,58.65342547622994,0.08647438890147839
9407.0,1174.104963108051,58.43966438016431,0.09022441371896409
9408.0,1175.344425077906,57.92918038222062,0.0928406518215696
9409.0,1175.7745764953302,57.31181918884899,0.10951502892330246
9410.0,1174.4836324850667,56.711779865861764,0.14937884881935995
9411.0,1173.3124766659312,56.31374104720323,0.18482517897074005
9412.0,1172.902078484964,56.24569853223702,0.18650065846612834
9413.0,1172.321212876421,56.20849740822601,0.15488723818726557
9414.0,1170.9910566838166,56.35200164961682,0.13581842213096007
9415.0,1167.7992627279307,56.66797669300734,0.14545917878703205
9416.0,1163.932522236898,56.69187203998826,0.17188515002131555
9417.0,1161.8432620974006,55.840089269293024,0.19779757243647209
9418.0,1161.8813771761652,54.65527928579838,0.22040949858841
9419.0,1162.448155544167,53.71443316655187,0.23775101969589613
9420.0,1163.482203345645,53.289810784167955,0.2611380063568896
9421.0,1165.7746493619538,53.310467222846995,0.3009836410624576
9422.0,1168.652675236871,53.31640006886399,0.3310710168190441
9423.0,1032.2157895172822,46.3032368535773,3.325126611639421
9424.0,1035.6862325769794,46.86339955946886,3.6328780846018818
9425.0,1038.2038277456472,47.263764093316915,3.9419484066080837
9426.0,1040.2665222144424,47.86944030509927,4.164419308528992
9427.0,1042.0451600413817,48.81994692820748,4.283173297189094
9428.0,1042.7236518071559,49.911907565599286,4.328839975923604
9429.0,1042.932484491679,50.88211753015824,4.264435839106103
9430.0,1043.0142931434464,51.73768798691441,4.143229473297154
9431.0,1043.9099116168438,52.62920781153685,4.113083419369392
9432.0,1045.4879116740306,53.53510947737329,4.18700957680109
9433.0,1047.4741970556126,54.3597215034107,4.329650610351564
9434.0,1049.2261534720417,54.82317188048378,4.5212355941872735
9435.0,1050.9364721152053,54.79710115009107,4.759124886932261
9436.0,1051.9212944675633,54.50555540451732,5.00014544610025
9437.0,1051.7846514220423,54.44940885690743,5.242997377165377
9438.0,1050.9195116557341,54.822714445814064,5.491194739034426
9439.0,1050.1024674145742,55.490741244868204,5.6950270488783366
9440.0,1049.9840709156895,56.32078085235322,5.877674436199234
9441.0,1050.6542184537589,57.185829042226565,6.051461847188487
9442.0,1050.9023107943424,57.77935258875814,6.202138232485562
9443.0,1049.5714391722167,57.98446142346828,6.2454929128464975
9444.0,1046.9781307498774,57.917964110040664,6.26778348212439
9445.0,1044.968770901982,57.845557195527824,6.296156052034493
9446.0,1044.276673880289,57.90184963141571,6.327805401617701
9447.0,1043.8661810383676,58.389888407481074,6.329463887341057
9448.0,1042.8296911582938,59.34896985957462,6.3370212171110465
9449.0,1041.5145654205728,60.52590778045443,6.3693050274782035
9450.0,1040.77801702871,62.000761670682934,6.348725268029936
9451.0,1039.6805364055328,63.50328321782175,6.401998067089
9452.0,1036.9714361931506,64.66363758834135,6.593014989356889
9453.0,1032.861775548836,65.09588335143997,6.820943878151943
9454.0,1028.736333261267,64.8635035650804,7.03340367919225
9455.0,1027.5643308470098,64.50282167507011,7.368790769099789
9456.0,1029.3302419216839,64.52262243635428,7.958213533295136
9457.0,1033.031426400039,65.18621446775592,8.76508438475579
9458.0,1036.6827070339532,66.39924421792946,9.565549284525732
9459.0,1038.5833756182815,68.12189876380874,10.1833903914834
9460.0,1038.5964437320893,70.24488204565957,10.7343963255461
9461.0,1037.9388925425046,72.51019886709905,11.267074249037837
9462.0,1039.7042514149139,74.39764746822226,11.779246367101049
9463.0,1042.289580128888,75.90194322274871,12.212905444354497
9464.0,1043.65270560868,77.23980353756625,12.678365223042027
9465.0,1043.836214085836,78.16939166498551,13.053962585257706
9466.0,1044.678542576921,78.77965060932121,13.219238701094412
9467.0,1045.763354752552,79.26829628815378,13.183165325979155
9468.0,1047.4089747734363,79.79535497705218,13.203659557203357
9469.0,1051.4854608807343,80.25390022014496,13.434445715278702
9470.0,1056.2370565896529,80.66699251076906,13.74601954310375
9471.0,1059.9636052844069,81.28631017852456,14.013380767500603
9472.0,1062.7341776968558,82.13408609417019,14.082843452123793
9473.0,1065.4797537079842,83.02550626922554,13.98949422452543
9474.0,1066.1243665154127,83.75953926968549,13.960869762955577
9475.0,1065.0341068005162,84.31864030968087,14.115115649258676
9476.0,1064.0822314715035,84.79097375961807,14.433432902824357
9477.0,1063.5376554668173,85.17612105544464,14.721411553329688
9478.0,1062.8684323216687,85.25196414292894,14.91300338900164
9479.0,1063.4260864749888,85.19318022303041,15.218447792672407
9480.0,1066.5577816503499,85.07747477662342,15.68637438094373
9481.0,1071.0522404582127,85.3390229234583,16.126148311424252
9482.0,1074.3474633286892,85.79155470261377,16.270703178394243
9483.0,1076.1300811031654,86.4821009463616,16.32859811077332
9484.0,1077.7145118769786,87.0701716467492,16.435522646158034
9485.0,1081.9548605631267,87.4073357056561,16.585655927557866
9486.0,1087.3096664787151,88.0028129652441,16.80863554768896
9487.0,1090.079573344534,89.2588724117263,17.145984474441
9488.0,1090.399685102896,90.7848235751354,17.512514715954833
9489.0,1091.0072673477127,92.15541970491087,17.84216991744052
9490.0,1092.3460173684252,93.43381399124223,18.17956926427537
9491.0,1093.029611898703,94.55151845583546,18.522196149387252
9492.0,1093.2217907042914,95.08941619500725,18.802833895054373
9493.0,1093.8763688130632,95.08987880104752,18.964903604076564
9494.0,1095.1115508454177,95.20435532082047,18.90858725627229
9495.0,1094.9640606887629,95.90667986399545,18.787655927660623
9496.0,1093.8680712733908,97.26244997013836,18.787179138658917
9497.0,1093.2734113428617,98.93655402737991,18.976942639510757
9498.0,1092.6397840968527,100.26529472021039,19.12045194309721
9499.0,1090.3334079375973,101.0829944212152,19.239085898038297
9500.0,1087.5037465052912,100.96461123494133,19.3064457032474
9501.0,1086.601333941223,99.81960622824454,19.22581972732403
9502.0,1087.8946387345295,98.69760720872895,19.10198509566797
9503.0,1089.7799665674584,98.66538396532948,19.044440577240326
9504.0,1090.5170918395136,99.62991344522138,19.08435430534835
9505.0,1090.442447316415,101.27267408459353,19.028419363453526
9506.0,1089.7198680653498,103.39329240339558,18.774221463953623
9507.0,1088.2422281282463,105.36792359956641,18.546921733292237
9508.0,1086.8545410642284,106.87936343890574,18.573473837423812
9509.0,1086.9375890439308,107.77938883770125,18.58201689429005
9510.0,1087.7815790564796,108.23614722164965,18.49433886851016
9511.0,1087.4532871715974,108.07808743453931,18.28136053343239
9512.0,1087.2098098217925,107.69791673135406,18.129807787085436
9513.0,1088.4421774121947,107.41923187647899,18.1355168180004
9514.0,1089.7854326707325,107.06212681583067,18.368814004803998
9515.0,1089.9856517669969,106.84887584679355,18.63852400300978
9516.0,1088.3990189579956,106.95680535377883,18.752379836051272
9517.0,1085.753065658749,107.50807685742743,18.727580640804753
9518.0,1082.9414962972064,108.69433263920106,18.63612827322557
9519.0,1080.2851655744953,110.56669605339299,18.6901473844903
9520.0,1078.1084348075037,112.64274609424369,18.98802264406653
9521.0,1075.526236432246,113.98584643394206,19.685037266328933
9522.0,1071.2659678196521,114.1561234288916,20.62694187940206
9523.0,1065.8770113403402,113.68687611906302,21.630499948823616
9524.0,1061.1992212405567,113.38567273385598,22.45456745926001
9525.0,1058.2826266969132,113.22141198489157,23.084155215167293
9526.0,1056.8581475617218,113.18468674677264,23.605041586833956
9527.0,1055.565098163355,113.50834778307912,23.990594238697135
9528.0,1052.063793858272,113.95775723447403,24.174523390829112
9529.0,1045.9208506174398,114.6676143602441,24.17680531273242
9530.0,1038.3266365686986,115.70658994191804,24.02866037426406
9531.0,1031.3848429551174,116.48278492394168,23.88832828597656
9532.0,1026.6028749836778,116.97876968043519,23.761105114924963
9533.0,1024.9142667020942,117.84079687358998,23.609222707268703
9534.0,1025.6565202750528,118.972250625832,23.436817268116165
9535.0,1025.7407481277685,120.14160765545779,23.293801236825644
9536.0,1024.2033419337101,121.3710612607993,23.303022340802563
9537.0,1021.4804394396022,122.93528111876145,23.37985270293719
9538.0,1018.5954572046292,124.46532365897589,23.292303832817808
9539.0,1015.6396418901791,125.36332487248917,22.841715945708607
9540.0,1014.0370095784882,125.74063290271506,22.311605575073408
9541.0,1013.1887311802755,125.66504096916145,21.839619048560348
9542.0,1012.3760431631636,125.13128678120151,21.289698810280342
9543.0,1012.3912254288729,124.50625473348691,20.58588665447256
9544.0,1013.9882551698515,124.47624423183439,19.85181646345355
9545.0,1017.8400815458851,124.87790278483524,19.256801341116983
9546.0,1021.6915546343861,124.75025818977355,18.73129489071556
9547.0,1023.9525810289771,123.74171274510906,18.241560246514883
9548.0,1022.7633220875351,121.94366263462919,17.739018410093387
9549.0,1020.8665978181697,120.15647177048554,17.371598638907997
9550.0,1021.0059351456084,119.15082067525492,17.108531303415678
9551.0,1024.4809153314798,118.65462402619428,16.875942112745822
9552.0,1029.538884259684,117.6721077948669,16.55384674768994
9553.0,1033.805335489639,116.15439825947509,16.007680761561602
9554.0,1036.279591597168,115.0128490912751,15.156146010733831
9555.0,1036.7069332616786,114.78922751586383,14.204349343032321
9556.0,1035.6497493621773,115.08115073429687,13.409507728386279
9557.0,1034.1917259399904,115.86308266809166,12.708697670670078
9558.0,1032.9122832239532,116.45275460792004,12.163304375634127
9559.0,1031.3052495841625,116.13364776635133,11.825182647768266
9560.0,1032.2805723801755,115.3845159035735,11.627038423030037
9561.0,1034.8144027822266,114.99942445915997,11.51272105234721
9562.0,1037.025099656393,115.0813627115393,11.285477723569981
9563.0,1036.924851955938,115.42337476330492,10.995194733222085
9564.0,1035.0935878448238,115.76915570597774,10.620914400573316
9565.0,1033.3038762634674,116.24612055567032,10.197812948598164
9566.0,1032.3715801280543,116.8240120694871,9.759974692541473
9567.0,1032.5380384555992,117.60940008676701,9.387094772776292
9568.0,1033.311683023683,118.98399953781326,9.04679520992303
9569.0,1034.8579369134227,121.0108121415231,8.82373182524289
9570.0,1036.3239606926772,122.36044429759016,8.675554527110124
9571.0,1038.7783223822762,122.46121180893635,8.565503761485477
9572.0,1041.6802926157286,122.50982389432336,8.483309652832109
9573.0,1045.9995266700266,122.92734472962464,8.34480994805794
9574.0,1050.7488507192668,123.85222401557178,8.270770670595457
9575.0,1054.7810067108123,124.89610486618088,8.397530971209395
9576.0,1057.6155496201432,125.00721147916052,8.60516762408356
9577.0,1058.5726093562262,124.85740264168723,8.676474291280513
9578.0,1059.400175686681,124.4475771322712,8.571761695155551
9579.0,1060.0924746907017,123.40869322857797,8.418479590362256
9580.0,1058.5555802326182,122.387324514765,8.217967399316068
9581.0,1055.619351712376,121.76008608434228,8.01395970687844
9582.0,1052.9427272992596,121.60024322413499,7.897751410936069
9583.0,1051.3082296517823,121.69268215258597,7.9693225071013245
9584.0,1051.5332770645625,121.94075353399438,8.119256111943105
9585.0,1054.4173867447955,122.21257727291005,8.248977882849491
9586.0,1057.0626673042498,122.34717795925752,8.348459632561411
9587.0,1057.1965385106957,123.186984780892,8.512277841231873
9588.0,1055.9175037206935,124.5726361206781,8.739309175064708
9589.0,1054.7079130590864,125.31619328375939,8.991413768848703
9590.0,1052.4844151210623,124.71581240422756,9.189292714372543
9591.0,1047.982502399048,124.31294797848373,9.340023483483037
9592.0,1042.2229149733198,125.05998149980486,9.370140851463214
9593.0,1038.5960911658688,126.9003914967546,9.337806503959298
9594.0,1038.3266082123923,129.041423201528,9.359876595023572
9595.0,1040.254724685936,130.56591555398603,9.53286224911289
9596.0,1042.7044650913012,131.03740521419414,9.66387412032047
9597.0,1043.8867916450608,130.68900523381262,9.551336740261691
9598.0,1044.1982578256907,129.8002644334656,9.338852283114814
9599.0,1044.8974319215604,129.03919422257317,9.282641689351838
9600.0,1045.7414450463052,129.02050027422794,9.297370729247362
9601.0,1045.4962325235615,129.4920040626436,9.0977490415812
9602.0,1044.470966197638,129.98803274352272,8.64858754727361
9603.0,1044.5876403713723,130.3081531052233,8.150681318722837
9604.0,1047.1574216730078,130.54696874556822,7.751286811554625
9605.0,1050.4654450920411,130.91780468888308,7.367659930262956
9606.0,1053.2153782149403,131.2902342621723,6.796584460394961
9607.0,1056.3088875707456,131.85247209032804,6.09091718542829
9608.0,1061.5952435584527,132.69523550522723,5.549026429572864
9609.0,1065.2513616168078,133.5291018527285,5.35210503736689
9610.0,1064.4336323619261,134.15015580905185,5.499535471446145
9611.0,1060.7242295521335,134.7087245363329,5.749220360155176
9612.0,1056.779791716306,135.32034420351076,5.8995427740385535
9613.0,1053.7697713463645,135.64238382551463,6.00289543651249
9614.0,1052.2659392136068,135.7989990845132,6.2343588480894345
9615.0,1053.2382903551802,135.97770709260917,6.529077651331881
9616.0,1054.842125501522,136.06819850508728,6.681157799513345
9617.0,1055.1941517936048,135.94404728423106,6.760995368637787
9618.0,1054.4363068449916,135.57358886076395,6.855957132473593
9619.0,1051.7724839085226,135.34353643492082,6.955426136775355
9620.0,1048.5558612473353,135.3334883412442,6.890098592554073
9621.0,1046.4748386406675,135.84422387904237,6.814052733120882
9622.0,1046.889006470275,136.0668962468711,6.750140341774369
9623.0,1048.7091585127307,135.2428841197147,6.539961995344804
9624.0,1049.3816008098333,134.31965218182378,6.305984060232424
9625.0,1048.166080969559,134.1432778518117,6.133398320991817
9626.0,1046.768836452315,134.57120142510547,6.031293134569575
9627.0,1046.788124586831,135.14333759111187,5.946225628164791
9628.0,1047.7087190154084,136.04321149233994,5.923863125251563
9629.0,1047.9747608398584,136.98085504031218,5.892805382702415
9630.0,1047.704549978787,137.48979244798514,5.7432494437402175
9631.0,1047.2873555254525,137.36128219751916,5.601941573669252
9632.0,1048.390337886358,136.96538107264774,5.556526389790531
9633.0,1049.1719407304959,136.56599641344732,5.656515520782721
9634.0,1049.3783393683407,136.45875829096306,5.917946189259726
9635.0,1049.966376758123,136.8175203745507,6.370363228576622
9636.0,1050.6664495114132,137.20929083067801,6.940895855364001
9637.0,1050.666844962072,137.35504013094635,7.399474166986501
9638.0,1050.041709681104,137.23658800786833,7.669729785527291
9639.0,1049.9361655421878,137.5000675523476,7.728338840121
9640.0,1050.6968786846649,138.23855064206816,7.656248269814168
9641.0,1052.8436009409568,139.3910360956836,7.572141656151101
9642.0,1056.5006360164994,140.40556496462455,7.554300403796738
9643.0,1060.825514304547,140.91973714350934,7.576629273391417
9644.0,1063.2014413551394,141.43077229748636,7.601715988071321
9645.0,1062.994160440861,142.531793614224,7.655185726168395
9646.0,1061.7219149316395,144.03805163342975,7.764925717788257
9647.0,1061.8806535320061,145.11843450102765,8.114481395986694
9648.0,1064.0354558184345,145.6254697611826,8.716123943971896
9649.0,1067.2800406139752,146.0432981264965,9.343902256603277
9650.0,1070.702681179242,147.0789907714103,9.698846115638704
9651.0,1072.7454434053461,148.43069484154628,9.869923441262166
9652.0,1074.7166572289382,149.75202501229455,9.973953236449823
9653.0,1078.0951151803888,150.98970468800997,9.99123400006917
9654.0,1081.656889491882,151.97107286796302,9.941397901443095
9655.0,1083.0604398819444,152.17785278166386,9.910532035950062
9656.0,1083.9393455787967,151.7519691542226,9.907587144471359
9657.0,1087.8532332784912,151.588051420889,9.98272669232481
9658.0,1092.9295193728785,151.20129802539967,10.131394337801114
9659.0,1095.3375741469283,150.82930322069237,10.280408746448524
9660.0,1094.6206248172396,150.81011632996714,10.460701729566654
9661.0,1093.4452863476065,151.90172514853037,10.63873229291244
9662.0,1093.7832184333208,152.77514029662976,10.68644449042307
9663.0,1096.4766644464448,153.0672022851736,10.615578369953148
9664.0,1100.803480717328,152.88427484938606,10.572596391560527
9665.0,1104.2864541173135,152.75356974773928,10.619411219213319
9666.0,1105.0025152432315,152.48047559813628,10.760129154274415
9667.0,1104.4498467283408,152.14796600100456,11.123938188766783
9668.0,1104.4303349004645,152.07992656068512,11.674841781322499
9669.0,1104.780378925227,151.9618008871104,12.251242181488502
9670.0,1106.2959470296535,152.190300346044,12.62905441231685
9671.0,1109.060376669927,152.23766278636828,12.81278681749181
9672.0,1111.4972504313653,152.14278887130627,12.87164194837384
9673.0,1114.3381278942786,152.0777272674456,12.89728952450412
9674.0,1118.624498264175,152.64100816992115,13.004256734390744
9675.0,1123.4448628843109,153.04860446768845,13.309667793478225
9676.0,1125.40012811592,152.86952221372223,13.732679412169
9677.0,1122.3909663964375,151.8322707742069,14.168883039902985
9678.0,1115.8814841301348,150.20647667285752,14.502970357445436
9679.0,1108.5998208083251,148.56038544622498,14.792039065763998
9680.0,1103.2733948909733,146.67395016022047,15.187230110210496
9681.0,1099.3027269189165,144.9080584895972,15.701443735272374
9682.0,1095.2550411847972,143.9301646290312,16.296385036472294
9683.0,1091.2663441104482,143.0466225264874,16.85020704762614
9684.0,1086.7689169819796,142.9245329309019,17.275876428447848
9685.0,1082.1789516830536,143.45286159269395,17.527520253988655
9686.0,1078.2259443682933,144.451473635179,17.906966582940516
9687.0,1074.8831934544594,145.27130449085533,18.49300891840202
9688.0,1072.5058904069797,144.8763149268059,19.00634060372644
9689.0,1072.0059728609049,143.51136434701948,19.227090880323658
9690.0,1072.2752539196279,142.00984886873957,19.43927932458004
9691.0,1072.2890130159694,141.48298528371018,19.57876238479762
9692.0,1071.0145445976848,142.45408348056898,19.579963999078593
9693.0,1070.0671618293493,144.19115283439942,19.483668786154812
9694.0,1070.0146330811858,145.9634553360823,19.430620484315064
9695.0,1070.2830973064242,146.95366526210918,19.356615051971005
9696.0,1071.6615311164167,146.8526667749608,19.355090967230094
9697.0,1073.3933829429088,146.36666318535862,19.555120707420524
9698.0,1073.3192828963936,145.39294613989208,19.692365737937774
9699.0,1071.7100081462943,144.17209850925605,19.645386119494564
9700.0,1071.4820981917214,143.35588438178334,19.41370654723946
9701.0,1073.7586818914474,143.6178285447847,19.197995650297027
9702.0,1077.8695411459441,144.86772270848263,19.04961156243804
9703.0,1082.4042997535043,146.64250952120014,18.94416162676816
9704.0,1084.4098722799695,148.051244152161,18.672434375655115
9705.0,1082.88779229857,148.3504005379371,18.323886685978444
9706.0,1079.6958704000288,147.76869119853345,18.214257763028584
9707.0,1077.8843177386589,147.2762011240624,18.34949086023852
9708.0,1078.6560226064967,147.3141648951499,18.544520012577916
9709.0,1080.7957393672734,147.69316046049806,18.62714904590761
9710.0,1083.4624720702384,147.7668495680581,18.40694034698086
9711.0,1086.4467215265522,147.75614232484241,17.767227678346725
9712.0,1088.9138321045916,148.23193649390092,17.02160240235678
9713.0,1089.5018551454566,149.91766621868726,16.346352357375064
9714.0,1090.4474983441391,151.83560685725826,15.632039111859768
9715.0,1092.8224760441917,152.76536277418137,14.757231271971355
9716.0,1095.6245746404709,153.05176683098554,13.887994010268008
9717.0,1099.286569525775,153.49591883862206,13.013045303833612
9718.0,1104.348575994706,154.04325804710228,12.19602588450481
9719.0,1108.68521245781,154.76154154908227,11.635573192339363
9720.0,1110.3444091967021,155.8634511182405,11.18854727219939
9721.0,1110.9031332887907,156.92120528236188,10.62977994337655
9722.0,1110.7248351334467,157.6677864300239,10.120963326119819
9723.0,1108.7445017550453,158.28851736295013,9.793309092308744
9724.0,1107.8730488017509,158.80880607041956,9.44178647845598
9725.0,1110.8268844011327,158.872160054589,8.988158157821006
9726.0,1114.589327350679,158.27724272701343,8.661709821069323
9727.0,1116.1650141247817,157.41799587269912,8.498181263502559
9728.0,1117.1739583105616,156.6176595235611,8.374850349999557
9729.0,1119.0617577715427,155.50491761054997,8.241147171548427
9730.0,1121.6273307744227,154.86101066330895,8.14886681997644
9731.0,1123.0005401849285,155.7996574619129,8.183670972803025
9732.0,1123.8884018302026,157.233582040956,8.32684133632782
9733.0,1124.9403848139505,158.3268935884022,8.34796573093993
9734.0,1125.6222214473826,158.8604411572611,8.192003942923288
9735.0,1125.5011571251873,159.03019561259188,7.8446100374936085
9736.0,1126.0729852406998,159.45139390604973,7.465315965110841
9737.0,1128.8306201869727,160.06297117356021,7.154768223148021
9738.0,1131.8110387348165,160.53411856201126,6.8505709616290105
9739.0,1132.6663146847286,160.89440444097792,6.5832153084483975
9740.0,1131.4798421067908,161.43425064443483,6.377661524602498
9741.0,1131.5194653830392,162.04363091034693,6.31059119416278
9742.0,1134.1338010597137,162.6477365051003,6.324599786450491
9743.0,1138.5286935799697,163.1596239135114,6.374037126378803
9744.0,1142.247657704415,163.2485983944687,6.270853766222598
9745.0,1144.9550034545205,162.41018237632312,6.006650674290425
9746.0,1147.8732658167175,160.98254021796802,5.636639931605591
9747.0,1150.5271121561914,159.7813422701417,5.310169903568748
9748.0,1151.2806434966342,159.33939661438154,5.045078369152535
9749.0,1149.299464519106,159.46079161295125,4.819781862528027
9750.0,1146.8427629144887,159.5854273815445,4.644918635285728
9751.0,1146.3291490009422,159.95847539430295,4.460272612128062
9752.0,1147.660972322226,160.4898638228175,4.2750780615739155
9753.0,1148.9059316919424,160.67867404664463,4.072629692376547
9754.0,1149.2632168360683,160.6594156078592,3.8535238429955134
9755.0,1149.2771128098032,160.8003571565631,3.6273742004748883
9756.0,1149.2169929026377,160.97133700645293,3.316542303824769
9757.0,1148.8774657369272,160.37316166141852,2.949304177415669
9758.0,1147.789233422544,159.391254230621,2.619753436136258
9759.0,1146.5686232944295,158.93225720013905,2.3152305286521853
9760.0,1145.7650647167661,159.54221834474515,1.9833659828928727
9761.0,1145.3226056058284,160.52735654431,1.6591747403427846
9762.0,1145.5779285231074,161.22262718708257,1.451074868380376
9763.0,1146.5277127759334,161.45387084011298,1.3889803146390078
9764.0,1147.1015100056575,161.72069725451425,1.440266820358769
9765.0,1147.8138988500689,162.11596902763176,1.5692085102410807
9766.0,1148.4169250113862,162.30595858254992,1.7118691101389054
9767.0,1148.3854572286784,162.4086191979338,1.8508594655319617
9768.0,1146.765850541185,161.90181002020293,1.9894971041617155
9769.0,1144.0894265208815,160.88539863177786,2.1234943543401026
9770.0,1140.9792965860634,160.45066062909694,2.252731458482244
9771.0,1137.1186233181818,160.57752252565618,2.4508358375719936
9772.0,1132.643514809798,160.25151854622925,2.6465138995761217
9773.0,1126.8923098515588,159.10872618964555,2.7631688141952395
9774.0,1121.3134390006649,157.6659797939811,2.8663821052052763
9775.0,1118.4903510048787,156.38790591544557,3.0100781860901358
9776.0,1120.5765321726835,155.83831053898484,3.0961552437020403
9777.0,1124.1170280437273,155.79333989999122,3.139353376866202
9778.0,1126.8967718762594,155.85276579346427,3.054290763737585
9779.0,1128.0880085392798,155.9555565959232,2.8778489592217595
9780.0,1127.4972216847698,156.2431448251911,2.7219039206308095
9781.0,1125.6464871637322,156.78660492233766,2.588306361450816
9782.0,1123.1072417106368,157.00386060235704,2.5066184044903363
9783.0,1121.3770271725032,156.41553281857458,2.445851771856486
9784.0,1120.2290596840867,155.49960661428946,2.423383883435066
9785.0,1120.9059625651917,155.3093958547465,2.43558628513225
9786.0,1122.9672028201417,156.0686631434411,2.507951883414074
9787.0,1126.1345873593448,157.33171722681928,2.6043799726237227
9788.0,1128.6696111877081,158.42144933583657,2.6766214826707224
9789.0,1129.6420956361114,159.0170290349968,2.729574708134851
9790.0,1127.9870945598857,158.609222132275,2.7880015789663806
9791.0,1123.938160702954,157.2106507881991,2.888005802134756
9792.0,1119.1618515390976,155.51397307455417,2.9375990989793537
9793.0,1113.8947007587278,153.81455367802016,2.9092090035481224
9794.0,1108.6392025783043,152.73718119285846,2.8763120022200357
9795.0,1104.1665313828817,152.58365493089244,2.870354572017926
9796.0,1101.839784439458,152.97847624443023,2.8618058533137987
9797.0,1100.9894287173408,153.36111592828644,2.7985990606639315
9798.0,1102.0692105443675,154.0398387208481,2.7154920156249998
9799.0,1103.110202917464,155.65744037087998,2.6478281355162254
9800.0,1102.2996226942605,157.56621727086537,2.5545913717853885
9801.0,1100.0757388483178,158.52850401058606,2.38682304187193
9802.0,1098.9690464078747,158.03413866972244,2.2014663156838883
9803.0,1099.3587110892936,157.306524979224,2.03863340037184
9804.0,1099.695841856609,157.0977816146398,1.9194771057588025
9805.0,1099.3306210152564,157.64265141208296,1.8601867940482224
9806.0,1097.6367974963605,158.25054456736325,1.8923740743433741
9807.0,1095.073436594154,158.3623013063147,1.9901041148102498
9808.0,1092.6746171801046,158.03078495265558,2.111289235422312
9809.0,1091.3953535522933,157.93118353882542,2.2546290985042177
9810.0,1091.336932988399,158.7470721591895,2.4118604045739023
9811.0,1092.3752581425624,160.26875633025665,2.538708901689369
9812.0,1094.2104304521697,161.9854504953032,2.595711005530682
9813.0,1095.6327179717657,163.06587095694601,2.6032866025985295
9814.0,1095.4772650765062,163.57192286762358,2.6253718955640037
9815.0,1093.0550181011274,163.72851791446735,2.7277808753682597
9816.0,1089.5173925397307,163.9651349242351,2.883378591002988
9817.0,1086.6206236876624,164.2133121835971,3.0950335718055624
9818.0,1084.6409340064565,165.00968728017313,3.363819697688172
9819.0,1083.677062040755,166.12831570762765,3.6790565887168896
9820.0,1083.4183117682053,166.88994950207447,4.019537158201155
9821.0,1083.281025658196,166.94890817389324,4.3032677907148855
9822.0,1082.2223044255554,166.57884111122218,4.455677970378336
9823.0,1079.4200396718597,166.2208636621557,4.498700176094602
9824.0,1074.8520711445135,166.03071126939025,4.477861604065305
9825.0,1069.3609928783105,166.7077316663031,4.485211363664698
9826.0,1065.4088884774114,168.35112324036865,4.5248117076738295
9827.0,1063.2912527300978,170.74512689863647,4.587829040153676
9828.0,1060.7140322973971,172.7737310820403,4.536019245149697
9829.0,1056.3165480481664,174.13678257868068,4.385389461663623
9830.0,1050.9970203666896,174.4797040963045,4.349403347218182
9831.0,1045.7116555612108,174.16514608908102,4.494753792562234
9832.0,1041.0804376890703,173.588679234428,4.7106382435842304
9833.0,1037.7895853748978,173.34954658175624,4.870876587539063
9834.0,1034.7946333840825,173.3718132307192,4.910503141509561
9835.0,1030.0654044992098,173.40029477941184,4.851492265822707
9836.0,1022.5495085777702,173.4166389512575,4.885291616273378
9837.0,1014.1458907797826,173.3934642615409,5.105249011797637
9838.0,1008.6766118307772,173.98477860062786,5.424049045518263
9839.0,1005.3160677930243,175.02688833961983,5.740326507634622
9840.0,1002.1331850094126,176.26912800095286,5.986522387581668
9841.0,998.6487303470194,177.54137792930786,6.061794396903744
9842.0,995.0682539208242,179.33955971050295,5.9482983775864895
9843.0,990.9738113686217,181.24347275876417,5.721411551104673
9844.0,986.886048226191,182.64927115041885,5.452529161341918
9845.0,984.410624154076,183.43307467376087,5.155884846522169
9846.0,983.3613267169155,183.4059050279056,4.932764597895839
9847.0,982.3396978295575,182.43320537831434,4.880220187613761
9848.0,980.8219294398058,181.17817526965803,4.88241347361856
9849.0,980.4318063879952,180.58479808705755,4.85205033522374
9850.0,980.6557489843522,180.27045783312388,4.814976846760803
9851.0,981.3495258133413,180.39274092709078,4.806041351473731
9852.0,981.7580865476251,181.06071814645696,4.782455856083983
9853.0,980.9662647323457,182.14144377004942,4.76501468956265
9854.0,980.47160790778,183.41674588351856,4.76904397968253
9855.0,979.6833099494211,184.51324870440587,4.8478320859084905
9856.0,976.6264841730233,184.6606198678828,4.969150516028723
9857.0,972.1765076189484,183.7917069915396,5.089630075634723
9858.0,968.0692716580184,182.7253115920377,5.168940661606594
9859.0,964.4218707264835,181.81921174717598,5.1597577255302
9860.0,960.752958278631,180.96825468506475,5.117730993964868
9861.0,957.6465643117288,179.82879651607442,4.949297298030626
9862.0,956.0730445680404,179.4755006994901,4.782271722334737
9863.0,954.7017906480362,180.10714609109613,4.662151765362722
9864.0,952.3374632547986,181.61332299947355,4.605198528709118
9865.0,949.5677613326926,183.11392574452674,4.542421914975389
9866.0,946.1516227431035,183.38338115742047,4.389080685276623
9867.0,942.1020668349806,181.59987434156804,4.149131163288224
9868.0,938.3507614102823,178.74881792635506,3.9731002176029637
9869.0,935.9645337045527,176.0174033860836,4.011414771964756
9870.0,934.7633679362581,174.2230442205236,4.2339188310593
9871.0,933.4562162097967,173.17155830143292,4.540296792759728
9872.0,930.0741013958408,171.71066991942723,4.73319028167533
9873.0,925.5632265579687,170.24737604138883,4.700718880705658
9874.0,920.9145772078037,169.23408646378005,4.54248291286682
9875.0,918.0646184714269,169.12665568138058,4.33845987095106
9876.0,917.8459321490922,169.53661731864244,4.197497685473793
9877.0,919.2471208006328,170.1111243883035,4.180543774081597
9878.0,920.7864456823759,170.59066191573743,4.223079786477689
9879.0,920.6913649754226,171.14746471908276,4.1789860687719225
9880.0,918.3044698638134,171.43792382954192,4.045941602275812
9881.0,915.9956586719514,170.9394474237402,3.933100644117529
9882.0,915.2067582550774,169.78752868629897,3.928289949313788
9883.0,914.6449645403646,168.64103331968906,3.986008576440846
9884.0,913.2800218773276,168.27897948422543,3.947413221112236
9885.0,912.1648498644064,168.10761393736192,3.859509902697331
9886.0,914.196773199679,167.43719786679688,3.8344908048836475
9887.0,919.564660020219,165.84088327995417,3.9345124555163022
9888.0,926.4624252892183,163.8971221619857,4.028499905238029
9889.0,932.5264091253694,162.18031006981113,4.028463416018498
9890.0,935.1783372705708,160.5114891047201,3.9129035846087237
9891.0,934.6343774330693,159.07349064760996,3.8036578811317963
9892.0,933.779323575653,157.95402953415933,3.7463409504590217
9893.0,933.2741602021382,157.2692701087625,3.692770621958889
9894.0,932.5663480601294,157.26032695787617,3.64482138157074
9895.0,932.6240443001244,157.61888835670135,3.5873305869835
9896.0,935.1346489900196,157.8342100758498,3.4817306281669516
9897.0,938.4513943591315,158.25672028696206,3.421009950215618
9898.0,939.4909408575054,158.92493725247618,3.5159234313329764
9899.0,937.8863901797805,159.57169086548382,3.6858504396833345
9900.0,935.5516870234238,160.10920219090227,3.808710124477056
9901.0,934.2313177757327,160.07237094395927,3.79093010436721
9902.0,933.3687726804441,159.26392473115453,3.631819982448903
9903.0,932.5455848132075,158.7593584086482,3.3377950091646884
9904.0,933.4805496139879,159.5590612202942,3.082930947203844
9905.0,936.2563245619408,161.08221140023522,2.9388930281135996
9906.0,938.5606665039063,161.88086892356083,2.8647962176753916
9907.0,939.2657483404254,161.440843942125,2.866355253664704
9908.0,938.4393392455443,160.45904775449762,2.9815193431026756
9909.0,936.3320764841822,159.45616104016685,3.16989502031601
9910.0,933.8840089864012,158.29761602120777,3.364812664114205
9911.0,932.313270983717,156.7920360212715,3.6025859445772848
9912.0,930.6163441106256,154.97305864216435,3.766619400546242
9913.0,927.5864868423508,153.3751112991961,3.825896136823836
9914.0,925.1358834735205,151.86854380321935,3.8543759277317315
9915.0,925.6438080735857,150.1337108361147,3.8727044821101924
9916.0,928.4617430465813,148.30707047757213,3.8958407269260964
9917.0,930.2352679483272,147.07892528230877,3.9181380179722645
9918.0,928.6175278351215,146.71008598875719,3.91724463396118
9919.0,925.1056100218035,146.9558865872684,3.871507686360678
9920.0,922.2477491971782,146.94447198629024,3.813366209881008
9921.0,921.1398317525272,146.3804731328392,3.7962745231854247
9922.0,920.2400290576206,145.92491247259088,3.8413059664265
9923.0,918.3946402572101,145.46290291161603,3.9154366823141378
9924.0,915.9671936601081,144.92855713997986,4.007890407324856
9925.0,914.7282686305144,144.4724084933097,4.123336522448001
9926.0,915.5700703807579,144.50123213207422,4.269590358947664
9927.0,917.839688159839,144.65227313806906,4.39791606921681
9928.0,920.7069879922221,144.57157886878082,4.500778330984365
9929.0,923.1307190055184,144.20850245984548,4.5972013455365905
9930.0,924.7185274987553,144.1431929399127,4.697222796517753
9931.0,926.1606695859128,144.6738090279756,4.824917744055812
9932.0,928.7589430068153,145.33713186223028,5.0082975188323084
9933.0,933.4507357075731,145.82691834935963,5.182231522910311
9934.0,939.3566134632811,145.78683424895513,5.306230143784848
9935.0,943.520143533529,145.19930821354032,5.405126577989694
9936.0,944.9113517396282,143.84347687696552,5.498028701530753
9937.0,943.4599734062215,142.57509128755342,5.483989583920642
9938.0,941.2188152693545,141.73970541480608,5.253448874346509
9939.0,938.607717153655,141.37339363495937,4.870201620132089
9940.0,935.9509802046581,141.365855203164,4.461191900645424
9941.0,934.570690141096,141.92686509149067,4.085394199626355
9942.0,934.5799659407525,142.8802321801788,3.823791820341312
9943.0,935.1182404609614,144.18920154716625,3.7668891347071014
9944.0,934.2048894586951,145.0816407647544,3.8433570664653125
9945.0,931.4248543399697,144.18431846369916,3.9695619261384025
9946.0,928.6069244015289,142.46395638655102,4.154113958374208
9947.0,928.4182911604327,141.202123171872,4.359613918570323
9948.0,929.7296860467665,140.64751349645138,4.496039884760092
9949.0,931.1273220939153,140.3426909280872,4.481141602855903
9950.0,931.1698156822582,139.94888107200063,4.366395687676373
9951.0,929.4592823600415,139.45197203256438,4.272509008583426
9952.0,926.4398588081464,139.20292969966397,4.2093806871069015
9953.0,923.969381158357,139.06660440003216,4.199108918359108
9954.0,922.5380879240066,138.59793217230128,4.1887557150921
9955.0,921.0815777285187,137.72329176304828,4.167455756850172
9956.0,920.5069434115518,136.98701579901464,4.166502461353513
9957.0,921.6405246977479,136.3615983601296,4.170951384998118
9958.0,924.5236173279216,135.25421534412175,4.116790193996751
9959.0,926.6224220337265,133.9652313866851,3.9952049578887747
9960.0,927.2189199306947,132.73138427904735,3.845523588520435
9961.0,926.8705516355816,131.8285758306055,3.703482900158861
9962.0,928.0027926478757,130.95470111090302,3.5942856325236168
9963.0,930.2061695762999,130.1797083084327,3.5134315547367003
9964.0,931.640516480077,129.4793759061662,3.4637271193249926
9965.0,932.0033352639383,128.63599466411165,3.4436962730272147
9966.0,931.9898880175991,127.90585673807313,3.4818623274300093
9967.0,931.8886112179423,127.53420721516144,3.54766269624648
9968.0,929.7155161052516,127.73562285246335,3.685908342794242
9969.0,927.543624961857,127.86152240565856,3.8989620297831022
9970.0,926.9141182968546,127.30077250590735,4.171040633580005
9971.0,927.7418010043891,126.51937005008068,4.451719195343257
9972.0,928.7442191095678,126.20922866443006,4.719688077196175
9973.0,930.6680213904523,126.76394564498216,4.908990108188328
9974.0,933.0303150706488,128.02620549690354,5.033118469990013
9975.0,933.2215631958034,128.94269365062442,5.197982403586896
9976.0,931.2290585915487,129.68598826619532,5.3289968516132395
9977.0,929.0053328074935,130.30811931605692,5.4594491260838875
9978.0,928.335453116909,130.86497278058175,5.566474005147263
9979.0,929.4418670279412,130.92528804809368,5.710788777856948
9980.0,932.8791060881966,131.07737738465033,5.919605151989777
9981.0,937.4132205799817,131.55001886539844,6.205979037990064
9982.0,940.744240724124,131.8686609021411,6.52970205639555
9983.0,941.5216706011547,132.1325368040137,6.83555984253293
9984.0,940.9751245850224,132.42552405087807,7.103516197880218
9985.0,940.8083177592134,132.7981512818163,7.255853920648795
9986.0,940.0655409548075,133.53750512948042,7.215849503202888
9987.0,939.5627890611406,134.82814867348364,6.991674387088502
9988.0,940.4005538009961,136.27090973016345,6.814720378743763
9989.0,941.5388575277566,137.54271777139056,6.723025397960061
9990.0,941.8327005433478,137.6809550061829,6.67216848352681
9991.0,942.0796759275735,137.37679117076578,6.679452099724962
9992.0,943.3481982583967,137.27283412412797,6.698618461980724
9993.0,945.8559085076704,137.6726171276742,6.611536069609749
9994.0,947.0937880383386,138.34804300363734,6.395615668084702
9995.0,945.5542651679293,138.8794381014152,6.118278483507469
9996.0,941.9975509966978,138.95039749342618,5.868614197096398
9997.0,937.1599397197602,138.46416231273614,5.738524406812627
9998.0,933.2803807090587,137.3505969348224,5.6443071357180035
9999.0,931.3512921830448,136.26504992301835,5.457460485637471
