nstep,msd_x,msd_y,msd_z
0.0,0.0,0.0,0.0
1.0,0.0007366349666404099,0.0019848174406641218,0.001626047557518399
2.0,0.005998098217812049,0.007959132443160955,0.004400938547784902
3.0,0.017382489632728943,0.012088507730062478,0.0029844019369024014
4.0,0.026049776004324725,0.012742095327192202,0.00033029391252009904
5.0,0.025229119504032817,0.015761665037521022,0.00039200436081000275
6.0,0.01898288750656005,0.0282617655847697,0.0015401001696921043
7.0,0.017839833614905643,0.04881589320737642,0.0015365616009999988
8.0,0.02525418381492249,0.05331257952932897,0.001354360706689606
9.0,0.0419166986650623,0.04133840430951043,0.003181565764836901
10.0,0.06609109302433411,0.024261915908017084,0.009130566916000005
11.0,0.09172882553122859,0.01513987761452426,0.014905084181504413
12.0,0.10789536576048993,0.01521942655836176,0.015862646809000007
13.0,0.1204806314502402,0.019194802922996232,0.014239035550404903
14.0,0.13902588461306267,0.019143005343062628,0.017693128560870415
15.0,0.15735947318107213,0.014612605400412261,0.03429665836934491
16.0,0.1727188632372681,0.007457439910860922,0.05878084359471212
17.0,0.19432524353815683,0.0031677614554369484,0.0679193911699801
18.0,0.22948938155025003,0.0007935934092240938,0.04330082383225001
19.0,0.2566873726376974,0.0002237567222499896,0.012815401458316897
20.0,0.23453773393772165,0.00394306131843996,0.0004366624584609023
21.0,0.1597782528841982,0.013769703517584301,0.0012840662391768952
22.0,0.08541833922050572,0.030068430474300047,0.004547680183520094
23.0,0.04950354888684478,0.058826883709651424,0.004509737614976395
24.0,0.040880420027464975,0.11417063198310241,0.0021702470105281007
25.0,0.041899117808707434,0.19899726057738762,2.6170386490000575e-05
26.0,0.03839634763401953,0.26762176198375837,0.007730671979577598
27.0,0.03190559024824966,0.28899905145114235,0.025163391239872906
28.0,0.03398615396915541,0.2643648759780619,0.03790489309340411
29.0,0.046855039830062464,0.21013188936210186,0.04519865795205761
30.0,0.06264265631052242,0.18524346275265546,0.061628842007464886
31.0,0.06085992293984163,0.21814640741733163,0.08983899007614095
32.0,0.04454371493659243,0.31751490570685176,0.13410049182307562
33.0,0.02704889740093995,0.4410197118769216,0.2028710237934437
34.0,0.016362991698768065,0.5390852933415176,0.3126977954294544
35.0,0.010572807879705588,0.586855139907383,0.39837986086756
36.0,0.0057447076978225245,0.5498330018025621,0.42261481079865626
37.0,0.0033319920620280396,0.46558154350632924,0.4273605071769856
38.0,0.0033739566764928912,0.37482628308713567,0.4567194264240399
39.0,0.008984025612810007,0.31810469693944343,0.5043806736576171
40.0,0.01927540435209215,0.27191912365982207,0.5415660154786561
41.0,0.02361496679342437,0.24194691816099936,0.5624676304656963
42.0,0.015147778083216119,0.24331882472601585,0.581387202906
43.0,0.00047368344863291096,0.27662867254409973,0.6434582912085905
44.0,0.011686085644840055,0.3300316249727635,0.7325320293967224
45.0,0.055765929856572215,0.3686414076927408,0.8300659646497939
46.0,0.10468169057024988,0.41268075358942824,0.91485609465721
47.0,0.13333400398750392,0.48343020044310253,0.9464396713687161
48.0,0.1293534237953168,0.5634241092342713,0.9510504986025122
49.0,0.09817172218226887,0.620018964848609,0.9600701603248901
50.0,0.06969732000625008,0.6359716070717584,0.9877784713832024
51.0,0.05164937567970015,0.6107693370903285,1.0386619936493826
52.0,0.04464112726318083,0.5926493606940719,1.1134444020015624
53.0,0.04648704683310241,0.6035629665169215,1.1666842733185603
54.0,0.05706927299589781,0.6430047665506078,1.1628573780298224
55.0,0.07435936162015681,0.7021314275918085,1.1383953833445772
56.0,0.08927208182923566,0.7733461891530806,1.1448930450105625
57.0,0.10043182767423628,0.8603970688123278,1.1574849818098576
58.0,0.10676892805152272,0.9123312942121222,1.2009096217784485
59.0,0.10550687604396843,0.9271578646387356,1.26616168188225
60.0,0.08838445378075317,0.9405061630211808,1.3161503020276837
61.0,0.06968362950896517,0.9588774878844099,1.27944399185001
62.0,0.060284853224467735,0.93764342873601,1.199457366870708
63.0,0.05665264448978569,0.8786256036570949,1.1642314184997138
64.0,0.05032525899572647,0.8437515917826297,1.1651215225232026
65.0,0.04363754717184043,0.8255196516204545,1.1603738867305105
66.0,0.04067530643344014,0.7993799225986391,1.1447916329644097
67.0,0.043404655575865786,0.7445156102361126,1.1787123534990402
68.0,0.05336573560506239,0.6954453326023219,1.2136735059256203
69.0,0.07199325047073658,0.6609262206322157,1.1836787426594002
70.0,0.10999160310603238,0.6362292026856529,1.0801975365232703
71.0,0.1582250620020198,0.5777528765143244,0.987174449536241
72.0,0.19987748626755994,0.5124498270531195,0.9271479854098578
73.0,0.2264480502287362,0.46376379210420254,0.9029263533418967
74.0,0.2476915238092686,0.40949244866104045,0.908742510547217
75.0,0.25727958458802247,0.35480446206662164,0.9232699654215846
76.0,0.23814976819492814,0.3108340698725019,0.9627592879608803
77.0,0.1997565882174771,0.26014544298470244,1.0417084387246163
78.0,0.1540963347071234,0.20264452977951325,1.1423119358452036
79.0,0.10409309802254475,0.1682744592412898,1.1908063744605628
80.0,0.06095964950400666,0.16771900632271153,1.1825243181796357
81.0,0.031055966102620805,0.18878627869088502,1.143184170748368
82.0,0.01558852381308009,0.2103367989000094,1.1315173005331207
83.0,0.010337183383363625,0.23012588637878428,1.109409480816308
84.0,0.006037358376193614,0.2437341704652479,1.0772758920777608
85.0,0.002393093998947591,0.22122027060154742,1.056034659202121
86.0,0.0023506294092241068,0.18146736082281928,1.0848296521384337
87.0,0.005782224556083659,0.13913749706973164,1.11355699455441
88.0,0.006856851853332089,0.08759331602842214,1.12513326151454
89.0,0.004773179379240052,0.04105274096985738,1.1709989306991617
90.0,0.0038546378696328663,0.017175903174196927,1.2085445659262977
91.0,0.004003673739668074,0.01579157912670244,1.1920991688690434
92.0,0.002925946627680462,0.026804844167422483,1.1038956183874968
93.0,6.570091347210517e-05,0.04390362968952482,0.9902642920576578
94.0,0.004683477883683551,0.05917938793905942,0.8644830568611561
95.0,0.011863797311523627,0.07588628279262227,0.7665492787840001
96.0,0.0074768620203225266,0.09520616334060128,0.7481405091853455
97.0,0.00022088231365210447,0.10898106307983989,0.7427584985499847
98.0,0.00027893609390439216,0.10106021290209607,0.6776622407579049
99.0,0.00019406886033960897,0.06885759109328977,0.5479763398379777
100.0,7.405686769689862e-05,0.04446273243713419,0.4262352935743204
101.0,0.00017060748442239616,0.04299419252716814,0.3572089627175522
102.0,2.761618111210241e-05,0.05507300802343198,0.362840063374685
103.0,8.409605275209135e-05,0.08299947807368967,0.3893084986057281
104.0,0.002427507279667573,0.11222073214057664,0.3580709391662841
105.0,0.004511752477376379,0.11745154921520208,0.3177612525939856
106.0,0.002387256603393548,0.1271034158252352,0.2699753580477409
107.0,1.3020406224401362e-05,0.124526221132253,0.2302937498522762
108.0,0.0005694694958736267,0.10610896460456368,0.22298762954923562
109.0,0.002203995457692915,0.07334754558935046,0.22263843066689296
110.0,0.002655028637380929,0.04965016063238556,0.18366074226129636
111.0,0.001705372004822498,0.045278107349440815,0.13430054674675204
112.0,0.0011584601875456214,0.06530070693240074,0.11570902289288412
113.0,0.0007643195624689274,0.10825692418564006,0.12556334845365608
114.0,0.00108740338564,0.1564248141032927,0.14258933475660093
115.0,0.003323694299220154,0.18550742585483262,0.16740323970334806
116.0,0.010789633368385605,0.1956075294451598,0.21521816639585434
117.0,0.027853453693731677,0.19932539759321272,0.26712693473369764
118.0,0.048671962172873,0.18573559772848067,0.29409235942600903
119.0,0.06057997197740011,0.166055247551513,0.301249791429553
120.0,0.07719927771185664,0.15809041195422227,0.32816463833503356
121.0,0.11111580893854447,0.16441176782938405,0.3818559612305026
122.0,0.1479462679598655,0.16950755319770255,0.4225320326071297
123.0,0.14390908554932047,0.17005733862840816,0.4631898714266916
124.0,0.10866635345763985,0.1975493317896481,0.5349602662796485
125.0,0.07919212840812191,0.24916060576800955,0.624317442736512
126.0,0.05331586290919861,0.2712792015180896,0.6669239843791397
127.0,0.035021113861704166,0.2266846266965275,0.651572017584012
128.0,0.028603756089602587,0.16500166524376086,0.6340821914801282
129.0,0.03744564793708846,0.12386046142542223,0.6459599712573224
130.0,0.05881472810555043,0.10803613003224952,0.658192648583933
131.0,0.08926476773840993,0.10277165180883203,0.6363773968306757
132.0,0.12223496251216877,0.09607789827092222,0.6124125494131264
133.0,0.15483981817954853,0.08218296843751832,0.6012033356513811
134.0,0.19324646314772467,0.06186430470712955,0.5971010201825344
135.0,0.23110609215150293,0.0439337865110542,0.5834611089159876
136.0,0.25114468731782463,0.032797496138623906,0.5682765698942641
137.0,0.26544516697196435,0.022349406827952403,0.5710500558165318
138.0,0.3032702366780534,0.00889227876925427,0.5742748745417475
139.0,0.3426633052502504,0.0013015506505400735,0.5588790111920521
140.0,0.3516403778328526,2.294745312250371e-05,0.5378012691454227
141.0,0.3356563873939599,0.0005754438143281141,0.5348233258771455
142.0,0.2855689955086333,0.0029718383422849283,0.5609160066994278
143.0,0.2285815989003266,0.011293083357966539,0.5850558401257249
144.0,0.17356749996134874,0.022447812296883713,0.6016720624355529
145.0,0.1273537916075568,0.022249943645222713,0.6136596421817762
146.0,0.08318870373723064,0.019862251422250014,0.6484308962392851
147.0,0.044079162062144586,0.022681884097603654,0.66583217301316
148.0,0.019030859147664336,0.02662506894961001,0.6449890130419265
149.0,0.0075370022291281575,0.025454332608339725,0.6282413123805627
150.0,0.0023095098501696473,0.023517979923833008,0.6191708964632568
151.0,3.5522792009971167e-07,0.030890508988441666,0.6244615247402885
152.0,0.0022858477350915533,0.05091235812302901,0.6526130270043026
153.0,0.007467830483892044,0.08103454367654883,0.7127052809671878
154.0,0.011754222037272097,0.10333646087881201,0.8051739759231169
155.0,0.022885556708872816,0.10812245429564457,0.9149925130768082
156.0,0.040842021212928147,0.10268186409681257,1.0460818126415883
157.0,0.06295109100831352,0.10567126556516902,1.2117222444001539
158.0,0.0918431512753227,0.10653164627425973,1.3844417076614604
159.0,0.13841580782756274,0.10542697939694454,1.5146806780548498
160.0,0.18779087045043366,0.1047784206555026,1.5688549485523602
161.0,0.21951196492268135,0.11069231093661155,1.5721533390320521
162.0,0.24744476281923994,0.12016749817538609,1.57997006138596
163.0,0.24804904116484824,0.12764204582587282,1.55672260043161
164.0,0.21330974543790246,0.128607192680403,1.5639712461674897
165.0,0.16173425815752024,0.12077274986358805,1.686904376885969
166.0,0.12783126907429979,0.10259840000702257,1.869120532130309
167.0,0.10412544788256226,0.08022444441664033,1.9508227917172163
168.0,0.09221281484329705,0.05694813322608655,1.8699179983053027
169.0,0.08827364497961616,0.03211655026302814,1.6967686878485475
170.0,0.09883094900120978,0.012989452664838478,1.5102745734046439
171.0,0.10902132197141268,0.002972710639404954,1.3508877085013027
172.0,0.09767539468819657,0.000599853655448103,1.2115987397441315
173.0,0.06420712557656248,9.074658121000812e-05,1.0942870276830623
174.0,0.030014460640112445,0.0003264547921636019,1.0001000825040018
175.0,0.012246956916040778,0.005098278448972822,0.9760618594080648
176.0,0.002920531278963631,0.01961537221291211,0.9808010651230803
177.0,0.000508490323072887,0.035800798736779875,0.9579819822914915
178.0,0.0006473777987043944,0.04621139150172227,0.9162076995750122
179.0,0.0035337864928355685,0.04988904632527334,0.8304126848428324
180.0,0.011173656958470377,0.04767713299888345,0.7110894514254399
181.0,0.02496492588858472,0.041789163599040245,0.5590300628865968
182.0,0.04343407786323338,0.032500633219662206,0.41962965570535854
183.0,0.07174616174046747,0.02116086629006247,0.3359496648157224
184.0,0.09326059678056016,0.011177162428409892,0.29146443256029164
185.0,0.08630034874402397,0.004141034469756807,0.26576266441262764
186.0,0.05671547965601451,3.510598050089208e-05,0.2454344567160964
187.0,0.029836019088723693,0.0032291351772304614,0.23516687149160484
188.0,0.015648556371755988,0.008796575354803582,0.22324890741037295
189.0,0.007543775391108024,0.014007155664348885,0.20072056738188004
190.0,0.0030334594059224828,0.02107330401226101,0.1683764617757402
191.0,0.00015682001892840724,0.03903040008687707,0.1384374020309329
192.0,0.00038700174796961527,0.08163189551196193,0.11598012597810259
193.0,0.0023756831313603826,0.138828084744888,0.10478644844402255
194.0,0.0033024974653696475,0.16915888829448997,0.10486342075948836
195.0,0.004646544933424977,0.1629941663071297,0.11081699045425955
196.0,0.005798930633504144,0.13762009123411262,0.11445490108418561
197.0,0.0031932083119103716,0.11221097733806501,0.10875062066148813
198.0,0.0003027593040004148,0.11250563722596038,0.11195662464063999
199.0,0.0007899320588329029,0.14841475018832256,0.11863989181161648
200.0,0.004326533481432087,0.20915497294392962,0.1186570042783877
201.0,0.011892183850664106,0.2715835955824495,0.10955432714160636
202.0,0.015871391254523994,0.3186681304687204,0.10471679820006255
203.0,0.011052014127673562,0.3728423006342597,0.10200836238075044
204.0,0.004417423417689987,0.4449787026812184,0.09398783820940956
205.0,0.004215888018216936,0.5097768221403653,0.07996104458834556
206.0,0.004969822779180868,0.5480436014021098,0.07525916550272163
207.0,0.002161197368142354,0.5692993288013334,0.08362071740590091
208.0,0.0005807478236640824,0.5746713226512249,0.09676859507378005
209.0,0.0006516685728399938,0.5831768246980235,0.1103591986326025
210.0,0.0005636184624224856,0.6522318607722131,0.1171825373844226
211.0,0.0018808623545880888,0.7273094572353604,0.09272278954738888
212.0,0.009141518775464081,0.795171603003603,0.0563416874851216
213.0,0.014226721236672275,0.8412908040272834,0.03643770551275692
214.0,0.017291710854202492,0.8073890474328898,0.02959846696820252
215.0,0.014534062583289941,0.6821336876218226,0.03424308798925439
216.0,0.011559507479522549,0.56296329535744,0.038003919522483595
217.0,0.007083164815171634,0.49598186589604,0.028755327910081608
218.0,0.004786456297008326,0.4481054237218331,0.01526403417529001
219.0,0.002425373383686392,0.40531099891216016,0.008323624509209995
220.0,0.00011013138192250203,0.3960679796980631,0.006951443985102405
221.0,0.0013419056219208865,0.42284304860626903,0.007878307421628898
222.0,0.005440288294056181,0.46843066795800326,0.008967677112752408
223.0,0.007462682669712472,0.49476712858992355,0.0055433683344400025
224.0,0.008674744789656193,0.48581182982412113,0.0024458504366916076
225.0,0.00821576187590557,0.46446886977142104,0.0009574389251001021
226.0,0.009189289142208353,0.41211627510160975,0.00047232415832039964
227.0,0.011167482495216052,0.3402033446264208,0.0012323188993600025
228.0,0.013947328923416153,0.2755383923046,0.003865984303161602
229.0,0.01838151339283353,0.28432968979854834,0.004663662046820106
230.0,0.025747556014202633,0.3581080881989687,0.003099747938144406
231.0,0.0410204343264004,0.48105005368039894,0.0022109810239448998
232.0,0.0681541405897103,0.5984765941290364,0.007204074573312413
233.0,0.10378254896594022,0.6543111533808011,0.0239191681067329
234.0,0.14562974872691584,0.6289958087273547,0.03704892381214089
235.0,0.19263646665176407,0.5600223044591045,0.029932899547012917
236.0,0.2516450874449119,0.4827449417062803,0.0193466095005681
237.0,0.30478460837046006,0.4100893236539096,0.016279677634585602
238.0,0.33946195845964966,0.3465608846614092,0.016554020893504898
239.0,0.358485432356441,0.3138035818294276,0.014813056339210002
240.0,0.3397514608969213,0.35697265934017264,0.0071296035915203995
241.0,0.29605727002110244,0.4405909447850634,0.0015551704909225034
242.0,0.2490962582287941,0.5067063764922729,4.887990374400116e-06
243.0,0.21763388466550138,0.507970568137892,0.0005748476169604004
244.0,0.20181101604711607,0.44652978260774595,0.0015183398041744007
245.0,0.1730589702527449,0.3462826765340944,0.0016144516864575983
246.0,0.13668978755827219,0.25751335788590807,0.0005067752861888993
247.0,0.12816079234007058,0.22790476389543862,0.0002746749358224001
248.0,0.15361732418501145,0.24285175129600856,0.0017302222244836
249.0,0.1916376261309226,0.26472725964324073,0.0075551941811844
250.0,0.2470904351908867,0.2803368289560341,0.01599796699662488
251.0,0.32254134993401806,0.2970250981000084,0.015471844655656902
252.0,0.41595999943915246,0.31070494935553944,0.010078105920652886
253.0,0.5143009957307525,0.30126461089309337,0.008486400241155599
254.0,0.6174449122541569,0.2569222250750018,0.011040852294211602
255.0,0.7377167511612724,0.19745969332549745,0.013887712712899585
256.0,0.8249912145766732,0.14471036058642253,0.016793775444640002
257.0,0.8580718363115891,0.11961847554972199,0.023036442897312104
258.0,0.8449918821433611,0.13179409901508485,0.03601207600151041
259.0,0.8526599512009747,0.17123712707328634,0.04867787489419687
260.0,0.9089624264509442,0.21614960217396692,0.047625821240228086
261.0,1.0088883232825498,0.23975046330624059,0.03597957979046561
262.0,1.095228850272513,0.2618080411486763,0.02483929189561959
263.0,1.1522677443750222,0.29576382728939343,0.018417128102478378
264.0,1.2228662700224648,0.3302917335246176,0.016095184942239986
265.0,1.333714738841863,0.3403645910919078,0.010897873394694405
266.0,1.491846711894534,0.3544215118622725,0.006625404863628098
267.0,1.6506964190083775,0.3885539524137218,0.004584633266406397
268.0,1.7683654601889414,0.44869922345502283,0.0031935417206449034
269.0,1.8159351485063042,0.5259481241442961,0.0024744814541055927
270.0,1.8563523226416445,0.5912804576826176,0.0014184827375624976
271.0,1.9276848550070285,0.5987622460113442,5.20915845024994e-05
272.0,2.1039993061959485,0.5507709484035134,0.0009525852614404008
273.0,2.343998509650062,0.48651492693868864,0.0016219467475600013
274.0,2.5416666375158825,0.40767689938755636,0.0008006585227280989
275.0,2.7483815091399504,0.3269198922794282,6.127132176000071e-05
276.0,2.995083138971722,0.26315232776406255,6.731119483559871e-05
277.0,3.1343656959877193,0.24990474907446833,0.00030642607530089724
278.0,3.1174896240196186,0.29192968753483317,0.0006099660123000994
279.0,3.0143154019029925,0.3730627749688224,0.0023171399614223933
280.0,2.872950725580049,0.44742504276662426,0.008819760508416388
281.0,2.6631984297361937,0.4951021569342023,0.020114424229608893
282.0,2.4217709518641604,0.5403473256239041,0.027547564525668075
283.0,2.255137549369173,0.5737698148284024,0.02270874492752408
284.0,2.211566314506288,0.6010725528419161,0.013588238505960006
285.0,2.2101713058269596,0.6106492862978709,0.008023170055622492
286.0,2.159913771953541,0.6274092612088904,0.005996151348432403
287.0,2.0596554650940013,0.6534327133984228,0.006520895194243603
288.0,1.959983592034341,0.694116161028596,0.006399806401464098
289.0,1.8621164846253324,0.731189630967914,0.006970498280040089
290.0,1.7368177103024391,0.771226229694318,0.010094423850420106
291.0,1.584520693804052,0.8042721938138176,0.011634411668184906
292.0,1.4663114318274417,0.8436148789220114,0.010632521743374396
293.0,1.4376694876956744,0.8889130031245501,0.002493795853926397
294.0,1.4964717711711775,0.9287341886172747,0.000682600795156902
295.0,1.5745923057217612,0.9405264900755029,0.007648499462490004
296.0,1.6189713497828024,0.9009145579077369,0.014236548875340113
297.0,1.5886458966001016,0.8656102379483335,0.024203406381313596
298.0,1.4783239290459038,0.8378898977578282,0.03970074581021161
299.0,1.354202414626122,0.832818920194158,0.06334386939312642
300.0,1.2596065818982412,0.8521110068599889,0.08769070855886887
301.0,1.2103003186322512,0.9010885103165133,0.10273198704525609
302.0,1.1540531323728236,0.9536187312787229,0.11999516311411242
303.0,1.063386000053089,1.0196226288613226,0.14228665231354085
304.0,0.9947567310450072,1.0850329933616896,0.16709305188182885
305.0,0.9816693024759078,1.1021931483539782,0.17226010248844403
306.0,1.0084364587957966,1.0783613719872405,0.16979697085191844
307.0,1.0718158387474528,1.07791708928018,0.15690794883456646
308.0,1.1778048085744655,1.1441070747369484,0.13389997857837166
309.0,1.3123423097400106,1.2168509440475095,0.09728627607995048
310.0,1.3935715143136893,1.2550499081580102,0.05194640048130091
311.0,1.4265068932823293,1.2719095172029165,0.022434773341056393
312.0,1.4899078380891968,1.319348326942633,0.011030259027001603
313.0,1.6538766846240767,1.3632516264506689,0.008838870993172897
314.0,1.836306959224323,1.3228775949485059,0.008415512043209998
315.0,1.915839110354561,1.2571623863302017,0.005570780290275607
316.0,1.8989934974584735,1.224263601243093,0.00048503807601640186
317.0,1.9283118290414232,1.2528522345297937,0.0018220621547843983
318.0,2.050193763849054,1.3344970671548357,0.009332089375507604
319.0,2.228577177250322,1.4630020341253642,0.01954565891752408
320.0,2.320898500926213,1.583919231494561,0.03281379361180837
321.0,2.288972344483702,1.694170083256354,0.04719071068369289
322.0,2.2246670209193327,1.8339604252202022,0.061720729313364885
323.0,2.2126246853625733,2.0198242773552484,0.0830337304949476
324.0,2.2217202533118336,2.169440036481648,0.11729398882040996
325.0,2.1652746680530734,2.2284067278123127,0.16574423540432037
326.0,2.0702187906737404,2.1965875371449877,0.1965274887879241
327.0,2.002962735743637,2.1081330740245012,0.2009867785739401
328.0,2.015777832400428,2.0254842072723056,0.19134620346007689
329.0,2.062851491344781,1.9302460181690437,0.18783931326274886
330.0,2.1387826997842185,1.811767444485193,0.19655115361280998
331.0,2.2107715427623242,1.722511326798146,0.20720767728048997
332.0,2.2511068360872093,1.703305064513291,0.23841772949294435
333.0,2.2674793563184323,1.7384027743341026,0.29127492424916634
334.0,2.255531135101056,1.834825776985908,0.3714196123082025
335.0,2.2422049930683476,1.984628263961722,0.4487342171091128
336.0,2.256453450823152,2.1152914897133894,0.5011635256753216
337.0,2.3000808984350987,2.1883816267785625,0.47751538477901434
338.0,2.4104040813167136,2.2104326097006184,0.40108120144647835
339.0,2.611913057116788,2.2392810467175646,0.30886888860486755
340.0,2.8445119896689737,2.2324487515198985,0.22756964221475998
341.0,3.0797480321267874,2.126136593645173,0.2034848495397025
342.0,3.2297620683990536,1.927602023301967,0.23751343396225
343.0,3.3414990351000986,1.7803510727461225,0.29998001119257606
344.0,3.4872260838145617,1.7727875157568496,0.3154822655524864
345.0,3.6818081380226686,1.8918116186318445,0.2880813364357681
346.0,3.778714591428394,2.047945574538962,0.2503849080402576
347.0,3.8108108341332345,2.145970331955088,0.2247933587614884
348.0,3.9356901438576113,2.1466177258640426,0.1900557331725924
349.0,4.17049286248797,2.0355783530300426,0.15117636547740249
350.0,4.385093691425942,1.891691435342307,0.12165591507072636
351.0,4.390839206037045,1.7546851443191849,0.11909187729154809
352.0,4.210836929609112,1.6745185064563353,0.14273215240482806
353.0,3.9777853690587337,1.6729858953729946,0.1846498418693604
354.0,3.765070857678902,1.7253836799607325,0.22186084838394488
355.0,0.0036307529978328672,6.144108113980324,1.6069525709890686
356.0,0.00583069688100001,6.591625379190891,1.8867365214326781
357.0,0.0067695524497441645,7.054311989780431,2.0163942348041206
358.0,0.006487856260672984,7.555737117629413,2.0161817519059224
359.0,0.004496220140899677,8.023751247250384,1.9771797538226175
360.0,0.003523773435504442,8.44836215969209,1.9107796643750117
361.0,0.004647750178848118,8.73800316044905,1.8462386565613225
362.0,0.01008518665050095,8.869175326392247,1.808892896511792
363.0,0.017142541826021006,9.027620559080011,1.7339367205098961
364.0,0.02702972083555254,9.17565333520013,1.6608364052927362
365.0,0.04010831722977228,9.280160526900652,1.5855216050745011
366.0,0.05468597216410248,9.455575492564805,1.5146607403974912
367.0,0.081290318026285,9.646575613581819,1.4158812626474477
368.0,0.12157820963164907,9.763400251721762,1.2843070805616525
369.0,0.15515223902181652,9.884933444185961,1.1973415251302406
370.0,0.16742557182288978,10.040827631802253,1.1639273774037155
371.0,0.18934747231056287,10.122817435937252,1.141563371167296
372.0,0.21513389964358404,10.106113608490418,1.1248753508939877
373.0,0.22973078105971206,10.093261457092998,1.1751157291590026
374.0,0.2231483345939238,10.260345583997859,1.24994568929409
375.0,0.21380127538225002,10.567056146218759,1.234217256999956
376.0,0.19745529414273685,10.848842289565289,1.0984866530333797
377.0,0.17686185671728097,11.01107951695041,0.9671158404834302
378.0,0.15012442243674506,11.091051284329003,0.9264471567015625
379.0,0.1284116693761475,11.018106861317428,0.9413149729446544
380.0,0.12351547177738219,10.756742089477509,0.9132026274996495
381.0,0.125892669456145,10.350050454949326,0.8949940467015624
382.0,0.12145337914262468,9.924922812878705,0.9639244066841103
383.0,0.10189692021622071,9.613359205503901,1.0553164436131215
384.0,0.07530133655059232,9.45600095323688,1.0445209558468864
385.0,0.04674436852389167,9.462708543136499,0.9597967479593088
386.0,0.02628517709916178,9.47347936732717,0.8969070171780624
387.0,0.020174199729528018,9.505128427287772,0.8468581115711237
388.0,0.024664231352250047,9.543866427789416,0.7699070254967715
389.0,0.03263098301463044,9.61715749622381,0.6796605538974784
390.0,0.043238540386664116,9.749134779724205,0.6558028122612408
391.0,0.05831468163554913,9.96034003968041,0.7012418918794969
392.0,0.07065041082210279,10.165346481427404,0.8001423257955623
393.0,0.09168705272169018,10.113005926276374,0.9121876055471168
394.0,0.1302924536834118,9.817910861339886,1.0032125960571001
395.0,0.1642133709516004,9.520839790873358,1.0860343533072783
396.0,0.1670590030613907,9.398459529380306,1.133418533706116
397.0,0.14732734199635356,9.484543158872103,1.128412900162196
398.0,0.11984982866035569,9.670264005337138,1.090726179723857
399.0,0.11388641936318467,9.883345646334055,1.0643774056894224
400.0,0.1295068847314228,10.050927317240065,1.0195519264362498
401.0,0.14967661413158467,10.16719559636016,0.9655470757685025
402.0,0.1643913567401617,10.262080113807388,0.9219840015920003
403.0,0.16270179044160998,10.42794447659584,0.8881263924049763
404.0,0.15370949104632067,10.608920200246391,0.835148488855868
405.0,0.13637160325326747,10.761140942556843,0.7710755036919024
406.0,0.12220318401351826,10.77126859627399,0.7788279949517825
407.0,0.1034781832400625,10.681733577751624,0.863469861084024
408.0,0.09256881704153769,10.572173173667867,0.9861590274691601
409.0,0.09061228785156243,10.4053104205698,1.1097938578336515
410.0,0.08286981051716881,10.080090464086274,1.1792897047151236
411.0,0.06460165689247364,9.737368282242924,1.15934189391076
412.0,0.04995462359819618,9.53604502061559,1.067243356441584
413.0,0.045068670256068956,9.388974408066357,0.9654127559376401
414.0,0.0452785286677504,9.296617114375996,0.9353915020609599
415.0,0.055105731465209876,9.35334397631464,0.9541003796075844
416.0,0.06998361259010549,9.519389620767658,0.9919852835977764
417.0,0.09240634521217438,9.584999528902204,1.0287589687195537
418.0,0.1182644725718403,9.567130833606855,1.0765129283929877
419.0,0.15947757115374528,9.572880739292275,1.1689347964474943
420.0,0.21416356983961038,9.608760225988004,1.2624345781636996
421.0,0.2546060525001012,9.550662338084871,1.2863550175078462
422.0,0.29309597496789214,9.329303403475908,1.23093743836644
423.0,0.3443717492774422,9.130720627249735,1.167206834679841
424.0,0.41201117964814077,8.95708360393124,1.1670705603481597
425.0,0.5083823331874227,8.807176576230338,1.2267595511235683
426.0,0.6144682933728783,8.602058792938756,1.2346504779239929
427.0,0.6893152285500096,8.434728935689833,1.2220511195909243
428.0,0.7359469763171905,8.401834133168066,1.2447626141344903
429.0,0.7838098109245162,8.422630816937149,1.3284430768191025
430.0,0.8352887546821691,8.449767562445594,1.395626169384413
431.0,0.8447180276382849,8.378361637927602,1.39593393225239
432.0,0.8060052834173208,8.167119720179292,1.405045447905977
433.0,0.7300751130691485,7.834181671895075,1.4235765689257984
434.0,0.6684049912969516,7.448017921772491,1.4665442028517766
435.0,0.604078685080501,6.9683547148299425,1.5340579981839024
436.0,0.5633391877605628,6.425518210735149,1.5917462387909476
437.0,0.5358392842689933,5.9335798715432855,1.5558752119764532
438.0,0.5368301960077816,5.556697761626713,1.5166305252614916
439.0,0.5368573936925817,5.255060531489936,1.5403467840261262
440.0,0.5313862680892516,5.011972100593298,1.5790491644409728
441.0,0.5261440975995688,4.8924565315818365,1.5668105438323807
442.0,0.52709211732321,4.897608538048975,1.5282267844960902
443.0,0.5629158918453843,4.935742985503306,1.493519586451032
444.0,0.6366058560557065,4.955845335459842,1.4858374934864356
445.0,0.7285588011190341,5.009601865031721,1.457847553168416
446.0,0.7997526903205451,5.042458514477288,1.3853701011448518
447.0,0.8469771039386883,5.0456520458333545,1.332977366662032
448.0,0.8823231144387146,5.062485960009735,1.3469978612496167
449.0,0.9260307398101086,5.146977048398902,1.4236781544460224
450.0,0.9635331415756179,5.294988495489642,1.4689067675959298
451.0,0.9860080689647728,5.451084832414106,1.5031507624096399
452.0,1.0059164051707457,5.478563262002949,1.5128695453532643
453.0,1.0437429362132653,5.416753987142412,1.4927876892855478
454.0,1.0827761643753957,5.361981361822564,1.4507285408193247
455.0,1.0952252083448066,5.3707463659669274,1.3678043037423557
456.0,1.0870042089136034,5.336442532296741,1.3153210728752702
457.0,1.063979232509817,5.195160032194998,1.331370537887096
458.0,1.034740658317321,5.117594446053609,1.4434839527335932
459.0,1.0093177244617637,5.234803517742492,1.59407744959684
460.0,1.0275108529764108,5.394648161646477,1.6997276098454406
461.0,1.0949975370936909,5.442878828124753,1.7097532174731023
462.0,1.1668293395015628,5.430634963392399,1.65012907690225
463.0,1.1959684183636283,5.498604737129954,1.566044207548934
464.0,1.1885405970403682,5.608363661762561,1.4587933528348325
465.0,1.1733125562119815,5.652207592395097,1.3530055789037825
466.0,1.1475997016166402,5.546183162927617,1.275680365973244
467.0,1.1179667336730927,5.27819737861853,1.2474996980208672
468.0,1.0759288869368062,4.977607796279198,1.235928095432381
469.0,1.0192286369577317,4.780392579910593,1.2282281254306113
470.0,0.9366068190845611,4.673146330569979,1.2449098002176677
471.0,0.8795962353651272,4.654613328348985,1.3382050727702592
472.0,0.8767298053090211,4.711119042966338,1.487776572095581
473.0,0.9235550773743529,4.864844236463857,1.5922714036746168
474.0,0.9893509624651132,5.143214969308435,1.607975022346202
475.0,1.0564740396115933,5.465510406974473,1.5477172561071226
476.0,1.135131304273669,5.768511526039858,1.4357028426189122
477.0,1.191149769027687,6.1188156933760025,1.2845457815542416
478.0,1.2402578397194501,6.548071412864802,1.1549590904574525
479.0,1.2860026531831261,6.996034892303498,1.1045990661608462
480.0,1.3107020840866412,7.362358523064891,1.1316284628412732
481.0,1.26531638631561,7.598393469017092,1.2204061458336033
482.0,1.1933047260526144,7.678544303227452,1.3338815759551679
483.0,1.1527780056249994,7.7436275486682575,1.4638169220843202
484.0,1.177547201943341,7.963125084486942,1.6056451227686805
485.0,1.2724051613679843,8.409455156824725,1.7297389664850678
486.0,1.4014839882035526,8.900978437344579,1.7647200744216287
487.0,1.524936023689,9.330300994191143,1.708488895201733
488.0,1.6670566763473398,9.614323994283078,1.6138548764857745
489.0,1.7623043589283336,9.723492853807468,1.6043993345393
490.0,1.6985525731960893,9.52046267431009,1.6826332235620607
491.0,1.5852398394190859,9.196141160196003,1.7785639357821716
492.0,1.5444414067660246,9.116381064437014,1.8270240350507208
493.0,1.592272135549075,9.292886932784745,1.8480894301469208
494.0,1.6193090591805623,9.541470999785668,1.9006115779528896
495.0,1.6258835802819613,9.651512255490658,1.9734334269270914
496.0,1.63952864230464,9.797918403264784,2.0587123064158224
497.0,1.6602780178354186,9.936552144606686,2.1875090049485397
498.0,1.639836628388324,9.865347539771406,2.342676269029337
499.0,1.5748359022761165,9.596617250403748,2.44552830094225
500.0,1.5262065876790767,9.44144669692744,2.5019745361568724
501.0,1.5102366487922596,9.395009840291683,2.5348559018686863
502.0,1.4967696359596374,9.433479040185487,2.5518399210102434
503.0,1.460766969676926,9.471270855298142,2.5464091901377284
504.0,1.532576282148024,9.370455899289604,2.5626448107551645
505.0,1.648041175411514,9.472814859986071,2.570091333272193
506.0,1.716391801803278,9.958993167262564,2.4748744835406247
507.0,1.7193012189004127,10.561001023185588,2.303019554739278
508.0,1.681528558862275,10.769703288985212,2.1610603799757024
509.0,1.6810890972512407,10.506193006572158,2.0992290581737225
510.0,1.7288411202072416,9.898841428332307,2.043121867109859
511.0,1.821586650460424,9.258140008339874,2.0042459599103233
512.0,1.8584488448053973,8.77566694407005,1.9772646282718562
513.0,1.8055793534935096,8.481328434965764,1.9311703408568028
514.0,1.6669062871125635,8.384070758765482,1.8760755971468284
515.0,1.598822321314612,8.495490721800302,1.871105515791288
516.0,1.6264116171352332,8.783752772256918,1.8538655124292898
517.0,1.7101545358857122,8.994965924139159,1.837378650510348
518.0,1.8361253526712211,8.929911788297643,1.8332099291742892
519.0,1.9553661940379286,8.705876366424286,1.8331526841572963
520.0,2.033758072581211,8.458266997933801,1.76606956316025
521.0,2.060631281711809,8.220232821554628,1.6002218628015379
522.0,2.082146288526648,7.991601806368939,1.432894203726648
523.0,2.032844872858117,7.829680190234166,1.3221270582958655
524.0,1.9502742830232855,7.602083902743784,1.2873743898600485
525.0,1.8716662806411035,7.456699224454149,1.2685572088760022
526.0,1.8496545092016021,7.417153103776208,1.2880216160281597
527.0,1.885698838056251,7.332590210917851,1.3313639147945537
528.0,1.9069659525471856,7.211364244474757,1.3898233651192897
529.0,1.8744755546374137,7.172588228420194,1.37703700417284
530.0,1.8446508479669779,7.273040591054853,1.3438359401427844
531.0,1.910176250968388,7.338284678650923,1.3350653957700902
532.0,2.0651100583288478,7.335626811976614,1.343358445496228
533.0,2.241692103207859,7.5012468462257775,1.3323118768414224
534.0,2.3336536002156034,7.986102428023105,1.2687260697583078
535.0,2.3301361530187243,8.472460381365794,1.2168491570104993
536.0,2.3820552232602723,8.673305248463858,1.2209092871415697
537.0,2.544959596319703,8.755837650160663,1.2577419957915408
538.0,2.821853724035509,8.850933153182206,1.2537380329557137
539.0,3.0827825464317034,8.878842422303824,1.1468956484849797
540.0,3.2734615152555797,8.769420998965472,0.9975093727402882
541.0,3.4431381322188592,8.540881050558818,0.9148396241268001
542.0,3.662936730955203,8.367919598635638,0.8688368445570724
543.0,3.8822465329793943,8.344823062935749,0.7923938874547081
544.0,4.053089395857959,8.359624768684467,0.6858820627092009
545.0,4.343796310025313,8.403568566058448,0.5853218377056241
546.0,4.760580566587723,8.372877498184403,0.5043149683128768
547.0,5.2883567316347095,8.223153561097226,0.41270102805597203
548.0,5.910316253441643,8.153575342560494,0.30464341549181434
549.0,6.6006167616389035,8.379924704515204,0.22216366746460808
550.0,7.268365584887421,8.774212478107279,0.17463705845808009
551.0,7.733815943720167,9.00595682533417,0.16741970428042086
552.0,7.85491305307277,8.964458578140126,0.1833619628016225
553.0,7.754146582355852,8.740449490167018,0.19538928321796
554.0,7.699347498487438,8.414665702930664,0.18859159674539555
555.0,7.831450739942785,8.202773294823528,0.1646549088046864
556.0,8.048718624075379,8.173072551971135,0.14783049924078237
557.0,8.316466529029404,8.308495461756289,0.1394148348183616
558.0,8.540617386576244,8.350981954219035,0.12461750744520247
559.0,8.705263189304889,8.208138992925303,0.10483258829353208
560.0,8.859879548962803,7.920457795542025,0.08610965110469158
561.0,8.95057045590016,7.6521131150969985,0.06473206027100159
562.0,8.913914483649844,7.4947503545183904,0.03795277902497288
563.0,8.840208545631393,7.341205463262811,0.012959220019644894
564.0,8.836203319655043,7.2002898348939395,0.0029862377763903935
565.0,8.836316456229294,7.1433343771828905,0.0017858999932080964
566.0,8.723636470404877,7.128621521719624,0.0020270624248681026
567.0,8.606486028643316,7.038904854432903,0.0009154630538243973
568.0,8.55498449548806,6.821658926386527,1.5456456975999472e-06
569.0,8.449825408827557,6.569069111161423,0.0007505325972225
570.0,8.27715178585568,6.317340167280803,0.0021968212724676047
571.0,8.02869436838421,6.112912280638594,0.00636234514977611
572.0,7.856839720910033,6.033834293488146,0.013975940027214412
573.0,7.79942027834341,5.986995302265714,0.023342345635280422
574.0,7.750741134953785,5.79489911880851,0.02755372916678559
575.0,7.640122214744409,5.505839287827202,0.029288971478844104
576.0,7.556988189665431,5.2475642885443134,0.028254530491905624
577.0,7.490493578365094,5.004067127538475,0.030548202206593614
578.0,7.342753516922433,4.830023965865404,0.04384579279357689
579.0,7.165997109382759,4.8243240735033615,0.06429683712260413
580.0,6.968351335932249,4.93021772597561,0.08273278871028639
581.0,6.734306404739807,5.015253829524538,0.1006443202311121
582.0,6.473596422644741,4.996918647734901,0.12064554103604899
583.0,6.211286834751717,4.962192760500081,0.13969794294113438
584.0,6.031111352507053,4.945176095659538,0.17261162323680246
585.0,6.007999156928883,4.920320382947433,0.22342823530944167
586.0,6.034649595683663,4.873073424365134,0.2623992429006401
587.0,6.138586048241342,4.8694961146745115,0.26443448811616355
588.0,6.196010152481531,4.924348089967331,0.25055861169889
589.0,6.2368563674786115,5.048787493169504,0.2586311783370436
590.0,6.26211386414656,5.252947387890667,0.29445303624797303
591.0,6.3174655378884745,5.470126985091669,0.3307439551977649
592.0,6.43060637864784,5.643694867574442,0.33498559386435994
593.0,6.577010308908061,5.7208134364128425,0.31704834292461165
594.0,6.821895037913094,5.802303179912764,0.29493654895797217
595.0,7.132311439827113,5.814575304783303,0.261816391699201
596.0,7.491626578647288,5.670332988765211,0.2221435698787881
597.0,7.832244015166917,5.488303825534928,0.19649739777127292
598.0,8.119454091604739,5.381824840966083,0.18576214646176886
599.0,8.204809874199444,5.434963280202594,0.18149776925280256
600.0,8.14933572693314,5.627421228519078,0.17524750181803292
601.0,8.073612151976858,5.962101064473961,0.14479282960324089
602.0,8.094216697235018,6.181185666496923,0.09430147974341155
603.0,8.333782483553144,6.274825553484837,0.05124667290019841
604.0,8.758574194084549,6.352426292012041,0.029520517931929592
605.0,9.325334217230642,6.499439340240041,0.021536897945702512
606.0,9.932529424095064,6.722375275009185,0.020532410984822513
607.0,10.562656260577924,7.013307775051505,0.019678253952640015
608.0,11.111908769870885,7.440956561544424,0.014040844625164901
609.0,11.599617433321631,7.884117538947728,0.007628630204520912
610.0,12.088879435585431,8.353470956654354,0.0027746503575025
611.0,12.64011329325969,8.829330160420456,1.0595936419600295e-05
612.0,13.196596983523687,9.29980179968237,0.0037022576205923965
613.0,13.809884982863927,9.68535543987634,0.012642969485721583
614.0,14.50962669363716,10.114249127323935,0.018480319804675585
615.0,15.353303171006557,10.617545083798802,0.0214974713184256
616.0,16.197941643622226,11.092290665352266,0.034044427208142373
617.0,16.896625413050252,11.48176133469605,0.060825000442562484
618.0,17.481566269873692,11.824235146318875,0.0859764671201536
619.0,17.863040630607905,12.26750365815014,0.08714273299227038
620.0,18.127681022816105,12.618612064455219,0.07558173768896888
621.0,18.46772437112555,12.796198007983666,0.08645053597107838
622.0,18.97213015603278,12.793026321360044,0.13026424254110436
623.0,19.53172630635542,12.81010570099264,0.18399962098613287
624.0,20.12595553737913,12.983199484972907,0.2167929328416784
625.0,20.70436545102091,13.212235353431378,0.22747250762700835
626.0,21.279907667005897,13.384614274471192,0.2022275087302369
627.0,22.001676575806467,13.312172210338204,0.17529292565280036
628.0,22.84604084410037,13.026713281554748,0.17989257649250248
629.0,23.55986506465829,12.614527570348708,0.22029692277684004
630.0,23.921906041926558,12.307335402197067,0.2884573647483529
631.0,24.022426439418275,12.257909176222093,0.34905068981821435
632.0,23.87813888966959,12.442189204126564,0.4132149296985616
633.0,23.622475360703557,12.665231608270783,0.5191229446734968
634.0,23.594530610774427,12.709516119567093,0.6849032715407688
635.0,23.97635947373789,12.529372730973162,0.8718783804327184
636.0,24.356706677317053,12.370322597551366,0.9759863215680401
637.0,24.569355989657165,12.377718433755314,1.0376060990154303
638.0,24.839496244849485,12.549234195653433,1.1160488664249797
639.0,24.94036710329892,12.870309293204972,1.1288650041267478
640.0,24.743465298852943,13.308463098352158,1.0517934762062289
641.0,24.53753624067507,13.768693585798141,0.9340156287626256
642.0,24.825690601537655,14.066440400992624,0.8453094706948369
643.0,25.529299407870347,14.185651297907986,0.7899226359718463
644.0,26.52697873205974,14.125555300900123,0.7476367426680098
645.0,27.558659443795015,14.106220228761028,0.7314162148265625
646.0,28.44060325857771,14.330995026888207,0.7415372300853135
647.0,29.092810692384038,14.917669889366005,0.7250565245363001
648.0,29.495577106626623,15.687094030722578,0.674859144733572
649.0,29.514286007415258,16.396250716351133,0.6623712736578025
650.0,29.478714794209985,17.04115511912356,0.6979599267648016
651.0,29.65684862550783,17.64028476114921,0.7054171102526768
652.0,29.807986790688194,18.086452265376323,0.6692049353672808
653.0,30.0556431137194,18.076874318669383,0.6223405056650722
654.0,30.475540109555432,17.862074641901756,0.5717777338752196
655.0,31.133499583548016,17.835832707255868,0.5105920492364175
656.0,31.617357641564585,17.714415376305126,0.45140093887588845
657.0,31.845547892004834,17.476705999666205,0.43072545031243287
658.0,31.994038864104926,17.260154169697586,0.4406394942785124
659.0,32.381893248131895,17.12338985578641,0.43698731403602553
660.0,32.8861997266659,17.06654400419941,0.39619161676125153
661.0,33.15612650928907,16.947106915944968,0.3500943579987983
662.0,33.3506745495184,16.72996214701997,0.3316178262167824
663.0,33.90533232269511,16.465191580772586,0.34708094371077763
664.0,34.58034458269993,16.198222727560466,0.35997542441943037
665.0,34.89019468466007,16.13470642114506,0.3090654031509801
666.0,34.91185317214511,16.002023343963472,0.2234745227240464
667.0,35.239664338656304,15.430205454025202,0.1806989490672601
668.0,35.76460777137028,14.524272761820313,0.18058038625520006
669.0,35.777242739117455,13.653623448757761,0.18275204342420637
670.0,35.51215581581852,13.174413639899402,0.15444947160036
671.0,35.30785540510983,13.020959611436624,0.12650143343616
672.0,35.12701525583914,13.039767178976772,0.1206858637096641
673.0,34.81247084584418,13.008148557097213,0.12957206550543998
674.0,34.5554637015492,12.948869894672596,0.13884251950500837
675.0,34.5924154909968,12.925003649425934,0.12991155101300247
676.0,34.79837620052053,12.939228121804103,0.09691593339929759
677.0,34.821269912024995,12.95844722251355,0.05433449578771208
678.0,34.96172393182224,12.805839672644547,0.02085774296841
679.0,35.43636752290281,12.518169583554453,0.003085473652761599
680.0,35.95331738361659,12.215753858172233,0.00043751963398090145
681.0,36.378366786138436,11.917313248088593,0.007634411595014405
682.0,36.93480522421341,11.665702480492994,0.01756026762982562
683.0,37.65481046791443,11.62690059753026,0.025274366955139606
684.0,38.20320006620411,11.760632712420856,0.026381984577102394
685.0,38.228158924609154,11.814441800403063,0.025689274495987593
686.0,37.952632458601215,11.7251364631458,0.03140468837914241
687.0,37.88920497885581,11.510504757373713,0.04508377410436
688.0,37.995991227412546,11.368674055652676,0.06710306343390814
689.0,38.149918757500195,11.240331154249297,0.08811260233102887
690.0,38.51083834169883,11.030276845138326,0.10553353231056253
691.0,38.98797695252681,10.789207250228838,0.12375174344299555
692.0,39.25092580602818,10.677090100823257,0.13641222027006253
693.0,39.31824184525044,10.678761468909006,0.13102569067958406
694.0,39.45946316839117,10.682443070392479,0.11572490211997695
695.0,39.71863223593856,10.711004556297754,0.10896339562368156
696.0,39.89552744895161,10.68041407823048,0.11347848636186243
697.0,39.5275773706352,10.563969701121213,0.13301551401492648
698.0,38.87235408490585,10.362650070595423,0.15295628458598767
699.0,38.264567390046174,10.09984817614719,0.17609536283835245
700.0,37.78211647824712,9.865817489082213,0.19368323054348496
701.0,37.2445834418394,9.727381265625004,0.20792057836594804
702.0,36.72522906726605,9.701628877343566,0.21045982008099992
703.0,36.48138449311828,9.761582918350241,0.20057605367755238
704.0,36.4650395957781,9.876174353277136,0.1779423543369796
705.0,36.5271624610473,10.014268981507682,0.16858282600279212
706.0,36.78679053973225,10.23822458896186,0.2005116838517961
707.0,37.25818655817843,10.493277960955703,0.24729842819338815
708.0,37.4485870823585,10.818035537278371,0.26020785577883293
709.0,37.29364489187825,11.265742639672329,0.23540199038070495
710.0,36.87544304033655,11.760863785038099,0.2156106326267665
711.0,36.56130021015481,12.078063669609758,0.20452396621542754
712.0,36.2019291710552,12.179280142996854,0.1846614871674049
713.0,35.63038557577965,12.224185224402655,0.15484428046665644
714.0,34.81422889442905,12.267206087586123,0.1291501534376089
715.0,34.02742983977832,12.179157857819602,0.1310731353792576
716.0,33.371737582267976,11.95852670864168,0.15658748043304957
717.0,32.92289060530479,11.76307942643716,0.19050943919277685
718.0,33.01092698742605,11.706473726109005,0.19586144248876955
719.0,33.48262401245585,11.759544527401793,0.17126350421600256
720.0,34.204278623086616,11.950309091838049,0.1188103826329924
721.0,34.808785318596655,12.191530825253055,0.07726099443230436
722.0,35.15824638036589,12.408799036513004,0.05324262278557689
723.0,34.977385379607874,12.631121493115792,0.04187243012645162
724.0,34.254869382534714,12.825328427635435,0.03879791757129692
725.0,33.227985822545854,12.995418646072812,0.042464725379484126
726.0,32.26163661251584,13.158690157032995,0.05092366771105292
727.0,31.49078530679132,13.271055996069526,0.05035258196631611
728.0,30.87865038292995,13.235800205481446,0.038059167772008094
729.0,30.58146771243478,13.163104312974536,0.02173692884156009
730.0,30.533512115396245,13.090752824559413,0.010838130028195616
731.0,30.597649012910782,12.969746743853975,0.0026281361106224987
732.0,30.496856034545136,12.759356813945159,0.00021260002025609998
733.0,30.332959951093226,12.421070905854764,0.003788295403756894
734.0,30.121334588174868,12.021880465644724,0.003835272878976391
735.0,29.959055560379554,11.704172625259547,0.0007228048381008988
736.0,30.100121909620846,11.534066509016492,3.5512648703998724e-06
737.0,30.591713543560424,11.392281982755524,1.1568841690000351e-05
738.0,31.326691649137558,11.369332567267929,1.2573809689000706e-06
739.0,31.88695219172089,11.393740743037634,2.0198283062500297e-05
740.0,31.983593611459447,11.550141830616004,1.9577793102400617e-05
741.0,31.704081021274046,11.760577362326835,2.3249540484000104e-06
742.0,31.405636991365572,11.80654515819193,9.655794043209926e-05
743.0,31.337365413694112,11.730254349427895,1.528511868900019e-06
744.0,31.592283328649746,11.676511312331925,0.0008648951628100045
745.0,32.06025109717402,11.70823968306486,0.0023849343849241043
746.0,32.5897757546448,11.726178401460643,0.0035467396613401004
747.0,33.139514871918315,11.660550002647563,0.0020372783558884056
748.0,33.64953796397996,11.552819091516195,9.475746192900306e-06
749.0,33.990224472302685,11.475667293939688,0.003891102213690001
750.0,34.00048076548734,11.263843171608503,0.0162295522704676
751.0,33.713338471738936,10.984315304203173,0.03474522096048999
752.0,33.087033934646335,10.773910146132252,0.05654335646494089
753.0,32.11787863875461,10.628065272292252,0.07452397688463999
754.0,31.298350136811276,10.554243299195662,0.08088281964090249
755.0,30.85279818855144,10.540393443979786,0.07859259573656409
756.0,31.077692061695306,10.593546500383496,0.0839252556660736
757.0,31.83137818708973,10.805278137584125,0.09815197751746559
758.0,32.69808388434435,11.178137333395625,0.1126085470496809
759.0,33.18108339382761,11.55194177279386,0.12261779630469757
760.0,33.09195150080179,11.777750091730383,0.14204718015876086
761.0,32.5762948046861,11.84705243220847,0.1674315376723201
762.0,31.81132755545492,11.763621673726325,0.1859747081296225
763.0,30.904070227351855,11.605572049435235,0.1908023907750489
764.0,30.07710752822961,11.464853585282263,0.17992963104807685
765.0,29.416858502734108,11.490435977040795,0.1679270491083409
766.0,28.89444019344692,11.625462173614242,0.16212317318884836
767.0,28.531067591335677,11.748137596744698,0.1692984510767449
768.0,28.31415735680401,11.904471618641637,0.17704583605442245
769.0,28.12532468069236,12.086558781357123,0.17918646266980837
770.0,27.845606276796715,12.277814170429444,0.17674569480059557
771.0,27.54410381559033,12.360225382433892,0.18374824679299556
772.0,27.29643586021279,12.367319558400002,0.20609368196417638
773.0,27.14293693205903,12.322722671162019,0.23967270447916406
774.0,27.17440648020299,12.281112960386775,0.27933096978364413
775.0,27.227508241642273,12.228176518348143,0.30482190756410404
776.0,27.174964159927768,12.12414509549998,0.3140929151384049
777.0,26.881497344390045,11.814658758362558,0.31720865808383997
778.0,26.571562616644542,11.257106812191891,0.33003626681810894
779.0,26.438613401214617,10.598069034212356,0.3311443367800163
780.0,26.542502043732906,9.934023334668247,0.31979939985544814
781.0,26.708748141131498,9.373742483452515,0.30457612605890555
782.0,26.86235859959191,8.946939736706604,0.2954812928792481
783.0,27.05384791651944,8.813510168782036,0.27770144912329964
784.0,27.303314164718728,8.968337516671795,0.22723142074272087
785.0,27.60334573644328,9.262134434000252,0.15709184015449687
786.0,27.849914921559456,9.519425164042165,0.1027327691114209
787.0,28.079527434282333,9.757597275454092,0.08623957272306247
788.0,28.193160460618245,10.091758924123354,0.0903505727290384
789.0,28.058488894178016,10.394516392706787,0.10080079542378809
790.0,27.71891150336007,10.522811886776795,0.09552618114360999
791.0,27.40386171825464,10.379507594079465,0.06959719344383998
792.0,27.24616244073735,10.154138185169225,0.0332366480508241
793.0,27.359451804089268,10.021597734694119,0.006146533344028892
794.0,27.519752082781295,9.98649234073462,0.0012483304381584047
795.0,27.44658578636917,10.072750189017738,0.0206288329033081
796.0,26.98618226105657,10.39246902656727,0.05204910525185293
797.0,26.151273633158553,10.97755393015186,0.07915141347673206
798.0,25.314561613502303,11.700288589546773,0.09291506779727288
799.0,24.28951304666543,12.379775398590253,0.11906778384399999
800.0,23.209271976096055,13.007707319473207,0.15916869061944017
801.0,22.220206279072706,13.758758637699206,0.1792100160905616
802.0,21.327609972760847,14.450310783929474,0.1830419828960837
803.0,20.652752375556407,14.965788118437532,0.22433455594329604
804.0,20.381190053883863,15.308895755090562,0.329203096574573
805.0,20.22678179918669,15.50698450402936,0.4448472067615688
806.0,20.023475178200847,15.655409050581227,0.5143955201562384
807.0,19.851325644451027,15.691920031739954,0.5515692897179522
808.0,19.919669628691413,15.644121536646205,0.5854035799212242
809.0,20.253572707569308,15.561705188782602,0.6512279536100415
810.0,20.5961514597829,15.31248183824489,0.752145579491093
811.0,20.67259764942086,15.059840949927192,0.8635882119725811
812.0,20.385018394123488,14.925631929339895,0.9345146515408804
813.0,19.800593932868786,14.762903658995858,1.0404052428066048
814.0,19.171314967176237,14.446082084304038,1.1402738937497663
815.0,18.78962695090211,14.006475261809857,1.1578417014920808
816.0,18.796980969274188,13.555407285029597,1.142308665350328
817.0,19.150967759316696,13.228452255642846,1.131219710276897
818.0,19.36677800114643,13.003965504031324,1.1189829619924083
819.0,19.447087741772158,12.793069528343608,1.0808717274330362
820.0,19.408351127300637,12.40955979157466,1.0612141732562501
821.0,19.46967414323444,11.953412088071078,1.088127582272932
822.0,19.674506641213064,11.510511746364541,1.0807920293477904
823.0,19.822162753576567,11.229413722487429,1.040780311148688
824.0,19.71046166651277,10.917206859763304,0.9978891151360001
825.0,19.376438896153882,10.570478240995298,1.0059178494247938
826.0,19.215735829958984,10.397204459281731,1.0226585587002723
827.0,19.363957650239087,10.410688530163222,1.0033572731004732
828.0,19.632484892736002,10.46304860516496,0.9321691442894651
829.0,19.59524739790576,10.564085799516482,0.8951621093582047
830.0,19.360857745500404,10.660343976931971,0.9166578818031503
831.0,19.20895231933154,10.601241920119428,0.9136114859316675
832.0,19.474022939207902,10.443768096688526,0.880485765264521
833.0,20.201266725482533,10.277553343030277,0.9138673987273743
834.0,21.137967782084882,10.169182831479986,0.9297847351219718
835.0,21.64670174137459,10.084665211237716,0.9123457553971265
836.0,21.647025563657685,9.901022460784564,0.9544745818756224
837.0,21.706935967160693,9.546137580044356,1.0382360336001424
838.0,22.22095286195772,9.270194679936317,1.107248350680516
839.0,23.0406957172519,9.19588206402484,1.1354744824236027
840.0,23.582302765864142,9.229025429105834,1.1454077926923079
841.0,23.934057715453626,9.158252250708994,1.1868494888234884
842.0,24.151058739642934,8.968598238739244,1.3100941886747717
843.0,24.371683420062983,8.901408178778931,1.4484821260527412
844.0,24.6028151158038,9.133450823827204,1.5041814667045779
845.0,24.600964727301115,9.479918631440524,1.4928923991168574
846.0,24.169460180430026,9.65524747749815,1.5458055575324041
847.0,23.646911954018083,9.650412084246339,1.689940928516199
848.0,23.449120169618304,9.739201835222525,1.8581175627081798
849.0,23.31623668613076,9.950086750713158,2.0011539316773908
850.0,23.21493261606754,10.077303906081305,2.1660953942385666
851.0,23.27907195490169,10.024098533101062,2.3271741088811524
852.0,23.464367679770692,9.993863971485583,2.3974751431379326
853.0,23.81657994588522,10.117773196368775,2.349428476718703
854.0,24.1470675493569,10.174591377318064,2.222045114260656
855.0,24.032932377166674,10.055065137108956,2.1646975303650327
856.0,23.333786863494346,10.017064028746688,2.1413162509816903
857.0,22.303503685434926,10.057470780541466,2.1067113987941912
858.0,21.407305075448406,10.139900039981743,2.066070808614222
859.0,20.784685973145343,10.23471025131716,2.0192340371060027
860.0,20.231247983222723,10.339154136789363,1.8675184572238044
861.0,19.76832967543464,10.48386093670165,1.6849824797265627
862.0,19.492230562900396,10.547249813549822,1.5414760508565635
863.0,19.200491375642436,10.471517632439555,1.5041319920877483
864.0,18.709075038565363,10.28316853650924,1.5260142176674705
865.0,18.117566315684375,10.151598212897,1.52653413379401
866.0,17.676616438054793,10.161952421877428,1.4822012546593346
867.0,17.254336068789215,10.298969710536625,1.399962310992001
868.0,16.51503376875987,10.456357156366812,1.3064695055004611
869.0,15.532889308862964,10.574716250190058,1.2048998676020761
870.0,14.8075519875484,10.621335138340221,1.119819430675344
871.0,14.426680121079121,10.689926403361186,1.0423175443354118
872.0,14.238204258137346,10.831846045329002,0.9433529418344164
873.0,14.24076383952419,10.910112547811405,0.8475562458101125
874.0,14.418351767764237,10.837585104058517,0.8290448493610001
875.0,14.575848357749049,10.695711992448404,0.8681584724700485
876.0,14.295786772050844,10.452861960111735,0.9212079393058086
877.0,13.409185849354467,10.134941130193376,0.947949593546621
878.0,12.455389220414423,9.808548688167269,0.9428272895298434
879.0,11.741240036799507,9.517595882313213,0.9210518255388027
880.0,11.103646942870789,9.43852448407815,0.910094573286113
881.0,10.476658152346225,9.53233311498843,0.9012720110010407
882.0,10.086666405895587,9.644497634148724,0.8785194425679425
883.0,10.21542909319908,9.67389057206338,0.8262698556975768
884.0,10.748646114193582,9.55966158099766,0.7501010620140626
885.0,11.353331787317302,9.464706424461692,0.6872711759312399
886.0,11.912243896376898,9.395170208474559,0.6397350034366095
887.0,12.588412356153176,9.236959961765828,0.5921992915524198
888.0,13.176385997012636,8.974415308569125,0.5012646230401935
889.0,13.516969092626756,8.721258232459524,0.39405011285749214
890.0,13.609861884050444,8.43986015006119,0.3314668982678244
891.0,13.54797422788815,8.074382419835809,0.33197854098212404
892.0,13.419996360092938,7.571054092558524,0.3491331710850065
893.0,13.175191051413158,7.116885687390674,0.36790524378672484
894.0,13.160670043479891,6.894817500022405,0.3969948962715962
895.0,13.504905371086366,6.885527772996367,0.42520030585382257
896.0,14.107205023221281,7.068812776431212,0.43097126851536033
897.0,14.546041449685287,7.4440546960202525,0.4212245460490598
898.0,14.854767297689364,7.910963008069297,0.41016600659936153
899.0,15.06731028509995,8.418265695969554,0.3773095735780899
900.0,15.202777511605646,8.88080957592244,0.32271649974921635
901.0,15.203174439922527,9.22119609375222,0.267779475219257
902.0,14.985478773529412,9.332885875818475,0.25638676793532017
903.0,14.576933406063004,9.158974572792848,0.27372079678988886
904.0,14.222693054935993,8.806567557671825,0.28813615012392246
905.0,14.035127233306188,8.547935967330918,0.29045355345500495
906.0,13.976721633090255,8.444960551619248,0.2635880311680626
907.0,13.911714109071456,8.369151717959905,0.20803292041118768
908.0,13.785266112538187,8.287773119379535,0.16364713417423288
909.0,13.80373459657506,8.251201959839303,0.1536449807485477
910.0,13.936657103416902,8.332610991724016,0.16040699449089638
911.0,14.030669058017043,8.514556799420824,0.1744596565383425
912.0,14.014254725805529,8.965559891000073,0.18480449213654485
913.0,13.911606242277966,9.522567982478908,0.2031693692421969
914.0,13.795473367670159,9.946231467589625,0.2536836401478288
915.0,13.71898669761651,10.215533543925531,0.32350117846828963
916.0,13.584889214446136,10.473015035134441,0.3956947310041441
917.0,13.300170342456818,10.789910120256021,0.44982211165508423
918.0,13.149258847718867,11.041744757868171,0.5022639676501055
919.0,13.221992110884836,11.153685527345296,0.5534241973260198
920.0,13.509102435314151,11.113384671847925,0.5947724374063083
921.0,13.881691452921642,11.117243334749242,0.625953133584
922.0,14.211761935182887,11.262835270698744,0.6532196653864036
923.0,14.381601863018059,11.549825087931291,0.7001737406668227
924.0,14.236008250493521,12.003692080004873,0.75754237023481
925.0,14.13817716589056,12.287145896930452,0.8499663937478885
926.0,14.02861848275047,12.298137617724406,0.9674017222722723
927.0,13.77712117132989,12.357370157004318,1.0623148261920965
928.0,13.406210610325566,12.484857894978587,1.1135351298382277
929.0,13.118109700265475,12.548547457970413,1.0863931465134227
930.0,12.93182107003786,12.368693368050705,1.046038815352952
931.0,12.873449211607568,12.008745088126778,1.0805982544541584
932.0,13.04021957672034,11.667946509573762,1.1611709840430737
933.0,13.452480509367032,11.529935353103223,1.1372841850999729
934.0,13.822738397761922,11.600333620439065,0.9664650633192027
935.0,13.950139319231566,11.636750800556605,0.7184407795504997
936.0,13.956337997033058,11.41090224120729,0.5450987766948027
937.0,14.029649857007458,10.998815198507671,0.45152285007025
938.0,14.093956671857939,10.666462715216012,0.41270901977594904
939.0,14.090834933855692,10.560091952262841,0.40521011042054567
940.0,14.077012117096805,10.594477516072812,0.44556540814705964
941.0,14.011875119481846,10.646630154997807,0.5400784950341091
942.0,13.772467469701349,10.736224797068054,0.6376902157938066
943.0,13.427183899068837,11.000224932285693,0.6913507255135009
944.0,13.239957866056585,11.22909986704771,0.6710640642250001
945.0,13.33201169913151,11.202278601259472,0.6094975333324331
946.0,13.743894821157363,10.93032524574598,0.523437620932212
947.0,14.252130132240419,10.495801293856209,0.4458278837878335
948.0,14.663361959801307,9.945265429860022,0.39576585376857754
949.0,14.944076719158168,9.398479946891523,0.4067804338394281
950.0,15.104708290760872,8.967974800062446,0.4913216920601648
951.0,15.220821616157385,8.65795456597126,0.6193769172453009
952.0,15.29007672529267,8.472768574284204,0.7694408050950624
953.0,15.325741955576149,8.407766568302012,0.9341832564760335
954.0,15.49975671768684,8.553608565324987,1.0672342034192783
955.0,15.793215594329057,8.758755197357138,1.1156451557051028
956.0,16.06845073479878,8.951813391833937,1.14790331700625
957.0,16.270783771739527,9.068198889705702,1.2327590062961764
958.0,16.517196793381288,9.042084181934223,1.306629897441557
959.0,16.938356464502373,8.926460938926724,1.3254371649927426
960.0,17.266679066697204,8.712693345150754,1.3255828515013683
961.0,17.333805050948822,8.47619225615021,1.3611667227902502
962.0,17.263853232727246,8.271459231649382,1.4178345988579597
963.0,17.182927441861064,8.198743558220835,1.4754915956134225
964.0,17.270715364257207,8.225529944261144,1.48977843099904
965.0,17.42710490123813,8.305574013606918,1.4528833760214546
966.0,17.74901435143157,8.237111003751298,1.3771667697857004
967.0,18.07183412058204,7.958794224822251,1.3201248913369348
968.0,18.455307118892403,7.4722790371961825,1.3556020812466278
969.0,18.77379822642326,6.910690912052492,1.501053119030573
970.0,19.074421308133836,6.441232586334724,1.6714912977551895
971.0,19.507801139961323,6.083077757643745,1.791646445035041
972.0,19.947447570417907,5.8010312120890015,1.8748144532690492
973.0,20.165586434823247,5.548074180551102,1.9119460415820773
974.0,20.104999154442023,5.448524653056251,1.8987595135203295
975.0,19.815810405922086,5.418184869192271,1.8509497741648222
976.0,19.332998965032196,5.467263696110166,1.8024307018983228
977.0,18.812172070714002,5.534542129491779,1.7096946909026434
978.0,18.615889481797712,5.517516915596623,1.510795685639604
979.0,18.832663323273962,5.301105530472481,1.2826949396991132
980.0,19.256245879524975,5.028916850708117,1.1581839475292026
981.0,19.59110241171671,4.831367576544586,1.1796157080313223
982.0,19.693853873554616,4.704208630858314,1.2763484387750466
983.0,19.499693069574665,4.58606833519578,1.3950561002675048
984.0,19.12615033756879,4.5280550171752925,1.497153620401644
985.0,18.687428702863055,4.575124342453242,1.5726077941395602
986.0,18.131449163843524,4.605592966924122,1.5876016632004355
987.0,17.488435398658236,4.517889938939781,1.5309205450179875
988.0,16.9109293730832,4.3956476544684016,1.474945566439157
989.0,16.72919352027035,4.365812376592023,1.4407078709719081
990.0,16.95713870649162,4.351777996703235,1.4580090854314207
991.0,17.416689465428956,4.2637923934725634,1.5322882689639428
992.0,17.887933647862923,4.195520886970586,1.6650378589031716
993.0,18.456589830125953,4.257589888359697,1.7787284559502448
994.0,19.026093183118828,4.429242875725223,1.8295586814992402
995.0,19.271460470105673,4.5322705189907415,1.8079620143988486
996.0,19.067442011700376,4.493544323931313,1.8903638140212002
997.0,18.713459173593243,4.403404477883904,2.1003366057995163
998.0,18.4732202206645,4.320984211133199,2.325339254277816
999.0,18.720941575103712,4.187359855785604,2.4714558377153315
1000.0,19.36767286408755,3.9191951437863204,2.51951684556196
1001.0,20.011120840719553,3.5841152912489607,2.5590838899734165
1002.0,20.395929934907215,3.316405647064016,2.6551784773529854
1003.0,20.42386035460885,3.1477287239212823,2.817960566302369
1004.0,20.255294866073363,2.997884716001607,2.9474404904280993
1005.0,20.06881868074873,2.889466122658423,2.97606799648656
1006.0,20.044655070855576,2.8011537288658586,2.8022448302066767
1007.0,20.0337573479631,2.7131403482176917,2.4436630212840003
1008.0,19.884441630534663,2.651820448738034,2.0729938906976213
1009.0,19.631680700607564,2.625513349654088,1.8159308093451527
1010.0,19.530113851348545,2.57370238257064,1.6590264072633598
1011.0,19.512761834208533,2.485694236143572,1.5275828586548927
1012.0,19.460203187066327,2.330547831881976,1.429860655432196
1013.0,19.314402927455014,2.145401836844142,1.4312812215179556
1014.0,19.18215943262342,2.0594466560644733,1.5142428674539776
1015.0,19.161868278460044,2.094760163217678,1.539182324478137
1016.0,19.229216548982563,2.169194864156944,1.4247780968236763
1017.0,19.27290776846401,2.204205160537297,1.2388701737657024
1018.0,19.094340401972836,2.2297738805627088,1.0673564604573027
1019.0,18.726579435115237,2.299826965645442,0.8982568650699397
1020.0,18.527781966968817,2.389970894642426,0.7381445819146281
1021.0,18.61488488074865,2.415896082900398,0.613657636770781
1022.0,18.87370144684002,2.3754913885669273,0.5280702317370481
1023.0,19.204514462841626,2.3241688225158024,0.448152336976076
1024.0,19.41345971836981,2.3390347203218966,0.3797057428391824
1025.0,19.31217622653889,2.395150538278214,0.3262466609416037
1026.0,19.055694447809785,2.4355182106437976,0.26929592133128993
1027.0,18.898006643207736,2.397921623301761,0.21344259552231049
1028.0,18.7731302764887,2.352900442538892,0.18829425554089957
1029.0,18.580162224657723,2.3294046609520134,0.1924484423150916
1030.0,18.221877209674453,2.297432370364589,0.20410231316038557
1031.0,17.825108196353472,2.230054409966691,0.22649863756481298
1032.0,17.617407290628822,2.144089854295211,0.28321130561952
1033.0,17.677639625141392,2.076731338064661,0.3767540246005263
1034.0,18.11078536651238,2.0069409972237024,0.43789007360671683
1035.0,18.804403120339355,1.935546372492724,0.43501395884257454
1036.0,19.647929196246345,1.877325874955378,0.3898584264558737
1037.0,20.472906108264194,1.8348475854250113,0.3679441733193605
1038.0,21.130606003119134,1.7766412839141266,0.3737726410754704
1039.0,21.456160401678666,1.7101682147559998,0.4078855226519056
1040.0,21.819250508196962,1.6231948663762243,0.48513662780625016
1041.0,22.458915452985785,1.5178754980368105,0.5974576078525926
1042.0,23.249115198672982,1.4117799346175723,0.7113913035008258
1043.0,23.954285059032255,1.346932798666436,0.8087382597375375
1044.0,24.479575182689793,1.360645891981253,0.9132393044238025
1045.0,24.992052031802427,1.3828193141982246,0.9958586565827524
1046.0,25.398380348429143,1.3639138669078743,1.0588388802610609
1047.0,25.712656772487303,1.3400999701459981,1.10798225432617
1048.0,25.857402975306243,1.3663050009902518,1.1289369352085135
1049.0,25.99113117931405,1.4054917661619843,1.0627573460155129
1050.0,26.009933394042633,1.40456464153489,0.9486872984336401
1051.0,25.844416251242546,1.3650109483344497,0.8572534225656363
1052.0,25.532378587273904,1.3115124489008658,0.79531562294209
1053.0,25.093553759679292,1.2956360324868086,0.7240917187029242
1054.0,24.438087052433218,1.3303696686089113,0.6374996947842083
1055.0,23.468430714944564,1.4109147132088762,0.584140258820676
1056.0,22.6778285153479,1.4782205095096477,0.5255825303579041
1057.0,22.432538826712022,1.495702216419904,0.42138397296690255
1058.0,22.599104654514427,1.4338309892553134,0.30603301707030006
1059.0,22.77547781063992,1.3583168711109908,0.2250068220093456
1060.0,23.021021062031657,1.2788441360452079,0.18413773504805286
1061.0,23.300681631917765,1.2222759592428105,0.14839185202855687
1062.0,23.436590605615265,1.234456901260546,0.10569824169227564
1063.0,23.487400752169226,1.2597272343980042,0.0635355291125025
1064.0,23.45200402169269,1.1978245892999935,0.033317398032691604
1065.0,23.167007831659234,1.0914475675527437,0.01606214043225001
1066.0,22.786733967384855,1.0272859336663236,0.005545536641089602
1067.0,22.71107060169823,1.0139127373378767,3.7696284472900124e-05
1068.0,23.044883202714654,1.0141687358343021,0.005093604102860089
1069.0,23.630331904371833,0.9967721889033446,0.021229719725808383
1070.0,24.218890834144794,0.9575059698790765,0.04715246783151611
1071.0,25.008079052605467,0.9140824077029658,0.0755519611438089
1072.0,25.95075199064657,0.8782049899358475,0.09926430329126439
1073.0,26.69377550307973,0.8370397410495389,0.1289120625514276
1074.0,27.103639640563365,0.7467830829558546,0.1535143394980836
1075.0,27.13936515009754,0.6084014508008648,0.1499575592717316
1076.0,27.066276884726516,0.47352501634277233,0.12660462734239358
1077.0,27.087447499971276,0.35892725634494455,0.10454241823203997
1078.0,27.02884538262093,0.277299418823753,0.08675858321360999
1079.0,26.637782398778914,0.2404214102921803,0.07136723643346088
1080.0,26.372537652024402,0.24949076958006033,0.0668279267805604
1081.0,26.470237409258363,0.2890431889731169,0.0742143345166864
1082.0,26.718633986329845,0.34672745804106225,0.08815390916441758
1083.0,27.183818052938506,0.3960048972366407,0.11163563312625607
1084.0,28.037487784909697,0.40755860746604905,0.1377360369193636
1085.0,28.90923807444956,0.40823153212140045,0.16099557590565158
1086.0,29.254588894451295,0.39535934620464575,0.17305142403024998
1087.0,29.506821507850514,0.37198318196997826,0.19542606172803997
1088.0,29.677533239726827,0.3253714925326339,0.20317446267148837
1089.0,29.861396430478404,0.28918790411256384,0.18654907280209287
1090.0,30.161735908812222,0.2773408210532965,0.16830713016635035
1091.0,30.568086010008873,0.2739777714808997,0.1680489588750625
1092.0,30.99420709167457,0.2728704900318049,0.1771046390775204
1093.0,31.481252482717558,0.2707450780248908,0.17718517979568998
1094.0,32.26127741456539,0.2753638638815381,0.1793177618181184
1095.0,33.186564317439604,0.29232943399800077,0.19804486529818238
1096.0,33.923319678254416,0.2991946359523974,0.23942919858390088
1097.0,34.17089298633276,0.2939160506700626,0.290477008485456
1098.0,34.12232629185171,0.28858271188110307,0.3514650280284196
1099.0,34.1717770787016,0.270019992804871,0.4092297669002761
1100.0,34.435425251797064,0.25492041512467406,0.4305251718249888
1101.0,34.64849107722368,0.26134708465616957,0.4018601322368721
1102.0,34.754740599913234,0.3152983540256361,0.36490728218931356
1103.0,34.94674416393903,0.395101803755138,0.34695459737339035
1104.0,35.22857869442023,0.4466279107211075,0.3192493293635409
1105.0,35.69107950014534,0.4460634406056368,0.29555416996312356
1106.0,36.12056397348996,0.44743005951853715,0.3039639529321475
1107.0,36.419565755998,0.47664975741102794,0.33983928357816956
1108.0,36.60240719305883,0.5093006757743032,0.3677662109600361
1109.0,36.69148659956005,0.5049532269323723,0.3758391059495524
1110.0,36.67718550015203,0.4725573376753639,0.37543980530984483
1111.0,36.86943671707305,0.47864120192099985,0.38730817091917435
1112.0,37.445984983111245,0.5033143363622504,0.3905369799589764
1113.0,38.29001953193329,0.500364125588925,0.3593531428337041
1114.0,39.3094697578296,0.43253998338439914,0.31696367404237286
1115.0,40.26495842810301,0.34080096817419203,0.3000804904837609
1116.0,40.8233354351765,0.2767819044524356,0.3317517738822609
1117.0,41.04283402883505,0.2672723218401776,0.3910997441569024
1118.0,41.276881365879,0.31072759172730235,0.45421898138929
1119.0,41.75606450363343,0.3953288511533132,0.49040552386815994
1120.0,42.29315112224314,0.4877417059989056,0.49303337008322246
1121.0,42.83897857387259,0.5530248115147044,0.4763641962416164
1122.0,43.22585917685551,0.5787100720416015,0.4470666652945935
1123.0,43.40023048607512,0.5701450966250218,0.3959414422558884
1124.0,43.29442391694802,0.559078349305777,0.32781501403374236
1125.0,43.087474188460796,0.56304686785296,0.29782348131184355
1126.0,42.944314248438324,0.584145425437165,0.30469078526328086
1127.0,42.993876694345985,0.6075743227278918,0.3502355607574209
1128.0,42.9741104841538,0.6154788166241768,0.40286956726080486
1129.0,42.979621446222566,0.582547875863098,0.4751376194271529
1130.0,43.54016925750626,0.538252534956442,0.5600288749595929
1131.0,44.5440355507365,0.5356618889033475,0.6176540251177023
1132.0,45.26269500966602,0.5743005797194886,0.6529877591444962
1133.0,45.72735600793227,0.6082480030945536,0.7005752440339128
1134.0,46.19804644843367,0.6403640037426014,0.7388873865356481
1135.0,46.994498766896356,0.6844593255451255,0.7270939303658809
1136.0,47.62647558911068,0.7343496599193629,0.6671691828180625
1137.0,47.85294390881178,0.7731696858484625,0.5978775810631934
1138.0,47.86422535168577,0.8034796430124681,0.564102554791112
1139.0,47.9545106354738,0.8183363493183029,0.5525685386182115
1140.0,47.88080077648498,0.7931121463240336,0.5706779901005823
1141.0,47.82504908932782,0.7569222199630741,0.5897894405062499
1142.0,48.26781544271815,0.7935351514748102,0.5717577563062225
1143.0,49.04827730546311,0.8873227032004867,0.5394272023621264
1144.0,49.49339785394863,1.0023729660742087,0.5450565167611249
1145.0,49.39445892715909,1.110951583324936,0.6069741851468304
1146.0,49.26813527879444,1.189420007636517,0.6727380628813321
1147.0,49.15435671010259,1.2139371715519505,0.732986641110032
1148.0,48.92210753991072,1.230281869619719,0.8042627055683025
1149.0,48.499830929124016,1.3196135586820363,0.8499743592954917
1150.0,48.08523377666697,1.4568365196467294,0.8401027463380161
1151.0,47.87212994727033,1.51328602322075,0.7931154236192783
1152.0,47.66877204056171,1.4300845836788754,0.749200397578777
1153.0,47.633650478390685,1.377203266732442,0.739414956775608
1154.0,47.98005133811482,1.4434726110606033,0.7460494824712336
1155.0,48.61764874436721,1.682758791334326,0.7683013698451203
1156.0,49.16504432413426,2.042900576778534,0.7963905570674089
1157.0,49.624432471191646,2.3936547733361646,0.8010857358512449
1158.0,49.85603851911433,2.6905286153399497,0.810400747555212
1159.0,49.58322656351237,3.0003686001549856,0.8417033646938448
1160.0,48.94591025528775,3.315199059468818,0.9011512003272255
1161.0,48.059072501367325,3.5528766605377617,0.9405775802257642
1162.0,47.353336616768644,3.637522344007262,0.9432312852809024
1163.0,46.73138354479164,3.6227278609953206,0.9158828206922288
1164.0,46.15953948807506,3.6812428033653815,0.8919334429603983
1165.0,46.09240795397266,3.8431816083557666,0.8011869673866302
1166.0,46.54996668631296,3.918262525027227,0.6305589648354049
1167.0,46.932553872491795,3.8231598835334535,0.4682572930531584
1168.0,46.91840954315003,3.6774429259093218,0.3953309386121104
1169.0,46.40596897320173,3.5616374126014083,0.4266550075119556
1170.0,45.69881599688921,3.4758376502920245,0.518734724414408
1171.0,45.04325881929914,3.441988406023318,0.6344433457410302
1172.0,44.740823083267095,3.4584487557902506,0.6959126641104401
1173.0,45.00961306771456,3.4857901921344117,0.6761335772384963
1174.0,45.585257225943955,3.578219074079974,0.5872560440512689
1175.0,45.95638038821134,3.67588142121297,0.4889034761386688
1176.0,45.83933484004356,3.7488776813914972,0.40477971845346
1177.0,45.37193940292155,3.8499890236504335,0.3344024151141444
1178.0,44.42335885703522,3.9660935590786233,0.2623066773901456
1179.0,43.47952591394845,3.9850224467544115,0.20681109608141438
1180.0,43.04932076989154,3.8525131402683614,0.18405989364488035
1181.0,43.15088036435303,3.636360057099579,0.19028150219278236
1182.0,43.530673349683966,3.465676086313372,0.2040097365148969
1183.0,44.05958726291774,3.293547096079299,0.23047937003432883
1184.0,44.52837007127394,3.101660769985564,0.27547231964988494
1185.0,44.69000768322693,2.9758616057032174,0.31543628826012243
1186.0,44.40334852653574,2.9292211252605633,0.3357259835561956
1187.0,44.092248735780316,2.9543427424224253,0.3209124836143044
1188.0,44.08034578645567,3.0093762631340524,0.2832600231063684
1189.0,44.05250707052731,3.071833059879995,0.2548611033412899
1190.0,43.67436716962226,3.1383517394599973,0.25931241251165293
1191.0,43.06019336158862,3.212472495116868,0.28447746584720407
1192.0,42.71127618155133,3.222795747287502,0.31024706164302757
1193.0,42.733034861413856,3.184566379708918,0.3149707394040515
1194.0,42.8614902987892,3.1641382628541517,0.2826264803215875
1195.0,42.7699501047113,3.137740694415611,0.22567886821489
1196.0,42.40417622666818,3.1014961043422513,0.18138745392352357
1197.0,42.11877825696935,3.0674860277760003,0.17090369402499997
1198.0,42.035926946452335,3.150829234809703,0.18390858294700957
1199.0,42.059385230380556,3.358508269660291,0.1999190754960721
1200.0,41.94229110443144,3.5933077385568852,0.22854213805785606
1201.0,41.774042649969644,3.82193593071893,0.26962700123843997
1202.0,41.597050702455554,4.114569158150407,0.29998844589824003
1203.0,41.36282042242423,4.442081033000252,0.29382150901430254
1204.0,41.16479820552362,4.577374156924815,0.27752150616960997
1205.0,41.1146374529339,4.529001524091109,0.25930778874865285
1206.0,41.185764447257235,4.455627141310924,0.23106444315205688
1207.0,41.03409325287024,4.40184984707279,0.20096025710452806
1208.0,40.8636541627391,4.228666295913295,0.17237115249360246
1209.0,40.690737866191235,4.035001475774318,0.15118486507200038
1210.0,40.74628168691721,3.901104228718544,0.14146518622121637
1211.0,40.74826333689448,3.8543268464764826,0.1414517891945929
1212.0,40.520254301680666,3.8689756229505936,0.13556346372751357
1213.0,40.31610199381445,3.896991214694427,0.1312876740116881
1214.0,40.090005226022264,3.9737045184057846,0.13522030769145957
1215.0,39.538409144528806,4.119542488416673,0.1451193139731841
1216.0,38.85799474131997,4.331443763562169,0.1501996841404816
1217.0,38.32789793383747,4.481236820206241,0.14984987843607037
1218.0,37.98448201928704,4.5208746798792205,0.13107997078810238
1219.0,38.0149445884386,4.4842820225202775,0.0920551462229281
1220.0,38.64153953187616,4.291408645337973,0.050210107554254396
1221.0,39.71226265898155,3.915902572186883,0.02419463899998758
1222.0,40.8176058270777,3.5470943844734606,0.009177302787097585
1223.0,41.353199488863716,3.317917405249222,0.0004104076325903978
1224.0,41.39784020842332,3.1781145582019596,0.0034203115845649005
1225.0,41.30768793605672,3.073186230855303,0.017100727515062506
1226.0,41.22350095422007,3.07442804198209,0.029006248875084125
1227.0,41.13407152605141,3.254307724820602,0.027437275476840103
1228.0,40.99552923729101,3.4698357742602317,0.010391315068840015
1229.0,40.618330985766455,3.6588685311819487,0.0005650200310225021
1230.0,40.50383551419802,3.85277925884605,0.0002042446856163984
1231.0,40.80498074361196,4.020212309281825,1.16359443225002e-05
1232.0,41.291421119284806,3.9990302987771553,0.0016615055888649021
1233.0,41.79041290846823,3.8550096929669806,0.003218105693722498
1234.0,42.23919366107631,3.7113685363265634,0.002705926422990407
1235.0,42.6455116106796,3.641756937418665,0.0019956885439969055
1236.0,42.93917211328144,3.6331247647380636,0.0013582327947241
1237.0,43.14959312584831,3.630773810135104,4.344523569000834e-07
1238.0,43.25900248986722,3.6835545716885005,0.001641371231545602
1239.0,43.468231427571,3.7855322479900257,0.004863788948356894
1240.0,43.65332007122545,4.015905379961762,0.006330745173360388
1241.0,43.96675976063686,4.26538218059523,0.007416621674436103
1242.0,44.60892986150921,4.404396754970322,0.00688090158144
1243.0,45.59590201453801,4.4166326960411055,0.00445419556485759
1244.0,46.541880709920996,4.4331753078144915,0.00046662696240249866
1245.0,47.289574483031224,4.476055529127903,0.0009604860887241003
1246.0,47.87238857867525,4.453057696097227,0.0026410811331025004
1247.0,48.22527871914044,4.422564290332999,0.0009646384974768985
1248.0,47.98960021799201,4.418560390183841,1.0597303622499937e-05
1249.0,47.23530396431846,4.37534731980095,0.0008225693594208975
1250.0,46.475489165337684,4.3772626783551765,0.0011578149518223983
1251.0,45.91358499918182,4.482301299652054,7.42378684995999e-05
1252.0,45.76373603561101,4.6370979239529975,0.0006973090516920998
1253.0,46.021211290697984,4.728890161581324,0.0005109855729001021
1254.0,46.34715833937257,4.709080936338057,0.002014047449859601
1255.0,46.59656574157001,4.603678919191734,0.019288112706722493
1256.0,46.921113296245494,4.468814662919553,0.044833556573209574
1257.0,47.14152261907603,4.34158902957696,0.05264736674601959
1258.0,47.146164127985486,4.17997043640576,0.04712007084369637
1259.0,46.95081230551305,4.03755461544356,0.043625227354240896
1260.0,46.67276297296089,4.034610104056534,0.04292999179589158
1261.0,46.333655631138356,4.166297649739125,0.041433599901002496
1262.0,46.10552115795162,4.378676318473118,0.03765113352099998
1263.0,46.18324898352822,4.713496573584502,0.0394415389691236
1264.0,46.570952975628146,5.143345962067054,0.04998548103494887
1265.0,46.881514991619916,5.548694054146893,0.0679186249684804
1266.0,46.89097200782288,5.940192095785866,0.07700520105357209
1267.0,46.982918900812045,6.329430778896001,0.06485726730680999
1268.0,47.061896070006014,6.740230814600704,0.04926794182826889
1269.0,46.573486596508076,7.067644156056977,0.049239490174072885
1270.0,45.3123974272336,7.201536512896337,0.0622366230558361
1271.0,43.462803411908894,7.257332119980962,0.0691785524897856
1272.0,41.52600762001381,7.332905898451855,0.06683252318481689
1273.0,39.848277149918665,7.473207761299588,0.07070619228844957
1274.0,38.41546096950973,7.674592618736363,0.08389279518480088
1275.0,37.25288522339079,7.910632188408854,0.09570128322693756
1276.0,36.3778957315628,8.042539802343843,0.10020454826304037
1277.0,35.825387009059305,7.9661890041584416,0.09618700568408999
1278.0,35.48568172763713,7.710770464927308,0.08854210238006248
1279.0,35.23005875302311,7.499327918258409,0.0792501772382464
1280.0,35.0283554400771,7.475161895150095,0.07576819421965289
1281.0,34.88509376532419,7.528152429004496,0.09149589269309437
1282.0,34.70637647245925,7.568932847402812,0.1253694526187401
1283.0,34.12291405925755,7.585488633820497,0.14667037913097608
1284.0,33.302362318236,7.616055085538414,0.1558454688743824
1285.0,32.55264044549193,7.611540852562453,0.19138935412287605
1286.0,32.0653794229208,7.542815895423189,0.2677679356704803
1287.0,31.718187900682874,7.416684787552811,0.35604871801531235
1288.0,31.327963306179328,7.210523417057569,0.41502502601740954
1289.0,30.891638343489113,6.98526060823021,0.4385767048815376
1290.0,30.432223170380357,6.8418503933876105,0.4257261311326864
1291.0,30.113101068392684,6.83537024100681,0.3973041092100096
1292.0,30.1286613528931,6.863293566188548,0.3803340979740288
1293.0,30.580874783205207,6.757750355194676,0.3849919433102961
1294.0,31.232290685103063,6.627490977418305,0.3992463645543025
1295.0,31.897606547927495,6.533379333465762,0.4017366786055401
1296.0,32.26121425409519,6.509780909985475,0.3953088696729648
1297.0,32.34530155410314,6.598803928060239,0.36067022365422763
1298.0,32.17527657795024,6.769751225975194,0.32623921279613155
1299.0,31.831040349196183,6.903446261029821,0.32909329911557156
1300.0,31.50800593246455,6.973037862240063,0.38291967752940165
1301.0,30.89640030905431,7.051487568236239,0.42278936452850246
1302.0,30.649374471078808,7.087967536828166,0.4939309885490176
1303.0,30.761074418454218,7.125599621272337,0.6362889313533842
1304.0,30.837881636547024,7.122754878047043,0.8319104483265626
1305.0,30.743330366595583,7.148126319075961,1.0181233986214202
1306.0,30.332805850413468,7.296613205130873,1.1634832768873924
1307.0,29.598435813535794,7.483369814664021,1.2687463896881448
1308.0,28.93301144526459,7.69460348409393,1.33288066361034
1309.0,28.50633264907684,7.976092196813664,1.401147654942689
1310.0,28.243465321812252,8.338951921582925,1.4774795595314687
1311.0,28.311575509144053,8.617391686373939,1.6618932324855844
1312.0,28.228561296346943,8.942725831382466,1.887961711092816
1313.0,28.270980505616286,9.159453473389211,2.227817683970256
1314.0,27.9694385698574,9.399096038862032,2.522787963943969
1315.0,27.569751461886923,9.594472735079268,2.8160966353167027
1316.0,26.941642374670568,9.795576492902645,2.9531434027071373
1317.0,26.48315510941011,9.978314748470645,3.10944624838884
1318.0,15.45230437841329,14.294804415493704,0.03911726067110563
1319.0,15.726371198071208,14.53509014132517,0.04221139542497443
1320.0,15.9243639196658,14.6361583090761,0.06133293463471689
1321.0,16.123470487837224,14.485115648353093,0.09262508164281613
1322.0,16.433836842915618,14.307142089970892,0.12072260739352804
1323.0,16.759569831593527,14.071046948277939,0.12553181335599609
1324.0,17.0624795906192,13.748315954903068,0.1102544066567241
1325.0,17.194710535016267,13.483036436919196,0.08117867700643844
1326.0,17.321288417979044,13.292102055555594,0.05713229569837692
1327.0,17.51116899521992,12.975842750724086,0.04618987137652413
1328.0,17.608082858489908,12.615780212750403,0.060129832231822535
1329.0,17.333839690359692,12.33269892456895,0.08795371744880642
1330.0,16.890866282727004,12.183224099301004,0.10322881272360815
1331.0,16.387149719071886,12.203845935512119,0.09541665850305688
1332.0,15.973336717556485,12.43807863036196,0.07546475997225001
1333.0,15.582716775025,12.80799689822992,0.06069157436356002
1334.0,15.01722534013812,13.122863648283452,0.06332707324466409
1335.0,14.414515002481748,13.306927302401178,0.08276727951058091
1336.0,13.921470696134659,13.449948552114124,0.11170098972032047
1337.0,13.461639003053001,13.620769726309291,0.1315458060331536
1338.0,13.061498639955811,13.785347498362755,0.1227127312762129
1339.0,13.072559165904341,13.884249491236805,0.10192995505138418
1340.0,13.437388821493448,13.825055784071884,0.07501230851406249
1341.0,13.931328568430255,13.770578422129002,0.055007473028358414
1342.0,14.268399841697608,13.907265286629162,0.044389210015000895
1343.0,14.474504295363532,14.194850600813378,0.04275669464468641
1344.0,14.739982691877621,14.47621243083448,0.04422408376075292
1345.0,15.007903815332895,14.788225653245366,0.04125933906360252
1346.0,15.22738359811768,15.174210342382858,0.03059648514062011
1347.0,15.419684337712544,15.623060594103066,0.013212201298035594
1348.0,15.75263625809363,16.04592859271004,0.0016434997080100064
1349.0,16.164026565037076,16.38470038355569,0.0015509545262655956
1350.0,16.586259240463452,16.444943638665364,0.014210807138628104
1351.0,17.01831922664143,16.134989767673357,0.03623803369641
1352.0,17.385555904192987,15.596054502807045,0.05016954452764808
1353.0,17.541710802400146,15.14944199561113,0.044807944004476886
1354.0,17.43830876510241,15.049494372502132,0.0298968133583025
1355.0,17.187337005323375,15.159042919197637,0.014162937386259584
1356.0,16.81565240707934,15.311872885087773,0.008318165967840394
1357.0,16.468414145981768,15.527643176030566,0.011105403861552399
1358.0,16.218377615157994,15.791079366636794,0.024436373845104387
1359.0,16.08953859884643,15.966400138400797,0.05277150812025
1360.0,16.07658582801924,15.899521685581387,0.0975244757330281
1361.0,16.2182593766438,15.437211676231763,0.12584568233202248
1362.0,16.569068674836164,14.739267905532177,0.11204820308544038
1363.0,17.091436252091743,14.025047170408763,0.0902301509495556
1364.0,17.61794497008202,13.506626603069515,0.10347839554913639
1365.0,17.89341987077611,13.230482704866304,0.17638530870590008
1366.0,17.962966244779558,13.199377825787042,0.29514147799556256
1367.0,18.037766672756636,13.290086642271556,0.4076027223187984
1368.0,18.104693962513217,13.324508597702021,0.4662246618177316
1369.0,18.165591540196544,13.322697757733872,0.5014186957733776
1370.0,18.258433883143883,13.32856903502644,0.5187748709456783
1371.0,18.45630233534082,13.407054953816706,0.5384852320691809
1372.0,18.61084224393454,13.352753683081163,0.5781232264392225
1373.0,18.625718519160618,13.18248258736108,0.6390091198298116
1374.0,18.306718832388228,12.928479301130695,0.7168102282305315
1375.0,17.80056845680256,12.878465953871364,0.8073217835081569
1376.0,17.215046991493807,13.010570772604936,0.8993146536168803
1377.0,16.5631907254958,13.11209304953626,0.92705971019236
1378.0,15.88742065273951,13.15201562234981,0.8969751683165529
1379.0,15.23469194311093,13.267434790449983,0.8345635717511399
1380.0,14.752832605067054,13.599410155303598,0.7845311669127696
1381.0,14.451258021449858,13.94667757314901,0.7720360500198724
1382.0,14.41016703262786,14.055081678595782,0.7660029941430408
1383.0,14.67123700587381,13.836236309382091,0.7258085109804815
1384.0,15.251640446837923,13.612678477971325,0.6602033108386816
1385.0,15.653235398760653,13.676320448985907,0.6352765395752169
1386.0,15.61460720182071,14.053957072844995,0.6512859127030368
1387.0,15.406432069069899,14.365372634387054,0.659950557275028
1388.0,15.506607335135287,14.596252189397475,0.6608302769595024
1389.0,15.862658799981622,14.800390078198804,0.6735377717006408
1390.0,16.258969901425697,14.810655686074561,0.6515140941914928
1391.0,16.5651849826257,14.706790421010357,0.5459087650438321
1392.0,16.88025672779628,14.683471941309499,0.42527244132230557
1393.0,17.274763355515685,14.885484391202056,0.3485541766479529
1394.0,17.515270512302514,15.240291702973828,0.3084657720693025
1395.0,17.43893824898044,15.633865712801724,0.29291959714702087
1396.0,17.090106891333065,15.850292321555354,0.2866552480638025
1397.0,16.7659583947128,15.92443167901013,0.2661050707549129
1398.0,16.65565235889836,15.83999539578369,0.21311558898291358
1399.0,16.660289339221137,15.851548348840092,0.13617347986594808
1400.0,16.584256547765104,16.07978513634135,0.06700603527545759
1401.0,16.306035410842636,16.43384503172777,0.028854121622300093
1402.0,15.90277973445811,16.841795678972982,0.015361720996608087
1403.0,15.54177226109971,17.487092610670697,0.013652214206436107
1404.0,15.398773339989326,18.202614545542932,0.015395146596752403
1405.0,15.494852582132024,18.527930640932563,0.01715230794091238
1406.0,15.720587355165776,18.337055532100173,0.016384855051155604
1407.0,15.917618396514774,17.983736481968016,0.009184943328372096
1408.0,15.9977874364965,18.000786703475566,0.0024171903419048994
1409.0,15.841033701937757,18.264153384749292,3.247586553760028e-05
1410.0,15.545828527266824,18.462128365277255,0.0007245701102655984
1411.0,15.122150315871227,18.40814534907453,0.003243531443040106
1412.0,14.676877365684863,18.19873688832502,0.008057035325780107
1413.0,14.397332105856723,17.947458188780406,0.015147495009025617
1414.0,14.357077230587556,17.71046281357321,0.022380324560302516
1415.0,14.397223966182764,17.55420298684791,0.024178468002832913
1416.0,14.470994289857515,17.466134992505282,0.013596504476402517
1417.0,14.580024602518428,17.376710724859244,0.0014580568039401004
1418.0,14.795211066633923,17.176938770389846,0.00020860920375609962
1419.0,15.12717332706889,16.966084221926867,0.00031157792346489825
1420.0,15.450125376892563,16.93038906074916,2.6526636899997635e-06
1421.0,15.49000227618536,17.22682731078497,0.0006324867875040995
1422.0,15.320463366391321,17.720495581269613,0.0062469706673283915
1423.0,15.196804561168566,18.264172787162124,0.0138789581248201
1424.0,15.278551003749264,18.606321330330523,0.013279665273004894
1425.0,15.373318402541518,18.743792766452252,0.0059798330111844
1426.0,15.457749369794112,18.76814641755074,0.00040820565680999785
1427.0,15.581815732841957,18.92038909087417,0.0009924446795481043
1428.0,15.66650819199788,19.326885868062575,0.0014570244775801012
1429.0,15.64417714772208,19.91630384491208,3.664728368999927e-05
1430.0,15.574856251320575,20.628238279570564,0.002777666290744892
1431.0,15.620041663689623,21.302244208499282,0.002458482813948094
1432.0,15.740159845812215,21.795498412254613,0.0007424006438208973
1433.0,15.801216485535363,22.18342025800707,0.0010330689511320959
1434.0,15.60993043944621,22.399900359320892,0.0014982287524415968
1435.0,15.341782702463089,22.431621035862435,0.0002432888691983977
1436.0,15.136740814564527,22.374699801195067,0.00019782731931209977
1437.0,14.968962907855365,22.391997759377094,1.988692244099908e-06
1438.0,14.753596424605925,22.51074416960024,0.0017210981526543966
1439.0,14.460084278843057,22.60387634717863,0.0031841598122895947
1440.0,14.332936060858142,22.486019242339353,0.00391200586876089
1441.0,14.459025718806558,22.177649558764735,0.004680836628889604
1442.0,14.636206360199425,21.8544417735149,0.004217347768032103
1443.0,14.637202214532508,21.476151367267402,0.004416219177529601
1444.0,14.552143915598016,21.17129496687901,0.003862061927340103
1445.0,14.530315311886103,21.08554147729021,0.0028096837416024924
1446.0,14.475374101754685,21.261213840495028,0.0018340217372303975
1447.0,14.107176252613458,21.589793489449786,0.0002783238236415994
1448.0,13.604670041710806,21.9365308607166,0.00024181058606760118
1449.0,13.262717437041962,22.29601125028296,0.00023480934578009986
1450.0,13.155021350860228,22.520932627768907,0.0006746455591235986
1451.0,13.249390773625983,22.541891038292423,0.007427173379102496
1452.0,13.531707295499615,22.42434899582542,0.020029597353921586
1453.0,13.921898886053093,22.260966127237012,0.02285512027681
1454.0,14.213523263232675,22.098460904017998,0.020932299506400093
1455.0,14.485862305643877,21.984308763227276,0.022612117323027585
1456.0,14.572102311716142,21.896122417078736,0.023185839224860883
1457.0,14.323162417393066,21.966161729971844,0.018378178314499602
1458.0,13.927979400913477,22.086926494915925,0.01753972319126438
1459.0,13.533377775198604,22.145447280435505,0.03385811603306249
1460.0,13.133607429659525,22.264852261858334,0.06600313346556248
1461.0,12.742671203650112,22.704578679999557,0.09716573624735607
1462.0,12.3615706004604,23.39047013398503,0.1000880343976249
1463.0,11.98348091866926,23.92836387273804,0.09187382920044158
1464.0,11.642894350095847,24.078019141599075,0.08365280706120247
1465.0,11.375263470179906,23.79113891653153,0.07572153928972089
1466.0,11.188485993191525,23.189768359315366,0.06177974212919609
1467.0,11.035855947389773,22.385462088666955,0.04624597777948838
1468.0,10.912030909097872,21.646980433108038,0.037510671869958406
1469.0,10.857975760113831,21.24373173773745,0.0362398840474176
1470.0,10.943677650804082,21.234011444621295,0.036352726576488074
1471.0,11.196207265109027,21.50033758192393,0.02547359642024998
1472.0,11.559329665718016,21.720852976433694,0.019746452157084884
1473.0,11.852168624102536,21.57889589129336,0.03485112867608488
1474.0,11.922971503842676,21.007922141931203,0.0725059505371041
1475.0,11.816703045613652,20.27083477635479,0.11006964087950248
1476.0,11.721578990618305,19.457151078440166,0.11995907754418808
1477.0,11.601791607038477,18.663590870197112,0.10892502863792639
1478.0,11.313905262774307,18.093868917688102,0.09846037355328158
1479.0,10.873426912294718,17.647826475915828,0.09985345937616037
1480.0,10.485310067178121,17.291018029844064,0.11173129188653606
1481.0,10.32949504323211,17.220745175702646,0.1172443889577024
1482.0,10.361394656878723,17.309916934784567,0.1079342540515801
1483.0,10.342829278805763,17.20982731906496,0.08857668225672248
1484.0,10.094823134850824,16.791364353756492,0.06675838474707359
1485.0,9.66033272885346,16.273074916701006,0.0647301775399876
1486.0,9.22941076430992,15.95226589546829,0.07551651843123608
1487.0,8.935688440563595,15.960371687982693,0.09684689642147558
1488.0,8.797331469434976,16.194696475976443,0.1203138505846369
1489.0,8.71160289318285,16.542073134427568,0.15370477070399996
1490.0,8.572493825730982,16.995888558901143,0.17087598047739036
1491.0,8.340057205823122,17.323084151506865,0.1543079923587136
1492.0,8.065836005726405,17.563466457370684,0.12011497922816637
1493.0,7.8254483824920875,17.776455602988104,0.0833890023139716
1494.0,7.626755958394078,17.787186810600506,0.0599296398041961
1495.0,7.450755520883985,17.7038444076722,0.04342537099500249
1496.0,7.3333813110291555,17.64181469866896,0.029847368598488105
1497.0,7.180621179750971,17.650836655790414,0.017352669074020895
1498.0,6.920052887608435,17.612205781026823,0.005967248869120891
1499.0,6.719599758716049,17.47996820776894,0.0008943538830624972
1500.0,6.67332636192637,17.631310346417855,0.0005539593005955968
1501.0,6.714890988455851,18.126465055097828,0.0019773131996600984
1502.0,6.54088793680504,18.89497886406025,0.002908666017202501
1503.0,6.1138579724060245,19.800795508679915,0.0023490685064960996
1504.0,5.731441023993553,20.685942131072416,0.0011018037951648978
1505.0,5.559101913204048,21.501946782947492,0.001717196522464902
1506.0,5.461836496295273,22.030474704400564,0.007222389035929591
1507.0,5.246741389525224,22.020491099772155,0.022572189811393577
1508.0,4.961036971769331,21.796095899287796,0.044028670866010006
1509.0,4.667455667678841,21.859986338056945,0.06588991524789609
1510.0,4.453933525538113,22.319334861616554,0.0786188773527364
1511.0,4.325843867473016,22.860480656432255,0.07711474628897638
1512.0,4.3053861293131535,23.355765814690518,0.07433592310982248
1513.0,4.363682272344981,23.876794820671016,0.07437238582326008
1514.0,4.462133590554165,24.413642768607975,0.07582756846816359
1515.0,4.526974267173187,24.86780960652064,0.07677867967891558
1516.0,4.528781391437958,25.17849406900788,0.07749046374778809
1517.0,4.499203209824203,25.210957964810195,0.06660127073572839
1518.0,4.412056391668993,24.99964910123131,0.04625531136743038
1519.0,4.335801210435341,24.558841769296357,0.024482982946752087
1520.0,4.249486965869424,24.306401503989203,0.010799701024992099
1521.0,4.212141671816077,24.496281709572425,0.006171604467393596
1522.0,4.254363889807683,25.076895638631,0.008528537276006401
1523.0,4.310016404152411,25.712822891014067,0.019679258364528385
1524.0,4.397372931673961,26.186842292671777,0.04536576245775999
1525.0,4.50709363088939,26.47143083915552,0.09467956693020248
1526.0,4.576433818237214,26.57459401194594,0.15145134305625
1527.0,4.391630938197425,26.495096824932215,0.19088800626958238
1528.0,4.105297762423833,26.40039274222657,0.21652784886978088
1529.0,3.939651951336923,26.402078384470283,0.26303984245081
1530.0,3.91462963288929,26.450572535004245,0.3245322147417441
1531.0,3.962048927327744,26.533193919734668,0.3846922243167844
1532.0,4.023984566324352,26.510696586522293,0.44505731335634563
1533.0,4.083417468050497,26.474356080688167,0.5233828107730399
1534.0,4.099638965282512,26.616311365452024,0.6148577240682495
1535.0,4.024899990451315,26.911488312733997,0.6935767600937537
1536.0,3.767376536104148,27.090117505176895,0.7296085414099875
1537.0,3.362384799531651,26.920331455424428,0.7233196663432803
1538.0,2.9603568234765625,26.662201820757527,0.6936705213003225
1539.0,2.709001623120251,26.676221553236186,0.6541932218012944
1540.0,2.6557436734404685,27.005493519694628,0.6367368899682025
1541.0,2.7870807649743545,27.48967564693126,0.6298854177433041
1542.0,3.010512149347563,27.911532228596826,0.616042783572245
1543.0,3.181486588399727,28.222885962967425,0.6010577139079744
1544.0,3.265164541366158,28.480521334307387,0.5890150052719968
1545.0,3.2716593314234954,28.544750282367414,0.6001290714128003
1546.0,3.3049565279615227,28.209021134769575,0.6498931878098209
1547.0,3.412535061049135,27.248911666801984,0.7087221645467043
1548.0,3.54098671309594,26.154573079094565,0.7437354848009999
1549.0,3.554299342696502,25.551567563182108,0.7924448057158162
1550.0,3.4411846802524417,25.684483413872382,0.8833931369088014
1551.0,3.381933725891971,26.099844490144484,0.9612159448307641
1552.0,3.4315037959430605,26.292257044973812,0.9755367116024645
1553.0,3.4781903483863035,26.040253322114523,0.9360173375544121
1554.0,3.4233588978796954,25.492427759707024,0.8656134198569103
1555.0,3.3216317485354256,24.80064780541902,0.7988586335147664
1556.0,3.1903462903314037,24.073178692708208,0.77976564628356
1557.0,3.111825725912032,23.60048560069561,0.8166782265803001
1558.0,3.186050322294145,23.39333973675579,0.8644922616661775
1559.0,3.453832016559394,23.312569054841358,0.8794004381980609
1560.0,3.781136096246211,23.11386217457635,0.8866976413061375
1561.0,4.005988519721766,22.90871402140743,0.9064960856967743
1562.0,4.09029020940263,22.76987053024011,0.9480101346419343
1563.0,4.129431832470124,22.57820575724371,1.0024790945758884
1564.0,4.241444895685923,22.368815453042604,1.0922275094876719
1565.0,4.369398529890998,22.313589873888116,1.179867523159385
1566.0,4.433467178511599,22.580147229340422,1.2550609542427005
1567.0,4.473694584623223,22.99474461261762,1.3265293754953247
1568.0,4.528290836639171,23.250864074348407,1.3731181695015622
1569.0,4.593605521322834,23.14193220390269,1.3776248356485696
1570.0,4.622432017249959,22.666154812956165,1.365543972254606
1571.0,4.58636446808401,21.980627222772032,1.3794357567080686
1572.0,4.471735529509622,21.26958646733652,1.4127128840044798
1573.0,4.377638109136362,20.61283943863225,1.429242414655933
1574.0,4.354071706201564,20.080984499115324,1.4137070887342227
1575.0,4.401521087430458,19.816129668450944,1.377041768474093
1576.0,4.463476740459757,19.850776287241004,1.3893347979782207
1577.0,4.504258524278822,20.051371142880548,1.4574413833864366
1578.0,4.555848670492429,20.110398442862376,1.5019755967552992
1579.0,4.640823523644984,19.961762614166144,1.4911988233081104
1580.0,4.7313603960779025,19.603686655889707,1.4169910693304355
1581.0,4.798167889450085,19.254945065288492,1.3037057556604221
1582.0,4.860270772060753,19.131384715473953,1.24407232132401
1583.0,4.9003434579433645,19.180577589218775,1.2509470227222046
1584.0,4.943342095956586,19.282291063699518,1.3148134693379858
1585.0,4.9720692704965135,19.33633233387551,1.3814595640818066
1586.0,4.9310561881953845,19.303307085098414,1.4402534511513603
1587.0,4.855684253849357,19.172381323360288,1.5057576233187853
1588.0,4.757890170703322,19.1131836425258,1.597869956414816
1589.0,4.629941304346425,19.309993948642997,1.6971790579430628
1590.0,4.455125916374286,19.847277599303723,1.7933649863230086
1591.0,4.321521363316687,20.501351456384075,1.90442903531067
1592.0,4.2818709663019705,20.87360823408265,2.012644912679209
1593.0,4.310209479699361,20.925391893138247,2.0269250784074164
1594.0,4.382859109948967,20.876976371689008,1.9543144171865614
1595.0,4.386707188585564,20.769535364990727,1.8779725891939598
1596.0,4.377848595094811,20.59232185864685,1.87063283243664
1597.0,4.43141662285272,20.551775944932363,1.91800473592343
1598.0,4.540299179252928,20.66959156311507,1.9514808692631398
1599.0,4.6816089412467585,20.793227449668723,1.9952476680471694
1600.0,4.811108098011871,20.778038082322496,2.1106668333320964
1601.0,4.848412536341433,20.701243309071607,2.2738019171516104
1602.0,4.784027741543362,20.847030054683042,2.37237221885049
1603.0,4.726852301486853,21.096502388030412,2.4255678960553104
1604.0,4.778094151296746,21.027630695663095,2.4570729595784084
1605.0,4.897860077009902,20.744858849197954,2.511010180995893
1606.0,4.953841047636309,20.58956274073308,2.491067790790656
1607.0,5.024353541388723,20.619327531749942,2.3657982761841287
1608.0,5.1282936803999055,20.726197171379155,2.2598550878484733
1609.0,5.169744249435265,21.019007186744847,2.201096644063049
1610.0,5.167846923976212,21.41628303208446,2.1759579202351222
1611.0,5.345628564747172,21.882452954833298,2.119393296177504
1612.0,5.60032944416231,22.35787833951571,2.020590351169584
1613.0,5.636400856139093,22.56775219062101,1.9061171897213212
1614.0,5.388612617289333,22.33675442317111,1.8501188763855627
1615.0,5.148003321052594,21.761856373261043,1.8142435921699602
1616.0,5.070871117665871,21.387272931333758,1.813133318966432
1617.0,4.9835475655300465,21.138505521335308,1.7959512043714814
1618.0,4.807185959174978,20.99204993831308,1.807936063619717
1619.0,4.678363560515301,20.79281805855135,1.8689286154407692
1620.0,4.683140448629991,20.617911718722304,1.9793371085255056
1621.0,4.743449214505209,20.551958006947032,2.0654787928401173
1622.0,4.8373821340845025,20.49938696344252,2.0329956660086648
1623.0,4.933908959016969,20.432194750614162,1.9387526411853606
1624.0,4.99346616515012,20.237956911100426,1.8278201769609999
1625.0,5.028446290341667,20.19386320944307,1.7467574537162305
1626.0,5.057379845271613,20.076698567682467,1.7074622766010001
1627.0,5.071362755543451,19.724419544133067,1.6811338550834116
1628.0,5.1248472162612515,19.177122794645264,1.66627281079561
1629.0,5.2708732701630625,18.765289685869472,1.715045690582101
1630.0,5.521270125481657,18.601115035801,1.8182928877616278
1631.0,5.719114938211751,18.448301839693855,1.9505249388828025
1632.0,5.805919781238619,18.261690216758616,2.053538954683805
1633.0,5.812869452934275,17.990659959814842,2.120542991603065
1634.0,5.836654419387273,17.787414977316153,2.2219693003171224
1635.0,5.866509843768169,17.49373838856876,2.350446447870896
1636.0,5.8157290449783545,17.087214523831932,2.4897923625796086
1637.0,5.6702330721190135,16.85911955404108,2.5646253833892483
1638.0,5.537415025953412,16.987375287440898,2.6246243747955624
1639.0,5.451286977448759,17.165355666092736,2.638572601456457
1640.0,5.414570927159765,17.156188354968645,2.644139125866428
1641.0,5.419676375433628,16.988255254964454,2.705650742541337
1642.0,5.475913985701067,16.874454790781957,2.8001974115113213
1643.0,5.573362333561181,16.937107560429194,2.8793928427556645
1644.0,5.582429164863592,17.08505392365785,2.934950934949022
1645.0,5.440749102808998,17.177155860355565,2.990606009941397
1646.0,5.2892449829419395,17.166600444452932,2.970363628291004
1647.0,5.201327567261286,17.204900364556163,2.876218962094448
1648.0,5.151550391781343,17.289508036999774,2.740520397250958
1649.0,5.081730392520198,17.35285870312759,2.6602311660826805
1650.0,4.976102572452202,17.30876673685636,2.6295031131260327
1651.0,4.9267748275999255,17.2149367085406,2.626083709163376
1652.0,4.91518308993029,17.171810823021257,2.643593571342923
1653.0,4.956104509885622,17.175664772543293,2.7031428724315876
1654.0,4.988019501817504,17.195916568000488,2.773413337920512
1655.0,5.045384161269428,17.27426859405625,2.787296729886408
1656.0,5.083245464617052,17.315178893146324,2.6920593483451367
1657.0,4.9783028388905475,17.2066543813812,2.532079394925792
1658.0,4.749833222273666,16.91465827424356,2.369179337600377
1659.0,4.562544957251331,16.52979850359654,2.238680602452852
1660.0,4.565717784721243,16.130590263974174,2.1727574540034165
1661.0,4.742756696482151,15.83302018853693,2.161783736736314
1662.0,5.078547321750563,15.576875424700503,2.1977706404942405
1663.0,5.449954402248789,15.194784057376562,2.2301628872615407
1664.0,5.6700728168007615,14.667866837392618,2.2219766640213443
1665.0,5.694638115877926,14.083999310975631,2.1175061376340083
1666.0,5.643489471072821,13.540975288673218,1.9437193019667558
1667.0,5.588069447979649,13.047818055742852,1.761779258431309
1668.0,5.542819130920565,12.596441162393972,1.6979018791102096
1669.0,5.547651482232089,12.271073525344825,1.7544392192920517
1670.0,5.67056359098203,12.162718676330107,1.848870377568793
1671.0,5.940963169510992,12.229080968365887,1.96947289831681
1672.0,6.319117439458831,12.223609598662971,2.0905139156521217
1673.0,6.587581497684264,12.13423795665136,2.1747333358792442
1674.0,6.728958644878852,12.01065201481434,2.1928016915805455
1675.0,6.851767932427477,11.920125739413324,2.20777738392154
1676.0,6.972308427876668,11.807432779278033,2.2445887973752323
1677.0,7.028155390147588,11.668701626850499,2.3324021196317526
1678.0,7.05760607423718,11.611639144265384,2.434420878811086
1679.0,7.239913738769091,11.644759106636078,2.544683330984449
1680.0,7.583551469707014,11.765436801123064,2.6484817304132355
1681.0,7.95093462631163,11.983468871898975,2.7641508756625446
1682.0,8.112846215144222,12.29942972286632,2.865528944608528
1683.0,8.01748704890023,12.349195120689469,3.013334645072646
1684.0,7.879949362062561,12.043750912531996,3.19469044447809
1685.0,7.90655238557338,11.630735738343605,3.2761298288678975
1686.0,8.087050335574082,11.339484186314806,3.232231218533304
1687.0,8.389259185586802,11.223054967860811,3.1301654159880226
1688.0,8.782289101493001,11.209785462277136,3.078075257958025
1689.0,9.312938074426064,11.09554621036493,3.0957777176857726
1690.0,10.08054054517689,10.70689520594778,3.177349636198109
1691.0,10.945752471544637,10.116089263623202,3.220663313298835
1692.0,11.77616997327485,9.48601087679045,3.2297686100424903
1693.0,12.515554496270365,9.059463155391525,3.243763776422136
1694.0,13.181367674431005,9.057570151226876,3.2685802224791107
1695.0,13.63935256458335,9.254551833927662,3.2756682568253326
1696.0,13.882909969936394,9.250524979361707,3.27773825475625
1697.0,13.929395514887096,9.050942042588291,3.2602789321880623
1698.0,13.976816816617937,8.85229940918596,3.224426008332942
1699.0,14.10412981410598,8.761055842049288,3.16046489290573
1700.0,14.394051139212516,8.761877827802426,3.1067696176254858
1701.0,14.793341748868828,8.83613001610264,3.105575568790349
1702.0,15.086976779685891,9.041356741710313,3.1061457932097323
1703.0,15.130948504106962,9.347707723380497,3.081784147211232
1704.0,15.00712484079931,9.662283226967398,3.0442750102863076
1705.0,14.87657766979823,9.787952497470531,2.9721136604868863
1706.0,14.762832577411647,9.846927957101883,2.871132539143555
1707.0,14.55443780147785,9.920430242945105,2.713553241376757
1708.0,14.288646608264065,10.179864739535402,2.592542221459529
1709.0,13.989930117032255,10.574523089466673,2.576445398750521
1710.0,13.75915731400912,11.044533322358358,2.6806300329332213
1711.0,13.73360772148807,11.383600008472813,2.863291245939062
1712.0,13.991098764361997,11.50922987880485,2.9574154507276122
1713.0,14.387133172963257,11.500508737600002,2.923219211137153
1714.0,14.710871697424174,11.446037029872594,2.8184243706036494
1715.0,14.830104956215497,11.447765774621185,2.717198328574022
1716.0,14.721425365989944,11.32607620936238,2.6951356477954485
1717.0,14.574831610212048,11.1678778095695,2.7749067644504195
1718.0,14.57198076779043,11.087684450113553,2.8239566673820327
1719.0,14.616497561537006,11.185353695403393,2.746126402450402
1720.0,14.65351777567482,11.400472812572305,2.5946081492359876
1721.0,14.777969668272002,11.658272540739988,2.4652466681881595
1722.0,15.102923051154248,11.739746519992824,2.3162740296382403
1723.0,15.65133843341756,11.652701826909162,2.155153567627457
1724.0,16.152924147188408,11.678970107118676,2.070886833680064
1725.0,16.487038430892966,11.887507505145722,2.1538912345756565
1726.0,16.5356636937893,12.10116145780142,2.2999909951612945
1727.0,16.458183730177062,12.315071946714344,2.3691574500296975
1728.0,16.40003177986038,12.416585231229304,2.28876813307095
1729.0,16.484025815549952,12.375687179832061,2.0749718556235877
1730.0,16.68498902760622,12.267911072289687,1.8188796417295716
1731.0,16.995358560675847,12.180248465052415,1.6348511014799616
1732.0,17.48676886053293,12.266884424030115,1.60509391326746
1733.0,18.07372998996174,12.442872602057188,1.703830123535234
1734.0,18.613257660599906,12.563192792694304,1.8333936391819687
1735.0,18.894717446277483,12.645505257735689,1.8754016013761805
1736.0,19.090162141825576,12.778646314090565,1.8138104695083956
1737.0,19.192864582684475,13.011097979532803,1.71019829277025
1738.0,19.126431719649315,13.25536209112979,1.6689188987982735
1739.0,18.950291645973294,13.520503216821218,1.7071414448010132
1740.0,18.819008970693954,13.790620564213352,1.77858684758689
1741.0,18.75750729563844,13.93519186750926,1.8473369454567075
1742.0,18.716406096489525,13.847522049981778,1.8887663195436024
1743.0,18.836413064374067,13.58464072107226,1.8744281561799052
1744.0,18.98940688063099,13.31690156127366,1.8075024039144998
1745.0,19.059027225066583,13.184727732570243,1.7233818501414322
1746.0,19.186528651444135,13.361662651283858,1.6823494420911396
1747.0,19.51463809401075,13.850145638483427,1.746593229407012
1748.0,19.922628625650304,14.510264657156858,1.871810479951562
1749.0,20.32205435288114,15.117684605195024,1.9588120280644357
1750.0,20.693450038249047,15.458912133228937,1.951359084701302
1751.0,20.927006056943988,15.561681362002094,1.8611463847497924
1752.0,21.221578106828332,15.532474778456168,1.7261845060004282
1753.0,21.60850037277114,15.462569221582026,1.6250183096154436
1754.0,21.770672548522402,15.454892068568105,1.6064744465913527
1755.0,21.60875538992742,15.53937519528202,1.5846773147657087
1756.0,21.475736234334725,15.764973880220303,1.546413742336322
1757.0,21.359806043755682,16.184101599301734,1.47544261939044
1758.0,21.226020108213657,16.55793159060995,1.3881974670091264
1759.0,21.239593158807754,16.75428206493626,1.3398223392983024
1760.0,21.514320964552635,16.746098875744057,1.3335620006802023
1761.0,21.85903975337104,16.47016470719331,1.3282675906242063
1762.0,22.193463243177572,15.956214237200383,1.2837272956856098
1763.0,22.462077386211107,15.301277739849956,1.1821922592682226
1764.0,22.384609795402273,14.812997721397748,1.0269514687440995
1765.0,22.08298994223255,14.654436354874372,0.9035915948779225
1766.0,21.884922658367113,14.749935832282834,0.84725102981376
1767.0,21.81410156931533,14.802324092374903,0.8441214076166399
1768.0,21.73003255323289,14.684609655012105,0.8424263372493797
1769.0,21.619873666755407,14.51631275117953,0.8173322042906329
1770.0,21.54666410306164,14.426355372789898,0.7771315132533969
1771.0,21.418590686978632,14.523793790191203,0.7484312475110242
1772.0,21.107994952598446,14.759300076693904,0.7460739783829476
1773.0,20.777544057427935,14.96700929428849,0.7551851062523769
1774.0,20.429031728509845,14.991688906616861,0.7445350935883809
1775.0,19.976623243476123,14.876999398990826,0.7355720818719002
1776.0,19.497721797568907,14.75690074994117,0.7637221138310417
1777.0,19.085783464238407,14.802951606517372,0.820960289784588
1778.0,18.82243968715994,15.011529404312252,0.8290138191638415
1779.0,18.787372020753644,15.435144451374653,0.7768257157972088
1780.0,18.901910963635835,16.131156646247653,0.7385085813456482
1781.0,18.865788366660844,16.90292443211456,0.7564916422934783
1782.0,18.8619094940394,17.433072804931065,0.8200364867009955
1783.0,18.978912326976427,17.45497800869856,0.9306165704140898
1784.0,19.019322037112158,17.29051438663615,1.0066909950656062
1785.0,19.02531502971927,17.27997565569938,1.0020035825816642
1786.0,18.947649523886252,17.436114889201058,0.9335946348535401
1787.0,18.620358049937064,17.637922993142453,0.8307862563465529
1788.0,18.2606601782054,17.762578453434116,0.7655128641062464
1789.0,22.11531101227178,43.00065923097567,0.1467334160416804
1790.0,22.362574182699717,42.82995158692136,0.17956040131866235
1791.0,22.678398545217007,42.89731439070515,0.22287171567226807
1792.0,23.1039648781574,43.12577348290915,0.2620600489623601
1793.0,23.429950974814293,43.088968060420314,0.33442900474465687
1794.0,23.312096655469244,42.69291999224617,0.42056516821920154
1795.0,23.02578248201269,42.48940154334247,0.4947927325665024
1796.0,22.609044910021364,42.4980606219594,0.5388424833503881
1797.0,22.18824131945695,42.355703901713476,0.5890633877716225
1798.0,21.92487800102477,41.90053489237506,0.649093820251688
1799.0,21.985575585998177,41.5461451945118,0.687078840586796
1800.0,22.372747315860508,41.54443054572949,0.6757894995977889
1801.0,22.70092183710644,41.59595299159685,0.63862155902676
1802.0,22.521577942135018,41.42233760779232,0.6255520103687716
1803.0,21.75618946833136,41.35360719278316,0.6189298374344835
1804.0,21.103346651476414,41.33336834199643,0.635803398127296
1805.0,20.709833520329756,40.9359273779729,0.693885351464796
1806.0,20.433663389506556,40.71875243695009,0.7626734301542976
1807.0,20.00806984405161,41.06457084926408,0.8264162283723844
1808.0,19.636032130414318,41.5575997393993,0.9406255100222499
1809.0,19.304120691797348,41.921967352278,1.04793364080769
1810.0,19.01643020461791,42.156796218815316,1.0966105612680628
1811.0,18.947462437144896,42.53726129551097,1.1133925712421562
1812.0,18.921879869080833,43.392729317183324,1.1364914286747902
1813.0,18.68678381882083,44.287668588285655,1.1476554507057126
1814.0,18.129685414924047,44.486318880838375,1.1449089666175558
1815.0,17.500041476019902,44.26400706502402,1.187976593404692
1816.0,17.034004855687105,44.546755033993804,1.2795345739512196
1817.0,16.88549472503725,45.47006423530934,1.362675064553828
1818.0,16.671660777592145,46.25917703590261,1.4756674162610706
1819.0,16.104147570587124,46.399218199552074,1.7166656784084917
1820.0,15.521096388552357,46.19442566709954,1.9971536291510592
1821.0,15.023674686044567,45.819254726761635,2.172011188423781
1822.0,14.485425224486733,45.637611180282256,2.254983326230836
1823.0,13.913563574912107,45.8341299818519,2.2447177638687683
1824.0,13.539693716017997,46.18443295989597,2.20613239862414
1825.0,13.247833057312995,46.52454966851087,2.1601822586092223
1826.0,13.055234112607563,46.645961233885224,2.174023975653552
1827.0,12.991056342996643,46.573519490493126,2.1985471176750218
1828.0,13.164158877429163,46.555098357171715,2.24660348278276
1829.0,13.725514957630361,46.334893403002255,2.36046411895204
1830.0,14.585748762883663,45.98188627341037,2.4232501317126403
1831.0,15.49487895568932,45.70314850601175,2.433706174758041
1832.0,15.929290615244376,45.43467741043551,2.5487364806731128
1833.0,15.760638378085696,45.45643182286779,2.872720416573023
1834.0,15.256923963246784,45.643656797359924,3.300351256297872
1835.0,14.962035227602586,45.51616493617561,3.7164144207961676
1836.0,15.16272830452973,45.076365660786514,4.074314314007886
1837.0,15.78075497880002,44.70584786209651,4.389175673693121
1838.0,16.556359799030492,44.551294231741856,4.497765239305733
1839.0,17.08674229681546,44.489460815367366,4.406889062829088
1840.0,17.185185671263454,44.33406990089858,4.304503411051277
1841.0,16.94043870471201,44.01795086377446,4.2563583382638095
1842.0,16.645928028945466,43.664777475219736,4.194208850459633
1843.0,16.278732191725396,43.581055091674116,4.03974894102653
1844.0,15.8735036539573,43.75807933782123,3.8193824533219214
1845.0,15.763084369680012,43.80723085832368,3.593499310669508
1846.0,16.02236517018041,43.52228547090653,3.440402972413229
1847.0,16.494628885391155,42.887131146632896,3.4882947732931986
1848.0,16.871325737887364,41.871742610409385,3.6705928024519747
1849.0,17.091213999349623,40.641741270165,3.832815368529907
1850.0,17.013782247394154,39.5390136710707,3.918391270173582
1851.0,16.826716655892376,38.83457819293858,3.8953580321824997
1852.0,16.66352636757896,38.56866448505625,3.745996082688608
1853.0,16.73060080125861,38.460921397901515,3.513163855887216
1854.0,16.998578254120897,38.30635062745076,3.3660108899617227
1855.0,17.173802350633395,38.01991856166436,3.2717905049475395
1856.0,17.159287624366705,37.45873614549306,3.2146944093984717
1857.0,17.21357624924858,36.739641601840496,3.22718593089774
1858.0,17.486998186722392,35.901768860999915,3.268508846127168
1859.0,17.786610706699648,35.30598368689082,3.2972516992056318
1860.0,17.965331618580063,35.05998629568087,3.241593339841651
1861.0,18.131960991549125,34.986371707302744,3.1878315596640014
1862.0,18.51106756969897,34.971335447181765,3.1192475324855056
1863.0,19.00781139567422,35.07880764843225,3.0205972479809025
1864.0,19.571994103807622,35.36874037408727,2.925256211071041
1865.0,20.0533720867927,35.72029872417813,2.9013211315357204
1866.0,20.478450597975094,35.921001546197715,2.9457089630739683
1867.0,20.6969944110855,35.947745895520086,3.0503409827280517
1868.0,20.728981546037353,35.90960837194652,3.2287610593751297
1869.0,20.852553004444577,35.94072533931173,3.4529986268806683
1870.0,21.112279671269608,35.86862036455806,3.6946449762155646
1871.0,21.27982924582264,35.58639803600896,3.8394111878664026
1872.0,21.28959407088034,35.46030938525041,3.823098174822802
1873.0,21.317801803862654,35.8090727009767,3.7062881921700623
1874.0,21.382164121822445,36.375326879150904,3.5371662466485136
1875.0,21.41813473664522,36.507924651169446,3.400793806848257
1876.0,21.316732307481995,36.069200262773776,3.348782112437484
1877.0,21.279735601893105,35.184223779966814,3.484934362108452
1878.0,21.416520530053774,34.47200446052788,3.7992928095556007
1879.0,21.916242069517104,34.24138535170549,4.12240493577401
1880.0,22.545721180592906,34.0489567333196,4.445099916941115
1881.0,23.16002948892346,33.541987579649366,4.742385565263609
1882.0,23.504799376172517,32.91350920497913,4.9850849497749445
1883.0,23.683226171222252,32.61006345406151,4.986285784480518
1884.0,23.935124921597847,32.326150042017545,4.760451094977641
1885.0,24.058048816802234,31.922693230292413,4.537133237997564
1886.0,23.887779121908007,31.54092359019204,4.415900704507891
1887.0,23.2895031707712,31.338483563931675,4.3111845565102085
1888.0,22.29037369960733,31.476943187113086,4.223065113695257
1889.0,21.24733242101309,31.78690744778666,4.278939811660825
1890.0,20.434453737062555,31.93619808616217,4.533260347255704
1891.0,19.92247374329283,31.930930582545848,4.843912874516591
1892.0,19.871363885268643,31.774021554025,5.035323450562969
1893.0,20.342782997270557,31.36363461730674,5.102485544971241
1894.0,20.953821457835424,30.653414914028865,5.090956160814971
1895.0,21.622106890786757,29.792729623524593,5.028772119207911
1896.0,22.404389506255903,29.060657039407317,4.982584114271874
1897.0,23.165595464315402,28.550735520802775,5.009352307279896
1898.0,23.722022542570816,28.21834893310727,5.136580020037955
1899.0,23.926356474306246,27.966444130961282,5.359769316620354
1900.0,23.966774620274318,27.91035917327383,5.5204690347622645
1901.0,24.031181391445585,28.02664299578221,5.5513979614946285
1902.0,24.12736646515687,28.140178196795627,5.526405121112334
1903.0,24.177343922979983,27.90839085831092,5.543190695811384
1904.0,24.462613404655748,27.296899493106512,5.64886445922132
1905.0,25.00789962394202,26.481690115521324,5.881850852877507
1906.0,25.648787706732772,25.794765063712088,6.187794705024508
1907.0,26.290216505829935,25.391681139672492,6.511599949514341
1908.0,26.809539211734563,25.058534622968004,6.77640038716704
1909.0,27.035010414198435,24.555784898836773,6.951608462785895
1910.0,26.871799961246868,23.968937147857933,6.859172523604839
1911.0,26.717835070570857,23.642587655634653,6.6608899569
1912.0,27.046230374848925,23.567729249912727,6.477878977446773
1913.0,27.94039195031849,23.51620628504526,6.433773251145256
1914.0,29.00984828689997,23.583995265573943,6.530639026632248
1915.0,29.76069370967078,23.729871459731932,6.707769053881933
1916.0,30.213821923442005,23.85111535158254,6.870702808126502
1917.0,30.3843760702741,24.028825470665954,6.97687768605644
1918.0,30.35196073278905,24.38479062378722,7.027224843469169
1919.0,30.30433511732627,24.77759455435346,7.048608861441857
1920.0,30.451368577424258,25.209557211325762,7.017721644116991
1921.0,30.904564103583763,26.00854407237471,6.9754294936627455
1922.0,31.64780594488859,27.181670214066834,7.103653831656163
1923.0,32.73865158959381,28.110559386535428,7.465622474646557
1924.0,33.81899335179181,28.4633327701786,7.941052366601545
1925.0,34.310419065542746,28.834873827192595,8.270283731262008
1926.0,34.122107238508136,29.484294666706948,8.298371822568882
1927.0,33.598687923263746,30.2602204131339,8.255679803315214
1928.0,32.989928751722275,30.659828016858068,8.226485538407204
1929.0,32.49303258476132,30.54959682293086,8.280934615070917
1930.0,32.27297168668608,30.376828790407917,8.420630581249997
1931.0,32.31096942916478,30.3320884447537,8.532502373081668
1932.0,32.6116210746881,29.89895816531624,8.841275617366627
1933.0,32.929898610995785,29.295465737567387,9.240341482848999
1934.0,33.24516541026469,28.900474881904113,9.47258796638358
1935.0,33.5439498994532,28.617671614644618,9.577806722938112
1936.0,33.827861386521775,28.301307708139085,9.667237566473787
1937.0,33.552453716855034,27.965871724949313,9.69906094103877
1938.0,32.70144194032484,27.859983129017376,9.628556435251742
1939.0,31.700835717364225,27.936887213131644,9.571111172701562
1940.0,31.001312415792125,28.0751676824883,9.473629692646439
1941.0,30.654668734556225,28.333805645056714,9.379196209741076
1942.0,30.10210493144379,28.93566859578094,9.408489771820346
1943.0,29.17051323542969,29.505987047117483,9.59017860136182
1944.0,28.41594712337389,29.515627792200263,9.826027237078291
1945.0,28.58186352854073,29.167157059105023,9.780058454172249
1946.0,29.367605949440136,28.882446871331855,9.397638432715103
1947.0,30.23076801774184,29.097566470424642,8.903463526913185
1948.0,30.81174666083902,29.598354750969,8.519359990584832
1949.0,31.12043911675834,29.99877963121479,8.400105675869215
1950.0,31.398005379767138,30.03955306454191,8.422939901613624
1951.0,31.568750126684105,29.988622744684136,8.293242453188942
1952.0,31.566288213254566,29.84715290045795,7.984824801890833
1953.0,31.6826587133973,29.59093130496718,7.668422172894393
1954.0,31.76030622304832,29.40299068096006,7.442590555878769
1955.0,31.68913783127236,29.4328227085265,7.164214165428701
1956.0,31.40555920687702,29.588445062905397,6.967527912432701
1957.0,30.94973276010257,29.52003441537306,7.003932450441697
1958.0,30.714232965830128,28.964733944383514,7.22994648118176
1959.0,30.781184141011657,28.012456395573842,7.437013214001888
1960.0,30.885883832748714,27.208401301589294,7.56559423144
1961.0,30.77206111161012,26.722683539889537,7.739808601216323
1962.0,30.552835719247042,26.566467688776967,7.945889050839714
1963.0,30.387905195009864,26.673220829064775,8.090080205461957
1964.0,30.542567884334286,26.83257953910033,8.091632133579125
1965.0,31.052056013597614,26.817426295185893,8.09591362115761
1966.0,31.62278928919078,26.806740791263024,8.089526883511608
1967.0,31.95805189597499,26.787851650455316,8.158370113676044
1968.0,31.895517462167966,26.531818404337347,8.35518888634061
1969.0,31.457671612053208,26.15862507810311,8.66090526101056
1970.0,31.026852315712564,25.761977261625642,8.96382947506956
1971.0,30.952361339515935,25.380283056555655,9.135290747020923
1972.0,31.181083249925962,24.997971041168412,9.179347554233315
1973.0,31.602695299026063,24.682454606010246,9.070188413797622
1974.0,31.855395674135238,24.218618491871236,8.943629744336038
1975.0,31.844950620002297,23.433885360479227,8.890059553739684
1976.0,31.670734009477528,22.702617666856966,8.908495634620296
1977.0,31.705438357327903,22.16374663756932,8.95032567255606
1978.0,32.085613039300625,21.852581774443742,8.983593823562071
1979.0,32.57281956123007,21.65973396444373,9.093785460572159
1980.0,32.92281429198112,21.636766134358393,9.294138413805523
1981.0,33.11482118812153,21.65822283637458,9.502022396129204
1982.0,33.23281515838518,21.606573056992154,9.602116767348063
1983.0,33.36599727997541,21.35900428448488,9.64779577143981
1984.0,33.45568694810238,20.935076711682253,9.706980869679896
1985.0,33.565780914147,20.66978523945261,9.813965612352503
1986.0,33.7818686637315,20.42101565948001,9.957543640695457
1987.0,34.02078218180635,19.940055886115264,9.981140726756035
1988.0,34.289646678219896,19.290327636907804,9.835087144883063
1989.0,34.5511373422644,18.802372263538256,9.805025974910796
1990.0,34.727144568287194,18.472523599544065,9.828908567285358
1991.0,34.54756994551325,18.051649594988426,9.763305262774592
1992.0,33.9233239882905,17.527614033688444,9.6925125451968
1993.0,32.76216965423606,17.07782213608491,9.795188528153027
1994.0,31.71818531001341,16.787020470715156,9.873435734033619
1995.0,31.05934942468141,16.684202481977806,9.825775902491799
1996.0,30.804183782009854,16.723251738140707,9.745021753519026
1997.0,30.70985180510782,16.814483566924633,9.787342248048207
1998.0,30.514941468934293,16.97569016131417,9.775088166408787
1999.0,30.16343174318524,16.96244248819099,9.596830011285007
2000.0,29.818477375797656,16.677228786766168,9.362827365939062
2001.0,29.63913615934569,16.143950488880396,9.10877978406176
2002.0,29.522676873649868,15.674216023825707,8.79650954251664
2003.0,29.447692353699846,15.40002524045383,8.60284894152505
2004.0,29.369156074624897,15.252570477461525,8.666282967550213
2005.0,29.08379547993115,15.011615107744154,8.805727928860302
2006.0,28.394223289273924,14.636873268966225,8.959856623739842
2007.0,27.60077013016512,14.338072530211269,9.148168138933453
2008.0,26.960315025163222,14.465141017537432,9.402132646977678
2009.0,26.682714334454076,14.871686834710415,9.740840620182722
2010.0,26.598449019613305,15.06835198627815,10.183915851784032
2011.0,26.39275361308436,15.019545903424694,10.626762848486559
2012.0,26.06337682445652,14.857347326257623,10.779514460068068
2013.0,25.792277094367265,14.666972807302562,10.68898747596289
2014.0,25.588737395520326,14.548882353992079,10.5378791693274
2015.0,25.53034885462304,14.487141844972756,10.272338707795125
2016.0,25.7839679392539,14.390262143810011,9.806763922201597
2017.0,26.191477653120998,14.14685848491176,9.245189858948542
2018.0,26.689593405963898,13.57323222992677,8.613139964669521
2019.0,27.368513149777158,13.11826754284201,7.986439569717524
2020.0,28.302190073189276,13.195572433298103,7.446477748728719
2021.0,29.164474179611346,13.375661010789008,7.039228960059521
2022.0,29.6298962488251,13.456919234648067,6.810263571184348
2023.0,29.68722626803408,13.412142228249092,6.810038516985502
2024.0,29.323537177479746,13.443667220122064,6.908775634455899
2025.0,28.903971591073955,13.456872059484905,7.034747434314629
2026.0,28.47385755531801,13.388544010211685,7.320646577416036
2027.0,28.103728464973198,13.105458292165672,7.641471088618789
2028.0,28.196529899238627,12.764158280402288,7.947663331132801
2029.0,28.88385483167323,12.564292378963996,8.320942717575624
2030.0,29.818189492091562,12.527648538742588,8.67489529361895
2031.0,30.457918681614643,12.599683729355023,9.023704547967384
2032.0,30.413330185811816,12.72666211565146,9.360278175064408
2033.0,29.74698439221776,12.805271981763521,9.668297527997732
2034.0,29.00362274436135,12.737750578522135,9.970584146873312
2035.0,28.66052950966688,12.44488008177363,10.115128178780946
2036.0,28.962724381723504,12.099714512498077,10.124040557985062
2037.0,29.674710413010015,11.871180691945684,10.123077759194404
2038.0,30.485175629206,11.68055961757456,10.062387356755158
2039.0,31.279896178354893,11.481222980133717,9.923898964306202
2040.0,32.03796026347224,11.34693211055098,9.78957078608784
2041.0,32.87752411897907,11.265573206818383,9.737224054392453
2042.0,33.26762308296082,11.36620175584804,9.635209715382096
2043.0,32.84106736225577,11.657364390659593,9.458267040030384
2044.0,31.775397861003725,12.085446095060353,9.264338212405251
2045.0,30.76435578826875,12.53610689594498,9.14562112425984
2046.0,30.11484788762609,12.719002608932946,9.168204147168064
2047.0,29.842232240427627,12.566175703249645,9.327930871805822
2048.0,29.94370297473096,12.312065726869411,9.616363058942778
2049.0,30.44824134041611,12.285951599271556,9.910574157569473
2050.0,31.0393283113027,12.343575522306251,10.231967783727878
2051.0,31.51032826805346,12.290451339076002,10.380057034215968
2052.0,31.912953117889806,12.216705174172933,10.26465161865025
2053.0,31.89690283635118,12.161809848475823,10.005373556854753
2054.0,31.232877824681353,12.150585869937906,9.86730090872504
2055.0,30.49988271391261,12.17479689415683,9.69811570216085
2056.0,30.286418424577448,12.217836749488974,9.462271057915421
2057.0,30.292831770933454,11.994692369959996,9.134615359620865
2058.0,30.62475677854105,11.734931853238546,8.919713197871433
2059.0,31.07597272510591,11.666198349374891,8.85984377080806
2060.0,33.3739313108466,4.140059230553604,0.6577822968080841
2061.0,33.29494376536441,4.2276829548116615,0.6410320797541441
2062.0,33.31089028927038,4.350814526066786,0.592309449325945
2063.0,33.51627110332473,4.341829485886605,0.5068222980251208
2064.0,34.36931334320547,4.259668927823974,0.42991400686375836
2065.0,35.72210082524179,4.195072280938754,0.38374139594344964
2066.0,37.04975509620099,4.208499168462037,0.34734218029620484
2067.0,37.94727590810417,4.282990058280734,0.3079798912516096
2068.0,38.2849916626769,4.348576435214886,0.28256623964416
2069.0,38.17605614330046,4.333229710842034,0.2747642111217936
2070.0,37.92809616144206,4.234822680977511,0.2826701391559823
2071.0,37.66060831603009,4.150682683781105,0.27642674268426004
2072.0,37.548772488756306,4.056412225921544,0.2639898028883844
2073.0,37.51499045268324,3.896886707608359,0.2548971500275599
2074.0,37.53175226532997,3.6524219284967243,0.2698088130879376
2075.0,37.56696221073721,3.4374870892489007,0.31539444768001007
2076.0,37.467812446136584,3.275683821818102,0.3734982354708003
2077.0,37.227685756992265,3.216715174123311,0.4103705892910275
2078.0,36.97964756106164,3.250312797276514,0.423493250069688
2079.0,36.81917764572388,3.3180733287770434,0.44904516053322235
2080.0,36.654643784743946,3.4022504889225242,0.4622068321782024
2081.0,36.44160756309718,3.5087983297429712,0.46296299366354554
2082.0,36.176434566581705,3.6745902991299695,0.4185108170377744
2083.0,35.912076709719216,3.841433362607101,0.38134915510686757
2084.0,35.545029165250355,3.9105726942822403,0.39447590687384887
2085.0,35.20369562220425,3.8708313680161237,0.46370623559684404
2086.0,35.09410110987295,3.660588814818243,0.5192918584600463
2087.0,35.126163105011734,3.352641051797859,0.5238254688620944
2088.0,35.27594102327677,3.0624946450023423,0.4956650700145225
2089.0,35.53459351121281,2.928010914014788,0.47278841048713205
2090.0,35.866567350444676,2.879700800296335,0.48440951330171556
2091.0,35.96211001504839,2.8006109856768115,0.5342819964403216
2092.0,35.64427456267407,2.720787701319483,0.5917414700970756
2093.0,35.085070155669825,2.660489460918477,0.6459243510397561
2094.0,34.87451887408312,2.5928417800611228,0.723524766114708
2095.0,35.13303548794254,2.534180409053465,0.8295174031999715
2096.0,35.65662719219437,2.5699049223192905,0.9606130638156899
2097.0,36.24389878804255,2.6340998834604625,1.0293832092258575
2098.0,37.015516073509595,2.679558027592515,1.0051555478442915
2099.0,37.71105332056141,2.731846479994425,0.9175160863443598
2100.0,38.23653707920022,2.8492768179960097,0.8465634550907688
2101.0,38.75947322203764,3.004351561606772,0.8212174884344601
2102.0,39.21309837203624,3.0373229793005603,0.8149396881480099
2103.0,39.83458362984309,2.9479591962288407,0.7902828979192448
2104.0,40.69019667963649,2.8364226606246974,0.7674723279828003
2105.0,41.568337625088475,2.7980319089136994,0.7992507868283928
2106.0,42.286671984148505,2.8978646473096337,0.8731542107883841
2107.0,42.83518587474024,3.0312917691238823,0.9653687773125122
2108.0,43.22934735544007,3.1082111005825643,1.0178755174293488
2109.0,43.828982086564444,3.126184505593803,1.0516007394427396
2110.0,44.4892856602358,3.1473795742005155,1.1031862607590277
2111.0,45.009450443630726,3.198241683260124,1.1749929987644834
2112.0,45.41533739764507,3.23730883905529,1.2060084053475393
2113.0,45.71614537237684,3.1253547904092924,1.1692807324891223
2114.0,46.1995659791296,2.9097586550541608,1.1592197316382489
2115.0,46.917026598624226,2.6670369056665106,1.26062527251049
2116.0,47.95636016081748,2.4936477354068654,1.4818917689282531
2117.0,49.15355451283215,2.4194941382861845,1.7535976466228678
2118.0,50.135815992545204,2.445410984685382,2.0308808240568577
2119.0,50.82175857621037,2.5576934157977407,2.2262210805309692
2120.0,50.954815503471075,2.7074608477187785,2.212899105913457
2121.0,50.74638576067507,2.8399318340866744,2.0498034029109022
2122.0,50.44550369310004,2.889476763685211,1.8955692357386933
2123.0,50.38918083200636,2.9120567208480055,1.832911095119221
2124.0,50.820106814671504,2.951945887154931,1.7878471068160002
2125.0,51.66100754100702,3.0003302156739777,1.7646504920661907
2126.0,52.298886547485544,3.093072366074094,1.811522181184
2127.0,52.55635319471664,3.242407911213187,1.8952101015556904
2128.0,52.60890284173626,3.525658561225165,1.9301180627258718
2129.0,52.89480094931345,3.882789420510661,1.9444498616635022
2130.0,53.74280444346257,4.18147581283112,2.0123046998987077
2131.0,55.080064773998366,4.43824981873147,2.13025742027122
2132.0,56.39306650349554,4.762078934717817,2.2334254867785024
2133.0,57.28253979604715,5.138933857915591,2.268870882737666
2134.0,57.786739742045825,5.447675314733314,2.2542769105110017
2135.0,58.15999960381452,5.616700637369045,2.236664328790349
2136.0,58.32971287578994,5.739900524900103,2.2295066279855624
2137.0,58.23560843158178,5.964647437728074,2.24473028915776
2138.0,58.38264908523061,6.2522762572161446,2.377320263944332
2139.0,58.89368468664398,6.524660651882742,2.6191995276505744
2140.0,59.30772395238668,6.80044564912429,2.7980362245635853
2141.0,59.330584402698,7.045989971460858,2.7776749231743554
2142.0,59.413816510724516,7.284857137351503,2.715235315724352
2143.0,59.73026236589665,7.495566307174177,2.699772417806496
2144.0,59.834338853113444,7.7586137112865945,2.7626271375248677
2145.0,59.700714264999114,7.938371785185258,2.874335520013171
2146.0,59.71344641074575,8.028957432222253,2.961662294055686
2147.0,60.0726399079253,8.024336307803404,2.960267044879876
2148.0,60.659379550861175,7.947604692712132,2.8675219048332923
2149.0,61.468361749421774,7.746601912675243,2.7574223503924156
2150.0,62.282045519154465,7.513273364611311,2.7297118376812812
2151.0,62.38436855421422,7.340524319336041,2.8600290793602023
2152.0,61.56525571446313,7.2291317269979825,3.1886081705628047
2153.0,60.77644738521749,7.171940929621122,3.4848168668396164
2154.0,60.83325303106489,7.049355604476308,3.5272928524483227
2155.0,61.349629965992214,6.909580385669126,3.329837194091222
2156.0,61.524587252621885,6.752069051546899,3.0757390270622498
2157.0,61.5360017093095,6.560624780651157,2.874357627896164
2158.0,61.58765265491162,6.43915858147208,2.757986467672196
2159.0,61.721896085773125,6.522148596652059,2.7240040836807187
2160.0,62.16514329534599,6.7090835108468205,2.7904322684056897
2161.0,63.0189072715671,6.87693891005075,2.9511453305862445
2162.0,63.9069127532148,6.98626645095353,3.1707655273609223
2163.0,64.56134311455403,7.022954747361641,3.2951824457587877
2164.0,65.32689386432938,6.9717899992092685,3.3370799009451115
2165.0,65.93758340322384,6.907647074544092,3.334712756981768
2166.0,66.06507894582757,6.8664113117101175,3.3806977342760645
2167.0,65.8416371275103,6.887630147981661,3.4236332557951874
2168.0,65.79440049716506,6.948116473902561,3.484356761440513
2169.0,65.92121069405259,7.019607822843064,3.5933645310234965
2170.0,65.68802861566952,7.160800562514531,3.798397605082752
2171.0,65.27451276035151,7.356923567741206,4.06381087938816
2172.0,65.23160825444786,7.546943338560404,4.279412904372157
2173.0,65.89960275952042,7.799768593291297,4.447807902360329
2174.0,66.90638930739011,8.016363995431297,4.6084629597009465
2175.0,67.38004192110408,8.175235250028452,4.895002305460344
2176.0,67.47890316910393,8.369223868253991,5.255457076917857
2177.0,67.43823772468471,8.670544014951563,5.538535804008359
2178.0,67.23891924434281,9.04842953585178,5.53406852209201
2179.0,66.65566108540474,9.52659472239197,5.214578315075814
2180.0,65.80133606757715,9.873328836598333,4.871608723161852
2181.0,65.4973793143558,9.954648816373302,4.621984487373611
2182.0,65.95994393354256,9.830527228006469,4.438486911650022
2183.0,66.81389492866336,9.636729959362725,4.264832296820763
2184.0,67.60322489925109,9.54959994490329,4.146234852753302
2185.0,68.13394938636657,9.646489269930447,4.05086790125824
2186.0,68.48721843467222,9.955360051461865,3.9450047009288878
2187.0,69.31786245765149,10.463556518207255,3.85006397772084
2188.0,70.42166929680877,11.199493149484786,3.8022560979112514
2189.0,70.79544496948849,11.948857367004328,3.670635373409453
2190.0,70.16729554484608,12.503600380732445,3.3871853087369472
2191.0,69.00494945903836,12.79550232798242,3.088092289311797
2192.0,68.2585383629184,12.799102626197225,2.8911348613890624
2193.0,68.02028420312276,12.656503956515765,2.824472425094222
2194.0,67.69783371155467,12.573360358752906,2.7925307254951566
2195.0,66.76766568455368,12.695765628037005,2.7379034220396545
2196.0,65.56522954413823,13.00945976298464,2.67583993876827
2197.0,64.46742732742032,13.434801838473343,2.64045922010202
2198.0,63.46266636113915,13.946891188801544,2.6121412612682398
2199.0,62.685550540788505,14.45404639021702,2.552063696423281
2200.0,62.31848347602837,14.727949886449256,2.496110268007056
2201.0,62.482771510959815,14.634733873944187,2.5166450031275636
2202.0,62.12306980294273,14.382005746682252,2.5962914604433687
2203.0,60.7549956723108,14.387209261395302,2.6665580350080096
2204.0,59.00396218786141,14.764156029308854,2.8296992732409993
2205.0,57.74232983163877,15.342587392482251,3.0507936981665793
2206.0,56.82062884360356,15.943329709092609,3.2064809273452033
2207.0,56.161689788094925,16.4769215705885,3.2932947692794388
2208.0,55.7767791386238,16.71005079329041,3.3873326920338083
2209.0,55.89304385484151,16.662241347815176,3.5018102855250026
2210.0,56.608473663438886,16.55175935609462,3.55803035758564
2211.0,57.642821890369014,16.43009290470601,3.4961616881746562
2212.0,58.362515490180584,16.35693023376064,3.3691536775977027
2213.0,58.24015047316083,16.39827992847226,3.276140073522545
2214.0,57.612076166007334,16.55290405678756,3.30383694496308
2215.0,57.07024890336463,16.54687911807738,3.4519962246385227
2216.0,56.32212585580692,16.25815967295309,3.6782786538792096
2217.0,55.284819979064075,15.695237402031113,3.835574658859782
2218.0,54.74923663695074,14.982863025023718,3.91639112935876
2219.0,55.23123639770298,14.20918068595476,3.9381688877032803
2220.0,56.30240660076957,13.514290937187324,3.8647627706820002
2221.0,57.06822749207444,12.93934848151375,3.6750601517527297
2222.0,57.32733119626447,12.452440449858436,3.4287464865550006
2223.0,57.476518171169765,11.94515005452941,3.2812842241067717
2224.0,57.68591936045259,11.602133654166442,3.2355866439343224
2225.0,58.02328168486417,11.483519817123064,3.283365417874928
2226.0,58.29142025266887,11.383568360758451,3.373471408283513
2227.0,58.142460504486536,11.304975417021074,3.515708137991509
2228.0,58.09101437503982,11.166474883416658,3.6458667878740902
2229.0,58.45876883930556,11.05974412760681,3.74946495441639
2230.0,58.92842824994286,10.898478293529239,3.761388298225412
2231.0,59.11704586889623,10.657669898823517,3.6786506176859572
2232.0,59.14124841325088,10.278543208919562,3.4988966595317645
2233.0,59.28016335002713,9.839245355340982,3.2671498068697744
2234.0,59.580216772718614,9.377780202550825,3.0784824428866204
2235.0,60.20984863026028,8.965344545510993,2.996980972406065
2236.0,61.00013236964144,8.714127471294013,3.023455382210132
2237.0,61.621539791740545,8.501257797879724,2.9178195705285166
2238.0,61.76988809411391,8.297731400042457,2.70707592801636
2239.0,61.99417315042539,8.187852150686982,2.4792763848466763
2240.0,62.54637865254094,8.231341174185962,2.3818507592321763
2241.0,62.73358728907092,8.302901921542926,2.4106406643264404
2242.0,62.76550412295425,8.430820370156253,2.437778504890916
2243.0,62.74638517720933,8.456876824718162,2.3146849192864996
2244.0,63.04960627665036,8.379755706361793,2.1356806655061127
2245.0,63.49048087747762,8.262927895054812,2.0137905155999567
2246.0,63.639351751435974,8.277475394424041,1.8679330434488408
2247.0,63.60874971095779,8.423167496040199,1.6899590762477477
2248.0,63.30734782047675,8.547949240867515,1.5654277201638915
2249.0,63.27203964153198,8.638533299916478,1.5159588818015521
2250.0,63.72260762552923,8.804459451293285,1.458881548102056
2251.0,64.00913264577838,9.037845462096923,1.3626280446355599
2252.0,63.42181020509533,9.237041778200041,1.2518937746787477
2253.0,62.4720762483984,9.389745730068643,1.1688947501470095
2254.0,61.94947658356904,9.409692140740624,1.1073863271380622
2255.0,61.827900019092475,9.245145952875587,1.057057815254249
2256.0,61.78223124161607,8.90724335388027,1.080019382688836
2257.0,61.50314898406404,8.524727506024961,1.2072391906066968
2258.0,60.79156618319863,8.222908554823647,1.3785107160720014
2259.0,60.12954069697601,8.016368695420566,1.5061837738369042
2260.0,59.522278873664895,7.874197546732005,1.606922350204248
2261.0,58.98257541133041,7.761507428802206,1.7419770712672442
2262.0,58.73705433834671,7.649608595583058,1.922749052205353
2263.0,58.653943195517336,7.424977554113442,2.0393557063344145
2264.0,58.91108957322888,7.077460313462118,2.062251550453305
2265.0,58.860086363631915,6.717330307029693,2.050953258655801
2266.0,58.05849434537176,6.502647696838682,2.0894683708504225
2267.0,56.857230860620106,6.549856944209569,2.186160462203021
2268.0,55.66409739514025,6.761784341731335,2.2882928752849936
2269.0,54.40903559017874,6.863026245538353,2.3286746876401847
2270.0,53.281844606045134,6.719563260320962,2.26220710227606
2271.0,52.502098182555585,6.466998173240251,2.163912755974872
2272.0,52.01055815352048,6.332709387986001,2.079905996593926
2273.0,51.508490873349395,6.280873583245754,2.04882583101144
2274.0,50.96960449000001,6.279560320087909,2.0551958282449765
2275.0,50.665100450746614,6.444741385396232,2.0443013886148624
2276.0,50.67488965995765,6.770864509790481,1.9771010961268332
2277.0,51.027616234159666,7.081573119673601,1.90918470155625
2278.0,51.362367053233406,7.184550646569466,1.9219590025789697
2279.0,51.53438393869719,7.271718543698257,2.094214700570432
2280.0,51.42569078619605,7.4915659797391525,2.3233214177198116
2281.0,51.15858598078132,7.714428035798247,2.44538086635625
2282.0,50.90881720672225,7.869935601474305,2.4504917495497156
2283.0,50.744940809845794,7.925190461805394,2.32858599738966
2284.0,50.7982617462794,8.018986633649142,2.1939931659638283
2285.0,50.94287602845851,8.11325586366262,2.1639864843453025
2286.0,51.13056709122009,8.067305623762074,2.248598528303873
2287.0,51.39672462697081,7.889570685536964,2.4341214423290944
2288.0,51.90276828459062,7.824142666455611,2.63919191198982
2289.0,52.36821384199111,7.8786754280587115,2.7144651240682918
2290.0,52.64234105110756,7.975459137237094,2.6134689218228364
2291.0,52.978857185903514,8.175992507845564,2.4696392484437886
2292.0,53.61845076658869,8.511450318721002,2.4121221570846725
2293.0,54.567795888683314,8.81375913038981,2.5084828148192835
2294.0,55.84334319550174,9.027492082845393,2.665264789629377
2295.0,57.64039952072859,9.104146903056252,2.8129298005639742
2296.0,59.51648499837184,9.096060383291707,2.93733104447821
2297.0,61.30825230411067,9.05833243361858,3.0280585073580624
2298.0,63.14689340028386,8.918732369313105,3.0180647678963086
2299.0,64.95974431441186,8.878451544489764,2.88678272790011
2300.0,66.0469967512125,9.053956126930565,2.744815227767592
2301.0,66.24061497291575,9.47219192475632,2.6733347096256024
2302.0,65.96224528247023,9.934736921470734,2.6064147377163023
2303.0,65.67092030289292,10.407680625701566,2.5093958745489986
2304.0,65.65131083071513,10.730345580293188,2.4962142902539126
2305.0,65.86762650398354,10.685643597300675,2.6404971465476352
2306.0,66.26190266320529,10.31571563928509,2.8773809692374916
2307.0,66.52118618415649,9.888811924405461,3.061460973143672
2308.0,66.68028196414821,9.743302208760218,3.067357579684529
2309.0,66.71339937213786,9.988882751355586,2.94480021440568
2310.0,66.47448141202209,10.534684686380412,2.8391536238485924
2311.0,66.27070814671966,11.107411463573158,2.8525579124909584
2312.0,66.23162821472671,11.430353090515473,2.9556910012397823
2313.0,66.2707351737876,11.356464263179625,3.0499468053258956
2314.0,66.25815629746414,10.929352479278696,3.0883270334885955
2315.0,66.40443316770575,10.487103923350832,3.047379215555825
2316.0,66.82127100183274,10.280270106173163,3.008914107347952
2317.0,67.17252322909333,10.326563804518239,3.0488669211782398
2318.0,67.69142254301127,10.275884631188287,3.079032206315437
2319.0,68.45498489908267,10.073372953757909,3.053199347142422
2320.0,69.27555719638885,9.651760170809807,3.0712520790514164
2321.0,69.72245056800875,9.159616842369095,3.1620434649678737
2322.0,69.91544632595757,8.89899902782338,3.2139529927600146
2323.0,69.63073081767918,8.912816944568858,3.1905171203914966
2324.0,68.79883293594831,8.985519009665383,3.126953252851649
2325.0,68.08009046639863,8.95378095175735,3.0095015831680803
2326.0,67.7993919956515,8.8639598634889,2.8548959681211876
2327.0,68.12722574082899,8.760582973515243,2.780218724893464
2328.0,68.70243247711832,8.958826358823622,2.776841401147633
2329.0,68.81519017662147,9.347031621701404,2.792996844443822
2330.0,68.24787121507993,9.728308965922642,2.799329128979376
2331.0,67.59350917147876,9.972524727037204,2.8175407780881123
2332.0,67.15624817185274,10.150516222716751,2.7724396226538026
2333.0,66.78930741705405,10.421104856300433,2.6680013749071683
2334.0,66.25808613144714,10.680504016264324,2.52018638084006
2335.0,65.8426861465814,10.90056526731217,2.3665940100613923
2336.0,65.72832918030896,11.12605784545367,2.2872305313077477
2337.0,65.49035943326219,11.411996199819745,2.2629875078102435
2338.0,64.94197536906373,11.55340344532685,2.2550525232632324
2339.0,64.342743414459,11.607739081254772,2.2233690108876965
2340.0,64.07245425472495,11.63734750724115,2.217469231212625
2341.0,64.25308202383609,11.673915082534323,2.286122348211266
2342.0,64.72048632244508,11.624281386355204,2.4115251199539594
2343.0,65.11286979962117,11.46573504026936,2.494863117814145
2344.0,65.40456346481126,11.124487312229506,2.515832422688256
2345.0,65.59772275639726,10.603141333887184,2.4869523081146117
2346.0,65.6562406765169,10.044999186431012,2.3471088429267364
2347.0,65.50881318187723,9.539620822117078,2.1149697586574736
2348.0,65.1723268216327,9.246516881017788,1.8997030888300088
2349.0,64.49868864028916,9.247968255090674,1.8439713591510647
2350.0,63.64950726239265,9.575942380443843,1.869704682275102
2351.0,63.10237080211801,9.968043748252395,1.8969973805214781
2352.0,62.903681862587554,10.229524600423842,1.8649878228606245
2353.0,62.71238079940201,10.166346871455067,1.8573298128396543
2354.0,62.547446796243584,9.83451657217076,1.9481711013610001
2355.0,62.67989256293703,9.44096398291413,2.1254859684916227
2356.0,63.09904323002799,9.113530975038003,2.2928460365589154
2357.0,63.60998863261597,8.898772371884242,2.3452203553701128
2358.0,64.22594610924247,8.848067874728043,2.272182736998732
2359.0,65.0886537977406,8.845746731883603,2.1473811285539206
2360.0,65.89492387213896,8.69476103929152,2.1207659720992997
2361.0,66.00334658347668,8.28606351654843,2.2230959100249996
2362.0,65.54576831028349,7.810873278852483,2.3636733859850323
2363.0,65.20093835421605,7.38195391137802,2.40338051166168
2364.0,65.1720812430922,6.892437104121621,2.380127609573088
2365.0,65.01446000708098,6.426150876813745,2.3809632142297397
2366.0,64.34310437764394,6.100925045825707,2.4286967714530756
2367.0,63.55344870709804,5.962285417374724,2.555076065967881
2368.0,63.2277560156016,5.92406022401178,2.656699774572417
2369.0,63.33769391774318,5.815284164789403,2.765553467601809
2370.0,63.41221755635089,5.525159392084379,2.9016727769106843
2371.0,63.38810224749343,5.14443283993501,3.074743627858196
2372.0,63.22781915122822,4.729753213168177,3.2727967142943073
2373.0,62.80225248227534,4.443139798020437,3.5935052630215765
2374.0,62.23240543532835,4.349372231280821,4.009051274563172
2375.0,61.60178982936779,4.38743047274875,4.313796446878249
2376.0,61.29110041350961,4.453603923985324,4.501073224841423
2377.0,61.095360151174404,4.515418537360018,4.693711244186452
2378.0,60.41868780886791,4.5517522714689616,4.964346814149215
2379.0,59.599908960751165,4.5179375510012845,5.346064166014946
2380.0,59.017842071418116,4.556844229281093,5.851091191250352
2381.0,58.62325266980495,4.705559443669023,6.481764962272724
2382.0,58.15187531668653,4.959023439344523,7.044533349549842
2383.0,57.436719002860805,5.181800963813304,7.26338990758329
2384.0,56.609219280448826,5.343971222549611,7.238508611199477
2385.0,55.966789132010696,5.4138837155096535,7.153357207708167
2386.0,55.67055150515401,5.446754207144934,7.312177631584823
2387.0,55.74171893782128,5.521877596537706,7.714158899760002
2388.0,55.81102455020953,5.614535178561083,8.23734009167829
2389.0,55.63379559785131,5.722757004833972,8.684250139910832
2390.0,55.356622169249604,5.848196944916794,9.027917656362435
2391.0,55.06694254383976,5.9890948696470545,9.27450276021065
2392.0,54.62978111907052,6.004622524601599,9.388341428004003
2393.0,54.02098767458429,5.886101342370056,9.336863024397047
2394.0,53.40366942865285,5.794476171002114,9.148043102649703
2395.0,53.00350165556614,5.78843535981223,8.969997805420613
2396.0,52.69823240265724,5.78350004851154,8.854716930848769
2397.0,52.54718897015713,5.695363539855367,8.72130081733322
2398.0,52.65806345134202,5.725725475375393,8.47863514665216
2399.0,52.82571645878945,5.92191125058511,8.107494276902441
2400.0,52.76700716014507,6.154782940572252,7.6492071184
2401.0,52.444265414385704,6.323633256053261,7.199456736962515
2402.0,51.94022256944877,6.480933742432197,6.847038557545622
2403.0,51.31858221640916,6.656222755179923,6.6931912914448715
2404.0,50.69436440000625,6.67491279568927,6.691386224122532
2405.0,49.942344409284644,6.430166718057476,6.695620248538915
2406.0,49.359067303520725,6.04164739304264,6.601945087567502
2407.0,49.14153299464687,5.648718576230892,6.525501976928564
2408.0,49.36044123958389,5.334477764113347,6.588932896853222
2409.0,49.606487624608775,5.162174986086522,6.719184491635438
2410.0,49.438205297247116,5.1267748074782995,6.693215403427504
2411.0,48.721892056223346,5.194268184543438,6.472845562835137
2412.0,47.93028423353401,5.334916652612824,6.1865243400199
2413.0,47.51625600891704,5.507049419862918,6.050307929374517
2414.0,47.57769112718422,5.6613750431619385,6.164199557391972
2415.0,48.242320774742026,5.781036163612533,6.412891485976561
2416.0,49.421217334709404,5.819380078129159,6.600947211976341
2417.0,50.77817147510416,5.777121440377063,6.590346662605703
2418.0,51.67055464195628,5.767208013601441,6.470362072023609
2419.0,51.99013638722597,5.816147365561001,6.346585141894422
2420.0,52.14937606532721,5.953916032993859,6.278682933129199
2421.0,52.476852822581,6.0424111104064595,6.130139588006897
2422.0,52.80288812968979,6.038141893476348,5.876616139949423
2423.0,53.207020815411916,6.011442888435362,5.6322085768980505
2424.0,53.65281941517609,5.998398714803382,5.453228348956225
2425.0,54.17917843298448,6.007089040770052,5.393358802879573
2426.0,54.92508621909936,5.97852784927401,5.4606042355292175
2427.0,55.736869105226404,5.875554690883924,5.554615690331167
2428.0,56.33181167572154,5.742486516868017,5.526118511545852
2429.0,56.6215119096929,5.718450847074629,5.3470918298937615
2430.0,56.820024452706114,5.73682840693,5.144897500403222
2431.0,57.22334669205557,5.786704335915582,4.984407383784249
2432.0,58.046750068673575,5.854542990833366,4.885803483910037
2433.0,59.02975854574607,5.973727755935526,4.8329269459856095
2434.0,59.912025349321674,6.187480285501039,4.728639607355732
2435.0,60.354766492642334,6.497299244318404,4.515203919816846
2436.0,60.6675170020538,6.755614147610347,4.227084353437753
2437.0,60.80641908306453,6.810254124261251,3.90241811102521
2438.0,60.634758981426415,6.744746821990203,3.567782390866205
2439.0,60.477786747401964,6.6221392806951,3.280984257899587
2440.0,60.974042961793586,6.4701832009340325,3.161259214728581
2441.0,62.43779861281982,6.258017419512823,3.1712307607932004
2442.0,64.34127342239952,6.133962149845691,3.1571788647630394
2443.0,66.32399799277299,6.211773330567845,3.03337035964217
2444.0,68.41094616485917,6.446073991409283,2.82635607170546
2445.0,70.38769699685376,6.696144504465723,2.62438911361129
2446.0,71.8897091013708,6.913237368386889,2.4643808283406226
2447.0,72.97841935085573,7.071902125675235,2.335513035141331
2448.0,73.75591643647718,7.077908004182442,2.199347282286123
2449.0,74.0334266112265,6.938795217776492,2.009537677713457
2450.0,73.9249342173171,6.7015382346410455,1.7911457917353024
2451.0,74.14299859413711,6.48830058823592,1.6048181159765056
2452.0,75.22601736168836,6.323759342913963,1.4614232042078241
2453.0,76.87891807493253,6.228509405655314,1.3606274385316095
2454.0,78.29859620412034,6.095489331364073,1.2653818316812866
2455.0,79.18707401312432,5.988407893754418,1.2101693619259202
2456.0,79.36103248017366,5.896340027467805,1.1859233086811236
2457.0,79.11977561323226,5.900534145884281,1.1868478111077025
2458.0,78.9173531115816,5.967541967880985,1.216417504675976
2459.0,78.9885878404968,6.116078983966978,1.288592607321325
2460.0,79.27853752134317,6.337085711630474,1.3901289076297982
2461.0,79.7901265018189,6.520104349050251,1.4886824678003778
2462.0,80.45232221762741,6.674257562876403,1.5552575869141085
2463.0,81.0410037879173,6.742423687682709,1.58805338036401
2464.0,81.26422634939595,6.860017858798418,1.6243723499051685
2465.0,81.005932548623,6.932299163500444,1.6905933720752395
2466.0,80.57559287149155,6.9939919362249245,1.7786245096866722
2467.0,80.2463410753975,6.96468080590715,1.8526710112928162
2468.0,80.17027245202604,6.851094862330546,1.9444698021397009
2469.0,80.23422848135435,6.670239288230812,2.0515743852912403
2470.0,80.53851692354469,6.530823638087667,2.1971686433508038
2471.0,81.34811233757895,6.562157799906811,2.37124895459144
2472.0,82.2738302015396,6.644457484647633,2.564457714861305
2473.0,82.96932401205001,6.646032697899004,2.7407164724596838
2474.0,83.37352363711891,6.606119212859098,2.85969812852164
2475.0,83.77533842113387,6.518463350322425,2.9692102878649154
2476.0,84.01984060966502,6.417012514369647,3.081813850361585
2477.0,84.05123605922306,6.3398619554180655,3.2388919067593087
2478.0,84.03415190976563,6.244126330648501,3.430846325274272
2479.0,84.25691864107057,6.07187342748881,3.646886295965062
2480.0,84.74651300055883,5.913829103189366,3.8249435899636897
2481.0,85.43994145924965,5.815670057825604,3.9995522925283247
2482.0,86.09736760752355,5.899489046949506,4.201931431232142
2483.0,86.53740059466072,6.1070506144025645,4.4419350601266165
2484.0,87.00458440957505,6.30599902682553,4.6752014258623875
2485.0,87.64365199297895,6.416418243563701,4.928354046107122
2486.0,88.4863038351785,6.4859614884409105,5.205326985254846
2487.0,88.81470387245052,6.496661250276913,5.392913197530209
2488.0,88.5316212219454,6.341548864711107,5.516797505849231
2489.0,88.31060727249198,6.102185505109245,5.610667208014091
2490.0,88.6143939969683,5.931730441317649,5.706666432768999
2491.0,89.40772724568808,5.914648757785908,5.803291551424795
2492.0,90.0163554642555,5.984160834144803,5.903422458040322
2493.0,90.05406066525123,6.098345052547565,5.959526428511655
2494.0,89.41494009685307,6.276279215965111,6.025540552915523
2495.0,88.25800767696435,6.530119859234407,6.1013071121914075
2496.0,87.13394635853017,6.863359113461825,6.070445210608022
2497.0,86.43672181142281,7.034321798071569,5.878512093325776
2498.0,86.64853844677693,6.932244556723362,5.659330354442785
2499.0,87.3981238184512,6.754948727967697,5.599989667027874
2500.0,87.58760575497799,6.729549317023503,5.673542267100816
2501.0,87.043781823835,6.770188399996447,5.7131685233656615
2502.0,86.163070059946,6.793457327532347,5.646964135036272
2503.0,85.5103168688309,6.8549040047888665,5.538566916124321
2504.0,85.18231554937611,7.044737827056251,5.398965137043328
2505.0,84.38511849445129,7.206794259628237,5.235489473408639
2506.0,82.9632057775643,7.169405310153232,5.085968580868825
2507.0,81.63042197117491,7.011783887234384,4.997541801372699
2508.0,80.65981521007453,6.878792541487756,4.919282773277184
2509.0,80.33326019919917,6.836614411745524,4.781709633349444
2510.0,80.76459736108576,6.774145099819066,4.58036628045174
2511.0,82.1189492205574,6.7110465002879405,4.39801656382442
2512.0,83.59012679405076,6.7057725171244105,4.280573467893903
2513.0,84.44567389919526,6.802976252407466,4.24080495798939
2514.0,85.19185498260471,7.013810636632802,4.3068206980016095
2515.0,86.30436755220737,7.369130634887634,4.418083072467795
2516.0,87.72968986397339,7.870735873262915,4.554928601084738
2517.0,88.96360474206296,8.386946378426702,4.705335538396531
2518.0,89.80439378338473,8.81026983236542,4.8537964697568885
2519.0,90.74984430962742,8.966543350909692,4.986061504554884
2520.0,92.27433611211399,8.837644007218953,5.062470390043297
2521.0,94.13880722179056,8.535049071465199,5.096485722830064
2522.0,95.78986520056208,8.33804745308871,5.16437078463504
2523.0,96.7760812192729,8.468973662733015,5.317148430536718
2524.0,97.23472188398225,9.018382036517654,5.537048313814222
2525.0,97.98100623258453,9.786299493260069,5.712201766653264
2526.0,98.89924434493042,10.444742923972564,5.723479959105794
2527.0,99.72725882341418,10.687667397704038,5.690552234787864
2528.0,100.312729918438,10.549868038980483,5.767623672918308
2529.0,100.59126982567682,10.268438213063353,5.933798519408323
2530.0,100.88858543844763,9.904159984423254,6.060947227818793
2531.0,101.50818809617985,9.700032512235753,6.080121458363453
2532.0,102.14752610668317,9.796792578694467,5.987608788133628
2533.0,102.8505650237961,10.215137989157704,5.808365874242624
2534.0,103.28096743360987,10.627863670435397,5.531245929972008
2535.0,102.7452552014089,10.781756094566404,5.283528354521436
2536.0,101.41337065808754,10.784378832180844,5.143045697203128
2537.0,100.2181644597092,10.729058850296127,5.105928866715062
2538.0,100.0565389893849,10.432965052301409,5.145222271651896
2539.0,100.39257312974495,9.861821109875397,5.281356499610444
2540.0,100.30659804633216,9.302746441632163,5.468132565694821
2541.0,99.658871419041,8.936347166519418,5.615524915369615
2542.0,99.31366629356309,8.791373191324501,5.65308780145729
2543.0,99.11945677238275,8.772801020820934,5.624927354211985
2544.0,98.72888997947672,8.783806534576614,5.583845986805364
2545.0,98.19602662168808,8.797217455627331,5.5525135558073835
2546.0,97.53191646787754,8.683338273510214,5.539625533225629
2547.0,96.92954300413447,8.284109382597897,5.564093971068912
2548.0,96.53616637952399,7.668329959091004,5.642475894311537
2549.0,96.12877087150851,7.1204814670343834,5.685515581114886
2550.0,95.63897035642042,6.784326958836885,5.627756000990856
2551.0,95.39341661355454,6.7543723277413035,5.5371349079880625
2552.0,95.16396371955553,6.8794534891617145,5.463549974057964
2553.0,94.5196664883336,7.048939031362119,5.363481138789665
2554.0,93.65598569630914,7.144020529639605,5.232771311882522
2555.0,93.33732892317016,7.18863095720182,5.086031591609311
2556.0,93.70875251086274,7.299100866618433,4.961009664636407
2557.0,94.42304862705224,7.486282719336131,4.894411949044604
2558.0,94.95327055495373,7.639198543378202,4.872429693341285
2559.0,95.17782012245344,7.605414398718897,4.842753515513003
2560.0,95.39522839237263,7.398516144455823,4.7859864860088575
2561.0,95.68570201335321,7.176963684268228,4.697272037878427
2562.0,95.63596200478152,7.056426745609475,4.567921043866422
2563.0,95.20602440707052,6.95679533944054,4.428616239147173
2564.0,94.9829457309699,6.8776296654036635,4.33487723655424
2565.0,94.86030312711767,6.787086891638518,4.220276309513831
2566.0,94.25943685367781,6.6833304951189945,4.091268444402095
2567.0,93.46431501179137,6.568031795590467,3.994011363165199
2568.0,93.20606187529741,6.438071338066832,3.9499047160043586
2569.0,93.54113037258898,6.255925353727346,3.919816753294344
2570.0,94.19237602479946,6.048546000205058,3.8495815374285023
2571.0,95.15802504040829,5.861106538431175,3.8230660301784125
2572.0,96.12277216263507,5.7304399268857145,3.916361207126426
2573.0,96.74679193514798,5.634701216106555,4.158128970464847
2574.0,97.04007989427068,5.505512854195386,4.536915549013322
2575.0,97.2790199148818,5.442416904357395,4.920383911813946
2576.0,97.58925642653259,5.356825493345259,5.11858507053816
2577.0,97.72976290929878,5.149654683539204,5.163937286825233
2578.0,97.85515808343109,4.808753964919639,5.2296450065957245
2579.0,98.16506082965464,4.480785552275292,5.310007492066624
2580.0,98.66301117379388,4.36156496786472,5.2292223153155035
2581.0,98.84337493620029,4.431081161577956,4.9850446267458235
2582.0,98.7476345945781,4.568158283864503,4.7834936319456025
2583.0,98.48979307768171,4.6603087234660325,4.71258885416004
2584.0,98.70853564486296,4.724703285335829,4.735817366012622
2585.0,99.14507230623865,4.756833191373904,4.69478233496873
2586.0,99.6749757320085,4.760205509581831,4.537399243133496
2587.0,99.99667702760583,4.746876962393094,4.382710721946702
2588.0,99.56772596452915,4.725236406893594,4.2622635582060004
2589.0,98.64606076835163,4.853794046310529,4.078027854862562
2590.0,97.76453567503262,4.995413591079997,3.8509764744902495
2591.0,96.95565346094631,5.061402599477455,3.6272683073408762
2592.0,96.0158380518698,5.0316533720694805,3.4140231164187003
2593.0,95.0752733190512,4.9478440071625025,3.2218316455008993
2594.0,94.1308666564997,4.873660770547087,3.035572945730785
2595.0,92.99944084281792,4.806532695256362,2.92555402271001
2596.0,92.6343384416545,4.812946977018423,2.849242889697003
2597.0,93.01022619634291,4.898579098882093,2.7306942816015627
2598.0,93.41963974853363,5.045459004706407,2.5909583459340677
2599.0,93.32326787911374,5.314767584561323,2.5716800442951393
2600.0,92.4897606953041,5.666211515210693,2.728758941147713
2601.0,91.86308535471916,5.978134634302658,3.014626706725441
2602.0,91.20293490751847,6.141650499554331,3.2591188495968804
2603.0,90.54896403939738,6.215005572015866,3.360528967431194
2604.0,90.16187995059934,6.202716967287195,3.496424213384928
2605.0,89.48382461649634,6.133819889958802,3.61775121629769
2606.0,89.0540520471857,6.1049469755084305,3.632175753481704
2607.0,89.27534975690577,6.1678762097480675,3.5528885354655624
2608.0,89.93112396608485,6.197578085701733,3.4624076069909764
2609.0,90.56682155259723,6.108058281299906,3.4592970126341025
2610.0,91.28517932767971,5.949293154376946,3.5393407486661443
2611.0,92.14294658097029,5.8758323823752585,3.647355558182112
2612.0,92.6151543809641,6.007409872623277,3.764678639672881
2613.0,92.53663682281226,6.262717612933375,3.859123718457562
2614.0,92.46188572741133,6.584871827422263,3.971153037590544
2615.0,92.60289056578577,6.887959097901468,4.1865950641453855
2616.0,93.1155121800947,7.0851740761089435,4.408946744895623
2617.0,94.01901773445258,7.136854759435778,4.544917962564941
2618.0,95.27452459168899,7.112169194911504,4.557488070487307
2619.0,96.6451077937859,7.1284971026927035,4.517376339776962
2620.0,97.9010760281475,7.183925215363012,4.515849870299468
2621.0,98.76502205403294,7.3524917970705825,4.54545001043721
2622.0,99.5182338485004,7.590717347287923,4.6142525410620765
2623.0,100.24266744036105,7.860193426293324,4.7260621677786725
2624.0,100.28998572503566,8.200445905073888,4.930239841277635
2625.0,99.49879758839057,8.665411726086981,5.232617728570897
2626.0,98.79170575638682,9.137045795006811,5.6118084983353596
2627.0,98.80245889129476,9.517458042326576,5.839774799718759
2628.0,99.37449042680622,9.731614413708677,5.729892374438809
2629.0,99.66568947683943,9.813514630449822,5.470391042214623
2630.0,99.70864233295383,9.840435163291305,5.359809784951691
2631.0,99.60973511152459,9.95098803937857,5.49799465526809
2632.0,99.043339010704,10.038179384833963,5.639995452566851
2633.0,97.52643585711391,10.074513924444753,5.769425100426817
2634.0,95.69296443444847,10.084664957186824,5.959894959893953
2635.0,94.18443785886625,10.167367016434811,6.218130181328052
2636.0,93.23268404261573,10.358379270749834,6.28033431778263
2637.0,92.69151050566045,10.552740490433278,6.072610270158221
2638.0,92.77969834555073,10.623064585184578,5.626963257308409
2639.0,93.53424659398404,10.62117818360231,5.08769301487225
2640.0,94.45647761744262,10.69692686084955,4.641532818342456
2641.0,95.00649372148605,10.776882925202019,4.247087678308324
2642.0,94.20113368681092,10.815537495032405,3.9091548641725584
2643.0,93.0424858851209,10.815772309376223,3.7461698887962
2644.0,92.96892340547079,10.783660708244373,3.790390562307651
2645.0,93.95376784009602,10.721969167076079,3.8782532836092973
2646.0,94.76577849355742,10.727585373568521,3.8716992950528275
2647.0,95.0351387890825,10.686942366866768,3.716043752576233
2648.0,94.86432992058033,10.601976020405708,3.5235580952644896
2649.0,94.9052813726136,10.569533065356152,3.3468657882025745
2650.0,95.37213521424428,10.634738838033776,3.153651640034617
2651.0,95.67004749429637,10.810593107487293,2.963432381462798
2652.0,95.6334131283084,11.00912672076017,2.8018728818185674
2653.0,95.25452484401885,11.163640694764112,2.7547216312078686
2654.0,95.15252843014805,11.412865553259026,2.8159542316034702
2655.0,95.5429193273621,12.004267424100602,2.9127873768547796
2656.0,96.04570133261119,12.795061635503732,2.864539020375908
2657.0,96.3809557584805,13.529619727082663,2.6818936904003685
2658.0,96.84482614951408,13.936741398821924,2.4777933600426563
2659.0,97.63517578133683,14.008674154970997,2.28825980755424
2660.0,98.48809882513602,14.099097004569547,2.130377892417588
2661.0,99.13096789069482,14.244057332382603,2.0305809962383936
2662.0,99.68901196059349,14.39506892203723,1.9570131467877794
2663.0,100.21220806135884,14.579944645754198,1.8918293892476519
2664.0,100.70613237548514,14.852883198952824,1.8594983677730625
2665.0,101.39873080903195,15.230054790339281,1.8385664496687508
2666.0,102.32579266651427,15.557024128973211,1.814194052106444
2667.0,103.04439613431323,15.809148708226882,1.7877495530389502
2668.0,103.43753430679176,15.987474292418645,1.7586580678732833
2669.0,103.50739209804739,16.201590370380806,1.7081332017624902
2670.0,103.4690599392236,16.474025637101317,1.634711914635761
2671.0,103.27316911261694,16.69301321154473,1.5396013908455624
2672.0,102.81274587983047,16.961338488019997,1.3940288524861997
2673.0,102.34557208948935,17.23195109525057,1.2504585282153409
2674.0,102.2038419144069,17.567164180664015,1.1645019168168098
2675.0,102.90848433593524,17.942654806304414,1.1346409419264674
2676.0,103.97455138820493,18.327051329211304,1.1275501849779554
2677.0,104.98437734306587,18.57491252777782,1.1230038502959376
2678.0,105.45500528407656,18.552264386177285,1.1239423212693316
2679.0,105.79099474136801,18.419845177960784,1.1353625346705665
2680.0,106.38597352582639,18.490197370526708,1.1617163017307135
2681.0,106.96770360921904,18.755278372588066,1.2206520909765624
2682.0,107.15389799037888,18.832184574842252,1.282976373949121
2683.0,106.76102658591802,18.665327692412543,1.3150360670700483
2684.0,106.32045691433895,18.392084127504464,1.3254327440953597
2685.0,106.3805059550929,18.273619310532474,1.2957757007636734
2686.0,106.81756743500158,18.31663248823812,1.1838003808313282
2687.0,106.9395676018724,18.466891026967687,1.048005443394677
2688.0,106.92732939728181,18.6255533988409,0.9596323626523928
2689.0,106.85153820262914,19.0579832343359,0.974097364856964
2690.0,107.13611233841145,19.6662508240395,1.0799873743398483
2691.0,107.75363486867373,19.989012800538465,1.246979068795909
2692.0,108.32653872945289,19.717812364198434,1.41474753107856
2693.0,108.70282658823515,19.210110623673366,1.542644904940805
2694.0,109.01994964674115,18.975553804251582,1.6129087376118336
2695.0,109.2921206509981,18.947702106831393,1.6599040852680222
2696.0,109.85364461214793,18.83180763850783,1.732874022920093
2697.0,110.7618380999988,18.524485294464803,1.8111507510158
2698.0,111.56740377472974,18.131365960587992,1.8969766657562173
2699.0,112.31317556337173,17.60754415463143,1.9562924549625622
2700.0,112.90652608489303,17.214909988419997,1.9434319176978725
2701.0,113.08815294205647,17.052126301849327,1.8635312366821088
2702.0,113.2813481594478,16.807843469169,1.8140585814008066
2703.0,113.8041138793812,16.59268564761696,1.8112978488505156
2704.0,115.03057356822251,16.714095582079512,1.8265902814079646
2705.0,116.76184327505794,16.97499279077537,1.8467344755262878
2706.0,118.17097076428078,17.133448429263858,1.9061246727000676
2707.0,118.68745000024145,16.82598740345861,2.0002363436402946
2708.0,118.34412420170527,16.12388921690057,2.0513052303278654
2709.0,117.87105034921852,15.619436505649162,2.006886087646445
2710.0,117.29922598246196,15.277303190712429,1.858795562554841
2711.0,116.51804913256203,14.917934460825641,1.7021606516000642
2712.0,115.21806516079556,14.562006579749275,1.58845767180409
2713.0,113.44038375889457,14.232310133839029,1.4976282855885372
2714.0,111.829146619886,13.937482597118441,1.4096007209732448
2715.0,110.94391689084675,13.548677040799621,1.3261929704844304
2716.0,110.6954064004134,12.92049732345705,1.2389978656298961
2717.0,110.54518347708525,12.269089711294082,1.150595549667749
2718.0,110.46737724385446,11.87112108559745,1.064622816827472
2719.0,111.11540607602815,11.579039809393393,0.9772364802193982
2720.0,111.95472065437501,11.279666934643974,0.92465434727846
2721.0,112.52059370630192,10.957484087110268,0.9456383672235721
2722.0,112.97882100659719,10.673862692908841,1.0255859190118655
2723.0,113.55316007067891,10.656641376025346,1.114587855536585
2724.0,113.51301813155638,10.784611271966378,1.1747480341010434
2725.0,112.61281934436319,10.65360780690252,1.1588885929249344
2726.0,111.44238818527475,10.194600512012405,1.0869412579425624
2727.0,111.10914157120706,9.690176356121137,1.0657707415685926
2728.0,111.82360436769079,9.474561096006253,1.1025379893272482
2729.0,113.40461871581061,9.349879644548148,1.1908309929791208
2730.0,114.65097598438415,9.085876925271746,1.232929109635028
2731.0,114.79630570440838,8.84903124525434,1.2331513053643715
2732.0,114.2555765491616,8.7861556995908,1.2013172067716686
2733.0,113.06063094382746,8.951477338251843,1.1575202274076994
2734.0,111.14590702896386,9.166770308896202,1.140232355304557
2735.0,108.75862090764723,9.391679812515955,1.11594778928649
2736.0,106.71916702734936,9.80374130812773,1.1082252094220175
2737.0,105.97168744622071,10.330506177645834,1.1371347397710398
2738.0,106.61586971111522,10.663916206073651,1.2177648433778687
2739.0,107.87147328294297,10.637391382201962,1.2635882650751364
2740.0,109.07962168616102,10.280208545573547,1.2665545331103023
2741.0,109.79568774316407,9.750150822285923,1.2026421656191848
2742.0,110.1331277694849,9.347120650243333,1.1282421576937536
2743.0,109.9540086312785,9.131086741088817,1.0909059873138025
2744.0,109.13299139427168,9.03537421115761,1.1461443627329426
2745.0,107.5782709452297,9.024662171967005,1.2849474821314575
2746.0,106.12418000657962,8.977042279173416,1.4183544471627967
2747.0,105.8954693145789,8.870074085027644,1.446220808008424
2748.0,106.76412347209767,8.65148905487348,1.4325514411156082
2749.0,107.28426279834441,8.573408754753027,1.5097120205974919
2750.0,106.53057112825175,8.642434799671351,1.650213114770564
2751.0,105.66836469665138,8.692148403130302,1.8624307911519027
2752.0,104.81375915621,8.533507183631894,2.054143761224833
2753.0,103.87907180277105,8.27448674394138,2.182739746684236
2754.0,102.79317016626909,8.025284959105694,2.239121171764648
2755.0,102.03495822241082,7.768156681908518,2.2828530471223685
2756.0,101.45080304516753,7.550371316877213,2.36584820366596
2757.0,100.36911959598346,7.45183402771866,2.5035549037135083
2758.0,99.12332207916556,7.5119734027242036,2.760438000454428
2759.0,98.2170247523521,7.628351175570061,3.1707068369355365
2760.0,97.83794427694227,7.600141147009624,3.6568232889281287
2761.0,98.04067814426851,7.282938672785521,4.060857694345859
2762.0,98.51140222870427,6.7102403913094495,4.36024012291344
2763.0,98.68919391729227,6.0448289246826254,4.591688737927212
2764.0,98.24565793155335,5.434787874547924,4.779104739459648
2765.0,97.31452802771128,4.9692244798045495,4.877726319148552
2766.0,96.37394293861453,4.673214469056373,4.864956460033038
2767.0,95.43602561103953,4.441520675471234,4.742933011765206
2768.0,94.13132149179248,4.30594526145521,4.480841223936058
2769.0,92.72942245573807,4.397312119133612,4.167701630875501
2770.0,91.63196575465486,4.59632804873162,3.768507121279776
2771.0,91.13405787227104,4.600413008951876,3.3759062847596026
2772.0,91.5226990571101,4.3656779422434315,3.116706928998457
2773.0,92.17341226394417,4.084040973055061,3.1036370281844925
2774.0,92.48302188191123,3.9116001608409667,3.309375559493967
2775.0,92.5400845183105,3.8660667834878257,3.6190533930657605
2776.0,92.33892016306677,3.8270934918531414,3.9116246457532173
2777.0,91.90936391805013,3.740236557113576,4.097628304688803
2778.0,91.55921879156143,3.749092409253583,4.082017655096137
2779.0,91.2405912864348,3.820529297659806,3.89451863772411
2780.0,91.0794834570584,3.8757608692508496,3.7568306618306115
2781.0,90.97928402036169,3.947987628723011,3.5967200635842436
2782.0,90.84342135781313,4.00285382883969,3.4574597687081763
2783.0,90.54140814286652,3.9223892018651085,3.5220346063014025
2784.0,90.5042287349781,3.7190631505520537,3.8733109790758684
2785.0,90.31501963645695,3.48597166953049,4.259849768358123
2786.0,89.8371787042955,3.336529080171588,4.422946916494515
2787.0,89.37039678659623,3.2092709960450705,4.355431050392302
2788.0,88.9257145652654,3.080088777030151,4.225614902463002
2789.0,88.69966712102699,2.9548139241901286,4.12327739158683
2790.0,88.5429505464679,2.8784688992781127,4.05230399290426
2791.0,88.169433260164,2.795024443042678,4.023269423551565
2792.0,87.5678876333677,2.701082717708411,4.027410959828283
2793.0,87.07078880943516,2.5797556314095327,4.074336315612161
2794.0,87.12651079609256,2.4281382942573426,4.13132576389569
2795.0,87.77062960983577,2.305004205269443,4.151397122005017
2796.0,88.83602956570262,2.2398566078865025,4.008365529312284
2797.0,90.04494491781824,2.2715078142509286,3.7002470781429166
2798.0,90.97691224061487,2.290860331870969,3.4666558955818085
2799.0,91.20382554481635,2.2627183021835715,3.4843792358606396
2800.0,90.9640962370992,2.144617990829046,3.6816249329120883
2801.0,90.94426788080557,2.006921390621762,3.8088414677301152
2802.0,90.9965713044713,1.9184011483436896,3.8289712183815183
2803.0,90.62434081167672,1.8715743462195034,3.784088484031157
2804.0,89.88885016444577,1.8563590805496366,3.6504248020600802
2805.0,89.38205457978889,1.8461359626327416,3.414900316477112
2806.0,89.1223733743275,1.842508806603395,3.1132582533164173
2807.0,88.97623395329012,1.8475890253046225,2.8119532303929615
2808.0,88.89438977787098,1.9274151517378904,2.6074727226517265
2809.0,89.00733842902441,2.077952608100882,2.5976195357570324
2810.0,89.329174994683,2.256275059061454,2.786189814543257
2811.0,89.56769367772141,2.387206015631617,3.007953723692809
2812.0,90.04087770220437,2.464281333224763,3.274068662379113
2813.0,90.55697112547188,2.4888059209212026,3.592731384862032
2814.0,90.54452729323523,2.4520979613081137,3.8966212809121
2815.0,90.15999513129736,2.4273657761203244,4.1075200645211325
2816.0,90.12267919637596,2.4092991666803947,4.135976811516212
2817.0,90.58008597857328,2.3749236828799893,4.025674787975065
2818.0,91.55310700885188,2.313008599906624,3.872881203236238
2819.0,92.52487166070621,2.2850438197541005,3.7011955519557223
2820.0,93.48329578634953,2.2932647663125274,3.557220286655492
2821.0,94.3796453476097,2.2782685567150343,3.520870880466624
2822.0,95.14880883642151,2.242800158979497,3.5811577005880895
2823.0,95.38377784882238,2.2629764660933325,3.7181712786662406
2824.0,94.80013658971828,2.319777773489991,3.8911971162380623
2825.0,93.63718344597604,2.3918691143129354,4.094262004303759
2826.0,92.3314556064412,2.4609871986364933,4.339735697482433
2827.0,91.22806389412719,2.48393757414759,4.5114873832474895
2828.0,90.39466407503774,2.437066680098919,4.4954486979671815
2829.0,89.7845118224141,2.3373993539200253,4.3059222281294245
2830.0,89.68189018593321,2.263934788817819,4.050614468959546
2831.0,90.25441356395864,2.2323934687513374,3.8368251997960336
2832.0,91.32831189280087,2.1890312434970003,3.7433740740516117
2833.0,92.19203260695798,2.150241035554801,3.754327939341792
2834.0,92.22609459805606,2.0755954558332914,3.744858507094416
2835.0,91.37823696087655,1.8787238306503222,3.640088935020924
2836.0,90.1090518945063,1.600055949864912,3.4833315644291027
2837.0,88.67447204764527,1.3351687412448006,3.363353969593806
2838.0,87.434396970725,1.1338912961486234,3.266579629634423
2839.0,86.36966305852512,1.0071054170948168,3.1912165639255226
2840.0,85.80996687981762,0.9582000049311488,3.210999398730869
2841.0,85.7849140801326,0.9281870947646093,3.319886135756921
2842.0,86.07375840756704,0.896275634226723,3.4128245767992493
2843.0,86.94859278668179,0.8527753426538907,3.4415531758663693
2844.0,87.8168065688476,0.8151467718259443,3.283871494384802
2845.0,88.41120113111023,0.7458065317528292,3.0943997741901716
2846.0,89.07004274461787,0.6577522725317184,2.9160385020902644
2847.0,89.96203655065088,0.5272284710250007,2.76106244438025
2848.0,90.8486685396371,0.4237012466306245,2.6502262817064337
2849.0,91.38235874168521,0.3680214925800631,2.551092977071657
2850.0,91.56332245227587,0.3083824792582422,2.587446228284646
2851.0,91.87147353753663,0.24513797201881032,2.7552476264656995
2852.0,92.30599601444091,0.18708674249256244,2.898517350310627
2853.0,92.34220984500286,0.18896036029240465,2.955079715332321
2854.0,92.2199287152678,0.22136266560496407,2.9040636921354492
2855.0,92.007477493511,0.22934434798081044,2.864426098228402
2856.0,91.69567790082745,0.20365412578269157,2.9748879531463226
2857.0,91.75123755574076,0.16808698685185744,3.162503612247843
2858.0,92.31325412317496,0.17376312214892217,3.2005026806662142
2859.0,92.96654781498411,0.20171407405081027,3.11555333395086
2860.0,92.91978172654574,0.23470783806890297,2.92817809508784
2861.0,92.38211369935735,0.2566425569329805,2.7411135445843398
2862.0,91.91538212049105,0.2895187653074703,2.6586440275073118
2863.0,91.6747188521229,0.34915987914215085,2.671475542021308
2864.0,91.65470864727276,0.4489517656922776,2.6416596738339884
2865.0,91.78589364230042,0.5824677222902337,2.4924621717112894
2866.0,91.90030793682693,0.7073150945508737,2.3486526452391026
2867.0,91.6855822360085,0.7800336553196208,2.310475362214544
2868.0,90.93754269547684,0.7685772029046237,2.326218628876944
2869.0,89.88384902072067,0.7179783477361611,2.2690848393893117
2870.0,88.45793996861809,0.6889921994846917,2.1130358160122498
2871.0,86.8751006418242,0.7139536499825293,1.9686259658983822
2872.0,85.11255924737611,0.7274748975195331,1.9403657830722172
2873.0,83.32450369988244,0.7112302830180904,1.9375092683691364
2874.0,82.10840724802411,0.6644784728771408,1.8652771051221908
2875.0,82.21261685732867,0.6140609469685684,1.8237202261774594
2876.0,82.97073915346245,0.5861237454920971,1.967340928784876
2877.0,83.25390580988233,0.5696490569059811,2.2081218789420034
2878.0,83.50344442764006,0.5330302253548563,2.3373817415370364
2879.0,83.9817073554485,0.4813752717351375,2.337103071100169
2880.0,84.358712987836,0.43056569624250235,2.2303484277807124
2881.0,83.9936325417121,0.3908761653608104,2.0949484359560686
2882.0,83.29968133912011,0.36999483814944045,1.9979352372665569
2883.0,82.56606966918002,0.35668720851036206,1.930233764271961
2884.0,82.23765960340324,0.34904098886554796,1.79375449044544
2885.0,82.34413590622698,0.33082794863460335,1.5891643475691846
2886.0,82.99178297230277,0.2996927652616805,1.4372081385235453
2887.0,84.11525646154026,0.2551170294010325,1.3924200364720802
2888.0,85.19735187175814,0.20588143957055988,1.4002881832415526
2889.0,86.12097818889599,0.18003839055267604,1.404091501073069
2890.0,86.71367643871862,0.17993646042907235,1.3961831446117634
2891.0,86.81660532063869,0.1984453116934405,1.356907625955888
2892.0,85.98721038445521,0.2512998752972761,1.3560540548670756
2893.0,85.0242357186172,0.3182769230785376,1.4230644011661169
2894.0,84.82498545171075,0.37421841334792433,1.536224850003344
2895.0,85.58381055175842,0.3885852198252822,1.59017527390311
2896.0,86.79731833278146,0.3756457358103031,1.6147950915369744
2897.0,61.676711928891976,3.696374456369978,8.384486329805062
2898.0,61.146581589206335,3.7890032557718905,8.274478056790562
2899.0,60.684452575912104,3.8222745402729936,8.108469870857
2900.0,60.446559520856106,3.7467210627573184,7.906214347468756
2901.0,60.765935034900636,3.6451225357761605,7.764631459667968
2902.0,61.389125942416115,3.530211511242206,7.860972791354169
2903.0,61.6746791580663,3.5562352659988568,8.230877430482336
2904.0,61.593996178911745,3.7225120078515643,8.738207481148645
2905.0,61.387903982977484,3.822303279765169,9.011449359014064
2906.0,61.32125698898413,3.8066204516429383,9.001410775281416
2907.0,61.66473254046403,3.7268066593273326,8.81681951381022
2908.0,62.36245421889603,3.6865862039512804,8.609539205494658
2909.0,62.95543285084925,3.7029925296918553,8.442744681292023
2910.0,63.27609007275885,3.8007992442181013,8.31704659239816
2911.0,63.18714773340267,3.9581709299825634,8.272153803724448
2912.0,63.00933910961453,4.1085244782452035,8.309722564361921
2913.0,62.96033817958581,4.215691959417903,8.41265887212139
2914.0,63.476767735880955,4.196372694054901,8.52070099581504
2915.0,64.56594805937722,4.082999507486357,8.575618629143117
2916.0,65.55069645887518,4.034218148759143,8.543233749364344
2917.0,66.39358596928888,4.060339493107129,8.535034697786548
2918.0,67.08153351983154,4.159260408113721,8.62662120254766
2919.0,67.47613472839251,4.385430046038587,8.77901285101201
2920.0,67.81423466251562,4.581899547394585,8.997746061135462
2921.0,68.3014825627352,4.732002875817895,9.213438012103994
2922.0,69.04777579147077,4.898446259113825,9.345455837764469
2923.0,69.99793069834756,4.993896872492182,9.32671773537365
2924.0,70.63906378370763,4.924741541990259,9.197811423440784
2925.0,70.4723555932641,4.838633544459938,8.938016569796496
2926.0,69.87664861926713,4.816348297601083,8.579749422564063
2927.0,69.51069068018727,4.767810335539825,8.280765639660803
2928.0,69.67475936808184,4.670599837987845,8.179344432396302
2929.0,69.76577925316197,4.5788791479686655,8.184327748153489
2930.0,69.7296805168656,4.513310066763458,8.0739515335824
2931.0,69.8154422380886,4.4652975614625054,7.965322989040545
2932.0,70.48940978394812,4.379963318173718,7.90071846054159
2933.0,71.79970485641141,4.33419160730818,7.817063408325392
2934.0,73.18199966641666,4.329334961589161,7.708739738154592
2935.0,74.24813722567937,4.299778142295611,7.571202126933064
2936.0,74.96663215342494,4.2188132184660025,7.435894767863364
2937.0,75.24219982179739,4.139985981189804,7.222402498478784
2938.0,75.05616484798514,4.202953882254491,6.793384556308841
2939.0,74.99461743961828,4.424413473903842,6.350493744345961
2940.0,75.59735544459556,4.737439770012604,6.039723884769901
2941.0,77.2862622338115,5.026947299626831,5.9115404800740405
2942.0,79.56224779417255,5.21745849141995,5.867068681198692
2943.0,81.83500398863183,5.250003631793051,5.7267741654558435
2944.0,83.71023304436913,5.080320039129643,5.490802472624899
2945.0,85.06453214073575,4.815021742357009,5.215290988185344
2946.0,85.9853339248004,4.654932852960838,5.042454876700032
2947.0,86.84145717209942,4.675059844676371,4.95416516266116
2948.0,87.71229149080442,4.774982176219029,4.884882150311303
2949.0,88.35206018637108,4.866418043176566,4.748750378154073
2950.0,88.77888570456814,4.968993495298645,4.620522426554001
2951.0,89.39831088462401,5.15036621975375,4.618819674838724
2952.0,90.3565511305997,5.2995534954023285,4.727436074096904
2953.0,90.94907871228858,5.313168648570947,4.8390922785638155
2954.0,91.14267486193461,5.218813186883398,4.8880604153293055
2955.0,90.93440953560038,5.207248703158504,5.012347321012929
2956.0,90.75078436451079,5.236660506765007,5.266219990661653
2957.0,90.43051512496562,5.230937838105412,5.503084662586393
2958.0,89.99085946919548,5.093647803579656,5.482765784889423
2959.0,89.42349017970432,4.770632399911509,5.336149480314705
2960.0,89.1000586456619,4.477502425160343,5.368699617365703
2961.0,88.95117429770471,4.377258619505809,5.7388169516558385
2962.0,88.63298366517483,4.398875722143097,6.311241339542928
2963.0,88.4140573253375,4.345214124994,6.792599214883173
2964.0,88.84296331890954,4.266376423095141,6.988645175396976
2965.0,89.34449487690645,4.208275028632966,6.9761357427052495
2966.0,89.2669545277848,4.190913852679066,6.9365080077190155
2967.0,89.17923121892585,4.114264045850118,6.807317023062274
2968.0,89.15967353129759,3.995718106526979,6.657431059524035
2969.0,89.2788661688753,3.836928663335523,6.51669992186453
2970.0,89.77975482099347,3.598887712636372,6.4738950791127
2971.0,90.53680335507906,3.368071722222491,6.570610550260849
2972.0,91.16677752165803,3.0711008052169224,6.723298793980301
2973.0,91.64717127882348,2.691221942051138,6.797743176403239
2974.0,91.91505653773473,2.3117109122989463,6.818552246527493
2975.0,91.85860023597978,2.0466848577011243,6.794618383605253
2976.0,91.44947660430867,1.9441492609159008,6.690329569727778
2977.0,90.8558245170469,2.0071649499453605,6.622015914786284
2978.0,90.38552673132071,2.212043858878341,6.612798325048992
2979.0,90.24845701659508,2.537152390618576,6.721062783101586
2980.0,89.88975844395932,2.8993535099564163,6.8022555072595585
2981.0,89.28713703979017,3.1773690656104647,6.816677821430849
2982.0,88.86224095913087,3.3801383612528686,6.855523324767485
2983.0,89.20252375011492,3.483551762070452,6.7842786161724495
2984.0,90.11767326076108,3.4235385947812627,6.558565701879302
2985.0,90.94818073670133,3.176695880016289,6.2481148921667025
2986.0,91.4437255534564,2.8832202329028505,6.023886838402208
2987.0,92.02294360202382,2.6850942830180338,5.8977948260430075
2988.0,93.40863622666963,2.5943077476965426,5.951348532099186
2989.0,94.9816951387039,2.518997254283408,5.998719167551758
2990.0,95.85133338007113,2.446346277681602,5.953846442550249
2991.0,95.80983923708999,2.3782918250489016,5.75207293723616
2992.0,95.42758350546441,2.2789844276859155,5.503197264703512
2993.0,95.51654261479226,2.201972713510703,5.35084413620529
2994.0,96.4753429261328,2.1812921842472286,5.2683915775312435
2995.0,97.8059890644501,2.2093042789445807,5.2583135261996645
2996.0,99.09796240613639,2.2650187994042437,5.166819084331716
2997.0,100.97021213181013,2.416387302591824,5.089526615044327
2998.0,103.37570797753564,2.5609257476771337,5.066012994227082
2999.0,105.66172690888857,2.613570123382922,5.07411728712242
3000.0,107.85145496688337,2.5551642697811365,5.037053103130759
3001.0,110.17526967783344,2.4332311987736053,4.937851515107289
3002.0,112.35380565737499,2.3521532083370738,4.911512255402378
3003.0,113.64657729349112,2.30826155105296,4.986315483415165
3004.0,113.70356552751876,2.280314606249525,5.080238851939791
3005.0,112.82258722946911,2.301085453441069,5.09104077296891
3006.0,111.63969668257344,2.381572444208049,5.080057366431026
3007.0,110.28305878782228,2.488009078384608,5.000483281870082
3008.0,108.47963227445136,2.6016843181890628,4.880814150236859
3009.0,106.7788098047159,2.6691222675764203,4.836726821580642
3010.0,105.68652094480922,2.6589423585393765,4.972269911160039
3011.0,105.47400197387832,2.543134302374979,5.134183397764323
3012.0,105.30134045599632,2.4427097051807034,5.208275215849867
3013.0,105.00148794532618,2.452752401937436,5.211824357999362
3014.0,105.1380810982179,2.410737828502908,5.249098565964676
3015.0,105.6056449297029,2.248650802320042,5.376342375748692
3016.0,106.09462475040026,2.087622962554375,5.467112180629634
3017.0,106.2188515183842,1.9887155408374293,5.520727819196868
3018.0,106.1796019251047,1.982276177248892,5.487753723472159
3019.0,106.05630025262687,1.9973226240022242,5.411140143503062
3020.0,105.96907189803167,2.015929553043237,5.333853484297417
3021.0,105.68815121613206,2.0307781903890625,5.241249932744416
3022.0,105.08218973742581,2.031399732380676,5.187531227032563
3023.0,104.50395001799102,2.0176904467975767,5.175625045500001
3024.0,104.49229460512551,1.9777689348047949,5.185363801489571
3025.0,105.10815743430632,1.9770685311176357,5.172252770981212
3026.0,105.70074866783855,1.9952338817551518,5.134477195144711
3027.0,105.62010892680051,2.0200057693386655,5.101222238191101
3028.0,105.26373447788704,2.028745802966632,5.034590198415562
3029.0,104.64260948677884,2.0941033880269586,4.935162440158503
3030.0,103.66785121652472,2.1638963393738173,4.7820985698649805
3031.0,102.77935138438983,2.2193154353268896,4.60373436214173
3032.0,102.52398599046991,2.2276963382524264,4.474851582840251
3033.0,102.90600303507736,2.1766391216503145,4.461693804647394
3034.0,103.46273713663263,2.0964226340800662,4.566289598002109
3035.0,103.67513088191212,2.0042040266827574,4.596087419999588
3036.0,103.61404138673502,1.939617384540162,4.566369261527861
3037.0,103.17648224430626,1.9571217334625886,4.504447667765928
3038.0,102.2150207998658,2.0613906684042735,4.488700153098772
3039.0,100.89979703129882,2.250078510684869,4.513821650081408
3040.0,99.46903528619396,2.4338842402992107,4.473068195274185
3041.0,98.35317905699145,2.4979358065376833,4.273812354517608
3042.0,97.68054001573155,2.39436053964818,3.950056199883529
3043.0,97.18783663283773,2.2583672044707908,3.658799364049369
3044.0,96.94158356504673,2.189440857821365,3.4724762768014226
3045.0,97.59570319297013,2.1590615094127226,3.4739760380146705
3046.0,98.92836290241739,2.142840544518913,3.527005169600707
3047.0,99.78299845208464,2.122136208023839,3.5468101138274286
3048.0,99.7424074987397,2.1819119438239376,3.424437335083661
3049.0,99.33018779315775,2.343132955243203,3.2271770924337027
3050.0,98.98751009644583,2.4825701911827616,2.98154987137225
3051.0,98.77516947070066,2.502140813857549,2.751303106377563
3052.0,99.3913824670344,2.4222145836969045,2.584463863773168
3053.0,101.19920885763308,2.3570226227908453,2.4960344645818626
3054.0,103.39100618687698,2.3840456561409615,2.451034223591526
3055.0,105.61874638473343,2.4581269691222505,2.3811878548560395
3056.0,108.10917950708323,2.44597397824178,2.2689507161293956
3057.0,110.53620487358282,2.3974449498575123,2.0495843852380418
3058.0,112.58135147346982,2.339859073142845,1.7728748073929024
3059.0,113.79402632229232,2.35722752301531,1.5384209895609997
3060.0,114.29764820730114,2.3749540730499605,1.4034032516563684
3061.0,114.08282192841249,2.291459619271105,1.353302138219522
3062.0,112.93847508188735,2.0823176873664417,1.3682128282596902
3063.0,111.36716337613781,1.8590467868021971,1.4277001696742462
3064.0,109.60350101624465,1.7177283755006787,1.476746062271648
3065.0,107.8903211736265,1.6815416559381446,1.4776628164314027
3066.0,106.63665636086685,1.727929967556251,1.4100666901720442
3067.0,105.66588035882012,1.725023395130133,1.2498591121221603
3068.0,105.1260655567981,1.6033082767676115,1.0472452225
3069.0,105.15111557795524,1.4690069519544409,0.8424814451356943
3070.0,71.09856581921191,0.012790255097879942,0.00037106817739690067
3071.0,70.88374025320324,0.018174278040240126,9.216825618489986e-05
3072.0,70.61340671803588,0.024957535058611435,9.997140204489858e-05
3073.0,69.40554183870132,0.027491467146359874,8.169593062500355e-06
3074.0,67.6292543544986,0.027372597305155517,0.0002693649042756008
3075.0,66.15366624956198,0.020075971086089914,7.242342145600139e-06
3076.0,65.67382958482393,0.01475218422644483,0.0011975323249444013
3077.0,34.971743372409804,0.7700161657819237,0.06492841129509158
3078.0,34.40368201241105,0.7822048212214335,0.0964730681692996
3079.0,33.89493552781193,0.7524642457621817,0.13767643278006247
3080.0,33.4778476111399,0.7145012537886987,0.1674187877419281
3081.0,32.66168002988484,0.7426266609772533,0.1873840728045924
3082.0,31.507967762721133,0.8411650213072401,0.21822531057264638
3083.0,30.427876843025494,0.9660966364746227,0.2787433771599409
3084.0,29.69035678837479,1.0470564638653743,0.36325731899722236
3085.0,29.36459815997255,1.0476782671096339,0.45768051460639203
3086.0,29.475571997880994,1.0149601166262454,0.5189606571077775
3087.0,30.0440109026934,0.979773525192011,0.542930400348372
3088.0,30.978652604775117,0.9415353020038569,0.5253501304443681
3089.0,31.90074973712552,0.8578810802296911,0.49870202804702435
3090.0,32.643770636453645,0.7968356269922503,0.48478318171351287
3091.0,33.00275599379835,0.8233771918337969,0.472472169176532
3092.0,33.040269638035554,0.9446896989132209,0.4459318913409424
3093.0,33.13608155397863,1.0649700683627785,0.37850138227211555
3094.0,33.13431194670367,1.0682795338196889,0.3031465290857535
3095.0,32.66166562798611,0.9825365362326363,0.25039878890587686
3096.0,32.05020910635796,0.9055632479021579,0.23159905038181205
3097.0,31.57721321567072,0.8868514564729681,0.21436525897632158
3098.0,31.320337220881147,0.8852295450143046,0.1861581371726209
3099.0,31.168138642413705,0.886917133793329,0.14063416514932836
3100.0,31.054671993596177,0.9001667709740169,0.11176738844568997
3101.0,30.60751703402096,0.9152385931618616,0.11917988635535999
3102.0,29.637469827020027,0.9077100396297122,0.1620275268485449
3103.0,28.49439794812794,0.9075579889842242,0.22560074715178088
3104.0,27.95502176231575,0.9564678826278978,0.27489572253890004
3105.0,28.17270495928342,1.0401250261710397,0.26996369853969604
3106.0,28.86829973713521,1.1483659952185603,0.2280444898032016
3107.0,29.529020255895663,1.2283522087426701,0.18684672785444406
3108.0,29.986646969001995,1.282558356450865,0.15651997143860247
3109.0,30.471755616677388,1.2630372491104915,0.13785660568701158
3110.0,30.821350683204,1.2695797821248165,0.1152568618149001
3111.0,30.8414002359517,1.355135003019076,0.07866978769782249
3112.0,30.343410740994916,1.4941799336642418,0.04283527699892247
3113.0,29.756324582121636,1.6256581246687412,0.01796467352716959
3114.0,29.440184083572902,1.7315139095348009,0.0033965117761599983
3115.0,29.555368176657716,1.7502876961836726,0.0007913098398529019
3116.0,30.02845276836662,1.6584040370647386,0.016883649956410007
3117.0,30.7591108495243,1.515447048121504,0.04935647410444893
3118.0,31.608337753475904,1.3705464741856297,0.07526288551827236
3119.0,32.11579368625123,1.2606657376714399,0.09594431910143995
3120.0,32.437772297905575,1.190425823744977,0.1159041053374864
3121.0,32.78596436378259,1.144459095456603,0.12511118855236006
3122.0,33.29070143549786,1.0841330076837263,0.1279626897928129
3123.0,33.662555455563705,1.0317149899450386,0.1301887415132329
3124.0,33.64942217966883,0.9992814891108637,0.1348992482048689
3125.0,33.47578898240144,1.0133436789090735,0.14528289986080367
3126.0,33.59814955230356,1.0421462581369236,0.1636777264066816
3127.0,34.221767934915015,1.0052263508994534,0.18786221504556258
3128.0,34.83310575494169,0.9418389807495332,0.2241475072719962
3129.0,35.015925731535354,0.9156056319296655,0.26357630505404894
3130.0,34.562841003869345,0.9493891019560015,0.3063746042445456
3131.0,33.89784574306592,0.9412900386130612,0.3620991511355625
3132.0,33.42727124297477,0.8667848896246093,0.4060811390454017
3133.0,33.01069084723775,0.773270386641044,0.432131780256636
3134.0,32.4810991476955,0.7282390256434088,0.44775600797723303
3135.0,31.820633360581795,0.7204534273502785,0.45206932776822
3136.0,31.28101341470852,0.7114985087837645,0.4353623664180024
3137.0,30.820838818773606,0.6799880840732102,0.42222241760787355
3138.0,30.341915205653166,0.6230848997018529,0.44111088329600423
3139.0,29.770673992875825,0.5584626107886745,0.4764692353616001
3140.0,29.037377140364768,0.48427924565306246,0.4987163637741609
3141.0,28.129229553114158,0.41034344103830267,0.5203804190210405
3142.0,27.388778574698108,0.3359691980122501,0.5612322401239225
3143.0,27.0681438954056,0.28094155353664,0.5918337064471441
3144.0,27.171958345380574,0.2555919146097803,0.5797643910192123
3145.0,27.60882024457217,0.24582000001366505,0.5393756447071204
3146.0,28.146956460592474,0.24999973000007275,0.4978299421414226
3147.0,28.57491880784271,0.24842127028831357,0.4607208120510723
3148.0,28.55150720378988,0.22473060811776008,0.421264825077689
3149.0,27.973162830066492,0.1638894906993291,0.39075824886142824
3150.0,27.045572711092355,0.09233477081697727,0.38163143305056263
3151.0,26.18244241129767,0.04241585147218815,0.40502961451119696
3152.0,25.801771006798703,0.014797058374785729,0.4197405255138226
3153.0,25.848472828535638,0.003909339360584091,0.39362191370970245
3154.0,26.02731605506492,0.001169776804000035,0.34569412763860813
3155.0,26.179138751944723,0.0021630759188544183,0.29430219211398767
3156.0,26.253382084497495,0.006866709320672216,0.24262918488192164
3157.0,26.27089735205592,0.018319127122348986,0.20188644046506257
3158.0,26.320124611571924,0.027518722375782394,0.16392336884774006
3159.0,26.26885958957812,0.03048015966106235,0.12934783478016001
3160.0,26.12353446771206,0.023966959696275648,0.11402134631002087
3161.0,26.060950875452708,0.017272995872632906,0.11992008850704008
3162.0,26.24782489428687,0.011559032267443672,0.1453309071088681
3163.0,26.7349572049265,0.003911955832096986,0.1846378617762065
3164.0,27.372465789648036,6.15575796639957e-06,0.23347950509600884
3165.0,28.05299561697195,0.0036824204207024343,0.28461139871342883
3166.0,28.784723571304923,0.009617003118342408,0.32302457562330006
3167.0,29.142023579359265,0.0136379047284735,0.3383682935541488
3168.0,28.89800179832927,0.020443766534889996,0.35303423375558557
3169.0,28.289434091727184,0.03803880725316003,0.375750107577468
3170.0,27.804906548081647,0.06032678226031217,0.4011458903094241
3171.0,27.66553464694547,0.07430476837278005,0.4266347719771225
3172.0,27.980733968425785,0.0780920845291518,0.4710749772549604
3173.0,28.401319753320102,0.06912368200526868,0.5192674729966658
3174.0,28.803103824689376,0.05276588011806242,0.5430135778197024
3175.0,29.01694908174782,0.029353855822308744,0.5568144101520005
3176.0,29.10398076249509,0.012723411363610002,0.6199526507133184
3177.0,29.15066533517007,0.003925023753000048,0.72670493040601
3178.0,29.240244481734006,0.0019506885555599658,0.8581247300940484
3179.0,29.341553886097497,0.001962029307039948,0.9888189101511876
3180.0,29.46781394019666,0.0017902376454399524,1.133067576524861
3181.0,29.870510260203204,0.0011109702266883996,1.2682137098850026
3182.0,30.622908573153367,0.00048274197853210156,1.3512422029787134
3183.0,31.68183996288077,0.000487501670713588,1.438953574174488
3184.0,32.43780749559082,0.0015295021483224891,1.5489463952055624
3185.0,32.91076742087067,0.0021948325489215695,1.6510796696979027
3186.0,33.21256814657924,0.00031959892792890487,1.7029030368836928
3187.0,33.63749850650492,0.0006104862523204136,1.7428825990121843
3188.0,34.30302166394742,0.006071931590759993,1.8107808660606561
3189.0,34.877512536729085,0.0201098066619025,1.8747613545705626
3190.0,35.09536424236939,0.04429192155573181,1.8745047442802922
3191.0,34.96271363065163,0.08611389436385632,1.81730658308602
3192.0,34.6870344315258,0.1495447710498365,1.7449830085818023
3193.0,34.4362254401777,0.1969726684849615,1.687862046588503
3194.0,34.22853161574025,0.20724492347539197,1.67358331082343
3195.0,34.196873960035056,0.21153750901448554,1.6990750483136334
3196.0,34.436654175031556,0.23239372171018272,1.7557683414257284
3197.0,34.692822235558914,0.2536762866166372,1.780351286233803
3198.0,34.6986935792641,0.2653137625252689,1.766084739636264
3199.0,34.517113271042746,0.2709535005601642,1.7735688230563211
3200.0,34.40777658087049,0.2593704880408042,1.7478141929845779
3201.0,34.36359784399163,0.2359862598225894,1.6214826681852303
3202.0,34.068821541347106,0.20804194229082307,1.4737784213324177
3203.0,33.42152373818822,0.18545613234859248,1.3347249293847616
3204.0,32.887326709552234,0.16262532178489048,1.2130382568416254
3205.0,32.79498545719598,0.14835438822400013,1.1104714040514652
3206.0,32.96836680288716,0.15740361945156306,1.0579885011010624
3207.0,33.04704937050281,0.18369045100473783,1.0611523856087002
3208.0,32.67712549324192,0.21524591875276153,1.0658208117005603
3209.0,31.852458348075178,0.24797566460940243,1.0570696388187664
3210.0,30.805558236905767,0.28763398302473686,1.0367403223638916
3211.0,29.718643675975947,0.3269114644573589,0.9844025590345968
3212.0,28.623049233634763,0.3506721662621249,0.8703976243780611
3213.0,27.524194303339332,0.3334196075280004,0.7273812497649201
3214.0,26.478951157038843,0.2760223896335895,0.5909094986527045
3215.0,25.48060214569585,0.19160375342243552,0.47817845969016015
3216.0,24.652175707366155,0.11364224864699572,0.3856976993839226
3217.0,24.14650333101009,0.06761305263001001,0.30991834154961
3218.0,23.99875934393018,0.0517770182830099,0.24918372739096362
3219.0,23.89528223829041,0.057653292321000305,0.20466163413279367
3220.0,23.560881083607036,0.08072778844684968,0.17141121069745688
3221.0,23.06707332450888,0.11104933081242281,0.1450729947225602
3222.0,22.609827287532227,0.12440674959382857,0.12621895426722488
3223.0,22.449002383750358,0.10910604376896155,0.10741532984212848
3224.0,22.623310233666434,0.07865793500244848,0.08604447182222438
3225.0,23.06428373928463,0.048347720125322485,0.0655079709975625
3226.0,23.422448007634905,0.02265719460222496,0.0529474458337344
3227.0,23.511787182008607,0.00826163379586102,0.044307816653408424
3228.0,23.35531617497179,0.003048581378881662,0.03660392784154093
3229.0,23.053063899313994,0.00016079203694439837,0.028361921363600422
3230.0,22.610784094571237,0.003164018625152107,0.01591143583149162
3231.0,22.172093009115038,0.019401628883472837,0.0034606253413264035
3232.0,21.997839461587997,0.03362775128126392,0.00010453222080999915
3233.0,22.23827835066936,0.02366663791212253,0.00316245395449
3234.0,22.586706694195815,0.008007056958265476,0.007082055609502491
3235.0,22.709956510272526,0.0020824920745488545,0.013042208722200086
3236.0,22.616752303729882,0.002871636232522487,0.025574531137752106
3237.0,22.42078894204621,0.008353283653689916,0.04393081437830409
3238.0,22.264399470697562,0.01628516709822246,0.0740410004146576
3239.0,22.04866846946495,0.02135118298579354,0.12480191851092248
3240.0,21.775732643572052,0.02345083051048948,0.19448832066888996
3241.0,21.5050864377493,0.02709955673352494,0.27663556259763356
3242.0,21.435649733030406,0.030224768251398155,0.35598098405961637
3243.0,21.653925321803076,0.02686281336346387,0.4227438631787536
3244.0,22.228083789368927,0.017692093715256766,0.4810781856039999
3245.0,22.945919565473407,0.010973729446024904,0.519056891163361
3246.0,23.50320377194588,0.013232549677152332,0.5542408517601316
3247.0,23.74317274037516,0.02191257891984023,0.584083121845956
3248.0,23.642747530446734,0.030231110731321415,0.6109208670676328
3249.0,23.420169834721005,0.03276281002499995,0.6321034530344355
3250.0,23.145062475004035,0.0327627122823728,0.6299753577354168
3251.0,22.974043622850147,0.030977851547667346,0.6072678579776449
3252.0,22.868704308470033,0.03012254250874079,0.5784482584077797
3253.0,22.775854447326466,0.0323556272028898,0.5459361917375025
3254.0,22.566652356030186,0.04272116534717983,0.5081817691823161
3255.0,22.453774694284785,0.059305117238016083,0.4672019963934976
3256.0,22.548954463647124,0.06828981485823982,0.4227593637922703
3257.0,22.736797803484194,0.0689039190197134,0.403079077504308
3258.0,22.795537712301257,0.07191912323430802,0.41283665365979555
3259.0,22.64971869668465,0.08279276532078225,0.4447389910072515
3260.0,22.488472505813522,0.10256594237427231,0.48292189530267227
3261.0,22.540960093370412,0.1411243124378253,0.5199301194192399
3262.0,22.824624636603513,0.22338570541078084,0.5526463700555722
3263.0,23.101758001726598,0.35927379060603004,0.5586364471224196
3264.0,23.138745960447007,0.4724374440787225,0.5112144466544644
3265.0,22.933940864208733,0.5146933647389684,0.4349161390141583
3266.0,22.542309419025642,0.5073787121931432,0.37742158520146085
3267.0,22.147716238741445,0.544789085700924,0.3430940185795983
3268.0,21.703996006997752,0.6492507730057794,0.30740409061931556
3269.0,21.112335911782445,0.7653884357763362,0.27893657062869165
3270.0,20.52057094211914,0.8225089470213831,0.29448956758734485
3271.0,19.877915773891306,0.8592897141890153,0.34903645156002483
3272.0,19.144659225048663,0.9086472041248133,0.408431055994932
3273.0,18.642107221798437,0.9672399914689591,0.40914329537761
3274.0,18.754855088793768,1.0512848345681112,0.37091794285990887
3275.0,19.25617821363417,1.1537021525238773,0.3280519098465856
3276.0,19.827922014823134,1.2235873129406145,0.311255757409
3277.0,20.299072313562668,1.2213434154561642,0.33448540277923694
3278.0,20.597373006265098,1.2742276614546233,0.36922599286329605
3279.0,20.69191932624338,1.4240611909381218,0.3759302117669903
3280.0,20.730579647942243,1.6427742180928497,0.3742883133317449
3281.0,20.834776918783323,1.822895220424177,0.3406152108338001
3282.0,20.790574276477976,1.8711928972151795,0.29586421811336044
3283.0,20.510146645511444,1.8437703639676022,0.2645945413072516
3284.0,19.89146174024026,1.783227539047685,0.2396292527667481
3285.0,19.07473174613013,1.717504371399527,0.20935352156875559
3286.0,18.26257054156496,1.6615482753519348,0.1955270966654916
3287.0,17.4375535163689,1.6482465064706808,0.19595051386248039
3288.0,16.453012521348946,1.6529892105802366,0.19715278355721
3289.0,15.512597293896043,1.6943845161012658,0.20304462269837287
3290.0,14.751930074406744,1.7566809187225603,0.19782078877484008
3291.0,14.236732536977055,1.8587903544601447,0.17489744614305638
3292.0,13.924395622602418,1.967234499471077,0.14656224673356008
3293.0,13.681907742201565,2.036504581864709,0.12298026380057638
3294.0,13.399949970285519,2.0486111022089997,0.10569530919642249
3295.0,12.985541107492098,2.0023471446627847,0.10226888679630487
3296.0,12.385596299283408,1.9604353681740292,0.10885720320552247
3297.0,11.62487422734792,1.9406918074951212,0.11894248340655209
3298.0,11.044754524421206,1.9795201771758066,0.13010662535276157
3299.0,10.667686503692003,2.0984324282228224,0.12382415110863357
3300.0,10.390519918677047,2.2909977650738913,0.1080169289033041
3301.0,10.132212827127688,2.566572372961502,0.08578109603280999
3302.0,9.857214435116413,2.8595309185378572,0.0639870718383556
3303.0,9.503238001880776,2.9419012290641793,0.05478364824926489
3304.0,9.064869852228371,2.7172906723148333,0.054642026490195575
3305.0,8.591982860103064,2.4687529656984943,0.04719088447123689
3306.0,8.11622254934631,2.397593007137363,0.029648982845439972
3307.0,7.697186825854593,2.4571502381987997,0.010892026090116889
3308.0,7.266711904373925,2.4972245752792457,0.0012436681858623976
3309.0,6.816701945954102,2.5173097459823035,0.0006899253449449033
3310.0,6.422948727390766,2.56930238730701,0.006805377177984095
3311.0,6.216314012563692,2.693612213590927,0.017716105135459605
3312.0,6.121829284681627,2.7923219772470915,0.028880398924675626
3313.0,6.109286306978705,2.7541922674353647,0.0319507116556644
3314.0,6.187514861307697,2.586569544070403,0.024409218990250017
3315.0,6.360629873316368,2.381192113840991,0.013448549191694406
3316.0,6.568479117313628,2.2023080590276516,0.010124545392640013
3317.0,6.659808151741369,2.0911381693413125,0.018039815421264403
3318.0,6.563741571639601,2.0773868537319164,0.04411375187190762
3319.0,6.291874304314377,2.111441835139215,0.09400105202872808
3320.0,5.861580525956817,2.1786322064425208,0.1740956097754757
3321.0,5.372611919641413,2.2995162415950463,0.2891604681491449
3322.0,5.010649269628162,2.496281311810754,0.39539189232380245
3323.0,4.893145736479359,2.7160855796749073,0.4243110035227281
3324.0,4.935514602195276,2.8293172651005003,0.39559888328091053
3325.0,4.9383270174393985,2.8142206050319323,0.35799144144529965
3326.0,4.82190395031323,2.7952524522307227,0.33290892070276
3327.0,4.615555487195674,2.873136294777808,0.3340565571235876
3328.0,4.40874567520377,3.073683556353911,0.3623860485823082
3329.0,4.240896680664062,3.3579980134024896,0.38925310665831037
3330.0,4.066991123689498,3.6405551266502543,0.39161073358584825
3331.0,3.882135524719874,3.8948581975310375,0.3592509660252304
3332.0,3.763566438074825,4.122486272823049,0.3273655207698225
3333.0,3.783956984693785,4.320487624516191,0.32469074110528817
3334.0,4.018038090069801,4.483101446648943,0.3636539369483076
3335.0,4.341892997468903,4.565575990824725,0.4145583394302026
3336.0,4.477132892629323,4.614370385545273,0.47257635212677224
3337.0,4.376895883134369,4.722325841597513,0.534600019862441
3338.0,4.218875700616238,4.87007410898131,0.5890001624351717
3339.0,4.139610506986758,4.974618318809855,0.6311793553559211
3340.0,4.204540448615711,4.9306981454476535,0.6657427440163599
3341.0,4.376254844338999,4.816494855308019,0.6945956971238466
3342.0,4.595923545662669,4.799397567817507,0.6949176194634961
3343.0,4.747740825704457,4.937523534505209,0.6766053977824731
3344.0,4.822429000328763,5.113530559330657,0.6255622290770063
3345.0,4.951983411171457,5.324013124500937,0.5536459835426881
3346.0,5.121180677086658,5.58979490434558,0.46698706719483046
3347.0,5.2653523532165165,5.785238626655289,0.4005023120703503
3348.0,5.431561978435168,5.962158201359613,0.3556267030458024
3349.0,5.696408491224998,6.170911594693441,0.3217610020488361
3350.0,5.944773596983611,6.370465449279609,0.26358878074464054
3351.0,6.001412788235174,6.469268585620977,0.1894211923277026
3352.0,5.904003607021802,6.465880102434054,0.13224033337384966
3353.0,5.773034709958842,6.480177162321019,0.09597324562434006
3354.0,5.740831957371089,6.463053519248178,0.08518017573234486
3355.0,5.799481376462338,6.416698251622465,0.08294658626016013
3356.0,5.972083366699932,6.364356565431172,0.08208759044686237
3357.0,6.149345797177502,6.400850007297614,0.07730154279540256
3358.0,6.187395811490522,6.65006446065417,0.06408389977808042
3359.0,5.990275438415366,7.109124494324221,0.047538245187328916
3360.0,5.547859037201211,7.684245124618405,0.037722573729000015
3361.0,5.174479555383098,8.019943351255202,0.022526680904988106
3362.0,5.064451613052321,7.974252733519359,0.0047303898995089055
3363.0,5.227519328853612,7.82800563903473,0.00020556075201210016
3364.0,5.43993195096047,7.73696360335324,0.007323220968672395
3365.0,5.574368220100001,7.699267862799805,0.01937620569843358
3366.0,5.57260534611049,7.788424877362998,0.03317650959363999
3367.0,5.365717993963805,8.053834765598408,0.04533990886488998
3368.0,5.05997626460881,8.379772090828956,0.0600047941007376
3369.0,4.8626074020398455,8.540310650713378,0.07769573115941157
3370.0,4.9023337953501045,8.427802070783292,0.09590473109431209
3371.0,5.044855555993849,8.363984436669156,0.08608617127980249
3372.0,5.14346684155999,8.498098706258023,0.057118294552035584
3373.0,5.09737261332627,8.567432908815062,0.040304918892722495
3374.0,4.925043798381361,8.546465650731855,0.041604992887920376
3375.0,4.57573383631225,8.640293521871268,0.060926337359412074
3376.0,4.210660251473637,8.714035606226611,0.08568902041999689
3377.0,3.9146333921205643,8.715246717174505,0.10662047600896808
3378.0,3.703900054284648,8.712870331611269,0.1056710835253921
3379.0,3.5926857425666614,8.756313586445472,0.10418140893510247
3380.0,3.56334793906957,8.809640583108973,0.11118374075390759
3381.0,3.5728908197646407,8.864631898909048,0.13785108094032036
3382.0,3.473456375859633,8.948046434218535,0.16573305616056247
3383.0,3.2224384376618254,9.044768133794404,0.19840354643551686
3384.0,2.8656082014593496,9.139354660408635,0.21867846222987605
3385.0,2.528187450756249,9.296379108192887,0.21395496327307556
3386.0,2.2577010683529286,9.537532653468162,0.18989942356574005
3387.0,2.1011435988368405,9.749238442366702,0.1670024561692356
3388.0,2.0521450373103804,9.719862986523465,0.1617092848626649
3389.0,2.090774410077081,9.559442616001123,0.1735218087090601
3390.0,2.1719584865684274,9.450760791228461,0.20745446950088997
3391.0,2.1806438941561153,9.421845965846549,0.2644094353294564
3392.0,2.0954476428205333,9.389564510062538,0.3388740678577881
3393.0,1.9196475478411725,9.330298856003358,0.4052118673312516
3394.0,1.7696627041968906,9.290289430565714,0.4469106339390625
3395.0,1.7319129306278565,9.166564489216908,0.4721395837707396
3396.0,1.7922601572853045,8.926954277796828,0.4888298234645955
3397.0,1.8979785690382458,8.757218149599675,0.4933790494974915
3398.0,2.039170405462659,8.674423695787254,0.46562694720807696
3399.0,2.1979086919437036,8.571560969303206,0.3941802403250625
3400.0,2.345302960419241,8.398476971798505,0.2968065387842116
3401.0,2.308479423297611,8.285127322633882,0.21907495880371355
3402.0,2.1071083314110033,8.343236699695824,0.16636909641034237
3403.0,1.9603684413132965,8.435152556442231,0.14944626125583996
3404.0,1.9788295917290877,8.404174503160887,0.16857924569104088
3405.0,2.10026898416103,8.281614908175834,0.21790030745228486
3406.0,2.240653177225323,8.157977721814062,0.26747316643248636
3407.0,2.2738279739646288,8.02976268823529,0.3420729987818049
3408.0,2.156695671416947,7.877789371465198,0.473654187440652
3409.0,2.002770547956418,7.763173515232784,0.6356579656441921
3410.0,1.9126507740709937,7.678566637653928,0.7545300466688721
3411.0,1.915026458163937,7.620997938840246,0.8260373150694026
3412.0,1.9717459894590141,7.596525546467425,0.8884592808901922
3413.0,2.049492618336108,7.5788239995289555,0.9383199415351055
3414.0,2.1427995863472042,7.546790102192304,0.9875721149015568
3415.0,2.29143815425009,7.485482484082555,1.0065435897609314
3416.0,2.436340817670369,7.406627511713754,1.0241675190150243
3417.0,2.4741599368479883,7.390241216970036,1.041490890207852
3418.0,2.3477180473022505,7.355193343393237,1.0899293601701125
3419.0,2.153448771641024,7.170112903454224,1.1009846990241123
3420.0,1.970720587611074,6.911984509408011,1.0444083120512206
3421.0,1.8308017534537138,6.674750392507671,0.9783449224142401
3422.0,1.787369364734117,6.50226744207936,0.9053590627528164
3423.0,1.8433885277388038,6.412264284220909,0.8464554953096257
3424.0,1.943613457767744,6.314609467814368,0.8195284202340479
3425.0,1.94571250464624,6.1157558073493705,0.832515530195952
3426.0,1.7935640186632096,5.8976285209612165,0.8154876351357315
3427.0,1.5697768778003167,5.707620297843768,0.7626678759016164
3428.0,1.4568460307815134,5.580812144310548,0.7000047245701224
3429.0,1.4454544753973018,5.451573227579785,0.6413994041382224
3430.0,1.4396378867677915,5.271165626259684,0.6007513626455103
3431.0,1.3990648083484893,5.114170666248364,0.5710711696701
3432.0,1.3625566057959997,4.9389121936123175,0.5519551185117123
3433.0,1.407380814481873,4.762359659482593,0.5435108448883343
3434.0,1.4960396336664599,4.604382065234112,0.527002110309792
3435.0,1.5524613509209262,4.496328898115813,0.46530436556212834
3436.0,1.5994537718457162,4.490113746424322,0.37763704267524
3437.0,1.7000229971104912,4.420552168719244,0.2871156321581584
3438.0,1.7965627582174561,4.2757275276248965,0.21667392056765158
3439.0,1.8229243566992661,4.086202814807788,0.16627156124880996
3440.0,1.8086777107693925,3.80477029477056,0.13130025463321288
3441.0,1.752473683909884,3.521399331605856,0.11741146903374487
3442.0,1.7349718721425558,3.2864036221341637,0.12466494265739288
3443.0,1.7661494330868035,3.0456059033022713,0.15729265461790437
3444.0,1.8169429175700618,2.7944983754971005,0.19155409228734485
3445.0,1.8012965629512094,2.679914825943811,0.2004315114298084
3446.0,1.691332866697251,2.7109613608900713,0.18274942716368037
3447.0,1.5593684706104987,2.7731938482344445,0.1477099639766916
3448.0,1.4949406358095236,2.801441472700519,0.1062260300752225
3449.0,1.5282638217129028,2.796529161154064,0.058068786762115576
3450.0,1.5818731566506523,2.797185470247746,0.02616045515496359
3451.0,1.6033949885554764,2.79241321591534,0.011707750709569588
3452.0,1.52319284264546,2.730623423665236,0.009704574739239986
3453.0,1.3466279562489998,2.6245995229920958,0.011996542695412891
3454.0,1.08981928392481,2.544140192203931,0.017967799297760382
3455.0,0.8318982628320852,2.50931096711703,0.02376704763992248
3456.0,0.6751976772590578,2.50923534368469,0.03590693003673758
3457.0,0.6662969414556201,2.487169435231011,0.06468861178099358
3458.0,0.7468956534765633,2.478651854527308,0.10732040374028488
3459.0,0.8187499392979207,2.53254434795312,0.12948851038781437
3460.0,0.8677160034125633,2.6262130606290595,0.11454251354569
3461.0,0.9263076541234881,2.649823281339727,0.1005352809875401
3462.0,0.9989088178321481,2.572259538331841,0.09951977510300249
3463.0,1.0569804188059806,2.4841769505798377,0.1112102576632804
3464.0,1.058824783022094,2.4404464381034083,0.1507183089871936
3465.0,0.9666541600119181,2.411494714099414,0.2376870707491921
3466.0,0.8376911658720904,2.3881272684206203,0.31367997309796
3467.0,0.665402789145063,2.4398778955177227,0.33327858061812243
3468.0,0.5453041047294684,2.5770388819422707,0.35037377316796403
3469.0,0.47860369114537255,2.7520759182404753,0.39581679986447293
3470.0,0.45684355415812156,2.9916951070919917,0.43365088205262753
3471.0,0.47707868783996915,3.313003430279693,0.4389806254005769
3472.0,0.5134654278876004,3.6649332946424025,0.4213257470352099
3473.0,0.5394164058970724,4.028835742272078,0.3931306678217688
3474.0,0.5216401801014243,4.414208521583203,0.3622866676584516
3475.0,0.490095610663524,4.75916816882117,0.3413206383558409
3476.0,0.4246675328910401,4.988722686303318,0.33821048665216885
3477.0,0.35950189641595276,5.119746441223344,0.36467601831049207
3478.0,0.32644727878692265,5.278930652730371,0.4300971704258435
3479.0,0.3319816523386803,5.4659044809122115,0.5131308465455104
3480.0,0.3519971890081207,5.610362836158198,0.6081979187832025
3481.0,0.36395553014405296,5.658688012720086,0.6999075411867529
3482.0,0.36157336734028384,5.63711296934546,0.7648214184656761
3483.0,0.35777953453556216,5.6620522781152935,0.8032553688985223
3484.0,0.35815571215165504,5.77073731924881,0.8313529074245136
3485.0,0.3577565421439011,5.866672270107668,0.8376928316364721
3486.0,0.35246653373076636,5.870204836092312,0.805454680475413
3487.0,0.3193888258134021,5.724178363851272,0.7267481853723727
3488.0,0.26615810316031707,5.465733158935565,0.6452680925473561
3489.0,0.20607105645025034,5.200286187064961,0.6197987450380804
3490.0,0.15545641874734425,5.062387995619513,0.6610087562978025
3491.0,0.10650819304616495,5.050395853741614,0.7247320362128024
3492.0,0.07274406128054517,5.1621934350842835,0.7619098578352704
3493.0,0.05636458119830767,5.317778788478522,0.8074713026391648
3494.0,0.04968656323732892,5.454480843288995,0.865860789279288
3495.0,0.04379095294589432,5.5905712645444305,0.9011726733913223
3496.0,0.042129422085521055,5.8378731197948115,0.8780756900610249
3497.0,0.04014679042488975,6.145942115275143,0.8129330864491203
3498.0,0.03129454403896952,6.290412416184686,0.7994687251390225
3499.0,0.022701442873200393,6.257778868926983,0.8836668916659364
3500.0,0.016146210548707653,6.235477795591575,1.0121520152446755
3501.0,0.01567316456010004,6.371619262388355,1.1221732480117041
3502.0,0.01733148553080993,6.59522513113836,1.21921457658025
3503.0,0.016328765990083538,6.901719352064765,1.350462720496692
3504.0,0.009056053666890053,7.198136941044666,1.4870148172309088
3505.0,0.0018813351054096433,7.446643771276448,1.5748039269580865
3506.0,0.00014063659254090247,7.576243533455332,1.6354898310285437
3507.0,0.0005235959921284232,7.4914274297687795,1.715631811737264
3508.0,0.002636585268336106,7.254143164424757,1.8567595903117158
3509.0,0.005618183066611635,7.082979539531029,2.0618748044920805
3510.0,0.012476264487840012,7.03739829634644,2.236862224101349
3511.0,0.02457757285996951,7.006745532925123,2.2742214982469284
3512.0,0.03626614432435844,6.954591610106638,2.2523812196898607
3513.0,0.03743942495329007,6.89741880876319,2.2305096022094646
3514.0,0.035810706509608964,6.863487903500366,2.1949001177714207
3515.0,0.043057183755062546,6.926295970724485,2.1543598105445376
3516.0,0.06687666498335319,7.010965421330474,2.1280071704132832
3517.0,0.10057414520843315,7.003140271218086,2.1612775124865604
3518.0,0.13137398223114033,6.9625888153418,2.215212453346641
3519.0,0.1473817667850888,6.869791498644265,2.240412096032385
3520.0,0.14662343772735983,6.814345463611818,2.251525128358724
3521.0,0.1377599608728839,6.867957844491631,2.2578021920983105
3522.0,0.13277330910771823,6.872728465466765,2.2306834178535073
3523.0,0.11359483588918916,6.796663349230032,2.236841076164707
3524.0,0.0876879190725317,6.638826901314247,2.27699350902042
3525.0,0.06657871197282006,6.436947956418806,2.31817217501916
3526.0,0.061813008277728676,6.322913976431055,2.3596364205988554
3527.0,0.0809301960822291,6.358096949243419,2.410033098815297
3528.0,0.11660215017612507,6.3797821304277615,2.4941991344933565
3529.0,0.15060386659057964,6.298289918032361,2.5449967986872517
3530.0,0.1838249589784967,6.210887732994173,2.55041174684074
3531.0,0.21707671267860673,6.192438447136322,2.448074641007705
3532.0,0.23810983146570014,6.219556712313285,2.2675382340741734
3533.0,0.24812684192782278,6.321071907945641,2.05168671028842
3534.0,0.26875920308440854,6.514764851965987,1.8168741732675624
3535.0,0.3164281428786914,6.704072895584004,1.5976068386839732
3536.0,0.3554389389690006,6.665990422341043,1.4603104605009636
3537.0,0.35890244182900877,6.491277655205989,1.3896143997956645
3538.0,0.3432107083619347,6.301446787368794,1.3331657260137617
3539.0,0.3533465255789763,6.125634801003916,1.3030396008577598
3540.0,0.41108860765808647,5.943690016917295,1.3048183795450607
3541.0,0.5019917481093372,5.826733906887376,1.323013018742381
3542.0,0.5741186552101931,5.881736575523471,1.3378725110940721
3543.0,0.5806030508419974,6.048145619898884,1.3725877697415079
3544.0,0.5294599550472003,6.250911833255166,1.4584490278985167
3545.0,0.48535156904836835,6.385304117287767,1.5386095008408598
3546.0,0.49016227343281016,6.483112440850659,1.521265766819761
3547.0,0.5182552613042711,6.48713936520687,1.4369525580177933
3548.0,0.5274354167313008,6.376945542371791,1.3395688572665023
3549.0,0.5092636521269521,6.203108683312645,1.27896579684769
3550.0,0.5022527701602442,6.03490901040283,1.3062965968248887
3551.0,0.5132714147419374,6.0292444751949565,1.427338889532152
3552.0,0.5007649276444522,6.150728653990388,1.5694172388115457
3553.0,0.4793083393481602,6.224927944878304,1.7239518260027715
3554.0,0.47341332541814435,6.130477356556808,1.8427716610623077
3555.0,0.4828090737367301,5.938258099635141,1.8709774293640324
3556.0,0.48544588905588065,5.780946913425599,1.799522309637562
3557.0,0.4549321196206337,5.692852315986609,1.7070960807756768
3558.0,0.4150285434898684,5.641132928934026,1.7130563867088402
3559.0,0.3805106955431399,5.610236020935939,1.7973393121933459
3560.0,0.35533046505984045,5.694157993567376,1.8783712023864485
3561.0,0.3547450777830403,5.929798407662707,1.9543763476578118
3562.0,0.3748362135329159,6.193825891653633,2.0632096247112903
3563.0,0.389086991887825,6.376719684984899,2.1451431459677184
3564.0,0.37137523406380996,6.431649523258089,2.0860685816914946
3565.0,0.3286591309439998,6.3774338362785885,2.01698121947753
3566.0,0.2892296574565782,6.383316599902115,2.086193055294041
3567.0,0.2616511656118804,6.606728630150943,2.1801534209537476
3568.0,0.23405017099278264,6.946061814502297,2.1819253266389054
3569.0,0.2146704077521449,7.140098369264063,2.1419574688901286
3570.0,0.20878912815156017,7.014385130645404,2.116015670432672
3571.0,0.20802719175600068,6.751859512199397,2.067229904559331
3572.0,0.20790313281888165,6.597379084012774,2.004151929293333
3573.0,0.2119580405287802,6.618156742859067,1.991648239358982
3574.0,0.23445180922101772,6.728147103113184,1.9692773001945478
3575.0,0.25695660248467705,6.802818401938118,1.8521430943519295
3576.0,0.27788935762049466,6.923183917967473,1.6270679315504324
3577.0,0.2781747044752898,7.097435310405489,1.4183343916884024
3578.0,0.24844697939359386,7.22753096098183,1.2425435608035844
3579.0,0.21051359006975973,7.2687134257626225,1.1527934665968398
3580.0,0.19424231587849008,7.323666091016195,1.1290431891525137
3581.0,0.20589643146593423,7.323439473296862,1.0708406354844897
3582.0,0.245232260710676,7.302144145414081,1.0063681862953215
3583.0,0.3319656578164523,7.259383972435361,0.9514138215717135
3584.0,0.4427056728449158,7.228778274228783,0.8950547268158224
3585.0,0.5183687524708903,7.221565811160291,0.8403065308015225
3586.0,0.5121313921982744,7.227596988402899,0.8017080842651408
3587.0,0.4684895846797402,7.304694317312038,0.7857368352672803
3588.0,0.4124204418360961,7.488900308273667,0.7857425792662884
3589.0,0.3568981823793936,7.698534068455635,0.731633527486524
3590.0,0.31252469296724616,7.88769617843815,0.6405677898759441
3591.0,0.30542433258136864,8.03706743147228,0.5834427461963776
3592.0,0.33278311576454495,8.176206104123553,0.6134397088601663
3593.0,0.3679678183443204,8.30476305569001,0.6994454100919608
3594.0,0.4161840205930277,8.3729419096771,0.7728169330740049
3595.0,0.4858641063826216,8.476871729985962,0.8378572013011599
3596.0,0.5718417067886655,8.65063273393764,0.9131925171065449
3597.0,0.6240363434232837,8.799677755253004,1.043362778700716
3598.0,0.6125836150533843,8.766407403262798,1.1511773257156626
3599.0,0.5548148256007455,8.329130372701952,1.1899407414204022
3600.0,0.44096501886088096,7.757645749255603,1.1760598031656682
3601.0,0.29581914945690857,7.244455721553076,1.1921481271607297
3602.0,0.20512453325369787,6.923075250065589,1.181835482203405
3603.0,0.19721454254163343,6.807494494082703,1.0897270847320035
3604.0,0.2339126117727171,6.894359620890788,1.0254141904731167
3605.0,0.22811291687242227,7.0989641605726534,1.0881013163289026
3606.0,0.16725927462543397,7.3627525634405595,1.2468591846796804
3607.0,0.12541345389926467,7.734454190402369,1.3916964548934225
3608.0,0.1173593092485027,8.2263171768056,1.4577697967707042
3609.0,0.11285962085113947,8.704295285580228,1.5519684063744577
3610.0,0.077838528079625,9.129497239003523,1.7270611084783811
3611.0,0.04124551966740489,9.591861600919222,1.876190818003322
3612.0,0.02403504194911228,10.032917513979607,1.8685598754106727
3613.0,0.020155381521122517,10.369768545156248,1.6806828551169406
3614.0,0.01714870654242499,10.614542627530762,1.4431290659914249
3615.0,0.014172871547017006,10.702897810284293,1.279796452079192
3616.0,0.007907184329522468,10.55600203968003,1.1949839186702398
3617.0,0.000984948551532091,10.421912367289737,1.1818708139509921
3618.0,0.0026877961884816254,10.526460279841475,1.2103539618823744
3619.0,0.01861784930361756,10.682381951386995,1.269931534735512
3620.0,0.030803995283848737,10.912650888066226,1.3737610949078025
3621.0,0.022642569131270322,11.410744826824361,1.5247728753109635
3622.0,0.003866096222643571,12.103020740448157,1.7007625426144373
3623.0,0.0006119112531856046,12.664354302055463,1.835069280304344
3624.0,0.003301190786880127,12.870433062988413,1.8906021750688895
3625.0,0.0018904208322608812,12.714778807107322,1.9181883253752972
3626.0,0.0002320126054416115,12.369209586267468,1.925182307338172
3627.0,0.0009213288915600052,11.947033882767386,1.8973926079515624
3628.0,0.007458659314060875,11.635453667856488,1.8327813173104517
3629.0,0.022625664974890033,11.366525815184179,1.7630041366323552
3630.0,0.033110951885222416,11.06570736764964,1.759107845123777
3631.0,0.02840405633710095,11.017419035645052,1.8740561634461241
3632.0,0.013913238120271986,11.2121371583637,2.0694715033870086
3633.0,0.0009961844625120681,11.53800179938536,2.269428088865652
3634.0,0.004796437859942405,11.725664617494605,2.4024764090579116
3635.0,0.025773428735102487,11.766431750653952,2.3585918887018082
3636.0,0.050312042167971506,11.518695070630493,2.1534543186561725
3637.0,0.0715452936194305,11.015473841991428,1.970632793463444
3638.0,0.08576771175156281,10.53044237603577,1.9559653744412224
3639.0,0.08677318752295235,10.250841139874513,2.0977682991868516
3640.0,0.06341764377796026,10.146175014403331,2.354621750418182
3641.0,0.03508853139164898,10.056383607177622,2.6282792264499224
3642.0,0.015907989858534442,10.05370800677339,2.87001817912384
3643.0,0.008717127794113697,10.15900451139165,3.093451837687322
3644.0,0.009917807587476181,10.36870847829441,3.2855375023107283
3645.0,0.013175405682588917,10.580245752277254,3.401133871838669
3646.0,0.012449152451092892,10.766030501322483,3.376041663092624
3647.0,0.006232412496096863,10.98495887651799,3.276441700709472
3648.0,1.478994689289892e-05,11.240614388776496,3.203200731306464
3649.0,0.009144689520736805,11.512432238586099,3.3643918790847365
3650.0,0.02793258063198499,11.762074535661604,3.756138039114739
3651.0,0.034718388170264,11.705729567677688,4.18577268823921
3652.0,0.030927432492280794,11.1107534251009,4.43247377940481
3653.0,0.021418931320326334,10.198189326368162,4.442229579616867
3654.0,0.01031435438335206,9.435407177402425,4.3714375730988575
3655.0,0.003777838047374415,8.918674552225001,4.3708525873037285
3656.0,0.0009244877410521189,8.566243410091705,4.475711993379378
3657.0,0.0006725059665984068,8.25451582525198,4.681679434942833
3658.0,0.0015242629280760704,8.092820756295717,4.9884127197612305
3659.0,0.0043523971452899555,8.0823018734271,5.3080641850293215
3660.0,0.009080950247760376,8.161345778159884,5.624504489310288
3661.0,0.013298146563408119,8.247301291532244,5.873292583581536
3662.0,0.014498948598096363,8.398302280508002,5.995725653440068
3663.0,0.015936542649600403,8.570503742636747,5.97434896989346
3664.0,0.01956676410156255,8.733285707601159,5.87480454943615
3665.0,0.031482749833764194,8.82525099240976,5.820226357461122
3666.0,0.047977540305817586,8.900254607237304,5.813741974485063
3667.0,0.046605012018163625,9.073137324548714,5.773766071217088
3668.0,0.03457280596876948,9.347844267457804,5.728087269235597
3669.0,0.025501049402630427,9.548681114241644,5.61976029044329
3670.0,0.02184908797849686,9.526393544196493,5.493210328222417
3671.0,0.02689257578899363,9.467301363941958,5.366496889219805
3672.0,0.04425449767830093,9.443362495729698,5.255846301101826
3673.0,0.060841343061744296,9.384454605328715,5.143146933561534
3674.0,0.05651839143184096,9.432178102733111,5.042466373877069
3675.0,0.04379396638320623,9.57880903211731,4.9761240319820175
3676.0,0.03908703373344812,9.552437554709202,5.019242367973565
3677.0,0.04052575636200988,9.311725608204478,5.196903378934934
3678.0,0.031547528711737556,9.061046007492976,5.388256344139241
3679.0,0.020731110048320484,8.895013848102963,5.483889402518125
3680.0,0.01632121482534008,8.797604168307803,5.497596753250701
3681.0,0.017486920381134464,8.689871327865907,5.456114869555839
3682.0,0.016574036521236166,8.706706736254926,5.349541381105155
3683.0,0.01779075792400003,8.81521657337244,5.253261020400424
3684.0,0.03260369394590493,8.901792818690813,5.205004931075041
3685.0,0.059157836344345474,8.981537697962676,5.147910749484609
3686.0,0.10238226636784406,9.09071150690926,5.0756439755026195
3687.0,0.15449724058627679,9.323628048020723,5.037229195430017
3688.0,0.20453845634611822,9.553266993445838,5.05216864134682
3689.0,0.2224323195378358,9.614062917339453,5.029611833109751
3690.0,0.2129242526288656,9.597222268235795,4.981290789468303
3691.0,0.1990535612545558,9.564209768264032,4.982605498486003
3692.0,0.1885503171709159,9.602775196413553,4.946590339876922
3693.0,0.16584181941897583,9.678728607511562,4.859509729090386
3694.0,0.13384079334105625,9.781493753791718,4.657429060610063
3695.0,0.11415341368404103,9.918259860077073,4.367929165070357
3696.0,0.11654796509308855,10.165800247346738,4.098307836435728
3697.0,0.15328424579470232,10.411415809456953,3.972618898860421
3698.0,0.1986260808360196,10.688173606596468,3.8956878782500897
3699.0,0.23596666369600008,10.949314955009502,3.7476195268237635
3700.0,0.272606589825108,11.118662838262814,3.5247334545280227
3701.0,0.3171174917470595,11.151435341964723,3.2344716802176894
3702.0,0.353988491741262,11.046424578430116,2.96666072656009
3703.0,0.36404188980614544,11.02807646984885,2.719791736860392
3704.0,0.34249707905625004,11.05230251066011,2.4609100479494397
3705.0,0.29378455299948164,10.99199081220578,2.239666242497103
3706.0,0.25179658617595657,10.958333503218517,2.158124561559149
3707.0,0.2228336949309694,11.101702881315234,2.2077769381638204
3708.0,0.20871763316406247,11.320260763622626,2.332146439401422
3709.0,0.1901008483509135,11.39070870015376,2.425311332896032
3710.0,0.15949342560103819,11.368651397527879,2.4544506275594498
3711.0,0.1254845606439997,11.436289537794718,2.439355587045323
3712.0,0.1125631889991842,11.559983816005662,2.470628832224028
3713.0,0.12824931127195655,11.591380691592418,2.5794842293321985
3714.0,0.14942471390730488,11.53418286257753,2.747172723422478
3715.0,0.1547813107169535,11.526239972402355,2.9059534721593474
3716.0,0.13703059673107348,11.638385060079909,3.0178424377339454
3717.0,0.10557654155919324,11.913069350339104,3.148691931100052
3718.0,0.0793730381514838,12.197307724965937,3.273283593964112
3719.0,0.07083719051760491,12.378818106201894,3.4219616341731602
3720.0,0.08565373290222787,12.492163827115775,3.640740817902052
3721.0,0.1101941950551121,12.698704011280807,3.946247367738632
3722.0,0.12598713854408852,12.957973567219735,4.242767883195919
3723.0,0.13202309896102873,13.158560583377382,4.363727310069248
3724.0,0.1472727200272383,13.25829738683025,4.247401715880051
3725.0,0.1577426505815239,13.228060907230416,4.081415274746664
3726.0,0.15945740479659226,13.197942574373453,4.045495273251556
3727.0,0.15785549832470877,13.30278459739903,4.125691054939278
3728.0,0.1588062669054015,13.590421673787583,4.332295104383891
3729.0,0.18328423418772624,13.853800543974977,4.599487978486057
3730.0,0.23747605541952221,14.182575910451686,4.9198624282601635
3731.0,0.2852311707933441,14.6274264803327,5.191492755982563
3732.0,0.2998238153068897,15.219529114037822,5.2870089969030944
3733.0,0.2922875007504398,15.803983894489349,5.232350324221597
3734.0,0.2863095255394198,16.263529718252617,5.121378420160914
3735.0,0.2735391672144781,16.557641787453736,5.045584074449818
3736.0,0.2721667059820801,16.834841969145987,4.89218319005712
3737.0,0.2911827617590609,17.135601407240696,4.699255344152028
3738.0,0.3030900854889923,17.252021297873668,4.6077198336
3739.0,0.2978781006804098,17.265293461698967,4.668384482528691
3740.0,0.2808864109643524,17.2282558668313,4.7554375304097665
3741.0,0.24869993457909756,17.343614049630915,4.836809953813517
3742.0,0.20889911762632862,17.50825192405342,4.936378043282977
3743.0,0.1711182606472248,17.563673738855616,5.064654199115394
3744.0,0.1455361079148025,17.442949523279026,5.145359459848709
3745.0,0.12273716968382271,17.15162963804676,5.0193812268539535
3746.0,0.10288042137004832,16.83593191524867,4.739793409016355
3747.0,0.08158331439608463,16.577418265352257,4.469460457867023
3748.0,0.05530052660520967,16.371769480110743,4.341866575927452
3749.0,0.025296813432078277,16.326128830915405,4.314859920076328
3750.0,0.004578318107092862,16.486021472923234,4.227609756793343
3751.0,0.0004480829539209203,16.67814871089877,4.100785867577677
3752.0,0.006853333045219649,16.900888404982386,4.005047111079504
3753.0,0.009866576042809562,17.05319096605489,3.9417894543596406
3754.0,0.010265817376936865,17.085492232953605,3.8617125318884025
3755.0,0.013102948206972052,17.031935526789436,3.7257187509864096
3756.0,0.0267392907735408,16.888964873081218,3.5942927988784805
3757.0,0.05655380061678517,16.778061506972303,3.5247092357568097
3758.0,0.1022311992220995,16.650051555429403,3.5013367472062464
3759.0,0.15239103228424342,16.544060344116115,3.5019427008457087
3760.0,0.19950726384076992,16.49583310001918,3.532549495080528
3761.0,0.24357378567080287,16.52824374071272,3.62498558158146
3762.0,0.2908482003958339,16.59501563962588,3.721109441234707
3763.0,0.3446173822382638,16.768016089075772,3.746037733851723
3764.0,0.415849023913145,17.07225069743832,3.6383308632904465
3765.0,0.5104477760314388,17.42900430267481,3.457158585674088
3766.0,0.6032749599783725,17.729352279851586,3.266315976088944
3767.0,0.6700454995678244,17.775118245245224,3.1200223151950803
3768.0,0.7003737582448893,17.67468366396391,3.0000398457225357
3769.0,0.734484634492224,17.54058299980032,2.9100358885122524
3770.0,0.7677274563923362,17.403030412466595,2.861251920204602
3771.0,0.7967053937306031,17.14464264244446,2.896893355689062
3772.0,0.7981514812776975,16.83638818986658,3.0135402480924194
3773.0,0.7664927907581474,16.46002697951297,3.1793003246717473
3774.0,0.7003454551356033,16.05939029055394,3.335103521498496
3775.0,0.6217630018802508,15.74864405573457,3.3952229625870864
3776.0,0.5689536303870226,15.70398816263261,3.310167127219061
3777.0,0.532627803167332,16.064207005758266,3.0905645625600253
3778.0,0.5021194304068999,16.508921462198188,2.8188486234621437
3779.0,0.4625383223428897,16.7599012709525,2.54075375026564
3780.0,0.41248641122610313,16.619073754906026,2.36236561860121
3781.0,0.3562754158593722,16.326445935640095,2.3267085471812483
3782.0,0.31198878206739356,15.98261000775443,2.391627144578823
3783.0,0.2849872169029639,15.60914950632422,2.4229883364759117
3784.0,0.24752193144837736,15.2908432226466,2.4058966296820903
3785.0,0.20334196838370283,15.113462917014058,2.371243472600378
3786.0,0.17653472811533008,15.125252507622449,2.323650361333953
3787.0,0.18176317788182467,15.444038634609965,2.25784252202161
3788.0,0.20592394827763386,16.07439106880161,2.196351357805193
3789.0,0.22883535981541195,16.795524049837738,2.183023270833178
3790.0,0.23631984903075998,17.501590253496044,2.246974287899388
3791.0,0.21115604790549664,17.851744389048296,2.298533769912392
3792.0,0.1697682676673028,17.582939825970616,2.316588927868181
3793.0,0.14060970791575245,17.092375550472315,2.340256036693411
3794.0,0.13664828641089594,16.85446048538366,2.366690528618936
3795.0,0.1399439266446402,16.877159591614912,2.373059158772742
3796.0,0.13292593372620817,16.779531139062755,2.3965072876712354
3797.0,0.12322049531117288,16.501096744577634,2.4047763109321743
3798.0,0.1210556258716404,16.461317567009306,2.3432630996766433
3799.0,0.1150808262309225,16.866036057310875,2.25263296983076
3800.0,0.10040633706676841,17.423295973567956,2.1516422043322443
3801.0,0.08354200005986893,17.649839871826554,2.0905519130508097
3802.0,0.07414550916869284,17.50801501056399,2.044927398891777
3803.0,0.07460830574594411,17.301466205289728,1.9579246016887883
3804.0,0.08262852582516868,17.35050650877297,1.7927738201406016
3805.0,0.09851089925109188,17.572436418601,1.5892904121311844
3806.0,0.12249251711427595,17.770012042089625,1.3810013311416172
3807.0,0.15367237323406263,17.811539143124477,1.2390239346348302
3808.0,0.17954665527189206,17.717641438073088,1.1583880881576722
3809.0,0.1852872025000004,17.567066020084397,1.102639003381116
3810.0,0.17140796480880235,17.403082391812028,1.05601517532348
3811.0,0.15911162058848077,17.392591980347877,1.018351490504041
3812.0,0.1603045527878599,17.431603967745215,1.0307478522217008
3813.0,0.16960459959202392,17.427843308488924,1.0394280039284964
3814.0,0.18796920965330552,17.408539820598882,0.974151490698677
3815.0,0.2284649759960099,17.362782345773187,0.858126564268464
3816.0,0.3006183821570327,17.32342860869213,0.7867989454049344
3817.0,0.3959516737445481,17.321314221676893,0.8048167944942725
3818.0,0.48797453345702774,17.30616559822128,0.8604730018515856
3819.0,0.5465503842470121,17.194643193477763,0.8791605558927844
3820.0,0.5710544689877315,17.103885704544428,0.8635634185740769
3821.0,0.5540539004431205,17.119946681558023,0.8581687322935608
3822.0,0.5327128882275496,17.244336664373407,0.87118590382756
3823.0,0.5443403996007186,17.338813386338412,0.8994262366467224
3824.0,0.5638825284620546,17.41178598005597,0.9265434690808383
3825.0,0.5683650592200106,17.678315459478036,0.9693736937227728
3826.0,0.5671459940337212,18.089688974006247,1.0477216460975627
3827.0,0.5518471602125055,18.466589872565613,1.1247691023537425
3828.0,0.5000250726427399,18.77278504080698,1.2413405172673442
3829.0,0.4267371172364158,19.045392725275498,1.3775556103569226
3830.0,0.39162163489023977,19.29962801134696,1.45870378337761
3831.0,0.41916340364089066,19.646621601453944,1.4643718754202757
3832.0,0.43527791356040263,19.857177461004483,1.4589851102863938
3833.0,0.4005758655669975,19.77290379266675,1.450412025490081
3834.0,0.3604244690471043,19.502485927011605,1.41864941239849
3835.0,0.32776806650650253,19.307025088575994,1.3693728378242023
3836.0,0.29692397649143626,19.27113833859682,1.3800753427185664
3837.0,0.26005957897053683,19.3417660313806,1.4616499772246085
3838.0,0.2408613275640622,19.59444476559524,1.534394090431824
3839.0,0.24504650327175884,19.886233108854928,1.562104225065222
3840.0,0.2298755148262225,20.12861082498335,1.5904447908414243
3841.0,0.1836095418899858,20.270184557326306,1.6475722253684102
3842.0,0.13253309419590265,20.40161620850793,1.6694994106992098
3843.0,0.08490958322839998,20.598387449272735,1.626681024445684
3844.0,0.04524744574738085,20.963159478048485,1.5554286438080627
3845.0,0.02266053031622261,21.479595484811394,1.4506898778489743
3846.0,0.014226055685381007,22.018478489788222,1.316138256077876
3847.0,0.011974946786009995,22.510516906281993,1.1703514970356226
3848.0,0.009433825073294476,22.836795538220283,1.0401067910611876
3849.0,0.007914280145817574,23.181092370526592,0.9258878430440356
3850.0,0.005611436186630443,23.55458301228096,0.8464791586507203
3851.0,0.0027962912272009232,24.03280825009131,0.7840325404454543
3852.0,1.3931789089009343e-06,24.42487113557015,0.7470843962193936
3853.0,0.00445686021447844,24.590494722326554,0.7137691907159043
3854.0,0.017752934907219558,24.597668761861605,0.698954838918336
3855.0,0.034513840556580126,24.847746220716882,0.673747261788788
3856.0,0.05134173654512263,25.3970732736908,0.61973138779204
3857.0,0.07031548953166228,25.900723995259654,0.5779008775723263
3858.0,0.0956645537917968,26.156457474288096,0.5701605456568575
3859.0,0.13475311518827518,26.124658517029967,0.5949232040500224
3860.0,0.18666306348394415,26.19749402899353,0.6127655227394281
3861.0,0.24372276625777944,26.57441719384704,0.6202132033075455
3862.0,0.29596132918195817,27.044813854230124,0.5951855255399824
3863.0,0.36960081933984124,27.218735092728217,0.5759171131975208
3864.0,0.4622995558552997,27.337680516465237,0.5624568308282883
3865.0,0.54786942273128,27.832220406775015,0.5639836520334024
3866.0,0.5956481192567049,28.648568029683194,0.57839386458841
3867.0,0.6127214835734784,29.393695054822565,0.6053288291900161
3868.0,0.6511778406839276,29.943651099397385,0.6500883575595249
3869.0,0.7317213238385518,30.407748884267065,0.7374018932363664
3870.0,0.8154793452171025,30.64518017731921,0.8689175861631001
3871.0,0.8407831265127526,30.58167110806087,0.9546472792838807
3872.0,0.791272089248257,30.501624809778306,0.9976752526853027
3873.0,0.7441702846743026,30.71177600593001,1.014232503841032
3874.0,0.6950943742182394,31.31405181898015,1.0232711134314494
3875.0,0.6205536704002438,31.902988108459926,0.9956990744617282
3876.0,0.5583647033678025,32.19425171528457,0.9877895828860815
3877.0,0.5151285440271932,32.63234172050789,1.0924993770063025
3878.0,0.45455799142790526,33.34234012209101,1.2504723720528483
3879.0,0.35306413286400007,34.111321571143215,1.309203777631625
3880.0,0.2597311152847682,34.592660868935695,1.2406516642087935
3881.0,0.19826004750656018,34.5810436607233,1.1629884670015245
3882.0,0.15755411555895676,34.157260098116836,1.1256328538455715
3883.0,0.1208095971405625,33.50831241335951,1.0798341565274763
3884.0,0.09543344464284148,32.8445220412974,1.0310756846358609
3885.0,0.08794337339415034,32.23839419842041,1.043759098579184
3886.0,0.07789065317566096,31.83804673380412,1.1061693960969743
3887.0,0.052830291579527996,31.657313650000894,1.1454543912965407
3888.0,0.024315003810636164,31.779630011318854,1.1984460558020718
3889.0,0.006354221356756813,32.063868990760824,1.303999717053925
3890.0,0.0004267504850435811,32.49729834781762,1.362959839554864
3891.0,1.3278007210001051e-05,33.11517095046462,1.3046313482611598
3892.0,7.020764099993531e-07,33.8631884975456,1.177254230081441
3893.0,0.0002989811017448911,34.48103837878472,1.0618881441873849
3894.0,0.002081182575200451,34.60606516686399,0.9489321792922498
3895.0,0.0052205711523904425,34.43011922169856,0.8308870685142048
3896.0,0.009611674932722494,34.129912513710195,0.7304027437741609
3897.0,0.017721474871320902,34.091085173451255,0.68141970684225
3898.0,0.03719604419481748,34.370526664099245,0.652074063571661
3899.0,0.07377677251343985,35.07104680536807,0.6169738347573124
3900.0,0.11816760315152236,36.06477775379432,0.5883786810575716
3901.0,0.15457156956792806,37.068620770168266,0.5765362470240255
3902.0,0.17528960972304072,37.860442464932625,0.5669732330640626
3903.0,0.18801438871118792,38.13713558038712,0.5546429552666023
3904.0,0.19373341337649658,37.883391899345035,0.5469644061389763
3905.0,0.18673462566912075,37.43577695231003,0.525560781461604
3906.0,0.16062855209940674,37.14985233990634,0.5119213752839762
3907.0,0.1342616084259079,37.28541990394017,0.5208905698217001
3908.0,0.10758325216129967,37.91755919507013,0.5419272611572681
3909.0,0.08259652979105461,38.851558672473416,0.5778571670184888
3910.0,0.06865963705042576,39.7867596164061,0.6415579710014595
3911.0,0.06705195370496646,40.30484613871164,0.6899140518934225
3912.0,0.08106827437450835,40.39975919535863,0.740000814289
3913.0,0.10194323051025021,40.297533125942444,0.7923811225387263
3914.0,0.11694057417306247,40.0607990222976,0.8217767336217603
3915.0,0.11578795353616428,39.72363261590632,0.8081593228973124
3916.0,0.09836286110253151,39.31147521810951,0.7699548644573184
3917.0,0.07824872744046789,39.03666127430815,0.7383363917809008
3918.0,0.060659488194760934,38.93281419186459,0.7156858488775525
3919.0,0.04632548965494513,39.12458852731731,0.6992213087258115
3920.0,0.04256877181044012,39.68517800046694,0.688171635224432
3921.0,0.04960529418845158,40.32481778330625,0.7049475045167103
3922.0,0.0653565134606403,40.820011653821396,0.7500327988460356
3923.0,0.08077966120281721,41.0661157440651,0.8113455723526729
3924.0,0.08475335222800408,40.953537790903816,0.8239167121340163
3925.0,0.08339545937059863,40.6102757231134,0.8335686165400441
3926.0,0.07918980959878551,40.56273321014415,0.859545505215233
3927.0,0.07410597150977426,41.42962350139596,0.8890866605297664
3928.0,0.06807933511282908,42.962211567147904,0.9093380266853088
3929.0,0.06746212996817286,44.111533451955,0.9330034361962608
3930.0,0.0815260617567363,44.58722284113292,1.0453709162797924
3931.0,0.11185318378026834,44.66929536015482,1.2369482227894277
3932.0,0.1528591751589681,44.774378142992084,1.4464642944673938
3933.0,0.17573211937722297,44.949969203065386,1.6150486915408355
3934.0,0.15553659401443853,45.07659769324378,1.7564307454281602
3935.0,0.12013834652384443,45.13983898283056,1.8630323761787138
3936.0,0.09480508259083581,45.35149268460585,1.9308480630691685
3937.0,0.08196172361657643,46.00574843313907,1.9300503772620006
3938.0,0.0794678637102026,46.84034284400024,1.8798973034766406
3939.0,0.09765049383482412,47.31020860848921,1.8993619755944964
3940.0,0.15303316030192085,47.23328022293255,2.0165702331928035
3941.0,0.24355052113022416,46.625183517954405,2.203429198846753
3942.0,0.32366140989975023,46.0514489487128,2.3761167200816926
3943.0,0.35063133100851573,45.802456981876546,2.4860699876708643
3944.0,0.34402988717917227,45.78247115065221,2.4882967939576317
3945.0,0.3480834329971215,45.900069858178526,2.4483213271707873
3946.0,0.3649229762411027,46.029538625302564,2.4218009555705957
3947.0,0.39442276111233954,46.122990899914086,2.42065739805444
3948.0,0.4629722609464229,46.09103384248656,2.3793544996446094
3949.0,0.5740245822648103,46.206013047500235,2.246778463970093
3950.0,0.6946767249758358,46.37428801289964,2.0996091433878963
3951.0,0.7740099627242903,46.543721347156804,2.0036190741759503
3952.0,0.8306983195878408,46.57296561738931,1.9206671717130765
3953.0,0.8818408580329931,46.55408908530249,1.8643633381139482
3954.0,0.88450620422761,46.569633439991975,1.8504362497009077
3955.0,0.8151030742397477,46.55550419780835,1.9037905303703055
3956.0,0.7521341663497569,46.32260422661948,1.9861820731808786
3957.0,0.7591457064745029,45.70017748914361,1.967726331339756
3958.0,0.7934871377631034,45.39712871868793,1.8278998899223105
3959.0,0.9072473917716233,45.322462713128154,1.6687726885570222
3960.0,1.0722797589087372,45.618010402279005,1.5579349642080222
3961.0,1.2408813052101906,45.90032717148312,1.4570967834949695
3962.0,1.3935415534786333,46.187689075102355,1.319176796279808
3963.0,1.470295011774128,46.50794310037209,1.161664932947472
3964.0,1.5264231605152996,46.920304737676844,1.02729698140356
3965.0,1.5760661945175622,47.20374441692353,0.9670897406799841
3966.0,1.6272117420084113,47.20376970035999,0.9295500892059684
3967.0,1.6783403562202188,46.68101349149727,0.855615916524108
3968.0,1.7256354682268034,45.510637506804414,0.7610633524713025
3969.0,1.7607391644965418,44.62553578068878,0.67404050740009
3970.0,1.7958089656793217,44.42954373802295,0.5682701622620416
3971.0,1.863970173390784,44.50745867544793,0.4668878342714481
3972.0,1.889755027602632,44.588141384393865,0.4059316423945224
3973.0,1.889475592249082,44.53799339714471,0.41671202780716965
3974.0,1.91783996162378,44.49706912397252,0.4515937709328528
3975.0,1.9891261047649915,44.577224579615056,0.4552676171084484
3976.0,2.020622590344604,44.536751033698046,0.39985078978675354
3977.0,2.008550510075559,44.24134584640724,0.3212244355522224
3978.0,2.0116386005404507,43.77795394705993,0.2834070205392195
3979.0,2.076741713903011,43.28359824043711,0.2879440567255561
3980.0,2.1783386656641603,42.732721345026306,0.29796105441844806
3981.0,2.233886134515283,42.04850732708257,0.2904252491507689
3982.0,2.1973050453279015,41.49186765432107,0.2611674519657025
3983.0,2.074546418364817,40.99835662347673,0.2382196557678001
3984.0,1.9691219849715649,40.4737074820734,0.21492521961607838
3985.0,1.8695316044025865,40.12340006999584,0.18034703802057958
3986.0,1.8070522079396172,40.26429025314199,0.14800792413528036
3987.0,1.8402842268869786,40.71435391886241,0.12359926408159688
3988.0,1.9602750256471693,40.86985752177999,0.11379794500704007
3989.0,2.104225621929807,40.641836641530695,0.13760664012461607
3990.0,2.186636113514737,40.458698237153946,0.21445799783520997
3991.0,2.20471368474251,40.38342927840989,0.3181490858946435
3992.0,2.1904365857527694,40.30168091099304,0.40803786985769636
3993.0,2.175181903063045,40.36227985629224,0.43628062005777635
3994.0,2.2006461543062503,40.44108148293827,0.44331628571640014
3995.0,2.2245072509048054,40.50691282078705,0.4503375083910481
3996.0,2.2455268254672394,40.60142170626177,0.46737587316312357
3997.0,2.3289237679501933,40.78895078947985,0.4683827324111049
3998.0,2.4262932735421967,41.25504191641726,0.4551087173368516
3999.0,2.517645958427905,41.849646450230274,0.47085177554495994
4000.0,2.60904180173818,42.493961409490566,0.5277018960606648
4001.0,2.6592433480721964,43.020409769289486,0.5794651448721663
4002.0,2.707334808759724,43.420801090905506,0.5944197514298883
4003.0,2.7389987517628867,43.42299329553299,0.5898031873836025
4004.0,2.739304007004806,43.13562904398398,0.5918830046848489
4005.0,2.7289096621797944,42.83002894246887,0.6401324548525283
4006.0,2.7246516289475338,42.80799538353452,0.7390954724718244
4007.0,2.6783610375860114,43.13576539103846,0.8647719065430768
4008.0,2.606297337001547,43.7350644522407,0.9979584630332642
4009.0,2.580267412052366,44.4100204904783,1.1453937298178762
4010.0,2.581149036356431,44.914561672825954,1.2885811422113345
4011.0,2.575463344818,44.970650592255986,1.3105307958825887
4012.0,2.4978760329170218,45.12158513188484,1.2704220368999999
4013.0,2.42898764510016,45.61470743180653,1.2459976313541692
4014.0,2.34957657669578,46.023084614117934,1.2330674882519181
4015.0,2.352534188163235,45.90685008104836,1.2009524264600624
4016.0,2.4553274449574025,45.47878327573273,1.1793203504531287
4017.0,2.6452411381332737,45.34589486016833,1.1945904159182397
4018.0,2.86856579671913,45.558390017689796,1.2236210952638462
4019.0,3.1103543756833014,45.736975203029814,1.2310666069740481
4020.0,3.3077080283070934,45.68443111687081,1.261564918883165
4021.0,3.3918375999814083,45.467071809690445,1.3509936869920514
4022.0,3.3357872592456137,45.33413089822875,1.4661750134889793
4023.0,3.2506034973078597,45.376351100600516,1.5551983502438462
4024.0,3.202733409148334,45.40961487726323,1.5710971683862223
4025.0,3.2374340682264098,45.096408860380556,1.52568568978225
4026.0,3.3508150392963865,44.557460777409,1.4788752772488256
4027.0,3.4485848223173647,44.189221018257015,1.4690672387447052
4028.0,3.4954936396286462,44.18459089174484,1.4784922579733288
4029.0,3.5369556826289754,44.35341874361733,1.4922711093785401
4030.0,3.617029999170809,44.27754733281652,1.5230522484472007
4031.0,3.6759903606668187,43.88186480215899,1.575739753371173
4032.0,3.7158381850359037,43.4041876553554,1.6369287656295293
4033.0,3.8320056043928465,43.081540048043685,1.7280144651313296
4034.0,3.971588670197942,42.87442120874981,1.86053610181609
4035.0,4.0517922154190895,42.924348996056516,1.9598991452974401
4036.0,4.090560210477954,43.367788054713294,1.9250060421800572
4037.0,4.168895378441291,44.03150056087696,1.8170864760422496
4038.0,4.286683614771407,44.44321236409455,1.6821762119997694
4039.0,4.36644696642025,44.28093927788054,1.4954620554715394
4040.0,4.293928211768978,43.6036820896429,1.2908441165933042
4041.0,4.141719316250103,42.86639757923712,1.1738661560770813
4042.0,4.092246391779025,42.3539980089057,1.1881726823115555
4043.0,4.15803370196552,42.1624675039353,1.27612787475889
4044.0,4.237743423255559,42.12689439537897,1.3728387794249208
4045.0,4.304990239396761,42.120537686737045,1.463949818651444
4046.0,4.3560903899425085,42.17060226686594,1.5709737075480097
4047.0,4.38891853274567,42.593853363659164,1.6172177870534883
4048.0,4.396587643457225,43.30676898993912,1.5746175027607692
4049.0,4.381177833339271,44.231725361080954,1.471003497281449
4050.0,4.402237408985902,45.29171727752114,1.4192587342961316
4051.0,4.431642333800357,46.31008952390985,1.4317084502160402
4052.0,4.461023141186365,47.12042942839685,1.4674679852862647
4053.0,4.586467307327287,47.705848205780505,1.5634615228787023
4054.0,4.716829607681269,48.150066562819994,1.7555948961290495
4055.0,4.772019409892755,48.280836499545686,1.9956562215683806
4056.0,4.857644475721734,48.12215463429901,2.147968528153603
4057.0,5.024629474686362,47.93216403111034,2.1730005574398077
4058.0,5.219021669897555,48.107230945968766,2.1752315172928918
4059.0,5.400531102602318,48.762654071923286,2.283985827181823
4060.0,5.486066106876677,49.66977646796943,2.475941367364505
4061.0,5.570451992580251,50.55119859821828,2.674941894783002
4062.0,5.6604061122566405,51.39342142207706,2.855894905282063
4063.0,5.736878370237425,52.259935534145356,2.9833644083914224
4064.0,5.801020566378026,52.87025956800619,3.0496082208125626
4065.0,5.852486062157441,53.47654774079857,3.04270291766363
4066.0,5.878176683883622,53.991737574565285,3.0046485190208396
4067.0,5.97987952960781,54.55566252630386,3.0135298323705797
4068.0,6.189361051159024,55.159567883665524,3.0596783552325766
4069.0,6.530220185013205,55.825607070093746,3.1065950166176024
4070.0,6.983485653275105,56.60081598694791,3.167390179674342
4071.0,7.387703606531641,57.57056794848602,3.296866826345417
4072.0,7.736010844046991,58.63640358737391,3.45054810073801
4073.0,7.986767109829872,59.74435509971046,3.53988040521986
4074.0,8.115819891029398,60.57393105079388,3.52552062866352
4075.0,8.194919148300688,61.18873899368652,3.436447418797748
4076.0,8.242185952780561,61.521424531941925,3.4081733064613
4077.0,8.191988372738402,61.506177440342256,3.5050958454256143
4078.0,8.091331122983313,61.39755086728875,3.707793213570348
4079.0,7.972633776960971,61.42855781934031,3.976846562426498
4080.0,7.904543271083843,61.73841496423412,4.24442774836081
4081.0,7.979279678701137,62.281939452097745,4.409680595783603
4082.0,8.1166870973796,62.89095168718803,4.482960390996067
4083.0,8.181448922871168,63.071519177553036,4.504669033510714
4084.0,8.255018849541623,62.84301595846569,4.505363388927856
4085.0,8.365906086481512,62.4029102673586,4.4734380676371375
4086.0,8.537489149601205,62.147868321989115,4.38751002675456
4087.0,8.746259357648853,61.99776373875086,4.355374201598089
4088.0,8.988303982383,61.59131416961928,4.365501053697423
4089.0,9.286212023003968,61.00442699377429,4.37983963242809
4090.0,9.636564438355457,60.6082966062023,4.349970502645724
4091.0,9.917115049802717,60.76034425372299,4.214754308257422
4092.0,10.112518614347822,61.14316477230204,4.00053081760929
4093.0,10.256240802441024,61.23787570313761,3.800557775073725
4094.0,10.405285195405106,60.92984171858843,3.700784706133217
4095.0,10.475502723256898,60.875723002268145,3.6969067653949557
4096.0,10.420984962277402,61.3202845654563,3.712555889304372
4097.0,10.235575773978649,61.91770797356074,3.7377091318707363
4098.0,9.952301119543703,62.66329917975593,3.781705588163424
4099.0,9.665396312976204,63.44342861603518,3.854491250278789
4100.0,9.439716235122894,63.89553882036163,3.931300417660519
4101.0,9.311143510868892,63.829099682108314,3.940269742027013
4102.0,9.167876046399007,63.70802624439941,3.86343401515524
4103.0,9.003603000528196,63.85241925665598,3.715521401630688
4104.0,8.777306813850963,64.0828426308725,3.577426378669445
4105.0,8.566513615741702,64.44609914364254,3.5108712705522485
4106.0,8.442841497499376,65.2250610351234,3.517817329175321
4107.0,8.53560795985864,66.71993559081984,3.576706090889423
4108.0,8.763068399118879,68.45872716860438,3.597539892276876
4109.0,8.94223313342776,69.86616236449555,3.4831419812914177
4110.0,8.956952757500263,70.74445772287845,3.143928079505252
4111.0,8.949942438672794,71.64283196427087,2.70996258737296
4112.0,9.12421780024928,72.45642659589743,2.3866887271439694
4113.0,9.480852068186591,73.24396519538416,2.2316335046667843
4114.0,9.879544994497921,73.80722704614783,2.200640072134703
4115.0,10.11583679075651,74.52943592903144,2.162201057579701
4116.0,10.162532287647835,75.55605808078946,2.116804980616872
4117.0,10.09159417839084,76.83458735702008,2.140252107896002
4118.0,10.016047971077406,78.38290758310886,2.21277792917281
4119.0,9.848173586872802,79.69093853349827,2.2448967769401613
4120.0,9.542744483386226,80.37689635904572,2.1249852077424096
4121.0,9.104967146507319,80.51250048114065,1.864045755666372
4122.0,8.707251446379251,80.41441646130944,1.6364472254147806
4123.0,8.349180488176524,80.14282160094537,1.5399656388003902
4124.0,8.121080989981083,80.25800431961494,1.6238587889995526
4125.0,7.838301276027292,80.85407282377889,1.792846873726182
4126.0,7.46340125630612,81.60787733847744,1.9059463829904286
4127.0,7.007241647280253,82.00576044649024,1.9278233931366395
4128.0,6.55084997815161,81.91413762737183,1.8943650052780492
4129.0,6.208440518279578,81.78720107184455,1.8648605195530816
4130.0,6.000655536714603,81.67729536166965,1.858727067148988
4131.0,5.922158253181279,81.3597103322615,1.8970401601752565
4132.0,5.8511619201846,80.99556540069818,1.939090867704505
4133.0,5.793455623233628,81.01295817821284,1.9481589023590367
4134.0,5.575335945654905,81.41131882870485,1.9465261999669365
4135.0,5.156418101484048,81.85986104597163,1.9742300229231617
4136.0,4.687584613397301,82.25525941666032,2.0583116663957925
4137.0,4.336280726221392,82.74226253775073,2.202706120197722
4138.0,4.094630559824422,83.22106519316867,2.3745035725743047
4139.0,3.90758243017715,83.44378965103724,2.5257276408144396
4140.0,3.7756284774355238,83.22475695089773,2.6334862987479606
4141.0,3.6686639572279507,82.81301922551948,2.67606408070664
4142.0,3.682702661942348,82.34877878078737,2.6472359926010944
4143.0,3.8039887756948914,81.75819114463788,2.5683180098114526
4144.0,3.9995884505863524,80.98177206560183,2.4839658170664483
4145.0,4.106953175062848,80.11403624932868,2.3576307477083085
4146.0,4.023585384775782,79.29109832329618,2.158695180495017
4147.0,3.8114898541719153,78.6897668158166,1.9393195806897028
4148.0,3.60316324,78.27345761649403,1.7424473619218437
4149.0,3.4731980689162776,77.73363444589063,1.6278322127094786
4150.0,3.507051695659513,77.25478340826821,1.6186775178198567
4151.0,3.6609507372604333,77.23237083073329,1.6515835601630402
4152.0,3.8717861482028306,77.88674808184655,1.6257301892015628
4153.0,4.113746180028586,78.69480209744245,1.58704184386668
4154.0,4.285821447932955,79.27675978870006,1.5999612583680625
4155.0,4.317757884837542,79.34357869690159,1.6369544821764481
4156.0,4.102440046302573,79.05292601900311,1.6035672034977158
4157.0,3.7518135767296137,78.58718336595159,1.4309404222974083
4158.0,3.423212805110171,78.15185071219051,1.232272766455952
4159.0,3.258180592857609,77.670175328124,1.1071373191271647
4160.0,3.340300501671209,77.26854534273816,1.048629842611164
4161.0,3.5976828683145734,77.26714822626408,1.0240671501617207
4162.0,3.8881939211061454,77.63321049149928,1.058563435152614
4163.0,4.167890552959088,78.25295798332803,1.1666821346589717
4164.0,4.4521928826844395,78.58051529859453,1.2619724016627023
4165.0,4.702511474885699,78.7921510579325,1.2381758420222502
4166.0,4.9474311272942675,78.9680187619435,1.163870349844933
4167.0,5.266893680918531,79.66908875287797,1.086032206521116
4168.0,5.608185622019856,80.62887260638423,1.0004775369967873
4169.0,5.969974859950239,81.59387533063314,0.91805927934681
4170.0,6.284191234148367,82.23439842241216,0.857316494658377
4171.0,6.514972159846923,82.66168441712615,0.8367838817195663
4172.0,6.682699511023568,82.94671490272589,0.809163558048336
4173.0,6.7715827573022525,83.08923207587682,0.7677352896455025
4174.0,6.89175043595021,83.31016825555218,0.7216633833297529
4175.0,7.225323409934669,83.52907690100746,0.6838150441472098
4176.0,7.779510010835292,84.05489337607355,0.6449804358334275
4177.0,8.17500439687653,84.55909411937155,0.6074282119657761
4178.0,8.338274821722553,84.46911556321976,0.5917913953024442
4179.0,8.379884814081425,83.63409098079981,0.58878536899872
4180.0,8.310566397708092,82.45555543655712,0.5965391200043024
4181.0,8.242265420058468,81.50435246217121,0.5588818071526402
4182.0,8.259519340450204,81.10017161108577,0.4718686208977636
4183.0,8.460400959552386,80.87908857584644,0.3674332794875625
4184.0,8.726705746524031,80.71620200070856,0.30231651483224886
4185.0,8.859297225315265,80.63663742389025,0.2675567489388544
4186.0,8.864261043676992,80.95518817955222,0.22184421223162806
4187.0,9.153806003402547,81.96119940167651,0.17905844448288036
4188.0,9.91702227620416,83.41872119288958,0.15339902041189687
4189.0,11.012138012021305,84.86448218183939,0.15799309302390246
4190.0,12.05358723130452,86.13290673566728,0.16978070294381156
4191.0,12.861918587819922,86.98507117995155,0.20112766398130805
4192.0,13.50371186275609,87.1015448315383,0.24109626052149158
4193.0,13.940773465839634,86.48470503304272,0.2827042200583969
4194.0,14.277274451348493,85.33835834934415,0.3179205525189136
4195.0,14.86058345157985,84.57405400221748,0.33709767215727693
4196.0,15.492724506854422,84.20571352101706,0.3290592700961344
4197.0,15.789799749771614,83.78723320289322,0.31973683510067286
4198.0,15.704373034630443,83.01293514870079,0.3115184958800963
4199.0,15.41872762929332,82.46580528331359,0.28836791526102007
4200.0,15.183079458380288,82.38271991468315,0.27814023319560044
4201.0,15.079998541514865,82.60349520196223,0.28882008442562557
4202.0,14.9449630730517,82.6550705943052,0.3330235308492481
4203.0,14.713087228147497,82.61623015891756,0.41078135618195294
4204.0,14.356804570160254,83.11713315986762,0.5078912881986063
4205.0,13.962045790040408,84.46770056772507,0.56656630738188
4206.0,13.653404700839909,86.50176676018276,0.6179979398994024
4207.0,13.38478088303002,88.27829135023478,0.6574249696572008
4208.0,13.08814291918982,89.81024051110228,0.6803388705779648
4209.0,13.097928963057209,90.89520859559055,0.6831884732006656
4210.0,13.324505750487559,91.46682877549605,0.7005175087061775
4211.0,13.449182512927552,92.04341858789677,0.7018294858269695
4212.0,13.477432486094804,92.39126740053601,0.6861375303229561
4213.0,13.360866379348577,92.66049899576717,0.6409261748358224
4214.0,13.429633603497598,92.54528369530956,0.6181459295774048
4215.0,13.642561066007413,92.78388494169664,0.6531541042202499
4216.0,13.929232343120143,93.80486582250325,0.7546412015387568
4217.0,1.8476549772111721,102.84236474871649,1.1942935828387602
4218.0,1.8875730176772678,104.93179598120531,1.1887427072952483
4219.0,1.9619409362767213,106.49344139639943,1.2182416344032256
4220.0,2.0789486670617596,107.13514828033325,1.2750537054812174
4221.0,2.1937829571920027,107.14974562319819,1.3720600259821154
4222.0,2.2472928048131307,106.5609604252612,1.462104688478544
4223.0,2.213631592209395,105.31464263490174,1.5281078382322277
4224.0,2.0970135938276098,103.7266403691445,1.5413777455495221
4225.0,1.9903776609755026,102.65833811107491,1.4664956175498305
4226.0,1.9315320043507485,102.04794882468711,1.3225236211054732
4227.0,2.15404965175761,62.58481826883602,5.157430598825244
4228.0,2.25558261855848,61.51780431191081,5.0696272667755595
4229.0,2.3153944065968397,60.54432935310025,4.929545630969161
4230.0,2.3526792569491604,59.86183221747698,4.819593630756144
4231.0,2.362512557980891,59.20706598803158,4.717961023292503
4232.0,2.377525119360051,58.756819030902115,4.59959525408889
4233.0,2.3889166709296843,58.508012255752185,4.461539060928515
4234.0,2.402466551116426,58.37990757901769,4.389642208697289
4235.0,2.4296980397262784,58.22779126613915,4.318229959953414
4236.0,2.537458417058433,57.7840955764469,4.21348069049166
4237.0,2.69703531558409,57.40444008902381,4.130682400408481
4238.0,2.854531320853791,57.75608485034744,4.101204494471886
4239.0,2.987238556067221,58.880457679747266,4.045364054385722
4240.0,3.083551733780072,60.08396507744948,3.959560012009062
4241.0,3.2103119451352375,60.68307312654413,3.9165800853548194
4242.0,3.3172474493733137,60.609857068314895,3.921252040289523
4243.0,3.38154658996324,60.248734815434226,3.901412630256372
4244.0,3.4877328803863445,60.298219065867976,3.8266580719060848
4245.0,3.6018603573919674,60.63165690280756,3.6999383078904167
4246.0,3.554739042450434,61.05245685080325,3.5222388326753795
4247.0,3.3052190820838248,61.24821482858376,3.3587955211828895
4248.0,3.060257820547749,61.6155570275762,3.193357884869672
4249.0,2.897570971960091,62.0334743416649,3.05054588819344
4250.0,2.7662806434746035,62.470162564030794,2.9209266568252965
4251.0,2.574770203341904,62.48766835126336,2.79037914807184
4252.0,2.346243388357945,62.27128143614299,2.6544931331379407
4253.0,2.1504075890867753,62.10093663201755,2.492723778007164
4254.0,2.0520124157340893,62.14819154147849,2.288553825274956
4255.0,2.0076620596928056,62.347753890407176,2.1527005183747283
4256.0,2.0340207684810006,62.439072382900825,2.1133475145292047
4257.0,2.131482325624089,62.68637348019692,2.09247756656882
4258.0,2.250255397247118,62.96001285504777,2.083218144961493
4259.0,2.3606526672952337,63.245654717004875,2.079042965512142
4260.0,2.507954005507452,63.353489337969876,2.09491757763666
4261.0,2.6578462014276485,63.6616049758244,2.1133880739501154
4262.0,2.755563513320781,64.02110509965547,2.0835544268991075
4263.0,2.7193440031600904,64.24188299359777,1.9965870299207047
4264.0,2.5896437865384807,64.16868091928876,1.9324731774176933
4265.0,2.4554864614606555,63.76080694812786,1.8946836733905081
4266.0,2.3715927928054756,63.23428730080109,1.8614002235992166
4267.0,2.367157796104704,62.77829876900358,1.8601126539086807
4268.0,2.420371348623234,62.64724985310247,1.9009779794417767
4269.0,2.4114119142456216,62.60312848286466,1.9641496941015626
4270.0,2.2749354661947665,62.7594616433603,1.997621060535173
4271.0,2.085536093830561,63.00434789327396,1.9836371501455714
4272.0,1.9703002210268683,63.154100129589146,1.9592971510210815
4273.0,1.9608256389306253,62.775140907929185,1.9821164363549648
4274.0,1.9715361530782796,61.97795735147265,2.0548177205093316
4275.0,1.9446194844749003,61.16561135226742,2.1328579755455626
4276.0,1.8757037148806892,60.72883483792039,2.159214474010496
4277.0,1.7915847128408475,60.78334136130848,2.1429829789497483
4278.0,1.675599249160361,61.270353489705414,2.1638118448782078
4279.0,1.535918102585857,61.637598358713035,2.271170043852825
4280.0,1.4043158435691896,61.528778873036934,2.4717231310819607
4281.0,1.3348337380350026,61.18124152665657,2.6554629581663574
4282.0,1.3124644767116973,60.77069288140264,2.7525986744861473
4283.0,1.2849419503878408,60.92537206801141,2.7350782878479842
4284.0,1.2678487734661683,61.7681161305179,2.6458878746717316
4285.0,1.3052379750928156,62.735951091548706,2.5650031460937983
4286.0,1.3930736490588675,63.34245255237596,2.5009978927630097
4287.0,1.433684092695631,63.8308714041409,2.4672301164156103
4288.0,1.3995412181070845,64.27691890087654,2.43740473473662
4289.0,1.3808160381080652,64.92518188839662,2.4242911326030603
4290.0,1.4218360991711372,65.8358533914776,2.407334989138032
4291.0,1.4969653414786224,67.19252841371984,2.3877178591701242
4292.0,1.5814826318682178,68.6693382201765,2.3166774502386023
4293.0,1.6392087269738567,70.04122788418282,2.225475176383075
4294.0,1.601272211771822,71.33679879474334,2.160196838611856
4295.0,1.4890656332034735,72.78814651724932,2.1843112252164025
4296.0,1.3665172329904398,74.12532356826584,2.311700056433208
4297.0,1.2863832132757236,75.31309101173092,2.4585826676937126
4298.0,1.234850114891611,76.7454936637863,2.575567499014801
4299.0,1.1646931233060607,78.80067574103178,2.6391637747031087
4300.0,1.1277667514427772,81.25180713650524,2.649747783225068
4301.0,1.0758129025402812,83.71207902329608,2.592248959339987
4302.0,0.988357644812768,85.93407173199422,2.57816654700234
4303.0,0.9038806306133768,87.78118102943573,2.6617902922003602
4304.0,0.8236194132110409,89.32152518618318,2.778913238232853
4305.0,0.7690111707931531,90.76648441985206,2.790308455380289
4306.0,0.7360057933008407,91.87706376341079,2.7154482152841237
4307.0,0.7321542067320095,92.71304147632455,2.6618006685466558
4308.0,0.7380404905574086,93.58181846735957,2.6316500614773775
4309.0,0.7262553220978221,94.41121875337744,2.5211237970981837
4310.0,0.7172940158876944,94.8750563113052,2.3572428148922495
4311.0,0.7214752975848813,95.1002001620689,2.252186600989116
4312.0,0.7681478273385844,95.47403367964228,2.235767329128062
4313.0,0.8606082537012675,95.80130250708342,2.184484325160012
4314.0,0.9676652178240583,96.12319335248044,2.0883280274935223
4315.0,1.0569795757678138,96.23531735979118,1.9544738726645006
4316.0,1.1544099890301731,96.10949397881231,1.788322906813248
4317.0,1.2566887326332636,96.43512330162662,1.6007059638342078
4318.0,1.3380797702458413,97.31418828386113,1.4079694621936323
4319.0,1.396859031804169,98.42406196362045,1.274248431770777
4320.0,1.458294765153537,99.26567943911436,1.2210559180957201
4321.0,1.5178424800562498,99.46145124597116,1.2344598344637503
4322.0,1.5957415945347555,98.80847563014757,1.263568143865121
4323.0,1.7166229394321761,97.83818186626864,1.2873873473126647
4324.0,1.8710717839339883,97.38276542428598,1.3033479402990227
4325.0,1.9849871780122335,97.7800384565707,1.2883923044316898
4326.0,2.006607159727665,98.41296179258234,1.213898873697224
4327.0,1.9689841878327008,98.29252338938878,1.068330882496865
4328.0,1.9285138531967378,97.28019578681166,0.9011284365006225
4329.0,1.9492342919630357,96.21439640261116,0.7680693002830968
4330.0,2.0219873904739614,95.63986577117512,0.687789127990081
4331.0,2.0868249265823966,95.00920480685826,0.6304016202687224
4332.0,2.153570191272562,94.23809943800835,0.544762957334748
4333.0,2.2527788574759993,93.73903657242084,0.44232643161558755
4334.0,2.3411351057028504,93.63475675622915,0.3749560627126335
4335.0,2.3850083668086746,93.29430091550621,0.35943533359614754
4336.0,2.355982721828367,92.39703740456856,0.3705455534237208
4337.0,2.289865971102696,91.20579993684946,0.38666812148307356
4338.0,2.2136296282771233,89.98157181209241,0.3826719604435225
4339.0,2.1331386503603857,89.28540822488507,0.3933824491563264
4340.0,2.1190286305532564,89.27771909437654,0.4047502491400225
4341.0,2.18073828586329,89.52044983794056,0.41135824762306555
4342.0,2.199700611077113,89.86237896137979,0.4041368288067048
4343.0,2.1911385822502507,90.22636953701355,0.38648832261942245
4344.0,2.2224677045442625,90.6897480630346,0.3510120153435289
4345.0,2.2976526412849796,91.06750783171789,0.3021003041177104
4346.0,2.351922702916161,91.38217233324526,0.25181129897248083
4347.0,2.363716218819241,91.80505448348097,0.23098050279057608
4348.0,2.3162508050290933,92.33265960877273,0.25268426686441
4349.0,2.2382698783995223,92.5147333359182,0.2806071241803769
4350.0,2.146899890647302,92.2408483795106,0.2932160119531776
4351.0,1.9936501031055636,92.11109756094105,0.27333213639429754
4352.0,1.828307134544847,92.48362120244022,0.2418374870150625
4353.0,1.7373797014089996,93.53942023635777,0.24058005751795206
4354.0,1.745009058366169,94.84704094797469,0.27473524572272484
4355.0,1.7430698851738389,96.4639078828651,0.31466434155024997
4356.0,1.66073524118133,97.99894319985523,0.3381750706563684
4357.0,1.5468772974684495,98.87549975207298,0.3624797716801849
4358.0,1.4515253294940222,99.08257886154054,0.40591142021476845
4359.0,1.3830997414878126,98.82889852160532,0.4987477477305624
4360.0,1.3323375476663337,98.45697548218537,0.6170341608516483
4361.0,1.3152960023186024,98.13435233268328,0.7068525081379441
4362.0,1.3250007981125038,98.19601611773406,0.7691040057030625
4363.0,1.302229142371503,98.23550980104643,0.8301800357294656
4364.0,1.2778198047838873,97.83720282601175,0.8833744895904017
4365.0,1.2513185794971902,97.32637010902035,0.8942594451045264
4366.0,1.189468452819002,97.08869757465128,0.8717418163423225
4367.0,1.1035707978756495,97.35171501782544,0.8479341689722281
4368.0,1.040416014061622,97.2998832779049,0.8306383305767044
4369.0,1.0352633322947888,96.5995871973792,0.848981479751648
4370.0,1.0896985238167873,95.64664919241201,0.9034394903720356
4371.0,1.1576170802538224,94.91084624182324,0.9596379660198769
4372.0,1.2468796637302764,94.46115225844804,0.985033879177013
4373.0,1.334714485466434,94.09584511677564,0.9874172722552383
4374.0,1.4271529504739058,93.52887038973883,0.9693008764580241
4375.0,1.5259255477232878,93.06537072867867,0.8952583901429025
4376.0,1.655392671274009,92.77434714552477,0.7958985062364736
4377.0,1.79834027268841,92.34506330764387,0.6788143737796863
4378.0,1.925708153799278,91.86072738544802,0.5988790796249283
4379.0,2.0614889326057333,91.1302691300793,0.5738843054543102
4380.0,2.222815132829505,90.65239139148638,0.5753149229133289
4381.0,2.362791140536783,90.56002392976534,0.567328633293084
4382.0,2.4062879559156736,91.23210549219003,0.5096888627895009
4383.0,2.3898885578910756,92.92548395837798,0.4110247760553795
4384.0,2.383433516241053,94.88898576469897,0.32490877805929
4385.0,2.3738642169662016,95.97049040156368,0.30469527846240996
4386.0,2.2735969662216187,95.6278189016511,0.3511585822063224
4387.0,2.1193810382445495,94.59260658471631,0.4442384327673796
4388.0,2.004953596187545,93.87591429559302,0.5327205519093263
4389.0,1.9179180131832891,94.0810129706098,0.6107993789859025
4390.0,1.847760948568164,94.91412667041264,0.6429552596929081
4391.0,1.7698596719261324,96.00118925774655,0.6233261664216064
4392.0,1.6870914105414885,96.91726179988538,0.5923700196874084
4393.0,1.6142866553085555,97.17605424325137,0.5909235968118025
4394.0,1.537981422851364,96.56118709864707,0.6409594313043363
4395.0,1.4434954386258034,95.91451516808321,0.7099602167984768
4396.0,1.344479232672577,95.18635029772162,0.7668234836497763
4397.0,1.2564039421009476,94.59635341715256,0.7968230762912808
4398.0,1.177398063860063,94.92056532907718,0.8092094709757042
4399.0,1.1214494208423085,96.08076330848664,0.8194634587656839
4400.0,1.090006408497038,97.16445886897155,0.8352281066364223
4401.0,1.099458738238609,97.26160300859247,0.8767459104053522
4402.0,1.1570682938617884,97.11895270165438,0.97274628556658
4403.0,1.1586299203546928,97.16712506363702,1.0369957852340097
4404.0,1.0843913073760327,97.10992208304066,1.0427354159249886
4405.0,0.9479305105528736,96.6677546208898,1.0149150437112062
4406.0,0.8317853141130224,96.40422494310673,1.0094539593355394
4407.0,0.788997033850502,96.48180799743594,1.048393551617028
4408.0,0.8162632810344095,96.2560800829349,1.125801573781721
4409.0,0.8589620398842026,95.80846144796489,1.2133580746621155
4410.0,0.8891111387436096,95.61221605355904,1.2577820557679689
4411.0,0.9176497524757373,95.71649852066483,1.226728383688844
4412.0,0.9527039774181143,95.57161972513232,1.184107049912249
4413.0,0.9985789651939938,95.45532317077848,1.2040426008765623
4414.0,1.0238111802438021,95.60943575462024,1.2884540985848463
4415.0,1.0546764593343367,96.27731818452038,1.3622454718033985
4416.0,1.0779171931029676,96.72457625593333,1.38981134028676
4417.0,1.0663756261666235,96.90415290168647,1.4002201658148201
4418.0,1.0550915621522508,97.13615045155669,1.398024758218141
4419.0,1.1019514222567885,97.40712203637162,1.3905391721265625
4420.0,1.1887035224237756,97.47082213727194,1.3826913520882607
4421.0,1.2367315792732356,97.30509611432367,1.3516266922389357
4422.0,1.2288862951260742,97.65087898425757,1.266565494657126
4423.0,1.1797639437729726,98.69050583784882,1.1684265707063524
4424.0,1.1237907656964001,99.80398874528086,1.0852840453319086
4425.0,1.0451520451051688,100.20132462714177,1.045201710330145
4426.0,0.9753068890671127,100.31773038133618,1.0367210987528002
4427.0,0.922889903833129,101.0765979640479,1.039535892696269
4428.0,0.8745350921929561,101.79599437787999,1.0712927314705984
4429.0,0.797289375308785,101.94501261165765,1.1243456640717888
4430.0,0.7118098631880633,101.93732324920222,1.1744967008891603
4431.0,0.6866745284393929,102.64729711312008,1.2283831086342916
4432.0,0.6925658277891605,104.12272660632158,1.2664700835227807
4433.0,0.6663750444712804,105.92602108087277,1.3005467143495224
4434.0,0.5797705737872897,107.12185871495976,1.2860267172121924
4435.0,0.48979161815929934,107.50657092575999,1.2154682360972175
4436.0,0.4456619215147224,107.1408554762369,1.17483639186169
4437.0,0.47751838383170214,106.7483698273315,1.1727800527300898
4438.0,0.5762886962969764,106.73455320419538,1.1574192689230083
4439.0,0.703674909252089,107.22382312410394,1.059390824898437
4440.0,0.8227364371232404,107.5260630008376,0.9022172641473925
4441.0,0.8891677341167488,107.39453614608493,0.7351623342425663
4442.0,0.9353304174600332,107.24752678561777,0.6078262893136225
4443.0,0.9998658045024102,107.49756085541934,0.5103244111756036
4444.0,1.1120603272141436,108.18758276630255,0.4465438957123599
4445.0,1.2926383165228004,108.90916051896885,0.40233334387815034
4446.0,1.5659267517630024,109.53674280270971,0.37024767917763607
4447.0,1.8350673296127646,109.91101374207045,0.34355742680679835
4448.0,1.984625249198599,110.3541499352347,0.3271724342622121
4449.0,2.050232624435957,111.16069938767853,0.3244485117585924
4450.0,2.1601236451435275,112.03680702740014,0.303470217707316
4451.0,2.37775943568219,112.40291416881891,0.25152224018720487
4452.0,2.666491182048726,112.47379562981968,0.2034513617769889
4453.0,2.9841368118450866,112.54474165542341,0.17940670776320405
4454.0,3.316396359459905,112.6089296852561,0.17109566704189438
4455.0,3.720579751814595,112.53130442709838,0.18613517555449954
4456.0,4.168468737483153,111.95723870297196,0.21086025925475285
4457.0,4.600423046889701,111.29758333229834,0.2197394345635129
4458.0,4.90053950269109,110.43821884332262,0.20047657006520997
4459.0,5.056174257285945,109.83025537604765,0.1702790073825129
4460.0,5.0606486442911045,109.06400181212203,0.1230385195461409
4461.0,5.0902387682580645,108.14567593028012,0.08538988675163038
4462.0,5.250960929996101,107.33830340523362,0.07254112137046809
4463.0,5.438232255283132,106.98096602581215,0.08072826577983998
4464.0,5.563712271230154,107.2391018997786,0.09458798666255999
4465.0,5.63777013632121,108.00444389059781,0.11472628636703609
4466.0,5.725924083549703,109.12426253720996,0.15688885662032037
4467.0,5.829357829767818,110.36371511717326,0.2268622996644096
4468.0,6.021258504767079,111.79951107295888,0.30842319680830443
4469.0,6.3563648288095695,113.02384461667468,0.3686625249667396
4470.0,6.703324941865558,114.36283266173038,0.4075772235150625
4471.0,6.976275940298247,115.5160087768388,0.4266342494390025
4472.0,7.197173960784205,116.48986419179182,0.410063222092004
4473.0,7.432901932431315,117.19522816343678,0.3548914210599696
4474.0,7.502740026769003,118.31104422991105,0.3083374331859599
4475.0,7.3243900788298815,119.91067694240519,0.2811573951372729
4476.0,7.0475717279116905,121.29311147428474,0.2627054728059204
4477.0,6.8575290410420955,122.4209577605362,0.24203905624262245
4478.0,6.7961098856702025,123.77755840763919,0.2257636547955649
4479.0,6.878830256615858,125.5055072700684,0.24406065122250245
4480.0,7.03994272978412,126.92648957985654,0.30207410900903614
4481.0,7.126866512831488,127.7919538010767,0.37741875921298884
4482.0,7.071673586865423,127.83513185962964,0.42457537939836
4483.0,6.9304587650946035,127.2862901357883,0.4626593475550489
4484.0,6.883136650587031,126.52890725437751,0.49793709586569646
4485.0,6.874454680422697,126.08995613224613,0.4960356164601616
4486.0,6.954980121349938,126.06411890290528,0.4594106845985281
4487.0,7.037130895687992,126.05913649123603,0.4356246315481956
4488.0,7.16376723290139,125.93943597553081,0.4552432459984655
4489.0,7.356086121775514,125.38186216186612,0.4738480115351161
4490.0,7.628816128810947,124.4433036788645,0.4741799585247075
4491.0,7.826855258325028,122.72129746326026,0.4664464637296996
4492.0,7.90459354081881,120.5727045019361,0.46450958464035996
4493.0,7.874125598490818,118.65067953277317,0.47393145895824
4494.0,7.686409303265005,117.76065190759918,0.51739076368144
4495.0,7.468630798780979,117.4645819849938,0.5951874851076023
4496.0,7.211443249110303,117.08856996630783,0.6796074625902863
4497.0,7.060280211028689,116.2070102465551,0.7249382556609636
4498.0,6.958509815251561,115.21839941679595,0.6797766200353488
4499.0,6.831205475033102,114.47094173918617,0.5859184176814864
4500.0,6.701033700087539,113.97547773508386,0.5162808629119968
4501.0,6.606606076157611,113.36431692855082,0.4974569909258161
4502.0,6.654050652934514,112.79685335574767,0.5134476858909696
4503.0,6.825085137935232,112.79042544367434,0.5584529407224681
4504.0,7.007503079240453,113.26048002429432,0.6060140150997604
4505.0,6.979513924616382,113.92970095604875,0.64726370981954
4506.0,6.8578784309013185,114.51169634779048,0.662866454672532
4507.0,6.6977704493861125,114.90987282698914,0.6822962867107983
4508.0,6.562629463227963,115.11353187701457,0.7168587418935121
4509.0,6.419473787590803,115.28800478077054,0.7035565855758399
4510.0,6.274399216502511,115.34133458388308,0.6239872878893955
4511.0,6.286569587460566,114.89971322692143,0.5499611713840689
4512.0,6.537397188765566,114.24247429955149,0.5430596641826724
4513.0,6.888557232649333,113.75001506267836,0.5706695292899584
4514.0,7.02545288734927,113.54864575157012,0.6164024855780414
4515.0,6.929228037596435,113.39728007209278,0.6487764114968962
4516.0,6.678702781365079,113.34210611185155,0.6662661521016383
4517.0,6.452432994486161,113.15051974680735,0.6702440158138624
4518.0,6.291346506087152,112.77714049722042,0.6928150624373168
4519.0,6.2829964861401715,112.14696390767723,0.7221002833002256
4520.0,6.356099552678973,111.46709860880404,0.709607821419773
4521.0,6.506844140307724,111.01512838983344,0.66570129538704
4522.0,6.738445321554432,110.70112179417518,0.6247649778389776
4523.0,7.001785884563666,110.59764364890646,0.6194675205775081
4524.0,7.187674350341148,110.8074793076532,0.6440089945529242
4525.0,7.22416261853446,111.68784676665842,0.6885153984941582
4526.0,7.149911003658064,112.7620576885988,0.745304311495808
4527.0,7.019832021451835,113.75386934500685,0.825916367616348
4528.0,6.996683355987802,114.79756206710827,0.8934390335785216
4529.0,6.966125876242966,115.6824260624638,0.9359586124462115
4530.0,6.892697645835456,116.14570551020888,0.9430708302843556
4531.0,6.838819820834513,116.47845017658308,0.9116309331761956
4532.0,6.844807858595056,116.82384496989381,0.8662461403799026
4533.0,6.851555490616712,117.0510684761819,0.8349866330025608
4534.0,6.711554727688922,117.28289809078441,0.8277459568497025
4535.0,6.457155057661159,117.52269139904845,0.8097397409091599
4536.0,6.147318390900678,117.77391638491915,0.7879135395076035
4537.0,6.027568352845635,117.88336819421555,0.8135397067102096
4538.0,6.127617586514302,118.02368180621541,0.9111643088575329
4539.0,6.347402209070317,118.56629014423832,1.0380372278028545
4540.0,6.510993098459155,119.35497758537795,1.1363774480212037
4541.0,6.5993768373305555,119.97608280276991,1.1805692585232017
4542.0,6.7125645557958284,120.22205689968256,1.1700648085777157
4543.0,6.8172225134356985,120.11007671317098,1.124454925362176
4544.0,6.854313302127926,119.78608246819051,1.090765950014708
4545.0,6.79213238933712,119.79495636248453,1.1267785772129928
4546.0,6.706105174925118,120.27170351092391,1.237319608144716
4547.0,6.571805829567291,121.2028897788986,1.4363508348101024
4548.0,6.489154544447612,122.39962298542642,1.6892862713722112
4549.0,6.501348521981123,123.23197165344672,1.9412854473200403
4550.0,6.635854980395007,123.46203015436659,2.0792485839216006
4551.0,6.748374838245367,122.9792818336699,2.1057517503271397
4552.0,6.679249117495949,122.66657620443137,2.1126549243663506
4553.0,6.557741146779516,123.20105067651377,2.174252935392433
4554.0,6.520785320742465,124.19675446030726,2.232882192145249
4555.0,6.520834809271803,125.0636148900492,2.331735474484495
4556.0,6.533523648710189,125.51921867922526,2.4870663901374734
4557.0,6.583107802800834,125.66428294726661,2.622278099477401
4558.0,6.672534197337515,125.89820018752441,2.7683301025170026
4559.0,6.73728777722539,126.17160985947085,2.9803606276584094
4560.0,6.674523300057616,126.04853066859037,3.2406627218854465
4561.0,6.42652159842225,125.69888546753505,3.468973486575803
4562.0,6.042568284364959,125.65489720689386,3.6415138191145084
4563.0,5.68602161651628,126.36382518001561,3.690674505590609
4564.0,5.577354022519374,127.2494614083941,3.6562267194540126
4565.0,5.740342464325392,127.9116054454817,3.492323476547365
4566.0,5.936983644570316,128.5755423633811,3.191728101526272
4567.0,5.929033805341349,129.24839425276312,2.831818431512593
4568.0,5.9307494079689995,130.1721805700876,2.56025754247703
4569.0,6.148769607263413,131.10817422339497,2.502176373200148
4570.0,6.467286555981163,131.9473608572364,2.626993839392137
4571.0,6.798168112355498,132.3926957408822,2.7915282637283583
4572.0,7.224357913966564,132.41613836486295,2.872892418629592
4573.0,7.7204148456759025,132.11035167460852,2.9204536732435797
4574.0,7.882939907315318,131.37714805132669,2.9331025444780896
4575.0,7.580503897646822,131.09912204275923,2.8927211502400225
4576.0,7.157091670647257,131.49190185862665,2.78836722864663
4577.0,6.815574666170114,131.6429540298078,2.675858783211457
4578.0,6.583196013814084,131.25491720958678,2.6651345452750403
4579.0,6.488817173573865,131.13447813576545,2.8632186880251362
4580.0,6.497999518982761,131.6064249266449,3.09344990298436
4581.0,6.499305497439604,132.1785429050026,3.1368120000504676
4582.0,6.466353378796502,132.77613987686664,3.00281941001754
4583.0,6.504984753324867,133.0535295148516,2.85711611836036
4584.0,6.645292886903834,133.18734517976958,2.7570568425015622
4585.0,6.670109070108484,133.7447884714911,2.6125548339660023
4586.0,6.442355123456661,134.71988386521028,2.455517613503357
4587.0,6.137862407192739,135.78716147173702,2.3850416939383203
4588.0,5.913038539542961,137.11390265319062,2.406086921816089
4589.0,5.736602449032305,138.87239046163378,2.4300684437485827
4590.0,5.512405492126561,141.0452865096014,2.4575602270905623
4591.0,5.266247528592972,142.74927416355348,2.5183830070339597
4592.0,5.084731358139313,144.14197385681538,2.5554891888050624
4593.0,5.026014366305856,145.19070594050262,2.3969425306108127
4594.0,5.168775058975761,145.926786560256,2.06936277801344
4595.0,5.51904994000559,146.870480699394,1.7491724657488656
4596.0,5.886533492377843,148.42559474845885,1.5866901583932103
4597.0,6.05077209071816,150.76331955404083,1.5571132757079025
4598.0,5.935216369277004,153.27421427830916,1.6049090745220034
4599.0,5.573004536915018,155.26931488730776,1.71942413497906
4600.0,5.143951099505121,156.89846141101458,1.8790251424141444
4601.0,4.818154593671432,158.13202057657915,1.9811006990993238
4602.0,4.581356166729679,158.29085421786468,1.982766252799729
4603.0,4.392706183751425,157.2813633426094,1.9621346569031093
4604.0,4.24829772859481,155.8721322311413,2.012324190922657
4605.0,4.106851766530872,155.53117514185607,2.1750955072202496
4606.0,3.8996005557727984,156.55949235523457,2.4613104979523444
4607.0,3.645239991961346,158.33519356470228,2.850763480904568
4608.0,3.4170134356239035,159.96807420852195,3.3042372754423317
4609.0,3.331506168273961,161.00799617566835,3.7856533069542913
4610.0,3.390062660022797,162.03753805467954,4.166954681344
4611.0,3.5231915794578876,163.90236036473198,4.310640448223076
4612.0,3.6421330425375285,166.3186960073524,4.239516744315342
4613.0,3.6726538495906267,168.99018878240062,4.118946316011187
4614.0,3.669795035420229,171.7854380949914,4.06452090671649
4615.0,3.6017213597024265,174.4168002187743,4.14489573206289
4616.0,3.442362362316994,176.46037432709258,4.366391717452038
4617.0,3.1636525972627236,177.32192175619463,4.672246568674761
4618.0,2.848425700720321,177.44756743403923,4.89513350552642
4619.0,2.6101958982854043,177.96955524758135,5.000058685777209
4620.0,2.5340318859399193,179.1313077053107,5.035319321690959
4621.0,2.5291506539377306,180.6135217355791,5.1308817351163
4622.0,2.5073561807932214,182.3180684945335,5.29940887998025
4623.0,2.4411164773488543,184.3568635675162,5.481420611218692
4624.0,2.40226722663851,186.2745143309663,5.562633618927431
4625.0,2.3296892521174426,187.44216255901844,5.520238544563066
4626.0,2.150188158576959,187.69653660091083,5.399295228063489
4627.0,1.8909530892324893,188.00449320087637,5.274741181279421
4628.0,1.6022080207662737,188.5517265946001,5.170285360423821
4629.0,1.3540967059966929,188.8655943702467,5.04848559738526
4630.0,1.1543595126383372,189.2937747347111,4.855599152668607
4631.0,1.039519171711698,190.09226667673093,4.622189717207066
4632.0,1.0015263219706367,191.68038461298434,4.384465998005722
4633.0,1.0032033011841375,193.8610508519204,4.122429097220028
4634.0,1.0006497855210261,195.81422456193772,3.867731299028523
4635.0,1.0430495843780399,196.51671021961843,3.7107136352544123
4636.0,1.123607674413104,196.3219994210025,3.6519078141119024
4637.0,1.2044235218705361,196.18023149385837,3.69624810445641
4638.0,1.2651959613664898,197.01620570266488,3.853591018497902
4639.0,1.348395263769893,198.69080885581167,4.119641942631811
4640.0,1.473019385136011,200.89259470767593,4.406360779099555
4641.0,1.5815735554954387,203.19043213340063,4.639564876590606
4642.0,1.601217596975754,205.38170210663444,4.724396329126522
4643.0,1.5271690644857134,206.95169277893388,4.658392187561575
4644.0,1.3970560594659878,207.78427520353804,4.523825226959388
4645.0,1.2660213010182542,208.53469217496732,4.401051823718562
4646.0,1.1543864590294886,209.85727966941357,4.320647219229555
4647.0,1.1048869745868821,211.20226130720025,4.296878300157865
4648.0,1.1588085229824965,211.7087393769716,4.40002053007831
4649.0,1.3314800636109738,212.13363790278729,4.636593397887002
4650.0,1.511117541920544,213.6738263144305,4.897032231449687
4651.0,1.5643467953822494,216.8920887295144,5.109289941763821
4652.0,1.533494574458511,219.66170752762662,5.1782189159228
4653.0,1.4989114939261694,221.26875679358173,5.096124477720867
4654.0,1.4204420156560813,222.4736171852613,4.944227478660372
4655.0,1.3088293063030085,223.66628152958572,4.790938595780839
4656.0,1.1897514438729986,224.74172136241026,4.7070248727104085
4657.0,1.0923252491353224,225.65196420289763,4.6691596675123455
4658.0,0.9897681275642288,226.53519038143943,4.70806228706058
4659.0,0.886503371495886,227.47100459337847,4.759386413763241
4660.0,0.8076211411649539,228.49708204046564,4.859005412778433
4661.0,0.7699371396507843,230.23870172173838,5.054586514925377
4662.0,0.7306331889143064,232.60993418846044,5.260489675116548
4663.0,0.6941698493724733,234.77109132610858,5.402552205302029
4664.0,0.6856548620709849,236.24030692648333,5.372210375960527
4665.0,0.692669957242562,237.33682587194443,5.25652152851867
4666.0,0.7183046091639608,238.62049164688378,5.091297140806283
4667.0,0.6987499082752647,240.15456264980992,4.828003011511758
4668.0,0.6516819628766043,241.67037633040619,4.534661731329231
4669.0,0.5793727813804685,243.17924548811442,4.264808217240264
4670.0,0.49070172105110216,244.0489286116424,4.016355324447316
4671.0,0.41258256181081043,243.9985622347081,3.804197001294606
4672.0,0.35493998643855984,243.30610779194532,3.703342609554126
4673.0,0.2960051246760607,242.47420491168054,3.777016093213902
4674.0,0.22295276250798796,241.9017944535455,3.919162241312508
4675.0,0.1492580238173474,241.60743568292398,4.0797131481068
4676.0,0.09160908047280669,240.92839862691852,4.211702316125698
4677.0,0.0554329306551601,240.14116481859568,4.190088678203772
4678.0,0.0472422396678402,239.31276934645862,4.022502318440937
4679.0,0.05104288280995856,237.85438780091687,3.958123579661222
4680.0,0.06277236608833944,236.40045034209308,3.98033263494441
4681.0,0.07778538849610239,235.13534504666464,3.985542088115062
4682.0,0.09614280956652169,234.46987703948562,3.956871843342787
4683.0,0.11681010961200396,234.0614073151594,3.9271453533829694
4684.0,0.13713836887112035,233.45166015445997,3.91659338448225
4685.0,0.14711051044801465,232.83546537988266,3.974855280749288
4686.0,0.15515494902223692,232.94747463616565,4.071759867458449
4687.0,0.18070610760306807,233.2024654895402,4.03157599044711
4688.0,0.21643437506100616,232.185276591129,3.781619634644916
4689.0,0.26246617764912117,230.57600421797312,3.414603469061285
4690.0,0.3287615281552897,229.63376356679345,3.172362663834818
4691.0,0.40209814268416855,229.3186026693994,3.1241409491740812
4692.0,0.44577253289076013,229.55422610527185,3.202500906167693
4693.0,0.4403664862813223,229.9713088682484,3.292768006538016
4694.0,0.40479528061785813,230.29625126608082,3.3358741240500027
4695.0,0.35186159890339347,229.9147233633439,3.2809850186661023
4696.0,0.3164505990539367,228.0699488259471,3.1641536317262395
4697.0,0.31258743148113594,225.50873143944946,3.0510379548906434
4698.0,0.3440440581462366,222.93288328139388,3.015849232794403
4699.0,0.36983198515989735,220.7296981278586,3.120768928934832
4700.0,0.3846239642127485,218.8831051853721,3.245981097758422
4701.0,0.39141875281870253,217.68229297538645,3.2438911475883025
4702.0,0.40000391866147733,216.93080900432656,3.110452680621002
4703.0,0.40130476559044015,217.04905989826995,3.0138668248206404
4704.0,0.3891432578297103,218.07514583352977,3.0097347436628636
4705.0,0.37531861681420087,219.6765056448547,3.0802630527995527
4706.0,0.3585095139440901,220.99698971105624,3.1903963742875248
4707.0,0.3440825136151211,221.5702388675074,3.315147859647562
4708.0,0.33270763037025936,221.67467318222168,3.443352008479495
4709.0,0.34063927985047276,221.8140459761129,3.5425727174610753
4710.0,0.356203637710881,222.3814041982623,3.6325150366896404
4711.0,0.3544823813326935,223.00038010740755,3.6275960477925078
4712.0,0.335015505851458,223.57263924088633,3.4918715463981
4713.0,0.3258232683826766,224.01930775442318,3.3072780627348286
4714.0,0.3277720282898889,224.3288372583655,3.2585396258205024
4715.0,0.32438397885500875,223.7600089436892,3.372496337335493
4716.0,0.3113067853086135,222.4530908795072,3.553504475595257
4717.0,0.3028089258317935,220.79949458046582,3.6619553590219045
4718.0,0.2790924478298405,219.18265525938787,3.6617250006333646
4719.0,0.23194741189245643,217.24341911324288,3.6351777839062085
4720.0,0.20531162638782788,214.6444210617135,3.6074393682355606
4721.0,0.19815843347001047,212.3978500042754,3.592800227942356
4722.0,0.16892151786039705,211.21217337406586,3.599979750948788
4723.0,0.10955374460012186,211.434251891132,3.6245985210158658
4724.0,0.05980503997947635,212.15081045047322,3.5726204115530282
4725.0,0.030932634708097744,212.66414886913938,3.4964082446896194
4726.0,0.017625913269264472,213.0127517341027,3.3895920256751806
4727.0,0.013115595404755568,212.73467931378636,3.281696844953885
4728.0,0.013583485254204187,211.3972492635423,3.2496438615794596
4729.0,0.015620817779893006,209.84806146204093,3.41202031050363
4730.0,0.019920397979329728,209.08969041676,3.6784354233795526
4731.0,0.030047608438851514,208.6283043153089,3.8153045554178115
4732.0,0.04052569194280352,207.92753150616238,3.7999826937606254
4733.0,0.05257064823241013,207.55791414612136,3.767153249868425
4734.0,0.05565094255643043,208.12505521747678,3.794210353895424
4735.0,0.05148321065677466,209.4298325847679,3.72465485543352
4736.0,0.05433387574983832,210.69603184637748,3.576224867706446
4737.0,0.07286291211831636,211.87909553325062,3.449337854609276
4738.0,0.10852938266648027,213.12337776511797,3.476785965672505
4739.0,0.1385000436772835,214.45451935662302,3.673570835665946
4740.0,0.15529433323896016,216.5150608741756,3.8277259884354
4741.0,0.16152946975514448,219.14656378176815,3.8777540356098767
4742.0,0.16913682745575076,221.00760324732084,3.8588150285614224
4743.0,0.196512256806821,221.56617938464854,3.74452028682169
4744.0,0.23693679682317142,221.5355159503886,3.4828648386171195
4745.0,0.26152454941598435,221.64866986156864,3.1282524658882225
4746.0,0.27814577081837333,222.51745763640332,2.8293684671609287
4747.0,0.29878998070392293,224.36049715123755,2.5519213276064967
4748.0,0.29934333639492894,226.49162770947265,2.3330242285184024
4749.0,0.2840136601156624,227.54762168862126,2.266040717945508
4750.0,0.2867696213265625,227.62485457059813,2.33747802948969
4751.0,0.27605264174669497,227.9499038463786,2.4211943814719374
4752.0,0.21083513284033684,228.74611537597343,2.5029081481872404
4753.0,0.13226386248737992,229.39063698260443,2.5841217078145298
4754.0,0.09342120116739243,229.80851863579704,2.700988874839103
4755.0,0.09303945146121641,230.2227612008905,2.8355917191975415
4756.0,0.10335807054224992,230.5040500075976,2.94619037246688
4757.0,0.10841085031948096,230.718546162276,3.092879614102741
4758.0,0.1155402833141088,231.44496363427936,3.282518214809294
4759.0,0.12330800100271225,232.9540195975163,3.53479781919364
4760.0,0.12959577363445723,234.37973450806888,3.668322262165061
4761.0,0.1220240432163598,234.72971298417613,3.549150384098832
4762.0,0.12121467535464041,234.87304831563546,3.256410844078896
4763.0,0.13891820062798274,235.88931612611756,3.0786154049146894
4764.0,0.14101872520516023,237.6215211516212,3.180029744725164
4765.0,0.12399858636454901,239.24347272550733,3.370601218284878
4766.0,0.1072140852447845,240.67896284596617,3.4712863743793223
4767.0,0.10549461126443574,241.8940860417281,3.395866175569512
4768.0,0.10968211987606802,242.7618820703315,3.2813782018479505
4769.0,0.10560780819960261,243.2307480784377,3.2235924768933644
4770.0,0.09645943326105631,243.66758498451492,3.3698919663749023
4771.0,0.07937384390764991,244.3694889231589,3.6026077342004688
4772.0,0.057654574520869084,245.72961429201573,3.7880028800549774
4773.0,0.03760191803937965,247.24743402353295,3.7642190018498214
4774.0,0.023064970736833605,247.89335084974076,3.5188700234672194
4775.0,0.012266714327039963,247.64330577608703,3.2603539743637007
4776.0,0.005816211423528169,246.86847749358148,3.0958799444472382
4777.0,0.005148818772772857,246.20856932896274,3.0331591699466927
4778.0,0.010924595542224198,245.98217371961536,2.966379499802164
4779.0,0.019863598769358486,246.2317110106675,3.0276287796683925
4780.0,0.022789640175264452,246.53668867266347,3.278090686913029
4781.0,0.01748801797475287,247.1080091892303,3.5765304367043242
4782.0,0.011240335818202486,247.85138531664415,3.629400409008161
4783.0,0.017019396739728136,249.16218437208147,3.422991340633184
4784.0,0.034130574618944406,251.11483139358992,3.122468565121656
4785.0,0.053333399070062376,253.22994124180806,2.93578578771398
4786.0,0.06958008887294442,255.80982061363255,2.9148480561606123
4787.0,0.0859732358943249,258.40862974773484,3.0149420212461457
4788.0,0.09510146858526794,260.71593154682216,3.0612857603812413
4789.0,0.10101400828554026,262.63739101035196,3.0079795308066726
4790.0,0.10381950964712235,263.512496692624,3.0059658681156227
4791.0,0.10586652190824968,263.59594548830995,3.0839126383804176
4792.0,0.1286739689291715,263.51496120277005,3.196429219764481
4793.0,0.17863304785900072,263.469342198982,3.1935859454844904
4794.0,0.24551150945779254,263.1257034294241,3.1555950414882914
4795.0,0.3067883827487366,263.34037474576684,3.0916420644374276
4796.0,0.36361404109747253,264.707262149619,3.063664945762496
4797.0,0.4075264198137612,266.7664790418575,3.063332846615443
4798.0,0.43834433846260884,268.56407695614564,3.0619023691589775
4799.0,0.43569731583463805,270.0743395519639,2.9791790430910225
4800.0,0.4036649463375424,271.9455565385678,2.767797336525625
4801.0,0.36732752382176026,274.25747871498334,2.5516271773278225
4802.0,0.35457055131139287,275.8246044106176,2.4151983389719054
4803.0,0.3762184387875902,275.8653140353842,2.3321257314740094
4804.0,0.39414961499448986,275.49074549985494,2.2997145020425216
4805.0,0.4048854528972107,276.2055406107201,2.3777266220668944
4806.0,0.41533575491163044,278.07847755652654,2.502087570225345
4807.0,0.43983599084974206,279.8802706654686,2.587212864520772
4808.0,0.4632654189468822,280.70145242026325,2.619672184791219
4809.0,0.4677046703989971,281.1033975186001,2.6442042670688832
4810.0,0.46425367083625757,282.1849346380916,2.617664188006484
4811.0,0.452518509209402,283.48353419892436,2.4386697047708834
4812.0,0.4247874738221289,283.6363667886327,2.1755119869676562
4813.0,0.38628412710975973,282.5230924873091,1.9437820402733057
4814.0,0.3496966320333407,280.9252442889136,1.7714654088695279
4815.0,0.2959997275904447,279.9998349878594,1.6309932220019026
4816.0,0.23922009144371664,280.1414508641302,1.5672241654502976
4817.0,0.2118471749405882,281.3711681999191,1.6718897297480622
4818.0,0.21030201822552017,282.1419260892616,1.9012885163553963
4819.0,0.21956758189255257,282.21909883497113,2.1632457272455223
4820.0,0.22322771191203983,282.4678015312489,2.3390980986856604
4821.0,0.2281302067428484,284.2070531806105,2.3277429749969474
4822.0,0.23448453275016082,286.4139331336096,2.154601970664063
4823.0,0.23477543570841627,287.0116563873735,1.9686575633264163
4824.0,0.21264264764288612,286.3199205163497,1.9032181582151926
4825.0,0.1735399378515626,286.24696997456095,1.9915662179071043
4826.0,0.14112679935214084,287.39310319698905,2.1327000766953557
4827.0,0.11848131578432282,288.9241734144165,2.2430685365925527
4828.0,0.10636305982225006,289.7959626859055,2.3028215767755027
4829.0,0.09682604076356874,289.787352997816,2.3018514772857444
4830.0,0.08103999226905778,289.8827976947227,2.2546656762215362
4831.0,0.058567518732853006,289.64981110195384,2.167057064602562
4832.0,0.03729051428055035,288.40090168561693,2.0120354951060166
4833.0,0.030697419262104043,287.0565152887899,1.8231591025799279
4834.0,0.03999810002256239,286.63739278312414,1.7497612938202847
4835.0,0.07434475710752253,287.70606653647224,1.8366142012627598
4836.0,0.1251502766262227,289.971574021286,2.0416656475301957
4837.0,0.18375239623224987,292.0350249504433,2.227333365625609
4838.0,0.23523104313881266,292.2532331690901,2.2931215107635845
4839.0,0.2713291528240229,291.29138404696715,2.2399614320310044
4840.0,0.29146840604985946,290.06501108015453,2.1614673396335613
4841.0,0.28191681191139245,289.2433586097672,2.1223857866914613
4842.0,0.25500422472312545,288.5225167664833,2.14801557400878
4843.0,0.2303183880284006,287.8299862206316,2.20606826359921
4844.0,0.23611074385479838,286.7544521606275,2.2499381404251846
4845.0,0.27329523758566104,285.4596408903129,2.3425091632446087
4846.0,0.3222703579237324,284.46027918475113,2.485218123189651
4847.0,0.35773268921560775,283.9041240243412,2.6835100312350626
4848.0,0.38150992869201034,283.89381562152437,2.8520365906948646
4849.0,0.3942191295544389,284.2944351759717,2.911514598992888
4850.0,0.40318533887531344,285.33397547843185,2.925715283810618
4851.0,0.39714028055504913,286.3214508527781,2.908916016025892
4852.0,0.38893904809404845,287.3652113027231,2.8840570364063685
4853.0,0.3821389211872993,288.79649585782306,2.8930953383730222
4854.0,0.3685083184272995,291.1516192692334,2.994925307517563
4855.0,0.3446826408283045,293.8620841545322,3.1713713383068023
4856.0,0.3063750359834031,296.51996260442013,3.3917427902255106
4857.0,0.25467065357292196,298.31783666177444,3.5563609367084568
4858.0,0.20365234774124524,298.694029991459,3.570474973857002
4859.0,0.16923946123481745,298.0977326576693,3.4768369071179523
4860.0,0.14783678183034005,296.9736034153516,3.322272582546653
4861.0,0.1407281138952519,296.1706839243285,3.155383049537244
4862.0,0.13331939841590446,296.60078248739643,3.031768908126002
4863.0,0.12614312906899577,298.16882762127574,2.959854369900653
4864.0,0.1310872263640904,300.0922961102432,2.918822143119845
4865.0,0.1585900081336322,302.20001954064935,2.911810345207563
4866.0,0.21083350738921003,303.8961933449802,2.9068997179498277
4867.0,0.2830196056970572,304.99750099075953,2.9268401642490605
4868.0,0.37365728455651703,305.17264327846044,2.9574979287750622
4869.0,0.45344914943086956,305.261869850676,2.932141358102116
4870.0,0.4759718480248368,306.05203840119646,2.8967828271586886
4871.0,0.45256020380340284,307.291366208146,2.8432726995084483
4872.0,0.35225003676303335,308.4571891681475,2.782336190810977
4873.0,0.2364828172991003,309.3089710528676,2.7730931323540617
4874.0,0.1678408651444999,309.29347060833015,2.9252545349400023
4875.0,0.1433607071904016,307.97380290846974,3.2213413566673936
4876.0,0.13250372419257228,305.6024478674873,3.50681989515025
4877.0,0.11725905824720984,302.97549800906256,3.71354251466916
4878.0,0.10484998887803032,300.82979768091525,3.8895499625136396
4879.0,0.09315241770161603,299.2084025003807,3.994785820337761
4880.0,0.07700859766789285,298.17046700622325,3.90805334827209
4881.0,0.06111396082526468,297.809221635641,3.680601270954062
4882.0,0.04475122356152255,298.5063917799997,3.4635725373270567
4883.0,0.02185906067361001,300.44935661563346,3.344381900703917
4884.0,0.004828950437422575,302.80991639327385,3.247569564008045
4885.0,0.0004819166467599849,304.0333187964145,3.1449399343846225
4886.0,0.009111122484839912,303.65959614754314,3.094335391808736
4887.0,0.021119736378216025,302.80034289583745,3.18967226711993
4888.0,0.03921934254078738,301.7159286703818,3.3496061610219847
4889.0,0.0625879359091561,299.802533828734,3.421384207956528
4890.0,0.08733673376785198,297.2833866527298,3.4139969529302028
4891.0,0.12930314138925172,295.1728150034023,3.4479368212791677
4892.0,0.18007792137769188,293.3911184348313,3.4179211544954433
4893.0,0.22868016548652248,292.8290538594269,3.2663964373672005
4894.0,0.30813279042840974,293.03400546351963,3.0939447845392385
4895.0,0.4193874049056129,293.0607820776491,3.00798025923488
4896.0,0.5023191773521439,292.70256453920365,3.00414512834406
4897.0,0.5488083606723202,292.094944563406,2.9807108497906603
4898.0,0.6029570021893637,291.3481149696279,2.9593535416232095
4899.0,0.6305193409941503,290.3416700172027,3.0081773890242363
4900.0,0.6327347684569126,289.9139120817081,3.146740829364581
4901.0,0.6502236423510912,289.95573870608735,3.292950303634416
4902.0,0.6690968263158917,290.2192707387924,3.276212003757283
4903.0,0.6376798026780736,290.08816899423005,3.0819237813511746
4904.0,0.5636090611357798,289.75956066169914,2.8668477776488492
4905.0,0.5323913552313408,289.02421394717186,2.873437713420627
4906.0,0.5170082537597795,288.8588084490702,3.0702110778351686
4907.0,0.4826417974325471,288.8675331629461,3.2736736014361596
4908.0,0.45129414572648957,289.11142227748377,3.5431650242089026
4909.0,0.42189633977883034,290.79280006032144,3.8316407647367527
4910.0,0.3995712569299201,293.2011053165416,3.991036587057252
4911.0,0.374426505216,295.291576120905,3.9737047974839297
4912.0,0.32923251975913675,295.9067738234422,3.9001295277351935
4913.0,0.26509432969853425,296.1773241175539,3.917245821483089
4914.0,0.22609863330288993,296.95638625245164,4.096827829950086
4915.0,0.2210994377948942,298.77261817262416,4.403748962733877
4916.0,0.20082078370330217,300.61635560663063,4.627289117793171
4917.0,0.16034369637577192,301.39603256836244,4.701504247806658
4918.0,0.11583962004483991,302.1932249072348,4.6718126283800165
4919.0,0.08958592537044614,303.70797740991395,4.599949731430434
4920.0,0.07883672891386426,305.8351071145357,4.551980855771609
4921.0,0.07385676962664055,308.0597110934762,4.58642280490599
4922.0,0.07480825071034103,310.4185414147639,4.67020781232365
4923.0,0.08730088400387281,312.49945836833075,4.74442977650944
4924.0,0.10824063810030218,314.88909110242633,4.836017631513771
4925.0,0.12169190609906885,317.3384588322149,5.012537264913729
4926.0,0.1170454922695741,319.3925174354472,5.23231633302049
4927.0,0.08168915099665967,321.28170238180263,5.463858845602819
4928.0,0.044208973236489875,322.26671609330464,5.657499817074004
4929.0,0.025182097160142407,322.4800987176602,5.744851956458726
4930.0,0.01200224762975288,322.0381664511828,5.681390690062238
4931.0,0.0018288375273080848,321.51540001196724,5.489898626057693
4932.0,0.00017442722626809647,322.03349527480646,5.25153821991978
4933.0,0.0010592453706025357,323.81723434141253,5.05564369300274
4934.0,0.0004888339699681153,325.7583851274307,4.928215830520591
4935.0,0.00021033294817960984,326.50880777907423,4.94856481987826
4936.0,0.0007097578000383876,325.76639233648007,5.069674550134688
4937.0,0.0018800228261929071,324.77791157425844,5.15307034220775
4938.0,0.0013133122321224808,324.0066593142176,5.193367799218594
4939.0,6.581914641009332e-07,324.17972107567124,5.225112782652314
4940.0,0.0011893683433283951,325.5712606192924,5.260361281530063
4941.0,0.0044452129221048565,327.8679247035345,5.276961156484238
4942.0,0.009710358243322493,330.88541043509514,5.208085934838535
4943.0,0.017796613875602482,333.58866022830136,4.990124200116787
4944.0,0.02046598620598426,335.34180396678295,4.810091455910886
4945.0,0.016332392703062415,336.6177043319654,4.772077124431234
4946.0,0.010213430824710403,337.4835046931498,4.844567176925064
4947.0,0.00771663685447208,337.4030512281645,4.872360073516136
4948.0,0.010562347081958415,336.9711872992185,4.74720953000464
4949.0,0.025594637080897556,336.3234041668802,4.515914259632165
4950.0,0.05912125140790415,335.92301054664676,4.212519846366609
4951.0,0.1056328586461678,336.04732098250605,3.97872025724862
4952.0,0.14469963327540253,336.5332812050079,3.941458416709635
4953.0,0.18406074310946,337.4950805530951,4.121594979499169
4954.0,0.23117334224791203,338.17224056275677,4.355084912931361
4955.0,0.2557315291709025,337.4125423165665,4.437128695599475
4956.0,0.2465980129380494,335.6552456323688,4.260539606427651
4957.0,0.24586505068179598,334.4512739156014,3.9989025152898723
4958.0,0.2799706835009534,334.48196482487356,3.862306415207523
4959.0,0.32854668438960627,335.0729550749037,3.879701623325472
4960.0,0.3855442170130846,336.2408054310114,3.9610443112875626
4961.0,0.44988231460532896,337.7206374296773,4.0427167601796885
4962.0,0.5245310952381361,339.03415725955205,4.2132852779574765
4963.0,0.6283660605967931,340.8194256307057,4.3049429330142095
4964.0,0.714803710698422,342.23288327401724,4.355997722089343
4965.0,0.7680241139890219,342.1204201374362,4.354563374492083
4966.0,0.840847240338473,341.86429936816825,4.3158498572167705
4967.0,0.9939878038929962,342.17271543346146,4.252650568927625
4968.0,1.1592842466423967,342.3481550865521,4.15711851114169
4969.0,1.232097447001322,342.03449043645026,4.118405345259411
4970.0,1.2497101357489222,341.0464845689961,4.164655419811586
4971.0,1.2607618506457101,341.03565239110935,4.201744936918589
4972.0,1.2797696634879019,342.1880218861611,4.1645997483720105
4973.0,1.2894779359053121,343.3039066794287,4.06888000246225
4974.0,1.3087827442573845,344.30245240584213,3.945602729768057
4975.0,1.3852444220709648,345.06342291388887,3.882975751286633
4976.0,1.4635373798609,346.4761679174995,3.901619159837789
4977.0,1.5018018676496674,347.7576804691921,4.0380979262936485
4978.0,1.485822573583968,348.82390376804744,4.123226911386303
4979.0,1.4713423626405597,349.4717964479092,4.106441889406778
4980.0,1.48202497214487,350.14495881111094,4.0454366227413265
4981.0,1.5152711137129793,350.6086217826433,4.030916027801657
4982.0,1.5035998663977763,350.41671845696845,4.052803441911455
4983.0,1.4591828960069446,349.96097134092827,4.021432432665902
4984.0,1.4386378422832895,350.7374053050388,4.008855375687264
4985.0,1.4300825746323602,352.56498150264474,4.087220590258754
4986.0,1.4380631077494357,354.4492812174699,4.235190100785062
4987.0,1.4287290612597021,355.94259298785056,4.270787945668711
4988.0,1.4455610225768196,356.73752101551287,4.1835788126012154
4989.0,1.4840225449175288,357.43418046817226,4.147186112047374
4990.0,1.5109049093752378,358.6733971197792,4.1427303855816255
4991.0,1.4847428836200673,360.29904451293066,4.147992550309652
4992.0,1.410684950796308,361.11694686977535,4.234260613432249
4993.0,1.2976226247297595,361.1362576750215,4.275783482022433
4994.0,1.2052151636773265,359.97158480130577,4.200505586682249
4995.0,1.1774608691135156,358.3316866032079,4.04773565477819
4996.0,1.1632485315999996,356.8548008518327,3.77426062173901
4997.0,1.1179629484010287,355.84987348827224,3.41408287154169
4998.0,1.0261028319066754,355.1134152763231,3.080889152404592
4999.0,0.9006259398926595,353.9498393210789,2.8615333966455627
5000.0,0.7693061466589797,352.522917660944,2.72137105505978
5001.0,0.6369523408778437,351.53956312412794,2.62082976306529
5002.0,0.5404004734468091,352.0338217383935,2.5806189834588604
5003.0,0.46660918842048016,353.1290408501495,2.6286518231142977
5004.0,0.40494898419024045,354.2651061435695,2.7132439227087075
5005.0,0.3677078618766397,355.03345635589227,2.7815552722682204
5006.0,0.33408621952368606,355.9158699305347,2.8184293734786223
5007.0,0.2931202186174082,356.0521037421016,2.7841665581568398
5008.0,0.25984358422710235,355.2631947198009,2.7704431037283364
5009.0,0.25962062727863616,354.8716967880469,2.876028341382204
5010.0,0.31449215361599986,354.16341967482305,3.135439225304123
5011.0,0.3816957819830089,353.34987628989666,3.395637378913781
5012.0,0.43225236297936,352.41387782157847,3.6068630217804896
5013.0,0.46649737361757676,351.90235384410994,3.7300159852395045
5014.0,0.48394081818810203,351.0923150633029,3.7443445065535745
5015.0,0.47545961948163973,349.76396914321816,3.6268118037377604
5016.0,0.440578173937997,347.62575951168463,3.4534770991220887
5017.0,0.40492373397699216,345.6867307042868,3.346497238536692
5018.0,0.3992178555648718,344.8581201097004,3.3369141786450625
5019.0,0.42345464765324475,345.3850649392392,3.4165862198329804
5020.0,0.47685394384705443,346.5100873143772,3.511132473638592
5021.0,0.5732089501198093,347.03418495992463,3.658330819849322
5022.0,0.7012763765124516,347.0186676709502,3.857909774414063
5023.0,0.8384214236276025,346.7307325315763,4.1692951699790415
5024.0,0.9507278847836177,346.6361848893111,4.448346088837267
5025.0,1.051779097766352,346.97529345580165,4.548843859331533
5026.0,1.1260906190751883,348.3881395903032,4.450665526566002
5027.0,1.1729284431916034,350.6580151295002,4.260513103329081
5028.0,1.2213563898820037,353.01406437866564,4.03219371784329
5029.0,1.299702260011522,354.4629643082692,3.7515327615410117
5030.0,1.4152465654226496,355.358788307464,3.5310552189084485
5031.0,1.5103795506249993,355.8964252854367,3.420506249445545
5032.0,1.5385908203682914,356.5421067704708,3.5057541383774464
5033.0,1.5188497393190876,358.57249289866985,3.769654029832896
5034.0,1.499716873433318,361.242316109168,4.184645300717113
5035.0,1.477007272006734,363.28021762027305,4.584552656301922
5036.0,1.4463069146774996,363.93447692857956,4.7430741796
5037.0,1.3828206782812817,364.6083521188035,4.643940696782594
5038.0,1.3030294414599217,365.38344214643223,4.40800094259504
5039.0,1.2807837981414958,365.94481529616763,4.154764932808402
5040.0,1.3291527465698767,365.57445659520215,3.9237372078905026
5041.0,1.41587843066761,364.68431143578516,3.820757795853774
5042.0,1.5456722781854761,363.6316583170692,3.8848675691254275
5043.0,1.7178454946226025,362.6594025265633,4.069180361118902
5044.0,1.891113844095062,362.910906432682,4.3065174622422004
5045.0,2.0064919677284414,364.4254041151858,4.5283751049643675
5046.0,2.018609187570628,366.3010595613066,4.682349865603917
5047.0,1.9342979089163517,367.5352775271322,4.791426584022563
5048.0,1.741673890863505,367.71016468078506,4.843190833726505
5049.0,1.5212877706845018,367.1476340279677,4.908927539163401
5050.0,1.3467397556479683,366.97858325429456,4.9692768209887515
5051.0,1.2533541380889992,367.7507762482897,4.984919863057428
5052.0,1.235874333091322,368.0058634740843,4.932662788569613
5053.0,1.2549256710606225,366.45446086866014,4.824357986510094
5054.0,1.281351666220802,364.18008980436946,4.7032131498131315
5055.0,1.2772270203351956,363.36854852381,4.66164380541936
5056.0,1.2792109228270845,364.6146774633596,4.656876903527232
5057.0,1.3251154488368273,365.40417037026157,4.592690990747731
5058.0,1.4217516302649527,364.2234316376883,4.485242580559158
5059.0,1.5301490596249632,361.2872983781786,4.427689581813607
5060.0,1.6331317681873938,358.5565220665501,4.456736581148466
5061.0,1.7131653360995358,357.09681459938963,4.462826814879737
5062.0,1.7941451352164202,357.04275760391704,4.461194266257523
5063.0,1.8150973553351395,357.370602275713,4.463820017611686
5064.0,1.781320171773544,357.9713578139662,4.43847347045688
5065.0,1.699638018286755,359.2158034059146,4.38505629156676
5066.0,1.636148383718425,361.6325721679685,4.321770451947449
5067.0,1.5686302510300891,364.4206465385109,4.293803177363347
5068.0,1.4937257367833325,365.11859784821365,4.318450816349827
5069.0,1.4585575746353043,362.76183319381784,4.3734711108943936
5070.0,1.4838880094463365,358.8781136240964,4.38986806848144
5071.0,1.611252570489537,355.60653123425493,4.303357406640391
5072.0,1.8747039299549584,354.00447486324407,4.161472215380942
5073.0,2.1980075781104094,353.8940371310438,4.071449526470222
5074.0,2.434150305506376,354.5505737510088,4.1346268229001115
5075.0,2.5447719933262225,355.3954260974392,4.3170523346280625
5076.0,2.6316896441877877,356.26925014172184,4.52031388156488
5077.0,2.7363915022135554,356.97208182529124,4.71702576907482
5078.0,2.80160007956361,357.18604389566445,4.857575402404823
5079.0,2.839742048937696,356.25389956897857,4.979996025794821
5080.0,2.8229358110274916,354.63708068173094,5.05874859522244
5081.0,2.7875600527855124,352.8512147184698,5.064702449492784
5082.0,2.8034253523074266,351.0318642568608,5.017599507200012
5083.0,2.9028500002860476,349.7882813885971,5.007573218995778
5084.0,3.1267607212067112,349.4365648174552,5.0886469492287025
5085.0,3.389272568225244,349.43330883955696,5.1965640325350755
5086.0,3.5813050818036483,349.5718514133029,5.2199857809385914
5087.0,3.6417535024096517,350.3525321278927,5.12500102083918
5088.0,3.6390614879877052,351.0875370278864,5.030377602781109
5089.0,3.647470338372226,350.74364924287653,5.031124185640897
5090.0,3.6703375351562495,349.3755199056692,5.118081330486935
5091.0,3.693475865790403,347.6503859002097,5.225768293716723
5092.0,3.717709321438612,346.14421994525327,5.293527453844224
5093.0,3.8224838131686742,344.83598497201916,5.256206377254405
5094.0,3.9604965771281293,343.98495535096254,5.1157086152738325
5095.0,4.108073697030721,344.4173213260322,4.945457985419644
5096.0,4.313953384014456,346.36871577054444,4.817566738797271
5097.0,4.612522509826559,349.4030251210201,4.765644911135204
5098.0,4.899246467803222,352.299761497893,4.769742432676001
5099.0,5.033089035821184,354.03553347590736,4.897749245040529
5100.0,4.947235881732592,353.9737129956939,5.126695740583808
5101.0,4.785356320841233,352.7607795794978,5.464172213986473
5102.0,4.746320051029704,351.1247282401741,5.775897417981702
5103.0,4.759859178613022,349.6427941912246,6.0532293184537
5104.0,4.837433600297222,348.55941085038205,6.219344732287189
5105.0,4.9882402969441335,348.310236694328,6.267036994569808
5106.0,5.20678474951752,348.6605436104031,6.154935714326205
5107.0,5.460625453635535,349.66523041864133,5.915297439968403
5108.0,5.790831612119503,350.8188258224241,5.594183149830554
5109.0,6.0559202355786415,351.6759173959066,5.2288596889
5110.0,6.122485815285746,351.88444404649397,4.964997435239857
5111.0,6.004951573270073,350.96788801072086,4.713273521636101
5112.0,5.8848032894238225,348.83322804996334,4.432552182765798
5113.0,5.8381826351589226,346.199819354275,4.153791323220745
5114.0,5.775619454528424,344.11224698102177,3.9231855230168238
5115.0,5.723928060567704,343.2703354091983,3.743819938055809
5116.0,5.70420124910818,343.4619022267515,3.53076505266966
5117.0,5.853684881165881,343.80042689143306,3.2853708535046398
5118.0,6.182241898691101,344.03372300501945,3.0525836852303807
5119.0,6.556591342866271,344.4591170418326,2.869677638671044
5120.0,6.714108279964929,345.18897051928025,2.726082271615632
5121.0,6.653083616778984,345.9778644146113,2.629606894903313
5122.0,6.559037082428123,347.60059928385704,2.55706010852424
5123.0,6.548969010391621,349.95372943016605,2.5295437352615235
5124.0,6.549958649947689,351.9020990961133,2.5529183122759935
5125.0,6.523875368752597,353.0374901034057,2.6711938984515626
5126.0,6.636224334612481,353.5687052348754,2.78836893188418
5127.0,6.924162756876552,354.5279218316487,2.755474239834894
5128.0,7.300207410588159,355.8448587045664,2.572379313491377
5129.0,7.5815393833478195,356.7855962242379,2.298884606897436
5130.0,7.820571930965101,356.94560014401605,2.0571051324549923
5131.0,8.060248169680065,357.33270593393166,1.9031514703019536
5132.0,8.310156583159007,358.6222838368225,1.813783911147202
5133.0,8.551974229038255,359.8806958466335,1.7151912947257346
5134.0,8.741774550993625,360.0377319824233,1.6091303052249997
5135.0,8.966230856096908,359.49534271854105,1.5399921208623564
5136.0,9.248330994761197,359.6162487038632,1.543821433387332
5137.0,9.409004905626617,360.1316619172498,1.5641951094941795
5138.0,9.410041534756807,360.11462634441125,1.552723416087233
5139.0,9.253166134976993,359.1693132274639,1.4963151190081596
5140.0,9.06969402390929,359.3527010000722,1.3631103057859226
5141.0,8.977256686469701,361.18531671664374,1.1755821891335825
5142.0,9.003565193002338,362.31080301696784,1.039401843122148
5143.0,9.177235217195134,362.0959982039281,0.9559013572363264
5144.0,9.307424632587983,361.732424403272,0.8794997126469315
5145.0,9.379401401535105,361.6962928871373,0.8024069206054562
5146.0,9.504894117780687,361.8129530272594,0.7356427200326688
5147.0,9.648091784097819,362.1079860792964,0.6951398295502116
5148.0,9.707453886260838,362.3078031917203,0.6516892444561984
5149.0,9.723303951044837,362.5225116357732,0.5790166107245881
5150.0,9.864028399537807,363.4735718333935,0.4879221295124929
5151.0,10.23133616934308,365.03405867447754,0.4142056167180864
5152.0,10.669539336104163,366.13669242631187,0.34478176163343993
5153.0,10.91941313192946,366.002593813857,0.2916862119712324
5154.0,11.03101940841462,364.4566687448781,0.2616917101379344
5155.0,11.11614872642143,361.8755045000974,0.24769763543313608
5156.0,11.052992621213058,359.3392715115142,0.2353146171340644
5157.0,10.933343199865996,357.57180392586616,0.20654369896322405
5158.0,10.852725582530148,355.810488844213,0.19625222505324957
5159.0,10.916081637760357,353.8133827126172,0.20574645542740885
5160.0,10.943448729891024,352.3610354320369,0.22133324201684887
5161.0,10.974007791616001,351.96808040712875,0.21694710518115606
5162.0,11.042451353198928,352.8011599997436,0.1914092425116964
5163.0,11.17354180585843,353.43409795263966,0.17087387228934486
5164.0,11.336807518709758,352.9281824654124,0.16765561627844408
5165.0,11.475252997203919,350.4545828780228,0.16747044514614087
5166.0,11.654383975809168,347.46179849586645,0.16168071070116
5167.0,11.857399141091353,345.60462484853576,0.16019193752802247
5168.0,12.066061887091587,344.41464111501455,0.15829680490139608
5169.0,12.141665612124704,342.74838223326276,0.15857284472944358
5170.0,12.106430480533344,340.58153429052953,0.1582768963472841
5171.0,12.105954986350463,338.9090739002203,0.14220794721999608
5172.0,12.298565108899618,338.02579503742146,0.09577568548366087
5173.0,12.570256900662756,337.82548809687614,0.05553191694745208
5174.0,12.789321951520819,337.07483688564423,0.029456922119436107
5175.0,12.85403656433202,335.3484689592424,0.013163629163779585
5176.0,13.118237698280208,333.67691202076765,0.0043629076563361
5177.0,13.655012538928725,332.53835941747457,0.0009115435795684001
5178.0,14.178339353140142,332.72620750133837,5.207873823359895e-05
5179.0,14.416522054943009,334.22149566694407,1.6936352544400016e-05
5180.0,14.322376367711232,335.85249099007365,0.0005547268509696006
5181.0,14.094585806353948,336.6413777015313,0.003106303279008394
5182.0,13.758792243797158,336.9078201213912,0.006371331377184402
5183.0,13.448170133633102,337.1248282523525,0.007076346005840398
5184.0,13.402972913030268,337.0555775753134,0.007518119456268097
5185.0,13.613498526670348,336.10139329246493,0.009349745107046403
5186.0,13.867145439386258,334.7090733113338,0.010660682270336397
5187.0,13.763612139323062,334.2281085654855,0.006940461126924903
5188.0,13.37442919575849,335.5045742709776,0.0021769391029823927
5189.0,13.063191958694441,337.54497924201576,0.00019402734859689835
5190.0,12.88607862206477,339.4594155767809,4.15452437135995e-05
5191.0,12.597077887329338,340.45652079106185,0.0011320600452100007
5192.0,12.159831399541199,341.30321777925735,0.006395156116878404
5193.0,11.718393131296098,341.744256742533,0.015373738323174407
5194.0,11.435390210660145,340.87201392046103,0.022322275349088098
5195.0,11.381138568464374,339.3232366286395,0.02204410701185639
5196.0,11.465783055347087,338.7843559725833,0.014043759730576894
5197.0,11.627815812336388,339.372712087608,0.0062359576588864
5198.0,11.679377470808575,340.25537235419307,0.0020335103226915953
5199.0,11.727588249059222,340.6088934187207,0.0009963025093476007
5200.0,11.766824720313913,340.377207733828,0.0019361557631328947
5201.0,11.91172046100288,339.9912704534448,0.005335314909697593
5202.0,12.017159424843149,339.61257519069255,0.011542171790249998
5203.0,12.013436678319442,339.4509824016077,0.021211271752809988
5204.0,11.874203929235021,338.6472223529948,0.03545326720054439
5205.0,11.755424544252772,337.8735870378708,0.05386587021964838
5206.0,11.651280240164006,337.9532274067578,0.07476674297460639
5207.0,11.479418933791974,338.845137835051,0.09505465529742249
5208.0,11.278539708637837,339.5825070473473,0.11679490112223608
5209.0,11.179264947523006,339.24805253802003,0.1406304975537289
5210.0,11.310469321960975,338.69722859090547,0.165806953636
5211.0,11.428589015128944,338.186578241139,0.17798967017476838
5212.0,11.40721247694138,337.49774729841033,0.17214492261032008
5213.0,11.364149082799129,335.49072362824234,0.1537731208055056
5214.0,11.401829919205777,333.12809117395744,0.1335506400465561
5215.0,11.387512787613211,332.0798162656999,0.11775057735584159
5216.0,11.34351944932079,332.8343334251299,0.1017732563490241
5217.0,11.378405513924205,334.5188255505907,0.09675363287205159
5218.0,11.46958177966441,335.9935367727972,0.10313939071636838
5219.0,11.363362961620735,337.46947548435554,0.10920845130768041
5220.0,10.99788522033152,338.8449482352867,0.10878584992899999
5221.0,10.552731004820691,339.8046344099452,0.10544666983378088
5222.0,10.121187103244942,339.4098228910086,0.10920436016428889
5223.0,9.805077766644965,338.1924203538759,0.12283463922595289
5224.0,9.567427029038091,337.3728202369188,0.1469190203220289
5225.0,9.38911468507241,338.40170858634366,0.1814844604586049
5226.0,9.27426473274006,340.74104643128874,0.23347669289694759
5227.0,9.238821101731267,342.86112554491103,0.29277847467440643
5228.0,9.179207822980564,343.73734779482805,0.35304024674961
5229.0,9.105828526389171,343.68346665396746,0.42654072027072243
5230.0,9.055249071290927,343.59730231506046,0.5179143010185169
5231.0,9.035395192281426,343.6263920684333,0.5773860342190084
5232.0,9.054977944932919,344.1403653016244,0.59718444628441
5233.0,9.101610247994001,344.1372661751002,0.6174177089668623
5234.0,9.32695093779272,343.03924860952793,0.6445243518611076
5235.0,9.594222273301305,341.0906719451745,0.6635579433592357
5236.0,9.802642888965908,339.6057680757785,0.6780011461680624
5237.0,9.933864546179421,339.4108531103422,0.6838128445122529
5238.0,10.066843926697581,339.9949928991158,0.6664203182354042
5239.0,10.204489335807288,341.20157295347775,0.6287102485145001
5240.0,10.330653127299556,342.6132805797334,0.6084223550053489
5241.0,10.48233154792041,343.94087057432046,0.6002829017261475
5242.0,10.775138835466436,343.98048372444197,0.5831799098891087
5243.0,11.27655474026491,343.5416042400376,0.5578919064234243
5244.0,11.8898104889442,342.997132053033,0.5295978518028676
5245.0,12.454992751067712,342.6642814624274,0.5018974351878399
5246.0,12.910299987946548,342.67098884107025,0.49488759966695045
5247.0,13.257749756832489,343.0255107440955,0.4998605100262596
5248.0,13.557148153930758,344.1494779942878,0.49626718847827556
5249.0,13.616526862545463,345.8656902921517,0.5046074510418528
5250.0,13.453852434165421,347.84384413343577,0.5270912896708808
5251.0,13.081268714989395,349.4503859750543,0.562800685172185
5252.0,12.674156932518367,350.4131468005637,0.6045807834472849
5253.0,12.396989823164963,350.85698918296424,0.6556480816465801
5254.0,12.344366388370503,351.60351457115786,0.6837072496574462
5255.0,12.409308763780613,352.49225402819775,0.6686659820456
5256.0,12.587115589969551,353.3891831707145,0.6467657229688515
5257.0,12.84958872620329,353.97386388550694,0.6475938815275525
5258.0,13.01621643848437,354.49140635686433,0.65445317069584
5259.0,12.981192496540839,355.7841992964585,0.6412611646918654
5260.0,12.742233849249962,357.51308342634826,0.6284237067312399
5261.0,12.437945177893349,359.46813814683213,0.642826746413153
5262.0,12.205977631611484,361.5940295096884,0.6856940290542736
5263.0,12.01924278953376,364.0830429172225,0.7168133100269583
5264.0,11.967834017018948,366.0403295366495,0.7282504949708835
5265.0,12.103610288731947,367.00195171702507,0.746143166821724
5266.0,12.30238683833322,366.6925339261811,0.7577850833925904
5267.0,12.533719770834372,366.3573246199876,0.7659066884049024
5268.0,12.827158295125017,366.64675302281154,0.7533380183732209
5269.0,13.263175069753492,367.57128347425385,0.7392940436484099
5270.0,13.762646831357223,369.1651928764044,0.7457308995026943
5271.0,14.156434619264212,371.513442143375,0.7851929169876545
5272.0,14.465974714354116,374.5477742498095,0.836906372421257
5273.0,14.675545879173601,377.14026808551813,0.9198621832026915
5274.0,14.759559859233908,378.8887215850127,1.065875219136029
5275.0,14.750620459258323,379.69259139622704,1.2292385736745022
5276.0,14.802604490674089,380.4082215155168,1.3474730305458436
5277.0,15.014654250690068,380.6618094767364,1.402177095504648
5278.0,15.36979867110491,380.47414184088314,1.4681542457782222
5279.0,15.65526376119982,380.3379399438525,1.5727029769577023
5280.0,15.859295189013764,381.1641163117236,1.6393465686780901
5281.0,16.22763264606589,382.98721161188814,1.6509789573661477
5282.0,16.81308949194056,384.8091665103894,1.6319993004073983
5283.0,17.4754511151885,386.23540496934794,1.5801738979881024
5284.0,17.830495848831156,386.7968300301731,1.5235746221917228
5285.0,17.864291771883043,386.2569951308787,1.4837200557570305
5286.0,17.901236101097858,385.50009714697785,1.4805383586890624
5287.0,18.066362776497535,385.88335488212635,1.5275518116423885
5288.0,18.18628486518856,386.3333607037916,1.6717564224816404
5289.0,18.25443330282932,386.3102459475763,1.8083468338695368
5290.0,18.418410617223053,386.29447708117533,1.8264906491493844
5291.0,18.758495035087307,386.5094189207118,1.7179869446143996
5292.0,19.06264365120156,387.1508945634202,1.5442267406286398
5293.0,19.279063081033136,387.62282082718605,1.3776557047269242
5294.0,19.460780463491254,387.5586240077153,1.2232060939427902
5295.0,19.598826155252826,387.33773900128085,1.0789330891863613
5296.0,19.582238565240583,388.63074007314975,0.991330292855604
5297.0,19.32481002144046,391.1864673151034,0.9705977400928562
5298.0,19.031841629990005,394.2801407133193,0.9681032498648644
5299.0,18.85116671535658,396.43681273091306,0.9526897659565583
5300.0,18.898552392597036,397.3389270017199,0.9177845779553475
5301.0,19.08288946646709,398.20701416472747,0.8735901941806208
5302.0,19.320086984627164,398.83107204545934,0.8267721147540099
5303.0,19.47740216077458,398.9674312353948,0.7927824031112239
5304.0,19.503391162382073,398.1628127939848,0.7859611682111401
5305.0,19.43549702764114,397.4496960421262,0.8325680683348223
5306.0,19.30573618116825,396.8334279162266,0.929998676700072
5307.0,19.110487959590447,396.33401436983235,1.0559528610027489
5308.0,19.08349283418443,396.15758020703936,1.175973503190534
5309.0,19.27113535347141,396.27805894489074,1.2056614041232996
5310.0,19.54614165649546,397.49241794675737,1.24533413578116
5311.0,19.670277084768333,399.4139080472899,1.3628025640548223
5312.0,19.43387364940783,401.1095900283379,1.5036786639179773
5313.0,18.929523639636418,401.1289991271019,1.6740413791332
5314.0,18.55062216035662,399.8124311939427,1.9115253825305627
5315.0,18.296149647876017,397.5758240651123,2.1388018872730625
5316.0,18.112852577966482,395.0914636897009,2.2633702839240257
5317.0,17.95861193648006,392.5135339777667,2.2477297529581635
5318.0,17.8673390391249,390.37247579361764,2.1369995166300804
5319.0,17.961377859576096,389.110256558603,2.0203346643879527
5320.0,18.171674167160607,388.23529282210757,1.9726727786496903
5321.0,18.386852922992784,387.6020615375172,1.9993568323918223
5322.0,18.41257089310461,386.89850290124923,2.0503229473702143
5323.0,18.312794912828522,386.1980143187396,2.1369908917357012
5324.0,18.388726479037466,385.6563238907515,2.222468986627563
5325.0,18.86296512567831,386.4187263091046,2.319926124016337
5326.0,19.390880063959287,387.2624352806169,2.3885991200272354
5327.0,19.539911936215503,387.2364641793296,2.4698477291730065
5328.0,19.405012437361922,386.0435739136706,2.526545632393877
5329.0,19.18185434085417,384.1763779345568,2.5265684260348897
5330.0,19.127102514188486,382.15719656356254,2.4711988082621836
5331.0,19.426876582560162,380.77882561585625,2.4042949251252104
5332.0,20.03138858814584,381.09454815247904,2.405530492056653
5333.0,20.709863919723723,382.99444982813117,2.4643348324
5334.0,21.450389681908774,386.33585222183547,2.611677299728141
5335.0,22.23502733857024,389.70717378270564,2.7820918292497443
5336.0,23.079329441598304,391.9741602405381,3.009545889906318
5337.0,23.870612277826726,392.71245891301544,3.1918810312523047
5338.0,24.494959651202127,393.15992674938184,3.237235106115876
5339.0,24.922883661195403,393.7559984840646,3.113806419231648
5340.0,25.160426042687302,394.60185005307596,2.938396993413596
5341.0,25.256450516959347,395.50414723001614,2.8132693054049085
5342.0,25.192369944992013,395.82677085539433,2.72839236479716
5343.0,25.181766193849686,395.0233528352952,2.6656175003961726
5344.0,25.510279310161827,393.5313037472375,2.6125584545687444
5345.0,25.892198328550045,392.0285481596309,2.5835198229422596
5346.0,26.34737753048051,391.1021512507097,2.5352330580119102
5347.0,26.96723830242106,391.2365051896084,2.4798888996156894
5348.0,27.846629475868923,391.82133633088984,2.3938434667455026
5349.0,28.85242858576175,392.07740942838245,2.3159493826894098
5350.0,29.30917175443737,392.82108008675027,2.332358349700723
5351.0,29.151436444817286,394.20250844443575,2.3934744416199245
5352.0,28.74564890147967,395.43860900757585,2.3497146869659677
5353.0,28.326807567912905,395.7385508328623,2.1710101098510397
5354.0,27.92786796317611,395.0855407909127,1.9150133670144067
5355.0,27.804727897915697,394.42622016017896,1.6095531544203554
5356.0,27.836409621770184,394.47360714664813,1.280701093584422
5357.0,27.654507305278088,393.74453629176804,0.9880446080587488
5358.0,27.19202124665736,392.8331975572049,0.7971151601065635
5359.0,26.547510276290314,392.3488041661919,0.6685159879031928
5360.0,25.951426873068492,391.6361610838324,0.5700017009380849
5361.0,25.64307834865623,390.9274657156154,0.48947677774886883
5362.0,25.67742713333361,390.80306576798296,0.4266116107822144
5363.0,25.95745138214862,391.57353243485335,0.38851195283485285
5364.0,26.203887850871826,392.93955660493344,0.36941242809588637
5365.0,26.1903051871976,394.1690522795883,0.36297780050743206
5366.0,25.990910735784986,394.6575988094009,0.36205997848163995
5367.0,25.741402550978012,394.2259375394042,0.3690213438754129
5368.0,25.252314835271058,393.00196055515664,0.34160130003022243
5369.0,24.536255470667736,391.13827983045377,0.2961286073289999
5370.0,23.81530729824156,389.22991819773097,0.26367936413789606
5371.0,23.281461759018622,387.5440655775388,0.26188747910532484
5372.0,22.95737424298858,386.5646843210279,0.2713473739548196
5373.0,22.74549336525907,386.2305703777951,0.29407907315673637
5374.0,22.489215614884976,385.70656890859453,0.3303286654299075
5375.0,22.280599574288996,384.59990164480035,0.3909231068536335
5376.0,22.17032482388175,383.39220239763654,0.4762179283017025
5377.0,22.011016915763598,382.54272417543024,0.5509774606356734
5378.0,21.61042173119316,384.19638198935104,0.5906427415291224
5379.0,21.00963620011138,386.83021927968,0.5766024294972963
5380.0,20.561754458570128,388.84815129144306,0.5317939674882025
5381.0,20.321627808260626,390.2791611128756,0.477294876561396
5382.0,20.295573442405153,391.7649811048609,0.44653246889172243
5383.0,20.32713599674875,393.0555636595907,0.4249339362919849
5384.0,20.32168064148795,393.205488653866,0.38975057740200486
5385.0,19.97152849252159,392.82623758976786,0.3544200592509721
5386.0,19.468625760327967,393.14054962198196,0.3336492774313924
5387.0,19.042660109447123,394.1478420725228,0.33014811758392887
5388.0,18.865755095645287,394.35886847199396,0.32060018495354886
5389.0,19.089489723402245,393.10406379873734,0.3142284665527225
5390.0,19.35597288944352,391.3998083918698,0.30979266186784404
5391.0,19.552666597806475,390.4856948781647,0.30935475796695605
5392.0,19.737180161460437,389.50261199236957,0.2938145057306281
5393.0,19.846818734035917,387.65762000026115,0.2914898827978809
5394.0,19.93636761235504,385.08799725795916,0.2861116233296409
5395.0,19.883568707628207,383.50921480891566,0.27676461705469285
5396.0,19.861343813277696,382.40724367365925,0.252957284182988
5397.0,19.920055692665883,381.46565977646395,0.24776073688248998
5398.0,20.05485526065786,380.8765288367508,0.25303697763339605
5399.0,20.097003971870606,379.92968170655365,0.26147827024229153
5400.0,19.989840731740003,379.8358302702681,0.28141829265701285
5401.0,19.89266559747069,380.0162921512032,0.2977200849767824
5402.0,19.741535091726774,379.6237678972769,0.3299462162493025
5403.0,19.657017871787072,378.0930128312114,0.3863723006275608
5404.0,19.72175428145451,375.10529672645333,0.4539716456346724
5405.0,20.031643879689003,372.26664757168385,0.5102750494064521
5406.0,20.29620073192764,370.5872258824465,0.5729168808360527
5407.0,20.354224072872046,369.18090098892867,0.6194914002866175
5408.0,20.31846596383283,367.4501408156401,0.6610592460802499
5409.0,20.18874379516996,365.39765773212133,0.662001734225312
5410.0,19.858303365119294,363.96361238960753,0.629409442753824
5411.0,19.447975285399938,363.22446989988345,0.6228646253463528
5412.0,19.268378513274254,362.4952411223548,0.6660776603643561
5413.0,19.37586392846552,361.58568626178294,0.7422632504399401
5414.0,19.67272197551729,360.51838457979807,0.8401003632546121
5415.0,19.935921738353283,358.8021568139146,0.9792185834564676
5416.0,19.967823009739735,356.8007281775641,1.1165344554445633
5417.0,19.9677833291508,355.4414168789052,1.2109816190052103
5418.0,20.149677453233426,354.44238122025604,1.2899262225856558
5419.0,20.400795330838083,352.1619077773108,1.3525241550917184
5420.0,20.456648562293125,348.9005651523745,1.3919187431915234
5421.0,20.438105970500523,345.85472494197546,1.4514582474143358
5422.0,20.505309977316365,343.8746487550434,1.5228891515106022
5423.0,20.7813623050982,342.92296977203875,1.6187634736964496
5424.0,21.11732875042587,342.4944774834639,1.7500508635302143
5425.0,21.424671414233387,342.35396790458265,1.90382323127682
5426.0,21.494881195452418,342.305128519802,2.02968030639888
5427.0,21.285035618884052,342.02969269452615,2.0724816452312567
5428.0,20.91939817487258,342.1187358484459,2.0937170875686975
5429.0,20.4019208236371,342.16380541764187,2.169170916191302
5430.0,20.04129987414108,341.5393347488542,2.340042146407337
5431.0,20.14675361922279,341.1658611839841,2.5931679263718244
5432.0,20.710628826788376,341.85768789872094,2.9137008001444276
5433.0,21.313517700657904,342.47579902037677,3.2731646568021024
5434.0,21.553706161593485,342.0227833542869,3.5171418510798027
5435.0,21.391441875298653,340.4047542247321,3.55377393319936
5436.0,21.353481298538597,337.87566780853706,3.387380470823737
5437.0,21.448423303158062,335.1385355730019,3.0949624976753025
5438.0,21.544647828451563,332.562004890691,2.770393269876026
5439.0,21.5979579439105,330.06813928950623,2.485335570657984
5440.0,21.683573105700013,327.0574541091756,2.311398413439992
5441.0,21.82001097121509,323.9602986162782,2.2786581176253504
5442.0,21.957656748204045,320.7110842578272,2.3478762370307344
5443.0,22.05236471970981,317.2081489356199,2.4599782485139685
5444.0,22.126554037701894,313.959510411421,2.56823175875053
5445.0,21.985412225796996,311.70063301947386,2.649042307122895
5446.0,21.535174207156395,311.3072227366322,2.6579812237784566
5447.0,21.131940476356924,311.90774520706384,2.578347797879902
5448.0,21.00692342222748,311.54711870636686,2.350330576347864
5449.0,21.378121845106566,309.70856824707624,2.0894799348612225
5450.0,21.954569129953498,306.9680937029745,1.9272142957332732
5451.0,22.481881708449308,303.94070010119356,1.8071981713349037
5452.0,22.498373509484598,301.0327251358304,1.7098285607930572
5453.0,22.19324700908565,299.3190076128307,1.6265176735140001
5454.0,21.679939649176287,298.78324407277444,1.6075269213241223
5455.0,21.008002352207583,299.2424819002551,1.642326291845184
5456.0,20.20527348436397,300.2026610990619,1.71667118131964
5457.0,19.359876008198526,300.733472606893,1.7699755482423183
5458.0,18.61940070721453,300.63086273022907,1.7778740901933023
5459.0,18.014547158960465,299.82712309001323,1.752083525782926
5460.0,17.525139254716215,298.0133807396637,1.70761699326724
5461.0,17.179535070602874,296.03135410072946,1.668451999251918
5462.0,16.97306638219542,295.50565084117284,1.6122416483950084
5463.0,16.756090571136156,296.6907468892199,1.575687985854092
5464.0,16.41058090704615,298.7695639138088,1.5510005362445582
5465.0,16.021746023882326,301.0726446291117,1.5515362254698328
5466.0,15.811880944395046,303.560629324474,1.5508347292225224
5467.0,15.949865095224368,306.06336994195567,1.4944494042905625
5468.0,16.273535843656525,307.9855170991109,1.3162611502980626
5469.0,16.500727253100035,309.1384787336632,1.0754055856711695
5470.0,16.587988032579744,309.87705246389106,0.8858964625817328
5471.0,16.55189808832576,310.1005683748039,0.800689034335044
5472.0,16.413839042992127,308.62212941349856,0.7996174437811562
5473.0,16.07948559366909,305.9656584807384,0.8297689246272408
5474.0,15.55982190372788,303.557305375274,0.8781836423371209
5475.0,15.148663871299402,301.4879901592267,0.9428710041387025
5476.0,15.025189557607922,299.90160140619605,1.0042188202496962
5477.0,15.199832917607617,299.2430278451592,1.0229056258607208
5478.0,15.574657190534959,298.57753061745905,1.0023490378768687
5479.0,15.979201323536461,297.34061150527265,0.950157895893785
5480.0,16.20036530804071,295.9891806417632,0.8697572340122176
5481.0,16.294123332872037,295.3067824825563,0.7392077372250481
5482.0,16.265735576985627,295.51918387040485,0.6018228476326565
5483.0,16.079119168957288,295.7864282094636,0.4761038364077283
5484.0,15.57591322067892,295.2724045311307,0.37021409185388404
5485.0,14.965133177702711,294.24269604731523,0.2837806046607844
5486.0,14.705733759703024,293.56733580240234,0.2211884296894276
5487.0,14.918936995515837,293.2644519386731,0.1850081522105476
5488.0,15.44272002732857,292.8549476597473,0.15457493500083608
5489.0,16.00851233188321,292.0541041412739,0.1322027202334864
5490.0,16.513696132624368,291.1111816535368,0.11656613464190889
5491.0,16.89555578252775,290.3050953828293,0.11275722763116487
5492.0,17.15871564971016,290.0903453440647,0.10620773352627837
5493.0,17.257900408486925,290.557277034381,0.08351211059654438
5494.0,17.2291360741203,291.55206999583686,0.05563629384984089
5495.0,17.24586885280429,292.4410099621049,0.03893910127380489
5496.0,17.361552391692946,292.98226240158317,0.026577607096960006
5497.0,17.457599665555563,292.62014749532943,0.01126077736457609
5498.0,17.655554179237637,291.64298280319895,0.0017870555660163933
5499.0,17.96263108363742,290.7755542911065,0.00020401865792010157
5500.0,18.34618036284434,290.83884880724383,0.0049419339352321
5501.0,18.48773422741644,291.67911047099113,0.013528783756890015
5502.0,18.377610637523404,292.88534936023075,0.018811913721640913
5503.0,18.20607625345525,295.0864008787336,0.023810690368836922
5504.0,18.21048495255527,297.695197650793,0.02648668365729001
5505.0,18.161752603790205,299.07087680208963,0.030065649162360125
5506.0,17.91684108927126,299.4183500017196,0.03531757590068411
5507.0,17.688937349820982,299.74331214962194,0.03168772386941159
5508.0,17.55399433674164,300.55495830305847,0.02436517137664092
5509.0,17.30714605692907,301.14382550443554,0.016774534133571602
5510.0,16.839647204417766,301.16817399276187,0.009828908138722512
5511.0,16.177483321553094,300.6330214034929,0.0061743276420721015
5512.0,15.726067192895725,300.11766608568604,0.0028488479251600053
5513.0,15.60274181993697,299.2800882200651,6.866967840099871e-06
5514.0,15.507710344567979,298.5679088360357,0.0009178724588880964
5515.0,15.262176594241614,298.9215532277432,0.0017412869074128993
5516.0,14.932432390460313,300.0204567109219,0.0037228643934784007
5517.0,14.590407021253156,302.7870903179688,0.0049236843508609
5518.0,14.241772037366019,306.976581745478,0.004636110559220102
5519.0,13.986771602265563,311.56715292299737,0.0049429870687044
5520.0,13.746448363124495,314.6275306363525,0.009058874526734385
5521.0,13.680983549083448,315.83317693924647,0.024447767875152394
5522.0,13.609042830262702,316.1164462634036,0.0594139845000256
5523.0,13.49539500294241,316.04348664478283,0.09140295121922408
5524.0,13.379391033069298,316.3445012563837,0.11187697743362558
5525.0,13.295097057733175,316.7777575251474,0.1368450087234624
5526.0,13.101457467201602,317.7808300260836,0.15680670997759288
5527.0,12.87742361337205,319.15994968942994,0.16193093490534488
5528.0,12.751986792277606,321.2407204190551,0.15166373947528408
5529.0,12.674106237055211,323.91080821909645,0.14214319817456889
5530.0,12.502681875061183,326.40425305825033,0.1485306703264329
5531.0,12.298723061579459,328.24558973912264,0.16856505620556247
5532.0,12.403663739760603,329.5077938223382,0.19374544730756246
5533.0,12.861049629477911,330.1258179622537,0.23549474698956008
5534.0,13.50879384435583,330.0858065994683,0.29956421776515996
5535.0,14.111824400806887,329.77922078604945,0.36368728567330805
5536.0,14.573288460455428,329.24340780571123,0.3939315051465369
5537.0,14.831284460128048,328.84403669845136,0.39110081981069156
5538.0,14.837947835792376,329.2118669934962,0.39002313201562233
5539.0,14.632570765688834,330.4176093690397,0.3881547677076624
5540.0,14.26927015722656,331.29943367377456,0.3887522749400003
5541.0,13.87812473657367,331.06728850320087,0.4019712668649616
5542.0,13.601546250671857,330.7680391239456,0.42885152114035363
5543.0,13.558344021326548,331.63724084279085,0.44427254551355283
5544.0,13.78229324414023,333.8289389131088,0.43678962951638434
5545.0,14.127611670432541,336.6774467521246,0.4255536989463529
5546.0,14.461196268720961,338.3635724353687,0.43127674525288956
5547.0,14.545793011521772,337.6152745908517,0.4643605826304064
5548.0,14.25841041504348,336.0632707580151,0.47164513507806244
5549.0,13.576618577182467,335.43940888262523,0.44251615830845437
5550.0,12.785418380355715,335.65479383921513,0.3822350038074649
5551.0,12.226493527449703,336.16473886117717,0.31665862655600413
5552.0,12.056584646436487,336.72124596216764,0.24235474116934436
5553.0,12.13533449341249,337.15657399671943,0.1874986733447689
5554.0,12.376001823656726,338.1153669288233,0.15867424572520958
5555.0,12.79931842693452,339.5398046253827,0.1445675829937936
5556.0,13.217718241924,341.26835564143806,0.13800077088870247
5557.0,13.473103725750928,343.25830001424436,0.13374534008640998
5558.0,13.533152193720023,344.8391206688145,0.14356113306494436
5559.0,13.551732173564707,345.4455740140225,0.16145771316036006
5560.0,13.656524906568544,344.33769815545554,0.1663365407278129
5561.0,13.75003876043398,342.89355723761304,0.14706349866018806
5562.0,13.674193651102291,342.55538469220323,0.13178106639622436
5563.0,13.398738487409412,344.11724666599036,0.12156299368332248
5564.0,13.136295946600066,346.77960802373786,0.10734436559025
5565.0,13.04640204878612,348.99054151473536,0.10265903080407039
5566.0,13.149618133145646,349.8923157563603,0.11766252144848409
5567.0,13.264325486771506,349.14554018520215,0.14347975045958408
5568.0,13.319985487659581,347.3833491424399,0.16183434762496
5569.0,13.353747043513966,345.5480616459352,0.17208307435126086
5570.0,13.41640814714957,344.94122485881985,0.18309009171847837
5571.0,13.530812099132048,345.85621680854644,0.18400385905402405
5572.0,13.63720944031056,348.17349571481924,0.16470588644647285
5573.0,13.60687265242528,350.7106027001795,0.14517602702887836
5574.0,13.468060757473634,353.40937170357313,0.13879139387500888
5575.0,13.429638587417234,356.3104752989628,0.13324843403040998
5576.0,13.588217372329206,358.5683213076941,0.11922988009023998
5577.0,13.797648132584474,358.8151553614672,0.10318018763189286
5578.0,14.034562139783608,357.2721561096239,0.09033582669345609
5579.0,14.405950663675153,355.72188230735014,0.08501224267458808
5580.0,14.816193908859285,354.7778251385449,0.0866054210582401
5581.0,14.919426069777943,354.49899857691565,0.08742343360421159
5582.0,14.567261712949731,354.3201869025844,0.08645942162642886
5583.0,14.061989404634886,354.76987394534825,0.0852900425482681
5584.0,13.541238764094528,356.65720456938885,0.0779981171428449
5585.0,12.998333672421634,359.48222075066803,0.058056030264276075
5586.0,12.648907490295665,362.0527995036546,0.03712423750578009
5587.0,12.67118316003309,363.2273972835144,0.026125304272897602
5588.0,12.916262763360063,362.8688062851103,0.024601906815002506
5589.0,13.121624403415758,360.9369162961644,0.02648664134300888
5590.0,13.176500267431601,359.19184229925037,0.021066708164062503
5591.0,13.1442390109524,358.895123334928,0.013071582134240388
5592.0,13.061554947219927,359.40891368902066,0.007075294532152901
5593.0,12.826668780069209,359.6613477165134,0.0072479358737361005
5594.0,12.385571593686246,358.9792317343176,0.010515044289552088
5595.0,12.026737059391477,358.34341891833037,0.01863986201729438
5596.0,11.999130144253122,359.3373770267619,0.04204850858672887
5597.0,11.978834291768466,360.2224155356675,0.06363842233956489
5598.0,11.842408657830406,360.0119048970529,0.0809635692993604
5599.0,11.692860704585549,358.8388803730142,0.09812402758100248
5600.0,11.509948766202772,356.70272391844964,0.1243915128410761
5601.0,11.29120734680707,353.68000129703057,0.13223651509069206
5602.0,11.226137322675266,350.3834185215273,0.1455822721010025
5603.0,11.369373299181015,348.924355353289,0.16936793716008958
5604.0,11.510463298452319,349.65768340666887,0.19700363030782808
5605.0,11.626135104613132,352.2864291662366,0.23412384792317156
5606.0,11.895136148321411,355.33980564170855,0.2747696311651729
5607.0,12.19596721425625,357.83489045749906,0.31240625499025954
5608.0,12.425351884500788,358.9589237610204,0.3382567337784649
5609.0,12.502539802474024,358.0234063373916,0.3522952752854089
5610.0,12.31682166751702,355.78269786352433,0.38501715991620006
5611.0,11.991682920252883,352.77458743602205,0.465889518721
5612.0,11.6826416263452,350.4678187229874,0.5747566694293264
5613.0,11.417541725195797,350.1004802949534,0.6511852808386703
5614.0,11.243559193216058,352.38833015576506,0.6782814797759716
5615.0,11.180496340629004,355.9317369431933,0.7134116110907808
5616.0,11.139781493192455,360.0498014854709,0.7817103474928224
5617.0,11.100565059176102,363.5230921438704,0.8125359137319076
5618.0,10.93093410638154,365.0792867135726,0.7996333072039523
5619.0,10.593222457673608,364.6059683377888,0.834641151753781
5620.0,10.160957603300488,363.3701390778817,0.8773080147337284
5621.0,9.793146550580122,362.11486095788865,0.8605427786048023
5622.0,9.649123670650898,361.71096832832626,0.7967980465967025
5623.0,9.683050173129597,362.384387517205,0.7283260206996361
5624.0,9.903961970664964,363.5910368687231,0.6740902116382009
5625.0,10.058430517848294,364.59191098598586,0.632575593761364
5626.0,10.073839452769313,365.71942696135335,0.6040859754729023
5627.0,9.916130525505213,366.94753705457015,0.5748796290547489
5628.0,9.77934300161869,367.023084433347,0.56435748091129
5629.0,9.777392605365062,365.91597480483676,0.5551808202348848
5630.0,9.887771576378599,364.924158551399,0.5311097065671074
5631.0,10.144258060326937,364.55094571942624,0.4978335687811684
5632.0,10.380132038078711,364.4917278380557,0.46945728484042093
5633.0,10.461969161070627,364.4469363463942,0.417771308642336
5634.0,10.402372636408481,364.9372594982938,0.3588279794671504
5635.0,10.357429143615997,365.9176298417585,0.3162313254333601
5636.0,10.305192905578254,366.0430505204126,0.3019769672809761
5637.0,10.294393192711784,365.015347776905,0.3191865359587216
5638.0,10.224800396520672,363.1386197108773,0.37046933285808636
5639.0,10.02976852768176,361.3819740082296,0.44581424938783293
5640.0,9.741673953543632,361.16981612588364,0.487322234412396
5641.0,9.487169461202507,363.4644862819343,0.48703282355811683
5642.0,9.298475411388825,366.65187781737285,0.47915677457648
5643.0,9.249918946459843,368.18915028457553,0.4881272068942201
5644.0,9.206657223721812,368.33725053658,0.519286742077181
5645.0,9.190821323317826,368.83668568412344,0.576429236270597
5646.0,9.202329803240325,369.5943542160984,0.6539846593785125
5647.0,9.310304634301472,369.1437230628992,0.7664074848268804
5648.0,9.589617097560277,367.7289023316278,0.8984530060871121
5649.0,10.00373341610777,366.3730647574082,0.986239049496576
5650.0,10.4934049431915,365.78741826211507,0.9861261377485455
5651.0,10.905073606499949,366.5078580015856,0.9356161472926009
5652.0,11.12368817931881,367.39556412997973,0.9011941277250024
5653.0,11.06803392201563,367.89582145438357,0.848558351016953
5654.0,10.697923375239359,368.63952384015374,0.788327005490396
5655.0,10.225790788663321,369.9645530495558,0.73576336852225
5656.0,9.931853671324607,371.6845709249079,0.7084927940816195
5657.0,9.952004198872872,373.69635317713534,0.6846533625151088
5658.0,10.246404585120311,375.78861814576163,0.6549543181845504
5659.0,10.498904658933768,377.13193224803194,0.6344906917445775
5660.0,10.390903446267304,377.61374618141906,0.6146309749747216
5661.0,10.078641548075016,377.1454245279865,0.6025958581194304
5662.0,9.943529253297164,375.5197863707891,0.5774234350954688
5663.0,10.131424321543225,373.5083794748974,0.5195071152692964
5664.0,10.506992203061825,371.75987436480784,0.4779562774521923
5665.0,10.97529647130225,369.9241063882854,0.478524717158136
5666.0,11.401621580261411,367.1389180799433,0.5201468066409615
5667.0,11.772007758813121,363.30034135327037,0.6177020294136484
5668.0,12.0532390789418,359.2525557084142,0.7664290735024224
5669.0,12.064402802483407,355.8912562346546,0.9038002199654465
5670.0,11.79485278750679,353.43031167439386,0.9905288126798596
5671.0,11.520234604321352,352.8088404110162,1.0323440281166225
5672.0,11.477208285980236,354.02289348911523,1.0432207813712397
5673.0,11.623061657084545,356.626409994203,1.0314461833699322
5674.0,11.764302364389893,359.48748975852436,1.014144324860129
5675.0,11.68663082712653,361.26137177257885,0.9655161430583762
5676.0,11.427411237598976,360.9364850339792,0.8964412229136398
5677.0,11.23876370609637,358.9582500340616,0.8590041728220484
5678.0,11.231803470349124,356.87237877239056,0.869379289154112
5679.0,11.219712236147531,355.33006303724443,0.9008528252613289
5680.0,11.151496118699649,354.18634111511136,0.89585562451225
5681.0,11.13870246318208,353.69735641530235,0.8519515398090841
5682.0,11.221544064357582,354.04507128538006,0.7914856275768484
5683.0,11.453709448769041,355.0870629281406,0.7590295157289999
5684.0,11.685302749847384,356.0970885443502,0.7282464499745449
5685.0,11.768935260755713,355.8458667894554,0.6732587484103716
5686.0,11.824964630353836,354.122573713767,0.58774777593841
5687.0,12.018116427274558,351.7695724827661,0.5090096610977569
5688.0,12.325263189242573,349.7250824538628,0.44380386653832365
5689.0,12.50083223658256,348.23694245711005,0.3877970992049449
5690.0,12.459893546723352,347.4632408858828,0.35574159211819284
5691.0,12.357054836145677,347.32120798647145,0.348681640563144
5692.0,12.497841112848818,347.56385134113117,0.3628201616048025
5693.0,12.949840127965278,347.7075587304296,0.37691699461963557
5694.0,13.414114866811108,347.68712461886724,0.3787010859225635
5695.0,13.776006925171009,347.81094865890793,0.36082082334997695
5696.0,14.11544619283418,347.99509880872307,0.32345356265884834
5697.0,14.414723590925288,348.32852711773984,0.2756185530376995
5698.0,14.586933251697673,349.8855751077351,0.23901542677536158
5699.0,14.68094291834386,352.04974232950923,0.2329588221892864
5700.0,14.888885640477133,354.01493006332885,0.25990706199285607
5701.0,15.2244299108352,355.4258477377389,0.29726174065412253
5702.0,15.573945175830115,355.96002088730984,0.34660519120442246
5703.0,15.885532427282858,355.9134392736848,0.3845409513185956
5704.0,16.231882756781964,356.1545773072168,0.3905700769307235
5705.0,16.546222177234846,356.47496174931297,0.3946753578715249
5706.0,16.681751058780403,356.3435784837294,0.4173641671497983
5707.0,16.573750175786408,356.46266420149965,0.439696305216
5708.0,16.351518181771105,357.51530587804757,0.4223052954370441
5709.0,16.162021226258688,359.15085520571665,0.3641553059659524
5710.0,16.080849557934773,360.2227863957054,0.31345532389005604
5711.0,16.055938567269887,360.5197653391526,0.3151049420055681
5712.0,15.986696206633422,360.84236015312234,0.37424736115776003
5713.0,15.801487030257062,362.2753834108077,0.47857197901366083
5714.0,15.514537589406048,364.1805291067429,0.5876749313881681
5715.0,15.414581424379007,365.4143968776119,0.69126320722176
5716.0,15.744847424495061,365.65536544565117,0.7862842404928899
5717.0,16.37863199517111,365.73707001983695,0.8640449462344323
5718.0,16.921123713311424,366.41008337750696,0.9979545869996328
5719.0,17.201765872201346,366.91476744817555,1.1727293495731643
5720.0,17.38511793227132,367.1807723598746,1.3420883525040368
5721.0,17.621179446708496,368.5875705043172,1.4789394388615718
5722.0,17.77821650596662,371.0622790499337,1.5984026035490702
5723.0,17.91582937277349,373.7223363449104,1.7401921550493653
5724.0,18.045937128678958,375.9307325729556,1.87184181051729
5725.0,18.242728472956514,377.402397960202,2.005761541575792
5726.0,18.469949378690405,378.35226562855735,2.1670096929167553
5727.0,18.56245153111565,379.0533995131749,2.325369813500669
5728.0,18.462705596244003,380.06684218105744,2.44334254001786
5729.0,18.192507614304404,381.8405478862662,2.543923016722081
5730.0,17.886377596102676,384.0428158338278,2.63610033989184
5731.0,17.58151567581124,386.15314949919724,2.6917450227067454
5732.0,17.273450906550856,388.21205345887796,2.7409456661856253
5733.0,16.980235904718914,389.4159568246425,2.80748991980356
5734.0,16.802850442366562,389.601385377934,2.9307326745293585
5735.0,16.731811308225538,390.45069786250264,3.0560701335013247
5736.0,16.898780807832527,393.45476677619695,3.1499430819024097
5737.0,17.282583306226023,397.9206110585921,3.2321988934381585
5738.0,17.761082313509803,401.5282445252347,3.3240027055599524
5739.0,18.0948570631011,402.8524889811052,3.4283270921686086
5740.0,18.150842771648744,402.71592135813535,3.4941427799145166
5741.0,17.99858903465536,403.0877090287851,3.468772635536657
5742.0,17.731699780288196,404.1889689095852,3.3841209119798803
5743.0,17.51915628146237,405.30945577777334,3.3162188776653454
5744.0,17.263424690818614,406.13127779070896,3.3639393169202503
5745.0,17.09659014278133,406.62775009676955,3.5606427230795714
5746.0,17.09199346128282,406.4727443174755,3.856309231676513
5747.0,17.30502733913757,406.1962756668083,4.138788893569849
5748.0,17.677764750643558,406.2749764220696,4.328321758960848
5749.0,17.862659067019692,406.98404064396254,4.449559669276244
5750.0,17.673929535710542,407.48650784565456,4.4391730294289395
5751.0,17.220629728778118,407.053933107668,4.2128140896485275
5752.0,16.740739423223317,405.66791568750426,3.8805504116730125
5753.0,16.45499023692001,402.8455078515953,3.6919611101194754
5754.0,16.608653515071694,398.62350385549706,3.72869418769929
5755.0,17.043820072717466,394.01518054499235,3.845180617152504
5756.0,17.49642536292458,390.2305712458553,3.946966320763075
5757.0,17.818471609606917,387.954778766752,3.92662160683884
5758.0,17.966749866406495,387.37300797299014,3.7988563232902495
5759.0,18.143649405826963,387.5500155390032,3.669403137928704
5760.0,18.3936963330898,387.68880213274355,3.635914003060998
5761.0,18.574846759338246,386.93251222824,3.6937022237844626
5762.0,18.433860855083875,384.9670084579489,3.822834530161421
5763.0,18.006680681972643,382.03195974517814,4.0294000651126325
5764.0,17.62377913069225,378.1056472691381,4.257574660534375
5765.0,17.431804290445907,374.4687382524276,4.449897094967525
5766.0,17.428580979927037,371.56572579201605,4.53891264716176
5767.0,17.441795080959746,369.37483726077346,4.522082674587587
5768.0,17.541232420027704,367.31909029060176,4.375675686222096
5769.0,17.51745161619483,365.8909197782452,4.190203718741664
5770.0,17.257065993323,364.9324084145131,3.997054902299688
5771.0,16.76842852760421,364.1156766698594,3.8438052771950004
5772.0,16.21236136830183,363.8842655315806,3.7421267865350623
5773.0,15.858480963468889,364.8806925243503,3.724678863882144
5774.0,15.823430961359168,366.38159589469683,3.820816084510824
5775.0,15.75441114721198,367.1375155056392,3.954950321438376
5776.0,15.295814777424416,366.8865181693527,4.059314593439846
5777.0,14.873354458425391,366.1040455312548,4.152869589181264
5778.0,14.705730921947039,364.7589211300771,4.359890411789205
5779.0,14.629409899230145,362.4266628755455,4.660969893291202
5780.0,14.406399373210162,360.1200028392669,4.996707227838665
5781.0,14.003671953275841,359.2619664106063,5.241668805644191
5782.0,13.476479836318198,359.43702187168236,5.385509016833003
5783.0,12.931354014848255,360.2185448614881,5.5317863065460005
5784.0,12.644700535989113,361.7810735137487,5.703545523409896
5785.0,12.671616943978961,365.1625752645718,5.854179957233212
5786.0,12.737088823407987,369.74901344237765,5.947924254159955
5787.0,12.57600537976896,374.0600125067252,6.136939782128257
5788.0,12.23123130457235,376.1440108333904,6.507014028136502
5789.0,11.903026337818638,375.97537148791656,7.07874191511387
5790.0,11.633168630627333,374.962932939549,7.72686824030576
5791.0,11.264917237119,374.7534360337533,8.334256218947218
5792.0,10.776947334154256,375.4451893076329,8.738014570656624
5793.0,10.267913909219617,375.4617303543214,8.9290404225
5794.0,9.71690130145469,374.72698846299033,8.993057059528464
5795.0,9.198302074649874,373.77788204889623,9.000097080261792
5796.0,8.853155834897102,373.1547775843875,9.023944324702326
5797.0,8.85243585611675,373.138871573096,9.103224776769805
5798.0,9.088612709797411,373.5579037668452,9.26228033399628
5799.0,9.21578801976269,374.6274112459184,9.352597087406592
5800.0,9.01098911241452,376.0781762101908,9.36539734664207
5801.0,8.542391512714259,377.10542612439036,9.211208064707783
5802.0,8.069166014070062,377.58263495478565,8.918175409805844
5803.0,7.7678387838231195,376.8458147222877,8.584451305662965
5804.0,7.6552810150786215,376.01342859389524,8.354836533917027
5805.0,7.639417170224193,376.41438326842655,8.264709855331906
5806.0,7.731057241169293,377.7745405898429,8.177326515198299
5807.0,7.915407102354886,379.14535428052153,8.016633256074039
5808.0,8.151518865380519,380.1184678865219,7.792266015344563
5809.0,8.387360167226603,380.4633298824768,7.626262678984454
5810.0,8.50972392422047,380.2388538816816,7.507898772572431
5811.0,8.549456994575701,379.63711334178913,7.4233790613511355
5812.0,8.45427569710664,378.9441842538766,7.346333860242894
5813.0,8.293861218349731,378.95223018571505,7.271878939089464
5814.0,8.14196848784571,379.752140867792,7.135189770741761
5815.0,8.007557391073327,381.4191184754803,6.9763612005632485
5816.0,7.803533359749861,383.5241688322837,6.87266806419076
5817.0,7.543549976083663,386.1984309395854,6.839970048515651
5818.0,7.3749763582631935,388.9789950694422,6.783230591635688
5819.0,7.333884253434828,390.6852683776,6.644313599076693
5820.0,7.3387235855417785,390.670726052666,6.521345997442465
5821.0,7.304417885746194,390.0613375158662,6.462742096930064
5822.0,7.306861464706073,389.62745500642467,6.516892862615124
5823.0,7.389897820063223,390.07629984205244,6.474669155057896
5824.0,7.5328967870957815,391.6288757009557,6.294436203512248
5825.0,7.528670292885064,393.4241954079325,6.09769421303994
5826.0,7.391716402946052,394.47685329394756,6.0117989476469385
5827.0,7.142359034719792,394.4773955114832,5.954941978013999
5828.0,6.876109577415689,393.92331738030236,5.896042523494705
5829.0,6.6505017244034885,392.8428935708767,5.823480184445439
5830.0,6.539713885062143,390.2925977236354,5.73479417973358
5831.0,6.546416970907022,386.6936657889801,5.6011184162246055
5832.0,6.632211294863999,384.39265546261095,5.447025214649963
5833.0,6.616871648263363,384.7160774711475,5.361310230697109
5834.0,6.541942750063952,387.4572337019569,5.315247621201126
5835.0,6.530524335779685,389.99123261557077,5.33606063767259
5836.0,6.504673546603821,391.1427154770741,5.458331426224129
5837.0,6.416612075160562,391.24993216030003,5.673851968548615
5838.0,6.412124049264527,390.5536462241263,5.733132348479762
5839.0,6.581188705305217,389.63950732794615,5.540787398366798
5840.0,6.841310211111226,389.25681587554595,5.354110209858702
5841.0,7.099462356607457,389.6283108892032,5.3040448758824645
5842.0,7.387091355094566,390.5861221054683,5.2761705482900565
5843.0,7.799497860970772,391.46108130175514,5.148727223112489
5844.0,8.227397646537284,392.58811526362535,4.954704576600564
5845.0,8.493722755248625,393.71806816267866,4.7974255671788635
5846.0,8.573465617352648,393.80786935118965,4.742025597970564
5847.0,8.516954606909197,393.5133743106425,4.740060805027525
5848.0,8.435755390655096,393.79527011990035,4.659107356361901
5849.0,8.40560069547396,394.6585631051934,4.538129689713049
5850.0,8.25543603689805,394.5820909949084,4.518592667427384
5851.0,8.00368815798574,393.74321316182903,4.638078156807247
5852.0,7.8357198883226475,393.44123577533617,4.706885327137346
5853.0,7.90807215604248,393.97361771517365,4.6449727742516105
5854.0,8.010809061951052,394.7108430502941,4.5804102398344915
5855.0,8.025953705850418,394.82994833940717,4.7184690011818375
5856.0,7.956805224298519,394.81422272073877,5.016995710995313
5857.0,7.867931425478221,394.82365702111025,5.213026304955772
5858.0,7.777194496598352,395.2103918045626,5.224389061710062
5859.0,7.52533771657801,395.6134644551765,5.13925490437655
5860.0,7.1554878801568975,395.66418606609267,5.109061872587559
5861.0,6.759296978279039,395.67215456472235,5.083922184399812
5862.0,6.502393104439323,396.5276988327706,4.985040518539384
5863.0,6.3051189912001595,398.34358797276457,4.905098648553232
5864.0,6.169112816795213,400.32111442068907,4.9827521088224085
5865.0,6.058288717607175,401.2165552001169,5.216782808450617
5866.0,5.899390385997243,400.7904749462445,5.458922481224363
5867.0,5.683064172513551,399.07031043037324,5.561502858667855
5868.0,5.444453015558928,396.78580099534065,5.5278161327538715
5869.0,5.3822079521131325,395.3517354144035,5.44184773858485
5870.0,5.408663876470765,395.5475058838888,5.407414561086433
5871.0,5.453684706187501,397.1838522058368,5.430433854126557
5872.0,5.50939309410893,399.37302947525785,5.362333523330264
5873.0,5.649024271945112,402.10770802959485,5.199573536623875
5874.0,5.768211116236801,404.63503156300743,5.028591555341538
5875.0,5.819526797519811,406.0979515529831,4.899923621915953
5876.0,5.791400261867808,405.4944327100129,4.756796899327732
5877.0,5.749821828295532,403.9323172345562,4.546639022705104
5878.0,5.7871806459966395,402.50588521743254,4.353954479485185
5879.0,5.845583339959375,401.62432007013035,4.194859476950072
5880.0,5.970138712340092,400.80470351075195,4.122409402590626
5881.0,6.169479029260961,401.0423818164939,4.078959624735035
5882.0,6.534460688583175,402.4711645146224,4.027126555337233
5883.0,6.832079196394636,404.0817505373683,4.017455441839993
5884.0,7.043743017745909,404.419592618504,4.141219179902045
5885.0,7.1125353601956895,403.93440422058114,4.305894463715904
5886.0,7.105170983233075,403.6092579884306,4.386861843896668
5887.0,6.979019321172888,403.2597121541235,4.328766864424455
5888.0,6.771566363285222,403.2141942904671,4.139613192663525
5889.0,6.541807549568061,403.1951396162186,3.911862734864702
5890.0,6.374268692640587,403.04160502103105,3.6685819413001477
5891.0,6.30370035623241,402.5518947727726,3.5017359948147604
5892.0,6.25543688187338,402.04934538264456,3.391567723478903
5893.0,6.29128535496251,401.35013296820557,3.354249650925545
5894.0,6.368007987886912,400.61119609721436,3.3417538599185312
5895.0,6.392656070517658,399.23394552629316,3.374852234602868
5896.0,6.231415436019302,397.72268381558087,3.425460565968
5897.0,5.977364672635801,397.71216156699296,3.475528136160386
5898.0,5.796960686730109,399.0725258543841,3.474765502345844
5899.0,5.679349205507791,401.54059895340583,3.4381780898869505
5900.0,5.537617165210208,403.91927168427475,3.475744432924522
5901.0,5.417724413464325,405.5056067485453,3.5629988394855623
5902.0,5.31728457140644,406.24870718791135,3.7310241663422468
5903.0,5.20680304987452,406.2877805880637,3.9466354631219644
5904.0,5.096481343203888,405.79128225828356,4.12190901235722
5905.0,4.998725220648067,405.4174659108554,4.144836813277074
5906.0,4.949197498419055,405.98668617978774,4.095848768597715
5907.0,4.935578673399413,407.0130640624165,4.037433009485332
5908.0,4.890825177671419,408.3401823444066,3.89327167283175
5909.0,4.741504203150221,410.34460346175314,3.7055111178749764
5910.0,4.531119999700418,412.14503879162424,3.612945030392522
5911.0,4.328185905864147,412.2643617418961,3.742541584459801
5912.0,4.2026009836066365,410.48292926431844,3.926842436158964
5913.0,4.1267063416419365,407.9663100913043,4.128443803103273
5914.0,4.134068191449455,405.49644076340195,4.297913896120746
5915.0,4.1143510225954145,403.7147311007114,4.4473112508066075
5916.0,4.054786403046,402.3800980471616,4.496248236373939
5917.0,3.9928214236407027,401.15423025549495,4.4097506495247965
5918.0,3.870564115192505,399.84834637698884,4.235383674502849
5919.0,3.8003128046088093,399.427461022306,4.027502512436824
5920.0,3.881057877405605,400.06045708423926,3.7773809662071027
5921.0,4.0411765473061285,401.20317821543415,3.5501990508038963
5922.0,3.997012318098643,401.54229421043055,3.523553064599962
5923.0,3.740052097413244,400.79270955409083,3.6443965335956676
5924.0,3.4635384798740647,400.6409633657522,3.862879864474682
5925.0,3.2851498700030977,401.42447475205523,4.066058584466881
5926.0,3.2184735305894114,402.4537571796501,4.233876443598874
5927.0,3.294483969289395,402.80611343311386,4.295832963207156
5928.0,3.54118433734011,403.0865537964821,4.28362489207632
5929.0,3.8056458833938605,402.63863239450046,4.248608471729783
5930.0,3.944075053527203,401.2415114520689,4.229188836210689
5931.0,3.8692273600169287,399.2810101821748,4.278840190398778
5932.0,3.6921367325240895,397.5226229978177,4.344228495844064
5933.0,3.512573612400655,395.82048950597743,4.393674323313049
5934.0,3.3547413063501828,393.86553865874873,4.426103740492333
5935.0,3.258034783107343,392.30283439008866,4.515607277517389
5936.0,3.2013775589427835,390.26929014999024,4.647344551592404
5937.0,3.1764111771961874,388.3254309946503,4.747728100755238
5938.0,3.123137959840843,386.8231101171067,4.820784334361972
5939.0,3.0535678025073665,386.1268843204456,4.88132467857144
5940.0,3.0096229157091896,385.9724942888556,4.92136821800649
5941.0,2.937187390124002,385.9892396978305,4.988059658204674
5942.0,2.7529031601562495,385.4404673786417,5.131209597436675
5943.0,2.4540476342615993,384.38059281017746,5.392399571260645
5944.0,2.2637477361153597,384.21080135138277,5.797435107246324
5945.0,2.287674490786361,385.28414775095666,6.044046321020208
5946.0,2.4581243037924225,386.9267566320253,6.065821487454321
5947.0,2.599195772464622,387.6892483040726,6.011515756877347
5948.0,2.615859612613325,387.2556535386313,6.01486710351076
5949.0,2.529344232653088,386.3253331014507,6.025310009917478
5950.0,2.4278393067454,385.50102937728684,5.899152893863153
5951.0,2.340011276767011,384.63314926249166,5.630999672242561
5952.0,2.248081399177709,382.03768116571666,5.38048607737275
5953.0,2.132956409713802,377.3053278580094,5.230206441303092
5954.0,1.98427369280625,372.5233152468899,5.114451406903785
5955.0,1.8676518916767721,369.1436896320827,4.9565569348760645
5956.0,1.8424984633027561,367.6465932305142,4.73140572670948
5957.0,1.8919055342554243,367.42004075197525,4.516568804310643
5958.0,1.9963781082630025,366.7614119171545,4.421241819197007
5959.0,2.0873648027939717,365.30304082773216,4.534625956227854
5960.0,2.116749286477562,364.1603325399326,4.806919263575936
5961.0,2.0663537528334275,363.1772011484906,5.116532664965652
5962.0,1.980105654111552,361.90235029175193,5.316764644418323
5963.0,1.949327946817222,360.4827500550636,5.402000467776158
5964.0,2.0660832563725218,359.67426433732084,5.4074396752716485
5965.0,2.3191558800062495,359.2489684911189,5.3587012671961345
5966.0,2.5888821263001227,357.70192342970785,5.269761913454439
5967.0,2.7323217884159043,355.1855249753397,5.249446221888999
5968.0,2.771184739006256,353.2611661953365,5.391892238970627
5969.0,2.719638761157252,352.7880202852875,5.553902727050241
5970.0,2.6221075852251365,353.04159181774116,5.594441953287852
5971.0,2.496748528563884,353.6338094416544,5.538566821987681
5972.0,2.4103718505360727,354.59257610742594,5.469812650820563
5973.0,2.4587119655868013,355.26239592392005,5.299647604683323
5974.0,2.6417785834611083,355.120283735826,5.0489870693038155
5975.0,2.7781861038935056,354.4386693695922,4.85650436600484
5976.0,2.7833339645226354,353.5130699762206,4.812322717306476
5977.0,2.6662037597960153,351.7255190185401,4.86696148338481
5978.0,2.4602076840642066,349.7501470221143,4.990606814594892
5979.0,2.1738848480999993,348.35071098010746,5.188501627611191
5980.0,1.9309544762428934,346.7082707364035,5.36015414236845
5981.0,1.8030816271265624,344.5933227718895,5.384005884564446
5982.0,1.8240018602805763,343.0853863953781,5.240093998145027
5983.0,1.9004878620061487,342.43603315314203,4.975828644057902
5984.0,1.946863764360359,342.50330223046575,4.681064439683632
5985.0,1.9463775045617957,343.2090152721614,4.466785494493951
5986.0,1.901685486800176,343.80397136177686,4.35626399872225
5987.0,1.8401713347997226,344.02060105871857,4.351579027564577
5988.0,1.7881253154964802,343.0439660056341,4.533297011214485
5989.0,1.7934698713204027,341.09705916961286,4.925262618267292
5990.0,1.8597960883184272,339.4808792650476,5.341827610337147
5991.0,2.001972317272704,338.88872215383026,5.571094168997571
5992.0,2.142331596030948,338.8197389340028,5.590001591151297
5993.0,2.186689939540444,338.7543013256359,5.499098867748062
5994.0,2.1383110831581797,338.8454827963116,5.355725708099928
5995.0,2.054454726235086,339.30580679079856,5.106013015692277
5996.0,1.9591626094608101,340.5049469038978,4.8417911856897025
5997.0,1.8544807468021043,340.51851278191253,4.680981315433154
5998.0,1.8305247902484536,338.7176673441419,4.529549963683122
5999.0,1.8412693375824394,335.887200759107,4.438014038274303
6000.0,1.9016351530444944,333.4329213504314,4.431888723586521
6001.0,1.8824198642508247,332.1690182891313,4.489201483306017
6002.0,1.7713378249491447,332.4244690339282,4.552958281613089
6003.0,1.652286092112096,333.9033735785941,4.569167327979546
6004.0,1.5581718014869497,335.4608187325103,4.526963799049037
6005.0,1.493249637557683,335.0930414503246,4.351380688773468
6006.0,1.4061073630042398,332.9378535792058,4.103370184790845
6007.0,1.3260235288079019,330.3242521487371,3.8122175124984063
6008.0,1.2568627660031875,327.7823560212172,3.537764797252302
6009.0,1.2114744489,325.4482326201935,3.1888382758190597
6010.0,1.1713185046145955,323.4872620557627,2.9148221053707006
6011.0,1.12639759523344,322.04828021145147,2.8530410744775625
6012.0,1.0953100417157717,320.33827227073357,2.9625121936011
6013.0,1.0911239361506886,318.2274074898632,3.13429916418304
6014.0,1.1101461442621723,316.284313192393,3.3078714232798117
6015.0,1.1309056332338203,314.1936870345903,3.3949480871314797
6016.0,0.912700271748111,344.6956761134153,8.387755604555327
6017.0,0.9091432754490026,343.9842832141206,7.886253403441812
6018.0,0.9332472699116175,343.14317404268326,7.36838961811373
6019.0,0.9816775062529596,342.63649228186296,6.879537736043544
6020.0,1.0894523267109886,342.9410448644362,6.368606119822867
6021.0,1.2429582840065514,343.6700188111895,5.94197527362356
6022.0,1.3875769689838844,344.9215786778364,5.632074158096738
6023.0,1.459972046346581,346.2727820485347,5.477398624878806
6024.0,1.428278972691188,346.1884624451263,5.381519039250617
6025.0,1.3278175755755093,345.0779583237544,5.230680539778971
6026.0,1.2314840935896008,344.4052747483605,5.0094495781092006
6027.0,1.1976273115545601,344.4564619091669,4.826220793141177
6028.0,1.2672586218146733,344.58560125607005,4.604205683610864
6029.0,1.421559307122224,344.38353420790224,4.267736759621018
6030.0,1.59372915141962,343.60906411816234,3.8623824717302497
6031.0,1.7129586702722222,342.1361404912525,3.503803891209502
6032.0,1.7327604732609592,340.5693881539311,3.306240673544268
6033.0,1.7721326041203846,338.9335519593248,3.248841683833922
6034.0,1.836383957043003,337.86310313925105,3.311724596032514
6035.0,1.886569442218293,337.1568005816634,3.3552341334772326
6036.0,1.8894812555310416,336.4005209281186,3.4236239672640623
6037.0,1.944002440999015,335.63293957874254,3.51289920355808
6038.0,2.094895432735131,334.7802668185225,3.626286012704141
6039.0,2.269874144083023,333.56263176054847,3.6951089968115567
6040.0,2.338671657151993,331.16023565849696,3.626070032372547
6041.0,2.249724548430913,328.2903401614183,3.4807810043031164
6042.0,2.0995953199238424,326.00776876372646,3.3966893618199028
6043.0,1.9957673725400173,324.5033190790724,3.3908527334153122
6044.0,1.985146809107666,323.3136235783542,3.4048839385772176
6045.0,1.9856107478713405,322.2182574206508,3.3400090345831055
6046.0,1.9795719534296654,320.8030949452118,3.1970323278100903
6047.0,1.9820390038998652,319.72734153013573,3.10523887969344
6048.0,1.9869860022961097,319.191333633906,3.0628059076387597
6049.0,1.915849851283598,319.5141613966762,3.074997889844496
6050.0,1.8018297476991496,319.7182866957706,3.0998435260875628
6051.0,1.7970918101256401,319.8264699531411,3.211743879686532
6052.0,1.9211037768716546,319.93131954830596,3.3044183264309277
6053.0,2.1177986068602728,319.6430689382316,3.245322011685953
6054.0,2.2886218411194896,319.33624095474,3.0216887325982813
6055.0,2.3219554077011053,319.6167626021094,2.7109878037402177
6056.0,2.2540149194680454,320.79265042313205,2.5083669756306
6057.0,2.169899341063153,321.45386069184605,2.4296757496685584
6058.0,2.021139646323768,321.18365623514234,2.382288682275602
6059.0,1.854389535014479,320.8365990187471,2.274440140912584
6060.0,1.7388401696977915,321.3192506539532,2.1782504951194728
6061.0,1.67700948593588,322.0110120112374,2.11851198001881
6062.0,1.6877733139348896,321.70953650349844,2.0077624922327297
6063.0,1.7530672777481808,320.4248449999429,1.879344107964558
6064.0,1.8891930162534718,318.2173528350342,1.757603066359213
6065.0,2.0792833353023226,316.34909043636964,1.6917702053116488
6066.0,2.293709280720103,315.0602485940221,1.696478246365562
6067.0,2.4505050241992112,315.21826804331357,1.766907370280462
6068.0,2.530864143343619,316.3825610466014,1.8412229036005556
6069.0,2.6187505072640516,316.9088245891463,1.8439512075387225
6070.0,2.7285965291929606,317.2483456489795,1.7626584523461908
6071.0,2.7675763390356973,318.42606640210016,1.6986377048585617
6072.0,2.7216327300796084,319.8030062631365,1.6907871116272901
6073.0,2.68204746782981,319.83258262856407,1.5908290041924897
6074.0,2.722860569937747,319.34114449650394,1.4510446570269224
6075.0,2.8592075380183397,319.2742222638145,1.4282549033525158
6076.0,2.9990037462389783,319.425364770322,1.5366255392411396
6077.0,3.1140899260136967,319.18097576832514,1.648712265360048
6078.0,3.2198863970895557,318.8763689806873,1.6608126153405363
6079.0,3.282257288574013,318.01446735482887,1.5814384411625535
6080.0,3.238025017060717,316.5914724670269,1.4815415881899645
6081.0,3.155589285956667,315.745217434532,1.447576684210896
6082.0,3.102628070755624,316.1004376567621,1.5162806226198406
6083.0,3.0771821350944153,317.38978588063316,1.6745485798922497
6084.0,3.0823112765135368,317.72697944145716,1.8240190664062503
6085.0,3.10521540764938,317.0480089728472,1.874820560078357
6086.0,3.1339684984892773,316.2356854421012,1.8222773647996513
6087.0,3.1386250939369114,315.67074640069524,1.7518877615056605
6088.0,3.1450181417160112,314.69574269568966,1.7262662543052303
6089.0,3.1674546413274265,312.95544608299025,1.6819084207081747
6090.0,3.248666487633063,312.1022355586553,1.6210790335846403
6091.0,3.3427691974732237,311.8440377869746,1.5925211845277956
6092.0,3.4978774424933685,311.63207377357446,1.605273669336602
6093.0,3.672464395056249,310.6513558976715,1.617466820694956
6094.0,3.8302053779901017,309.01324506778445,1.5758805492514558
6095.0,3.9032725811144253,307.97570945459637,1.506966478982497
6096.0,3.8951080516398964,307.50051461098093,1.4542349667472225
6097.0,3.938566786398352,306.76973056910197,1.4021467107500174
6098.0,4.078279962246528,305.9928418066252,1.3264937175373077
6099.0,4.316131191754205,305.36784762601957,1.2250914208087103
6100.0,4.530446607297778,305.47928011654614,1.1036847811298407
6101.0,4.719290651283268,306.1261058829453,0.9710569516697284
6102.0,4.925482020043291,306.29394267617977,0.859828558721748
6103.0,5.2237418194264365,305.60695076593856,0.8199362987511556
6104.0,5.5518673145984065,303.75422369124726,0.7952465274147216
6105.0,5.7321888994849814,301.75589864711844,0.7312201582233744
6106.0,5.718498147645423,300.4806329118799,0.6135238926550756
6107.0,5.6635247650118545,300.421742597748,0.5047048599311887
6108.0,5.739874889772959,300.91192715488546,0.4345949120458969
6109.0,5.796255929769761,301.17538123413954,0.38050462570932486
6110.0,5.864332152892425,300.88165564564713,0.33938908655521
6111.0,6.033813807242707,300.6954175189323,0.3187622971885443
6112.0,6.235376863465795,301.37471566650913,0.3154721554280463
6113.0,6.438164610856902,303.0945771074313,0.31344166319113215
6114.0,6.7127310974214565,305.0105482681305,0.28772973397980256
6115.0,7.011557434042396,305.7472407598333,0.23101307929924
6116.0,7.2779405814262255,304.847027243148,0.16656119162242808
6117.0,7.550647417732338,303.8384759880386,0.1139249280156289
6118.0,7.8632760103162225,303.58058873457907,0.07296739677004838
6119.0,8.191394942198919,303.80256543028503,0.04086216439296637
6120.0,8.516144308184089,304.188648084803,0.016437409215571592
6121.0,8.702057210632502,304.4112283334741,0.0039434079478336
6122.0,8.679436978458094,305.14200867598004,3.10458467343997e-05
6123.0,8.57139449979136,305.96009329139076,0.002527558531528899
6124.0,8.561352347686476,306.1471740826079,0.006832865719322512
6125.0,8.48837008062056,305.2371719422309,0.0068256033881841
6126.0,8.350970394996793,303.70215953483836,0.004877156286489601
6127.0,8.250236084434654,302.502626940787,0.003700493291622407
6128.0,8.126471618376959,301.56179368035066,0.002897702274696105
6129.0,8.054041254555921,300.11321697702914,0.0011712657485376033
6130.0,8.127551441137769,298.2645518373983,0.0008369142344809008
6131.0,8.262893975625001,296.0050814468192,0.002782751348204108
6132.0,8.367859082715041,294.25648247988306,0.006719216970888908
6133.0,8.491645498512694,293.30789410547817,0.005028096208264903
6134.0,8.56757141585479,292.4638780836016,0.00042739401572010257
6135.0,8.397747326036889,290.63779816858215,0.0011287039825161017
6136.0,8.189120505496327,288.0724081506003,0.007080120177902501
6137.0,8.104968745898384,285.40750697982435,0.015310112654721597
6138.0,8.013443303550709,282.5176976815333,0.02828559548956839
6139.0,7.933352336665735,279.5137904789428,0.038648158894822475
6140.0,7.881317726350142,276.5968886130292,0.041798408162628094
6141.0,7.845000813198981,274.2480524336101,0.03883353431630757
6142.0,7.888243453070855,272.6560294937645,0.03251739414563999
6143.0,8.05862635443312,271.5211416127661,0.029114832369876092
6144.0,8.303412642140634,269.9269294936887,0.031139208015302483
6145.0,8.524708352714503,267.59460835775417,0.034734418015758405
6146.0,8.673350602255878,265.3142464708957,0.03521232734427037
6147.0,8.712929721066526,264.6294762915371,0.034660668912537586
6148.0,8.606569052024613,265.7092878140379,0.03981696985560997
6149.0,8.406683365058175,267.09529310833017,0.04699657735456359
6150.0,8.128020475682359,268.19630288999997,0.041058677796948106
6151.0,8.000212106591745,269.12660616888905,0.025527887654760096
6152.0,8.081029196622314,271.283302956536,0.011104234150156893
6153.0,8.236577300360688,274.04207200983655,0.002262841156648897
6154.0,8.428161242145794,275.7983767344316,0.00016147852305640063
6155.0,8.720331136507662,276.22764955195703,0.0017303295436729034
6156.0,9.151906979397374,276.2449347240275,0.0009393281003715993
6157.0,9.63010886242439,277.05672841814646,3.728042729290013e-05
6158.0,9.96096279146049,278.51701806411313,1.5831427329000675e-06
6159.0,10.107063328673425,279.68597343726805,0.0004452948260401002
6160.0,10.086693401499364,279.84151248326594,0.0022454898595600055
6161.0,9.894389115100346,279.36875714871843,0.004063504069184407
6162.0,9.614621601516813,278.8020871071613,0.005397939350248911
6163.0,9.279200712301803,278.5234593218493,0.009460635849640013
6164.0,9.092189740452158,278.8899024720085,0.016596746340289594
6165.0,9.09976400647388,280.4462670409,0.0312715968985729
6166.0,9.244037085448658,282.77798682849516,0.049009733121216426
6167.0,9.408844480760639,284.85313062136737,0.06646930126528809
6168.0,9.418104920605474,285.81848567499907,0.08313413700060815
6169.0,9.363341921378309,285.9415863050948,0.10767734936075295
6170.0,9.319041824189727,286.13527122144757,0.14024597324260418
6171.0,9.303125260506253,286.16705199313986,0.17606630835855355
6172.0,9.358621062842596,285.750253414201,0.21774425684556248
6173.0,9.424059084358044,285.3416734758579,0.2570559459469225
6174.0,9.355553317488011,285.56369722879043,0.287190492728465
6175.0,9.215304127303366,286.39288542968467,0.30773777678779235
6176.0,9.166863076862185,287.4325808847274,0.3161465295694281
6177.0,9.312504553452124,288.55762881365285,0.3156554771400624
6178.0,9.582346222832248,289.9463532411768,0.3314595634875626
6179.0,9.849352259774776,290.8548163436745,0.34077330916272647
6180.0,10.038414601442321,290.77758588687925,0.33883113138952103
6181.0,10.145245945586472,290.7270607027457,0.31028819175763234
6182.0,10.213192352169278,292.09666458257783,0.27978812365800054
6183.0,10.457636548516689,293.96926619138145,0.26539585300622254
6184.0,10.86982345223874,295.18548960736905,0.2792014239756196
6185.0,11.318655387322483,295.68370807966335,0.30741617753753775
6186.0,11.673203119120442,295.4767069039975,0.32406038593952036
6187.0,11.841207406240805,295.4201061775313,0.31689662485191844
6188.0,11.77343875015536,295.2739555151743,0.2923576903552322
6189.0,11.680473081991906,295.01516527955033,0.26855863275054503
6190.0,11.645669154397524,295.04840075565016,0.241175801778041
6191.0,11.766274235328103,295.04136201764226,0.21729957036216047
6192.0,11.987670723333698,295.20281067749437,0.20102871619230772
6193.0,12.218351348023706,295.35077607804084,0.21330786107496963
6194.0,12.401706354111921,295.31948711450264,0.25294977018685444
6195.0,12.52814102152019,295.3961461973633,0.3042436955724101
6196.0,12.71053474344202,296.0082271804815,0.3493211300526024
6197.0,12.790514504357093,296.9359286174215,0.38368913934813176
6198.0,12.738752844407104,297.80838915131307,0.4082901496627395
6199.0,12.656540955562631,298.91150370580783,0.4078164737460099
6200.0,12.668132572193285,300.4545656941276,0.3824455350836762
6201.0,12.760349998877507,301.32275759634064,0.35000914831880425
6202.0,12.812266578921479,300.97805683952544,0.3215922249646405
6203.0,12.823771133940834,299.6416142989701,0.31976876136100013
6204.0,12.874817839032131,298.3200346852644,0.35872858455420265
6205.0,12.866539443136974,297.0052542433186,0.40972363172769644
6206.0,12.726275907011798,295.77130821988914,0.44022082460413225
6207.0,12.406414412857922,295.0503280151657,0.448364869776281
6208.0,11.916151214969739,294.66231561464167,0.4683438327793801
6209.0,11.506668393118805,294.7714486118956,0.4803619795038802
6210.0,11.370308332445893,295.0763641560346,0.4810681146137477
6211.0,11.450128089218364,294.95275922062655,0.4492175289310864
6212.0,11.532386002488156,294.2544061747938,0.4092581961370681
6213.0,11.562037913808101,293.5557812194629,0.3567772171950562
6214.0,11.510112698742487,292.3268646839069,0.2998445134963601
6215.0,11.447543009046804,290.9181409763973,0.25765831836030256
6216.0,11.459811739829297,289.8630761972145,0.22522583470252958
6217.0,11.434623811925446,288.5593529951145,0.19390388635613606
6218.0,11.373995968563094,286.92492660546793,0.1675001157461284
6219.0,11.381857290342687,285.7920027777331,0.17938405626000253
6220.0,11.470427922676082,285.37481767250114,0.21394487974389773
6221.0,11.490425672189245,284.37834658830855,0.253230539494829
6222.0,11.362885638872962,283.05167193435693,0.27429124842436836
6223.0,11.09132677035821,281.92894571782244,0.2905373966113442
6224.0,10.824909289326543,280.744072902837,0.28549049951787214
6225.0,10.602988616475763,278.2764344808985,0.2316619921913285
6226.0,10.447218848481008,274.9548963567902,0.14264040730952257
6227.0,10.352991524490124,271.62226303688954,0.06719873603529612
6228.0,10.382564977833491,268.2479273527001,0.028429254539452897
6229.0,10.56551406998987,265.02397416270213,0.016836801194890016
6230.0,10.893218595783019,261.9083072540977,0.016740232394402494
6231.0,11.351443884068352,259.37651071410556,0.017372141523696403
6232.0,11.824578187389633,257.57362942695636,0.015454176957928898
6233.0,12.193575962963216,256.89354891866486,0.013973556816040008
6234.0,12.482392274562125,257.2099931199187,0.01117854108710441
6235.0,12.607722093857289,258.19168790060877,0.005890275458496904
6236.0,12.530421349315592,258.6956478915386,0.0023783109964849013
6237.0,12.308745871779776,258.4481161866266,0.0034712411692175977
6238.0,12.068452970230409,257.3694094886048,0.011911533051600894
6239.0,11.915034457255533,255.45926344495834,0.02730892417697442
6240.0,11.763762159312854,253.90318103762252,0.03656948659225
6241.0,11.662087102707638,253.1520852113542,0.032709901920264114
6242.0,11.672434805190035,253.39288169595935,0.02142104176930411
6243.0,11.719274830842172,253.74153250236358,0.010652330934616903
6244.0,11.796544615640435,253.76205873315308,0.002945723521230399
6245.0,12.028138224845208,253.33538607916907,0.00017920909160999945
6246.0,12.280188716272402,253.1323206223934,2.0841051039996374e-07
6247.0,12.417705234864606,253.15587930391158,0.0003107273460516014
6248.0,12.575283157523286,253.79994657275597,0.0013154200504384022
6249.0,12.805075168018924,255.2698423387691,0.0016452490731888995
6250.0,13.079514407026878,256.6220865831151,0.0011922470069449008
6251.0,13.303025174279936,258.2109844144159,0.003055271455740106
6252.0,13.548942284347671,259.75399145101835,0.013488966486840104
6253.0,13.871430669014043,260.74396329497034,0.032612668640448414
6254.0,14.32446457488415,261.20632763883975,0.038345335326122505
6255.0,14.820214343119922,261.82308432746436,0.028346857407562508
6256.0,15.265917394827778,262.6372001026327,0.0199509890291209
6257.0,15.598549065150026,263.03701754905603,0.016415954125057617
6258.0,15.863765638116492,262.86039005997145,0.016291456491240093
6259.0,16.199890123833864,262.4848811026683,0.02235765684355289
6260.0,16.54814739655162,262.16194949442945,0.03922083576710012
6261.0,16.813940740928306,261.7512555531377,0.0636284935146721
6262.0,16.961126637436543,261.7670277859815,0.08922875738194891
6263.0,17.05805518055803,261.83615416603925,0.12212778517297965
6264.0,17.127597675149037,261.65698541444795,0.16238761752384095
6265.0,17.036400382604853,261.3796592412889,0.17965775736909156
6266.0,16.878313435340452,260.9510514248631,0.15365009999435286
6267.0,16.99444757339142,260.8832084751819,0.11687200641563043
6268.0,17.276431149504027,261.41933450779993,0.0929070877880896
6269.0,17.374284887037724,262.9577809853679,0.08000291756353696
6270.0,17.359654502776095,263.906772566331,0.08124189567852964
6271.0,17.359100697093673,263.853896089474,0.09644527136983218
6272.0,17.38730034139107,262.56797032433866,0.12486125425469445
6273.0,17.27004570432781,260.74125147939435,0.1444090669423249
6274.0,17.068934298716616,258.5236720597374,0.14199208396945695
6275.0,16.863867968227275,255.92247563005677,0.1310426606034225
6276.0,16.69110744639603,254.24225294368614,0.12011067479181686
6277.0,16.709653625692265,254.4478839208761,0.09307374538400998
6278.0,16.95052245572549,255.31418409606306,0.06887030793814095
6279.0,17.365226632760248,255.70372449149252,0.057246644396544095
6280.0,17.80370133997056,256.2460395682779,0.06795332728438812
6281.0,18.240700501535166,255.92075749315137,0.10335458558208636
6282.0,18.396816472367043,255.08049563830733,0.14307469654466556
6283.0,18.309709378196555,255.67054510486952,0.18719742732771244
6284.0,18.188531919698278,257.31775478848397,0.22564001974995604
6285.0,18.001681676782876,258.50688459152747,0.23604639401752367
6286.0,17.72654676803674,258.2772746723928,0.2106245834973317
6287.0,17.47463687318836,256.57292883595176,0.17977989234106811
6288.0,17.48923591049903,254.07793941872757,0.14121798129983618
6289.0,17.754325266363946,252.31994531472407,0.126692571721
6290.0,18.205012029312922,251.77893355088352,0.14080236338968816
6291.0,18.717624300713524,252.5011338636038,0.18415132959024494
6292.0,19.11477975548847,253.09468405709902,0.24595630506163244
6293.0,19.353974228951042,252.1448024541122,0.322708830695609
6294.0,19.46198251053169,249.63404153955486,0.39237697252800013
6295.0,19.329496440804586,246.66744694830805,0.43788726786486004
6296.0,19.084740226272256,244.8171345634669,0.436613860855817
6297.0,18.7345426510604,244.29226666476913,0.37509838323161765
6298.0,18.59408273917763,244.6818361698661,0.30933791656040255
6299.0,18.779109145820296,245.10765162958964,0.28773808049357297
6300.0,19.296158821328845,245.24467098227976,0.2911861829188901
6301.0,19.913823336836312,245.13092344603996,0.2989732238261135
6302.0,20.563362335522303,245.14241180963344,0.31953930772848654
6303.0,21.122879666058825,244.97742393683177,0.36471419686311846
6304.0,21.399063959663582,244.00802613432919,0.4032159068512656
6305.0,21.25903382107392,242.2530404720064,0.35509274597362805
6306.0,20.813407335517404,240.221040982711,0.2542792468879881
6307.0,20.38947193987268,238.89019350869336,0.18340436639416954
6308.0,20.327341136860966,238.24298930266943,0.1702316220948225
6309.0,20.708732057937343,238.40300922884217,0.195185410952285
6310.0,21.088408113928423,239.0579021594367,0.21815097530232258
6311.0,21.17505811000133,240.45376309605805,0.23845067979137446
6312.0,20.969151768650658,242.69786689215272,0.25173461850782436
6313.0,20.776593401947228,244.89903495205016,0.25798789705150815
6314.0,20.73321059477214,246.10966266768634,0.26129590369863215
6315.0,20.786735486632566,245.81775542206478,0.26626873503227566
6316.0,20.874033039958817,244.68719181298573,0.26844353663023696
6317.0,20.953177678338086,243.36097000896663,0.27290244956843557
6318.0,20.913586685369005,242.16515115659348,0.2943387357964037
6319.0,20.654843275809604,241.3046197666179,0.32081854355957173
6320.0,20.274733337712238,241.0226513506719,0.3301320179037457
6321.0,19.897645900131504,241.0102092320023,0.29634858274164655
6322.0,19.616477701830497,240.72038066210578,0.25197910141503993
6323.0,19.39568141751207,240.07712829861785,0.2378955557113444
6324.0,19.38818415411449,240.0594243879874,0.24601124834294413
6325.0,19.65449238358479,241.28148618195635,0.25274676354534764
6326.0,20.03826528902642,243.42383626570683,0.28356339619502413
6327.0,20.45823359900685,245.91815277312395,0.3125202094899049
6328.0,20.789863156703262,247.67331088108324,0.303051670291664
6329.0,21.077681979847064,248.69931149252278,0.24860884072760997
6330.0,21.200462801079762,249.22580430814645,0.1813926839648401
6331.0,21.199228288388277,249.90558960200624,0.13454897453227238
6332.0,21.05682810088225,251.51097224577848,0.11690779563355234
6333.0,21.04065220826227,253.39504404503356,0.12251831968486891
6334.0,21.201026014542695,254.64785194433378,0.12692408757296486
6335.0,21.493160714819453,254.629136152609,0.13050529785172887
6336.0,22.02212040049371,253.7144158806839,0.14357526618209288
6337.0,22.656454758472098,252.45594868391106,0.17902376454399993
6338.0,23.365497728126414,251.2965090998903,0.21720914589128043
6339.0,24.093040829219746,250.23550437390585,0.2124149647896005
6340.0,24.632128741898367,249.96864254653923,0.16471797257534435
6341.0,24.86669826883704,250.60799609279,0.1253408945162256
6342.0,24.83974025835703,251.34216875052968,0.10868348252836837
6343.0,24.701568767726602,251.2619553690292,0.11087225073252253
6344.0,24.68306628768669,250.29561765404782,0.11910864959186415
6345.0,24.952405673786895,248.6535828438863,0.11780878245446559
6346.0,25.38032225131438,246.91532990347616,0.11988537842830246
6347.0,25.586241779443185,245.94865226732503,0.14464410107310255
6348.0,25.255229617401426,245.67764999682427,0.199444834260701
6349.0,24.775574342246788,245.58249982313413,0.2658929939724969
6350.0,24.60484454216825,245.6064291928071,0.3210268457511362
6351.0,24.651159561343427,245.93413935078175,0.3346507148094009
6352.0,24.636399555105964,246.2041633061368,0.30373817041029166
6353.0,24.48546535873774,246.25522318170164,0.2413295198340602
6354.0,24.45258578707224,245.6586495839723,0.17879898496676416
6355.0,24.813219877491775,244.37496276765899,0.13990118629366888
6356.0,25.577065356850387,243.0436758899328,0.1270214732165185
6357.0,26.275489911098287,242.33608408884285,0.13384296645480248
6358.0,26.543479582128608,241.5140592409652,0.12443987864253685
6359.0,26.481968208055758,239.8577157629403,0.09535854550720407
6360.0,26.31557924677142,238.27613984976594,0.07040553317896808
6361.0,26.07055905091437,236.57087741089057,0.0719303388508224
6362.0,25.85826835082471,234.48843512795167,0.09651828456816636
6363.0,25.558835345057098,231.9805399227567,0.12231273062581699
6364.0,24.949399530020017,229.380584320697,0.13392414525399035
6365.0,24.112324061611815,226.88552054320664,0.12386060923948969
6366.0,23.55023319459307,224.92829821329514,0.13067903266980258
6367.0,23.353717727284028,222.83391260684888,0.16777038234070893
6368.0,23.345515935808848,221.357093983636,0.22610471021199605
6369.0,23.417997557715996,220.33668487505963,0.2700327551784977
6370.0,23.668470877738574,219.37622449448696,0.2870807505726889
6371.0,23.66016379771167,218.77859666855247,0.31004060560640995
6372.0,23.437952630397366,218.92127332477412,0.3583447550505216
6373.0,23.247512385605464,219.26037797116155,0.4512298851280608
6374.0,23.355537128084617,219.2844611621225,0.5863667067922226
6375.0,23.57337012042709,219.68356695489737,0.6980550699096102
6376.0,23.39834479313427,219.57979244698947,0.7204713370419891
6377.0,23.096662026307765,218.43078614227304,0.6599483476212025
6378.0,22.982338777782818,216.54207126802174,0.60816259116484
6379.0,23.279802634262452,214.8539957652516,0.6046491318419346
6380.0,23.971018596908078,213.0859701207096,0.6598015439092562
6381.0,24.799105615289598,211.07420693983124,0.7430275358912024
6382.0,25.563573952595753,209.41171934001207,0.8451664537714224
6383.0,26.235125963837906,208.60006644051995,0.9012624225564964
6384.0,26.600196261579605,207.8901455197594,0.8881278060124088
6385.0,27.002276973867104,207.56099088876167,0.8175427382524899
6386.0,27.705510435829854,207.88757991827657,0.7357679661578724
6387.0,28.443113117800586,207.339647251439,0.6691573911765679
6388.0,29.11150420404054,207.48240625101514,0.6263475791231377
6389.0,29.599330991033952,208.56871447909435,0.5920046280934571
6390.0,29.897914334376154,209.87844548830404,0.5063872977201025
6391.0,30.11570232852845,211.6445251296578,0.4110108127515624
6392.0,30.44217140975971,214.00750904644036,0.3416676168380282
6393.0,30.934195000215094,215.76667663922225,0.2979746246050704
6394.0,31.574572620957863,216.54002053911734,0.2561071991491226
6395.0,32.25620909702501,217.14665479496819,0.2057296456204901
6396.0,32.747206652256594,217.8680525669726,0.16179244818586241
6397.0,32.82827101076753,218.48729677932968,0.14470026473021447
6398.0,32.533407790909344,219.35556669591188,0.15596770656060094
6399.0,32.33105815973161,220.88037831237511,0.1672879121714025
6400.0,32.569296108186435,222.9730218358735,0.15480156477288998
6401.0,33.19770337079684,224.79486267834992,0.12074442833934013
6402.0,34.01835242499466,225.75047925752358,0.08563879585074487
6403.0,34.77617632231975,226.96222458549022,0.057857851128828124
6404.0,35.46010596766288,228.62640029667406,0.043207958000257625
6405.0,36.13257747678173,229.84131967279043,0.036115623490032105
6406.0,36.650693334218204,230.81064000732252,0.02722621771361611
6407.0,37.13000944930563,232.42069479305803,0.01887101967754889
6408.0,37.925523150745825,233.7559177097834,0.013844802776323606
6409.0,39.13550470315752,233.93469710679122,0.009259737529900912
6410.0,39.967057239377176,234.46264626933754,0.0023312838185569045
6411.0,40.08023479309047,236.2744101294636,0.0011609570627524003
6412.0,39.817248680684635,237.99573961337913,0.014705872040772899
6413.0,39.69432166563528,238.56428021270753,0.03190989159555998
6414.0,39.62013441487013,238.32172974722872,0.052042174506451606
6415.0,39.40144947735361,238.1395552705348,0.07342683280329958
6416.0,39.10749044704325,237.99408953249582,0.0916229130102729
6417.0,38.626792804486655,237.7427211370606,0.10495146167413687
6418.0,38.0643602493504,237.55435821811417,0.11418676349070238
6419.0,37.653115258512365,236.6497801140503,0.09833407838102248
6420.0,37.610365846023065,235.34202205084827,0.0714279289808016
6421.0,38.270234444243044,234.41238552986442,0.044605452672000896
6422.0,39.29094101286184,232.96211629462192,0.024823357448489975
6423.0,39.981095730656,230.67891835776624,0.01652918035753958
6424.0,40.0332555982445,228.69660666397434,0.018710155374904888
6425.0,39.71434693262401,227.48326653999356,0.032739225699225584
6426.0,39.68114773364677,227.3852239506006,0.0602830363180816
6427.0,39.939794180101956,228.87867655852477,0.10105757435189158
6428.0,40.12171262930166,231.22382309340028,0.1387869904023876
6429.0,40.21554874848631,232.79360647638222,0.14839420185930235
6430.0,40.596434681548914,232.8800413389704,0.11786695387070488
6431.0,41.260641428551416,232.16503414962685,0.07355364908421758
6432.0,41.718125527849,231.4133042864696,0.03459121624537958
6433.0,41.80346546704399,230.83517343295142,0.010034615904784888
6434.0,41.719768702689635,230.6510204517126,0.0004907301549049
6435.0,41.93481482353216,230.6478323658668,0.0028989469650969077
6436.0,42.56203281349307,231.1476479921316,0.02456188558618239
6437.0,43.408372966939545,231.55315481353074,0.0773411951781225
6438.0,44.028916554246635,231.4204802763635,0.11881855189844885
6439.0,43.836963939154266,230.40889376229399,0.09962552897741443
6440.0,43.20203978588474,229.21055424204556,0.04914377368760253
6441.0,42.552992131163705,228.56667681560998,0.014812012095252097
6442.0,41.95510049381049,228.58975113323697,0.0019021844851216019
6443.0,41.32452661205011,228.5685902070735,0.00011418696278890015
6444.0,40.883711970745324,228.12258862329995,0.0013123382909641026
6445.0,40.889512591284635,227.42109720546134,0.0154905380317801
6446.0,41.24637888852999,226.9778321675566,0.05828431652010252
6447.0,41.802012668345775,227.30985300960222,0.13234973422894092
6448.0,42.14682798202215,227.5423809986837,0.2067651310016356
6449.0,42.326372562263074,226.9085905883949,0.22954326831342758
6450.0,42.374801936992014,226.09523368464448,0.18564214921641012
6451.0,42.710256928759904,225.26593073043583,0.11022385392004845
6452.0,42.93160750237327,224.43003291621994,0.047163582028368414
6453.0,42.47437277003482,222.7462196627817,0.01664492183104
6454.0,41.950113269284294,220.67628518684677,0.007600887694624905
6455.0,41.93598654661201,219.66201521146078,0.006426972358560004
6456.0,42.115501830700154,220.10076996150576,0.00766467506649691
6457.0,41.8662045328344,220.98452536770003,0.010314275167008412
6458.0,41.441986785783115,221.3731164717458,0.016939798202880392
6459.0,41.11388698772432,221.27536614971046,0.023112604000890002
6460.0,41.24270976205363,221.1276984284344,0.019550717418254402
6461.0,41.62792178439735,220.58973760842824,0.011064620532250003
6462.0,41.785125719870756,219.11223617062484,0.003906503754120898
6463.0,42.10852211653536,217.202347972025,9.169134931359861e-05
6464.0,42.60897871676251,216.00621488912708,0.004301861826416401
6465.0,43.106218452973415,215.53152404872515,0.00822415917512249
6466.0,43.37326664061396,215.06669080898308,0.012134269430035597
6467.0,43.23391453507503,214.5986818118552,0.015450718712846381
6468.0,43.22835310434948,214.76656267395765,0.021053664663416106
6469.0,43.626535435893054,215.55540950983308,0.027834124100784386
6470.0,44.01638962294862,216.03796278118318,0.027286368343939604
6471.0,43.859338052626896,216.05624335643216,0.021171550789980897
6472.0,43.69898379291807,216.37160462379563,0.020173171402644085
6473.0,43.96291918524338,217.27699744121438,0.026279373271539595
6474.0,44.42693141445135,218.88523888199686,0.029729352980880384
6475.0,44.57133332676992,221.24523124993763,0.023773708062562498
6476.0,44.31878317101315,223.8944678480226,0.013700175780062501
6477.0,44.22942717725348,225.72080857157997,0.004066383331239993
6478.0,44.46493031566058,225.75294726997225,0.0013414030775288988
6479.0,44.847325117091714,224.68133471060088,0.001153551258160897
6480.0,45.30539281813249,223.37466140045882,0.0011998908035135976
6481.0,45.58910954901322,221.58429581383837,0.0017389358703024957
6482.0,45.39718086880387,219.41310957618808,0.0018278805738383996
6483.0,44.819755355528756,217.69416956569134,0.00022445463087609953
6484.0,44.23503254679737,217.98596832166047,2.2682644516899903e-05
6485.0,44.100594400519064,219.66356993702047,0.00040872506730250046
6486.0,44.029940539586605,221.88994041398374,0.0036907411071609034
6487.0,43.8561919584966,223.01190181523233,0.007428810909302496
6488.0,43.948056422648975,223.50011667735373,0.010498012665236086
6489.0,44.660882688563234,222.8468030938209,0.016911990726132097
6490.0,45.79836840388267,221.10566466812526,0.026197183457593587
6491.0,46.82396042389259,219.798363766915,0.027920127460648904
6492.0,47.186091086128364,219.188279646074,0.019773011321571603
6493.0,47.172767539008426,219.47517935050203,0.009654127559376396
6494.0,47.236943689855615,220.0394142860719,0.005218585814448396
6495.0,47.37846247661015,221.11279054589372,0.005985737793002492
6496.0,47.565616024960335,222.23403806066116,0.009722705430288405
6497.0,47.39563128684122,223.67819252886255,0.018060295809959992
6498.0,46.894495351734925,225.53310790872004,0.029070110190168075
6499.0,46.58262474646226,226.93263375294418,0.04010192885171561
6500.0,46.549603716529006,227.27057572638708,0.045277898818881605
6501.0,46.63653565080516,226.76838747244165,0.039163388842656396
6502.0,46.413366900526206,226.561761143701,0.02274876582976359
6503.0,46.00275945776624,226.6085240023431,0.0107958396431809
6504.0,45.8872626916299,226.5015313830355,0.008384753564889989
6505.0,46.187884940425626,226.02833599474067,0.008445791962980093
6506.0,46.47606345590695,225.41864115284116,0.005485945671808894
6507.0,46.45592545621622,225.39192222154944,0.0013589685043560974
6508.0,46.05215497952991,226.4991444644278,3.5054096422499664e-05
6509.0,45.33525249872056,228.06314845282571,0.00034785607081000094
6510.0,44.697182108567816,229.1962955903612,0.0007600971804196031
6511.0,44.514986591124355,229.2990052748182,2.630429859599919e-06
6512.0,44.725783647171795,228.68322446392915,0.0018676719225649008
6513.0,44.827883693160125,228.33212723317126,0.004405298136656398
6514.0,44.617638623020966,228.6465190320564,0.0028834601685795986
6515.0,44.453460012711844,229.47104348532486,0.0005316907328964011
6516.0,44.47560194766943,229.75707160033693,0.00011077162553610108
6517.0,44.52558842539509,229.40995808607042,0.003627112054760098
6518.0,44.411800618533476,228.89384155288977,0.014140318216824916
6519.0,44.36547439909604,229.14028204408046,0.021329819679182394
6520.0,44.54259848826371,229.9021316245722,0.017698359117632408
6521.0,44.815895644113645,230.32708530216496,0.006773229098136911
6522.0,44.757802085982384,230.22578733256836,0.00023296008478090202
6523.0,44.240654633870115,229.3113648495545,0.000846588272516098
6524.0,43.73391097692781,227.96588084043339,0.0010912055155599995
6525.0,43.47188391890375,227.00723188677912,0.000931486880872901
6526.0,43.48894752579421,227.17722638615234,0.0028357169271024975
6527.0,43.5570887886423,228.08742819819884,0.006273376581622498
6528.0,43.69644274570569,228.8163364900488,0.009673532920974398
6529.0,43.979647157082574,228.96249592003534,0.012369786077811602
6530.0,44.268129035008215,228.593520966335,0.017982045638122498
6531.0,44.09112349476067,228.31991918974637,0.02463999844196889
6532.0,43.29840744966845,228.52012896036504,0.03282309791853158
6533.0,42.14048236321402,229.08081930930595,0.04898313553939557
6534.0,41.25493465224021,229.22228190744462,0.07784261820841
6535.0,41.16582220228529,228.023436177936,0.1090330107901609
6536.0,41.662330927112244,226.41952009537985,0.11975658923982248
6537.0,42.126411372009876,226.13518312241473,0.12401162976312247
6538.0,42.26413205154727,227.25852845427374,0.1398894194418436
6539.0,42.42059666161216,229.08699793051082,0.17088876216256357
6540.0,42.44529914073238,230.14814263703502,0.1985957404502724
6541.0,42.14648351408395,229.91828393849792,0.21012370239195038
6542.0,41.66121983341211,228.70111960781216,0.20357345383832248
6543.0,41.201063790078024,227.90643844601894,0.20189124819360998
6544.0,41.026710532348936,227.79563342858006,0.21702748689916807
6545.0,41.358912928741,228.07527472304477,0.2441440695217969
6546.0,42.172484217070945,228.0186554021396,0.2727829373847876
6547.0,43.05197901473247,227.79572398598964,0.2981507593731489
6548.0,43.68855711182399,228.6481363837188,0.3568407855767104
6549.0,44.053377345311546,230.85500167179512,0.4691048312947983
6550.0,44.490137427004406,233.62537577281097,0.5848787051433769
6551.0,45.13424657773892,235.44859756524997,0.5996753186954437
6552.0,45.3869292978565,236.36449498712608,0.5210722300320888
6553.0,44.950841325250096,237.16099607304585,0.41055972952542247
6554.0,44.07842306524207,238.22953160990235,0.29625942015595236
6555.0,43.035215218356065,239.28582584478505,0.20167990599937954
6556.0,42.12283415156922,240.0884641519211,0.11489957619855996
6557.0,41.373777926988325,240.90981123758573,0.04721848599342249
6558.0,40.937984271122446,241.6309784738005,0.009366784558622502
6559.0,41.16565487161809,241.66691243856488,2.5077256164000912e-06
6560.0,41.679037071406945,240.94170322487116,0.0026123384098815997
6561.0,41.9171323021261,240.2174994592265,0.004366266401952907
6562.0,41.69818084449338,239.25843528828213,0.007992152593345596
6563.0,41.035318176395144,237.95383216986505,0.01731452537900892
6564.0,40.376239528323005,236.1014507001439,0.025536078352014397
6565.0,40.08044662512577,234.02862409555465,0.019687359125722503
6566.0,40.20628335617256,232.00152615080563,0.008792846657232407
6567.0,40.46211299556732,230.22528783132404,0.0072085890296281025
6568.0,40.55124111124621,228.64014403671175,0.013774792039923612
6569.0,40.458394322751005,227.0705555629514,0.02308351190410811
6570.0,40.36650988206736,225.19812489577933,0.026325023560014423
6571.0,40.4995841712123,222.9550774773089,0.0245658006657361
6572.0,40.949944425230214,220.40673123291242,0.02235178688641961
6573.0,41.55001498300462,217.41915450430847,0.021019852815062495
6574.0,42.101344301000715,215.01447635751194,0.017156805636320112
6575.0,42.426102632331364,213.80731097963596,0.015013752837584408
6576.0,42.557194783458506,213.98488151436402,0.02107586773009
6577.0,42.4498511669463,214.98093901456545,0.03953674908225001
6578.0,42.14735020485288,216.05522355129978,0.06833263676221442
6579.0,42.00173065546061,217.37203129550568,0.09514340126649758
6580.0,42.36188580565283,218.7793229154141,0.11260590946944164
6581.0,43.128093117491,220.48595536715493,0.11559458046352097
6582.0,43.960163213960286,222.3062449016701,0.1225930686703849
6583.0,44.515750666716,224.02569253989765,0.14264584591952256
6584.0,44.65729552436664,225.34503167296126,0.17943571461816094
6585.0,44.47766856234716,227.1491829422605,0.2134931503891761
6586.0,43.956519173624834,229.24262700428426,0.23487540618909172
6587.0,43.36686254438849,231.1886282154769,0.2520372535769345
6588.0,42.904668994413434,232.96366916465263,0.26612032992699036
6589.0,42.55701603734678,234.95369071488065,0.26248491844915256
6590.0,42.336309433841635,236.98953847331745,0.2389871696506597
6591.0,42.258920810843,238.93460736219484,0.21418379372000246
6592.0,42.520714874433544,240.62047894480048,0.19162962388214405
6593.0,43.13371876296996,241.6513645616826,0.1941755599406737
6594.0,43.98721904489894,242.25292529486742,0.21238063946310756
6595.0,44.977390390842245,242.6324704033612,0.21458898140624996
6596.0,45.937373041678015,243.1594665119266,0.17752546586804407
6597.0,46.66805219257968,243.5022241335409,0.1384979596118596
6598.0,47.18144170496254,243.6793836804289,0.12650999101070498
6599.0,47.374715335822735,243.79972876993804,0.13367979788135045
6600.0,47.37200143567969,244.1105937360787,0.14514149345535995
6601.0,47.27401328463661,244.22848071495193,0.15479417590198807
6602.0,47.135939104241714,243.88033941155945,0.17300089270773755
6603.0,47.084241051953974,243.37384862901177,0.19886765653764005
6604.0,47.22140530985189,242.939184251082,0.22683605625814815
6605.0,47.558571635747285,242.53507026390628,0.2432649030459665
6606.0,48.08797399413049,241.48747818798807,0.2557456889403025
6607.0,48.71513038209871,240.24948323027786,0.26794575511295304
6608.0,49.121979558988905,239.8109933516573,0.2650178971452321
6609.0,49.22071031777224,240.5487545687731,0.23043745112178013
6610.0,49.40175016702538,241.79343567894895,0.1933055320575625
6611.0,49.91937424609466,242.7315200569267,0.18252912146243291
6612.0,50.41148277490355,243.24305336505157,0.19450709925556817
6613.0,50.495246374760534,243.71827594298188,0.21694640651800373
6614.0,50.25984304149659,243.85602798772734,0.2308471159088705
6615.0,50.09088451707395,243.8778232603981,0.23408984323402238
6616.0,50.2429454170792,244.5596261838773,0.22370807496929437
6617.0,50.61249885192951,246.07633237943773,0.19334260640890813
6618.0,51.07904839085822,247.72832989272763,0.14388298721119208
6619.0,51.64366757215724,248.84701600858514,0.08977119760329644
6620.0,52.353257894558226,249.69862807780413,0.049158193069260926
6621.0,52.96681897007943,250.5337541636505,0.02673120361024
6622.0,53.53163289783099,251.5309132357993,0.017260460034064912
6623.0,53.877677240022244,252.48065392712243,0.013467679093108895
6624.0,53.86615339373086,253.48102017737784,0.008712966054292896
6625.0,53.56293642383616,255.12395778794405,0.0012182787448225048
6626.0,53.109037240227565,256.7249569993404,0.0004786158177440973
6627.0,52.66038297254172,257.68612439655607,0.0012043460996160969
6628.0,52.31267097129503,259.0166592879102,9.640333499039886e-05
6629.0,52.50913789034997,261.003766783321,0.0002977712616025027
6630.0,52.86741031638446,263.2298596810104,0.0012960144000400027
6631.0,53.11010371219714,264.5545602908609,0.004372130785968103
6632.0,52.71839573714763,265.0970649699428,0.009100040038456915
6633.0,51.761448834958145,266.1456873109757,0.009919791483422511
6634.0,50.81845279878907,268.12537845423685,0.007436063027412107
6635.0,50.1568755346736,270.4478730134524,0.0063599253307395995
6636.0,49.50233107399448,272.58225753106933,0.00657999851349611
6637.0,48.60520394392056,273.9119547655903,0.005226890911617606
6638.0,47.672327385224996,274.30488152104834,0.0030896077363776068
6639.0,46.90844663340926,273.938010168857,0.0015553574215204059
6640.0,46.69002934992548,273.8114577416256,0.00037435864772250056
6641.0,46.88098654105172,274.35536660825824,1.2330772710399932e-05
6642.0,46.89838890616322,275.07120352886767,4.0913037468900784e-05
6643.0,46.281928916634946,275.1096840293597,0.0014082276948495986
6644.0,45.211310221904796,274.80894281474485,0.005704783921200396
6645.0,44.09376045654437,274.09393319395934,0.012200335743316915
6646.0,43.084341066830355,273.61514890656167,0.017174888808999995
6647.0,42.288205363078006,273.6117294963146,0.022930947984902403
6648.0,41.895829626067474,274.1323548824719,0.03280767117005442
6649.0,41.90976119691902,274.9712548418873,0.04535104161746563
6650.0,42.120371152636395,275.4361231452117,0.06020802690809762
6651.0,42.4030143905441,275.47634533794644,0.0611716095081025
6652.0,42.56423859239587,274.69587594837003,0.05483390757228812
6653.0,42.61165583980816,273.793803104101,0.046175464377952925
6654.0,42.38824427103775,272.9436706419483,0.0423913550683921
6655.0,42.32388748569258,273.18482485226406,0.0402579585556996
6656.0,42.411780323272566,273.988575698404,0.047377847620120934
6657.0,42.12781553549947,274.95932901179964,0.06529825888185763
6658.0,41.60905345806401,275.30107396063676,0.08480358443130248
6659.0,41.1697670186171,275.25576352468903,0.10515624722624163
6660.0,41.06926624552494,274.9135718425582,0.12792795766123236
6661.0,41.327530536660646,274.02069828489874,0.15591985292093433
6662.0,41.988912723569854,272.71408916824555,0.16935020833611233
6663.0,42.60341702946107,271.2885007986597,0.14214709657600003
6664.0,43.233604446833965,271.0765579142076,0.09413216133312247
6665.0,43.940924610359914,272.02254024944216,0.05894866421877161
6666.0,44.486745349288725,273.0428215466952,0.05488061497985441
6667.0,44.74861018937604,273.50702172747526,0.07639330603569208
6668.0,44.76959006336642,274.03516795193786,0.10585008478520998
6669.0,44.82468229561902,274.5291407845921,0.11587513511509698
6670.0,44.81041826425407,274.85544925680034,0.10799636238399994
6671.0,44.803128061752645,274.8350328868386,0.10565843864607358
6672.0,44.539821737048186,274.8213076768661,0.10428773760065443
6673.0,44.22937836244413,274.5801363263701,0.08524332181386815
6674.0,44.05304893371348,273.9701718333261,0.06435910825954094
6675.0,44.36241357484249,272.84348951127805,0.07712278855801004
6676.0,45.04808513607622,272.10788656050744,0.12289222245441697
6677.0,46.0105348756393,272.0880412840595,0.16464102341123604
6678.0,46.907278342676555,272.86587017419185,0.16559665579577615
6679.0,47.40209256196342,273.92192044522864,0.1457982956032849
6680.0,47.65606256396944,275.282204639526,0.14149506665888995
6681.0,48.108527697608466,277.1258345321057,0.1547072459796964
6682.0,48.91860171260291,279.026448003346,0.1708616202538921
6683.0,49.81056269945521,279.97691767211666,0.1968773217139601
6684.0,50.599021667539155,279.98753555483654,0.2417590856014009
6685.0,51.1798356149499,279.8868243661713,0.29244014227302245
6686.0,51.76778123368697,280.30913877014,0.3526734884369761
6687.0,52.32593870090901,281.6799715379721,0.42731508735129636
6688.0,52.92512157119715,283.2300332109827,0.516038661546056
6689.0,53.73469422800676,284.5129209254668,0.6079097907844899
6690.0,54.931777798470165,285.81005125046323,0.6646926314771855
6691.0,56.076805672415944,287.21534225317225,0.6716120961475248
6692.0,56.57730825616322,288.5082895096794,0.6610097807090065
6693.0,56.35619262218186,289.22205447776565,0.6421832187232224
6694.0,55.74172685182154,289.0949320546498,0.6180897473891857
6695.0,55.27325322059059,288.2945644899862,0.5774652294623689
6696.0,55.19583740656581,287.0253957032653,0.5266032912748971
6697.0,55.40817364294222,284.9754995555654,0.49607545235253775
6698.0,55.58544887277981,282.3917183355997,0.4867991882832017
6699.0,55.83497826181005,279.652738184564,0.48737749636303307
6700.0,56.20347092600265,276.9114281165786,0.4916531680224256
6701.0,56.376884022990396,274.67289001558856,0.48296592680625017
6702.0,56.27136667865899,273.830716099867,0.4663132396785425
6703.0,56.108388740140896,274.5018319055322,0.45713308885779236
6704.0,56.430292437217624,276.03046136849366,0.4549472012651077
6705.0,57.17483937367307,277.1189406792197,0.4354113396318436
6706.0,57.77543647921994,277.21454901601106,0.40936548637689757
6707.0,57.87566266084713,276.57566793860065,0.40858947523680167
6708.0,57.668542112574436,276.12564580768884,0.44735839621407364
6709.0,57.315392500249004,276.22656492544195,0.5209953699240083
6710.0,56.811697934709336,276.4307076656097,0.5804068136269226
6711.0,56.29069290695101,277.3638718568365,0.6165290680003226
6712.0,55.86280087840663,279.2656690088136,0.6384219339716101
6713.0,55.57487678795905,281.2881383965479,0.6790267428680243
6714.0,55.371713566400174,282.81311117014616,0.7067143468220415
6715.0,55.379358192676335,283.9987820400248,0.67260681990121
6716.0,55.606748628825294,284.8694295456467,0.6309793877192522
6717.0,56.075505386396856,284.89526708932146,0.6264946654805056
6718.0,56.362659252947054,284.1552033624879,0.6916042155935026
6719.0,56.31117117168438,283.2814201959686,0.7492817281445722
6720.0,56.24104670630154,282.11223198318936,0.7681043214516721
6721.0,56.50037644659864,280.71387307723364,0.7422514817544323
6722.0,56.66456905360383,279.64437583326975,0.71186985068644
6723.0,56.46420584215291,278.2993381486817,0.704297106805292
6724.0,56.16089736366279,276.6804720398306,0.7213000266619457
6725.0,56.04141906935327,274.9783637015077,0.7381386537680018
6726.0,56.08568462355602,273.63172521079724,0.722578831150177
6727.0,56.243316498541546,272.8648542780277,0.7311393179689226
6728.0,56.50246880713001,272.70057357063365,0.7667179147504902
6729.0,56.70175812204671,273.84503380149465,0.8286558302386225
6730.0,56.814050216341194,276.3867597010141,0.8497621971407208
6731.0,56.73705849758435,279.27877144607436,0.7733740840056101
6732.0,56.76630093450128,281.7012525236681,0.6370249694056336
6733.0,57.06821691598273,283.6874247891104,0.5466202050677824
6734.0,57.64735518221709,284.9900996322071,0.5420125998465025
6735.0,58.37525557058881,285.31336714030664,0.5774235870722448
6736.0,58.936131547725374,284.99903110782105,0.6051461151335042
6737.0,59.55801148172105,284.17596436718105,0.6314738989870226
6738.0,60.22685725975259,283.29942894267117,0.6428443693235775
6739.0,60.68351279122054,282.66579821690345,0.6323767410250163
6740.0,61.04999683950606,281.829101708235,0.6137833573082929
6741.0,61.601547619317316,280.28953974831495,0.5870310568674306
6742.0,62.2374182069558,278.65816702900054,0.5505326138473224
6743.0,62.5271920555408,277.9726870675669,0.5339629715472901
6744.0,62.47441093243384,277.99392091861006,0.5518946005372882
6745.0,62.49853159833765,278.0037988471646,0.5609979890240403
6746.0,62.67347784729305,277.7001363150243,0.5494553577065535
6747.0,62.900255796314426,277.2453742418316,0.5564826095408646
6748.0,63.36447438859831,276.88364723839453,0.5634366596006724
6749.0,64.06303999595734,276.49434945965817,0.5309974669202331
6750.0,64.95114628491075,276.4962344264679,0.4624562513106495
6751.0,65.9842371443126,276.62457160919024,0.4019499897024677
6752.0,66.93275207853696,276.72085751186376,0.3663490491900626
6753.0,67.61939186528323,276.637448612795,0.3433214296887769
6754.0,68.06653876491235,276.31646285803174,0.31750823408411605
6755.0,68.49339919826122,275.4787589487878,0.2850584892575162
6756.0,69.13508336052591,274.23449556553123,0.26196926304824897
6757.0,70.09553890261778,272.7830575526495,0.25364429495983204
6758.0,71.27017977249223,271.5547677831988,0.2413540929351204
6759.0,72.56776344341853,271.03484069850435,0.20593630058420245
6760.0,73.97627501923768,271.0058189425841,0.15124070549436844
6761.0,75.3587437638528,270.90548223066764,0.08774217691456355
6762.0,76.51336053722291,270.89427626032517,0.03712166724562559
6763.0,77.03904832161503,271.4071680417793,0.011745342203364902
6764.0,76.75404199903211,272.1840818705656,0.0028827825414025035
6765.0,76.24125139060686,273.1500342111716,0.00015011248416160048
6766.0,76.09599952786441,273.9858203594904,0.00026977471203240024
6767.0,76.18834571024533,274.87868853449487,0.0007206357705155981
6768.0,76.07190697687152,276.0716274862671,0.00038799308205160054
6769.0,75.62924130611505,277.52183853713643,0.0001533691526928999
6770.0,75.06222491256221,279.0404822836735,0.0005788715700624969
6771.0,74.88382756749542,280.1969880632542,0.002752241508476094
6772.0,74.9592062631443,280.7597417841788,0.006160777427984393
6773.0,75.03202041347444,281.28923962395845,0.013844287413062503
6774.0,75.34467209392957,281.54751901954535,0.028797221142553592
6775.0,76.13087788961303,280.8230671911528,0.05043127618342811
6776.0,76.56184847638607,279.493432195777,0.08416115471337637
6777.0,76.64208126902552,278.30261689878745,0.1208728018098756
6778.0,76.36517760247847,277.99105781271555,0.14570153165568997
6779.0,75.4563249810624,278.98184520246514,0.17913076016409635
6780.0,74.47954891575304,280.8284146230327,0.22864116473749685
6781.0,73.91238447819806,283.0818279887781,0.28294328007625685
6782.0,74.07019893400454,285.44652975543966,0.3323476726057608
6783.0,74.31773539347132,287.38035594582044,0.35014597873819553
6784.0,74.59047816823154,288.43244118707526,0.3315548298316804
6785.0,74.58093505488617,289.35224764889904,0.2882884771020004
6786.0,74.36646178246477,290.1560866064654,0.25670706117152886
6787.0,74.49483059448467,290.9521891215021,0.2405679131484729
6788.0,75.22396458062501,292.4596174126466,0.24222929100720247
6789.0,75.97791180230791,294.9653226169613,0.27416922284912404
6790.0,76.10450847458405,297.6754602684212,0.33701109847596483
6791.0,76.03322494245461,300.35593055578164,0.41257228466041
6792.0,75.88987107163973,302.77343364501144,0.4601296488782449
6793.0,75.37651435119271,305.2040456563054,0.46582536019599996
6794.0,74.40362016497596,308.1328309584384,0.4473469188464004
6795.0,73.79237427409647,310.0552159692065,0.4128200638655625
6796.0,74.08832117132329,309.56105269037397,0.380843129857512
6797.0,75.06578111684917,306.9733274505216,0.36150639656616035
6798.0,75.88945326966898,304.02253856981247,0.3556628543650576
6799.0,76.14451474967636,301.08154980357875,0.3513633861983568
6800.0,76.12333959065316,297.8977076857224,0.34869294268519835
6801.0,75.94413481577811,294.8955561455925,0.34575307877959843
6802.0,75.31751770992159,292.97925842410893,0.33764816724650004
6803.0,74.33508122931347,292.1421730977324,0.3202676761286809
6804.0,73.43681836953112,291.8808434484435,0.29500090752081953
6805.0,72.67603215457027,291.2178823822833,0.25822430904821764
6806.0,72.01378034491424,289.91469463665516,0.21063377154710247
6807.0,71.52459363947355,288.9377789293759,0.16136660976343686
6808.0,71.69317220652948,289.0637728977628,0.10992078074158088
6809.0,72.35427360566013,289.86767919335074,0.06178550874694809
6810.0,72.74581308874566,290.572254297018,0.02934975090693609
6811.0,72.76399864078945,291.0783819435152,0.014605172065459582
6812.0,72.5212684880017,291.72283985566185,0.007727155409977594
6813.0,72.12773388047134,292.71039517600036,0.004643602010240399
6814.0,72.13598640510905,293.4006677425177,0.0030319229564100027
6815.0,72.45288525090713,293.2701391673713,0.002400187648724102
6816.0,72.68875000053045,291.55805136254816,0.0023692127911935923
6817.0,72.51116995425684,289.16805956543965,0.0029112477777604017
6818.0,71.93731973488642,287.1296485492261,0.0035735240586815924
6819.0,71.06248162217503,285.9447917371687,0.004079241496723598
6820.0,70.02428674345741,285.0734845366326,0.0051550403979320975
6821.0,69.13903225843433,284.5973774212002,0.006295124400912401
6822.0,68.96257969869006,283.65569510529394,0.005109081611065602
6823.0,69.66620881940538,282.3430737128814,0.004360301621456401
6824.0,70.584088047467,280.67377324076796,0.005327429155777594
6825.0,71.15534185606425,278.9750629251716,0.008109667082616094
6826.0,71.20280273105712,277.72785013258334,0.016329226015939606
6827.0,70.6506350147141,276.91949090585547,0.034233007268289595
6828.0,69.67397657541723,276.02017563508537,0.0635857398061369
6829.0,68.65760293633572,274.7009383195098,0.08517879817556488
6830.0,68.04421543317373,273.8274829941583,0.08265050584980008
6831.0,67.97984624851749,273.3039870800364,0.05321800067267289
6832.0,68.19602005833218,272.63440475484606,0.0246048933286809
6833.0,68.44897117122562,271.9190852063468,0.0144362892342321
6834.0,68.61793485833627,271.78498717443125,0.013872427562812886
6835.0,68.4697900908056,271.7920224140676,0.011445659703672085
6836.0,68.03433889854176,271.4501446372294,0.006322590696678389
6837.0,67.76641143679308,270.04793940339596,0.003761595824422496
6838.0,67.6036018016669,268.1756971392625,0.0033833766222399956
6839.0,66.82832817173463,266.34041451250033,0.0041406355039729035
6840.0,65.57255418441925,264.963351257486,0.00851473468110239
6841.0,64.4831159778385,263.93593319470074,0.019867226686322507
6842.0,63.91167417546595,262.7076030821775,0.0274469233154769
6843.0,63.705152374825566,261.4801586453945,0.027847011975577585
6844.0,63.82274018870842,259.65627590857054,0.03175061766022091
6845.0,64.09837681565153,257.84697122682337,0.0439364107908196
6846.0,64.53458818763559,255.73969948198135,0.040133663475854384
6847.0,64.97583243177745,254.35043197543598,0.015573664734360095
6848.0,65.02858613084356,254.4139707312978,0.002343852458222502
6849.0,64.50183414222549,254.98058072472324,0.00016436316897639855
6850.0,63.6894841175431,255.35988192866284,2.3483037564899984e-05
6851.0,62.960820931010254,255.10958073358807,0.00025248256609000023
6852.0,62.369403921820634,254.41442786880867,0.0005321072495024995
6853.0,61.85813266493445,253.00546912089106,2.078311332250003e-05
6854.0,61.83334437267597,251.58164598249726,0.0029467700269056028
6855.0,62.07540907626602,249.9707415392061,0.015063995596120917
6856.0,61.988627241427345,247.80328432298273,0.020739340934560004
6857.0,61.33086182781724,246.18344799563087,0.013944671826753595
6858.0,60.46357215667281,245.3891697079102,0.01299650616492841
6859.0,60.001919428486545,244.54133428676812,0.02087531995104362
6860.0,60.41000309761934,243.34989536089174,0.03209585473798561
6861.0,61.31497560411295,242.77023314885307,0.043334786370608086
6862.0,61.892426116902094,242.39485425641277,0.05267074113114489
6863.0,61.35310377346928,242.5088062039831,0.057022884868622496
6864.0,60.13260819158481,242.73825340033784,0.05708945157732012
6865.0,58.93713646962572,242.8602683852786,0.06576971071072359
6866.0,57.68972230207001,243.10492668865112,0.08989501863200047
6867.0,56.32230507073706,243.67273969821986,0.11310183998006895
6868.0,54.95251651597254,243.33101419115252,0.14096793632158097
6869.0,54.03266611622757,241.3890189239408,0.1833114720082322
6870.0,54.01971761982693,238.7208432103847,0.24977211195664356
6871.0,54.75355641756446,236.27605731229008,0.3321795760940486
6872.0,55.19174745449052,234.62823132286633,0.396216404399273
6873.0,54.16920697671289,233.35800881807882,0.4538845577612026
6874.0,52.171377529411956,232.44834580169595,0.5004667552505626
6875.0,50.30193108767629,231.82216918007038,0.5517096349111281
6876.0,49.16105259939227,231.49849782227864,0.633344895485496
6877.0,48.668904285676454,231.39736453094574,0.7572728409030627
6878.0,48.715245964716026,231.38590809470045,0.8951949403726563
6879.0,49.21373270280501,230.758374545953,1.02872415900816
6880.0,49.98073585673024,229.30547182576763,1.1381388802022463
6881.0,50.93535345725469,227.5998538875582,1.2750518762058025
6882.0,51.31421617805788,226.10427730566633,1.4270110074644353
6883.0,50.769585009722846,223.93622463449148,1.6000154469608088
6884.0,50.00199771165027,220.8004735137824,1.71714239424484
6885.0,49.693935323995504,217.5790011378724,1.712120459961644
6886.0,49.85419126857499,214.86559970089147,1.59757415272324
6887.0,50.335492319581085,212.60929666860963,1.4431793529760002
6888.0,51.057731374333095,210.86305296900787,1.2939914729032518
6889.0,52.1488328690854,209.68702684481377,1.1795705483777295
6890.0,53.26842586598151,209.0733076324942,1.1029323483783395
6891.0,53.85508900135907,208.73553886732319,1.0843661903739026
6892.0,53.92579585361573,208.67751464908517,1.12419622307344
6893.0,53.69670560017295,209.18084449440397,1.1928897651177048
6894.0,53.36990711627869,210.1802416472,1.269843299028098
6895.0,53.049294607918405,210.9244498471926,1.2649291256788626
6896.0,52.80630128787904,210.42215486612423,1.155744048565837
6897.0,52.715654261269904,209.3480251611187,0.9729156370428198
6898.0,52.88448967000039,208.66698908547372,0.8054465853048974
6899.0,53.22113581188307,208.26702416602785,0.6805991612452358
6900.0,53.50846570569362,208.0626925148741,0.5487335852514915
6901.0,53.528532781996944,207.94123909175352,0.4163922537142371
6902.0,53.31266934834941,208.27974742369219,0.3205326616284817
6903.0,53.09383582250392,208.77420207883262,0.27087074230195374
6904.0,53.29494163055518,208.8492053004884,0.24712830434240005
6905.0,54.09912488270713,208.9379918790313,0.23859764591457644
6906.0,55.26024091156718,209.25516416375353,0.22745054026506242
6907.0,56.43045559819016,209.30223371089664,0.19720340496081007
6908.0,57.12227625781824,208.8027635680832,0.1526350036360901
6909.0,57.3314951323761,207.67354249890056,0.12271399937913648
6910.0,57.20607496170384,206.14876116804228,0.11536714258161207
6911.0,56.9370729689429,204.02810942812874,0.1402339747021929
6912.0,56.6155103467184,201.59947239661446,0.19231508628175356
6913.0,56.23486496822226,199.69104038713647,0.2437722160410437
6914.0,55.79448928073539,199.32524594440164,0.27243500728242503
6915.0,55.53926140510224,200.01372394114995,0.2773830585140224
6916.0,55.786341770269736,200.4510772286497,0.2836211441624649
6917.0,56.39741505675515,200.00607681630922,0.2876242114449665
6918.0,57.085269568262724,198.80657286876954,0.2935992876148808
6919.0,57.740303543434564,196.72099655942455,0.30349360857845165
6920.0,58.14087815027557,193.74008262806774,0.34403152949484017
6921.0,57.85554868237225,190.22604420761763,0.41087543613883554
6922.0,56.86367821344082,186.63499533353334,0.5003477290208643
6923.0,55.71372481207128,183.2327902733905,0.6124889617282275
6924.0,55.045543146082444,180.7045986679979,0.7409982290212516
6925.0,55.00860999316309,179.74924068256365,0.8358744378016562
6926.0,55.50588711967438,179.83408600561378,0.8676656093044901
6927.0,56.234000487870226,179.84613422012174,0.8765984793878244
6928.0,57.18916066329335,178.8810146565749,0.8834702847610001
6929.0,58.32858728280872,177.04615064351316,0.9173921612309281
6930.0,59.2107346823474,174.71195595129697,0.9873722387959236
6931.0,59.47443793963649,172.52769093131332,1.1110133284916692
6932.0,59.14434458253888,171.0544250797151,1.2711182702942163
6933.0,58.51440489695739,170.31600101456826,1.46386914110116
6934.0,57.889225685989366,169.90174555881956,1.6948032420482886
6935.0,57.43597795980174,169.0835530045257,1.9247954336578008
6936.0,57.26117055108544,167.86930041818363,2.011368447548928
6937.0,57.34204292271841,166.95334212943564,1.952160714286503
6938.0,57.54188915090723,166.49423140211155,1.8599650054125152
6939.0,57.7224046635875,165.82271483210127,1.746599943077405
6940.0,58.050068426446195,164.6900846477425,1.6541802019513967
6941.0,58.56959154752911,163.20725069324686,1.6520669879086567
6942.0,59.19048295041482,161.54451968447256,1.7210723479984615
6943.0,59.85998122165209,159.88456630629966,1.80238239740429
6944.0,60.605930883056836,158.34272491001056,1.8659649336506934
6945.0,61.49520175838476,156.86241591206644,1.8864534910650623
6946.0,62.4064399947691,156.1799885943126,1.797764644791652
6947.0,62.7374526884411,157.2515245092091,1.6158635842924127
6948.0,62.73120594805156,159.66695794978398,1.4312166426440087
6949.0,62.98020964357128,162.23766493502504,1.3140367953525136
6950.0,63.65188091816215,164.1102456192365,1.2848628749611266
6951.0,64.49243320166761,165.10932258791254,1.36251901944601
6952.0,64.8358966677249,165.4735098461565,1.5142303405240491
6953.0,64.50529616231796,165.65607994400386,1.6543095653841153
6954.0,63.44229438540643,165.71816857201765,1.6720623776679002
6955.0,62.03316780293906,165.43233560456105,1.6365797570481129
6956.0,60.51023241825323,165.21993021789032,1.5872035783495824
6957.0,59.02502816654855,165.4795326622264,1.5101868780694923
6958.0,57.80599340831909,165.35665058301717,1.4094202385628036
6959.0,57.49893106140061,164.80919125868633,1.3615255737687186
6960.0,58.027092378662566,165.06030286309414,1.389182042596349
6961.0,58.927285226808124,166.1414656623645,1.4289943094302502
6962.0,59.398074044613175,166.6278201355744,1.416772929724944
6963.0,59.09390773069331,166.10254319257552,1.3960490832739445
6964.0,58.28495322906056,165.25474757186416,1.395058226293189
6965.0,57.77123988275674,164.0406745299486,1.3904655431508008
6966.0,58.458238831333524,162.5650265498169,1.4382726862992048
6967.0,60.02747107877527,160.88109673447093,1.5235801273158547
6968.0,61.295146749993336,160.68050774890116,1.5627265082083601
6969.0,62.209693109283876,161.19481053077837,1.501253564307641
6970.0,63.45969351500694,161.20804258204535,1.45722584976721
6971.0,64.72688829385507,160.91517508110428,1.4623455177295441
6972.0,65.39112984080482,160.80952138123772,1.4849255424265442
6973.0,65.28265077222865,160.86597611567942,1.4910064989327731
6974.0,64.7356034194997,161.11783295294242,1.4632661625560521
6975.0,64.34447187580035,161.91170414920902,1.5155311782175747
6976.0,64.50339447328429,163.1828973584417,1.6626800388392398
6977.0,65.31398334645904,164.27394968190606,1.7921092294259853
6978.0,66.14365186184506,164.00054260463656,1.8635265680014115
6979.0,66.32587991117227,162.71403742857038,1.87973143224768
6980.0,66.07985509061676,161.4818336104261,1.8913524174549605
6981.0,66.0686176179038,160.5532823135711,1.9271433017198576
6982.0,66.31429303413897,160.1966288008949,1.9491830536017312
6983.0,66.2016163305075,160.7093659164673,1.9608326684170232
6984.0,65.50683395083782,162.15049548626598,1.950225265401716
6985.0,64.667179699672,164.2017377515483,1.903489998735063
6986.0,64.4214335796011,165.96644875228344,1.849058270072673
6987.0,64.89225571388317,166.54557641672966,1.7759893655595003
6988.0,65.59627445791727,166.28103583180024,1.650905230382825
6989.0,65.75875064422775,166.3889917230845,1.5037010061987168
6990.0,65.528280262116,167.06817954686562,1.425826162780937
6991.0,65.257112800465,167.87861311712425,1.437173156697265
6992.0,64.97107908924961,168.14604263623093,1.5328233914490024
6993.0,64.69516376269755,167.64597775434996,1.6137447367762012
6994.0,64.2297906952359,167.1939637942433,1.6300879579310399
6995.0,63.49454690026384,166.5665083636778,1.5419289562522625
6996.0,62.756545557028424,165.78047664514057,1.3925168696522305
6997.0,62.97830152446256,165.28165191383363,1.275058154465173
6998.0,63.950737483320246,165.46196543553998,1.2335410457101448
6999.0,64.9731109868882,166.35991513311163,1.25959253046649
7000.0,65.8253943025535,167.77418202322607,1.260764141233252
7001.0,66.48117159756973,169.68131328768405,1.191440644371569
7002.0,67.17483694721946,170.87954481135407,1.0797501116550625
7003.0,67.9398179382163,170.6548969121668,1.0178942426655024
7004.0,68.85535716832037,169.3874083054094,1.0390539336660025
7005.0,69.85041047127363,167.768362913425,1.126353168866537
7006.0,70.71871895608506,166.54191650685075,1.1595036240062502
7007.0,70.9119232880415,166.02704362055735,1.087370378236481
7008.0,70.28254844989593,165.71018834066743,0.95818902196369
7009.0,69.24286388658669,165.65981994623,0.834645171541289
7010.0,68.63861210156614,166.26157475081766,0.7624485340253403
7011.0,68.8509352815742,167.40778658317925,0.7366256248648612
7012.0,69.44649973742924,169.02127906977856,0.7472002569036517
7013.0,69.90505682251536,170.72431136242983,0.7499173422581825
7014.0,70.0517381486859,171.80990654333283,0.7772635751477809
7015.0,69.85624808150529,171.54849708146054,0.8456065204541955
7016.0,69.30166219014878,170.3216853452985,0.9118591240429227
7017.0,68.50102465393577,169.53246584869322,0.8985078884598336
7018.0,67.61925207263661,169.6656053831825,0.8156024882568369
7019.0,67.38859794841923,170.31552545405088,0.7651661137803076
7020.0,67.96979878131083,170.99051323329613,0.7861472471853024
7021.0,68.76186514193294,171.7715874816793,0.8368492516686223
7022.0,69.32343281926609,172.3668680086268,0.8746230935093796
7023.0,69.62409826395137,172.4609982137189,0.9121079722870338
7024.0,69.93613231309581,171.26565888845735,1.008953029979572
7025.0,70.21658653775177,169.07767456300542,1.1323524385202501
7026.0,69.8987663717342,167.8027412408877,1.2246371278728978
7027.0,69.3249186975857,168.08743509256274,1.2171560391792027
7028.0,69.08911741506577,168.65992926941564,1.1697886031578755
7029.0,69.3556626163423,168.4576221679185,1.1212455542987692
7030.0,69.58900320740551,168.63960484222656,1.0373238763413604
7031.0,69.63036516203644,169.81526315157416,0.922787306958876
7032.0,69.76694060227129,171.43547772357013,0.8475518452131243
7033.0,69.94464471397227,172.21558642174656,0.8260928658901799
7034.0,69.95121757917182,172.1696604935297,0.8524758914003641
7035.0,70.01466247600365,172.02454802780645,0.8629427889141796
7036.0,70.34659580130007,172.71662547497166,0.8650431329213027
7037.0,70.6685421584139,173.53700742341542,0.8735089366890001
7038.0,70.97576655413995,173.71938309777735,0.8716779357325636
7039.0,71.14127101731226,173.84843895153605,0.8115143451296283
7040.0,71.34476522054732,173.9185322596007,0.6844966382113346
7041.0,71.47686228211302,173.94315373132602,0.5548090604076038
7042.0,71.6222576269633,173.74169536660997,0.49203513276866573
7043.0,71.76514013804588,173.7801193757793,0.49452620230182504
7044.0,71.75804565950592,174.4910294781578,0.5184689926953683
7045.0,71.38489297555562,176.36859228165642,0.5340097245288961
7046.0,70.85702041469187,178.3698196462206,0.5327093556537482
7047.0,70.5072585313488,179.64041409314004,0.5341305697872168
7048.0,70.27727350266221,180.15809407019663,0.5400576240663769
7049.0,70.18976704948356,180.13701013544798,0.529243635225169
7050.0,70.02944624435762,179.75331886501115,0.4957019198834403
7051.0,69.74176077200863,178.93152568006582,0.43912887822400004
7052.0,68.9415956511156,178.25343142296012,0.37490749374961
7053.0,67.81404196505954,178.3150883980306,0.3073225378549041
7054.0,66.58305900024249,179.32537703293053,0.24777501272160163
7055.0,65.70014133396,180.73860289039558,0.20148751775443202
7056.0,65.00217201781702,182.11395673736664,0.1556464328106601
7057.0,64.59925977308026,183.3332245327988,0.11746174169268643
7058.0,64.75922334370965,184.05480079572803,0.08301965180231612
7059.0,65.44017851170815,184.1741808814958,0.05024679999768039
7060.0,66.51613132220537,184.15039833364273,0.02920023072056251
7061.0,66.89196906502616,184.8048366993548,0.02241146726116002
7062.0,66.04041979022996,186.6864224557096,0.019161347737230414
7063.0,64.3183236387573,189.11191825388553,0.016781445847968417
7064.0,62.801867021216395,190.26578174280772,0.016479337007296913
7065.0,61.995587263849075,189.775523853746,0.011719900657080097
7066.0,62.189918823143415,189.364197913245,0.0024442275751568997
7067.0,62.8219865939575,189.16735608454624,0.00021003081715359825
7068.0,63.23563596701406,188.76281797533343,0.004767350115999992
7069.0,63.06674230060269,187.26220480482226,0.014098156955635604
7070.0,62.34990795401372,185.166332247444,0.0288545360944129
7071.0,61.808779764735995,183.79825832493987,0.04074206607928959
7072.0,61.63811620922916,183.58702514208667,0.03833859550995361
7073.0,61.92310119583796,184.15158952795244,0.016703267098854398
7074.0,62.43965838471608,184.93260136673388,0.0007165922101776015
7075.0,63.17368294551876,185.62486229961598,0.0025473117468099984
7076.0,64.10325233114344,185.791107911039,0.007176507541632897
7077.0,64.91526350260081,185.61535993218132,0.007759844576400402
7078.0,64.8272334085725,185.2713026848032,0.0053564511413284055
7079.0,64.05544784442327,184.7491556740348,0.0016361248369216037
7080.0,63.55827315940184,184.0008234775017,0.00014383444760999949
7081.0,63.72725871818411,183.33255998725673,4.325903366559962e-05
7082.0,64.2227756064935,182.94235202036907,0.0005218209235600032
7083.0,64.4514477179228,182.57075142280033,0.0009945804767808998
7084.0,64.54120959884428,182.02862541542243,0.0006360035091920994
7085.0,64.74065485973138,181.4122105729824,0.0010796166205503982
7086.0,65.3418798503757,181.25680697048563,0.0043858168502500065
7087.0,65.87789739739121,181.24141216841204,0.01235372674318241
7088.0,65.8952539329013,180.60241490128723,0.024758591362876895
7089.0,65.41456234853631,179.61051860481035,0.04125327806754091
7090.0,65.21522620540647,178.1393568211137,0.050599740151699595
7091.0,65.35111485153325,176.18911533117506,0.05421905730201963
7092.0,65.78538533741015,174.0581585963795,0.060861881738040115
7093.0,66.30734644238329,173.03479134584876,0.07299781598996644
7094.0,66.84642886319959,173.6002760686431,0.07827978052185762
7095.0,67.47404484052947,175.5925313491649,0.07824592457357295
7096.0,68.37135338528785,178.3312387141026,0.06872671734399613
7097.0,69.55924262608981,181.24954366583034,0.05475883143660253
7098.0,70.37689679858097,184.08686676861115,0.0457422204779761
7099.0,70.63082085775737,186.36347081604052,0.03951307493868162
7100.0,70.52592161970485,188.32122083264113,0.034122438950760024
7101.0,70.81272619828684,190.2517334085103,0.023170882734022513
7102.0,71.64665648345103,191.83929238449062,0.011091004895545598
7103.0,72.69902255187797,193.02394771951037,0.0020526354482404054
7104.0,73.31498453939233,194.06757535920073,0.0005083879524515984
7105.0,73.3278895258605,195.58140869219102,0.008750698830328892
7106.0,73.01361319225613,197.30619618844182,0.017505975793022505
7107.0,72.73362156998476,198.82997399766055,0.015278376488832892
7108.0,72.89390606648772,200.44060152293983,0.010399055627577595
7109.0,73.78845871883598,201.81097668072215,0.005712975824692888
7110.0,74.83737666339363,202.0707667180201,0.0007605675949920973
7111.0,75.1968716749045,201.36645911703232,0.0017659686689648977
7112.0,74.88661178469192,200.84846461104866,0.010194631934140896
7113.0,73.92362974042133,200.79438864530806,0.021527761976496414
7114.0,72.81399170077002,200.87726051919327,0.03469083189756251
7115.0,71.87721497501848,200.98513355577546,0.03926058900612249
7116.0,71.19963035000026,201.28527003376612,0.0391887277676449
7117.0,70.57835452146887,202.12375122840243,0.047692811885185586
7118.0,70.36426607441557,202.96677864314975,0.06140503328415209
7119.0,70.74620738418766,203.4867395048255,0.0793347666279184
7120.0,71.67274336775391,203.41226054977966,0.10843849658600016
7121.0,72.58429026616528,203.03125351711492,0.14100809805920245
7122.0,72.76298798837932,202.88425225353228,0.18643640364715242
7123.0,72.36424109359712,203.07183613730868,0.2658290368249322
7124.0,71.9023369332337,202.88545300295505,0.3749730368741765
7125.0,71.95684787870354,201.88931513400047,0.4772553875170929
7126.0,72.58714232934979,201.1041528258818,0.5505720433093763
7127.0,73.17706662632743,200.92123955860072,0.6240046032457444
7128.0,73.42801858436592,200.55942690485233,0.7228504464854543
7129.0,73.57641988404563,199.66387208546587,0.79447326902329
7130.0,73.91778226238672,198.65078789804437,0.8080301990250001
7131.0,74.4045619277024,197.8797333214815,0.7802941313079081
7132.0,74.38904042343827,197.45526549056956,0.7638473330689601
7133.0,73.38961196968265,196.994055163813,0.7921843386448643
7134.0,71.96788179927441,195.96309577730852,0.8487193427181227
7135.0,70.88600791164943,194.74566029446507,0.9151761803555283
7136.0,70.31597748159355,193.67865853344094,0.9469334383355026
7137.0,70.15169132395843,192.22426763515116,0.9187148120550543
7138.0,70.52206633173824,190.1983581091627,0.8475280011728655
7139.0,71.45940585959156,188.19917628909886,0.7981654004050608
7140.0,72.4026327465738,186.55915143608968,0.7832483995747684
7141.0,73.22755717443923,184.96743873079137,0.815192059651217
7142.0,73.92741354615335,183.34032852949022,0.8695044224222841
7143.0,74.57217216458618,181.8696687323797,0.9053766085638398
7144.0,74.77792575156823,180.43851841495953,0.8819016165086689
7145.0,74.39163033339655,178.50508911841732,0.7935947653252096
7146.0,73.86284831287306,176.78358355776152,0.7277951365028099
7147.0,73.61465157798158,175.70741069027588,0.7432202204868841
7148.0,73.76523673752142,175.23449298384327,0.8164889660928842
7149.0,73.81813541385361,174.5706057395393,0.8588856545575057
7150.0,73.60271347699766,173.38215032718335,0.817049437447937
7151.0,73.1066462957917,172.18039444482739,0.7408787530570597
7152.0,72.66534915775934,171.51007753157106,0.7196168939815695
7153.0,72.4557604378155,171.02975808651385,0.7433378503663848
7154.0,72.48066403014468,171.14732342990393,0.7550899869895398
7155.0,72.7643720926204,171.94982329174033,0.7146490335864891
7156.0,73.26896192299765,172.81801510498707,0.642060103159441
7157.0,73.96450027645548,173.46519562372785,0.5648801475103082
7158.0,74.5152077989155,174.444664024825,0.5003128005580848
7159.0,75.15420021353094,176.16892699167175,0.4463331845981584
7160.0,75.90457153358963,177.95813567623264,0.4240600594571236
7161.0,76.76536049739661,179.39447098220128,0.43284912082129
7162.0,77.64901359596479,180.61503714892834,0.4513760668213728
7163.0,78.423050551041,182.44447534252882,0.4519129635678786
7164.0,78.93007965667445,184.63365404745096,0.3904172651257642
7165.0,79.48336880182849,186.799187589057,0.31052815318528104
7166.0,80.5293949595395,188.70405026037812,0.26133924258225
7167.0,82.34729653857087,190.42778885175315,0.2266785991322177
7168.0,84.35186244292899,192.19894552057062,0.19116497483218903
7169.0,85.75962008641397,193.7548126084391,0.17551701613520007
7170.0,86.90620653934802,194.6689936110703,0.17543754241202253
7171.0,87.93713415119362,195.19678582970354,0.17468517831667355
7172.0,88.45400788290084,195.80325643728202,0.16643449474754565
7173.0,88.22510531154043,196.96354354239926,0.15450286927636098
7174.0,87.62751782804041,197.92408756628916,0.14081997753761438
7175.0,87.08610007108409,197.32712866485994,0.12083965049520036
7176.0,86.52165730629343,195.49012750634213,0.09729700599310237
7177.0,85.8682583605823,194.047997487161,0.07649218181283997
7178.0,85.26955614114863,193.57694613358174,0.060389386135950435
7179.0,84.8285751980247,193.18512536066706,0.05360671046531289
7180.0,84.56950238968021,192.16075740438896,0.06185855928471612
7181.0,84.5546035987636,190.4941649868568,0.08169664518906247
7182.0,84.45006466722684,188.95171763316336,0.10578647616778888
7183.0,83.8059750187009,187.88912282702006,0.11668853090482088
7184.0,82.66765514095675,187.31762242503208,0.10535353314876814
7185.0,81.73658502927628,186.77715357607713,0.08311725902440967
7186.0,81.44601292929049,186.40271630490275,0.06992116764973212
7187.0,81.87586113843074,186.43098387323883,0.06252403731072494
7188.0,82.6571623760424,186.76704285647222,0.05636499429639689
7189.0,83.27587889566418,187.08042324092776,0.0513803179869529
7190.0,83.40710173983129,187.18738746812787,0.044163657155280096
7191.0,82.98727705387138,186.7087785091439,0.03370652917982441
7192.0,82.26745522024154,185.96777500028008,0.027718130943016898
7193.0,81.28084988533912,185.256745263313,0.029843066932131627
7194.0,79.88340294828244,185.28504668302506,0.04699771766078489
7195.0,79.01563871085378,186.27331929279862,0.07070677196550253
7196.0,79.31576674924361,187.52274000406095,0.09834734337444007
7197.0,80.39500552480642,188.264106944013,0.12297549452510444
7198.0,81.3929255816518,188.30966183756254,0.12856842177607206
7199.0,81.48518900107611,188.40983391943965,0.1261799980286977
7200.0,80.73995766561974,188.31368010978167,0.12559899851226014
7201.0,79.40572584921989,187.5052442712245,0.133950166023521
7202.0,78.0357305715209,186.1162736547051,0.15211086559404496
7203.0,77.08216720398951,184.51082866433126,0.1806898863262689
7204.0,76.37351211920375,182.59169434782632,0.21723464927998448
7205.0,75.53379787419235,180.86521932791288,0.263856776439408
7206.0,74.46914735496269,180.175269115643,0.30800910500506234
7207.0,73.53633897650225,180.47492082839267,0.33421531138041655
7208.0,73.1166083516415,181.43447001776815,0.34160903841289
7209.0,73.015196381449,182.68580315625874,0.36131919030682236
7210.0,72.60386648449509,184.101348574751,0.39015174342883835
7211.0,71.6769711690091,185.47851119011722,0.3914759504305522
7212.0,70.8755739860495,186.26578283387886,0.36996772188007854
7213.0,70.79771811476125,186.69888279529758,0.35330888730032645
7214.0,71.24962272170471,186.99730358157416,0.3511798563784901
7215.0,71.93765696318472,187.5369016752324,0.3505403129538026
7216.0,72.691550572356,188.25662005206948,0.35957518140097433
7217.0,73.52710054573437,188.6208261032565,0.39063042501883566
7218.0,74.15998249009054,188.79083413505097,0.4606391739123215
7219.0,74.50747577550369,189.0344986118738,0.5479940764730885
7220.0,74.42278299210784,189.00712070595438,0.5737751626210704
7221.0,73.67085909125592,188.60232887615487,0.526039738278841
7222.0,72.29827105992099,187.81463670657692,0.4695612582211602
7223.0,70.85175678053409,186.95876152335643,0.44453460012711843
7224.0,69.8376378827019,186.75097986349792,0.4293268377703368
7225.0,69.71107866977391,187.2727783256791,0.40831353651410557
7226.0,70.4306794841734,187.47926276686488,0.41629940243278235
7227.0,71.59924047292623,186.79183758013545,0.48590846699082263
7228.0,72.89476702005683,185.74220182112535,0.5823604219126851
7229.0,73.99198066440154,184.36570961538493,0.6465056330269479
7230.0,74.6584125416694,182.68941630632145,0.6758711001504402
7231.0,74.37330545569672,181.70463842407196,0.718055694651989
7232.0,73.50144442664677,182.2730257872337,0.7820272213883809
7233.0,72.45787111225033,184.1474552398642,0.8371995997926545
7234.0,71.21909271630588,186.34429559236278,0.8722874270676243
7235.0,69.82018209551394,187.50144934161625,0.8941326942788099
7236.0,68.8052810702502,188.04577248497304,0.8847052025795362
7237.0,68.74115789914713,188.79046617487856,0.8482284376065123
7238.0,69.57310359185149,189.16478825648164,0.8402045804830278
7239.0,70.96416047188075,189.0707258894728,0.8925266198535128
7240.0,72.78429677034597,189.1033199030871,0.9957389488358399
7241.0,74.88588712518077,189.0705936116184,1.0776764830195205
7242.0,76.61897013381812,188.46044681124613,1.12009117566096
7243.0,77.68979304697146,187.91977215138354,1.1166460205989728
7244.0,77.69323572806522,188.3246057674516,1.128714816866208
7245.0,76.97779396712701,189.5961028998146,1.1482888185581124
7246.0,76.16810736623226,190.86446288119245,1.1117971500171266
7247.0,75.62292916488026,191.8336455338936,1.033645156169228
7248.0,75.19424662713304,192.77929526422264,0.9483165501350115
7249.0,74.75620310019565,193.5577817407704,0.89722192057964
7250.0,74.2555688293224,194.47394436718008,0.8788131024681023
7251.0,74.09814226125174,195.35321478781646,0.8638659260694544
7252.0,74.57119929029459,195.19632393931684,0.8748194244095525
7253.0,75.54643184036462,194.7881878052522,0.9338960447060208
7254.0,76.35727608405152,195.09362879263057,1.0246365793743555
7255.0,76.91818506818773,195.86390583272384,1.10551892381956
7256.0,77.10218346006802,196.3640910877277,1.113833635519249
7257.0,76.68464757964533,197.05442600856918,1.0664710868987568
7258.0,75.85920958801495,198.2769190112707,0.9620352178559238
7259.0,75.31928832147922,199.54035977157028,0.8134782480194843
7260.0,75.29455770855506,200.1027766405457,0.6769978652814399
7261.0,75.63215849069402,200.18552209746494,0.56806216752702
7262.0,76.24577967786304,200.38591885345474,0.49465854414251564
7263.0,76.84580677359949,200.87769336643586,0.4440793105804175
7264.0,77.11199489438036,201.2957842465377,0.40770487875399847
7265.0,76.98926091682101,201.39189927165427,0.38402744551227036
7266.0,76.79910313834507,201.6004171707621,0.37114302588370807
7267.0,76.78719924801331,202.51427317015592,0.35853449450624997
7268.0,76.95658343184701,203.69373441342339,0.3418133774476864
7269.0,77.48108349546264,204.1836832441531,0.3155408962342729
7270.0,78.43073002963425,202.94482459326582,0.256033277727236
7271.0,79.53423380680238,200.42333006162622,0.17656453554938883
7272.0,80.58255187899111,198.0047369879234,0.10603563933769963
7273.0,81.58568031778306,196.90177498321918,0.0543758131978884
7274.0,82.47919422764414,197.03931341003693,0.02411556178225962
7275.0,83.37649029627838,197.45296464282578,0.010952129011856417
7276.0,83.7248180770453,197.48954006946204,0.006026204195676896
7277.0,83.21260405320874,196.99187237557607,0.004008870268609601
7278.0,82.32766294287974,196.61077203956555,0.005938803068776907
7279.0,82.2453320945663,196.00714538512196,0.011717096929891594
7280.0,83.21386527874284,194.72396346230312,0.013681688476562516
7281.0,84.69517126770421,193.23954029703376,0.008523015635232395
7282.0,85.79331660026315,192.24608819920633,0.004767221691304906
7283.0,86.09213292164394,191.79395427307455,0.0047582459184016025
7284.0,85.85054318464852,191.45894593706004,0.009212352360999997
7285.0,85.3736944814646,191.6732980440788,0.011535617067920102
7286.0,85.01473554884036,192.85715295075948,0.007188803149976098
7287.0,84.61734522814895,194.60601011482814,0.002343137931640902
7288.0,83.9754120666142,195.68521469163494,6.5545216000030435e-09
7289.0,83.32379370800305,195.8965802460054,0.0039196527268368945
7290.0,83.11046631630377,195.65534508740282,0.019904268984600085
7291.0,83.3521272695195,195.23050865737846,0.04607768775297961
7292.0,83.55561861781406,194.5762135077409,0.08685355382393288
7293.0,83.52401757510512,193.6687768623893,0.1419772452497424
7294.0,82.9294151813004,192.98213196740477,0.18330266080996
7295.0,81.84884156746219,192.58676120264803,0.19825392962612248
7296.0,80.74499306192237,192.08731552399962,0.1827240692167696
7297.0,80.15061633751628,191.2272344155313,0.1566332675840241
7298.0,80.10337781840492,190.3102949164441,0.15249206192538237
7299.0,80.26696576136621,189.26755294382482,0.19862925405369636
7300.0,80.55254619995543,187.7261650839512,0.28810275244416156
7301.0,80.8485894828283,185.75186607720352,0.3971669506719488
7302.0,80.84988643415913,183.81830946027245,0.5099715591517848
7303.0,80.74381286840234,182.54036529228503,0.6498679391385769
7304.0,81.03916805384455,181.40484394844842,0.791573794820749
7305.0,81.40770396538281,180.23043946654778,0.8531922426980837
7306.0,81.56775056723905,178.79867887764377,0.8172455429869956
7307.0,81.4574781876493,177.6525344216234,0.761474722222536
7308.0,81.4498333289237,176.94590724276463,0.7440935967939599
7309.0,82.04450042886613,176.4114684812444,0.7530844245910969
7310.0,82.95759035318306,176.2254744615322,0.7856024245934656
7311.0,84.09726453179985,176.16335322912082,0.8378570548459022
7312.0,84.88316756239782,176.57561529441514,0.8941559180193123
7313.0,84.89920390503696,177.5064602198774,0.9270296891029159
7314.0,84.28481108252193,179.12900165048703,0.9425975665951296
7315.0,83.51873395191357,181.06508218389388,0.9804313612026755
7316.0,83.19808249515692,182.952078421808,1.0498213897267263
7317.0,83.52353612550704,184.09645313030336,1.1191613175357242
7318.0,84.36085781259891,184.15867245050552,1.1679909501376897
7319.0,85.68182420796424,183.48228240519424,1.19152964949841
7320.0,87.31173069100963,182.6858420827187,1.2191628352309847
7321.0,88.73254047956762,181.77715369758562,1.232048296742424
7322.0,89.65277535837349,181.0767961275406,1.2226238392471684
7323.0,89.79767941681405,180.97857474022666,1.1702660558314897
7324.0,89.52455921451111,181.27545366404047,1.1166557635300354
7325.0,89.31255999730072,182.1143723823847,1.1351244003275087
7326.0,89.46513344471707,183.24946987356293,1.2047821114429489
7327.0,89.97250659213316,184.47468480410055,1.2425184134256098
7328.0,90.76383570243138,185.48622537238253,1.2063982922234897
7329.0,91.71867291119877,186.3027585279459,1.1030487142567877
7330.0,92.35711571930011,186.66733910553293,0.9774849390794244
7331.0,92.21354255844959,186.34245792641948,0.8743235517772899
7332.0,91.25042781298066,185.39436536000403,0.7981896474931599
7333.0,90.54351522867351,183.94400347791805,0.7316625585500175
7334.0,90.54075158663798,182.70775428304282,0.6644909285113968
7335.0,90.46408504922012,182.6061699252798,0.5954514544581
7336.0,89.42100013794078,183.2956362743027,0.5402664988969328
7337.0,87.97810725811999,183.88878480148804,0.47779130940025005
7338.0,86.81962497619222,184.0544407362222,0.3958548008162049
7339.0,86.31657394789738,184.29177241557593,0.3220534238562
7340.0,86.38382139929767,184.84952003885007,0.27069796924214484
7341.0,86.66063324224586,185.50783688671885,0.23826062675547033
7342.0,87.17706184678575,185.83999235604568,0.22807053558063606
7343.0,87.64487184221834,186.01742026679779,0.2163464192406916
7344.0,87.74724489841802,186.2863041420638,0.19356239062670758
7345.0,87.47974670261907,186.39099298442517,0.15097633242829286
7346.0,86.75082437943031,186.25831613042362,0.1166744438684881
7347.0,85.78445746342142,186.35312530634556,0.09687886576368998
7348.0,85.08451374661797,187.45531787782602,0.0898681623164361
7349.0,84.76564517841253,189.1771387476408,0.09442619150340249
7350.0,84.55288867324438,190.53486307449452,0.10619136117842558
7351.0,84.22387471420497,191.51326974034077,0.11150571194858407
7352.0,84.10469074765213,190.95631298597414,0.11367776919059558
7353.0,84.14906889384964,190.06843177507932,0.12386747917153439
7354.0,84.47975175307408,189.7997374299845,0.1467545462805136
7355.0,84.86371517646316,190.13452380648462,0.16422556867605156
7356.0,84.63989548803227,189.67443210520287,0.18543919111478008
7357.0,83.68647190880347,187.96151978685478,0.2312514219377664
7358.0,82.34961963748157,185.9766448837247,0.2926653977679364
7359.0,81.33753247943795,184.8278465742543,0.3664003292682121
7360.0,80.7255972522217,184.7552086226722,0.4478106654683648
7361.0,80.77368733967816,185.39786876304998,0.5452492099544063
7362.0,81.39451252449774,186.55267564565804,0.6430998404572035
7363.0,82.48959812737682,187.75331002390197,0.696842839481477
7364.0,83.67361960164511,189.5148881699724,0.7037510791956127
7365.0,84.31138168527423,191.46292571802616,0.6773386620544569
7366.0,83.81450582128959,193.2838510837172,0.6389120627400625
7367.0,82.76191875927368,194.35534518558723,0.6244543020701241
7368.0,81.92504962689306,194.7417012441346,0.6756387578773504
7369.0,81.5856358779915,194.3607613556625,0.7409951817479928
7370.0,81.74305007295513,193.83127959006512,0.7931305811978641
7371.0,82.31527958844038,194.248140349037,0.8663467358907001
7372.0,82.88942417907093,196.01929191469344,0.9954289954931343
7373.0,83.00203584556301,198.87191453569338,1.1369391341513104
7374.0,83.10140732056715,201.63122847139456,1.2234250227017023
7375.0,83.71248525850446,203.50151504819434,1.2523906069447082
7376.0,84.202022459556,204.47825186074024,1.270658271786344
7377.0,84.12280105477592,205.53303102968366,1.3267116347654961
7378.0,83.71922286806964,206.8773446429521,1.3360813684508197
7379.0,83.36737572590873,208.10045465440882,1.2381634907112025
7380.0,83.0786046707369,209.32181794925725,1.092165180798385
7381.0,82.84792294872223,210.9368345751863,0.932108937363252
7382.0,82.52536532195646,212.66240532816775,0.7733685612773374
7383.0,81.99935601600617,214.13375131278315,0.6294823540325776
7384.0,81.52959103953896,215.11665964466795,0.514170468767376
7385.0,81.00121392454817,215.90838057594016,0.44951956162884
7386.0,80.40518262709969,217.02429954889897,0.4167896631444001
7387.0,79.5996499185677,218.04489533943553,0.39203886455820486
7388.0,78.62941825040777,218.28641818214948,0.36449377678224
7389.0,77.555496391632,217.7978078007364,0.3240721470202225
7390.0,76.564800917287,217.04857107137582,0.2782110872826961
7391.0,75.6603058109273,216.41085302126282,0.2332172993300929
7392.0,74.61241116082577,215.87208983213387,0.21105991866225637
7393.0,73.02697445331027,215.6703595823954,0.1972634041779025
7394.0,71.19949314839222,216.70110531158028,0.16994132291235997
7395.0,69.77093406649206,218.3595268506868,0.11874619645848997
7396.0,68.94076501073431,219.817499286541,0.07292510676132008
7397.0,68.47438507961303,220.38467344712987,0.04307669117556251
7398.0,68.15756855437448,220.19680481172688,0.03139000971350759
7399.0,67.91550323922597,220.21767105936914,0.0295941454296601
7400.0,67.53817055064744,221.4518545438223,0.027284128469646375
7401.0,66.78270814505069,223.5060165528321,0.026825850520280078
7402.0,65.8924092356546,224.66680094876554,0.03140987032089
7403.0,65.00608862581691,224.88265170468293,0.03470605057936
7404.0,64.2317683312301,224.16188174838396,0.033820486278040886
7405.0,63.66626182081882,222.79927619626278,0.03279744543042249
7406.0,63.3880098922184,221.2766373970184,0.03027962278836808
7407.0,63.20951463862215,219.855764521156,0.02791383174494888
7408.0,63.023923357167085,218.26422180425007,0.027454266351024097
7409.0,62.82533903326481,216.66452544451434,0.026693488401216398
7410.0,62.64474968735158,215.28490787236495,0.02442551696822249
7411.0,62.29971152145656,215.15414477426236,0.025283947945932892
7412.0,62.01439682108087,216.89107755725064,0.025824644272230374
7413.0,61.91888924053693,219.47510972144244,0.02373819350976159
7414.0,61.58476250836025,220.4385362927949,0.023888070264675577
7415.0,61.356413498800926,219.22012104608254,0.020546848692558402
7416.0,61.891053302658634,217.32871781153636,0.009992853277347606
7417.0,62.8518012058456,215.89854052989685,0.003466754304722499
7418.0,63.82881270635858,214.65144263668958,0.003166971293222502
7419.0,64.61708193332,213.85272306672726,0.007775641856160005
7420.0,65.31067053525305,213.86749706523818,0.0201705637740721
7421.0,65.82345686433993,214.5031563062761,0.03901929003966011
7422.0,66.02093918194208,215.4150138293643,0.062166540970196076
7423.0,66.06561474749202,215.66468094572858,0.0912917279259441
7424.0,66.34426968187267,215.25250878393908,0.1153106305141561
7425.0,66.76522008224164,215.06785522364868,0.12214740508656487
7426.0,67.45784269527454,215.4055493080608,0.11087976277237689
7427.0,68.38944748397239,215.4306921109482,0.09426214005796
7428.0,69.19409991706083,214.6811819486471,0.08238971122176639
7429.0,69.57254874635761,214.0431988465412,0.08399949284675558
7430.0,69.327295170168,214.30242843562115,0.09483572154772807
7431.0,69.11788087845194,215.35217492131807,0.11598513224280999
7432.0,69.02445465884423,216.1831809950681,0.14858662749880958
7433.0,68.8696875795151,217.10935100085365,0.19318044115762087
7434.0,68.26400518821562,218.55874663155623,0.26051039555679606
7435.0,67.46889821278661,220.19676533990943,0.34038470728800035
7436.0,67.38536509681794,221.63205024844933,0.4193768749750596
7437.0,67.92884720224723,222.33791384272004,0.45796701190276
7438.0,68.61022338003974,222.6738521625109,0.49094640854346244
7439.0,69.07331207958453,222.723626949184,0.5156070903077795
7440.0,69.33160959362904,222.17098821214978,0.50437636986916
7441.0,69.07810048259638,221.1594629620473,0.4513432813675569
7442.0,68.13627068857565,220.918150327937,0.37605100837080035
7443.0,67.1445437543214,221.1383097494272,0.2908855753248481
7444.0,66.95639828879833,221.60903506205926,0.23344014551347356
7445.0,67.59423217451234,222.45483413192403,0.21499215943590086
7446.0,68.68090478091614,223.7820168908096,0.21295900949403235
7447.0,69.77174964600607,225.11276522534504,0.23523737736281758
7448.0,70.86132123142221,225.63418274661268,0.2818198672450681
7449.0,71.54777117890323,224.69504869818894,0.3291520796137729
7450.0,71.44212382764871,223.18840687615193,0.34586440936166446
7451.0,70.42632831228659,223.14670941635876,0.33678946666092247
7452.0,69.06077063137224,223.82455162201174,0.33853685465664
7453.0,68.18038211788006,224.32188500466444,0.35754085398784
7454.0,67.73726015956673,224.4811965086898,0.38542118491254007
7455.0,67.92991964196803,224.8566540384587,0.39415456217929
7456.0,68.71295487849316,225.0066534491864,0.3841180013380515
7457.0,69.82411006740011,224.26374598742288,0.3368492787083524
7458.0,70.47821661573808,222.99501792717368,0.28237484322141154
7459.0,70.33873964821636,221.72299842272673,0.2497482234233856
7460.0,69.8445520445542,221.3932107917725,0.20725566731662806
7461.0,69.19988175481035,221.79537091048047,0.1602589286716609
7462.0,68.29164571698841,222.66371200519708,0.11283899471782559
7463.0,67.48062955088791,223.23458215305791,0.0717481170933921
7464.0,67.04526884885566,224.20956033860713,0.042790170106622505
7465.0,66.8767687383295,225.79861649881317,0.029470472164515583
7466.0,66.69633819899842,228.01616627768954,0.018218469285156108
7467.0,66.45668957345757,229.939800212582,0.00381341324806559
7468.0,66.17672133514147,230.46852344000027,0.0012897895380496057
7469.0,66.02402554222698,229.6103162831142,0.012404176785921614
7470.0,65.81193034550168,228.49346476728016,0.03142616680403292
7471.0,65.02138837650114,228.03460037550798,0.047388352692595594
7472.0,64.28096512983839,227.27456562463524,0.07336516126880165
7473.0,64.08817643051336,225.9640162798262,0.1115220882175929
7474.0,63.93735117905058,224.9131502825884,0.15721913331534235
7475.0,63.28293075954102,224.45587586623745,0.20475711880092165
7476.0,62.31701942523995,224.50681615249428,0.24811105166980102
7477.0,61.39192452294002,224.1718655130318,0.2704638181650495
7478.0,60.275310040903655,223.09218331985474,0.2781518042529802
7479.0,59.07894328157585,222.48874419608242,0.2875562225784362
7480.0,57.5987895714105,223.0735295025649,0.3224297618844201
7481.0,56.017706120685204,224.130669132953,0.38568401165923694
7482.0,54.72270487626493,225.46073472157897,0.4365706741515024
7483.0,54.17689812739782,227.04811677583288,0.4593061198104128
7484.0,54.25159741314446,229.52039566982333,0.46207992500845224
7485.0,54.680241967096656,232.3484496456265,0.43672192948036004
7486.0,55.03533975078411,234.8523298300584,0.400502324727401
7487.0,55.357975401659516,236.7997393425495,0.36918765179425955
7488.0,55.7427283506881,237.9505801238891,0.34064888668379567
7489.0,56.19869820255681,238.52510671498987,0.35388749695411353
7490.0,56.357992983567364,238.78542580590397,0.4360812332383809
7491.0,56.11177916559176,239.60139197713158,0.5518421978910724
7492.0,55.35654330312484,240.54540480962962,0.6418290168949825
7493.0,54.58988644130961,241.6159248083201,0.6070157422776224
7494.0,54.23655207333617,242.61859958205858,0.50925093537124
7495.0,54.21022598228836,243.43995563025257,0.4175650701525625
7496.0,54.46049162211905,244.0371375315128,0.3405386205241969
7497.0,54.85097339242248,244.87377427065744,0.26557508885044856
7498.0,55.13402332636776,245.8293784016511,0.2141753986111744
7499.0,55.22248925103794,246.63167328728642,0.20393899237560253
7500.0,55.63142073918087,247.4426737747159,0.22495378344798495
7501.0,56.335828965540074,247.98238873898535,0.26759146848115367
7502.0,56.55452118548148,248.46690702319898,0.3091662471398399
7503.0,55.86223015436976,249.1141268054891,0.337488158150036
7504.0,54.68417715301001,250.29836793796488,0.33475708443744157
7505.0,53.58377221598531,251.79091114978954,0.3050848554153169
7506.0,52.596831454109285,252.8844028454474,0.2623332591073442
7507.0,51.72995404745691,253.546459432198,0.2299539121320101
7508.0,51.28815247014309,253.15561359240232,0.20691586898560363
7509.0,51.17612418270108,251.31467652061446,0.1928015210088901
7510.0,51.13897035036682,248.62029233535506,0.21340355843581288
7511.0,50.93829747138612,246.64574284546626,0.25763738533880504
7512.0,50.665311853849005,245.77886405689603,0.27354743083046446
7513.0,50.4451391934677,245.94666652150926,0.23167087731044006
7514.0,49.94479597812076,246.13327820395148,0.17471555650201
7515.0,49.04820194839662,246.03808626028956,0.12770393968333438
7516.0,48.39337433665062,245.35822529526757,0.09757474201459362
7517.0,48.266538916725516,243.7162720576591,0.08055111883778407
7518.0,48.40473933796413,240.95107040124168,0.07858035080029695
7519.0,48.546104604462045,237.39546558882478,0.08645442302156886
7520.0,48.867283467610996,233.34916345212406,0.09502243970041004
7521.0,49.59176253973562,229.25051752808184,0.10707169805633436
7522.0,50.58538610771897,225.98135734188875,0.11585434414886897
7523.0,51.17048603921982,224.3835268451943,0.12211067582582445
7524.0,50.952170097102055,224.47064911385536,0.1379517689975881
7525.0,50.01315726784358,225.6509274052213,0.16290321160129004
7526.0,48.852573597663785,226.8063644220236,0.1815072101017569
7527.0,47.99556577139992,227.09791450591737,0.18950673248816413
7528.0,47.82861177850643,226.77419118299608,0.19481442412573685
7529.0,48.504283232852735,226.36500059575073,0.20535619702675365
7530.0,49.72927330053007,225.99998772161828,0.21109864891937294
7531.0,50.900966537845164,226.2153278178736,0.18827506769556251
7532.0,51.57130581141427,226.64507873954855,0.1404309669774401
7533.0,51.627004626515166,226.58507814620108,0.11399722440756256
7534.0,51.15023603696207,226.45272516085595,0.12650853271694448
7535.0,50.29428025506368,226.44008442543907,0.17665066098289
7536.0,49.194012706303816,226.38400006404,0.23625365283767624
7537.0,48.09208086059806,226.32313530926888,0.2905783308681124
7538.0,47.11691737574991,226.60830331776464,0.32142805038906247
7539.0,46.46239147708929,227.38819548674502,0.31591605250880994
7540.0,46.29384432968485,228.34932349108493,0.2922766016262544
7541.0,46.30512176030541,229.27781124207579,0.2570626384809026
7542.0,46.40180150353877,229.72648005589946,0.22859755822631292
7543.0,46.59209170559999,229.9084492851901,0.1991305570658209
7544.0,46.76675906523077,230.22186538233177,0.17114344546431695
7545.0,46.417863551209926,230.6084602893721,0.13634209157208999
7546.0,45.611790078449026,231.30862281843238,0.11123769158592249
7547.0,44.52164878767208,231.99287651251507,0.10867376402156165
7548.0,43.34381661112441,232.21929340122162,0.12250527105670095
7549.0,42.632805926739636,231.98017742730238,0.13142565171609757
7550.0,42.917792730542594,231.62704287508467,0.11639111449641636
7551.0,43.95250097246471,231.36059584324593,0.08512640675449006
7552.0,45.027302203134724,231.75304109575012,0.047216834541922534
7553.0,45.63509611938762,232.33298102178284,0.018583764024398406
7554.0,45.74361161852161,233.00038428065707,0.005913480808705612
7555.0,45.96032849314636,232.91363864327056,0.005136501462972108
7556.0,46.39011004513568,231.97816969500303,0.011015640187376404
7557.0,47.18190137118706,230.61653009301514,0.02528447267924642
7558.0,48.02048957206398,229.7752130444113,0.04419073722576492
7559.0,48.36996342086619,229.67168719564904,0.04953180964820492
7560.0,47.97328108133459,229.32522426309762,0.035367353456410004
7561.0,47.25613137676264,228.76599011764569,0.01793027853792009
7562.0,46.398682529233476,229.4977585957866,0.006642903646080112
7563.0,45.59204062664386,231.95598438985363,0.0018267853876281017
7564.0,45.16306877346592,234.6843484847095,0.0005756750858328988
7565.0,44.838332013909024,236.86137595161793,0.001992144858902507
7566.0,44.304918166264365,238.8854559366769,0.014583777042156116
7567.0,43.6334300476051,240.2527084776335,0.0430653265282969
7568.0,43.12200475151879,240.54695452398948,0.07336119593139842
7569.0,42.4750832821392,240.0923449922788,0.10343739820392255
7570.0,41.60178340808581,239.1602911163064,0.15080075586233296
7571.0,40.770293638540764,237.46851083077775,0.2132613827573825
7572.0,40.322391542072936,235.4723782013378,0.2718246018513601
7573.0,40.36172548394113,234.26819076908134,0.3252747233845321
7574.0,40.45069290978224,234.05453043569835,0.36241042938851564
7575.0,40.28782388530638,234.9960217500336,0.384896073144005
7576.0,39.986647191200156,236.30029751043386,0.4019041785103569
7577.0,39.867811454264064,237.20648964207703,0.41817475569434903
7578.0,39.91131342051122,237.2614481826153,0.4286982434402705
7579.0,40.03731446302115,236.64847437069497,0.43426663391881015
7580.0,40.312774164541544,235.48152090617927,0.463133017473113
7581.0,40.63097293065498,233.72527909495236,0.5195597326962064
7582.0,40.815010711051535,231.47880536991042,0.5785656640758015
7583.0,40.91471460381321,229.0904464431881,0.6369312873600627
7584.0,41.05873629468537,227.18593680930965,0.6666591044148026
7585.0,41.16641055706292,225.85932262066993,0.6451601515147044
7586.0,41.07827213475223,224.98937922533722,0.5748706973971985
7587.0,40.45896118954881,224.45949070193342,0.5065061860885504
7588.0,39.63317734227881,224.5862042273042,0.4447124892912289
7589.0,38.863339130547445,224.89541715568222,0.39399330496809976
7590.0,38.276796280171844,224.90872825802333,0.34114944639999994
7591.0,37.90344392774374,224.95243241434932,0.2907918674864641
7592.0,37.63056105737513,224.65996456838542,0.2687495398241481
7593.0,37.44191146759575,223.73115172400045,0.27701307924490237
7594.0,37.5004796488828,222.1856819015937,0.26959930482402095
7595.0,37.452675771044355,220.50947199042264,0.23196061780441007
7596.0,36.70439400858121,219.25888508726618,0.19649807155786098
7597.0,35.58793594140626,219.36100579537825,0.17229389688900007
7598.0,34.445763866317854,219.55297287143924,0.17222370520243357
7599.0,33.61853843609118,218.92516557478805,0.17284101976674093
7600.0,33.36821069111042,217.47427828030342,0.19149205336380257
7601.0,33.5197094709623,215.03961744356346,0.2194657243314562
7602.0,33.828408457909525,212.45747591342527,0.25497561339121
7603.0,33.958858820928995,210.5477848563243,0.2779096638911044
7604.0,33.86669082059026,209.40510843089876,0.2828051881483761
7605.0,33.83391326823016,208.61590752785986,0.2916306512054245
7606.0,34.041143801166065,207.63179137043147,0.27925255382999037
7607.0,34.238889566820426,207.70047356503414,0.25648478572829303
7608.0,34.111912397653775,207.98682402855292,0.23535558011716007
7609.0,33.831271494336804,207.65956244858117,0.23999284895742248
7610.0,33.551931124232304,206.62454026301788,0.24558479807191702
7611.0,33.31388868150587,205.37940081790035,0.21956637295680992
7612.0,33.2041224952674,203.83171704749597,0.16973365895750253
7613.0,33.28517049508564,202.30195026198683,0.11528011160556251
7614.0,33.454321222917535,201.35296458980588,0.07593027695916009
7615.0,33.39089085990992,200.74230210825402,0.05993786064841002
7616.0,33.14576877773517,200.4275885383291,0.0612761852716729
7617.0,32.65045985589445,200.04598625725478,0.057758696357552104
7618.0,31.990676378985405,199.67133292542468,0.05005561405645443
7619.0,31.162181028483133,199.92434832126602,0.03737680209525613
7620.0,30.247237853056223,200.20571279188627,0.027437265538320425
7621.0,29.211297268275477,199.71883885382292,0.020686297978382395
7622.0,28.07605308561913,198.63304914131413,0.0133813256501824
7623.0,26.975673742483206,196.95736566113408,0.006015271284912405
7624.0,26.161004830202025,195.3976640784651,0.0019011204513856002
7625.0,25.77518938794567,194.4240188865938,0.0012780431950729025
7626.0,25.556496891923558,194.56508650341516,0.003098283848572904
7627.0,25.407091880807034,195.79059328251824,0.007375147678542397
7628.0,25.06711618545869,196.86681314037838,0.01312897743306251
7629.0,24.831826777608498,197.34321232826878,0.022978606442041614
7630.0,24.856828569641287,197.50991027799606,0.03273272304429691
7631.0,24.92665786972816,198.1376933701627,0.04362142606620491
7632.0,25.075747189609615,198.76009674594434,0.05362361357735289
7633.0,25.11855291567521,199.13009637411216,0.06198599616781692
7634.0,25.06959146242757,199.4123679458382,0.06958615595393439
7635.0,24.87015473718205,199.5798701059851,0.07945792421115246
7636.0,24.511458932771617,200.27854839286536,0.10912185307584085
7637.0,24.173653132240478,201.66131249113025,0.15728878381225
7638.0,24.06935741250387,203.27326000396266,0.22454235188100002
7639.0,24.186833966604997,204.83947273048307,0.282016874587812
7640.0,24.41638827212776,206.2079296481826,0.31886965744170254
7641.0,24.549988537230252,207.31876160250945,0.33903076014171035
7642.0,24.202424114472564,208.10698117503702,0.36020425696463615
7643.0,23.49621656321396,208.4951732343206,0.39397095956152356
7644.0,22.777210021560048,208.91808073224146,0.4339315762551289
7645.0,22.471501758181635,209.81346159980518,0.4718232985466025
7646.0,22.439308931198152,210.90018860396094,0.5033221261149602
7647.0,22.438231273277037,212.43696458929753,0.5429116700851601
7648.0,22.322816264845677,214.5805069502916,0.5786338646232168
7649.0,21.8988072177485,215.81917008635477,0.6311947999077363
7650.0,21.455498112064006,214.9522671034253,0.6648586505488225
7651.0,21.16075541874206,212.85336493860484,0.6844273251595129
7652.0,21.12266549470682,210.92124429022095,0.6992287341530404
7653.0,21.08912551533825,209.14986686909378,0.7356335598660891
7654.0,21.050836325210526,207.36990847036353,0.7866704573858027
7655.0,20.872487988080085,206.05343643146472,0.8197369733612929
7656.0,20.57106013835297,205.93133510276544,0.8415201611110467
7657.0,20.200027228691518,206.32899569117296,0.8825702294053682
7658.0,19.830052763415676,206.7883668858247,0.9325511888316103
7659.0,19.453152776945668,207.07015735455627,0.9675390132600723
7660.0,18.980694953053924,207.1673701653042,0.994621790794853
7661.0,18.422445692390273,207.21823838111058,1.0440138511584018
7662.0,18.05592610325584,206.81943605313816,1.1285718422684647
7663.0,18.179251019322624,205.92421482857006,1.2007010228862018
7664.0,18.637453861988067,204.88816405861655,1.28774221624129
7665.0,19.17834057334573,203.77525470666828,1.3921812837895826
7666.0,19.637710017130455,202.33821017942753,1.49012850954724
7667.0,20.00805892984014,200.55624643783807,1.5940494712171587
7668.0,20.211133447411537,198.91911315307186,1.6791146668551646
7669.0,20.126783518248796,197.61541909789756,1.6905027993919572
7670.0,19.797306211600628,196.7966762763858,1.6455028494894028
7671.0,19.376955326708735,195.99230119560303,1.5277918162223376
7672.0,19.280117061387262,195.20034544975334,1.3873057228627252
7673.0,19.88317630880469,194.09117682575493,1.29843857680044
7674.0,21.001794987833968,193.44568211084555,1.2685766489307664
7675.0,22.182567298274538,193.12754454717304,1.2671764001344903
7676.0,23.01383466487528,192.87282925564637,1.25093062619001
7677.0,23.486777414887545,192.59982437442787,1.1870357880173583
7678.0,23.57115880398989,192.3876643801751,1.1337056802579455
7679.0,23.367991738791307,192.45305716448385,1.1279180650959169
7680.0,23.00008140151681,192.82946627529887,1.1277929183784028
7681.0,22.695778512554995,193.16653575468865,1.0876611638090026
7682.0,22.655811132110173,193.44127926899193,1.0405166708706959
7683.0,22.98053349253446,194.11050442149406,0.9816573535576131
7684.0,23.441816999292,195.31147562020706,0.8918282563082282
7685.0,23.805513958683086,197.21320479199164,0.822730468756908
7686.0,23.898924732352032,199.50969960649508,0.7992367688401848
7687.0,23.848756162964566,202.0622601716491,0.7800939610493186
7688.0,23.665076574010484,204.4493342519418,0.7160284788193156
7689.0,23.45234795341951,206.14786293995402,0.6252646394300331
7690.0,23.178010214541157,207.11751790574715,0.5636739568837729
7691.0,22.913002655513,207.97081994547514,0.5185325172676805
7692.0,22.80229647163201,209.71044084907217,0.4897009496420497
7693.0,22.87361179547952,212.13171797411448,0.47225075325730104
7694.0,23.1273245062913,214.6844376359813,0.4696735218318363
7695.0,23.78402544524067,218.00945548832348,0.4756338121764101
7696.0,24.532181263207843,222.32184514505644,0.4695229811932009
7697.0,25.029214529904355,226.81614967159723,0.4591803162494026
7698.0,25.07175651621366,230.62746661829254,0.42291840453593305
7699.0,24.699749359000386,233.04248861836183,0.34966136471732423
7700.0,23.99529323676085,234.31467257064665,0.3027769223478562
7701.0,22.848008519676906,234.87968709228778,0.34228965725366767
7702.0,21.62286195751477,234.92529945580176,0.4539298186970596
7703.0,21.010965931334876,234.83293627249972,0.515356044761981
7704.0,21.153592869084385,235.1586688269444,0.4630949625268563
7705.0,21.531192477446563,235.1495409791402,0.3705861321117797
7706.0,21.55611805816349,234.86937080662537,0.3312055446211599
7707.0,21.066094309537878,234.77670450969154,0.36685989154816007
7708.0,20.51202406258845,234.57780917422497,0.442106332061993
7709.0,20.097975711806026,234.26997941086833,0.4992982432559521
7710.0,19.806940013851328,233.08204257972918,0.5288118262863601
7711.0,19.576776058664105,231.33369069729397,0.5328788010108305
7712.0,19.4489848324641,228.98116646153184,0.5118137001816335
7713.0,19.59114614243637,225.543742710475,0.48444949209888366
7714.0,19.920695629838427,221.6478498384535,0.4780826634564484
7715.0,20.08393994681881,217.58232651667808,0.50055794800144
7716.0,19.863076134097238,213.7871261609594,0.5458863040406161
7717.0,19.551327599224418,209.90737449034384,0.6271191198867608
7718.0,19.48606285349233,206.04925697852605,0.7334389958948809
7719.0,19.51958286864784,202.51788125082751,0.8383781137740102
7720.0,19.429175386645674,199.71837899257363,0.9232497872748543
7721.0,19.341977308393226,197.64756923633473,0.9994163051997722
7722.0,19.423652385720743,195.78990177283052,1.1065047601680902
7723.0,19.538048164359875,193.67975156422582,1.2292015652025772
7724.0,19.413644773783574,191.67224862388005,1.34041947105082
7725.0,19.444130849736,190.22331280106437,1.3859262506186165
7726.0,19.835382139913747,188.6757647233421,1.3730560178665732
7727.0,20.223280979474467,186.9655366981576,1.3691332845380961
7728.0,20.43143879960431,185.75396141812223,1.4082518346625368
7729.0,20.559961100125044,185.16750740023076,1.4677209830716227
7730.0,20.681062039762345,184.02191988854912,1.461537930441089
7731.0,20.803521098313052,182.42494310215196,1.3883066899586332
7732.0,20.781827655506817,181.38888932279554,1.3331781036542225
7733.0,20.720787028563183,180.89983529581286,1.3383193909920026
7734.0,20.794598651990245,180.45653781162653,1.3534833189847204
7735.0,20.68785013661523,180.40429341513953,1.3810316504393811
7736.0,20.474045624457236,180.58216528757978,1.3619870297640002
7737.0,20.343611186515556,180.3513555620882,1.2336248567019557
7738.0,20.257237456560734,180.11186258747972,1.0322883090528099
7739.0,19.95190433943981,180.43907426219113,0.86813309177956
7740.0,19.55768420433784,180.7900792372297,0.8013097068937216
7741.0,19.312698567724404,180.8490184143767,0.82790090396836
7742.0,19.503097746879565,181.25683147344643,0.88563683645584
7743.0,19.923501155724505,181.54742696234837,0.9096560011788546
7744.0,20.347470999868747,181.52899425321493,0.8897454644742402
7745.0,20.522719197716626,181.64617212854452,0.8540333718733476
7746.0,20.52751152384749,182.38817789092593,0.8208090376614143
7747.0,20.678189029294185,183.5447392675481,0.7580469549755666
7748.0,20.88474242669722,184.47403747959913,0.6626484063561962
7749.0,20.781114406018176,185.95956070753692,0.6082050624175012
7750.0,20.284820475854595,187.8097842315536,0.607907872759181
7751.0,19.620709443729,189.22528965186677,0.6135318664475624
7752.0,19.132875209606215,190.07369413031319,0.6234220955868888
7753.0,18.86983010115074,190.93100267506222,0.6809395593359846
7754.0,18.679878144744446,191.38757676055624,0.7304870133172091
7755.0,18.70531152531333,191.602156351735,0.72033955747524
7756.0,18.878709641216965,191.30288071271403,0.6575859916488976
7757.0,19.12377568470712,190.7163690188949,0.5755061250894402
7758.0,19.427385398434616,190.3107769245222,0.5022147279752102
7759.0,19.65333405790561,189.9202755799848,0.44843945298468846
7760.0,19.779788731562547,189.44980657763833,0.41771532348100004
7761.0,19.735737035910677,189.45079786773678,0.4191286115660448
7762.0,19.610416307523106,189.91660981003412,0.44059431674438426
7763.0,19.574607196940807,189.57337692717036,0.457359412949261
7764.0,19.69614338861772,188.41762721355303,0.46063708350625
7765.0,19.71731254757417,187.04927459130104,0.46890637840741206
7766.0,19.473986929649406,186.13253935015678,0.4482572714272326
7767.0,19.07796537795898,185.57053971111,0.3849106650886562
7768.0,18.85378360482759,184.93691254451235,0.32457856534092105
7769.0,18.893639453906847,183.88950730882914,0.2882779856825626
7770.0,19.01160155428402,182.52576992083286,0.25738897471892885
7771.0,19.002405721606515,182.05529374126405,0.22715310765787247
7772.0,18.83491914695284,182.7372586357151,0.21863437623060256
7773.0,18.621638112481747,183.09878244183605,0.21961292407171293
7774.0,18.621918434100174,182.08048645513446,0.21368041538852406
7775.0,18.693516960000007,180.63525984381312,0.22427583793729008
7776.0,18.612040872922854,179.74732723214404,0.2452669860166969
7777.0,18.53209082677225,178.49158583592344,0.257083345327177
7778.0,18.30471083840025,176.17078732124466,0.260313458377193
7779.0,17.85291553047353,173.5311416461094,0.25603949141190263
7780.0,17.196780273504007,171.61135873468947,0.23548969041983994
7781.0,16.448835111657328,170.90124673890256,0.19689821206897964
7782.0,15.867709545778593,170.48815471716102,0.15014636891256247
7783.0,15.255538923089286,169.77405827652726,0.10618818722678415
7784.0,14.568848743454184,168.3661476097954,0.06601626225769
7785.0,13.733917090781397,166.71509545416365,0.0461922784927321
7786.0,12.906187232882337,165.3448021562631,0.039844060279452906
7787.0,12.298873159648506,164.07641367006934,0.03958687623954012
7788.0,12.02589595541177,162.84077757839094,0.029834512892890002
7789.0,12.084778980646595,161.8091630797882,0.014049128582160397
7790.0,12.422877061944037,161.1326513586294,0.0014973989901376037
7791.0,12.871619561091522,160.80704807497023,0.000834238664576097
7792.0,13.197609875738186,160.34094238646415,0.004191287022022499
7793.0,13.302032753959134,159.35082944428038,0.008823964581121587
7794.0,13.391768912758032,158.34434515667556,0.016755865635802482
7795.0,13.500791337569284,157.78743242496247,0.030460867505376386
7796.0,13.608463730355915,157.19516402928025,0.039837832697988906
7797.0,13.656851736206486,156.3782443037689,0.03990194017208998
7798.0,13.66966466122092,155.40405435851403,0.03501174629534759
7799.0,13.745298654106863,155.13813256782683,0.03575254350056488
7800.0,13.871973250296039,155.50365937384126,0.04422982921303209
7801.0,14.14710589976738,156.19585694116617,0.06636511725991838
7802.0,14.506948755937296,156.2648123510326,0.1058836176096169
7803.0,14.855749823611752,156.02097648439454,0.13280424683284886
7804.0,15.037004159468069,155.84496882116227,0.12329906784770887
7805.0,14.974594884502709,155.36121924741977,0.08503090992036
7806.0,14.723304562087229,155.00155156045082,0.05679171806061688
7807.0,14.535428463774489,155.333781083783,0.041438994216489985
7808.0,14.43911377759789,156.4467266332382,0.0405627494918416
7809.0,14.343978891908487,157.90606372401723,0.043534401028020066
7810.0,14.274872844333478,159.4454565548043,0.04927670978961638
7811.0,14.252901944444464,161.2031553772538,0.06735425334792038
7812.0,14.224669434903571,163.05655838502082,0.09264045772410248
7813.0,14.230239594509044,164.3557868050478,0.12258956036352639
7814.0,14.271872649650502,164.94900557566143,0.1373095628643025
7815.0,14.198103134811957,166.13762664980362,0.12437325818276487
7816.0,13.980640950174422,169.12830600346794,0.09178417991772157
7817.0,13.592621213688528,172.94132841949852,0.06813645729675208
7818.0,13.150778845728071,175.6503375489879,0.06952652539016889
7819.0,12.838627610243424,176.1279196785219,0.08907828803121957
7820.0,12.67839456297329,175.82900158479316,0.11455564544448997
7821.0,12.513573939456181,176.0080875784078,0.13288767639526436
7822.0,12.429780758415937,176.26683433635918,0.14483669887118888
7823.0,12.52020081985258,176.35290690357456,0.16035421983280088
7824.0,12.73134831430225,176.75626239962259,0.19756640851242488
7825.0,12.94564875915869,177.58310674381158,0.2542904920346175
7826.0,13.086044489008994,178.68800006706513,0.28134172712223354
7827.0,13.171408890386344,179.70123481751799,0.28681612679170887
7828.0,13.159610322457999,179.89861293610494,0.31409906879897637
7829.0,13.218825383500462,179.77674738965055,0.40032822060780154
7830.0,13.321305162791145,180.01611869911326,0.4904829789560099
7831.0,13.364624827410047,181.0920189534697,0.5194190987581696
7832.0,13.24945330840602,182.70282630910972,0.4725599911514
7833.0,13.29526792128723,184.34517570429298,0.3984648970853775
7834.0,13.566039439981827,185.6204542804405,0.34582526637481004
7835.0,13.888067276498267,186.1705546203756,0.32676208018934494
7836.0,14.213169480877355,187.00790435594556,0.30760363280246755
7837.0,14.510624174900943,187.99816732888323,0.2810887434946809
7838.0,14.804436455672356,188.72840914787608,0.26719959749706085
7839.0,14.966288327953988,188.50364005251737,0.2623120038691216
7840.0,15.043016913387802,187.9419041652903,0.24705138597816959
7841.0,15.062708148348847,188.25710988009214,0.2181944800309264
7842.0,15.000203284231972,189.2270363824098,0.1918311668146225
7843.0,14.77597274423256,190.28042429839508,0.16842052664649
7844.0,14.614206588750246,190.69393642255815,0.16112030623624357
7845.0,14.304055149010845,190.6748860056399,0.16515764379264639
7846.0,13.907453464948228,190.48527469455132,0.16643292001084808
7847.0,13.573018768983998,190.47098391614094,0.16253425235983687
7848.0,13.3399655685159,190.78490845383047,0.1646014317494404
7849.0,13.039067003496932,191.59209110388667,0.17883661180900837
7850.0,12.648820639975805,192.30245970016776,0.20628681201408638
7851.0,12.300094949916776,193.02877206118106,0.2414707364267584
7852.0,12.082969138797903,194.02570855634193,0.2612368258814224
7853.0,12.04643362002351,195.27633776412628,0.2550964827083929
7854.0,11.977671062697388,196.57966507362403,0.21585022373798557
7855.0,11.974176246984952,197.1724154384712,0.1818208658449764
7856.0,11.994037185108724,196.74450746469094,0.17861885555289758
7857.0,12.045789309835717,195.45066201390367,0.20909224962792358
7858.0,12.081593007193963,194.26076439678076,0.23140249292019688
7859.0,12.075365905389797,193.92330235486952,0.23444185412864157
7860.0,11.754573987971135,193.3783420227322,0.25161632409223833
7861.0,11.18125524531456,192.17751606793513,0.28340170761271694
7862.0,10.576563267963381,190.9462647163956,0.30512056003229604
7863.0,9.937157697159579,189.95502497744926,0.31912022369885285
7864.0,9.337633914162891,189.32256997509072,0.3642340004647204
7865.0,8.889733069315492,189.11695172008322,0.446267808515184
7866.0,8.666914789251505,189.3088470948906,0.5250441020845329
7867.0,8.535897548955704,189.62537775307248,0.5538806000154024
7868.0,8.525859399769207,189.1130962346433,0.5524947562060081
7869.0,8.494324472765951,187.8607076438249,0.5834637212731208
7870.0,8.441331553285181,187.29871760008618,0.6537977675648644
7871.0,8.303353858333566,188.39370235667496,0.7463486088760901
7872.0,8.125080822973507,190.0325052221883,0.8680037156558089
7873.0,7.986412100739845,191.25278396389265,1.0403428807840003
7874.0,7.890427067292159,192.50441999054635,1.1945599003013774
7875.0,7.722355071704006,194.30926604113998,1.2540004830158566
7876.0,7.505400324746045,195.68164925447303,1.2764689865779328
7877.0,7.434390095020841,195.36888346561977,1.2651110171939717
7878.0,7.508785206372715,193.4735971493745,1.1980779244908515
7879.0,7.724011170062883,192.02210768620947,1.1116518981489216
7880.0,7.9991393059285,191.45308053317981,1.0505185666956862
7881.0,8.39607115610235,190.9705130638739,1.0052273735616781
7882.0,8.788953600934963,189.85922527789754,1.0185465250840358
7883.0,9.13998076271281,187.62959580674624,1.1027357586023074
7884.0,9.484183761456041,184.85335764812316,1.2156983792416365
7885.0,9.80744091783556,182.4329668485925,1.3094758149228898
7886.0,9.999595737444789,180.74668303695972,1.4085869780784648
7887.0,10.01213303565243,179.81827972287317,1.525435031330101
7888.0,9.935646151395998,179.91688247343805,1.5901514659059264
7889.0,9.790544939935625,180.73477973268498,1.5457853166048223
7890.0,9.576615508338922,181.36669677840683,1.462493730203045
7891.0,9.38130617850724,181.54572439755682,1.4479740406594845
7892.0,9.371675550420564,181.0806586955407,1.5218030075504403
7893.0,9.46406997374458,180.11611693522252,1.6243158131925204
7894.0,9.633795866364352,178.98176342249167,1.689288584884322
7895.0,9.733442682737696,177.741352621548,1.7122800982682642
7896.0,9.726659009959826,176.7826890040952,1.7465859342522365
7897.0,9.545029157749365,176.85949590319615,1.783602265077433
7898.0,9.287129840130149,178.10899608546308,1.7853509369850622
7899.0,9.145798946484842,179.77670823804405,1.7391452661495648
7900.0,9.224984086557495,180.70694145907527,1.8356119921288079
7901.0,9.584645415691625,180.55576686297889,2.129899760378112
7902.0,10.056917577580926,179.71889106278206,2.428073471553629
7903.0,10.392366705461974,178.64806899310295,2.57598323806926
7904.0,10.50084148139004,178.0908764901122,2.6350197776953603
7905.0,10.55340137525201,177.77478090151894,2.7636206731270914
7906.0,10.648822622081425,177.02462426461207,2.94704855547506
7907.0,10.833588925300736,175.85692146912925,3.1436943876152896
7908.0,10.921880111901704,175.1875899521391,3.3830733419843586
7909.0,10.923537743717104,175.5578368259654,3.733821317760826
7910.0,10.819212796181551,176.18240743599333,4.09355415875129
7911.0,10.627244141378977,176.39896715501473,4.409333695169823
7912.0,10.401679214712635,176.06582519818767,4.665444092502488
7913.0,10.17644745776589,175.71996304656008,4.945851523721702
7914.0,9.846749406763363,175.89491764970387,5.215714257946069
7915.0,9.389802419134401,176.6095634313106,5.37834354857536
7916.0,8.969874891228006,177.1184296449627,5.420424021507768
7917.0,8.667083655759031,177.0316060306869,5.399055431247297
7918.0,8.483561595655377,175.9422704846312,5.45623026030625
7919.0,8.251255273350028,174.50621492740805,5.609010861691801
7920.0,7.851348079501007,173.3117973762937,5.790003161305652
7921.0,7.241502797116403,172.35967950959287,5.842517726955603
7922.0,6.578865443212608,171.9417426537799,5.7569716941357605
7923.0,5.964071907967606,172.21995433992598,5.684763079301773
7924.0,5.5087633088172305,172.75461868556494,5.636924122246149
7925.0,5.187526671803063,173.15940969504396,5.580078273250345
7926.0,4.917925927721679,173.13760091024645,5.483878911390988
7927.0,4.7836753833390215,172.87373035213312,5.379564962218765
7928.0,4.8148522548976675,172.88333362801447,5.320107535073789
7929.0,4.726360655939081,172.66919548691266,5.299883894486429
7930.0,4.48719641517613,171.8225509180464,5.272913365731901
7931.0,4.284758413169642,170.12262847465294,5.264984529560269
7932.0,4.197532965531948,168.5428268612684,5.2343482217520405
7933.0,4.176444013225001,167.98912946395018,5.075860708623069
7934.0,4.1542665775232415,168.51414086271615,4.766391975230375
7935.0,4.086480847821161,170.0526189785063,4.4966515099079025
7936.0,3.9548695406257433,172.341367198802,4.415287031671234
7937.0,3.8614925590348865,175.1396331506183,4.445938738718671
7938.0,4.051167473611489,177.7858412469872,4.40298627090436
7939.0,4.361267078438795,179.2107580151858,4.255346904454608
7940.0,4.44922968118088,179.83424853755557,3.9968725315552804
7941.0,4.355922503232397,180.58562346128218,3.766259782959452
7942.0,4.244472454838065,182.0568813060117,3.563974903996518
7943.0,4.116441337280279,183.47673066265742,3.3692358362177086
7944.0,4.031188920924769,184.71555363556058,3.16360699243186
7945.0,4.011497169705175,185.67374067671105,2.9835537861930885
7946.0,4.0417657782693475,187.17670690813983,2.856038416731969
7947.0,4.026152046428568,189.72389417648208,2.76983577380717
7948.0,3.9602142268236893,192.67871491834828,2.7125837680186753
7949.0,3.9034542263421783,194.86943684179096,2.5990235598835874
7950.0,3.8635989275676823,195.61650293303123,2.3091681434437734
7951.0,3.8889385668958574,195.8268299867197,1.9122634469128992
7952.0,3.965584905091972,196.27208159849323,1.5835749140669932
7953.0,4.0833242717416915,197.35401249383344,1.3981014721478284
7954.0,4.189380251621953,198.3475799594311,1.289365723115808
7955.0,4.287658760302389,199.27520296253107,1.195598524679118
7956.0,4.384560433929642,200.3353862119358,1.141323369491117
7957.0,4.513620455010323,201.43926084946563,1.1471056036296252
7958.0,4.643121064590869,202.02753333804822,1.15121397727296
7959.0,4.745130171524083,201.7693915548492,1.0915622603312451
7960.0,4.817130974077395,201.25469088160315,1.0200059509678334
7961.0,4.731236803779612,200.97013691976036,0.9795739845964899
7962.0,4.5387543118338565,201.4284028366506,0.9599015974786623
7963.0,4.347111993734411,202.46177620164843,0.9513440619249424
7964.0,4.30043325600196,204.286131407613,0.9461154867067023
7965.0,4.413778288920361,206.43235701600156,0.9514174890959423
7966.0,4.629446677902011,208.47369523659887,0.9709853127956569
7967.0,4.851522529735838,209.36122270933203,0.9559953167150169
7968.0,4.99518472538118,208.72127086855235,0.8922151485893881
7969.0,5.0493490667059495,207.21322777304007,0.8159383703100248
7970.0,5.107746855855602,205.91767010532152,0.7567976740586162
7971.0,5.185841283068293,205.94397763099784,0.7060653190902247
7972.0,5.275870611385795,207.32702300720825,0.6891087276080329
7973.0,5.232059641256768,209.16819324621625,0.7203674130040522
7974.0,4.968723641219561,210.34317253009198,0.750820291711277
7975.0,4.654937211171123,210.96356332189941,0.7726153334131598
7976.0,4.486227302726562,211.2019787896725,0.8009826312602689
7977.0,4.444754366639132,211.19837467318308,0.8571347844317476
7978.0,4.389731797652944,211.0374127727357,0.9239041135444761
7979.0,4.366694838823717,211.3651021829609,0.9598152054485279
7980.0,4.466332756899999,212.47793779259655,0.9775119895070435
7981.0,4.623414870262565,214.27570857046607,1.00523904397921
7982.0,4.723234020116069,216.7686697902041,1.0402095951123556
7983.0,4.672830937131313,219.38246574747015,1.0608331952517047
7984.0,4.526082775312195,221.34919022601488,1.0908963155944322
7985.0,4.333849729007403,221.63646942008887,1.1367789855146242
7986.0,4.157893533644825,220.84495634586494,1.1907862302415104
7987.0,4.000613703537697,220.34990847283126,1.2365238061624464
7988.0,3.988015550162688,220.77856809667722,1.2852086892032022
7989.0,4.124991505676401,221.27211233255022,1.3258389448206402
7990.0,4.287915071202422,221.42803445629232,1.3148080112746081
7991.0,4.412464232146491,221.89008996955397,1.2582974867299601
7992.0,4.496841978014738,222.79878302622197,1.15878916795849
7993.0,4.566245108105857,223.5277058126153,1.0334250965920324
7994.0,4.613302235942407,222.8985745024762,0.9030320974056
7995.0,4.671803550346382,220.88590524420252,0.7900019167730704
7996.0,4.747712151014214,218.94102996606853,0.7292494066002201
7997.0,4.867686661743902,217.51322127077069,0.7354145047841344
7998.0,5.047886101720013,216.38540154275722,0.7907103943922403
7999.0,5.285993514884899,215.22044661847372,0.8198395938460036
8000.0,5.497740718493825,214.09355491239936,0.7898493847587842
8001.0,5.5978018325014585,213.24359815887954,0.6912035788931716
8002.0,5.50091654583476,212.89126458956605,0.58014272747442
8003.0,5.231995137633142,212.76965339615572,0.4864252875686415
8004.0,4.9645761754997535,212.94584057392305,0.3995991716816448
8005.0,4.874829210334371,213.61035386837523,0.3054237246643715
8006.0,5.063895861205431,214.18792988563735,0.23602345292400245
8007.0,5.357192298682464,214.04198424779258,0.2112245490925584
8008.0,5.552983945788079,213.68619531016608,0.21699653612547684
8009.0,5.590593490292091,214.14631594942196,0.2349159044079376
8010.0,5.558108297003686,214.69012240071012,0.23177343912653156
8011.0,5.503160668889089,214.89789753495032,0.20630603370137757
8012.0,5.452120205703555,215.24071923245347,0.1577291471486641
8013.0,5.340840294486157,216.0458925489901,0.11496708149856161
8014.0,5.104511363476566,216.63809645355266,0.07681105270472488
8015.0,4.825634159837411,216.77740418980798,0.045806572210089984
8016.0,4.638516859529855,217.1296227899909,0.01712928384763209
8017.0,4.489153938152769,218.63783788421182,0.0022266837500624975
8018.0,4.364299911044676,220.67666904478864,0.0006794613795904001
8019.0,4.38499598305924,222.68323388637114,0.008716520928536111
8020.0,4.428892639003032,224.83838693129837,0.027044374789027624
8021.0,4.342956635448345,226.31097748129616,0.05661100372664891
8022.0,4.046396565416491,226.6405837187342,0.08807258722046757
8023.0,3.8300728840718414,227.25745721919301,0.13947011591072045
8024.0,3.784085605027116,228.3371905420985,0.20661177520666246
8025.0,3.899709443731239,229.79854444110643,0.2627305267504517
8026.0,3.9845519041003774,231.37671443139837,0.2870600369504256
8027.0,3.9985698878491522,232.60647240335473,0.27324487562089006
8028.0,3.9522728234497593,232.82571287858377,0.2407714355593157
8029.0,3.847382841822117,232.22299277324666,0.19655518803570252
8030.0,3.6815253117698177,231.85950624973165,0.1446364643272201
8031.0,3.448927751215211,231.38021785878627,0.09447828407824001
8032.0,3.174942666928135,230.41727125312286,0.06333572018949213
8033.0,2.9584113864109565,229.53223912931085,0.051260238324417604
8034.0,2.8880141292662738,229.72540544496235,0.052690356118440036
8035.0,2.917325283361845,230.76168826438504,0.06617128060408412
8036.0,2.9548250974226202,231.6965190066125,0.08379474509716844
8037.0,2.973110377984741,232.36509558314432,0.10129720602372846
8038.0,2.968810326156961,232.6038116444536,0.10799549480782236
8039.0,2.954678437535195,232.374596970244,0.10714663756941212
8040.0,2.8898629476248963,231.59631704386325,0.10353808877022247
8041.0,2.7141907787448165,230.72459766775316,0.10763970816970814
8042.0,2.481157284050861,229.7387841513477,0.12176864286924957
8043.0,2.31180834255424,228.40029379956593,0.15444697212665634
8044.0,2.2188809301955392,226.5288921477607,0.20626709163897694
8045.0,2.162577889584361,224.21948167535044,0.2522934057219488
8046.0,2.1271360826926116,221.780077464115,0.2912786158014757
8047.0,2.1430402175517704,219.61269043499843,0.3374874145506889
8048.0,2.1618173185315204,218.09729508453097,0.39628244980389626
8049.0,2.168599179358275,217.7844797828208,0.43484282092677684
8050.0,2.1777818367879025,218.56038260245614,0.44335688835025017
8051.0,2.1939054493824406,219.77983927570233,0.43036210919601
8052.0,2.1955240003422056,220.48259332158344,0.42115050931320996
8053.0,2.1584379518910306,220.23457205857926,0.4054737660019684
8054.0,2.1046505806591327,218.86881906577946,0.3893642439287365
8055.0,2.027796904373876,216.35216694502347,0.37964233823051297
8056.0,2.010530192430355,213.61288614267244,0.36935676850234417
8057.0,2.107976296335123,211.33018093256004,0.3899881223042841
8058.0,2.282567524027587,210.0466429063363,0.4246842547846809
8059.0,2.4408613741548972,209.38446108214134,0.45229392423456005
8060.0,2.5864222597427786,208.8667649610857,0.43320854732164005
8061.0,2.7609033940592895,207.88668656092776,0.3890195903959225
8062.0,2.91196866740674,206.73117873090544,0.32638740346056244
8063.0,2.9686609418900627,206.14720736103422,0.26807765432786557
8064.0,3.037232006253985,206.28760141726355,0.22952596330414243
8065.0,3.214898271828788,206.28743796959165,0.22041384597520097
8066.0,3.4499795977816867,205.3292451557354,0.21969706036536096
8067.0,3.6132907515923245,204.0497065956461,0.20252400371128887
8068.0,3.6197847433067762,204.44398375904194,0.16076189685753756
8069.0,3.589843413113004,206.47878672482767,0.1032395056119025
8070.0,3.6504996982970495,208.515767160831,0.062472862946318417
8071.0,3.777898628662158,209.84341955111825,0.03940324647630013
8072.0,3.861608538223808,209.91525004937535,0.03192916905002251
8073.0,3.909614092440847,209.18384819879992,0.030867692919361617
8074.0,4.036122224785268,207.78951008776806,0.02762302835113291
8075.0,4.3191361139198605,206.05213332643018,0.019412642692147604
8076.0,4.7499452446703465,204.68569138745013,0.014118681942643615
8077.0,5.204538522296891,204.04287947254377,0.012481655576968915
8078.0,5.559222348992102,203.62427958423424,0.008505456158500908
8079.0,5.727572425013477,202.65361475961262,0.001376907927024099
8080.0,5.770317896481961,202.04254321960562,0.0025443489575716007
8081.0,5.80949209940544,202.45659548998498,0.01911922618184409
8082.0,6.042080397902208,203.11767176701198,0.04775432944396961
8083.0,6.484611676608605,202.86760023374651,0.08033051287990439
8084.0,6.932914123327564,201.65085746615333,0.11156732288730249
8085.0,7.222322573853925,200.43771137952677,0.14226869773015288
8086.0,7.448356935140195,200.55112500143122,0.1851730991681536
8087.0,7.675373975589041,201.69909194868833,0.24035149462303354
8088.0,7.7350495216984925,203.03406683038537,0.2825349098004169
8089.0,7.557359803738868,202.8883219965684,0.28673824137230247
8090.0,7.3416907366247015,201.3339060326022,0.26774531266685436
8091.0,7.237701768431245,199.76029920254422,0.25620717804157445
8092.0,7.21419939069087,199.0611035119485,0.26365894788483607
8093.0,7.290554320537021,199.23581821623824,0.29743880992784005
8094.0,7.4177448657258385,198.66796336601834,0.32654746797262235
8095.0,7.5626217154897395,197.23759672602594,0.3526727520470049
8096.0,7.821026876845813,195.05926555975336,0.3853923296000625
8097.0,8.18183930444093,193.98549699735923,0.41507590841682246
8098.0,8.590006459928837,194.47949829845558,0.439054662544
8099.0,8.944555894284603,195.0436682385605,0.4807294522638335
8100.0,8.990125330073216,194.48970297881144,0.5146418408285763
8101.0,8.740260220855475,193.92917567503932,0.5317981241760099
8102.0,8.346814390711453,194.52858206459217,0.6031138194122408
8103.0,8.061310239338518,195.74405804852987,0.7545733575257124
8104.0,7.969850416628526,196.27859701007728,0.9387377169156484
8105.0,8.095052988038038,195.1406191603163,1.0750287664756837
8106.0,8.198961517477098,193.09876180560377,1.1467984527432977
8107.0,8.273241881455895,191.395847818469,1.215037534244508
8108.0,8.392339986735745,190.33042968894972,1.3248914471237039
8109.0,8.549616525783653,190.17260687033524,1.4396118981533585
8110.0,8.639714050854902,190.71822398391367,1.5387957659914853
8111.0,8.655080275845169,191.32842563138757,1.6126258948467262
8112.0,8.593969748030128,191.77883897472174,1.672087515286373
8113.0,8.462698097559457,192.2873734653764,1.7859267658922042
8114.0,8.420883448813221,191.98857776451266,1.8641245070373023
8115.0,8.607582497616514,189.92892335415272,1.78391604494224
8116.0,9.021030991849736,187.05338798688908,1.6581361359763225
8117.0,9.457520463481078,184.99795193063886,1.65858131902464
8118.0,9.702702123144247,184.45891464000758,1.836180503092464
8119.0,9.625032442030852,184.6682352157856,2.060927864598104
8120.0,9.298000208289817,184.66368256690458,2.194274783293741
8121.0,8.946524331512295,183.49703571645435,2.195322460043444
8122.0,8.678327281344009,181.5350179325668,2.103974067277404
8123.0,8.43411219820849,180.32954376605633,2.0294196859120808
8124.0,8.197128081392545,180.76320042839157,2.0921593977568143
8125.0,8.069987090000955,181.88629669545895,2.2997742517804354
8126.0,8.004606616549824,182.62963335186814,2.519477544201888
8127.0,7.887624954930897,182.86359811694976,2.6755861014251723
8128.0,7.732993909674256,182.58515914853774,2.7920619719297446
8129.0,7.669858010565723,182.19173649730925,2.91690194939388
8130.0,7.662944859550054,182.06719268458914,3.033765066872249
8131.0,7.523992878324655,182.0784335263208,3.11716853273924
8132.0,7.28288831527929,182.13006008980477,3.1935542788473854
8133.0,7.11585351930472,182.3885727807528,3.3020566551984394
8134.0,7.148741099420482,183.2516612442982,3.4447541517039117
8135.0,7.192650527511595,184.48096578507162,3.5214551401024834
8136.0,7.21692049044333,185.46077252981084,3.4682419280587222
8137.0,7.1951799535282275,185.9100865089457,3.3916559745289083
8138.0,7.232434801237821,185.808520219368,3.4010361290754285
8139.0,7.307192276360333,185.03063154181226,3.4789286627850493
8140.0,7.382503293972537,183.9459418492092,3.5798878649399057
8141.0,7.454462297064652,182.40806417714083,3.734602939345926
8142.0,7.514778816487898,181.19270185642088,3.91994738506449
8143.0,7.540583551751292,180.98239294193996,4.066317581046337
8144.0,7.51572070518299,181.59292030483024,4.111872383401553
8145.0,7.456215462243265,182.59534521369594,4.145890207532647
8146.0,7.2785747320802265,183.58368820388588,4.233439947405599
8147.0,6.991353863571584,184.60525541117676,4.379009497228891
8148.0,6.7196869612488115,185.1411043745898,4.479577922221796
8149.0,6.7006859473076235,184.93220835605487,4.424760798913171
8150.0,6.918872009335013,183.99326937899693,4.288446146586704
8151.0,7.157131799815455,182.70281955072932,4.168143830410561
8152.0,7.250544700440602,181.54488228037906,4.041061078349683
8153.0,7.198364884954997,180.80594780452046,3.85563227863696
8154.0,7.080288387990077,180.3957607739712,3.70570046038416
8155.0,6.919460226267159,180.302977705453,3.58859598299382
8156.0,6.8120938926013705,181.12119042300532,3.596740887207002
8157.0,6.690188085253243,182.86223827608603,3.731427994621203
8158.0,6.491824220464224,184.819142252049,3.9503000668089925
8159.0,6.327103542657435,186.15994404171988,4.073785203411239
8160.0,6.342530765744188,186.81468133155994,3.947579161211465
8161.0,6.477872563625582,187.1926790182268,3.692108256047402
8162.0,6.663804026161562,188.12041332292827,3.434504316776065
8163.0,6.8738941257541155,189.46834311309001,3.1991336377610837
8164.0,6.917226965463868,191.2429820750627,2.9422545702840197
8165.0,6.821853247964772,192.73121568911426,2.7185987196137167
8166.0,6.7471875567180115,193.90312407806402,2.655804915862402
8167.0,6.734871982730977,194.7643380095043,2.7379331398340097
8168.0,6.667673486844499,194.45231873416384,2.8846366786521127
8169.0,6.471684299087281,193.48316671084595,3.0268244968665794
8170.0,6.177503309003057,192.4279391594272,3.1722730744955117
8171.0,6.027383140720244,191.6058106685295,3.279845416879922
8172.0,6.217883914063621,191.48874313346093,3.310070554889605
8173.0,6.594176661986412,192.95831576529423,3.22293907882116
8174.0,6.889784500632012,195.49320211150348,3.0769506916336877
8175.0,6.927842599603433,197.64563644842403,3.0318272385244898
8176.0,6.705508644510098,198.5277314057711,2.9886471650669764
8177.0,6.261646120235861,198.90188706075946,2.898209239459073
8178.0,5.848048558690255,199.44710372921455,2.7930237178249557
8179.0,5.575089343094546,200.69200646295963,2.781174193128678
8180.0,5.486403440787144,202.1673847744562,2.78693478972048
8181.0,5.504570399436768,202.96522205814284,2.6673835601200224
8182.0,5.517380865857725,202.8129745570386,2.454192666679416
8183.0,5.4235990534343514,202.11938207641637,2.2853064287289997
8184.0,5.353708802872723,201.98778059832992,2.211660837727237
8185.0,5.427157393061041,201.43067365064093,2.1877732551757827
8186.0,5.5414151980039446,200.28440735558752,2.17541024529984
8187.0,5.4565940060983324,199.39922853373994,2.141622359972324
8188.0,5.285587726429174,199.03688772980098,2.1791982669882084
8189.0,5.116151303021387,199.17864913829692,2.3449344496076945
8190.0,4.878576209100006,199.02281915540345,2.513348985791521
8191.0,4.463541093356736,197.98809423013867,2.5382281841239687
8192.0,4.012098093934617,196.5721486551526,2.4321283937386275
8193.0,3.8179185313132824,196.2886218150951,2.348919037409089
8194.0,3.974720866368042,196.50511657851925,2.3317244800821904
8195.0,4.317389975889,196.37205615611728,2.3278182838747234
8196.0,4.735601794755565,196.15792379832106,2.2787349831582437
8197.0,5.030414026736402,196.02144354648033,2.2014015066636845
8198.0,5.08671851067772,195.65090150470976,2.09775106364948
8199.0,4.903358101432562,194.880676128295,1.9342989102855621
8200.0,4.591052855906092,194.01392760241026,1.7067376321024563
8201.0,4.334255063003266,193.27536972228253,1.4978189315180566
8202.0,4.230665366947098,193.2515126335865,1.3641374759319618
8203.0,4.279568925201611,193.66069870078348,1.3747120002060769
8204.0,4.476892611563599,194.3492457064873,1.4706336014920491
8205.0,4.674494752122841,194.5896168302316,1.587729555842988
8206.0,4.756141965101287,194.12767754292796,1.6680930074355624
8207.0,4.74795593222103,193.399296232737,1.7116697181993616
8208.0,4.773585646706615,192.60861565408743,1.7942030538058225
8209.0,4.749711873432557,191.43666479832578,1.896869209726562
8210.0,4.644147491007696,189.42392714342046,2.0005648983520925
8211.0,4.526527637967888,187.21871700776722,2.112230844155528
8212.0,4.4504686130750235,184.65633446919998,2.1866864792760103
8213.0,4.373564299030788,182.0176753666462,2.2396097929321077
8214.0,4.287099450173442,179.76281183233635,2.2774437176832323
8215.0,4.134093363009001,178.86397015297246,2.29378100798569
8216.0,3.9307705652124088,179.464201173054,2.241816584483484
8217.0,3.747507091934409,180.88570860266307,2.13870875855895
8218.0,3.612442140883356,182.0450755274011,2.027058851578349
8219.0,3.5521064913368243,182.56085383866727,1.936347252576302
8220.0,3.5219196400799535,183.2494070620424,1.8642380495632607
8221.0,3.5141520793075522,183.76624217126468,1.7987779284649728
8222.0,3.5787877549092966,183.8119464930296,1.781924824540505
8223.0,3.6421325845125834,183.6893820358714,1.77727959046225
8224.0,3.6720081604523727,183.12611418319148,1.7276927070975625
8225.0,3.75571675199781,182.30670413995804,1.6867949410288896
8226.0,3.8610193851373817,181.65647914792007,1.6639295437652453
8227.0,3.793359025197562,181.66333412329695,1.6915167641688973
8228.0,3.591754460440854,182.43791765543395,1.732545836920685
8229.0,3.433140614634434,183.5136430784806,1.6993830498789766
8230.0,3.3102469259905614,184.25901287619564,1.5816658651432802
8231.0,3.1665838415346546,184.64908843191574,1.4196644099408242
8232.0,3.0567505559936428,185.00106394295258,1.27379709932644
8233.0,3.038583706205424,184.78323436577008,1.1643026332956736
8234.0,3.0697395083571837,184.16208979154496,1.1425133047435396
8235.0,3.039696114170104,183.32263527559408,1.2135194975539318
8236.0,3.0287157211715385,182.68095251928523,1.3500368001095056
8237.0,3.0483656014150253,182.52187927133622,1.517183969565648
8238.0,3.0766314844437272,182.48583079171175,1.6945880276853644
8239.0,3.081327558285523,182.8322338140709,1.8597201285861134
8240.0,3.059445891814754,183.85297066584926,1.9940579846809927
8241.0,3.062776401236263,184.77115891352474,2.0775448536074284
8242.0,3.181496969380516,184.85223896445527,2.0752871302327756
8243.0,3.4250661348312956,184.36858466058277,2.0104313070923037
8244.0,3.7024278029295856,183.6956894808381,1.9130525526538447
8245.0,3.8469794162901128,183.1536220041612,1.8210964053480023
8246.0,3.919156816970881,182.7419480719923,1.757821025796265
8247.0,3.9948369871199687,182.39539455648685,1.702772596252824
8248.0,3.963741063948036,182.44044832788322,1.6587457827213021
8249.0,3.895127471915754,182.7867569189522,1.6542942339196902
8250.0,3.8372650763899454,183.37212583453265,1.7142698418096387
8251.0,3.739229645849088,183.6843676550848,1.8573723336560704
8252.0,3.567294628995457,183.48264434282146,2.0671142793890627
8253.0,3.358492105941966,183.3360514374208,2.212656131000002
8254.0,3.0465157963229537,183.75253076288922,2.266277453489282
8255.0,2.675008035821233,184.2026288611462,2.285863169744837
8256.0,2.4064964135672775,183.63765932606515,2.374226580841502
8257.0,2.2873150124760966,182.08515936044148,2.529739396688702
8258.0,2.2395825561217815,180.34271808244475,2.647646606540083
8259.0,2.203110629457926,178.96809228984685,2.5948137208905027
8260.0,2.199163866239997,178.2223152360479,2.3407566105958595
8261.0,2.244423968967629,177.9988012768143,2.0616702192610274
8262.0,2.27474325391504,178.2878593141864,1.9117927274013649
8263.0,2.268980992933963,179.5088199354888,1.9181858323999397
8264.0,2.236871526832154,180.77623514802028,1.9666256860090623
8265.0,2.167158434094753,181.48604266333487,2.0071504708427845
8266.0,2.1213256302130383,181.99962675918508,2.1050010363371086
8267.0,2.097851783917838,182.63530875773324,2.3044598933634575
8268.0,2.0733309591272957,181.70632286207052,2.56651742285316
8269.0,2.1264512984250636,180.20814634393733,2.713189796225216
8270.0,2.269108398736001,178.55129005264925,2.6846918843886436
8271.0,2.506996114155122,176.3278180171062,2.591243904897492
8272.0,2.752192277395027,173.784212060176,2.5509796400158224
8273.0,2.9133567561307574,171.5525036767081,2.4720688951228444
8274.0,3.054227953414202,170.3536919494231,2.2462694276355215
8275.0,3.1589263850081344,169.57213370838093,2.0080381561899165
8276.0,3.111563066379783,169.10620874158818,1.8331804671050027
8277.0,2.9357144758775826,168.88314240772212,1.8027999479044994
8278.0,2.8066855762102327,169.04515825626586,1.843489923248204
8279.0,2.832906466700961,169.06213817071387,1.7852195938652098
8280.0,2.9573256479562753,168.77647136172004,1.5861513306250001
8281.0,3.11870231383104,168.46008587396886,1.3239327358300177
8282.0,3.256060878510106,168.13387425737236,1.119681041566032
8283.0,3.391884968522126,167.36824669596933,0.9721734798904161
8284.0,3.5456878702000902,166.33003451082203,0.889075289024252
8285.0,3.6454752154988164,165.80337201362826,0.8275134814901822
8286.0,3.6661444068142646,166.06422296210832,0.7982917680480626
8287.0,3.573468566658482,167.25524944359844,0.7837063015187344
8288.0,3.469359671815758,168.69924035039423,0.808810636921
8289.0,3.407744206938369,169.11404483348733,0.8671443350742225
8290.0,3.3679963313672254,168.73218424663605,0.8977956285318083
8291.0,3.329927849984821,168.56975500160408,0.8490357696200769
8292.0,3.3586952731479243,168.4884404271265,0.7841598033628804
8293.0,3.4622394712483606,168.28285068199176,0.752877623652744
8294.0,3.498081827637041,168.11025764012663,0.694127575043376
8295.0,3.469867143033043,167.57987012700212,0.636633095828268
8296.0,3.335437217965844,166.81782531932222,0.5922116043341796
8297.0,3.2228492449069766,166.06042530550565,0.5838498644584761
8298.0,3.140628686687612,164.47867945325325,0.5701904627055849
8299.0,3.05037930155292,162.51807948491248,0.5484298985938809
8300.0,2.9008485798775743,161.24182132238138,0.5099261990719689
8301.0,2.6801079024543206,160.76648090765752,0.48650556645024007
8302.0,2.5413225120867606,160.83171934474694,0.4618438457300836
8303.0,2.540244277894786,160.76655318008758,0.3967122696039801
8304.0,2.6647251239860172,160.0266826233307,0.27598381770422437
8305.0,2.8047945629593687,159.27936388547116,0.16865723282742007
8306.0,2.807977729028666,159.28026272536195,0.11265509569134238
8307.0,2.7069800725566737,159.5430446659836,0.09479345032170247
8308.0,2.570178641586629,159.82915081845053,0.09760931189151208
8309.0,2.4969322039619275,160.5749721854331,0.09920511819603357
8310.0,2.4617576423411456,161.4359450780845,0.09475776359970009
8311.0,2.507277166594561,162.07486177622698,0.08556239261024998
8312.0,2.5445487611550734,162.3868193400157,0.07941068203698008
8313.0,2.5421684398404096,162.61866171481702,0.08594757003778557
8314.0,2.493458464621701,163.082452610691,0.11468321970379208
8315.0,2.45555907673997,163.3015562018671,0.1551555950142025
8316.0,2.4142668756666783,162.85442284812953,0.1866992879116369
8317.0,2.3728287711212115,162.46336015488788,0.19505580012748835
8318.0,2.3891819980644113,162.6440911102006,0.19556734636620088
8319.0,2.478564981359892,163.61747106754635,0.22082671427932088
8320.0,2.653335115195332,165.39557867873916,0.27240925472655997
8321.0,2.81418208829681,167.8373223412998,0.321102773609676
8322.0,2.877640065558288,170.06033430158362,0.3512982924058084
8323.0,2.801594355177031,171.28204297029896,0.39718142046735605
8324.0,2.6753226912554773,171.5069983702308,0.49291398145558885
8325.0,2.5618957748429843,171.63988161467185,0.6361029585259969
8326.0,2.5113093655458787,172.5868538492939,0.7978879341632328
8327.0,2.618209617149829,174.42497605136316,0.9877316606396099
8328.0,2.817927899318879,176.46163257455046,1.1600609793340129
8329.0,2.9550495979240927,178.44434934194877,1.3100647727879722
8330.0,2.9447679529040642,180.11161779625496,1.4148028401885224
8331.0,2.8664705841223928,181.42689200917917,1.4519523876078169
8332.0,2.7790438664576023,182.63196777687418,1.46212959759396
8333.0,2.6847200011727095,183.8317735756744,1.4783672384191875
8334.0,2.593745713331219,184.68412603357734,1.4853214351527697
8335.0,2.499235862114009,185.44136055573992,1.5826789832884895
8336.0,2.420378162831733,186.17143195845756,1.7888899860369665
8337.0,2.364418080702273,187.0245601577932,2.0305353969884736
8338.0,2.321056363451823,187.9747887421519,2.2176029857121855
8339.0,2.2933559918396424,189.40873239489193,2.3224605736741375
8340.0,2.2667836929545904,190.81987499562032,2.441751387196993
8341.0,2.236718497873039,191.91190634840072,2.566767442586365
8342.0,2.1906471669722505,192.43749142684916,2.669963156924796
8343.0,2.156149339512899,192.60095293779622,2.7022123127301185
8344.0,2.1452254297106172,192.46335087900383,2.725160713764966
8345.0,2.145080255185564,192.10821408656557,2.7224972610006892
8346.0,2.2008320354560236,191.7925790728752,2.71465726631089
8347.0,2.2938226575671523,191.59821692652665,2.7259584416333826
8348.0,2.31366367975824,191.24528711022077,2.720297827502852
8349.0,2.3327460623423417,190.56098835416304,2.73850105205889
8350.0,2.395234420417161,189.31226896250183,2.8560399715154174
8351.0,2.4537971822336053,187.41683515372088,3.0228928342419854
8352.0,2.4944386258050564,185.28080032499255,3.1821615657644164
8353.0,2.589378655433529,183.35510240198104,3.2675174318241047
8354.0,2.805197991748601,182.08882351069153,3.3258850456088465
8355.0,3.0610372447072804,181.55124711778308,3.494908172716023
8356.0,3.2249952963432955,180.4989138455341,3.7919746806184484
8357.0,3.236092838635924,179.07107328444064,4.087985187815224
8358.0,3.2478385512371233,177.66842597640868,4.307387477827622
8359.0,3.3624234536312656,177.05601309098253,4.446350630360122
8360.0,3.534432486474649,176.2931998992705,4.4954264778027255
8361.0,3.6783735897448233,174.4459177067217,4.441116847118064
8362.0,3.7475915728128797,171.68351223288636,4.375322804723473
8363.0,3.7804350146494463,169.02190336965464,4.3171696037332
8364.0,3.82255247719801,166.83640081974525,4.3356519137732095
8365.0,3.875432576588187,165.37103792282238,4.425337726792769
8366.0,3.915031960017362,164.36747128109712,4.503170983852465
8367.0,4.002986797351836,163.35697605181227,4.51762399618209
8368.0,4.023791713027592,161.69759469648233,4.473554523068411
8369.0,3.9372139334739606,159.61075470122506,4.4864608867030285
8370.0,3.767875887386958,157.76717564245374,4.5794520415950855
8371.0,3.578958432291062,156.3447911222118,4.793814481748297
8372.0,3.456954209647277,155.2494952639335,4.996770443215404
8373.0,3.3904538184422495,154.22307099168094,5.178621244516897
8374.0,3.3306725961700416,153.7443426706155,5.273798987228115
8375.0,3.327186638853907,154.22378754909025,5.28667978113961
8376.0,3.419594747806039,155.28058829703429,5.25545918599817
8377.0,3.3956734227207965,156.12419708239756,5.31943344826609
8378.0,3.2743501085335707,156.82911210122614,5.54795692761482
8379.0,3.064152642897296,157.77956208568088,5.913614568512852
8380.0,2.84655516145864,159.20564569017023,6.493094923287041
8381.0,2.6638721660512905,160.44902837496275,7.04103852772998
8382.0,2.52003690316301,161.36939848500035,7.347671834788746
8383.0,2.4370708950996853,162.016880429944,7.443288805027939
8384.0,2.4245441227613527,162.0282291806385,7.542227184589634
8385.0,2.4168968858093285,161.99784946286024,7.643668550125361
8386.0,2.3600121682602735,162.07070263010866,7.708754953172381
8387.0,2.3224750818162736,162.30685496565502,7.679277310570809
8388.0,2.3251598677593,163.26246134530322,7.587115117352985
8389.0,2.381585037017481,164.76745999976572,7.622604867396642
8390.0,2.433188832568605,166.37710868942105,7.846141994465764
8391.0,2.5211476777375728,167.72301731250167,8.16080996424866
8392.0,2.69625825162369,168.13450288089396,8.208131200167976
8393.0,2.9146338973094115,166.6974335851642,7.94310292287121
8394.0,3.2048193697728653,163.92254914727218,7.761593514840596
8395.0,3.573473065721505,161.234790967276,7.8488211358690565
8396.0,3.940908465135624,159.21087500107745,8.052497362463907
8397.0,4.110955636767691,157.93555464646022,8.28787405214224
8398.0,4.125995290646253,157.12879493620835,8.61836854415364
8399.0,3.973091845899793,157.40569388861198,8.978573687615311
8400.0,3.86852972343231,158.08297939950916,9.315989913017637
8401.0,3.903554237733274,158.64199697945327,9.471423317391418
8402.0,4.039640446669062,158.528328242923,9.480941854932716
8403.0,4.188692187472481,157.9169328058602,9.368446381731404
8404.0,4.30135687026484,157.22458673980904,9.24167277774328
8405.0,4.356072190232302,156.27445670693396,9.174373873565953
8406.0,4.3460955871651406,155.25782582601508,9.314312920824964
8407.0,4.313916205689487,154.66472075471424,9.659226585031938
8408.0,4.265881538649124,154.71146535398256,10.093486579815039
8409.0,4.221719436120584,154.933551103244,10.533050790433117
8410.0,4.091412137449126,154.54409303219464,10.939357867049399
8411.0,3.877776838995265,153.43599047969383,11.306586077215027
8412.0,3.6478444846742715,152.14553752988436,11.540595713711753
8413.0,3.4773391441110015,151.0787322553429,11.742287693348667
8414.0,3.3942195128041925,149.85842979105675,11.85342751443249
8415.0,3.4582160752286444,148.8881382596242,11.965703087147109
8416.0,3.613139026077775,148.4844142718076,12.09069048497568
8417.0,3.696260178161283,148.60101480483854,12.40434734677636
8418.0,3.6898666834326046,149.1777666286085,12.640506867335901
8419.0,3.58605507456677,150.1085289841004,12.817303965939065
8420.0,3.510018324648406,150.73802012765492,12.891513167148114
8421.0,3.555544871032562,150.36138845046673,12.796384236515628
8422.0,3.751255907965446,149.22847984969346,12.568569816671694
8423.0,3.8708412839344373,147.38760886680103,12.395729712218719
8424.0,3.884527144299344,145.3757229048414,12.512546471940839
8425.0,3.870438086180411,143.65719913783397,12.681612618852535
8426.0,3.844855073232041,142.33026831202048,12.881744042626915
8427.0,3.778692003441641,141.67317224371604,13.111729497389328
8428.0,3.6828024141564106,141.57672503293526,13.461859511494863
8429.0,3.679934856302298,142.07678549065088,13.768342860320933
8430.0,3.691145654336703,142.45726476331092,14.025890258144871
8431.0,3.6799295233867775,142.3925351472266,14.282547722970154
8432.0,3.6112671451755642,141.6565382969244,14.653547021543329
8433.0,3.5974747213350207,141.00346953695973,15.172984170347222
8434.0,3.6186720518205626,140.94772123895433,15.760095132475875
8435.0,3.6014086057298176,141.4092636858626,16.259049739901442
8436.0,3.548662013767134,141.99126548335724,16.576424662210115
8437.0,3.527953489385478,142.15922908689245,16.796275428510363
8438.0,3.6028671268839996,142.12497740695053,16.988177437714025
8439.0,3.7501321353351247,142.64034536248252,17.365908053529907
8440.0,3.91315053526551,144.665234844563,17.80929102194502
8441.0,3.9974266140279022,146.75973695349262,18.20111397989485
8442.0,3.962121341670998,148.04282986817617,18.509341123212625
8443.0,3.772378258263656,148.60887466314458,18.90451441579684
8444.0,3.5826517127523596,149.60950320469328,19.24023353052528
8445.0,3.3834283755478456,150.9916623845503,19.457378688051538
8446.0,3.165866712173829,152.4493863900866,19.493946976328896
8447.0,2.9730397867502503,153.3778031995306,19.34270113002109
8448.0,2.903985370786225,153.80340231839503,19.01716709690329
8449.0,3.031978760885998,154.19295349051703,18.74033814288589
8450.0,3.2536083271577776,154.60498690180364,18.553509369967117
8451.0,3.4305631955097637,154.5867079327399,18.260168928761768
8452.0,3.536995289851811,153.97041611387783,17.91828408972034
8453.0,3.629417402506942,153.71027332510778,17.73865148246562
8454.0,3.8211504221372152,154.21258212295467,17.71675178577984
8455.0,4.040101045200068,155.194675229786,17.6336875448274
8456.0,4.179344639114702,155.98393636031258,17.424490711298784
8457.0,4.265599574755841,156.42846568091687,17.075452872270247
8458.0,4.345505170231502,156.7389526722044,16.738691585815054
8459.0,4.41208495837325,157.42517513786916,16.449624525758868
8460.0,4.336671096803005,158.464494009243,16.21783209459804
8461.0,4.151678545964914,159.3961845934792,15.983547591578125
8462.0,4.098972928431361,159.67189661842644,15.977422450401777
8463.0,4.21939952545329,159.43515850521447,16.30876033572879
8464.0,4.39584100320121,159.42752521292692,16.65803672416267
8465.0,4.433721409886546,159.54185027755133,16.72646125893612
8466.0,4.345346617950252,159.77372243619183,16.512417634588655
8467.0,4.183877729754646,160.3732700640148,16.312023534725746
8468.0,4.045614063962017,161.29471935452165,16.20774069317315
8469.0,3.9582405235319094,161.7610333416672,16.163620582440302
8470.0,3.9515962454605735,162.09930111586888,16.09781255379904
8471.0,4.042336916947576,162.59202830077874,16.05330320044217
8472.0,4.173533280750653,163.15813530543485,16.022293280068773
8473.0,4.335193170574528,163.972004305943,16.02710114641817
8474.0,4.405824172990472,164.67007630033152,15.89956299528387
8475.0,4.409130306882129,164.87472859595897,15.64252301756396
8476.0,4.39029767904584,164.96310468027337,15.460070851187714
8477.0,4.371004328608091,164.9493027685417,15.32764132392705
8478.0,4.416161954974225,164.94504782426168,15.268348215408624
8479.0,4.533185529393296,165.07586730188203,15.23802769187789
8480.0,4.71652368918481,165.28111092575102,15.15734386018409
8481.0,4.893353980667731,165.45882297021444,15.006970737331587
8482.0,5.043250458383064,165.51132367840341,14.925229214311297
8483.0,5.190722793397008,165.43986950762394,14.98526253420488
8484.0,5.373862401086932,164.7055361389643,15.02107002353435
8485.0,5.609821998399439,163.28019075237683,15.048526640973302
8486.0,5.941198381818168,161.35373870583373,15.079716460112325
8487.0,6.346308280111523,159.7527359042358,15.116246647222297
8488.0,6.739772438125408,158.70372280416495,15.15783962984742
8489.0,7.098500671177345,157.92468819114487,15.197486850676976
8490.0,7.481929275563405,157.3011396598595,15.153773888389523
8491.0,7.909109978349719,156.5224656766215,15.005150222417312
8492.0,8.320963717509128,155.91355430837942,14.906920153674648
8493.0,8.74682458650961,155.99058401412296,14.93136000289924
8494.0,9.248988250454904,156.57896371537163,15.041417914366358
8495.0,9.85341830924025,156.8920271667107,15.161731317850105
8496.0,10.500386908943005,156.7997294251878,15.309273094191823
8497.0,11.092977693401084,156.74057270523275,15.427843559834598
8498.0,11.466243910395434,157.010358788861,15.521500523790275
8499.0,11.64995198864676,157.11723953906485,15.508742585856528
8500.0,11.728125294181202,156.2131756699058,15.235917951697958
8501.0,11.678533224291613,154.5174438647909,14.790611064835323
8502.0,11.634547157403043,152.93908107269806,14.502664478284961
8503.0,11.796135351084057,152.57737425575124,14.411308306484411
8504.0,12.059736066548826,153.3025803167173,14.33093498685818
8505.0,12.35430535251387,154.07439167235776,14.076895207062076
8506.0,12.65881543350287,154.2654180453981,13.85939746380017
8507.0,12.929450783845706,153.99921655370676,13.71530199405811
8508.0,13.099467924556064,153.68423268814135,13.369324215794823
8509.0,13.0950394109852,153.50235839315124,12.755451818724453
8510.0,12.893751566631964,153.05836605924193,12.12438194054922
8511.0,12.490978126175683,152.0122576680765,11.656626574639247
8512.0,12.067219326277314,150.8714168749886,11.348335749186809
8513.0,11.738589065266751,150.17669416653197,11.19798128965548
8514.0,11.551136947477248,149.9701386811424,11.09898439948127
8515.0,11.456943339442063,150.1006467189688,11.010435179917858
8516.0,11.417003797070603,150.31048797947216,10.912446208492655
8517.0,11.432999999856804,150.15479564220027,10.848149228059237
8518.0,11.465760639268671,149.654030876508,10.735283117736156
8519.0,11.455062545038468,148.7360921972958,10.559467642668903
8520.0,11.344195958733161,147.63047099359713,10.443301188501897
8521.0,11.231213633754086,146.7165594079597,10.404330597004291
8522.0,11.16212711407038,146.62023693010866,10.432616730922822
8523.0,11.111557026696046,146.88115774405463,10.435666678398063
8524.0,11.06274670052698,146.93670936050702,10.426451268222527
8525.0,11.12579426991061,146.79352608054234,10.451222589821906
8526.0,11.345297897864112,147.060490679963,10.563165545483711
8527.0,11.665886713781765,148.01860263106812,10.670160946040712
8528.0,12.069107961025107,149.09673371044065,10.71381473843689
8529.0,12.58693096144225,149.3981911958239,10.51623190959096
8530.0,13.30102344830851,149.24381072300537,9.995822750244752
8531.0,14.195595616884399,149.6677361746725,9.28840507112471
8532.0,15.152765440324297,151.55666258290896,8.622280992203526
8533.0,16.24079707396307,154.24839889135484,8.141476623858745
8534.0,17.397572846342456,156.13497567674736,7.825145426972901
8535.0,18.28244793819228,156.75503619028052,7.549970638886579
8536.0,18.684442133442182,157.25836013585183,7.139633004564089
8537.0,18.892597742594553,158.23933921223315,6.6128634365053465
8538.0,19.302290957556313,159.29249638783614,6.111502038211752
8539.0,19.967214935852862,159.9547987961535,5.811371891060838
8540.0,20.56683768306301,160.3644219492861,5.681208205653391
8541.0,21.09992190052592,160.6753975943376,5.55340189841649
8542.0,21.612590125716494,160.85687420449264,5.34891534160373
8543.0,21.974597761636268,161.42027902099935,5.06123094454092
8544.0,22.087445435858932,162.063612726639,4.721701533099476
8545.0,21.921876029289695,162.38985348837005,4.2795084362794
8546.0,21.631582124493658,162.37501255469988,3.8840622575099535
8547.0,21.491581141495764,162.47512349926052,3.6822717739991293
8548.0,21.729943424520798,162.46095752173997,3.7038162212778167
8549.0,22.15436001263775,162.2754598452561,3.836251415779308
8550.0,22.571646006675778,161.52297285781034,4.0037127411283215
8551.0,22.870319642639288,160.4944503446306,4.164735417546356
8552.0,22.690698172213683,160.88827133069339,4.230131999308541
8553.0,21.92611997862225,162.6890114892785,4.121422863384288
8554.0,21.02188580306827,164.72802808076457,3.951373130953332
8555.0,20.283629490673206,165.9290611174895,3.7590747202955552
8556.0,19.530179875579616,166.39307924215234,3.6429443262510173
8557.0,18.83695080581759,166.7292174107316,3.575944235319558
8558.0,18.39235208016591,167.0031867037049,3.560617173598453
8559.0,18.60355026566255,167.36982657688787,3.684106379274812
8560.0,19.28922699847507,167.57475808108097,3.8695620386176577
8561.0,19.976539752900056,167.15008416736606,4.101981092597736
8562.0,20.452820827920245,166.46898505797887,4.431148732763772
8563.0,20.741859172452997,165.5485757012631,4.827883304890471
8564.0,20.619977514280055,165.86915616040002,5.229438415355972
8565.0,20.20809043656055,167.78706509293966,5.604773858156928
8566.0,19.903562804466443,169.60136724449444,6.00375456354624
8567.0,19.8647272349466,170.46578914139795,6.408702011806445
8568.0,20.071949482704785,169.9439092271383,6.823382947949149
8569.0,20.44626276348427,168.88400037203206,7.240000272222019
8570.0,20.942997170268796,167.32515602963161,7.575009749075073
8571.0,21.40491669387615,165.36857067629515,7.837874384096159
8572.0,21.798386015293193,163.2129344556023,8.190745667836493
8573.0,22.22063146869719,160.8630800250974,8.70772535214567
8574.0,22.626639929040373,158.69725391694664,9.309237571522662
8575.0,22.821528340288186,157.65206497501902,9.889103938587485
8576.0,22.8042338967933,157.5199103431087,10.400990073203559
8577.0,22.882464833816567,157.77488916460547,10.830045056495425
8578.0,23.264288776324648,158.4148485099716,11.182208727722141
8579.0,23.70719079828937,159.20307144314302,11.470975304148807
8580.0,24.04827081232718,159.56814831970198,11.690338219998594
8581.0,24.377207977077127,159.2494610467338,11.872749047306224
8582.0,24.838550205445475,158.61174925745723,12.119481509102883
8583.0,25.272196503144325,157.7480289355864,12.324198897669143
8584.0,25.3985161176054,157.17034151892736,12.444170030375432
8585.0,25.32194868876193,157.46073912952997,12.421229713752249
8586.0,25.472092111614096,158.34970124075838,12.436536493915813
8587.0,26.073712162431697,159.59232289586998,12.553812785358721
8588.0,26.69106744569802,160.76666501219546,12.856363570313667
8589.0,27.063619395624364,161.52258954950523,13.208285860152303
8590.0,27.21934738180627,161.35995893046095,13.598636700173042
8591.0,27.452012243512904,160.93286233590905,14.005053738102674
8592.0,27.81243515992513,160.70815728213987,14.376369712056722
8593.0,28.2357739113915,160.91913949501682,14.739900301290529
8594.0,28.362459303753226,160.92125999192695,15.028521597964238
8595.0,28.05756329941491,160.6386229513519,15.310959595443737
8596.0,27.633564177096602,160.40151728058063,15.465615604991395
8597.0,27.458093191014644,160.36265944715646,15.563455954783345
8598.0,27.84260908187655,160.50460771448653,15.78980928650449
8599.0,28.753693961458403,160.75412256102572,16.2904976200793
8600.0,29.627849045883117,161.56931559030534,16.881355292164024
8601.0,30.145858077184883,162.53577531345073,17.2533146561499
8602.0,30.080122849936615,163.39726589763598,17.48102239709719
8603.0,29.830832565709677,163.87372026283145,17.819469429212592
8604.0,29.78622764843656,164.43365140524577,18.409854111890944
8605.0,30.22034797003369,164.9614673571774,18.988767352361673
8606.0,30.980716121246527,165.54442214178934,19.43943566802765
8607.0,31.683717487313146,166.09056780676002,19.81916563994562
8608.0,32.388705031844864,166.60384253847297,20.069199825942604
8609.0,32.87676919901557,166.8625435817145,20.046212782712075
8610.0,33.25628372898731,167.1113172618362,19.959253186083995
8611.0,33.54849156770964,167.4341720487145,19.894074038923023
8612.0,33.984388779099355,167.8319166962175,19.917462128722562
8613.0,34.132535424868045,168.13856795617102,19.880896994119997
8614.0,34.18886445073029,168.13621059552702,19.88244627893274
8615.0,33.892182739620495,167.97752666233652,19.919546713848167
8616.0,33.30178431542283,168.0276369120034,19.910648312011496
8617.0,32.619955285327016,168.3185385755065,19.60956367939969
8618.0,31.954208324988617,168.4568815799998,19.029499536259735
8619.0,31.755907429348763,168.5292997268476,18.506329929960526
8620.0,32.20080869408142,169.48237722233011,18.32123004529636
8621.0,33.19594375724609,171.29713185433113,18.320821447215444
8622.0,34.15719580951301,172.92703756876656,18.180617224002248
8623.0,34.532971353871204,173.52158652191574,17.828975232353898
8624.0,34.27377923491345,173.93281153027795,17.30557229441109
8625.0,34.10392779489766,174.93963748674153,16.723494486236568
8626.0,34.00772581049363,176.3107766202587,16.110735499058524
8627.0,33.890844111301554,177.03537198918673,15.383729950548629
8628.0,33.67941813242429,176.84711807918885,14.552493880779071
8629.0,33.45562471133238,176.129751921649,13.76556519219045
8630.0,33.20895078824381,175.9847464720566,13.194307166481671
8631.0,32.98973966985042,176.61604768077873,12.817366117006104
8632.0,32.923341142609054,177.54982520786285,12.606839254455434
8633.0,32.96237354572557,178.65359130317327,12.542540562039605
8634.0,32.922139410633065,179.60310556269326,12.507349786763848
8635.0,32.6364431761091,180.20423805437625,12.371949683225496
8636.0,32.49521035087643,179.48821801543374,12.195703618952258
8637.0,32.78979762427752,178.25253395922002,12.069427993753735
8638.0,33.44873680056712,177.7679956901223,12.01152509439668
8639.0,34.22659067623414,178.6377065383039,12.028290963124677
8640.0,34.801344412124955,179.84483043691392,12.158589258290597
8641.0,34.921169568618055,180.40256962484165,12.45961581908761
8642.0,34.53208318898428,179.94870910468424,12.744479100475104
8643.0,34.01000612655703,178.6623836556027,12.908828084410779
8644.0,33.3561871343904,177.2280553086198,12.84042775266015
8645.0,32.54922659672971,175.8551813511584,12.796379657695672
8646.0,31.846825860720635,174.40099559631153,12.79173150487112
8647.0,31.383483738767175,172.79981675073006,12.794872125763202
8648.0,31.01135635241281,172.03722233357152,12.749540137066031
8649.0,30.723586095857772,172.00421780693262,12.586428100371498
8650.0,30.60041461122523,172.1538491125478,12.538589854825636
8651.0,30.93622388576623,172.35483352126806,12.531272552139063
8652.0,31.594754349680468,173.2422250013905,12.489485583014359
8653.0,32.15389716517242,174.88873857196037,12.451940988294025
8654.0,32.18006397184635,176.41867483562328,12.418914165342082
8655.0,31.732677142161666,177.55622515850717,12.407279991577548
8656.0,31.191566420276285,177.71244795851297,12.395171185623076
8657.0,30.896550165130247,176.87274633074688,12.447788018486444
8658.0,31.137686872896396,175.53087552927514,12.53722994018401
8659.0,31.605511122508403,174.53503020764484,12.659786551605984
8660.0,32.030521030522706,173.7677498643202,12.5919973840682
8661.0,32.37042629439199,173.52914592387353,12.28067238590374
8662.0,32.802893348256234,173.8706020655601,11.78025672761738
8663.0,33.36708439428302,174.64762233055066,11.295717170809429
8664.0,34.10476243234232,175.8789714005366,10.884713117825301
8665.0,35.03657917130343,177.92236947706957,10.559072373119118
8666.0,36.04471159420953,179.66386260292748,10.27466064054432
8667.0,36.983584076568995,179.87164544221716,10.011284416407506
8668.0,37.57048338994756,179.55601968605816,9.854541606559136
8669.0,37.73759946980845,179.62318253709898,9.708777409377033
8670.0,37.59669637661025,179.98500117099732,9.725398822558407
8671.0,37.40102252065725,180.2909394412347,9.883934547766051
8672.0,37.21909565577025,180.35058632139305,9.965080664102558
8673.0,37.21671969734759,180.26669736325047,9.88469537956173
8674.0,37.473291394327966,181.0407089977416,9.8604793452056
8675.0,37.996313979789605,182.5784540831971,9.883936748476952
8676.0,38.76611123441406,184.26281611628352,9.844223830311371
8677.0,39.55017956767423,185.01934047076776,9.664321153275758
8678.0,40.37070480238204,184.69469474226938,9.471720920531533
8679.0,41.237275346575366,184.12324753033272,9.326937500172392
8680.0,42.1028147501445,184.38532836769616,9.074565448115765
8681.0,42.500418987529,185.4322771259863,8.781069962900482
8682.0,42.278553732723445,186.2132802474817,8.524213352212803
8683.0,41.92629244565638,185.9911299145923,8.267079871514058
8684.0,41.77101439767301,185.27453106023927,8.017739112501562
8685.0,41.91369022297558,184.65779826100197,7.990494588028764
8686.0,42.29597582075022,184.38072543583993,8.138672329988506
8687.0,42.98774837365833,184.86688436240647,8.414837837539322
8688.0,43.84845985174365,185.6937447719196,8.54409350723186
8689.0,44.664879273760185,186.68548323999977,8.451616826148932
8690.0,45.12256209550237,187.79017598119208,8.146128896560608
8691.0,45.39680719434548,189.34351987347233,7.872105569736199
8692.0,45.74158491981645,191.36961972013435,7.884094121353668
8693.0,46.30273562454882,193.23634973832486,8.128277292939025
8694.0,46.95346368147006,194.81031391695797,8.43591966642232
8695.0,47.6419987427931,195.30414084632312,8.677882456132176
8696.0,48.48002946344885,194.67049154179932,8.950879326876082
8697.0,49.53579021546222,193.46525349945162,9.217621462072959
8698.0,50.59715216758294,191.98649826252054,9.466474065679144
8699.0,51.04322138633612,190.51463412291304,9.412457040180383
8700.0,50.64061000263099,189.26328320434254,9.116439458460523
8701.0,50.0262435833075,188.85863698519103,8.820719781320514
8702.0,49.79150658231409,189.19091462297357,8.682558993368332
8703.0,49.8821301920935,189.99751027564722,8.71598613076801
8704.0,50.41072931463785,190.88945874418206,8.790319037941726
8705.0,51.753917573542985,191.75258270819154,8.883389668382495
8706.0,53.5798094833113,192.28491849984775,8.973129166710512
8707.0,55.46849476817146,192.1088732835103,9.12791361563944
8708.0,56.60161933325877,191.1614700958626,9.17223030890376
8709.0,56.848526737534435,189.13953149481677,8.945972726127609
8710.0,56.63640974145822,186.88584052131654,8.569537212532296
8711.0,56.52120917278569,185.73012478465603,8.339675427734143
8712.0,56.29751217868557,185.37034295544973,8.181477983780889
8713.0,56.04622898004064,184.48830305809727,7.875366779784391
8714.0,55.74298802213284,183.58563822515774,7.503951530569539
8715.0,55.84745467849102,183.66131658768126,7.332770069117442
8716.0,56.248039667079865,185.08822451938548,7.399398056057571
8717.0,56.673171003374925,187.16194457906738,7.3305930178961045
8718.0,57.01535052216696,188.63471685552804,7.175079141647792
8719.0,57.02633195143116,189.86322642797262,7.138385658288063
8720.0,56.85274699058513,190.7153796710802,7.229208032632196
8721.0,56.486202994540335,190.9236992199022,7.349289319765852
8722.0,55.88664787958181,190.50113172907328,7.337069721072706
8723.0,55.2209698816962,190.0346151950107,7.108358435327238
8724.0,54.48460137567435,190.45812838739937,6.854142604743061
8725.0,54.30505941375516,191.59101920572624,6.742813237902562
8726.0,54.597483558121,192.75417180530468,6.663688894680596
8727.0,54.591628810551335,193.802854853676,6.609409114721952
8728.0,54.110552982874765,194.8451256228116,6.479516489151513
8729.0,53.62461733563861,195.65536187262575,6.295119036497456
8730.0,53.38863165785109,195.8473157868796,6.168765590652
8731.0,53.26199226698759,195.01330161878002,6.0710738970713045
8732.0,53.06166838445729,193.69880842672396,5.978535771409801
8733.0,53.01406873712666,192.77224283661627,5.849800535850487
8734.0,53.24645023909325,192.88266948991352,5.630417264871
8735.0,53.7936741967724,193.96673104237277,5.5365655166453775
8736.0,54.46304445003457,195.40126187400804,5.58849458160009
8737.0,54.73425043573921,196.63115184642996,5.663874793774915
8738.0,54.706249976146026,197.4655715531518,5.640775956009969
8739.0,54.70046143633456,197.54324510136135,5.564955922092175
8740.0,54.762601870905634,197.26789135921416,5.54953935786076
8741.0,54.890728184640395,197.5113727214111,5.574709202378485
8742.0,55.016023610164844,198.98890578047755,5.695881087152339
8743.0,55.42086582138788,200.98129162811918,5.781643333223039
8744.0,55.94219638633159,203.24115647367333,5.827941383639961
8745.0,56.5234527341773,205.60730385147826,5.789977366414351
8746.0,56.94424670849178,208.08771754443737,5.73825017076025
8747.0,56.89367932468621,209.68609140076887,5.716963728899288
8748.0,56.406858000828024,209.63707444591762,5.690237497874297
8749.0,55.76271780225169,208.96580998378806,5.652086961875711
8750.0,55.258127375590725,208.14417111037412,5.483024152425071
8751.0,54.77960050561159,207.8133423582977,5.275731372629761
8752.0,54.3692978535606,207.66985736430428,5.135483955638784
8753.0,54.20955479521899,207.7251559763349,5.169736928100802
8754.0,54.4474640691792,208.20374211709432,5.334169753790264
8755.0,54.92866941844435,209.1419877484957,5.604556245151361
8756.0,55.347096291847656,210.45577458398475,5.866043019831572
8757.0,55.72645133902983,211.6390286371133,6.022082772885833
8758.0,55.90041245643346,212.527227419945,5.9697831559971615
8759.0,55.68329727774067,213.50018947786273,5.753538277250764
8760.0,54.88526756989546,214.561115029863,5.499927346113913
8761.0,53.68319442003147,215.5207812199386,5.310000072077188
8762.0,52.34541889817955,216.50704686987729,5.190393673116603
8763.0,51.522161988120246,217.38962806901708,5.138451241623647
8764.0,51.30314259794186,217.8080594006909,5.072763892077683
8765.0,51.42745576989957,217.56351185117646,4.971228041957508
8766.0,51.55867321322919,216.81122595606234,4.807395874248503
8767.0,51.514012673125166,215.94221677575632,4.577186954349377
8768.0,51.42233788822521,215.3696286996435,4.302343224586084
8769.0,51.35174948218225,215.48283552726235,4.030935823887283
8770.0,51.31152793469879,216.1925423100983,3.79021791384324
8771.0,51.22379741865685,217.16749067397828,3.585131468678036
8772.0,50.94405642311066,218.00069689331315,3.4126721693892867
8773.0,50.51451286441407,218.99116745797207,3.2607423801766564
8774.0,50.213384918175315,219.88946494211598,3.176120570336064
8775.0,50.152642055246055,220.53328687490696,3.1683963688010404
8776.0,49.92553331421606,220.28374962923363,3.1881172023470024
8777.0,49.605594129888736,219.86685031841716,3.23326034850361
8778.0,49.27124817013451,220.02020859065374,3.2547101668871408
8779.0,48.99745343308762,221.2009466822326,3.2526151356006396
8780.0,48.76095595441071,222.2936321677997,3.2820722803659024
8781.0,48.65970659477495,222.2948130029415,3.37555917888486
8782.0,48.49501810234861,221.38292426430812,3.4583872003086022
8783.0,48.4990371549075,219.59754296471718,3.480149722394083
8784.0,48.62395416381763,217.6228375828431,3.4221244973002203
8785.0,48.80867650406924,215.74109856289542,3.32332790620009
8786.0,48.689896033748,214.1267475753877,3.194065646329908
8787.0,48.118335745461124,212.47400678709042,3.0567396112915604
8788.0,47.6655812222996,210.92139213568905,2.9355717520020614
8789.0,47.676993294444294,209.3694752226513,2.787510098614116
8790.0,48.00495212644357,208.38430638348092,2.7330322495960204
8791.0,48.22745499301705,208.28212378718032,2.816102240250144
8792.0,48.301841420244855,208.43508411668907,3.0528966104061603
8793.0,48.61896950999337,208.96940020438313,3.242181427054222
8794.0,49.041893450568054,209.24786832977406,3.2849896471123214
8795.0,49.16726904653252,208.7656668405032,3.307770737743728
8796.0,49.08882611906142,207.91553910923523,3.324605331901001
8797.0,49.26027066155451,206.74741744409317,3.3170912174199554
8798.0,49.70367665196391,205.99511338219165,3.174693784830362
8799.0,50.37304460145282,206.01502972104834,3.0346817255017644
8800.0,50.83580726207216,205.95735934715597,2.9208024769830914
8801.0,51.08241766666833,205.39047887990148,2.80755660735225
8802.0,51.351440340825135,204.4860217593489,2.6320909388314395
8803.0,51.76066261828573,203.74901498477314,2.4762723825021116
8804.0,52.315802943528965,203.4115371682396,2.4184146675975837
8805.0,52.91595725753366,203.53636576067117,2.448918864266796
8806.0,53.54759495463774,203.89948429388105,2.520687741269412
8807.0,54.02224627829791,204.42231054649966,2.535542981372546
8808.0,54.027976329778596,204.87867203892895,2.507824052698766
8809.0,53.51389938708024,205.08705433939383,2.4078051965023684
8810.0,53.240146095298705,205.31505708710122,2.317394945658593
8811.0,53.826400941244835,206.00016406840774,2.24949782802276
8812.0,54.80793925142886,206.89183168720086,2.18574488633372
8813.0,55.593517876212964,207.35915270486558,2.1506739884311696
8814.0,55.90160962529641,207.7106227788889,2.13041668826809
8815.0,55.96511532422962,207.90200280102874,2.1305738019381906
8816.0,55.82634004171487,208.14461662262477,2.0614128077964096
8817.0,55.53080600906227,208.0554971201584,1.9762468174270116
8818.0,55.072462206530005,207.67268303474074,1.8694340619107999
8819.0,55.14323960851434,207.35596456363365,1.7820037706657794
8820.0,55.68850223098279,207.45349360812654,1.6570090096919043
8821.0,56.17355673909421,207.8290693550051,1.4540220578968566
8822.0,56.28599690716836,208.34482738851096,1.243629577209588
8823.0,55.76514161151782,208.61634487854303,1.1221294982416994
8824.0,54.99797454959532,207.6611951498521,1.071496580510816
8825.0,54.0745002333981,206.1699438947467,1.0490120440421522
8826.0,53.39412238509268,205.3605963125456,1.0150567336000575
8827.0,52.766928126872735,204.63060660384534,1.0147534583840783
8828.0,51.9918882452864,203.22398088575213,1.05316915334409
8829.0,51.288529742593134,202.1476083817613,1.1026160910558784
8830.0,50.84750043833948,202.23860213247409,1.0751924891037121
8831.0,51.06311491279908,202.64952003910446,0.9897573829875599
8832.0,51.618078990235844,202.91311309995962,0.8905339807499663
8833.0,52.17458385757367,203.0511608633005,0.8474289461257216
8834.0,52.43660773644,202.60860300804947,0.8263626665778062
8835.0,52.37717341126532,201.7298306826713,0.7652607283389123
8836.0,51.923484896690745,201.10880879801414,0.6928740277293024
8837.0,51.24430336021003,200.85161196370854,0.6309449931746116
8838.0,50.60329557004844,200.56375480500515,0.5762650722015624
8839.0,50.37934771302193,200.1171948337111,0.53838774175081
8840.0,50.09657016879618,200.42211453531914,0.5201039675278755
8841.0,49.73914094748734,201.11190685319332,0.4839964307301904
8842.0,49.356701109513004,200.9052225019236,0.43097552254230764
8843.0,49.269894287567865,200.00248524110776,0.3954221634290404
8844.0,49.402952352558636,198.9822425641972,0.37411727609261286
8845.0,49.47542790196966,197.2494181285304,0.3520198175862564
8846.0,48.9086029193166,194.8269149783799,0.34231156207304037
8847.0,47.73075402065257,192.8816956491191,0.344411948439764
8848.0,46.7101850785353,192.12865637106034,0.3422793603585315
8849.0,46.17768309803067,192.4859946901969,0.31311097479423994
8850.0,45.84802624022304,193.70163899284395,0.28957211197290245
8851.0,45.45757704972991,194.36405347593984,0.30457164477601
8852.0,45.09776309528397,193.49531240221054,0.36413726295013693
8853.0,44.7895636117503,191.41173468316248,0.4400510137268281
8854.0,44.47861292013401,189.07058563644782,0.5078006412657424
8855.0,44.096127627191905,187.8593126264484,0.5543915732290576
8856.0,43.813126070754436,187.6542260728003,0.58089852064566
8857.0,43.563107995436695,188.07485965934387,0.6062234880726024
8858.0,43.224838010179205,188.48312712144144,0.62554859360569
8859.0,42.494508072722184,188.12820831002637,0.6482997112077721
8860.0,41.50598303238825,186.67931130982535,0.6605046309502095
8861.0,40.79609390112399,184.80506318036674,0.67152532823292
8862.0,40.66594253673375,183.54141002945462,0.6574969397854225
8863.0,40.92167859938961,183.13072470421926,0.6570132685886025
8864.0,41.307291513127005,183.05495388388564,0.6996395855980522
8865.0,41.770636180847255,183.02769130941618,0.7730491911782654
8866.0,42.12065333921731,182.7600856313549,0.8297681958941768
8867.0,42.51042086400257,182.5633648259853,0.8499144157784809
8868.0,42.909726919317734,182.5136184999424,0.8596179516461055
8869.0,43.26915374423991,182.52052529504775,0.86430564614416
8870.0,43.42232708826153,182.2815330438503,0.8547380254873848
8871.0,43.30870099918932,181.39178227560524,0.8037736076310082
8872.0,43.107415489189016,180.24563768461516,0.7255045862374249
8873.0,43.01441466358925,178.89002713799957,0.660339253931012
8874.0,42.88969518158445,177.29945719253269,0.5828944726320676
8875.0,42.59097005041159,175.66102597936012,0.4866126106125375
8876.0,42.16681680381146,173.7686844764385,0.3952036765761529
8877.0,41.72339478216471,171.6723962546849,0.34321374302958085
8878.0,41.369920985386614,169.97319773639137,0.32258625182423284
8879.0,41.27181396821193,169.32675054525282,0.32794364457804964
8880.0,41.38804240264521,169.50797680401485,0.3403269156627024
8881.0,41.4714146791879,169.37833392379363,0.36093430140848637
8882.0,41.859965090220065,168.75485930092626,0.4028967591274201
8883.0,42.7847148823867,168.17378614267264,0.4503247178512643
8884.0,43.947041610207116,168.00729695734594,0.48166117864905955
8885.0,44.64641863282195,167.9039834859513,0.4756137983928081
8886.0,44.406523647684,167.19196657827104,0.4519806611463049
8887.0,43.67501257359572,166.4729267296967,0.42372094380102016
8888.0,43.16130273715002,166.15519438780726,0.4196357967607203
8889.0,42.92475126939273,165.89469598253206,0.45738810134646757
8890.0,42.87383989204418,165.50358128217306,0.5214722423911223
8891.0,42.995358582698856,165.39978155645997,0.5784516657120099
8892.0,43.08940024966787,165.946707999446,0.6343640626650625
8893.0,43.10032477581574,166.36043569916316,0.7327249747614735
8894.0,43.22781660011214,165.88534780188905,0.8574978352190041
8895.0,43.50430431047732,165.08181041199725,0.9398458084466026
8896.0,43.44241175931821,164.42544057646862,0.9161323704758415
8897.0,42.84007018081673,163.54895752560125,0.8368400488597444
8898.0,42.180044131533904,162.0904597496971,0.7514223864652128
8899.0,41.67227488775608,160.48428873561804,0.6945350751790441
8900.0,41.16708527748826,158.8122935495005,0.6499418646336784
8901.0,40.6090021014221,157.08560068834987,0.6303764037685009
8902.0,40.42098302802003,155.25121074984403,0.616634508311424
8903.0,40.635924720910204,153.03493772334306,0.5844931392526801
8904.0,40.80446460473081,151.07137102023498,0.5583300171162255
8905.0,40.98909931043807,149.98845592598985,0.553171931402984
8906.0,41.22751672268844,149.6888332595307,0.55523898462096
8907.0,41.22082003169429,149.13777290812928,0.5399416946525626
8908.0,40.64927110730606,148.20570357907275,0.52167525298681
8909.0,39.82124041810144,147.819396582648,0.5218233723699649
8910.0,39.10523268053658,148.46120536923377,0.5482062721148209
8911.0,38.73011223184371,149.81701909016311,0.5402579579026563
8912.0,38.42303296868278,151.13263243161765,0.5048995638001225
8913.0,37.90507482261087,151.51230816592894,0.4838721313002723
8914.0,37.33977626535985,151.23062585452698,0.4717544742828224
8915.0,36.86232563065644,150.82292956064163,0.4515479680787761
8916.0,36.58593854680508,150.51250618880982,0.43333911489360044
8917.0,36.5040722596,150.51867944239763,0.3934848904683876
8918.0,36.555448913310656,150.56178925541056,0.31968179629681
8919.0,36.52811025129308,150.05626726471937,0.2759592217576041
8920.0,36.5085333427989,149.0839820514233,0.2803663740733956
8921.0,36.79242849112759,148.6099776638,0.31212149875872247
8922.0,37.24462726020078,148.97161755212548,0.3453615765270784
8923.0,37.84776386639617,149.485378538679,0.37385416552682244
8924.0,38.64083672788867,149.70907411679943,0.4018500148672881
8925.0,39.3092777790401,150.01838511266453,0.4298067708122499
8926.0,39.58634595001297,150.8822668654445,0.46011893134924886
8927.0,39.37667443799231,151.87367584308265,0.48221831698474804
8928.0,38.899926880036745,152.25784794660686,0.4665953764837369
8929.0,38.41969954091502,152.3540537548173,0.3840767751749184
8930.0,37.851840572986504,152.71221197767662,0.28635184114936085
8931.0,37.502323781700525,153.9655468160189,0.19600758612895358
8932.0,37.44581633504974,155.22515303200012,0.1418879580048324
8933.0,37.215043406883034,155.6979205302314,0.12288498700520249
8934.0,36.83653892799033,155.53843297414346,0.1273137757275136
8935.0,36.46735411820795,155.5228417389601,0.13705880562741157
8936.0,36.24857236987442,155.72949445515704,0.14052182643100808
8937.0,36.018612965228776,155.97458347390312,0.12401577111521288
8938.0,35.779986343976994,156.15418619296224,0.09136700176506247
8939.0,35.58315100526286,155.93048051555274,0.05743017176556488
8940.0,35.21236703724086,155.63594474057325,0.032758049766422485
8941.0,34.89889971289507,155.21276037305216,0.015947888596502487
8942.0,34.81607879935892,155.09148420240092,0.0036350770305600003
8943.0,35.001091725201206,155.167780436496,0.00010479350739690132
8944.0,35.28370644488028,155.6484485997493,0.008787832543033601
8945.0,35.74805296395301,156.45023861172874,0.024310609825960006
8946.0,36.2680782595345,157.31124464064627,0.04050734260620961
8947.0,36.637279786036736,157.8382587214129,0.05571413099532811
8948.0,36.711602786000995,158.15566558273926,0.059136813943584436
8949.0,36.79469454135531,158.85637463352296,0.0509705350989025
8950.0,37.27970046558184,160.1079781007623,0.04091688688939291
8951.0,38.242338106159444,161.62296017404563,0.040858647164448425
8952.0,39.37572439606273,163.02721341734215,0.041793260356
8953.0,40.35202617216079,163.859858777726,0.0319715284181056
8954.0,40.96859232256313,163.57715075520457,0.012397141172002496
8955.0,41.37730698922987,162.52093179264986,0.0005843474659584036
8956.0,41.55166464181212,161.32707444625706,0.003929792866563591
8957.0,41.45982456726554,160.1519857774843,0.013806510851232091
8958.0,41.28260366670983,159.36231216992587,0.016809747418808085
8959.0,41.45567439415778,158.75267772043094,0.011438972016796889
8960.0,41.8614824314259,158.41933807358487,0.00429944850523239
8961.0,42.46263812306407,158.31569660297507,0.0005056525763583982
8962.0,43.268725258986755,158.20780467507853,0.00034051874492250107
8963.0,44.195189209930135,158.23621427251737,0.0038470150309760963
8964.0,45.138613918185065,158.52344002712462,0.014439648854708094
8965.0,46.02177869730091,159.18236592707038,0.027514419417584094
8966.0,46.7944554829973,160.30270696563448,0.034009249991040894
8967.0,47.23647523321449,161.44370711074197,0.03309870683025
8968.0,47.38020559458306,161.66775967246954,0.030178343076722475
8969.0,47.412986366968326,161.22258833320234,0.024465674123104898
8970.0,47.77532748378782,161.42598138693512,0.021107501675324106
8971.0,48.39330671915744,162.3723039892827,0.023224833417241606
8972.0,48.83438591589138,163.75652007640386,0.0271772600467729
8973.0,48.84548360527937,164.6302138858964,0.0285200423342884
8974.0,48.75220760538516,165.59199909855008,0.023751901736910393
8975.0,48.90333865756269,166.5837335011704,0.02311637749730409
8976.0,49.123565081573076,167.57001193534435,0.0245709261613456
8977.0,49.03203247338828,168.28981952097672,0.022015188105025587
8978.0,49.07782089391435,168.8435432678795,0.01111032997080249
8979.0,49.410637576412405,169.35120385241072,0.002686683732232895
8980.0,49.96443713130625,169.77221353130892,0.00015930554385689847
8981.0,50.56759259701415,170.41781939736643,6.0640172352400075e-05
8982.0,51.18702793530143,170.84288427051646,0.0008252635107599976
8983.0,51.62650123309057,171.60621097691498,0.0032768915643396
8984.0,51.890299299181464,172.31300767027236,0.006436174172092896
8985.0,52.25074962702399,173.39496303461246,0.009515881538384403
8986.0,52.912027007033245,174.58063206990676,0.009323225281922505
8987.0,53.599882610603174,175.18282481566547,0.0037021627011599926
8988.0,53.87736572486729,174.54840360342476,9.710959353639841e-05
8989.0,54.05851732627506,173.36029012652756,0.000505922452998401
8990.0,54.203916281094806,172.62534335414693,0.0006983905573264025
8991.0,54.31594588398999,172.44711829114706,0.0004509371166784033
8992.0,54.6716170874241,172.84929696487438,0.0015499606798116028
8993.0,55.22054690535629,173.3048693411143,0.007242898471248396
8994.0,55.55739742002492,174.07519685978573,0.024652246866915608
8995.0,55.66895674470404,174.4362687515292,0.05152317988435243
8996.0,55.749391451483284,175.01450231626995,0.07763634311634009
8997.0,55.62104997337155,176.04793376035752,0.09802923671636415
8998.0,55.353543456014435,177.85712280681523,0.11064197846263214
8999.0,54.93856391849919,179.68662310332573,0.1106410870190025
9000.0,54.60178242155758,181.25458420878837,0.10199153774209962
9001.0,54.38328977732719,182.66678672485293,0.09166309685353963
9002.0,54.41478774044573,183.72441088129483,0.08737202336200811
9003.0,54.53833193485242,184.3604486693065,0.08925105462572258
9004.0,54.71577203000145,184.42967686175479,0.09079955194252964
9005.0,55.2048254028252,184.63801065664896,0.10136593901683248
9006.0,55.571689584556616,184.3933331901445,0.12459896088220841
9007.0,55.50972092384686,183.7490057984574,0.16026436511130251
9008.0,55.20246744479769,182.67104032503036,0.20144803676593698
9009.0,55.16845607126936,182.0572771863157,0.22967658474222258
9010.0,55.428587396726584,182.2202553137429,0.23778212941422808
9011.0,55.64404760304856,182.91665343650502,0.21943452522579207
9012.0,55.71656137928434,183.7796723862568,0.1814237591201424
9013.0,55.772786312561635,184.59528516893258,0.13822587823450813
9014.0,55.75105979023403,185.6433696301445,0.11372811295128005
9015.0,55.669635861852385,186.995407726562,0.1051587182394225
9016.0,55.725914904331404,188.04825179961284,0.09211277809075685
9017.0,55.88603531934761,188.07633858419334,0.07297485780718814
9018.0,55.985418759353,187.57807673049322,0.05899007748641292
9019.0,56.345376945812305,187.09296155673815,0.054944316356161586
9020.0,57.201234897240035,187.003734299279,0.054218316841992936
9021.0,58.47484423865486,187.28847179493584,0.052079758458010036
9022.0,59.58371808192492,187.19644920436815,0.04640954632656252
9023.0,60.195294393975026,187.26988674611067,0.03322751134122249
9024.0,60.19159516813805,187.99630479833283,0.020111928181240916
9025.0,59.8332734023287,189.24987998011514,0.011077019416656396
9026.0,59.39606869634024,189.90709220318243,0.007302686917177599
9027.0,59.131330296780625,189.94504691405254,0.003619918676377608
9028.0,59.20784299258036,189.48599956927046,0.0006089316263716039
9029.0,59.44702752304303,188.90540479682477,4.677274168360011e-05
9030.0,59.81694350455962,188.5158742043311,0.00017316086008360002
9031.0,60.337751461677385,187.56129933635842,8.538720987039953e-05
9032.0,60.68682793285651,186.07958492884276,0.0002213828555236002
9033.0,60.67967099841512,184.07690320863185,0.0007382110736016003
9034.0,60.3581105554471,182.47285156296152,0.007026645713508089
9035.0,59.915476947307965,181.7775805530201,0.015477912793267599
9036.0,59.601597203678,181.84622585807716,0.024926302802035602
9037.0,59.74819314109589,182.3307489323127,0.035710889215562494
9038.0,60.267816267842704,182.18437727825386,0.0552514688708161
9039.0,60.90919443083913,180.8002721193087,0.0698036426503641
9040.0,61.575226008095946,178.9874827370065,0.07900354913048999
9041.0,62.04173557777036,178.71709357611698,0.08781430776434408
9042.0,61.99483406534883,180.5057963870096,0.08991429841183689
9043.0,61.67250741929502,183.17692703454065,0.08217061317838889
9044.0,61.69444441356883,184.31660403546954,0.07968574147675689
9045.0,61.69192720309156,183.61110109873005,0.10973785841570247
9046.0,61.612744249150396,182.49594302796118,0.17944001840503207
9047.0,61.78773835480293,182.00957630391252,0.2789093824144383
9048.0,62.32818930615256,181.70369484025665,0.3941095866309904
9049.0,62.87425601144234,180.61463047565488,0.4852856522027808
9050.0,62.9903157604757,178.98891398467387,0.5378663925390624
9051.0,62.55798304439861,177.4466693370846,0.5499861188780402
9052.0,62.136538827493276,176.48168729595946,0.513754774600272
9053.0,62.03985417359,175.65348177932185,0.472048571693568
9054.0,62.073508410333524,174.5090366119129,0.4628073688822809
9055.0,61.85044156895672,173.4576120643956,0.4805974204117956
9056.0,61.58486750923907,172.98466616222683,0.5234515988502025
9057.0,62.25838533264288,172.94946959748617,0.609606961608356
9058.0,63.751592229626745,172.73979984018092,0.7610137143209998
9059.0,65.16891976343815,172.1070296192993,0.9500409087481764
9060.0,66.0023820767087,171.8665298683308,1.12669053826624
9061.0,66.07128566504271,172.63791810392402,1.19999821440249
9062.0,65.11945383226575,174.21012598460916,1.2029435879076222
9063.0,63.820850025750275,175.80748064718023,1.20715531391844
9064.0,62.70093455791732,176.7714984991734,1.2120225564874816
9065.0,61.989578023050605,177.07541332138598,1.1655297255928805
9066.0,61.43243782455564,176.6772092369643,1.0682630380089722
9067.0,60.459761903226756,175.74393829347747,1.0311929688619585
9068.0,59.42088899822916,174.54825272610842,1.0376326650433536
9069.0,58.565614463855454,173.09978111412104,1.0211814914925625
9070.0,57.97160843294286,171.73670037722505,0.9628682830725902
9071.0,57.49824072490912,170.49263385803025,0.9109492806857569
9072.0,57.146173902038136,169.04335960078976,0.8792224784394495
9073.0,56.716862163039636,167.3792434014198,0.830005160313516
9074.0,56.24911920344804,166.03416351436627,0.7928156681798809
9075.0,55.82236770696551,165.3425969056591,0.7596449852488225
9076.0,55.74181315925689,165.40046575091034,0.7304805519104025
9077.0,56.06029262091348,165.3012689866459,0.7024855658905743
9078.0,56.692875713518454,164.55268604948668,0.6812753212675215
9079.0,57.48372323520045,163.868875768181,0.6626094799085582
9080.0,58.13850511682378,163.5106683183836,0.6508458690650362
9081.0,58.42149706243893,163.6565738631791,0.5930012131191184
9082.0,58.16605471502269,164.4250428119524,0.45435405255240996
9083.0,57.713762649049656,165.85965570096937,0.2960126654446115
9084.0,57.07790487556322,167.20576475754237,0.1874879175015625
9085.0,56.55773374175377,167.62466735984995,0.13548781135515608
9086.0,56.22960814845779,167.27633276963908,0.10815016900332489
9087.0,56.07483787615211,166.48637805189603,0.09499230687556838
9088.0,56.366967893474325,166.0823329819046,0.09721329094701159
9089.0,57.15426376992721,166.33589078680745,0.12176185930496637
9090.0,58.18041997219407,167.09282185984694,0.1492423388554816
9091.0,59.01481005740286,167.89044702836625,0.15269340886080157
9092.0,59.45746588203823,168.80774700747264,0.13252012701825958
9093.0,59.330923627223896,169.4684979205246,0.1064630628027684
9094.0,58.75239838242793,170.17625917243805,0.09275203034275237
9095.0,58.06078390910181,170.66047794405313,0.07843980425094489
9096.0,57.4884727257787,170.4690328527686,0.05555544694612088
9097.0,57.354227040794164,169.65212365980975,0.03825503736210249
9098.0,57.49142099329886,168.77621932865608,0.03852840971090248
9099.0,57.68299694538058,168.49355808289695,0.04968978203520251
9100.0,57.9403756659663,168.76755652100516,0.055869916516512394
9101.0,58.31830225802672,169.33416127997293,0.05002139799352961
9102.0,58.54250615350395,170.05691738973303,0.03902889073443609
9103.0,58.49351039694921,171.40088844290278,0.029321452622606395
9104.0,58.08504273797228,172.69797776515932,0.025707684203545585
9105.0,57.46366944992026,173.21210604370944,0.020910287895210003
9106.0,56.703929811273404,172.9609232781704,0.0150196103724304
9107.0,55.78234830319141,172.53920944993274,0.012491846641624884
9108.0,54.88517037095391,172.1325500849703,0.012969257971022495
9109.0,54.11024991661164,171.75329516855504,0.015609201495504104
9110.0,53.727347370616926,171.45736288756058,0.0212591709275625
9111.0,53.589246175468475,171.22417608424868,0.03689112306718439
9112.0,53.4295789479606,171.12539867255666,0.06613063813108838
9113.0,53.39209876818569,170.52415141681755,0.10980864171877687
9114.0,53.27384398869635,169.46383438189557,0.15619826347494756
9115.0,52.65498975082565,168.6147373176891,0.1845615042626884
9116.0,51.62661116607259,168.6042527319862,0.18851804703822245
9117.0,50.695946760598304,168.6490105685137,0.18388434539006437
9118.0,50.183478915691026,168.1304666404164,0.19199514851970007
9119.0,50.105347990012135,166.949858634519,0.2147386424689801
9120.0,50.0995643038549,165.68015631974413,0.2502717538100224
9121.0,50.00277639622465,164.8148674138695,0.29084861026659237
9122.0,50.06913350126115,164.33820779719542,0.3404842118550625
9123.0,50.18674994893491,163.94041678953496,0.38687348827140244
9124.0,50.048536525470944,163.78119516544947,0.3919640581063089
9125.0,49.689427480681296,163.87445710747377,0.3403018776489201
9126.0,49.90214613513692,163.54422551240037,0.28217413056042245
9127.0,50.230896297415704,162.575666936607,0.24560756486160998
9128.0,50.18315305084692,161.32727741564435,0.23937480941430248
9129.0,49.52979275288835,159.808270122015,0.2457002882330896
9130.0,48.70251036692421,158.1082961092954,0.2806147310632561
9131.0,48.04666211037441,156.995350010849,0.3379534633075226
9132.0,47.24014542225796,156.58648821410625,0.419319305920716
9133.0,46.60538229070971,156.3352743815785,0.5165377538454721
9134.0,23.955188949006754,167.98402595491916,4.455198609761539
9135.0,23.35572773239696,167.95884938086144,4.855337022801384
9136.0,22.57200803148055,168.36582866974365,5.193360780220729
9137.0,21.96325309997968,169.6436548730937,5.2780669771393605
9138.0,21.809718378477267,171.57856956125613,5.118200962545456
9139.0,22.098147919203562,173.36105932222614,4.9615829965624325
9140.0,22.501716862518453,174.33672480384016,4.843679583079932
9141.0,22.867475319265907,175.1024329356292,4.86326645013662
9142.0,23.216312276428337,176.26150384101174,5.084170165429202
9143.0,23.39867575440378,177.21996154399346,5.2858820077232505
9144.0,23.196823425147123,177.6864174294713,5.421790935828604
9145.0,22.90082294591298,177.6785112830505,5.575253492334401
9146.0,22.70033198984117,176.59253261040755,5.677075204090277
9147.0,22.55491868696362,175.30585232431955,5.709029836252065
9148.0,22.44091622909074,174.93079993237905,5.705196994411375
9149.0,22.468463351893746,175.00834968532416,5.541076742022672
9150.0,22.537633575180696,175.8851727369122,5.325017713848
9151.0,22.327583744460856,177.34331731836724,5.163157418357568
9152.0,22.27548313548101,178.4809262589782,5.073291569889924
9153.0,22.47374014145052,178.14356832230615,5.0804125419267026
9154.0,22.645332951225022,177.79481089686067,5.097831937519653
9155.0,22.560160210663685,178.16443943845061,4.956281185153075
9156.0,22.243314111336876,179.1113101666119,4.784384662356376
9157.0,22.122241159709397,179.1980949758252,4.684511132440924
9158.0,22.13590023698743,178.27266935915247,4.571896631396372
9159.0,22.089791414492396,178.44200550120786,4.467276172814376
9160.0,22.033965238389904,179.209371128581,4.315789195529018
9161.0,22.158906019523087,180.3188466353275,4.1626706608537605
9162.0,22.33900243882885,180.28413833665047,4.076183006903046
9163.0,22.557318617504794,179.85472600411285,4.091016987641588
9164.0,22.750125470987903,180.15611938706857,4.135256340077021
9165.0,22.767502644415988,181.85507781385868,4.170499234087201
9166.0,22.774412058319356,183.6088872545498,4.19897260849467
9167.0,23.193805913627042,183.96888788514184,4.285709656643714
9168.0,23.5733889587679,184.72789094500322,4.366232157719609
9169.0,23.790422887874147,185.64034568760508,4.480413852255416
9170.0,23.77510284726456,187.03095004284643,4.532401788716192
9171.0,23.38322416933413,189.4392981261077,4.589703927309925
9172.0,23.19413157233853,191.2520806003735,4.708332301711256
9173.0,13.219814985970329,241.15439723012094,0.8035554777257534
9174.0,12.717189316531588,241.71511316477446,0.7761227298317585
9175.0,12.401358210620687,241.60502765480382,0.7645097988935
9176.0,12.355948678796645,241.8402988620756,0.7190923824469224
9177.0,12.210165126783808,242.48283444846493,0.6812265578602499
9178.0,11.989748414038994,242.8635506931264,0.6647446151824383
9179.0,11.770262043820402,242.16501919376486,0.61093685900025
9180.0,11.653706472631502,240.8100828133315,0.558690755969316
9181.0,11.572201533969581,240.74608097955183,0.5649283852711524
9182.0,11.481259439296517,241.22038601982575,0.5806320671413089
9183.0,11.363898006493132,241.18304065995002,0.5457558324833521
9184.0,11.262009907542913,241.2192217971391,0.5223745153781361
9185.0,11.127810758938278,241.9344283292374,0.507950825970756
9186.0,10.772785178233939,241.99929324122272,0.48399751602049
9187.0,10.272183071208117,241.4700499195897,0.4253237002187715
9188.0,9.888989031781692,241.40339307046045,0.3455015160508129
9189.0,9.626096354544012,241.69458602391273,0.26481401423668893
9190.0,9.306298918767743,242.0198706539079,0.19296307911189686
9191.0,9.005337431103513,243.0643534703224,0.15139609409418006
9192.0,8.959499107320216,245.0783966087028,0.13236691337656958
9193.0,9.076955645185848,248.3884899641633,0.11428770081832958
9194.0,9.143683699848054,251.56638983926467,0.07440967581907688
9195.0,9.268177980720697,253.0640293936266,0.03618945034256249
9196.0,9.433450169076528,253.467673068771,0.012488551969796107
9197.0,9.550090619941967,253.42439171459893,0.0031301831798415973
9198.0,9.521748270718321,253.92277204877843,2.238444268839929e-05
9199.0,9.263965662675798,254.78100019857663,0.0011450995780624004
9200.0,9.019827227959397,255.4734758089675,0.003146116145062501
9201.0,8.800686784003522,255.7757294599598,0.004008519507636909
9202.0,8.60942453727677,256.1181950795047,0.0036773854581024982
9203.0,8.487230481741928,256.70274593638203,0.005690534273496897
9204.0,8.453120014328,256.7132317660836,0.00896433837843611
9205.0,8.502409651723287,255.85949800342783,0.01666360072850491
9206.0,8.598119912830908,254.5377331347472,0.0347686778542321
9207.0,8.718005315340921,254.43713564678797,0.05697091112164003
9208.0,8.811364007857872,255.40677095133674,0.05749967572281001
9209.0,8.714523984428308,256.61310200513805,0.043162804843560026
9210.0,8.530040285265493,257.5715725783322,0.03395898940412251
9211.0,8.57160763726864,257.9275931738555,0.039769911833602505
9212.0,8.824429841661756,258.06129914765364,0.06078843111961004
9213.0,9.097559984169468,258.42844943198645,0.08780439860852496
9214.0,9.304570394185575,258.31537818593335,0.10976388429806896
9215.0,9.375557643946498,257.2248741382971,0.11281927735935607
9216.0,9.234639467916603,256.21658146877024,0.10099092900648998
9217.0,8.908687074968066,255.939715549456,0.09625025368506246
9218.0,8.52274291702664,255.90651189673991,0.1176086735162641
9219.0,8.186776340943752,255.50396211977576,0.14537038160910237
9220.0,7.91741900381954,255.43822021835894,0.17288006010071041
9221.0,7.684147493429663,256.4111358185393,0.18536404579056254
9222.0,7.589645696338946,258.1776061170591,0.2010864335246244
9223.0,7.701391418568851,259.14124564580504,0.22890962759390004
9224.0,7.958473013802964,259.47399416044834,0.26916394061441434
9225.0,8.19628899644747,259.8156154377053,0.29223879145832254
9226.0,8.10847169328111,260.67475165971,0.2588338580264089
9227.0,7.727306887055495,261.9732433675798,0.2052725517596197
9228.0,7.459649322949939,262.5976778646908,0.19624736976338553
9229.0,7.5742623601033285,263.58684906345684,0.23279814407056013
9230.0,7.8394680090249995,265.2735004737504,0.25932615164537753
9231.0,7.954732705840147,266.838277805225,0.27609683025368903
9232.0,7.810032347985121,266.9693854010927,0.26313968799624504
9233.0,7.620968179434212,266.1255598389697,0.24601584128002568
9234.0,7.536475692517493,264.80888380225537,0.22146377645638451
9235.0,7.367385132702564,263.84412079348056,0.18662126976998564
9236.0,7.088170567088185,263.5242073579837,0.13686764911143842
9237.0,6.809722810625592,264.01194152026477,0.09799059192956007
9238.0,6.656390660403278,265.61686791115767,0.10141347875032895
9239.0,6.457031713582381,267.3136606090729,0.14799434390210892
9240.0,6.175367192518535,268.1099201340563,0.22335155396870573
9241.0,5.9167652779272375,268.080786228806,0.2900058152387344
9242.0,5.705678585117815,267.917506055958,0.3518641970332165
9243.0,5.481170569276201,268.14640507864874,0.36844346418079355
9244.0,5.2538808869890845,268.73324335804415,0.3588014193001226
9245.0,5.047163797396996,268.99618880122677,0.33469193927843555
9246.0,4.875036578652252,269.18042276667654,0.3339411336769601
9247.0,4.79089433791677,269.30854166851725,0.3806018105528356
9248.0,4.66738130599129,269.48207781750835,0.45534324457238773
9249.0,4.5098409458827335,270.62097827143947,0.5127671578648645
9250.0,4.364075044219398,272.5452072317206,0.5151583730917156
9251.0,4.305454229193321,274.081898265561,0.4990308835525924
9252.0,4.332159563594405,274.70881737377977,0.532153048529004
9253.0,4.290524834134406,274.8557049014162,0.6606111495884122
9254.0,4.209341459123923,275.32705198418364,0.7910835013265625
9255.0,4.184648205527212,275.51305653545256,0.8795973045348802
9256.0,4.311106528035385,274.60169226627744,0.9200573117265923
9257.0,4.5442569754771664,273.69398520532457,0.9476898476505771
9258.0,4.802600938854712,273.3621239651423,0.9718313719554065
9259.0,5.0187267832522515,273.4693404222051,1.0143407690244195
9260.0,5.2148697908479225,273.6494570030328,1.08379136963006
9261.0,5.207524958440047,273.3035132757542,1.1047565534760002
9262.0,5.042689044445561,273.4027556373061,1.0926642991381055
9263.0,4.837438263061647,273.9873412068665,1.0908798549697638
9264.0,4.585048004907152,273.9694531440321,1.1188849465460167
9265.0,4.518587183127799,273.89393544195156,1.1748898720321568
9266.0,4.46372439390784,274.0840080922186,1.2231401780366224
9267.0,4.289781455875139,274.0619089549215,1.225824678167909
9268.0,4.130788248896764,274.1220423220681,1.24137523456804
9269.0,4.0370169669963865,273.7198545373676,1.3147981500963906
9270.0,3.985250861192676,272.9747534884626,1.4506553586354025
9271.0,4.076449634581802,272.06559621625036,1.5532167297709458
9272.0,4.220798947528057,271.5346595898928,1.5897529354014026
9273.0,4.366751134548199,271.1534863780907,1.5484557760663369
9274.0,4.539604991872617,270.6448225696963,1.4776908724175484
9275.0,4.807655128101366,270.76424740312336,1.4462711969352258
9276.0,5.124530468505055,272.2214151603544,1.476987559551613
9277.0,5.209980588808477,274.37151510499837,1.5926818097444004
9278.0,5.086196134023316,276.09972750675126,1.73396408352049
9279.0,4.889973425326265,277.1107687812527,1.8248927418365284
9280.0,4.746028688859241,277.132996825344,1.8041691545364495
9281.0,4.698631001877457,276.775042788957,1.7402968454336725
9282.0,4.686676967919965,276.02322760867236,1.6662972336138495
9283.0,4.599725650748411,275.0084832693749,1.5950287595624706
9284.0,4.427602552215348,273.8006915452067,1.5629524077429027
9285.0,4.2098263642961,273.0548405810027,1.5627135322948682
9286.0,4.032516334765518,273.6391912456211,1.5407952038227986
9287.0,3.914986609628899,274.8047669930297,1.4695478077158648
9288.0,3.8144118803377633,276.1311769795908,1.3886621950446143
9289.0,3.6799900656332003,276.9484584747569,1.3139676964264901
9290.0,3.614738519936767,277.6435794344145,1.2085959715290244
9291.0,3.670515094806147,277.51281110564673,1.0863713625139602
9292.0,3.8316953388525903,276.32066344782606,1.0050902412047722
9293.0,4.002498990187622,274.7034947153277,0.9654897897235601
9294.0,4.127219537349285,272.8729038616208,0.9382434376043091
9295.0,4.279436735532002,271.39425849474696,0.9236258672967936
9296.0,4.321092179367217,271.07818361177254,0.8867804516098441
9297.0,4.1907979016499475,272.5568309724162,0.83170606123264
9298.0,3.97633307166876,274.72003500305465,0.7784614071811602
9299.0,3.819550331601662,277.2429319244559,0.700466169953645
9300.0,3.812547451410686,279.21362025473246,0.64188089992009
9301.0,3.9633037915191367,280.4668659859679,0.5948989696533636
9302.0,4.317613927633873,280.51216381792705,0.5491864493623225
9303.0,4.770859819208039,280.695977861778,0.5035775044608026
9304.0,5.059066272443713,281.7616461202125,0.42717994038720175
9305.0,5.144715770887631,284.22034621724526,0.34669360081602496
9306.0,5.211118770156252,287.2678806679516,0.29769847813095035
9307.0,5.352081949044027,289.79294274357653,0.2799316991079185
9308.0,5.534052995866243,291.7168076092543,0.2795239014800401
9309.0,5.647292073914115,293.1081571086272,0.2532338808877802
9310.0,5.651029015578278,294.56546113215757,0.2070470680880626
9311.0,5.6513356771595165,296.4210450848322,0.18178967142400007
9312.0,5.75870364094861,297.702839083092,0.18477508890337288
9313.0,6.03003319216651,298.44927045186233,0.19973915788429686
9314.0,6.431303963042464,300.4910440290063,0.19777655437497765
9315.0,6.818271541571281,304.22078782205386,0.1739713922774885
9316.0,7.142660070457804,308.3060240688663,0.13420720830272037
9317.0,7.303315130450333,311.36379906216337,0.10143755536431687
9318.0,7.27364928453675,312.582272350413,0.08579998809732253
9319.0,7.134408632944707,312.28561762111144,0.08343578986445156
9320.0,6.964185778296387,310.55213194821283,0.08700243986229764
9321.0,6.882398449336806,308.185168521996,0.09391208669162408
9322.0,6.917107771560253,306.1718888313329,0.10153111821467045
9323.0,6.9722838711282265,305.2359031967632,0.11798920660962488
9324.0,7.010773084803602,304.25571697938784,0.15423578467624965
9325.0,6.914757662709582,302.6991914456165,0.18828657507840013
9326.0,6.764381241654609,300.6756880872065,0.21426002365328997
9327.0,6.7132698587046225,298.57720956636524,0.23051885372396405
9328.0,6.649040985473436,297.295938204457,0.24035458324928421
9329.0,6.462435003738719,297.14235319757535,0.2266805607004324
9330.0,6.23157000665524,297.9746160636904,0.19346895498312366
9331.0,6.110947598054948,297.96202706289915,0.1658729744980037
9332.0,6.032307991495034,296.79038196072344,0.18658475054388493
9333.0,5.978216787338209,295.1957714723994,0.23862784375034013
9334.0,5.709987339781681,293.8764980091065,0.2902406798520099
9335.0,5.186286266136126,293.77960034280005,0.30597981236553645
9336.0,4.627186510249954,294.8410242280668,0.3046833997081956
9337.0,4.193263434786485,295.87740636635175,0.3396787793953025
9338.0,3.95622896365658,295.69956215872566,0.39065738817132806
9339.0,3.7872420009357395,294.3766633475388,0.43696417758667566
9340.0,3.584508666147216,293.7484845251375,0.4486730594895843
9341.0,3.3678000768517555,293.521802420484,0.44984180326410084
9342.0,3.1532083318290027,292.337463904938,0.46486482155520165
9343.0,2.9859110097260553,290.615549797755,0.5083209877136688
9344.0,2.9252842606821368,289.5145669039793,0.5399952340359424
9345.0,2.8616898724090016,289.3422667378564,0.5628447978218291
9346.0,2.7324848401662454,289.82662773771483,0.6008671964109377
9347.0,2.686675035664001,290.03272200587145,0.664166435390965
9348.0,2.7140601021938218,289.1899341164697,0.7341690619199555
9349.0,2.758813667223938,287.7108755945808,0.7350860433391282
9350.0,2.8029598372339772,286.99229402805656,0.65985405084228
9351.0,2.8408473474881952,286.81871353272896,0.5815879679467227
9352.0,2.876693913272525,286.8641762340858,0.5667243264399024
9353.0,2.8547000066030623,287.5616632376591,0.587815748835445
9354.0,2.7205361612749446,288.68126041338024,0.6344780585365162
9355.0,2.51652843626758,289.57176471894894,0.7004850514150227
9356.0,2.3064273044163177,289.59601043457815,0.782312070083765
9357.0,2.0823485393295615,288.8759544536685,0.8402103185762169
9358.0,1.8532572412940893,287.90569319194464,0.8677635484745931
9359.0,1.6718456899216383,287.1361235710595,0.871477756793873
9360.0,1.5488681129460897,286.59707351160455,0.8428249279417009
9361.0,1.4592766115472495,285.7449959099624,0.787421772203052
9362.0,1.4202534040128223,284.3399058045708,0.7475747651308835
9363.0,1.442718009356082,283.3635026839351,0.7422096976437648
9364.0,1.5032977915812027,282.76552597057025,0.7553691919872486
9365.0,1.5895030187344035,281.7931511814628,0.7221893753939076
9366.0,1.736394879844158,279.9047299079976,0.6006668662295402
9367.0,1.8857505534052703,278.07445072663774,0.457417953924776
9368.0,1.9404389146931058,277.9503610203761,0.3833892221338624
9369.0,1.9156966851603034,280.00729570014744,0.3996178958454245
9370.0,1.881105760032128,283.18681955155887,0.4492701440698688
9371.0,1.8745656982448409,285.97798311809595,0.5104220559293584
9372.0,1.8347532276081975,287.3356076937476,0.5707425511725026
9373.0,1.7510596368312106,287.1490823064865,0.6022691701636009
9374.0,1.6849531435005023,286.6067601306173,0.6210394777499364
9375.0,1.6596912271632007,286.51093924702144,0.6155287133987043
9376.0,1.638319975377188,286.7159455951464,0.559519064821405
9377.0,1.6395297178750887,286.66954547118956,0.4715445294809999
9378.0,1.6254945701163235,286.256012148022,0.38800574300714485
9379.0,1.5758246368677322,285.73582151017735,0.33139558047130246
9380.0,1.4603671123922513,285.06058892983356,0.31108946874060245
9381.0,1.3171246462134594,284.4379308903001,0.29255795707451304
9382.0,1.2105115320515996,284.43919072869,0.26480142724996
9383.0,1.1481131714901858,285.23607814520904,0.24507234408675233
9384.0,1.113538401090024,285.7548053815716,0.2471794208648163
9385.0,1.1086248590057541,285.32222969527794,0.24097318845603993
9386.0,1.1453956134246646,284.46009298469045,0.2273433990052682
9387.0,1.1765580798824649,283.8333556703528,0.21173047610723994
9388.0,1.2163233618276597,283.2771501959574,0.19939461363333752
9389.0,1.2789168513710434,282.71221821704717,0.192836008813141
9390.0,1.3436189624747246,282.29434557582107,0.1968184992221361
9391.0,1.3771112624947466,282.22673554785126,0.22042978050024997
9392.0,1.4061511428587543,282.9448709324497,0.2532010617151744
9393.0,1.4912417835520924,283.2780755562556,0.2902488795312002
9394.0,1.6628967249942608,283.0306926210779,0.325482196379621
9395.0,1.872982667929985,282.93207637810804,0.3660845465216241
9396.0,2.017088531567457,283.5767469442954,0.3882241753139045
9397.0,2.0872304123085006,283.8711293698564,0.36935268445184494
9398.0,2.1738038152815498,284.0176400358209,0.3270035131376841
9399.0,2.311053950268009,283.48970599197145,0.2813106986090362
9400.0,2.4194865786966133,282.3321266205899,0.2467179531245521
9401.0,2.542900170862022,281.5984578093352,0.2476363832507929
9402.0,2.7008255494036986,280.803076525246,0.28409839153761623
9403.0,2.8806123139926907,279.76151733228613,0.34321070836193446
9404.0,3.0880157770800105,279.08054814030055,0.371881493487557
9405.0,3.3301754811683852,279.56014289551655,0.3495881747464325
9406.0,3.561981764926542,281.2408530610259,0.2938708487540737
9407.0,3.720912491129557,283.97819332888844,0.23141708799888994
9408.0,3.8044752554510883,286.64903523885533,0.1761088334494329
9409.0,3.877176687259755,288.72922285556285,0.13067598889499554
9410.0,3.9866867361605896,290.40741146121985,0.10475079187615288
9411.0,4.100413552225882,292.55755091095676,0.09961294815873606
9412.0,4.195074943583005,295.3128775098057,0.09994783174337292
9413.0,4.275035261818906,298.1973691730209,0.09627849400581762
9414.0,4.365397421156225,299.81031619229293,0.0857313656646561
9415.0,4.43669979075625,300.06495764895624,0.06450312792211561
9416.0,4.493886593062787,299.40369566975875,0.04108067413834241
9417.0,4.470133192934105,299.09015159492026,0.020668294716678418
9418.0,4.3658153436152904,298.6744665653847,0.0059361477529600104
9419.0,4.285861320512198,298.10436299454295,5.4992161548899784e-05
9420.0,4.335418000015557,297.58110338075824,0.002898900661273602
9421.0,4.438944598528091,296.7347800573938,0.012978089934816386
9422.0,4.45115253381372,295.9735190536177,0.03345775820974441
9423.0,4.43701857111285,295.1538991287036,0.0668373213997225
9424.0,4.484386379063522,294.33884036940174,0.11505204049396837
9425.0,4.59898636047207,293.36126941449515,0.15752175941581206
9426.0,4.645702689692208,291.9968762988809,0.17943999298881638
9427.0,4.562718488472326,289.9810995307792,0.1922062742264896
9428.0,4.477031286552131,287.57416963550304,0.21936706591430438
9429.0,4.385402654706092,285.73511358273345,0.26322536119730494
9430.0,4.1090828812795435,285.107125110638,0.3172184130045315
9431.0,3.6704983119018926,285.546502117664,0.38340954403253286
9432.0,3.2461593204762127,285.5132891502395,0.4677059834675089
9433.0,2.9353159885314315,283.7009748260746,0.537864867081144
9434.0,2.791624568705493,280.3769892505361,0.5578599535740528
9435.0,2.7471469334097653,276.7741707013041,0.5586911595957316
9436.0,2.739864149262249,274.3158368315456,0.5776531860243
9437.0,2.772739708688795,273.69050342945167,0.6160089241447696
9438.0,2.8226147080832114,274.4883224456126,0.6180231591573601
9439.0,2.858386926211663,275.0614680611207,0.5826742308276199
9440.0,2.8418181328224916,275.4788777872787,0.53749689890724
9441.0,2.758099663417509,276.4293719178776,0.5265137468645288
9442.0,2.656578019555512,278.1150595432022,0.5344333568292601
9443.0,2.610899673152181,280.13040427144125,0.5690621326546849
9444.0,2.612886258819701,282.3016025770255,0.6631627628257635
9445.0,2.6605891221039384,283.2049595840519,0.8021421881636881
9446.0,2.702342210584852,283.0221941175018,0.8947232723374969
9447.0,2.665007699671117,281.9900129154942,0.9222768282210025
9448.0,2.5511385617665616,280.891244308752,0.9228794709691455
9449.0,2.4643376580768095,279.78428398790254,0.9699201073568483
9450.0,2.3586343375971612,278.51521433838,1.1016123407429284
9451.0,2.1973638349666085,277.93644820776126,1.2382400030670289
9452.0,2.0787857982002502,278.87940628860315,1.3278059833655298
9453.0,2.0629365764440237,280.8967217766865,1.3934169916317225
9454.0,2.0699499404718447,283.1472848628063,1.4198650174131922
9455.0,2.0333978844702134,285.99608109379614,1.3910775105714601
9456.0,2.0445767755735207,288.2612019293554,1.3410319059796625
9457.0,2.1135552293911233,289.46239134526445,1.331346907137605
9458.0,2.1579857967912353,289.5857013122925,1.4347885157544966
9459.0,2.1418230006899868,289.8502848405998,1.5535804906858683
9460.0,2.12567503377086,291.2562422519841,1.6513234067661244
9461.0,2.099027930629018,293.4167095589217,1.756576929503089
9462.0,2.0362564805056693,295.27967422409006,1.8963519979361407
9463.0,1.93107984689634,295.6665926582347,2.0495631111680206
9464.0,1.7936523024563027,293.9405076652772,2.1530430664760196
9465.0,1.6966458808729612,291.701478079487,2.324608149675565
9466.0,1.677608992232212,290.7649871745798,2.57289780465025
9467.0,1.7183681755690843,290.98120537083634,2.761358856481016
9468.0,1.7512473618098205,292.39687487128714,2.7954716427289603
9469.0,1.7845193747497212,293.7679843368194,2.7059491989308415
9470.0,1.7957346457240577,294.96392529686136,2.6357853045636324
9471.0,1.824697598075142,296.23534051638956,2.599010598223878
9472.0,1.8646989453840415,297.59865640826206,2.553633690926304
9473.0,1.8758507814736798,298.3959773448871,2.501378310259637
9474.0,1.8761572868897882,298.8004169667282,2.494441342338002
9475.0,1.8692266797712234,299.6610037220357,2.530416938010265
9476.0,1.8666217111653236,300.80197401756675,2.6184526272832227
9477.0,1.9331592695457598,301.94944119695475,2.7698713229924414
9478.0,2.064509674125629,302.2819543767332,2.9453612839061405
9479.0,2.1746691280148838,301.873943492948,3.1376275405182015
9480.0,2.2532496625208105,301.28745981371947,3.32572339472356
9481.0,2.3193401518439996,301.4325874540137,3.469902125715329
9482.0,2.381472721444411,301.90343989349134,3.515666662623432
9483.0,2.4212133960585165,302.06172522392137,3.4928549018859725
9484.0,2.4326879534685224,301.31976844408615,3.4648268243045206
9485.0,2.376840308364213,300.5581523921626,3.4766535793273956
9486.0,2.2884865970837813,301.28288331730494,3.5453374526142225
9487.0,2.186831073342564,303.56946110305154,3.625311695671517
9488.0,2.0931690986784774,305.7969743605446,3.7479509950025025
9489.0,2.02874529020409,306.6157117645288,3.963029702251841
9490.0,1.9846890950452039,306.3798952707789,4.20572329982744
9491.0,1.9466388763044002,306.0604472898806,4.446164777023886
9492.0,1.8586336787504663,306.0511206486486,4.566605777398475
9493.0,1.7084607144193806,305.70803329029025,4.5250483786435325
9494.0,1.578960047468233,305.05745356855385,4.270431673245198
9495.0,1.5525362600260966,304.1590461875797,3.992333956537805
9496.0,1.6080554944120389,303.32384932299675,3.907077146970528
9497.0,1.731107961112377,302.92184266677896,4.101970479850196
9498.0,1.8469455530640637,303.5335671435618,4.414649070629956
9499.0,1.9162118215853812,303.9940163365287,4.558497301966613
9500.0,1.9784631329253906,303.6412323871411,4.41811397079962
9501.0,2.022904264328793,303.5326915036796,4.163400086613322
9502.0,2.0168034705810434,303.5618785542426,3.930691340232294
9503.0,1.877127125470752,303.5699771797833,3.6846463270114276
9504.0,1.8153050811294558,303.1865207562392,3.4523934668130627
9505.0,1.9105636984352168,303.4948380987385,3.31375094171521
9506.0,2.139686038309566,304.18958362101915,3.2734966152068763
9507.0,2.4004201643215253,304.46983273118957,3.3185584273853883
9508.0,2.5465064039861836,304.6965096298091,3.45877182876857
9509.0,2.569310241544377,305.2049904395054,3.6440400500028716
9510.0,2.546892054220222,305.9993942389443,3.6690170077649085
9511.0,2.5514376355768804,306.7190552148727,3.402853931636412
9512.0,2.489327217148837,307.48855959339994,2.9692886567737604
9513.0,2.3949390132369035,307.84254374808506,2.552210382631932
9514.0,2.2465190074102077,308.20780391474153,2.2408249925373314
9515.0,2.1314114597692844,308.6536567618972,2.0534020751399087
9516.0,2.072382629926018,309.11251192947344,2.0242447371162022
9517.0,2.005080128712591,309.0796872582546,2.065525558856449
9518.0,1.8821259082072848,309.20193628261705,2.0915862747080625
9519.0,1.7775583889911244,309.3986169518626,2.0359059735521323
9520.0,1.7066706917114447,309.5015824307679,1.871818497267872
9521.0,1.6151080405783806,309.5582347861424,1.6403909788907
9522.0,1.5212074030794183,309.59608261900223,1.3868367232897025
9523.0,1.410446394923066,310.28045929968937,1.2072838220155022
9524.0,1.33928662919127,311.15426785366844,1.1132496630358608
9525.0,1.302094763714069,311.68923679174543,1.0794178921021442
9526.0,1.3116792888130617,311.2463563728003,1.0216498272123027
9527.0,1.3258251044181446,309.47033197550104,0.9132825570009122
9528.0,1.3518582677913609,306.66680131854883,0.80743020146944
9529.0,1.4053428906971295,303.6198996587162,0.7482368851471969
9530.0,1.4478676933735881,301.8816765938114,0.6723619525382399
9531.0,1.4522849301316227,300.01622137083984,0.532097171199008
9532.0,1.4634769163062498,298.10068782917483,0.40582829412597154
9533.0,1.5439230223580604,297.3743436384249,0.34023518022211235
9534.0,1.6537345040516884,297.9877363191872,0.3407358446091889
9535.0,1.7269039627711529,298.7697976064049,0.3578842059083776
9536.0,1.7295537656250002,298.97933529179795,0.35053781444627563
9537.0,1.7004956231720818,298.9406592999003,0.3117028651086735
9538.0,1.67873268480509,298.5609101432127,0.26988089418038436
9539.0,1.6716491340337443,298.09614975808694,0.22703108436328406
9540.0,1.697656969363556,298.1997035188469,0.1880330255700625
9541.0,1.8128103824578603,298.53700593369433,0.1616148300614409
9542.0,1.9953038024779735,298.85790415280144,0.1596726156411136
9543.0,2.132846905494843,299.77513585076304,0.16694278906286888
9544.0,2.140662721956145,301.1678720297994,0.18565088720261758
9545.0,2.10265776295936,302.3109894287166,0.2045237581835809
9546.0,2.0795797864780328,303.3799320630933,0.21236730273889287
9547.0,2.080943434011004,304.3499115415928,0.2131332149320609
9548.0,2.122998898806073,305.1258842373244,0.2133598503755664
9549.0,2.1888213021582352,305.2740711909292,0.21385427740731605
9550.0,2.288396164319378,305.410086672196,0.20038671749306247
9551.0,2.384112297179268,305.8117266152065,0.1598674754531761
9552.0,2.4085002577486088,306.17563441503006,0.1040633532357904
9553.0,2.36926140919468,306.7490077069625,0.06778208084400637
9554.0,2.2580945771758927,307.47570912051646,0.050624649000608375
9555.0,2.110778410877313,308.4823918126956,0.044631594616848076
9556.0,1.9191697694014613,309.1291562986645,0.03906585059968888
9557.0,1.7546952646237925,309.57086865447883,0.038192068006968075
9558.0,1.6379738901089322,309.43811243396254,0.0555826125681225
9559.0,1.5264201706430884,308.9643966441657,0.07765022523240998
9560.0,1.4359664125857865,308.40199128801555,0.0699471525730576
9561.0,1.4573252728393982,307.32092098848676,0.03799935792437757
9562.0,1.6231672706430722,305.5990061216785,0.010139289691521586
9563.0,1.838528890392378,304.2269842722903,0.0005316372387075986
9564.0,1.9716615143698233,304.7342811369984,1.0679362281000256e-06
9565.0,1.9408597059897084,306.56307447188334,0.00015082197852160019
9566.0,1.8212622332314201,308.67648047630894,0.0006512004770768994
9567.0,1.7331905493983024,310.31525404459586,0.0001358432208323997
9568.0,1.7541785570504833,310.8785541093474,0.0008202599104324009
9569.0,1.8756397294276008,310.3119641326334,0.006316423449364896
9570.0,2.0374413556660897,309.84317931124923,0.014499832432562493
9571.0,2.2063995834648864,309.102110393252,0.023902792603878422
9572.0,2.324428151024851,307.826469174651,0.0321298239942436
9573.0,2.330697747708044,306.09057860248924,0.038429042946892915
9574.0,2.2025921388255627,304.90920081621937,0.04067345098755999
9575.0,2.018541530704901,305.30073244136327,0.04746060495570249
9576.0,1.8435444238078589,306.9162695360124,0.07247446560507244
9577.0,1.6864500322018892,308.8915061298274,0.11373450703552093
9578.0,1.5443829480972022,310.3550299598849,0.1567790395380889
9579.0,1.3988428963290733,311.094353367961,0.19959345218296895
9580.0,1.2667941223698607,311.4151891239985,0.23278895752112644
9581.0,1.200634510869397,312.2391048617824,0.2360314593458761
9582.0,1.2013133925340251,313.74169181555555,0.23699560126536362
9583.0,1.2179329600000004,315.53633535123885,0.25136466725109613
9584.0,1.2389033650033305,317.17634011274754,0.26273518092900006
9585.0,1.2349912017104967,318.54498502106486,0.2627254523076001
9586.0,1.2048387715461917,319.27503419743806,0.2630189894032129
9587.0,1.1392785034260102,319.25882180813255,0.2804266445855625
9588.0,1.083125780914225,318.9281945616391,0.3058399909051204
9589.0,1.0879617929435652,318.95413036244037,0.31696952922022087
9590.0,1.115562200075169,319.4329556130263,0.3242215415607025
9591.0,1.1234543819183171,320.04799533156074,0.33561561337402807
9592.0,1.1162939721374603,321.7544788152547,0.3443309304559524
9593.0,1.1255348022000633,324.8688145376651,0.3401739251473761
9594.0,1.122269627632398,328.43206645149314,0.32626509889443994
9595.0,1.0857637290800164,330.730093339151,0.3297876638288165
9596.0,1.0179159746479685,331.6935761353819,0.3632187346352162
9597.0,0.9544763404263021,332.7944869887425,0.41688982638040367
9598.0,0.9340507690275203,334.5313992130162,0.4670926803184042
9599.0,0.9822970498809996,336.6164860826854,0.5048631694268177
9600.0,1.0959442087521316,338.21556641485677,0.561000355860185
9601.0,1.2581938626516094,339.5837114871076,0.6376135727802681
9602.0,1.4175042861702123,341.04166347512705,0.7037327577665963
9603.0,1.5340317158209162,341.8211945069535,0.7436952112195225
9604.0,1.6006123411365483,340.69778024304014,0.7973406827784225
9605.0,1.6357374793778205,338.5661975163619,0.9073734684359411
9606.0,1.6784637944691612,337.5669423303458,1.0423937078163859
9607.0,1.7451603147594248,338.35394731323197,1.1634365287171224
9608.0,1.8454398714793019,339.1797451166222,1.2370806204463876
9609.0,1.991864534583176,338.91210668527725,1.3092010544264976
9610.0,2.185579512674714,338.65686231910814,1.4020614078438274
9611.0,2.4103510155314716,338.47314174762977,1.4595982002524224
9612.0,2.6290712731980324,338.47208793165544,1.4809735819686565
9613.0,2.827901923521424,338.7299453213063,1.5093079270963234
9614.0,2.985235650093904,339.7465756113265,1.5774277597767483
9615.0,3.0607409426670773,341.61491239475623,1.6749451500587582
9616.0,3.0502017864696382,343.8945239777486,1.7622336560224199
9617.0,2.9521641958714167,346.33188114643457,1.8167079791796101
9618.0,2.8703181804577964,348.2188309678689,1.8561985018125375
9619.0,2.974936005888079,348.7046945320413,1.8740278260458498
9620.0,3.2724673963341373,348.30824497418797,1.8417297468598335
9621.0,3.592339492270242,348.45724591313143,1.7888723846602756
9622.0,3.78072795369655,349.4181387771524,1.745830651011323
9623.0,3.781367419212347,351.01731864740935,1.757597233080641
9624.0,3.714586705218215,352.73308429364334,1.8293120275251842
9625.0,3.5588181092890006,354.53151100791143,1.9309030896249724
9626.0,3.3289937227911195,356.2593996746954,1.9942679428976704
9627.0,3.135395028359808,357.9686582947618,2.074830921819475
9628.0,3.0572749805422514,359.2057201073085,2.1886473499363728
9629.0,3.055657581209844,360.0128202024145,2.264789774607423
9630.0,3.030983504784001,360.64475172007883,2.2530077244850175
9631.0,3.027566835690822,361.3584262635798,2.1482070163816904
9632.0,3.0376724190904825,362.4568943051526,2.0411041979059523
9633.0,2.977197993826575,363.49498936934555,1.9478200533576977
9634.0,2.8054513721863503,363.5495692085018,1.9120977025661638
9635.0,2.6787346140570425,363.2379851339713,1.8762316365116023
9636.0,2.7170078436579175,363.7970018749776,1.7881421643573492
9637.0,2.8518424836268075,364.7868935678919,1.6119451013760002
9638.0,2.916128666243114,365.82824866776014,1.4221492188194402
9639.0,2.892047026355842,367.1977393231547,1.2573655170200722
9640.0,2.8776832550670752,368.32095891475933,1.1585858961466386
9641.0,2.8355023036692,368.4435675505815,1.1075086105915226
9642.0,2.7790193609288107,367.17213343192105,1.0999266933212102
9643.0,2.738391237864592,364.96777235858724,1.125813160346165
9644.0,2.6888916978387227,362.7375194658759,1.1548804029791047
9645.0,2.6037414274876918,361.652059541499,1.1389695207925226
9646.0,2.52436167119952,361.6349439271169,1.0945337285841157
9647.0,2.4800727412406087,361.66046821417984,1.0606944425580442
9648.0,2.4526479737299685,361.8374339593035,1.056975689571833
9649.0,2.4160426570572517,362.1233537913395,1.0794653934360976
9650.0,2.4103315157875786,362.9838347217306,1.129443025041605
9651.0,2.3978638637640626,364.79669697127804,1.198885435361513
9652.0,2.322928057340249,366.9776395965942,1.32618027983298
9653.0,2.284244506243194,368.59145900602465,1.5350730510744226
9654.0,2.3238853919360207,369.78778291470235,1.7487372109469579
9655.0,2.369145105607563,371.51708391108895,1.8464751161824353
9656.0,2.3163493353971774,374.28765502699474,1.810084611617823
9657.0,2.1820282545609997,377.21630393786614,1.7817455269525677
9658.0,2.0220643195678862,379.3409196949817,1.8361095258728162
9659.0,1.8231621001230396,380.3763256401493,1.936705169845802
9660.0,1.6097045624501691,380.5449416308381,1.9842519715983449
9661.0,1.4089750774465533,379.6027267068386,1.9939258132647841
9662.0,1.2381354056170097,378.5137339166016,2.049490671353893
9663.0,1.0889159375788229,378.4295533979722,2.1767018537177005
9664.0,0.9799065437472438,379.9967196408707,2.2879326828503044
9665.0,0.9399532466806594,382.44045622488636,2.3514915362764652
9666.0,0.9300678229120573,384.5233703178149,2.384158804405622
9667.0,0.8785278782313124,385.30950878478524,2.410619672898361
9668.0,0.8130971188922405,384.989738446103,2.4121078996402128
9669.0,0.7846839818112102,384.73738857340305,2.3872008551387482
9670.0,0.7604124797866691,384.8533368017591,2.373286568945301
9671.0,0.7004635084915203,386.44086651601253,2.4092726553185764
9672.0,0.6299422128472196,389.2407387913065,2.4801074190010626
9673.0,0.6220793172720028,392.7502440535195,2.504263934128757
9674.0,0.6757623717524287,396.0849143066016,2.42580562700004
9675.0,0.729246281106273,398.0902660849323,2.3267826190202503
9676.0,0.7401253640630516,397.9653116747358,2.2671024062138
9677.0,0.7275213824778498,395.9040690369663,2.278309853906695
9678.0,0.7207562753737963,393.3737857709862,2.334574852044033
9679.0,0.752378960792796,391.26601270581193,2.392750119918823
9680.0,0.8092835784836108,390.0967926786845,2.4116638588036934
9681.0,0.8834505651186607,389.61474359974613,2.3995038856829045
9682.0,0.9670683025216158,389.63471069562223,2.384069372585376
9683.0,1.0839060550634476,389.84621929898555,2.3189021755536396
9684.0,1.2342837151215695,390.1819318607057,2.247809573367302
9685.0,1.3865673158223646,390.67765385332007,2.197953524017109
9686.0,1.5122285437180811,391.1345973214687,2.1648529603478455
9687.0,1.5925560398145224,391.0604275289296,2.1329371316266226
9688.0,1.628933496164304,390.4451568319369,2.121662235429582
9689.0,1.6216313508024112,389.4531019181085,2.1155446508774403
9690.0,1.6133977005885645,387.91284196819953,2.088760396339713
9691.0,1.6313674858650002,387.0018317738581,2.0104935816015628
9692.0,1.741466805783462,388.4773450181643,1.89035418969831
9693.0,1.9114200867449704,391.44337200819837,1.7329157263026054
9694.0,2.0446151539201605,394.3785309863353,1.558896105488912
9695.0,2.09729250849024,396.7623110935407,1.3962474953948891
9696.0,2.0948535169543736,398.5512238263552,1.2703872088217023
9697.0,2.02431152200032,399.72981843921235,1.1658867972632645
9698.0,1.9277220645989772,399.26031747294036,1.0664353144406025
9699.0,1.8869900663211046,398.0107254274978,0.9622195057612946
9700.0,1.8349623730973088,396.3863155736965,0.8735626593001478
9701.0,1.7632921442358127,394.1726378643641,0.8156670436318367
9702.0,1.7067809010630632,391.64803703249436,0.7676387524080016
9703.0,1.7040428954532048,390.5583742022291,0.7154047227723203
9704.0,1.7673601154757412,391.4061443859273,0.6539541558274623
9705.0,1.8839945784377137,392.8011936333784,0.5692802999843558
9706.0,1.9591972102198287,393.6177465735724,0.4962680620119617
9707.0,1.9508638833942247,392.43128103419383,0.44219415783777605
9708.0,1.9004141637360095,389.9775314377476,0.4008728696088485
9709.0,1.8196472172490006,387.1213836548762,0.3535920438523236
9710.0,1.7161659460335297,385.71772496179744,0.2993861010386597
9711.0,1.5949425521371232,386.2518498821418,0.24526621343608818
9712.0,1.5088560305921013,388.330322427044,0.21040060763469162
9713.0,1.4666725242337542,390.9105241611524,0.20809621452940968
9714.0,1.4028042127681288,393.45903066858705,0.22440932146033205
9715.0,1.3125209109743023,395.3426594651664,0.25754373520202883
9716.0,1.2364299781486128,396.29039046627315,0.29443445670942253
9717.0,1.190765693352853,396.9156053669877,0.321162864974029
9718.0,1.169641190130241,397.9578080676912,0.34444759561569654
9719.0,1.149705865953824,399.11659549155115,0.35688625818417646
9720.0,1.1312625307402286,399.9704809446292,0.34193211809014434
9721.0,1.0887706647742286,401.0882788139885,0.30857390622260406
9722.0,1.0154948016584648,402.8358332806552,0.26470570183953634
9723.0,0.9670740258966082,403.6468091346818,0.21046783008935283
9724.0,0.9484605439545722,402.50301988923803,0.1689821869998249
9725.0,0.8784272902700306,400.0557527425948,0.14307335753515213
9726.0,0.7609795704944459,398.41314215319613,0.11271314226372842
9727.0,0.666826479438914,398.35398205253887,0.07754414855625005
9728.0,0.6465013232953639,398.7607808796404,0.056170417268940113
9729.0,0.6928062727950224,398.0537887132274,0.058508551570868136
9730.0,0.7818496770885696,396.6371430720963,0.07525967027820162
9731.0,0.882334668119425,396.0562091479211,0.09484755351289001
9732.0,0.9557188289722129,396.72107288516423,0.12077383414009002
9733.0,0.9931210707811611,398.64238311130435,0.1612420892911521
9734.0,1.0188446736362904,399.9735900359433,0.20719461322632246
9735.0,1.0527226629971078,399.45519163653756,0.24261282184820487
9736.0,1.091384091064891,397.7146998807017,0.24236508932869225
9737.0,1.1638088790240677,397.1998999773353,0.22442720943150007
9738.0,1.267005211087827,397.4610980013455,0.20152952553616
9739.0,1.3650050599231773,396.4469501402345,0.17831589692360886
9740.0,1.4716647199971722,393.732654791563,0.16717316408442248
9741.0,1.5840747906761092,391.5733776910116,0.17204832173492637
9742.0,1.7321415574500811,391.97687142953737,0.20275766191044006
9743.0,1.8880120284502497,393.5332906861092,0.23527129067719846
9744.0,1.9703017089214099,393.6690222278487,0.25718128317459366
9745.0,1.9597351569472696,392.0667011506266,0.29258901558840034
9746.0,1.9345458391554313,390.39230185826057,0.355131694842733
9747.0,2.013411638829916,390.0591515921859,0.41609448230089957
9748.0,2.2038445225134153,390.4849170969713,0.4192656129022729
9749.0,2.4668780628858307,390.6963416301289,0.3980111011310642
9750.0,2.739189377066117,390.0435714346423,0.39241804038718403
9751.0,2.909752957680041,388.99362184478474,0.42487246721465644
9752.0,2.9006996550504045,387.44770004430507,0.4712729548358328
9753.0,2.82750312062761,385.3154191903731,0.4872849713640001
9754.0,2.7537929879386973,383.3097157696047,0.48675194051121
9755.0,2.611110963077698,382.0074272362059,0.4808469123451877
9756.0,2.3978638637640626,381.56580604904184,0.4893817871165584
9757.0,2.220982406063367,381.7239739901335,0.49332457212366243
9758.0,2.0754265812701296,381.93951212608533,0.4995208079289796
9759.0,1.8642327792348115,381.506305564345,0.47697402356496377
9760.0,1.5738386711736543,380.86260191458996,0.43739190423433216
9761.0,1.2864027440732408,380.3671061249462,0.3829587003693649
9762.0,1.095850264333969,381.151902164544,0.34185346209516954
9763.0,0.9341359550202688,382.91564490113035,0.31354243464196
9764.0,0.7483586484675635,384.8748298387999,0.28463916220122265
9765.0,0.5952834615798223,386.52399801121646,0.26196012185615997
9766.0,0.5224426155556867,387.44862517834474,0.24244419949361282
9767.0,0.4767238952588024,387.55396265020636,0.24025180638781435
9768.0,0.4376126795289998,387.2364511916354,0.2605537713403024
9769.0,0.4144219935379452,386.71707873053003,0.288827425627289
9770.0,0.3967644607734564,384.57431295996366,0.29041655118960996
9771.0,0.3731802755241287,382.5448091356326,0.29539438052384154
9772.0,0.3561915222059089,381.6743758774964,0.29721984764441284
9773.0,0.36289297678788046,382.11153183448636,0.31527542219696636
9774.0,0.35076310667160526,381.62498180933426,0.30105886153065603
9775.0,0.35489779537434024,379.6913197603642,0.2697930226092817
9776.0,0.3914511613659363,377.3113564229962,0.2503993493526561
9777.0,0.44984113256188163,375.38654696107545,0.2727820599445764
9778.0,0.504413954067524,374.61558486742933,0.32884210406995357
9779.0,0.5863658032124678,374.39253712446316,0.3972823760515601
9780.0,0.6767232428976103,373.4070064284633,0.4395117584436488
9781.0,0.6920411551158118,371.1400997775106,0.453611584758025
9782.0,0.5920804028391128,368.6363001692833,0.4961409568551075
9783.0,0.4715278155701689,367.06022017609547,0.56405806242324
9784.0,0.42500155089324465,366.81967583467343,0.6157081702121475
9785.0,0.46035885750624966,367.9298060613626,0.6220852484609162
9786.0,0.4984162039565609,370.0516264296069,0.5999079206560729
9787.0,0.4878883639188038,372.32913836097356,0.57749953236921
9788.0,0.4591635518745663,374.490679345446,0.5826613764043082
9789.0,0.43448673780096614,376.10117750931556,0.6178356307555442
9790.0,0.40787119126624394,377.7373277532951,0.6784513452312966
9791.0,0.35946160544836864,379.9523240911624,0.7348584459493227
9792.0,0.30495640456881684,382.30271908686655,0.7751924666350224
9793.0,0.25305573085760275,383.3514253335506,0.7789396720638483
9794.0,0.22003580247846735,382.70802438290406,0.7790480914217403
9795.0,0.19477348406562053,381.5763926116619,0.7951903471514918
9796.0,0.18235232348583585,380.5066039963992,0.82913754278601
9797.0,0.17249931624433723,379.62300841382563,0.8584911407111211
9798.0,0.15764726518227648,378.4076983583732,0.8834140401851664
9799.0,0.14910487960382027,377.7032546519141,0.9251895877274178
9800.0,0.1574734774653187,378.0468675035966,0.9821486864662224
9801.0,0.17852911643224376,378.6128288490974,1.0419564080502755
9802.0,0.18959174332739598,379.0490127045972,1.107491267398292
9803.0,0.1782225019989649,379.8916822524241,1.19001961075204
9804.0,0.1401647571925059,381.109948541847,1.2919685849721618
9805.0,0.09242947985150922,382.16808495475203,1.405656394286516
9806.0,0.05795576204440111,382.80208009552547,1.5097705074452963
9807.0,0.041146588968288614,382.92988052976114,1.6653863010723413
9808.0,0.03979893730082411,382.68140166163755,1.8815167763865668
9809.0,0.04581003091452846,382.0818832806569,2.1250227007979774
9810.0,0.053953264397696446,382.0734015304021,2.283556702524989
9811.0,0.05552998461696022,382.8546762442573,2.2900734699432763
9812.0,0.05309133950673633,384.1750760759095,2.1879530597636103
9813.0,0.05119407179754513,384.8993326095442,2.046376770124388
9814.0,0.05433093877640036,384.5620929287179,1.937725304164881
9815.0,0.056817715904208976,383.1760260632992,1.8761449045608722
9816.0,0.05746647427315552,381.10485486883965,1.8686471700340905
9817.0,0.05764591634700952,379.54213615238064,1.868048888726223
9818.0,0.0605978718723226,379.1979268457058,1.9143135123320962
9819.0,0.06873206022399998,379.6797921257265,2.025757156817722
9820.0,0.07840967149825295,379.5780825590036,2.1175202236578294
9821.0,0.08777156371027561,378.7333455748064,2.0949829998594725
9822.0,0.09600739432035992,377.21050220326276,1.9732337832985605
9823.0,0.10794977453155223,375.9163267335631,1.8854336260854654
9824.0,0.12358461120876071,375.08426880482153,1.8438970268628905
9825.0,0.14464962338745635,374.9194539777718,1.8473727461084284
9826.0,0.15807735484772492,375.1741053428264,1.8718993007351648
9827.0,0.15889265063182834,376.4889822489761,1.9090955532160583
9828.0,0.14939310311712142,378.46734775745705,1.9462723134570497
9829.0,0.12351093814391279,380.1913443121665,1.9766431577432162
9830.0,0.09419666376756237,381.7750415351603,1.9629239256645772
9831.0,0.05953945020998506,382.9361867309039,1.839460853422563
9832.0,0.026445644932169037,383.45499188180685,1.6617210330402086
9833.0,0.006058874115112978,383.8185937103993,1.5145573620561315
9834.0,0.00030371496785639124,385.32689112059444,1.4598109853279042
9835.0,8.382043362248996e-05,388.18158794497486,1.4806307862655932
9836.0,4.680913255839614e-05,391.2641414779324,1.5517856557934724
9837.0,0.0017354464525161184,392.26096427858,1.6378418651414421
9838.0,0.0036815721219216235,390.8941784774108,1.7419419373091907
9839.0,0.004088446365721606,388.53383977701316,1.7888229247203227
9840.0,0.00265543674666492,386.4963279354372,1.7829506196426277
9841.0,0.001801665462760883,384.5991348465286,1.7403348650749504
9842.0,0.0007743269024929074,383.68200364495783,1.6885822054829762
9843.0,0.0002626830562500049,384.33311258587656,1.61986939853281
9844.0,1.5901966609005508e-06,385.8364949623662,1.5376184512553537
9845.0,0.000479282431950389,386.55302843445656,1.432656362625338
9846.0,0.001692023232324105,385.5248499325842,1.2908332322684966
9847.0,0.0012375465622883896,384.14665408391306,1.1698176758772099
9848.0,1.3359025000001358e-07,383.2480309531132,1.1219641890141723
9849.0,0.0017603059359999902,382.5188954006305,1.1323393498759227
9850.0,0.006562119467748125,381.522311577691,1.1256212045518208
9851.0,0.014181339638284938,380.50250645555496,1.096287337939508
9852.0,0.029923827523502606,379.52901641463,1.0798917470265599
9853.0,0.049979788994560015,378.9626005546416,1.0839512188028486
9854.0,0.06826372161649302,378.95288777097136,1.070416465723049
9855.0,0.09922118223672355,379.4861372759595,1.0494812474532866
9856.0,0.15517657472817656,380.68219672025265,1.0265910794530562
9857.0,0.24255738275132233,381.949367862143,0.9941133886405223
9858.0,0.3291273643162133,382.63332973856217,0.968658281295272
9859.0,0.3751930621530027,381.95333716237474,0.9582860305647224
9860.0,0.37835013824899305,379.98637372868706,0.9973531537704899
9861.0,0.38113024576480087,377.79751479115714,1.0633390600698889
9862.0,0.3876698976238452,376.69182862934014,1.1343455825046922
9863.0,0.41195886800964804,377.2227726759528,1.197094132276921
9864.0,0.4704600994928833,379.57246453004217,1.221363286027364
9865.0,0.5628942240480729,382.60973756136445,1.198252120287821
9866.0,0.6900296278992493,385.10536713946084,1.1803282762411398
9867.0,0.8191391787790875,385.9521925835561,1.2308324619666322
9868.0,0.9201626920362327,385.63552935052076,1.2928979162737564
9869.0,0.9576850478395463,384.95906452005914,1.2961370291744196
9870.0,0.9031764317004034,384.2058097015792,1.251559341231077
9871.0,0.8012090762740087,384.0694078694605,1.2354529017563043
9872.0,0.7386886809,384.6344487591102,1.2854912380804036
9873.0,0.6980348176116481,386.02106039426457,1.3664601405410595
9874.0,0.6829484304801636,387.81194846715175,1.4235136674232465
9875.0,0.6502580423139245,389.5578249068038,1.4778276795556098
9876.0,0.6461658033344723,390.9380176468007,1.5788773915878547
9877.0,0.6919117024312903,392.5198294496142,1.6917146927160496
9878.0,0.8099390711458225,394.9358702535823,1.7761900168940838
9879.0,0.9334854930404815,397.18844875254604,1.7738372881943294
9880.0,1.0300899282275715,398.23035841118644,1.695204182280005
9881.0,1.1214127378987724,397.8246420835664,1.64953385922724
9882.0,1.2059973576403926,397.02950587011264,1.6873709152940968
9883.0,1.2664798743088157,396.66564939717296,1.7569096899340901
9884.0,1.3215309115948164,396.8674113290329,1.7882033290638404
9885.0,1.398091516244641,397.0703117562458,1.7964659051677643
9886.0,1.4835615146371612,397.0558499418813,1.7896615089489365
9887.0,1.5381080699635237,396.86705234311904,1.7742503470578124
9888.0,1.528223743409441,396.4882131268588,1.6482793472750223
9889.0,1.5394637884516909,395.95067355609706,1.4370036723007744
9890.0,1.6006416422162086,395.5525169750145,1.240227258567108
9891.0,1.6592281192038856,395.6184353881638,1.1352541085276415
9892.0,1.6294809713765637,395.46546541573485,1.0773409705831372
9893.0,1.5428917812108027,395.9228045923058,0.9872870238333122
9894.0,1.4345458703055844,397.1799496262259,0.8635540514456883
9895.0,1.3452913417023036,398.9040157686586,0.7144331257029316
9896.0,1.2237105200102503,399.96104094867604,0.571203121203636
9897.0,1.08718715031833,400.1220697117134,0.45913613593722263
9898.0,0.9817107378454489,399.9588286594791,0.41507411736525157
9899.0,0.8997677999800286,399.20606914532715,0.41127865718821216
9900.0,0.8217147288904327,397.86886696701634,0.4157375344754945
9901.0,0.7302639916585232,396.7431469593183,0.4249985390215745
9902.0,0.6571997924979602,396.1170290326673,0.42063659813890103
9903.0,0.6056819812778325,396.2370553186427,0.4138631056189248
9904.0,0.5466029786355608,397.1633681615015,0.39223048376862485
9905.0,0.4476806251923598,397.1861779786181,0.3361976104502501
9906.0,0.3231929435703722,395.61659634617587,0.24647464652413695
9907.0,0.23212428286012854,393.1667056644081,0.16785916212431617
9908.0,0.1897595308591612,392.06709914428023,0.12473996915541156
9909.0,0.18310422092810388,392.96435638711137,0.12406841034357168
9910.0,0.18683173745773665,394.97786618486697,0.14595933713906245
9911.0,0.19540158064710034,396.8882056958356,0.17729821009584354
9912.0,0.19053528805211026,398.0709605707294,0.21242118678239286
9913.0,0.17864429897995537,398.94098307745946,0.22564507394647693
9914.0,0.161970453627581,399.30495219476404,0.2200780967400324
9915.0,0.15378689304115842,398.9513529902262,0.21579045284690004
9916.0,0.16340025981488035,398.0310820801288,0.23308313287718554
9917.0,0.176010211965204,397.8728894187268,0.28739200561920253
9918.0,0.19497995832062276,398.88250598769855,0.36171347404644016
9919.0,0.22364416130429657,400.7689307793332,0.44957438028948643
9920.0,0.2612470993601569,403.0861357931266,0.5220420432635527
9921.0,0.2841764720322025,405.67174735833737,0.5804574469066563
9922.0,0.30201389644356796,408.1572912436412,0.6402610506146595
9923.0,0.3069547479829009,409.70524796462314,0.7064776527450626
9924.0,0.28525404014540384,410.95128377403563,0.7289369245106808
9925.0,0.24825835394319634,412.3701124744735,0.7053978936744962
9926.0,0.21741009088350272,413.39364384947277,0.6749592233433604
9927.0,0.19974401148529042,414.3286084606272,0.6854377829968901
9928.0,0.18830768153914898,415.76904059236546,0.7383035166668102
9929.0,0.17964665239455385,417.63753391967674,0.7870901622482406
9930.0,0.17032276746920397,419.0517521330828,0.7978784657865851
9931.0,0.16607544380460293,420.07762743899747,0.8160806271026763
9932.0,0.15388536366506253,421.47956924645047,0.8371782624522917
9933.0,0.1274743982452248,422.84171824381565,0.831502465217705
9934.0,0.08762117415638786,423.42253192880753,0.7754709428045586
9935.0,0.04867881919787287,423.51375777502096,0.7151066544312443
9936.0,0.01898206911168503,424.38402653207555,0.6462456436254025
9937.0,0.004531007658817611,426.430078996676,0.5457111979463823
9938.0,0.0002694968756496006,429.21612346966054,0.46937324570723993
9939.0,0.0012621464128900095,432.17700528011864,0.46005172579147685
9940.0,0.008236424647562399,434.25151729899176,0.49898109622968373
9941.0,0.02111360114704004,435.2612723682225,0.5527436261692901
9942.0,0.03157979561970233,436.1092764379932,0.5676238404864226
9943.0,0.035755497044737516,436.51691831796137,0.5375250959106609
9944.0,0.03003458143181436,435.69495054330883,0.47332239704649015
9945.0,0.021601553621608795,433.50008479602553,0.4233892123773224
9946.0,0.014201920298676124,430.52489269123464,0.38377934553053283
9947.0,0.00804974479293694,427.45772930408987,0.36355445466575287
9948.0,0.0047017393027928445,425.7572580638395,0.33806125190112246
9949.0,0.003564972420612077,425.7706153084686,0.30047483588922264
9950.0,0.001715539359664891,426.57048206338425,0.2503462097782882
9951.0,0.00024893045290090825,426.7231901439364,0.22881062888957154
9952.0,3.367224999999299e-06,426.210893907143,0.256333219526832
9953.0,2.0547726361597255e-05,425.8862919417406,0.31602511359643226
9954.0,0.0004520177897040983,426.0380477613002,0.36163117956652846
9955.0,0.004985214296602544,427.10791246821094,0.34508239345137964
9956.0,0.014852618638542483,428.3344118123975,0.2993355673018625
9957.0,0.023942205354636203,429.63950896176715,0.2563464744648901
9958.0,0.0278635650218689,429.6373731773376,0.21408514538808965
9959.0,0.031228113470448463,427.92184884425865,0.18586441991040156
9960.0,0.028469303337680215,425.3737733043969,0.20167912458726017
9961.0,0.022453607938278424,422.98530333717434,0.23619794400400004
9962.0,0.017666593939747732,421.6108694345214,0.25536097598285157
9963.0,0.015404337123924128,421.40024313150315,0.25998991285104367
9964.0,0.01392417700056255,422.30734200487916,0.2820061368062501
9965.0,0.010631589612159958,423.05342021207997,0.30557861936555564
9966.0,0.007342423061443698,422.72161144755876,0.3102304298978889
9967.0,0.003655126234369611,421.50939940654706,0.29514544387441005
9968.0,0.0002632892419161082,420.6149156324124,0.262971193603409
9969.0,0.0032296454902008883,420.3852743941268,0.22551733034822247
9970.0,0.01858652874305628,420.68811261413884,0.18190948351191047
9971.0,0.0373650871662602,420.4995343308762,0.1650842893480357
9972.0,0.04880921653248649,420.13439820099006,0.20000749045068086
9973.0,0.04980390712705211,420.57818868864933,0.275572827969096
9974.0,0.05039539193707238,422.4312744714383,0.3341459413508163
9975.0,0.05783136146151013,424.45300873971934,0.34542140440438446
9976.0,0.07588673457172088,425.9295147849433,0.320620410496261
9977.0,0.0935612652381795,426.47153235642014,0.27531898898391033
9978.0,0.09415380492980617,426.5754525690977,0.23032071082275993
9979.0,0.0888093879217217,426.79297163358433,0.20629464229089
9980.0,0.09463146099995261,427.17818754888395,0.2006840555355076
9981.0,0.10638243955750398,427.41445338293835,0.1899340082053562
9982.0,0.12452007399096025,426.7172619384979,0.17621300678192894
9983.0,0.13701884017951324,425.9552417533203,0.1757794674827844
9984.0,0.1404831582852885,425.4515686951221,0.19781142201920165
9985.0,0.13220538904834803,425.19416898731214,0.21860776218490816
9986.0,0.12863736860667035,424.96092795410544,0.21029877144223355
9987.0,0.1343339269437651,426.052984733317,0.17521792297216002
9988.0,0.14969403974185946,427.2226759600127,0.13279496149278486
9989.0,0.1713918186255023,426.9250124847872,0.10932391394038897
9990.0,0.17820143663437418,424.3293160306824,0.10454953808426405
9991.0,0.17396132365862407,420.7013055990203,0.10389626789071366
9992.0,0.18908372098025636,417.4666321728001,0.10384246518124089
9993.0,0.22771330240692225,414.9902238546622,0.10972360114498098
9994.0,0.2737253171125222,414.14727079740624,0.11750639639904364
9995.0,0.3138589414303224,414.52187097282786,0.1348364568967056
9996.0,0.33869088500940253,415.2224884503578,0.15994116540960246
9997.0,0.37053527822488774,414.8582592304442,0.16396623976350247
9998.0,0.42306619656445177,413.7511851883701,0.15342472234030247
9999.0,0.4689257164378796,412.54214364859956,0.12338752876867211
