nstep,msd_x,msd_y,msd_z
0.0,0.0,0.0,0.0
1.0,0.008473955485728097,0.00010054253386810256,0.0012023493835081002
2.0,0.03220160982672488,3.991564452099787e-06,0.004023330647872902
3.0,0.06759249140851363,0.000792714160832397,0.011628691321688098
4.0,0.08115540651329442,0.0018445229733680885,0.029984870449960007
5.0,0.0597180702672961,0.0026404418621528945,0.05358912479556249
6.0,0.035379326502844886,0.003686075654563585,0.062407819014424895
7.0,0.02280794350854009,0.005895834869235584,0.05889459680676811
8.0,0.015299745497779614,0.011264283736888859,0.05531382338698811
9.0,0.01155630805007289,0.016781951070328868,0.05641459130835361
10.0,0.0213753961586929,0.01494130232654439,0.06698254363321961
11.0,0.05220306470400998,0.010312627942232089,0.08633837254256642
12.0,0.08943045990654766,0.012068481352089565,0.11830978177237213
13.0,0.10368727154580644,0.025501962840355535,0.15875365265856042
14.0,0.09048208384576001,0.058259245185030346,0.2047047496887481
15.0,0.07277236211806094,0.11647600410735603,0.25602568782383606
16.0,0.05947209403838013,0.1826761965684495,0.292724920027548
17.0,0.046562497293902494,0.22271610325392482,0.2976595441377857
18.0,0.03024405159274891,0.22902511007386228,0.27386930682105753
19.0,0.016366499395824408,0.2420411520591683,0.2550571695144224
20.0,0.008802406310899595,0.2757336647081102,0.2632043161047365
21.0,0.003944406476340098,0.3192478038072323,0.2957923470372026
22.0,0.0007091606282049033,0.34845408999999994,0.33056849141473954
23.0,0.00016205162700249975,0.3706590283623528,0.3578793602274361
24.0,0.003075832674836102,0.3966876806023607,0.3797286659248384
25.0,0.010701950087052894,0.4175692187203215,0.42294899622518406
26.0,0.01992596491560959,0.42649048523251193,0.49965619141677686
27.0,0.021847660115011606,0.4294703058912255,0.6062694732702866
28.0,0.020002600473302514,0.42000181481572074,0.7032596207051778
29.0,0.022604578236276096,0.3999928001160255,0.7103279038588209
30.0,0.021000678937532113,0.39873767763710394,0.6068186429059226
31.0,0.01801409303122809,0.44060129966180234,0.5310616378048577
32.0,0.014029547304032103,0.5173818444147599,0.51465171209929
33.0,0.011101913877984386,0.5891090244819842,0.5132072389818255
34.0,0.007693914207801601,0.6770978554833935,0.5490455363126451
35.0,0.0027105976195599983,0.7578178845085694,0.6216534025000001
36.0,2.3853875809000618e-06,0.8122500484007054,0.6680901041294841
37.0,0.0036035396696601023,0.8374318759780413,0.6490734693489215
38.0,0.0140826187414441,0.8905211467335181,0.62435219347216
39.0,0.0347395807042249,0.982461997164684,0.662405977185893
40.0,0.05892475634340838,1.0546463691984527,0.7434276050173504
41.0,0.07651057496970246,1.121293501297561,0.7622591174732305
42.0,0.08503456663119695,1.2116623845838366,0.7245700065535686
43.0,0.09445459323731559,1.312152174072252,0.6579861750624411
44.0,0.12216897692770416,1.2836787577004303,0.5903034830064099
45.0,0.1636242222141081,1.1782444044899087,0.5527911347505624
46.0,0.20974309740075248,1.0877748439638024,0.5718855522303226
47.0,0.24907034586747034,1.0404403719916437,0.658161235781677
48.0,0.2958911978557925,1.0122247343984399,0.7747332918534224
49.0,0.37917126431494574,0.9951481793608994,0.8464787722326961
50.0,0.5102349616917289,0.9891299014100098,0.858614820788384
51.0,0.6735459950743102,0.9722290904415682,0.8722327163560001
52.0,0.8078748757059601,0.9635278802215934,0.9563655483075139
53.0,0.882162516717905,0.9839502407278753,1.0884315934805626
54.0,0.8731761138995449,1.0208935496682727,1.1614955080835403
55.0,0.793620688962288,1.0736550869094237,1.1884396464705242
56.0,0.6933967510120705,1.192914842045088,1.1893353345449107
57.0,0.6001570531798417,1.3545044121379683,1.1533809529580628
58.0,0.537739933554701,1.5161585959641661,1.0704160311871744
59.0,0.4928914169163075,1.6851294762376368,0.9727676879388197
60.0,0.46878486745939574,1.8601505421176894,0.8617516211814086
61.0,0.490686786482352,2.032589523913939,0.7849721490611716
62.0,0.5498857983861226,2.1689465834886716,0.7874010966669378
63.0,0.6191649162343088,2.2334716062049442,0.865361136849452
64.0,0.6605845882086027,2.2735323102816896,1.007038080255637
65.0,0.6893489205107519,2.352771257847668,1.1687835452545852
66.0,0.726804894463961,2.49741035420809,1.3167890228039183
67.0,0.7869796411168131,2.619526323984206,1.3499757307663938
68.0,0.8623108304440248,2.660464733489472,1.3059251698988892
69.0,0.9593592868884544,2.639276909600522,1.2621337909393988
70.0,1.048761495562925,2.591421332828208,1.2536571020248901
71.0,1.1097708291526922,2.673792963764742,1.2643901638461026
72.0,1.1507194235671283,2.8118156937243017,1.31184577282189
73.0,1.1963125782405624,2.92149631825179,1.4481942080765484
74.0,1.187309728857005,2.9816050229523006,1.6498383907221226
75.0,1.114544486141612,2.9948988642333116,1.819638961727204
76.0,1.0327172952044603,2.96985284694121,1.910521706475413
77.0,0.98254504100281,2.864660779753574,1.917305470224
78.0,0.9601478625508225,2.693030136144793,1.8712587492481605
79.0,0.9464309546410488,2.5168435918096894,1.8376078454976024
80.0,0.9291881893670466,2.378064946241856,1.8477036399249167
81.0,0.9045177865699598,2.2719937461120963,1.9344728464867582
82.0,0.8844425159398415,2.222257239185113,2.0672481932435525
83.0,0.85840614130441,2.227430075836753,2.1938710268059527
84.0,0.8228860705972625,2.273759725938792,2.2832882405425154
85.0,0.7823824235283455,2.315994185415246,2.334402290642508
86.0,0.7086750887196962,2.3775134932783124,2.3318032127904904
87.0,0.5904168759510922,2.4048703793838024,2.295328839274433
88.0,0.4918343415333605,2.37521791474564,2.2784742916853284
89.0,0.44394858727040903,2.2913930750057356,2.3135596395210003
90.0,0.4336826102103889,2.145380598470768,2.374989302466001
91.0,0.3996756893968282,2.00087616624289,2.398510190836505
92.0,0.33878898923698897,1.8562238157323023,2.404679918265242
93.0,0.274034336122752,1.7616295133337658,2.497298942911802
94.0,0.2113865862379208,1.6652721971521476,2.6178962675534447
95.0,0.15577488361789293,1.563472651321,2.7002058188380906
96.0,0.11390405626056244,1.4435478706221165,2.7538128350637927
97.0,0.07653459727227692,1.3334107031347213,2.81481519862921
98.0,0.0464936403763456,1.2002173789951485,2.8501284000572293
99.0,0.02724773514445439,1.0948747953150222,2.85551312695085
100.0,0.023339516198017586,1.0654441892766735,2.8167481203207023
101.0,0.0313631951057649,1.1075104838328975,2.7348605188494775
102.0,0.03828710893364639,1.211648669210739,2.6517622160036334
103.0,0.03099212369764001,1.3200136277287715,2.5958951921552402
104.0,0.0151865177042881,1.3503546943886169,2.570899865618708
105.0,0.004358305024851596,1.2877840448408326,2.584699064922005
106.0,0.00048592911844000256,1.2095252205825888,2.5550377030591607
107.0,0.00028429399544040016,1.1940030587579809,2.397933918585377
108.0,0.0046590808456515986,1.2338044612715997,2.1663357403061534
109.0,0.013635298291278401,1.2648213601132727,2.0179497732684486
110.0,0.026833522804548114,1.281212505847296,1.998552666227098
111.0,0.04380839883679359,1.3521240727956896,2.0136619773059365
112.0,0.05803389405506249,1.451747164391784,1.961194521944903
113.0,0.061224103968502495,1.4905456547289024,1.876994448988181
114.0,0.05213591322240998,1.4528097296958244,1.7915172530295187
115.0,0.05053897857273757,1.42877101640641,1.7795492499664012
116.0,0.0721214227906624,1.458140583019406,1.8642865205498884
117.0,0.10628135298740411,1.4727036267709996,1.9227983056990008
118.0,0.1316935721372881,1.4336030321984565,1.9336648729325845
119.0,0.15348509626262757,1.36800628931636,1.9141103241093378
120.0,0.18170352971298087,1.336796705700562,1.8822922691975652
121.0,0.2172291122328336,1.3685119151095393,1.8064916923147265
122.0,0.25420425870809293,1.4564936084566724,1.7034193416251668
123.0,0.2885181549220996,1.5465213857979367,1.5969103941966398
124.0,0.3300856631298724,1.6170576841397886,1.5372706488384962
125.0,0.40341335028992403,1.6314764881981696,1.5729886430296338
126.0,0.512353133784941,1.6148221839527712,1.7012867661691455
127.0,0.6466538772403264,1.6062531036517678,1.891501223999588
128.0,0.7971935867347204,1.6243025075808126,2.069698198790485
129.0,0.9559354402346402,1.6425394689267212,2.1589610641381225
130.0,1.1149980273080091,1.6594933774755622,2.1612172376424104
131.0,1.2668433080489958,1.6602417076034686,2.178013532709303
132.0,1.371683673721,1.6206455579758081,2.2467411408734224
133.0,1.4484580315017601,1.5683002729385611,2.3297366602293
134.0,1.531604677177229,1.61533810147863,2.392795257263713
135.0,1.6084416513868607,1.7807385472707855,2.495608861890145
136.0,1.6893026479526976,1.935119758605072,2.6055258062953746
137.0,1.85258722116484,1.9582547286899024,2.6949117263630766
138.0,2.130074397868954,1.79103211519847,2.812816457940809
139.0,2.419415525353702,1.5298746081609997,2.9495358873452644
140.0,2.608990695387962,1.308623020998384,3.0232581349785725
141.0,2.6581191190161664,1.2239511777434926,3.004740077494332
142.0,2.657468737432802,1.2312879468462226,2.9576583136919847
143.0,2.694429309071456,1.2679764186682676,2.9618730795268626
144.0,2.7710876219837277,1.2482515399131682,3.09579274368225
145.0,2.8369603399721797,1.1907449165745077,3.3685977932909603
146.0,2.827386121808556,1.13100098331609,3.6605866336947224
147.0,2.7461797627480222,1.0480683622544096,3.88037851911917
148.0,2.6220339403279853,0.9787768564655103,3.99107058896896
149.0,2.4771044554910806,0.9394580852517314,4.055802755891616
150.0,2.3233428181624336,0.9624087949134095,4.173103624300705
151.0,2.340372455125208,0.9895351027193638,4.289572642173722
152.0,2.633481073328145,1.0104329103765262,4.299745296682597
153.0,3.071209879025033,1.0582523909246024,4.260273918657608
154.0,3.453779571332784,1.1483641520356513,4.165413592471559
155.0,3.6923182005867368,1.2369825894438957,4.008310952516754
156.0,3.8505169355930278,1.3129695182953922,3.8440639581619713
157.0,3.953755756372409,1.3907515325956639,3.703008655478496
158.0,4.062593292650257,1.4544715048566783,3.639146301819716
159.0,4.139115746945255,1.5226728788943422,3.6119487129125627
160.0,4.18306388361092,1.5966858697921293,3.5943502437272095
161.0,4.283586934009495,1.6419818595225595,3.699523608088285
162.0,4.461884460371982,1.6963056969774597,3.8954460581896333
163.0,4.643038708872323,1.7961628709041997,4.054671223082815
164.0,4.679091552130223,1.928778939159619,4.0531531751909124
165.0,4.5895476649431615,2.0885801769985677,3.905155938012628
166.0,4.5094872820425165,2.2254653901683836,3.742929436091041
167.0,4.567156061641113,2.292182101501068,3.6624626016628223
168.0,4.732672679539663,2.2579172625560324,3.68869099263611
169.0,4.880229951938062,2.2382436969912094,3.642544818613944
170.0,4.985261560312204,2.3173469934809106,3.4906025833423944
171.0,5.1006508764594445,2.429442224595576,3.3240998090899607
172.0,5.255463679257635,2.520324178547352,3.220004003414042
173.0,5.406512628435174,2.5454519913504527,3.150708745056488
174.0,5.5337861363840055,2.5510926256845603,3.1111784286438247
175.0,5.7150043146805505,2.52708720785499,3.1678917591832727
176.0,6.036309700545062,2.5043705948633086,3.2420997520872494
177.0,6.373094241691415,2.5894898170290723,3.2179469741776905
178.0,6.597279373807643,2.741329939808364,3.154206476233617
179.0,6.7257815485489925,2.8371741862669952,3.0406113666033123
180.0,6.888279499630241,2.84332608487225,2.8220447583788335
181.0,7.063629587536061,2.8269900118448703,2.5981098742933155
182.0,7.132186454480237,2.7647918681816686,2.4562602439304455
183.0,7.169852739836123,2.6605868385206914,2.3245570126400406
184.0,7.220600136352152,2.6440408789704897,2.1234686781757697
185.0,7.276342350822943,2.7441943467209997,1.916404074245701
186.0,7.269073946728879,2.890253679566652,1.7688299628932689
187.0,7.2385561783922485,2.966314086522865,1.7054902796325242
188.0,7.162771922667092,3.012455720914707,1.6706075884944198
189.0,7.1546613904432155,3.0431381795781185,1.6215608543232487
190.0,7.186630788452423,3.089349306217159,1.5313226456410889
191.0,7.229051119862669,3.0944672884560402,1.387285087192649
192.0,7.248770438245565,3.08327646866121,1.17500049985536
193.0,7.272791457488823,3.0719801452505098,0.9263269031990883
194.0,7.250956471455199,3.056562365793344,0.7412824104822082
195.0,7.120005321589116,3.1039862450019546,0.6734282792280974
196.0,7.012467346834576,3.160710941012545,0.6935060227986083
197.0,7.102919302767666,3.1071072357913225,0.6973852958121604
198.0,7.346379937321183,2.877421171319616,0.6491698771224241
199.0,7.506764323256249,2.631575828475562,0.5910212738456465
200.0,7.473031874993008,2.4959038098584205,0.5723279422264881
201.0,7.370109448709701,2.447176686935702,0.569326084369
202.0,7.251767822741635,2.41414375482728,0.5603805502444901
203.0,7.139982561082178,2.40716925447003,0.539197268358281
204.0,7.157654398868489,2.4015948852639997,0.5077131945968015
205.0,7.408472757326961,2.3971104829646204,0.4876872334844448
206.0,7.837116825122011,2.4082136860745207,0.5003252920472976
207.0,8.273695886722823,2.41898767189644,0.5420199031244002
208.0,8.596863428787088,2.4198994491267594,0.574062268100861
209.0,8.706835918945737,2.368929714470528,0.5853065824430225
210.0,8.711548761978223,2.3179913599739117,0.584725148678633
211.0,8.706025370958452,2.3139554003714276,0.5597665039827024
212.0,8.613128871071828,2.3414741830050168,0.493203785808396
213.0,8.455945278914857,2.3497367604597117,0.4020176778858497
214.0,8.469448547684891,2.4068608871172095,0.3174669324393616
215.0,8.768830225411946,2.538363000956328,0.24453544227756246
216.0,9.023219356782759,2.655779916874704,0.16347079712364843
217.0,8.951338394863988,2.740811996273244,0.0818980079437584
218.0,8.724101606427359,2.8205775278953995,0.03259420053304961
219.0,8.524726980476519,2.8962315776011485,0.019349068726864902
220.0,8.344049707183336,2.943039921393902,0.019530238585396896
221.0,8.124353118683509,2.897152648169856,0.021906675921721595
222.0,8.04826924537101,2.7818643574629958,0.0238913871871921
223.0,8.152480429763814,2.7175970234444162,0.032638003081208095
224.0,8.277201845800276,2.7305447010472794,0.047662229528576114
225.0,8.330512257960784,2.779171330290702,0.0529185672289296
226.0,8.2227282435494,2.789308329945062,0.0444047643263844
227.0,7.917339261187356,2.7074030273934393,0.03247691279079041
228.0,7.553948488833668,2.549889426544782,0.02214150844805291
229.0,7.334483138105508,2.3592724992585223,0.0177456873834436
230.0,7.284801105234186,2.1801097157586917,0.020369252442392096
231.0,7.378022971802691,1.9858765726003689,0.02635438599131561
232.0,7.612111956011472,1.7515216759234487,0.0340681188917601
233.0,7.976801876977027,1.498325698939322,0.04148362783009
234.0,8.36118880467832,1.2707589133011248,0.0513369647306244
235.0,8.707749785494917,1.0848510457129485,0.0645912516506481
236.0,8.91412108960845,0.9385603224938328,0.0769142196628569
237.0,8.947130094094637,0.8416195491030625,0.08569199455080251
238.0,8.838285612340686,0.7723276858494974,0.0963708950370244
239.0,8.67801749325625,0.7191328322889998,0.11673908590784039
240.0,8.639885180021786,0.6862800277680398,0.14014117187683556
241.0,8.733419933905441,0.6777003391018248,0.18352228459290007
242.0,8.864916952993083,0.6658271139132899,0.2715752261894401
243.0,8.948840769226916,0.6435125824423693,0.384539773103544
244.0,9.019042542091528,0.622491475970064,0.47875425508849007
245.0,9.169583348861359,0.6215992371649224,0.5483655753924099
246.0,9.389483369172432,0.6520968840330256,0.6015929771880624
247.0,9.634173048166744,0.6569682344494927,0.6283546616880626
248.0,9.97682319663212,0.6329946992609294,0.6015635813880901
249.0,10.402104747128947,0.5951539105995959,0.5719873908503106
250.0,10.766840307573505,0.5655066470430975,0.5719172992545796
251.0,11.058581920686944,0.542283325193232,0.6117362844999186
252.0,11.329957548360053,0.5164448150169024,0.6804279382659135
253.0,11.477615977798042,0.47771939710935024,0.757011659917789
254.0,11.40857680751591,0.4490308203296642,0.8070173607881025
255.0,11.268820645499089,0.4398156971234403,0.821452685023673
256.0,11.25292968852537,0.4507494125239874,0.8200141738873958
257.0,11.313150480177345,0.45825542659283547,0.7922622375064996
258.0,11.317490218395974,0.4386138314717327,0.7256676062887876
259.0,11.283866484937958,0.4162064582824223,0.6307540371000626
260.0,11.345976077127323,0.4044290065341288,0.5503267042944064
261.0,11.544743864837606,0.4167035068235774,0.5139889833650626
262.0,11.718300499312107,0.4702289518390563,0.5289519223104561
263.0,11.778376348181766,0.5492538592625567,0.5748145311442577
264.0,11.792237046539984,0.6170154657310223,0.6319248021715203
265.0,11.850395769854543,0.6702822816651359,0.6483095182228902
266.0,12.113530183839083,0.6930761468928023,0.5990498081262865
267.0,12.351453692832251,0.6580473544333921,0.5384865822906024
268.0,12.339878427802015,0.5892085011366723,0.5257383671121123
269.0,12.158977564453503,0.5383289113551799,0.578684557439976
270.0,11.973221895329296,0.5468944006431479,0.6415468535424399
271.0,11.928429056958526,0.5776893034515623,0.6529536587580304
272.0,12.134713866610225,0.6047582640102023,0.6188910526997642
273.0,12.527468027858994,0.609522797150748,0.5964748768749797
274.0,12.863365434513696,0.6407064028163042,0.6044364480651121
275.0,13.033503822403025,0.7107668731474078,0.6222676778763025
276.0,13.140236765367602,0.7452521857440098,0.6067038725875203
277.0,13.185785922564063,0.6968360110703614,0.5389215443948174
278.0,13.081771817215705,0.6079330256403599,0.4694361407468101
279.0,12.996886897689812,0.5434722441124897,0.43722360529689963
280.0,13.04459864932249,0.5155056337235839,0.4330710632178225
281.0,13.326999442838018,0.5255312181835023,0.42173667308575363
282.0,13.713595067925125,0.5464295021556898,0.39854657119970244
283.0,14.025923439888002,0.54968210060214,0.3625052995978568
284.0,14.201654731798726,0.5354887671701601,0.332644565157041
285.0,14.203962509281382,0.5302421656717439,0.304416817938836
286.0,14.18142060783529,0.5393812557056399,0.26386509795756014
287.0,14.209150152966968,0.5279998910287199,0.2149187385330241
288.0,14.212654423260805,0.4997431252870142,0.17998177516990813
289.0,14.138578068115603,0.45032605997702424,0.20314286641051288
290.0,14.02932234213169,0.3693567077276175,0.27173764462285205
291.0,13.855185560609595,0.29909790367443345,0.3373067558109455
292.0,13.934499033735756,0.2710242142320195,0.36341882661244423
293.0,14.27869309716964,0.2664623367600099,0.356008847759153
294.0,14.814987523127092,0.26325232805506393,0.31953299925625006
295.0,15.405557333074302,0.26979212921443224,0.27531215732188086
296.0,15.766025924908982,0.27797920214552874,0.24258038310024999
297.0,15.850090871321909,0.279709728178328,0.22295914641024997
298.0,15.721989619896817,0.28945777296383984,0.20919211016505762
299.0,15.60902244751629,0.2944771623062499,0.19837880829496962
300.0,15.586867289707662,0.26526313197048024,0.1865271495286521
301.0,15.634682455170857,0.2172192501249795,0.17526091484306247
302.0,15.718277160698063,0.17580479173627228,0.1708738888241025
303.0,16.0151880025938,0.14591190613058877,0.17505715417882245
304.0,16.3962225337335,0.13975055861670754,0.1822028091818841
305.0,16.91967298487606,0.15551452522088993,0.1703652784058241
306.0,17.53389926877701,0.1916443940275263,0.1419575996462121
307.0,18.07093153872675,0.24123033621920234,0.12439009502404
308.0,18.49789435244862,0.25782164948518793,0.11730653770017638
309.0,18.716911405455065,0.21673325502351598,0.1047876267420889
310.0,18.791938197494282,0.17300775568284,0.0948790679582916
311.0,18.846783930065364,0.1543977334749528,0.10703351510645291
312.0,18.915545772056355,0.14465528272806238,0.13071797587134812
313.0,19.076220119152897,0.13046452255361285,0.15248404892304357
314.0,19.333409200836197,0.121686003735744,0.16787085534261162
315.0,19.5808830668503,0.13259088994330231,0.18782164811760252
316.0,19.954398921663397,0.15392020814675555,0.20877351042276
317.0,20.421013851895328,0.17227204761262227,0.20681136894043245
318.0,20.787288162257784,0.180843269400024,0.16693538556065293
319.0,20.953930952602033,0.1951349697239055,0.12120821361009004
320.0,20.9142121123307,0.23117594821775989,0.09125651327682492
321.0,21.025802827717026,0.2931210415547715,0.07214865139710011
322.0,21.312636574695656,0.3825149375275263,0.05960252321223839
323.0,21.39525441295021,0.4739326017474167,0.042117300625
324.0,20.991872901481877,0.5436712341424224,0.031676360700531606
325.0,20.2631420415708,0.590885407640304,0.027448977675928903
326.0,19.50461439847229,0.6061391059564095,0.0245707286552809
327.0,19.026092834167542,0.6003961488034755,0.025392358760039997
328.0,18.864894750381797,0.6002107719439439,0.032845048697920896
329.0,18.817905203724898,0.6040005609505726,0.042456227489828094
330.0,18.855536201688516,0.5897740503375501,0.03983715807255041
331.0,19.040680745900122,0.5533749059623927,0.030300396232608103
332.0,19.528221999613542,0.51384738505562,0.02424379166947241
333.0,20.21031011706762,0.4923417010714223,0.019695674872038403
334.0,20.858092396403926,0.4885810647233475,0.012293074920739602
335.0,21.295920054465075,0.5017389255595023,0.0054339528256225015
336.0,21.49084385407167,0.5224631144192099,0.0012892322185744
337.0,21.503790408546564,0.5304173359019535,5.727205090889996e-05
338.0,21.457895428446236,0.5308683498868367,0.0032770449804303985
339.0,21.47686486030182,0.5279863175552888,0.010283992156400398
340.0,21.41470656394318,0.5091296560435682,0.0196346933388225
341.0,21.270001816735093,0.4641680276294882,0.0328272504997264
342.0,21.183376108514434,0.4182560970889283,0.0521900650071025
343.0,21.45674784602041,0.37958763829478553,0.07323056769556088
344.0,21.847414414270368,0.35020064501290077,0.0922495377466881
345.0,22.009085618181956,0.30468727462952233,0.1065808718519076
346.0,21.915909779424197,0.24306357329844827,0.10675662934186891
347.0,21.6785133939629,0.18361920890593433,0.08557711822234891
348.0,21.37620871479509,0.1391515151908323,0.050579983012003595
349.0,21.028988327191495,0.11433082841169631,0.0208896175404081
350.0,20.757122787602103,0.10261208410006402,0.004796867258736398
351.0,20.450564625123004,0.09587945627904633,3.982127436809986e-05
352.0,20.204095714385353,0.08190317068128995,0.00035841342987609975
353.0,20.155922899992426,0.06309678283793285,1.0614629160100036e-05
354.0,20.09940700431989,0.04868630776206757,0.0036230383412223996
355.0,20.029366990790884,0.04407006328226402,0.012454450632240096
356.0,19.990348819405106,0.044751562033922464,0.019165514541784896
357.0,20.10431743416947,0.04383275271305283,0.021330865390809996
358.0,20.267996346600718,0.041827301457217574,0.021307646698532093
359.0,20.451985353589638,0.04407539143395998,0.0171112090084324
360.0,20.559351058673048,0.04838979253823994,0.011800346544359998
361.0,20.481656364088963,0.04737128308530246,0.0081020017236544
362.0,20.18722979872482,0.043213304459609934,0.005619694251744399
363.0,19.735496164718008,0.042700333435548056,0.0018088510857481007
364.0,19.26163416866931,0.05190699190072354,0.00010424409999999994
365.0,18.917667632558036,0.05710295692506247,0.0026545463668440996
366.0,18.728040833967416,0.05801828463902247,0.005983964660088103
367.0,18.655077627191858,0.06445013937690233,0.012155726214060096
368.0,18.82013185818541,0.07534142782824486,0.0255300350690641
369.0,19.222487392482318,0.08294683970430486,0.040900176285926404
370.0,19.746567895892102,0.07338396557756242,0.0546557441730624
371.0,20.262346731423715,0.05546464451704883,0.06704514883140841
372.0,20.66444219669281,0.03878533208960638,0.08637655166525442
373.0,21.047820937843778,0.025940578075424048,0.11178422524859041
374.0,21.39012911037403,0.01283074760895209,0.1389370980387289
375.0,21.526644050267734,0.003306366151020096,0.1614612652511049
376.0,21.229207468419293,0.0010250242559999886,0.18059023667281
377.0,20.692457821087466,0.0032256322686224814,0.21670287454387366
378.0,20.44623481905169,0.010137815584358379,0.2731177419806224
379.0,20.60081464367272,0.013307329734759987,0.3233636299835041
380.0,20.885774889962313,0.007030128239139571,0.34385591777144414
381.0,21.04991054472942,0.0003788776604483941,0.3509044205198597
382.0,21.089643804348285,0.0022640781282289007,0.34042860559876004
383.0,21.27741265257427,0.007423940218044114,0.2978875864488242
384.0,21.876280568546477,0.006775859649672134,0.21924079378003364
385.0,22.66272823814383,0.003599263237699608,0.12526743590595996
386.0,23.317231889536473,0.0011091037963041092,0.0594535760674816
387.0,23.524052801625608,7.719339856900784e-06,0.034108593549414395
388.0,23.203082735998308,0.00035140951664639896,0.03440897377183361
389.0,22.60693540165352,3.104172368010002e-05,0.048069378557290016
390.0,22.119464342571572,0.0026713030456225113,0.06816354964225001
391.0,21.654697044859777,0.013668053319202499,0.09215308134390761
392.0,21.073452096265687,0.021194901962396154,0.11852630845225003
393.0,20.40890799276936,0.0160683561914404,0.13322117482745763
394.0,19.904984569980062,0.013914863579238414,0.1150519319521636
395.0,19.74359116605121,0.023049543166977632,0.0739147976300176
396.0,19.598918415211564,0.0349369667593489,0.035883103572289604
397.0,19.366590616806278,0.026846386660768946,0.0173038791845241
398.0,19.116472211670214,0.007938139982137628,0.0163567678052164
399.0,18.964804661530813,1.680065329960031e-05,0.027213451225000008
400.0,18.773188162701913,0.003671975806048892,0.044657566708156904
401.0,18.54665748041564,0.007637379142409995,0.0581474000067984
402.0,18.376766211386563,0.010773937613856388,0.07054619132440891
403.0,18.200138380890476,0.012201102313959968,0.0900320128462225
404.0,18.107897153799506,0.013033971455616373,0.10631021319310088
405.0,18.106713593570497,0.019910838327292842,0.09932791827342241
406.0,18.288468329643532,0.04817936322408034,0.08489622049459361
407.0,18.69229331475308,0.09426861218016354,0.0822740074434916
408.0,19.20602840050489,0.12920809831987834,0.08248677521011209
409.0,19.651702405199366,0.13463101290258003,0.08134149844257611
410.0,20.11393737710661,0.12467449716441753,0.08916374563694011
411.0,20.47999312494137,0.12361670241338883,0.10980751505050891
412.0,20.780785000664835,0.12160445275488994,0.1421016688140625
413.0,21.287784473117068,0.10550021737552087,0.20012830334328044
414.0,22.01072068976641,0.0956610711407375,0.2828941536962024
415.0,22.566025587715217,0.09748962113955836,0.3588584463992026
416.0,22.903044802655998,0.09881472797360995,0.4132597096107842
417.0,23.09196200042132,0.08387679609430801,0.4757715614630416
418.0,23.306970194078488,0.06165090858192005,0.5617374036434448
419.0,23.863042789847825,0.045236240642896844,0.62410300200361
420.0,24.479629013519354,0.0288856503816841,0.6550060977407809
421.0,24.913457825393365,0.011868492273612087,0.6738691756516225
422.0,25.16476357947049,0.002426145655046379,0.6963671345418225
423.0,25.455902734686493,0.0001635664502760957,0.7364268631810489
424.0,25.838963007280075,1.0064439002500663e-05,0.7988395065463684
425.0,26.11709741028188,2.1663997891598183e-05,0.8500685473502244
426.0,26.112164181639443,0.001439092297036885,0.8594039217729682
427.0,26.116757461662484,0.007083728708712071,0.8429918569609743
428.0,26.269452694442503,0.011184621309316868,0.8192429747009765
429.0,26.661265161835747,0.008473509949788864,0.782141197093001
430.0,27.098596606863943,0.003083631987811594,0.741691844627009
431.0,27.219842810933773,2.142449339559852e-05,0.711507956056676
432.0,27.064672033292926,0.0011147124690361113,0.6707314508054414
433.0,27.106168726395076,0.004474103538787601,0.656386560682997
434.0,27.39735966282164,0.01458028960627693,0.6999516978829456
435.0,27.58195499686741,0.04075375383784819,0.8052828059477601
436.0,27.74879835399235,0.08896235621273642,0.9195999662850628
437.0,28.156952984413756,0.1542724834231297,0.9608143886899599
438.0,28.83597991153935,0.2151290295056017,0.9674046926433291
439.0,29.58471377437857,0.2559239433833476,1.0123671620465766
440.0,30.22285138403534,0.2945893402927226,1.0482058976233333
441.0,30.61836117833461,0.3366889136059803,1.0261191204861446
442.0,30.796263225731607,0.3658524259461696,1.0152498805832881
443.0,30.896675675431954,0.36129176872176016,1.0697263477235779
444.0,30.935572574995362,0.3451306002265489,1.1684905847208051
445.0,31.01691112914715,0.32421908173771213,1.2320229228054789
446.0,31.08740903015056,0.3203601997337643,1.2587321082219363
447.0,31.073975830157185,0.3636066241838811,1.2938432560167366
448.0,31.1046091497094,0.4327275207792786,1.3199324004432724
449.0,31.141410260338137,0.47711957867886506,1.3243885137126399
450.0,31.135417704547525,0.5065140432040003,1.329485099089
451.0,31.082079646019817,0.5663485253089163,1.3953139281287652
452.0,31.063759791503333,0.6511971109336224,1.4767142481297424
453.0,31.08276416430642,0.7156184595235227,1.5356184244485187
454.0,31.1137021312917,0.7285312656445853,1.5705530496037263
455.0,31.072900982944123,0.7028443373699346,1.6054502931513228
456.0,31.08413645717461,0.676260624449449,1.610913747683773
457.0,31.338268710044794,0.6534153339492104,1.5790709288665925
458.0,31.884613082108586,0.6378160742838546,1.5440037392654813
459.0,32.564177972699795,0.6219309521034799,1.5394833427542722
460.0,32.96397779558813,0.6050044190920902,1.553581363184954
461.0,33.03168166497303,0.5818203307013905,1.5889356540046082
462.0,33.032330655480955,0.5226617197850412,1.6178154898277377
463.0,33.14391992468141,0.4288692682348322,1.612147688946289
464.0,33.356654603504886,0.3585054663606277,1.5703211628751936
465.0,33.841389178199144,0.3328284134186091,1.4776790324671683
466.0,34.383771991389345,0.3524665218569881,1.3768728637731076
467.0,34.71079160481398,0.40935116740302496,1.2743632359739205
468.0,34.7288622736384,0.4950993283257025,1.1757026082092041
469.0,34.625767576386984,0.5620417533669138,1.1245110638077158
470.0,34.43713431898449,0.5743187373792402,1.1003649146958403
471.0,34.34737583973937,0.5766627077532723,1.09335631751424
472.0,34.42800687547457,0.6032637599043138,1.1206326896803602
473.0,34.56546532929604,0.647699772516121,1.2050277286800029
474.0,34.482328481493425,0.6594020917594929,1.2846084354562626
475.0,34.29846914648046,0.6212461874765582,1.30200881795712
476.0,34.30959855049937,0.5862419581140724,1.2986470891407205
477.0,34.50497174465929,0.5681353239061506,1.3319407163589696
478.0,34.54248038177341,0.5379093849397636,1.37307657087225
479.0,34.37134438973904,0.5187333703783611,1.4048402482765852
480.0,34.344027958732845,0.5520340658010027,1.4658570596437057
481.0,34.35391723761338,0.6514411285881408,1.5098899420901242
482.0,34.424460626590445,0.7931408050753208,1.5023544384983762
483.0,34.414341678653926,0.9398532926652963,1.47939274454841
484.0,34.273880047431845,1.0532135284420865,1.4916883967012415
485.0,33.65669864775721,1.1253224600201093,1.543893549284117
486.0,32.798090885963056,1.1583531952805124,1.5410484369216788
487.0,32.07871392446633,1.182130480447898,1.4467272626560577
488.0,31.620385550160414,1.2129689589916899,1.2923549377604102
489.0,31.297960089985676,1.2304249580928486,1.1466609335885027
490.0,31.22576042872216,1.2572566613286853,1.0170321927744197
491.0,31.397125653336712,1.3580220934982026,0.9371340841930599
492.0,31.182716033613854,1.4713110676902543,0.8740866628730405
493.0,30.56771436242698,1.5061510305369028,0.821374632853784
494.0,29.582939104302,1.4895609342904903,0.7662822835077602
495.0,28.722328226599416,1.5420744672844684,0.7472995460427122
496.0,28.369319571075913,1.6273948754694543,0.6917006711079936
497.0,25.52322223679066,1.3293124495330964,1.1328888400437003
498.0,25.622788482630153,1.2876593100155926,1.1144937910489745
499.0,25.994090739506408,1.2853929399279238,1.0346271597957377
500.0,26.4917542485391,1.3334689023653776,0.983679716883564
501.0,27.166834529531457,1.374793137097433,0.9568388708695884
502.0,27.70872480051006,1.4131331006325623,0.9174648984534544
503.0,28.08897445936056,1.34113999861448,0.9152561005084325
504.0,28.22586891642156,1.169554477106736,0.9712448807787051
505.0,28.55103410456323,0.9990251776855007,1.0416268910895374
506.0,29.317065165214125,0.8991001559675662,1.0740819498305625
507.0,30.077915036088953,0.8429724474687957,1.0986376246919056
508.0,30.60786745762506,0.8129190752100623,1.1172995463116882
509.0,31.059572125818942,0.7694558750825955,1.0999980111024104
510.0,31.714792412285433,0.7044126894914208,1.04713961544256
511.0,32.277516591110086,0.6749740936435247,0.9833123266355239
512.0,32.5768870242909,0.7297575848222497,0.9389900120841012
513.0,32.66571577275469,0.8128777454631289,0.9250041489162495
514.0,32.81920936327536,0.8253559515904606,0.9232647959515562
515.0,33.11426230879047,0.7504635445231398,0.8873472136393884
516.0,33.33592347052899,0.6722313365781223,0.8645484213361215
517.0,33.586959160129005,0.6420585646902247,0.8366767851721444
518.0,34.22740809196346,0.5848719139732559,0.77580124129764
519.0,35.07782234890703,0.50584312007772,0.699113326732201
520.0,35.729259952118056,0.4555820710112399,0.6446919760900369
521.0,36.02183262916119,0.47878124037603986,0.6109707507085925
522.0,36.1006087144028,0.5785676873667767,0.5824244193693695
523.0,35.81565882992699,0.7020278796706815,0.5962049051061638
524.0,35.283868607311206,0.8009866944579599,0.6457011844425156
525.0,34.60561102453157,0.8555709068549774,0.7001853549972242
526.0,34.07669672461902,0.8839963484366398,0.7189363092972543
527.0,33.74231718218907,0.9134995807517582,0.721484725922605
528.0,33.534833318776776,0.9373148097600399,0.7080899031094087
529.0,33.4694643312832,0.9647055250891774,0.7096775049884883
530.0,33.49790536890625,1.0257620574727744,0.7048028804546523
531.0,33.6748453267898,1.1308031411635984,0.6518045765392225
532.0,33.86740301590709,1.1966230514331286,0.5898183628934691
533.0,34.045061999854624,1.2068706339536894,0.545926024865525
534.0,34.15076152766679,1.1936233085918757,0.5248238035436175
535.0,34.19616298707213,1.1880077441909822,0.5419251999193759
536.0,34.20113948516643,1.1845557000591613,0.6098604113473601
537.0,34.30729064096505,1.1871859492711967,0.6951317088444483
538.0,34.5064923291953,1.1987212662376896,0.7956625906406242
539.0,34.63893533316082,1.22718383975889,0.9125297873280628
540.0,34.69730294986356,1.303880000062922,1.0128827461589778
541.0,34.62053704297804,1.379767500688502,1.0945484800490244
542.0,34.433610720013135,1.4309063781008997,1.173632337318197
543.0,34.257643883888875,1.4551812345977444,1.2967279221577444
544.0,34.674755882715154,1.4751252896829692,1.4189354267093777
545.0,35.66053719835002,1.5075332348906023,1.526839992184469
546.0,36.626356737063126,1.5891979811052812,1.6138361511996206
547.0,37.047570557579405,1.6962523501504008,1.6827144269787289
548.0,36.932647656752735,1.764646161480022,1.739950070596589
549.0,36.69606852198399,1.7707052969758197,1.8043501678514409
550.0,36.55062004455037,1.7519757283328399,1.8780196213212736
551.0,36.460760869598126,1.743930955344848,1.8790341072958228
552.0,36.57883078269659,1.6718939449820645,1.8931030664766724
553.0,37.11106102565952,1.4683070660985837,1.9032857854221379
554.0,37.85327175430158,1.2111896782807965,1.8987105688801849
555.0,38.3928888634202,0.9957850508340897,1.8644365524874384
556.0,38.56004696369779,0.8623584129195023,1.8301425423783122
557.0,38.375707485487695,0.8332798232042242,1.8049931635801157
558.0,37.95452513275535,0.9004175866192894,1.819028671541964
559.0,37.4077228685835,1.02154274936744,1.8930672381888403
560.0,36.739350052762404,1.133300874812602,1.950834663843209
561.0,36.07771213351516,1.1994360325200286,1.9645398578257938
562.0,35.64281102261601,1.2604041627604725,1.9709420891160028
563.0,35.449122760677234,1.3556812550243074,2.0458837866947235
564.0,35.531692427165424,1.4594820038214524,2.191404383910919
565.0,35.60348282105448,1.529572972492083,2.389049193546404
566.0,35.3089094122704,1.5642435861436172,2.5928082229692047
567.0,34.67760363307172,1.57525211298663,2.7528838140639893
568.0,34.28042790969998,1.5497532284137225,2.879120670055953
569.0,34.310704561155994,1.5089514998535767,3.021728748408962
570.0,34.67167201167399,1.4881118499476096,3.1948843055366454
571.0,35.13965862359339,1.4966795687388732,3.3571873713616682
572.0,35.382679992823,1.5324485507915233,3.523460335829828
573.0,35.16652258531698,1.5338864609028895,3.605502277808641
574.0,34.493652355559504,1.5512960319571225,3.56783101022209
575.0,33.851228985124806,1.5680442845480624,3.5144925912040006
576.0,33.28424279326005,1.6070152191754812,3.5541682411900326
577.0,32.990627072760375,1.6711203704656037,3.7332980665893136
578.0,32.95890475153562,1.7384339170899854,3.8724097328378453
579.0,33.083230273465524,1.7564755144832278,3.8118735305559603
580.0,33.582143334004236,1.7017728478464251,3.7139476313034603
581.0,34.49091823294549,1.6341339549896,3.785190911826025
582.0,35.36042232929827,1.6344742392447364,4.020516480620953
583.0,35.805635414987854,1.7602747436219714,4.331702919967921
584.0,35.99727233166984,1.916269241660813,4.718674928341254
585.0,36.085711035897944,2.0140559492318717,5.022533961133122
586.0,36.24321476585309,2.0222600758728477,5.139857760695194
587.0,36.239073926530814,1.9460490219741318,5.120600776462802
588.0,36.16347444242335,1.8350457907955038,5.113069307374089
589.0,35.987721207183824,1.7699812955934735,5.032076705357646
590.0,35.59545783933427,1.7608885001928674,4.809743271039036
591.0,35.20967506983082,1.7860140062167225,4.613728853742192
592.0,34.8655917994123,1.8185841087202321,4.539631710073322
593.0,34.52059977674216,1.8100585648865888,4.545680952271267
594.0,34.16166623251516,1.810185409928316,4.526819331661229
595.0,33.92116714066537,1.824911140948998,4.464269331740698
596.0,33.771952818996084,1.8288169843737594,4.405543288548731
597.0,33.65212599254756,1.8177335165929103,4.42751960555584
598.0,33.533399384809,1.8195770728889997,4.483126897034576
599.0,33.27071839209089,1.8622895464432898,4.43242476712965
600.0,32.74619537676972,1.8865384281634485,4.185044619280186
601.0,32.14275820916305,1.8448477620479926,3.844908917817845
602.0,31.740101088939753,1.7701532947163663,3.5841900342263195
603.0,31.337648000295456,1.768711703611224,3.4791439461883233
604.0,30.907731253762275,1.8420480827973182,3.5174408719205896
605.0,30.487338375740087,2.0167116452406724,3.63728649989578
606.0,30.214003205213025,2.244889285456612,3.8063613948030235
607.0,30.11237320541513,2.38114403073936,3.954271088288708
608.0,30.023932304277018,2.3707932934125635,3.980675197052702
609.0,29.87593960874101,2.2729710726282564,3.9082238757752092
610.0,29.59830883369853,2.181448120229664,3.76840637033549
611.0,29.217895540592636,2.0971870226955684,3.6431768416882084
612.0,28.57334125051405,2.0054292749712395,3.513534873250503
613.0,27.72410280810806,1.9352492986844643,3.357461556781553
614.0,26.968443818674206,1.9467052335335637,3.260050813610767
615.0,26.32410321803207,2.0271293846762433,3.2267696380109
616.0,25.80815638908404,2.1349793987481966,3.1494237235280966
617.0,25.302787291193756,2.320970255954148,2.9373356376364907
618.0,24.837726684389057,2.553861028787376,2.717372203812252
619.0,24.5538578887065,2.752015201437612,2.659555574631072
620.0,24.605380954860077,2.8114800995897338,2.6994806771329296
621.0,24.732959142394613,2.725068896704193,2.6955022489303104
622.0,24.61241091222429,2.5492717434072096,2.5705466481611543
623.0,24.2688793942088,2.39238823218409,2.385689534340063
624.0,23.84711298485334,2.3125075348014716,2.2367403331940166
625.0,23.689677600594404,2.3065163614118016,2.1485658289216905
626.0,23.800586138210104,2.3799588647949403,2.0872634677480613
627.0,23.865967615498104,2.49768818213776,2.0397631236716176
628.0,23.748046076890883,2.66493511987641,1.9752536669263525
629.0,23.530375022003003,2.8504440744786717,1.8978985547249123
630.0,23.19035287756497,2.9320533782365605,1.854011584246484
631.0,22.649106005017142,2.8176175556336016,1.8673004953833616
632.0,22.09248420783863,2.6157519297642486,1.9210769432526402
633.0,21.54326139848961,2.4566033574215806,1.9993238018117812
634.0,21.162139238065556,2.389437570589524,2.0436428800657445
635.0,20.894379986734926,2.4336858631573497,2.06309414075625
636.0,20.774290057919195,2.5633959734875917,2.1025780977252255
637.0,20.928233075340415,2.768374360570562,2.2208130520453477
638.0,21.35117844768093,2.991720982737824,2.370813248459812
639.0,21.79822353877483,3.1585910459856517,2.4633481423324906
640.0,22.060102800769457,3.2863382513020816,2.5094184322873603
641.0,22.264747037991178,3.3930407749943057,2.5595832489624577
642.0,22.39992515947905,3.4053396155998126,2.63373790397784
643.0,22.491247253338692,3.312581420084025,2.6988831147397283
644.0,22.582596973224998,3.243920937528992,2.746181121619514
645.0,22.643298647846155,3.2763578214722875,2.7972068445681533
646.0,22.58013829584969,3.4192695156703556,2.8607651880893092
647.0,22.643318919050113,3.5696036328998804,2.8971369548067964
648.0,23.118475573526407,3.6085523451609998,2.936921410901523
649.0,23.898835172319377,3.49954655055625,3.002598404544548
650.0,24.594066237655433,3.3996165830162055,3.0673789816750334
651.0,25.057563497469243,3.4169636367694864,3.0875685667596224
652.0,25.410489321571234,3.5353170106725766,3.0067685888531774
653.0,25.72470074210956,3.6863617152994004,2.8456757394750865
654.0,25.84223811773383,3.83541289157784,2.6884618292367617
655.0,25.772314404268887,3.9707429350407355,2.5316899353348203
656.0,25.685047078382226,4.112835633042053,2.3770115018657605
657.0,25.80430931754541,4.154197727351709,2.2367049480630627
658.0,26.15853557354889,3.992693739390759,2.132060070822003
659.0,26.54040328726165,3.657640950016,2.1077772473059597
660.0,26.89078971440166,3.28570799816484,2.128459325311441
661.0,27.08620976558982,3.0784794952257366,2.1075882247622504
662.0,27.073768832451073,3.11007502459863,2.08445451657128
663.0,26.83215281096931,3.3046249778375616,2.1153981570599054
664.0,26.638386776423662,3.493389956251562,2.1241639129343692
665.0,26.689007149126205,3.598360952554544,2.132891010617044
666.0,26.926889679261016,3.5820805295350193,2.212419624826612
667.0,27.237792009042106,3.4703161939895404,2.377315422518612
668.0,27.791894218483243,3.2495142143528097,2.56840208275225
669.0,28.752358348460948,2.899761843497064,2.7181428736975572
670.0,29.684747970217476,2.567686721440089,2.8259040212896513
671.0,30.25132980461439,2.415618738836687,2.924181875373124
672.0,30.3394535741513,2.512449631221139,3.100615824895034
673.0,30.396111579839605,2.667905266411969,3.2835177368582436
674.0,30.88465630280396,2.765129852394561,3.3244378410768105
675.0,31.752301317517446,2.817365439150902,3.278106004182484
676.0,32.57332556888898,2.87429127059478,3.2295013066345692
677.0,32.8834839676383,2.961977580134502,3.157329365345003
678.0,32.67596827730347,3.0081023589237117,3.0301424299279853
679.0,32.29508281378664,3.0165844930714276,2.972741878212092
680.0,32.182800449948374,2.9646498213112227,3.062896317821033
681.0,32.63915842711342,2.8744049973734205,3.264117012625563
682.0,33.60926968928104,2.742580795382688,3.4835607582570023
683.0,34.69064754120289,2.6071116086456674,3.6574483642039235
684.0,35.567798455362805,2.5552027295500226,3.7292332989348442
685.0,35.8891954329391,2.6009707230214003,3.6874386779540207
686.0,35.49637806356801,2.7344869845042648,3.608360068287192
687.0,34.77154144825201,2.8807883880153313,3.5806672465233125
688.0,34.571706542059324,2.975267763222602,3.5776957581488493
689.0,35.07395152794184,2.994700093387232,3.5839492237756945
690.0,35.865324191522255,2.974428280846548,3.6177878496557896
691.0,36.55435034333559,2.8711132564298403,3.7015552820101703
692.0,37.07907309873298,2.7094515333349687,3.7927639231538812
693.0,37.58140261987257,2.555807286091777,3.81028783745714
694.0,38.297248817224414,2.4309734818650437,3.6938998746944107
695.0,39.39682379845076,2.265353914639933,3.4949503480266766
696.0,40.032288304219065,2.1375788862479763,3.3608168919945487
697.0,39.68860960217713,2.123461975002915,3.4484155369411806
698.0,39.11130861207803,2.148703410990097,3.5652320203968397
699.0,38.886664697157634,2.1923920295002084,3.6774821614605386
700.0,39.378244605068204,2.233867003432275,3.7946263920768066
701.0,40.341381902949834,2.2634085272086364,3.884411964566146
702.0,41.31838526058013,2.275331409262829,3.864320259261753
703.0,41.755965636725065,2.223372052725759,3.81638964078724
704.0,41.7666288163692,2.201973692887814,3.796179052035246
705.0,42.029544171267304,2.26832907706729,3.769989305814761
706.0,42.58398680652212,2.405119097416729,3.68557198890061
707.0,42.89388207381925,2.5953518990719675,3.6100517941857766
708.0,42.805165415411224,2.794459091265144,3.649226681377806
709.0,42.51425301610253,3.016221193547122,3.6565614256890626
710.0,42.280431327706204,3.2627892329205626,3.521282949606912
711.0,42.26012617666962,3.509038288032998,3.2884131768350984
712.0,42.51416173201495,3.592153485343152,3.1133664145970283
713.0,42.99782250811081,3.48223952581144,3.0011427164944227
714.0,43.37927234276073,3.2716581014580512,2.9120053220496147
715.0,43.35017844758586,3.0792455836150845,2.79864914755565
716.0,43.25615725826217,2.9533039101018432,2.679859952491729
717.0,43.383400335038516,2.904108783626268,2.5477801853170274
718.0,43.871338299237166,2.861440494356904,2.383268050634342
719.0,44.502829117303044,2.7915241870102494,2.221657472058503
720.0,45.086498166782874,2.717968775969269,2.1584008703930846
721.0,45.51446643633865,2.6783859462378,2.21060290559693
722.0,45.72282815054844,2.6551732304562528,2.2571681701085002
723.0,45.80494267527931,2.5837711516641417,2.1846297923524625
724.0,45.74862465442717,2.4415047822441402,2.0168347990365483
725.0,45.432564954452246,2.2629111490219533,1.9083301956405627
726.0,45.181426326540304,2.0856971761524896,1.9425232852820358
727.0,45.3263587186652,1.9783664458992218,2.06443630971833
728.0,46.01698949923152,1.9570922712300993,2.1711681238740965
729.0,46.84775176749306,2.0042006856342023,2.2269974930438403
730.0,47.5452805513278,2.0571476441759997,2.225082879409169
731.0,48.1743739808554,2.062968921881288,2.2010265885879186
732.0,48.70313552252371,2.022028798336748,2.162211321280322
733.0,48.893400160323296,1.939104375098598,2.08489139357409
734.0,48.55929080332311,1.865410596060122,1.9489841937088574
735.0,48.0745507530827,1.82810818474176,1.7759963487179171
736.0,47.47768423361136,1.8602302750087079,1.6128746254998003
737.0,46.740206001892034,1.9264044530070725,1.502723153390088
738.0,46.280931318020826,1.9579561411044195,1.4185945283914756
739.0,46.22737734155524,1.8950696841940897,1.303564952766536
740.0,46.325482286560145,1.7300548908465596,1.150299944064937
741.0,46.40081296779422,1.5423405722910024,0.9823951721222501
742.0,46.3994699602206,1.4085097159145104,0.8202088960198225
743.0,46.3855588912608,1.3242778070652896,0.6820263560802768
744.0,46.42398065933199,1.251936270124176,0.5815200663196369
745.0,46.74630328950586,1.1245994417519687,0.5285894445080648
746.0,47.328521222542555,0.9415074732190862,0.5328148270035555
747.0,47.84912658636583,0.7833489403028002,0.5649680563223448
748.0,48.05932581397624,0.7112080863587714,0.5817192831234577
749.0,47.88076770082458,0.7131434471648039,0.5450666164705128
750.0,47.562115006452636,0.7189993945244223,0.4821397535728655
751.0,47.20110631991557,0.6802550047970326,0.4383660415753089
752.0,46.93917917694103,0.596678091009348,0.41984950496820267
753.0,46.82465127588724,0.5135791530526967,0.41987022691912357
754.0,46.84702652265611,0.4607002593009215,0.41700477648726486
755.0,47.032348891861716,0.4589853154887023,0.41552276117130266
756.0,47.395559137848295,0.49475436905332826,0.39560942483001
757.0,47.806115314871214,0.549027960500924,0.34309319854089654
758.0,48.32654151178978,0.5972893785680998,0.3005754418707121
759.0,48.92808334716266,0.5947796405753762,0.317530480612465
760.0,49.460114789011094,0.5309947124539454,0.40116695616585635
761.0,49.972471995405854,0.4315149824039998,0.5467253735174401
762.0,50.44468989195279,0.3276376387329599,0.7083026959239842
763.0,50.69626203949818,0.2530011532608399,0.8019659569712705
764.0,50.88733957273478,0.2304661871527235,0.7445972038682117
765.0,50.61588372457345,0.24304394184631675,0.5676737774768642
766.0,49.78701167335762,0.26994453675789676,0.39179812946883996
767.0,49.04594336430481,0.26981964853238877,0.28556297834766486
768.0,48.82094888739314,0.22936027644143278,0.24555514434974415
769.0,49.12807409945515,0.17986465236652083,0.24729830884354095
770.0,49.478119099966776,0.13804347262568034,0.24386939236619562
771.0,49.809813743406245,0.1096175553365763,0.21684717983236093
772.0,50.19848330388543,0.09493634450745632,0.17935378307327612
773.0,50.57698237310015,0.08549099399786485,0.1315912988515225
774.0,50.73045055252282,0.08339361694702084,0.0807803888015881
775.0,50.51053353402168,0.08783779090284802,0.03727076199757691
776.0,50.10032138077981,0.09333736828572245,0.009422666438976398
777.0,49.64662119948523,0.09031903823718751,5.3360687425600104e-05
778.0,49.4463793001628,0.08052058320702,0.011966688426369599
779.0,49.6611339935273,0.060195896266190325,0.0260278819319281
780.0,49.621391001262666,0.05232074326179837,0.0315629370253521
781.0,49.07627407924276,0.06174830388304355,0.029595249869289995
782.0,48.42218577277862,0.08091691699182002,0.021010693834435594
783.0,47.9369643561754,0.1035486110260899,0.015734405846659597
784.0,47.355754900821175,0.12393314027313203,0.0159604109436304
785.0,46.432381966574106,0.13977312404275352,0.026688423817446398
786.0,45.30347600470877,0.13880951516082002,0.05537834510208161
787.0,44.27236737127767,0.13216300388928992,0.1047032333378641
788.0,43.33167861547204,0.12770956454256244,0.1670548258820281
789.0,42.58076385355482,0.11773698908549751,0.22340856271932247
790.0,42.05779387742776,0.11439896467430555,0.2525636186581264
791.0,41.59439261602483,0.12684682565758432,0.2520323939197584
792.0,41.27932613221717,0.15646189892202236,0.23406229486002247
793.0,41.35162000883759,0.18312293804939547,0.2056287195767809
794.0,41.745091766690976,0.18199743165786486,0.16110792736155038
795.0,42.324607797776444,0.1443712506311088,0.12192785263125609
796.0,43.19138089734441,0.10381383237837154,0.1029696091298884
797.0,44.01269296559145,0.08427882195642243,0.10300818999223209
798.0,44.37920631321944,0.09887778997359205,0.11943082383252251
799.0,44.37238238954643,0.12346235968585204,0.1339505320158009
800.0,44.6569162201473,0.12458676905161999,0.14993196356604008
801.0,45.13822518501162,0.11303556374606435,0.17148498842765159
802.0,45.74036213192939,0.1053258546063024,0.2059384425354481
803.0,46.3888782106879,0.1022132436289635,0.27270185324647683
804.0,47.14046512854744,0.08021548297862435,0.34581291703396
805.0,48.1923446319086,0.05137983290943993,0.3935982738982921
806.0,49.56354686071859,0.03772484617232242,0.44049378745264367
807.0,50.891094878172275,0.039950355413222484,0.5093311777623365
808.0,52.0953844148713,0.04860266891961684,0.6120188871236497
809.0,53.53895919145233,0.05877696934574433,0.7101369529101376
810.0,54.95035816911678,0.06477774269667833,0.7645112328486889
811.0,56.11608479848899,0.06337044980861434,0.8000248455915664
812.0,57.135178671796034,0.06633598428275286,0.8301568382121247
813.0,58.133381475625,0.08734408665650885,0.8291241392512515
814.0,59.0673457112326,0.1215106168207128,0.8092703004140304
815.0,59.80230537201669,0.16058941382848801,0.7865160301976123
816.0,60.125089021965294,0.198034959225216,0.7711625794434768
817.0,60.27683065221133,0.21549864862362225,0.7447463377923971
818.0,60.541187727738794,0.20633473163908883,0.694873338423797
819.0,60.73990605053395,0.19530448481332882,0.6734073205837201
820.0,60.923212313423285,0.21308465992768352,0.6788311155699263
821.0,60.89909731617152,0.2630670459963843,0.6788038113981602
822.0,60.938583699351945,0.30008383204884626,0.6387327079770024
823.0,61.07613734546951,0.3100848738120223,0.58696129063332
824.0,61.20255462186194,0.30644702992449624,0.5455979576347608
825.0,61.55859528246083,0.2800866897629088,0.5137203560306943
826.0,61.83699604069009,0.21529591648000795,0.47940040861300076
827.0,61.755897928592574,0.15366641472948628,0.450247589244108
828.0,61.67303185607348,0.1151267293908899,0.4182757448926081
829.0,62.0824502397734,0.09384627872355995,0.3670921739249423
830.0,63.01029514695796,0.09075391226520992,0.3327926342465124
831.0,63.90495835104814,0.10798443351702242,0.33368852234768404
832.0,64.54307328264134,0.12086348449614752,0.36088060586089216
833.0,64.89032738515368,0.101838716852804,0.39562314918135605
834.0,64.94866938557611,0.05924972791652885,0.4253801798822975
835.0,65.0887230190879,0.02305533701122555,0.45778834485633624
836.0,65.12906531640012,0.007931457389212877,0.49272991370467295
837.0,65.16502989729656,0.00653484368102438,0.5128499827467023
838.0,65.25569702500803,0.011466047160936872,0.47198557058544366
839.0,65.23912278606122,0.018206895598384887,0.414163848904697
840.0,64.99946872573503,0.01976998536940834,0.4108240683522481
841.0,64.69367832896779,0.009301246462420861,0.4944170817780804
842.0,64.58431917278278,0.0003822318255624937,0.612377350013885
843.0,64.49982552888515,0.0017827285284169147,0.6775911014710083
844.0,64.6097725938578,0.0068628234734656,0.6463584027230722
845.0,65.04666662101289,0.01318017654450253,0.5690072616804901
846.0,65.73537380287729,0.02489089012614095,0.500421225656885
847.0,66.16212779019152,0.04781067373851046,0.45883989817492826
848.0,66.62027863889513,0.08027229064932252,0.4375002013864804
849.0,67.44401241784975,0.0966774338070025,0.4198266971581226
850.0,68.58905565492695,0.10030321616864904,0.3837509729883769
851.0,69.97920158551328,0.10440137746848051,0.3205850558493361
852.0,71.5222696139143,0.12391208205179043,0.2392925132641156
853.0,73.11911838235636,0.14486783912340648,0.15740961823641605
854.0,74.34793065005564,0.14739258537945654,0.08845490299941607
855.0,74.85760027954255,0.11620357861133168,0.0358506088142049
856.0,74.4697426225678,0.07652574476443692,0.0080672354004841
857.0,73.31144967377553,0.049255286263502424,0.0005143325052100001
858.0,71.91279426312896,0.036265180720956164,0.0002927106952641004
859.0,70.96847936561029,0.03110339631840257,0.0007873989559969002
860.0,70.4708400075698,0.033042695952250005,0.0014621178775225008
861.0,70.81367945606841,0.03868468239700843,0.004251658118467601
862.0,72.1069835442056,0.03967112677825447,0.0099119984633604
863.0,74.27120946644217,0.03943336108872251,0.015721980016782405
864.0,76.72301722007312,0.0504645044061636,0.01860575931258491
865.0,78.31765770884601,0.06762903991810568,0.013981009755342395
866.0,78.7353909543782,0.07739791630713615,0.0076245082176649
867.0,78.49086942156315,0.09116126596697773,0.003416065836294402
868.0,78.3350489176101,0.11356834622094096,9.053046756250032e-05
869.0,78.09634863063185,0.14110587539398456,0.00022846775952249982
870.0,77.63006782615746,0.16195655311182763,0.00015184868883609992
871.0,77.28751921335723,0.16752269990343702,0.0065711402550049005
872.0,77.25228774630338,0.17710508516610252,0.0249368977199241
873.0,77.87751315958522,0.20333477153196491,0.0570197041682401
874.0,78.67579941424896,0.2422879216008003,0.0886830293852416
875.0,78.86439866413522,0.25944901543550447,0.10392890308560361
876.0,78.26304070506241,0.26685644614225,0.10731267256837693
877.0,77.91733903135922,0.2821889087559936,0.11933868029757609
878.0,78.37723813752586,0.29833757519623705,0.1504847427123769
879.0,79.28260645473648,0.30498319928806583,0.19046134280831292
880.0,80.16862371046491,0.3006740468065011,0.2297966323403664
881.0,81.19368062012803,0.31068244158210273,0.27021643996284084
882.0,82.56213813136843,0.33246231296070267,0.31197256170860166
883.0,83.93061012904343,0.39165044710483243,0.3196595989171808
884.0,84.78727431296032,0.49074072572463234,0.31776838911606003
885.0,84.92999110917455,0.601544082828853,0.3245438476562499
886.0,84.48124093191272,0.7141852209870401,0.2959478157979396
887.0,84.12203905934557,0.8219083835860574,0.23419650081856094
888.0,84.28071544911842,0.9066042856692906,0.19238556570448406
889.0,84.79183638612298,0.9540754523289802,0.20096057090478758
890.0,85.36468795782362,0.971977179474341,0.2513100617797225
891.0,86.20145095754434,0.9311327868829289,0.32393184771301214
892.0,87.52934160063111,0.8717557280979599,0.3925901904652325
893.0,88.72038446190403,0.8265152477197459,0.4507687484390595
894.0,89.43486167238046,0.8228113791520402,0.5073873026303376
895.0,89.79010869012392,0.8140353213896842,0.5893770933268202
896.0,90.25557240601317,0.7840587324562281,0.6915572460726241
897.0,90.77783655812773,0.7420349580385399,0.7948666091605265
898.0,91.33407059040918,0.683932986145808,0.8588495854043047
899.0,91.80836300365755,0.6178811267322225,0.8456060238871921
900.0,92.07964766600999,0.5821818642510652,0.7836655441312999
901.0,92.11996140560225,0.6131838719499363,0.7261074036868098
902.0,91.99259276429918,0.689428994112332,0.7439961424654521
903.0,92.09125954284481,0.77643712995489,0.7959194536205126
904.0,92.54027075726174,0.8427216866415881,0.8365091107000386
905.0,93.32789410730314,0.8931945977514735,0.8196156189390627
906.0,94.29503766119426,0.8971114973040906,0.7771956562007402
907.0,95.2517218378853,0.8525216875074201,0.6975882054888516
908.0,96.00407087695223,0.7871501013390403,0.6018661985761298
909.0,96.34683808043197,0.7479326931542404,0.4957402356245329
910.0,96.16905797572646,0.7241074100439004,0.3998725172004676
911.0,95.83284985795366,0.6612568658560802,0.3494261528573841
912.0,95.80719035916756,0.5641991011523347,0.3448533192469368
913.0,96.03871189231913,0.4731378976400403,0.3452944790868169
914.0,96.03949079267497,0.4107190480817956,0.3112766902814975
915.0,96.01166813378826,0.3788310052464002,0.27179295573427553
916.0,96.2760322149099,0.36581411528397634,0.2622664847041599
917.0,97.36650200915372,0.36642796824904367,0.25903300352312253
918.0,98.96391447634151,0.37030347887843584,0.2466682054484209
919.0,100.24318927304833,0.37043459125022454,0.24511339517091843
920.0,100.2592904613046,0.35717327078006267,0.23949455595887606
921.0,99.34203467121056,0.33566704767684025,0.20333800017902248
922.0,98.28357756084708,0.32047103284459216,0.15491268663846014
923.0,97.40312196720403,0.2992093063200784,0.1253708122723081
924.0,96.98033732261185,0.2640154934823846,0.11419577924939563
925.0,96.85224973427849,0.23333577606449643,0.1071342385688689
926.0,97.0043315406373,0.2284878718164025,0.08982445368499842
927.0,97.29687653521876,0.24292689923882257,0.0747410040117601
928.0,97.74637182018519,0.2533242578243586,0.0595538084515201
929.0,98.13957836038085,0.2512656778982465,0.03729899218248091
930.0,98.51366858269516,0.21905912012775058,0.0200994559335025
931.0,99.04482485764022,0.16604718732365445,0.013866268286214399
932.0,99.59746869596789,0.12071599895472654,0.011608176951562502
933.0,100.13276663822138,0.08904464881225002,0.0083846729849796
934.0,100.97008712983356,0.06997360259705772,0.004567718708010001
935.0,101.57336810587552,0.05942154586062255,0.0008359424865289001
936.0,101.96713364024218,0.06032420332921963,0.0002416202883395995
937.0,102.33149148222842,0.06825588364339297,0.0033594172418303994
938.0,102.36228073903366,0.08429812855396011,0.004900477411628098
939.0,102.04961523736415,0.09897332988407298,0.0018797028486915999
940.0,101.5247252774386,0.10537676152333703,2.50637405769001e-05
941.0,101.42673172652594,0.10470996388485615,0.0017042497601535997
942.0,101.87104489042733,0.09319866257439362,0.0034076277825121014
943.0,102.40090704364889,0.08307733418133222,0.0058290888713409
944.0,102.05741894934785,0.0773973320781376,0.010214403059668897
945.0,101.02794498635093,0.08228209637407369,0.013592593857798404
946.0,100.09334957519565,0.10779616962349294,0.0167156429352201
947.0,99.46882025945193,0.16955201287696373,0.017150424689736897
948.0,98.95296514761024,0.23963077027932173,0.01897211476449
949.0,98.53399944201284,0.28896688318096014,0.030976830725569608
950.0,98.76781387337209,0.30572940635968104,0.06867403896558238
951.0,99.61631214868002,0.3254520855334466,0.13951714557760364
952.0,100.55457074717604,0.3626330128884324,0.22700653689112088
953.0,100.60800758413558,0.4226549091967226,0.2836933959791375
954.0,100.06713266320585,0.5077669927888443,0.29365670463902
955.0,99.28406640988658,0.6079091514423844,0.3124279531515026
956.0,98.30334510048283,0.6744925927740005,0.3518978786802362
957.0,97.18360289514236,0.6846991536902504,0.3961886835877441
958.0,96.0516168792696,0.666794224348596,0.4442018420043962
959.0,95.28249411581157,0.6451013733149215,0.49160987813206086
960.0,95.11975047704283,0.6627501805680901,0.5507147253544337
961.0,94.87492267330082,0.7237744735404096,0.6361380197744122
962.0,94.16930217458814,0.8292255061712401,0.7409434134924902
963.0,93.59749391958485,0.9601560542927812,0.8361218187451811
964.0,93.55953258999625,1.1123595211023938,0.8761698145147251
965.0,94.00039004797084,1.2669070595125156,0.8440760949420997
966.0,94.66667192943203,1.3951720655229611,0.733611213032545
967.0,95.1977792282541,1.4696247380486407,0.5966087888607027
968.0,95.78414406299628,1.497015285383578,0.45763207699230796
969.0,96.20612866369787,1.5306547589654693,0.3635813710648681
970.0,96.10087077801865,1.5558970156831209,0.30958296304323996
971.0,95.69476262125262,1.5663784287711684,0.28586346493724
972.0,95.33803097725699,1.4954041643784963,0.2691463221110597
973.0,95.0787139663091,1.4232448722229927,0.23360237897049
974.0,94.97920781780364,1.3958400048622936,0.19129131850807687
975.0,94.97007804461576,1.4659116638875922,0.1656217972368964
976.0,94.92773513106746,1.6302288629933062,0.17463012145353607
977.0,94.64459482157753,1.7793717793679027,0.20322560784636007
978.0,94.24227648375597,1.8459853917032025,0.22614601443553436
979.0,93.94450739980635,1.8551809380070732,0.21151807273168363
980.0,93.57450949671075,1.8825751244511233,0.17306551821087357
981.0,93.2286176823705,1.920050171451563,0.1265764340966724
982.0,93.32834835097563,1.9505283466174494,0.0836581347248656
983.0,94.00085135470911,1.9680416275626647,0.0425356223195556
984.0,94.3860883916501,1.9729038849249414,0.012568557927776397
985.0,94.36957416008012,1.943741748222332,0.0010027982556601004
986.0,93.96663105226492,1.8908157723121977,0.0009047829377521004
987.0,93.42700955554963,1.7571169223226373,0.004776457486086399
988.0,92.87480641449463,1.5612744154235092,0.0136739836603561
989.0,92.23176148404794,1.356117683748116,0.0344245943545956
990.0,91.43424503396282,1.2352185844790546,0.0728725867775929
991.0,90.93954490979095,1.2049876396381043,0.12779052048399997
992.0,90.97094811327909,1.2600150953155238,0.2008613953258969
993.0,91.24647292606589,1.3808106327394207,0.2688028972902025
994.0,91.37569098222565,1.5039487934648104,0.32685184386377647
995.0,91.0536272150979,1.5316323000911698,0.3723477500252416
996.0,90.53059296694845,1.4314861177483442,0.39183700117032255
997.0,90.0055796628417,1.3114061065922888,0.39576951513462255
998.0,89.493491820798,1.2657430377520518,0.3861847404087696
999.0,88.69442492345351,1.27697001575976,0.3763743236217316
1000.0,88.01200919397714,1.316162990487761,0.35851405253378493
1001.0,87.54099265611661,1.3925157132039412,0.3341653064263089
1002.0,87.40448179550569,1.5140456912206102,0.30032645745984005
1003.0,87.38367768798017,1.6658281970579094,0.28029452602368
1004.0,87.52016108146752,1.817286038478951,0.27655626379726883
1005.0,87.88548082527343,1.9182421186381924,0.25639237828512085
1006.0,88.64685046153902,1.9200695430097485,0.20745613653066092
1007.0,89.61839052460296,1.839257690198523,0.14791139105625
1008.0,90.21184405375091,1.7692425181791376,0.11065793857229439
1009.0,90.01794978357428,1.7491685509650494,0.08739159235607612
1010.0,89.19362157863675,1.7480927069718848,0.07013603059712642
1011.0,88.25409168646472,1.7484891113819814,0.0448366988403684
1012.0,87.344033714809,1.767267376285489,0.0231019480455625
1013.0,86.58320012018855,1.8119722605411366,0.009919889089849598
1014.0,86.2308377066261,1.8626404709516569,0.0015563190690440988
1015.0,86.31598231896027,1.9022005014481225,0.0010434902696100001
1016.0,86.45625489415625,1.9109600047325535,0.012965459124040896
1017.0,86.46579844325156,1.925988756732001,0.032081653046790407
1018.0,86.1373894114927,1.9951739910394388,0.051181347665702495
1019.0,85.48235346714225,2.0538992024033345,0.057847609534089996
1020.0,84.87979445687316,2.0509617081427685,0.06253820083543209
1021.0,84.80637885945568,1.9979300073815103,0.0675472043124025
1022.0,85.21049624211399,1.959663510443233,0.07551098400646439
1023.0,85.44138306175867,1.9240044920663124,0.0805286592615184
1024.0,85.08305431154673,1.9322880437751704,0.0919351215848025
1025.0,84.27940062978206,1.9738075119907597,0.11268511073716092
1026.0,83.77838983835082,1.9839807623237904,0.12775251624902562
1027.0,83.71921701218436,2.0039002574745863,0.12680819995993212
1028.0,83.52862541405615,2.0418586065129922,0.11588896275310238
1029.0,83.21454944240483,2.1807038190675967,0.09319241655694889
1030.0,83.22362500263878,2.3749623949356904,0.06898864186447212
1031.0,83.42578875587876,2.4922455398825636,0.06043583548574011
1032.0,84.27148181890101,2.356068954483689,0.0799399962890244
1033.0,85.94508733028275,2.1439409990788736,0.13197222761923239
1034.0,87.91993706853171,2.0947150936465633,0.17644919382927363
1035.0,89.55725554523845,2.2133185643052125,0.17601412205973693
1036.0,90.69642731900649,2.374335551184168,0.16714541126632412
1037.0,91.21495859144311,2.4858199564917896,0.18077616161284
1038.0,91.26776930636058,2.5324636329414254,0.2013405025644324
1039.0,91.14306112859403,2.5488954921896445,0.20481491630163243
1040.0,91.11661473203543,2.547694662885003,0.18075385747346487
1041.0,91.7965597261565,2.491464909837501,0.1649892193888225
1042.0,92.7940137279285,2.4471029442467347,0.17548660186366413
1043.0,94.02719522399643,2.509824140382003,0.21784195228257636
1044.0,95.12967103154928,2.662538680941988,0.2914763207171209
1045.0,96.24204083148177,2.8589301663698956,0.37143520199942553
1046.0,97.1409333172202,3.0802511183499366,0.4195317287870362
1047.0,97.2316877497077,3.2980091268974667,0.39863628475225
1048.0,96.71491983937536,3.4886177057025898,0.3257809613700626
1049.0,95.89115788534544,3.584644415599118,0.24729454933809614
1050.0,95.29717427257768,3.5431303517810218,0.20703986056666893
1051.0,95.56305666283066,3.3920608169932334,0.20707019306611557
1052.0,96.42759827617536,3.2021621169031325,0.2248819622601841
1053.0,97.55395304792384,3.0739937740423406,0.24247424583222757
1054.0,98.57864702625757,3.178822197478032,0.2502805986914704
1055.0,99.02438444325213,3.516238339248602,0.22973913058321005
1056.0,98.51809556166037,3.8867526714983125,0.19689205311504
1057.0,97.32820764948542,4.1120898854489,0.1697855733452025
1058.0,96.10578239252115,4.139416937093605,0.15058005511853162
1059.0,95.21621545904172,4.057619700665696,0.1352314058035329
1060.0,94.64679582047592,3.8859830024745023,0.12744874296012962
1061.0,94.52720381130324,3.64422678460164,0.1342610221589316
1062.0,94.7601004810208,3.4374900928043037,0.1723887730154529
1063.0,94.74059280846664,3.3903258848397377,0.22845902040277688
1064.0,93.85938817913026,3.5117802017733135,0.24788021265048998
1065.0,92.05853405527611,3.623977706081545,0.22092119750850248
1066.0,90.30995856522395,3.6708858611713606,0.18994911382551039
1067.0,88.79599715530384,3.639813515540022,0.18357564078499838
1068.0,87.441483400428,3.495477972197668,0.1946019233509264
1069.0,85.90111203146469,3.249329410235331,0.20060257665650413
1070.0,84.35755957716013,3.034179726966091,0.2101243441419684
1071.0,82.8792139504967,2.845060724199408,0.2223529045884721
1072.0,81.45636951378306,2.6224181422992396,0.21282440933468155
1073.0,79.84760268497202,2.487675702461093,0.17942425222500002
1074.0,78.51346438571846,2.5088539807066126,0.13893717258727295
1075.0,77.70389003036102,2.5898421448918225,0.1094867494243524
1076.0,77.23332171635587,2.6795952516364254,0.10453973460860252
1077.0,76.74664531693472,2.7610066466398453,0.11707545697966813
1078.0,76.1847059301989,2.817859812936204,0.13849349381017959
1079.0,75.76317388881118,2.834328885004111,0.1524249575806321
1080.0,75.44956386166632,2.816895277081592,0.15118957766748156
1081.0,75.13088720376855,2.739504772407604,0.1318601868503364
1082.0,74.43078600393217,2.5867636672956102,0.1066805656084081
1083.0,73.80498031530627,2.3587106667093023,0.0907783998338116
1084.0,73.44774132527968,2.1976452237995763,0.1036117751021089
1085.0,73.240271150809,2.1041391963719174,0.13615080841071614
1086.0,73.01675514914933,2.014165397447702,0.17625505418730805
1087.0,72.61260976016483,1.9485399368172545,0.20614483000806252
1088.0,72.1819811664042,1.9059605475640906,0.2363526443228769
1089.0,71.907957780736,1.8433877674187888,0.2579522216266008
1090.0,71.55157370467467,1.7868112152468965,0.26497696191835696
1091.0,70.80336377733386,1.8160596657742571,0.2457209486781504
1092.0,70.59328253984594,1.8538267624264255,0.25402722924409965
1093.0,70.397136103672,1.9147208897433607,0.30794151145804854
1094.0,70.30572344135169,2.03572682198522,0.3908266760241423
1095.0,70.17272301136258,2.1423101972203584,0.4925763255823523
1096.0,70.35430392988256,2.195606474212411,0.6008658166336224
1097.0,70.74363530038154,2.2164463854249026,0.7050741907940418
1098.0,71.07627808919551,2.2475262203280324,0.7508774643950596
1099.0,70.8956647675062,2.278452766813892,0.7373430033205044
1100.0,70.29548658193775,2.2838397788231095,0.6950300456245445
1101.0,69.60917179289164,2.2625440551342924,0.6449451317442575
1102.0,69.29314888402541,2.2510610150541774,0.585380902081572
1103.0,69.48040987766134,2.2376113502925623,0.5128581896917923
1104.0,69.94082140387894,2.1991378255779406,0.42518250442404
1105.0,70.39319255003932,2.1744853577817764,0.34633126132070563
1106.0,70.59314693193983,2.1934798962912203,0.29912857452519037
1107.0,70.88942925335459,2.2294697472528107,0.2808200392911936
1108.0,71.18325535206799,2.2458293844637227,0.25705812608100004
1109.0,71.13562876700375,2.2891663673807576,0.21698806743924837
1110.0,70.80990197415228,2.3995653826953647,0.1691792724062464
1111.0,70.30302153297988,2.55695335498957,0.12275748315916962
1112.0,69.93493192443664,2.6807711341127245,0.09422377856756642
1113.0,69.84573393967105,2.8005212197161238,0.07360561081653161
1114.0,69.8401351113851,2.920231311050666,0.05322816998553612
1115.0,69.47961150662874,2.97522998811025,0.030026440120332093
1116.0,68.72127313907025,2.967643471410202,0.013115911491078406
1117.0,67.80566565479899,3.022334754366596,0.004894102175779602
1118.0,67.39282042452778,3.220741631020551,0.005142199325356901
1119.0,67.20676770314809,3.5056199659194087,0.014455517407209996
1120.0,66.6193659532438,3.742925450681789,0.030642817590810004
1121.0,65.460753371524,3.926438075924673,0.0374360427772816
1122.0,63.817690975637966,4.1124824824864366,0.0310469016457161
1123.0,62.26300114339084,4.287892748782019,0.025359103790976407
1124.0,61.18719362528844,4.432462578981274,0.02412420920809
1125.0,60.601689543855684,4.5762789371156884,0.026127376452122507
1126.0,60.00201888833094,4.7643956853351845,0.026401544209670398
1127.0,59.26804317319081,4.835446587452712,0.02537952634882091
1128.0,58.98874569386815,4.859273725726082,0.027260126623088094
1129.0,59.06241109026913,4.997737768822686,0.030356451814860904
1130.0,59.045756422171785,5.271251355585949,0.0376864801956036
1131.0,58.92264677000398,5.441552972896323,0.0519947484755449
1132.0,58.72903943649824,5.403179655612884,0.06794302044379241
1133.0,58.77365706778032,5.298602320319877,0.07952986570816
1134.0,59.2171054209939,5.312854661865303,0.07022684441211041
1135.0,59.58351815872248,5.407136960209517,0.0478031347589184
1136.0,59.7537127349636,5.418809921082388,0.025410020975144106
1137.0,60.1293066717054,5.350926439792442,0.015105435003388895
1138.0,60.58846856006305,5.285464682491823,0.014392335420163598
1139.0,61.09693234235014,5.230940079487523,0.017659350774480106
1140.0,61.51904811325505,5.114980479472709,0.023449703438361596
1141.0,61.90617728461154,4.997965485769002,0.035659129314062496
1142.0,62.20966234877026,4.941863403493853,0.04406340879337962
1143.0,62.21094609400273,4.934165204637647,0.03767413453502761
1144.0,62.148153385768204,5.034828985298852,0.022224497554168898
1145.0,61.84160894398097,5.26477430449216,0.0062638962012484
1146.0,61.452789166787056,5.499938603043145,1.4522806374400125e-05
1147.0,61.03008088676452,5.640307751960904,0.0044431969764360995
1148.0,60.39044329245717,5.742363105579209,0.015957649390488098
1149.0,59.63700393325003,5.889842930468021,0.027385066785235602
1150.0,59.1133482477723,6.0206265631861795,0.042964583841
1151.0,58.889691242651615,5.985911550782308,0.07671391532147288
1152.0,58.90540917919767,5.698696816928036,0.1396668177856576
1153.0,59.14465912588113,5.3852413540868,0.19830137906678488
1154.0,59.575640370895115,5.258874020952251,0.22048620856096807
1155.0,60.07431282076592,5.346514213479365,0.2231140879382116
1156.0,60.47693161937523,5.4798688512892815,0.252877945235484
1157.0,61.06595872902462,5.494427603901812,0.31900832537956836
1158.0,61.89251721881006,5.342354031193824,0.3928602510459225
1159.0,62.551364033900526,5.128857348261725,0.45547307016750244
1160.0,62.62970526445052,4.915840990820769,0.5275732675109119
1161.0,62.56147665769293,4.812091240793285,0.6426698025222719
1162.0,62.80299963343661,4.834331292799238,0.8172733869274276
1163.0,63.26969423703351,4.883259440568434,1.0654414229729285
1164.0,63.50881917025789,4.881004810932144,1.3353419324544016
1165.0,63.635268969454614,4.81936838972988,1.5512400841366518
1166.0,63.92520714422784,4.6812032990705,1.6377126864976197
1167.0,64.54285813577187,4.46852340665477,1.6658165552378252
1168.0,65.12341916341805,4.222241012789378,1.6517815803939022
1169.0,65.65146121412276,3.960997739872802,1.626985913707616
1170.0,66.12802920671479,3.732902831447066,1.600131619062348
1171.0,66.61443648140556,3.6013188812473755,1.645565808519288
1172.0,67.26038018405477,3.5991562673651787,1.7950731506515596
1173.0,67.47186117968299,3.628337403773031,2.0300272564950625
1174.0,67.05531997605046,3.486951505018087,2.2720512354096
1175.0,66.15462763162124,3.258909979388718,2.461169742165865
1176.0,65.67459670594307,3.067019291035562,2.567806133698754
1177.0,65.67441793212318,2.9381092247084775,2.5451775818160125
1178.0,65.8905125343603,2.784459268539409,2.4202324217605446
1179.0,65.93100149899394,2.6651557028278114,2.254674265120998
1180.0,65.82836996460665,2.6859223772089917,2.1057432177451263
1181.0,65.92491585627936,2.8200699179087056,1.9881149742281956
1182.0,66.4632578805,3.0060949661759855,1.9116672930985246
1183.0,66.72834177819307,3.1494126141564025,1.8239635046881246
1184.0,66.28464637885918,3.1214471519335327,1.6856276297148727
1185.0,65.57460550683682,2.8959530284650006,1.5105301283947876
1186.0,64.89517685862323,2.63470909213369,1.3795313621623206
1187.0,63.78569410340863,2.4264191961144985,1.3288028678258945
1188.0,62.23507675313891,2.248274460958584,1.3159018912796288
1189.0,60.96911349996929,2.0846478988077606,1.2725410901283367
1190.0,60.16867274408106,1.9744345506401477,1.2240451949003779
1191.0,59.4943847640865,1.9662810840981024,1.2275034560490028
1192.0,58.66163680401402,2.028240563884873,1.2845878982274246
1193.0,57.94098233260266,2.061473052814287,1.3524932897595026
1194.0,57.46193777822948,2.0193319734446407,1.395084400164348
1195.0,57.133802528311676,1.9656229831258336,1.4398471000589639
1196.0,56.729167226553024,1.9323401994649598,1.4689453816803244
1197.0,56.16512723922249,1.8954700525997044,1.4763434891775375
1198.0,55.600338483875916,1.863476468784252,1.458756225139836
1199.0,55.134943613070455,1.8696502886344333,1.4586592412301154
1200.0,54.80478581334769,1.9449776075702119,1.5120725937582322
1201.0,54.53968428576144,2.07270988754281,1.6151734909954576
1202.0,54.37086120570719,2.204827750691738,1.7090978712300897
1203.0,54.11444495875442,2.2972891968972102,1.7397422702504102
1204.0,53.674050568082926,2.3251438568882175,1.7886896083093797
1205.0,53.17511822592458,2.2783777475447526,1.8765194058959878
1206.0,52.98619054166674,2.241080676933124,1.9905158942894732
1207.0,53.026356847462424,2.2064735567773095,2.0650370281402686
1208.0,53.065680822703094,2.1632798793017485,2.083117343610722
1209.0,53.26525864638094,2.00339707447881,2.0381458619213317
1210.0,53.6973791739922,1.8193412089063847,1.9396861010392994
1211.0,54.05022966848638,1.6661178875519729,1.8322486888657559
1212.0,54.465756157241934,1.5264506625350547,1.7491989964600367
1213.0,55.115735168007554,1.4047200181183224,1.688315437994725
1214.0,55.82489592037175,1.3270236607359174,1.65476810160841
1215.0,56.2289782644265,1.3368121294430466,1.5980923897031039
1216.0,56.15756495562213,1.3387855526221806,1.5607694794177596
1217.0,55.983352904209795,1.256576834779105,1.5852696289915083
1218.0,56.038981328222086,1.1029457070373287,1.6581533652644416
1219.0,56.39492708041824,0.956669574720317,1.7639440391738022
1220.0,57.06610201951037,0.8933773685524168,1.8215118529779608
1221.0,58.16419306042117,0.9171151080580129,1.8235929348063726
1222.0,59.17397685231828,0.9803096734126924,1.8199877333700238
1223.0,59.82115203429397,1.0275629355950844,1.8381191531026004
1224.0,60.02737020324623,1.0288415325694276,1.7809436837808004
1225.0,60.054955921906085,0.9589043187795603,1.5770638044602399
1226.0,60.1098601273529,0.8376860770636868,1.2907269591327226
1227.0,60.241390318861264,0.6958985659686224,1.009102038047304
1228.0,60.59629003448436,0.5463737376741606,0.8046948631305797
1229.0,60.70714048838326,0.4401435577875857,0.702871282458156
1230.0,60.47704624786315,0.402475883153417,0.7444702248505345
1231.0,60.51519588178985,0.4031040161763731,0.907384975415705
1232.0,60.962337982006304,0.38516130256632264,1.0998398775309002
1233.0,61.623032388149895,0.3483260538875718,1.198060433366681
1234.0,62.26906686512602,0.3325801333797122,1.1487652935059962
1235.0,62.98019123203601,0.3555015175106706,1.0145046985445376
1236.0,64.0493783206188,0.4048547962496403,0.8979022846382435
1237.0,65.18649236817994,0.44717056312809716,0.8030485109124674
1238.0,65.80210279736123,0.48646368948086016,0.701033293840836
1239.0,65.65594346417366,0.5147426097169225,0.5970710698099877
1240.0,65.06791406149223,0.5336509233502226,0.5476880783414402
1241.0,64.53390198136219,0.5337655763984646,0.579426368664372
1242.0,63.914325651449474,0.5333599115872039,0.646484390048801
1243.0,63.06924086661025,0.5716931832056028,0.6695487238965848
1244.0,62.47923883507338,0.6396547985610088,0.6211193896632385
1245.0,62.266607083475726,0.6921034151719012,0.5345412798028899
1246.0,62.15623130547264,0.710072690348772,0.46201205980179605
1247.0,62.10378307044162,0.7500198082371856,0.40569518779704355
1248.0,62.09100676075838,0.8117865480243206,0.3416993805783363
1249.0,62.27701422046211,0.855267913264442,0.29204359497593635
1250.0,62.32957469693641,0.8304173323254174,0.2764298552100408
1251.0,62.56234054514697,0.8171608750096402,0.29735140292239687
1252.0,62.96943903773854,0.81803159331198,0.3266200338763761
1253.0,63.12196688933424,0.8409973011869029,0.3324161177380521
1254.0,63.14911351351473,0.9019112100628036,0.3302653203751224
1255.0,63.09661476944182,0.964146344743012,0.3217630554602244
1256.0,62.712658602260355,1.0836192487597163,0.27981059390598767
1257.0,62.172852986256494,1.2599742589530627,0.21234287006169758
1258.0,61.7229156842849,1.4530413783971563,0.15989388160132886
1259.0,61.05452638033338,1.579345460012815,0.13564136170894409
1260.0,60.422334930116634,1.6303392318128644,0.1485155554496656
1261.0,59.50951142895428,1.6251607291531271,0.1805965856175649
1262.0,58.84283736879043,1.6537666278904168,0.2176004463361569
1263.0,58.92521906214589,1.7390129172546323,0.2498059876554025
1264.0,59.09455177077168,1.900988182276359,0.2500611437380996
1265.0,58.865862165003726,2.125124802537409,0.19779656731542758
1266.0,58.42233417012916,2.232613229274649,0.12727789738567838
1267.0,58.0118623884005,2.1548243566240006,0.0825921211934025
1268.0,57.76952182438949,1.9481642341835712,0.0717152492768209
1269.0,57.69844546433251,1.8422297376967696,0.0877577702627844
1270.0,57.92705278867046,1.8721454980071426,0.11295470683002251
1271.0,58.234593482961984,2.0544672249520386,0.12022502153104
1272.0,58.461752893256254,2.2647342433315596,0.12092700231935999
1273.0,58.32439569390347,2.473881375906444,0.12255494916068012
1274.0,57.724591860154426,2.64703593641796,0.11559360128854809
1275.0,56.9123133515055,2.7956647916237065,0.0967948952686884
1276.0,56.34880439997777,2.9451171758952976,0.0672981293585689
1277.0,56.24172600428463,3.166163255299129,0.0428012666810089
1278.0,56.29734215705403,3.3640488505326105,0.023562744272592095
1279.0,56.26923569421636,3.399969017022241,0.017224441565286394
1280.0,56.181604903268315,3.3077203955503247,0.013444467432078397
1281.0,56.28420174735125,3.177112709097405,0.0092485823472025
1282.0,56.76664796679838,3.26559523037764,0.00040356430498809953
1283.0,57.08213166966437,3.4248325442906964,0.00292489517329
1284.0,56.656151265486805,3.5605532059495535,0.0071515555015969024
1285.0,55.82180929317632,3.717846220371194,0.0079556998597729
1286.0,55.12817210428442,3.927652883825877,0.010811642838902503
1287.0,54.6793260746637,4.170615761693104,0.019778895155251597
1288.0,54.51521975442275,4.446756720974234,0.02371818685041
1289.0,54.73320151546748,4.6098889301097365,0.0190846626825625
1290.0,55.16490071030238,4.495552209037194,0.013023728174402503
1291.0,55.550557385238626,4.297206735329661,0.013548142884320104
1292.0,55.74614713272305,4.1814686149068825,0.0201091430010241
1293.0,55.86970405986352,4.27160222033883,0.0413398438168804
1294.0,56.112871925841496,4.310913556974081,0.0888182568921664
1295.0,56.36392457525467,4.204235463132099,0.14701730725228956
1296.0,56.47652991213772,4.023841741304497,0.19380715458491563
1297.0,56.43835461416038,3.9787220923479656,0.21894198599901693
1298.0,56.37225590682723,3.9926560539444496,0.24376528407984638
1299.0,56.298767615555214,3.867435913110063,0.26127435316900094
1300.0,56.388633864225376,3.7352299885339755,0.2635914504780965
1301.0,57.00696515743848,3.659635496182066,0.24289467606477155
1302.0,58.18676326477802,3.653780142695777,0.22282005281847608
1303.0,59.71493271726582,3.631248437360581,0.2095056027455524
1304.0,61.189291407392055,3.584146377265956,0.21347848507278241
1305.0,62.31435329604592,3.5938345078033227,0.2257923830323456
1306.0,63.18111932951394,3.6914502532886795,0.22265752195599994
1307.0,64.18814286955008,3.762990825852141,0.2216236114224889
1308.0,65.1834309748654,3.663705079238948,0.23750827779020411
1309.0,65.95860014495959,3.465947182559703,0.2719923309517456
1310.0,66.23366866041714,3.2670217629910114,0.30002663359479703
1311.0,66.32778303115518,3.101251104044565,0.3201192519962723
1312.0,66.34132229283306,2.963209008726761,0.32969599351056
1313.0,66.50012647783534,2.8371859770186254,0.33820656695809
1314.0,66.80206721744999,2.7151920447446414,0.3312310860077042
1315.0,67.07868184044408,2.6717150291869487,0.3145561549113635
1316.0,67.15316561680632,2.7340859281712664,0.3009297909556625
1317.0,66.95516074464142,2.767042614249,0.2968344767620323
1318.0,66.94289082354405,2.6447076017824904,0.3068882895455
1319.0,67.13925746674562,2.4208927410705487,0.3319742542480848
1320.0,67.0467834953926,2.2007078962404565,0.3650528426677609
1321.0,66.42729342747715,1.9929188843466838,0.3795014005579225
1322.0,65.90786618522137,1.7384416171200574,0.39429230477046007
1323.0,66.10006716073924,1.516321405983401,0.42913321282276007
1324.0,66.76405784444177,1.4091392209408904,0.47807211221320806
1325.0,67.36976063110691,1.371100272830808,0.5198889908675586
1326.0,67.46246947518706,1.398723041353489,0.5467992873190886
1327.0,66.94343884588487,1.4612183523148223,0.5424645681013637
1328.0,66.8015562266396,1.45950295218121,0.529691107837416
1329.0,66.91335820863044,1.4343638457904904,0.5210716814237024
1330.0,66.51864771871226,1.441428930310658,0.5116112730378051
1331.0,65.55192305988993,1.4890752245628909,0.5260392305787843
1332.0,64.80061132276164,1.5336663375086093,0.5766048442119003
1333.0,64.51014504203981,1.6017967687652104,0.6636941499065477
1334.0,64.59476873150291,1.6702983286560489,0.7752535358601291
1335.0,64.877628262225,1.7251318575275627,0.8633699716631619
1336.0,65.44841405417675,1.7301318639663537,0.888501867218213
1337.0,66.14241160425823,1.671022202886458,0.8865035598045125
1338.0,66.88828491554771,1.605892072609721,0.8862596227497769
1339.0,67.34515803058758,1.5907607444132497,0.8726406877427124
1340.0,67.29740732790009,1.6495173426330367,0.8586582239698972
1341.0,67.09457561886818,1.7472601131857093,0.8414368132918225
1342.0,67.15459740303537,1.8212875507177577,0.8419656272929225
1343.0,67.56307453133711,1.846413642290242,0.8553843689208066
1344.0,67.80982953532174,1.8433067942349224,0.8558015731087936
1345.0,67.85029103253201,1.850302180231097,0.8291718169912384
1346.0,68.06986860442476,1.8456848932032202,0.7959295348703689
1347.0,68.44774340575322,1.7596739878511622,0.7673770862403846
1348.0,68.85666409579107,1.6147800459408022,0.7588309595697218
1349.0,69.12971845470659,1.5020686665505922,0.8064054188406241
1350.0,68.97472238634279,1.4325568989501964,0.9091636802505627
1351.0,68.35207892234921,1.351679730334465,1.0396176643259452
1352.0,67.42392006840072,1.2506601772060568,1.1441991716824518
1353.0,66.48193917956597,1.1526186348166085,1.226985753943332
1354.0,65.6639436373729,1.090927378050596,1.2878582849016336
1355.0,64.79911453621767,1.0232297002303492,1.3133734839890066
1356.0,64.02623724848492,0.9208377256884103,1.3202371018268042
1357.0,63.45514874319348,0.8107109759460104,1.362999673537093
1358.0,63.267139843022214,0.7372809730914494,1.4553374799242165
1359.0,63.238684037445154,0.6999012666650408,1.553704088854289
1360.0,63.13454752368451,0.6546810162594326,1.5957897996281478
1361.0,63.02295308555408,0.6058706762913028,1.5849314343283603
1362.0,62.94876206277483,0.5708432453280562,1.5674037164040027
1363.0,62.747847450618146,0.5565299502874225,1.581481449752516
1364.0,62.095971597144086,0.5442934473852518,1.6135835864148105
1365.0,61.31156536096803,0.527125906421297,1.6272863667568225
1366.0,60.66368506205299,0.51420444348025,1.6330619167098723
1367.0,60.19222592155201,0.5039988300765625,1.6103248083233475
1368.0,60.01729020569762,0.46689837069214457,1.539775853216703
1369.0,59.94503602217892,0.3903447752746084,1.4694910992514623
1370.0,59.74490064534414,0.3095574692376323,1.4554077399758965
1371.0,59.311823499832315,0.2542775525735483,1.5030767846401025
1372.0,58.808587451891036,0.21077635426689972,1.6250711616801845
1373.0,58.48803035213555,0.17742415703320108,1.7915210007634945
1374.0,58.2774965867854,0.15315173867752363,1.9670195176723728
1375.0,58.28959782062524,0.13328777279256052,2.1321826382082305
1376.0,58.115200997489325,0.11441489582234418,2.181983171595988
1377.0,58.09467622446578,0.11031699288560054,2.230017405237519
1378.0,57.867792860422185,0.10997847679780098,2.2706757314388226
1379.0,57.661831507105425,0.11176652591130015,2.315538386602063
1380.0,57.494837026225,0.1189731797415122,2.337412379787629
1381.0,57.45555938107471,0.13060137327713456,2.3157432713840898
1382.0,57.805289066202675,0.14859787570760252,2.3212467440842692
1383.0,58.359322971604215,0.1843314788880965,2.4194812589925125
1384.0,59.135562470221494,0.22588963355111047,2.550302161818903
1385.0,60.048475488771615,0.2489743640923561,2.660474454813288
1386.0,61.1099275731992,0.24799353215046024,2.6419402437335293
1387.0,62.414329749092445,0.23801512687984372,2.642682358075068
1388.0,63.7100339847779,0.25240350925301763,2.758882597813634
1389.0,64.79602474176485,0.3051990247322042,2.9606226917289202
1390.0,65.54878654654466,0.35116149773721617,3.0773337691356097
1391.0,65.89495147187587,0.37974174225297225,3.0065765683570276
1392.0,66.19919429792502,0.4334871231588124,2.9120049466284534
1393.0,66.58048736854435,0.4998137354620039,2.9781035128974276
1394.0,66.9802292173421,0.5861871531379601,3.139388459040803
1395.0,67.45927608317935,0.6021700558546692,3.1373473924345743
1396.0,68.3990516951245,0.5251382607347777,3.031677879001388
1397.0,69.58470263795938,0.44846980231805467,3.039935776614146
1398.0,70.58595351412897,0.40330463293129026,3.037524658506177
1399.0,71.24129157961693,0.3773838038391184,2.968386925434533
1400.0,71.95464866079398,0.3586601290297602,2.874185276821373
1401.0,72.74963486506213,0.3525278050898705,2.74556548783504
1402.0,73.50287017307461,0.33811097765307224,2.5870901388346925
1403.0,74.29433338777424,0.30173272016212116,2.4069046679964443
1404.0,75.28226290330832,0.26053127142456967,2.296342721242946
1405.0,76.18190152588434,0.2433466362851331,2.2200778884550565
1406.0,76.58779011311172,0.23575415095394425,2.133629503244317
1407.0,75.9693592085073,0.2129416214777606,2.02987950843456
1408.0,74.67110097838386,0.18887148416664093,2.0243598115440005
1409.0,73.79439368359768,0.17658431892319698,2.1476049880562282
1410.0,73.88338645485648,0.15934745070491044,2.359336919217423
1411.0,74.03682774531543,0.1040963695632962,2.533770858757644
1412.0,74.12946433022738,0.04984500527400254,2.666440561166645
1413.0,74.75961197684154,0.01701631284262811,2.825681590117905
1414.0,75.95726444075532,0.005238295508644902,3.026161643274757
1415.0,77.03406506532515,0.002477380397424108,3.2436270064921287
1416.0,77.35069713659877,0.0024579007429284196,3.347452443459803
1417.0,77.03278943520287,0.0037843289856100254,3.307931333355925
1418.0,76.97467828266926,0.0048452722718401245,3.3148154709924413
1419.0,77.10911815305725,0.008233693156090016,3.4370717213001747
1420.0,76.83665743948659,0.012390149852102517,3.5671998910124336
1421.0,76.0634265405093,0.017276881066402534,3.545742176119375
1422.0,75.51534970726365,0.028018742544000032,3.487589416878855
1423.0,75.48808569100848,0.04345927809783211,3.475474967188256
1424.0,75.43460145820264,0.055382910521347604,3.505547507119347
1425.0,75.50473338635524,0.07072852486772259,3.562507592050784
1426.0,75.01983800726848,0.08092132616622763,3.599504136138247
1427.0,74.62298581575489,0.09569771328922093,3.6639278433415456
1428.0,74.89897255477057,0.12777567127927295,3.718721353321822
1429.0,75.60663138120645,0.17328516701762253,3.846188827931873
1430.0,75.97209328063995,0.20295014188001456,4.059924166072622
1431.0,76.13285453213621,0.20378035947934445,4.190653538309616
1432.0,75.93005076898203,0.1757207255931137,4.360850334337308
1433.0,122.20707527141484,1.788878670856296,3.0657048780303935
1434.0,122.8207137395795,1.7832164020339878,3.011126538790844
1435.0,123.6526034593254,1.811002797883802,2.934863906565803
1436.0,124.80733088648161,1.86125448856956,2.710593084338652
1437.0,126.24426342533258,1.8982378005455605,2.3866712390079603
1438.0,127.65864239140602,1.822458447236852,2.0694061642450254
1439.0,128.59362117761256,1.665796885558852,1.8979928692946249
1440.0,128.6756714996764,1.4908977281996332,1.8396762620931557
1441.0,128.631446650159,1.3011150452944902,1.8245529558128195
1442.0,129.06878070945675,1.1497851275505162,1.7161425228634128
1443.0,130.25327568553672,1.0714188228665769,1.5559236343742227
1444.0,131.5136854584459,1.000468354826223,1.4124658849395269
1445.0,131.92545269802113,0.8864424170447045,1.2812158789311252
1446.0,132.31950593006655,0.7738886636367367,1.1816606141357797
1447.0,132.86364915691627,0.6892835631748613,1.1376955250421723
1448.0,133.74110950000977,0.5964950499880466,1.1282854528691524
1449.0,134.65053466326287,0.5091874538746385,1.0962488073013803
1450.0,135.08370174299503,0.48124306797392274,1.0257545830288852
1451.0,135.13294307667076,0.4863631474747084,0.9196089613307538
1452.0,135.22854289444868,0.49629683269622454,0.8232658030128017
1453.0,135.5270764071341,0.4761860882912645,0.800244445944269
1454.0,135.9310402520513,0.43056246786730834,0.8567992275902503
1455.0,136.18559367566758,0.38713172004081,0.9272381906931265
1456.0,136.34752792694314,0.364570297943765,1.0137175831032847
1457.0,136.73201581454666,0.36367351180118035,1.1709173180998491
1458.0,137.5352514474503,0.36104028644103864,1.3509461949104524
1459.0,138.42279846939385,0.33878150404036006,1.4889744558178684
1460.0,139.25362555732147,0.302805624156173,1.5607801485228971
1461.0,139.66776817183492,0.24957660941154497,1.5707636973932548
1462.0,139.29809439034227,0.19990876497009646,1.540835893502892
1463.0,139.36364659769163,0.1574672076251044,1.5161418746314372
1464.0,140.24456087350734,0.1197595584414437,1.5006516561183747
1465.0,141.43888688198726,0.08950900149830263,1.4770781747361024
1466.0,142.33261833743933,0.07066984224400001,1.4559612419441963
1467.0,142.65827436114105,0.062416462932436946,1.386735707142605
1468.0,142.37147853030402,0.05067251764502499,1.3116115574923322
1469.0,141.99860393302524,0.035144685951105606,1.2711803027343427
1470.0,141.86599938903203,0.021131919385968447,1.2748053876998402
1471.0,142.24027066593058,0.011888147114528435,1.27591324870689
1472.0,143.3347157084902,0.010011253164062536,1.2507407429383444
1473.0,144.445846249005,0.013077047728206406,1.2108179001683244
1474.0,144.94916535466896,0.014469251059240016,1.2183354540958755
1475.0,145.03031897731984,0.01067194161990812,1.2874693143557026
1476.0,145.10915233064355,0.005417024768193615,1.35972111061264
1477.0,145.57620217186332,0.0021334024741129095,1.4154705361655404
1478.0,146.63089688304774,0.0005929599995929038,1.4193973842556227
1479.0,148.21107965584335,9.072144000000088e-06,1.4042951054749768
1480.0,150.04097188716642,0.00010656928409759909,1.3639503279664658
1481.0,152.13924096261275,0.0005894407065599908,1.314699976057469
1482.0,154.46305897829492,0.0018772878541823983,1.266442714537757
1483.0,156.63655853871882,0.003865409808656373,1.24349239137601
1484.0,157.86762319474843,0.002786514877502484,1.2627838562806335
1485.0,157.77702526955625,0.001096161515388894,1.3147565042260225
1486.0,157.32520361356208,0.00037475887851609184,1.3821263999632385
1487.0,157.27763762893468,2.452230400000287e-07,1.4194214503275628
1488.0,157.61977597072539,0.0012695603221921138,1.4498594590212104
1489.0,157.56549073078725,0.007908306569395618,1.4935540986524602
1490.0,156.9736749939519,0.016103610000000004,1.5791406212755048
1491.0,156.38572671198986,0.01803019725096494,1.6629484614818884
1492.0,156.0202909880842,0.014519861992592116,1.7257073510524765
1493.0,155.77083242687326,0.013635940535380912,1.7425636838440002
1494.0,155.37846048114073,0.021659927250534446,1.696466732380129
1495.0,154.7041385319802,0.042570917586384184,1.6446927250589478
1496.0,153.84100845901727,0.07668495224343042,1.6052810685897971
1497.0,153.36003308149924,0.11002591163837165,1.5966964840527937
1498.0,153.07524445974127,0.1295553350489617,1.6064233426989052
1499.0,152.77496700633677,0.1265031264329285,1.6597570594370483
1500.0,152.20092969733133,0.10243808354025011,1.7228380360455628
1501.0,151.69821999820059,0.07827139278506257,1.7365039626978576
1502.0,151.59251754854733,0.06469599292556501,1.617960442645748
1503.0,151.73406509665924,0.062214586589390476,1.4592365785288228
1504.0,151.39784962375722,0.060592057562611615,1.3469624398981521
1505.0,150.1991604946944,0.05956716775809961,1.2845811885281957
1506.0,148.2593964079895,0.059890031955360086,1.1861703505456707
1507.0,146.13413318414732,0.0702254982008837,1.0423381878351228
1508.0,144.24035869551602,0.09010495858301448,0.9539249578722723
1509.0,142.54408879721973,0.11166525141552025,0.9419298590531041
1510.0,141.24863243563013,0.1254891728651401,0.9608946696805225
1511.0,140.3531843970345,0.12781415802232376,1.0021718779846227
1512.0,140.20178337903556,0.1319895493693957,0.9892363012408882
1513.0,140.40156467436023,0.1264258718765057,0.9145458384972102
1514.0,140.88701198868893,0.12185304843919362,0.8172853201899557
1515.0,141.3155496823109,0.13112424596107244,0.7527396159682624
1516.0,141.5415211626393,0.14251956851116976,0.7183462573196101
1517.0,141.6721790880068,0.15330660996545453,0.691454231399053
1518.0,141.63333400514495,0.16053816377217975,0.6913092521610084
1519.0,141.637897115795,0.14993554915661442,0.7085465136792024
1520.0,141.27505930179734,0.12740075958570496,0.7183575128688678
1521.0,140.98491958416798,0.12507470950054106,0.7537596756203558
1522.0,140.55754756198598,0.16143478623867052,0.8249028403002245
1523.0,140.23521825217927,0.23108719965409016,0.8619481361510246
1524.0,139.86943686981536,0.28995168554542455,0.8600317910934201
1525.0,139.70683638138962,0.319399303686893,0.8376519385148931
1526.0,139.9642117511902,0.3594095303199078,0.7866872207252099
1527.0,140.14318214682146,0.41774283084487857,0.7367094801295526
1528.0,140.221904500581,0.47949560276756414,0.7411491887960484
1529.0,140.14293094014818,0.5366533545930385,0.8336944691810643
1530.0,140.37126574815755,0.6298999893005124,0.941234020039066
1531.0,140.520448792581,0.71369378151992,1.0114903386911376
1532.0,141.08934679526746,0.7055640484579604,1.0429160845767171
1533.0,141.7043184398213,0.6511627345569028,1.0616478705544805
1534.0,142.01622275377153,0.64557705717961,1.033782941696369
1535.0,142.45575921748224,0.6928651045313363,1.0032786429784808
1536.0,143.17597894300926,0.8020604018730629,0.9697092043706599
1537.0,143.19231965515846,0.9591846163596839,0.9564547971429052
1538.0,142.8279419660964,1.0685123285076898,0.9930433809039845
1539.0,142.75921966282968,1.118923132498057,1.1033994033552401
1540.0,142.69946848292938,1.156697518231613,1.2530817705088226
1541.0,142.0109180450189,1.177239799446513,1.3612431887594931
1542.0,140.74735158986124,1.1334048427174148,1.3597667743285444
1543.0,139.50869726817243,1.0811394954268168,1.2483259946820102
1544.0,138.64466926895844,1.0677699795697944,1.1239806570346116
1545.0,137.78093768491652,1.1244378741435228,1.0503740129915535
1546.0,137.17919335410372,1.1644268759583776,1.0576105090596866
1547.0,137.07632127346085,1.1832601505728648,1.137550852204884
1548.0,137.00015729436598,1.2725665846296657,1.227162725500013
1549.0,136.91488469081958,1.4097421041618727,1.2629894859668025
1550.0,137.11919917458977,1.4814726719240645,1.2564336459744003
1551.0,137.78860600042273,1.4671298086517957,1.2194275823013025
1552.0,138.63597893529695,1.4456845991390632,1.1755029756978224
1553.0,138.97545036157084,1.476749100309236,1.1138482842858122
1554.0,138.7826435634807,1.5380235635658088,1.0638159739517026
1555.0,138.72018982595762,1.588518395580072,1.057418844194213
1556.0,138.7705074500013,1.661411900830983,1.1275466596000001
1557.0,138.602186881249,1.7300427373525924,1.2728406328017121
1558.0,138.4165372712103,1.7659131243376904,1.47413132587161
1559.0,138.06665647628301,1.8220813890405025,1.6259684011333155
1560.0,137.73027708969687,1.9835539981044807,1.7008117087789587
1561.0,137.70752455503882,2.1710796565305603,1.7950166649845827
1562.0,137.22113263604345,2.3035735922628966,1.88603693689636
1563.0,136.41276019909654,2.3208581601576905,1.969570967669122
1564.0,135.6945584472485,2.2094332682640623,1.9778280293055075
1565.0,134.5923596812718,2.11892961578701,1.9163348854335505
1566.0,133.24242670191035,2.127635929880076,1.843409762453953
1567.0,131.79342637497388,2.2349229823641745,1.843358875374461
1568.0,130.3714668561382,2.304277185117777,1.87511219233897
1569.0,129.30701565349105,2.3462979494395206,1.8931447840193605
1570.0,128.82779846148026,2.4208968798243866,1.9858421598087745
1571.0,128.67188846024698,2.5560628909178726,2.177607349855549
1572.0,129.03037414332215,2.6921999952404,2.3517345035395603
1573.0,129.3602648586305,2.7213130863912847,2.3515867036043283
1574.0,129.50143234060155,2.737872347591994,2.237479297300772
1575.0,128.85083978445266,2.8019868741780507,2.199626158140869
1576.0,127.41388499437635,2.8970823177246974,2.2327947774353665
1577.0,125.9172031629466,2.987893088406336,2.2650575382168565
1578.0,124.83775690949125,2.989534677953869,2.3156733319769955
1579.0,124.23810637405774,2.8431190212560105,2.3937649931484963
1580.0,123.90612732295895,2.7569396167719025,2.381942402727233
1581.0,123.58480548935952,2.8507526074874963,2.2567318978644444
1582.0,122.95623228799542,3.008879172158652,2.1676294815008657
1583.0,122.04440137174524,3.164771654959861,2.1529543529119084
1584.0,120.90973697977918,3.2940900016830956,2.1423473451554416
1585.0,119.86709732165421,3.3599112526568455,2.053757438332196
1586.0,119.02319600551259,3.4250952277936384,1.95121590399649
1587.0,117.82446975667379,3.578870804024738,1.9258018246120643
1588.0,116.30554787933491,3.802302155573534,1.9562129270961124
1589.0,115.3966462005456,4.069197063725508,2.0030273287609104
1590.0,115.64370514059274,4.151379355043561,1.9800605688890627
1591.0,116.24078882608468,4.119198386095105,1.963036515164403
1592.0,116.79357294884056,4.095522940003226,1.9501187973395717
1593.0,117.29989054145476,4.123753171488917,1.8836969584665604
1594.0,117.66678099462403,4.147876705777669,1.739225711840585
1595.0,117.89204364216128,4.1017106338454425,1.6160423914806334
1596.0,118.07342314873301,3.99421249496676,1.574649702059221
1597.0,118.55286940633387,3.915476178188689,1.6360015440188176
1598.0,119.22824269684259,3.982891213639969,1.804035455518577
1599.0,119.71442565340473,4.274575643171997,1.962356824071761
1600.0,119.92931892549821,4.733729451653604,1.9934679917931075
1601.0,120.29772573366336,5.198561653256704,1.891518140456068
1602.0,121.17220726780802,5.534769059828821,1.7926365541226885
1603.0,122.96028208636815,5.733489981047905,1.6733336417330407
1604.0,125.22216863432774,5.828848111450563,1.546295010571232
1605.0,127.10565572976967,5.858533714713457,1.4254712327610002
1606.0,128.12132415866793,5.799739587745523,1.3186613295680398
1607.0,127.85772398926423,5.591661607763303,1.250228494662269
1608.0,126.57029862013157,5.337374872737365,1.178295205018025
1609.0,124.9848357264469,5.106882746382516,1.0566250771752899
1610.0,123.95191553286071,4.95239585783237,0.9010568623720226
1611.0,123.87655296684306,4.862589496384001,0.7460109255461777
1612.0,124.49848425842765,4.8879565479945235,0.6007834979550625
1613.0,124.74499578124983,4.987742788950252,0.47630474500772263
1614.0,124.37965165471375,5.102115323189063,0.36580038586963576
1615.0,123.91772263763907,5.133014998521956,0.2703247196403122
1616.0,123.73941633263689,5.0362809906726795,0.1759694354561521
1617.0,124.07136593927466,4.819428277863338,0.09478451569648359
1618.0,124.5034326081568,4.571150686822503,0.0400932462796804
1619.0,124.59552569113485,4.49444757292589,0.013425439771240007
1620.0,124.19314594282858,4.564683056111372,0.0035459345300625014
1621.0,123.6722740442694,4.67930003603424,0.0013289918145156002
1622.0,123.87434879453545,4.739154014355236,0.00035083387791360026
1623.0,124.65282893165782,4.76867090417997,8.555436019359981e-05
1624.0,125.38785799563055,4.791174903840068,0.0016680812166224995
1625.0,126.06176443839237,4.888387810267214,0.0043493154464356
1626.0,126.34551578158852,5.087835208353922,0.006604746258768098
1627.0,125.71234081046622,5.384429124005054,0.0079507574556804
1628.0,124.37548420004552,5.6980730123751435,0.010223244233203598
1629.0,122.844542164231,5.962610227260837,0.014513428091456098
1630.0,121.64331263885542,6.143674541976817,0.018663885006588898
1631.0,121.3656824518362,6.165367264408379,0.017710446096359998
1632.0,121.82002246438088,6.068428489065803,0.0103133083458916
1633.0,122.56319872885267,5.86902385276265,0.004434521100839999
1634.0,123.19559217722697,5.703600500129442,0.0036144961636623996
1635.0,123.25587990429827,5.557690968847804,0.005775613926451598
1636.0,122.39660334974404,5.52057081851025,0.008576458368088898
1637.0,121.39006277169555,5.622296316076476,0.013907529713436098
1638.0,120.42840560079179,5.772156311125314,0.029618564890202495
1639.0,120.19202240002157,5.778160019121731,0.058312720799272896
1640.0,120.84481866657154,5.55346453610942,0.0837775744254736
1641.0,121.78145686692496,5.243560673067419,0.11309891413531238
1642.0,122.93192314559298,4.965445007085622,0.1538537708743204
1643.0,124.1222497673739,4.810748953496642,0.1933278940788624
1644.0,124.98718503159624,4.7746836425145025,0.21221740170436
1645.0,125.13084828216661,4.883574520334832,0.22370237089242248
1646.0,124.88664236298479,5.10840988050189,0.23353415789383838
1647.0,124.5398031170545,5.359854328074246,0.24876566734993957
1648.0,124.44941424448267,5.61232815788468,0.2674780589594961
1649.0,124.61049916513514,5.873343767753063,0.27064558933848815
1650.0,124.8538178372763,6.017505375109368,0.26370352986931844
1651.0,124.7582109857431,5.990547554991441,0.2426396571190089
1652.0,124.23906651086335,5.8478511808416265,0.21807203888978557
1653.0,123.69356774112103,5.769234386159764,0.2039414129376129
1654.0,123.91372077571603,5.849736442169667,0.2138594568093481
1655.0,125.10761295943713,6.007583110680122,0.23071220169001
1656.0,126.55602615778855,6.226519095640359,0.2372223197564676
1657.0,127.34887208836807,6.491836093710914,0.2439720015564484
1658.0,127.45697746430243,6.745155865935565,0.2671052897772901
1659.0,127.11270801163423,6.875762450499601,0.29132910174579213
1660.0,126.67351615919303,6.856133927189322,0.2800946388865024
1661.0,126.5861117011564,6.771704854320001,0.2394223971532864
1662.0,126.62371099927044,6.640318316579881,0.19527215435728812
1663.0,126.55506520919062,6.447068267674374,0.1527475026555625
1664.0,126.40599948500676,6.308854354860024,0.10911071443119212
1665.0,126.91084045679176,6.331162547254024,0.07461677895091841
1666.0,128.54595056200964,6.55763415662884,0.0577258334492401
1667.0,130.71880311240974,6.760596609162973,0.056649421769732096
1668.0,132.32986575408964,6.723064809790023,0.0641343317109049
1669.0,133.60902480114777,6.489986953650279,0.0725054981654025
1670.0,134.3681849187943,6.301171012313955,0.08707226541601
1671.0,134.5671760876727,6.204835688744578,0.11954542052662809
1672.0,133.72267030257953,6.047399393596446,0.15596892293958012
1673.0,131.83760539431367,5.850901405668595,0.18152888749268492
1674.0,129.23886218942715,5.721649743688881,0.18561124045601288
1675.0,126.84327082054583,5.724046775703921,0.18514746174252247
1676.0,125.1374775299255,5.797391670861929,0.1931743757882449
1677.0,123.99548022673262,5.908400010086404,0.1997203071646084
1678.0,123.8609648010985,5.983479718437954,0.1936756785942801
1679.0,124.579569784797,5.963315306619401,0.17484578461392247
1680.0,125.40116163072135,5.94004552041914,0.1569824274936064
1681.0,125.249910181403,6.116610755200193,0.15580063381849207
1682.0,124.5961842639639,6.4785612530832415,0.1730819676940641
1683.0,124.03742052302998,6.849382208500355,0.18927112151006012
1684.0,123.82312189367748,7.122533205175503,0.2007026201623716
1685.0,123.81350673515718,7.284009769056822,0.19509952604851838
1686.0,124.40835688403435,7.343906669872349,0.16497202180955042
1687.0,125.43412275684328,7.173078663077746,0.13506435717166088
1688.0,126.1845569021086,6.930102792678147,0.1249998793723684
1689.0,126.76455182755227,6.761061673681306,0.12176324810572808
1690.0,127.10458356375025,6.720627768429371,0.1146838292730001
1691.0,127.58434155409824,6.740275313464161,0.11052910636627238
1692.0,127.7238337629192,6.775422366185222,0.11985561015885611
1693.0,127.63118259077609,6.757070741397025,0.1498008517933225
1694.0,127.5051765545974,6.713020244292102,0.17953150302609638
1695.0,127.57728523693274,6.633896425915523,0.2023710235434889
1696.0,127.59116447275083,6.478114254891721,0.21601282607524
1697.0,127.0051986495452,6.301661417133441,0.20277408868371358
1698.0,126.52305472392065,6.16936725680521,0.14417931957863042
1699.0,126.88679387060674,6.173896043808108,0.06636877028067688
1700.0,127.61371854195815,6.175973653789398,0.018984190912596902
1701.0,127.76309976301475,6.1427563875147415,0.004127994395280899
1702.0,127.83825561641329,6.118868975352955,0.0020118741393663994
1703.0,128.46361473745893,6.255171169197361,0.0019524785966595994
1704.0,129.2612933268489,6.51077666805197,0.0022032500066640993
1705.0,129.23906522782977,6.738385720934408,0.0025490129000624996
1706.0,128.7763289327662,6.921233550947589,0.0045429972510975985
1707.0,128.64438976048706,7.044138151565022,0.007493114881328399
1708.0,128.6642560780761,7.154189239027826,0.0083995868585476
1709.0,128.77555069044405,7.2399086264233095,0.008695376001
1710.0,129.1742015501924,7.308258990857474,0.0074567628915025
1711.0,130.0076059708671,7.417030331380052,0.005146712253548099
1712.0,130.80835208647443,7.6170238332951845,0.0043589322132841
1713.0,131.04434777797454,7.849476942187242,0.011359488244809998
1714.0,130.69160418151785,8.127183566960834,0.026193878473752902
1715.0,130.58117295022282,8.369577391832395,0.041224011186780894
1716.0,131.24794936519808,8.620254955772783,0.0472987074006756
1717.0,132.33228632571596,8.859861332455688,0.0519420792548025
1718.0,133.29712868276752,8.962372191651738,0.0578186839706256
1719.0,134.62738239350642,8.931317956355349,0.06127312571212809
1720.0,136.9596168288401,8.853852752730305,0.06846676151517159
1721.0,139.32439836134444,8.78764234048181,0.0748804531389849
1722.0,140.5898523980223,8.708925931790324,0.0690729174102529
1723.0,141.26847362880946,8.629914781967157,0.050958005825439995
1724.0,141.987482652402,8.542653918056338,0.034137732000720095
1725.0,142.8410038220955,8.578147736833198,0.025385806718977593
1726.0,143.54453376607196,8.712381291347464,0.027262596670932095
1727.0,144.40198422959705,8.968743605066045,0.03724861014102009
1728.0,145.93750608010572,9.323731988144973,0.048222890720352095
1729.0,147.57211266135613,9.657672247641795,0.06341745742493289
1730.0,149.22354173071164,9.896534674860677,0.0790990087706116
1731.0,150.70101273332145,10.070706518437525,0.0862914947671396
1732.0,151.39713449384143,10.155416544146345,0.08110047995973159
1733.0,151.19013654889923,10.08763731755889,0.0743936589590401
1734.0,150.20565307917374,10.138964635427328,0.0682687381554369
1735.0,149.22382000468804,10.359577789448043,0.0589039889780736
1736.0,148.8240115973919,10.769459392741705,0.05214363572703609
1737.0,149.1886136884112,11.129699189851348,0.049415453819056904
1738.0,149.80189428843775,11.295088622133557,0.046011318216200095
1739.0,150.08478161704477,11.174234153463024,0.037215942577635594
1740.0,149.81009574997293,10.933177475675228,0.02484674401225
1741.0,149.6964700361888,10.690346217098059,0.015029803735209997
1742.0,150.3956181041824,10.3867721133374,0.0087780615695161
1743.0,151.8334807993559,9.973291613610499,0.005561262086776898
1744.0,153.0448062604261,9.555047892488405,0.0042856518227120995
1745.0,154.05085789935077,9.37411735646144,0.0070885572293448995
1746.0,155.09179205488195,9.331261431818822,0.019093372478712903
1747.0,155.93069529568484,9.221797662390864,0.0373516771802724
1748.0,156.60184585010546,8.910203746812671,0.04751003158656159
1749.0,156.52230078308358,8.478663565937673,0.0431703508930576
1750.0,155.77182640085059,8.053512720759745,0.026466275823468097
1751.0,154.52724348413358,7.763894445572495,0.0086607852519556
1752.0,153.4858231735542,7.718048913473029,0.0004523095337048994
1753.0,153.06852659045785,7.906980862489285,0.0017755478375625013
1754.0,153.53507464533294,8.147932015171394,0.011081202343944102
1755.0,154.79495531290993,8.29016164237825,0.023113385432956896
1756.0,156.1913882475712,8.389499995822492,0.0355021190104036
1757.0,157.57679020016676,8.493963952639547,0.04133596045750091
1758.0,158.81311394564057,8.544208382623884,0.038760037312976094
1759.0,159.68782663240145,8.302502323307817,0.035347654814478394
1760.0,159.44825171770657,7.747426005705629,0.0325232694255681
1761.0,158.30804536439732,7.072535320325777,0.02893952150244
1762.0,157.24930970273934,6.511367433061134,0.019906706964676904
1763.0,157.1952056546115,6.2397917217654,0.009113037356572897
1764.0,158.32629590589505,6.160941090292977,0.004849652996302503
1765.0,160.03063481238158,6.07591687890625,0.004751670255169599
1766.0,161.3985356888891,5.898143132046491,0.004352171521580101
1767.0,161.93980554144957,5.707599274111899,0.004355260831360001
1768.0,161.93441274972517,5.553089563590325,0.005719700263689999
1769.0,162.1413578166507,5.482229259682567,0.0049922533785744004
1770.0,162.61569939172975,5.483246558501557,0.0006273502052416003
1771.0,163.08595962965836,5.4456621236330625,0.0015100296528099985
1772.0,163.10335199730775,5.3616577854241445,0.006412884878640099
1773.0,162.62265470889028,5.263988831374866,0.008140292583544899
1774.0,162.57142206241602,5.17320249953495,0.00615209628609
1775.0,163.07938977856682,5.07356803284557,0.004118424207502499
1776.0,163.62564148738628,4.957743151332981,0.0034008293345568993
1777.0,163.33728886653702,4.840703189539237,0.002384053468632899
1778.0,163.0587876675336,4.658831504586022,2.1644081382399885e-05
1779.0,163.615379695942,4.305210798462037,0.002591350586196101
1780.0,164.63866437936804,3.79730946851945,0.009702454881081598
1781.0,165.05696996080601,3.42937916327889,0.019319676742657606
1782.0,164.48377098754304,3.331674749702256,0.03401162899865641
1783.0,163.34240590224923,3.41200154332816,0.0607287059808025
1784.0,162.21305545371476,3.5649890532509794,0.10007516500462808
1785.0,162.13814390376226,3.684148068817442,0.14758430693902092
1786.0,163.11050803025014,3.7468109546442485,0.21260094491689002
1787.0,164.5229871632541,3.739856580511975,0.2884669034083225
1788.0,165.6385046354863,3.694681535521594,0.3637799464673928
1789.0,166.21158107147974,3.557004826485476,0.43174810756817633
1790.0,166.23333987230782,3.2904284610925925,0.4712447541158361
1791.0,165.5757376259819,2.941467986218306,0.48648164251116954
1792.0,164.99145446861203,2.650514469525605,0.491749304477592
1793.0,165.05882693644332,2.431780475427225,0.5341483440215209
1794.0,166.33166855208933,2.2936951050250003,0.5979738051082757
1795.0,168.06918651891502,2.325466006217537,0.6446374745483762
1796.0,169.3614917015952,2.4535042629408963,0.6235015921121688
1797.0,170.48785597058603,2.572178000437232,0.555023197101464
1798.0,172.31264117007353,2.661746274528529,0.4988250819002501
1799.0,173.33544320572562,2.687137120076103,0.44129160694270886
1800.0,173.37420148265736,2.636661585826802,0.34220241937249
1801.0,173.35119894724508,2.609887810536679,0.2303038756280196
1802.0,173.87627182815967,2.584575209203188,0.1478032480355344
1803.0,174.6435871540901,2.4530494111691046,0.09771283319387039
1804.0,175.48585022806043,2.2406731157265964,0.07388155133079209
1805.0,176.69053657710054,2.1285254150830224,0.06585333169052161
1806.0,177.98022782602132,2.1741233257133565,0.0683183125123984
1807.0,179.1875631762749,2.305515571481305,0.0750218016251664
1808.0,180.3108104332335,2.46642357496082,0.0868858510676836
1809.0,181.2284395766188,2.5195424646264897,0.10106749929432252
1810.0,174.57058750626635,15.84146506590244,0.015887213459360103
1811.0,173.4906226981709,16.12488659135703,0.010129001371843603
1812.0,171.89127128758037,16.29619215500598,0.008935191143299596
1813.0,169.8682630525688,16.332266938268003,0.005919135786246403
1814.0,168.60343573124567,16.149778654580842,0.005278563029838401
1815.0,168.61644954704653,15.805019906565729,0.01575330481810891
1816.0,169.21446685833013,15.360960854200073,0.04790683032416411
1817.0,169.46308898190912,14.945324534229991,0.07919251112748961
1818.0,169.21750273642385,14.687319346142901,0.0787910191388644
1819.0,168.63702113144933,14.583661148736002,0.0537854809739809
1820.0,167.63172613557845,14.472778456496464,0.03490410373696
1821.0,165.94305879792765,14.275354267945039,0.025088073181622504
1822.0,164.30223993697487,14.219240338944642,0.019151423984368896
1823.0,162.66852588231183,14.387221019844926,0.012337953307795598
1824.0,161.10674079280034,14.49332651062363,0.003923250957939602
1825.0,160.30940069027795,14.234168035969729,0.00043105649160999997
1826.0,160.64987795289744,13.709405676052535,1.2389696010000142e-05
1827.0,161.09757521069025,13.32791006812546,0.00015959875289759976
1828.0,160.541853562505,13.221164959742158,0.002172587185440399
1829.0,159.25087366641026,13.25034926819253,0.0046884599756289
1830.0,158.04341380985633,13.303252768722755,0.004268689665744099
1831.0,158.23379177989992,13.362586742473587,0.004770500514816099
1832.0,159.26518799377467,13.29091033220721,0.007719560592660899
1833.0,160.07276998737427,13.064362657923063,0.008827870870562499
1834.0,160.13791587435955,12.991848294234833,0.0080953440692569
1835.0,160.28469228774563,13.073691740796482,0.0024461808108543997
1836.0,160.68763679998708,13.166985649400857,1.2673315201600007e-05
1837.0,161.0729914350041,12.980145718817427,0.002159106813116102
1838.0,161.3455042823124,12.748809092701505,0.007267170355289997
1839.0,161.83111851149891,12.877013162556691,0.0096306764587201
1840.0,162.65179770473193,13.330619055610722,0.0037722739069456003
1841.0,163.51108006419693,13.91138402009837,2.82986761224998e-05
1842.0,164.21642947171333,14.50572592874519,0.0019810706650083987
1843.0,165.0172508618064,15.150922246232476,0.0013367271952384001
1844.0,165.94741316254084,15.578500425068032,0.0022764349440000005
1845.0,166.65155366368873,15.738188433581648,0.030460172878264906
1846.0,167.28335756369785,15.676012858544363,0.08522369124514091
1847.0,167.5289581983508,15.707236975960353,0.1469416665686841
1848.0,166.9222648504096,15.966185964356423,0.19880291047824003
1849.0,165.36799611115435,16.318790704895292,0.22978953770314242
1850.0,163.74420037595303,16.68993550755806,0.2389277569176169
1851.0,163.33313860276945,17.057956800768647,0.22864145163620891
1852.0,164.10936861001005,17.366343033000803,0.19677597396758442
1853.0,165.18303907086204,17.524150547437067,0.15932858585202253
1854.0,165.4572253795547,17.672555851178693,0.13204331651952253
1855.0,164.80520437463332,17.800619085702436,0.14210431511190758
1856.0,163.84312065485963,17.657645166378007,0.17533377445113757
1857.0,163.29480873053194,17.404798337826104,0.20867675566848012
1858.0,162.88398709297323,17.27533767672043,0.2391133032019369
1859.0,162.49575346277214,17.330576077100726,0.24875666972621446
1860.0,162.11802074545744,17.446630361973977,0.21951846804288042
1861.0,162.14388924114436,17.339289250389733,0.17864781555625003
1862.0,162.20768842595837,16.94774270295551,0.1536262605574596
1863.0,161.97810664276153,16.254159712734147,0.1589431430170276
1864.0,162.36904522867127,15.510324015263118,0.1953130230458289
1865.0,162.8813227832607,14.784438955597672,0.2469855819150736
1866.0,163.13607368831396,14.291780880769956,0.3026668379977226
1867.0,162.94600111292416,14.226524047133864,0.32420279703384797
1868.0,162.84245334516436,14.441808932648762,0.319594424717849
1869.0,162.47935870320796,14.680731263077181,0.3278200525047184
1870.0,162.1710424308819,14.799808629057765,0.37857641879020953
1871.0,162.25286236459445,14.722161052985989,0.4328505024390626
1872.0,163.24126122724493,14.499579742356074,0.4578504994951802
1873.0,165.31341440286255,14.400908912123704,0.4520944340769023
1874.0,167.22275187264205,14.406202763029151,0.4393208741251224
1875.0,168.7667547139324,14.404680180267038,0.4271775090357125
1876.0,170.220757303178,14.30442042368462,0.41575397645461704
1877.0,171.69934838673603,14.316295184039044,0.4205865693201316
1878.0,173.22155735500186,14.456280138107912,0.450725498330465
1879.0,174.8607628895313,14.58272478027556,0.5042735957426177
1880.0,176.43247618015926,14.720482897002421,0.5610891607633224
1881.0,178.41002121433883,14.861051830812109,0.6274304102355025
1882.0,180.5184878108026,15.100169303674576,0.674132314712472
1883.0,181.83000884432164,15.366745275539525,0.7158095198947731
1884.0,182.52404467111307,15.498730129595875,0.7676050735729476
1885.0,183.3176681462897,15.401235985148721,0.8530529752991691
1886.0,184.31884277828144,15.211601694164518,0.9591391345051201
1887.0,184.83539276999088,15.258643281598193,1.0364486476678887
1888.0,184.83791010617364,15.405934605555514,1.0786794286217052
1889.0,184.58673251290003,15.533223286138684,1.0833211561771228
1890.0,184.33348956927006,15.593277402266413,1.0994329650114802
1891.0,183.98144465729652,15.738699563864945,1.1396935986883492
1892.0,183.44677957614695,16.072954412605746,1.2341510895076608
1893.0,183.05394591664387,16.45708149740378,1.31258463297034
1894.0,182.89701154702547,16.814747315125214,1.3303272924234228
1895.0,183.08014774271925,17.168799922848002,1.2932996013735563
1896.0,183.84162446945322,17.595829153802594,1.2473509293437957
1897.0,185.32414851331632,17.96723571181287,1.1970024688281664
1898.0,186.9582476816058,18.022008318568957,1.1771119240154522
1899.0,188.0028903330932,17.872282746727553,1.2450962499022162
1900.0,188.24404856637426,17.79667944429877,1.3745660301804548
1901.0,187.88190410214403,17.8399631150178,1.459240492414673
1902.0,187.69797540272177,17.921072136243414,1.3907705901697973
1903.0,187.89824923509914,17.974738707459007,1.2652804584518598
1904.0,188.44314789327976,17.83893414279174,1.134496655163901
1905.0,189.16468180271104,17.383404124120545,1.0716975503026276
1906.0,189.92759785465284,16.834242439975412,1.0477497129245317
1907.0,190.60939180274144,16.42062794595876,1.0253316630030245
1908.0,190.80855340854043,16.076574601248158,0.9900722232631128
1909.0,190.3832191650182,15.694124257255865,0.9662329894716802
1910.0,190.3248450971779,15.297154006707217,0.9732432363854284
1911.0,191.47346800652207,14.979342533978112,0.9921675372266449
1912.0,193.4423716297442,14.734532125633958,1.007768770120997
1913.0,195.4725486115481,14.740080439815937,1.0027207881586813
1914.0,197.61547082977748,15.034516913481612,0.9915838826673025
1915.0,199.67792542830625,15.351884533533608,0.9398581011945843
1916.0,200.42111448243026,15.416506235718813,0.88283030769025
1917.0,199.59162021523923,15.32573091581227,0.8397926439320402
1918.0,198.33503449354197,15.156466491557266,0.8434387410444241
1919.0,197.56291726115435,14.97780481966561,0.8754624612954802
1920.0,197.79492868972224,15.067765995821766,0.9489198468275288
1921.0,198.41007688032926,15.421147101896386,1.0698615525228545
1922.0,198.86292561589033,15.831698129414221,1.2173124847653225
1923.0,199.14092895535748,16.111843733285458,1.3432864704855698
1924.0,199.72686573664683,16.422433591534833,1.4091897906489999
1925.0,200.47737275033052,16.888655995561002,1.4457436840202724
1926.0,200.38033868645255,17.518973790251987,1.4989842182526125
1927.0,199.14793916013923,18.491516383088744,1.6004572371254042
1928.0,198.20183339137097,19.744219108954503,1.6594994836119847
1929.0,198.51183765504442,20.9440977058434,1.6909379501044903
1930.0,199.2309369650691,21.965848746101916,1.7371416085246227
1931.0,199.768202257129,22.76545732611921,1.8408362840566088
1932.0,200.07931232706508,23.4832283980111,1.9697686013918028
1933.0,200.77436694418438,24.18881832645493,2.039902204427103
1934.0,201.97914249089706,24.748612255421243,1.9898997645333252
1935.0,202.8346605607715,25.206393533525425,1.8589322571987557
1936.0,203.7512146245763,25.586245522573822,1.7983140692120292
1937.0,204.86717696127855,25.735382469447778,1.8563091050209224
1938.0,205.61817898978336,25.843228398114608,1.989940334691003
1939.0,205.4050310060522,26.13710747713047,2.133508793127602
1940.0,204.63695546067325,26.53258877922436,2.2643737731159774
1941.0,203.78468858378085,26.7666307306612,2.3552897252299023
1942.0,203.11818939764706,26.89871747208702,2.4021151814107395
1943.0,202.62401680069183,27.031085438860416,2.410959180093377
1944.0,202.80617983255206,27.103556551022066,2.35991661552804
1945.0,203.983500289335,26.99782791992243,2.3017448810750625
1946.0,205.96237857151576,26.69068048824576,2.259153741218423
1947.0,208.0845843928348,26.435955851812828,2.1995940636781226
1948.0,210.31982387615255,26.344654971049806,2.0770651648391825
1949.0,212.43317417514749,26.478601451649336,1.9549811090368325
1950.0,213.9368761375353,26.755744413524067,1.9128724731796691
1951.0,214.75505725350945,27.087184670315697,1.9194099673443985
1952.0,215.34492294896233,27.201163203345438,1.8639501585433602
1953.0,216.47740146376788,27.1246506998036,1.7498574087294978
1954.0,217.8059294849102,26.91903372828425,1.6996856037304084
1955.0,218.56529203028802,26.674573871369223,1.6829506544473745
1956.0,219.29657655645005,26.3627853642715,1.6703874537640901
1957.0,220.67803097070635,25.99512950605561,1.6492710676754603
1958.0,222.1409205634619,25.815466564199294,1.6572567628215225
1959.0,223.3502858887979,25.90300312470049,1.7200196858529444
1960.0,224.11086084928266,26.28056157790728,1.8309141953993284
1961.0,224.87298503039742,26.80710125160165,1.980398354679713
1962.0,225.78628253592467,27.30322261828704,2.1344335454358054
1963.0,226.68810149599202,27.56796898626389,2.254275979627623
1964.0,227.55561422655052,27.719072292883677,2.3640441657615225
1965.0,228.34135178148853,27.749148236580766,2.5251009415658245
1966.0,228.9309553805417,27.666525813226457,2.6889648655003224
1967.0,229.35781875009602,27.49095339544219,2.716976657251668
1968.0,229.81596925609517,27.34337574402879,2.6679258142758226
1969.0,230.42923528446602,27.28556277609523,2.68188763110312
1970.0,231.73561089233527,27.312324087578748,2.739276631979041
1971.0,233.5496123684262,27.52550506717074,2.746247706734423
1972.0,235.46978795401805,27.82090818940735,2.653536582127203
1973.0,236.88996460679525,28.159487336317852,2.575300682322436
1974.0,238.03209498763965,28.508748016863393,2.5537065287091267
1975.0,238.862986339795,29.01350716580831,2.6014296358670403
1976.0,238.90024068004382,29.405361533414943,2.6101911160817886
1977.0,237.80494944492048,29.549747444707847,2.5317297137038204
1978.0,235.9114036660667,29.64047860136286,2.3525529925558337
1979.0,234.36642495389052,29.99451398726256,2.1035908314512106
1980.0,233.77547009784251,30.61395421626835,1.854823117415588
1981.0,233.96951270784402,31.3412265704846,1.6396733609172365
1982.0,235.10728842442734,32.048935328671966,1.4795507221862656
1983.0,236.9894950609294,32.864492731397455,1.3681363773239044
1984.0,238.74965140224876,33.61354629868729,1.2908944486711296
1985.0,239.41266848175445,34.05152611432911,1.1903405911658362
1986.0,239.18150435472614,34.1983607232386,1.0260665477373252
1987.0,238.6293622131624,34.370319947787124,0.8405240552649802
1988.0,238.6213777074603,34.92602160211971,0.6899928624824482
1989.0,239.3435968845103,35.4416024102907,0.5976225366602499
1990.0,240.83061146726763,35.16674935411416,0.55155159929104
1991.0,242.66501239226,34.130910582155565,0.534322067649157
1992.0,243.9454312181315,33.20298952114446,0.5361615929979138
1993.0,244.57758065030026,32.773489609782246,0.5460250081185025
1994.0,244.5058289728623,32.860202591390525,0.5110506835620481
1995.0,243.36072602454152,33.457387838966824,0.42924826613956807
1996.0,241.52402902822098,34.3392482837006,0.32926194425852
1997.0,239.9978322239341,35.20773356571026,0.25611908181876814
1998.0,239.9654330146333,35.581827706152275,0.22111555696014765
1999.0,241.02138203617324,35.66797216372629,0.22366598191822443
2000.0,242.15060962942044,35.63273422417392,0.25317553045356017
2001.0,242.93255722545135,35.70481383686427,0.2916001080000101
2002.0,243.39509159292763,36.07608992365275,0.32421735075675684
2003.0,243.62643008990568,37.024348554666055,0.36099587177166254
2004.0,243.3798317480128,38.44105958730171,0.39954293861292817
2005.0,242.75845554898086,40.08384361123727,0.41236290275091214
2006.0,242.14816590643227,41.442129699407324,0.39873563171972887
2007.0,241.62360298338146,42.07010251644018,0.3878071875543888
2008.0,241.0096559390148,41.8692464571992,0.39846961878025
2009.0,240.57022162226517,41.37166264587895,0.4427827383454084
2010.0,240.26719817776979,41.13034993517525,0.5250687532410384
2011.0,240.18523389546698,41.115666340070014,0.627178134298724
2012.0,240.22873416060975,41.21477883754159,0.7270979039441297
2013.0,239.97452218307657,41.189938825621766,0.8422970188581084
2014.0,239.25755825456486,41.01570660772036,0.9846196380912007
2015.0,238.96367640250003,40.76030121695748,1.169138563167752
2016.0,239.69888531650165,40.34105022900183,1.3652787209000163
2017.0,240.43872598840386,39.690322434654846,1.5202096204961963
2018.0,239.63266751576413,38.847939817813405,1.5393000632635025
2019.0,237.30614818076205,37.86339784884025,1.4475521640604647
2020.0,234.95149909406985,36.99774648882374,1.3468317377486403
2021.0,233.3660028487323,36.46580348634084,1.2666272583455298
2022.0,232.8236444236353,36.275057114190396,1.208320289344613
2023.0,233.53188397940505,36.08739185277749,1.1500308215460102
2024.0,234.9403630346838,35.6692030585578,1.1167626849522048
2025.0,236.5968268650044,34.869009765101666,1.1027984301924099
2026.0,238.38176322533423,33.7390787300543,1.0796556170364486
2027.0,239.7701849650462,32.62180728635412,1.0501015772087297
2028.0,240.11283621301462,31.926179951047924,1.037802540828884
2029.0,239.32923778381948,31.883895171554414,1.06236392866816
2030.0,238.28207973491598,32.34010733047115,1.0761154583920227
2031.0,237.7260727085261,33.112702052226794,1.0402014154770227
2032.0,238.27226815887053,34.051879388457394,0.9461734596016705
2033.0,238.90675034099047,35.03980176019444,0.8487590678990642
2034.0,238.8361686237011,35.770749138657564,0.7931968238313604
2035.0,237.8444280362243,36.03218122867256,0.7907770160814737
2036.0,236.4457740361401,35.92190715663701,0.8026976427626027
2037.0,235.32842011940699,35.591488045261244,0.7743395451799228
2038.0,234.6012624362554,35.28673199390078,0.7420526343695532
2039.0,234.3506223201161,34.92999737216667,0.7772746307712401
2040.0,234.53374546600892,34.540102943305776,0.9004324654854399
2041.0,235.4704471767474,34.061572442178495,1.0802434336257603
2042.0,237.0833563892793,33.48767609241491,1.249289637868388
2043.0,238.77680637686072,33.006056465358654,1.3279653288314883
2044.0,240.68432166341643,33.011154050515565,1.2811925617309732
2045.0,242.77869967304335,33.404876720496944,1.1559153112304006
2046.0,244.8612782092881,33.77997413997873,1.0106856744042498
2047.0,246.82214137949418,34.02128799835116,0.8777041488169955
2048.0,248.2535864900741,34.058582140643075,0.7880249961475986
2049.0,248.69062376340852,33.93355142659642,0.7738173560338322
2050.0,247.9005975257684,33.81148421344035,0.8423281314606096
2051.0,246.49345401210002,33.67309481561529,0.9190890278695163
2052.0,245.44382038928555,33.450156430665444,0.957869877766393
2053.0,245.39085870060185,33.25570612618912,0.9226330189148944
2054.0,246.12274904585007,33.14852655124001,0.8414478392577158
2055.0,247.04095142837718,33.15166675285754,0.7570519270230364
2056.0,247.58388918543378,33.1762489481546,0.682268912938404
2057.0,247.139369038409,33.27897359985589,0.6264667253421801
2058.0,245.53892677307036,33.46751876990371,0.58763539084644
2059.0,243.51221677068892,33.45965205867169,0.559621935894169
2060.0,241.7161224893951,33.28185448208928,0.528495805701209
2061.0,240.5786602443868,33.2719057037622,0.478750947713256
2062.0,240.00506171136055,33.52572562010655,0.4132338030493695
2063.0,239.77586843487651,33.88885385727129,0.3457054165164962
2064.0,239.5200065705979,34.34097137089134,0.2787087861937128
2065.0,239.36692639094554,34.86425510413521,0.21683299580089
2066.0,239.94568758532972,35.31706664525263,0.18763709791416044
2067.0,241.21641810696937,35.76722529964142,0.21288909256888364
2068.0,242.43171316846906,36.257030953575324,0.27449457643728997
2069.0,243.44664792734025,36.78949882781626,0.32411174688409694
2070.0,244.09160246113345,37.48232317361357,0.3342213353510641
2071.0,244.59944849412625,38.276709540942754,0.31037803689427235
2072.0,245.10736543956034,38.703037790693436,0.2528237186733242
2073.0,245.82871612337672,38.74578558710324,0.18866516079736095
2074.0,246.6902498805237,38.47463318533022,0.1395239213115801
2075.0,247.60437191117722,37.80406946580196,0.12495711016285288
2076.0,247.95488089986395,36.94548058602995,0.15398078149482256
2077.0,247.5602828297142,36.15750762644992,0.1970676831997636
2078.0,247.15708371776114,35.649471883137345,0.21950230412513294
2079.0,247.4604880429536,35.43109397438161,0.22507098700726094
2080.0,248.1213990457781,35.380431201320135,0.21445445053375292
2081.0,248.9296138525616,35.44207343576569,0.18601135737731564
2082.0,249.8117764875511,35.56965491442541,0.1353654722450209
2083.0,250.38616188874403,35.59481814700449,0.08945332667450011
2084.0,250.35287078425935,35.486179375988954,0.08058365303076001
2085.0,250.30344138445912,35.25792248937924,0.10607268637152041
2086.0,250.65826172787885,34.93259599987373,0.14322182905156003
2087.0,250.9376811438195,34.40157505226165,0.1823502481390144
2088.0,251.04739341274654,33.70686392423202,0.23972486544304358
2089.0,251.13009760921614,32.89820481885675,0.30924145995272884
2090.0,251.4420000508829,32.32354767742923,0.33786382698630263
2091.0,252.15617263018416,31.97021240281498,0.29829510397272
2092.0,253.0952154163016,31.95882785141033,0.21410987243520643
2093.0,253.20163149508826,32.122928936014866,0.13196641520611238
2094.0,252.5673571511031,32.36737042151912,0.07426250128156092
2095.0,252.5638598887318,32.93187232576582,0.04865950692099999
2096.0,253.9650100391809,33.700165337484925,0.049864904186340105
2097.0,255.24096794225977,34.50054787185889,0.058244990773200105
2098.0,255.03072465629324,35.20414584018875,0.0625047450900601
2099.0,253.8609673088853,35.8563920233889,0.0694420947089424
2100.0,252.4585989531166,36.23207012311177,0.07673291682998491
2101.0,251.07730962372864,36.27655200786366,0.06948820231782249
2102.0,249.95456516755615,36.10780843227439,0.04666986390976811
2103.0,249.45681144677536,36.118440898452285,0.021739815704718394
2104.0,249.66182596503887,36.44947270589162,0.0069531316039936055
2105.0,250.4960273480544,36.93072667132729,0.0015151213711935999
2106.0,252.29615521936228,37.35055729139466,0.0001087619552100004
2107.0,254.72013391650958,37.56067944143177,2.206918224899975e-06
2108.0,257.2811354818096,37.64076566907384,4.627317254400027e-06
2109.0,258.9341706156499,37.71071225393543,3.583698495999804e-07
2110.0,259.4166689000174,37.87779738075505,5.876816928159977e-05
2111.0,258.674211877571,38.22360474168274,0.0007058883804735996
2112.0,257.4489702855419,38.71755813420477,0.0017199466906175995
2113.0,256.5977924133808,39.328352302919704,0.00174271181764
2114.0,256.86706542137296,40.227418004927614,0.0010861737361224993
2115.0,258.3550220916019,41.391717987997,0.0022380468639999988
2116.0,260.5187110788995,42.52352251253907,0.00897860478025
2117.0,263.0735112238534,43.297316467249736,0.019484416107828095
2118.0,265.9904710833245,43.625378108698065,0.0291015758745856
2119.0,268.6840601235518,43.950516204794106,0.04367071362565209
2120.0,269.773015679657,44.71988071306455,0.06056423544792039
2121.0,268.90302679344694,45.78914348173905,0.0695778520332996
2122.0,267.4202063892915,47.02215445866263,0.06640947039012252
2123.0,267.467912471228,48.435828800701465,0.05764925852676
2124.0,269.07730952463425,49.918600309076936,0.0526320818872489
2125.0,270.80186300102804,51.454308168142894,0.0546953733509764
2126.0,271.8807773889224,52.645730587004564,0.05829421521980249
2127.0,272.30344975313653,53.16959166636828,0.06180726523784889
2128.0,272.3002032341711,53.001078637044955,0.06471686690400999
2129.0,272.23034225485844,52.56268531016334,0.07356058674230251
2130.0,272.7325452606715,52.21774228351656,0.08907523779756249
2131.0,274.5079369517891,52.1201110475334,0.1030896115520041
2132.0,276.88376005639327,52.28568284298528,0.0947801439795456
2133.0,277.3371840714498,52.60076651715719,0.06603560069964491
2134.0,276.17630181958265,53.279367204435445,0.0385964608744324
2135.0,274.86955896162544,54.05358365096849,0.018181402204864902
2136.0,274.63119129168,54.53499292878657,0.009068015834776899
2137.0,274.98460836410845,54.63089423888681,0.0056987808646729
2138.0,275.0447151673679,54.584819675479096,0.007889255309390398
2139.0,274.4724763423904,54.27367308832092,0.018585421740289595
2140.0,274.1184998766649,54.08547094272059,0.05000326571880999
2141.0,274.2485578583606,54.594323028296245,0.10328771402208359
2142.0,275.4620006545992,55.85778330049,0.1665103193816976
2143.0,277.35866043501454,57.238073365991035,0.22396592217014438
2144.0,278.552728296403,58.23402893115931,0.2668188919885225
2145.0,278.9531482782171,58.691561461347234,0.2947563063263296
2146.0,278.5146098712738,58.569644966020576,0.30031349143499564
2147.0,277.29956521810504,58.51955861196007,0.3061489350348529
2148.0,275.8341122221288,58.46520420856816,0.3472591447975204
2149.0,274.0745251937416,58.592162493428056,0.4354234150997641
2150.0,271.807216890419,58.61952519852644,0.5309128249975226
2151.0,269.63524063713163,58.31645848173625,0.6177763501562501
2152.0,268.1074731997513,57.640275465432495,0.6681458988196864
2153.0,268.6041482377484,56.8251512488668,0.6742840871728809
2154.0,271.5012610624939,56.08494006590592,0.7015889373940835
2155.0,275.6102159595352,55.70409810018721,0.8051337228811536
2156.0,278.52961960775656,56.13891509802285,0.9730939405234575
2157.0,279.1750309015636,56.85822061433857,1.1596410711503422
2158.0,278.1648856622587,57.165759092225045,1.3252346862470243
2159.0,276.61186188705886,57.003530428656696,1.412747566864736
2160.0,275.2111635295592,56.60813343498778,1.4921940771916813
2161.0,273.90783740100153,55.891486430987584,1.6129690379387525
2162.0,273.0317390073715,55.2060626525215,1.761573211248144
2163.0,272.7995716356792,54.86377506721243,1.9187848024363263
2164.0,273.3306884170265,54.99369512014757,2.0839144105713023
2165.0,274.0303587027475,55.41461930136614,2.2399598455822116
2166.0,274.5270560869183,55.9065852060086,2.2965179921472885
2167.0,274.48494231608646,56.31036178485084,2.224632954464122
2168.0,273.2882360355367,56.38384472501658,2.098818178281022
2169.0,271.7376212832919,56.470863378216045,1.95985717460202
2170.0,270.6278977509068,56.88535389779924,1.8439609574290574
2171.0,270.55369998532717,57.57458273083305,1.7985974094569208
2172.0,271.3824305866161,58.30668108964295,1.793863190589168
2173.0,272.9511140671661,58.94832830107535,1.7667860915296032
2174.0,274.7724870885628,59.689346315650575,1.7060168508576399
2175.0,276.1413418114511,60.55151254033786,1.5669692412964162
2176.0,276.5099764543541,61.66327477579896,1.3678953883843599
2177.0,276.54295093189637,62.713228939475414,1.1671906507413605
2178.0,276.971889249009,63.325238366254936,0.9923648697070143
2179.0,277.1572062080896,63.186978101122634,0.8627812897212442
2180.0,277.1675224279991,62.61200962492451,0.7877828125836901
2181.0,276.6496715817999,62.65489629452747,0.7539220538829225
2182.0,275.8704124170262,63.80870923213173,0.7028069470950723
2183.0,275.13695180191223,65.47892264491067,0.6142515382388403
2184.0,275.2174924562081,66.77391251016697,0.5095124671940164
2185.0,275.415454208451,67.6452467793963,0.4551551322014596
2186.0,274.8234720702483,68.19200734716304,0.4476386073639999
2187.0,273.97752794224886,68.49596017050709,0.4467927025242916
2188.0,273.6723693038114,68.51613363872833,0.4204355670046009
2189.0,273.3992839817538,68.0654700324,0.39472164735731297
2190.0,273.00188881825335,67.60263455246535,0.3885216016913001
2191.0,273.4727126389679,67.66039583027661,0.3801513387339395
2192.0,274.49309893116225,68.46470657277006,0.3650252676817041
2193.0,275.18317578154307,69.47467117733264,0.33165325423503356
2194.0,275.1097029378911,70.59833558156166,0.3036714108619321
2195.0,275.14734812661527,71.16126765293899,0.28389735487163614
2196.0,275.2203110501075,71.31110330815244,0.2724831439206724
2197.0,275.1647066247745,71.06831250496577,0.27545020272224996
2198.0,274.4731483088749,70.3916751310411,0.3181512179961025
2199.0,273.9864288303545,69.28223289166552,0.3734794613317156
2200.0,273.9424091306401,67.82165635807462,0.39802863982191206
2201.0,273.77961282451747,66.55321787720213,0.3967842774364225
2202.0,273.89103229403446,65.52298384074093,0.40161481559095685
2203.0,274.2148643360165,64.60139869475022,0.41359821518064044
2204.0,275.55171301030515,63.81559574346762,0.42213623433281444
2205.0,277.6781331599703,63.5976058603307,0.4256489074667076
2206.0,280.3664580878431,64.03098038825088,0.45832603474479616
2207.0,282.6960759523226,64.85812584005032,0.5345701595633026
2208.0,285.04117296243703,65.42364621463226,0.6186622396357225
2209.0,287.9063708856356,65.28663997622051,0.6611361958919523
2210.0,291.35712708901474,64.84378117625006,0.66426413687648
2211.0,294.1629620144797,64.32614276897831,0.6919960507690001
2212.0,295.4799966273985,63.868873313768155,0.7416398281331168
2213.0,295.7939474163587,63.509515843310204,0.8001019124909056
2214.0,295.3141873267932,63.09407848718317,0.8248819145460099
2215.0,294.95826838261877,62.44289108439247,0.8247057999662594
2216.0,294.6541835774163,61.523463089924796,0.8160154952947777
2217.0,294.6759511990292,60.66210194334169,0.8096698416502338
2218.0,295.208581273225,60.17425702767798,0.7959425781396996
2219.0,296.47827676470564,60.475455612323174,0.7760487646576898
2220.0,297.45024758851605,61.21535092665408,0.7461304690776336
2221.0,297.5146242058778,61.87117823193697,0.710583365535545
2222.0,296.9063884831564,62.10011391944252,0.6751142111331554
2223.0,296.68731022438226,61.99313981849861,0.6624381585212417
2224.0,296.705281624771,61.846191348801504,0.688986372507121
2225.0,296.10409576914674,62.08289132050888,0.7062292162128023
2226.0,295.3209863237793,62.879015126085534,0.7204343126073606
2227.0,295.3565869600164,63.86353058727852,0.7520254683237603
2228.0,295.29783424140896,64.68160213151104,0.7977070264286916
2229.0,294.3827319541693,65.24109425315247,0.8376631593123599
2230.0,293.7504418127374,65.54519592192155,0.8775275411073599
2231.0,293.842635045328,65.57052329994384,0.92207468510784
2232.0,294.8817897812365,65.42179121382887,0.9204004481875008
2233.0,295.91806700545015,65.10728502688494,0.8880935216373794
2234.0,296.6611541918118,64.76423385774703,0.8883927547558919
2235.0,297.6012727079489,64.58636880192896,0.9320708021666597
2236.0,299.06814198803215,64.87323065075185,0.9890385242573055
2237.0,300.1873347454447,65.44053639213756,1.0284579125971398
2238.0,299.89692011263423,65.95301462723691,1.067359518522665
2239.0,299.23216508828006,66.19151809477266,1.1086075070746622
2240.0,298.8020933502704,66.18167965418402,1.1044547686999848
2241.0,299.03359109145003,66.25664049184759,1.0446068071296062
2242.0,299.4843098360005,66.29166554769697,0.9972821691648254
2243.0,300.6112203733552,66.20963324241066,0.9829972147118655
2244.0,302.47864893039343,66.32498374071136,0.9397959596569475
2245.0,304.80721550204447,67.0278130823574,0.8138689209219854
2246.0,306.68438212173845,68.02053410081669,0.639704946014425
2247.0,307.43112908851606,68.67492456160359,0.47163884433850894
2248.0,306.53238416455036,68.86376520216992,0.3498485430816016
2249.0,304.2741233836323,69.07328930734897,0.2693903139174975
2250.0,302.2116665189668,69.60148356928013,0.22435881642409
2251.0,301.0342623739006,70.38551199055046,0.2269746538408449
2252.0,300.9553307933991,71.07313516836388,0.25399339106310487
2253.0,301.20556268930414,71.7040973197033,0.27165783138480254
2254.0,301.06419314657825,72.30146561182092,0.2771290923874704
2255.0,300.06895670765203,72.53828042036582,0.27316491449627606
2256.0,298.51547627318416,72.51650508889428,0.26358132609895846
2257.0,296.8904500481661,72.26576615001511,0.23933950575415688
2258.0,295.5453641237164,72.13169531874782,0.18632464909849208
2259.0,294.5800192350889,72.29758012087467,0.1254062012656644
2260.0,294.5290343263172,72.30894472752355,0.0776210859234721
2261.0,295.18584731512703,72.14601919873444,0.0470693461911841
2262.0,294.7902203661033,71.97050251153246,0.0306525546952641
2263.0,292.88767582752763,71.99938542530343,0.022123090811188902
2264.0,290.3879952190348,72.14333821495437,0.0201531072314896
2265.0,289.0677540706541,72.3232055740582,0.024852226633892093
2266.0,288.9492313898254,72.61882465005719,0.0340548824221225
2267.0,289.05131745789595,73.12619687708136,0.04905662406129
2268.0,288.3822325887664,72.92653006091399,0.0730702316628036
2269.0,286.93519130673263,71.76818802178671,0.0965290279712641
2270.0,285.77163080082966,70.60542678112854,0.10690751063977959
2271.0,284.92012239966135,70.03947055920158,0.09234403289619211
2272.0,284.1459085417817,69.91993587914024,0.06418001050830759
2273.0,282.43021778288283,69.61847795472882,0.04188142194324009
2274.0,280.0562116266784,69.2286036973873,0.0267224474388004
2275.0,277.81922643496557,68.97424218616996,0.0208910513265169
2276.0,277.02137252519765,68.99566213458756,0.021928343880128397
2277.0,277.2106563155012,68.65857505192996,0.0292482953149689
2278.0,276.9480936873117,67.74345703232984,0.0491750760106116
2279.0,274.90812550103294,66.65073990441141,0.0875684925216676
2280.0,272.02054359771296,65.62870245061626,0.1434132810042916
2281.0,269.9556114804564,64.50582865312128,0.1948686908996356
2282.0,268.53675439195734,63.67048683182732,0.22093788362408998
2283.0,267.45425897247117,63.74884879888526,0.2208656443359025
2284.0,266.14235274551305,64.37292102557716,0.21486349103569
2285.0,264.75411221232093,64.92900206051985,0.1974102564403876
2286.0,263.21921985319494,64.93126005184162,0.1624276271940721
2287.0,261.522328085671,64.50364489259584,0.13786093496776408
2288.0,259.76985264229296,63.43429468347721,0.12145997985298812
2289.0,257.61896884721,62.32851062575737,0.1322383187680569
2290.0,254.4392143965248,61.69991289411122,0.17115916623037689
2291.0,250.70164349057086,61.67433565420489,0.22557413036760252
2292.0,247.77446953809638,61.787198967256224,0.27579703783699233
2293.0,246.4228559871395,61.779697306838315,0.3159605021012496
2294.0,246.70015253589716,61.757952312679855,0.3437528846376249
2295.0,247.0793376581814,61.8374332604196,0.3644771863826916
2296.0,246.63141290655872,61.81806276387725,0.3914117957919743
2297.0,245.10034412951123,61.34183881238756,0.4125093655979664
2298.0,243.62664111737283,60.74656849807226,0.41833123723179616
2299.0,242.41530772928866,60.07352271067742,0.4273833748939226
2300.0,241.5812449026021,59.11261138225911,0.4479470828464801
2301.0,241.32960962093495,57.8665664521396,0.4384897158725135
2302.0,240.88869066721557,56.297779141677175,0.39421325272512153
2303.0,240.0070428447813,54.51522905756042,0.35424681503377686
2304.0,237.98545385283325,52.97896782155755,0.3151141256290728
2305.0,235.97844640640463,51.871386957435675,0.27390977182320997
2306.0,234.39195498892502,51.32907914805814,0.2380813839565056
2307.0,232.59927469366426,51.45612328203436,0.226635027844
2308.0,230.59630239604144,51.87211438009722,0.2506413708297215
2309.0,230.04434594054942,52.005894653106786,0.27281796302564415
2310.0,231.0039938189455,51.94129943847656,0.27375404086801003
2311.0,231.50370262428328,51.60937682831223,0.25617284067904
2312.0,230.74139860621887,51.35268923749207,0.23551195526214758
2313.0,229.81586677665385,51.40187435705099,0.2260193841918016
2314.0,230.01462583688627,51.76545569738012,0.23644144513100251
2315.0,230.1857036256333,52.238946928217416,0.24506865104392808
2316.0,228.86971529029717,52.25683631889878,0.2427226844407236
2317.0,226.3452617212216,51.78402662124386,0.23466886919726893
2318.0,223.86932724796065,51.1366588382188,0.20273050155648156
2319.0,222.27142708735562,50.72712538210102,0.1626681436315321
2320.0,221.90282591354574,50.337393872713506,0.14853116363470809
2321.0,222.76730963722528,50.10074437239769,0.17044410689051287
2322.0,223.22294951213397,50.10208130945282,0.19881578750476958
2323.0,222.5691176747503,50.22083088528981,0.23617513162096093
2324.0,220.6711503762178,50.54367286823402,0.29244883803745203
2325.0,217.999600752475,51.16553660959956,0.3263533775258408
2326.0,215.35568370000402,51.80033328690662,0.34686040632607357
2327.0,212.88424676738515,52.39005310331507,0.3244498788092004
2328.0,210.6888691516578,53.148801570780456,0.26158067288217646
2329.0,209.11719180183033,54.08106405225343,0.20106794980412007
2330.0,208.727771287396,54.86469724364697,0.1730796379271281
2331.0,209.31364073907753,55.24116093467766,0.1699304152328689
2332.0,209.91685682181006,55.38776915623234,0.1969415227072836
2333.0,210.33266247335504,55.44406492375213,0.2171326260690064
2334.0,210.98612583416056,55.79565274716253,0.21418277556132248
2335.0,211.4232888675638,56.44399652730869,0.2065352004468736
2336.0,210.9167433064317,57.1634508020262,0.2063474414932324
2337.0,209.32825942321568,57.657221561842555,0.2235881911422769
2338.0,207.22917244993837,57.967482833680194,0.2538754639235136
2339.0,205.1190452392973,57.99599256010001,0.28451100478223296
2340.0,203.6107258798824,57.51146778950066,0.2938262899416516
2341.0,202.77000331595028,56.821955379070566,0.28639139847714007
2342.0,203.14059636738085,56.375198838129805,0.2836454188090384
2343.0,204.52384177803327,56.64677583669947,0.29301318163988643
2344.0,205.58205075662255,57.295074409813985,0.31080854690424364
2345.0,205.85705456372588,57.63064587169232,0.3380091577488025
2346.0,205.43483367462375,57.34759457375469,0.37314193737690254
2347.0,205.3486538106738,56.814549652821576,0.38901547389210256
2348.0,205.89402828822273,56.451084590663946,0.3991201416513936
2349.0,206.52004669500474,56.23680842350267,0.41603066311927206
2350.0,207.70138554582448,56.06194613774865,0.4257233515855441
2351.0,209.35821715295813,55.886905045240084,0.42681757544507287
2352.0,211.59342600997664,55.583043584433334,0.4878031518524837
2353.0,214.23738524092508,55.087964602410366,0.6215100074840835
2354.0,216.7677130864369,54.68777585421382,0.7693173560504644
2355.0,219.33679932875742,53.91327340843755,0.862514876027904
2356.0,221.290580598619,53.0454345716329,0.9094041881134596
2357.0,222.30180384978013,52.60186500753307,0.9128813584280623
2358.0,223.02869524414632,52.69532303858863,0.8760925180834594
2359.0,224.32742127723705,52.85595082682443,0.8562803214293054
2360.0,226.02815768870383,53.245819632791815,0.8630627015764222
2361.0,227.0152143259594,53.71596479462976,0.9053793298924927
2362.0,226.56401984775061,54.052961810935365,0.9770887367144402
2363.0,225.30578372244588,53.82206800425625,1.0475470915663505
2364.0,223.84142618924088,53.26792183123276,1.0632025976464656
2365.0,222.66440706879732,52.82003162566881,1.0233177270452223
2366.0,221.5174690863535,52.7391876187905,0.9676502262977797
2367.0,220.67638679626944,53.09889543308323,0.9025365943709475
2368.0,220.32730491726878,53.543632242817104,0.8269790412038545
2369.0,219.85920422594702,53.350250342327826,0.7625680425320162
2370.0,219.14631833815397,51.81799755112018,0.7369443517684369
2371.0,217.75933546063996,49.65302822566044,0.7111234521234495
2372.0,216.14554693119,47.98200415112511,0.6098323760815224
2373.0,214.12850501074155,47.57358931610988,0.4649062219777025
2374.0,211.24292342124653,47.90570528532755,0.3458721253079235
2375.0,207.47746562281807,48.331100563442156,0.2673808477689924
2376.0,203.6547787808449,48.753729055655455,0.2060294857601841
2377.0,200.73301740878398,49.414221022672514,0.16700036383996839
2378.0,199.3304335913556,50.37393901939679,0.15808155341998412
2379.0,198.37268898287664,51.503899742573076,0.17305177346580639
2380.0,197.3942282896537,52.58481337256692,0.18937106637697962
2381.0,196.69671877639337,53.285018450424275,0.1921525022051209
2382.0,195.91969638703017,53.63352775057224,0.17867438542314487
2383.0,195.08998298877611,53.62429864423828,0.1527269144644681
2384.0,194.09525938114783,53.74891203008849,0.11628630602052839
2385.0,192.6675262619777,54.44375197934092,0.09474481066160247
2386.0,191.16334741043556,55.089488227112255,0.0743490216078289
2387.0,189.6042756716692,55.24695809248506,0.06712201114630559
2388.0,187.94981417725145,54.99814526747343,0.053500943653344096
2389.0,186.71695658772333,54.371649010391025,0.0405017597252401
2390.0,185.80283852273325,53.78337056762461,0.0326690550623889
2391.0,185.32159928031376,53.764151938769984,0.032191687112976396
2392.0,184.77307635491366,54.23408689289615,0.0352400673986244
2393.0,183.96836975930592,54.51167679338148,0.027656348551920396
2394.0,183.50364817307138,54.643162664355884,0.015726878026922495
2395.0,182.90703346640882,54.6125479827187,0.0080831697516025
2396.0,182.12622764167483,54.06553105557288,0.004244668437254399
2397.0,181.5591160747665,53.3479112947937,0.0018731099267136001
2398.0,181.0260822138642,52.59135591426424,0.0027921268947364
2399.0,180.36134858828214,51.73211824936858,0.007770776867040098
2400.0,179.45723000914256,50.56366109432022,0.0081326271899664
2401.0,178.22512515366685,49.41847946003906,0.005490381710352099
2402.0,176.5177840426002,48.79814896600449,0.0071021222453281
2403.0,174.5843753035301,48.80871548774636,0.012123179290196096
2404.0,172.94107145460546,48.88911700087009,0.0166869375990849
2405.0,171.9930201075677,48.395932288242264,0.022987751077094398
2406.0,170.48747966517658,47.51821259597097,0.0222456956530081
2407.0,168.24801799059844,46.45971678663226,0.0148491235747204
2408.0,165.78410706263634,45.33688395462764,0.013441677813062498
2409.0,163.2385761100567,44.40555100155096,0.015406442172836099
2410.0,161.319693966561,43.8622156361658,0.017851698905062496
2411.0,160.20746909631157,43.57460610018734,0.0165744845401249
2412.0,159.72855423656407,43.1825613092016,0.014702694996808898
2413.0,159.55605944459603,42.73310454640519,0.01049264240896
2414.0,159.83497571036168,42.37938559561072,0.004426970098830399
2415.0,160.0520512581773,41.96644089705308,0.001848663755288099
2416.0,160.3615909080464,41.32048490887942,0.0015301835003535998
2417.0,160.2980844421085,40.90012723956773,0.0036531592074768994
2418.0,159.277647741878,41.20718255099477,0.013837795598905597
2419.0,157.22654858580123,42.01505301905184,0.028060454407502496
2420.0,155.14905867734024,42.67528698809831,0.045172890282722505
2421.0,153.4933634225477,42.7785750635449,0.05876657884287609
2422.0,140.36456303229153,80.82505788123254,0.07834874038140249
2423.0,140.59227433136093,81.50181706508107,0.10141616652690248
2424.0,140.34708795847882,81.86208714342297,0.15884728369224999
2425.0,139.7107936666172,82.19202037702263,0.24789403387257639
2426.0,139.2742159657461,82.44306440493835,0.3423725763062544
2427.0,139.93991738854172,82.75006186977721,0.3843420321855625
2428.0,141.4163958594415,83.2978218418371,0.3607608295630161
2429.0,143.0894404114,83.8771018130336,0.3223407210903364
2430.0,144.1496450176443,83.91069835024534,0.2757191510389156
2431.0,144.70047931421053,83.2585766341659,0.23081701092095608
2432.0,145.06516008114002,82.61460262844686,0.1961791628341689
2433.0,145.4882360369282,82.72991771247342,0.1840962507660721
2434.0,146.0210904231746,83.82658136963937,0.1734875275563556
2435.0,146.84748698379897,84.9890698937958,0.16755236694519207
2436.0,147.66149095229187,85.39355730154593,0.1863249339898384
2437.0,148.09883193010634,85.19891123583488,0.24115861370574088
2438.0,148.21975146341583,84.79418340068551,0.3031149151792129
2439.0,148.2830805138883,84.65945157343928,0.3423257795183769
2440.0,148.35865693197195,84.80206761107053,0.38385148341510017
2441.0,148.52725909871953,84.9334081581833,0.4404472236975204
2442.0,148.76454378178298,85.07898286564014,0.49283115373403574
2443.0,148.87440232767705,85.39392749093693,0.50514496517496
2444.0,149.09222610992921,85.55412340502785,0.50225172128784
2445.0,149.4729393918753,85.13696301676063,0.5164831192897601
2446.0,149.5027371374708,84.00450803346318,0.5631811460796816
2447.0,148.88701079947933,82.54827109425457,0.6218192719048322
2448.0,148.2416360309758,81.6450236543697,0.6922165619399808
2449.0,147.91842337920212,81.95177162608638,0.7847619894024851
2450.0,148.1822377074408,82.90303940243678,0.8888198736235535
2451.0,149.2591568000356,83.781986111695,0.9350219881006224
2452.0,150.87368898782194,84.6494996345347,0.8849608351535451
2453.0,152.01292049331698,85.50860392999734,0.8171532636040901
2454.0,152.62890713323026,86.2443700641541,0.8230699199686401
2455.0,152.81719761725714,86.50314344529771,0.8856675536647746
2456.0,152.0528142355569,86.38578771042026,0.9473888089209999
2457.0,150.8597988805001,86.20370338556552,0.993451695317021
2458.0,149.5757114456112,86.27543641315526,1.0283365249211038
2459.0,148.09958474167462,86.35639854356593,1.0256755662512167
2460.0,146.2517938792674,86.27080357868837,0.9724834599659777
2461.0,144.62536316645628,85.91841085920476,0.911310284378033
2462.0,143.46372510140532,85.71347177730156,0.85147826643364
2463.0,142.80321843490358,85.80985571945045,0.80045731261584
2464.0,142.90878896956193,86.06016875258125,0.7779839595153202
2465.0,143.55862785003734,86.05503649796144,0.7853179167967224
2466.0,144.2832393018413,85.70347714749758,0.79591468958306
2467.0,144.68701948816806,85.3564418958021,0.7649128281897025
2468.0,145.12773744800268,85.10660641059916,0.7319753846913599
2469.0,145.7018339778602,85.06648725273924,0.7618794297347024
2470.0,146.23904305400896,85.26969354538008,0.8624029692847716
2471.0,146.76214192263305,85.82851981275753,0.9898550015982848
2472.0,147.79394396647663,86.47523148649952,1.0991023437438723
2473.0,149.37395523462502,86.82637019379162,1.1828609698585741
2474.0,151.29937864934394,86.77310548608472,1.2203419624489924
2475.0,153.27726086138674,86.3256827623752,1.2419901543830543
2476.0,155.03382055303567,85.6646499150688,1.3031171788688962
2477.0,156.54035651586267,84.91856323019601,1.42361694497764
2478.0,157.5508141765471,84.16549720570131,1.5891873665850622
2479.0,157.75842935696005,83.48449178365011,1.7234182404950624
2480.0,157.4700920452491,83.35030388809434,1.7176518098534652
2481.0,157.29142278928654,83.88297852332862,1.5648875613757154
2482.0,157.09037819825699,84.66227282506817,1.3646810766789224
2483.0,156.7637501098383,84.77442356186546,1.1937487562616098
2484.0,156.103269713827,84.25341425904554,1.0809399503300645
2485.0,155.94795810813974,83.65471112946962,1.0413692664440002
2486.0,156.63683137570843,83.37733565314004,1.09775868850404
2487.0,157.50107884120584,83.08107751987684,1.2377100733351563
2488.0,157.89973425901923,82.66673701562499,1.4650359151214225
2489.0,158.3773506153042,82.26130251453081,1.6900707467403837
2490.0,159.50472516491436,82.06365815814239,1.804117119590033
2491.0,160.54246732265318,82.0692608206823,1.7676701766322565
2492.0,161.44904115459843,81.62545806135674,1.7039755902125053
2493.0,162.0033639726987,80.94339917127661,1.749007493150221
2494.0,162.54247317183749,80.40089901969543,1.9306241019609995
2495.0,163.09094297665746,80.12471955765193,2.193164831126413
2496.0,163.18810880598244,79.72059242802044,2.4622647375266697
2497.0,162.78326286415862,79.1764907727099,2.70737577932667
2498.0,162.8006140758367,78.83092249496332,2.899665972781113
2499.0,163.2036018440746,79.05891753717674,3.0475177189388103
2500.0,163.45616695610516,79.48091638776141,3.1059397690138755
2501.0,163.5173020924546,79.44870330362805,3.07341465758649
2502.0,163.4072493341403,78.80165505189795,2.9949098361054083
2503.0,163.22541250713283,78.12052947269271,2.9593189985584365
2504.0,163.0667995726541,77.76888060195556,2.9461657586680223
2505.0,162.85252267483645,77.44185540311337,3.0068002518428174
2506.0,162.31343853970515,77.20146373260134,3.14358892768561
2507.0,161.47482979296913,77.37434110742059,3.308041915613429
2508.0,160.53668682302714,77.91627501878416,3.389880382457328
2509.0,159.53228750006372,78.49731201027198,3.3701051343128516
2510.0,158.4782180362705,79.19892593908305,3.3172690868236083
2511.0,157.2796911052224,79.71097353836403,3.314723127584372
2512.0,155.86601744847655,79.40080385158363,3.36794615690832
2513.0,154.59246683777963,78.11835042391398,3.38850819225801
2514.0,153.79009304826678,76.824220884881,3.42020449803266
2515.0,153.51528945036628,76.1441025300998,3.420079000291713
2516.0,153.99596996025704,75.83103469505679,3.2935056095792756
2517.0,155.14384892282465,75.90885091270046,3.011018259553388
2518.0,156.79901166669626,76.46964272210393,2.727351146106972
2519.0,158.71658966786757,77.28268950681017,2.517933065768137
2520.0,160.89674370944434,77.61748899081417,2.4095174097797205
2521.0,162.87105832410728,77.43777185602758,2.382886967430062
2522.0,164.0549253505883,77.1277193940941,2.3618592046062226
2523.0,163.64834433722683,76.45916099359412,2.2755695648707923
2524.0,162.15053190502957,74.70990762495407,2.1757568964989837
2525.0,160.57446835434345,72.02934230464423,2.1686766691275623
2526.0,159.9008926033447,69.64211568849163,2.20540765878225
2527.0,159.9417730766936,67.90128777967301,2.1895203763278395
2528.0,160.04224776521147,66.68808265393767,2.1066549377099206
2529.0,159.57588350987783,65.73312570921831,2.0384313992133314
2530.0,158.8376469116367,65.06557480665224,1.9874241316512962
2531.0,158.10808913947727,64.78512105434184,1.97674314885032
2532.0,157.442266512856,64.96624209486322,1.995063167335702
2533.0,156.9160658209645,65.31598051308826,2.0360720339472014
2534.0,156.14774473529917,65.27398356960782,2.090515795271792
2535.0,155.37502736510785,64.56559097141,2.1468560218756227
2536.0,154.76109767881184,63.34043787847778,2.2461122108863196
2537.0,154.5672584025161,62.07818133999089,2.307658490548326
2538.0,154.51847758727982,60.93639732572299,2.3298164888868493
2539.0,154.33794757787498,60.14625925095577,2.3157544106560897
2540.0,153.92358733556213,59.52367793237148,2.289072713692512
2541.0,153.75087001553445,59.14500673954523,2.211299025191438
2542.0,154.3207358483533,58.97298162401423,2.160440355445322
2543.0,155.3470550283042,59.300698246552514,2.1487981936137617
2544.0,155.9185037603703,59.585994296844405,2.1237257382647057
2545.0,155.52305823350787,59.5135210503005,2.014964152902149
2546.0,154.00694115637998,59.11279821229164,1.8415667352018241
2547.0,152.2067991927113,58.81840299949387,1.6845743656651713
2548.0,150.69452295501506,58.63796678781021,1.5399428549780356
2549.0,149.89584339713764,58.566877185536,1.4344360649523022
2550.0,149.68182038939582,58.45830825520695,1.3042724694153
2551.0,150.06129950240103,58.23397627642673,1.2013829265988225
2552.0,150.648094169195,58.162596835443615,1.1070608671641602
2553.0,151.16584910848678,58.066820746830146,1.037096989328568
2554.0,151.50006634075913,57.742237429812945,0.9774128855269635
2555.0,151.47913393613484,56.92380740476703,0.9074428733961617
2556.0,151.3025314994884,55.73511019714401,0.8372741545214596
2557.0,150.81543898128908,54.43134866736337,0.8191559587345224
2558.0,150.4665087747481,53.34916553911272,0.86493628898064
2559.0,150.23674015897166,52.67216902513311,0.9389465231958009
2560.0,149.54933983285056,52.42457857865652,0.9632354461304483
2561.0,147.84843398303835,52.44476510262565,0.9243679504131136
2562.0,145.88561279765818,52.63591635307364,0.8678788208480196
2563.0,144.57153101409185,52.83182215529106,0.8513568730076002
2564.0,144.01102581104837,52.73848289967008,0.8754365810893824
2565.0,143.84948711065448,52.55715239102082,0.9090130333730624
2566.0,143.0157180564755,52.13355246371338,0.9744012549415226
2567.0,141.37160965682517,51.53191318775825,1.0418808321534097
2568.0,139.579268319551,50.952897469935834,1.0726377022514177
2569.0,138.66372570344743,50.95201891270352,1.1142018258066082
2570.0,138.95035906545408,51.663507979363594,1.2043696370738177
2571.0,139.68380320987086,52.45988636008166,1.2740816870301526
2572.0,139.66493680294272,52.782405684924,1.2411405568494143
2573.0,138.78930039171095,52.5209207759976,1.1431812839158335
2574.0,138.17365668457597,51.99078417325078,1.0339618366359398
2575.0,138.26472875508145,51.282756508756094,0.9210133989730251
2576.0,138.27305985032532,50.66298288508356,0.8528378619306841
2577.0,137.51896073158662,50.23998796925619,0.8262056092597609
2578.0,136.53968725899128,50.08991292376601,0.8385202621845504
2579.0,135.88478288628014,50.17533473702501,0.9009428242688066
2580.0,135.99248634638508,50.34823231868037,1.0176478621989156
2581.0,136.95415370067087,50.50067493673164,1.164773720065049
2582.0,138.49489751197797,50.200097300087286,1.2655697406031936
2583.0,139.946574941457,49.760959000449944,1.2806595159747984
2584.0,140.6895943528338,49.542046780132104,1.229442296548796
2585.0,140.45254467491117,49.85928219932131,1.186389991538396
2586.0,139.83705196134807,50.3611384279184,1.1563591480607882
2587.0,138.9588581420318,50.72829515502882,1.1007446792304403
2588.0,137.43923605680052,50.74517004588993,0.9789571605445694
2589.0,136.04558880953874,50.494757340974346,0.865410589533781
2590.0,136.00605493505628,50.20056875058183,0.8003223285661696
2591.0,137.2637632422516,50.14947297608814,0.7774893053025317
2592.0,138.5090399418661,50.3221503893107,0.7477734862366607
2593.0,138.8317315566151,50.29834013517536,0.6616820305945599
2594.0,138.2061143379453,50.137653583548094,0.552064707131725
2595.0,137.66582662493428,49.81763740773711,0.4577264921207168
2596.0,137.6891295637493,49.550307216148376,0.40175734163175614
2597.0,138.32538792370596,49.24425517445851,0.38013439574015995
2598.0,139.2524844438304,48.922418093274935,0.3660146182736163
2599.0,140.45650231510587,48.64946311143723,0.32764659107380845
2600.0,141.54825025503894,48.30737999625014,0.2706365269016644
2601.0,142.64264515691696,47.941051752335284,0.21719774628614408
2602.0,143.7157833400802,47.828771257524444,0.17669052432231838
2603.0,144.4139264700584,48.02592578407749,0.14528742807617437
2604.0,144.45620451266237,48.2598361470228,0.10813717277030889
2605.0,144.09993293181793,48.58441796208557,0.06413139913756838
2606.0,143.66316184978106,48.76868745346311,0.027421290039062494
2607.0,143.24938041444622,48.886558913664224,0.0132531623768644
2608.0,143.02030768682044,48.74607973175093,0.013294878663696398
2609.0,142.84849781946934,48.581167508968264,0.0161191310700996
2610.0,142.47092962048967,48.82186840710197,0.019503273232974398
2611.0,141.88858712240616,49.136628849500816,0.0268263615350025
2612.0,141.13395307475383,48.767659633511,0.03343250246862489
2613.0,140.1368963653199,47.5511480883294,0.0250788777761344
2614.0,138.68318384419567,46.051954516173716,0.0117065367105625
2615.0,136.95555943756182,44.71720757471662,0.0035302099584248983
2616.0,135.5675326225462,44.272497518691424,4.68315568359998e-06
2617.0,134.68717949275714,44.933758442657854,0.0056968288534756
2618.0,134.1455699441346,45.94010775340904,0.019925411574759997
2619.0,133.86668201733056,46.56186059713004,0.0266065749956484
2620.0,133.446651910609,46.7593989453318,0.0254464613090809
2621.0,133.2523661616913,46.80947902374189,0.028097423194579595
2622.0,133.34456225207057,46.7028104135757,0.0374435542013569
2623.0,133.45257833787997,46.462517579329806,0.05165933036587211
2624.0,133.2320127491452,46.32462224868758,0.06327127992110891
2625.0,132.93000783211454,46.36851860067035,0.08067462579518409
2626.0,132.86526104847394,46.518809383987225,0.10871735564592251
2627.0,132.46188950383922,46.69893045329487,0.14338195669561005
2628.0,131.86974241173064,46.812014335216354,0.17096535480738487
2629.0,131.23456158718307,46.68425044198702,0.18023698810229288
2630.0,130.90671059795372,46.531950902062235,0.18217375877851238
2631.0,130.47724280495189,46.656014809063876,0.1950516486281104
2632.0,129.60627079793554,46.99018979051124,0.22758145394280035
2633.0,128.25635183952977,47.010558021228185,0.23952720862612886
2634.0,126.74472982329252,46.52236264382574,0.2121747181130329
2635.0,125.01970908870041,45.766640654847436,0.16787046201120043
2636.0,123.26287785816146,44.939308917275135,0.1520657833245769
2637.0,121.56217263875122,44.17794744892243,0.1603923522372196
2638.0,120.14966844587536,43.405951725818035,0.16832563306350493
2639.0,119.25252379621855,42.68530288520494,0.15635560034142756
2640.0,118.7974049478182,42.014244081581,0.1431008879227684
2641.0,118.57006293084045,41.554087750365845,0.14458497479975616
2642.0,118.10673158040244,41.456301903278785,0.14934600622867208
2643.0,117.3490612148732,41.70875139513507,0.14462705558584957
2644.0,116.40255552480258,42.26011239501952,0.11770680945974758
2645.0,115.31735427657091,42.80115792604317,0.09715902203969641
2646.0,114.17372663487343,43.15014385873115,0.0833387520876304
2647.0,112.6381238247477,43.026585546661316,0.07605769165164811
2648.0,111.0667094979595,42.59239681490491,0.07687576931904001
2649.0,109.63867626779725,41.96847428373169,0.09645801702514809
2650.0,108.51417046752253,41.12227958441011,0.1255153670709904
2651.0,107.50971531144909,40.1333642944856,0.1435721666882724
2652.0,106.80712287812999,39.457108956682575,0.13279010759021287
2653.0,106.42112177696383,39.39598712025995,0.11326240913793609
2654.0,106.10405975979259,39.73269321874975,0.11424169485162809
2655.0,105.78577575004273,40.180948073857586,0.1357539213350401
2656.0,105.30039412929987,40.6342411982105,0.18847888543640254
2657.0,105.01179321968647,40.84924540266127,0.25030170096859206
2658.0,104.89651069388808,40.4958794314058,0.3048373998774725
2659.0,105.02555732806901,39.76351014969248,0.31567202893512053
2660.0,105.40759332307282,39.06585107186688,0.30477697876921
2661.0,105.80600918754304,38.56778609567837,0.2780097194797128
2662.0,106.16558414574553,37.88481025896916,0.24973429063900834
2663.0,106.5148570170364,36.959689079004654,0.2314741065403536
2664.0,106.56043313540768,36.31836910584398,0.22773746810914092
2665.0,106.67492196363547,36.024966006982424,0.2742381659004516
2666.0,107.62127213744796,36.140600493813984,0.3761151917589361
2667.0,109.24553922085164,36.5994060953825,0.4992854960858769
2668.0,111.5159297593683,37.03684966136464,0.5405271125261402
2669.0,113.57631276421782,36.77264103433961,0.4908850592976101
2670.0,114.677221616774,35.955636236091536,0.41427602824612836
2671.0,114.53160773356372,34.96334324202443,0.3703507141463808
2672.0,113.9099104821368,34.14368415537448,0.38640908711233435
2673.0,113.34458988974426,33.656522168203225,0.45232281649926004
2674.0,112.79846662857507,33.52270833004324,0.5677442716323249
2675.0,112.4219553622009,33.81881458632495,0.7170094918546572
2676.0,112.37479024268764,34.095974840790255,0.8608689728150625
2677.0,112.89757725703369,34.0037061975127,0.8933462721898009
2678.0,113.78181585805041,33.744314862804494,0.8467485686799364
2679.0,114.64111307190454,33.554094853287125,0.7732340344110532
2680.0,114.79184816873189,33.14880440760003,0.7821847095616848
2681.0,114.40571171710873,32.480181351923825,0.8898553580301025
2682.0,113.8714323135559,31.871695428934974,1.0440178973713636
2683.0,113.34409398369398,31.301946268210493,1.2237078429726245
2684.0,112.55900700412603,30.64590869410009,1.3918491832848967
2685.0,111.26613079148645,30.138778791079314,1.5231673446555558
2686.0,109.76604315688824,29.826051313311165,1.5608527593732648
2687.0,108.34941402277805,29.739717165958222,1.5300918121734401
2688.0,107.51955003066608,29.743930076960158,1.4797998934644678
2689.0,107.44815236228642,29.755625918045503,1.4878632727956003
2690.0,107.88695912705526,29.83753091759829,1.5875619734277082
2691.0,108.44123654781909,29.998181642869774,1.7742978468483988
2692.0,109.11356395306821,30.12255816012462,2.0409364180931715
2693.0,109.88210895520622,30.34514340470761,2.21444071714009
2694.0,110.73263181083732,30.912113718664997,2.201983308601935
2695.0,111.52302394309447,31.49564295142637,2.0451788023023507
2696.0,112.3775021295163,31.865827876904852,1.9122529649535225
2697.0,113.53946522211182,31.770685193055904,1.8301976840470404
2698.0,114.76735148151532,31.494100653560253,1.7603779930902173
2699.0,115.71647405414464,31.083515035679454,1.6939540761264085
2700.0,115.92175287711049,30.614041305558576,1.6140563135706256
2701.0,115.44112375236668,30.194190754862333,1.5134282080960904
2702.0,114.60141730358654,29.821316643219472,1.384654825822145
2703.0,114.08462658988186,29.392083236651565,1.2754979420823027
2704.0,114.18224141057846,28.838119539893604,1.1858896152276481
2705.0,115.173676322172,28.216416001230023,1.1551377753656897
2706.0,116.76054508914643,27.59925878269011,1.1582151572364026
2707.0,118.03469976623158,27.201871677870653,1.1670844963939224
2708.0,118.21712964745402,26.884137477271235,1.0958002893030403
2709.0,116.82598203786694,26.619703891252247,0.9607532440756443
2710.0,114.50691732489025,26.606436835703278,0.8261552900817224
2711.0,112.37372614717859,26.817020608763784,0.6973061309600165
2712.0,111.63754419378499,26.911862757053676,0.5761484618949136
2713.0,111.9286705970368,26.87595048048804,0.48961798648532634
2714.0,112.48589455711931,26.918772858397208,0.45226123996376405
2715.0,112.41653160888907,27.226491576307144,0.44891216728244643
2716.0,112.13985562472337,27.602345405111166,0.4852897762284048
2717.0,111.91287152812176,27.79306288379177,0.5388893760537226
2718.0,111.88915089829293,27.808479777392655,0.6055069797720242
2719.0,111.73447577957278,27.859867852032348,0.6711960250314916
2720.0,111.12196802586908,27.9153161392582,0.6988434667472165
2721.0,109.89991121086123,27.833176569283747,0.6573411013730626
2722.0,108.67885234022842,27.592196744756254,0.5825131027922115
2723.0,108.04397690715503,27.306327862788496,0.5289001986525625
2724.0,107.60517197972403,27.176057641662602,0.4944070127502724
2725.0,106.62621817440784,27.07517320675528,0.47009739641952014
2726.0,105.01835255868217,26.938290016912557,0.46179179053096964
2727.0,104.61283394852641,26.658093655700522,0.45419647148099984
2728.0,105.86933662844842,26.387222785650252,0.42824113996984964
2729.0,107.73963002759426,25.984777641608623,0.4185408089772901
2730.0,108.66328683155858,25.76978995255744,0.41630590620199837
2731.0,108.75147587798189,25.920154114561285,0.4181831494394724
2732.0,108.54741953767433,26.365267014861278,0.4336444022229124
2733.0,108.62736102871843,26.948398278043012,0.46162663323583225
2734.0,109.0173982349161,27.442612711300878,0.468254952773065
2735.0,109.21946184459718,27.78928969310975,0.415829213940204
2736.0,109.25047599317257,27.82236282461701,0.3152422387794968
2737.0,109.14576721435623,27.6505242570925,0.23089737533755245
2738.0,109.05935247281899,27.45498048168,0.20425529538305437
2739.0,108.87073329553776,27.32744252050861,0.21945789155468892
2740.0,109.02599793598328,27.18569630841139,0.2336414912098576
2741.0,109.543224270842,27.11806770650121,0.23889651369156814
2742.0,110.19438431561169,27.20963420885883,0.25747364577433207
2743.0,110.1452735217402,27.449461206400752,0.29452671987398565
2744.0,109.41108453180712,27.877360905682565,0.3429650385389089
2745.0,108.61633561231586,28.467955078369005,0.35828429707773163
2746.0,108.1538526473498,29.058075769059574,0.3311714410965008
2747.0,108.17713426253113,29.33504045596224,0.3000286602616384
2748.0,108.51802667184198,29.433645391989856,0.2708109456171001
2749.0,109.23912823090576,29.660006843830026,0.24769591342073644
2750.0,109.93753359941982,30.110553586456724,0.23209751522500005
2751.0,110.66485581903751,30.376883244228473,0.2257081231545001
2752.0,111.02150235401172,30.38301501248258,0.21411191766284413
2753.0,110.87097422294255,30.299624395229497,0.19182881922032888
2754.0,110.13295733995602,30.208182232276585,0.16471927131268843
2755.0,108.91021079603026,29.964749461125027,0.14711275038783997
2756.0,107.47715864092721,29.59030214628174,0.1377291934029456
2757.0,106.23451863129111,29.420607613556754,0.12240595205798444
2758.0,105.38500301211207,29.273979775072693,0.09776222873703042
2759.0,104.57055427013077,29.042650804862625,0.07018770885193691
2760.0,104.36066399336731,28.69902912247035,0.05878472766958439
2761.0,104.89224744401206,28.469160175509003,0.05632348788049001
2762.0,105.82151374054807,28.46162449556744,0.06763068868218008
2763.0,106.04917452236364,28.822029917277177,0.10454273509587612
2764.0,105.59718387248492,29.404998866292022,0.14407010543386237
2765.0,105.6612812037227,30.074397158325635,0.11656707695702412
2766.0,106.15954710613529,30.71653927461015,0.05344250942284961
2767.0,106.79283679980028,31.230381429846904,0.011271625113768106
2768.0,107.25644973370225,31.939400482280973,3.5102645449000706e-06
2769.0,107.82705143973946,32.61831602327809,0.005753926409529598
2770.0,108.23846454534375,33.059758571829796,0.0164029878982225
2771.0,108.36889844847073,33.13186950347926,0.024419612815417602
2772.0,107.77600609591907,32.95249709075344,0.028973735171892893
2773.0,106.16969370065041,32.6835353680645,0.0249044853134025
2774.0,103.95976085674943,32.21569596119482,0.020212189477376397
2775.0,101.72919071075567,31.648392251624543,0.015262862965561598
2776.0,99.82326635603154,31.155462634385778,0.011092205505811598
2777.0,98.33705832523886,30.742507654434025,0.005884112661520898
2778.0,97.11909342960402,30.234509803534223,0.004253888412985599
2779.0,96.19971049881691,29.56500513159975,0.005239863291609998
2780.0,95.12680412580248,28.91422219644473,0.0048505667089200994
2781.0,94.15841644453496,28.53808315997256,0.005637293209248098
2782.0,93.53165798892877,28.43466722254889,0.009031571395776398
2783.0,92.91499886557902,28.638940449125517,0.014149899476222496
2784.0,92.24935963459514,29.075577760132052,0.020818972114596098
2785.0,91.66392810927935,29.529928729220984,0.0271025825231044
2786.0,90.92865753939971,29.57659819942515,0.028617646439600096
2787.0,89.959618883238,29.08931153202064,0.02513562918084
2788.0,88.87591450314139,28.524765457969934,0.019511969067562494
2789.0,87.74082744431463,28.316634917441288,0.016503382120940095
2790.0,86.37699748066923,28.506372479016967,0.015255278370307596
2791.0,84.80152024065534,28.821670543291244,0.0177361958988361
2792.0,83.2412214283178,29.231769714334384,0.019574936817411598
2793.0,82.18681821784139,29.69773176838,0.021362625748968102
2794.0,81.76091317808475,30.12959547102797,0.021066063730740898
2795.0,81.65905191844563,30.15302759091756,0.023308873935553597
2796.0,81.62683802434215,29.7015732892284,0.0284632766749969
2797.0,81.54892660331805,29.08452676711199,0.032167975689748905
2798.0,81.04989702193285,28.60224238660735,0.0286898757343396
2799.0,80.04515311860257,28.207816882384048,0.018586556009550396
2800.0,79.04096091135271,27.762371116480928,0.009877801609636899
2801.0,78.38951095113343,27.494775912567057,0.004961214600092098
2802.0,77.99119663740524,27.34609797112911,0.0045308622644224
2803.0,77.58142366132935,27.34449415310154,0.010403447167344098
2804.0,77.60887808240163,27.313000351616495,0.032442346227408096
2805.0,77.95145837013156,27.138358675223046,0.07373143000750242
2806.0,78.31352405618085,26.630516365328383,0.1011131628503616
2807.0,78.23626315480733,25.77585457123373,0.0957393935219089
2808.0,77.83647378320339,24.942456151109287,0.0939173515899844
2809.0,77.61114780179471,24.48440416231524,0.10169907238452638
2810.0,77.68251746317208,24.344844468450255,0.10568002316392959
2811.0,77.67906356191385,24.085770074122806,0.1158715540887921
2812.0,77.25890818581982,23.834883029727173,0.15076534994481963
2813.0,76.89715269251668,23.897158005936806,0.21474123751127608
2814.0,76.50715942887314,24.129950815578635,0.3129683471893477
2815.0,76.03033090048203,23.873430171934025,0.4240363300997183
2816.0,75.7020557220134,23.19929762857461,0.5070592793529025
2817.0,75.75748701655728,22.348331655112887,0.5588707878190923
2818.0,76.34444570420297,21.64480435896529,0.6067082968156324
2819.0,77.20353172210923,21.16422393077281,0.647242567022377
2820.0,77.81091957408006,20.77620012793256,0.6515610881403555
2821.0,77.8001561485185,20.750851382648857,0.5789265199502842
2822.0,77.24431761341263,21.160767470958895,0.46382791747375673
2823.0,76.53175453725986,21.527981134432807,0.3656352176257285
2824.0,76.08940886690594,21.404528343467952,0.2909560063554244
2825.0,75.41631321569896,20.79573322270921,0.2300605059532129
2826.0,74.64956008320533,20.10560313489984,0.195707142544
2827.0,73.99687503114959,19.6119663544584,0.1790026011072601
2828.0,73.53622732570676,19.41219810456031,0.16670675868081208
2829.0,73.27139153664099,19.296223658215823,0.16024199543366435
2830.0,73.40777790934587,19.131670772470372,0.1621644872201104
2831.0,74.23291464639036,19.022630958794572,0.18574870808334762
2832.0,75.33077272063205,18.9390618103225,0.2322649973066641
2833.0,75.95705666703708,18.92843543136955,0.25517945237841
2834.0,76.07863678555694,18.944303257029162,0.22497785920125613
2835.0,76.47287741797739,18.830485136486278,0.18576840465378808
2836.0,77.38027676737177,18.489299020643884,0.1611321155800225
2837.0,78.22622744230466,18.129833419719926,0.1296995447075329
2838.0,78.37844623511688,18.095580302255602,0.0834565538767104
2839.0,78.00731240432903,18.331179740153292,0.04616958961520999
2840.0,78.26230006610717,18.63236252180576,0.030724929384678395
2841.0,79.13024511399345,18.807678982880407,0.030923644541439994
2842.0,79.61802448626916,18.772970049995678,0.0328928206958884
2843.0,79.6098600697755,18.531367181575504,0.0262618392305025
2844.0,79.90787120152487,18.2431327823238,0.0154438829184964
2845.0,81.0456068979129,18.038153669600256,0.0069656266837089
2846.0,82.31087662871897,17.91481666901943,0.0010083571615296001
2847.0,82.91132489590336,17.896101407186563,0.0016169188914649006
2848.0,82.97767312002644,17.8749665885569,0.017983652157859603
2849.0,83.12198996438393,17.797116832582926,0.0489204419977156
2850.0,83.4144842693982,17.60629943531293,0.08553454787641002
2851.0,83.68741379272957,17.353934547353052,0.11823368900358763
2852.0,83.99357590323287,17.14090561526298,0.14847661178715696
2853.0,84.49953844300532,16.89652536239919,0.1809809767175881
2854.0,84.89538305482529,16.724508681973685,0.21069942466280495
2855.0,85.10413145861901,16.56294271342101,0.2394646752376384
2856.0,85.21260349712931,16.301888896322456,0.2367219014105625
2857.0,85.18636731583815,15.954629169938148,0.1911270169141776
2858.0,85.18221033394522,15.687977119402111,0.1201357746929664
2859.0,85.01306464638876,15.6142584415309,0.06954645038989211
2860.0,84.29209941149297,15.59202383112474,0.038684163152409995
2861.0,83.05516046236818,15.492184796287237,0.027506099771136907
2862.0,81.80371629306568,15.407650680584643,0.023209690676452895
2863.0,81.0218718362736,15.318642720820213,0.017226428625260106
2864.0,80.72426841427898,15.039355723619073,0.016614774320856104
2865.0,80.58934618676075,14.610015054348407,0.017408071242122507
2866.0,80.73185434812105,14.217756627213287,0.0228462287870961
2867.0,81.01222570128549,13.880110187891963,0.030869600964400907
2868.0,81.19536924413426,13.29343631827225,0.0403930488312484
2869.0,81.38912816871485,12.613947727511764,0.0460183284245689
2870.0,81.55932856211413,12.06064815715447,0.06684928149319841
2871.0,82.03586346043454,11.626009013809693,0.10944727806554892
2872.0,82.77361291604025,11.272866886531542,0.15041298539707687
2873.0,83.26439769202258,11.015807134148305,0.16156248410668964
2874.0,83.59951027568718,11.117805897038759,0.17616779126884094
2875.0,84.30358734490227,11.399956692949198,0.20095438460200957
2876.0,85.20672599331112,11.537712804562393,0.21390972801413757
2877.0,85.7732523034527,11.357144865519873,0.21098189005452253
2878.0,85.8767548509506,11.002301125922022,0.19836528626155242
2879.0,86.05176987218287,10.60984303144516,0.19557685442611838
2880.0,86.6321323990018,10.262621375545368,0.20976804873953642
2881.0,87.32032390034612,10.137953940076544,0.2305984459124889
2882.0,87.49399760642368,10.23612139134509,0.22865198094346245
2883.0,86.98511743978833,10.571272920880363,0.2100197976558889
2884.0,85.85268168847975,10.841886987636325,0.2107416474439236
2885.0,84.42025545206018,11.109279631033962,0.22906662274190254
2886.0,83.23332034142669,11.504507153560482,0.23023498635648645
2887.0,82.73649214190327,12.09570674904583,0.2048090692058896
2888.0,82.84270480645431,12.706674513070755,0.17967745046941294
2889.0,82.83623828806641,13.151961586500686,0.1432710010536336
2890.0,82.371052314915,13.344792129389951,0.11058967542606762
2891.0,82.16477936015141,13.389234698743303,0.08745388481956091
2892.0,82.33221624916143,13.369291015624896,0.07124906773354411
2893.0,82.38594555023619,13.430768202001563,0.06330544336883291
2894.0,82.3831459658018,13.773706197697246,0.06537948811645691
2895.0,83.00909867273973,14.416088223322811,0.08698558066491241
2896.0,84.04314774167493,15.09473707986916,0.1155437368475625
2897.0,84.80445915428099,15.466248765656733,0.13229709774382242
2898.0,85.30877236584055,15.626464206722002,0.1290183971795161
2899.0,86.2327500876201,15.584307656112252,0.12003297253506247
2900.0,87.82708936154108,15.336337263641688,0.11254600512071289
2901.0,89.51875509765551,14.923101606153303,0.10692643633536641
2902.0,90.81186044814153,14.445580459049639,0.09748460673756251
2903.0,92.18724969398671,14.068253913457752,0.08959986772981691
2904.0,94.00735262305845,13.840308276981988,0.09461781536800809
2905.0,95.49930590906763,13.818542774979605,0.09655593570494012
2906.0,96.07057902169362,14.010661136906332,0.09045492944270761
2907.0,95.88275520835495,14.01134036475625,0.08737424619482252
2908.0,95.09323838440645,13.794219176405578,0.09602339567201638
2909.0,94.15664555937016,13.706933991434033,0.09885800587062489
2910.0,93.36391417325017,13.871556331801667,0.08073126619095042
2911.0,93.00284487957904,14.180307000609025,0.06985962808647841
2912.0,92.94940373575494,14.534013208723007,0.0785403035151849
2913.0,92.65760293030053,14.790384852429765,0.08241326708595212
2914.0,92.08582114050537,14.956294156674451,0.0656556680183044
2915.0,91.44069002015253,14.977297219433742,0.048846259941609994
2916.0,90.81195002570539,15.00876013730109,0.047188408028944896
2917.0,89.7346163886512,15.182904425988115,0.049776929783353595
2918.0,88.34229673881774,15.464637023655472,0.0507716846000329
2919.0,87.07435783304166,15.761199736425066,0.050167703382990404
2920.0,85.81122781395631,15.951028569346253,0.04892782967724959
2921.0,84.6536450698964,16.014421248105062,0.040921842880590406
2922.0,83.68119851790671,15.868819985976561,0.02714647710113441
2923.0,82.7686420251653,15.576499616951354,0.019748481347904107
2924.0,82.00770689088584,15.252557667575292,0.0236626751686329
2925.0,81.60696565922848,15.054781716819658,0.030349747775004113
2926.0,81.11220727258929,14.981896277018615,0.0373962691753225
2927.0,80.5782829387565,14.980684325023208,0.03657886518624041
2928.0,80.20648027506199,14.906832278625624,0.031102944834472894
2929.0,80.27791300233307,14.689000056610997,0.0326202285667041
2930.0,80.4630165751193,14.455459115325603,0.03766455445401641
2931.0,80.18602956046426,14.264865893015347,0.03907746542564411
2932.0,79.17803157819075,14.094507267016343,0.03287735943732249
2933.0,77.70671419963462,13.9776618930689,0.0234358102120081
2934.0,76.15699355879056,13.8982781407563,0.015799185260936096
2935.0,74.80091496295493,13.778540211598271,0.009363223314062497
2936.0,73.99142515738093,13.551873166485873,0.006435222729625598
2937.0,74.17897146430782,13.244819946402355,0.004475053409305601
2938.0,74.85964805569486,12.95206134407962,0.0030912854964489003
2939.0,75.26949106465672,12.972643474166476,0.0003011182796175998
2940.0,75.36574597384498,13.43528339667253,0.0009148955276175988
2941.0,74.99311356140949,14.17028763250806,0.006682022680449599
2942.0,74.22425045329008,14.931260618109123,0.013642583394160898
2943.0,73.3039577597063,15.737087889240023,0.0187831657318561
2944.0,72.8448979842435,16.598012061248323,0.0255025089945025
2945.0,73.30133651070281,17.44063382787828,0.0325920449373289
2946.0,74.27582451706985,18.078512447195564,0.0375288060756609
2947.0,74.97410135894981,18.531741099036775,0.0343233462486721
2948.0,75.11307886177644,19.113608852258825,0.031495157226562494
2949.0,74.88447745007635,19.639997861861836,0.0370346123095641
2950.0,74.64736744069265,20.043808186692193,0.05482714973792039
2951.0,74.69190656845919,20.165466625501857,0.06909356587790248
2952.0,74.87570003316516,20.15905267620256,0.0703080490392225
2953.0,74.73068801808334,20.064734006342405,0.06408910460622759
2954.0,74.48623967878922,19.812314355726762,0.0713741236356096
2955.0,74.21997058156371,19.284905122347237,0.0928191353210289
2956.0,73.66497870510382,18.697608433588,0.11569706996899841
2957.0,72.90337171237924,18.577768093646124,0.12836346206554092
2958.0,72.1768357419057,18.9147930199074,0.1387201645464336
2959.0,71.7530136277108,19.71307892504334,0.1568389292381025
2960.0,71.73353840365978,20.743341631119378,0.18163021919014088
2961.0,71.85295845796276,21.77878423385025,0.22711368453509156
2962.0,72.02289826192592,22.39452576957312,0.30488077603201
2963.0,72.0792808871271,22.226162415550878,0.400841732131597
2964.0,72.14935750257129,21.595696411688998,0.4934588464383876
2965.0,72.29184356666865,21.020633026440432,0.5855615718780026
2966.0,72.55358497777023,20.669802333933486,0.6968163440976675
2967.0,73.06465917825426,20.523297164802575,0.8110570346277024
2968.0,73.96004454800672,20.572182335246833,0.9239593064331205
2969.0,74.75150519272627,20.623272175996092,1.01406509192384
2970.0,74.9372216615917,20.70101445165056,1.0736818825178884
2971.0,74.5517405468516,20.857236354325078,1.1183777592931161
2972.0,74.4811938320865,21.039893156847267,1.2123931541343074
2973.0,74.64328429359024,21.06760171254632,1.4125710666766687
2974.0,74.84652297793224,21.000578646223772,1.647132552259824
2975.0,75.07083598262497,20.78174468708601,1.7861541457938084
2976.0,74.99637628440883,20.56490905475111,1.83587191529112
2977.0,74.39540349923453,20.673673870356815,1.910242039078803
2978.0,73.39913304810436,21.251372271629947,2.0205133932615698
2979.0,72.41892494396653,21.82036355401984,2.1589654427745857
2980.0,71.42325267968928,21.78749190524402,2.2848362768249
2981.0,70.5513195389892,21.18998053195776,2.4149388438540225
2982.0,69.99376090851075,20.248688001251814,2.553181602148909
2983.0,69.55333270607697,19.69643266071834,2.7046030843400626
2984.0,68.87347237141849,19.426357283416223,2.8863817652028296
2985.0,68.26069092816805,19.217997646225673,3.0869529982663817
2986.0,67.31578688301403,18.933196769276833,3.2892625186024076
2987.0,66.28367249162139,18.676991318164706,3.362880498358589
2988.0,65.67265516721422,18.545492395737973,3.238313475529731
2989.0,65.60545419674199,18.49587073992911,3.046653023347616
2990.0,65.69703515706297,18.52117445510003,3.0071069371594157
2991.0,65.54964053866556,18.519064878978458,3.14637530900625
2992.0,65.24848848935832,18.66397605567341,3.2502994561085155
2993.0,64.6169282377675,18.881584291730256,3.244759038282961
2994.0,64.44082865807034,19.26643011748347,3.0346696706399086
2995.0,64.94593158590098,19.504349680181868,2.7776775897922916
2996.0,64.78318964977625,19.708808110432916,2.6860322487398482
2997.0,63.44889361512671,19.78770598010576,2.753430574753745
2998.0,62.139900044855445,19.512214531455303,2.789135307963202
2999.0,61.59382430379635,19.150594910436137,2.7049903281228302
3000.0,61.32011088005554,18.86268577520681,2.5377778753362024
3001.0,60.95357368629239,18.437026993758966,2.36521115253049
3002.0,60.554904225988054,17.690434233480044,2.2411630140060734
3003.0,60.10553679156464,16.833436218906122,2.201049821601602
3004.0,59.58241264350168,16.194670640215268,2.242658188923533
3005.0,59.23629588863232,15.848657028542355,2.34479436674018
3006.0,59.19258591998867,15.703081243418824,2.4558893534775073
3007.0,59.168054266066115,15.753574930901477,2.567871641764
3008.0,58.71388571450181,15.78293722785025,2.7200635613527107
3009.0,57.85349911137253,15.725188901730027,2.8709644868788846
3010.0,56.89112521383953,15.810838106837496,3.058028178616297
3011.0,56.4499584888352,16.246689369039967,3.1634061856789555
3012.0,56.62802504893068,16.812152322890505,3.12878185619769
3013.0,57.08064903275779,17.177724826591568,3.01666699314314
3014.0,57.482321823439904,17.189014006686417,2.9106222299389763
3015.0,57.86310029490841,17.067840967529406,2.800687063622115
3016.0,58.614247343553515,17.18942263528538,2.7133670682352142
3017.0,59.35310473029542,17.58194806390889,2.7003263675583202
3018.0,59.82985557697027,18.037457231164673,2.69919631251361
3019.0,60.10395988725489,18.44805873508172,2.752216830254035
3020.0,60.29734859089784,18.875280317109286,2.8308600229553607
3021.0,60.571488326388945,19.291614097284004,2.901538820744352
3022.0,60.76531469042521,19.898357473806247,2.9511822309742803
3023.0,60.993268283066065,20.413670386201,2.9779657331451554
3024.0,60.87252457368223,21.040639731599445,2.9169628532121856
3025.0,60.66045326625078,21.548911461321865,2.7902880094568703
3026.0,59.914621624134824,21.538791707252543,2.6283170977447603
3027.0,58.93273038441397,20.932785004724323,2.581214746529765
3028.0,57.674445368557265,20.232722247014426,2.622196452740062
3029.0,56.363059553923605,19.771445666427987,2.736413668594592
3030.0,55.42731251578963,19.63916382407654,2.8256475336390623
3031.0,55.22673536232495,19.84800154801216,2.862294433451622
3032.0,55.583032848652586,20.187832047633382,2.9423286031037583
3033.0,56.17019112879335,20.636785893540786,2.992498930237446
3034.0,56.833126389768026,21.046667858392563,2.9333346789817245
3035.0,57.44214169189074,21.471594115148523,2.831586344385876
3036.0,57.717854290915575,21.954197472089426,2.720514818018822
3037.0,57.700886980177806,22.520997168280736,2.6432071384283757
3038.0,57.42399627997507,22.97388036931561,2.543527607614165
3039.0,56.85338126355234,23.319885482792895,2.435799847312206
3040.0,56.21920936476795,23.598083364460223,2.3322322041858574
3041.0,55.41830895632151,23.662166419467745,2.2937017688078396
3042.0,54.44467224234016,23.6777083212477,2.312699024441845
3043.0,53.42798299186924,23.72768243122761,2.3750209567660896
3044.0,52.59333732157696,24.013862629338462,2.4103750177130627
3045.0,52.4238682897851,24.526538340853357,2.3951973078062503
3046.0,53.002490274116035,25.518214586078035,2.3418558885625225
3047.0,53.71373764545923,26.445139736112115,2.200254301618176
3048.0,54.430920462991324,26.61983380582392,2.007361910596
3049.0,54.803650343185524,25.99666806482413,1.8503151299111522
3050.0,54.9428025099579,25.411826785929097,1.8813664702645565
3051.0,54.83763084997764,25.07983793938941,2.0778534045302544
3052.0,54.442211633501756,24.97384264565362,2.2992240679205627
3053.0,54.08595044300171,25.020345137562813,2.448444627970435
3054.0,53.79806525520626,24.938935034910653,2.484725094809166
3055.0,53.81355611773997,25.044650618993824,2.3536382222624086
3056.0,53.95147032510893,25.252548405626303,2.101475757771433
3057.0,54.55051300277425,25.673156193617512,1.8885154862646358
3058.0,55.567165007057376,26.29459035874651,1.7829848561743933
3059.0,56.260154408234214,27.110090609841418,1.791999565058574
3060.0,55.98801665809768,28.148327915580047,1.9204350435976643
3061.0,55.05310987275532,29.389621842999766,2.168905347121752
3062.0,54.1592361437568,30.656403617979155,2.372369816060006
3063.0,53.3952862708133,31.386400594034896,2.412179125159105
3064.0,52.538522200153665,31.75175416933286,2.254015700163721
3065.0,51.39120424225218,32.01919692983861,1.9989326307700994
3066.0,50.399669319329014,32.673033371409666,1.726034678549232
3067.0,49.66798933365504,33.58250575492059,1.4658246607992513
3068.0,49.118517739045,34.520769811703865,1.236859983863885
3069.0,48.60099937649888,35.48211441668344,1.0070419939596322
3070.0,48.22681970319449,36.63692121467729,0.8062337841032483
3071.0,47.79666352214188,37.866197416933595,0.6786283329967802
3072.0,47.22414114383223,38.85322754108392,0.6193891001430729
3073.0,46.45654202081102,39.01575749148987,0.5869894387335696
3074.0,46.0877380951286,38.316175394237085,0.5704215194325026
3075.0,46.50325973948762,37.398755488175794,0.5604507997280643
3076.0,47.116099444042234,36.587067472027805,0.5795992197639397
3077.0,47.31764909503321,36.01952100559984,0.6205343391096004
3078.0,47.035746413094984,35.6889748201055,0.6604563078382367
3079.0,46.734441216836494,35.6198833261842,0.6982763103059041
3080.0,46.353899333552036,36.06137289489557,0.733570683488508
3081.0,45.90445566491929,36.7599472944632,0.7513905041990656
3082.0,45.79178675463716,37.2924174246682,0.7524545303874771
3083.0,45.83218509078785,37.461233781287724,0.7230986259462437
3084.0,45.682594707989,37.129555733158966,0.6543052646383043
3085.0,45.449963780116974,36.61424060332685,0.6286675112565135
3086.0,45.46783915808212,36.28121588859547,0.6702570329577527
3087.0,45.418539330639405,36.077291561535006,0.71081980206169
3088.0,45.10619330549879,35.7978635035933,0.7593920749041024
3089.0,44.83406894879608,35.5044972167389,0.8567012057004024
3090.0,44.898175042161,35.717929620943366,0.9753396571229794
3091.0,45.137753413263496,36.1214456515328,1.0573943705880489
3092.0,44.79337239478201,36.39266972033371,1.0922293906628842
3093.0,43.66644401180337,36.70128647089617,1.0911445978189687
3094.0,42.56214098079155,37.058599331500055,1.0503311325520899
3095.0,42.3243717699842,37.3505737924741,0.973099247659885
3096.0,42.787656421808954,37.54887053210542,0.8785544414625225
3097.0,43.217243675152226,37.843568036033005,0.8400659739042768
3098.0,43.235693421548575,38.343955232545156,0.8474407845563207
3099.0,43.17634031052695,38.96595522754829,0.8721337595162405
3100.0,43.07898446203139,39.50564272431008,0.9269515287135682
3101.0,42.8987705110541,40.038052253456414,0.9877214439198977
3102.0,42.540353590601214,40.32388723293119,1.0255380993011025
3103.0,42.07670995432969,40.42214675892665,1.0110006885160898
3104.0,41.674814483419155,40.37167338062815,0.9536951563638488
3105.0,41.204663021288496,40.17836174019374,0.9326233849815186
3106.0,40.25780182019103,39.903479044430405,0.9539208167076899
3107.0,39.045474480561595,39.64269820375236,0.9440386230722497
3108.0,38.11716999766278,39.5717334089577,0.9006731444247601
3109.0,37.821239383504206,39.77278871293376,0.8630035431264256
3110.0,37.87642691040992,40.22905223234478,0.8485094743201477
3111.0,37.92794047272295,40.726380280123976,0.8047913166066243
3112.0,37.83257916839998,41.32126721249696,0.7313635165802437
3113.0,37.67709411988899,41.808536300856325,0.6812669848132201
3114.0,37.539377465941364,42.41965474093054,0.6663751261030808
3115.0,37.03356644999311,43.143456344280985,0.6601275528118757
3116.0,36.19433684398825,43.715786310528934,0.6484713205232091
3117.0,35.34238627208584,43.77233156581847,0.6240322830369797
3118.0,34.593067991203846,43.2851281409293,0.59271429054436
3119.0,34.322149262397495,42.58602661572494,0.5423513853140101
3120.0,34.49123219872933,42.07416813158054,0.47523979330190425
3121.0,34.66585747540787,41.856384061800995,0.3738897641868676
3122.0,34.38968022571224,42.028649130335424,0.2771652488148195
3123.0,33.74536246341625,42.525994531513724,0.21721731128700839
3124.0,32.99122970942457,42.95341750650907,0.18843266956042237
3125.0,32.0624343566422,43.0308203104889,0.19662558872902558
3126.0,30.933900445247087,42.68457781165973,0.2272570768134144
3127.0,29.500179175317427,42.49537729144963,0.26590327609561
3128.0,28.00716555371772,42.71357653785001,0.28660575764383295
3129.0,26.764741968672425,43.059871297924325,0.3159173564988676
3130.0,26.057641107452476,43.436885836915565,0.38115987949936087
3131.0,25.723073786956476,43.7114623058431,0.4511912611075983
3132.0,25.283564459886716,43.867382807779016,0.44775333139831297
3133.0,24.98943081731242,44.06093725674251,0.3972068818971201
3134.0,24.945671348139065,44.03085305910654,0.3407714878404496
3135.0,25.051673574022804,43.82787464206951,0.25822883167208416
3136.0,25.351652271900313,43.87182486614614,0.1875691915129081
3137.0,25.724261005719185,43.87905837964646,0.14984472999070889
3138.0,26.26482038116224,43.883015854820485,0.16070764471361643
3139.0,27.21164209850665,43.702591360721605,0.1974664566091204
3140.0,28.50639308808537,43.10186390779296,0.24413765602429438
3141.0,29.575093511783507,42.332834701358685,0.26668483437223695
3142.0,29.848519276118424,41.71202539515226,0.2637850010880016
3143.0,29.50063693605325,41.179160474194866,0.2282460466660609
3144.0,29.097759907332605,40.55442363818967,0.17696500730496809
3145.0,28.888490411930043,39.68432944655401,0.1325422684386025
3146.0,28.81915004924371,38.71886670409093,0.09995337068524088
3147.0,28.91722844901718,37.72122339054758,0.08440648973120249
3148.0,28.922512811630934,36.97888292884066,0.08648014679550489
3149.0,28.828606094447288,36.608627091390325,0.11977475108631208
3150.0,28.978324163147533,35.982856681412294,0.16994885873213159
3151.0,29.529817764090257,35.13632712030951,0.2240980731644004
3152.0,30.114674696072882,34.44759667805625,0.2696948619079716
3153.0,30.38598929286144,33.91112942920475,0.3043300575189924
3154.0,30.370486025898916,33.29732885307942,0.29858694704720995
3155.0,29.881172989092164,32.76669724154126,0.2612862937701241
3156.0,29.177579216626054,32.5124655301609,0.2139723093493881
3157.0,28.65711950492556,32.4977852983251,0.1616829704852041
3158.0,28.50643964538652,32.71323069699553,0.10147658720521
3159.0,28.50686474947492,32.92915961653864,0.0501432878933809
3160.0,28.5669159019273,32.95453187376236,0.021131099517159992
3161.0,28.631905109482794,32.81909478727076,0.007562450317522499
3162.0,28.690422117604804,32.736800279875084,0.0034654520202480996
3163.0,28.82323872736563,32.63761306021714,0.002065727043072899
3164.0,28.956659843136137,32.45740691422726,0.0011945470513284003
3165.0,29.309346078882054,32.40075183621959,0.00010798597405689969
3166.0,29.67142264121953,32.4241515441124,5.823099872099981e-06
3167.0,29.771264798655494,32.20279085385509,0.0006880060802168994
3168.0,29.253130605142662,31.94531900244176,0.004876452358559999
3169.0,28.453513078253895,31.87558416948236,0.013947990284592099
3170.0,27.84292430742747,32.11701393346875,0.01862288727649
3171.0,27.50413371183949,32.43793404794376,0.0177357590799489
3172.0,27.346368956700328,32.65882154381767,0.0187791201838249
3173.0,26.87267271318565,32.610022909366705,0.0208217800500516
3174.0,26.142671853090256,32.370868711533284,0.0180531981015961
3175.0,25.396559141310014,32.08575612261816,0.015325130223984101
3176.0,25.083048255808247,31.785865217888613,0.0167851017567289
3177.0,24.915649071078537,31.578245837811,0.0195643498256644
3178.0,24.720262937145762,31.403762120601645,0.017297639289840096
3179.0,24.370493475904,31.467744658891483,0.014269258115999998
3180.0,24.177006418102565,31.627122390864137,0.012999203597402498
3181.0,24.119671410378796,31.691520312883288,0.012785139236532099
3182.0,24.173210928878444,31.778067697431137,0.009961812526854397
3183.0,24.350126951007645,32.024193851459295,0.004524406682964098
3184.0,24.57868349279584,32.392944590400006,0.0024291245818224986
3185.0,25.04797959835483,32.48686439165801,0.0054684353742769
3186.0,25.526320753881045,32.17202891321821,0.0132810135851584
3187.0,26.115184282671173,31.95761061297544,0.0237031704555556
3188.0,26.461344847342264,32.01804712264267,0.0413505148450276
3189.0,26.56883798283979,32.09175401362807,0.0653311401841849
3190.0,26.393355718370813,31.985652890284285,0.0956200820715009
3191.0,26.21306052271125,31.659377140088893,0.1213997994440676
3192.0,26.1614598432735,31.104044967710006,0.1437349922110404
3193.0,25.99092552035876,30.56932702632039,0.15772004457242889
3194.0,25.731171235684233,30.615598752993144,0.16854500472182887
3195.0,25.320688366712215,31.017856689190644,0.1930442833608025
3196.0,25.013422101044522,31.52910319211524,0.21066765249141162
3197.0,24.851301771664,31.58151543226409,0.2122994919288961
3198.0,24.92518575561822,31.309896892131082,0.2230797211091856
3199.0,24.952177391918703,31.123145786021336,0.23224434186936962
3200.0,25.079366390451128,31.057971548808485,0.23214510641107208
3201.0,25.32113571052321,30.90260062979578,0.2236898278547881
3202.0,25.661268973756002,30.56634444980877,0.2050828317189184
3203.0,26.11206627401089,30.21408169851971,0.1989179802449284
3204.0,26.270344414477375,30.222045231408128,0.2291246338311225
3205.0,26.097257151072455,30.699221961951384,0.2904671348370009
3206.0,25.952257446935068,31.208282042017526,0.35440156848364956
3207.0,26.125533566705627,31.330206343750213,0.39014637170432037
3208.0,26.5326366833544,31.049180033920397,0.39868858969712634
3209.0,27.069593076374993,30.765123991973336,0.443435608690352
3210.0,27.372851693754118,30.84224770639528,0.5537751920741328
3211.0,27.45371457266297,31.15887080677292,0.6795918488644322
3212.0,27.172223775330817,31.4216548020948,0.6866068287274565
3213.0,26.661700442849487,31.599492064440508,0.5529667780933696
3214.0,26.23646590232553,31.723658842138406,0.40337348936794815
3215.0,26.275066098241,31.85897072105002,0.30110538112249
3216.0,26.608860083187068,31.865927228674995,0.24085719524576163
3217.0,26.873999908032655,31.732661143942504,0.2018286803070409
3218.0,26.74451319777525,31.569272546969845,0.1811823578001441
3219.0,26.42941574154757,31.325497703087592,0.17583561934865644
3220.0,26.16177297394696,30.79022761963883,0.18736731211149157
3221.0,25.822589450286245,30.08206144486879,0.21716335354225208
3222.0,25.723013229795995,29.31586921745161,0.23727371655624996
3223.0,25.903227572105823,28.57366806943386,0.1941091238805489
3224.0,26.223309659317408,28.206142635064808,0.1270299200540049
3225.0,26.318503457223432,28.227429626816576,0.07271171573120999
3226.0,26.231626201823072,28.487612561437015,0.037070796727328395
3227.0,25.922821250797885,28.623130126468027,0.017332873140096898
3228.0,25.542627114176817,28.643832711404354,0.0090542570728996
3229.0,25.395776613795057,28.590138977137563,0.006498573464512899
3230.0,25.32636494449065,28.444624889175067,0.010021885961796899
3231.0,25.314006154644925,28.13749947714306,0.016215529082844102
3232.0,25.42386585156307,27.787653637452166,0.014959391187788098
3233.0,25.854338326070824,27.27152804400482,0.006497077359802499
3234.0,26.294527081422714,26.614906664276237,0.0011196278135055995
3235.0,26.52090012512741,26.048122076368486,2.916864063999982e-07
3236.0,26.275746209840275,25.7460498725979,0.0008949066267001001
3237.0,25.671326985342724,25.709601017515688,0.0028851970188408997
3238.0,25.224930775232142,25.95622812413927,0.005843001746620901
3239.0,25.21666682180561,26.146603788357506,0.008005238784
3240.0,25.66095844757291,25.956086490963024,0.009612614170723599
3241.0,26.34684462826507,25.710754053863745,0.011945904159182407
3242.0,27.09475509127507,25.675825387969695,0.018199175554662404
3243.0,27.73169156545076,25.752373144149757,0.02584798968361
3244.0,28.220396251495547,25.85638242236412,0.03303820622522251
3245.0,28.466502123472708,25.908610427714017,0.033380744307840396
3246.0,28.381039568589348,25.889600033906113,0.0285883034021776
3247.0,27.950044988847644,25.899957657840012,0.0232550391657609
3248.0,27.410293133094715,26.0170132786975,0.02267650480384001
3249.0,27.151471921057198,26.180832563827973,0.029120722839202497
3250.0,27.228104140330252,26.34536257043662,0.033690525409044096
3251.0,27.368714248715964,26.457387259076764,0.03378464563600001
3252.0,27.36253775141211,26.591034375249222,0.0378933798953284
3253.0,27.053668886990224,26.847019225523468,0.0547835312197924
3254.0,26.638910231842377,27.074884211749048,0.06825954653347839
3255.0,26.416349152807744,27.197095077558895,0.0769822814153761
3256.0,26.508850651552624,27.089544249691652,0.0832966094767104
3257.0,26.61647707599744,26.82637092231236,0.07892306393760008
3258.0,26.42323081513611,26.871628792387632,0.0740000271078916
3259.0,26.121885749053057,27.177813847725567,0.08257901105260962
3260.0,25.870962426120354,27.256235052345183,0.11257717996655286
3261.0,25.691567730598695,27.11714629908352,0.17258540835600003
3262.0,25.329043730746182,26.958478528494034,0.2692767936420769
3263.0,24.7894318665498,26.837303612012892,0.3819522184012088
3264.0,24.12251958492314,26.73555172218343,0.4786497669261361
3265.0,23.438351456405087,26.72687143389052,0.5498242965419046
3266.0,22.9592449337912,26.705743417600004,0.5890969589033106
3267.0,22.669389578038306,26.476462721027694,0.5794788926967123
3268.0,22.520419628901294,26.301451836304693,0.5820668387823025
3269.0,22.35627676054686,26.35559246206744,0.6094588422944024
3270.0,22.320494795251264,26.3588077374807,0.6281054969153451
3271.0,22.122822507311007,26.262042747150254,0.6340902659146225
3272.0,21.771587355531285,26.19398828211944,0.6186388163731215
3273.0,21.655597126592802,26.139945473122253,0.5653830096722025
3274.0,21.73598678377535,26.125053616499986,0.5165429285388242
3275.0,21.696488141329166,26.2392076583262,0.5167868009773225
3276.0,21.57282815072545,26.679802810470218,0.5613527255922576
3277.0,21.646485954249698,27.414801174901708,0.5809522699050627
3278.0,21.811359197921618,28.036852171466347,0.5480316974480569
3279.0,21.982794325394813,28.215496516641213,0.5131421216655719
3280.0,22.065212953250274,28.043026568237558,0.4779078154789129
3281.0,21.923224208221516,27.950443613496766,0.42163976032344375
3282.0,21.565093727105314,27.86700354573166,0.3577686603102755
3283.0,21.22732506324514,27.690941542099253,0.3055078108563121
3284.0,20.99127417064966,27.40678599452783,0.28821098255312255
3285.0,20.72393012796392,27.38399773199451,0.29284875567120033
3286.0,20.68312080924081,27.942623688009324,0.28253454835324415
3287.0,20.889289989868878,28.53265060484599,0.25756668430567836
3288.0,21.261009481981088,28.83754676642645,0.2493994311168649
3289.0,21.560152425070854,29.11542374072358,0.27703144812857294
3290.0,21.735137901071056,29.521270380437038,0.3134365013160001
3291.0,21.96238395086531,29.782316697025998,0.3608040164177296
3292.0,22.04513667377101,29.852024027892337,0.3845345889787609
3293.0,21.91730384172768,29.936677778221686,0.38552005110481197
3294.0,22.08504807554985,30.292743048252607,0.38162750408640506
3295.0,22.8362362325326,30.834418766590037,0.37493372500762234
3296.0,23.573145323281093,31.22236402202996,0.3892440351830625
3297.0,23.905745769388062,31.175933448805694,0.3943756099646225
3298.0,23.911049541736915,30.83557544126226,0.39801983257489687
3299.0,23.491853526507406,30.39313393733011,0.3989746859500248
3300.0,22.97318106023993,30.169795144388516,0.4319460150760001
3301.0,22.53481428827443,30.12849536702786,0.4967010911896576
3302.0,22.302767429044746,30.08243023800775,0.590028751206224
3303.0,22.262025176416806,29.960398331157748,0.6908489881390278
3304.0,22.373534770502406,29.85057354228227,0.8085021391062011
3305.0,22.59309504479392,29.827936591877467,0.9359462291330598
3306.0,22.9371077076124,30.07373074477345,1.045094979603277
3307.0,23.432195544983323,30.775260741717524,1.1002543127288067
3308.0,23.76634455544643,31.55383976629781,1.1361702251133798
3309.0,23.4316442914379,31.957375896433675,1.2522537668181026
3310.0,22.55128474405249,32.065433557687214,1.3773219144890883
3311.0,21.664436530130693,32.16903142375401,1.4237386731711443
3312.0,21.026116469572926,32.366215176204946,1.3913626664745373
3313.0,20.517422647525475,32.66664887445974,1.3803047135776898
3314.0,20.189195363149324,33.145574759158805,1.3354468833802369
3315.0,20.21495279741347,33.727483683354244,1.3222047884762895
3316.0,20.105105511738323,34.13935759235246,1.3330954100982004
3317.0,19.859512992281825,34.49066123545501,1.347628142048777
3318.0,19.387803102922057,34.83720029945772,1.3231020935130626
3319.0,18.82643954763803,34.95049161313904,1.2829273064837166
3320.0,18.754495037154765,35.11813355203804,1.2475390360864371
3321.0,3.6075875551742014,40.76446240631862,0.36161436579844
3322.0,3.2860833366478324,41.262939897532014,0.45857911791408995
3323.0,3.1077847483966408,41.62998140785741,0.6000025418548561
3324.0,2.9398416721912217,41.72649481814352,0.7312277687588451
3325.0,2.7911975245863077,41.7327630665036,0.7950930083968145
3326.0,2.6789281718067857,41.68050839092515,0.8129525977965459
3327.0,2.543127189925361,41.67281352862669,0.8171930204815443
3328.0,2.3300670956498326,41.34660666821195,0.8109987676920901
3329.0,2.1621083030634645,40.97123187388341,0.7952652902811905
3330.0,2.070225035181075,40.85430417819435,0.7841502751107601
3331.0,1.9836865577054468,41.2064537089291,0.7547377520414738
3332.0,1.8950692436772194,41.7929037368822,0.718789884230153
3333.0,1.8554606864367615,42.34638868239789,0.7082923273611025
3334.0,1.8939224490221025,42.82397146848734,0.7274230749388201
3335.0,1.8889408627175024,42.79459288966322,0.7349612153354641
3336.0,1.8118110557667961,42.35386134112243,0.713704561259537
3337.0,1.7018201761668899,41.47865323551498,0.6831562711079823
3338.0,1.6730805764883456,40.477509567026814,0.6484875066953285
3339.0,1.6954483942078222,39.4393107308577,0.6051605376964225
3340.0,1.7224369382306024,38.75423110189133,0.492493610449632
3341.0,1.7089829854661778,38.45979877671646,0.3437915583655082
3342.0,1.6793911515255622,38.644963881264324,0.21859663451537614
3343.0,1.6587509086590015,39.26735161886889,0.1386967159872064
3344.0,1.5964961331990786,39.98866757484242,0.0887956383168409
3345.0,1.4738917375947247,40.645625448805156,0.05842902733774089
3346.0,1.3219279598715874,41.21422839940496,0.04223760311005209
3347.0,1.18854478342008,41.69223042169442,0.03087030375828091
3348.0,1.1419917274464166,41.74525251762469,0.030011775374464898
3349.0,1.1571665907735684,41.143937237316,0.034472602510640105
3350.0,1.2093140932317124,39.97066614302523,0.0450932657280625
3351.0,1.2886844435576643,38.761497600548104,0.059155394402192404
3352.0,1.4202542143987562,37.878078518566284,0.07836829040695692
3353.0,1.550184787417789,37.47290745212066,0.09468453328059039
3354.0,1.6155914899046395,37.459399105198735,0.11564927124900251
3355.0,1.6063218977970024,37.90016217369178,0.15068903827665958
3356.0,1.5781260988533121,38.678131088299786,0.19735338901766758
3357.0,1.5705513452289597,39.500274462318394,0.2399607132066225
3358.0,1.5633639944048026,40.341516681607835,0.26470439502237597
3359.0,1.5294849659833103,41.484289929550606,0.25505748263426564
3360.0,1.4332614538334403,42.75577113315348,0.20163024892080492
3361.0,1.3149053407939684,43.571922263661854,0.13776662699233294
3362.0,1.2079278718915984,43.468667360744476,0.10939033009756813
3363.0,1.1559993668142923,42.71913403807351,0.11322928881936004
3364.0,1.1400072279596638,41.90913622102209,0.12689924293264
3365.0,1.0876324005427456,41.10189573421904,0.14319141112908812
3366.0,1.0288631782349449,40.25829583590165,0.16238455493990891
3367.0,0.9953421365917224,39.163654026024666,0.2073677294296609
3368.0,0.9640998617056568,38.07848088513486,0.2677171025200996
3369.0,0.8668571191046244,37.28498306918616,0.3063697555059684
3370.0,0.7532429634364041,36.88409554629917,0.31084575570528483
3371.0,0.6842919522807481,36.609712681287526,0.31409310568801013
3372.0,0.6432817161474026,36.36546123503524,0.32001384252947573
3373.0,0.578468869709388,36.35768029247832,0.3128484604048165
3374.0,0.5112974034633969,36.58017708957853,0.3078530628002064
3375.0,0.47361797371284636,36.7684207014393,0.3042278874118448
3376.0,0.43020933572190256,36.65566479033299,0.2895716061412163
3377.0,0.3758010238022544,36.33682318201056,0.266955752675312
3378.0,0.36007826825364836,35.59332829828852,0.24708835739282894
3379.0,0.3815675342949409,34.372080984310976,0.2287587987357696
3380.0,0.37928945187904,33.02572529661772,0.21501875651132255
3381.0,0.3101218722056569,31.6180526397061,0.20673831281952249
3382.0,0.21158903374208637,30.071906700281637,0.20844722535524407
3383.0,0.11875118625664358,28.416926694088527,0.21866423713563043
3384.0,0.05422751473872038,26.82932389336743,0.22914319701612157
3385.0,0.03707037699615608,25.47010858284145,0.22346945507731364
3386.0,0.046558859256000416,24.4659128731787,0.17914124816565613
3387.0,0.0754094548051524,23.696324039484484,0.11161157784057613
3388.0,0.11339910100970887,23.25133874608164,0.0595894284614916
3389.0,0.1594884734976064,23.000238705338088,0.0284280371899456
3390.0,0.21020726648699561,22.6797629315166,0.006969159172620099
3391.0,0.275960692650552,21.909475514539462,0.0001823698997136002
3392.0,0.3300315905037376,20.8211723277764,0.011104394323212098
3393.0,0.34575599530404005,19.948611672508395,0.0357815585648196
3394.0,0.33664683526256256,19.441261044138216,0.06889157703120251
3395.0,0.3189618094703616,19.19974375397149,0.09074422419835239
3396.0,0.3218445959359801,18.96368574033522,0.10488325281478562
3397.0,0.36032182789369693,18.86933602444801,0.1255579836642244
3398.0,0.42415680708916836,18.869181121830383,0.1630239383745729
3399.0,0.5068146663300889,18.79068437257729,0.18395978210240888
3400.0,0.6083565547756224,18.57846540329536,0.18271073263449758
3401.0,0.6841811424549048,18.39696273270752,0.1828636195653136
3402.0,0.6962762285876224,18.360543434225022,0.2081291973350041
3403.0,0.6693852128881225,18.359625958515828,0.26917827034064484
3404.0,0.6498886733242929,18.27205093275744,0.3437091594437796
3405.0,0.6563840653406089,18.152940473240633,0.4258807430492521
3406.0,0.6535929547249217,18.13501694914258,0.5316273633153962
3407.0,0.6645672462748037,18.147122457141606,0.6508955335541408
3408.0,0.7091217995796899,18.118814760856413,0.7048870537832702
3409.0,0.7517558992084165,18.242484420220624,0.670854549441552
3410.0,0.7770992840965224,18.681096196969758,0.6065935369333226
3411.0,0.80459554505625,19.27142025839386,0.5475584719873636
3412.0,0.8347786339820842,19.865570416569664,0.5196679455648006
3413.0,0.8356756159937024,20.50328081516962,0.5092789809526225
3414.0,0.7973090551802895,21.30596644283382,0.5172850753136089
3415.0,0.7042807420302095,22.17061374068033,0.536055820188389
3416.0,0.5916208890274817,22.836336108045927,0.5833958935447451
3417.0,0.4999495545966321,23.19882676357728,0.6608825158891759
3418.0,0.41785561016295036,23.161116064944075,0.7262477204388561
3419.0,0.33698389554985964,22.88307809056608,0.7338219470174465
3420.0,0.27243000699495834,22.646148792033063,0.6928580625705217
3421.0,0.2367423754880041,22.41938558705705,0.6491249031250944
3422.0,0.2269749206353225,21.99747850639724,0.6243949576419556
3423.0,0.22109733124961437,21.313219465688064,0.6000569663662334
3424.0,0.1897403817521601,20.680509413807492,0.5834298221926082
3425.0,0.1186261627738201,20.490467245214475,0.5785541176935026
3426.0,0.05049036862838441,20.540030388247665,0.6001949675007
3427.0,0.013668670613348087,20.37155135871025,0.6788799579565585
3428.0,0.004811464380678406,19.876623909880568,0.783733550424053
3429.0,0.005036422959417607,19.423313030701667,0.8675235449211135
3430.0,0.0074930906437696045,19.053801446259964,0.8947489441968899
3431.0,0.008421931124366401,18.86113522659872,0.8823097761371714
3432.0,0.005215445301441597,18.848853652660228,0.878588409990421
3433.0,0.0038714528409999963,18.863424807635713,0.8644292050849223
3434.0,0.007812337782004908,18.814842554398883,0.8070177919920563
3435.0,0.014824599024816094,18.72084102109604,0.736813426083857
3436.0,0.018604368028708886,18.781520635380435,0.6567467661127394
3437.0,0.019174303693116103,18.7646425933972,0.5609559710236037
3438.0,0.014618751718480887,18.60255643523761,0.47873329012080246
3439.0,0.004223071020225598,18.313087535618838,0.4566588488065445
3440.0,0.0011304395564400987,18.145480115511393,0.5037861294719448
3441.0,0.023454009734880408,18.154731258835085,0.5817191458365224
3442.0,0.06942376555921,18.292804531897968,0.6439629478279205
3443.0,0.10510536767217636,18.22269202997243,0.6807255547136836
3444.0,0.10181272923234488,17.819177737792707,0.6702473069288689
3445.0,0.07091479523482239,17.24275371811146,0.5916676554244096
3446.0,0.0512481126698116,16.732311656260226,0.48010991111212964
3447.0,0.0476592168042081,16.51386323258558,0.3421085481082117
3448.0,0.04690066776598441,16.538223921231108,0.24131089187940247
3449.0,0.03223506763321289,16.894107383633642,0.20905942835822888
3450.0,0.015483434613002507,17.235235051340087,0.2177153173680676
3451.0,0.008383076117539598,17.38510959317934,0.2086167988969744
3452.0,0.004898059792099604,17.358239340989762,0.17273355066230756
3453.0,0.002019774375609998,17.227536310133427,0.15168347695129691
3454.0,0.00015751781137210045,16.81354160252034,0.16473306259570408
3455.0,0.00043525266854409797,16.208973281203086,0.18016725088087693
3456.0,0.002665257298776905,15.67782555514756,0.1888854609512025
3457.0,0.006369289729308904,15.371423341670862,0.2062060925226241
3458.0,0.0072569374162756,15.275924495520998,0.24588824698944
3459.0,0.0027768494454723947,15.342734435569271,0.26315515944198004
3460.0,3.1878106444899406e-05,15.429470509650063,0.26391373523262246
3461.0,0.0007802871263043996,15.428976052380662,0.28716735296480045
3462.0,0.0036758707906815943,15.63621635625805,0.3299042856917025
3463.0,0.0116543619118369,16.04294093271056,0.3865455692038522
3464.0,0.026547478579960895,16.41043377514601,0.4338815401999225
3465.0,0.031490695820192385,16.381513865960724,0.45730569056331594
3466.0,0.023592926208012087,15.658302792047879,0.46137681304761763
3467.0,0.018470962718726388,14.780936088362893,0.4793591155135224
3468.0,0.022455588936572096,14.211753490722243,0.56091937694916
3469.0,0.03050394985443999,14.182846760745207,0.7034240473603642
3470.0,0.03879894577127038,14.213289066662563,0.8318439399619441
3471.0,0.04784866629382442,14.3344822585738,0.9678270431996403
3472.0,0.05484315753554562,14.621805267593489,1.1176051105320337
3473.0,0.06418635424206758,15.219343338437383,1.2279524515016256
3474.0,0.07493242694689445,15.819296715369205,1.270043191669325
3475.0,0.08287949478624008,16.240849866838687,1.2468540035288689
3476.0,0.08540304279924013,16.40855263526301,1.16789954324988
3477.0,0.0876143601676729,16.433477023659147,1.104213488252297
3478.0,0.08448638057046805,16.635545461243982,1.0990312437065481
3479.0,0.07661999492204889,16.996125444725347,1.1644747662932224
3480.0,0.07889504621806445,17.620450471444318,1.2373988753818626
3481.0,0.09526931032385295,18.213548544184896,1.2621615402397368
3482.0,0.11948784568761957,18.588961713926917,1.2073626267042916
3483.0,0.13253071331338248,18.72026876836091,1.117113644679841
3484.0,0.15677565019590253,18.73562180877561,1.0155662702494865
3485.0,0.19388036382951035,18.77158557946106,0.9281830098485024
3486.0,0.22109167936297688,18.866249038593796,0.8619350827330681
3487.0,0.24764028469139604,19.01949203374575,0.8244823417020101
3488.0,0.29057199163729003,19.11889092323716,0.8037417092599447
3489.0,0.3347527219436761,19.250817100921594,0.7876660657805811
3490.0,0.37086687133456014,19.501603941128963,0.7738617447625743
3491.0,0.42178949795743287,19.57593248017567,0.8029437926051161
3492.0,0.4651277919277283,19.398976757886306,0.8951111515178595
3493.0,0.4898488676553615,19.27078627098914,1.015189304809961
3494.0,0.5077027060627601,19.29270232955297,1.1178729707758144
3495.0,0.563906573212637,19.43967851747221,1.2230031096059841
3496.0,0.6608949702929808,19.664287824359228,1.3035155159932814
3497.0,0.7913694073430917,20.091457309091226,1.290793899109832
3498.0,0.9106940822065851,20.357697946123324,1.2151522409795135
3499.0,0.9909875182302736,20.329718763739123,1.12222411746064
3500.0,0.996152128667124,20.30154254627736,1.0791137088638403
3501.0,0.9595133047562501,20.359785769418522,1.1082041129583078
3502.0,0.9234357228286968,20.541950688571493,1.1059441235998884
3503.0,0.8751093408303839,20.74919920451263,1.0167123481944025
3504.0,0.9125971729122305,20.662586818123717,0.9319839919905123
3505.0,0.9746346235252226,20.407484966664516,0.8870548625288102
3506.0,0.9895662387579136,20.403365427711577,0.861569849929937
3507.0,1.050417201775877,20.673335314692487,0.8388006203151482
3508.0,1.1650982074281224,21.4795663794802,0.8550062868902498
3509.0,1.2630662895433282,22.490353396992212,0.9362027932850331
3510.0,1.2998007617528022,23.25346547380148,1.0342272283423368
3511.0,1.2859836243883525,23.54201705173572,1.1455718017206544
3512.0,1.3031624984636452,23.586726547777573,1.2275973879436037
3513.0,1.360289769499452,23.75518886844884,1.257333671645388
3514.0,1.4478875233927206,23.9580360104203,1.2527121009842883
3515.0,1.479901275832325,24.17047962364324,1.2567436856976402
3516.0,1.449853607095769,24.36738595505556,1.2501137765229167
3517.0,1.4374693048562066,24.921154065040273,1.240189171861596
3518.0,1.4355235243822224,25.753792551594696,1.2233685466304065
3519.0,1.3729297971935568,26.72382206039886,1.2275554184009998
3520.0,1.2869660252475623,27.608914824025963,1.3240439803752102
3521.0,1.2340083621793043,28.227319223839324,1.4879410469853718
3522.0,1.1976502932584099,28.484712410354692,1.5885350072261604
3523.0,1.2378686353607022,28.323062926004727,1.5959542784615055
3524.0,1.3468681786622498,27.914885113425214,1.530911215762001
3525.0,1.4413849888597634,27.55025153607222,1.4792142209948402
3526.0,1.4846405069930626,27.331479814005167,1.5046228741824896
3527.0,1.587749464717676,27.362884667212985,1.5859596771181879
3528.0,1.7796519425731216,27.773511534166325,1.6391343926771857
3529.0,2.0131244541236692,28.23073299651721,1.6143089153478845
3530.0,2.216350688100516,28.45501456401916,1.5833466733858814
3531.0,2.323107022429124,28.436138455330067,1.59341015135832
3532.0,2.3399129480707606,28.276811904541592,1.6042050111556225
3533.0,2.3678843892627857,28.19929490509869,1.5528808253100321
3534.0,2.4961517249732457,28.319309272057446,1.426870361591904
3535.0,2.6865402043315973,28.46220792800256,1.32232637869874
3536.0,2.7661153890046335,28.469697051136063,1.3110652585090563
3537.0,2.8544443104216057,28.506606653999782,1.3923062623776783
3538.0,3.1160010482252285,28.56554561784374,1.4881988287980024
3539.0,3.525424043678788,28.766645782606627,1.5530050935140622
3540.0,3.9010521251920975,28.961368746666707,1.5629408310887425
3541.0,4.106451940534297,28.719493001060414,1.5579670923376705
3542.0,4.206992914207891,28.22429284247524,1.5219479606235022
3543.0,4.328751093726708,27.837572047103293,1.4311708951718025
3544.0,4.58438928748969,27.688515291629574,1.3727746657328086
3545.0,4.898005081112565,27.696300949765355,1.372352340143825
3546.0,5.254877004198423,27.914684765212805,1.4042603843229047
3547.0,5.591794644857857,28.012746329307607,1.4090265700880622
3548.0,5.896145090128369,27.59631637595295,1.4093521184202766
3549.0,6.210233506996679,26.7765107225301,1.4388284143978274
3550.0,6.679241829421327,26.06311890885781,1.4926964468865846
3551.0,7.308099222021137,25.677661952085348,1.5509521157923984
3552.0,7.9185379191465035,25.384530775684198,1.5706344847051847
3553.0,8.388704703761647,25.1008016053028,1.5509187150876769
3554.0,8.532837770734622,25.034601164127565,1.5221236900138129
3555.0,8.379212422712826,25.331848284069686,1.5259667817680782
3556.0,8.149363075021746,25.873320105063172,1.509272373388781
3557.0,8.098181054167302,26.377396804731145,1.4971542077212006
3558.0,8.19704001382013,26.702178815708013,1.5273407448154381
3559.0,8.31485183651031,26.771734466984086,1.59664149245584
3560.0,8.408098345511853,26.567571331875996,1.6269741788198404
3561.0,8.520158941683075,26.044689212436055,1.5485341225692317
3562.0,8.67756301385453,25.3648016807388,1.400780968419565
3563.0,8.804080302605703,24.792963126805695,1.281242184609696
3564.0,8.918898893130553,24.538135721475026,1.2442504092516729
3565.0,9.094969902422768,24.506108385838385,1.2900632884388208
3566.0,9.328446849770383,24.608715138375842,1.3723636097509777
3567.0,9.504186273969161,24.909631812025005,1.4494050427955119
3568.0,9.581986710595265,25.361061725821024,1.4901921579524326
3569.0,9.661179582403316,25.82254808613416,1.485205145483405
3570.0,9.762453695005501,26.1952545945374,1.4594734263934221
3571.0,9.869204646332742,26.39876552113441,1.4445333222787597
3572.0,9.902635405068997,26.24208274767918,1.51305864955896
3573.0,9.739996773832305,25.91148343345652,1.630628859197424
3574.0,9.535430508816576,25.702623823191274,1.7277802483953022
3575.0,9.485298562373016,25.599518058307353,1.7556403435335237
3576.0,9.663224977242752,25.32379761370985,1.7686321481404896
3577.0,10.021749751738973,24.908750816438232,1.783876697405141
3578.0,10.369300782363618,24.673333240975325,1.7886223367656995
3579.0,10.558770044349732,24.87050412752896,1.786932510967802
3580.0,10.487337023226274,25.325308325371978,1.8396496777946592
3581.0,10.28059888137129,25.98888233212981,1.934455739029237
3582.0,9.968087317948283,26.650074031898747,2.02790837720039
3583.0,9.786121618579509,26.916914119217743,2.1306824303656327
3584.0,9.79957720927597,26.79273027863669,2.20791515493025
3585.0,9.97591606418537,26.44623478795048,2.2943883417588227
3586.0,10.238038941899346,26.10442922703039,2.29860626998487
3587.0,10.585312484099601,25.880159772201534,2.163822818478192
3588.0,10.78032227793481,25.890682098079242,1.923560955625
3589.0,10.834159142175993,26.108786167944547,1.7344122460891391
3590.0,10.911788049162183,26.402269632166934,1.6590111312391236
3591.0,11.04582972561289,26.587449490195684,1.6769835602559997
3592.0,11.253840195828385,26.77130077224694,1.718031247236348
3593.0,11.366064136541171,27.010068767489436,1.7487378985941315
3594.0,11.322935477250722,27.26932337389421,1.79106883818724
3595.0,11.079339766664209,27.361331932716602,1.7726165337005313
3596.0,10.743520311697141,27.25831691853904,1.7092271157932566
3597.0,10.353285165340493,27.10094418916916,1.6209695388559204
3598.0,9.9675329164572,26.820420929684094,1.5969972360990732
3599.0,9.716433229171585,26.485331164305816,1.628544504128472
3600.0,9.589017521808655,26.370418306807878,1.6752520958140895
3601.0,9.656999446735115,26.435185955613445,1.7113266447123856
3602.0,9.787091596409873,26.52501573165318,1.7550166922023844
3603.0,9.952207424378562,26.800772164772294,1.8280687584324646
3604.0,10.054960558715408,27.659455384278544,1.863821088567989
3605.0,10.213624877479013,28.802203488580037,1.820641766908328
3606.0,10.46628196588649,29.644583097600247,1.7559066002911872
3607.0,10.704417554582783,29.87458244398258,1.67142745685552
3608.0,10.871774801682506,29.788319394073874,1.5348710047587921
3609.0,10.98520447170586,29.679381676168248,1.3986098378762897
3610.0,11.01570431155293,29.76400169928351,1.362939712641008
3611.0,10.9005583999844,30.305382715955606,1.41075127400526
3612.0,10.735564765304812,31.209331183765315,1.4855020331855926
3613.0,10.547974637191992,32.12630244516789,1.5475679460848653
3614.0,10.467082813543637,32.764082813346256,1.5528147553312144
3615.0,10.576923480588697,33.06036942932497,1.5020727109973777
3616.0,10.908780403985604,33.04305509485303,1.4152421161674602
3617.0,11.321543571925025,32.81178949043776,1.3473202494515626
3618.0,11.704892374949825,32.593013835549726,1.3203779749105402
3619.0,12.000861363368884,32.55919798369824,1.3136827226768
3620.0,12.101400304624887,32.66632503647659,1.3099098240469262
3621.0,11.962566399200261,32.535133785626755,1.3232996468396645
3622.0,11.618379713021316,32.348849839760305,1.3818379838076023
3623.0,11.229664917231407,32.63929428403776,1.4898283769292675
3624.0,10.996247888371627,33.19475192499792,1.616985812081305
3625.0,11.07204422271506,33.618725600619804,1.69584151912704
3626.0,11.41406055444102,33.83960095297314,1.7096967829879874
3627.0,11.860314138077262,34.034733060934485,1.6501803831666406
3628.0,12.217298743100573,34.20983931417848,1.5839990490136573
3629.0,12.418357583440377,34.34308350673973,1.5397981642668814
3630.0,12.5202396006324,34.76316327526731,1.4817437940156202
3631.0,12.673118977364355,35.453106042766194,1.417818143036456
3632.0,12.900163426560065,36.01999837655569,1.3616312919125766
3633.0,13.162970291328639,36.821191238824625,1.3618123758578087
3634.0,13.55466600822244,37.692344588315535,1.4590757513515262
3635.0,14.067939075828017,38.61136089607248,1.6702352601206722
3636.0,14.67186012652042,39.71582878273719,1.8988897049242848
3637.0,15.217905156878222,40.66068666767849,2.072373675765257
3638.0,15.781623061402811,41.12700765036964,2.097543170989267
3639.0,16.32217239221831,41.32521599820988,2.0316029812244722
3640.0,16.726982303470496,41.669886550628725,1.9466088233813776
3641.0,17.093086242762816,42.34001972899522,1.9021570843901519
3642.0,17.37848598387628,43.17264072680347,1.8834515947687802
3643.0,17.285681165371255,43.97465282149091,1.870966897035726
3644.0,16.972887581690603,44.699141276829884,1.8672787135637645
3645.0,16.811285702583103,45.40288764695892,1.8548605703746754
3646.0,16.94652391583105,46.106838990878856,1.8445846509047166
3647.0,17.27680082993789,46.805103145707264,1.82644005019308
3648.0,17.693629591678942,47.46802217217457,1.7890642389880838
3649.0,17.82300976558404,48.06145244610329,1.7704084084323022
3650.0,17.652047824413366,48.40649455450177,1.8021532350978602
3651.0,17.38656195959612,48.30475752537702,1.8259246402914837
3652.0,17.18239063883597,48.022319164074176,1.8461546043985981
3653.0,17.025058367089166,47.85016626315173,1.8790289531716329
3654.0,16.99173322505106,47.76328689980539,1.9851496833715598
3655.0,17.28131570609044,47.84993093412381,2.1076592451417615
3656.0,17.82540297615853,48.04365052905139,2.1358904980153315
3657.0,18.44198146858035,48.66547953571386,2.0832096004224963
3658.0,18.971339256109815,49.55915306700295,2.0550676954835327
3659.0,19.169043640671294,50.152185701676224,2.0169164586657855
3660.0,18.91735482180128,49.979097536603525,1.9433427261053582
3661.0,18.457725310345342,49.61013733054188,1.8583109683214398
3662.0,18.213280958282287,49.48014451036651,1.8400949901310197
3663.0,18.241460646605283,49.38002478730084,1.8998003427230026
3664.0,18.4411485336749,49.122240002901485,2.0350591965561
3665.0,18.748449942500887,48.77527656875681,2.168732512100124
3666.0,18.989540400293045,48.89864486684356,2.2486254599930624
3667.0,18.94775399338521,49.237971130413015,2.220850337988133
3668.0,18.642463516033285,49.3059916428156,2.0797592998254433
3669.0,18.392264163344503,48.975693555050235,1.9533254240893558
3670.0,18.306335468684935,48.46602474362464,1.8693291388921744
3671.0,18.089206664624644,47.787792098997386,1.767979254447516
3672.0,17.402348680917818,47.33163744510859,1.6613084249196515
3673.0,16.421591095866937,47.476787520508836,1.6245893295065639
3674.0,15.571838588465612,47.81616977682168,1.7120153644440024
3675.0,14.951932814845328,48.03086372733228,1.9294638474040162
3676.0,14.474889697560483,48.45591958767967,2.197095685891709
3677.0,14.159810388370525,49.57832901463904,2.4656909038334596
3678.0,13.992908386346354,51.03671599680196,2.691688748574156
3679.0,13.894247378551414,52.41196858965876,2.929439208235411
3680.0,13.78121709982007,53.54169199148407,3.2073827696122272
3681.0,13.5292340271587,54.45731793943682,3.484961878763668
3682.0,12.954140582433212,54.89777746599584,3.6598289047944847
3683.0,12.041136446960765,54.83330108958925,3.7353984809804097
3684.0,11.157806980744335,54.613208210021995,3.846441234686544
3685.0,10.383794476396993,54.930737215106376,3.929224553486209
3686.0,9.779030972679408,55.803425486174525,4.0813950318538375
3687.0,9.522493489823212,56.677427955839214,4.290006637384934
3688.0,9.680521970957837,57.45393349447128,4.521383799886977
3689.0,10.058346917206089,58.367120540731555,4.740141839569423
3690.0,10.218421364097432,59.25814953265088,4.8924093299671405
3691.0,9.923232262509414,59.5654872372108,5.023401887422197
3692.0,9.45870535533069,59.344262297556206,5.1650587009199045
3693.0,9.08856019323121,58.96488276000869,5.2806751289462435
3694.0,8.878115380957222,58.875493427232776,5.316930664110644
3695.0,8.80681879530711,59.07220798393362,5.30638111792589
3696.0,8.861683373552522,59.42613058180377,5.285675136314544
3697.0,9.08471134102854,60.073723454262876,5.292994287592707
3698.0,9.54273898472976,60.953875359847764,5.366574077612093
3699.0,10.246985446913863,61.44860530928258,5.661926688446517
3700.0,10.961884723569161,61.190377155558515,6.14548264727056
3701.0,11.379166383204002,60.62935955630449,6.617733406219714
3702.0,11.435600886891644,59.95757118756895,6.969718166900864
3703.0,11.277500859420902,59.39875580908096,7.167874461873049
3704.0,11.049573596800213,58.97316654379333,7.317357772883481
3705.0,10.700780908967136,59.118090622358096,7.424697111988468
3706.0,10.256188793312251,59.43435449686193,7.45811739678916
3707.0,9.88360941114189,59.5626727183382,7.35727059180379
3708.0,9.745533344714342,59.208884546782514,7.142816470435137
3709.0,9.860927636689961,58.61400817053839,6.889156390760063
3710.0,10.05779717869318,58.17553626915476,6.595398582903656
3711.0,10.16832337310234,57.911433974714946,6.108219618531187
3712.0,10.232939393513627,57.665887287494236,5.572753878357611
3713.0,10.32846531829728,57.14849741629275,5.213418110341745
3714.0,10.467017978489952,56.42152791467372,5.017453370671253
3715.0,10.565133574138422,55.65631840080775,4.945749179128323
3716.0,10.58552123018404,55.19046163078145,4.9124224881141325
3717.0,10.46299691530447,54.86206198765684,4.8992406686336665
3718.0,10.208233123360804,54.39413747420589,4.847067790368834
3719.0,9.934869492583841,53.6141738017868,4.828262468842179
3720.0,9.764023565658936,52.71455603548891,4.846138933383354
3721.0,9.694599551398737,51.77271020220234,4.884196223873933
3722.0,9.685359610131481,50.560266591397514,4.937058691770492
3723.0,9.728143034568294,49.46327945382334,4.981462735029665
3724.0,9.739366612545389,48.85678987166477,5.04141519985216
3725.0,9.591256937902703,48.64330068868801,5.01841270490596
3726.0,9.339676125249257,48.68962683003437,4.956878377991136
3727.0,9.01828834122318,49.13143784436335,4.9086794382938415
3728.0,8.630887237433608,49.5610918541025,4.891649003936709
3729.0,8.31995834658244,49.668862529186875,4.909594814936304
3730.0,8.211081252332466,49.37396649531966,4.934925895271877
3731.0,8.333233821837492,48.8718173404116,4.918977278190564
3732.0,8.52424634401344,48.43962964403641,4.795143455698561
3733.0,8.677888995863976,47.98413267390516,4.60932633031359
3734.0,8.781333993758663,47.817570197423,4.380284993002042
3735.0,8.800539641499123,47.75933314199507,4.128018302526351
3736.0,8.651484172247493,47.917009835624604,3.9342128642341008
3737.0,8.403421476976803,47.921731869196805,3.787761973441022
3738.0,8.187536880007073,47.862722825886785,3.667675575039169
3739.0,8.150746183084369,47.8456541615992,3.616648840616232
3740.0,8.155421778861408,47.517999316099605,3.566163408206592
3741.0,8.172849962755302,46.87430372651645,3.5237197917453167
3742.0,8.179984617321216,46.143598960605836,3.4705760331422035
3743.0,8.08097057994304,45.348043549939355,3.4105613166056603
3744.0,7.989845071465961,44.50562646346399,3.403831093261503
3745.0,8.01298907940397,43.605564449055905,3.4754926777053283
3746.0,8.114110513431728,42.754965950376985,3.510858978881677
3747.0,8.160920348017651,42.1077846975353,3.4096053105159556
3748.0,8.238981972144035,41.86933406977806,3.2347023552845084
3749.0,8.51909070475346,42.0740040242932,3.11977011962641
3750.0,9.02540636483059,42.49885581984462,3.0819725504697533
3751.0,9.5033782667148,42.97690053498839,3.050216247363449
3752.0,9.692008013600999,43.28235849743838,2.9559835496467595
3753.0,9.540772235477402,43.26383131066059,2.8303442879985443
3754.0,9.29375477829864,43.20596030253833,2.7709389699813376
3755.0,9.14171491502361,43.32812298787842,2.7715861763064225
3756.0,9.075668803986906,43.678367746567766,2.793041700333785
3757.0,9.009762065729966,44.16101247912757,2.791765921489466
3758.0,8.900193986086103,44.53101847427103,2.7692983032519747
3759.0,8.853110846523418,44.89449728663407,2.72912831749417
3760.0,8.791291297524992,45.42717565059099,2.7158401898148092
3761.0,8.660802376077774,46.19399734332791,2.7457904433415825
3762.0,8.515881318122888,47.01391718076382,2.804216367853891
3763.0,8.394797942090172,47.79844999062214,2.8155878849802494
3764.0,8.317823021888778,48.36090459420026,2.727377206356198
3765.0,8.16908064347533,48.45451750743552,2.6072878673928255
3766.0,7.956569690831425,47.946212032451314,2.6606938743832225
3767.0,7.8271902527287915,47.243910332099134,2.9089694683482166
3768.0,7.808743623351185,46.885235181664356,3.1541757868800033
3769.0,7.7288347981152405,47.323789983426046,3.2457914216961603
3770.0,7.510479248803129,48.56487185564701,3.20994873502368
3771.0,7.341927716256673,50.33667076462614,3.1221452385348623
3772.0,7.34459870266584,52.27622353922642,3.0200230445158223
3773.0,7.526749945289443,54.220717538473,2.9734052701179903
3774.0,7.7267537716752095,55.818833623872074,3.0520584403002227
3775.0,7.857376225317393,56.65652656372689,3.2359421633239003
3776.0,7.906393797507481,56.9458667256022,3.456996266884003
3777.0,7.8666895400725645,56.94619664806533,3.6436215848721982
3778.0,7.801455595531789,56.827167295231355,3.783409575173299
3779.0,7.740693652628245,56.405672407433585,3.925270054298125
3780.0,7.5947590483497205,55.765621032863066,4.109752820391401
3781.0,7.274679293990596,55.15057421534742,4.299993881371876
3782.0,6.964372143913896,55.110980200328996,4.4425975424738215
3783.0,6.724926579923395,55.77063432044068,4.5723959145845
3784.0,6.5478410097375015,56.59567389307275,4.752151962836472
3785.0,6.674635941563623,57.154509774020426,5.079956933220961
3786.0,7.137550913077422,57.59244744737344,5.494968616928803
3787.0,7.568728877080645,58.13673936492303,5.888904582744642
3788.0,7.565572281966932,58.49957259501177,6.078645723151542
3789.0,7.16902038720697,58.52202631295852,6.040679579064361
3790.0,6.709645386594823,58.00423268227998,5.981024804435025
3791.0,6.42876937780324,57.32576709029741,5.978871342253226
3792.0,6.264675805070234,56.72291142220686,6.033234016702779
3793.0,6.198472344037459,56.52612759389285,6.173894304495418
3794.0,6.286160301939858,56.55043744960619,6.474655363674049
3795.0,6.5043386289530405,56.48688392176395,6.939652030878925
3796.0,6.798795033159009,56.408287398712204,7.361097838361863
3797.0,7.036150098711577,56.34854076905359,7.668203020636163
3798.0,7.086965313874829,56.797751671769454,7.855889586839281
3799.0,6.881753047587393,57.865702451427865,7.948481416044317
3800.0,6.491261298349345,59.077808637956835,8.08535297596976
3801.0,6.029212750796981,59.695190474939714,8.29237024259281
3802.0,5.697688892561568,59.498720620972314,8.515208511612322
3803.0,5.53534781676936,58.76582089036744,8.759961775785028
3804.0,5.5533256873432215,57.92825761344595,9.07187093413481
3805.0,5.716287043208124,57.365321187544446,9.412756906229157
3806.0,5.975753224071744,56.901366441504315,9.768747749600163
3807.0,6.319602559091081,56.63655920228772,10.019357880421826
3808.0,6.541471626120806,56.32726526477557,10.170465964042242
3809.0,6.528576125131623,56.314408326929886,10.188943161753762
3810.0,6.291841143827233,56.7459755530767,10.092672706008827
3811.0,5.940447083714497,57.5243019817973,10.023288284827599
3812.0,5.618157924221236,58.07937106449366,10.100119390692251
3813.0,5.44398094542068,57.86016837480862,10.3898489397089
3814.0,5.365919430167884,57.035545550912886,10.844524602402657
3815.0,5.309195656145256,56.365987379866816,11.356503556659794
3816.0,5.26457573950367,56.221623579664005,11.75908117586379
3817.0,5.27642859548484,56.236857917708925,11.923186624570498
3818.0,5.3723126842685005,56.23848163971648,11.771103080632976
3819.0,5.547288341036605,56.18501627922225,11.323637350854012
3820.0,5.779377934574343,56.19746352276057,10.726231407571058
3821.0,5.966346934050063,56.24054349747981,10.135617325841467
3822.0,6.082800686588903,56.29091828865622,9.625205371901282
3823.0,6.180984335738102,55.78791923960458,9.391291288477104
3824.0,6.337716828715418,54.510873503926256,9.552496772647277
3825.0,6.525802032677205,53.342516868366744,10.087019955887888
3826.0,6.692077013382107,53.452095769279765,10.744728779532396
3827.0,6.862232749889777,54.14572178718708,11.318446329384619
3828.0,7.061511786144271,54.39637971720923,11.782439457415874
3829.0,7.22397055103514,54.3732109215761,12.14945197572096
3830.0,7.266039077237539,54.36524571875589,12.300115291390084
3831.0,7.131762100010246,54.58546584534112,12.205107784331284
3832.0,6.966667638102486,54.64528259174747,12.087426897185292
3833.0,7.0774640379521285,54.135085921800204,12.011816289713295
3834.0,7.516544323612257,53.26547117324008,11.846309050485564
3835.0,8.006588509606898,52.72245384476533,11.805609742286979
3836.0,8.268712923347522,52.93113930262583,11.93137605246976
3837.0,8.214187115865704,53.87476999599678,12.056520756950011
3838.0,7.855311932961043,55.10218557260394,11.98001737546947
3839.0,7.361915382693601,55.78412259548623,11.683874116944697
3840.0,6.943955704723822,55.416191953011676,11.328047827629574
3841.0,6.8026306634635025,54.35787667088672,11.039229722480977
3842.0,6.889212769866381,53.40183460665168,10.789004191471044
3843.0,7.013194588659943,53.07143349690477,10.540031841083911
3844.0,6.938526378082393,53.12325701804209,10.253480273551363
3845.0,6.667466448949813,53.301372838716375,10.027869252430834
3846.0,6.378602069951302,53.739487680343956,9.919209719807737
3847.0,6.191525265365105,54.474514907181266,9.819047612613122
3848.0,6.15979961419981,55.31598469330316,9.836813389620692
3849.0,6.240304662901632,55.35865574423686,10.031081854344423
3850.0,6.3730977255002506,54.520414720491274,10.290213599284238
3851.0,6.585615196396622,53.45407884881454,10.414545271633655
3852.0,7.020119282807592,52.67098387234328,10.357465767856857
3853.0,7.5817445174703675,52.0010681006111,10.103655809892528
3854.0,8.030214270401093,51.11503810330655,9.740627392444754
3855.0,8.253593136737427,50.098261516397244,9.495359123890484
3856.0,8.239126064981084,49.39822578971737,9.35581679446032
3857.0,8.077816338285002,49.38733871512651,9.263329788726734
3858.0,7.877442799023063,49.732313843587946,9.120650963726403
3859.0,7.62509237099472,50.11645592522529,8.8572900758328
3860.0,7.296308942387525,50.295923591051604,8.44047918944008
3861.0,7.02629266194025,50.416924299763515,8.020600207291618
3862.0,6.865773472696411,50.61325965227612,7.751486155347829
3863.0,6.675890046744384,50.467623159707365,7.630603488612089
3864.0,6.365555592447773,50.14362527875598,7.613860217514658
3865.0,6.086820487478064,49.43193785684071,7.774454834848485
3866.0,5.770153734814225,48.71223555687291,8.088405905671046
3867.0,5.404364179527747,48.14476057544335,8.304796484587186
3868.0,4.9672824779228115,47.896558129853254,8.152264973654123
3869.0,4.617959283642937,47.79990062205772,7.825105313080662
3870.0,4.360644433847673,47.82926657089661,7.63572796418041
3871.0,4.1626172469554765,48.147273923352266,7.479289713937582
3872.0,4.038726683724723,48.83223945612664,7.239985473242854
3873.0,4.0008048004774155,49.552413929691006,6.958758624085728
3874.0,4.059603799262222,49.96724932387759,6.619042305225002
3875.0,4.03610671524096,49.979940093846615,6.262394989344173
3876.0,3.815999212631393,49.66287421115882,5.870977072418407
3877.0,3.4893896288846395,49.258225332241395,5.481716969812624
3878.0,3.235906905519529,48.959879315962326,5.081845135478833
3879.0,3.076261815570451,48.98231665569951,4.711419229452552
3880.0,2.93475611650674,49.44652598386886,4.2619548347250635
3881.0,2.7608722890577986,50.29367815913688,3.7792744529480724
3882.0,2.6757205921689997,51.4355272344007,3.3319326313215685
3883.0,2.6275780083175246,52.53503696318307,2.9433894879726643
3884.0,2.501132729379061,53.2820479686763,2.617086363693677
3885.0,2.352986802841523,53.7152824559481,2.333666157351589
3886.0,2.249064847188063,53.89530911499885,2.0474112499152843
3887.0,2.222471938402147,54.01950109462009,1.7472606154848191
3888.0,2.268148288749799,54.05931389361537,1.4894208513832559
3889.0,2.3143640348515597,53.790958296400795,1.303496495073444
3890.0,2.318173453965109,53.62277198496583,1.1947979149603345
3891.0,2.19260320814434,53.44070174406756,1.1678214536060942
3892.0,2.021262480297432,53.08583286716639,1.2175887273426407
3893.0,1.9193670470335729,52.60244769221517,1.3306779716360255
3894.0,1.907464942588801,52.12594075260551,1.5240448153884099
3895.0,1.8921151059930625,51.55770486406376,1.7549525474042884
3896.0,1.8212618553598223,50.90498975700197,1.9400443545975623
3897.0,1.6394886927950396,50.21844454982707,2.0435565355308323
3898.0,1.4357212950841745,49.80846377352456,2.08116541914776
3899.0,1.3178127126208574,49.84525233609368,2.077733965535396
3900.0,1.2888141777506303,50.454301374971955,2.0371623390806417
3901.0,1.2765332735347985,51.05971797702888,1.9558650151835537
3902.0,1.1673912833249689,51.18554753458514,1.8420916226952975
3903.0,0.9992856476204175,51.07415255416543,1.7584209347866222
3904.0,0.8636739693951719,50.76082143863642,1.7036146500308098
3905.0,0.7744045936068121,50.40159380847583,1.6517029517811215
3906.0,0.6435154863819887,50.30942319520669,1.5605211019630756
3907.0,0.49098245196196005,50.31049522387751,1.4264281618516221
3908.0,0.3983244457702499,50.29160567180679,1.2827675152492932
3909.0,0.3587895591912026,50.29396778881248,1.1504566231754283
3910.0,0.325941390949073,50.37706848008026,1.0157742206640623
3911.0,0.2984813094034248,50.24060406160086,0.92558541940225
3912.0,0.2901386514830399,50.40536650447821,0.8673143070943522
3913.0,0.28225030987452254,50.5467683515875,0.8827723922817022
3914.0,0.2687311676668369,50.53215699528677,0.9902490866787598
3915.0,0.29446663484483987,50.492548688675036,1.106023229283432
3916.0,0.35283565548008416,50.819864577579786,1.17803650280121
3917.0,0.38310228390960493,51.40264350496642,1.2336703730611227
3918.0,0.359224126492548,51.8863427844993,1.272659088946925
3919.0,0.3117175598315585,52.27155103530302,1.278807722615316
3920.0,0.2802054302900356,52.60259825950612,1.2756852000675227
3921.0,0.26985958468561205,52.602102461667876,1.2748006907613185
3922.0,0.2506213656161605,52.40546848920937,1.32726415587164
3923.0,0.20215150806326432,52.45899649873607,1.4058863396926082
3924.0,0.14659149674783603,52.680518162042546,1.5124536659241021
3925.0,0.10247836378665634,52.742407861642,1.6090920216700078
3926.0,0.06585604161546241,52.602322509747154,1.680819370023072
3927.0,0.04281817910429159,52.86289904927628,1.7096269603311613
3928.0,0.03266314855566012,53.3931524413017,1.7209352050736397
3929.0,0.023341263951110414,53.99720720115265,1.6791837858888974
3930.0,0.0161160612959025,54.17314360355092,1.5573211733655625
3931.0,0.017721472208880387,53.788069381225,1.366275989282048
3932.0,0.028019569446820887,53.39978409809304,1.1856508127108838
3933.0,0.035791323677402516,53.998491394060906,1.0624092391804643
3934.0,0.041855762825976105,55.361601265121294,0.9790623983646725
3935.0,0.050512616440014424,56.47584423769745,0.9572031998644643
3936.0,0.056824905210062504,57.070229412794085,0.9747933775140623
3937.0,0.07676151770451613,57.191740815489304,0.9377464414361482
3938.0,0.10289606172370562,57.271996723250005,0.8422574084823891
3939.0,0.11734052990400168,57.34224677333165,0.7481690874445822
3940.0,0.1223067922422544,57.60208948398431,0.6852304233593316
3941.0,0.13577779044494445,57.927256306518075,0.6475704801271697
3942.0,0.14898194993123995,58.47683428083698,0.6406758903541825
3943.0,0.16239328338024997,59.20602152589781,0.6392714554529207
3944.0,0.1923328474581362,60.15213705857357,0.5924389674583248
3945.0,0.2439365086625042,60.711748612166325,0.522000513365761
3946.0,0.30069921602583033,60.84563875064611,0.45020308929806263
3947.0,0.3372956513665601,60.9058688506983,0.3728057505268041
3948.0,0.34994881794867844,60.953301993356575,0.29947845813906243
3949.0,0.34869692268192265,61.18078645262646,0.25768228781570557
3950.0,0.3257399926260495,61.23127901524641,0.24879321984389757
3951.0,0.2839700681700963,61.119606691976756,0.27591649402845164
3952.0,0.2500466921799561,61.0395164841189,0.30904087571880245
3953.0,0.24344639212423683,61.250718431193796,0.3097980274207009
3954.0,0.24101067428942435,61.68417638986351,0.25838791093606406
3955.0,0.23856315179273282,62.24197438577888,0.18865110529802248
3956.0,0.22519537721100255,62.47123163751778,0.1453617344279556
3957.0,0.2024902261179396,62.52972640732451,0.14860508434488998
3958.0,0.17434746803640958,62.664279502932196,0.16883264655625
3959.0,0.15846812428830248,62.83449401969658,0.1861376174781561
3960.0,0.17866500163010898,63.08664786285132,0.21399966669696038
3961.0,0.24651901237637616,63.348465884707494,0.26243898469824
3962.0,0.34081417344212644,64.05627092338115,0.32077199780071697
3963.0,0.4001434638527237,65.11601248943744,0.36007633604623207
3964.0,0.41088624339672813,66.08441583634756,0.3758621082068836
3965.0,0.39082987685665455,66.54182749063546,0.37283045493043354
3966.0,0.375956491041468,66.47434802592645,0.3723187537413184
3967.0,0.37478718706182257,66.32764751195157,0.3537587756685377
3968.0,0.37418555172212636,66.21007182367526,0.3076574887868161
3969.0,0.3644701108249601,66.12503799720731,0.23997728048505762
3970.0,0.36869067417692164,66.23828679858794,0.19903490352355843
3971.0,0.4044196708812001,66.79358642876056,0.19600243281542437
3972.0,0.45695016364519203,67.65210830463062,0.19294961115609
3973.0,0.47104550588900235,68.54867101397974,0.1641533696064025
3974.0,0.40312565401993294,68.74596246844227,0.14434829422944156
3975.0,0.32020444312921004,68.4589101891404,0.15877575085556248
3976.0,0.2786970874149361,68.21796802357063,0.1718098769502025
3977.0,0.29105483344520033,67.97000851849552,0.17497671379275237
3978.0,0.31935646643266885,67.65232330865848,0.1747610033189476
3979.0,0.34395732420156244,67.37642808007429,0.1811103951642489
3980.0,0.35276245475284806,67.21462552635393,0.1832227189257529
3981.0,0.33848773757306005,67.24817466444244,0.1882388121931009
3982.0,0.29303515911292854,67.31156977446014,0.1973754508279849
3983.0,0.2125356139512226,67.2369571784251,0.18816961709044838
3984.0,0.12691583663120004,66.76421701420628,0.16832293346436838
3985.0,0.05931722598963842,65.92736761792365,0.1609017229078249
3986.0,0.02445684372518561,64.83129901494688,0.17774691414417637
3987.0,0.01143755814011041,63.789792889626575,0.19836656005663209
3988.0,0.011439198758556113,63.18041841904322,0.2012460512527936
3989.0,0.017104514816692916,62.87467039885079,0.19064863866889
3990.0,0.021338825907422504,62.4099704540035,0.18882646296638889
3991.0,0.019633070738163613,61.796136031167386,0.21454049244422557
3992.0,0.013117173583852889,61.38868466917693,0.2641051737274896
3993.0,0.0044121026077956,61.200055758857594,0.3267561009557057
3994.0,0.00016668875664,60.53900942846489,0.3739988330837135
3995.0,0.010798084065268897,59.73105964428862,0.41157473920362814
3996.0,0.03222809821785961,59.2117177806148,0.4496858248069923
3997.0,0.05228136211539238,58.61481924771604,0.4908986796762245
3998.0,0.05323338421143208,58.26133979873102,0.5258252060605635
3999.0,0.03823281386233691,58.2058544203733,0.5228718456374883
4000.0,0.0201377215273536,58.188428016830635,0.46769576620177955
4001.0,0.007578437219808393,58.28635584017402,0.41732084501406247
4002.0,0.002360359387260904,58.3763059733981,0.4187225432583075
4003.0,0.0007411777561763969,58.470114430296114,0.4849381963350015
4004.0,0.0002541550162175999,58.726457942494626,0.565622987698392
4005.0,0.00025336234936959974,58.872451260909344,0.5972037967797443
4006.0,0.00029493562821610063,58.87626687188035,0.6222619351383559
4007.0,0.0003027057144336005,58.619287699134624,0.6672624814610497
4008.0,8.584263391689917e-05,58.491971608339526,0.7002191944168201
4009.0,0.0022479129158656033,58.50823744409007,0.6737101447703102
4010.0,0.008523447699150394,58.92202823077772,0.6118488859392901
4011.0,0.009809834770052095,59.32730019867932,0.5431555424633571
4012.0,0.002563403988204897,58.90150359709225,0.4631460430767557
4013.0,7.989535209640004e-05,58.19987306896585,0.37993303239092635
4014.0,0.0009672659808099992,57.875095439164895,0.3404394697590481
4015.0,1.0835977215999577e-06,57.86873553464708,0.34756820026572244
4016.0,1.214961649690012e-05,57.07225871634146,0.3988391086764101
4017.0,0.002445260962176399,55.98036170928635,0.4466148120928516
4018.0,0.014856211622323605,55.62977716378384,0.4713228092926116
4019.0,0.024242798286980113,55.71885922931397,0.4281703628433984
4020.0,0.025813341837396083,55.785303431177766,0.3447184546627441
4021.0,0.03201968822501159,55.757847044338014,0.2651837913008
4022.0,0.05064654829249439,55.543739831727905,0.22301791849015287
4023.0,0.07217788932792489,55.05700710607364,0.2181534787851409
4024.0,0.07678568466528998,54.38356484662497,0.23981340617380087
4025.0,0.0740221828452324,53.627753040033674,0.2620127089229328
4026.0,0.07965019426379559,53.06173015571289,0.26677625805505434
4027.0,0.11544956497369,51.925656313726805,0.2567613681483875
4028.0,0.1633075754014224,50.542893964565614,0.24957722888670247
4029.0,0.19901557749902438,49.665478181663815,0.2276073492236944
4030.0,0.22573312295043998,49.35150031888129,0.20704005167357156
4031.0,0.26460433533664357,49.33206852119755,0.20981943082146007
4032.0,0.31883532549050253,49.65549283675723,0.2149034680413124
4033.0,0.36519091451367836,49.955778953493656,0.21866945575552357
4034.0,0.4089359877298609,49.87189188037151,0.2018993630503369
4035.0,0.45286467694388416,49.90377881370884,0.1956790519140625
4036.0,0.50659589178025,49.99409623054212,0.20883895526078008
4037.0,0.554519394299148,50.00991749653791,0.2507495910459408
4038.0,0.5626597163358609,49.95594391935457,0.2969550043242084
4039.0,0.538596924584057,49.97990615953613,0.3420870007145616
4040.0,0.5092383186796096,50.00586191921328,0.3853010898535876
4041.0,0.4724437263949764,49.62247286234332,0.4221337394112399
4042.0,0.42354544291761614,49.12860301074761,0.4496843361069049
4043.0,0.38173099826906887,48.77738224634119,0.4094245052018943
4044.0,0.3929958239405641,48.89132554271623,0.3428636262575364
4045.0,0.4517350916760081,49.28894019996807,0.28901598566828485
4046.0,0.49354966545480994,49.68360497613603,0.26817465030787235
4047.0,0.4767923905524025,49.999162904114314,0.2786626471289049
4048.0,0.4454075968010496,50.43172379592091,0.30569810037607836
4049.0,0.42408203119395604,51.03097695543349,0.32504159202315613
4050.0,0.40431877893563556,51.4211962813862,0.3266763983094544
4051.0,0.36601685674529294,51.750491550364096,0.3359201864138883
4052.0,0.2992054445105625,52.160534239514,0.3605883001490025
4053.0,0.24994702280688041,52.55978070517124,0.39618738695227246
4054.0,0.22951307599955292,52.81422369895383,0.4289412557870449
4055.0,0.23082787847024996,53.071851803250716,0.44885899693636006
4056.0,0.24213546335366443,53.49089415608444,0.43515362441306243
4057.0,0.2644249440574755,54.25270814653982,0.4047555550641604
4058.0,0.2876615395591744,54.98082846776799,0.3784008858432804
4059.0,0.3057060732420249,55.6056242690637,0.34526106795664
4060.0,0.29143862713231355,56.2704720623515,0.3184375710854529
4061.0,0.2560595902633561,57.02297034046158,0.31207159960301606
4062.0,0.2265216821358436,57.70681346544001,0.325517500524788
4063.0,0.21907170115692162,58.23753685832599,0.3510275498866084
4064.0,0.24886120980520812,58.352782209984525,0.3588593210097424
4065.0,0.29611695117236403,58.39052966945896,0.3559098321596041
4066.0,0.3180279062845369,58.59334987351109,0.3539041182205281
4067.0,0.3364676546012224,58.91412951393816,0.33187593200382765
4068.0,0.3990317886495369,59.456826652903594,0.3011925807430225
4069.0,0.49153683514573443,60.438699515712294,0.2923824009180816
4070.0,0.5316628141004943,62.05573822945853,0.32716615384336006
4071.0,0.5120755313659209,63.93943129712786,0.3934015163305984
4072.0,0.4910111250818596,65.8871512044926,0.48060382607552143
4073.0,0.5025216152560081,67.57592726362664,0.587156517804732
4074.0,0.5577044448470543,69.19502674505014,0.7071858356412962
4075.0,0.5975913363457024,70.88965085703262,0.8154287035790279
4076.0,0.6031452878180041,72.24744509258707,0.8950546889728898
4077.0,0.6119061135927184,72.94421241723457,0.9605452022878466
4078.0,0.6327660139721281,73.2914581039533,0.9918158937722115
4079.0,0.6242911946409999,74.07343738729772,0.9364547863112838
4080.0,0.5873282342099649,75.17103543616592,0.7899332479919721
4081.0,0.5676705678215056,76.28358485885151,0.6541985438616682
4082.0,0.5803275845185225,77.02907881062733,0.6007513006389905
4083.0,0.5859460355540543,77.19776837742313,0.6228253544911226
4084.0,0.5524364830297042,76.90830809653926,0.7014851949712367
4085.0,0.5329967877943641,76.5058976153544,0.7878746256339203
4086.0,0.520365486686777,76.13560341146668,0.8434087834544101
4087.0,0.4923750450252481,76.13973851609273,0.8509827817617982
4088.0,0.44809045591144814,76.42379662697026,0.8482597332434288
4089.0,0.4268902138490896,76.61842008206652,0.8541305201549122
4090.0,0.44408346888097444,76.61705178875657,0.8381814846271503
4091.0,0.4938460515220761,76.73948236034336,0.790713328817597
4092.0,0.566379621569081,77.06682852248598,0.7529415907650847
4093.0,0.6340079473147456,77.49492648808489,0.7626218008368401
4094.0,0.70561513688118,77.71412473659349,0.857593809766232
4095.0,0.7453911975553681,77.7763122698352,1.0581631210107134
4096.0,0.7470825465319968,77.90106468791767,1.2807990763691237
4097.0,0.7127161207770256,78.20222019789169,1.4483650972537676
4098.0,0.6769772131890626,78.70123033931054,1.4918232364526656
4099.0,0.6541657706665225,78.86281651097173,1.4729295256318864
4100.0,0.65046773564964,78.31189575795676,1.4358266681220222
4101.0,0.6880726887321609,77.22046592181049,1.3944439667576929
4102.0,0.7997527618636608,76.00636714074857,1.3182110849263877
4103.0,0.9646059920923449,74.88906582248573,1.2109678634680223
4104.0,1.0901295035477288,74.19832241076394,1.1088902509684162
4105.0,1.1195412643374132,73.94314048890965,1.0254277394720834
4106.0,1.12157209702986,73.41569325902947,0.9835804990843129
4107.0,1.1016631408660167,72.32444142495774,0.9509901140513285
4108.0,1.0145579210770757,71.24018098879081,0.9241099370025768
4109.0,0.9025671282482088,70.64525179912607,0.8775242811702757
4110.0,0.8322030729277224,70.3449985352878,0.7825830110093283
4111.0,0.8387063809075397,70.29042812535769,0.6255235059921935
4112.0,0.9012394864445956,70.27591459994362,0.48448526839605754
4113.0,0.9790050689749225,70.39346589862595,0.41634005182387235
4114.0,1.0308950292066001,70.76393786660417,0.4476608337466521
4115.0,1.0994209907345283,71.57618894675487,0.5257662974945537
4116.0,1.2096651831648402,72.4217026120661,0.5860389827431489
4117.0,1.301245974036456,72.79027192419669,0.6169443797281249
4118.0,1.3438607711650081,72.66085107340892,0.634340933394353
4119.0,1.3159846004842384,72.12894546909634,0.6338315273650369
4120.0,1.2393530821927696,71.4924721529613,0.5896473117942015
4121.0,1.1269271918707928,70.90745909084174,0.5243261973178384
4122.0,1.01815062219025,70.57749156388921,0.49085844965866815
4123.0,0.9285323219185924,70.23141557600923,0.50609365928676
4124.0,0.8659990881501184,69.97947647142179,0.5403441353674817
4125.0,0.8750811459075984,70.07131237456602,0.5398069394118025
4126.0,0.9497924153802437,70.62843424909335,0.46417437735583356
4127.0,1.0704154311139689,71.32112620661265,0.38688339044024006
4128.0,1.1733743208339216,72.01035217372265,0.37258774492811564
4129.0,1.2527536477484482,72.21204364637832,0.4260665963845729
4130.0,1.3095492586220518,71.69415897532332,0.48712080195216
4131.0,1.3619016736494851,70.67312795584185,0.5371907678303399
4132.0,1.3827081672086543,69.28645368447528,0.560668687966297
4133.0,1.364868601886328,67.91478264055219,0.5515706710982415
4134.0,1.34017158190084,66.48508701330866,0.5059461678191447
4135.0,1.357284019541609,65.28283062798796,0.44129191251976346
4136.0,1.4306543009641444,64.18194609049587,0.38199698928690257
4137.0,1.5299054066529023,63.38106289838399,0.34132405024730256
4138.0,1.61033638149409,63.078019673912486,0.3097491269112101
4139.0,1.6325933140350626,63.211203164592035,0.29475112694341693
4140.0,1.6413938015739664,63.42675947308193,0.309818131959348
4141.0,1.6668843387015626,63.48193937077138,0.357468757149348
4142.0,1.6840950810290718,63.41860928328882,0.43750406419281
4143.0,1.6393374524584994,63.44987926762056,0.5140907494814884
4144.0,1.602152453349792,63.707407661765515,0.5521390255499365
4145.0,1.619228255121,64.11466475343995,0.5100011099867043
4146.0,1.671938037165425,64.38010125343176,0.39490928327088637
4147.0,1.7402760020869439,64.6220555943375,0.24785044057764
4148.0,1.78110815382509,64.89292497261026,0.1333531238897209
4149.0,1.75912609524666,64.9807700627741,0.08173851266427039
4150.0,1.7081658758112401,64.79042314772504,0.0825996509424025
4151.0,1.6107062626441606,64.56435129564582,0.12075183679032249
4152.0,1.4749785517203025,64.48300435896886,0.16660569590043206
4153.0,1.3515482414795448,64.79495736949225,0.19800141570224997
4154.0,1.296179358211613,65.50569340157274,0.2075935483129225
4155.0,1.308297404272724,66.44180598163754,0.19624334736070437
4156.0,1.3393984706323459,67.18372845400624,0.1673789780224576
4157.0,1.427656031736272,67.71892074956143,0.14022329478528006
4158.0,1.5727932967035136,68.17275834732334,0.1241352591671556
4159.0,1.7105062807005627,68.84576544707782,0.1278981869276736
4160.0,1.725656433896305,70.22019816325549,0.15670895571363241
4161.0,1.667514547973384,71.68726121922566,0.21667079253681
4162.0,1.6577335781518012,72.54882494657605,0.30178300536484004
4163.0,1.7255163499105923,72.69394331016345,0.3964470584977764
4164.0,1.8444992239524967,72.77849384723531,0.48548688607183205
4165.0,1.9381471654761313,72.75468756301252,0.5508286141473241
4166.0,2.0304602448419957,72.40921560839864,0.5993348535558399
4167.0,2.15511020182201,71.85265499555783,0.6652074706303502
4168.0,2.3698797624563044,71.31315806063618,0.7443907778711054
4169.0,2.6035019408056677,70.85347679197754,0.8231012197705475
4170.0,2.756659912301408,70.62632080875663,0.9154526343545522
4171.0,2.735939228393551,71.17184255048156,1.0337857886016049
4172.0,2.69310943204416,72.11838275617833,1.132065803881356
4173.0,2.6811488084295325,72.76162965802926,1.1666904948848702
4174.0,2.6830727961172642,72.8160918853137,1.1495185097791203
4175.0,2.664410374186709,72.71386755306872,1.1076190503484324
4176.0,2.650352709932352,72.57902726787616,1.0390442091856322
4177.0,2.637605930931224,72.60250094907042,0.9348052457096931
4178.0,2.5993687001434083,72.60543943089449,0.8267653497983045
4179.0,2.523088166992849,72.32166035007164,0.7667998753752099
4180.0,2.379184147266576,71.76549407486193,0.768512995810613
4181.0,2.2425282633040227,71.10468353294368,0.80704835386569
4182.0,2.18199752955396,70.52410817344416,0.8117902781354025
4183.0,2.1884299711564905,69.94945235106837,0.77603378881284
4184.0,2.2152067082847022,69.1642101732452,0.7720665396778487
4185.0,2.193021597550868,68.36771454544166,0.7650622684394244
4186.0,2.0442245237904397,67.73038296018454,0.681002456817413
4187.0,1.8410459387781903,67.48223158327818,0.5440575660226562
4188.0,1.671516999943992,67.38166869832978,0.44731810568403363
4189.0,1.5361568547822024,66.97666245075733,0.37881407939198747
4190.0,1.479383427682865,66.15568662400545,0.3058945550830224
4191.0,1.518991396542216,65.29938326621944,0.24284235862054437
4192.0,1.5925056120863288,64.74679341899821,0.2172188493068049
4193.0,1.671541952459188,64.21004004913057,0.2261438269194724
4194.0,1.7485385659188488,63.95579067726387,0.25206233577560994
4195.0,1.7545255546835026,64.48697098349156,0.2544119655497289
4196.0,1.6841311839846405,65.76622281429752,0.2155220644317316
4197.0,1.5515892140342415,67.26866188972132,0.1705242832911396
4198.0,1.4056724474079365,68.43195088911564,0.1381307913734401
4199.0,1.280128436670312,68.75431688894085,0.1057569521846436
4200.0,1.2045518625318083,68.775059783329,0.0761958346509649
4201.0,1.2121881623739887,69.1614951945549,0.053659146582913604
4202.0,1.2914686900982415,69.7937597304147,0.0476975335255225
4203.0,1.34258012824576,69.88897367020324,0.04328403687938559
4204.0,1.3921657798505627,69.6725266927497,0.04017422931201
4205.0,1.48480853713984,69.66763660100737,0.0399451508156089
4206.0,1.58620195991401,69.46921876472253,0.0473773165201561
4207.0,1.6513761708597927,69.20715577056747,0.07722774304144
4208.0,1.6957124430786579,69.0865051486824,0.12390139521369
4209.0,1.7581697624848034,69.41152745718128,0.17967427135520037
4210.0,1.87662244826169,69.85826204091278,0.2038530356107569
4211.0,1.9791037969029373,70.2488009920954,0.20367904625642252
4212.0,2.0070057960244223,70.47893641606757,0.21068697622238008
4213.0,2.0078535468165,70.56808926383263,0.2054032470459225
4214.0,2.0209745940492194,70.53397063298124,0.17369549914112636
4215.0,2.0888725784955624,70.52581899653315,0.1353715135665424
4216.0,2.12628220477729,70.49220628379842,0.13007324082862237
4217.0,2.1309841872830284,70.82225637183986,0.1394065607747344
4218.0,2.1003176206175076,71.7174562779667,0.13965217581042247
4219.0,2.02892362152841,72.41911386455705,0.12458424180990486
4220.0,1.934386030399085,72.61725087694685,0.12339302964943359
4221.0,1.8722544681122504,72.50600565730132,0.1330936251036001
4222.0,1.8853833430984643,72.26470863851914,0.1378686134819569
4223.0,1.9689921861091524,71.84260753072347,0.1342514442034921
4224.0,2.0544039290886404,71.298863906581,0.11497228285989687
4225.0,2.0576918157871766,70.92499888754362,0.09676374234106412
4226.0,2.01839303624256,70.62941433542602,0.08030370298164641
4227.0,2.0122512773868646,70.33344447784376,0.0614511823843801
4228.0,2.057174637338868,69.96550515443612,0.036579718193062494
4229.0,2.0791109655383075,69.6034154299585,0.0160371197250625
4230.0,2.066405560000058,69.55674158388403,0.0026500812635235987
4231.0,2.0516192175215022,69.74560435974021,0.00019356989944360035
4232.0,2.0117645211789226,69.86304263616402,0.0026190587170275997
4233.0,1.9266359144562717,69.81710667626793,0.005554981758062501
4234.0,1.8610183941045908,69.64337898835316,0.010957240832385598
4235.0,1.8498518533729083,69.51666348859062,0.025186524768916904
4236.0,1.8822687263248397,69.43838485441506,0.05109058708135289
4237.0,1.9261651223895198,69.44970465516312,0.08233894236261691
4238.0,1.872180799376496,69.91109186799609,0.1026991685917521
4239.0,1.7943141786752166,70.51847903004241,0.11500487033674239
4240.0,1.7593364294400398,70.82941418541284,0.1352104602450625
4241.0,1.7586056325280044,70.82166879614444,0.16290919319641212
4242.0,1.7552606174090004,70.78973837115716,0.18424884050630894
4243.0,1.711622226949836,70.7735120360303,0.17868659317675692
4244.0,1.6602866251452102,70.68648251089263,0.1707027886645636
4245.0,1.6502055099105624,70.55364403114115,0.16554239943576038
4246.0,1.6914748336250942,70.44592424844141,0.14395628858311837
4247.0,1.7165657890021733,70.30682186110066,0.11112304254251294
4248.0,1.7243457202779027,69.85019668260186,0.09539729789212091
4249.0,1.7336537801514367,69.62480484460626,0.08861896101099691
4250.0,1.7657847571871552,69.93751535691486,0.0772829602834969
4251.0,1.777120203040358,70.68850722564596,0.07458347345006251
4252.0,1.7972532703805628,71.64910526536231,0.0905309708373225
4253.0,1.8166588907013124,72.79077956251159,0.1151425143214336
4254.0,1.807128966367301,73.87145391407117,0.12960490324637608
4255.0,1.7288956607825525,74.4507715150446,0.13259499008240253
4256.0,1.6051997030818577,74.4490856909835,0.13789776259297437
4257.0,1.49140735357761,74.11570023470387,0.16102991607320893
4258.0,1.4123623709179607,73.98092355962896,0.20307219163150242
4259.0,1.3751680628353602,73.94862762519868,0.252708908696592
4260.0,1.3570718767191183,73.77511025833259,0.30555243971328044
4261.0,1.3806102185395637,73.28356999991988,0.348170909810808
4262.0,1.4278823683617023,72.73389089713389,0.36147665915390415
4263.0,1.4510039661555878,72.28743595805535,0.3340574934457849
4264.0,1.4097152469844898,71.96353531592978,0.30661503022088993
4265.0,1.3083460165766116,71.78704740490512,0.3155380314163983
4266.0,1.189569359819916,71.7297583170219,0.3557137865928517
4267.0,1.0849158318259848,71.51171573159999,0.3974325663316008
4268.0,1.0217140523536383,70.94363884588599,0.41476333181028835
4269.0,0.9926671521778488,70.4818767722662,0.39643323171471356
4270.0,0.990809215236,70.30288368874862,0.3651038869325929
4271.0,1.0200261703359021,70.50086245224391,0.34055982731100154
4272.0,1.094963905371353,70.53449033005485,0.32504089647201634
4273.0,1.1922650895755664,70.43005425929887,0.3098593449630122
4274.0,1.2725015854364943,69.92572404668007,0.29367792586594804
4275.0,1.2774587331078398,69.08197361369696,0.2729080392841202
4276.0,1.2703169003888892,68.02571591129454,0.2581399007800901
4277.0,1.2793914403174969,67.19670408381779,0.2646534728248324
4278.0,1.2822902621921535,66.4633514712341,0.2998108382350225
4279.0,1.30202225963161,65.32953751694747,0.3410581724834597
4280.0,1.312826520256416,64.13564475698234,0.36627473818444956
4281.0,1.2910409740032256,63.23484155634245,0.41002235522081426
4282.0,1.2547654378113966,62.73475762077232,0.47768865425205764
4283.0,1.2660236638892088,62.25168277749907,0.5253780215191225
4284.0,1.278803244477749,61.981272865962325,0.5329907282613796
4285.0,1.2648233394853223,61.83141281773619,0.5157756178950399
4286.0,1.223635674681649,61.57358223194896,0.4851781272063442
4287.0,1.1896118746648896,60.95171869139774,0.4227995210657295
4288.0,1.1798679141975625,60.08739821478208,0.34070456929692156
4289.0,1.1823086018020224,59.44122991004437,0.2886249265182976
4290.0,1.1941442622040466,59.421487024744884,0.2789724433536963
4291.0,1.223340386506896,59.71703246391695,0.2972763526533026
4292.0,1.2614668659461763,60.11863535512021,0.3242068169262244
4293.0,1.295719627656176,60.329599962188674,0.33965367198745955
4294.0,1.3194113414759423,60.02893479068964,0.33474808176267234
4295.0,1.2837670195654247,59.211688386042916,0.31161899122483355
4296.0,1.1966667641830226,58.76612185346974,0.2901288051323236
4297.0,1.0976635767452483,58.817390194025116,0.30618194623641004
4298.0,1.0382027960864166,58.96403025611168,0.36142579694526006
4299.0,1.0445771675975362,59.318464617584496,0.4278529062337156
4300.0,1.099013170280124,59.64640011444507,0.49133998685399055
4301.0,1.226552019353648,59.45577490098526,0.5474653874737214
4302.0,1.454628266873684,58.79596334196972,0.5670686090465764
4303.0,1.7017458965666288,58.11539127602853,0.5531853339544901
4304.0,1.8718238877598221,57.599311115240994,0.5162421637800036
4305.0,1.9475940494475532,56.838551572396,0.45062885439210265
4306.0,1.9342537654812302,55.35856928752259,0.3655083551400368
4307.0,1.8759974977175362,53.49947893782244,0.2773744106324408
4308.0,1.8554657808923294,52.39752554715453,0.2257992256208896
4309.0,1.931377100831204,52.35731596192709,0.19370144208486756
4310.0,2.0655804312740527,52.5728868630857,0.1817524769823844
4311.0,2.206237886281,52.527205966692875,0.16774617598215835
4312.0,2.2712830129879693,52.28850625205107,0.16170660668175998
4313.0,2.2912187868940177,51.94602029534874,0.16736006085928956
4314.0,2.300419628742365,51.354644592440245,0.1635444635678161
4315.0,2.291957732872116,50.79202769705265,0.1345030246019716
4316.0,2.229861952889173,50.72000233728932,0.10363445655976358
4317.0,2.1469849334572357,50.9796225624025,0.08819349134173211
4318.0,2.077656272931908,51.069865816620364,0.07986678992683689
4319.0,2.04701411473578,51.03809851277352,0.07772546436283692
4320.0,2.0651424208009153,50.834360610912476,0.09363338677823291
4321.0,2.0724565096884104,50.3825757208854,0.1281957780495844
4322.0,2.0242927413080163,49.86303016601088,0.1626802192980496
4323.0,1.918625091960025,49.470381505149675,0.19300375817892493
4324.0,1.8063158669361004,49.213205438026506,0.21897431057854816
4325.0,1.7297109266325625,48.68794687053651,0.23832198732422896
4326.0,1.6400005186875026,47.869620885283496,0.2522405778179364
4327.0,1.527279768275192,47.033401602821456,0.25999962128649634
4328.0,1.398090262891169,46.623699338394005,0.2654299786890608
4329.0,1.2881609413963682,46.7471668226124,0.2840042699786602
4330.0,1.192176581081192,46.96569685818444,0.3208799678327825
4331.0,1.0922386920530178,46.80434566613843,0.371340900943601
4332.0,1.0022051343158416,46.37836775772224,0.429301100707133
4333.0,0.9588831282166083,46.00789425013634,0.4949788596210757
4334.0,0.9988367584796041,45.68314623508173,0.5636460731765957
4335.0,1.077281642156804,45.2366261549277,0.654007642640612
4336.0,1.162515951612109,45.04036154264726,0.7392349578543076
4337.0,1.2753374397243922,45.37865032851271,0.8042234976463082
4338.0,1.3844107391170224,45.73430781427312,0.8290289335652679
4339.0,1.4611161372429768,45.82185324430913,0.8175517439170625
4340.0,1.4713884565843203,45.773122531082336,0.7864528162730624
4341.0,1.4394383347794024,45.899725419907625,0.7284422440973586
4342.0,1.4245454180079684,46.07496640529975,0.6620552236634175
4343.0,1.4594139408114437,46.002534820533924,0.6091333428530026
4344.0,1.5180044933655625,45.59908842752829,0.5670600846705665
4345.0,1.5563209709728838,45.20237831805796,0.5216630466800026
4346.0,1.5853285542448559,45.19534255387346,0.47536064866384103
4347.0,1.641239731815264,45.50206489391699,0.4491408436956841
4348.0,1.7674189827264726,45.77182517194884,0.44707550463270257
4349.0,1.9442566813926023,45.87439581263472,0.4539594638792196
4350.0,2.1187523790185105,45.8820293732837,0.4734772749799225
4351.0,2.181525780141188,46.158379609817224,0.4922536734067265
4352.0,2.0880013598669125,46.837450203409304,0.5129636540633362
4353.0,1.9425118565952577,47.89489121638225,0.5094828448656489
4354.0,1.8615704141905636,49.01824733848663,0.48670678796118755
4355.0,1.8552536177213026,50.099131266353055,0.454245414394836
4356.0,1.866439786593785,50.93110323600137,0.4387329041191055
4357.0,1.8376530409443848,51.46865923038922,0.4317030596524996
4358.0,1.7891938775605503,51.592386708934406,0.41084934802959605
4359.0,1.8551782411485183,51.09137192385149,0.41564028198288994
4360.0,1.9455758917145605,50.413248018317404,0.44504980154748097
4361.0,1.9360568796192121,50.181901031285506,0.45582912935841613
4362.0,1.845199810524942,50.38266359501113,0.4160771692353937
4363.0,1.8177956167573806,50.74584379484913,0.382889925961
4364.0,1.8603816167181249,51.14303514575136,0.38576025363792016
4365.0,1.9566660309812638,51.42859988448686,0.41659893821145755
4366.0,2.0558791652857127,51.31828105494841,0.4448745795768561
4367.0,2.0748902102323266,50.9102231050056,0.48437369804355196
4368.0,1.9911128159599207,50.41865811173408,0.543353899552685
4369.0,1.8387764090220098,49.82052127291332,0.5662252624739482
4370.0,1.676282192571449,49.151171095899755,0.5821708769815128
4371.0,1.5438327153634226,48.793075620136406,0.5992923834956531
4372.0,1.4477116089108546,48.72071465890806,0.6516588590652101
4373.0,1.3700275504926975,49.1628657885419,0.70579203706449
4374.0,1.2961033759199299,49.98292593409096,0.751172235465725
4375.0,1.25844565032553,51.060331357887485,0.7959047333261051
4376.0,1.2567643354461002,52.349742342056345,0.8506620262658283
4377.0,1.2615138814608224,53.50977450421076,0.9198520743748562
4378.0,1.2702987769531022,54.00707683196754,1.0343145065172517
4379.0,1.3078335853744703,53.772598760251654,1.193377021178921
4380.0,1.3089884243305023,53.76619931217283,1.3314200154480624
4381.0,1.203610264034393,54.205507292477094,1.3942790991523215
4382.0,1.032149891686928,54.98277252496309,1.3881628040543046
4383.0,0.882100396804,55.4986835796077,1.3581899079374027
4384.0,0.8019001551058884,55.87761979630356,1.3499104104066029
4385.0,0.8076852361116099,56.57753541441599,1.3528145902271367
4386.0,0.8412946563517456,57.679347941908574,1.3421537613849601
4387.0,0.8406400529280624,58.57486815701556,1.3099559941049483
4388.0,0.7614157164503045,59.16988622539262,1.2899526629622893
4389.0,0.6367976958156024,59.47774040406968,1.258447647138581
4390.0,0.5333796886991103,59.48482996085845,1.1954196455221506
4391.0,0.49035095882040963,59.44892378225636,1.1072908833852102
4392.0,0.5217863586117961,59.747442744608996,1.0350292643286545
4393.0,0.5877881789349024,60.356826493983355,1.00763210695744
4394.0,0.6696719267245224,60.65620363331392,1.00673650707876
4395.0,0.7130631226594224,60.650773503818435,0.9845624439014402
4396.0,0.7253555519524864,60.70358980762573,0.9767684367907216
4397.0,0.6880987021441226,61.23754593855852,0.9935425185619611
4398.0,0.62029265249956,61.961670940216955,0.9696139628364485
4399.0,0.5373209152939329,62.475048476797454,0.9358223037692283
4400.0,0.44478618122132635,62.69586625588275,0.9200532063715218
4401.0,0.3740093641253025,62.55432138045841,0.9812379589191936
4402.0,0.34062402359040156,61.919364677707954,1.0858848962051604
4403.0,0.35422748364421686,61.182769455177585,1.2163763884197025
4404.0,0.38670462355652413,60.592085773554594,1.3613376483140627
4405.0,0.41254092729638014,60.44891404560661,1.5139753094039616
4406.0,0.42750551638168366,60.5478143681307,1.666210412082353
4407.0,0.4611970338197121,60.59403663835412,1.7683638910264337
4408.0,0.50543369296996,60.5630082071533,1.802039719904533
4409.0,0.544285996009908,60.530242162416194,1.82299035297856
4410.0,0.5685503527589284,60.7226089613237,1.8337650680562723
4411.0,0.5703355737919225,60.904230599596396,1.8261411468344104
4412.0,0.55117349899236,61.01673826466375,1.8196646995922707
4413.0,0.5249595302636281,60.89545643555574,1.790931958639844
4414.0,0.5072326289110756,60.79566180500014,1.8070181443890625
4415.0,0.4858223546117764,60.72510288944494,1.8568254876667458
4416.0,0.46201578464580484,60.49538073836953,1.9037419072631718
4417.0,0.48111278289424364,60.23929472324916,1.885479186181351
4418.0,0.5442878699153424,59.89182506100557,1.8132279002134803
4419.0,0.5988754888606117,59.609807772240224,1.7158235225365812
4420.0,0.6324142919270399,59.321605318786084,1.6273743623765056
4421.0,0.6464372096939762,59.00456932756852,1.5627758121705027
4422.0,0.6588702993522275,58.58967632139343,1.4764397955127921
4423.0,0.6516156878416655,58.338163036405824,1.386258444423353
4424.0,0.6128149023425025,58.5021390012948,1.2389072384564102
4425.0,0.5371671676472721,59.32268869436952,1.0481549325195845
4426.0,0.46857353098097615,60.54167060650195,0.8600508210155626
4427.0,0.4524901622877321,61.617107010999135,0.7062037362893042
4428.0,0.49159003581643246,62.35771548304083,0.5790268072503723
4429.0,0.5417168437205055,62.9054489428239,0.49121626180596845
4430.0,0.5632719996999601,63.66059294602849,0.4205915240768783
4431.0,0.5734429347780226,64.6540677467211,0.3456673055336485
4432.0,0.6226149418838208,65.63244539933316,0.3103208014538024
4433.0,0.7142808044068224,66.53448414980929,0.309548055378385
4434.0,0.7729623254812175,67.5880722204601,0.3140288040822528
4435.0,0.7868026708802405,68.68493599441726,0.2965104596295075
4436.0,0.7852828243954225,69.71266471487388,0.28706811656726433
4437.0,0.8013356667161317,70.39885713255117,0.2996601167088399
4438.0,0.8371057797445225,70.61167113624002,0.3120517125604921
4439.0,0.8866553995589163,70.38373122375157,0.3036425247797825
4440.0,0.9628828646294026,70.00123884228049,0.2756995970466816
4441.0,1.0250364544999055,69.58243019845405,0.2690588399457925
4442.0,1.0372056532770437,69.36267064277621,0.26910260000099995
4443.0,1.01851388682596,69.95268323891207,0.2743867009580356
4444.0,1.0471516494663184,70.9926786536827,0.26452948557048994
4445.0,1.1146305289732095,72.03632371866225,0.2437919953838209
4446.0,1.1612168245972443,72.21023397326026,0.22537371900257636
4447.0,1.1936119681502502,71.62710548088482,0.20450774004910238
4448.0,1.2229432150818171,70.55977538417876,0.18050483849113208
4449.0,1.2603372520856049,69.51892951774552,0.1423075051926889
4450.0,1.3204837610588418,68.88282317692652,0.10146021419523998
4451.0,1.454390678873064,68.57675086701913,0.0630462182308036
4452.0,1.6268371643815724,68.41727965123381,0.0378064586117689
4453.0,1.7253948975986944,67.89010394930672,0.021444328002992407
4454.0,1.7390757942204529,67.34951554042601,0.010948644363492903
4455.0,1.7156117715300496,66.65647768037459,0.004606408842480902
4456.0,1.6797166747885457,66.06942995874816,0.0004759985064121009
4457.0,1.6364987790706944,65.74756694294028,0.0019844360999400996
4458.0,1.61195871177401,65.54169606837841,0.019939416849
4459.0,1.6359295847392368,65.26500025790294,0.058584426580839996
4460.0,1.6716176644430911,64.88531924538061,0.10685101164533287
4461.0,1.679801825619456,64.4757295866518,0.14219673234763242
4462.0,1.6613218039106528,63.791077501249,0.1677488627608336
4463.0,1.6385425182991487,63.0602520734571,0.19144429689051037
4464.0,1.6424808227038863,62.34839615753201,0.2121813143038449
4465.0,1.702263461053076,61.993344689017555,0.25369869003571205
4466.0,1.7663358918744898,62.17220610447446,0.3256583710255225
4467.0,1.7445611401130898,62.931713154991215,0.4418103367504224
4468.0,1.611313195275014,63.73425627252158,0.5446150707841602
4469.0,1.4367516100201474,64.34908720914537,0.5939948443665722
4470.0,1.2986858580090204,64.71800738935009,0.589771331735804
4471.0,1.1816807897240162,64.75924362293635,0.574427067879509
4472.0,1.109208733760244,64.68743370964502,0.5694304265256995
4473.0,1.0947996677655625,64.68899467536066,0.5801444640856227
4474.0,1.1543930774894595,65.11907649539106,0.6304207394123522
4475.0,1.1952712165971602,66.04742504113575,0.69753882830641
4476.0,1.1240323943915238,67.20298389980962,0.7989636750413822
4477.0,0.9968227876866169,68.21479693988702,0.9003118249566168
4478.0,0.8769932171143056,69.02868005483401,0.9477688775110082
4479.0,0.7872320288853409,69.56040825989382,0.9240022161501158
4480.0,0.7103976733448463,69.8561777071207,0.9210427274682842
4481.0,0.6536318417945001,70.17980436470481,0.9496834612503617
4482.0,0.6318794915759104,70.96542408092876,0.9667475452469042
4483.0,0.6419935340001002,72.01626526420486,0.9717841125550323
4484.0,0.6722141680414223,73.14827839261581,0.97696856125584
4485.0,0.7426764197112976,74.2727698632213,1.0048033742894162
4486.0,0.8496798985554889,75.10407382706364,1.049134379596212
4487.0,0.9500284326237605,75.78685779055385,1.112148319998425
4488.0,0.9572176210575002,76.2030612583548,1.132568018310804
4489.0,0.9002675902234623,76.26446967214056,1.1227085684791251
4490.0,0.8502421487947776,76.04657330122345,1.140812039829281
4491.0,0.8476009152779537,75.90644974779418,1.2435528316089997
4492.0,0.9001669038019876,75.8478323341692,1.400786649445789
4493.0,0.9938119028713225,75.27408861435137,1.507863830314145
4494.0,1.1420406289422598,74.36459633720172,1.5318289596658083
4495.0,1.3010442110055627,73.39080772482912,1.5649323959118564
4496.0,1.3957743402695235,72.82753881597756,1.6016895977631374
4497.0,1.418448581165232,72.32793931783057,1.614757503092588
4498.0,1.46253854854116,71.93171334541844,1.620465656139014
4499.0,1.5686906697853926,71.64665394412062,1.687903308716489
4500.0,1.674380901933264,71.64000799344906,1.78783159644324
4501.0,1.7139718839725002,71.78926541165534,1.876685601123062
4502.0,1.68852664126224,71.76961566472329,1.9391176597362023
4503.0,1.6483905822032896,71.32405468854186,1.9554908164488225
4504.0,1.6470407642971396,71.01756685884625,1.9231373843118438
4505.0,1.7427427944584253,71.17307831101526,1.9240345087004038
4506.0,1.869809315002284,71.79930202818176,1.9566629815792898
4507.0,1.9835025359765623,72.37656138636873,1.9143114369518734
4508.0,2.002689797871493,72.53560936198463,1.8266486402516353
4509.0,1.9779448989446045,72.18854651314187,1.7647235814724198
4510.0,1.914934101474874,71.56704114779792,1.730118210714576
4511.0,1.8286785346706882,70.9441827916555,1.7003488707425474
4512.0,1.7423511603422497,70.37188742418164,1.681944967101204
4513.0,1.7061411720796922,69.78983528560597,1.6903216353016897
4514.0,1.749712324646286,68.85026217814575,1.6924994454633409
4515.0,1.8461515336639285,67.81295594708058,1.600249768795844
4516.0,2.033815829996722,67.13700138970151,1.4681068939342516
4517.0,2.198107474670528,66.89176312423271,1.399724568872193
4518.0,2.2767219928714812,66.80969193594976,1.314246006064376
4519.0,2.22722946418587,66.7040735097482,1.1380650350177162
4520.0,2.1574162116679934,66.67059522799272,0.9270765214444969
4521.0,2.0878320102595684,66.74125898108717,0.7649464304198658
4522.0,2.044348743556418,66.87156349251225,0.6558981635251598
4523.0,1.9710297778383423,67.05468011011467,0.5783585312712768
4524.0,1.8338559337083966,67.23468978484645,0.5347832797538885
4525.0,1.6785454672750861,67.137948422874,0.5167011572997183
4526.0,1.6481360466821997,66.59270085810331,0.5109587257816127
4527.0,1.773461139059232,65.94887404465527,0.47689580567154477
4528.0,1.958255260453028,65.47875077296635,0.4202458895640624
4529.0,2.0892070327401027,65.04555137666176,0.36778657540681
4530.0,2.1721914642574967,64.57182408207983,0.31702049407123295
4531.0,2.283544976061284,64.23103420765317,0.2717594764608025
4532.0,2.3688787694494127,63.93133282856111,0.26583776061348485
4533.0,2.3966059623921008,63.59325248566582,0.32120355620813285
4534.0,2.4454318455682755,63.20250651900016,0.41691919197183996
4535.0,2.5773853849555874,62.87938321999963,0.5208374664664899
4536.0,2.678911509787325,62.61322170967881,0.6116995246733282
4537.0,2.5781198223040516,62.585161134503416,0.67998841391881
4538.0,2.365210937221093,62.78192546316133,0.730795176966048
4539.0,2.2690340154863162,62.93658947583123,0.7701991892346048
4540.0,2.283135354522563,62.73452396542539,0.82705674078756
4541.0,2.2919465298681123,62.24144927119799,0.9039565191850385
4542.0,2.2306617017292,62.10661980193662,0.9969541029112919
4543.0,2.14843302961156,62.02520121215185,1.1014893757074498
4544.0,2.138683166067113,61.89991274602807,1.2532697267220902
4545.0,2.2028774539957965,61.766212315758835,1.4583934759465365
4546.0,2.271557279256077,61.43844053686328,1.6080095644738486
4547.0,2.29278710370304,61.14719120892231,1.6979428207368221
4548.0,2.3255902606297316,61.0567108089116,1.7540023031317502
4549.0,2.3842804788434027,60.593370155514435,1.7878009235420929
4550.0,2.461366851597872,59.74247855923776,1.8668205322352882
4551.0,2.492548214511972,58.85201243983264,1.9482471715140621
4552.0,2.4691316772514678,58.20521188451003,2.013842085328921
4553.0,2.432871066592322,57.7769366253748,2.106687101566472
4554.0,2.432901388544644,57.47208621287994,2.2701754459788197
4555.0,2.474137821272993,57.54194513292213,2.513926278228828
4556.0,2.4514610500244927,57.85662117331599,2.829951234421892
4557.0,2.37860757964772,58.281109800747046,3.1723492698809994
4558.0,2.3216713807421123,58.34049278483464,3.4946695205883898
4559.0,2.303383603883648,58.29558393346408,3.7931108201364605
4560.0,2.2743978532922764,58.05127437745491,4.002284206006741
4561.0,2.2259491771607105,57.58361437818197,4.062488079659791
4562.0,2.152051210245894,56.831046310041614,4.05978372699025
4563.0,2.084001545786837,55.82028857489553,4.060258005767077
4564.0,2.09599749344624,54.81132480464373,4.081821476577313
4565.0,2.19711783091684,54.079944340617416,4.094227889374023
4566.0,2.36104029668329,53.530896271975706,4.090576916455201
4567.0,2.5566448120653456,53.266533375991955,4.100395732704693
4568.0,2.7685201817131846,53.40472073126328,4.08810177005403
4569.0,2.995290125997423,53.85509428515313,3.9991606040412195
4570.0,3.1908617952127227,54.32457877956806,3.8564204984844097
4571.0,3.274172923071056,54.23862698064387,3.74745404988964
4572.0,3.255358694336788,53.66304079321819,3.6586585068992403
4573.0,3.241660964816142,52.89063890673641,3.5842204390140617
4574.0,3.301973975108903,52.58420845094913,3.537464236666448
4575.0,3.443316603205057,52.96925270460463,3.5722528648353933
4576.0,3.6586670760780624,53.840954165724206,3.6766798111370202
4577.0,3.874989612210449,55.00853894044369,3.8437329719904025
4578.0,4.085361940766509,56.07344910214408,4.065039294056948
4579.0,4.275037081321039,56.742328438045156,4.219711633868069
4580.0,4.475235829529102,56.777826198789064,4.25994615491769
4581.0,4.599636732036377,56.75890395905829,4.256005226357089
4582.0,4.610658083882488,56.642221248859066,4.30357298655003
4583.0,4.503999137592308,56.636552429134085,4.424681076184909
4584.0,4.333805595171126,56.62060202339574,4.54901721511995
4585.0,4.217547941522303,56.41360213580323,4.734780379620504
4586.0,4.195433507072549,56.18008903592234,4.994055939908403
4587.0,4.2466336447757165,56.187095146598736,5.303852757090252
4588.0,4.26877003644004,56.114250400993605,5.6138877547619375
4589.0,4.280915100506818,55.77092945516007,5.919563596015011
4590.0,4.204607664195999,55.679130356314296,6.165538196398034
4591.0,4.053272682261775,56.409446431982616,6.32534974461504
4592.0,3.8984510649841937,57.74686065132568,6.460407151635611
4593.0,3.8135195830957795,59.156798215427756,6.601450790828901
4594.0,3.820052815879891,60.40696879575169,6.799172962200866
4595.0,3.8663097742094283,61.258624172091665,6.968893712294413
4596.0,3.938933902981058,61.66762723284138,7.049670657684129
4597.0,3.979622858058624,61.58133331361116,6.838909310319106
4598.0,4.055673867163938,61.281328346157515,6.493092578984468
4599.0,4.280324327996581,61.17159350619896,6.368897044876064
4600.0,4.564405142874922,61.35017668272232,6.307667009207886
4601.0,4.636398571608041,61.382972078963405,6.2671901538283485
4602.0,0.14178061692902888,45.303028543181,1.012345086916032
4603.0,0.16929159624036,45.436975554092434,0.974378393430845
4604.0,0.17659914457374007,45.37108934015838,0.9389945858403289
4605.0,0.1597441263808009,44.770637212264965,0.8704331888346081
4606.0,0.1300569757208569,43.91324155529075,0.822745562053433
4607.0,0.10780938832356,42.88655838816203,0.7880644286178047
4608.0,0.0810775794515625,41.73555038348306,0.7909765244533321
4609.0,0.0563674729167225,40.85947014348003,0.8537479106310399
4610.0,0.03795582988495359,40.348670181877296,0.996607022966285
4611.0,0.027823674498490006,39.93004611378896,1.1159692551186915
4612.0,0.01535571781287611,39.429130762303046,1.1441501812081936
4613.0,0.0034040328379280954,38.7087156934971,1.093462995982596
4614.0,5.121893185600189e-06,37.80743744393907,1.0705658478295101
4615.0,0.0004592414712063996,37.13591873678407,1.1201488772971395
4616.0,9.575483599360067e-05,36.7017561008586,1.1703642842757378
4617.0,0.00042888587539360065,36.0047407560645,1.1350531247032385
4618.0,0.0030071744380441045,34.84524973724198,1.0003962392436099
4619.0,0.007168402675616403,33.41937793088318,0.8598620520190009
4620.0,0.008827842683560011,31.978019096510323,0.7684991097574562
4621.0,0.008927445460225591,30.75836778891529,0.7619839666806247
4622.0,0.01114482854066491,30.02981232767511,0.8378712976796099
4623.0,0.02001371562962559,29.68780927094224,0.9799270150335171
4624.0,0.03711839193059561,29.55746528354573,1.1574618293160002
4625.0,0.0575828316794929,29.62162578731858,1.342110665025
4626.0,0.08186262868293155,29.92045561884998,1.4571812577620165
4627.0,0.1097067678928144,30.45145797355896,1.5112002241021452
4628.0,0.14615579789875832,30.958338145753498,1.4749450320709223
4629.0,0.18669843238009962,31.476153579916016,1.341954759295844
4630.0,0.21585825204603032,31.833629808474015,1.1815622823495484
4631.0,0.21077942109184006,31.74052351532204,1.1345786927692816
4632.0,0.18567383616727695,31.281218228623025,1.2393693804073023
4633.0,0.16487505139264816,30.602960050113413,1.3969586903702047
4634.0,0.16959907286784634,29.83445229371929,1.4760669813289005
4635.0,0.20734117272423616,29.04246369480024,1.4558600555268677
4636.0,0.27709990784784005,28.386215359856834,1.4405653514790915
4637.0,0.3900361470859875,27.930140951318553,1.4370034325506083
4638.0,0.5370330229156369,27.521972833479325,1.4690193873672097
4639.0,0.6858036363080645,27.231617987963595,1.485402579813065
4640.0,0.7858755658042131,27.151425962637123,1.4587793423283844
4641.0,0.8287830047750401,27.163246999303837,1.4202210841034841
4642.0,0.8076314040939226,27.195919401858493,1.4426658086328576
4643.0,0.7685196232893001,27.310784076420084,1.5210376957747447
4644.0,0.7589268194356834,27.829520090801257,1.5745230399999999
4645.0,0.809617347203012,28.85019088488452,1.5845899776728
4646.0,0.9284408396253224,29.90079281479983,1.5544684974162275
4647.0,1.0567792506453362,30.60528828948162,1.5171518459507525
4648.0,1.1743919270503227,30.939405006110412,1.4463173775340095
4649.0,1.2755815401189317,31.11191988519212,1.30388034262564
4650.0,1.3574257835252688,31.313540132342066,1.0804210446436417
4651.0,1.37770103477601,31.644814301159418,0.8616290149152676
4652.0,1.2708825337697476,31.952649752502897,0.7145180073713888
4653.0,1.0519494096222226,32.2402730384105,0.628150450081925
4654.0,0.8223015287190651,32.51901525714184,0.5348730857860323
4655.0,0.6349362958752099,32.882027901796086,0.4137570029010916
4656.0,0.5154480240394681,33.54808449973689,0.32230169509676404
4657.0,0.4397141161549249,34.61230333690839,0.2752108781697024
4658.0,0.3818214930390435,35.660397581439916,0.23094888972081637
4659.0,0.3486528723517226,36.430127289621,0.1639586596092481
4660.0,0.3545323477379161,37.19228087793055,0.10714842481291559
4661.0,0.4095440147131875,37.918496899008105,0.08755583353272249
4662.0,0.4800783985536099,38.34477645308545,0.08610140551276808
4663.0,0.5024616593320899,38.28207963931191,0.07966295692891291
4664.0,0.4856037691196177,37.91165379868088,0.0630011556200961
4665.0,0.46439124794025644,37.35745175975455,0.041394396834576894
4666.0,0.4396648882887361,36.72573351458656,0.0211354868726401
4667.0,0.41943469408332834,36.010805490702154,0.0043849043103321
4668.0,0.42483931617306014,35.26525313163471,0.0010854435284448996
4669.0,0.4614342927392025,34.843390911580485,0.013577527963022501
4670.0,0.5304321932762177,34.81755406177922,0.027309462908062493
4671.0,0.6299334029302335,34.95218716492476,0.03908722352991211
4672.0,0.7413529090033608,34.91924454456058,0.05668880521669211
4673.0,0.82078598956176,34.58561630392462,0.08286791057833691
4674.0,0.798788222375221,34.03221553356769,0.10774688080323999
4675.0,0.712581135565944,33.39785048334828,0.11929242154002252
4676.0,0.6666699474719879,32.921919080182505,0.1388002531880836
4677.0,0.6925145648851602,32.71425095794404,0.17428986768494442
4678.0,0.759428536016881,32.47396810618599,0.20731300589630441
4679.0,0.8142118991483482,31.957306250458014,0.20304131527312363
4680.0,0.8493494169624027,31.470066744440693,0.1752369944697124
4681.0,0.8968669005145247,31.11022325129137,0.15817481108128087
4682.0,0.9688652902212027,30.551862451496174,0.15498247791385955
4683.0,1.0663327507765321,29.812827529836007,0.17149505966894438
4684.0,1.166762281726644,29.264894121793688,0.18847201737964964
4685.0,1.2564945119893158,29.124776615319007,0.19235436370012837
4686.0,1.2970519365923345,29.1386883673338,0.20069209233662405
4687.0,1.3010392606619663,28.941212007387765,0.2235267530875456
4688.0,1.280632152527036,28.38005347804143,0.2622572871167845
4689.0,1.2885179601539025,27.788041086672596,0.3126068100207504
4690.0,1.3614333479586576,27.43567906412425,0.3420026542266049
4691.0,1.5169786700513346,27.135584922897564,0.32306395228512247
4692.0,1.7391040153758655,26.84454567692318,0.26839838995523996
4693.0,1.9577389804439076,26.780446980295846,0.20888877917399037
4694.0,2.1423954125439115,26.974492786640713,0.14373768400390094
4695.0,2.26904055296891,27.223327428676576,0.09043950125319208
4696.0,2.39845112330809,27.47498498378713,0.06663399315007211
4697.0,2.511070460178062,27.812757914338853,0.045546645155560006
4698.0,2.65340936125521,28.014662321966412,0.032995785192656404
4699.0,2.8694154454380096,27.945229996821535,0.0279053750829604
4700.0,3.0812787591632653,27.613347314181738,0.0247900238543104
4701.0,3.186412891869917,27.272855338282962,0.0207407493919201
4702.0,3.19906026930889,26.869791690319676,0.0126400214556225
4703.0,3.2129933335580025,26.344761731410525,0.0046320642329329
4704.0,3.2078144667083075,25.960158446072118,0.0009121505353489008
4705.0,3.19929314818624,25.902183111063188,0.00013568918304489994
4706.0,3.2119903028229704,26.03221799668217,6.810788256250006e-05
4707.0,3.2985586114990344,26.059311381770264,0.0002657063002499999
4708.0,3.4319795910336786,25.84531526770944,0.0021449458398736005
4709.0,3.599397208715907,25.641170408085873,0.014022763515062497
4710.0,3.7767290115438716,25.577220011682613,0.0391286497207369
4711.0,3.8210637087520567,25.51921227807245,0.06607124779315839
4712.0,3.670053847123172,25.31156542794841,0.07583808789286561
4713.0,3.4334872589791225,24.951870886439952,0.0690547158853696
4714.0,3.2349896584992894,24.625495639668063,0.05954151452768999
4715.0,3.1039263788733225,24.349411737541534,0.04853796778195561
4716.0,3.069814882751239,24.028652727294823,0.03024170387801641
4717.0,3.074472333144329,23.524530447814865,0.013936324285884098
4718.0,3.077189011522585,23.157969020392564,0.006231240998004101
4719.0,3.062171568805946,23.103023455635412,0.003662313340702502
4720.0,3.015112916104803,23.214608449531408,0.0016667590099215996
4721.0,2.9533508945691915,23.239041374169435,0.0006449974502399998
4722.0,2.860364751052464,23.251775039449118,0.0013290968079683995
4723.0,2.770863763241969,23.25167329516123,0.005798929110490002
4724.0,2.7197993560732168,23.195976725914832,0.015112640504910397
4725.0,2.697746824677248,23.085894127768626,0.02700109197760811
4726.0,2.6834668499790655,22.943810110115667,0.045463356889104405
4727.0,2.6464697806467603,22.898959039213064,0.07328890149179292
4728.0,2.618326056075578,22.815197762760494,0.11073350359027363
4729.0,2.620674804468026,22.903885372924154,0.16265131749828093
4730.0,2.6799738253537533,23.2112310463926,0.22103696042266235
4731.0,2.7414859086097563,23.680547897166345,0.27943205265368887
4732.0,2.7709720958941637,24.080367167629507,0.32536486436221695
4733.0,2.7534812182396555,24.09201065133769,0.34415806997101694
4734.0,2.7116238540608095,23.775714200562703,0.32129947983912244
4735.0,2.708712741664227,23.468189172653243,0.2818954359318277
4736.0,2.786203435137003,23.4143817393969,0.2720852440327681
4737.0,2.9265274381747375,23.4785314538622,0.3163006888059457
4738.0,3.0479272423093327,23.503118544002255,0.38630299661452827
4739.0,3.073334155040708,23.646393095137604,0.44948288809452236
4740.0,2.984839309726562,23.953992967412354,0.4829327640036495
4741.0,2.8455777306690404,24.4180867233026,0.504643452590412
4742.0,2.6650995767260928,24.759952710162523,0.524234370504896
4743.0,2.4643043465898837,24.823742965411338,0.5298775717436099
4744.0,2.2316888377801156,24.5713470567434,0.5317527369418884
4745.0,2.0389778305713957,24.258140558218948,0.5561021066640517
4746.0,1.9659311002072224,24.065702836011646,0.6227463114432729
4747.0,1.9622328795756736,23.900824696078185,0.6939548252210402
4748.0,1.9617476734134407,23.87014021841006,0.7353316493693363
4749.0,1.9111742788281527,23.875661876019844,0.7653390067126338
4750.0,1.8890556807898087,23.81418742767437,0.7805179687037186
4751.0,1.89254185061386,23.73738803237724,0.7873441294267397
4752.0,1.937819461678105,23.668435363067427,0.7932391464672678
4753.0,1.96619714682071,23.51474946554483,0.8025559301856197
4754.0,1.9876116341947767,23.197321241420063,0.8203707262313764
4755.0,2.01088225191364,22.937652729782844,0.8554873655353602
4756.0,2.0657942078264093,22.724433631010132,0.9281726627191523
4757.0,2.1868148362168904,22.52413138580187,0.9830545617195665
4758.0,2.3204199796245497,22.51338012834329,1.036331064932041
4759.0,2.478745310217986,22.524071017237738,1.0944920274628729
4760.0,2.545891109284615,22.08670138115187,1.1058067838393106
4761.0,2.481579006206009,21.34328252902648,1.01609464343104
4762.0,2.388203115128688,20.54625915929939,0.8772780235460642
4763.0,2.3883225436824196,19.698280537350254,0.7937800529092227
4764.0,2.4819135802973604,18.880321135745724,0.7719150287103027
4765.0,2.5724602130210283,18.381356731717407,0.7499251533971961
4766.0,2.643641340887066,18.17594969074078,0.6802755913550039
4767.0,2.6856979866666046,18.210853911621644,0.6117652551499778
4768.0,2.716821255354193,18.37781743871835,0.5911825131899237
4769.0,2.7280432547723668,18.49534313595156,0.603840442482324
4770.0,2.748877320443299,18.505339043944897,0.6294368137398916
4771.0,2.7252696020216836,18.52005871449869,0.6565091947815024
4772.0,2.7334383869725962,18.710943484491338,0.6245979889006145
4773.0,2.7330157177359196,18.863606440882624,0.6055269315303322
4774.0,2.740005675264063,18.80974100581323,0.6203356869777665
4775.0,3.5028044346733638,35.97291101784147,1.0161680484235922
4776.0,3.208668776712548,36.21029096555161,0.966242426021216
4777.0,3.0413295139046395,36.43453894372076,0.8780264202988094
4778.0,2.96250052391056,36.81206643279883,0.7985959169269635
4779.0,2.947577939930369,37.3508227758708,0.7316837548405226
4780.0,2.9648360214008065,37.74661708701556,0.6661896225793599
4781.0,2.968793406089316,37.61566618252222,0.5996125794969025
4782.0,3.0192659927163903,37.42486140383734,0.5682913000469603
4783.0,3.1469468541249603,37.41278968806424,0.56872548049321
4784.0,3.268874088647785,37.57998431148747,0.5590822374327203
4785.0,3.2723608473229038,37.73437048314187,0.5162504840428328
4786.0,3.1443353766462128,37.93804957083415,0.4570883310622863
4787.0,2.9876651658455047,38.08983916931943,0.3865434304628689
4788.0,2.8845444211165154,38.29223730488995,0.32974041446887836
4789.0,2.8321734462890618,38.93121611768341,0.2912230291127056
4790.0,2.7638945792623204,39.83715218482385,0.2631325064452249
4791.0,2.6757384547307717,40.42677730739437,0.2502163367813641
4792.0,2.6215611349295456,40.5481819886408,0.23089872078940837
4793.0,2.632869345569372,40.267709742921234,0.21212250495840806
4794.0,2.6775581638386683,39.87659876103905,0.1898972098376809
4795.0,2.721320344813401,39.78206369119181,0.1699472179869025
4796.0,2.754427766293734,39.667802786397324,0.15112680352509608
4797.0,2.729051532732174,39.62592665601082,0.1370447378358916
4798.0,2.580567481553671,39.65769198742962,0.1568721657482281
4799.0,2.373585752696268,39.813269384310495,0.1956876337194025
4800.0,2.16581108779686,39.92296924849101,0.23615900712856358
4801.0,1.994702722026303,39.83147466311379,0.24362939015335838
4802.0,1.8911787255377952,39.64607281091256,0.2495602035912001
4803.0,1.9265789222382559,39.40210894776241,0.2697577450251264
4804.0,2.039481063378081,39.1905929631449,0.2957933042455689
4805.0,2.1209748667620243,39.1108901019774,0.3251556952880625
4806.0,2.1230934042141767,39.237261906000626,0.3550264019464464
4807.0,2.0662151244195903,39.55171193427043,0.38506310292232093
4808.0,2.0113023870674454,39.99124766947322,0.3985577201319184
4809.0,1.9588881937122364,40.5675087428491,0.4044881772378225
4810.0,1.928238426405063,41.1589067503014,0.4371294249303696
4811.0,1.9436380782765237,41.65246585762307,0.489463205095261
4812.0,2.0246780759539487,41.89776459698503,0.5187180871791396
4813.0,2.0563254559134228,41.74061528764111,0.5282968362408962
4814.0,2.017687889980628,41.307717500748325,0.5114108882948003
4815.0,1.929512825667902,40.656320490114815,0.4837994846044416
4816.0,1.8474748763735105,39.9597341010443,0.46534966024377644
4817.0,1.7471884702100051,39.46819505649294,0.47106682346388623
4818.0,1.6306890046052351,39.214773985603806,0.5196912014131321
4819.0,1.5387220574295695,38.980696872113384,0.6277428553550627
4820.0,1.4958664438973164,38.80412790810048,0.7714794691881215
4821.0,1.439766801442009,39.057800891330885,0.901521974111712
4822.0,1.3542142611386943,39.8115768680649,0.9956099487425536
4823.0,1.2569178125623715,40.73241250744941,1.053083217734465
4824.0,1.1639357493309315,41.153626304529006,1.0962447867520682
4825.0,1.1240890948132627,40.88410968082762,1.108037895849764
4826.0,1.1385615998373602,40.02172526256167,1.097918223161765
4827.0,1.1777086992754946,39.0374766337648,1.083689473756565
4828.0,1.1698858164787598,38.34556114737332,1.0728975292308292
4829.0,1.0979177411664898,37.83219781855879,1.0740458426809487
4830.0,0.9958890536766082,37.46492163082621,1.0556163913321637
4831.0,0.9095148121932197,37.38226160871225,1.01879670854116
4832.0,0.8775662299035023,37.69388105250444,1.0194286019097047
4833.0,0.8940988804467205,38.05643071083151,1.0365411507742226
4834.0,0.9200451491592258,38.250502710152844,0.984354498875888
4835.0,0.9256003316015625,38.25053190193808,0.8827934009611395
4836.0,0.9230840273416643,38.20067225428218,0.8118327695708167
4837.0,0.9147190551774915,38.316038347624804,0.8160965807268096
4838.0,0.8725341228916225,38.91814436371754,0.8885600645279298
4839.0,0.8069574425256099,39.727154373116726,1.0092771571807369
4840.0,0.7418644766718026,39.877083233357375,1.161746200911756
4841.0,0.7022253127243223,39.36080647595395,1.3617807979092496
4842.0,0.6792300464791398,38.82971459711844,1.5974885843322024
4843.0,0.6819257218494438,38.64184077106307,1.807034759403605
4844.0,0.70867236119824,38.6932648149201,1.96180025319184
4845.0,0.72688378959504,38.861133182061636,2.04588710509401
4846.0,0.7315088390324099,39.08707561413375,2.058812228587069
4847.0,0.745942676012873,39.62093142247536,2.0360639005685517
4848.0,0.79086960817225,40.4443588937852,1.994649703155662
4849.0,0.8457661099284848,41.21390394179136,1.9276801621810085
4850.0,0.8950939136016409,41.48841641425206,1.8725800290324512
4851.0,0.9723211077046334,41.15649172708951,1.8777474132293772
4852.0,1.102679746325648,40.6899824769,1.9431353545032097
4853.0,1.218729359619778,40.506371712453024,2.034898569631664
4854.0,1.2259476213705363,40.634866029032885,2.054482303729971
4855.0,1.1691948329851967,40.75510628523021,2.0282004311669604
4856.0,1.1740723458635163,40.9342558224541,1.9976117322893445
4857.0,1.2437141540056489,41.23333307641145,1.934602754364
4858.0,1.2710034319708943,41.554560648319296,1.8998923337442724
4859.0,1.2006100980246024,41.63191835981041,1.8688500634103877
4860.0,1.0852072890998088,41.55772557553412,1.7711616426490011
4861.0,1.01472601836321,41.22806468119056,1.6358271100894846
4862.0,1.0355128942103717,40.58802558531317,1.6149115702047239
4863.0,1.14594070439044,39.7741321492039,1.7212657007304255
4864.0,1.3112143440359825,38.8647951681486,1.8483342742157765
4865.0,1.4565955893008002,38.28361409303014,1.9258559465644944
4866.0,1.5272962543133586,38.205074995445166,1.9764446170938557
4867.0,1.5389436101955558,38.352767186113205,2.01001367310524
4868.0,1.5630919560552974,38.20354916274988,1.9685024409088898
4869.0,1.5771624625946636,37.745162119793726,1.9182666056256004
4870.0,1.5330993702192104,37.29531818817471,1.9049274449153877
4871.0,1.388987480232797,37.23592158286293,1.8814462450604037
4872.0,1.3148708943552398,37.34596414375411,1.80313335172016
4873.0,1.4120560344241297,37.34445861984678,1.6986225864038655
4874.0,1.6176880191373224,37.26494454591396,1.593736372526598
4875.0,1.7918908678494783,37.279213842044605,1.4883488824389022
4876.0,1.8394654647341027,37.323280613737495,1.3495500962939044
4877.0,1.751783384834212,37.273468383144014,1.1916065629097288
4878.0,1.6153909992469089,37.339169238027544,1.0405565146859586
4879.0,1.6012320224801209,37.61820903412489,0.893262947948292
4880.0,1.6911357927680333,38.059565485677126,0.7942818402045082
4881.0,1.8330292881705745,38.379352476078985,0.7569551242036225
4882.0,1.910532432488412,38.7009937879108,0.7871994135099082
4883.0,1.8335026942727233,39.02815155414231,0.8672182930197136
4884.0,1.6743474398110088,39.41569026856589,0.9771213172205809
4885.0,1.5694045107567371,39.84894300038769,1.0693993760885825
4886.0,1.5352805873473598,40.05883162816572,1.1227363084399504
4887.0,1.502368607689561,39.87401213786256,1.10864600159076
4888.0,1.4633535977537409,39.44600682836347,1.0212532407555626
4889.0,1.4316182803663502,39.09591851944787,0.9626977478934244
4890.0,1.4427680969939523,38.92117405909835,0.8790346734408803
4891.0,1.477104280592004,38.964157224366865,0.7427623595730245
4892.0,1.5644513338524837,38.90521826481876,0.55556138052801
4893.0,1.7238627011586307,38.830826402426105,0.373356524385065
4894.0,1.9292652181632068,38.598713360956246,0.28714021664371564
4895.0,2.0415077605958283,38.00616487399257,0.2970790773611521
4896.0,2.021172373251536,37.12283879176711,0.35144228686746243
4897.0,2.0108943904896064,36.58748314155262,0.41231660468294556
4898.0,2.114712967295773,36.91845359862918,0.4741148185152017
4899.0,2.3393431473385,37.56177770834429,0.49366591306177704
4900.0,2.5800605862948895,37.95897540086222,0.46210674890923575
4901.0,2.8293294768507664,37.727465520071945,0.4231280942600209
4902.0,3.069654673849,37.54641066315876,0.394021438485013
4903.0,3.314786012722944,37.4805588754715,0.33529704954256
4904.0,3.4724422874079406,37.40271290197255,0.28806206807593954
4905.0,3.466940287375623,37.18153296466912,0.31171834147545646
4906.0,3.3864679468205057,36.966415078401546,0.40391490484899994
4907.0,3.381185918088017,37.13870980675599,0.4997091793192321
4908.0,3.48375744542137,37.81383034986991,0.5724755192300542
4909.0,3.5528160044700803,38.860297099935735,0.6314859936684649
4910.0,3.52177588802583,39.84348190307943,0.6510528169368336
4911.0,3.415846012300563,40.57060859488783,0.6735506402357161
4912.0,3.3022948523286275,40.86583900984351,0.7233054123348495
4913.0,3.1481484033829727,41.12477184051362,0.7888674960513368
4914.0,2.9623136742967824,41.08790987961992,0.8423370523482083
4915.0,2.814623805178083,40.378736779344905,0.9355326155014225
4916.0,2.675951730472322,39.416930974561204,1.0226363109732324
4917.0,2.457076752942772,39.09974887563264,1.0068416622249998
4918.0,2.122616119507207,39.500676949900964,0.9172276367088004
4919.0,1.8093965349743726,40.09678077571957,0.8054856973811025
4920.0,1.536447189759905,40.3641497316114,0.6805792297695076
4921.0,1.3094038150905856,40.24488729719707,0.541393296060149
4922.0,1.1627991473917225,40.145809149512644,0.43083844577412245
4923.0,1.061058976155209,40.57064732149446,0.34597982820025003
4924.0,0.9660635719292089,41.31129233556866,0.2998934034850576
4925.0,0.8969413576032143,41.63380941553315,0.2869602941255625
4926.0,0.8374526674753601,41.47430299337898,0.28261601801361635
4927.0,0.7939823099319225,41.27726029606543,0.2633242669547161
4928.0,0.7524866434096144,41.364385195225005,0.2216646267300529
4929.0,0.6923882798256386,41.71681294893205,0.17493480242432644
4930.0,0.6077403924782436,41.75870784752289,0.1506276256100625
4931.0,0.5488477727916122,41.4495405591207,0.1670740446094864
4932.0,0.5251965398498024,41.07957950057292,0.20527739963874006
4933.0,0.5106935214054975,40.97731587768907,0.2544157585967449
4934.0,0.5224908420126784,41.046562549838356,0.3106956183965929
4935.0,0.5412381134418768,40.8591654945945,0.35672160995829755
4936.0,0.540590636146716,40.51961851282493,0.3583987046288099
4937.0,0.49663367515620815,40.68851228822266,0.32823285763921006
4938.0,0.4018099650264324,41.14928377505556,0.29807802144964846
4939.0,0.31727690061662445,41.08331353600516,0.2911386662109289
4940.0,0.26861561995158806,40.43325403491334,0.3293601999367744
4941.0,0.23833195611165162,39.71904012002892,0.4038916570205841
4942.0,0.23641728872631212,39.70044646529074,0.45459584231807276
4943.0,0.26967653016913207,40.52672247002403,0.41307314907682896
4944.0,0.29895406480628645,41.73045632943579,0.31393702009868885
4945.0,0.2843610123411121,42.676540609475694,0.21811594673232249
4946.0,0.24728878084033204,43.319184272707204,0.16315591457089687
4947.0,0.24702914879087284,43.862807191618046,0.13419949322960012
4948.0,0.29946489753049954,44.51136592808553,0.12748525235759287
4949.0,0.3634631248137409,45.07505135857936,0.1241600995576881
4950.0,0.4062668024639843,45.260258922153234,0.1106908270793361
4951.0,0.4269337162227224,45.04365237826624,0.0904355436685009
4952.0,0.4394519750298276,44.54481776241978,0.06938240474916
4953.0,0.4355520985169641,44.09191978091311,0.050829262625971594
4954.0,0.4184861049012003,44.21173723093412,0.03326056402754409
4955.0,0.436368063470192,45.10583265087376,0.0269958602793889
4956.0,0.4742200638595043,46.54691232608566,0.026756342245795595
4957.0,0.47835436694698896,48.19512996973114,0.023319733263999994
4958.0,0.48517164933816975,49.556776731754205,0.012811525607760098
4959.0,0.5153504596471395,50.43910781065521,0.0026100103098275996
4960.0,0.5424058541611264,51.06141235772546,0.00012950485520040042
4961.0,0.5215882663060626,51.51951065175229,0.0030165271413264017
4962.0,0.48734966952683556,51.420919343245146,0.004485832798849601
4963.0,0.4911822422516026,50.90913528736917,0.0034459623733824004
4964.0,0.5624900700438245,50.35202104068964,0.0034175575696144024
4965.0,0.7047824633450331,49.90318626528282,0.0032207066466129024
4966.0,0.8575821228832902,49.69846226500777,0.0025100059920016
4967.0,0.9376656033928223,49.71312322558142,0.002228497072441602
4968.0,0.9404663241835449,49.904215244687244,0.0021575411864356007
4969.0,0.9059589518879377,50.27218250488641,0.0032255425336996002
4970.0,0.8456021984870161,50.49669131928575,0.0042591390859264
4971.0,0.768245045186892,50.308200951760405,0.0062135981839044
4972.0,0.6903538970901443,50.10501473416857,0.007098097885044099
4973.0,0.6594824370258576,50.04183691613076,0.005857182228772901
4974.0,0.6860239538392968,49.89203912684209,0.00148758318864
4975.0,0.7327495248624101,49.4087783519716,3.9148797609998036e-07
4976.0,0.7157210083287617,48.78814740371765,0.0004533301014024997
4977.0,0.6423452646138027,48.336795717496926,0.00046068354933160015
4978.0,0.5999819222250001,47.9788870947836,0.0004354525562499993
4979.0,0.6157705217276209,47.6315483776577,0.002363949130611599
4980.0,0.6483632407252037,47.481025449889394,0.007415312711084099
4981.0,0.6477869672625794,47.477940143606446,0.0149328571080049
4982.0,0.6595691705810495,47.164255696859115,0.0210495150419401
4983.0,0.6501344776260889,46.4668065206579,0.023843544423602495
4984.0,0.6041004631210001,45.857258310501564,0.0268474058091684
4985.0,0.5769070727451202,45.44382692042147,0.027710596225000002
4986.0,0.6113157554915856,44.86904511403344,0.025395966567654398
4987.0,0.6890122205697601,44.262582909590826,0.023241103117108898
4988.0,0.7573176227904005,44.2363523696181,0.0323632688162436
4989.0,0.8043732497912165,44.58070637022468,0.0388642071996049
4990.0,0.8335256513235876,44.46210117552483,0.027808113833522493
4991.0,0.8404884104204026,43.76486327194303,0.009845400191520099
4992.0,0.775224480132989,42.984316374430506,0.0019205938121764
4993.0,0.6978440059295363,42.09570943919401,3.860683663359984e-05
4994.0,0.6330426754312443,41.19576228405626,0.0011855536716969001
4995.0,0.5751461852822448,40.26008411436557,0.004312790568985601
4996.0,0.5038701566051342,39.45117405180765,0.006874361604532899
4997.0,0.450207893468609,39.03538933055879,0.0051890080889529
4998.0,0.4172375146905626,39.248657136757515,0.0025599491444836006
4999.0,0.4069665377257042,39.9444336754856,0.0009851902223075998
5000.0,0.39146849235582504,40.94742829279542,0.0006388751649604002
5001.0,0.33957771432502076,41.940953502814274,2.254464353439995e-05
5002.0,0.30071537094254425,42.70827021808599,0.0004480452757264002
5003.0,0.28671864315932244,43.30432005016324,0.0009040635765225001
5004.0,0.2922381643729249,43.830440031300185,0.0007320184781055999
5005.0,0.29339339979716,44.18613969105274,7.72753516095998e-05
5006.0,0.28911871979971204,44.080764329117244,0.0010815626618944014
5007.0,0.2689480032878809,43.891843080951126,0.010898902732796097
5008.0,0.21633863302550901,44.13382312530581,0.030289322905358396
5009.0,0.14794829885463046,44.745717855960486,0.05135731332711041
5010.0,0.10581971915832494,45.421501313501956,0.0740300458822369
5011.0,0.11349180642170252,45.958639487769624,0.0865497036487561
5012.0,0.15287318009999995,46.62773909889951,0.09398106303815612
5013.0,0.18248469180235297,47.1027021896759,0.1088685730676644
5014.0,0.17331709680768992,46.73464562121307,0.1387223247738916
5015.0,0.14200246173697967,45.32094825097225,0.17466910419254886
5016.0,0.12497611465455209,44.167950922147284,0.18967566701328994
5017.0,0.13106249885280252,43.869689052221666,0.16810887251707243
5018.0,0.15399114113070245,43.912312495926834,0.15069492324691358
5019.0,0.1516040753031424,43.742266180228576,0.14599617636269158
5020.0,0.11896988228241218,43.50910194875756,0.13995808259847842
5021.0,0.10420998262280409,43.604163075954624,0.12269381560163287
5022.0,0.1142272628530576,44.08850600038647,0.11391267609063037
5023.0,0.14469169836430434,45.05114791079073,0.12905983681602012
5024.0,0.1805406983386561,45.59972723610414,0.15755321849646758
5025.0,0.2181599804344802,45.75813934268264,0.17970330830963288
5026.0,0.26637741831916967,46.18304809913456,0.18341765117803688
5027.0,0.2893186918452609,46.814312431070135,0.15665590640079607
5028.0,0.2934379474427569,47.2842474964389,0.12274264904146091
5029.0,0.314166337059485,47.46382216368854,0.0974372916212809
5030.0,0.3555967671844224,47.64544389021314,0.1001794093579161
5031.0,0.40311846673753216,47.93096561435688,0.12078456595974757
5032.0,0.43000578049302757,48.21127918407305,0.1355413511715481
5033.0,0.4186006408017316,48.571543364963134,0.12374072582400002
5034.0,0.373468106628937,49.43112875741261,0.1145106887367184
5035.0,0.3411744337999322,50.73657241030646,0.12101129662756839
5036.0,0.3301077484640017,51.620136384857325,0.12562941491776
5037.0,0.3521624169039075,51.603134006412986,0.11360839871640246
5038.0,0.3861004656342288,51.03508360617493,0.09705167611219241
5039.0,0.3898835896354281,50.54161997661321,0.08422880928399999
5040.0,0.3552104691415297,50.40760136453396,0.0850525888905729
5041.0,0.3314460916536024,50.54698135617839,0.09745930564517291
5042.0,0.3509140170096015,50.62946006647541,0.1004505452396356
5043.0,0.4026158207560224,50.622124884676836,0.09824031444427211
5044.0,0.4499478341578802,50.66878633058513,0.1059148580860969
5045.0,0.4594453343065608,50.92901651464107,0.1107023388785521
5046.0,0.44467058431406253,51.09379706597596,0.10133203436322491
5047.0,0.4535006649481765,50.84352897708553,0.07605925812186491
5048.0,0.5018740567024901,50.40445704038094,0.04516092087078011
5049.0,0.5412339494508817,50.23664446540783,0.027906721514302492
5050.0,0.5130348912614117,50.21095085846659,0.02879411236935841
5051.0,0.4421937189531904,49.954502915715,0.046218911400505595
5052.0,0.3843545553432224,49.45930799079881,0.0747405337851225
5053.0,0.35690079903806254,49.09510764559382,0.09217154522942889
5054.0,0.3511428314377637,49.22746924011642,0.0874666961403361
5055.0,0.34849257862276,49.599270028797,0.060610648579290015
5056.0,0.35505482412715283,49.83031283603157,0.030158913980768403
5057.0,0.4013101249015848,49.77753494035695,0.010237649398812897
5058.0,0.48831685588275847,49.47619586365807,0.0019980077528464002
5059.0,0.551634676948477,49.00175267567254,0.00023129238889000025
5060.0,0.534274292297676,48.7736430412352,0.0001344623457240999
5061.0,0.4712934812069123,48.93907974686785,0.0007476248838529005
5062.0,0.425914078274065,49.24605923062832,0.0030411000656688993
5063.0,0.4068450448772835,49.42322541075386,0.007508733743702501
5064.0,0.3998386489977616,49.447195556262606,0.009301512646922503
5065.0,0.4185720959333903,49.42232977174086,0.008906363164660897
5066.0,0.4661647952692645,49.30773349149583,0.007139694000824105
5067.0,0.510454191868993,48.95173177270401,0.0031013003620624017
5068.0,0.5238679108838401,48.264136392470675,4.226612153760025e-05
5069.0,0.4976641186267969,47.52761710108398,0.0021858748011555993
5070.0,0.4465498564276996,47.03713439823202,0.009343115002844099
5071.0,0.4044429084622276,46.94061671037151,0.0176083717279716
5072.0,0.410832375178685,47.27231639930875,0.021601727052067598
5073.0,0.48508494758416,47.757375605228894,0.0222555466033849
5074.0,0.5976885269261125,48.390670508530896,0.023185674774664895
5075.0,0.6873950699941263,49.36311666187434,0.028203595049347604
5076.0,0.724835763772037,50.56704433350675,0.030985342784371595
5077.0,0.7170381974459663,51.55012726784939,0.02871052358724
5078.0,0.6923777122122169,51.91431823272553,0.02812124409721
5079.0,0.694548442782233,51.59523500943259,0.028950369127686403
5080.0,0.7365920154353723,50.892301496166716,0.028582047756307596
5081.0,0.7699197133814762,50.23457797312922,0.028119580598323594
5082.0,0.7603214614459396,49.79932146967136,0.028189748477880902
5083.0,0.712862263643124,49.67203795288378,0.029077605835264895
5084.0,0.6616616459852571,49.891894326638294,0.033048600316707595
5085.0,0.6304296956557608,50.43412144286829,0.04146324243756249
5086.0,0.6228182359919555,51.00079914978398,0.05406385301732249
5087.0,0.6361077758013226,50.96854088263475,0.0659088500852961
5088.0,0.6617860897255695,50.417565759854526,0.07364332141138091
5089.0,0.6725127547265624,49.82515703276745,0.0809542081717209
5090.0,0.6245133490188649,49.309978995131615,0.08715467717248411
5091.0,0.54946862620748,48.733108058173265,0.09251971740389159
5092.0,0.47911276477927833,48.09581271200339,0.09662422857758442
5093.0,0.4417506896491583,47.22428256933447,0.10238888990136959
5094.0,0.4171128577275624,46.33084810672349,0.11673063311982247
5095.0,0.43958167665139375,45.729681693508795,0.14591328127684092
5096.0,0.5177627799390226,45.39863852382739,0.1793147044551489
5097.0,0.6411300023512837,45.00223744861849,0.20315836224404638
5098.0,0.7474860054596527,44.298251440070786,0.20884775696184962
5099.0,0.7349772983487489,43.544005708459245,0.2070186118492804
5100.0,0.6362230608742465,42.71380946561328,0.2092352977640025
5101.0,0.5370478114334116,41.72410789909561,0.19190143485811362
5102.0,0.5004535545678562,40.72749377065217,0.1533745190237481
5103.0,0.5192731513572099,39.93159201443022,0.10932110350425638
5104.0,0.589561480737065,39.34529272472606,0.07042651786200249
5105.0,0.6800698552457106,38.98180821454734,0.04189182697050489
5106.0,0.7726447269644944,38.435725466838775,0.022991638704403596
5107.0,0.870609902337744,37.64066063440225,0.008942775639062497
5108.0,0.9960549385712706,37.06135790768424,0.00021936720210249976
5109.0,1.1463714014500226,36.8714230232723,0.005739098806785603
5110.0,1.2802637816182565,36.6970919216875,0.028774201196159997
5111.0,1.3420810772257727,36.46193604808168,0.06233872916756251
5112.0,1.3348118326879246,36.234321018144215,0.09481900037776358
5113.0,1.317009148191836,36.08938497507146,0.12065295339979556
5114.0,1.2981327327754386,36.24322259215743,0.1615938777985081
5115.0,1.3146267549666275,36.614965271106016,0.2100516950971609
5116.0,1.4330350982789137,36.89363246640589,0.24426068337256965
5117.0,1.6578963774455626,36.89902395719662,0.2665737236885284
5118.0,1.9933918345125847,36.82152243356044,0.3034590459371689
5119.0,2.337504418055405,36.643470805698904,0.3792560727412899
5120.0,2.5245053664860237,36.50972222148901,0.49168873250704
5121.0,2.67368605717818,36.276161838849035,0.6288795625913329
5122.0,2.8068105562168997,36.102186892271014,0.7384253799485764
5123.0,2.92237438586153,36.23132036197239,0.8432349444230625
5124.0,2.963957416282153,36.79316341213319,0.9299601410982482
5125.0,2.9872736073710726,37.816897803462034,0.9296776867842025
5126.0,3.0297410307849173,38.448361898693975,0.8574705921685266
5127.0,3.065766860750259,38.14883379032461,0.7826142920940102
5128.0,3.173277331157641,37.20266742927313,0.7323540683425345
5129.0,3.3354697630309227,36.76702751962548,0.6919273905001931
5130.0,3.4601611475527063,37.17606843702325,0.6637253034158245
5131.0,3.43407422993778,38.00895763134588,0.644173517909724
5132.0,3.1937245871582607,38.559064227005926,0.5959824560010002
5133.0,2.9362709436516035,38.572004617217694,0.5402229861018769
5134.0,2.7426189845799938,38.201068683435714,0.4844593339290768
5135.0,2.5815618836380816,37.95041739608882,0.4330168258512196
5136.0,2.402174325037604,37.88880795525556,0.4263145291930756
5137.0,2.2635325869168104,37.84388275830448,0.48337236783001974
5138.0,2.1922062089976064,38.043211344498765,0.5828591395324944
5139.0,2.2019498317619854,38.614338111262704,0.6768434841168003
5140.0,2.278817495795573,39.41533605378937,0.7140744333555626
5141.0,2.3741605403604544,40.085863283183656,0.6704256777984675
5142.0,2.427766697380393,40.50823002926992,0.5548610972022002
5143.0,2.4228027627602495,40.590428331998,0.430716130948709
5144.0,2.3658253778510403,40.47211307966113,0.34277507406240154
5145.0,2.2386218611581503,40.20353769143845,0.28679079573339034
5146.0,2.082047504354832,39.631771572129004,0.24663154358881445
5147.0,1.99450799341566,38.858154945470524,0.2285295174267121
5148.0,2.042670608763278,38.287265969063434,0.24101982528128998
5149.0,2.1897208806473025,38.32116693010193,0.27436967709354804
5150.0,2.34684598497561,38.625690263250725,0.30621401849456636
5151.0,2.4417368549415244,38.82022209049727,0.334885970186489
5152.0,2.4342407341686223,38.651713686684054,0.3626442618882305
5153.0,2.348823893424783,38.42318037228216,0.38184855828588166
5154.0,2.232915843529025,38.365267334005665,0.374382706408604
5155.0,2.1966486589168204,38.515790036980626,0.3525740946202499
5156.0,2.2422199071912714,38.82386931292809,0.3499659735358085
5157.0,2.2996232107947394,39.17446386503049,0.3657750083000895
5158.0,2.281683600469518,39.41875132311058,0.37272241125920147
5159.0,2.193049082870196,39.38991472222779,0.37043254624489014
5160.0,2.1523997511569277,39.34370678091844,0.3874443510720784
5161.0,2.1975891580611684,39.32304099949865,0.4268190649994882
5162.0,2.2662089274691577,39.17836954761129,0.47191600630764485
5163.0,2.276503300905444,38.815016359849025,0.5129260248273317
5164.0,2.2804584880896903,38.48553859103111,0.5528427348026025
5165.0,2.3550696243694325,38.36286361568644,0.6084606543116544
5166.0,2.491522649415409,38.27023370188776,0.6796295562363905
5167.0,2.6184955411510917,38.12140097240442,0.74627224077025
5168.0,2.6398190290089603,38.118468505563044,0.7804160196780964
5169.0,2.6525092589137085,38.13097759331511,0.8049231600600102
5170.0,2.7704639095775234,37.996374018293615,0.8534409350405688
5171.0,2.8774103489593346,37.73499472019145,0.9098097536066705
5172.0,2.833494143095989,37.481829964288366,0.9516661754317642
5173.0,2.726440932134565,36.97528535946404,0.9853090758205695
5174.0,2.6435983515297448,36.05488574382409,1.0101593528675856
5175.0,2.6421210243300632,35.09403973697551,0.9853499129332848
5176.0,2.7806379581002494,34.54838095781493,0.9298664477553888
5177.0,3.0117325219946722,34.779802092064095,0.8828192957239298
5178.0,3.149058011886932,35.439033733418334,0.8634393082459226
5179.0,3.082823491484352,36.05171035584853,0.832955996721493
5180.0,2.893441620022563,36.28271355950929,0.7850470521500161
5181.0,2.692876142642191,36.309202094088064,0.7232644370952025
5182.0,2.542314968956822,36.23105972909667,0.655588034112888
5183.0,2.496459534754946,36.18386200099738,0.5662377537010441
5184.0,2.5675615434543375,36.126556831530124,0.47817790648672814
5185.0,2.679156404133894,35.94604495146424,0.41628140119361284
5186.0,2.747559256624742,35.66772073173206,0.36791691393840265
5187.0,2.808346697250062,35.54652921152282,0.30684921339367843
5188.0,2.93965776743072,35.66032795223615,0.2614178935837763
5189.0,3.0350245325915526,35.69065222655716,0.2439612536444356
5190.0,2.939904701101901,35.53960422239465,0.23620208475918758
5191.0,2.7225110880112893,35.539297086051185,0.23698432660332966
5192.0,2.5102527279448443,35.79622246907091,0.24991940649635996
5193.0,2.32706784321954,36.026763892498614,0.262796827054637
5194.0,2.235545529503846,36.25458185836573,0.30147156160934757
5195.0,2.252449026051855,36.61812191950027,0.346771563235997
5196.0,2.331563689910057,36.99616394078784,0.3870195456701026
5197.0,2.449476408051302,37.23204842117672,0.39591189375409
5198.0,2.481728662231109,37.174698892509404,0.38450488635377655
5199.0,2.4169133649919496,36.72295849120158,0.3617482854324197
5200.0,2.2521323049523603,36.16379352513796,0.3267673277836357
5201.0,2.1006091613126663,35.82127477669129,0.31365307904581213
5202.0,1.9252595091345843,35.730678760858225,0.34947545423696
5203.0,1.7864475666383022,35.77296328923513,0.4009107705775225
5204.0,1.7369422261954814,35.86722541053056,0.45837427887823357
5205.0,1.7189676079454022,35.953198300999986,0.5479656654238207
5206.0,1.6612790377296993,36.06043502256554,0.6465712778038337
5207.0,1.5887751925983873,36.0994324036993,0.6816032072221696
5208.0,1.509887337086573,35.76680474714954,0.6037423489337883
5209.0,1.4013775153963264,35.06877110488772,0.49223766284418025
5210.0,1.2802059406346595,34.15943916689929,0.41235248706436844
5211.0,1.1738634041130531,33.299127505989745,0.36460383357643567
5212.0,1.1004498629624242,32.879706015982464,0.3503741638377745
5213.0,1.0455163523244035,32.83561768063538,0.38295191795058814
5214.0,1.0424732638496401,32.86161265782421,0.45993180170659825
5215.0,1.0242430164731664,32.899594936743924,0.5717315031959042
5216.0,0.9647057608158097,32.9489778440048,0.6769394478268902
5217.0,0.82898639507161,32.72784074012203,0.7635703403430144
5218.0,0.7219281142120608,32.28142569211771,0.8707065145462336
5219.0,0.7017021699552224,31.776090309812254,0.996930738712356
5220.0,0.7314312327205007,31.433528040820548,1.1178622498290025
5221.0,0.7463621205631504,31.638279980951406,1.1950469288512804
5222.0,0.7091068609161291,32.26003818562657,1.2848666155729849
5223.0,0.6884951522969666,32.75260835927109,1.4030095005484808
5224.0,0.720901185481,33.04634700340685,1.534981640442938
5225.0,0.7831179186602499,33.325333448800826,1.7046457778423056
5226.0,0.8287698225945618,33.62376532318809,1.8753972465180735
5227.0,0.8622928341356176,33.89067866207682,2.0645780970214407
5228.0,0.85252000706401,33.84998239316201,2.2219202887667047
5229.0,0.8184603773439999,33.471642061792515,2.3281723251582016
5230.0,0.7795868402466226,32.84692670418435,2.44859716224036
5231.0,0.789408456149292,32.35122855362112,2.644207161529349
5232.0,0.8670805672699922,32.026075380854934,2.8544389039919102
5233.0,0.9843593405563225,31.865304476272996,3.029973442173972
5234.0,1.0931094147808127,31.773415708812387,3.0937094048176976
5235.0,1.1375419784405767,31.61248319775421,3.05124421131721
5236.0,1.1073988708786442,31.377468159853112,2.99099488127049
5237.0,1.0446036591869314,31.014308212353754,2.9937052307539447
5238.0,0.999187545087816,30.57148413029899,3.0890733606244805
5239.0,0.982764096122268,30.125481683345512,3.2487737677089603
5240.0,0.9966911017398722,29.651520684134578,3.4111462139008997
5241.0,1.02160674877901,28.977088635297896,3.5223797414401607
5242.0,1.0336650019246487,28.24912305839197,3.6030797196839996
5243.0,1.0457711760806117,27.78613739275829,3.6891802232022544
5244.0,1.0460500657474923,27.72875074345216,3.8362808737076133
5245.0,0.9896461402521599,27.71830446656611,4.015801895493697
5246.0,0.9056132081618944,27.537944816435587,4.141649471176405
5247.0,0.8663815473185159,27.15393195175451,4.121978325332736
5248.0,0.8769973750867045,26.725994021989102,3.9385643255167233
5249.0,0.8853519183245879,26.390791270162048,3.671740312127246
5250.0,0.8579194446371481,26.019090728183965,3.424596630001565
5251.0,0.8334055262356207,25.787396070330058,3.234709945076404
5252.0,0.8191581852140165,25.697398569763223,3.0144247126854173
5253.0,0.8145096434035344,25.521406965998857,2.7251413333360444
5254.0,0.8012818676893799,25.295642212983925,2.4824547312821776
5255.0,0.7951727979141443,25.38714904946847,2.396088275575303
5256.0,0.8142584243040359,25.813091911367135,2.45127495276304
5257.0,0.8309813598596042,26.290418218078162,2.5081403414756838
5258.0,0.8540730363909182,26.756372370304693,2.456892543026928
5259.0,0.8768005564741643,26.975946314378277,2.339546543491217
5260.0,0.9315445968167365,26.901573593191834,2.2062578790161527
5261.0,1.0162772031830622,26.77739248205003,2.0827207434159027
5262.0,1.159824727203528,26.763857106501717,1.9800547995936402
5263.0,1.3825505794411919,26.884664689797763,1.9236580970784005
5264.0,1.670104655173584,27.079274458776002,1.8825263065294597
5265.0,1.8815775150407241,27.310352935425875,1.9085341820485269
5266.0,1.8933593229167232,27.605385964174186,1.9974411423016165
5267.0,1.7246483605953427,28.034379045030025,2.1281885284466884
5268.0,1.5621788914994024,28.284034403553378,2.2408013409708096
5269.0,1.5194808759200626,28.154084358785063,2.2987629177091526
5270.0,1.5247464009506886,27.578676677862973,2.3066963030978163
5271.0,1.5404622587929602,26.711629717203664,2.2952424831332934
5272.0,1.5995213325729856,26.14876627935187,2.26329003726378
5273.0,1.6964503211109612,26.17933103244822,2.2660452339599884
5274.0,1.8070868632940764,26.59373879728806,2.38943005810186
5275.0,1.9830228464184338,27.02979461110671,2.551408212990096
5276.0,2.1904880312844677,27.2672887103001,2.5829440440021605
5277.0,2.413634803734798,27.265367640625005,2.4799762054277608
5278.0,2.586156586017986,27.221708640829853,2.347689762486253
5279.0,2.6945519940620843,27.22365029458944,2.2220284786090003
5280.0,2.7582573375360444,27.354691408929995,2.1342200446090005
5281.0,2.78359866848048,27.730273952454894,2.1287901345987605
5282.0,2.7724016926153636,28.086684841818816,2.1889510532983683
5283.0,2.7619458452460908,28.17926620250292,2.29800432057066
5284.0,2.80355139828481,28.08906476978454,2.451592759674565
5285.0,2.958137017844602,28.05553979924384,2.6362143508221365
5286.0,3.223003816027117,28.000753175014967,2.829266837242852
5287.0,3.45955722013225,27.541655352527943,2.984248959954452
5288.0,3.6427899944571145,26.752298127563268,3.14456522658084
5289.0,3.767252159575103,26.01041973169332,3.358087622473274
5290.0,3.7959657855123456,25.589028868915204,3.6371983893075224
5291.0,3.733970454923466,25.47280606359872,3.871425834020966
5292.0,3.598869159281845,25.46448939094493,4.045584818677766
5293.0,3.4704912695162116,25.40979197076752,4.232664252042239
5294.0,3.431950320643665,25.22873200351805,4.440702416338655
5295.0,3.5219977103099045,24.82385377284598,4.562441446723073
5296.0,3.75988930708356,24.191664875105293,4.5604675381510145
5297.0,4.162647197869222,23.425541339236727,4.568803265830328
5298.0,4.648285808455489,22.793381709352587,4.758232372744542
5299.0,5.062922288805945,22.311225900454087,5.190863548700088
5300.0,5.341017828964208,21.89032398900312,5.716351071041071
5301.0,5.516614349006761,21.399415345399046,6.178178278514221
5302.0,5.645979852786785,20.932251810109282,6.427515227654981
5303.0,5.755346716182338,20.563007543347567,6.516888982328435
5304.0,5.830788549858657,20.27641424812128,6.462528910435202
5305.0,5.917374425277161,20.12514148046494,6.290176810345798
5306.0,6.072663399864052,20.013455386436807,5.995478835377555
5307.0,6.314503474615057,19.963905278045907,5.641636510343443
5308.0,6.678008392999119,20.152786902328803,5.310022608582876
5309.0,7.114455575367944,20.670664250460053,5.066390772273802
5310.0,7.417720844001477,21.268485253018245,4.922324046632454
5311.0,7.517717897445405,21.541453583112126,4.752310969216976
5312.0,7.492782712615249,21.385661275493224,4.43732965313894
5313.0,7.449805702439569,21.015020289903067,4.114518771853074
5314.0,7.520392586448897,20.82337778610432,3.9555212994485784
5315.0,7.734645864220997,20.934948232218453,3.91076767986921
5316.0,8.042640478429503,21.062832937034965,3.8721851657443973
5317.0,8.353971379814062,21.033702821252252,3.6260657669114607
5318.0,8.588887138035302,20.94146201537701,3.276727158812098
5319.0,8.81296885418696,20.975351834294226,2.897613629883109
5320.0,9.11203519003445,21.161422527907348,2.549319132018388
5321.0,9.310573575990562,21.212137288478228,2.222942726810177
5322.0,9.069559526652483,21.040332678423578,1.8987230530105599
5323.0,8.679490420584301,20.816226122889667,1.6443555077845475
5324.0,8.67262625158329,20.726308892415673,1.4827073703326787
5325.0,9.14606187251375,20.869791845501695,1.3904411578146965
5326.0,9.68342433476401,21.045883742036903,1.3079748930892903
5327.0,9.962992392929474,21.2333385842868,1.2624860387043217
5328.0,10.150684188671548,21.366442903329606,1.2578879957227238
5329.0,10.364242430863923,21.447459088942026,1.2604659781266576
5330.0,10.512657398785665,21.35307391464505,1.2208419083641229
5331.0,10.4400715736112,21.031533580225,1.1737514864195344
5332.0,10.174620659368335,20.507876233267552,1.1577049420503205
5333.0,9.840338106396942,20.046417395831405,1.1639193075848464
5334.0,9.51472261251136,19.912828749325737,1.1585325946063103
5335.0,9.32133729860571,20.14382622728251,1.139321561534605
5336.0,9.40991410795239,20.562120394919603,1.139665500568369
5337.0,9.746231263168612,20.850019244331342,1.153685353578452
5338.0,10.09635620900743,20.88100891765455,1.1327618852476369
5339.0,10.360666551769146,20.681851609174945,1.1013648433456762
5340.0,10.478549674657438,20.53353765530441,1.1017316389194027
5341.0,10.483067218047381,20.343844915557824,1.1166116353663715
5342.0,10.41606564099686,20.147375372912528,1.1470997343918565
5343.0,10.342509543878473,20.262126885028675,1.20050830746441
5344.0,10.325393289225001,20.90894365365843,1.288276506814836
5345.0,10.413247220266197,21.78998191819237,1.3882922444762598
5346.0,10.562554275069722,22.319576086779218,1.39683681239982
5347.0,10.637223154624873,22.225815715285798,1.3357524455609053
5348.0,10.56223031672142,21.76148681665998,1.2787529225113765
5349.0,10.42463542137616,21.410334350465067,1.2738947725100809
5350.0,10.414215200583941,21.401546851292746,1.31939454817398
5351.0,10.575952065305831,21.733737989465236,1.347846162978773
5352.0,10.802750804754744,22.077609248046723,1.3380086770905624
5353.0,11.03895627965655,22.201574242726625,1.3182303047552522
5354.0,11.304066676291368,22.07843810326902,1.3040020237496468
5355.0,11.610984420011095,21.847439841500254,1.281940606296986
5356.0,11.85496742726475,21.811366109911845,1.2704833084255525
5357.0,11.986118753296505,21.954854482112577,1.3104939798822484
5358.0,11.992269335067073,21.992448236177854,1.3818514787648044
5359.0,11.930540293132417,21.78297062507346,1.5001257805262884
5360.0,11.993585790543465,21.620446329765894,1.719409684834517
5361.0,12.262958955423626,21.75448813217166,2.01837183943034
5362.0,12.543330834825378,22.154376204176607,2.3248434421743127
5363.0,12.761170252175122,22.571796422403537,2.540878304936093
5364.0,13.091742542316718,22.853142484065604,2.6464367567625624
5365.0,13.640095562500003,22.821814112588697,2.6513877244518973
5366.0,14.254244397786008,22.69391353675893,2.5996525293984405
5367.0,14.810079346091829,22.703120538865885,2.5109673014502403
5368.0,15.097680491364624,22.847955748959464,2.4269661342647364
5369.0,15.022837085793027,23.09716366873474,2.460512014799725
5370.0,14.820807819298853,23.449042787664165,2.666701835395445
5371.0,14.579885766557958,23.809968873343237,2.988638071741484
5372.0,14.34373794205882,24.157138889276737,3.2875491856000005
5373.0,14.232428668342372,24.35745842061521,3.395988758907557
5374.0,14.417908339940569,24.383001584476094,3.334943363350253
5375.0,14.659805007003753,24.32647481752502,3.199588032940993
5376.0,14.572678354363418,24.282285831111285,3.1147058645295846
5377.0,14.253658826951279,24.342682613317383,3.0801681043621936
5378.0,14.011983598900894,24.46682181425073,3.066059868902576
5379.0,13.905410422216807,24.680859658833572,3.0299372012853905
5380.0,13.803741655717689,24.956776598792125,2.926935251342593
5381.0,13.590312479316811,25.45426684556395,2.73833279033954
5382.0,13.399251391591461,26.046282926495927,2.491184839760513
5383.0,13.340894607058722,26.549449479357328,2.237487374739356
5384.0,13.2894696753468,26.729532915146663,2.074569118005332
5385.0,13.175069019009886,26.78417433959413,2.039509168561823
5386.0,13.023624232157774,26.95521566903839,2.0539016387473614
5387.0,12.994663427164324,27.22692518561247,2.0768428508628025
5388.0,12.963424978252437,27.392704310416,2.082027216805923
5389.0,12.873032294156674,27.51778510507089,2.0087350097562804
5390.0,12.897095955257287,27.92625013393966,1.882978863869233
5391.0,13.20204566942856,28.53474892926573,1.6863651545575131
5392.0,13.726435466729793,29.025956083760097,1.4318728595592098
5393.0,14.115690928318282,29.21644432808644,1.207020836025
5394.0,14.321095345963736,29.272437682304776,1.0844606826303367
5395.0,14.177822517183603,29.42868158008398,1.0467433703967528
5396.0,13.884456442793857,29.533068009365607,1.0139925282262416
5397.0,13.811392820953333,29.33911649204668,0.9465047367825624
5398.0,14.122237957801827,28.85013599086471,0.8700237564204097
5399.0,14.452775612517199,28.28802324940088,0.793877632023572
5400.0,14.61884767157643,27.859051946929554,0.6930301097464899
5401.0,14.690677720307159,27.701543295437318,0.5843941073314276
5402.0,14.693920790220902,28.036236262347277,0.49628030565372266
5403.0,14.786772303220417,28.526885177119034,0.4308736417413156
5404.0,14.834650702105733,28.83258257421204,0.3664728974370026
5405.0,14.833240210853374,28.88097907777292,0.29401706007556
5406.0,14.755327248467651,28.71315990937311,0.2327448510987769
5407.0,14.8741598814265,28.57729025051454,0.20341013736261687
5408.0,15.450051401870516,28.548491063009436,0.17109593176975357
5409.0,16.394325688686482,28.628503228743437,0.1457194648821961
5410.0,17.36670017197129,28.949509396263526,0.12629109211017644
5411.0,18.107559281578887,29.529559099854488,0.1099382869105249
5412.0,18.715315725280824,30.224351239156842,0.0936351676818496
5413.0,19.39576069054419,30.668921325786897,0.06643788747003039
5414.0,19.89149349534257,30.868700855613504,0.04407732291600001
5415.0,20.034002180908807,31.13224460105197,0.031028871822019605
5416.0,20.098463652823614,31.331489826777975,0.028241837697486408
5417.0,20.384532224285955,31.330870191698196,0.037505380808563596
5418.0,20.89876228689928,31.145665497998838,0.0576712348106896
5419.0,21.161935172242917,30.86800003069098,0.0754736498011024
5420.0,20.9480314599138,31.067548317741327,0.09722254510809
5421.0,20.57138433953344,31.912570219307014,0.11870289851043693
5422.0,20.179575765994798,32.8551413223462,0.1585301194537281
5423.0,19.94911557345716,33.43678328274485,0.21979882156478486
5424.0,20.01270570085631,33.896693425875156,0.2642558021437489
5425.0,20.25222045086583,34.36846081869324,0.290222934030965
5426.0,20.496068801460904,34.85614277914099,0.32348925712454557
5427.0,20.591402767424512,34.93299116902216,0.3820450510702849
5428.0,20.862486053963703,34.58825866688515,0.44181952278840375
5429.0,21.55957118180596,34.5422819649127,0.48976923717552245
5430.0,22.385124462393208,34.86378061240705,0.5381289795425624
5431.0,23.02161199028964,35.131272253093044,0.5797328685516481
5432.0,23.402536400394577,34.92758512269748,0.6394523891898288
5433.0,23.654788512620076,34.49344949795826,0.7409022515311043
5434.0,23.830675920789336,34.00351586513636,0.89790215197746
5435.0,24.02234360806317,33.589245494479165,1.0645405628730629
5436.0,24.117880533376972,33.58878694635556,1.1543868887990407
5437.0,24.1614636853162,33.85957137408893,1.2076641124387986
5438.0,24.064696298976482,33.93838457658264,1.2509632627767964
5439.0,24.03401374737306,33.73396497346325,1.2438271059838013
5440.0,23.969657914147785,33.54880005598277,1.1800609428972102
5441.0,23.81324491800672,33.60969672345544,1.1201055056791371
5442.0,23.759301180733853,33.912431071594085,1.0849384970065161
5443.0,23.772207485733013,33.96885696708302,1.1039821948290252
5444.0,23.542879456184274,33.656756662175816,1.2157107503007074
5445.0,23.060046950783573,33.469178423357675,1.3769091456099984
5446.0,22.360059798233404,33.5312562428622,1.529516502594613
5447.0,21.60741189502547,33.593914610583575,1.6240937032804228
5448.0,21.135000592230696,33.27008690595938,1.6480816141172165
5449.0,21.079041868915734,32.73345711513497,1.6404684924600628
5450.0,21.449463863736423,32.35892678529593,1.5805096989368976
5451.0,21.81766796548259,32.529674642623895,1.4447965476096103
5452.0,22.004769193416266,32.99371728088901,1.32387322628961
5453.0,21.921161081455676,33.205391251006326,1.253091666124693
5454.0,21.8375826641316,33.0877191322755,1.28502946215396
5455.0,21.784513636324654,33.17168359178496,1.354502806050588
5456.0,21.723229462807726,33.52855462657101,1.4030033175330483
5457.0,21.54120657505029,33.92288028898564,1.4656272970979027
5458.0,21.17037951654192,34.12328744781994,1.5599496665223025
5459.0,20.953766893660546,34.126999013164514,1.7019030936312063
5460.0,21.255475668236524,34.13185690286081,1.8556398138740642
5461.0,21.896172579517234,34.10741988507675,2.0019774392527507
5462.0,22.52020180783752,34.14123645774707,2.0750024802618725
5463.0,22.82631361402773,34.26270785507252,2.121525871414057
5464.0,22.79819726362781,34.56720043243782,2.1221541552879413
5465.0,22.711727403278708,35.08704215681582,2.06374169701441
5466.0,22.824324896460237,35.681119051121556,2.004540807338525
5467.0,22.89566075627628,36.37598404125038,1.9391028433298931
5468.0,22.822257918320805,37.05426632052883,1.9272894558576203
5469.0,22.56139060363756,37.65283017057604,1.9444768580250005
5470.0,22.430173864945207,38.13458562434208,1.9844324218173457
5471.0,22.574635316316467,38.4442581539167,1.9687076258452165
5472.0,22.725955383068044,38.69918983979195,1.903554843789063
5473.0,22.542033853249237,39.294115318083385,1.7879427645156531
5474.0,22.065973838561494,40.2262350088818,1.6374398079225172
5475.0,21.759874276683835,41.173693030596304,1.4709547896555624
5476.0,21.706865894800075,41.83549810574323,1.318906004063869
5477.0,21.737366160277823,42.16652173522817,1.204332126943249
5478.0,21.6738917964362,42.536307775742515,1.1476893036188645
5479.0,21.45053492463172,43.17338530916723,1.1567012824802305
5480.0,21.165710181181595,43.929193486705834,1.1897687869769533
5481.0,21.02155394475531,44.68712112156217,1.2152657845940837
5482.0,21.016414647637667,45.40456587021264,1.2087685774656147
5483.0,20.98864788292834,46.13903899413307,1.190833633810498
5484.0,20.893661700141426,46.91418241363114,1.1505864320913666
5485.0,20.775674765602126,47.80528644456962,1.0969486417619858
5486.0,20.822539614218403,48.650621233500075,1.0433777123723045
5487.0,21.05097121612639,49.37190784560403,0.9913368243678203
5488.0,21.36895126792968,49.62987009879065,0.9190802846255626
5489.0,21.619568553363642,49.692547026323034,0.8398984550408678
5490.0,21.83514638034174,49.87837938889128,0.7767658538131041
5491.0,22.036868688603146,50.29364567868169,0.7320195320259603
5492.0,22.387920837946748,50.64138795096512,0.6657461872479441
5493.0,22.79460097144649,50.890648160629794,0.546918953085296
5494.0,23.23798131677153,51.234857135939,0.4490101279535525
5495.0,23.493554797986206,51.76504098870232,0.3886019386823026
5496.0,23.475479588433018,52.44124387204399,0.35888614691094484
5497.0,23.115052188782087,52.94212351207048,0.33861493034156415
5498.0,22.727418547901493,53.12163619814199,0.3255991615322209
5499.0,22.53399646792175,52.755543740857334,0.3352210247975625
5500.0,22.57938570311996,52.014381361530134,0.3773197211438735
5501.0,22.789521516627097,51.25761347427392,0.44452218562150086
5502.0,22.962959421489963,50.940956506700076,0.5209152387593764
5503.0,22.868054422515815,51.14574686315273,0.5991170536633105
5504.0,22.456307800419523,51.75038076618906,0.6620534173222226
5505.0,22.00615716593409,52.38745407955684,0.7086995019541267
5506.0,21.64941494449051,52.9766348894549,0.7460369755458625
5507.0,21.330378293565058,53.646236958188716,0.7583950843717925
5508.0,20.950171490842635,54.049505804201615,0.7056759044412327
5509.0,20.448643988672938,54.3545995198207,0.6406929874889999
5510.0,19.961111205661688,54.67238444211109,0.5911805909816362
5511.0,19.81476859165576,54.992090655117636,0.5416894937795363
5512.0,20.119435648626975,55.30242671583684,0.501023464622612
5513.0,20.652430442310035,55.956292749549334,0.5082660194957284
5514.0,20.863166167262246,56.891238353204486,0.5568640186315683
5515.0,20.54878627197515,57.775827932180746,0.6013325507553225
5516.0,19.83042851732982,58.453328802468626,0.6395513906409848
5517.0,19.11257963074445,58.982529638471235,0.669772487485764
5518.0,18.839072594039997,59.74643851309057,0.7037718169249882
5519.0,19.00841427289056,60.88896826530349,0.7608391474496837
5520.0,19.33618001136853,61.82733356468881,0.8624643917219524
5521.0,19.685239761594314,62.29998446227057,0.9898960521990401
5522.0,19.973040188698143,63.00019631711571,1.0733277432747024
5523.0,20.314401843644013,64.0824604643405,1.0638040302047378
5524.0,20.6982873693227,65.0874789767117,0.9776654405365156
5525.0,21.011122329927254,65.78887108916989,0.9020956113093795
5526.0,21.09621339161487,66.15129145434514,0.8690790806296922
5527.0,21.051444530663495,66.33209724008074,0.8800303717084359
5528.0,20.954635351360288,66.67427256104403,0.8823123122853365
5529.0,20.907973078512168,67.25568587470097,0.8438597097014572
5530.0,21.01556003875454,67.87972482623917,0.7944411813844902
5531.0,21.211901479156758,68.25154585830239,0.7394327738536731
5532.0,21.368328878017437,68.70655616378724,0.696316031547581
5533.0,21.45114109599827,69.43711391568438,0.6857904359376223
5534.0,21.501659474199478,70.11035883821884,0.718279183533061
5535.0,21.580728876249815,70.3393483648854,0.768238226064
5536.0,21.60254429547491,69.91744140499169,0.7894804074344102
5537.0,21.536323792085764,69.12044418726695,0.768793093063741
5538.0,21.3770948527227,68.35607517483744,0.7546183201312899
5539.0,21.22070708312157,68.12963953911216,0.8060979726795681
5540.0,21.145591849514982,68.62804883697484,0.9037634478792679
5541.0,21.04001324274994,69.52688617560985,0.9702780331246866
5542.0,20.966948311341437,70.466505391489,0.9273405339384484
5543.0,20.992055344729085,71.17653255820412,0.7899592361881803
5544.0,20.95640811926364,71.81708804718349,0.6391946215323904
5545.0,20.80111273126521,72.5012987866533,0.5197746124396818
5546.0,20.54000926861569,73.14832526129155,0.4283823845159328
5547.0,20.32707287692247,73.56446601426846,0.36347846221806246
5548.0,20.39156283683727,73.82348404576362,0.3319453886548805
5549.0,20.845728075857327,73.94751453097436,0.31499974405262454
5550.0,21.594654075923522,74.16013991057012,0.29322425355342246
5551.0,22.409692756211292,74.57654905478141,0.24584891605877163
5552.0,22.989246189666652,74.99669566720182,0.17599082155875997
5553.0,23.16861142905142,74.98179451700031,0.1025698816000089
5554.0,23.073812748525555,74.46224629046893,0.05184371061777959
5555.0,22.8901965839622,73.86241911166805,0.029379536901160005
5556.0,22.67728220773035,73.65359470697256,0.029423052061620103
5557.0,22.49166364621978,73.91975008161258,0.04222455784182252
5558.0,22.401813230146942,74.58508385919397,0.0464943691877809
5559.0,22.283641113013736,75.07483081765584,0.03890669854979611
5560.0,22.018501107090497,74.84959650176319,0.0266019329389801
5561.0,21.701341902375415,74.32829845770092,0.015255382120782396
5562.0,21.339292895532566,73.80333824404482,0.006185367911352103
5563.0,20.903522695131958,73.31357345986378,0.0011084118635524
5564.0,20.371871275818478,72.98547428750834,0.00014822672902559982
5565.0,19.898039779925174,73.10657430276784,0.002973852451641599
5566.0,19.620697661188952,73.73504481537657,0.004088844088164899
5567.0,19.378125816592938,74.5195158564797,0.0011414904174024986
5568.0,19.20883231840347,75.36397047568202,1.9219663225000235e-06
5569.0,19.17400985718907,76.46464993410997,1.3073358804099958e-05
5570.0,19.243204006568522,77.85534025057198,0.00013124360194559983
5571.0,19.203260445613193,79.38643918468624,0.0005554487385616
5572.0,18.85391030735446,80.9505606462837,0.0016350838442688994
5573.0,18.365407055304956,82.49788655083746,0.0048674189402721
5574.0,18.07215405963278,83.89149895569966,0.009026721482083598
5575.0,18.165634928514063,85.0781407323272,0.012391467809980896
5576.0,18.393082355426483,86.10194790262906,0.014518806445880097
5577.0,18.689976099290256,86.81989351265567,0.0149153534142649
5578.0,19.184425316408355,86.89492108258493,0.012954687364195597
5579.0,19.832857510713115,86.70964587175006,0.012669330377934397
5580.0,20.261998776889005,86.38989216422569,0.014374084470480896
5581.0,20.272433489665293,86.47624528890462,0.0154339227675556
5582.0,19.96485940722505,87.22340070532654,0.022034576102630397
5583.0,19.480756252578946,88.30912531308813,0.028356882760800402
5584.0,18.91970679408594,89.10822173555091,0.03141699530256
5585.0,18.430271862925554,89.42973888847723,0.036039601484180096
5586.0,18.11859784414484,89.2862140455786,0.0388497700019025
5587.0,17.913355778097557,89.36398150530093,0.029940419088999998
5588.0,17.72723372570307,90.2174386474875,0.018979699448248902
5589.0,17.491626431028667,91.51550328079453,0.012356156543062496
5590.0,17.200397141096815,92.95833269820665,0.0128996917697761
5591.0,16.9098601123296,94.13290061705165,0.0231462388076544
5592.0,16.797962095904893,94.76968178777841,0.045463489086456095
5593.0,16.778830845896287,94.73693227744202,0.07809862937614241
5594.0,16.866967416617474,94.6884917993054,0.12386205219096809
5595.0,17.365564507777083,94.69960489493286,0.18229508923688412
5596.0,18.148232785916036,94.69077679982597,0.23179378474310888
5597.0,18.66390987053756,94.67021804179434,0.25819070058759613
5598.0,18.444290303059454,94.86642808681923,0.2652132787295044
5599.0,17.86568489202507,95.29455670058977,0.2612027766216
5600.0,17.342062783302456,95.30539290519361,0.2618381794855875
5601.0,17.050848269678603,94.95312711748583,0.26326132757640036
5602.0,16.920663988393844,94.80219276257588,0.23915558333032957
5603.0,16.89491859116669,95.2204886776459,0.1873978126301961
5604.0,16.875097100761007,95.72692427746796,0.14681477350850558
5605.0,16.81406391958962,96.42029683698871,0.13614912583888808
5606.0,16.5933578488797,97.52738766469173,0.13690243461082408
5607.0,16.052664946268845,98.59403370178406,0.12481689067603559
5608.0,15.4162047692832,99.20811255248324,0.10506834734055041
5609.0,15.067726014111274,99.24241390268975,0.09785400000773758
5610.0,15.04674976735656,99.00588860099528,0.10337556052849
5611.0,15.153044778557442,98.73243844183203,0.10339709067547241
5612.0,15.328971766164686,98.6981955405819,0.10125508389248158
5613.0,15.406265645160191,98.8618884045613,0.10752526977741161
5614.0,15.33946291304377,99.15481184457686,0.12111660488797209
5615.0,15.16497067084865,99.55941276480156,0.1394987839415296
5616.0,14.998499828058709,100.48836880868768,0.16088813306047686
5617.0,15.01037026230605,101.47289597867537,0.1891366357184964
5618.0,15.212027365553212,101.87341032745468,0.23198309087321292
5619.0,15.46071915454641,101.15078847111754,0.29203514301561756
5620.0,15.549670727178125,99.73345165716442,0.3828165049275889
5621.0,15.57843040606016,98.57280726291457,0.52122595281604
5622.0,15.648054187372626,97.7259978258806,0.6577409020905529
5623.0,15.766337463296255,97.39743101602714,0.7491273804101024
5624.0,15.851105460964302,97.49804493490264,0.7914491343584328
5625.0,15.835433747313605,98.35665292550976,0.8295519038467601
5626.0,15.560362160013002,99.9205425899738,0.867758033776796
5627.0,15.114103367640656,101.4569579052852,0.8766907042488169
5628.0,14.735320729664146,102.40592022273587,0.8615533279090608
5629.0,14.719376251934246,102.91818786885241,0.8974885064656898
5630.0,15.052331565454237,102.87978260597913,1.0385182172705798
5631.0,15.504272597164112,102.21818347971676,1.2044240267032515
5632.0,15.881424268541222,101.12636319726744,1.3371974512660516
5633.0,16.039957635970723,100.17626560552837,1.447874696435222
5634.0,15.872092736099837,100.07733714680654,1.549935635188092
5635.0,15.63527596695502,100.81310717238632,1.528174097479692
5636.0,15.348627706492303,101.93429435125223,1.409814626942822
5637.0,14.902130260213509,103.24722018954706,1.3008001041285377
5638.0,14.451089160155794,104.40863163413766,1.2506038587820798
5639.0,14.303287172140315,104.4744434096289,1.282841270783189
5640.0,14.300223185213687,103.74930179217762,1.3609099229905934
5641.0,14.310910745595075,102.7420434279015,1.4326885603910957
5642.0,14.435495071411838,102.17015043368552,1.5074491060811959
5643.0,14.637950103133912,102.16462693157362,1.6089102000294975
5644.0,14.708721378360105,102.16824833318749,1.680865705972202
5645.0,14.500867046400158,102.50790625029819,1.6574787342527233
5646.0,14.186240667857264,103.56541278730904,1.5369675162556036
5647.0,13.835066559966727,104.53790262405819,1.3835358561687596
5648.0,13.503479914182263,104.595106844277,1.2720728038302027
5649.0,13.303002050209924,104.04521491734671,1.2125184170563394
5650.0,13.409718361670937,103.52037027844544,1.2343739286073925
5651.0,13.815201840682034,103.32312732582643,1.3271577989452223
5652.0,14.199092713941724,103.79013066210433,1.447351174031628
5653.0,14.301634499565035,105.17634744003713,1.6158617538135598
5654.0,14.247790568955192,106.34778247503746,1.8098801444349795
5655.0,14.23446963676935,106.53359861248113,1.9291810746771367
5656.0,14.363269547203394,105.43263127170529,1.9290433766680033
5657.0,14.64795470113962,104.05610458716816,1.8967722787902732
5658.0,15.02963895074931,103.04000015511296,1.885421158258832
5659.0,15.366303803350556,102.8358727073976,1.84802550961784
5660.0,15.6755367965893,103.44712279838308,1.8241994790059037
5661.0,16.09393033475529,104.45023960810002,1.8004733982158398
5662.0,16.504806918537724,105.00135944769242,1.81816799730916
5663.0,16.5789166250377,104.29361314695781,1.8806415518155224
5664.0,16.38711862964438,102.82097579980227,1.967985176516102
5665.0,16.196942173324544,101.98078541798617,2.109825563869299
5666.0,16.14911791018418,102.4097505199713,2.22830704075225
5667.0,16.264326287981596,103.39865297050436,2.3149485869501594
5668.0,16.515861345473482,103.76127629004495,2.3782172770801804
5669.0,16.91451646714834,103.71227035726064,2.413774970453809
5670.0,17.50420561825967,103.52986065541074,2.44492629914852
5671.0,18.21791239225362,103.04193491849988,2.4406087213923526
5672.0,18.926078131134783,102.73745098105742,2.3823217125721223
5673.0,19.383252353627906,102.92197680610055,2.3228598993950595
5674.0,19.722442807418492,104.59176892555762,2.288166474946195
5675.0,19.91372391266738,106.90041707626433,2.29614378793024
5676.0,20.106511947534536,108.78087927215256,2.281531523419124
5677.0,20.438865480751318,109.85070971162533,2.1958866835710023
5678.0,21.029083802354403,110.1896763038417,2.061498006799733
5679.0,21.811642590418575,109.81460175855415,1.9060217899327503
5680.0,22.65164772537508,109.24239777255563,1.7766248358788281
5681.0,23.256060749583522,108.96317724882786,1.6597809964270145
5682.0,23.69268640712875,109.38405030366265,1.57863669913161
5683.0,23.973012297985996,110.27139751811646,1.50286878862194
5684.0,24.170848449492205,111.30801961742932,1.4544206356005769
5685.0,24.366668612387148,112.27054384836701,1.39962291880356
5686.0,24.4816648320671,113.08298260869002,1.3084631015877186
5687.0,24.619714574890025,113.74522145813462,1.2074386429221171
5688.0,24.72820675871296,113.5812023488322,1.0775335605010599
5689.0,25.09711813656576,112.97049896089077,0.8976830665915044
5690.0,25.68193194894337,112.22942454604423,0.7039244399042024
5691.0,26.184771051998837,112.0484272607314,0.5700157890372098
5692.0,26.2813691036202,112.7614921241348,0.47999326161501166
5693.0,26.116386750521528,114.35938000488605,0.39373898138933755
5694.0,25.76867386835599,115.80265666114794,0.2998968425814243
5695.0,25.357399292891618,115.99572951165547,0.23377687228284838
5696.0,25.192019505657644,115.87060745218669,0.18528848524322009
5697.0,25.23554632227034,116.440487997058,0.12753163747111843
5698.0,25.421849109031236,116.96268559796516,0.06860790114720998
5699.0,25.694365822279437,116.82948945711479,0.028190997653062495
5700.0,26.372917571757604,116.51168530090892,0.005636841225209998
5701.0,27.073207092927845,116.92448325140626,0.00010810052017959998
5702.0,27.4202780055925,118.10473193352003,0.00573315494976
5703.0,27.437187602332568,119.62256652149561,0.019198056104702505
5704.0,27.550423278167084,120.66132094295997,0.053768250923232404
5705.0,27.866440921205417,121.28850112409056,0.12155943041598759
5706.0,28.353846584385668,121.9035019150458,0.22934641682958765
5707.0,28.895701480482284,122.60277547814133,0.36131923839468955
5708.0,29.47288658874394,123.13974257849104,0.4696534693687824
5709.0,29.97114201862473,123.71774318196485,0.5083426763807715
5710.0,30.299476214015996,124.54537836249862,0.5310980462672674
5711.0,30.69072712380629,125.4562042352786,0.5497519728758122
5712.0,31.127040253501566,126.46571518538762,0.5262271688661289
5713.0,31.366016368530115,127.39410416064612,0.49214296590216033
5714.0,31.338808141367,128.30055181117723,0.5251261154323394
5715.0,31.22612990847232,129.04064802085176,0.6683491530885377
5716.0,31.09293169249918,129.81352484753236,0.871168487166965
5717.0,30.931119595107074,130.1583195494599,1.0412944873770247
5718.0,30.609283335467804,130.18008117548197,1.1628236040821402
5719.0,30.137807858780743,130.35453903063492,1.278093807500172
5720.0,29.570574675661227,130.71972440389985,1.3728631973870027
5721.0,29.010007715060972,131.376197854315,1.4416382736970568
5722.0,28.588622809079016,131.81006298856957,1.5127901383945157
5723.0,28.325485419202167,132.13799279576423,1.5845193343246866
5724.0,28.01010204949126,132.78133581254653,1.5727452646357882
5725.0,27.5622015908077,134.21911051721003,1.4831939647175403
5726.0,27.148715005742698,135.8960586672133,1.3821345118823092
5727.0,26.89945145604697,136.90246359168407,1.3697982158947641
5728.0,26.839985506428977,137.03030887286948,1.4542067725526016
5729.0,26.843275061281158,137.2472521993724,1.5407645689941445
5730.0,26.926045105915307,138.12835579142816,1.5719977143524893
5731.0,27.14943144636525,139.496176777632,1.586627504572841
5732.0,27.31841787363171,141.08626705735446,1.6389818372471074
5733.0,27.20307533382057,142.83558357892662,1.6686618272769638
5734.0,26.886059276886538,144.95111286807764,1.6068874648194227
5735.0,26.58156781566541,147.38737965746256,1.450536893166817
5736.0,26.38356547554225,150.01304078099758,1.3131955581615025
5737.0,26.25278024576089,152.0719320320411,1.274955874963514
5738.0,25.87424088639403,153.47553705716587,1.3069756331611226
5739.0,25.119319733241774,153.98206963580242,1.3551785175258226
5740.0,24.31194370545306,154.09160256902138,1.3776265258096898
5741.0,23.84949729153999,154.3221383619215,1.39813029953536
5742.0,23.850652471020485,155.0539551395957,1.3849060891013087
5743.0,24.152426428919707,156.1809543793621,1.3585034224071026
5744.0,24.512082948791697,157.26857008741462,1.3265369540249
5745.0,24.959675473801443,157.98167451035425,1.3198892027917761
5746.0,25.438887699472755,158.37088158751249,1.3642134413004305
5747.0,25.752920907979618,158.97503506516506,1.410982728562244
5748.0,25.551755199775354,159.64043267721024,1.438410366946001
5749.0,24.947836738482913,160.10181773634412,1.4356287463811077
5750.0,24.234763444533826,160.01296103015918,1.413366605092922
5751.0,23.856878048484095,160.1078859841828,1.4095808699544443
5752.0,23.963891695637706,160.84862583575656,1.4404309042310208
5753.0,24.392627715210057,162.3596182747915,1.475568559891829
5754.0,24.989119784048658,163.83149348641663,1.494642610760293
5755.0,25.509700293155124,165.09881136065994,1.5025054982646364
5756.0,25.939573489597386,166.28929905072548,1.54187923721049
5757.0,26.34964429863501,167.7728807907411,1.625632981509797
5758.0,26.79262468488375,169.38635071695336,1.7474779855915263
5759.0,27.049265113524637,171.25438187319006,1.8802294244045763
5760.0,27.05730597613061,173.40139432206155,1.9250831016948498
5761.0,26.79496435994527,175.73953863930817,1.8541225307804228
5762.0,26.42983853535705,178.54852780690703,1.7027781290472686
5763.0,26.233387065633984,181.4610220438596,1.5523777219991406
5764.0,26.12706514335953,184.62228976541383,1.4167304845614144
5765.0,26.047705715242092,187.787881174041,1.332142160128237
5766.0,26.078482836597964,190.94788284635447,1.3040800415112979
5767.0,26.437290831298775,193.67338965061887,1.3416640328569287
5768.0,26.652660649009814,196.40919310750522,1.4291887846131857
5769.0,26.339757674732567,198.58328731974305,1.5104271123319226
5770.0,25.675200614410844,201.18706249284878,1.6304800455823507
5771.0,25.305550649893544,203.49087491391896,1.7894316318190322
5772.0,25.286521474613078,204.750743464996,1.890465393368642
5773.0,25.492107653943897,205.12273631599504,1.7960298441217448
5774.0,25.978097966200536,205.48918828481905,1.5967088674014918
5775.0,26.61860917493851,205.9935285788926,1.4334981239203526
5776.0,27.108952221225636,206.36555581290406,1.4064922506331876
5777.0,27.23745402869905,207.2069006857446,1.4165542832275395
5778.0,27.047285066616197,208.5969063254711,1.342612965936533
5779.0,26.899638065493207,210.11407780481252,1.2065038251177025
5780.0,27.213167731028182,210.86480799575105,1.1046743189766144
5781.0,27.928143401501405,211.3787821672928,1.12103306655648
5782.0,28.463370436024018,212.37188772978922,1.1994446845182245
5783.0,28.381654139143382,213.74691260058395,1.2420208018404173
5784.0,27.626353944774404,214.99960590262285,1.23804340802252
5785.0,26.736344387670417,216.53060961913724,1.2735356100571225
5786.0,26.11420413598658,218.1857671464565,1.31963343203394
5787.0,25.74508469460687,220.15356333103384,1.3106262955177743
5788.0,25.431786971137825,222.13985072744487,1.2349951801733572
5789.0,25.145399898747584,224.14913803134655,1.16238305643769
5790.0,24.796995589640908,226.1982659450855,1.13430210731044
5791.0,24.20986872425625,227.63901778794508,1.1432407747863846
5792.0,23.27816142017809,228.26646917359056,1.1474728035704653
5793.0,22.490778033451374,228.76532461759862,1.1608812202663208
5794.0,22.049882205106652,229.37640332392752,1.2132431001709227
5795.0,21.755446070091157,230.02359007794848,1.2890885618737298
5796.0,21.423772811870272,229.92619669600722,1.2918744495029024
5797.0,21.20819999726682,228.8908768370172,1.2412480441561347
5798.0,21.207976736005843,227.95468692101505,1.1611010503851205
5799.0,21.25733294869031,228.34287406293487,1.0980937393441024
5800.0,21.57058864868245,229.69969616559047,1.0664390527583298
5801.0,22.193308345969402,230.94347062868937,1.0228942781191697
5802.0,22.865473811274494,231.94952504427667,0.9265938699984516
5803.0,23.042234262163248,233.3728659394509,0.7787729095068322
5804.0,22.830994556041,234.3731435233101,0.628840324609921
5805.0,22.48079752869696,234.74811955750275,0.5290591885967026
5806.0,22.057732474149958,234.593693291091,0.5100090370116889
5807.0,21.403575387024034,235.0339244383335,0.5233742740741322
5808.0,20.792689377970028,236.27018152570935,0.5083512607147536
5809.0,20.541923041411234,238.38693120183876,0.43248109692570247
5810.0,20.59123214743457,241.3690689715758,0.3102227769941316
5811.0,20.73821523639977,244.4338110932672,0.18621524966022246
5812.0,20.80561843052247,246.74443419874285,0.10020131946864638
5813.0,20.88612395533188,248.35341056497944,0.0518314569509529
5814.0,21.00907635964281,249.81721927680397,0.026159387669049596
5815.0,21.000821251824092,250.72171483046245,0.012149530784508101
5816.0,20.88922847124961,251.59836600070443,0.0021825397558755994
5817.0,20.808520806910774,252.26548955227688,0.0009176440381695989
5818.0,20.85524154850552,253.0906365182707,0.0054359551189449
5819.0,20.899031732944977,253.22422047863907,0.0029581546187663994
5820.0,20.914355619777698,252.6593909256532,0.00022339786225000004
5821.0,21.01176809909464,251.6042618858338,3.491781735689982e-05
5822.0,21.32468787167315,250.84670748501568,0.0012172688367843999
5823.0,21.87052461300929,250.33486758546567,0.007308034007961597
5824.0,22.360306539479225,249.520665172747,0.0188909878313601
5825.0,22.520473823325254,248.20456990068044,0.03842213504492249
5826.0,22.465649816720717,246.73735303765773,0.056341032362275605
5827.0,22.446093796550958,246.2971883404789,0.060880094642766384
5828.0,22.550332520858515,246.75676458367366,0.059169049494672096
5829.0,22.591432589345587,247.93847449134765,0.06228855414056251
5830.0,22.75428894979645,249.3884897765462,0.08159711080832639
5831.0,23.021577156211524,250.9053833088468,0.11227020275085159
5832.0,23.472842059703527,251.8015462599801,0.1467243070642881
5833.0,24.056159682416578,251.89885694886092,0.20625846256819688
5834.0,24.50730331938022,251.256557415185,0.2842107289170724
5835.0,24.66573704976388,250.48504854900833,0.30241785757710243
5836.0,24.661962782958316,250.03689056800738,0.2718393046280521
5837.0,24.569571608691284,249.9528583281104,0.2491069290035769
5838.0,24.49340937632999,249.75107497669438,0.27177853572586896
5839.0,24.408448257976683,249.3471135086328,0.33633038040240043
5840.0,24.37011661365263,249.61622219822615,0.3973535278848256
5841.0,24.43030642184148,251.240096978136,0.43353140809824037
5842.0,24.575586422686385,253.19904575120268,0.4072486578385369
5843.0,24.61060550557376,254.19373310297397,0.3461563932193249
5844.0,24.310742302444403,254.17510830090356,0.29267876026428497
5845.0,23.717094897800393,253.80504136409763,0.2542762011601249
5846.0,23.068426874902443,253.16876186522396,0.21546748213256248
5847.0,22.640304890507036,252.1582137757431,0.19615420059114008
5848.0,22.467283274316227,250.5250268547098,0.1954618798967041
5849.0,22.37254657579577,248.52608359115945,0.2365376551008769
5850.0,22.21782302983482,246.6237808912592,0.3323516389102809
5851.0,22.02565570228101,245.04153364823446,0.4804086111595224
5852.0,22.226659039869002,244.051744653282,0.6321801935257602
5853.0,22.90344795285699,244.078905776178,0.7481882898502883
5854.0,23.672216998113274,245.16219360640784,0.8121822578534025
5855.0,23.91850378588447,246.22211307488905,0.8225866721406094
5856.0,23.664767765359414,247.36060611160147,0.7683178486602564
5857.0,23.312564419664824,248.5511816432068,0.68298340446961
5858.0,23.035898102585296,249.04989807920418,0.6182984818913765
5859.0,22.652306903569357,248.84948983229458,0.5557591421055026
5860.0,22.31535507082987,247.95324798187966,0.49991123207688004
5861.0,22.451856005087095,246.5425949793235,0.4449317423865617
5862.0,22.992024136900003,244.46274211712893,0.3868486836459921
5863.0,23.556554369520065,242.60331986328507,0.31224719169208887
5864.0,23.80451102361743,241.678013085491,0.2829722281277956
5865.0,23.736184053541074,241.45890929760947,0.31797637556872366
5866.0,23.245369826843756,241.54611180148456,0.3706622185741225
5867.0,22.7290089564246,242.47151757528923,0.3597475282807849
5868.0,22.464268377517104,243.75132406639872,0.25542757304646496
5869.0,22.39350805582264,244.3561903751778,0.1439043512564529
5870.0,22.404053819924876,244.11752648387227,0.0784608333961321
5871.0,22.44473550965975,243.51148771133532,0.050976102654054396
5872.0,22.60517259267547,242.83849120384153,0.03571551543054009
5873.0,22.852605255076814,242.13463539848138,0.0272987124271684
5874.0,23.08210216029964,241.85701017574692,0.0209132784107776
5875.0,23.067743034494335,241.91305976196793,0.0163648286515081
5876.0,22.81514483888643,242.54502123349474,0.009806400203652898
5877.0,22.38767280881382,242.98123472428074,0.0013899147160335993
5878.0,22.092982626672935,242.8018622249405,0.0012025449579529013
5879.0,22.119898537983346,241.71953698242365,0.011755193472676903
5880.0,22.40634403448532,240.18433873698305,0.0265119089820484
5881.0,22.595231192100332,238.54411465092508,0.028806365166384403
5882.0,22.77569504926099,236.66202209471115,0.020652589967808103
5883.0,22.954412112421693,234.60378540966659,0.015263599290483605
5884.0,22.901895576056248,232.50127771973504,0.017171782993322497
5885.0,22.64917834351179,230.48530746175018,0.0269858287988496
5886.0,22.346961296767862,228.90957653337364,0.04099949892788891
5887.0,22.197204212602806,228.13090571776888,0.054922889411068904
5888.0,22.273023677998594,227.32008484327432,0.08169343253359691
5889.0,22.585619039294365,226.51156440468532,0.12393504834481002
5890.0,23.009945871294352,225.9955748694606,0.16139032727622246
5891.0,23.227596154352717,225.74568450653067,0.17095793706435997
5892.0,23.099075803917035,225.44282266576224,0.17254413330186238
5893.0,22.67683600424643,225.14361310905062,0.17740508481872888
5894.0,22.13775428100625,225.16906404657607,0.1799855000391204
5895.0,21.69558590600329,226.01316068882815,0.17836214744412496
5896.0,21.386137042928738,227.12435849938643,0.17451963271492088
5897.0,21.18828389723435,227.89229076365143,0.1776526483597321
5898.0,20.940494255119106,228.7567194866714,0.19314477112011216
5899.0,20.522007237535284,230.21576736836738,0.22430596796244012
5900.0,19.986942466359707,231.74700686898015,0.27098822115278404
5901.0,19.51553150703214,232.59270238551582,0.3385911307925056
5902.0,19.115764090430314,232.91156430366738,0.39421801194890893
5903.0,18.744358105100243,233.08184471913125,0.45095921593290084
5904.0,18.530213080667565,233.31281922671184,0.5365453504553537
5905.0,18.56903520264251,233.11685055805648,0.6314476439142399
5906.0,18.8566107616128,232.64834529050958,0.7139781370689529
5907.0,19.05975001134697,232.5587421101807,0.7758692049899845
5908.0,19.090765711891688,233.67779613009526,0.8205492760430625
5909.0,18.903215362931498,235.45595615173966,0.8319009990880448
5910.0,18.677649689989625,237.1913277144924,0.8257215325146843
5911.0,18.596464984077127,238.36686577195766,0.8187176184456258
5912.0,18.747202678415995,238.62585870288027,0.8110150317915129
5913.0,18.99868796320243,238.74133762662166,0.8083875532640626
5914.0,19.150519991005105,238.77929669287116,0.8675403290004026
5915.0,19.31025321402863,237.7347499368663,0.9953263136345766
5916.0,19.598094192623304,235.8076843875136,1.1247678721145478
5917.0,20.116062986127297,234.31361177315196,1.1334207481195226
5918.0,20.8640651762104,234.06907129180127,1.032084079638852
5919.0,21.57482028961691,235.04239816342184,0.9685400819540357
5920.0,21.889361401861976,235.96128843677164,0.9831668017133824
5921.0,21.90008243171072,236.54793310679284,1.028117700410732
5922.0,22.130031475835427,236.59773315588907,1.088599108841821
5923.0,22.60853357129564,236.43980141978068,1.1588903584132904
5924.0,22.952358798861237,235.78219160832066,1.2050560285201937
5925.0,22.916793441855496,234.66605194980264,1.2315774674131603
5926.0,22.708334554858638,234.3914485388767,1.2393945626953802
5927.0,22.732681601552045,234.57985385575995,1.2194794396981852
5928.0,22.93579728625557,234.82770521232987,1.1560469760140626
5929.0,23.08944739800696,234.97152694596105,1.0906680712853027
5930.0,23.07426303276871,234.8762397228504,1.0680900877221138
5931.0,23.024641696288015,234.23908336688177,1.0846348074223207
5932.0,22.959612066166716,233.11388610064034,1.119656386810949
5933.0,23.128875270706153,231.92624826562505,1.14778932261049
5934.0,23.746243808018775,231.2862770187729,1.2445961142315023
5935.0,24.389805419160883,230.74678993441248,1.3739420458895077
5936.0,24.63853132811111,229.4169372444858,1.4671378998219027
5937.0,24.538980218172252,228.0651285998661,1.5238541123804195
5938.0,24.605855070372368,227.44524683406672,1.544995824917532
5939.0,25.013518026876618,227.6051836467056,1.5695439208473603
5940.0,25.349810688226203,228.39633060511332,1.5959890449651601
5941.0,25.445859677106547,228.87257003594223,1.617519346324676
5942.0,25.431756612323905,229.0822789711559,1.62297372489122
5943.0,25.498642349893444,229.62213872627277,1.6487760561855629
5944.0,25.934034336103366,230.40789405957187,1.7238657472260623
5945.0,26.296151496993932,231.2866623921636,1.8628948757240649
5946.0,26.261380441495373,232.25624089878823,1.99491469156196
5947.0,26.1249169413906,233.31383193251912,2.0824612995710736
5948.0,26.29099085126978,234.34635953049772,2.08482353010724
5949.0,26.737871943564457,235.18019642983742,2.0196105905904016
5950.0,27.237777813408005,235.89579907312614,1.9438001927455226
5951.0,27.71544900833482,235.9710510877025,1.9246857774972028
5952.0,28.127934192434704,234.94606315830114,1.9488395924714026
5953.0,28.335329945759753,233.55744493390284,1.9622783497171714
5954.0,28.463181573537128,232.91112630053266,1.8957243488313635
5955.0,28.610830271713738,232.56042783461587,1.79727136875225
5956.0,28.653947908313054,231.897559308871,1.7194449579801665
5957.0,28.48972139883085,230.6460214603006,1.7249091836296808
5958.0,28.300335877635998,229.58928969414492,1.80245757977645
5959.0,28.209184720476173,228.91012302055813,1.9141599095636228
5960.0,28.306134656793976,228.1751248290276,2.0015877064195444
5961.0,28.368730913031808,227.69669391363868,1.9945001129539983
5962.0,28.30086871191296,227.85718884789904,1.8699366777114386
5963.0,28.244891952970377,229.11449775588736,1.7033052472283168
5964.0,28.313193393645058,230.63662989367768,1.563207655105981
5965.0,28.298696869138812,232.17834687482812,1.4751532244044998
5966.0,27.953332088215564,233.69190886152649,1.4351500186276012
5967.0,27.50188620125185,235.11597691406405,1.4120521843359204
5968.0,27.13821781190541,236.93424539801245,1.3878521999365325
5969.0,26.818207641174016,239.59024625263496,1.3468968907356769
5970.0,26.223983058046777,242.41168654385598,1.318117904038786
5971.0,25.22734823527455,244.9420350325133,1.2901600385084944
5972.0,24.09967507798116,246.9931092496479,1.2410007679245796
5973.0,23.32074390559448,248.40921020726802,1.1139246747316902
5974.0,22.979058846953023,248.92859020919278,0.9133427071171226
5975.0,22.843837908948473,248.34215576379023,0.7080252283735227
5976.0,22.63083386159376,247.1765457263475,0.5543996891236442
5977.0,22.19028899479644,245.2874407845891,0.4647000426925921
5978.0,21.744851250643503,243.03668575961453,0.40634461883675554
5979.0,21.520572527314958,241.19511326539777,0.3567301986341024
5980.0,21.70749347509122,240.11858262632805,0.29349063546501764
5981.0,22.030190363198365,239.38964216783992,0.23125844292782438
5982.0,22.33611828419947,238.98924381680135,0.16157544318167041
5983.0,22.76264892065481,240.00465984653908,0.1010462766601729
5984.0,23.539750246461804,241.86066640661065,0.05492962501849
5985.0,24.533175736063814,243.76887256201837,0.03260112997430891
5986.0,25.508151061017873,245.0833232556458,0.02581253530384
5987.0,26.317617897095793,246.70498048229885,0.025611140411736108
5988.0,26.696278367052344,248.79828030841142,0.03598961850649001
5989.0,26.482231378390328,251.37403013975998,0.058089681144360104
5990.0,25.916065749596715,254.30417775180624,0.07400545147472491
5991.0,25.222769363089903,256.63697012945966,0.08327801816007611
5992.0,24.481993373396683,258.83131957287196,0.1033386018127684
5993.0,23.990578075235764,260.80334871256605,0.12136550990278093
5994.0,23.70728340681801,262.3965002666821,0.1355044199355625
5995.0,23.456872280264026,263.40482304011636,0.1383101455365184
5996.0,23.506559005683947,264.4178317813747,0.12705330179443694
5997.0,23.6843925982506,265.12104600099934,0.10459587801337962
5998.0,23.73258165372726,265.4509406227042,0.08085590066695841
5999.0,23.606502755333576,265.51671166874695,0.06146144064507239
6000.0,23.472152057261027,265.76126609629,0.04639503187240361
6001.0,23.43707985329793,266.4092665834703,0.03779570690899241
6002.0,23.339166521467526,267.46676667995,0.028683327843940894
6003.0,23.14904734868157,268.2757737651963,0.025499404617208905
6004.0,22.905893825944446,268.7385967106172,0.025256265652840004
6005.0,22.686661211089785,269.5187985025672,0.022564305881640007
6006.0,22.558299010567364,270.93100348992834,0.014974296977640104
6007.0,22.545682719918126,272.85666572844207,0.011262744856166403
6008.0,22.430528880691686,274.0959887637648,0.013517045639608895
6009.0,22.34082668335405,274.6714829477627,0.016272517967888405
6010.0,22.192822741072295,275.38194098546154,0.012677388569088104
6011.0,21.833962960703722,276.71681989666394,0.007207470046112397
6012.0,21.319880020451716,277.7378806549276,0.004947870349210002
6013.0,20.79487116502679,277.6700453365659,0.006273037590300101
6014.0,20.375391974251688,276.90613075552085,0.010209126057648402
6015.0,20.029161032580298,276.7150027132781,0.0134183657910289
6016.0,19.79365937092304,275.81864749678226,0.009169230687210003
6017.0,19.545243298920063,274.35169114083703,0.003142715751604901
6018.0,19.26965484756225,273.27671639402564,0.0005345061939721008
6019.0,18.95800681193324,272.96185826063237,0.0004888445826288999
6020.0,18.79960424106908,272.7500322073819,0.0035270723255055995
6021.0,18.78512892820773,272.82110315932243,0.003913251884880099
6022.0,18.84581713756422,272.9170311682804,0.002859077259715599
6023.0,18.744085262547117,272.91226378958214,0.0038019716316168993
6024.0,18.493059404543832,272.66490426638353,0.0078807644852689
6025.0,18.19819340426808,272.0150491323441,0.014607332976639997
6026.0,17.967357619264,271.1187966797143,0.023305380921
6027.0,17.85629379448606,269.5622883065107,0.0314071871417329
6028.0,17.76440450383872,267.5388781388835,0.03980839400656809
6029.0,17.845733123194677,265.57825960304683,0.04825736484184809
6030.0,18.043967955888643,264.57929135334217,0.05864301543424
6031.0,18.2701160517127,264.2849010834484,0.07314271569081
6032.0,18.387993803144205,264.56714184633114,0.10032389819067038
6033.0,18.419705178578564,265.07114758029275,0.13460457387420158
6034.0,18.30689622503169,265.7837932602085,0.16899503743080363
6035.0,18.131612079266223,266.94947744005003,0.2088753331700161
6036.0,17.957951021472358,268.542985455619,0.24588521226705962
6037.0,17.825917558949495,270.0980266357697,0.2474232441105649
6038.0,17.79425677841065,271.55724457035564,0.19723076986702412
6039.0,17.688832204431236,272.38786867991894,0.1314806165185536
6040.0,17.54304127746513,272.40109198726003,0.07393077373657961
6041.0,17.354584419077888,271.960724632208,0.0339966223577929
6042.0,17.27106171078396,271.93425750887275,0.010348734507412898
6043.0,17.270969617344075,272.8701534775139,0.0014101106460735994
6044.0,17.311177678155712,274.3178534831588,0.0004476292275624995
6045.0,17.346228246518514,276.069755598102,0.0016457812853328986
6046.0,17.28425031357026,277.44845089070634,0.0024305787408099994
6047.0,17.141648284791923,278.058699544999,0.0012657058520975989
6048.0,16.84095849873622,277.74291164970646,7.363245060899955e-06
6049.0,16.49839056716879,277.40597605175884,0.003299161753188901
6050.0,16.27527093355214,277.71113688627594,0.0158264224856721
6051.0,16.20083269066564,279.02254560870654,0.0389265639393856
6052.0,16.107298971028797,280.9549921880523,0.0676408469685316
6053.0,15.910326160176,283.73065506510585,0.08370165322126438
6054.0,15.829585161754856,286.6867005397171,0.0641367578455696
6055.0,15.85093298958192,288.3057002617678,0.030803510876304094
6056.0,15.776704083461203,288.6130270466501,0.013946915580643607
6057.0,15.697680136088042,288.0219193081689,0.009838031212922498
6058.0,15.712259272540791,286.9858169011948,0.009766951841852107
6059.0,15.889043275455439,286.41922928214103,0.011644818452545601
6060.0,16.184403241264295,287.0365567464855,0.0161291600203969
6061.0,16.485171257442254,288.72493340240607,0.0256037345361889
6062.0,16.60085799966651,291.0130576009294,0.04384624089760361
6063.0,16.438104787821295,293.29839083516003,0.05401570030732839
6064.0,16.198918122960958,295.4569796052619,0.0345811327576009
6065.0,16.11025609219472,296.5384858397611,0.015778424788840003
6066.0,16.029137333313063,295.84188787501193,0.020145828096
6067.0,15.965668596117313,293.8891372080722,0.045750493510322496
6068.0,16.02619327135075,292.690298862161,0.0731684755307584
6069.0,16.116862050810195,292.6416438122234,0.0958080099331161
6070.0,16.201645917083315,292.74226080607343,0.11315034725575839
6071.0,16.262232067604725,293.3180647790223,0.11696233788590492
6072.0,16.270821769271844,294.8568708104738,0.10500331497662252
6073.0,16.126011696321118,296.75776652095396,0.08760059683704041
6074.0,15.847548647550118,298.1240973244956,0.06788671416962412
6075.0,15.600682183950614,298.6596745671744,0.050907859007289995
6076.0,15.57317335164744,299.4449654281856,0.04074579629057439
6077.0,15.637263067876246,300.6736187348639,0.03315373090835561
6078.0,15.481071100716596,301.5207828915746,0.022576111257180096
6079.0,15.323297958472462,301.5390692225185,0.011834676641290006
6080.0,15.49392975794104,301.1826486087177,0.0076885013928099976
6081.0,16.044151696989825,300.9212514861326,0.008399451218190402
6082.0,16.644022097725617,300.9104266574168,0.0158395615723024
6083.0,17.000472794715964,300.6104522940883,0.024098845958280907
6084.0,17.0679081429296,299.22093373501406,0.023924197856760098
6085.0,16.95358736440649,296.238600725534,0.016935323838924106
6086.0,16.841711877935627,293.4047721940501,0.010259141450256403
6087.0,16.829016993395882,291.99120621409,0.007455785412672102
6088.0,17.066244826368198,291.8070464016101,0.0065213764854016
6089.0,17.601916748838264,292.472147779816,0.005561102499839999
6090.0,18.29996460302073,293.21687797336824,0.0042446775584160995
6091.0,19.048823937377307,294.20844149702924,0.005783798710664099
6092.0,19.70572973126951,295.6552805472369,0.010567825608004896
6093.0,20.09356577197748,298.21580243044787,0.015895906676260903
6094.0,20.238067668302524,301.4033737845842,0.014573608129440007
6095.0,20.047545965641966,304.2388593212649,0.0093431459340025
6096.0,19.698045487033916,305.72427941193115,0.005150393203737601
6097.0,19.479259771868474,306.1857426709695,0.0019401743277081007
6098.0,19.42340619878441,307.1592325603358,7.371876614400083e-06
6099.0,19.411044033035292,308.7059756363371,0.0017605182397608995
6100.0,19.422055680088903,310.35575119603214,0.00369255536896
6101.0,19.484950553527685,311.00680515634815,0.004289562277562498
6102.0,19.42111434643963,311.1794058004505,0.004236921597889599
6103.0,19.078245706512607,311.9176163210293,0.004181418669932099
6104.0,18.79216777804356,313.94496052591325,0.003910973927328398
6105.0,18.691754788642367,316.6430230722705,0.0043486572969225
6106.0,18.523134979587397,319.5587659811248,0.0040859492132448985
6107.0,18.298690768269616,322.6435038761369,0.0029760821801103985
6108.0,18.136480292286414,325.97439982245425,0.0009322756915760992
6109.0,17.978746683884456,328.5436236465399,2.5358173776099813e-05
6110.0,17.779814565905824,330.4620953090659,3.0915268022500154e-05
6111.0,17.620179470780066,331.59344759975045,0.00010581125933159994
6112.0,17.500855305653573,332.2055206035059,0.0021805098785649
6113.0,17.499787299325575,332.662362347498,0.0064973691511876
6114.0,17.76817929634051,331.8876549637229,0.012191207230439998
6115.0,18.25754212125563,330.04324154669365,0.019949090701562495
6116.0,18.755016017490192,328.24467407882355,0.0330598651546384
6117.0,19.127573100765613,327.8165448562867,0.0548558839496889
6118.0,19.368013933155932,328.18766215613135,0.09998366053572488
6119.0,19.62719959176101,328.76501141128597,0.17397427861301756
6120.0,19.827393108175215,329.57813212134016,0.26009338024212003
6121.0,20.160750157241768,330.4524098132009,0.33650793505644155
6122.0,20.76563845762766,330.91936378254917,0.41820800783520157
6123.0,21.354365671368136,331.0386705335856,0.5172981221433599
6124.0,21.62362215255884,331.424156808928,0.6306023380904677
6125.0,21.538824843936606,332.00789120240574,0.7845882271690224
6126.0,21.255717989769906,332.81902198858256,0.971056104206804
6127.0,20.931271360990007,333.72215573159303,1.1825982217118223
6128.0,20.732250299412243,334.4434276742301,1.3620729954341686
6129.0,20.694123478485942,334.0388923910147,1.447128111410304
6130.0,20.934014663225796,333.14105810674965,1.441234296381072
6131.0,21.35267115553241,332.0458034358185,1.477286663411712
6132.0,21.88393960666638,331.5759005935404,1.5708268393382157
6133.0,22.326488171343,332.1695719801921,1.6939656857038965
6134.0,22.539878857828338,333.5569879367439,1.816288228058864
6135.0,22.597146680545187,335.041199218352,1.9371407546889616
6136.0,22.26736185398992,335.3694752161443,2.02181911851506
6137.0,21.584617526010533,334.32946528850727,1.9823272855571021
6138.0,21.063014495127078,332.8413073166907,1.8730001035468835
6139.0,21.15285993042435,332.51560829981054,1.828219597461224
6140.0,21.420329192563017,333.315147603874,1.9713489329610756
6141.0,21.42058661438496,334.34324549555254,2.1860031750715456
6142.0,20.96242270356434,335.50677118964086,2.3779215333291663
6143.0,20.402173045239657,337.0805673077112,2.4567631989385106
6144.0,20.06485244099626,338.9805197150939,2.462306571523822
6145.0,19.97835379032243,341.03039185886735,2.406504976688132
6146.0,19.852601091400608,342.66515148907,2.34909412699323
6147.0,19.560033988232195,343.1881776547854,2.2568633159331606
6148.0,19.233647171595965,342.8856777650998,2.0495808634126327
6149.0,19.093868563911865,341.8735726913558,1.8698687704491024
6150.0,19.132092951015046,341.3965952282428,1.8455856924952225
6151.0,19.19625086840792,342.8393571411678,2.004471432853345
6152.0,19.225088011256446,345.2100460408375,2.2996169630214403
6153.0,19.549047577901646,347.3466343047278,2.6097099453965087
6154.0,20.180888219215916,349.3485682748312,2.7892270957902845
6155.0,20.8669533540996,351.8120422661348,2.867879895668928
6156.0,21.22781537623331,353.97548077911256,2.8951234507288124
6157.0,21.27044770154899,355.5859474039769,2.963859870391873
6158.0,21.105900718868178,356.6500961514949,3.095909152403376
6159.0,20.80835521986212,358.08834599986176,3.2195934852114045
6160.0,20.59202889439104,359.99376030891233,3.216263258744035
6161.0,20.497110627407306,362.47976347269775,3.1053699864359996
6162.0,20.624749119243372,365.788587982896,3.057619550941301
6163.0,20.917900839908082,369.4887958677448,3.1107034410834498
6164.0,21.439343320616825,372.6533777428398,3.265254204162073
6165.0,21.883586978387545,375.5589397626914,3.402926391155062
6166.0,22.11381727444362,378.4585848415453,3.471834717796
6167.0,22.145361068523922,381.2912204969258,3.4989442460731794
6168.0,22.1729357847598,383.6903379083897,3.41619998887818
6169.0,22.40285413577731,385.2517776360816,3.2179703303254437
6170.0,23.052344084947354,386.4820395357306,3.0380015905849596
6171.0,24.02274345446803,387.8108807165936,2.9283572596318095
6172.0,24.973632656037005,390.0217074415726,2.8249427148284276
6173.0,25.72666433521556,392.5008849393194,2.7233898186949443
6174.0,26.30556525453772,393.8973271087964,2.604001096291898
6175.0,26.966387384322356,394.0301113207565,2.4787737440205957
6176.0,28.052460354439873,394.21161458035954,2.375131363191054
6177.0,29.383709324613054,395.548048836744,2.2751836468220157
6178.0,30.654564756059727,397.84249992654884,2.2096162498928393
6179.0,31.533024323128014,399.7267366864725,2.1863964478690487
6180.0,32.12842820964692,399.95801390182805,2.16035290063321
6181.0,32.508413836289606,398.94272077446317,2.0698483096866274
6182.0,32.68802630213004,397.59451060234744,1.9695170488707285
6183.0,33.007824712770194,396.4013354072593,1.9012745897717793
6184.0,33.467329828418336,395.8742804963506,1.8636928967711046
6185.0,33.86639076734503,397.1541311431626,1.8600205945335182
6186.0,34.2192668983638,399.3749135991308,1.9045866633738167
6187.0,34.8019258462528,400.62456801309787,1.9417573589078112
6188.0,35.604379407895486,400.29770137071324,1.9248133585195448
6189.0,36.508187486420304,400.20344706261545,1.8698788074094141
6190.0,37.51895168374483,401.1334149579129,1.8757823286395208
6191.0,38.8226828377663,402.4225384676218,1.9309388850983529
6192.0,40.31262838625748,403.6044834063019,2.005570125913141
6193.0,41.464445658808195,404.6760131897908,2.09076012410521
6194.0,41.92057892534272,405.36963989529056,2.226103508335297
6195.0,41.69306130643028,405.9959294357161,2.381172176886278
6196.0,41.35243591756083,406.963516435834,2.466033890171545
6197.0,41.35291435454086,407.65124869773757,2.4240561538153247
6198.0,41.65285709227209,407.6514445443999,2.3085561216363555
6199.0,42.13716965026721,406.7458018268059,2.3055573274621923
6200.0,42.55999762376972,405.08067724690864,2.3985293329603317
6201.0,42.66352030713123,403.0442674907714,2.4359697173972354
6202.0,42.37510059764832,400.7283856895058,2.3688059390292047
6203.0,41.92486950040357,398.44877406196775,2.291750088128453
6204.0,41.488181570246645,397.0288694467272,2.2941162751267217
6205.0,41.17508931048942,397.19805327730484,2.3277642432235126
6206.0,41.15805079597048,399.06413803980513,2.3808262870941697
6207.0,41.20006567187096,400.95858601734926,2.4766165131563023
6208.0,41.000112087626334,401.8105630126563,2.597423426192712
6209.0,40.62683844690434,402.038484941255,2.7132802269581378
6210.0,40.09197819768948,401.58551886258545,2.79324502704016
6211.0,39.592770231709096,400.1859616085523,2.874588985888464
6212.0,39.3904760620569,397.63443900436204,2.961568606383139
6213.0,39.54976223781242,395.28222989172895,3.1356345738627356
6214.0,39.66188921319059,394.98545294117207,3.340514522785502
6215.0,39.51938922927821,397.05117246531177,3.517577971149318
6216.0,39.1515364281677,400.2649942741967,3.66495454453041
6217.0,38.64518021602355,403.1593210031343,3.7628290446856636
6218.0,38.35261706888305,404.9739757732904,3.7895398180099216
6219.0,38.47655409004678,405.85014552278193,3.769987946662662
6220.0,38.916836298429445,406.7324334159767,3.8550700093995682
6221.0,39.30076610382394,407.4241826206814,4.016286825125706
6222.0,39.75028829880202,407.07726488348925,4.249656705577203
6223.0,40.31012200607907,405.10737966857465,4.493846061069423
6224.0,40.87916657603034,402.8477048275238,4.666819702104582
6225.0,41.37644246312625,400.45052398602365,4.656433017656382
6226.0,41.823704730885005,398.2580191018967,4.544041758939156
6227.0,42.28618128275146,396.6070290364241,4.417967131119366
6228.0,42.74209543274208,396.07394327100275,4.313100981376436
6229.0,42.99960072764929,396.1185396482018,4.278411641890909
6230.0,43.006707284387,395.5560010504896,4.353063165696185
6231.0,43.02417025423031,394.4817853024842,4.513622494557713
6232.0,43.05657762958622,393.9506002283005,4.650260989815106
6233.0,43.18105030759185,393.85074476119826,4.783763438865825
6234.0,43.419984398785004,393.55360075830066,4.927975900324071
6235.0,43.74418631786667,393.09421308725734,5.070138389062369
6236.0,44.00637676441585,392.993144748592,5.158666686093626
6237.0,44.075884951558464,393.1706451870965,5.168540573462003
6238.0,44.02422476747612,393.4605953181839,5.085526975387691
6239.0,43.99829433330342,393.8161906298629,4.934735161759905
6240.0,43.92620965220831,394.14302332898876,4.780637329878261
6241.0,43.6905687408166,394.9805305045124,4.621720227887821
6242.0,43.72265781869076,396.5096956908723,4.506736805512218
6243.0,44.21081791860413,398.0415941819687,4.516993773709761
6244.0,45.03959740733209,399.13125181506496,4.668237732710251
6245.0,45.667329137843645,399.2445614168682,4.874426938972995
6246.0,45.67855311631193,397.987129471402,5.05756915623792
6247.0,45.186287196848156,395.9927242024168,5.11926151391382
6248.0,44.83279072496389,394.04680987594793,5.055320232439446
6249.0,44.901654066291115,392.67584354731514,4.957824333465218
6250.0,44.93834345864557,391.32232016438013,4.883594939657634
6251.0,44.9294714049072,390.39926512618916,4.8048254208774415
6252.0,44.81397020204112,390.8969646178874,4.741227490547281
6253.0,44.58041192036947,392.71768664815704,4.742204338642884
6254.0,44.352817762030845,395.52187893301385,4.814136025584603
6255.0,44.21293156663709,397.9245045085166,4.9680891808683665
6256.0,43.8608835251148,399.6279717433903,5.115376318008853
6257.0,43.39774636189763,400.7516247560112,5.255777203472277
6258.0,43.248075495663606,401.49939208302607,5.442498836072306
6259.0,43.57906143281834,401.238825297622,5.656704029821023
6260.0,44.07065466284409,400.19860064526733,5.7819276453657675
6261.0,44.38053707877218,398.81406593026264,5.8396705980042825
6262.0,44.32731229874592,397.3500247792586,5.956243057276404
6263.0,43.945511591126376,395.9451350243784,6.1657492574695825
6264.0,43.74180533230227,395.13706501716956,6.438306195980698
6265.0,43.9537913805621,395.8398601444466,6.682063593574688
6266.0,44.23443077159106,396.9812853915645,6.886547823293959
6267.0,44.31074838523025,398.2472040023015,7.058416152688641
6268.0,44.34651729061489,400.0748755036354,7.3451496747041976
6269.0,44.376248668962,402.16857646195757,7.666046169033006
6270.0,44.382401356579464,403.46988138512637,8.037635740047556
6271.0,44.31719157346353,403.7309637169178,8.451855855065306
6272.0,44.36375141527057,403.8664215746126,8.868781147329013
6273.0,44.57308690855009,404.44420464333916,9.169373439953128
6274.0,44.89766271497812,405.2626881862057,9.369708756004
6275.0,45.02932026290543,406.0935947299076,9.469259233820825
6276.0,44.90566824495849,407.5670301094496,9.520160727257093
6277.0,44.84752896835826,409.69278799559567,9.531562812357327
6278.0,44.754213439881006,412.6322950707278,9.547499437043953
6279.0,44.70331555021553,415.3536937395887,9.600346359588205
6280.0,44.91456569392565,416.73501459349535,9.75714477930184
6281.0,45.601109535939614,416.6172099483292,10.085651270377275
6282.0,46.22295655478595,415.28122032681,10.498371198963383
6283.0,46.27084314155624,412.8090194370525,10.883266467195751
6284.0,45.797471721255384,410.368331597349,11.139859393638986
6285.0,45.35478234037256,409.9757584476501,11.293814034766623
6286.0,45.186666860420175,412.4559282043012,11.386459415911153
6287.0,44.96969016177248,416.62660691097693,11.408552826153306
6288.0,44.57222366612084,419.4969732910701,11.351221181675877
6289.0,44.22807806288797,420.677064402232,11.423327145588866
6290.0,44.07707028072435,420.5958511866211,11.62011631024289
6291.0,43.963504921493644,418.5795320193701,11.788625254120563
6292.0,43.82456099854787,414.6776300059524,11.740162411775362
6293.0,43.49726030336228,410.57744896443666,11.511008987973087
6294.0,42.99042451809389,407.6944624952344,11.181102098040252
6295.0,42.1467398199092,406.2686211768996,10.990573185547156
6296.0,41.09897643848075,404.9231571108683,10.917219877998726
6297.0,40.46237532295824,404.4826095374792,11.015883338679666
6298.0,40.46815590120147,405.66624799790304,11.264458499293827
6299.0,40.87042330014403,407.40399408259134,11.587488593923204
6300.0,41.56858507479617,410.03364506762784,11.901390229869508
6301.0,42.35911032334353,413.8677030732534,12.038864653419024
6302.0,42.986145061051644,418.50032709226264,11.972415259079199
6303.0,43.2541964311959,422.00877363504554,11.766580828629902
6304.0,43.08039430440254,424.0154805694851,11.64010083878464
6305.0,42.800183265788014,424.2957205463488,11.637034483349845
6306.0,42.30559964981473,422.76457183248436,11.721466557264309
6307.0,41.368458502578356,420.1065479139107,11.714128674118266
6308.0,40.04937483558286,417.98539458331305,11.632752864755911
6309.0,38.77737121756033,417.1048173801421,11.49274275298704
6310.0,37.79192641299155,416.8964971010054,11.423458486598921
6311.0,36.98510931067455,416.13453670151335,11.369611622797121
6312.0,36.44702665830855,415.3861388809556,11.227563426006922
6313.0,36.164956691573266,416.08063595215305,11.034255918403504
6314.0,35.79047017068769,417.4470295332897,10.78485849239049
6315.0,35.43684970501479,419.2073803355059,10.665571977218814
6316.0,35.58980199381722,421.01761928930466,10.617266031334625
6317.0,36.18804937408113,422.2731078464395,10.595323094996724
6318.0,36.77216646371375,422.68817794223304,10.481420883505109
6319.0,37.41165445580516,422.47061655026346,10.27630796735761
6320.0,38.22556870752802,422.8374933566625,10.097414717684703
6321.0,38.96486046563759,423.00188470917254,9.996283909035203
6322.0,39.46971930024789,422.9233581637982,9.953594915045787
6323.0,39.775326516020264,423.7864810235746,10.025621288173824
6324.0,40.03889825308506,425.4205800398229,10.28836096475625
6325.0,40.2827403909791,426.35596003596544,10.62214815376424
6326.0,40.49721415168663,426.74240617466086,10.978271324421504
6327.0,40.76496654421174,428.110266078698,11.228409172659422
6328.0,40.97126298215362,430.2749770868616,11.381074470262737
6329.0,41.115185686718256,431.9021112469622,11.372043084516001
6330.0,41.332369136811266,433.1025391761204,11.110366701357592
6331.0,41.772328216793476,434.50513131780957,10.623262034757161
6332.0,42.33635159685212,436.33621811449336,10.189071672578201
6333.0,42.68062666759333,438.2957502125885,9.815010967849403
6334.0,42.51628593812584,440.3277767255705,9.441568068719441
6335.0,42.10370110688279,442.99591005292257,9.15115129706726
6336.0,41.71410556985763,445.8150115833578,8.984067697311035
6337.0,41.55233490563321,448.12836163694874,8.916581735651869
6338.0,41.600916024077385,450.2133989113494,8.765604449449322
6339.0,41.720730982602525,452.9365601700813,8.503824908261787
6340.0,41.66706579560999,455.4874293684231,8.151571970075723
6341.0,41.26280692863104,457.8345181407414,7.814603767979238
6342.0,40.68288119078824,459.7867192528109,7.477043111244698
6343.0,40.2784649998968,461.7685353248482,7.192856928919045
6344.0,40.23111310856001,463.873607652224,6.995968502914063
6345.0,40.499439455610656,465.67812278253547,6.89769446730829
6346.0,41.04983300924621,466.4192524884539,6.726689169343546
6347.0,41.50750657201344,466.33467268428967,6.40198136766769
6348.0,41.75763424149669,466.4262878695631,6.101113162861922
6349.0,41.93333707962026,466.97338592748895,5.8706329131332105
6350.0,42.086716216499,467.87656274178846,5.695808057288426
6351.0,42.0765634857579,468.9181337879809,5.5152854607909605
6352.0,41.79558470885224,469.9914046150104,5.313083869863074
6353.0,41.49207816013287,471.41157712213266,5.0550134198944905
6354.0,41.58866203089984,473.06785225513875,4.814969781099524
6355.0,42.28869360508805,475.27097481669665,4.655609262979487
6356.0,43.37242444769536,477.5279495520863,4.574650362516833
6357.0,44.37352999880832,480.0141948736892,4.580727763821711
6358.0,45.00296852982653,483.5859896133206,4.65418417723499
6359.0,45.17541032476618,487.77537803914055,4.74699888506794
6360.0,44.872028379085684,490.90335256539964,4.676624016285123
6361.0,44.139925366980705,491.14676169405686,4.367542196808903
6362.0,43.14908088961601,488.80720048521687,3.9190242187215025
6363.0,42.596084376307054,485.8551140489684,3.5753547162455055
6364.0,42.65865731012182,483.7013938708351,3.426043407672205
6365.0,43.17267515669706,483.4017919956481,3.401852232026766
6366.0,43.709969185460366,485.17738604237593,3.4096968242478733
6367.0,43.92473765568193,487.86613656160256,3.4182437341104897
6368.0,43.67899507141448,489.6191799010679,3.4543830686125845
6369.0,42.9952284902386,490.44112244240415,3.43538062234488
6370.0,41.99674727024526,490.736896798602,3.357537086167555
6371.0,41.018311170369515,490.2971009210909,3.3469481868728894
6372.0,40.3403534767957,488.81454688622546,3.5147177835349637
6373.0,40.08324493706635,487.27826562902817,3.7498567276939023
6374.0,40.18732089355676,485.6807143634086,3.8326367056406516
6375.0,40.37594850511113,483.31709793605495,3.87668136766242
6376.0,40.77848557431584,481.03131156142166,3.983915721591014
6377.0,41.44311671139912,480.32418815696025,4.047631358630761
6378.0,42.30791312214809,481.4416139022439,4.03142427657649
6379.0,42.757716314445936,483.73321593343024,3.981132860683969
6380.0,42.8644260959397,486.17905672259866,3.869670585073709
6381.0,43.05351400249187,490.01038751577306,3.7421459763805442
6382.0,43.67149086445517,494.01288363168027,3.6334754911400617
6383.0,44.17844953824015,496.9332087158415,3.683849644454633
6384.0,44.17921125186625,497.84958182061206,3.8911471304168463
6385.0,43.8244673916259,496.9935853074066,4.063381546561272
6386.0,43.45706260524841,495.06807720070776,4.161460179574433
6387.0,43.32217216687728,493.2668225480898,4.313155269116513
6388.0,43.36998603313913,493.2252816778528,4.532237563477562
6389.0,43.55457998460878,495.3478679916921,4.706410210800537
6390.0,43.46513499359124,497.73183879912034,4.842967550734436
6391.0,43.08236405297511,499.1462719641115,4.8946661935155635
6392.0,42.330938116102374,499.6468372102972,4.899192548939282
6393.0,41.87885721057825,499.22835428795753,4.926587359100724
6394.0,42.1077229217911,498.24244394830583,4.97578916151529
6395.0,42.9009221195082,497.7774377186541,5.025947289557252
6396.0,43.71938914992449,498.30859098531977,5.065810380989671
6397.0,44.25646274831961,499.3704958054406,5.048613400929282
6398.0,44.79933171497349,499.8889265857605,5.001754091996429
6399.0,45.44421211361542,500.40977204858297,4.929375738290063
6400.0,46.184144813635896,502.84925067187004,4.823957934836103
6401.0,46.807876153370124,506.44784202534345,4.812331009498656
6402.0,47.40448441256493,509.4456902233292,4.945206294572721
6403.0,48.27299564087424,509.8969838415719,5.035858602606736
6404.0,49.25583404505501,508.768547668825,5.029832335785714
6405.0,50.21121218932822,507.3213416525009,5.080664179040437
6406.0,51.30591843771241,507.23946285303384,5.234880805630717
6407.0,52.596799253603386,509.3403216030168,5.343550547098652
6408.0,53.837352178714795,512.7486024845394,5.344089813576564
6409.0,54.708550862293954,515.8760212867003,5.391791602016849
6410.0,55.30738374043928,517.2541187396891,5.503027282867304
6411.0,55.65265649021405,516.9415431134522,5.642004531837969
6412.0,55.87028618353468,515.3163949900028,5.731530609425941
6413.0,55.85674773466385,512.6311966872435,5.743703015753712
6414.0,55.55955930741225,508.8769891232039,5.737107974312167
6415.0,55.48020006938031,505.028404626396,5.784029569500904
6416.0,55.92286502054465,501.77099666825063,5.840397467835446
6417.0,56.696304383522616,499.3539250457404,5.909468748793214
6418.0,57.20292708889118,498.07175206609907,5.910991733509735
6419.0,57.40251171616692,498.2748555148066,5.760250706727973
6420.0,57.59663435755361,499.1703640760048,5.53305136508721
6421.0,58.049653645585224,499.49947306037967,5.3834959309809935
6422.0,58.78145481972784,499.89463241365115,5.353534389424361
6423.0,59.75591071832367,500.9160042379324,5.347592656439063
6424.0,60.6714411312375,503.0108859072614,5.343165115845988
6425.0,61.03968508400721,505.5185027821542,5.311265139955968
6426.0,60.925565175508304,507.64120021086177,5.263475187417721
6427.0,60.72817883583053,509.6365216070564,5.159084108508594
6428.0,60.76066555960382,511.8318768006868,4.996264999626024
6429.0,60.925264508673344,514.650135488345,4.792588277259648
6430.0,61.23602139539392,516.9102642825319,4.543843259455563
6431.0,61.72624558293123,517.5970601019161,4.251297381369503
6432.0,62.216354438207425,516.4036174354688,4.03229235299306
6433.0,62.09084270374951,514.0736962330202,3.8856992602176437
6434.0,61.14876031335858,511.8326917067449,3.709495722266214
6435.0,60.2250628680071,511.29058141749084,3.5078580570516285
6436.0,59.91130612411713,512.0754951785324,3.358030338499985
6437.0,60.13665705065412,512.7473756359055,3.310510599906339
6438.0,60.63501875043381,513.0916786029428,3.2960456965022495
6439.0,61.290099575712375,513.0452055172216,3.216248445323844
6440.0,61.8842415370552,512.9322405493352,3.107075542546819
6441.0,62.447808804534745,514.0333001980601,3.06873912445489
6442.0,63.07418366548197,516.9271620183194,3.0903293817728925
6443.0,63.76658089898808,520.8291149935221,3.1360137785091844
6444.0,64.53098126735212,524.8901387349418,3.1815274346246682
6445.0,65.23780299886083,528.676680917385,3.2223211459046
6446.0,65.8518810005575,531.4426481699312,3.2670093636182207
6447.0,66.065433491528,531.84431951979,3.3044783870111045
6448.0,65.89450565565588,529.9126072982491,3.3520604965214225
6449.0,65.68701373463645,527.058375056884,3.3225189810839524
6450.0,65.53265501017012,525.3461526416747,3.2317171644011076
6451.0,65.346561373284,525.6746922720586,3.158391215995142
6452.0,65.21247794804746,527.694363832825,3.1297625051177103
6453.0,65.10743543142696,530.3449369616486,3.1255347265328757
6454.0,65.15598708933675,532.2816504829278,3.1083979473959045
6455.0,65.45939250906441,532.6445526275054,3.05034119231076
6456.0,66.22662733505534,532.6381791241354,2.9905395000151693
6457.0,67.37406985193363,532.8457566979731,2.9786287756657934
6458.0,68.66282851145544,533.7440119749582,3.052625896869902
6459.0,69.70232001139973,534.8224122574929,3.1560211430459724
6460.0,70.31089698948603,535.747950713936,3.226484819616259
6461.0,70.53001283472481,536.8547518311466,3.309920714101562
6462.0,70.42230992537601,537.7997920925371,3.4107722210583113
6463.0,69.76352791390094,539.0857641153492,3.5222391704927025
6464.0,68.8305793407629,540.98217184765,3.674774977724468
6465.0,68.07879109472181,542.7465583662388,3.799180537762769
6466.0,67.92139508441406,543.3214427784583,3.9777766334224163
6467.0,68.18899326697128,543.9472853025526,4.240344300284738
6468.0,68.41841532930623,545.2608759332567,4.541679316608993
6469.0,68.39112576570683,547.5328806717971,4.859544030075023
6470.0,68.15533489432532,550.8685841516285,5.126217050201107
6471.0,67.90068690388503,554.2012306824635,5.36682385489961
6472.0,67.73846030210882,555.9497366222649,5.5608456243689215
6473.0,67.72031757279909,555.9174070777568,5.75094308303376
6474.0,67.75224451460102,555.484179211079,5.840960473838569
6475.0,67.83333365612434,555.3496491366494,5.8469174416
6476.0,68.03323973544413,555.2841615488112,5.8219553902671235
6477.0,68.38379486766125,554.2405060984316,5.8680491331519224
6478.0,68.89867443704804,552.249383830172,5.997336119084648
6479.0,69.57094794776559,549.4729799056,6.1105828302956775
6480.0,70.16434802056578,546.1516282081217,6.160962386937961
6481.0,70.40059496347892,542.6956227059129,6.200591436137742
6482.0,70.19949617791487,540.3169906773073,6.269407793150103
6483.0,69.70549108546446,539.4114655554662,6.194551181443382
6484.0,68.95895007192065,539.2331537005005,5.9868091486025765
6485.0,68.17014843587528,537.8293831275645,5.798677736049585
6486.0,67.52623633573799,534.0876739425352,5.74251254124308
6487.0,67.08306593964606,529.258885626055,5.7445387414050275
6488.0,66.73491745054227,525.4815619779848,5.74619695120057
6489.0,66.17572774125917,523.5246551187327,5.848949545507225
6490.0,65.53320742943438,522.3101153510248,6.0737803110465665
6491.0,65.07449404618932,520.6087046153227,6.327866579040512
6492.0,65.22466627089952,517.7586354083411,6.523833020387432
6493.0,65.57879133413437,514.9331610492515,6.7362661246339695
6494.0,65.5697608356471,513.6468595232668,6.888091582902761
6495.0,65.26318418425056,513.9681275563191,6.882962866191221
6496.0,65.15302504908806,514.1727288947422,6.778782688851204
6497.0,65.17261082789845,513.2203287657196,6.676465724086209
6498.0,64.92767332728558,512.0272841422355,6.569541022792329
6499.0,64.44787571528015,511.111433931189,6.456371103358562
6500.0,63.82960444781249,510.57022915842526,6.283003955782411
6501.0,63.27883460791227,509.71321762904586,5.951625178990185
6502.0,63.21830431587697,507.00076563900626,5.64713280849591
6503.0,63.7525217837808,503.07207243611674,5.348637488757624
6504.0,64.66812796751417,498.9212398566397,5.001983421250874
6505.0,65.5496633701581,495.54956588571366,4.700254221968581
6506.0,65.77831970603388,493.12209757203493,4.462443523785121
6507.0,65.11725938671701,491.6427010641631,4.324550536895837
6508.0,63.84440540418712,490.5927791371203,4.294004758423802
6509.0,62.91231160413697,489.762275471896,4.399763281404012
6510.0,62.88419470777757,489.47636054989005,4.628194651790646
6511.0,63.093089883108156,489.90228215526304,4.7952335437367095
6512.0,62.95994540982189,490.04691997435157,4.673398480039802
6513.0,62.810199076278415,489.8786205915311,4.408170291825775
6514.0,62.620074743254094,489.3020694764538,4.267921985753402
6515.0,62.3751274787472,488.35714044029635,4.223887815266408
6516.0,61.93250436819172,487.5351375367485,4.105641567337358
6517.0,61.42719470503009,486.68789086971475,3.7958019332456043
6518.0,61.448569877386994,485.7115012861913,3.4450302194021476
6519.0,61.97257103008408,484.22480273738546,3.114719771586197
6520.0,62.56638860410292,482.78737468817144,2.8496214126719086
6521.0,62.958655070586964,481.7590000329025,2.6282924230088462
6522.0,62.928786247386206,481.40809359291484,2.399606030019792
6523.0,62.6026194120585,481.4046879147514,2.1017809194940806
6524.0,62.56220260117239,481.5364136312077,1.7644461366991935
6525.0,62.99054465349255,482.2957988027559,1.5104012544014689
6526.0,63.204946079666726,483.1594671625521,1.3220281970865224
6527.0,62.98119863266607,483.5679772898804,1.17572490148608
6528.0,62.40894582845154,483.9115112449255,1.0532960209904523
6529.0,62.14294145735071,484.14680437029716,0.9381476619468527
6530.0,62.630903275329075,483.03782994351155,0.8636292501039026
6531.0,63.471578943801354,480.4582191844175,0.8686375513328528
6532.0,63.82792989246502,477.34895442158995,0.9445552244909362
6533.0,63.35314946818049,474.8406381749145,1.0732725450881424
6534.0,62.32042799194231,472.7563717464677,1.226647709054864
6535.0,60.954736819964126,470.6897489562564,1.3640902439187075
6536.0,59.44177144860401,468.75738919121704,1.4372577228147854
6537.0,58.23375085339139,466.9119251550701,1.3354932239585766
6538.0,57.322254024659806,465.7110296284938,1.0909191476055622
6539.0,56.32954700335758,465.5912470280834,0.8464207921276902
6540.0,55.063412123256235,466.88985831392563,0.6954140771203082
6541.0,53.979099620209,467.67945479100905,0.6135693236003557
6542.0,53.32513090601798,466.1706272247492,0.576364764315348
6543.0,53.16547395005759,463.1301327589948,0.587072262725088
6544.0,52.987544183164104,459.17168432315725,0.6287867510405625
6545.0,52.64393132452587,453.91595339215763,0.6686543214093797
6546.0,52.58574461928841,448.0863416492221,0.7229707726625344
6547.0,53.28499319360784,443.01144069474196,0.8173955804244625
6548.0,54.51416215528142,439.8562614379752,0.9301324967164131
6549.0,55.449298001326525,439.0536530156031,0.9913765913866815
6550.0,56.04208263759851,439.82911976196533,0.9998503256010258
6551.0,56.50382289383013,441.3799083647115,0.9935227826925771
6552.0,56.99728956207329,442.619034300412,0.9621089779819718
6553.0,57.151937568089004,443.07675874985875,0.8738069553880163
6554.0,56.98901257191341,443.3764314518723,0.7321576636028946
6555.0,56.60662265846178,444.0866462528614,0.5704911265524769
6556.0,55.672313423415936,445.1010985883222,0.4375664535225635
6557.0,54.432187521953885,446.0084951715126,0.3940131652939024
6558.0,54.22257609469183,446.3152481594034,0.4151629787992164
6559.0,55.56264389353386,445.83221190631156,0.4606792183209317
6560.0,57.60068116566679,446.4118946535052,0.46578421916049967
6561.0,59.31789884116996,448.5741188810528,0.4168675381478399
6562.0,60.45394465957371,450.83942524197363,0.3503567259701721
6563.0,61.22119952425324,451.91377596390305,0.2921177548230561
6564.0,61.56954852902996,452.3198327969753,0.24218940735840488
6565.0,61.464083753350884,452.4975666434561,0.1838119595650209
6566.0,60.98445178495797,452.279243662781,0.1296558276109009
6567.0,60.1831592171139,452.46339085846046,0.1045265433219225
6568.0,59.30169040820243,454.5327032893153,0.11368558472478489
6569.0,58.544540653838574,458.8989936674826,0.1357644223058176
6570.0,58.124098682057394,463.8511681984502,0.13684936648266488
6571.0,58.24882005380493,467.82611798813195,0.1111639685070121
6572.0,58.91870684272778,468.6231941124175,0.0753582711034521
6573.0,59.54636636462521,466.24921869904705,0.0369510849702225
6574.0,59.623127099457776,462.62654165002505,0.0112724447449329
6575.0,58.99201897773896,458.9057381720343,0.004084351333744899
6576.0,58.19129317922237,455.14224963482525,0.009663749161096897
6577.0,57.48015483959956,451.9889542630143,0.025165405877766396
6578.0,56.467190398086466,450.4949333219774,0.0437619873841956
6579.0,55.20120958067772,449.3006538745282,0.0661483524139684
6580.0,53.87185387592192,447.68158228524277,0.10146497943306239
6581.0,52.82941760087104,446.484528385184,0.13171887446790248
6582.0,51.92189473397432,445.8986569762662,0.1306844551593025
6583.0,51.050326507189254,445.45973156665247,0.1031705898992041
6584.0,50.491100819023536,444.07812886167056,0.07337065441323237
6585.0,50.141337080603044,441.9810316252898,0.06082474888302761
6586.0,49.99646238096787,439.2648568243684,0.06911225098456811
6587.0,49.9979864366207,437.051164101669,0.0971173455286336
6588.0,49.77369579166005,435.4350310651328,0.12767765386401003
6589.0,48.99024640541875,433.54722239692626,0.14627034310336362
6590.0,47.85113636164449,431.4239758028236,0.15298260649660808
6591.0,46.7034417355899,429.4378574509757,0.15794035137240997
6592.0,46.080119209579856,427.5858067777187,0.1524251059388964
6593.0,46.422897998180716,425.7005976469721,0.12072805549592491
6594.0,47.52138234697119,423.6740382839966,0.06922099960934561
6595.0,48.73669030829224,422.3828058194126,0.026091310936802493
6596.0,49.429513390666514,421.85299636391125,0.0077783103997729
6597.0,49.658252490190996,421.551229269781,0.007878577253822497
6598.0,49.80822650028193,421.10616958201695,0.024711531888960397
6599.0,50.332978822561216,420.03170130615734,0.0605891185130449
6600.0,50.89769100288353,419.0275130642919,0.11504745464733158
6601.0,51.24245676692266,417.9112977200651,0.17655153492972958
6602.0,51.59562116728465,415.9704460215906,0.22162288643855999
6603.0,52.01783197571287,413.1731409043896,0.23303723176448998
6604.0,52.09410356735275,410.34190645395506,0.22279575295500248
6605.0,51.771365836298266,407.6003895177281,0.2096467775414401
6606.0,51.922418876815996,404.96096331943573,0.20515015951850252
6607.0,52.70237670461286,402.3566802253769,0.21572077859540012
6608.0,53.3371287033362,400.51125686041746,0.23327489661316
6609.0,53.61125361370376,399.3574858227239,0.2512757333562921
6610.0,53.91773939632778,397.97173131068786,0.26615218060237206
6611.0,54.37538238556022,395.98323734017566,0.2661267680050576
6612.0,54.767598731589835,393.8169784689206,0.2287074813803641
6613.0,54.878682091736664,392.44268170199575,0.16368149703048998
6614.0,54.67231168441111,391.7662577578748,0.09897357527243558
6615.0,54.40609471981364,390.6831360503207,0.0605302589998404
6616.0,54.18147233044223,388.8145930359681,0.0461091747464209
6617.0,53.75412197089445,387.08089588744957,0.04254354649315689
6618.0,53.49154800705804,385.48548947300776,0.0337733829431296
6619.0,53.85541146004264,383.8674249832701,0.0204651507477316
6620.0,54.36462061394476,381.591017061596,0.0116767539645409
6621.0,54.32289551303743,378.6778679808889,0.00627617281729
6622.0,53.91954737292788,375.96475006252166,0.0010946450165764002
6623.0,53.75232116884651,374.19384694423553,0.0026303779095841
6624.0,53.7172346450499,372.96530517622165,0.023515750184371607
6625.0,53.5695954498651,371.3564760630013,0.05888123063570251
6626.0,53.78527837707188,369.82686442124793,0.0927482356614025
6627.0,54.461623236592885,368.6145988375824,0.11111217555810489
6628.0,55.09882133353549,368.12008578162437,0.12409936655076001
6629.0,55.260945779450594,367.3347433620494,0.1409856659571364
6630.0,55.39712868530405,365.8968839988198,0.1463167918898884
6631.0,55.66355544121759,364.0903940850632,0.12441123614885292
6632.0,56.14961397824724,362.2120494329198,0.10004173628906249
6633.0,56.74242395336028,360.2830375539557,0.08203233782989439
6634.0,57.30887553014825,358.59523616532096,0.0752441053174281
6635.0,57.773118344769,357.34611337588825,0.08623996623561639
6636.0,57.887290252715054,356.3089674706567,0.11622954197421159
6637.0,57.823819314838346,355.62081822150935,0.1449372183325641
6638.0,57.90771033078608,355.8322502185283,0.15978238604385211
6639.0,58.083449580975014,356.58093063785446,0.18290355342006254
6640.0,57.887640694756115,357.2567639104165,0.2227046544260836
6641.0,57.231324911962645,357.43383070855714,0.2650606271753521
6642.0,56.8783090622639,357.4237316152708,0.28513282487089003
6643.0,57.07682149484412,357.50271661428013,0.2900759565689999
6644.0,57.28162673307577,357.38189916566364,0.292325530337677
6645.0,56.88067539292849,357.1525455544607,0.3129874801840657
6646.0,56.34093687372118,357.19028832794146,0.34344809737580245
6647.0,56.072799425998824,356.90310537495657,0.3705181369780401
6648.0,55.969928243677565,355.96094876219365,0.37957760814169
6649.0,55.86816101328052,354.24694434174586,0.3670109903170623
6650.0,55.884224720366525,352.22929587242,0.3680020801080625
6651.0,56.251434159141255,350.88153082549724,0.3938378166737001
6652.0,56.65073027902383,350.3198528976922,0.41526322993282416
6653.0,56.83961429378651,350.28418289028014,0.42125790624194565
6654.0,56.677487279971935,350.5859785548034,0.45791104782656245
6655.0,56.0818643807358,351.1097193790503,0.5025590310394403
6656.0,55.3110515283428,351.03076109121105,0.514817859215448
6657.0,54.60367749836322,350.6180863555217,0.4923032502705626
6658.0,53.86022790706972,350.6432589287092,0.4602373059187263
6659.0,53.29433322208429,351.19460392252046,0.46486265340205685
6660.0,52.713277472881,351.61924728977414,0.48488925633200985
6661.0,51.94783598903348,352.09241703822573,0.49914640422864365
6662.0,51.2548605625,352.957528532693,0.4919032826257489
6663.0,50.829552372713486,354.486244883586,0.49278900539406245
6664.0,50.48248025658782,356.39411984151644,0.51543726924816
6665.0,50.22135685899594,357.8390426466215,0.5326455085909491
6666.0,50.33229831333289,358.41865242423125,0.4999798884073536
6667.0,50.90550774285978,358.16165377337023,0.4166848384276899
6668.0,51.555618844243234,357.72257408615803,0.3253242754212025
6669.0,51.97260861612929,357.670213824458,0.25132858045131246
6670.0,52.324616394929905,358.1509433487993,0.20623160460528997
6671.0,52.90878165979243,358.737109650392,0.17779714716680015
6672.0,53.635341501811,358.9292716580523,0.17289032191267242
6673.0,54.30384925102169,358.1215842758843,0.20175225155855997
6674.0,54.77327314821437,357.0195530810171,0.2643277957526762
6675.0,54.97104908677325,356.26104140974286,0.3267085777114329
6676.0,55.17103301455552,355.7364654655545,0.3650016448913955
6677.0,55.57936380720504,355.2296679291524,0.36304385902406405
6678.0,56.130795671104366,354.8186719509524,0.3451296367630224
6679.0,56.14650400016645,354.3634899391341,0.3168281192775168
6680.0,55.64965952171559,354.2476460057139,0.2663503331539601
6681.0,55.11916748385112,354.68349583337977,0.19723221765755564
6682.0,54.84672812453213,355.3848513720876,0.1436257342856196
6683.0,54.60785083265625,355.64745438847865,0.12461653313384892
6684.0,54.39573215988212,354.839907933147,0.12790780016399997
6685.0,54.55336013040762,354.3892280772123,0.1470699950286436
6686.0,55.0787774317402,355.10434059942963,0.17122730341036416
6687.0,55.52580351256426,355.9939840091122,0.19183901559237615
6688.0,55.73120665512898,355.60579616801886,0.1966868482070881
6689.0,56.225658233999155,353.9903908419591,0.20593882373132888
6690.0,57.15092651286532,351.59149034762174,0.2228837447619225
6691.0,58.164907364846094,348.55597823935767,0.24392930766400006
6692.0,58.985567735330804,345.24027236829073,0.2808597638409616
6693.0,59.502908376272615,343.2750295668622,0.35622980313001007
6694.0,59.85974679310745,343.7408088796777,0.4641848831143225
6695.0,60.243565740894034,346.0254494271716,0.5928060483222201
6696.0,60.55019436391229,348.3278164096812,0.7523874266192362
6697.0,60.676094636831536,349.13222805965773,0.9024297203682602
6698.0,60.59842499238096,347.6188207255623,0.943375572411553
6699.0,60.65700332927757,344.61170989153436,0.8639917215834024
6700.0,61.05542183817366,340.92539911787424,0.7419981071833344
6701.0,61.60625533872826,337.5266938101663,0.622505803952737
6702.0,62.38846772155093,336.13610638690534,0.5469182727089931
6703.0,63.34652481599006,337.3972368773759,0.5390754694654082
6704.0,63.8665092012571,339.9055536328673,0.5845489353640001
6705.0,63.89378170819394,342.1354953189012,0.6533156531267136
6706.0,63.50887766450815,343.57139562032745,0.7408768077788402
6707.0,62.75009586784755,343.8408637892853,0.870901266861228
6708.0,61.72825437609696,343.12656403208496,1.0267745796772998
6709.0,60.79468466917484,341.9808157900719,1.1563486527524407
6710.0,60.38604475821147,341.49724532347904,1.1870345459743228
6711.0,60.79820510836335,342.33927683126615,1.16663979392322
6712.0,61.721251397147256,343.4481866644373,1.1556975206377131
6713.0,62.573418638823696,343.6036540196347,1.2130975558741264
6714.0,62.83186408648498,343.4902163664699,1.3007605965995666
6715.0,62.64193488398294,343.84616301294534,1.304128301324297
6716.0,62.37299746227559,343.5282440610832,1.2186632332672562
6717.0,62.320303735268155,343.36281266926363,1.1834035240059906
6718.0,62.45315299088633,343.43308926192475,1.2592648804848785
6719.0,62.944648655067645,343.7724696783788,1.3375980718430627
6720.0,63.6553553177222,343.0690911777479,1.3557139265246645
6721.0,64.49790320036098,342.273788453346,1.347588161849223
6722.0,65.5670975897706,342.9385289228881,1.4396259122985746
6723.0,66.91795253558558,344.05160624697237,1.6122216627370685
6724.0,67.63701840874327,344.1784089309114,1.7404459713477372
6725.0,67.25724029295836,343.5830639293193,1.72801909231396
6726.0,66.33421497737416,343.47121757889283,1.6602331004101087
6727.0,65.75143620785437,344.1752461853838,1.5894206168595078
6728.0,65.75207615006185,345.6113598275629,1.490072333085336
6729.0,65.97617085918944,347.3298062010179,1.4211215313483205
6730.0,66.28344094817447,349.2892657871661,1.4047289309030122
6731.0,66.33406446558529,350.86927319631326,1.4179668918912225
6732.0,66.5491966889148,352.2038888951388,1.4016300071887935
6733.0,67.00875203432551,353.17816639052853,1.3695425925941767
6734.0,67.72640602726182,354.34773171131667,1.3020923445966122
6735.0,68.17425231911861,355.8227472196949,1.2018494838178817
6736.0,68.48440753908943,357.2686509973074,1.0801197132300868
6737.0,68.8568720436168,357.91424816282813,1.01466539778212
6738.0,69.24508317633256,358.2993376955641,1.0381163525120027
6739.0,69.54940652027852,359.24678235574686,1.0892665856164228
6740.0,69.69213402301497,360.50729492997897,1.1246632618220165
6741.0,69.64641085462394,361.88611980671163,1.1590767541822329
6742.0,69.25456935580499,363.0574017890949,1.204834929769073
6743.0,68.86904724742652,363.70494123692197,1.2674706949164
6744.0,68.82892969056005,363.23582386888637,1.36974454261994
6745.0,69.18632552037795,361.7519239768487,1.4779326171343503
6746.0,69.63855300759977,359.58765451371573,1.5775415515248843
6747.0,69.80415950806349,357.7450917846312,1.6287741926939845
6748.0,69.67093008638817,356.57460738709847,1.6178764160284445
6749.0,69.55754673642123,355.976292267556,1.5951115340175626
6750.0,69.88747239619255,355.93596108742975,1.5980792172164966
6751.0,70.28512119233284,355.9109584426305,1.6937174420410004
6752.0,70.10329287879763,356.1101293356099,1.8534164402696647
6753.0,69.55571125564448,355.77392020292757,1.990465047348097
6754.0,69.16649057696678,354.6400685430528,2.0193550226496146
6755.0,69.32198742114034,353.0325372634319,2.0135398001958014
6756.0,69.71010113527655,351.5873130628072,2.1038856742355074
6757.0,70.18512625380158,350.4691546395308,2.291951556077333
6758.0,70.77736813347367,349.5150433710172,2.4621522613851026
6759.0,71.36962517289243,348.8351801808463,2.55703477914361
6760.0,71.61387663125305,348.27650102346314,2.6399817666762853
6761.0,71.30873833583502,348.0008627391602,2.8015311529818003
6762.0,71.04859933805693,348.3105065623937,3.0740335035149964
6763.0,71.61510556052113,348.9496426471818,3.313320183097729
6764.0,72.52016363389211,349.22686132390857,3.4223199603677967
6765.0,73.06238992943447,349.16261066129215,3.3995752450355647
6766.0,73.14955599703687,349.1446974725207,3.3117940405155903
6767.0,72.96628728385818,349.55333430751637,3.215751121577403
6768.0,72.5066672778724,350.41489518774546,3.240442707121621
6769.0,72.05355845875056,351.3546922177544,3.4653984107509634
6770.0,71.98323941817381,352.54974361296877,3.8610097568997523
6771.0,71.89254409417735,354.34305430784434,4.184132106148613
6772.0,71.72152211811311,355.94844915519894,4.271361897903475
6773.0,71.63472060393667,356.89872398374433,4.159278966915481
6774.0,71.96267937041578,357.77775159379377,4.003368068694584
6775.0,72.96517528654749,359.06870498614666,3.981326484780346
6776.0,74.39890919812083,360.12965413914,4.149242992136665
6777.0,75.74166036387349,360.1205068639961,4.338383345653104
6778.0,76.68727346927153,359.9617280588685,4.459841196325631
6779.0,77.45900423779526,360.718591522612,4.576719028838633
6780.0,78.46208893863943,362.56607728093064,4.721969200585561
6781.0,79.540997867776,363.97238366575255,4.861615848808128
6782.0,80.12063139890563,363.7024742101007,4.913649562964114
6783.0,79.96349293238094,361.9651176290696,4.958045661688963
6784.0,79.34851299486193,360.43801230936197,5.162603093121338
6785.0,78.79432226339556,359.79758699542685,5.475689013961759
6786.0,78.69593457453584,359.3797616775216,5.707323866800358
6787.0,79.09946178718035,358.6706790463442,5.771985972917808
6788.0,80.07094469231002,357.496693767434,5.773703789092626
6789.0,81.45656373874758,356.6617880634427,5.859075325066234
6790.0,82.90555042885721,356.6369827794142,6.0747462378820005
6791.0,83.71481984913969,357.02256569996223,6.315656430885119
6792.0,83.75227912655203,357.1405235765748,6.486327360436686
6793.0,83.26179217910838,357.1892620869949,6.5951926188167045
6794.0,82.29407733006106,357.2665895970689,6.714650309677491
6795.0,81.30541940284516,356.5229195676828,6.838019619442132
6796.0,80.96276767951969,354.93602821413134,6.876250234750669
6797.0,81.36424473022012,352.80520286465253,6.825678394236005
6798.0,82.10419702752776,351.13191442360153,6.5868059880630225
6799.0,83.1468584211416,350.29770524444314,6.281459889661446
6800.0,84.57589292741287,350.71616884114474,5.890645582133647
6801.0,86.05303462247669,351.9501734394987,5.4929984543732076
6802.0,87.00576659675795,352.88894594094324,5.114145473690523
6803.0,87.01389213562662,352.8739907156367,4.771184619707222
6804.0,86.11315817896669,351.89181358207856,4.557527607576688
6805.0,84.86808326590848,350.9110352050423,4.513274078563433
6806.0,83.83751544607846,350.6082420489538,4.559719964156006
6807.0,83.21377953042885,350.90710623641553,4.591918537099012
6808.0,83.04365602837264,351.18341424607235,4.663902826370409
6809.0,83.29147521101898,351.64879091937087,4.710927475591751
6810.0,83.89521159916838,352.83702292092954,4.731577523943482
6811.0,84.36436001955401,355.8701529367313,4.659593894185563
6812.0,84.3421550722782,359.65894981883633,4.586049918221732
6813.0,84.49475921718755,362.43640900226666,4.6337830678244165
6814.0,84.5753610018066,362.92819318974796,4.7289463099496825
6815.0,84.64247150604186,362.781350207718,4.732652099609402
6816.0,84.85566929076766,362.7133132049438,4.64728979519417
6817.0,84.93692001764721,363.0311552886171,4.5350610591821585
6818.0,85.20895098756068,364.23408247067835,4.399508095800193
6819.0,85.49920397035775,365.94133714526174,4.272365807688039
6820.0,85.67552049789182,367.77787974383244,4.227463444900936
6821.0,85.83939115202497,370.040219139013,4.215061276414874
6822.0,85.7721070444053,372.1562345941847,4.112647192257712
6823.0,85.61818684275234,373.3195244702299,3.941991490644909
6824.0,85.63164976069218,373.10360571946444,3.8261467032209002
6825.0,85.68677073988202,371.7274685961096,3.82223805886916
6826.0,85.63364617356358,370.5675231120225,3.879224026182176
6827.0,85.21365196497833,370.52623311740183,3.8825357845329167
6828.0,84.80298057433741,371.25760089708615,3.8230559410113236
6829.0,84.72142485354564,372.08714312578655,3.6998152419525456
6830.0,84.9358260673897,373.0381559241824,3.633285829924
6831.0,85.20677565474766,375.2733150538011,3.5980891269572215
6832.0,85.39074496031922,378.00837438601127,3.5736210448855235
6833.0,85.574696004571,379.2146940673474,3.569680642792023
6834.0,85.71054178080142,378.2242765330808,3.5760646184571026
6835.0,85.88070429413543,376.0909363502926,3.564566542755642
6836.0,86.42624853407528,373.92379608014653,3.5096633420312027
6837.0,87.06658796603858,373.146917451183,3.439085166066244
6838.0,87.59131956328895,373.5433617874459,3.3038702443215224
6839.0,87.93737590279831,373.47637454070787,3.2241672576673572
6840.0,88.26169470971182,372.8831311903459,3.207644069686296
6841.0,88.34197303554673,371.9907802646474,3.2769514431143363
6842.0,87.91539718277878,371.7887036022395,3.3096369792301927
6843.0,87.1085279747055,372.7143140423997,3.2428868707709935
6844.0,86.30194807781426,375.1553687701554,3.1199082448064397
6845.0,85.8746966689836,377.66008544395345,3.028575905429768
6846.0,86.05367970993028,379.35323567643667,3.018409553931844
6847.0,86.47874587812179,380.2628108278991,3.0500684614380305
6848.0,86.86905050649194,380.98833829365543,3.11519887805476
6849.0,87.06263971352294,381.8634808530829,3.117584157177876
6850.0,86.64323062397837,382.1840286011808,3.1398871786663825
6851.0,86.01079899484851,382.12364288692606,3.1616674551073096
6852.0,85.56246799500298,381.6917377613746,3.21183563759706
6853.0,85.3225966736359,382.12932316096146,3.2349265276770227
6854.0,84.99786961093237,382.85044476733515,3.2474465176879446
6855.0,84.88181322649604,383.77898075492294,3.28737327517002
6856.0,85.24185907539021,384.8999506036131,3.307572681253289
6857.0,85.92958823170866,384.9794154330351,3.379838873751116
6858.0,86.43788804798857,383.8681851740017,3.5145907510766725
6859.0,86.64661773747224,383.03919223519097,3.6175997395212547
6860.0,86.74917450314321,384.3725212160968,3.5053602785453477
6861.0,86.86564991439793,387.03406561037883,3.26479910863776
6862.0,87.30087246637108,390.0353055140047,3.0118628892368022
6863.0,87.71140439439814,392.7318361892258,2.9122296575858724
6864.0,87.63742031542573,395.1296728007019,2.957041356025
6865.0,87.149041550298,396.5421127920364,3.0100215226386497
6866.0,86.51893992845139,397.0015324155472,3.0082786100322205
6867.0,86.48086075944448,396.43891212011994,3.0256397549970244
6868.0,86.94783245859027,395.4556141950936,3.1077477983106916
6869.0,87.56164685958778,394.13853536453223,3.1799484284161808
6870.0,88.08681774016252,392.7462170610067,3.2110398247125027
6871.0,88.64904855841202,392.644860178817,3.1779117227922296
6872.0,89.9104333780921,393.90033391182163,3.126997673190972
6873.0,91.5704561857268,395.8258493012009,3.0423081526802496
6874.0,92.63335634258176,397.1854063075797,2.9616289421757926
6875.0,92.79571973386223,397.4020752125075,2.9317469145008705
6876.0,92.63749824888352,397.608681525836,2.919412991295841
6877.0,92.88051112115666,398.5884526932167,2.875053289755204
6878.0,93.37082086302082,400.269267700438,2.764900647424922
6879.0,93.525131412507,401.22283635464373,2.677041568358893
6880.0,93.41337649164859,401.0117081130796,2.6384267351928408
6881.0,93.17005837555682,400.5820876122996,2.70114809641866
6882.0,92.89470936755701,400.0387413380116,2.8138860416337894
6883.0,92.47307606043253,399.12348989553965,2.9686087358180107
6884.0,91.9797445465704,398.0640425428743,3.0889835139931847
6885.0,91.44322007399461,396.45902942471326,3.20728520121025
6886.0,91.04415587127957,394.75201638613777,3.35588618770084
6887.0,90.85188143149759,393.0727185669947,3.4995057318376275
6888.0,90.3219228636513,392.19650887711833,3.5188014421718594
6889.0,89.40911797573467,392.65414012012644,3.388936852196641
6890.0,88.58477343721843,393.38064269133355,3.2768114048161805
6891.0,88.10766482602763,392.9400022194245,3.2964878222530274
6892.0,87.78259184339333,390.7011167246889,3.4403024041392487
6893.0,87.21980696165335,387.5956969524759,3.568502686332648
6894.0,87.00078866733897,385.0939173461953,3.559179719535746
6895.0,87.5313033172539,383.64295361219126,3.378201542333402
6896.0,88.2588967816216,382.92289653032145,3.1399121635308727
6897.0,88.12004145096812,382.6303725099436,2.940918400290572
6898.0,87.12289571409102,382.6187612240676,2.8016050340081766
6899.0,86.35153939929842,383.5102875878414,2.705008353905722
6900.0,86.33348807196366,384.99340682605134,2.677715187848405
6901.0,86.6782050037803,386.35440677559,2.772223867800116
6902.0,86.94592037028492,387.015461299789,2.90688212275561
6903.0,87.18731327977609,386.55652691214783,2.998224676582298
6904.0,87.29806962766094,383.9138042653679,3.022008066842065
6905.0,87.18517894658615,379.7130964775174,3.0405976957371412
6906.0,86.97099570369024,376.35513488372254,3.0283591051763343
6907.0,87.33234250650625,375.2564980455208,2.976796769834952
6908.0,88.14037686090342,375.9084577330718,2.9159477245900374
6909.0,88.27317492768785,376.7333081723916,2.921318286679874
6910.0,87.46097069237241,376.98766096381064,2.9452471916700627
6911.0,86.22200262201771,376.73864971846297,2.9780123611564226
6912.0,85.1464222148276,376.5988491671633,3.05763413432464
6913.0,84.65804363353713,375.97485183383543,3.113718401700923
6914.0,84.98867919507302,374.7278874428415,3.0831068836503963
6915.0,85.81902910039872,372.77235227040467,2.991505263529923
6916.0,86.8714057766146,370.4224995057322,2.955761661288437
6917.0,87.69513888349078,367.94832564559306,2.9827203201280525
6918.0,88.23445498640808,365.69454962566743,3.010067533459345
6919.0,88.57324078745478,364.93028184892637,2.918471407625697
6920.0,88.75850201489322,366.07806529134547,2.790661226171473
6921.0,88.43059060904156,367.7384939753095,2.731524088517936
6922.0,87.57828199293053,367.8894918801238,2.7763493059173254
6923.0,86.3521672053134,366.47255314155666,2.8451141600814247
6924.0,85.09528380881022,365.3621127874802,2.9283528788478863
6925.0,84.45093493137225,364.69231682031466,3.055907032169479
6926.0,84.65181174006126,363.7778558029716,3.178932347549845
6927.0,85.85341719911585,362.8284773800546,3.290553226019004
6928.0,87.46313682923366,361.95567044758275,3.451811806503248
6929.0,89.18527231256478,361.5769266776535,3.489733385017496
6930.0,90.41523610233787,362.148219355583,3.3525509295075624
6931.0,91.0844070447406,363.4175538275471,3.1651316596932566
6932.0,91.66201003849785,365.31063939275157,2.999200962673217
6933.0,92.22362441729422,367.33990784484894,2.8328633452276644
6934.0,92.23043175543646,368.89975799876805,2.6931140270410006
6935.0,91.12628171863534,368.69732498039224,2.663112786691623
6936.0,89.76673312218618,367.632095059965,2.7312225723563888
6937.0,89.4712190229322,367.87531229696384,2.8360705793389642
6938.0,90.32658605081939,369.5715442990502,2.9619526939530028
6939.0,91.27890166900058,371.06671725308246,3.1351373961228863
6940.0,91.7838259914105,371.5517049181656,3.2699168108366767
6941.0,91.52543842070538,371.39382267661256,3.209755169914682
6942.0,90.93726576682674,371.7434142928117,2.9969842616472007
6943.0,90.48961811863373,372.7530506128725,2.8354431655858563
6944.0,90.35454260715042,373.7395662922003,2.768830239110458
6945.0,90.74279595837773,374.45742872556036,2.7528220928518246
6946.0,91.85500213734834,375.0616108109055,2.7334557137028965
6947.0,93.37175081877105,375.07401206279496,2.665286013001937
6948.0,94.5442512513497,373.63749422724277,2.51971272201609
6949.0,94.9702074617028,371.877962590051,2.3231835670884626
6950.0,94.9491857477138,370.84285148538896,2.114767645767365
6951.0,95.32467881599034,370.8434045546906,1.9121212929716676
6952.0,96.26073958813318,371.70257553002006,1.7498897386426404
6953.0,97.54124183963118,373.2718823162211,1.6142115161037378
6954.0,98.86283914996477,374.5512547439993,1.490480411666429
6955.0,100.16473618920489,374.97822675081864,1.3463270933944895
6956.0,101.16268086179329,375.184811667769,1.2240381584242566
6957.0,101.60125966821478,374.4545179684584,1.1358770540366092
6958.0,101.46875243865618,372.4622922772798,1.0582119217047186
6959.0,101.27675867176941,370.2761438325894,1.0429002555310147
6960.0,101.32442787125274,368.3057139617699,1.1042734275892228
6961.0,101.71427272178734,366.55491911520096,1.2102149935491988
6962.0,102.1503071143311,364.27479440952845,1.3267291426345442
6963.0,102.51325049874991,362.4869777290811,1.4122534178916364
6964.0,102.60163729136633,361.77153363286146,1.417054159872706
6965.0,102.09667882912962,362.320695295202,1.328249726858009
6966.0,101.16453515690957,363.29239395601775,1.2008488461396003
6967.0,100.40352746675472,364.2336858861971,1.0868456568572102
6968.0,100.26032920806398,365.20055431292934,1.0372081586235893
6969.0,100.77862115532001,365.40566750150424,1.093429011392834
6970.0,101.3744485924464,364.7839965773934,1.2399544949323535
6971.0,102.0841587850107,363.7806869988673,1.416904149529109
6972.0,102.90425944712125,362.8877196364975,1.5198634228473082
6973.0,103.64035134331368,361.463333993915,1.5510226793883723
6974.0,104.22690278111766,359.21836547557643,1.5354087092792104
6975.0,104.82756311135556,356.77670949151303,1.5120990562348973
6976.0,105.63293377850725,355.04227575234427,1.49503896516298
6977.0,106.26370886037816,353.9329671500511,1.4917213732514119
6978.0,106.44112287742372,352.78735012057854,1.4999916193481024
6979.0,106.67509899171769,351.57163580935065,1.5431936340369024
6980.0,107.45006712662624,349.8855919424411,1.658571196466773
6981.0,108.25582414240691,348.0637948768599,1.8157008951218916
6982.0,108.76740980166548,345.77457280891707,1.89255104028004
6983.0,108.93540894504129,342.44538565776645,1.892544546980666
6984.0,109.03353498695024,337.909603656087,1.9233696756844818
6985.0,109.5860309724907,334.0533424962689,1.9841417615427488
6986.0,110.21741691774183,331.49698869009285,2.0471952216852904
6987.0,110.10951047433623,330.1105965706425,2.039622676629888
6988.0,109.68123979148295,329.79710446033056,1.9494085632773284
6989.0,109.55916396353683,329.73533067738816,1.890935322732866
6990.0,109.8946021045025,329.173742060098,1.971413323097873
6991.0,110.58105379598202,328.4725853347762,2.1583108712200465
6992.0,111.2494166207592,327.94152885923734,2.3736708278528407
6993.0,111.39165944025905,328.04614510275366,2.493196219761072
6994.0,110.51520596645642,328.9581420945546,2.5060131403974246
6995.0,109.16315490559693,329.82532220084835,2.457662627757428
6996.0,108.02452607996132,330.41612682254515,2.3839142914094213
6997.0,107.37452338054706,330.04792685641837,2.4131473125258722
6998.0,107.08477136259985,329.69954900605626,2.507315359274212
6999.0,106.87084861424819,329.4283435999146,2.566319511215377
7000.0,106.3707255321804,328.9413051814688,2.5418922303864386
7001.0,105.4109612776147,328.25739850155753,2.501195894767642
7002.0,104.35423330504831,328.02730739826376,2.524403235006185
7003.0,103.67678486859724,327.88829879336305,2.586332874771521
7004.0,103.70370381885239,327.1339461376017,2.7109334033967376
7005.0,104.25530863508024,325.946954274481,2.8534267416233883
7006.0,105.14737257872169,324.9463700945817,2.971689645017924
7007.0,105.97809036370391,323.8405997301065,2.962481108901122
7008.0,105.82088294519717,322.0056171496638,2.8943276088745225
7009.0,104.68707344450083,320.0700822071767,2.8763021316869453
7010.0,103.7298285894826,317.9542137068023,2.9324507878488006
7011.0,103.5165589472989,315.83693779673916,3.038707157581664
7012.0,103.00519436780738,314.2406067917425,3.074618324404282
7013.0,101.76647816169631,313.892795908698,3.0241218347200576
7014.0,100.32165163429391,314.7739911935275,2.9517695416665317
7015.0,99.59733795993462,315.58342808434384,2.85425853491601
7016.0,99.59897725628085,315.3346339332755,2.786182203049488
7017.0,99.87836501018896,315.0114693965213,2.754963028414097
7018.0,100.11793054854913,314.76258398341525,2.6889478771333692
7019.0,100.22100156949425,314.26304794476147,2.6226458332222506
7020.0,99.93434358045288,313.5866003907574,2.576617343247631
7021.0,99.18013815772005,312.95545705112926,2.553249000658767
7022.0,98.1946676525315,311.96716075073795,2.4601677187211526
7023.0,97.73296930780181,310.12618146804795,2.2983573911982336
7024.0,97.54714617683297,307.98867496714143,2.2298586378260543
7025.0,97.08424351301302,305.84554937319615,2.268942823105082
7026.0,96.4779951310944,304.04347392864827,2.293370075623536
7027.0,95.59632330914405,302.2251269352104,2.219458660923953
7028.0,94.82874897566904,299.63656286957877,2.15399270661169
7029.0,94.58388384479363,296.6068167980361,2.149823316352656
7030.0,94.74874438223709,293.7837005879089,2.168489647530563
7031.0,94.92800501475614,291.1356029785102,2.1117368207058247
7032.0,95.10019743152766,289.27327939295674,1.9658376642638888
7033.0,94.88047321028309,288.8596347877327,1.7799771687166224
7034.0,94.21591822411315,289.97059930780415,1.5849088490144567
7035.0,93.47532490639044,291.50305173771415,1.3965360641466131
7036.0,92.77546060160358,293.2039891988482,1.2503738565893692
7037.0,91.88327376996779,295.21770238643415,1.1569548348567227
7038.0,91.07496024886163,297.45684898964123,1.1033291098196676
7039.0,91.1362755181917,298.9232261473932,1.0609628721314708
7040.0,92.03113359167594,298.89657790315556,0.973109072805668
7041.0,93.43925261433954,298.19234650961533,0.84442609618756
7042.0,94.26328252082689,297.79929644116135,0.7097226090641295
7043.0,94.06187675780404,298.44741919239607,0.5922923947486225
7044.0,93.25974516019876,299.9180135840489,0.49920668487936015
7045.0,92.2958466316511,301.2940595694797,0.4432492401765157
7046.0,91.36859332438551,301.7427630946206,0.4219999730325626
7047.0,90.566316789643,301.81343176769553,0.44620382662801
7048.0,90.0890730222359,302.43463994678166,0.4893423468154082
7049.0,90.2055186922008,302.98003129450007,0.5414200204400001
7050.0,91.31199093095402,303.38243605191104,0.6051423967228201
7051.0,92.68751430666023,303.9314462600851,0.6677487659082816
7052.0,92.77640107265249,304.4143992294031,0.6366919657280399
7053.0,92.33736173105892,304.8344642984061,0.5212434821473636
7054.0,92.03221188016504,304.62469227002066,0.4218022663045636
7055.0,92.3835565925977,303.2270644509592,0.3630132872341057
7056.0,92.9501218008409,301.137113209563,0.3351964184822499
7057.0,93.01915923698617,299.6225073035584,0.31672050674173297
7058.0,92.44448268757303,298.8222566473304,0.28364275589668836
7059.0,91.58797582382446,297.75626041693096,0.23712183152546495
7060.0,90.71903629612606,296.2554665960899,0.2029646932869609
7061.0,89.67949749848341,293.43240476261616,0.17295552562780844
7062.0,88.9063531001739,289.61861558876944,0.13671925549714892
7063.0,88.66180495022164,286.63821187495904,0.11220422426162008
7064.0,89.08162071593435,285.83536166008923,0.10086288725307242
7065.0,89.38475150759187,286.48484303401057,0.0975257811057924
7066.0,89.10732439848977,286.74921387491435,0.10771216806990241
7067.0,88.94942968717828,285.52130757463567,0.12436931540891558
7068.0,88.96689674730223,282.80770518765627,0.12161156671225004
7069.0,88.74669240203275,280.12436924163575,0.1007941282144281
7070.0,88.32089280806416,278.77862445975813,0.0818135956661776
7071.0,87.83792608938965,279.0592624721849,0.05950994365156001
7072.0,87.16892831928622,280.08982598072805,0.041551764806249995
7073.0,86.23761926099472,281.0244845087436,0.03689260970876009
7074.0,85.46313077273203,280.34894766722823,0.05281714047204001
7075.0,85.41049331718123,278.6732507459653,0.0820214487735769
7076.0,85.83632410871866,278.0257325309433,0.1193332636354609
7077.0,85.79455777548692,278.7081890187291,0.15255195524099996
7078.0,84.86351674685933,279.6666112743604,0.18089768083566246
7079.0,83.54951993646903,280.7076514889967,0.18198448849296003
7080.0,82.33593887157409,281.1440102611911,0.15731913284025761
7081.0,81.27409969318201,281.33821539571613,0.12300470077446764
7082.0,81.18456667883952,283.02998266914534,0.10174945252760999
7083.0,81.73375382785284,285.3513168962498,0.10505912244806251
7084.0,82.26409168358558,287.2290420400623,0.11203976789649643
7085.0,82.43167598464528,288.07960937104554,0.11707127578623999
7086.0,82.06181051542272,288.22777305062,0.12402175084252844
7087.0,82.0629281936528,289.27651569104705,0.1468398411777969
7088.0,81.98581538639155,291.1644550063681,0.19788334624145612
7089.0,81.42315106568417,293.2284601325288,0.26378816487373435
7090.0,80.39561936066978,295.8746493824922,0.3026742100747225
7091.0,79.40655885066091,298.7614037437129,0.3114843275829962
7092.0,78.76921391338078,300.3292989367324,0.36187901750171614
7093.0,78.42530486888742,301.10966299273747,0.44504166271422496
7094.0,78.38133858925046,302.156165025933,0.48723185059800245
7095.0,78.48138684575785,303.95798186974906,0.4608561947232101
7096.0,78.57440542718906,306.11100942368597,0.40473529858161006
7097.0,78.71138253182548,307.29615850388996,0.3510187339023555
7098.0,79.04526397111812,306.8733529266691,0.3104987199097745
7099.0,79.18923588095555,305.42688586950345,0.2952132156259729
7100.0,79.28975391929313,304.6846682433348,0.301824856131092
7101.0,79.35289995811877,304.89894113578697,0.30487803732406443
7102.0,79.36123274295129,305.25927180773726,0.28604717222908843
7103.0,78.9172468644317,305.66860419780863,0.24717971916775844
7104.0,78.24399097886321,306.47527061076937,0.20603192777476
7105.0,77.45377754074451,307.6125379059936,0.18148133355918764
7106.0,76.52636938860552,308.5388549107417,0.18086371632056253
7107.0,75.69831342626416,309.47384822825086,0.19337870807237156
7108.0,74.9014072357792,310.44999053119926,0.2152341810782244
7109.0,74.16063163535429,310.89918606580886,0.2611940781122499
7110.0,73.5184412872392,311.3005928999017,0.3467913260998081
7111.0,73.20002918378643,312.137641826003,0.44260588757914254
7112.0,72.71786773761892,313.2972195175916,0.5066084756956356
7113.0,72.09903241482431,315.3356731126341,0.5244743883724817
7114.0,71.14570241890162,319.0011013019198,0.5225853353124096
7115.0,69.84676357219125,323.3337089418802,0.5042178952923203
7116.0,68.64374614864963,326.80094251079043,0.470506097134181
7117.0,68.31136011981556,328.4693027580285,0.44341472601084486
7118.0,69.15288040088879,329.43799520020957,0.4238324308627397
7119.0,70.6930758460145,330.0245024570153,0.3854554551033482
7120.0,72.28736436953365,329.6495978037756,0.3425272543085583
7121.0,73.65937010381384,328.544254423721,0.29858211661582235
7122.0,75.15644276655603,327.80454559132,0.25244869692985294
7123.0,76.60819249028457,327.9939243618545,0.22424309597019687
7124.0,77.9595629077554,328.6601395520512,0.21238801309094762
7125.0,79.1180950141261,329.33222300386535,0.22056673599080892
7126.0,80.18671566838259,329.3746910047523,0.25381001665527214
7127.0,81.38843910095113,329.5312089539703,0.3051043645480008
7128.0,82.7629151048975,330.7812095742721,0.3630697442262361
7129.0,84.05821429456634,332.7312076838831,0.411394691196325
7130.0,85.05630114241923,334.23666820895363,0.4208503534080399
7131.0,85.75851418327449,334.7422529493876,0.40443484455168655
7132.0,86.77551329782648,334.14271630963236,0.41609750115843996
7133.0,88.16385614830345,333.1622013702181,0.45724869851078886
7134.0,89.34785271568845,332.8961647226293,0.5165348071566737
7135.0,90.00611340940084,332.33653507194,0.5742289370631026
7136.0,90.3447687453817,330.61855281567887,0.6523509238843536
7137.0,90.4871872843576,328.5917689116803,0.7718527030101905
7138.0,90.45134421267012,327.6641871244702,0.8823757735349882
7139.0,90.03538100560206,328.38008247128545,0.9175038831134928
7140.0,89.45314204300108,329.32115275110164,0.8587669591302399
7141.0,89.09102246062463,329.8987428706021,0.768252407770008
7142.0,89.26560005056865,330.45329037306294,0.7060476901902739
7143.0,90.01608089057302,331.8114598122057,0.7164880477310688
7144.0,91.04826514880853,333.61893125170127,0.763840568450873
7145.0,92.05389372634176,334.9552218132744,0.78367108579896
7146.0,92.65947055332352,335.02579793372894,0.7410176662958688
7147.0,92.81804432926033,334.3104462021915,0.6343508254068737
7148.0,92.78128034841599,334.2313814004152,0.5217712905452643
7149.0,92.86100343382044,335.2379748097853,0.4362661284698024
7150.0,92.86893998382435,336.68800435152474,0.36597782362022013
7151.0,92.69831410073317,337.8341245603814,0.3000692717259242
7152.0,92.28528434165946,338.41457134859616,0.24637439122932248
7153.0,91.40239311708962,339.4092193512239,0.22087712099243556
7154.0,90.24208876338064,341.00941329084725,0.23379365019973694
7155.0,88.8470105525434,342.2357725378634,0.2767848190577649
7156.0,87.43027357579818,342.814625500245,0.338632946399933
7157.0,86.40818475144808,343.1240118447834,0.39222350700625
7158.0,85.90235917645856,343.4750932058691,0.39941065227151346
7159.0,86.08040723123254,344.0402879671613,0.36726134335722815
7160.0,86.67074999795852,345.3345662758377,0.3330669980769849
7161.0,87.34925342376506,347.263645033027,0.335587435674828
7162.0,87.83536037767338,348.6632899603662,0.3777307261879205
7163.0,88.4268037578194,348.81876579158745,0.418304848807308
7164.0,88.94571850913027,347.95577932411425,0.4235527970312355
7165.0,89.0921924986199,347.24540867772225,0.4012663265683396
7166.0,89.16106138653251,346.70205872515254,0.40742034106831687
7167.0,89.55527030960234,346.25062909525246,0.46278891934452815
7168.0,90.35741462193894,346.28482439723336,0.5256724305699442
7169.0,90.92202084676734,347.0671934652654,0.545760856014564
7170.0,91.19765897824196,348.5490391369177,0.5181942732146942
7171.0,91.56383304802856,350.0617358083918,0.4747571318474883
7172.0,92.37415492119558,351.51469775003847,0.4185322434388623
7173.0,93.50677841403406,352.31964672109933,0.35596167700505765
7174.0,94.66044620418718,352.5261819932164,0.29702767050600243
7175.0,95.74759451349719,352.2765201743937,0.2512957546430465
7176.0,96.80285145311286,352.0878273480123,0.23598460815930092
7177.0,98.10548894686222,352.8130441051167,0.25838043870504956
7178.0,99.45129735858603,354.9516295792064,0.30091077779622244
7179.0,101.01074056507538,357.80867528332607,0.3339836089429226
7180.0,102.41966752773006,360.51736496134487,0.33983188006002
7181.0,103.55785040912858,363.27461479035907,0.327408067869389
7182.0,104.35258189131432,365.917798559325,0.3088769694043402
7183.0,105.27081673977368,368.0048033958027,0.2792014451114257
7184.0,106.26174263972231,369.3348410342478,0.24559251903732643
7185.0,107.42193573858914,369.7213578609674,0.22047744666606764
7186.0,108.79416141130933,369.21055505956815,0.22321580583183998
7187.0,110.34795188673993,368.29798298200467,0.25183459343993764
7188.0,111.99017422833182,367.48852426809606,0.2976631013420101
7189.0,113.79614424335955,367.0442782986242,0.333356890576249
7190.0,116.1811564405124,366.8772873958427,0.343277954586533
7191.0,118.7146482809625,366.9516958067593,0.33369907046228636
7192.0,120.85749408327229,367.42702797887944,0.32299036170820805
7193.0,121.97004334770361,367.5867789515326,0.3304728150165226
7194.0,122.1652711813728,367.0764264140234,0.3561616222601283
7195.0,121.70688466423155,366.5233161148338,0.3909078011664399
7196.0,120.86000215806254,366.87241270859573,0.4270956837143363
7197.0,120.03991717402715,368.44721113244947,0.46827786313505615
7198.0,119.59729983790939,370.4822276126836,0.50057252263225
7199.0,119.9076798439417,372.29743328231206,0.5122497648283876
7200.0,120.63315918397879,373.32659307331824,0.517364106811273
7201.0,121.35139477064804,373.10727381598707,0.53575517956994
7202.0,121.883454727056,371.6822605184376,0.5913818554638738
7203.0,122.96759322688513,369.7880282878452,0.6703324038868899
7204.0,124.65031396079023,367.8478120344681,0.7432324968730489
7205.0,126.29153121569122,365.9065263219936,0.7820675647253059
7206.0,126.81257748643625,364.7823612955101,0.7985173856040002
7207.0,126.04906732615146,364.9954784574715,0.7582252589929162
7208.0,124.88164550308484,366.7706354874458,0.67769612419346
7209.0,123.94587308156163,369.00791805760116,0.5855089259288024
7210.0,123.0182919379021,370.87571553288905,0.527973964974149
7211.0,122.47129599829199,372.67255558592785,0.5139606363338303
7212.0,123.01788821268782,374.848266401982,0.5527195678292545
7213.0,124.14678349801801,376.0603618668023,0.6189374686511241
7214.0,125.67193927525511,375.9655318600862,0.6637005532616761
7215.0,127.50148709234381,375.11098967077066,0.6656054462945316
7216.0,129.43706510125247,373.31275927846053,0.6506632175035203
7217.0,131.32497551593835,371.2737496221338,0.6320876634531482
7218.0,132.27278432124874,369.7312765710934,0.6207953605762623
7219.0,131.92501531605117,369.3890164998781,0.6389297757884888
7220.0,130.56174192775413,370.5031592458523,0.6583604504263396
7221.0,128.54939795983202,372.3785840286904,0.6316046898020722
7222.0,126.0917696187799,373.88531351560846,0.5617468322851983
7223.0,123.8035325571848,374.7592567849981,0.48678801103380237
7224.0,122.02734018765801,374.8997455795839,0.40240811834373164
7225.0,120.74204045255023,374.37055788755464,0.3241693520400385
7226.0,120.05813288794181,374.1947851332251,0.27277169790025013
7227.0,119.85929453584735,374.6548378125669,0.2543713332987121
7228.0,119.80889117842054,375.3498173215827,0.2700679052291363
7229.0,120.03656304405361,376.5073473310317,0.3130720415971281
7230.0,120.61157574324562,377.77774177549907,0.3496163074546322
7231.0,120.93625745707097,377.7247756563919,0.32312778531489
7232.0,120.99578571669521,376.06928003948326,0.2519823743039715
7233.0,121.20815114146902,374.716081933309,0.20594323473789608
7234.0,121.91188018446368,375.06289442411753,0.2216485534748356
7235.0,123.12040310838175,375.32143037640293,0.2754083960720689
7236.0,124.57623987862294,375.4122753246569,0.329164770373169
7237.0,125.9019835228002,376.3311620644354,0.3395626217088004
7238.0,126.51378521356739,378.1767681437329,0.3025186012859482
7239.0,126.10026095168756,380.127743658413,0.2605911066015625
7240.0,125.52187236278553,381.54444467400793,0.2625717455480026
7241.0,125.76342609471858,383.0957618951833,0.29729323323076084
7242.0,126.42099634929043,384.71985791758806,0.3137008865126049
7243.0,127.07209625951845,386.5812337640618,0.3194530747232401
7244.0,127.92168765341889,389.1523696855754,0.3324081151974025
7245.0,128.97090037980593,391.1642034438569,0.37040453754351615
7246.0,130.62557967094614,391.81362721163373,0.3953685389642244
7247.0,132.9990214714568,392.43286463746847,0.41088376912466557
7248.0,135.32235201968868,393.42145858992967,0.3961147409896609
7249.0,136.81294318107638,394.7674562452834,0.3595443003012168
7250.0,137.787687829064,395.9949362412548,0.3164726397321801
7251.0,139.15341680412942,396.9181491066225,0.27498831210915836
7252.0,141.15775775914796,397.86879396227886,0.22180300134731565
7253.0,143.3338625673864,398.6171372638022,0.15505694714074408
7254.0,144.89155685337914,399.1754761382392,0.10418696713360359
7255.0,145.17498585152455,399.38772288153746,0.09648392087833212
7256.0,144.54330654426295,399.31742224396527,0.1405339947282496
7257.0,143.36070767875557,399.525005496149,0.2063619779034724
7258.0,142.05430959611982,400.21602315838015,0.2515620524145445
7259.0,140.85617436191765,400.0340275236394,0.2261568855962025
7260.0,139.9085933605937,399.45899984953513,0.1458676680775876
7261.0,138.62493573054098,398.96809317963323,0.07834749759281291
7262.0,137.03141883752232,398.86101755704635,0.04389781327580251
7263.0,136.25685915150058,399.0306491882972,0.024574468865251598
7264.0,136.01201389933206,398.6479201101729,0.0154794828905649
7265.0,135.6801320239786,398.24632074438915,0.011307610737562498
7266.0,134.9789487095448,398.4034079788513,0.010516670682672397
7267.0,133.6477040345244,398.6746308996733,0.012995122214822505
7268.0,131.60267384393111,398.88355092567826,0.020449168740348096
7269.0,129.78074076959578,398.4015041920058,0.03354202875572889
7270.0,129.58178440426823,396.97267770359815,0.0366272306850564
7271.0,130.1737883739422,393.8983976484391,0.03243825408481291
7272.0,130.40217563587984,389.91252422887965,0.0335330149728484
7273.0,130.0534819846704,386.00713678715834,0.042662576151624096
7274.0,129.31431910334118,383.08857595925275,0.051249996172544394
7275.0,128.1824387974971,382.1537634037621,0.0487481181208576
7276.0,126.39320725030969,382.9457680448402,0.031805166300400894
7277.0,123.65686553868991,385.07930010134385,0.013909996922422495
7278.0,120.45646377075599,388.1950955820626,0.006766475628788103
7279.0,117.91114482414541,392.186892137052,0.004178045188839999
7280.0,116.46232131644098,395.47800502898934,0.002717443066810001
7281.0,115.89410457269022,397.2429532603565,0.0007431016028121005
7282.0,115.7394664725156,397.462653841585,8.233094284959989e-05
7283.0,115.89455198366225,397.53565097250936,0.0010202147046399995
7284.0,116.14484269784977,398.80608183243237,0.0008697444434448992
7285.0,116.06373885572498,401.2705337108003,5.2811257249000605e-06
7286.0,115.94929744539779,403.532588838382,0.005275414687202501
7287.0,116.22816489233887,405.1642198918769,0.024935457563122505
7288.0,116.51143682182924,407.1840025332327,0.0548044159377649
7289.0,116.91802204354951,410.1984738201205,0.08853635956036
7290.0,117.08799408684992,413.3974122065275,0.11861139444000252
7291.0,116.51612904102295,415.5842583071025,0.1271571198855409
7292.0,115.92166265221158,416.6627322568193,0.11085302559816042
7293.0,115.93788711779737,416.74007893598844,0.0964409174183844
7294.0,116.3713666106472,416.698239424179,0.09502313019756842
7295.0,117.42011331939504,416.91211664215945,0.11126666996422814
7296.0,118.84870599990313,417.06160761932256,0.13034499316423293
7297.0,120.2039984728457,417.01865781018336,0.14306196486020892
7298.0,122.0633280192171,416.680531580087,0.1432380648708025
7299.0,124.39005520565925,417.3408834997323,0.12085528694770088
7300.0,126.48078756824005,418.93496888965285,0.07984595183646762
7301.0,127.77760064126771,420.11684049982864,0.044702391184359994
7302.0,128.7124017479474,420.275235468828,0.02558218230137611
7303.0,129.62576129644114,420.23112463194974,0.019619686140684097
7304.0,130.5034052141957,420.9914398692454,0.0237595958565904
7305.0,131.40224183161322,423.5321329535473,0.037758668992809996
7306.0,132.06142931706273,426.58667793059146,0.06484472282491291
7307.0,132.79481285561442,429.012732484516,0.10083409032194561
7308.0,133.9557324983131,431.09496053179356,0.14890167653284
7309.0,135.75475517417576,433.49892300370533,0.21363874043870407
7310.0,137.85895086979883,436.28338267796534,0.27520884270432006
7311.0,139.90413081655063,439.2431808213803,0.2901355165764442
7312.0,141.55139261513753,441.8493247166672,0.252020897603249
7313.0,142.92823449444407,443.7601778807683,0.20591837579329003
7314.0,143.39494196080656,446.08521630182855,0.21606888119041
7315.0,142.66927090287655,448.98125244974455,0.2621281794387025
7316.0,141.3725465887527,451.46661021611516,0.28886284313054433
7317.0,140.7258209861931,453.42510331370227,0.2777935507103377
7318.0,140.59100988652182,454.8599174793562,0.23904518167090094
7319.0,140.3075441715671,455.44685713463286,0.19799567558570247
7320.0,140.06458438724565,455.6883430566666,0.15936715501058557
7321.0,141.0809752319866,455.47934627783656,0.12774582534363035
7322.0,143.1264680669434,455.557945712232,0.10681029926040249
7323.0,144.1403881200397,455.35243489770977,0.10761371885208999
7324.0,143.63064626829615,455.05758848925905,0.12114907715385761
7325.0,142.7315786267775,454.42846666438555,0.15892636714249
7326.0,142.0798934232908,453.7361940597934,0.2122378651856961
7327.0,140.99737965270805,452.3999092280571,0.2794583570720041
7328.0,139.40669465282787,450.52823829912415,0.36085103836908833
7329.0,137.64117904933505,448.6071752896613,0.46166898994279854
7330.0,135.4039508223713,446.29162349364344,0.5384173562717184
7331.0,132.72120091095468,443.8539888688768,0.5415593775755525
7332.0,130.39724959146548,441.1463985279435,0.507103942053536
7333.0,93.64240909304064,457.8525046927372,0.9012389548163237
7334.0,92.85496302510657,456.13052406157925,0.9076123675390866
7335.0,93.03256809014985,454.75310268249746,0.8960810184341135
7336.0,93.1922640332851,453.2329907342056,0.8949376256906448
7337.0,93.08195762265474,451.1452048016481,0.9026090632947599
7338.0,93.01799108136393,448.44269573151274,0.927002845769417
7339.0,93.37943221391943,445.8223045034213,0.8896917558781727
7340.0,94.05624411812201,443.523879676844,0.8091273791474064
7341.0,95.08460199952755,443.06722932190877,0.7680474606592489
7342.0,96.1835273477176,443.97596952278195,0.8275013646278404
7343.0,97.23609509921512,445.3752680025861,0.9637708401892561
7344.0,97.75410196988412,445.4408744736352,1.0135111118077522
7345.0,98.04364764138259,442.83256855708015,0.9004117034280676
7346.0,98.4636558522794,439.1014570379848,0.7348871294411362
7347.0,99.33765380347761,437.0458109869325,0.6204135529332226
7348.0,100.28022864564264,437.37051036709744,0.5583647482020865
7349.0,101.04153937863586,438.36785508839847,0.5653756859995025
7350.0,101.9917737481994,438.8477069852101,0.5918815121674894
7351.0,103.07213683838931,438.17599218008286,0.5704610203476899
7352.0,104.43785813160838,437.72632599842575,0.5341563249828
7353.0,106.20027530954914,436.896541572018,0.5298186113049601
7354.0,108.22832922020301,436.4682778735676,0.5760434301125625
7355.0,109.50455955656129,436.0178039186277,0.6690011420400099
7356.0,110.74203890313082,435.5438079299826,0.7280280197895365
7357.0,112.79999091117067,435.35679721879745,0.7101091610600626
7358.0,114.85435285269152,435.4415432878327,0.6123034643031683
7359.0,115.83121274033081,435.1022497199262,0.5805114500455203
7360.0,116.49858384179394,433.62149359524676,0.6266222323956677
7361.0,117.27391089251935,432.274068545907,0.6814792748890566
7362.0,117.92953104011566,431.26822752968224,0.6884886138345797
7363.0,118.55132786018305,429.157337828769,0.6519157687172602
7364.0,119.54521773531654,426.7379209769689,0.6003103137293025
7365.0,120.93785996011648,426.1702475933378,0.5965648089561663
7366.0,121.84814093981899,427.2980658361631,0.658515419597537
7367.0,122.23879290991053,428.4014222401876,0.7100412595490916
7368.0,122.56878114595636,428.227601858062,0.7081026095261889
7369.0,122.35944122781562,426.6230784462216,0.6819877564502501
7370.0,121.78350527829208,424.07462139882847,0.687848476163016
7371.0,121.1802693126448,421.99957541769805,0.7062366787576321
7372.0,120.62799159066779,421.6814978562481,0.6879865062282304
7373.0,119.79443121772675,422.5309852469224,0.635200854686112
7374.0,119.25751004836552,423.1041714534748,0.6043675519566399
7375.0,119.27267605932929,423.0608741832253,0.6312702298730257
7376.0,119.61299359169804,422.9185278467874,0.7147054884545535
7377.0,119.44071838021118,422.31507957067873,0.824900206401629
7378.0,118.56101413655657,421.04340185837975,0.880627085244329
7379.0,117.67413870581687,418.89664157501034,0.8618767242083857
7380.0,116.9046726468028,416.957687730338,0.806178994857584
7381.0,115.65197881392099,414.6514875833879,0.728623177776833
7382.0,114.24479626525732,412.54395093523704,0.662261276643697
7383.0,113.41880682306409,411.4030912951375,0.616485694665961
7384.0,113.68143793115405,412.77869460451006,0.5790311141680836
7385.0,114.51864997211767,416.1220074991521,0.5558041707675624
7386.0,114.93612727559822,419.4874178480361,0.5827075888701795
7387.0,114.4476719309983,422.64077262664307,0.6911775401119743
7388.0,113.6139149702348,425.1820942747258,0.8615588785478416
7389.0,112.58735302824466,426.92642123227654,1.032715913136216
7390.0,111.60917178367613,426.7687274390451,1.1990407023514087
7391.0,110.61637103660533,425.9142893987273,1.3770196368390397
7392.0,109.73019130950657,425.6726728237281,1.5260105611239998
7393.0,109.11827503438126,425.6082837101209,1.6479718787449447
7394.0,108.86607367880177,425.0868338197194,1.74892266899856
7395.0,109.14774886439997,424.65600891766655,1.807429885879472
7396.0,110.09684205825988,425.15465369588816,1.8072107541986517
7397.0,111.72750657720286,426.5287706942262,1.7393692790522497
7398.0,113.51278586905066,428.2288654139294,1.659627818133085
7399.0,114.6058248930292,429.3942646584062,1.6121609192868203
7400.0,114.41389584725304,429.431271744179,1.6124986287734806
7401.0,113.59691133117164,428.30338291341656,1.6244610059379023
7402.0,112.84012024993882,426.5417765446776,1.6609237568602562
7403.0,111.9250807441715,424.26243700422907,1.6903317762817598
7404.0,111.17100441501047,421.7154365433765,1.6702585746618255
7405.0,111.29086407613019,419.6307465812487,1.615040380220912
7406.0,111.83848617014603,418.17277399925274,1.5300586863282681
7407.0,111.57455938144967,417.69886188326973,1.4081765752891453
7408.0,110.64950279616542,418.63702234516416,1.2626136384030724
7409.0,110.14940355751395,420.58577914498153,1.1759256155530815
7410.0,110.38144245380329,422.3461686458424,1.163864524179781
7411.0,111.09558837179665,424.2782952691616,1.1945225432466227
7412.0,111.7750583757292,426.3822962236633,1.225034552107584
7413.0,112.42413512147552,426.85460989085516,1.3279293750129124
7414.0,112.71451572370393,425.0073314045512,1.5276230274314304
7415.0,112.85855911485261,423.205672782229,1.7089722134896896
7416.0,113.32957116731404,422.0186884954329,1.824183217465493
7417.0,114.07827295458274,421.2219612230857,1.8644858999500038
7418.0,115.335843221592,420.7147843084756,1.8946004526204192
7419.0,116.77543413933415,421.3161402715705,1.930832861426574
7420.0,117.96146349636302,422.4314569832786,2.0063359850136098
7421.0,118.81220399022118,422.60518132556683,2.0396627793798165
7422.0,118.96477194795118,422.1415669132126,1.993940922382273
7423.0,118.30395182217924,421.3621542222788,1.8779789204075639
7424.0,117.68673222025554,420.1874555972417,1.7682328551156887
7425.0,117.50441779257352,417.79525114483135,1.7032348504641601
7426.0,117.5197472761954,414.7728843417721,1.6455585735572928
7427.0,117.64368295572726,411.93714543303213,1.5766244013327027
7428.0,118.70555387679745,409.965313049136,1.5199782259035608
7429.0,119.94844863022635,408.8163317088489,1.5128403455880624
7430.0,120.43737810023637,407.5905708023689,1.56488343322806
7431.0,119.50475738287591,407.2514299623124,1.6944740732305152
7432.0,117.99799232337408,407.82454252552907,1.8070351089112033
7433.0,117.07496889849205,408.29785291941454,1.885323174659904
7434.0,116.98326839446894,408.6237688693135,1.8924151235406395
7435.0,117.19822776051777,409.40364437195416,1.7977940622276647
7436.0,117.1209214736743,411.2547287134123,1.6785597446733047
7437.0,117.28000895510203,411.9931811834618,1.6024232618312164
7438.0,117.74934594934219,410.82279814144874,1.6139032273539082
7439.0,117.88489605400683,409.5587837549503,1.6880718182969126
7440.0,116.97390549049203,409.6492465897845,1.7792749106207297
7441.0,115.63421749342561,411.83998618617244,1.9046983952877719
7442.0,114.65710890532375,414.1182566288702,2.1010712388124175
7443.0,114.01530606202499,414.8557413335007,2.321208198079392
7444.0,113.89799646817818,413.7590909105108,2.5654998788024836
7445.0,114.26583954072319,411.89065172448335,2.8409344201214086
7446.0,114.72371684625298,410.02981715124895,3.1097792858909563
7447.0,115.03901169096338,409.99670512442253,3.2196596960546398
7448.0,114.8019736410735,412.01332924854563,3.1486196047136996
7449.0,114.39041600609096,414.8254448824225,2.981016961406352
7450.0,113.91480894997633,416.90134354187654,2.8542669146194566
7451.0,113.81782339858444,417.4967625612159,2.8161085835647803
7452.0,114.01835395219878,417.8045632703204,2.81444476558249
7453.0,114.09669862121557,418.51153080150596,2.77023035592081
7454.0,113.71470328622894,418.6983487557641,2.6912575080876673
7455.0,112.88194517934774,418.08320607148056,2.6602874692431127
7456.0,112.34729625910055,417.73916719147866,2.653657127124502
7457.0,112.96043587681976,417.929499439908,2.6808306013986085
7458.0,114.23477320383024,417.55882317775746,2.73052953170596
7459.0,114.6074097275541,417.7516777940912,2.812454575161753
7460.0,113.41386919119515,418.9419554320881,2.9174228120013197
7461.0,111.36791644407,420.79481431067086,3.0707681280461325
7462.0,109.43269067748577,422.62811296413213,3.2779362488315518
7463.0,107.89241624705839,424.4020233923185,3.465730073870179
7464.0,106.39869666635586,426.5167059594592,3.4521893803266486
7465.0,105.00329040447214,428.96408281322255,3.252841082104634
7466.0,104.1002809371884,430.29530221716027,3.002099413320562
7467.0,103.87070302735505,428.92013010397665,2.8587546601704483
7468.0,104.02311417720318,425.24124092957305,2.912939342426261
7469.0,104.12042029871276,421.5657297113014,3.055899060769
7470.0,104.13285845841776,420.0211154633506,3.0826800094140623
7471.0,103.94463921342236,420.0514731616466,2.9255996228208647
7472.0,103.26162359352345,421.63955598611403,2.698884396145549
7473.0,102.50562255399647,423.5726355693985,2.5188574296373565
7474.0,102.13100538121017,424.8843927614483,2.3869142556845055
7475.0,101.66456951990959,424.6890449359055,2.3754096406849596
7476.0,100.78112445989007,423.2296308182758,2.457855395118912
7477.0,100.02093709579023,420.97662307626473,2.5362142603111515
7478.0,99.65444743332303,418.89460511450363,2.5583580553639758
7479.0,99.69432694773161,417.6407710171751,2.4942891555976963
7480.0,99.76599925127346,416.1601648320163,2.4580023900151327
7481.0,99.13853593549898,413.7871901335553,2.5426814856262885
7482.0,97.57091762818857,410.82416750029256,2.701970739297217
7483.0,95.50261056386054,408.4494900247822,2.807839284222722
7484.0,93.64191286222503,407.3266638126801,2.847124948534205
7485.0,92.2505988310893,408.155954216613,2.86266468586921
7486.0,91.32025300267836,409.94056235130154,2.819266830022562
7487.0,90.43043011009087,410.8018105096532,2.7196743165751203
7488.0,89.81519714928575,409.846174702712,2.639636085104576
7489.0,89.48441376067082,407.6188175431839,2.5779337947659204
7490.0,89.26018866894188,404.57426237843106,2.5088925972204965
7491.0,89.49618437470927,400.95890319678466,2.421945280975601
7492.0,89.78174462778377,397.27414342488163,2.2754090332268095
7493.0,89.89907587431179,393.9588809361985,2.10861996703744
7494.0,89.54494361601735,391.8294889267672,2.034134123720947
7495.0,89.1258002959486,391.311689064832,2.10108216811122
7496.0,88.71094371075765,391.5975410550227,2.2495740501611596
7497.0,87.92229172684276,391.29180604022577,2.42474421356736
7498.0,86.85718013282238,389.62923191171194,2.5574330597976167
7499.0,85.33009120456659,386.62258139366435,2.6126126992566223
7500.0,83.75307751640555,382.7148800449521,2.6724644521027594
7501.0,82.39825324879469,378.069202498483,2.7875409526083024
7502.0,81.61543041568576,373.433362931776,2.8564656601029124
7503.0,81.73940886612651,369.74212146689763,2.7934130955364624
7504.0,83.08262195269427,367.01739419181985,2.701503732330032
7505.0,84.8785062968721,365.829455942093,2.6757017482124175
7506.0,85.92061991354727,367.0139772327506,2.810774032279142
7507.0,85.83278833087378,369.92686369525296,3.1004310081446462
7508.0,85.16364544247632,372.6885705749297,3.48388003707963
7509.0,84.58473910281442,374.9107004775466,3.954469268160867
7510.0,84.21352003744867,377.26709510380414,4.403248356146423
7511.0,84.02257161953162,380.26951156029,4.678294000221146
7512.0,83.22488959588652,382.46721958639176,4.839257484479938
7513.0,81.99400239961275,383.3212071414057,5.0482879185074125
7514.0,81.10608729342506,384.3428184012478,5.3278542703388325
7515.0,80.65746164516699,385.03214799436427,5.61200270453623
7516.0,80.387362092728,384.93327357840053,5.7630058640512996
7517.0,80.3110950861918,383.77443268952413,5.822668753847251
7518.0,80.722586493093,382.48053825326537,5.889072220824747
7519.0,81.66326986823822,381.9843726808203,5.97843967919104
7520.0,82.51196118514586,381.7546418519938,6.108741112207298
7521.0,83.08414561755023,380.9490953392809,6.234950820035723
7522.0,83.83250447048464,379.85018784046343,6.314605849255203
7523.0,84.75466547328666,379.56768545850963,6.3178355744302515
7524.0,85.48222236363813,379.0664343174048,6.249498060078152
7525.0,85.89488960278115,377.0713900794072,6.191216225147321
7526.0,86.50147007025723,373.6599819711681,6.071407718273931
7527.0,87.33509991634449,370.10473978153175,5.896229980232852
7528.0,88.12061219532853,368.17412718503977,5.65072735428074
7529.0,88.53317768613796,369.0118602578933,5.46637118793984
7530.0,88.92496223801088,371.0161772435832,5.406307688053177
7531.0,89.66214450931389,372.9211786263558,5.467145663499553
7532.0,90.62701586199151,373.97805913756207,5.632854160730441
7533.0,91.59058256274366,373.86951337015614,5.9071935108612985
7534.0,92.52797457888906,372.77914461421375,6.338457896449537
7535.0,93.55699296473523,370.7074258572443,6.806567819242401
7536.0,94.23808875961457,368.3955511935429,7.148343149518874
7537.0,94.31004573953568,365.61391981359816,7.275128594063838
7538.0,93.66283020878569,362.3132797855992,7.2550560238860555
7539.0,93.04944337625031,358.89069373916874,7.2172930497340415
7540.0,92.22108992828792,356.4906082282509,7.271077249472121
7541.0,91.1253824868361,354.809287980107,7.390881818146818
7542.0,89.8418492663155,353.78962466789227,7.5669315040074725
7543.0,88.68886927853822,352.7563958913688,7.8629096239075205
7544.0,87.77163111582527,351.76069705104607,8.29347560335704
7545.0,86.40231542318575,351.342776841944,8.693984313240819
7546.0,84.60224354756586,351.2439331996887,8.925087298633173
7547.0,83.08974271742055,351.42636793082056,8.97989036582811
7548.0,82.5451491271832,350.36155075121826,8.919220417510832
7549.0,82.70433868212704,348.6703747268085,8.789496845737274
7550.0,83.03261383355182,347.2820425052139,8.506144032717303
7551.0,83.28838120208503,347.26801160259436,8.140933302341127
7552.0,83.39227665946635,347.42668249791745,7.732892243005466
7553.0,83.48641531277619,346.9162586885367,7.2496022379729315
7554.0,83.69807457574443,346.0024959809179,6.678784962950321
7555.0,83.87400445576952,345.5056173741859,6.09615536122921
7556.0,83.7212071099914,345.3338839018177,5.577313544044997
7557.0,83.28073504293496,344.7089958486722,5.094713166467239
7558.0,83.12235574388905,344.20273294810215,4.648321468571358
7559.0,83.3173367363423,344.4988450321087,4.35872023018833
7560.0,83.85799417368912,345.1535396614149,4.125861188306559
7561.0,84.32304981256371,345.3282194058191,3.860988771313212
7562.0,84.3998522319742,344.68824084916423,3.6490397041061606
7563.0,84.49391575191298,343.4936739828883,3.524686519000522
7564.0,84.66369165765624,341.6166475648054,3.43873000578969
7565.0,84.75809998413573,339.24573731294004,3.2794955343750622
7566.0,84.25695095170539,337.3211674341993,3.0256367979554932
7567.0,83.22504924439694,336.7110284117063,2.7012475301116177
7568.0,82.35522406698796,337.4245398164262,2.42878229871601
7569.0,81.9676260623587,338.86277820827917,2.2432404444838143
7570.0,81.53140523141306,341.0977897962523,2.157469471212636
7571.0,80.69073069326777,343.51220744453667,2.11994613377211
7572.0,79.86594293223756,344.42443631430024,2.1613711018736526
7573.0,79.44151480896923,342.2624324829026,2.312388831020646
7574.0,79.28464959765569,337.8170881079652,2.556553960467562
7575.0,78.68934936003902,334.2683749461812,2.8066435259220794
7576.0,77.28469933141056,332.33370977709336,2.8505109325731843
7577.0,75.75784944645818,332.26633794661694,2.689809399275545
7578.0,74.62886544,332.8992876198572,2.48357175459904
7579.0,73.4701271039009,333.36046209040876,2.2939792330854396
7580.0,71.99176163435271,334.0405497270284,2.1465192699861846
7581.0,70.418529973636,335.43929423070347,2.0347076800512403
7582.0,69.00752728707977,337.4322394603498,1.9382295830258593
7583.0,67.96058072300698,340.13435809100446,1.8622018818900323
7584.0,67.02176773606786,343.9451308926002,1.8481203168556921
7585.0,65.80620177876074,347.6716438287306,1.887510863417094
7586.0,64.35988274281009,350.34067493557933,1.8778913532702977
7587.0,63.23814964566723,352.4369212993836,1.8454805442856221
7588.0,62.76830347911919,354.8781040106424,1.8556983352512357
7589.0,62.8241992445918,356.7490398370617,1.911547835683517
7590.0,63.12815264822883,357.79881112358447,1.9781601393820556
7591.0,63.450656388399516,357.79270217697916,2.0744878550180625
7592.0,63.88960956284967,358.45849998114016,2.229865566609433
7593.0,64.20999934250392,360.11892951067205,2.38073420218384
7594.0,64.22006436861052,361.44584299155235,2.5143799207105295
7595.0,63.490269245145846,361.4287413830597,2.624688627135246
7596.0,62.26841017158426,360.63125633148314,2.71224499227246
7597.0,61.11095039090446,359.3721116836606,2.7457845774136276
7598.0,61.03613219140123,358.3519306364846,2.7082815548393477
7599.0,61.943262271377634,359.234461349912,2.589757560845417
7600.0,62.8848833470011,360.6964635917907,2.4922683045686416
7601.0,63.682468592398735,361.6339672299765,2.452023236289062
7602.0,64.08697833161648,361.92705531121845,2.4169615902434805
7603.0,64.35349942876563,362.34932370400526,2.3936900174078115
7604.0,64.26046046077504,362.94218490186813,2.3759940826474804
7605.0,64.08837464707267,363.50356662713034,2.3652937397863227
7606.0,64.1214873583852,363.7649667912997,2.38585248902025
7607.0,64.36277872340904,364.4830774553119,2.415362826746937
7608.0,64.3642751152233,365.0562401558961,2.332356455965593
7609.0,64.38274268953076,364.99172665571916,2.171410666841318
7610.0,65.11498509120133,364.38385797704046,2.0591393313910222
7611.0,66.54924204611874,364.59325102449,2.144118144106177
7612.0,68.1390765768161,366.06148391158354,2.410175893269774
7613.0,69.5443337834462,368.0886333290486,2.7417295732092715
7614.0,70.9966192469047,370.09719232608796,3.00390771286225
7615.0,72.54899086873581,371.6030008057498,3.1240305506028525
7616.0,74.11956936336185,373.0022713978596,3.1614831391359997
7617.0,74.97103601654509,374.5874192432063,3.20238723475268
7618.0,75.4123831197211,375.96063167805636,3.3209584655370836
7619.0,75.95858046377555,376.63614949674434,3.4067646010944443
7620.0,76.31070299220006,377.3128105427681,3.3671790884564996
7621.0,75.94396854143066,377.87019678068197,3.2344641626437918
7622.0,74.96506742867476,379.03390788561444,3.172717863283501
7623.0,74.13041296619811,380.51273298803784,3.2125060836030404
7624.0,73.60275105390889,382.3700020251153,3.3287805819190517
7625.0,73.51517417624693,384.8435241011783,3.454407899514062
7626.0,73.67639087844246,387.2472113741648,3.653893838789532
7627.0,74.1041748899001,389.14767823759075,3.94692444129424
7628.0,74.51148701361332,390.54242124444573,4.2094097799445445
7629.0,75.11215949254712,392.07275820027644,4.334225375340063
7630.0,75.9239555986296,393.2444413211542,4.3687720862502095
7631.0,76.9264844527728,393.5407957105368,4.453231369466886
7632.0,77.60593975952521,393.68656552203277,4.542285044188239
7633.0,77.6556776258219,393.8486331843999,4.60282341500349
7634.0,77.15102131174847,393.7805708084404,4.63484002262098
7635.0,76.73097775807643,393.2920515668919,4.614986268818647
7636.0,77.08313384594,392.7849971433049,4.468973126549268
7637.0,78.34547185915504,392.68925912784886,4.225005101254158
7638.0,79.86252697598397,392.9789104132507,3.979655215389583
7639.0,80.65017125437952,394.0047916169695,3.726951718049731
7640.0,80.42344976498356,395.20815849984285,3.4756829847194566
7641.0,79.7872279215359,395.70558414618296,3.2713151671715077
7642.0,79.28385730455881,394.81051460261796,3.1563856242866803
7643.0,79.35636022886531,392.87123309645546,3.0856395900852767
7644.0,79.82971217397643,390.61515328074836,3.022829652145969
7645.0,80.38705187288868,388.7129044960837,2.9503539518211137
7646.0,80.78654363405957,387.19945446407735,2.916074157747722
7647.0,80.96785141054616,385.44597553118416,2.969722633848422
7648.0,81.19325134839343,384.1175217023191,3.057256551311513
7649.0,81.55296163641026,384.2040722559605,3.086683871057288
7650.0,81.92064209154515,385.09012760533955,3.0567118824695205
7651.0,81.95687490585325,384.90557221434983,3.0411431592455167
7652.0,81.768073109157,383.65148880607126,3.016836373668063
7653.0,81.44085031577639,382.2699813673511,2.949198080250243
7654.0,81.28168689480178,382.1178203468629,2.8289055460572037
7655.0,81.62211436021764,382.6820217850328,2.705772399695168
7656.0,82.19601380905499,383.25749792263593,2.653661786080704
7657.0,82.59253792958795,384.2999136170472,2.679308728105548
7658.0,82.72042108839054,386.69397570200516,2.717177690737232
7659.0,82.62888156004811,390.4927435555477,2.6657982075834727
7660.0,82.37702070195157,393.8356796578245,2.4800294337512465
7661.0,82.26150894334656,396.1192036034508,2.2476020492482207
7662.0,82.44848296515607,398.3477653075489,2.1016445290368
7663.0,83.14815635206199,401.2399241961099,2.0348475868871057
7664.0,84.39849514276791,404.18921780273274,2.00899018828002
7665.0,85.79938047482024,406.87132950802004,1.9813427429071324
7666.0,87.06542999925935,409.7615252271105,1.9975213625020412
7667.0,88.18199414494983,412.9624079529112,2.0198975837856197
7668.0,88.98709474286623,416.03634928223363,1.9763156455272035
7669.0,89.40971368201414,418.5786580021054,1.8283284715195809
7670.0,89.44073834913127,420.9630498965851,1.6556515494671373
7671.0,89.24688652807242,422.8937659131609,1.5047096718225663
7672.0,88.87345698489312,423.93659520965326,1.3310655927137856
7673.0,88.3995421389034,424.20935156447894,1.115829075976172
7674.0,88.09268600151616,424.4952308197867,0.9052516602141796
7675.0,88.37858252089501,425.7363941591212,0.7304511682542094
7676.0,89.38159208051712,428.4847720239466,0.6158043902972024
7677.0,90.72818838610638,431.69001198766136,0.563744592688733
7678.0,92.10372552116458,434.0459982467753,0.53623487713636
7679.0,93.054666488545,435.67464522671776,0.5309184355222499
7680.0,93.08278213394026,437.4931012067281,0.5108131714728026
7681.0,92.19012438129032,439.3365345461211,0.4538991100041225
7682.0,91.36036041723429,440.3567900857705,0.38651309082113294
7683.0,91.11322038301972,441.2509231028216,0.33562681758228646
7684.0,91.84557660698383,442.5496503203943,0.2978508340306944
7685.0,92.83000905755225,443.90478489044676,0.2548532885136015
7686.0,93.57976725249169,444.8181917209395,0.20713002731716001
7687.0,93.75553427435922,445.99960964422394,0.1622592072150921
7688.0,93.16106095208497,447.2572123323923,0.12632280772864
7689.0,92.05528339491669,448.25829181828107,0.1050411535462809
7690.0,90.96559058029688,449.56127005931387,0.10005925340367357
7691.0,90.62753564503218,451.14521329771986,0.11685360110287361
7692.0,90.79907170313498,452.3281766235086,0.1484646669018769
7693.0,91.17714402960142,453.43469237979616,0.1787773274356624
7694.0,91.42545057608984,454.06761252036137,0.1848417481887076
7695.0,91.47539778458322,455.11479694968494,0.18336285347503212
7696.0,91.30764599185181,456.7116461438878,0.20166251769225
7697.0,90.86411549380638,459.98518026967815,0.23236570451142757
7698.0,89.83356733866611,463.5853953963295,0.2470432047240481
7699.0,88.89767314798516,465.70815815301813,0.2619743608931761
7700.0,88.65022943709302,465.4137384304652,0.30299939694351613
7701.0,88.78218314747943,463.2667172525186,0.36137252171758233
7702.0,88.82594988451392,460.58760071392044,0.4136453955172899
7703.0,88.46799160007653,458.78654271935335,0.450264525567301
7704.0,87.91138641341396,458.876009083566,0.47090577996306243
7705.0,87.11432323849925,460.05932302100206,0.46936584656783986
7706.0,86.22733838475123,461.8702684780026,0.47306988545657763
7707.0,85.44179679911825,463.54806262806903,0.5319418534710337
7708.0,85.33965812348727,465.43424896667347,0.6328919424904036
7709.0,86.2113819165714,466.0783735110747,0.72555438130704
7710.0,87.46518683753234,465.0271224315255,0.7897563369751696
7711.0,88.45847550197956,462.79149365770485,0.8320984409524899
7712.0,88.72346285517062,461.4548224870203,0.8390866679602274
7713.0,88.0130417217686,461.3004422788128,0.8068702730617763
7714.0,86.70430042140737,462.0801475458181,0.7522030801448163
7715.0,85.56732172292799,462.9057075976458,0.7218356737793568
7716.0,84.6331378590917,463.7177729010919,0.7386665926861223
7717.0,84.16058505681346,465.4520238933568,0.7602487762524516
7718.0,83.9034908316549,466.17582462111136,0.7537203296116624
7719.0,83.71914015370893,464.6899719085604,0.7293207140876176
7720.0,83.80138590042789,462.06156525762117,0.6841166260863649
7721.0,83.87327564181314,460.6875471392335,0.6230455271832288
7722.0,83.45672770917854,460.6884657831895,0.58214076934225
7723.0,82.2066283167264,462.29087240345035,0.5302430977390848
7724.0,80.55840669243092,464.96014468254884,0.42566682304636094
7725.0,78.81877142700019,468.22891951065645,0.3123780853950436
7726.0,77.32881568083857,471.1549543317928,0.2530822622227524
7727.0,76.55745973295551,472.95723324669046,0.2326927412391696
7728.0,76.45011042574214,472.7789025063987,0.2158212710338624
7729.0,76.42943414251397,471.1639940992576,0.19078043736964
7730.0,76.03119343955902,469.8653905111208,0.17417761694064637
7731.0,75.47141237887512,468.7565114679632,0.16083280889291562
7732.0,74.81986644417395,467.89682637098144,0.14640157687266808
7733.0,73.98704930072478,467.41159153494635,0.10954041938658811
7734.0,73.186160021881,467.5245773128673,0.06256932921550439
7735.0,72.78881044763793,468.121419501106,0.026961863312462395
7736.0,73.14338155401217,469.2267973881608,0.0035873247767183995
7737.0,73.6431234619784,470.42019592665406,0.004977037235534403
7738.0,73.89533165018756,472.1094300670884,0.03708678293690411
7739.0,74.22807261623511,473.9098650075044,0.0685343496632356
7740.0,75.11007637245258,474.81236672618223,0.08321425434281611
7741.0,76.08986612328628,474.82490314086317,0.10070435826025
7742.0,76.7760044390119,474.9973751747903,0.13333246306195237
7743.0,77.47237031003134,475.82445838785264,0.17547447878262765
7744.0,78.382402231155,477.2130308621896,0.20984012650561001
7745.0,78.87992584940012,478.8415182185333,0.23767420008892812
7746.0,78.53353498588879,480.37959065323486,0.27952978065717765
7747.0,78.20460328209997,482.0319746182431,0.34649584877544043
7748.0,78.25033974537128,485.03128176576314,0.4246313662425024
7749.0,78.44623749498254,489.950998834544,0.5110404036668099
7750.0,78.68460502543385,494.2610965692278,0.5667793582562501
7751.0,79.29401993467785,495.153351362763,0.6117555721188025
7752.0,80.06080397645549,493.7538168963039,0.667890550513404
7753.0,80.50680603592225,492.60395524606366,0.7082938085797251
7754.0,80.39374916808768,493.41393709746745,0.69602980934168
7755.0,80.11521863382447,495.5311972165317,0.6534246137379857
7756.0,79.76807431900245,498.1288370110081,0.6267072683874025
7757.0,79.4613232184856,500.5920267844393,0.6439239482296386
7758.0,79.56932025639439,502.7678425442189,0.6959965051224025
7759.0,79.96404323821548,504.40914116185985,0.7830946272257957
7760.0,80.39745980634454,505.61717388611584,0.8784172055479396
7761.0,80.63323717226534,507.25657069126197,0.9337245775830625
7762.0,80.717628341715,509.2793679778284,0.9648877110775205
7763.0,80.86971065512226,510.93345706825744,1.001380295975808
7764.0,81.07721013063184,512.8659950018542,1.0348269612338028
7765.0,80.98242233372802,516.7641238753623,1.0079148394981443
7766.0,80.50432819323295,522.6956003626227,0.9073761356101849
7767.0,80.10993798065687,528.0996946438405,0.7820041053552019
7768.0,80.12123738362274,531.6905673369573,0.7081406958001218
7769.0,80.74556743667198,533.0706589523292,0.6822718865262003
7770.0,81.76089346614629,533.2040115917944,0.6782629164444963
7771.0,82.84362336233254,533.8727015006828,0.6982552693188901
7772.0,83.87108354091112,536.0237915916813,0.7193465654118602
7773.0,84.60720241784102,538.4301407895064,0.698367630860245
7774.0,85.0826728053652,540.0706674997622,0.6425950572748728
7775.0,85.18795076128298,541.3840437573889,0.5742700548849663
7776.0,85.0612541181816,543.2953264688512,0.48518266870530247
7777.0,84.32075120017359,546.1634735333797,0.3898780948767962
7778.0,83.4418059589468,548.0369227963096,0.3208580800880897
7779.0,83.41689087257966,547.8927793582699,0.28026644583988103
7780.0,84.59482942825254,546.3938334572101,0.25571117013236644
7781.0,86.20333144509299,545.1898329053281,0.2492629140980169
7782.0,87.35761892842683,545.4714721063626,0.24564951322937637
7783.0,88.21820341306113,547.4507676962097,0.23004975241040038
7784.0,88.68718883193826,551.5840604795982,0.21249458552082257
7785.0,87.93899652861388,557.3232915422593,0.20034451567393205
7786.0,86.2919567249799,562.8204614561156,0.20849408932894095
7787.0,84.75065399822019,566.5997421046555,0.23533471008934806
7788.0,84.27715493987063,568.1931710632402,0.2774005864244225
7789.0,84.62211688070624,568.053760062664,0.3319263991206917
7790.0,85.1229223628514,567.6736342281687,0.3775230206181604
7791.0,85.60499237437155,569.2837604105774,0.41834139182278574
7792.0,85.94376626668975,572.3906561823626,0.4755998262352515
7793.0,85.92092320654184,575.1028326653009,0.5365778003663841
7794.0,85.54251839172403,577.4150694806742,0.5694665576408066
7795.0,84.91243878300558,580.360638337284,0.5738205819894917
7796.0,84.13111884271495,583.3883223040084,0.5758996739906916
7797.0,83.1120721033467,585.4801268363857,0.5660938269988849
7798.0,81.79621637005363,585.2158338913605,0.55599468306326
7799.0,80.93663421751143,584.3178864569312,0.566838699249348
7800.0,81.15595193265561,584.3770752172114,0.6121693827492515
7801.0,81.93157624813543,584.6941646205448,0.6519243596199888
7802.0,82.1304485134903,584.4369864268106,0.6822373107084965
7803.0,81.53628429052114,583.3576280421181,0.6823262217241601
7804.0,80.42754420710305,582.7302201993447,0.6546538461705124
7805.0,78.88147335859902,582.9066549771698,0.6301813581585367
7806.0,76.96004649901748,583.732240086354,0.6295059340788098
7807.0,74.951007976922,584.3505654604718,0.6268998120770025
7808.0,73.18502017264238,584.7965742776158,0.6023229523243023
7809.0,71.81091095014968,585.3879236310767,0.5638244086650563
7810.0,70.95633780292226,586.9782724964848,0.5246283948487698
7811.0,70.8109366693599,589.2027604995807,0.48224180253514254
7812.0,71.06766203203698,590.6563073001679,0.38918890983900495
7813.0,71.2846686177175,590.8879907169226,0.2739872770314436
7814.0,71.34410419248897,590.5965170491545,0.17069057581606562
7815.0,71.25397764273869,591.2861135663802,0.1068256472061249
7816.0,71.01956192631782,592.0415863298822,0.07278116207042559
7817.0,70.6471362290546,591.3497809006013,0.047606967739844096
7818.0,70.51076459987482,589.6542340284566,0.02121538193810011
7819.0,70.86067052795666,588.8085845274186,0.0040822400556081015
7820.0,71.57590265146341,589.9832865683608,5.907330250000011e-06
7821.0,72.47745683818248,592.3702050927236,0.002663948220902499
7822.0,73.26950084453149,593.4961308486471,0.015248073515948098
7823.0,73.91625895718876,592.1871847455247,0.04573678395456
7824.0,74.50952618056459,588.69253622113,0.0835351153563364
7825.0,75.10975622833224,584.4382957526699,0.10785161085113612
7826.0,75.62031216979564,580.8601237793713,0.1246911778243044
7827.0,76.12076542705668,577.7300079465392,0.1383764038642441
7828.0,76.66929736707634,575.4104152697274,0.15677590360339688
7829.0,77.61731190833069,574.2054357910694,0.1733377715625609
7830.0,78.74400041692546,574.2035786923047,0.19989521771874488
7831.0,79.43716996062035,574.227882721451,0.2535772358741209
7832.0,79.4761537772096,574.4298495810077,0.3188733504952383
7833.0,78.8734594075436,573.9739954115641,0.382090371354468
7834.0,77.84460269233415,572.3554950881123,0.4570803262736655
7835.0,77.10585966729327,570.5449634714975,0.5679702199712402
7836.0,77.07492767867257,567.7078997287812,0.6656928915900024
7837.0,77.84605548751496,564.5034711766258,0.711866256427589
7838.0,79.23239967936922,561.717087056555,0.7188143015028889
7839.0,80.78117169574062,559.7325866757715,0.7054722921790404
7840.0,82.20129096713241,557.6321125820435,0.6936450357476026
7841.0,83.33916683122945,554.5695022308405,0.6605039320160447
7842.0,84.44305272574381,551.3520223727633,0.5995037113140625
7843.0,85.84540384250907,548.342844403559,0.5440471363721601
7844.0,87.26698615656798,545.377318219761,0.5331851761420902
7845.0,87.92087528994651,542.1391791513522,0.5953855106467985
7846.0,87.68980584294357,539.5885427619666,0.7057756381286117
7847.0,87.45824402787655,538.0704329571976,0.8281696346638278
7848.0,87.4777408566939,537.014037872992,0.9446007285687186
7849.0,87.74815278432254,536.567439936765,1.0261936160476226
7850.0,88.18915099846424,537.7628321552362,1.0415504902817163
7851.0,88.8369696462861,540.08424405457,0.9933396670946327
7852.0,89.7925888937935,542.5517399685837,0.952957088026944
7853.0,90.72646796445804,544.6372408872732,0.919520643010632
7854.0,91.37871205355812,546.3772447644162,0.8864085229831439
7855.0,91.78172502443954,548.2657484948611,0.9196327629325224
7856.0,92.02567336622161,549.3164292187502,1.0255899901187888
7857.0,92.48989187340891,549.137909502692,1.1518862119225444
7858.0,92.94777922978496,547.9948494085697,1.3004942329737794
7859.0,93.35117634020156,546.6309567068618,1.4963217734389824
7860.0,93.52075521553219,545.277663902257,1.740834910813421
7861.0,93.66441972300476,542.3382168667828,2.0317297532182566
7862.0,94.06129484568963,537.0311943259009,2.3485987617423763
7863.0,94.17014022139558,530.7206828289305,2.640062519956686
7864.0,93.46388441317873,526.135793027536,2.917921070434675
7865.0,91.81442408364491,524.6233727559454,3.166284146958913
7866.0,89.9928115811359,524.8022655975378,3.4136756084299797
7867.0,88.66627950877411,524.5162183260394,3.646550581551922
7868.0,88.46493062172166,523.6359846055698,3.8535405681096893
7869.0,89.32042187908323,522.3521430671984,4.040024625351562
7870.0,90.99098751682094,521.4327169240436,4.174599345899978
7871.0,93.10912422934602,521.1097211533397,4.188816950934003
7872.0,94.99929657887823,520.4226822128721,4.16451322165321
7873.0,96.35052447839809,518.6061772752753,4.131142428449441
7874.0,97.28408641322258,515.2796742757289,4.081979469618447
7875.0,97.51239629672568,511.58887415486356,4.055101948142856
7876.0,97.23663251554314,509.13715478043423,4.141316534805801
7877.0,97.38185004565254,508.35659978997194,4.332392681744002
7878.0,98.06940365238006,508.27755210223677,4.552688790927426
7879.0,99.13560347054377,508.8081024608446,4.734671321381401
7880.0,99.93349945948233,510.18307652650276,4.9021585270626975
7881.0,100.7134369617114,512.9340750395771,5.056296626503103
7882.0,101.68627751668996,516.3721790008817,5.144704792821989
7883.0,102.826695283202,518.4355310047679,5.129083820568725
7884.0,103.83952284920719,517.7975619385267,4.97756406769116
7885.0,104.36358488867307,515.4181204068939,4.855588002750415
7886.0,104.2933188250928,512.3988339133439,4.805013846288274
7887.0,103.9389356193945,508.2255826697755,4.7487797097302495
7888.0,103.50991584071326,503.8779743996906,4.7033960154698455
7889.0,102.5067040565843,500.2571019265126,4.770769829364641
7890.0,101.02587121982477,497.3171488365278,4.943790024770791
7891.0,99.01692265223356,495.369175174128,5.16141955975061
7892.0,97.31787163602077,494.3499907060161,5.278958867202252
7893.0,96.30836597726909,494.83550972020015,5.225977921463246
7894.0,96.18236577223317,495.75196033124155,5.074343178372878
7895.0,96.51104555393252,496.45840363557005,4.891206982109729
7896.0,96.90945947595965,496.78599077756434,4.67533864143986
7897.0,97.46166973790862,496.2530590393873,4.345063874255623
7898.0,97.88766014317609,494.84872906187496,3.9866937245048355
7899.0,97.87140566866478,493.23937718092674,3.759376563928992
7900.0,97.03737919241766,491.79786810768036,3.7515818811660044
7901.0,96.30460855112831,490.64213927253263,3.8795239194035043
7902.0,95.79552347735192,490.1523885464594,3.9479615201858835
7903.0,95.72599342866651,489.72097670923444,3.8878648656769634
7904.0,95.3351521459756,488.84109724151153,3.8348920867728022
7905.0,94.92988933972052,487.55193452953836,3.7862261744175627
7906.0,95.31635117766703,487.12414875442335,3.7208805089305597
7907.0,96.13933946279302,488.0015024187966,3.620809808147353
7908.0,97.07920507994154,489.2201946376707,3.5125899178388202
7909.0,98.12209884692079,489.62758168814713,3.453981586139683
7910.0,99.35785280578325,489.14574056129635,3.446579365902041
7911.0,100.0090732057983,488.7403960490884,3.4999350698725955
7912.0,100.26639858458455,488.51351967472993,3.5221520141604725
7913.0,100.39433358283938,488.5965387138092,3.4837063413141025
7914.0,100.56612919558758,487.861292301025,3.4528493015670483
7915.0,100.8918480644233,485.85081055472347,3.4433834057619364
7916.0,101.35213402397208,483.7176271971421,3.409738703822928
7917.0,101.95706630469745,482.0057986351597,3.4194813179212815
7918.0,102.39828878407968,480.64815383835594,3.4477970752542912
7919.0,102.40945522528737,479.45805100294467,3.4877086770154557
7920.0,102.11175599700827,478.53828295571,3.5811156895489593
7921.0,101.87879978295813,476.963315161094,3.7071287315214914
7922.0,101.72794810838911,474.9355895264286,3.7845122153379984
7923.0,101.48608950752721,473.7726001477767,3.718027123643449
7924.0,101.4535608538829,473.9891383676563,3.511970750079078
7925.0,101.75474582531093,475.3545898866469,3.2486782032809995
7926.0,102.34897675797774,476.3107727503522,3.020133570964922
7927.0,102.71294959753524,477.0560361633241,2.8501463966422755
7928.0,102.68039007024355,478.84707550108004,2.7327689691348542
7929.0,102.48205932296928,481.90820075368237,2.62655925595569
7930.0,102.14233935972345,484.6867441914531,2.6031746612283486
7931.0,101.54541970905856,485.72008810611203,2.639977249728462
7932.0,101.1847084029022,485.308045580118,2.6537375028373438
7933.0,101.5111306591546,485.00622295467775,2.568172335785312
7934.0,101.87791377720427,485.4301551211681,2.37229797934756
7935.0,101.83037489326406,486.303247699529,2.1301117606552573
7936.0,101.3240809970666,486.9779784839125,1.9247876643938084
7937.0,100.5223100441206,486.31512336823056,1.7778437161669634
7938.0,99.56287075190414,485.3206184566408,1.6360339812111935
7939.0,98.574805261019,485.7509463632142,1.508531565777785
7940.0,97.54534548418228,488.42693095672723,1.4028462829843342
7941.0,96.70801131473593,490.7051584212098,1.349959627094417
7942.0,96.35724353137348,491.19760978582815,1.3252051699413137
7943.0,96.04849149568822,491.2170025832996,1.3278547262991238
7944.0,95.69181580280319,491.51850364751135,1.332533873015576
7945.0,95.46246975944527,491.0666397477503,1.3277915565506242
7946.0,95.26870837502928,490.03082694773764,1.3051563354546722
7947.0,94.43918114927115,489.7378511478617,1.2481834778625425
7948.0,93.46414795410676,489.58745157958344,1.1531609528750224
7949.0,92.90367464280634,488.9100626408394,1.026849625962092
7950.0,92.7848992403164,488.54090839666003,0.9193731292298809
7951.0,92.4783941388138,489.6020304775687,0.867197302871804
7952.0,91.66501822274128,490.02987817181,0.8254531266511401
7953.0,90.69169345570779,487.9409526511857,0.7687429930440101
7954.0,89.8180058010457,485.4408964550174,0.7203770717500901
7955.0,89.3779509332362,484.3464845479082,0.7171328706955203
7956.0,89.31329373813236,484.0815701965373,0.7548570370135083
7957.0,89.34630252892563,483.0116147957359,0.7988905063455625
7958.0,89.19264183613107,481.3822913062419,0.8192358785722502
7959.0,88.93479800341501,479.7243843872011,0.8076462863554448
7960.0,89.04990082725024,478.0055952897886,0.7944339795812676
7961.0,89.50816692945783,476.81916838611977,0.7744694511570914
7962.0,89.89295262829613,477.0824011011891,0.7446709146496491
7963.0,90.32043096569605,479.37586545974756,0.683007023988912
7964.0,91.17282464332551,482.55268764064914,0.6023580944039824
7965.0,92.47378112832205,484.97927263780053,0.5339085337212025
7966.0,93.7055227940177,485.4283074791914,0.49294279517132256
7967.0,94.96113327667209,483.82818073160234,0.46457155317841947
7968.0,96.23292413680188,480.87792664846256,0.433094293801
7969.0,97.43133304075107,477.83927522532287,0.4114329452155521
7970.0,98.38966150544657,475.46749583086273,0.39731473648706483
7971.0,99.41701835476503,474.0031818256158,0.3849653128898329
7972.0,100.5229709644988,473.28219528128807,0.35083318549559295
7973.0,101.22691639881742,472.89733273933535,0.31439637695235995
7974.0,101.50536486366664,472.52766302507,0.2761177960735744
7975.0,101.76241921973374,472.33828749702633,0.2534936611207716
7976.0,101.68373032399201,472.371558791528,0.21821932180304007
7977.0,101.30656049606063,471.5585068239404,0.16343413587521438
7978.0,100.95741008042685,469.34942719733385,0.10425861079664042
7979.0,100.69741053192278,466.384373538811,0.0681650482582969
7980.0,100.81863779668436,463.80833685685815,0.05924260587584159
7981.0,100.90974915011718,461.5729147036137,0.059388227809
7982.0,101.22692746609239,458.7260133371735,0.0473960287055641
7983.0,108.59227399135642,495.6752119378366,6.06983449244563
7984.0,108.29808449192862,495.1702630587106,5.957626631808502
7985.0,107.61302636427241,494.3674294171876,5.757225166268986
7986.0,107.24315451086132,493.35739705519904,5.561594407624826
7987.0,107.1808647667195,491.9851333448818,5.346281279643238
7988.0,107.44659668065077,490.1680053505654,5.0955376453816585
7989.0,107.41896634263762,489.1367497463418,4.837293278532563
7990.0,107.1562554577585,488.7582957501803,4.667930023633704
7991.0,106.83397115342503,488.763060893946,4.6014129099757755
7992.0,106.72700925825222,489.0292043139023,4.600754433677825
7993.0,106.77810279580288,489.37025994089333,4.638931589436767
7994.0,106.95606486840963,489.28808564517175,4.72247270025001
7995.0,107.2822239763798,488.81525172620564,4.734324745595123
7996.0,107.37772552154176,487.5110615862451,4.58055294876857
7997.0,107.21987173308028,484.90812093379475,4.216739656941022
7998.0,107.01648283479705,481.8601468142316,3.8293953025574465
7999.0,107.30863839235711,480.69720539836777,3.613527451276802
8000.0,108.01190065143075,480.6258195585456,3.5669585943684217
8001.0,108.82198055769294,480.6433784322074,3.5875703366698275
8002.0,109.38018167102376,480.07384941548554,3.6238644002437
8003.0,109.63871375343943,478.6288562601923,3.5949585047722565
8004.0,109.52804218746186,476.7302097163765,3.4413066689638465
8005.0,109.3136278504107,474.4392847866774,3.24624713642087
8006.0,109.34517695070834,472.1302045122391,3.0735876224149004
8007.0,109.89724154585977,470.4474197020399,2.9424586945409295
8008.0,110.86190300894832,469.852629713663,2.801211738386768
8009.0,111.83487576739296,470.06413232469083,2.7081762319759877
8010.0,112.70042630448847,471.16010390199517,2.7297043367712557
8011.0,113.29883248686932,473.0756410062583,2.8697347610497226
8012.0,113.60684987989497,475.87531463696143,3.054759502236221
8013.0,113.37392778227317,479.19091157502476,3.2277235190947566
8014.0,112.83406947251954,482.47507578910773,3.3981646310760993
8015.0,112.20510537558069,485.1876474749028,3.4930385441932175
8016.0,111.7760191949986,487.3624340190713,3.455428125257676
8017.0,111.5686852266381,489.7066332666509,3.2985580303171584
8018.0,111.54935480157182,492.8442166770194,3.159261350795832
8019.0,111.43250634516491,496.95786441813027,3.12418916741376
8020.0,110.87128758193745,501.35770722824026,3.1550266192610916
8021.0,109.84875669655558,505.1154982652555,3.099888387287
8022.0,108.34042095305,507.8236415908856,2.942274296268692
8023.0,106.56950707970064,509.6775924665783,2.878675685222602
8024.0,105.35731756840141,510.9838748146619,3.0703424943749185
8025.0,105.2746809554733,513.7573305323322,3.3114899169200016
8026.0,105.87704220661468,518.2932429608232,3.4594259061902397
8027.0,106.71385866420478,522.9997268477138,3.49907963753929
8028.0,107.84609587780831,526.6033629603842,3.411987615752957
8029.0,109.6055774810727,529.5064426938288,3.2431231762786754
8030.0,112.01302648645125,532.7198060541272,2.987439395219945
8031.0,114.33791815173883,536.0785025331045,2.7616650227821555
8032.0,115.8451949295799,539.0552024048402,2.6187767230669796
8033.0,116.39000307564241,540.8571962386401,2.5697681162431367
8034.0,116.48944628538561,540.9447468654818,2.619634019753722
8035.0,115.62915702925599,539.8657491817273,2.6759856577697603
8036.0,113.84723804686527,538.1631137699474,2.627930615839849
8037.0,111.91615693169402,536.3149833155748,2.5011347536956166
8038.0,110.58451077152567,533.8712707975965,2.364653995371922
8039.0,110.36652176131689,531.0173567534518,2.2464264700297227
8040.0,110.93264160958529,529.5210147443698,2.1133483867707197
8041.0,111.73167716397151,529.2818859818444,1.9264924500248448
8042.0,112.5082994413497,528.8208120566342,1.7738603027204405
8043.0,113.31992067768167,526.8828234833837,1.7358230613407044
8044.0,114.24567529212744,522.7429931899023,1.7966696668568647
8045.0,115.20890025197279,517.5525655776726,1.8137368284452207
8046.0,116.04996216814142,512.6315689112744,1.7580232734820898
8047.0,116.97989191729602,508.1912602238127,1.6594448637191364
8048.0,117.8674980167968,504.0346331971549,1.5719939529747486
8049.0,118.54182315061864,500.27474516781456,1.488367816573976
8050.0,119.52933906982568,496.8365945395452,1.32414273281028
8051.0,120.73164423616663,494.3910692872328,1.1132811265331042
8052.0,122.22786767253025,492.42760098400186,0.9302512223019023
8053.0,123.7989864503705,490.3878886739714,0.8303643153451585
8054.0,125.55882809585474,488.0785871795006,0.7869504019550627
8055.0,127.24202180817306,485.40741302149655,0.7772170436487397
8056.0,128.33109819895836,482.1944495189739,0.7818736573904399
8057.0,128.70919381365536,479.5346468119825,0.8217546690969224
8058.0,129.13249245880962,478.2109543238642,0.8858535622602434
8059.0,130.09502062737295,478.22029289511727,0.9563827992370276
8060.0,131.9510164526841,479.6860643436408,1.0439660737416965
8061.0,134.33948115746136,481.50220144521705,1.1604785073858064
8062.0,136.55720717112249,481.5824465299736,1.2784553533439997
8063.0,138.34271997872958,479.0655874284837,1.341381306181229
8064.0,139.6081939876465,476.1340064091241,1.3643495395279874
8065.0,140.72882394924073,475.13244314228626,1.3908223151596897
8066.0,141.57651442776157,476.84727284946905,1.4920692369881796
8067.0,142.19311094182058,479.3521017349076,1.639246009983985
8068.0,143.02109077040336,480.10713086022446,1.6805989783374724
8069.0,143.94121584049114,478.088110654903,1.6362803659980623
8070.0,145.04899105910079,475.20607588142406,1.5928042527909798
8071.0,146.14224305161633,473.0543176853815,1.6260384577861369
8072.0,147.75402630324996,471.57951974566544,1.7505962032769604
8073.0,149.7306461966115,469.4590610359959,1.924267159425385
8074.0,151.3778330224002,466.6004861902689,2.1121611710548645
8075.0,152.2756634276066,464.2601451458001,2.2385129987892096
8076.0,152.323013970241,462.9961345579845,2.2724213307525627
8077.0,151.87339929929473,461.77037175954155,2.2414015904724542
8078.0,152.2937544086632,459.5502137913847,2.2666045620891024
8079.0,153.734930453939,456.6416850558936,2.3754609949593632
8080.0,154.7310849165888,452.9115465695859,2.5103320108314526
8081.0,154.46705097944985,448.1130946535084,2.675647670351304
8082.0,153.29885547627222,442.6401315519906,2.895807462600128
8083.0,152.19912332294479,437.0547448490628,3.099143536238402
8084.0,151.69853751987986,431.46195387437484,3.100218482734313
8085.0,151.91904500288223,426.6782377828242,2.9432673020059026
8086.0,152.55985313268835,423.1628989912925,2.8806525386421904
8087.0,153.4121324492952,420.21488300364365,2.9975981695175817
8088.0,153.90980664697034,417.4357448721571,3.2054350136320364
8089.0,154.06894826786777,415.7709475062011,3.280831816560355
8090.0,154.23727876059203,415.61658768578985,3.3045243780786064
8091.0,154.3586315453666,415.8118750255938,3.3610571624387044
8092.0,154.08136072094877,415.6694593591076,3.3892423759300403
8093.0,153.06217284760461,414.4605397205856,3.2557134217633936
8094.0,151.5466033201961,412.6249107938166,3.0060394498559564
8095.0,150.1309409569104,409.76537172874924,2.8080761606361406
8096.0,149.39073461377504,405.47433392410124,2.699475518085125
8097.0,149.2603430892579,401.64486752532036,2.6049533260147677
8098.0,149.02746392254107,399.069730705466,2.409976528666208
8099.0,148.4369100512184,397.31433559332703,2.190536162116
8100.0,147.810387324634,395.3538363029241,2.0063572318483596
8101.0,147.17897712579648,393.17654578351693,1.923909561147449
8102.0,146.83034672412754,391.95811068470675,1.8282746290254437
8103.0,147.03820504194718,391.62527716556684,1.6974585892621805
8104.0,147.52038743728437,390.9359566003321,1.5683063091169365
8105.0,147.92924669388523,390.054332232758,1.468949454005062
8106.0,147.92681223452857,390.87441717333195,1.3875540225237288
8107.0,147.46840557652214,393.2556776980545,1.310989299143048
8108.0,146.91953359179567,395.5814433413322,1.2269416459690403
8109.0,146.57899619854967,396.4457953044893,1.1556492091267874
8110.0,145.7044656440778,396.4798393736384,1.1123202028094463
8111.0,144.13847655524614,395.78370088278433,1.0942127152972128
8112.0,142.39509188778695,395.1807868155349,1.1220060712844944
8113.0,141.0162949882958,395.34622453555,1.1601337251926014
8114.0,139.87313532143105,396.3779034762795,1.1634797173490088
8115.0,138.2981508389485,398.5701516803109,1.100370516271121
8116.0,136.613706463947,401.4131282824446,0.9994803675220226
8117.0,135.2434732656291,403.71868212979405,0.8689379446019282
8118.0,134.50517053051038,404.0515863621075,0.7322033909005456
8119.0,134.21018905982112,403.63095149304246,0.6454145077237635
8120.0,133.96105470470116,404.16534692634144,0.6220437780541503
8121.0,133.60409680938432,405.9386678346898,0.6370307319782026
8122.0,133.08059011162607,407.957173699566,0.6348133989331682
8123.0,132.4698855322963,409.6350225910852,0.6385121297558117
8124.0,132.18755639263685,410.98590531649694,0.6346894304090404
8125.0,132.26501781631757,411.2850964832579,0.5988141844117224
8126.0,132.04835634096858,410.7240992427727,0.5359150793100842
8127.0,131.81921729352538,410.3892692577782,0.45348097422720174
8128.0,131.484346824907,410.73725179039053,0.37414789598169007
8129.0,130.81453370920107,410.5632048075437,0.31554800777955994
8130.0,129.86486777184862,409.424214235585,0.28244071811031046
8131.0,129.0235312526415,407.93985212173834,0.24906200149565436
8132.0,128.362000802502,407.4034935133167,0.20633340525799687
8133.0,127.81190658839968,408.7142622228148,0.16317969049960362
8134.0,127.0334787264777,410.7551624381718,0.14335637569546242
8135.0,126.3827710777248,412.80140764821897,0.1425350396038969
8136.0,126.60769753447396,413.8152256217152,0.1464285148828441
8137.0,127.90826636153754,414.0784531892866,0.1429252352146116
8138.0,129.52458185061911,413.849604260582,0.13094326028828893
8139.0,130.793158505447,413.2887747647953,0.12197135058136087
8140.0,131.51627493241458,412.58187846333914,0.11478331234585959
8141.0,131.7971517040713,412.2103788579206,0.10672276907394009
8142.0,131.60340299387497,412.0204466090885,0.09450705025160008
8143.0,130.7445547638966,410.9532055555687,0.07918101306526411
8144.0,129.2396466051907,409.02491053014006,0.0619871862495076
8145.0,127.5639378191464,406.7123789932723,0.04830755178824409
8146.0,126.31850665904639,403.4805385806249,0.0378117942015025
8147.0,125.93435637660289,399.10993528614125,0.025995822316839997
8148.0,125.80019080212128,395.2102566212597,0.0136607310295569
8149.0,125.36846572131658,393.1358738506494,0.003628879286432399
8150.0,124.6351650525452,391.89744464551217,8.408614902250013e-05
8151.0,124.14353135804596,390.28443584501383,0.005356017878432402
8152.0,123.9747947721055,388.72739377503655,0.016237370184883602
8153.0,123.58991485576199,388.4250865593084,0.02875550765876011
8154.0,122.39896869467742,389.48000730622465,0.03855534493152251
8155.0,120.91656244889727,391.07772789809485,0.038025861904884106
8156.0,119.85646536341302,390.9892525316764,0.0278314581314169
8157.0,119.33524462707852,389.4136061587764,0.019790960876122504
8158.0,118.64834131961415,387.800248584939,0.022869052041528906
8159.0,117.48118004966706,386.6437391637391,0.03794848542976411
8160.0,116.10453937499308,385.9260925788031,0.06304947239997159
8161.0,115.18746980221133,386.1224992139999,0.09471577442611842
8162.0,114.4602822506821,387.2020196121484,0.11935056422168012
8163.0,113.52982412640623,388.6711779066282,0.12602542600036004
8164.0,112.58260435723489,389.1605240583888,0.12355900592235208
8165.0,111.97996294398693,388.61329954110215,0.11093799637107363
8166.0,111.81380059633615,387.39913638849936,0.09319752691929001
8167.0,111.99266219754125,385.7010278643252,0.0791606754147049
8168.0,112.42766913741693,385.6712368414395,0.0805027015508004
8169.0,113.21244153623026,388.0109916555891,0.10275557854711212
8170.0,114.14215615715555,391.4211214030887,0.1322929003712281
8171.0,114.85298900975374,394.6101387945245,0.15161875466920094
8172.0,115.39481335948086,396.93308497539243,0.15681226970218415
8173.0,115.82896016191403,398.15521034962285,0.15673192463206895
8174.0,115.91443637630776,398.9025154297396,0.17979205299834486
8175.0,115.43132639953402,399.0206621740523,0.2346587544844921
8176.0,115.00846070686806,399.02194300423963,0.30991800752784004
8177.0,114.93414071497622,399.20351209086544,0.3829243804621456
8178.0,115.45189779637604,399.04909101518433,0.4318600541923601
8179.0,116.55079329493032,398.6485602258207,0.4554442799238543
8180.0,117.82442785754306,398.0131174608092,0.4607953162192835
8181.0,119.03104179057642,397.9763379999425,0.44889648920686454
8182.0,120.39796217150428,398.6787320988032,0.4222563891262565
8183.0,121.77979272469923,399.7201053802619,0.3982666995140624
8184.0,122.66879818017996,399.8855953814307,0.3919430099043903
8185.0,123.20261949852966,398.8348321481521,0.4039782709711226
8186.0,123.86359088089635,396.8540699916123,0.4295629235102499
8187.0,124.32062234708961,394.34578224537086,0.4497350471794944
8188.0,124.15495748999493,391.5542114581039,0.4580628151794243
8189.0,123.60033913565272,388.67811397922515,0.48106633902309176
8190.0,123.22120570477254,386.1055658156748,0.5400912235828202
8191.0,123.21189122525733,383.7144765991122,0.6326708957334544
8192.0,122.81186700013944,381.33762198594883,0.7174740171930245
8193.0,122.48098063705199,379.65283770714143,0.7492087416354026
8194.0,122.66452636049145,379.6429839776327,0.7458304018729731
8195.0,123.17364396632334,380.72146221795015,0.7365041676472043
8196.0,123.21700308950871,381.5002810805556,0.7094963112412817
8197.0,122.63448506495571,381.94634995698,0.6804193430376223
8198.0,121.77739540876496,382.72656556501795,0.6397186709232227
8199.0,121.05504255825271,384.0025916716938,0.6089443901242321
8200.0,120.49421549708391,384.70078680023386,0.5961435058708899
8201.0,120.14634369329913,384.168337493237,0.5885235873214683
8202.0,120.04415356390636,383.474689675446,0.5755215403754498
8203.0,120.34109921528241,383.7285601707047,0.58521015909409
8204.0,120.42520319299673,384.426087444247,0.6380201894859556
8205.0,120.16161829245024,384.0865858277544,0.7341946644225603
8206.0,119.897784319367,382.6554825180912,0.8734853471151847
8207.0,119.90019678806073,380.60780031943636,1.0614725100172946
8208.0,119.63205342694854,378.54640534598803,1.236499876233626
8209.0,118.92642393948378,376.29861197945183,1.3929032446627683
8210.0,117.9108683620644,374.1419636357202,1.519657646261603
8211.0,116.95679434781974,372.3288628165416,1.6305883797916039
8212.0,115.99178056890088,370.62100267384983,1.687331322359313
8213.0,115.17777658835554,368.61763848311995,1.6750437175310404
8214.0,114.97411558987467,367.2086420456454,1.6460351401005802
8215.0,115.43103953765777,367.5329455448956,1.5926802700864973
8216.0,116.04781734367555,368.3543059982851,1.4924045339280103
8217.0,116.21967485986623,368.0770452960362,1.3623067246666816
8218.0,115.66970665221905,366.7813529920473,1.3000184592795907
8219.0,114.98839317281407,365.07168100162295,1.309433543961329
8220.0,114.44071746659205,363.0824583171787,1.366956781912333
8221.0,114.13563724988099,361.1225729427536,1.4576551219425324
8222.0,114.05979729884743,359.87264631985215,1.5997978127136998
8223.0,114.07283844360813,359.5680062908077,1.7580260048468332
8224.0,113.86039316044685,359.8472899124871,1.8533680835725448
8225.0,113.70520297247104,359.5164261922403,1.7721754694932563
8226.0,113.70591826535718,358.80305656298043,1.5996503873925798
8227.0,113.51511638901728,358.64052753039465,1.5205660677225228
8228.0,113.03263046671384,359.2924920513518,1.5502671370556176
8229.0,112.9830297638649,360.1631479500391,1.6533880288034768
8230.0,113.72018620526755,361.4131237858138,1.7807903774202565
8231.0,114.14171192795922,362.7310138753223,1.9426687391641104
8232.0,114.13760108609281,364.11439093827687,2.087140522484966
8233.0,113.96884380882194,365.998022237952,2.2052994882290062
8234.0,113.87287141669054,368.70925189207117,2.2394376650610064
8235.0,113.98539247320998,371.80015246568485,2.098886848637603
8236.0,114.46652625932123,373.7974778017887,1.865645739658145
8237.0,115.26882889403016,374.5258566427304,1.6754215259705625
8238.0,115.83933318211541,375.5074634024235,1.6450132263608763
8239.0,116.164905692508,376.83564418502505,1.7979507000483854
8240.0,116.46408642519371,377.7708861624209,2.0308158119823028
8241.0,117.05309618460673,377.92813076207403,2.1995274432025522
8242.0,117.93103682824093,377.97877579864763,2.316974962331239
8243.0,118.75793553312333,378.05920290340447,2.3932895065570405
8244.0,119.1555506798595,377.8721807157494,2.3909428413774125
8245.0,119.39517109415885,376.8237958141979,2.340158528923829
8246.0,119.849914668818,375.9744264157987,2.341787728946407
8247.0,120.3423030670896,375.7701523539556,2.4543202197940808
8248.0,120.89325711180311,375.906830275994,2.605774910056039
8249.0,121.44378206154687,376.25520190031926,2.743953454907124
8250.0,122.21574565064128,375.97621069123613,2.8205653350470548
8251.0,122.71358399778731,375.87148077673504,2.8093942781300485
8252.0,122.40943180329616,376.3268752288891,2.753603016734592
8253.0,121.9699755375232,377.06434863885585,2.70388593589009
8254.0,122.06269760817733,377.5805973719484,2.5962111215885377
8255.0,122.28247662564772,377.83360785578844,2.4077923483573134
8256.0,121.94365799664885,378.1873737072384,2.215412939837269
8257.0,121.33210526778461,379.12767889684966,2.1084706348124644
8258.0,120.94159067056499,379.5651480623539,2.099889302936271
8259.0,120.3450118105225,378.1586163597847,2.1340399782430373
8260.0,119.51339761478798,375.0188349016411,2.1656298702067267
8261.0,118.49078018123674,371.8469817255565,2.175120933199975
8262.0,117.7468523482655,369.11164861977227,2.17186920731169
8263.0,116.99079744994025,366.5130863544922,2.1563044329396024
8264.0,116.24791572387933,364.79580998398984,2.1556077750493925
8265.0,116.36805916944782,363.52247744721313,2.146112342978403
8266.0,117.8164013806504,362.7672351276894,2.1560822055537443
8267.0,119.7819430060093,362.7804999581736,2.1846166968551124
8268.0,121.322852331904,364.0720634338697,2.23838744229074
8269.0,122.6148792509593,365.29570189230174,2.2458955635313127
8270.0,122.66571076682538,366.3091209495823,2.151766448126804
8271.0,121.25536363062571,366.85134983502496,1.9922815210129214
8272.0,119.39813358919208,366.8364544151009,1.7993214177831374
8273.0,117.89538960871161,366.9334143302472,1.584015989414381
8274.0,116.48525107330222,367.17144207680496,1.3838070628938242
8275.0,115.30133586068831,367.62550277611865,1.2464313293528724
8276.0,115.13196284370707,368.665625533316,1.1916632180035587
8277.0,115.56215858025215,370.3114701681362,1.2515385105441124
8278.0,115.64252739000881,372.097321910667,1.4079990556266495
8279.0,115.46211143623506,373.5409188245248,1.5844798845015626
8280.0,115.54522045098189,374.63988970796004,1.6683799498003091
8281.0,115.8054821296757,375.25919960512135,1.6413368156750223
8282.0,116.01203024730384,374.8852317189903,1.5163435957129219
8283.0,116.10358340284579,373.5768126288554,1.3822245675394211
8284.0,116.14860866131241,372.0479153664136,1.3285558477422008
8285.0,116.57893982522947,370.78106322345167,1.355138495329306
8286.0,117.54318875437697,369.61860751472466,1.4046605212640624
8287.0,118.388291556329,367.93353265192906,1.4528836894140629
8288.0,118.32382972213806,366.04103474916116,1.51361422227409
8289.0,116.77921852514581,364.73024428757685,1.5250713945675964
8290.0,114.22161037364414,363.2167966277613,1.4548024541196867
8291.0,112.22226576757123,361.3269610193932,1.4144792080334403
8292.0,111.63669300916673,360.72453015105543,1.4169350746746727
8293.0,112.34621088308519,361.31710360564915,1.4032893140223168
8294.0,113.42434522650473,361.8806045912409,1.3412334569749957
8295.0,113.68178807642244,362.4914740147026,1.3222187709523987
8296.0,113.6824474257363,363.89328422088613,1.4130634643543718
8297.0,113.98677592456427,365.9173693051848,1.5869545424179456
8298.0,114.54252333450863,367.9744385371488,1.757935579238857
8299.0,115.39277363997813,369.8414069580001,1.894042758209908
8300.0,116.36946196753554,371.5060033090809,2.01078352808058
8301.0,117.36693727786098,372.39784472658596,2.1096898131730373
8302.0,118.2377859859768,371.92356287392334,2.1800857666788227
8303.0,119.10867219776863,370.5838566427033,2.240269483138881
8304.0,119.71575438177148,369.58273673844815,2.3480266172132964
8305.0,119.82800952505967,369.21005970083786,2.481029098455759
8306.0,119.74336348919796,369.1387945315235,2.5312940780368924
8307.0,119.77900617856336,369.506318933973,2.475635297186129
8308.0,119.99183249793872,370.4661854192034,2.408821705117927
8309.0,120.12062521957759,371.6306160169173,2.41627280144352
8310.0,120.03556121854116,372.7299565463159,2.4986291822198785
8311.0,119.56020980250153,373.93842242590654,2.634622902049623
8312.0,119.36855574320356,375.6328643541251,2.7669664956208146
8313.0,119.63773428786065,377.13173727241207,2.8417899131144653
8314.0,120.49220232631176,378.4113776517778,2.856480127447252
8315.0,121.46936757682676,379.89366563985885,2.824456761768481
8316.0,122.21553781441631,381.42321079309994,2.7834152462847026
8317.0,122.64388998919863,382.66116087512177,2.7428869126256687
8318.0,122.95575570201386,383.69280286817656,2.680735408213523
8319.0,123.26927246881755,384.97368654620857,2.5587833445900627
8320.0,123.19363292758177,386.8316015479463,2.407362203557876
8321.0,122.73520070246401,389.39119112432604,2.317422682033556
8322.0,121.59709805221905,391.9014162093001,2.3233665660624228
8323.0,120.43812040955808,393.9864039987175,2.393535582840803
8324.0,119.7964254167305,396.245053470907,2.435944870171905
8325.0,119.52768207805885,397.7610777818627,2.378534322220058
8326.0,119.06620622438906,397.9291695720235,2.1922208670619012
8327.0,118.41589886845829,397.6115245942855,1.974066728720523
8328.0,117.76673830323762,397.53957085118344,1.847359045590257
8329.0,117.42035453012929,397.65452918838014,1.7980197826867605
8330.0,117.5855071985831,397.6416400490107,1.7447712093884944
8331.0,118.21044255350023,397.4152874071841,1.688314398513341
8332.0,119.14900825214085,397.6000175876693,1.7023364994009929
8333.0,119.87796931280323,398.3908615923609,1.7915536329842765
8334.0,120.46863586773667,399.4357575214498,1.8816541393213202
8335.0,121.22349352594989,400.6319025661031,1.8827715276230885
8336.0,121.50192429560667,400.99364271339437,1.7783462409913202
8337.0,121.00675827436568,401.0681773762208,1.6276526523819084
8338.0,120.41848005293598,400.78851061057327,1.521652683085237
8339.0,120.67721375818759,400.7498995392525,1.4841047505050247
8340.0,121.46847661541737,402.2020575473818,1.437604093421664
8341.0,122.38888150951573,404.4199228278302,1.388027596746389
8342.0,122.67767166410218,406.7917372203201,1.3940978056342561
8343.0,122.2329172919881,408.8821563691407,1.46558659596794
8344.0,121.75360892175517,410.3273686123441,1.490224556416052
8345.0,121.62226012532295,411.08171279403905,1.4311550320715667
8346.0,121.44049873922005,410.7259434808001,1.3922612118586164
8347.0,120.527836178,409.24666675613435,1.4601007323898383
8348.0,118.8287345684824,408.0442921072868,1.5654721120093584
8349.0,117.57791283789149,407.94948033678133,1.6165542826988948
8350.0,117.95593335385885,408.4319728774181,1.595216767017588
8351.0,119.98657065454893,409.4520189728759,1.5396376474322495
8352.0,122.3755974786152,411.30342792875086,1.5229551494308764
8353.0,124.22682242525569,414.16215170310454,1.591957066527396
8354.0,125.30366787864816,417.05169561442415,1.7153573365665804
8355.0,125.7365736799411,418.7372706584267,1.8247277753775224
8356.0,125.84393323297267,419.40794029427684,1.8473523040840922
8357.0,125.50861744511137,419.51268776039893,1.8127830505095424
8358.0,124.73660157811113,419.40396401336693,1.7966645197281226
8359.0,123.55269404993338,419.34323796236697,1.7845028101360658
8360.0,122.8039201895167,419.79353079985043,1.6973826330515045
8361.0,123.229581177924,420.43914074672455,1.5190643598608244
8362.0,124.64108338886996,420.9588389192054,1.3112533916460731
8363.0,126.12983608236124,422.1125974318259,1.1283390100229809
8364.0,127.08910677044219,424.04964772416963,1.0094725868535168
8365.0,127.17643387273866,425.89311085076145,0.9464677480657476
8366.0,125.94510732781714,427.56775783988286,0.9127174108700025
8367.0,124.38608721265716,430.1791639554145,0.9153113980360466
8368.0,123.76647183644856,434.69463066867826,0.9720874247116036
8369.0,123.94450505024321,439.42675464681895,1.0283637832842532
8370.0,123.86887718070255,442.9431919235319,1.0198305094008964
8371.0,123.24452252990059,444.3142812283141,0.9683524344009999
8372.0,122.83945487860038,443.6355691862677,0.9369978641822502
8373.0,123.23925290012245,441.5131691203618,0.9437981438727076
8374.0,124.03569515263806,438.6686679786958,0.9361304393699559
8375.0,124.91998242748707,436.44113981704203,0.9057785531415202
8376.0,126.01458816432178,434.8829059211007,0.9039587820102012
8377.0,126.9243875473632,433.7589584424197,0.9311707291907344
8378.0,127.25044867882006,432.25766111685874,0.9639037890674407
8379.0,126.7954526203847,430.33296131570063,0.9586654390977445
8380.0,126.10434445730766,428.54135327054263,0.9386138393947224
8381.0,125.54639544700646,426.5676764853112,0.9102678068097937
8382.0,125.36340369639998,423.7712606398774,0.8821825413232331
8383.0,125.63097304627908,421.1957319417006,0.8280838020792101
8384.0,126.02150256875122,419.6023529545815,0.7590302127075602
8385.0,125.98988223049093,419.2882104016396,0.69530917458104
8386.0,125.56905874640641,419.47247066131376,0.6436381316697722
8387.0,125.25714940273937,419.17374213633974,0.6247660844285314
8388.0,125.1535792051566,418.72821129667824,0.6251939653747263
8389.0,125.02402753727078,417.895094442453,0.6231923358571025
8390.0,125.36048297355319,416.3040099363114,0.5972967824460484
8391.0,125.96161328762263,413.0150637962611,0.5972938610774521
8392.0,126.5950508176805,409.6220152095991,0.6304365081601025
8393.0,127.06257490162923,407.6695066546088,0.6993912505048228
8394.0,127.57100777265296,406.9676277722515,0.7588660482474725
8395.0,127.92337944576167,406.0202222471944,0.805070895690205
8396.0,127.92926540493562,405.28813957741164,0.8346583090052498
8397.0,127.76699104399404,405.04349296936243,0.8337407441454024
8398.0,127.64869302718184,404.56971098818826,0.8065160922550083
8399.0,127.67160245472623,403.16553984162476,0.7647636473986759
8400.0,127.75593180465563,400.9914916495069,0.7327675524996649
8401.0,127.86954978761678,399.4128172480503,0.6886923164550144
8402.0,127.93361933741926,398.09873144915235,0.6167338478019218
8403.0,128.1216623726743,397.282627214749,0.5332237457553239
8404.0,127.6296669364728,395.7898593903602,0.4755606004653604
8405.0,126.58587047877303,393.7697892917042,0.43478125908230264
8406.0,125.43806890343217,391.4547959089155,0.38736211730500847
8407.0,125.15292385948409,389.4597639414461,0.3323069501737042
8408.0,125.64376207155739,387.1160374735184,0.2912824369065745
8409.0,125.9009276660542,383.81089750711925,0.2766127678932122
8410.0,125.5521789567472,380.6700909725305,0.28465788891556004
8411.0,124.61671050741023,378.24057178962335,0.3219472765198403
8412.0,123.62692711971434,376.08506260196316,0.3668355432302501
8413.0,123.17203581888664,373.5096952149773,0.4146967169302501
8414.0,123.5237720705175,371.202106373904,0.4470254786081297
8415.0,124.32466444742064,369.9054429061345,0.43845975910944357
8416.0,125.13655822616319,369.73107890319193,0.39227780714472243
8417.0,125.70335039542529,370.1182908429906,0.33655231363706406
8418.0,125.75370830653529,370.45314419912194,0.2955436885044899
8419.0,124.88091219766513,369.97982229292325,0.3007531551813155
8420.0,123.42894855751572,368.53538355133605,0.3494306099374336
8421.0,121.91550398945314,367.1432101272442,0.4070589293368901
8422.0,120.749791481641,365.96315324111254,0.4334300946526465
8423.0,120.038669038656,364.88572320503755,0.4198885129428024
8424.0,119.71417115637225,364.1800798809479,0.3834161818930881
8425.0,119.5517740932281,364.37876394668416,0.3426206561913248
8426.0,119.55665966113021,364.89362611989606,0.30100203107771045
8427.0,119.51572290893708,365.2146360062635,0.24947334765522491
8428.0,119.30858789615061,365.22755831906437,0.20991690825561
8429.0,118.92796923107382,365.57576708127806,0.18530133013828812
8430.0,118.59369952859343,366.9215449084297,0.17056525824052088
8431.0,118.8768593214836,368.5132793719802,0.1489131913489984
8432.0,119.76489931447078,370.02271381049184,0.1259983125130081
8433.0,120.33992323318202,370.9325993080557,0.10428574186498091
8434.0,119.72916812375635,371.197398400992,0.08562086959699361
8435.0,118.2429641081181,371.0935820475524,0.07517783647049289
8436.0,116.74038815089156,370.9784975353644,0.06664585759078812
8437.0,115.55783605205862,371.5730827219348,0.0592385898762441
8438.0,114.75794827293578,373.12710039262345,0.04670297021569
8439.0,114.47065628712559,375.43702645881456,0.0298865677703824
8440.0,114.72297865112495,377.47675593799704,0.011660468667322498
8441.0,114.85262249040127,378.7165773218431,0.0013049123095448996
8442.0,115.15248308265622,378.8410928485925,0.0005341733265961002
8443.0,116.17186923576412,378.2688238524885,0.004749483972249999
8444.0,117.27069006186056,377.0703943083003,0.0106334374164736
8445.0,116.95226326694215,375.1127990111712,0.0119866061168896
8446.0,114.90402664466298,373.67523294973813,0.0054605774343184
8447.0,112.23849580991309,373.88180401911137,4.695442642889986e-05
8448.0,110.67736792647358,375.30736129259935,0.0019630898678328996
8449.0,110.46771294456708,376.5342771785181,0.0023334155335936004
8450.0,110.71993685802222,376.6276375837812,0.0007341932160000005
8451.0,111.18735586700389,376.3801219489459,0.00015928762164639949
8452.0,112.22445079374597,377.4930992001132,0.0024381315809535995
8453.0,113.5089806333224,379.6911447790713,0.006435482644531599
8454.0,114.2001648722932,381.5090998440479,0.0111168787282921
8455.0,114.143625175204,382.59013710543564,0.014188302226915596
8456.0,113.61684087985918,382.67005799148393,0.013128065378172899
8457.0,112.61837454009301,382.075676378498,0.013168542483232898
8458.0,111.50533082850356,381.777165043643,0.015220529479680098
8459.0,111.1229998244613,382.9829246067473,0.017501302910400095
8460.0,111.5331501623909,385.4571136793132,0.0186968923100964
8461.0,112.0542217250149,387.95002127237746,0.023061301665870396
8462.0,112.60159200194946,388.806954566622,0.0363171192816601
8463.0,113.14292978977157,388.40218088659833,0.0556381383956644
8464.0,113.37221286707653,387.36312659460106,0.07982545550532011
8465.0,113.24740537326801,387.09508989617933,0.08941178824544159
8466.0,113.07658334165684,387.6732237078681,0.09107352229921
8467.0,112.79187745353217,388.44464591798084,0.09923186081859209
8468.0,112.02870391725047,388.2502831380206,0.12864129955599998
8469.0,110.73026015940431,387.07122953556825,0.1829746993393764
8470.0,109.57730495178203,387.0160534485424,0.25819456234968013
8471.0,109.23869385650784,388.8258550742767,0.36200539302694557
8472.0,109.6456327913027,391.44611024700833,0.4724728702902243
8473.0,110.18982452332548,393.8104412146352,0.5874361292161923
8474.0,110.2286541133129,395.55747718299585,0.6748845621244164
8475.0,110.08582625350489,396.13757643717884,0.7059009536839743
8476.0,110.27286514539834,396.08990133593585,0.6589705004292004
8477.0,111.25624664331082,396.21234476285395,0.5861056165276225
8478.0,112.53638299533253,396.71036511688163,0.5115922327256975
8479.0,113.23667062928574,397.5013702040451,0.426441297991573
8480.0,114.10660153902309,397.53434820531004,0.3734737167350015
8481.0,115.57943509539251,397.091510379456,0.36005329397224806
8482.0,117.39441268424282,397.4181931785381,0.3596956963332495
8483.0,118.39652768998393,399.8651445681586,0.31821931362867606
8484.0,117.91013127621478,402.4590152504858,0.2421646342971076
8485.0,116.5866664100845,404.22059021138676,0.1752903717142249
8486.0,115.77463111983296,406.50307131387046,0.14109932429761002
8487.0,115.7480082326925,409.7196322809272,0.1311476828205124
8488.0,116.05824389738089,412.85987905636466,0.11498356757375289
8489.0,116.50127595988747,415.4119318748205,0.10417266201240999
8490.0,117.04298356647712,418.2184061612432,0.09682862970554008
8491.0,117.82538220435839,419.7874661181346,0.09956337118248962
8492.0,118.567273188486,420.48917020910596,0.09150576600063998
8493.0,119.1326990290857,420.92386958058427,0.07418442547651238
8494.0,119.2996461841763,421.92602615306083,0.04992754736477289
8495.0,118.84844588368534,423.2823422012971,0.026472777098884896
8496.0,118.01558749238424,423.30942067053405,0.006978014360940098
8497.0,117.33689588810493,422.40444648188804,4.893450190239999e-05
8498.0,117.89204320784884,421.5929647046413,0.0068201517413240985
8499.0,119.48991942401157,421.9344627282208,0.017728815980159993
8500.0,121.51963261382379,422.6313899030805,0.023263671241948895
8501.0,123.50067533137648,422.7332132339005,0.0254961471405169
8502.0,125.55820194427187,422.69025937660393,0.029825890999027597
8503.0,127.50657267892149,423.2764190173319,0.04290879416558441
8504.0,128.94633009549813,424.53200600228314,0.08009389597482251
8505.0,130.16587107414873,426.1662550741132,0.1501189903116864
8506.0,131.1352407998705,427.9079978423438,0.2196119586975076
8507.0,132.37029733380055,428.38348193663774,0.2597525918833042
8508.0,133.4902008542364,427.54848725689914,0.2664774306588303
8509.0,134.2472385435023,426.33471063085557,0.2641026350100889
8510.0,134.50651307625247,425.8415495970166,0.2970277904065535
8511.0,134.96051754417076,426.4892173904203,0.40429442583908026
8512.0,136.0835407518444,428.32328475738706,0.5520767736893161
8513.0,137.3389445513664,430.992616253998,0.6908664761350887
8514.0,138.86375050007666,433.6359431979427,0.781415336529
8515.0,140.54881123474001,435.0426447837478,0.82692888034969
8516.0,142.58710342582995,435.20375020175214,0.8483483735777244
8517.0,144.47518793460657,434.26785874636647,0.8805346723302481
8518.0,145.9014950019136,432.6469131156157,0.9807567571850895
8519.0,146.80744411565234,430.91662131790906,1.0919657493037227
8520.0,147.25973702488128,429.9959819784995,1.1780366113386027
8521.0,147.41230236069717,431.02555984058677,1.2828740491840902
8522.0,147.82939265516364,434.0647721771606,1.4602591992204226
8523.0,149.02600681735473,438.6198613011513,1.638444262698944
8524.0,150.27932560140104,443.172449805416,1.7947292663860037
8525.0,151.24517769233995,446.15198860747034,1.9181032327324818
8526.0,151.6855272858036,447.256038170858,2.0330637928118116
8527.0,152.48832427765333,448.2131438514997,2.092235480660192
8528.0,153.9824041813082,450.062882561085,2.0653211374911504
8529.0,155.67238181742624,451.93800943390244,2.050256622535758
8530.0,156.9340708401557,452.8105338431106,2.1134058097331776
8531.0,157.8480894600201,452.3723288100201,2.2610413926819217
8532.0,158.733843477444,451.72798423348576,2.3692046731284107
8533.0,159.82964918049004,451.8810167228963,2.39002939386456
8534.0,161.5816978589818,453.4453368899956,2.362480372332613
8535.0,163.83397586337549,455.6463065127354,2.3588783800824027
8536.0,165.96554154698515,457.79448125040705,2.4169761418645446
8537.0,167.2717861455699,459.79716616532687,2.531749507536673
8538.0,168.0571435578262,461.5869053519659,2.6937615669341586
8539.0,168.65950200022314,463.04922926809365,2.8251093138778227
8540.0,168.75865854385307,463.6313317019261,2.9549290954461185
8541.0,168.07970423911135,462.285320014665,3.1215218157324105
8542.0,166.8811081366584,459.3041738636676,3.2680396039840005
8543.0,166.27660101282595,456.1463908998427,3.296161490204893
8544.0,166.73639521446123,453.888394548296,3.2132266114581505
8545.0,168.0642946621315,452.6795306468835,3.160214481234624
8546.0,169.5388704146923,452.65337313126037,3.1451111760119765
8547.0,170.64361964467173,453.5242300030955,3.15097432968256
8548.0,170.9384558640973,454.7937365589673,3.1725192612011583
8549.0,170.47659728042632,455.90574787758914,3.2147714352878576
8550.0,169.1476982162659,455.9943422738174,3.1731722312268005
8551.0,167.1493891236705,455.36504632729856,3.0403949032067525
8552.0,165.38667590488552,454.1368902739487,2.9047582012654147
8553.0,164.87972276163399,453.0962362303255,2.8465685238901823
8554.0,165.99115732983088,453.63064991711764,2.856582549180418
8555.0,167.8191119634926,455.4109845627314,2.861001512537221
8556.0,169.36915437029023,457.31604587109604,2.906438134521852
8557.0,170.15932436408397,458.58491670371296,3.015979376505701
8558.0,170.59818280439066,459.7492112690506,3.16438075385401
8559.0,170.9058868727507,460.5075582465793,3.2727899483114524
8560.0,171.39860153713948,460.8996704522189,3.2923617304487567
8561.0,171.48852974460368,461.5757789880087,3.20200138974769
8562.0,171.18653786293146,462.1947101034101,3.0448136492675135
8563.0,171.26967762211723,462.3739046319473,2.849221688832613
8564.0,172.31328333328605,463.15224271149503,2.5702481237764356
8565.0,173.86763206355153,465.3133802692365,2.318874247592101
8566.0,174.98387173079428,468.3879676211653,2.1324895539872526
8567.0,175.607025472736,471.0301373066974,1.9822242811671174
8568.0,175.76011838000701,472.6043537038508,1.882284586192613
8569.0,176.19206288462578,474.52241931543097,1.8966435922691858
8570.0,176.71143539652462,477.4391424160314,1.9992027674289887
8571.0,177.11712380902804,480.5866699410435,2.0519630239588516
8572.0,176.70654456481995,483.596391217689,2.0063668071253287
8573.0,175.74242675126519,485.76429725894434,1.9055209457009663
8574.0,174.98876088805804,486.931857014887,1.8156064919380253
8575.0,174.75740219062268,486.79730062461476,1.7072310771068813
8576.0,175.09691047437394,485.69409955549395,1.5843908913308098
8577.0,175.30496231170065,484.8514498573352,1.4705333859333602
8578.0,175.24561487626468,484.6543500949037,1.4130918987625765
8579.0,174.81103472026598,484.82757149541607,1.4020404732684102
8580.0,174.91566056112404,485.51977592718663,1.4097024715115665
8581.0,175.43459428985278,487.48337541968004,1.4160323136088337
8582.0,176.29685150859163,491.0677490791513,1.4261766466879047
8583.0,176.99859892705052,494.87387134624066,1.4412936984347666
8584.0,177.22003263221015,497.1107486859784,1.4705924185960224
8585.0,177.13329724321494,497.5219920965049,1.5508910184300626
8586.0,176.77232548299665,496.59275141794217,1.6378961795381124
8587.0,176.15880312714137,495.18269778991487,1.678143729811697
8588.0,175.97229449986128,493.6162806907328,1.6703666456302229
8589.0,176.544309474245,492.38072733178603,1.5900933337803407
8590.0,177.28561239260364,492.2778139898771,1.4686274668937482
8591.0,178.05339669971818,493.374334027939,1.333104831630528
8592.0,179.05070256723346,494.7355639894266,1.214493329762681
8593.0,180.44939614352987,495.6736971124539,1.1210099215595537
8594.0,181.34812861581818,496.23006748433284,1.0575501838633081
8595.0,181.0567653685956,497.18349778087844,1.0074353901108561
8596.0,180.09595740867192,498.41983853583406,0.9590786699883844
8597.0,179.91584616260738,499.3391753031227,0.9161237370208608
8598.0,180.97538966273999,499.64854317603147,0.8663957699426691
8599.0,182.97993244613653,499.49546982867406,0.8001768004570404
8600.0,185.44156264224898,499.8274622172251,0.7298428593967281
8601.0,187.5916529145204,501.7390253072018,0.654051669411852
8602.0,189.34271490174393,504.63905464614174,0.6111856285003042
8603.0,190.3685759661063,508.25381203123976,0.62719352981936
8604.0,190.34537053024673,512.0572952196362,0.6717414389307556
8605.0,189.06932941167273,515.2835119064233,0.7168821272507665
8606.0,187.35536376052042,517.3823875425726,0.7871136549769476
8607.0,185.88453124973003,517.9154982091875,0.9157692262172225
8608.0,185.59006252586272,517.0298048381524,1.0578325115470226
8609.0,186.35251455565833,515.5737677186253,1.131098251772861
8610.0,187.73928898550156,515.071945535324,1.136402840522681
8611.0,189.49635266153345,516.5354575826339,1.1068966506232336
8612.0,191.11083585425507,519.1905662084828,1.06583427405625
8613.0,192.39654707920388,521.7649692380256,0.9945087193103364
8614.0,192.95786125388528,523.0786207433446,0.9055118426125
8615.0,193.2187259625206,522.5080497348875,0.85473906095058
8616.0,193.26656490743437,521.3525740671702,0.8137787087379856
8617.0,193.39788274740027,520.0114819955552,0.7564020243333376
8618.0,194.18911259265462,519.0845034871555,0.7192861449726121
8619.0,195.73563144651382,517.8585994627955,0.691203063433613
8620.0,197.44400728667668,516.5647390918335,0.6256309307017225
8621.0,198.5549460209039,516.6797753922937,0.5363908935418945
8622.0,199.26919841888756,518.5208911624943,0.449769048402133
8623.0,199.81544519342717,521.241517731296,0.36712334112156153
8624.0,200.26292547729798,523.0293529272251,0.30662958237327365
8625.0,200.66115226967054,522.9687468758789,0.276755315963652
8626.0,201.16109064714138,522.0292053329264,0.24592593464464
8627.0,201.4600829834857,521.2607952515006,0.22027721956900007
8628.0,201.4765945266438,519.6995405132337,0.2148464889559296
8629.0,201.5405926588305,517.3263669245256,0.2066252299778304
8630.0,201.7639859054869,516.0485147730834,0.18663950912220253
8631.0,202.37571099594777,517.0778851592924,0.1702824819028804
8632.0,203.05406636756862,520.2482233676294,0.14386973410668963
8633.0,203.6575016522095,524.0628202006584,0.12009303503313641
8634.0,203.6289737711255,527.3566154756224,0.09720997976052251
8635.0,203.31244605625068,530.1470865239044,0.0764181668794896
8636.0,202.71961174631403,533.5415019203696,0.06486696044340491
8637.0,202.44455560705345,538.1436997158246,0.07031432278551039
8638.0,202.12848865266199,542.418927303332,0.0783318348230625
8639.0,201.51005203516235,544.4882409029606,0.0785524220112025
8640.0,201.76977138483693,545.3517765312117,0.06685606607716
8641.0,203.4168441829758,546.2742877407792,0.06247790195364
8642.0,206.38256080904307,547.771102382806,0.06947805385161
8643.0,209.36825080644763,549.1821916366742,0.0801063488394225
8644.0,211.71971794707338,549.8152975973685,0.09836728958736
8645.0,212.55785231179772,550.013999145365,0.10703916195856002
8646.0,212.7531238610682,551.757454462953,0.09329676409413612
8647.0,212.64272696854084,555.2221147383717,0.0703410383953225
8648.0,212.31411443784637,560.3935886616392,0.05739517441441001
8649.0,211.70622510738656,565.7510206584913,0.0549828728774329
8650.0,210.76644657385384,569.2267940150826,0.0665087891332804
8651.0,209.90281131781035,569.6976247588589,0.09754520033795291
8652.0,209.19042437344888,568.635786042563,0.1433535208823025
8653.0,208.69510118385887,567.3746347066617,0.20251932346096088
8654.0,208.55775061526253,566.9779333987465,0.2722047180790564
8655.0,208.90550391902894,567.9971784143263,0.3421378756457809
8656.0,209.17759551947503,570.8306180107019,0.38829586979188807
8657.0,209.50753974627509,574.8874523027071,0.41090611476376804
8658.0,209.88888710980456,577.7667057552596,0.3933151281655281
8659.0,210.6230511015071,578.7801350747322,0.3468642462813123
8660.0,211.79322285649693,579.0181022495132,0.30298384131850237
8661.0,213.36667423618184,578.381029321255,0.27660603590358024
8662.0,215.05829421136136,577.4628150873269,0.271609944899652
8663.0,215.69018105980712,576.7553527556873,0.29068104035443354
8664.0,214.96838862355207,576.7050509819119,0.3230379434126329
8665.0,214.0571662483086,577.6848744801637,0.3715751094355522
8666.0,213.78931295228097,579.5646905187718,0.44724053948420245
8667.0,214.23852896593007,582.280981989001,0.536357482561776
8668.0,214.56938824624382,585.1620376924626,0.6082889018722886
8669.0,214.28773457261397,587.4653557385847,0.6518987970062501
8670.0,213.31158048607224,589.6377893472749,0.6994086455729025
8671.0,211.9400065716243,590.8534322717347,0.7675946126075531
8672.0,209.93519271852307,590.9824444408276,0.8494558468433041
8673.0,208.07677267733024,590.3947789430918,0.9100428869084227
8674.0,207.1018391538882,589.387661391741,0.9330349061687826
8675.0,207.4568671501053,588.7092768306242,0.9611790815347083
8676.0,208.28929394651794,588.5171861161285,0.9913119131363904
8677.0,208.7303781869178,589.3999355767897,1.0268801681329218
8678.0,208.23531310678385,591.7802350458063,1.0709962358146707
8679.0,206.7919118926202,594.9728310614947,1.1594226929426064
8680.0,205.2536257246971,598.4286684812911,1.3144017613559047
8681.0,203.91434707053844,602.0082777430147,1.5033319751772725
8682.0,202.93160549551783,604.025687789588,1.6621291284946573
8683.0,202.40509135315935,603.8502487474677,1.71941747374336
8684.0,201.84681011302084,602.5663170596337,1.71793580070025
8685.0,201.4203520526357,601.4523161753245,1.734074090795701
8686.0,201.51454036919816,600.5738082182635,1.7896177637347217
8687.0,202.31001352487044,600.0565297821527,1.86949113230009
8688.0,202.6143040758192,600.2643796261189,1.9310454397367725
8689.0,201.641734959732,601.1622652640602,1.9162104096271508
8690.0,199.68419528862756,602.5359098121954,1.8652822403512896
8691.0,197.85146421660488,604.4235029289754,1.8720860063749638
8692.0,196.5859965864586,606.4427281866735,1.9595349475892099
8693.0,195.65571855878335,607.8136200672443,2.063910986236513
8694.0,194.82281608155134,608.4116487441637,2.1051333570463733
8695.0,194.2185225002025,608.9955590423797,2.101012940035637
8696.0,194.49749466274994,610.1241314313565,2.1575760510288613
8697.0,196.03122880382716,612.4782766652385,2.28252993505936
8698.0,198.15805559160825,614.971878766365,2.417293179080209
8699.0,200.01137853578717,616.8294526204892,2.4561888407184242
8700.0,201.88122104379812,617.929936215596,2.4222288709793
8701.0,204.02505241196116,619.4015196605733,2.3708680328870293
8702.0,205.620812284264,621.7352002392346,2.3452013046531004
8703.0,206.49156014252165,624.4387775448553,2.377134073046233
8704.0,207.22171048819837,626.6373474603138,2.380156521099848
8705.0,208.29010763650092,627.5158682541982,2.3267163570065286
8706.0,209.6980869635551,627.2007038358051,2.2004135246492287
8707.0,211.12495650488535,626.3109957638703,2.0623065516943564
8708.0,212.6198226236401,626.5138956433922,1.915242869929
8709.0,214.49564447645884,627.736570487127,1.766508564412436
8710.0,216.16990217886058,628.604410278318,1.6205955785838224
8711.0,217.0820594909358,628.6621744490949,1.5245562220272242
8712.0,217.63530619003683,628.2135607033291,1.467642866890872
8713.0,218.69385386075157,627.5440536279043,1.4012108416053508
8714.0,219.51623071490243,628.329829330026,1.2900451836984335
8715.0,219.68425112631053,630.1186259359005,1.1682004926888976
8716.0,220.15964113950625,631.1506853674733,1.1055591311207187
8717.0,221.6924542714173,631.1634733953857,1.0807578679845025
8718.0,223.44557043767298,631.4721261700314,1.1029039930023696
8719.0,224.61358784744968,633.6534623841603,1.18625665354681
8720.0,225.85082341668934,636.9663031239787,1.3079896921860132
8721.0,227.62229336769414,640.6543953181827,1.3654776453151718
8722.0,229.2920369959032,643.7868520289934,1.3236647693498165
8723.0,230.0606027498365,645.3758728429359,1.2224875073748651
8724.0,230.61593145877336,644.9392192316276,1.1194911540508083
8725.0,231.51735363968024,644.4261630184079,1.058439049013809
8726.0,232.15956929272255,643.3508672763526,1.0724983868004005
8727.0,232.24098321082118,642.7203121336581,1.128169781402357
8728.0,232.20738234275052,642.2128591093992,1.1568756061655106
8729.0,233.1054502642882,639.7414579879744,1.2324342214622916
8730.0,234.6715410192115,636.7956221093028,1.2655091726501904
8731.0,236.3484012931508,634.334414157093,1.1548055438210645
8732.0,237.2708187146538,632.3321811303532,0.9681229874484081
8733.0,237.91542174587153,629.6508742088804,0.8033586196575626
8734.0,238.86510741517182,627.3561408842205,0.6590419218871609
8735.0,240.2527872180838,624.7242634189752,0.5581991725201984
8736.0,241.26667670932991,622.0082193953766,0.5482109218965289
8737.0,241.45734079873145,620.9170166717346,0.5965661837863809
8738.0,240.9477358481258,621.7276710046243,0.6732171977434596
8739.0,240.199520391882,621.1812515245341,0.7482043266428026
8740.0,239.74255395495328,618.2704076516264,0.8033227320962529
8741.0,240.51842798585795,615.4814229514716,0.7649485994595602
8742.0,242.98419860813718,613.9498707431801,0.6769199649321318
8743.0,245.40698603817293,613.8196444193334,0.6048976446327557
8744.0,246.53209977747647,613.0860490748389,0.5399017512692049
8745.0,246.5958544822926,612.8363299452798,0.47466920239300814
8746.0,247.0993719351034,612.7346557690496,0.4016558697258277
8747.0,247.40314162240247,612.4857808672829,0.3406008188552257
8748.0,247.12125067302108,611.2767530582963,0.3181716820210681
8749.0,246.7119892404617,610.2991053903949,0.313296676581392
8750.0,246.70249032537302,611.0818079039515,0.2863708060640626
8751.0,246.95925214284009,611.7566636373166,0.2357385943420561
8752.0,247.61670897198954,610.9675714223775,0.18984251567882413
8753.0,249.38338992160544,608.9495969476732,0.15468416632884638
8754.0,251.98236860721434,607.5235061813453,0.12649318201744
8755.0,254.208363027082,607.5315241995752,0.1006844874410761
8756.0,254.66027643371683,609.0930862972039,0.08051285372953691
8757.0,254.41541902600875,610.2658658040336,0.0680080912446321
8758.0,253.55830479607195,610.5565274106859,0.0648497751053161
8759.0,252.36449908616456,609.6245269159961,0.0706296798300025
8760.0,251.24156188857367,607.6817467331548,0.07772441052936041
8761.0,250.79915857128006,605.1213781242407,0.07858766176470809
8762.0,251.05166003114817,603.3163065262543,0.07717812384644009
8763.0,251.41845338898452,603.4538707418636,0.0802661766413796
8764.0,251.18445922116794,603.8492461546075,0.07715815063507361
8765.0,250.86670131896295,603.7704921372582,0.061870806558864906
8766.0,251.1753535341803,603.4482905016478,0.04241822406192251
8767.0,252.1186985770354,603.1858822902866,0.027470105599566395
8768.0,252.93932837369024,602.6875795843431,0.0175974445367296
8769.0,253.1138547046263,602.8019561526502,0.015222890901966407
8770.0,253.68085964194955,604.5741703398619,0.0196269788775424
8771.0,254.75568627386093,607.7024253231272,0.020658381890457603
8772.0,255.494181942522,610.6723668155604,0.0109848552109956
8773.0,255.74984258192165,613.1742825946901,0.0021384511186920995
8774.0,256.088805780292,614.8633538534932,1.0869730564000317e-06
8775.0,256.5927327811786,615.147759231626,0.0002263222368800999
8776.0,257.13806555344047,614.7276593606779,6.676197263999964e-07
8777.0,257.26870368081205,613.6415951626099,0.0003775692016996005
8778.0,256.84107465421965,612.9542160077506,0.001681596192852901
8779.0,256.413854486203,612.204318894748,0.004512620350081603
8780.0,256.1622397766873,610.8303100510426,0.009727293019161599
8781.0,255.68439876966875,610.3088230859898,0.013874729104281603
8782.0,254.3998296580074,610.9902323788798,0.012887169559588905
8783.0,253.49459213068224,611.3387510784585,0.0127210855730841
8784.0,253.37572554044525,609.9111692987169,0.011512270672562502
8785.0,253.1810789351921,607.5214066672063,0.006928692831112903
8786.0,251.94975281750254,604.6909025219711,0.0024497777927529
8787.0,250.2853962987156,602.57176115577,0.0015138495835683994
8788.0,248.73881868221187,602.1551544147301,0.00330416882761
8789.0,247.64508402486732,602.3986824566562,0.009821232170536901
8790.0,246.2992668394572,601.9849934398911,0.02186065450518011
8791.0,244.64540095705732,599.6364470578596,0.03333440474749439
8792.0,243.3488885588357,595.6239977313364,0.0344200005706384
8793.0,242.1224487416492,591.5873617868582,0.03078754511044
8794.0,241.2060760293751,588.5410968823641,0.030642513003000908
8795.0,240.1641398425122,587.0512076946193,0.03649952935225
8796.0,239.66181985705958,586.3439934192269,0.040468061305562505
8797.0,239.37032641711875,586.1681693229367,0.032496973652488916
8798.0,239.10936821403072,586.5785933090434,0.020838100412646398
8799.0,238.97867009751022,586.5901464968008,0.014539054084000004
8800.0,238.89765081300564,585.1480878156267,0.011639982376562507
8801.0,239.09939550654306,582.2205767123121,0.011604662698003598
8802.0,239.63493689987396,578.9678939099829,0.010167717392010002
8803.0,240.22583052790088,576.7444006735512,0.009533095075504901
8804.0,240.6089931060912,575.6610081311959,0.009443522869284097
8805.0,240.67553181925493,575.6624059605323,0.010162283106422497
8806.0,240.16318924336034,576.3972271813926,0.011730430076552096
8807.0,239.5805105569323,576.9900242462572,0.012597189063839996
8808.0,238.875259156982,576.0509588870372,0.0174080237438809
8809.0,238.76501633773134,574.8954073564871,0.034637821711512105
8810.0,240.53065981879075,574.7220889393147,0.06719371749060009
8811.0,243.85990449172624,575.6292289655136,0.11968764351936044
8812.0,246.85564468737772,575.821774908671,0.18138632104177294
8813.0,248.50565893715628,574.3810340903298,0.22447584595699246
8814.0,249.24287211973305,572.2101218112133,0.24979292289869445
8815.0,249.2970205695234,569.7132676985025,0.26225654967801
8816.0,248.98941228798276,567.9787539866874,0.27057079496163994
8817.0,248.2870191495909,567.4586415420678,0.2839753757635601
8818.0,247.80955714270266,567.5226485643905,0.3155681070351601
8819.0,247.93871887029297,566.8551289914243,0.3505624209889345
8820.0,248.54043094556124,565.7617170579505,0.384601315551029
8821.0,248.9223565694385,565.0996709621725,0.4034651927588101
8822.0,249.12762806572408,564.3031625647615,0.4406690076239024
8823.0,248.85765502064874,564.5178608397488,0.4914231378293241
8824.0,248.26958041420218,565.4597592550567,0.5221832919587003
8825.0,247.60791900891383,566.21728436041,0.5337776166327396
8826.0,246.5393086297165,565.7399785219905,0.5484928628572417
8827.0,245.0296024651832,563.6710069284788,0.5826116393658001
8828.0,243.81818059854587,561.3013104785707,0.5978819575271928
8829.0,243.34023769722083,559.4485497758925,0.5777847099646802
8830.0,243.46234769459682,558.8692251546912,0.5272860527236224
8831.0,244.32198554354198,559.3451432121633,0.4837274832270399
8832.0,245.30896318990088,560.6433736651645,0.4631389381793345
8833.0,246.04524710307027,561.9098598664873,0.48549535881850103
8834.0,246.9110168699341,563.0653256770657,0.5143203875905957
8835.0,248.31167588215783,564.5937491272839,0.5498554252104169
8836.0,249.14153061078372,567.1687722478814,0.5965452371068283
8837.0,249.25627235268914,570.5330224033389,0.6312693876766369
8838.0,249.46754056344056,573.498832319411,0.6301679105869458
8839.0,250.00594034724884,575.5456078900304,0.6044662871604899
8840.0,250.3436570857238,575.9617950335365,0.57385244327964
8841.0,250.64464559552366,575.1155960645222,0.5549439767571843
8842.0,251.22629862535925,574.1701777861086,0.5361026061264783
8843.0,252.34013851705404,573.4705397374108,0.5395734132946922
8844.0,253.69380461126175,572.6216498480017,0.5680547210054026
8845.0,255.31203945906503,570.196492947732,0.5785932298179856
8846.0,256.9534188534522,566.1038277688908,0.5229223770010385
8847.0,258.15172426125645,562.6798125612067,0.417157215386868
8848.0,258.09311255581304,563.7979807191075,0.3274812214700624
8849.0,257.64315689607287,567.8637041186854,0.27413178588992165
8850.0,258.2640599735709,570.3103331074753,0.22636059458074242
8851.0,259.26176021967046,568.82039356995,0.1853575791474276
8852.0,259.6283829326635,565.1199285422366,0.15337689231430437
8853.0,259.37307710315895,561.2463335851717,0.11339639357331611
8854.0,258.51272838869426,558.5569656625761,0.07306349016070811
8855.0,257.3623016426384,557.6073259391814,0.0496558739825604
8856.0,255.99217829974594,557.5172286326716,0.04089182024190761
8857.0,254.79145404768175,558.6946023230934,0.036781117998721594
8858.0,253.8951438202927,559.8164238328527,0.02782767794569001
8859.0,253.04197536003696,560.2007798107209,0.023365598735609998
8860.0,251.4010788039298,559.9148177298711,0.019976271945753594
8861.0,249.6783499687279,560.7731432181697,0.016032502845030397
8862.0,248.88896161937075,563.0676340363153,0.007706890963210001
8863.0,249.16294962326404,565.3263813450952,0.00020043905352249984
8864.0,249.42777086134367,566.2651544186756,0.006350561445968099
8865.0,249.862541698132,564.4961756751305,0.031766207374792896
8866.0,250.9415530190618,561.8891953013083,0.0708481670747761
8867.0,252.0075678668992,560.5969626091938,0.12150685911715559
8868.0,252.16404983980428,562.0652872271143,0.17491584775353636
8869.0,251.3634443320926,563.8823207660217,0.22529200545542247
8870.0,250.59549608780551,564.6057889821666,0.25169982963930243
8871.0,250.1862773187184,564.2947865595575,0.2612847602872441
8872.0,249.86982690023993,563.8851722140971,0.2579434656778225
8873.0,248.6916529099634,564.1990075829792,0.2478065823030625
8874.0,247.2868719623849,565.5696258845808,0.23505748173565288
8875.0,247.5146634285016,567.8460644171753,0.2225258719331904
8876.0,249.14262130142538,569.8600971478292,0.22041656898228487
8877.0,250.76506407817303,571.4061799154205,0.2101622274650116
8878.0,251.4272606228932,572.8495465820134,0.2257796199810529
8879.0,250.6567380401634,574.4118800240293,0.2707382513160196
8880.0,250.08989041883024,575.3404687422088,0.32534752420130497
8881.0,251.04491502605728,575.8727691066878,0.3649268544998976
8882.0,252.67676029612264,575.3833032356547,0.35321307685198244
8883.0,253.68753771022938,573.8739823731157,0.3511566622291729
8884.0,253.02846643070438,573.0366321522542,0.34542496603082257
8885.0,252.14602800207425,572.7577479526324,0.3264749786964121
8886.0,251.32579238521555,573.8622384069995,0.30031708638256355
8887.0,251.20042460497294,575.8431553186476,0.2525160588952575
8888.0,251.2260887698165,577.5395290983967,0.22366173499663208
8889.0,251.86876106024425,578.5003265490576,0.20313458237661158
8890.0,252.68848486331444,578.7255409214335,0.2046582954680625
8891.0,253.63849908727164,578.6289500239914,0.21300221495785693
8892.0,321.48772182959203,567.1645650438279,0.9018074309185766
8893.0,323.6290733033239,565.4456101262962,0.85924705515364
8894.0,326.452208797492,564.4478591954589,0.8430752266680385
8895.0,329.50741915795015,564.3276970636363,0.9088361441078404
8896.0,331.979294920589,564.6733114942795,1.0477903500980161
8897.0,333.2305876419728,565.5227183898631,1.2192109107037459
8898.0,333.3316564461154,567.2279915031406,1.3330466403454324
8899.0,332.95429796932746,569.0353200964838,1.3162741375878082
8900.0,332.8141295108193,570.1462325506626,1.2165769470311212
8901.0,332.6540173122036,570.3031931372868,1.1534799952834598
8902.0,332.1822778405665,570.2464360478054,1.1835896613510652
8903.0,331.70635739631246,570.9095734925387,1.2563677374771722
8904.0,332.1404825004286,572.4475093496677,1.327340331800605
8905.0,334.11393282023437,572.8231938116484,1.4417845685543558
8906.0,336.709787973979,571.7844541866205,1.6250967084276964
8907.0,338.4623814217192,570.6846454126662,1.7865517679774212
8908.0,338.89159063945067,570.3228454768896,1.91979449821092
8909.0,339.26993834395483,569.9351499905732,2.0056354124129765
8910.0,340.10770296404445,568.9862720873815,2.0442222647642603
8911.0,340.7570658585761,567.5285880639365,2.0520574533001765
8912.0,340.2990775257529,566.5880885176988,2.073694378673873
8913.0,339.0174488814052,567.2374710054553,2.0393729573371457
8914.0,338.05606409487496,568.4581003282267,1.9031558296747395
8915.0,337.88533979996924,570.0596379795678,1.7402495127479292
8916.0,337.9835031425545,571.578483165252,1.588567928286722
8917.0,338.5202825569101,572.4342262592692,1.4801866589578083
8918.0,339.76298011267124,572.0719170304621,1.3900966965179047
8919.0,341.0592519711565,571.1108064007456,1.3542452624737937
8920.0,341.8817175071132,569.4929692676453,1.4037789777230045
8921.0,342.3513704850794,567.4451529981134,1.5205689038822499
8922.0,342.10664963361006,565.7517151959246,1.600494785269957
8923.0,340.8055587543769,564.8031763129263,1.516898687307848
8924.0,339.4360014849968,565.0164141622643,1.325278270597436
8925.0,339.069344450041,565.8362492935513,1.1505009646142468
8926.0,338.7295087639198,566.7747036086333,1.0482304899064385
8927.0,337.91926436837383,567.0633867963646,1.007351381267482
8928.0,337.52993204895125,566.6924266404003,1.0349834631134769
8929.0,338.0064578361098,566.0186632042128,1.0781667352396864
8930.0,339.90865687629264,565.9580597351162,1.085501994488033
8931.0,342.32135525880364,566.0861107352704,1.014311582176337
8932.0,343.60008982120894,567.1072285000163,0.9495511459357227
8933.0,343.9498886377491,568.2943065365672,0.93714304842102
8934.0,344.36606136063136,568.7486794902206,0.9509899190138943
8935.0,344.86837325083667,568.5182123200378,0.9448590593307321
8936.0,344.5367172845521,567.6817250569989,0.8887784675402307
8937.0,343.8892381041857,566.7654512820407,0.8319263917580001
8938.0,343.7298175667108,566.0988655249269,0.7786202654049447
8939.0,344.2105859803847,567.1031082069227,0.745502678819501
8940.0,344.68707046329496,568.9505292333193,0.7165138648768166
8941.0,345.3587014162708,569.5879278106265,0.7015325674366684
8942.0,345.92108543036704,568.9796480082807,0.6863887539410725
8943.0,345.9978884933015,567.6909300591169,0.6508733311311842
8944.0,345.6829288891362,564.9235606590438,0.5865526599399077
8945.0,345.2541228896686,561.1468321036732,0.5261943080719503
8946.0,344.42573208224235,558.0787429178403,0.5058489948255844
8947.0,343.57321545570045,555.6929973502453,0.5238163061274025
8948.0,343.5915827541257,552.9290883863579,0.5353618855991185
8949.0,343.4873032788374,549.7982570277064,0.5086660506605583
8950.0,343.28939608240887,546.9113336243603,0.4710713121583225
8951.0,341.9474217058561,544.3059884259245,0.44978581476413293
8952.0,339.50496817787916,542.7351047281061,0.430187664944825
8953.0,336.59534503850216,541.4689568308793,0.3824592889083849
8954.0,334.81596997767934,539.2810906901082,0.3349068266188226
8955.0,334.9001448648287,537.1857320113736,0.3214895896802703
8956.0,335.9001600653758,534.8913459007306,0.3463244112243557
8957.0,336.7833473115992,532.3656030773085,0.3909258203931722
8958.0,337.69375288975937,529.906484501355,0.44370933977031213
8959.0,338.65238386940524,526.9570205368148,0.49469358414848497
8960.0,339.0814866419905,523.272228575834,0.5599644887100624
8961.0,338.8052519989006,520.0519439505127,0.6461587134464004
8962.0,337.99124850416683,517.5340806351376,0.7434169134970386
8963.0,337.51902946461337,515.949928090064,0.797375722103461
8964.0,337.7025622477024,514.4131481890943,0.7783649036950082
8965.0,338.1163256753185,513.3540770789787,0.7018032644142601
8966.0,337.82280314748704,513.4149192192673,0.6231301938451215
8967.0,337.4152454735024,514.0157542528935,0.5667190718316517
8968.0,338.16241919124894,514.1729824054901,0.5379010532860643
8969.0,339.7398158141652,514.069542512391,0.5279290463943077
8970.0,341.59398387041335,513.4267493743332,0.5408682281537538
8971.0,342.59265984463667,513.2881790239032,0.55706922181849
8972.0,343.33801434895565,513.8796719137181,0.5651675902061641
8973.0,343.6551341690813,516.1576679331511,0.5759873583856561
8974.0,343.9948668490639,519.5200489660078,0.6001992594710783
8975.0,345.4882484260291,522.1981901689321,0.6048372615008656
8976.0,348.09826653982026,524.0773546978753,0.5649858253160521
8977.0,350.0560016104376,526.35729035659,0.5358395038721481
8978.0,350.67159937795265,530.1871156478978,0.5586156989397603
8979.0,350.67550006200474,534.8295892751061,0.6248174470706026
8980.0,350.8970802915236,538.8754800212798,0.7117785626980899
8981.0,350.7101689767645,542.0407621817366,0.833887977929609
8982.0,349.80935582686385,544.8446275318686,1.002658704832541
8983.0,348.6068821624348,547.3925174809547,1.1540741021921281
8984.0,347.94369676374106,548.4351354592379,1.2206052465810024
8985.0,348.37612306491917,548.1931430919444,1.2420495104925626
8986.0,348.78901072294997,547.0509521501314,1.2457365558779763
8987.0,347.91451287546084,546.1744383909976,1.2543567683724903
8988.0,345.08582839289875,546.0630075823192,1.2796625119264562
8989.0,341.51470770158386,545.1757015332645,1.3503677093534332
8990.0,338.9472065354676,542.1180483026352,1.50618846199969
8991.0,336.94957401181284,538.1016352774571,1.6897588066062732
8992.0,334.8765104738438,534.5813031856451,1.86070497066756
8993.0,332.91760017820263,532.1145817474156,2.0082767665997125
8994.0,331.3538868234497,530.5180617286975,2.167259599855172
8995.0,329.91758700813966,528.5062712161133,2.337091391398523
8996.0,328.94965031079107,525.6834657828342,2.4807536476679055
8997.0,328.9010297951139,521.6065223583025,2.5923932858955667
8998.0,329.247209570843,516.864542970649,2.649186773792708
8999.0,329.50086474389934,512.382986412411,2.6356103580096897
9000.0,329.9991184244381,508.89123163240845,2.5867226869063056
9001.0,330.17702993956885,505.75432983728933,2.5789634047629173
9002.0,329.7145295846185,503.8743146105389,2.5912822811007614
9003.0,328.8605740786379,502.7790825504206,2.60803960129476
9004.0,327.739976319177,502.0926749639428,2.5876801173331687
9005.0,326.0375346013298,500.5036559620373,2.513728851088949
9006.0,323.987480760937,497.2157767737613,2.4502823028818175
9007.0,323.393948274859,492.21846776492845,2.4337595594153
9008.0,325.9479342463953,486.73419713576396,2.4764131603342756
9009.0,330.01450146907763,482.2936198115797,2.481219661134113
9010.0,332.6053357096114,478.43812282588937,2.3930675444103184
9011.0,333.67924031440106,475.37957820704133,2.2341088681993453
9012.0,334.2710969259267,472.75845515932724,2.1371703515990883
9013.0,334.79579968927015,471.0606043577736,2.1229641628418308
9014.0,335.01655682037546,468.9462534668555,2.2064718039816675
9015.0,334.6337527788269,466.62800402982236,2.3639205795217153
9016.0,333.28640562322755,464.573557667913,2.590602401173826
9017.0,332.0110019131013,463.3817677751509,2.7972984306090125
9018.0,333.9635665328472,462.26677961227165,2.9210352180791768
9019.0,338.52061300160636,461.81774212020974,2.923301929061557
9020.0,343.16418664881417,461.3636169766898,2.7297655339240445
9021.0,346.6194488476209,460.8191934339762,2.442070857724276
9022.0,348.1645508254073,459.4906668245901,2.2317046729765924
9023.0,347.34871459633035,458.4827336581465,2.1220284386298247
9024.0,345.03749815572866,458.6631526985064,2.120678246398717
9025.0,341.92756917562895,458.34364663839705,2.1422656728147254
9026.0,339.2701527444278,457.90812016538047,2.0718525539033346
9027.0,337.19557747464563,457.0191952637329,2.002764830581748
9028.0,335.558777289067,457.3200803644818,1.9105565661277457
9029.0,334.4513913246296,458.22876821019935,1.820768010689057
9030.0,333.61500862064787,459.9369715124917,1.8081091171538703
9031.0,333.33796768457023,461.48500276880407,1.8088018175840208
9032.0,333.6151470703549,462.5712860179221,1.764453495624929
9033.0,334.2877724018961,463.3475661227532,1.7004595277985564
9034.0,334.32034019915517,463.7472143690689,1.6719976724451002
9035.0,333.22791188740786,464.81694548038126,1.7220323702465365
9036.0,331.2850523558023,465.6779350402385,1.786188493257977
9037.0,328.6641787025799,466.0032007182289,1.7818773562546446
9038.0,325.29443477525166,464.1299984292728,1.7565451740408962
9039.0,321.7392529143396,461.33200030567724,1.6606906526277372
9040.0,318.432358402757,458.12110865886797,1.4890556513889424
9041.0,316.1981441183054,456.18987170530716,1.2767015119141092
9042.0,315.23186094875865,455.34816497609893,1.1422193805112897
9043.0,314.85154320447907,455.3497222895175,1.1154542799874765
9044.0,314.1660759060602,456.22932061414963,1.1461520495197082
9045.0,313.0157882622499,457.59460756498396,1.1652598419628806
9046.0,311.8183697445285,458.9633405393107,1.1762420867543024
9047.0,310.7471843117153,459.472041933283,1.1700918943857799
9048.0,309.40896437320373,458.7320459199124,1.137458788583437
9049.0,307.969205390823,457.6996478053526,1.0951097163300099
9050.0,306.9500671200902,457.28414992036284,1.0384979173531523
9051.0,307.51744625667106,456.6542609025822,0.994367693133217
9052.0,308.2806428671647,456.1499905141378,1.01125048660244
9053.0,307.6990170073037,455.535201612286,1.1017499026275626
9054.0,306.4659404521194,455.04744556892285,1.2259600666132564
9055.0,305.4089262678278,454.6183906405734,1.3368247783657325
9056.0,304.4322353469004,454.23074054347074,1.4169381457814523
9057.0,304.1077990523629,454.2720309817053,1.4540824705256963
9058.0,305.19905202619736,454.9270301733424,1.4388122930052007
9059.0,305.9505463878236,455.34154311627566,1.4134355117344037
9060.0,304.66918216987216,455.89545544193805,1.4002274786739266
9061.0,302.61056914690204,456.6053338192174,1.39453071450625
9062.0,301.68298707020546,455.88789355221655,1.3811122449815827
9063.0,302.00290400024556,453.5024537159686,1.3934004656488228
9064.0,302.4509449425315,450.2760224590596,1.4557782498564495
9065.0,302.2716558886054,445.7434212478906,1.5178374534698118
9066.0,302.09063359395697,441.05174509779937,1.5937135478247428
9067.0,302.52679270551704,436.6117379322152,1.6243587126910224
9068.0,303.39872790761535,432.5524626363731,1.5410272092305692
9069.0,303.9423751521474,429.8077692410969,1.396560644681189
9070.0,304.8403282773933,428.14753727411164,1.2907894454797229
9071.0,306.95087549298415,426.4141921324655,1.2636825109085954
9072.0,309.8485128501571,424.30626660106793,1.299587824828516
9073.0,312.74552068992523,423.0073234666785,1.4051487882816787
9074.0,315.3590806729198,422.72155716864603,1.5154938278106025
9075.0,317.739939343762,422.7156597033089,1.6008289426729163
9076.0,319.1393594814945,422.92828681014095,1.6808076240781227
9077.0,319.107077410564,424.5909891486572,1.7267643275024025
9078.0,318.02471104628205,427.336401416457,1.7273981324609362
9079.0,318.27509380519854,429.54084018624025,1.7675121247378596
9080.0,320.45443506847806,430.78621778807013,1.9056992431208357
9081.0,322.9128103160654,432.6205459786965,2.111330675973097
9082.0,323.849640768415,435.06285276914883,2.328078517769809
9083.0,323.1531971828505,437.15429666953094,2.5137870700434366
9084.0,321.8323768338438,439.20294590714917,2.6737004791411603
9085.0,321.2509908471674,440.6554602608764,2.8516860746809605
9086.0,321.8241167372707,441.0851326482021,3.0540917442640803
9087.0,323.0100010459914,441.4614784838539,3.1656420276390143
9088.0,324.14077708849095,442.7348113381351,3.1680676115179573
9089.0,324.44236120732023,444.13917864374815,3.1320503514144007
9090.0,324.1177829023851,444.555972417396,3.11787662931602
9091.0,323.61552864499333,444.2581422439158,3.1581397846787365
9092.0,323.0523319341967,443.4873716430409,3.230537371161985
9093.0,322.28880902016795,441.73155673595664,3.303948622076424
9094.0,321.33085314019365,439.8147158198592,3.3640826353723448
9095.0,320.1807048053485,437.63888096589557,3.4184235185803264
9096.0,319.3578028810495,434.67710489713716,3.435332172601309
9097.0,318.6702391140503,432.64679913071257,3.433276802195329
9098.0,318.0777357806719,431.80901924422193,3.382739367721801
9099.0,317.9160063645125,431.1381296048466,3.261416249621506
9100.0,318.29941840232476,430.5314598044592,3.0868177479909558
9101.0,318.8342008101596,430.6737911006567,2.9058123940798097
9102.0,318.8952510109184,431.0927683953678,2.747330979955652
9103.0,318.6201073904916,431.49917874235007,2.5633979908247104
9104.0,318.8073810545804,432.0544972680965,2.408374738932967
9105.0,319.28446799838235,433.3488375263092,2.3539494209887883
9106.0,318.716697127049,434.97559119108547,2.426688404735249
9107.0,317.02991386606254,435.69956439133153,2.5714938323088403
9108.0,315.44808257963854,435.5038659356751,2.764420285648068
9109.0,314.8103503050839,435.1202162694716,2.955784527129831
9110.0,314.91565964836246,435.9603127953983,3.0626973681798324
9111.0,315.7004277921037,437.0954168804753,3.0794851505575163
9112.0,316.9196058876065,437.5977585860156,3.065207007931028
9113.0,318.1088713510548,437.48098445732535,3.0557934756558405
9114.0,319.17742408962346,437.56347537488256,3.03064527818002
9115.0,320.4272973614436,437.7235458994141,3.0096507770869403
9116.0,322.2751495397546,437.1088747086283,3.01680528316209
9117.0,325.1272719287902,436.3446563393648,3.1252220249850624
9118.0,328.32332768614856,436.50207146957126,3.3405305335219495
9119.0,330.0192120078034,438.3696736986113,3.6034682871961228
9120.0,329.39566068969754,441.39280422998024,3.847644860068103
9121.0,328.01082358275346,444.3565110054185,4.119050471571359
9122.0,327.1818628372483,446.15372275082365,4.397501268484
9123.0,327.64012886667325,446.8370501972315,4.660504612751635
9124.0,329.62677215505215,446.46931267183453,4.854624354435864
9125.0,332.2509673986922,445.31162171027137,4.966831569457101
9126.0,334.6000634135352,443.14371475334315,4.970041818404082
9127.0,337.04197767807926,440.52189707215456,4.830940990899628
9128.0,340.0980408952127,439.1670604217366,4.545815102492559
9129.0,343.5850365326043,440.30610682718105,4.304074575099376
9130.0,345.92136292681454,443.44323741697843,4.209851888554369
9131.0,345.60189317402615,447.53134001142723,4.169694041373437
9132.0,344.331473274279,451.51916846456385,4.1152302127531195
9133.0,343.71842004034465,453.49255855782076,4.024159289704333
9134.0,344.1678844357013,453.30436241306495,3.9489180153009418
9135.0,345.6824622162796,452.08515975030434,3.8454074589381033
9136.0,347.488627291074,450.8162272361384,3.7052005111572677
9137.0,349.187375141136,449.5797663524069,3.5165860781743135
9138.0,351.4183104124857,448.6592380974528,3.2265473291357476
9139.0,353.7542873969419,448.0366086957375,2.826501394512444
9140.0,355.77868437531225,447.15381716034045,2.372595190780687
9141.0,357.34235572805136,446.1345071098952,2.002403407174042
9142.0,358.53764163953963,444.3168245955877,1.841546352466657
9143.0,359.3912483851264,442.12990331666754,1.8492258013282565
9144.0,360.3841730378021,440.70646382177773,1.8833006624493605
9145.0,361.65449602308104,440.1092232952436,1.848178665163023
9146.0,363.87897431908067,439.5435579574123,1.7157025428159245
9147.0,367.42533042856195,438.7700871334442,1.5505365379973763
9148.0,371.2651921606976,437.9368876595823,1.4124992574326547
9149.0,373.8670457514714,436.94142406798153,1.319774962196868
9150.0,375.25743097938755,436.00727242122076,1.2567386409966026
9151.0,376.45863567371316,435.0087237723375,1.216710191324057
9152.0,378.0810591548036,434.0103528137831,1.2323217879800101
9153.0,379.924091093352,432.8838785828236,1.283837268661085
9154.0,380.9639306622851,432.0925280253766,1.328373600141828
9155.0,381.38978739149195,432.3331845274077,1.320391878778964
9156.0,381.81881889172143,433.64573841212416,1.2554978849196006
9157.0,383.5580690926099,435.238700654565,1.1870405165029323
9158.0,385.5037899479551,436.6073954908378,1.1528207168121123
9159.0,386.88359889264194,437.87045006948586,1.1962317288119644
9160.0,387.7152924743197,440.01713252630293,1.3000953771975627
9161.0,388.37960894341774,443.14622487562775,1.4505495873847696
9162.0,389.1843966456042,446.2204469509667,1.609568708495084
9163.0,389.2851105981531,448.0278507322251,1.722439536816154
9164.0,387.96828836620693,447.6418542983427,1.7608150390838437
9165.0,386.00594460421536,446.13065068238615,1.7846785859810772
9166.0,385.5617787456744,444.55927088207164,1.7861667888297603
9167.0,387.32668983042475,444.08607811516504,1.8122257391296357
9168.0,389.9531527044815,445.26181719964023,1.8812233297713028
9169.0,391.14398597367693,447.0337890340101,2.0018298948937447
9170.0,390.7515339210704,448.6101413906102,2.150225110805868
9171.0,390.77701970141345,450.01256315785025,2.2573295294086164
9172.0,392.08761450564555,450.9014412642223,2.2376745659833746
9173.0,394.60134668458045,451.8078127076727,2.06064012433914
9174.0,396.93194417494897,453.4256066988217,1.8096357353380805
9175.0,399.03318012002933,454.48712318465294,1.5435302782343239
9176.0,400.84732785316055,455.0984330838498,1.36925476698256
9177.0,402.3120934887329,456.31390868192796,1.2653839239811229
9178.0,402.8249951374204,458.32876667433663,1.2247761249516818
9179.0,402.5215361642959,460.22751823327934,1.1615038928148103
9180.0,402.35975083700527,460.6599676419875,1.1192181911885883
9181.0,403.1906895610374,459.6358200659019,1.150007314769924
9182.0,405.4060120063788,458.3344583862075,1.1291433061934024
9183.0,407.87707296710556,457.74469337616847,1.051423360108997
9184.0,408.6367122806614,457.70424750887884,0.9762078258432899
9185.0,408.29183790592606,457.7078438513171,0.9087645505114452
9186.0,407.9104491005924,457.11823253704586,0.814097775575269
9187.0,408.2058139979131,456.7635479198615,0.6816911026480569
9188.0,408.4643882625337,456.81621182264087,0.548736029780496
9189.0,407.5041896170237,457.62129080686583,0.4593453878200575
9190.0,405.774700477163,458.30179136088685,0.4253069135682481
9191.0,403.7556086300131,458.572501889922,0.4189272421218921
9192.0,402.48289627167793,458.2486921066152,0.39858859199801283
9193.0,402.43336999177876,457.96753839502173,0.3605853097147535
9194.0,403.13349883949564,458.0022454302086,0.33066957550233755
9195.0,403.13735948208307,457.81253248939976,0.3035946084336401
9196.0,402.1819250101392,457.6343687374034,0.27509280215041004
9197.0,400.98371767021905,457.6648050530252,0.24400814907467605
9198.0,400.0011816008726,458.4429831803037,0.22697785538492496
9199.0,399.3126299524859,459.3747033945825,0.22729346114924162
9200.0,397.8770602953648,460.86228841166354,0.22526595745204814
9201.0,395.68383494536624,462.3569213821851,0.20667104312215695
9202.0,393.2483427621254,464.48524663459364,0.18693865443784086
9203.0,392.28349542892033,466.8776548339926,0.17465283020881964
9204.0,392.59456786412045,468.7797729274294,0.15527420459031038
9205.0,393.03174075179186,470.0465366538592,0.11986025623056001
9206.0,393.1921229521409,471.14787252488685,0.08968827040000002
9207.0,392.90660998082143,472.12929452069557,0.07509704467456
9208.0,391.7578299071357,472.38926139037477,0.07367948902091562
9209.0,390.17482673054906,471.66213448660955,0.08059057967104
9210.0,388.48980133551777,470.2705833338723,0.0907384826963241
9211.0,386.57181981418506,469.3719957843281,0.0933964452532224
9212.0,385.0041059749623,468.55775364878593,0.08414986418912161
9213.0,384.40707850733,467.4949171542109,0.06819341019214241
9214.0,385.4354123836323,465.79822950111907,0.057367032840505615
9215.0,387.8301422015484,463.38380847102536,0.05249868721584639
9216.0,389.771582648407,460.05463085114343,0.04667049904627361
9217.0,390.2677800613258,456.9789058765184,0.037630222901712106
9218.0,389.8375400495299,454.9947830433091,0.025412004014644905
9219.0,389.53423020792434,454.3064668332065,0.01814682181881961
9220.0,389.36043114596765,454.49331415726135,0.017108396712864904
9221.0,389.1244443283073,454.60297853424646,0.0163562306565904
9222.0,388.752210521056,454.26889233780236,0.014388007298000398
9223.0,388.61604284560406,454.2841359414504,0.013431409964481604
9224.0,388.8858474908567,455.0563106986321,0.013665848477040405
9225.0,389.8749793078393,455.3572088687541,0.013119200847246404
9226.0,391.8048944186563,455.3919098946752,0.008896811350868096
9227.0,393.78689151446605,455.54245579199073,0.003839584388784402
9228.0,394.71703691372073,455.6977455422075,0.0005671980454464009
9229.0,393.99082559458054,455.91725323465033,8.702500000001031e-08
9230.0,392.44945799667005,456.6869383989638,9.296257172409996e-05
9231.0,390.9305726759138,457.91795552905097,7.2876241935999444e-06
9232.0,389.7305526127665,459.0128664177604,1.0283379649000117e-06
9233.0,389.08459598171066,459.7420291640819,4.413795244960008e-05
9234.0,389.2842306268493,460.6787565355838,0.0006488059725889001
9235.0,390.78635503565727,462.00316308091817,0.0030674328710480992
9236.0,393.7971112739332,463.06695558212874,0.0054999399480964006
9237.0,398.138174353476,463.84256972486173,0.006245785156878401
9238.0,402.820663935029,464.348924797248,0.0048838279656721025
9239.0,406.52832249625817,465.4554779511442,0.00042100638003359994
9240.0,407.45302915926027,467.885383682717,0.0047176827994521
9241.0,407.0620651166058,471.2430952209991,0.020709167086240002
9242.0,407.87885304155697,474.6457094992257,0.0290675084246416
9243.0,410.1700580421051,477.56956400856154,0.026880910836920097
9244.0,412.30067799001336,479.31888894366097,0.016547233359602502
9245.0,412.5743845469071,480.3818600004418,0.004296394788672099
9246.0,411.31328761262364,481.82374520019783,2.7024194310400056e-05
9247.0,409.83374943563604,483.37864762896146,0.004390729508256402
9248.0,408.50994279131527,484.4894740899867,0.010296089871122505
9249.0,407.7404901937801,484.4043973564346,0.014061555540844897
9250.0,407.69207869668907,483.9411597084249,0.014702418537460899
9251.0,408.01476049031254,483.7550684751634,0.012836658869040398
9252.0,408.1789252029384,483.5525249144665,0.010863432208284098
9253.0,408.2005835762528,482.7442833336619,0.009810815336193596
9254.0,408.3294987466334,481.72251751968395,0.013004184208092106
9255.0,408.63642927400446,480.748570895146,0.023877113383284097
9256.0,408.42679921060966,478.98041355903973,0.04882893856474411
9257.0,407.6551583713557,476.64117376389055,0.06542301449939292
9258.0,406.477002367566,474.6250558139554,0.06950944005174489
9259.0,405.2915462825901,473.5587762990801,0.07704009206734092
9260.0,405.2132741925108,473.1289538036228,0.09618644122957211
9261.0,406.21574496509317,473.03746999609655,0.1340665621240201
9262.0,407.2971565617314,473.72580197843945,0.16587565437872245
9263.0,408.1439162232868,474.53345971111474,0.18324405332102248
9264.0,408.5898323515624,474.95452305242395,0.17826224674009958
9265.0,408.55893037634695,475.4724164088999,0.17352391650648044
9266.0,408.5117699246108,476.87669843579465,0.17811639419302439
9267.0,408.8045759420273,477.9925101709055,0.1979301462614281
9268.0,408.96717039004176,477.9429558147424,0.22130304888081645
9269.0,409.42993730625005,477.21682363441386,0.25247263386890256
9270.0,409.8628159804513,478.3914849898711,0.2950695426652417
9271.0,409.80649006046565,481.5464521573887,0.3586615903043045
9272.0,409.8456232384153,484.3927382788468,0.43679342309418
9273.0,410.63329854182143,485.5818284212305,0.49381352916656907
9274.0,411.88401728649075,485.1733877563111,0.517275869270345
9275.0,413.1520555150523,483.902955824936,0.5290475362807715
9276.0,414.43181383713846,482.79408157387587,0.5243719761542088
9277.0,415.5587955051209,482.8095846688193,0.48471790222392264
9278.0,415.8349552224424,483.6757043803392,0.43815464779490004
9279.0,415.60148537287193,483.86443625385516,0.41345224072635045
9280.0,415.7451290960205,482.81760218423665,0.41897239521179297
9281.0,415.8837788498265,481.3564489029592,0.45785604801337215
9282.0,415.49667660303265,480.120787861752,0.5342058199678225
9283.0,414.53720164444934,478.60586844186014,0.6529708058078882
9284.0,413.422716801025,476.5982252880899,0.7613118118137859
9285.0,412.9305404282455,475.0231012377095,0.8101063114880837
9286.0,412.784057891934,473.92440712564843,0.7931544488889961
9287.0,411.9834737032185,473.20394908199216,0.73732189695025
9288.0,411.0337622458497,473.0537608903607,0.6741508050115971
9289.0,410.3204696693207,472.9490866383262,0.6075365345836901
9290.0,408.28336264768575,472.86939145620244,0.5493618897340402
9291.0,405.3729035897827,473.01172685742586,0.49869653391656016
9292.0,401.66239123554845,473.1758947644679,0.46851303467521427
9293.0,398.6156047212864,473.12751472364994,0.4986910115691365
9294.0,396.6260930937012,472.8866819441384,0.5571029135012929
9295.0,395.8885683663097,471.97953854961264,0.6254156160067728
9296.0,396.62102462183447,469.83410464759635,0.7140212651048843
9297.0,397.47751860918953,468.75781008297486,0.7718294040007685
9298.0,397.9288751372058,469.02662876319164,0.8560565854102279
9299.0,398.317828292122,469.2287205108376,1.0176941457965585
9300.0,398.2773387307689,470.0775902280199,1.1990482141123604
9301.0,397.910967880216,470.5759539923664,1.3860377152390608
9302.0,397.03806475814474,470.6647032686833,1.5638957115425856
9303.0,395.0920107023928,470.89791272124074,1.68244283128522
9304.0,392.39684350478365,471.2583314152979,1.7316393405365826
9305.0,389.43427655355663,471.4007103214604,1.7763177487802042
9306.0,386.89089586505264,471.09121955156877,1.8496282609079522
9307.0,384.5865994701313,471.3257412774289,1.91441714441513
9308.0,382.7185614379554,472.35153362904015,1.8984521593548902
9309.0,382.2633408480426,472.8992494515853,1.865172462711449
9310.0,382.6970883948418,473.1336965185905,1.8963733978347876
9311.0,383.2770489022854,472.9230484085642,1.9428257953301795
9312.0,383.9273475630275,472.57343721144326,1.9483137515640103
9313.0,384.52064385010016,471.9990730837222,1.9390102142232413
9314.0,384.4543801659682,472.7578385277834,1.9628474294145652
9315.0,383.20405976529804,475.02226953993136,2.0272877682716737
9316.0,381.40807202265967,477.49746461149425,2.1166667068609972
9317.0,380.1383745933337,479.5547794255663,2.153067101328889
9318.0,379.7094428184852,481.0025800737118,2.12337640847376
9319.0,381.35232661217714,481.01273673048667,2.0710568186542226
9320.0,384.13979266574023,479.95359017053147,2.0205171174561025
9321.0,387.03019669219725,479.3580963612739,1.8860449571555906
9322.0,389.0674328561227,479.63946690259246,1.716936956222748
9323.0,389.47337984348883,481.7754851966927,1.5970475832425104
9324.0,389.07611062965157,485.7172406639605,1.532686191330362
9325.0,388.8412562949872,489.2224564599542,1.44292588474225
9326.0,388.55858529478354,491.4967699810404,1.356896093828969
9327.0,388.2700075543599,493.39856676314355,1.3641265204613928
9328.0,387.1364358760577,496.1712925219577,1.4395468196605459
9329.0,385.94795816832067,499.22021372001427,1.4954493129759225
9330.0,385.2767780109084,501.8091768208794,1.4366870756581926
9331.0,385.58215657979105,501.9858985078481,1.38465395505424
9332.0,386.5206144958639,501.14037669137554,1.3546393035994728
9333.0,386.9849117601332,501.4339076548369,1.2944303265565158
9334.0,387.1979703971723,503.8454951332886,1.2189433607669828
9335.0,387.690390314822,506.45948766716293,1.1686119805160167
9336.0,388.454867860526,507.253906299912,1.1640315970967616
9337.0,389.6605228473341,507.66804207072977,1.175945330046617
9338.0,390.95488347485366,508.95019389689884,1.1541025277738897
9339.0,391.5151118821195,511.5289450244719,1.0794051753869478
9340.0,393.0332569714063,513.8781141071134,1.0065138531626896
9341.0,395.3436548200654,513.8548891953625,0.9587417136437449
9342.0,397.66970584147197,513.6662227316173,0.9348977371812102
9343.0,399.9926344339075,514.9777116734466,0.9297323383271642
9344.0,401.81020380252005,517.9225144493957,0.932241750481289
9345.0,403.99351133423943,520.8534587084603,0.9501107960535128
9346.0,406.8810802528646,523.4246347981273,1.0131999344255889
9347.0,409.90748834712934,526.5510106003566,1.107714802937696
9348.0,412.0383056412929,530.0933513989388,1.1702842515824328
9349.0,413.2833114316688,533.2198084060325,1.1861146321032103
9350.0,414.1807909630822,534.3814397761871,1.2002515821328037
9351.0,414.421966110975,533.9711390306653,1.197308807846245
9352.0,413.9371973534515,533.1065268036682,1.1818452880693266
9353.0,413.2467799533256,533.3091381242109,1.2511743259657218
9354.0,413.10338071654814,534.2016273853491,1.4670265634040387
9355.0,413.20659804581214,535.3269336400277,1.727649279024533
9356.0,413.3037841746307,536.234165133957,1.923350315222884
9357.0,412.45776698420747,536.929954036176,2.0727367522620535
9358.0,410.3514248202666,538.8964375458631,2.1890992435690406
9359.0,407.60484486393784,541.9138350809745,2.271640958029032
9360.0,404.2782050297048,544.0932815315718,2.378090699341165
9361.0,400.89317044000853,544.5222637361006,2.60941797538249
9362.0,398.40152534960345,544.2791485702769,2.908180252251563
9363.0,396.57098729889054,544.6252688338693,3.200607337722257
9364.0,394.77419734552217,544.8656438540163,3.4259203201086725
9365.0,393.0604391933836,543.8049437208854,3.538481717767563
9366.0,391.90822821458556,541.6373027682785,3.5177717901303125
9367.0,391.37283716958626,539.5766068153685,3.445441575966605
9368.0,390.87964570893047,539.1242819737381,3.3696414677852227
9369.0,389.67116742096493,539.7822629729746,3.3250446279008403
9370.0,388.3127392684171,539.8797716020878,3.2311266117209105
9371.0,387.4695520053788,538.9832025047785,3.0331563137287283
9372.0,387.26882704119197,537.2464586320788,2.875045286537223
9373.0,387.4882947839784,534.3022648033316,2.7644002340700737
9374.0,387.55951777572466,530.5264784727914,2.6652139844838563
9375.0,387.23537636230253,528.1672578600686,2.5363077756862613
9376.0,386.25574910493066,528.4513397965918,2.3490712595307204
9377.0,385.5847438559029,530.5039799202374,2.1136461223913283
9378.0,385.7545361325964,531.9859050257298,1.900844324837432
9379.0,386.29180684233154,532.2044015795757,1.8039460032457253
9380.0,386.3837791452678,531.8455491730181,1.815279913044098
9381.0,386.26668472174555,530.754582868719,1.8180455651406404
9382.0,385.681454828014,528.7237030469323,1.8604106691384388
9383.0,384.3455442384493,527.0169738600622,2.03688839387208
9384.0,383.5552124825426,525.1963237594521,2.2729122751428865
9385.0,382.9881607603406,523.7560650320918,2.5203627879815027
9386.0,382.23162809995046,524.0157791679142,2.67489786663225
9387.0,381.8610311561949,526.4108885612056,2.6851711023416893
9388.0,381.7808993691673,529.7681838159472,2.641833910831925
9389.0,382.2712776478699,531.287205052078,2.660187715847076
9390.0,383.33420117048644,529.224404433323,2.7494008671954275
9391.0,385.7804024966249,526.5074091027906,2.7669168593870404
9392.0,388.4506055479901,524.9486161588113,2.7001097564491454
9393.0,390.7791542616964,524.2023638150653,2.6684562640226406
9394.0,392.38435204302783,524.8108943724021,2.72624315572921
9395.0,393.2197830120448,526.59106574365,2.82183887429234
9396.0,393.08956059020653,528.8601793602624,2.9663356153003027
9397.0,392.1314243054493,530.3165077715439,3.199178281677596
9398.0,391.44047193883824,530.355793451723,3.404172823004803
9399.0,391.6061322220372,529.0360853153617,3.4667976245371457
9400.0,391.6004072734835,526.6845353521861,3.405870803650023
9401.0,391.1225005398976,524.2248547304745,3.304072334311348
9402.0,392.0387704209641,522.7684315112481,3.23591996527569
9403.0,394.7315419018329,523.0789555735515,3.259467571248194
9404.0,398.14515927133994,524.0230522458801,3.4119253299156522
9405.0,401.3416002494523,524.9961357602743,3.594493763061601
9406.0,403.95331838021275,525.5867947506416,3.7319173464887525
9407.0,405.46230614287106,525.9186339697645,3.8194883002452538
9408.0,406.66469727286403,525.3136249280681,3.8463705913398916
9409.0,407.53661378880315,523.4503052197829,3.8004998750869268
9410.0,407.8971124592887,520.7607024054913,3.7738583286924112
9411.0,407.8997957657584,518.6087141823801,3.891780242116202
9412.0,408.4652156809017,516.4139385076159,4.0557900683166075
9413.0,409.47378920411484,514.512220798871,4.116035364098131
9414.0,410.6429317408944,513.4266442369402,4.002709218586295
9415.0,412.4112885812693,513.6796663198654,3.862079350654065
9416.0,412.8151293990421,514.3410533765053,3.857344668073512
9417.0,411.78389348422854,513.5507161149749,4.031048056163939
9418.0,410.8832187109855,511.10026077830986,4.24073996605249
9419.0,410.1173931069465,507.580614641271,4.328841265887296
9420.0,409.29533635722333,505.9052070772396,4.219343119569761
9421.0,409.6999200993239,505.89147829794837,3.8815889789760196
9422.0,410.84514394697305,506.0985512284749,3.501078191509248
9423.0,411.3085167569211,505.8114575137561,3.22328629041169
9424.0,410.48961683722916,505.16218754210325,3.0751648317067444
9425.0,410.15516882989823,504.3245293232411,2.981283652165148
9426.0,410.1695010942657,503.65527000020285,2.870694542680008
9427.0,409.0344233174323,503.0699959366086,2.749139120748896
9428.0,406.52847371537854,501.71466163222493,2.639048270438449
9429.0,403.43914913226394,499.86296726862184,2.5580805519280037
9430.0,401.69669983807825,498.2323114484583,2.484953695249488
9431.0,401.7409690469204,497.83665847948765,2.4796142364832283
9432.0,402.8408931378171,497.3381722885511,2.5759502396424243
9433.0,403.86451201427354,496.62071467363114,2.72523737773849
9434.0,404.9512573426326,496.2309251192512,2.8325856050236906
9435.0,405.66783391423854,495.95576748934485,2.846341940436881
9436.0,405.8797320704238,496.0118972114328,2.8346335140962604
9437.0,405.86614903978796,495.7979748113276,2.789061457936756
9438.0,405.8165089064641,495.5102048686234,2.6535222146493314
9439.0,405.8633962786256,495.955693998135,2.587040727689681
9440.0,405.26330419924057,497.46634351447864,2.7735190890866446
9441.0,405.51954944200503,499.5236054316116,3.0523519457334225
9442.0,407.72606231555915,501.79215302707894,3.2056785447751746
9443.0,410.6976585939394,503.1472298891431,3.209554731189921
9444.0,412.8183514103754,503.974439686575,3.1802174181752885
9445.0,413.19982902142556,505.57571832102025,3.1398702386304107
9446.0,412.15050758893443,507.6256747408909,3.07800743151001
9447.0,411.28493992039824,509.27058575679047,3.094432880364
9448.0,411.2499634699552,509.1749196071011,3.2600912944158438
9449.0,412.2867584947116,507.70483711123444,3.489118812833256
9450.0,413.5292654988527,507.02328797062876,3.6258838016311303
9451.0,414.2137295968291,507.48742813943795,3.6825777720790964
9452.0,415.14022768759503,508.44250929845856,3.587254712744404
9453.0,416.05169895895415,507.91050308657657,3.273578937995834
9454.0,416.7426891013076,505.85966292002615,2.826463836177722
9455.0,418.5465372730908,503.5846619270024,2.424662120838676
9456.0,421.6617521527849,502.2252258680004,2.240892235521
9457.0,425.40495619570066,502.0624469069049,2.2187013487551366
9458.0,428.52200610965275,503.1404476918978,2.213056851880623
9459.0,430.395711470496,505.10031711850274,2.07224621783162
9460.0,431.08229114820415,506.85226056342856,1.8029815907522502
9461.0,431.14235257024643,507.93966891928636,1.500112675235357
9462.0,430.36889397403644,509.42304960146026,1.2706319622625344
9463.0,428.7937207314915,510.4805774745212,1.0333180946585028
9464.0,426.4882360262224,510.78311960962213,0.768378418589681
9465.0,424.15306939253827,509.9226916154716,0.5312603983062544
9466.0,422.45146158873837,508.3408180790174,0.36800791592863374
9467.0,421.8226475727637,506.80555718310995,0.2541463712836625
9468.0,422.6909625094833,506.40732907152653,0.17573858356465963
9469.0,423.97036425930247,507.2261276779026,0.1358420389130025
9470.0,425.0413203738262,508.5151655118654,0.11110023582168041
9471.0,425.6483635032574,509.73044615300404,0.0823233331513849
9472.0,425.953490769242,509.80683313714786,0.04399676149140251
9473.0,426.8059319291527,508.9231737827478,0.012877571954772103
9474.0,427.7797103804333,507.6907418993991,3.253675680999925e-07
9475.0,428.60538128625416,507.7032666106846,0.014101477000129597
9476.0,428.3947103643293,508.68548851249255,0.061912556883075585
9477.0,427.81753640095025,509.9533771305404,0.15069601019330556
9478.0,428.5705354778419,510.6766979887963,0.2743885552816321
9479.0,429.45139706017943,510.41745681924556,0.38661713339599363
9480.0,429.11574046757886,509.8262751121957,0.4709699579817001
9481.0,426.55234427978684,510.1883054842477,0.5358656808905408
9482.0,424.0801967855128,510.7797440028029,0.5866072828645265
9483.0,423.141510026606,510.64425975354294,0.6369766989072398
9484.0,424.0154846878122,509.8189237594843,0.6902336081929401
9485.0,426.5532059293767,509.1474020777367,0.7628428271083875
9486.0,429.11829920165553,509.0391005761701,0.8590995086639642
9487.0,431.3187056886033,509.7407694091237,0.9445681505698816
9488.0,432.6669280989972,510.88295953537914,1.0037766189954407
9489.0,433.3639608159431,512.4514264648477,1.04330331065284
9490.0,433.6598881293945,514.1410174152547,1.0850351599930441
9491.0,433.45446542111114,515.6831981200128,1.1596867307317507
9492.0,433.58428973543164,517.1698407979649,1.2717518345400625
9493.0,434.6439661841578,518.3569962486466,1.3665050288531237
9494.0,436.53193005839694,518.9860368227262,1.4060232914677608
9495.0,439.42327278108604,518.7704609664571,1.415640911414268
9496.0,443.0678687956872,518.3119204002978,1.4334733641151503
9497.0,446.1325664321652,517.5073686632411,1.4355371112465602
9498.0,448.6514873679786,515.8136889666383,1.4193390784896325
9499.0,450.17785567819976,515.2308731902199,1.394013243808224
9500.0,449.79690965322436,517.0616125560852,1.4002140362809599
9501.0,449.1866469543688,520.6180796454029,1.4678797174839393
9502.0,449.16822360222835,524.3144096804873,1.5102959814809995
9503.0,450.1268797834823,528.8476764468271,1.4764752763069398
9504.0,450.37711373026144,534.0299514270163,1.3920993758282119
9505.0,449.70356268458664,538.9739379629337,1.2894008785100521
9506.0,448.8633394519435,542.6198160684578,1.2123189860308166
9507.0,448.68515243755405,544.6748699311703,1.1965038627662758
9508.0,448.4200753162108,546.1686748042638,1.2592580128155555
9509.0,447.3409666785846,547.3664541781651,1.3763435694228898
9510.0,445.59301738073896,547.6720004666884,1.4942088061011554
9511.0,444.2968513695101,545.3426517087854,1.632281971694568
9512.0,443.6194509228822,542.0127420037456,1.74198607258624
9513.0,442.45438790477607,541.5178648091356,1.8310824994345007
9514.0,440.66424788993925,544.9084125602822,1.8713057793071042
9515.0,438.38532906102546,549.1757579103904,1.8459668323115044
9516.0,436.1476301676107,550.9350431309106,1.76541950774281
9517.0,433.6552184556122,550.2032601607182,1.7027625746103023
9518.0,431.63560956241344,547.8950704485516,1.6465733937903377
9519.0,430.3062391214937,545.7991620300375,1.5876723752248383
9520.0,429.58406568470525,545.3783518379695,1.5168776266035395
9521.0,428.91743817209687,547.0559303018384,1.4762351331173884
9522.0,427.90463472928195,549.6043328758691,1.4612274909225045
9523.0,427.07477010194594,552.3672552433287,1.4655106188092173
9524.0,427.1538898399965,555.262940534081,1.483553889870553
9525.0,427.4321658128747,558.194034370146,1.5028845294180477
9526.0,426.7196895685569,559.6989880855839,1.4884160308431649
9527.0,425.1749536180684,560.6022814071199,1.4158285026142465
9528.0,424.46141862283446,562.4100878047168,1.3045096606207687
9529.0,425.1504506725076,564.4407726482215,1.1905831607139408
9530.0,426.5869096682211,565.2143059424211,1.1677444255826177
9531.0,427.8740127634934,564.8647451231826,1.2088458033730578
9532.0,428.69386749331403,564.4515925512638,1.2411369918443587
9533.0,429.03550051553555,563.5688151693311,1.2526468497793848
9534.0,428.5787657826931,563.280079340586,1.2861564763327922
9535.0,427.6415266899019,564.2153872084847,1.3284846853208099
9536.0,426.32447099854664,565.1259971388223,1.3612896247416488
9537.0,423.8542296215585,566.2387170085257,1.3614769868063716
9538.0,422.37883601334045,568.2235586258178,1.3513729329553488
9539.0,423.4452075204378,571.9980021971712,1.2637445190297663
9540.0,426.98995241571896,575.2620982391932,1.0769974364009172
9541.0,430.40730564730075,577.0232601304676,0.8798523482198025
9542.0,432.33664401099634,576.2707954998655,0.7340554840453443
9543.0,433.7281785250016,573.692896609222,0.6344394587317266
9544.0,433.5951096874998,570.7539681598709,0.5538085756275856
9545.0,432.77491099575184,568.1834161319032,0.5009822556009998
9546.0,431.9105788103272,566.1173350995185,0.46323831641617685
9547.0,432.13726702638166,565.8694297510644,0.4172008778205921
9548.0,434.12503850370285,568.8004919098809,0.3534914980432802
9549.0,436.62508508816506,573.3253903032916,0.31171693451714555
9550.0,438.48305681656825,578.0056016970186,0.2859396593502276
9551.0,439.27053747424065,581.7205461103488,0.25631821320386405
9552.0,438.785174852736,584.0155404863258,0.20896244280080997
9553.0,437.33320666717316,584.0006183046505,0.15367325133924
9554.0,436.14408529956273,581.742671055022,0.09968142316932252
9555.0,435.5188973937738,578.6372984808681,0.05627439115061759
9556.0,436.0814324371538,576.2754348393652,0.0290901098207329
9557.0,437.65350487923547,575.8257314232169,0.0158579568894244
9558.0,439.760616214994,576.5229620080813,0.01101385181961
9559.0,441.89097262424065,577.8485596527383,0.008389909652602499
9560.0,443.7565103645986,579.0862630846266,0.00888458941561
9561.0,445.0371938457278,580.1013239629676,0.0143113321148004
9562.0,445.5904213905638,579.8587068717009,0.0302489699157361
9563.0,446.4191801994008,579.0150838164445,0.0557094858562449
9564.0,447.48938737070944,577.6334968021704,0.07860786960390251
9565.0,448.15769394225015,575.8237296478438,0.08587350826891241
9566.0,447.9485765994425,573.7982451979486,0.07502178519110249
9567.0,448.0958474241777,572.8297425762081,0.0685378419951289
9568.0,449.19685786920735,573.4874437432287,0.09005325187478758
9569.0,451.2151140365112,575.074181122109,0.15077479318728998
9570.0,452.96277311466844,576.869873132065,0.2139074710017424
9571.0,455.4666466183932,577.577147082121,0.22924365613248163
9572.0,458.99395513087643,577.702410604634,0.2113920759031236
9573.0,462.6125627855744,577.884416006932,0.1819191312616441
9574.0,465.84068814897927,578.9816217019245,0.16769557354225
9575.0,467.5693032795968,581.3364179178714,0.15578187748393693
9576.0,469.2772027866876,584.3570656907797,0.1505196035484736
9577.0,470.74885771991063,587.0361799092233,0.1576346313619984
9578.0,472.60293498740657,589.6057544205894,0.1723272379683856
9579.0,474.15003097818607,592.0029070193891,0.16469550522976356
9580.0,475.43471486851166,593.1268949539551,0.1409762715895249
9581.0,476.59844665577106,592.199395572806,0.08806844435635838
9582.0,478.1093984386552,591.6988359119744,0.04350813191116089
9583.0,479.7592171803785,593.1172896976801,0.020873334802644895
9584.0,480.84444307251687,595.5659010952859,0.0125600188708201
9585.0,480.7227867276705,597.8418734612989,0.010439822582702497
9586.0,480.4252683797466,599.9778745592488,0.011918001564159997
9587.0,480.60838947311663,602.8319964211402,0.012125927674484099
9588.0,480.22009356587756,605.1617377452477,0.014578055837744398
9589.0,479.20194835541037,605.7527005053595,0.0180805807424025
9590.0,478.90207936968574,605.1279874593715,0.012825673485240099
9591.0,479.16413864006944,605.4665026476936,0.0006061842850560997
9592.0,479.65339977376385,606.8148002600934,0.0049791694280329
9593.0,479.7145484129097,609.5358020917585,0.018929238733944895
9594.0,478.59038835753165,612.8619630806429,0.033955576630752105
9595.0,477.02909622515784,615.5053022436435,0.05646043200512161
9596.0,475.9914284407483,617.3665050318817,0.07649361446354411
9597.0,475.3162005942805,618.8858780845338,0.08531761378540412
9598.0,474.46768148336014,620.1586499567924,0.0880040822292324
9599.0,472.9927772892243,620.9348363074373,0.08855922482456038
9600.0,470.1211675608539,621.8206994970757,0.08783468492648891
9601.0,466.4277365910478,623.5364223285333,0.07048313477956
9602.0,463.65863480672004,626.3079465746205,0.05303546461249
9603.0,462.6865951823949,629.2885761217874,0.03476634709816961
9604.0,463.05528590705956,631.205635965254,0.026018461019712107
9605.0,463.7600535002015,630.8540873097744,0.028307389504000004
9606.0,464.6985678855833,629.3118532883726,0.03476032851508841
9607.0,466.3541807518908,628.8260761888789,0.0374002258583044
9608.0,467.61481764856285,630.2041117435903,0.029317192448569594
9609.0,467.67100688845005,632.9532796456876,0.018010616989249602
9610.0,466.9514585250769,635.5971374002726,0.011171705719764105
9611.0,466.2428354559428,637.8837957135552,0.0107289738421776
9612.0,466.2698439424184,639.2009107283351,0.017806647266402506
9613.0,466.17386415081836,639.9309528290895,0.030505616074444904
9614.0,466.22162652574946,639.7737566865004,0.0409098276487684
9615.0,466.59347930457847,638.2599739445416,0.0348526259024164
9616.0,467.27316563328463,636.3683206104273,0.017954625186316898
9617.0,468.091657336059,635.1279192908268,0.005725685571427603
9618.0,468.7022228293049,633.9893817069088,0.0016152851321721013
9619.0,470.48564354520187,632.5351520222673,7.985013009210003e-05
9620.0,473.5679622681835,631.3481864393175,0.0001630744324036
9621.0,476.9794612325515,631.1934389187622,0.00014955357722409976
9622.0,480.1220219271642,631.0790680727551,0.00011734370620090014
9623.0,481.8453578890445,630.5461581573145,0.002208997180000899
9624.0,482.7823320302488,629.5444579421584,0.0102158887887424
9625.0,483.4861223123949,627.8236780790744,0.0161195322697984
9626.0,483.56894837667744,625.6985635874249,0.013326672966264098
9627.0,482.9785980842889,623.8457164409213,0.007237338763502499
9628.0,481.6604408540551,622.6838617837003,0.0053465563360224995
9629.0,479.5135309714467,621.9299159547268,0.006165451645752099
9630.0,477.0677520761949,622.2932120438302,0.007080458438611599
9631.0,474.69231865024057,623.1030465614305,0.00621949895044
9632.0,471.78744486543934,623.2311957414214,0.007715855059203598
9633.0,467.46305346747505,621.9947602978069,0.010526361915763598
9634.0,463.82784499163705,621.19946675466,0.012891774409802501
9635.0,462.70306479115305,622.373422876793,0.0160955630075241
9636.0,463.30672322928245,624.1686171630096,0.0190633828894441
9637.0,463.8050792954684,626.1118465417516,0.0162426180090409
9638.0,463.8345429179513,627.4979328923101,0.0133261581034404
9639.0,464.1767864415585,628.9565183737708,0.018801057977302495
9640.0,465.1880893806295,630.0988812305994,0.03353856740774439
9641.0,466.2732271840389,630.8411738197524,0.057722095032892905
9642.0,466.7639962776954,631.1764153069743,0.07960641610228811
9643.0,466.95671818500415,631.0861919874695,0.0922663284889129
9644.0,467.0999591440208,630.8343968899491,0.0916070344355716
9645.0,467.8630174165968,630.7184241516392,0.0746382290720004
9646.0,469.3665812844651,631.1478902175709,0.06162281957151359
9647.0,470.3521208493446,630.3099470586191,0.06861381567891209
9648.0,470.1091612930407,628.1625551118802,0.08695238615360999
9649.0,469.7043050403453,625.285119509839,0.11154201919806489
9650.0,469.88132755335414,623.5964228975449,0.13065171226421757
9651.0,471.02110142778264,623.2209812680088,0.14125417969372087
9652.0,472.8372725043766,624.4021490387297,0.14403111149477613
9653.0,474.509111411223,627.0624727157915,0.1600309134930496
9654.0,474.4294325721972,629.9064276011244,0.1825231316871076
9655.0,472.4204300723123,632.3933995661542,0.1922082821649225
9656.0,470.14357342632724,634.6551832507577,0.20580322194915998
9657.0,467.9670230789666,638.2832107957003,0.22143655782461158
9658.0,466.47537028611197,641.4366336223565,0.21818400748492411
9659.0,464.85306543418,642.9473947133903,0.20434432943005212
9660.0,462.514091249179,643.8477957572346,0.2094807677126761
9661.0,460.03089796692825,645.6386557358927,0.23470833222504361
9662.0,458.9000609085496,647.1969372235022,0.25787566797316
9663.0,459.83457531951416,646.8803636445267,0.2597101593838756
9664.0,461.9526215733673,646.2964194933268,0.24467210305642811
9665.0,463.59037596833207,646.3294232232147,0.2359199937987216
9666.0,463.72368704714995,647.3167766731211,0.23673452244583837
9667.0,462.7500480010858,648.7930304979144,0.2582891133911104
9668.0,461.234479115085,650.6025796711357,0.2832883486575921
9669.0,459.48735243746717,651.8069423919308,0.2895128465734404
9670.0,457.94900089404376,651.6299033916739,0.26997555549255836
9671.0,456.8591837709308,650.8844217792683,0.24015767646332248
9672.0,456.97958139202063,650.8539215083691,0.24471859185215997
9673.0,458.52651582070473,651.9536581487097,0.2720491492705561
9674.0,461.73051038634867,651.8882519428015,0.2980624944010001
9675.0,465.9636561353671,650.8908493984163,0.3132795043276129
9676.0,469.70466047207947,650.4114877550123,0.3351880930675761
9677.0,471.82124456879626,650.86786686442,0.3627407768041226
9678.0,472.19457755749,651.6045394584357,0.39087516504001
9679.0,471.98989756389904,652.7350977739192,0.40449192961024005
9680.0,471.27767561083135,653.9210242311458,0.40386088550025
9681.0,470.1609484436723,655.1967374652108,0.41399791827289
9682.0,468.9181783962882,655.4280470782676,0.4244942858207076
9683.0,467.9088597307691,653.3326413163412,0.4136784799536963
9684.0,467.67549509750677,649.8655765039576,0.36416831652496
9685.0,468.7158357206883,645.4938169494992,0.29274492805044633
9686.0,471.001591048401,643.0767939559934,0.2489225035073956
9687.0,474.0099097136875,641.7689935589474,0.2658148377730757
9688.0,476.9057571751108,640.1770896101164,0.35876890629770414
9689.0,478.5821391237209,638.7445145392732,0.4696502346985023
9690.0,479.87483120055396,638.530436492553,0.523757799685877
9691.0,480.2167990320963,639.4629150493118,0.5034700861051876
9692.0,478.9923653713115,640.961424471623,0.4661754600823848
9693.0,477.4418505560718,643.5354006614402,0.4315634891154064
9694.0,475.7778900977422,646.2438872864175,0.40455235156249003
9695.0,473.6686790791238,649.8697664516292,0.38773911242274
9696.0,471.87872213587184,654.7900815899395,0.38800646557272245
9697.0,471.2906255111793,660.4793504769276,0.45294103331992347
9698.0,472.6263329936491,665.3591027286203,0.545427905025428
9699.0,474.90207986702336,667.5842929117929,0.6378280698211322
9700.0,476.3193965401724,667.2124551014996,0.6805613444884163
9701.0,476.82545722940887,665.8364159553868,0.6274384738908194
9702.0,476.7714391643122,663.9689335313567,0.5308763937400226
9703.0,476.11211983124116,662.3837776019878,0.4401971117411903
9704.0,475.0746483053319,661.787828996264,0.396636943001616
9705.0,473.25682053123023,660.9353835837917,0.40170681323190255
9706.0,470.89854159273426,660.0460243802215,0.44150893880073216
9707.0,468.4975601116359,659.6579928671878,0.4750235881022025
9708.0,468.6365707586371,659.5390128553897,0.46844764172652253
9709.0,471.77290516189595,659.4548557511769,0.4788147862245136
9710.0,474.83421251422567,659.504754190431,0.5279877417445225
9711.0,476.1690097450241,659.4735436262762,0.6275620808441856
9712.0,475.6635061169592,658.7667772614788,0.7114213808948403
9713.0,475.0198694769453,659.173656931581,0.7559272351493777
9714.0,476.0486174759038,661.5858107508532,0.7607883827097855
9715.0,478.80942552080165,664.3982003157076,0.7582451473116527
9716.0,480.67965738070086,666.7280401624771,0.7942412365165368
9717.0,480.31123351961634,669.0894886263959,0.8872167526689856
9718.0,480.4392937594146,670.9599020334997,1.0430406378268322
9719.0,481.82697675586195,673.6246928834199,1.1703429506112102
9720.0,483.81611682872176,676.8852381004926,1.2048676619063299
9721.0,485.2514216292028,679.4646514589083,1.1917493712591074
9722.0,485.76434486547754,681.6979636911367,1.2054597710338624
9723.0,485.6233996357839,684.1952358715932,1.23068850668328
9724.0,486.06822741765956,686.0971272704229,1.2376346230944786
9725.0,488.28592787259635,688.2237067204884,1.218529352215829
9726.0,490.80706672472274,691.0154075516364,1.1954031796905027
9727.0,491.3820771592026,695.6715062477166,1.188374325233189
9728.0,489.6782271606274,700.9822487555307,1.1883865782791023
9729.0,487.4656982288077,706.2550981295143,1.21443287257161
9730.0,485.53787127879116,710.878684417495,1.2618497994439746
9731.0,484.3649946666207,715.2542881309193,1.3018085018693326
9732.0,482.72370553938777,719.3687000363972,1.4007478766708021
9733.0,480.6549694990563,722.8085364103575,1.5201347802712517
9734.0,478.9206567343699,725.316020517018,1.57387838975761
9735.0,477.6205632568456,726.9381097586198,1.5984126925152404
9736.0,476.899327165415,728.1186765697865,1.608033455061108
9737.0,476.2874801345333,729.199719717127,1.5679462626310923
9738.0,476.13701633297495,730.9258529195378,1.4955894344958436
9739.0,476.2540314957879,733.1105498322844,1.4290380616064398
9740.0,476.29481652250695,734.9610533758679,1.380277997306429
9741.0,476.0520229194659,736.9820988322583,1.360592258344718
9742.0,476.41959920350376,739.22540497113,1.414573712883761
9743.0,477.9691371180279,742.7051099114386,1.526445646424928
9744.0,480.0079805608684,745.6140671100704,1.65088701089751
9745.0,482.0758922191665,745.7029188993407,1.6863098605704037
9746.0,483.6237640249142,742.6115491749459,1.63857613273344
9747.0,484.1206150335196,738.9195365542428,1.6146786424840036
9748.0,482.5068899975978,735.8882481286847,1.674494696354382
9749.0,478.7314501429441,733.0207625615043,1.758234443405549
9750.0,474.7334851579285,729.9066517438044,1.8402458361346918
9751.0,471.87482638240004,726.7501227456175,1.92978362028891
9752.0,469.9014741372556,723.2088028511948,1.9620493233995238
9753.0,468.291763136898,719.4262157082655,1.9339183808375235
9754.0,467.11144625597024,716.119483959991,1.8606971954390625
9755.0,466.2698612170445,714.1190806747235,1.7952263202435135
9756.0,465.5574541559666,713.9012080541924,1.7671381623195
9757.0,464.33345033285246,715.4879726956441,1.7965756524959997
9758.0,462.8214620400901,719.7911002180954,1.8646697229468094
9759.0,462.55702882560655,724.6991628281926,1.9566957977455246
9760.0,463.58573601733906,728.1081168169883,2.0260716593940735
9761.0,464.0467729058411,731.6662469570609,2.049406780204505
9762.0,462.9823145007878,736.8046631550819,2.123131171996049
9763.0,461.36964926451793,741.1589451999598,2.2071090653476926
9764.0,460.70639411896843,743.6012455176173,2.285547131602812
9765.0,461.45283330230654,744.9497863764589,2.3285081125061
9766.0,463.00105989134664,745.9977883316737,2.3838808486389795
9767.0,464.3295005199246,746.4446734140706,2.4713960987908514
9768.0,464.3410664298222,744.817660373949,2.51508680294235
9769.0,463.34700602916126,742.2619623703351,2.46272885431056
9770.0,461.66629555408093,740.6565728077408,2.2976774095399053
9771.0,460.3405447005245,740.6813087335735,2.0836345970088006
9772.0,458.9478459603149,741.7595169074434,1.912631052738902
9773.0,456.9031153528632,743.0260430438664,1.8396944643103565
9774.0,455.18295295049097,743.4723241147169,1.8899500177555206
9775.0,455.57803941724376,742.7530845571907,1.9440048391525473
9776.0,458.2315107867312,742.863494210466,1.9002056767810704
9777.0,461.3295139415959,743.7214098172125,1.7897461380583235
9778.0,464.0276543733393,745.9734330177021,1.692314297761836
9779.0,466.016857685837,748.7911486685093,1.6365093713367875
9780.0,466.08434327853905,751.2692731402464,1.6073907789463056
9781.0,464.2813357020824,753.1261718149368,1.6035134613127744
9782.0,462.8831973325315,755.1400406251283,1.6305923383233203
9783.0,463.14916005257226,757.3677591650709,1.6617550390810083
9784.0,463.45420231362255,759.7533674621037,1.6831958244613368
9785.0,463.96477012193486,760.5335426804215,1.7208674883421922
9786.0,465.33514276760263,760.5974362059181,1.8270475812968971
9787.0,467.9362075926222,761.0093496488525,1.998325236358542
9788.0,470.62992192696345,760.857203924692,2.155005062841602
9789.0,471.65177125144663,759.3548326471439,2.1994412177537424
9790.0,470.66483951208875,756.9919646980901,2.1587487202922477
9791.0,469.1324535430979,755.278814002765,2.0600729139670677
9792.0,467.9050266897894,753.7055871353789,1.9541723303057792
9793.0,467.2755966282793,752.9043350298654,1.825716929314265
9794.0,466.89127577580905,752.9667317436549,1.6827800137884121
9795.0,467.0252356329675,754.273779846205,1.5641311754952896
9796.0,468.414685387811,754.9891905894597,1.505097642242124
9797.0,470.93896254869975,754.3703399279698,1.5034189072352253
9798.0,473.90518850129405,752.7030266967649,1.5083683884922496
9799.0,476.44695891567164,751.4163953302053,1.5135798973693226
9800.0,478.30029466742326,751.4892614166558,1.4965468829565487
9801.0,479.2175652950199,751.9104584048636,1.5153881559816607
9802.0,479.38901285161137,752.0381809082418,1.5821302713217598
9803.0,479.640652605748,751.6005843893179,1.6580502484089998
9804.0,480.3082998477938,751.4360986390445,1.7093984383921221
9805.0,481.1940376033013,750.4971265908548,1.7261522118804542
9806.0,482.28412340297245,749.3868280923095,1.7123709645753646
9807.0,483.36989641135494,748.8227183566927,1.696897725931073
9808.0,483.9148452658506,750.4487468948304,1.7075666573123236
9809.0,484.3562626953393,753.3996011492254,1.7156765293274892
9810.0,485.11377665713803,755.9394930791228,1.6583366348016402
9811.0,485.77012466859964,758.0026955928766,1.494062442103141
9812.0,486.07603163013715,759.5168546964223,1.3050118900471692
9813.0,486.1289497147903,761.6365584812612,1.1819994912039997
9814.0,486.0576991717513,765.4345366742833,1.1819628311716996
9815.0,486.115289105139,770.37612357589,1.2688736970758436
9816.0,486.83180499392523,773.3896080472236,1.3993994956511087
9817.0,488.28877974045804,775.0889467998126,1.5379218216376573
9818.0,489.7683720212063,776.6518960387775,1.6474491325470022
9819.0,490.3697952895083,778.9101995481703,1.7051947050274814
9820.0,490.3623597063639,781.4632874349189,1.650960506192526
9821.0,490.6225221500003,783.6735534290168,1.5198944409432
9822.0,491.46229710432715,785.771717021238,1.39468352747584
9823.0,491.8468674534595,788.0761540321748,1.3770831689560967
9824.0,490.88774266249925,790.1279482397746,1.4716219456301474
9825.0,490.2466089999255,790.6441902386084,1.5930726797622288
9826.0,490.69098664586863,789.4770465131043,1.6934666139027166
9827.0,491.35217369953017,786.0825427331649,1.7524737898147087
9828.0,491.40321464078727,783.4188870823954,1.740185427322374
9829.0,490.6833563540242,783.8858671940962,1.6206534508692543
9830.0,488.48198235201227,786.0757773801447,1.487414915446364
9831.0,485.72868998862646,787.432926561966,1.4271818607890085
9832.0,483.11342445237926,787.0644145452114,1.4572663380640367
9833.0,480.63828515949734,785.1056789214063,1.5158119734675852
9834.0,478.3089403855736,781.4383666089734,1.5337863668284641
9835.0,475.646333305297,777.694961174154,1.454588707728156
9836.0,473.4343466630041,775.374179200579,1.28891287910294
9837.0,472.3355695288032,774.4576819581865,1.1119492444592014
9838.0,472.6516886617271,773.9704057651236,1.0170888499777326
9839.0,474.12794660868053,773.3108685917416,1.078085932506089
9840.0,476.1274895223569,772.9553770858324,1.2285104584152482
9841.0,478.73701597637364,773.5922146459129,1.3475262192502009
9842.0,481.56219766458827,774.3890380447777,1.370452023461825
9843.0,484.16970835390356,772.9727106647188,1.3872534508412175
9844.0,486.31984835985656,769.2268546464919,1.3885225092292224
9845.0,487.9035582469164,765.22730934319,1.3580854655381775
9846.0,489.93073548639126,762.5134426519513,1.2813627595317025
9847.0,491.77497733056003,761.0591963274577,1.1877934027824224
9848.0,492.4485039668177,760.3877663902678,1.07569402035489
9849.0,491.3732435937805,760.5785282083228,0.9595068789354083
9850.0,489.87524351342523,760.6630214208094,0.9080060223422501
9851.0,488.27111446886636,759.3322084653231,0.9592832424316038
9852.0,485.7718684902657,756.7774500860721,1.1207279233055845
9853.0,483.33777191681247,754.6358263115274,1.2920815929834288
9854.0,481.852293544455,753.853688996607,1.4115782357980162
9855.0,481.59357314145853,753.4396139111471,1.4471742335088025
9856.0,482.1016002295238,752.4117476407802,1.4413243123397885
9857.0,481.6184878950316,751.5165664124542,1.3904057121997158
9858.0,479.83809020801596,751.5257747369143,1.3074894513705027
9859.0,476.8774727940964,752.0913161641159,1.2570913236167056
9860.0,474.63955835679843,752.2587704792836,1.2848086026962402
9861.0,473.6330896270804,752.1684834948898,1.370213499534216
9862.0,473.47286137913534,752.0302819174605,1.4215028407518437
9863.0,473.31899596880686,752.435219781644,1.423163606340924
9864.0,473.442108403531,753.514665340102,1.3462784070860645
9865.0,474.10120923158945,755.6400575346825,1.2340050296036842
9866.0,474.0098178368283,757.478059100706,1.1332263138328607
9867.0,473.20480006957183,757.7006176171703,1.0987175377993983
9868.0,472.3384096384335,756.1652314255749,1.0999382088887721
9869.0,471.5609519809157,755.1368293377695,1.1455187147672463
9870.0,470.8904795701221,754.6345082710014,1.217914397518728
9871.0,470.65302415808407,754.7102279668226,1.2799381602459903
9872.0,471.5637068074615,755.6942352947785,1.3246368264465425
9873.0,473.5896005260887,757.490266399386,1.3332670811824223
9874.0,475.28174791680624,759.9389315953623,1.3272206080013722
9875.0,475.691971705594,762.6295149545907,1.3298249426897293
9876.0,475.01782554868134,765.6464960074985,1.3084350309054025
9877.0,474.8226081705615,768.4309441789809,1.1960526929269635
9878.0,475.3615584681633,770.2719568111136,1.0193365021142418
9879.0,475.11618624531593,772.0772295329684,0.9011316640482024
9880.0,473.25648594759184,773.6941701524436,0.8876790139124959
9881.0,471.1489856061962,774.4749038016646,0.9274723713004691
9882.0,471.4106560989239,774.527642505187,0.9682952816784014
9883.0,473.7925047840125,775.4094192475162,0.984231476565048
9884.0,476.19332596330264,776.7879174301007,0.9584810806790209
9885.0,477.93547732302136,778.0519418949478,0.901429230791513
9886.0,478.6294408295218,779.788947720668,0.855435034045236
9887.0,477.87554306817685,781.1491628074406,0.7910027610448898
9888.0,476.9978745957665,780.0632588688941,0.7043921437493329
9889.0,476.9385359610062,777.2844412958979,0.6309613245089475
9890.0,477.79312867493775,774.8311225301638,0.6374442685771448
9891.0,478.6471723520834,774.1407311559848,0.7369366772040258
9892.0,478.94798355684,774.2562292201828,0.8640262997590223
9893.0,478.4911375632864,774.0607660313899,0.9376910125795808
9894.0,476.8647171446311,773.8585982535262,0.8716919029971365
9895.0,474.8792841414735,774.4495375211077,0.7335465821307555
9896.0,473.3379398869408,776.3390766020152,0.5957988579008066
9897.0,472.9641259497893,778.3020843085105,0.5136231702930063
9898.0,473.5036197055324,779.0685563523242,0.4898836809039481
9899.0,474.3464516766849,779.5748145901065,0.5108636885623441
9900.0,474.900340411368,778.7289882632277,0.5345343049093609
9901.0,475.513030575502,776.7221707748279,0.5425422150226223
9902.0,476.69319062971334,774.2107258008637,0.49544547771005437
9903.0,477.6409253412052,771.0827950915494,0.43257966856825203
9904.0,478.4503478513624,767.552649496909,0.3951690637400676
9905.0,478.7835713113444,764.573406709394,0.3488985504493226
9906.0,479.4681422911209,762.6050741091676,0.32663831091984
9907.0,479.5390501281408,760.1836838677553,0.3294627292536335
9908.0,478.91279156508796,756.3872031724802,0.3641684251484161
9909.0,477.96195268854046,752.4403004771863,0.4112774130475395
9910.0,478.03829815716034,748.8248801636523,0.4272277714451569
9911.0,479.4228468452638,745.076497624636,0.3970210196236816
9912.0,481.44990354158756,740.5773612952271,0.383065679929
9913.0,483.9235824965785,735.3195232794396,0.4105548598448025
9914.0,486.5312500520225,730.0046162707257,0.4550877234836101
9915.0,489.19037693896416,726.1419650267602,0.49781357303690243
9916.0,490.8906459872775,723.7049439741661,0.5249860922693776
9917.0,490.0022086747621,722.2156593266748,0.5425162289801402
9918.0,486.785967561683,720.7257018583717,0.5475941836154448
9919.0,483.62274846040077,719.6908933865526,0.5890332405747
9920.0,483.079202005925,719.0825618438818,0.6460458110150626
9921.0,484.8677513540896,718.6917469547897,0.6868987319457315
9922.0,487.7448552823783,717.7769417149316,0.66806772478681
9923.0,490.4352883424569,717.3877931803967,0.5857128044079376
9924.0,493.17738894276596,717.2354967168822,0.5182344276227002
9925.0,495.8545249267975,716.2903518690016,0.478732238424944
9926.0,496.7648546315106,715.298464946036,0.45633509295512414
9927.0,495.62180794849706,714.275013653776,0.44006877877823997
9928.0,494.22892385535124,712.5914713253928,0.43402803356864167
9929.0,495.56678175781184,710.3573516695458,0.4478716438243368
9930.0,499.3334208039457,707.7751693917962,0.4484165912127226
9931.0,503.3851601498367,704.9229441792327,0.42486227277316
9932.0,507.04936680039486,702.6500299320772,0.3952308222472995
9933.0,510.8861275375508,701.3048798306552,0.37217624170500013
9934.0,513.112639634105,700.2921568414213,0.3410947787022399
9935.0,512.1628082468045,699.5160275712113,0.2883873656924099
9936.0,510.0182333130238,698.738310153393,0.2568802575422736
9937.0,510.28928993213896,698.9017320567752,0.26590276043775996
9938.0,513.3196951740081,698.9850409672543,0.2926537125960484
9939.0,516.4408263188634,698.3406284794743,0.29956125127317207
9940.0,518.2735582509448,697.072968593332,0.2856571440291409
9941.0,518.6383030846081,694.9884287104894,0.2632864593233809
9942.0,518.1059726551233,692.2879550008176,0.2260697049116944
9943.0,517.0924702790693,689.0999162079128,0.1750132836798921
9944.0,515.1255039601145,686.410077306098,0.12783067556690558
9945.0,513.0557973992691,684.3213577426932,0.1012039800880329
9946.0,511.7311044822849,681.9750449027597,0.08275195193563209
9947.0,512.2925075580065,678.209317110134,0.059431331004576385
9948.0,514.2664074117833,673.469236230359,0.0338869153743201
9949.0,517.0277629417802,669.0522808380997,0.0210167677059921
9950.0,520.2753029622265,666.6519109546264,0.024078743722492902
9951.0,523.4238235277052,666.5954245396672,0.03748842171533289
9952.0,524.4118704736678,666.4022727085922,0.0515838214533184
9953.0,521.7095021444362,664.2359595506778,0.06177948860303999
9954.0,517.8794291580066,660.8349128032561,0.0690267428789481
9955.0,516.8301273679632,656.9387882893504,0.07607043899569
9956.0,519.94488757023,653.8858991690765,0.08247211116897639
9957.0,524.3953129588357,651.320519181806,0.09063641309979241
9958.0,528.288584384415,649.5803685764581,0.09757552918747239
9959.0,530.7091342552775,647.5881001758858,0.0985516932987136
9960.0,531.122078075709,645.5511095287405,0.10115557350412961
9961.0,529.4906926971059,644.9776210789003,0.12059018823056039
9962.0,526.9600194534072,644.8433465840027,0.1504881254254401
9963.0,525.3670622420221,643.4443652338589,0.18137492427782248
9964.0,525.9306940007417,640.0688686024063,0.21255927394308008
9965.0,527.9325708151589,636.1733071729149,0.24348921150798758
9966.0,529.9695184517476,633.1544796014797,0.26002710570796095
9967.0,531.4490025288409,630.4439166428306,0.25381979038419605
9968.0,533.310851662317,628.5725692611393,0.2174915376736144
9969.0,536.1863628343949,627.7586187917613,0.17302925223362253
9970.0,539.3867987816014,627.0708905990383,0.12851578991118007
9971.0,541.3751816069725,626.2257508974992,0.09571976506093209
9972.0,541.205508033529,626.0863706706552,0.07986086093928961
9973.0,540.1119294142426,626.2096682531638,0.0797809004633169
9974.0,538.7522882869894,624.9229423752976,0.08655587593444002
9975.0,538.3887923457064,622.1085659143945,0.10293316580736007
9976.0,539.1086482363454,619.48026261445,0.1216866804769924
9977.0,539.4655361827267,617.3265722994639,0.11505997775220642
9978.0,539.5835489933751,614.36369360523,0.0959747636282436
9979.0,539.5168454436036,610.940997155131,0.07672491707431688
9980.0,540.3027450123343,608.0763774228702,0.0640687927970596
9981.0,542.1421976780669,606.7094582086934,0.059673739494768105
9982.0,544.1182548938331,606.223893200126,0.051138476453712396
9983.0,544.0356225968522,605.1367207518805,0.04671131670656009
9984.0,542.089977698802,602.1135318460433,0.056751493669518385
9985.0,541.14856341252,598.6471055147562,0.06933637965672039
9986.0,542.7590166995523,597.9032534038773,0.04928174450580639
9987.0,545.5701070606385,598.9602790216982,0.0178413509551104
9988.0,546.6746293430411,598.7740577181468,0.0018816430759680993
9989.0,546.2531746203641,596.6091703504533,0.002441957857468901
9990.0,545.9268844324325,592.9663006148844,0.019403899372494395
9991.0,546.9427388488322,589.6931493097946,0.03462626881782251
9992.0,549.2631551968597,586.842386106417,0.0401622522032484
9993.0,551.4500434623832,584.5192848562356,0.055989899897422514
9994.0,552.0762137842426,583.4469760424454,0.08189361230436
9995.0,552.9798243150813,582.6024957620592,0.11273659071129001
9996.0,554.8884602276986,581.390077524211,0.150727968169
9997.0,557.2534560284993,581.1948202203062,0.17314883868786493
9998.0,561.512592966498,582.1069836873498,0.20257431081615357
9999.0,567.0609426231572,583.6482431530876,0.24475431969678005
