Tau,dtime,msd_xx,msd_xy,msd_xz,msd_yy,msd_yz,msd_zz,pred_msd_xx,pred_msd_yy,pred_msd_zz,xx_error,yy_error,zz_error
1.0,0.01,0.2782397349965694,0.022704261461433936,0.00022007303013717926,0.17536046305609598,0.0007036589957981149,0.002989172518557851,0.9119276486616734,0.48043082351871547,0.6825702199203538,-0.633687913665104,-0.3050703604626195,-0.6795810474017959
2.0,0.02,0.45337299920533586,0.03478213081065797,-0.0002592498346169432,0.2811038740449261,0.0014520177855217625,0.008529284339709736,1.0658046245647184,0.581556142068228,0.6869620468463444,-0.6124316253593824,-0.30045226802330194,-0.6784327625066346
3.0,0.03,0.6967652774141286,0.03439224542574613,-0.0005173111782376005,0.3849271274753504,0.0021347808642665027,0.01577157173188177,1.219681600467763,0.6826814606177405,0.6913538737723349,-0.5229163230536344,-0.2977543331423901,-0.6755823020404531
4.0,0.04,0.8425918169741615,0.005684177546623128,-0.0012528204636450516,0.49598965842020554,0.0028847116746161037,0.02392135202550752,1.373558576370808,0.7838067791672529,0.6957457006983255,-0.5309667593966465,-0.2878171207470474,-0.671824348672818
5.0,0.05,1.0558637642620439,-0.06478073019185342,-0.0027206732676881996,0.6233958897029226,0.003886667173979337,0.032617065834868134,1.527435552273853,0.8849320977167654,0.7001375276243161,-0.4715717880118091,-0.2615362080138428,-0.667520461789448
6.0,0.06,1.328680312414735,0.09711994005222059,-0.00039146124236331037,0.6966842245713281,0.0039263170254940855,0.04154395438062201,1.681312528176898,0.9860574162662779,0.7045293545503067,-0.35263221576216286,-0.2893731916949498,-0.6629854001696848
7.0,0.07,1.473527301434326,-0.05584290495103618,-0.005138970839703156,0.7194437704871147,0.003575413478065075,0.05063123351386915,1.8351895040799429,1.0871827348157903,0.7089211814762972,-0.3616622026456169,-0.3677389643286756,-0.6582899479624281
8.0,0.08,1.5906349851171555,0.007281053426837232,-0.0016030579701275098,0.8233513303275293,0.002818084440723661,0.06060583211915344,1.9890664799829878,1.188308053365303,0.7133130084022878,-0.3984314948658323,-0.3649567230377737,-0.6527071762831343
9.0,0.09,1.8955934509384325,-0.11739930429551532,-0.00712809502335767,0.970995812359575,0.005006102809934143,0.07047525450015188,2.1429434558860327,1.2894333719148152,0.7177048353282784,-0.2473500049476003,-0.3184375595552402,-0.6472295808281265
10.0,0.1,2.0610836525890575,-0.08907317032967872,-0.008027020492390723,1.169638870179854,0.004454109602809531,0.08109348969192173,2.2968204317890777,1.390558690464328,0.722096662254269,-0.23573677920002023,-0.220919820284474,-0.6410031725623473
11.0,0.11,2.3700825429332535,0.012869292055915912,-0.010437556251040172,1.2824099011508006,0.0013545647949036966,0.0919215674481196,2.4506974076921226,1.4916840090138401,0.7264884891802595,-0.08061486475886914,-0.20927410786303957,-0.6345669217321399
12.0,0.12,2.4646266283727662,0.23087395746440195,0.011239693689214113,1.1824089171124301,0.008348168997972171,0.10443879117115762,2.6045743835951676,1.5928093275633528,0.7308803161062501,-0.13994775522240133,-0.4104004104509227,-0.6264415249350925
13.0,0.13,3.0966098404283393,0.1423724980572892,-0.01052119364153691,1.472881635682456,0.007524992757970952,0.11733282631467197,2.7584513594982125,1.6939346461128655,0.7352721430322408,0.3381584809301268,-0.2210530104304096,-0.6179393167175687
14.0,0.14,3.042961657650738,-0.1197821258528357,-0.007537972936610723,1.394789189808556,0.004293581724017016,0.1294141836105486,2.9123283354012575,1.7950599646623777,0.7396639699582314,0.13063332224948043,-0.4002707748538217,-0.6102497863476828
15.0,0.15,3.1671260571535456,-0.21282769332231252,-0.01051412706115606,1.5748517910975637,0.009596425482741052,0.1396321259655661,3.0662053113043024,1.8961852832118904,0.7440557968842219,0.10092074584924315,-0.3213334921143267,-0.6044236709186558
16.0,0.16,3.301760892171792,0.3024105134004773,0.01688253587670612,1.6606536759227783,0.013234434153806101,0.1535403680082809,3.2200822872073473,1.9973106017614026,0.7484476238102125,0.08167860496444446,-0.3366569258386243,-0.5949072558019316
17.0,0.17,2.8522934487646356,0.24969808355939294,0.0031005815895372812,2.1572189924624543,0.005491835688890562,0.16671712386680074,3.3739592631103923,2.0984359203109153,0.7528394507362031,-0.5216658143457567,0.058783072151538995,-0.5861223268694024
18.0,0.18,2.955296941787073,0.19431922172284932,0.0030061855156105453,1.8133890330614943,0.006634207384174446,0.17865216373573126,3.5278362390134363,2.1995612388604275,0.7572312776621937,-0.5725392972263634,-0.3861722057989332,-0.5785791139264624
19.0,0.19,2.995804901775471,0.1967773917266109,-0.0015276888526436691,1.9109332934190097,0.0069324560566054435,0.18989729561429122,3.681713214916482,2.30068655740994,0.7616231045881843,-0.6859083131410113,-0.38975326399093047,-0.571725808973893
20.0,0.2,3.2918432506300843,0.20570801154857896,0.0010154963402864428,2.3601509395776503,0.012671239509366574,0.20400088484857692,3.835590190819527,2.4018118759594524,0.7660149315141748,-0.5437469401894428,-0.04166093638180213,-0.5620140466655978
21.0,0.21,4.3295424726350795,-0.18498351766136487,-0.024255615200589397,2.1364347023501606,0.0025351116174658276,0.21451093271799146,3.989467166722571,2.502937194508965,0.7704067584401654,0.34007530591250834,-0.3665024921588045,-0.5558958257221739
22.0,0.22,3.6914286787096273,0.32754179950041495,-0.003848005571263828,2.411554408257598,0.005235210168559033,0.22931294650668815,4.143344142625616,2.6040625130584774,0.774798585366156,-0.4519154639159888,-0.1925081048008792,-0.5454856388594678
23.0,0.23,3.7447467923798685,0.2310947220005261,0.007390533471648238,2.3083732314278493,0.019367263930434114,0.24087954774481848,4.297221118528662,2.70518783160799,0.7791904122921466,-0.5524743261487934,-0.3968146001801407,-0.5383108645473281
24.0,0.24,5.0041892995225625,0.44352671407078376,0.02668466345254124,2.4205069704288342,0.021088182761109884,0.2563079863512821,4.451098094431706,2.8063131501575023,0.7835822392181371,0.5530912050908565,-0.38580617972866804,-0.527274252866855
25.0,0.25,4.13262700256428,0.27812670184609556,0.007079019921473235,2.5226512284157936,0.017464465203516646,0.2654113563874114,4.604975070334751,2.907438468707015,0.7879740661441277,-0.4723480677704712,-0.38478724029122136,-0.5225627097567163
26.0,0.26,5.695826070468336,0.030024241401730302,-0.006958626001864816,2.882646666011688,0.01688788025050562,0.27788042161071536,4.758852046237796,3.0085637872565276,0.7923658930701183,0.9369740242305404,-0.12591712124483978,-0.5144854714594029
27.0,0.27,5.484722796561549,-0.24215226648926505,-0.02965646052118548,2.7790906809252807,0.006724776167161381,0.2888577853919966,4.912729022140841,3.1096891058060403,0.7967577199961089,0.571993774420708,-0.33059842488075963,-0.5078999346041123
28.0,0.28,4.940137826127121,0.26718020846599655,-0.007515836108088989,2.8195731257133136,0.01864681618627037,0.3124631348169068,5.066605998043886,3.2108144243555525,0.8011495469220995,-0.1264681719167644,-0.3912412986422389,-0.4886864121051927
29.0,0.29,6.196668630860698,-0.25208355527261656,-0.008472842702731917,3.0763328497007323,0.018060651799870195,0.31882971248874575,5.22048297394693,3.3119397429050648,0.80554137384809,0.9761856569137679,-0.23560689320433248,-0.48671166135934424
30.0,0.3,6.251087277059633,-0.2731044202738026,-0.024392860769760053,3.091604537148101,0.020503239018786076,0.3253643604046751,5.374359949849976,3.4130650614545774,0.8099332007740806,0.8767273272096574,-0.32146052430647654,-0.4845688403694055
31.0,0.31,6.298376386976929,-0.319341503229435,-0.028196934086968533,3.733641064337709,0.005490180520905696,0.33969968512108406,5.528236925753021,3.5141903800040897,0.8143250277000712,0.7701394612239083,0.21945068433361925,-0.47462534257898714
32.0,0.32,5.2773098074153655,0.33661768327510927,-0.007453833745284859,3.25073555953698,0.028293561983752873,0.3522353537693088,5.682113901656066,3.6153156985536024,0.8187168546260617,-0.4048040942407001,-0.36458013901662234,-0.4664815008567529
33.0,0.33,5.449467386383041,0.2768575914779043,0.010746534186494494,3.401145858508855,0.015044231865810694,0.36392598077367405,5.8359908775591105,3.716441017103115,0.8231086815520523,-0.3865234911760691,-0.31529515859425983,-0.45918270077837825
34.0,0.34,5.806096005244188,0.5047175176327037,-0.007183161443251954,4.372333579081644,-0.01770991011337368,0.3788399018432667,5.9898678534621554,3.8175663356526277,0.8275005084780429,-0.1837718482179671,0.5547672434290165,-0.4486606066347762
35.0,0.35,7.127797992493913,-0.352866999974747,-0.050799463727173075,3.7287520338144837,0.02069091409065457,0.39276065995135906,6.1437448293651995,3.9186916542021395,0.8318923354040335,0.9840531631287135,-0.18993962038765577,-0.43913167545267445
36.0,0.36,5.784480374127894,0.1312714952699033,0.009052626102374946,3.660675901656963,0.033419729069014734,0.4059125632578761,6.297621805268244,4.019816972751652,0.8362841623300241,-0.5131414311403502,-0.35914107109468896,-0.430371599072148
37.0,0.37,6.105833456649898,0.3582855896957812,-0.005160696211314112,3.752915406124726,0.024623507941778457,0.4202700323624026,6.451498781171289,4.120942291301165,0.8406759892560146,-0.3456653245213914,-0.3680268851764388,-0.420405956893612
38.0,0.38,6.253561948200652,0.38523094914835704,0.032374019948563,3.8621003677269115,-0.0014496698078893123,0.42064963442560255,6.605375757074335,4.2220676098506775,0.8450678161820052,-0.3518138088736835,-0.3599672421237661,-0.42441818175640267
39.0,0.39,7.100825819157659,0.8115385295803343,0.0029680344387123282,4.3027514271274425,0.01995850471341667,0.4422129145495444,6.75925273297738,4.32319292840019,0.8494596431079958,0.34157308618027926,-0.020441501272747686,-0.4072467285584514
40.0,0.4,6.636541849047271,0.4062091358870978,-0.0006832303717509277,4.013308751141612,0.03778195406679567,0.4587850469868903,6.913129708880425,4.424318246949702,0.8538514700339864,-0.27658785983315415,-0.41100949580808965,-0.3950664230470961
41.0,0.41,6.764822911938676,0.42724753554444084,-0.0015156517109941841,4.150143595499772,-0.0038839783112603124,0.45917547279557,7.067006684783469,4.525443565499215,0.8582432969599769,-0.3021837728447929,-0.3752999699994426,-0.3990678241644069
42.0,0.42,8.813903873415736,-0.6048143527815413,-0.03445258270107106,4.341352695467614,0.01018585036915807,0.4684790733029286,7.220883660686514,4.626568884048727,0.8626351238859675,1.593020212729222,-0.28521618858111353,-0.39415605058303893
43.0,0.43,7.074851625534363,0.42067982255149955,0.021641738255782344,4.32672480332996,-0.0052760118539602234,0.4827937041890207,7.374760636589559,4.727694202598239,0.8670269508119581,-0.2999090110551963,-0.4009693992682788,-0.38423324662293745
44.0,0.44,7.041139840464457,0.2084392555476741,0.006141954976150821,4.650526963088247,0.019010455335692185,0.48461860535827983,7.528637612492604,4.828819521147752,0.8714187777379487,-0.4874977720281466,-0.17829255805950517,-0.3868001723796689
45.0,0.45,7.7165229294153646,0.2005732736843041,0.023579562407573935,4.702501624221189,0.03552851978435807,0.5059072909127096,7.682514588395649,4.9299448396972645,0.8758106046639393,0.034008341019715616,-0.22744321547607527,-0.36990331375122976
46.0,0.46,7.657098979106073,0.4296049422641201,0.024157600928026695,4.609863734932154,0.007694724996802276,0.5164870826049441,7.836391564298695,5.031070158246777,0.8802024315899298,-0.1792925851926217,-0.4212064233146231,-0.3637153489849857
47.0,0.47,7.55323194922134,0.22366965793706417,0.040187051323325555,4.723894529281816,0.030647864620826148,0.5302629114917708,7.990268540201739,5.132195476796289,0.8845942585159204,-0.4370365909803988,-0.40830094751447277,-0.3543313470241496
48.0,0.48,10.154976541977124,0.6031234537186256,0.05641222645844894,4.796967488520914,0.02670761309071857,0.5467416711286296,8.144145516104784,5.233320795345802,0.888986085441911,2.0108310258723403,-0.4363533068248877,-0.34224441431328145
49.0,0.49,8.754299748965531,0.50825661619375,-0.054052686345801675,4.943786031756259,-0.000967781120709132,0.5526397910463963,8.29802249200783,5.334446113895314,0.8933779123679015,0.4562772569577014,-0.3906600821390551,-0.34073812132150527
50.0,0.5,8.073172703374206,0.22456702725231917,-0.021563714845365234,5.107845267007228,0.02577392709934142,0.5650483497612481,8.451899467910874,5.435571432444827,0.8977697392938921,-0.3787267645366672,-0.3277261654375989,-0.3327213895326441
51.0,0.51,8.776950749304866,0.42042339544032936,-0.012328934740774226,5.359674288666395,0.02331972410353563,0.5844733119296159,8.60577644381392,5.53669675099434,0.9021615662198827,0.17117430549094692,-0.17702246232794483,-0.3176882542902668
52.0,0.52,8.650475758484017,0.5089981863892575,0.009757245797781996,5.201497974954521,0.03149898097402,0.6025108666947946,8.759653419716964,5.637822069543852,0.9065533931458734,-0.10917766123294648,-0.43632409458933097,-0.30404252645107877
53.0,0.53,8.543537105460766,0.5673935550019579,-0.02215184432408421,5.261766453231172,0.0121142849985562,0.6089518100730333,8.91353039562001,5.738947388093365,0.910945220071864,-0.3699932901592433,-0.4771809348621927,-0.3019934099988306
54.0,0.54,8.43803831451614,0.2716812197681693,0.0011081964405226757,5.423200231576464,0.006292694945999665,0.6121104880138111,9.067407371523053,5.840072706642878,0.9153370469978546,-0.6293690570069135,-0.41687247506641345,-0.3032265589840435
55.0,0.55,8.814789435062481,0.254928643480387,0.012942471832232495,5.566371047653729,0.01757075267170537,0.6230477933977485,9.2212843474261,5.9411980251923895,0.9197288739238451,-0.4064949123636179,-0.37482697753866034,-0.29668108052609654
56.0,0.56,9.370263948984796,0.5800190371717431,-0.02502538304310852,5.624760091262263,-0.009829696785365282,0.6824159116566209,9.375161323329143,6.042323343741902,0.9241207008498357,-0.004897374344347227,-0.4175632524796393,-0.2417047891932148
57.0,0.57,9.502264643298451,0.6372315460804204,0.04006159278717622,5.755961913566196,0.008114548300830873,0.6656663658658318,9.529038299232187,6.143448662291414,0.9285125277758262,-0.02677365593373615,-0.3874867487252178,-0.2628461619099943
58.0,0.58,9.411690390659858,0.2240254462451514,0.0093386570469427,5.977164729340968,0.02599937112786459,0.6605340526453827,9.682915275135231,6.244573980840927,0.9329043547018168,-0.2712248844753731,-0.2674092514999584,-0.2723703020564341
59.0,0.59,9.76117270734461,0.3250718791890433,0.0320222583291283,6.264626623367822,0.042558790427239965,0.657071990427492,9.836792251038277,6.345699299390439,0.9372961816278074,-0.07561954369366752,-0.08107267602261725,-0.2802241912003154
60.0,0.6,9.699790440633286,0.6533492859308472,-0.04264366458987218,6.0649101750176415,-0.016104105270951928,0.6819393660686759,9.990669226941323,6.446824617939952,0.941688008553798,-0.29087878630803665,-0.38191444292231047,-0.2597486424851221
61.0,0.61,10.153824810903812,0.23248727192251945,-0.007659689942851095,6.1381719430482535,0.011099037121491316,0.7050606114861072,10.144546202844367,6.547949936489464,0.9460798354797886,0.009278608059444693,-0.40977799344121024,-0.24101922399368136
62.0,0.62,12.868004967200005,-0.9722857119381306,-0.04702992485264258,7.3969452232534465,-0.013717647705323929,0.6992515745666417,10.298423178747413,6.6490752550389765,0.9504716624057792,2.5695817884525916,0.74786996821447,-0.2512200878391375
63.0,0.63,10.189674656961143,0.28680901024577743,-0.011882780841361506,6.398914875036119,-0.00024925122903297924,0.7319850444921566,10.452300154650457,6.750200573588489,0.9548634893317697,-0.26262549768931365,-0.35128569855237046,-0.22287844483961305
64.0,0.64,10.348944762969994,0.6518908613774759,-0.05357916036958079,6.496730700646663,0.02766927034625679,0.7486825276368986,10.606177130553503,6.851325892138002,0.9592553162577603,-0.25723236758350865,-0.354595191491339,-0.2105727886208617
65.0,0.65,10.659353679412789,0.614523989773708,-0.06139241617448154,6.454144828657574,0.0010329919625406132,0.768361668081431,10.760054106456547,6.9524512106875145,0.9636471431837509,-0.10070042704375837,-0.4983063820299405,-0.19528547510231986
66.0,0.66,11.594457584804843,0.8859853095327074,-0.07400911290124661,6.829636443720895,0.007075768472418912,0.7769031792877228,10.913931082359593,7.053576529237027,0.9680389701097414,0.6805265024452503,-0.22394008551613176,-0.1911357908220186
67.0,0.67,13.886876340611128,-1.0179035318245457,-0.09503142365809743,6.837989058654236,-0.012845114629251362,0.7638599983666732,11.067808058262639,7.15470184778654,0.972430797035732,2.819068282348489,-0.3167127891323043,-0.2085707986690588
68.0,0.68,10.933491770449448,0.2662629455465695,-0.009489696684040247,8.481530052141675,-0.02414237728867965,0.7632201590913194,11.221685034165683,7.2558271663360525,0.9768226239617226,-0.2881932637162343,1.2257028858056227,-0.21360246487040324
69.0,0.69,11.144381838226261,0.2794042127430793,-0.04774270846360318,6.977854577556011,0.009710730500422125,0.7678060719365029,11.375562010068727,7.356952484885563,0.9812144508877132,-0.23118017184246575,-0.3790979073295526,-0.21340837895121034
70.0,0.7,14.483240592835072,-0.614522256183639,-0.14819252474925632,7.215623543750866,-0.018077201888722808,0.8403512267701378,11.52943898597177,7.458077803435076,0.9856062778137038,2.9538016068633013,-0.24245425968421053,-0.14525505104356595
71.0,0.71,11.731677344081236,0.34357899292454164,0.05825475737493871,7.10688238810649,0.009773786011890953,0.8407232675850883,11.683315961874817,7.559203121984589,0.9899981047396943,0.04836138220641928,-0.452320733878099,-0.149274837154606
72.0,0.72,11.709123644205226,0.22940009433230554,-0.012660856643533246,7.305146974300932,0.053046317116535055,0.8466958131898329,11.83719293777786,7.6603284405341014,0.9943899316656849,-0.12806929357263463,-0.3551814662331694,-0.147694118475852
73.0,0.73,10.951752976907837,0.816196171714929,-0.07433341917133911,7.412111799582748,0.05322629529072094,0.7921517489878984,11.991069913680906,7.761453759083614,0.9987817585916755,-1.0393169367730692,-0.3493419595008662,-0.2066300096037771
74.0,0.74,12.408727507579828,0.17388462856815212,0.0394246328535049,7.363961851370191,0.047914895838833696,0.8784208666669442,12.14494688958395,7.862579077633127,1.003173585517666,0.26378061799587726,-0.4986172262629358,-0.12475271885072181
75.0,0.75,12.28785017427926,0.8211772546293233,-0.1219875099384751,7.4836755671105575,0.06547373341506653,0.892463587905867,12.298823865486996,7.963704396182639,1.0075654124436566,-0.01097369120773628,-0.4800288290720811,-0.11510182453778961
76.0,0.76,12.679019637675054,0.2601939691017285,0.05033746481348447,7.690422144538487,-0.03688981924703419,0.9122099130289483,12.452700841390042,8.064829714732152,1.0119572393696472,0.22631879628501217,-0.37440757019366533,-0.09974732634069894
77.0,0.77,13.294534968379633,0.7585508955576896,-0.10273412917967044,7.663769411839019,-0.004155740042516482,0.9109998449729669,12.606577817293086,8.165955033281664,1.0163490662956378,0.6879571510865468,-0.5021856214426448,-0.10534922132267088
78.0,0.78,13.846953943766568,1.6188784831544847,-0.020044288610359444,8.645445574613225,0.025490247169019913,0.9265242873208805,12.760454793196132,8.267080351831178,1.0207408932216284,1.086499150570436,0.37836522278204754,-0.09421660590074787
79.0,0.79,12.85481234400694,0.23377397018598667,-0.0016682659950844367,8.00534443653897,0.07576428675909079,0.9533270415857227,12.914331769099176,8.36820567038069,1.025132720147619,-0.059519425092236844,-0.36286123384171987,-0.07180567856189635
80.0,0.8,12.452619860332993,0.847507161387887,-0.00163289494423793,8.07236183177307,-0.02283727399510373,0.9587939909461937,13.068208745002222,8.469330988930201,1.0295245470736096,-0.6155888846692292,-0.3969691571571303,-0.07073055612741597
81.0,0.81,12.209164770915196,0.8918124675771313,-0.06475067619832602,8.33503709623032,0.07671094592393338,0.9363286384019818,13.222085720905266,8.570456307479715,1.0339163739996002,-1.01292094999007,-0.23541921124939513,-0.09758773559761846
82.0,0.82,12.128099432267446,0.2897537589573237,0.014288402684872465,8.419775386016944,-0.017470909908706044,0.9016488899265092,13.37596269680831,8.671581626029226,1.0383082009255906,-1.2478632645408645,-0.25180624001228225,-0.13665931099908146
83.0,0.83,14.138417777339916,0.7149693149615385,0.05591734590507513,8.710203501526935,0.037713784595066115,0.973573027158633,13.529839672711354,8.772706944578738,1.0427000278515812,0.6085781046285614,-0.06250344305180278,-0.06912700069294819
84.0,0.84,15.161917094827105,0.5817627426417097,0.0030712364132489617,8.435309606162562,-0.004857880155469047,0.9931184905130286,13.6837166486144,8.873832263128252,1.0470918547775718,1.4782004462127052,-0.4385226569656897,-0.053973364264543244
85.0,0.85,13.975834029534486,0.9405572058284416,-0.07550017564327158,10.023219209918915,0.045779412427119026,0.9943017180594119,13.837593624517446,8.974957581677764,1.0514836817035624,0.13824040501704005,1.0482616282411517,-0.05718196364415051
86.0,0.86,14.050438140072469,0.9604108725606477,-0.08727118366909226,8.696386832652994,-0.07348064318584914,1.063592056894682,13.99147060042049,9.076082900227275,1.055875508629553,0.058967539651979095,-0.3796960675742813,0.007716548265128909
87.0,0.87,13.942382761349382,0.849582424985299,-0.007186493707352775,9.172251969836426,0.06474334692607248,0.9938544384948659,14.145347576323536,9.177208218776789,1.0602673355555436,-0.20296481497415364,-0.004956248940363395,-0.06641289706067777
88.0,0.88,14.17868074565592,0.3644064156642825,-0.1036076427205706,8.908801156581308,-0.005146987615797635,1.0293393284410495,14.29922455222658,9.2783335373263,1.0646591624815342,-0.12054380657066055,-0.3695323807449924,-0.03531983404048478
89.0,0.89,15.916316487381996,0.7679245258617594,-0.06095801032513502,9.069651930166849,0.02371274171528211,1.016552560859378,14.453101528129626,9.379458855875814,1.0690509894075246,1.4632149592523707,-0.3098069257089655,-0.05249842854814668
90.0,0.9,15.169505733565371,0.2560268170652081,0.05879135041299528,9.241879469762681,-0.015114010228440538,1.0735444346208751,14.60697850403267,9.480584174425326,1.0734428163335155,0.5625272295327015,-0.23870470466264493,0.00010161828735966161
91.0,0.91,14.174825050472633,0.37399980718263254,0.112283549423064,9.288586157227106,0.004180448870516322,1.034019293171585,14.760855479935715,9.58170949297484,1.0778346432595058,-0.5860304294630829,-0.2931233357477332,-0.04381535008792081
92.0,0.92,16.156293001200186,0.7705882416788318,-0.0538089879418375,9.323287119077241,-0.051088742141245196,1.0323109642112602,14.914732455838761,9.682834811524351,1.0822264701854964,1.2415605453614251,-0.3595476924471104,-0.04991550597423622
93.0,0.93,14.811754191785782,0.36469003493254915,0.0038242396829546053,9.460766810445795,0.014036671445792475,1.0953309953557648,15.068609431741805,9.783960130073865,1.086618297111487,-0.2568552399560229,-0.32319331962806963,0.008712698244277783
94.0,0.94,13.918952646944025,0.37043874506429864,-0.0104104925094388,9.413811491950286,-0.008173245276282977,1.129936389655893,15.22248640764485,9.885085448623375,1.0910101240374777,-1.3035337607008248,-0.47127395667308924,0.03892626561841528
95.0,0.95,16.093468198949196,0.35363264663549654,-0.10053623793669254,9.53325995046137,-0.023207480266377038,1.0957025750789207,15.376363383547893,9.986210767172889,1.0954019509634683,0.7171048154013029,-0.45295081671151927,0.000300624115452397
96.0,0.96,16.22101369531403,0.3256296660578909,-0.08662895960889518,9.596034175040192,0.03443911591597827,1.2045374577828853,15.53024035945094,10.0873360857224,1.0997937778894589,0.6907733358630921,-0.49130191068220874,0.10474367989342648
97.0,0.97,21.918049084833928,-0.2744409331376969,-0.07955161596752054,9.97887247123703,-0.09643785129342397,1.099559212773113,15.684117335353983,10.188461404271914,1.1041856048154495,6.233931749479945,-0.20958893303488324,-0.004626392042336391
98.0,0.98,18.71114215758175,0.9766872436523585,-0.11028636570546375,10.136238818335974,0.09388931910887288,1.1463732774966586,15.83799431125703,10.289586722821426,1.1085774317414399,2.8731478463247218,-0.153347904485452,0.03779584575521877
99.0,0.99,17.036279351428576,0.9590754447765705,0.11529523627318836,9.877143871070682,-0.06164126988560298,1.1369020819674285,15.991871287160073,10.39071204137094,1.1129692586674305,1.0444080642685023,-0.5135681703002568,0.02393282329999802
100.0,1.0,16.31913292629113,0.9850355566860721,0.08675266395339999,10.1489657488226,-0.15310744557672665,1.087867936583447,16.14574826306312,10.491837359920451,1.117361085593421,0.17338466322800983,-0.34287161109785025,-0.02949314900997413
101.0,1.01,16.644273967632948,0.9871546994537661,0.09891325616224177,10.4286741583657,0.07340636749365605,1.1113900773643255,16.299625238966165,10.592962678469963,1.1217529125194117,0.3446487286667832,-0.16428852010426276,-0.01036283515508618
102.0,1.02,17.10919601846265,0.9046522898929281,-0.18375275920277062,10.796618311515362,-0.06759765440719215,1.1096708364824768,16.45350221486921,10.694087997019476,1.1261447394454023,0.6556938035934401,0.10253031449588512,-0.016473902962925502
103.0,1.03,16.693597943563685,1.0463357917965568,-0.03197270587358872,10.638619712245477,-0.104799956950513,1.158551270412277,16.607379190772257,10.795213315568988,1.1305365663713929,0.08621875279142799,-0.15659360332351113,0.02801470404088402
104.0,1.04,17.68552098344441,1.082492946724206,-0.08258950501192446,10.586973347503333,-0.003173533681787023,1.2167389474663868,16.7612561666753,10.896338634118502,1.1349283932973835,0.9242648167691101,-0.3093652866151686,0.08181055416900329
105.0,1.05,23.101130314686934,-1.2927463402431494,-0.1558752920468715,10.82362772001571,-0.1257273580772411,1.280955681442966,16.915133142578345,10.997463952668014,1.139320220223374,6.185997172108589,-0.1738362326523042,0.1416354612195918
106.0,1.06,16.009117139823395,0.46999552122932103,-0.09320127489919026,10.638800765864696,-0.04633330431728369,1.1522157580099954,17.06901011848139,11.098589271217527,1.1437120471493647,-1.0598929786579951,-0.4597885053528312,0.008503710860630731
107.0,1.07,16.1485518332014,1.707919609181078,0.13104990085510163,10.737915278144659,-0.019049525895787605,1.2091792958560676,17.222887094384433,11.199714589767039,1.148103874075355,-1.074335261183034,-0.4617993116223804,0.06107542178071257
108.0,1.08,18.805686281245258,0.9652022089466916,-0.18725026936692807,10.956819033333629,-0.09349169415787822,1.1850924629153603,17.37676407028748,11.300839908316552,1.152495701001346,1.4289222109577793,-0.3440208749829239,0.032596761914014394
109.0,1.09,19.903471315043227,0.8556805403200278,-0.12419884916560836,10.73821031133365,-0.025302632777462985,1.2464263426447377,17.530641046190524,11.401965226866064,1.1568875279273363,2.3728302688527023,-0.6637549155324152,0.08953881471740144
110.0,1.1,16.233001713063793,0.5192426797897468,-0.06707957780289374,11.534363714236461,-0.033300208118498334,1.2230222651492872,17.68451802209357,11.503090545415576,1.161279354853327,-1.4515163090297776,0.03127316882088493,0.06174291029596035
111.0,1.11,19.561627208894535,1.8106639939038436,-0.14191888301711486,11.326182422655018,-0.1456748877801322,1.2484528044968064,17.838394997996616,11.60421586396509,1.1656711817793175,1.723232210897919,-0.2780334413100718,0.0827816227174889
112.0,1.12,18.715178862877977,0.3702753914532026,-0.07340805648671005,11.404715011038956,-0.03489958614412665,1.3055453089044813,17.99227197389966,11.705341182514601,1.170063008705308,0.7229068889783186,-0.3006261714756455,0.13548230019917318
113.0,1.13,18.279651509404804,1.0365449102560598,-0.11980538014720497,11.720892092005135,0.059065888647611316,1.2799957508536581,18.1461489498027,11.806466501064111,1.1744548356312987,0.13350255960210333,-0.08557440905897629,0.10554091522235942
114.0,1.14,18.6939001803759,1.2287796921545453,-0.13523863394995417,11.623583628097107,-0.08964242853391222,1.2637757518575985,18.300025925705746,11.907591819613625,1.178846662557289,0.3938742546701519,-0.28400819151651824,0.0849290893003094
115.0,1.15,19.17762677863628,1.0930742606392445,0.03179787631896126,11.725040719189115,0.027089414094391816,1.2841127867529625,18.453902901608792,12.008717138163137,1.18323848948328,0.7237238770274885,-0.2836764189740215,0.10087429726968256
116.0,1.16,18.932100418010517,0.4340968787058531,-0.14290854973969064,11.57907854177078,0.06661719368740883,1.3449873628216393,18.607779877511835,12.10984245671265,1.1876303164092703,0.3243205404986824,-0.5307639149418701,0.15735704641236903
117.0,1.17,19.007851851462814,1.6186621268936379,0.11677371765045115,11.92978677574825,-0.14305250964138647,1.274809525282078,18.76165685341488,12.210967775262162,1.192022143335261,0.2461949980479332,-0.2811809995139125,0.082787381946817
118.0,1.18,20.020053955349756,0.4673295481555844,-0.0011057417561174104,12.684936136215004,0.10588904766584271,1.273730312886815,18.915533829317926,12.312093093811676,1.1964139702612515,1.1045201260318294,0.37284304240332844,0.07731634262556342
119.0,1.19,19.359003808305186,1.3772573417958416,-0.18192072471021156,12.079575498634311,0.05057594215441315,1.3688703057927296,19.069410805220972,12.413218412361188,1.2008057971872421,0.28959300308421376,-0.3336429137268766,0.1680645086054875
120.0,1.2,19.6522860526306,1.1284470852082644,-0.03726527750261372,12.216482834050783,-0.03428875692583838,1.3136205741659714,19.223287781124018,12.514343730910701,1.2051976241132327,0.42899827150658254,-0.2978608968599179,0.10842295005273872
121.0,1.21,20.73919562172578,0.8743165921158959,-0.13685527174538048,13.368938571750661,-0.034908446440791906,1.3071118086788265,19.37716475702706,12.615469049460213,1.209589451039223,1.3620308646987205,0.7534695222904482,0.09752235763960337
122.0,1.22,18.456308842308367,0.6173847443503822,0.044326187061115026,12.082883470725834,-0.05746978416513138,1.2656412962822754,19.531041732930106,12.716594368009725,1.213981277965214,-1.074732890621739,-0.6337108972838905,0.05166001831706146
123.0,1.23,19.985453407696824,1.131974040959624,0.0818757322324865,12.370671265865814,0.07757059574342398,1.3414877727496581,19.684918708833152,12.817719686559238,1.2183731048912043,0.3005346988636717,-0.44704842069342376,0.12311466785845382
124.0,1.24,20.734512484686146,0.9738089213730372,0.17721546061962248,14.708674430668156,-0.010687616819771359,1.3834492416703006,19.838795684736198,12.91884500510875,1.2227649318171951,0.8957167999499482,1.7898294255594056,0.16068430985310544
125.0,1.25,18.903164964597604,1.2160579495535506,0.03539237680347414,12.65502129836266,-0.004941459072461435,1.4018812870279482,19.992672660639244,13.019970323658264,1.2271567587431855,-1.0895076960416397,-0.36494902529560314,0.1747245282847627
126.0,1.26,20.458896261708695,1.9513395914518696,0.10567096545691307,13.147587770572807,-0.18230459405702004,1.3394790484494767,20.146549636542286,13.121095642207775,1.2315485856691761,0.3123466251664091,0.026492128365031675,0.1079304627803006
127.0,1.27,18.992112305540914,1.8227817541856375,-0.14365019030913204,13.1814979306154,0.07806427784330688,1.284641441550792,20.30042661244533,13.222220960757289,1.2359404125951667,-1.3083143069044176,-0.04072303014188883,0.048701028955625336
128.0,1.28,22.401320744146304,2.4802613611856628,-0.4095638639522724,13.346075292585988,0.04243360800830917,1.5066709629553325,20.454303588348377,13.3233462793068,1.2403322395211573,1.9470171557979263,0.022729013279187527,0.2663387234341752
129.0,1.29,20.621781708186376,1.1659039048305153,-0.10764815617888689,13.239331167561746,0.02380659845443674,1.3795868786446837,20.608180564251423,13.424471597856314,1.244724066447148,0.013601143934952376,-0.1851404302945685,0.1348628121975357
130.0,1.3,19.85902405209042,2.21634118125099,0.08667008229000074,13.499953269202807,0.012010813894583014,1.5037166350093336,20.762057540154466,13.525596916405826,1.2491158933731386,-0.9030334880640467,-0.025643647203018816,0.25460074163619506
131.0,1.31,19.7477982897841,1.0333649460258327,-0.006434660021430572,13.346035486152804,0.15628701674453002,1.4377349481997894,20.91593451605751,13.626722234955338,1.2535077202991292,-1.1681362262734112,-0.28068674880253397,0.18422722790066026
132.0,1.32,21.60890456209995,2.027484068023107,0.04124243537830864,13.49102601097164,0.021259704291159,1.4167848434964692,21.069811491960557,13.727847553504851,1.2578995472251195,0.5390930701393941,-0.23682154253321208,0.15888529627134962
133.0,1.33,19.376169128584866,1.3083228811115641,-0.21280647942346084,13.632432367920314,0.07019659597060836,1.509798720319111,21.223688467863603,13.828972872054363,1.2622913741511104,-1.8475193392787368,-0.1965405041340489,0.24750734616800063
134.0,1.34,29.934145055175023,-1.5481462545769529,-0.1256448241170781,13.87518707082236,-0.17479444769302827,1.4943465927914925,21.37756544376665,13.930098190603877,1.2666832010771008,8.556579611408374,-0.05491111978151686,0.22766339171439176
135.0,1.35,23.81914958671686,1.0731670349190072,-0.10632703247855951,13.895162499696374,0.013901192882286252,1.4709657162492094,21.53144241966969,14.031223509153389,1.2710750280030916,2.28770716704717,-0.1360610094570145,0.19989068824611778
136.0,1.36,23.836039495298518,1.327034479857982,-0.2661925674267742,13.871133960209695,0.015161693208333505,1.392716960669734,21.685319395572737,14.132348827702902,1.275466854929082,2.150720099725781,-0.2612148674932069,0.11725010574065209
137.0,1.37,21.904219528075856,1.2646209581646517,-0.11074812782944564,13.912357108751513,-0.18636433943149394,1.4006324583719807,21.839196371475783,14.233474146252414,1.2798586818550726,0.0650231566000734,-0.32111703750090115,0.12077377651690813
138.0,1.38,22.396394265481643,1.2275936329840365,-0.03405959703153099,14.215668443530005,-0.11288932504142506,1.4347912592920866,21.993073347378825,14.334599464801924,1.2842505087810632,0.40332091810281767,-0.11893102127191924,0.15054075051102345
139.0,1.39,21.095399626549717,2.564514060369378,-0.16131148859685698,15.176188693991843,-0.1462717020440585,1.4599974675124188,22.146950323281867,14.435724783351437,1.2886423357070536,-1.05155069673215,0.7404639106404058,0.1713551318053652
140.0,1.4,23.206051449858755,1.7261499445091135,-0.1592766512964786,14.112608222647292,-0.12194653804552218,1.5358110642863996,22.300827299184913,14.53685010190095,1.2930341626330444,0.9052241506738419,-0.42424187925365686,0.2427769016533552
141.0,1.41,22.869739367603575,1.479294891202635,-0.21109873593735154,14.155240206994113,-0.07008168552076503,1.5940601077329317,22.45470427508796,14.637975420450463,1.2974259895590348,0.4150350925156161,-0.4827352134563494,0.29663411817389695
142.0,1.42,22.93652291123683,0.9467602096280993,-0.03766961313982234,14.327744178934436,0.13570221702568017,1.6040655443619782,22.608581250991005,14.739100738999975,1.3018178164850254,0.3279416602458234,-0.41135656006553845,0.30224772787695287
143.0,1.43,25.07291633983546,1.8566334297171327,0.009542245389715542,15.06871157428693,0.016728790752935697,1.4982639550062846,22.76245822689405,14.840226057549486,1.306209643411016,2.310458112941408,0.2284855167374431,0.19205431159526865
144.0,1.44,23.021503165539382,1.1993728272497173,-0.14557542556616151,14.910492386323197,0.029814982166689628,1.5097435357350464,22.916335202797093,14.941351376099,1.3106014703370066,0.10516796274228923,-0.030858989775802925,0.1991420653980398
145.0,1.45,29.775475289891954,-0.7838994092077524,-0.35360740005225155,14.98923353341311,-0.19529159918924857,1.5731339059305818,23.07021217870014,15.042476694648512,1.3149932972629972,6.705263111191815,-0.05324316123540207,0.2581406086675846
146.0,1.46,23.870637938773157,2.3015724390315047,-0.3810439088742022,14.93083197275494,-0.042362076927832615,1.4650897673920364,23.224089154603185,15.143602013198025,1.3193851241889878,0.6465487841699726,-0.21277004044308612,0.14570464320304866
147.0,1.47,25.492804110308615,1.386489219211571,-0.3044677391101302,14.864778691125407,-0.02520520313462443,1.5487441239274784,23.37796613050623,15.244727331747537,1.3237769511149784,2.1148379798023846,-0.3799486406221302,0.2249671728125
148.0,1.48,25.19431168129182,0.4353078807232154,0.1313487520430398,15.087563577757042,0.14181768559482616,1.5588645119452025,23.531843106409273,15.34585265029705,1.3281687780409688,1.6624685748825456,-0.2582890725400091,0.2306957339042337
149.0,1.49,20.416745783660286,2.619439183648585,0.06421733135118939,15.493166716029874,-0.09206434820105569,1.669126055733545,23.68572008231232,15.446977968846562,1.3325606049669596,-3.268974298652033,0.04618874718331156,0.3365654507665854
150.0,1.5,21.474447354214604,0.7944618128989915,-0.0012161342304954322,15.035601761883932,-0.040916680440552015,1.5732938942041887,23.839597058215364,15.548103287396074,1.33695243189295,-2.3651497040007605,-0.5125015255121426,0.23634146231123876
151.0,1.51,24.844231432408534,1.5042270385646501,0.07477071303424848,15.2588960793545,-0.18980140124957917,1.6306197365887931,23.99347403411841,15.649228605945588,1.3413442588189408,0.8507573982901242,-0.39033252659108797,0.2892754777698523
152.0,1.52,24.242429077616972,2.0329229811812524,-0.1693151760744509,15.533608968993446,0.04443454095449076,1.4946221068196164,24.147351010021456,15.7503539244951,1.3457360857449312,0.09507806759551585,-0.21674495550165318,0.14888602107468518
153.0,1.53,25.332371993707756,2.454427722956811,-0.10858111870194859,16.095464601287333,0.0874618325078004,1.5840256591339228,24.3012279859245,15.851479243044613,1.3501279126709218,1.0311440077832579,0.24398535824271939,0.233897746463001
154.0,1.54,25.550744127879486,1.4241748894883648,-0.018491151342787962,15.32124388528336,-0.12758777308885536,1.6534503709351538,24.455104961827544,15.952604561594125,1.3545197395969124,1.0956391660519422,-0.6313606763107646,0.2989306313382414
155.0,1.55,25.42176931276093,0.38703220298837093,-0.12552561260833706,18.705323882282713,-0.11517980839774271,1.6010505422891959,24.60898193773059,16.05372988014364,1.358911566522903,0.8127873750303394,2.651594002139074,0.24213897576629284
156.0,1.56,22.72880396659477,1.533215245271816,0.1114061353937965,16.18720820217716,0.09989184447611701,1.7346327323901642,24.762858913633636,16.154855198693152,1.3633033934488936,-2.0340549470388645,0.03235300348400827,0.3713293389412706
157.0,1.57,24.4839733443856,3.384902345531615,-0.13436956384094986,16.230194779657527,0.09330676786790748,1.5349662917786036,24.916735889536678,16.255980517242666,1.367695220374884,-0.43276254515107837,-0.02578573758513869,0.16727107140371955
158.0,1.58,25.535496507383716,1.4303901798894652,0.12005660412064506,16.247395153988602,-0.24338272801867855,1.7277256583493015,25.070612865439724,16.357105835792176,1.3720870473008748,0.4648836419439917,-0.10971068180357335,0.35563861104842664
159.0,1.59,24.473969666398055,1.4164765037857965,-0.06475973132535115,16.368649315182473,0.016181768843376854,1.5393352995922454,25.22448984134277,16.45823115434169,1.3764788742268652,-0.7505201749447146,-0.0895818391592158,0.16285642536538014
160.0,1.6,24.345686976604465,1.9219892307655044,-0.3063079581336204,16.407045364068406,-0.20997210687151097,1.615809344530485,25.378366817245816,16.5593564728912,1.380870701152856,-1.0326798406413502,-0.15231110882279353,0.23493864337762904
161.0,1.61,24.45840303974572,2.2479051991058454,-0.15713791671622276,16.463104358781646,0.0670860980572884,1.619821021993477,25.53224379314886,16.660481791440713,1.3852625280788464,-1.0738407534031431,-0.19737743265906715,0.23455849391463057
162.0,1.62,26.348466996549252,2.386127814282052,0.043310229637977656,16.742069162586596,0.110962411983309,1.6445934570643057,25.686120769051904,16.761607109990226,1.389654355004837,0.6623462274973484,-0.019537947403630795,0.2549391020594687
163.0,1.63,25.87982399497307,1.566985503976742,-0.009280400164029555,16.922399839995794,-0.09889083568379767,1.6220226551487338,25.839997744954946,16.862732428539736,1.3940461819308276,0.03982625001812323,0.059667411456057806,0.22797647321790615
164.0,1.64,24.35624869955488,1.6928653113924295,-0.44409907883801647,16.541037498228565,-0.21771921220828822,1.5555083216978116,25.993874720857992,16.96385774708925,1.398438008856818,-1.637626021303113,-0.4228202488606847,0.1570703128409936
165.0,1.65,25.42900188322815,1.766009991677942,0.0870741783067801,17.02070914234315,0.09883586704364838,1.7366958641953902,26.147751696761038,17.06498306563876,1.4028298357828088,-0.718749813532888,-0.04427392329560931,0.3338660284125814
166.0,1.66,28.522925769101985,0.4055991735465891,0.07985292876166811,17.02730331290846,-0.30281107546681324,1.7134917080396443,26.30162867266408,17.166108384188274,1.4072216627087992,2.2212970964379046,-0.1388050712798119,0.3062700453308451
167.0,1.67,24.61904651626583,1.8149273874541867,-0.17367987019204134,16.785647632471903,0.04516562360491005,1.6083985935506298,26.455505648567126,17.267233702737787,1.4116134896347898,-1.8364591323012966,-0.48158607026588385,0.19678510391583992
168.0,1.68,30.616625855588268,1.2847399488898934,-0.12326281892919315,17.026297025740845,-0.04574554550591538,1.7841522252799038,26.60938262447017,17.3683590212873,1.4160053165607804,4.007243231118096,-0.3420619955464552,0.36814690871912337
169.0,1.69,24.914068121246217,2.428509619301355,0.20075154891406158,17.433769286242615,-0.14768914964000798,1.824070227948577,26.763259600373217,17.46948433983681,1.420397143486771,-1.8491914791270005,-0.03571505359419547,0.40367308446180594
170.0,1.7,25.979937235267187,1.771096568509291,-0.4392093880482673,20.382830639555767,-0.15061978125899847,1.7308170593404588,26.917136576276263,17.570609658386324,1.4247889704127616,-0.9371993410090766,2.8122209811694425,0.3060280889276972
171.0,1.71,29.151801295372557,2.5541918872282814,0.3217422512052811,17.828629476737273,-0.12819964548460436,1.8512277867543991,27.071013552179306,17.671734976935838,1.4291807973387523,2.0807877431932518,0.15689449980143522,0.4220469894156469
172.0,1.72,26.334919290831103,1.5630934344284004,-0.19682634683071754,17.295927690692515,-0.14264606263595,1.5159108501222975,27.22489052808235,17.772860295485348,1.4335726242647429,-0.8899712372512489,-0.4769326047928324,0.08233822585755468
173.0,1.73,26.12144079189073,1.5657356848048485,-0.16249266504723542,17.3269157986876,0.03583343173863598,1.6978132283969631,27.378767503985397,17.87398561403486,1.4379644511907332,-1.2573267120946667,-0.5470698153472604,0.2598487772062299
174.0,1.74,28.528831202721623,1.659939519658945,-0.3030609977619513,18.914271831900674,0.08856216997474012,1.6593562112061468,27.532644479888443,17.975110932584375,1.442356278116724,0.9961867228331798,0.939160899316299,0.21699993308942278
175.0,1.75,27.175778122361354,1.412225634889962,0.06329873682948224,17.87375318549143,0.07210029320353689,1.7319710663481054,27.686521455791485,18.07623625113389,1.4467481050427144,-0.5107433334301312,-0.20248306564245766,0.28522296130539093
176.0,1.76,25.57331115830611,1.841492584599705,0.10321429924799226,18.191388953198604,0.13258940081618167,1.856217018593475,27.84039843169453,18.1773615696834,1.4511399319687053,-2.2670872733884195,0.014027383515205827,0.4050770866247697
177.0,1.77,29.103868435327694,1.8028844965487196,-0.13704104845660617,19.029723200648554,0.10977731869797662,1.6350468705304704,27.994275407597577,18.278486888232912,1.4555317588946957,1.1095930277301171,0.7512363124156423,0.17951511163577472
178.0,1.78,28.00125123454739,2.286990788167016,0.19785340326892717,18.436366022861783,-0.2530678039372526,1.7803294981248192,28.148152383500623,18.379612206782426,1.4599235858206863,-0.14690114895323347,0.05675381607935748,0.32040591230413296
179.0,1.79,28.970699671939684,1.799136600374926,-0.29659236540708367,18.135183438794307,0.0761952742832068,1.6376387833619472,28.30202935940367,18.48073752533194,1.4643154127466769,0.6686703125360154,-0.3455540865376321,0.17332337061527037
180.0,1.8,27.983753974706417,2.5431352116335564,-0.09144556789817057,18.38523639172099,-0.11046641728762248,1.8349210197999415,28.45590633530671,18.58186284388145,1.4687072396726675,-0.472152360600294,-0.1966264521604586,0.366213780127274
181.0,1.81,27.693671947209477,2.272997118272777,-0.1159347161522789,18.858435511648924,-0.1044507607803817,1.7064242611844502,28.609783311209757,18.682988162430963,1.473099066598658,-0.9161113640002796,0.17544734921796135,0.23332519458579215
182.0,1.82,31.073319382582113,2.4370618611029546,0.03755440919955894,18.5337114377091,-0.020795293205294253,1.9304942562918188,28.763660287112803,18.784113480980476,1.4774908935246485,2.3096590954693106,-0.25040204327137516,0.45300336276717035
183.0,1.83,26.06100809661785,1.3061025099927095,0.1104565426726453,19.382360652319385,0.04407140789432141,1.754658218732137,28.91753726301585,18.885238799529986,1.4818827204506393,-2.8565291663979977,0.49712185278939813,0.2727754982814976
184.0,1.84,29.658943605150373,2.673000706850201,-0.17225827030067895,18.62066750843582,-0.197486995302947,1.8925800407448383,29.071414238918894,18.9863641180795,1.4862745473766297,0.5875293662314789,-0.3656966096436811,0.40630549336820865
185.0,1.85,27.89253717756384,2.890928546032657,-0.5244092574061167,18.690848730588687,-0.0605561522525988,1.6632591900475522,29.225291214821937,19.087489436629014,1.4906663743026205,-1.3327540372580948,-0.3966407060403263,0.17259281574493168
186.0,1.86,28.668528358156074,2.1672794892876666,0.10829903982460856,19.373100673447368,0.037676680939053936,1.7660215825307655,29.379168190724982,19.188614755178527,1.4950582012286109,-0.7106398325689085,0.18448591826884098,0.2709633813021546
187.0,1.87,30.466166345318115,2.278580904530062,-0.1758637313505234,20.42823688152264,-0.006679117311705838,1.7354817115876355,29.53304516662803,19.289740073728037,1.4994500281546015,0.9331211786900866,1.1384968077946027,0.23603168343303405
188.0,1.88,28.630113492904098,1.38416739286719,-0.02566095386678396,19.213324892462936,0.056101205307412035,1.8506270159430922,29.68692214253107,19.390865392277547,1.503841855080592,-1.0568086496269729,-0.1775404998146115,0.3467851608625001
189.0,1.89,31.082170979780603,2.6928242281064203,-0.3723983702574598,19.903056845178998,-0.04005692287140799,1.863870547053351,29.840799118434113,19.49199071082706,1.5082336820065825,1.2413718613464901,0.4110661343519375,0.3556368650467685
190.0,1.9,27.659576991822334,0.9461486843582388,0.26835845221767124,19.10605736538081,-0.13152998910205896,1.8229035241821459,29.99467609433716,19.593116029376574,1.5126255089325733,-2.3350991025148247,-0.48705866399576436,0.31027801524957255
191.0,1.91,30.5071151686659,2.1471436201703105,-0.35268817151633003,19.85166588095736,-0.16859031431994792,1.962810615206758,30.148553070240204,19.694241347926088,1.5170173358585637,0.358562098425697,0.15742453303127135,0.44579327934819424
192.0,1.92,27.696099791667105,1.1862257338418567,0.14847808972655444,19.331363155612543,0.019226361694749852,2.0370124573416755,30.30243004614325,19.795366666475598,1.5214091627845545,-2.606330254476145,-0.4640035108630549,0.515603294557121
193.0,1.93,31.324249773624103,2.8361628331253335,-0.2928861767819015,19.73149641464739,0.14166823975256734,1.6351805606230105,30.456307022046296,19.89649198502511,1.525800989710545,0.8679427515778073,-0.16499557037772306,0.10937957091246564
194.0,1.94,31.59116675640651,3.768889323829041,0.1989453157410211,20.175349648568467,-0.02806429171545775,1.653495054286218,30.61018399794934,19.997617303574625,1.5301928166365355,0.98098275845717,0.17773234499384216,0.1233022376496824
195.0,1.95,31.756786487991075,2.6316062612954876,-0.5038291689764214,19.793766982588103,0.12005278322564945,1.7968611182671215,30.764060973852384,20.098742622124135,1.534584643562526,0.9927255141386908,-0.3049756395360319,0.26227647470459536
196.0,1.96,31.613835079214066,-0.15694321614991483,0.003658812285180222,20.55490910502976,0.16182593156410385,1.7822031471994444,30.91793794975543,20.19986794067365,1.5389764704885167,0.6958971294586362,0.35504116435611266,0.24322667671092768
197.0,1.97,32.16508063293049,2.0177836490542735,-0.35708433717301713,20.665471235714328,-0.16711327717746896,1.9507382815859147,31.071814925658476,20.300993259223162,1.5433682974145073,1.093265707272014,0.3644779764911661,0.40736998417140735
198.0,1.98,30.836469061228296,3.1169159616311273,0.4530770204804237,20.20121773414214,-0.09750382989671813,1.8859103718739878,31.225691901561518,20.402118577772676,1.5477601243404977,-0.38922284033322185,-0.20090084363053506,0.3381502475334901
199.0,1.99,32.304122846987184,2.157495854583853,-0.4742122385716692,19.919332849576158,-0.3003142642124215,2.0802926840328295,31.379568877464564,20.503243896322186,1.5521519512664885,0.9245539695226199,-0.583911046746028,0.528140732766341
200.0,2.0,27.93872232165086,2.6844625519267105,0.3270545120274563,21.58041137333715,-0.14082744497807165,1.8758811034788934,31.53344585336761,20.6043692148717,1.556543778192479,-3.594723531716749,0.9760421584654502,0.31933732528641445
201.0,2.01,40.93048369774704,-2.138269782410634,-0.6227780612187912,20.340703798077023,-0.3088308309043897,2.0055037810143213,31.687322829270652,20.70549453342121,1.5609356051184695,9.24316086847639,-0.3647907353441866,0.44456817589585174
202.0,2.02,28.658870288338374,2.480175867917844,-0.12151155183925706,20.417507016817083,0.017470366734457364,1.772384720911642,31.8411998051737,20.806619851970723,1.5653274320444601,-3.1823295168353276,-0.3891128351536395,0.20705728886718178
203.0,2.03,34.92688460527941,4.385444229880616,-0.02968300431741828,20.495677095578394,0.21614941871339563,1.9847285670079242,31.99507678107674,20.907745170520236,1.5697192589704507,2.9318078242026715,-0.4120680749418426,0.4150093080374735
204.0,2.04,29.563606529281785,1.5248878918516944,0.15810336779541112,21.269153755843387,-0.13595029349771065,1.6942784404638918,32.14895375697979,21.00887048906975,1.5741110858964413,-2.5853472276980085,0.2602832667736372,0.12016735456745042
205.0,2.05,32.99275865407269,3.3337664540256653,-0.038543193525308404,20.79489793640697,-0.13226660983350502,1.7096157638611535,32.30283073288283,21.10999580761926,1.5785029128224317,0.6899279211898559,-0.3150978712122914,0.13111285103872183
206.0,2.06,29.234153747231357,0.43029883626610277,-0.06894811141312629,21.27219950208513,-0.17664271376041984,2.0660276216478413,32.456707708785885,21.211121126168774,1.5828947397484225,-3.222553961554528,0.06107837591635601,0.4831328818994187
207.0,2.07,34.62941663292726,1.867484138565753,-0.06041361434635754,21.616031191593677,0.3972922466705216,1.9292186568590408,32.610584684688924,21.312246444718284,1.587286566674413,2.0188319482383363,0.3037847468753938,0.3419320901846279
208.0,2.08,30.83846876479485,3.6728149423592207,-0.09749236264628423,21.747810873036062,-0.39115637117279906,2.084470257178799,32.76446166059197,21.4133717632678,1.5916783936004038,-1.925992895797119,0.33443910976826174,0.49279186357839544
209.0,2.09,34.468914587062336,2.0424459963156414,0.020452529872440027,21.666852851189958,0.17820822133150907,1.885018168357721,32.918338636495015,21.51449708181731,1.5960702205263941,1.5505759505673211,0.1523557693726474,0.2889479478313268
210.0,2.1,39.828576274866364,-1.314022051348581,-0.3610210833301921,22.2761055559494,-0.23261979242062933,2.02764786701439,33.07221561239806,21.615622400366824,1.600462047452385,6.756360662468303,0.6604831555825754,0.4271858195620051
211.0,2.11,35.02355004386845,3.104354904212835,-0.15120255318177955,21.316061443429906,-0.0085231175245792,1.8813537638879099,33.2260925883011,21.716747718916334,1.6048538743783753,1.797457455567347,-0.40068627548642866,0.2764998895095345
212.0,2.12,35.04956500136137,2.2159335472815953,0.13906712964803178,20.753228899100186,0.003708158252147065,1.7585808977014343,33.37996956420415,21.81787303746585,1.6092457013043662,1.66959543715722,-1.064644138365665,0.14933519639706816
213.0,2.13,29.383154543094506,2.09910490094574,0.5105886393047412,22.606098007268127,-0.29080692334068325,2.0413792001590623,33.53384654010719,21.91899835601536,1.6136375282303566,-4.150691997012686,0.6870996512527654,0.4277416719287057
214.0,2.14,35.16042288664017,4.824107170876247,-0.21085604205200678,22.062952365753425,-0.066602082284421,2.0459734674446257,33.68772351601024,22.020123674564875,1.6180293551563472,1.4726993706299325,0.04282869118855004,0.42794411228827856
215.0,2.15,29.05339541970575,1.4357528000933637,-0.34706833588244607,22.12568134074639,-0.05707411811610901,2.153253853669593,33.84160049191328,22.121248993114385,1.6224211820823378,-4.788205072207532,0.004432347632004507,0.5308326715872553
216.0,2.16,36.24390556446533,3.0759635522447333,-0.025244471419921356,21.713772996836298,-0.2607747217276762,2.100706338599687,33.99547746781633,22.222374311663902,1.6268130090083284,2.2484280966490005,-0.5086013148276045,0.47389332959135877
217.0,2.17,33.39407566599554,1.6861804079029448,-0.03156105051063132,23.05611996303497,0.10731834008246936,1.8868533354735486,34.149354443719375,22.323499630213412,1.631204835934319,-0.7552787777238379,0.7326203328215577,0.25564849953922963
218.0,2.18,37.179311358587164,2.129025133415786,-0.0674955965084797,22.45189703711834,-0.47115276495166186,2.145956490260054,34.30323141962242,22.424624948762926,1.6355966628603094,2.876079938964743,0.027272088355413615,0.5103598273997445
219.0,2.19,36.30394172755628,4.683896940222759,-0.05324124389584768,21.92324649668749,-0.22824559567523026,1.966433063777748,34.45710839552546,22.525750267312436,1.6399884897863,1.846833332030819,-0.6025037706249456,0.3264445739914481
220.0,2.2,27.849743545391355,0.16785791581090165,-0.18384249144615675,23.460510157265798,0.10247301728796682,1.987929144492649,34.61098537142851,22.62687558586195,1.6443803167122906,-6.761241826037157,0.8336345714038487,0.34354882778035845
221.0,2.21,35.48598470673487,1.4989910452025472,-0.1153727033597635,22.781234475071738,-0.01892260806259496,1.938256114144882,34.76486234733155,22.72800090441146,1.6487721436382812,0.7211223594033171,0.05323357066027867,0.2894839705066008
222.0,2.22,34.14845012626068,3.7479200658389384,0.11264522836400448,22.854544660224654,-0.08912803753472344,1.6772324183295642,34.918739323234604,22.829126222960976,1.6531639705642718,-0.770289196973927,0.025418437263677873,0.024068447765292378
223.0,2.23,36.062024235927744,2.0102685742238084,-0.6394117676388801,23.10599118754607,0.35947582485929214,1.8798551925964708,35.07261629913764,22.930251541510486,1.6575557974902624,0.9894079367901014,0.17573964603558423,0.22229939510620844
224.0,2.24,35.04657358067384,1.822828256051326,0.5161981453908351,23.321280472566972,0.112450692707645,2.0135245654468865,35.22649327504069,23.03137686006,1.661947624416253,-0.17991969436685196,0.28990361250697205,0.3515769410306335
225.0,2.25,31.38287730682588,4.07176249123559,0.03995669898824928,23.44583018963398,-0.24133139078514676,1.946983229265548,35.380370250943734,23.13250217860951,1.6663394513422434,-3.9974929441178553,0.3133280110244705,0.28064377792330464
226.0,2.26,35.49275801290509,1.1830243571311854,0.06657516638230901,23.44382920017894,-0.09461768910306868,1.8254934633940259,35.53424722684677,23.23362749715902,1.670731278268234,-0.0414892139416807,0.21020170301991925,0.15476218512579187
227.0,2.27,43.404044900301116,-2.105210882686494,0.17340397486465212,23.298345396845296,0.026247053688950993,1.7573844447190283,35.688124202749826,23.334752815708537,1.6751231051942246,7.71592069755129,-0.0364074188632415,0.08226133952480374
228.0,2.28,35.50316811461905,2.6499883619161837,-0.5232331249070443,23.90977447568615,-0.12702916538755307,2.055119076784393,35.842001178652865,23.435878134258047,1.6795149321202152,-0.33883306403381397,0.47389634142810166,0.3756041446641778
229.0,2.29,38.2646065004664,3.3752239089487746,0.0807937810261627,23.607608343447403,-0.05878725374779237,2.208175213047056,35.99587815455591,23.53700345280756,1.6839067590462058,2.268728345910489,0.07060489063984221,0.5242684540008504
230.0,2.3,34.33071766728578,2.2910828278575406,0.6016908958782166,23.30116062987918,0.19955756804255453,1.9658452939602677,36.149755130458956,23.63812877135707,1.6882985859721964,-1.8190374631731743,-0.33696814147788956,0.27754670798807135
231.0,2.31,38.43084538740127,3.9950143719416498,-0.6332448714612957,24.553825078292537,-0.18711831164787962,2.04458886174925,36.303632106362,23.739254089906588,1.692690412898187,2.1272132810392677,0.8145709883859489,0.3518984488510628
232.0,2.32,34.539970185884414,3.1948862906261706,0.16101077116615298,24.23318329849932,0.3992290663340522,2.368310700392078,36.45750908226504,23.840379408456098,1.6970822398241774,-1.917538896380627,0.392803890043222,0.6712284605679004
233.0,2.33,30.05287233106287,1.4076813266008612,0.12477043222518719,24.948322825413353,0.25612706704754457,2.1028286336481017,36.611386058168094,23.94150472700561,1.7014740667501682,-6.558513727105225,1.0068180984077415,0.4013545668979335
234.0,2.34,38.925025852564225,3.301706821086154,-0.5790240694377895,23.53803631950092,-0.47135009321782734,1.9493115633212579,36.76526303407113,24.04263004555512,1.7058658936761586,2.1597628184930926,-0.5045937260541997,0.24344566964509928
235.0,2.35,36.22907579627007,3.8459691543211454,0.0054394826002541734,23.789766565634338,0.18518338818918004,1.804431523896049,36.919140009974186,24.14375536410464,1.7102577206021494,-0.6900642137041189,-0.35398879847030074,0.09417380329389968
236.0,2.36,37.27370695428142,1.0017449554237272,0.10211025671766921,25.56405567763298,0.3040848994650557,1.81292137100635,37.073016985877224,24.24488068265415,1.7146495475281398,0.20068996840419828,1.3191749949788303,0.09827182347821029
237.0,2.37,38.66069102794914,2.4385470429636893,-0.5189289583105374,24.892083237546,-0.49964877511866573,1.9527083553618632,37.22689396178027,24.346006001203662,1.7190413744541304,1.4337970661688715,0.5460772363423381,0.23366698090773275
238.0,2.38,35.03638413978207,4.832425735009876,-0.000884854193047501,24.21144145460442,0.06857063879799266,1.9346837431909225,37.380770937683316,24.447131319753172,1.723433201380121,-2.344386797901244,-0.23568986514875334,0.2112505418108015
239.0,2.39,35.58205945068251,2.663247168291426,-0.08018162902202634,24.725845672187887,-0.17062529596936005,1.8617347269514881,37.53464791358636,24.548256638302686,1.7278250283061116,-1.9525884629038543,0.17758903388520153,0.1339096986453765
240.0,2.4,39.78146345023134,2.4648145784027884,-0.7966742872827988,24.683252127610924,-0.7221705904694072,1.9871883437284756,37.68852488948941,24.6493819568522,1.7322168552321022,2.092938560741935,0.03387017075872478,0.2549714884963734
241.0,2.41,35.234831166041666,3.479622394805597,-0.03700934683444387,24.900460351005197,-0.2925044058652385,2.0881330875258053,37.84240186539245,24.750507275401713,1.7366086821580928,-2.607570699350788,0.14995307560348436,0.35152440536771246
242.0,2.42,39.314289027640704,4.302077158243936,-0.1328140799506605,27.32718110713392,0.3738159647593326,1.9873635391072557,37.99627884129549,24.851632593951223,1.7410005090840832,1.3180101863452123,2.475548513182698,0.2463630300231725
243.0,2.43,40.7057174870514,1.8326765554912292,-0.44127985541278875,25.035583447791186,-0.15320859703035247,2.0649526171365093,38.150155817198545,24.952757912500736,1.745392336010074,2.5555616698528567,0.08282553529044989,0.3195602811264353
244.0,2.44,35.846857574429784,2.79671501351447,0.1510857236179276,24.536632442942537,-0.13673313121192804,2.1031039229845954,38.304032793101584,25.053883231050246,1.7497841629360644,-2.4571752186718,-0.5172507881077095,0.35331976004853094
245.0,2.45,36.834076178476344,4.082376091715661,-0.10293751855950196,26.28644809705576,0.2885332906652802,2.04999287924869,38.45790976900464,25.155008549599764,1.7541759898620553,-1.6238335905282923,1.1314395474559973,0.29581688938663464
246.0,2.46,39.0346981376112,2.7565515069475777,-0.28437554711277724,25.2819584636349,0.14924114922510073,1.8537251086293804,38.611786744907675,25.256133868149274,1.7585678167880456,0.42291139270352573,0.0258245954856271,0.09515729184133481
247.0,2.47,35.61877756212337,1.0510135736707438,-0.40614888060929266,25.778244562962534,-0.06810415530410656,2.040505541411425,38.76566372081072,25.357259186698787,1.7629596437140362,-3.1468861586873516,0.4209853762637472,0.2775458976973888
248.0,2.48,38.387689010367275,3.0623631739778094,0.045727232035287856,25.9390399050479,0.15225501344886122,2.329154603925481,38.91954069671377,25.458384505248297,1.7673514706400268,-0.5318516863464922,0.4806553997996019,0.5618031332854543
249.0,2.49,41.82249813808851,4.3524877069388985,-0.5567161696119395,25.777345735312366,0.05880494955055976,2.1710361744631728,39.07341767261681,25.559509823797814,1.7717432975660174,2.7490804654716996,0.21783591151455184,0.3992928768971553
250.0,2.5,36.293091978471104,3.3713986188285703,-0.39880389603696276,26.093870542586874,0.026901445219597142,2.09609879315648,39.22729464851986,25.660635142347324,1.776135124492008,-2.934202670048755,0.43323540023954976,0.319963668664472
251.0,2.51,40.4037872892459,1.3275388524840581,-0.15470892653956814,26.339156001664506,0.5237443300985322,2.029138806543179,39.3811716244229,25.761760460896834,1.7805269514179984,1.0226156648230003,0.5773955407676716,0.24861185512518058
252.0,2.52,41.02948278860408,4.093559347000646,-0.07954081242717817,26.22078878302207,-0.09463490104637867,1.9415636858596548,39.53504860032594,25.862885779446348,1.784918778343989,1.4944341882781345,0.35790300357572136,0.15664490751566573
253.0,2.53,37.69343567774755,3.4252677492540142,-0.09651209222025933,25.39527952167046,-0.19641623553177143,1.7862485222492366,39.68892557622899,25.964011097995858,1.7893106052699796,-1.9954898984814378,-0.5687315763253977,-0.003062083020743067
254.0,2.54,35.16345548503268,3.824208042656103,0.1436192328505159,26.350187340130258,0.011381065590625948,1.857458519255016,39.842802552132035,26.065136416545375,1.7937024321959703,-4.679347067099357,0.28505092358488326,0.06375608705904567
255.0,2.55,40.33321968534049,1.2390776410680426,0.15780224081573463,26.58394737827279,0.09489578115890895,2.337504952817557,39.996679528035074,26.166261735094885,1.7980942591219609,0.3365401573054143,0.41768564317790435,0.539410693695596
256.0,2.56,39.108771776909066,3.5641361383823185,-0.33821282685499376,26.29199212662089,-0.04601378287050414,2.253853732250609,40.15055650393813,26.2673870536444,1.8024860860479515,-1.0417847270290608,0.024605072976491726,0.45136764620265746
257.0,2.57,38.20222439007213,4.113154070151216,0.251529171707566,26.213854491825643,-0.04759005117258982,1.8533291230336462,40.304433479841165,26.36851237219391,1.8068779129739418,-2.1022090897690333,-0.15465788036826567,0.04645121005970432
258.0,2.58,39.85269475407332,3.7517370827285816,-0.1473498399954024,26.629559399249928,0.20532114764313533,1.9289441236048142,40.45831045574422,26.469637690743426,1.8112697398999327,-0.6056157016708994,0.1599217085065021,0.11767438370488148
259.0,2.59,39.65353347857743,2.214521501225005,-0.44731751373600914,26.93838294307303,0.008131049991610446,1.9580753281207044,40.61218743164726,26.570763009292936,1.815661566825923,-0.9586539530698275,0.3676199337800945,0.14241376129478134
260.0,2.6,37.33880130990744,4.745774685174387,-0.4460843215334391,27.658912843705743,0.3313540032215282,2.129259088079306,40.7660644075503,26.67188832784245,1.8200533937519139,-3.4272630976428644,0.9870245158632933,0.309205694327392
261.0,2.61,41.8862605923686,3.4590622802148463,-0.10804451835327437,27.380796985374758,0.1312734332606878,2.0063174485974304,40.91994138345335,26.77301364639196,1.8244452206779043,0.9663192089152517,0.6077833389827987,0.18187222791952617
262.0,2.62,40.10559035551701,3.1532744679956797,0.2939322974428075,27.533663805587366,-0.07684557857993565,2.178980447574509,41.073818359356395,26.874138964941473,1.8288370476038949,-0.9682280038393856,0.6595248406458936,0.3501433999706143
263.0,2.63,41.34695379213577,2.5485495060184924,-0.10763171731896956,27.629479496781755,-0.5663471324994829,2.0744886966324816,41.22769533525944,26.975264283490983,1.8332288745298855,0.11925845687633085,0.6542152132907724,0.2412598221025961
264.0,2.64,38.05406156453631,3.2528171143532334,-0.516394208835299,26.923787200744787,-0.2954083607146258,2.0292204064353445,41.381572311162486,27.0763896020405,1.837620701455876,-3.3275107466261744,-0.152602401295713,0.19159970497946843
265.0,2.65,41.015393293980985,4.106446371418024,-0.5617795933134723,27.239361754687916,0.7158808832811601,2.0091078434580476,41.535449287065525,27.17751492059001,1.8420125283818667,-0.5200559930845401,0.06184683409790637,0.16709531507618092
266.0,2.66,41.690069360590186,4.486526592298427,-0.07463473266608121,27.910458635140404,0.186503803189812,2.3920336605900787,41.68932626296858,27.278640239139524,1.8464043553078573,0.0007430976216085128,0.631818396000881,0.5456293052822214
267.0,2.67,37.80339246257465,1.6393658181849604,-0.1973755159031132,28.97301095378973,-0.7387877872523305,2.3194506289426893,41.84320323887162,27.379765557689034,1.8507961822338477,-4.039810776296967,1.593245396100695,0.4686544467088416
268.0,2.68,43.64998115041398,2.725397296561731,-0.804802185238925,27.302973609116115,-0.5749133358360979,2.455315386910074,41.99708021477467,27.48089087623855,1.8551880091598385,1.652900935639309,-0.17791726712243516,0.6001273777502354
269.0,2.69,40.031201554729954,4.98938561425249,0.07434986566029284,27.419392704525954,0.16545645483513338,2.2170867730202155,42.15095719067771,27.58201619478806,1.8595798360858289,-2.1197556359477545,-0.16262349026210643,0.3575069369343866
270.0,2.7,42.411086125867186,4.623062425457237,0.387452452776226,27.69417495095758,0.21149470597652584,2.0504674500349913,42.304834166580754,27.683141513337574,1.8639716630118197,0.10625195928643194,0.011033437620007192,0.1864957870231716
271.0,2.71,39.46431565282766,4.1369318988188795,0.06913816949127784,28.471360282502157,0.11267612569013113,1.8182171694896954,42.4587111424838,27.784266831887084,1.86836348993781,-2.994395489656142,0.6870934506150732,-0.050146320448114734
272.0,2.72,44.841766364556484,2.149535609293056,-0.4305156344821794,28.319053931740843,0.14029341145607843,1.9562030443364662,42.612588118386846,27.8853921504366,1.8727553168638007,2.2291782461696386,0.4336617813042416,0.08344772747266549
273.0,2.73,43.86359112977601,3.2233923514011154,0.3939515606238025,28.558736321390132,0.12696380800834903,2.4330678409541537,42.766465094289885,27.98651746898611,1.8771471437897913,1.0971260354861272,0.5722188524040206,0.5559206971643624
274.0,2.74,40.74909215813662,4.874721667217234,0.4904543061299932,29.17723644101215,-0.6664869041069559,2.355789870881915,42.92034207019294,28.087642787535625,1.881538970715782,-2.171249912056318,1.0895936534765234,0.47425090016613325
275.0,2.75,38.23692337307473,4.286200426997813,0.10042162157885329,28.211925281292153,-0.6498416866095008,2.3983254694873355,43.074219046095976,28.188768106085135,1.8859307976417725,-4.837295673021245,0.0231571752070181,0.512394671845563
276.0,2.76,43.76534714629833,2.3137335157259336,-0.3318655952055277,28.99808686000873,-0.131324631662962,2.091081492862374,43.22809602199902,28.289893424634645,1.890322624567763,0.5372511242993099,0.7081934353740849,0.2007588682946111
277.0,2.77,38.91756478205522,0.5139140716556054,-0.006454658170965605,29.545907858657372,0.8628453120265982,2.0657751298521503,43.38197299790207,28.391018743184162,1.8947144514937535,-4.464408215846845,1.1548891154732104,0.17106067835839678
278.0,2.78,41.35612473749289,5.206201211912963,0.062062383600454546,29.660517986291843,0.2793899984524465,2.2465808192490373,43.53584997380511,28.492144061733672,1.899106278419744,-2.1797252363122155,1.1683739245581712,0.3474745408292932
279.0,2.79,40.74685939873381,3.526135214717944,-0.17373344943693894,28.215134406206413,-0.3403051106953744,2.047096915419953,43.68972694970816,28.593269380283186,1.9034981053457347,-2.9428675509743485,-0.3781349740767723,0.14359881007421826
280.0,2.8,46.95239777720474,4.483611907211828,-0.8936141373521225,27.488900090601007,-0.18143613199063624,1.9784191292432494,43.8436039256112,28.694394698832696,1.9078899322717253,3.108793851593539,-1.2054946082316889,0.07052919697152404
281.0,2.81,40.53892915291608,0.9270487368275682,-0.13834664914884773,30.341833538344464,-0.019715532571108616,1.8919986139037714,43.99748090151425,28.79552001738221,1.912281759197716,-3.4585517485981683,1.5463135209622543,-0.020283145293944482
282.0,2.82,41.98333672369741,2.148512098694062,-0.3568674568613275,31.144924821612513,0.13991154087244512,2.2508503738696812,44.15135787741729,28.896645335931723,1.9166735861237065,-2.1680211537198772,2.24827948568079,0.3341767877459747
283.0,2.83,41.82809578842375,3.7043955757456755,-0.05941136044302112,29.96851457719082,-0.19818080344200908,2.272520907104641,44.305234853320336,28.997770654481236,1.9210654130496971,-2.4771390648965834,0.970743922709584,0.3514554940549437
284.0,2.84,45.392907791812355,4.0800585988846745,-0.7355807732467927,29.402255210998412,0.04596707944582949,2.314252836714821,44.45911182922338,29.098895973030746,1.9254572399756875,0.9337959625889738,0.3033592379676655,0.38879559673913366
285.0,2.85,39.28066857636721,3.1493417502012044,-0.27310308736887823,29.64434908028566,0.2577205489383281,2.2838635218689745,44.61298880512643,29.20002129158026,1.9298490669016783,-5.332320228759215,0.4443277887054009,0.3540144549672961
286.0,2.86,41.007149264518006,1.5380903689568777,0.30517261826036257,29.621020051946523,0.7984453838956567,2.1487275611259893,44.76686578102947,29.30114661012977,1.9342408938276687,-3.7597165165114674,0.31987344181675326,0.21448666729832055
287.0,2.87,40.98568271743903,2.702426696962442,0.47408249402557034,30.57609249828429,-0.006515929789646475,1.9716041658839756,44.92074275693252,29.402271928679287,1.9386327207536593,-3.935060039493486,1.1738205696050024,0.032971445130316246
288.0,2.88,46.83610345743234,4.160088813655794,-0.48305868341153924,28.95953750651331,-0.5451739197377392,2.1759546619397723,45.07461973283556,29.503397247228797,1.94302454767965,1.7614837245967792,-0.5438597407154866,0.23293011426012233
289.0,2.89,42.63426805402409,5.449156357523151,-0.570723384054957,30.62337191540992,-0.2855989400416473,2.1666383462624608,45.22849670873861,29.60452256577831,1.9474163746056405,-2.59422865471452,1.0188493496316084,0.21922197165682022
290.0,2.9,43.605553522640356,5.156565489832699,0.053883141969687694,31.45252752239927,-0.029964217794051593,2.315849242968207,45.38237368464165,29.70564788432782,1.9518082015316311,-1.7768201620012931,1.746879638071448,0.3640410414365758
291.0,2.91,45.77815065018184,2.719803987971916,0.4397825284182984,31.806463471330737,-0.0025948635832754095,2.195424053485252,45.536250660544695,29.806773202877338,1.9562000284576218,0.24189998963714743,1.9996902684533993,0.23922402502763007
292.0,2.92,48.703220461069016,1.9505781629170809,-0.3200026839222634,30.686741580835058,0.32259700180861234,2.1220476528230097,45.69012763644774,29.907898521426848,1.9605918553836124,3.0130928246212747,0.7788430594082101,0.1614557974393973
293.0,2.93,58.91096191711251,6.537657478193839,0.3539533224696013,28.8926789754979,-0.11984980083215045,2.2245512586992398,45.84400461235079,30.00902383997636,1.964983682309603,13.066957304761722,-1.1163448644784602,0.2595675763896368
294.0,2.94,43.4507974232974,5.059367650741374,0.020818921176439822,30.101843427311813,0.4284619656222815,2.2246008211277144,45.99788158825383,30.11014915852587,1.9693755092355933,-2.5470841649564306,-0.008305731214058198,0.25522531189212105
295.0,2.95,42.91382308380303,4.961856258813552,0.6221147934891283,31.073630147887528,0.8150685663164137,2.429967227487922,46.15175856415688,30.21127447707539,1.9737673361615842,-3.2379354803538476,0.8623556708121392,0.45619989132633765
296.0,2.96,48.48819805326574,1.4319033425952001,-0.27627937257679336,31.613411409259324,0.27981102077905834,2.4552727254756697,46.30563554005992,30.3123997956249,1.9781591630875746,2.1825625132058235,1.3010116136344259,0.4771135623880951
297.0,2.97,47.052126544428134,0.9105271482018177,-0.19091420438113432,32.56644148618387,-0.3956359882069928,2.481589878176363,46.45951251596297,30.413525114174412,1.9825509900135652,0.5926140284651638,2.1529163720094573,0.4990388881627976
298.0,2.98,43.810847525209034,7.500430954850566,-0.31736333690756247,31.34870790481082,-1.1397198256498016,2.4459949938840033,46.61338949186601,30.514650432723922,1.9869428169395558,-2.8025419666569746,0.8340574720868972,0.45905217694444755
299.0,2.99,44.03675110827096,5.216132250638576,0.12737947777197087,30.553271090846767,-0.3051498950044382,2.172067330340037,46.76726646776906,30.615775751273436,1.9913346438655464,-2.7305153594980993,-0.06250466042666858,0.18073268647449048
300.0,3.0,46.017652893118985,5.7696382385311304,0.42291111101661644,31.319458386732205,-0.1954123597894304,2.055340975349696,46.9211434436721,30.716901069822946,1.995726470791537,-0.9034905505531157,0.6025573169092588,0.059614504558158865
301.0,3.01,53.23255068413165,5.508407943384198,-0.021736820026149715,30.951785291341796,-0.17930770237063876,2.0119763807511433,47.07502041957514,30.81802638837246,2.0001182977175276,6.157530264556513,0.1337589029693369,0.011858083033615685
302.0,3.02,50.24546809847932,2.5495590205435668,-0.16848795406071124,31.431364909434713,0.38163330094920433,2.0135298514830517,47.22889739547819,30.919151706921973,2.0045101246435184,3.016570703001129,0.5122132025127399,0.009019726839533337
303.0,3.03,42.14618781426556,2.217780074164547,0.023072638275697246,28.359322389876294,-0.21233256610852555,2.139664852324428,47.38277437138123,31.020277025471483,2.0089019515695083,-5.236586557115672,-2.660954635595189,0.1307629007549198
304.0,3.04,43.81115608376134,3.893621483279042,0.10228911977394665,31.072984994331954,0.2744383859098193,2.14939121851365,47.536651347284284,31.121402344020996,2.013293778495499,-3.7254952635229444,-0.048417349689042766,0.13609744001815072
305.0,3.05,50.109398124636606,4.318874045050271,0.16507448583771903,30.823454915560784,-0.15007297534671793,2.422117355740756,47.69052832318732,31.222527662570506,2.01768560542149,2.418869801449283,-0.39907274700972195,0.40443175031926604
306.0,3.06,49.28216203357969,5.711772640503758,-0.5845903189489784,32.243952350849874,-0.3840955712387183,2.1630006878952712,47.84440529909037,31.323652981120023,2.0220774323474804,1.4377567344893194,0.9202993697298503,0.14092325554779084
307.0,3.07,42.157018313314765,3.503437412771563,-0.4276329027555973,32.95998169318997,-0.4169001637994966,2.2024178251573203,47.998282274993414,31.424778299669534,2.0264692592734708,-5.841263961678649,1.5352033935204332,0.17594856588384955
308.0,3.08,44.107019559123295,2.1963139926851283,-0.05808069302811906,33.240273801183555,-0.3869258070204382,2.1207467858213827,48.15215925089646,31.525903618219047,2.0308610861994616,-4.045139691773166,1.7143701829645082,0.08988569962192106
309.0,3.09,45.77735430045114,6.185197455366309,0.5289343456981257,30.275261901321638,0.6100351284132897,2.2324305175343513,48.306036226799506,31.627028936768557,2.035252913125452,-2.5286819263483693,-1.351767035446919,0.1971776044088993
310.0,3.1,52.556726116036444,5.231640086212569,0.24689284556690466,38.0944025814205,0.4612020886007137,2.151051405426889,48.45991320270255,31.728154255318074,2.039644740051443,4.096812913333892,6.366248326102429,0.11140666537544641
311.0,3.11,54.41153820019337,5.689758552600469,0.1704711984819117,31.55723260386816,0.7268297017333207,2.338401872063803,48.61379017860559,31.829279573867584,2.044036566977433,5.797748021587779,-0.27204696999942257,0.29436530508636993
312.0,3.12,47.21598915596035,5.286036236334279,0.01743256580125861,31.09976494664606,0.4312240511091059,2.1003007914426224,48.76766715450864,31.930404892417098,2.048428393903424,-1.5516779985482927,-0.8306399457710363,0.05187239753919837
313.0,3.13,45.16213791091276,2.465621363892327,-0.3372990532840381,33.38766971385048,0.08784244776445876,2.104404638836705,48.92154413041168,32.03153021096661,2.0528202208294144,-3.7594062194989206,1.3561395028838703,0.05158441800729063
314.0,3.14,46.64339848462438,3.216986006007071,0.23072345682747325,33.67924454111179,0.16802700375766477,2.3879569820890563,49.07542110631473,32.13265552951613,2.057212047755405,-2.4320226216903507,1.546589011595664,0.3307449343336515
315.0,3.15,52.33550992992887,3.852832010453573,0.5412442724025749,31.09217104491039,-0.6958204358046188,2.629087809696743,49.229298082217774,32.233780848065635,2.0616038746813956,3.1062118477110943,-1.1416098031552444,0.5674839350153476
316.0,3.16,51.81092510496087,5.194993866570465,0.11318713270688205,33.5951023655857,-0.7310596086626331,2.6378938960870166,49.38317505812082,32.33490616661515,2.0659957016073864,2.4277500468400532,1.2601961989705543,0.5718981944796302
317.0,3.17,47.769450668474285,5.638571971567934,-0.1896440326093805,31.636837767651816,0.16800582376091436,2.1458259561557496,49.537052034023866,32.43603148516466,2.070387528533377,-1.7676013655495808,-0.7991937175128463,0.07543842762237274
318.0,3.18,43.15892623626164,5.498148822463579,-0.3650088778470248,32.32669122610545,0.15857006209903748,2.059694710087136,49.69092900992691,32.537156803714176,2.074779355459367,-6.532002773665269,-0.21046557760872275,-0.015084645372231087
319.0,3.19,44.965589430835365,1.949306906934616,0.34627006092387114,33.456470870703214,0.020193953250084898,2.093205375810525,49.84480598582995,32.63828212226368,2.079171182385358,-4.879216554994585,0.8181887484395318,0.014034193425167096
320.0,3.2,54.474864122660264,5.144235363061417,0.24432276182988816,34.12162320263263,-0.20575438954929784,2.185341432408836,49.998682961733,32.739407440813196,2.083563009311349,4.476181160927261,1.382215761819431,0.10177842309748719
321.0,3.21,53.869448945234055,6.319566898813768,-0.13990113773866475,30.574709708263647,-0.47716076694782494,2.410581659694677,50.15255993763604,32.84053275936271,2.087954836237339,3.716889007598013,-2.265823051099062,0.3226268234573384
322.0,3.22,50.01708903309432,5.259772631331366,0.2090859127945867,32.7302464088846,-0.3861898142453925,2.2876495569766306,50.306436913539095,32.94165807791222,2.0923466631633296,-0.28934788044477244,-0.2114116690276262,0.19530289381330102
323.0,3.23,46.73205526336909,5.143144294257199,0.6763659908946361,32.21208474799281,-0.01723301517895712,2.362168423779727,50.46031388944213,33.042783396461736,2.0967384900893205,-3.7282586260730426,-0.8306986484689247,0.26542993369040646
324.0,3.24,47.701326063929756,4.408174980275242,-0.7094489173696943,33.456734483721284,0.028797425802397948,2.373775243404112,50.61419086534518,33.14390871501125,2.101130317015311,-2.9128648014154237,0.3128257687100344,0.27264492638880133
325.0,3.25,54.618557451034874,4.911545493505799,-0.7282981416531149,35.49074683600516,1.059870263460433,2.4780531837610074,50.768067841248225,33.245034033560756,2.105522143941301,3.8504896097866492,2.2457128024444017,0.37253103981970614
326.0,3.26,55.36015972741855,5.81005486201504,-0.24462897815613718,41.03669478628642,0.5979893876120068,2.3138385640863555,50.921944817151264,33.34615935211027,2.109913970867292,4.438214910267284,7.690535434176148,0.20392459321906342
327.0,3.27,49.63582770464597,3.0081339417588584,-0.7055268342070913,35.52946717369665,0.6134741987652805,2.3709476865299277,51.07582179305432,33.44728467065978,2.114305797793283,-1.4399940884083477,2.0821825030368686,0.25664188873664484
328.0,3.28,43.88764372948937,5.096872968466304,-0.7889463007123774,31.86174395287695,0.1757373455274926,2.128227510237835,51.229698768957356,33.5484099892093,2.118697624719273,-7.342055039467986,-1.6866660363323476,0.009529885518562153
329.0,3.29,48.307521506154394,8.821219508864068,-0.793620735614746,34.32381946285055,0.34784037474964224,2.141669197909238,51.3835757448604,33.64953530775881,2.1230894516452636,-3.076054238706007,0.6742841550917404,0.018579746263974517
330.0,3.3,47.28862544654449,5.898476343886702,-0.3669446463675378,33.686761990771444,0.14294611423380182,2.212678010783536,51.53745272076345,33.75066062630832,2.1274812785712545,-4.248827274218954,-0.06389863553687292,0.08519673221228174
331.0,3.31,54.18075235374972,4.714032793032273,-0.11772999687791194,33.86836304796787,0.26542161183729573,2.182293061767746,51.69132969666649,33.85178594485784,2.131873105497245,2.4894226570832245,0.016577103110030578,0.05041995627050122
332.0,3.32,58.027608925821326,-0.9985358944162707,0.2464467339949207,35.158709138739475,-0.019215127548211693,2.3323078376529605,51.84520667256953,33.952911263407344,2.1362649324232352,6.182402253251794,1.2057978753321308,0.19604290522972523
333.0,3.33,51.871547644601456,4.86589146273558,0.44976772366748113,35.44217397594134,0.48782391470642256,2.5455075155104123,51.999083648472585,34.05403658195686,2.140656759349226,-0.1275360038711284,1.3881373939844792,0.40485075616118626
334.0,3.34,45.179113585248345,3.7317930052888295,0.4220654337346454,31.425598645452553,0.5829517731232702,2.186325992636687,52.15296062437562,34.15516190050637,2.1450485862752164,-6.973847039127278,-2.7295632550538187,0.0412774063614707
335.0,3.35,64.1116176175014,-2.4565465000005564,0.14538468610312866,36.2138483444655,-0.16810671278816497,2.2512026122353572,52.306837600278676,34.256287219055885,2.1494404132012073,11.804780017222718,1.9575611254096117,0.10176219903414996
336.0,3.36,56.83601689433866,5.174163496845661,-0.008596042409196177,36.06969237622578,-0.25824445563172765,2.351789336980101,52.460714576181715,34.3574125376054,2.1538322401271977,4.3753023181569475,1.7122798386203826,0.1979570968529032
337.0,3.37,56.06129417009223,5.7840218562630135,-0.2898149664278214,36.28293344590619,-0.5680942245961811,2.37522495907167,52.61459155208476,34.45853785615491,2.1582240670531885,3.446702618007471,1.8243955897512762,0.21700089201848138
338.0,3.38,50.68991157530921,6.323331695703523,0.234173271335992,36.382616658558355,-0.3268006247664046,2.354795369613361,52.76846852798781,34.55966317470442,2.162615893979179,-2.0785569526785963,1.8229534838539365,0.19217947563418214
339.0,3.39,49.233598718840156,3.073352034414973,0.1610223369210452,37.18037677289799,0.17560356253128737,2.491062574408782,52.92234550389085,34.66078849325393,2.1670077209051692,-3.6887467850506965,2.5195882796440614,0.32405485350361296
340.0,3.4,46.439172892680375,3.370100267473251,-0.34081356467870694,43.05372679345537,-0.4246651157163362,2.4597835361384397,53.0762224797939,34.761913811803446,2.17139954783116,-6.637049587113523,8.291812981651923,0.2883839883072796
341.0,3.41,48.66604574335754,3.81564228976807,-0.5540655145706432,32.29082171886692,0.07930685694956546,2.4031291058478783,53.230099455696944,34.86303913035296,2.175791374757151,-4.564053712339401,-2.5722174114860366,0.2273377310907274
342.0,3.42,55.267676486348975,3.689459412540534,-0.4497108916686186,32.181266659516844,0.47581077077764905,2.5441666597735364,53.38397643159998,34.96416444890247,2.1801832016831413,1.8837000547489922,-2.782897789385629,0.3639834580903951
343.0,3.43,55.28449684848229,4.222029771507145,-0.13613374097358524,34.41222838371532,0.5604004766456823,2.204117501354918,53.537853407503036,35.065289767451986,2.1845750286091317,1.7466434409792555,-0.653061383736663,0.019542472745786466
344.0,3.44,52.02313228275187,4.959966828160576,-0.24648537774317553,35.58136075497767,-0.08247706617649046,2.106648380376444,53.691730383406075,35.16641508600149,2.1889668555351225,-1.6685981006542079,0.41494566897618057,-0.08231847515867852
345.0,3.45,50.770498669781624,5.435154426584613,0.4296432919782149,36.44269402876857,0.07417777491138658,2.116157713954306,53.84560735930913,35.26754040455101,2.1933586824611133,-3.0751086895275037,1.1751536242175575,-0.07720096850680713
346.0,3.46,49.26992176383756,5.911641919954914,0.28566414744194374,36.55809324887724,0.2939260690227269,2.2800217121687654,53.999484335212166,35.36866572310052,2.1977505093871033,-4.729562571374608,1.189427525776722,0.08227120278166211
347.0,3.47,53.765190148064086,8.664330223349982,-0.34886868468655874,38.37075875497002,-0.405790977037899,2.4963250273359603,54.15336131111521,35.46979104165003,2.202142336313094,-0.3881711630511262,2.900967713319986,0.2941826910228662
348.0,3.48,58.71140206366136,4.630814604346554,-0.4576445828260778,35.18505568984257,0.3008518589767544,2.364832787483857,54.30723828701826,35.57091636019955,2.206534163239085,4.404163776643102,-0.38586067035697624,0.15829862424477215
349.0,3.49,60.06090174112841,4.416915654499758,-0.17105672008948578,34.69125077943847,-0.1584656770662291,2.335337490619204,54.461115262921304,35.67204167874906,2.2109259901650753,5.599786478207108,-0.9807908993105912,0.12441150045412863
350.0,3.5,55.66067145056331,6.335510602805537,0.2525691919961877,35.7353821969358,0.08805017033791296,2.1494965017215666,54.61499223882434,35.773166997298574,2.2153178170910657,1.045679211738964,-0.037784800362771875,-0.06582131536949909
351.0,3.51,52.74073254792693,6.33899816968461,0.43459339739854785,36.18480118020343,0.1255092645003542,2.0874202477800563,54.76886921472739,35.87429231584808,2.2197096440170565,-2.0281366668004566,0.31050886435534863,-0.1322893962370002
352.0,3.52,47.585661148178666,6.2453180808600255,0.220981850175884,36.677119909330585,0.40656693146337897,2.204171371377937,54.922746190630434,35.975417634397594,2.2241014709430473,-7.337085042451768,0.7017022749329911,-0.019930099565110382
353.0,3.53,51.01126862081081,8.357915043074625,-0.20114212771757428,37.57090747153884,-0.12101009372564597,2.1790921269255583,55.07662316653348,36.07654295294711,2.2284932978690373,-4.06535454572267,1.4943645185917305,-0.049401170943478956
354.0,3.54,57.23650844276187,2.0829854461452286,-0.36362933289419885,39.40174753414541,-0.16067964487379952,2.272245033951175,55.230500142436526,36.17766827149662,2.232885124795028,2.006008300325341,3.224079262648786,0.039359909156146955
355.0,3.55,57.15106557893706,3.9133261417958036,-0.6167873290841486,34.918755124909026,-0.15133138982488376,2.690198080681802,55.384377118339565,36.278793590046135,2.237276951721019,1.7666884605974928,-1.3600384651371087,0.4529211289607833
356.0,3.56,53.52062315852538,4.004244279341745,-0.22391121961431315,34.58872583661923,-0.3333638071931075,2.6125807572131463,55.53825409424262,36.37991890859565,2.2416687786470093,-2.0176309357172357,-1.7911930719764158,0.370911978566137
357.0,3.57,53.62404416268058,5.041091196408092,-0.8446634586901406,33.88064852892243,-0.20641296608488877,2.525570248199201,55.692131070145656,36.481044227145155,2.2460606055729997,-2.068086907465073,-2.6003956982227265,0.27950964262620115
358.0,3.58,50.76025651673898,5.659552160743279,-0.555133501722097,36.90705307434225,-0.38521542664935793,2.3434764749789814,55.84600804604871,36.582169545694676,2.2504524324989905,-5.085751529309732,0.3248835286475753,0.09302404247999085
359.0,3.59,48.45453315669108,5.877150396435084,-0.8316498681906263,37.858402756035204,-0.25120498474744635,2.2133653401208595,55.99988502195175,36.68329486424418,2.2548442594249813,-7.54535186526067,1.175107891791022,-0.04147891930412184
360.0,3.6,55.9830191439721,8.77071887333266,-0.6372548475341873,39.29055223154869,-0.24649286575292179,2.1650407231409035,56.153761997854794,36.784420182793696,2.2592360863509717,-0.17074285388269317,2.506132048754992,-0.09419536321006827
361.0,3.61,60.958103239236614,6.040520217403474,-0.1951605400929785,39.65607698538091,0.56126254170284,2.0109169347619553,56.30763897375784,36.88554550134321,2.263627913276962,4.6504642654787745,2.770531484037704,-0.2527109785150068
362.0,3.62,60.06500566021826,5.264691413694867,-0.23001691335343108,39.67327443132905,0.3593763082505687,2.2334277053339027,56.461515949660885,36.98667081989272,2.268019740202953,3.603489710557376,2.6866036114363254,-0.03459203486905027
363.0,3.63,58.94065539625768,6.75991000703463,0.3141359940911596,40.16490239731631,0.21863396243587135,2.5211388873818406,56.61539292556393,37.08779613844223,2.2724115671289433,2.325262470693751,3.077106258874082,0.24872732025289723
364.0,3.64,57.61789492940424,3.9782764221910387,1.135096832905642,36.19374830559246,-0.1767161120765058,2.553887227356994,56.76926990146698,37.18892145699175,2.2768033940549337,0.8486250279372598,-0.9951731513992925,0.27708383330206043
365.0,3.65,52.441752443285516,5.9071299806169115,-0.14007521749638827,35.05539215798294,-0.09130052301412876,2.1954819682243607,56.923146877370016,37.290046775541256,2.2811952209809245,-4.4813944340845,-2.234654617558313,-0.08571325275656383
366.0,3.66,50.27871259494422,7.044284334886689,-0.3407610618071949,37.009789822706374,-0.2849887883603002,2.4820328273706225,57.07702385327307,37.39117209409077,2.2855870479069154,-6.798311258328852,-0.3813822713843962,0.19644577946370712
367.0,3.67,53.730595590553804,8.609918491191412,-0.5747492513720894,37.10583460562028,-0.21389510706331727,2.388603208181829,57.23090082917611,37.49229741264028,2.2899788748329057,-3.5003052386223032,-0.3864628070200027,0.09862433334892318
368.0,3.68,59.03374217484775,4.8714454399202065,-0.2159870428466051,36.0747855862314,0.0320327192151558,2.4258038141184253,57.38477780507916,37.5934227311898,2.294370701758896,1.648964369768592,-1.5186371449583973,0.13143311235952915
369.0,3.69,59.15902593842655,5.457722882169378,0.07487226178648222,36.86093642124319,0.48785082805095287,2.264304356471313,57.5386547809822,37.69454804973931,2.298762528684887,1.6203711574443531,-0.8336116284961221,-0.034458172213573945
370.0,3.7,55.20128696252823,2.6028952977692126,-0.21598732742977317,38.69883668327716,0.8777034590566619,2.1496019913273945,57.692531756885245,37.795673368288824,2.303154355610878,-2.4912447943570157,0.9031633149883334,-0.1535523642834833
371.0,3.71,52.713896139423596,5.483856691456226,0.33531082236513826,38.12935777433115,1.299451393396469,2.05662541486595,57.84640873278829,37.89679868683833,2.3075461825368677,-5.1325125933646945,0.23255908749281673,-0.25092076767091775
372.0,3.72,51.03126145655462,6.49673069949368,0.39693659553446,36.56755567754891,1.3752753517080865,2.0446752876014416,58.00028570869134,37.99792400538785,2.3119380094628585,-6.96902425213672,-1.4303683278389414,-0.267262721861417
373.0,3.73,52.901546967662426,3.77294588435385,0.35270512086149874,37.02949203138994,1.2893259214719077,1.937378856164877,58.154162684594375,38.09904932393736,2.3163298363888494,-5.252615716931949,-1.0695572925474153,-0.37895098022397233
374.0,3.74,63.4240998990809,10.737836488698226,-0.7416308650734242,42.62699303889937,0.49458271271739407,2.136760808957035,58.30803966049743,38.20017464248687,2.3207216633148398,5.116060238583472,4.4268183964125,-0.18396085435780485
375.0,3.75,60.21548125601773,5.783743645448692,-0.5097499230573904,37.28124008933608,0.1702529874111075,2.0432731812931664,58.46191663640047,38.301299961036385,2.32511349024083,1.753564619617265,-1.0200598717003047,-0.28184030894766376
376.0,3.76,63.1332338926408,6.488064395398054,-0.23475655865361372,38.12168296811959,-0.1552895747453009,2.044445357558295,58.61579361230351,38.40242527958589,2.329505317166821,4.51744028033729,-0.28074231146629813,-0.2850599596085259
377.0,3.77,60.41602699094115,6.963622739884562,0.9013808104226368,39.74092293613843,-0.26018786711522435,2.001830613402269,58.76967058820656,38.50355059813541,2.333897144092812,1.6463564027345896,1.23737233800302,-0.3320665306905428
378.0,3.78,57.36246473411164,6.689477577788557,0.9563698046743773,40.58377162175675,-0.28691614183121084,2.067528144332287,58.9235475641096,38.60467591668492,2.3382889710188017,-1.5610828299979573,1.9790957050718347,-0.2707608266865149
379.0,3.79,57.47374355264076,5.848149162325357,0.712942616888918,42.048719162979026,-0.16532791380885684,2.163072691492826,59.07742454001265,38.70580123523443,2.3426807979447926,-1.603680987371888,3.342917927744594,-0.17960810645196634
380.0,3.8,56.44269757372285,5.403984007942976,0.9791292780551135,37.47435350435682,0.3111220152251646,2.310176634082137,59.23130151591569,38.806926553783946,2.3470726248707834,-2.788603942192836,-1.3325730494271255,-0.03689599078864658
381.0,3.81,58.027636774530414,7.205321802822908,-0.43798606507904836,37.3397832238539,0.4089365879269253,2.201521153836046,59.38517849181874,38.90805187233346,2.3514644517967738,-1.3575417172883277,-1.5682686484795596,-0.14994329796072758
382.0,3.82,62.90867926040888,4.335777117607364,-0.6822988288590051,35.977347506552036,0.8377481186226329,2.42891409369772,59.53905546772178,39.00917719088297,2.355856278722764,3.3696237926871007,-3.031829684330937,0.07305781497495589
383.0,3.83,63.83188118570419,5.87990117622308,-0.23446554372657322,38.92026653846752,0.5189117134824042,2.3878797992616247,59.69293244362483,39.110302509432486,2.360248105648755,4.138948742079364,-0.1900359709649635,0.027631693612869768
384.0,3.84,59.47435344327682,5.783583619168402,0.06386279597849319,39.069065962664304,0.682737847331166,2.440359362246286,59.84680941952787,39.21142782798199,2.364639932574746,-0.37245597625105376,-0.1423618653176888,0.07571942967154
385.0,3.85,56.1522654795909,5.685873935457654,0.08179312928812998,41.32030243986895,0.6938604268788339,2.2548059477321174,60.00068639543092,39.312553146531506,2.369031759500736,-3.848420915840016,2.00774929333744,-0.11422581176861879
386.0,3.86,55.88979619519314,6.180155954535637,0.2711572251145135,41.99074791071613,0.47254739846379706,2.164005261312388,60.154563371333964,39.41367846508102,2.3734235864267266,-4.264767176140822,2.577069445635111,-0.20941832511433844
387.0,3.87,52.64685467835898,7.661776060012787,-0.3974260616110605,42.972041227238826,0.08016290554462797,2.130221165553543,60.30844034723701,39.51480378363053,2.3778154133527174,-7.661585668878033,3.4572374436082924,-0.24759424779917438
388.0,3.88,57.33722036166388,9.133020817450802,-0.7515271604421065,41.19289741363221,-0.0203536852362228,2.2393974673733124,60.46231732314005,39.61592910218005,2.382207240278708,-3.1250969614761672,1.5769683114521627,-0.14280977290539543
389.0,3.89,64.23033800371485,8.413445307109757,-1.0046848218178732,38.92024886553942,-0.07590224022829833,2.467340296400817,60.6161942990431,39.71705442072956,2.3865990672046986,3.614143704671747,-0.7968055551901401,0.08074122919611826
390.0,3.9,62.367545975041246,4.83204033702236,-1.9193794796992756,36.45789176802182,0.2821356343472214,2.5533247951835927,60.77007127494614,39.81817973927907,2.390990894130689,1.5974747000951055,-3.36028797125725,0.16233390105290368
391.0,3.91,58.04948179383577,5.115472881752334,-0.8667456903758887,36.6147840058635,-0.0893593543208907,2.222188174715797,60.923948250849186,39.91930505782859,2.39538272105668,-2.874466457013419,-3.3045210519650894,-0.17319454634088283
392.0,3.92,57.98873982330375,5.045917175961908,-0.7212417268409008,36.67107568990242,-0.09058334711618246,2.277304777578822,61.07782522675223,40.020430376378094,2.39977454798267,-3.089085403448479,-3.349354686475671,-0.12246977040384799
393.0,3.93,58.89237366046254,6.621733407713763,-0.6571065431144618,41.21830459656679,-0.36378552630027833,2.4508792317029524,61.23170220265528,40.12155569492761,2.4041663749086606,-2.339328542192739,1.096748901639181,0.046712856794291824
394.0,3.94,60.119597496415224,7.833634630763733,0.1513401810837439,41.445899388327504,0.3235521750146477,2.641211625572384,61.385579178558324,40.22268101347712,2.4085582018346514,-1.2659816821430994,1.2232183748503829,0.23265342373773246
395.0,3.95,57.33060486188573,8.932851013472309,0.503137277663501,42.20239751167073,0.7389205258409034,2.633681813858406,61.53945615446137,40.323806332026635,2.4129500287606422,-4.208851292575638,1.878591179644097,0.22073178509776392
396.0,3.96,62.43273335576989,10.624237051185963,0.6837750070877135,44.137553777478296,0.86728265439068,2.597123788140049,61.69333313036441,40.42493165057615,2.417341855686632,0.7394002254054826,3.712622126902147,0.1797819324534169
397.0,3.97,71.93195734628303,8.47995957499803,-0.7352947169973756,44.09605430805189,0.8677431657412572,2.816645848228257,61.84721010626746,40.52605696912566,2.421733682612623,10.084747240015567,3.5699973389262283,0.3949121656156338
398.0,3.98,66.38447089520054,4.432628371327924,-0.9984774829892828,39.86863096810285,0.22932006064727414,3.102786798217301,62.0010870821705,40.62718228767517,2.426125509538614,4.383383813030036,-0.7585513195723195,0.6766612886786874
399.0,3.99,62.16455979131752,4.903311652534478,-0.7021221922862582,39.384569157356324,0.6804017506811436,3.003689612545636,62.15496405807355,40.72830760622468,2.4305173364646047,0.009595733243969562,-1.3437384488683577,0.5731722760810314
400.0,4.0,57.95463123864793,3.670141068358795,0.6213949910038676,38.47297007791309,0.23423659346185866,2.6876617087468926,62.30884103397659,40.829432924774196,2.4349091633905946,-4.354209795328664,-2.356462846861106,0.252752545356298
401.0,4.01,57.699320224469204,4.533515529917095,0.1262310842987782,38.505511471472566,0.017184399754307505,2.5305869184893064,62.46271800987963,40.93055824332371,2.4393009903165854,-4.763397785410426,-2.425046771851143,0.09128592817272096
402.0,4.02,78.91541013922222,-2.194271461172909,-0.9294518887054802,42.68638086501261,-0.6343106100612443,2.8037159617567,62.616594985782676,41.031683561873216,2.443692817242576,16.29881515343954,1.6546973031393932,0.3600231445141242
403.0,4.03,54.55406375984816,8.31589538507674,-0.6429065091143816,42.806909909733314,-0.09355872263190897,2.4308965666386033,62.77047196168573,41.132808880422736,2.4480846441685666,-8.216408201837567,1.6741010293105774,-0.01718807752996332
404.0,4.04,55.035344273630415,7.796833471395394,-0.2425132367066907,43.134558337972166,-0.166079892777653,2.26973078968395,62.924348937588775,41.23393419897224,2.452476471094557,-7.88900466395836,1.9006241389999232,-0.1827456814106072
405.0,4.05,69.20084402968429,10.289382165115073,-1.1966038258274323,45.79219443224601,-0.014081899444746412,2.340529750642703,63.07822591349181,41.335059517521756,2.456868298020548,6.122618116192477,4.457134914724257,-0.11633854737784466
406.0,4.06,66.95433054996758,10.481170179147867,-0.9603422532649303,44.15157880912195,1.2390416815191212,2.3411057420843218,63.23210288939485,41.43618483607127,2.4612601249465382,3.7222276605727274,2.7153939730506806,-0.12015438286221647
407.0,4.07,59.34855174791736,5.311655687911506,-1.1104889805510578,40.60663374528303,1.4726731294102324,2.2379803295843477,63.38597986529791,41.53731015462078,2.465651951872529,-4.03742811738055,-0.9306764093377566,-0.22767162228818139
408.0,4.08,61.45345553925788,5.088460627025479,-0.21348043920351148,40.255987783658725,1.7339595900821596,2.283718671755746,63.53985684120095,41.6384354731703,2.4700437787985194,-2.08640130194307,-1.3824476895115723,-0.18632510704277339
409.0,4.09,59.51182773525346,3.5761381836236694,0.46578679703301185,38.969658117770415,1.6203348759495828,2.251444734894124,63.693733817104,41.7395607917198,2.4744356057245103,-4.181906081850535,-2.769902673949389,-0.22299087083038627
410.0,4.1,59.104179517964404,4.046085251511098,0.3307620616693678,38.21176928513366,0.8190038528212273,2.0296998981788357,63.847610793007036,41.84068611026932,2.4788274326505,-4.7434312750426315,-3.6289168251356543,-0.44912753447166454
411.0,4.11,60.00320372224153,4.890926688901904,-0.29870640078471966,38.71166708667041,0.2577067142043963,2.1855027292257927,64.0014877689101,41.94181142881884,2.483219259576491,-3.998284046668566,-3.230144342148428,-0.29771653035069834
412.0,4.12,60.080521966515334,5.732812141452399,-0.14754984344440616,38.8818655048271,-0.048260783939600704,2.1849223315762116,64.15536474481314,42.042936747368344,2.487611086502482,-4.074842778297807,-3.1610712425412473,-0.30268875492627023
413.0,4.13,74.49467551276501,10.054408555862187,-0.4839639782234337,43.33533561662016,-0.26369708548221976,2.267174702742725,64.30924172071617,42.14406206591786,2.4920029134284722,10.18543379204884,1.1912735507023058,-0.2248282106857471
414.0,4.14,72.93923586380815,9.096706986465001,-0.39683602987935523,44.11471613037611,-0.12601533547991295,2.438328836635789,64.46311869661922,42.245187384467364,2.4963947403544626,8.476117167188931,1.8695287459087453,-0.058065903718673706
415.0,4.15,69.34863492058987,3.545724023967671,0.9032784553971673,39.262077667111065,0.38429386398251913,2.518639635181068,64.61699567252228,42.346312703016885,2.5007865672804535,4.731639248067594,-3.08423503590582,0.017853067900614583
416.0,4.16,68.26077440066292,9.809444485347411,0.1554146929029046,44.45710848208893,0.43931321760086856,2.651855489284128,64.77087264842531,42.4474380215664,2.5051783942064443,3.489901752237614,2.0096704605225284,0.1466770950776839
417.0,4.17,63.84619914352794,10.2579296175217,0.29030593440595964,46.06756560330034,0.4751937344315065,2.5777208022296256,64.92474962432836,42.548563340115905,2.5095702211324347,-1.0785504808004163,3.519002263184433,0.06815058109719097
418.0,4.18,61.315148127097366,5.698548801021155,0.557668013662398,43.529006493919205,0.8460350135273039,2.487877680315412,65.0786266002314,42.64968865866542,2.513962048058425,-3.763478473134036,0.8793178352537865,-0.026084367743012926
419.0,4.19,59.036447377734255,5.38085813260302,-0.15272941810506815,42.970816288349916,1.3729865119803768,2.709356685078775,65.23250357613445,42.75081397721494,2.518353874984416,-6.196056198400193,0.22000231113497648,0.19100281009435927
420.0,4.2,60.875953489630355,6.742794759040327,-0.39623750471522673,40.91035054487271,0.4847577230751169,2.8066349976075675,65.3863805520375,42.851939295764446,2.5227457019104067,-4.510427062407139,-1.9415887508917322,0.2838892956971608
421.0,4.21,57.30073315175418,7.478297808099563,-0.33005911641730307,40.23192783961745,-0.007491484613461592,2.5031384080798214,65.54025752794054,42.95306461431396,2.5271375288363966,-8.23952437618636,-2.721136774696511,-0.023999120756575287
422.0,4.22,72.28169999164034,10.134772947730976,-0.27682204261090315,40.62138918698472,-0.028586489405993943,2.401635023953443,65.69413450384357,43.054189932863466,2.5315293557623875,6.587565487796766,-2.432800745878744,-0.1298943318089445
423.0,4.23,71.94525569847944,9.626427110645945,-0.5950951776646728,39.8096397061825,0.057332922316060846,2.3043414916774325,65.84801147974663,43.155315251412986,2.5359211826883783,6.097244218732811,-3.3456755452304847,-0.23157969101094578
424.0,4.24,71.42908122430187,10.139069760599941,-0.29044192501915217,43.91548883891677,-0.3435504693795391,2.1700828349081314,66.00188845564968,43.2564405699625,2.540313009614369,5.427192768652191,0.6590482689542725,-0.37023017470623776
425.0,4.25,64.49966425839325,6.401069249046076,-0.15720958445870642,44.10502622193719,-0.2872118799041686,2.1885043046249026,66.15576543155271,43.357565888512006,2.544704836540359,-1.6561011731594562,0.747460333425181,-0.3562005319154564
426.0,4.26,63.99094134561492,5.887666619444708,-0.13328101001714346,44.43387275045301,-0.20894344051183178,2.3024219721378185,66.30964240745575,43.45869120706152,2.54909666346635,-2.3187010618408337,0.9751815433914928,-0.24667469132853137
427.0,4.27,64.11982257372787,6.228957617542697,0.6634626382706696,45.67901130796472,-0.08649819477790201,2.4357663521936317,66.4635193833588,43.559816525611026,2.5534884903923403,-2.343696809630927,2.119194782353695,-0.11772213819870858
428.0,4.28,64.36177867394656,7.92060649446708,0.3992058130890251,42.653434397516975,0.3310498030841467,2.5633725104168352,66.61739635926185,43.66094184416055,2.557880317318331,-2.2556176853152863,-1.0075074466435723,0.005492193098504128
429.0,4.29,62.05369002088378,6.31245365018779,-0.39123501864858096,43.388325005573236,0.21968598280933915,2.44799564060846,66.77127333516489,43.76206716271006,2.5622721442443215,-4.717583314281114,-0.37374215713682446,-0.11427650363586128
430.0,4.3,57.37230518062969,6.865672196198932,-0.9967920588088065,43.67667967562458,-0.14441594539294111,2.6536640429299196,66.92515031106794,43.86319248125957,2.5666639711703123,-9.55284513043825,-0.1865128056349903,0.08700007175960733
431.0,4.31,70.85184575697252,7.297093156228869,-0.8162701054023997,41.36005686954796,-0.22777100384692084,2.6406971669145913,67.07902728697098,43.96431779980908,2.5710557980963027,3.772818470001539,-2.6042609302611197,0.06964136881828864
432.0,4.32,76.02682079989063,8.254795523639995,-0.8124252869919033,41.70977595157,-0.2095700741347601,2.6049516752580057,67.23290426287403,44.0654431183586,2.5754476250222935,8.7939165370166,-2.3556671667885993,0.02950405023571223
433.0,4.33,76.49025963975889,8.09308175211965,-0.3764664435417265,42.560152844230444,0.7626933672616986,2.612493143094993,67.38678123877708,44.16656843690811,2.579839451948284,9.103478400981814,-1.6064155926776635,0.03265369114670902
434.0,4.34,67.46209745128928,2.176227596655715,0.6974572254257166,38.333277121847594,0.6463177047966979,2.4318922892150674,67.54065821468012,44.26769375545762,2.5842312788742747,-0.07856076339083984,-5.934416633610027,-0.15233898965920734
435.0,4.35,66.39398349440953,6.557602032358971,0.12353366527935686,47.1317482420051,0.6342827541208065,2.3713733731681135,67.69453519058315,44.36881907400713,2.5886231058002647,-1.3005516961736276,2.7629291679979744,-0.2172497326321512
436.0,4.36,68.76639210557732,6.145477483643845,0.44343114663555816,45.87142592946633,0.5980109628390535,2.510975964704568,67.84841216648621,44.46994439255665,2.5930149327262555,0.9179799390911114,1.401481536909678,-0.08203896802168753
437.0,4.37,69.46932720819927,6.35525741670772,0.978562884792013,46.926997434167234,0.6355582554451628,2.504250886511296,68.00228914238926,44.57106971110616,2.5974067596522463,1.4670380658100157,2.355927723061072,-0.09315587314095053
438.0,4.38,66.35714708892176,9.997098429019797,0.17760765347924048,47.049531155662244,0.7995505410146172,2.4748877783477456,68.15616611829229,44.67219502965567,2.6017985865782367,-1.7990190293705268,2.3773361260065755,-0.12691080823049106
439.0,4.39,68.21973916769942,12.321614430847129,-0.2492364312578499,43.32823891742124,0.6863315089791145,2.3330888380621926,68.31004309419534,44.77332034820518,2.606190413504227,-0.09030392649592045,-1.4450814307839437,-0.2731015754420345
440.0,4.4,57.32308144435334,7.366695773174525,-1.776686157127441,45.6549032335049,0.30752410051041124,2.5012155496963766,68.4639200700984,44.874445666754696,2.610582240430218,-11.140838625745054,0.7804575667502078,-0.10936669073384131
441.0,4.41,73.41917554037794,10.81916200726257,-1.8676173037236035,46.88585084815002,0.12012797722520033,2.541743277334594,68.61779704600143,44.97557098530421,2.6149740673562087,4.801378494376507,1.9102798628458117,-0.07323079002161492
442.0,4.42,75.56557554467743,10.414482694335145,-1.0219091815699832,45.68022883336218,0.629186085482856,2.5758890639576086,68.77167402190447,45.076696303853716,2.619365894282199,6.793901522772956,0.6035325295084633,-0.04347683032459049
443.0,4.43,75.65861933166332,10.059269435503658,-0.979271591088553,42.892400861623756,0.09810392029604531,2.228278117026152,68.92555099780752,45.17782162240323,2.6237577212081895,6.7330683338557975,-2.2854207607794734,-0.39547960418203765
444.0,4.44,67.03125408457693,3.4904098298239377,0.2998350013763601,38.64902095767583,0.5570955875200647,2.3376325849727,69.07942797371058,45.27894694095275,2.6281495481341803,-2.0481738891336505,-6.6299259832769195,-0.2905169631614801
445.0,4.45,63.19909837324944,5.423249303493551,-0.24646332343874022,43.434797840480215,0.28844127702848116,2.2070679300271587,69.23330494961361,45.380072259502256,2.632541375060171,-6.03420657636417,-1.9452744190220415,-0.42547344503301243
446.0,4.46,64.56542396076485,5.763846994521608,-0.5530845718324365,43.092691264455304,0.8697833423785212,2.4706653723296577,69.38718192551666,45.48119757805177,2.6369332019861615,-4.821757964751811,-2.3885063135964657,-0.16626782965650388
447.0,4.47,65.1960977832419,7.976027821117441,0.019245850076508766,47.79207029970376,0.7919676703361145,2.6115221955467174,69.5410589014197,45.582322896601276,2.641325028912152,-4.344961118177807,2.209747403102483,-0.029802833365434545
448.0,4.48,63.63978802587037,7.024141008623025,0.4915987238140391,46.15670940531098,2.0199796367588494,2.471446466432284,69.69493587732275,45.6834482151508,2.6457168558381428,-6.055147851452382,0.47326119016018,-0.1742703894058586
449.0,4.49,64.61929751213188,7.968245829468236,-0.2734344980900329,45.362059676268665,1.360141089541432,2.366909538136936,69.8488128532258,45.78457353370031,2.6501086827641336,-5.229515341093915,-0.42251385743164604,-0.28319914462719753
450.0,4.5,63.44147691459927,9.452913099831163,-0.8866619165299305,45.072680197327145,0.9173876137209427,2.390302255023327,70.00268982912884,45.88569885224982,2.6545005096901235,-6.56121291452957,-0.8130186549226721,-0.2641982546667965
451.0,4.51,78.08733849292369,12.412966479283876,-1.655293932524688,42.889891541097484,1.0410351316647584,2.1240697681619247,70.15656680503187,45.98682417079933,2.6588923366161143,7.93077168789182,-3.096932629701847,-0.5348225684541896
452.0,4.52,76.44071407820097,11.418669582626181,-1.293585370294648,45.04248226710401,0.5760364192262333,2.1240422696197396,70.31044378093492,46.08794948934884,2.6632841635421047,6.130270297266051,-1.0454672222448238,-0.5392418939223651
453.0,4.53,77.2501148193426,11.024486857731727,-0.36597567862386954,44.023214638935784,0.17702949596634227,2.182125999657282,70.46432075683798,46.18907480789836,2.6676759904680956,6.785794062504621,-2.165860168962574,-0.4855499908108136
454.0,4.54,94.40629210054539,1.0663417209311814,-0.19578372292300064,46.210943962524546,0.16169661254425574,2.102921183044099,70.61819773274102,46.29020012644787,2.672067817394086,23.788094367804362,-0.07925616392332557,-0.5691466343499871
455.0,4.55,67.78243728992592,3.924008317079639,0.45657592828110316,39.710629469987694,-0.26765200661331806,2.405977929420272,70.77207470864406,46.39132544499738,2.6764596443200768,-2.9896374187181323,-6.680695975009684,-0.2704817148998049
456.0,4.56,69.3965487199253,6.6172436909211,1.2652517353200816,45.63827701384925,-0.26932662121266515,2.393127641499589,70.9259516845471,46.49245076354689,2.680851471246067,-1.529402964621795,-0.8541737496976438,-0.28772382974647837
457.0,4.57,67.56938691408185,5.766313587567553,1.18825463698194,44.57028281335668,-0.21909218926544277,2.2080559911552284,71.07982866045016,46.59357608209641,2.685243298172058,-3.510441746368315,-2.023293268739735,-0.47718730701682954
458.0,4.58,68.70590251976205,6.677649086198767,1.3224621305549218,45.1023894019157,-0.06852917052398098,2.446187505025097,71.23370563635319,46.69470140064592,2.6896351250980484,-2.5278031165911443,-1.5923119987302172,-0.2434476200729514
459.0,4.59,70.63587063785994,6.372248675449853,1.8025176283296624,44.89839419219436,0.20049836454012368,2.445328105979376,71.38758261225624,46.79582671919543,2.6940269520240387,-0.7517119743963008,-1.8974325270010723,-0.24869884604466286
460.0,4.6,69.55928406297693,7.796467537303315,1.8139003300418886,48.83855200074549,0.35179147692356083,2.5433836617398957,71.54145958815928,46.89695203774494,2.6984187789500296,-1.982175525182356,1.9415999630005487,-0.15503511721013385
461.0,4.61,79.29617767752642,11.133517859298104,-0.2224649914803997,48.76489451911324,0.2530146608801518,2.6890667992206456,71.69533656406233,46.99807735629446,2.7028106058760204,7.600841113464085,1.766817162818782,-0.01374380665537478
462.0,4.62,81.62357154857308,12.539055688488821,-1.888541481947433,52.09167177933471,-0.06538434443552978,2.871154500246971,71.84921353996538,47.09920267484397,2.707202432802011,9.774358008607706,4.992469104490738,0.16395206744496038
463.0,4.63,77.46929939663414,15.174171910969012,-1.504307550887398,50.27026774028225,0.8035096186232821,2.8584898839900053,72.00309051586842,47.20032799339348,2.711594259728001,5.46620888076572,3.069939746888771,0.1468956242620041
464.0,4.64,76.36180828204516,11.562070473666859,-0.6796526860643278,47.66194399867339,1.860196228573182,2.505558959651515,72.15696749177145,47.30145331194299,2.7159860866539915,4.204840790273707,0.36049068673039386,-0.21042712700247668
465.0,4.65,71.93967897144212,8.42571201478636,-0.3406587931228618,47.30905672925689,1.7839422562673424,2.4063730075611782,72.31084446767451,47.40257863049251,2.720377913579983,-0.37116549623239337,-0.09352190123562565,-0.3140049060188046
466.0,4.66,67.27959701064222,1.2099934100551357,-0.4121252388088364,42.5085675939956,1.425586479378558,2.399621803242949,72.46472144357756,47.50370394904202,2.724769740505973,-5.185124432935339,-4.995136355046419,-0.3251479372630244
467.0,4.67,69.700912879343,0.739280023219422,0.05896503670313049,39.86078689471486,1.6492127391367295,2.317014601278008,72.6185984194806,47.60482926759153,2.7291615674319636,-2.9176855401376116,-7.74404237287667,-0.4121469661539554
468.0,4.68,72.50611055556604,2.830136788175951,0.04766664740807897,43.622845151386485,0.8238569979436109,2.0662956526559446,72.77247539538364,47.70595458614104,2.733553394357954,-0.26636483981759795,-4.0831094347545545,-0.6672577417020094
469.0,4.69,96.06179677883115,-7.901376121827686,-0.4293180146627894,44.85156432283312,1.216122979624699,2.0524838415862283,72.9263523712867,47.80707990469056,2.737945221283945,23.135444407544455,-2.9555155818574406,-0.6854613796977165
470.0,4.7,67.01537648839758,4.092778047472046,-0.4882904693709899,43.506374003112356,1.8817380038492106,1.8918876651964542,73.08022934718974,47.908205223240074,2.7423370482099356,-6.064852858792165,-4.401831220127718,-0.8504493830134814
471.0,4.71,70.70958695320208,6.668260511479448,0.5872669499421903,44.74761619797973,1.3735746363035135,1.873018737824254,73.23410632309277,48.00933054178958,2.746728875135926,-2.5245193698906974,-3.2617143438098495,-0.873710137311672
472.0,4.72,77.3558516904614,8.18515104942762,0.7598313463602319,44.31756814465397,1.6312302290982184,2.098803789833645,73.38798329899582,48.110455860339094,2.7511207020619164,3.9678683914655863,-3.7928877156851257,-0.6523169122282715
473.0,4.73,77.11702000185589,11.08752630502469,-0.1437770898930791,50.275665111531104,-0.522926374262133,2.6143701429446344,73.54186027489888,48.21158117888861,2.755512528987907,3.5751597269570112,2.0640839326424967,-0.14114238604327278
474.0,4.74,78.97083247422748,12.869210631217381,-0.726800821536551,52.258220258003334,-0.769861646045976,2.869298884420033,73.69573725080191,48.31270649743812,2.7599043559138976,5.275095223425566,3.9455137605652126,0.10939452850613529
475.0,4.75,74.14943411005927,11.714088777091575,0.4361390983617474,49.755817934923385,-0.17812658181154406,2.3175758263966926,73.84961422670496,48.413831815987635,2.7642961828398884,0.2998198833543171,1.3419861189357505,-0.44672035644319585
476.0,4.76,71.54276795106601,13.259497435299451,0.2914569321497068,50.12062121355226,0.8562008256457851,2.1868085812277718,74.003491202608,48.51495713453714,2.768688009765879,-2.4607232515419923,1.6056640790151206,-0.581879428538107
477.0,4.77,74.3398984166078,13.207264325074958,0.1962742991250714,48.695661747360944,0.8038134380526222,2.1492347337122704,74.15736817851105,48.616082453086655,2.773079836691869,0.18253023809674573,0.07957929427428923,-0.6238451029795988
478.0,4.78,70.68702548412122,6.465749807488212,0.754408202777126,44.383368003927615,0.7800019987138793,2.0027534638387765,74.3112451544141,48.71720777163617,2.77747166361786,-3.6242196702928737,-4.333839767708554,-0.7747181997790835
479.0,4.79,68.18281304380247,4.40530571286149,0.662831862171624,44.42314597460738,0.5551024242889494,1.7593200051205242,74.46512213031714,48.81833309018568,2.7818634905438504,-6.2823090865146725,-4.395187115578302,-1.0225434854233262
480.0,4.8,72.01297362295466,8.100540571158055,0.10056773690797437,49.284187073240616,0.3604141719647965,1.849160325087072,74.61899910622019,48.919458408735196,2.7862553174698412,-2.606025483265526,0.36472866450542085,-0.9370949923827692
481.0,4.81,72.06291730810459,7.787481677009027,0.24545537765162012,51.86968442806202,1.5813947933835566,2.0921382169678324,74.77287608212322,49.0205837272847,2.7906471443958316,-2.709958774018631,2.8491007007773206,-0.6985089274279992
482.0,4.82,71.9511693605762,7.339709628552127,-0.3898765765551214,47.89336463553966,0.8050346291075555,2.068464817414312,74.92675305802628,49.12170904583422,2.7950389713218224,-2.9755836974500767,-1.2283444102945609,-0.7265741539075106
483.0,4.83,72.32084099685807,7.804980502271591,-0.15830059264372556,46.31045816408388,1.2098299491606754,2.0748716358533206,75.08063003392932,49.22283436438373,2.799430798247813,-2.7597890370712577,-2.912376200299846,-0.7245591623944923
484.0,4.84,83.90882362276913,12.286149320716252,-0.23756026890718387,47.526406739405516,1.6218400783211822,2.091982230817591,75.23450700983236,49.32395968293324,2.803822625173803,8.674316612936778,-1.7975529435277267,-0.7118403943562122
485.0,4.85,114.32740624181929,0.916572538135976,-0.717757767198797,49.13972828759774,0.6389227640267268,2.1945697124299155,75.3883839857354,49.425085001482756,2.808214452099794,38.93902225608389,-0.28535671388501527,-0.6136447396698785
486.0,4.86,84.42662847933572,12.399982277303288,-1.203017847348649,48.610570587685984,0.4808800909659871,2.354877523811215,75.54226096163846,49.52621032003227,2.812606279025785,8.884367517697257,-0.9156397323462855,-0.4577287552145699
487.0,4.87,77.32467851668729,10.947312770448104,-0.13272610742227617,46.63832580563156,0.8199455675264373,2.551295061863568,75.6961379375415,49.62733563858178,2.8169981059517752,1.6285405791457919,-2.9890098329502237,-0.2657030440882071
488.0,4.88,75.4724556035404,11.004909855053137,-0.018646144966386696,52.4582467834839,0.3400040075269594,2.434131779560988,75.85001491344454,49.72846095713129,2.8213899328777656,-0.377559309904143,2.729785826352611,-0.3872581533167776
489.0,4.89,72.36156372155445,15.991140713634426,0.16285574327588864,59.47970722637459,0.9619596562188351,2.3727037144311987,76.00389188934759,49.8295862756808,2.825781759803756,-3.6423281677931385,9.65012095069379,-0.45307804537255736
490.0,4.9,66.35878972522958,6.761570179318454,1.2690827467045023,49.240072320492786,1.2287154487874514,2.444148641169457,76.15776886525065,49.930711594230324,2.8301735867297473,-9.79897914002106,-0.6906392737375384,-0.38602494556029043
491.0,4.91,73.20431083376583,7.5870130752127425,0.5970090616549164,45.70914514168204,0.9757891386708378,2.149716915059547,76.31164584115368,50.03183691277983,2.8345654136557377,-3.107335007387846,-4.322691771097787,-0.6848484985961907
492.0,4.92,72.0399967113,7.111254637621739,0.3628005812245859,51.40472880555825,0.842528927126979,2.167401987019761,76.46552281705672,50.132962231329344,2.838957240581728,-4.425526105756717,1.2717665742289057,-0.6715552535619671
493.0,4.93,71.06051097724125,4.344397261708329,-0.11266447691363382,50.99259049251014,1.525277951762443,2.551141479993542,76.61939979295977,50.23408754987885,2.8433490675077184,-5.558888815718518,0.7585029426312886,-0.2922075875141763
494.0,4.94,71.54091409464233,6.27992379190608,-0.8324821960013665,51.93407350133073,0.9184749568850211,2.582040879370803,76.77327676886281,50.33521286842837,2.8477408944337093,-5.232362674220482,1.5988606329023582,-0.2657000150629063
495.0,4.95,69.63969047460438,6.9224392451678884,-0.3270456274746326,51.58631295603908,0.7799806293834429,2.374647967940913,76.92715374476586,50.436338186977885,2.8521327213597,-7.287463270161481,1.1499747690611954,-0.47748475341878693
496.0,4.96,81.34597889644206,9.375598438846726,-0.807887188297561,49.056404047195635,0.3738662875787406,2.4655902922760204,77.0810307206689,50.53746350552739,2.8565245482856905,4.264948175773156,-1.4810594583317567,-0.39093425600967
497.0,4.97,82.12207866132944,9.92855942838781,-1.3211011848894505,50.123593641320475,0.1597994910688212,2.589046403609088,77.23490769657194,50.638588824076905,2.860916375211681,4.887170964757502,-0.5149951827564294,-0.27186997160259274
498.0,4.98,84.92494532285791,11.530742746111567,-2.434345205382193,51.19171203577348,-0.3769225312078242,2.7790956287747424,77.388784672475,50.739714142626426,2.8653082021376717,7.536160650382911,0.45199789314705185,-0.08621257336292931
499.0,4.99,80.08570815535572,11.945699846633557,-2.1042167402304703,50.65279427907627,-0.5416478241957228,2.8443358921417206,77.54266164837804,50.84083946117593,2.869700029063662,2.5430465069776744,-0.18804518209966403,-0.025364136921941505
500.0,5.0,77.06930415370616,10.136775160323264,-1.4541113864472428,50.86196182124536,0.10450694191832256,2.913458604250512,77.69653862428109,50.941964779725446,2.874091855989653,-0.6272344705749333,-0.08000295848008676,0.039366748260859286
