0     625        -4.39018231      1.48300155      1.11274077
1     625        -4.36495791      1.45904878      1.09891699
2     625        -4.34518183      1.43768261      1.07348079
3     625        -4.31351080      1.41653633      1.05238270
4     625        -4.27778001      1.40496720      1.04812066
5     625        -4.26992337      1.40119076      1.05660488
6     625        -4.29943640      1.41603302      1.06201915
7     625        -4.35487683      1.43622900      1.06527042
8     625        -4.42928874      1.46232544      1.08012229
9     625        -4.50392090      1.47666210      1.10392145
10    625        -4.56248464      1.47634850      1.11214937
11    625        -4.58952880      1.44072144      1.09716082
12    625        -4.59183026      1.37209764      1.06071351
13    625        -4.58375659      1.28446634      1.02678651
14    625        -4.56323149      1.20539809      1.00910740
15    625        -4.53557915      1.15668855      1.02698204
16    625        -4.51579744      1.14825536      1.06200519
17    625        -4.52797036      1.18607594      1.07981735
18    625        -4.57266338      1.24140442      1.07169031
19    625        -4.63623225      1.29092522      1.03689336
20    625        -4.69956986      1.30511373      0.99553817
21    625        -4.75140997      1.29651284      0.95633942
22    625        -4.78417203      1.27848623      0.92374664
23    625        -4.80646110      1.26865034      0.91060629
24    625        -4.82045035      1.26932415      0.92491190
25    625        -4.82638842      1.28862888      0.96158118
26    625        -4.81439479      1.32422532      1.00656828
27    625        -4.78117711      1.36663816      1.04597094
28    625        -4.75048812      1.41574294      1.06936609
29    625        -4.74737883      1.47171022      1.07240146
30    625        -4.79206334      1.53808604      1.07491328
31    625        -4.85342716      1.58789417      1.08131533
32    625        -4.90853907      1.61491048      1.08004972
33    625        -4.94877648      1.61333259      1.07252090
34    625        -4.97822014      1.60520776      1.07188732
35    625        -5.00404131      1.59208745      1.09578458
36    625        -5.03431494      1.58107862      1.14244312
37    625        -5.07879764      1.57633498      1.17977041
38    625        -5.13598673      1.60214425      1.17270965
39    625        -5.19025582      1.64629096      1.13093177
40    625        -5.23177570      1.68467661      1.10182060
41    625        -5.25658536      1.69044284      1.10572722
42    625        -5.25658571      1.66936767      1.11419917
43    625        -5.24508268      1.64476896      1.11685497
44    625        -5.22717713      1.61310272      1.12203961
45    625        -5.22968740      1.58735541      1.13457745
46    625        -5.26455554      1.56353891      1.15046280
47    625        -5.33420485      1.55359456      1.15384646
48    625        -5.41265789      1.55269771      1.13033635
49    625        -5.47002430      1.56624367      1.09635911
50    625        -5.49769578      1.58236482      1.07228881
51    625        -5.49573499      1.59956098      1.05270001
52    625        -5.46855567      1.59754811      1.03376377
53    625        -5.44062375      1.57343235      1.02525686
54    625        -5.43048259      1.53118386      1.03853903
55    625        -5.44323629      1.49358527      1.06025338
56    625        -5.48198561      1.45618005      1.07953293
57    625        -5.54645191      1.42693319      1.09514981
58    625        -5.62691544      1.42060746      1.11818857
59    625        -5.69133293      1.44066645      1.14073165
60    625        -5.72133868      1.48792512      1.14599612
61    625        -5.72760280      1.52009023      1.13446339
62    625        -5.74233740      1.52727398      1.10515784
63    625        -5.76268995      1.52461964      1.05615174
64    625        -5.77916459      1.52167215      0.99623964
65    625        -5.79315689      1.50192145      0.94123092
66    625        -5.80351838      1.49433157      0.89981823
67    625        -5.82112687      1.50155636      0.87019829
68    625        -5.84328894      1.50782631      0.84753449
69    625        -5.86752931      1.51114545      0.83193354
70    625        -5.89785380      1.50946627      0.82954769
71    625        -5.93775260      1.49786568      0.84056237
72    625        -5.97340075      1.48561142      0.86247264
73    625        -6.00273513      1.49366970      0.88256835
74    625        -6.03454995      1.49501487      0.87828001
75    625        -6.05821922      1.47142514      0.85648522
76    625        -6.05649464      1.42988865      0.82573614
77    625        -6.02821466      1.40876130      0.79002114
78    625        -5.98789792      1.42997193      0.75508634
79    625        -5.96864885      1.47654600      0.71422081
80    625        -5.98057384      1.50368924      0.68135618
81    625        -5.99549686      1.49099570      0.66478787
82    625        -5.97623545      1.44601163      0.65859768
83    625        -5.92023203      1.36837521      0.66135960
84    625        -5.86965541      1.29319420      0.68444383
85    625        -5.84357671      1.24443046      0.71589383
86    625        -5.82508914      1.21339216      0.72331831
87    625        -5.78865908      1.19245467      0.72894456
88    625        -5.74211139      1.21344601      0.74299657
89    625        -5.71096115      1.28347144      0.76893575
90    625        -5.69688012      1.37327548      0.79620523
91    625        -5.69443319      1.44784857      0.80176725
92    625        -5.68138363      1.48435944      0.78004123
93    625        -5.65531929      1.49387689      0.72940660
94    625        -5.65044053      1.48653283      0.66928892
95    625        -5.67664440      1.44982221      0.62947531
96    625        -5.70424927      1.40946061      0.62815978
97    625        -5.69319527      1.38781849      0.62895894
98    625        -5.66469638      1.39727768      0.59679896
99    625        -5.63502269      1.45852048      0.53224048
100   625        -5.60642106      1.58111321      0.48267974
101   625        -5.58243925      1.71355759      0.45962499
102   625        -5.56207594      1.81519426      0.45663764
103   625        -5.54528973      1.90984639      0.47277193
104   625        -5.52314558      2.00735895      0.49014107
105   625        -5.52403811      2.10577928      0.48736032
106   625        -5.55463906      2.20031136      0.46711903
107   625        -5.59487795      2.29356346      0.44428590
108   625        -5.61555807      2.37513594      0.41590740
109   625        -5.59191862      2.43442883      0.37114449
110   625        -5.52535862      2.46268590      0.30403808
111   625        -5.44678465      2.46627780      0.21757854
112   625        -5.37883261      2.47209652      0.13982293
113   625        -5.31877419      2.48161304      0.08750603
114   625        -5.26857560      2.48936629      0.03475252
115   625        -5.23648757      2.46367310     -0.04198564
116   625        -5.21443593      2.41396731     -0.10810473
117   625        -5.19569942      2.34789303     -0.15136527
118   625        -5.16306740      2.29193293     -0.20844078
119   625        -5.11349751      2.26163883     -0.30087988
120   625        -5.07089843      2.26765396     -0.39513105
121   625        -5.04120877      2.27873036     -0.45049098
122   625        -5.02093162      2.26588373     -0.45636954
123   625        -4.98551138      2.24307122     -0.43369868
124   625        -4.92482384      2.23932256     -0.40945358
125   625        -4.87361590      2.26485209     -0.40004275
126   625        -4.84224835      2.29422650     -0.39445925
127   625        -4.82997677      2.32007461     -0.37687856
128   625        -4.81937464      2.34086101     -0.37987504
129   625        -4.78870092      2.36830623     -0.43036216
130   625        -4.75139057      2.38737016     -0.50352695
131   625        -4.72709567      2.40268496     -0.56932710
132   625        -4.69919016      2.42979346     -0.61831994
133   625        -4.66257919      2.46514302     -0.65249024
134   625        -4.62923757      2.46666967     -0.67365297
135   625        -4.61251835      2.42338789     -0.68676466
136   625        -4.61672568      2.37563168     -0.69781262
137   625        -4.61781517      2.35289604     -0.69681961
138   625        -4.60382212      2.34570582     -0.67912233
139   625        -4.57470280      2.33482530     -0.65722642
140   625        -4.55064197      2.32817253     -0.64930952
141   625        -4.53269624      2.33257110     -0.66654728
142   625        -4.51170762      2.34191927     -0.68035448
143   625        -4.48652855      2.34843490     -0.67913773
144   625        -4.47722114      2.34612889     -0.66452108
145   625        -4.46620516      2.35602218     -0.66510267
146   625        -4.45008973      2.38001863     -0.67682895
147   625        -4.41981105      2.42118670     -0.67955303
148   625        -4.37267641      2.46742296     -0.66102217
149   625        -4.32264605      2.48498781     -0.63742248
150   625        -4.26921619      2.46315549     -0.62396004
151   625        -4.22261765      2.41010881     -0.60482775
152   625        -4.17939190      2.34923480     -0.59081149
153   625        -4.13153072      2.31063617     -0.57024043
154   625        -4.06682491      2.31953798     -0.54452662
155   625        -4.00573133      2.35044342     -0.50999904
156   625        -3.95478508      2.35898587     -0.49111723
157   625        -3.92726232      2.32011691     -0.48915123
158   625        -3.92648392      2.25929368     -0.48409434
159   625        -3.95092446      2.21551956     -0.43839730
160   625        -3.97911571      2.19324731     -0.34466794
161   625        -4.00888131      2.17475723     -0.24934440
162   625        -4.04487338      2.16394826     -0.18855725
163   625        -4.06521171      2.15408322     -0.15088452
164   625        -4.07384706      2.12858470     -0.10470383
165   625        -4.09003498      2.07318007     -0.05587217
166   625        -4.11094709      2.01508486     -0.02508303
167   625        -4.11804743      1.98242588     -0.01203130
168   625        -4.11882905      1.97652622      0.00389018
169   625        -4.13670175      1.99704482      0.03714534
170   625        -4.17263814      2.01987633      0.10495873
171   625        -4.19912971      2.01338119      0.20347471
172   625        -4.20472321      1.95941626      0.31353530
173   625        -4.18957313      1.90057838      0.40980687
174   625        -4.15817985      1.85830430      0.46213618
175   625        -4.11612636      1.83004117      0.47760677
176   625        -4.07032807      1.80288506      0.50353969
177   625        -4.02466966      1.79469063      0.53850217
178   625        -4.00351442      1.79303867      0.55897385
179   625        -4.00399164      1.82509080      0.58589867
180   625        -3.99907279      1.88837794      0.62678368
181   625        -3.99030535      1.93571523      0.65652934
182   625        -3.96579432      1.94988388      0.66060691
183   625        -3.94082758      1.92825662      0.66754663
184   625        -3.90783790      1.89326173      0.66330732
185   625        -3.89868964      1.87566569      0.62286616
186   625        -3.88975454      1.92387454      0.56586033
187   625        -3.88510357      1.98985873      0.54341382
188   625        -3.90216796      2.03119222      0.56561335
189   625        -3.92281768      2.02884187      0.61907134
190   625        -3.93120363      2.00530394      0.69747665
191   625        -3.90849796      2.00740942      0.76286583
192   625        -3.87605411      2.04802100      0.78652253
193   625        -3.82676655      2.13314296      0.77522464
194   625        -3.77039057      2.21041040      0.75321321
195   625        -3.73106637      2.26690379      0.72600218
196   625        -3.72334835      2.32770519      0.70527621
197   625        -3.73886677      2.40358738      0.69381808
198   625        -3.75224093      2.46618933      0.69136929
199   625        -3.74079234      2.49152200      0.68482823
200   625        -3.71399020      2.48593356      0.68336103
201   625        -3.67062294      2.48108427      0.69078764
202   625        -3.61727772      2.49715735      0.69228054
203   625        -3.56203378      2.52508237      0.69168800
204   625        -3.49924639      2.56949171      0.70910781
205   625        -3.44817903      2.62940450      0.74340208
206   625        -3.39845147      2.68610811      0.76990012
207   625        -3.36839138      2.71898610      0.78073903
208   625        -3.36526910      2.72310048      0.78363468
209   625        -3.38039142      2.72008217      0.76740978
210   625        -3.40752018      2.70872797      0.74162765
211   625        -3.43897784      2.67797456      0.73081724
212   625        -3.46227157      2.63861613      0.74061380
213   625        -3.50191260      2.61100395      0.76431808
214   625        -3.55989300      2.60580687      0.81287465
215   625        -3.60074659      2.61204911      0.89144839
216   625        -3.61218500      2.62900813      0.98875781
217   625        -3.60128629      2.65019767      1.07188793
218   625        -3.56727910      2.65577815      1.11770604
219   625        -3.51449681      2.65412646      1.13021026
220   625        -3.46580954      2.67491281      1.10100227
221   625        -3.44555308      2.71095647      1.04127606
222   625        -3.46431039      2.72163161      0.94891514
223   625        -3.50544870      2.70727308      0.86219991
224   625        -3.54910094      2.68276229      0.82217629
225   625        -3.59491505      2.63005640      0.85531795
226   625        -3.65169232      2.52831483      0.93641252
227   625        -3.69888351      2.41930413      1.03327893
228   625        -3.72996496      2.36651482      1.11132364
229   625        -3.74263118      2.37767598      1.15601951
230   625        -3.73388501      2.41969466      1.18173057
231   625        -3.71666637      2.44757621      1.18378771
232   625        -3.69168141      2.46686202      1.15741328
233   625        -3.65267461      2.48734646      1.09979675
234   625        -3.60878421      2.52440295      1.06114535
235   625        -3.57447981      2.57164430      1.07433381
236   625        -3.56364758      2.60641960      1.11338091
237   625        -3.57141245      2.61186026      1.12184894
238   625        -3.57435871      2.58511555      1.10370680
239   625        -3.56610904      2.53031387      1.09717179
240   625        -3.54715972      2.46563117      1.10390345
241   625        -3.52947329      2.41413019      1.10443134
242   625        -3.52229771      2.38569250      1.09865272
243   625        -3.52560377      2.37503626      1.10877799
244   625        -3.52520467      2.37112076      1.13654975
245   625        -3.51871013      2.36410388      1.17396298
246   625        -3.50997338      2.34817387      1.19957699
247   625        -3.51491557      2.33383246      1.21873482
248   625        -3.53482594      2.33941364      1.22872941
249   625        -3.56656052      2.36106619      1.23250895
250   625        -3.60150624      2.38159013      1.22814402
251   625        -3.64131911      2.39288395      1.23086661
252   625        -3.67838917      2.40067682      1.27318894
253   625        -3.70529618      2.41182518      1.35078726
254   625        -3.72735247      2.40458724      1.41504741
255   625        -3.72276695      2.36798949      1.42991851
256   625        -3.71304328      2.32631808      1.40538697
257   625        -3.70469298      2.31859958      1.37033317
258   625        -3.68785630      2.33373608      1.34025584
259   625        -3.66419326      2.34836685      1.33000829
260   625        -3.65349636      2.35614546      1.34354399
261   625        -3.65411550      2.36590667      1.38487061
262   625        -3.66111158      2.35936570      1.42501995
263   625        -3.68932364      2.32586376      1.44488883
264   625        -3.73173974      2.28296725      1.44769883
265   625        -3.76960627      2.24554811      1.43281976
266   625        -3.80210824      2.21516093      1.40763931
267   625        -3.82468820      2.19055259      1.37840217
268   625        -3.82690845      2.19139406      1.36534264
269   625        -3.79764805      2.22633789      1.37598977
270   625        -3.73684458      2.28644821      1.41533107
271   625        -3.67157798      2.35589121      1.46242683
272   625        -3.62592949      2.42263215      1.49382672
273   625        -3.60986339      2.49469967      1.51196414
274   625        -3.61892906      2.55579358      1.51410903
275   625        -3.64862840      2.57394388      1.50367503
276   625        -3.68726781      2.54506689      1.49389020
277   625        -3.71973540      2.49037956      1.50236339
278   625        -3.73938001      2.44369961      1.53357656
279   625        -3.73884632      2.40443356      1.58812446
280   625        -3.70379696      2.37953330      1.65228561
281   625        -3.64507603      2.35824737      1.71177393
282   625        -3.60872912      2.33079820      1.74967503
283   625        -3.60975280      2.29518787      1.78699162
284   625        -3.63341134      2.25042475      1.81471232
285   625        -3.66005036      2.21503331      1.83662540
286   625        -3.67605696      2.19200655      1.86486261
287   625        -3.67533472      2.17622801      1.90771881
288   625        -3.63037262      2.14114111      1.98200504
289   625        -3.55275869      2.09588994      2.07030097
290   625        -3.45932064      2.04327949      2.18006196
291   625        -3.37232756      2.00874917      2.28566269
292   625        -3.28111239      1.99630927      2.35275647
293   625        -3.17404306      1.99483787      2.38609529
294   625        -3.07788376      2.00290900      2.42308999
295   625        -3.01945739      2.01928498      2.46527046
296   625        -2.99758052      2.03938998      2.49515551
297   625        -3.01448525      2.05379454      2.50452474
298   625        -3.06885859      2.06690125      2.51219815
299   625        -3.14159081      2.08390729      2.52646688
300   625        -3.21331249      2.11047438      2.52535934
301   625        -3.28088254      2.13480402      2.51596674
302   625        -3.32602035      2.16011419      2.51043459
303   625        -3.33654848      2.19401830      2.53332567
304   625        -3.33315059      2.24726112      2.58775069
305   625        -3.31034721      2.29619769      2.65520894
306   625        -3.26989929      2.33953946      2.71220090
307   625        -3.23341344      2.35937767      2.75764075
308   625        -3.20893331      2.37565082      2.79615978
309   625        -3.18089557      2.42319132      2.83189347
310   625        -3.16217618      2.48107881      2.87044799
311   625        -3.16767185      2.50852263      2.91917287
312   625        -3.21516749      2.46857342      2.97971519
313   625        -3.29327743      2.38721950      3.03660655
314   625        -3.36768389      2.29519370      3.09816109
315   625        -3.39147602      2.21241391      3.15135130
316   625        -3.35357145      2.13485651      3.18922228
317   625        -3.30359168      2.07687489      3.21505845
318   625        -3.27229330      2.04537319      3.22589707
319   625        -3.25826302      2.03277516      3.21599864
320   625        -3.24205644      2.00371752      3.19349782
321   625        -3.23250472      1.95532296      3.16609799
322   625        -3.22377008      1.91487452      3.14094317
323   625        -3.22474930      1.89856324      3.13385138
324   625        -3.24896173      1.92097194      3.13467218
325   625        -3.28183280      1.94361701      3.13420077
326   625        -3.32483157      1.94410808      3.14210611
327   625        -3.38018283      1.90397489      3.17323631
328   625        -3.42927686      1.85527313      3.20720080
329   625        -3.43337766      1.80789654      3.21855303
330   625        -3.39735878      1.79267932      3.20154164
331   625        -3.36616489      1.81005481      3.17613269
332   625        -3.36873744      1.82492923      3.14288838
333   625        -3.39345620      1.83795708      3.08607540
334   625        -3.40821017      1.84082287      3.01898306
335   625        -3.40401390      1.84384820      2.95367736
336   625        -3.38805703      1.86034972      2.90316730
337   625        -3.35906370      1.90441475      2.87815203
338   625        -3.30408734      1.94342021      2.87708010
339   625        -3.23384994      1.98256860      2.89238052
340   625        -3.18330178      2.04261585      2.88901841
341   625        -3.15826609      2.13521353      2.86442879
342   625        -3.14435161      2.23089947      2.85357916
343   625        -3.11617080      2.28636320      2.87351553
344   625        -3.07831288      2.29736340      2.91114159
345   625        -3.05912285      2.30020135      2.94049787
346   625        -3.04264680      2.31586793      2.96650809
347   625        -2.99532819      2.34439863      3.00593584
348   625        -2.92945602      2.38295462      3.05721334
349   625        -2.88013041      2.38786408      3.10556471
350   625        -2.84715433      2.37174594      3.14780909
351   625        -2.81316856      2.36819374      3.20925526
352   625        -2.77929697      2.39614134      3.29404220
353   625        -2.77729849      2.41300639      3.37764354
354   625        -2.78718143      2.40253575      3.44255468
355   625        -2.77606315      2.37825519      3.48997219
356   625        -2.72311753      2.34854741      3.51901746
357   625        -2.65141799      2.33151788      3.51121298
358   625        -2.59103321      2.31679868      3.46251986
359   625        -2.55308276      2.30231171      3.39668193
360   625        -2.52324989      2.29470753      3.32216279
361   625        -2.47824082      2.31235044      3.27720171
362   625        -2.43847453      2.32996240      3.28126913
363   625        -2.41062932      2.34104969      3.30365790
364   625        -2.40399129      2.32518845      3.30560927
365   625        -2.40443210      2.30097061      3.26574712
366   625        -2.42398920      2.27516504      3.20945449
367   625        -2.42529065      2.23418029      3.14545409
368   625        -2.37201351      2.17514360      3.08028048
369   625        -2.29387867      2.12628999      3.00638688
370   625        -2.21045808      2.11096500      2.90949337
371   625        -2.12833091      2.08969404      2.80935830
372   625        -2.05832352      2.03698577      2.73727277
373   625        -2.02804322      1.95336710      2.68351923
374   625        -2.02242891      1.88648330      2.62879244
375   625        -2.02911120      1.85543290      2.57724983
376   625        -2.04549365      1.84707030      2.53065308
377   625        -2.05663635      1.83711064      2.50013464
378   625        -2.04207072      1.82221403      2.48388052
379   625        -2.00250617      1.81958055      2.49981118
380   625        -1.94736317      1.82098492      2.53848933
381   625        -1.89957366      1.81890946      2.56788682
382   625        -1.88010017      1.80595872      2.57046493
383   625        -1.89891763      1.78466172      2.56494899
384   625        -1.94550077      1.74903940      2.56314646
385   625        -1.99605147      1.70935128      2.56316981
386   625        -2.03878644      1.68105328      2.56355692
387   625        -2.06185619      1.65779255      2.56415387
388   625        -2.07969193      1.64305037      2.56483100
389   625        -2.09922545      1.61964152      2.56604142
390   625        -2.10646665      1.61058674      2.57065372
391   625        -2.08574996      1.61405340      2.58641813
392   625        -2.06591194      1.63708273      2.61591808
393   625        -2.05556603      1.66961432      2.64530360
394   625        -2.06036208      1.69022623      2.65647804
395   625        -2.07720656      1.70461584      2.66405030
396   625        -2.09249741      1.71937610      2.68438778
397   625        -2.10112499      1.74620023      2.71035957
398   625        -2.10138572      1.78795719      2.73728563
399   625        -2.09697471      1.84816206      2.74705541
400   625        -2.08730154      1.91025003      2.73820920
401   625        -2.06225415      1.95303398      2.71991802
402   625        -2.04101356      1.96679598      2.70799053
403   625        -2.01962869      1.95545845      2.69546203
404   625        -1.98945321      1.92653342      2.67460161
405   625        -1.96220116      1.90525670      2.65197852
406   625        -1.93997588      1.90601985      2.63127849
407   625        -1.92487744      1.91451248      2.61013658
408   625        -1.93167731      1.91451876      2.58578518
409   625        -1.93875126      1.90960908      2.58111819
410   625        -1.92146455      1.92198772      2.58574900
411   625        -1.88540087      1.93764995      2.59603882
412   625        -1.84874360      1.94255906      2.60471072
413   625        -1.82246758      1.92546761      2.61282443
414   625        -1.79896408      1.89610282      2.61527120
415   625        -1.77296568      1.85960042      2.60739813
416   625        -1.73942731      1.83214881      2.60097745
417   625        -1.71745892      1.83303642      2.59159098
418   625        -1.72210952      1.85025842      2.56895187
419   625        -1.76453285      1.85261138      2.52857555
420   625        -1.81904378      1.83209339      2.51161077
421   625        -1.84678057      1.80428815      2.51841011
422   625        -1.83708765      1.77628719      2.53064999
423   625        -1.82068386      1.76274346      2.53531605
424   625        -1.81986772      1.75770975      2.52300024
425   625        -1.82087367      1.75344719      2.49794479
426   625        -1.81626689      1.73193496      2.46712651
427   625        -1.80964858      1.69252464      2.44703063
428   625        -1.80301013      1.64779092      2.43937341
429   625        -1.78196780      1.61881277      2.43868843
430   625        -1.74601287      1.61803739      2.43044219
431   625        -1.70200823      1.64505134      2.42091940
432   625        -1.67058140      1.69460149      2.41148834
433   625        -1.65678271      1.73576361      2.40138385
434   625        -1.65955991      1.74109751      2.39473259
435   625        -1.66850795      1.70157132      2.38313845
436   625        -1.68135539      1.64423498      2.36937035
437   625        -1.69223816      1.59011431      2.35334127
438   625        -1.67832797      1.55163370      2.32820054
439   625        -1.63994756      1.52007839      2.29477962
440   625        -1.57618835      1.50343176      2.26476841
441   625        -1.51990159      1.53241926      2.22246387
442   625        -1.47663761      1.59104810      2.16558126
443   625        -1.45210346      1.63118855      2.10683553
444   625        -1.44148959      1.62085674      2.05893877
445   625        -1.44470716      1.57293774      2.01728893
446   625        -1.46406202      1.50244493      1.98643403
447   625        -1.49026393      1.43681208      1.96316875
448   625        -1.50724335      1.40725345      1.93533318
449   625        -1.49959073      1.42902011      1.89939598
450   625        -1.47682021      1.48200704      1.85926611
451   625        -1.45922162      1.52595228      1.82743479
452   625        -1.47656506      1.53300984      1.79337355
453   625        -1.52121061      1.50608008      1.75760172
454   625        -1.56883063      1.46746299      1.73111765
455   625        -1.58816244      1.41777785      1.71898976
456   625        -1.56624317      1.34986423      1.71874806
457   625        -1.53456044      1.27774267      1.72482515
458   625        -1.52171593      1.23212517      1.72798377
459   625        -1.52787731      1.21808309      1.72392600
460   625        -1.53353189      1.20659072      1.70390828
461   625        -1.54926407      1.17618981      1.67357832
462   625        -1.56142085      1.12892644      1.63982988
463   625        -1.57803164      1.08101903      1.59817945
464   625        -1.60322919      1.04893694      1.54470030
465   625        -1.63962922      1.03229493      1.49473554
466   625        -1.65538424      1.02869700      1.45120260
467   625        -1.62405958      1.00839750      1.41666063
468   625        -1.56690745      0.94007427      1.40422079
469   625        -1.52967482      0.84510275      1.40578128
470   625        -1.52461228      0.74995309      1.40538881
471   625        -1.52524301      0.67483425      1.38437159
472   625        -1.51850559      0.61899393      1.35974601
473   625        -1.49890796      0.58015289      1.35538851
474   625        -1.46801004      0.57027182      1.35492076
475   625        -1.44740016      0.58779820      1.34468103
476   625        -1.45165927      0.61575553      1.34106579
477   625        -1.45978576      0.62772287      1.33972428
478   625        -1.43620429      0.61697173      1.34630238
479   625        -1.39102775      0.58678416      1.38406591
480   625        -1.35675255      0.56021458      1.45175346
481   625        -1.33818158      0.54229170      1.52448453
482   625        -1.32556893      0.53596224      1.57559102
483   625        -1.31037950      0.54411416      1.60877520
484   625        -1.29461267      0.56382440      1.62390883
485   625        -1.25167619      0.59193054      1.63506125
486   625        -1.19925168      0.63177460      1.66147905
487   625        -1.17051862      0.66427527      1.70212913
488   625        -1.18189747      0.66066174      1.76415539
489   625        -1.21241102      0.63976584      1.84370720
490   625        -1.26150672      0.62768811      1.91649900
491   625        -1.31925405      0.62150659      1.96122492
492   625        -1.36486159      0.60460650      1.97554191
493   625        -1.39360319      0.57519563      1.95714228
494   625        -1.39232795      0.56340417      1.90964391
495   625        -1.37562171      0.57988989      1.85945986
496   625        -1.34160188      0.61664428      1.83200728
497   625        -1.31842576      0.65393550      1.83656565
498   625        -1.30348647      0.67638692      1.86083083
499   625        -1.30474982      0.67174980      1.89293012
500   625        -1.29821366      0.67437864      1.93132215
501   625        -1.26347341      0.67016172      1.95226256
502   625        -1.21774073      0.65012178      1.93297106
503   625        -1.17199562      0.62311488      1.88680657
504   625        -1.14785653      0.58262811      1.83879154
505   625        -1.12274949      0.52162834      1.80489885
506   625        -1.09886781      0.46730958      1.78028706
507   625        -1.08123820      0.46008587      1.75752871
508   625        -1.09070399      0.52216407      1.74266502
509   625        -1.11947145      0.60946469      1.75330289
510   625        -1.16046767      0.69058818      1.78420627
511   625        -1.21259164      0.75122964      1.80729200
512   625        -1.28653825      0.78091125      1.81568190
513   625        -1.36311305      0.78573207      1.81006507
514   625        -1.41248120      0.77350024      1.78556982
515   625        -1.42042325      0.76738799      1.74648214
516   625        -1.41005252      0.75874368      1.71858035
517   625        -1.40250311      0.74698888      1.71226009
518   625        -1.38221151      0.72562795      1.71352429
519   625        -1.36078213      0.67513005      1.71926955
520   625        -1.34601899      0.61177013      1.73924319
521   625        -1.35533426      0.55825846      1.77113046
522   625        -1.37480793      0.53040783      1.79533007
523   625        -1.39425797      0.53905411      1.79151180
524   625        -1.41383826      0.59580581      1.76170789
525   625        -1.42589922      0.68369131      1.72228434
526   625        -1.42397757      0.75413898      1.67933912
527   625        -1.40692580      0.77901637      1.62329520
528   625        -1.38210363      0.77685275      1.56823818
529   625        -1.35011059      0.76627175      1.55041755
530   625        -1.32491574      0.75477615      1.58307115
531   625        -1.31251787      0.73145884      1.63608142
532   625        -1.31135351      0.70021416      1.68734371
533   625        -1.30665489      0.67996565      1.74007244
534   625        -1.30639374      0.67896730      1.75760641
535   625        -1.32154898      0.70754306      1.71238876
536   625        -1.33924744      0.74853764      1.61492097
537   625        -1.33985967      0.78163562      1.49902120
538   625        -1.30411176      0.80099495      1.39001391
539   625        -1.25512332      0.81754652      1.31024729
540   625        -1.23036388      0.82933393      1.26718507
541   625        -1.25720167      0.82929362      1.24510427
542   625        -1.27447877      0.83359058      1.24236376
543   625        -1.23472154      0.87202740      1.25846267
544   625        -1.13978942      0.93419941      1.28734290
545   625        -1.05854706      0.98967785      1.30287769
546   625        -1.02649628      1.03477771      1.27016408
547   625        -1.03098131      1.06410754      1.16857856
548   625        -1.02985690      1.06956479      1.02570185
549   625        -1.00814916      1.05947609      0.91531445
550   625        -0.98373681      1.06101823      0.86716934
551   625        -0.95554708      1.07806768      0.87841926
552   625        -0.93111930      1.10889770      0.92231109
553   625        -0.91846381      1.13630928      0.95628694
554   625        -0.91188584      1.14447105      0.95449346
555   625        -0.89686740      1.14832618      0.91870703
556   625        -0.86418128      1.14067726      0.84936993
557   625        -0.80851159      1.12115493      0.75158489
558   625        -0.72922585      1.08233771      0.64255875
559   625        -0.64353914      1.02392410      0.55714477
560   625        -0.55622530      0.95793698      0.52326012
561   625        -0.48887795      0.92027873      0.52179112
562   625        -0.48826106      0.90475341      0.50582097
563   625        -0.54162569      0.88316654      0.47247752
564   625        -0.58717514      0.86097689      0.45664231
565   625        -0.59888386      0.85101529      0.44686490
566   625        -0.58052859      0.84988795      0.42147956
567   625        -0.54668670      0.85084974      0.39800449
568   625        -0.51169135      0.85560904      0.40194270
569   625        -0.48453665      0.87603440      0.40578420
570   625        -0.48793913      0.91058008      0.39276590
571   625        -0.53461500      0.95722074      0.38849497
572   625        -0.59616079      1.01206045      0.40490623
573   625        -0.62524403      1.05941422      0.41833110
574   625        -0.62575227      1.07399471      0.41852715
575   625        -0.64112133      1.06598101      0.42521619
576   625        -0.65796065      1.04756622      0.45529912
577   625        -0.65089703      0.98322712      0.52136667
578   625        -0.61929198      0.87106751      0.61182168
579   625        -0.57790439      0.74857640      0.72076557
580   625        -0.53923937      0.63674711      0.82537196
581   625        -0.52415847      0.54234241      0.88788887
582   625        -0.52200350      0.43641536      0.91493512
583   625        -0.51462182      0.31858553      0.94023199
584   625        -0.48230250      0.23341675      1.00248437
585   625        -0.44761659      0.18400414      1.08467150
586   625        -0.41206996      0.13724660      1.16849405
587   625        -0.37238342      0.07761133      1.27342183
588   625        -0.34055115      0.00741547      1.38252514
589   625        -0.33589913     -0.06012159      1.47100510
590   625        -0.33796883     -0.11690158      1.52538002
591   625        -0.32329254     -0.17163814      1.55928186
592   625        -0.29864762     -0.23458579      1.59488195
593   625        -0.27665034     -0.30619433      1.62739239
594   625        -0.27070513     -0.38274160      1.65616380
595   625        -0.27472820     -0.46487132      1.69139897
596   625        -0.29545420     -0.54300631      1.74404349
597   625        -0.32903179     -0.61017192      1.83368498
598   625        -0.35869272     -0.66438620      1.93317262
599   625        -0.36509265     -0.70947033      2.01952409
600   625        -0.37142323     -0.73638932      2.07591035
601   625        -0.37721751     -0.76819083      2.12067399
602   625        -0.37320781     -0.82841355      2.17337971
603   625        -0.38250083     -0.87871627      2.21370844
604   625        -0.39530591     -0.92698887      2.23575078
605   625        -0.38043128     -0.97697142      2.24675743
606   625        -0.35332967     -0.99716138      2.26876760
607   625        -0.33359126     -0.97259518      2.30545748
608   625        -0.31916052     -0.93112740      2.33979741
609   625        -0.30912230     -0.91558350      2.35721570
610   625        -0.31033521     -0.91321359      2.37205448
611   625        -0.33123243     -0.92502175      2.36021029
612   625        -0.35794513     -0.96961637      2.30499512
613   625        -0.39438288     -1.03896460      2.23345495
614   625        -0.44866929     -1.09489043      2.18832084
615   625        -0.50823195     -1.09479909      2.17134833
616   625        -0.54836479     -1.04351324      2.16435060
617   625        -0.57954829     -0.96978164      2.16434730
618   625        -0.60601999     -0.89340901      2.16160336
619   625        -0.64146432     -0.85324463      2.13800091
620   625        -0.69455181     -0.88323030      2.08699221
621   625        -0.76602286     -0.95943010      2.02580974
622   625        -0.82426280     -1.06891674      1.96179370
623   625        -0.86758731     -1.19015165      1.88166390
624   625        -0.89897508     -1.30543304      1.80321251
625   625        -0.91083584     -1.38775103      1.70905156
626   625        -0.89800113     -1.43306967      1.57477676
627   625        -0.87729663     -1.45318219      1.43933372
628   625        -0.85245905     -1.45935802      1.33839331
629   625        -0.82457028     -1.47929329      1.27578510
630   625        -0.80626209     -1.52414616      1.25208013
631   625        -0.80279343     -1.59636219      1.27217725
632   625        -0.79030560     -1.66612317      1.30489807
633   625        -0.78209725     -1.72121512      1.32105586
634   625        -0.78747417     -1.77170754      1.32441067
635   625        -0.80454500     -1.82620272      1.32534598
636   625        -0.81405785     -1.86667666      1.30728258
637   625        -0.80572225     -1.86235260      1.25567728
638   625        -0.80568357     -1.82397134      1.19133933
639   625        -0.83666370     -1.77841520      1.13682951
640   625        -0.90590521     -1.73260107      1.10467872
641   625        -0.95564608     -1.69079243      1.09119990
642   625        -0.96632214     -1.68025926      1.09069394
643   625        -0.96567445     -1.69010891      1.07808832
644   625        -0.97300063     -1.72674331      1.07572974
645   625        -0.98583779     -1.77610028      1.08927404
646   625        -1.00853654     -1.83663042      1.11038639
647   625        -1.04076555     -1.90429430      1.13836950
648   625        -1.07648006     -1.96178143      1.18171203
649   625        -1.11701385     -2.00155259      1.23791355
650   625        -1.15265251     -2.02082541      1.28476398
651   625        -1.19150900     -2.01311946      1.30484845
652   625        -1.23218263     -1.97700236      1.31224292
653   625        -1.24924949     -1.92847668      1.32645399
654   625        -1.20419398     -1.86869589      1.36193708
655   625        -1.11936375     -1.82726015      1.41745107
656   625        -1.03618307     -1.83071828      1.47734816
657   625        -0.99867777     -1.87196168      1.54503488
658   625        -1.03218769     -1.90924387      1.60255237
659   625        -1.14202113     -1.91035702      1.64839826
660   625        -1.28348306     -1.87193959      1.67705270
661   625        -1.37228541     -1.81941920      1.69373447
662   625        -1.36666482     -1.78089810      1.71280072
663   625        -1.29328749     -1.75884571      1.76970530
664   625        -1.23105776     -1.74652858      1.84103907
665   625        -1.20357458     -1.73839586      1.88310052
666   625        -1.19946191     -1.72664774      1.90363815
667   625        -1.21698996     -1.71889627      1.91023446
668   625        -1.27859275     -1.73336367      1.92165544
669   625        -1.37623630     -1.76063432      1.95371866
670   625        -1.46392333     -1.81964210      2.00964912
671   625        -1.52939128     -1.89266269      2.04590298
672   625        -1.60501151     -1.96517061      2.08569539
673   625        -1.70053141     -2.01716512      2.11609479
674   625        -1.80566851     -2.05351086      2.10725823
675   625        -1.88387238     -2.08845011      2.07956485
676   625        -1.93057299     -2.10444254      2.04750704
677   625        -1.99205828     -2.09001427      2.01630264
678   625        -2.06126545     -2.06145448      1.97901754
679   625        -2.12729559     -2.03875455      1.93721554
680   625        -2.18694145     -2.01512674      1.92239310
681   625        -2.23430266     -1.98021739      1.94630522
682   625        -2.27526906     -1.91327207      1.99481416
683   625        -2.30572567     -1.85377449      2.06154682
684   625        -2.31097725     -1.85311555      2.11800540
685   625        -2.30788784     -1.88501588      2.16590601
686   625        -2.31595150     -1.90291362      2.20778198
687   625        -2.34030148     -1.87400028      2.24425035
688   625        -2.36535482     -1.83359431      2.26356697
689   625        -2.38687579     -1.84199836      2.27322213
690   625        -2.40339356     -1.90422816      2.27611193
691   625        -2.37668761     -1.97749526      2.26641799
692   625        -2.31642619     -2.02350073      2.23812690
693   625        -2.27281255     -2.04445532      2.20059705
694   625        -2.27874317     -2.05472262      2.15254100
695   625        -2.30566385     -2.06086221      2.07283258
696   625        -2.32082126     -2.06331500      2.00573497
697   625        -2.31396043     -2.06349513      1.96928948
698   625        -2.31495740     -2.09749413      1.95959065
699   625        -2.34493126     -2.15351650      1.94939205
700   625        -2.40919067     -2.18501043      1.93130708
701   625        -2.47368614     -2.17836645      1.92939977
702   625        -2.51573374     -2.15614454      1.94512569
703   625        -2.52002323     -2.13919110      1.95398434
704   625        -2.48710258     -2.14998764      1.96411950
705   625        -2.44381479     -2.19390914      1.99148658
706   625        -2.41995657     -2.24113992      1.99492972
707   625        -2.44461718     -2.26988542      1.95937529
708   625        -2.50354086     -2.31236586      1.90831007
709   625        -2.54851005     -2.37034666      1.89496273
710   625        -2.56311338     -2.41117679      1.90672196
711   625        -2.54993101     -2.41710958      1.94383059
712   625        -2.51829090     -2.41761663      2.01987099
713   625        -2.49900364     -2.42344043      2.11017927
714   625        -2.51064255     -2.41081357      2.18106783
715   625        -2.54450226     -2.38611720      2.22466244
716   625        -2.57509311     -2.37345628      2.28309442
717   625        -2.58667191     -2.38873174      2.32984065
718   625        -2.60537774     -2.39617164      2.36760951
719   625        -2.62607784     -2.39368378      2.41017179
720   625        -2.64233755     -2.37595841      2.44707973
721   625        -2.65410522     -2.34248792      2.46035649
722   625        -2.67432423     -2.29101297      2.46843393
723   625        -2.68343969     -2.25575995      2.48876110
724   625        -2.67167715     -2.24779784      2.51095269
725   625        -2.62180725     -2.27676631      2.51755219
726   625        -2.56147290     -2.31421958      2.50323607
727   625        -2.53568417     -2.32840835      2.46775910
728   625        -2.54587286     -2.31009661      2.42011058
729   625        -2.55763105     -2.26951915      2.36696222
730   625        -2.53937890     -2.24047814      2.31627988
731   625        -2.48852885     -2.21863924      2.26681792
732   625        -2.41320932     -2.18200156      2.21606787
733   625        -2.33132299     -2.12600003      2.16326542
734   625        -2.24315572     -2.06545894      2.12468618
735   625        -2.16432751     -1.99253214      2.09020932
736   625        -2.10615867     -1.91985349      2.04251418
737   625        -2.09448345     -1.86725366      1.99961986
738   625        -2.12413825     -1.86193731      1.96853889
739   625        -2.16471124     -1.89514676      1.94011133
740   625        -2.19877392     -1.92263637      1.89038200
741   625        -2.21239428     -1.92008053      1.83778081
742   625        -2.21256012     -1.90566542      1.78717821
743   625        -2.19526185     -1.90782910      1.72170850
744   625        -2.14976292     -1.93030459      1.66052633
745   625        -2.09649403     -1.96368784      1.63322959
746   625        -2.06898998     -1.98405524      1.63668220
747   625        -2.06660883     -1.99813280      1.64840033
748   625        -2.07872515     -2.01662123      1.66539193
749   625        -2.10579988     -2.04315993      1.67768976
750   625        -2.13175220     -2.05824644      1.67575085
751   625        -2.12071294     -2.03640835      1.67275264
752   625        -2.08424326     -1.98765515      1.68552720
753   625        -2.04798725     -1.93152976      1.71539455
754   625        -2.01310945     -1.90751086      1.74066305
755   625        -1.98988997     -1.92758344      1.75137923
756   625        -2.00763841     -1.96999019      1.75494747
757   625        -2.07383508     -1.99848300      1.77440911
758   625        -2.16631610     -2.00327984      1.80763756
759   625        -2.24985281     -2.00270731      1.83699021
760   625        -2.29699132     -2.03280240      1.86725112
761   625        -2.30388340     -2.09976566      1.90269596
762   625        -2.29620834     -2.15595594      1.93021419
763   625        -2.29908360     -2.15833166      1.92346918
764   625        -2.31522395     -2.10518739      1.90860023
765   625        -2.33029766     -2.06163679      1.90182061
766   625        -2.34798017     -2.07141011      1.89802741
767   625        -2.38498154     -2.11682876      1.88869212
768   625        -2.42820999     -2.15329494      1.88778244
769   625        -2.44069953     -2.17582380      1.90360935
770   625        -2.41458096     -2.21042946      1.92968093
771   625        -2.37751590     -2.26072988      1.96014510
772   625        -2.36226864     -2.29892482      1.98419986
773   625        -2.38777394     -2.31874696      2.01232791
774   625        -2.41853205     -2.33280801      2.03592385
775   625        -2.45013128     -2.36334188      2.06692447
776   625        -2.48329584     -2.40227710      2.10160965
777   625        -2.52637470     -2.43540969      2.12837594
778   625        -2.59882472     -2.45084262      2.13951234
779   625        -2.67681433     -2.43822894      2.13801249
780   625        -2.72043040     -2.39689313      2.15473905
781   625        -2.73680563     -2.36879229      2.18474736
782   625        -2.76713678     -2.36003761      2.21032653
783   625        -2.80979073     -2.34999344      2.21941504
784   625        -2.84666768     -2.32392811      2.23813239
785   625        -2.88714280     -2.27684283      2.27203242
786   625        -2.93060360     -2.21102773      2.33066337
787   625        -2.97415768     -2.13379254      2.38557535
788   625        -3.02560117     -2.05791929      2.41400443
789   625        -3.10254175     -1.99501732      2.40691501
790   625        -3.17648394     -1.95033083      2.36442766
791   625        -3.22803391     -1.91537636      2.30396931
792   625        -3.28739927     -1.89535528      2.24994704
793   625        -3.34857091     -1.88358647      2.21247412
794   625        -3.39896934     -1.87851058      2.19293494
795   625        -3.44170766     -1.85621253      2.17473848
796   625        -3.47631265     -1.80609876      2.15377349
797   625        -3.49099704     -1.74481642      2.13201277
798   625        -3.47562408     -1.70034416      2.09176359
799   625        -3.47888715     -1.66231870      2.05219841
800   625        -3.51527259     -1.61710427      2.03608335
801   625        -3.53180081     -1.57372946      2.03807797
802   625        -3.53876237     -1.54156245      2.04561468
803   625        -3.54429162     -1.51948569      2.07009469
804   625        -3.55808494     -1.47770765      2.10267251
805   625        -3.58331771     -1.42728690      2.12731397
806   625        -3.61545311     -1.38232655      2.10476135
807   625        -3.60824360     -1.32496145      2.05158515
808   625        -3.59627690     -1.27659418      1.97841324
809   625        -3.59666372     -1.24719989      1.89597095
810   625        -3.62282849     -1.27067064      1.80665412
811   625        -3.67639117     -1.31398539      1.72573610
812   625        -3.70678283     -1.34070803      1.70037439
813   625        -3.71919964     -1.33536830      1.71745216
814   625        -3.71810723     -1.32218363      1.74361520
815   625        -3.70254117     -1.31407574      1.77107613
816   625        -3.69027133     -1.32763206      1.78670778
817   625        -3.70546760     -1.37475642      1.78588431
818   625        -3.73855678     -1.43394985      1.76340896
819   625        -3.75699331     -1.47237769      1.73875905
820   625        -3.75446267     -1.49158335      1.73642462
821   625        -3.76139961     -1.51181147      1.76237404
822   625        -3.80043820     -1.53980749      1.81691039
823   625        -3.84198551     -1.57084911      1.88782861
824   625        -3.85839175     -1.60464371      1.92915808
825   625        -3.84973942     -1.64630245      1.92521344
826   625        -3.83620732     -1.69571447      1.87927814
827   625        -3.81446239     -1.75255975      1.82530112
828   625        -3.77381331     -1.82818718      1.77878600
829   625        -3.72080798     -1.91475506      1.75631454
830   625        -3.65674470     -1.98987673      1.76697355
831   625        -3.57486346     -2.02614715      1.78574826
832   625        -3.47700014     -2.01130665      1.79549638
833   625        -3.38821166     -1.98755031      1.79603933
834   625        -3.32151197     -1.96287290      1.78927217
835   625        -3.26357323     -1.93588516      1.78677937
836   625        -3.19989318     -1.91684904      1.77840193
837   625        -3.12493068     -1.94007196      1.76199835
838   625        -3.05275821     -2.00451199      1.73374599
839   625        -2.98378323     -2.08944805      1.70711821
840   625        -2.91391364     -2.16468927      1.68566450
841   625        -2.84169639     -2.20092838      1.66808157
842   625        -2.77435988     -2.19491454      1.65982534
843   625        -2.71675112     -2.15510522      1.65893563
844   625        -2.66569989     -2.09981579      1.65260049
845   625        -2.63637727     -2.07477559      1.64379837
846   625        -2.62007190     -2.09720040      1.63135696
847   625        -2.57546302     -2.14597973      1.61615061
848   625        -2.51775436     -2.19915197      1.61232366
849   625        -2.47833586     -2.25776461      1.60920267
850   625        -2.45746133     -2.31582805      1.59372025
851   625        -2.44632187     -2.36907601      1.56393460
852   625        -2.45823351     -2.41438364      1.52395991
853   625        -2.50400421     -2.43948009      1.47777900
854   625        -2.55932258     -2.44192691      1.44159037
855   625        -2.59571567     -2.44825938      1.41597024
856   625        -2.60401700     -2.49423597      1.39388450
857   625        -2.59541710     -2.56224759      1.37663837
858   625        -2.58039282     -2.62003102      1.36010104
859   625        -2.56834305     -2.64492481      1.34703254
860   625        -2.58112095     -2.65856873      1.32774180
861   625        -2.62264078     -2.67272236      1.30368218
862   625        -2.65613647     -2.68956196      1.26621055
863   625        -2.67297667     -2.70852726      1.21915040
864   625        -2.69005549     -2.74499023      1.16355290
865   625        -2.72267781     -2.80404135      1.11835968
866   625        -2.73985610     -2.84871213      1.09218013
867   625        -2.73252539     -2.85628642      1.07615327
868   625        -2.71924729     -2.82792163      1.06700169
869   625        -2.70502259     -2.79751091      1.05996279
870   625        -2.66832765     -2.77627624      1.05783818
871   625        -2.61995733     -2.75980398      1.05839035
872   625        -2.59478095     -2.74644278      1.05009784
873   625        -2.59659327     -2.75890191      1.03668465
874   625        -2.61356511     -2.79127710      1.02115611
875   625        -2.60028590     -2.82651139      1.00238819
876   625        -2.55088819     -2.86475167      0.99143910
877   625        -2.47926170     -2.90896770      1.00349637
878   625        -2.43285522     -2.95347744      1.05317096
879   625        -2.42807600     -2.99259359      1.12476343
880   625        -2.44078190     -3.03362268      1.19980385
881   625        -2.45684270     -3.07900362      1.26665191
882   625        -2.47214758     -3.12734780      1.35068215
883   625        -2.49375237     -3.16676533      1.45061157
884   625        -2.50368278     -3.19754310      1.54221585
885   625        -2.51524752     -3.25548390      1.59026306
886   625        -2.53291421     -3.34482453      1.60818250
887   625        -2.55457950     -3.41671498      1.62629272
888   625        -2.55791116     -3.44978453      1.64884561
889   625        -2.54115876     -3.46444429      1.67143938
890   625        -2.54195180     -3.47124195      1.69947823
891   625        -2.57194832     -3.48410078      1.73996508
892   625        -2.60334342     -3.52498576      1.78621507
893   625        -2.62928445     -3.59434770      1.82378760
894   625        -2.68208164     -3.66826067      1.85873175
895   625        -2.75494651     -3.70592995      1.89724612
896   625        -2.79015337     -3.70701685      1.92802847
897   625        -2.76402733     -3.69524088      1.96279512
898   625        -2.73388361     -3.69786124      2.01501208
899   625        -2.73158838     -3.71670893      2.07680122
900   625        -2.76040317     -3.76684703      2.11638062
901   625        -2.81188542     -3.83884650      2.11533974
902   625        -2.87128581     -3.90039408      2.09234217
903   625        -2.91203145     -3.92348305      2.06033811
904   625        -2.91792176     -3.92109285      2.03250440
905   625        -2.90213554     -3.92193433      1.98947620
906   625        -2.88996339     -3.92082047      1.93977263
907   625        -2.88177997     -3.91375690      1.87440295
908   625        -2.84783156     -3.90037110      1.82190419
909   625        -2.79615563     -3.88821412      1.78783652
910   625        -2.75098215     -3.86698954      1.74165084
911   625        -2.74011998     -3.82972059      1.67536986
912   625        -2.75613598     -3.78026109      1.59020227
913   625        -2.76031217     -3.73041388      1.50247920
914   625        -2.74565149     -3.68486065      1.43338568
915   625        -2.72748726     -3.64793138      1.37666393
916   625        -2.72569604     -3.61004152      1.31484930
917   625        -2.72579954     -3.58037477      1.24735770
918   625        -2.72619947     -3.56033649      1.18834551
919   625        -2.73087692     -3.56402533      1.13723263
920   625        -2.72734087     -3.59272848      1.10930147
921   625        -2.72406061     -3.62329774      1.08043737
922   625        -2.71626091     -3.63715416      1.03868883
923   625        -2.71522957     -3.64889863      0.97958268
924   625        -2.70885853     -3.65616061      0.90540084
925   625        -2.69179891     -3.64770092      0.85320263
926   625        -2.66922757     -3.63065170      0.81731159
927   625        -2.66790242     -3.59338279      0.80361699
928   625        -2.70383572     -3.55806918      0.78683302
929   625        -2.71985747     -3.51806388      0.77728427
930   625        -2.69495218     -3.46277501      0.76418929
931   625        -2.65143989     -3.42429742      0.76529779
932   625        -2.63680705     -3.42379106      0.76851226
933   625        -2.64127732     -3.43799603      0.75100734
934   625        -2.60856962     -3.43248438      0.77798022
935   625        -2.56104986     -3.43045097      0.84172995
936   625        -2.54509987     -3.44737066      0.90786143
937   625        -2.54851510     -3.47930387      0.92988567
938   625        -2.53624729     -3.50194846      0.92518552
939   625        -2.49731939     -3.49991936      0.94312823
940   625        -2.47024873     -3.48372205      0.99091358
941   625        -2.47276508     -3.44616545      1.03786616
942   625        -2.49169425     -3.40908640      1.04753190
943   625        -2.51208715     -3.38970799      1.03040206
944   625        -2.52713118     -3.39187876      0.99855835
945   625        -2.53267525     -3.39968189      0.97297883
946   625        -2.52414850     -3.40306878      0.95888965
947   625        -2.51447982     -3.40339979      0.94939730
948   625        -2.51264684     -3.40112960      0.94204086
949   625        -2.51572894     -3.38497925      0.93298998
950   625        -2.50727981     -3.33513437      0.94847776
951   625        -2.49306584     -3.27631890      0.97844030
952   625        -2.48173868     -3.23998206      0.99704832
953   625        -2.46460411     -3.24263368      0.98439406
954   625        -2.44311840     -3.24149134      0.94890859
955   625        -2.44317171     -3.21619864      0.92994156
956   625        -2.46545447     -3.18129666      0.93004151
957   625        -2.49907404     -3.15827412      0.92474977
958   625        -2.51937793     -3.12812448      0.91313987
959   625        -2.52361051     -3.07798088      0.92537885
960   625        -2.52751641     -3.02714851      0.96996877
961   625        -2.50888801     -3.00259149      1.01489771
962   625        -2.48467119     -3.02805831      1.04315687
963   625        -2.49071417     -3.07481333      1.05177830
964   625        -2.54500782     -3.12595790      1.03783801
965   625        -2.60009677     -3.16192232      1.01924876
966   625        -2.64970490     -3.20177893      1.01632028
967   625        -2.68993766     -3.24352610      1.02041617
968   625        -2.71018179     -3.28114928      1.03273185
969   625        -2.72859957     -3.28859132      1.06194099
970   625        -2.73283474     -3.26054038      1.09550497
971   625        -2.72447447     -3.21052758      1.13216175
972   625        -2.69533816     -3.17416192      1.18188278
973   625        -2.66489793     -3.16805371      1.24802982
974   625        -2.63274820     -3.17063554      1.29901675
975   625        -2.59609978     -3.15554694      1.33537905
976   625        -2.55266948     -3.11666237      1.34752856
977   625        -2.53628508     -3.05918106      1.33522436
978   625        -2.55862090     -2.99767957      1.32237366
979   625        -2.57706806     -2.96887005      1.33825135
980   625        -2.57608144     -2.98159179      1.37726441
981   625        -2.57006318     -3.01084846      1.42552175
982   625        -2.57096894     -2.99673428      1.48709963
983   625        -2.57102375     -2.93111022      1.54747517
984   625        -2.54754698     -2.85715481      1.58531918
985   625        -2.52809238     -2.80330401      1.61390766
986   625        -2.55252371     -2.76130161      1.63743440
987   625        -2.61426527     -2.71580305      1.64322907
988   625        -2.63899040     -2.67282338      1.62884017
989   625        -2.59554928     -2.64475077      1.61774309
990   625        -2.53273725     -2.62667875      1.61701338
991   625        -2.50399570     -2.60236223      1.62171451
992   625        -2.53918705     -2.57905013      1.62709717
993   625        -2.60145385     -2.56269798      1.62875465
994   625        -2.66375378     -2.55024687      1.63114592
995   625        -2.69928107     -2.52998462      1.61856622
996   625        -2.70655907     -2.50241784      1.57476438
997   625        -2.71472999     -2.48113051      1.52768965
998   625        -2.74021930     -2.47058012      1.50061469
999   625        -2.77513881     -2.46236157      1.48372241
1000  625        -2.79068673     -2.45154632      1.45963832
1001  625        -2.78092121     -2.44546634      1.43269206
1002  625        -2.76055698     -2.44502735      1.41445630
1003  625        -2.75578060     -2.43475988      1.39684088
1004  625        -2.76518446     -2.41493435      1.39033933
1005  625        -2.77690955     -2.38703606      1.38580924
1006  625        -2.76779946     -2.35515598      1.37715975
1007  625        -2.72577918     -2.33105064      1.36540949
1008  625        -2.66853477     -2.33020645      1.35829106
1009  625        -2.61867114     -2.35035412      1.34903415
1010  625        -2.58160301     -2.36994525      1.32378315
1011  625        -2.58125087     -2.39829156      1.28610133
1012  625        -2.61251837     -2.44138447      1.25966479
1013  625        -2.64087245     -2.49873067      1.27165692
1014  625        -2.64455146     -2.55652918      1.32060256
1015  625        -2.62226155     -2.59073169      1.39937376
1016  625        -2.59869433     -2.59977501      1.48403733
1017  625        -2.58794191     -2.60152010      1.56370505
1018  625        -2.59906432     -2.62005250      1.65368751
1019  625        -2.62473497     -2.65706781      1.75089354
1020  625        -2.65743618     -2.70310017      1.83601563
1021  625        -2.69307053     -2.74731688      1.89600837
1022  625        -2.71296515     -2.79048819      1.93341087
1023  625        -2.70942393     -2.83882455      1.95954646
1024  625        -2.68959424     -2.89276554      2.00037294
1025  625        -2.67352089     -2.95244950      2.07287395
1026  625        -2.67735161     -3.01680025      2.16110650
1027  625        -2.68486293     -3.06843140      2.23264360
1028  625        -2.67030168     -3.07995527      2.28021222
1029  625        -2.64024447     -3.07095395      2.33418984
1030  625        -2.61153114     -3.09666118      2.37748488
1031  625        -2.61620776     -3.16451314      2.40273050
1032  625        -2.64527273     -3.24967790      2.42352354
1033  625        -2.65060000     -3.31012950      2.46085330
1034  625        -2.61925312     -3.33859635      2.51268902
1035  625        -2.58511614     -3.34859865      2.55689066
1036  625        -2.57364084     -3.35020627      2.57466948
1037  625        -2.58178707     -3.35837045      2.57380470
1038  625        -2.59836818     -3.36386655      2.57689056
1039  625        -2.63573950     -3.37154229      2.58358038
1040  625        -2.71283373     -3.38486330      2.58690274
1041  625        -2.81097904     -3.41189740      2.58061966
1042  625        -2.86673800     -3.44273704      2.56489654
1043  625        -2.84587396     -3.45807762      2.54381377
1044  625        -2.76089070     -3.45036080      2.52504381
1045  625        -2.68166335     -3.43213978      2.49044236
1046  625        -2.64807030     -3.43011181      2.43735225
1047  625        -2.63006140     -3.45046303      2.37926515
1048  625        -2.60888011     -3.48999142      2.33943513
1049  625        -2.60935401     -3.53514967      2.29339068
1050  625        -2.66455306     -3.58924527      2.23232028
1051  625        -2.73622634     -3.63232394      2.17786975
1052  625        -2.77948524     -3.62872348      2.15798871
1053  625        -2.78665295     -3.58858100      2.18033509
1054  625        -2.78314677     -3.55302958      2.21331002
1055  625        -2.79631768     -3.54456681      2.23972616
1056  625        -2.83227568     -3.55893782      2.27144326
1057  625        -2.87654204     -3.57183619      2.32223628
1058  625        -2.90116892     -3.57333607      2.39099353
1059  625        -2.91678457     -3.56186613      2.45959765
1060  625        -2.94023054     -3.55011222      2.53093311
1061  625        -2.98035891     -3.53112702      2.60579047
1062  625        -3.02474500     -3.49354045      2.66868706
1063  625        -3.07022602     -3.43418392      2.72458091
1064  625        -3.12571931     -3.35845841      2.76891265
1065  625        -3.19629681     -3.31521948      2.80383147
1066  625        -3.27467989     -3.33165616      2.83543486
1067  625        -3.33058761     -3.39283938      2.88482959
1068  625        -3.33203518     -3.43800621      2.93507646
1069  625        -3.28904849     -3.44570756      2.96446497
1070  625        -3.24708380     -3.43841101      2.96974983
1071  625        -3.22374562     -3.41669924      2.96145838
1072  625        -3.21787686     -3.38668173      2.94743262
1073  625        -3.21990933     -3.34943954      2.92745570
1074  625        -3.22382462     -3.31586162      2.91295107
1075  625        -3.22790229     -3.29708170      2.90384975
1076  625        -3.22482385     -3.27267531      2.90292269
1077  625        -3.20108985     -3.22059967      2.90882616
1078  625        -3.16409750     -3.16139357      2.92731028
1079  625        -3.13084649     -3.13259536      2.96238110
1080  625        -3.08719133     -3.13697080      3.00867635
1081  625        -3.03167936     -3.14276390      3.05640629
1082  625        -2.96728468     -3.13717517      3.10645579
1083  625        -2.90135025     -3.12676940      3.13255154
1084  625        -2.83582388     -3.11098522      3.12950381
1085  625        -2.78081442     -3.08144272      3.13320395
1086  625        -2.74360382     -3.06612422      3.17454121
1087  625        -2.72590113     -3.07647670      3.23863464
1088  625        -2.72962785     -3.08920481      3.30361955
1089  625        -2.75334240     -3.08123016      3.36196177
1090  625        -2.75719662     -3.04861535      3.42273817
1091  625        -2.70499675     -2.99381045      3.48896135
1092  625        -2.63913620     -2.94357924      3.56463553
1093  625        -2.61650532     -2.91947432      3.65532191
1094  625        -2.65012781     -2.92201853      3.73151390
1095  625        -2.70390141     -2.93922118      3.77238107
1096  625        -2.75875276     -2.94599784      3.78568916
1097  625        -2.80830542     -2.93816446      3.78335738
1098  625        -2.84612251     -2.91902776      3.77740342
1099  625        -2.87714240     -2.88224587      3.75400003
1100  625        -2.89653087     -2.85302695      3.72519490
1101  625        -2.91287225     -2.84824309      3.71244953
1102  625        -2.90957256     -2.86096674      3.71911097
1103  625        -2.88981383     -2.86651762      3.72227072
1104  625        -2.86506148     -2.85734445      3.71228621
1105  625        -2.85807515     -2.86220731      3.68728963
1106  625        -2.86745850     -2.88618831      3.62146895
1107  625        -2.89063974     -2.92454437      3.51687524
1108  625        -2.92124378     -2.97414397      3.40446754
1109  625        -2.96453080     -3.03880976      3.31844010
1110  625        -2.99831611     -3.10963662      3.25821997
1111  625        -3.00366664     -3.16127406      3.21039267
1112  625        -2.97657036     -3.18159317      3.15393621
1113  625        -2.92696846     -3.18510001      3.09769887
1114  625        -2.88416044     -3.19058644      3.07244180
1115  625        -2.85075156     -3.20972228      3.05374539
1116  625        -2.82526649     -3.23491468      3.00364982
1117  625        -2.79228402     -3.27242894      2.92815428
1118  625        -2.76777766     -3.31761745      2.84251080
1119  625        -2.75554537     -3.35606961      2.75069879
1120  625        -2.74280710     -3.37311591      2.67102529
1121  625        -2.71130987     -3.36155937      2.63929752
1122  625        -2.66745667     -3.31994259      2.64416396
1123  625        -2.61162602     -3.28145698      2.65908313
1124  625        -2.56430090     -3.29518433      2.63683038
1125  625        -2.56490052     -3.35187537      2.57454476
1126  625        -2.58756066     -3.40756115      2.49764034
1127  625        -2.60537299     -3.45133910      2.42964041
1128  625        -2.61792782     -3.48135134      2.36322054
1129  625        -2.64357130     -3.50510204      2.30347287
1130  625        -2.66944381     -3.53038134      2.27455198
1131  625        -2.67915388     -3.56003262      2.28492762
1132  625        -2.66492215     -3.58180937      2.32246952
1133  625        -2.64652910     -3.60006565      2.38068917
1134  625        -2.63303689     -3.62621975      2.42508740
1135  625        -2.62732621     -3.66289303      2.43493768
1136  625        -2.62865384     -3.70976454      2.44144976
1137  625        -2.65028049     -3.73641578      2.45518904
1138  625        -2.69890444     -3.73341538      2.45412315
1139  625        -2.74812419     -3.71006537      2.44554231
1140  625        -2.78497191     -3.70040830      2.43972340
1141  625        -2.80814282     -3.73475054      2.44954642
1142  625        -2.82634725     -3.78888434      2.46954162
1143  625        -2.82298604     -3.82195720      2.49468583
1144  625        -2.79662478     -3.84941724      2.52167598
1145  625        -2.74450587     -3.90041853      2.54520856
1146  625        -2.67756913     -3.95400312      2.58249496
1147  625        -2.60888099     -3.99704182      2.64740942
1148  625        -2.54627117     -4.03071791      2.73538993
1149  625        -2.49858466     -4.06518020      2.81415876
1150  625        -2.47409483     -4.09155427      2.85319179
1151  625        -2.47143474     -4.10859610      2.85154368
1152  625        -2.46790753     -4.10037132      2.84352370
1153  625        -2.46366362     -4.06225625      2.83003028
1154  625        -2.44751667     -4.01394924      2.81833658
1155  625        -2.40754832     -3.97192766      2.82302592
1156  625        -2.36260512     -3.94726011      2.84346052
1157  625        -2.34665685     -3.94619136      2.86736201
1158  625        -2.35887998     -3.96826365      2.88033262
1159  625        -2.37349287     -3.99220948      2.88604347
1160  625        -2.39226043     -4.00512085      2.88790249
1161  625        -2.39651308     -4.01446698      2.89077028
1162  625        -2.39078697     -4.02257152      2.88996782
1163  625        -2.37081943     -4.02820614      2.88084048
1164  625        -2.35010534     -4.03588777      2.86154872
1165  625        -2.33687594     -4.05639251      2.83323045
1166  625        -2.33536000     -4.09784962      2.80628141
1167  625        -2.35100060     -4.14508202      2.77440345
1168  625        -2.36685125     -4.18333308      2.72070049
1169  625        -2.36799487     -4.21182442      2.65964778
1170  625        -2.34801787     -4.21631690      2.61048180
1171  625        -2.33133306     -4.19843883      2.56228940
1172  625        -2.32895657     -4.16895316      2.51957948
1173  625        -2.34327375     -4.14995357      2.49506145
1174  625        -2.34675667     -4.16211191      2.48485836
1175  625        -2.32911365     -4.19433686      2.49236809
1176  625        -2.29386368     -4.23241219      2.49918095
1177  625        -2.27838950     -4.27819610      2.50435294
1178  625        -2.29632239     -4.33082128      2.51704976
1179  625        -2.32779162     -4.39985836      2.55124304
1180  625        -2.33091222     -4.45924241      2.60428837
1181  625        -2.31097007     -4.50294733      2.66551119
1182  625        -2.28018440     -4.51905642      2.70303305
1183  625        -2.23944598     -4.50804261      2.71352559
1184  625        -2.19426953     -4.47737452      2.70137096
1185  625        -2.15837479     -4.45351403      2.68139198
1186  625        -2.12604455     -4.46372882      2.67578524
1187  625        -2.07505769     -4.50695348      2.68599108
1188  625        -2.00736324     -4.55211080      2.71312712
1189  625        -1.93618826     -4.57667394      2.75334373
1190  625        -1.87343707     -4.57930642      2.79691668
1191  625        -1.82155954     -4.58385666      2.83208736
1192  625        -1.79368598     -4.61755449      2.84296588
1193  625        -1.78945878     -4.66600824      2.81984574
1194  625        -1.79824891     -4.71602878      2.78843229
1195  625        -1.80683252     -4.76006534      2.76651121
1196  625        -1.80456374     -4.82137536      2.74557390
1197  625        -1.79552773     -4.90647837      2.71246308
1198  625        -1.79487643     -5.00986796      2.67711104
1199  625        -1.81009275     -5.09822540      2.66327618
1200  625        -1.82413445     -5.17786727      2.67585829
1201  625        -1.81874521     -5.25435844      2.68323947
1202  625        -1.78233302     -5.29835258      2.67532608
1203  625        -1.71667754     -5.29585158      2.65225282
1204  625        -1.64821958     -5.26594072      2.61261954
1205  625        -1.59241423     -5.23001576      2.58056527
1206  625        -1.55093885     -5.20595469      2.57471791
1207  625        -1.51551891     -5.19799491      2.59199117
1208  625        -1.46603812     -5.20202330      2.61012270
1209  625        -1.40416701     -5.22253307      2.61707462
1210  625        -1.33380122     -5.25673091      2.61641092
1211  625        -1.25585635     -5.29070639      2.61614839
1212  625        -1.17438057     -5.31127280      2.61996681
1213  625        -1.11637243     -5.30733554      2.62947842
1214  625        -1.11211670     -5.27057145      2.65353727
1215  625        -1.15143678     -5.22049174      2.69029308
1216  625        -1.18723969     -5.18503138      2.72364221
1217  625        -1.18908148     -5.17549246      2.75081193
1218  625        -1.16222166     -5.17043745      2.77464804
1219  625        -1.12139454     -5.16230790      2.81422211
1220  625        -1.08197157     -5.14539119      2.85942381
1221  625        -1.04624007     -5.10541445      2.89523213
1222  625        -1.01747724     -5.04848402      2.90530516
1223  625        -0.97398510     -4.98569956      2.89909916
1224  625        -0.93006036     -4.94486351      2.92290355
1225  625        -0.90974383     -4.91906278      2.99363949
1226  625        -0.92476274     -4.86983343      3.08028378
1227  625        -0.94736484     -4.77724524      3.13569764
1228  625        -0.96428440     -4.68692452      3.16823466
1229  625        -0.98013286     -4.61641150      3.20715720
1230  625        -0.99583049     -4.58140837      3.24541012
1231  625        -1.03166010     -4.57492838      3.27051482
1232  625        -1.08994852     -4.57407478      3.26976380
1233  625        -1.14384334     -4.56920250      3.27016312
1234  625        -1.17345504     -4.55718713      3.30766851
1235  625        -1.19236246     -4.54725458      3.36386924
1236  625        -1.22990373     -4.53598329      3.38651608
1237  625        -1.28351190     -4.51153623      3.37394497
1238  625        -1.34990325     -4.46375630      3.35163322
1239  625        -1.40820409     -4.40522565      3.34181894
1240  625        -1.44799677     -4.35483576      3.33289178
1241  625        -1.49462204     -4.33250919      3.32452860
1242  625        -1.55410305     -4.32983370      3.33648160
1243  625        -1.59125635     -4.32960725      3.35058337
1244  625        -1.59248456     -4.32641910      3.34491024
1245  625        -1.60092198     -4.33740663      3.31756065
1246  625        -1.63784130     -4.35947267      3.28804201
1247  625        -1.70461820     -4.36886116      3.26085857
1248  625        -1.78179172     -4.36550294      3.24820256
1249  625        -1.86326759     -4.35076236      3.25366392
1250  625        -1.93869132     -4.33791835      3.28034712
1251  625        -2.00275666     -4.32232451      3.29875650
1252  625        -2.06214879     -4.28944872      3.28048136
1253  625        -2.08863888     -4.25704142      3.24100959
1254  625        -2.07735550     -4.23438204      3.19152666
1255  625        -2.06260382     -4.22898749      3.14144625
1256  625        -2.06605995     -4.23989042      3.11904213
1257  625        -2.09542308     -4.26203769      3.13909575
1258  625        -2.13929239     -4.30307214      3.16557299
1259  625        -2.19965882     -4.34664270      3.18230822
1260  625        -2.27398661     -4.37057593      3.18121513
1261  625        -2.33046190     -4.37663144      3.16619442
1262  625        -2.36293789     -4.37646331      3.13558947
1263  625        -2.37213207     -4.36127844      3.08673672
1264  625        -2.36023047     -4.34094183      3.04657010
1265  625        -2.32713097     -4.32377243      3.02552828
1266  625        -2.29269915     -4.32526825      3.02565292
1267  625        -2.28837942     -4.34898316      3.04191607
1268  625        -2.32521488     -4.38909100      3.06616393
1269  625        -2.37995209     -4.43625331      3.07382482
1270  625        -2.43143588     -4.47709514      3.06811483
1271  625        -2.46686418     -4.50030621      3.04367078
1272  625        -2.48890928     -4.50155683      3.00431093
1273  625        -2.50385008     -4.49250380      2.95895229
1274  625        -2.51946212     -4.48142929      2.91369638
1275  625        -2.54095457     -4.48963538      2.88310663
1276  625        -2.54643992     -4.52149307      2.87878588
1277  625        -2.53612715     -4.56452191      2.90795532
1278  625        -2.55014965     -4.59909759      2.95530709
1279  625        -2.60269440     -4.63070824      3.01196565
1280  625        -2.65427525     -4.66203189      3.02364364
1281  625        -2.69427523     -4.70276562      2.99315492
1282  625        -2.73587894     -4.75390772      2.94902512
1283  625        -2.77084626     -4.78544619      2.91732944
1284  625        -2.79556757     -4.79023494      2.88855506
1285  625        -2.82042683     -4.77878152      2.86195979
1286  625        -2.85107543     -4.76160838      2.86129696
1287  625        -2.88903123     -4.75553275      2.88623917
1288  625        -2.94773764     -4.76917815      2.89566754
1289  625        -3.01408661     -4.80244520      2.83545780
1290  625        -3.07422171     -4.85653687      2.76279583
1291  625        -3.15092729     -4.88736076      2.69914738
1292  625        -3.24098073     -4.88903506      2.65329487
1293  625        -3.31324149     -4.87995682      2.60912761
1294  625        -3.36298418     -4.87234277      2.56530599
1295  625        -3.41866837     -4.87855095      2.52617551
1296  625        -3.47867209     -4.88680914      2.50256714
1297  625        -3.51507104     -4.87087028      2.49637800
1298  625        -3.52951757     -4.82564306      2.49092738
1299  625        -3.54418157     -4.77587252      2.48471721
1300  625        -3.59331614     -4.75607396      2.47601621
1301  625        -3.65843908     -4.76378395      2.46946203
1302  625        -3.71944032     -4.76877240      2.45308889
1303  625        -3.76649162     -4.74956358      2.42217325
1304  625        -3.79584772     -4.71277504      2.36164369
1305  625        -3.83192514     -4.67851496      2.28540460
1306  625        -3.86925941     -4.66115864      2.21231533
1307  625        -3.88823863     -4.67765775      2.16957062
1308  625        -3.87109298     -4.73753871      2.17855436
1309  625        -3.83765048     -4.81361121      2.22116538
1310  625        -3.84811274     -4.87311989      2.26219205
1311  625        -3.92133612     -4.90182046      2.27392162
1312  625        -4.02909128     -4.88694987      2.26753701
1313  625        -4.14506676     -4.84535091      2.26288608
1314  625        -4.26575855     -4.78460247      2.26260271
1315  625        -4.36686556     -4.72974920      2.23684623
1316  625        -4.38984895     -4.67827387      2.18609498
1317  625        -4.34434282     -4.62245416      2.13407921
1318  625        -4.30314787     -4.58602147      2.09270519
1319  625        -4.32880861     -4.57537266      2.07559659
1320  625        -4.39189837     -4.58939474      2.07269786
1321  625        -4.44424253     -4.61299102      2.08506763
1322  625        -4.47196120     -4.61403432      2.09379289
1323  625        -4.49406726     -4.56806735      2.08367242
1324  625        -4.51811207     -4.48930757      2.05550837
1325  625        -4.54802905     -4.43175909      2.03394136
1326  625        -4.57685763     -4.41113385      2.02492308
1327  625        -4.60370959     -4.42437202      2.01122887
1328  625        -4.61347108     -4.47287384      1.98452038
1329  625        -4.59546227     -4.55175205      1.94920131
1330  625        -4.57291808     -4.63359453      1.90758168
1331  625        -4.54775305     -4.70246400      1.85925526
1332  625        -4.52223632     -4.74951319      1.80663364
1333  625        -4.51059014     -4.77500505      1.72676573
1334  625        -4.50667203     -4.79313331      1.62692448
1335  625        -4.49655582     -4.81640233      1.52383482
1336  625        -4.47786078     -4.83862121      1.46483536
1337  625        -4.46370497     -4.86475837      1.45315266
1338  625        -4.45825970     -4.87945303      1.46209990
1339  625        -4.46008388     -4.86974790      1.45251483
1340  625        -4.44284697     -4.82560383      1.42590072
1341  625        -4.40443139     -4.76675490      1.40508689
1342  625        -4.36125055     -4.71239715      1.38996129
1343  625        -4.34719238     -4.67575485      1.39031245
1344  625        -4.33807833     -4.66823647      1.39787464
1345  625        -4.32024503     -4.68881270      1.41603402
1346  625        -4.32065442     -4.72885057      1.42144355
1347  625        -4.36060367     -4.77023929      1.42014883
1348  625        -4.42084602     -4.81280941      1.43250100
1349  625        -4.47834379     -4.85735656      1.47625156
1350  625        -4.53285057     -4.88769354      1.53677158
1351  625        -4.57566435     -4.89386638      1.59197050
1352  625        -4.59100986     -4.87861836      1.64268221
1353  625        -4.57776034     -4.85149851      1.70242243
1354  625        -4.56117063     -4.81661163      1.79023972
1355  625        -4.54677718     -4.79526505      1.89243664
1356  625        -4.54013675     -4.79572960      1.97414284
1357  625        -4.56530077     -4.80517877      2.01136950
1358  625        -4.63331100     -4.80357505      2.03199487
1359  625        -4.70944850     -4.79013883      2.04916617
1360  625        -4.77104950     -4.76374621      2.07875403
1361  625        -4.82051779     -4.71692947      2.10937638
1362  625        -4.87311622     -4.65036423      2.13109680
1363  625        -4.93540431     -4.58824562      2.14377466
1364  625        -5.00325769     -4.55295728      2.15887546
1365  625        -5.07213740     -4.53587986      2.18140632
1366  625        -5.13176853     -4.51670940      2.20382052
1367  625        -5.17952716     -4.49308259      2.22494597
1368  625        -5.18934592     -4.45819898      2.25777314
1369  625        -5.16063179     -4.42201008      2.30507424
1370  625        -5.11895534     -4.39226638      2.34847295
1371  625        -5.11360988     -4.36939320      2.36832801
1372  625        -5.14844509     -4.35167842      2.34299073
1373  625        -5.18951279     -4.34152244      2.29185020
1374  625        -5.22342119     -4.33461466      2.23103833
1375  625        -5.24371519     -4.34878347      2.18469340
1376  625        -5.27119953     -4.38333162      2.15693203
1377  625        -5.31404492     -4.41363402      2.15402099
1378  625        -5.36462729     -4.44105744      2.17435158
1379  625        -5.40162234     -4.47745261      2.19727920
1380  625        -5.41997148     -4.51035928      2.20864727
1381  625        -5.43243362     -4.53960803      2.21734132
1382  625        -5.46067979     -4.58167569      2.24801863
1383  625        -5.49806974     -4.61863145      2.30327902
1384  625        -5.53322654     -4.63243444      2.36632954
1385  625        -5.54353997     -4.61967847      2.41431887
1386  625        -5.54230071     -4.60064352      2.44885968
1387  625        -5.54012169     -4.58969297      2.46914509
1388  625        -5.54321708     -4.60607946      2.50751375
1389  625        -5.55704123     -4.64884763      2.56863729
1390  625        -5.58092076     -4.69566472      2.63879568
1391  625        -5.59943355     -4.72827028      2.69481737
1392  625        -5.59199923     -4.74228113      2.71058188
1393  625        -5.56049008     -4.75444120      2.70342108
1394  625        -5.51595411     -4.77109243      2.69152078
1395  625        -5.46470514     -4.80672361      2.70130220
1396  625        -5.41066235     -4.87376809      2.73488846
1397  727        -5.37877096     -3.01697074      1.13587037
1398  727        -5.34624634     -3.04935362      1.13391984
1399  727        -5.29538834     -3.10966843      1.13816479
1400  727        -5.22844897     -3.18657213      1.14985867
1401  727        -5.15752524     -3.26496160      1.15674573
1402  727        -5.08894092     -3.34516324      1.15385397
1403  727        -5.03237941     -3.42971489      1.15254461
1404  727        -5.00279827     -3.48910477      1.16152132
1405  727        -5.00139255     -3.53782348      1.18115026
1406  727        -5.01402560     -3.57488461      1.20989393
1407  727        -5.04495771     -3.60470426      1.26788372
1408  727        -5.08345451     -3.63163153      1.33971387
1409  727        -5.11713376     -3.66741520      1.38623607
1410  727        -5.15082393     -3.68822023      1.39253046
1411  727        -5.18198490     -3.68856080      1.36093173
1412  727        -5.22397885     -3.67936497      1.31183242
1413  727        -5.28185303     -3.68585263      1.26147451
1414  727        -5.37517324     -3.73727627      1.22089245
1415  727        -5.47029168     -3.83899825      1.22385141
1416  727        -5.51517999     -3.96851188      1.27904545
1417  727        -5.48887888     -4.08157136      1.35220421
1418  727        -5.43406684     -4.15328564      1.41903357
1419  727        -5.39139653     -4.17932936      1.46479694
1420  727        -5.36674619     -4.16365283      1.48560128
1421  727        -5.34492699     -4.13351131      1.48991949
1422  727        -5.30818215     -4.10524243      1.49509072
1423  727        -5.27616685     -4.08875237      1.52029053
1424  727        -5.28009769     -4.05934406      1.56592490
1425  727        -5.32531665     -4.00628763      1.57641007
1426  727        -5.38038322     -3.95447537      1.55218842
1427  727        -5.43737061     -3.93654332      1.51514463
1428  727        -5.49473730     -3.95840893      1.50314527
1429  727        -5.53717242     -3.97974923      1.53175936
1430  727        -5.53575455     -3.99073164      1.58406538
1431  727        -5.50466720     -4.00670425      1.62461999
1432  727        -5.47434526     -4.02130131      1.64689957
1433  727        -5.44318032     -4.03527233      1.66534832
1434  727        -5.40303903     -4.05282503      1.69539340
1435  727        -5.34298782     -4.10089320      1.72819438
1436  727        -5.28799814     -4.18979381      1.74448892
1437  727        -5.24380453     -4.29054150      1.74843300
1438  727        -5.19651217     -4.34589376      1.72632520
1439  727        -5.14478632     -4.35493122      1.67321167
1440  727        -5.10744101     -4.37532198      1.59872282
1441  727        -5.06148441     -4.36574469      1.53309116
1442  727        -4.99909638     -4.32021940      1.49518967
1443  727        -4.94389396     -4.27019974      1.49288446
1444  727        -4.91139492     -4.24924272      1.49093182
1445  727        -4.89763634     -4.25169667      1.47627395
1446  727        -4.90633419     -4.26214100      1.47128164
1447  727        -4.94618803     -4.26694990      1.49098367
1448  727        -5.00151408     -4.25900425      1.53628870
1449  727        -5.05905336     -4.24436189      1.58781485
1450  727        -5.10868661     -4.23568738      1.63174504
1451  727        -5.12560843     -4.23224364      1.67481309
1452  727        -5.09302550     -4.21921197      1.72152293
1453  727        -5.03395823     -4.18784364      1.75772125
1454  727        -4.97440729     -4.13276519      1.75872636
1455  727        -4.92710463     -4.06817865      1.71918121
1456  727        -4.90444176     -4.01219847      1.65541117
1457  727        -4.90365043     -4.00946522      1.59200384
1458  727        -4.93586703     -4.04222037      1.52838043
1459  727        -4.97740382     -4.07354618      1.49326958
1460  727        -5.02888004     -4.07654363      1.50744694
1461  727        -5.09689425     -4.06347384      1.54613072
1462  727        -5.17893137     -4.07144238      1.57931193
1463  727        -5.24964703     -4.10622108      1.59179780
1464  727        -5.27924929     -4.16702080      1.59169003
1465  727        -5.27644720     -4.25899156      1.58054441
1466  727        -5.23235892     -4.37883567      1.56318987
1467  727        -5.16621720     -4.48954208      1.54879049
1468  727        -5.09092811     -4.55312159      1.53432809
1469  727        -5.03567106     -4.56565878      1.52248799
1470  727        -5.02169348     -4.55135631      1.51644012
1471  727        -5.05601560     -4.52857293      1.52647145
1472  727        -5.12796280     -4.51309721      1.55257067
1473  727        -5.22270177     -4.50510220      1.58109155
1474  727        -5.32313418     -4.51356559      1.60522597
1475  727        -5.40701684     -4.53616407      1.63533362
1476  727        -5.46052251     -4.56421723      1.68059311
1477  727        -5.47827681     -4.57011168      1.72430253
1478  727        -5.47597798     -4.54640158      1.75181356
1479  727        -5.47267810     -4.52173422      1.74645859
1480  727        -5.47524136     -4.51554777      1.71473302
1481  727        -5.46490724     -4.51957196      1.68326283
1482  727        -5.45679484     -4.52102851      1.68920454
1483  727        -5.46661574     -4.51634269      1.72977544
1484  727        -5.49004770     -4.52223990      1.78722492
1485  727        -5.50664920     -4.53642751      1.83620462
1486  727        -5.51340434     -4.54994855      1.86846095
1487  727        -5.53169089     -4.56846254      1.88097790
1488  727        -5.56432311     -4.58589583      1.87513566
1489  727        -5.61034962     -4.59817538      1.88109207
1490  727        -5.63977970     -4.59690776      1.91879780
1491  727        -5.63577751     -4.59771974      1.97178132
1492  727        -5.63978318     -4.58079037      1.99962386
1493  727        -5.66980134     -4.55055661      2.02327987
1494  727        -5.70772696     -4.52420184      2.07043877
1495  727        -5.72295619     -4.49286383      2.13605833
1496  727        -5.70831256     -4.41418979      2.16921830
1497  727        -5.69004993     -4.29015482      2.16408905
1498  727        -5.67455393     -4.18352529      2.13375808
1499  727        -5.67930045     -4.12922104      2.09208017
1500  727        -5.71363057     -4.13889200      2.03401668
1501  727        -5.76130401     -4.18762950      1.96685811
1502  727        -5.80112249     -4.25585487      1.93069549
1503  727        -5.82239251     -4.32205672      1.93795876
1504  727        -5.81051328     -4.35527766      1.98581822
1505  727        -5.78046788     -4.34084266      2.04923958
1506  727        -5.76470736     -4.30612975      2.10857691
1507  727        -5.78471955     -4.27562519      2.13124050
1508  727        -5.82732607     -4.26231320      2.11502927
1509  727        -5.85298190     -4.27180895      2.07436955
1510  727        -5.84301159     -4.29905405      2.02764458
1511  727        -5.81403575     -4.32889499      1.99247473
1512  727        -5.80740381     -4.34137080      1.99222414
1513  727        -5.82299524     -4.32947224      2.03724102
1514  727        -5.82268835     -4.31031991      2.09643435
1515  727        -5.80235984     -4.30313433      2.15204472
1516  727        -5.79815019     -4.31842880      2.18447575
1517  727        -5.81324939     -4.35047100      2.20330443
1518  727        -5.82338824     -4.38959043      2.20222512
1519  727        -5.83461186     -4.42752186      2.19848320
1520  727        -5.84117258     -4.47524730      2.20148598
1521  727        -5.84071743     -4.53786295      2.20876775
1522  727        -5.83121746     -4.59567101      2.20854250
1523  727        -5.82947310     -4.64388149      2.19447209
1524  727        -5.84940136     -4.68663249      2.18186557
1525  727        -5.86518250     -4.73199773      2.19016539
1526  727        -5.86599396     -4.77712959      2.21081557
1527  727        -5.86715866     -4.80536189      2.22038971
1528  727        -5.88968961     -4.81494762      2.22069878
1529  727        -5.92461719     -4.82305841      2.21491051
1530  727        -5.94845885     -4.85313472      2.20537971
1531  727        -5.94551912     -4.89789852      2.19874426
1532  727        -5.94519840     -4.93163479      2.20351815
1533  727        -5.96484931     -4.94104299      2.21619246
1534  727        -6.00222547     -4.95168040      2.22984613
1535  727        -6.03159241     -4.98231215      2.24349074
1536  727        -6.03981271     -5.02323936      2.24212503
1537  727        -6.03187715     -5.05637205      2.21544850
1538  727        -6.00891296     -5.06458172      2.18288362
1539  727        -5.98458126     -5.05901140      2.17318881
1540  727        -5.95615904     -5.06164863      2.18982428
1541  727        -5.93382694     -5.07934289      2.20474466
1542  727        -5.93216316     -5.10620134      2.21079827
1543  727        -5.95412363     -5.14619773      2.23906371
1544  727        -5.98433686     -5.19913045      2.28222576
1545  727        -6.01210967     -5.25619098      2.29866466
1546  727        -6.02554417     -5.29886588      2.27056280
1547  727        -5.99717903     -5.27744975      2.23461221
1548  727        -5.93104962     -5.18511385      2.25390177
1549  727        -5.83479393     -5.08518846      2.31560519
1550  727        -5.77956426     -5.03725417      2.37885251
1551  727        -5.80246651     -5.04749756      2.40749383
1552  727        -5.85565491     -5.09055539      2.40757669
1553  727        -5.88255234     -5.13490506      2.40297896
1554  727        -5.87836975     -5.17110701      2.40550434
1555  727        -5.84822004     -5.19367176      2.42077576
1556  727        -5.79094363     -5.21619189      2.43659932
1557  727        -5.71468889     -5.23151424      2.45184893
1558  727        -5.62481982     -5.24354956      2.47598844
1559  727        -5.53340207     -5.26576200      2.52324329
1560  727        -5.47575116     -5.30501162      2.56497509
1561  727        -5.47339265     -5.35436075      2.57821525
1562  727        -5.51906327     -5.38419528      2.55106857
1563  727        -5.57598847     -5.39719888      2.50258546
1564  727        -5.61066787     -5.39208751      2.44183844
1565  727        -5.61755733     -5.36883726      2.38142154
1566  727        -5.61736179     -5.32446703      2.34724687
1567  727        -5.62754731     -5.26929375      2.35830257
1568  727        -5.65069336     -5.23178481      2.40333717
1569  727        -5.68835396     -5.21731101      2.46097807
1570  727        -5.73848372     -5.21092263      2.49612350
1571  727        -5.76395945     -5.18394251      2.48489004
1572  727        -5.75393928     -5.13994002      2.43402571
1573  727        -5.75557379     -5.08264730      2.37617954
1574  727        -5.81632736     -5.01427069      2.35842887
1575  727        -5.90732351     -4.93994007      2.37339112
1576  727        -5.96544665     -4.85961957      2.38834955
1577  727        -5.95406924     -4.79959803      2.40192326
1578  727        -5.88876647     -4.77676284      2.39463665
1579  727        -5.81077061     -4.78005970      2.38470918
1580  727        -5.75788004     -4.78134079      2.36091793
1581  727        -5.74853112     -4.76523472      2.33115203
1582  727        -5.76887014     -4.71624149      2.33185450
1583  727        -5.79911004     -4.65902753      2.34438254
1584  727        -5.81400489     -4.60185946      2.32728236
1585  727        -5.80415856     -4.54776670      2.30447869
1586  727        -5.77297843     -4.49604643      2.32290597
1587  727        -5.73105397     -4.44678187      2.37405916
1588  727        -5.70021008     -4.39392606      2.42286663
1589  727        -5.66930599     -4.33009877      2.46412201
1590  727        -5.61780967     -4.26483954      2.52224184
1591  727        -5.57383146     -4.22751705      2.59729881
1592  727        -5.56417710     -4.22498145      2.64993119
1593  727        -5.56263995     -4.22145855      2.67915097
1594  727        -5.53549147     -4.17249944      2.71477059
1595  727        -5.49516575     -4.09164960      2.74601939
1596  727        -5.46873662     -4.03083088      2.74625425
1597  727        -5.45686064     -4.02655348      2.72085278
1598  727        -5.44574372     -4.04054139      2.69486963
1599  727        -5.41791917     -4.02045545      2.67474304
1600  727        -5.36609670     -3.96942932      2.64988981
1601  727        -5.30204354     -3.93665903      2.60852060
1602  727        -5.26755357     -3.92575624      2.55873433
1603  727        -5.25816937     -3.89056338      2.51131892
1604  727        -5.25810578     -3.83123566      2.48367347
1605  727        -5.25060342     -3.79937184      2.47899549
1606  727        -5.23266763     -3.82208988      2.50062870
1607  727        -5.21297401     -3.87641242      2.54717094
1608  727        -5.18920868     -3.92710584      2.60056808
1609  727        -5.16153934     -3.98010979      2.63078161
1610  727        -5.14447418     -4.03692852      2.62246574
1611  727        -5.13285664     -4.07249871      2.61093857
1612  727        -5.14605129     -4.06922612      2.58669741
1613  727        -5.16647994     -4.05288784      2.52750671
1614  727        -5.16341300     -4.02849147      2.45933289
1615  727        -5.14927806     -4.01095779      2.41506731
1616  727        -5.14094239     -4.01257890      2.40307209
1617  727        -5.12747238     -4.03516211      2.42435879
1618  727        -5.10648053     -4.07559595      2.46549299
1619  727        -5.09399660     -4.13053737      2.51898936
1620  727        -5.10259145     -4.20038796      2.59490274
1621  727        -5.13200652     -4.26285421      2.68570847
1622  727        -5.17080924     -4.32914801      2.77502175
1623  727        -5.20452686     -4.40485714      2.82964060
1624  727        -5.22367684     -4.48457815      2.86683946
1625  727        -5.22693715     -4.53119525      2.89503620
1626  727        -5.21684518     -4.53389915      2.92538566
1627  727        -5.21690697     -4.51753971      2.96451522
1628  727        -5.22648226     -4.51274466      3.00730875
1629  727        -5.23414616     -4.53837797      3.06048279
1630  727        -5.21356072     -4.56396842      3.10683708
1631  727        -5.16708305     -4.57739954      3.14444088
1632  727        -5.13590214     -4.57069021      3.17250441
1633  727        -5.13258434     -4.56575953      3.19225581
1634  727        -5.12607523     -4.57753258      3.19638312
1635  727        -5.10357683     -4.61363755      3.19422550
1636  727        -5.07350742     -4.64571388      3.20093366
1637  727        -5.05336113     -4.65529206      3.23025835
1638  727        -5.05407248     -4.65348859      3.28436502
1639  727        -5.05874522     -4.67316587      3.35197676
1640  727        -5.05473062     -4.73224394      3.40567907
1641  727        -5.05361714     -4.78904695      3.43983879
1642  727        -5.07343100     -4.81721768      3.46441587
1643  727        -5.10401655     -4.81904609      3.47702575
1644  727        -5.12330958     -4.81437187      3.49544664
1645  727        -5.12986824     -4.82035240      3.52449413
1646  727        -5.12062756     -4.83491661      3.56621675
1647  727        -5.10006959     -4.85490613      3.61308452
1648  727        -5.07006246     -4.85611284      3.66127073
1649  727        -5.05594069     -4.84941909      3.70642408
1650  727        -5.05984555     -4.83335033      3.75117858
1651  727        -5.08260494     -4.81210929      3.80119982
1652  727        -5.10632694     -4.78615552      3.84820179
1653  727        -5.12406145     -4.75167313      3.87956818
1654  727        -5.13667608     -4.72045795      3.88527050
1655  727        -5.13486146     -4.68653062      3.87306277
1656  727        -5.12152847     -4.65018056      3.86586967
1657  727        -5.10749525     -4.60701955      3.89780063
1658  727        -5.12230427     -4.57040163      3.96722917
1659  727        -5.16181589     -4.52527203      4.04057188
1660  727        -5.22649215     -4.45333421      4.08447949
1661  727        -5.30578561     -4.35422486      4.12050428
1662  727        -5.39743576     -4.26903288      4.17068781
1663  727        -5.49251367     -4.21296935      4.23438808
1664  727        -5.56041804     -4.18366137      4.30561185
1665  727        -5.59580107     -4.17451648      4.37025933
1666  727        -5.60719101     -4.18548868      4.41427441
1667  727        -5.60137358     -4.20869588      4.43586056
1668  727        -5.59327821     -4.23362109      4.45803389
1669  727        -5.59628168     -4.25451528      4.48849677
1670  727        -5.61339979     -4.26590969      4.51952612
1671  727        -5.63177585     -4.27028653      4.53172039
1672  727        -5.63583466     -4.25662628      4.52061456
1673  727        -5.62200795     -4.22560064      4.48573699
1674  727        -5.59603968     -4.17749387      4.43861605
1675  727        -5.56357870     -4.10796560      4.40289281
1676  727        -5.53912866     -4.02445064      4.39073417
1677  727        -5.52036645     -3.95604554      4.39287108
1678  727        -5.50600205     -3.92534465      4.39816895
1679  727        -5.50112938     -3.92159984      4.39466023
1680  727        -5.50253265     -3.92667321      4.38917594
1681  727        -5.50144809     -3.93270994      4.38793882
1682  727        -5.49878103     -3.94512477      4.38964085
1683  727        -5.49101407     -3.96269829      4.38647106
1684  727        -5.49139895     -3.96917521      4.36205520
1685  727        -5.51487070     -3.96914373      4.30898678
1686  727        -5.54191664     -3.97109963      4.24836093
1687  727        -5.55567300     -3.95230224      4.21598980
1688  727        -5.56172462     -3.90859472      4.22158973
1689  727        -5.57047861     -3.86443101      4.25455280
1690  727        -5.58731289     -3.83879288      4.29166895
1691  727        -5.58077388     -3.81210129      4.33458895
1692  727        -5.52787271     -3.77280928      4.38375755
1693  727        -5.46096845     -3.74478259      4.42458470
1694  727        -5.41169818     -3.72297065      4.43029418
1695  727        -5.37234826     -3.71059308      4.40177883
1696  727        -5.34729552     -3.73612138      4.36340365
1697  727        -5.32974308     -3.76453301      4.34350155
1698  727        -5.32411690     -3.76737026      4.32519284
1699  727        -5.32753895     -3.75502360      4.28257135
1700  727        -5.32190474     -3.75422032      4.22292772
1701  727        -5.31870230     -3.76800128      4.16278908
1702  727        -5.32758136     -3.77508284      4.12478003
1703  727        -5.33954017     -3.78025819      4.09338983
1704  727        -5.35982852     -3.78845199      4.06303578
1705  727        -5.38902478     -3.80802271      4.02841017
1706  727        -5.43072007     -3.82809245      4.00439305
1707  727        -5.48886172     -3.83148094      4.01786795
1708  727        -5.55866537     -3.82359818      4.07716149
1709  727        -5.61469111     -3.83126380      4.15607594
1710  727        -5.63281145     -3.87050953      4.20990328
1711  727        -5.60803132     -3.93855987      4.24215069
1712  727        -5.56832894     -4.02551062      4.26757290
1713  727        -5.56411430     -4.11344483      4.28168820
1714  727        -5.60392213     -4.18849342      4.27646205
1715  727        -5.67140946     -4.24878866      4.26495230
1716  727        -5.74043537     -4.28781095      4.26719331
1717  727        -5.79297828     -4.29070110      4.27179062
1718  727        -5.82589575     -4.26768043      4.27116243
1719  727        -5.83724359     -4.22594454      4.26428470
1720  727        -5.83848544     -4.18243085      4.24192302
1721  727        -5.84161284     -4.15497794      4.19655192
1722  727        -5.86970135     -4.14105392      4.14055082
1723  727        -5.92828860     -4.12767673      4.11696861
1724  727        -6.01026678     -4.10556383      4.14202313
1725  727        -6.08893451     -4.08354885      4.18152892
1726  727        -6.13484107     -4.06756130      4.20348108
1727  727        -6.12158456     -4.05810152      4.18765699
1728  727        -6.07287166     -4.03893356      4.16305815
1729  727        -6.01729924     -3.99792953      4.14435233
1730  727        -5.96854589     -3.93833317      4.15992560
1731  727        -5.93968506     -3.86571281      4.20843640
1732  727        -5.93714206     -3.79401046      4.26205976
1733  727        -5.94037867     -3.73932432      4.32081887
1734  727        -5.92251111     -3.70643609      4.38312905
1735  727        -5.88094621     -3.68307921      4.44418588
1736  727        -5.81316500     -3.67249325      4.49874793
1737  727        -5.73422534     -3.67875178      4.53943566
1738  727        -5.65342853     -3.70607083      4.58260311
1739  727        -5.56388717     -3.74944706      4.64435409
1740  727        -5.47406291     -3.78740282      4.72565126
1741  727        -5.40288004     -3.78289830      4.80737132
1742  727        -5.32729072     -3.77371459      4.88100610
1743  727        -5.22659794     -3.77714666      4.94686343
1744  727        -5.12918197     -3.79441854      4.99922797
1745  727        -5.06107822     -3.79918314      5.04226971
1746  727        -5.01297354     -3.78313458      5.08355485
1747  727        -4.96906213     -3.74973467      5.11827918
1748  727        -4.94664043     -3.70445086      5.12923654
1749  727        -4.95288977     -3.66708204      5.11968019
1750  727        -4.96912812     -3.62261874      5.10150065
1751  727        -4.98040963     -3.57963522      5.09259849
1752  727        -4.98359074     -3.55461247      5.10154416
1753  727        -4.95640963     -3.54749262      5.12792253
1754  727        -4.88609137     -3.56633013      5.16631836
1755  727        -4.78403262     -3.61422250      5.21131519
1756  727        -4.66501408     -3.68457992      5.24722775
1757  727        -4.55357279     -3.75408969      5.26752586
1758  727        -4.45857421     -3.79859664      5.28958084
1759  727        -4.38118893     -3.82510048      5.32373282
1760  727        -4.31789685     -3.85447670      5.35533658
1761  727        -4.25940942     -3.88730694      5.37502885
1762  727        -4.21221833     -3.92709910      5.37872187
1763  727        -4.18315186     -3.96994665      5.37860773
1764  727        -4.16186673     -3.99415063      5.37345888
1765  727        -4.15290000     -4.00953416      5.35493876
1766  727        -4.14217949     -4.01606213      5.33452404
1767  727        -4.10733322     -4.02508279      5.34046277
1768  727        -4.05397960     -4.03886760      5.38419337
1769  727        -4.01393586     -4.05797359      5.44839839
1770  727        -4.00016694     -4.09327841      5.52317858
1771  727        -3.98571892     -4.14424747      5.59625231
1772  727        -3.97504293     -4.19766415      5.64124069
1773  727        -3.96771482     -4.24778030      5.64946670
1774  727        -3.95769874     -4.28530781      5.63933477
1775  727        -3.93681706     -4.29648033      5.63107546
1776  727        -3.91978975     -4.28836362      5.63100917
1777  727        -3.91625753     -4.26237804      5.62288777
1778  727        -3.89871478     -4.22892386      5.60274588
1779  727        -3.86916723     -4.19265648      5.57115026
1780  727        -3.83987118     -4.15012516      5.51326607
1781  727        -3.83055706     -4.10590902      5.44139625
1782  727        -3.82680252     -4.07931555      5.38812967
1783  727        -3.82262617     -4.07849689      5.36820607
1784  727        -3.82212521     -4.07095394      5.36591052
1785  727        -3.83637938     -4.03767029      5.36805752
1786  727        -3.85901334     -3.97532485      5.37738241
1787  727        -3.87921652     -3.91476215      5.38420784
1788  727        -3.88851945     -3.88228963      5.38542907
1789  727        -3.88272313     -3.87709023      5.36793034
1790  727        -3.87482085     -3.89278782      5.32775243
1791  727        -3.88204172     -3.89315181      5.28851963
1792  727        -3.92036066     -3.86289769      5.25994435
1793  727        -4.00205437     -3.81813083      5.22999405
1794  727        -4.11938151     -3.80731372      5.20293324
1795  727        -4.24480801     -3.84688521      5.17755395
1796  727        -4.35535979     -3.90831995      5.15740000
1797  727        -4.41229412     -3.94424696      5.12742210
1798  727        -4.39873069     -3.95043402      5.10020700
1799  727        -4.35713785     -3.95985815      5.10439131
1800  727        -4.32087499     -3.98193928      5.12746205
1801  727        -4.30921204     -3.99355817      5.15677499
1802  727        -4.31934935     -3.97244852      5.18523181
1803  727        -4.35211457     -3.93640350      5.22877810
1804  727        -4.41246308     -3.90666556      5.26984211
1805  727        -4.50175067     -3.91070897      5.28541382
1806  727        -4.60849835     -3.93925863      5.28133051
1807  727        -4.70025024     -3.96606477      5.26020523
1808  727        -4.75744416     -3.97347524      5.22361872
1809  727        -4.77912564     -3.96614051      5.17648343
1810  727        -4.76078085     -3.95659630      5.14126978
1811  727        -4.71050351     -3.95005306      5.12403404
1812  727        -4.65162425     -3.93644519      5.13815259
1813  727        -4.60623543     -3.89775368      5.17650704
1814  727        -4.59040921     -3.86258632      5.24357291
1815  727        -4.58912012     -3.85575079      5.32665605
1816  727        -4.59748066     -3.89404899      5.38875823
1817  727        -4.60830804     -3.96130759      5.44317165
1818  727        -4.61332128     -4.03547618      5.50427367
1819  727        -4.60571515     -4.08779229      5.56838110
1820  727        -4.58451863     -4.10031179      5.62474552
1821  727        -4.56018620     -4.09231123      5.65906918
1822  727        -4.53308991     -4.08139570      5.67595903
1823  727        -4.51346913     -4.06237531      5.69009967
1824  727        -4.51440942     -4.01856477      5.70893406
1825  727        -4.53756475     -3.95471694      5.73395096
1826  727        -4.57004863     -3.88418158      5.75467330
1827  727        -4.59367716     -3.84022958      5.75777809
1828  727        -4.59760119     -3.84701478      5.73743529
1829  727        -4.56851238     -3.88706813      5.71168462
1830  727        -4.51420414     -3.92417440      5.69709928
1831  727        -4.47111870     -3.95119456      5.67461024
1832  727        -4.45907966     -3.97697271      5.64055749
1833  727        -4.48785222     -3.97859121      5.60919626
1834  727        -4.54031340     -3.94655134      5.59247075
1835  727        -4.59453187     -3.92313282      5.57422082
1836  727        -4.62406101     -3.93657184      5.53664812
1837  727        -4.62236812     -3.98405039      5.49205928
1838  727        -4.59828053     -4.03202239      5.46632048
1839  727        -4.57352529     -4.04343235      5.47330792
1840  727        -4.56254927     -4.03028206      5.50414523
1841  727        -4.56759995     -4.02417569      5.53956834
1842  727        -4.58178966     -4.01947005      5.56093250
1843  727        -4.61153928     -4.00945060      5.57346692
1844  727        -4.63765465     -3.99188213      5.59934652
1845  727        -4.65584774     -3.99665106      5.62489894
1846  727        -4.66730994     -4.03946541      5.62301737
1847  727        -4.65313090     -4.10431118      5.58350713
1848  727        -4.63024470     -4.17127324      5.53817292
1849  727        -4.62399432     -4.18773896      5.50882557
1850  727        -4.65316532     -4.14378890      5.49189867
1851  727        -4.69565244     -4.09680364      5.48560561
1852  727        -4.72137390     -4.10075300      5.46600109
1853  727        -4.74053933     -4.14611796      5.44465345
1854  727        -4.75958497     -4.20021158      5.43566821
1855  727        -4.77946065     -4.24329576      5.44608431
1856  727        -4.79721283     -4.27865602      5.45512765
1857  727        -4.82539172     -4.31960801      5.45113997
1858  727        -4.86017099     -4.35378479      5.44270856
1859  727        -4.88306886     -4.37635275      5.42982074
1860  727        -4.89403058     -4.39169776      5.40181270
1861  727        -4.90527511     -4.38753111      5.36427925
1862  727        -4.91728972     -4.34033036      5.33187152
1863  727        -4.93305526     -4.25568066      5.31984157
1864  727        -4.95317509     -4.18917764      5.31445813
1865  727        -4.99003040     -4.18511987      5.31444144
1866  727        -5.03377592     -4.23215256      5.32933684
1867  727        -5.06472168     -4.29340181      5.35751414
1868  727        -5.07690919     -4.32528004      5.39875795
1869  727        -5.07628070     -4.31077340      5.43164133
1870  727        -5.08802030     -4.25591451      5.42817148
1871  727        -5.09261032     -4.18752715      5.39589770
1872  727        -5.06874568     -4.11307348      5.36040810
1873  727        -5.01630085     -4.03020490      5.32315156
1874  727        -4.96399295     -3.95108853      5.26885829
1875  727        -4.94546251     -3.87912079      5.20392851
1876  727        -4.96664418     -3.82443718      5.15813920
1877  727        -4.99956415     -3.79515011      5.13364630
1878  727        -5.01309300     -3.81710257      5.11020250
1879  727        -5.01154358     -3.88906750      5.07326900
1880  727        -5.00595815     -3.97000479      5.03597475
1881  727        -5.00305521     -4.02534056      5.00264132
1882  727        -4.99327526     -4.05766526      4.97188118
1883  727        -4.98468464     -4.08582121      4.93719870
1884  727        -4.97090286     -4.09922383      4.89075378
1885  727        -4.96265289     -4.06623740      4.85710623
1886  727        -4.97143613     -3.98632114      4.84020793
1887  727        -5.01824675     -3.89576313      4.82079319
1888  727        -5.07900447     -3.82332864      4.79512842
1889  727        -5.13679770     -3.78530664      4.78522978
1890  727        -5.17976524     -3.77561529      4.81387312
1891  727        -5.19393957     -3.78035948      4.86559309
1892  727        -5.18616254     -3.76464802      4.89197964
1893  727        -5.18603059     -3.71237471      4.88174527
1894  727        -5.21940097     -3.64566713      4.85951814
1895  727        -5.25801164     -3.58766566      4.85975989
1896  727        -5.27618619     -3.55943348      4.87706996
1897  727        -5.26904231     -3.55618020      4.89428894
1898  727        -5.26521571     -3.58382600      4.89533489
1899  727        -5.28111535     -3.64657645      4.88205880
1900  727        -5.32053458     -3.71722956      4.86300806
1901  727        -5.35272829     -3.77493375      4.83986405
1902  727        -5.35971020     -3.82628335      4.81873357
1903  727        -5.36662493     -3.86554707      4.79885197
1904  727        -5.39121997     -3.87208752      4.78277192
1905  727        -5.42839441     -3.83665674      4.78113838
1906  727        -5.45867364     -3.79252690      4.82821611
1907  727        -5.46240890     -3.75974971      4.90723151
1908  727        -5.44319655     -3.74258965      4.96373637
1909  727        -5.43420828     -3.73867863      4.96377187
1910  727        -5.41685407     -3.75030126      4.94021428
1911  727        -5.38896998     -3.80969012      4.93496518
1912  727        -5.36660155     -3.89884217      4.94950409
1913  727        -5.36511183     -3.95141566      4.95357315
1914  727        -5.37223197     -3.93330163      4.92141307
1915  727        -5.38590268     -3.88918278      4.88607695
1916  727        -5.41247924     -3.85247592      4.86346715
1917  727        -5.44531385     -3.82797963      4.85783844
1918  727        -5.46231743     -3.81894810      4.86289678
1919  727        -5.43312586     -3.84445972      4.88418015
1920  727        -5.35026555     -3.89873738      4.91445469
1921  727        -5.24440213     -3.95553458      4.96922992
1922  727        -5.17834767     -3.97697074      5.03281569
1923  727        -5.17604512     -3.96087243      5.07133051
1924  727        -5.22042817     -3.94056688      5.09634263
1925  727        -5.26969155     -3.93500436      5.11941325
1926  727        -5.30115263     -3.95344963      5.13312007
1927  727        -5.31548725     -3.99853714      5.13694109
1928  727        -5.31528982     -4.06377134      5.13549521
1929  727        -5.30297015     -4.14232883      5.12429974
1930  727        -5.27805729     -4.22041117      5.11306032
1931  727        -5.24919007     -4.27600690      5.08518081
1932  727        -5.23032975     -4.30382398      5.06144573
1933  727        -5.23789969     -4.31557189      5.05719032
1934  727        -5.27469675     -4.32672637      5.06275777
1935  727        -5.30624803     -4.34765641      5.06883210
1936  727        -5.29293388     -4.38631974      5.06484053
1937  727        -5.23849230     -4.44527558      5.04350152
1938  727        -5.17777824     -4.51934915      5.02197026
1939  727        -5.15044764     -4.60216758      5.01134505
1940  727        -5.17484784     -4.66770845      5.00096163
1941  727        -5.21106072     -4.69842848      4.99587800
1942  727        -5.22535611     -4.69360129      4.98921757
1943  727        -5.21028702     -4.67601143      4.98722976
1944  727        -5.17520868     -4.67706791      4.98289723
1945  727        -5.12960726     -4.69545099      4.96160509
1946  727        -5.09319513     -4.73469482      4.93308078
1947  727        -5.06558435     -4.81047052      4.93085399
1948  727        -5.04340380     -4.90412802      4.94971464
1949  727        -5.04006856     -4.98056220      4.95733441
1950  727        -5.04658856     -5.02201810      4.94620927
1951  727        -5.06182528     -5.03176664      4.92461981
1952  727        -5.09289176     -5.04677872      4.90250506
1953  727        -5.12819498     -5.08745030      4.87169262
1954  727        -5.14312406     -5.14868579      4.81851844
1955  727        -5.12861550     -5.20553622      4.76137390
1956  727        -5.11626398     -5.22607058      4.73513136
1957  727        -5.13718242     -5.23032043      4.74624493
1958  727        -5.19004518     -5.25496115      4.79719216
1959  727        -5.25051961     -5.33290913      4.84729341
1960  727        -5.30065893     -5.44064931      4.86833976
1961  727        -5.33146357     -5.55381832      4.87285088
1962  727        -5.34383580     -5.64754339      4.86755535
1963  727        -5.34916819     -5.71331870      4.85962592
1964  727        -5.36392676     -5.74509557      4.85272038
1965  727        -5.37985251     -5.76191684      4.84541991
1966  727        -5.38136063     -5.78067572      4.83752269
1967  727        -5.36060699     -5.81038533      4.84081689
1968  727        -5.33861246     -5.82482543      4.85931739
1969  727        -5.33026809     -5.83560236      4.87996974
1970  727        -5.33105033     -5.86095205      4.87768257
1971  727        -5.35512699     -5.90449575      4.84945785
1972  727        -5.39554282     -5.95634703      4.81933833
1973  727        -5.44728857     -6.00249122      4.79528371
1974  727        -5.47674556     -6.03299265      4.78045290
1975  727        -5.49389066     -6.04361206      4.78098858
1976  727        -5.51190151     -6.05421027      4.79126362
1977  727        -5.54941030     -6.05306286      4.79595054
1978  727        -5.58403085     -6.03726064      4.80094127
1979  727        -5.58922971     -5.99442779      4.79802058
1980  727        -5.57006648     -5.94195326      4.78674235
1981  727        -5.55798619     -5.90023563      4.78132444
1982  727        -5.56122295     -5.88910786      4.79423201
1983  727        -5.57906495     -5.91336576      4.82277191
1984  727        -5.59627611     -5.95631775      4.84002507
1985  727        -5.58725066     -6.01124577      4.83977219
1986  727        -5.56955225     -6.07187510      4.82946694
1987  727        -5.55528811     -6.13350395      4.81852834
1988  727        -5.59190456     -6.18011996      4.80745901
1989  727        -5.66662561     -6.21548652      4.80700642
1990  727        -5.75715464     -6.23167629      4.80913736
1991  727        -5.81820892     -6.22430935      4.81565951
1992  727        -5.81452294     -6.20742401      4.82400016
1993  727        -5.77420879     -6.21413378      4.83134257
1994  727        -5.73560924     -6.24506218      4.84032881
1995  727        -5.73056993     -6.26445636      4.85003833
1996  727        -5.74193013     -6.24962260      4.87434817
1997  727        -5.75010788     -6.20675772      4.90972639
1998  727        -5.74940414     -6.16259648      4.96027912
1999  727        -5.76125028     -6.11968007      5.03078945
2000  727        -5.78784026     -6.07263843      5.10465965
2001  727        -5.80164085     -6.02764516      5.14208694
2002  727        -5.79713479     -5.97376714      5.14352696
2003  727        -5.77126357     -5.90450489      5.13700461
2004  727        -5.74407433     -5.83608122      5.14152584
2005  727        -5.73350669     -5.78782909      5.15378777
2006  727        -5.73862861     -5.75126174      5.16070784
2007  727        -5.72271520     -5.71245565      5.15884380
2008  727        -5.68061197     -5.69671540      5.16093401
2009  727        -5.63044014     -5.72059756      5.18497604
2010  727        -5.61870427     -5.75744312      5.22833789
2011  727        -5.66875302     -5.79282517      5.27962353
2012  727        -5.73576627     -5.79630548      5.31840015
2013  727        -5.77692898     -5.75314708      5.35176876
2014  727        -5.79066632     -5.67859259      5.37924021
2015  727        -5.82213852     -5.61226967      5.41097768
2016  727        -5.87402920     -5.56718357      5.44676097
2017  727        -5.92468269     -5.53730935      5.47002487
2018  727        -5.94273067     -5.52240375      5.49104294
2019  727        -5.92462718     -5.52524953      5.49666742
2020  727        -5.90039994     -5.53145810      5.51028501
2021  727        -5.89572372     -5.54160800      5.51380536
2022  727        -5.91116789     -5.53284935      5.50142070
2023  727        -5.94022565     -5.49579429      5.45631966
2024  727        -5.97915616     -5.44235924      5.42389603
2025  727        -6.02764719     -5.39662540      5.44103164
2026  727        -6.06578046     -5.37107951      5.49694977
2027  727        -6.08564453     -5.35895983      5.55459364
2028  727        -6.09397685     -5.34475449      5.59821173
2029  727        -6.09236249     -5.35208157      5.62669603
2030  727        -6.08610162     -5.37667730      5.64043065
2031  727        -6.08448835     -5.38766789      5.65219896
2032  727        -6.08648772     -5.37793299      5.65666043
2033  727        -6.09228891     -5.35630586      5.66806761
2034  727        -6.11650615     -5.34566661      5.67623791
2035  727        -6.17493391     -5.34434419      5.67607627
2036  727        -6.25249814     -5.34696797      5.66880824
2037  727        -6.30919922     -5.36121854      5.66195740
2038  727        -6.31590768     -5.38410060      5.66638497
2039  727        -6.28078085     -5.40108948      5.69133735
2040  727        -6.24115152     -5.40411784      5.74371358
2041  727        -6.20075522     -5.39765774      5.79235653
2042  727        -6.17093589     -5.37853465      5.83728275
2043  727        -6.17019210     -5.33629699      5.87600525
2044  727        -6.22136654     -5.29615239      5.90305984
2045  727        -6.30313381     -5.28783282      5.89278014
2046  727        -6.35856222     -5.32933637      5.85551904
2047  727        -6.37991896     -5.38370759      5.80312518
2048  727        -6.36775118     -5.42389951      5.74641369
2049  727        -6.36242021     -5.45257426      5.69302738
2050  727        -6.38529507     -5.44752111      5.64998520
2051  727        -6.43190912     -5.40123951      5.62747357
2052  727        -6.48330111     -5.35271293      5.61278396
2053  727        -6.52748016     -5.34965241      5.60557316
2054  727        -6.55678714     -5.37991589      5.61281586
2055  727        -6.57671933     -5.43587083      5.62409779
2056  727        -6.58469749     -5.50818997      5.62454302
2057  727        -6.59113024     -5.58888816      5.62238302
2058  727        -6.59355773     -5.65312103      5.63235547
2059  727        -6.59718796     -5.69532443      5.64385961
2060  727        -6.61630290     -5.71861748      5.64022811
2061  727        -6.63190923     -5.73153539      5.62587157
2062  727        -6.62882762     -5.75429876      5.59730066
2063  727        -6.61747554     -5.77717906      5.54829590
2064  727        -6.60532295     -5.79883697      5.49965647
2065  727        -6.60398914     -5.81232989      5.46523274
2066  727        -6.62716831     -5.81709428      5.47705240
2067  727        -6.66207775     -5.80577057      5.53365424
2068  727        -6.68957355     -5.79866023      5.61658679
2069  727        -6.70684346     -5.81370064      5.68788513
2070  727        -6.71391511     -5.86282834      5.74634832
2071  727        -6.72508766     -5.92635174      5.79621202
2072  727        -6.72963745     -5.99396151      5.83119284
2073  727        -6.74134684     -6.06603504      5.84958400
2074  727        -6.77586067     -6.11464506      5.85815292
2075  727        -6.84164674     -6.14092358      5.87605613
2076  727        -6.91496399     -6.13809862      5.87531154
2077  727        -6.97055519     -6.13453765      5.84482787
2078  727        -7.01761874     -6.13371509      5.79128748
2079  727        -7.06853035     -6.14715932      5.75499231
2080  727        -7.12512044     -6.18004516      5.73236138
2081  727        -7.17119150     -6.21459022      5.70929306
2082  727        -7.21289950     -6.22797493      5.68662678
2083  727        -7.24139640     -6.22242627      5.66341744
2084  727        -7.26740197     -6.22726750      5.64895690
2085  727        -7.27996748     -6.23789036      5.63600158
2086  727        -7.28189782     -6.25532683      5.62621144
2087  727        -7.28194347     -6.26407457      5.61173308
2088  727        -7.26758171     -6.26394747      5.59463952
2089  727        -7.23555726     -6.25794847      5.55932143
2090  727        -7.18763415     -6.25230600      5.52206428
2091  727        -7.16017647     -6.24507890      5.48502466
2092  727        -7.15730616     -6.22851623      5.44138571
2093  727        -7.16517248     -6.19980171      5.40167449
2094  727        -7.15401161     -6.18263151      5.37240819
2095  727        -7.13166992     -6.19054703      5.35855108
2096  727        -7.11032555     -6.20480230      5.33588770
2097  727        -7.09500378     -6.20817017      5.32159044
2098  727        -7.07053511     -6.21265783      5.33037719
2099  727        -7.05694492     -6.24149176      5.35095237
2100  727        -7.07047663     -6.25326197      5.37310028
2101  727        -7.08441384     -6.21332059      5.41716278
2102  727        -7.06679085     -6.15324435      5.47039197
2103  727        -7.03047412     -6.14046058      5.52473384
2104  727        -7.00506965     -6.15775227      5.57200383
2105  727        -7.01557028     -6.17819852      5.60035129
2106  727        -7.05339976     -6.18826644      5.61611701
2107  727        -7.07642281     -6.21004712      5.63146292
2108  727        -7.05816564     -6.22733867      5.65474973
2109  727        -6.99621970     -6.21177104      5.68441161
2110  727        -6.92073256     -6.17572973      5.72548820
2111  727        -6.85500072     -6.12484174      5.75641778
2112  727        -6.83347718     -6.08478810      5.77390518
2113  727        -6.82184750     -6.05368487      5.78418308
2114  727        -6.77487212     -6.04103588      5.81328477
2115  727        -6.67061879     -6.05460900      5.86162938
2116  727        -6.53946751     -6.08899662      5.90498281
2117  727        -6.44346119     -6.11922082      5.93675096
2118  727        -6.39874834     -6.14752763      5.97484319
2119  727        -6.40036659     -6.18915319      6.01825523
2120  727        -6.42219399     -6.22763695      6.05869810
2121  727        -6.44486687     -6.23065650      6.06357608
2122  727        -6.46630354     -6.19214980      6.03387793
2123  727        -6.49882682     -6.14944537      5.99814902
2124  727        -6.51966187     -6.13650487      5.97051667
2125  727        -6.51364785     -6.13843964      5.94916643
2126  727        -6.48320015     -6.14275482      5.89350664
2127  727        -6.44224077     -6.15674372      5.79165137
2128  727        -6.40553716     -6.18046562      5.67147212
2129  727        -6.38749150     -6.19740430      5.57404371
2130  727        -6.38238673     -6.20467947      5.50359002
2131  727        -6.37510111     -6.20705177      5.45141969
2132  727        -6.37519088     -6.19491704      5.40757506
2133  727        -6.40484634     -6.17675244      5.36218684
2134  727        -6.45112503     -6.16363629      5.29542290
2135  727        -6.48553330     -6.15253097      5.21376506
2136  727        -6.49539624     -6.14212413      5.14728715
2137  727        -6.48078364     -6.14434334      5.10304161
2138  727        -6.46128691     -6.16129162      5.05089605
2139  727        -6.45872075     -6.17902532      4.97729662
2140  727        -6.46195188     -6.19435893      4.91520004
2141  727        -6.46615327     -6.21411939      4.88852630
2142  727        -6.49685486     -6.26325666      4.88206233
2143  727        -6.56826825     -6.32012352      4.87752975
2144  727        -6.64763913     -6.32791273      4.86990658
2145  727        -6.70758265     -6.26535719      4.84856933
2146  727        -6.74312613     -6.20933117      4.81621061
2147  727        -6.75759929     -6.20087463      4.77827396
2148  727        -6.73226198     -6.21687419      4.72679078
2149  727        -6.68768991     -6.22810940      4.66641893
2150  727        -6.64285522     -6.23407722      4.61909391
2151  727        -6.64042724     -6.23486203      4.57915672
2152  727        -6.67920679     -6.22302221      4.53686798
2153  727        -6.72398407     -6.20758071      4.51030966
2154  727        -6.76121489     -6.16955356      4.48308607
2155  727        -6.79000597     -6.11494954      4.45191251
2156  727        -6.81903826     -6.04943846      4.42572632
2157  727        -6.83613018     -5.96852037      4.41615911
2158  727        -6.81721117     -5.89822962      4.41048657
2159  727        -6.76357353     -5.86812225      4.38795895
2160  727        -6.72034394     -5.87744585      4.36813201
2161  727        -6.70397824     -5.88168546      4.36188191
2162  727        -6.71060810     -5.83220336      4.38096259
2163  727        -6.73244551     -5.75835857      4.41102152
2164  727        -6.76300619     -5.71732305      4.43903250
2165  727        -6.78981778     -5.73135025      4.44664653
2166  727        -6.80890364     -5.76277651      4.44731606
2167  727        -6.81624682     -5.76569673      4.44009473
2168  727        -6.82715663     -5.75037619      4.43633947
2169  727        -6.87111586     -5.76291853      4.41962698
2170  727        -6.92413502     -5.81637530      4.38773889
2171  727        -6.96326394     -5.88212279      4.37668707
2172  727        -6.98721032     -5.92577396      4.37688326
2173  727        -7.00949397     -5.94898477      4.37953251
2174  727        -7.02972187     -5.94323052      4.37958028
2175  727        -7.04971655     -5.91270962      4.38609687
2176  727        -7.07634875     -5.87560680      4.39255644
2177  727        -7.11203015     -5.86445444      4.38653578
2178  727        -7.13486616     -5.89345558      4.35607155
2179  727        -7.13127866     -5.96193003      4.31608346
2180  727        -7.11939255     -6.04225289      4.27556699
2181  727        -7.11460633     -6.08369106      4.24069832
2182  727        -7.13304516     -6.07021426      4.22690764
2183  727        -7.16462961     -6.02136339      4.22109791
2184  727        -7.19088600     -5.97426164      4.21164434
2185  727        -7.18957435     -5.94049475      4.18108134
2186  727        -7.16130160     -5.92815120      4.13270069
2187  727        -7.14078393     -5.90667904      4.09308546
2188  727        -7.12968308     -5.88130447      4.05862269
2189  727        -7.10394420     -5.85380310      4.02412401
2190  727        -7.07258689     -5.81952383      4.02076150
2191  727        -7.05698940     -5.77091893      4.05561636
2192  727        -7.05732328     -5.71756675      4.08552814
2193  727        -7.05751888     -5.67381995      4.07524765
2194  727        -7.02784059     -5.65977528      4.04875986
2195  727        -6.99344723     -5.67835563      4.02442561
2196  727        -6.96205410     -5.68036173      4.01142759
2197  727        -6.93702057     -5.63968717      4.00367333
2198  727        -6.92263036     -5.55748212      3.99961454
2199  727        -6.93020489     -5.47226114      3.99506250
2200  727        -6.94128288     -5.40732730      3.96521399
2201  727        -6.93457989     -5.37916883      3.90836011
2202  727        -6.91850714     -5.35167605      3.84979456
2203  727        -6.91980428     -5.31492020      3.83228769
2204  727        -6.94458034     -5.28410074      3.85493095
2205  727        -6.95745992     -5.27494786      3.89132333
2206  727        -6.94315466     -5.28846028      3.93801837
2207  727        -6.91068202     -5.29970993      4.00123838
2208  727        -6.89161400     -5.30552714      4.06891082
2209  727        -6.88961584     -5.30002764      4.10590311
2210  727        -6.89917557     -5.29530552      4.11358275
2211  727        -6.92086919     -5.28563474      4.11105334
2212  727        -6.94359029     -5.26748157      4.12905365
2213  727        -6.95700891     -5.23272901      4.15547426
2214  727        -6.95571698     -5.20642672      4.17492237
2215  727        -6.95715932     -5.20484566      4.18562532
2216  727        -6.96642336     -5.20788035      4.22018531
2217  727        -6.97112280     -5.19376982      4.27714140
2218  727        -6.97744092     -5.17894395      4.30508878
2219  727        -7.01064239     -5.17872530      4.28052216
2220  727        -7.07805486     -5.18582002      4.24309250
2221  727        -7.16296106     -5.18656516      4.21342274
2222  727        -7.22229754     -5.17779795      4.17376826
2223  727        -7.21758527     -5.18713335      4.11532674
2224  727        -7.17509972     -5.20147197      4.04177770
2225  727        -7.12892452     -5.18611294      3.98804649
2226  727        -7.10804142     -5.16576681      3.96520486
2227  727        -7.11367551     -5.18221664      3.97799176
2228  727        -7.15917172     -5.22779930      4.00320123
2229  727        -7.23713481     -5.28020181      4.02350643
2230  727        -7.31130175     -5.35218625      4.02622526
2231  727        -7.34116688     -5.45090505      4.00652265
2232  727        -7.33588677     -5.54748762      3.99490037
2233  727        -7.31407969     -5.59402838      3.99820243
2234  727        -7.29424528     -5.61234314      3.99488664
2235  727        -7.28888673     -5.61987539      3.97256923
2236  727        -7.33455280     -5.61893672      3.94994962
2237  727        -7.42689039     -5.60076697      3.94267773
2238  727        -7.51933701     -5.57809872      3.95941659
2239  727        -7.57608119     -5.53852957      3.98816253
2240  727        -7.59066517     -5.50654336      3.99465637
2241  727        -7.57948388     -5.52063078      3.96702685
2242  727        -7.55146090     -5.53708717      3.94549387
2243  727        -7.50915226     -5.52939175      3.95756291
2244  727        -7.44591705     -5.50460684      3.97427334
2245  727        -7.39032595     -5.46209757      3.97918555
2246  727        -7.35723704     -5.40091953      3.94805079
2247  727        -7.35492925     -5.33607699      3.89103512
2248  727        -7.37503264     -5.27506390      3.82488525
2249  727        -7.42050969     -5.22618670      3.78791646
2250  727        -7.48851615     -5.19087094      3.78683233
2251  727        -7.57659955     -5.17195955      3.81775264
2252  727        -7.67981666     -5.17246087      3.85254813
2253  727        -7.76036789     -5.20519190      3.87036690
2254  727        -7.78201480     -5.27024936      3.86338320
2255  727        -7.75646188     -5.33101329      3.84059008
2256  727        -7.70493116     -5.35939408      3.84079785
2257  727        -7.62403029     -5.35952978      3.84915560
2258  727        -7.54319821     -5.34671041      3.84483939
2259  727        -7.47209062     -5.33290901      3.82087949
2260  727        -7.42662148     -5.34272071      3.78897826
2261  727        -7.38922587     -5.33425516      3.77451007
2262  727        -7.34442857     -5.29261811      3.78026597
2263  727        -7.32948409     -5.25419437      3.79565094
2264  727        -7.34885211     -5.25002039      3.79502551
2265  727        -7.38609070     -5.26293759      3.77061367
2266  727        -7.41388893     -5.27534530      3.74554923
2267  727        -7.41456562     -5.27234498      3.72725670
2268  727        -7.35279140     -5.28947713      3.71715545
2269  727        -7.24710132     -5.33613666      3.71758543
2270  727        -7.16783209     -5.37542218      3.73012118
2271  727        -7.10886265     -5.39839486      3.75156323
2272  727        -7.03453887     -5.41511615      3.78811046
2273  727        -6.95303412     -5.41626413      3.81950997
2274  727        -6.90097838     -5.37754658      3.84680614
2275  727        -6.86828561     -5.34213283      3.86459335
2276  727        -6.85002235     -5.31788055      3.87070141
2277  727        -6.83570449     -5.29386825      3.88712314
2278  727        -6.81592064     -5.25882304      3.93496746
2279  727        -6.78860016     -5.23070279      3.98476213
2280  727        -6.76704522     -5.22458398      4.01173154
2281  727        -6.74882653     -5.24801283      4.01711075
2282  727        -6.71819817     -5.27240661      3.99835146
2283  727        -6.68516861     -5.27377784      3.98259912
2284  727        -6.67025552     -5.24476089      3.97072862
2285  727        -6.66778285     -5.19848208      3.94707275
2286  727        -6.66330981     -5.13590688      3.91817657
2287  727        -6.65349586     -5.08447929      3.91610781
2288  727        -6.64508794     -5.05544000      3.93028180
2289  727        -6.65347603     -5.06696054      3.91340824
2290  727        -6.64151525     -5.09149765      3.86779019
2291  727        -6.59833414     -5.11166949      3.80736836
2292  727        -6.53594700     -5.13827993      3.74763608
2293  727        -6.50200399     -5.15464410      3.70306254
2294  727        -6.50573636     -5.13523267      3.67987101
2295  727        -6.52344115     -5.08141174      3.65465420
2296  727        -6.53844946     -5.02030185      3.62378762
2297  727        -6.55294374     -4.95779532      3.59029024
2298  727        -6.57000300     -4.88784440      3.58048340
2299  727        -6.58612518     -4.81842784      3.60830161
2300  727        -6.62013408     -4.77037765      3.66852327
2301  727        -6.65985944     -4.74932524      3.72091338
2302  727        -6.69094969     -4.75493670      3.73358516
2303  727        -6.71513992     -4.75382331      3.69933911
2304  727        -6.75131444     -4.73946798      3.64096927
2305  727        -6.80147017     -4.70802625      3.59497636
2306  727        -6.86035994     -4.69583403      3.55382980
2307  727        -6.91783568     -4.67961988      3.50324641
2308  727        -6.94658133     -4.64899975      3.44088265
2309  727        -6.94712741     -4.59733900      3.37940038
2310  727        -6.94949095     -4.54717696      3.31728381
2311  727        -6.95666804     -4.51685130      3.27507728
2312  727        -6.96600669     -4.51275522      3.25034540
2313  727        -6.99891436     -4.54331843      3.22773679
2314  727        -7.05456116     -4.59257312      3.19240445
2315  727        -7.10400943     -4.65476987      3.15453106
2316  727        -7.13870165     -4.71471105      3.12668197
2317  727        -7.18020861     -4.76903861      3.11469064
2318  727        -7.23277150     -4.80392215      3.11950794
2319  727        -7.26390962     -4.82705987      3.13324987
2320  727        -7.26730975     -4.85758764      3.12909613
2321  727        -7.26112252     -4.90491668      3.09314108
2322  727        -7.26893824     -4.96970688      3.06000295
2323  727        -7.29981440     -5.05937459      3.05248625
2324  727        -7.33012086     -5.13921559      3.07763553
2325  727        -7.34716785     -5.20502390      3.12734693
2326  727        -7.35629774     -5.27554273      3.17340882
2327  727        -7.37494055     -5.34295899      3.20647638
2328  727        -7.39930700     -5.41438454      3.22027786
2329  727        -7.40843154     -5.47998123      3.23694388
2330  727        -7.41829291     -5.54877271      3.24538512
2331  727        -7.43051397     -5.60032203      3.25252667
2332  727        -7.45463223     -5.64758341      3.24278211
2333  727        -7.49332432     -5.69144653      3.20385315
2334  727        -7.54461496     -5.72382099      3.17666662
2335  727        -7.59674265     -5.75276642      3.16334422
2336  727        -7.63489197     -5.79488353      3.15344670
2337  727        -7.65199767     -5.84815185      3.11911771
2338  727        -7.64990498     -5.90148932      3.05651694
2339  727        -7.64187483     -5.95916795      3.00194921
2340  727        -7.63532976     -6.01197537      2.99075600
2341  727        -7.63126330     -6.05209080      3.02135556
2342  727        -7.63209347     -6.08162678      3.06701912
2343  727        -7.63035944     -6.12278453      3.10609258
2344  727        -7.63205884     -6.17346488      3.13257254
2345  727        -7.65519021     -6.24205763      3.13107700
2346  727        -7.69888870     -6.31029536      3.10315177
2347  727        -7.75321919     -6.37678820      3.06734234
2348  727        -7.79072563     -6.43376441      3.03494807
2349  727        -7.79438406     -6.49000723      3.02249124
2350  727        -7.76811754     -6.53918026      3.02472242
2351  727        -7.73629633     -6.56978675      3.04947193
2352  727        -7.72121157     -6.59650475      3.06372300
2353  727        -7.71493676     -6.63963651      3.06290642
2354  727        -7.73475232     -6.68979238      3.07148145
2355  727        -7.78848603     -6.73031786      3.09018509
2356  727        -7.85205937     -6.74346127      3.10995148
2357  727        -7.88672398     -6.74526974      3.13030036
2358  727        -7.88441827     -6.74814605      3.15554252
2359  727        -7.86887184     -6.76028372      3.15422753
2360  727        -7.84305555     -6.77141716      3.14323810
2361  727        -7.80385010     -6.76135720      3.13967551
2362  727        -7.78287401     -6.74383864      3.14115812
2363  727        -7.78394794     -6.70870080      3.15070160
2364  727        -7.77897309     -6.66296255      3.18819633
2365  727        -7.74217285     -6.62970747      3.23511805
2366  727        -7.69907464     -6.60559230      3.24761839
2367  727        -7.67591148     -6.61159857      3.22661832
2368  727        -7.68110947     -6.64144894      3.20064747
2369  727        -7.69820291     -6.67913923      3.18646739
2370  727        -7.69605371     -6.72051849      3.17276677
2371  727        -7.66917268     -6.75246378      3.14785111
2372  727        -7.63191125     -6.77555467      3.11134378
2373  727        -7.60346876     -6.79405650      3.08299068
2374  727        -7.60793168     -6.80367417      3.07445313
2375  727        -7.63201957     -6.80549545      3.08433297
2376  727        -7.64478294     -6.81178814      3.09716322
2377  727        -7.62545880     -6.82189972      3.11420487
2378  727        -7.57525031     -6.82923976      3.14669212
2379  727        -7.54011010     -6.82167416      3.19450095
2380  727        -7.52081380     -6.79967051      3.23427118
2381  727        -7.51950572     -6.78204910      3.23967174
2382  727        -7.52504063     -6.78868619      3.20628167
2383  727        -7.53980319     -6.82663033      3.15725383
2384  727        -7.57395111     -6.87146348      3.12222461
2385  727        -7.62482052     -6.88747943      3.12156525
2386  727        -7.67042716     -6.88157484      3.15342373
2387  727        -7.68632789     -6.85763980      3.19019986
2388  727        -7.68735441     -6.82537104      3.22186498
2389  727        -7.68796014     -6.80188676      3.24053643
2390  727        -7.68907493     -6.77509825      3.25120413
2391  727        -7.66010134     -6.72955188      3.25732082
2392  727        -7.59621953     -6.66705858      3.25909590
2393  727        -7.52643150     -6.59434842      3.25710610
2394  727        -7.50341123     -6.52960658      3.25293171
2395  727        -7.54502063     -6.49658298      3.27456334
2396  727        -7.58962784     -6.49394363      3.31567870
2397  727        -7.58363241     -6.52626141      3.33592483
2398  727        -7.53851193     -6.58177589      3.31567545
2399  727        -7.51082614     -6.61239633      3.27888495
2400  727        -7.46630969     -6.60837624      3.24733068
2401  727        -7.42249878     -6.59258847      3.23372887
2402  727        -7.40564580     -6.56199832      3.23449072
2403  727        -7.42076031     -6.49432725      3.22271244
2404  727        -7.43630045     -6.41674398      3.18678434
2405  727        -7.41957268     -6.38311113      3.14906131
2406  727        -7.37421414     -6.40603909      3.11995115
2407  727        -7.32309112     -6.44688817      3.10700425
2408  727        -7.31296544     -6.47887003      3.10469232
2409  727        -7.36226390     -6.49724418      3.12246686
2410  727        -7.44067873     -6.51751509      3.14491029
2411  727        -7.51432762     -6.55239809      3.15116886
2412  727        -7.58134383     -6.60195527      3.13230662
2413  727        -7.65001778     -6.64443796      3.09963465
2414  727        -7.71500627     -6.67955084      3.06980572
2415  727        -7.72544441     -6.71406233      3.03821813
2416  727        -7.65756871     -6.75107536      3.01636694
2417  727        -7.55920246     -6.79446893      3.00954147
2418  727        -7.51652812     -6.81818260      3.01622479
2419  727        -7.55671295     -6.79723138      3.05243922
2420  727        -7.60517153     -6.75366043      3.10807814
2421  727        -7.62956071     -6.72013409      3.14741608
2422  727        -7.63035046     -6.71445501      3.15537024
2423  727        -7.61430887     -6.73684313      3.14009029
2424  727        -7.57281815     -6.76488915      3.13838715
2425  727        -7.51730898     -6.75600523      3.16015754
2426  727        -7.50201618     -6.69643726      3.19940988
2427  727        -7.53764926     -6.62054708      3.25166747
2428  727        -7.58500191     -6.55244456      3.29372455
2429  727        -7.59075183     -6.48768552      3.31706635
2430  727        -7.56840163     -6.43181759      3.32898886
2431  727        -7.53691067     -6.38027060      3.36219644
2432  727        -7.49623776     -6.33054924      3.40588587
2433  727        -7.43137994     -6.29338375      3.45792457
2434  727        -7.34446043     -6.27910329      3.49777721
2435  727        -7.25704281     -6.26150211      3.51018005
2436  727        -7.20863794     -6.20121224      3.49384084
2437  727        -7.21106934     -6.11247869      3.48883468
2438  727        -7.23318514     -6.05958164      3.49838777
2439  727        -7.24165795     -6.04998405      3.49082677
2440  727        -7.21791954     -6.04076261      3.45937565
2441  727        -7.19012789     -6.02821213      3.43745441
2442  727        -7.15417237     -6.00373308      3.44696658
2443  727        -7.10546550     -5.96654140      3.46245871
2444  727        -7.04808407     -5.92457467      3.48917155
2445  727        -7.00408667     -5.88364479      3.51532144
2446  727        -6.98526075     -5.85087852      3.51333242
2447  727        -6.99283095     -5.83602968      3.47203877
2448  727        -7.01050895     -5.84376762      3.42117074
2449  727        -6.99851047     -5.86025873      3.39432504
2450  727        -6.96673003     -5.87005597      3.37059272
2451  727        -6.93612573     -5.87353017      3.33323591
2452  727        -6.93240306     -5.87752236      3.28726403
2453  727        -6.95212806     -5.89308400      3.25686202
2454  727        -6.97977040     -5.92563408      3.23043242
2455  727        -7.01439664     -5.95714482      3.19099008
2456  727        -7.05817527     -5.97018705      3.15554205
2457  727        -7.10590222     -5.97329776      3.13114014
2458  727        -7.14511422     -5.98811536      3.10551517
2459  727        -7.16577179     -6.01808770      3.06194881
2460  727        -7.16907127     -6.03233862      2.99909738
2461  727        -7.17194073     -6.02547008      2.93658996
2462  727        -7.17202984     -6.00150062      2.89585671
2463  727        -7.18305848     -5.97251051      2.86530100
2464  727        -7.20103934     -5.93876448      2.84184939
2465  727        -7.20544082     -5.90117252      2.81248006
2466  727        -7.20141998     -5.88321565      2.78458479
2467  727        -7.20729515     -5.87898385      2.77029515
2468  727        -7.22889963     -5.85908303      2.76267381
2469  727        -7.24674063     -5.80447598      2.76549201
2470  727        -7.26959582     -5.73897294      2.76627178
2471  727        -7.30589027     -5.67938906      2.76283199
2472  727        -7.33979263     -5.62812200      2.75038365
2473  727        -7.34900838     -5.58894578      2.72200967
2474  727        -7.34011823     -5.56731337      2.68501864
2475  727        -7.34454158     -5.56926461      2.64747671
2476  727        -7.37765176     -5.59597782      2.61433310
2477  727        -7.41133165     -5.63709942      2.58747007
2478  727        -7.41489197     -5.68223425      2.59011552
2479  727        -7.39685645     -5.72771619      2.60763740
2480  727        -7.39049821     -5.77651474      2.61406541
2481  727        -7.41395002     -5.82929779      2.63633567
2482  727        -7.44520984     -5.86134030      2.68180739
2483  727        -7.47156386     -5.86457292      2.73810792
2484  727        -7.50077390     -5.86153796      2.79484874
2485  727        -7.56127536     -5.86537846      2.83949917
2486  727        -7.63539286     -5.85689965      2.87472329
2487  727        -7.67749301     -5.81389962      2.90664102
2488  727        -7.68567283     -5.77657557      2.94840250
2489  727        -7.66938068     -5.78499394      2.98576057
2490  727        -7.64025832     -5.83170755      3.00257227
2491  727        -7.61396434     -5.87813314      3.00197577
2492  727        -7.61696634     -5.90795570      3.00597799
2493  727        -7.63879006     -5.92215959      3.04240832
2494  727        -7.67589969     -5.91648131      3.10343757
2495  727        -7.70716354     -5.89874705      3.12848094
2496  727        -7.70793794     -5.87347956      3.11283458
2497  727        -7.70615615     -5.85067611      3.07430127
2498  727        -7.70361689     -5.86095312      3.04099853
2499  727        -7.67324815     -5.88833908      3.03907147
2500  727        -7.60737306     -5.89753728      3.04935550
2501  727        -7.54444147     -5.88633968      3.07196976
2502  727        -7.50000899     -5.87760774      3.09680272
2503  727        -7.48651673     -5.86497258      3.09435043
2504  727        -7.48923929     -5.84605588      3.04155270
2505  727        -7.49104173     -5.81167437      2.99480197
2506  727        -7.47493218     -5.78031943      2.98118230
2507  727        -7.45030251     -5.75998802      3.00857143
2508  727        -7.43279790     -5.72131018      3.02767858
2509  727        -7.40763808     -5.67344071      3.01896847
2510  727        -7.37599189     -5.65728855      2.99945777
2511  727        -7.35066555     -5.68193351      2.99301404
2512  727        -7.33995245     -5.71024085      2.98621353
2513  727        -7.34056363     -5.71001913      2.97371027
2514  727        -7.36761693     -5.69020827      2.97004154
2515  727        -7.40836528     -5.68369675      2.95693932
2516  727        -7.44801158     -5.70280148      2.89837146
2517  727        -7.49488574     -5.74140506      2.80352704
2518  727        -7.55425885     -5.78620170      2.72776695
2519  727        -7.62026494     -5.83932153      2.69962354
2520  727        -7.65519526     -5.90075822      2.70126747
2521  727        -7.68021314     -5.96705172      2.71977758
2522  727        -7.72332886     -6.00283194      2.75338896
2523  727        -7.78797621     -6.02892428      2.78331658
2524  727        -7.84624346     -6.07250810      2.80698643
2525  727        -7.88372650     -6.11672512      2.82700041
2526  727        -7.91435408     -6.14661073      2.83657792
2527  727        -7.94651838     -6.15995618      2.82077421
2528  727        -7.98619692     -6.16654900      2.78092817
2529  727        -8.02651190     -6.18314006      2.73184012
2530  727        -8.04777829     -6.22124174      2.68471864
2531  727        -8.03635688     -6.25996783      2.64251204
2532  727        -7.99561693     -6.27647654      2.60715472
2533  727        -7.94931763     -6.28999302      2.58753507
2534  727        -7.92336774     -6.30573002      2.60192346
2535  727        -7.94842110     -6.28425975      2.63612969
2536  727        -8.01386027     -6.21078953      2.65845467
2537  727        -8.06480131     -6.12344868      2.64583379
2538  727        -8.06018857     -6.08072543      2.61320606
2539  727        -8.00571049     -6.07337010      2.59748294
2540  727        -7.93910622     -6.05580215      2.58476697
2541  727        -7.87155245     -6.01845330      2.55513994
2542  727        -7.80184563     -5.97994914      2.51842995
2543  727        -7.73768883     -5.93913115      2.49816070
2544  727        -7.69000865     -5.88428049      2.47880163
2545  727        -7.65781055     -5.82747568      2.43281348
2546  727        -7.62302696     -5.75919815      2.35136019
2547  727        -7.58271870     -5.68913575      2.26009469
2548  727        -7.54823191     -5.62612150      2.17637816
2549  727        -7.52472589     -5.58235958      2.09642655
2550  727        -7.49722968     -5.53639943      2.04766926
2551  727        -7.46029180     -5.47531650      2.03926236
2552  727        -7.43161241     -5.41531073      2.05140033
2553  727        -7.40665165     -5.38536290      2.04983070
2554  727        -7.40082118     -5.39727793      2.02701143
2555  727        -7.41312484     -5.41891086      1.99502120
2556  727        -7.43827606     -5.44422422      1.97256489
2557  727        -7.45725729     -5.48138108      1.96038828
2558  727        -7.48472263     -5.53853126      1.94893321
2559  727        -7.52967779     -5.59365587      1.93141001
2560  727        -7.58036762     -5.63296174      1.92370827
2561  727        -7.63008090     -5.63799926      1.94915655
2562  727        -7.65779303     -5.59550591      1.98698232
2563  727        -7.67573687     -5.54534550      2.00242170
2564  727        -7.66117869     -5.53281273      1.98193141
2565  727        -7.59585936     -5.56883079      1.94067668
2566  727        -7.50010709     -5.62134991      1.90551695
2567  727        -7.42601903     -5.67442960      1.89804415
2568  727        -7.39379788     -5.69391630      1.90408182
2569  727        -7.38080908     -5.69903108      1.92683268
2570  727        -7.36936179     -5.69231105      1.97332430
2571  727        -7.36300834     -5.67632367      2.03893106
2572  727        -7.37567849     -5.65095134      2.11824156
2573  727        -7.40560477     -5.63703348      2.19952762
2574  727        -7.43063988     -5.65071335      2.28017305
2575  727        -7.44597108     -5.70802157      2.35077796
2576  727        -7.45731670     -5.81124320      2.39998075
2577  727        -7.48006526     -5.92340563      2.42604343
2578  727        -7.50725226     -6.00917300      2.43541028
2579  727        -7.52402666     -6.06143530      2.43960351
2580  727        -7.52793023     -6.08858527      2.45011712
2581  727        -7.53504905     -6.11355332      2.46684470
2582  727        -7.53422055     -6.12112138      2.48457972
2583  727        -7.51653806     -6.10305381      2.52222003
2584  727        -7.47341526     -6.08231455      2.59060049
2585  727        -7.42972543     -6.06881760      2.67940032
2586  727        -7.43098121     -6.06312421      2.74521798
2587  727        -7.46233364     -6.07840255      2.80042549
2588  727        -7.50969868     -6.13248808      2.83883360
2589  727        -7.55272901     -6.20825854      2.87061888
2590  727        -7.56526942     -6.27838353      2.89552111
2591  727        -7.53074315     -6.33089433      2.92494546
2592  727        -7.47358897     -6.38448072      2.94952896
2593  727        -7.41935243     -6.43897542      2.97319736
2594  727        -7.40566681     -6.47878136      2.97420653
2595  727        -7.43852323     -6.52622955      2.96031090
2596  727        -7.47522713     -6.59181850      2.95622976
2597  727        -7.49692632     -6.65087366      2.97043451
2598  727        -7.49320085     -6.67507418      2.98392878
2599  727        -7.49332421     -6.68468331      2.97058256
2600  727        -7.50076730     -6.69112819      2.94858402
2601  727        -7.50899906     -6.70548290      2.91940811
2602  727        -7.50842313     -6.73906064      2.87140748
2603  727        -7.51069896     -6.81290193      2.81886641
2604  727        -7.52755886     -6.92813014      2.77868526
2605  727        -7.55721269     -7.03963057      2.76592950
2606  727        -7.59949513     -7.13040095      2.78006271
2607  727        -7.60847571     -7.21657794      2.81173388
2608  727        -7.57778547     -7.30803041      2.83336901
2609  727        -7.53960449     -7.37599104      2.82213683
2610  727        -7.50100711     -7.37987940      2.78305323
2611  727        -7.45997461     -7.34684712      2.74507553
2612  727        -7.41243848     -7.31711127      2.71807323
2613  727        -7.37066630     -7.30234967      2.69758736
2614  727        -7.36356428     -7.28508625      2.69323036
2615  727        -7.39413097     -7.26390863      2.69906482
2616  727        -7.43728174     -7.25422134      2.69206976
2617  727        -7.47187121     -7.24818479      2.64521425
2618  727        -7.48456869     -7.24408940      2.54982501
2619  727        -7.47135782     -7.25572243      2.42838800
2620  727        -7.44342694     -7.27702259      2.31382959
2621  727        -7.43980745     -7.27301994      2.21799727
2622  727        -7.46607544     -7.23977255      2.15505637
2623  727        -7.48365372     -7.21654727      2.12769068
2624  727        -7.47963654     -7.21090563      2.11843687
2625  727        -7.46454426     -7.21271279      2.10751040
2626  727        -7.46092294     -7.21909867      2.10639926
2627  727        -7.46404502     -7.22604905      2.12380910
2628  727        -7.46664061     -7.22666085      2.15911712
2629  727        -7.47496082     -7.21780239      2.18985864
2630  727        -7.48866925     -7.20938449      2.19133495
2631  727        -7.50476592     -7.20602005      2.17274095
2632  727        -7.50094822     -7.23643638      2.15076829
2633  727        -7.47672797     -7.31716216      2.10668978
2634  727        -7.46420964     -7.40150536      2.02663211
2635  727        -7.48985436     -7.47238858      1.92579164
2636  727        -7.53022407     -7.52423526      1.85179048
2637  727        -7.57808747     -7.56634245      1.81146449
2638  727        -7.63194080     -7.58158065      1.78614348
2639  727        -7.68320364     -7.58490524      1.74038146
2640  727        -7.69471222     -7.58474875      1.67518604
2641  727        -7.66768513     -7.57362905      1.62229409
2642  727        -7.66605179     -7.53668500      1.60991097
2643  727        -7.70824786     -7.48314035      1.63988042
2644  727        -7.75910593     -7.44673361      1.67516595
2645  727        -7.79001498     -7.41240975      1.68138664
2646  727        -7.79425180     -7.40449271      1.64261508
2647  727        -7.77953446     -7.41368068      1.59000109
2648  727        -7.75196918     -7.42760995      1.52252895
2649  727        -7.73101752     -7.41850514      1.44579011
2650  727        -7.70971387     -7.37773653      1.36036102
2651  727        -7.68347665     -7.31814128      1.28122916
2652  727        -7.66604221     -7.25247422      1.21644177
2653  727        -7.66738886     -7.18954967      1.18284108
2654  727        -7.67045312     -7.13967681      1.18092511
2655  727        -7.65992868     -7.10657897      1.15749046
2656  727        -7.63506893     -7.08223847      1.13235390
2657  727        -7.61059389     -7.05255300      1.11067891
2658  727        -7.59032922     -7.03296884      1.10260899
2659  727        -7.59470601     -7.01222318      1.11263366
2660  727        -7.61956319     -6.97604749      1.13282134
2661  727        -7.64153327     -6.92483974      1.15130948
2662  727        -7.63460932     -6.87457158      1.14783006
2663  727        -7.61570533     -6.84925865      1.11095050
2664  727        -7.59652407     -6.82928625      1.04302756
2665  727        -7.59580749     -6.80018981      0.97825011
2666  727        -7.60885792     -6.78343699      0.91148048
2667  727        -7.59603594     -6.80341005      0.86975051
2668  727        -7.57810322     -6.84407663      0.84253214
2669  727        -7.57981820     -6.87210409      0.82988041
2670  727        -7.58145743     -6.88329293      0.82658314
2671  727        -7.57362646     -6.88765302      0.83523432
2672  727        -7.57757334     -6.87509844      0.83232602
2673  727        -7.60063741     -6.83538792      0.79479004
2674  727        -7.61741074     -6.78738567      0.72663083
2675  727        -7.63743900     -6.76135047      0.66220536
2676  727        -7.68771132     -6.76146280      0.62732683
2677  727        -7.76093644     -6.78131752      0.58919413
2678  727        -7.82394091     -6.80162529      0.52459608
2679  727        -7.88506051     -6.81726104      0.45054073
2680  727        -7.96671243     -6.81653029      0.39027656
2681  727        -8.05081407     -6.79723591      0.33472383
2682  727        -8.12725866     -6.75954484      0.28345395
2683  727        -8.20835735     -6.72032887      0.22304802
2684  727        -8.30159242     -6.69656454      0.16625528
2685  727        -8.39184086     -6.70406646      0.13055702
2686  727        -8.47832553     -6.73544678      0.10383401
2687  727        -8.56909474     -6.76966901      0.06038328
2688  727        -8.65568678     -6.81145571     -0.00899166
2689  727        -8.72504987     -6.85197972     -0.10238967
2690  727        -8.77520052     -6.87754875     -0.22674477
2691  727        -8.82362989     -6.86785129     -0.35368766
2692  727        -8.87343547     -6.80967768     -0.46987488
2693  727        -8.92623139     -6.72908996     -0.56625914
2694  727        -8.99943491     -6.67136676     -0.63889566
2695  727        -9.11176477     -6.65720567     -0.67850717
2696  727        -9.21663689     -6.66717485     -0.69445087
2697  727        -9.28470547     -6.67109741     -0.72061609
2698  727        -9.29453342     -6.67129269     -0.80143829
2699  727        -9.27052732     -6.67435901     -0.90312359
2700  727        -9.23727823     -6.67281466     -0.98141947
2701  727        -9.23152007     -6.65023407     -1.02565787
2702  727        -9.25581635     -6.62333803     -1.06608599
2703  727        -9.28992461     -6.61307849     -1.10269187
2704  727        -9.34527419     -6.61275802     -1.09695075
2705  727        -9.39776276     -6.58680585     -1.07977949
2706  727        -9.43305210     -6.55976227     -1.04411060
2707  727        -9.42633294     -6.55021573     -0.99755861
2708  727        -9.42218309     -6.56425624     -0.94615252
2709  727        -9.44074821     -6.57890908     -0.90353333
2710  727        -9.46057978     -6.56091063     -0.88444003
2711  727        -9.48113733     -6.49790611     -0.88943615
2712  727        -9.49218426     -6.39967398     -0.92053760
2713  727        -9.46925754     -6.32416950     -0.96223348
2714  727        -9.41222068     -6.31034043     -1.01050890
2715  727        -9.37797955     -6.35798857     -1.03458020
2716  727        -9.38832918     -6.40361532     -1.03110898
2717  727        -9.45835143     -6.39861803     -1.00721980
2718  727        -9.53679167     -6.37316167     -0.99698701
2719  727        -9.56661569     -6.36404054     -0.98491008
2720  727        -9.54642681     -6.35505558     -0.95694779
2721  727        -9.52282152     -6.34853181     -0.95051251
2722  727        -9.53036791     -6.32557209     -0.95651335
2723  727        -9.55127722     -6.26582971     -0.94119809
2724  727        -9.57548015     -6.17731069     -0.92235257
2725  727        -9.59098679     -6.10155931     -0.92984906
2726  727        -9.61829420     -6.06307322     -0.92291093
2727  727        -9.64376995     -6.03990844     -0.91641403
2728  727        -9.69172566     -6.03822118     -0.89328515
2729  727        -9.75764391     -6.06214817     -0.83899773
2730  727        -9.80441086     -6.07598633     -0.79798663
2731  727        -9.79836081     -6.04930248     -0.74967348
2732  727        -9.75983799     -5.98790598     -0.68103422
2733  727        -9.70677211     -5.91522001     -0.61681326
2734  727        -9.66176453     -5.85369073     -0.56701067
2735  727        -9.60180194     -5.83668620     -0.50786731
2736  727        -9.55113354     -5.87061950     -0.40770746
2737  727        -9.57695473     -5.92173404     -0.30096412
2738  727        -9.66296511     -5.94239834     -0.20910451
2739  727        -9.77049849     -5.95181864     -0.14589806
2740  727        -9.82593931     -5.91761041     -0.09837239
2741  727        -9.79829849     -5.84365917     -0.07429006
2742  727        -9.72849608     -5.76324567     -0.07438899
2743  727        -9.65441716     -5.68163824     -0.08128066
2744  727        -9.59612650     -5.59283240     -0.09945682
2745  727        -9.54503684     -5.50056411     -0.11596574
2746  727        -9.50644187     -5.41745676     -0.13699585
2747  727        -9.46900368     -5.34549205     -0.18133893
2748  727        -9.46678118     -5.29305459     -0.25253346
2749  727        -9.49287051     -5.27920051     -0.31325107
2750  727        -9.52295057     -5.29748693     -0.33359917
2751  727        -9.52783192     -5.33403690     -0.31148958
2752  727        -9.54345101     -5.38855774     -0.29794494
2753  727        -9.58761985     -5.45201386     -0.30562633
2754  727        -9.65688507     -5.49906920     -0.30956175
2755  727        -9.69846303     -5.55142285     -0.30662581
2756  727        -9.72535168     -5.63704549     -0.30996100
2757  727        -9.76907381     -5.71702178     -0.32840462
2758  727        -9.80155734     -5.70494399     -0.34867844
2759  727        -9.79892024     -5.59240941     -0.37689281
2760  727        -9.76280380     -5.46829048     -0.40774874
2761  727        -9.71764341     -5.41537912     -0.43452774
2762  727        -9.67620332     -5.40076539     -0.46782646
2763  727        -9.65630570     -5.38217563     -0.51381550
2764  727        -9.65355617     -5.33980757     -0.55751384
2765  727        -9.65789193     -5.29607292     -0.60063639
2766  727        -9.69544761     -5.26137800     -0.65285018
2767  727        -9.77390484     -5.24638166     -0.70105599
2768  727        -9.84822472     -5.24832274     -0.74412424
2769  727        -9.86056161     -5.27634961     -0.79310324
2770  727        -9.83592989     -5.34123704     -0.84107595
2771  727        -9.83310091     -5.43294447     -0.87669716
2772  727        -9.85445725     -5.53249960     -0.88273771
2773  727        -9.88186831     -5.58700982     -0.90472256
2774  727        -9.90955003     -5.59760466     -0.96183157
2775  727        -9.91254908     -5.58300232     -1.01587729
2776  727        -9.91340506     -5.56481435     -1.04183948
2777  727        -9.94736611     -5.57126719     -1.03953460
2778  727        -9.98549295     -5.60034351     -0.97681865
2779  727       -10.00433327     -5.62302735     -0.94137756
2780  727       -10.01022199     -5.60828369     -0.91110075
2781  727        -9.97932949     -5.57552868     -0.87604825
2782  727        -9.91909155     -5.56453162     -0.79838963
2783  727        -9.86248410     -5.56846270     -0.68688736
2784  727        -9.81414814     -5.58093044     -0.61450397
2785  727        -9.80524454     -5.59422865     -0.56225379
2786  727        -9.85711535     -5.59388029     -0.57023364
2787  727        -9.93630277     -5.62774701     -0.57293726
2788  727        -9.99589618     -5.65864321     -0.57149376
2789  727       -10.01989271     -5.63483591     -0.58080057
2790  727        -9.99455412     -5.56709517     -0.61634053
2791  727        -9.92953145     -5.48892081     -0.66413166
2792  727        -9.88763087     -5.42017731     -0.68371242
2793  727        -9.89032004     -5.40079983     -0.63695349
2794  727        -9.92878611     -5.43103544     -0.55685035
2795  727        -9.96737406     -5.45799934     -0.50123663
2796  727        -9.98812675     -5.43268620     -0.49077387
2797  727        -9.98155001     -5.38357906     -0.49845143
2798  727        -9.95577697     -5.35866704     -0.49256855
2799  727        -9.93220792     -5.32911340     -0.48476253
2800  727        -9.91852869     -5.29908685     -0.47451623
2801  727        -9.92022928     -5.26706826     -0.45273095
2802  727        -9.93745407     -5.22811806     -0.41801837
2803  727        -9.95968799     -5.16210290     -0.40110784
2804  727        -9.96088070     -5.07680700     -0.40710508
2805  727        -9.93457029     -5.01112319     -0.40746518
2806  727        -9.87281122     -4.96709557     -0.38774308
2807  727        -9.78284266     -4.92889010     -0.36005624
2808  727        -9.68901302     -4.88564479     -0.32301892
2809  727        -9.59559453     -4.82393710     -0.26319966
2810  727        -9.51798982     -4.75805037     -0.18137302
2811  727        -9.45323133     -4.71496482     -0.07338749
2812  727        -9.39322875     -4.68646769      0.04056322
2813  727        -9.32811645     -4.66606798      0.12256097
2814  727        -9.26441239     -4.65905288      0.15286771
2815  727        -9.20526761     -4.63616672      0.14522479
2816  727        -9.15970790     -4.58894229      0.11721865
2817  727        -9.13058631     -4.53726756      0.08394999
2818  727        -9.12482569     -4.47974513      0.06116462
2819  727        -9.14940095     -4.43312791      0.05781522
2820  727        -9.18316263     -4.39296400      0.06224165
2821  727        -9.19486488     -4.35601757      0.05276784
2822  727        -9.15726621     -4.33708026      0.03590083
2823  727        -9.12129857     -4.33398713      0.01812724
2824  727        -9.09958603     -4.32984119      0.02359630
2825  727        -9.06968110     -4.31446854      0.04675696
2826  727        -9.01816945     -4.26882742      0.05434071
2827  727        -8.96302216     -4.17726400      0.04319798
2828  727        -8.91571583     -4.06232520      0.02683549
2829  727        -8.88759834     -3.94888139      0.00982653
2830  727        -8.86440018     -3.86701177      0.01337054
2831  727        -8.86119294     -3.79535418      0.03079607
2832  727        -8.88333483     -3.71406077      0.04927595
2833  727        -8.90215644     -3.62164314      0.04807849
2834  727        -8.91801241     -3.54983904      0.03565213
2835  727        -8.91243693     -3.51090629      0.02653118
2836  727        -8.89795647     -3.47380829      0.02789425
2837  727        -8.90151461     -3.41528639      0.03120859
2838  727        -8.89376984     -3.35030036      0.02285608
2839  727        -8.86746370     -3.30147264      0.02887116
2840  727        -8.83598203     -3.27866491      0.05746250
2841  727        -8.80994805     -3.26807069      0.11696952
2842  727        -8.78445757     -3.25614572      0.17633020
2843  727        -8.74874924     -3.22530426      0.20623686
2844  727        -8.71729143     -3.16392455      0.19813992
2845  727        -8.70438776     -3.09557229      0.17436873
2846  727        -8.71995729     -3.02671724      0.16802563
2847  727        -8.75743248     -2.97027325      0.18382453
2848  727        -8.80530534     -2.93063821      0.22639136
2849  727        -8.86431088     -2.89299484      0.26009655
2850  727        -8.93474034     -2.85487126      0.28406023
2851  727        -8.99222312     -2.82201409      0.31763504
2852  727        -9.03186833     -2.80316687      0.36586020
2853  727        -9.07637071     -2.76716829      0.40528582
2854  727        -9.11435554     -2.70398078      0.43820160
2855  727        -9.11045834     -2.64420251      0.46184306
2856  727        -9.07199034     -2.62240797      0.48869288
2857  727        -9.02989834     -2.62917372      0.51288774
2858  727        -8.98974226     -2.65180516      0.53681381
2859  727        -8.95431122     -2.68055118      0.54397093
2860  727        -8.92639691     -2.69373784      0.52002144
2861  727        -8.91341485     -2.69213311      0.48727587
2862  727        -8.90193445     -2.67979328      0.48654464
2863  727        -8.86077726     -2.66678524      0.52328927
2864  727        -8.79842793     -2.65625082      0.57143247
2865  727        -8.74218497     -2.63054711      0.62454938
2866  727        -8.72257692     -2.57151806      0.68217606
2867  727        -8.72292795     -2.49313578      0.71909904
2868  727        -8.72903573     -2.42572657      0.74758637
2869  727        -8.72445864     -2.37251307      0.77552503
2870  727        -8.72422240     -2.33147456      0.78891441
2871  727        -8.72465103     -2.27605275      0.75936256
2872  727        -8.70154940     -2.21356452      0.70617439
2873  727        -8.66518391     -2.15345881      0.66098806
2874  727        -8.63674015     -2.09539645      0.65532530
2875  727        -8.62033722     -2.05518892      0.69798950
2876  727        -8.59946935     -2.03684218      0.75666489
2877  727        -8.56242642     -2.02724838      0.80740170
2878  727        -8.53616029     -2.01274144      0.85130065
2879  727        -8.53443527     -1.99338380      0.89085593
2880  727        -8.53190449     -1.99414181      0.90432635
2881  727        -8.49466066     -2.00935972      0.86966351
2882  727        -8.42962792     -2.00454499      0.79883662
2883  727        -8.36090218     -1.96105348      0.73760598
2884  727        -8.30728918     -1.90203569      0.70364266
2885  727        -8.29526920     -1.85895680      0.68744216
2886  727        -8.31225666     -1.83703506      0.68213655
2887  727        -8.33905632     -1.81720221      0.67893710
2888  727        -8.33514849     -1.80864612      0.68229695
2889  727        -8.30558165     -1.82064166      0.69339469
2890  727        -8.29143332     -1.83445272      0.70242640
2891  727        -8.28067382     -1.82479885      0.70799737
2892  727        -8.25012280     -1.77875337      0.69163666
2893  727        -8.19853189     -1.71698924      0.66726303
2894  727        -8.17280286     -1.65648240      0.65699070
2895  727        -8.20279551     -1.62043220      0.67535666
2896  727        -8.24803845     -1.63783760      0.70397718
2897  727        -8.26009752     -1.72045461      0.71915078
2898  727        -8.25645043     -1.81867262      0.69867012
2899  727        -8.24706791     -1.88979136      0.65253480
2900  727        -8.21831602     -1.90278494      0.58991424
2901  727        -8.19482755     -1.84520035      0.53648668
2902  727        -8.19706241     -1.73899850      0.49612534
2903  727        -8.19517230     -1.63826265      0.44953549
2904  727        -8.17439726     -1.57508557      0.39887351
2905  727        -8.17118608     -1.53226812      0.34631000
2906  727        -8.19398350     -1.49012221      0.33118970
2907  727        -8.21548362     -1.47826709      0.36952792
2908  727        -8.22504266     -1.48066720      0.43531270
2909  727        -8.22133139     -1.46233087      0.46153753
2910  727        -8.17439572     -1.41262995      0.43621197
2911  727        -8.09312763     -1.36225951      0.40136170
2912  727        -7.99249236     -1.33631299      0.38720576
2913  727        -7.88936919     -1.35922638      0.40928772
2914  727        -7.79630693     -1.41820186      0.44016328
2915  727        -7.74634908     -1.48775175      0.48428876
2916  727        -7.75856869     -1.54504801      0.52833725
2917  727        -7.81823954     -1.59682683      0.56322527
2918  727        -7.87414409     -1.63354584      0.57525805
2919  727        -7.90109194     -1.64058991      0.55025849
2920  727        -7.87544000     -1.63480785      0.49980596
2921  727        -7.84033820     -1.66665928      0.46161371
2922  727        -7.84289999     -1.74498813      0.45563403
2923  727        -7.86430070     -1.84056513      0.47105997
2924  727        -7.87642894     -1.93652810      0.50615130
2925  727        -7.84734554     -1.98886944      0.54981886
2926  727        -7.82016928     -2.00344394      0.59001527
2927  727        -7.82206608     -2.00736281      0.62245667
2928  727        -7.84188150     -2.00635363      0.64037061
2929  727        -7.84077208     -2.00481018      0.64287882
2930  727        -7.81056723     -1.98258382      0.64955586
2931  727        -7.79424787     -1.96383173      0.63472562
2932  727        -7.81208310     -1.94728047      0.60919216
2933  727        -7.83568301     -1.93996420      0.55747140
2934  727        -7.83041964     -1.92890590      0.52093493
2935  727        -7.82507251     -1.89468611      0.47151470
2936  625        -9.84463352     -3.25017530      0.13931233
2937  625        -9.85998878     -3.25824135      0.13076584
2938  625        -9.86409707     -3.30436431      0.12698004
2939  625        -9.85470534     -3.34250389      0.10146059
2940  625        -9.83671180     -3.35027271      0.08254729
2941  625        -9.81170767     -3.33223364      0.07657916
2942  625        -9.76843291     -3.30652148      0.06957687
2943  625        -9.72032445     -3.26822589      0.05854628
2944  625        -9.69956500     -3.21822993      0.04959543
2945  625        -9.70330705     -3.18204420      0.03201522
2946  625        -9.72321187     -3.16668878     -0.00989200
2947  625        -9.73930328     -3.16662158     -0.04092274
2948  625        -9.74825070     -3.17737404     -0.05457022
2949  625        -9.74688289     -3.20275704     -0.06513591
2950  625        -9.73409884     -3.20545732     -0.09884755
2951  625        -9.72341410     -3.16649118     -0.13912822
2952  625        -9.74564287     -3.11961021     -0.18978972
2953  625        -9.81390424     -3.13074641     -0.24955167
2954  625        -9.90969743     -3.19984074     -0.30667739
2955  625       -10.01182900     -3.27792250     -0.34647727
2956  625       -10.10533900     -3.33893179     -0.36801919
2957  625       -10.19294872     -3.36948434     -0.37302229
2958  625       -10.27772991     -3.38164815     -0.36800419
2959  625       -10.32759730     -3.37804189     -0.37330637
2960  625       -10.34557523     -3.37084736     -0.40249577
2961  625       -10.35713251     -3.34450574     -0.46664814
2962  625       -10.35619252     -3.28831820     -0.53357866
2963  625       -10.36009739     -3.20142626     -0.56757291
2964  625       -10.35921310     -3.10608025     -0.56501709
2965  625       -10.34786202     -3.02464140     -0.54925860
2966  625       -10.32297454     -2.96689948     -0.52346621
2967  625       -10.29666339     -2.93747423     -0.47935714
2968  625       -10.27221569     -2.93304117     -0.42238832
2969  625       -10.24647417     -2.94312057     -0.35153726
2970  625       -10.22933520     -2.93284001     -0.27722422
2971  625       -10.21688815     -2.88553211     -0.22425399
2972  625       -10.21450315     -2.79655328     -0.21405968
2973  625       -10.22729596     -2.69355554     -0.25492320
2974  625       -10.24981478     -2.59289603     -0.33460592
2975  625       -10.25431626     -2.50966331     -0.41378355
2976  625       -10.24013546     -2.45590086     -0.47603447
2977  625       -10.22312614     -2.42874753     -0.51172732
2978  625       -10.20369800     -2.41654676     -0.52225248
2979  625       -10.17747763     -2.41990788     -0.50154217
2980  625       -10.13615134     -2.45112669     -0.46668633
2981  625       -10.08811310     -2.49822156     -0.44985688
2982  625       -10.03073263     -2.53073052     -0.45574566
2983  625        -9.96625090     -2.52311799     -0.47231754
2984  625        -9.91940597     -2.48028955     -0.49320168
2985  625        -9.91465651     -2.42169076     -0.53403940
2986  625        -9.94493970     -2.36259240     -0.56121958
2987  625        -9.99227449     -2.30686989     -0.56261693
2988  625       -10.01013648     -2.28835977     -0.54001372
2989  625        -9.99671614     -2.30670786     -0.51509030
2990  625        -9.95696719     -2.34514933     -0.48800909
2991  625        -9.91895329     -2.37315173     -0.46064810
2992  625        -9.91141569     -2.36329466     -0.44241014
2993  625        -9.93330530     -2.32147485     -0.43321218
2994  625        -9.94986689     -2.27215487     -0.43210281
2995  625        -9.93241088     -2.22171188     -0.44578162
2996  625        -9.89616465     -2.14863139     -0.47564754
2997  625        -9.88862181     -2.04679378     -0.51169556
2998  625        -9.92756736     -1.93030420     -0.53056863
2999  625        -9.96982449     -1.85343244     -0.52983268
3000  625        -9.96707775     -1.85447548     -0.52233320
3001  625        -9.90961403     -1.90813401     -0.50996394
3002  625        -9.84167110     -1.97182670     -0.49856850
3003  625        -9.80665797     -2.03265377     -0.48260574
3004  625        -9.82957644     -2.10378767     -0.47071105
3005  625        -9.89880198     -2.16380562     -0.46927917
3006  625        -9.95742390     -2.19829311     -0.47865438
3007  625        -9.97414254     -2.21239403     -0.50806872
3008  625        -9.96564591     -2.22442583     -0.55998915
3009  625        -9.98314159     -2.21409957     -0.60436936
3010  625       -10.04911129     -2.16374188     -0.65183106
3011  625       -10.12814933     -2.09450324     -0.72290468
3012  625       -10.18273411     -2.04172155     -0.78879346
3013  625       -10.21497387     -2.01433041     -0.83732270
3014  625       -10.24331185     -1.99697073     -0.87538089
3015  625       -10.26437690     -1.97970739     -0.88864699
3016  625       -10.26285577     -1.95795342     -0.89235015
3017  625       -10.25547976     -1.92791564     -0.93806724
3018  625       -10.29073332     -1.90229127     -1.00670505
3019  625       -10.36814256     -1.89335907     -1.07001572
3020  625       -10.44202948     -1.88674128     -1.13260736
3021  625       -10.47892865     -1.87040170     -1.21107606
3022  625       -10.47254588     -1.84398442     -1.27556004
3023  625       -10.45856151     -1.81862131     -1.30506343
3024  625       -10.45604588     -1.79439036     -1.32829421
3025  625       -10.44385376     -1.80281100     -1.37683052
3026  625       -10.41160754     -1.84684452     -1.42920654
3027  625       -10.38541860     -1.90850054     -1.45271424
3028  625       -10.37381419     -1.99250945     -1.47334592
3029  625       -10.38202135     -2.04856201     -1.51485100
3030  625       -10.40998366     -2.03999665     -1.55458993
3031  625       -10.39067539     -2.01261506     -1.58295842
3032  625       -10.33987545     -2.01545928     -1.59871951
3033  625       -10.31292101     -2.07360640     -1.58599867
3034  625       -10.32195154     -2.17083125     -1.54840977
3035  625       -10.33917446     -2.25268434     -1.50393150
3036  625       -10.36988622     -2.26690599     -1.46228321
3037  625       -10.42678235     -2.20995667     -1.43706025
3038  625       -10.48669484     -2.14834874     -1.41449167
3039  625       -10.52143554     -2.10820181     -1.36697818
3040  625       -10.50342687     -2.09438706     -1.30366298
3041  625       -10.45123420     -2.08717707     -1.24220716
3042  625       -10.39023825     -2.08836613     -1.17769280
3043  625       -10.33531900     -2.10531276     -1.11971689
3044  625       -10.28424175     -2.11968461     -1.08494648
3045  625       -10.25932129     -2.11229052     -1.09410547
3046  625       -10.26728105     -2.08118882     -1.12797852
3047  625       -10.30671647     -2.06293658     -1.14068897
3048  625       -10.35053972     -2.06552103     -1.11981156
3049  625       -10.38860279     -2.09102108     -1.06788616
3050  625       -10.41002863     -2.12740197     -0.99922557
3051  625       -10.41013545     -2.15059923     -0.94641426
3052  625       -10.38702251     -2.12507722     -0.91799253
3053  625       -10.34855192     -2.03933694     -0.89340333
3054  625       -10.31155538     -1.93036129     -0.88190630
3055  625       -10.27653025     -1.85423821     -0.87261131
3056  625       -10.25979256     -1.83937272     -0.85043511
3057  625       -10.25075923     -1.86536961     -0.82513942
3058  625       -10.25392167     -1.91510485     -0.78344392
3059  625       -10.26540686     -1.97402444     -0.73053712
3060  625       -10.28123442     -2.04095096     -0.67297675
3061  625       -10.31244884     -2.08615674     -0.59627698
3062  625       -10.34494442     -2.09147179     -0.53889308
3063  625       -10.36965601     -2.08008807     -0.50315936
3064  625       -10.37526180     -2.03564351     -0.49193057
3065  625       -10.32969264     -1.99090942     -0.49655161
3066  625       -10.24257111     -1.95362308     -0.51582684
3067  625       -10.15854761     -1.93697374     -0.54235248
3068  625       -10.10597684     -1.94317987     -0.57600205
3069  625       -10.07770328     -1.96903147     -0.59795466
3070  625       -10.05954382     -2.00057741     -0.58604713
3071  625       -10.06020692     -2.02269903     -0.53539986
3072  625       -10.07540548     -2.04546990     -0.45909481
3073  625       -10.09249700     -2.04996279     -0.39782292
3074  625       -10.11146294     -2.03654874     -0.37090871
3075  625       -10.14107750     -2.02103032     -0.38033228
3076  625       -10.15045123     -2.04106596     -0.39819618
3077  625       -10.14389169     -2.09210230     -0.42806789
3078  625       -10.14986013     -2.11927351     -0.47252363
3079  625       -10.15691008     -2.09939486     -0.53993806
3080  625       -10.14121433     -2.05414546     -0.62663578
3081  625       -10.11093213     -2.01490530     -0.69415403
3082  625       -10.09674778     -1.99051790     -0.70888665
3083  625       -10.10661661     -1.98214261     -0.67993325
3084  625       -10.12276748     -1.98077854     -0.65831731
3085  625       -10.13132634     -1.95591082     -0.65728983
3086  625       -10.14683778     -1.89868217     -0.70516720
3087  625       -10.13883429     -1.83318283     -0.78117312
3088  625       -10.13039535     -1.77888648     -0.85066118
3089  625       -10.14933850     -1.73215412     -0.90413625
3090  625       -10.18060354     -1.70328544     -0.94371123
3091  625       -10.19168993     -1.69979150     -0.98235707
3092  625       -10.18145277     -1.69716092     -0.97868644
3093  625       -10.15808884     -1.69483537     -0.94599880
3094  625       -10.13994905     -1.68968576     -0.92016986
3095  625       -10.11688642     -1.66278125     -0.91784464
3096  625       -10.10336609     -1.60115500     -0.91571304
3097  625       -10.13251241     -1.53475289     -0.91178273
3098  625       -10.19486862     -1.46033430     -0.92232947
3099  625       -10.25744453     -1.39219192     -0.94875589
3100  625       -10.29107204     -1.34923339     -0.95363087
3101  625       -10.30413428     -1.32930652     -0.92993187
3102  625       -10.28480351     -1.31541859     -0.88028070
3103  625       -10.25981899     -1.29568891     -0.81896657
3104  625       -10.24425900     -1.25903070     -0.75633627
3105  625       -10.23971247     -1.20217438     -0.69792205
3106  625       -10.26067389     -1.12770422     -0.66111058
3107  625       -10.32581706     -1.05454190     -0.64105117
3108  625       -10.41296945     -0.97903626     -0.63720941
3109  625       -10.45130125     -0.88814243     -0.64198678
3110  625       -10.43670729     -0.80821894     -0.64811457
3111  625       -10.37644946     -0.76694768     -0.63425943
3112  625       -10.32198273     -0.75951765     -0.62195410
3113  625       -10.27072634     -0.75833162     -0.62029496
3114  625       -10.22791265     -0.74995658     -0.64126394
3115  625       -10.23217962     -0.75985615     -0.66773893
3116  625       -10.29110249     -0.76959840     -0.66666775
3117  625       -10.36049397     -0.76398621     -0.65411228
3118  625       -10.39493973     -0.72864599     -0.66952227
3119  625       -10.38658975     -0.66981463     -0.72711537
3120  625       -10.36840380     -0.61310212     -0.77739161
3121  625       -10.35495649     -0.54281320     -0.82347961
3122  625       -10.35415250     -0.48499148     -0.85216027
3123  625       -10.37019886     -0.45108857     -0.85130297
3124  625       -10.38079114     -0.44924196     -0.82762529
3125  625       -10.37349454     -0.46494937     -0.81858772
3126  625       -10.34251482     -0.49678405     -0.85757267
3127  625       -10.28464545     -0.53377837     -0.92199667
3128  625       -10.20684939     -0.57584667     -0.98033470
3129  625       -10.13431825     -0.60195265     -1.02569286
3130  625       -10.08488422     -0.61364055     -1.07796877
3131  625       -10.05364173     -0.61560654     -1.12100136
3132  625       -10.03342204     -0.61421126     -1.14152497
3133  625       -10.02356597     -0.61857965     -1.12316968
3134  625       -10.02569275     -0.62700291     -1.07330890
3135  625       -10.03678656     -0.64433189     -1.01096513
3136  625       -10.04683834     -0.64534113     -0.97482159
3137  625       -10.03167316     -0.62318083     -1.00987387
3138  625        -9.98035558     -0.61110883     -1.07690631
3139  625        -9.90088387     -0.63140087     -1.11058926
3140  625        -9.82517016     -0.68445269     -1.06927491
3141  625        -9.75565903     -0.75165324     -0.98781545
3142  625        -9.70088297     -0.79666142     -0.90330548
3143  625        -9.64698772     -0.80581244     -0.84029332
3144  625        -9.59462794     -0.79713365     -0.80006152
3145  625        -9.57209116     -0.76395762     -0.78337010
3146  625        -9.58807733     -0.70957336     -0.79385815
3147  625        -9.61870578     -0.65649169     -0.82108180
3148  625        -9.64713518     -0.62657461     -0.83380703
3149  625        -9.67859297     -0.63535081     -0.80918816
3150  625        -9.70585085     -0.66759159     -0.76032644
3151  625        -9.73280420     -0.70162421     -0.70532239
3152  625        -9.73881496     -0.72487569     -0.65622535
3153  625        -9.73088676     -0.74045504     -0.59160005
3154  625        -9.70780735     -0.72666601     -0.51864038
3155  625        -9.67700030     -0.69619691     -0.44533371
3156  625        -9.63546577     -0.65681643     -0.37107916
3157  625        -9.59468990     -0.60366666     -0.29280410
3158  625        -9.57649046     -0.55194767     -0.21553129
3159  625        -9.57690589     -0.52092277     -0.14869086
3160  625        -9.57716029     -0.50706427     -0.08890124
3161  625        -9.55316009     -0.48051627     -0.03012350
3162  625        -9.51257527     -0.43490925      0.03178500
3163  625        -9.47721888     -0.37236139      0.08492326
3164  625        -9.46779939     -0.31666076      0.13896756
3165  625        -9.48415393     -0.25825984      0.20029547
3166  625        -9.51805118     -0.20327762      0.25899000
3167  625        -9.56814574     -0.15083134      0.27489884
3168  625        -9.61297485     -0.08979519      0.26408529
3169  625        -9.62215603     -0.01550695      0.27037824
3170  625        -9.61550466      0.05590374      0.28939701
3171  625        -9.63683732      0.09547316      0.29753703
3172  625        -9.68811171      0.10860853      0.30021752
3173  625        -9.74310396      0.12003787      0.30626720
3174  625        -9.79923422      0.14085168      0.29670348
3175  625        -9.84154203      0.17266268      0.27212835
3176  625        -9.85705873      0.22644338      0.26695741
3177  625        -9.85408905      0.30246663      0.31334226
3178  625        -9.86355594      0.38154832      0.36984740
3179  625        -9.90586971      0.44368396      0.39667784
3180  625        -9.94340754      0.47300883      0.40591130
3181  625        -9.96488212      0.48965799      0.42203478
3182  625        -9.97778648      0.50709187      0.42213904
3183  625        -9.99971818      0.52674187      0.40436874
3184  625       -10.02139206      0.54522552      0.40693931
3185  625       -10.04680108      0.57572295      0.45463964
3186  625       -10.07941288      0.59931098      0.53402096
3187  625       -10.09752164      0.60128910      0.60423668
3188  625       -10.09587519      0.59785479      0.65603598
3189  625       -10.08455333      0.59958037      0.70343140
3190  625       -10.09421316      0.60152670      0.74633533
3191  625       -10.10918875      0.60524174      0.76403239
3192  625       -10.10281529      0.62008117      0.76031521
3193  625       -10.06189920      0.64721686      0.75435992
3194  625       -10.02762441      0.67849766      0.76486681
3195  625       -10.02354521      0.71145821      0.79664375
3196  625       -10.00714672      0.77471027      0.84102800
3197  625        -9.97683443      0.86486020      0.88753920
3198  625        -9.94788785      0.96059838      0.92556030
3199  625        -9.94423883      1.03893878      0.95495403
3200  625        -9.94117724      1.09748342      0.96929573
3201  625        -9.92318150      1.13163160      0.97557722
3202  625        -9.90785990      1.16214129      0.98008831
3203  625        -9.87779488      1.20106371      0.98504480
3204  625        -9.83016384      1.25269946      0.97478685
3205  625        -9.77897832      1.31722008      0.96450285
3206  625        -9.75159900      1.38249903      0.96263165
3207  625        -9.73001882      1.43868079      0.95466008
3208  625        -9.69396356      1.49203014      0.92689452
3209  625        -9.66182092      1.54662949      0.91448927
3210  625        -9.66762873      1.58917541      0.97445374
3211  625        -9.71132103      1.60738168      1.10425863
3212  625        -9.76830158      1.60827699      1.23970474
3213  625        -9.80795291      1.62258454      1.33748370
3214  625        -9.80787044      1.65388560      1.41201813
3215  625        -9.78224272      1.67064231      1.47517910
3216  625        -9.75893447      1.66447667      1.51200320
3217  625        -9.73662786      1.65513213      1.52650960
3218  625        -9.70102247      1.66391300      1.50765987
3219  625        -9.65310046      1.68451700      1.46494223
3220  625        -9.59170274      1.72038634      1.43889302
3221  625        -9.53956530      1.77084188      1.44837117
3222  625        -9.53130848      1.83484453      1.48414992
3223  625        -9.60023657      1.88263044      1.51930239
3224  625        -9.72833013      1.88653015      1.54638255
3225  625        -9.84634819      1.83744117      1.55637810
3226  625        -9.90479767      1.76193434      1.57356768
3227  625        -9.90338431      1.68902188      1.61831352
3228  625        -9.88282930      1.62996239      1.66479068
3229  625        -9.86636764      1.57972257      1.69372816
3230  625        -9.85094382      1.53324522      1.70491795
3231  625        -9.83739068      1.50722733      1.69249590
3232  625        -9.83928558      1.50625876      1.65482385
3233  625        -9.86807251      1.52165128      1.57836754
3234  625        -9.92252873      1.53666847      1.48504634
3235  625        -9.97250429      1.58459205      1.43004252
3236  625        -9.99991097      1.67798979      1.42556947
3237  625       -10.02554195      1.78525759      1.44331131
3238  625       -10.07310718      1.88731441      1.47144765
3239  625       -10.12514276      1.96719297      1.50051113
3240  625       -10.17744068      2.01819471      1.52474823
3241  625       -10.21609743      2.04479925      1.53818756
3242  625       -10.23136121      2.05160455      1.54916652
3243  625       -10.22448415      2.05349345      1.54620739
3244  625       -10.21327421      2.06127082      1.53841506
3245  625       -10.20342947      2.05261980      1.52385005
3246  625       -10.20739568      2.03374525      1.52259848
3247  625       -10.22090709      2.01451711      1.54812322
3248  625       -10.24434867      1.98644225      1.58652732
3249  625       -10.28087509      1.94656041      1.60683322
3250  625       -10.33297977      1.89844769      1.59955403
3251  625       -10.39128472      1.86675885      1.58823633
3252  625       -10.43117901      1.85926435      1.58157645
3253  625       -10.45391802      1.88050442      1.57987539
3254  625       -10.48319981      1.92291323      1.57981199
3255  625       -10.52106133      1.97642503      1.59819871
3256  625       -10.56550680      2.02793871      1.63014253
3257  625       -10.60382466      2.07728357      1.65365189
3258  625       -10.63313635      2.11039054      1.64943426
3259  625       -10.67756022      2.13048668      1.62212247
3260  625       -10.74899336      2.18129357      1.58702767
3261  625       -10.83048414      2.27193024      1.55031238
3262  625       -10.91335293      2.36489624      1.50021937
3263  625       -10.97490772      2.42148400      1.42075567
3264  625       -11.03228294      2.45227706      1.30991282
3265  625       -11.09322134      2.48857553      1.20340705
3266  625       -11.14251583      2.53858089      1.15414216
3267  625       -11.16980181      2.60078000      1.16681817
3268  625       -11.16963715      2.66684385      1.20086930
3269  625       -11.16055055      2.72537203      1.20567876
3270  625       -11.16009495      2.76415817      1.17573583
3271  625       -11.18699148      2.75534008      1.13345345
3272  625       -11.23930405      2.71680442      1.08475187
3273  625       -11.28059653      2.67102975      1.02534229
3274  625       -11.29697301      2.62909647      0.95298257
3275  625       -11.30205870      2.60614016      0.86399410
3276  625       -11.31213837      2.60670789      0.77943999
3277  625       -11.33743359      2.63800684      0.71627879
3278  625       -11.36415752      2.69671136      0.65497007
3279  625       -11.37476595      2.74648265      0.58777197
3280  625       -11.37652536      2.79410832      0.55109474
3281  625       -11.38810905      2.87152872      0.56251262
3282  625       -11.40603826      2.95433770      0.59408952
3283  625       -11.40373765      2.98558558      0.59834387
3284  625       -11.37087968      2.93772310      0.57145242
3285  625       -11.32774896      2.86120826      0.53896373
3286  625       -11.29535406      2.79851690      0.52184076
3287  625       -11.29240186      2.73393966      0.51152382
3288  625       -11.30797096      2.64763441      0.49140543
3289  625       -11.31822936      2.56371254      0.46567948
3290  625       -11.30642015      2.52852529      0.45156734
3291  625       -11.29069691      2.54853155      0.46022803
3292  625       -11.28790237      2.58305227      0.46993692
3293  625       -11.30044230      2.61252702      0.47111881
3294  625       -11.32657294      2.63572042      0.46681376
3295  625       -11.35041883      2.68290212      0.45386329
3296  625       -11.33382357      2.73152679      0.40583273
3297  625       -11.27834195      2.73764601      0.36222413
3298  625       -11.19804277      2.72526363      0.35345496
3299  625       -11.11264358      2.73649147      0.35786283
3300  625       -11.04771420      2.75371940      0.34786357
3301  625       -11.02930137      2.73999924      0.32824637
3302  625       -11.05796167      2.70312996      0.32774184
3303  625       -11.11412102      2.67850275      0.35235468
3304  625       -11.19060504      2.69516693      0.37284618
3305  625       -11.27073552      2.74113661      0.38466370
3306  625       -11.34375008      2.77906430      0.41544150
3307  625       -11.38866051      2.77783941      0.45931346
3308  625       -11.41459592      2.74672480      0.49329208
3309  625       -11.43157668      2.71772190      0.49803037
3310  625       -11.45417824      2.70955729      0.49868392
3311  625       -11.49458644      2.70251738      0.50410155
3312  625       -11.54809104      2.69247409      0.50717862
3313  625       -11.59620921      2.68787329      0.50414328
3314  625       -11.64804579      2.69781291      0.51678201
3315  625       -11.69832465      2.70286603      0.54102549
3316  625       -11.72246058      2.70975635      0.56946179
3317  625       -11.72268032      2.72553153      0.61435459
3318  625       -11.72534075      2.74626822      0.66857769
3319  625       -11.75189428      2.76845864      0.72371444
3320  625       -11.79136301      2.79479090      0.76146324
3321  625       -11.83931406      2.84263840      0.78369436
3322  625       -11.89343690      2.90517881      0.79116081
3323  625       -11.95475204      2.94520347      0.78863719
3324  625       -12.00110908      2.94718312      0.78853073
3325  625       -12.01893348      2.92808576      0.80806321
3326  625       -12.00574481      2.92954118      0.81631059
3327  625       -11.99470223      2.95847656      0.78582808
3328  625       -11.99618656      2.99711731      0.73965721
3329  625       -11.98559553      3.02067755      0.70951912
3330  625       -11.95204891      3.02981065      0.68187734
3331  625       -11.90388929      3.04096902      0.62857392
3332  625       -11.86343238      3.06307595      0.56351543
3333  625       -11.83736139      3.08739891      0.51355356
3334  625       -11.82190748      3.10572825      0.49512695
3335  625       -11.80217015      3.10501655      0.49773247
3336  625       -11.78577825      3.08162116      0.49525051
3337  625       -11.76652455      3.05101058      0.48592378
3338  625       -11.73653616      3.03884789      0.46801828
3339  625       -11.73209231      3.06151356      0.42339366
3340  625       -11.77394535      3.07688726      0.35412865
3341  625       -11.83991413      3.06031778      0.26477840
3342  625       -11.91682723      3.02706546      0.17064692
3343  625       -11.99388955      3.00155630      0.09138221
3344  625       -12.05067623      2.97340148      0.05960711
3345  625       -12.03304009      2.95099658      0.05128228
3346  625       -11.95754207      2.95577361      0.05337998
3347  625       -11.90035329      2.98735516      0.05271684
3348  625       -11.90294237      3.04762393      0.01764043
3349  625       -11.96774565      3.10800446     -0.04992463
3350  625       -12.07680844      3.14749099     -0.11956888
3351  625       -12.19466634      3.15374755     -0.16810269
3352  625       -12.29373805      3.14515236     -0.20059261
3353  625       -12.36725903      3.13427808     -0.22444305
3354  625       -12.44374061      3.14560147     -0.24083961
3355  625       -12.52350528      3.18137551     -0.23683120
3356  625       -12.59101224      3.23375824     -0.22915709
3357  625       -12.63799154      3.29664106     -0.21649266
3358  625       -12.66878852      3.34888065     -0.20016051
3359  625       -12.69189229      3.37623879     -0.18248193
3360  625       -12.72047943      3.39562588     -0.18132425
3361  625       -12.75722544      3.44168918     -0.18975091
3362  625       -12.81543924      3.50252910     -0.17695958
3363  625       -12.90257045      3.55097534     -0.14602864
3364  625       -12.99774937      3.57645463     -0.10520119
3365  625       -13.06957269      3.58087618     -0.05744035
3366  625       -13.10016105      3.57533478      0.00380524
3367  625       -13.10462264      3.57160531      0.03464830
3368  625       -13.10008868      3.58942085      0.03498458
3369  625       -13.11364042      3.62794503      0.04124865
3370  625       -13.16890184      3.67636001      0.08843745
3371  625       -13.26367087      3.71057167      0.14991942
3372  625       -13.36652551      3.72242499      0.19086358
3373  625       -13.47207892      3.71697250      0.21045696
3374  625       -13.57230368      3.71988960      0.20865951
3375  625       -13.68634002      3.72297563      0.19167647
3376  625       -13.81716331      3.72399794      0.16294325
3377  625       -13.94353452      3.75194198      0.13091708
3378  625       -14.03296049      3.81536052      0.10078355
3379  625       -14.07802525      3.86263645      0.09511914
3380  625       -14.10523212      3.88289722      0.09553800
3381  625       -14.15693105      3.88264027      0.09498464
3382  625       -14.24653063      3.87117866      0.10394713
3383  625       -14.34751398      3.87473230      0.12109786
3384  625       -14.44143638      3.88612518      0.11451988
3385  625       -14.52110719      3.88736756      0.10074473
3386  625       -14.58208616      3.88382167      0.10929765
3387  625       -14.61908818      3.87745598      0.15383822
3388  625       -14.62749287      3.85178154      0.21044660
3389  625       -14.59611526      3.82081943      0.25344223
3390  625       -14.55135312      3.82405505      0.28156444
3391  625       -14.52005660      3.89636913      0.28743180
3392  625       -14.51243800      4.01712950      0.30554055
3393  625       -14.53415697      4.14504678      0.35300345
3394  625       -14.56170997      4.22441410      0.41626114
3395  625       -14.58316753      4.23364167      0.47491460
3396  625       -14.59759047      4.22924853      0.54081203
3397  625       -14.61988980      4.23415905      0.60187570
3398  625       -14.64978538      4.23992076      0.65734629
3399  625       -14.65618067      4.22265208      0.69040406
3400  625       -14.61515517      4.21064285      0.70376956
3401  625       -14.55049708      4.23166827      0.69596305
3402  625       -14.49335619      4.28312218      0.67495168
3403  625       -14.44682109      4.33171870      0.66423389
3404  625       -14.41187069      4.37128397      0.67150040
3405  625       -14.39706146      4.40774143      0.69126993
3406  625       -14.40057706      4.41454470      0.73036354
3407  625       -14.39695140      4.39604900      0.77056823
3408  625       -14.36887606      4.37022751      0.80296974
3409  625       -14.35176246      4.35238692      0.81604695
3410  625       -14.38980776      4.35635887      0.79774392
3411  625       -14.44983261      4.39553674      0.77161192
3412  625       -14.47141280      4.46524796      0.72383545
3413  625       -14.47048913      4.53943219      0.67312685
3414  625       -14.46698406      4.58729545      0.66383022
3415  625       -14.47129459      4.60297757      0.69228133
3416  625       -14.45943881      4.59875961      0.72204807
3417  625       -14.44965827      4.58944030      0.71905473
3418  625       -14.46083826      4.58690594      0.70703164
3419  625       -14.47653507      4.57082221      0.71722841
3420  625       -14.48527310      4.55341165      0.72713152
3421  625       -14.47803442      4.56370958      0.69616378
3422  625       -14.47435106      4.59057093      0.64409731
3423  625       -14.48819798      4.59428314      0.61603705
3424  625       -14.51845158      4.57595146      0.59660093
3425  625       -14.56700223      4.56235544      0.59712609
3426  625       -14.64653718      4.57239581      0.61758317
3427  625       -14.74968409      4.60482342      0.63945363
3428  625       -14.84073880      4.65178365      0.64256770
3429  625       -14.89744066      4.72622934      0.65553989
3430  625       -14.93704610      4.80574061      0.68100985
3431  625       -14.95546536      4.84133472      0.71938126
3432  625       -14.94494729      4.83824924      0.76081081
3433  625       -14.91460997      4.83142888      0.79540968
3434  625       -14.89709341      4.82764254      0.81937325
3435  625       -14.90440098      4.81827230      0.82432089
3436  625       -14.92338565      4.80602981      0.82600600
3437  625       -14.94129821      4.78884663      0.83098627
3438  625       -14.97230173      4.78830098      0.85067112
3439  625       -15.00425425      4.80355974      0.87978604
3440  625       -15.02153382      4.83368100      0.90595644
3441  625       -15.01653380      4.86333779      0.90831768
3442  625       -15.01438418      4.88134897      0.90727773
3443  625       -15.05758555      4.86673283      0.90109461
3444  625       -15.13569799      4.83423380      0.90112523
3445  625       -15.23442129      4.82264292      0.90558408
3446  625       -15.34166565      4.85209826      0.92218924
3447  625       -15.44546164      4.91065857      0.94527159
3448  625       -15.51019673      4.93900098      0.96060491
3449  625       -15.51530592      4.93539623      0.98640604
3450  625       -15.50770552      4.92235691      1.01664195
3451  625       -15.50982008      4.91243562      1.03358297
3452  625       -15.50014165      4.87696467      1.04549708
3453  625       -15.46700242      4.84957781      1.07856539
3454  625       -15.42458081      4.85051302      1.11865389
3455  625       -15.37221863      4.86798582      1.12978338
3456  625       -15.31986847      4.88346552      1.11959871
3457  625       -15.26394725      4.88741442      1.11163578
3458  625       -15.20635824      4.87853361      1.13770225
3459  625       -15.15649714      4.82871834      1.17698783
3460  625       -15.12998458      4.75233326      1.22459315
3461  625       -15.13362956      4.66888203      1.25555801
3462  625       -15.15583223      4.62381610      1.27821406
3463  625       -15.18465436      4.62387506      1.31200899
3464  625       -15.22195872      4.64539506      1.34657533
3465  625       -15.23983999      4.65539186      1.37889792
3466  625       -15.23316158      4.65171609      1.38893425
3467  625       -15.23284213      4.64370972      1.38965741
3468  625       -15.26358179      4.64098145      1.38484004
3469  625       -15.30419116      4.62541967      1.39356128
3470  625       -15.32400849      4.58553802      1.40371214
3471  625       -15.33671135      4.52538385      1.39216643
3472  625       -15.33509170      4.46609008      1.34443066
3473  625       -15.32655938      4.42860882      1.33155404
3474  625       -15.31385106      4.44232435      1.36047285
3475  625       -15.29490349      4.48069235      1.39942428
3476  625       -15.28509707      4.51340518      1.41783079
3477  625       -15.28901045      4.51743690      1.42526939
3478  625       -15.28709816      4.49244050      1.44163143
3479  625       -15.27215560      4.47831301      1.47187643
3480  625       -15.26211100      4.48722461      1.50579887
3481  625       -15.26317442      4.49426151      1.52089461
3482  625       -15.25973288      4.48509316      1.53766513
3483  625       -15.22737579      4.46275842      1.55569316
3484  625       -15.16106831      4.43228011      1.56970075
3485  625       -15.08104773      4.41417859      1.57490875
3486  625       -14.99878773      4.42896538      1.58454080
3487  625       -14.91359519      4.48636678      1.60093494
3488  625       -14.83526686      4.56352222      1.63843961
3489  625       -14.78026344      4.61951568      1.70466088
3490  625       -14.76497143      4.63650142      1.77566606
3491  625       -14.76199487      4.63933524      1.84180349
3492  625       -14.74640963      4.67167425      1.86900243
3493  625       -14.73441220      4.72210698      1.87221933
3494  625       -14.71779026      4.75340751      1.85890861
3495  625       -14.70279412      4.74373889      1.86239670
3496  625       -14.69462432      4.72675626      1.89847025
3497  625       -14.72793874      4.71946618      1.95678081
3498  625       -14.79277801      4.72705090      2.02562369
3499  625       -14.84250661      4.74384160      2.07774952
3500  625       -14.85501371      4.76806015      2.10545435
3501  625       -14.84644008      4.78561803      2.10969678
3502  625       -14.85514581      4.77707101      2.09397211
3503  625       -14.87980699      4.74955791      2.06745615
3504  625       -14.89511388      4.70640604      2.04545033
3505  625       -14.87933852      4.66954355      2.03792203
3506  625       -14.85182357      4.67735387      2.02861751
3507  625       -14.84225418      4.71432531      2.00620717
3508  625       -14.85389372      4.73994922      1.99278495
3509  625       -14.86425750      4.72655720      2.01281880
3510  625       -14.87548196      4.68115879      2.06918270
3511  625       -14.89919906      4.64657967      2.13071907
3512  625       -14.93166694      4.64503555      2.17061038
3513  625       -14.95865621      4.67538980      2.18841872
3514  625       -14.99737744      4.71674235      2.16601172
3515  625       -15.04351313      4.75543076      2.11911807
3516  625       -15.06645672      4.76591498      2.05705331
3517  625       -15.06087481      4.74945789      1.96736830
3518  625       -15.05588029      4.72392242      1.85303842
3519  625       -15.08345867      4.69204872      1.75801328
3520  625       -15.14763948      4.63084989      1.69417229
3521  625       -15.22128374      4.54925322      1.63731748
3522  625       -15.28275746      4.48335695      1.56569227
3523  625       -15.34587712      4.46992211      1.48514143
3524  625       -15.40990238      4.51731177      1.42033007
3525  625       -15.47246290      4.60547402      1.39754161
3526  625       -15.53290029      4.67767018      1.41885502
3527  625       -15.60413867      4.68568346      1.46668665
3528  625       -15.69337089      4.63981264      1.52008180
3529  625       -15.76561363      4.59758900      1.56535900
3530  625       -15.81053718      4.58586356      1.59237011
3531  625       -15.84968792      4.58797480      1.60146993
3532  625       -15.89794796      4.58265930      1.61269718
3533  625       -15.93632901      4.54246656      1.64296057
3534  625       -15.95809680      4.48164396      1.67309830
3535  625       -15.96879790      4.42367902      1.69073288
3536  625       -15.97365933      4.39292553      1.69394668
3537  625       -15.97727687      4.39878166      1.69332423
3538  625       -15.99006567      4.43673329      1.69984540
3539  625       -16.00818357      4.49233500      1.70987645
3540  625       -16.05255487      4.55727363      1.72573053
3541  625       -16.10529675      4.60632347      1.74134766
3542  625       -16.12538639      4.61853971      1.75465427
3543  625       -16.12114935      4.60357501      1.75662911
3544  625       -16.11986524      4.57925972      1.74228654
3545  625       -16.11909322      4.55963116      1.71288935
3546  625       -16.12433651      4.54725390      1.67159434
3547  625       -16.15593249      4.54920550      1.63473855
3548  625       -16.20768079      4.55450142      1.62208129
3549  625       -16.25364232      4.55658103      1.65512555
3550  625       -16.28467554      4.58310415      1.73377309
3551  625       -16.31122496      4.64544068      1.82126763
3552  625       -16.32112697      4.72254545      1.89307675
3553  625       -16.31932760      4.80836870      1.92643379
3554  625       -16.31014950      4.90078272      1.92122633
3555  625       -16.30738124      4.98331552      1.90016109
3556  625       -16.30513108      5.03958930      1.87338739
3557  625       -16.30153668      5.06470531      1.84205639
3558  625       -16.30678732      5.08035535      1.80231352
3559  625       -16.32335644      5.11019293      1.76719978
3560  625       -16.32552164      5.15963435      1.74227387
3561  625       -16.29975471      5.22540780      1.73362733
3562  625       -16.25288024      5.29952319      1.73324886
3563  625       -16.19603193      5.38682091      1.73753699
3564  625       -16.13977766      5.48197435      1.75045495
3565  625       -16.09536370      5.56885393      1.76528735
3566  625       -16.06464836      5.62221091      1.77458204
3567  625       -16.04325289      5.63824716      1.75884284
3568  625       -16.03079885      5.62828255      1.72574589
3569  625       -16.03457828      5.61817918      1.68990423
3570  625       -16.04293885      5.61876041      1.68469146
3571  625       -16.04733998      5.63683722      1.70704287
3572  625       -16.03390615      5.67091931      1.74794402
3573  625       -16.00411517      5.71556118      1.78987975
3574  625       -15.96394467      5.75651373      1.83245498
3575  625       -15.92234276      5.79003496      1.86557840
3576  625       -15.87734793      5.80557710      1.88453460
3577  625       -15.83812024      5.79493043      1.88893468
3578  625       -15.80960945      5.75500763      1.90021391
3579  625       -15.79273822      5.68731713      1.95288484
3580  625       -15.78042297      5.60746332      2.04352297
3581  625       -15.77322713      5.53931993      2.13767431
3582  625       -15.75945420      5.51830559      2.20339399
3583  625       -15.71309722      5.53546022      2.24848801
3584  625       -15.65343617      5.55116807      2.27707598
3585  625       -15.59108217      5.54796039      2.30105420
3586  625       -15.51902334      5.53455780      2.33127295
3587  625       -15.44924810      5.52111531      2.36787584
3588  625       -15.40587859      5.50133034      2.39461660
3589  625       -15.39594047      5.46774345      2.41235929
3590  625       -15.39386486      5.42940268      2.43762523
3591  625       -15.39287361      5.39128301      2.47751584
3592  625       -15.40205999      5.35840651      2.52605858
3593  625       -15.40637984      5.33686392      2.57097770
3594  625       -15.39269006      5.32486508      2.61608787
3595  625       -15.36796999      5.33308910      2.65651113
3596  625       -15.34203696      5.34614947      2.69925222
3597  625       -15.31668341      5.35570232      2.71573221
3598  625       -15.30658082      5.33814730      2.72363007
3599  625       -15.30205176      5.28634441      2.72729412
3600  625       -15.29032422      5.22781810      2.75690343
3601  625       -15.26854274      5.17687668      2.79188321
3602  625       -15.25838480      5.14619350      2.81174165
3603  625       -15.25344232      5.12497795      2.81689556
3604  625       -15.22762096      5.12442154      2.82151174
3605  625       -15.18031511      5.15461892      2.82519440
3606  625       -15.13204756      5.20732631      2.80837628
3607  625       -15.10020174      5.25029148      2.76452395
3608  625       -15.06910912      5.26150453      2.69086493
3609  625       -15.03302071      5.24286970      2.62031383
3610  625       -14.99863604      5.20853963      2.57740991
3611  625       -14.99655882      5.16343804      2.55165371
3612  625       -15.02295627      5.12115392      2.52791696
3613  625       -15.06281855      5.10020132      2.51015444
3614  625       -15.09225730      5.11728204      2.46717610
3615  625       -15.10659842      5.14985325      2.37392286
3616  625       -15.11342452      5.18279623      2.24780291
3617  625       -15.13587865      5.22191935      2.13504642
3618  625       -15.18039681      5.27712468      2.05252013
3619  625       -15.22595015      5.33838470      1.98294617
3620  625       -15.25320380      5.40353131      1.90708429
3621  625       -15.24659462      5.47968806      1.82728996
3622  625       -15.23354099      5.56152471      1.77190112
3623  625       -15.24241772      5.61208539      1.74018385
3624  625       -15.28302857      5.59702617      1.72089407
3625  625       -15.31869119      5.54431393      1.70480417
3626  625       -15.31965073      5.49235291      1.71386378
3627  625       -15.27903345      5.48514065      1.73974281
3628  625       -15.22068839      5.50787249      1.74654747
3629  625       -15.16908574      5.55362310      1.71634131
3630  625       -15.12801851      5.60935543      1.67648759
3631  625       -15.09822179      5.65536763      1.64511362
3632  625       -15.07703261      5.66875440      1.62614599
3633  625       -15.08354528      5.65928290      1.63367719
3634  625       -15.11509556      5.66634793      1.66589015
3635  625       -15.14253012      5.70879224      1.70657956
3636  625       -15.12748968      5.76764322      1.71345696
3637  625       -15.06184071      5.81060466      1.68689096
3638  625       -14.97813110      5.86265394      1.65259529
3639  625       -14.91228199      5.93437890      1.62833479
3640  625       -14.89440285      5.99064124      1.62159156
3641  625       -14.91896406      6.00374410      1.63220586
3642  625       -14.95937589      5.99357884      1.66057025
3643  625       -14.99896464      5.97863368      1.68670923
3644  625       -15.03788219      5.95712878      1.70592769
3645  625       -15.06233603      5.95243963      1.73483217
3646  625       -15.08484067      5.98692687      1.76322957
3647  625       -15.10790147      6.03001899      1.76269947
3648  625       -15.12071815      6.05706808      1.74844780
3649  625       -15.12604339      6.08300659      1.75039154
3650  625       -15.13883590      6.10877556      1.77901844
3651  625       -15.17552699      6.11964461      1.83920866
3652  625       -15.21015700      6.11675418      1.89443280
3653  625       -15.24524739      6.11552087      1.89907344
3654  625       -15.28650938      6.11023427      1.85549006
3655  625       -15.32467031      6.09190716      1.81582538
3656  625       -15.33221279      6.06269224      1.81627724
3657  625       -15.32255443      6.03861057      1.84762247
3658  625       -15.32220707      6.02605916      1.88059690
3659  625       -15.36397979      6.02529233      1.89596763
3660  625       -15.45737388      6.02561470      1.90601030
3661  625       -15.59418419      6.03254879      1.92045966
3662  625       -15.73958115      6.04345784      1.94753733
3663  625       -15.84565752      6.04538612      1.96890107
3664  625       -15.89427785      6.03313826      1.98868355
3665  625       -15.90518523      6.01823866      2.01458480
3666  625       -15.91348325      5.98939835      2.04506704
3667  625       -15.93705056      5.93511878      2.06623904
3668  625       -15.97563592      5.89153825      2.04557965
3669  625       -16.02572610      5.87748117      1.99284628
3670  625       -16.09224270      5.88183243      1.95822068
3671  625       -16.15902554      5.89197887      1.95378737
3672  625       -16.19993418      5.87757709      1.93903344
3673  625       -16.21263424      5.85422672      1.90124772
3674  625       -16.21637207      5.84693850      1.87034986
3675  625       -16.24227771      5.88259719      1.86656986
3676  625       -16.29396267      5.94943007      1.88713204
3677  625       -16.37491345      6.04596365      1.93501552
3678  625       -16.48927081      6.15352513      1.98685776
3679  625       -16.59538412      6.23084870      2.03141633
3680  625       -16.64738165      6.27239450      2.05952727
3681  625       -16.64366153      6.29104596      2.05707848
3682  625       -16.63404436      6.31147846      2.05190827
3683  625       -16.64013284      6.33782470      2.05575057
3684  625       -16.65052820      6.37936928      2.07603171
3685  625       -16.65478659      6.41425064      2.10800865
3686  625       -16.64912011      6.44910870      2.15219256
3687  625       -16.63672949      6.48713379      2.20779830
3688  625       -16.62651194      6.53317218      2.27759667
3689  625       -16.62040580      6.58201916      2.35469213
3690  625       -16.60633825      6.63608344      2.42948366
3691  625       -16.57273519      6.69251058      2.46936788
3692  625       -16.50466520      6.75788014      2.46377399
3693  625       -16.42309611      6.82706627      2.45452322
3694  625       -16.35409252      6.88482939      2.46128903
3695  625       -16.29599913      6.92870948      2.48708102
3696  625       -16.24572875      6.97355005      2.50553740
3697  625       -16.20576929      7.01426329      2.50482408
3698  625       -16.18134261      7.03633011      2.48782902
3699  625       -16.19127711      7.03864430      2.47297923
3700  625       -16.23293830      7.02478390      2.46735048
3701  625       -16.27978443      7.02041050      2.46482787
3702  625       -16.30732789      7.02834652      2.44155028
3703  625       -16.30517538      7.04350145      2.38255326
3704  625       -16.28054649      7.06995109      2.29812391
3705  625       -16.25039660      7.11220114      2.21297057
3706  625       -16.22079212      7.16666143      2.16431817
3707  625       -16.17994551      7.24235185      2.15933888
3708  625       -16.12615411      7.34381383      2.16676010
3709  625       -16.08060459      7.44570882      2.17060856
3710  625       -16.05838717      7.52373598      2.17972013
3711  625       -16.06512180      7.54911154      2.18916645
3712  625       -16.08917920      7.52462366      2.17902124
3713  625       -16.11435885      7.49126409      2.13879682
3714  625       -16.13637978      7.49382588      2.07328857
3715  625       -16.16595955      7.49943566      2.00041370
3716  625       -16.19391254      7.46889835      1.94067494
3717  625       -16.22028363      7.42352673      1.92562512
3718  625       -16.26314057      7.39045412      1.94553768
3719  625       -16.31377837      7.36950856      1.96639349
3720  625       -16.33533712      7.35492073      1.96379282
3721  625       -16.32831369      7.35816122      1.95953380
3722  625       -16.33920626      7.36109569      1.96246616
3723  625       -16.37321245      7.36749130      1.95819802
3724  625       -16.40291053      7.39877964      1.96872921
3725  625       -16.41557837      7.43914887      1.99182791
3726  625       -16.42314777      7.46224309      1.98797633
3727  625       -16.43632181      7.44739591      1.96939391
3728  625       -16.46061933      7.43240002      1.97288033
3729  625       -16.47339169      7.43214585      1.98003795
3730  625       -16.44567944      7.45555145      1.96895211
3731  625       -16.38968852      7.48734256      1.97439799
3732  625       -16.34707903      7.51577392      1.99697197
3733  625       -16.35047960      7.53466117      2.02716263
3734  625       -16.37441502      7.53561652      2.07750082
3735  625       -16.38412505      7.52994045      2.12180809
3736  625       -16.38595813      7.54271326      2.12985323
3737  625       -16.41326809      7.55770844      2.13049589
3738  625       -16.45976158      7.55790399      2.16187192
3739  625       -16.49127251      7.54381779      2.20290220
3740  625       -16.50367459      7.53234003      2.22192196
3741  625       -16.52614710      7.53743989      2.20144690
3742  625       -16.55809963      7.58534177      2.18612089
3743  625       -16.61446365      7.65817342      2.18743291
3744  625       -16.70604316      7.72072553      2.20279862
3745  625       -16.82099871      7.76613414      2.20271764
3746  625       -16.93580938      7.78749033      2.22391297
3747  625       -17.02531130      7.77542852      2.26236751
3748  625       -17.07244016      7.76369051      2.30050662
3749  625       -17.08396596      7.77046057      2.31967225
3750  625       -17.07799929      7.80239171      2.32286587
3751  625       -17.07984737      7.81754872      2.32059546
3752  625       -17.09412354      7.80249381      2.31755147
3753  625       -17.08562625      7.78242903      2.31973812
3754  625       -17.06393045      7.77774657      2.30420719
3755  625       -17.06673936      7.80559063      2.27841185
3756  625       -17.11648532      7.84118645      2.25995691
3757  625       -17.16944851      7.85553190      2.25654240
3758  625       -17.22865457      7.83014262      2.26248207
3759  625       -17.30500912      7.76398765      2.27347053
3760  625       -17.39264069      7.67755393      2.27811739
3761  625       -17.47467717      7.60901925      2.28525867
3762  625       -17.53693297      7.57740848      2.29452885
3763  625       -17.58702279      7.58115075      2.30620785
3764  625       -17.63399423      7.59728262      2.32159852
3765  625       -17.68660236      7.62790400      2.31737929
3766  625       -17.76198093      7.63588239      2.27786591
3767  625       -17.85031601      7.61333692      2.25000655
3768  625       -17.92170908      7.57976061      2.25208632
3769  625       -17.96704783      7.56860918      2.23986069
3770  625       -17.99246353      7.60333960      2.19571780
3771  625       -18.02164740      7.67575192      2.12373715
3772  625       -18.03938569      7.74806786      2.03287093
3773  625       -18.02909474      7.79512853      1.94872835
3774  625       -18.01597136      7.83360936      1.87646688
3775  625       -18.02105274      7.87916336      1.82825794
3776  625       -18.01998751      7.92992700      1.82901907
3777  625       -18.00344771      7.96774654      1.86773929
3778  625       -17.99553393      7.97450199      1.91139145
3779  625       -18.00596339      7.95449943      1.91911161
3780  625       -18.02362859      7.91184503      1.88565786
3781  625       -18.03320038      7.87773687      1.83081537
3782  625       -18.04221859      7.85440925      1.76875267
3783  625       -18.05259418      7.84990186      1.71431464
3784  625       -18.05446404      7.85761361      1.67075021
3785  625       -18.03350700      7.87010950      1.65198999
3786  625       -18.02921035      7.89151213      1.66941698
3787  625       -18.07099296      7.89465336      1.71333425
3788  625       -18.13164298      7.87490228      1.74586773
3789  625       -18.17008056      7.84340614      1.76603978
3790  625       -18.21224142      7.81129828      1.80007021
3791  625       -18.26858809      7.77299013      1.85462173
3792  625       -18.31816935      7.75597165      1.92506307
3793  625       -18.36801099      7.75989465      1.97752159
3794  625       -18.42594834      7.78181923      2.00428036
3795  625       -18.48717151      7.79674610      2.00646529
3796  625       -18.54451029      7.79504026      2.00436573
3797  625       -18.61363404      7.78857171      2.00487074
3798  625       -18.69602704      7.78557012      2.00817638
3799  625       -18.78049555      7.80234978      2.02043357
3800  625       -18.86793404      7.83968195      2.04070461
3801  625       -18.96187290      7.88975394      2.07895255
3802  625       -19.05627857      7.92953147      2.11077609
3803  625       -19.13173126      7.96598299      2.13674216
3804  625       -19.17637374      8.01119409      2.14350455
3805  625       -19.17740465      8.07039276      2.12271299
3806  625       -19.18290837      8.11653327      2.08492460
3807  625       -19.22716351      8.15352364      2.05832134
3808  625       -19.31529186      8.17653561      2.05992645
3809  625       -19.42289754      8.17917857      2.06913885
3810  625       -19.50143414      8.17141543      2.09862685
3811  625       -19.54470296      8.15577440      2.14077395
3812  625       -19.56796764      8.11959304      2.18659174
3813  625       -19.60300048      8.07497744      2.20520574
3814  625       -19.66571542      8.05338009      2.19875404
3815  625       -19.73377585      8.08065808      2.16930758
3816  625       -19.79242348      8.14433096      2.13682035
3817  625       -19.86441649      8.20317481      2.11877568
3818  625       -19.95789798      8.24216728      2.11953319
3819  625       -20.06926929      8.25493860      2.14594735
3820  625       -20.18663378      8.22764392      2.19592978
3821  625       -20.30303315      8.15645339      2.26781844
3822  625       -20.39058130      8.08137770      2.34510265
3823  625       -20.43209639      8.05657833      2.41050271
3824  625       -20.42852821      8.07752974      2.45488421
3825  625       -20.43089525      8.12011824      2.47986299
3826  625       -20.46541088      8.17200489      2.49244713
3827  625       -20.51686196      8.22883461      2.50493357
3828  625       -20.57806489      8.28260606      2.51638362
3829  625       -20.64892842      8.32250117      2.53309755
3830  625       -20.72138079      8.34380529      2.55898569
3831  625       -20.77155430      8.33153079      2.58549600
3832  625       -20.79486973      8.29511391      2.60753986
3833  625       -20.78409458      8.24563864      2.62255247
3834  625       -20.73612436      8.19720875      2.65719376
3835  625       -20.65829646      8.16554287      2.69514970
3836  625       -20.59071454      8.15859359      2.72024596
3837  625       -20.54984775      8.17930546      2.73168280
3838  625       -20.54098939      8.21699028      2.74380365
3839  625       -20.58471660      8.24108995      2.74206565
3840  625       -20.67225489      8.22505630      2.71988205
3841  625       -20.78101081      8.18628556      2.67743092
3842  625       -20.88722797      8.15897242      2.63811490
3843  625       -20.98072960      8.14988836      2.64162926
3844  625       -21.05423243      8.14221046      2.69427777
3845  625       -21.11142298      8.13350572      2.75474355
3846  625       -21.15854502      8.14205836      2.77189019
3847  625       -21.19713590      8.19109324      2.74762421
3848  625       -21.23647043      8.24956359      2.70752511
3849  625       -21.27536267      8.27737180      2.65752702
3850  625       -21.32806987      8.26935120      2.62374645
3851  625       -21.37910834      8.26787819      2.62952510
3852  625       -21.40750821      8.29012283      2.64150643
3853  625       -21.42761754      8.33545517      2.63152731
3854  625       -21.45458215      8.38956788      2.62068805
3855  625       -21.46492471      8.44118635      2.63902208
3856  625       -21.45384903      8.50028393      2.66835872
3857  625       -21.44705569      8.57638362      2.69413705
3858  625       -21.44218309      8.67382372      2.71118496
3859  625       -21.42738488      8.74188679      2.70654096
3860  625       -21.42312431      8.76329336      2.68393994
3861  625       -21.44932674      8.75746890      2.65775423
3862  625       -21.47998564      8.73197812      2.66547830
3863  625       -21.48663530      8.69293184      2.69850720
3864  625       -21.48936697      8.64669208      2.73908840
3865  625       -21.50994093      8.62261292      2.76683546
3866  625       -21.55169426      8.63532523      2.75520657
3867  625       -21.59568353      8.65478893      2.70688169
3868  625       -21.61539554      8.65956197      2.65944532
3869  625       -21.58275091      8.66671210      2.64019546
3870  625       -21.52562827      8.68182556      2.62708411
3871  625       -21.48243090      8.68867009      2.61725200
3872  625       -21.46058266      8.67189116      2.62288117
3873  625       -21.45724126      8.64305984      2.62602638
3874  625       -21.46279602      8.62702010      2.59472018
3875  625       -21.45168807      8.62722139      2.53958622
3876  625       -21.42063219      8.60337969      2.50661683
3877  625       -21.40058327      8.55423393      2.49900936
3878  625       -21.39016264      8.49051252      2.49206007
3879  625       -21.37249664      8.40507903      2.47164885
3880  625       -21.35646971      8.30352676      2.44321633
3881  625       -21.35392633      8.22777321      2.41062548
3882  625       -21.36057468      8.19488786      2.36554171
3883  625       -21.35117408      8.17532156      2.30001577
3884  625       -21.32833203      8.15872673      2.24811585
3885  625       -21.29206501      8.15630950      2.24214985
3886  625       -21.24407534      8.16870311      2.26258880
3887  625       -21.17405474      8.17271817      2.30367367
3888  625       -21.10447754      8.16315717      2.37937205
3889  625       -21.04946758      8.15098259      2.45541407
3890  625       -21.00246456      8.14016166      2.47294366
3891  625       -20.99496218      8.12048539      2.45989322
3892  625       -21.06107155      8.08406451      2.46904029
3893  625       -21.15611318      8.04261011      2.50408356
3894  625       -21.22193924      8.00240609      2.52873026
3895  625       -21.22696974      7.97617319      2.53870869
3896  625       -21.18663873      7.98458583      2.55281878
3897  625       -21.13733807      8.01384087      2.59350732
3898  625       -21.09145877      8.03727452      2.66734392
3899  625       -21.06324442      8.04003401      2.72514997
3900  625       -21.04957458      8.02811839      2.74313755
3901  625       -21.04859348      8.02019029      2.73869994
3902  625       -21.04667239      8.02770725      2.75464034
3903  625       -21.04525978      8.02205360      2.80536760
3904  625       -21.05426823      7.99306781      2.88590486
3905  625       -21.08375063      7.95212271      2.96466614
3906  625       -21.10197954      7.91150244      3.00141171
3907  625       -21.07390795      7.88753690      2.98546046
3908  625       -21.01873740      7.88026143      2.95428720
3909  625       -20.97359014      7.87270287      2.93921516
3910  625       -20.96345970      7.85746265      2.91661126
3911  625       -20.97820605      7.82946424      2.88861453
3912  625       -20.99305537      7.80748420      2.86765717
3913  625       -21.00544011      7.80096581      2.86985553
3914  625       -21.01741096      7.78046097      2.86493635
3915  625       -21.02293318      7.74935846      2.85053620
3916  625       -21.02445472      7.71854701      2.84364548
3917  625       -21.01956769      7.69482193      2.85936916
3918  625       -21.01638408      7.68619473      2.88239800
3919  625       -21.03355035      7.68832489      2.89489081
3920  625       -21.05725418      7.68037761      2.87815932
3921  625       -21.07629210      7.65478269      2.83233929
3922  625       -21.10275413      7.62540811      2.80666083
3923  625       -21.13365657      7.62140969      2.81758732
3924  625       -21.13080559      7.64287655      2.83995194
3925  625       -21.08865239      7.64944669      2.84023642
3926  625       -21.03141327      7.63609257      2.80777609
3927  625       -20.99139236      7.63026009      2.74169036
3928  625       -20.96226581      7.63754147      2.67058364
3929  625       -20.94479735      7.64049056      2.61644531
3930  625       -20.94284364      7.62668839      2.57017952
3931  625       -20.94535986      7.61441628      2.52972552
3932  625       -20.94428244      7.62328865      2.51182087
3933  625       -20.93252527      7.66610729      2.51860650
3934  625       -20.93691643      7.71658167      2.54187401
3935  625       -20.97680663      7.74562307      2.54627763
3936  625       -21.05563625      7.74188423      2.51404230
3937  625       -21.14732547      7.72160172      2.44825401
3938  625       -21.21712497      7.72007907      2.37060565
3939  625       -21.22898391      7.76471709      2.29485897
3940  625       -21.19486547      7.84935459      2.23756238
3941  625       -21.17127392      7.94969907      2.20916588
3942  625       -21.17286273      8.05648737      2.19805555
3943  625       -21.19250506      8.15175500      2.18641730
3944  625       -21.21031902      8.22537078      2.17594115
3945  625       -21.22748465      8.27106151      2.17848046
3946  625       -21.25263727      8.28703249      2.19196070
3947  625       -21.29592866      8.27817057      2.19782799
3948  625       -21.34441057      8.25795844      2.17465617
3949  625       -21.39042013      8.23988656      2.13424854
3950  625       -21.44911424      8.24133222      2.10824553
3951  625       -21.53001040      8.27324387      2.10834542
3952  625       -21.59565785      8.32289015      2.12424147
3953  625       -21.61698493      8.38297200      2.13536484
3954  625       -21.60953380      8.44400925      2.12110650
3955  625       -21.59450986      8.48781781      2.07540961
3956  625       -21.59643354      8.50492080      2.00218929
3957  625       -21.62914591      8.50481796      1.93634153
3958  625       -21.69844768      8.49934426      1.90205169
3959  625       -21.78616902      8.48530925      1.90237500
3960  625       -21.87239848      8.43894362      1.89930062
3961  625       -21.93200663      8.37653433      1.88280720
3962  625       -21.97032961      8.33207719      1.86569785
3963  625       -21.99808584      8.30048190      1.86381944
3964  625       -22.00844164      8.27899416      1.86793783
3965  625       -22.00292356      8.27027248      1.86856554
3966  625       -21.97352369      8.29494655      1.88711395
3967  625       -21.91634365      8.35445567      1.91647931
3968  625       -21.84571436      8.42272444      1.92696430
3969  625       -21.78617607      8.47016414      1.89396774
3970  625       -21.75312779      8.48459351      1.83266079
3971  625       -21.75045719      8.47169254      1.76130904
3972  625       -21.76238240      8.44620273      1.70296527
3973  625       -21.77169924      8.40139696      1.66267007
3974  625       -21.77193423      8.33096585      1.63706007
3975  625       -21.75802260      8.24694032      1.61019671
3976  625       -21.73050655      8.16536280      1.58777938
3977  625       -21.70330530      8.10871190      1.58579992
3978  625       -21.69201736      8.08622086      1.58369901
3979  625       -21.68721349      8.09692999      1.55647582
3980  625       -21.68319803      8.11324559      1.48736710
3981  625       -21.67627388      8.12412073      1.40243016
3982  625       -21.67991923      8.13171148      1.32906759
3983  625       -21.67289161      8.15443169      1.27391762
3984  625       -21.64098385      8.19153756      1.23541636
3985  625       -21.58797098      8.23079543      1.21814886
3986  625       -21.53777553      8.25812109      1.22741876
3987  625       -21.52338916      8.25640875      1.24989595
3988  625       -21.53538003      8.23921474      1.24573506
3989  625       -21.53193594      8.21693255      1.22296509
3990  625       -21.49824482      8.18647960      1.20174710
3991  625       -21.46093752      8.14680954      1.18601167
3992  625       -21.43306681      8.11089031      1.18720503
3993  625       -21.39682004      8.09486685      1.17876346
3994  625       -21.33174845      8.09921079      1.16656269
3995  625       -21.26410371      8.11888891      1.16883521
3996  625       -21.21343150      8.15516804      1.20446881
3997  625       -21.17530510      8.19384821      1.25764107
3998  625       -21.13170117      8.21132329      1.28609281
3999  625       -21.07944032      8.20454708      1.26526043
4000  625       -21.04298592      8.18809952      1.22968197
4001  625       -21.03442565      8.16718849      1.22614206
4002  625       -21.04586259      8.15044953      1.24810299
4003  625       -21.05815629      8.14814566      1.27789090
4004  625       -21.05484166      8.18625078      1.32158831
4005  625       -21.03013439      8.24667250      1.36854530
4006  625       -21.00630284      8.28322747      1.38178147
4007  625       -20.98574191      8.28920616      1.35822714
4008  625       -20.96128524      8.26577892      1.30616660
4009  625       -20.94248866      8.21452333      1.24574638
4010  625       -20.94803460      8.17470383      1.21236126
4011  625       -20.97993333      8.17177103      1.22407019
4012  625       -21.00780714      8.20085806      1.26650615
4013  625       -21.01079459      8.23627696      1.30386025
4014  625       -20.99035734      8.25692047      1.32810248
4015  625       -20.96576435      8.25834726      1.34983749
4016  625       -20.93748267      8.24017658      1.36448813
4017  625       -20.92814331      8.23207261      1.35267589
4018  625       -20.95756608      8.25690369      1.32673118
4019  625       -21.01919316      8.30981589      1.32857444
4020  625       -21.09563290      8.36674451      1.36147444
4021  625       -21.16916688      8.41105076      1.38649184
4022  625       -21.21653165      8.44497796      1.39646932
4023  625       -21.23351042      8.46735101      1.38499507
4024  625       -21.22745333      8.47300985      1.34499052
4025  625       -21.19792934      8.45300708      1.26300072
4026  625       -21.16369624      8.42206024      1.16334109
4027  625       -21.15032115      8.38597051      1.09874636
4028  625       -21.17451127      8.36438499      1.07256056
4029  625       -21.21090449      8.35249618      1.06231754
4030  625       -21.22238661      8.34293174      1.05325864
4031  625       -21.21134795      8.32740427      1.04619410
4032  625       -21.21204460      8.29628522      1.02328760
4033  625       -21.22208067      8.26428965      0.99735157
4034  625       -21.21922065      8.24554608      0.98256347
4035  625       -21.19573577      8.23304735      0.99625507
4036  625       -21.16337962      8.21385940      1.01933701
4037  625       -21.16292910      8.18756801      1.01578295
4038  625       -21.21218941      8.15234587      0.98028787
4039  625       -21.28897199      8.11713287      0.94535981
4040  625       -21.34037372      8.08253710      0.92410369
4041  625       -21.35409818      8.04013317      0.89778573
4042  625       -21.34744617      7.99265717      0.84465059
4043  625       -21.33845297      7.95313972      0.78749890
4044  625       -21.33137720      7.90806699      0.73643330
4045  625       -21.33537236      7.85400824      0.67425353
4046  625       -21.35781298      7.80035988      0.61392326
4047  625       -21.38520063      7.75567582      0.58007461
4048  625       -21.40427851      7.72163955      0.57228970
4049  625       -21.40480744      7.68865846      0.56326670
4050  625       -21.38333270      7.66110617      0.54213043
4051  625       -21.34407626      7.65267178      0.51547885
4052  625       -21.30569637      7.66549581      0.49795649
4053  625       -21.28870113      7.67533999      0.48564648
4054  625       -21.28301499      7.67148318      0.46736040
4055  625       -21.26875169      7.65302247      0.43254148
4056  625       -21.25063569      7.62431199      0.38738414
4057  625       -21.22633961      7.59948107      0.34662503
4058  625       -21.19867445      7.58988240      0.32280932
4059  625       -21.18243903      7.57400543      0.31962390
4060  625       -21.18085486      7.53685129      0.30587854
4061  625       -21.17269829      7.47984660      0.25804904
4062  625       -21.14753543      7.40092292      0.18847125
4063  625       -21.11949153      7.33703035      0.14605334
4064  625       -21.09495703      7.30241307      0.13877563
4065  625       -21.08072266      7.28431652      0.15064939
4066  625       -21.06496078      7.24576389      0.15986225
4067  625       -21.05329730      7.18182854      0.15328002
4068  625       -21.03585929      7.11996404      0.13679245
4069  625       -21.01603586      7.09950935      0.12218528
4070  625       -21.00744331      7.11332602      0.12778755
4071  625       -20.98475043      7.12005601      0.12424789
4072  625       -20.92891711      7.10025459      0.09842662
4073  625       -20.86139221      7.08072132      0.07851768
4074  625       -20.80755021      7.11176889      0.10790056
4075  625       -20.77019949      7.17031531      0.15946295
4076  625       -20.76400086      7.21095381      0.21205798
4077  625       -20.79114296      7.20608280      0.24224368
4078  625       -20.83051067      7.18163151      0.23637329
4079  625       -20.85258187      7.17095816      0.20546657
4080  625       -20.87016291      7.17443027      0.17039721
4081  625       -20.88930636      7.19518526      0.14353760
4082  625       -20.90450409      7.21377332      0.13335480
4083  625       -20.88843155      7.23277585      0.14108802
4084  625       -20.83737673      7.22870260      0.14689441
4085  625       -20.78479476      7.21268498      0.14042327
4086  625       -20.74631129      7.19003621      0.13386376
4087  625       -20.71749273      7.16379884      0.15017387
4088  625       -20.69194719      7.12931187      0.18395379
4089  625       -20.67440725      7.10221611      0.23023784
4090  625       -20.63963375      7.11477274      0.28305198
4091  625       -20.58505064      7.15300844      0.33701028
4092  625       -20.54105116      7.18998732      0.37326839
4093  625       -20.51989682      7.18354509      0.38494319
4094  625       -20.50509475      7.14564967      0.39644785
4095  625       -20.47825588      7.10006723      0.43052934
4096  625       -20.44703733      7.06829732      0.48227517
4097  625       -20.41558902      7.05756390      0.51341097
4098  625       -20.40313500      7.05986290      0.52353988
4099  625       -20.40998366      7.09397441      0.54301895
4100  625       -20.44460312      7.14819200      0.58684188
4101  625       -20.49583551      7.21863277      0.63345473
4102  625       -20.53926741      7.29154635      0.66728476
4103  625       -20.58264967      7.34398473      0.67749462
4104  625       -20.63262321      7.34116950      0.65732162
4105  625       -20.68643640      7.31161585      0.60911255
4106  625       -20.72093991      7.30306260      0.56157288
4107  625       -20.74177025      7.31397527      0.51782367
4108  625       -20.76824867      7.34765804      0.48475074
4109  625       -20.81364775      7.40684452      0.48268575
4110  625       -20.87483090      7.48102367      0.50191012
4111  625       -20.93883114      7.53268825      0.51367207
4112  625       -20.98289095      7.52500907      0.48950731
4113  625       -21.00023112      7.46845176      0.43276942
4114  625       -21.00945359      7.38820666      0.36501204
4115  625       -21.01932283      7.30128639      0.31091826
4116  625       -21.02349191      7.21293216      0.26766673
4117  625       -21.01237556      7.12832886      0.21414457
4118  625       -21.00407959      7.06743983      0.15844760
4119  625       -21.00964669      7.03383811      0.10754913
4120  625       -21.01629939      7.02453784      0.06955124
4121  625       -21.01192412      7.02096312      0.03343087
4122  625       -20.99417684      7.00955777      0.01568740
4123  625       -20.97563374      6.97990101      0.00667486
4124  625       -20.96756519      6.93679224      0.00028687
4125  625       -20.97881560      6.89837750     -0.01598488
4126  625       -21.00638127      6.86489485     -0.04648359
4127  625       -21.05057704      6.81931518     -0.10136673
4128  625       -21.09665083      6.76063378     -0.16754496
4129  625       -21.13141579      6.68656842     -0.21329986
4130  625       -21.15033119      6.61313826     -0.21431054
4131  625       -21.17126490      6.55101728     -0.18794049
4132  625       -21.20085548      6.48727866     -0.17276985
4133  625       -21.22498453      6.43389319     -0.18500708
4134  625       -21.23280018      6.41898753     -0.21062890
4135  625       -21.23589674      6.43865355     -0.23750260
4136  625       -21.25539439      6.45971896     -0.26248623
4137  625       -21.30657752      6.47801238     -0.27808276
4138  625       -21.36375775      6.50261528     -0.29759359
4139  625       -21.40818888      6.52301002     -0.33947693
4140  625       -21.45126775      6.53428854     -0.37629279
4141  625       -21.50208183      6.53231677     -0.38673958
4142  625       -21.57337883      6.52287057     -0.39605411
4143  625       -21.65802743      6.50983697     -0.42808391
4144  625       -21.73894214      6.50435676     -0.46509572
4145  625       -21.79588711      6.49615322     -0.47669219
4146  625       -21.82803764      6.47200787     -0.44995531
4147  625       -21.83528031      6.44324068     -0.41709525
4148  625       -21.84353392      6.41140667     -0.38133374
4149  625       -21.84745035      6.37019614     -0.34006142
4150  625       -21.86459269      6.33693786     -0.30504000
4151  625       -21.89423506      6.32264234     -0.29595668
4152  625       -21.92736744      6.31824376     -0.31479179
4153  625       -21.94785130      6.31372636     -0.33637177
4154  625       -21.96268442      6.31312603     -0.34798651
4155  625       -21.98155430      6.31537353     -0.33397585
4156  625       -21.99579933      6.30361189     -0.28777168
4157  625       -22.00603424      6.28511193     -0.20909843
4158  625       -21.99840182      6.27194157     -0.11132506
4159  625       -21.99484098      6.26492102     -0.01074473
4160  625       -21.99264909      6.26101988      0.07561666
4161  625       -21.97534720      6.25474967      0.13271849
4162  625       -21.94406723      6.25033370      0.15441931
4163  625       -21.90454575      6.25586796      0.15966831
4164  625       -21.84937363      6.26209842      0.17381933
4165  625       -21.78754712      6.25561530      0.20791287
4166  625       -21.74662583      6.24167219      0.25264959
4167  625       -21.73638494      6.23262627      0.29167534
4168  625       -21.77081183      6.23452485      0.33274658
4169  625       -21.81495989      6.23981502      0.39370385
4170  625       -21.87862124      6.24623323      0.47611853
4171  625       -21.94268674      6.24631397      0.55153643
4172  625       -21.98360262      6.23845786      0.59880824
4173  625       -21.96518904      6.21899267      0.61394765
4174  625       -21.90961813      6.20589232      0.61065779
4175  625       -21.86835696      6.22359659      0.60137599
4176  625       -21.88287808      6.25851029      0.60042600
4177  625       -21.95479480      6.27838585      0.61364918
4178  625       -22.03157467      6.27978136      0.64140844
4179  625       -22.08685565      6.28140137      0.66124818
4180  625       -22.10574890      6.28548860      0.65783289
4181  625       -22.12221078      6.27564093      0.62857440
4182  625       -22.14314495      6.26015393      0.58817938
4183  625       -22.15522017      6.26126729      0.56959169
4184  625       -22.15286451      6.25368020      0.56090841
4185  625       -22.15449521      6.22682109      0.55848965
4186  625       -22.17207502      6.20374195      0.57046186
4187  625       -22.19470395      6.19805879      0.58601813
4188  625       -22.19458887      6.19738403      0.57554997
4189  625       -22.17565838      6.21380252      0.53100719
4190  625       -22.16276324      6.26609621      0.47973235
4191  625       -22.13187351      6.34090568      0.46224497
4192  625       -22.09100691      6.41122619      0.48701971
4193  625       -22.06488215      6.45304448      0.54570057
4194  625       -22.09034115      6.46428372      0.63411121
4195  625       -22.14980528      6.44648154      0.74381013
4196  625       -22.21380959      6.41973813      0.84319647
4197  625       -22.25926480      6.39271807      0.90358392
4198  625       -22.28757454      6.39403007      0.94150400
4199  625       -22.30355500      6.41512314      0.96418825
4200  625       -22.31749427      6.45083578      0.95209176
4201  625       -22.32600823      6.49549842      0.91090404
4202  625       -22.33223856      6.52464866      0.87096825
4203  625       -22.34865461      6.52469199      0.85300443
4204  625       -22.38340985      6.49061108      0.87149796
4205  625       -22.44026591      6.44585910      0.91260752
4206  625       -22.49556212      6.41178041      0.97982795
4207  625       -22.52797275      6.39479250      1.06287427
4208  625       -22.53372917      6.37567124      1.13409131
4209  625       -22.51914903      6.34546977      1.19523166
4210  625       -22.50567162      6.32492619      1.26480209
4211  625       -22.50360603      6.35024318      1.33181827
4212  625       -22.51946501      6.40299446      1.38780826
4213  625       -22.54172748      6.45673761      1.43033532
4214  625       -22.57024760      6.51073126      1.47497375
4215  625       -22.59299026      6.57502663      1.51746729
4216  625       -22.61735528      6.63596327      1.55432630
4217  625       -22.65315200      6.66926946      1.56510363
4218  625       -22.67281413      6.69108233      1.55507035
4219  625       -22.68031566      6.71482668      1.55223419
4220  625       -22.69485619      6.74750576      1.55532938
4221  625       -22.72701588      6.76672260      1.56702968
4222  625       -22.74166441      6.78717863      1.58179639
4223  625       -22.73770270      6.82753003      1.62330702
4224  625       -22.73868103      6.89838800      1.67516691
4225  625       -22.75782107      6.97126918      1.71888303
4226  625       -22.79475656      7.01033612      1.73908382
4227  625       -22.84636119      7.00729906      1.74307219
4228  625       -22.90066363      6.97811262      1.74050487
4229  625       -22.93311938      6.92710082      1.72315045
4230  625       -22.93347383      6.86548848      1.68091637
4231  625       -22.91681080      6.81166579      1.63316685
4232  625       -22.92636623      6.77544260      1.59849879
4233  625       -22.97505621      6.77947288      1.58701191
4234  625       -22.99199277      6.82537617      1.62475783
4235  625       -22.91646764      6.89912447      1.67666996
4236  625       -22.82478169      6.96729758      1.71813694
4237  625       -22.77347807      7.01602798      1.74115003
4238  625       -22.76209123      7.04079965      1.76102749
4239  625       -22.77298367      7.05489062      1.78237032
4240  625       -22.81148311      7.06331899      1.78489577
4241  625       -22.88518596      7.07277461      1.75968430
4242  625       -22.95470508      7.09177470      1.75883969
4243  625       -23.00660221      7.11898660      1.81611628
4244  625       -23.03674678      7.14297575      1.88671616
4245  625       -23.03054690      7.15197483      1.95954613
4246  625       -23.00351474      7.16138302      2.02508287
4247  625       -23.01599710      7.17939957      2.09216174
4248  625       -23.06766280      7.19843696      2.13891844
4249  625       -23.13217642      7.19683838      2.16737627
4250  625       -23.17091990      7.18465212      2.18551202
4251  625       -23.16813804      7.16246221      2.20182610
4252  625       -23.14475736      7.14442498      2.20558072
4253  625       -23.11278733      7.14682598      2.24576220
4254  625       -23.08294282      7.16555792      2.33367744
4255  625       -23.07762450      7.19422367      2.42539767
4256  625       -23.10832778      7.22490858      2.49983061
4257  625       -23.13976343      7.25895944      2.54856932
4258  625       -23.15727408      7.28426418      2.57838492
4259  625       -23.15395203      7.29752203      2.59060808
4260  625       -23.16404494      7.29413995      2.58399705
4261  625       -23.19949011      7.28989141      2.54307899
4262  625       -23.21612502      7.28974810      2.49339786
4263  625       -23.18150374      7.30839744      2.44100144
4264  625       -23.12394515      7.35342925      2.38702796
4265  625       -23.08446413      7.41756315      2.34624989
4266  625       -23.07122179      7.45123519      2.32067757
4267  625       -23.06897453      7.44874194      2.30784881
4268  625       -23.05505582      7.42882510      2.29672084
4269  625       -23.04223829      7.41022765      2.29997039
4270  625       -23.03668629      7.38909198      2.32543844
4271  625       -23.02276333      7.35554567      2.37544624
4272  625       -22.98578216      7.32044898      2.43722335
4273  625       -22.96307076      7.29680798      2.48407566
4274  625       -22.97365122      7.29121530      2.51457624
4275  625       -22.99813621      7.29927614      2.53065824
4276  625       -23.00674076      7.32017898      2.54433847
4277  625       -22.98756528      7.33912313      2.55551910
4278  625       -22.95969501      7.36375864      2.55953322
4279  625       -22.94284847      7.39167058      2.57012118
4280  625       -22.94387175      7.41362420      2.59086118
4281  625       -22.94582264      7.42559323      2.62626320
4282  625       -22.94583965      7.43566689      2.66069540
4283  625       -22.94135801      7.44684529      2.69717791
4284  625       -22.93462832      7.44672050      2.74355330
4285  625       -22.92761535      7.44915568      2.80014575
4286  625       -22.94051970      7.46953193      2.85246864
4287  625       -22.96664046      7.51006404      2.89202525
4288  625       -22.98715389      7.55833419      2.91831069
4289  625       -23.01468668      7.62585224      2.92930991
4290  625       -23.04006373      7.71729698      2.94277918
4291  625       -23.06959380      7.80755771      2.95623720
4292  625       -23.09015880      7.87511325      2.98441513
4293  625       -23.09691090      7.92038957      3.02197943
4294  625       -23.08359603      7.93863610      3.04773766
4295  625       -23.07654123      7.94743273      3.04217508
4296  625       -23.09573071      7.96171440      3.00937331
4297  625       -23.12570802      7.99337944      2.96254847
4298  625       -23.13534060      8.03743766      2.93901823
4299  625       -23.12506164      8.08179221      2.96921497
4300  625       -23.12587643      8.13247176      3.02782271
4301  625       -23.15006815      8.18899454      3.07916127
4302  625       -23.20164290      8.24974500      3.11339484
4303  625       -23.26593854      8.32284517      3.13015608
4304  625       -23.31698267      8.40937081      3.11703383
4305  625       -23.32772893      8.48076916      3.07988861
4306  625       -23.31692353      8.52664094      3.02733660
4307  625       -23.30984645      8.55714363      2.99785264
4308  625       -23.32528965      8.57938494      3.00727495
4309  625       -23.37842449      8.59911698      3.04780645
4310  625       -23.46080426      8.59312626      3.07986579
4311  625       -23.51982389      8.55760794      3.09485806
4312  625       -23.52058014      8.53070369      3.10204778
4313  625       -23.49392575      8.51742283      3.12017065
4314  625       -23.46907610      8.50864210      3.14146581
4315  625       -23.48410499      8.51607354      3.14707571
4316  625       -23.52516018      8.52876765      3.14030928
4317  625       -23.57680625      8.51047752      3.14063559
4318  625       -23.61126631      8.46703728      3.14423116
4319  625       -23.63565917      8.42888493      3.13145822
4320  625       -23.66193313      8.39990647      3.11259236
4321  625       -23.69367892      8.38874909      3.10095891
4322  625       -23.73573312      8.41113430      3.09305464
4323  625       -23.76663422      8.46357434      3.10103848
4324  625       -23.76460827      8.51110417      3.11050178
4325  625       -23.73981334      8.52676607      3.10347472
4326  625       -23.72283389      8.51728514      3.06940235
4327  625       -23.74027506      8.50342272      3.00486967
4328  625       -23.79897934      8.49287989      2.95509800
4329  625       -23.85897140      8.50003854      2.94233451
4330  625       -23.89552615      8.52890737      2.95995405
4331  625       -23.89720482      8.54228991      2.98514663
4332  625       -23.88439923      8.52445651      2.98811832
4333  625       -23.88362556      8.49972028      2.96561502
4334  625       -23.89728252      8.47466543      2.94740396
4335  625       -23.91665356      8.44986936      2.96241342
4336  625       -23.93143136      8.41457460      2.99748824
4337  625       -23.95440489      8.36667517      3.01636712
4338  625       -23.97804565      8.33360318      3.02318361
4339  625       -23.97369003      8.33617846      3.02325808
4340  625       -23.95199690      8.39112256      3.01521070
4341  625       -23.95047106      8.45676720      2.98447006
4342  625       -23.98639811      8.50865322      2.92756843
4343  625       -24.02787188      8.56065911      2.87619805
4344  625       -24.05416778      8.59833499      2.85980045
4345  625       -24.07118709      8.63172817      2.86357153
4346  625       -24.09437333      8.65547874      2.85609781
4347  625       -24.14873950      8.68189000      2.84729144
4348  625       -24.22696441      8.72364293      2.84971840
4349  625       -24.29440886      8.77429674      2.87130114
4350  625       -24.32872677      8.81879738      2.90936425
4351  625       -24.33316027      8.85129643      2.92170241
4352  625       -24.33565666      8.87183012      2.89345423
4353  625       -24.35833330      8.88729717      2.84677550
4354  625       -24.40759958      8.91909549      2.81453673
4355  625       -24.47399668      8.97106826      2.79338496
4356  625       -24.54206270      9.03734635      2.77615590
4357  625       -24.59081540      9.09504625      2.77494059
4358  625       -24.62041451      9.12746135      2.80770059
4359  625       -24.64601610      9.14468909      2.87935646
4360  625       -24.68913288      9.15306260      2.96442680
4361  625       -24.74957621      9.15694543      3.03620330
4362  625       -24.83172756      9.16988471      3.07822819
4363  625       -24.93120458      9.20684052      3.09617350
4364  625       -25.04698170      9.26115891      3.08307754
4365  625       -25.14905383      9.30665509      3.05103968
4366  625       -25.22156732      9.33990657      3.01911423
4367  625       -25.28415991      9.36105908      3.00206497
4368  625       -25.35048632      9.36191241      2.99783671
4369  625       -25.41274093      9.36027734      2.99598181
4370  625       -25.47404846      9.35545810      2.97624322
4371  625       -25.52717042      9.33856210      2.94655144
4372  625       -25.56144409      9.34000173      2.93608203
4373  625       -25.58121393      9.40324270      2.95286792
4374  625       -25.59989835      9.52883780      2.97015607
4375  625       -25.61820965      9.67060225      2.94991241
4376  625       -25.63576045      9.78054497      2.90033349
4377  625       -25.65685652      9.85242272      2.84067682
4378  625       -25.68017134      9.89884451      2.80124286
4379  625       -25.71538119      9.93350253      2.79152266
4380  625       -25.74977142      9.96463212      2.80352650
4381  625       -25.77087457      9.99462458      2.80684783
4382  625       -25.78566103     10.01510625      2.80742352
4383  625       -25.81033465     10.03498778      2.82626503
4384  625       -25.84389487     10.05442498      2.87215244
4385  625       -25.88428567     10.05740956      2.93424540
4386  625       -25.91808916     10.04322652      2.98836006
4387  625       -25.94516451     10.03737275      3.03769470
4388  625       -25.96125231     10.04895722      3.06243051
4389  625       -25.95686409     10.06444337      3.04364683
4390  625       -25.94030118     10.07380013      2.98305547
4391  625       -25.92270346     10.08630605      2.92166496
4392  625       -25.92797858     10.11296889      2.91305101
4393  625       -25.96276043     10.15844676      2.98211487
4394  625       -26.01388050     10.20305745      3.10691742
4395  625       -26.06966274     10.21800503      3.21932683
4396  625       -26.13402828     10.21868348      3.30111487
4397  625       -26.20681632     10.23821889      3.36262416
4398  625       -26.26766619     10.26789351      3.41416600
4399  625       -26.29456678     10.27531634      3.45686572
4400  625       -26.29534241     10.26465079      3.47349017
4401  625       -26.30006556     10.26277160      3.45011145
4402  625       -26.32290144     10.29902529      3.40343422
4403  625       -26.35525252     10.35042572      3.39200415
4404  625       -26.39360147     10.37358389      3.44249743
4405  625       -26.44161094     10.38582702      3.53572280
4406  625       -26.50673270     10.41742462      3.61585551
4407  625       -26.55306833     10.45893622      3.64829633
4408  625       -26.55884266     10.47752300      3.64294948
4409  625       -26.54134284     10.48768430      3.64145446
4410  625       -26.53944624     10.50315036      3.68145444
4411  625       -26.56341072     10.52701918      3.76273791
4412  625       -26.59564124     10.56553221      3.85278110
4413  625       -26.61460902     10.61327863      3.91777480
4414  625       -26.62382582     10.67244169      3.94620673
4415  625       -26.63232632     10.74768182      3.94255323
4416  625       -26.64874155     10.82150613      3.93860257
4417  625       -26.66129834     10.86729930      3.94260564
4418  625       -26.67188498     10.89570841      3.96947020
4419  625       -26.70346537     10.92797157      4.01215159
4420  625       -26.74397677     10.97371405      4.02800002
4421  625       -26.79120360     11.02451800      4.04331190
4422  625       -26.80733603     11.04913415      4.06369806
4423  625       -26.79872373     11.06692291      4.06826824
4424  625       -26.78550715     11.06165453      4.06711597
4425  625       -26.79419049     11.04242280      4.07509416
4426  625       -26.81446430     11.02154023      4.08391754
4427  625       -26.83586793     10.99927225      4.09920437
4428  625       -26.84718220     10.97963275      4.11809862
4429  625       -26.84734502     10.97958477      4.12693061
4430  625       -26.86213019     11.00273894      4.13189578
4431  625       -26.87805269     11.03240490      4.12717625
4432  625       -26.90281540     11.03673949      4.12871634
4433  625       -26.93092121     10.99744073      4.12987641
4434  625       -26.95161215     10.93567561      4.12432328
4435  625       -26.97856067     10.87364940      4.10709639
4436  625       -27.00585523     10.81812851      4.08608629
4437  625       -27.01054764     10.77894135      4.06033584
4438  625       -26.99814671     10.74061263      4.03136723
4439  625       -26.99757146     10.69924664      4.00300745
4440  625       -27.01258142     10.67150734      3.95587291
4441  625       -27.05090722     10.65473037      3.91233214
4442  625       -27.08584757     10.64112597      3.89398364
4443  625       -27.12324187     10.62651811      3.89750121
4444  625       -27.17077608     10.62631669      3.88584438
4445  625       -27.23914762     10.64922589      3.84999199
4446  625       -27.29932568     10.65662050      3.80089530
4447  625       -27.33279439     10.62869417      3.75828090
4448  625       -27.34673918     10.58723643      3.72907833
4449  625       -27.36154796     10.54883989      3.70938548
4450  625       -27.38226608     10.50194582      3.67756528
4451  625       -27.41774241     10.45510844      3.62959576
4452  625       -27.47143500     10.43268422      3.57949092
4453  625       -27.53379606     10.43504472      3.53155849
4454  625       -27.59827581     10.43665131      3.50811046
4455  625       -27.64977575     10.41031719      3.51278289
4456  625       -27.69919610     10.35398267      3.52571595
4457  625       -27.74420354     10.30248263      3.53309453
4458  625       -27.78207169     10.25690752      3.53442149
4459  625       -27.81046135     10.21060414      3.52714918
4460  625       -27.83471421     10.17541707      3.49717390
4461  625       -27.84760775     10.17430137      3.44597348
4462  625       -27.85506262     10.21670293      3.39096047
4463  625       -27.86556552     10.27681376      3.35874786
4464  625       -27.89237788     10.33119462      3.37271215
4465  625       -27.92221626     10.35790763      3.43831366
4466  625       -27.93002941     10.36195145      3.51249900
4467  625       -27.90290032     10.35493983      3.55909990
4468  625       -27.86405486     10.33991425      3.57078247
4469  625       -27.83984756     10.30876588      3.55483586
4470  625       -27.83632823     10.26665796      3.51810374
4471  625       -27.84475388     10.22338470      3.47517820
4472  625       -27.85852544     10.18274723      3.44384721
4473  625       -27.89264155     10.14785638      3.43574174
4474  625       -27.93991705     10.11797668      3.44619048
4475  625       -27.98302196     10.10746924      3.46312156
4476  625       -28.01138019     10.12000297      3.49548774
4477  625       -28.04570070     10.15791948      3.55875134
4478  625       -28.08769669     10.18229247      3.63441064
4479  625       -28.11592612     10.18022267      3.69638716
4480  625       -28.12081465     10.17778121      3.71586313
4481  625       -28.12762442     10.20210137      3.67398062
4482  625       -28.16085189     10.24402257      3.58269281
4483  625       -28.19561426     10.27604502      3.47659621
4484  625       -28.21350029     10.25491692      3.38778898
4485  625       -28.22977333     10.18481064      3.33070691
4486  625       -28.26516115     10.10763587      3.31667635
4487  625       -28.30275439     10.06677553      3.33752263
4488  625       -28.32045936     10.07851339      3.37953633
4489  625       -28.32725452     10.12590657      3.41119042
4490  625       -28.34985054     10.18273462      3.41411705
4491  625       -28.38719761     10.23313005      3.39112145
4492  625       -28.42129767     10.26562310      3.34090331
4493  625       -28.45466509     10.26838698      3.26023787
4494  625       -28.50536891     10.24865664      3.17797683
4495  625       -28.58412550     10.22685814      3.12830204
4496  625       -28.67251071     10.23108047      3.12539604
4497  625       -28.75121062     10.24972787      3.13497932
4498  625       -28.81400499     10.25778561      3.13946021
4499  625       -28.85735023     10.24378806      3.13812688
4500  625       -28.88743611     10.23336529      3.13593483
4501  625       -28.92164070     10.25342102      3.13377608
4502  625       -28.95565734     10.31090529      3.12060089
4503  625       -28.98724087     10.36812926      3.11448410
4504  625       -29.00277576     10.39013202      3.12519274
4505  625       -29.01535850     10.36358155      3.14721679
4506  625       -29.03271176     10.30674114      3.15563651
4507  625       -29.05411710     10.25811324      3.15315073
4508  625       -29.09969215     10.23907435      3.14806285
4509  625       -29.17112221     10.25812905      3.13459982
4510  625       -29.24036114     10.31191032      3.10919784
4511  625       -29.29462134     10.35743605      3.08698967
4512  625       -29.34089757     10.38278523      3.09385383
4513  625       -29.36406608     10.37138377      3.11274377
4514  625       -29.35664252     10.33940427      3.12034452
4515  625       -29.34177910     10.29115172      3.11512857
4516  625       -29.34115661     10.24719069      3.11335416
4517  625       -29.35733222     10.24033517      3.10477009
4518  625       -29.37846321     10.27098832      3.07841892
4519  625       -29.38110088     10.31926824      3.04078808
4520  625       -29.37693895     10.35111001      3.00651352
4521  625       -29.38722443     10.34675684      2.98434334
4522  625       -29.42416445     10.30688908      2.97716236
4523  625       -29.47457448     10.26644780      2.97757095
4524  625       -29.51849057     10.23706339      2.98076893
4525  625       -29.53312971     10.22769150      2.97945070
4526  625       -29.52596584     10.25759010      2.97331399
4527  625       -29.52487949     10.32725567      2.96798137
4528  625       -29.53688574     10.40452337      2.96363936
4529  625       -29.54822147     10.44795965      2.94604948
4530  625       -29.55157116     10.47360093      2.90675293
4531  625       -29.56095988     10.51173366      2.86750797
4532  625       -29.57342871     10.55986787      2.84339486
4533  625       -29.59242351     10.57884093      2.82706772
4534  625       -29.62160439     10.57776663      2.79936212
4535  625       -29.64552964     10.58992016      2.75914561
4536  625       -29.64922495     10.63083481      2.73397657
4537  625       -29.63208128     10.68378068      2.73864072
4538  625       -29.61983598     10.71408440      2.76333433
4539  625       -29.62641355     10.70460317      2.80023207
4540  625       -29.63686846     10.67319653      2.83816458
4541  625       -29.66000789     10.64824416      2.86912255
4542  625       -29.71173266     10.63465766      2.87242465
4543  625       -29.77906454     10.64448078      2.84539705
4544  625       -29.85063924     10.66458513      2.80223218
4545  625       -29.91891495     10.70041802      2.77518430
4546  625       -29.97631305     10.75932072      2.76201997
4547  625       -30.00932405     10.82904073      2.72857718
4548  625       -30.01579744     10.87875465      2.67374680
4549  625       -30.00305110     10.89502265      2.62039872
4550  625       -29.96379955     10.88050071      2.60185280
4551  625       -29.90915064     10.83617437      2.60938596
4552  625       -29.86457616     10.78174823      2.62107610
4553  625       -29.83192217     10.75178606      2.62038849
4554  625       -29.80282522     10.75906771      2.61613551
4555  625       -29.76983247     10.79416745      2.63289734
4556  625       -29.73525278     10.82936205      2.65339973
4557  625       -29.71724236     10.85486039      2.64805656
4558  625       -29.69300337     10.86001805      2.61731758
4559  625       -29.68575004     10.84764011      2.58055745
4560  625       -29.68676010     10.81437380      2.55194691
4561  625       -29.69682064     10.77255318      2.52440918
4562  625       -29.70248079     10.73872887      2.49641937
4563  625       -29.69943526     10.72091397      2.48285797
4564  625       -29.69678593     10.70494777      2.49307495
4565  625       -29.69358137     10.67924794      2.51697945
4566  625       -29.68538300     10.65895231      2.51688311
4567  625       -29.64305961     10.63896784      2.49737223
4568  625       -29.57577693     10.60653955      2.47549305
4569  625       -29.52290514     10.57943449      2.46530602
4570  625       -29.49647867     10.56484843      2.46428930
4571  625       -29.48529263     10.55343488      2.46069270
4572  625       -29.48273969     10.53231929      2.44574590
4573  625       -29.48127194     10.50102739      2.43285004
4574  625       -29.47560379     10.47155464      2.43815927
4575  625       -29.48221905     10.43297683      2.45444272
4576  625       -29.50661777     10.37778907      2.47966960
4577  625       -29.53538662     10.32670216      2.52247757
4578  625       -29.57093968     10.30775758      2.55095757
4579  625       -29.61395744     10.32026332      2.54724970
4580  625       -29.65184959     10.33860538      2.52522283
4581  625       -29.68503720     10.34553663      2.50751686
4582  625       -29.71862962     10.36131437      2.51060983
4583  625       -29.75499308     10.40485689      2.53149495
4584  625       -29.78264002     10.46156178      2.55884586
4585  625       -29.81475553     10.49912692      2.58155112
4586  625       -29.85674507     10.50342530      2.59597464
4587  625       -29.88858611     10.48713410      2.60070179
4588  625       -29.91367539     10.46928113      2.59985695
4589  625       -29.95371411     10.45860747      2.58738851
4590  625       -30.00665906     10.45511821      2.56579856
4591  625       -30.05522124     10.47001647      2.52964615
4592  625       -30.08692518     10.49837270      2.48167969
4593  625       -30.08404334     10.53470962      2.43709807
4594  625       -30.06233038     10.56105631      2.41378343
4595  625       -30.03189015     10.57745488      2.41521083
4596  625       -30.00165858     10.59875971      2.42708735
4597  625       -29.97969033     10.61353176      2.44358207
4598  625       -29.97732169     10.61321632      2.45838939
4599  625       -30.00553632     10.59645257      2.45390172
4600  625       -30.04524989     10.56037209      2.41998636
4601  625       -30.09838413     10.51768037      2.36465180
4602  625       -30.15513160     10.48130034      2.29790064
4603  625       -30.20050169     10.47282801      2.22884717
4604  625       -30.23752285     10.49307150      2.15867214
4605  625       -30.27835569     10.51339485      2.11022519
4606  625       -30.32662612     10.51237544      2.10807572
4607  625       -30.37725250     10.50404475      2.14769261
4608  625       -30.41842945     10.47536206      2.20316860
4609  625       -30.44839943     10.41875974      2.24320521
4610  625       -30.47370367     10.35377031      2.27251153
4611  625       -30.49626904     10.32582928      2.30123355
4612  625       -30.51090207     10.33770092      2.34673875
4613  625       -30.50589466     10.35737683      2.40870634
4614  625       -30.48537669     10.36912880      2.44838629
4615  625       -30.46118412     10.36522925      2.45095530
4616  625       -30.44730953     10.35271190      2.45230235
4617  625       -30.45293619     10.32924177      2.46838703
4618  625       -30.48726783     10.29754675      2.47736107
4619  625       -30.52450433     10.24927192      2.45931061
4620  625       -30.54041677     10.18476957      2.44706740
4621  625       -30.52762943     10.12183772      2.46612115
4622  625       -30.51585225     10.10020922      2.50447311
4623  625       -30.51917966     10.12618229      2.54092663
4624  625       -30.52363269     10.15885256      2.55077941
4625  625       -30.51141159     10.18616021      2.52468872
4626  625       -30.48731419     10.23092191      2.49857873
4627  625       -30.48673003     10.29939667      2.51151329
4628  625       -30.50373869     10.36397153      2.52620954
4629  625       -30.54419851     10.39563701      2.50481319
4630  625       -30.61389910     10.37525059      2.47816050
4631  625       -30.70543153     10.32777870      2.49282557
4632  625       -30.79073313     10.29882077      2.53708600
4633  625       -30.85683485     10.30615639      2.57495035
4634  625       -30.90630801     10.34531462      2.59828930
4635  625       -30.95409474     10.39690691      2.61748152
4636  625       -31.00059343     10.45293578      2.62230433
4637  625       -31.02130212     10.52029281      2.61125694
4638  625       -31.03131800     10.61162278      2.59871758
4639  625       -31.05508678     10.68499454      2.59089937
4640  625       -31.12699555     10.73343829      2.57280447
4641  625       -31.23905272     10.76678871      2.54291762
4642  625       -31.36979846     10.77971622      2.52663962
4643  625       -31.49188362     10.77535517      2.52845821
4644  625       -31.57483693     10.77725545      2.54532245
4645  625       -31.60892933     10.81496365      2.57598033
4646  625       -31.59160159     10.88680131      2.63715644
4647  625       -31.55822614     10.96196013      2.73857914
4648  625       -31.53403455     11.03298084      2.84314517
4649  625       -31.52220582     11.10037282      2.88446218
4650  625       -31.51012245     11.14121225      2.83138207
4651  625       -31.51338044     11.15688054      2.74523457
4652  625       -31.50780096     11.14820175      2.71131744
4653  625       -31.49474724     11.13554047      2.77619266
4654  625       -31.49985580     11.12056481      2.86550678
4655  625       -31.52506256     11.11786310      2.91298677
4656  625       -31.57713598     11.12650804      2.92759519
4657  625       -31.63240416     11.14672805      2.93658227
4658  625       -31.65388475     11.18697730      2.95717017
4659  625       -31.65356621     11.28426719      2.98566238
4660  625       -31.64501339     11.42128076      3.02422706
4661  625       -31.63322695     11.51420272      3.09734447
4662  625       -31.64471951     11.51537839      3.20632311
4663  625       -31.66434229     11.44342333      3.31281578
4664  625       -31.68242854     11.35026947      3.38659530
4665  625       -31.68891142     11.26223229      3.43842672
4666  625       -31.69006489     11.19844301      3.45913122
4667  625       -31.67779968     11.18218528      3.45687734
4668  625       -31.64741377     11.20566302      3.45301201
4669  625       -31.60398801     11.24884755      3.48877643
4670  625       -31.56061106     11.30180238      3.56621145
4671  625       -31.51885202     11.36760821      3.67084777
4672  625       -31.48082983     11.42377349      3.76967401
4673  625       -31.43509113     11.46355526      3.83334258
4674  625       -31.38337388     11.48142413      3.85616178
4675  625       -31.34005943     11.49314408      3.85463884
4676  625       -31.29412866     11.50141277      3.83957696
4677  625       -31.23994951     11.49275333      3.81531581
4678  625       -31.18413156     11.46398775      3.82452285
4679  625       -31.11363227     11.42366394      3.85051492
4680  625       -31.03249421     11.36964617      3.88229486
4681  625       -30.96704767     11.30645580      3.90792433
4682  625       -30.92150582     11.25069691      3.91797919
4683  625       -30.88571671     11.23705476      3.91934622
4684  625       -30.84537827     11.26665124      3.93704821
4685  625       -30.80269757     11.30996540      3.98491458
4686  625       -30.76122797     11.32769192      4.05307285
4687  625       -30.72938537     11.30754886      4.12673118
4688  625       -30.70957732     11.26131240      4.20081905
4689  625       -30.70212801     11.21105048      4.28505155
4690  625       -30.72592241     11.16143506      4.33750657
4691  625       -30.77141180     11.13334241      4.33421456
4692  625       -30.81437726     11.13004385      4.31915594
4693  625       -30.83122953     11.14597428      4.33279504
4694  625       -30.81864181     11.16802537      4.33736281
4695  625       -30.81948038     11.16052092      4.29277171
4696  625       -30.82303372     11.13300883      4.22478340
4697  625       -30.81280962     11.11839977      4.18841167
4698  625       -30.79550663     11.14019774      4.19304678
4699  625       -30.78839805     11.19061742      4.22536868
4700  625       -30.80520957     11.22744335      4.24385025
4701  625       -30.83349798     11.22284645      4.21790329
4702  625       -30.84318105     11.18608996      4.15114824
4703  625       -30.83272284     11.14267910      4.06211546
4704  625       -30.81151865     11.13209467      3.96984888
4705  625       -30.78112847     11.15103661      3.87360801
4706  625       -30.75346723     11.18517602      3.77909077
4707  625       -30.71108566     11.23126667      3.70747046
4708  625       -30.64952989     11.27633040      3.67734336
4709  625       -30.58866761     11.31319973      3.68056494
4710  625       -30.54921566     11.33737947      3.69029222
4711  625       -30.50877752     11.34585842      3.68683416
4712  625       -30.45442248     11.32007134      3.63510154
4713  625       -30.41477528     11.25935801      3.53032601
4714  625       -30.41047798     11.16499704      3.37316465
4715  625       -30.42528863     11.06916339      3.20817219
4716  625       -30.43292277     11.00063213      3.09445600
4717  625       -30.42364517     10.96576271      3.05426678
4718  625       -30.39677009     10.95634410      3.06335720
4719  625       -30.36659030     10.97259213      3.07681768
4720  625       -30.32269670     11.00519061      3.08028116
4721  625       -30.27337940     11.04702162      3.08257233
4722  625       -30.23675182     11.08434500      3.09580488
4723  625       -30.20666242     11.11179271      3.10270765
4724  625       -30.18187189     11.11042189      3.09646599
4725  625       -30.19292246     11.08133145      3.06638750
4726  625       -30.25211776     11.03061223      3.03191517
4727  625       -30.33126808     10.97106414      3.00013408
4728  625       -30.40707804     10.95088064      2.98347757
4729  625       -30.46009757     10.98514462      2.98040901
4730  625       -30.49422398     11.04124350      2.98313921
4731  625       -30.49837307     11.08486343      2.97850369
4732  625       -30.46702614     11.08040737      2.96006215
4733  625       -30.42098704     11.05458171      2.93402431
4734  625       -30.40377962     11.03192143      2.90530705
4735  625       -30.41336315     11.01247392      2.88362001
4736  625       -30.41102170     10.99796712      2.87874597
4737  625       -30.40766545     10.99172986      2.88288579
4738  625       -30.44868908     11.00787801      2.87399516
4739  625       -30.52069575     11.03686317      2.85921922
4740  625       -30.56110329     11.04744684      2.85605174
4741  625       -30.54616563     11.03608807      2.87722750
4742  625       -30.52056376     11.03978513      2.90303723
4743  625       -30.52043013     11.05962122      2.89497906
4744  625       -30.52962647     11.08790273      2.85931829
4745  625       -30.50992627     11.10187370      2.84146315
4746  625       -30.48245688     11.10840180      2.84657791
4747  625       -30.48436439     11.10386466      2.86445641
4748  625       -30.49620060     11.08373210      2.89522817
4749  625       -30.50613390     11.05849718      2.93943216
4750  625       -30.53230557     11.02890368      3.00076219
4751  625       -30.57785901     11.00967317      3.05095171
4752  625       -30.61103943     10.98997620      3.08909029
4753  625       -30.61701467     10.95813711      3.08326965
4754  625       -30.59982988     10.91826694      3.03936025
4755  625       -30.59382130     10.90990110      2.98652557
4756  625       -30.60163714     10.92290272      2.95416492
4757  625       -30.61087568     10.92603731      2.93037308
4758  625       -30.58506305     10.91197793      2.91930837
4759  625       -30.53319208     10.89387003      2.93619007
4760  625       -30.50310624     10.88502796      2.95259845
4761  625       -30.51722685     10.87210467      2.95639149
4762  625       -30.55866977     10.85397101      2.95516310
4763  625       -30.59652951     10.83964182      2.97389684
4764  625       -30.61015514     10.85979078      2.99905151
4765  625       -30.59127063     10.88918810      3.02603121
4766  625       -30.57422582     10.89475678      3.04873617
4767  625       -30.57811733     10.89071174      3.07512306
4768  625       -30.59603076     10.87185651      3.09703125
4769  625       -30.62515672     10.84203340      3.10866783
4770  625       -30.68156525     10.80103794      3.12626292
4771  625       -30.75828472     10.76719324      3.14129603
4772  625       -30.83777835     10.73994304      3.15488063
4773  625       -30.88308454     10.72096804      3.15895632
4774  625       -30.87885485     10.70627342      3.17002338
4775  625       -30.83699504     10.70344202      3.18084935
4776  625       -30.78568354     10.70633688      3.17851003
4777  625       -30.74870368     10.70296079      3.13969496
4778  625       -30.73978127     10.67594722      3.07863199
4779  625       -30.76104531     10.62795411      3.03001308
4780  625       -30.78829662     10.59352986      2.99927489
4781  625       -30.80088334     10.59330322      3.00318396
4782  625       -30.77414276     10.61633038      3.05698776
4783  625       -30.72769607     10.61639429      3.12498180
4784  625       -30.69945277     10.59865531      3.18709093
4785  625       -30.70706181     10.58876212      3.23019232
4786  625       -30.72131677     10.59207857      3.23087201
4787  625       -30.71604166     10.59921366      3.20355392
4788  625       -30.69640210     10.60268797      3.16292471
4789  625       -30.67530620     10.59892018      3.11664619
4790  625       -30.66377713     10.61331692      3.08252065
4791  625       -30.63803995     10.64343437      3.07156632
4792  625       -30.59417109     10.66463457      3.06867104
4793  625       -30.54901310     10.65815993      3.07916006
4794  625       -30.54153732     10.64319081      3.10327795
4795  625       -30.57074057     10.64410413      3.12172578
4796  625       -30.61567009     10.67267622      3.11138851
4797  625       -30.64577346     10.72555294      3.08163771
4798  625       -30.64782731     10.80460043      3.06679571
4799  625       -30.64787278     10.87245407      3.06499122
4800  625       -30.65271273     10.90434702      3.05159209
4801  625       -30.64649998     10.91256147      3.01232276
4802  625       -30.60564695     10.91370045      2.97412669
4803  625       -30.53287030     10.92220681      2.96176011
4804  625       -30.45658199     10.93705152      2.97546492
4805  625       -30.40916402     10.94912251      2.99373822
4806  625       -30.38349249     10.95569688      3.01129425
4807  625       -30.37116812     10.98973631      3.03301371
4808  625       -30.37052483     11.04508573      3.06825802
4809  625       -30.38585946     11.09445213      3.10375890
4810  625       -30.41927542     11.12528797      3.12184978
4811  625       -30.42585542     11.13499621      3.14486809
4812  625       -30.38506171     11.14876345      3.21222757
4813  625       -30.33045363     11.17322610      3.26416951
4814  625       -30.31012579     11.20826620      3.26327607
4815  625       -30.31635984     11.24867899      3.23310650
4816  625       -30.33110111     11.28650616      3.20917422
4817  625       -30.34658532     11.30586073      3.20327089
4818  625       -30.35917653     11.29604108      3.19502205
4819  625       -30.37365315     11.25033257      3.19616284
4820  625       -30.38289777     11.20096644      3.22524953
4821  625       -30.38289559     11.17563253      3.24985131
4822  625       -30.37300026     11.16611209      3.24761702
4823  625       -30.34284538     11.14054439      3.23792437
4824  625       -30.29375149     11.10617283      3.25724481
4825  625       -30.24922300     11.08032359      3.28409052
4826  625       -30.22397589     11.07228338      3.30228526
4827  625       -30.23653313     11.06172300      3.32079427
4828  625       -30.27300727     11.04512711      3.36159694
4829  625       -30.31096077     11.03146371      3.39994840
4830  625       -30.33653495     11.01100135      3.40591550
4831  625       -30.35889760     10.97589080      3.42634066
4832  625       -30.38033990     10.92064272      3.45219515
4833  625       -30.39806844     10.85487086      3.47369427
4834  625       -30.42144075     10.77877901      3.48837522
4835  625       -30.43671396     10.71991308      3.51213320
4836  625       -30.42665072     10.73377899      3.53256727
4837  625       -30.37734174     10.82356714      3.53390721
4838  625       -30.33023260     10.93791023      3.52759948
4839  625       -30.32105578     11.04538646      3.54373184
4840  625       -30.34871148     11.12617157      3.58427410
4841  625       -30.36268501     11.14328786      3.64701823
4842  625       -30.34345292     11.10570016      3.73941404
4843  625       -30.31820129     11.05226499      3.83149278
4844  625       -30.31303646     11.01901220      3.86568912
4845  625       -30.34077865     10.99591269      3.82787294
4846  625       -30.38541210     10.97449082      3.75068338
4847  625       -30.42131290     10.94901715      3.69341380
4848  625       -30.42177254     10.93261849      3.69490620
4849  625       -30.39794412     10.91886501      3.74090632
4850  625       -30.37322028     10.89709613      3.80301900
4851  625       -30.36364424     10.88127615      3.85786072
4852  625       -30.36028521     10.87469656      3.88261682
4853  625       -30.34611527     10.85373479      3.87475112
4854  625       -30.32491076     10.81751749      3.84604797
4855  625       -30.29773888     10.79511003      3.81888054
4856  625       -30.26106905     10.77893263      3.80386218
4857  625       -30.23581232     10.74444699      3.78691728
4858  625       -30.20899423     10.70244018      3.75277067
4859  625       -30.17178878     10.69011388      3.71724313
4860  625       -30.13937182     10.70643709      3.71779362
4861  625       -30.12395579     10.71649110      3.75267500
4862  625       -30.12266057     10.71386285      3.79834673
4863  625       -30.12225419     10.73166997      3.82996708
4864  625       -30.09385322     10.77246577      3.83037968
4865  625       -30.03988462     10.84928126      3.82645681
4866  625       -30.00739519     10.96350435      3.82662196
4867  625       -30.02219377     11.07628565      3.81666774
4868  625       -30.06348582     11.15551404      3.78545104
4869  625       -30.07905735     11.21334424      3.73426115
4870  625       -30.04771273     11.28097406      3.69179217
4871  625       -29.98813054     11.36277467      3.66262202
4872  625       -29.92805612     11.42478381      3.63990921
4873  625       -29.88865428     11.44911138      3.60686970
4874  625       -29.87001710     11.44394332      3.56491732
4875  625       -29.86786883     11.45949037      3.50348031
4876  625       -29.87135750     11.51698959      3.44106907
4877  625       -29.87831022     11.60118329      3.41263216
4878  625       -29.88230015     11.65863879      3.40692853
4879  625       -29.88064914     11.67205953      3.39271011
4880  625       -29.87605365     11.66254043      3.34035494
4881  625       -29.87365319     11.65094588      3.26500467
4882  625       -29.87823765     11.65204733      3.20544418
4883  625       -29.89342551     11.66398284      3.16770513
4884  625       -29.91144059     11.68498289      3.14940155
4885  625       -29.92202458     11.70600309      3.13939403
4886  625       -29.92824691     11.73846159      3.12255933
4887  625       -29.91906975     11.77730426      3.11144331
4888  625       -29.88563134     11.82037837      3.10973113
4889  625       -29.83982040     11.84273274      3.10034529
4890  625       -29.81438169     11.83920928      3.05445582
4891  625       -29.81513709     11.82016317      2.97587062
4892  625       -29.83241700     11.80151054      2.88045258
4893  625       -29.82909980     11.78226933      2.80321640
4894  625       -29.78469615     11.74512216      2.76017788
4895  625       -29.72203693     11.71084860      2.73154418
4896  625       -29.67734753     11.70741422      2.70085847
4897  625       -29.67151661     11.73912289      2.67239519
4898  625       -29.67589088     11.79061189      2.66243372
4899  625       -29.65979060     11.84081508      2.66098515
4900  625       -29.63646029     11.84253048      2.65024242
4901  625       -29.61869120     11.79109245      2.63395308
4902  625       -29.60196650     11.72099211      2.61182541
4903  625       -29.56542153     11.65783102      2.57940734
4904  625       -29.52184216     11.63434900      2.55684597
4905  625       -29.46864267     11.64786600      2.55938577
4906  625       -29.43219402     11.68417807      2.58898973
4907  625       -29.43138954     11.71302655      2.62923734
4908  625       -29.46443842     11.73925136      2.65347413
4909  625       -29.50104227     11.77188072      2.66129920
4910  625       -29.54167371     11.78893056      2.67580756
4911  625       -29.57523389     11.75638746      2.71064022
4912  625       -29.57562731     11.68371230      2.76605413
4913  625       -29.54781058     11.60106259      2.82492667
4914  625       -29.53431417     11.52471629      2.86341647
4915  625       -29.56984486     11.47914927      2.87366258
4916  625       -29.63102302     11.46401436      2.85967031
4917  625       -29.68738708     11.49874035      2.85287245
4918  625       -29.73832580     11.55383825      2.88269345
4919  625       -29.79720060     11.56815872      2.93099192
4920  625       -29.87391510     11.53577114      2.97484121
4921  625       -29.96496133     11.48511603      3.02261450
4922  625       -30.05249171     11.44646634      3.06829452
4923  625       -30.11960302     11.41129899      3.09966957
4924  625       -30.16150978     11.38176856      3.12646798
4925  625       -30.18215985     11.36075052      3.15439384
4926  625       -30.20332530     11.34532324      3.17233075
4927  625       -30.22306975     11.33635310      3.15724115
4928  625       -30.23526824     11.36022848      3.14159868
4929  625       -30.24042678     11.38564365      3.13061937
4930  625       -30.23186848     11.38811408      3.10863102
4931  625       -30.20685652     11.37548984      3.07321486
4932  625       -30.15709623     11.36527753      3.05790584
4933  625       -30.08977570     11.34594628      3.07776191
4934  625       -30.02121166     11.31432238      3.11631215
4935  625       -29.95306200     11.29422047      3.13750712
4936  625       -29.88714270     11.29597346      3.12335669
4937  625       -29.85986322     11.31948420      3.08024056
4938  625       -29.86344930     11.34670557      3.04030883
4939  625       -29.86534445     11.37936862      3.02179585
4940  625       -29.85066011     11.42160992      3.01208453
4941  625       -29.81072639     11.47049162      3.00820260
4942  625       -29.76019819     11.51348121      3.00205608
4943  625       -29.71382884     11.52578727      2.97814251
4944  625       -29.67189434     11.50227278      2.92602828
4945  625       -29.62168105     11.45927876      2.86814171
4946  625       -29.56098809     11.41430192      2.83258936
4947  625       -29.49048180     11.40453713      2.82962323
4948  625       -29.41764873     11.43107051      2.85689192
4949  625       -29.35052087     11.47633857      2.90812001
4950  625       -29.30381098     11.53230125      2.96567537
4951  625       -29.29505580     11.59147727      3.01994320
4952  625       -29.32120726     11.64560603      3.06761875
4953  625       -29.37010535     11.67076002      3.10808635
4954  625       -29.40884453     11.67100619      3.15321420
4955  625       -29.42041672     11.66104363      3.20384909
4956  625       -29.42742660     11.66255175      3.25901122
4957  625       -29.45054411     11.67775114      3.32835066
4958  625       -29.49228394     11.70415740      3.39944961
4959  625       -29.53822949     11.75822617      3.45059498
4960  625       -29.57786854     11.82542502      3.47273191
4961  625       -29.61977935     11.87230268      3.47631072
4962  625       -29.66831168     11.90788868      3.48042044
4963  625       -29.69218026     11.94382208      3.49783631
4964  625       -29.68490621     11.96609914      3.54192153
4965  625       -29.66418271     11.97135151      3.60344134
4966  625       -29.63867849     11.97931276      3.64381879
4967  625       -29.62955774     11.99459122      3.66083836
4968  625       -29.63815846     12.01465071      3.69055416
4969  625       -29.64271656     12.05629243      3.74228234
4970  625       -29.61033405     12.11586234      3.82585398
4971  625       -29.55866915     12.16169373      3.91420678
4972  625       -29.53848704     12.17455063      3.96556504
4973  625       -29.55279353     12.16116134      3.96539903
4974  625       -29.56058299     12.13399608      3.93461039
4975  625       -29.54981541     12.12924114      3.89658550
4976  625       -29.53975521     12.15264173      3.87287317
4977  625       -29.53216535     12.19856741      3.86485889
4978  625       -29.53124938     12.24433551      3.84231475
4979  625       -29.55496902     12.26344448      3.79074986
4980  625       -29.60006974     12.26989971      3.72190888
4981  625       -29.62319663     12.26929553      3.66567762
4982  625       -29.61109701     12.24932658      3.63668671
4983  625       -29.57740606     12.20686182      3.62353705
4984  625       -29.55073436     12.17137682      3.60439645
4985  625       -29.53719867     12.15250418      3.59369778
4986  625       -29.52748818     12.15993048      3.60192961
4987  625       -29.52252933     12.19579449      3.60753172
4988  625       -29.52375455     12.24038066      3.58983597
4989  625       -29.52410792     12.27421779      3.53312009
4990  625       -29.52576776     12.29415202      3.45645012
4991  625       -29.51327361     12.31604420      3.39089757
4992  625       -29.48552974     12.34607006      3.37026937
4993  625       -29.45343082     12.36383261      3.38254917
4994  625       -29.44607090     12.35407882      3.38719013
4995  625       -29.47121071     12.34360453      3.36049453
4996  625       -29.50770606     12.34186571      3.32126907
4997  625       -29.55312381     12.36106895      3.28907146
4998  625       -29.59439622     12.39953351      3.27154050
4999  625       -29.65928539     12.44991368      3.24795501
5000  625       -29.73022074     12.49837436      3.19866285
