Tau,dtime,msd_xx,msd_xy,msd_xz,msd_yy,msd_yz,msd_zz,pred_msd_xx,pred_msd_yy,pred_msd_zz,xx_error,yy_error,zz_error
1.0,0.01,0.25037634832655364,0.019715336042634635,-0.0008629519926479676,0.18406340305410793,-0.0002534550345162557,0.0034858078130432196,-2.704285712980754,-0.14031056550288326,0.4871001955995159,2.9546620613073076,0.3243739685569912,-0.4836143877864727
2.0,0.02,0.33331442577417536,0.041633967726658616,-0.0034296271314737965,0.3349210812344507,-0.0003756482801736312,0.009569649696035479,-2.529480464038156,0.026900476233471304,0.4931491069401097,2.8627948898123314,0.3080206050009794,-0.48357945724407425
3.0,0.03,0.4799534158150452,0.05953612219305836,-0.0031245577911699113,0.5598822256452309,-0.0011492309560680617,0.017412070534813955,-2.3546752150955577,0.19411151796982584,0.4991980182807035,2.834628630910603,0.3657707076754051,-0.4817859477458895
4.0,0.04,0.5525647939087351,0.08022156464694574,-0.004039199777192885,0.6782490870246611,-0.00010699128275304063,0.02626256879055599,-2.1798699661529595,0.36132255970618044,0.5052469296212974,2.7324347600616945,0.3169265273184807,-0.47898436083074136
5.0,0.05,0.8096682939675828,0.10109278518147112,-0.004726109556874227,0.8515814277058023,-0.0011736103268929737,0.03532049579783588,-2.0050647172103617,0.528533601442535,0.5112958409618911,2.8147330111779443,0.3230478262632672,-0.4759753451640552
6.0,0.06,0.9711707596140546,0.12148083338218815,-0.0066971694662520025,1.0253120652574221,-0.0044067304310421804,0.044791263455336384,-1.8302594682677635,0.6957446431788895,0.5173447523024849,2.801430227881818,0.3295674220785326,-0.4725534888471485
7.0,0.07,0.9807873136070245,0.14370645386649558,-0.007629140203688585,1.0728074115869617,0.0020665720025000237,0.05453457063599363,-1.6554542193251653,0.8629556849152443,0.5233936636430787,2.63624153293219,0.20985172667171736,-0.46885909300708506
8.0,0.08,1.117259061412376,0.16922758547110706,-0.00750754271967492,1.3730030550857562,-0.0011681496937643054,0.06508757812438878,-1.4806489703825672,1.0301667266515988,0.5294425749836725,2.597908031794943,0.34283632843415734,-0.4643549968592837
9.0,0.09,1.4452766398775754,0.2145898965268737,-0.017740895314184754,1.4039632487089584,-0.004501792143147883,0.07341506924685914,-1.3058437214399692,1.1973777683879532,0.5354914863242664,2.7511203613175446,0.2065854803210052,-0.4620764170774072
10.0,0.1,1.627463755658334,0.21709032793202224,-0.013161171125861426,1.72555495984413,0.0025053320737674412,0.08659653653522936,-1.131038472497371,1.364588810124308,0.5415403976648602,2.758502228155705,0.360966149719822,-0.4549438611296308
11.0,0.11,1.5475121630671724,0.24322902972495616,-0.02047585143177796,1.7056153456965657,0.002694261989068266,0.09417892908486114,-0.9562332235547728,1.5317998518606624,0.547589309005454,2.5037453866219455,0.17381549383590333,-0.45341037992059285
12.0,0.12,1.692374718130388,0.2739294729195625,-0.022265430273165212,2.0770005657055934,7.199675865475946e-05,0.1063286744474035,-0.7814279746121748,1.6990108935970167,0.5536382203460477,2.473802692742563,0.3779896721085767,-0.4473095458986442
13.0,0.13,1.8626594306735669,0.28195666012798637,-0.014801599255534275,2.0336763025340585,-0.012372240211868007,0.11982301986332831,-0.6066227256695766,1.8662219353333716,0.5596871316866416,2.4692821563431435,0.16745436720068696,-0.4398641118233133
14.0,0.14,1.9874088894655195,0.27413486972883866,-0.020779040390652048,2.17994253414007,0.020283546488309018,0.1323549277745862,-0.43181747672697846,2.0334329770697264,0.5657360430272353,2.4192263661924978,0.14650955707034363,-0.4333811152526491
15.0,0.15,2.457779062090756,0.3318639833641873,-0.0346569429060533,2.6168562321118856,-0.0055938211646406515,0.14402585700914455,-0.2570122277843807,2.2006440188060803,0.5717849543678292,2.7147912898751367,0.41621221330580527,-0.4277590973586846
16.0,0.16,2.2517871924037345,0.3310880503258127,-0.019934906462306536,2.528963031830022,-0.0034848036745180606,0.158672530472569,-0.08220697884178207,2.367855060542435,0.577833865708423,2.3339941712455166,0.1611079712875867,-0.41916133523585397
17.0,0.17,2.3981169908484525,0.3401691540294402,-0.031174368002249382,2.6634809863873117,0.015268190421860593,0.17080812528216485,0.09259827010081612,2.53506610227879,0.5838827770490168,2.3055187207476364,0.12841488410852175,-0.413074651766852
18.0,0.18,2.9620554249427213,0.4232897015170227,-0.06336671195298606,2.8419965005797634,-0.018289614745402277,0.17937528077502193,0.26740351904341386,2.7022771440151443,0.5899316883896106,2.6946519058993075,0.1397193565646191,-0.41055640761458867
19.0,0.19,2.7114542960942503,0.4305473742990733,-0.040571446832642646,3.0120283894290587,-0.008328390573365888,0.18373614623799217,0.44220876798601205,2.8694881857514987,0.5959805997302045,2.269245528108238,0.14254020367756004,-0.4122444534922123
20.0,0.2,2.8587294403996872,0.46607789417646783,-0.04636526385993021,3.5169495803337862,-0.02135249343041801,0.19977102486295326,0.6170140169286102,3.0366992274878535,0.6020295110707983,2.241715423471077,0.48025035284593276,-0.402258486207845
21.0,0.21,2.9938920034222427,0.45160197151667103,-0.05602890255341033,3.3169674902000037,0.0063609499993253545,0.21654826506659422,0.791819265871208,3.203910269224208,0.608078422411392,2.2020727375510347,0.11305722097579585,-0.3915301573447978
22.0,0.22,3.116236620169713,0.8788115141762722,-0.12450736041776882,3.534637062487218,0.02056494504445442,0.2424205287746134,0.9666245148138066,3.3711213109605627,0.6141273337519858,2.1496121053559065,0.16351575152665543,-0.3717068049773724
23.0,0.23,3.134396239254493,0.4384746537591179,-0.018158449599898853,3.6176835933149745,0.018218982793984376,0.2318065028151659,1.1414297637564044,3.538332352696917,0.6201762450925796,1.9929664754980885,0.07935124061805743,-0.3883697422774137
24.0,0.24,3.438420786655834,0.5365091283830908,-0.06637625418753103,4.205998803766495,0.017443755990353776,0.24850698584798275,1.3162350126990026,3.7055433944332714,0.6262251564331734,2.1221857739568315,0.5004554093332239,-0.3777181705851907
25.0,0.25,3.5504819514263652,1.0688098901673513,-0.1311943058658962,4.025066668614599,-0.03532368225487922,0.27593400361557624,1.4910402616416008,3.8727544361696262,0.6322740677737673,2.0594416897847645,0.15231223244497283,-0.356340064158191
26.0,0.26,3.6765425617623997,1.1092267353366052,-0.1512116714028014,4.216601595744792,-0.01190476972358138,0.292659999063122,1.665845510584199,4.039965477905981,0.6383229791143611,2.0106970511782007,0.17663611783881095,-0.3456629800512391
27.0,0.27,3.8388618524509726,0.5815882768804377,-0.05031082284712806,4.282083149548455,0.059623957513193375,0.2977469200562374,1.8406507595267971,4.207176519642336,0.6443718904549549,1.9982110929241754,0.07490662990611874,-0.34662497039871754
28.0,0.28,3.812166772415339,0.479900510652903,0.021303749925456486,4.424944047165284,0.053680138020833205,0.30716600618695883,2.0154560084693953,4.374387561378691,0.6504208017955487,1.7967107639459439,0.05055648578659344,-0.3432547956085899
29.0,0.29,4.133532637815334,0.6605293908614891,-0.08652344192060751,4.625244595684124,-0.0021025499593567,0.3085758054405095,2.1902612574119926,4.541598603115045,0.6564697131361426,1.943271380403341,0.08364599256907912,-0.34789390769563305
30.0,0.3,4.70087756297074,0.6101701031080832,-0.019121957556986036,5.284978139487032,-0.022045496937859264,0.3308741487546934,2.365066506354591,4.7088096448513985,0.6625186244767363,2.3358110566161496,0.5761684946356338,-0.33164447572204286
31.0,0.31,4.316765448978887,1.162761992796598,-0.13854487684059424,5.00419447896451,-0.040756336977630196,0.3777374648364464,2.539871755297189,4.876020686587753,0.6685675358173301,1.7768936936816981,0.12817379237675652,-0.2908300709808837
32.0,0.32,4.585075757126185,0.7540226448863235,-0.03381869856959163,5.192023933483881,-0.021587569887928655,0.3646839545522974,2.714677004239788,5.043231728324108,0.6746164471579239,1.8703987528863966,0.14879220515977298,-0.3099324926056265
33.0,0.33,4.72437445551374,1.4091622757387898,-0.20881393109888313,5.369310833153049,-0.061219801501601896,0.3874696531511982,2.8894822531823863,5.210442770060463,0.6806653584985177,1.8348922023313534,0.15886806309258628,-0.29319570534731954
34.0,0.34,4.503310678742958,0.5779722099663177,0.031827309060761616,5.443670160804768,-0.020922600664445394,0.38009013772910594,3.0642875021249845,5.377653811796818,0.6867142698391115,1.4390231766179733,0.06601634900794995,-0.3066241321100056
35.0,0.35,4.896419540788032,1.3306494044730832,-0.12661727024814015,5.706662203599655,-0.07467361236358729,0.43060573953902526,3.2390927510675818,5.544864853533172,0.6927631811797054,1.6573267897204502,0.16179735006648333,-0.2621574416406801
36.0,0.36,4.918641206653094,0.7902875833502949,-0.07423983661868389,5.798362590771131,-0.009612987345298816,0.37923787297819145,3.41389800001018,5.7120758952695265,0.6988120925202992,1.5047432066429138,0.08628669550160417,-0.31957421954210774
37.0,0.37,4.920306053697773,0.6196800062036228,0.021248641122789357,5.871613064034096,-0.007828757678552569,0.4146115054538935,3.588703248952778,5.879286937005881,0.7048610038608929,1.3316028047449953,-0.007673872971785123,-0.2902494984069994
38.0,0.38,5.141968140355986,0.7329882801869946,-0.007099486587772221,6.088995197264185,0.02582350396042034,0.4159967725742931,3.7635084978953763,6.046497978742235,0.7109099152014868,1.3784596424606095,0.042497218521949875,-0.2949131426271937
39.0,0.39,5.354605544199143,0.8805542759649091,-0.06285906910012104,6.2943872166310815,0.030933959058085495,0.41092721448542835,3.9383137468379745,6.21370902047859,0.7169588265420805,1.4162917973611684,0.08067819615249139,-0.3060316120566522
40.0,0.4,5.655923824544904,1.623177181026058,-0.18346453717801697,7.217726386575409,-0.07723137227761838,0.4607209143908795,4.113118995780573,6.380920062214945,0.7230077378826744,1.5428048287643312,0.836806324360464,-0.2622868234917949
41.0,0.41,5.754923294544211,1.5590671910205727,-0.11837048003074857,6.714861374900758,-0.03531146665865793,0.5095551525307104,4.28792424472317,6.548131103951299,0.7290566492232682,1.466999049821041,0.16673027094945958,-0.2195014966925578
42.0,0.42,6.020344493247983,1.8003789199734357,-0.25927881754137205,6.940767719988156,-0.02548390075394593,0.5094579463143238,4.462729493665768,6.715342145687654,0.735105560563862,1.5576149995822144,0.2254255743005027,-0.22564761424953816
43.0,0.43,5.937217913887417,0.8779860803443902,-0.027248214422093478,6.909959673060563,0.02972423760487698,0.460513795330895,4.637534742608366,6.8825531874240085,0.7411544719044558,1.2996831712790504,0.027406485636554123,-0.28064067657356084
44.0,0.44,6.085359080828759,1.5762034188880523,-0.15412873403187602,7.025766334458461,-0.08778016320741902,0.46933680958160107,4.8123399915509655,7.049764229160363,0.7472033832450495,1.2730190892777937,-0.02399789470190239,-0.27786657366344847
45.0,0.45,7.169441571394609,0.9463226814352171,-0.10952524802706436,7.220300455894575,0.007515022887092072,0.4883905254689835,4.987145240493564,7.216975270896718,0.7532522945856435,2.1822963309010452,0.003325184997857278,-0.26486176911666
46.0,0.46,6.329579685049728,0.8191683411336768,-0.08582650486002473,7.245467011449488,-0.04109715582067325,0.48117222109593644,5.161950489436161,7.384186312633072,0.7593012059262372,1.167629195613567,-0.1387193011835839,-0.27812898483030074
47.0,0.47,7.134523716962784,1.6479370785706757,-0.1775100290758194,7.558323182422673,0.024784334546760753,0.5649155861098055,5.336755738378758,7.551397354369426,0.765350117266831,1.7977679785840257,0.006925828053247152,-0.20043453115702548
48.0,0.48,6.7884843983609136,1.9574767812264207,-0.2688799736190765,7.9538468171728045,-0.05480607840696124,0.5672811408890495,5.511560987321357,7.718608396105781,0.7713990286074248,1.2769234110395562,0.23523842106702375,-0.20411788771837536
49.0,0.49,6.918697472474778,2.041211300903798,-0.3479207990652009,8.051614672220007,-0.1043333880477683,0.5707798615389064,5.686366236263955,7.885819437842136,0.7774479399480186,1.2323312362108236,0.16579523437787103,-0.20666807840911228
50.0,0.5,6.594410808871462,1.7929699103531993,-0.11630409763953982,7.9853465370042045,0.03425867004230095,0.6030031116543972,5.861171485206554,8.05303047957849,0.7834968512886125,0.7332393236649084,-0.0676839425742859,-0.18049373963421522
51.0,0.51,6.897354286584957,0.9926650376851169,-0.004101789672382464,8.312463781087425,-0.06126232992999829,0.53308923084277,6.035976734149153,8.220241521314845,0.7895457626292063,0.8613775524358038,0.09222225977257992,-0.25645653178643624
52.0,0.52,6.874606792878609,1.8746481739292449,-0.1470292034269232,8.399547957994738,0.06792916369282478,0.5718093697997143,6.21078198309175,8.3874525630512,0.7955946739698001,0.6638248097868589,0.01209539494353784,-0.2237853041700858
53.0,0.53,7.515408928013202,2.2108914897781102,-0.38082041641570424,8.675203335081987,-0.15322038991241319,0.6171016377161214,6.385587232034349,8.554663604787555,0.8016435853103939,1.129821695978853,0.12053973029443199,-0.18454194759427256
54.0,0.54,7.861271268078887,2.4009331909233067,-0.3518689421354528,9.083245220112918,-0.050135205437443764,0.6238087971224581,6.5603924809769465,8.72187464652391,0.8076924966509877,1.300878787101941,0.36137057358900826,-0.18388369952852968
55.0,0.55,7.860942310339586,2.3199652543394227,-0.1743100603444876,8.94639642885873,-0.04964501797288515,0.6791303822173431,6.735197729919546,8.889085688260264,0.8137414079915815,1.12574458042004,0.057310740598465415,-0.13461102577423834
56.0,0.56,7.4485261748598175,2.0469124709277517,-0.02979142586238712,9.257315342202276,0.008133822557046621,0.6819102940168649,6.910002978862143,9.05629672999662,0.8197903193321754,0.5385231959976746,0.2010186122056563,-0.13788002531531052
57.0,0.57,8.00481258952938,1.2957679569606566,-0.13681275906009227,9.470648794993915,-0.03695192559757594,0.608518540843326,7.08480822780474,9.223507771732972,0.8258392306727691,0.9200043617246392,0.24714102326094256,-0.21732068982944308
58.0,0.58,8.472377913108408,2.2924776881647477,-0.33367676371077937,9.463261718010719,-0.2336634835748037,0.7160667710775604,7.2596134767473375,9.390718813469327,0.8318881420133629,1.2127644363610708,0.07254290454139145,-0.11582137093580247
59.0,0.59,8.229590468792853,1.0296772874245397,-0.03241663719043555,9.192221570534274,-0.10979777198424323,0.6439109485295824,7.434418725689937,9.55792985520568,0.8379370533539567,0.7951717431029168,-0.36570828467140615,-0.19402610482437432
60.0,0.6,8.220844112303306,2.3190942540819233,-0.22772892100797099,10.766913692696821,-0.1922282552099815,0.6442909064174127,7.609223974632534,9.725140896942035,0.8439859646945505,0.611620137670772,1.0417727957547864,-0.19969505827713774
61.0,0.61,8.709170412115327,2.625598121077524,-0.2860586530572341,10.198331386046963,-0.16476779297362157,0.7476097650093703,7.784029223575133,9.89235193867839,0.8500348760351444,0.9251411885401941,0.3059794473685731,-0.10242511102577412
62.0,0.62,8.868888829700394,2.3965710256889956,-0.3423153796228707,10.023421973226618,-0.3415214212510143,0.7618521441971521,7.95883447251773,10.059562980414745,0.8560837873757381,0.9100543571826636,-0.036141007188126295,-0.09423164317858601
63.0,0.63,9.025601979417429,2.526378855223349,-0.2732328722567893,10.401699809848116,-0.12863838631234265,0.758628601747059,8.13363972146033,10.2267740221511,0.862132698716332,0.8919622579570987,0.17492578769701694,-0.10350409696927299
64.0,0.64,9.391309146223588,2.9120727499544796,-0.3173138899441783,10.794891874178447,-0.1645777600917917,0.7204833707585886,8.308444970402928,10.393985063887454,0.8681816100569257,1.08286417582066,0.4009068102909925,-0.14769823929833714
65.0,0.65,8.995165661132376,2.5252247931137592,-0.19257893662039902,10.739052356385244,-0.00432292693394494,0.7320240663172783,8.483250219345525,10.561196105623809,0.8742305213975197,0.5119154417868508,0.17785625076143496,-0.14220645508024132
66.0,0.66,9.304216863876592,2.623036885626846,-0.2676572595723137,10.946333060829655,-0.19795875937694846,0.7558104060195608,8.658055468288126,10.728407147360164,0.8802794327381134,0.6461613955884662,0.2179259134694913,-0.12446902671855253
67.0,0.67,9.754853691317123,2.7711522079451885,-0.3335857423506155,12.100216826049286,-0.3959856333170042,0.7678413035906791,8.832860717230723,10.895618189096519,0.8863283440787072,0.9219929740864004,1.2045986369527668,-0.11848704048802805
68.0,0.68,9.095649972093847,2.2974162676841954,-0.05247781163611339,10.91779663474439,-0.336030379284279,0.885042839787111,9.00766596617332,11.062829230832874,0.892377255419301,0.0879840059205268,-0.14503259608848396,-0.007334415632190061
69.0,0.69,9.43110459235185,1.3563609642186067,0.0709802406219243,11.32446863588249,-0.0904985395325115,0.8118089822428399,9.182471215115918,11.230040272569227,0.8984261667598947,0.24863337723593304,0.09442836331326276,-0.0866171845170548
70.0,0.7,9.503950974472119,2.724830666608127,-0.06827937146510873,11.705592159406883,0.002822955622505984,0.7801536422890117,9.357276464058515,11.397251314305581,0.9044750781004887,0.1466745104136038,0.3083408451013021,-0.12432143581147692
71.0,0.71,10.384619568710345,3.1262504482306155,-0.39801932869234835,11.634045914323652,-0.2042679659632015,0.8711476571869037,9.532081713001112,11.564462356041936,0.9105239894410824,0.8525378557092331,0.0695835582817157,-0.03937633225417869
72.0,0.72,10.066552147940294,1.4244007678088806,-0.10526547822816971,11.710367213400993,-0.07880762323300017,0.7826892973475569,9.706886961943713,11.731673397778291,0.9165729007816762,0.35966518599658137,-0.021306184377298365,-0.1338836034341193
73.0,0.73,9.905537224073608,2.676946075691226,-0.17884426470863535,11.715192714035977,-0.09239157157349971,0.8756248543133712,9.88169221088631,11.898884439514646,0.92262181212227,0.023845013187298036,-0.18369172547866874,-0.04699695780889879
74.0,0.74,9.955316528114949,2.6258562725172454,-0.10472197611027474,12.031937087336527,-0.038403521803629694,0.7914363077746251,10.056497459828908,12.066095481251,0.9286707234628638,-0.1011809317139587,-0.03415839391447406,-0.1372344156882387
75.0,0.75,10.554293471480914,2.86670834936737,-0.3318515773883484,12.414448819022192,-0.24340793927024904,0.920270743546473,10.231302708771505,12.233306522987355,0.9347196348034577,0.3229907627094093,0.181142296034837,-0.014448891256984675
76.0,0.76,10.30758912302084,2.8090228225600065,-0.02777690247997298,12.239703230379002,-0.2700511145899828,0.9020337091379677,10.406107957714106,12.400517564723708,0.9407685461440515,-0.09851883469326594,-0.16081433434470682,-0.03873483700608382
77.0,0.77,10.597822289520451,2.685044448740006,-0.3149940639022875,12.320598891662597,-0.20422740601243203,0.8425290355340633,10.580913206656703,12.567728606460063,0.9468174574846453,0.016909082863747926,-0.2471297147974667,-0.10428842195058197
78.0,0.78,10.87116359062626,3.1492170294897517,-0.3087801666627724,12.688851066362439,-0.047488442265266904,0.9556050655038626,10.7557184555993,12.734939648196418,0.9528663688252391,0.11544513502695963,-0.04608858183397935,0.0027386966786234757
79.0,0.79,11.606256447879067,2.8586631058909644,0.05673430655499436,12.741469931880912,-0.1302880099295266,0.9223904190816552,10.930523704541901,12.902150689932773,0.9589152801658329,0.675732743337166,-0.16068075805186055,-0.03652486108417774
80.0,0.8,11.194359890250698,2.8789720445860865,-0.3122469862848092,12.983209985404624,-0.32028148779514265,0.8545213855033752,11.105328953484499,13.069361731669128,0.9649641915064266,0.08903093676619989,-0.08615174626450361,-0.11044280600305145
81.0,0.81,11.034476146503524,1.345400390526365,0.23242032883819752,12.824421501014458,-0.05496777167118702,1.0633409720874512,11.280134202427096,13.236572773405483,0.9710131028470206,-0.24565805592357215,-0.412151272391025,0.09232786924043057
82.0,0.82,12.014124832083372,3.4377987327116437,-0.3473721776182478,13.839554211037356,-0.028829821678766788,1.0066518976610659,11.454939451369693,13.403783815141836,0.9770620141876143,0.5591853807136786,0.4357703958955206,0.029589883473451595
83.0,0.83,11.738484727028089,3.4371016785059956,-0.37425890030736036,13.484961549648212,-0.08892856569102782,0.991376027972637,11.62974470031229,13.57099485687819,0.9831109255282081,0.10874002671579852,-0.08603330722997882,0.008265102444428907
84.0,0.84,11.339657992914269,3.1452766897925044,-0.0013498998627261252,13.911376212143063,-0.12630361341361465,0.9417774786675327,11.804549949254888,13.738205898614545,0.9891598368688019,-0.46489195634061886,0.17317031352851764,-0.04738235820126924
85.0,0.85,11.975295106980065,1.8014256006870113,-0.09076055870433608,13.820244490478292,0.02255419171751093,0.9344587955684455,11.979355198197489,13.9054169403509,0.9952087482093958,-0.004060091217423789,-0.08517244987260852,-0.06074995264095029
86.0,0.86,12.03637134754395,3.3334018580773956,-0.04928229548209644,13.78945338098136,-0.30289952983201285,0.908534153491378,12.154160447140086,14.072627982087255,1.0012576595499896,-0.11778909959613593,-0.28317460110589465,-0.09272350605861157
87.0,0.87,12.243642271394853,1.8607292707139773,-0.029405364266252124,14.150485151967388,0.06765395007005201,0.9445128800219184,12.328965696082683,14.23983902382361,1.0073065708905835,-0.0853234246878305,-0.0893538718562219,-0.06279369086866515
88.0,0.88,12.017766064005103,3.0586610274732338,-0.08879845521273426,14.406539901184436,-0.15715840218184948,0.9598446282464538,12.503770945025284,14.407050065559964,1.013355482231177,-0.4860048810201807,-0.0005101643755285323,-0.05351085398472322
89.0,0.89,12.491843357927209,3.291035730730165,-0.5093414963209936,14.530839832561895,-0.34426378467376556,0.9880106218632887,12.678576193967881,14.57426110729632,1.019404393571771,-0.18673283604067237,-0.04342127473442403,-0.03139377170848223
90.0,0.9,14.559126196018328,3.0723523893982296,-0.3813871510136107,14.68853782494245,0.18199210909812175,0.9763796311945778,12.853381442910479,14.741472149032674,1.0254533049123649,1.7057447531078491,-0.05293432409022358,-0.049073673717787036
91.0,0.91,13.76306817313317,1.7441458823365408,-0.07188656541277054,15.05556909691082,0.10887586940151806,1.0827071769311982,13.028186691853076,14.908683190769029,1.0315022162529586,0.7348814812800946,0.1468859061417902,0.05120496067823965
92.0,0.92,12.7396520214562,3.37898083804072,-0.16001217676358023,15.071230290748037,-0.12320311378729072,0.9543213333908127,13.202991940795673,15.075894232505382,1.0375511275935523,-0.4633399193394734,-0.004663941757344858,-0.08322979420273957
93.0,0.93,13.385486275131456,3.4877768143963066,-0.35275628383776336,15.280482250266346,-0.3548795728232894,1.2086280600445154,13.377797189738274,15.243105274241737,1.0436000389341462,0.007689085393181472,0.037376976024608766,0.16502802111036918
94.0,0.94,15.538562496624813,2.9969057161720287,-0.35597152359103423,15.144797274718762,-0.3812487012173425,0.9943941958281025,13.552602438680868,15.41031631597809,1.04964895027474,1.9859600579439451,-0.2655190412593278,-0.05525475444663741
95.0,0.95,12.978354353419233,3.400504763575134,0.023864517164624375,15.34695516417635,-0.2120131854289594,1.1888310721855853,13.727407687623469,15.577527357714445,1.0556978616153336,-0.7490533342042358,-0.23057219353809444,0.13313321057025163
96.0,0.96,14.046610033359581,3.7783395280353957,-0.870286000223098,15.539000298969045,-0.5427743675651056,1.08821359446994,13.902212936566066,15.7447383994508,1.0617467729559276,0.1443970967935151,-0.20573810048175467,0.026466821514012473
97.0,0.97,13.597222705800096,1.5828541203204602,0.10441896053654359,15.524824441864155,-0.17238701587209077,1.028699061865573,14.077018185508663,15.911949441187154,1.0677956842965215,-0.4797954797085673,-0.3871249993229995,-0.03909662243094858
98.0,0.98,13.813433433327411,3.653357437854553,-0.6615068696326759,15.975763243536527,-0.26337722055157153,1.1499292020328502,14.25182343445126,16.07916048292351,1.0738445956371152,-0.4383900011238495,-0.10339723938698242,0.076084606395735
99.0,0.99,13.690461386900692,3.691405838794815,-0.24389241345558763,16.397864339739535,-0.1940456997056481,1.039662822337488,14.426628683393862,16.246371524659864,1.079893506977709,-0.7361672964931696,0.1514928150796706,-0.04023068464022095
100.0,1.0,14.735794009836525,3.681090131961594,-0.060335145292015196,16.410642125463795,0.06370000081584465,1.2595644419229486,14.601433932336459,16.41358256639622,1.0859424183183028,0.13436007750006596,-0.002940440932423627,0.17362202360464574
101.0,1.01,15.247178196707198,4.34999660153481,-0.6973536360612739,17.190332135982995,-0.09202511070938725,1.1201351521636889,14.776239181279056,16.580793608132574,1.0919913296588968,0.47093901542814187,0.6095385278504217,0.028143822504792082
102.0,1.02,15.153703326026726,1.8382586237325482,0.33001823556505244,16.505054815935768,-0.15729867542955653,1.0690284563683097,14.951044430221657,16.74800464986893,1.0980402409994905,0.2026588958050688,-0.24294983393316016,-0.029011784631180815
103.0,1.03,14.24253607613169,1.3477301890472286,0.05714325640442411,16.64563578257302,-0.31874363692152424,1.2670204857413472,15.125849679164254,16.915215691605283,1.1040891523400842,-0.8833136030325637,-0.26957990903226303,0.16293133340126298
104.0,1.04,14.467291895004047,3.831775067190097,-0.503708153111834,17.463743147221862,0.23555079278121727,0.9970819400361663,15.300654928106852,17.082426733341638,1.1101380636806781,-0.8333630331028044,0.3813164138802243,-0.11305612364451179
105.0,1.05,15.639736654616064,3.581865216017246,0.05438390274359258,16.9721983071172,-0.27325596946106645,1.1682205978501956,15.475460177049449,17.249637775077993,1.116186975021272,0.1642764775666148,-0.277439467960793,0.05203362282892354
106.0,1.06,14.836534302884173,3.7770542164587906,-0.844668661805804,17.52483462607861,-0.40417846496978604,1.2674468576717375,15.65026542599205,17.416848816814348,1.1222358863618658,-0.8137311231078765,0.10798580926426382,0.1452109713098717
107.0,1.07,15.054528516816468,3.567328690887674,-0.3472577290045569,17.52388616459635,0.12244413175173285,1.13557116419239,15.825070674934647,17.584059858550702,1.1282847977024595,-0.7705421581181788,-0.06017369395435068,0.007286366489930529
108.0,1.08,15.391382163534239,4.0262332343800695,-0.07984286458712853,17.57858218493243,-0.16968463173590925,1.2228453689374768,15.999875923877244,17.751270900287057,1.1343337090430534,-0.6084937603430056,-0.17268871535462793,0.08851165989442333
109.0,1.09,15.751614097062799,3.3610631146564622,-0.08506970532890273,17.851351557707748,0.056549834526276946,1.4779882670771511,16.17468117281984,17.918481942023412,1.1403826203836471,-0.42306707575704294,-0.06713038431566432,0.337605646693504
110.0,1.1,16.115433985419056,3.4823796555788524,-0.16050311477763574,17.783348631888295,-0.1308918606498857,1.1923815789424994,16.349486421762442,18.085692983759767,1.1464315317242408,-0.23405243634338646,-0.30234435187147213,0.04595004721825857
111.0,1.11,15.186051469850183,3.403555114833339,-0.4552789169214702,18.101131028454134,0.10004144007426329,1.1633745013112862,16.52429167070504,18.25290402549612,1.1524804430648348,-1.338240200854857,-0.15177299704198788,0.010894058246451399
112.0,1.12,15.730786864086452,3.954422033039741,-0.08081011428610131,18.288206696763496,-0.38314472561825647,1.369568209143599,16.699096919647637,18.420115067232476,1.1585293544054287,-0.9683100555611848,-0.13190837046898096,0.2110388547381703
113.0,1.13,16.42111623831576,4.403027956288394,-0.44938281332097924,18.820057814910104,0.12252241386037722,1.262126891038038,16.87390216859023,18.587326108968828,1.1645782657460222,-0.45278593027446945,0.23273170594127635,0.09754862529201591
114.0,1.14,16.09625038150928,1.8740359872344572,0.08769153963487643,18.581041170117604,-0.14887189876510168,1.1895958395607718,17.04870741753283,18.754537150705183,1.1706271770866161,-0.9524570360235529,-0.1734959805875782,0.01896866247415563
115.0,1.15,16.939448796465918,1.0954428085669163,0.4227161121880568,18.39819489101783,-0.07358644057746658,1.3686113825721913,17.22351266647543,18.921748192441537,1.17667608842721,-0.2840638700095113,-0.523553301423707,0.19193529414498123
116.0,1.16,18.49282506321598,4.669755830259928,-0.5015547874686588,18.792041784758663,-0.39870426178046664,1.3137978428156043,17.398317915418026,19.088959234177892,1.1827249997678038,1.0945071477979553,-0.2969174494192295,0.13107284304780054
117.0,1.17,17.775688208245676,4.44072302722618,-0.21522247220671364,19.140955972748557,-0.32694816612818056,1.304871814642725,17.573123164360627,19.256170275914243,1.1887739111083975,0.20256504388504837,-0.11521430316568626,0.11609790353432747
118.0,1.18,17.23419604984684,3.664148399604296,0.22564111172978554,19.034413147410085,-0.3110659968565518,1.3507489401180477,17.747928413303224,19.4233813176506,1.1948228224489914,-0.5137323634563842,-0.38896817024051344,0.15592611766905629
119.0,1.19,17.004740549374333,3.617845007712858,0.2809027385314976,19.62644690641994,-0.02618158525279676,1.4370067644041657,17.92273366224582,19.590592359386953,1.2008717337895851,-0.9179931128714891,0.03585454703298652,0.23613503061458063
120.0,1.2,18.254040450956843,4.305235179689773,-0.2825096655495881,21.346132188413694,-0.73832961126013,1.2888648271331722,18.09753891118842,19.757803401123308,1.2069206451301788,0.15650153976842418,1.5883287872903864,0.08194418200299336
121.0,1.21,18.705776883429813,1.9342856141757552,0.325887303718213,19.58385460446631,-0.3194953500457261,1.268822117050518,18.27234416013102,19.925014442859663,1.2129695564707728,0.4334327232987931,-0.3411598383933523,0.0558525605797453
122.0,1.22,19.14540496048175,4.7731011331917985,-0.22112333951549504,19.796590300559078,-0.19031589728565484,1.281669990780854,18.447149409073617,20.092225484596018,1.2190184678113667,0.6982555514081312,-0.29563518403693934,0.06265152296948728
123.0,1.23,17.83129356778933,3.9416612500445494,0.08020947209382732,20.35660804645182,-0.29088593436841365,1.4448058653186184,18.621954658016215,20.259436526332372,1.2250673791519604,-0.7906610902268838,0.09717152011944918,0.21973848616665803
124.0,1.24,18.734145864079203,4.58737768614154,-0.10913944424901723,20.122682066002433,-0.6105076334103235,1.35999317418409,18.796759906958812,20.426647568068727,1.231116290492554,-0.06261404287960914,-0.30396550206629414,0.12887688369153594
125.0,1.25,18.881194834673604,4.617990590294407,-0.035495140127215746,20.610271689735857,-0.42813314076804676,1.2295372057203684,18.971565155901413,20.593858609805082,1.237165201833148,-0.09037032122780886,0.0164130799307749,-0.007627996112779645
126.0,1.26,18.529152084900073,4.680395204924239,-0.48694805561772514,20.833989421527534,-0.4006835601561113,1.2812770862756249,19.14637040484401,20.761069651541437,1.243214113173742,-0.6172183199439374,0.07291976998609684,0.03806297310188289
127.0,1.27,17.560381879253814,4.1638597396101265,-0.19267385496986014,20.94006828322528,-0.8344602134595085,1.3999098385400208,19.321175653786607,20.92828069327779,1.2492630245143357,-1.760793774532793,0.011787589947488186,0.15064681402568514
128.0,1.28,18.713366253608086,4.735052913536994,-0.7685119002271097,20.965791061059555,-0.08380775921480793,1.207825072796796,19.495980902729208,21.095491735014146,1.2553119358549294,-0.7826146491211219,-0.1297006739545914,-0.04748686305813332
129.0,1.29,18.399474511932567,1.397813836581659,-0.2812151292440886,20.707947536765314,0.14659611422431743,1.4175436021785353,19.670786151671805,21.2627027767505,1.2613608471955233,-1.2713116397392383,-0.5547552399851874,0.15618275498301193
130.0,1.3,19.841769022231883,4.389585243701579,0.05004829426546605,21.705342795338044,0.11417082969493637,1.3682899642044806,19.845591400614403,21.429913818486856,1.2674097585361173,-0.003822378382519531,0.27542897685118817,0.10088020566836331
131.0,1.31,19.064220840787122,3.8115178572043624,0.00876621195144154,21.490271220288037,0.07029175682979459,1.3614403421288694,20.020396649557,21.59712486022321,1.273458669876711,-0.9561758087698777,-0.10685363993517427,0.08798167225215847
132.0,1.32,21.089750542384166,5.192182301831044,-0.20623561046759692,22.359365709463503,-0.20135802618534288,1.3149070201838704,20.1952018984996,21.764335901959566,1.2795075812173047,0.8945486438845656,0.5950298075039377,0.03539943896656572
133.0,1.33,19.148723708110285,4.82457586538631,-0.4573130312172579,21.960352220443717,-0.13121411286377085,1.2682018004765938,20.370007147442198,21.93154694369592,1.2855564925578986,-1.2212834393319127,0.028805276747796427,-0.0173546920813048
134.0,1.34,18.719214104489183,4.307597646456906,-0.48158398930262064,24.17028070735374,-0.18959698529135943,1.4332664927758887,20.544812396384796,22.098757985432275,1.2916054038984923,-1.8255982918956128,2.0715227219214647,0.14166108887739637
135.0,1.35,19.367387969859998,2.218241604576612,-0.1985861354476828,21.882744647701713,-0.17626944944836256,1.4776012041379263,20.719617645327393,22.26596902716863,1.297654315239086,-1.3522296754673953,-0.3832243794669168,0.17994688889884025
136.0,1.36,19.93318003817612,3.9646403664544554,0.032715531998145156,21.988263541130316,-0.6332834778418464,1.774708511396431,20.894422894269994,22.433180068904985,1.30370322657968,-0.9612428560938753,-0.4449165277746694,0.47100528481675097
137.0,1.37,21.60705980426855,4.8709255230228665,-0.41407250211004026,22.949595760925916,-0.2503089784497428,1.3607734724780582,21.06922814321259,22.60039111064134,1.309752137920274,0.5378316610559608,0.3492046502845767,0.05102133455778435
138.0,1.38,19.871633408515745,1.7538917849871254,0.07515798501455204,22.78762344793911,0.3529251834868871,1.384516553420413,21.244033392155185,22.76760215237769,1.3158010492608674,-1.3723999836394398,0.020021295561420516,0.06871550415954553
139.0,1.39,19.601144598040456,4.304293186185513,-0.5749350829828345,23.42520960764997,0.3921801309298217,1.5983195206861531,21.418838641097782,22.934813194114046,1.3218499606014613,-1.817694043057326,0.49039641353592245,0.2764695600846918
140.0,1.4,21.013662540898483,4.1664718903763225,0.3893216866410577,22.94068525061004,0.24024676054856112,1.481793524756532,21.593643890040383,23.1020242358504,1.3278988719420552,-0.5799813491418995,-0.16133898524035928,0.15389465281447667
141.0,1.41,23.848763685145727,4.097931108459969,-0.05385650022876371,22.672860791882467,0.0817059496345601,1.837517209785262,21.76844913898298,23.269235277586755,1.333947783282649,2.0803145461627466,-0.5963744857042883,0.5035694265026129
142.0,1.42,21.480792121037055,5.380193127088831,-0.7043484706973431,22.8454510686206,-0.02908380296608546,1.6355865377593093,21.943254387925577,23.43644631932311,1.3399966946232427,-0.4624622668885223,-0.5909952507025089,0.2955898431360666
143.0,1.43,22.937755771050533,4.649408914374691,-0.7981246684853762,23.328276823817507,-0.7440801439774158,1.5430001418361405,22.11805963686818,23.603657361059465,1.3460456059638366,0.8196961341823545,-0.27538053724195777,0.19695453587230394
144.0,1.44,21.80282832971943,4.229976112272511,-0.14304343809526912,23.403159838355872,-0.12546458258428816,1.5286696027292908,22.292864885810776,23.77086840279582,1.3520945173044303,-0.4900365560913471,-0.3677085644399476,0.17657508542486045
145.0,1.45,20.40007314132516,1.534392095421023,0.23524867661032162,23.900051882591182,-0.0993349152631193,1.476762715484169,22.467670134753373,23.938079444532175,1.358143428645024,-2.0675969934282143,-0.03802756194099288,0.11861928683914491
146.0,1.46,20.62473123703842,4.523747326784652,-0.7318979141077755,23.709865085197958,-0.34574555207256813,1.5231386230285964,22.64247538369597,24.10529048626853,1.364192339985618,-2.0177441466575488,-0.3954254010705718,0.15894628304297842
147.0,1.47,22.434787939211837,4.80691352865467,-0.2922339517045546,23.672819833323672,-0.10440135094810472,1.3244321336549363,22.81728063263857,24.272501528004884,1.3702412513262119,-0.38249269342673387,-0.5996816946812125,-0.0458091176712756
148.0,1.48,21.060067479251362,4.831954685843366,-0.5531515513070419,24.2503377570005,0.2990550962593618,1.441823405726486,22.99208588158117,24.43971256974124,1.3762901626668056,-1.9320184023298062,-0.18937481274073775,0.06553324305968045
149.0,1.49,21.489251961036686,4.989891810554173,-0.685976387205638,24.400744399863687,0.4726940267581774,1.3556475250345847,23.166891130523766,24.606923611477594,1.3823390740073993,-1.6776391694870796,-0.2061792116139074,-0.02669154897281456
150.0,1.5,22.3405000009013,4.691583872351461,0.07306149937459944,24.747661006435305,-0.13628876568009352,1.6932186136442884,23.341696379466363,24.77413465321395,1.3883879853479932,-1.0011963785650622,-0.026473646778644166,0.30483062829629515
151.0,1.51,21.89818272899704,4.706111937635506,-0.4599767267271141,24.57747342332824,-0.18524073411009737,1.5488507513652643,23.516501628408964,24.9413456949503,1.3944368966885872,-1.6183188994119249,-0.3638722716220606,0.15441385467667712
152.0,1.52,22.87690507068944,4.566321667224439,-0.031641333020939286,24.723746925876554,-0.28563891927070706,1.7150995994543619,23.69130687735156,25.108556736686655,1.4004858080291809,-0.8144018066621221,-0.38480981081010057,0.314613791425181
153.0,1.53,24.059229348721203,5.54627692598338,-0.3373215540220908,25.529474378076916,0.08959822033403596,1.5405091652450822,23.86611212629416,25.27576777842301,1.4065347193697746,0.19311722242704477,0.2537065996539063,0.1339744458753076
154.0,1.54,21.395141702535568,4.112104785654481,-1.3242697890452617,24.843393936084407,-0.5953848951164772,1.422485775671815,24.04091737523676,25.442978820159365,1.4125836307103685,-2.645775672701191,-0.5995848840749574,0.00990214496144648
155.0,1.55,24.216404229783258,5.2393216071483355,-0.023540578499546515,25.690658931350644,-0.5457093392643984,1.8028485591224266,24.215722624179357,25.61018986189572,1.4186325420509625,0.0006816056039014029,0.08046906945492438,0.38421601707146413
156.0,1.56,21.617494372642273,4.253070159307606,-0.7478256928639794,25.0564586700407,0.21136075491929002,1.6033416294158453,24.390527873121954,25.777400903632074,1.4246814533915562,-2.7730335004796807,-0.7209422335913729,0.17866017602428919
157.0,1.57,24.490692359877738,5.090943889698406,0.18023050827219533,25.136046825394182,-0.20288412519646612,1.6231898857419358,24.56533312206455,25.94461194536843,1.4307303647321499,-0.0746407621868137,-0.8085651199742472,0.19245952100978592
158.0,1.58,23.99669020785622,5.06661309747294,0.02276591428322024,25.89102163508144,-0.09501210020754101,1.6982724195520387,24.740138371007152,26.111822987104784,1.4367792760727438,-0.7434481631509335,-0.2208013520233436,0.26149314347929487
159.0,1.59,22.924512623761252,4.589382348729196,-1.242348085103832,26.6521864982768,-0.17823962230125096,1.3492362066028174,24.91494361994975,26.27903402884114,1.4428281874133375,-1.990430996188497,0.37315246943566294,-0.09359198081052011
160.0,1.6,25.601506002817995,6.068985501842206,-0.22577009569693163,26.424595532786043,-0.16058281683289694,1.553454900274546,25.089748868892347,26.446245070577493,1.4488770987539312,0.5117571339256486,-0.021649537791450513,0.10457780152061469
161.0,1.61,22.51616936891413,4.158926650393954,-0.864116273268462,26.005349128549458,0.252563576969856,1.7185914314238697,25.264554117834948,26.613456112313848,1.4549260100945252,-2.7483847489208166,-0.6081069837643902,0.26366542132934456
162.0,1.62,25.74421639106164,4.877185105325483,0.01280465297209642,26.887081673176816,0.04487334819047661,1.7721678943782662,25.439359366777545,26.780667154050203,1.460974921435119,0.30485702428409667,0.10641451912661282,0.3111929729431471
163.0,1.63,23.694134433817986,2.9382636026755087,-0.32045634053263566,26.553410830564804,0.27174537242872615,1.2459888373707602,25.61416461572014,26.947878195786554,1.4670238327757126,-1.9200301819021526,-0.3944673652217503,-0.22103499540495242
164.0,1.64,25.006532461821113,4.493184195415618,-0.03299090358233373,26.970987499977884,0.45399672950870573,1.9155602193978123,25.788969864662736,27.11508923752291,1.4730727441163065,-0.782437402841623,-0.1441017375450251,0.4424874752815058
165.0,1.65,24.898574283247516,5.542545350468278,-0.9667920739043668,27.405654016870802,-0.4423424320557133,1.8368791652219858,25.963775113605337,27.282300279259264,1.4791216554569004,-1.0652008303578206,0.1233537376115379,0.35775750976508536
166.0,1.66,26.12801700135698,5.8666008068357245,-0.26106283324828666,27.409374251334544,-0.014384571832155442,1.6840503824866666,26.138580362547934,27.44951132099562,1.4851705667974942,-0.010563361190953913,-0.040137069661074776,0.19887981568917246
167.0,1.67,24.664352516042158,5.91255035001209,-0.8298989554631018,26.81866328610522,0.26544499406564537,1.499091532241068,26.31338561149053,27.616722362731974,1.4912194781380879,-1.6490330954483738,-0.7980590766267532,0.007872054102980197
168.0,1.68,26.013374940687875,5.189866296887716,0.15748219035403613,27.570157308702715,0.22279711422827148,1.6825590085996334,26.48819086043313,27.78393340446833,1.4972683894786818,-0.4748159197452537,-0.2137760957656134,0.18529061912095157
169.0,1.69,24.192673650103366,4.9188063036001735,-0.6027118454966061,27.682089444831448,-0.13648263106071007,1.7957334516383159,26.66299610937573,27.951144446204683,1.5033173008192755,-2.4703224592723636,-0.26905500137323557,0.2924161508190404
170.0,1.7,25.92236901046047,2.0926807684715216,0.30830478422858515,28.346534997234496,0.581509184660528,1.425376382792852,26.837801358318327,28.118355487941038,1.5093662121598694,-0.9154323478578554,0.22817950929345798,-0.08398982936701738
171.0,1.71,25.268741539122264,5.731114554059706,-0.34115184727239806,28.03441336390301,-0.2186116257508824,1.6631247309571615,27.012606607260924,28.285566529677393,1.5154151235004631,-1.7438650681386605,-0.25115316577438307,0.14770960745669837
172.0,1.72,25.658799154302592,4.583338909076461,-0.2423105148770339,27.21802359535966,-0.3949574053668363,1.6117421545320534,27.18741185620352,28.452777571413748,1.521464034841057,-1.5286127019009292,-1.2347539760540869,0.0902781196909963
173.0,1.73,24.31089699698386,4.5308524455442445,-0.5854827391562064,27.95781230583048,-0.9966831176384701,1.8504592888511036,27.362217105146122,28.619988613150102,1.5275129461816508,-3.051320108162262,-0.6621763073196227,0.32294634266945277
174.0,1.74,27.26407117040181,5.441519514536974,-0.02973092072001309,28.693497159925162,0.19147522293864858,1.705681245393816,27.53702235408872,28.787199654886457,1.5335618575222447,-0.27295118368691007,-0.09370249496129546,0.17211938787157122
175.0,1.75,27.218363605266152,6.78548668509314,-1.4917921669203518,29.97751075858961,0.020169334365855617,1.573312652291185,27.711827603031317,28.954410696622812,1.5396107688628384,-0.4934639977651649,1.0231000619667974,0.03370188342834668
176.0,1.76,27.54526089749155,4.965725992281435,0.09098362475649648,29.4234927706482,-0.04035467227277268,1.6237674669564917,27.886632851973918,29.121621738359167,1.5456596802034321,-0.34137195448236923,0.3018710322890321,0.07810778675305952
177.0,1.77,25.5184847508576,5.114532664747659,-1.047458625840653,27.684361610922647,-0.3431151641910618,1.6900889287503256,28.061438100916515,29.28883278009552,1.551708591544026,-2.542953350058916,-1.604471169172875,0.1383803372062995
178.0,1.78,26.50303271194614,4.606681655683557,-0.3167648939339446,29.534454201179432,-0.8471357806945955,1.7588180853917696,28.236243349859112,29.456043821831877,1.5577575028846198,-1.733210637912972,0.0784103793475559,0.20106058250714987
179.0,1.79,26.069565132499985,4.657988766213067,-0.7161585346899069,28.930336023077913,0.06014658537579951,1.6850713810398579,28.41104859880171,29.62325486356823,1.5638064142252137,-2.3414834663017245,-0.6929188404903179,0.12126496681464416
180.0,1.8,26.823573345030482,4.360531103635885,-0.44235387527610054,29.216156977798004,0.770105923833979,1.6736572045551812,28.58585384774431,29.790465905304586,1.5698553255658074,-1.7622805027138284,-0.574308927506582,0.10380187898937376
181.0,1.81,27.090336965396876,5.346832995517789,-0.5370172236549592,29.67025102639195,-0.3806334272952649,1.5802991276928398,28.760659096686908,29.95767694704094,1.5759042369064014,-1.6703221312900318,-0.2874259206489924,0.004394890786438399
182.0,1.82,29.376905342975835,5.761544501815184,-0.827227386750445,30.57358220533606,1.1153444746426242,1.7977458437105023,28.935464345629505,30.124887988777296,1.581953148246995,0.44144099734633,0.4486942165587635,0.2157926954635072
183.0,1.83,29.989220723618516,7.500476779220885,-0.42199614088493786,30.64693467772416,-0.24638782698152203,1.782880509095819,29.110269594572102,30.29209903051365,1.588002059587589,0.8789511290464134,0.35483564721051053,0.19487844950823008
184.0,1.84,27.01291928051557,5.616336377771147,-0.7869520789794201,30.00624380500349,0.33578621560516475,1.5541233068823674,29.2850748435147,30.459310072250002,1.5940509709281827,-2.2721555629991315,-0.45306626724651267,-0.03992766404581527
185.0,1.85,28.637842768157196,5.378501913663779,0.08484637214145146,30.808713176236935,-0.3289998357760176,2.0298028708560474,29.459880092457297,30.626521113986357,1.6000998822687766,-0.8220373243001013,0.1821920622505786,0.42970298858727074
186.0,1.86,29.462088073409703,6.2396741325147245,-1.4899753624103198,30.177714810160783,0.1438667705322403,1.6900327657076013,29.6346853413999,30.79373215572271,1.6061487936093704,-0.1725972679901986,-0.6160173455619287,0.08388397209823095
187.0,1.87,28.699781453258307,4.495766861386817,-0.6476693510835224,30.302369158010467,-0.27627593896120456,1.738614836753314,29.8094905903425,30.960943197459066,1.6121977049499643,-1.1097091370841916,-0.6585740394485988,0.1264171318033498
188.0,1.88,28.270539090772218,5.401250512744532,-0.46251535468487254,30.019817306579895,-0.2541179116435312,1.701249144546949,29.98429583928509,31.128154239195418,1.6182466162905578,-1.7137567485128713,-1.1083369326155221,0.08300252825639132
189.0,1.89,28.862497702266516,6.018818481616465,-1.177158881969947,31.76903887466788,-0.9073078424995233,1.9403857370516517,30.159101088227686,31.295365280931772,1.6242955276311517,-1.2966033859611699,0.47367359373610896,0.31609020942050003
190.0,1.9,28.747999819863903,4.54815188149769,-0.12872268412766072,29.970016982690865,0.24422831845439688,1.9246061870400362,30.33390633717029,31.462576322668127,1.6303444389717454,-1.5859065173063875,-1.4925593399772623,0.29426174806829075
191.0,1.91,29.422722323570188,5.845567326309336,-0.9186592321727587,32.17989492641625,-0.6290850967964313,1.9164037018153661,30.508711586112888,31.629787364404482,1.6363933503123393,-1.0859892625427001,0.550107562011771,0.2800103515030268
192.0,1.92,31.645159850898885,7.226551471039575,-1.3218164355059963,31.322325760289466,-0.5086611539511423,1.8091186108691306,30.683516835055485,31.796998406140837,1.642442261652933,0.9616430158434,-0.4746726458513706,0.16667634921619756
193.0,1.93,30.24397052767498,6.491625300531724,-0.13654726298311148,32.04464525716716,-0.07160886665422338,1.5922164400558805,30.858322083998083,31.964209447877195,1.648491172993527,-0.6143515563231041,0.08043580928996619,-0.05627473293764651
194.0,1.94,27.346385567789373,4.984367851999674,-0.8057929541752212,30.664012173984105,-0.11024644425558845,1.6251711702785046,31.03312733294068,32.13142048961355,1.6545400843341207,-3.6867417651513072,-1.4674083156294415,-0.029368914055616147
195.0,1.95,30.642988383124713,5.885905983999639,-0.33562031514776025,31.691175204099864,-0.451901848594765,1.9064702953381447,31.207932581883277,32.298631531349905,1.6605889956747146,-0.5649441987585639,-0.6074563272500413,0.2458812996634301
196.0,1.96,28.667413404969697,5.618624784313192,-1.1997172759060157,31.13474370418622,0.3489081844892784,2.1962107398965602,31.382737830825874,32.465842573086256,1.6666379070153083,-2.7153244258561777,-1.3310988689000354,0.5295728328812519
197.0,1.97,29.714028268833033,4.341951610037661,-0.4451606097615702,32.080135815465134,0.019385685443361025,1.7454876148304639,31.55754307976848,32.633053614822614,1.6726868183559023,-1.8435148109354458,-0.5529177993574805,0.07280079647456161
198.0,1.98,30.050221609380046,5.418566611081481,-0.13248260247115118,32.91723170932099,0.47130117021769796,1.6848242634108956,31.732348328711076,32.800264656558966,1.678735729696496,-1.6821267193310305,0.11696705276202124,0.006088533714399658
199.0,1.99,28.758420036132826,0.7853228797216515,-1.0809521736077397,33.05399779858559,-0.617933957747184,2.0219341592616136,31.907153577653673,32.967475698295324,1.68478464103709,-3.1487335415208477,0.08652210029026719,0.33714951822452366
200.0,2.0,30.93431781902043,5.632766523858856,-0.23482041217673913,32.3010251852258,1.0595878356982122,1.677281248271125,32.08195882659627,33.134686740031675,1.6908335523776836,-1.1476410075758423,-0.8336615548058788,-0.01355230410655861
201.0,2.01,32.20131348531217,6.24844475358121,-0.4034571489595036,37.01254543878486,-0.08100357913076126,1.5531769317246278,32.25676407553887,33.30189778176803,1.6968824637182773,-0.05545059022669818,3.7106476570168354,-0.14370553199364955
202.0,2.02,32.10920815898287,7.126088604589019,-2.3075560256284953,35.13662086449025,0.11273026558453035,2.119098301260245,32.431569324481465,33.469108823504385,1.7029313750588713,-0.3223611654985987,1.6675120409858621,0.41616692620137363
203.0,2.03,31.829955709870983,6.240015833290387,-0.23266292180975146,33.553185704766626,-0.27959383005385896,1.9543901265219974,32.60637457342406,33.636319865240736,1.708980286399465,-0.7764188635530793,-0.08313416047410982,0.24540984012253242
204.0,2.04,32.631032734275244,6.142632557148654,0.23904813642386788,33.51568218965303,0.405487908144873,1.7932789506330638,32.78117982236667,33.803530906977095,1.715029197740059,-0.15014708809142263,-0.28784871732406714,0.07824975289300484
205.0,2.05,29.573292698457482,6.058458778869361,-0.9086969549849636,32.2136116181493,-0.05537378690724059,1.5593113497988904,32.95598507130926,33.970741948713446,1.7210781090806526,-3.382692372851775,-1.757130330564145,-0.1617667592817622
206.0,2.06,31.719011319083414,1.7109059728159286,0.021059074374128333,34.69802761634193,-0.30036860060306775,1.9907674544733802,33.13079032025186,34.137952990449804,1.7271270204212466,-1.4117790011684477,0.5600746258921276,0.26364043405213367
207.0,2.07,32.89923487407188,5.72777206503341,-0.3208308765110382,34.087819184305616,1.1899239113695934,2.0701095730774,33.30559556919445,34.305164032186156,1.7331759317618403,-0.4063606951225722,-0.21734484788053976,0.3369336413155599
208.0,2.08,30.16790624324179,5.771885365586994,-1.0343236338078696,34.01507250924515,0.2527973274502646,1.6083961080104239,33.480400818137056,34.472375073922514,1.7392248431024342,-3.3124945748952648,-0.45730256467736297,-0.13082873509201032
209.0,2.09,32.4740873649193,5.816695818855072,-0.4488834164005,35.77338892244875,0.5486869171061632,2.3039577460992207,33.655206067079654,34.639586115658865,1.745273754443028,-1.1811187021603544,1.1338028067898875,0.5586839916561928
210.0,2.1,32.165749097991736,5.4900211303193,-0.48893575281809176,33.893131183141605,-0.30433279913562106,1.9668168222897482,33.83001131602225,34.80679715739522,1.7513226657836218,-1.6642622180305153,-0.9136659742536182,0.21549415650612636
211.0,2.11,31.073807929641255,4.414246423812969,-0.557789428198041,34.69350575675191,-0.6421398375120035,1.9894014723854476,34.00481656496485,34.974008199131575,1.7573715771242155,-2.931008635323593,-0.2805024423796638,0.23202989526123208
212.0,2.12,34.48774690855609,6.26173341555555,-0.9223540994378296,34.47661305612606,0.39915785005054993,2.0725826631270277,34.17962181390745,35.14121924086793,1.7634204884648095,0.3081250946486378,-0.6646061847418707,0.3091621746622182
213.0,2.13,36.558760910532506,8.89425112442803,-1.0894821706469697,36.4382664695387,-0.4969684075463584,2.2698236176416295,34.35442706285004,35.308430282604284,1.769469399805403,2.204333847682463,1.1298361869344191,0.5003542178362266
214.0,2.14,31.52258295190834,5.4239164888231395,-1.4507219771692546,36.16281656558347,0.9111109882338313,2.2937731899912395,34.52923231179265,35.47564132434064,1.775518311145997,-3.0066493598843067,0.6871752412428265,0.5182548788452426
215.0,2.15,34.06777525276834,5.148118816262873,-0.23229154022964024,34.31152126818489,-0.04683789647013233,2.2114554785569034,34.704037560735244,35.642852366076994,1.7815672224865906,-0.6362623079669021,-1.3313310978921038,0.4298882560703128
216.0,2.16,34.656941947276074,6.822420215273871,0.3221896529371476,36.00579471937295,0.13147656942478742,2.101786357173265,34.87884280967784,35.81006340781335,1.7876161338271845,-0.22190086240176754,0.195731311559598,0.31417022334608036
217.0,2.17,34.923018077936426,6.939635955993474,-2.3190127509771155,36.13311671730894,0.44713205625007646,1.828954302049128,35.05364805862044,35.977274449549704,1.7936650451677782,-0.130629980684013,0.15584226775923327,0.03528925688134965
218.0,2.18,33.444685228490506,5.405645682980632,-1.5079711265917342,35.37571913194208,0.2155811163057532,2.192048908392285,35.228453307563036,36.14448549128606,1.7997139565083722,-1.78376807907253,-0.7687663593439851,0.392334951883913
219.0,2.19,35.0768888828249,6.599048493620345,-0.1608326222825522,35.90361111555247,0.5835001210681562,2.0990185727119033,35.403258556505634,36.31169653302241,1.805762867848966,-0.32636967368073044,-0.4080854174699411,0.2932557048629374
220.0,2.2,34.14705617214891,5.412977493305707,-1.0135062709714882,35.5893443756573,0.10458739116038354,1.7324582387152136,35.57806380544824,36.47890757475877,1.8118117791895598,-1.4310076332993305,-0.8895631991014739,-0.07935354047434617
221.0,2.21,35.21964891250028,6.475150637617117,-2.0006003661281375,37.01989110706169,-0.4703615467850074,2.2276674731947077,35.75286905439083,36.64611861649512,1.8178606905301535,-0.5332201418905456,0.3737724905665658,0.40980678266455417
222.0,2.22,33.63023141158807,5.504263717134576,-0.8501691895737356,37.17788525204463,0.7762640374642833,1.9437392044089419,35.92767430333343,36.81332965823148,1.8239096018707475,-2.297442891745362,0.36455559381315084,0.11982960253819441
223.0,2.23,33.48545593285725,4.784429042468657,-0.18606556032029092,36.10209760410761,-0.05178816031095503,1.961561878095343,36.10247955227603,36.98054069996783,1.8299585132113412,-2.617023619418781,-0.8784430958602201,0.13160336488400182
224.0,2.24,32.949882179097685,3.996751972909079,-1.1707877643321989,36.664391739150844,-0.43120692051723114,2.187487918931659,36.27728480121863,37.14775174170419,1.836007424551935,-3.3274026221209425,-0.4833600025533471,0.35148049437972406
225.0,2.25,37.07688810252904,7.275797161505347,-1.2242135953530944,38.187629476324645,0.46666232357219944,1.9159013733242292,36.452090050161225,37.31496278344054,1.8420563358925288,0.6247980523678152,0.8726666928841027,0.07384503743170034
226.0,2.26,36.96209205547107,7.08896360019963,-0.3909403825925029,37.893167143876845,0.6265031827910487,2.5881134675453263,36.626895299103815,37.48217382517689,1.8481052472331225,0.3351967563672531,0.41099331869995126,0.7400082203122038
227.0,2.27,35.13929579083923,4.9243949007506975,-1.1132073313267474,36.70519503768697,0.697738970622508,2.384997838135792,36.80170054804642,37.64938486691325,1.8541541585737165,-1.6624047572071916,-0.944189829226282,0.5308436795620757
228.0,2.28,33.85665990993172,6.362087083576876,-0.7663266461720368,37.23130150205928,0.8507370385114202,1.9099124342295577,36.97650579698902,37.8165959086496,1.8602030699143102,-3.119845887057295,-0.5852944065903216,0.04970936431524753
229.0,2.29,36.98528519591326,6.861414213932124,-0.38312101027651474,39.45687683017998,-0.1422851016636056,2.0015500806366595,37.151311045931614,37.98380695038596,1.866251981254904,-0.16602585001835735,1.4730698797940178,0.1352980993817554
230.0,2.3,35.75110216893413,1.6942219838481858,-0.02265718246186367,37.41537651814254,0.7031447372676289,2.3545889404517695,37.32611629487421,38.15101799212231,1.8723008925954978,-1.5750141259400792,-0.7356414739797756,0.48228804785627166
231.0,2.31,35.20560806647418,6.590599957639399,-1.6044313054862254,37.81522096851953,0.9583757560285163,2.010475764943041,37.500921543816816,38.31822903385867,1.8783498039360917,-2.2953134773426385,-0.503008065339138,0.13212596100694918
232.0,2.32,35.52578062702266,5.012094159841751,-0.316011942460526,37.882822425571085,0.18372899867300274,1.6475922020299747,37.675726792759406,38.48544007559502,1.8843987152766855,-2.1499461657367434,-0.6026176500239373,-0.23680651324671076
233.0,2.33,37.93893026786224,6.880709140646397,-0.6332001266354153,38.793915369661775,1.0709522563275597,1.8049145047089148,37.85053204170201,38.65265111733138,1.8904476266172794,0.08839822616022985,0.1412642523303944,-0.0855331219083646
234.0,2.34,36.659360866452566,7.068675851648706,-1.411711482247302,37.461077445887554,0.11573635452463875,2.708849294847049,38.02533729064461,38.819862159067725,1.896496537957873,-1.3659764241920413,-1.358784713180171,0.8123527568891757
235.0,2.35,40.806433634495434,5.130379646492078,-1.9194800840244857,39.04772981961227,-0.39485152072213764,2.2306284429679186,38.200142539587205,38.98707320080408,1.902545449298467,2.6062910949082294,0.06065661880818851,0.3280829936694516
236.0,2.36,36.50941163509658,4.711316897350851,-0.4232482101061245,36.65924890855548,0.3382886834667185,2.001858646423441,38.3749477885298,39.154284242540434,1.9085943606390607,-1.8655361534332187,-2.4950353339849514,0.09326428578438017
237.0,2.37,38.78985167792615,6.810000813922145,0.3776111844240698,38.13036108204687,1.625893303181358,2.2954820031742003,38.549753037472406,39.32149528427679,1.9146432719796547,0.24009864045374485,-1.1911342022299252,0.3808387311945456
238.0,2.38,35.4845062331416,5.536790920851151,-0.2453273397028107,40.009403165372255,-0.2972175519108662,2.341907773172669,38.724558286415,39.488706326013144,1.9206921833202482,-3.240052053273395,0.5206968393591112,0.4212155898524208
239.0,2.39,39.235516455253546,6.901581208724767,-3.2214205138149645,40.47079954738761,-0.8389376298514172,2.1987351113803255,38.8993635353576,39.6559173677495,1.926741094660842,0.33615291989594454,0.8148821796381043,0.2719940167194834
240.0,2.4,38.87383421157735,6.933990428052992,-1.5429201886474502,39.8338531819205,0.13865661254275408,2.0671969981787575,39.07416878430019,39.823128409485854,1.9327900060014358,-0.20033457272283783,0.01072477243464931,0.13440699217732166
241.0,2.41,38.40034890777286,6.556991349507249,-0.6968059769425627,39.878896089985524,0.9005883986866461,2.0037583663737215,39.248974033242796,39.99033945122221,1.9388389173420297,-0.8486251254699368,-0.11144336123668808,0.06491944903169178
242.0,2.42,40.39577714249068,6.570541888562225,0.2735070870350409,38.66665012191221,0.6265412360816892,2.157684838060657,39.42377928218539,40.15755049295856,1.9448878286826234,0.9719978603052866,-1.4909003710463509,0.21279700937803359
243.0,2.43,37.74979143604177,6.056115214025224,-0.8987449976929206,40.61308502874282,0.4885363753558752,2.4964112273360244,39.59858453112799,40.32476153469492,1.9509367400232174,-1.8487930950862221,0.28832349404790136,0.545474487312807
244.0,2.44,41.50620445671742,8.121973822835079,-1.868908552772565,40.30249640840593,-0.6964568493479403,2.4567922923749816,39.77338978007059,40.49197257643127,1.956985651363811,1.7328146766468322,-0.18947616802534384,0.49980664101117056
245.0,2.45,37.69549608102887,5.785604490389996,-0.9320178579296005,40.883009641948746,0.2607206110106072,2.2137644514425094,39.94819502901319,40.65918361816763,1.963034562704405,-2.252698947984321,0.2238260237811147,0.2507298887381044
246.0,2.46,37.967174400175054,6.849871213693688,-0.8069333149299275,41.717689593309174,1.012983748947596,2.3203434133289065,40.12300027795578,40.82639465990398,1.9690834740449987,-2.155825877780728,0.8912949334051916,0.35125993928390775
247.0,2.47,39.51730762561856,5.603937622431411,-1.4975015298882666,39.88315376967437,1.1338413832513803,2.235136480985733,40.29780552689839,40.99360570164034,1.9751323853855927,-0.7804979012798299,-1.1104519319659687,0.26000409560014015
248.0,2.48,40.827844484771795,7.109380392562625,-0.8499880555372533,40.37563131098404,-0.008682632403855365,2.092169487180522,40.47261077584098,41.16081674337669,1.9811812967261864,0.3552337089308182,-0.7851854323926517,0.1109881904543355
249.0,2.49,39.397154981475275,6.659802994144135,-2.1732485460738387,42.87402167127953,0.9582133988098661,2.4581486047033736,40.64741602478358,41.32802778511305,1.9872302080667803,-1.2502610433083063,1.5459938861664781,0.4709183966365933
250.0,2.5,38.63525669376038,5.649318990367865,-1.183609153391924,41.53310651130317,0.4621312722632753,2.063916063402163,40.82222127372618,41.4952388268494,1.993279119407374,-2.186964579965796,0.037867684453765094,0.07063694399478893
251.0,2.51,37.75267287667396,4.5283045928926855,-2.2090301487161463,42.31048560569926,-0.7689898549813815,2.1117147468481288,40.99702652266877,41.66244986858575,1.9993280307479677,-3.2443536459948064,0.6480357371135099,0.11238671610016104
252.0,2.52,37.946038731928475,5.902121877957509,-0.8956083172053371,40.09255889095057,-0.0518325313556797,1.7403201536846653,41.17183177161137,41.82966091032211,2.005376942088562,-3.225793039682898,-1.737102019371541,-0.26505678840389657
253.0,2.53,39.49344018363845,5.995020963077703,-0.8537368427111547,41.49971367467293,0.6824821636211487,2.1648977547156285,41.34663702055397,41.99687195205846,2.0114258534291554,-1.8531968369155223,-0.4971582773855303,0.15347190128647314
254.0,2.54,39.54009788069816,7.046167910110701,-0.5467670485977112,41.21462869566024,0.2074667421386814,2.1813186318881774,41.52144226949657,42.16408299379482,2.0174747647697493,-1.981344388798405,-0.949454298134583,0.16384386711842813
255.0,2.55,41.17192124555315,2.2427646950517124,-0.4493114457950018,43.29353531718534,-0.6282536844617029,2.002344355298843,41.696247518439165,42.33129403553117,2.023523676110343,-0.5243262728860145,0.9622412816541654,-0.021179320811499647
256.0,2.56,40.978333518055784,7.861797931422369,-1.8105335032586076,45.00623246785663,0.7547239641150509,2.2533841794150815,41.87105276738177,42.49850507726753,2.0295725874509367,-0.8927192493259852,2.507727390589096,0.2238115919641448
257.0,2.57,41.68333590801766,6.330272493725804,-0.956348870288304,43.09449550930024,1.2083490824433618,2.1708406357627954,42.04585801632436,42.66571611900388,2.0356214987915306,-0.36252210830669895,0.4287793902963557,0.13521913697126475
258.0,2.58,41.41423891959705,5.502683873125889,-1.3697774219604775,41.74929529212336,0.4277580250246793,1.986055278711946,42.220663265266964,42.83292716074024,2.0416704101321246,-0.8064243456699174,-1.0836318686168838,-0.05561513142017849
259.0,2.59,41.593601441841166,6.676087868503019,-1.4109763435173908,42.426267388782016,0.2831392694574492,2.451459701594906,42.395468514209554,43.00013820247659,2.0477193214727185,-0.8018670723683883,-0.573870813694576,0.4037403801221875
260.0,2.6,44.39762631082861,9.947923480904148,-1.236826825926895,44.746087326139396,1.3562742210800263,2.5298181334456484,42.57027376315216,43.16734924421295,2.0537682328133124,1.8273525476764547,1.5787380819264456,0.476049900632336
261.0,2.61,39.49707008990022,2.0876986413942498,-0.42566201671499937,44.570033457005614,0.7183081679100691,2.0212823938511706,42.745079012094756,43.3345602859493,2.059817144153906,-3.2480089221945363,1.235473171056313,-0.03853475030273534
262.0,2.62,40.476384639129385,4.740079122522939,-1.070832258242643,43.06179665622233,0.024322623688793794,2.007988949227206,42.91988426103735,43.50177132768566,2.0658660554945,-2.443499621907968,-0.43997467146333236,-0.05787710626729403
263.0,2.63,40.5087614434598,5.368234736149873,-0.8773243629174212,41.48970080131234,-0.7958688369034506,2.1195880069192166,43.09468950997995,43.66898236942201,2.0719149668350934,-2.585928066520154,-2.1792815681096727,0.04767304008412321
264.0,2.64,42.35381756131606,6.719479327099518,-0.5943844268711811,43.97261593519842,0.3885157665467451,1.8057796012199026,43.269494758922555,43.83619341115837,2.0779638781756873,-0.9156771976064917,0.13642252404005006,-0.27218427695578473
265.0,2.65,41.67032905918132,6.408706973286242,-2.3209456268577524,43.19773028833664,0.11012717160016948,2.117767750087907,43.444300007865145,44.00340445289472,2.084012789516281,-1.773970948683825,-0.8056741645580772,0.03375496057162586
266.0,2.66,41.595509736860556,6.234129880333404,-2.7133098041018227,43.60132221298201,-0.13900839500752776,2.5360037280725716,43.61910525680775,44.17061549463108,2.090061700856875,-2.023595519947193,-0.5692932816490668,0.4459420272156964
267.0,2.67,42.357748889793235,6.120613283370337,-1.7915122600199436,43.18844354679884,-0.16427456254020206,2.4535736780073165,43.79391050575035,44.33782653636743,2.0961106121974686,-1.4361616159571113,-1.1493829895685934,0.3574630658098479
268.0,2.68,39.54546459219136,6.272034719666909,-1.0979314621055412,50.338764889887344,-0.28730084200325134,2.463648707234212,43.968715754692944,44.50503757810379,2.1021595235380626,-4.423251162501586,5.833727311783555,0.3614891836961496
269.0,2.69,41.72682396195529,5.586487479404398,-0.046305970799191076,44.01700232467077,0.4545566864776327,2.006556702064158,44.14352100363554,44.67224861984014,2.108208434878656,-2.4166970416802513,-0.6552462951693698,-0.10165173281449791
270.0,2.7,42.093353669044426,4.918935888720546,-0.8969066031820215,43.704176099905276,-0.01574353210859649,2.1153838403087852,44.31832625257814,44.8394596615765,2.11425734621925,-2.224972583533713,-1.1352835616712227,0.001126494089535246
271.0,2.71,43.20090167569658,5.114710564864149,-1.532045294627859,43.706309180636175,-0.22588560518462722,2.3169663502270534,44.493131501520736,45.00667070331285,2.120306257559844,-1.2922298258241582,-1.300361522676674,0.19666009266720952
272.0,2.72,43.389636843733584,7.037512455810211,-1.9606430559961785,45.39574918830075,0.07125103355763987,2.454077320432866,44.66793675046334,45.17388174504921,2.126355168900438,-1.2782999067297567,0.22186744325153995,0.327722151532428
273.0,2.73,44.798762008099935,3.5229417609753,-1.2138473265337548,45.828043176135765,0.8986938294747903,1.8736565224828559,44.84274199940593,45.34109278678556,2.132404080241032,-0.043979991305995725,0.4869503893502056,-0.25874755775817593
274.0,2.74,47.44904121313718,8.496586535802546,-0.8511089361070465,46.93844078795079,0.3774579910638371,2.064849022059917,45.017547248348535,45.50830382852192,2.1384529915816257,2.4314939647886433,1.4301369594288715,-0.07360396952170856
275.0,2.75,44.77513011402916,6.420747021395415,-0.7008634432392922,44.57206869761574,-0.24717992266707828,2.1029069967422127,45.19235249729113,45.67551487025827,2.144501902922219,-0.41722238326197214,-1.1034461726425278,-0.0415949061800065
276.0,2.76,43.645001991138066,6.63299024429672,-1.018810738019533,47.36445005744574,1.2662517223349088,2.102253532966907,45.36715774623372,45.84272591199462,2.1505508142628127,-1.722155755095656,1.5217241454511168,-0.04829728129590549
277.0,2.77,45.56512140872629,6.679133004017268,-1.529245594096591,45.27214164641467,0.6122111952742785,2.2257866104250947,45.54196299517633,46.00993695373098,2.1565997256034066,0.023158413549964507,-0.7377953073163113,0.06918688482168811
278.0,2.78,44.638363834516305,6.325036578428675,-1.6316804920751775,47.08396288889488,-0.8793485533290752,2.7241171409690805,45.71676824411892,46.17714799546733,2.1626486369440006,-1.0784044096026122,0.9068148934275513,0.56146850402508
279.0,2.79,46.986157791861956,8.781339368985142,-2.3936994252596153,45.336963514574656,-1.1611717597428708,2.9660922774102696,45.89157349306152,46.34435903720369,2.1686975482845945,1.0945842988004344,-1.0073955226290323,0.7973947291256751
280.0,2.8,44.854472355623294,8.342033393181385,0.08860154890887291,47.17499915068985,1.6466432980507755,2.5047836789760476,46.06637874200412,46.51157007894004,2.1747464596251884,-1.211906386380825,0.6634290717498104,0.33003721935085917
281.0,2.81,44.846701219165794,7.984926333193375,-1.499746380839515,46.059180760165674,0.9934357877695827,1.978823640480748,46.241183990946716,46.6787811206764,2.1807953709657824,-1.3944827717809218,-0.6196003605107236,-0.20197173048503436
282.0,2.82,52.20157560702638,5.177528332646672,-1.3565406629378962,45.636405544991945,-0.3959870859777301,2.1518636933967716,46.41598923988931,46.84599216241275,2.186844282306376,5.785586367137064,-1.209586617420804,-0.034980588909604204
283.0,2.83,44.70894788309588,5.279903635681118,-1.7676725849936255,47.18053434775587,0.06596960631343236,1.8493513394696306,46.59079448883192,47.01320320414911,2.1928931936469698,-1.8818466057360368,0.16733114360675927,-0.3435418541773392
284.0,2.84,44.754146987048216,8.210439402518706,-1.3631321001438554,48.368026565763095,1.313770797843993,2.32369392435331,46.76559973777451,47.18041424588546,2.1989421049875633,-2.011452750726292,1.187612319877637,0.12475181936574664
285.0,2.85,45.88173450676956,7.751725506326831,-2.1289587338228584,47.33348832001813,-0.19956616578148903,2.328808571455577,46.94040498671711,47.34762528762182,2.204991016328157,-1.0586704799475513,-0.01413696760369021,0.12381755512741988
286.0,2.86,48.55200056853698,7.872587268219866,-1.621913842634333,47.38571250425362,0.20106072021792212,2.7231986433696798,47.11521023565971,47.51483632935817,2.211039927668751,1.4367903328772726,-0.1291238251045499,0.5121587157009286
287.0,2.87,44.494370210034525,3.680637673577409,-2.3251752499866205,46.90969995079354,0.6956499705803262,2.205425557454606,47.29001548460231,47.68204737109453,2.217088839009345,-2.7956452745677822,-0.7723474203009886,-0.011663281554739058
288.0,2.88,45.51020576764269,5.376882717187602,-1.2085382283210466,46.82743853212034,0.42163599542595176,2.313161916022884,47.464820733544904,47.84925841283088,2.2231377503499385,-1.9546149659022163,-1.021819880710538,0.09002416567294524
289.0,2.89,46.07106191200491,7.466607362994302,-0.7876122218552051,49.06135780099457,2.526176993782809,2.2284160582441923,47.63962598248751,48.016469454567236,2.2291866616905325,-1.5685640704826014,1.044888346427335,-0.0007706034463401679
290.0,2.9,45.19622917689135,5.303549259229076,-1.0057886326666408,49.909191118609456,-0.06516108288295697,2.251645389121561,47.8144312314301,48.18368049630359,2.235235573031126,-2.6182020545387488,1.725510622305869,0.016409816090435125
291.0,2.91,47.62851562764648,6.939911303267422,-1.6968907645259208,47.4774320583564,-1.1698919925460871,2.189511489611441,47.9892364803727,48.350891538039946,2.24128448437172,-0.36072085272622445,-0.8734594796835466,-0.051772994760278745
292.0,2.92,47.31352878775107,6.998132460852112,-3.424593860028194,47.448422495862495,-0.34448690946261534,2.66238278863073,48.164041729315294,48.5181025797763,2.247333395712314,-0.8505129415642259,-1.069680083913802,0.41504939291841625
293.0,2.93,45.57471041244955,6.50113153099473,-2.353736775531259,47.96809701510172,-1.2451738867642195,2.9921448978612935,48.3388469782579,48.685313621512655,2.2533823070529078,-2.76413656580835,-0.7172166064109362,0.7387625908083857
294.0,2.94,46.25613803876621,7.26946591042875,-1.2332134975253726,49.50281462523294,0.8434457120498852,2.0772107252407617,48.513652227200495,48.85252466324901,2.2594312183935017,-2.2575141884342855,0.6502899619839368,-0.18222049315274003
295.0,2.95,49.43094110107295,7.192295815892998,-1.7157317344150764,48.97868488661515,0.6163863648178636,2.1484537609251926,48.68845747614309,49.019735704985365,2.2654801297340956,0.7424836249298608,-0.04105081837021629,-0.11702636880890305
296.0,2.96,48.64842410509768,7.290065099149794,-0.8182730027490499,47.195681766736826,0.3668744291906453,1.7012756973890797,48.86326272508569,49.186946746721716,2.271529041074689,-0.2148386199880079,-1.9912649799848907,-0.5702533436856094
297.0,2.97,50.7593843751863,9.821944374440612,0.10265848040506537,46.60261879268087,1.3731620467957353,2.1233088374971816,49.038067974028294,49.354157788458075,2.277577952415283,1.7213164011580062,-2.751538995777203,-0.15426911491810147
298.0,2.98,51.70124175337249,11.474397724624723,-1.3864995434524994,51.294940192682134,2.783759657013322,2.531590580215885,49.212873222970885,49.521368830194426,2.2836268637558765,2.4883685304016083,1.7735713624877079,0.2479637164600086
299.0,2.99,47.52161735476372,6.056714194890219,-3.1665946248525936,51.99008399791533,0.0816838270763155,3.3797575790210326,49.38767847191349,49.688579871930784,2.2896757750964705,-1.8660611171497692,2.3015041259845432,1.090081803924562
300.0,3.0,48.65405306952936,6.31901787995324,-2.2953223019038256,52.050234887143496,0.2633274632648701,3.2396988553710324,49.56248372085608,49.855790913667136,2.2957246864370644,-0.908430651326718,2.1944439734763606,0.943974168933968
301.0,3.01,47.952236998515104,1.4273528675937388,-0.5243918866398193,49.9770798333087,-0.2509324139116009,2.417184616917464,49.737288969798676,50.02300195540348,2.3017735977776583,-1.785051971283572,-0.04592212209477964,0.11541101913980567
302.0,3.02,48.204091769523416,6.9807729551584154,-0.8524506335098871,47.47447689414107,-0.21307298578142383,2.436118526815441,49.91209421874128,50.19021299713984,2.3078225091182523,-1.7080024492178651,-2.7157361029987683,0.1282960176971888
303.0,3.03,48.42591232277431,10.486650252934625,-0.42427348101353923,52.06758279653864,1.3324767310523988,2.28458324933151,50.08689946768387,50.35742403887619,2.3138714204588458,-1.6609871449095621,1.7101587576624482,-0.029288171127335616
304.0,3.04,49.84624159362835,8.544017918063371,0.01428524178676995,51.37593587485718,1.157296859330782,2.7649634737676614,50.261704716626475,50.52463508061255,2.3199203317994397,-0.41546312299812627,0.8513007942446293,0.4450431419682217
305.0,3.05,49.31113919468216,6.357620812271518,-1.439437321799026,50.47566916174797,1.4293390098330332,2.079955510714134,50.43650996556907,50.6918461223489,2.325969243140033,-1.12537077088691,-0.21617696060092584,-0.24601373242589908
306.0,3.06,52.62814828794322,6.435844963818655,-2.0511184399313085,49.86925611848754,0.9405048195415306,2.0369985460204574,50.61131521451167,50.85905716408526,2.332018154480627,2.016833073431549,-0.9898010455977158,-0.2950196084601697
307.0,3.07,49.64038931522439,6.350601176109334,-2.259144964666913,49.95793953670645,-0.8552511521282867,2.2266709128919433,50.78612046345427,51.02626820582161,2.338067065821221,-1.1457311482298778,-1.0683286691151608,-0.11139615292927774
308.0,3.08,48.59745461432635,8.390654590993309,-2.517083944013166,49.28973390396458,-0.6881414511444341,2.2196598441284605,50.96092571239687,51.19347924755797,2.344115977161815,-2.3634710980705194,-1.9037453435933855,-0.12445613303335445
309.0,3.09,49.68564370709323,2.995469779947297,-0.9367295443018819,53.62046860784482,1.1851144345077818,2.7097233141905956,51.13573096133946,51.36069028929432,2.350164888502409,-1.4500872542462346,2.2597783185505023,0.35955842568818674
310.0,3.1,49.174269272867626,7.940983012930447,-0.8542661789699076,53.371713780496435,0.1647739490793444,2.847876360026669,51.310536210282066,51.52790133103068,2.356213799843003,-2.1362669374144403,1.8438124494657586,0.4916625601836664
311.0,3.11,48.45311097415588,4.32413481672563,-2.317837599100179,49.56781859251409,0.029879936155422813,2.6140996403191514,51.48534145922466,51.69511237276703,2.3622627111835963,-3.03223048506878,-2.1272937802529412,0.2518369291355551
312.0,3.12,46.51969113400778,5.889864121579037,-1.9466890438898474,50.7222232917459,0.8950436914209321,2.356600937511564,51.66014670816726,51.862323414503386,2.3683116225241903,-5.140455574159482,-1.140100122757488,-0.011710685012626065
313.0,3.13,51.8631941225751,6.799490730274748,-0.8506507231986287,48.5611972435513,-0.20947658856243442,2.0828915132767807,51.83495195710986,52.02953445623974,2.3743605338647837,0.02824216546524383,-3.4683372126884393,-0.29146902058800306
314.0,3.14,53.57185528008259,8.802225426620621,-0.36430855692430925,52.592231209923405,1.5683805122395986,2.3557706606034845,52.009757206052456,52.196745497976096,2.3804094452053777,1.562098074030132,0.39548571194730897,-0.02463878460189317
315.0,3.15,52.70050845448818,7.172863626133421,-2.5634132243249694,51.13146622619568,1.8264311899577281,2.3059787002712775,52.18456245499505,52.36395653971245,2.3864583565459716,0.5159459994931268,-1.2324903135167702,-0.08047965627469411
316.0,3.16,52.476976623337514,8.558909960201342,-1.2713122255541365,53.18530306140787,2.2496960188760364,2.4921481633620917,52.35936770393766,52.531167581448805,2.3925072678865655,0.1176089193998564,0.6541354799590664,0.09964089547552613
317.0,3.17,47.45013915717088,-0.38479021761218707,0.15050416574055672,53.23167256326627,0.5346410511325929,2.6162325757466816,52.53417295288025,52.69837862318516,2.398556179227159,-5.084033795709367,0.5332939400811156,0.21767639651952253
318.0,3.18,52.27866362375419,8.243912249501596,-3.7285138428126605,54.891836820462316,-0.22701680005761557,2.498806685645186,52.70897820182285,52.865589664921515,2.404605090567753,-0.4303145780686606,2.0262471555408013,0.09420159507743309
319.0,3.19,52.85804588019672,11.771857152591542,-2.9071160590422984,54.708908719868354,0.39919687834075496,2.563389682985166,52.88378345076545,53.032800706657866,2.4106540019083464,-0.025737570568729495,1.676108013210488,0.15273568107681967
320.0,3.2,55.945945143410455,8.47177834373125,-2.3546594060086377,54.226212343065725,0.3430165982566155,2.2450229086226154,53.05858869970805,53.200011748394225,2.4167029132489404,2.8873564437024086,1.0262005946715007,-0.17168000462632493
321.0,3.21,53.337023888393304,5.751601883686423,-1.7949841337129464,52.81919608267052,-0.05015763125845631,2.126109876629015,53.233393948650644,53.367222790130576,2.4227518245895343,0.10362993974266033,-0.5480267074600533,-0.2966419479605191
322.0,3.22,52.83055734675652,6.8982060300939985,-0.9262287646515885,52.495084215107944,0.048499186074831474,2.294607727044956,53.40819919759325,53.534433831866934,2.4288007359301282,-0.5776418508367271,-1.0393496167589902,-0.13419300888517238
323.0,3.23,55.88841916873268,9.158530380611513,-1.3562056793020612,52.40636671936898,0.9851743374679383,2.0985580892178417,53.58300444653584,53.701644873603286,2.434849647270722,2.3054147221968435,-1.2952781542343033,-0.33629155805288047
324.0,3.24,55.48578083091428,11.044482799173789,-0.009224456862455594,53.283354517543714,1.0743592331708431,2.895926317404906,53.75780969547844,53.868855915339644,2.440898558611316,1.727971135435837,-0.5855013977959302,0.45502775879359003
325.0,3.25,54.96274787582585,10.074012466564179,-0.06187076938258862,56.43002561343159,2.582041335276684,2.4180138786917427,53.93261494442103,54.036066957075995,2.4469474699519096,1.0301329314048147,2.3939586563555935,-0.028933591260166924
326.0,3.26,55.06793221870751,5.998412972287877,-0.3790456103587199,54.391285590917654,3.0734963699511586,2.0647938344289667,54.10742019336363,54.20327799881235,2.452996381292503,0.9605120253438812,0.1880075921053077,-0.3882025468635364
327.0,3.27,52.551617086406274,4.9472823212473696,-1.2932322386642863,55.608956990922735,1.0999233392508763,2.617768519874754,54.282225442306235,54.370489040548705,2.459045292633097,-1.7306083558999603,1.2384679503740301,0.15872322724165677
328.0,3.28,53.962763648095724,5.60184478016752,-0.9159966600854512,55.22322166123149,0.8374640653710274,2.8450695769271044,54.457030691248825,54.537700082285056,2.465094203973691,-0.4942670431531013,0.6855215789464353,0.37997537295341344
329.0,3.29,53.32027826070812,7.243314300671731,-1.350520731809765,54.52439951787585,0.22167148907725093,2.7505602097583544,54.63183594019143,54.704911124021415,2.471143115314285,-1.3115576794833075,-0.18051160614556494,0.2794170944440695
330.0,3.3,54.11957375983631,8.632832935896992,-1.933369340363349,52.143329663284504,0.14281998413874814,3.0764027543187464,54.80664118913403,54.872122165757766,2.477192026654879,-0.6870674292977199,-2.7287925024732615,0.5992107276638676
331.0,3.31,54.991231965149204,10.690742761702325,-0.9543383243643668,55.463278276574485,1.6732758484353412,2.8370145580399373,54.981446438076624,55.039333207494124,2.4832409379954723,0.00978552707258018,0.4239450690803608,0.353773620044465
332.0,3.32,57.65292417903494,9.097970144201813,-2.0623358243714534,54.47497352492494,0.5958570648581133,2.8759712047330215,55.15625168701922,55.206544249230475,2.4892898493360662,2.496672492015719,-0.7315707243055343,0.38668135539695525
333.0,3.33,53.9248577803601,7.285718436861367,-3.541058029181577,54.38824327265252,0.8407504453115103,3.095409898319472,55.33105693596182,55.373755290966834,2.49533876067666,-1.406199155601719,-0.9855120183143171,0.6000711376428121
334.0,3.34,53.06048475990968,8.293959230906836,-1.8224146035521487,54.18952611356127,1.2692491533541448,2.5095443530918575,55.505862184904416,55.540966332703185,2.5013876720172536,-2.4453774249947386,-1.3514402191419137,0.008156681074603878
335.0,3.35,57.31880997404202,8.795943900543325,-1.3680308165978603,63.22877781136158,0.7472826301446057,2.5038892695196386,55.68066743384702,55.70817737443954,2.5074365833578476,1.6381425401949983,7.520600436922038,-0.003547313838208943
336.0,3.36,55.615165134418284,9.006887893950855,0.3672286034460733,53.37339191185802,1.3527959546447597,2.5786532519489533,55.85547268278961,55.875388416175895,2.5134854946984415,-0.24030754837132662,-2.501996504317873,0.06516775725051183
337.0,3.37,51.735781327591035,6.939771270907431,-0.9594004503971777,59.78987641303547,1.7249120940336915,2.049054367231939,56.030277931732215,56.04259945791225,2.5195344060390354,-4.29449660414118,3.747276955123219,-0.47048003880709643
338.0,3.38,52.501670097303474,6.364997220353678,-1.693309496164856,58.37547808555698,0.6847182911347018,2.187220984579422,56.20508318067481,56.209810499648604,2.525583317379629,-3.7034130833713377,2.1656675859083734,-0.338362332800207
339.0,3.39,55.994287692013,7.033514822613082,-0.9755518060684708,58.19743561718234,-0.21389276205057212,2.857416140023057,56.37988842961741,56.37702154138496,2.531632228720223,-0.38560073760440616,1.8204140757973803,0.325783911302834
340.0,3.4,57.323136076429236,4.766931396004604,-1.6604494574875084,57.35105276387771,0.7514527200841459,2.6649805542370677,56.55469367856001,56.544232583121314,2.537681140060817,0.7684423978692294,0.8068201807563966,0.1272994141762509
341.0,3.41,58.64941708655074,5.753567909717447,-3.152328492429741,54.9202618673891,0.5574915982710019,2.843418247350624,56.72949892750261,56.71144362485767,2.5437300514014107,1.9199181590481302,-1.7911817574685713,0.2996881959492135
342.0,3.42,56.43617038062408,9.146619334380084,-3.877647771278477,53.95568335184177,-0.2369817418349912,2.862937154288427,56.9043041764452,56.878654666594024,2.549778962742004,-0.46813379582112447,-2.922971314752253,0.31315819154642277
343.0,3.43,57.10099791080764,7.436259695365844,-2.7469505860121113,57.513294348277945,0.8318820841476,2.556923964966875,57.079109425387806,57.04586570833038,2.555827874082598,0.021888485419836456,0.46742863994756334,0.001096090884276979
344.0,3.44,56.0001490586765,8.607120397732846,-1.9144234179822566,56.7615098262854,0.3793233911622058,2.387794173877069,57.253914674330396,57.21307675006673,2.561876785423192,-1.2537656156538972,-0.45156692378133556,-0.17408261154612292
345.0,3.45,54.71173201659921,2.2284556229571977,0.2957563955316363,58.72071670960187,1.5332605657089295,2.355127449415206,57.428719923273,57.38028779180309,2.567925696763786,-2.7169879066737934,1.340428917798775,-0.2127982473485801
346.0,3.46,55.131389482364334,9.014826626869924,-0.34892443535652956,56.727552656292836,0.5546617809159153,2.7722251906743973,57.6035251722156,57.54749883353944,2.5739746081043795,-2.472135689851264,-0.8199461772466066,0.19825058257001782
347.0,3.47,62.6938395077647,10.929228449484562,0.5918193798138842,56.922860701349215,2.06146799227849,2.9727072798533243,57.778330421158195,57.7147098752758,2.5800235194449734,4.915509086606505,-0.791849173926586,0.39268376040835085
348.0,3.48,59.19427254355532,9.069045508880611,0.04168718857786706,59.19810651843548,0.5788872343885496,3.0475435154020416,57.95313567010079,57.88192091701215,2.5860724307855674,1.2411368734545292,1.316185601423328,0.46147108461647424
349.0,3.49,60.089308112398925,10.257268965737762,-2.938450923464895,54.85285315617674,-0.6977761047866254,2.6540660909868894,58.1279409190434,58.04913195874851,2.5921213421261613,1.9613671933555281,-3.1962788025717686,0.061944748860728094
350.0,3.5,58.52154041554702,8.979280114425976,-2.6175347490625667,63.27215194721786,1.0470010758576904,2.716698475328308,58.30274616798599,58.21634300048486,2.598170253466755,0.2187942475610356,5.055808946732995,0.1185282218615531
351.0,3.51,61.90638081077903,10.08370764625411,-3.005629968239884,61.79450079700284,0.13638804092338472,3.125059903722211,58.477551416928584,58.38355404222121,2.6042191648073483,3.4288293938504424,3.4109467547816266,0.5208407389148628
352.0,3.52,63.948080502346606,6.411262048613767,-2.6764916632523077,61.364656609399084,0.7119543926780155,2.953828802817388,58.65235666587119,58.55076508395757,2.610268076147942,5.295723836475418,2.8138915254415124,0.3435607266694456
353.0,3.53,61.115507750427824,7.910434034892227,-2.8335206379736375,58.29058557338234,0.7096649421297859,2.9127658646857695,58.82716191481378,58.71797612569392,2.616316987488536,2.288345835614045,-0.42739055231158574,0.29644887719723334
354.0,3.54,58.29090316423376,9.261647467234642,-1.9644224466583855,56.55539377994414,-0.01892299418407221,3.4128903296016384,59.00196716375638,58.88518716743028,2.62236589882913,-0.7110639995226222,-2.3297933874861414,0.7905244307725083
355.0,3.55,62.063237047622856,12.392375583196998,-2.4000571290825383,58.554284808331424,-0.007143418731218527,3.3284670639904554,59.17677241269897,59.05239820916663,2.6284148101697236,2.8864646349238825,-0.4981134008352086,0.7000522538207319
356.0,3.56,59.46909880564101,9.912528174934868,-0.6779966112865321,53.77742312591677,0.11851129969390103,2.473579690809278,59.35157766164158,59.21960925090299,2.6344637215103175,0.11752114399943281,-5.442186124986222,-0.1608840307010393
357.0,3.57,56.40147231973725,9.846572589315798,0.7823970537641817,60.41074914237704,2.7104761452358694,2.3556808773070985,59.526382910584175,59.38682029263934,2.6405126328509114,-3.1249105908469232,1.0239288497377004,-0.2848317555438129
358.0,3.58,59.353171602729056,10.730103243028537,-0.5098102510736041,60.38907695858332,2.481791936805099,2.374614542273552,59.70118815952677,59.5540313343757,2.6465615441915054,-0.3480165567977167,0.8350456242076163,-0.2719470019179533
359.0,3.59,60.34542661541526,8.673076763236399,-0.8561080366363756,59.98181201664844,2.9129118177447024,2.3480607095437103,59.87599340846937,59.72124237611205,2.652610455532099,0.46943320694589374,0.26056964053638865,-0.3045497459883886
360.0,3.6,59.31797805882939,5.926629154960108,-1.771663673065071,62.14206664679149,1.3257719089061213,2.809362121459909,60.050798657411974,59.88845341784841,2.6586593668726928,-0.7328205985825846,2.253613228943081,0.15070275458721616
361.0,3.61,61.32554805627517,8.126897917979651,-1.9958304152976165,58.566731351821986,-0.6092605502865621,2.9060881775100293,60.225603906354564,60.05566445958476,2.6647082782132867,1.0999441499206029,-1.4889331077627759,0.24137989929674264
362.0,3.62,60.30872360719801,9.137660980450942,-2.7078353734432503,59.718720626545625,-1.0484746171289991,2.8223214241211663,60.40040915529717,60.22287550132112,2.6707571895538806,-0.09168554809915719,-0.5041548747754945,0.15156423456728563
363.0,3.63,62.24695106974312,8.847751680997131,-3.051074175190397,55.173039375527054,-1.3408100606988456,3.072597626400358,60.57521440423976,60.39008654305747,2.676806100894474,1.67173666550336,-5.217047167530417,0.3957915255058837
364.0,3.64,62.31688546245311,9.108782527178862,-3.4205789504924593,64.52359811754356,0.9413628884564097,2.3818990033954788,60.75001965318236,60.55729758479383,2.682855012235068,1.5668658092707446,3.9663005327497274,-0.3009560088395893
365.0,3.65,60.077080887418745,8.770909001006773,-0.9566459975471032,62.459124812414984,0.8679952574070624,2.2036636531140195,60.92482490212496,60.72450862653018,2.688903923575662,-0.8477440147062154,1.7346161858848035,-0.48524027046164253
366.0,3.66,59.58553078424271,9.779927097193616,-1.5024504341083902,63.57939919880307,0.47109252615707864,2.5299432620535547,61.09963015106756,60.89171966826654,2.694952834916256,-1.5140993668248512,2.6876795305365277,-0.16500957286270124
367.0,3.67,57.47760488406956,0.42837804394811224,-1.7287328832865625,60.56893297570297,1.4264678273254245,2.2959182630740083,61.27443540001016,61.05893071000288,2.7010017462568494,-3.7968305159406057,-0.4899977342999122,-0.40508348318284115
368.0,3.68,57.63919545610045,7.914451667427432,-2.4795518328155755,58.92394724982815,1.5101313067231825,2.2203283147537514,61.44924064895275,61.22614175173924,2.7070506575974433,-3.8100451928523,-2.3021945019110888,-0.486722342843692
369.0,3.69,63.43631539478841,10.198267706370858,-2.0921150311050902,57.988796501549224,0.9277552896952953,2.121649530124591,61.62404589789536,61.39335279347559,2.7130995689380373,1.8122694968930517,-3.4045562919263688,-0.5914500388134463
370.0,3.7,62.800712886128345,9.541613303323368,-1.331914882048019,53.698771964400926,0.48477032444796664,2.4664819218930982,61.79885114683795,61.56056383521195,2.719148480278631,1.0018617392903977,-7.861791870811025,-0.252666558385533
371.0,3.71,63.23867591324999,11.049506725752593,-1.7645381804107498,60.524337149993364,2.8566381723525462,2.82153656377895,61.97365639578055,61.7277748769483,2.7251973916192247,1.2650195174694403,-1.2034377269549381,0.0963391721597251
372.0,3.72,63.92440645532231,10.898003894191072,-0.8861897869606845,62.90415986554457,1.856144338902769,2.3957670208443687,62.148461644723156,61.89498591868466,2.7312463029598186,1.7759448105991567,1.0091739468599101,-0.33547928211545
373.0,3.73,60.14244314348145,7.402114761607921,-3.6857697882045226,64.40025637154392,1.1411327954404684,2.7717155162126974,62.323266893665746,62.06219696042101,2.7372952143004126,-2.1808237501842953,2.338059411122906,0.034420301912284845
374.0,3.74,60.43729156947598,6.673934032633208,-1.8501005362087737,65.34276826753904,0.3754641480337845,3.0857860586582304,62.49807214260835,62.22940800215737,2.7433441256410065,-2.0607805731323694,3.1133602653816723,0.3424419330172239
375.0,3.75,58.16799378715619,6.165170674359676,-1.7125257763130255,65.23533399210706,1.074435026286448,3.4391907866219054,62.67287739155094,62.39661904389372,2.7493930369816,-4.504883604394749,2.8387149482133367,0.6897977496403054
376.0,3.76,55.69660047438765,7.4982392562919875,-1.4489100376922561,62.640753912326616,-0.6207414036228617,2.7986374396933718,62.84768264049353,62.56383008563007,2.7554419483221935,-7.15108216610588,0.07692382669654307,0.043195491371178285
377.0,3.77,57.028692270262866,11.758538972201835,-2.759653508068262,61.06333422444567,-1.0020988220250855,2.4052847974715235,63.022487889436135,62.73104112736643,2.7614908596627874,-5.9937956191732695,-1.667706902920763,-0.35620606219126394
378.0,3.78,62.718859704332615,12.385150319287984,-3.842483039745284,59.45339146351992,-1.4205879771917163,2.5686550106920887,63.197293138378726,62.89825216910278,2.7675397710033813,-0.47843343404611005,-3.4448607055828617,-0.19888476031129265
379.0,3.79,62.3967279348026,9.364487414258559,-3.3387961237080117,64.19010460983262,2.052570479958138,3.1857902203585247,63.37209838732133,63.06546321083914,2.7735886823439753,-0.9753704525187317,1.1246413989934751,0.4122015380145494
380.0,3.8,62.235913798707216,7.732009444457995,-3.7274015835860683,65.0735157423475,1.0693634735250506,2.6721743812847234,63.546903636263934,63.23267425257549,2.7796375936845688,-1.3109898375567184,1.8408414897720036,-0.10746321239984535
381.0,3.81,61.33339287986223,7.540455180082035,-2.9369243660970765,65.5476391685126,1.425591095261913,3.1119020467664162,63.721708885206525,63.39988529431185,2.7856865050251627,-2.3883160053442936,2.1477538742007525,0.32621554174125356
382.0,3.82,68.33751701410891,8.791528336292224,-3.0817324631032275,65.68411189387831,1.1288872758390527,2.2816278905455833,63.89651413414913,63.5670963360482,2.7917354163657566,4.4410028799597825,2.1170155578301078,-0.5101075258201733
383.0,3.83,68.5612277787776,9.237430051921077,-3.868237347860358,64.87128135816926,3.46403255266958,2.7908319190067314,64.07131938309173,63.73430737778456,2.7977843277063505,4.489908395685873,1.1369739803846954,-0.006952408699619106
384.0,3.84,70.28420763132331,11.534008260739963,-1.2346097170520003,61.782048167508684,1.749222875648976,2.625469992986103,64.24612463203432,63.90151841952091,2.803833239046944,6.038082999288989,-2.1194702520122277,-0.17836324606084109
385.0,3.85,70.63229949003684,10.992365236163156,-1.3614137151353842,59.46971507257596,1.6409590082507204,2.954302735226007,64.42092988097693,64.06872946125728,2.809882150387538,6.211369609059915,-4.599014388681319,0.14442058483846898
386.0,3.86,69.1365715340913,14.298749627600905,0.42592509777521786,58.09454379364831,1.5469476101530368,3.4126763148199517,64.59573512991952,64.23594050299363,2.815931061728132,4.540836404171785,-6.141396709345315,0.5967452530918198
387.0,3.87,64.99486015977648,10.944489308435122,-1.6809174410832177,64.65607713290589,2.0160734679507346,2.9252619207336448,64.77054037886212,64.40315154472998,2.821979973068726,0.22431978091435667,0.2529255881759127,0.10328194766491894
388.0,3.88,65.00322101802335,11.182969221996627,-0.9707590896248183,67.4463182710051,0.5228839914095476,3.395211785574276,64.94534562780471,64.57036258646633,2.8280288844093193,0.05787539021864063,2.8759556845387664,0.5671829011649567
389.0,3.89,65.73826395845781,9.892794418467336,-1.0575589779328076,69.55728363351463,1.3730279871208217,3.4585644114528926,65.12015087674732,64.7375736282027,2.8340777957499133,0.6181130817104901,4.819710005311933,0.6244866157029794
390.0,3.9,65.64522867078529,9.803564939468414,-0.31424249528485637,68.28850194833335,1.2078344474699247,3.019973361721768,65.29495612568991,64.90478466993905,2.840126707090507,0.350272545095379,3.3837172783943004,0.1798466546312607
391.0,3.91,64.84150309960555,-1.112857884316291,-0.38822843681866404,69.75690174718729,2.100280808496917,2.8394642160686865,65.46976137463251,65.0719957116754,2.846175618431101,-0.6282582750269654,4.684906035511887,-0.006711402362414631
392.0,3.92,62.580730639462125,8.657172346052253,-1.810085005360424,64.81072242141701,0.9056734053644943,2.6732395839223604,65.6445666235751,65.23920675341175,2.8522245297716946,-3.063835984112977,-0.42848433199473845,-0.17898494584933422
393.0,3.93,64.95260581581414,9.163433841980563,-2.653367823627194,65.11187965558267,1.8743263219627817,2.3304492943217996,65.8193718725177,65.40641779514812,2.8582734411122885,-0.8667660567035682,-0.2945381395654465,-0.527824146790489
394.0,3.94,65.50104468155745,8.790038567607983,-1.5819166361240218,59.70910348560577,0.19906891120359269,2.291541669186538,65.99417712146031,65.57362883688447,2.8643223524528825,-0.49313243990286537,-5.864525351278694,-0.5727806832663447
395.0,3.95,67.16628342367187,9.7481398330522,-0.8820632549052473,56.34111830323077,0.6507912725649567,2.494514895884132,66.1689823704029,65.74083987862082,2.8703712637934764,0.9973010532689699,-9.399721575390046,-0.3758563679093445
396.0,3.96,64.80862987293928,11.186410923745495,-1.2080967248103633,64.49640859944306,1.9694781784914703,2.9599634155175236,66.3437876193455,65.90805092035717,2.87642017513407,-1.5351577464062274,-1.4116423209141118,0.08354324038345373
397.0,3.97,65.63198976149476,12.012169315843519,-1.5327471949698261,66.41211404321062,1.086813192272889,3.17038237848624,66.51859286828811,66.07526196209353,2.882469086474664,-0.8866031067933449,0.33685208111708675,0.28791329201157634
398.0,3.98,69.20753605004033,10.902389570669698,-4.01902234659231,67.4608626545023,3.3942413348564395,3.525828718527038,66.6933981172307,66.24247300382989,2.8885179978152578,2.514137932809632,1.2183896506724068,0.6373107207117803
399.0,3.99,70.1302549176305,9.6836610351225,-2.843142554223556,65.68474123143157,2.034610023113812,2.8495059005861663,66.8682033661733,66.40968404556624,2.8945669091558517,3.2620515514571906,-0.7249428141346641,-0.04506100856968542
400.0,4.0,75.44598130790264,9.502722207114397,-1.9698770512176074,66.963109631469,3.3257283121158334,2.577114295169397,67.0430086151159,66.57689508730259,2.900615820496445,8.402972692786747,0.3862145441664069,-0.32350152532704834
401.0,4.01,74.42364589962482,11.965559417815205,-0.9579444366895146,66.38044958615566,1.7725479463282163,2.085872018015383,67.21781386405848,66.74410612903894,2.9066647318370387,7.205832035566331,-0.36365654288327676,-0.8207927138216555
402.0,4.02,67.00883354946843,8.081963478583727,-2.6370938239042028,74.71642288887223,-0.15205855140784427,2.228200650489832,67.39261911300109,66.91131717077529,2.9127136431776326,-0.3837855635326548,7.805105718096939,-0.6845129926878006
403.0,4.03,65.80710263256745,12.090804323109532,-2.192293459579236,64.20873897110329,-0.5214512188166442,2.2757824893396585,67.5674243619437,67.07852821251166,2.9187625545182265,-1.760321729376244,-2.8697892414083697,-0.642980065178568
404.0,4.04,67.13912341881704,11.573405865954372,-3.8578309702138065,72.39540137164344,0.46617824440886935,2.7631584430086655,67.74222961088628,67.24573925424801,2.9248114658588205,-0.603106192069248,5.149662117395437,-0.16165302285015493
405.0,4.05,64.07469329518845,4.820716801079991,0.30585011254602545,68.9971201668892,-0.23026314614558577,2.628803524087179,67.91703485982889,67.41295029598436,2.930860377199414,-3.842341564640435,1.5841698709048444,-0.30205685311223496
406.0,4.06,64.96732009070473,10.577492312052305,-0.6029651835681298,71.41964315066923,0.07262073089352505,2.558398858543942,68.09184010877148,67.58016133772071,2.936909288540008,-3.1245200180667467,3.83948181294852,-0.37851042999606577
407.0,4.07,63.66654828494606,8.685848024636645,-0.5513190252355531,69.7459795270281,1.71114128645634,2.351505373443501,68.26664535771408,67.74737237945708,2.942958199880602,-4.600097072768023,1.9986071475710219,-0.5914528264371008
408.0,4.08,64.95423731799553,7.537003023590055,-0.4693841324852628,70.52779531413798,2.1849474985186093,2.309447129460681,68.44145060665669,67.91458342119343,2.9490071112211957,-3.4872132886611524,2.6132118929445483,-0.6395599817605149
409.0,4.09,68.04490138671497,7.2464562320338715,-2.7653058614656705,67.86912779269925,2.692025583988204,2.515260334422933,68.61625585559928,68.08179446292978,2.9550560225617892,-0.5713544688843086,-0.21266667023053287,-0.4397956881388563
410.0,4.1,68.59376463926736,8.567271081626094,-2.4038567302432274,66.27408708053107,1.0852918283100266,2.323785616935897,68.79106110454187,68.24900550466613,2.961104933902383,-0.19729646527450484,-1.9749184241350548,-0.6373193169664861
411.0,4.11,73.69276257914136,9.256859616510098,-2.9484582122226186,64.74363535332746,0.7290906228151718,2.3347642358273366,68.96586635348449,68.4162165464025,2.967153845242977,4.726896225656873,-3.6725811930750325,-0.6323896094156405
412.0,4.12,73.82843716715637,8.132032034174435,-4.986570346152346,63.152130922994736,-0.40025194635848543,2.8277524520061994,69.14067160242708,68.58342758813885,2.973202756583571,4.68776556472929,-5.43129666514411,-0.14545030457737163
413.0,4.13,72.66872798399923,8.030917443123455,-4.618398518874911,60.43199667958408,0.6841362505958538,3.571876273246486,69.31547685136967,68.7506386298752,2.9792516679241645,3.353251132629566,-8.318641950291116,0.5926246053223214
414.0,4.14,72.17517281239954,13.379165986162503,-3.8759758073411903,68.68866404530688,2.6162905745318534,3.47852959561661,69.49028210031226,68.91784967161155,2.9853005792647584,2.684890712087281,-0.22918562630466965,0.49322901635185135
415.0,4.15,73.78010044505126,12.779412563570716,-4.641081527124109,70.0350587444585,2.3840268033087386,3.2029974503094287,69.66508734925488,69.08506071334791,2.9913494906053524,4.115013095796385,0.9499980311105816,0.21164795970407635
416.0,4.16,70.34977267870985,13.184603592908791,-2.129801299444527,71.27116852910312,2.8722329959522406,2.764488510695094,69.83989259819747,69.25227175508427,2.9973984019459463,0.5098800805123886,2.018896774018856,-0.23290989125085249
417.0,4.17,71.27501369166528,11.724750575429892,-0.6398542788631459,73.17776396447258,3.473117049096238,2.950330432959985,70.01469784714006,69.41948279682062,3.00344731328654,1.2603158445252234,3.7582811676519583,-0.05311688032655493
418.0,4.18,65.43766355318186,5.697663958908613,-1.3708533373144207,75.31825734454148,2.234719022571932,3.287953075972748,70.18950309608266,69.58669383855697,3.0094962246271337,-4.751839542900797,5.731563505984511,0.27845685134561426
419.0,4.19,62.9589389999462,-2.0545927232209085,0.4924371815529891,70.96711271840982,2.2551673166928126,3.389518691058834,70.36430834502526,69.75390488029333,3.0155451359677277,-7.405369345079066,1.2132078381164888,0.3739735550911063
420.0,4.2,60.66700143608558,7.019313390092381,-0.11116729323412886,68.42284973666779,-0.1860368700650509,3.1740829988412735,70.53911359396785,69.92111592202968,3.0215940473083216,-9.872112157882277,-1.4982661853618993,0.15248895153295194
421.0,4.21,62.666020114223684,9.026410857692298,-2.1690498560318234,67.64427532848275,-2.1984209022982473,3.377650921861837,70.71391884291046,70.08832696376604,3.027642958648915,-8.047898728686775,-2.4440516352832873,0.35000796321292205
422.0,4.22,63.19447998202754,8.613173290714377,-1.4585591854127051,64.85647321572426,-2.0688135338859532,3.4695603556528787,70.88872409185305,70.25553800550239,3.033691869989509,-7.694244109825512,-5.399064789778123,0.43586848566336966
423.0,4.23,73.97487219778239,9.207185374029786,-0.8960489140188348,72.01421388329098,0.8685269626651082,4.056173156544276,71.06352934079565,70.42274904723875,3.039740781330103,2.9113428569867352,1.591464836052225,1.0164323752141726
424.0,4.24,75.9169614728227,11.84907898251622,-2.226161368921294,70.99009954401859,-1.001733922483052,3.0916583578428396,71.23833458973826,70.5899600889751,3.045789692670697,4.678626883084448,0.4001394550434867,0.04586866517214272
425.0,4.25,75.00127610196272,16.225916112445002,-2.520361729804601,74.54415804531502,-0.21461705189748004,2.7334700796084115,71.41313983868085,70.75717113071146,3.0518386040112904,3.588136263281868,3.7869869146035597,-0.3183685244028789
426.0,4.26,78.492713186657,19.07584275877661,-2.863599791412347,75.88849806707017,1.4301890429488764,3.2819184569094726,71.58794508762344,70.9243821724478,3.057887515351884,6.904768099033561,4.964115894622367,0.22403094155758874
427.0,4.27,78.24305634443206,11.688397641228523,-4.831290008289716,74.70080724483519,1.7264769679687755,3.9699197681388925,71.76275033656604,71.09159321418416,3.063936426692478,6.4803060078660195,3.6092140306510316,0.9059833414464147
428.0,4.28,78.11731158025586,9.544408456106686,-4.714723079828716,71.05353997654085,1.8565123671194979,4.000671830491708,71.93755558550865,71.25880425592052,3.0699853380330717,6.179755994747211,-0.2052642793796764,0.9306864924586362
429.0,4.29,78.64087619137698,9.256623480388424,-3.2927502428359396,69.88278242573911,2.4248057184206435,3.987999218124949,72.11236083445124,71.42601529765687,3.0760342493736657,6.5285153569257375,-1.5432328719177661,0.9119649687512834
430.0,4.3,77.83387507084441,8.781933875628868,-2.016430045427341,65.88780425637694,1.4332463264689845,3.4776455617505935,72.28716608339384,71.59322633939323,3.082083160714259,5.546708987450572,-5.705422083016288,0.39556240103633433
431.0,4.31,74.19612697077741,9.827100782136384,-0.7003320201448217,64.89881997758587,0.08692435603338992,3.563952166586991,72.46197133233643,71.76043738112958,3.088132072054853,1.7341556384409813,-6.861617403543704,0.4758200945321378
432.0,4.32,72.78148620936648,12.094633049429735,0.10185349593753722,66.42151251780639,0.7847389879094255,3.725161446674182,72.63677658127904,71.92764842286594,3.094180983395447,0.14470962808744048,-5.506135905059551,0.630980463278735
433.0,4.33,69.1809454212804,14.24377764915273,0.5269403251816375,73.63028672634891,3.02580266547852,3.1278599569515775,72.81158183022163,72.0948594646023,3.100229894736041,-3.6306364089412284,1.5354272617466194,0.027630062215536544
434.0,4.34,75.91474207333833,14.436546889643989,-1.782055215151224,73.32954823910845,1.2923219133182033,2.7246722788404187,72.98638707916423,72.26207050633865,3.1062788060766344,2.9283549941741,1.0674777327698024,-0.3816065272362157
435.0,4.35,70.25922358125086,2.951617710580414,0.1275613376333903,80.49157062108966,1.116472672267557,2.1241998882687976,73.16119232810682,72.429281548075,3.1123277174172284,-2.9019687468559567,8.062289073014668,-0.9881278291484308
436.0,4.36,74.53801334402546,10.18468618064247,-0.679684376845871,80.61238428709488,0.41501226286577064,2.352525333741884,73.33599757704943,72.59649258981136,3.1183766287578223,1.2020157669760323,8.015891697283521,-0.7658512950159384
437.0,4.37,75.04130395287292,16.541348938696594,-1.4157735319310352,81.06729079195794,-0.013738737865344946,2.4344943601536135,73.51080282599203,72.76370363154771,3.124425540098416,1.5305011268808926,8.303587160410231,-0.6899311799448027
438.0,4.38,75.22647674389098,14.62104568126218,-2.935761354020734,77.47714181028822,1.0015831580964647,2.8478252868069482,73.68560807493462,72.93091467328406,3.1304744514390097,1.5408686689563638,4.546227137004152,-0.28264916463206147
439.0,4.39,72.67590704930352,8.464131715549703,-3.08196721604492,75.87775588238148,1.0616512602841286,3.0096781751447486,73.86041332387721,73.09812571502042,3.1365233627796036,-1.1845062745736925,2.779630167361063,-0.12684518763485508
440.0,4.4,74.6372591343719,7.488004304431653,-4.137918557106748,70.56343780357541,0.2721586654844638,2.639973400871074,74.03521857281983,73.26533675675678,3.1425722741201976,0.602040561552073,-2.70189895318137,-0.5025988732491236
441.0,4.41,73.529988144478,7.694290548411851,-4.22034810801206,69.11025760504783,1.0889024118021728,2.694197029812425,74.21002382176242,73.43254779849313,3.1486211854607915,-0.6800356772844225,-4.322290193445298,-0.4544241556483666
442.0,4.42,76.65710095157995,7.953653349474582,-3.9012550028766717,68.38416717123845,0.7759185334578697,3.4829062572717673,74.38482907070501,73.59975884022948,3.154670096801385,2.272271880874939,-5.215591668991038,0.3282361604703823
443.0,4.43,77.17179483147811,7.730547289510432,-4.439131833589106,65.76480670979547,-0.3921383791490798,3.092792155874849,74.55963431964761,73.76696988196584,3.160719008141979,2.6121605118304956,-8.00216317217037,-0.06792685226713013
444.0,4.44,73.14819426756206,10.23035323632806,-3.71433612164211,74.73448154359464,3.066240213984252,3.022850695466767,74.73443956859022,73.9341809237022,3.166767919482573,-1.586245301028157,0.8003006198924396,-0.14391722401580598
445.0,4.45,75.34594201313713,11.628961246113967,-1.0323994300051071,74.74024833510354,1.3001924178600854,2.1114099470053374,74.90924481753281,74.10139196543855,3.172816830823167,0.4366971956043244,0.6388563696649925,-1.0614068838178294
446.0,4.46,72.01580606057517,9.482095713063062,0.06636821625640861,74.95561396969225,1.9952545027105222,2.310786974707953,75.08405006647541,74.2686030071749,3.1788657421637603,-3.0682440059002403,0.6870109625173484,-0.8680787674558075
447.0,4.47,76.15429237660753,10.256377347446767,-2.0644812372282386,76.47919037641454,2.6199531623029073,2.2098373426533215,75.258855315418,74.43581404891125,3.184914653504354,0.8954370611895257,2.0433763275032817,-0.9750773108510327
448.0,4.48,76.76444702102837,9.958668459317705,-1.5885891097719083,77.34627995791162,3.474683719527322,2.583401190842972,75.43366056436061,74.60302509064762,3.190963564844948,1.3307864566677665,2.7432548672639996,-0.6075623740019762
449.0,4.49,76.64916416832288,13.810530871758543,-1.1572619947376748,71.90321146180887,2.215951662939499,2.470225674686908,75.60846581330321,74.77023613238397,3.197012476185542,1.0406983550196713,-2.8670246705751055,-0.7267868014986343
450.0,4.5,75.73783668549531,17.936553164903838,-0.765587429988171,75.38878604257093,4.323614395398882,3.0906272009894153,75.7832710622458,74.93744717412032,3.2030613875261356,-0.045434376750492333,0.45133886845060545,-0.11243418653672022
451.0,4.51,79.65710400998442,20.795634428452836,-1.1012665784636704,69.0087657694916,2.2986498794326846,3.2489100059009535,75.95807631118839,75.10465821585667,3.209110298866729,3.69902769879603,-6.09589244636507,0.03979970703422442
452.0,4.52,76.22160197125214,16.992203470080803,-3.2674131752143682,69.24181350488206,2.1296743870589157,3.729536445517512,76.13288156013098,75.27186925759302,3.215159210207323,0.0887204111211588,-6.030055752710965,0.5143772353101892
453.0,4.53,74.23879451988458,10.169036107452893,-3.2384026721693733,66.71198991016291,2.953319650750558,4.0607064747601385,76.3076868090736,75.43908029932939,3.221208121547917,-2.068892289189023,-8.727090389166477,0.8394983532122215
454.0,4.54,73.74942211813045,6.600347553586079,-5.2442457320450435,69.72104870709111,0.23919208366515823,3.768537785224149,76.48249205801619,75.60629134106574,3.227257032888511,-2.7330699398857377,-5.885242633974627,0.5412807523356382
455.0,4.55,75.505652785285,10.079206782464317,-3.501542506968779,82.87996762426945,2.952425620732553,3.786466210070076,76.65729730695878,75.77350238280209,3.2333059442291043,-1.1516445216737878,7.106465241467362,0.5531602658409716
456.0,4.56,74.31097895809995,8.78488280335112,-2.0925088796746927,81.59901438882959,1.3539379742631137,3.1694300067182923,76.83210255590139,75.94071342453844,3.2393548555696983,-2.5211235978014344,5.6583009642911435,-0.06992484885140593
457.0,4.57,74.7212747645517,7.358395583557748,-2.9159932299235547,83.03298377252392,0.10980271015139954,3.022941581827809,77.00690780484399,76.10792446627481,3.245403766910292,-2.2856330402922964,6.925059306249111,-0.22246218508248328
458.0,4.58,76.04272124521431,7.777077038514167,-2.41621993117476,85.57167038365112,-0.007917462524867523,2.779186214463141,77.18171305378658,76.27513550801116,3.251452678250886,-1.1389918085722712,9.296534875639964,-0.47226646378774495
459.0,4.59,75.20455704457457,9.731411768739905,-1.7228118745082,83.85900655068518,0.5391485491608258,3.0486741390952723,77.35651830272919,76.44234654974751,3.2575015895914796,-2.151961258154614,7.416660000937668,-0.20882745049620732
460.0,4.6,74.63794701705197,8.78058059155841,-2.80449691685082,80.5796702269488,2.0521506327068892,3.4030503689729668,77.53132355167178,76.60955759148386,3.2635505009320736,-2.8933765346198044,3.970112635464943,0.1394998680408932
461.0,4.61,75.20654027491774,12.867013646745887,-2.2494314746145814,78.0149988876279,0.43253687087043724,3.179094149343794,77.70612880061438,76.77676863322023,3.2695994122726675,-2.4995885256966375,1.238230254407668,-0.09050526292887362
462.0,4.62,78.05236421268869,13.862078333450958,-3.345600871339164,73.48743569209661,0.7896572742772462,2.830552405176746,77.88093404955698,76.94397967495658,3.2756483236132614,0.17143016313170278,-3.4565439828599693,-0.4450959184365155
463.0,4.63,75.71378496265537,15.252744735253762,-2.3111574949113574,70.51069617672744,1.6169565448286116,2.9203790293382514,78.05573929849957,77.11119071669293,3.281697234953855,-2.341954335844207,-6.600494539965496,-0.36131820561560346
464.0,4.64,78.07968263406781,18.12080979883798,-0.5133485097864416,69.82609100434523,1.5783613374243863,2.8267366327671635,78.23054454744216,77.27840175842928,3.287746146294449,-0.1508619133743565,-7.452310754084053,-0.46100951352728536
465.0,4.65,80.15109739986498,17.9028395896691,-0.5334756733915295,68.00612936884013,1.7499763481789494,2.6977702437973448,78.40534979638478,77.44561280016565,3.2937950576350428,1.745747603480197,-9.439483431325513,-0.596024813837698
466.0,4.66,82.80809552495492,19.956837866415587,-1.4676537585436595,79.4997995387386,4.356961449358887,3.0604730702945226,78.58015504532737,77.612823841902,3.2998439689756367,4.227940479627549,1.8869756968366005,-0.23937089868111405
467.0,4.67,76.19162233394465,12.008101875022206,-3.341348557698431,80.00908318918616,5.523498067777645,3.5668942401515578,78.75496029426996,77.78003488363834,3.30589288031623,-2.5633379603253132,2.2290483055478205,0.2610013598353276
468.0,4.68,75.87813781691162,12.939862707211917,-2.344080168697514,78.41332986840821,4.1627482415943025,3.35152058485315,78.92976554321257,77.94724592537469,3.311941791656824,-3.05162772630095,0.4660839430335244,0.03957879319632607
469.0,4.69,81.23770633167439,13.806121067219161,-2.537400712038342,82.13282329226645,3.4929074330099312,3.272318015409298,79.10457079215517,78.11445696711107,3.317990702997418,2.133135539519216,4.018366325155384,-0.04567268758811993
470.0,4.7,81.47456309094403,9.92858784998875,0.00785984198145758,84.64081094839982,2.6418771505986305,3.2104105068437967,79.27937604109776,78.2816680088474,3.324039614338012,2.1951870498462682,6.359142939552413,-0.11362910749421529
471.0,4.71,80.60466094121873,7.4334597864551135,-0.12112035825198818,80.80912313483294,3.736192075821925,3.1108043582229508,79.45418129004037,78.44887905058376,3.3300885256786055,1.1504796511783582,2.3602440842491887,-0.2192841674556547
472.0,4.72,77.3383025707775,5.757983661352513,-1.3704631283118112,78.92316660156418,4.0729184484652725,3.054444836629886,79.62898653898296,78.6160900923201,3.3361374370191994,-2.2906839682054567,0.3070765092440695,-0.28169260038931343
473.0,4.73,77.65816344509014,8.06239454819997,-0.4965701584576835,79.15806768381468,4.120075670681326,3.0873853528613573,79.80379178792556,78.78330113405647,3.3421863483597933,-2.1456283428354226,0.3747665497582062,-0.25480099549843604
474.0,4.74,78.78370557554591,14.289696792693814,-0.48899716975281976,72.13540108890496,3.7502228201028123,4.174200849223581,79.97859703686817,78.95051217579282,3.3482352597003873,-1.194891461322257,-6.8151110868878675,0.8259655895231939
475.0,4.75,73.55398150768744,12.102739141089959,-2.0605212824640438,73.12681889476255,-0.34716557715776464,3.6413266070126076,80.15340228581076,79.11772321752917,3.3542841710409808,-6.599420778123317,-5.9909043227666245,0.2870424359716268
476.0,4.76,72.89016755452431,11.49323589355189,-1.63618261038639,76.02106291568667,-0.8477219302880189,3.702863713607495,80.32820753475335,79.28493425926553,3.3603330823815742,-7.438039980229036,-3.263871343578856,0.34253063122592087
477.0,4.77,88.02345623113618,17.41467886899276,-4.914502116339827,76.75787945905154,-0.8495651598206713,3.081310446181461,80.50301278369594,79.45214530100188,3.366381993722168,7.520443447440243,-2.6942658419503402,-0.2850715475407073
478.0,4.78,87.99440075582153,20.32617605892247,-6.627337065699115,74.43308548982655,-1.88579977607642,3.3414294345571975,80.67781803263856,79.61935634273824,3.372430905062762,7.316582723182975,-5.18627085291169,-0.031001470505564566
479.0,4.79,89.29554624411699,23.439591937197175,-5.933575075294933,86.33673047443901,0.9528790159559135,3.2185011726137662,80.85262328158115,79.7865673844746,3.378479816403356,8.442922962535846,6.550163089964414,-0.15997864378958981
480.0,4.8,92.56990057178206,21.667373851965593,-5.6195899442817705,85.00344682007494,-0.0896398423666028,2.8236217267522523,81.02742853052374,79.95377842621095,3.3845287277439495,11.542472041258321,5.049668393863996,-0.5609070009916972
481.0,4.81,90.35978863924758,19.408827793335245,-4.54638412892293,85.27098028109016,0.28638058973439257,3.0498069736397935,81.20223377946634,80.1209894679473,3.3905776390845435,9.157554859781243,5.149990813142864,-0.34077066544475
482.0,4.82,86.34629274138258,12.193427539967631,-4.700905195339199,87.61393251129698,1.9739052520124112,3.193533126306086,81.37703902840894,80.28820050968366,3.3966265504251374,4.969253712973639,7.325732001613318,-0.2030934241190514
483.0,4.83,86.11218142673583,11.99749804235577,-4.476879185333584,88.0411398902939,0.8343425498910764,2.8095512541849303,81.55184427735153,80.45541155142001,3.4026754617657313,4.560337149384296,7.585728338873892,-0.593124207580801
484.0,4.84,87.40369137778418,12.074793944401856,-3.1668529345122565,83.10634069968938,2.8570190363551555,2.4861205463865694,81.72664952629414,80.62262259315636,3.408724373106325,5.677041851490046,2.4837181065330185,-0.9226038267197554
485.0,4.85,85.20937561562316,10.261732673298436,-2.9481073835283205,82.99897494942844,2.559823639242826,2.1475763710746643,81.90145477523673,80.78983363489272,3.4147732844469187,3.30792084038643,2.209141314535728,-1.2671969133722545
486.0,4.86,82.86812460832442,11.093934028580366,0.3772616282766458,81.42624557534238,3.1945611465984687,2.057139264735989,82.07626002417933,80.95704467662908,3.4208221957875127,0.7918645841450882,0.4692008987132965,-1.3636829310515237
487.0,4.87,82.61786882877433,11.16258330792257,2.012598926450883,73.6858093673552,2.6604072117011466,1.8744913018508509,82.25106527312194,81.12425571836543,3.4268711071281066,0.3668035556523961,-7.438446351010228,-1.5523798052772557
488.0,4.88,85.43640649683304,16.672817501106515,0.9327410811374317,73.8943961973393,0.4769935986634386,2.272918604247547,82.42587052206453,81.29146676010178,3.4329200184687,3.0105359747685156,-7.3970705627624795,-1.1600014142211532
489.0,4.89,82.63556672127723,6.522314086008758,2.2724810866190426,71.2676173089134,1.7490072613271699,1.7439299871649445,82.60067577100712,81.45867780183814,3.438968929809294,0.034890950270110466,-10.191060492924734,-1.6950389426443495
490.0,4.9,78.80463465434596,15.277157305242772,1.6102623569730727,70.16788215629775,0.6313601347574647,2.085568099089614,82.77548101994974,81.6258888435745,3.445017841149888,-3.9708463656037765,-11.45800668727675,-1.3594497420602738
491.0,4.91,79.42500142019512,15.636971104703921,1.799566639238689,70.81577356355442,0.9375624141174187,2.244067587971139,82.95028626889233,81.79309988531085,3.451066752490482,-3.5252848486972113,-10.977326321756436,-1.2069991645193427
492.0,4.92,79.65484888967788,16.17781414382163,1.6448733990605944,84.07888445100664,4.520151703199385,2.697154504041453,83.12509151783492,81.9603109270472,3.4571156638310754,-3.470242628157038,2.1185735239594408,-0.7599611597896225
493.0,4.93,80.98557415607446,15.366189727675259,2.341334638551132,80.22879337773395,4.468905637713453,2.34949098603719,83.29989676677751,82.12752196878355,3.4631645751716693,-2.3143226107030443,-1.8987285910496041,-1.1136735891344793
494.0,4.94,85.55589528711762,18.040090728034382,-1.7245318755958639,82.4712830657867,3.6970697238968007,2.7414283724562694,83.47470201572013,82.29473301051992,3.4692134865122632,2.0811932713974954,0.17655005526677314,-0.7277851140559939
495.0,4.95,88.75186027936186,18.70194347265137,-2.3529751236293466,85.72476855855493,4.100876724858186,3.4172157548735362,83.64950726466272,82.46194405225627,3.475262397852857,5.102353014699148,3.2628245062986565,-0.05804664297932094
496.0,4.96,94.614957451103,17.451898163630233,-1.9929391247828954,87.24591743275565,3.5311444169252,3.7486462747495013,83.8243125136053,82.62915509399262,3.4813113091934507,10.790644937497689,4.616762338763024,0.26733496555605063
497.0,4.97,89.54985257665784,12.90205641915604,-3.6069517054468023,90.8881058088476,2.741624684853405,4.328673706380375,83.99911776254791,82.79636613572897,3.4873602205340446,5.55073481410993,8.091739673118624,0.8413134858463303
498.0,4.98,89.40395966375311,6.899684118060888,-5.596317037070251,90.76888112580106,2.0494556371036814,4.645009438506621,84.17392301149052,82.96357717746534,3.4934091318746385,5.230036652262598,7.80530394833572,1.1516003066319827
499.0,4.99,88.0023153094821,7.532144458984017,-7.444087424846215,85.19946462179726,0.9725013428443017,4.8555554628816235,84.3487282604331,83.13078821920169,3.4994580432152325,3.653587049048994,2.068676402595571,1.356097419666391
500.0,5.0,87.32103254241564,8.609548775909504,-7.00663315669739,83.09347756010015,1.1405858304298584,3.9619894111422727,84.52353350937571,83.29799926093804,3.505506954555826,2.7974990330399265,-0.204521700837887,0.4564824565864467
