0     352         0.83161935     -3.98553384     -2.73340379
1     352         0.77501874     -3.95989839     -2.72791260
2     352         0.73730039     -3.90818145     -2.75082467
3     352         0.71780034     -3.85195639     -2.78787180
4     352         0.69185370     -3.83928766     -2.82460159
5     352         0.65406736     -3.87712426     -2.85412751
6     352         0.59859000     -3.92801434     -2.87937901
7     352         0.53238877     -3.96590298     -2.90348309
8     352         0.44682022     -3.98404587     -2.91251552
9     352         0.33105724     -3.96532373     -2.90781311
10    352         0.21360388     -3.91723696     -2.89405183
11    352         0.11442038     -3.87691524     -2.91192366
12    352         0.05709006     -3.85504902     -2.98735718
13    352         0.00544886     -3.85482028     -3.06905440
14    352        -0.07741288     -3.85557739     -3.11338210
15    352        -0.16551528     -3.85200626     -3.13965791
16    352        -0.22007335     -3.84668509     -3.15767554
17    352        -0.23628156     -3.87019207     -3.18126357
18    352        -0.23296770     -3.91770808     -3.19103683
19    352        -0.24538022     -3.97793360     -3.18119290
20    352        -0.29525732     -4.02413228     -3.18685499
21    352        -0.38937658     -4.05127136     -3.21142956
22    352        -0.51183093     -4.08609923     -3.25511785
23    352        -0.63555809     -4.12392275     -3.30884494
24    352        -0.74166930     -4.18605863     -3.36814203
25    352        -0.82498180     -4.26888605     -3.42200916
26    352        -0.89137785     -4.37829685     -3.45184721
27    352        -0.91759952     -4.51619462     -3.46225571
28    352        -0.91011932     -4.63167063     -3.44537872
29    352        -0.89458639     -4.69871404     -3.40129414
30    352        -0.89118439     -4.73028014     -3.33225070
31    352        -0.90786812     -4.76465798     -3.27970212
32    352        -0.95309015     -4.81800378     -3.23794801
33    352        -1.01461097     -4.88482612     -3.19578070
34    352        -1.07228253     -4.94893960     -3.15068748
35    352        -1.12794333     -5.02300052     -3.13618018
36    352        -1.15185982     -5.10365669     -3.19344908
37    352        -1.14868653     -5.17943185     -3.27701254
38    352        -1.13202899     -5.23186725     -3.35759165
39    352        -1.10661651     -5.26035801     -3.41012518
40    352        -1.07525414     -5.28076086     -3.43234298
41    352        -1.05407826     -5.29738071     -3.44646866
42    352        -1.05928972     -5.32109031     -3.43219296
43    352        -1.10414403     -5.34684168     -3.38307372
44    352        -1.16577340     -5.35027958     -3.32440330
45    352        -1.21109376     -5.32440564     -3.26587347
46    352        -1.25000665     -5.31165125     -3.20537990
47    352        -1.28473605     -5.33697945     -3.15853921
48    352        -1.32744416     -5.36453232     -3.15746461
49    352        -1.38186627     -5.36634561     -3.19967497
50    352        -1.43858818     -5.35270201     -3.24534038
51    352        -1.47138472     -5.33291675     -3.26270825
52    352        -1.48390544     -5.29577567     -3.26084230
53    352        -1.48445978     -5.24704050     -3.25088106
54    352        -1.48069845     -5.20723826     -3.23089568
55    352        -1.47689340     -5.16004169     -3.18873470
56    352        -1.45648480     -5.11528596     -3.14141451
57    352        -1.43540421     -5.10454836     -3.13093460
58    352        -1.43395012     -5.09689348     -3.15307898
59    328        -1.28974312     -2.86105247     -1.86887420
60    328        -1.22655200     -2.89963764     -1.76219799
61    328        -1.22844884     -2.96769067     -1.70664401
62    328        -1.24794860     -3.05449235     -1.64105420
63    328        -1.26979301     -3.09230566     -1.58709629
64    328        -1.24743279     -3.07837963     -1.55541954
65    328        -1.18390902     -3.03015371     -1.56673369
66    328        -1.13287379     -2.99837796     -1.60143495
67    328        -1.08939565     -2.98149981     -1.62597134
68    328        -1.05395483     -2.97644933     -1.64714322
69    328        -1.04545779     -3.00679874     -1.69136080
70    328        -1.06118676     -3.07892975     -1.75050806
71    328        -1.11300669     -3.16825926     -1.75870984
72    328        -1.18889942     -3.22854271     -1.72698956
73    328        -1.23640912     -3.25660428     -1.68189214
74    328        -1.19367103     -3.28245240     -1.67207599
75    328        -1.11549925     -3.33360996     -1.71652246
76    328        -1.03785421     -3.39173578     -1.77915995
77    328        -0.96549854     -3.45120038     -1.83419604
78    328        -0.92267767     -3.50750783     -1.87018985
79    328        -0.93184854     -3.55176720     -1.88048630
80    328        -0.98078196     -3.56298425     -1.85812437
81    328        -1.05476431     -3.56550029     -1.83708148
82    328        -1.14166106     -3.56141055     -1.84177750
83    328        -1.22141847     -3.56653948     -1.84675534
84    328        -1.30154914     -3.57948739     -1.85140255
85    328        -1.39332887     -3.60641152     -1.86292508
86    328        -1.48408058     -3.63388178     -1.87985112
87    328        -1.51930410     -3.65046729     -1.93449215
88    328        -1.50181591     -3.69210020     -2.02459551
89    328        -1.49720750     -3.77804417     -2.11207430
90    328        -1.52638167     -3.87638567     -2.15837359
91    328        -1.57164928     -3.93886864     -2.18697095
92    328        -1.60741384     -3.95267318     -2.20708339
93    328        -1.64468755     -3.92478988     -2.20213346
94    328        -1.68164349     -3.88672836     -2.16998602
95    328        -1.70539810     -3.84896051     -2.13632923
96    328        -1.70555723     -3.83508068     -2.12769789
97    328        -1.71548207     -3.86154689     -2.14729652
98    328        -1.71869561     -3.89403502     -2.16588954
99    328        -1.74191467     -3.90811253     -2.16776716
100   328        -1.77821347     -3.92615192     -2.15038142
101   328        -1.81681727     -3.95255640     -2.12495381
102   328        -1.83729579     -3.97273813     -2.09165119
103   328        -1.83443194     -4.00939133     -2.06647207
104   328        -1.84708592     -4.05224974     -2.08157750
105   328        -1.86732447     -4.09874026     -2.11175897
106   328        -1.89036107     -4.15790782     -2.11675694
107   328        -1.92144340     -4.23041470     -2.08657922
108   328        -1.99588497     -4.31164254     -2.06330807
109   328        -2.09824062     -4.38420827     -2.05919796
110   328        -2.19055448     -4.41291680     -2.05262919
111   328        -2.27766680     -4.41461675     -2.03527113
112   328        -2.38735413     -4.41143446     -2.00767618
113   328        -2.51356342     -4.40004735     -1.96173911
114   328        -2.64542254     -4.39781737     -1.89276181
115   328        -2.78370531     -4.39896583     -1.81707856
116   328        -2.89448191     -4.41122223     -1.77070007
117   328        -2.98068349     -4.42530013     -1.78088822
118   328        -3.05666103     -4.45848412     -1.81132762
119   328        -3.13555197     -4.48190020     -1.84296081
120   328        -3.22162702     -4.48654498     -1.87440273
121   328        -3.31246177     -4.48766641     -1.89388999
122   328        -3.40280009     -4.52499085     -1.89467674
123   328        -3.49506249     -4.58207765     -1.93192712
124   328        -3.57292032     -4.62756355     -1.98190870
125   328        -3.65982481     -4.65100924     -1.99147294
126   328        -3.75388636     -4.64312646     -1.94703818
127   328        -3.83292629     -4.62115420     -1.88418059
128   328        -3.90449496     -4.61454694     -1.86373450
129   328        -3.97292393     -4.64849584     -1.91868541
130   328        -4.05374938     -4.69116582     -1.98838745
131   328        -4.13403891     -4.70118557     -1.99092003
132   328        -4.20872995     -4.68685129     -1.94205443
133   328        -4.27208723     -4.67300516     -1.88091212
134   328        -4.30005589     -4.69712993     -1.84506566
135   328        -4.29547710     -4.75187547     -1.83361690
136   328        -4.28935442     -4.80592941     -1.84653526
137   328        -4.29545752     -4.82628392     -1.88564668
138   328        -4.32000211     -4.79449143     -1.91948772
139   328        -4.34171499     -4.74903947     -1.93518638
140   328        -4.33405445     -4.72836873     -1.94555231
141   328        -4.31816390     -4.74242564     -1.95505215
142   328        -4.32751967     -4.76703369     -1.93689104
143   328        -4.34257212     -4.78582231     -1.89573229
144   328        -4.31939573     -4.80491327     -1.85800545
145   328        -4.23848570     -4.82424140     -1.83450695
146   328        -4.14242796     -4.84107613     -1.82772707
147   328        -4.08012894     -4.84910557     -1.83924109
148   328        -4.06709389     -4.82819934     -1.85189777
149   328        -4.07046093     -4.76329607     -1.84699189
150   328        -4.06402443     -4.68016486     -1.83961989
151   328        -4.05028487     -4.61372929     -1.86094718
152   328        -4.05400588     -4.57411510     -1.88219657
153   328        -4.08005147     -4.56454097     -1.87963677
154   328        -4.09343285     -4.58069698     -1.86631559
155   328        -4.07259732     -4.60507671     -1.85456757
156   328        -4.02737062     -4.62675722     -1.84572037
157   328        -3.97462260     -4.64516610     -1.83198037
158   328        -3.91841776     -4.69330329     -1.81436242
159   328        -3.85654184     -4.76617009     -1.80416230
160   328        -3.81648149     -4.84640318     -1.81168777
161   328        -3.80069608     -4.90217607     -1.82113092
162   328        -3.78609583     -4.90978698     -1.81002149
163   328        -3.76698662     -4.89091143     -1.77155115
164   328        -3.73436981     -4.87801329     -1.71685480
165   328        -3.70612365     -4.91013293     -1.66371859
166   328        -3.70211289     -4.96848417     -1.63741990
167   328        -3.71111424     -5.03655919     -1.62636291
168   328        -3.70264624     -5.10026566     -1.62599546
169   328        -3.68939153     -5.16696449     -1.62388700
170   328        -3.68257095     -5.22949762     -1.60951719
171   328        -3.65403735     -5.25814123     -1.59552675
172   328        -3.60011521     -5.26339511     -1.58016776
173   328        -3.54308587     -5.26874325     -1.56447453
174   328        -3.51383693     -5.31449680     -1.55989584
175   328        -3.51468345     -5.38654715     -1.56061198
176   328        -3.52340707     -5.45398570     -1.56725004
177   328        -3.49208449     -5.46545029     -1.58544377
178   328        -3.40440794     -5.42470675     -1.61964280
179   328        -3.31591543     -5.36844123     -1.66340650
180   328        -3.26078119     -5.31913399     -1.70391590
181   328        -3.26015180     -5.26062594     -1.73244032
182   328        -3.29236578     -5.19256331     -1.74599583
183   328        -3.31758587     -5.14691848     -1.75906709
184   328        -3.33481026     -5.15445186     -1.78135260
185   328        -3.34897702     -5.19575606     -1.81521149
186   328        -3.36427861     -5.24282219     -1.86700343
187   328        -3.38337038     -5.27739820     -1.94506369
188   328        -3.39632236     -5.25873981     -2.01413797
189   328        -3.39038502     -5.16985146     -2.03503738
190   328        -3.40149367     -5.05902948     -2.01883778
191   328        -3.43317851     -4.98145246     -2.01481757
192   328        -3.46868358     -4.95082220     -2.04079222
193   328        -3.51889221     -4.96413031     -2.08528902
194   328        -3.59058598     -4.99726515     -2.12495016
195   328        -3.63030441     -5.02034745     -2.14717191
196   328        -3.60122102     -5.00982121     -2.17927152
197   328        -3.58740169     -4.97865331     -2.23957057
198   328        -3.66816691     -4.95929338     -2.31385409
199   328        -3.79113274     -4.96407784     -2.37965831
200   328        -3.86138142     -4.99044964     -2.43987741
201   328        -3.87143777     -5.02449317     -2.50061969
202   328        -3.87566060     -5.05149940     -2.56073139
203   328        -3.91221023     -5.08206888     -2.61640482
204   328        -3.96945265     -5.11204145     -2.68326238
205   328        -4.01226096     -5.11874484     -2.76479910
206   328        -4.01913463     -5.08707070     -2.84772078
207   328        -4.02152016     -5.04773628     -2.89976045
208   328        -4.06165704     -5.03168123     -2.88012616
209   328        -4.11655584     -5.03277662     -2.79611050
210   328        -4.14092942     -5.03413529     -2.72265164
211   328        -4.12321984     -5.03695017     -2.69879657
212   328        -4.07556981     -5.04502583     -2.70143048
213   328        -4.03185895     -5.05949998     -2.68792391
214   328        -4.01239148     -5.08407605     -2.68423417
215   328        -3.99636422     -5.12413501     -2.70410790
216   328        -4.00755921     -5.16183137     -2.72470346
217   328        -4.04602463     -5.17199722     -2.71247374
218   328        -4.08072757     -5.15746528     -2.64929926
219   328        -4.11024311     -5.13926201     -2.56376929
220   328        -4.12652732     -5.09537983     -2.52097610
221   328        -4.11259781     -5.02676303     -2.55866192
222   328        -4.07161375     -4.96666121     -2.63914361
223   328        -4.01986498     -4.93538519     -2.69573033
224   328        -3.97624664     -4.91479454     -2.70758017
225   328        -3.95295484     -4.89990527     -2.68346433
226   328        -3.95282005     -4.89888308     -2.64543172
227   328        -3.97753000     -4.94422553     -2.61934346
228   328        -4.02590096     -5.02502363     -2.58745053
229   328        -4.07783997     -5.07347139     -2.54655646
230   328        -4.09319562     -5.08706959     -2.53295036
231   328        -4.07503075     -5.06541812     -2.54452061
232   328        -4.04118620     -5.01076911     -2.52105569
233   328        -3.98223638     -4.94864409     -2.46540296
234   328        -3.92806298     -4.91018406     -2.40778536
235   328        -3.89545909     -4.91277910     -2.35646570
236   328        -3.83879581     -4.92625455     -2.32977721
237   328        -3.75830721     -4.91762172     -2.32792331
238   328        -3.69666269     -4.89152274     -2.30982377
239   328        -3.68500213     -4.89873404     -2.27039485
240   328        -3.70850386     -4.90768008     -2.22910263
241   328        -3.76566165     -4.91548510     -2.16444852
242   328        -3.82876598     -4.89567916     -2.04824544
243   328        -3.87901677     -4.86225045     -1.89080755
244   328        -3.93062409     -4.81218493     -1.71478378
245   328        -3.98594915     -4.73887771     -1.54326771
246   328        -4.01445219     -4.65304236     -1.38085771
247   328        -3.99049251     -4.57344076     -1.25207862
248   328        -3.93627924     -4.53856788     -1.16393458
249   328        -3.87286604     -4.55185335     -1.09662583
250   328        -3.82335787     -4.56411339     -1.06048738
251   328        -3.78207068     -4.55285336     -1.06077422
252   328        -3.74610203     -4.53880586     -1.07034477
253   328        -3.73328904     -4.53787462     -1.03516358
254   328        -3.75858887     -4.56110553     -0.97795024
255   328        -3.81542975     -4.60499797     -0.91540383
256   328        -3.89353466     -4.66316845     -0.84709255
257   328        -3.96229204     -4.72690906     -0.78252741
258   328        -4.01123390     -4.78142561     -0.73201843
259   328        -4.05613835     -4.83305362     -0.69100581
260   328        -4.10834786     -4.89094054     -0.63321564
261   328        -4.16838790     -4.92874358     -0.57342085
262   328        -4.21669803     -4.90728741     -0.54833358
263   328        -4.24501033     -4.82343344     -0.56330109
264   328        -4.25961619     -4.72257572     -0.60197837
265   328        -4.26819095     -4.67067159     -0.63623892
266   328        -4.28540593     -4.69049087     -0.68649444
267   328        -4.30085511     -4.75497505     -0.75228479
268   328        -4.29824529     -4.82072449     -0.82315999
269   328        -4.27407519     -4.87648723     -0.87739588
270   328        -4.25210944     -4.93180361     -0.90138279
271   328        -4.25932044     -4.99857160     -0.89809002
272   328        -4.28604171     -5.03971925     -0.89399127
273   328        -4.28132618     -5.02260184     -0.93234568
274   328        -4.24886077     -4.98112033     -0.97805401
275   328        -4.25786286     -4.93841940     -1.01930764
276   328        -4.31524832     -4.90124184     -1.03712623
277   328        -4.37246385     -4.88815844     -1.03137822
278   328        -4.41964695     -4.89818724     -1.00989080
279   328        -4.45848545     -4.95441496     -0.97892303
280   328        -4.49335765     -5.03473841     -0.95060254
281   328        -4.51959853     -5.06337242     -0.90848004
282   328        -4.53243593     -5.02550123     -0.85231702
283   328        -4.53111420     -5.00388128     -0.79927205
284   328        -4.53333658     -5.01225454     -0.74724836
285   328        -4.56104641     -5.00898032     -0.71014234
286   328        -4.58140272     -4.98343934     -0.66330311
287   328        -4.58715289     -4.95685122     -0.60885539
288   328        -4.58612767     -4.94504594     -0.55001688
289   328        -4.58647453     -4.94997053     -0.51819249
290   328        -4.57629765     -4.97259364     -0.54025794
291   328        -4.54042827     -5.01405244     -0.59917234
292   328        -4.49025878     -5.06634694     -0.66399967
293   328        -4.45814443     -5.10756804     -0.71487368
294   328        -4.46002956     -5.12551787     -0.71987978
295   328        -4.48971834     -5.13172830     -0.68695569
296   328        -4.53727234     -5.15103074     -0.62996118
297   328        -4.60039996     -5.19454470     -0.57193595
298   328        -4.67309201     -5.25456077     -0.51965456
299   328        -4.72231052     -5.31151539     -0.46415343
300   328        -4.73705730     -5.35244617     -0.43627560
301   328        -4.74261406     -5.38516058     -0.44293211
302   328        -4.73974173     -5.43335924     -0.46608151
303   328        -4.73347541     -5.48167147     -0.48478228
304   328        -4.72042273     -5.48518896     -0.48418272
305   328        -4.70858386     -5.44759141     -0.45429149
306   328        -4.70841547     -5.38383775     -0.39006537
307   328        -4.71529097     -5.32588484     -0.32290037
308   328        -4.71184031     -5.31058431     -0.28309734
309   328        -4.69943241     -5.34358084     -0.27324807
310   328        -4.69499065     -5.40068252     -0.29093565
311   328        -4.71481561     -5.43178080     -0.31463911
312   328        -4.74721535     -5.41076617     -0.33411165
313   328        -4.76220152     -5.36384453     -0.36186624
314   328        -4.77070785     -5.35267134     -0.39717796
315   328        -4.78137183     -5.37642989     -0.43311858
316   328        -4.80865701     -5.41094901     -0.44795113
317   328        -4.85709386     -5.43036917     -0.44249277
318   328        -4.93750730     -5.42504265     -0.43112631
319   328        -5.03446280     -5.40644891     -0.43376052
320   328        -5.12360199     -5.39417057     -0.46715290
321   328        -5.17480482     -5.39052002     -0.51594541
322   328        -5.20855131     -5.42126147     -0.56708472
323   328        -5.24439660     -5.48080560     -0.59461541
324   328        -5.27987595     -5.54227486     -0.60081702
325   328        -5.30794020     -5.58433250     -0.60831812
326   328        -5.33428537     -5.61045979     -0.65029495
327   328        -5.36292403     -5.63551641     -0.72397551
328   328        -5.37190016     -5.63681852     -0.78573622
329   328        -5.38148451     -5.62106391     -0.79875572
330   328        -5.40169955     -5.58795032     -0.80783898
331   328        -5.40713070     -5.54428289     -0.84236157
332   328        -5.38945589     -5.50003454     -0.90279773
333   328        -5.36741419     -5.44398232     -0.94834509
334   328        -5.38314019     -5.39294092     -0.96511255
335   328        -5.42947711     -5.36500327     -0.95249901
336   328        -5.46443271     -5.34964521     -0.90013048
337   328        -5.49600746     -5.33405282     -0.82297135
338   328        -5.55051221     -5.31151127     -0.74882482
339   328        -5.59910671     -5.26181510     -0.72784024
340   328        -5.63951761     -5.19772382     -0.74226538
341   328        -5.68099373     -5.12330740     -0.77209355
342   328        -5.74360385     -5.05081204     -0.78846217
343   328        -5.81561729     -4.98796955     -0.78486163
344   328        -5.87939524     -4.94855393     -0.77407657
345   328        -5.94913181     -4.92268758     -0.76467050
346   328        -6.03494115     -4.89865575     -0.76652952
347   328        -6.12628923     -4.88465941     -0.76690487
348   328        -6.20958204     -4.88528699     -0.78234072
349   328        -6.26249468     -4.92409768     -0.81091928
350   328        -6.27411649     -4.97742252     -0.84985368
351   328        -6.23942265     -5.01526813     -0.88086274
352   328        -6.16966409     -5.01545431     -0.89115323
353   328        -6.10632712     -4.99181554     -0.87054954
354   328        -6.09589763     -4.96691263     -0.83060306
355   328        -6.13837774     -4.94522666     -0.78884311
356   328        -6.19275829     -4.93836466     -0.75590294
357   328        -6.24224544     -4.93879459     -0.73727687
358   328        -6.29314656     -4.94439022     -0.72913992
359   328        -6.32838496     -4.95239754     -0.73409102
360   328        -6.35187879     -4.96264817     -0.73455212
361   328        -6.36385737     -4.93215267     -0.72663240
362   328        -6.37945362     -4.85560493     -0.71096188
363   328        -6.40633392     -4.77544555     -0.69630623
364   328        -6.44931377     -4.74192874     -0.68313049
365   328        -6.50790491     -4.75793614     -0.67135772
366   328        -6.57590493     -4.79675304     -0.66049164
367   328        -6.64790124     -4.84573947     -0.63005001
368   328        -6.71799269     -4.89445496     -0.57990095
369   328        -6.77692828     -4.94803954     -0.50715745
370   328        -6.80939765     -5.00831257     -0.43075237
371   328        -6.81707694     -5.05273168     -0.36257064
372   328        -6.80604598     -5.05300579     -0.32507187
373   328        -6.78568323     -5.00690437     -0.32054734
374   328        -6.76986203     -4.94730044     -0.33667722
375   328        -6.78251949     -4.89307408     -0.34905051
376   328        -6.82520767     -4.87506851     -0.36094145
377   328        -6.89034406     -4.89030308     -0.37630147
378   328        -6.95854547     -4.93680553     -0.39789960
379   328        -7.00889183     -4.99408637     -0.40438203
380   328        -7.03898574     -5.05124463     -0.39517188
381   328        -7.04184059     -5.10019201     -0.38654726
382   328        -7.02337395     -5.13557442     -0.37325965
383   328        -6.98421439     -5.15355547     -0.37336847
384   328        -6.92927663     -5.15695340     -0.39484732
385   328        -6.87186888     -5.18262313     -0.43784106
386   328        -6.83862808     -5.21896666     -0.48116709
387   328        -6.85612057     -5.25060759     -0.52195192
388   328        -6.89676967     -5.24633729     -0.56663390
389   328        -6.92737094     -5.21379821     -0.61168674
390   328        -6.94777306     -5.16677293     -0.65605094
391   328        -6.98201736     -5.10747164     -0.70436525
392   328        -7.01179022     -5.06769488     -0.75977800
393   328        -7.01043213     -5.07502124     -0.81156002
394   328        -6.98596054     -5.10259647     -0.86422273
395   328        -6.97535449     -5.09558384     -0.91342123
396   328        -6.98220003     -5.07274290     -0.96776010
397   328        -6.99750422     -5.05648543     -1.00143486
398   328        -7.02377428     -5.04084664     -1.02051594
399   328        -7.04721738     -4.99839886     -1.04064422
400   328        -7.08829637     -4.97281838     -1.07127096
401   328        -7.13021750     -5.00045038     -1.11023477
402   328        -7.17880116     -5.04883438     -1.14426910
403   328        -7.21041147     -5.08662741     -1.17713700
404   328        -7.21971404     -5.13296046     -1.21533416
405   328        -7.23604972     -5.18668299     -1.25200711
406   328        -7.26145914     -5.21300861     -1.28160351
407   328        -7.29882596     -5.21269744     -1.30078018
408   328        -7.31270489     -5.20088128     -1.29960994
409   328        -7.28742820     -5.21205683     -1.27971211
410   328        -7.24018984     -5.22964209     -1.23929841
411   328        -7.18059539     -5.25371885     -1.19227857
412   328        -7.10729927     -5.26798642     -1.15664810
413   328        -7.02965277     -5.26334803     -1.12700179
414   328        -6.96779263     -5.24197785     -1.08900542
415   328        -6.92983468     -5.20315778     -1.05201039
416   328        -6.89543078     -5.18084838     -1.04187495
417   328        -6.87224687     -5.18461403     -1.04126584
418   328        -6.84991746     -5.20662938     -1.02696296
419   328        -6.84418769     -5.24800215     -0.98589892
420   328        -6.85808096     -5.30277962     -0.94880257
421   328        -6.88736495     -5.36592764     -0.91888068
422   328        -6.90024313     -5.42337808     -0.90909769
423   328        -6.87729504     -5.44210603     -0.91732482
424   328        -6.82257571     -5.41931511     -0.90133108
425   328        -6.77624327     -5.38298745     -0.84066681
426   328        -6.79044568     -5.35587375     -0.77895683
427   328        -6.82498942     -5.36100615     -0.76550238
428   328        -6.85016281     -5.39575896     -0.79427361
429   328        -6.85055507     -5.41892707     -0.83944368
430   328        -6.84403843     -5.42141363     -0.87503825
431   328        -6.82588745     -5.41953600     -0.90768455
432   328        -6.83608921     -5.42418676     -0.92023982
433   328        -6.88011296     -5.42998665     -0.91030401
434   328        -6.91435571     -5.43927713     -0.89409511
435   328        -6.91039587     -5.44446415     -0.89985768
436   328        -6.84583192     -5.45611366     -0.92543272
437   328        -6.75841871     -5.48466855     -0.95494229
438   328        -6.69154099     -5.50001744     -0.96739226
439   328        -6.66793938     -5.48760003     -0.94655053
440   328        -6.67311926     -5.44134443     -0.91139772
441   328        -6.69144883     -5.40825071     -0.84652106
442   328        -6.71239331     -5.40196711     -0.79008621
443   328        -6.73407182     -5.42675412     -0.77208925
444   328        -6.74335710     -5.46857253     -0.80453490
445   328        -6.74326358     -5.50164798     -0.82321996
446   328        -6.71743640     -5.51125269     -0.80133625
447   328        -6.70638960     -5.52170859     -0.77102104
448   328        -6.72290624     -5.53298610     -0.76461857
449   328        -6.73558032     -5.54064037     -0.75993504
450   328        -6.76091697     -5.55240127     -0.72108432
451   328        -6.79547577     -5.55417585     -0.67675997
452   328        -6.88015888     -5.57701095     -0.62025565
453   328        -6.98583851     -5.61493086     -0.55933011
454   328        -7.08058477     -5.67208479     -0.48612317
455   328        -7.15976422     -5.74669149     -0.42782727
456   328        -7.22136925     -5.81843090     -0.40787049
457   328        -7.27449133     -5.88292377     -0.43792596
458   328        -7.32508828     -5.94133240     -0.48189101
459   328        -7.38984391     -6.01425173     -0.50026827
460   328        -7.45549682     -6.10554345     -0.50359036
461   328        -7.50817628     -6.18400636     -0.51214327
462   328        -7.55932509     -6.23831616     -0.51300171
463   328        -7.59297787     -6.28754553     -0.50066055
464   328        -7.58547011     -6.34670202     -0.48287467
465   328        -7.56814236     -6.41440761     -0.49308320
466   328        -7.58203612     -6.46906182     -0.52231475
467   328        -7.62934977     -6.49927047     -0.52334235
468   328        -7.67747502     -6.51179764     -0.47384987
469   328        -7.70110015     -6.53275327     -0.37354612
470   328        -7.69729195     -6.56788528     -0.25987554
471   328        -7.66161239     -6.61424314     -0.14934954
472   328        -7.58821284     -6.64889735     -0.05061869
473   328        -7.54220397     -6.69927918      0.02715989
474   328        -7.57428670     -6.76691334      0.08127202
475   328        -7.65016691     -6.84470100      0.09866163
476   328        -7.71621175     -6.91004646      0.09316740
477   328        -7.76550916     -6.93737554      0.09460357
478   328        -7.81839552     -6.93168319      0.13145872
479   328        -7.87986962     -6.90039541      0.18588977
480   328        -7.92135123     -6.86375427      0.21907361
481   328        -7.92292392     -6.83087212      0.23288512
482   328        -7.90393385     -6.80645675      0.25996826
483   328        -7.89664418     -6.78634722      0.31342717
484   328        -7.90575402     -6.76259593      0.37435949
485   328        -7.90793770     -6.73950620      0.41780994
486   328        -7.89419338     -6.71035459      0.44937764
487   328        -7.88782456     -6.66622787      0.47190521
488   328        -7.92037923     -6.59905093      0.48672314
489   328        -7.98989051     -6.54682462      0.49279790
490   328        -8.05251785     -6.52532357      0.48877084
491   328        -8.07918362     -6.53059589      0.49572961
492   328        -8.07517307     -6.54164265      0.52821313
493   328        -8.06627502     -6.54234395      0.57029454
494   328        -8.05597934     -6.54190869      0.60802966
495   328        -8.03059829     -6.54542084      0.63229502
496   328        -7.98790543     -6.55458743      0.64915848
497   328        -7.93094565     -6.57578274      0.66737750
498   328        -7.87554030     -6.60675722      0.68369947
499   328        -7.85132823     -6.66062984      0.69401773
500   328        -7.87622819     -6.72033885      0.70566527
501   328        -7.92564198     -6.76025374      0.73239390
502   328        -7.96223439     -6.76054723      0.75852303
503   328        -7.95516258     -6.75481802      0.76681624
504   328        -7.92306253     -6.76855634      0.76390991
505   328        -7.88561314     -6.80127930      0.77351203
506   328        -7.85235281     -6.83144563      0.79688882
507   328        -7.83321354     -6.85724442      0.83365821
508   328        -7.83599919     -6.89657331      0.87033346
509   328        -7.87341688     -6.94293016      0.94065338
510   328        -7.94583691     -6.98721633      1.04347577
511   328        -8.02675588     -7.02855170      1.12933307
512   328        -8.08116348     -7.05249627      1.17517014
513   328        -8.11675443     -7.05278002      1.18644359
514   328        -8.15799071     -7.04939548      1.18690183
515   328        -8.20228103     -7.05881069      1.20174973
516   328        -8.23501666     -7.07330977      1.21376989
517   328        -8.26519455     -7.08408049      1.19794883
518   328        -8.29835848     -7.09423325      1.16075733
519   328        -8.34758935     -7.12153942      1.13527766
520   328        -8.41686645     -7.16334705      1.13453931
521   328        -8.49213847     -7.21065082      1.12704437
522   328        -8.56379276     -7.24361704      1.11650662
523   328        -8.62332464     -7.26506986      1.09731568
524   328        -8.66129208     -7.27862046      1.06815319
525   328        -8.65437639     -7.28530708      1.03552706
526   328        -8.62891890     -7.29519150      1.01732630
527   328        -8.61511823     -7.31606516      1.00831024
528   328        -8.61950218     -7.34385643      1.01202673
529   328        -8.63353711     -7.36234366      1.03220213
530   328        -8.64730906     -7.36145688      1.04409009
531   328        -8.66341207     -7.36572805      1.05467187
532   328        -8.67439006     -7.40347841      1.06688662
533   328        -8.68995343     -7.43809433      1.05909992
534   328        -8.71169871     -7.45876949      1.02350445
535   328        -8.75140695     -7.49326793      0.97513458
536   328        -8.79066390     -7.57361742      0.91826065
537   328        -8.81059308     -7.67273649      0.85615549
538   328        -8.82348980     -7.74928732      0.78755955
539   328        -8.83734409     -7.77615266      0.72431228
540   328        -8.86535323     -7.76438469      0.66268315
541   328        -8.89152784     -7.74309533      0.61686937
542   328        -8.91316561     -7.72952131      0.58274215
543   328        -8.92021893     -7.73117606      0.56057974
544   328        -8.91599356     -7.74892568      0.55474349
545   328        -8.91788253     -7.78801292      0.56346885
546   328        -8.91865778     -7.82750834      0.59094998
547   328        -8.93020997     -7.83410459      0.60385148
548   328        -8.96573688     -7.81437763      0.59190329
549   328        -9.03278009     -7.79252058      0.56331477
550   328        -9.10780752     -7.77161559      0.54264450
551   328        -9.17661250     -7.76023317      0.55904100
552   328        -9.25506883     -7.77467203      0.59675306
553   328        -9.33460846     -7.81194202      0.64035478
554   328        -9.39833318     -7.85656423      0.70737555
555   328        -9.46852267     -7.89822954      0.80093036
556   328        -9.52876474     -7.91332952      0.88114773
557   328        -9.55399830     -7.88207578      0.91597702
558   328        -9.51474248     -7.83753836      0.91386002
559   328        -9.44045099     -7.81570984      0.88489858
560   328        -9.39336778     -7.84068294      0.84460688
561   328        -9.38998813     -7.88858871      0.81592861
562   328        -9.40550478     -7.93921025      0.76722883
563   328        -9.39327719     -7.97036878      0.70965863
564   328        -9.37670890     -7.99487205      0.66659301
565   328        -9.37699570     -8.00580862      0.63550725
566   328        -9.41312834     -7.98195487      0.60365662
567   328        -9.45583484     -7.93177743      0.55782694
568   328        -9.50525178     -7.87181085      0.49444547
569   328        -9.53868961     -7.83902591      0.41593633
570   328        -9.55743981     -7.84765663      0.32306201
571   328        -9.56221396     -7.87288702      0.21789631
572   328        -9.53619651     -7.90333445      0.12815951
573   328        -9.49327072     -7.92598984      0.05297461
574   328        -9.47117567     -7.95353416     -0.00451833
575   328        -9.51086090     -7.96862797     -0.07269672
576   328        -9.58045130     -7.97103041     -0.12356022
577   328        -9.63365001     -7.96162662     -0.18056337
578   328        -9.65928890     -7.96091496     -0.23405092
579   328        -9.68232995     -7.97387980     -0.23595122
580   328        -9.71182851     -7.96937320     -0.21969669
581   328        -9.72919343     -7.93557444     -0.22534001
582   328        -9.72110159     -7.90326944     -0.25955308
583   328        -9.71133816     -7.89511651     -0.30103765
584   328        -9.72175310     -7.91119680     -0.36341385
585   328        -9.73090942     -7.93927737     -0.44587996
586   328        -9.73111862     -7.95988388     -0.52780070
587   328        -9.73045108     -7.97441987     -0.57917374
588   328        -9.72278521     -7.98480265     -0.61036074
589   328        -9.70097241     -7.98605273     -0.64682763
590   328        -9.67900150     -7.98060525     -0.67728508
591   328        -9.66377135     -7.97893518     -0.68334467
592   328        -9.66450553     -7.97785421     -0.65535195
593   328        -9.67546810     -7.95887173     -0.61730204
594   328        -9.68435478     -7.90615083     -0.58901264
595   328        -9.67568146     -7.84706273     -0.60274733
596   328        -9.66574269     -7.81332913     -0.65975355
597   328        -9.68308708     -7.80811246     -0.75366190
598   328        -9.72585498     -7.80335170     -0.87223526
599   328        -9.78886018     -7.78832644     -1.00053602
600   328        -9.86346549     -7.75068365     -1.09608590
601   328        -9.94258381     -7.68888042     -1.12597505
602   328        -9.99808131     -7.63240719     -1.11359418
603   328       -10.01863308     -7.59639541     -1.12540426
604   328       -10.00901216     -7.57594392     -1.19884532
605   328        -9.99094275     -7.55787685     -1.28857097
606   328        -9.97492439     -7.52537063     -1.33735076
607   328        -9.96356209     -7.48027839     -1.34510045
608   328        -9.93464283     -7.46012326     -1.35259524
609   328        -9.89337217     -7.47301993     -1.35272663
610   328        -9.87183357     -7.47714725     -1.32999398
611   328        -9.88411574     -7.43325276     -1.30116369
612   328        -9.92774624     -7.34733388     -1.30273325
613   328        -9.99219086     -7.24927112     -1.33439195
614   328       -10.06539984     -7.17284721     -1.39403823
615   328       -10.12868936     -7.14381830     -1.48315216
616   328       -10.16414665     -7.15116100     -1.58713026
617   328       -10.17727468     -7.17926107     -1.67906272
618   328       -10.19143250     -7.20938381     -1.73144256
619   328       -10.21487813     -7.25184927     -1.75983382
620   328       -10.22541494     -7.28027484     -1.76401828
621   328       -10.22994712     -7.23255326     -1.76188934
622   328       -10.23694718     -7.10631311     -1.74043682
623   328       -10.24809213     -6.96630204     -1.72887020
624   328       -10.24916373     -6.89494284     -1.73432224
625   328       -10.25875492     -6.89033307     -1.74786633
626   328       -10.27055480     -6.91296866     -1.75760934
627   328       -10.26709081     -6.94023493     -1.75863895
628   328       -10.26905903     -6.97535154     -1.74875067
629   328       -10.28583800     -7.01033699     -1.70268033
630   328       -10.31134010     -7.01494086     -1.64291125
631   328       -10.31397587     -6.99244980     -1.59695620
632   328       -10.29785718     -6.96346581     -1.58354810
633   328       -10.27285814     -6.92212643     -1.58755235
634   328       -10.27579395     -6.84312802     -1.58643407
635   328       -10.31266842     -6.74913960     -1.55186999
636   328       -10.34217934     -6.66788542     -1.51171053
637   328       -10.36608482     -6.63537004     -1.48484091
638   328       -10.41785719     -6.62758917     -1.48624777
639   328       -10.49464900     -6.64756125     -1.51417371
640   328       -10.55621591     -6.67871337     -1.53804412
641   328       -10.58556934     -6.67489613     -1.54927377
642   328       -10.58702641     -6.61415730     -1.54784419
643   328       -10.56682732     -6.52739093     -1.54906789
644   328       -10.53343810     -6.46807607     -1.54914862
645   328       -10.49735302     -6.44734253     -1.54694578
646   328       -10.48007130     -6.43680382     -1.54308098
647   328       -10.48926104     -6.41897627     -1.53641066
648   328       -10.50756933     -6.42422710     -1.51345519
649   328       -10.54924655     -6.45009493     -1.48488522
650   328       -10.59858115     -6.50992024     -1.46088203
651   328       -10.65094369     -6.56273323     -1.43885513
652   328       -10.67361662     -6.59053006     -1.42303726
653   328       -10.64820744     -6.60006768     -1.42451260
654   328       -10.60520566     -6.62086998     -1.43037605
655   328       -10.59935685     -6.65002004     -1.43319703
656   328       -10.62735921     -6.66640174     -1.44268792
657   328       -10.63605993     -6.67019390     -1.46837800
658   328       -10.62617441     -6.67645641     -1.50561715
659   328       -10.61760308     -6.68910912     -1.56853315
660   328       -10.60547826     -6.68901576     -1.64684633
661   328       -10.58745322     -6.67661520     -1.70837032
662   328       -10.58611278     -6.65636512     -1.74877500
663   328       -10.57974950     -6.64249665     -1.76610387
664   328       -10.54337490     -6.65478435     -1.76225671
665   328       -10.48457735     -6.68712893     -1.76555682
666   328       -10.45884408     -6.72074968     -1.81595372
667   328       -10.48273982     -6.77067844     -1.90438531
668   328       -10.52620835     -6.83641466     -1.98520654
669   328       -10.53809334     -6.87310020     -2.04897175
670   328       -10.51139946     -6.86972646     -2.11166140
671   328       -10.47714612     -6.85335066     -2.19539383
672   328       -10.46575321     -6.85327107     -2.28350811
673   328       -10.47096669     -6.86600670     -2.35412231
674   328       -10.49195785     -6.87273481     -2.39462468
675   328       -10.50474003     -6.88877892     -2.44204373
676   328       -10.51824828     -6.89945593     -2.50464011
677   328       -10.53138153     -6.90379980     -2.57445255
678   328       -10.52409088     -6.93673634     -2.65813707
679   328       -10.51509285     -7.00486586     -2.73039858
680   328       -10.50358006     -7.04678831     -2.78534463
681   328       -10.51164519     -7.04247473     -2.81733795
682   328       -10.53779977     -7.03187456     -2.83031060
683   328       -10.56359728     -7.03846705     -2.83469642
684   328       -10.57412641     -7.03279248     -2.84261132
685   328       -10.56903557     -6.98611555     -2.86562027
686   328       -10.56178828     -6.94209353     -2.92095693
687   328       -10.54448600     -6.93829089     -2.98437281
688   328       -10.54880407     -6.97092877     -3.01433830
689   328       -10.60278710     -7.00395895     -2.99754481
690   328       -10.67437714     -7.02206716     -2.96764310
691   328       -10.70782207     -7.02760524     -2.96765882
692   328       -10.71574978     -7.04112972     -2.99393169
693   328       -10.74795903     -7.04674777     -2.99495024
694   328       -10.79105611     -7.04194473     -2.95201074
695   328       -10.79871428     -7.03751341     -2.91082026
696   328       -10.76858214     -7.05328354     -2.89682624
697   328       -10.75129495     -7.09360329     -2.89785274
698   328       -10.76388547     -7.14256210     -2.88342829
699   328       -10.78328512     -7.17586948     -2.84957187
700   328       -10.80844985     -7.20186028     -2.80032736
701   328       -10.83365998     -7.21280448     -2.75349927
702   328       -10.84507182     -7.21472391     -2.70557411
703   328       -10.84682923     -7.21339159     -2.64405663
704   328       -10.84050110     -7.22415758     -2.56798888
705   328       -10.83239443     -7.24676760     -2.47406766
706   328       -10.82350658     -7.26553047     -2.40194176
707   328       -10.81873219     -7.29355826     -2.37049220
708   328       -10.82271863     -7.31583824     -2.37334249
709   328       -10.84675305     -7.31832068     -2.36999329
710   328       -10.85705255     -7.28798519     -2.35341918
711   328       -10.83748132     -7.25118602     -2.32282646
712   328       -10.80443410     -7.21870345     -2.30062098
713   328       -10.78861037     -7.19247535     -2.26579631
714   328       -10.77980741     -7.17051202     -2.21855910
715   328       -10.75040990     -7.16170456     -2.18165078
716   328       -10.70046742     -7.16720173     -2.15489703
717   328       -10.64504096     -7.18163976     -2.13246606
718   328       -10.59404408     -7.18201434     -2.10521049
719   328       -10.56021671     -7.17089797     -2.08797708
720   328       -10.55036621     -7.17710808     -2.08082244
721   328       -10.52929915     -7.20919024     -2.08695631
722   328       -10.48305367     -7.28192614     -2.11193054
723   328       -10.43687464     -7.37385764     -2.15187102
724   328       -10.41901817     -7.44238520     -2.18935958
725   328       -10.42906627     -7.45996411     -2.23177381
726   328       -10.44701134     -7.44187673     -2.28237017
727   328       -10.45528071     -7.41774606     -2.31398518
728   328       -10.46045195     -7.40860396     -2.30170265
729   328       -10.45537135     -7.40229592     -2.26853659
730   328       -10.44344258     -7.37100890     -2.27535358
731   328       -10.43957753     -7.33061674     -2.32201467
732   328       -10.43580683     -7.29736924     -2.38055060
733   328       -10.44792258     -7.29231965     -2.44823771
734   328       -10.48182127     -7.30743627     -2.50508333
735   328       -10.51641835     -7.32258996     -2.52146890
736   328       -10.55475054     -7.29130499     -2.50395928
737   328       -10.58183807     -7.21965131     -2.48227369
738   328       -10.59550784     -7.13696511     -2.46200832
739   328       -10.61588640     -7.09973365     -2.44043545
740   328       -10.67126527     -7.09457610     -2.41539571
741   328       -10.73174214     -7.09060790     -2.38940819
742   328       -10.76779457     -7.09277473     -2.38581934
743   328       -10.76731476     -7.09911838     -2.42384595
744   328       -10.74665913     -7.09244155     -2.46571532
745   328       -10.72741781     -7.03793360     -2.47424734
746   328       -10.70563781     -6.97894057     -2.44975285
747   328       -10.68938404     -6.92783884     -2.41617070
748   328       -10.69475065     -6.90262316     -2.40511949
749   328       -10.69744868     -6.89294213     -2.42770071
750   328       -10.69096227     -6.88333629     -2.46823098
751   328       -10.68096501     -6.86980434     -2.49392749
752   328       -10.65598945     -6.85448457     -2.51293961
753   328       -10.63009030     -6.82805651     -2.54782044
754   328       -10.60980943     -6.79696223     -2.58539426
755   328       -10.57238977     -6.78905012     -2.59723750
756   328       -10.49167011     -6.77577182     -2.57932439
757   328       -10.38304475     -6.71639907     -2.54813565
758   328       -10.29124184     -6.66563720     -2.53074345
759   328       -10.24385719     -6.66871172     -2.53895426
760   328       -10.24002453     -6.71767681     -2.56392291
761   328       -10.26053525     -6.75290435     -2.58326116
762   328       -10.27078691     -6.75301347     -2.58986862
763   328       -10.25239937     -6.74912686     -2.59786771
764   328       -10.23541858     -6.76143353     -2.60785894
765   328       -10.24803393     -6.77775908     -2.61781739
766   328       -10.28082925     -6.78597880     -2.62426075
767   328       -10.29765514     -6.77938129     -2.62379375
768   328       -10.29760269     -6.74243186     -2.60332575
769   328       -10.30001540     -6.69290442     -2.57113257
770   328       -10.29912970     -6.66072888     -2.56620379
771   328       -10.29666527     -6.67427437     -2.59414513
772   328       -10.29785586     -6.74178022     -2.61813217
773   328       -10.31884853     -6.83326090     -2.61377255
774   328       -10.35044170     -6.92555183     -2.61066560
775   328       -10.37336395     -6.99519839     -2.61157122
776   328       -10.37945995     -7.03380835     -2.60125717
777   328       -10.37749510     -7.04485798     -2.56912413
778   328       -10.37821475     -7.04492136     -2.53812349
779   328       -10.37333069     -7.02497429     -2.53271249
780   328       -10.37002404     -6.98913432     -2.57079504
781   328       -10.37289200     -6.95771308     -2.62207090
782   328       -10.36644627     -6.97545330     -2.65817059
783   328       -10.34759951     -7.05935481     -2.65883604
784   328       -10.30757546     -7.16119573     -2.64167268
785   328       -10.26106715     -7.22938518     -2.64502086
786   328       -10.24192774     -7.26045704     -2.67025354
787   328       -10.21829922     -7.25739468     -2.69553041
788   328       -10.16551968     -7.21694882     -2.69409035
789   328       -10.09291890     -7.15057036     -2.65814715
790   328       -10.01673351     -7.09683050     -2.60572727
791   328        -9.94662186     -7.07198314     -2.54592899
792   328        -9.89172916     -7.08357433     -2.48712566
793   328        -9.85028469     -7.13786530     -2.45429685
794   328        -9.83104472     -7.22005687     -2.46262208
795   328        -9.82633876     -7.28927149     -2.50264063
796   328        -9.81108436     -7.31310095     -2.55133861
797   328        -9.74990771     -7.29787417     -2.59558464
798   328        -9.67515608     -7.27120414     -2.64827131
799   328        -9.60563291     -7.25401716     -2.70535198
800   328        -9.55747544     -7.24663407     -2.74276748
801   328        -9.53022086     -7.25570081     -2.75912274
802   328        -9.52128938     -7.28294832     -2.75533347
803   328        -9.53531194     -7.31681399     -2.75185578
804   328        -9.55890368     -7.33892563     -2.75219136
805   328        -9.59217318     -7.33192191     -2.75990404
806   328        -9.60864569     -7.30808662     -2.77081067
807   328        -9.59445155     -7.28745481     -2.79628775
808   328        -9.56028396     -7.26630641     -2.81699807
809   328        -9.54496949     -7.23734859     -2.80815360
810   328        -9.56023809     -7.21866822     -2.78111996
811   328        -9.59078754     -7.22452208     -2.74899587
812   328        -9.59502639     -7.25090713     -2.73252173
813   328        -9.57560133     -7.28784875     -2.71742613
814   328        -9.54778909     -7.34022360     -2.67143952
815   328        -9.51477462     -7.41713445     -2.60734686
816   328        -9.47821926     -7.49824181     -2.54773190
817   328        -9.45453720     -7.54451611     -2.49812781
818   328        -9.43421177     -7.54665064     -2.45130776
819   328        -9.40943592     -7.50652507     -2.40228085
820   328        -9.39318539     -7.45176175     -2.35992891
821   328        -9.38979281     -7.41219516     -2.33182502
822   328        -9.39631428     -7.40389494     -2.29145918
823   328        -9.42056635     -7.42928457     -2.21863495
824   328        -9.43789184     -7.46710656     -2.13651549
825   328        -9.42902857     -7.49799038     -2.06627415
826   328        -9.39960202     -7.52897649     -2.01486444
827   328        -9.36013782     -7.58054190     -1.98241305
828   328        -9.31173262     -7.63277255     -1.97483644
829   328        -9.25133654     -7.66991134     -1.99070401
830   328        -9.18390212     -7.70207020     -2.02473342
831   328        -9.12033777     -7.75101560     -2.05432236
832   328        -9.07675055     -7.82079922     -2.05621180
833   328        -9.04245084     -7.89905311     -2.02746957
834   328        -8.98305366     -7.94633933     -1.98089635
835   328        -8.91642766     -7.96183628     -1.92382859
836   328        -8.88288719     -7.98840730     -1.87759786
837   328        -8.87936791     -8.04113751     -1.83913486
838   328        -8.85915014     -8.09787191     -1.79339666
839   328        -8.83561286     -8.13597303     -1.74667426
840   328        -8.83791624     -8.16400959     -1.72557666
841   328        -8.86134204     -8.18939470     -1.73047339
842   328        -8.87839732     -8.20143055     -1.73646171
843   328        -8.86964639     -8.19759044     -1.73207101
844   328        -8.85061370     -8.18081010     -1.71073208
845   328        -8.81285510     -8.19211882     -1.71327536
846   328        -8.74847622     -8.24360232     -1.72332719
847   328        -8.67121469     -8.31094348     -1.70279384
848   328        -8.60979607     -8.35862585     -1.63831590
849   328        -8.59180341     -8.40002789     -1.55870317
850   328        -8.61407935     -8.44938457     -1.49043324
851   328        -8.65564688     -8.48886996     -1.44790497
852   328        -8.70081519     -8.47285038     -1.41393897
853   328        -8.71846087     -8.41803330     -1.37959230
854   328        -8.69676272     -8.36584225     -1.35131579
855   328        -8.65837005     -8.32275971     -1.31600908
856   328        -8.61298753     -8.27963467     -1.27427243
857   328        -8.55924910     -8.25434332     -1.23355079
858   328        -8.51956346     -8.26889412     -1.18882434
859   328        -8.51663133     -8.31040391     -1.15841152
860   328        -8.54412218     -8.36504811     -1.16142423
861   328        -8.60425793     -8.41541475     -1.16451198
862   328        -8.68660140     -8.45472829     -1.16175742
863   328        -8.74647384     -8.49104411     -1.17199490
864   328        -8.75535532     -8.53498877     -1.21320129
865   328        -8.74372783     -8.56247064     -1.27242447
866   328        -8.73853642     -8.56053021     -1.32331125
867   328        -8.76583086     -8.55154319     -1.35046378
868   328        -8.80890629     -8.56195574     -1.35930037
869   328        -8.83804256     -8.58946178     -1.37709348
870   328        -8.84127235     -8.62319360     -1.38244282
871   328        -8.83005111     -8.63854251     -1.36950390
872   328        -8.82403781     -8.62398577     -1.34846444
873   328        -8.83903597     -8.61377846     -1.32761487
874   328        -8.85839493     -8.62187281     -1.31481835
875   328        -8.87046336     -8.64227380     -1.31971553
876   328        -8.86063177     -8.66464214     -1.34177860
877   328        -8.84519416     -8.71614626     -1.38238377
878   328        -8.86940182     -8.79492456     -1.43328922
879   328        -8.93468624     -8.86217298     -1.45417626
880   328        -9.01418688     -8.89871863     -1.44759020
881   328        -9.05349551     -8.89912938     -1.42685001
882   328        -9.05434699     -8.87871327     -1.41358604
883   328        -9.06965350     -8.85186690     -1.41888096
884   328        -9.15142673     -8.83762889     -1.44301667
885   328        -9.26416258     -8.82866779     -1.49263661
886   328        -9.35270086     -8.81755795     -1.57940156
887   328        -9.39637843     -8.79627710     -1.65504982
888   328        -9.43787068     -8.77412276     -1.69164240
889   328        -9.50403323     -8.73826575     -1.71769592
890   328        -9.59306339     -8.67333757     -1.73400345
891   328        -9.67304207     -8.58588196     -1.69322275
892   328        -9.72756642     -8.51093304     -1.60282352
893   328        -9.77490670     -8.46584998     -1.53494185
894   328        -9.85058205     -8.45124191     -1.52250647
895   328        -9.93331116     -8.43294854     -1.55081225
896   328        -9.96901411     -8.40898950     -1.60100151
897   328        -9.96944052     -8.40285619     -1.65156280
898   328        -9.96899385     -8.41565868     -1.70652904
899   328        -9.99193754     -8.44258681     -1.75187603
900   328       -10.01852400     -8.48529081     -1.78829136
901   328       -10.03870289     -8.52466256     -1.82979729
902   328       -10.06050997     -8.51784771     -1.85395079
903   328       -10.07666629     -8.49448078     -1.85330197
904   328       -10.08050906     -8.49772840     -1.84541658
905   328       -10.08464032     -8.53942470     -1.83393462
906   328       -10.12568764     -8.58660239     -1.80867851
907   328       -10.19642574     -8.62859943     -1.79608326
908   328       -10.29118300     -8.67581186     -1.82602259
909   328       -10.35977545     -8.73238707     -1.85471743
910   328       -10.37828471     -8.79544061     -1.85749163
911   328       -10.34703811     -8.85820406     -1.85269446
912   328       -10.32619264     -8.90667537     -1.85794488
913   328       -10.34623493     -8.92502900     -1.85313976
914   328       -10.37839680     -8.90230235     -1.83351946
915   328       -10.40844628     -8.86674552     -1.80591433
916   328       -10.41843775     -8.85620632     -1.76207202
917   328       -10.43274893     -8.88601128     -1.72873835
918   328       -10.46369907     -8.93959607     -1.71593451
919   328       -10.51537895     -8.99346344     -1.72781633
920   328       -10.55343765     -9.03933583     -1.76446324
921   328       -10.58780553     -9.07631595     -1.82946952
922   328       -10.63134741     -9.10743336     -1.88514932
923   328       -10.66941571     -9.14234552     -1.89794637
924   328       -10.68608188     -9.17540079     -1.86913130
925   328       -10.68340654     -9.17967525     -1.82332273
926   328       -10.69069021     -9.15790349     -1.80570540
927   328       -10.71320429     -9.14542743     -1.80945334
928   328       -10.75230162     -9.14877966     -1.82155646
929   328       -10.79039506     -9.15554700     -1.83321694
930   328       -10.83296911     -9.15593478     -1.84462944
931   328       -10.86885886     -9.14942656     -1.85392358
932   328       -10.89145227     -9.12986306     -1.86085650
933   328       -10.90223904     -9.09075010     -1.87357922
934   328       -10.88832953     -9.02462118     -1.88902284
935   328       -10.85252228     -8.97215135     -1.89615903
936   328       -10.80756630     -8.96633127     -1.87979110
937   328       -10.78255509     -8.98997697     -1.83977749
938   328       -10.77325168     -9.00783316     -1.78071056
939   328       -10.77520991     -9.02305248     -1.69659851
940   328       -10.78015715     -9.01841176     -1.60470956
941   328       -10.78518682     -9.00494459     -1.53455857
942   328       -10.76308216     -8.99921877     -1.48963856
943   328       -10.73770190     -8.98350118     -1.47576498
944   328       -10.72229110     -8.96138315     -1.49380759
945   328       -10.68975476     -8.94209646     -1.54187106
946   328       -10.65394193     -8.94859430     -1.60635670
947   328       -10.67450675     -8.98775473     -1.66126800
948   328       -10.74699252     -9.03778833     -1.69258191
949   328       -10.82889725     -9.06467227     -1.71895031
950   328       -10.90479910     -9.04115588     -1.73415701
951   328       -10.96944172     -8.97398486     -1.70859423
952   328       -11.02549039     -8.89631988     -1.64674468
953   328       -11.06579215     -8.83990691     -1.56220801
954   328       -11.10376870     -8.80776399     -1.47012041
955   328       -11.15273350     -8.78367591     -1.39292940
956   328       -11.18533510     -8.76629073     -1.37308335
957   328       -11.19509955     -8.75529468     -1.40687727
958   328       -11.21135616     -8.75163330     -1.44086981
959   328       -11.24900712     -8.74538954     -1.42778590
960   328       -11.30641853     -8.74328802     -1.38286066
961   328       -11.37176964     -8.73381501     -1.35903740
962   328       -11.41842339     -8.68851323     -1.35592967
963   328       -11.45223088     -8.62107008     -1.36993418
964   328       -11.48160563     -8.57453127     -1.39040194
965   328       -11.51074642     -8.55446775     -1.39714095
966   328       -11.51538015     -8.55018450     -1.37827104
967   328       -11.50742278     -8.55017220     -1.34982366
968   328       -11.49928575     -8.57582400     -1.32904045
969   328       -11.52872084     -8.63284225     -1.29890855
970   328       -11.56778508     -8.70501575     -1.27506836
971   328       -11.58196962     -8.76277661     -1.25394716
972   328       -11.58368544     -8.80762066     -1.25942661
973   328       -11.60265684     -8.84305382     -1.28383263
974   328       -11.64099993     -8.88833475     -1.29650275
975   328       -11.67261992     -8.96237189     -1.29722827
976   328       -11.67859457     -9.04125109     -1.30092774
977   328       -11.64912520     -9.10037047     -1.29678530
978   328       -11.61753082     -9.12946017     -1.26104478
979   328       -11.60188508     -9.16469000     -1.21260547
980   328       -11.59862637     -9.22187744     -1.17237571
981   328       -11.61528908     -9.27880860     -1.15766573
982   328       -11.67040509     -9.29376723     -1.17926028
983   328       -11.74226054     -9.27269034     -1.23331411
984   328       -11.81540018     -9.23282258     -1.27495906
985   328       -11.87585454     -9.20111400     -1.28469383
986   328       -11.90888326     -9.20373893     -1.26702442
987   328       -11.90491598     -9.21531282     -1.24072049
988   328       -11.88777948     -9.21365828     -1.20348299
989   328       -11.87716200     -9.17444229     -1.14809766
990   328       -11.86284759     -9.12919372     -1.07938902
991   328       -11.86325471     -9.09413806     -1.00896245
992   328       -11.89827195     -9.05875196     -0.95759922
993   328       -11.94381447     -9.02134263     -0.91353537
994   328       -11.97623258     -8.99912096     -0.86017618
995   328       -12.00261397     -9.00022248     -0.80919016
996   328       -12.03613594     -9.01015468     -0.80150000
997   328       -12.04699078     -9.01336192     -0.81942862
998   328       -12.01442010     -9.01104345     -0.82683532
999   328       -11.95976594     -9.00982871     -0.80975716
1000  328       -11.90900667     -9.02406600     -0.79653849
1001  328       -11.88929585     -9.02574816     -0.80706813
1002  328       -11.88320837     -9.01411364     -0.83141322
1003  328       -11.88393055     -9.00661609     -0.86264171
1004  328       -11.89550733     -8.98757196     -0.89214248
1005  328       -11.92700222     -8.97327093     -0.91068165
1006  328       -11.94293863     -8.97817947     -0.92416672
1007  328       -11.92006287     -9.02350571     -0.94700628
1008  328       -11.87913792     -9.10399814     -0.96881700
1009  328       -11.83264238     -9.19319380     -0.96780867
1010  328       -11.78468618     -9.27158332     -0.95241599
1011  328       -11.73979539     -9.33928711     -0.94860189
1012  328       -11.72558928     -9.38555988     -0.95674876
1013  328       -11.73713997     -9.40837505     -0.96234315
1014  328       -11.77017648     -9.42125907     -0.96339588
1015  328       -11.80571122     -9.43124536     -0.95184903
1016  328       -11.84234703     -9.44099281     -0.93946033
1017  328       -11.86808940     -9.44042441     -0.94679397
1018  328       -11.90711259     -9.44322592     -0.96440681
1019  328       -11.94692774     -9.47512437     -0.96776304
1020  328       -11.97258805     -9.52950432     -0.97338087
1021  328       -11.97550179     -9.58669899     -0.99225307
1022  328       -11.95221426     -9.62608347     -1.02990866
1023  328       -11.93101082     -9.64228544     -1.05453004
1024  328       -11.93361030     -9.63430378     -1.04161415
1025  328       -11.95920318     -9.61778981     -1.00959859
1026  328       -12.00728738     -9.60403671     -0.98485042
1027  328       -12.07609372     -9.61604478     -0.98565385
1028  328       -12.14553308     -9.64945530     -1.00214286
1029  328       -12.19935059     -9.70925290     -1.01873730
1030  328       -12.22426878     -9.78979349     -1.01950797
1031  328       -12.24289954     -9.86023775     -1.00359643
1032  328       -12.27061436     -9.88985784     -1.01811771
1033  328       -12.32240792     -9.85104374     -1.05413763
1034  328       -12.37823135     -9.77457039     -1.08934769
1035  328       -12.43191930     -9.70720343     -1.11626296
1036  328       -12.47267793     -9.66058812     -1.13760308
1037  328       -12.51587484     -9.60759719     -1.13707558
1038  328       -12.55827939     -9.54553405     -1.11650412
1039  328       -12.58227600     -9.50581478     -1.08046721
1040  328       -12.58587387     -9.50519957     -1.03535203
1041  328       -12.56330889     -9.51462312     -0.98016997
1042  328       -12.53190133     -9.49185033     -0.91592212
1043  328       -12.50969536     -9.46878410     -0.89157680
1044  328       -12.52480603     -9.44889290     -0.93961684
1045  328       -12.54641376     -9.45904946     -1.01998936
1046  328       -12.56963384     -9.44843073     -1.08932292
1047  328       -12.59759225     -9.41549254     -1.13062965
1048  328       -12.61499715     -9.37422554     -1.15582328
1049  328       -12.61150330     -9.33843175     -1.15883089
1050  328       -12.61155615     -9.33599150     -1.15948467
1051  328       -12.60789146     -9.38691380     -1.17560075
1052  328       -12.60700947     -9.47007077     -1.19103906
1053  328       -12.61110014     -9.53198781     -1.18939405
1054  328       -12.61618271     -9.54656230     -1.18950854
1055  328       -12.62295503     -9.52258849     -1.20108765
1056  328       -12.61783485     -9.49359537     -1.19845936
1057  328       -12.60600629     -9.45061777     -1.18697403
1058  328       -12.60279311     -9.39706662     -1.17678162
1059  328       -12.62107707     -9.35806338     -1.17342620
1060  328       -12.63847864     -9.35418434     -1.16753051
1061  328       -12.65005085     -9.36551713     -1.14641111
1062  328       -12.64212699     -9.34719420     -1.11659380
1063  328       -12.62358668     -9.29183859     -1.08424730
1064  328       -12.61714747     -9.26185257     -1.06018017
1065  328       -12.64214896     -9.28311235     -1.06689022
1066  328       -12.70506360     -9.33024097     -1.08978979
1067  328       -12.75815883     -9.38089473     -1.10516829
1068  328       -12.78002562     -9.42003719     -1.09421905
1069  328       -12.77362580     -9.45486013     -1.04765613
1070  328       -12.76961977     -9.47963021     -0.99715660
1071  328       -12.77182705     -9.49248087     -0.95540733
1072  328       -12.80442778     -9.49604144     -0.92483598
1073  328       -12.85708420     -9.49788917     -0.91887859
1074  328       -12.92700084     -9.48638808     -0.92224204
1075  328       -13.00066185     -9.46972353     -0.91745086
1076  328       -13.04284707     -9.45743272     -0.90185208
1077  328       -13.04794076     -9.44871207     -0.88187569
1078  328       -13.01900072     -9.45651780     -0.85700966
1079  328       -12.98535702     -9.50240602     -0.83767616
1080  328       -12.94805452     -9.57103253     -0.82038832
1081  328       -12.92997757     -9.64052494     -0.81935893
1082  328       -12.91860786     -9.66750515     -0.84717253
1083  328       -12.91497486     -9.64278134     -0.90259385
1084  328       -12.90285180     -9.59934740     -0.96266566
1085  328       -12.87003970     -9.55505750     -0.99669134
1086  328       -12.81540081     -9.50844369     -1.00418092
1087  328       -12.75662478     -9.47016600     -0.98492996
1088  328       -12.73687209     -9.45249545     -0.94389407
1089  328       -12.74764228     -9.46303810     -0.89105225
1090  328       -12.78023662     -9.49908267     -0.84365094
1091  328       -12.82930876     -9.56276070     -0.82010206
1092  328       -12.88986253     -9.64981354     -0.83541844
1093  328       -12.93737929     -9.72516339     -0.87166785
1094  328       -12.97598513     -9.75952200     -0.92131814
1095  328       -13.02073537     -9.75262622     -0.97895089
1096  328       -13.06683369     -9.72175333     -0.99589662
1097  328       -13.10833925     -9.69421873     -0.95639751
1098  328       -13.13416737     -9.69045309     -0.88917940
1099  328       -13.17111313     -9.70730349     -0.86820615
1100  328       -13.22331874     -9.72982955     -0.87761983
1101  328       -13.28814164     -9.74923017     -0.87458529
1102  328       -13.35601531     -9.76780834     -0.86061990
1103  328       -13.39458786     -9.77871434     -0.84850196
1104  328       -13.40056683     -9.79423173     -0.86765780
1105  328       -13.37135450     -9.82990996     -0.89634232
1106  328       -13.32511350     -9.88967642     -0.90613667
1107  328       -13.24063979     -9.96094551     -0.90161207
1108  328       -13.13517257    -10.00445445     -0.89024900
1109  328       -13.05483020    -10.00817324     -0.86277435
1110  328       -13.02631362     -9.99918591     -0.82999184
1111  328       -13.02570778    -10.01343494     -0.81130029
1112  328       -13.03844854    -10.06246678     -0.82150446
1113  328       -13.05297240    -10.13463883     -0.83470197
1114  328       -13.05927443    -10.18481365     -0.82518153
1115  328       -13.05945025    -10.19718954     -0.79463186
1116  328       -13.05114586    -10.19126784     -0.78247035
1117  328       -13.04149220    -10.19394571     -0.79245869
1118  328       -13.03528880    -10.22283143     -0.79818999
1119  328       -13.04309975    -10.29915807     -0.77664902
1120  328       -13.04946141    -10.37866907     -0.73476277
1121  328       -13.06070059    -10.46363135     -0.71890984
1122  328       -13.06437298    -10.55501229     -0.73469895
1123  328       -13.07533956    -10.61235074     -0.75727224
1124  328       -13.08251101    -10.62318116     -0.74916946
1125  328       -13.09119760    -10.60076351     -0.71314870
1126  328       -13.11152572    -10.55491694     -0.66193393
1127  328       -13.15221787    -10.49327751     -0.61517918
1128  328       -13.22217216    -10.41600934     -0.58929090
1129  328       -13.27555746    -10.35598074     -0.60251739
1130  328       -13.28414482    -10.38858597     -0.63363854
1131  328       -13.27136180    -10.53806785     -0.67179884
1132  328       -13.24454263    -10.73483597     -0.70745195
1133  328       -13.20053054    -10.89018127     -0.72037586
1134  328       -13.15805899    -10.99285473     -0.70406296
1135  328       -13.12155668    -11.04000964     -0.67662348
1136  328       -13.10812892    -11.06160419     -0.67916939
1137  328       -13.09960989    -11.06454072     -0.70782540
1138  328       -13.09845211    -11.04885891     -0.73411583
1139  328       -13.10381935    -11.00852641     -0.72570442
1140  328       -13.10036472    -10.95839131     -0.68200946
1141  328       -13.08696352    -10.92892015     -0.64951695
1142  328       -13.07221749    -10.91580362     -0.67087163
1143  328       -13.07637850    -10.93695108     -0.69621032
1144  328       -13.08598282    -10.96594864     -0.70593414
1145  328       -13.10884502    -10.98357854     -0.69419044
1146  328       -13.14394665    -10.95987513     -0.67376850
1147  328       -13.19392356    -10.92699718     -0.66640233
1148  328       -13.25828924    -10.89395088     -0.65961451
1149  328       -13.29826216    -10.85289430     -0.63901159
1150  328       -13.26647581    -10.81590620     -0.57852467
1151  328       -13.16384280    -10.80582550     -0.48848073
1152  328       -13.07869413    -10.82536146     -0.41945281
1153  328       -13.02150254    -10.82909066     -0.38744216
1154  328       -13.00182391    -10.81001011     -0.40918640
1155  328       -13.02677198    -10.78773911     -0.46148764
1156  328       -13.07888819    -10.79096724     -0.51238453
1157  328       -13.13609876    -10.82395116     -0.52847216
1158  328       -13.19330658    -10.88788326     -0.51313383
1159  328       -13.24088441    -10.97159921     -0.47256817
1160  328       -13.29662737    -11.04074555     -0.44097725
1161  328       -13.37507620    -11.09837071     -0.43545473
1162  328       -13.46829074    -11.13149043     -0.45838632
1163  328       -13.54749862    -11.15182618     -0.47908936
1164  328       -13.59222043    -11.16383141     -0.48427218
1165  328       -13.61790631    -11.18159141     -0.47338425
1166  328       -13.64299909    -11.19895711     -0.47502009
1167  328       -13.67133459    -11.20086601     -0.51024052
1168  328       -13.70056647    -11.20765505     -0.54861504
1169  328       -13.72013488    -11.23833003     -0.56103304
1170  328       -13.72346990    -11.30555643     -0.53431022
1171  328       -13.69801309    -11.37293980     -0.49175861
1172  328       -13.64738542    -11.41298321     -0.46580865
1173  328       -13.60405568    -11.40012484     -0.47308358
1174  328       -13.57954134    -11.38818540     -0.49066224
1175  328       -13.57432887    -11.40023751     -0.49492026
1176  328       -13.57484140    -11.42014287     -0.50382331
1177  328       -13.57136960    -11.43166731     -0.53510013
1178  328       -13.55764784    -11.44172480     -0.59457930
1179  328       -13.54065510    -11.46518720     -0.65380502
1180  328       -13.54406951    -11.48453273     -0.68825159
1181  328       -13.57325181    -11.49971661     -0.68065748
1182  328       -13.61143625    -11.50974259     -0.66439936
1183  328       -13.66371312    -11.50679361     -0.65628929
1184  328       -13.75012945    -11.47960737     -0.64863922
1185  328       -13.84265876    -11.43319301     -0.62809729
1186  328       -13.88297169    -11.37232810     -0.62941570
1187  328       -13.84704303    -11.31398813     -0.66651151
1188  328       -13.79482943    -11.26453470     -0.70495964
1189  328       -13.76265929    -11.20086779     -0.74459406
1190  328       -13.74502200    -11.12665364     -0.75777488
1191  328       -13.73698800    -11.03610884     -0.73485503
1192  328       -13.74741106    -10.94919008     -0.68088113
1193  328       -13.74956388    -10.89215361     -0.61257127
1194  328       -13.74017436    -10.86256274     -0.52003821
1195  328       -13.74681923    -10.85711255     -0.41039020
1196  328       -13.79972233    -10.85845815     -0.30782680
1197  328       -13.87007001    -10.84140246     -0.24035174
1198  328       -13.87219326    -10.81674007     -0.25060934
1199  328       -13.82023119    -10.77247192     -0.30414778
1200  328       -13.77505504    -10.72025452     -0.33060601
1201  328       -13.75222254    -10.67418024     -0.33019703
1202  328       -13.76589871    -10.62437513     -0.31640657
1203  328       -13.81526861    -10.55439894     -0.28732184
1204  328       -13.89187080    -10.49676486     -0.25081177
1205  328       -13.94914651    -10.45828363     -0.19654030
1206  328       -13.94562919    -10.43833888     -0.11887999
1207  328       -13.90864958    -10.46284374     -0.05954214
1208  328       -13.88170661    -10.50776999     -0.03448963
1209  328       -13.89723323    -10.53268341     -0.03024179
1210  328       -13.95417832    -10.53808353     -0.04149106
1211  328       -13.99981971    -10.51219902     -0.05167662
1212  328       -14.00478999    -10.47815281     -0.05866809
1213  328       -13.99592583    -10.45416231     -0.06958203
1214  328       -14.00359896    -10.44911441     -0.06814674
1215  328       -13.99853416    -10.45830023     -0.04672091
1216  328       -13.96776550    -10.47837278     -0.00134763
1217  328       -13.94621610    -10.50508343      0.03157823
1218  328       -13.95064329    -10.53389140      0.04909380
1219  328       -13.99335726    -10.57263994      0.06177859
1220  328       -14.06168251    -10.63615419      0.07768993
1221  328       -14.14330463    -10.72846850      0.09589392
1222  328       -14.22667439    -10.81434429      0.11084749
1223  328       -14.25684134    -10.86862208      0.11555409
1224  328       -14.19208133    -10.89085185      0.10948344
1225  328       -14.08285947    -10.91388422      0.10103504
1226  328       -14.04862834    -10.95391882      0.07421562
1227  328       -14.09038262    -11.00282983      0.02412646
1228  328       -14.15158895    -11.04174817     -0.00823794
1229  328       -14.19329302    -11.05073115     -0.00316284
1230  328       -14.21774427    -11.01311199      0.05325679
1231  328       -14.25152296    -10.93228592      0.15132971
1232  328       -14.29368852    -10.85537495      0.24003598
1233  328       -14.32012676    -10.83040179      0.26745183
1234  328       -14.30674657    -10.86228396      0.24117518
1235  328       -14.27509686    -10.89889311      0.22032983
1236  328       -14.24689893    -10.90364602      0.21619295
1237  328       -14.21970322    -10.87078814      0.21330751
1238  328       -14.17185649    -10.82285610      0.22292095
1239  328       -14.11240404    -10.76761007      0.24736572
1240  328       -14.08234910    -10.72514538      0.25982033
1241  328       -14.12941998    -10.69461388      0.22364665
1242  328       -14.22454390    -10.67986502      0.15663118
1243  328       -14.32261370    -10.68584241      0.09297463
1244  328       -14.38211075    -10.68918938      0.04900741
1245  328       -14.38899631    -10.68856671      0.01197846
1246  328       -14.34822414    -10.69481598     -0.04385849
1247  328       -14.28390714    -10.72514776     -0.11778782
1248  328       -14.22439945    -10.73637591     -0.18087212
1249  328       -14.15610210    -10.71627679     -0.22368386
1250  328       -14.09759880    -10.70597161     -0.24195555
1251  328       -14.06420185    -10.71787209     -0.26109186
1252  328       -14.04950301    -10.75942683     -0.26715596
1253  328       -14.02974802    -10.78914211     -0.28765454
1254  328       -14.02521947    -10.79394358     -0.33466323
1255  328       -14.03874750    -10.77640879     -0.39623949
1256  328       -14.03627544    -10.73017260     -0.44398768
1257  328       -14.03070656    -10.65112386     -0.45379851
1258  328       -14.04729200    -10.56301502     -0.44063617
1259  328       -14.07046778    -10.50400406     -0.43022720
1260  328       -14.08415122    -10.47457812     -0.41062490
1261  328       -14.09101074    -10.46692379     -0.37569051
1262  328       -14.10051507    -10.47544228     -0.32579399
1263  328       -14.10039849    -10.47789149     -0.25675550
1264  328       -14.08663430    -10.46179183     -0.17127042
1265  328       -14.11831584    -10.45466250     -0.09972627
1266  328       -14.21370677    -10.50146587     -0.02254463
1267  328       -14.32935727    -10.60709803      0.03549592
1268  328       -14.39899580    -10.71483433      0.05739669
1269  328       -14.42367378    -10.80897471      0.04491462
1270  328       -14.43275665    -10.88156950      0.02423738
1271  328       -14.44334671    -10.93550110      0.00096459
1272  328       -14.45773323    -10.98620712     -0.03726212
1273  328       -14.44855900    -11.02621207     -0.08363453
1274  328       -14.44114083    -11.06657520     -0.12485790
1275  328       -14.47133575    -11.09137470     -0.13791062
1276  328       -14.52500127    -11.10368014     -0.10902661
1277  328       -14.57315870    -11.10799909     -0.04487414
1278  328       -14.61182017    -11.10808819      0.00595206
1279  328       -14.63916753    -11.12618104      0.05048937
1280  328       -14.64050646    -11.14461603      0.09493583
1281  328       -14.61967074    -11.13616767      0.12455441
1282  328       -14.59364447    -11.10503743      0.12206327
1283  328       -14.59463698    -11.06999222      0.11317263
1284  328       -14.60709706    -11.03413099      0.10583022
1285  328       -14.61388956    -10.98080276      0.10274060
1286  328       -14.62198186    -10.90016674      0.10138708
1287  328       -14.66107893    -10.84586352      0.09506480
1288  328       -14.72577425    -10.85666472      0.08773455
1289  328       -14.77690099    -10.91362526      0.06970084
1290  328       -14.79079103    -10.94820789      0.05043122
1291  328       -14.77329079    -10.93359027      0.03513137
1292  328       -14.75284368    -10.90691088      0.01113075
1293  328       -14.73301334    -10.89544026     -0.01761350
1294  328       -14.71390434    -10.89558599     -0.04614852
1295  328       -14.70289411    -10.89941996     -0.04724975
1296  328       -14.70424196    -10.91616120     -0.04070387
1297  328       -14.72375879    -10.94298237     -0.03198173
1298  328       -14.74683911    -10.96617771     -0.01210149
1299  328       -14.73643994    -10.95777257      0.00360863
1300  328       -14.67198737    -10.91102102     -0.02560663
1301  328       -14.58562404    -10.85025128     -0.09136703
1302  328       -14.50813477    -10.80837476     -0.14645513
1303  328       -14.45927631    -10.80600239     -0.15807317
1304  328       -14.41520826    -10.82637097     -0.12380084
1305  328       -14.38544425    -10.84480428     -0.07027232
1306  328       -14.37674878    -10.85486686      0.00183817
1307  328       -14.38045398    -10.87314586      0.07198741
1308  328       -14.38660144    -10.89134068      0.13768994
1309  328       -14.37831009    -10.90603900      0.17765619
1310  328       -14.36941231    -10.90251516      0.18438362
1311  328       -14.36403708    -10.89457658      0.17502743
1312  328       -14.35339636    -10.91044309      0.16052240
1313  328       -14.32752434    -10.94274563      0.14342679
1314  328       -14.30793006    -10.97050412      0.13235856
1315  328       -14.30822859    -10.96787649      0.14739444
1316  328       -14.32539438    -10.93068331      0.17916713
1317  328       -14.33522844    -10.88485713      0.21703898
1318  328       -14.33378871    -10.85916625      0.25652040
1319  328       -14.33666112    -10.83461031      0.28099311
1320  328       -14.33051018    -10.81476095      0.26717792
1321  328       -14.30973993    -10.82896726      0.24130889
1322  328       -14.29137465    -10.86864119      0.23490855
1323  328       -14.28070464    -10.91119575      0.22794693
1324  328       -14.27903389    -10.93635316      0.20508109
1325  328       -14.29631271    -10.94759667      0.18202696
1326  328       -14.30693560    -10.96908927      0.15360710
1327  328       -14.32367693    -10.98586496      0.12955901
1328  328       -14.34266997    -11.00592962      0.14978572
1329  328       -14.36926935    -11.02993321      0.19789835
1330  328       -14.41342870    -11.02241291      0.27551907
1331  328       -14.47449053    -10.99436580      0.34556011
1332  328       -14.54285652    -10.98271937      0.39002511
1333  328       -14.62091531    -10.99884298      0.44212111
1334  328       -14.70466162    -11.02111549      0.49923388
1335  328       -14.76397644    -11.02218122      0.55008242
1336  328       -14.80293756    -11.00226158      0.57941616
1337  328       -14.83147300    -10.99739762      0.58815272
1338  328       -14.85018955    -11.01956348      0.59606909
1339  328       -14.85231546    -11.03160653      0.62868034
1340  328       -14.83612891    -11.03316599      0.66254014
1341  328       -14.80868504    -11.04761540      0.66370579
1342  328       -14.79460989    -11.09548009      0.64445627
1343  328       -14.79860472    -11.15759229      0.61936724
1344  328       -14.80826435    -11.20262474      0.57529957
1345  328       -14.80136523    -11.21478650      0.53834728
1346  328       -14.77221079    -11.19318506      0.53013888
1347  328       -14.73518927    -11.16524354      0.54208831
1348  328       -14.70462777    -11.13115267      0.56530354
1349  328       -14.66266488    -11.08745608      0.59147858
1350  328       -14.61222434    -11.03869783      0.62882721
1351  328       -14.56457389    -11.01609764      0.66911052
1352  328       -14.53108506    -11.04448035      0.70703657
1353  328       -14.52077948    -11.11199666      0.73918695
1354  328       -14.52640229    -11.18850690      0.78527279
1355  328       -14.53814740    -11.24609257      0.82985031
1356  328       -14.56684337    -11.28453492      0.86261787
1357  328       -14.61566751    -11.29573460      0.88113045
1358  328       -14.68094686    -11.27702613      0.88953341
1359  328       -14.73310795    -11.23733327      0.89679192
1360  328       -14.77055506    -11.20003682      0.91126146
1361  328       -14.79966380    -11.18199572      0.94665353
1362  328       -14.82253247    -11.18284775      0.97710724
1363  328       -14.84301693    -11.18138499      0.97387618
1364  328       -14.86494025    -11.17216632      0.92959108
1365  328       -14.88335110    -11.14408380      0.86438533
1366  328       -14.87824625    -11.11216514      0.82632252
1367  328       -14.85381534    -11.07318509      0.82153992
1368  328       -14.81575430    -11.04519747      0.81268758
1369  328       -14.78663460    -11.04193113      0.78033777
1370  328       -14.77647478    -11.04070770      0.73377794
1371  328       -14.78697291    -11.01540554      0.69815828
1372  328       -14.79987854    -10.95750493      0.66514631
1373  328       -14.80607690    -10.88675346      0.61724047
1374  328       -14.82316017    -10.82664249      0.55078949
1375  328       -14.86253622    -10.80556652      0.50663707
1376  328       -14.91165283    -10.82032066      0.49878375
1377  328       -14.94275915    -10.84891524      0.50947646
1378  328       -14.94557059    -10.86557137      0.52409750
1379  328       -14.92041612    -10.85974314      0.54751192
1380  328       -14.87118904    -10.83756885      0.56487861
1381  328       -14.78133547    -10.79301550      0.53670013
1382  328       -14.67256519    -10.75227083      0.47832388
1383  328       -14.56864463    -10.74501450      0.40387881
1384  328       -14.46174591    -10.76863054      0.34960407
1385  328       -14.37171527    -10.79952217      0.31253367
1386  328       -14.29418860    -10.81781821      0.29769080
1387  328       -14.22245739    -10.80657039      0.29623318
1388  328       -14.16256636    -10.76161472      0.30635411
1389  328       -14.11302043    -10.69676107      0.31560926
1390  328       -14.07068164    -10.62175487      0.31084411
1391  328       -14.02910591    -10.55510169      0.28655960
1392  328       -13.99227582    -10.50137146      0.23503631
1393  328       -13.95863944    -10.44184788      0.15567657
1394  328       -13.92530687    -10.38284025      0.06807579
1395  328       -13.90203777    -10.33559009      0.00359020
1396  328       -13.88210732    -10.32236750     -0.02374857
1397  328       -13.84602138    -10.32661311     -0.02896132
1398  328       -13.80002284    -10.31741490     -0.02377283
1399  328       -13.76390717    -10.28663892     -0.01962062
1400  328       -13.73200093    -10.25445932     -0.02460658
1401  328       -13.70438647    -10.24691463     -0.04418258
1402  328       -13.68095774    -10.27394030     -0.07416495
1403  328       -13.65830243    -10.31359902     -0.11688632
1404  328       -13.63431930    -10.35369887     -0.16717987
1405  328       -13.58652908    -10.39034445     -0.19836672
1406  328       -13.52987906    -10.39710586     -0.20470694
1407  328       -13.48566329    -10.34649456     -0.21039434
1408  328       -13.46770144    -10.25490948     -0.21320495
1409  328       -13.47028405    -10.18641030     -0.21457977
1410  328       -13.47232002    -10.17485395     -0.23331522
1411  328       -13.46636504    -10.19891759     -0.26172145
1412  328       -13.44773078    -10.24027569     -0.29031593
1413  328       -13.45623582    -10.29234142     -0.31934274
1414  328       -13.50080531    -10.36615330     -0.34784373
1415  328       -13.57858194    -10.44727360     -0.36640954
1416  328       -13.68160145    -10.51776156     -0.37946116
1417  328       -13.79834007    -10.56542973     -0.37591578
1418  328       -13.92765378    -10.58460964     -0.38004254
1419  328       -14.05472367    -10.59705677     -0.38918560
1420  328       -14.17153059    -10.60442103     -0.39214501
1421  328       -14.26635328    -10.62061987     -0.35704944
1422  328       -14.35172827    -10.64854905     -0.28868719
1423  328       -14.43387252    -10.69005804     -0.23086973
1424  328       -14.52582454    -10.72638794     -0.20660464
1425  328       -14.62444173    -10.75306506     -0.21841078
1426  328       -14.72538602    -10.78685761     -0.25168051
1427  328       -14.82801480    -10.83784580     -0.30344424
1428  328       -14.92001868    -10.91018620     -0.36283768
1429  328       -14.99524227    -11.00260358     -0.41433922
1430  328       -15.05034632    -11.08747062     -0.44785442
1431  328       -15.08387206    -11.13825824     -0.46690805
1432  328       -15.11098675    -11.14352070     -0.46958404
1433  328       -15.16964895    -11.11123766     -0.45382820
1434  328       -15.24881194    -11.06940448     -0.43476902
1435  328       -15.32912493    -11.05363332     -0.43139241
1436  328       -15.41660905    -11.06567752     -0.46270607
1437  328       -15.49348801    -11.07383984     -0.51716669
1438  328       -15.55661160    -11.07076700     -0.58346471
1439  328       -15.58679869    -11.06751137     -0.64886535
1440  328       -15.57463921    -11.07551182     -0.71730994
1441  328       -15.52392880    -11.07406060     -0.77691765
1442  328       -15.47573114    -11.05206352     -0.83033000
1443  328       -15.46831015    -11.00126822     -0.85903100
1444  328       -15.49718220    -10.93902648     -0.84141617
1445  328       -15.54701576    -10.87307106     -0.79674465
1446  328       -15.59664552    -10.81053563     -0.74928656
1447  328       -15.63549590    -10.75827209     -0.71798834
1448  328       -15.66514801    -10.71760558     -0.69639126
1449  328       -15.68800022    -10.69780458     -0.69443985
1450  328       -15.70418812    -10.69550748     -0.70967829
1451  328       -15.70337716    -10.70250555     -0.75096994
1452  328       -15.69158345    -10.72010161     -0.80145016
1453  328       -15.70282500    -10.74231801     -0.84495109
1454  328       -15.75559040    -10.75624341     -0.84930066
1455  328       -15.84716746    -10.76839431     -0.81543686
1456  328       -15.94146515    -10.77977360     -0.78573846
1457  328       -15.98441536    -10.81449223     -0.80143765
1458  328       -15.95927169    -10.88963520     -0.86931647
1459  328       -15.91530861    -10.97471315     -0.94556153
1460  328       -15.89533127    -11.03268005     -1.01170489
1461  328       -15.89211418    -11.04344405     -1.05942423
1462  328       -15.89544282    -11.03088639     -1.08822953
1463  328       -15.89586706    -11.02543675     -1.06962242
1464  328       -15.87979811    -11.02082738     -1.00897922
1465  328       -15.86470512    -10.98749218     -0.92226835
1466  328       -15.87733654    -10.91663014     -0.86046556
1467  328       -15.90685503    -10.82042151     -0.85510790
1468  328       -15.91553052    -10.72923985     -0.89421090
1469  328       -15.90463354    -10.68150175     -0.92108933
1470  328       -15.89131687    -10.69616647     -0.91518156
1471  328       -15.88089283    -10.73663428     -0.88866071
1472  328       -15.87988318    -10.75592153     -0.86294909
1473  328       -15.88453864    -10.74156456     -0.84409039
1474  328       -15.89110230    -10.70243442     -0.81015668
1475  328       -15.89751429    -10.65028056     -0.76288138
1476  328       -15.91825157    -10.58291835     -0.70442828
1477  328       -15.94200792    -10.53315239     -0.66353474
1478  328       -15.97207924    -10.53008064     -0.64036544
1479  328       -16.01362142    -10.55894212     -0.64043049
1480  328       -16.04446607    -10.61023856     -0.65014926
1481  328       -16.05627166    -10.66692356     -0.66802164
1482  328       -16.03147447    -10.70223325     -0.68687794
1483  328       -15.98018352    -10.71091654     -0.70495931
1484  328       -15.90704592    -10.69900796     -0.72059932
1485  328       -15.83288221    -10.68118127     -0.74111198
1486  328       -15.78724382    -10.66742870     -0.75664415
1487  328       -15.79162901    -10.66202047     -0.75339283
1488  328       -15.82141706    -10.67038310     -0.74286649
1489  328       -15.84733187    -10.70147087     -0.73206486
1490  328       -15.85039250    -10.75482657     -0.72384983
1491  328       -15.82996488    -10.81674536     -0.70598402
1492  328       -15.80545978    -10.88363977     -0.68139453
1493  328       -15.77863514    -10.94596566     -0.67855447
1494  328       -15.76060997    -10.96969181     -0.72624764
1495  328       -15.73686426    -10.94913355     -0.81807825
1496  328       -15.72207654    -10.90318388     -0.90716316
1497  328       -15.71418591    -10.87962740     -0.96909857
1498  328       -15.69992528    -10.90642017     -0.98902156
1499  328       -15.68285358    -10.98587726     -0.96326652
1500  328       -15.67955835    -11.06755693     -0.91978091
1501  328       -15.67668358    -11.12201943     -0.88084183
1502  328       -15.68501485    -11.16131328     -0.86444896
1503  328       -15.69928161    -11.18781947     -0.88834685
1504  328       -15.71297907    -11.20750934     -0.92702554
1505  328       -15.73102398    -11.23103429     -0.94710049
1506  328       -15.74114812    -11.26340877     -0.93810115
1507  328       -15.73981694    -11.29130845     -0.89403528
1508  328       -15.73595586    -11.30863414     -0.85296942
1509  328       -15.73867368    -11.31264574     -0.83793195
1510  328       -15.74466139    -11.30184985     -0.85561716
1511  328       -15.75559546    -11.28124027     -0.89792384
1512  328       -15.78243078    -11.26140685     -0.94944058
1513  328       -15.82442772    -11.28930161     -0.98927119
1514  328       -15.86623402    -11.35212425     -1.00025524
1515  328       -15.90678695    -11.40208743     -0.97620734
1516  328       -15.94664564    -11.42227970     -0.93486882
1517  328       -15.97287628    -11.42475506     -0.89330616
1518  328       -15.97851550    -11.39480511     -0.83795243
1519  328       -15.97010061    -11.32675364     -0.79288783
1520  328       -15.98245874    -11.25847159     -0.77501540
1521  328       -16.02087352    -11.24081002     -0.77466028
1522  328       -16.06416482    -11.25837232     -0.75086213
1523  328       -16.07556785    -11.28499351     -0.69358591
1524  328       -16.05351316    -11.31009216     -0.62862473
1525  328       -16.00646856    -11.32918001     -0.58124928
1526  328       -15.95224088    -11.33392520     -0.56046775
1527  328       -15.90750883    -11.31293320     -0.53423715
1528  328       -15.87292500    -11.28459917     -0.48746743
1529  328       -15.84262273    -11.28055851     -0.45075440
1530  328       -15.81588697    -11.30188101     -0.42912551
1531  328       -15.82334999    -11.32018196     -0.40347246
1532  328       -15.85093421    -11.30971576     -0.37907596
1533  328       -15.87157958    -11.25788684     -0.36657763
1534  328       -15.86621757    -11.18876104     -0.38009997
1535  328       -15.83542878    -11.11988522     -0.42605148
1536  328       -15.80086157    -11.05479116     -0.47895014
1537  328       -15.79449415    -10.99200877     -0.50413688
1538  328       -15.82958157    -10.94153563     -0.48429778
1539  328       -15.89757721    -10.92120795     -0.43139217
1540  328       -15.95519536    -10.93481320     -0.36398345
1541  328       -15.96879781    -10.96622421     -0.28461740
1542  328       -15.95269006    -10.99443980     -0.20935369
1543  328       -15.91874529    -11.01134240     -0.15934826
1544  328       -15.88790178    -11.01494506     -0.12386054
1545  328       -15.87595465    -10.99947183     -0.08004034
1546  328       -15.89078400    -10.94695814     -0.03109418
1547  328       -15.92781703    -10.87914295      0.00696476
1548  328       -15.97030664    -10.82557145      0.03890199
1549  328       -16.01383879    -10.80012358      0.07274083
1550  328       -16.05652967    -10.79925008      0.10080389
1551  328       -16.10248340    -10.78720110      0.13291822
1552  328       -16.14362335    -10.75421650      0.17195906
1553  328       -16.16054539    -10.71925776      0.21272283
1554  328       -16.14568495    -10.67548203      0.25057422
1555  328       -16.11935301    -10.62152566      0.25793673
1556  328       -16.09221111    -10.54280018      0.23453173
1557  328       -16.06937097    -10.46614680      0.20628083
1558  328       -16.05901598    -10.44478637      0.19855849
1559  328       -16.07814707    -10.48980781      0.23348186
1560  328       -16.12959058    -10.55575985      0.29072507
1561  328       -16.18237000    -10.61052676      0.33503609
1562  328       -16.20960972    -10.64509701      0.34897110
1563  328       -16.21641538    -10.65554895      0.34184246
1564  328       -16.21759145    -10.62927681      0.33224456
1565  328       -16.22512889    -10.57020970      0.32845937
1566  328       -16.23661837    -10.51632916      0.33052850
1567  328       -16.24173612    -10.49764156      0.36450651
1568  328       -16.24476696    -10.49642187      0.42818407
1569  328       -16.24263278    -10.47324308      0.48755100
1570  328       -16.25038862    -10.41839510      0.52858639
1571  328       -16.26954171    -10.35723294      0.55639948
1572  328       -16.30029822    -10.29448284      0.57719882
1573  328       -16.33639612    -10.23700789      0.58314431
1574  328       -16.37009937    -10.19513382      0.57490786
1575  328       -16.39171503    -10.16357859      0.56739203
1576  328       -16.37345287    -10.13480501      0.56529907
1577  328       -16.33980491    -10.11865696      0.57081169
1578  328       -16.31826023    -10.13979160      0.59843556
1579  328       -16.31423294    -10.17932339      0.64578633
1580  328       -16.28695533    -10.21072880      0.70125445
1581  328       -16.24065498    -10.21541402      0.74304701
1582  328       -16.20979594    -10.19586545      0.75672211
1583  328       -16.20095570    -10.13715614      0.76263826
1584  328       -16.19005964    -10.03390459      0.78418603
1585  328       -16.16860624     -9.94823927      0.81291182
1586  328       -16.15494686     -9.92763890      0.81794975
1587  328       -16.16041737     -9.95135127      0.80830650
1588  328       -16.16475173     -9.96868733      0.79685332
1589  328       -16.16943534     -9.98267083      0.78764333
1590  328       -16.19283880     -9.97429068      0.78314486
1591  328       -16.23285574     -9.94478901      0.81993342
1592  328       -16.28397813     -9.89108523      0.87632073
1593  328       -16.33011280     -9.83552329      0.89536367
1594  328       -16.34876738     -9.79250099      0.89489932
1595  328       -16.32549056     -9.76333147      0.89562733
1596  328       -16.27805486     -9.73095959      0.90590848
1597  328       -16.22809278     -9.68731251      0.88953309
1598  328       -16.21362062     -9.63098974      0.86576065
1599  328       -16.23776407     -9.59197431      0.82828356
1600  328       -16.26052366     -9.61664426      0.75805370
1601  328       -16.30581293     -9.67336549      0.66439813
1602  328       -16.37722707     -9.72264972      0.58662809
1603  328       -16.43898448     -9.74416879      0.54522330
1604  328       -16.47650989     -9.76848716      0.52215414
1605  328       -16.49255714     -9.79658012      0.51633887
1606  328       -16.50128150     -9.80868129      0.50892624
1607  328       -16.52346532     -9.80293990      0.51352222
1608  328       -16.55548377     -9.79842308      0.53045719
1609  328       -16.58557089     -9.81041435      0.56199278
1610  328       -16.59205900     -9.83521288      0.63081718
1611  328       -16.57580364     -9.86060544      0.71521891
1612  328       -16.54472487     -9.89242449      0.77128757
1613  328       -16.50234889     -9.93825527      0.78594073
1614  328       -16.44932757     -9.97870241      0.79162207
1615  328       -16.39482371    -10.00993230      0.78247637
1616  328       -16.35387987    -10.01416155      0.75712664
1617  328       -16.33508658     -9.99307508      0.72389999
1618  328       -16.33754906     -9.97068007      0.71241270
1619  328       -16.35555925     -9.96069552      0.73666123
1620  328       -16.36371925     -9.96226094      0.77729187
1621  328       -16.36987215     -9.95120780      0.81831818
1622  328       -16.39018414     -9.93519873      0.85356765
1623  328       -16.38905897     -9.92699541      0.87108853
1624  328       -16.35734939     -9.92770038      0.86153968
1625  328       -16.30796877     -9.93323694      0.82644757
1626  328       -16.28361782     -9.93254860      0.78164612
1627  328       -16.29648920     -9.90368817      0.75120270
1628  328       -16.33330003     -9.86113839      0.73680226
1629  328       -16.36435755     -9.84861863      0.74558826
1630  328       -16.38648694     -9.85815116      0.77696615
1631  328       -16.39347256     -9.85573987      0.78542648
1632  328       -16.38497067     -9.82083335      0.75247133
1633  328       -16.37144049     -9.78824051      0.70668459
1634  328       -16.34432998     -9.78732162      0.68536371
1635  328       -16.30554701     -9.82204659      0.68598837
1636  328       -16.26211737     -9.85630960      0.69016897
1637  328       -16.23179729     -9.87683833      0.67206315
1638  328       -16.21348352     -9.89572175      0.65629659
1639  328       -16.22642157     -9.90996416      0.64750793
1640  328       -16.25800812     -9.90113374      0.64952379
1641  328       -16.27906684     -9.87107825      0.64899426
1642  328       -16.29559144     -9.85151735      0.65238364
1643  328       -16.31458093     -9.84797464      0.65217319
1644  328       -16.33488704     -9.84056634      0.66684244
1645  328       -16.34229510     -9.83504632      0.70431687
1646  328       -16.33439462     -9.83670192      0.75256224
1647  328       -16.32385139     -9.84748461      0.77457617
1648  328       -16.33509919     -9.87621854      0.78463503
1649  328       -16.35436312     -9.90310628      0.79571758
1650  328       -16.39669502     -9.92223548      0.80544891
1651  328       -16.45563617     -9.91929622      0.81490794
1652  328       -16.49122669     -9.88595800      0.81097596
1653  328       -16.48734470     -9.83757559      0.80413435
1654  328       -16.47002858     -9.77111855      0.78659162
1655  328       -16.46501626     -9.71404305      0.78743028
1656  328       -16.45104672     -9.68800716      0.79107222
1657  328       -16.40625328     -9.66027840      0.77202775
1658  328       -16.35636536     -9.63931599      0.73745839
1659  328       -16.35913293     -9.61608324      0.74248434
1660  328       -16.38689876     -9.59980061      0.75939426
1661  328       -16.40085235     -9.60959255      0.78765573
1662  328       -16.37541067     -9.64342783      0.81555285
1663  328       -16.33858003     -9.68130996      0.84348005
1664  328       -16.32136248     -9.68246581      0.88004390
1665  328       -16.31878835     -9.66649488      0.89455597
1666  328       -16.30654395     -9.65093270      0.88341895
1667  328       -16.29028883     -9.65751238      0.87347767
1668  328       -16.27916511     -9.66419037      0.90240711
1669  328       -16.27644143     -9.66498265      0.94750607
1670  328       -16.28345267     -9.65106936      0.99361351
1671  328       -16.31271559     -9.63776008      1.02836651
1672  328       -16.35461031     -9.62729594      1.05307853
1673  328       -16.38261729     -9.59550377      1.04099719
1674  328       -16.38933937     -9.55683256      1.00026629
1675  328       -16.36823589     -9.51972821      0.96430904
1676  328       -16.33258031     -9.49648568      0.94997317
1677  328       -16.33957820     -9.46543832      0.96597348
1678  328       -16.39921516     -9.42969195      1.02483283
1679  328       -16.45973465     -9.40999779      1.10299172
1680  328       -16.46586331     -9.40587539      1.16582501
1681  328       -16.42063346     -9.40577071      1.21346531
1682  328       -16.37154782     -9.39817752      1.26028668
1683  328       -16.31965393     -9.39243320      1.30648349
1684  328       -16.25653456     -9.39411896      1.34664598
1685  328       -16.20833099     -9.41325214      1.37446260
1686  328       -16.20330047     -9.46174248      1.40237866
1687  328       -16.22537097     -9.51818063      1.43911921
1688  328       -16.24503645     -9.59107015      1.46532595
1689  328       -16.27121363     -9.65189095      1.48808076
1690  328       -16.31405573     -9.70751085      1.52772876
1691  328       -16.32516379     -9.75271849      1.58069027
1692  328       -16.27695299     -9.79797841      1.62256047
1693  328       -16.20510597     -9.82755546      1.63745444
1694  328       -16.17665316     -9.84398602      1.64754108
1695  328       -16.20678725     -9.83280591      1.66314301
1696  328       -16.26801107     -9.81055406      1.68771794
1697  328       -16.32888077     -9.77210853      1.69836601
1698  328       -16.39647485     -9.70726859      1.68614257
1699  328       -16.48747534     -9.63129197      1.67883384
1700  328       -16.57536975     -9.57233759      1.68859930
1701  328       -16.61687209     -9.56583699      1.71227725
1702  328       -16.61078490     -9.57488194      1.73333655
1703  328       -16.60405489     -9.59892102      1.72584098
1704  328       -16.63308883     -9.62277687      1.68145881
1705  328       -16.69657511     -9.65608177      1.62310883
1706  328       -16.73912903     -9.68233500      1.56673280
1707  328       -16.75583781     -9.69801040      1.51387560
1708  328       -16.78895345     -9.68862118      1.46884461
1709  328       -16.85106463     -9.64878399      1.41905909
1710  328       -16.92101074     -9.61326066      1.34785416
1711  328       -16.97975540     -9.58929652      1.28266699
1712  328       -17.03472063     -9.57923426      1.26213907
1713  328       -17.05762242     -9.55678280      1.30056963
1714  328       -17.04753110     -9.52416687      1.37044890
1715  328       -17.03249988     -9.47849041      1.42420761
1716  328       -17.05433864     -9.43082986      1.42943028
1717  328       -17.07765501     -9.37047226      1.39222610
1718  328       -17.07466004     -9.29399041      1.33845700
1719  328       -17.05533462     -9.21302792      1.29752343
1720  328       -17.04038732     -9.15719888      1.27555520
1721  328       -17.05775279     -9.15302048      1.24534102
1722  328       -17.10391217     -9.16269077      1.20091759
1723  328       -17.16306668     -9.16560967      1.14896667
1724  328       -17.21839519     -9.15095657      1.10959495
1725  328       -17.27113412     -9.12804371      1.07067888
1726  328       -17.30643114     -9.10429265      1.03665161
1727  328       -17.32866558     -9.07907062      1.00646105
1728  328       -17.34921255     -9.05330922      0.97562220
1729  328       -17.35533429     -9.01105795      0.94517294
1730  328       -17.34245638     -8.94901716      0.91067966
1731  328       -17.31033265     -8.89856560      0.87053511
1732  328       -17.27711565     -8.89227219      0.80764259
1733  328       -17.23487869     -8.91793586      0.75026168
1734  328       -17.18264892     -8.94239287      0.72797237
1735  328       -17.13039856     -8.95687265      0.75052514
1736  328       -17.09290182     -8.93959308      0.80921294
1737  328       -17.05112040     -8.86672968      0.85748031
1738  328       -17.00675509     -8.77339907      0.86076097
1739  328       -16.99673912     -8.71784655      0.82191771
1740  328       -17.04334912     -8.71762897      0.77628776
1741  328       -17.13329727     -8.74421594      0.72686070
1742  328       -17.22492312     -8.75752870      0.67984485
1743  328       -17.30228138     -8.77183244      0.65188266
1744  328       -17.36775240     -8.81045330      0.65855195
1745  328       -17.42088675     -8.85265820      0.69422261
1746  328       -17.46355774     -8.85120200      0.75023604
1747  328       -17.52529566     -8.82051942      0.80751225
1748  328       -17.59688985     -8.79652964      0.86069058
1749  328       -17.65485597     -8.77662961      0.88184565
1750  328       -17.69428761     -8.74472601      0.84747482
1751  328       -17.73725442     -8.68903090      0.78969400
1752  328       -17.75604283     -8.67633064      0.73612798
1753  328       -17.74180848     -8.72828824      0.73785158
1754  328       -17.70984574     -8.80166332      0.77142887
1755  328       -17.71712839     -8.85862074      0.77362422
1756  328       -17.77490667     -8.88124520      0.73900017
1757  328       -17.79968209     -8.87545799      0.70192497
1758  328       -17.76226247     -8.86875566      0.66334075
1759  328       -17.71969131     -8.87406662      0.61163205
1760  328       -17.70643568     -8.87611341      0.56557092
1761  328       -17.71975112     -8.86988343      0.55677689
1762  328       -17.74240853     -8.84776364      0.58646813
1763  328       -17.72662277     -8.81049866      0.61947023
1764  328       -17.69323692     -8.76175157      0.63878985
1765  328       -17.69152883     -8.72291210      0.64131643
1766  328       -17.72874543     -8.71290706      0.63832102
1767  328       -17.74501547     -8.72842665      0.65094637
1768  328       -17.76692083     -8.74384750      0.65441501
1769  328       -17.81905824     -8.75946652      0.64744287
1770  328       -17.87510216     -8.78508265      0.62951640
1771  328       -17.90460027     -8.80786514      0.62558226
1772  328       -17.91094379     -8.82846888      0.63892714
1773  328       -17.94264016     -8.83460199      0.63401341
1774  328       -18.00410926     -8.84682860      0.60362407
1775  328       -18.05580976     -8.88844492      0.56128207
1776  328       -18.07633848     -8.93364879      0.53777669
1777  328       -18.09087321     -8.96115096      0.51151700
1778  328       -18.13335780     -8.96383619      0.46824259
1779  328       -18.16791304     -8.95516477      0.42169800
1780  328       -18.14302020     -8.93209230      0.38280362
1781  328       -18.06558831     -8.90653891      0.36910011
1782  328       -18.00701512     -8.86239507      0.37867018
1783  328       -17.98569253     -8.78842608      0.37342718
1784  328       -18.00970698     -8.68421154      0.35223754
1785  328       -18.03364157     -8.58490944      0.34013938
1786  328       -18.03568015     -8.50209922      0.34104031
1787  328       -18.02528314     -8.43322861      0.34795891
1788  328       -18.03064589     -8.37246670      0.36932657
1789  328       -18.05030305     -8.32419672      0.41024681
1790  328       -18.06305239     -8.29939142      0.45271612
1791  328       -18.06296191     -8.28601221      0.47956883
1792  328       -18.05365059     -8.29556140      0.48996042
1793  328       -18.03985635     -8.30702747      0.48569539
1794  328       -18.00211937     -8.31281476      0.46640368
1795  328       -17.94471546     -8.34093867      0.46250772
1796  328       -17.88117527     -8.39687824      0.50796797
1797  328       -17.82893931     -8.45686699      0.59138498
1798  328       -17.78740792     -8.49907968      0.68078014
1799  328       -17.75466582     -8.50451113      0.74651253
1800  328       -17.72912525     -8.47159960      0.79469206
1801  328       -17.69720806     -8.42082773      0.83431502
1802  328       -17.65546991     -8.35309109      0.86118391
1803  328       -17.60504933     -8.28049444      0.86422521
1804  328       -17.55405019     -8.21729229      0.84798329
1805  328       -17.52210815     -8.18367279      0.85271922
1806  328       -17.49972430     -8.16317980      0.87672479
1807  328       -17.48044609     -8.17328646      0.91693983
1808  328       -17.45022515     -8.18902609      0.95375802
1809  328       -17.41223170     -8.18612460      0.98939440
1810  328       -17.38658147     -8.17046829      1.01560182
1811  328       -17.37741836     -8.15567006      1.03666883
1812  328       -17.40039072     -8.13008327      1.04728710
1813  328       -17.45255135     -8.07812937      1.04267645
1814  328       -17.50657654     -8.01996962      1.02466113
1815  328       -17.53040816     -7.96480636      1.00823704
1816  328       -17.50936967     -7.91153528      1.00578718
1817  328       -17.46082087     -7.86780471      1.01540937
1818  328       -17.39951658     -7.81898455      1.01904209
1819  328       -17.35981948     -7.77987143      0.99855173
1820  328       -17.36635606     -7.74567475      0.96899317
1821  328       -17.41350777     -7.72379525      0.91722313
1822  328       -17.46098689     -7.70264640      0.84189188
1823  328       -17.47631269     -7.67661717      0.76099944
1824  328       -17.45981593     -7.66459697      0.69699647
1825  328       -17.42473864     -7.66765347      0.66393246
1826  328       -17.39074972     -7.67824479      0.64954030
1827  328       -17.36253648     -7.69069067      0.64495324
1828  328       -17.36255415     -7.70486136      0.63142233
1829  328       -17.40465966     -7.70681541      0.60397179
1830  328       -17.46147523     -7.70578371      0.55523242
1831  328       -17.52975035     -7.72171137      0.51769727
1832  328       -17.60236776     -7.75699992      0.51260092
1833  328       -17.67654441     -7.79033112      0.51207851
1834  328       -17.73109175     -7.82266165      0.50741918
1835  328       -17.77204302     -7.87581945      0.51782595
1836  328       -17.78982953     -7.93486581      0.55305454
1837  328       -17.80767219     -7.97653376      0.58017104
1838  328       -17.85088592     -7.98475859      0.60146140
1839  328       -17.91613761     -7.98657360      0.60609654
1840  328       -17.97853684     -7.97842321      0.58581404
1841  328       -18.00988059     -7.96925316      0.53715753
1842  328       -17.99904680     -7.96738761      0.51080789
1843  328       -17.97018608     -7.97763768      0.51120946
1844  328       -17.94985199     -7.99643713      0.49310018
1845  328       -17.95293430     -8.01665823      0.44082638
1846  328       -17.97415879     -8.03777310      0.38512031
1847  328       -17.99016829     -8.03734447      0.34897951
1848  328       -17.99266957     -8.01775949      0.32834773
1849  328       -17.96883546     -7.98545260      0.32167632
1850  328       -17.95333220     -7.94544293      0.35187836
1851  328       -17.96306080     -7.88698589      0.39339808
1852  328       -17.99069945     -7.82861726      0.42073829
1853  328       -18.00211953     -7.78573051      0.45428856
1854  328       -17.98238231     -7.75748515      0.49600384
1855  328       -17.97442738     -7.72036482      0.51207191
1856  328       -17.98876750     -7.67781153      0.48745447
1857  328       -18.00540556     -7.63731760      0.45345805
1858  328       -17.98342285     -7.59886046      0.42508505
1859  328       -17.93596399     -7.56787848      0.38660716
1860  328       -17.89505548     -7.53772449      0.34258309
1861  328       -17.87418586     -7.51778676      0.30308067
1862  328       -17.84940454     -7.50914099      0.25278614
1863  328       -17.80778691     -7.49628501      0.18277512
1864  328       -17.76359391     -7.47623684      0.10591357
1865  328       -17.74246415     -7.44977817      0.03388911
1866  328       -17.75823174     -7.40289177     -0.00319768
1867  328       -17.80268061     -7.36625987     -0.02972088
1868  328       -17.83865934     -7.35860057     -0.05872815
1869  328       -17.82913586     -7.38318720     -0.09688940
1870  328       -17.77658168     -7.41408037     -0.12227118
1871  328       -17.70193462     -7.43529270     -0.12420501
1872  328       -17.63695020     -7.44389694     -0.11990076
1873  328       -17.58869638     -7.44795415     -0.12192910
1874  328       -17.54640013     -7.45329909     -0.14117644
1875  328       -17.51833583     -7.44962743     -0.17787195
1876  328       -17.50018774     -7.45421636     -0.24310058
1877  328       -17.49797106     -7.45783917     -0.34165404
1878  328       -17.48901951     -7.46476568     -0.44436939
1879  328       -17.44202021     -7.45604099     -0.52326901
1880  328       -17.37693671     -7.43402607     -0.57207178
1881  328       -17.32488953     -7.40508610     -0.58657585
1882  328       -17.30543149     -7.36534274     -0.59255247
1883  328       -17.30228025     -7.31823960     -0.61560697
1884  328       -17.30834215     -7.26151640     -0.66524193
1885  328       -17.31405251     -7.21336585     -0.73145902
1886  328       -17.32670260     -7.16616232     -0.79619141
1887  328       -17.32387658     -7.11816304     -0.83656414
1888  328       -17.30819470     -7.05386097     -0.84797568
1889  328       -17.29835953     -6.97600964     -0.86070302
1890  328       -17.31169832     -6.89477970     -0.88496613
1891  328       -17.34489141     -6.80699097     -0.90476357
1892  328       -17.38605107     -6.73839785     -0.90271272
1893  328       -17.41672678     -6.69193910     -0.87589017
1894  328       -17.43168543     -6.67313741     -0.84616294
1895  328       -17.43893648     -6.67089832     -0.82245389
1896  328       -17.43883964     -6.70312125     -0.81179261
1897  328       -17.42989414     -6.74930518     -0.80953363
1898  328       -17.40236073     -6.78361337     -0.81222099
1899  328       -17.37624239     -6.79846747     -0.82883718
1900  328       -17.36666107     -6.80630803     -0.86502769
1901  328       -17.37226068     -6.80498983     -0.89852175
1902  328       -17.37585624     -6.78563815     -0.92910513
1903  328       -17.37915603     -6.76615687     -0.96325083
1904  328       -17.38023284     -6.74626190     -0.99770662
1905  328       -17.39325236     -6.72776465     -1.03565391
1906  328       -17.43926744     -6.70637163     -1.07631560
1907  328       -17.52973129     -6.70702711     -1.12313939
1908  328       -17.64439061     -6.74087890     -1.15592268
1909  328       -17.74084025     -6.78667166     -1.16652679
1910  328       -17.79315423     -6.81905114     -1.14533075
1911  328       -17.79584837     -6.82550949     -1.13153189
1912  328       -17.75691028     -6.85043695     -1.16507933
1913  328       -17.69117333     -6.90091962     -1.22494088
1914  328       -17.64366316     -6.97294906     -1.27874054
1915  328       -17.63365913     -7.03536403     -1.31748090
1916  328       -17.65521572     -7.08195728     -1.33367343
1917  328       -17.69405631     -7.11704387     -1.34307204
1918  328       -17.75494625     -7.11696783     -1.37346224
1919  328       -17.80460238     -7.09468521     -1.42996308
1920  328       -17.81883855     -7.08175581     -1.48747586
1921  328       -17.82783444     -7.09231687     -1.51214091
1922  328       -17.83906094     -7.12283193     -1.51086037
1923  328       -17.83442962     -7.14536740     -1.51982901
1924  328       -17.80818837     -7.14906781     -1.53843065
1925  328       -17.78337181     -7.13243128     -1.54089090
1926  328       -17.74858381     -7.10534795     -1.53410292
1927  328       -17.72223742     -7.06942831     -1.53213806
1928  328       -17.71246048     -7.01958686     -1.54440924
1929  328       -17.72283784     -6.98011848     -1.56590836
1930  328       -17.73919280     -6.95008892     -1.57881297
1931  328       -17.74921836     -6.93213374     -1.59095422
1932  328       -17.72919633     -6.91065556     -1.62706697
1933  328       -17.69921009     -6.88749869     -1.67525712
1934  328       -17.67359102     -6.87101323     -1.70568609
1935  328       -17.65966862     -6.85877117     -1.72625256
1936  328       -17.63881897     -6.85318273     -1.73323139
1937  328       -17.59180783     -6.82812476     -1.71963580
1938  328       -17.55536641     -6.79256204     -1.69732734
1939  328       -17.53637175     -6.74800540     -1.70507950
1940  328       -17.52692784     -6.70525308     -1.77391225
1941  328       -17.51469918     -6.65992579     -1.86194212
1942  328       -17.50744322     -6.60369760     -1.91825897
1943  328       -17.50483463     -6.54512180     -1.93978155
1944  328       -17.52950732     -6.49230201     -1.94221494
1945  328       -17.55145374     -6.47924117     -1.93679825
1946  328       -17.57228981     -6.52972857     -1.93154605
1947  328       -17.58647571     -6.59290561     -1.92121079
1948  328       -17.58021058     -6.58639933     -1.88485154
1949  328       -17.55022362     -6.50582300     -1.83199258
1950  328       -17.51358533     -6.40131061     -1.78883073
1951  328       -17.49085461     -6.31869110     -1.77176382
1952  328       -17.49168271     -6.25965674     -1.76606658
1953  328       -17.51719947     -6.23018207     -1.75412039
1954  328       -17.53699226     -6.20965037     -1.73239724
1955  328       -17.57514511     -6.18817162     -1.72659143
1956  328       -17.64248430     -6.16739964     -1.76078731
1957  328       -17.70940937     -6.17120591     -1.80422859
1958  328       -17.71390240     -6.19188557     -1.80632874
1959  328       -17.67711781     -6.18998663     -1.80683047
1960  328       -17.64141945     -6.15537262     -1.83756160
1961  328       -17.59983797     -6.12346737     -1.87792773
1962  328       -17.55899410     -6.10712788     -1.91344544
1963  328       -17.51923187     -6.09500113     -1.93865632
1964  328       -17.49499404     -6.08050099     -1.95073449
1965  328       -17.48459302     -6.05415642     -1.92469819
1966  328       -17.49387461     -6.02502710     -1.86826744
1967  328       -17.52380519     -5.99111375     -1.82511022
1968  328       -17.55086569     -5.96583492     -1.79463639
1969  328       -17.55087073     -5.95812587     -1.76532779
1970  328       -17.54328128     -5.96852942     -1.73007633
1971  328       -17.55027153     -5.96178523     -1.71454534
1972  328       -17.55385643     -5.92615422     -1.73451726
1973  328       -17.56570404     -5.88464007     -1.77491694
1974  328       -17.56743993     -5.87279765     -1.81623228
1975  328       -17.53345983     -5.87427137     -1.84277767
1976  328       -17.46214586     -5.84589404     -1.85688185
1977  328       -17.39451833     -5.78023359     -1.87089327
1978  328       -17.33842576     -5.70028891     -1.88011070
1979  328       -17.29751813     -5.64462316     -1.87188218
1980  328       -17.23142025     -5.63470405     -1.85918032
1981  328       -17.13055821     -5.65183196     -1.85047883
1982  328       -17.02210565     -5.68200916     -1.83512410
1983  328       -16.94036158     -5.74132611     -1.81553952
1984  328       -16.88855629     -5.83273667     -1.81335839
1985  328       -16.82999813     -5.92034440     -1.82495910
1986  328       -16.76405190     -5.96442960     -1.83623319
1987  328       -16.70754599     -5.94581181     -1.83219937
1988  328       -16.66385405     -5.90355437     -1.80746951
1989  328       -16.62234541     -5.88416484     -1.77824231
1990  328       -16.56841601     -5.90733659     -1.78346382
1991  328       -16.50671922     -5.95583612     -1.82983061
1992  328       -16.45267993     -6.00916623     -1.89468240
1993  328       -16.42209172     -6.03738547     -1.96639094
1994  328       -16.40905971     -6.03760679     -2.05279944
1995  328       -16.41065042     -6.04312192     -2.14041747
1996  328       -16.45087483     -6.05920860     -2.20897922
1997  328       -16.51864861     -6.07947580     -2.25289740
1998  328       -16.57028011     -6.07547603     -2.28311392
1999  328       -16.61432302     -6.05099563     -2.30989747
