Tau,dtime,msd_xx,msd_xy,msd_xz,msd_yy,msd_yz,msd_zz,pred_msd_xx,pred_msd_yy,pred_msd_zz,xx_error,yy_error,zz_error
1.0,0.01,0.0036677721792507736,-1.7907622427773612e-05,1.2226782468200908e-05,0.003618290934285383,-9.703817290863935e-06,0.002815838964585474,-0.4816242509748499,-0.4886202565637527,0.5046169778351176,0.4852920231541007,0.4922385474980381,-0.5018011388705321
2.0,0.02,0.009919003526237527,2.4502053479340815e-06,2.4044977405662918e-05,0.009765594012951163,1.3391252951558477e-06,0.008167860809545407,-0.4616279772582571,-0.46903831353338565,0.5094453338161143,0.47154698078449464,0.47880390754633684,-0.5012774730065689
3.0,0.03,0.017854916581287836,-2.6316026099925976e-06,3.7333754344999636e-05,0.017548877325120286,3.113189835837361e-05,0.015191226527741956,-0.4416317035416643,-0.44945637050301857,0.5142736897971111,0.45948662012295216,0.46700524782813885,-0.4990824632693691
4.0,0.04,0.02666504593643619,3.5584380786528086e-05,7.320221454779084e-05,0.02632755553932805,8.576112315146167e-05,0.02299122072740981,-0.4216354298250715,-0.42987442747265153,0.5191020457781078,0.4483004757615077,0.45620198301197956,-0.496110825050698
5.0,0.05,0.03584750040465732,9.270512599532065e-05,0.00020898209530389203,0.03525819720056606,0.0001835667554502278,0.03145770027231029,-0.4016391561084788,-0.4102924844422845,0.5239304017591045,0.4374866565131361,0.44555068164285055,-0.49247270148679423
6.0,0.06,0.045442850390692326,3.0135362082843392e-05,0.00020278701894931391,0.04460326263949012,0.0001370910069019393,0.03975068218940301,-0.381642882391886,-0.39071054141191747,0.5287587577401013,0.42708573278257833,0.43531380405140757,-0.48900807555069825
7.0,0.07,0.05514389090801832,6.504972110625985e-05,-1.658181010630776e-05,0.05446720240020637,0.0004402895375969108,0.048344072314034175,-0.3616466086752932,-0.37112859838155043,0.5335871137210979,0.4167904995833115,0.4255958007817568,-0.48524304140706376
8.0,0.08,0.0650168584369049,0.00014434769897247508,0.0002352765105801393,0.06403136469558772,0.000203648507034895,0.05743950577879964,-0.3416503349587004,-0.35154665535118335,0.5384154697020946,0.4066671933956053,0.4155780200467711,-0.480975963923295
9.0,0.09,0.07539925732188932,2.8742638390639255e-06,0.00039126841801698773,0.07448878401526271,0.000724748928568492,0.06662276893004562,-0.3216540612421076,-0.33196471232081637,0.5432438256830914,0.39705331856399695,0.4064534963360791,-0.4766210567530458
10.0,0.1,0.08628996467333656,0.00021711582617358238,0.0005636322165952777,0.08526281939162379,0.0005993551720518475,0.07682949333264302,-0.3016577875255148,-0.3123827692904493,0.5480721816640881,0.38794775219885136,0.39764558868207306,-0.4712426883314451
11.0,0.11,0.09813314123525735,0.00012892243197370855,0.000792654861033891,0.09732848216127829,0.0010116847777063007,0.08748004207584359,-0.281661513808922,-0.29280082626008225,0.5529005376450848,0.37979465504417936,0.3901293084213605,-0.46542049556924125
12.0,0.12,0.11045295392820287,0.0006668622120282898,0.0007684346408765721,0.10900449493252587,0.00125855483330216,0.09844677219146525,-0.2616652400923293,-0.2732188832297152,0.5577288936260816,0.37211819402053214,0.38222337816224106,-0.45928212143461633
13.0,0.13,0.12365745221991233,0.0003509674050629531,0.0005166009984548275,0.12210653405792271,0.0009045090132856686,0.10999457477132028,-0.24166896637573643,-0.2536369401993481,0.5625572496070783,0.36532641859564874,0.37574347425727084,-0.452562674835758
14.0,0.14,0.13727663699438933,0.0006000703814928296,0.0005736725568305516,0.13398587332196146,0.001251832944734807,0.12215668526797235,-0.22167269265914363,-0.2340549971689811,0.567385605588075,0.358949329653533,0.3680408704909426,-0.4452289203201027
15.0,0.15,0.1496400459328261,0.0009399203407036479,0.0009775578987313116,0.1459938332066374,0.0008949186839507404,0.13315207230569515,-0.2016764189425509,-0.21447305413861406,0.5722139615690718,0.351316464875377,0.36046688734525145,-0.43906188926337664
16.0,0.16,0.16240084826370643,0.0008614167087450209,0.0003409342350663476,0.15975398572221053,0.0015791819987075026,0.14535436182730058,-0.1816801452259581,-0.19489111110824703,0.5770423175500685,0.34408099348966453,0.35464509683045753,-0.43168795572276797
17.0,0.17,0.17643218056559914,-3.9010223107700003e-07,0.0016309254721185418,0.17293305627682184,0.001459097066645903,0.15652997854723114,-0.1616838715093653,-0.17530916807787994,0.5818706735310653,0.3381160520749644,0.34824222435470176,-0.4253406949838341
18.0,0.18,0.1882511288776635,0.0016007412055254442,0.0005035998185435699,0.18617701432812153,0.0018463026799677084,0.16886842772171243,-0.1416875977927725,-0.15572722504751296,0.586699029512062,0.329938726670436,0.3419042393756345,-0.4178306017903496
19.0,0.19,0.20273242888107826,0.0021343847603181843,0.0010866544870884551,0.20030962423004436,0.0021150138628315863,0.17973750904101668,-0.12169132407617972,-0.13614528201714587,0.5915273854930587,0.324423752957258,0.3364549062471902,-0.411789876452042
20.0,0.2,0.21404581359922858,0.0011557939069301113,0.00025039070686724206,0.21257431283030215,0.0019135459901221852,0.19284091907264064,-0.10169505035958692,-0.11656333898677884,0.5963557414740555,0.3157408639588155,0.329137651817081,-0.4035148224014148
21.0,0.21,0.2291457840129322,-0.0007223164761688301,0.000765682599710247,0.228533665093717,0.00241530812960122,0.2043479600135214,-0.08169877664299419,-0.09698139595641181,0.6011840974550521,0.31084456065592636,0.32551506105012884,-0.3968361374415307
22.0,0.22,0.24401587889378396,0.0009305636734007752,0.001774062221271761,0.2371094989090388,0.0025444466817468054,0.21897739310857758,-0.06170250292640139,-0.07739945292604478,0.6060124534360488,0.30571838182018535,0.31450895183508354,-0.38703506032747126
23.0,0.23,0.25645425200950583,0.00020112497950655327,0.001861058419474532,0.25456048874292414,0.0035403604352420483,0.22948250839054277,-0.04170622920980854,-0.05781750989567769,0.6108408094170455,0.2981604812193144,0.31237799863860183,-0.3813583010265028
24.0,0.24,0.26783132143318433,0.0030887789004547636,0.0022163005734922624,0.2652993316674378,0.0037696818968508236,0.2402444186180714,-0.021709955493215805,-0.03823556686531071,0.6156691653980423,0.28954127692640014,0.3035348985327485,-0.3754247467799709
25.0,0.25,0.2846890186608304,0.0008870962860491705,0.0017632107298379824,0.2769654525883213,0.002258848255955449,0.25729035704148123,-0.0017136817766230106,-0.018653623834943622,0.620497521379039,0.2864027004374534,0.2956190764232649,-0.3632071643375578
26.0,0.26,0.3000831325978238,0.0010218821299651112,0.0005697083484382919,0.29532283008076515,0.004749687889704349,0.2649238385399979,0.01828259193996984,0.000928319195423466,0.6253258773600358,0.281800540657854,0.2943945108853417,-0.36040203882003785
27.0,0.27,0.3100509787692399,0.002815641781248358,0.0019680018229831634,0.30785909236538966,0.005292992022117657,0.2767654294833971,0.03827886565656258,0.020510262225790554,0.6301542333410325,0.27177211311267735,0.2873488301395991,-0.3533888038576354
28.0,0.28,0.32683104800949014,0.001596273549691193,0.0028710818245857826,0.3178931646275367,0.0033959127590534677,0.2886717991846822,0.05827513937315543,0.04009220525615753,0.6349825893220292,0.2685559086363347,0.27780095937137916,-0.346310790137347
29.0,0.29,0.33891868241443757,0.002703690663046685,0.0029735420314284757,0.33247621242403486,0.004023780257754685,0.2957051721985795,0.07827141308974805,0.05967414828652451,0.639810945303026,0.2606472693246895,0.27280206413751035,-0.34410577310444646
30.0,0.3,0.34901857427625904,0.003009033042305027,0.004620532474395995,0.34537564645293917,0.0006733674329223677,0.31443995402235675,0.0982676868063409,0.0792560913168916,0.6446393012840227,0.25075088746991814,0.26611955513604757,-0.33019934726166594
31.0,0.31,0.36582871247634213,-0.00023298643098287997,0.004378011765403701,0.35921578520385644,0.005890682024016412,0.32518854007546777,0.11826396052293375,0.09883803434725869,0.6494676572650194,0.24756475195340838,0.26037775085659776,-0.32427911718955166
32.0,0.32,0.3793183965658618,0.0025185626056297115,0.0021403012910843292,0.3756432114383748,0.0029380973890433502,0.33989229811556976,0.1382602342395265,0.11841997737762566,0.6542960132460162,0.2410581623263353,0.25722323406074915,-0.3144037151304464
33.0,0.33,0.3941612922369334,0.005173956357415105,0.004030928598055436,0.3897886337579917,0.0026208232158470442,0.35079877986100994,0.15825650795611934,0.13800192040799275,0.6591243692270128,0.23590478428081407,0.25178671334999897,-0.30832558936600285
34.0,0.34,0.40980926849788346,0.0031246403710918093,0.00539006495557727,0.3963895750653454,0.00290583806907281,0.35798311938964145,0.17825278167271208,0.15758386343835984,0.6639527252080095,0.23155648682517138,0.23880571162698555,-0.3059696058183681
35.0,0.35,0.42705225730463386,0.0028170802151361394,0.004519913319792454,0.41214047454227704,0.0033404752038257153,0.37370576002834555,0.19824905538930482,0.17716580646872682,0.6687810811890063,0.22880320191532905,0.23497466807355022,-0.2950753211606607
36.0,0.36,0.4327045209825663,0.00401638655010019,0.0020375823130437953,0.4328352009439568,0.004065512327971573,0.3774044781089053,0.21824532910589767,0.1967477494990938,0.673609437170003,0.21445919187666862,0.23608745144486298,-0.2962049590610977
37.0,0.37,0.4483274449445581,0.0029429659837092656,0.005143295982336112,0.43685442578049527,0.0027069751715511044,0.395603869176444,0.2382416028224904,0.21632969252946088,0.6784377931509997,0.2100858421220677,0.2205247332510344,-0.2828339239745557
38.0,0.38,0.46060470704069506,0.006656586755980234,0.0033851956115745463,0.4581894421076821,0.007351482387977978,0.4062576768276707,0.25823787653908326,0.23591163555982797,0.6832661491319965,0.2023668305016118,0.22227780654785412,-0.27700847230432574
39.0,0.39,0.47125780520954547,0.0035502407972958306,0.0028318639716837027,0.461839586534979,0.003757743369337508,0.4150241518659027,0.278234150255676,0.25549357859019506,0.6880945051129932,0.19302365495386947,0.20634600794478392,-0.2730703532470905
40.0,0.4,0.4880227609555048,0.002896220288572794,-0.0007998670489007818,0.4834246858269333,0.0006468547839315903,0.42911589066112843,0.29823042397226884,0.27507552162056204,0.6929228610939899,0.18979233698323594,0.20834916420637128,-0.2638069704328615
41.0,0.41,0.5052244148604439,0.0031736398784901277,0.0009733027565867897,0.4914364090740452,0.005932690623152785,0.44029836514916404,0.3182266976888616,0.294657464650929,0.6977512170749867,0.1869977171715823,0.19677894442311616,-0.2574528519258226
42.0,0.42,0.5231912219652634,0.006632451121944362,0.008418383691885797,0.5132202003782803,0.004709787219827192,0.45353853918049036,0.3382229714054543,0.3142394076812961,0.7025795730559834,0.18496825055980903,0.1989807926969842,-0.24904103387549303
43.0,0.43,0.5300677697604436,0.0035422751774661985,0.0057306113012670756,0.5293953775496972,0.006601794431105534,0.46238177687603194,0.35821924512204717,0.3338213507116632,0.7074079290369801,0.1718485246383964,0.19557402683803404,-0.2450261521609482
44.0,0.44,0.5470858058893043,0.0018401750127145548,0.009493308603253644,0.5318848697354898,0.009234014871143465,0.46921792967484116,0.3782155188386399,0.35340329374203017,0.7122362850179769,0.16887028705066442,0.1784815759934596,-0.2430183553431357
45.0,0.45,0.5592869675546418,0.00814331882825964,0.0060487607484748735,0.5511862000410072,0.008439248182194799,0.4850270911041582,0.39821179255523276,0.37298523677239726,0.7170646409989736,0.16107517499940904,0.1782009632686099,-0.2320375498948154
46.0,0.46,0.5827740686109459,0.006868894117559375,0.005857398131094271,0.577036103495483,0.007846763098192195,0.4945304551844022,0.4182080662718256,0.39256717980276434,0.7218929969799703,0.16456600233912033,0.1844689236927186,-0.22736254179556814
47.0,0.47,0.6021145387260747,0.009188607252077976,0.006024737912352187,0.5775737818194431,0.006511675977851638,0.5013354357499198,0.43820433998841823,0.4121491228331313,0.726721352960967,0.16391019873765644,0.16542465898631176,-0.22538591721104717
48.0,0.48,0.6067466637489857,0.011283463680484516,0.004924838260502795,0.6012770052256141,0.005528707884862533,0.5257443936922087,0.4582006137050111,0.4317310658634983,0.7315497089419637,0.1485460500439746,0.16954593936211582,-0.20580531524975498
49.0,0.49,0.6173707384987344,0.008224530467376843,0.007298483801002683,0.6068200315434286,0.004938799418081379,0.5335038546701254,0.4781968874216038,0.4513130088938654,0.7363780649229604,0.13917385107713054,0.15550702264956318,-0.20287421025283503
50.0,0.5,0.6348739106852138,0.010384732651164815,0.0013264039665785697,0.6176538010722897,0.007663088306733997,0.544480422222963,0.49819316113819667,0.4708949519242325,0.7412064209039572,0.13668074954701714,0.14675884914805726,-0.19672599868099416
51.0,0.51,0.6556446777151358,0.0037681922646424083,0.008690113502017776,0.6461169941526443,0.000977526819231994,0.5419476645372723,0.5181894348547895,0.49047689495459956,0.7460347768849539,0.13745524286034627,0.15564009919804478,-0.20408711234768162
52.0,0.52,0.6576371164529877,0.004553695565216065,-0.0010698926188497705,0.6479622308663746,0.005565977323046831,0.5572114052395785,0.5381857085713824,0.5100588379849667,0.7508631328659506,0.11945140788160535,0.13790339288140796,-0.19365172762637217
53.0,0.53,0.6802636512462953,0.010943447389506866,0.005366022039558088,0.6638150158163734,0.0024504402087387822,0.5844905907531988,0.558181982287975,0.5296407810153336,0.7556914888469474,0.12208166895832029,0.13417423480103974,-0.1712008980937486
54.0,0.54,0.6879184645292753,0.00626885798929079,0.006824482781627778,0.6765664064426204,0.001089701162179055,0.5875051245916383,0.5781782560045678,0.5492227240457008,0.7605198448279441,0.10974020852470745,0.12734368239691962,-0.17301472023630582
55.0,0.55,0.7064622817022316,0.01731390006042732,0.0063567154405679786,0.7017217954887692,0.0012818883865995244,0.598577535209502,0.5981745297211607,0.5688046670760678,0.7653482008089408,0.10828775198107088,0.13291712841270142,-0.16677066559943887
56.0,0.56,0.7241558588961172,0.0073245499961394735,0.0008540996952755074,0.7066178419203986,0.0005303160841649258,0.6132283306789066,0.6181708034377535,0.5883866101064348,0.7701765567899376,0.10598505545836368,0.11823123181396378,-0.156948226111031
57.0,0.57,0.739066525713441,0.012125558282093673,0.009251686503737516,0.7089464705519575,0.008362984553978872,0.6230021142482254,0.6381670771543462,0.6079685531368018,0.7750049127709342,0.10089944855909483,0.10097791741515572,-0.15200279852270882
58.0,0.58,0.7538658932579376,0.020386212261367664,0.01498772937539421,0.7360571116341047,0.007090347071396504,0.6278116249296981,0.6581633508709388,0.6275504961671687,0.7798332687519309,0.09570254238699882,0.10850661546693596,-0.15202164382223282
59.0,0.59,0.7806976182512997,0.008174131627792578,0.0016368418712258569,0.7527920986433267,0.0061839963666617615,0.635070892469964,0.6781596245875317,0.6471324391975357,0.7846616247329277,0.10253799366376803,0.10565965944579103,-0.1495907322629637
60.0,0.6,0.7971578071799822,0.016842765390084845,0.015892577477323526,0.7636265974644757,0.005425284569131825,0.6463399340066052,0.6981558983041245,0.6667143822279029,0.7894899807139244,0.09900190887585769,0.09691221523657279,-0.14315004670731923
61.0,0.61,0.7918116653241924,0.008550428078240465,0.007716563599708242,0.7874458384436355,0.006669834650955543,0.669874615488818,0.7181521720207173,0.6862963252582699,0.7943183366949211,0.0736594933034751,0.10114951318536558,-0.12444372120610314
62.0,0.62,0.811997046541437,0.00894543961323672,0.009332419581620727,0.7914859091541129,0.010378974900663867,0.6670353037509813,0.7381484457373102,0.7058782682886371,0.7991466926759179,0.07384860080412681,0.08560764086547579,-0.13211138892493657
63.0,0.63,0.8352624611397825,0.00847810007182861,0.012940187119486775,0.8271359792318993,0.008131736893989683,0.6890427236152227,0.7581447194539028,0.7254602113190041,0.8039750486569146,0.0771177416858797,0.10167576791289523,-0.11493232504169193
64.0,0.64,0.8562285937553495,0.004604173094864739,0.005130309569905111,0.8306411995026481,0.003179815325861248,0.7096426904881853,0.7781409931704957,0.745042154349371,0.8088034046379113,0.07808760058485387,0.0855990451532771,-0.09916071414972605
65.0,0.65,0.8703762937139078,0.023052408064412926,0.0012169476832919717,0.8524974974983631,0.00032114828770996956,0.6971624744136429,0.7981372668870885,0.7646240973797382,0.8136317606189081,0.07223902682681926,0.08787340011862488,-0.1164692862052652
66.0,0.66,0.888922841021517,0.017022035608507142,0.01235509280598845,0.8777551242234177,0.004292631751774212,0.7270016844431998,0.8181335406036814,0.7842060404101052,0.8184601165999048,0.0707893004178356,0.0935490838133125,-0.09145843215670502
67.0,0.67,0.9053028689866867,0.008093414134368329,-0.004366219100547878,0.8749197574216653,0.007262818199116396,0.7349264346026423,0.8381298143202742,0.8037879834404722,0.8232884725809015,0.06717305466641244,0.07113177398119308,-0.08836203797825926
68.0,0.68,0.9190709555161933,0.008886405625117742,0.012611199734374051,0.8855850493475081,0.0015949248305490037,0.7461633241837721,0.8581260880368669,0.8233699264708394,0.8281168285618983,0.06094486747932648,0.06221512287666875,-0.08195350437812621
69.0,0.69,0.9257478859092093,0.005164208314399697,0.00010408330892591172,0.9155092386486234,0.009027151650454417,0.7455773433857079,0.8781223617534595,0.8429518695012062,0.832945184542895,0.04762552415574983,0.07255736914741728,-0.0873678411571871
70.0,0.7,0.9428481325054039,0.018694503872923304,0.016070287293473855,0.9145320306344076,0.012771562650249774,0.7630078497798687,0.8981186354700523,0.8625338125315734,0.8377735405238917,0.04472949703535156,0.051998218102834226,-0.07476569074402306
71.0,0.71,0.952092569863803,0.012804641973815591,0.003947583038881608,0.9399180809577555,0.005858295729970935,0.7584842040736045,0.9181149091866452,0.8821157555619403,0.8426018965048885,0.033977660677157795,0.0578023253958152,-0.08411769243128397
72.0,0.72,0.9583888169957658,0.019621524683679146,0.004585314964553947,0.96460132377154,0.006542529548997698,0.7663777304340135,0.938111182903238,0.9016976985923073,0.8474302524858852,0.020277634092527808,0.06290362517923265,-0.08105252205187174
73.0,0.73,0.9838662551667384,0.01630333420596623,0.005961898917388372,0.9548654408245213,0.000552521178027673,0.8028615057444364,0.9581074566198307,0.9212796416226745,0.852258608466882,0.02575879854690777,0.03358579920184679,-0.049397102722445574
74.0,0.74,1.0177661738343202,0.008115030815480057,0.01376814244068113,0.9715872379548582,0.011267207478731599,0.7930685836415289,0.9781037303364235,0.9408615846530415,0.8570869644478787,0.039662443497896716,0.030725653301816758,-0.0640183808063498
75.0,0.75,1.026410026607793,0.016285756575235826,0.01713083726321932,0.984840149652233,0.015506725488403811,0.8225099124043173,0.9981000040530164,0.9604435276834087,0.8619153204288754,0.02831002255477655,0.024396621968824306,-0.039405408024558164
76.0,0.76,1.0335632619961128,0.01809290994421876,0.028050023095036774,1.0071518620683868,0.019341128549149884,0.8173244671784866,1.0180962777696092,0.9800254707137757,0.8667436764098722,0.01546698422650361,0.027126391354611146,-0.04941920923138554
77.0,0.77,1.0458210214422325,0.0071294084124494395,0.011833763660650413,1.0165696493248402,0.012023552938252708,0.8352906564014809,1.038092551486202,0.9996074137441426,0.8715720323908689,0.007728469956030493,0.016962235580697538,-0.036281375989387965
78.0,0.78,1.0543055098708438,0.0018758936687345126,0.0067920741214349085,1.0398814469861686,0.01847719449138817,0.8429039728208286,1.0580888252027947,1.0191893567745098,0.8764003883718656,-0.003783315331950865,0.020692090211658742,-0.033496415551036995
79.0,0.79,1.0709880023004648,0.01368854228465795,0.001791674595222356,1.05756776246477,0.018396096883644818,0.8273895861719083,1.0780850989193875,1.0387712998048768,0.8812287443528622,-0.007097096618922771,0.0187964626598931,-0.05383915818095397
80.0,0.8,1.0972481053280856,0.009225575981805817,0.014091887770052394,1.0916519380252119,0.002291792570484169,0.8738813377198288,1.0980813726359804,1.0583532428352438,0.886057100333859,-0.0008332673078947916,0.033298695189968086,-0.012175762614030194
81.0,0.81,1.0960254301965138,0.020959929317472724,0.0015998261504633915,1.0848623974327911,0.021920281219255502,0.8627803216096133,1.1180776463525732,1.077935185865611,0.8908854563148557,-0.022052216156059457,0.006927211567180125,-0.02810513470524245
82.0,0.82,1.13113888064575,0.0036594728752695703,-0.0014819619388956422,1.0922625945075033,0.018506770482247307,0.873064532969506,1.1380739200691659,1.0975171288959777,0.8957138122958523,-0.006935039423415779,-0.005254534388474452,-0.022649279326346305
83.0,0.83,1.163623275871549,0.029999248893335478,0.03015453598883116,1.1431323180386823,0.020484430327878805,0.8950410051183776,1.1580701937857585,1.117099071926345,0.9005421682768491,0.005553082085790528,0.02603324611233737,-0.005501163158471489
84.0,0.84,1.1705561766984562,0.03153241917223349,0.0321823606701453,1.129198229689364,0.01969408803765643,0.9052577278163166,1.1780664675023513,1.136681014956712,0.9053705242578458,-0.007510290803895092,-0.007482785267348024,-0.00011279644152917268
85.0,0.85,1.1759045119864269,0.021579299187020215,0.0060438213700013226,1.1758551988732364,0.00024115190333868065,0.9310353497057723,1.1980627412189442,1.156262957987079,0.9101988802388425,-0.022158229232517312,0.01959224088615752,0.02083646946692974
86.0,0.86,1.1952671758424573,0.014090770994880162,0.02724396381675142,1.1630759691666466,-0.0002190983905579673,0.9230002083484095,1.218059014935537,1.175844901017446,0.9150272362198393,-0.02279183909307969,-0.012768931850799525,0.007972972128570177
87.0,0.87,1.2165858227093798,0.017750945357959787,0.012741285682001701,1.2011992976957542,0.008701114518962131,0.9388238610778225,1.2380552886521299,1.195426844047813,0.919855592200836,-0.02146946594275012,0.0057724536479411,0.018968268876986438
88.0,0.88,1.2545025720628737,0.029518096150787754,0.02778258017913039,1.1872515827723595,0.025292901387030702,0.9279909990097179,1.2580515623687225,1.21500878707818,0.9246839481818327,-0.003548990305848765,-0.027757204305820515,0.003307050827885183
89.0,0.89,1.2420334761672964,0.02126690835849761,0.02270373090974608,1.2426131708746728,0.006452722587141721,0.9303175500583027,1.2780478360853154,1.2345907301085473,0.9295123041628295,-0.036014359918018934,0.008022440766125571,0.0008052458954732611
90.0,0.9,1.2930301316425734,0.02485624044271036,0.014436957917180023,1.2175931627021335,0.022261359149123753,0.9388945672403884,1.2980441098019082,1.2541726731389142,0.9343406601438262,-0.005013978159334798,-0.03657951043678076,0.004553907096562226
91.0,0.91,1.2798165115957265,0.02270763224752091,0.018108240267561724,1.2619508012856553,0.010705623909377788,0.9818986896111996,1.318040383518501,1.2737546161692814,0.939169016124823,-0.038223871922774544,-0.01180381488362614,0.042729673486376685
92.0,0.92,1.2926976492861169,0.0302017895578246,0.007614094915440946,1.2821821323581895,0.003853467596723221,0.9792347238510185,1.338036657235094,1.2933365591996484,0.9439973721058197,-0.04533900794897705,-0.011154426841458953,0.03523735174519882
93.0,0.93,1.322977297753971,0.03515373986357533,0.004452741913824101,1.2874598177782892,0.02666909935694258,0.9907324528642444,1.3580329309516865,1.3129185022300154,0.9488257280868164,-0.03505563319771543,-0.025458684451726166,0.04190672477742796
94.0,0.94,1.3428174291901578,0.026516445448789026,0.01793790396723277,1.3158409429782272,0.013435494189214926,0.9541666121172206,1.3780292046682792,1.3325004452603824,0.9536540840678132,-0.03521177547812138,-0.01665950228215518,0.0005125280494074902
95.0,0.95,1.3803840355154522,0.031450292006789664,0.016947605235510282,1.3377294506201973,0.026377867915433367,1.019577905390699,1.398025478384872,1.3520823882907493,0.9584824400488099,-0.01764144286941982,-0.014352937670552013,0.061095465341889144
96.0,0.96,1.3869201983668797,0.007827248572268387,0.014519467700817046,1.392964077516143,0.04275184463524955,1.0249939314823213,1.4180217521014649,1.3716643313211163,0.9633107960298066,-0.03110155373458512,0.021299746195026614,0.06168313545251469
97.0,0.97,1.3832495538554854,0.021479128607923035,0.024758881269214862,1.3652749992126274,0.021862430738555347,0.9912921046429769,1.4380180258180577,1.3912462743514835,0.9681391520108034,-0.054768471962572285,-0.02597127513885611,0.02315295263217354
98.0,0.98,1.418200896934869,0.03062665228158312,0.03829581330187079,1.3560181790872559,0.031579481331824685,1.0308445671644166,1.4580142995346503,1.4108282173818505,0.9729675079918001,-0.03981340259978139,-0.05481003829459463,0.05787705917261654
99.0,0.99,1.4183246185069935,0.035224022260736725,0.006075166393831211,1.4126220701463736,0.0371384712659172,1.0265421967237034,1.4780105732512432,1.4304101604122177,0.9777958639727968,-0.05968595474424965,-0.017788090265844048,0.04874633275090656
100.0,1.0,1.4357954855264132,0.04931287805025185,0.009319851477119672,1.4041145079589623,0.00900519001181863,1.071187228902427,1.498006846967836,1.4499921034425847,0.9826242199537936,-0.06221136144142281,-0.04587759548362236,0.08856300894863334
101.0,1.01,1.4807104818631047,0.03579984179066863,0.04017732157924395,1.4299978822514585,0.027090912865232932,1.030211217390218,1.5180031206844289,1.4695740464729516,0.9874525759347903,-0.037292638821324164,-0.039576164221493126,0.04275864145542774
102.0,1.02,1.5146110640033477,0.0224102248890355,0.015018483101529683,1.4405065468666278,0.022737733977437502,1.0431478205910933,1.5379993944010217,1.4891559895033188,0.992280931915787,-0.023388330397674073,-0.04864944263669102,0.05086688867530631
103.0,1.03,1.4713064772355453,0.00788677296789269,0.004766885343806417,1.4731377447884435,-0.005411923586008978,1.1099208357734656,1.5579956681176146,1.5087379325336858,0.9971092878967838,-0.08668919088206928,-0.03560018774524232,0.1128115478766818
104.0,1.04,1.5063650464153997,0.016296598310884418,-0.0026760398644002257,1.4619323442005443,0.04232834818214537,1.0323250587024821,1.5779919418342074,1.528319875564053,1.0019376438777803,-0.07162689541880773,-0.06638753136350872,0.030387414824701864
105.0,1.05,1.5422465880666918,0.03618886199375196,0.0358639142429354,1.4562373411441467,0.026898291445702573,1.080052406528954,1.5979882155507998,1.5479018185944198,1.0067659998587772,-0.05574162748410805,-0.09166447745027306,0.07328640667017683
106.0,1.06,1.5667184424353788,0.011530346955246252,-0.005538914531141698,1.4969495695974862,0.010749308072638235,1.1087024196713158,1.6179844892673927,1.567483761624787,1.0115943558397738,-0.051266046832013856,-0.07053419202730082,0.09710806383154202
107.0,1.07,1.540992246381971,0.020014165588642715,-0.010826458634759827,1.5408531589835375,0.026074311744984337,1.0978599746387916,1.6379807629839855,1.5870657046551542,1.0164227118207707,-0.09698851660201457,-0.0462125456716167,0.08143726281802088
108.0,1.08,1.5813573530433662,0.04473985277907045,0.024801582315179455,1.5635756026600611,0.012340828455058699,1.1084857552555147,1.6579770367005784,1.6066476476855214,1.0212510678017672,-0.07661968365721217,-0.04307204502546025,0.08723468745374752
109.0,1.09,1.5813246087969945,0.028233756057626694,0.01114741775728751,1.546969004238924,0.023028991106398836,1.1521475489729234,1.6779733104171712,1.6262295907158881,1.0260794237827642,-0.09664870162017669,-0.07926058647696421,0.1260681251901592
110.0,1.1,1.610382199203315,0.041605954835658106,0.01621515311116161,1.569356433416783,0.0319490124418935,1.15052528506562,1.697969584133764,1.6458115337462553,1.0309077797637607,-0.08758738493044915,-0.07645510032947223,0.11961750530185933
111.0,1.11,1.63786096871856,0.03690124510246034,0.020298069423415856,1.5650860310602237,0.01958458197728388,1.144931111019553,1.717965857850357,1.6653934767766225,1.0357361357447576,-0.08010488913179703,-0.10030744571639882,0.10919497527479538
112.0,1.12,1.6556683810422863,0.04662680903043072,0.009271855173524749,1.591502976908294,-0.0021999738689206113,1.1924295401155152,1.7379621315669498,1.6849754198069893,1.0405644917257542,-0.08229375052466348,-0.09347244289869527,0.151865048389761
113.0,1.13,1.6710353005849863,0.009156208255207804,0.03481795885352213,1.6036290929145742,0.0491198538446939,1.1806701580745629,1.7579584052835422,1.704557362837356,1.045392847706751,-0.08692310469855591,-0.10092826992278181,0.135277310367812
114.0,1.14,1.6941978174871253,0.01626440026928423,0.01720156930650439,1.621161364569434,0.031509959200627775,1.1301027968510204,1.777954679000135,1.7241393058677232,1.0502212036877476,-0.08375686151300976,-0.10297794129828919,0.07988159316327281
115.0,1.15,1.6916144700328282,-0.00011072546923761222,0.000978217591374912,1.6407784692191258,0.011266375066332702,1.1843214322614966,1.797950952716728,1.74372124889809,1.0550495596687444,-0.10633648268389972,-0.10294277967896415,0.1292718725927522
116.0,1.16,1.7201912999358673,0.0489737279257392,0.03316261157597006,1.6648291933693762,0.004276143855168099,1.1927763580670006,1.8179472264333203,1.7633031919284572,1.059877915649741,-0.09775592649745302,-0.09847399855908101,0.13289844241725945
117.0,1.17,1.7550001340574735,0.01356908345753149,0.029238414979529295,1.6981008641273008,0.025586517253309255,1.2105408099260986,1.8379435001499131,1.7828851349588244,1.0647062716307378,-0.08294336609243969,-0.08478427083152362,0.14583453829536075
118.0,1.18,1.7749721188818652,0.040284097454494516,0.03722367219851846,1.684705305221964,0.031423620378605535,1.1839874444460017,1.857939773866506,1.8024670779891911,1.0695346276117346,-0.08296765498464076,-0.1177617727672271,0.11445281683426711
119.0,1.19,1.7359681986506679,0.03904110375778008,0.02093269587927958,1.7188724244782165,0.038518054774861615,1.1803961961039866,1.8779360475830988,1.8220490210195583,1.0743629835927313,-0.14196784893243097,-0.10317659654134181,0.1060332125112553
120.0,1.2,1.859059947941898,0.03698382985006093,0.05712356122406433,1.7904803862599488,0.019780012378832555,1.1779431433675294,1.8979323212996917,1.8416309640499255,1.079191339573728,-0.03887237335779359,-0.05115057778997678,0.09875180379380133
121.0,1.21,1.8724894362615938,0.03498629191867526,-0.00562867965240607,1.7375877190405862,-0.015004820418442654,1.2179795953110795,1.9179285950162845,1.8612129070802923,1.0840196955547248,-0.045439158754690734,-0.12362518803970612,0.1339598997563547
122.0,1.22,1.8690316128372877,0.020850149063780708,-0.0011890438034652352,1.7533645088170273,0.004772796861451865,1.204234338842882,1.9379248687328774,1.8807948501106595,1.0888480515357215,-0.0688932558955897,-0.12743034129363218,0.1153862873071605
123.0,1.23,1.905236747249603,0.06885547997201015,-0.003001305529488956,1.7783780155118245,0.0036836060272041797,1.2271625659847265,1.9579211424494702,1.9003767931410267,1.0936764075167182,-0.05268439519986723,-0.12199877762920219,0.13348615846800826
124.0,1.24,1.8958200763966158,0.02965241469859721,0.030161005827212223,1.7839189245951244,0.0496153376510607,1.2332079454590232,1.977917416166063,1.919958736171394,1.098504763497715,-0.08209733976944733,-0.13603981157626954,0.13470318196130826
125.0,1.25,1.8921415630590792,0.019594167512415377,0.008460461405207646,1.7986119764571606,0.030527275304836867,1.2441748745908274,1.997913689882656,1.9395406792017607,1.1033331194787117,-0.10577212682357673,-0.1409287027446,0.14084175511211572
126.0,1.26,1.8816522026581974,0.01704533589799826,0.03467920010282918,1.899477398974209,0.03418362369619094,1.2118796297321,2.0179099635992483,1.9591226222321279,1.1081614754597084,-0.1362577609410509,-0.05964522325791877,0.1037181542723915
127.0,1.27,1.9076304278945098,0.07505759097786203,0.01611873959430932,1.8542238544004128,0.006366017652524904,1.2388689450887858,2.037906237315841,1.978704565262495,1.1129898314407052,-0.13027580942133143,-0.12448071086208223,0.12587911364808058
128.0,1.28,1.9548649163902494,0.03619007378247244,0.02851429159973706,1.8757255181013146,0.009658759278415228,1.28427997645966,2.057902511032434,1.9982865082928618,1.117818187421702,-0.10303759464218465,-0.1225609901915472,0.16646178903795805
129.0,1.29,1.9704546206792304,-0.006669252587272881,0.016330137554141547,1.8876773064154748,0.03542235455544555,1.2849244634731833,2.077898784749027,2.017868451323229,1.1226465434026984,-0.10744416406979651,-0.13019114490775419,0.16227792007048492
130.0,1.3,2.040038860185157,0.02632539066524683,-0.003084690343428969,1.93132421885102,0.05823176878596648,1.2914688113355925,2.0978950584656197,2.037450394353596,1.1274748993836954,-0.057856198280462845,-0.10612617550257619,0.16399391195189716
131.0,1.31,2.023982987481884,-0.0020505996685371533,0.05520622811829067,1.95232280809664,0.035774125769081344,1.2493121697641731,2.1178913321822126,2.057032337383963,1.132303255364692,-0.0939083447003286,-0.10470952928732302,0.11700891439948125
132.0,1.32,1.9966797532704057,0.03275550300868029,0.04464288578626198,2.025300908320927,0.056400096335672875,1.2393228192791108,2.1378876058988054,2.07661428041433,1.1371316113456889,-0.14120785262839974,-0.05131337209340314,0.10219120793342196
133.0,1.33,2.0161602098037417,0.023260212735656816,0.017652359180256517,1.9727656722814997,0.05943175319176214,1.2314468218266204,2.1578838796153983,2.0961962234446974,1.1419599673266854,-0.14172366981165663,-0.12343055116319768,0.08948685449993499
134.0,1.34,2.0934461087180134,0.04529147602227976,0.012588357472859498,2.031628069238196,0.05114337874616411,1.312630069875477,2.177880153331991,2.115778166475064,1.1467883233076823,-0.08443404461397774,-0.08415009723686806,0.1658417465677946
135.0,1.35,2.0723771796202652,0.02357241459516369,0.0033304065002624254,1.9807150912504607,0.03309872449727255,1.2941553792781662,2.1978764270485835,2.1353601095054313,1.1516166792886788,-0.1254992474283183,-0.15464501825497057,0.14253869998948732
136.0,1.36,2.105355019760331,0.03284681129961355,0.016301314251706396,2.015526155989845,0.039865858093906865,1.2976136162314125,2.2178727007651764,2.1549420525357985,1.1564450352696758,-0.11251768100484538,-0.13941589654595354,0.14116858096173668
137.0,1.37,2.0822674827658765,0.025675452022408507,0.055877042805769626,2.0496840569743475,0.03805657757914607,1.3318283771134256,2.2378689744817692,2.1745239955661657,1.1612733912506723,-0.15560149171589277,-0.12483993859181819,0.1705549858627533
138.0,1.38,2.137918407699659,0.039024772030505236,0.028937177085851785,2.1329724710711226,0.05282423683587361,1.3140473305240545,2.2578652481983617,2.194105938596532,1.166101747231669,-0.11994684049870274,-0.06113346752540938,0.1479455832923855
139.0,1.39,2.128574986681898,0.05903019747785197,0.04171814278763667,2.0599354243831898,0.011725393725124223,1.3177352004633918,2.2778615219149545,2.2136878816268992,1.1709301032126658,-0.14928653523305657,-0.15375245724370945,0.146805097250726
140.0,1.4,2.193525288608359,0.055002285412691095,0.03102974330739445,2.0647906783019856,0.0284379701061689,1.4030233714999027,2.2978577956315474,2.2332698246572664,1.1757584591936625,-0.10433250702318819,-0.16847914635528083,0.22726491230624024
141.0,1.41,2.2212474724325406,0.058987371794907394,0.056478005245345526,2.116231377211194,0.03395046877209692,1.3027095191531792,2.31785406934814,2.252851767687633,1.1805868151746592,-0.09660659691559959,-0.13662039047643937,0.12212270397851999
142.0,1.42,2.2072262260566737,0.015352935624576724,0.022337891591451456,2.1741659227489576,0.029627755101191276,1.3192276188032979,2.337850343064733,2.2724337107180004,1.185415171155656,-0.13062411700805932,-0.09826778796904279,0.13381244764764189
143.0,1.43,2.252283187583525,0.07279713815378114,0.025556637275938526,2.153641832064885,0.04631780473231213,1.3589482009136862,2.357846616781326,2.2920156537483676,1.1902435271366527,-0.10556342919780093,-0.13837382168348267,0.16870467377703346
144.0,1.44,2.219337042012508,0.059517061062449236,0.014372226913864328,2.1987717588605236,0.0665576569266484,1.4165161266138748,2.3778428904979187,2.3115975967787343,1.1950718831176494,-0.15850584848541072,-0.11282583791821077,0.22144424349622538
145.0,1.45,2.2305806223784677,0.04531671974258642,0.019134716027487945,2.193033913636842,0.053412588897485284,1.322926088615513,2.3978391642145116,2.3311795398091015,1.1999002390986462,-0.16725854183604394,-0.13814562617225956,0.12302584951686679
146.0,1.46,2.3186609640912184,0.07354995061578545,0.02530095008592825,2.1663986616644753,0.013996611156285324,1.4077118030270508,2.417835437931104,2.3507614828394687,1.204728595079643,-0.09917447383988565,-0.18436282117499347,0.20298320794740787
147.0,1.47,2.293269545526292,0.09799478484649359,0.017519535989396436,2.252179942276058,0.07426155046499174,1.3912135730522814,2.437831711647697,2.3703434258698355,1.2095569510606397,-0.1445621661214047,-0.11816348359377749,0.1816566219916418
148.0,1.48,2.3976129002495488,0.06025774173081845,0.026183794938598005,2.2910122023840445,0.054501359804038696,1.4240844864471354,2.4578279853642897,2.3899253689002027,1.2143853070416364,-0.06021508511474094,-0.09891316651615822,0.20969917940549898
149.0,1.49,2.2881336896355826,0.03726489554636884,0.0318955797892704,2.20703809314253,0.048613523637461194,1.3706843996195108,2.4778242590808826,2.40950731193057,1.2192136630226331,-0.18969056944529994,-0.20246921878803992,0.1514707365968777
150.0,1.5,2.30339317466041,0.052862311426981806,0.03599177754915016,2.2514367860145326,0.012113707664009906,1.4061956402324505,2.4978205327974754,2.429089254960937,1.2240420190036299,-0.19442735813706546,-0.17765246894640452,0.18215362122882062
151.0,1.51,2.33590107143594,0.03088848304807515,0.04661122580617156,2.3244779853444575,0.040159274185821874,1.4374277415226027,2.5178168065140683,2.448671197991304,1.2288703749846266,-0.1819157350781282,-0.12419321264684635,0.20855736653797607
152.0,1.52,2.3784690420259245,0.04253726184038753,0.04849705929595226,2.2785857202798354,0.06262424735429167,1.3731611096669385,2.537813080230661,2.468253141021671,1.2336987309656233,-0.15934403820473664,-0.18966742074183562,0.13946237870131517
153.0,1.53,2.43381055248606,0.01625313329262485,-0.018718561352674454,2.392343383562045,0.02499129994591258,1.4472748426699305,2.557809353947254,2.4878350840520382,1.23852708694662,-0.12399880146119413,-0.09549170048999311,0.2087477557233104
154.0,1.54,2.521636565008328,0.0691993572869399,0.019322750333797323,2.373480983192687,0.053269285771778606,1.435607277937134,2.577805627663847,2.507417027082405,1.2433554429276168,-0.05616906265551869,-0.13393604388971792,0.19225183500951726
155.0,1.55,2.4506930304964762,0.07020224995805792,0.029546255138285647,2.3837825424278907,0.01432147591257767,1.4346279030910702,2.597801901380439,2.526998970112772,1.2481837989086135,-0.14710887088396296,-0.14321642768488152,0.18644410418245672
156.0,1.56,2.3687347879097675,0.0375336897084345,0.024526546373956917,2.337710862475593,0.06496289850894349,1.4186905295186507,2.617798175097032,2.5465809131431394,1.2530121548896103,-0.2490633871872645,-0.20887005066754627,0.16567837462904045
157.0,1.57,2.5025680751596373,0.0746902575844542,0.029639428858875855,2.367401263259028,0.06996120656507952,1.4836866143395855,2.637794448813625,2.566162856173506,1.257840510870607,-0.1352263736539876,-0.19876159291447815,0.2258461034689785
158.0,1.58,2.4956644232859735,0.03611053285731388,0.010558193256604932,2.4735164926763553,0.036159789690017825,1.457151537513411,2.6577907225302178,2.5857447992038733,1.2626688668516035,-0.16212629924424427,-0.11222830652751803,0.19448267066180747
159.0,1.59,2.5238122926310407,0.062477347992367815,0.05037043568024823,2.4674676963062687,0.07002386569377983,1.4375784724638274,2.6777869962468106,2.6053267422342405,1.2674972228326005,-0.15397470361576993,-0.13785904592797182,0.17008124963122695
160.0,1.6,2.5846343820346385,0.0719670709294431,-0.004485428170536146,2.493218385003408,0.014502228469027593,1.5345706501080456,2.6977832699634035,2.6249086852646073,1.272325578813597,-0.11314888792876499,-0.13169030026119932,0.26224507129444863
161.0,1.61,2.6026176348715477,0.057854412854015595,0.056910856259061664,2.5439086951513863,0.07365227114261094,1.4404968131611338,2.7177795436799963,2.6444906282949745,1.277153934794594,-0.11516190880844857,-0.10058193314358821,0.16334287836653982
162.0,1.62,2.504998224569372,0.07546874802244213,0.010417689578612816,2.4725222134313802,0.06598111518664186,1.4348521112914205,2.737775817396589,2.6640725713253417,1.2819822907755904,-0.2327775928272171,-0.19155035789396146,0.1528698205158301
163.0,1.63,2.6239787060031623,0.04587114812393917,0.028181387152461282,2.4999579375698833,0.08457429121265654,1.5170119517409457,2.7577720911131816,2.683654514355708,1.2868106467565872,-0.13379338511001926,-0.18369657678582474,0.23020130498435853
164.0,1.64,2.6757316793932526,0.02351964520628468,-8.67837810202609e-05,2.564680157663149,0.056379901096635,1.5149299973132573,2.7777683648297744,2.703236457386075,1.291639002737584,-0.10203668543652178,-0.13855629972292638,0.22329099457567336
165.0,1.65,2.661219002353264,0.07233021825385574,0.055569479128516175,2.5252364068760254,0.03903280091154513,1.5307769113717395,2.7977646385463673,2.7228184004164424,1.2964673587185807,-0.13654563619310345,-0.19758199354041706,0.2343095526531589
166.0,1.66,2.7739120726609414,0.038328848563412905,0.02894718941538045,2.645976554803886,0.08883780820166512,1.5144344621418813,2.8177609122629597,2.7424003434468096,1.3012957146995774,-0.04384883960201824,-0.09642378864292356,0.21313874744230388
167.0,1.67,2.672541685690244,0.11789120534139089,0.10165205753743985,2.61854093424182,0.017234972472257134,1.4606863287921714,2.8377571859795525,2.7619822864771764,1.3061240706805741,-0.16521550028930854,-0.14344135223535615,0.1545622581115973
168.0,1.68,2.6897655576257757,0.07034489020749621,-0.027261163486771402,2.548686755589757,0.035000350221382134,1.5326472516777911,2.8577534596961454,2.7815642295075436,1.3109524266615709,-0.16798790207036962,-0.23287747391778657,0.2216948250162203
169.0,1.69,2.696621557244323,0.0597358592053838,0.0048965792364727215,2.648123120902523,0.06896037777721398,1.5107690871367512,2.877749733412738,2.8011461725379108,1.3157807826425676,-0.18112817616841514,-0.15302305163538765,0.19498830449418358
170.0,1.7,2.6888786387498627,0.05053374286980492,0.04780786432299464,2.680668512302339,0.04774076368384148,1.5637752739934976,2.897746007129331,2.8207281155682775,1.3206091386235643,-0.2088673683794684,-0.14005960326593847,0.24316613536993326
171.0,1.71,2.789419597024314,0.05998862286978529,-0.00022583221588164194,2.6720227584289282,0.06551584042842942,1.508800470203589,2.917742280845924,2.8403100585986447,1.325437494604561,-0.12832268382160983,-0.1682873001697165,0.18336297559902803
172.0,1.72,2.803360979464363,0.0955298141013857,0.05933347597708484,2.6186575860711807,0.06476748674896914,1.5783599251702543,2.9377385545625168,2.859892001629012,1.3302658505855578,-0.13437757509815373,-0.2412344155578312,0.24809407458469646
173.0,1.73,2.766361631303778,0.04017662966684315,-0.019148438701136916,2.7165042836544195,0.002981751462780708,1.5411479581577758,2.9577348282791096,2.8794739446593787,1.3350942065665545,-0.19137319697533162,-0.16296966100495913,0.2060537515912213
174.0,1.74,2.7430895592333173,0.07443311932015927,0.06171465699394142,2.803360940932844,0.08890082479783853,1.5010746990448367,2.9777311019957025,2.899055887689746,1.3399225625475513,-0.23464154276238514,-0.09569494675690171,0.16115213649728544
175.0,1.75,2.9060132213094905,0.08184450394624102,0.025010802530765056,2.845644165010348,0.06341194159868987,1.589995586022474,2.997727375712295,2.918637830720113,1.344750918528548,-0.0917141544028044,-0.07299366570976495,0.24524466749392593
176.0,1.76,2.797188121504084,0.09308404190588337,-0.015697846050594638,2.6950794877698074,0.03266269759657581,1.4111179390989792,3.0177236494288877,2.93821977375048,1.3495792745095447,-0.2205355279248038,-0.2431402859806724,0.061538664589434466
177.0,1.77,2.9727782773526705,0.08004084061172573,0.01661888214490422,2.7727169394797224,0.04419512415289772,1.6007570280932284,3.0377199231454806,2.957801716780847,1.3544076304905415,-0.06494164579281003,-0.1850847773011246,0.24634939760268693
178.0,1.78,2.9694410004451974,0.04239143099458098,0.05027785619744297,2.8408578023552398,0.04058964454395014,1.560987147983306,3.0577161968620734,2.9773836598112142,1.3592359864715382,-0.08827519641687598,-0.13652585745597445,0.20175116151176775
179.0,1.79,2.921767388530811,0.07893186166518255,0.014680147895008417,2.749283444815113,0.03476256078264226,1.5920822137024153,3.0777124705786663,2.9969656028415814,1.364064342452535,-0.15594508204785518,-0.24768215802646854,0.22801787124988038
180.0,1.8,2.949407149844703,0.06581767317749171,0.02342356321305291,2.8171591947874073,0.09529509579659924,1.541131363597978,3.097708744295259,3.016547545871948,1.3688926984335317,-0.1483015944505559,-0.1993883510845409,0.1722386651644463
181.0,1.81,2.975560283999129,0.10884656790409063,0.006025009876916601,2.903700146211516,0.0552247932049673,1.4781578108746734,3.117705018011852,3.0361294889023154,1.3737210544145284,-0.1421447340127231,-0.13242934269079942,0.10443675646014494
182.0,1.82,3.0258586151206375,0.04277235852082717,0.05527144912875433,2.8662738239418046,0.06932438344412856,1.6335792329488736,3.137701291728445,3.0557114319326826,1.3785494103955251,-0.11184267660780733,-0.18943760799087794,0.2550298225533485
183.0,1.83,2.9891847764423995,0.03907856143195966,0.010616582802097665,2.845599539193253,0.07042673987948903,1.5729836008756282,3.1576975654450377,3.0752933749630493,1.3833777663765219,-0.1685127890026381,-0.22969383576979618,0.18960583449910628
184.0,1.84,3.041810534905452,0.09324759692290675,0.06721863140970984,2.9723624219286453,0.04073126643653697,1.5681485971778502,3.1776938391616305,3.0948753179934165,1.3882061223575186,-0.13588330425617867,-0.12251289606477123,0.17994247482033154
185.0,1.85,2.9554116716785104,0.05836078243430424,0.036754564960207035,2.951706692366083,0.05124143129610662,1.6180501385221502,3.197690112878223,3.1144572610237837,1.3930344783385153,-0.24227844119971254,-0.16275056865770088,0.22501566018363484
186.0,1.86,3.016269774674879,0.11702101746259182,0.04071574531566459,3.050400750586933,0.12107967664660357,1.547556340233241,3.2176863865948158,3.1340392040541505,1.397862834319512,-0.20141661191993698,-0.08363845346721765,0.14969350591372899
187.0,1.87,3.1104600561719042,0.06086611487551309,-0.007040606113416584,2.9384041178873246,0.08810325320205317,1.5542509028075318,3.2376826603114086,3.1536211470845177,1.4026911903005086,-0.12722260413950437,-0.2152170291971931,0.15155971250702316
188.0,1.88,3.035273761132393,0.10697592273322755,0.04772463620474682,3.094067030084214,0.025558647644615327,1.5752358702091456,3.257678934028001,3.1732030901148844,1.4075195462815053,-0.22240517289560824,-0.07913606003067031,0.16771632392764024
189.0,1.89,3.1582126652287865,0.09468732556399866,-0.045888120967024416,2.956040007515404,0.04409462964454216,1.584726174194707,3.277675207744594,3.192785033145251,1.412347902262502,-0.11946254251580735,-0.23674502562984712,0.1723782719322049
190.0,1.9,3.132224454648961,0.09729611770960911,0.01527652115180968,3.0901283055983644,0.1184298093707632,1.599712372778621,3.2976714814611867,3.2123669761756184,1.4171762582434988,-0.16544702681222567,-0.12223867057725402,0.1825361145351223
191.0,1.91,3.158841606654911,0.0840153405883576,0.049285404868443614,3.039403008960623,0.030022942194051643,1.616428427527911,3.3176677551777796,3.2319489192059856,1.4220046142244955,-0.15882614852286858,-0.1925459102453626,0.19442381330341552
192.0,1.92,3.1074181130021734,0.07739150950630502,0.05815538513766066,3.197267658531941,0.08770327379066135,1.6136435624039611,3.3376640288943724,3.2515308622363523,1.4268329702054923,-0.230245915892199,-0.05426320370441129,0.18681059219846885
193.0,1.93,3.142804487784397,0.05678679817736949,0.009676783693305439,3.20901796296101,0.03527400394981466,1.6963089914137306,3.3576603026109653,3.2711128052667195,1.431661326186489,-0.21485581482656846,-0.06209484230570972,0.2646476652272416
194.0,1.94,3.190860445395493,0.11601717626627288,0.03835952832542782,3.141507718761414,0.03571295699894303,1.6652635239020135,3.377656576327558,3.2906947482970867,1.4364896821674857,-0.18679613093206493,-0.14918702953567253,0.22877384173452775
195.0,1.95,3.2537560727246393,0.03816982190342918,0.029326411405790127,3.1783412411040604,0.10472915552729554,1.6651695587140143,3.397652850044151,3.310276691327454,1.4413180381484825,-0.14389677731951167,-0.1319354502233936,0.22385152056553181
196.0,1.96,3.2413265238647706,0.052042874987828815,0.07351935337378467,3.0800199754713558,0.006102093219686448,1.6613155904551304,3.4176491237607434,3.3298586343578207,1.4461463941294792,-0.17632259989597276,-0.24983865888646495,0.21516919632565124
197.0,1.97,3.1763760026905747,0.09795944640522902,0.01169585371985313,3.1795979472769296,0.10801144950899873,1.6773220134025295,3.437645397477336,3.349440577388188,1.450974750110476,-0.2612693947867615,-0.16984263011125833,0.22634726329205357
198.0,1.98,3.304730937488534,0.15229477615709164,0.047739151032051425,3.18238873092566,0.04931755766900022,1.6707010065130996,3.457641671193929,3.369022520418555,1.4558031060914727,-0.15291073370539499,-0.1866337894928951,0.21489790042162693
199.0,1.99,3.4444753501300123,0.07242983015764252,0.05419136945493641,3.2946960457838887,0.15613025805173725,1.6329506168160999,3.477637944910522,3.388604463448922,1.4606314620724694,-0.03316259478050965,-0.0939084176650331,0.17231915474363046
200.0,2.0,3.3512450196460852,0.09454285276421101,-0.025926364468995697,3.194946884914494,-0.024270003410695146,1.5829845779545122,3.4976342186271148,3.408186406479289,1.4654598180534661,-0.14638919898102953,-0.2132395215647951,0.11752475990104605
201.0,2.01,3.469400962857302,0.07701770419263677,-0.06345630544962759,3.328317323021115,0.10469455553758458,1.6993233404776025,3.517630492343707,3.427768349509656,1.4702881740344629,-0.04822952948640502,-0.09945102648854087,0.2290351664431396
202.0,2.02,3.466335700563909,0.044571928703022755,-0.014032657524805798,3.307270290566524,0.08591590179949798,1.7211296484921836,3.5376267660603005,3.447350292540023,1.4751165300154596,-0.07129106549639141,-0.1400800019734989,0.24601311847672402
203.0,2.03,3.4074825129978965,0.07134765118085135,0.024054950831084942,3.1446728602313057,0.06332018469112274,1.6621678029664175,3.557623039776893,3.4669322355703898,1.4799448859964563,-0.15014052677899636,-0.3222593753390841,0.18222291696996118
204.0,2.04,3.38977069132818,0.03755233879427991,-0.007424097355460846,3.2822445300514853,0.09372293271947188,1.6632158102147225,3.577619313493486,3.4865141786007574,1.484773241977453,-0.18784862216530618,-0.2042696485492721,0.17844256823726945
205.0,2.05,3.3597539832443437,0.09524130287053419,0.02096458228011678,3.272071109459414,0.08984046192615565,1.7382010223371156,3.5976155872100786,3.506096121631124,1.4896015979584498,-0.23786160396573486,-0.23402501217171023,0.24859942437866578
206.0,2.06,3.3500500669073423,0.035970744500480746,0.012517669397421318,3.370709370528176,0.09314977828684734,1.69348038238568,3.617611860926672,3.5256780646614914,1.4944299539394466,-0.26756179401932956,-0.1549686941333155,0.19905042844623355
207.0,2.07,3.439375409805791,0.08049502761800427,0.044615338877579784,3.411515606209424,0.09023316912441583,1.7779791595940695,3.6376081346432643,3.5452600076918577,1.4992583099204433,-0.19823272483747312,-0.1337444014824336,0.2787208496736262
208.0,2.08,3.505472637757045,0.09437590647601514,-0.03752471386464313,3.4348079640329794,0.13299036046387475,1.6493249944332598,3.6576044083598576,3.5648419507222258,1.5040866659014398,-0.15213177060281247,-0.13003398668924637,0.14523832853181995
209.0,2.09,3.4847746219277744,0.09694147853756464,0.03304258008267447,3.489123607823061,0.059031443579848665,1.7210252749726163,3.67760068207645,3.584423893752592,1.5089150218824368,-0.19282606014867554,-0.0953002859295311,0.2121102530901795
210.0,2.1,3.6430748145463427,0.12000723514808878,0.03772634258365173,3.431010427535291,0.02753872585250296,1.7077665772946025,3.6975969557930424,3.6040058367829593,1.5137433778634333,-0.05452214124669963,-0.17299540924766843,0.1940231994311692
211.0,2.11,3.5464707344557738,0.09547188522970168,0.04825017649107402,3.4103201433955035,0.037911792090283336,1.6850816123880126,3.7175932295096348,3.6235877798133265,1.5185717338444302,-0.171122495053861,-0.21326763641782298,0.16650987854358235
212.0,2.12,3.5768962239488977,0.017149709011774036,0.030914198844738557,3.3247947590880544,0.052597829974525626,1.7354352041072068,3.737589503226228,3.6431697228436937,1.5234000898254267,-0.16069327927733035,-0.31837496375563923,0.21203511428178
213.0,2.13,3.529152787532576,0.0903217850175539,-0.01920064868501321,3.534813597886166,0.08112074734677044,1.7129192826073896,3.7575857769428205,3.66275166587406,1.5282284458064237,-0.2284329894102446,-0.12793806798789387,0.18469083680096587
214.0,2.14,3.608116877229061,0.08533572550322291,0.024786782222821935,3.6245773665995435,0.14704846980672417,1.7393832274470158,3.7775820506594138,3.682333608904428,1.5330568017874202,-0.16946517343035294,-0.05775624230488452,0.20632642565959558
215.0,2.15,3.593142067703102,0.05360577809626495,0.05828942784916617,3.5026590498409202,0.06337957780595023,1.8131387930205791,3.797578324376006,3.7019155519347944,1.5378851577684172,-0.2044362566729041,-0.19925650209387413,0.27525363525216195
216.0,2.16,3.5457055681906127,0.2132717163865723,0.028310458351767393,3.708289039764123,0.09882734916664522,1.7066116867200192,3.8175745980925995,3.7214974949651625,1.5427135137494137,-0.2718690299019868,-0.013208455201039637,0.1638981729706055
217.0,2.17,3.8189011444330534,0.17103366426583622,0.11199016022220969,3.640079161180751,0.08002572504845212,1.6651781508453747,3.837570871809192,3.741079437995529,1.5475418697304106,-0.01866972737613848,-0.10100027681477775,0.11763628111496405
218.0,2.18,3.749734562738663,0.09854372530655876,-0.026948874281773578,3.5710786083713733,0.08158918164798114,1.7488759964725764,3.857567145525785,3.760661381025896,1.5523702257114071,-0.10783258278712227,-0.18958277265452272,0.19650577076116926
219.0,2.19,3.738660628746936,0.0809548596300433,0.030054159138681737,3.5760817091834083,0.13083960064332806,1.7738693346456498,3.8775634192423776,3.780243324056263,1.557198581692404,-0.1389027904954414,-0.2041616148728549,0.21667075295324567
220.0,2.2,3.7938279177625907,0.0727202115204247,0.08886214882689596,3.625612893909293,0.054831813061067734,1.7154201278571162,3.897559692958971,3.7998252670866304,1.5620269376734006,-0.10373177519638022,-0.1742123731773373,0.15339319018371556
221.0,2.21,3.864668172362912,0.05853963484787917,-0.04306016200206752,3.622601125313212,0.05609530035036206,1.7529808349315257,3.9175559666755633,3.8194072101169967,1.5668552936543976,-0.05288779431265134,-0.19680608480378448,0.1861255412771281
222.0,2.22,3.8315584995824565,0.21337611452290633,0.012003198194633363,3.6637052721088517,0.07197023986361253,1.8405529358805373,3.9375522403921566,3.8389891531473648,1.571683649635394,-0.10599374080970003,-0.1752838810385131,0.26886928624514317
223.0,2.23,3.7987807478155924,0.10844057051076207,-0.08288229005687166,3.709783287688441,0.12835193620707405,1.714964636921308,3.957548514108749,3.858571096177731,1.576512005616391,-0.1587677662931566,-0.14878780848929019,0.13845263130491703
224.0,2.24,3.7610947286775986,0.08689890644599202,0.02462477573376513,3.7554018098302495,0.13139044629191599,1.7961349936826532,3.9775447878253423,3.8781530392080983,1.5813403615973876,-0.21645005914774362,-0.12275122937784877,0.2147946320852656
225.0,2.25,3.867390200118967,0.11761895549040041,0.1265092190414766,3.843877438550594,0.05124260283795752,1.7256387015555112,3.9975410615419347,3.8977349822384655,1.5861687175783845,-0.1301508614229676,-0.053857543687871434,0.13946998397712673
226.0,2.26,3.7740718979959516,-0.012034167740238508,0.06894199817304042,3.709340159693913,0.09981028404974661,1.8086898260606266,4.0175373352585275,3.917316925268832,1.590997073559381,-0.24346543726257597,-0.20797676557491895,0.21769275250124553
227.0,2.27,3.8250100335092445,0.03845093241783482,0.017959808554400724,3.7379284967561026,0.1987534777088065,1.9108798770038484,4.037533608975121,3.936898868299199,1.595825429540378,-0.2125235754658763,-0.19897037154309638,0.31505444746347044
228.0,2.28,3.9453843322653204,0.07917346790964983,0.03547440100053581,3.726118006509009,0.12869878078563443,1.7623767072595413,4.057529882691712,3.956480811329566,1.6006537855213745,-0.11214555042639196,-0.23036280482055727,0.16172292173816682
229.0,2.29,3.8887206658246396,0.041490718576177275,0.03718495137971818,3.787533016186141,0.11785232456908518,1.7894893323975234,4.077526156408306,3.9760627543599334,1.605482141502371,-0.18880549058366602,-0.18852973817379226,0.18400719089515238
230.0,2.3,3.8515057006728943,0.08630535656322037,0.03197083663569828,3.7417548580512285,0.07127553016775909,1.7889570725170159,4.097522430124899,3.9956446973902997,1.610310497483368,-0.2460167294520046,-0.25388983933907117,0.1786465750336479
231.0,2.31,4.148662545034271,0.06688335581305344,0.09926056438425572,3.8839269971058004,0.14452393077627693,1.8520769160853545,4.11751870384149,4.015226640420668,1.6151388534643645,0.031143841192780464,-0.13129964331486743,0.23693806262099004
232.0,2.32,4.118698849539677,0.036451810482900505,0.0736904363055231,3.9036589978941154,0.15460655996717423,1.754954778163582,4.137514977558084,4.034808583451034,1.6199672094453614,-0.018816128018406708,-0.1311495855569187,0.13498756871822049
233.0,2.33,4.085666388734975,0.11006252582950693,0.06513052024412332,4.01735052029228,0.13174521239046222,1.7362074693551026,4.157511251274677,4.054390526481401,1.624795565426358,-0.07184486253970235,-0.0370400061891214,0.11141190392874467
234.0,2.34,4.103229917257775,0.0273282063925898,0.022814669954054248,3.9696276435790523,0.06303841797656289,1.8357936901890892,4.1775075249912685,4.0739724695117685,1.629623921407355,-0.07427760773349323,-0.10434482593271621,0.20616976878173432
235.0,2.35,4.062512813659697,0.13432092383470906,0.058618672776910075,3.93040734473148,0.09589350956423887,1.8392733778525443,4.197503798707862,4.093554412542136,1.6344522773883514,-0.13499098504816498,-0.1631470678106557,0.20482110046419288
236.0,2.36,3.905157240990792,0.132900084585572,0.0675604129709665,3.9867427495947436,0.11933677368511435,1.8412827030482903,4.217500072424455,4.113136355572502,1.6392806333693484,-0.3123428314336629,-0.1263936059777584,0.20200206967894196
237.0,2.37,3.9664047410075787,0.09109001059411326,-0.039665022743987144,4.096912597057173,0.048971001814125885,1.7277413552010161,4.237496346141048,4.13271829860287,1.6441089893503449,-0.27109160513346975,-0.035805701545696955,0.08363236585067124
238.0,2.38,4.13609867510237,0.06429669305907966,-0.020415643893635867,4.101710659328389,0.09096415275477576,1.792736243330462,4.25749261985764,4.152300241633236,1.6489373453313418,-0.12139394475526988,-0.05058958230484745,0.14379889799912027
239.0,2.39,4.156507905592483,0.04293845716792892,0.0936766771811182,4.132109773262743,0.12703331374143,1.8225703649760394,4.277488893574233,4.171882184663604,1.6537657013123384,-0.12098098798175005,-0.039772411400860186,0.16880466366370106
240.0,2.4,4.187828911324976,0.0821451613356273,0.11217933767466032,4.334153795407687,0.11967478526066164,1.806099961698856,4.2974851672908265,4.191464127693971,1.6585940572933353,-0.10965625596585049,0.14268966771371616,0.1475059044055207
241.0,2.41,4.119435587615867,0.15089765709486674,0.0068148939426042705,4.1733276809177795,0.1431794161841471,1.9487711899882962,4.31748144100742,4.211046070724338,1.6634224132743318,-0.19804585339155256,-0.037718389806558505,0.2853487767139644
242.0,2.42,4.230817170805205,0.22258865059418223,0.047485280381203615,4.071489936137483,0.044418890673715905,1.8752718337577545,4.337477714724011,4.230628013754704,1.6682507692553288,-0.10666054391880664,-0.15913807761722154,0.20702106450242574
243.0,2.43,4.070764466515832,0.19784926881473844,0.09663189053898266,3.9922340764853903,0.13958192694023255,1.9291396345939333,4.357473988440605,4.250209956785072,1.6730791252363253,-0.28670952192477284,-0.2579758802996821,0.25606050935760805
244.0,2.44,4.235159894605001,0.13344957308963626,0.09435430082368895,4.12313421992434,0.053086376756249984,1.8111799370099373,4.377470262157198,4.269791899815439,1.6779074812173222,-0.14231036755219684,-0.14665767989109835,0.13327245579261504
245.0,2.45,4.211015458267305,0.09783598030314114,0.13697707176308788,4.286738601615613,0.15797589799220474,1.7949439946645342,4.397466535873791,4.289373842845807,1.6827358371983188,-0.1864510776064865,-0.0026352412301937633,0.11220815746621549
246.0,2.46,4.246534013714884,0.11091659738818403,-0.00686350879708472,4.196701115276534,0.12388370870991902,1.8665011060622265,4.417462809590383,4.308955785876173,1.6875641931793157,-0.1709287958754988,-0.112254670599639,0.1789369128829108
247.0,2.47,4.252131303148626,0.06706942871419985,-0.004506904911947342,4.322438561159951,0.03321183988700828,1.9260575926547976,4.437459083306976,4.32853772890654,1.6923925491603122,-0.18532778015835039,-0.006099167746588918,0.23366504349448536
248.0,2.48,4.405937937702537,0.16843210387894156,0.0024280178115527328,4.293346017352612,0.14634609429092524,1.8845706433827263,4.457455357023569,4.3481196719369075,1.6972209051413092,-0.0515174193210326,-0.05477365458429517,0.1873497382414171
249.0,2.49,4.416427517139763,0.18399553018989728,0.036694187543215705,4.215016389511053,0.253031338681278,1.934345189996548,4.477451630740163,4.367701614967275,1.7020492611223057,-0.06102411360039994,-0.15268522545622165,0.23229592887424233
250.0,2.5,4.357328165372807,0.164157474368208,-0.08849764185033172,4.10028963107304,0.05179336822957074,1.8882414577720867,4.497447904456754,4.387283557997641,1.7068776171033027,-0.14011973908394726,-0.2869939269246009,0.18136384066878408
251.0,2.51,4.432048878502775,0.122015919604336,0.08103139996300635,4.163748407526554,0.04392541827164909,1.8738963844280792,4.517444178173346,4.406865501028008,1.7117059730842992,-0.08539529967057025,-0.24311709350145438,0.16219041134377998
252.0,2.52,4.358370469625867,0.032554516540896715,0.11212952199423372,4.172261036878012,0.11449256951262865,1.7911815513735494,4.537440451889939,4.426447444058375,1.7165343290652961,-0.179069982264072,-0.254186407180363,0.07464722230825327
253.0,2.53,4.342049274693545,0.14846033352553645,0.08650630351396173,4.322512092833975,0.11618009341448217,1.814643679803789,4.557436725606532,4.446029387088742,1.7213626850462926,-0.2153874509129876,-0.12351729425476687,0.0932809947574964
254.0,2.54,4.376545195102275,0.2274921675593239,0.09190440561390394,4.350931271699908,-0.0028221981235569973,1.9756256192548576,4.5774329993231255,4.46561133011911,1.7261910410272896,-0.20088780422085062,-0.11468005841920181,0.24943457822756798
255.0,2.55,4.535233768159337,0.14356345786161193,0.0034225359249049378,4.43072765907263,-0.008648447473854372,1.857325982297409,4.597429273039717,4.485193273149476,1.731019397008286,-0.06219550488038017,-0.0544656140768458,0.12630658528912297
256.0,2.56,4.43148588875836,0.128799395556987,0.08417693771867657,4.341869242523578,0.05288468190002974,1.943568570228949,4.61742554675631,4.504775216179843,1.735847752989283,-0.18593965799795065,-0.16290597365626525,0.20772081723966584
257.0,2.57,4.430495602225711,0.20983599953648932,0.021813067969767255,4.432914346878155,0.0947733606125076,1.8793358600849706,4.637421820472904,4.5243571592102105,1.7406761089702796,-0.20692621824719293,-0.09144281233205565,0.13865975111469098
258.0,2.58,4.559225554348579,0.05932726223132076,-0.0394962818894607,4.4918451592712705,0.002499348541736003,1.9161963257129697,4.657418094189497,4.543939102240578,1.745504464951276,-0.0981925398409178,-0.05209394296930725,0.17069186076169363
259.0,2.59,4.538605596081483,0.1406666175184815,-0.09933449025175019,4.368846893874043,0.06395557200661761,1.985519516862035,4.677414367906088,4.563521045270944,1.750332820932273,-0.13880877182460516,-0.19467415139690125,0.23518669592976194
260.0,2.6,4.6852268701393305,0.1084384239403232,-0.11323936446217875,4.240555478917579,0.12404875194510492,1.9799311553538235,4.697410641622682,4.583102988301312,1.7551611769132696,-0.012183771483351258,-0.34254750938373313,0.2247699784405539
261.0,2.61,4.488890981702103,0.10047902412843572,0.059775653125711495,4.423975513494171,0.12123301089168655,1.9153516418523866,4.717406915339275,4.602684931331678,1.7599895328942665,-0.22851593363717182,-0.17870941783750727,0.15536210895812008
262.0,2.62,4.560234536862885,-0.018314681738950123,0.08820888724152978,4.598143869984091,0.09158757470326782,1.8191759415269648,4.737403189055868,4.622266874362046,1.764817888875263,-0.17716865219298317,-0.024123004377954338,0.054358052651701794
263.0,2.63,4.621824070689041,0.05964395503656605,0.07662040816131624,4.472389329131167,0.07702367498406085,1.9158792459617313,4.75739946277246,4.641848817392413,1.76964624485626,-0.1355753920834184,-0.16945948826124546,0.14623300110547133
264.0,2.64,4.667485433964343,0.12970952556472,0.007574812593002493,4.488962767981667,0.0716907800547267,1.8489949039314406,4.777395736489053,4.66143076042278,1.7744746008372565,-0.10991030252471035,-0.17246799244111344,0.07452030309418411
265.0,2.65,4.796435801804126,0.06442782139509656,0.04085376399291853,4.449892265628279,-0.02938708173971755,1.9256115127133822,4.797392010205646,4.681012703453146,1.7793029568182535,-0.000956208401520442,-0.23112043782486769,0.1463085558951287
266.0,2.66,4.782460034399256,0.034981602869326944,-0.05216396291800824,4.563178287781671,0.08038345190407685,1.925631466863543,4.81738828392224,4.700594646483514,1.78413131279925,-0.03492824952298346,-0.13741635870184332,0.14150015406429306
267.0,2.67,4.916988476269644,0.09914046060150286,-0.0016515635929235245,4.654440736395868,0.02063380590903528,1.9802925232324637,4.837384557638831,4.720176589513881,1.788959668780247,0.07960391863081284,-0.06573585311801278,0.19133285445221682
268.0,2.68,4.874088644624359,0.1267242755180443,-0.05707480732815919,4.6052092639377715,0.08320964567365031,1.9622872006735397,4.8573808313554245,4.739758532544248,1.7937880247612434,0.016707813268934224,-0.13454926860647642,0.16849917591229624
269.0,2.69,4.836339414489045,0.1049466396800036,0.05434032977240141,4.62174719140788,0.13083300650926258,1.9165984567895562,4.877377105072018,4.759340475574615,1.7986163807422404,-0.04103769058297324,-0.13759328416673533,0.11798207604731581
270.0,2.7,4.8140968601296,0.09565361725288703,0.01424971209674186,4.691364753153189,0.13566102020545867,1.9807913043819254,4.897373378788609,4.778922418604982,1.803444736723237,-0.08327651865900965,-0.08755766545179355,0.1773465676586885
271.0,2.71,4.915358338977908,0.24667329930932239,0.03715183647689767,4.831899889611558,0.07460166765233522,1.902312160069132,4.917369652505203,4.798504361635349,1.8082730927042339,-0.002011313527294334,0.03339552797620904,0.09403906736489809
272.0,2.72,4.890065397037328,0.22334407329346254,0.029777793259299527,4.798486200700718,0.07513216831286586,1.8829495422183546,4.937365926221796,4.818086304665717,1.8131014486852304,-0.0473005291844677,-0.019600103964998894,0.06984809353312427
273.0,2.73,4.656055414919679,0.1631258346227821,0.02160349958157863,4.707221583324258,0.07070883856305495,1.926344470150609,4.9573621999383874,4.837668247696083,1.8179298046662273,-0.3013067850187081,-0.13044666437182517,0.10841466548438161
274.0,2.74,4.822100737743215,0.07647399326955606,0.11516685165939977,4.725664604127639,0.07567165456568449,1.9030385967123675,4.977358473654981,4.857250190726451,1.8227581606472238,-0.15525773591176595,-0.13158558659881248,0.08028043606514368
275.0,2.75,4.897116052388309,0.09320567035070701,0.045230159644179355,4.693254256543097,0.06154676292825872,1.923536533679712,4.997354747371574,4.8768321337568175,1.8275865166282208,-0.10023869498326476,-0.18357787721372087,0.09595001705149109
276.0,2.76,5.150049860117947,0.2011046513629454,0.0290940097662787,4.901541472818403,-0.004007969847946487,1.9068240442473603,5.0173510210881656,4.896414076787184,1.8324148726092173,0.1326988390297812,0.005127396031219256,0.07440917163814298
277.0,2.77,4.863110645721682,0.19442465121974714,0.0410833022540574,4.780638743410244,0.18970328675702655,1.9851837505901178,5.037347294804759,4.915996019817552,1.8372432285902143,-0.17423664908307668,-0.13535727640730766,0.14794052199990348
278.0,2.78,4.781116362423903,0.16978182187835714,0.07515566523392843,4.685625651851047,0.05680244052056368,2.063605381052595,5.057343568521352,4.935577962847918,1.8420715845712108,-0.2762272060974489,-0.24995231099687132,0.22153379648138438
279.0,2.79,4.975044718929365,0.23513901063570378,0.02217507405559577,4.843595038719689,0.04694753488973305,2.0853856362036893,5.077339842237945,4.955159905878285,1.8468999405522077,-0.10229512330858004,-0.11156486715859604,0.2384856956514816
280.0,2.8,5.08618738901334,0.2002404185803377,0.056444115626795806,4.882565725011488,0.045414936083523,2.0885592388636374,5.097336115954537,4.974741848908653,1.8517282965332043,-0.011148726941196507,-0.09217612389716479,0.23683094233043311
281.0,2.81,5.2112480267022585,0.1359675574682526,-0.042133021246766954,4.889740025031953,0.09589942802471038,1.9913007406375196,5.11733238967113,4.99432379193902,1.8565566525142012,0.09391563703112826,-0.10458376690706661,0.1347440881233184
282.0,2.82,5.079313368939091,0.19289719196447533,0.04916124803998242,4.864744988047831,0.07113652674910359,2.011378093469144,5.1373286633877235,5.013905734969386,1.8613850084951977,-0.05801529444863274,-0.149160746921555,0.14999308497394637
283.0,2.83,5.105842371169548,0.032755953645579296,0.11954560360732397,4.767621540616087,0.1190461094580902,2.0127702754160803,5.157324937104317,5.033487677999754,1.8662133644761947,-0.05148256593476841,-0.26586613738366704,0.14655691093988565
284.0,2.84,4.865949597127787,0.05434333527152938,0.11013109507901361,4.989195037612585,0.11934882381344439,1.889177112549544,5.177321210820908,5.0530696210301205,1.8710417204571912,-0.3113716136931215,-0.06387458341753582,0.01813539209235282
285.0,2.85,4.970913072162105,0.15119002041335888,0.13522665044157478,4.956750889227472,0.24914433780326548,1.8727200125488463,5.197317484537502,5.072651564060488,1.8758700764381881,-0.22640441237539655,-0.11590067483301603,-0.003150063889341803
286.0,2.86,5.0704667144056605,0.14896175073317228,-0.012807823574851343,5.06057974424015,0.14918832247291663,1.9135317009190989,5.217313758254095,5.092233507090855,1.8806984324191847,-0.1468470438484344,-0.03165376285070476,0.03283326849991419
287.0,2.87,5.13678160720827,0.054215083060990044,0.05623841511052901,4.913886081409801,0.1821448090500344,2.051629860945011,5.237310031970688,5.111815450121222,1.8855267884001812,-0.10052842476241786,-0.19792936871142075,0.1661030725448298
288.0,2.88,5.141218955370962,0.05998622393550012,0.09308943914229771,5.003801572202135,0.1717496959750016,1.9513269471469725,5.25730630568728,5.131397393151588,1.8903551443811781,-0.11608735031631756,-0.12759582094945365,0.06097180276579439
289.0,2.89,5.20594573802999,0.19265114547717702,0.061033040202264785,5.016126866449555,0.12127418622065556,1.8971305015241187,5.277302579403873,5.1509793361819565,1.8951835003621746,-0.0713568413738832,-0.13485246973240184,0.0019470011619440175
290.0,2.9,5.118861648055553,0.25000645238445307,-0.10150289237624845,5.002431650496817,0.13874213803105942,1.8470446742541133,5.297298853120466,5.170561279212323,1.9000118563431716,-0.17843720506491323,-0.16812962871550585,-0.05296718208905826
291.0,2.91,5.274831252964766,0.3795429243559526,0.015557353374609562,4.964613804844425,0.04695664362643129,1.9646562860589296,5.317295126837058,5.19014322224269,1.9048402123241681,-0.04246387387229156,-0.22552941739826515,0.0598160737347615
292.0,2.92,5.310773941326675,0.2028017062881663,0.15784615433991,4.96512431447786,-0.002250819796408506,2.0171270937039885,5.337291400553651,5.209725165273057,1.909668568305165,-0.02651745922697657,-0.2446008507951971,0.10745852539882339
293.0,2.93,5.316338988553051,0.1360662960309241,0.1641747571964654,5.086594294289936,0.08269249012286471,1.959192274379154,5.357287674270244,5.229307108303424,1.9144969242861616,-0.040948685717193456,-0.14271281401348812,0.044695350092992525
294.0,2.94,5.328787408450061,0.13013270386482934,0.07034880700390767,5.068274142508344,0.1646490012023668,1.9765564569818757,5.377283947986836,5.248889051333791,1.9193252802671585,-0.04849653953677535,-0.18061490882544629,0.057231176714717114
295.0,2.95,5.356122220961443,0.2171150636735097,-0.09706777015915057,5.161278454705767,0.08809564846578406,2.0640863076865337,5.397280221703429,5.268470994364159,1.924153636248155,-0.04115800074198628,-0.10719253965839215,0.13993267143837862
296.0,2.96,5.3949155304737175,0.28435153490134374,-0.08721098094039136,5.329775295042728,0.014194704778685362,2.157035754411993,5.4172764954200225,5.288052937394525,1.928981992229152,-0.022360964946305018,0.041722357648202646,0.2280537621828409
297.0,2.97,5.361657117549641,0.21280848266483365,-0.03885712680544911,5.333107283561864,0.07654709186983641,2.0853742220020384,5.437272769136616,5.307634880424892,1.9338103482101485,-0.07561565158697459,0.025472403136971522,0.15156387379188985
298.0,2.98,5.218384246757684,0.1591031760652526,0.13071326344109577,5.31988249502921,0.06846925934756132,2.0095812480011306,5.457269042853207,5.3272168234552595,1.9386387041911455,-0.23888479609552338,-0.007334328426049197,0.0709425438099851
299.0,2.99,5.415952311862803,0.02679191662955455,0.08496569614042977,5.221494599750864,0.18236399010521634,2.035972057076878,5.477265316569801,5.346798766485627,1.943467060172142,-0.06131300470699763,-0.12530416673476275,0.09250499690473601
300.0,3.0,5.377816755671791,0.20902599180386566,0.048985540436201944,5.337255934733675,0.03641209850188652,2.005447063216096,5.497261590286394,5.366380709515994,1.948295416153139,-0.11944483461460287,-0.029124774782318674,0.05715164706295717
301.0,3.01,5.304113373082486,0.1532174316242524,0.012460925113896982,5.322782908223646,0.012325265134079947,2.0059340248518507,5.5172578640029855,5.38596265254636,1.9531237721341355,-0.21314449092049959,-0.06317974432271445,0.05281025271771522
302.0,3.02,5.385577908072522,0.13960430328535522,0.027212146132293315,5.4404877998900485,-0.005732012390439623,2.0263223528904626,5.537254137719579,5.405544595576727,1.9579521281151324,-0.15167622964705707,0.0349432043133211,0.06837022477533017
303.0,3.03,5.432792782519711,0.10942457884178339,0.09346887682505904,5.542259838041337,0.06143433540001015,2.077256421527277,5.557250411436172,5.425126538607095,1.962780484096129,-0.12445762891646073,0.11713329943424267,0.11447593743114792
304.0,3.04,5.322177400385088,0.1406969911495483,0.09306631511831115,5.451248535227475,0.025908981458923997,2.0613120896261607,5.577246685152765,5.444708481637462,1.9676088400771259,-0.25506928476767765,0.006540053590013528,0.09370324954903486
305.0,3.05,5.359159425063145,0.09247883014920746,0.07761779844592734,5.445388430715694,0.1216332157591422,2.060285422481833,5.597242958869357,5.464290424667828,1.9724371960581224,-0.23808353380621217,-0.018901993952134433,0.0878482264237106
306.0,3.06,5.408422807481221,0.05787674416637192,0.0021805984606646928,5.540136980767843,0.2514687891103694,2.028452772580466,5.61723923258595,5.483872367698196,1.9772655520391194,-0.20881642510472886,0.05626461306964714,0.05118722054134661
307.0,3.07,5.375349478662366,0.19910648890487886,0.13809368462966132,5.579073250891586,0.17452133062685835,2.0626742021988616,5.637235506302543,5.5034543107285625,1.9820939080201159,-0.26188602764017777,0.0756189401630234,0.08058029417874568
308.0,3.08,5.8775911914850365,0.31094952336278875,0.042855308536838714,5.444366443819448,0.14635974593164988,2.06985449131979,5.657231780019137,5.52303625375893,1.9869222640011128,0.22035941146589977,-0.07866980993948136,0.08293222731867722
309.0,3.09,5.719272585359996,0.14800346068777706,-0.01704743672383802,5.45324980249749,0.05750750551425883,2.060274306400992,5.677228053735728,5.542618196789297,1.9917506199821093,0.04204453162426791,-0.08936839429180665,0.06852368641888251
310.0,3.1,5.645836375783336,0.25856477604839945,0.10690604136704666,5.498342500034741,0.026398103482275764,2.0701089270510753,5.6972243274523215,5.562200139819664,1.9965789759631063,-0.051387951668985465,-0.06385763978492331,0.073529951087969
311.0,3.11,5.487327391744793,0.07775093108995726,0.1360111506614579,5.397162027369441,0.06291747841714075,2.177460944082724,5.717220601168913,5.58178208285003,2.001407331944103,-0.2298932094241204,-0.18462005548058968,0.17605361213862114
312.0,3.12,5.485915731795007,0.05976361154302549,0.20937031646471124,5.3951695527898105,0.10969614473037612,2.1263545250878795,5.737216874885506,5.6013640258803985,2.0062356879250998,-0.2513011430904992,-0.20619447309058803,0.12011883716277971
313.0,3.13,5.761491893922951,0.2816848994560238,0.20403262477420184,5.589763117847921,0.06391447938304497,2.135300505475076,5.7572131486021,5.620945968910765,2.0110640439060963,0.004278745320851485,-0.031182851062843575,0.12423646156897972
314.0,3.14,5.852811527398443,0.3188937947523235,0.14731823463701768,5.519249561274968,0.10229795435534815,2.105323526753462,5.777209422318693,5.640527911941132,2.015892399887093,0.07560210507975018,-0.12127835066616388,0.08943112686636923
315.0,3.15,5.99686052106343,0.2842543758351956,-0.007434297713007231,5.396390374881292,0.12645233827805297,1.986283798558157,5.7972056960352845,5.660109854971499,2.0207207558680897,0.19965482502814513,-0.2637194800902076,-0.03443695730993279
316.0,3.16,5.8137578293902825,0.28688408514650127,-0.04612918377034127,5.565633578554008,0.15412275784269522,2.021832800179871,5.817201969751878,5.679691798001866,2.0255491118490863,-0.003444140361595238,-0.1140582194478581,-0.0037163116692151554
317.0,3.17,5.954365798875979,0.06465120727452432,-0.06662555616835564,5.577086221310557,0.19438146659637015,2.1856374887185446,5.837198243468471,5.699273741032233,2.030377467830083,0.11716755540750778,-0.12218751972167574,0.15526002088846136
318.0,3.18,5.755000338998142,0.15191417263587695,-0.014948144882533326,5.6761838032072545,0.14047879749679332,2.1574961724679644,5.857194517185064,5.718855684062601,2.0352058238110797,-0.102194178186922,-0.042671880855346345,0.1222903486568847
319.0,3.19,5.6873586294436755,0.1732758595072593,0.018360959444254542,5.72945537268293,-0.007411701976778355,2.1537201717242107,5.877190790901656,5.738437627092967,2.0400341797920767,-0.18983216145798032,-0.008982254410037527,0.11368599193213402
320.0,3.2,5.742228043961112,0.1967342091499316,0.037707192389978196,5.750528720094007,-0.08488131942371405,2.1490035086647015,5.897187064618249,5.758019570123334,2.044862535773073,-0.15495902065713718,-0.007490850029327589,0.10414097289162827
321.0,3.21,5.705157320270594,0.1390665803282084,0.06704151301841983,5.818857102414747,-0.019413662034852855,2.0470801661114737,5.9171833383348424,5.7776015131537015,2.04969089175407,-0.2120260180642486,0.04125558926104578,-0.0026107256425964565
322.0,3.22,5.912671804073575,0.08802316147500931,0.13091812908943934,5.890980633874455,0.10165719544305783,2.105753421598957,5.937179612051436,5.797183456184069,2.0545192477350667,-0.024507807977860452,0.09379717769038631,0.0512341738638904
323.0,3.23,6.062553941698083,0.31195629553563836,0.029448887013752312,5.86053061539135,0.09712660431034484,2.1116208788509048,5.957175885768027,5.816765399214435,2.0593476037160636,0.10537805593005611,0.04376521617691509,0.052273275134841146
324.0,3.24,5.880064750506476,0.21887385451033164,-0.06715827471920326,5.912703314770909,0.12861856376457653,2.1507539421243065,5.9771721594846206,5.836347342244803,2.06417595969706,-0.09710740897814496,0.07635597252610626,0.08657798242724635
325.0,3.25,5.945051113168218,0.08480618168100489,-0.07001701707810835,5.723466290996498,0.1450064121887741,2.176817997956285,5.997168433201214,5.855929285275169,2.069004315678057,-0.05211732003299563,-0.13246299427867125,0.10781368227822785
326.0,3.26,5.785531756572708,0.0052562101334097154,-0.014939762247212664,5.637250762401918,0.16564763848117917,2.161344662032822,6.017164706917805,5.875511228305536,2.0738326716590536,-0.23163295034509712,-0.23826046590361738,0.08751199037376844
327.0,3.27,5.90141142326463,-0.00992765817593533,0.041958650045037515,5.703081546495244,0.18956601469882087,2.12520682006261,6.037160980634399,5.895093171335904,2.0786610276400506,-0.13574955736976868,-0.19201162484066003,0.04654579242255963
328.0,3.28,6.004974167417026,-0.027692319241142283,0.01572274336439136,5.688391707498195,0.2245259480554683,2.2505047590399445,6.057157254350992,5.91467511436627,2.083489383621047,-0.052183086933966116,-0.2262834068680748,0.16701537541889744
329.0,3.29,6.1148513184321365,0.08707260223869638,0.07295784621316018,5.673131962164149,0.08831056209515281,2.169140237877076,6.077153528067585,5.934257057396638,2.088317739602044,0.03769779036455123,-0.2611250952324893,0.08082249827503185
330.0,3.3,5.910910307926941,0.3197603890235664,0.14555423854412525,5.68496890569558,0.14359899932298859,2.191282573462004,6.097149801784177,5.9538390004270045,2.0931460955830405,-0.1862394938572356,-0.2688700947314242,0.09813647787896329
331.0,3.31,5.982219875886628,0.33471607598721576,0.035579642804347285,5.6895294522770286,0.14645978749845376,2.156142524244007,6.11714607550077,5.973420943457372,2.0979744515640375,-0.1349261996141422,-0.2838914911803432,0.058168072679969374
332.0,3.32,6.053650275582668,0.1551785215722064,0.0614028566072059,5.8210581838609725,0.10159232006394975,2.206889816127382,6.137142349217362,5.993002886487739,2.102802807545034,-0.08349207363469358,-0.17194470262676642,0.10408700858234798
333.0,3.33,6.081360884600495,0.031499493973983085,-0.006020442275904732,5.977562240811789,0.03115733918125299,2.3113401980415755,6.157138622933955,6.012584829518106,2.107631163526031,-0.07577773833345969,-0.03502258870631714,0.20370903451554456
334.0,3.34,6.176643545956442,-0.06919486807394071,0.04773588478472458,5.777125201693968,0.11461486273571657,2.2013865003931543,6.177134896650548,6.0321667725484724,2.1124595195070275,-0.0004913506941059964,-0.2550415708545044,0.08892698088612683
335.0,3.35,6.511679799184395,0.004699002006716823,0.010800881486513949,5.803712509433505,0.13605808076111706,2.153814288796644,6.1971311703671415,6.0517487155788405,2.1172878754880244,0.31454862881725365,-0.2480362061453354,0.03652641330861961
336.0,3.36,6.316076385383748,0.14577320300264085,0.04674535989033697,5.764792671651419,0.05690924017252707,2.171403687905033,6.217127444083733,6.071330658609207,2.122116231469021,0.09894894130001486,-0.306537986957788,0.04928745643601218
337.0,3.37,6.3450368687995224,0.2002835454015313,0.006970679289611445,5.931566196430927,0.07782093492554719,2.1114877491596356,6.237123717800326,6.090912601639574,2.126944587450018,0.10791315099919618,-0.1593464052086473,-0.015456838290382358
338.0,3.38,6.064997106107731,0.23097465519496124,0.015359074817690522,6.023988510390078,0.029044024703310252,2.1490092466480855,6.2571199915169196,6.110494544669941,2.1317729434310144,-0.19212288540918898,-0.08650603427986336,0.017236303217071036
339.0,3.39,6.092810857834197,0.14522775725361944,0.08790366953767415,6.043039531936981,-0.0165841657917939,2.2636908158154228,6.277116265233513,6.130076487700308,2.1366012994120114,-0.18430540739931622,-0.08703695576332748,0.12708951640341137
340.0,3.4,6.224313303538806,0.10820172516515131,0.14729169721794286,6.144807777835247,0.02776634520677801,2.3329151961649712,6.297112538950104,6.149658430730675,2.141429655393008,-0.07279923541129829,-0.004850652895427743,0.19148554077196334
341.0,3.41,6.427389175231442,0.11377624853340176,0.10332076721118924,6.128880309903872,0.20206407274836005,2.2247522945608,6.317108812666698,6.169240373761043,2.146258011374005,0.11028036256474394,-0.040360063857170836,0.07849428318679497
342.0,3.42,6.418003891257388,0.10437851726085463,0.07052209410759615,6.075050225282815,0.1632469123268107,2.0865676877956285,6.337105086383291,6.188822316791409,2.1510863673550014,0.08089880487409662,-0.11377209150859446,-0.06451867955937285
343.0,3.43,6.329147555345821,0.26335537035315865,0.17854970576827892,6.03523080180164,0.19600125112549227,2.16476810574465,6.357101360099884,6.208404259821776,2.155914723335998,-0.027953804754063505,-0.17317345802013673,0.008853382408652077
344.0,3.44,6.338090285250183,0.17933199934452942,0.14345616789491225,5.967958224848471,0.06822107670714447,2.227687615461719,6.377097633816476,6.2279862028521435,2.160743079316995,-0.039007348566292954,-0.2600279780036727,0.06694453614472406
345.0,3.45,6.332171870819214,0.1242727642150247,0.08067501073200464,6.155118440889639,-0.045333784600885926,2.3609467788706158,6.397093907533069,6.247568145882511,2.1655714352979913,-0.06492203671385521,-0.09244970499287142,0.19537534357262443
346.0,3.46,6.264699663456705,0.029280102247257717,-0.05272335382533456,6.264010000856654,-0.05364991912194627,2.3773034064163636,6.417090181249662,6.267150088912877,2.1703997912789883,-0.15239051779295743,-0.0031400880562229005,0.20690361513737532
347.0,3.47,6.4014652358716315,0.2075180636840118,-0.11421812406789737,6.491975517690189,0.174780044263446,2.325253409889155,6.437086454966256,6.286732031943245,2.175228147259985,-0.035621219094624124,0.2052434857469443,0.15002526262917026
348.0,3.48,6.534581272390642,0.15873347089221868,-0.000805935199114863,6.364176137602839,0.21779983515578133,2.229016172226336,6.457082728682847,6.3063139749736115,2.1800565032409818,0.07749854370779463,0.0578621626292275,0.0489596689853542
349.0,3.49,6.782293924558704,0.2091994946906737,0.018737665619272776,6.173196760459939,0.32611729774191905,2.1308400911829968,6.4770790023994405,6.325895918003979,2.1848848592219783,0.30521492215926393,-0.1526991575440393,-0.054044768038981505
350.0,3.5,6.72388085466586,0.240213351470559,-0.02913255126476486,6.377351510759924,0.31527046883266385,2.2047432077651488,6.497075276116032,6.345477861034346,2.1897132152029752,0.2268055785498282,0.03187364972557827,0.015029992562173522
351.0,3.51,6.599447937325275,0.3485858831586023,0.1353328825562106,6.452423644748766,0.1317082829643226,2.12193129673653,6.517071549832625,6.365059804064712,2.1945415711839718,0.08237638749264953,0.08736384068405378,-0.07261027444744172
352.0,3.52,6.47255923662193,0.31027915712184445,0.1342547704368263,6.291156330455347,-0.02831793448482205,2.1256422444904692,6.537067823549219,6.384641747095079,2.1993699271649687,-0.064508586927289,-0.09348541663973275,-0.07372768267449947
353.0,3.53,6.540766622373386,0.23321614854101705,0.12601948198726762,6.1783228551900935,0.018454651676490994,2.1664762015162733,6.55706409726581,6.404223690125447,2.204198283145965,-0.016297474892423836,-0.22590083493535307,-0.03772208162969193
354.0,3.54,6.5673164185003445,0.39988674202775,0.23121888477981498,6.43155126389692,0.06377177445138667,2.3998225264614996,6.577060370982403,6.423805633155814,2.209026639126962,-0.009743952482058837,0.007745630741106346,0.19079588733453745
355.0,3.55,6.558209095719896,0.3369076600179031,0.13630943498179227,6.416419325434311,0.11870976692244795,2.4299269266019166,6.597056644698997,6.44338757618618,2.2138549951079587,-0.03884754897910092,-0.02696825075186915,0.21607193149395787
356.0,3.56,6.673787665481085,0.3109338926045352,0.12842600246904606,6.540725065825033,0.25642867669256464,2.2945794222619798,6.61705291841559,6.462969519216548,2.2186833510889556,0.056734747065495306,0.0777555466084845,0.0758960711730241
357.0,3.57,6.691581772087515,0.2616692161952585,0.07908807302073753,6.494583144037125,0.20392088640135733,2.233866637767855,6.6370491921321815,6.4825514622469145,2.223511707069952,0.05453257995533356,0.012031681790210413,0.01035493069790272
358.0,3.58,6.689734311437773,0.19451240272633769,0.025136107851905554,6.38001611272493,0.08318309967193555,2.2045066293347717,6.657045465848775,6.502133405277283,2.228340063050949,0.032688845588998205,-0.12211729255235237,-0.02383343371617741
359.0,3.59,6.691991840706696,0.17787514873853152,-0.07643042229472939,6.602455913733016,-0.02771824038935315,2.3222360730643086,6.677041739565368,6.521715348307649,2.2331684190319456,0.014950101141327998,0.08074056542536745,0.08906765403236294
360.0,3.6,6.797897579323614,0.06392794221871147,-0.0111451814594443,6.732587134103628,0.01860373900980826,2.3017139405427414,6.697038013281961,6.541297291338016,2.2379967750129426,0.10085956604165247,0.19128984276561223,0.06371716552979878
361.0,3.61,6.692962623917567,0.03987302171153302,0.09298881438180129,6.737051985882206,0.09956151438241355,2.217168541126963,6.717034286998553,6.560879234368383,2.242825130993939,-0.02407166308098585,0.17617275151382294,-0.025656589866976276
362.0,3.62,6.649418615665172,0.20429332550093862,0.08071826596068857,6.665043811317021,0.15245955782799678,2.1499685374089466,6.737030560715146,6.5804611773987505,2.247653486974936,-0.08761194504997416,0.08458263391827092,-0.0976849495659895
363.0,3.63,6.851068734835051,0.12038082474771258,0.03931194141616884,6.4733248653570055,0.27950093604661524,2.1297418224637004,6.7570268344317395,6.600043120429117,2.2524818429559326,0.09404190040331173,-0.12671825507211132,-0.1227400204922322
364.0,3.64,6.70388744144664,0.2546694997601593,-0.0070179736778915,6.490062656842299,0.1952334046754006,2.144333773754756,6.777023108148333,6.619625063459485,2.2573101989369295,-0.07313566670169269,-0.1295624066171861,-0.11297642518217366
365.0,3.65,6.687317205348404,0.2282793564626817,0.055848221008626894,6.451106543880554,0.1552610620536078,2.2309032563805458,6.797019381864924,6.639207006489851,2.262138554917926,-0.10970217651652003,-0.18810046260929703,-0.031235298537380274
366.0,3.66,6.770268268712622,0.15814895098192866,-0.07645399523663854,6.485939228639734,-0.030199598184285775,2.2683142169958845,6.817015655581518,6.658788949520218,2.266966910898923,-0.0467473868688959,-0.17284972088048445,0.0013473060969615425
367.0,3.67,6.859174138713995,0.10101764578513114,-0.07156161402742389,6.496534192474399,-0.050838051673406985,2.258673070170217,6.837011929298111,6.678370892550586,2.2717952668799195,0.022162209415884426,-0.1818367000761869,-0.013122196709702383
368.0,3.68,6.967127318568799,0.16802829304303563,0.04709526028399429,6.612378464656133,0.029473727170435626,2.3476070362711936,6.857008203014704,6.697952835580953,2.2766236228609165,0.11011911555409526,-0.08557437092482001,0.07098341341027714
369.0,3.69,6.986129353902442,0.15121654995743378,-0.10869191891168449,6.600473180040361,0.12633923418980503,2.315586112876611,6.877004476731296,6.717534778611319,2.281451978841913,0.10912487717114594,-0.11706159857095777,0.034134134034697894
370.0,3.7,6.836770158290871,0.10269350844582051,-0.09925295677125016,6.561844464815897,0.1335633999282541,2.3104828629412126,6.897000750447889,6.737116721641687,2.28628033482291,-0.060230592157018314,-0.1752722568257905,0.024202528118302702
371.0,3.71,6.884511407976362,0.07528622612309861,-0.09474998374001128,6.451890257006172,0.33522544530649917,2.427430097679611,6.9169970241644805,6.7566986646720535,2.2911086908039064,-0.03248561618811863,-0.3048084076658819,0.13632140687570438
372.0,3.72,6.8233248674116505,0.26356619674278164,-0.015812333101887666,6.59595970848212,0.3759855269694929,2.2631216454038663,6.936993297881074,6.776280607702421,2.295937046784903,-0.11366843046942332,-0.18032089922030092,-0.03281540138103667
373.0,3.73,6.728233178410064,0.3083277434925008,0.006366984995710451,6.470444874541257,0.28856528867921405,2.4060941942146465,6.956989571597667,6.795862550732788,2.3007654027659,-0.2287563931876031,-0.32541767619153106,0.10532879144874663
374.0,3.74,6.925264577450801,0.3499109656752507,-0.019696879738990654,6.723437090563158,0.19326910767309152,2.38717231046013,6.97698584531426,6.815444493763155,2.3055937587468964,-0.0517212678634591,-0.09200740319999667,0.0815785517132337
375.0,3.75,6.9488373816236395,0.2703837048403189,-0.054268728999194306,6.790077707990162,0.09671310345027304,2.372252635411011,6.996982119030852,6.835026436793521,2.3104221147278934,-0.04814473740721237,-0.04494872880335965,0.06183052068311756
376.0,3.76,6.838712600526838,0.32256989965364236,0.14852059889970545,6.928770974278435,-0.01799465984868707,2.3889611427516035,7.016978392747445,6.854608379823889,2.31525047070889,-0.178265792220607,0.07416259445454632,0.07371067204271364
377.0,3.77,7.07851723430209,0.16268629740887494,0.1433799115103995,7.087428753411205,0.05216858543275418,2.2670214174892807,7.0369746664640385,6.874190322854256,2.320078826689887,0.04154256783805188,0.2132384305569488,-0.0530574092006062
378.0,3.78,7.133612599001023,0.16042021651634325,-0.056503113030029584,6.759472308792726,0.08307074783473309,2.291667574459659,7.05697094018063,6.893772265884622,2.3249071826708834,0.07664165882039331,-0.1342999570918959,-0.033239608211224514
379.0,3.79,7.232928513353152,0.1571409912476354,-0.0955417843510114,6.8288049764945535,0.13695186395552875,2.328531522403079,7.076967213897223,6.91335420891499,2.3297355386518803,0.15596129945592896,-0.08454923242043666,-0.0012040162488013983
380.0,3.8,7.266206794995407,0.16767205791155812,-0.09221638427921729,7.074393499206186,0.08545871260500651,2.2757714292810527,7.096963487613817,6.9329361519453565,2.334563894632877,0.1692433073815902,0.1414573472608298,-0.05879246535182414
381.0,3.81,7.0692901866740625,0.3672154182840001,-0.08820377739879127,7.129648536071962,-0.03841472051706483,2.458028651239596,7.11695976133041,6.952518094975724,2.339392250613874,-0.04766957465634736,0.17713044109623866,0.11863640062572234
382.0,3.82,7.117352210948129,0.41730095901697567,-0.06145039866272637,7.012863640702285,-0.07215356979781715,2.2881661100277046,7.136956035047001,6.972100038006091,2.3442206065948703,-0.019603824098872735,0.04076360269619439,-0.05605449656716566
383.0,3.83,7.045348172917862,0.35236510024325085,0.0379165750217589,7.177826616103652,0.006306519387729047,2.2461350578601653,7.156952308763595,6.991681981036458,2.3490489625758673,-0.1116041358457327,0.18614463506719403,-0.10291390471570194
384.0,3.84,7.0694994872246415,0.3282372210157026,0.17431757668015901,7.137295905894737,0.07402519376933048,2.4040778344964724,7.176948582480188,7.011263924066824,2.3538773185568638,-0.10744909525554647,0.12603198182791253,0.050200515939608614
385.0,3.85,7.063327978042689,0.2173487323913745,0.05299651293685358,6.9974131273594855,0.12649934667745183,2.3192605819001355,7.196944856196781,7.0308458670971925,2.3587056745378607,-0.1336168781540925,-0.033432739737706996,-0.03944509263772522
386.0,3.86,7.006926908321778,0.11589173711954252,0.03249186802098289,7.101587608301063,0.17371559106479761,2.4967163603195575,7.216941129913373,7.050427810127559,2.3635340305188572,-0.210014221591595,0.051159798173504356,0.13318232980070022
387.0,3.87,7.103219288475833,0.12919455263823099,-0.007938335435048037,6.903201704870832,0.27357283005125077,2.431659028640558,7.236937403629966,7.070009753157927,2.368362386499854,-0.13371811515413334,-0.16680804828709483,0.06329664214070396
388.0,3.88,7.258026647274356,0.18912244864489117,0.09792377091106648,6.936665030358286,0.2733557681551795,2.4557915830185344,7.256933677346559,7.089591696188293,2.3731907424808507,0.0010929699277966165,-0.15292666583000702,0.08260084053768368
389.0,3.89,7.089671669825283,0.051366481902232114,0.04988543686122772,7.048757975327418,0.31434740316515086,2.534223331637321,7.276929951063153,7.10917363921866,2.3780190984618477,-0.18725828123786936,-0.06041566389124231,0.15620423317547338
390.0,3.9,7.465578557463784,0.12345705890019465,0.03636935719528658,7.103325420545339,0.4408899533858281,2.474937482143876,7.296926224779744,7.128755582249028,2.382847454442844,0.16865233268404012,-0.025430161703688725,0.09209002770103192
391.0,3.91,7.315558889502847,0.13728506800281534,0.09699157426650326,7.185123628246151,0.2764879706189169,2.2784039388371364,7.3169224984963375,7.148337525279395,2.387675810423841,-0.0013636089934907503,0.03678610296675622,-0.1092718715867047
392.0,3.92,7.194105919674471,0.1592946373499546,0.17383223756531227,7.264885589173033,0.12621790112653575,2.4597156942646237,7.336918772212929,7.167919468309761,2.3925041664048377,-0.14281285253845777,0.0969661208632715,0.06721152785978601
393.0,3.93,7.3751188876893465,0.15869226204510448,0.2015738672576646,7.345964103022445,0.195819938956299,2.19082644000748,7.356915045929522,7.187501411340129,2.3973325223858346,0.018203841759824257,0.15846269168231597,-0.20650608237835444
394.0,3.94,7.264623746803313,0.2980413462315454,0.2316887317161319,7.451338809897831,0.36114777830046746,2.3670007986002646,7.376911319646116,7.2070833543704955,2.402160878366831,-0.11228757284280277,0.24425545552733574,-0.03516007976656654
395.0,3.95,7.31999230299052,0.19832074216436607,0.1520782771576414,7.375066618686832,0.14595597472021238,2.3435060695209713,7.396907593362709,7.226665297400863,2.406989234347828,-0.07691529037218903,0.14840132128596917,-0.06348316482685679
396.0,3.96,7.424699214451825,0.13839038465116407,0.04066336366719093,7.427378349306186,0.11323334823817593,2.3923538852019597,7.4169038670793,7.24624724043123,2.4118175903288246,0.007795347372524297,0.18113110887495587,-0.019463705126864905
397.0,3.97,7.455225933943382,0.12365115437592508,0.10716174539862709,7.588729197154137,0.13953026337653196,2.4419851145711187,7.436900140795894,7.265829183461597,2.4166459463098215,0.018325793147488056,0.3229000136925402,0.025339168261297118
398.0,3.98,7.762226991844458,0.21951553063353982,0.07070808963391943,7.589095951608739,0.3077362791141548,2.3546117732587692,7.456896414512487,7.285411126491963,2.421474302290818,0.3053305773319712,0.3036848251167754,-0.06686252903204881
399.0,3.99,7.635220826585813,0.18674556187542488,0.11595009677401574,7.460601530740923,0.21765576429485237,2.2790252252637577,7.47689268822908,7.3049930695223315,2.426302658271815,0.15832813835673232,0.1556084612185913,-0.1472774330080573
400.0,4.0,7.733969339049883,0.39669851580516097,0.1123196903512682,7.468842561429848,-0.06266111279175887,2.355941082458005,7.496888961945672,7.324575012552698,2.4311310142528115,0.2370803771042116,0.1442675488771501,-0.0751899317948066
401.0,4.01,7.780175740880172,0.32800630244445117,-0.004483213119998198,7.326051104250182,-0.06730054191067837,2.2756044654801655,7.516885235662263,7.344156955583064,2.435959370233808,0.26329050521790887,-0.018105851332881784,-0.16035490475364256
402.0,4.02,8.008159849999243,0.47337463498455995,-0.17660409477243338,7.4027516161588505,0.06317948985927906,2.3497594739155856,7.536881509378857,7.363738898613431,2.4407877262148046,0.47127834062038687,0.03901271754541913,-0.09102825229921896
403.0,4.03,8.055686698542818,0.4262701368968521,-0.10225602912264917,7.360627563853246,0.15042677812411878,2.2632384037989755,7.55687778309545,7.383320841643799,2.4456160821958015,0.49880891544736805,-0.022693277790553523,-0.18237767839682606
404.0,4.04,7.938613025638019,0.42306409188528,-0.14470756818918903,7.42536481044455,0.07866629759720074,2.3196955851315764,7.576874056812043,7.402902784674166,2.4504444381767985,0.3617389688259758,0.02246202577038403,-0.1307488530452221
405.0,4.05,7.850403151839593,0.4223939425900712,-0.11970913850494659,7.312783831697486,0.07214352019336938,2.3311760893542277,7.596870330528635,7.422484727704533,2.455272794157795,0.25353282131095867,-0.10970089600704735,-0.12409670480356727
406.0,4.06,7.853944968188565,0.30907146717098444,0.01809624384651626,7.368618149864888,0.16051580651136357,2.268731148071204,7.616866604245228,7.442066670734899,2.4601011501387915,0.23707836394333714,-0.07344852087001108,-0.19137000206758747
407.0,4.07,7.9120739790999375,0.3616301818880367,0.0220811727225188,7.511962102527643,0.1698771279571053,2.2035596349017093,7.636862877961821,7.461648613765267,2.4649295061197884,0.2752111011381162,0.05031348876237551,-0.2613698712180792
408.0,4.08,8.000774231204709,0.2533732623754936,0.039267868570381656,7.577523002185246,0.2376092950111209,2.253149405891314,7.656859151678415,7.4812305567956345,2.4697578621007854,0.34391507952629397,0.09629244538961146,-0.21660845620947144
409.0,4.09,7.966692560431223,0.3370664062398878,0.18406589153029587,7.735231721211879,0.1794563319290287,2.2808117446078375,7.676855425395006,7.500812499826001,2.474586218081782,0.2898371350362172,0.23441922138587845,-0.1937744734739444
410.0,4.1,7.841607389918558,0.19738787515940442,0.342650332308051,7.586942554054728,0.15044874519513285,2.3386067848421437,7.696851699111599,7.520394442856368,2.4794145740627784,0.14475569080695827,0.0665481111983599,-0.14080778922063475
411.0,4.11,8.097517514330992,0.1689118371333032,0.21907832901612515,7.582691282787868,0.20722840163776857,2.241181428052983,7.716847972828193,7.539976385886735,2.4842429300437754,0.3806695415027992,0.04271489690113306,-0.24306150199079246
412.0,4.12,7.8287833842906895,-0.029309520968209747,0.16849617554494448,7.7037919766153085,0.1655492383798848,2.454384668597741,7.736844246544786,7.559558328917102,2.4890712860247723,0.09193913774590357,0.144233647698206,-0.034686617427031496
413.0,4.13,7.7782971371568115,0.1531102636564936,0.06722441907482793,7.866271340536594,0.0007742428534764083,2.506559290846125,7.7568405202613775,7.57914027194747,2.493899642005769,0.02145661689543399,0.2871310685891242,0.012659648840356308
414.0,4.14,7.845907593877505,0.22393978123528382,0.17734969638166337,7.887251826573228,0.01715602100348117,2.6199804744642026,7.776836793977971,7.598722214977835,2.4987279979867654,0.06907079989953413,0.2885296115953926,0.1212524764774372
415.0,4.15,7.971490907898807,0.23415108901384418,0.055248105103233254,7.8604888703274645,0.16992932304904207,2.643594532989582,7.796833067694564,7.618304158008204,2.5035563539677623,0.1746578402042429,0.24218471231926042,0.1400381790218197
416.0,4.16,7.843455861048046,0.31368896251702577,0.06822134332028515,7.948996748266288,0.21248292940564736,2.3919041898713878,7.816829341411157,7.637886101038571,2.508384709948759,0.026626519636888446,0.311110647227717,-0.11648052007737109
417.0,4.17,7.870694719115884,0.24028999754865504,0.1094634692094489,7.6624942420801085,0.03389907590190489,2.4277611364397815,7.836825615127749,7.657468044068937,2.513213065929756,0.0338691039881347,0.0050261980111718785,-0.08545192948997427
418.0,4.18,7.8368466771014305,0.07783760178292573,0.19876192649350571,7.5634851554949245,0.055760754108074025,2.314853460656654,7.856821888844342,7.677049987099304,2.5180414219107523,-0.019975211742911725,-0.11356483160437936,-0.20318796125409833
419.0,4.19,7.822482265548262,0.007566434009130499,0.30249549066759956,7.416451621743391,0.05993774638183754,2.2791233870780863,7.8768181625609355,7.696631930129673,2.5228697778917493,-0.05433589701267305,-0.2801803083862815,-0.243746390813663
420.0,4.2,7.953670861762114,0.10286021911342787,0.3270819980227328,7.290108168597697,0.04255704889988482,2.3380816441150944,7.896814436277527,7.716213873160038,2.527698133872746,0.056856425484586914,-0.42610570456234154,-0.18961648975765133
421.0,4.21,7.863568447977847,-0.02609616224716116,0.24484783269382973,7.483983590686451,0.006747725594288085,2.417992067463097,7.91681070999412,7.7357958161904055,2.5325264898537427,-0.05324226201627358,-0.2518122255039543,-0.11453442239064593
422.0,4.22,7.689656514809064,-0.0018419856332908802,0.15686735062447676,7.515697062437899,0.0011762723962806933,2.430144521014792,7.936806983710712,7.755377759220773,2.5373548458347392,-0.2471504689016477,-0.23968069678287396,-0.10721032481994719
423.0,4.23,7.78274901061314,0.16506489747116712,0.20447885786371384,7.7018046901946455,0.013075964821483644,2.52320274819666,7.956803257427307,7.77495970225114,2.542183201815736,-0.17405424681416726,-0.07315501205649433,-0.018980453619076076
424.0,4.24,7.747366960848616,0.14812819536161537,0.24999973226891622,7.886232568707292,0.05064072824571172,2.506326465453466,7.976799531143898,7.794541645281507,2.5470115577967327,-0.2294325702952822,0.09169092342578455,-0.04068509234326667
425.0,4.25,7.8000965788586765,0.18643754974180168,0.17231001515891078,8.149239457242482,-0.04914406229850644,2.6278783283080567,7.996795804860492,7.814123588311874,2.5518399137777297,-0.19669922600181522,0.3351158689306075,0.076038414530327
426.0,4.26,8.118072628346157,0.4659541453229393,0.13346211488155463,8.149770059986844,0.054725954069985476,2.624209699645454,8.016792078577083,7.83370553134224,2.556668269758726,0.10128054976907386,0.31606452864460444,0.06754142988672784
427.0,4.27,8.174421504538032,0.3385956044962621,0.16113875524073198,8.007508194112262,0.05458537678864925,2.6057468379007163,8.036788352293676,7.853287474372607,2.5614966257397227,0.13763315224435502,0.154220719739655,0.04425021216099356
428.0,4.28,8.304077327237307,0.2875998710350342,0.13124358491965873,8.04277723206682,0.22893110241826892,2.4766803035824014,8.05678462601027,7.872869417402976,2.5663249817207197,0.24729270122703717,0.1699078146638442,-0.08964467813831822
429.0,4.29,8.53521654047817,0.05652490342898188,0.15076632835695153,8.173023441499419,0.21878411483544666,2.5073944675009283,8.076780899726863,7.892451360433343,2.571153337701716,0.4584356407513077,0.2805720810660759,-0.06375887020078785
430.0,4.3,8.390404014838895,-0.04650353596360778,0.10983760672269559,7.891938253743023,0.20256408568670697,2.4106887470152114,8.096777173443455,7.9120333034637085,2.575981693682713,0.29362684139544015,-0.020095049720685765,-0.16529294666750172
431.0,4.31,8.321379749492548,0.0465917496808231,-0.0023917049038310297,8.050211408266003,0.24778785412586185,2.4029461006268393,8.116773447160048,7.931615246494076,2.5808100496637096,0.20460630233250043,0.11859616177192756,-0.1778639490368703
432.0,4.32,7.939490264884288,0.04171112003901547,0.026301297870442594,8.236115175525674,0.34593745112529484,2.3940149939786144,8.136769720876641,7.951197189524445,2.5856384056447066,-0.1972794559923532,0.2849179860012292,-0.1916234116660922
433.0,4.33,7.756509098713705,0.15381908613577797,0.09214099056135856,8.351854029452163,0.31373578169931,2.4903516820191562,8.156765994593234,7.97077913255481,2.590466761625703,-0.4002568958795294,0.38107489689735274,-0.10011507960654686
434.0,4.34,7.85237480417591,0.14818360449682336,0.16485851295497098,8.315534790999584,0.17316240309668357,2.3794053054597954,8.176762268309826,7.990361075585177,2.5952951176067,-0.32438746413391595,0.3251737154144063,-0.2158898121469046
435.0,4.35,7.974585858535921,0.1512854989187969,0.09887093539297495,8.17676150771372,0.20066948990282032,2.532143582280697,8.19675854202642,8.009943018615544,2.6001234735876966,-0.22217268349049846,0.16681848909817631,-0.06797989130699955
436.0,4.36,8.192565457219851,0.41729428269927715,-7.448949068809703e-05,8.303727396144994,0.12522238865173593,2.5712757214568485,8.216754815743013,8.029524961645912,2.6049518295686935,-0.024189358523161175,0.27420243449908277,-0.03367610811184507
437.0,4.37,8.443716480785112,0.5338082537102061,-0.019194919302581503,8.348441580244804,0.17008059918887516,2.7098186483235454,8.236751089459606,8.049106904676279,2.60978018554969,0.20696539132550562,0.29933467556852555,0.10003846277385531
438.0,4.38,8.59214911913674,0.42456840375504296,0.1422275730546377,8.142651982800343,0.2204166322355812,2.8135408239339053,8.256747363176197,8.068688847706646,2.614608541530687,0.3354017559605431,0.07396313509369712,0.19893228240321825
439.0,4.39,8.533672594571962,0.4132530749997168,0.16421902774518796,8.124292996707434,0.1580184015348172,2.5797215413190977,8.27674363689279,8.088270790737011,2.6194368975116835,0.2569289576791718,0.03602220597042205,-0.039715356192585816
440.0,4.4,8.523692284332126,0.26799598744337216,0.08530452690306523,8.186591512606796,0.10984506892418786,2.5649384155350194,8.296739910609384,8.10785273376738,2.6242652534926805,0.22695237372274235,0.0787387788394156,-0.05932683795766103
441.0,4.41,8.463027848510743,0.15553623292556906,-0.2183417047285308,8.040112718712367,0.28325465992951665,2.5179892975931217,8.316736184325976,8.127434676797748,2.629093609473677,0.14629166418476736,-0.08732195808538101,-0.11110431188055525
442.0,4.42,8.405338430712089,0.09899178836655298,-0.20924049341752968,8.071551439382883,0.3432213253745299,2.44763599418841,8.336732458042569,8.147016619828113,2.633921965454674,0.06860597266951984,-0.07546518044522976,-0.18628597126626412
443.0,4.43,8.355048902587143,0.16477168547758098,-0.16818287274250496,8.152434147038415,0.4180475397319887,2.6986900520515174,8.35672873175916,8.16659856285848,2.6387503214356705,-0.0016798291720174774,-0.014164415820065557,0.0599397306158469
444.0,4.44,8.3329286107268,0.2344330328275296,-0.13404240948932425,8.430743255316072,0.2756375693936463,2.7964186564789237,8.376725005475755,8.18618050588885,2.6435786774166674,-0.04379639474895569,0.24456274942722267,0.15283997906225633
445.0,4.45,8.293970687320867,0.12538661488661793,-0.1010639886915692,8.54304396081957,0.26163089219921043,2.716198515264801,8.396721279192347,8.205762448919215,2.648407033397664,-0.10275059187148017,0.3372815119003558,0.06779148186713702
446.0,4.46,8.158466970546757,0.15812607061782794,-0.22831297975200995,8.576813310552623,0.19438217200203614,2.638579862252983,8.41671755290894,8.225344391949582,2.653235389378661,-0.2582505823621837,0.3514689186030413,-0.01465552712567808
447.0,4.47,8.117359971816864,0.11357685218209888,-0.10109827542359805,8.66614236391999,0.16845323553245514,2.5381235339929615,8.436713826625532,8.244926334979949,2.6580637453596574,-0.31935385480866785,0.42121602894004084,-0.11994021136669586
448.0,4.48,8.24180322290376,0.04253185669984844,0.034174090400711274,8.294504206352,0.2413289233106703,2.646902896150841,8.456710100342127,8.264508278010316,2.6628921013406543,-0.21490687743836645,0.029995928341683964,-0.015989205189813394
449.0,4.49,8.490895237306662,0.08801607744071667,0.23711300835979143,8.318568138129768,0.270441085327723,2.7542231898270817,8.476706374058718,8.284090221040683,2.667720457321651,0.014188863247943218,0.03447791708908454,0.08650273250543083
450.0,4.5,8.390331017572327,0.11559522825430865,0.28027383888216545,8.36890472110977,0.10444426728307867,2.768267224922024,8.496702647775312,8.30367216407105,2.672548813302648,-0.10637163020298424,0.06523255703871911,0.09571841161937611
451.0,4.51,8.396983083597265,0.14760033634517625,0.21931025266939222,8.136414502035754,0.04176086533995046,2.6446975816040847,8.516698921491903,8.323254107101416,2.6773771692836443,-0.11971583789463836,-0.18683960506566244,-0.032679587679559585
452.0,4.52,8.332026111912613,-0.1267845566587886,0.1514999566985316,8.020757573613453,0.0973675330632982,2.63948189786824,8.536695195208496,8.342836050131783,2.682205525264641,-0.20466908329588307,-0.32207847651833,-0.042723627396400676
453.0,4.53,8.328106236255744,-0.13372958018399045,0.17741964273325878,7.927128194584564,0.28005386653957953,2.556044741568412,8.55669146892509,8.362417993162152,2.687033881245638,-0.22858523266934583,-0.4352897985775881,-0.1309891396772258
454.0,4.54,8.583635902647083,-0.13742622188226258,0.11482414379542095,8.112955586417117,0.48248573345524026,2.586208385590644,8.576687742641683,8.381999936192518,2.6918622372266348,0.006948160005400439,-0.2690443497754007,-0.10565385163599084
455.0,4.55,8.96519836958474,-0.04675013033747221,0.11531601474455933,8.050181548396617,0.4518058492029226,2.601551048394998,8.596684016358275,8.401581879222885,2.6966905932076313,0.3685143532264661,-0.35140033082626765,-0.09513954481263331
456.0,4.56,8.747036447892397,0.08526592107381843,0.11972021511860952,8.222985612166145,0.3940534705993345,2.471484926578318,8.616680290074868,8.421163822253252,2.701518949188628,0.13035615781752874,-0.19817821008710723,-0.23003402261030992
457.0,4.57,8.691515039460862,0.3001170425307647,-0.04330539702537408,8.351587425108262,0.21126719097137756,2.5379559737496766,8.636676563791461,8.44074576528362,2.7063473051696247,0.05483847566940092,-0.08915834017535751,-0.1683913314199481
458.0,4.58,8.741485483389477,0.2777999730827147,-0.06192405378828336,8.64276729802346,0.24590872606940775,2.645469460703376,8.656672837508054,8.460327708313987,2.7111756611506213,0.08481264588142245,0.18243958970947283,-0.06570620044724507
459.0,4.59,8.781249409337567,0.44189876435679526,-0.16424522783843237,8.56865834068188,0.11713120638605393,2.5543810765364725,8.676669111224646,8.479909651344354,2.716004017131618,0.10458029811292135,0.08874868933752644,-0.1616229405951457
460.0,4.6,8.859784207864932,0.3957888605678774,-0.11029341962163935,8.627131266295134,0.0911018015123686,2.642071326616129,8.69666538494124,8.49949159437472,2.7208323731126147,0.16311882292369262,0.1276396719204147,-0.07876104649648585
461.0,4.61,9.063475550781426,0.3687991647048683,0.09083510839937395,8.73217612942479,-0.048117345200799286,2.6895168559022617,8.716661658657832,8.519073537405088,2.7256607290936117,0.3468138921235937,0.21310259201970183,-0.03614387319134993
462.0,4.62,9.37607482865107,0.380383296310249,0.16240245732712902,8.653678921907257,0.09161422474304738,2.6364559290959417,8.736657932374424,8.538655480435455,2.730489085074608,0.6394168962766464,0.1150234414718021,-0.09403315597866646
463.0,4.63,9.121448666538571,0.2535384131734622,0.05718598850933467,8.798314697683331,0.07018180480556102,2.5564798904554724,8.756654206091017,8.55823742346582,2.735317441055605,0.3647944604475537,0.24007727421751035,-0.17883755060013273
464.0,4.64,8.987873540501738,0.049720563444375074,0.2753314449005398,8.762188461786083,0.19233707667179722,2.510517079963884,8.776650479807609,8.577819366496188,2.7401457970366017,0.21122306069412922,0.1843690952898953,-0.2296287170727176
465.0,4.65,8.96727301342921,0.10859931664681136,0.36770869274198287,8.845027588827904,0.18072836403856815,2.4236514434029166,8.796646753524204,8.597401309526557,2.7449741530175986,0.17062625990500635,0.24762627930134684,-0.321322709614682
466.0,4.66,8.99919528585533,0.06521023448108443,0.5153990603442518,9.221933298649459,0.14902714538826353,2.5968460193333636,8.816643027240795,8.616983252556922,2.749802508998595,0.1825522586145354,0.6049500460925366,-0.15295648966523157
467.0,4.67,9.086434041412607,0.18198068611463664,0.3152081654073504,9.103826876933098,0.10200129513272564,2.6719802066630423,8.836639300957389,8.63656519558729,2.754630864979592,0.24979474045521854,0.4672616813458088,-0.08265065831654983
468.0,4.68,9.132788819113735,0.24245045405435006,0.357336176220619,9.383682125578527,0.14605964099727137,2.551552631480566,8.85663557467398,8.656147138617657,2.7594592209605886,0.27615324443975453,0.7275349869608707,-0.2079065894800225
469.0,4.69,9.333821090069682,0.40059426710197626,0.2863184946209704,9.406189941327904,0.2081705212363017,2.755170960177684,8.876631848390575,8.675729081648024,2.7642875769415856,0.4571892416791066,0.7304608596798801,-0.009116616763901408
470.0,4.7,9.359951205500264,0.43106986858359997,0.21301599474009342,9.169239869891655,0.19047527694091093,2.5943900422292656,8.896628122107167,8.695311024678391,2.769115932922582,0.4633230833930977,0.4739288452132637,-0.17472589069331645
471.0,4.71,9.526666330867897,0.3050955025499447,0.2045514413697394,9.059806635802579,0.28871585520394993,2.5466069126650925,8.91662439582376,8.714892967708758,2.773944288903579,0.6100419350441371,0.3449136680938203,-0.2273373762384865
472.0,4.72,9.393501752316496,0.15849916646437193,0.25235261693496164,8.869651762399887,0.2993803200691596,2.6558205072907923,8.936620669540352,8.734474910739124,2.7787726448845755,0.45688108277614425,0.13517685166076276,-0.1229521375937832
473.0,4.73,9.011324857575081,0.19164065849590833,0.06489395602225843,8.86771889753858,0.2925348829066526,2.5307644283757003,8.956616943256947,8.754056853769493,2.7836010008655725,0.0547079143181346,0.11366204376908762,-0.25283657248987224
474.0,4.74,9.109601455380584,0.023475449799332332,0.11566557547098326,8.884328687556557,0.3404077246980959,2.478823376218434,8.976613216973538,8.77363879679986,2.788429356846569,0.1329882384070462,0.11068989075669755,-0.30960598062813505
475.0,4.75,9.189132077296621,0.11145680319247414,-0.002063962915942718,8.801895831018852,0.39757787057700955,2.522588010712705,8.996609490690131,8.793220739830225,2.793257712827566,0.1925225866064899,0.008675091188626638,-0.27066970211486074
476.0,4.76,9.134257834130553,0.13427628966631017,-0.010539002186045343,8.950518350778841,0.36305528632568546,2.6079208711989383,9.016605764406723,8.812802682860593,2.7980860688085625,0.11765206972382991,0.13771566791824874,-0.19016519760962414
477.0,4.77,9.405292519990613,0.21336528021710646,0.07648234045764515,8.90149458748486,0.39399224512791436,2.4953577262982245,9.036602038123316,8.83238462589096,2.802914424789559,0.36869048186729714,0.06910996159390059,-0.3075566984913345
478.0,4.78,9.131808399953332,0.1614045451352572,0.04616408999805,8.891385104415281,0.2974837821953378,2.5719949841485716,9.05659831183991,8.851966568921327,2.807742780770556,0.07521008811342256,0.039418535493954465,-0.2357477966219843
479.0,4.79,8.98784926484122,0.1244223671895334,-0.004539952744611607,9.254777939042667,0.12665472043085002,2.566119897465513,9.076594585556503,8.871548511951694,2.812571136751553,-0.08874532071528307,0.3832294270909724,-0.24645123928603985
480.0,4.8,9.231658558467059,0.13590834563215862,0.035076749612556614,9.490053726395876,0.08881803578524693,2.5315909891566752,9.096590859273094,8.891130454982061,2.8173994927325494,0.13506769919396433,0.5989232714138151,-0.2858085035758742
481.0,4.81,9.061790943161165,0.1389054971778827,-0.10465605815350151,9.291412336896006,0.23024522332144842,2.4855187348943373,9.116587132989686,8.910712398012427,2.822227848713546,-0.054796189828520525,0.3806999388835788,-0.33670911381920865
482.0,4.82,9.294265866605523,0.28115857444014114,-0.04024585661915509,9.76460245192204,0.16006827068207738,2.4957591903675262,9.136583406706281,8.930294341042796,2.827056204694543,0.15768245989924168,0.8343081108792436,-0.33129701432701664
483.0,4.83,9.52010143893922,0.3018868935743278,0.03000699326346907,9.771918708571077,0.11054485142185506,2.4832280936116184,9.156579680422873,8.949876284073163,2.83188456067554,0.36352175851634705,0.8220424244979139,-0.3486564670639214
484.0,4.84,9.552851967632735,0.3342948343293693,0.0018098825683783772,9.496475582261391,0.0542776134028604,2.484235975935576,9.176575954139466,8.969458227103528,2.8367129166565364,0.37627601349326945,0.527017355157863,-0.3524769407209605
485.0,4.85,9.484638714492549,0.4600669820954119,0.12092753496168884,9.376962515077347,0.13895217533444246,2.393796667807047,9.196572227856057,8.989040170133896,2.841541272637533,0.2880664866364917,0.38792234494345124,-0.44774460483048584
486.0,4.86,9.140753570483872,0.3127560770932928,0.16183203281502956,9.171523405309701,0.27087129622405914,2.422692660366266,9.216568501572652,9.008622113164265,2.84636962861853,-0.07581493108878057,0.16290129214543647,-0.42367696825226364
487.0,4.87,9.037062158463582,0.39185861939447303,0.26662640696626616,9.130020456345065,0.1543879131878117,2.322689486913681,9.236564775289244,9.028204056194632,2.8511979845995263,-0.1995026168256615,0.10181640015043314,-0.5285084976858454
488.0,4.88,9.417511142864726,0.34540030600916133,0.3412825557180165,9.085207047561903,0.030976292705226456,2.386261706120984,9.256561049005837,9.047785999224997,2.8560263405805233,0.16095009385888837,0.03742104833690618,-0.4697646344595392
489.0,4.89,9.285225064709362,0.3020357612118501,0.3485773630418335,9.051101317951892,0.08649968093746413,2.377342668069199,9.276557322722429,9.067367942255364,2.86085469656152,0.008667741986933208,-0.01626662430347281,-0.48351202849232067
490.0,4.9,9.447312784020815,0.31468999885232324,0.37702197547075594,9.050938128160515,0.18988491390627754,2.451302344192191,9.296553596439024,9.086949885285733,2.8656830525425168,0.15075918758179085,-0.03601175712521787,-0.4143807083503259
491.0,4.91,9.500056876336805,0.2183451874331288,0.1693585997963381,8.973317431613799,0.26974109256596973,2.432174709385238,9.316549870155615,9.106531828316099,2.8705114085235133,0.18350700618118942,-0.13321439670230006,-0.43833669913827533
492.0,4.92,9.410057566564076,0.023065669381230624,0.020650518925458154,9.134251005541802,0.2742770553643705,2.5987092765440356,9.336546143872209,9.126113771346466,2.8753397645045102,0.07351142269186717,0.008137234195336518,-0.2766304879604746
493.0,4.93,9.369437854157207,0.02539461285693705,0.03729137305749545,9.281513037319423,0.1929030926364234,2.6558004290742745,9.3565424175888,9.145695714376833,2.8801681204855067,0.012895436568406637,0.1358173229425894,-0.22436769141123225
494.0,4.94,9.359376765952621,0.05313501033233541,-0.0031495866671331202,9.41680323135279,0.0913487168611573,2.65851425402672,9.376538691305395,9.1652776574072,2.8849964764665037,-0.01716192535277372,0.25152557394558883,-0.22648222243978378
495.0,4.95,9.505640488828988,0.13847129296199648,0.010124603843502179,9.603766799568078,0.14300397335453374,2.6354481130819583,9.396534965021987,9.184859600437568,2.8898248324475,0.10910552380700089,0.4189071991305102,-0.25437671936554196
496.0,4.96,9.571852980191883,0.340641428848582,0.10089117237905598,9.535299132490143,0.18157860767335304,2.697028536090758,9.41653123873858,9.204441543467935,2.894653188428497,0.15532174145330302,0.33085758902220874,-0.19762465233773918
497.0,4.97,9.902569977633522,0.4872050211919496,0.09203246969679553,9.362720617562458,0.18274603480062016,2.6242022448096844,9.436527512455172,9.2240234864983,2.8994815444094937,0.4660424651783508,0.13869713106415738,-0.27527929959980924
498.0,4.98,9.924418487824779,0.3646992090465167,-0.0018866933025697738,9.353406891838638,0.25915074383583575,2.57136634013708,9.456523786171767,9.24360542952867,2.9043099003904906,0.4678947016530124,0.10980146230996901,-0.33294356025341054
499.0,4.99,9.771238625306083,0.42891741637587555,-0.06527208264402821,9.174490514585012,0.17428517075878167,2.6019593506116228,9.476520059888358,9.263187372559036,2.909138256371487,0.2947185654177247,-0.08869685797402482,-0.3071789057598644
500.0,5.0,9.625517516940537,0.47240312190981676,-0.03248538974858986,8.926520884419112,-0.014975246227157978,2.5718391926149025,9.496516333604951,9.282769315589402,2.913966612352484,0.12900118333558552,-0.3562484311702896,-0.34212741973758165
