Tau,dtime,msd_xx,msd_xy,msd_xz,msd_yy,msd_yz,msd_zz,pred_msd_xx,pred_msd_yy,pred_msd_zz,xx_error,yy_error,zz_error
1.0,0.01,0.21135590070063912,0.01527179980847316,-0.000335425334197332,0.24972783477273033,0.000611089804012564,0.003004112997042636,5.125223037934794,0.15027010951672606,0.5223178343496012,-4.913867137234155,0.09945772525600427,-0.5193137213525586
2.0,0.02,0.29641885474314905,0.03553967444069823,0.0005204097265843911,0.46685488530040553,0.00103221656714719,0.00856017417832428,5.188672715384265,0.33908631257968863,0.527384212448706,-4.892253860641116,0.1277685727207169,-0.5188240382703817
3.0,0.03,0.41553183615227807,0.057982400562355874,0.00014273700064864833,0.5700767829052468,0.0018715833205406917,0.01581241452101038,5.252122392833735,0.5279025156426511,0.532450590547811,-4.8365905566814575,0.042174267262595655,-0.5166381760268006
4.0,0.04,0.43805924050948386,0.09021476393439934,-0.00040703874383984386,0.8316970914706798,0.002853635390109704,0.023796422544354347,5.315572070283206,0.7167187187056138,0.5375169686469158,-4.877512829773723,0.11497837276506606,-0.5137205461025615
5.0,0.05,0.5222238476858598,0.08717751118607463,0.0011985756472021292,0.862943492272457,0.00410827784827653,0.03254487940811571,5.379021747732677,0.9055349217685763,0.5425833467460207,-4.856797900046818,-0.04259142949611927,-0.510038467337905
6.0,0.06,0.8001010552610053,0.13093044170423884,0.002049839608392312,1.251255165720113,0.006498983270677938,0.04125169839547052,5.442471425182148,1.0943511248315387,0.5476497248451255,-4.642370369921143,0.15690404088857424,-0.506398026449655
7.0,0.07,0.7769656323426394,0.11691666627463129,0.0018764573767447493,1.369808279853623,0.006702489680191097,0.04966513008351108,5.505921102631619,1.2831673278945015,0.5527161029442305,-4.728955470288979,0.08664095195912158,-0.5030509728607194
8.0,0.08,0.795347076083892,0.13668345293432052,0.001275942270506718,1.5650836072149,0.00749997178762341,0.05890270192292813,5.56937078008109,1.471983530957464,0.5577824810433354,-4.774023703997198,0.09310007625743588,-0.49887977912040726
9.0,0.09,1.0080422444676713,0.19527820003618546,-0.0006323978781253214,1.8392139180117624,0.01178469868618385,0.06845025007725859,5.632820457530561,1.6607997340204264,0.5628488591424402,-4.624778213062889,0.17841418399133602,-0.4943986090651816
10.0,0.1,1.0242517028687943,0.16951328004976537,0.00034691220750659193,1.9626672481826217,0.011605938517051183,0.07798583794462177,5.696270134980032,1.8496159370833891,0.5679152372415451,-4.672018432111237,0.11305131109923261,-0.48992939929692336
11.0,0.11,1.1599122288135397,0.1322547658190828,-3.448212126577295e-05,2.1574109850088137,0.013430349427699734,0.08826171080906217,5.759719812429502,2.038432140146351,0.57298161534065,-4.599807583615962,0.11897884486246246,-0.48471990453158775
12.0,0.12,1.2689595956712096,0.26446996629793385,0.0004515314043770486,2.3486366338482396,0.01482867681459226,0.09991629526860961,5.823169489878973,2.2272483432093138,0.5780479934397549,-4.554209894207763,0.12138829063892587,-0.47813169817114526
13.0,0.13,1.3133151994088978,0.20778102822617311,0.00577252357120492,2.6160980282479263,0.016060237573481167,0.11041302409064413,5.886619167328444,2.4160645462722767,0.5831143715388598,-4.573303967919546,0.20003348197564952,-0.4727013474482157
14.0,0.14,1.4033876670272396,0.23283663220367165,0.003215637552028588,2.6267033864563736,0.020990587643846564,0.12366142807206541,5.950068844777915,2.6048807493352393,0.5881807496379646,-4.546681177750676,0.021822637121134303,-0.4645193215658992
15.0,0.15,1.4999796312530926,0.2636605942936862,0.009288951850505708,2.6157543667692047,0.0214912698849442,0.13454128809110139,6.013518522227385,2.7936969523982014,0.5932471277370696,-4.513538890974292,-0.17794258562899667,-0.45870583964596817
16.0,0.16,1.6082423349729664,0.2594378269337453,0.00029779369180699605,2.9349179905631906,0.02165940895158521,0.1460222874115232,6.076968199676856,2.9825131554611644,0.5983135058361744,-4.46872586470389,-0.047595164897973774,-0.45229121842465114
17.0,0.17,1.7051856044289082,0.2741469613856781,0.013193353730926345,3.2578719125929934,0.03490307484204038,0.15918761909606613,6.140417877126327,3.171329358524127,0.6033798839352793,-4.435232272697419,0.08654255406886646,-0.44419226483921315
18.0,0.18,2.0202482802525688,0.4422750768296984,-0.0029919243333112557,3.7808651052889695,0.03350783148979279,0.17066308051975748,6.203867554575798,3.360145561587089,0.6084462620343841,-4.183619274323229,0.42071954370188047,-0.43778318151462664
19.0,0.19,2.0229565178820055,0.3597922216103358,0.005206963632207434,3.587088082580691,0.03295729447460929,0.18416846408243695,6.267317232025269,3.548961764650052,0.613512640133489,-4.244360714143263,0.03812631793063881,-0.42934417605105213
20.0,0.2,2.016606567314508,0.32914290993271805,0.00896111989037152,3.6666240986314755,0.0236896842942707,0.1911701155054155,6.33076690947474,3.7377779677130145,0.618579018232594,-4.314160342160232,-0.07115386908153898,-0.42740890272717846
21.0,0.21,2.1284581584341233,0.348257980382779,0.008455429916916906,3.9714744855462905,0.027747036964047476,0.20626932593595085,6.394216586924211,3.926594170775977,0.6236453963316988,-4.265758428490088,0.0448803147703134,-0.417376070395748
22.0,0.22,2.350725456801637,0.2306235231344585,-0.00526591195851105,4.141818198196308,0.04466981969291609,0.21914016026817149,6.457666264373682,4.115410373838939,0.6287117744308037,-4.106940807572045,0.02640782435736888,-0.4095716141626322
23.0,0.23,2.3327064886114672,0.34812948928792276,0.009264839212354256,4.455337372500764,0.037028885672577,0.22913251204976023,6.521115941823153,4.304226576901902,0.6337781525299085,-4.188409453211685,0.15111079559886154,-0.4046456404801483
24.0,0.24,2.4323385173729806,0.4010818493212936,-0.0015569027811750706,4.416202869022257,0.04320698563576441,0.24396254060272315,6.584565619272623,4.493042779964864,0.6388445306290135,-4.152227101899642,-0.07683991094260723,-0.3948819900262903
25.0,0.25,2.536369287206047,0.4502384595237847,-0.0070213850798348815,4.808094875340601,0.05668955298167117,0.2600723600610357,6.648015296722094,4.681858983027827,0.6439109087281183,-4.111646009516047,0.1262358923127742,-0.3838385486670826
26.0,0.26,2.630307736241131,0.4213764989941104,0.00048425668410954605,4.7929738760698575,0.04691393965702682,0.26776596898860766,6.711464974171565,4.87067518609079,0.6489772868272232,-4.081157237930434,-0.07770131002093272,-0.38121131783861556
27.0,0.27,3.0606087207322195,0.6104197672518209,-0.0051379137752820036,5.3104779586703605,0.04558407640427343,0.28712938693334356,6.774914651621036,5.059491389153752,0.6540436649263281,-3.7143059308888167,0.25098656951660825,-0.3669142779929846
28.0,0.28,2.853050107903687,0.4819645155676387,-0.003381540321202636,5.147230237846407,0.05078600431508324,0.2886716387671231,6.838364329070506,5.248307592216715,0.659110043025433,-3.9853142211668193,-0.10107735437030829,-0.3704384042583099
29.0,0.29,3.2610038939150194,0.6963856035529706,-0.006758780106894169,6.012721249467929,0.03635231813269186,0.30481615180299676,6.901814006519977,5.437123795279677,0.6641764211245379,-3.640810112604958,0.5755974541882516,-0.35936026932154114
30.0,0.3,3.0155731221634428,0.5085303385775594,0.009993315534467223,5.946863641830799,0.06749768798422207,0.31481519916313844,6.965263683969448,5.6259399983426395,0.6692427992236427,-3.9496905618060056,0.32092364348815927,-0.3544276000605043
31.0,0.31,3.150645256148231,0.5280563233020905,-0.011830238987883006,5.870354253574554,0.06467021423566233,0.328575715767475,7.0287133614189194,5.8147562014056025,0.6743091773227476,-3.8780681052706885,0.05559805216895164,-0.3457334615552726
32.0,0.32,3.246502844306008,0.5002392357071279,0.01027344861370093,5.89933223179847,0.0621621043420469,0.3331895677813586,7.0921630388683905,6.003572404468565,0.6793755554218526,-3.8456601945623823,-0.104240172670095,-0.34618598764049396
33.0,0.33,3.3664048349183013,0.5171573765811376,-0.001910431562157278,6.05552965371019,0.049020314527830795,0.35144375578221554,7.155612716317861,6.1923886075315275,0.6844419335209574,-3.7892078813995593,-0.13685895382133761,-0.33299817773874185
34.0,0.34,3.445412915287454,0.5860165803742926,0.007399979257184891,6.5252853832614655,0.078377733519178,0.36609241673484294,7.219062393767332,6.3812048105944905,0.6895083116200623,-3.7736494784798778,0.14408057266697494,-0.3234158948852194
35.0,0.35,3.5474620886743815,0.5506208822059482,0.011961589889762373,6.865929884758656,0.06566736862712924,0.37853659190544425,7.282512071216802,6.570021013657453,0.6945746897191671,-3.7350499825424204,0.29590887110120345,-0.3160380978137229
36.0,0.36,3.865846226390323,0.8637569025631785,-0.010426569950758947,6.955437581363074,0.039934778336832594,0.39831533163402183,7.345961748666273,6.758837216720415,0.6996410678182721,-3.48011552227595,0.1966003646426593,-0.30132573618425024
37.0,0.37,4.014064342248371,0.40584039053798604,-0.012653486737160501,7.343921463809036,0.10657148613749656,0.4035097675877016,7.409411426115744,6.947653419783378,0.704707445917377,-3.3953470838673727,0.39626804402565874,-0.3011976783296754
38.0,0.38,4.048212185664341,0.7436450192403155,0.002921348915501176,7.114868587801822,0.051279549482381545,0.41605839740725237,7.472861103565215,7.136469622846341,0.7097738240164818,-3.424648917900874,-0.021601035044518824,-0.29371542660922945
39.0,0.39,3.9988768399746206,0.6845903879238736,0.029234454909843402,7.210652912642578,0.04447268825928842,0.4211854972956985,7.536310781014686,7.325285825909304,0.7148402021155867,-3.5374339410400655,-0.11463291326672564,-0.29365470481988826
40.0,0.4,4.092460530178962,0.6498310564571395,0.012510371594979423,7.398766477444323,0.0892152395749343,0.435282147363259,7.599760458464157,7.514102028972266,0.7199065802146916,-3.507299928285195,-0.11533555152794239,-0.2846244328514326
41.0,0.41,5.1381804107085625,0.7197933782512886,0.006893163581179691,7.974468177787112,0.06473426218836666,0.4488261409667383,7.663210135913627,7.702918232035228,0.7249729583137965,-2.525029725205065,0.2715499457518842,-0.2761468173470582
42.0,0.42,4.279900433933136,0.714094675619194,-0.003875613129049906,8.008574927985343,0.07416667141846438,0.4520449724323381,7.726659813363098,7.891734435098191,0.7300393364129013,-3.4467593794299622,0.11684049288715226,-0.2779943639805632
43.0,0.43,4.870539240566668,0.7021238406217575,0.023669424393787223,8.279318121764607,0.1005968554473535,0.47724031319914545,7.7901094908125685,8.080550638161155,0.7351057145120062,-2.9195702502459007,0.19876748360345253,-0.2578654013128608
44.0,0.44,4.467936087284542,0.7402514158693367,-0.03612561337396133,8.104374930666662,0.11167553411166596,0.48821073262033066,7.85355916826204,8.269366841224116,0.740172092611111,-3.3856230809774974,-0.164991910557454,-0.2519613599907804
45.0,0.45,4.613340806901967,0.7899341720193165,-0.006040878142715793,8.9342904852902,0.13915971271051025,0.5090760173983426,7.917008845711511,8.458183044287079,0.745238470710216,-3.303668038809544,0.47610744100312097,-0.23616245331187335
46.0,0.46,4.707969040194499,0.7367727537029606,0.024826220894929307,8.486241117815169,0.08838579284004111,0.5123910772504079,7.980458523160982,8.646999247350042,0.7503048488093209,-3.272489482966483,-0.160758129534873,-0.23791377155891302
47.0,0.47,4.777695025376524,0.7502229198716106,-0.008028189446897411,8.630421136280694,0.1171916514848283,0.5159377824552869,8.043908200610453,8.835815450413003,0.7553712269084257,-3.266213175233929,-0.20539431413230957,-0.23943344445313886
48.0,0.48,4.928441157449566,0.8452516184730944,-0.03027834343894896,8.987127663769726,0.04656461994159421,0.5268020905322772,8.107357878059924,9.024631653475966,0.7604376050075307,-3.178916720610358,-0.03750398970623969,-0.23363551447525344
49.0,0.49,4.968411956309285,0.8451414759097444,-0.020749166580874712,9.751211829487735,0.1485985319228345,0.5409780166618053,8.170807555509395,9.213447856538929,0.7655039831066355,-3.20239559920011,0.537763972948806,-0.22452596644483014
50.0,0.5,5.048930448616236,0.9128172927315815,-0.03858218636398349,9.778996023674788,0.08096361655761013,0.5502189106592996,8.234257232958864,9.402264059601892,0.7705703612057404,-3.185326784342628,0.37673196407289566,-0.22035145054644079
51.0,0.51,5.140232142967963,0.8572438183993316,-0.0045562183514353,9.60408346641471,0.11050492226251835,0.5824390779485549,8.297706910408337,9.591080262664855,0.7756367393048453,-3.157474767440374,0.01300320374985553,-0.19319766135629046
52.0,0.52,5.318844387219943,0.8895846667452824,-0.033035680569966024,9.671064208311419,0.08983995246770386,0.5592784599283837,8.361156587857806,9.779896465727818,0.7807031174039502,-3.0423122006378636,-0.1088322574163989,-0.2214246574755665
53.0,0.53,6.599689011088587,0.9252431664783167,-0.012171104799346182,9.790002164945527,0.08271137944917262,0.5810797040963462,8.424606265307277,9.968712668790781,0.7857694955030551,-1.8249172542186907,-0.1787105038452541,-0.20468979140670884
54.0,0.54,6.170157871355744,1.2628125731434154,-0.043881452650925364,10.706646986085554,0.10907447694576279,0.6348877930360027,8.488055942756748,10.157528871853742,0.7908358736021599,-2.3178980714010047,0.5491181142318116,-0.15594808056615717
55.0,0.55,5.6584663947422005,0.9610030442649753,-0.045426484758842686,10.146937499117533,0.08028553291679046,0.6077563613806758,8.55150562020622,10.346345074916705,0.7959022517012648,-2.893039225464019,-0.19940757579917268,-0.18814589032058904
56.0,0.56,5.58229357072168,0.9280134641239153,-0.03731139216535213,10.31998465666397,0.09112468797906337,0.6093333324254782,8.61495529765569,10.535161277979668,0.8009686298003698,-3.032661726934011,-0.21517662131569892,-0.1916352973748916
57.0,0.57,6.213488409848034,0.9034228898355272,-0.06839993552248454,10.694129183375802,0.08162351437749156,0.6193068112811684,8.67840497510516,10.72397748104263,0.8060350078994746,-2.464916565257126,-0.029848297666827506,-0.1867281966183062
58.0,0.58,6.1358563812526175,1.4585743142257477,0.016060497890274892,11.605594408118655,0.03773009054997203,0.6417649720541073,8.741854652554633,10.912793684105592,0.8111013859985794,-2.605998271302015,0.6928007240130629,-0.16933641394447208
59.0,0.59,6.249508046340742,1.0567978371658449,-0.0013871817587089174,11.397315237228987,0.20210315213780755,0.649136379330392,8.805304330004102,11.101609887168555,0.8161677640976843,-2.5557962836633594,0.2957053500604321,-0.1670313847672923
60.0,0.6,6.020261750579613,1.016487106659408,-0.0026603543953390035,11.086524184210946,0.09728988119398262,0.6653887357234824,8.868754007453573,11.290426090231517,0.8212341421967893,-2.8484922568739597,-0.20390190602057068,-0.1558454064733068
61.0,0.61,6.1374282295171065,1.0817739071243564,0.008949593165748702,11.651717528347666,0.08454568017119518,0.6993579818031527,8.932203684903044,11.47924229329448,0.8263005202958942,-2.7947754553859374,0.17247523505318618,-0.1269425384927415
62.0,0.62,6.353464497731664,1.0919281353969899,-0.03636690758152866,11.496471999044779,0.13900384337596602,0.6480946274290089,8.995653362352515,11.668058496357443,0.831366898394999,-2.6421888646208513,-0.1715864973126635,-0.18327227096599008
63.0,0.63,6.361212902130401,1.0612769625839555,-0.062377383000485585,12.151802642752557,0.09608812705670874,0.6919871556526939,9.059103039801986,11.856874699420406,0.8364332764941038,-2.6978901376715854,0.29492794333215144,-0.14444612084140995
64.0,0.64,6.542234133023834,1.0675562514349066,0.004896255525953547,11.811246889790961,0.05676055198367742,0.69936927840625,9.122552717251457,12.045690902483368,0.8414996545932087,-2.580318584227623,-0.234444012692407,-0.14213037618695878
65.0,0.65,6.589637696028588,1.1124840692261742,-0.06977006684522104,12.027520346376189,0.1418736057387452,0.728727576752572,9.186002394700928,12.234507105546331,0.8465660326923137,-2.59636469867234,-0.20698675917014242,-0.11783845593974163
66.0,0.66,6.763173976344386,1.088081667710345,-0.05540798848441021,12.187882307962736,0.06145292446811505,0.745858199356922,9.249452072150397,12.423323308609293,0.8516324107914186,-2.4862780958060116,-0.23544100064655638,-0.10577421143449661
67.0,0.67,7.132796746071036,1.1390380199403813,-0.06708238094674777,12.51674913656469,0.13457178884501006,0.7494530212806949,9.31290174959987,12.612139511672256,0.8566987888905234,-2.1801050035288343,-0.09539037510756643,-0.10724576760982851
68.0,0.68,6.894495810887513,1.2163199104790436,-0.08460443757293118,12.921424781717448,0.2023787720996289,0.7911690237438231,9.37635142704934,12.800955714735219,0.8617651669896282,-2.481855616161827,0.12046906698222948,-0.0705961432458051
69.0,0.69,7.172395321489735,1.0948198950432038,-0.06065075023025278,12.760609447072877,0.1752479584994875,0.7208214797679122,9.43980110449881,12.98977191779818,0.8668315450887332,-2.2674057830090755,-0.22916247072530282,-0.14601006532082095
70.0,0.7,7.233827562256706,1.1360198394625378,-0.0017133568782271961,13.410964874193175,0.1873977310587146,0.7731978017295544,9.503250781948282,13.178588120861143,0.8718979231878381,-2.269423219691576,0.23237675333203178,-0.09870012145828366
71.0,0.71,7.212542358274392,1.3150298492627337,-0.0418479587382682,13.286227654413986,0.2028583426413305,0.8151695224614153,9.566700459397753,13.367404323924106,0.8769643012869429,-2.3541581011233603,-0.08117666951011948,-0.06179477882552764
72.0,0.72,7.406087966546791,1.2381102306014082,-0.04257051207186404,13.488704064250385,0.12793792161326323,0.8350393455693849,9.630150136847224,13.556220526987067,0.8820306793860477,-2.2240621703004324,-0.06751646273668221,-0.04699133381666287
73.0,0.73,7.445485547515534,1.2449402894997306,-0.08555220656253099,13.67250341597146,0.13845255182160118,0.825482829855204,9.693599814296693,13.74503673005003,0.8870970574851527,-2.248114266781159,-0.07253331407856933,-0.061614227629948615
74.0,0.74,8.001436242427745,0.8938336847656992,-0.062062562212227376,14.043408722669954,0.1996589557479973,0.8394721920823587,9.757049491746166,13.933852933112993,0.8921634355842576,-1.7556132493184204,0.10955578955696055,-0.05269124350189891
75.0,0.75,7.660577201860565,1.4054231915263373,-0.02710970223991033,14.68324554297813,0.17448313232030277,0.8476582012316616,9.820499169195635,14.122669136175956,0.8972298136833625,-2.1599219673350705,0.5605764068021735,-0.04957161245170094
76.0,0.76,7.775650685441944,1.3518372162474304,0.07178412793999285,14.07487078509536,0.1875983776315451,0.8384155780109337,9.883948846645108,14.311485339238919,0.9022961917824673,-2.108298161203164,-0.23661455414355892,-0.06388061377153365
77.0,0.77,8.071089223028487,1.343727832596586,-0.0884324191362529,14.297103152836998,0.20392537287877197,0.8617419841819657,9.947398524094577,14.500301542301882,0.9073625698815722,-1.8763093010660903,-0.2031983894648839,-0.045620585699606475
78.0,0.78,8.073614212948732,1.4694147012346244,-0.009642457083341128,14.472085645449352,0.15956684120070733,0.8571723925048054,10.010848201544048,14.689117745364845,0.9124289479806771,-1.9372339885953167,-0.21703209991549244,-0.055256555475871716
79.0,0.79,8.54839274217059,1.6417595024645932,-0.04177839462756495,15.389073110007214,0.0789493526414196,0.8699623576133532,10.07429787899352,14.877933948427806,0.917495326079782,-1.5259051368229297,0.5111391615794076,-0.04753296846642885
80.0,0.8,8.206686651774403,1.3694978218004819,-0.09616089460978776,14.893551182579573,0.20966162938112012,0.858792811600708,10.13774755644299,15.06675015149077,0.9225617041788869,-1.9310609046685876,-0.1731989689111959,-0.06376889257817897
81.0,0.81,8.73517880656811,1.9977424120673268,-0.1601165578738162,15.836238277597566,0.0988811587306638,0.8784947166371194,10.201197233892461,15.255566354553732,0.9276280822779918,-1.466018427324352,0.580671923043834,-0.04913336564087234
82.0,0.82,10.43033386064034,1.496085980059506,-0.09199119985431953,16.11073742413858,0.1584734182515145,0.9039938337536529,10.26464691134193,15.444382557616693,0.9326944603770966,0.16568694929840966,0.6663548665218872,-0.028700626623443637
83.0,0.83,8.517671658427314,1.438189577006726,-0.03314544919955801,15.325535857694632,0.28489741279406394,0.8986527978687359,10.328096588791404,15.633198760679656,0.9377608384762015,-1.8104249303640891,-0.3076629029850242,-0.039108040607465644
84.0,0.84,8.664583824550144,1.5217073710715847,-0.0879193839114729,15.618201369018845,0.08316687879627813,0.8714279971202754,10.391546266240873,15.82201496374262,0.9428272165753064,-1.7269624416907288,-0.20381359472377447,-0.07139921945503103
85.0,0.85,8.653906730075587,1.3535197445125584,-0.04804532570190848,15.843461673954907,0.17441712650701094,0.9397912471066008,10.454995943690344,16.01083116680558,0.9478935946744113,-1.8010892136147572,-0.16736949285067304,-0.008102347567810475
86.0,0.86,9.364054442492044,1.6210443562261512,-0.02517172646574756,16.771150981737424,0.24425032224132764,0.9346327952705,10.518445621139815,16.199647369868543,0.9529599727735162,-1.1543911786477707,0.5715036118688808,-0.018327177503016157
87.0,0.87,9.483896397807486,2.114967499830763,-0.15793292836620307,17.284454724451695,0.15088595369873603,0.9756001520430465,10.581895298589286,16.388463572931506,0.958026350872621,-1.0979989007817998,0.8959911515201888,0.017573801170425507
88.0,0.88,8.89472576627889,1.5526070381463022,-0.10819671832335848,16.278103517045327,0.24329383687558215,1.0345191759191212,10.645344976038757,16.577279775994466,0.9630927289717259,-1.7506192097598667,-0.2991762589491387,0.0714264469473953
89.0,0.89,9.344727354186734,1.4663168543319092,0.009631997250395699,16.356955557040944,0.2612768357190698,0.9603279346033969,10.708794653488228,16.76609597905743,0.9681591070708309,-1.3640672993014942,-0.4091404220164847,-0.007831172467433922
90.0,0.9,9.424865399833395,1.6677246631035902,-0.09214043305003082,18.069126911870377,0.22662829136406487,0.9945248719955526,10.7722443309377,16.954912182120392,0.9732254851699358,-1.3473789311043038,1.1142147297499854,0.02129938682561683
91.0,0.91,9.35885732520288,1.6998624740407664,-0.16216492076462155,16.973904511805305,0.20864219827630995,0.961428307117112,10.835694008387168,17.143728385183355,0.9782918632690406,-1.4768366831842883,-0.16982387337804994,-0.016863556151928583
92.0,0.92,9.549691918452835,1.5829936647936909,-0.18052117824394665,16.982245886470213,0.16259915319240467,1.0475634410230685,10.899143685836641,17.332544588246318,0.9833582413681454,-1.3494517673838065,-0.35029870177610434,0.0642051996549231
93.0,0.93,9.510538920122881,1.5902494904206201,-0.16187005682563219,17.338337442149395,0.18203561178228173,0.992182642043659,10.96259336328611,17.52136079130928,0.9884246194672504,-1.4520544431632292,-0.18302334915988538,0.0037580225764086705
94.0,0.94,9.525973015612712,1.7206202893463225,-0.12626188797655236,17.313143529923053,0.2166178879202818,0.9723459039980953,11.026043040735582,17.71017699437224,0.9934909975663553,-1.50007002512287,-0.3970334644491871,-0.02114509356826
95.0,0.95,9.71914866023329,1.7115324921141502,-0.05903484000294083,17.518340204624018,0.29377806064920975,1.0319932122577318,11.089492718185053,17.898993197435203,0.9985573756654601,-1.3703440579517618,-0.3806529928111857,0.03343583659227167
96.0,0.96,9.7971442716501,1.7010720177380305,-0.06564694477279595,18.073572305690302,0.180528609777278,1.0211706540840626,11.152942395634524,18.087809400498166,1.003623753764565,-1.3557981239844246,-0.014237094807864281,0.017546900319497682
97.0,0.97,9.89480428542265,1.9045514417481482,-0.1830834811885671,18.16617169056679,0.12467208276222592,1.0028221084372086,11.216392073083995,18.27662560356113,1.0086901318636698,-1.321587787661345,-0.1104539129943376,-0.0058680234264612
98.0,0.98,10.246641664002809,1.791529023884277,-0.18242852940590698,18.84314204160732,0.22263016983789208,1.025892006025166,11.279841750533464,18.465441806624092,1.0137565099627748,-1.0332000865306554,0.3777002349832266,0.012135496062391171
99.0,0.99,10.435767676185417,1.6600114170533267,-0.048279070058684245,18.425701042765898,0.20408225071832367,1.014886942524241,11.343291427982937,18.654258009687055,1.0188228880618797,-0.9075237517975197,-0.22855696692115757,-0.003935945537638652
100.0,1.0,10.063686975393605,1.9053320224099155,-0.04492513654664713,18.766305652113232,0.21101208752512687,1.088971236645167,11.406741105432406,18.843074212750018,1.0238892661609844,-1.3430541300388015,-0.07676856063678628,0.06508197048418252
101.0,1.01,10.256680909547748,1.8041766624478226,-0.025620148599773577,18.736821674331146,0.22886203418877485,1.1891155331096317,11.470190782881879,19.03189041581298,1.0289556442600896,-1.2135098733341305,-0.2950687414818347,0.16015988884954213
102.0,1.02,10.529824770908625,2.0626977881349724,-0.15612785654896524,19.183241118911866,0.24949008523205513,1.0338122008593291,11.533640460331348,19.220706618875944,1.0340220223591943,-1.0038156894227228,-0.03746549996407822,-0.0002098214998651482
103.0,1.03,10.75109350596488,1.7399525920336107,-0.027221869167085112,18.965552328352217,0.3534322122697225,1.0394240400391668,11.59709013778082,19.409522821938907,1.0390884004582992,-0.8459966318159395,-0.44397049358668994,0.00033563958086757495
104.0,1.04,10.719015946229382,1.918788037154469,-0.19967778718038218,19.341602852118786,0.1914577300076458,1.1262409854630226,11.66053981523029,19.59833902500187,1.0441547785574041,-0.9415238690009087,-0.2567361728830839,0.08208620690561852
105.0,1.05,10.875741469540772,1.826989875592782,-0.11311374331675604,20.08076544461188,0.30183769272343985,1.1257323782232138,11.723989492679761,19.787155228064833,1.0492211566565088,-0.8482480231389893,0.293610216547048,0.07651122156670498
106.0,1.06,13.246473050254718,2.091234013405496,-0.02832203595789651,19.71645323951629,0.13128079515933744,1.0844074982442964,11.787439170129232,19.975971431127796,1.054287534755614,1.4590338801254852,-0.25951819161150524,0.0301199634886824
107.0,1.07,10.897449533811795,2.029165710414001,-0.2588252036227002,19.589252429479,-0.03650723621902996,1.111014993699478,11.850888847578704,20.164787634190755,1.0593539128547187,-0.9534393137669088,-0.5755352047117555,0.05166108084475929
108.0,1.08,11.875070175053276,2.71314264771522,-0.09011133961232468,21.08208724482922,0.2461861145566872,1.1729278900954634,11.914338525028175,20.35360383725372,1.0644202909538236,-0.0392683499748987,0.7284834075755029,0.10850759914163977
109.0,1.09,11.228258513191987,2.104386829212476,-0.19219436035557685,20.18302568667296,0.22640956521844988,1.1759857059840972,11.977788202477644,20.54242004031668,1.0694866690529286,-0.7495296892856569,-0.3593943536437223,0.10649903693116869
110.0,1.1,11.642274300189438,1.896060197136304,-0.1485343392888997,20.268341666831518,0.10943561677503462,1.095700850935036,12.041237879927117,20.731236243379644,1.0745530471520333,-0.3989635797376785,-0.46289457654812693,0.02114780378300285
111.0,1.11,11.3133006040771,2.1580859184794625,-0.17243167464881776,20.493783566985357,0.17518917712918705,1.1756043789321153,12.104687557376586,20.920052446442607,1.0796194252511384,-0.7913869532994866,-0.42626887945725045,0.09598495368097693
112.0,1.12,11.29916983265482,2.0750969776693022,-0.14918227865097866,20.694075208675198,0.04752078532405764,1.1991299556721593,12.168137234826059,21.10886864950557,1.0846858033502431,-0.8689674021712381,-0.4147934408303726,0.11444415232191618
113.0,1.13,11.556161759849246,2.121336409151524,-0.16352098305264098,20.841017164752,0.3402585948544463,1.1672089197982969,12.231586912275528,21.29768485256853,1.0897521814493478,-0.675425152426282,-0.45666768781653033,0.07745673834894906
114.0,1.14,12.780455363905803,2.069372694973298,-0.29614599985396334,21.04225194469724,-0.0944243387077003,1.1809057458815486,12.295036589724997,21.486501055631493,1.094818559548453,0.4854187741808058,-0.44424911093425123,0.08608718633309564
115.0,1.15,12.05407135692838,2.004611511838936,-0.2313450864173667,21.248015857111813,0.19655708389155066,1.145585941771474,12.35848626717447,21.675317258694456,1.0998849376475577,-0.3044149102460896,-0.4273014015826426,0.04570100412391631
116.0,1.16,12.552472379315482,2.9524424928653303,-0.17921961399200695,22.51280407978915,-0.0170768145665442,1.2119031672356118,12.42193594462394,21.86413346175742,1.1049513157466626,0.13053643469154252,0.6486706180317299,0.10695185148894915
117.0,1.17,12.45519946102852,2.1496413899069795,-0.20954638703328987,21.775430931260853,0.0955047016873022,1.2079495799017694,12.48538562207341,22.05294966482038,1.1100176938457675,-0.030186161044889914,-0.2775187335595284,0.0979318860560019
118.0,1.18,11.88647568404168,2.4694305960234098,-0.08942568902641337,22.906101538250788,0.21389642582546728,1.216843347695448,12.548835299522882,22.241765867883345,1.1150840719448722,-0.6623596154812024,0.6643356703674428,0.10175927575057586
119.0,1.19,12.461234780210443,2.1174786313100062,-0.14230971870426007,22.20355397424178,0.3508189839043314,1.2055875029977148,12.612284976972353,22.430582070946304,1.1201504500439774,-0.15105019676190956,-0.22702809670452595,0.08543705295373738
120.0,1.2,12.332589709142306,2.0744519571319047,-0.21406090453437335,22.316053639105395,0.164623898676192,1.2652313294834432,12.675734654421824,22.619398274009267,1.125216828143082,-0.34314494527951744,-0.30334463490387265,0.14001450134036109
121.0,1.21,13.064437409257778,1.6591028579043197,-0.24799555524277528,22.930798569340336,0.1360154580453354,1.2956635647617818,12.739184331871295,22.80821447707223,1.130283206242187,0.325253077386483,0.12258409226810585,0.16538035851959476
122.0,1.22,12.433054127113296,2.5963250310297763,-0.1144049489888244,22.954054356135373,-0.034630621026210874,1.2872515042190038,12.802634009320766,22.997030680135193,1.135349584341292,-0.3695798822074696,-0.04297632399982021,0.15190191987771184
123.0,1.23,15.734250628486846,2.4580289038209866,-0.20653655579046007,23.106120611828306,0.17858654512945887,1.2842853317843184,12.866083686770235,23.185846883198156,1.1404159624403967,2.868166941716611,-0.07972627136985011,0.1438693693439217
124.0,1.24,12.928602636024218,2.2041821501820733,-0.058202408862000884,22.964562467052495,0.32499221874243117,1.2259524552640968,12.929533364219708,23.37466308626112,1.1454823405395018,-0.0009307281954900049,-0.41010061920862384,0.08047011472459498
125.0,1.25,12.652335175150611,2.12566216251318,-0.08179667687542702,23.06662535079682,0.24502609231870956,1.310021493880639,12.992983041669177,23.563479289324082,1.1505487186386065,-0.34064786651856593,-0.4968539385272628,0.1594727752420324
126.0,1.26,13.084930605848717,2.2057937769590366,-0.35078805490674936,24.117441813659134,0.03427610663494657,1.3486059983185887,13.05643271911865,23.752295492387045,1.1556150967377115,0.028497886730066924,0.3651463212720891,0.19299090158087728
127.0,1.27,13.192451370529406,2.188435404726993,-0.02621236051634605,23.679553268106176,0.35645147908498764,1.2516538500503536,13.11988239656812,23.941111695450008,1.1606814748368164,0.07256897396128714,-0.2615584273438323,0.09097237521353718
128.0,1.28,13.210140700550888,2.606097615704408,-0.11738447429253401,24.01723997652501,0.13336616542263408,1.3457078481284146,13.183332074017592,24.12992789851297,1.165747852935921,0.02680862653329541,-0.11268792198796262,0.1799599951924935
129.0,1.29,13.300516359809063,2.659915364963933,-0.2119638268867233,25.219800123304587,0.0967650152064543,1.238712206793736,13.246781751467061,24.318744101575934,1.1708142310350262,0.05373460834200117,0.9010560217286532,0.0678979757587097
130.0,1.3,13.276823880082606,2.749123254638317,-0.29136932368042784,24.081253064574835,0.19283781242189954,1.2953116357092824,13.310231428916534,24.507560304638897,1.175880609134131,-0.03340754883392805,-0.4263072400640624,0.11943102657515148
131.0,1.31,13.146330617141476,2.7892222024725215,-0.0020627945184703757,24.065222647412007,0.05058305276762954,1.304977196785546,13.373681106366003,24.69637650770186,1.1809469872332359,-0.22735048922452705,-0.631153860289853,0.12403020955231003
132.0,1.32,13.577790971524816,2.719419116374033,-0.04795653417589132,24.528902104747978,0.03206832426959995,1.2596564739599976,13.437130783815473,24.88519271076482,1.1860133653323408,0.14066018770934363,-0.3562906060168416,0.07364310862765677
133.0,1.33,13.655119870873238,2.682140838522926,0.07330117547091826,24.359438540189096,-0.0016728533044624541,1.3453110761166707,13.500580461264946,25.074008913827782,1.1910797434314455,0.15453940960829193,-0.7145703736386864,0.15423133268522515
134.0,1.34,13.621907856588182,2.612930927528249,-0.012053542805108165,25.01619435817971,0.2282463256010138,1.374300415058736,13.564030138714415,25.262825116890745,1.1961461215305507,0.057877717873767054,-0.24663075871103501,0.17815429352818524
135.0,1.35,13.839309183830155,2.7806556749422664,-0.12776843528598894,25.787651654932723,0.2866563960671876,1.3874754956626694,13.627479816163888,25.45164131995371,1.2012124996296554,0.21182936766626703,0.3360103349790151,0.186262996033014
136.0,1.36,13.762615455913126,2.7605953102013503,-0.12498726485398635,25.15879665019819,0.22589418431631147,1.2688649526408804,13.690929493613357,25.64045752301667,1.2062788777287603,0.0716859622997692,-0.48166087281848036,0.0625860749121201
137.0,1.37,13.760097887745328,2.744300483501444,-0.15186333424303014,25.837729334369804,0.3271395246206413,1.3173050246751052,13.75437917106283,25.829273726079634,1.2113452558278652,0.005718716682498126,0.008455608290169891,0.10595976884724001
138.0,1.38,14.300193973451362,2.601840794977172,-0.15432454823246033,25.981635594117943,0.3519955012973128,1.4172738895170374,13.817828848512299,26.018089929142594,1.21641163392697,0.48236512493906325,-0.036454335024650675,0.20086225559006743
139.0,1.39,14.770873301469168,2.5464592728039595,-0.3026782760576189,26.35491531017916,0.4990079035449912,1.4079309293340898,13.881278525961768,26.206906132205557,1.2214780120260749,0.8895947755073994,0.14800917797360214,0.18645291730801494
140.0,1.4,14.71759080252379,2.5423566063578344,-0.2524298506992432,26.325914888672433,0.35173100437739746,1.4668560529899752,13.944728203411241,26.39572233526852,1.2265443901251798,0.772862599112548,-0.06980744659608717,0.24031166286479544
141.0,1.41,14.811745730169902,2.6200376437279638,-0.392730666533119,26.23483884323481,0.2805448325383296,1.4546338326318156,14.00817788086071,26.584538538331483,1.2316107682242845,0.8035678493091911,-0.3496996950966711,0.22302306440753106
142.0,1.42,14.991867497815017,2.629127818701283,-0.22475130233698576,26.45535654630766,0.46993560446386745,1.403601548473351,14.071627558310183,26.773354741394446,1.2366771463233897,0.9202399395048335,-0.31799819508678695,0.1669244021499614
143.0,1.43,14.83337915686094,2.5671347223732974,-0.24207951984810108,26.28540518684455,0.29388904297173835,1.3996757978118122,14.135077235759653,26.96217094445741,1.2417435244224944,0.6983019211012866,-0.6767657576128592,0.1579322733893178
144.0,1.44,15.139297617254604,2.7744247044907837,-0.11137203160257814,26.836634290732878,0.04864362456009238,1.504935382433429,14.198526913209125,27.150987147520368,1.2468099025215993,0.9407707040454785,-0.31435285678749025,0.25812547991182977
145.0,1.45,14.67029903862772,2.6986043084187377,-0.05986013135729938,26.848869578621112,-0.03667987549772744,1.3528351690122387,14.261976590658595,27.33980335058333,1.2518762806207042,0.408322447969125,-0.49093377196221866,0.10095888839153444
146.0,1.46,14.938441532694025,3.014063987140663,-0.015294226689136655,27.08082851547034,0.0482073806596534,1.3479551115722277,14.325426268108064,27.528619553646294,1.2569426587198091,0.613015264585961,-0.44779103817595356,0.09101245285241855
147.0,1.47,15.181236818506253,3.041786059832647,-0.2799189988689375,28.140436692032825,0.13499049814243066,1.4750878116926884,14.388875945557537,27.717435756709257,1.262009036818914,0.7923608729487164,0.423000935323568,0.21307877487377436
148.0,1.48,15.47702844245614,3.156683655050908,-0.15937756872266287,27.264622212118248,0.44844330252129744,1.440005491847878,14.452325623007006,27.90625195977222,1.2670754149180188,1.0247028194491339,-0.6416297476539725,0.17293007692985918
149.0,1.49,15.3693940722218,2.8814792781476726,-0.35876304434273026,27.641896845184498,0.3491349674725194,1.5155126143866584,14.515775300456479,28.095068162835183,1.2721417930171237,0.853618771765321,-0.4531713176506855,0.2433708213695347
150.0,1.5,15.15769962116356,2.854484129338959,-0.2700490563293901,30.114917922327898,0.23776828469070785,1.5429856701906652,14.579224977905948,28.283884365898146,1.2772081711162286,0.5784746432576124,1.8310335564297517,0.2657774990744366
151.0,1.51,15.250596261024839,3.629158241002945,-0.021621003596735577,29.246065440526106,0.3515277403510909,1.528112355498946,14.642674655355421,28.47270056896111,1.2822745492153336,0.6079216056694179,0.773364871564997,0.2458378062836124
152.0,1.52,15.912626249765676,2.799283368144712,-0.21605217630273166,28.032496528002113,0.07132001495689781,1.3717298599244006,14.70612433280489,28.661516772024072,1.2873409273144385,1.2065019169607858,-0.6290202440219588,0.08438893260996205
153.0,1.53,16.04337477731257,3.207431606384516,-0.3142277573149852,28.80335756247266,0.12073305382445344,1.603599690912754,14.769574010254363,28.850332975087035,1.2924073054135432,1.2738007670582085,-0.04697541261437621,0.3111923854992107
154.0,1.54,16.471530062067405,3.2277055237147034,-0.18225791075018655,28.873829676934832,0.504973094119272,1.4585424646996472,14.833023687703832,29.039149178149998,1.2974736835126481,1.6385063743635726,-0.1653195012151656,0.16106878118699908
155.0,1.55,15.501651337077336,2.7812185156921356,-0.012293142805876355,29.091009347908003,0.2828243440261101,1.5248340465523618,14.896473365153305,29.22796538121296,1.302540061611753,0.6051779719240304,-0.13695603330495842,0.2222939849406087
156.0,1.56,16.468641372701207,2.969784241739928,-0.26011108068422734,28.858990929327998,0.3472121302135389,1.6349240649189263,14.959923042602775,29.416781584275924,1.307606439710858,1.5087183300984321,-0.5577906549479259,0.3273176252080683
157.0,1.57,16.793280036569566,3.135914252618838,-0.42437276700689514,29.097242872484923,0.0692620433846598,1.674749049205729,15.023372720052244,29.605597787338883,1.312672817809963,1.7699073165173225,-0.5083549148539603,0.36207623139576617
158.0,1.58,16.92640146333548,3.604171915822113,-0.009602577163765781,29.5219131585678,-0.08677731592487867,1.5588060685158973,15.086822397501717,29.794413990401846,1.3177391959090676,1.8395790658337638,-0.27250083183404783,0.24106687260682969
159.0,1.59,19.80776123118531,3.070033495308011,-0.03094908008980537,29.484775558241783,0.15165734654801633,1.4672254639680629,15.150272074951186,29.98323019346481,1.3228055740081728,4.657489156234124,-0.4984546352230268,0.14441988995989008
160.0,1.6,16.80840900052705,3.030206023538123,-0.46647848822283333,30.021795096032033,0.4586955432107376,1.454198614814541,15.213721752400659,30.172046396527772,1.3278719521072775,1.594687248126391,-0.15025130049573932,0.12632666270726345
161.0,1.61,17.275669802023234,3.28823049512662,-0.35511497484736193,30.59573218535142,0.11494441887156116,1.6049849330783754,15.277171429850128,30.360862599590735,1.3329383302063824,1.9984983721731062,0.23486958576068417,0.272046602871993
162.0,1.62,17.077910255866758,4.526646373727864,0.1394326657254044,31.66641185206552,0.1427963594063395,1.5071564961643185,15.3406211072996,30.5496788026537,1.3380047083054873,1.7372891485671573,1.1167330494118204,0.16915178785883112
163.0,1.63,17.30305238458106,3.1989635457064636,-0.3818439322184765,30.23404807325842,0.3118883515577877,1.4463604892899569,15.40407078474907,30.738495005716658,1.343071086404592,1.8989815998319912,-0.5044469324582366,0.10328940288536481
164.0,1.64,17.631307228084964,3.1877232944267373,-0.6184177441933045,32.29419541870439,-0.049101108825991925,1.6716381923792314,15.46752046219854,30.92731120877962,1.348137464503697,2.1637867658864245,1.3668842099247698,0.3235007278755344
165.0,1.65,16.81418312734764,3.311274390043615,0.1351319954807914,30.705923918422886,0.22652363484713417,1.5676579226631715,15.530970139648012,31.116127411842584,1.353203842602802,1.2832129876996277,-0.4102034934196972,0.2144540800603696
166.0,1.66,17.042588358222698,3.5024525773358497,-0.3328418572003129,30.518467008608095,0.23677930154344604,1.5300663182887035,15.594419817097481,31.304943614905547,1.3582702207019066,1.4481685411252165,-0.7864766062974518,0.17179609758679693
167.0,1.67,16.930401897789366,3.3360928894364013,-0.4532128038457633,31.59583204398524,0.40773340127910085,1.5722158937976598,15.657869494546954,31.49375981796851,1.3633365988010118,1.272532403242412,0.10207222601673038,0.20887929499664804
168.0,1.68,16.96074803946228,3.18122361168612,0.0342852164020128,31.42104027894687,0.04117732072571953,1.5634322315715292,15.721319171996424,31.682576021031473,1.3684029769001165,1.2394288674658576,-0.26153574208460384,0.19502925467141274
169.0,1.69,17.75541874095613,3.684048951650397,-0.42280173425109463,31.092989934220086,0.005886601508807281,1.6061381966122361,15.784768849445896,31.871392224094432,1.3734693549992214,1.9706498915102344,-0.7784022898743466,0.2326688416130147
170.0,1.7,17.08788866318973,3.249663515638452,-0.3127152516315269,32.0454792035111,0.5293041006576422,1.516417867783038,15.848218526895366,32.0602084271574,1.3785357330983263,1.2396701362943645,-0.014729223646298806,0.13788213468471167
171.0,1.71,19.827756546036266,2.8305909960878908,0.1767124981996276,31.592783016589134,0.09725358729938893,1.5819337800954671,15.911668204344835,32.24902463022036,1.383602111197431,3.916088341691431,-0.6562416136312272,0.1983316688980361
172.0,1.72,19.51875479482708,3.677338007402872,-0.35842282634857314,32.0013512289608,0.2093253008479525,1.4581423258140511,15.975117881794308,32.437840833283325,1.3886684892965362,3.5436369130327705,-0.43648960432252437,0.06947383651751493
173.0,1.73,17.718379059988322,3.3751575961018503,0.06542321063091755,32.09117417107872,0.31404658235147637,1.5664312231174864,16.038567559243777,32.62665703634629,1.393734867395641,1.6798115007445453,-0.5354828652675678,0.1726963557218455
174.0,1.74,19.31737874346363,5.205669603426899,-0.4119125405315114,35.32656081272821,0.06876066150626067,1.5107439719700053,16.10201723669325,32.81547323940925,1.3988012454947458,3.215361506770382,2.51108757331896,0.11194272647525949
175.0,1.75,17.788479013882352,3.4724729852162266,-0.41773819442835614,32.51381867954171,0.25306749375005605,1.6181195557171197,16.16546691414272,33.004289442472206,1.4038676235938508,1.6230120997396327,-0.4904707629304994,0.21425193212326898
176.0,1.76,18.450445471531527,3.6776644207404527,-0.07727525765895463,32.8056337687609,0.383555123463281,1.5684321369345509,16.228916591592192,33.19310564553517,1.4089340016929555,2.221528879939335,-0.38747187677427064,0.1594981352415954
177.0,1.77,17.952827353762473,3.4823818037700898,-0.3728797977532251,32.95462610665319,0.34245221211860566,1.559702280707821,16.29236626904166,33.38192184859813,1.4140003797920606,1.6604610847208114,-0.42729574194494546,0.1457019009157603
178.0,1.78,18.325588456814323,3.5432161981929404,0.0823897312575625,33.18252049869275,0.6095788753780125,1.646157328725034,16.355815946491134,33.570738051661095,1.4190667578911653,1.969772510323189,-0.38821755296834226,0.22709057083386863
179.0,1.79,19.375296480780044,3.592007045469926,-0.44758944899152797,33.43845513630752,-0.22505565859582513,1.758223074278011,16.419265623940603,33.75955425472406,1.4241331359902702,2.9560308568394404,-0.3210991184165408,0.3340899382877407
180.0,1.8,18.673946044538344,3.7053021585699435,-0.0664365356993886,33.07536733362379,0.4454613234779748,1.6584208532015707,16.482715301390076,33.94837045778702,1.4291995140893752,2.1912307431482674,-0.8730031241632332,0.22922133911219555
181.0,1.81,19.279326947527867,3.8569720406190053,-0.620813899058707,34.011224650843744,0.16453267413936853,1.4752496247450533,16.546164978839546,34.137186660849984,1.4342658921884799,2.7331619686883215,-0.12596201000624063,0.04098373255657339
182.0,1.82,18.498002311716487,3.841104712811835,-0.19452151237943147,34.31773126679091,0.2624712007117708,1.622665619519908,16.609614656289015,34.32600286391295,1.439332270287585,1.8883876554274721,-0.008271597122039509,0.18333334923232303
183.0,1.83,18.881136664069704,3.772593043448698,-0.4287048142554957,34.11188407977764,0.21376936798540686,1.542741344065923,16.673064333738488,34.51481906697591,1.4443986483866897,2.208072330331216,-0.4029349871982717,0.09834269567923326
184.0,1.84,18.94128085329943,3.3699617524828755,-0.49839115462584693,34.48925301948032,0.25452791186037627,1.710829504562162,16.736514011187957,34.70363527003887,1.4494650264857947,2.2047668421114714,-0.21438225055855042,0.2613644780763673
185.0,1.85,19.62716913816114,3.976634574216167,-0.2613343259683856,34.503806918594194,0.39118652721982977,1.637037821103894,16.79996368863743,34.892451473101836,1.4545314045848996,2.82720544952371,-0.3886445545076427,0.18250641651899446
186.0,1.86,18.952734422271767,3.403704995752899,-0.3575708448148318,35.56765482018448,0.2802166713713932,1.586427919959578,16.8634133660869,35.0812676761648,1.4595977826840043,2.0893210561848683,0.4863871440196803,0.1268301372755738
187.0,1.87,19.560165074732325,4.425038748074734,-0.09031743541175118,35.08354545062952,0.3036241697612275,1.6073264284502007,16.926863043536372,35.27008387922776,1.4646641607831095,2.633302031195953,-0.1865384285982401,0.14266226766709122
188.0,1.88,18.786858253849154,3.345202550488379,-0.49330656457724714,34.90667943493235,0.3640354818949389,1.5401863304603078,16.99031272098584,35.45890008229072,1.4697305388822142,1.7965455328633126,-0.552220647358368,0.07045579157809367
189.0,1.89,20.122490333814433,4.41899400552542,-0.18342583207459617,36.82084455298243,0.3366059083247944,1.678831667877226,17.05376239843531,35.64771628535368,1.4747969169813189,3.0687279353791226,1.1731282676287478,0.20403475089590706
190.0,1.9,19.62605548182889,3.1483345837662005,-0.4838370386270567,35.386280828928136,0.15901653340190264,1.5425371246877746,17.117212075884783,35.836532488416644,1.479863295080424,2.5088434059441056,-0.450251659488508,0.06267382960735057
191.0,1.91,20.338172162959275,4.552420887794782,-0.11641414073812141,36.131122577073874,0.4068144034302602,1.6573536028663594,17.180661753334252,36.02534869147961,1.4849296731795287,3.157510409625022,0.10577388559426737,0.17242392968683062
192.0,1.92,19.776857025214632,3.5953791768194727,-0.41147876088521507,35.83513538673533,0.2692540110675944,1.6581489307647495,17.244111430783725,36.21416489454257,1.4899960512786337,2.5327455944309065,-0.379029507807239,0.1681528794861158
193.0,1.93,20.5928095485154,4.709385839478246,-0.2992481819591231,36.45435210240587,0.3352158171212962,1.7118095477433508,17.307561108233195,36.40298109760553,1.4950624293777386,3.2852484402822064,0.051371004800337516,0.21674711836561222
194.0,1.94,19.874893461577553,3.750297191239154,-0.6080085569130513,36.156487913420634,0.19443687825331696,1.6398234467535049,17.371010785682667,36.591797300668496,1.5001288074768433,2.503882675894886,-0.4353093872478624,0.1396946392766616
195.0,1.95,20.658015644144246,4.313164782964406,-0.5263655217493053,36.43045564242757,-0.23611408300317743,1.6378925067008556,17.434460463132137,36.78061350373146,1.5051951855759484,3.2235551810121095,-0.3501578613038916,0.13269732112490717
196.0,1.96,20.19561331870392,3.816971895212764,-0.3601910650679717,37.192174301234566,0.496329305250324,1.7769823046169744,17.497910140581606,36.96942970679442,1.5102615636750532,2.697703178122314,0.22274459444014383,0.2667207409419212
197.0,1.97,20.500739308188844,4.367596764914193,-0.20604274285876142,36.8150004201645,-0.10947148978392401,1.6030978538555622,17.56135981803108,37.158245909857385,1.515327941774158,2.9393794901577657,-0.34324548969288315,0.08776991208140417
198.0,1.98,20.556211592517123,3.929487753578653,-0.10536335310069095,36.82279692376929,0.44821185039034067,1.6377640460347984,17.624809495480548,37.34706211292035,1.520394319873263,2.9314020970365746,-0.524265189151059,0.1173697261615354
199.0,1.99,17.908971728557557,-0.22770871462566675,-0.0884196437691822,37.058002572343895,0.3733198762150355,1.5671161625532029,17.68825917293002,37.53587831598331,1.5254606979723677,0.22071255562753578,-0.4778757436394159,0.04165546458083513
200.0,2.0,20.790012748438915,4.217352938510923,-0.3187043024592817,37.91619903791119,0.08661397486138495,1.775498104216909,17.75170885037949,37.724694519046274,1.5305270760714729,3.038303898059425,0.19150451886491737,0.24497102814543603
201.0,2.01,20.141880341964846,4.467077509679148,-0.16010228815620836,38.469171155273244,0.3857157545027835,1.6030864317390332,17.81515852782896,37.91351072210923,1.5355934541705776,2.3267218141358867,0.5556604331640145,0.06749297756845563
202.0,2.02,21.127731194027312,4.30166164878491,-0.31176851314478093,37.55952159947198,0.267234523385873,1.6267788405872146,17.878608205278432,38.1023269251722,1.5406598322696827,3.24912298874888,-0.5428053257002219,0.08611900831753183
203.0,2.03,21.087640864509098,4.36524979099178,-0.1430434497485344,38.2716441042783,0.23059025283015322,1.6437280217820418,17.9420578827279,38.291143128235156,1.5457262103687874,3.145582981781196,-0.01949902395685399,0.09800181141325437
204.0,2.04,21.880169521502967,4.474082327148389,-0.3799178749894984,38.21273985575886,0.5850090149579407,1.7539003793768386,18.005507560177374,38.479959331298126,1.5507925884678921,3.874661961325593,-0.26721947553926384,0.20310779090894648
205.0,2.05,21.653886033970295,4.026109028766601,-0.5471805610762619,38.08015577886927,0.3118418702907027,1.8748615194775398,18.068957237626844,38.66877553436108,1.5558589665669973,3.5849287963434513,-0.5886197554918127,0.31900255291054247
206.0,2.06,18.500150940864348,-0.38168151422160396,-0.021737472029854602,38.841522693079014,0.5066201064149006,1.738216051061706,18.132406915076317,38.85759173742405,1.560925344666102,0.36774402578803134,-0.016069044345037753,0.17729070639560396
207.0,2.07,21.64165742595455,4.350944629330587,-0.17663881979107507,38.74041137045935,0.2595961889814933,1.73980857767325,18.195856592525786,39.04640794048701,1.5659917227652067,3.4458008334287626,-0.30599657002765923,0.17381685490804322
208.0,2.08,21.181887047994216,4.2405317722869675,-0.18115216322067665,38.70021742412244,-0.2150622559669685,1.769473688483738,18.25930626997526,39.23522414354998,1.5710581008643119,2.9225807780189577,-0.5350067194275354,0.19841558761942624
209.0,2.09,22.719791403273035,4.850810363662243,-0.6677591008982638,39.04841215099728,0.37475312235899816,1.8079176840150886,18.322755947424728,39.424040346612934,1.5761244789634166,4.397035455848307,-0.3756281956156542,0.231793205051672
210.0,2.1,21.58028245889713,4.329713762449757,-0.22579125381943957,40.10736908345207,0.3067101052191826,1.761777069400826,18.3862056248742,39.612856549675904,1.5811908570625217,3.1940768340229297,0.49451253377616666,0.1805862123383042
211.0,2.11,18.88407005447097,-0.32152188905013496,-0.3581407759988339,40.33614725918094,0.47803354666912395,1.8380641325758047,18.44965530232367,39.80167275273886,1.5862572351616264,0.4344147521473012,0.5344745064420806,0.2518068974141783
212.0,2.12,22.28915890192304,4.858244188593258,-0.11724905619958209,39.41746402710519,0.413213960604785,1.8200961212006705,18.513104979773143,39.99048895580183,1.5913236132607316,3.7760539221498988,-0.5730249286966398,0.22877250793993897
213.0,2.13,21.71757577503765,4.6325257428161555,-0.40917580289884753,40.37890885792105,0.5433636808154172,1.9101659996548286,18.576554657222612,40.179305158864786,1.5963899913598363,3.1410211178150362,0.19960369905626152,0.3137760082949923
214.0,2.14,22.91377418620234,4.524839230402857,-0.6191304421742717,40.72559651146526,0.10990086756310577,1.8170104723981702,18.640004334672085,40.36812136192775,1.601456369458941,4.273769851530254,0.3574751495375139,0.21555410293922916
215.0,2.15,21.545219226460443,4.427411556080916,-0.1585186244575986,41.79979434258531,0.21545039142221661,1.536558118217276,18.703454012121554,40.55693756499071,1.6065227475580461,2.8417652143388885,1.2428567775945965,-0.06996462934077008
216.0,2.16,19.090665340336443,-0.6398060998542733,-0.26840561465331364,40.70970201015319,0.1431656780329442,1.8033347096393704,18.766903689571027,40.745753768053675,1.6115891256571508,0.32376165076541596,-0.03605175790048776,0.19174558398221953
217.0,2.17,23.214827714100608,4.665738715737968,-0.3710307034940651,40.27119359226363,-0.09817678858890581,1.8839486123226006,18.830353367020496,40.93456997111664,1.6166555037562556,4.384474347080111,-0.6633763788530089,0.26729310856634503
218.0,2.18,22.569650719056426,4.563433597773462,-0.5310175683323503,41.3459210709253,0.7468542544749183,1.6751243947167869,18.893803044469966,41.1233861741796,1.6217218818553607,3.6758476745864606,0.22253489674569948,0.053402512861426166
219.0,2.19,20.478877252641485,-0.11531223624297368,-0.15658431005856938,41.61010697102755,0.3214013174334651,1.8691989863570815,18.95725272191944,41.31220237724256,1.6267882599544654,1.5216245307220468,0.2979045937849847,0.24241072640261607
220.0,2.2,22.724743197300192,4.496569610707228,-0.07034185022111994,40.770035666561746,0.09669982037417223,1.8288581281829348,19.020702399368908,41.50101858030553,1.6318546380535706,3.7040407979312846,-0.7309829137437802,0.19700349012936424
221.0,2.21,22.593632682664634,4.962925305457067,-0.34584014175679234,42.00978022968933,0.8475075108198505,1.9206365650916553,19.084152076818377,41.68983478336849,1.6369210161526753,3.5094806058462567,0.319945446320844,0.28371554893898
222.0,2.22,23.848047381233794,4.947023007610442,-0.5414537333340534,41.14364807082455,-0.1228206181174207,1.7912807199199405,19.14760175426785,41.87865098643145,1.6419873942517804,4.700445626965944,-0.7350029156069056,0.14929332566816012
223.0,2.23,23.289392013596167,4.685351304881427,-0.12906109932026327,41.57121474486009,0.4368514995548234,1.6998286727806178,19.21105143171732,42.067467189494415,1.6470537723508851,4.078340581878848,-0.4962524446343224,0.05277490042973265
224.0,2.24,23.323975506513868,5.455250913458578,-0.569625575076521,42.432725799742215,0.7005672470872476,1.7321264929005544,19.274501109166792,42.25628339255738,1.6521201504499898,4.049474397347076,0.17644240718483672,0.0800063424505646
225.0,2.25,24.520397835664255,4.637562324397644,-0.5147249483193973,44.44138427052606,-0.3482186268939287,1.7896212293186244,19.33795078661626,42.44509959562034,1.657186528549095,5.182447049047994,1.9962846749057164,0.13243470076952946
226.0,2.26,22.881508959169757,4.622243889475229,-0.2883868560861055,42.56160286694229,0.46321611121505507,1.8558751682710066,19.40140046406573,42.6339157986833,1.6622529066481997,3.4801084951040266,-0.07231293174100983,0.19362226162280693
227.0,2.27,23.136114259728878,4.904787639036997,-0.39117650596285797,43.904816991177185,0.5322725421207983,2.0031446302601252,19.464850141515203,42.82273200174626,1.6673192847473044,3.6712641182136743,1.0820849894309248,0.33582534551282084
228.0,2.28,24.74573088892179,4.972507639161913,-0.3020555063724246,41.70794544240225,-0.24680098934753283,1.9192994758311883,19.528299818964673,43.01154820480922,1.6723856628464095,5.217431069957119,-1.3036027624069746,0.24691381298477877
229.0,2.29,23.608335045551062,4.856521385262268,-0.216391942010353,42.98336185889669,0.31302424649523214,1.837829604412841,19.591749496414145,43.200364407872186,1.6774520409455143,4.0165855491369165,-0.21700254897549343,0.1603775634673268
230.0,2.3,20.484714287531983,-0.3059856608945042,-0.4130927948846113,43.514498585292124,0.45775225501424954,1.9893037641523472,19.655199173863615,43.38918061093515,1.682518419044619,0.8295151136683678,0.12531797435697456,0.30678534510772826
231.0,2.31,24.849667503004643,5.170778091454627,-0.585490374326114,43.70088990899078,0.5439457098524056,1.9460036460212191,19.718648851313088,43.57799681399811,1.6875847971437241,5.131018651691555,0.1228930949926692,0.258418848877495
232.0,2.32,24.062826877067653,5.367095015682272,-0.5344534521470906,43.354180962431,0.21476950794083774,1.8026530495369388,19.782098528762557,43.766813017061075,1.6926511752428288,4.280728348305097,-0.41263205463007324,0.11000187429411001
233.0,2.33,23.915053939240636,5.103110539751111,-0.6921532366987473,43.55163914543324,0.26885050164188934,1.9541495612413098,19.84554820621203,43.95562922012404,1.697717553341934,4.069505733028606,-0.40399007469079606,0.2564320078993758
234.0,2.34,25.333315514172103,4.864311997910101,-0.4704055482946727,44.45592894914213,0.0915372339806312,1.8858352318278877,19.9089978836615,44.144445423187,1.7027839314410387,5.424317630510604,0.31148352595512563,0.18305130038684903
235.0,2.35,24.049528838809618,5.253488159529708,-0.4383000101548029,44.247114190391656,0.2853769774270194,1.9291268765010405,19.97244756111097,44.333261626249964,1.7078503095401438,4.077081277698646,-0.08614743585830809,0.2212765669608967
236.0,2.36,24.008422280670032,5.390895522888356,-0.5291914377336107,46.14575146741196,-0.04384520011657465,2.126608898294807,20.03589723856044,44.52207782931293,1.7129166876392485,3.9725250421095915,1.623673638099035,0.4136922106555585
237.0,2.37,25.509280306505314,5.32827921539906,-0.26814492408871876,45.73311303601176,0.16946646105571858,2.024010272310222,20.099346916009914,44.71089403237589,1.7179830657383532,5.4099333904954,1.0222190036358683,0.30602720657186877
238.0,2.38,24.726783166833748,5.142249696841656,-0.09102177499935184,44.26271409782108,0.5507231598182634,1.8899951250140472,20.162796593459383,44.899710235438846,1.7230494438374584,4.563986573374365,-0.6369961376177642,0.1669456811765888
239.0,2.39,24.140007927943977,5.254179092000587,-0.6287099472014501,43.96779672620002,0.14528373167228809,1.9745434577474947,20.226246270908856,45.088526438501816,1.728115821936563,3.9137616570351206,-1.1207297123017952,0.24642763581093163
240.0,2.4,21.957435557474433,-0.601770773036649,-0.21687883348712306,45.84672542937506,0.46693979939074015,1.8597333629916892,20.289695948358325,45.27734264156477,1.7331822000356678,1.6677396091161079,0.5693827878102908,0.12655116295602142
241.0,2.41,25.418607562272257,5.999540756049998,-0.11420950195948681,45.64875721004606,0.3298443284340887,1.9027548675498964,20.353145625807798,45.46615884462774,1.738248578134773,5.065461936464459,0.18259836541831476,0.16450628941512346
242.0,2.42,25.717429347945636,3.8339376516406682,-0.9235354043295619,45.72218719418153,0.2474764084702988,2.0392017651185204,20.416595303257267,45.6549750476907,1.7433149562338777,5.300834044688369,0.06721214649083151,0.2958868088846427
243.0,2.43,22.29618055229594,-0.5039248638941657,-0.16910922911786974,46.5885730712212,0.31828195847483465,2.06825701281056,20.480044980706737,45.84379125075367,1.7483813343329828,1.8161355715892036,0.74478182046753,0.31987567847757736
244.0,2.44,25.551665825189676,6.150014184823957,0.23031078161612978,46.27421110969975,-0.10363595587930297,2.0370938317062666,20.54349465815621,46.032607453816624,1.7534477124320875,5.008171167033467,0.24160365588312516,0.28364611927417904
245.0,2.45,24.95143324682365,5.486693946153943,-0.6715305184345097,48.95224987421228,0.5492638342444125,1.9699876241340948,20.60694433560568,46.221423656879594,1.7585140905311927,4.344488911217972,2.730826217332684,0.2114735336029021
246.0,2.46,28.014391856559406,0.14753511781809375,0.13347675968777814,46.24994947281757,0.43252644484856534,1.9984976294941244,20.670394013055148,46.41023985994255,1.7635804686302974,7.343997843504258,-0.16029038712498078,0.23491716086382697
247.0,2.47,27.172956018729394,5.4514852053605845,-0.3390577080930717,46.37436016252243,-0.20667984812676518,2.0826110728204297,20.73384369050462,46.59905606300552,1.7686468467294025,6.439112328224773,-0.2246959004830913,0.31396422609102714
248.0,2.48,25.82577251784543,5.901170270487731,-0.38321039484215713,45.86589038833156,-0.1481512155865326,1.8003480463694195,20.79729336795409,46.787872266068476,1.7737132248285072,5.028479149891339,-0.9219818777369184,0.026634821540912235
249.0,2.49,25.918052362362186,5.847016104899472,-1.0435824797846214,47.05437015628768,0.71799093482536,2.0634971379853795,20.860743045403563,46.976688469131446,1.778779602927612,5.057309316958623,0.07768168715623602,0.28471753505776753
250.0,2.5,23.071821893480564,-0.3722813595451315,0.1371956884146296,48.108832767649176,0.7054387084617562,2.094750024099855,20.924192722853032,47.1655046721944,1.783845981026717,2.147629170627532,0.943328095454774,0.3109040430731378
251.0,2.51,26.246150335922533,5.893463113192468,0.4061021776246805,47.76525117798021,-0.46951246210359326,2.0227028129879256,20.9876424003025,47.35432087525736,1.7889123591258218,5.258507935620031,0.41093030272285347,0.23379045386210384
252.0,2.52,25.691459645390022,5.621437676641675,-0.8312876537696693,46.2984888712052,-0.22879100329124322,2.0030118963791868,21.051092077751974,47.54313707832033,1.7939787372249265,4.640367567638048,-1.2446482071151266,0.20903315915426024
253.0,2.53,23.765240621607134,-0.06679127144928589,-0.18560100282336822,48.02152038057705,0.8228205577020691,2.177770946057407,21.114541755201444,47.731953281383284,1.7990451153240312,2.6506988664056905,0.2895670991937678,0.3787258307333756
254.0,2.54,23.788350491422424,-0.6173840653262993,0.2654181540529643,48.66511024238894,0.6625665964550758,2.0727820773946317,21.177991432650916,47.920769484446254,1.8041114934231364,2.6103590587715075,0.7443407579426875,0.26867058397149535
255.0,2.55,26.12774635638481,5.32644517793508,-0.3243237355929517,46.743547093258236,0.025869863729513335,2.0694203854751816,21.241441110100386,48.10958568750921,1.809177871522241,4.886305246284426,-1.3660385942509734,0.2602425139529405
256.0,2.56,27.078051660757065,6.01711828967233,-0.8641957707977488,49.37503966187786,0.3176109655732918,2.0979729805495073,21.30489078754986,48.29840189057218,1.8142442496213462,5.773160873207207,1.076637771305677,0.2837287309281611
257.0,2.57,24.25863654598663,-0.05438583750829912,0.15210674117583944,48.34896248428298,0.20851275830830324,2.0972419653299426,21.368340464999328,48.487218093635136,1.819310627720451,2.8902960809873015,-0.1382556093521572,0.2779313376094916
258.0,2.58,27.186027892328124,6.477264329485068,0.050526767011029546,49.379207106318766,-0.4697648429060744,1.9901211807673589,21.4317901424488,48.676034296698106,1.824377005819556,5.754237749879323,0.7031728096206606,0.1657441749478028
259.0,2.59,26.44393335628811,5.547312593495711,-0.7930351503172335,48.38887119002128,0.2169448320240002,1.8898422077948298,21.49523981989827,48.86485049976106,1.8294433839186608,4.94869353638984,-0.47597930973978464,0.06039882387616902
260.0,2.6,27.70473359261585,5.813691263238968,-1.2840543768627983,49.44142594493431,0.6990433942395533,1.9145580051515556,21.558689497347743,49.05366670282403,1.834509762017766,6.146044095268106,0.38775924211027757,0.08004824313378966
261.0,2.61,25.68677920797395,1.5721964400999635,0.12310609392660103,53.33515241430767,0.45599429854139406,1.9848687226670727,21.622139174797212,49.24248290588699,1.8395761401168707,4.064640033176737,4.092669508420684,0.14529258255020205
262.0,2.62,27.470180061387353,6.641004005253049,0.3218922214630022,47.303736851332765,-0.030728448388975038,2.0458221341174947,21.68558885224668,49.43129910894996,1.8446425182159754,5.784591209140672,-2.1275622576171926,0.20117961590151934
263.0,2.63,28.47074879975894,6.730189614505466,-0.9137713919927627,50.59810235747631,-0.10837793656381772,2.1168284796852093,21.749038529696154,49.62011531201291,1.8497088963150805,6.721710270062786,0.9779870454633937,0.26711958337012875
264.0,2.64,15.303002157670784,6.608633742499345,-0.3665155052033754,50.78215467164647,-0.059150514841463046,2.1502666614483568,21.812488207145623,49.80893151507588,1.8547752744141852,-6.509486049474839,0.9732231565705902,0.29549138703417155
265.0,2.65,24.027365566936552,-0.9338520203844365,-0.06960437547321728,49.30042446008732,0.30750943307470135,2.1778592055088355,21.875937884595093,49.99774771813884,1.85984165251329,2.1514276823414598,-0.6973232580515187,0.31801755299554557
266.0,2.66,27.822588102033745,6.837896007116121,-0.23879582117300682,48.1995233411634,0.3328887375005313,2.0758132422018845,21.939387562044566,50.1865639212018,1.864908030612395,5.883200539989179,-1.9870405800384034,0.21090521158948938
267.0,2.67,28.811741240312763,6.385274274558518,-1.071401503099833,50.46218190079905,0.3251207863468477,2.0964655741597364,22.002837239494035,50.375380124264765,1.8699744087114998,6.808904000818728,0.086801776534287,0.22649116544823666
268.0,2.68,16.041575070630277,5.986830031806554,0.0793527002140632,50.1496053683185,-0.20041902688861649,2.0469917441117342,22.066286916943508,50.56419632732773,1.875040786810605,-6.024711846313231,-0.4145909590092316,0.1719509573011293
269.0,2.69,24.0076302813272,-0.4597974894366713,0.6939815239818588,49.57580719182613,0.37907479347927275,1.8905406445653457,22.129736594392977,50.75301253039069,1.8801071649097096,1.8778936869342218,-1.177205338564562,0.010433479655636013
270.0,2.7,27.902197155614807,6.604332839051226,-0.03566813518915322,52.72800684600288,0.46642623787729187,1.9443683978860484,22.19318627184245,50.941828733453654,1.8851735430088148,5.709010883772358,1.7861781125492229,0.05919485487723364
271.0,2.71,27.995010063417237,5.921790311252013,-0.8912760526351806,52.35162374701693,0.3729057995985155,2.190765942944844,22.25663594929192,51.13064493651662,1.8902399211079195,5.7383741141253175,1.2209788105003128,0.30052602183692434
272.0,2.72,16.432050628465454,6.225380978276431,-0.05767900662149514,51.717668324435984,0.22981202421858812,1.981793329506798,22.320085626741392,51.31946113957958,1.8953062992070242,-5.888034998275938,0.3982071848564033,0.08648703029977378
273.0,2.73,25.33340242374268,0.05759272560744834,0.4775902809292745,49.53603343988965,0.554386950657996,1.8742330419879025,22.38353530419086,51.50827734264254,1.9003726773061294,2.9498671195518185,-1.9722439027528935,-0.026139635318226828
274.0,2.74,28.257315857425542,6.73268662153294,-0.11165757887577105,51.70295423682801,0.42968604418206346,2.0815875350644832,22.446984981640334,51.697093545705506,1.905439055405234,5.810330875785208,0.005860691122506978,0.17614847965924918
275.0,2.75,28.672240162063254,5.662078762418375,-1.154197800460082,51.73993274664293,0.33012742627135966,2.190255386296334,22.510434659089803,51.88590974876846,1.9105054335043388,6.161805502973451,-0.14597700212553377,0.2797499527919953
276.0,2.76,28.85550576033956,5.667349639405871,-1.0867993256104718,53.09979971128186,-0.06924458564857844,2.3369915243243082,22.573884336539273,52.074725951831425,1.915571811603444,6.2816214238002885,1.0250737594504358,0.4214197127208643
277.0,2.77,24.940893412668352,-0.4310038748452737,0.22512965620213235,50.71324246632541,0.7095694126110225,2.216695061244691,22.637334013988745,52.26354215489439,1.9206381897025486,2.3035593986796066,-1.5502996885689768,0.29605687154214255
278.0,2.78,26.031519195206776,-0.0331312568437821,0.06745486234298187,52.76937284158574,0.5575503054029555,2.0545494445987185,22.700783691438215,52.45235835795735,1.9257045678016533,3.3307355037685618,0.317014483628391,0.12884487679706513
279.0,2.79,29.398395017714282,6.64787285620907,-0.764666792436256,53.25823562881204,0.551261984100165,2.233598175499668,22.764233368887687,52.641174561020314,1.9307709459007585,6.634161648826595,0.6170610677917239,0.3028272295989094
280.0,2.8,29.663967295269774,6.018562014063833,-0.9321397376563928,53.34014635704005,0.5685555366949931,2.1439683590192686,22.827683046337157,52.82999076408328,1.9358373239998632,6.836284248932618,0.5101555929567709,0.20813103501940544
281.0,2.81,16.275502320821424,6.062001764814856,0.4056673798266419,51.33955242554169,0.6891955384161522,2.0309521706377667,22.89113272378663,53.01880696714624,1.9409037020989683,-6.6156304029652055,-1.67925454160455,0.09004846853879833
282.0,2.82,26.294326301765807,0.0023547962925658367,0.28783733829466823,53.48225232297078,0.5882198081178164,2.256980616881506,22.9545824012361,53.2076231702092,1.945970080198073,3.339743900529708,0.27462915276157673,0.3110105366834328
283.0,2.83,29.548736241250396,7.779553747559919,-0.04657884808265843,53.19696507198479,0.6127607263889119,2.184390751044678,23.01803207868557,53.396439373272166,1.9510364582971782,6.530704162564824,-0.1994743012873741,0.23335429274749986
284.0,2.84,29.76855132324482,6.365844504520077,-1.403702441268675,52.90793745247285,0.05780420971095686,2.1993998405324047,23.08148175613504,53.58525557633513,1.956102836396283,6.687069567109781,-0.6773181238622783,0.24329700413612176
285.0,2.85,16.303971644175636,6.450203033063102,0.2425786331736964,51.687143899564354,0.365734540826596,1.8202210036944015,23.144931433584514,53.77407177939809,1.9611692144953876,-6.840959789408878,-2.0869278798337376,-0.14094821080098607
286.0,2.86,27.010523970115923,-0.7483261329370159,0.509278915555323,54.14595420535659,0.4632227549237051,1.7602793582254546,23.208381111033983,53.962887982461055,1.9662355925944928,3.8021428590819397,0.18306622289553331,-0.2059562343690382
287.0,2.87,26.53633527289672,0.5502786533412584,0.3020092411317637,55.750290070483096,0.7720201032466681,2.0275003228120827,23.271830788483452,54.15170418552402,1.9713019706935975,3.264504484413269,1.5985858849590784,0.05619835211848523
288.0,2.88,30.412981220756755,6.436398361634233,-0.9164453151334984,55.315724574522555,0.12350719131803209,2.124051223220476,23.335280465932925,54.340520388586974,1.9763683487927022,7.07770075482383,0.9752041859355813,0.14768287442777384
289.0,2.89,29.788076583688817,6.572618699405695,-1.0915766736258827,52.98531204070809,-0.1595986247415759,2.252330685887185,23.398730143382394,54.529336591649944,1.9814347268918073,6.389346440306422,-1.544024550941856,0.27089595899537766
290.0,2.9,16.808602825894386,7.044592863077715,0.2908137124832727,54.071661953706744,0.32322363672835747,2.1548988733493064,23.462179820831864,54.7181527947129,1.986501104990912,-6.6535769949374775,-0.6464908410061554,0.16839776835839437
291.0,2.91,26.297988586518837,0.10042070816852679,0.11964046295745184,55.858666321481316,0.30583188276339696,2.062276262724584,23.525629498281337,54.90696899777587,1.9915674830900172,2.7723590882375007,0.9516973237054458,0.0707087796345669
292.0,2.92,26.226317092604994,1.1813808001955879,0.19211053888085752,55.665068704197466,0.4587098537470015,2.2430408247116342,23.589079175730806,55.095785200838826,1.996633861189122,2.637237916874188,0.5692835033586405,0.24640696352251235
293.0,2.93,30.326667849987796,5.8796547380728414,-1.3693958900355123,55.69761870233825,-0.19433821804057266,2.332642250780379,23.65252885318028,55.284601403901796,2.001700239288227,6.6741389968075175,0.41301729843645063,0.33094201149215197
294.0,2.94,30.866009081907958,6.778373676048807,-0.7559092494327463,54.98629035060663,0.16821417058712537,2.174522777736677,23.715978530629748,55.47341760696475,2.0067666173873318,7.15003055127821,-0.4871272563581215,0.16775616034934515
295.0,2.95,17.576809252150607,7.5146647980589405,0.2947797296451453,57.01087279033669,0.39133802396122847,2.202559093639508,23.77942820807922,55.66223381002772,2.0118329954864365,-6.202618955928614,1.3486389803089693,0.19072609815307162
296.0,2.96,26.724779074902738,1.5054452512890928,0.40322457990287996,56.395319750835725,1.291878547627441,2.146574285870659,23.84287788552869,55.85105001309068,2.0168993735855416,2.881901189374048,0.5442697377450472,0.1296749122851173
297.0,2.97,26.05362336482096,0.30280185522965536,0.4007321111356115,56.6881225383043,0.34094090263757426,2.217765034535796,23.906327562978163,56.03986621615365,2.0219657516846463,2.147295801842798,0.648256322150651,0.19579928285114967
298.0,2.98,30.424167849766196,6.396154873961307,-1.3302615776714586,53.757243090252224,0.3821449269471755,2.575663064689825,23.969777240427632,56.228682419216604,2.027032129783751,6.454390609338564,-2.4714393289643795,0.5486309349060741
299.0,2.99,31.480957949155634,6.617116504846609,-0.8940466392486908,54.11521700529586,0.12668505536457975,2.3525874132960087,24.033226917877105,56.417498622279574,2.032098507882856,7.447731031278529,-2.302281616983713,0.32048890541315256
300.0,3.0,18.155280432629223,7.43478512362096,0.5970190365680811,58.15298357115178,0.5006626297992446,2.3103665097678636,24.096676595326574,56.60631482534253,2.037164885981961,-5.941396162697352,1.5466687458092494,0.27320162378590274
301.0,3.01,29.29247493851183,1.624495448076761,0.2527045285263517,57.466873337850934,0.9365932557671672,2.2423601889226403,24.160126272776044,56.795131028405486,2.0422312640810656,5.132348665735787,0.6717423094454489,0.20012892484157474
302.0,3.02,26.527918448107286,2.186800614918149,0.2240092707804342,58.974329300880676,0.7534722973485176,2.5223024966227703,24.223575950225516,56.983947231468456,2.0472976421801707,2.3043424978817697,1.9903820694122203,0.47500485444259954
303.0,3.03,30.559169138909,6.646376364378408,-1.6447800694519223,54.37634373650724,0.15710008574015585,2.6184948495348213,24.287025627674986,57.17276343453141,2.0523640202792754,6.272143511234013,-2.796419698024174,0.5661308292555458
304.0,3.04,31.764583185348986,6.6860428960630385,-1.1607469491192102,55.969400633597736,-0.38819584155640585,2.1225712852154275,24.35047530512446,57.36157963759438,2.0574303983783806,7.4141078802245275,-1.3921790039966453,0.06514088683704689
305.0,3.05,18.230823132768357,7.651457495433851,0.3042442442541228,58.736360415085514,-0.21948085937045703,1.9750784242451263,24.413924982573928,57.55039584065734,2.0624967764774853,-6.1831018498055705,1.1859645744281764,-0.08741835223235905
306.0,3.06,28.295197677543605,1.0363612891902558,0.4073363336309435,60.49811540619491,0.1396992226239259,2.1388817418428223,24.4773746600234,57.73921204372031,2.0675631545765905,3.8178230175202046,2.758903362474605,0.07131858726623186
307.0,3.07,27.6736461405111,-0.2401016882401958,0.31837662773893216,56.99884936514249,0.6973416355021334,2.3810078210983447,24.54082433747287,57.92802824678326,2.072629532675695,3.1328218030382295,-0.9291788816407731,0.3083782884226496
308.0,3.08,32.432991271297574,7.079469959974295,-0.8678144000713506,56.16689421996437,1.535745459071117,2.516560631692822,24.604274014922343,58.11684444984623,2.0776959107748,7.828717256375231,-1.949950229881864,0.4388647209180223
309.0,3.09,33.41628346221798,6.817824944962016,-0.5669272960640539,58.32141793469143,0.38129142110109565,2.408143859102026,24.667723692371812,58.30566065290919,2.082762288873905,8.748559769846171,0.01575728178224267,0.32538157022812086
310.0,3.1,18.455482873572002,7.302022486362999,0.4909738617807661,58.56808275332319,0.1398704102012213,2.005802331330685,24.731173369821285,58.49447685597216,2.0878286669730097,-6.2756904962492825,0.07360589735102963,-0.08202633564232453
311.0,3.11,29.02818611018495,-0.0028519648061481693,0.3832045632359339,59.859640077756495,0.061206410726115046,2.104061503759213,24.794623047270754,58.683293059035115,2.0928950450721144,4.233563062914197,1.1763470187213798,0.011166458687098757
312.0,3.12,28.76481933489361,-0.19291444997003263,0.13590606490669518,57.398881607665636,0.4189988001552654,2.2145457215896394,24.858072724720223,58.872109262098085,2.0979614231712196,3.9067466101733856,-1.4732276544324492,0.11658429841841977
313.0,3.13,26.787379945823346,-0.20679837333183537,-0.4552906913965182,57.2239779916204,1.1934946872007404,2.4138655722868934,24.921522402169696,59.06092546516104,2.1030278012703243,1.8658575436536502,-1.83694747354064,0.31083777101656906
314.0,3.14,33.63124064968089,7.23868347280896,-1.3628156653332988,57.607891588072924,1.1679128040449602,2.618331311057376,24.984972079619165,59.249741668224004,2.1080941793694294,8.646268570061725,-1.6418500801510802,0.5102371316879464
315.0,3.15,18.688196992395238,7.360940090460026,0.11790920396144604,61.74956759850848,0.8002001077104338,2.3628571426342506,25.048421757068635,59.43855787128697,2.113160557468534,-6.360224764673397,2.31100972722151,0.24969658516571647
316.0,3.16,20.998836477691537,8.643216892548763,1.1347684460910117,61.84949032626486,0.24107018068692995,2.3561317365081242,25.111871434518108,59.62737407434993,2.1182269355676393,-4.113034956826571,2.222116251914933,0.23790480094048494
317.0,3.17,29.372089011089283,1.2329753994713526,0.6232295334549434,61.0774737043587,-0.026497046376449757,2.1239787768231264,25.175321111967577,59.81619027741289,2.123293313666744,4.196767899121706,1.261283426945809,0.0006854631563824043
318.0,3.18,34.19070287044591,0.8940709825915364,0.7463928044666827,58.984109071893634,0.27823052513553614,2.2547303345364917,25.23877078941705,60.005006480475856,2.128359691765849,8.951932081028861,-1.020897408582222,0.12637064277064258
319.0,3.19,33.31372593197464,7.717568853607257,-1.2704248109088208,58.84167812960588,0.6326335007712371,2.561867950981047,25.30222046686652,60.19382268353882,2.133426069864954,8.011505465108119,-1.3521445539329378,0.42844188111609327
320.0,3.2,33.58188984718794,7.248720178944265,-0.8331314560166796,59.61472607723709,0.34516322794743576,2.324311617401717,25.36567014431599,60.38263888660178,2.1384924479640586,8.216219702871946,-0.7679128093646952,0.18581916943765853
321.0,3.21,18.627232167834713,8.836984578288925,0.6175035200405504,60.25363049298995,-0.02583462393840766,2.2581281331137864,25.42911982176546,60.571455089664745,2.1435588260631637,-6.8018876539307485,-0.31782459667479657,0.11456930705062263
322.0,3.22,30.028281455392083,0.6982212515322421,0.7994225891449505,61.727821794481095,-0.0026932410692076052,2.29827968173556,25.492569499214934,60.76027129272771,2.1486252041622684,4.535711956177149,0.9675505017533865,0.14965447757329153
323.0,3.23,28.88839821579393,1.630509594257603,0.18473392415037732,59.311610928468625,0.6021643186637936,2.2105193896852766,25.556019176664403,60.94908749579067,2.153691582261373,3.3323790391295276,-1.6374765673220466,0.056827807423903476
324.0,3.24,29.9521218670387,3.310632829706206,0.04168604780427184,62.49903560563718,0.20829102854212997,2.472874212960234,25.619468854113876,61.137903698853634,2.1587579603604783,4.332653012924823,1.3611319067835481,0.3141162525997556
325.0,3.25,34.52727685121338,7.712382171154286,-1.6057080437485718,61.24995870599032,0.6202789657582132,2.5454382098106576,25.682918531563345,61.3267199019166,2.163824338459583,8.844358319650034,-0.07676119592627373,0.3816138713510746
326.0,3.26,33.83005705325789,7.225361171843674,-1.027578570387373,61.086948817990894,0.6269536580101739,2.181596261677925,25.746368209012815,61.51553610497955,2.1688907165586877,8.083688844245074,-0.4285872869886589,0.012705545119237271
327.0,3.27,18.866371642959002,8.606120035704302,0.6984316690588589,62.9893412690805,0.6264056450728721,2.2321360703767934,25.809817886462287,61.704352308042516,2.173957094657793,-6.943446243503285,1.2849889610379819,0.05817897571900055
328.0,3.28,30.25112207154053,-1.3906458639767045,0.4782218353714418,64.0519398806806,-0.23732816523187675,2.459664951771526,25.873267563911757,61.89316851110548,2.1790234727568976,4.377854507628772,2.1587713695751276,0.28064147901462855
329.0,3.29,29.48664967677962,0.2695158241491741,0.2659397833427752,61.58857004352089,0.14356613714355104,2.4628321383242717,25.93671724136123,62.08198471416844,2.1840898508560027,3.549932435418391,-0.49341467064755307,0.278742287468269
330.0,3.3,29.358306266423792,-0.0990748353521265,0.3966941713021203,62.86319510778523,0.23539587396506165,2.370006319540033,26.0001669188107,62.270800917231405,2.1891562289551074,3.3581393476130934,0.5923941905538257,0.18085009058492574
331.0,3.31,35.30367893158764,7.602739083351281,-1.7010347209521701,63.103656699074534,-0.07965010270637422,2.456859633841531,26.06361659626017,62.45961712029437,2.1942226070542126,9.240062335327469,0.6440395787801663,0.2626370267873184
332.0,3.32,35.20571637272107,7.997648963466798,-0.49569114103266954,63.16551218193208,0.44937888957184613,1.9808256554671755,26.12706627370964,62.64843332335733,2.1992889851533173,9.07865009901143,0.5170788585747488,-0.2184633296861418
333.0,3.33,20.445246842312564,8.258289069772106,1.0766995639770045,63.18603315148187,0.4489896986751674,2.0246449321417095,26.190515951159114,62.837249526420294,2.204355363252422,-5.74526910884655,0.34878362506157856,-0.1797104311107125
334.0,3.34,19.8382545890844,7.861937404529037,0.5923119844071464,61.38263454960557,1.4200647606262053,2.3589673059572034,26.253965628608583,63.02606572948326,2.209421741351527,-6.415711039524183,-1.6434311798776875,0.14954556460567625
335.0,3.35,29.798057135195794,0.5577991391709829,0.30955079677405367,60.50993105126533,0.4459013539146228,2.2686673113603617,26.317415306058056,63.21488193254622,2.214488119450632,3.4806418291377383,-2.7049508812808867,0.05417919190972986
336.0,3.36,28.82332621268696,1.2154435654416837,-0.00996765174733357,62.92845018439585,-0.17573310294865938,2.2317087776903293,26.380864983507525,63.40369813560918,2.2195544975497365,2.442461229179436,-0.4752479512133334,0.012154280140592721
337.0,3.37,29.784624758258897,0.0518015584263715,-1.0543647358146682,64.35864984508873,0.5294053445284761,2.1436941948917996,26.444314660956994,63.592514338672146,2.2246208756488417,3.340310097301902,0.7661355064165889,-0.08092668075704212
338.0,3.38,35.97314451584335,8.632073380241703,-1.1775696953081853,63.912803294696445,0.1313586959534709,1.930560751842084,26.507764338406467,63.7813305417351,2.2296872537479464,9.465380177436884,0.13147275296134353,-0.29912650190586243
339.0,3.39,20.370536310242613,9.120227406671646,0.4806517008975041,65.1569088104663,0.3091526833939477,2.0149304771353225,26.571214015855936,63.970146744798065,2.2347536318470516,-6.200677705613323,1.1867620656682405,-0.21982315471172909
340.0,3.4,20.081012951303084,8.203936742942215,-0.08734108186071374,62.18527475348338,0.7101794498290097,2.124374618513927,26.634663693305406,64.15896294786104,2.2398200099461563,-6.553650742002322,-1.9736881943776652,-0.1154453914322291
341.0,3.41,31.524841114427286,0.028209867985821802,0.38639786845753754,62.00535417700139,1.3675774208332403,2.6092763891104753,26.69811337075488,64.347779150924,2.2448863880452614,4.826727743672407,-2.3424249739226113,0.3643900010652139
342.0,3.42,33.42960044390144,-0.7204561098680002,0.20888132036964868,63.960291941136354,0.5241450090557014,2.6756523391456835,26.761563048204348,64.53659535398697,2.249952766144366,6.668037395697095,-0.5763034128506135,0.42569957300131733
343.0,3.43,31.06925092596623,0.2090477689412103,-0.8513660273188426,66.67605150080065,0.6732969798979963,2.7591112920672285,26.82501272565382,64.72541155704992,2.255019144243471,4.2442382003124095,1.9506399437507298,0.5040921478237577
344.0,3.44,36.80466576638905,8.529082892136579,-1.4096406458919672,65.84979064612322,0.4865824894135506,2.3033972810837886,26.88846240310329,64.9142277601129,2.260085522342576,9.91620336328576,0.9355628860103309,0.043311758741212625
345.0,3.45,36.892255201656816,8.366184001999613,-0.3275640957176134,66.80831866864634,0.9756248725170931,2.105692771007327,26.951912080552763,65.10304396317585,2.2651519004416807,9.940343121104053,1.7052747054704867,-0.15945912943435347
346.0,3.46,21.027229129376064,9.578354533152785,0.7742419706449452,63.35706790472384,1.3024202519130434,2.4370920991506733,27.015361758002232,65.29186016623882,2.2702182785407854,-5.988132628626168,-1.9347922615149784,0.16687382060988787
347.0,3.47,20.381534151310877,8.637872763389346,0.4551653272376353,63.29760739139812,0.9157845414092626,2.4460709002675194,27.078811435451705,65.48067636930178,2.2752846566398905,-6.697277284140828,-2.183068977903659,0.17078624362762884
348.0,3.48,33.4973191347068,2.6817725303732307,-0.15381436852109207,68.09887004007645,0.1918846153912073,2.4606738827584693,27.142261112901174,65.66949257236475,2.2803510347389953,6.355058021805625,2.429377467711703,0.18032284801947407
349.0,3.49,31.410319506684633,0.4400095750988402,0.1604967720775265,66.65725914086238,0.8998460973818743,2.517372462508965,27.205710790350647,65.8583087754277,2.2854174128381004,4.204608716333986,0.7989503654346777,0.23195504967086444
350.0,3.5,31.630318191355954,0.49895586602838354,-1.0153024475255639,66.096064286107,0.7026545503090822,2.441259560271613,27.269160467800116,66.04712497849066,2.290483790937205,4.361157723555838,0.04893930761633669,0.15077576933440806
351.0,3.51,38.545923723485096,8.454081218506932,-0.9500974680774644,67.63648913615164,0.04257485010543176,2.2966020462323016,27.332610145249586,66.23594118155363,2.29555016903631,11.21331357823551,1.4005479545980108,0.0010518771959917572
352.0,3.52,20.93105337616343,10.934837123437745,0.5751717387835036,64.25015677031924,0.8453981344607284,1.9040387566857984,27.39605982269906,66.42475738461658,2.300616547135415,-6.465006446535629,-2.174600614297347,-0.3965777904496166
353.0,3.53,21.135191551185535,10.370254012902212,-0.08772110175419676,64.76789719735324,0.5703824442813564,2.071570789791875,27.459509500148528,66.61357358767955,2.3056829252345197,-6.324317948962992,-1.845676390326318,-0.23411213544264475
354.0,3.54,21.20195896857547,10.38448797244757,0.055003303456399526,65.33827535627667,0.6038234219481627,2.22070378096779,27.522959177598,66.80238979074251,2.310749303333625,-6.321000209022529,-1.4641144344658414,-0.09004552236583496
355.0,3.55,31.757162337877656,0.4593409072081139,-0.2312599570533429,68.70433566546899,0.7414053895826568,2.1529936809789554,27.58640885504747,66.99120599380548,2.3158156814327295,4.170753482830186,1.7131296716635092,-0.16282200045377415
356.0,3.56,30.51133406805796,0.975469428937949,-0.03215695821023138,68.43738903005308,1.3367543921434648,2.2834234541041756,27.649858532496943,67.18002219686844,2.3208820595318342,2.8614755355610164,1.2573668331846477,-0.037458605427658664
357.0,3.57,31.830019205206593,0.6520277731066894,-0.7764645771418826,68.19984593841947,0.8876559450113793,2.535177668270106,27.713308209946412,67.3688383999314,2.3259484376309394,4.116710995260181,0.8310075384880662,0.20922923063916654
358.0,3.58,38.507059890631574,7.758975756759209,-1.0571805128435257,69.17873200173793,-0.20590731865319095,2.5656202966460233,27.776757887395885,67.55765460299436,2.331014815730044,10.730302003235689,1.6210773987435658,0.23460548091597921
359.0,3.59,20.910913936666883,9.74563741858952,0.491814187236251,64.34666587706874,0.9665444724147526,2.387975969202528,27.840207564845354,67.74647080605733,2.336081193829149,-6.9292936281784705,-3.399804928988587,0.051894775373379165
360.0,3.6,21.65546787189726,8.690200440567024,0.4666985572287837,65.64812091125933,0.9982705922257619,2.699800168867175,27.903657242294827,67.93528700912029,2.341147571928254,-6.248189370397565,-2.287166097860961,0.35865259693892115
361.0,3.61,24.6822939690851,8.152950802197669,0.15796868467061612,67.47427745145075,-0.1528153308296117,2.5401263135970997,27.967106919744296,68.12410321218326,2.3462139500273587,-3.2848129506591945,-0.6498257607325115,0.19391236356974106
362.0,3.62,33.368701847021704,0.4765574435973743,-0.06511046472084925,69.65081657474822,-0.11857183083083064,2.128961680381727,28.030556597193765,68.31291941524621,2.351280328126464,5.338145249827939,1.3378971595020062,-0.22231864774473697
363.0,3.63,33.163154593669596,0.43424711055644577,0.3161094901529982,68.58943836254839,-0.17763886095763481,2.229400636785101,28.094006274643238,68.50173561830917,2.3563467062255685,5.0691483190263575,0.08770274423922331,-0.12694606944046738
364.0,3.64,32.97734175941279,1.6998878481662278,-0.41721102561028484,71.70970609804723,0.6308002960434684,2.105688158071465,28.157455952092707,68.69055182137214,2.3614130843246737,4.81988580732008,3.0191542766750956,-0.25572492625320864
365.0,3.65,32.853063161281604,-0.3364324431772163,-0.4639857213929645,69.59020720191876,1.2949676384297595,2.196067121257499,28.220905629542177,68.8793680244351,2.3664794624237784,4.632157531739427,0.7108391774836633,-0.17041234116627946
366.0,3.66,26.689917440256696,9.095282850561969,0.13742564533955876,65.96547730262331,0.5620136456486443,2.188203849054658,28.28435530699165,69.06818422749807,2.371545840522883,-1.5944378667349532,-3.1027069248747523,-0.18334199146822527
367.0,3.67,21.9801797438509,9.43948076766557,0.9178564525617369,66.41883780000538,0.9207535634099735,2.267073179386876,28.34780498444112,69.25700043056102,2.3766122186219882,-6.367625240590218,-2.8381626305556438,-0.10953903923511232
368.0,3.68,21.838214433514818,9.110929623541596,0.0857980890820501,68.33371657931254,0.10311321611683992,2.444469819520893,28.41125466189059,69.44581663362399,2.381678596721093,-6.573040228375774,-1.1121000543114548,0.0627912227998002
369.0,3.69,33.46590718379627,0.41326057937375393,-0.022292641839530312,70.81723386346876,-0.26730883895686913,2.3078175803092282,28.47470433934006,69.63463283668695,2.3867449748201977,4.9912028444562075,1.1826010267818106,-0.07892739451096942
370.0,3.7,32.35202331333061,1.0291301632351026,-0.1709107304827284,70.83159394338615,0.527862215632775,2.480565737107802,28.538154016789534,69.82344903974992,2.391811352919303,3.8138692965410783,1.0081449036362358,0.08875438418849901
371.0,3.71,32.359243341735066,0.6403680303021126,-0.10163101274603217,70.41554346197915,-0.23374122039839337,2.6509124990474824,28.601603694239003,70.01226524281287,2.3968777310184075,3.757639647496063,0.4032782191662818,0.2540347680290749
372.0,3.72,33.12018882394536,-0.22318278171053216,-0.2424152908941313,70.42616961521733,0.6247860530881706,2.4312302275908886,28.665053371688476,70.20108144587584,2.4019441091175127,4.4551354522568865,0.22508816934148967,0.02928611847337592
373.0,3.73,32.79229595708739,1.2025172511766549,-0.08111443296698988,67.99455506680127,2.1412030536024873,2.4257141754217044,28.728503049137945,70.3898976489388,2.4070104872166174,4.063792907949445,-2.3953425821375305,0.018703688205087055
374.0,3.74,21.43413826530873,10.315594595002095,1.1520606762739274,67.78792716568785,1.5363102870555596,2.28385100605119,28.791952726587418,70.57871385200177,2.4120768653157225,-7.357814461278689,-2.790786686313922,-0.12822585926453245
375.0,3.75,21.312281453905246,9.2359248658722,1.1446929743041387,68.93919247065124,1.2378641181658867,2.20665019852107,28.855402404036887,70.76753005506473,2.4171432434148272,-7.543120950131641,-1.8283375844134895,-0.2104930448937572
376.0,3.76,22.328695919100543,7.92577336168434,0.10774541621427244,71.1267047699233,0.5766892011708685,2.337599579766116,28.918852081486357,70.95634625812768,2.422209621513932,-6.590156162385814,0.17035851179561234,-0.08461004174781595
377.0,3.77,33.738656488214765,0.5282081744046013,0.2611531375675531,72.3586337182806,0.7011522968198194,2.4816316133287604,28.98230175893583,71.14516246119065,2.427275999613037,4.756354729278936,1.2134712570899495,0.05435561371572328
378.0,3.78,35.35789332760122,0.7828993513514605,-0.13670589967299557,75.27289515840063,0.25252118656707057,2.5386941182473914,29.0457514363853,71.3339786642536,2.432342377712142,6.312141891215919,3.9389164941470227,0.10635174053524965
379.0,3.79,34.767282909165395,0.5428045023541161,-0.5969044485769852,72.58873756773419,-0.21839397549174644,2.5051376523443385,29.10920111383477,71.52279486731658,2.4374087558112465,5.658081795330624,1.065942700417608,0.067728896533092
380.0,3.8,34.80457708482406,0.5387596107542133,-0.5472195952069909,69.0551669230826,1.1187449833671972,2.1504306640054622,29.17265079128424,71.71161107037953,2.4424751339103516,5.63192629353982,-2.656444147296938,-0.2920444699048894
381.0,3.81,22.340780221401477,0.8076813999364786,0.3135582004609268,69.72813483264467,1.8535528725035368,2.310900494616054,29.236100468733714,71.9004272734425,2.4475415120094564,-6.895320247332236,-2.1722924407978326,-0.1366410173934023
382.0,3.82,22.806937441430016,11.420807948385383,0.775968095895281,70.41294633235738,1.1453683747234644,2.35394095412836,29.299550146183183,72.08924347650546,2.452607890108561,-6.492612704753167,-1.67629714414808,-0.09866693598020104
383.0,3.83,23.265929706813868,11.514716471233575,0.61701455260575,70.78398458363316,0.988543858208475,2.2063193488092163,29.362999823632656,72.27805967956843,2.457674268207666,-6.097070116818788,-1.4940750959352727,-0.2513549193984499
384.0,3.84,23.894817978078112,10.495606407447791,0.17934674290032435,74.33332007197409,-0.3673700617106344,2.3275839777508938,29.426449501082125,72.46687588263138,2.462740646306771,-5.5316315230040125,1.866444189342701,-0.13515666855587716
385.0,3.85,36.77945945185818,1.2408262724937003,0.48555395511714017,75.18218158657977,-0.6784644335149694,2.5964441508247647,29.489899178531598,72.65569208569435,2.467807024405876,7.2895602733265825,2.5264895008854182,0.12863712641888858
386.0,3.86,35.268819925618395,1.202602952358304,0.012195106136129953,75.68789539846223,0.36476876455197776,2.6270395924716343,29.553348855981067,72.84450828875731,2.4728734025049808,5.715471069637328,2.8433871097049206,0.15416618996665354
387.0,3.87,33.47149363634761,-0.48854606577642945,-0.794174677837738,77.0443445170021,-0.35310655073799313,2.4320735185314635,29.616798533430536,73.03332449182028,2.477939780604086,3.8546951029170735,4.011020025181821,-0.045866262072622455
388.0,3.88,32.697942279450785,0.9001547046074363,-0.3021464382023147,71.55365448459857,0.6653735546445837,2.3827699500195605,29.68024821088001,73.22214069488324,2.4830061587031906,3.0176940685707763,-1.6684862102846694,-0.10023620868363015
389.0,3.89,32.395505557478224,-0.1879352222894278,-0.2786922385078945,72.62046307683448,1.6465031046420449,2.457484111193367,29.74369788832948,73.4109568979462,2.488072536802296,2.651807669148745,-0.7904938211117241,-0.030588425608928826
390.0,3.9,28.126252769050005,9.050696248062694,0.21929903155929445,71.9194401795657,0.5430994241228353,2.283287830632963,29.807147565778948,73.59977310100916,2.4931389149014005,-1.6808947967289427,-1.6803329214434655,-0.20985108426843757
391.0,3.91,23.19130845767357,8.783764244930902,0.7858228419957304,74.4820701748748,-0.4003983188158564,2.144013166363143,29.87059724322842,73.78858930407213,2.498205293000505,-6.679288785554849,0.6934808708026736,-0.3541921266373622
392.0,3.92,24.300942669862863,9.738964533717668,0.4912243757609742,74.74780641382144,0.32776467415368044,2.3174809824242515,29.93404692067789,73.97740550713509,2.5032716710996104,-5.633104250815027,0.7704009066863478,-0.18579068867535886
393.0,3.93,24.237605740758774,11.32936770823651,0.7458838563385731,74.72871669485498,-0.7247142752454668,2.6125072304354284,29.997496598127363,74.16622171019806,2.508338049198715,-5.759890857368589,0.5624949846569223,0.10416918123671337
394.0,3.94,36.37978213311536,0.9321792164592524,1.017215313664771,74.13836890859687,-0.4744624411491424,2.53805237886373,30.060946275576832,74.35503791326101,2.5134044272978198,6.318835857538531,-0.21666900466414063,0.024647951565910375
395.0,3.95,35.28934670033437,-0.9193162311824836,0.00409277462667756,76.82328723032738,-0.5779372703703193,2.4876895681063784,30.124395953026305,74.54385411632398,2.518470805396925,5.164950747308065,2.279433114003396,-0.030781237290546493
396.0,3.96,34.50395991061702,1.1578584382350874,-0.0713809382760001,72.25178212091981,0.8853349017310239,2.387809509191365,30.187845630475774,74.73267031938694,2.5235371834960296,4.316114280141246,-2.4808881984671274,-0.1357276743046647
397.0,3.97,33.749262465572805,-0.0681674760037464,-0.6906751737979036,74.30646000270528,1.928824078540863,2.6167343937802365,30.251295307925247,74.92148652244991,2.5286035615951348,3.497967157647558,-0.6150265197446316,0.08813083218510176
398.0,3.98,22.043116890578847,-0.554837498833221,0.4122139704080309,75.74258247798802,2.182471240601552,2.399019274438304,30.314744985374716,75.11030272551287,2.5336699396942395,-8.271628094795869,0.6322797524751564,-0.1346506652559354
399.0,3.99,23.53444690849017,9.724585728427694,0.6359043055267979,75.50008972023525,0.6506997512625837,2.2594907381307245,30.37819466282419,75.29911892857584,2.5387363177933446,-6.843747754334018,0.20097079165941523,-0.2792455796626201
400.0,4.0,24.50392081691489,8.711106610679781,0.40350686391870105,79.51652013212968,0.7160342839562108,2.3116956390718877,30.44164434027366,75.48793513163879,2.5438026958924493,-5.93772352335877,4.028585000490892,-0.23210705682056165
401.0,4.01,25.43267861684904,10.967551462109663,0.21603253939473072,77.32242707013609,1.20608392831273,2.358618747274974,30.505094017723128,75.67675133470175,2.548869073991554,-5.072415400874089,1.645675735434338,-0.19025032671658026
402.0,4.02,24.008201780281173,10.6912465373403,0.42550916398179,77.23500640699172,0.6251877785137204,2.4839166399500607,30.568543695172597,75.8655675377647,2.5539354520906588,-6.560341914891424,1.369438869227011,-0.07001881214059802
403.0,4.03,37.40447320286602,-0.36801516757983177,-0.0326112173037834,75.30275791851835,-0.3997704935710419,2.5838747782115172,30.631993372622073,76.05438374082769,2.559001830189764,6.772479830243949,-0.751625822309336,0.024872948021753327
404.0,4.04,35.95864089373379,1.30562352359115,-1.0349217253521823,73.33094095370654,1.058245868606754,2.72879901164967,30.695443050071543,76.24319994389064,2.564068208288869,5.263197843662244,-2.9122589901840996,0.16473080336080104
405.0,4.05,35.40342641953188,1.5409794959639338,-0.5101131489024537,72.73186083303581,1.091756590170267,2.627295579691888,30.758892727521012,76.4320161469536,2.5691345863879738,4.644533692010871,-3.70015531391779,0.05816099330391422
406.0,4.06,34.06281028242528,1.0607565189481314,0.28787175332424264,74.96681236494844,1.3861132751993672,2.4903821522447736,30.82234240497048,76.62083235001656,2.5742009644870785,3.240467877454801,-1.6540199850681176,-0.08381881224230492
407.0,4.07,26.01266741652375,-2.2933123362970558,0.6785873994367545,79.4260653071054,1.8212493995239585,2.238890706505056,30.885792082419957,76.80964855307954,2.5792673425861836,-4.873124665896206,2.616416754025863,-0.3403766360811278
408.0,4.08,24.698886055858825,10.529413185432363,0.6388578324852707,78.60330239660179,0.687972703977952,2.1545475747359535,30.949241759869427,76.9984647561425,2.5843337206852883,-6.250355704010602,1.6048376404592943,-0.42978614594933484
409.0,4.09,24.81388776272554,10.607497558811406,0.41130001725721826,81.03746174662051,0.9207291756898844,2.3768645711452234,31.012691437318896,77.18728095920545,2.589400098784393,-6.198803674593357,3.8501807874150558,-0.2125355276391696
410.0,4.1,25.461169660594734,11.807059931917882,0.46199496624373965,78.69162879901393,0.3716351279685182,2.6257119040179173,31.076141114768365,77.37609716226841,2.594466476883498,-5.614971454173631,1.3155316367455185,0.031245427134419135
411.0,4.11,24.760209845444503,12.042053859473128,1.1528824470406447,78.63587697481138,0.3681466450582409,2.7141925164075773,31.139590792217838,77.56491336533139,2.5995328549826033,-6.379380946773335,1.070963609479989,0.11465966142497397
412.0,4.12,36.94536371255073,1.773105410889048,0.8841423912209788,76.29778039919377,0.47586476755128176,2.583339803103808,31.203040469667307,77.75372956839435,2.604599233081708,5.7423232428834226,-1.4559491692005793,-0.02125942997790009
413.0,4.13,37.489546612402656,2.410995305696227,-0.16089975373999346,74.52025050721211,0.9750681687727597,2.7757996288264226,31.26649014711678,77.9425457714573,2.6096656111808127,6.223056465285875,-3.422295264245193,0.16613401764560987
414.0,4.14,35.28445253876766,1.5280986197309172,-0.028932028047603614,75.57830780837655,1.170229520303115,2.9763067189954353,31.32993982456625,78.13136197452026,2.6147319892799175,3.9545127142014103,-2.55305416614371,0.36157472971551785
415.0,4.15,33.756663004915275,1.8718655283259864,0.9543505284223376,76.22090297341536,1.3382430509849907,2.6043535631476877,31.393389502015722,78.32017817758324,2.6197983673790226,2.3632735028995526,-2.0992752041678813,-0.015444804231334874
416.0,4.16,23.403023848781004,-0.0008284125827368038,0.7776851575872915,77.78272928841109,0.7134704774762954,2.2832791276367326,31.45683917946519,78.5089943806462,2.6248647454781273,-8.053815330684188,-0.7262650922351099,-0.34158561784139474
417.0,4.17,24.28799871562105,-0.48468110221183835,0.13408440414302858,84.22392421089222,0.7453414095289842,2.2340609075978755,31.52028885691466,78.69781058370916,2.6299311235772325,-7.2322901412936105,5.526113627183065,-0.395870215979357
418.0,4.18,25.82226932849602,12.593380503140452,0.06836921853792698,83.0742428025596,0.7910886100486536,2.4375423576109876,31.58373853436413,78.88662678677211,2.634997501676337,-5.76146920586811,4.1876160157874835,-0.19745514406534959
419.0,4.19,26.0794706942295,12.224938915762262,-0.055689273833911465,82.17712981857053,0.05727511676173936,2.5476579244734947,31.647188211813607,79.07544298983508,2.6400638797754423,-5.567717517584107,3.1016868287354527,-0.09240595530194762
420.0,4.2,25.765737954943887,11.087368216145391,0.6705609359418587,80.14316657217562,0.831456610280571,2.692053745058003,31.710637889263076,79.26425919289805,2.645130257874547,-5.944899934319189,0.8789073792775639,0.04692348718345585
421.0,4.21,25.283081161471884,11.581438322602368,0.2369657669005044,78.73628512373507,1.6863582595457038,2.7054450029152,31.774087566712545,79.45307539596101,2.6501966359736517,-6.491006405240661,-0.7167902722259356,0.055248366941548444
422.0,4.22,37.923563857525934,1.1504020762463727,-0.4344529470202043,77.31864041334815,1.6627768687676918,2.684445496220301,31.837537244162014,79.64189159902396,2.6552630140727564,6.08602661336392,-2.323251185675815,0.029182482147544597
423.0,4.23,37.95897889083087,1.4554356313338903,-1.1512420249708464,76.43955258206034,2.119905218547297,2.7191723723747394,31.90098692161149,79.83070780208693,2.660329392171862,6.05799196921938,-3.39115522002659,0.05884298020287737
424.0,4.24,35.644434947229826,1.5666908990868773,0.11450102243387689,77.07040049727728,1.3473943884434598,2.4264950289485987,31.96443659906096,80.0195240051499,2.6653957702709667,3.6799983481688656,-2.9491235078726277,-0.23890074132236805
425.0,4.25,35.74007022476144,0.038621532551343714,-0.18379708007340892,79.7080624889531,0.6705827030170404,2.4194575031826364,32.02788627651043,80.20834020821286,2.6704621483700715,3.7121839482510097,-0.5002777192597563,-0.25100464518743504
426.0,4.26,24.148950235639855,-1.4511141450277278,0.5473004988810669,84.44914105566238,0.16162402648831672,2.1818464809740012,32.0913359539599,80.39715641127582,2.675528526469176,-7.942385718320043,4.051984644386565,-0.4936820454951749
427.0,4.27,24.764095767216595,-1.2575400656541063,1.0231061879112624,84.53407021899434,-0.16370936329393782,1.9731866569168006,32.15478563140937,80.58597261433877,2.680594904568281,-7.3906898641927725,3.9480976046555725,-0.7074082476514802
428.0,4.28,27.120618808030343,11.96937345971296,0.7582911791230333,83.07381010953573,-0.7238858416320071,2.109484794911664,32.218235308858844,80.77478881740174,2.685661282667386,-5.097616500828501,2.299021292133986,-0.5761764877557218
429.0,4.29,27.531029503412203,11.31754641992094,1.0186727771617432,83.56947082792098,0.0268787862047981,2.247990232561265,32.28168498630831,80.96360502046471,2.6907276607664907,-4.750655482896111,2.6058658074562686,-0.44273742820522566
430.0,4.3,26.06304201987254,10.005533117798823,1.0698368423126339,83.6808854253769,-0.5118940625093115,2.5553098361648225,32.34513466375778,81.15242122352767,2.695794038865596,-6.2820926438852425,2.528464201849232,-0.14048420270077333
431.0,4.31,25.867008217720215,12.789796432419386,1.2026104540068303,79.53500212084454,0.41958366451689977,2.7109366479844326,32.40858434120725,81.34123742659062,2.7008604169647006,-6.541576123487037,-1.8062353057460854,0.010076231019731985
432.0,4.32,39.77736587707923,1.1569314681137859,0.5783816261079481,78.23576819156456,0.4637072903061895,3.0227971707170243,32.47203401865673,81.5300536296536,2.7059267950638057,7.305331858422498,-3.294285438089034,0.3168703756532185
433.0,4.33,39.107081626832006,1.6101721813560312,-1.243186036686662,78.53192895313275,0.9674771878651268,3.215242898580728,32.5354836961062,81.71886983271656,2.7109931731629104,6.571597930725808,-3.1869408795838154,0.5042497254178175
434.0,4.34,37.700102845798696,1.1536483786484357,-0.20649413771767744,78.80934529108339,1.0363590067821504,2.795799029617094,32.59893337355567,81.90768603577952,2.716059551262015,5.101169472243029,-3.098340744696131,0.07973947835507866
435.0,4.35,37.24991091283245,-1.0126773224097174,-0.003529488654376214,83.93027412889006,0.8423094432848417,2.6143910684457965,32.662383051005136,82.09650223884248,2.72112592936112,4.587527861827311,1.8337718900475863,-0.10673486091532336
436.0,4.36,25.202761289200073,-1.9680495797873019,0.617795480224292,84.81061228803141,1.0389614017982238,2.2644364868496827,32.72583272845461,82.28531844190545,2.7261923074602255,-7.52307143925454,2.5252938461259617,-0.46175582061054277
437.0,4.37,25.988326447279405,-1.3877357540139001,0.8716799151608514,85.07892993408424,0.6874430342508088,2.09027384612633,32.78928240590408,82.47413464496842,2.73125868555933,-6.800955958624677,2.6047952891158275,-0.640984839433
438.0,4.38,27.610803968897134,10.946789914924087,0.8343595437995355,84.57114011088946,0.12681857629313134,2.187037240288965,32.85273208335355,82.66295084803137,2.736325063658435,-5.241928114456417,1.9081892628580874,-0.54928782336947
439.0,4.39,28.104692331076002,13.029008903635185,0.7145983317430993,84.71084472540663,0.057315136034060576,2.308051998856647,32.91618176080302,82.85176705109433,2.7413914417575396,-4.811489429727018,1.859077674312303,-0.43333944290089255
440.0,4.4,26.683761019974316,13.147797884125158,0.5292626852778433,80.6612434163027,1.0732041527916085,2.257511258198052,32.9796314382525,83.0405832541573,2.7464578198566447,-6.295870418278181,-2.3793398378546016,-0.48894656165859285
441.0,4.41,26.648868091230906,13.506633642729216,0.47360128488019154,84.51878828594216,0.9392587422321655,2.3870238641104367,33.043081115701966,83.22939945722025,2.7515241979557494,-6.39421302447106,1.2893888287219113,-0.3645003338453128
442.0,4.42,26.216629097695925,14.127086456856738,0.2810548677225162,81.49857525539227,1.7547900455615886,2.6531178878058395,33.106530793151435,83.41821566028322,2.7565905760548546,-6.88990169545551,-1.9196404048909557,-0.10347268824901512
443.0,4.43,40.2162395806633,3.308210749240142,-0.6023748418372429,82.96704181962085,1.769720479162389,2.7547678482876066,33.169980470600905,83.60703186334618,2.7616569541539593,7.046259110062394,-0.6399900437253336,-0.006889105866352718
444.0,4.44,38.46463155835347,2.319474094302389,-0.9929925932935683,82.5064453414286,1.4836324206807865,2.7939683503316237,33.23343014805038,83.79584806640915,2.7667233322530644,5.231201410303086,-1.2894027249805475,0.02724501807855928
445.0,4.45,38.15773955736394,0.693407212101375,0.22513272183904753,85.93937148094318,1.2008523830415294,2.7010964472281795,33.29687982549985,83.9846642694721,2.771789710352169,4.860859731864089,1.9547072114710744,-0.0706932631239896
446.0,4.46,39.16749426168255,-1.2151276023100988,-0.44755310716205776,88.24693360008031,0.8068872420841093,2.5923855314052138,33.36032950294932,84.17348047253508,2.776856088451274,5.807164758733229,4.0734531275452355,-0.18447055704606008
447.0,4.47,25.452539578515847,-1.26732755945461,0.024905649657111825,86.64305703963943,1.37303554647713,2.622275449318498,33.42377918039879,84.36229667559803,2.7819224665503786,-7.971239601882942,2.2807603640413987,-0.15964701723188046
448.0,4.48,26.85020547977896,-0.3151446355366663,0.09649063051933701,84.06487349513311,0.45911999575535933,2.5197100128012058,33.487228857848265,84.551112878661,2.7869888446494837,-6.637023378069305,-0.486239383527888,-0.26727883184827794
449.0,4.49,27.576401393862167,12.223290180744442,0.8619486362133757,87.54164126768137,0.4021738570073659,2.4167011369952394,33.550678535297735,84.73992908172396,2.792055222748589,-5.974277141435568,2.8017121859574132,-0.3753540857533495
450.0,4.5,27.37453063500474,9.594144460098828,0.1494695000583265,87.93758965372307,-0.049657908280988435,2.4272983527827483,33.614128212747204,84.92874528478693,2.7971216008476936,-6.239597577742465,3.0088443689361384,-0.36982324806494526
451.0,4.51,26.710462064045377,12.758849460609696,0.010535316041510142,83.44099914080604,1.1251243243952054,2.6234713075790266,33.67757789019667,85.11756148784988,2.8021879789467983,-6.967115826151296,-1.6765623470438413,-0.1787166713677717
452.0,4.52,26.025778853037718,12.958271422892869,0.21221038306220558,82.47286486314931,1.565497919465534,2.653539617303773,33.74102756764614,85.30637769091284,2.807254357045903,-7.715248714608425,-2.8335128277635278,-0.15371473974213012
453.0,4.53,25.512861331040043,12.917100565418433,0.6069643133443244,82.34025153603173,1.038841296667826,2.9388871846898215,33.80447724509562,85.49519389397581,2.812320735145008,-8.291615914055576,-3.15494235794408,0.12656644954481333
454.0,4.54,25.639187177477503,13.587952824139597,0.6582232955941417,87.7135552526101,1.3825659928891953,2.9953952261264116,33.86792692254509,85.68401009703877,2.817387113244113,-8.228739745067585,2.0295451555713413,0.17800811288229879
455.0,4.55,38.97896863369864,1.4160105088224564,-0.30107098821284783,88.58168353840928,0.3993421064257665,3.2381964141570476,33.93137659999456,85.87282630010174,2.822453491343218,5.047592033704085,2.7088572383075444,0.41574292281382963
456.0,4.56,40.9572461614949,-0.8316034851858589,0.4988454174652128,90.59533528727403,-0.18141723920618405,2.839669963028875,33.99482627744403,86.06164250316469,2.8275198694423227,6.962419884050874,4.533692784109334,0.01215009358655239
457.0,4.57,40.206523656588935,-1.1775771469649312,0.7965628712354728,91.20848940072483,-0.6202540574501971,2.5049381556994548,34.0582759548935,86.25045870622766,2.832586247541428,6.148247701695432,4.958030694497168,-0.3276480918419731
458.0,4.58,26.946338920167406,-2.1672924974519256,1.2133860344843883,89.88022970923763,0.8640465075736057,2.540051653763993,34.12172563234297,86.43927490929062,2.8376526256405326,-7.175386712175566,3.440954799947008,-0.2976009718765398
459.0,4.59,28.012896740595885,0.22305054026769164,1.8671123847137947,89.60592615945583,0.9626424641711965,2.688552506455099,34.18517530979244,86.62809111235359,2.8427190037396373,-6.172278569196557,2.9778350471022463,-0.15416649728453846
460.0,4.6,28.28518469224831,-0.46163428159403586,1.0406390275373767,88.51120046578663,1.480014496015797,2.622827156295314,34.24862498724191,86.81690731541654,2.847785381838742,-5.9634402949936,1.6942931503700862,-0.22495822554342793
461.0,4.61,27.920064210676376,11.44520113600747,0.7962025863111684,82.5941317962019,2.2140119657005055,2.5630370908479465,34.31207466469138,87.00572351847951,2.852851759937847,-6.392010454015004,-4.411591722277606,-0.2898146690899006
462.0,4.62,28.39650696645688,12.43672823692828,0.6908466959626762,81.99545606040533,2.3765571400594525,2.6104070805054804,34.37552434214085,87.19453972154247,2.8579181380369523,-5.97901737568397,-5.199083661137138,-0.24751105753147185
463.0,4.63,31.436686547901715,14.459868612303229,0.8783381569868207,84.21407114063098,2.4297255340284374,2.4033105629109013,34.438974019590326,87.38335592460543,2.862984516136057,-3.0022874716886108,-3.1692847839744474,-0.4596739532251557
464.0,4.64,28.12337092496855,14.493916459258973,0.8968259780997895,83.59895993431587,2.420264026023474,2.4902202610789983,34.502423697039795,87.5721721276684,2.8680508942351617,-6.379052772071244,-3.9732121933525235,-0.3778306331561634
465.0,4.65,27.449884518918,14.193858768193904,0.10652220093448814,86.41603778554109,1.4091585511135167,2.6343446407076194,34.565873374489264,87.76098833073137,2.873117272334267,-7.115988855571263,-1.3449505451902724,-0.2387726316266474
466.0,4.66,26.30855820124752,13.767413460024224,0.48681226391245724,89.58599724613858,1.6549450218306379,2.7852799438348383,34.629323051938734,87.94980453379432,2.8781836504333715,-8.320764850691212,1.6361927123442541,-0.0929037065985332
467.0,4.67,40.64300901658229,1.7460130881208573,-0.885109632964917,91.97100300189713,0.1387522377689716,2.893190489379048,34.6927727293882,88.13862073685728,2.8832500285324763,5.9502362871940875,3.832382265039854,0.009940460846571852
468.0,4.68,41.58643325306362,-0.24172435754690666,-0.12827366712477667,92.94723436531046,-0.9835164251411593,2.6716199364572653,34.75622240683767,88.32743693992025,2.8883164066315814,6.830210846225945,4.619797425390217,-0.21669647017431615
469.0,4.69,25.7593783410335,0.4307964180074425,0.7823287333169914,91.51027545152789,0.1642491185883504,2.43593471757329,34.81967208428715,88.51625314298322,2.8933827847306866,-9.060293743253649,2.9940223085446718,-0.4574480671573964
470.0,4.7,26.689645604631863,0.5977626210470616,0.669522892562693,91.20878303432448,0.2395768592383208,2.5938327862429715,34.88312176173662,88.70506934604617,2.8984491628297913,-8.193476157104755,2.50371368827831,-0.3046163765868197
471.0,4.71,27.05790971573114,1.3510641940293606,0.8128566739479749,90.75877277729339,0.4701949349944306,2.6561296349175896,34.94657143918609,88.89388554910913,2.903515540928896,-7.888661723454948,1.8648872281842586,-0.2473859060113064
472.0,4.72,25.933787708944017,-0.7121437586354945,1.0200991000993596,90.67907815405013,0.6229272639235396,2.65607602283132,35.010021116635556,89.0827017521721,2.9085819190280007,-9.07623340769154,1.5963764018780324,-0.2525058961966806
473.0,4.73,26.515814900999686,13.197423888580198,0.8756423622309797,85.35942131079277,1.6533269291493111,2.4934601270560544,35.07347079408503,89.27151795523507,2.913648297127106,-8.557655893085347,-3.9120966444423004,-0.42018817007105147
474.0,4.74,27.609730255456448,11.713096562702088,1.585350459050098,72.77188184983527,2.0945126550524176,2.785730038073469,35.1369204715345,89.46033415829802,2.9187146752262105,-7.527190216078054,-16.688452308462757,-0.13298463715274167
475.0,4.75,28.004480867389617,14.509268209916396,1.2482793080378927,85.95192200843728,1.3654664017077915,3.008750972775331,35.20037014898397,89.64915036136098,2.9237810533253157,-7.195889281594354,-3.6972283529237018,0.08496991945001531
476.0,4.76,28.37009204794404,13.746266967882027,0.9024944864293554,85.66735721897142,1.8874528199625653,3.164420371902363,35.26381982643344,89.83796656442394,2.9288474314244204,-6.893727778489399,-4.170609345452519,0.23557294047794253
477.0,4.77,27.50620105000546,13.48666098340149,0.7404263528417654,90.51986047587528,0.9307728325085257,3.1028401217635153,35.32726950388291,90.0267827674869,2.933913809523525,-7.8210684538774515,0.49307770838836973,0.16892631223999022
478.0,4.78,26.5241986764634,13.155636487267826,0.5583398115761565,92.39109629130793,0.7645993372250756,3.3120259985805895,35.390719181332386,90.21559897054988,2.9389801876226302,-8.866520504868987,2.175497320758055,0.3730458109579593
479.0,4.79,42.4871912380066,0.8966621509907529,0.11433892561053834,94.40396345676099,0.11971858843831967,3.399832317881866,35.454168858781856,90.40441517361283,2.944046565721735,7.033022379224747,3.999548283148158,0.4557857521601312
480.0,4.8,42.82313491088064,-2.1118596818132063,0.05692005031909756,92.69919288870568,-0.8936239143536151,2.904074099595869,35.517618536231325,90.59323137667579,2.9491129438208397,7.305516374649315,2.105961512029893,-0.04503884422497073
481.0,4.81,43.05021287850387,-1.704581472356765,0.7355522610078682,92.31498139690765,-0.7967430729184029,2.857383089820175,35.581068213680794,90.78204757973876,2.954179321919945,7.469144664823077,1.532933817168896,-0.09679623209976995
482.0,4.82,28.173347655129447,0.3421755936284958,1.3328000000671127,94.76404110113923,-0.8593933250864303,2.844415400382734,35.64451789113027,90.97086378280173,2.95924570001905,-7.471170236000823,3.7931773183374986,-0.11483029963631575
483.0,4.83,28.115816829714497,-0.653727485526181,1.1377681633396597,96.38631717647313,0.510765833469728,2.754909302526553,35.70796756857974,91.15967998586468,2.9643120781181547,-7.592150738865243,5.226637190608443,-0.20940277559160148
484.0,4.84,27.356541507176072,-0.13441906699157372,1.1502685947528184,89.45724636879405,0.8534106105603975,2.5697609728237416,35.77141724602921,91.34849618892764,2.9693784562172594,-8.414875738853137,-1.891249820133595,-0.39961748339351777
485.0,4.85,29.480080939614286,13.161910645101578,0.80289514421199,88.58683458095972,0.914475113698848,2.4025822338404628,35.83486692347868,91.5373123919906,2.974444834316364,-6.354785983864392,-2.950477811030879,-0.5718626004759013
486.0,4.86,29.161376373120763,12.454205770826015,1.4381210037155798,90.00132861416222,2.4491622221556524,2.5690597233545267,35.898316600928155,91.72612859505358,2.9795112124154692,-6.736940227807391,-1.7247999808913619,-0.41045148906094253
487.0,4.87,29.775498617268635,11.52892690593551,1.572166295736808,76.93426923306056,2.7239901366523225,2.69091055053364,35.961766278377624,91.91494479811654,2.984577590514574,-6.186267661108989,-14.980675565055975,-0.2936670399809338
488.0,4.88,29.995423557306403,12.23484573764746,1.4553492323232489,77.0595388817733,2.4756390527020806,2.83053258977249,36.02521595582709,92.10376100117949,2.989643968613679,-6.029792398520691,-15.044222119406186,-0.1591113788411893
489.0,4.89,29.374900920837018,13.326567872850537,1.7334566972460324,93.49068372599471,2.1609435000345774,2.704916329675199,36.08866563327656,92.29257720424245,2.994710346712784,-6.713764712439545,1.1981065217522655,-0.2897940170375848
490.0,4.9,28.48457574978056,14.610153457918026,0.531140946007408,97.10794002785704,2.3199367577327985,2.7158429176335064,36.15211531072604,92.48139340730543,2.999776724811889,-7.667539560945478,4.626546620551608,-0.28393380717838257
491.0,4.91,28.45784922023757,13.81330322533241,0.17492577850566512,95.51697879331527,1.491443356718837,2.658548245352912,36.21556498817551,92.67020961036839,3.0048431029109937,-7.757715767937938,2.846769182946886,-0.34629485755808176
492.0,4.92,44.525696220748394,-0.8968251265773214,-1.6805155745209976,97.8822267438884,0.26127361826665024,2.536013147737133,36.27901466562498,92.85902581343134,3.0099094810100984,8.246681555123416,5.023200930457051,-0.47389633327296554
493.0,4.93,43.467141356428044,-0.3927500220165652,-0.8751213418638532,100.43198565700581,0.762366845755159,2.479176465059118,36.34246434307445,93.0478420164943,3.014975859109203,7.1246770133535975,7.38414364051151,-0.5357993940500849
494.0,4.94,43.32656685787781,-0.14279320967327794,-0.17167704803871514,97.85826876802575,-0.7383106635632216,2.6384575265730277,36.40591402052392,93.23665821955728,3.0200422372083087,6.9206528373538845,4.6216105484684675,-0.381584710635281
495.0,4.95,27.825494613107878,-0.18757194507475342,0.8563735123633365,97.13123572611494,-1.0318504341536994,2.622677646883978,36.46936369797339,93.42547442262024,3.0251086153074134,-8.643869084865514,3.705761303494697,-0.4024309684234355
496.0,4.96,27.24003878882782,-0.8255263713585403,0.0548550334040558,91.67653796306202,0.17082905673492993,2.507197355963324,36.53281337542286,93.6142906256832,3.030174993406518,-9.29277458659504,-1.937752662621179,-0.5229776374431943
497.0,4.97,27.021536848196025,1.0968279047075498,-0.3542683062073988,89.89374827922323,1.1865436365691688,2.69133122065065,36.59626305287233,93.80310682874615,3.035241371505623,-9.574726204676306,-3.9093585495229206,-0.3439101508549727
498.0,4.98,26.31919799666786,1.8142290015176736,0.2081756710176969,90.18117992388235,1.7156738059414685,2.6148041905649713,36.65971273032181,93.99192303180914,3.040307749604728,-10.340514733653947,-3.8107431079267826,-0.4255035590397567
499.0,4.99,28.29724228910997,13.165777187311596,0.020828025861989955,89.4075992693785,2.085290478358031,2.6506585352805994,36.72316240777128,94.18073923487209,3.0453741277038326,-8.425920118661306,-4.773139965493598,-0.3947155924232333
500.0,5.0,28.849979065028986,13.350875911515645,1.103869393822785,91.89478309062862,2.5897233923375316,2.6960717834356616,36.786612085220746,94.36955543793505,3.050440505802938,-7.93663302019176,-2.474772347306427,-0.35436872236727623
